
*** Running vivado
    with args -log bd_in_system_ibert_0_0.vds -m64 -product Vivado -mode batch -messageDb vivado.pb -notrace -source bd_in_system_ibert_0_0.tcl


****** Vivado v2025.2.1 (64-bit)
  **** SW Build 6403652 on Thu Mar 19 13:47:00 MDT 2026
  **** IP Build 6403511 on Thu Mar 19 12:41:45 MDT 2026
  **** SharedData Build 6403650 on Thu Mar 19 14:02:13 MDT 2026
  **** Start of session at: Mon Jun 29 23:05:59 2026
    ** Copyright 1986-2022 Xilinx, Inc. All Rights Reserved.
    ** Copyright 2022-2026 Advanced Micro Devices, Inc. All Rights Reserved.

source bd_in_system_ibert_0_0.tcl -notrace
Command: synth_design -top bd_in_system_ibert_0_0 -part xcau15p-ffvb676-2-i -incremental_mode off -mode out_of_context
Starting synth_design
Attempting to get a license for feature 'Synthesis' and/or device 'xcau15p'
INFO: [Common 17-349] Got license for feature 'Synthesis' and/or device 'xcau15p'
INFO: [Device 21-403] Loading part xcau15p-ffvb676-2-i
INFO: [Synth 8-7079] Multithreading enabled for synth_design using a maximum of 7 processes.
INFO: [Synth 8-7078] Launching helper process for spawning children vivado processes
INFO: [Synth 8-7075] Helper process launched with PID 127383
---------------------------------------------------------------------------------
Starting RTL Elaboration : Time (s): cpu = 00:00:06 ; elapsed = 00:00:08 . Memory (MB): peak = 2453.555 ; gain = 459.688 ; free physical = 520 ; free virtual = 30801
---------------------------------------------------------------------------------
INFO: [Synth 8-6157] synthesizing module 'bd_in_system_ibert_0_0' [/home/russell/ultrasound/fpga/us/us.gen/sources_1/bd/bd/ip/bd_in_system_ibert_0_0/synth/bd_in_system_ibert_0_0.v:52]
INFO: [Synth 8-638] synthesizing module 'lmb_v10' [/home/russell/ultrasound/fpga/us/us.gen/sources_1/bd/bd/ipshared/bf63/pcores/lmb_v10_v3_0/hdl/vhdl/lmb_v10.vhd:139]
INFO: [Synth 8-3491] module 'FDS' declared at '/home/russell/Xilinx/2025.2.1/Vivado/scripts/rt/data/unisim_comp.v:49519' bound to instance 'POR_FF_I' of component 'FDS' [/home/russell/ultrasound/fpga/us/us.gen/sources_1/bd/bd/ipshared/bf63/pcores/lmb_v10_v3_0/hdl/vhdl/lmb_v10.vhd:168]
INFO: [Synth 8-6157] synthesizing module 'FDS' [/home/russell/Xilinx/2025.2.1/Vivado/scripts/rt/data/unisim_comp.v:49519]
INFO: [Synth 8-6155] done synthesizing module 'FDS' (0#1) [/home/russell/Xilinx/2025.2.1/Vivado/scripts/rt/data/unisim_comp.v:49519]
INFO: [Synth 8-256] done synthesizing module 'lmb_v10' (0#1) [/home/russell/ultrasound/fpga/us/us.gen/sources_1/bd/bd/ipshared/bf63/pcores/lmb_v10_v3_0/hdl/vhdl/lmb_v10.vhd:139]
INFO: [Synth 8-638] synthesizing module 'lmb_v10__parameterized1' [/home/russell/ultrasound/fpga/us/us.gen/sources_1/bd/bd/ipshared/bf63/pcores/lmb_v10_v3_0/hdl/vhdl/lmb_v10.vhd:139]
INFO: [Synth 8-3491] module 'FDS' declared at '/home/russell/Xilinx/2025.2.1/Vivado/scripts/rt/data/unisim_comp.v:49519' bound to instance 'POR_FF_I' of component 'FDS' [/home/russell/ultrasound/fpga/us/us.gen/sources_1/bd/bd/ipshared/bf63/pcores/lmb_v10_v3_0/hdl/vhdl/lmb_v10.vhd:168]
INFO: [Synth 8-256] done synthesizing module 'lmb_v10__parameterized1' (0#1) [/home/russell/ultrasound/fpga/us/us.gen/sources_1/bd/bd/ipshared/bf63/pcores/lmb_v10_v3_0/hdl/vhdl/lmb_v10.vhd:139]
INFO: [Synth 8-638] synthesizing module 'lmb_bram_if_cntlr' [/home/russell/ultrasound/fpga/us/us.gen/sources_1/bd/bd/ipshared/bf63/pcores/lmb_bram_if_cntlr_v4_0/hdl/vhdl/lmb_bram_if_cntlr.vhd:214]
	Parameter C_BASEADDR bound to: 64'b0000000000000000000000000000000000000000000000000000000000000000 
	Parameter C_MASK bound to: 64'b0000000000000000000000000000000010000000000000000000000000000000 
	Parameter C_MASK1 bound to: 64'b0000000000000000000000000000000000000000100000000000000000000000 
	Parameter C_MASK2 bound to: 64'b0000000000000000000000000000000000000000100000000000000000000000 
	Parameter C_MASK3 bound to: 64'b0000000000000000000000000000000000000000100000000000000000000000 
	Parameter C_LMB_AWIDTH bound to: 32 - type: integer 
	Parameter C_LMB_DWIDTH bound to: 32 - type: integer 
	Parameter C_NUM_LMB bound to: 1 - type: integer 
INFO: [Synth 8-3491] module 'lmb_mux' declared at '/home/russell/ultrasound/fpga/us/us.gen/sources_1/bd/bd/ipshared/bf63/pcores/lmb_bram_if_cntlr_v4_0/hdl/vhdl/lmb_mux.vhd:87' bound to instance 'lmb_mux_I' of component 'lmb_mux' [/home/russell/ultrasound/fpga/us/us.gen/sources_1/bd/bd/ipshared/bf63/pcores/lmb_bram_if_cntlr_v4_0/hdl/vhdl/lmb_bram_if_cntlr.vhd:426]
INFO: [Synth 8-638] synthesizing module 'lmb_mux' [/home/russell/ultrasound/fpga/us/us.gen/sources_1/bd/bd/ipshared/bf63/pcores/lmb_bram_if_cntlr_v4_0/hdl/vhdl/lmb_mux.vhd:169]
	Parameter C_AW bound to: 32 - type: integer 
	Parameter C_BAR bound to: 64'b0000000000000000000000000000000000000000000000000000000000000000 
	Parameter C_MASK bound to: 64'b0000000000000000000000000000000010000000000000000000000000000000 
INFO: [Synth 8-3491] module 'pselect_mask' declared at '/home/russell/ultrasound/fpga/us/us.gen/sources_1/bd/bd/ipshared/bf63/pcores/lmb_bram_if_cntlr_v4_0/hdl/vhdl/pselect_mask.vhd:86' bound to instance 'pselect_mask_lmb' of component 'pselect_mask' [/home/russell/ultrasound/fpga/us/us.gen/sources_1/bd/bd/ipshared/bf63/pcores/lmb_bram_if_cntlr_v4_0/hdl/vhdl/lmb_mux.vhd:221]
INFO: [Synth 8-638] synthesizing module 'lmb_bram_if_cntlr_v4_0_pselect_mask' [/home/russell/ultrasound/fpga/us/us.gen/sources_1/bd/bd/ipshared/bf63/pcores/lmb_bram_if_cntlr_v4_0/hdl/vhdl/pselect_mask.vhd:101]
INFO: [Synth 8-256] done synthesizing module 'lmb_bram_if_cntlr_v4_0_pselect_mask' (0#1) [/home/russell/ultrasound/fpga/us/us.gen/sources_1/bd/bd/ipshared/bf63/pcores/lmb_bram_if_cntlr_v4_0/hdl/vhdl/pselect_mask.vhd:101]
INFO: [Synth 8-256] done synthesizing module 'lmb_mux' (0#1) [/home/russell/ultrasound/fpga/us/us.gen/sources_1/bd/bd/ipshared/bf63/pcores/lmb_bram_if_cntlr_v4_0/hdl/vhdl/lmb_mux.vhd:169]
INFO: [Synth 8-256] done synthesizing module 'lmb_bram_if_cntlr' (0#1) [/home/russell/ultrasound/fpga/us/us.gen/sources_1/bd/bd/ipshared/bf63/pcores/lmb_bram_if_cntlr_v4_0/hdl/vhdl/lmb_bram_if_cntlr.vhd:214]
INFO: [Synth 8-638] synthesizing module 'lmb_bram_if_cntlr__parameterized1' [/home/russell/ultrasound/fpga/us/us.gen/sources_1/bd/bd/ipshared/bf63/pcores/lmb_bram_if_cntlr_v4_0/hdl/vhdl/lmb_bram_if_cntlr.vhd:214]
	Parameter C_BASEADDR bound to: 64'b0000000000000000000000000000000000000000000000000000000000000000 
	Parameter C_MASK bound to: 64'b0000000000000000000000000000000010000000000000000000000000000000 
	Parameter C_MASK1 bound to: 64'b0000000000000000000000000000000000000000100000000000000000000000 
	Parameter C_MASK2 bound to: 64'b0000000000000000000000000000000000000000100000000000000000000000 
	Parameter C_MASK3 bound to: 64'b0000000000000000000000000000000000000000100000000000000000000000 
	Parameter C_LMB_AWIDTH bound to: 32 - type: integer 
	Parameter C_LMB_DWIDTH bound to: 32 - type: integer 
	Parameter C_NUM_LMB bound to: 1 - type: integer 
INFO: [Synth 8-3491] module 'lmb_mux' declared at '/home/russell/ultrasound/fpga/us/us.gen/sources_1/bd/bd/ipshared/bf63/pcores/lmb_bram_if_cntlr_v4_0/hdl/vhdl/lmb_mux.vhd:87' bound to instance 'lmb_mux_I' of component 'lmb_mux' [/home/russell/ultrasound/fpga/us/us.gen/sources_1/bd/bd/ipshared/bf63/pcores/lmb_bram_if_cntlr_v4_0/hdl/vhdl/lmb_bram_if_cntlr.vhd:426]
INFO: [Synth 8-256] done synthesizing module 'lmb_bram_if_cntlr__parameterized1' (0#1) [/home/russell/ultrasound/fpga/us/us.gen/sources_1/bd/bd/ipshared/bf63/pcores/lmb_bram_if_cntlr_v4_0/hdl/vhdl/lmb_bram_if_cntlr.vhd:214]
INFO: [Synth 8-638] synthesizing module 'iomodule' [/home/russell/ultrasound/fpga/us/us.gen/sources_1/bd/bd/ipshared/bf63/pcores/iomodule_v3_0/hdl/vhdl/iomodule.vhd:285]
	Parameter C_AW bound to: 32 - type: integer 
	Parameter C_BAR bound to: 64'b0000000000000000000000000000000010000000000000000000000000000000 
	Parameter C_MASK bound to: 64'b0000000000000000000000000000000011000000000000000000000000000000 
INFO: [Synth 8-3491] module 'pselect_mask' declared at '/home/russell/ultrasound/fpga/us/us.gen/sources_1/bd/bd/ipshared/bf63/pcores/iomodule_v3_0/hdl/vhdl/pselect_mask.vhd:86' bound to instance 'pselect_mask_reg' of component 'pselect_mask' [/home/russell/ultrasound/fpga/us/us.gen/sources_1/bd/bd/ipshared/bf63/pcores/iomodule_v3_0/hdl/vhdl/iomodule.vhd:596]
INFO: [Synth 8-638] synthesizing module 'iomodule_v3_0_pselect_mask' [/home/russell/ultrasound/fpga/us/us.gen/sources_1/bd/bd/ipshared/bf63/pcores/iomodule_v3_0/hdl/vhdl/pselect_mask.vhd:101]
INFO: [Synth 8-256] done synthesizing module 'iomodule_v3_0_pselect_mask' (0#1) [/home/russell/ultrasound/fpga/us/us.gen/sources_1/bd/bd/ipshared/bf63/pcores/iomodule_v3_0/hdl/vhdl/pselect_mask.vhd:101]
	Parameter C_AW bound to: 32 - type: integer 
	Parameter C_BAR bound to: 64'b0000000000000000000000000000000011000000000000000000000000000000 
	Parameter C_MASK bound to: 64'b0000000000000000000000000000000011000000000000000000000000000000 
INFO: [Synth 8-3491] module 'pselect_mask' declared at '/home/russell/ultrasound/fpga/us/us.gen/sources_1/bd/bd/ipshared/bf63/pcores/iomodule_v3_0/hdl/vhdl/pselect_mask.vhd:86' bound to instance 'pselect_mask_io' of component 'pselect_mask' [/home/russell/ultrasound/fpga/us/us.gen/sources_1/bd/bd/ipshared/bf63/pcores/iomodule_v3_0/hdl/vhdl/iomodule.vhd:627]
INFO: [Synth 8-638] synthesizing module 'iomodule_v3_0_pselect_mask__parameterized0' [/home/russell/ultrasound/fpga/us/us.gen/sources_1/bd/bd/ipshared/bf63/pcores/iomodule_v3_0/hdl/vhdl/pselect_mask.vhd:101]
INFO: [Synth 8-256] done synthesizing module 'iomodule_v3_0_pselect_mask__parameterized0' (0#1) [/home/russell/ultrasound/fpga/us/us.gen/sources_1/bd/bd/ipshared/bf63/pcores/iomodule_v3_0/hdl/vhdl/pselect_mask.vhd:101]
	Parameter C_FREQ bound to: 100000000 - type: integer 
	Parameter C_USE_CONFIG_RESET bound to: 0 - type: integer 
	Parameter C_AVOID_PRIMITIVES bound to: 0 - type: integer 
	Parameter C_USE_UART_RX bound to: 0 - type: integer 
	Parameter C_USE_UART_TX bound to: 0 - type: integer 
	Parameter C_UART_BAUDRATE bound to: 9600 - type: integer 
	Parameter C_UART_DATA_BITS bound to: 8 - type: integer 
	Parameter C_UART_USE_PARITY bound to: 0 - type: integer 
	Parameter C_UART_ODD_PARITY bound to: 0 - type: integer 
	Parameter C_UART_RX_INTERRUPT bound to: 0 - type: integer 
	Parameter C_UART_TX_INTERRUPT bound to: 0 - type: integer 
	Parameter C_UART_ERROR_INTERRUPT bound to: 0 - type: integer 
	Parameter C_UART_PROG_BAUDRATE bound to: 0 - type: integer 
	Parameter C_USE_FIT1 bound to: 0 - type: integer 
	Parameter C_FIT1_No_CLOCKS bound to: 6216 - type: integer 
	Parameter C_FIT1_INTERRUPT bound to: 0 - type: integer 
	Parameter C_USE_FIT2 bound to: 0 - type: integer 
	Parameter C_FIT2_No_CLOCKS bound to: 6216 - type: integer 
	Parameter C_FIT2_INTERRUPT bound to: 0 - type: integer 
	Parameter C_USE_FIT3 bound to: 0 - type: integer 
	Parameter C_FIT3_No_CLOCKS bound to: 6216 - type: integer 
	Parameter C_FIT3_INTERRUPT bound to: 0 - type: integer 
	Parameter C_USE_FIT4 bound to: 0 - type: integer 
	Parameter C_FIT4_No_CLOCKS bound to: 6216 - type: integer 
	Parameter C_FIT4_INTERRUPT bound to: 0 - type: integer 
	Parameter C_USE_PIT1 bound to: 0 - type: integer 
	Parameter C_PIT1_SIZE bound to: 32 - type: integer 
	Parameter C_PIT1_READABLE bound to: 1 - type: integer 
	Parameter C_PIT1_PRESCALER bound to: 0 - type: integer 
	Parameter C_PIT1_INTERRUPT bound to: 0 - type: integer 
	Parameter C_USE_PIT2 bound to: 0 - type: integer 
	Parameter C_PIT2_SIZE bound to: 32 - type: integer 
	Parameter C_PIT2_READABLE bound to: 1 - type: integer 
	Parameter C_PIT2_PRESCALER bound to: 0 - type: integer 
	Parameter C_PIT2_INTERRUPT bound to: 0 - type: integer 
	Parameter C_USE_PIT3 bound to: 0 - type: integer 
	Parameter C_PIT3_SIZE bound to: 32 - type: integer 
	Parameter C_PIT3_READABLE bound to: 1 - type: integer 
	Parameter C_PIT3_PRESCALER bound to: 0 - type: integer 
	Parameter C_PIT3_INTERRUPT bound to: 0 - type: integer 
	Parameter C_USE_PIT4 bound to: 0 - type: integer 
	Parameter C_PIT4_SIZE bound to: 32 - type: integer 
	Parameter C_PIT4_READABLE bound to: 1 - type: integer 
	Parameter C_PIT4_PRESCALER bound to: 0 - type: integer 
	Parameter C_PIT4_INTERRUPT bound to: 0 - type: integer 
	Parameter C_USE_GPO1 bound to: 0 - type: integer 
	Parameter C_GPO1_SIZE bound to: 32 - type: integer 
	Parameter C_GPO1_INIT bound to: 32'b00000000000000000000000000000000 
	Parameter C_USE_GPO2 bound to: 0 - type: integer 
	Parameter C_GPO2_SIZE bound to: 32 - type: integer 
	Parameter C_GPO2_INIT bound to: 32'b00000000000000000000000000000000 
	Parameter C_USE_GPO3 bound to: 0 - type: integer 
	Parameter C_GPO3_SIZE bound to: 32 - type: integer 
	Parameter C_GPO3_INIT bound to: 32'b00000000000000000000000000000000 
	Parameter C_USE_GPO4 bound to: 0 - type: integer 
	Parameter C_GPO4_SIZE bound to: 32 - type: integer 
	Parameter C_GPO4_INIT bound to: 32'b00000000000000000000000000000000 
	Parameter C_USE_GPI1 bound to: 0 - type: integer 
	Parameter C_GPI1_SIZE bound to: 32 - type: integer 
	Parameter C_GPI1_INTERRUPT bound to: 0 - type: integer 
	Parameter C_USE_GPI2 bound to: 0 - type: integer 
	Parameter C_GPI2_SIZE bound to: 32 - type: integer 
	Parameter C_GPI2_INTERRUPT bound to: 0 - type: integer 
	Parameter C_USE_GPI3 bound to: 0 - type: integer 
	Parameter C_GPI3_SIZE bound to: 32 - type: integer 
	Parameter C_GPI3_INTERRUPT bound to: 0 - type: integer 
	Parameter C_USE_GPI4 bound to: 0 - type: integer 
	Parameter C_GPI4_SIZE bound to: 32 - type: integer 
	Parameter C_GPI4_INTERRUPT bound to: 0 - type: integer 
	Parameter C_INTC_USE_EXT_INTR bound to: 0 - type: integer 
	Parameter C_INTC_INTR_SIZE bound to: 1 - type: integer 
	Parameter C_INTC_LEVEL_EDGE bound to: 16'b0000000000000000 
	Parameter C_INTC_POSITIVE bound to: 16'b1111111111111111 
	Parameter C_INTC_HAS_FAST bound to: 1 - type: integer 
	Parameter C_INTC_ADDR_WIDTH bound to: 16 - type: integer 
	Parameter C_INTC_BASE_VECTORS bound to: 32'b00000000000000000000000000000000 
	Parameter C_INTC_ASYNC_INTR bound to: 16'b1111111111111111 
	Parameter C_INTC_NUM_SYNC_FF bound to: 2 - type: integer 
INFO: [Synth 8-3491] module 'Iomodule_core' declared at '/home/russell/ultrasound/fpga/us/us.gen/sources_1/bd/bd/ipshared/bf63/pcores/iomodule_v3_0/hdl/vhdl/iomodule_core.vhd:91' bound to instance 'IOModule_Core_I1' of component 'iomodule_core' [/home/russell/ultrasound/fpga/us/us.gen/sources_1/bd/bd/ipshared/bf63/pcores/iomodule_v3_0/hdl/vhdl/iomodule.vhd:759]
INFO: [Synth 8-638] synthesizing module 'Iomodule_core' [/home/russell/ultrasound/fpga/us/us.gen/sources_1/bd/bd/ipshared/bf63/pcores/iomodule_v3_0/hdl/vhdl/iomodule_core.vhd:283]
	Parameter C_USE_SRL16 bound to: yes - type: string 
	Parameter C_USE_FIT bound to: 0 - type: integer 
	Parameter C_NO_CLOCKS bound to: 6216 - type: integer 
	Parameter C_INACCURACY bound to: 0 - type: integer 
INFO: [Synth 8-3491] module 'FIT_Module' declared at '/home/russell/ultrasound/fpga/us/us.gen/sources_1/bd/bd/ipshared/bf63/pcores/iomodule_v3_0/hdl/vhdl/fit_module.vhd:89' bound to instance 'FIT_I1' of component 'FIT_Module' [/home/russell/ultrasound/fpga/us/us.gen/sources_1/bd/bd/ipshared/bf63/pcores/iomodule_v3_0/hdl/vhdl/iomodule_core.vhd:728]
INFO: [Synth 8-638] synthesizing module 'FIT_Module' [/home/russell/ultrasound/fpga/us/us.gen/sources_1/bd/bd/ipshared/bf63/pcores/iomodule_v3_0/hdl/vhdl/fit_module.vhd:111]
INFO: [Synth 8-256] done synthesizing module 'FIT_Module' (0#1) [/home/russell/ultrasound/fpga/us/us.gen/sources_1/bd/bd/ipshared/bf63/pcores/iomodule_v3_0/hdl/vhdl/fit_module.vhd:111]
	Parameter C_USE_SRL16 bound to: yes - type: string 
	Parameter C_USE_FIT bound to: 0 - type: integer 
	Parameter C_NO_CLOCKS bound to: 6216 - type: integer 
	Parameter C_INACCURACY bound to: 0 - type: integer 
INFO: [Synth 8-3491] module 'FIT_Module' declared at '/home/russell/ultrasound/fpga/us/us.gen/sources_1/bd/bd/ipshared/bf63/pcores/iomodule_v3_0/hdl/vhdl/fit_module.vhd:89' bound to instance 'FIT_I2' of component 'FIT_Module' [/home/russell/ultrasound/fpga/us/us.gen/sources_1/bd/bd/ipshared/bf63/pcores/iomodule_v3_0/hdl/vhdl/iomodule_core.vhd:743]
	Parameter C_USE_SRL16 bound to: yes - type: string 
	Parameter C_USE_FIT bound to: 0 - type: integer 
	Parameter C_NO_CLOCKS bound to: 6216 - type: integer 
	Parameter C_INACCURACY bound to: 0 - type: integer 
INFO: [Synth 8-3491] module 'FIT_Module' declared at '/home/russell/ultrasound/fpga/us/us.gen/sources_1/bd/bd/ipshared/bf63/pcores/iomodule_v3_0/hdl/vhdl/fit_module.vhd:89' bound to instance 'FIT_I3' of component 'FIT_Module' [/home/russell/ultrasound/fpga/us/us.gen/sources_1/bd/bd/ipshared/bf63/pcores/iomodule_v3_0/hdl/vhdl/iomodule_core.vhd:758]
	Parameter C_USE_SRL16 bound to: yes - type: string 
	Parameter C_USE_FIT bound to: 0 - type: integer 
	Parameter C_NO_CLOCKS bound to: 6216 - type: integer 
	Parameter C_INACCURACY bound to: 0 - type: integer 
INFO: [Synth 8-3491] module 'FIT_Module' declared at '/home/russell/ultrasound/fpga/us/us.gen/sources_1/bd/bd/ipshared/bf63/pcores/iomodule_v3_0/hdl/vhdl/fit_module.vhd:89' bound to instance 'FIT_I4' of component 'FIT_Module' [/home/russell/ultrasound/fpga/us/us.gen/sources_1/bd/bd/ipshared/bf63/pcores/iomodule_v3_0/hdl/vhdl/iomodule_core.vhd:773]
	Parameter C_USE_PIT bound to: 0 - type: integer 
	Parameter C_PIT_SIZE bound to: 32 - type: integer 
	Parameter C_PIT_READABLE bound to: 1 - type: integer 
INFO: [Synth 8-3491] module 'PIT_Module' declared at '/home/russell/ultrasound/fpga/us/us.gen/sources_1/bd/bd/ipshared/bf63/pcores/iomodule_v3_0/hdl/vhdl/pit_module.vhd:88' bound to instance 'PIT_I1' of component 'PIT_Module' [/home/russell/ultrasound/fpga/us/us.gen/sources_1/bd/bd/ipshared/bf63/pcores/iomodule_v3_0/hdl/vhdl/iomodule_core.vhd:803]
INFO: [Synth 8-638] synthesizing module 'PIT_Module' [/home/russell/ultrasound/fpga/us/us.gen/sources_1/bd/bd/ipshared/bf63/pcores/iomodule_v3_0/hdl/vhdl/pit_module.vhd:110]
INFO: [Synth 8-256] done synthesizing module 'PIT_Module' (0#1) [/home/russell/ultrasound/fpga/us/us.gen/sources_1/bd/bd/ipshared/bf63/pcores/iomodule_v3_0/hdl/vhdl/pit_module.vhd:110]
	Parameter C_USE_PIT bound to: 0 - type: integer 
	Parameter C_PIT_SIZE bound to: 32 - type: integer 
	Parameter C_PIT_READABLE bound to: 1 - type: integer 
INFO: [Synth 8-3491] module 'PIT_Module' declared at '/home/russell/ultrasound/fpga/us/us.gen/sources_1/bd/bd/ipshared/bf63/pcores/iomodule_v3_0/hdl/vhdl/pit_module.vhd:88' bound to instance 'PIT_I2' of component 'PIT_Module' [/home/russell/ultrasound/fpga/us/us.gen/sources_1/bd/bd/ipshared/bf63/pcores/iomodule_v3_0/hdl/vhdl/iomodule_core.vhd:833]
	Parameter C_USE_PIT bound to: 0 - type: integer 
	Parameter C_PIT_SIZE bound to: 32 - type: integer 
	Parameter C_PIT_READABLE bound to: 1 - type: integer 
INFO: [Synth 8-3491] module 'PIT_Module' declared at '/home/russell/ultrasound/fpga/us/us.gen/sources_1/bd/bd/ipshared/bf63/pcores/iomodule_v3_0/hdl/vhdl/pit_module.vhd:88' bound to instance 'PIT_I3' of component 'PIT_Module' [/home/russell/ultrasound/fpga/us/us.gen/sources_1/bd/bd/ipshared/bf63/pcores/iomodule_v3_0/hdl/vhdl/iomodule_core.vhd:863]
	Parameter C_USE_PIT bound to: 0 - type: integer 
	Parameter C_PIT_SIZE bound to: 32 - type: integer 
	Parameter C_PIT_READABLE bound to: 1 - type: integer 
INFO: [Synth 8-3491] module 'PIT_Module' declared at '/home/russell/ultrasound/fpga/us/us.gen/sources_1/bd/bd/ipshared/bf63/pcores/iomodule_v3_0/hdl/vhdl/pit_module.vhd:88' bound to instance 'PIT_I4' of component 'PIT_Module' [/home/russell/ultrasound/fpga/us/us.gen/sources_1/bd/bd/ipshared/bf63/pcores/iomodule_v3_0/hdl/vhdl/iomodule_core.vhd:893]
	Parameter C_USE_GPO bound to: 0 - type: integer 
	Parameter C_GPO_SIZE bound to: 32 - type: integer 
	Parameter C_GPO_INIT bound to: 32'b00000000000000000000000000000000 
INFO: [Synth 8-3491] module 'GPO_Module' declared at '/home/russell/ultrasound/fpga/us/us.gen/sources_1/bd/bd/ipshared/bf63/pcores/iomodule_v3_0/hdl/vhdl/gpo_module.vhd:88' bound to instance 'GPO_I1' of component 'GPO_Module' [/home/russell/ultrasound/fpga/us/us.gen/sources_1/bd/bd/ipshared/bf63/pcores/iomodule_v3_0/hdl/vhdl/iomodule_core.vhd:912]
INFO: [Synth 8-638] synthesizing module 'GPO_Module' [/home/russell/ultrasound/fpga/us/us.gen/sources_1/bd/bd/ipshared/bf63/pcores/iomodule_v3_0/hdl/vhdl/gpo_module.vhd:102]
INFO: [Synth 8-256] done synthesizing module 'GPO_Module' (0#1) [/home/russell/ultrasound/fpga/us/us.gen/sources_1/bd/bd/ipshared/bf63/pcores/iomodule_v3_0/hdl/vhdl/gpo_module.vhd:102]
	Parameter C_USE_GPO bound to: 0 - type: integer 
	Parameter C_GPO_SIZE bound to: 32 - type: integer 
	Parameter C_GPO_INIT bound to: 32'b00000000000000000000000000000000 
INFO: [Synth 8-3491] module 'GPO_Module' declared at '/home/russell/ultrasound/fpga/us/us.gen/sources_1/bd/bd/ipshared/bf63/pcores/iomodule_v3_0/hdl/vhdl/gpo_module.vhd:88' bound to instance 'GPO_I2' of component 'GPO_Module' [/home/russell/ultrasound/fpga/us/us.gen/sources_1/bd/bd/ipshared/bf63/pcores/iomodule_v3_0/hdl/vhdl/iomodule_core.vhd:924]
	Parameter C_USE_GPO bound to: 0 - type: integer 
	Parameter C_GPO_SIZE bound to: 32 - type: integer 
	Parameter C_GPO_INIT bound to: 32'b00000000000000000000000000000000 
INFO: [Synth 8-3491] module 'GPO_Module' declared at '/home/russell/ultrasound/fpga/us/us.gen/sources_1/bd/bd/ipshared/bf63/pcores/iomodule_v3_0/hdl/vhdl/gpo_module.vhd:88' bound to instance 'GPO_I3' of component 'GPO_Module' [/home/russell/ultrasound/fpga/us/us.gen/sources_1/bd/bd/ipshared/bf63/pcores/iomodule_v3_0/hdl/vhdl/iomodule_core.vhd:936]
	Parameter C_USE_GPO bound to: 0 - type: integer 
	Parameter C_GPO_SIZE bound to: 32 - type: integer 
	Parameter C_GPO_INIT bound to: 32'b00000000000000000000000000000000 
INFO: [Synth 8-3491] module 'GPO_Module' declared at '/home/russell/ultrasound/fpga/us/us.gen/sources_1/bd/bd/ipshared/bf63/pcores/iomodule_v3_0/hdl/vhdl/gpo_module.vhd:88' bound to instance 'GPO_I4' of component 'GPO_Module' [/home/russell/ultrasound/fpga/us/us.gen/sources_1/bd/bd/ipshared/bf63/pcores/iomodule_v3_0/hdl/vhdl/iomodule_core.vhd:948]
	Parameter C_USE_GPI bound to: 0 - type: integer 
	Parameter C_GPI_SIZE bound to: 32 - type: integer 
	Parameter C_GPI_INTERRUPT bound to: 0 - type: integer 
INFO: [Synth 8-3491] module 'GPI_Module' declared at '/home/russell/ultrasound/fpga/us/us.gen/sources_1/bd/bd/ipshared/bf63/pcores/iomodule_v3_0/hdl/vhdl/gpi_module.vhd:89' bound to instance 'GPI_I1' of component 'GPI_Module' [/home/russell/ultrasound/fpga/us/us.gen/sources_1/bd/bd/ipshared/bf63/pcores/iomodule_v3_0/hdl/vhdl/iomodule_core.vhd:963]
INFO: [Synth 8-638] synthesizing module 'GPI_Module' [/home/russell/ultrasound/fpga/us/us.gen/sources_1/bd/bd/ipshared/bf63/pcores/iomodule_v3_0/hdl/vhdl/gpi_module.vhd:104]
INFO: [Synth 8-256] done synthesizing module 'GPI_Module' (0#1) [/home/russell/ultrasound/fpga/us/us.gen/sources_1/bd/bd/ipshared/bf63/pcores/iomodule_v3_0/hdl/vhdl/gpi_module.vhd:104]
	Parameter C_USE_GPI bound to: 0 - type: integer 
	Parameter C_GPI_SIZE bound to: 32 - type: integer 
	Parameter C_GPI_INTERRUPT bound to: 0 - type: integer 
INFO: [Synth 8-3491] module 'GPI_Module' declared at '/home/russell/ultrasound/fpga/us/us.gen/sources_1/bd/bd/ipshared/bf63/pcores/iomodule_v3_0/hdl/vhdl/gpi_module.vhd:89' bound to instance 'GPI_I2' of component 'GPI_Module' [/home/russell/ultrasound/fpga/us/us.gen/sources_1/bd/bd/ipshared/bf63/pcores/iomodule_v3_0/hdl/vhdl/iomodule_core.vhd:978]
	Parameter C_USE_GPI bound to: 0 - type: integer 
	Parameter C_GPI_SIZE bound to: 32 - type: integer 
	Parameter C_GPI_INTERRUPT bound to: 0 - type: integer 
INFO: [Synth 8-3491] module 'GPI_Module' declared at '/home/russell/ultrasound/fpga/us/us.gen/sources_1/bd/bd/ipshared/bf63/pcores/iomodule_v3_0/hdl/vhdl/gpi_module.vhd:89' bound to instance 'GPI_I3' of component 'GPI_Module' [/home/russell/ultrasound/fpga/us/us.gen/sources_1/bd/bd/ipshared/bf63/pcores/iomodule_v3_0/hdl/vhdl/iomodule_core.vhd:993]
	Parameter C_USE_GPI bound to: 0 - type: integer 
	Parameter C_GPI_SIZE bound to: 32 - type: integer 
	Parameter C_GPI_INTERRUPT bound to: 0 - type: integer 
INFO: [Synth 8-3491] module 'GPI_Module' declared at '/home/russell/ultrasound/fpga/us/us.gen/sources_1/bd/bd/ipshared/bf63/pcores/iomodule_v3_0/hdl/vhdl/gpi_module.vhd:89' bound to instance 'GPI_I4' of component 'GPI_Module' [/home/russell/ultrasound/fpga/us/us.gen/sources_1/bd/bd/ipshared/bf63/pcores/iomodule_v3_0/hdl/vhdl/iomodule_core.vhd:1008]
	Parameter C_INTC_ENABLED bound to: 0 - type: integer 
	Parameter C_INTC_LEVEL_EDGE bound to: 32'b00000000000000001111111111111111 
	Parameter C_INTC_POSITIVE bound to: 32'b11111111111111111111111111111111 
	Parameter C_INTC_ASYNC_INTR bound to: 32'b11111111111111110000000000000000 
	Parameter C_INTC_HAS_FAST bound to: 1 - type: integer 
	Parameter C_INTC_ADDR_WIDTH bound to: 16 - type: integer 
	Parameter C_INTC_NUM_SYNC_FF bound to: 2 - type: integer 
	Parameter C_INTC_BASE_VECTORS bound to: 32'b00000000000000000000000000000000 
	Parameter C_USE_LUTRAM bound to: yes - type: string 
INFO: [Synth 8-3491] module 'intr_ctrl' declared at '/home/russell/ultrasound/fpga/us/us.gen/sources_1/bd/bd/ipshared/bf63/pcores/iomodule_v3_0/hdl/vhdl/intr_ctrl.vhd:90' bound to instance 'intr_ctrl_I1' of component 'intr_ctrl' [/home/russell/ultrasound/fpga/us/us.gen/sources_1/bd/bd/ipshared/bf63/pcores/iomodule_v3_0/hdl/vhdl/iomodule_core.vhd:1049]
INFO: [Synth 8-638] synthesizing module 'intr_ctrl' [/home/russell/ultrasound/fpga/us/us.gen/sources_1/bd/bd/ipshared/bf63/pcores/iomodule_v3_0/hdl/vhdl/intr_ctrl.vhd:125]
INFO: [Synth 8-113] binding component instance 'fdr_i' to cell 'FDR' [/home/russell/ultrasound/fpga/us/us.gen/sources_1/bd/bd/ipshared/bf63/pcores/iomodule_v3_0/hdl/vhdl/intr_ctrl.vhd:480]
INFO: [Synth 8-113] binding component instance 'fdr_i' to cell 'FDR' [/home/russell/ultrasound/fpga/us/us.gen/sources_1/bd/bd/ipshared/bf63/pcores/iomodule_v3_0/hdl/vhdl/intr_ctrl.vhd:480]
INFO: [Synth 8-113] binding component instance 'fdr_i' to cell 'FDR' [/home/russell/ultrasound/fpga/us/us.gen/sources_1/bd/bd/ipshared/bf63/pcores/iomodule_v3_0/hdl/vhdl/intr_ctrl.vhd:480]
INFO: [Synth 8-113] binding component instance 'fdr_i' to cell 'FDR' [/home/russell/ultrasound/fpga/us/us.gen/sources_1/bd/bd/ipshared/bf63/pcores/iomodule_v3_0/hdl/vhdl/intr_ctrl.vhd:480]
INFO: [Synth 8-113] binding component instance 'fdr_i' to cell 'FDR' [/home/russell/ultrasound/fpga/us/us.gen/sources_1/bd/bd/ipshared/bf63/pcores/iomodule_v3_0/hdl/vhdl/intr_ctrl.vhd:480]
INFO: [Synth 8-113] binding component instance 'fdr_i' to cell 'FDR' [/home/russell/ultrasound/fpga/us/us.gen/sources_1/bd/bd/ipshared/bf63/pcores/iomodule_v3_0/hdl/vhdl/intr_ctrl.vhd:480]
INFO: [Synth 8-113] binding component instance 'fdr_i' to cell 'FDR' [/home/russell/ultrasound/fpga/us/us.gen/sources_1/bd/bd/ipshared/bf63/pcores/iomodule_v3_0/hdl/vhdl/intr_ctrl.vhd:480]
INFO: [Synth 8-113] binding component instance 'fdr_i' to cell 'FDR' [/home/russell/ultrasound/fpga/us/us.gen/sources_1/bd/bd/ipshared/bf63/pcores/iomodule_v3_0/hdl/vhdl/intr_ctrl.vhd:480]
INFO: [Synth 8-113] binding component instance 'fdr_i' to cell 'FDR' [/home/russell/ultrasound/fpga/us/us.gen/sources_1/bd/bd/ipshared/bf63/pcores/iomodule_v3_0/hdl/vhdl/intr_ctrl.vhd:480]
INFO: [Synth 8-113] binding component instance 'fdr_i' to cell 'FDR' [/home/russell/ultrasound/fpga/us/us.gen/sources_1/bd/bd/ipshared/bf63/pcores/iomodule_v3_0/hdl/vhdl/intr_ctrl.vhd:480]
INFO: [Synth 8-113] binding component instance 'fdr_i' to cell 'FDR' [/home/russell/ultrasound/fpga/us/us.gen/sources_1/bd/bd/ipshared/bf63/pcores/iomodule_v3_0/hdl/vhdl/intr_ctrl.vhd:480]
INFO: [Synth 8-113] binding component instance 'fdr_i' to cell 'FDR' [/home/russell/ultrasound/fpga/us/us.gen/sources_1/bd/bd/ipshared/bf63/pcores/iomodule_v3_0/hdl/vhdl/intr_ctrl.vhd:480]
INFO: [Synth 8-113] binding component instance 'fdr_i' to cell 'FDR' [/home/russell/ultrasound/fpga/us/us.gen/sources_1/bd/bd/ipshared/bf63/pcores/iomodule_v3_0/hdl/vhdl/intr_ctrl.vhd:480]
INFO: [Synth 8-113] binding component instance 'fdr_i' to cell 'FDR' [/home/russell/ultrasound/fpga/us/us.gen/sources_1/bd/bd/ipshared/bf63/pcores/iomodule_v3_0/hdl/vhdl/intr_ctrl.vhd:480]
INFO: [Synth 8-113] binding component instance 'fdr_i' to cell 'FDR' [/home/russell/ultrasound/fpga/us/us.gen/sources_1/bd/bd/ipshared/bf63/pcores/iomodule_v3_0/hdl/vhdl/intr_ctrl.vhd:480]
INFO: [Synth 8-113] binding component instance 'fdr_i' to cell 'FDR' [/home/russell/ultrasound/fpga/us/us.gen/sources_1/bd/bd/ipshared/bf63/pcores/iomodule_v3_0/hdl/vhdl/intr_ctrl.vhd:480]
INFO: [Synth 8-113] binding component instance 'fdr_i' to cell 'FDR' [/home/russell/ultrasound/fpga/us/us.gen/sources_1/bd/bd/ipshared/bf63/pcores/iomodule_v3_0/hdl/vhdl/intr_ctrl.vhd:480]
INFO: [Synth 8-113] binding component instance 'fdr_i' to cell 'FDR' [/home/russell/ultrasound/fpga/us/us.gen/sources_1/bd/bd/ipshared/bf63/pcores/iomodule_v3_0/hdl/vhdl/intr_ctrl.vhd:480]
INFO: [Synth 8-113] binding component instance 'fdr_i' to cell 'FDR' [/home/russell/ultrasound/fpga/us/us.gen/sources_1/bd/bd/ipshared/bf63/pcores/iomodule_v3_0/hdl/vhdl/intr_ctrl.vhd:480]
INFO: [Synth 8-113] binding component instance 'fdr_i' to cell 'FDR' [/home/russell/ultrasound/fpga/us/us.gen/sources_1/bd/bd/ipshared/bf63/pcores/iomodule_v3_0/hdl/vhdl/intr_ctrl.vhd:480]
INFO: [Synth 8-113] binding component instance 'fdr_i' to cell 'FDR' [/home/russell/ultrasound/fpga/us/us.gen/sources_1/bd/bd/ipshared/bf63/pcores/iomodule_v3_0/hdl/vhdl/intr_ctrl.vhd:480]
INFO: [Synth 8-113] binding component instance 'fdr_i' to cell 'FDR' [/home/russell/ultrasound/fpga/us/us.gen/sources_1/bd/bd/ipshared/bf63/pcores/iomodule_v3_0/hdl/vhdl/intr_ctrl.vhd:480]
INFO: [Synth 8-113] binding component instance 'fdr_i' to cell 'FDR' [/home/russell/ultrasound/fpga/us/us.gen/sources_1/bd/bd/ipshared/bf63/pcores/iomodule_v3_0/hdl/vhdl/intr_ctrl.vhd:480]
INFO: [Synth 8-113] binding component instance 'fdr_i' to cell 'FDR' [/home/russell/ultrasound/fpga/us/us.gen/sources_1/bd/bd/ipshared/bf63/pcores/iomodule_v3_0/hdl/vhdl/intr_ctrl.vhd:480]
INFO: [Synth 8-113] binding component instance 'fdr_i' to cell 'FDR' [/home/russell/ultrasound/fpga/us/us.gen/sources_1/bd/bd/ipshared/bf63/pcores/iomodule_v3_0/hdl/vhdl/intr_ctrl.vhd:480]
INFO: [Synth 8-113] binding component instance 'fdr_i' to cell 'FDR' [/home/russell/ultrasound/fpga/us/us.gen/sources_1/bd/bd/ipshared/bf63/pcores/iomodule_v3_0/hdl/vhdl/intr_ctrl.vhd:480]
INFO: [Synth 8-113] binding component instance 'fdr_i' to cell 'FDR' [/home/russell/ultrasound/fpga/us/us.gen/sources_1/bd/bd/ipshared/bf63/pcores/iomodule_v3_0/hdl/vhdl/intr_ctrl.vhd:480]
INFO: [Synth 8-113] binding component instance 'fdr_i' to cell 'FDR' [/home/russell/ultrasound/fpga/us/us.gen/sources_1/bd/bd/ipshared/bf63/pcores/iomodule_v3_0/hdl/vhdl/intr_ctrl.vhd:480]
INFO: [Synth 8-113] binding component instance 'fdr_i' to cell 'FDR' [/home/russell/ultrasound/fpga/us/us.gen/sources_1/bd/bd/ipshared/bf63/pcores/iomodule_v3_0/hdl/vhdl/intr_ctrl.vhd:480]
INFO: [Synth 8-113] binding component instance 'fdr_i' to cell 'FDR' [/home/russell/ultrasound/fpga/us/us.gen/sources_1/bd/bd/ipshared/bf63/pcores/iomodule_v3_0/hdl/vhdl/intr_ctrl.vhd:480]
INFO: [Synth 8-113] binding component instance 'fdr_i' to cell 'FDR' [/home/russell/ultrasound/fpga/us/us.gen/sources_1/bd/bd/ipshared/bf63/pcores/iomodule_v3_0/hdl/vhdl/intr_ctrl.vhd:480]
INFO: [Synth 8-113] binding component instance 'fdr_i' to cell 'FDR' [/home/russell/ultrasound/fpga/us/us.gen/sources_1/bd/bd/ipshared/bf63/pcores/iomodule_v3_0/hdl/vhdl/intr_ctrl.vhd:480]
INFO: [Synth 8-256] done synthesizing module 'intr_ctrl' (0#1) [/home/russell/ultrasound/fpga/us/us.gen/sources_1/bd/bd/ipshared/bf63/pcores/iomodule_v3_0/hdl/vhdl/intr_ctrl.vhd:125]
INFO: [Synth 8-256] done synthesizing module 'Iomodule_core' (0#1) [/home/russell/ultrasound/fpga/us/us.gen/sources_1/bd/bd/ipshared/bf63/pcores/iomodule_v3_0/hdl/vhdl/iomodule_core.vhd:283]
INFO: [Synth 8-256] done synthesizing module 'iomodule' (0#1) [/home/russell/ultrasound/fpga/us/us.gen/sources_1/bd/bd/ipshared/bf63/pcores/iomodule_v3_0/hdl/vhdl/iomodule.vhd:285]
WARNING: [Synth 8-7071] port 'gt1_drpen_o' of module 'in_system_ibert_v1_0_26_in_system_ibert' is unconnected for instance 'inst' [/home/russell/ultrasound/fpga/us/us.gen/sources_1/bd/bd/ip/bd_in_system_ibert_0_0/synth/bd_in_system_ibert_0_0.v:370]
WARNING: [Synth 8-7071] port 'gt2_drpen_o' of module 'in_system_ibert_v1_0_26_in_system_ibert' is unconnected for instance 'inst' [/home/russell/ultrasound/fpga/us/us.gen/sources_1/bd/bd/ip/bd_in_system_ibert_0_0/synth/bd_in_system_ibert_0_0.v:370]
WARNING: [Synth 8-7071] port 'gt3_drpen_o' of module 'in_system_ibert_v1_0_26_in_system_ibert' is unconnected for instance 'inst' [/home/russell/ultrasound/fpga/us/us.gen/sources_1/bd/bd/ip/bd_in_system_ibert_0_0/synth/bd_in_system_ibert_0_0.v:370]
WARNING: [Synth 8-7071] port 'gt4_drpen_o' of module 'in_system_ibert_v1_0_26_in_system_ibert' is unconnected for instance 'inst' [/home/russell/ultrasound/fpga/us/us.gen/sources_1/bd/bd/ip/bd_in_system_ibert_0_0/synth/bd_in_system_ibert_0_0.v:370]
WARNING: [Synth 8-7071] port 'gt5_drpen_o' of module 'in_system_ibert_v1_0_26_in_system_ibert' is unconnected for instance 'inst' [/home/russell/ultrasound/fpga/us/us.gen/sources_1/bd/bd/ip/bd_in_system_ibert_0_0/synth/bd_in_system_ibert_0_0.v:370]
WARNING: [Synth 8-7071] port 'gt6_drpen_o' of module 'in_system_ibert_v1_0_26_in_system_ibert' is unconnected for instance 'inst' [/home/russell/ultrasound/fpga/us/us.gen/sources_1/bd/bd/ip/bd_in_system_ibert_0_0/synth/bd_in_system_ibert_0_0.v:370]
WARNING: [Synth 8-7071] port 'gt7_drpen_o' of module 'in_system_ibert_v1_0_26_in_system_ibert' is unconnected for instance 'inst' [/home/russell/ultrasound/fpga/us/us.gen/sources_1/bd/bd/ip/bd_in_system_ibert_0_0/synth/bd_in_system_ibert_0_0.v:370]
WARNING: [Synth 8-7071] port 'gt8_drpen_o' of module 'in_system_ibert_v1_0_26_in_system_ibert' is unconnected for instance 'inst' [/home/russell/ultrasound/fpga/us/us.gen/sources_1/bd/bd/ip/bd_in_system_ibert_0_0/synth/bd_in_system_ibert_0_0.v:370]
WARNING: [Synth 8-7071] port 'gt9_drpen_o' of module 'in_system_ibert_v1_0_26_in_system_ibert' is unconnected for instance 'inst' [/home/russell/ultrasound/fpga/us/us.gen/sources_1/bd/bd/ip/bd_in_system_ibert_0_0/synth/bd_in_system_ibert_0_0.v:370]
WARNING: [Synth 8-7071] port 'gt10_drpen_o' of module 'in_system_ibert_v1_0_26_in_system_ibert' is unconnected for instance 'inst' [/home/russell/ultrasound/fpga/us/us.gen/sources_1/bd/bd/ip/bd_in_system_ibert_0_0/synth/bd_in_system_ibert_0_0.v:370]
WARNING: [Synth 8-7071] port 'gt11_drpen_o' of module 'in_system_ibert_v1_0_26_in_system_ibert' is unconnected for instance 'inst' [/home/russell/ultrasound/fpga/us/us.gen/sources_1/bd/bd/ip/bd_in_system_ibert_0_0/synth/bd_in_system_ibert_0_0.v:370]
WARNING: [Synth 8-7071] port 'gt12_drpen_o' of module 'in_system_ibert_v1_0_26_in_system_ibert' is unconnected for instance 'inst' [/home/russell/ultrasound/fpga/us/us.gen/sources_1/bd/bd/ip/bd_in_system_ibert_0_0/synth/bd_in_system_ibert_0_0.v:370]
WARNING: [Synth 8-7071] port 'gt13_drpen_o' of module 'in_system_ibert_v1_0_26_in_system_ibert' is unconnected for instance 'inst' [/home/russell/ultrasound/fpga/us/us.gen/sources_1/bd/bd/ip/bd_in_system_ibert_0_0/synth/bd_in_system_ibert_0_0.v:370]
WARNING: [Synth 8-7071] port 'gt14_drpen_o' of module 'in_system_ibert_v1_0_26_in_system_ibert' is unconnected for instance 'inst' [/home/russell/ultrasound/fpga/us/us.gen/sources_1/bd/bd/ip/bd_in_system_ibert_0_0/synth/bd_in_system_ibert_0_0.v:370]
WARNING: [Synth 8-7071] port 'gt15_drpen_o' of module 'in_system_ibert_v1_0_26_in_system_ibert' is unconnected for instance 'inst' [/home/russell/ultrasound/fpga/us/us.gen/sources_1/bd/bd/ip/bd_in_system_ibert_0_0/synth/bd_in_system_ibert_0_0.v:370]
WARNING: [Synth 8-7071] port 'gt16_drpen_o' of module 'in_system_ibert_v1_0_26_in_system_ibert' is unconnected for instance 'inst' [/home/russell/ultrasound/fpga/us/us.gen/sources_1/bd/bd/ip/bd_in_system_ibert_0_0/synth/bd_in_system_ibert_0_0.v:370]
WARNING: [Synth 8-7071] port 'gt17_drpen_o' of module 'in_system_ibert_v1_0_26_in_system_ibert' is unconnected for instance 'inst' [/home/russell/ultrasound/fpga/us/us.gen/sources_1/bd/bd/ip/bd_in_system_ibert_0_0/synth/bd_in_system_ibert_0_0.v:370]
WARNING: [Synth 8-7071] port 'gt18_drpen_o' of module 'in_system_ibert_v1_0_26_in_system_ibert' is unconnected for instance 'inst' [/home/russell/ultrasound/fpga/us/us.gen/sources_1/bd/bd/ip/bd_in_system_ibert_0_0/synth/bd_in_system_ibert_0_0.v:370]
WARNING: [Synth 8-7071] port 'gt19_drpen_o' of module 'in_system_ibert_v1_0_26_in_system_ibert' is unconnected for instance 'inst' [/home/russell/ultrasound/fpga/us/us.gen/sources_1/bd/bd/ip/bd_in_system_ibert_0_0/synth/bd_in_system_ibert_0_0.v:370]
WARNING: [Synth 8-7071] port 'gt20_drpen_o' of module 'in_system_ibert_v1_0_26_in_system_ibert' is unconnected for instance 'inst' [/home/russell/ultrasound/fpga/us/us.gen/sources_1/bd/bd/ip/bd_in_system_ibert_0_0/synth/bd_in_system_ibert_0_0.v:370]
WARNING: [Synth 8-7071] port 'gt21_drpen_o' of module 'in_system_ibert_v1_0_26_in_system_ibert' is unconnected for instance 'inst' [/home/russell/ultrasound/fpga/us/us.gen/sources_1/bd/bd/ip/bd_in_system_ibert_0_0/synth/bd_in_system_ibert_0_0.v:370]
WARNING: [Synth 8-7071] port 'gt22_drpen_o' of module 'in_system_ibert_v1_0_26_in_system_ibert' is unconnected for instance 'inst' [/home/russell/ultrasound/fpga/us/us.gen/sources_1/bd/bd/ip/bd_in_system_ibert_0_0/synth/bd_in_system_ibert_0_0.v:370]
WARNING: [Synth 8-7071] port 'gt23_drpen_o' of module 'in_system_ibert_v1_0_26_in_system_ibert' is unconnected for instance 'inst' [/home/russell/ultrasound/fpga/us/us.gen/sources_1/bd/bd/ip/bd_in_system_ibert_0_0/synth/bd_in_system_ibert_0_0.v:370]
WARNING: [Synth 8-7071] port 'gt24_drpen_o' of module 'in_system_ibert_v1_0_26_in_system_ibert' is unconnected for instance 'inst' [/home/russell/ultrasound/fpga/us/us.gen/sources_1/bd/bd/ip/bd_in_system_ibert_0_0/synth/bd_in_system_ibert_0_0.v:370]
WARNING: [Synth 8-7071] port 'gt25_drpen_o' of module 'in_system_ibert_v1_0_26_in_system_ibert' is unconnected for instance 'inst' [/home/russell/ultrasound/fpga/us/us.gen/sources_1/bd/bd/ip/bd_in_system_ibert_0_0/synth/bd_in_system_ibert_0_0.v:370]
WARNING: [Synth 8-7071] port 'gt26_drpen_o' of module 'in_system_ibert_v1_0_26_in_system_ibert' is unconnected for instance 'inst' [/home/russell/ultrasound/fpga/us/us.gen/sources_1/bd/bd/ip/bd_in_system_ibert_0_0/synth/bd_in_system_ibert_0_0.v:370]
WARNING: [Synth 8-7071] port 'gt27_drpen_o' of module 'in_system_ibert_v1_0_26_in_system_ibert' is unconnected for instance 'inst' [/home/russell/ultrasound/fpga/us/us.gen/sources_1/bd/bd/ip/bd_in_system_ibert_0_0/synth/bd_in_system_ibert_0_0.v:370]
WARNING: [Synth 8-7071] port 'gt28_drpen_o' of module 'in_system_ibert_v1_0_26_in_system_ibert' is unconnected for instance 'inst' [/home/russell/ultrasound/fpga/us/us.gen/sources_1/bd/bd/ip/bd_in_system_ibert_0_0/synth/bd_in_system_ibert_0_0.v:370]
WARNING: [Synth 8-7071] port 'gt29_drpen_o' of module 'in_system_ibert_v1_0_26_in_system_ibert' is unconnected for instance 'inst' [/home/russell/ultrasound/fpga/us/us.gen/sources_1/bd/bd/ip/bd_in_system_ibert_0_0/synth/bd_in_system_ibert_0_0.v:370]
WARNING: [Synth 8-7071] port 'gt30_drpen_o' of module 'in_system_ibert_v1_0_26_in_system_ibert' is unconnected for instance 'inst' [/home/russell/ultrasound/fpga/us/us.gen/sources_1/bd/bd/ip/bd_in_system_ibert_0_0/synth/bd_in_system_ibert_0_0.v:370]
WARNING: [Synth 8-7071] port 'gt31_drpen_o' of module 'in_system_ibert_v1_0_26_in_system_ibert' is unconnected for instance 'inst' [/home/russell/ultrasound/fpga/us/us.gen/sources_1/bd/bd/ip/bd_in_system_ibert_0_0/synth/bd_in_system_ibert_0_0.v:370]
WARNING: [Synth 8-7071] port 'gt32_drpen_o' of module 'in_system_ibert_v1_0_26_in_system_ibert' is unconnected for instance 'inst' [/home/russell/ultrasound/fpga/us/us.gen/sources_1/bd/bd/ip/bd_in_system_ibert_0_0/synth/bd_in_system_ibert_0_0.v:370]
WARNING: [Synth 8-7071] port 'gt33_drpen_o' of module 'in_system_ibert_v1_0_26_in_system_ibert' is unconnected for instance 'inst' [/home/russell/ultrasound/fpga/us/us.gen/sources_1/bd/bd/ip/bd_in_system_ibert_0_0/synth/bd_in_system_ibert_0_0.v:370]
WARNING: [Synth 8-7071] port 'gt34_drpen_o' of module 'in_system_ibert_v1_0_26_in_system_ibert' is unconnected for instance 'inst' [/home/russell/ultrasound/fpga/us/us.gen/sources_1/bd/bd/ip/bd_in_system_ibert_0_0/synth/bd_in_system_ibert_0_0.v:370]
WARNING: [Synth 8-7071] port 'gt35_drpen_o' of module 'in_system_ibert_v1_0_26_in_system_ibert' is unconnected for instance 'inst' [/home/russell/ultrasound/fpga/us/us.gen/sources_1/bd/bd/ip/bd_in_system_ibert_0_0/synth/bd_in_system_ibert_0_0.v:370]
WARNING: [Synth 8-7071] port 'gt36_drpen_o' of module 'in_system_ibert_v1_0_26_in_system_ibert' is unconnected for instance 'inst' [/home/russell/ultrasound/fpga/us/us.gen/sources_1/bd/bd/ip/bd_in_system_ibert_0_0/synth/bd_in_system_ibert_0_0.v:370]
WARNING: [Synth 8-7071] port 'gt37_drpen_o' of module 'in_system_ibert_v1_0_26_in_system_ibert' is unconnected for instance 'inst' [/home/russell/ultrasound/fpga/us/us.gen/sources_1/bd/bd/ip/bd_in_system_ibert_0_0/synth/bd_in_system_ibert_0_0.v:370]
WARNING: [Synth 8-7071] port 'gt38_drpen_o' of module 'in_system_ibert_v1_0_26_in_system_ibert' is unconnected for instance 'inst' [/home/russell/ultrasound/fpga/us/us.gen/sources_1/bd/bd/ip/bd_in_system_ibert_0_0/synth/bd_in_system_ibert_0_0.v:370]
WARNING: [Synth 8-7071] port 'gt39_drpen_o' of module 'in_system_ibert_v1_0_26_in_system_ibert' is unconnected for instance 'inst' [/home/russell/ultrasound/fpga/us/us.gen/sources_1/bd/bd/ip/bd_in_system_ibert_0_0/synth/bd_in_system_ibert_0_0.v:370]
WARNING: [Synth 8-7071] port 'gt40_drpen_o' of module 'in_system_ibert_v1_0_26_in_system_ibert' is unconnected for instance 'inst' [/home/russell/ultrasound/fpga/us/us.gen/sources_1/bd/bd/ip/bd_in_system_ibert_0_0/synth/bd_in_system_ibert_0_0.v:370]
WARNING: [Synth 8-7071] port 'gt41_drpen_o' of module 'in_system_ibert_v1_0_26_in_system_ibert' is unconnected for instance 'inst' [/home/russell/ultrasound/fpga/us/us.gen/sources_1/bd/bd/ip/bd_in_system_ibert_0_0/synth/bd_in_system_ibert_0_0.v:370]
WARNING: [Synth 8-7071] port 'gt42_drpen_o' of module 'in_system_ibert_v1_0_26_in_system_ibert' is unconnected for instance 'inst' [/home/russell/ultrasound/fpga/us/us.gen/sources_1/bd/bd/ip/bd_in_system_ibert_0_0/synth/bd_in_system_ibert_0_0.v:370]
WARNING: [Synth 8-7071] port 'gt43_drpen_o' of module 'in_system_ibert_v1_0_26_in_system_ibert' is unconnected for instance 'inst' [/home/russell/ultrasound/fpga/us/us.gen/sources_1/bd/bd/ip/bd_in_system_ibert_0_0/synth/bd_in_system_ibert_0_0.v:370]
WARNING: [Synth 8-7071] port 'gt44_drpen_o' of module 'in_system_ibert_v1_0_26_in_system_ibert' is unconnected for instance 'inst' [/home/russell/ultrasound/fpga/us/us.gen/sources_1/bd/bd/ip/bd_in_system_ibert_0_0/synth/bd_in_system_ibert_0_0.v:370]
WARNING: [Synth 8-7071] port 'gt45_drpen_o' of module 'in_system_ibert_v1_0_26_in_system_ibert' is unconnected for instance 'inst' [/home/russell/ultrasound/fpga/us/us.gen/sources_1/bd/bd/ip/bd_in_system_ibert_0_0/synth/bd_in_system_ibert_0_0.v:370]
WARNING: [Synth 8-7071] port 'gt46_drpen_o' of module 'in_system_ibert_v1_0_26_in_system_ibert' is unconnected for instance 'inst' [/home/russell/ultrasound/fpga/us/us.gen/sources_1/bd/bd/ip/bd_in_system_ibert_0_0/synth/bd_in_system_ibert_0_0.v:370]
WARNING: [Synth 8-7071] port 'gt47_drpen_o' of module 'in_system_ibert_v1_0_26_in_system_ibert' is unconnected for instance 'inst' [/home/russell/ultrasound/fpga/us/us.gen/sources_1/bd/bd/ip/bd_in_system_ibert_0_0/synth/bd_in_system_ibert_0_0.v:370]
WARNING: [Synth 8-7071] port 'gt48_drpen_o' of module 'in_system_ibert_v1_0_26_in_system_ibert' is unconnected for instance 'inst' [/home/russell/ultrasound/fpga/us/us.gen/sources_1/bd/bd/ip/bd_in_system_ibert_0_0/synth/bd_in_system_ibert_0_0.v:370]
WARNING: [Synth 8-7071] port 'gt49_drpen_o' of module 'in_system_ibert_v1_0_26_in_system_ibert' is unconnected for instance 'inst' [/home/russell/ultrasound/fpga/us/us.gen/sources_1/bd/bd/ip/bd_in_system_ibert_0_0/synth/bd_in_system_ibert_0_0.v:370]
WARNING: [Synth 8-7071] port 'gt50_drpen_o' of module 'in_system_ibert_v1_0_26_in_system_ibert' is unconnected for instance 'inst' [/home/russell/ultrasound/fpga/us/us.gen/sources_1/bd/bd/ip/bd_in_system_ibert_0_0/synth/bd_in_system_ibert_0_0.v:370]
WARNING: [Synth 8-7071] port 'gt51_drpen_o' of module 'in_system_ibert_v1_0_26_in_system_ibert' is unconnected for instance 'inst' [/home/russell/ultrasound/fpga/us/us.gen/sources_1/bd/bd/ip/bd_in_system_ibert_0_0/synth/bd_in_system_ibert_0_0.v:370]
WARNING: [Synth 8-7071] port 'gt52_drpen_o' of module 'in_system_ibert_v1_0_26_in_system_ibert' is unconnected for instance 'inst' [/home/russell/ultrasound/fpga/us/us.gen/sources_1/bd/bd/ip/bd_in_system_ibert_0_0/synth/bd_in_system_ibert_0_0.v:370]
WARNING: [Synth 8-7071] port 'gt53_drpen_o' of module 'in_system_ibert_v1_0_26_in_system_ibert' is unconnected for instance 'inst' [/home/russell/ultrasound/fpga/us/us.gen/sources_1/bd/bd/ip/bd_in_system_ibert_0_0/synth/bd_in_system_ibert_0_0.v:370]
WARNING: [Synth 8-7071] port 'gt54_drpen_o' of module 'in_system_ibert_v1_0_26_in_system_ibert' is unconnected for instance 'inst' [/home/russell/ultrasound/fpga/us/us.gen/sources_1/bd/bd/ip/bd_in_system_ibert_0_0/synth/bd_in_system_ibert_0_0.v:370]
WARNING: [Synth 8-7071] port 'gt55_drpen_o' of module 'in_system_ibert_v1_0_26_in_system_ibert' is unconnected for instance 'inst' [/home/russell/ultrasound/fpga/us/us.gen/sources_1/bd/bd/ip/bd_in_system_ibert_0_0/synth/bd_in_system_ibert_0_0.v:370]
WARNING: [Synth 8-7071] port 'gt56_drpen_o' of module 'in_system_ibert_v1_0_26_in_system_ibert' is unconnected for instance 'inst' [/home/russell/ultrasound/fpga/us/us.gen/sources_1/bd/bd/ip/bd_in_system_ibert_0_0/synth/bd_in_system_ibert_0_0.v:370]
WARNING: [Synth 8-7071] port 'gt57_drpen_o' of module 'in_system_ibert_v1_0_26_in_system_ibert' is unconnected for instance 'inst' [/home/russell/ultrasound/fpga/us/us.gen/sources_1/bd/bd/ip/bd_in_system_ibert_0_0/synth/bd_in_system_ibert_0_0.v:370]
WARNING: [Synth 8-7071] port 'gt58_drpen_o' of module 'in_system_ibert_v1_0_26_in_system_ibert' is unconnected for instance 'inst' [/home/russell/ultrasound/fpga/us/us.gen/sources_1/bd/bd/ip/bd_in_system_ibert_0_0/synth/bd_in_system_ibert_0_0.v:370]
WARNING: [Synth 8-7071] port 'gt59_drpen_o' of module 'in_system_ibert_v1_0_26_in_system_ibert' is unconnected for instance 'inst' [/home/russell/ultrasound/fpga/us/us.gen/sources_1/bd/bd/ip/bd_in_system_ibert_0_0/synth/bd_in_system_ibert_0_0.v:370]
WARNING: [Synth 8-7071] port 'gt60_drpen_o' of module 'in_system_ibert_v1_0_26_in_system_ibert' is unconnected for instance 'inst' [/home/russell/ultrasound/fpga/us/us.gen/sources_1/bd/bd/ip/bd_in_system_ibert_0_0/synth/bd_in_system_ibert_0_0.v:370]
WARNING: [Synth 8-7071] port 'gt61_drpen_o' of module 'in_system_ibert_v1_0_26_in_system_ibert' is unconnected for instance 'inst' [/home/russell/ultrasound/fpga/us/us.gen/sources_1/bd/bd/ip/bd_in_system_ibert_0_0/synth/bd_in_system_ibert_0_0.v:370]
WARNING: [Synth 8-7071] port 'gt62_drpen_o' of module 'in_system_ibert_v1_0_26_in_system_ibert' is unconnected for instance 'inst' [/home/russell/ultrasound/fpga/us/us.gen/sources_1/bd/bd/ip/bd_in_system_ibert_0_0/synth/bd_in_system_ibert_0_0.v:370]
WARNING: [Synth 8-7071] port 'gt63_drpen_o' of module 'in_system_ibert_v1_0_26_in_system_ibert' is unconnected for instance 'inst' [/home/russell/ultrasound/fpga/us/us.gen/sources_1/bd/bd/ip/bd_in_system_ibert_0_0/synth/bd_in_system_ibert_0_0.v:370]
WARNING: [Synth 8-7071] port 'gt64_drpen_o' of module 'in_system_ibert_v1_0_26_in_system_ibert' is unconnected for instance 'inst' [/home/russell/ultrasound/fpga/us/us.gen/sources_1/bd/bd/ip/bd_in_system_ibert_0_0/synth/bd_in_system_ibert_0_0.v:370]
WARNING: [Synth 8-7071] port 'gt65_drpen_o' of module 'in_system_ibert_v1_0_26_in_system_ibert' is unconnected for instance 'inst' [/home/russell/ultrasound/fpga/us/us.gen/sources_1/bd/bd/ip/bd_in_system_ibert_0_0/synth/bd_in_system_ibert_0_0.v:370]
WARNING: [Synth 8-7071] port 'gt66_drpen_o' of module 'in_system_ibert_v1_0_26_in_system_ibert' is unconnected for instance 'inst' [/home/russell/ultrasound/fpga/us/us.gen/sources_1/bd/bd/ip/bd_in_system_ibert_0_0/synth/bd_in_system_ibert_0_0.v:370]
WARNING: [Synth 8-7071] port 'gt67_drpen_o' of module 'in_system_ibert_v1_0_26_in_system_ibert' is unconnected for instance 'inst' [/home/russell/ultrasound/fpga/us/us.gen/sources_1/bd/bd/ip/bd_in_system_ibert_0_0/synth/bd_in_system_ibert_0_0.v:370]
WARNING: [Synth 8-7071] port 'gt68_drpen_o' of module 'in_system_ibert_v1_0_26_in_system_ibert' is unconnected for instance 'inst' [/home/russell/ultrasound/fpga/us/us.gen/sources_1/bd/bd/ip/bd_in_system_ibert_0_0/synth/bd_in_system_ibert_0_0.v:370]
WARNING: [Synth 8-7071] port 'gt69_drpen_o' of module 'in_system_ibert_v1_0_26_in_system_ibert' is unconnected for instance 'inst' [/home/russell/ultrasound/fpga/us/us.gen/sources_1/bd/bd/ip/bd_in_system_ibert_0_0/synth/bd_in_system_ibert_0_0.v:370]
WARNING: [Synth 8-7071] port 'gt70_drpen_o' of module 'in_system_ibert_v1_0_26_in_system_ibert' is unconnected for instance 'inst' [/home/russell/ultrasound/fpga/us/us.gen/sources_1/bd/bd/ip/bd_in_system_ibert_0_0/synth/bd_in_system_ibert_0_0.v:370]
WARNING: [Synth 8-7071] port 'gt71_drpen_o' of module 'in_system_ibert_v1_0_26_in_system_ibert' is unconnected for instance 'inst' [/home/russell/ultrasound/fpga/us/us.gen/sources_1/bd/bd/ip/bd_in_system_ibert_0_0/synth/bd_in_system_ibert_0_0.v:370]
WARNING: [Synth 8-7071] port 'gt72_drpen_o' of module 'in_system_ibert_v1_0_26_in_system_ibert' is unconnected for instance 'inst' [/home/russell/ultrasound/fpga/us/us.gen/sources_1/bd/bd/ip/bd_in_system_ibert_0_0/synth/bd_in_system_ibert_0_0.v:370]
WARNING: [Synth 8-7071] port 'gt73_drpen_o' of module 'in_system_ibert_v1_0_26_in_system_ibert' is unconnected for instance 'inst' [/home/russell/ultrasound/fpga/us/us.gen/sources_1/bd/bd/ip/bd_in_system_ibert_0_0/synth/bd_in_system_ibert_0_0.v:370]
WARNING: [Synth 8-7071] port 'gt74_drpen_o' of module 'in_system_ibert_v1_0_26_in_system_ibert' is unconnected for instance 'inst' [/home/russell/ultrasound/fpga/us/us.gen/sources_1/bd/bd/ip/bd_in_system_ibert_0_0/synth/bd_in_system_ibert_0_0.v:370]
WARNING: [Synth 8-7071] port 'gt75_drpen_o' of module 'in_system_ibert_v1_0_26_in_system_ibert' is unconnected for instance 'inst' [/home/russell/ultrasound/fpga/us/us.gen/sources_1/bd/bd/ip/bd_in_system_ibert_0_0/synth/bd_in_system_ibert_0_0.v:370]
WARNING: [Synth 8-7071] port 'gt76_drpen_o' of module 'in_system_ibert_v1_0_26_in_system_ibert' is unconnected for instance 'inst' [/home/russell/ultrasound/fpga/us/us.gen/sources_1/bd/bd/ip/bd_in_system_ibert_0_0/synth/bd_in_system_ibert_0_0.v:370]
WARNING: [Synth 8-7071] port 'gt77_drpen_o' of module 'in_system_ibert_v1_0_26_in_system_ibert' is unconnected for instance 'inst' [/home/russell/ultrasound/fpga/us/us.gen/sources_1/bd/bd/ip/bd_in_system_ibert_0_0/synth/bd_in_system_ibert_0_0.v:370]
WARNING: [Synth 8-7071] port 'gt78_drpen_o' of module 'in_system_ibert_v1_0_26_in_system_ibert' is unconnected for instance 'inst' [/home/russell/ultrasound/fpga/us/us.gen/sources_1/bd/bd/ip/bd_in_system_ibert_0_0/synth/bd_in_system_ibert_0_0.v:370]
WARNING: [Synth 8-7071] port 'gt79_drpen_o' of module 'in_system_ibert_v1_0_26_in_system_ibert' is unconnected for instance 'inst' [/home/russell/ultrasound/fpga/us/us.gen/sources_1/bd/bd/ip/bd_in_system_ibert_0_0/synth/bd_in_system_ibert_0_0.v:370]
WARNING: [Synth 8-7071] port 'gt80_drpen_o' of module 'in_system_ibert_v1_0_26_in_system_ibert' is unconnected for instance 'inst' [/home/russell/ultrasound/fpga/us/us.gen/sources_1/bd/bd/ip/bd_in_system_ibert_0_0/synth/bd_in_system_ibert_0_0.v:370]
WARNING: [Synth 8-7071] port 'gt81_drpen_o' of module 'in_system_ibert_v1_0_26_in_system_ibert' is unconnected for instance 'inst' [/home/russell/ultrasound/fpga/us/us.gen/sources_1/bd/bd/ip/bd_in_system_ibert_0_0/synth/bd_in_system_ibert_0_0.v:370]
WARNING: [Synth 8-7071] port 'gt82_drpen_o' of module 'in_system_ibert_v1_0_26_in_system_ibert' is unconnected for instance 'inst' [/home/russell/ultrasound/fpga/us/us.gen/sources_1/bd/bd/ip/bd_in_system_ibert_0_0/synth/bd_in_system_ibert_0_0.v:370]
WARNING: [Synth 8-7071] port 'gt83_drpen_o' of module 'in_system_ibert_v1_0_26_in_system_ibert' is unconnected for instance 'inst' [/home/russell/ultrasound/fpga/us/us.gen/sources_1/bd/bd/ip/bd_in_system_ibert_0_0/synth/bd_in_system_ibert_0_0.v:370]
WARNING: [Synth 8-7071] port 'gt84_drpen_o' of module 'in_system_ibert_v1_0_26_in_system_ibert' is unconnected for instance 'inst' [/home/russell/ultrasound/fpga/us/us.gen/sources_1/bd/bd/ip/bd_in_system_ibert_0_0/synth/bd_in_system_ibert_0_0.v:370]
WARNING: [Synth 8-7071] port 'gt85_drpen_o' of module 'in_system_ibert_v1_0_26_in_system_ibert' is unconnected for instance 'inst' [/home/russell/ultrasound/fpga/us/us.gen/sources_1/bd/bd/ip/bd_in_system_ibert_0_0/synth/bd_in_system_ibert_0_0.v:370]
WARNING: [Synth 8-7071] port 'gt86_drpen_o' of module 'in_system_ibert_v1_0_26_in_system_ibert' is unconnected for instance 'inst' [/home/russell/ultrasound/fpga/us/us.gen/sources_1/bd/bd/ip/bd_in_system_ibert_0_0/synth/bd_in_system_ibert_0_0.v:370]
WARNING: [Synth 8-7071] port 'gt87_drpen_o' of module 'in_system_ibert_v1_0_26_in_system_ibert' is unconnected for instance 'inst' [/home/russell/ultrasound/fpga/us/us.gen/sources_1/bd/bd/ip/bd_in_system_ibert_0_0/synth/bd_in_system_ibert_0_0.v:370]
WARNING: [Synth 8-7071] port 'gt88_drpen_o' of module 'in_system_ibert_v1_0_26_in_system_ibert' is unconnected for instance 'inst' [/home/russell/ultrasound/fpga/us/us.gen/sources_1/bd/bd/ip/bd_in_system_ibert_0_0/synth/bd_in_system_ibert_0_0.v:370]
WARNING: [Synth 8-7071] port 'gt89_drpen_o' of module 'in_system_ibert_v1_0_26_in_system_ibert' is unconnected for instance 'inst' [/home/russell/ultrasound/fpga/us/us.gen/sources_1/bd/bd/ip/bd_in_system_ibert_0_0/synth/bd_in_system_ibert_0_0.v:370]
WARNING: [Synth 8-7071] port 'gt90_drpen_o' of module 'in_system_ibert_v1_0_26_in_system_ibert' is unconnected for instance 'inst' [/home/russell/ultrasound/fpga/us/us.gen/sources_1/bd/bd/ip/bd_in_system_ibert_0_0/synth/bd_in_system_ibert_0_0.v:370]
WARNING: [Synth 8-7071] port 'gt91_drpen_o' of module 'in_system_ibert_v1_0_26_in_system_ibert' is unconnected for instance 'inst' [/home/russell/ultrasound/fpga/us/us.gen/sources_1/bd/bd/ip/bd_in_system_ibert_0_0/synth/bd_in_system_ibert_0_0.v:370]
WARNING: [Synth 8-7071] port 'gt92_drpen_o' of module 'in_system_ibert_v1_0_26_in_system_ibert' is unconnected for instance 'inst' [/home/russell/ultrasound/fpga/us/us.gen/sources_1/bd/bd/ip/bd_in_system_ibert_0_0/synth/bd_in_system_ibert_0_0.v:370]
WARNING: [Synth 8-7071] port 'gt93_drpen_o' of module 'in_system_ibert_v1_0_26_in_system_ibert' is unconnected for instance 'inst' [/home/russell/ultrasound/fpga/us/us.gen/sources_1/bd/bd/ip/bd_in_system_ibert_0_0/synth/bd_in_system_ibert_0_0.v:370]
WARNING: [Synth 8-7071] port 'gt94_drpen_o' of module 'in_system_ibert_v1_0_26_in_system_ibert' is unconnected for instance 'inst' [/home/russell/ultrasound/fpga/us/us.gen/sources_1/bd/bd/ip/bd_in_system_ibert_0_0/synth/bd_in_system_ibert_0_0.v:370]
WARNING: [Synth 8-7071] port 'gt95_drpen_o' of module 'in_system_ibert_v1_0_26_in_system_ibert' is unconnected for instance 'inst' [/home/russell/ultrasound/fpga/us/us.gen/sources_1/bd/bd/ip/bd_in_system_ibert_0_0/synth/bd_in_system_ibert_0_0.v:370]
WARNING: [Synth 8-7071] port 'gt96_drpen_o' of module 'in_system_ibert_v1_0_26_in_system_ibert' is unconnected for instance 'inst' [/home/russell/ultrasound/fpga/us/us.gen/sources_1/bd/bd/ip/bd_in_system_ibert_0_0/synth/bd_in_system_ibert_0_0.v:370]
WARNING: [Synth 8-7071] port 'gt97_drpen_o' of module 'in_system_ibert_v1_0_26_in_system_ibert' is unconnected for instance 'inst' [/home/russell/ultrasound/fpga/us/us.gen/sources_1/bd/bd/ip/bd_in_system_ibert_0_0/synth/bd_in_system_ibert_0_0.v:370]
WARNING: [Synth 8-7071] port 'gt98_drpen_o' of module 'in_system_ibert_v1_0_26_in_system_ibert' is unconnected for instance 'inst' [/home/russell/ultrasound/fpga/us/us.gen/sources_1/bd/bd/ip/bd_in_system_ibert_0_0/synth/bd_in_system_ibert_0_0.v:370]
WARNING: [Synth 8-7071] port 'gt99_drpen_o' of module 'in_system_ibert_v1_0_26_in_system_ibert' is unconnected for instance 'inst' [/home/russell/ultrasound/fpga/us/us.gen/sources_1/bd/bd/ip/bd_in_system_ibert_0_0/synth/bd_in_system_ibert_0_0.v:370]
WARNING: [Synth 8-7071] port 'gt100_drpen_o' of module 'in_system_ibert_v1_0_26_in_system_ibert' is unconnected for instance 'inst' [/home/russell/ultrasound/fpga/us/us.gen/sources_1/bd/bd/ip/bd_in_system_ibert_0_0/synth/bd_in_system_ibert_0_0.v:370]
INFO: [Common 17-14] Message 'Synth 8-7071' appears 100 times and further instances of the messages will be disabled. Use the Tcl command set_msg_config to change the current settings.
WARNING: [Synth 8-7023] instance 'inst' of module 'in_system_ibert_v1_0_26_in_system_ibert' has 1071 connections declared, but only 23 given [/home/russell/ultrasound/fpga/us/us.gen/sources_1/bd/bd/ip/bd_in_system_ibert_0_0/synth/bd_in_system_ibert_0_0.v:370]
INFO: [Synth 8-6155] done synthesizing module 'bd_in_system_ibert_0_0' (0#1) [/home/russell/ultrasound/fpga/us/us.gen/sources_1/bd/bd/ip/bd_in_system_ibert_0_0/synth/bd_in_system_ibert_0_0.v:52]
WARNING: [Synth 8-3848] Net sl_iport0 in module/entity bd_in_system_ibert_0_0 does not have driver. [/home/russell/ultrasound/fpga/us/us.gen/sources_1/bd/bd/ip/bd_in_system_ibert_0_0/synth/bd_in_system_ibert_0_0.v:92]
WARNING: [Synth 8-7129] Port Reset in module intr_ctrl is either unconnected or has no load
WARNING: [Synth 8-7129] Port INTR[31] in module intr_ctrl is either unconnected or has no load
WARNING: [Synth 8-7129] Port INTR[30] in module intr_ctrl is either unconnected or has no load
WARNING: [Synth 8-7129] Port INTR[29] in module intr_ctrl is either unconnected or has no load
WARNING: [Synth 8-7129] Port INTR[28] in module intr_ctrl is either unconnected or has no load
WARNING: [Synth 8-7129] Port INTR[27] in module intr_ctrl is either unconnected or has no load
WARNING: [Synth 8-7129] Port INTR[26] in module intr_ctrl is either unconnected or has no load
WARNING: [Synth 8-7129] Port INTR[25] in module intr_ctrl is either unconnected or has no load
WARNING: [Synth 8-7129] Port INTR[24] in module intr_ctrl is either unconnected or has no load
WARNING: [Synth 8-7129] Port INTR[23] in module intr_ctrl is either unconnected or has no load
WARNING: [Synth 8-7129] Port INTR[22] in module intr_ctrl is either unconnected or has no load
WARNING: [Synth 8-7129] Port INTR[21] in module intr_ctrl is either unconnected or has no load
WARNING: [Synth 8-7129] Port INTR[20] in module intr_ctrl is either unconnected or has no load
WARNING: [Synth 8-7129] Port INTR[19] in module intr_ctrl is either unconnected or has no load
WARNING: [Synth 8-7129] Port INTR[18] in module intr_ctrl is either unconnected or has no load
WARNING: [Synth 8-7129] Port INTR[17] in module intr_ctrl is either unconnected or has no load
WARNING: [Synth 8-7129] Port INTR[16] in module intr_ctrl is either unconnected or has no load
WARNING: [Synth 8-7129] Port INTR[15] in module intr_ctrl is either unconnected or has no load
WARNING: [Synth 8-7129] Port INTR[14] in module intr_ctrl is either unconnected or has no load
WARNING: [Synth 8-7129] Port INTR[13] in module intr_ctrl is either unconnected or has no load
WARNING: [Synth 8-7129] Port INTR[12] in module intr_ctrl is either unconnected or has no load
WARNING: [Synth 8-7129] Port INTR[11] in module intr_ctrl is either unconnected or has no load
WARNING: [Synth 8-7129] Port INTR[10] in module intr_ctrl is either unconnected or has no load
WARNING: [Synth 8-7129] Port INTR[9] in module intr_ctrl is either unconnected or has no load
WARNING: [Synth 8-7129] Port INTR[8] in module intr_ctrl is either unconnected or has no load
WARNING: [Synth 8-7129] Port INTR[7] in module intr_ctrl is either unconnected or has no load
WARNING: [Synth 8-7129] Port INTR[6] in module intr_ctrl is either unconnected or has no load
WARNING: [Synth 8-7129] Port INTR[5] in module intr_ctrl is either unconnected or has no load
WARNING: [Synth 8-7129] Port INTR[4] in module intr_ctrl is either unconnected or has no load
WARNING: [Synth 8-7129] Port INTR[3] in module intr_ctrl is either unconnected or has no load
WARNING: [Synth 8-7129] Port INTR[2] in module intr_ctrl is either unconnected or has no load
WARNING: [Synth 8-7129] Port INTR[1] in module intr_ctrl is either unconnected or has no load
WARNING: [Synth 8-7129] Port INTR[0] in module intr_ctrl is either unconnected or has no load
WARNING: [Synth 8-7129] Port INTR_ACK[1] in module intr_ctrl is either unconnected or has no load
WARNING: [Synth 8-7129] Port INTR_ACK[0] in module intr_ctrl is either unconnected or has no load
WARNING: [Synth 8-7129] Port INTC_WRITE_CIAR in module intr_ctrl is either unconnected or has no load
WARNING: [Synth 8-7129] Port INTC_WRITE_CIER in module intr_ctrl is either unconnected or has no load
WARNING: [Synth 8-7129] Port INTC_WRITE_CIMR in module intr_ctrl is either unconnected or has no load
WARNING: [Synth 8-7129] Port INTC_WRITE_CIVAR in module intr_ctrl is either unconnected or has no load
WARNING: [Synth 8-7129] Port INTC_CIVAR_ADDR[4] in module intr_ctrl is either unconnected or has no load
WARNING: [Synth 8-7129] Port INTC_CIVAR_ADDR[3] in module intr_ctrl is either unconnected or has no load
WARNING: [Synth 8-7129] Port INTC_CIVAR_ADDR[2] in module intr_ctrl is either unconnected or has no load
WARNING: [Synth 8-7129] Port INTC_CIVAR_ADDR[1] in module intr_ctrl is either unconnected or has no load
WARNING: [Synth 8-7129] Port INTC_CIVAR_ADDR[0] in module intr_ctrl is either unconnected or has no load
WARNING: [Synth 8-7129] Port Write_Data[31] in module intr_ctrl is either unconnected or has no load
WARNING: [Synth 8-7129] Port Write_Data[30] in module intr_ctrl is either unconnected or has no load
WARNING: [Synth 8-7129] Port Write_Data[29] in module intr_ctrl is either unconnected or has no load
WARNING: [Synth 8-7129] Port Write_Data[28] in module intr_ctrl is either unconnected or has no load
WARNING: [Synth 8-7129] Port Write_Data[27] in module intr_ctrl is either unconnected or has no load
WARNING: [Synth 8-7129] Port Write_Data[26] in module intr_ctrl is either unconnected or has no load
WARNING: [Synth 8-7129] Port Write_Data[25] in module intr_ctrl is either unconnected or has no load
WARNING: [Synth 8-7129] Port Write_Data[24] in module intr_ctrl is either unconnected or has no load
WARNING: [Synth 8-7129] Port Write_Data[23] in module intr_ctrl is either unconnected or has no load
WARNING: [Synth 8-7129] Port Write_Data[22] in module intr_ctrl is either unconnected or has no load
WARNING: [Synth 8-7129] Port Write_Data[21] in module intr_ctrl is either unconnected or has no load
WARNING: [Synth 8-7129] Port Write_Data[20] in module intr_ctrl is either unconnected or has no load
WARNING: [Synth 8-7129] Port Write_Data[19] in module intr_ctrl is either unconnected or has no load
WARNING: [Synth 8-7129] Port Write_Data[18] in module intr_ctrl is either unconnected or has no load
WARNING: [Synth 8-7129] Port Write_Data[17] in module intr_ctrl is either unconnected or has no load
WARNING: [Synth 8-7129] Port Write_Data[16] in module intr_ctrl is either unconnected or has no load
WARNING: [Synth 8-7129] Port Write_Data[15] in module intr_ctrl is either unconnected or has no load
WARNING: [Synth 8-7129] Port Write_Data[14] in module intr_ctrl is either unconnected or has no load
WARNING: [Synth 8-7129] Port Write_Data[13] in module intr_ctrl is either unconnected or has no load
WARNING: [Synth 8-7129] Port Write_Data[12] in module intr_ctrl is either unconnected or has no load
WARNING: [Synth 8-7129] Port Write_Data[11] in module intr_ctrl is either unconnected or has no load
WARNING: [Synth 8-7129] Port Write_Data[10] in module intr_ctrl is either unconnected or has no load
WARNING: [Synth 8-7129] Port Write_Data[9] in module intr_ctrl is either unconnected or has no load
WARNING: [Synth 8-7129] Port Write_Data[8] in module intr_ctrl is either unconnected or has no load
WARNING: [Synth 8-7129] Port Write_Data[7] in module intr_ctrl is either unconnected or has no load
WARNING: [Synth 8-7129] Port Write_Data[6] in module intr_ctrl is either unconnected or has no load
WARNING: [Synth 8-7129] Port Write_Data[5] in module intr_ctrl is either unconnected or has no load
WARNING: [Synth 8-7129] Port Write_Data[4] in module intr_ctrl is either unconnected or has no load
WARNING: [Synth 8-7129] Port Write_Data[3] in module intr_ctrl is either unconnected or has no load
WARNING: [Synth 8-7129] Port Write_Data[2] in module intr_ctrl is either unconnected or has no load
WARNING: [Synth 8-7129] Port Write_Data[1] in module intr_ctrl is either unconnected or has no load
WARNING: [Synth 8-7129] Port Write_Data[0] in module intr_ctrl is either unconnected or has no load
WARNING: [Synth 8-7129] Port INTC_READ_CISR in module intr_ctrl is either unconnected or has no load
WARNING: [Synth 8-7129] Port Clk in module GPI_Module is either unconnected or has no load
WARNING: [Synth 8-7129] Port Reset in module GPI_Module is either unconnected or has no load
WARNING: [Synth 8-7129] Port GPI_Read in module GPI_Module is either unconnected or has no load
WARNING: [Synth 8-7129] Port GPI[31] in module GPI_Module is either unconnected or has no load
WARNING: [Synth 8-7129] Port GPI[30] in module GPI_Module is either unconnected or has no load
WARNING: [Synth 8-7129] Port GPI[29] in module GPI_Module is either unconnected or has no load
WARNING: [Synth 8-7129] Port GPI[28] in module GPI_Module is either unconnected or has no load
WARNING: [Synth 8-7129] Port GPI[27] in module GPI_Module is either unconnected or has no load
WARNING: [Synth 8-7129] Port GPI[26] in module GPI_Module is either unconnected or has no load
WARNING: [Synth 8-7129] Port GPI[25] in module GPI_Module is either unconnected or has no load
WARNING: [Synth 8-7129] Port GPI[24] in module GPI_Module is either unconnected or has no load
WARNING: [Synth 8-7129] Port GPI[23] in module GPI_Module is either unconnected or has no load
WARNING: [Synth 8-7129] Port GPI[22] in module GPI_Module is either unconnected or has no load
WARNING: [Synth 8-7129] Port GPI[21] in module GPI_Module is either unconnected or has no load
WARNING: [Synth 8-7129] Port GPI[20] in module GPI_Module is either unconnected or has no load
WARNING: [Synth 8-7129] Port GPI[19] in module GPI_Module is either unconnected or has no load
WARNING: [Synth 8-7129] Port GPI[18] in module GPI_Module is either unconnected or has no load
WARNING: [Synth 8-7129] Port GPI[17] in module GPI_Module is either unconnected or has no load
WARNING: [Synth 8-7129] Port GPI[16] in module GPI_Module is either unconnected or has no load
WARNING: [Synth 8-7129] Port GPI[15] in module GPI_Module is either unconnected or has no load
WARNING: [Synth 8-7129] Port GPI[14] in module GPI_Module is either unconnected or has no load
WARNING: [Synth 8-7129] Port GPI[13] in module GPI_Module is either unconnected or has no load
WARNING: [Synth 8-7129] Port GPI[12] in module GPI_Module is either unconnected or has no load
INFO: [Common 17-14] Message 'Synth 8-7129' appears 100 times and further instances of the messages will be disabled. Use the Tcl command set_msg_config to change the current settings.
---------------------------------------------------------------------------------
Finished RTL Elaboration : Time (s): cpu = 00:00:13 ; elapsed = 00:00:14 . Memory (MB): peak = 2759.062 ; gain = 765.195 ; free physical = 383 ; free virtual = 29118
---------------------------------------------------------------------------------
---------------------------------------------------------------------------------
Start Handling Custom Attributes
---------------------------------------------------------------------------------
---------------------------------------------------------------------------------
Finished Handling Custom Attributes : Time (s): cpu = 00:00:13 ; elapsed = 00:00:15 . Memory (MB): peak = 2759.062 ; gain = 765.195 ; free physical = 400 ; free virtual = 29108
---------------------------------------------------------------------------------
---------------------------------------------------------------------------------
Finished RTL Optimization Phase 1 : Time (s): cpu = 00:00:13 ; elapsed = 00:00:15 . Memory (MB): peak = 2759.062 ; gain = 765.195 ; free physical = 400 ; free virtual = 29108
---------------------------------------------------------------------------------
Netlist sorting complete. Time (s): cpu = 00:00:00.13 ; elapsed = 00:00:00.13 . Memory (MB): peak = 2759.062 ; gain = 0.000 ; free physical = 352 ; free virtual = 28988
INFO: [Netlist 29-17] Analyzing 50 Unisim elements for replacement
INFO: [Netlist 29-28] Unisim Transformation completed in 0 CPU seconds
INFO: [Project 1-570] Preparing netlist for logic optimization

Processing XDC Constraints
Initializing timing engine
Parsing XDC File [/home/russell/ultrasound/fpga/us/us.gen/sources_1/bd/bd/ip/bd_in_system_ibert_0_0/bd_in_system_ibert_0_0_ooc.xdc] for cell 'inst'
create_clock: Time (s): cpu = 00:00:08 ; elapsed = 00:00:08 . Memory (MB): peak = 2799.082 ; gain = 0.000 ; free physical = 446 ; free virtual = 27598
Finished Parsing XDC File [/home/russell/ultrasound/fpga/us/us.gen/sources_1/bd/bd/ip/bd_in_system_ibert_0_0/bd_in_system_ibert_0_0_ooc.xdc] for cell 'inst'
Parsing XDC File [/home/russell/ultrasound/fpga/us/us.gen/sources_1/bd/bd/ip/bd_in_system_ibert_0_0/synth/sw_mcs_all.xdc] for cell 'inst'
Finished Parsing XDC File [/home/russell/ultrasound/fpga/us/us.gen/sources_1/bd/bd/ip/bd_in_system_ibert_0_0/synth/sw_mcs_all.xdc] for cell 'inst'
Parsing XDC File [/home/russell/ultrasound/fpga/us/us.gen/sources_1/bd/bd/ip/bd_in_system_ibert_0_0/synth/bd_in_system_ibert_0_0.xdc] for cell 'inst'
Finished Parsing XDC File [/home/russell/ultrasound/fpga/us/us.gen/sources_1/bd/bd/ip/bd_in_system_ibert_0_0/synth/bd_in_system_ibert_0_0.xdc] for cell 'inst'
INFO: [Project 1-236] Implementation specific constraints were found while reading constraint file [/home/russell/ultrasound/fpga/us/us.gen/sources_1/bd/bd/ip/bd_in_system_ibert_0_0/synth/bd_in_system_ibert_0_0.xdc]. These constraints will be ignored for synthesis but will be used in implementation. Impacted constraints are listed in the file [.Xil/bd_in_system_ibert_0_0_propImpl.xdc].
Resolution: To avoid this warning, move constraints listed in [.Xil/bd_in_system_ibert_0_0_propImpl.xdc] to another XDC file and exclude this new file from synthesis with the used_in_synthesis property (File Properties dialog in GUI) and re-run elaboration/synthesis.
Parsing XDC File [/home/russell/ultrasound/fpga/us/us.gen/sources_1/bd/bd/ip/bd_in_system_ibert_0_0/synth/ibert_waivers.xdc] for cell 'inst'
Finished Parsing XDC File [/home/russell/ultrasound/fpga/us/us.gen/sources_1/bd/bd/ip/bd_in_system_ibert_0_0/synth/ibert_waivers.xdc] for cell 'inst'
INFO: [Project 1-236] Implementation specific constraints were found while reading constraint file [/home/russell/ultrasound/fpga/us/us.gen/sources_1/bd/bd/ip/bd_in_system_ibert_0_0/synth/ibert_waivers.xdc]. These constraints will be ignored for synthesis but will be used in implementation. Impacted constraints are listed in the file [.Xil/bd_in_system_ibert_0_0_propImpl.xdc].
Resolution: To avoid this warning, move constraints listed in [.Xil/bd_in_system_ibert_0_0_propImpl.xdc] to another XDC file and exclude this new file from synthesis with the used_in_synthesis property (File Properties dialog in GUI) and re-run elaboration/synthesis.
Parsing XDC File [/home/russell/ultrasound/fpga/us/us.runs/bd_in_system_ibert_0_0_synth_1/dont_touch.xdc]
Finished Parsing XDC File [/home/russell/ultrasound/fpga/us/us.runs/bd_in_system_ibert_0_0_synth_1/dont_touch.xdc]
Completed Processing XDC Constraints

Netlist sorting complete. Time (s): cpu = 00:00:00.01 ; elapsed = 00:00:00.01 . Memory (MB): peak = 2799.082 ; gain = 0.000 ; free physical = 472 ; free virtual = 27339
INFO: [Project 1-111] Unisim Transformation Summary:
  A total of 50 instances were transformed.
  FDR => FDRE: 32 instances
  FDS => FDSE: 2 instances
  RAMB36E1 => RAMB36E2: 16 instances

Constraint Validation Runtime : Time (s): cpu = 00:00:00.39 ; elapsed = 00:00:00.44 . Memory (MB): peak = 2799.117 ; gain = 0.000 ; free physical = 1073 ; free virtual = 27711
INFO: [Designutils 20-5008] Incremental synthesis strategy off
---------------------------------------------------------------------------------
Finished Constraint Validation : Time (s): cpu = 00:00:30 ; elapsed = 00:00:32 . Memory (MB): peak = 2799.117 ; gain = 805.250 ; free physical = 8786 ; free virtual = 35453
---------------------------------------------------------------------------------
---------------------------------------------------------------------------------
Start Loading Part and Timing Information
---------------------------------------------------------------------------------
Loading part: xcau15p-ffvb676-2-i
INFO: [Synth 8-6742] Reading net delay rules and data
---------------------------------------------------------------------------------
Finished Loading Part and Timing Information : Time (s): cpu = 00:00:30 ; elapsed = 00:00:32 . Memory (MB): peak = 2807.086 ; gain = 813.219 ; free physical = 8777 ; free virtual = 35445
---------------------------------------------------------------------------------
---------------------------------------------------------------------------------
Start Applying 'set_property' XDC Constraints
---------------------------------------------------------------------------------
---------------------------------------------------------------------------------
Finished applying 'set_property' XDC Constraints : Time (s): cpu = 00:00:32 ; elapsed = 00:00:34 . Memory (MB): peak = 2807.086 ; gain = 813.219 ; free physical = 11968 ; free virtual = 38699
---------------------------------------------------------------------------------
INFO: [Synth 8-802] inferred FSM for state register 'arb_state_reg' in module 'ibert_lib_v1_0_14_drp_arbiter'
---------------------------------------------------------------------------------------------------
                   State |                     New Encoding |                Previous Encoding 
---------------------------------------------------------------------------------------------------
               ARB_START |                             0001 |                             0001
                ARB_WAIT |                             0010 |                             0010
              ARB_REPORT |                             0100 |                             0100
                 ARB_INC |                             1000 |                             1000
---------------------------------------------------------------------------------------------------
INFO: [Synth 8-3354] encoded FSM with state register 'arb_state_reg' using encoding 'one-hot' in module 'ibert_lib_v1_0_14_drp_arbiter'
---------------------------------------------------------------------------------
Finished RTL Optimization Phase 2 : Time (s): cpu = 00:00:34 ; elapsed = 00:00:36 . Memory (MB): peak = 2807.086 ; gain = 813.219 ; free physical = 12583 ; free virtual = 39337
---------------------------------------------------------------------------------
INFO: [Synth 8-223] decloning instance 'inst/mcs_0/iomodule_0/IOModule_Core_I1/FIT_I1' (FIT_Module) to 'inst/mcs_0/iomodule_0/IOModule_Core_I1/FIT_I2'
INFO: [Synth 8-223] decloning instance 'inst/mcs_0/iomodule_0/IOModule_Core_I1/FIT_I1' (FIT_Module) to 'inst/mcs_0/iomodule_0/IOModule_Core_I1/FIT_I3'
INFO: [Synth 8-223] decloning instance 'inst/mcs_0/iomodule_0/IOModule_Core_I1/FIT_I1' (FIT_Module) to 'inst/mcs_0/iomodule_0/IOModule_Core_I1/FIT_I4'
---------------------------------------------------------------------------------
Start RTL Component Statistics 
---------------------------------------------------------------------------------
Detailed RTL Component Info : 
+---Adders : 
	   2 Input    8 Bit       Adders := 1     
	   2 Input    2 Bit       Adders := 1     
+---XORs : 
	   2 Input     11 Bit         XORs := 6     
	   2 Input      1 Bit         XORs := 53    
+---Registers : 
	             4096 Bit    Registers := 1     
	              128 Bit    Registers := 1     
	               51 Bit    Registers := 1     
	               48 Bit    Registers := 2     
	               32 Bit    Registers := 45    
	               17 Bit    Registers := 3     
	               16 Bit    Registers := 23    
	               15 Bit    Registers := 1     
	                8 Bit    Registers := 1     
	                7 Bit    Registers := 1     
	                6 Bit    Registers := 1     
	                5 Bit    Registers := 3     
	                4 Bit    Registers := 3     
	                3 Bit    Registers := 10    
	                2 Bit    Registers := 7     
	                1 Bit    Registers := 328   
+---RAMs : 
	              31K Bit	(2038 X 16 bit)          RAMs := 1     
+---Muxes : 
	   4 Input   48 Bit        Muxes := 1     
	   2 Input   32 Bit        Muxes := 3     
	   2 Input   24 Bit        Muxes := 1     
	   4 Input   17 Bit        Muxes := 1     
	   4 Input   16 Bit        Muxes := 1     
	   2 Input   16 Bit        Muxes := 6     
	   2 Input    8 Bit        Muxes := 8     
	   4 Input    8 Bit        Muxes := 1     
	   2 Input    7 Bit        Muxes := 2     
	   3 Input    5 Bit        Muxes := 2     
	   2 Input    5 Bit        Muxes := 1     
	   4 Input    4 Bit        Muxes := 1     
	   2 Input    4 Bit        Muxes := 4     
	   2 Input    3 Bit        Muxes := 5     
	   4 Input    3 Bit        Muxes := 1     
	   2 Input    2 Bit        Muxes := 9     
	   2 Input    1 Bit        Muxes := 400   
	   4 Input    1 Bit        Muxes := 5     
	   3 Input    1 Bit        Muxes := 1     
	   9 Input    1 Bit        Muxes := 1     
	   7 Input    1 Bit        Muxes := 5     
---------------------------------------------------------------------------------
Finished RTL Component Statistics 
---------------------------------------------------------------------------------
---------------------------------------------------------------------------------
Start Part Resource Summary
---------------------------------------------------------------------------------
Part Resources:
DSPs: 576 (col length:72)
BRAMs: 288 (col length: RAMB18 72 RAMB36 36)
---------------------------------------------------------------------------------
Finished Part Resource Summary
---------------------------------------------------------------------------------
---------------------------------------------------------------------------------
Start Cross Boundary and Area Optimization
---------------------------------------------------------------------------------
WARNING: [Synth 8-3332] Sequential element (mcs_0/iomodule_0/IOModule_Core_I1/intr_ctrl_I1/cipr_rd_dff_all[0].fdr_i) is unused and will be removed from module in_system_ibert_v1_0_26_in_system_ibert.
WARNING: [Synth 8-3332] Sequential element (mcs_0/iomodule_0/IOModule_Core_I1/intr_ctrl_I1/cipr_rd_dff_all[1].fdr_i) is unused and will be removed from module in_system_ibert_v1_0_26_in_system_ibert.
WARNING: [Synth 8-3332] Sequential element (mcs_0/iomodule_0/IOModule_Core_I1/intr_ctrl_I1/cipr_rd_dff_all[2].fdr_i) is unused and will be removed from module in_system_ibert_v1_0_26_in_system_ibert.
WARNING: [Synth 8-3332] Sequential element (mcs_0/iomodule_0/IOModule_Core_I1/intr_ctrl_I1/cipr_rd_dff_all[3].fdr_i) is unused and will be removed from module in_system_ibert_v1_0_26_in_system_ibert.
WARNING: [Synth 8-3332] Sequential element (mcs_0/iomodule_0/IOModule_Core_I1/intr_ctrl_I1/cipr_rd_dff_all[4].fdr_i) is unused and will be removed from module in_system_ibert_v1_0_26_in_system_ibert.
WARNING: [Synth 8-3332] Sequential element (mcs_0/iomodule_0/IOModule_Core_I1/intr_ctrl_I1/cipr_rd_dff_all[5].fdr_i) is unused and will be removed from module in_system_ibert_v1_0_26_in_system_ibert.
WARNING: [Synth 8-3332] Sequential element (mcs_0/iomodule_0/IOModule_Core_I1/intr_ctrl_I1/cipr_rd_dff_all[6].fdr_i) is unused and will be removed from module in_system_ibert_v1_0_26_in_system_ibert.
WARNING: [Synth 8-3332] Sequential element (mcs_0/iomodule_0/IOModule_Core_I1/intr_ctrl_I1/cipr_rd_dff_all[7].fdr_i) is unused and will be removed from module in_system_ibert_v1_0_26_in_system_ibert.
WARNING: [Synth 8-3332] Sequential element (mcs_0/iomodule_0/IOModule_Core_I1/intr_ctrl_I1/cipr_rd_dff_all[8].fdr_i) is unused and will be removed from module in_system_ibert_v1_0_26_in_system_ibert.
WARNING: [Synth 8-3332] Sequential element (mcs_0/iomodule_0/IOModule_Core_I1/intr_ctrl_I1/cipr_rd_dff_all[9].fdr_i) is unused and will be removed from module in_system_ibert_v1_0_26_in_system_ibert.
WARNING: [Synth 8-3332] Sequential element (mcs_0/iomodule_0/IOModule_Core_I1/intr_ctrl_I1/cipr_rd_dff_all[10].fdr_i) is unused and will be removed from module in_system_ibert_v1_0_26_in_system_ibert.
WARNING: [Synth 8-3332] Sequential element (mcs_0/iomodule_0/IOModule_Core_I1/intr_ctrl_I1/cipr_rd_dff_all[11].fdr_i) is unused and will be removed from module in_system_ibert_v1_0_26_in_system_ibert.
WARNING: [Synth 8-3332] Sequential element (mcs_0/iomodule_0/IOModule_Core_I1/intr_ctrl_I1/cipr_rd_dff_all[12].fdr_i) is unused and will be removed from module in_system_ibert_v1_0_26_in_system_ibert.
WARNING: [Synth 8-3332] Sequential element (mcs_0/iomodule_0/IOModule_Core_I1/intr_ctrl_I1/cipr_rd_dff_all[13].fdr_i) is unused and will be removed from module in_system_ibert_v1_0_26_in_system_ibert.
WARNING: [Synth 8-3332] Sequential element (mcs_0/iomodule_0/IOModule_Core_I1/intr_ctrl_I1/cipr_rd_dff_all[14].fdr_i) is unused and will be removed from module in_system_ibert_v1_0_26_in_system_ibert.
WARNING: [Synth 8-3332] Sequential element (mcs_0/iomodule_0/IOModule_Core_I1/intr_ctrl_I1/cipr_rd_dff_all[15].fdr_i) is unused and will be removed from module in_system_ibert_v1_0_26_in_system_ibert.
WARNING: [Synth 8-3332] Sequential element (mcs_0/iomodule_0/IOModule_Core_I1/intr_ctrl_I1/cipr_rd_dff_all[16].fdr_i) is unused and will be removed from module in_system_ibert_v1_0_26_in_system_ibert.
WARNING: [Synth 8-3332] Sequential element (mcs_0/iomodule_0/IOModule_Core_I1/intr_ctrl_I1/cipr_rd_dff_all[17].fdr_i) is unused and will be removed from module in_system_ibert_v1_0_26_in_system_ibert.
WARNING: [Synth 8-3332] Sequential element (mcs_0/iomodule_0/IOModule_Core_I1/intr_ctrl_I1/cipr_rd_dff_all[18].fdr_i) is unused and will be removed from module in_system_ibert_v1_0_26_in_system_ibert.
WARNING: [Synth 8-3332] Sequential element (mcs_0/iomodule_0/IOModule_Core_I1/intr_ctrl_I1/cipr_rd_dff_all[19].fdr_i) is unused and will be removed from module in_system_ibert_v1_0_26_in_system_ibert.
WARNING: [Synth 8-3332] Sequential element (mcs_0/iomodule_0/IOModule_Core_I1/intr_ctrl_I1/cipr_rd_dff_all[20].fdr_i) is unused and will be removed from module in_system_ibert_v1_0_26_in_system_ibert.
WARNING: [Synth 8-3332] Sequential element (mcs_0/iomodule_0/IOModule_Core_I1/intr_ctrl_I1/cipr_rd_dff_all[21].fdr_i) is unused and will be removed from module in_system_ibert_v1_0_26_in_system_ibert.
WARNING: [Synth 8-3332] Sequential element (mcs_0/iomodule_0/IOModule_Core_I1/intr_ctrl_I1/cipr_rd_dff_all[22].fdr_i) is unused and will be removed from module in_system_ibert_v1_0_26_in_system_ibert.
WARNING: [Synth 8-3332] Sequential element (mcs_0/iomodule_0/IOModule_Core_I1/intr_ctrl_I1/cipr_rd_dff_all[23].fdr_i) is unused and will be removed from module in_system_ibert_v1_0_26_in_system_ibert.
WARNING: [Synth 8-3332] Sequential element (mcs_0/iomodule_0/IOModule_Core_I1/intr_ctrl_I1/cipr_rd_dff_all[24].fdr_i) is unused and will be removed from module in_system_ibert_v1_0_26_in_system_ibert.
WARNING: [Synth 8-3332] Sequential element (mcs_0/iomodule_0/IOModule_Core_I1/intr_ctrl_I1/cipr_rd_dff_all[25].fdr_i) is unused and will be removed from module in_system_ibert_v1_0_26_in_system_ibert.
WARNING: [Synth 8-3332] Sequential element (mcs_0/iomodule_0/IOModule_Core_I1/intr_ctrl_I1/cipr_rd_dff_all[26].fdr_i) is unused and will be removed from module in_system_ibert_v1_0_26_in_system_ibert.
WARNING: [Synth 8-3332] Sequential element (mcs_0/iomodule_0/IOModule_Core_I1/intr_ctrl_I1/cipr_rd_dff_all[27].fdr_i) is unused and will be removed from module in_system_ibert_v1_0_26_in_system_ibert.
WARNING: [Synth 8-3332] Sequential element (mcs_0/iomodule_0/IOModule_Core_I1/intr_ctrl_I1/cipr_rd_dff_all[28].fdr_i) is unused and will be removed from module in_system_ibert_v1_0_26_in_system_ibert.
WARNING: [Synth 8-3332] Sequential element (mcs_0/iomodule_0/IOModule_Core_I1/intr_ctrl_I1/cipr_rd_dff_all[29].fdr_i) is unused and will be removed from module in_system_ibert_v1_0_26_in_system_ibert.
WARNING: [Synth 8-3332] Sequential element (mcs_0/iomodule_0/IOModule_Core_I1/intr_ctrl_I1/cipr_rd_dff_all[30].fdr_i) is unused and will be removed from module in_system_ibert_v1_0_26_in_system_ibert.
WARNING: [Synth 8-3332] Sequential element (mcs_0/iomodule_0/IOModule_Core_I1/intr_ctrl_I1/cipr_rd_dff_all[31].fdr_i) is unused and will be removed from module in_system_ibert_v1_0_26_in_system_ibert.
---------------------------------------------------------------------------------
Finished Cross Boundary and Area Optimization : Time (s): cpu = 00:00:41 ; elapsed = 00:00:44 . Memory (MB): peak = 2807.086 ; gain = 813.219 ; free physical = 20476 ; free virtual = 47260
---------------------------------------------------------------------------------
---------------------------------------------------------------------------------
Start ROM, RAM, DSP, Shift Register and Retiming Reporting
---------------------------------------------------------------------------------

Block RAM: Preliminary Mapping Report (see note below)
+-------------------------------------+------------+------------------------+---+---+------------------------+---+---+------------------+--------+--------+-----------------+
|Module Name                          | RTL Object | PORT A (Depth x Width) | W | R | PORT B (Depth x Width) | W | R | Ports driving FF | RAMB18 | RAMB36 | Cascade Heights | 
+-------------------------------------+------------+------------------------+---+---+------------------------+---+---+------------------+--------+--------+-----------------+
|inst/\GTHE4_CH[0].u_gthe4_ch /i_regs | myram_reg  | 1 K x 16(WRITE_FIRST)  | W | R |                        |   |   | Port A           | 0      | 1      | 1               | 
+-------------------------------------+------------+------------------------+---+---+------------------------+---+---+------------------+--------+--------+-----------------+

Note: The table above is a preliminary report that shows the Block RAMs at the current stage of the synthesis flow. Some Block RAMs may be reimplemented as non Block RAM primitives later in the synthesis flow. Multiple instantiated Block RAMs are reported only once. 
---------------------------------------------------------------------------------
Finished ROM, RAM, DSP, Shift Register and Retiming Reporting
---------------------------------------------------------------------------------
---------------------------------------------------------------------------------
Start Applying XDC Timing Constraints
---------------------------------------------------------------------------------
---------------------------------------------------------------------------------
Finished Applying XDC Timing Constraints : Time (s): cpu = 00:00:44 ; elapsed = 00:00:46 . Memory (MB): peak = 2968.191 ; gain = 974.324 ; free physical = 22028 ; free virtual = 48822
---------------------------------------------------------------------------------
---------------------------------------------------------------------------------
Start Timing Optimization
---------------------------------------------------------------------------------
---------------------------------------------------------------------------------
Finished Timing Optimization : Time (s): cpu = 00:00:46 ; elapsed = 00:00:49 . Memory (MB): peak = 3016.230 ; gain = 1022.363 ; free physical = 22065 ; free virtual = 48875
---------------------------------------------------------------------------------
---------------------------------------------------------------------------------
Start ROM, RAM, DSP, Shift Register and Retiming Reporting
---------------------------------------------------------------------------------

Block RAM: Final Mapping Report
+-------------------------------------+------------+------------------------+---+---+------------------------+---+---+------------------+--------+--------+-----------------+
|Module Name                          | RTL Object | PORT A (Depth x Width) | W | R | PORT B (Depth x Width) | W | R | Ports driving FF | RAMB18 | RAMB36 | Cascade Heights | 
+-------------------------------------+------------+------------------------+---+---+------------------------+---+---+------------------+--------+--------+-----------------+
|inst/\GTHE4_CH[0].u_gthe4_ch /i_regs | myram_reg  | 1 K x 16(WRITE_FIRST)  | W | R |                        |   |   | Port A           | 0      | 1      | 1               | 
+-------------------------------------+------------+------------------------+---+---+------------------------+---+---+------------------+--------+--------+-----------------+

---------------------------------------------------------------------------------
Finished ROM, RAM, DSP, Shift Register and Retiming Reporting
---------------------------------------------------------------------------------
---------------------------------------------------------------------------------
Start Technology Mapping
---------------------------------------------------------------------------------
INFO: [Synth 8-7052] The timing for the instance inst/GTHE4_CH[0].u_gthe4_ch/i_regs/myram_reg_bram_0 (implemented as a Block RAM) might be sub-optimal as no optional output register could be merged into the ram block. Providing additional output register may help in improving timing.
---------------------------------------------------------------------------------
Finished Technology Mapping : Time (s): cpu = 00:00:47 ; elapsed = 00:00:50 . Memory (MB): peak = 3025.246 ; gain = 1031.379 ; free physical = 21883 ; free virtual = 48704
---------------------------------------------------------------------------------
---------------------------------------------------------------------------------
Start IO Insertion
---------------------------------------------------------------------------------
---------------------------------------------------------------------------------
Start Flattening Before IO Insertion
---------------------------------------------------------------------------------
---------------------------------------------------------------------------------
Finished Flattening Before IO Insertion
---------------------------------------------------------------------------------
---------------------------------------------------------------------------------
Start Final Netlist Cleanup
---------------------------------------------------------------------------------
---------------------------------------------------------------------------------
Finished Final Netlist Cleanup
---------------------------------------------------------------------------------
---------------------------------------------------------------------------------
Finished IO Insertion : Time (s): cpu = 00:00:50 ; elapsed = 00:00:52 . Memory (MB): peak = 3184.059 ; gain = 1190.191 ; free physical = 23924 ; free virtual = 50738
---------------------------------------------------------------------------------
---------------------------------------------------------------------------------
Start Renaming Generated Instances
---------------------------------------------------------------------------------
---------------------------------------------------------------------------------
Finished Renaming Generated Instances : Time (s): cpu = 00:00:50 ; elapsed = 00:00:52 . Memory (MB): peak = 3184.059 ; gain = 1190.191 ; free physical = 23924 ; free virtual = 50738
---------------------------------------------------------------------------------
---------------------------------------------------------------------------------
Start Rebuilding User Hierarchy
---------------------------------------------------------------------------------
---------------------------------------------------------------------------------
Finished Rebuilding User Hierarchy : Time (s): cpu = 00:00:50 ; elapsed = 00:00:52 . Memory (MB): peak = 3184.059 ; gain = 1190.191 ; free physical = 23907 ; free virtual = 50718
---------------------------------------------------------------------------------
---------------------------------------------------------------------------------
Start Renaming Generated Ports
---------------------------------------------------------------------------------
---------------------------------------------------------------------------------
Finished Renaming Generated Ports : Time (s): cpu = 00:00:50 ; elapsed = 00:00:52 . Memory (MB): peak = 3184.059 ; gain = 1190.191 ; free physical = 23907 ; free virtual = 50717
---------------------------------------------------------------------------------
---------------------------------------------------------------------------------
Start Handling Custom Attributes
---------------------------------------------------------------------------------
---------------------------------------------------------------------------------
Finished Handling Custom Attributes : Time (s): cpu = 00:00:50 ; elapsed = 00:00:52 . Memory (MB): peak = 3184.059 ; gain = 1190.191 ; free physical = 23899 ; free virtual = 50710
---------------------------------------------------------------------------------
---------------------------------------------------------------------------------
Start Renaming Generated Nets
---------------------------------------------------------------------------------
---------------------------------------------------------------------------------
Finished Renaming Generated Nets : Time (s): cpu = 00:00:50 ; elapsed = 00:00:52 . Memory (MB): peak = 3184.059 ; gain = 1190.191 ; free physical = 23899 ; free virtual = 50710
---------------------------------------------------------------------------------
---------------------------------------------------------------------------------
Start Writing Synthesis Report
---------------------------------------------------------------------------------

Report BlackBoxes: 
+-+--------------+----------+
| |BlackBox name |Instances |
+-+--------------+----------+
+-+--------------+----------+

Report Cell Usage: 
+------+---------+------+
|      |Cell     |Count |
+------+---------+------+
|1     |LUT1     |    36|
|2     |LUT2     |    42|
|3     |LUT3     |    74|
|4     |LUT4     |   143|
|5     |LUT5     |   379|
|6     |LUT6     |  1056|
|7     |MUXF7    |   387|
|8     |MUXF8    |   142|
|9     |RAMB36E1 |    16|
|10    |RAMB36E2 |     1|
|11    |SRL16E   |    46|
|12    |FDRE     |  2030|
|13    |FDS      |     2|
|14    |FDSE     |    23|
+------+---------+------+
---------------------------------------------------------------------------------
Finished Writing Synthesis Report : Time (s): cpu = 00:00:50 ; elapsed = 00:00:52 . Memory (MB): peak = 3184.059 ; gain = 1190.191 ; free physical = 23899 ; free virtual = 50710
---------------------------------------------------------------------------------
Synthesis finished with 0 errors, 0 critical warnings and 13620 warnings.
Synthesis Optimization Runtime : Time (s): cpu = 00:00:38 ; elapsed = 00:00:40 . Memory (MB): peak = 3184.059 ; gain = 1150.137 ; free physical = 23927 ; free virtual = 50736
Synthesis Optimization Complete : Time (s): cpu = 00:00:50 ; elapsed = 00:00:53 . Memory (MB): peak = 3184.059 ; gain = 1190.191 ; free physical = 23926 ; free virtual = 50736
INFO: [Project 1-571] Translating synthesized netlist
Netlist sorting complete. Time (s): cpu = 00:00:00.05 ; elapsed = 00:00:00.05 . Memory (MB): peak = 3184.059 ; gain = 0.000 ; free physical = 23991 ; free virtual = 50801
INFO: [Netlist 29-17] Analyzing 547 Unisim elements for replacement
INFO: [Netlist 29-28] Unisim Transformation completed in 0 CPU seconds
INFO: [Project 1-570] Preparing netlist for logic optimization
INFO: [Opt 31-138] Pushed 0 inverter(s) to 0 load pin(s).
INFO: [Opt 31-422] The CLOCK_DOMAINS attribute on the BRAM cell inst/mcs_0/lmb_bram_I/RAM_Inst/Using_B36_S2.The_BRAMs[0].RAMB36_I1 has been changed from INDEPENDENT to COMMON to match the clocking topology used for the BRAM.
INFO: [Opt 31-422] The CLOCK_DOMAINS attribute on the BRAM cell inst/mcs_0/lmb_bram_I/RAM_Inst/Using_B36_S2.The_BRAMs[10].RAMB36_I1 has been changed from INDEPENDENT to COMMON to match the clocking topology used for the BRAM.
INFO: [Opt 31-422] The CLOCK_DOMAINS attribute on the BRAM cell inst/mcs_0/lmb_bram_I/RAM_Inst/Using_B36_S2.The_BRAMs[11].RAMB36_I1 has been changed from INDEPENDENT to COMMON to match the clocking topology used for the BRAM.
INFO: [Opt 31-422] The CLOCK_DOMAINS attribute on the BRAM cell inst/mcs_0/lmb_bram_I/RAM_Inst/Using_B36_S2.The_BRAMs[12].RAMB36_I1 has been changed from INDEPENDENT to COMMON to match the clocking topology used for the BRAM.
INFO: [Opt 31-422] The CLOCK_DOMAINS attribute on the BRAM cell inst/mcs_0/lmb_bram_I/RAM_Inst/Using_B36_S2.The_BRAMs[13].RAMB36_I1 has been changed from INDEPENDENT to COMMON to match the clocking topology used for the BRAM.
INFO: [Opt 31-422] The CLOCK_DOMAINS attribute on the BRAM cell inst/mcs_0/lmb_bram_I/RAM_Inst/Using_B36_S2.The_BRAMs[14].RAMB36_I1 has been changed from INDEPENDENT to COMMON to match the clocking topology used for the BRAM.
INFO: [Opt 31-422] The CLOCK_DOMAINS attribute on the BRAM cell inst/mcs_0/lmb_bram_I/RAM_Inst/Using_B36_S2.The_BRAMs[15].RAMB36_I1 has been changed from INDEPENDENT to COMMON to match the clocking topology used for the BRAM.
INFO: [Opt 31-422] The CLOCK_DOMAINS attribute on the BRAM cell inst/mcs_0/lmb_bram_I/RAM_Inst/Using_B36_S2.The_BRAMs[1].RAMB36_I1 has been changed from INDEPENDENT to COMMON to match the clocking topology used for the BRAM.
INFO: [Opt 31-422] The CLOCK_DOMAINS attribute on the BRAM cell inst/mcs_0/lmb_bram_I/RAM_Inst/Using_B36_S2.The_BRAMs[2].RAMB36_I1 has been changed from INDEPENDENT to COMMON to match the clocking topology used for the BRAM.
INFO: [Opt 31-422] The CLOCK_DOMAINS attribute on the BRAM cell inst/mcs_0/lmb_bram_I/RAM_Inst/Using_B36_S2.The_BRAMs[3].RAMB36_I1 has been changed from INDEPENDENT to COMMON to match the clocking topology used for the BRAM.
INFO: [Opt 31-422] The CLOCK_DOMAINS attribute on the BRAM cell inst/mcs_0/lmb_bram_I/RAM_Inst/Using_B36_S2.The_BRAMs[4].RAMB36_I1 has been changed from INDEPENDENT to COMMON to match the clocking topology used for the BRAM.
INFO: [Opt 31-422] The CLOCK_DOMAINS attribute on the BRAM cell inst/mcs_0/lmb_bram_I/RAM_Inst/Using_B36_S2.The_BRAMs[5].RAMB36_I1 has been changed from INDEPENDENT to COMMON to match the clocking topology used for the BRAM.
INFO: [Opt 31-422] The CLOCK_DOMAINS attribute on the BRAM cell inst/mcs_0/lmb_bram_I/RAM_Inst/Using_B36_S2.The_BRAMs[6].RAMB36_I1 has been changed from INDEPENDENT to COMMON to match the clocking topology used for the BRAM.
INFO: [Opt 31-422] The CLOCK_DOMAINS attribute on the BRAM cell inst/mcs_0/lmb_bram_I/RAM_Inst/Using_B36_S2.The_BRAMs[7].RAMB36_I1 has been changed from INDEPENDENT to COMMON to match the clocking topology used for the BRAM.
INFO: [Opt 31-422] The CLOCK_DOMAINS attribute on the BRAM cell inst/mcs_0/lmb_bram_I/RAM_Inst/Using_B36_S2.The_BRAMs[8].RAMB36_I1 has been changed from INDEPENDENT to COMMON to match the clocking topology used for the BRAM.
INFO: [Opt 31-422] The CLOCK_DOMAINS attribute on the BRAM cell inst/mcs_0/lmb_bram_I/RAM_Inst/Using_B36_S2.The_BRAMs[9].RAMB36_I1 has been changed from INDEPENDENT to COMMON to match the clocking topology used for the BRAM.
Netlist sorting complete. Time (s): cpu = 00:00:00 ; elapsed = 00:00:00 . Memory (MB): peak = 3184.059 ; gain = 0.000 ; free physical = 23966 ; free virtual = 50781
INFO: [Project 1-111] Unisim Transformation Summary:
  A total of 18 instances were transformed.
  FDS => FDSE: 2 instances
  RAMB36E1 => RAMB36E2: 16 instances

Synth Design complete | Checksum: 6fd70f12
INFO: [Common 17-83] Releasing license: Synthesis
135 Infos, 234 Warnings, 0 Critical Warnings and 0 Errors encountered.
synth_design completed successfully
synth_design: Time (s): cpu = 00:00:57 ; elapsed = 00:00:57 . Memory (MB): peak = 3184.059 ; gain = 1557.410 ; free physical = 23907 ; free virtual = 50726
INFO: [Common 17-2834] synth_design peak Physical Memory [PSS] (MB): overall = 2083.475; main = 2053.110; forked = 211.321
INFO: [Common 17-2834] synth_design peak Virtual Memory [VSS] (MB): overall = 4040.969; main = 3147.055; forked = 1015.719
Write ShapeDB Complete: Time (s): cpu = 00:00:00.01 ; elapsed = 00:00:00.01 . Memory (MB): peak = 3184.059 ; gain = 0.000 ; free physical = 23904 ; free virtual = 50726
INFO: [Common 17-1381] The checkpoint '/home/russell/ultrasound/fpga/us/us.runs/bd_in_system_ibert_0_0_synth_1/bd_in_system_ibert_0_0.dcp' has been generated.
INFO: [Coretcl 2-1648] Added synthesis output to IP cache for IP bd_in_system_ibert_0_0, cache-ID = 49c9d97263b99dfd
INFO: [Coretcl 2-1174] Renamed 272 cell refs.
Write ShapeDB Complete: Time (s): cpu = 00:00:00.01 ; elapsed = 00:00:00.01 . Memory (MB): peak = 3184.059 ; gain = 0.000 ; free physical = 25865 ; free virtual = 52705
INFO: [Common 17-1381] The checkpoint '/home/russell/ultrasound/fpga/us/us.runs/bd_in_system_ibert_0_0_synth_1/bd_in_system_ibert_0_0.dcp' has been generated.
INFO: [Vivado 12-24828] Executing command : report_utilization -file bd_in_system_ibert_0_0_utilization_synth.rpt -pb bd_in_system_ibert_0_0_utilization_synth.pb
INFO: [Common 17-206] Exiting Vivado at Mon Jun 29 23:07:10 2026...
