
*** Running vivado
    with args -log us_top.vdi -applog -m64 -product Vivado -messageDb vivado.pb -mode batch -source us_top.tcl -notrace


****** Vivado v2025.2.1 (64-bit)
  **** SW Build 6403652 on Thu Mar 19 13:47:00 MDT 2026
  **** IP Build 6403511 on Thu Mar 19 12:41:45 MDT 2026
  **** SharedData Build 6403650 on Thu Mar 19 14:02:13 MDT 2026
  **** Start of session at: Fri Jul  3 17:46:47 2026
    ** Copyright 1986-2022 Xilinx, Inc. All Rights Reserved.
    ** Copyright 2022-2026 Advanced Micro Devices, Inc. All Rights Reserved.

source us_top.tcl -notrace
INFO: [IP_Flow 19-234] Refreshing IP repositories
INFO: [IP_Flow 19-1704] No user IP repositories specified
INFO: [IP_Flow 19-2313] Loaded Vivado IP repository '/home/russell/Xilinx/2025.2.1/data/ip'.
Command: link_design -top us_top -part xcau15p-ffvb676-2-i
Design is defaulting to srcset: sources_1
Design is defaulting to constrset: constrs_1
INFO: [Device 21-403] Loading part xcau15p-ffvb676-2-i
INFO: [Project 1-5699] Read binary netlist with skipMacroContent - 1
INFO: [Project 1-454] Reading design checkpoint '/home/russell/ultrasound/fpga/us/us.gen/sources_1/bd/bd/ip/bd_c_counter_binary_0_0/bd_c_counter_binary_0_0.dcp' for cell 'bd/bd_i/c_counter_binary_0'
INFO: [Project 1-454] Reading design checkpoint '/home/russell/ultrasound/fpga/us/us.gen/sources_1/bd/bd/ip/bd_c_counter_binary_1_0/bd_c_counter_binary_1_0.dcp' for cell 'bd/bd_i/c_counter_binary_1'
INFO: [Project 1-454] Reading design checkpoint '/home/russell/ultrasound/fpga/us/us.gen/sources_1/bd/bd/ip/bd_ila_0_0/bd_ila_0_0.dcp' for cell 'bd/bd_i/ila_0'
INFO: [Project 1-454] Reading design checkpoint '/home/russell/ultrasound/fpga/us/us.gen/sources_1/bd/bd/ip/bd_in_system_ibert_0_0/bd_in_system_ibert_0_0.dcp' for cell 'bd/bd_i/in_system_ibert_0'
INFO: [Project 1-454] Reading design checkpoint '/home/russell/ultrasound/fpga/us/us.gen/sources_1/bd/bd/ip/bd_jesd204_phy_0_0/bd_jesd204_phy_0_0.dcp' for cell 'bd/bd_i/jesd204_phy_0'
INFO: [Project 1-454] Reading design checkpoint '/home/russell/ultrasound/fpga/us/us.gen/sources_1/bd/bd/ip/bd_util_ds_buf_1_1/bd_util_ds_buf_1_1.dcp' for cell 'bd/bd_i/jesd_coreclk_buf'
INFO: [Project 1-454] Reading design checkpoint '/home/russell/ultrasound/fpga/us/us.gen/sources_1/bd/bd/ip/bd_mdm_1_0/bd_mdm_1_0.dcp' for cell 'bd/bd_i/mdm_1'
INFO: [Project 1-454] Reading design checkpoint '/home/russell/ultrasound/fpga/us/us.gen/sources_1/bd/bd/ip/bd_microblaze_riscv_0_0/bd_microblaze_riscv_0_0.dcp' for cell 'bd/bd_i/microblaze_riscv_0'
INFO: [Project 1-454] Reading design checkpoint '/home/russell/ultrasound/fpga/us/us.gen/sources_1/bd/bd/ip/bd_microblaze_riscv_0_axi_intc_0/bd_microblaze_riscv_0_axi_intc_0.dcp' for cell 'bd/bd_i/microblaze_riscv_0_axi_intc'
INFO: [Project 1-454] Reading design checkpoint '/home/russell/ultrasound/fpga/us/us.gen/sources_1/bd/bd/ip/bd_microblaze_riscv_0_axi_periph_0/bd_microblaze_riscv_0_axi_periph_0.dcp' for cell 'bd/bd_i/microblaze_riscv_0_axi_periph'
INFO: [Project 1-454] Reading design checkpoint '/home/russell/ultrasound/fpga/us/us.gen/sources_1/bd/bd/ip/bd_net_wrapper_0_0/bd_net_wrapper_0_0.dcp' for cell 'bd/bd_i/net_wrapper_0'
INFO: [Project 1-454] Reading design checkpoint '/home/russell/ultrasound/fpga/us/us.gen/sources_1/bd/bd/ip/bd_rst_sysclk_wiz_25M_0/bd_rst_sysclk_wiz_25M_0.dcp' for cell 'bd/bd_i/rst_sysclk_wiz_25M'
INFO: [Project 1-454] Reading design checkpoint '/home/russell/ultrasound/fpga/us/us.gen/sources_1/bd/bd/ip/bd_axi_iic_0_0/bd_axi_iic_0_0.dcp' for cell 'bd/bd_i/sfp_i2c'
INFO: [Project 1-454] Reading design checkpoint '/home/russell/ultrasound/fpga/us/us.gen/sources_1/bd/bd/ip/bd_clk_wiz_0_0/bd_clk_wiz_0_0.dcp' for cell 'bd/bd_i/sysclk_wiz'
INFO: [Project 1-454] Reading design checkpoint '/home/russell/ultrasound/fpga/us/us.gen/sources_1/bd/bd/ip/bd_util_ds_buf_0_0/bd_util_ds_buf_0_0.dcp' for cell 'bd/bd_i/util_ds_buf_0'
INFO: [Project 1-454] Reading design checkpoint '/home/russell/ultrasound/fpga/us/us.gen/sources_1/bd/bd/ip/bd_vio_0_2/bd_vio_0_2.dcp' for cell 'bd/bd_i/vio_eth'
INFO: [Project 1-454] Reading design checkpoint '/home/russell/ultrasound/fpga/us/us.gen/sources_1/bd/bd/ip/bd_vio_0_3/bd_vio_0_3.dcp' for cell 'bd/bd_i/vio_led'
INFO: [Project 1-454] Reading design checkpoint '/home/russell/ultrasound/fpga/us/us.gen/sources_1/bd/bd/ip/bd_vio_0_1/bd_vio_0_1.dcp' for cell 'bd/bd_i/vio_rx'
INFO: [Project 1-454] Reading design checkpoint '/home/russell/ultrasound/fpga/us/us.gen/sources_1/bd/bd/ip/bd_vio_0_0/bd_vio_0_0.dcp' for cell 'bd/bd_i/vio_tx'
INFO: [Project 1-454] Reading design checkpoint '/home/russell/ultrasound/fpga/us/us.gen/sources_1/bd/bd/ip/bd_xxv_ethernet_0_0/bd_xxv_ethernet_0_0.dcp' for cell 'bd/bd_i/xxv_ethernet_0'
INFO: [Project 1-454] Reading design checkpoint '/home/russell/ultrasound/fpga/us/us.gen/sources_1/bd/bd/ip/bd_dlmb_bram_if_cntlr_0/bd_dlmb_bram_if_cntlr_0.dcp' for cell 'bd/bd_i/microblaze_riscv_0_local_memory/dlmb_bram_if_cntlr'
INFO: [Project 1-454] Reading design checkpoint '/home/russell/ultrasound/fpga/us/us.gen/sources_1/bd/bd/ip/bd_dlmb_v10_0/bd_dlmb_v10_0.dcp' for cell 'bd/bd_i/microblaze_riscv_0_local_memory/dlmb_v10'
INFO: [Project 1-454] Reading design checkpoint '/home/russell/ultrasound/fpga/us/us.gen/sources_1/bd/bd/ip/bd_ilmb_bram_if_cntlr_0/bd_ilmb_bram_if_cntlr_0.dcp' for cell 'bd/bd_i/microblaze_riscv_0_local_memory/ilmb_bram_if_cntlr'
INFO: [Project 1-454] Reading design checkpoint '/home/russell/ultrasound/fpga/us/us.gen/sources_1/bd/bd/ip/bd_ilmb_v10_0/bd_ilmb_v10_0.dcp' for cell 'bd/bd_i/microblaze_riscv_0_local_memory/ilmb_v10'
INFO: [Project 1-454] Reading design checkpoint '/home/russell/ultrasound/fpga/us/us.gen/sources_1/bd/bd/ip/bd_lmb_bram_0/bd_lmb_bram_0.dcp' for cell 'bd/bd_i/microblaze_riscv_0_local_memory/lmb_bram'
Netlist sorting complete. Time (s): cpu = 00:00:00.28 ; elapsed = 00:00:00.28 . Memory (MB): peak = 2211.152 ; gain = 0.000 ; free physical = 6334 ; free virtual = 33782
INFO: [Netlist 29-17] Analyzing 1306 Unisim elements for replacement
INFO: [Netlist 29-28] Unisim Transformation completed in 0 CPU seconds
WARNING: [Netlist 29-1115] Found multi-term driver net: bd/bd_i/util_ds_buf_0/U0/<const0>.
WARNING: [Netlist 29-1115] Found multi-term driver net: bd/bd_i/jesd_coreclk_buf/U0/<const0>.
INFO: [Project 1-479] Netlist was created with Vivado 2025.2.1
INFO: [Project 1-570] Preparing netlist for logic optimization
WARNING: [Constraints 18-550] Could not create 'IBUF_LOW_PWR' constraint because net 'bd/bd_i/jesd_coreclk_buf/IBUF_OUT[0]' is not directly connected to top level port. 'IBUF_LOW_PWR' is ignored for synthesis but preserved for implementation.
INFO: [Chipscope 16-324] Core: bd/bd_i/ila_0 UUID: 78ffcc6d-b92f-5612-b0e6-a7af6f4025cf 
INFO: [Chipscope 16-324] Core: bd/bd_i/in_system_ibert_0 UUID: b7b84e1d-02d1-596b-9d3f-fb333dd824bd 
INFO: [Chipscope 16-324] Core: bd/bd_i/vio_eth UUID: 5acb55c9-291c-53e5-a022-7666992f75ba 
INFO: [Chipscope 16-324] Core: bd/bd_i/vio_led UUID: 7194bc6b-0ea1-5505-95cb-f71d357f6d4b 
INFO: [Chipscope 16-324] Core: bd/bd_i/vio_rx UUID: 779d2093-b2e5-5b0a-9e1a-a07ac8417e3a 
INFO: [Chipscope 16-324] Core: bd/bd_i/vio_tx UUID: a0f7f78a-b4aa-5e43-a88c-a2c9d1872dc7 
Parsing XDC File [/home/russell/ultrasound/fpga/us/us.gen/sources_1/bd/bd/ip/bd_xxv_ethernet_0_0/ip_0/synth/bd_xxv_ethernet_0_0_gt.xdc] for cell 'bd/bd_i/xxv_ethernet_0/inst/i_bd_xxv_ethernet_0_0_gt/inst'
Finished Parsing XDC File [/home/russell/ultrasound/fpga/us/us.gen/sources_1/bd/bd/ip/bd_xxv_ethernet_0_0/ip_0/synth/bd_xxv_ethernet_0_0_gt.xdc] for cell 'bd/bd_i/xxv_ethernet_0/inst/i_bd_xxv_ethernet_0_0_gt/inst'
Parsing XDC File [/home/russell/ultrasound/fpga/us/us.gen/sources_1/bd/bd/ip/bd_xxv_ethernet_0_0/synth/bd_xxv_ethernet_0_0_board.xdc] for cell 'bd/bd_i/xxv_ethernet_0/inst'
Finished Parsing XDC File [/home/russell/ultrasound/fpga/us/us.gen/sources_1/bd/bd/ip/bd_xxv_ethernet_0_0/synth/bd_xxv_ethernet_0_0_board.xdc] for cell 'bd/bd_i/xxv_ethernet_0/inst'
Parsing XDC File [/home/russell/ultrasound/fpga/us/us.gen/sources_1/bd/bd/ip/bd_xxv_ethernet_0_0/synth/bd_xxv_ethernet_0_0.xdc] for cell 'bd/bd_i/xxv_ethernet_0/inst'
WARNING: [Vivado_Tcl 4-921] Waiver ID 'CDC-10' -to list should not be empty. [/home/russell/ultrasound/fpga/us/us.gen/sources_1/bd/bd/ip/bd_xxv_ethernet_0_0/synth/bd_xxv_ethernet_0_0.xdc:106]
WARNING: [Vivado_Tcl 4-921] Waiver ID 'CDC-1' -to list should not be empty. [/home/russell/ultrasound/fpga/us/us.gen/sources_1/bd/bd/ip/bd_xxv_ethernet_0_0/synth/bd_xxv_ethernet_0_0.xdc:111]
WARNING: [Vivado_Tcl 4-921] Waiver ID 'CDC-4' -to list should not be empty. [/home/russell/ultrasound/fpga/us/us.gen/sources_1/bd/bd/ip/bd_xxv_ethernet_0_0/synth/bd_xxv_ethernet_0_0.xdc:119]
WARNING: [Vivado_Tcl 4-921] Waiver ID 'CDC-1' -to list should not be empty. [/home/russell/ultrasound/fpga/us/us.gen/sources_1/bd/bd/ip/bd_xxv_ethernet_0_0/synth/bd_xxv_ethernet_0_0.xdc:123]
WARNING: [Vivado_Tcl 4-921] Waiver ID 'CDC-1' -to list should not be empty. [/home/russell/ultrasound/fpga/us/us.gen/sources_1/bd/bd/ip/bd_xxv_ethernet_0_0/synth/bd_xxv_ethernet_0_0.xdc:127]
WARNING: [Vivado_Tcl 4-921] Waiver ID 'CDC-1' -to list should not be empty. [/home/russell/ultrasound/fpga/us/us.gen/sources_1/bd/bd/ip/bd_xxv_ethernet_0_0/synth/bd_xxv_ethernet_0_0.xdc:131]
WARNING: [Vivado_Tcl 4-921] Waiver ID 'CDC-1' -to list should not be empty. [/home/russell/ultrasound/fpga/us/us.gen/sources_1/bd/bd/ip/bd_xxv_ethernet_0_0/synth/bd_xxv_ethernet_0_0.xdc:135]
WARNING: [Vivado_Tcl 4-921] Waiver ID 'CDC-1' -to list should not be empty. [/home/russell/ultrasound/fpga/us/us.gen/sources_1/bd/bd/ip/bd_xxv_ethernet_0_0/synth/bd_xxv_ethernet_0_0.xdc:140]
WARNING: [Vivado_Tcl 4-939] Waiver ID 'TIMING-11' object list should not be empty (perhaps an invalid wildcard was used or only unsupported objects). [/home/russell/ultrasound/fpga/us/us.gen/sources_1/bd/bd/ip/bd_xxv_ethernet_0_0/synth/bd_xxv_ethernet_0_0.xdc:145]
WARNING: [Vivado_Tcl 4-919] Waiver ID 'CDC-11' -from list should not be empty. [/home/russell/ultrasound/fpga/us/us.gen/sources_1/bd/bd/ip/bd_xxv_ethernet_0_0/synth/bd_xxv_ethernet_0_0.xdc:163]
Finished Parsing XDC File [/home/russell/ultrasound/fpga/us/us.gen/sources_1/bd/bd/ip/bd_xxv_ethernet_0_0/synth/bd_xxv_ethernet_0_0.xdc] for cell 'bd/bd_i/xxv_ethernet_0/inst'
Parsing XDC File [/home/russell/ultrasound/fpga/us/us.gen/sources_1/bd/bd/ip/bd_jesd204_phy_0_0/ip_0/synth/bd_jesd204_phy_0_0_gt.xdc] for cell 'bd/bd_i/jesd204_phy_0/inst/jesd204_phy_block_i/bd_jesd204_phy_0_0_gt_i/inst'
CRITICAL WARNING: [Vivado 12-2285] Cannot set LOC property of instance 'bd/bd_i/jesd204_phy_0/inst/jesd204_phy_block_i/bd_jesd204_phy_0_0_gt_i/inst/gen_gtwizard_gthe4_top.bd_jesd204_phy_0_0_gt_gtwizard_gthe4_inst/gen_gtwizard_gthe4.gen_channel_container[0].gen_enabled_channel.gthe4_channel_wrapper_inst/channel_inst/gthe4_channel_gen.gen_gthe4_channel_inst[0].GTHE4_CHANNEL_PRIM_INST'... bd/bd_i/jesd204_phy_0/inst/jesd204_phy_block_i/bd_jesd204_phy_0_0_gt_i/inst/gen_gtwizard_gthe4_top.bd_jesd204_phy_0_0_gt_gtwizard_gthe4_inst/gen_gtwizard_gthe4.gen_channel_container[0].gen_enabled_channel.gthe4_channel_wrapper_inst/channel_inst/gthe4_channel_gen.gen_gthe4_channel_inst[0].GTHE4_CHANNEL_PRIM_INST. Instance bd/bd_i/jesd204_phy_0/inst/jesd204_phy_block_i/bd_jesd204_phy_0_0_gt_i/inst/gen_gtwizard_gthe4_top.bd_jesd204_phy_0_0_gt_gtwizard_gthe4_inst/gen_gtwizard_gthe4.gen_channel_container[0].gen_enabled_channel.gthe4_channel_wrapper_inst/channel_inst/gthe4_channel_gen.gen_gthe4_channel_inst[0].GTHE4_CHANNEL_PRIM_INST can not be placed in GTHE4_CHANNEL of site GTHE4_CHANNEL_X0Y0 because the bel is occupied. This could be caused by bel constraint conflict.
This bel location is occupied by the following instances: 
  bd/bd_i/xxv_ethernet_0/inst/i_bd_xxv_ethernet_0_0_gt/inst/gen_gtwizard_gthe4_top.bd_xxv_ethernet_0_0_gt_gtwizard_gthe4_inst/gen_gtwizard_gthe4.gen_channel_container[0].gen_enabled_channel.gthe4_channel_wrapper_inst/channel_inst/gthe4_channel_gen.gen_gthe4_channel_inst[0].GTHE4_CHANNEL_PRIM_INST
 [/home/russell/ultrasound/fpga/us/us.gen/sources_1/bd/bd/ip/bd_jesd204_phy_0_0/ip_0/synth/bd_jesd204_phy_0_0_gt.xdc:68]
Resolution: When using BEL constraints, ensure the BEL constraints are defined before the LOC constraints to avoid conflicts at a given site.
Finished Parsing XDC File [/home/russell/ultrasound/fpga/us/us.gen/sources_1/bd/bd/ip/bd_jesd204_phy_0_0/ip_0/synth/bd_jesd204_phy_0_0_gt.xdc] for cell 'bd/bd_i/jesd204_phy_0/inst/jesd204_phy_block_i/bd_jesd204_phy_0_0_gt_i/inst'
Parsing XDC File [/home/russell/ultrasound/fpga/us/us.gen/sources_1/bd/bd/ip/bd_jesd204_phy_0_0/synth/bd_jesd204_phy_0_0.xdc] for cell 'bd/bd_i/jesd204_phy_0/inst'
Finished Parsing XDC File [/home/russell/ultrasound/fpga/us/us.gen/sources_1/bd/bd/ip/bd_jesd204_phy_0_0/synth/bd_jesd204_phy_0_0.xdc] for cell 'bd/bd_i/jesd204_phy_0/inst'
Parsing XDC File [/home/russell/ultrasound/fpga/us/us.gen/sources_1/bd/bd/ip/bd_util_ds_buf_0_0/bd_util_ds_buf_0_0_board.xdc] for cell 'bd/bd_i/util_ds_buf_0/U0'
Finished Parsing XDC File [/home/russell/ultrasound/fpga/us/us.gen/sources_1/bd/bd/ip/bd_util_ds_buf_0_0/bd_util_ds_buf_0_0_board.xdc] for cell 'bd/bd_i/util_ds_buf_0/U0'
Parsing XDC File [/home/russell/ultrasound/fpga/us/us.gen/sources_1/bd/bd/ip/bd_util_ds_buf_1_1/bd_util_ds_buf_1_1_board.xdc] for cell 'bd/bd_i/jesd_coreclk_buf/U0'
Finished Parsing XDC File [/home/russell/ultrasound/fpga/us/us.gen/sources_1/bd/bd/ip/bd_util_ds_buf_1_1/bd_util_ds_buf_1_1_board.xdc] for cell 'bd/bd_i/jesd_coreclk_buf/U0'
Parsing XDC File [/home/russell/ultrasound/fpga/us/us.gen/sources_1/bd/bd/ip/bd_clk_wiz_0_0/bd_clk_wiz_0_0_board.xdc] for cell 'bd/bd_i/sysclk_wiz/inst'
Finished Parsing XDC File [/home/russell/ultrasound/fpga/us/us.gen/sources_1/bd/bd/ip/bd_clk_wiz_0_0/bd_clk_wiz_0_0_board.xdc] for cell 'bd/bd_i/sysclk_wiz/inst'
Parsing XDC File [/home/russell/ultrasound/fpga/us/us.gen/sources_1/bd/bd/ip/bd_clk_wiz_0_0/bd_clk_wiz_0_0.xdc] for cell 'bd/bd_i/sysclk_wiz/inst'
INFO: [Timing 38-35] Done setting XDC timing constraints. [/home/russell/ultrasound/fpga/us/us.gen/sources_1/bd/bd/ip/bd_clk_wiz_0_0/bd_clk_wiz_0_0.xdc:54]
WARNING: [Timing 38-278] The instance 'bd/bd_i/xxv_ethernet_0/inst/i_bd_xxv_ethernet_0_0_gt/inst/gen_gtwizard_gthe4_top.bd_xxv_ethernet_0_0_gt_gtwizard_gthe4_inst/gen_gtwizard_gthe4.gen_channel_container[0].gen_enabled_channel.gthe4_channel_wrapper_inst/channel_inst/gthe4_channel_gen.gen_gthe4_channel_inst[0].GTHE4_CHANNEL_PRIM_INST' has RXRATE pins that are not constant, so the worst case divide value of 1 will be used for automatic derivation of generated clocks [/home/russell/ultrasound/fpga/us/us.gen/sources_1/bd/bd/ip/bd_clk_wiz_0_0/bd_clk_wiz_0_0.xdc:54]
INFO: [Timing 38-2] Deriving generated clocks [/home/russell/ultrasound/fpga/us/us.gen/sources_1/bd/bd/ip/bd_clk_wiz_0_0/bd_clk_wiz_0_0.xdc:54]
Finished Parsing XDC File [/home/russell/ultrasound/fpga/us/us.gen/sources_1/bd/bd/ip/bd_clk_wiz_0_0/bd_clk_wiz_0_0.xdc] for cell 'bd/bd_i/sysclk_wiz/inst'
Parsing XDC File [/home/russell/ultrasound/fpga/us/us.gen/sources_1/bd/bd/ip/bd_microblaze_riscv_0_0/bd_microblaze_riscv_0_0.xdc] for cell 'bd/bd_i/microblaze_riscv_0/U0'
WARNING: [Vivado_Tcl 4-2057] Waiver ID 'DPIP-1' object list specifies likely unusable hierarchical instance 'bd/bd_i/microblaze_riscv_0/U0/riscv_core_I/Base.Core/Data_Flow_I/MUL_Unit_I/Use_HW_MUL.RV32_MUL.Using_DSP48_Architectures.dsp_module_I1/Using_DSP48E1.DSP48E1_I1'. [/home/russell/ultrasound/fpga/us/us.gen/sources_1/bd/bd/ip/bd_microblaze_riscv_0_0/bd_microblaze_riscv_0_0.xdc:4]
WARNING: [Vivado_Tcl 4-2057] Waiver ID 'DPIP-1' object list specifies likely unusable hierarchical instance 'bd/bd_i/microblaze_riscv_0/U0/riscv_core_I/Base.Core/Data_Flow_I/MUL_Unit_I/Use_HW_MUL.RV32_MUL.Using_DSP48_Architectures.dsp_module_I2/Using_DSP48E1.DSP48E1_I1'. [/home/russell/ultrasound/fpga/us/us.gen/sources_1/bd/bd/ip/bd_microblaze_riscv_0_0/bd_microblaze_riscv_0_0.xdc:4]
WARNING: [Vivado_Tcl 4-2057] Waiver ID 'DPIP-1' object list specifies likely unusable hierarchical instance 'bd/bd_i/microblaze_riscv_0/U0/riscv_core_I/Base.Core/Data_Flow_I/MUL_Unit_I/Use_HW_MUL.RV32_MUL.Using_DSP48_Architectures.dsp_module_I3/Using_DSP48E1.DSP48E1_I1'. [/home/russell/ultrasound/fpga/us/us.gen/sources_1/bd/bd/ip/bd_microblaze_riscv_0_0/bd_microblaze_riscv_0_0.xdc:4]
WARNING: [Vivado_Tcl 4-2057] Waiver ID 'DPIP-1' object list specifies likely unusable hierarchical instance 'bd/bd_i/microblaze_riscv_0/U0/riscv_core_I/Base.Core/Data_Flow_I/MUL_Unit_I/Use_HW_MUL.RV32_MUL.Using_DSP48_Architectures.dsp_module_I4/Using_DSP48E1.DSP48E1_I1'. [/home/russell/ultrasound/fpga/us/us.gen/sources_1/bd/bd/ip/bd_microblaze_riscv_0_0/bd_microblaze_riscv_0_0.xdc:4]
WARNING: [Vivado_Tcl 4-2057] Waiver ID 'DPIP-1' object list specifies likely unusable hierarchical instance 'bd/bd_i/microblaze_riscv_0/U0/riscv_core_I/Base.Core/Data_Flow_I/MUL_Unit_I/Use_HW_MUL.RV32_MUL.Using_DSP48_Architectures.dsp_module_I1/Using_DSP48E1.DSP48E1_I1'. [/home/russell/ultrasound/fpga/us/us.gen/sources_1/bd/bd/ip/bd_microblaze_riscv_0_0/bd_microblaze_riscv_0_0.xdc:7]
WARNING: [Vivado_Tcl 4-2057] Waiver ID 'DPIP-1' object list specifies likely unusable hierarchical instance 'bd/bd_i/microblaze_riscv_0/U0/riscv_core_I/Base.Core/Data_Flow_I/MUL_Unit_I/Use_HW_MUL.RV32_MUL.Using_DSP48_Architectures.dsp_module_I2/Using_DSP48E1.DSP48E1_I1'. [/home/russell/ultrasound/fpga/us/us.gen/sources_1/bd/bd/ip/bd_microblaze_riscv_0_0/bd_microblaze_riscv_0_0.xdc:7]
WARNING: [Vivado_Tcl 4-2057] Waiver ID 'DPIP-1' object list specifies likely unusable hierarchical instance 'bd/bd_i/microblaze_riscv_0/U0/riscv_core_I/Base.Core/Data_Flow_I/MUL_Unit_I/Use_HW_MUL.RV32_MUL.Using_DSP48_Architectures.dsp_module_I3/Using_DSP48E1.DSP48E1_I1'. [/home/russell/ultrasound/fpga/us/us.gen/sources_1/bd/bd/ip/bd_microblaze_riscv_0_0/bd_microblaze_riscv_0_0.xdc:7]
WARNING: [Vivado_Tcl 4-2057] Waiver ID 'DPIP-1' object list specifies likely unusable hierarchical instance 'bd/bd_i/microblaze_riscv_0/U0/riscv_core_I/Base.Core/Data_Flow_I/MUL_Unit_I/Use_HW_MUL.RV32_MUL.Using_DSP48_Architectures.dsp_module_I4/Using_DSP48E1.DSP48E1_I1'. [/home/russell/ultrasound/fpga/us/us.gen/sources_1/bd/bd/ip/bd_microblaze_riscv_0_0/bd_microblaze_riscv_0_0.xdc:7]
WARNING: [Vivado_Tcl 4-2057] Waiver ID 'DPIP-2' object list specifies likely unusable hierarchical instance 'bd/bd_i/microblaze_riscv_0/U0/riscv_core_I/Base.Core/Data_Flow_I/MUL_Unit_I/Use_HW_MUL.RV32_MUL.Using_DSP48_Architectures.dsp_module_I1/Using_DSP48E1.DSP48E1_I1'. [/home/russell/ultrasound/fpga/us/us.gen/sources_1/bd/bd/ip/bd_microblaze_riscv_0_0/bd_microblaze_riscv_0_0.xdc:10]
WARNING: [Vivado_Tcl 4-2057] Waiver ID 'DPIP-2' object list specifies likely unusable hierarchical instance 'bd/bd_i/microblaze_riscv_0/U0/riscv_core_I/Base.Core/Data_Flow_I/MUL_Unit_I/Use_HW_MUL.RV32_MUL.Using_DSP48_Architectures.dsp_module_I2/Using_DSP48E1.DSP48E1_I1'. [/home/russell/ultrasound/fpga/us/us.gen/sources_1/bd/bd/ip/bd_microblaze_riscv_0_0/bd_microblaze_riscv_0_0.xdc:10]
WARNING: [Vivado_Tcl 4-2057] Waiver ID 'DPIP-2' object list specifies likely unusable hierarchical instance 'bd/bd_i/microblaze_riscv_0/U0/riscv_core_I/Base.Core/Data_Flow_I/MUL_Unit_I/Use_HW_MUL.RV32_MUL.Using_DSP48_Architectures.dsp_module_I3/Using_DSP48E1.DSP48E1_I1'. [/home/russell/ultrasound/fpga/us/us.gen/sources_1/bd/bd/ip/bd_microblaze_riscv_0_0/bd_microblaze_riscv_0_0.xdc:10]
WARNING: [Vivado_Tcl 4-2057] Waiver ID 'DPIP-2' object list specifies likely unusable hierarchical instance 'bd/bd_i/microblaze_riscv_0/U0/riscv_core_I/Base.Core/Data_Flow_I/MUL_Unit_I/Use_HW_MUL.RV32_MUL.Using_DSP48_Architectures.dsp_module_I4/Using_DSP48E1.DSP48E1_I1'. [/home/russell/ultrasound/fpga/us/us.gen/sources_1/bd/bd/ip/bd_microblaze_riscv_0_0/bd_microblaze_riscv_0_0.xdc:10]
WARNING: [Vivado_Tcl 4-2057] Waiver ID 'DPIP-2' object list specifies likely unusable hierarchical instance 'bd/bd_i/microblaze_riscv_0/U0/riscv_core_I/Base.Core/Data_Flow_I/MUL_Unit_I/Use_HW_MUL.RV32_MUL.Using_DSP48_Architectures.dsp_module_I1/Using_DSP48E1.DSP48E1_I1'. [/home/russell/ultrasound/fpga/us/us.gen/sources_1/bd/bd/ip/bd_microblaze_riscv_0_0/bd_microblaze_riscv_0_0.xdc:13]
WARNING: [Vivado_Tcl 4-2057] Waiver ID 'DPIP-2' object list specifies likely unusable hierarchical instance 'bd/bd_i/microblaze_riscv_0/U0/riscv_core_I/Base.Core/Data_Flow_I/MUL_Unit_I/Use_HW_MUL.RV32_MUL.Using_DSP48_Architectures.dsp_module_I2/Using_DSP48E1.DSP48E1_I1'. [/home/russell/ultrasound/fpga/us/us.gen/sources_1/bd/bd/ip/bd_microblaze_riscv_0_0/bd_microblaze_riscv_0_0.xdc:13]
WARNING: [Vivado_Tcl 4-2057] Waiver ID 'DPIP-2' object list specifies likely unusable hierarchical instance 'bd/bd_i/microblaze_riscv_0/U0/riscv_core_I/Base.Core/Data_Flow_I/MUL_Unit_I/Use_HW_MUL.RV32_MUL.Using_DSP48_Architectures.dsp_module_I3/Using_DSP48E1.DSP48E1_I1'. [/home/russell/ultrasound/fpga/us/us.gen/sources_1/bd/bd/ip/bd_microblaze_riscv_0_0/bd_microblaze_riscv_0_0.xdc:13]
WARNING: [Vivado_Tcl 4-2057] Waiver ID 'DPIP-2' object list specifies likely unusable hierarchical instance 'bd/bd_i/microblaze_riscv_0/U0/riscv_core_I/Base.Core/Data_Flow_I/MUL_Unit_I/Use_HW_MUL.RV32_MUL.Using_DSP48_Architectures.dsp_module_I4/Using_DSP48E1.DSP48E1_I1'. [/home/russell/ultrasound/fpga/us/us.gen/sources_1/bd/bd/ip/bd_microblaze_riscv_0_0/bd_microblaze_riscv_0_0.xdc:13]
WARNING: [Vivado_Tcl 4-2057] Waiver ID 'DPOP-1' object list specifies likely unusable hierarchical instance 'bd/bd_i/microblaze_riscv_0/U0/riscv_core_I/Base.Core/Data_Flow_I/MUL_Unit_I/Use_HW_MUL.RV32_MUL.Using_DSP48_Architectures.dsp_module_I1/Using_DSP48E1.DSP48E1_I1'. [/home/russell/ultrasound/fpga/us/us.gen/sources_1/bd/bd/ip/bd_microblaze_riscv_0_0/bd_microblaze_riscv_0_0.xdc:16]
WARNING: [Vivado_Tcl 4-2057] Waiver ID 'DPOP-1' object list specifies likely unusable hierarchical instance 'bd/bd_i/microblaze_riscv_0/U0/riscv_core_I/Base.Core/Data_Flow_I/MUL_Unit_I/Use_HW_MUL.RV32_MUL.Using_DSP48_Architectures.dsp_module_I2/Using_DSP48E1.DSP48E1_I1'. [/home/russell/ultrasound/fpga/us/us.gen/sources_1/bd/bd/ip/bd_microblaze_riscv_0_0/bd_microblaze_riscv_0_0.xdc:16]
WARNING: [Vivado_Tcl 4-2057] Waiver ID 'DPOP-1' object list specifies likely unusable hierarchical instance 'bd/bd_i/microblaze_riscv_0/U0/riscv_core_I/Base.Core/Data_Flow_I/MUL_Unit_I/Use_HW_MUL.RV32_MUL.Using_DSP48_Architectures.dsp_module_I3/Using_DSP48E1.DSP48E1_I1'. [/home/russell/ultrasound/fpga/us/us.gen/sources_1/bd/bd/ip/bd_microblaze_riscv_0_0/bd_microblaze_riscv_0_0.xdc:16]
WARNING: [Vivado_Tcl 4-2057] Waiver ID 'DPOP-1' object list specifies likely unusable hierarchical instance 'bd/bd_i/microblaze_riscv_0/U0/riscv_core_I/Base.Core/Data_Flow_I/MUL_Unit_I/Use_HW_MUL.RV32_MUL.Using_DSP48_Architectures.dsp_module_I4/Using_DSP48E1.DSP48E1_I1'. [/home/russell/ultrasound/fpga/us/us.gen/sources_1/bd/bd/ip/bd_microblaze_riscv_0_0/bd_microblaze_riscv_0_0.xdc:16]
WARNING: [Vivado_Tcl 4-2057] Waiver ID 'DPOP-2' object list specifies likely unusable hierarchical instance 'bd/bd_i/microblaze_riscv_0/U0/riscv_core_I/Base.Core/Data_Flow_I/MUL_Unit_I/Use_HW_MUL.RV32_MUL.Using_DSP48_Architectures.dsp_module_I1/Using_DSP48E1.DSP48E1_I1'. [/home/russell/ultrasound/fpga/us/us.gen/sources_1/bd/bd/ip/bd_microblaze_riscv_0_0/bd_microblaze_riscv_0_0.xdc:19]
WARNING: [Vivado_Tcl 4-2057] Waiver ID 'DPOP-2' object list specifies likely unusable hierarchical instance 'bd/bd_i/microblaze_riscv_0/U0/riscv_core_I/Base.Core/Data_Flow_I/MUL_Unit_I/Use_HW_MUL.RV32_MUL.Using_DSP48_Architectures.dsp_module_I2/Using_DSP48E1.DSP48E1_I1'. [/home/russell/ultrasound/fpga/us/us.gen/sources_1/bd/bd/ip/bd_microblaze_riscv_0_0/bd_microblaze_riscv_0_0.xdc:19]
WARNING: [Vivado_Tcl 4-2057] Waiver ID 'DPOP-2' object list specifies likely unusable hierarchical instance 'bd/bd_i/microblaze_riscv_0/U0/riscv_core_I/Base.Core/Data_Flow_I/MUL_Unit_I/Use_HW_MUL.RV32_MUL.Using_DSP48_Architectures.dsp_module_I3/Using_DSP48E1.DSP48E1_I1'. [/home/russell/ultrasound/fpga/us/us.gen/sources_1/bd/bd/ip/bd_microblaze_riscv_0_0/bd_microblaze_riscv_0_0.xdc:19]
WARNING: [Vivado_Tcl 4-2057] Waiver ID 'DPOP-2' object list specifies likely unusable hierarchical instance 'bd/bd_i/microblaze_riscv_0/U0/riscv_core_I/Base.Core/Data_Flow_I/MUL_Unit_I/Use_HW_MUL.RV32_MUL.Using_DSP48_Architectures.dsp_module_I4/Using_DSP48E1.DSP48E1_I1'. [/home/russell/ultrasound/fpga/us/us.gen/sources_1/bd/bd/ip/bd_microblaze_riscv_0_0/bd_microblaze_riscv_0_0.xdc:19]
WARNING: [Vivado_Tcl 4-2057] Waiver ID 'DPOP-3' object list specifies likely unusable hierarchical instance 'bd/bd_i/microblaze_riscv_0/U0/riscv_core_I/Base.Core/Data_Flow_I/MUL_Unit_I/Use_HW_MUL.RV32_MUL.Using_DSP48_Architectures.dsp_module_I1/Using_DSP48E1.DSP48E1_I1'. [/home/russell/ultrasound/fpga/us/us.gen/sources_1/bd/bd/ip/bd_microblaze_riscv_0_0/bd_microblaze_riscv_0_0.xdc:22]
WARNING: [Vivado_Tcl 4-2057] Waiver ID 'DPOP-3' object list specifies likely unusable hierarchical instance 'bd/bd_i/microblaze_riscv_0/U0/riscv_core_I/Base.Core/Data_Flow_I/MUL_Unit_I/Use_HW_MUL.RV32_MUL.Using_DSP48_Architectures.dsp_module_I2/Using_DSP48E1.DSP48E1_I1'. [/home/russell/ultrasound/fpga/us/us.gen/sources_1/bd/bd/ip/bd_microblaze_riscv_0_0/bd_microblaze_riscv_0_0.xdc:22]
WARNING: [Vivado_Tcl 4-2057] Waiver ID 'DPOP-3' object list specifies likely unusable hierarchical instance 'bd/bd_i/microblaze_riscv_0/U0/riscv_core_I/Base.Core/Data_Flow_I/MUL_Unit_I/Use_HW_MUL.RV32_MUL.Using_DSP48_Architectures.dsp_module_I3/Using_DSP48E1.DSP48E1_I1'. [/home/russell/ultrasound/fpga/us/us.gen/sources_1/bd/bd/ip/bd_microblaze_riscv_0_0/bd_microblaze_riscv_0_0.xdc:22]
WARNING: [Vivado_Tcl 4-2057] Waiver ID 'DPOP-3' object list specifies likely unusable hierarchical instance 'bd/bd_i/microblaze_riscv_0/U0/riscv_core_I/Base.Core/Data_Flow_I/MUL_Unit_I/Use_HW_MUL.RV32_MUL.Using_DSP48_Architectures.dsp_module_I4/Using_DSP48E1.DSP48E1_I1'. [/home/russell/ultrasound/fpga/us/us.gen/sources_1/bd/bd/ip/bd_microblaze_riscv_0_0/bd_microblaze_riscv_0_0.xdc:22]
WARNING: [Vivado_Tcl 4-2057] Waiver ID 'DPOP-3' object list specifies likely unusable hierarchical instance 'bd/bd_i/microblaze_riscv_0/U0/riscv_core_I/Base.Core/Data_Flow_I/MUL_Unit_I/Use_HW_MUL.RV32_MUL.Using_DSP48_Architectures.dsp_module_I1/Using_DSP48E1.DSP48E1_I1'. [/home/russell/ultrasound/fpga/us/us.gen/sources_1/bd/bd/ip/bd_microblaze_riscv_0_0/bd_microblaze_riscv_0_0.xdc:25]
WARNING: [Vivado_Tcl 4-2057] Waiver ID 'DPOP-3' object list specifies likely unusable hierarchical instance 'bd/bd_i/microblaze_riscv_0/U0/riscv_core_I/Base.Core/Data_Flow_I/MUL_Unit_I/Use_HW_MUL.RV32_MUL.Using_DSP48_Architectures.dsp_module_I2/Using_DSP48E1.DSP48E1_I1'. [/home/russell/ultrasound/fpga/us/us.gen/sources_1/bd/bd/ip/bd_microblaze_riscv_0_0/bd_microblaze_riscv_0_0.xdc:25]
WARNING: [Vivado_Tcl 4-2057] Waiver ID 'DPOP-3' object list specifies likely unusable hierarchical instance 'bd/bd_i/microblaze_riscv_0/U0/riscv_core_I/Base.Core/Data_Flow_I/MUL_Unit_I/Use_HW_MUL.RV32_MUL.Using_DSP48_Architectures.dsp_module_I3/Using_DSP48E1.DSP48E1_I1'. [/home/russell/ultrasound/fpga/us/us.gen/sources_1/bd/bd/ip/bd_microblaze_riscv_0_0/bd_microblaze_riscv_0_0.xdc:25]
WARNING: [Vivado_Tcl 4-2057] Waiver ID 'DPOP-3' object list specifies likely unusable hierarchical instance 'bd/bd_i/microblaze_riscv_0/U0/riscv_core_I/Base.Core/Data_Flow_I/MUL_Unit_I/Use_HW_MUL.RV32_MUL.Using_DSP48_Architectures.dsp_module_I4/Using_DSP48E1.DSP48E1_I1'. [/home/russell/ultrasound/fpga/us/us.gen/sources_1/bd/bd/ip/bd_microblaze_riscv_0_0/bd_microblaze_riscv_0_0.xdc:25]
WARNING: [Vivado_Tcl 4-2057] Waiver ID 'DPOP-3' object list specifies likely unusable hierarchical instance 'bd/bd_i/microblaze_riscv_0/U0/riscv_core_I/Base.Core/Data_Flow_I/MUL_Unit_I/Use_HW_MUL.RV32_MUL.Using_DSP48_Architectures.dsp_module_I1/Using_DSP48E1.DSP48E1_I1'. [/home/russell/ultrasound/fpga/us/us.gen/sources_1/bd/bd/ip/bd_microblaze_riscv_0_0/bd_microblaze_riscv_0_0.xdc:28]
WARNING: [Vivado_Tcl 4-2057] Waiver ID 'DPOP-3' object list specifies likely unusable hierarchical instance 'bd/bd_i/microblaze_riscv_0/U0/riscv_core_I/Base.Core/Data_Flow_I/MUL_Unit_I/Use_HW_MUL.RV32_MUL.Using_DSP48_Architectures.dsp_module_I2/Using_DSP48E1.DSP48E1_I1'. [/home/russell/ultrasound/fpga/us/us.gen/sources_1/bd/bd/ip/bd_microblaze_riscv_0_0/bd_microblaze_riscv_0_0.xdc:28]
WARNING: [Vivado_Tcl 4-2057] Waiver ID 'DPOP-3' object list specifies likely unusable hierarchical instance 'bd/bd_i/microblaze_riscv_0/U0/riscv_core_I/Base.Core/Data_Flow_I/MUL_Unit_I/Use_HW_MUL.RV32_MUL.Using_DSP48_Architectures.dsp_module_I3/Using_DSP48E1.DSP48E1_I1'. [/home/russell/ultrasound/fpga/us/us.gen/sources_1/bd/bd/ip/bd_microblaze_riscv_0_0/bd_microblaze_riscv_0_0.xdc:28]
WARNING: [Vivado_Tcl 4-2057] Waiver ID 'DPOP-3' object list specifies likely unusable hierarchical instance 'bd/bd_i/microblaze_riscv_0/U0/riscv_core_I/Base.Core/Data_Flow_I/MUL_Unit_I/Use_HW_MUL.RV32_MUL.Using_DSP48_Architectures.dsp_module_I4/Using_DSP48E1.DSP48E1_I1'. [/home/russell/ultrasound/fpga/us/us.gen/sources_1/bd/bd/ip/bd_microblaze_riscv_0_0/bd_microblaze_riscv_0_0.xdc:28]
WARNING: [Vivado_Tcl 4-2057] Waiver ID 'DPOP-4' object list specifies likely unusable hierarchical instance 'bd/bd_i/microblaze_riscv_0/U0/riscv_core_I/Base.Core/Data_Flow_I/MUL_Unit_I/Use_HW_MUL.RV32_MUL.Using_DSP48_Architectures.dsp_module_I1/Using_DSP48E1.DSP48E1_I1'. [/home/russell/ultrasound/fpga/us/us.gen/sources_1/bd/bd/ip/bd_microblaze_riscv_0_0/bd_microblaze_riscv_0_0.xdc:31]
WARNING: [Vivado_Tcl 4-2057] Waiver ID 'DPOP-4' object list specifies likely unusable hierarchical instance 'bd/bd_i/microblaze_riscv_0/U0/riscv_core_I/Base.Core/Data_Flow_I/MUL_Unit_I/Use_HW_MUL.RV32_MUL.Using_DSP48_Architectures.dsp_module_I2/Using_DSP48E1.DSP48E1_I1'. [/home/russell/ultrasound/fpga/us/us.gen/sources_1/bd/bd/ip/bd_microblaze_riscv_0_0/bd_microblaze_riscv_0_0.xdc:31]
WARNING: [Vivado_Tcl 4-2057] Waiver ID 'DPOP-4' object list specifies likely unusable hierarchical instance 'bd/bd_i/microblaze_riscv_0/U0/riscv_core_I/Base.Core/Data_Flow_I/MUL_Unit_I/Use_HW_MUL.RV32_MUL.Using_DSP48_Architectures.dsp_module_I3/Using_DSP48E1.DSP48E1_I1'. [/home/russell/ultrasound/fpga/us/us.gen/sources_1/bd/bd/ip/bd_microblaze_riscv_0_0/bd_microblaze_riscv_0_0.xdc:31]
WARNING: [Vivado_Tcl 4-2057] Waiver ID 'DPOP-4' object list specifies likely unusable hierarchical instance 'bd/bd_i/microblaze_riscv_0/U0/riscv_core_I/Base.Core/Data_Flow_I/MUL_Unit_I/Use_HW_MUL.RV32_MUL.Using_DSP48_Architectures.dsp_module_I4/Using_DSP48E1.DSP48E1_I1'. [/home/russell/ultrasound/fpga/us/us.gen/sources_1/bd/bd/ip/bd_microblaze_riscv_0_0/bd_microblaze_riscv_0_0.xdc:31]
WARNING: [Vivado_Tcl 4-2057] Waiver ID 'DPOP-4' object list specifies likely unusable hierarchical instance 'bd/bd_i/microblaze_riscv_0/U0/riscv_core_I/Base.Core/Data_Flow_I/MUL_Unit_I/Use_HW_MUL.RV32_MUL.Using_DSP48_Architectures.dsp_module_I1/Using_DSP48E1.DSP48E1_I1'. [/home/russell/ultrasound/fpga/us/us.gen/sources_1/bd/bd/ip/bd_microblaze_riscv_0_0/bd_microblaze_riscv_0_0.xdc:34]
WARNING: [Vivado_Tcl 4-2057] Waiver ID 'DPOP-4' object list specifies likely unusable hierarchical instance 'bd/bd_i/microblaze_riscv_0/U0/riscv_core_I/Base.Core/Data_Flow_I/MUL_Unit_I/Use_HW_MUL.RV32_MUL.Using_DSP48_Architectures.dsp_module_I2/Using_DSP48E1.DSP48E1_I1'. [/home/russell/ultrasound/fpga/us/us.gen/sources_1/bd/bd/ip/bd_microblaze_riscv_0_0/bd_microblaze_riscv_0_0.xdc:34]
WARNING: [Vivado_Tcl 4-2057] Waiver ID 'DPOP-4' object list specifies likely unusable hierarchical instance 'bd/bd_i/microblaze_riscv_0/U0/riscv_core_I/Base.Core/Data_Flow_I/MUL_Unit_I/Use_HW_MUL.RV32_MUL.Using_DSP48_Architectures.dsp_module_I3/Using_DSP48E1.DSP48E1_I1'. [/home/russell/ultrasound/fpga/us/us.gen/sources_1/bd/bd/ip/bd_microblaze_riscv_0_0/bd_microblaze_riscv_0_0.xdc:34]
WARNING: [Vivado_Tcl 4-2057] Waiver ID 'DPOP-4' object list specifies likely unusable hierarchical instance 'bd/bd_i/microblaze_riscv_0/U0/riscv_core_I/Base.Core/Data_Flow_I/MUL_Unit_I/Use_HW_MUL.RV32_MUL.Using_DSP48_Architectures.dsp_module_I4/Using_DSP48E1.DSP48E1_I1'. [/home/russell/ultrasound/fpga/us/us.gen/sources_1/bd/bd/ip/bd_microblaze_riscv_0_0/bd_microblaze_riscv_0_0.xdc:34]
WARNING: [Vivado_Tcl 4-2057] Waiver ID 'DPOP-4' object list specifies likely unusable hierarchical instance 'bd/bd_i/microblaze_riscv_0/U0/riscv_core_I/Base.Core/Data_Flow_I/MUL_Unit_I/Use_HW_MUL.RV32_MUL.Using_DSP48_Architectures.dsp_module_I1/Using_DSP48E1.DSP48E1_I1'. [/home/russell/ultrasound/fpga/us/us.gen/sources_1/bd/bd/ip/bd_microblaze_riscv_0_0/bd_microblaze_riscv_0_0.xdc:37]
WARNING: [Vivado_Tcl 4-2057] Waiver ID 'DPOP-4' object list specifies likely unusable hierarchical instance 'bd/bd_i/microblaze_riscv_0/U0/riscv_core_I/Base.Core/Data_Flow_I/MUL_Unit_I/Use_HW_MUL.RV32_MUL.Using_DSP48_Architectures.dsp_module_I2/Using_DSP48E1.DSP48E1_I1'. [/home/russell/ultrasound/fpga/us/us.gen/sources_1/bd/bd/ip/bd_microblaze_riscv_0_0/bd_microblaze_riscv_0_0.xdc:37]
WARNING: [Vivado_Tcl 4-2057] Waiver ID 'DPOP-4' object list specifies likely unusable hierarchical instance 'bd/bd_i/microblaze_riscv_0/U0/riscv_core_I/Base.Core/Data_Flow_I/MUL_Unit_I/Use_HW_MUL.RV32_MUL.Using_DSP48_Architectures.dsp_module_I3/Using_DSP48E1.DSP48E1_I1'. [/home/russell/ultrasound/fpga/us/us.gen/sources_1/bd/bd/ip/bd_microblaze_riscv_0_0/bd_microblaze_riscv_0_0.xdc:37]
WARNING: [Vivado_Tcl 4-2057] Waiver ID 'DPOP-4' object list specifies likely unusable hierarchical instance 'bd/bd_i/microblaze_riscv_0/U0/riscv_core_I/Base.Core/Data_Flow_I/MUL_Unit_I/Use_HW_MUL.RV32_MUL.Using_DSP48_Architectures.dsp_module_I4/Using_DSP48E1.DSP48E1_I1'. [/home/russell/ultrasound/fpga/us/us.gen/sources_1/bd/bd/ip/bd_microblaze_riscv_0_0/bd_microblaze_riscv_0_0.xdc:37]
Finished Parsing XDC File [/home/russell/ultrasound/fpga/us/us.gen/sources_1/bd/bd/ip/bd_microblaze_riscv_0_0/bd_microblaze_riscv_0_0.xdc] for cell 'bd/bd_i/microblaze_riscv_0/U0'
Parsing XDC File [/home/russell/ultrasound/fpga/us/us.gen/sources_1/bd/bd/ip/bd_microblaze_riscv_0_axi_periph_0/bd_0/ip/ip_1/bd_f06c_psr_aclk_0_board.xdc] for cell 'bd/bd_i/microblaze_riscv_0_axi_periph/inst/clk_map/psr_aclk/U0'
Finished Parsing XDC File [/home/russell/ultrasound/fpga/us/us.gen/sources_1/bd/bd/ip/bd_microblaze_riscv_0_axi_periph_0/bd_0/ip/ip_1/bd_f06c_psr_aclk_0_board.xdc] for cell 'bd/bd_i/microblaze_riscv_0_axi_periph/inst/clk_map/psr_aclk/U0'
Parsing XDC File [/home/russell/ultrasound/fpga/us/us.gen/sources_1/bd/bd/ip/bd_microblaze_riscv_0_axi_periph_0/smartconnect.xdc] for cell 'bd/bd_i/microblaze_riscv_0_axi_periph/inst'
Finished Parsing XDC File [/home/russell/ultrasound/fpga/us/us.gen/sources_1/bd/bd/ip/bd_microblaze_riscv_0_axi_periph_0/smartconnect.xdc] for cell 'bd/bd_i/microblaze_riscv_0_axi_periph/inst'
Parsing XDC File [/home/russell/ultrasound/fpga/us/us.gen/sources_1/bd/bd/ip/bd_microblaze_riscv_0_axi_intc_0/bd_microblaze_riscv_0_axi_intc_0.xdc] for cell 'bd/bd_i/microblaze_riscv_0_axi_intc/U0'
Finished Parsing XDC File [/home/russell/ultrasound/fpga/us/us.gen/sources_1/bd/bd/ip/bd_microblaze_riscv_0_axi_intc_0/bd_microblaze_riscv_0_axi_intc_0.xdc] for cell 'bd/bd_i/microblaze_riscv_0_axi_intc/U0'
Parsing XDC File [/home/russell/ultrasound/fpga/us/us.gen/sources_1/bd/bd/ip/bd_rst_sysclk_wiz_25M_0/bd_rst_sysclk_wiz_25M_0_board.xdc] for cell 'bd/bd_i/rst_sysclk_wiz_25M/U0'
Finished Parsing XDC File [/home/russell/ultrasound/fpga/us/us.gen/sources_1/bd/bd/ip/bd_rst_sysclk_wiz_25M_0/bd_rst_sysclk_wiz_25M_0_board.xdc] for cell 'bd/bd_i/rst_sysclk_wiz_25M/U0'
Parsing XDC File [/home/russell/ultrasound/fpga/us/us.gen/sources_1/bd/bd/ip/bd_vio_0_0/bd_vio_0_0.xdc] for cell 'bd/bd_i/vio_tx'
Finished Parsing XDC File [/home/russell/ultrasound/fpga/us/us.gen/sources_1/bd/bd/ip/bd_vio_0_0/bd_vio_0_0.xdc] for cell 'bd/bd_i/vio_tx'
Parsing XDC File [/home/russell/ultrasound/fpga/us/us.gen/sources_1/bd/bd/ip/bd_vio_0_1/bd_vio_0_1.xdc] for cell 'bd/bd_i/vio_rx'
Finished Parsing XDC File [/home/russell/ultrasound/fpga/us/us.gen/sources_1/bd/bd/ip/bd_vio_0_1/bd_vio_0_1.xdc] for cell 'bd/bd_i/vio_rx'
Parsing XDC File [/home/russell/ultrasound/fpga/us/us.gen/sources_1/bd/bd/ip/bd_vio_0_2/bd_vio_0_2.xdc] for cell 'bd/bd_i/vio_eth'
Finished Parsing XDC File [/home/russell/ultrasound/fpga/us/us.gen/sources_1/bd/bd/ip/bd_vio_0_2/bd_vio_0_2.xdc] for cell 'bd/bd_i/vio_eth'
Parsing XDC File [/home/russell/ultrasound/fpga/us/us.gen/sources_1/bd/bd/ip/bd_in_system_ibert_0_0/synth/sw_mcs_all.xdc] for cell 'bd/bd_i/in_system_ibert_0/inst'
Finished Parsing XDC File [/home/russell/ultrasound/fpga/us/us.gen/sources_1/bd/bd/ip/bd_in_system_ibert_0_0/synth/sw_mcs_all.xdc] for cell 'bd/bd_i/in_system_ibert_0/inst'
Parsing XDC File [/home/russell/ultrasound/fpga/us/us.gen/sources_1/bd/bd/ip/bd_in_system_ibert_0_0/synth/bd_in_system_ibert_0_0.xdc] for cell 'bd/bd_i/in_system_ibert_0/inst'
Finished Parsing XDC File [/home/russell/ultrasound/fpga/us/us.gen/sources_1/bd/bd/ip/bd_in_system_ibert_0_0/synth/bd_in_system_ibert_0_0.xdc] for cell 'bd/bd_i/in_system_ibert_0/inst'
Parsing XDC File [/home/russell/ultrasound/fpga/us/us.gen/sources_1/bd/bd/ip/bd_in_system_ibert_0_0/synth/ibert_waivers.xdc] for cell 'bd/bd_i/in_system_ibert_0/inst'
Finished Parsing XDC File [/home/russell/ultrasound/fpga/us/us.gen/sources_1/bd/bd/ip/bd_in_system_ibert_0_0/synth/ibert_waivers.xdc] for cell 'bd/bd_i/in_system_ibert_0/inst'
Parsing XDC File [/home/russell/ultrasound/fpga/us/us.gen/sources_1/bd/bd/ip/bd_ila_0_0/ila_v6_2/constraints/ila_impl.xdc] for cell 'bd/bd_i/ila_0/inst'
WARNING: [Vivado_Tcl 4-921] Waiver ID 'CDC-10' -to list should not be empty. [/home/russell/ultrasound/fpga/us/us.gen/sources_1/bd/bd/ip/bd_ila_0_0/ila_v6_2/constraints/ila_impl.xdc:31]
Finished Parsing XDC File [/home/russell/ultrasound/fpga/us/us.gen/sources_1/bd/bd/ip/bd_ila_0_0/ila_v6_2/constraints/ila_impl.xdc] for cell 'bd/bd_i/ila_0/inst'
Parsing XDC File [/home/russell/ultrasound/fpga/us/us.gen/sources_1/bd/bd/ip/bd_ila_0_0/ila_v6_2/constraints/ila.xdc] for cell 'bd/bd_i/ila_0/inst'
WARNING: [Vivado_Tcl 4-921] Waiver ID 'CDC-10' -to list should not be empty. [/home/russell/ultrasound/fpga/us/us.gen/sources_1/bd/bd/ip/bd_ila_0_0/ila_v6_2/constraints/ila.xdc:108]
Finished Parsing XDC File [/home/russell/ultrasound/fpga/us/us.gen/sources_1/bd/bd/ip/bd_ila_0_0/ila_v6_2/constraints/ila.xdc] for cell 'bd/bd_i/ila_0/inst'
Parsing XDC File [/home/russell/ultrasound/fpga/us/us.gen/sources_1/bd/bd/ip/bd_axi_iic_0_0/bd_axi_iic_0_0_board.xdc] for cell 'bd/bd_i/sfp_i2c/U0'
Finished Parsing XDC File [/home/russell/ultrasound/fpga/us/us.gen/sources_1/bd/bd/ip/bd_axi_iic_0_0/bd_axi_iic_0_0_board.xdc] for cell 'bd/bd_i/sfp_i2c/U0'
Parsing XDC File [/home/russell/ultrasound/fpga/us/us.gen/sources_1/bd/bd/ip/bd_vio_0_3/bd_vio_0_3.xdc] for cell 'bd/bd_i/vio_led'
Finished Parsing XDC File [/home/russell/ultrasound/fpga/us/us.gen/sources_1/bd/bd/ip/bd_vio_0_3/bd_vio_0_3.xdc] for cell 'bd/bd_i/vio_led'
Parsing XDC File [/home/russell/ultrasound/fpga/us/us.srcs/constrs_1/new/pins.xdc]
WARNING: [Vivado 12-584] No ports matched 'pulser0_neg[6]'. [/home/russell/ultrasound/fpga/us/us.srcs/constrs_1/new/pins.xdc:2]
CRITICAL WARNING: [Common 17-55] 'set_property' expects at least one object. [/home/russell/ultrasound/fpga/us/us.srcs/constrs_1/new/pins.xdc:2]
Resolution: If [get_<value>] was used to populate the object, check to make sure this command returns at least one valid object.
WARNING: [Vivado 12-584] No ports matched 'pulser0_neg[5]'. [/home/russell/ultrasound/fpga/us/us.srcs/constrs_1/new/pins.xdc:3]
CRITICAL WARNING: [Common 17-55] 'set_property' expects at least one object. [/home/russell/ultrasound/fpga/us/us.srcs/constrs_1/new/pins.xdc:3]
Resolution: If [get_<value>] was used to populate the object, check to make sure this command returns at least one valid object.
WARNING: [Vivado 12-584] No ports matched 'pulser0_neg[4]'. [/home/russell/ultrasound/fpga/us/us.srcs/constrs_1/new/pins.xdc:4]
CRITICAL WARNING: [Common 17-55] 'set_property' expects at least one object. [/home/russell/ultrasound/fpga/us/us.srcs/constrs_1/new/pins.xdc:4]
Resolution: If [get_<value>] was used to populate the object, check to make sure this command returns at least one valid object.
WARNING: [Vivado 12-584] No ports matched 'pulser0_neg[7]'. [/home/russell/ultrasound/fpga/us/us.srcs/constrs_1/new/pins.xdc:8]
CRITICAL WARNING: [Common 17-55] 'set_property' expects at least one object. [/home/russell/ultrasound/fpga/us/us.srcs/constrs_1/new/pins.xdc:8]
Resolution: If [get_<value>] was used to populate the object, check to make sure this command returns at least one valid object.
WARNING: [Vivado 12-584] No ports matched 'pulser0_pos[7]'. [/home/russell/ultrasound/fpga/us/us.srcs/constrs_1/new/pins.xdc:10]
CRITICAL WARNING: [Common 17-55] 'set_property' expects at least one object. [/home/russell/ultrasound/fpga/us/us.srcs/constrs_1/new/pins.xdc:10]
Resolution: If [get_<value>] was used to populate the object, check to make sure this command returns at least one valid object.
WARNING: [Vivado 12-584] No ports matched 'pulser0_pos[6]'. [/home/russell/ultrasound/fpga/us/us.srcs/constrs_1/new/pins.xdc:11]
CRITICAL WARNING: [Common 17-55] 'set_property' expects at least one object. [/home/russell/ultrasound/fpga/us/us.srcs/constrs_1/new/pins.xdc:11]
Resolution: If [get_<value>] was used to populate the object, check to make sure this command returns at least one valid object.
WARNING: [Vivado 12-584] No ports matched 'pulser0_pos[5]'. [/home/russell/ultrasound/fpga/us/us.srcs/constrs_1/new/pins.xdc:12]
CRITICAL WARNING: [Common 17-55] 'set_property' expects at least one object. [/home/russell/ultrasound/fpga/us/us.srcs/constrs_1/new/pins.xdc:12]
Resolution: If [get_<value>] was used to populate the object, check to make sure this command returns at least one valid object.
WARNING: [Vivado 12-584] No ports matched 'pulser0_pos[4]'. [/home/russell/ultrasound/fpga/us/us.srcs/constrs_1/new/pins.xdc:13]
CRITICAL WARNING: [Common 17-55] 'set_property' expects at least one object. [/home/russell/ultrasound/fpga/us/us.srcs/constrs_1/new/pins.xdc:13]
Resolution: If [get_<value>] was used to populate the object, check to make sure this command returns at least one valid object.
WARNING: [Vivado 12-584] No ports matched 'pulser1_neg[7]'. [/home/russell/ultrasound/fpga/us/us.srcs/constrs_1/new/pins.xdc:18]
CRITICAL WARNING: [Common 17-55] 'set_property' expects at least one object. [/home/russell/ultrasound/fpga/us/us.srcs/constrs_1/new/pins.xdc:18]
Resolution: If [get_<value>] was used to populate the object, check to make sure this command returns at least one valid object.
WARNING: [Vivado 12-584] No ports matched 'pulser1_neg[6]'. [/home/russell/ultrasound/fpga/us/us.srcs/constrs_1/new/pins.xdc:19]
CRITICAL WARNING: [Common 17-55] 'set_property' expects at least one object. [/home/russell/ultrasound/fpga/us/us.srcs/constrs_1/new/pins.xdc:19]
Resolution: If [get_<value>] was used to populate the object, check to make sure this command returns at least one valid object.
WARNING: [Vivado 12-584] No ports matched 'pulser1_neg[5]'. [/home/russell/ultrasound/fpga/us/us.srcs/constrs_1/new/pins.xdc:20]
CRITICAL WARNING: [Common 17-55] 'set_property' expects at least one object. [/home/russell/ultrasound/fpga/us/us.srcs/constrs_1/new/pins.xdc:20]
Resolution: If [get_<value>] was used to populate the object, check to make sure this command returns at least one valid object.
WARNING: [Vivado 12-584] No ports matched 'pulser1_neg[4]'. [/home/russell/ultrasound/fpga/us/us.srcs/constrs_1/new/pins.xdc:21]
CRITICAL WARNING: [Common 17-55] 'set_property' expects at least one object. [/home/russell/ultrasound/fpga/us/us.srcs/constrs_1/new/pins.xdc:21]
Resolution: If [get_<value>] was used to populate the object, check to make sure this command returns at least one valid object.
WARNING: [Vivado 12-584] No ports matched 'pulser1_pos[7]'. [/home/russell/ultrasound/fpga/us/us.srcs/constrs_1/new/pins.xdc:26]
CRITICAL WARNING: [Common 17-55] 'set_property' expects at least one object. [/home/russell/ultrasound/fpga/us/us.srcs/constrs_1/new/pins.xdc:26]
Resolution: If [get_<value>] was used to populate the object, check to make sure this command returns at least one valid object.
WARNING: [Vivado 12-584] No ports matched 'pulser1_pos[6]'. [/home/russell/ultrasound/fpga/us/us.srcs/constrs_1/new/pins.xdc:27]
CRITICAL WARNING: [Common 17-55] 'set_property' expects at least one object. [/home/russell/ultrasound/fpga/us/us.srcs/constrs_1/new/pins.xdc:27]
Resolution: If [get_<value>] was used to populate the object, check to make sure this command returns at least one valid object.
WARNING: [Vivado 12-584] No ports matched 'pulser1_pos[5]'. [/home/russell/ultrasound/fpga/us/us.srcs/constrs_1/new/pins.xdc:28]
CRITICAL WARNING: [Common 17-55] 'set_property' expects at least one object. [/home/russell/ultrasound/fpga/us/us.srcs/constrs_1/new/pins.xdc:28]
Resolution: If [get_<value>] was used to populate the object, check to make sure this command returns at least one valid object.
WARNING: [Vivado 12-584] No ports matched 'pulser1_pos[4]'. [/home/russell/ultrasound/fpga/us/us.srcs/constrs_1/new/pins.xdc:29]
CRITICAL WARNING: [Common 17-55] 'set_property' expects at least one object. [/home/russell/ultrasound/fpga/us/us.srcs/constrs_1/new/pins.xdc:29]
Resolution: If [get_<value>] was used to populate the object, check to make sure this command returns at least one valid object.
WARNING: [Vivado 12-584] No ports matched 'dac_cs'. [/home/russell/ultrasound/fpga/us/us.srcs/constrs_1/new/pins.xdc:38]
CRITICAL WARNING: [Common 17-55] 'set_property' expects at least one object. [/home/russell/ultrasound/fpga/us/us.srcs/constrs_1/new/pins.xdc:38]
Resolution: If [get_<value>] was used to populate the object, check to make sure this command returns at least one valid object.
WARNING: [Vivado 12-584] No ports matched 'dac_sclk'. [/home/russell/ultrasound/fpga/us/us.srcs/constrs_1/new/pins.xdc:39]
CRITICAL WARNING: [Common 17-55] 'set_property' expects at least one object. [/home/russell/ultrasound/fpga/us/us.srcs/constrs_1/new/pins.xdc:39]
Resolution: If [get_<value>] was used to populate the object, check to make sure this command returns at least one valid object.
WARNING: [Vivado 12-584] No ports matched 'dac_sclk'. [/home/russell/ultrasound/fpga/us/us.srcs/constrs_1/new/pins.xdc:40]
CRITICAL WARNING: [Common 17-55] 'set_property' expects at least one object. [/home/russell/ultrasound/fpga/us/us.srcs/constrs_1/new/pins.xdc:40]
Resolution: If [get_<value>] was used to populate the object, check to make sure this command returns at least one valid object.
WARNING: [Vivado 12-584] No ports matched 'dac_mosi'. [/home/russell/ultrasound/fpga/us/us.srcs/constrs_1/new/pins.xdc:44]
CRITICAL WARNING: [Common 17-55] 'set_property' expects at least one object. [/home/russell/ultrasound/fpga/us/us.srcs/constrs_1/new/pins.xdc:44]
Resolution: If [get_<value>] was used to populate the object, check to make sure this command returns at least one valid object.
WARNING: [Vivado 12-584] No ports matched 'dac_cs'. [/home/russell/ultrasound/fpga/us/us.srcs/constrs_1/new/pins.xdc:47]
CRITICAL WARNING: [Common 17-55] 'set_property' expects at least one object. [/home/russell/ultrasound/fpga/us/us.srcs/constrs_1/new/pins.xdc:47]
Resolution: If [get_<value>] was used to populate the object, check to make sure this command returns at least one valid object.
WARNING: [Vivado 12-584] No ports matched 'dac_sclk'. [/home/russell/ultrasound/fpga/us/us.srcs/constrs_1/new/pins.xdc:48]
CRITICAL WARNING: [Common 17-55] 'set_property' expects at least one object. [/home/russell/ultrasound/fpga/us/us.srcs/constrs_1/new/pins.xdc:48]
Resolution: If [get_<value>] was used to populate the object, check to make sure this command returns at least one valid object.
WARNING: [Vivado 12-584] No ports matched 'dac_mosi'. [/home/russell/ultrasound/fpga/us/us.srcs/constrs_1/new/pins.xdc:55]
CRITICAL WARNING: [Common 17-55] 'set_property' expects at least one object. [/home/russell/ultrasound/fpga/us/us.srcs/constrs_1/new/pins.xdc:55]
Resolution: If [get_<value>] was used to populate the object, check to make sure this command returns at least one valid object.
CRITICAL WARNING: [Vivado 12-1411] Cannot set LOC property of ports, the positive port (P-side) 'adc0_syncp' of a differential pair cannot be placed on a negative package pin 'V19' (IOBS). [/home/russell/ultrasound/fpga/us/us.srcs/constrs_1/new/pins.xdc:100]
CRITICAL WARNING: [Vivado 12-1411] Cannot set LOC property of ports, the negative port (N-side) 'adc0_syncn' of a differential pair cannot be placed on a positive package pin 'U19' (IOBM). [/home/russell/ultrasound/fpga/us/us.srcs/constrs_1/new/pins.xdc:107]
CRITICAL WARNING: [Vivado 12-1411] Cannot set LOC property of ports, the positive port (P-side) 'adc1_syncp' of a differential pair cannot be placed on a negative package pin 'U22' (IOBS). [/home/russell/ultrasound/fpga/us/us.srcs/constrs_1/new/pins.xdc:108]
CRITICAL WARNING: [Vivado 12-1411] Cannot set LOC property of ports, the negative port (N-side) 'adc1_syncn' of a differential pair cannot be placed on a positive package pin 'U21' (IOBM). [/home/russell/ultrasound/fpga/us/us.srcs/constrs_1/new/pins.xdc:109]
CRITICAL WARNING: [Vivado 12-2285] Cannot set LOC property of instance 'bd/bd_i/xxv_ethernet_0/inst/i_bd_xxv_ethernet_0_0_gt/inst/gen_gtwizard_gthe4_top.bd_xxv_ethernet_0_0_gt_gtwizard_gthe4_inst/gen_gtwizard_gthe4.gen_channel_container[0].gen_enabled_channel.gthe4_channel_wrapper_inst/channel_inst/gthe4_channel_gen.gen_gthe4_channel_inst[0].GTHE4_CHANNEL_PRIM_INST'... bd/bd_i/xxv_ethernet_0/inst/i_bd_xxv_ethernet_0_0_gt/inst/gen_gtwizard_gthe4_top.bd_xxv_ethernet_0_0_gt_gtwizard_gthe4_inst/gen_gtwizard_gthe4.gen_channel_container[0].gen_enabled_channel.gthe4_channel_wrapper_inst/channel_inst/gthe4_channel_gen.gen_gthe4_channel_inst[0].GTHE4_CHANNEL_PRIM_INST. Instance bd/bd_i/xxv_ethernet_0/inst/i_bd_xxv_ethernet_0_0_gt/inst/gen_gtwizard_gthe4_top.bd_xxv_ethernet_0_0_gt_gtwizard_gthe4_inst/gen_gtwizard_gthe4.gen_channel_container[0].gen_enabled_channel.gthe4_channel_wrapper_inst/channel_inst/gthe4_channel_gen.gen_gthe4_channel_inst[0].GTHE4_CHANNEL_PRIM_INST can not be placed in GTHE4_CHANNEL of site GTHE4_CHANNEL_X0Y1 because the bel is occupied. This could be caused by bel constraint conflict.
This bel location is occupied by the following instances: 
  bd/bd_i/jesd204_phy_0/inst/jesd204_phy_block_i/bd_jesd204_phy_0_0_gt_i/inst/gen_gtwizard_gthe4_top.bd_jesd204_phy_0_0_gt_gtwizard_gthe4_inst/gen_gtwizard_gthe4.gen_channel_container[0].gen_enabled_channel.gthe4_channel_wrapper_inst/channel_inst/gthe4_channel_gen.gen_gthe4_channel_inst[1].GTHE4_CHANNEL_PRIM_INST
 [/home/russell/ultrasound/fpga/us/us.srcs/constrs_1/new/pins.xdc:117]
Resolution: When using BEL constraints, ensure the BEL constraints are defined before the LOC constraints to avoid conflicts at a given site.
CRITICAL WARNING: [Vivado 12-1411] Cannot set LOC property of ports, bd/bd_i/xxv_ethernet_0/inst/i_bd_xxv_ethernet_0_0_gt/inst/gen_gtwizard_gthe4_top.bd_xxv_ethernet_0_0_gt_gtwizard_gthe4_inst/gen_gtwizard_gthe4.gen_channel_container[0].gen_enabled_channel.gthe4_channel_wrapper_inst/channel_inst/gthe4_channel_gen.gen_gthe4_channel_inst[0].GTHE4_CHANNEL_PRIM_INST. Instance bd/bd_i/xxv_ethernet_0/inst/i_bd_xxv_ethernet_0_0_gt/inst/gen_gtwizard_gthe4_top.bd_xxv_ethernet_0_0_gt_gtwizard_gthe4_inst/gen_gtwizard_gthe4.gen_channel_container[0].gen_enabled_channel.gthe4_channel_wrapper_inst/channel_inst/gthe4_channel_gen.gen_gthe4_channel_inst[0].GTHE4_CHANNEL_PRIM_INST can not be placed in GTHE4_CHANNEL of site GTHE4_CHANNEL_X0Y1 because the bel is occupied. This could be caused by bel constraint conflict.
This bel location is occupied by the following instances: 
  bd/bd_i/jesd204_phy_0/inst/jesd204_phy_block_i/bd_jesd204_phy_0_0_gt_i/inst/gen_gtwizard_gthe4_top.bd_jesd204_phy_0_0_gt_gtwizard_gthe4_inst/gen_gtwizard_gthe4.gen_channel_container[0].gen_enabled_channel.gthe4_channel_wrapper_inst/channel_inst/gthe4_channel_gen.gen_gthe4_channel_inst[1].GTHE4_CHANNEL_PRIM_INST
 [/home/russell/ultrasound/fpga/us/us.srcs/constrs_1/new/pins.xdc:118]
CRITICAL WARNING: [Vivado 12-1411] Cannot set LOC property of ports, bd/bd_i/xxv_ethernet_0/inst/i_bd_xxv_ethernet_0_0_gt/inst/gen_gtwizard_gthe4_top.bd_xxv_ethernet_0_0_gt_gtwizard_gthe4_inst/gen_gtwizard_gthe4.gen_channel_container[0].gen_enabled_channel.gthe4_channel_wrapper_inst/channel_inst/gthe4_channel_gen.gen_gthe4_channel_inst[0].GTHE4_CHANNEL_PRIM_INST. Instance bd/bd_i/xxv_ethernet_0/inst/i_bd_xxv_ethernet_0_0_gt/inst/gen_gtwizard_gthe4_top.bd_xxv_ethernet_0_0_gt_gtwizard_gthe4_inst/gen_gtwizard_gthe4.gen_channel_container[0].gen_enabled_channel.gthe4_channel_wrapper_inst/channel_inst/gthe4_channel_gen.gen_gthe4_channel_inst[0].GTHE4_CHANNEL_PRIM_INST can not be placed in GTHE4_CHANNEL of site GTHE4_CHANNEL_X0Y1 because the bel is occupied. This could be caused by bel constraint conflict.
This bel location is occupied by the following instances: 
  bd/bd_i/jesd204_phy_0/inst/jesd204_phy_block_i/bd_jesd204_phy_0_0_gt_i/inst/gen_gtwizard_gthe4_top.bd_jesd204_phy_0_0_gt_gtwizard_gthe4_inst/gen_gtwizard_gthe4.gen_channel_container[0].gen_enabled_channel.gthe4_channel_wrapper_inst/channel_inst/gthe4_channel_gen.gen_gthe4_channel_inst[1].GTHE4_CHANNEL_PRIM_INST
 [/home/russell/ultrasound/fpga/us/us.srcs/constrs_1/new/pins.xdc:119]
CRITICAL WARNING: [Vivado 12-1411] Cannot set LOC property of ports, bd/bd_i/xxv_ethernet_0/inst/i_bd_xxv_ethernet_0_0_gt/inst/gen_gtwizard_gthe4_top.bd_xxv_ethernet_0_0_gt_gtwizard_gthe4_inst/gen_gtwizard_gthe4.gen_channel_container[0].gen_enabled_channel.gthe4_channel_wrapper_inst/channel_inst/gthe4_channel_gen.gen_gthe4_channel_inst[0].GTHE4_CHANNEL_PRIM_INST. Instance bd/bd_i/xxv_ethernet_0/inst/i_bd_xxv_ethernet_0_0_gt/inst/gen_gtwizard_gthe4_top.bd_xxv_ethernet_0_0_gt_gtwizard_gthe4_inst/gen_gtwizard_gthe4.gen_channel_container[0].gen_enabled_channel.gthe4_channel_wrapper_inst/channel_inst/gthe4_channel_gen.gen_gthe4_channel_inst[0].GTHE4_CHANNEL_PRIM_INST can not be placed in GTHE4_CHANNEL of site GTHE4_CHANNEL_X0Y1 because the bel is occupied. This could be caused by bel constraint conflict.
This bel location is occupied by the following instances: 
  bd/bd_i/jesd204_phy_0/inst/jesd204_phy_block_i/bd_jesd204_phy_0_0_gt_i/inst/gen_gtwizard_gthe4_top.bd_jesd204_phy_0_0_gt_gtwizard_gthe4_inst/gen_gtwizard_gthe4.gen_channel_container[0].gen_enabled_channel.gthe4_channel_wrapper_inst/channel_inst/gthe4_channel_gen.gen_gthe4_channel_inst[1].GTHE4_CHANNEL_PRIM_INST
 [/home/russell/ultrasound/fpga/us/us.srcs/constrs_1/new/pins.xdc:120]
Finished Parsing XDC File [/home/russell/ultrasound/fpga/us/us.srcs/constrs_1/new/pins.xdc]
Parsing XDC File [/home/russell/ultrasound/fpga/us/us.gen/sources_1/bd/bd/ip/bd_jesd204_phy_0_0/synth/bd_jesd204_phy_0_0_clock_group.xdc] for cell 'bd/bd_i/jesd204_phy_0/inst'
Finished Parsing XDC File [/home/russell/ultrasound/fpga/us/us.gen/sources_1/bd/bd/ip/bd_jesd204_phy_0_0/synth/bd_jesd204_phy_0_0_clock_group.xdc] for cell 'bd/bd_i/jesd204_phy_0/inst'
Parsing XDC File [/home/russell/ultrasound/fpga/us/us.gen/sources_1/bd/bd/ip/bd_jesd204_phy_0_0/synth/bd_jesd204_phy_0_0_clocks.xdc] for cell 'bd/bd_i/jesd204_phy_0/inst'
WARNING: [Vivado 12-1008] No clocks found for command 'get_clocks -of_objects [get_ports -scoped_to_current_instance rx_core_clk]'. [/home/russell/ultrasound/fpga/us/us.gen/sources_1/bd/bd/ip/bd_jesd204_phy_0_0/synth/bd_jesd204_phy_0_0_clocks.xdc:57]
Resolution: Verify the create_clock command was called to create the clock object before it is referenced.
INFO: [Vivado 12-626] No clocks found. Please use 'create_clock' or 'create_generated_clock' command to create clocks. [/home/russell/ultrasound/fpga/us/us.gen/sources_1/bd/bd/ip/bd_jesd204_phy_0_0/synth/bd_jesd204_phy_0_0_clocks.xdc:57]
WARNING: [Vivado 12-1008] No clocks found for command 'get_clocks -of_objects [get_ports -scoped_to_current_instance tx_core_clk]'. [/home/russell/ultrasound/fpga/us/us.gen/sources_1/bd/bd/ip/bd_jesd204_phy_0_0/synth/bd_jesd204_phy_0_0_clocks.xdc:59]
Resolution: Verify the create_clock command was called to create the clock object before it is referenced.
INFO: [Vivado 12-626] No clocks found. Please use 'create_clock' or 'create_generated_clock' command to create clocks. [/home/russell/ultrasound/fpga/us/us.gen/sources_1/bd/bd/ip/bd_jesd204_phy_0_0/synth/bd_jesd204_phy_0_0_clocks.xdc:59]
Finished Parsing XDC File [/home/russell/ultrasound/fpga/us/us.gen/sources_1/bd/bd/ip/bd_jesd204_phy_0_0/synth/bd_jesd204_phy_0_0_clocks.xdc] for cell 'bd/bd_i/jesd204_phy_0/inst'
Parsing XDC File [/home/russell/ultrasound/fpga/us/us.gen/sources_1/bd/bd/ip/bd_microblaze_riscv_0_axi_intc_0/bd_microblaze_riscv_0_axi_intc_0_clocks.xdc] for cell 'bd/bd_i/microblaze_riscv_0_axi_intc/U0'
Finished Parsing XDC File [/home/russell/ultrasound/fpga/us/us.gen/sources_1/bd/bd/ip/bd_microblaze_riscv_0_axi_intc_0/bd_microblaze_riscv_0_axi_intc_0_clocks.xdc] for cell 'bd/bd_i/microblaze_riscv_0_axi_intc/U0'
Parsing XDC File [/home/russell/ultrasound/fpga/us/us.gen/sources_1/bd/bd/ip/bd_mdm_1_0/bd_mdm_1_0.xdc] for cell 'bd/bd_i/mdm_1/U0'
Finished Parsing XDC File [/home/russell/ultrasound/fpga/us/us.gen/sources_1/bd/bd/ip/bd_mdm_1_0/bd_mdm_1_0.xdc] for cell 'bd/bd_i/mdm_1/U0'
INFO: [Project 1-1714] 72 XPM XDC files have been applied to the design.
INFO: [Opt 31-138] Pushed 0 inverter(s) to 0 load pin(s).
INFO: [Opt 31-422] The CLOCK_DOMAINS attribute on the BRAM cell bd/bd_i/microblaze_riscv_0_local_memory/lmb_bram/U0/inst_blk_mem_gen/gnbram.gnative_mem_map_bmg.native_mem_map_blk_mem_gen/valid.cstr/ramloop[0].ram.r/prim_noinit.ram/DEVICE_8SERIES.WITH_BMM_INFO.TRUE_DP.SIMPLE_PRIM36.SERIES8_TDP_SP36_NO_ECC_ATTR.ram has been changed from INDEPENDENT to COMMON to match the clocking topology used for the BRAM.
INFO: [Opt 31-422] The CLOCK_DOMAINS attribute on the BRAM cell bd/bd_i/microblaze_riscv_0_local_memory/lmb_bram/U0/inst_blk_mem_gen/gnbram.gnative_mem_map_bmg.native_mem_map_blk_mem_gen/valid.cstr/ramloop[10].ram.r/prim_noinit.ram/DEVICE_8SERIES.WITH_BMM_INFO.TRUE_DP.SIMPLE_PRIM36.SERIES8_TDP_SP36_NO_ECC_ATTR.ram has been changed from INDEPENDENT to COMMON to match the clocking topology used for the BRAM.
INFO: [Opt 31-422] The CLOCK_DOMAINS attribute on the BRAM cell bd/bd_i/microblaze_riscv_0_local_memory/lmb_bram/U0/inst_blk_mem_gen/gnbram.gnative_mem_map_bmg.native_mem_map_blk_mem_gen/valid.cstr/ramloop[11].ram.r/prim_noinit.ram/DEVICE_8SERIES.WITH_BMM_INFO.TRUE_DP.SIMPLE_PRIM36.SERIES8_TDP_SP36_NO_ECC_ATTR.ram has been changed from INDEPENDENT to COMMON to match the clocking topology used for the BRAM.
INFO: [Opt 31-422] The CLOCK_DOMAINS attribute on the BRAM cell bd/bd_i/microblaze_riscv_0_local_memory/lmb_bram/U0/inst_blk_mem_gen/gnbram.gnative_mem_map_bmg.native_mem_map_blk_mem_gen/valid.cstr/ramloop[12].ram.r/prim_noinit.ram/DEVICE_8SERIES.WITH_BMM_INFO.TRUE_DP.SIMPLE_PRIM36.SERIES8_TDP_SP36_NO_ECC_ATTR.ram has been changed from INDEPENDENT to COMMON to match the clocking topology used for the BRAM.
INFO: [Opt 31-422] The CLOCK_DOMAINS attribute on the BRAM cell bd/bd_i/microblaze_riscv_0_local_memory/lmb_bram/U0/inst_blk_mem_gen/gnbram.gnative_mem_map_bmg.native_mem_map_blk_mem_gen/valid.cstr/ramloop[13].ram.r/prim_noinit.ram/DEVICE_8SERIES.WITH_BMM_INFO.TRUE_DP.SIMPLE_PRIM36.SERIES8_TDP_SP36_NO_ECC_ATTR.ram has been changed from INDEPENDENT to COMMON to match the clocking topology used for the BRAM.
INFO: [Opt 31-422] The CLOCK_DOMAINS attribute on the BRAM cell bd/bd_i/microblaze_riscv_0_local_memory/lmb_bram/U0/inst_blk_mem_gen/gnbram.gnative_mem_map_bmg.native_mem_map_blk_mem_gen/valid.cstr/ramloop[14].ram.r/prim_noinit.ram/DEVICE_8SERIES.WITH_BMM_INFO.TRUE_DP.SIMPLE_PRIM36.SERIES8_TDP_SP36_NO_ECC_ATTR.ram has been changed from INDEPENDENT to COMMON to match the clocking topology used for the BRAM.
INFO: [Opt 31-422] The CLOCK_DOMAINS attribute on the BRAM cell bd/bd_i/microblaze_riscv_0_local_memory/lmb_bram/U0/inst_blk_mem_gen/gnbram.gnative_mem_map_bmg.native_mem_map_blk_mem_gen/valid.cstr/ramloop[15].ram.r/prim_noinit.ram/DEVICE_8SERIES.WITH_BMM_INFO.TRUE_DP.SIMPLE_PRIM36.SERIES8_TDP_SP36_NO_ECC_ATTR.ram has been changed from INDEPENDENT to COMMON to match the clocking topology used for the BRAM.
INFO: [Opt 31-422] The CLOCK_DOMAINS attribute on the BRAM cell bd/bd_i/microblaze_riscv_0_local_memory/lmb_bram/U0/inst_blk_mem_gen/gnbram.gnative_mem_map_bmg.native_mem_map_blk_mem_gen/valid.cstr/ramloop[1].ram.r/prim_noinit.ram/DEVICE_8SERIES.WITH_BMM_INFO.TRUE_DP.SIMPLE_PRIM36.SERIES8_TDP_SP36_NO_ECC_ATTR.ram has been changed from INDEPENDENT to COMMON to match the clocking topology used for the BRAM.
INFO: [Opt 31-422] The CLOCK_DOMAINS attribute on the BRAM cell bd/bd_i/microblaze_riscv_0_local_memory/lmb_bram/U0/inst_blk_mem_gen/gnbram.gnative_mem_map_bmg.native_mem_map_blk_mem_gen/valid.cstr/ramloop[2].ram.r/prim_noinit.ram/DEVICE_8SERIES.WITH_BMM_INFO.TRUE_DP.SIMPLE_PRIM36.SERIES8_TDP_SP36_NO_ECC_ATTR.ram has been changed from INDEPENDENT to COMMON to match the clocking topology used for the BRAM.
INFO: [Opt 31-422] The CLOCK_DOMAINS attribute on the BRAM cell bd/bd_i/microblaze_riscv_0_local_memory/lmb_bram/U0/inst_blk_mem_gen/gnbram.gnative_mem_map_bmg.native_mem_map_blk_mem_gen/valid.cstr/ramloop[3].ram.r/prim_noinit.ram/DEVICE_8SERIES.WITH_BMM_INFO.TRUE_DP.SIMPLE_PRIM36.SERIES8_TDP_SP36_NO_ECC_ATTR.ram has been changed from INDEPENDENT to COMMON to match the clocking topology used for the BRAM.
INFO: [Opt 31-422] The CLOCK_DOMAINS attribute on the BRAM cell bd/bd_i/microblaze_riscv_0_local_memory/lmb_bram/U0/inst_blk_mem_gen/gnbram.gnative_mem_map_bmg.native_mem_map_blk_mem_gen/valid.cstr/ramloop[4].ram.r/prim_noinit.ram/DEVICE_8SERIES.WITH_BMM_INFO.TRUE_DP.SIMPLE_PRIM36.SERIES8_TDP_SP36_NO_ECC_ATTR.ram has been changed from INDEPENDENT to COMMON to match the clocking topology used for the BRAM.
INFO: [Opt 31-422] The CLOCK_DOMAINS attribute on the BRAM cell bd/bd_i/microblaze_riscv_0_local_memory/lmb_bram/U0/inst_blk_mem_gen/gnbram.gnative_mem_map_bmg.native_mem_map_blk_mem_gen/valid.cstr/ramloop[5].ram.r/prim_noinit.ram/DEVICE_8SERIES.WITH_BMM_INFO.TRUE_DP.SIMPLE_PRIM36.SERIES8_TDP_SP36_NO_ECC_ATTR.ram has been changed from INDEPENDENT to COMMON to match the clocking topology used for the BRAM.
INFO: [Opt 31-422] The CLOCK_DOMAINS attribute on the BRAM cell bd/bd_i/microblaze_riscv_0_local_memory/lmb_bram/U0/inst_blk_mem_gen/gnbram.gnative_mem_map_bmg.native_mem_map_blk_mem_gen/valid.cstr/ramloop[6].ram.r/prim_noinit.ram/DEVICE_8SERIES.WITH_BMM_INFO.TRUE_DP.SIMPLE_PRIM36.SERIES8_TDP_SP36_NO_ECC_ATTR.ram has been changed from INDEPENDENT to COMMON to match the clocking topology used for the BRAM.
INFO: [Opt 31-422] The CLOCK_DOMAINS attribute on the BRAM cell bd/bd_i/microblaze_riscv_0_local_memory/lmb_bram/U0/inst_blk_mem_gen/gnbram.gnative_mem_map_bmg.native_mem_map_blk_mem_gen/valid.cstr/ramloop[7].ram.r/prim_noinit.ram/DEVICE_8SERIES.WITH_BMM_INFO.TRUE_DP.SIMPLE_PRIM36.SERIES8_TDP_SP36_NO_ECC_ATTR.ram has been changed from INDEPENDENT to COMMON to match the clocking topology used for the BRAM.
INFO: [Opt 31-422] The CLOCK_DOMAINS attribute on the BRAM cell bd/bd_i/microblaze_riscv_0_local_memory/lmb_bram/U0/inst_blk_mem_gen/gnbram.gnative_mem_map_bmg.native_mem_map_blk_mem_gen/valid.cstr/ramloop[8].ram.r/prim_noinit.ram/DEVICE_8SERIES.WITH_BMM_INFO.TRUE_DP.SIMPLE_PRIM36.SERIES8_TDP_SP36_NO_ECC_ATTR.ram has been changed from INDEPENDENT to COMMON to match the clocking topology used for the BRAM.
INFO: [Opt 31-422] The CLOCK_DOMAINS attribute on the BRAM cell bd/bd_i/microblaze_riscv_0_local_memory/lmb_bram/U0/inst_blk_mem_gen/gnbram.gnative_mem_map_bmg.native_mem_map_blk_mem_gen/valid.cstr/ramloop[9].ram.r/prim_noinit.ram/DEVICE_8SERIES.WITH_BMM_INFO.TRUE_DP.SIMPLE_PRIM36.SERIES8_TDP_SP36_NO_ECC_ATTR.ram has been changed from INDEPENDENT to COMMON to match the clocking topology used for the BRAM.
INFO: [Opt 31-422] The CLOCK_DOMAINS attribute on the BRAM cell bd/bd_i/net_wrapper_0/inst/eth_mac_10g_fifo_inst/rx_fifo/fifo_inst/mem_reg_0 has been changed from INDEPENDENT to COMMON to match the clocking topology used for the BRAM.
INFO: [Opt 31-422] The CLOCK_DOMAINS attribute on the BRAM cell bd/bd_i/net_wrapper_0/inst/eth_mac_10g_fifo_inst/rx_fifo/fifo_inst/mem_reg_1 has been changed from INDEPENDENT to COMMON to match the clocking topology used for the BRAM.
Generating merged BMM file for the design top 'us_top'...
INFO: [Memdata 28-144] Successfully populated the BRAM INIT strings from the following elf files: /home/russell/ultrasound/fpga/us/us.gen/sources_1/bd/bd/ip/bd_microblaze_riscv_0_0/data/riscv_bootloop.elf 
INFO: [Project 1-1687] 49 scoped IP constraints or related sub-commands were skipped due to synthesis logic optimizations usually triggered by constant connectivity or unconnected output pins. To review the skipped constraints and messages, run the command 'set_param netlist.IPMsgFiltering false' before opening the design.
Netlist sorting complete. Time (s): cpu = 00:00:00.01 ; elapsed = 00:00:00.01 . Memory (MB): peak = 2902.645 ; gain = 0.000 ; free physical = 5787 ; free virtual = 33349
INFO: [Project 1-111] Unisim Transformation Summary:
  A total of 275 instances were transformed.
  CFGLUT5 => CFGLUT5 (SRL16E, SRLC32E): 108 instances
  DSP48E1 => DSP48E2 (DSP_ALU, DSP_A_B_DATA, DSP_C_DATA, DSP_MULTIPLIER, DSP_M_DATA, DSP_OUTPUT, DSP_PREADD, DSP_PREADD_DATA): 4 instances
  IBUF => IBUF (IBUFCTRL, INBUF): 1 instance 
  IBUFDS => IBUFDS (DIFFINBUF, IBUFCTRL): 2 instances
  IOBUF => IOBUF (IBUFCTRL, INBUF, OBUFT): 2 instances
  LUT6_2 => LUT6_2 (LUT5, LUT6): 80 instances
  OBUFDS => OBUFDS: 2 instances
  RAM16X1D => RAM32X1D (RAMD32(x2)): 34 instances
  RAM256X1D => RAM256X1D (MUXF7(x4), MUXF8(x2), RAMD64E(x8)): 2 instances
  RAM32M => RAM32M (RAMD32(x6), RAMS32(x2)): 28 instances
  RAM32M16 => RAM32M16 (RAMD32(x14), RAMS32(x2)): 10 instances
  RAM32X1D => RAM32X1D (RAMD32(x2)): 2 instances

67 Infos, 89 Warnings, 32 Critical Warnings and 0 Errors encountered.
link_design completed successfully
link_design: Time (s): cpu = 00:00:17 ; elapsed = 00:00:15 . Memory (MB): peak = 2902.680 ; gain = 1214.551 ; free physical = 5744 ; free virtual = 33348
Command: opt_design
Attempting to get a license for feature 'Implementation' and/or device 'xcau15p'
INFO: [Common 17-349] Got license for feature 'Implementation' and/or device 'xcau15p'
Running DRC as a precondition to command opt_design

Starting DRC Task
INFO: [DRC 23-27] Running DRC with 8 threads
INFO: [Project 1-461] DRC finished with 0 Errors
INFO: [Project 1-462] Please refer to the DRC report (report_drc) for more information.

Time (s): cpu = 00:00:01 ; elapsed = 00:00:00.4 . Memory (MB): peak = 2943.270 ; gain = 40.590 ; free physical = 5719 ; free virtual = 33293

Starting Cache Timing Information Task
INFO: [Timing 38-35] Done setting XDC timing constraints.
Ending Cache Timing Information Task | Checksum: 24a79d6ed

Time (s): cpu = 00:00:02 ; elapsed = 00:00:00.66 . Memory (MB): peak = 2943.270 ; gain = 0.000 ; free physical = 5741 ; free virtual = 33279

Starting Logic Optimization Task

Phase 1 Initialization

Phase 1.1 Core Generation And Design Setup

Phase 1.1.1 Generate And Synthesize Debug Cores
INFO: [Chipscope 16-329] Generating Script for core instance : dbg_hub 
INFO: [IP_Flow 19-3806] Processing IP xilinx.com:ip:xsdbm:3.0 for cell dbg_hub_CV.
INFO: [Chipscope 16-469] Using cached IP synthesis design for IP xilinx.com:ip:xsdbm:3.0, cache-ID = cbe2b7e683c9c2eb.
Done building netlist checker database: Time (s): cpu = 00:00:00 ; elapsed = 00:00:00.01 . Memory (MB): peak = 3286.926 ; gain = 0.000 ; free physical = 5214 ; free virtual = 32923
Netlist sorting complete. Time (s): cpu = 00:00:00.03 ; elapsed = 00:00:00.03 . Memory (MB): peak = 3286.926 ; gain = 0.000 ; free physical = 5268 ; free virtual = 32908
Phase 1.1.1 Generate And Synthesize Debug Cores | Checksum: 2df1572ee

Time (s): cpu = 00:00:13 ; elapsed = 00:00:06 . Memory (MB): peak = 3286.926 ; gain = 19.844 ; free physical = 5261 ; free virtual = 32909
Phase 1.1 Core Generation And Design Setup | Checksum: 2df1572ee

Time (s): cpu = 00:00:13 ; elapsed = 00:00:06 . Memory (MB): peak = 3286.926 ; gain = 19.844 ; free physical = 5256 ; free virtual = 32908

Phase 1.2 Setup Constraints And Sort Netlist
Phase 1.2 Setup Constraints And Sort Netlist | Checksum: 2df1572ee

Time (s): cpu = 00:00:13 ; elapsed = 00:00:06 . Memory (MB): peak = 3286.926 ; gain = 19.844 ; free physical = 5241 ; free virtual = 32907
Phase 1 Initialization | Checksum: 2df1572ee

Time (s): cpu = 00:00:13 ; elapsed = 00:00:06 . Memory (MB): peak = 3286.926 ; gain = 19.844 ; free physical = 5239 ; free virtual = 32907

Phase 2 Timer Update And Timing Data Collection

Phase 2.1 Detect if minReqCache needed
Phase 2.1 Detect if minReqCache needed | Checksum: 2df1572ee

Time (s): cpu = 00:00:13 ; elapsed = 00:00:06 . Memory (MB): peak = 3286.926 ; gain = 19.844 ; free physical = 5204 ; free virtual = 32907

Phase 2.2 Timer Update
Phase 2.2 Timer Update | Checksum: 2df1572ee

Time (s): cpu = 00:00:14 ; elapsed = 00:00:06 . Memory (MB): peak = 3286.926 ; gain = 19.844 ; free physical = 5302 ; free virtual = 32909

Phase 2.3 Timing Data Collection
Phase 2.3 Timing Data Collection | Checksum: 2df1572ee

Time (s): cpu = 00:00:14 ; elapsed = 00:00:06 . Memory (MB): peak = 3286.926 ; gain = 19.844 ; free physical = 5247 ; free virtual = 32898
Phase 2 Timer Update And Timing Data Collection | Checksum: 2df1572ee

Time (s): cpu = 00:00:14 ; elapsed = 00:00:06 . Memory (MB): peak = 3286.926 ; gain = 19.844 ; free physical = 5243 ; free virtual = 32898

Phase 3 Retarget
INFO: [Opt 31-1851] Number of loadless carry chains removed were: 0
INFO: [Opt 31-1834] Total Chains To Be Transformed Were: 0 AND Number of Transformed insts Created are: 0
INFO: [Opt 31-1566] Pulled 11 inverters resulting in an inversion of 115 pins
INFO: [Opt 31-138] Pushed 104 inverter(s) to 548 load pin(s).
INFO: [Opt 31-49] Retargeted 0 cell(s).
Phase 3 Retarget | Checksum: 33d3f1308

Time (s): cpu = 00:00:15 ; elapsed = 00:00:07 . Memory (MB): peak = 3286.926 ; gain = 19.844 ; free physical = 5246 ; free virtual = 32920
Retarget | Checksum: 33d3f1308
INFO: [Opt 31-389] Phase Retarget created 507 cells and removed 825 cells
INFO: [Opt 31-1021] In phase Retarget, 575 netlist objects are constrained preventing optimization. Please run opt_design with -debug_log to get more detail. 

Phase 4 Constant propagation
INFO: [Opt 31-138] Pushed 1 inverter(s) to 33 load pin(s).
Phase 4 Constant propagation | Checksum: 33c0a6ff3

Time (s): cpu = 00:00:15 ; elapsed = 00:00:07 . Memory (MB): peak = 3286.926 ; gain = 19.844 ; free physical = 5172 ; free virtual = 32916
Constant propagation | Checksum: 33c0a6ff3
INFO: [Opt 31-389] Phase Constant propagation created 328 cells and removed 1920 cells
INFO: [Opt 31-1021] In phase Constant propagation, 552 netlist objects are constrained preventing optimization. Please run opt_design with -debug_log to get more detail. 

Phase 5 Sweep
INFO: [Constraints 18-11670] Building netlist checker database with flags, 0x8
Done building netlist checker database: Time (s): cpu = 00:00:00.01 ; elapsed = 00:00:00.01 . Memory (MB): peak = 3286.926 ; gain = 0.000 ; free physical = 5187 ; free virtual = 32921
INFO: [Constraints 18-11670] Building netlist checker database with flags, 0x8
Done building netlist checker database: Time (s): cpu = 00:00:00 ; elapsed = 00:00:00.01 . Memory (MB): peak = 3286.926 ; gain = 0.000 ; free physical = 5269 ; free virtual = 32899
INFO: [Opt 31-120] Instance bd/bd_i/jesd204_phy_0 (bd_jesd204_phy_0_0) has been optimized to an empty box cell during sweep but it has constraints that prevent its removal. Empty box cells do not impact the implementation flow but they have no functional relevance.
Resolution: If this is not expected, please check for DONT_TOUCH properties or timing constraint set on the empty box cell or on nets connected to the cell. If found, remove the relevant DONT_TOUCH property or timing constraint and re-run opt_design.
Phase 5 Sweep | Checksum: 2f616d146

Time (s): cpu = 00:00:16 ; elapsed = 00:00:08 . Memory (MB): peak = 3286.926 ; gain = 19.844 ; free physical = 5320 ; free virtual = 32907
Sweep | Checksum: 2f616d146
INFO: [Opt 31-389] Phase Sweep created 2 cells and removed 4303 cells
INFO: [Opt 31-1021] In phase Sweep, 4345 netlist objects are constrained preventing optimization. Please run opt_design with -debug_log to get more detail. 

Phase 6 BUFG optimization
INFO: [Opt 31-194] Inserted BUFG bd/bd_i/mdm_1/U0/Use_E2.BSCAN_I/tck_BUFG_inst to drive 51 load(s) on clock net bd/bd_i/mdm_1/U0/Use_E2.BSCAN_I/tck_BUFGCE
INFO: [Opt 31-193] Inserted 1 BUFG(s) on clock nets
INFO: [Opt 31-1077] Phase BUFG optimization inserted 0 global clock buffer(s) for CLOCK_LOW_FANOUT.
Phase 6 BUFG optimization | Checksum: 332dbaeb8

Time (s): cpu = 00:00:17 ; elapsed = 00:00:08 . Memory (MB): peak = 3318.941 ; gain = 51.859 ; free physical = 5283 ; free virtual = 32917
BUFG optimization | Checksum: 332dbaeb8
INFO: [Opt 31-662] Phase BUFG optimization created 1 cells of which 1 are BUFGs and removed 0 cells.
INFO: [Opt 31-1021] In phase BUFG optimization, 1 netlist objects are constrained preventing optimization. Please run opt_design with -debug_log to get more detail. 

Phase 7 Shift Register Optimization
INFO: [Opt 31-1064] SRL Remap converted 0 SRLs to 0 registers and converted 0 registers of register chains to 0 SRLs
Phase 7 Shift Register Optimization | Checksum: 332dbaeb8

Time (s): cpu = 00:00:17 ; elapsed = 00:00:08 . Memory (MB): peak = 3318.941 ; gain = 51.859 ; free physical = 5238 ; free virtual = 32917
Shift Register Optimization | Checksum: 332dbaeb8
INFO: [Opt 31-389] Phase Shift Register Optimization created 0 cells and removed 0 cells

Phase 8 Post Processing Netlist
INFO: [Opt 31-1566] Pulled 1 inverters resulting in an inversion of 5 pins
Phase 8 Post Processing Netlist | Checksum: 2d87ce219

Time (s): cpu = 00:00:17 ; elapsed = 00:00:09 . Memory (MB): peak = 3318.941 ; gain = 51.859 ; free physical = 5288 ; free virtual = 32917
Post Processing Netlist | Checksum: 2d87ce219
INFO: [Opt 31-389] Phase Post Processing Netlist created 0 cells and removed 1 cells
INFO: [Opt 31-1021] In phase Post Processing Netlist, 582 netlist objects are constrained preventing optimization. Please run opt_design with -debug_log to get more detail. 

Phase 9 Finalization

Phase 9.1 Finalizing Design Cores and Updating Shapes
Phase 9.1 Finalizing Design Cores and Updating Shapes | Checksum: 29d2b4c3c

Time (s): cpu = 00:00:17 ; elapsed = 00:00:09 . Memory (MB): peak = 3318.941 ; gain = 51.859 ; free physical = 5324 ; free virtual = 32923

Phase 9.2 Verifying Netlist Connectivity

Starting Connectivity Check Task

Time (s): cpu = 00:00:00.03 ; elapsed = 00:00:00.03 . Memory (MB): peak = 3318.941 ; gain = 0.000 ; free physical = 5281 ; free virtual = 32923
Phase 9.2 Verifying Netlist Connectivity | Checksum: 29d2b4c3c

Time (s): cpu = 00:00:17 ; elapsed = 00:00:09 . Memory (MB): peak = 3318.941 ; gain = 51.859 ; free physical = 5277 ; free virtual = 32923
Phase 9 Finalization | Checksum: 29d2b4c3c

Time (s): cpu = 00:00:17 ; elapsed = 00:00:09 . Memory (MB): peak = 3318.941 ; gain = 51.859 ; free physical = 5274 ; free virtual = 32923
Opt_design Change Summary
=========================


-------------------------------------------------------------------------------------------------------------------------
|  Phase                        |  #Cells created  |  #Cells Removed  |  #Constrained objects preventing optimizations  |
-------------------------------------------------------------------------------------------------------------------------
|  Retarget                     |             507  |             825  |                                            575  |
|  Constant propagation         |             328  |            1920  |                                            552  |
|  Sweep                        |               2  |            4303  |                                           4345  |
|  BUFG optimization            |               1  |               0  |                                              1  |
|  Shift Register Optimization  |               0  |               0  |                                              0  |
|  Post Processing Netlist      |               0  |               1  |                                            582  |
-------------------------------------------------------------------------------------------------------------------------


Ending Logic Optimization Task | Checksum: 29d2b4c3c

Time (s): cpu = 00:00:17 ; elapsed = 00:00:09 . Memory (MB): peak = 3318.941 ; gain = 51.859 ; free physical = 5271 ; free virtual = 32922

Starting Power Optimization Task
INFO: [Pwropt 34-132] Skipping clock gating for clocks with a period < 2.00 ns.
INFO: [Timing 38-35] Done setting XDC timing constraints.
INFO: [Pwropt 34-9] Applying IDT optimizations ...
INFO: [Pwropt 34-10] Applying ODC optimizations ...
Running Vector-less Activity Propagation...

Finished Running Vector-less Activity Propagation


Starting PowerOpt Patch Enables Task
INFO: [Pwropt 34-162] WRITE_MODE attribute of 11 BRAM(s) out of a total of 50 has been updated to save power. Run report_power_opt to get a complete listing of the BRAMs updated.
INFO: [Pwropt 34-201] Structural ODC has moved 1 WE to EN ports
Number of BRAM Ports augmented: 10 newly gated: 3 Total Ports: 100
Ending PowerOpt Patch Enables Task | Checksum: 2cf409277

Time (s): cpu = 00:00:00.32 ; elapsed = 00:00:00.28 . Memory (MB): peak = 4295.344 ; gain = 0.000 ; free physical = 4515 ; free virtual = 32203
Ending Power Optimization Task | Checksum: 2cf409277

Time (s): cpu = 00:00:20 ; elapsed = 00:00:11 . Memory (MB): peak = 4295.344 ; gain = 976.402 ; free physical = 4444 ; free virtual = 32202

Starting Final Cleanup Task
Ending Final Cleanup Task | Checksum: 2cf409277

Time (s): cpu = 00:00:00.01 ; elapsed = 00:00:00 . Memory (MB): peak = 4295.344 ; gain = 0.000 ; free physical = 4438 ; free virtual = 32201
Netlist sorting complete. Time (s): cpu = 00:00:00.01 ; elapsed = 00:00:00.02 . Memory (MB): peak = 4295.344 ; gain = 0.000 ; free physical = 4420 ; free virtual = 32200
INFO: [Common 17-83] Releasing license: Implementation
111 Infos, 89 Warnings, 32 Critical Warnings and 0 Errors encountered.
opt_design completed successfully
opt_design: Time (s): cpu = 00:00:42 ; elapsed = 00:00:22 . Memory (MB): peak = 4295.344 ; gain = 1392.664 ; free physical = 4404 ; free virtual = 32199
INFO: [Vivado 12-24828] Executing command : report_drc -file us_top_drc_opted.rpt -pb us_top_drc_opted.pb -rpx us_top_drc_opted.rpx
Command: report_drc -file us_top_drc_opted.rpt -pb us_top_drc_opted.pb -rpx us_top_drc_opted.rpx
INFO: [IP_Flow 19-1839] IP Catalog is up to date.
INFO: [DRC 23-27] Running DRC with 8 threads
INFO: [Vivado_Tcl 2-168] The results of DRC are in file /home/russell/ultrasound/fpga/us/us.runs/impl_1/us_top_drc_opted.rpt.
report_drc completed successfully
INFO: [Timing 38-480] Writing timing data to binary archive.
Wrote PlaceDB: Time (s): cpu = 00:00:00.02 ; elapsed = 00:00:00.01 . Memory (MB): peak = 4295.344 ; gain = 0.000 ; free physical = 4290 ; free virtual = 32189
Wrote PulsedLatchDB: Time (s): cpu = 00:00:00 ; elapsed = 00:00:00 . Memory (MB): peak = 4295.344 ; gain = 0.000 ; free physical = 4290 ; free virtual = 32188
Writing XDEF routing.
Write ShapeDB Complete: Time (s): cpu = 00:00:00.12 ; elapsed = 00:00:00.03 . Memory (MB): peak = 4295.344 ; gain = 0.000 ; free physical = 4264 ; free virtual = 32188
Writing XDEF routing logical nets.
Writing XDEF routing special nets.
Wrote RouteStorage: Time (s): cpu = 00:00:00.28 ; elapsed = 00:00:00.07 . Memory (MB): peak = 4295.344 ; gain = 0.000 ; free physical = 4206 ; free virtual = 32188
Wrote Netlist Cache: Time (s): cpu = 00:00:00 ; elapsed = 00:00:00 . Memory (MB): peak = 4295.344 ; gain = 0.000 ; free physical = 4206 ; free virtual = 32188
Wrote Device Cache: Time (s): cpu = 00:00:00.03 ; elapsed = 00:00:00.01 . Memory (MB): peak = 4295.344 ; gain = 0.000 ; free physical = 4215 ; free virtual = 32191
Write Physdb Complete: Time (s): cpu = 00:00:00.35 ; elapsed = 00:00:00.09 . Memory (MB): peak = 4295.344 ; gain = 0.000 ; free physical = 4355 ; free virtual = 32192
INFO: [Common 17-1381] The checkpoint '/home/russell/ultrasound/fpga/us/us.runs/impl_1/us_top_opt.dcp' has been generated.
INFO: [Chipscope 16-240] Debug cores have already been implemented
Command: place_design
Attempting to get a license for feature 'Implementation' and/or device 'xcau15p'
INFO: [Common 17-349] Got license for feature 'Implementation' and/or device 'xcau15p'
INFO: [Common 17-83] Releasing license: Implementation
INFO: [DRC 23-27] Running DRC with 8 threads
INFO: [Vivado_Tcl 4-198] DRC finished with 0 Errors
INFO: [Vivado_Tcl 4-199] Please refer to the DRC report (report_drc) for more information.
INFO: [Timing 38-35] Done setting XDC timing constraints.
Running DRC as a precondition to command place_design
INFO: [DRC 23-27] Running DRC with 8 threads
INFO: [Vivado_Tcl 4-198] DRC finished with 0 Errors, 1 Warnings
INFO: [Vivado_Tcl 4-199] Please refer to the DRC report (report_drc) for more information.
INFO: [Place 30-611] Multithreading enabled for place_design using a maximum of 8 CPUs

Starting Placer Task

Phase 1 Placer Initialization

Phase 1.1 Placer Initialization Netlist Sorting
Netlist sorting complete. Time (s): cpu = 00:00:00.01 ; elapsed = 00:00:00.01 . Memory (MB): peak = 4478.512 ; gain = 0.000 ; free physical = 4153 ; free virtual = 32162
Phase 1.1 Placer Initialization Netlist Sorting | Checksum: 21d9da42e

Time (s): cpu = 00:00:00.03 ; elapsed = 00:00:00.02 . Memory (MB): peak = 4478.512 ; gain = 0.000 ; free physical = 4144 ; free virtual = 32162
Netlist sorting complete. Time (s): cpu = 00:00:00.01 ; elapsed = 00:00:00.01 . Memory (MB): peak = 4478.512 ; gain = 0.000 ; free physical = 4113 ; free virtual = 32162

Phase 1.2 IO Placement/ Clock Placement/ Build Placer Device
Phase 1.2 IO Placement/ Clock Placement/ Build Placer Device | Checksum: 290d3ba5c

Time (s): cpu = 00:00:02 ; elapsed = 00:00:01 . Memory (MB): peak = 4478.512 ; gain = 0.000 ; free physical = 4239 ; free virtual = 32181

Phase 1.3 Build Placer Netlist Model
Phase 1.3 Build Placer Netlist Model | Checksum: 362f318a3

Time (s): cpu = 00:00:08 ; elapsed = 00:00:04 . Memory (MB): peak = 4478.512 ; gain = 0.000 ; free physical = 4161 ; free virtual = 32201

Phase 1.4 Constrain Clocks/Macros
Phase 1.4 Constrain Clocks/Macros | Checksum: 362f318a3

Time (s): cpu = 00:00:09 ; elapsed = 00:00:04 . Memory (MB): peak = 4478.512 ; gain = 0.000 ; free physical = 4292 ; free virtual = 32203
Phase 1 Placer Initialization | Checksum: 362f318a3

Time (s): cpu = 00:00:09 ; elapsed = 00:00:04 . Memory (MB): peak = 4478.512 ; gain = 0.000 ; free physical = 4213 ; free virtual = 32203

Phase 2 Global Placement

Phase 2.1 Floorplanning

Phase 2.1.1 Partition Driven Placement

Phase 2.1.1.1 PBP: Partition Driven Placement
Phase 2.1.1.1 PBP: Partition Driven Placement | Checksum: 2d029b9f4

Time (s): cpu = 00:00:21 ; elapsed = 00:00:09 . Memory (MB): peak = 4478.512 ; gain = 0.000 ; free physical = 3833 ; free virtual = 32131

Phase 2.1.1.2 PBP: Clock Region Placement
INFO: [Place 30-3162] Check ILP status : ILP-based clock placer completed successfully.
Phase 2.1.1.2 PBP: Clock Region Placement | Checksum: 2eeabb787

Time (s): cpu = 00:00:21 ; elapsed = 00:00:09 . Memory (MB): peak = 4478.512 ; gain = 0.000 ; free physical = 3873 ; free virtual = 32130

Phase 2.1.1.3 PBP: Compute Congestion
Phase 2.1.1.3 PBP: Compute Congestion | Checksum: 2eeabb787

Time (s): cpu = 00:00:28 ; elapsed = 00:00:11 . Memory (MB): peak = 4478.512 ; gain = 0.000 ; free physical = 3832 ; free virtual = 32082

Phase 2.1.1.4 PBP: UpdateTiming
Phase 2.1.1.4 PBP: UpdateTiming | Checksum: 3758d08a1

Time (s): cpu = 00:00:30 ; elapsed = 00:00:12 . Memory (MB): peak = 4478.512 ; gain = 0.000 ; free physical = 3714 ; free virtual = 32082

Phase 2.1.1.5 PBP: Add part constraints
Phase 2.1.1.5 PBP: Add part constraints | Checksum: 3758d08a1

Time (s): cpu = 00:00:30 ; elapsed = 00:00:12 . Memory (MB): peak = 4478.512 ; gain = 0.000 ; free physical = 3724 ; free virtual = 32089
Phase 2.1.1 Partition Driven Placement | Checksum: 3758d08a1

Time (s): cpu = 00:00:30 ; elapsed = 00:00:12 . Memory (MB): peak = 4478.512 ; gain = 0.000 ; free physical = 3689 ; free virtual = 32088
Phase 2.1 Floorplanning | Checksum: 328bdc380

Time (s): cpu = 00:00:30 ; elapsed = 00:00:12 . Memory (MB): peak = 4478.512 ; gain = 0.000 ; free physical = 3835 ; free virtual = 32090

Phase 2.2 Update Timing before SLR Path Opt
Phase 2.2 Update Timing before SLR Path Opt | Checksum: 328bdc380

Time (s): cpu = 00:00:30 ; elapsed = 00:00:12 . Memory (MB): peak = 4478.512 ; gain = 0.000 ; free physical = 3814 ; free virtual = 32089

Phase 2.3 Post-Processing in Floorplanning
Phase 2.3 Post-Processing in Floorplanning | Checksum: 34b71a3a7

Time (s): cpu = 00:00:30 ; elapsed = 00:00:12 . Memory (MB): peak = 4478.512 ; gain = 0.000 ; free physical = 3723 ; free virtual = 32087

Phase 2.4 Global Place Phase1
Phase 2.4 Global Place Phase1 | Checksum: 2e4e6017b

Time (s): cpu = 00:01:12 ; elapsed = 00:00:27 . Memory (MB): peak = 4478.512 ; gain = 0.000 ; free physical = 3106 ; free virtual = 32149

Phase 2.5 Global Place Phase2

Phase 2.5.1 UpdateTiming Before Physical Synthesis
Phase 2.5.1 UpdateTiming Before Physical Synthesis | Checksum: 38401800e

Time (s): cpu = 00:01:15 ; elapsed = 00:00:27 . Memory (MB): peak = 4478.512 ; gain = 0.000 ; free physical = 3189 ; free virtual = 32173

Phase 2.5.2 Physical Synthesis In Placer
INFO: [Physopt 32-1035] Found 0 LUTNM shape to break, 828 LUT instances to create LUTNM shape
INFO: [Physopt 32-1044] Break lutnm for timing: one critical 0, two critical 0, total 0, new lutff created 0
INFO: [Physopt 32-1138] End 1 Pass. Optimized 293 nets or LUTs. Breaked 0 LUT, combined 293 existing LUTs and moved 0 existing LUT
INFO: [Physopt 32-1030] Pass 1. Identified 11 candidate driver sets for equivalent driver rewiring.
INFO: [Physopt 32-661] Optimized 4 nets.  Re-placed 149 instances.
INFO: [Physopt 32-775] End 1 Pass. Optimized 4 nets or cells. Created 0 new cell, deleted 122 existing cells and moved 149 existing cells
Netlist sorting complete. Time (s): cpu = 00:00:00.02 ; elapsed = 00:00:00.02 . Memory (MB): peak = 4478.512 ; gain = 0.000 ; free physical = 3008 ; free virtual = 32182
INFO: [Physopt 32-65] No nets found for high-fanout optimization.
INFO: [Physopt 32-232] Optimized 0 net. Created 0 new instance.
INFO: [Physopt 32-775] End 1 Pass. Optimized 0 net or cell. Created 0 new cell, deleted 0 existing cell and moved 0 existing cell
INFO: [Physopt 32-456] No candidate cells for DSP register optimization found in the design.
INFO: [Physopt 32-775] End 2 Pass. Optimized 0 net or cell. Created 0 new cell, deleted 0 existing cell and moved 0 existing cell
INFO: [Physopt 32-1123] No candidate cells found for Shift Register to Pipeline optimization
INFO: [Physopt 32-775] End 2 Pass. Optimized 0 net or cell. Created 0 new cell, deleted 0 existing cell and moved 0 existing cell
INFO: [Physopt 32-1401] No candidate cells found for Shift Register optimization.
INFO: [Physopt 32-677] No candidate cells for Shift Register optimization found in the design
INFO: [Physopt 32-775] End 1 Pass. Optimized 0 net or cell. Created 0 new cell, deleted 0 existing cell and moved 0 existing cell
INFO: [Physopt 32-526] No candidate cells for BRAM register optimization found in the design
INFO: [Physopt 32-775] End 1 Pass. Optimized 0 net or cell. Created 0 new cell, deleted 0 existing cell and moved 0 existing cell
INFO: [Physopt 32-846] No candidate cells for URAM register optimization found in the design
INFO: [Physopt 32-775] End 1 Pass. Optimized 0 net or cell. Created 0 new cell, deleted 0 existing cell and moved 0 existing cell
INFO: [Physopt 32-846] No candidate cells for URAM register optimization found in the design
INFO: [Physopt 32-775] End 1 Pass. Optimized 0 net or cell. Created 0 new cell, deleted 0 existing cell and moved 0 existing cell
INFO: [Physopt 32-949] No candidate nets found for dynamic/static region interface net replication
INFO: [Physopt 32-775] End 1 Pass. Optimized 0 net or cell. Created 0 new cell, deleted 0 existing cell and moved 0 existing cell
Netlist sorting complete. Time (s): cpu = 00:00:00.01 ; elapsed = 00:00:00.01 . Memory (MB): peak = 4478.512 ; gain = 0.000 ; free physical = 3164 ; free virtual = 32190

Summary of Physical Synthesis Optimizations
============================================


-----------------------------------------------------------------------------------------------------------------------------------------------------------
|  Optimization                                     |  Added Cells  |  Removed Cells  |  Optimized Cells/Nets  |  Dont Touch  |  Iterations  |  Elapsed   |
-----------------------------------------------------------------------------------------------------------------------------------------------------------
|  LUT Combining                                    |            0  |            293  |                   293  |           0  |           1  |  00:00:00  |
|  Retime                                           |            0  |              0  |                     0  |           0  |           1  |  00:00:00  |
|  Equivalent Driver Rewiring                       |            0  |            122  |                     4  |           0  |           1  |  00:00:00  |
|  Very High Fanout                                 |            0  |              0  |                     0  |           0  |           1  |  00:00:00  |
|  DSP Register                                     |            0  |              0  |                     0  |           0  |           1  |  00:00:00  |
|  Shift Register to Pipeline                       |            0  |              0  |                     0  |           0  |           1  |  00:00:00  |
|  Shift Register                                   |            0  |              0  |                     0  |           0  |           1  |  00:00:00  |
|  BRAM Register                                    |            0  |              0  |                     0  |           0  |           1  |  00:00:00  |
|  URAM Register                                    |            0  |              0  |                     0  |           0  |           1  |  00:00:00  |
|  Dynamic/Static Region Interface Net Replication  |            0  |              0  |                     0  |           0  |           1  |  00:00:00  |
|  Total                                            |            0  |            415  |                   297  |           0  |          10  |  00:00:01  |
-----------------------------------------------------------------------------------------------------------------------------------------------------------


Phase 2.5.2 Physical Synthesis In Placer | Checksum: 2f74b089c

Time (s): cpu = 00:01:17 ; elapsed = 00:00:29 . Memory (MB): peak = 4478.512 ; gain = 0.000 ; free physical = 3119 ; free virtual = 32186
Phase 2.5 Global Place Phase2 | Checksum: 323f16f68

Time (s): cpu = 00:01:25 ; elapsed = 00:00:31 . Memory (MB): peak = 4478.512 ; gain = 0.000 ; free physical = 3137 ; free virtual = 32191
Phase 2 Global Placement | Checksum: 323f16f68

Time (s): cpu = 00:01:25 ; elapsed = 00:00:31 . Memory (MB): peak = 4478.512 ; gain = 0.000 ; free physical = 3120 ; free virtual = 32191

Phase 3 Detail Placement

Phase 3.1 Commit Multi Column Macros
Phase 3.1 Commit Multi Column Macros | Checksum: 2d8dd1366

Time (s): cpu = 00:01:33 ; elapsed = 00:00:34 . Memory (MB): peak = 4478.512 ; gain = 0.000 ; free physical = 3224 ; free virtual = 32214

Phase 3.2 Commit Most Macros & LUTRAMs
Phase 3.2 Commit Most Macros & LUTRAMs | Checksum: 2b64eb31a

Time (s): cpu = 00:01:35 ; elapsed = 00:00:35 . Memory (MB): peak = 4478.512 ; gain = 0.000 ; free physical = 3188 ; free virtual = 32195

Phase 3.3 Small Shape DP

Phase 3.3.1 Small Shape Clustering
Phase 3.3.1 Small Shape Clustering | Checksum: 2ad064b3b

Time (s): cpu = 00:01:47 ; elapsed = 00:00:38 . Memory (MB): peak = 4478.512 ; gain = 0.000 ; free physical = 2938 ; free virtual = 32193

Phase 3.3.2 Slice Area Swap

Phase 3.3.2.1 Slice Area Swap Initial
Phase 3.3.2.1 Slice Area Swap Initial | Checksum: 22ba10cf4

Time (s): cpu = 00:01:48 ; elapsed = 00:00:39 . Memory (MB): peak = 4478.512 ; gain = 0.000 ; free physical = 2915 ; free virtual = 32192
Phase 3.3.2 Slice Area Swap | Checksum: 22ba10cf4

Time (s): cpu = 00:01:48 ; elapsed = 00:00:39 . Memory (MB): peak = 4478.512 ; gain = 0.000 ; free physical = 2951 ; free virtual = 32184
Phase 3.3 Small Shape DP | Checksum: 279a41e9b

Time (s): cpu = 00:01:52 ; elapsed = 00:00:40 . Memory (MB): peak = 4478.512 ; gain = 0.000 ; free physical = 2876 ; free virtual = 32192

Phase 3.4 Re-assign LUT pins
Phase 3.4 Re-assign LUT pins | Checksum: 2b304ea05

Time (s): cpu = 00:01:53 ; elapsed = 00:00:41 . Memory (MB): peak = 4478.512 ; gain = 0.000 ; free physical = 2856 ; free virtual = 32188

Phase 3.5 Pipeline Register Optimization
Phase 3.5 Pipeline Register Optimization | Checksum: 31c294247

Time (s): cpu = 00:01:53 ; elapsed = 00:00:41 . Memory (MB): peak = 4478.512 ; gain = 0.000 ; free physical = 2877 ; free virtual = 32194

Phase 3.6 Fast Optimization
Phase 3.6 Fast Optimization | Checksum: 31b2272f6

Time (s): cpu = 00:02:03 ; elapsed = 00:00:43 . Memory (MB): peak = 4478.512 ; gain = 0.000 ; free physical = 2645 ; free virtual = 32159
Phase 3 Detail Placement | Checksum: 31b2272f6

Time (s): cpu = 00:02:03 ; elapsed = 00:00:43 . Memory (MB): peak = 4478.512 ; gain = 0.000 ; free physical = 2742 ; free virtual = 32159

Phase 4 Post Placement Optimization and Clean-Up

Phase 4.1 Post Commit Optimization
INFO: [Timing 38-35] Done setting XDC timing constraints.

Phase 4.1.1 Post Placement Optimization
Post Placement Optimization Initialization | Checksum: 366f1c16d

Phase 4.1.1.1 BUFG Insertion

Starting Physical Synthesis Task

Phase 1 Physical Synthesis Initialization
INFO: [Physopt 32-721] Multithreading enabled for phys_opt_design using a maximum of 8 CPUs
INFO: [Physopt 32-619] Estimated Timing Summary | WNS=-2.367 | TNS=-9.285 |
Phase 1 Physical Synthesis Initialization | Checksum: 29e245c34

Time (s): cpu = 00:00:01 ; elapsed = 00:00:00.27 . Memory (MB): peak = 4478.512 ; gain = 0.000 ; free physical = 2614 ; free virtual = 32169
INFO: [Place 46-56] BUFG insertion identified 0 candidate nets. Inserted BUFG: 0, Replicated BUFG Driver: 0, Skipped due to Placement/Routing Conflicts: 0, Skipped due to Timing Degradation: 0, Skipped due to netlist editing failed: 0.
Ending Physical Synthesis Task | Checksum: 37e17abb8

Time (s): cpu = 00:00:01 ; elapsed = 00:00:00.36 . Memory (MB): peak = 4478.512 ; gain = 0.000 ; free physical = 2650 ; free virtual = 32168
Phase 4.1.1.1 BUFG Insertion | Checksum: 366f1c16d

Time (s): cpu = 00:02:21 ; elapsed = 00:00:48 . Memory (MB): peak = 4478.512 ; gain = 0.000 ; free physical = 2572 ; free virtual = 32168

Phase 4.1.1.2 Post Placement Timing Optimization
INFO: [Place 30-746] Post Placement Timing Summary WNS=-2.311. For the most accurate timing information please run report_timing.
Phase 4.1.1.2 Post Placement Timing Optimization | Checksum: 30f8b8181

Time (s): cpu = 00:02:23 ; elapsed = 00:00:50 . Memory (MB): peak = 4478.512 ; gain = 0.000 ; free physical = 2736 ; free virtual = 32142

Time (s): cpu = 00:02:23 ; elapsed = 00:00:50 . Memory (MB): peak = 4478.512 ; gain = 0.000 ; free physical = 2735 ; free virtual = 32142
Phase 4.1 Post Commit Optimization | Checksum: 30f8b8181

Time (s): cpu = 00:02:23 ; elapsed = 00:00:50 . Memory (MB): peak = 4478.512 ; gain = 0.000 ; free physical = 2666 ; free virtual = 32138
Netlist sorting complete. Time (s): cpu = 00:00:00.01 ; elapsed = 00:00:00.01 . Memory (MB): peak = 4478.512 ; gain = 0.000 ; free physical = 2476 ; free virtual = 32068

Phase 4.2 Post Placement Cleanup
Phase 4.2 Post Placement Cleanup | Checksum: 30bdb4747

Time (s): cpu = 00:02:33 ; elapsed = 00:00:54 . Memory (MB): peak = 4478.512 ; gain = 0.000 ; free physical = 2440 ; free virtual = 32066

Phase 4.3 Placer Reporting

Phase 4.3.1 Print Estimated Congestion
INFO: [Place 30-612] Post-Placement Estimated Congestion 
 ________________________________________________________________________
|           | Global Congestion | Long Congestion   | Short Congestion  |
| Direction | Region Size       | Region Size       | Region Size       |
|___________|___________________|___________________|___________________|
|      North|                1x1|                1x1|                2x2|
|___________|___________________|___________________|___________________|
|      South|                1x1|                1x1|                4x4|
|___________|___________________|___________________|___________________|
|       East|                1x1|                1x1|                2x2|
|___________|___________________|___________________|___________________|
|       West|                1x1|                1x1|                8x8|
|___________|___________________|___________________|___________________|

Phase 4.3.1 Print Estimated Congestion | Checksum: 30bdb4747

Time (s): cpu = 00:02:33 ; elapsed = 00:00:54 . Memory (MB): peak = 4478.512 ; gain = 0.000 ; free physical = 2539 ; free virtual = 32100
Phase 4.3 Placer Reporting | Checksum: 30bdb4747

Time (s): cpu = 00:02:33 ; elapsed = 00:00:54 . Memory (MB): peak = 4478.512 ; gain = 0.000 ; free physical = 2473 ; free virtual = 32099

Phase 4.4 Final Placement Cleanup
Netlist sorting complete. Time (s): cpu = 00:00:00.01 ; elapsed = 00:00:00.01 . Memory (MB): peak = 4478.512 ; gain = 0.000 ; free physical = 2445 ; free virtual = 32099

Time (s): cpu = 00:02:33 ; elapsed = 00:00:54 . Memory (MB): peak = 4478.512 ; gain = 0.000 ; free physical = 2445 ; free virtual = 32099
Phase 4 Post Placement Optimization and Clean-Up | Checksum: 25ee304a4

Time (s): cpu = 00:02:33 ; elapsed = 00:00:54 . Memory (MB): peak = 4478.512 ; gain = 0.000 ; free physical = 2542 ; free virtual = 32097
Ending Placer Task | Checksum: 1bbb56174

Time (s): cpu = 00:02:34 ; elapsed = 00:00:54 . Memory (MB): peak = 4478.512 ; gain = 0.000 ; free physical = 2486 ; free virtual = 32097
159 Infos, 89 Warnings, 32 Critical Warnings and 0 Errors encountered.
place_design completed successfully
place_design: Time (s): cpu = 00:02:39 ; elapsed = 00:00:56 . Memory (MB): peak = 4478.512 ; gain = 183.168 ; free physical = 2426 ; free virtual = 32096
INFO: [Vivado 12-24838] Running report commands "report_control_sets, report_io, report_utilization" in parallel.
Running report generation with 3 threads.
INFO: [Vivado 12-24828] Executing command : report_control_sets -verbose -file us_top_control_sets_placed.rpt
report_control_sets: Time (s): cpu = 00:00:00.35 ; elapsed = 00:00:00.24 . Memory (MB): peak = 4478.512 ; gain = 0.000 ; free physical = 2524 ; free virtual = 32046
INFO: [Vivado 12-24828] Executing command : report_io -file us_top_io_placed.rpt
report_io: Time (s): cpu = 00:00:00.47 ; elapsed = 00:00:00.35 . Memory (MB): peak = 4478.512 ; gain = 0.000 ; free physical = 2346 ; free virtual = 32029
INFO: [Vivado 12-24828] Executing command : report_utilization -file us_top_utilization_placed.rpt -pb us_top_utilization_placed.pb
INFO: [Timing 38-480] Writing timing data to binary archive.
Write ShapeDB Complete: Time (s): cpu = 00:00:00.35 ; elapsed = 00:00:00.08 . Memory (MB): peak = 4478.512 ; gain = 0.000 ; free physical = 2392 ; free virtual = 32044
Wrote PlaceDB: Time (s): cpu = 00:00:02 ; elapsed = 00:00:00.72 . Memory (MB): peak = 4478.512 ; gain = 0.000 ; free physical = 2466 ; free virtual = 32063
Wrote PulsedLatchDB: Time (s): cpu = 00:00:00 ; elapsed = 00:00:00 . Memory (MB): peak = 4478.512 ; gain = 0.000 ; free physical = 2465 ; free virtual = 32063
Writing XDEF routing.
Writing XDEF routing logical nets.
Writing XDEF routing special nets.
Wrote RouteStorage: Time (s): cpu = 00:00:00.18 ; elapsed = 00:00:00.06 . Memory (MB): peak = 4478.512 ; gain = 0.000 ; free physical = 2374 ; free virtual = 32055
Wrote Netlist Cache: Time (s): cpu = 00:00:00.07 ; elapsed = 00:00:00.04 . Memory (MB): peak = 4478.512 ; gain = 0.000 ; free physical = 2483 ; free virtual = 32056
Wrote Device Cache: Time (s): cpu = 00:00:00.01 ; elapsed = 00:00:00 . Memory (MB): peak = 4478.512 ; gain = 0.000 ; free physical = 2473 ; free virtual = 32057
Write Physdb Complete: Time (s): cpu = 00:00:03 ; elapsed = 00:00:00.84 . Memory (MB): peak = 4478.512 ; gain = 0.000 ; free physical = 2453 ; free virtual = 32056
INFO: [Common 17-1381] The checkpoint '/home/russell/ultrasound/fpga/us/us.runs/impl_1/us_top_placed.dcp' has been generated.
Command: phys_opt_design
Attempting to get a license for feature 'Implementation' and/or device 'xcau15p'
INFO: [Common 17-349] Got license for feature 'Implementation' and/or device 'xcau15p'

Starting Initial Update Timing Task

Time (s): cpu = 00:00:07 ; elapsed = 00:00:02 . Memory (MB): peak = 4478.512 ; gain = 0.000 ; free physical = 2441 ; free virtual = 32094
INFO: [Vivado_Tcl 4-1435] PhysOpt_Tcl_Interface Runtime Before Starting Physical Synthesis Task | CPU: 7.17s |  WALL: 1.78s
Netlist sorting complete. Time (s): cpu = 00:00:00.01 ; elapsed = 00:00:00.01 . Memory (MB): peak = 4478.512 ; gain = 0.000 ; free physical = 2464 ; free virtual = 32094

Starting Physical Synthesis Task

Phase 1 Physical Synthesis Initialization
INFO: [Physopt 32-721] Multithreading enabled for phys_opt_design using a maximum of 8 CPUs
INFO: [Place 30-3162] Check ILP status : ILP-based clock placer completed successfully.
INFO: [Physopt 32-619] Estimated Timing Summary | WNS=-2.444 | TNS=-9.648 |
Phase 1 Physical Synthesis Initialization | Checksum: 174498c25

Time (s): cpu = 00:00:03 ; elapsed = 00:00:02 . Memory (MB): peak = 4478.512 ; gain = 0.000 ; free physical = 2383 ; free virtual = 32065
INFO: [Physopt 32-619] Estimated Timing Summary | WNS=-2.444 | TNS=-9.648 |

Phase 2 DSP Register Optimization
INFO: [Physopt 32-456] No candidate cells for DSP register optimization found in the design.
INFO: [Physopt 32-775] End 2 Pass. Optimized 0 net or cell. Created 0 new cell, deleted 0 existing cell and moved 0 existing cell
Phase 2 DSP Register Optimization | Checksum: 174498c25

Time (s): cpu = 00:00:04 ; elapsed = 00:00:02 . Memory (MB): peak = 4478.512 ; gain = 0.000 ; free physical = 2531 ; free virtual = 32109

Phase 3 Critical Path Optimization
INFO: [Physopt 32-619] Estimated Timing Summary | WNS=-2.444 | TNS=-9.648 |
INFO: [Physopt 32-702] Processed net bd/bd_i/xxv_ethernet_0/inst/i_bd_xxv_ethernet_0_0_top_0/i_bd_xxv_ethernet_0_0_CORE/i_TX_TOP/i_CORE_RESET_SYNC/reset_pipe_stretch[0]. Optimizations did not improve timing on the net.
INFO: [Physopt 32-702] Processed net bd/bd_i/vio_eth/inst/PROBE_OUT_ALL_INST/G_PROBE_OUT[6].PROBE_OUT0_INST/probe_out6[0]. Optimizations did not improve timing on the net.
INFO: [Physopt 32-663] Processed net bd/bd_i/xxv_ethernet_0/inst/i_bd_xxv_ethernet_0_0_core_cdc_sync_gt_tx_resetdone_0/user_tx_reset_0.  Re-placed instance bd/bd_i/xxv_ethernet_0/inst/i_bd_xxv_ethernet_0_0_core_cdc_sync_gt_tx_resetdone_0/user_tx_reset_0_INST_0
INFO: [Physopt 32-735] Processed net bd/bd_i/xxv_ethernet_0/inst/i_bd_xxv_ethernet_0_0_core_cdc_sync_gt_tx_resetdone_0/user_tx_reset_0. Optimization improves timing on the net.
INFO: [Physopt 32-619] Estimated Timing Summary | WNS=-2.440 | TNS=-9.636 |
INFO: [Physopt 32-608] Optimized 1 net.  Swapped 14 pins.
INFO: [Physopt 32-735] Processed net bd/bd_i/xxv_ethernet_0/inst/i_bd_xxv_ethernet_0_0_core_cdc_sync_gt_tx_resetdone_0/user_tx_reset_0. Optimization improves timing on the net.
INFO: [Physopt 32-619] Estimated Timing Summary | WNS=-2.424 | TNS=-9.588 |
INFO: [Physopt 32-702] Processed net bd/bd_i/xxv_ethernet_0/inst/i_bd_xxv_ethernet_0_0_core_cdc_sync_gt_tx_resetdone_0/user_tx_reset_0. Optimizations did not improve timing on the net.
INFO: [Physopt 32-702] Processed net bd/bd_i/xxv_ethernet_0/inst/i_bd_xxv_ethernet_0_0_gt/inst/gen_gtwizard_gthe4_top.bd_xxv_ethernet_0_0_gt_gtwizard_gthe4_inst/gen_gtwizard_gthe4.gen_channel_container[0].gen_enabled_channel.gthe4_channel_wrapper_inst/channel_inst/txresetdone_out[0]. Optimizations did not improve timing on the net.
INFO: [Physopt 32-702] Processed net bd/bd_i/vio_eth/inst/PROBE_OUT_ALL_INST/G_PROBE_OUT[0].PROBE_OUT0_INST/probe_out0[0]. Optimizations did not improve timing on the net.
INFO: [Physopt 32-702] Processed net bd/bd_i/xxv_ethernet_0/inst/i_bd_xxv_ethernet_0_0_top_0/i_bd_xxv_ethernet_0_0_CORE/i_TX_TOP/i_CORE_RESET_SYNC/reset_pipe_stretch[0]. Optimizations did not improve timing on the net.
INFO: [Physopt 32-702] Processed net bd/bd_i/vio_eth/inst/PROBE_OUT_ALL_INST/G_PROBE_OUT[6].PROBE_OUT0_INST/probe_out6[0]. Optimizations did not improve timing on the net.
INFO: [Physopt 32-702] Processed net bd/bd_i/xxv_ethernet_0/inst/i_bd_xxv_ethernet_0_0_core_cdc_sync_gt_tx_resetdone_0/user_tx_reset_0. Optimizations did not improve timing on the net.
INFO: [Physopt 32-702] Processed net bd/bd_i/xxv_ethernet_0/inst/i_bd_xxv_ethernet_0_0_gt/inst/gen_gtwizard_gthe4_top.bd_xxv_ethernet_0_0_gt_gtwizard_gthe4_inst/gen_gtwizard_gthe4.gen_channel_container[0].gen_enabled_channel.gthe4_channel_wrapper_inst/channel_inst/txresetdone_out[0]. Optimizations did not improve timing on the net.
INFO: [Physopt 32-702] Processed net bd/bd_i/vio_eth/inst/PROBE_OUT_ALL_INST/G_PROBE_OUT[0].PROBE_OUT0_INST/probe_out0[0]. Optimizations did not improve timing on the net.
INFO: [Physopt 32-619] Estimated Timing Summary | WNS=-2.424 | TNS=-9.588 |
Netlist sorting complete. Time (s): cpu = 00:00:00.02 ; elapsed = 00:00:00.01 . Memory (MB): peak = 4478.512 ; gain = 0.000 ; free physical = 2460 ; free virtual = 32096
Phase 3 Critical Path Optimization | Checksum: 174498c25

Time (s): cpu = 00:00:06 ; elapsed = 00:00:03 . Memory (MB): peak = 4478.512 ; gain = 0.000 ; free physical = 2459 ; free virtual = 32096

Phase 4 Critical Path Optimization
INFO: [Physopt 32-619] Estimated Timing Summary | WNS=-2.424 | TNS=-9.588 |
INFO: [Physopt 32-702] Processed net bd/bd_i/xxv_ethernet_0/inst/i_bd_xxv_ethernet_0_0_top_0/i_bd_xxv_ethernet_0_0_CORE/i_TX_TOP/i_CORE_RESET_SYNC/reset_pipe_stretch[0]. Optimizations did not improve timing on the net.
INFO: [Physopt 32-702] Processed net bd/bd_i/vio_eth/inst/PROBE_OUT_ALL_INST/G_PROBE_OUT[6].PROBE_OUT0_INST/probe_out6[0]. Optimizations did not improve timing on the net.
INFO: [Physopt 32-702] Processed net bd/bd_i/xxv_ethernet_0/inst/i_bd_xxv_ethernet_0_0_core_cdc_sync_gt_tx_resetdone_0/user_tx_reset_0. Optimizations did not improve timing on the net.
INFO: [Physopt 32-702] Processed net bd/bd_i/xxv_ethernet_0/inst/i_bd_xxv_ethernet_0_0_gt/inst/gen_gtwizard_gthe4_top.bd_xxv_ethernet_0_0_gt_gtwizard_gthe4_inst/gen_gtwizard_gthe4.gen_channel_container[0].gen_enabled_channel.gthe4_channel_wrapper_inst/channel_inst/txresetdone_out[0]. Optimizations did not improve timing on the net.
INFO: [Physopt 32-702] Processed net bd/bd_i/vio_eth/inst/PROBE_OUT_ALL_INST/G_PROBE_OUT[0].PROBE_OUT0_INST/probe_out0[0]. Optimizations did not improve timing on the net.
INFO: [Physopt 32-702] Processed net bd/bd_i/xxv_ethernet_0/inst/i_bd_xxv_ethernet_0_0_top_0/i_bd_xxv_ethernet_0_0_CORE/i_TX_TOP/i_CORE_RESET_SYNC/reset_pipe_stretch[0]. Optimizations did not improve timing on the net.
INFO: [Physopt 32-702] Processed net bd/bd_i/vio_eth/inst/PROBE_OUT_ALL_INST/G_PROBE_OUT[6].PROBE_OUT0_INST/probe_out6[0]. Optimizations did not improve timing on the net.
INFO: [Physopt 32-702] Processed net bd/bd_i/xxv_ethernet_0/inst/i_bd_xxv_ethernet_0_0_core_cdc_sync_gt_tx_resetdone_0/user_tx_reset_0. Optimizations did not improve timing on the net.
INFO: [Physopt 32-702] Processed net bd/bd_i/xxv_ethernet_0/inst/i_bd_xxv_ethernet_0_0_gt/inst/gen_gtwizard_gthe4_top.bd_xxv_ethernet_0_0_gt_gtwizard_gthe4_inst/gen_gtwizard_gthe4.gen_channel_container[0].gen_enabled_channel.gthe4_channel_wrapper_inst/channel_inst/txresetdone_out[0]. Optimizations did not improve timing on the net.
INFO: [Physopt 32-702] Processed net bd/bd_i/vio_eth/inst/PROBE_OUT_ALL_INST/G_PROBE_OUT[0].PROBE_OUT0_INST/probe_out0[0]. Optimizations did not improve timing on the net.
INFO: [Physopt 32-619] Estimated Timing Summary | WNS=-2.424 | TNS=-9.588 |
Netlist sorting complete. Time (s): cpu = 00:00:00.01 ; elapsed = 00:00:00.01 . Memory (MB): peak = 4478.512 ; gain = 0.000 ; free physical = 2365 ; free virtual = 32098
Phase 4 Critical Path Optimization | Checksum: 174498c25

Time (s): cpu = 00:00:07 ; elapsed = 00:00:04 . Memory (MB): peak = 4478.512 ; gain = 0.000 ; free physical = 2364 ; free virtual = 32098
Netlist sorting complete. Time (s): cpu = 00:00:00.01 ; elapsed = 00:00:00.01 . Memory (MB): peak = 4478.512 ; gain = 0.000 ; free physical = 2355 ; free virtual = 32098
Netlist sorting complete. Time (s): cpu = 00:00:00.01 ; elapsed = 00:00:00.01 . Memory (MB): peak = 4478.512 ; gain = 0.000 ; free physical = 2428 ; free virtual = 32098
INFO: [Physopt 32-603] Post Physical Optimization Timing Summary | WNS=-2.424 | TNS=-9.588 |

Summary of Physical Synthesis Optimizations
============================================


-------------------------------------------------------------------------------------------------------------------------------------------------------------
|  Optimization   |  WNS Gain (ns)  |  TNS Gain (ns)  |  Added Cells  |  Removed Cells  |  Optimized Cells/Nets  |  Dont Touch  |  Iterations  |  Elapsed   |
-------------------------------------------------------------------------------------------------------------------------------------------------------------
|  DSP Register   |          0.000  |          0.000  |            0  |              0  |                     0  |           0  |           1  |  00:00:00  |
|  Critical Path  |          0.020  |          0.060  |            0  |              0  |                     2  |           0  |           2  |  00:00:01  |
|  Total          |          0.020  |          0.060  |            0  |              0  |                     2  |           0  |           3  |  00:00:02  |
-------------------------------------------------------------------------------------------------------------------------------------------------------------


Netlist sorting complete. Time (s): cpu = 00:00:00.01 ; elapsed = 00:00:00.01 . Memory (MB): peak = 4478.512 ; gain = 0.000 ; free physical = 2344 ; free virtual = 32109
Ending Physical Synthesis Task | Checksum: 261fa44e8

Time (s): cpu = 00:00:08 ; elapsed = 00:00:04 . Memory (MB): peak = 4478.512 ; gain = 0.000 ; free physical = 2287 ; free virtual = 32107
INFO: [Common 17-83] Releasing license: Implementation
205 Infos, 89 Warnings, 32 Critical Warnings and 0 Errors encountered.
phys_opt_design completed successfully
phys_opt_design: Time (s): cpu = 00:00:15 ; elapsed = 00:00:06 . Memory (MB): peak = 4478.512 ; gain = 0.000 ; free physical = 2371 ; free virtual = 32107
INFO: [Timing 38-480] Writing timing data to binary archive.
Write ShapeDB Complete: Time (s): cpu = 00:00:00.24 ; elapsed = 00:00:00.05 . Memory (MB): peak = 4478.512 ; gain = 0.000 ; free physical = 2311 ; free virtual = 32113
Wrote PlaceDB: Time (s): cpu = 00:00:02 ; elapsed = 00:00:00.66 . Memory (MB): peak = 4478.512 ; gain = 0.000 ; free physical = 2110 ; free virtual = 32092
Wrote PulsedLatchDB: Time (s): cpu = 00:00:00 ; elapsed = 00:00:00 . Memory (MB): peak = 4478.512 ; gain = 0.000 ; free physical = 2109 ; free virtual = 32091
Writing XDEF routing.
Writing XDEF routing logical nets.
Writing XDEF routing special nets.
Wrote RouteStorage: Time (s): cpu = 00:00:00.16 ; elapsed = 00:00:00.07 . Memory (MB): peak = 4478.512 ; gain = 0.000 ; free physical = 3259 ; free virtual = 32118
Wrote Netlist Cache: Time (s): cpu = 00:00:00.07 ; elapsed = 00:00:00.03 . Memory (MB): peak = 4478.512 ; gain = 0.000 ; free physical = 3535 ; free virtual = 32121
Wrote Device Cache: Time (s): cpu = 00:00:00.01 ; elapsed = 00:00:00.01 . Memory (MB): peak = 4478.512 ; gain = 0.000 ; free physical = 3535 ; free virtual = 32122
Write Physdb Complete: Time (s): cpu = 00:00:03 ; elapsed = 00:00:00.78 . Memory (MB): peak = 4478.512 ; gain = 0.000 ; free physical = 3535 ; free virtual = 32122
INFO: [Common 17-1381] The checkpoint '/home/russell/ultrasound/fpga/us/us.runs/impl_1/us_top_physopt.dcp' has been generated.
Command: route_design
Attempting to get a license for feature 'Implementation' and/or device 'xcau15p'
INFO: [Common 17-349] Got license for feature 'Implementation' and/or device 'xcau15p'


Starting Routing Task
INFO: [Route 35-254] Multithreading enabled for route_design using a maximum of 8 CPUs

Phase 1 Build RT Design
Checksum: PlaceDB: 4b7ffd6d ConstDB: 0 ShapeSum: 2f2fedc4 RouteDB: f7ffe61d
Nodegraph reading from file.  Time (s): cpu = 00:00:00.25 ; elapsed = 00:00:00.26 . Memory (MB): peak = 4478.512 ; gain = 0.000 ; free physical = 19587 ; free virtual = 37953
Post Restoration Checksum: NetGraph: fda3e540 | NumContArr: b282e284 | Constraints: 7185ad6 | Timing: c2a8fa9d
Phase 1 Build RT Design | Checksum: 279e81d37

Time (s): cpu = 00:00:10 ; elapsed = 00:00:03 . Memory (MB): peak = 4478.512 ; gain = 0.000 ; free physical = 19204 ; free virtual = 37576

Phase 2 Router Initialization

Phase 2.1 Fix Topology Constraints
Phase 2.1 Fix Topology Constraints | Checksum: 279e81d37

Time (s): cpu = 00:00:10 ; elapsed = 00:00:03 . Memory (MB): peak = 4478.512 ; gain = 0.000 ; free physical = 19204 ; free virtual = 37576

Phase 2.2 Pre Route Cleanup
Phase 2.2 Pre Route Cleanup | Checksum: 279e81d37

Time (s): cpu = 00:00:10 ; elapsed = 00:00:03 . Memory (MB): peak = 4478.512 ; gain = 0.000 ; free physical = 19203 ; free virtual = 37575

Phase 2.3 Global Clock Net Routing
 Number of Nodes with overlaps = 0
Phase 2.3 Global Clock Net Routing | Checksum: 2c3418c0c

Time (s): cpu = 00:00:12 ; elapsed = 00:00:03 . Memory (MB): peak = 4478.512 ; gain = 0.000 ; free physical = 19093 ; free virtual = 37465

Phase 2.4 Update Timing
Phase 2.4 Update Timing | Checksum: 18572b8ef

Time (s): cpu = 00:00:20 ; elapsed = 00:00:08 . Memory (MB): peak = 4478.512 ; gain = 0.000 ; free physical = 18148 ; free virtual = 36529
INFO: [Route 35-416] Intermediate Timing Summary | WNS=-2.349 | TNS=-9.317 | WHS=-2.053 | THS=-93.323|


Phase 2.5 Update Timing for Bus Skew

Phase 2.5.1 Update Timing
Phase 2.5.1 Update Timing | Checksum: 204757ba9

Time (s): cpu = 00:00:32 ; elapsed = 00:00:10 . Memory (MB): peak = 4478.512 ; gain = 0.000 ; free physical = 17413 ; free virtual = 35796
INFO: [Route 35-416] Intermediate Timing Summary | WNS=-2.349 | TNS=-8.971 | WHS=-3.268 | THS=-146.733|

Phase 2.5 Update Timing for Bus Skew | Checksum: 1cbf067e9

Time (s): cpu = 00:00:32 ; elapsed = 00:00:10 . Memory (MB): peak = 4478.512 ; gain = 0.000 ; free physical = 17412 ; free virtual = 35795

Phase 2.6 Soft Constraint Pins - Fast Budgeting
Phase 2.6 Soft Constraint Pins - Fast Budgeting | Checksum: 1cbf067e9

Time (s): cpu = 00:00:32 ; elapsed = 00:00:11 . Memory (MB): peak = 4478.512 ; gain = 0.000 ; free physical = 17410 ; free virtual = 35793

Router Utilization Summary
  Global Vertical Routing Utilization    = 0.0112906 %
  Global Horizontal Routing Utilization  = 0.00841751 %
  Routable Net Status*
  *Does not include unroutable nets such as driverless and loadless.
  Run report_route_status for detailed report.
  Number of Failed Nets               = 27948
    (Failed Nets is the sum of unrouted and partially routed nets)
  Number of Unrouted Nets             = 22965
  Number of Partially Routed Nets     = 4983
  Number of Node Overlaps             = 0

Phase 2 Router Initialization | Checksum: 1f33e863e

Time (s): cpu = 00:00:33 ; elapsed = 00:00:11 . Memory (MB): peak = 4478.512 ; gain = 0.000 ; free physical = 17407 ; free virtual = 35789

Phase 3 Global Routing
Phase 3 Global Routing | Checksum: 1f33e863e

Time (s): cpu = 00:00:33 ; elapsed = 00:00:11 . Memory (MB): peak = 4478.512 ; gain = 0.000 ; free physical = 17407 ; free virtual = 35790

Phase 4 Initial Routing

Phase 4.1 Initial Net Routing Pass
Phase 4.1 Initial Net Routing Pass | Checksum: 26ce3327d

Time (s): cpu = 00:00:43 ; elapsed = 00:00:14 . Memory (MB): peak = 4478.512 ; gain = 0.000 ; free physical = 17114 ; free virtual = 35498
Phase 4 Initial Routing | Checksum: 290232495

Time (s): cpu = 00:00:43 ; elapsed = 00:00:14 . Memory (MB): peak = 4478.512 ; gain = 0.000 ; free physical = 17098 ; free virtual = 35483
INFO: [Route 35-580] Design has 45 pins with tight setup and hold constraints.

The top 5 pins with tight setup and hold constraints:

+=============================+=============================+===========================================================+
| Launch Setup Clock          | Launch Hold Clock           | Pin                                                       |
+=============================+=============================+===========================================================+
| xxv_ethernet_0_tx_mii_clk_0 | xxv_ethernet_0_tx_mii_clk_0 | bd/bd_i/vio_eth/inst/PROBE_IN_INST/probe_in_reg_reg[48]/D |
| xxv_ethernet_0_tx_mii_clk_0 | xxv_ethernet_0_tx_mii_clk_0 | bd/bd_i/vio_eth/inst/PROBE_IN_INST/probe_in_reg_reg[50]/D |
| xxv_ethernet_0_tx_mii_clk_0 | xxv_ethernet_0_tx_mii_clk_0 | bd/bd_i/vio_eth/inst/PROBE_IN_INST/probe_in_reg_reg[45]/D |
| xxv_ethernet_0_tx_mii_clk_0 | xxv_ethernet_0_tx_mii_clk_0 | bd/bd_i/vio_eth/inst/PROBE_IN_INST/probe_in_reg_reg[49]/D |
| xxv_ethernet_0_tx_mii_clk_0 | xxv_ethernet_0_tx_mii_clk_0 | bd/bd_i/vio_eth/inst/PROBE_IN_INST/probe_in_reg_reg[54]/D |
+-----------------------------+-----------------------------+-----------------------------------------------------------+

File with complete list of pins: tight_setup_hold_pins.txt


Phase 5 Rip-up And Reroute

Phase 5.1 Global Iteration 0
 Number of Nodes with overlaps = 5841
 Number of Nodes with overlaps = 469
 Number of Nodes with overlaps = 59
 Number of Nodes with overlaps = 13
 Number of Nodes with overlaps = 5
 Number of Nodes with overlaps = 0
INFO: [Route 35-416] Intermediate Timing Summary | WNS=-2.325 | TNS=-20.651| WHS=-0.483 | THS=-16.845|

Phase 5.1 Global Iteration 0 | Checksum: 249ea28e8

Time (s): cpu = 00:03:33 ; elapsed = 00:01:18 . Memory (MB): peak = 4905.383 ; gain = 426.871 ; free physical = 13039 ; free virtual = 31416

Phase 5.2 Global Iteration 1
 Number of Nodes with overlaps = 150
 Number of Nodes with overlaps = 11
