ISO-10303-21;
HEADER;
/* Generated by software containing ST-Developer
 * from STEP Tools, Inc. (www.steptools.com) 
 */
/* OPTION: using custom renumber hook */

FILE_DESCRIPTION(
/* description */ ('STEP AP214'),
/* implementation_level */ '2;1');

FILE_NAME(
/* name */ 'TFM-107-02-L-D',
/* time_stamp */ '2026-06-02T06:32:20+02:00',
/* author */ ('License CC BY-ND 4.0'),
/* organization */ ('CADENAS'),
/* preprocessor_version */ 'ST-DEVELOPER v20',
/* originating_system */ 'PARTsolutions',
/* authorisation */ '  ');

FILE_SCHEMA (('AUTOMOTIVE_DESIGN {1 0 10303 214 3 1 1}'));
ENDSEC;

DATA;
#10=PROPERTY_DEFINITION_REPRESENTATION(#14,#12);
#11=PROPERTY_DEFINITION_REPRESENTATION(#15,#13);
#12=REPRESENTATION('',(#16),#6104);
#13=REPRESENTATION('',(#17),#6104);
#14=PROPERTY_DEFINITION('pmi validation property','',#6118);
#15=PROPERTY_DEFINITION('pmi validation property','',#6118);
#16=VALUE_REPRESENTATION_ITEM('number of annotations',COUNT_MEASURE(0.));
#17=VALUE_REPRESENTATION_ITEM('number of views',COUNT_MEASURE(0.));
#18=CYLINDRICAL_SURFACE('',#3811,0.009);
#19=CYLINDRICAL_SURFACE('',#3813,0.009);
#20=CYLINDRICAL_SURFACE('',#3815,0.009);
#21=CYLINDRICAL_SURFACE('',#3817,0.009);
#22=CYLINDRICAL_SURFACE('',#3819,0.009);
#23=CYLINDRICAL_SURFACE('',#3821,0.009);
#24=CYLINDRICAL_SURFACE('',#3823,0.009);
#25=CYLINDRICAL_SURFACE('',#3825,0.009);
#26=CYLINDRICAL_SURFACE('',#3827,0.009);
#27=CYLINDRICAL_SURFACE('',#3829,0.009);
#28=CYLINDRICAL_SURFACE('',#3831,0.009);
#29=CYLINDRICAL_SURFACE('',#3833,0.009);
#30=CYLINDRICAL_SURFACE('',#3835,0.009);
#31=CYLINDRICAL_SURFACE('',#3837,0.009);
#32=CYLINDRICAL_SURFACE('',#3988,0.005);
#33=CYLINDRICAL_SURFACE('',#3990,0.005);
#34=CYLINDRICAL_SURFACE('',#3992,0.005);
#35=CYLINDRICAL_SURFACE('',#3994,0.005);
#36=CYLINDRICAL_SURFACE('',#3996,0.005);
#37=CYLINDRICAL_SURFACE('',#3998,0.005);
#38=CYLINDRICAL_SURFACE('',#4000,0.005);
#39=CYLINDRICAL_SURFACE('',#4004,0.01);
#40=CYLINDRICAL_SURFACE('',#4005,0.01);
#41=CYLINDRICAL_SURFACE('',#4006,0.01);
#42=CYLINDRICAL_SURFACE('',#4007,0.01);
#43=CYLINDRICAL_SURFACE('',#4008,0.01);
#44=CYLINDRICAL_SURFACE('',#4009,0.01);
#45=CYLINDRICAL_SURFACE('',#4010,0.01);
#46=CYLINDRICAL_SURFACE('',#4011,0.01);
#47=CYLINDRICAL_SURFACE('',#4013,0.01);
#48=CYLINDRICAL_SURFACE('',#4014,0.01);
#49=CYLINDRICAL_SURFACE('',#4015,0.01);
#50=CYLINDRICAL_SURFACE('',#4016,0.01);
#51=CYLINDRICAL_SURFACE('',#4017,0.01);
#52=CYLINDRICAL_SURFACE('',#4018,0.01);
#53=CYLINDRICAL_SURFACE('',#4020,0.00500000000000001);
#54=CYLINDRICAL_SURFACE('',#4021,0.00500000000000001);
#55=CYLINDRICAL_SURFACE('',#4022,0.00500000000000001);
#56=CYLINDRICAL_SURFACE('',#4023,0.00500000000000001);
#57=CYLINDRICAL_SURFACE('',#4024,0.00500000000000001);
#58=CYLINDRICAL_SURFACE('',#4025,0.00500000000000001);
#59=CYLINDRICAL_SURFACE('',#4034,0.00500000000000001);
#60=CIRCLE('',#3797,0.009);
#61=CIRCLE('',#3798,0.009);
#62=CIRCLE('',#3799,0.009);
#63=CIRCLE('',#3800,0.009);
#64=CIRCLE('',#3801,0.009);
#65=CIRCLE('',#3802,0.009);
#66=CIRCLE('',#3803,0.009);
#67=CIRCLE('',#3804,0.009);
#68=CIRCLE('',#3805,0.009);
#69=CIRCLE('',#3806,0.009);
#70=CIRCLE('',#3807,0.009);
#71=CIRCLE('',#3808,0.009);
#72=CIRCLE('',#3809,0.009);
#73=CIRCLE('',#3810,0.009);
#74=CIRCLE('',#3812,0.009);
#75=CIRCLE('',#3814,0.009);
#76=CIRCLE('',#3816,0.009);
#77=CIRCLE('',#3818,0.009);
#78=CIRCLE('',#3820,0.009);
#79=CIRCLE('',#3822,0.009);
#80=CIRCLE('',#3824,0.009);
#81=CIRCLE('',#3826,0.009);
#82=CIRCLE('',#3828,0.009);
#83=CIRCLE('',#3830,0.009);
#84=CIRCLE('',#3832,0.009);
#85=CIRCLE('',#3834,0.009);
#86=CIRCLE('',#3836,0.009);
#87=CIRCLE('',#3838,0.009);
#88=CIRCLE('',#3881,0.00500000000000001);
#89=CIRCLE('',#3882,0.01);
#90=CIRCLE('',#3884,0.01);
#91=CIRCLE('',#3885,0.005);
#92=CIRCLE('',#3889,0.00500000000000001);
#93=CIRCLE('',#3890,0.01);
#94=CIRCLE('',#3892,0.01);
#95=CIRCLE('',#3893,0.005);
#96=CIRCLE('',#3895,0.00500000000000001);
#97=CIRCLE('',#3896,0.01);
#98=CIRCLE('',#3898,0.01);
#99=CIRCLE('',#3899,0.005);
#100=CIRCLE('',#3903,0.00500000000000001);
#101=CIRCLE('',#3904,0.01);
#102=CIRCLE('',#3906,0.01);
#103=CIRCLE('',#3907,0.005);
#104=CIRCLE('',#3909,0.00500000000000001);
#105=CIRCLE('',#3910,0.01);
#106=CIRCLE('',#3912,0.01);
#107=CIRCLE('',#3913,0.005);
#108=CIRCLE('',#3917,0.00500000000000001);
#109=CIRCLE('',#3918,0.01);
#110=CIRCLE('',#3920,0.01);
#111=CIRCLE('',#3921,0.005);
#112=CIRCLE('',#3923,0.00500000000000001);
#113=CIRCLE('',#3924,0.01);
#114=CIRCLE('',#3926,0.01);
#115=CIRCLE('',#3927,0.005);
#116=CIRCLE('',#3931,0.00500000000000001);
#117=CIRCLE('',#3932,0.01);
#118=CIRCLE('',#3934,0.01);
#119=CIRCLE('',#3935,0.005);
#120=CIRCLE('',#3937,0.00500000000000001);
#121=CIRCLE('',#3938,0.01);
#122=CIRCLE('',#3940,0.01);
#123=CIRCLE('',#3941,0.005);
#124=CIRCLE('',#3945,0.00500000000000001);
#125=CIRCLE('',#3946,0.01);
#126=CIRCLE('',#3948,0.01);
#127=CIRCLE('',#3949,0.005);
#128=CIRCLE('',#3951,0.00500000000000001);
#129=CIRCLE('',#3952,0.01);
#130=CIRCLE('',#3954,0.01);
#131=CIRCLE('',#3955,0.005);
#132=CIRCLE('',#3959,0.00500000000000001);
#133=CIRCLE('',#3960,0.01);
#134=CIRCLE('',#3962,0.01);
#135=CIRCLE('',#3963,0.005);
#136=CIRCLE('',#3965,0.00500000000000001);
#137=CIRCLE('',#3966,0.01);
#138=CIRCLE('',#3968,0.01);
#139=CIRCLE('',#3969,0.005);
#140=CIRCLE('',#3975,0.00500000000000001);
#141=CIRCLE('',#3976,0.01);
#142=CIRCLE('',#3978,0.01);
#143=CIRCLE('',#3979,0.005);
#144=CONTEXT_DEPENDENT_SHAPE_REPRESENTATION(#150,#6120);
#145=CONTEXT_DEPENDENT_SHAPE_REPRESENTATION(#151,#6122);
#146=CONTEXT_DEPENDENT_SHAPE_REPRESENTATION(#152,#6124);
#147=NEXT_ASSEMBLY_USAGE_OCCURRENCE('NAUO1','TFM-107-02-L-D_terminal',
'TFM-107-02-L-D_terminal',#6125,#6126,'');
#148=NEXT_ASSEMBLY_USAGE_OCCURRENCE('NAUO2','TFM-107-02-L-D-L_pins',
'TFM-107-02-L-D-L_pins',#6125,#6127,'');
#149=NEXT_ASSEMBLY_USAGE_OCCURRENCE('NAUO3','TFM-107-02-L-D-L-2_pins',
'TFM-107-02-L-D-L-2_pins',#6125,#6128,'');
#150=(
REPRESENTATION_RELATIONSHIP(' ',' ',#3749,#3748)
REPRESENTATION_RELATIONSHIP_WITH_TRANSFORMATION(#153)
SHAPE_REPRESENTATION_RELATIONSHIP()
);
#151=(
REPRESENTATION_RELATIONSHIP(' ',' ',#3750,#3748)
REPRESENTATION_RELATIONSHIP_WITH_TRANSFORMATION(#154)
SHAPE_REPRESENTATION_RELATIONSHIP()
);
#152=(
REPRESENTATION_RELATIONSHIP(' ',' ',#3751,#3748)
REPRESENTATION_RELATIONSHIP_WITH_TRANSFORMATION(#155)
SHAPE_REPRESENTATION_RELATIONSHIP()
);
#153=ITEM_DEFINED_TRANSFORMATION(' ',' ',#3752,#3791);
#154=ITEM_DEFINED_TRANSFORMATION(' ',' ',#3752,#3854);
#155=ITEM_DEFINED_TRANSFORMATION(' ',' ',#3752,#4037);
#156=SHAPE_REPRESENTATION_RELATIONSHIP('','',#3749,#159);
#157=SHAPE_REPRESENTATION_RELATIONSHIP('','',#3750,#160);
#158=SHAPE_REPRESENTATION_RELATIONSHIP('','',#3751,#161);
#159=ADVANCED_BREP_SHAPE_REPRESENTATION('',(#3741),#6105);
#160=ADVANCED_BREP_SHAPE_REPRESENTATION('',(#3742),#6106);
#161=ADVANCED_BREP_SHAPE_REPRESENTATION('',(#3743),#6107);
#162=ORIENTED_EDGE('',*,*,#1188,.F.);
#163=ORIENTED_EDGE('',*,*,#1189,.T.);
#164=ORIENTED_EDGE('',*,*,#1190,.T.);
#165=ORIENTED_EDGE('',*,*,#1191,.F.);
#166=ORIENTED_EDGE('',*,*,#1192,.F.);
#167=ORIENTED_EDGE('',*,*,#1193,.F.);
#168=ORIENTED_EDGE('',*,*,#1194,.F.);
#169=ORIENTED_EDGE('',*,*,#1195,.F.);
#170=ORIENTED_EDGE('',*,*,#1196,.F.);
#171=ORIENTED_EDGE('',*,*,#1197,.F.);
#172=ORIENTED_EDGE('',*,*,#1198,.F.);
#173=ORIENTED_EDGE('',*,*,#1199,.F.);
#174=ORIENTED_EDGE('',*,*,#1200,.T.);
#175=ORIENTED_EDGE('',*,*,#1201,.T.);
#176=ORIENTED_EDGE('',*,*,#1202,.T.);
#177=ORIENTED_EDGE('',*,*,#1203,.T.);
#178=ORIENTED_EDGE('',*,*,#1204,.F.);
#179=ORIENTED_EDGE('',*,*,#1205,.F.);
#180=ORIENTED_EDGE('',*,*,#1206,.F.);
#181=ORIENTED_EDGE('',*,*,#1207,.T.);
#182=ORIENTED_EDGE('',*,*,#1208,.T.);
#183=ORIENTED_EDGE('',*,*,#1209,.F.);
#184=ORIENTED_EDGE('',*,*,#1210,.F.);
#185=ORIENTED_EDGE('',*,*,#1211,.F.);
#186=ORIENTED_EDGE('',*,*,#1212,.T.);
#187=ORIENTED_EDGE('',*,*,#1213,.T.);
#188=ORIENTED_EDGE('',*,*,#1214,.T.);
#189=ORIENTED_EDGE('',*,*,#1215,.T.);
#190=ORIENTED_EDGE('',*,*,#1216,.T.);
#191=ORIENTED_EDGE('',*,*,#1192,.T.);
#192=ORIENTED_EDGE('',*,*,#1217,.F.);
#193=ORIENTED_EDGE('',*,*,#1190,.F.);
#194=ORIENTED_EDGE('',*,*,#1218,.T.);
#195=ORIENTED_EDGE('',*,*,#1203,.F.);
#196=ORIENTED_EDGE('',*,*,#1219,.T.);
#197=ORIENTED_EDGE('',*,*,#1220,.T.);
#198=ORIENTED_EDGE('',*,*,#1221,.F.);
#199=ORIENTED_EDGE('',*,*,#1213,.F.);
#200=ORIENTED_EDGE('',*,*,#1222,.F.);
#201=ORIENTED_EDGE('',*,*,#1207,.F.);
#202=ORIENTED_EDGE('',*,*,#1223,.T.);
#203=ORIENTED_EDGE('',*,*,#1224,.T.);
#204=ORIENTED_EDGE('',*,*,#1225,.F.);
#205=ORIENTED_EDGE('',*,*,#1200,.F.);
#206=ORIENTED_EDGE('',*,*,#1226,.F.);
#207=ORIENTED_EDGE('',*,*,#1227,.T.);
#208=ORIENTED_EDGE('',*,*,#1228,.F.);
#209=ORIENTED_EDGE('',*,*,#1229,.F.);
#210=ORIENTED_EDGE('',*,*,#1205,.T.);
#211=ORIENTED_EDGE('',*,*,#1230,.T.);
#212=ORIENTED_EDGE('',*,*,#1231,.F.);
#213=ORIENTED_EDGE('',*,*,#1232,.F.);
#214=ORIENTED_EDGE('',*,*,#1233,.F.);
#215=ORIENTED_EDGE('',*,*,#1234,.T.);
#216=ORIENTED_EDGE('',*,*,#1211,.T.);
#217=ORIENTED_EDGE('',*,*,#1235,.T.);
#218=ORIENTED_EDGE('',*,*,#1236,.F.);
#219=ORIENTED_EDGE('',*,*,#1237,.T.);
#220=ORIENTED_EDGE('',*,*,#1198,.T.);
#221=ORIENTED_EDGE('',*,*,#1238,.F.);
#222=ORIENTED_EDGE('',*,*,#1209,.T.);
#223=ORIENTED_EDGE('',*,*,#1239,.T.);
#224=ORIENTED_EDGE('',*,*,#1240,.F.);
#225=ORIENTED_EDGE('',*,*,#1241,.F.);
#226=ORIENTED_EDGE('',*,*,#1227,.F.);
#227=ORIENTED_EDGE('',*,*,#1242,.T.);
#228=ORIENTED_EDGE('',*,*,#1243,.F.);
#229=ORIENTED_EDGE('',*,*,#1244,.F.);
#230=ORIENTED_EDGE('',*,*,#1245,.F.);
#231=ORIENTED_EDGE('',*,*,#1246,.F.);
#232=ORIENTED_EDGE('',*,*,#1229,.T.);
#233=ORIENTED_EDGE('',*,*,#1247,.F.);
#234=ORIENTED_EDGE('',*,*,#1248,.F.);
#235=ORIENTED_EDGE('',*,*,#1191,.T.);
#236=ORIENTED_EDGE('',*,*,#1217,.T.);
#237=ORIENTED_EDGE('',*,*,#1195,.T.);
#238=ORIENTED_EDGE('',*,*,#1249,.F.);
#239=ORIENTED_EDGE('',*,*,#1250,.F.);
#240=ORIENTED_EDGE('',*,*,#1220,.F.);
#241=ORIENTED_EDGE('',*,*,#1251,.F.);
#242=ORIENTED_EDGE('',*,*,#1252,.T.);
#243=ORIENTED_EDGE('',*,*,#1253,.T.);
#244=ORIENTED_EDGE('',*,*,#1254,.T.);
#245=ORIENTED_EDGE('',*,*,#1255,.F.);
#246=ORIENTED_EDGE('',*,*,#1251,.T.);
#247=ORIENTED_EDGE('',*,*,#1219,.F.);
#248=ORIENTED_EDGE('',*,*,#1202,.F.);
#249=ORIENTED_EDGE('',*,*,#1256,.T.);
#250=ORIENTED_EDGE('',*,*,#1257,.F.);
#251=ORIENTED_EDGE('',*,*,#1258,.T.);
#252=ORIENTED_EDGE('',*,*,#1259,.T.);
#253=ORIENTED_EDGE('',*,*,#1260,.F.);
#254=ORIENTED_EDGE('',*,*,#1214,.F.);
#255=ORIENTED_EDGE('',*,*,#1221,.T.);
#256=ORIENTED_EDGE('',*,*,#1250,.T.);
#257=ORIENTED_EDGE('',*,*,#1261,.F.);
#258=ORIENTED_EDGE('',*,*,#1262,.T.);
#259=ORIENTED_EDGE('',*,*,#1223,.F.);
#260=ORIENTED_EDGE('',*,*,#1215,.F.);
#261=ORIENTED_EDGE('',*,*,#1260,.T.);
#262=ORIENTED_EDGE('',*,*,#1263,.T.);
#263=ORIENTED_EDGE('',*,*,#1256,.F.);
#264=ORIENTED_EDGE('',*,*,#1201,.F.);
#265=ORIENTED_EDGE('',*,*,#1225,.T.);
#266=ORIENTED_EDGE('',*,*,#1259,.F.);
#267=ORIENTED_EDGE('',*,*,#1264,.T.);
#268=ORIENTED_EDGE('',*,*,#1252,.F.);
#269=ORIENTED_EDGE('',*,*,#1263,.F.);
#270=ORIENTED_EDGE('',*,*,#1224,.F.);
#271=ORIENTED_EDGE('',*,*,#1262,.F.);
#272=ORIENTED_EDGE('',*,*,#1265,.F.);
#273=ORIENTED_EDGE('',*,*,#1206,.T.);
#274=ORIENTED_EDGE('',*,*,#1232,.T.);
#275=ORIENTED_EDGE('',*,*,#1266,.F.);
#276=ORIENTED_EDGE('',*,*,#1267,.F.);
#277=ORIENTED_EDGE('',*,*,#1235,.F.);
#278=ORIENTED_EDGE('',*,*,#1210,.T.);
#279=ORIENTED_EDGE('',*,*,#1241,.T.);
#280=ORIENTED_EDGE('',*,*,#1268,.F.);
#281=ORIENTED_EDGE('',*,*,#1269,.F.);
#282=ORIENTED_EDGE('',*,*,#1270,.T.);
#283=ORIENTED_EDGE('',*,*,#1257,.T.);
#284=ORIENTED_EDGE('',*,*,#1271,.F.);
#285=ORIENTED_EDGE('',*,*,#1254,.F.);
#286=ORIENTED_EDGE('',*,*,#1272,.T.);
#287=ORIENTED_EDGE('',*,*,#1273,.T.);
#288=ORIENTED_EDGE('',*,*,#1274,.F.);
#289=ORIENTED_EDGE('',*,*,#1273,.F.);
#290=ORIENTED_EDGE('',*,*,#1275,.T.);
#291=ORIENTED_EDGE('',*,*,#1269,.T.);
#292=ORIENTED_EDGE('',*,*,#1270,.F.);
#293=ORIENTED_EDGE('',*,*,#1275,.F.);
#294=ORIENTED_EDGE('',*,*,#1272,.F.);
#295=ORIENTED_EDGE('',*,*,#1253,.F.);
#296=ORIENTED_EDGE('',*,*,#1264,.F.);
#297=ORIENTED_EDGE('',*,*,#1258,.F.);
#298=ORIENTED_EDGE('',*,*,#1268,.T.);
#299=ORIENTED_EDGE('',*,*,#1261,.T.);
#300=ORIENTED_EDGE('',*,*,#1249,.T.);
#301=ORIENTED_EDGE('',*,*,#1255,.T.);
#302=ORIENTED_EDGE('',*,*,#1271,.T.);
#303=ORIENTED_EDGE('',*,*,#1274,.T.);
#304=ORIENTED_EDGE('',*,*,#1276,.F.);
#305=ORIENTED_EDGE('',*,*,#1247,.T.);
#306=ORIENTED_EDGE('',*,*,#1228,.T.);
#307=ORIENTED_EDGE('',*,*,#1244,.T.);
#308=ORIENTED_EDGE('',*,*,#1277,.F.);
#309=ORIENTED_EDGE('',*,*,#1278,.T.);
#310=ORIENTED_EDGE('',*,*,#1266,.T.);
#311=ORIENTED_EDGE('',*,*,#1279,.F.);
#312=ORIENTED_EDGE('',*,*,#1231,.T.);
#313=ORIENTED_EDGE('',*,*,#1188,.T.);
#314=ORIENTED_EDGE('',*,*,#1248,.T.);
#315=ORIENTED_EDGE('',*,*,#1194,.T.);
#316=ORIENTED_EDGE('',*,*,#1233,.T.);
#317=ORIENTED_EDGE('',*,*,#1280,.F.);
#318=ORIENTED_EDGE('',*,*,#1281,.F.);
#319=ORIENTED_EDGE('',*,*,#1279,.T.);
#320=ORIENTED_EDGE('',*,*,#1267,.T.);
#321=ORIENTED_EDGE('',*,*,#1282,.F.);
#322=ORIENTED_EDGE('',*,*,#1283,.F.);
#323=ORIENTED_EDGE('',*,*,#1280,.T.);
#324=ORIENTED_EDGE('',*,*,#1276,.T.);
#325=ORIENTED_EDGE('',*,*,#1243,.T.);
#326=ORIENTED_EDGE('',*,*,#1236,.T.);
#327=ORIENTED_EDGE('',*,*,#1284,.F.);
#328=ORIENTED_EDGE('',*,*,#1285,.F.);
#329=ORIENTED_EDGE('',*,*,#1282,.T.);
#330=ORIENTED_EDGE('',*,*,#1240,.T.);
#331=ORIENTED_EDGE('',*,*,#1245,.T.);
#332=ORIENTED_EDGE('',*,*,#1285,.T.);
#333=ORIENTED_EDGE('',*,*,#1286,.F.);
#334=ORIENTED_EDGE('',*,*,#1287,.T.);
#335=ORIENTED_EDGE('',*,*,#1277,.T.);
#336=ORIENTED_EDGE('',*,*,#1281,.T.);
#337=ORIENTED_EDGE('',*,*,#1283,.T.);
#338=ORIENTED_EDGE('',*,*,#1208,.F.);
#339=ORIENTED_EDGE('',*,*,#1222,.T.);
#340=ORIENTED_EDGE('',*,*,#1246,.T.);
#341=ORIENTED_EDGE('',*,*,#1239,.F.);
#342=ORIENTED_EDGE('',*,*,#1242,.F.);
#343=ORIENTED_EDGE('',*,*,#1226,.T.);
#344=ORIENTED_EDGE('',*,*,#1199,.T.);
#345=ORIENTED_EDGE('',*,*,#1237,.F.);
#346=ORIENTED_EDGE('',*,*,#1193,.T.);
#347=ORIENTED_EDGE('',*,*,#1216,.F.);
#348=ORIENTED_EDGE('',*,*,#1212,.F.);
#349=ORIENTED_EDGE('',*,*,#1234,.F.);
#350=ORIENTED_EDGE('',*,*,#1204,.T.);
#351=ORIENTED_EDGE('',*,*,#1218,.F.);
#352=ORIENTED_EDGE('',*,*,#1189,.F.);
#353=ORIENTED_EDGE('',*,*,#1230,.F.);
#354=ORIENTED_EDGE('',*,*,#1265,.T.);
#355=ORIENTED_EDGE('',*,*,#1278,.F.);
#356=ORIENTED_EDGE('',*,*,#1287,.F.);
#357=ORIENTED_EDGE('',*,*,#1288,.F.);
#358=ORIENTED_EDGE('',*,*,#1196,.T.);
#359=ORIENTED_EDGE('',*,*,#1197,.T.);
#360=ORIENTED_EDGE('',*,*,#1288,.T.);
#361=ORIENTED_EDGE('',*,*,#1286,.T.);
#362=ORIENTED_EDGE('',*,*,#1284,.T.);
#363=ORIENTED_EDGE('',*,*,#1238,.T.);
#364=ORIENTED_EDGE('',*,*,#1289,.F.);
#365=ORIENTED_EDGE('',*,*,#1290,.T.);
#366=ORIENTED_EDGE('',*,*,#1291,.F.);
#367=ORIENTED_EDGE('',*,*,#1292,.T.);
#368=ORIENTED_EDGE('',*,*,#1293,.F.);
#369=ORIENTED_EDGE('',*,*,#1294,.F.);
#370=ORIENTED_EDGE('',*,*,#1295,.F.);
#371=ORIENTED_EDGE('',*,*,#1296,.F.);
#372=ORIENTED_EDGE('',*,*,#1290,.F.);
#373=ORIENTED_EDGE('',*,*,#1297,.T.);
#374=ORIENTED_EDGE('',*,*,#1296,.T.);
#375=ORIENTED_EDGE('',*,*,#1298,.F.);
#376=ORIENTED_EDGE('',*,*,#1294,.T.);
#377=ORIENTED_EDGE('',*,*,#1299,.T.);
#378=ORIENTED_EDGE('',*,*,#1292,.F.);
#379=ORIENTED_EDGE('',*,*,#1300,.F.);
#380=ORIENTED_EDGE('',*,*,#1301,.F.);
#381=ORIENTED_EDGE('',*,*,#1302,.F.);
#382=ORIENTED_EDGE('',*,*,#1303,.F.);
#383=ORIENTED_EDGE('',*,*,#1304,.F.);
#384=ORIENTED_EDGE('',*,*,#1305,.F.);
#385=ORIENTED_EDGE('',*,*,#1306,.F.);
#386=ORIENTED_EDGE('',*,*,#1307,.F.);
#387=ORIENTED_EDGE('',*,*,#1308,.F.);
#388=ORIENTED_EDGE('',*,*,#1309,.F.);
#389=ORIENTED_EDGE('',*,*,#1310,.F.);
#390=ORIENTED_EDGE('',*,*,#1311,.F.);
#391=ORIENTED_EDGE('',*,*,#1312,.F.);
#392=ORIENTED_EDGE('',*,*,#1313,.F.);
#393=ORIENTED_EDGE('',*,*,#1314,.F.);
#394=ORIENTED_EDGE('',*,*,#1295,.T.);
#395=ORIENTED_EDGE('',*,*,#1300,.T.);
#396=ORIENTED_EDGE('',*,*,#1291,.T.);
#397=ORIENTED_EDGE('',*,*,#1298,.T.);
#398=ORIENTED_EDGE('',*,*,#1315,.T.);
#399=ORIENTED_EDGE('',*,*,#1314,.T.);
#400=ORIENTED_EDGE('',*,*,#1316,.T.);
#401=ORIENTED_EDGE('',*,*,#1313,.T.);
#402=ORIENTED_EDGE('',*,*,#1317,.T.);
#403=ORIENTED_EDGE('',*,*,#1312,.T.);
#404=ORIENTED_EDGE('',*,*,#1318,.T.);
#405=ORIENTED_EDGE('',*,*,#1311,.T.);
#406=ORIENTED_EDGE('',*,*,#1319,.T.);
#407=ORIENTED_EDGE('',*,*,#1310,.T.);
#408=ORIENTED_EDGE('',*,*,#1320,.T.);
#409=ORIENTED_EDGE('',*,*,#1309,.T.);
#410=ORIENTED_EDGE('',*,*,#1321,.T.);
#411=ORIENTED_EDGE('',*,*,#1308,.T.);
#412=ORIENTED_EDGE('',*,*,#1322,.T.);
#413=ORIENTED_EDGE('',*,*,#1307,.T.);
#414=ORIENTED_EDGE('',*,*,#1323,.T.);
#415=ORIENTED_EDGE('',*,*,#1306,.T.);
#416=ORIENTED_EDGE('',*,*,#1324,.T.);
#417=ORIENTED_EDGE('',*,*,#1305,.T.);
#418=ORIENTED_EDGE('',*,*,#1325,.T.);
#419=ORIENTED_EDGE('',*,*,#1304,.T.);
#420=ORIENTED_EDGE('',*,*,#1326,.T.);
#421=ORIENTED_EDGE('',*,*,#1303,.T.);
#422=ORIENTED_EDGE('',*,*,#1327,.T.);
#423=ORIENTED_EDGE('',*,*,#1302,.T.);
#424=ORIENTED_EDGE('',*,*,#1328,.T.);
#425=ORIENTED_EDGE('',*,*,#1301,.T.);
#426=ORIENTED_EDGE('',*,*,#1327,.F.);
#427=ORIENTED_EDGE('',*,*,#1326,.F.);
#428=ORIENTED_EDGE('',*,*,#1325,.F.);
#429=ORIENTED_EDGE('',*,*,#1324,.F.);
#430=ORIENTED_EDGE('',*,*,#1323,.F.);
#431=ORIENTED_EDGE('',*,*,#1322,.F.);
#432=ORIENTED_EDGE('',*,*,#1321,.F.);
#433=ORIENTED_EDGE('',*,*,#1320,.F.);
#434=ORIENTED_EDGE('',*,*,#1319,.F.);
#435=ORIENTED_EDGE('',*,*,#1318,.F.);
#436=ORIENTED_EDGE('',*,*,#1317,.F.);
#437=ORIENTED_EDGE('',*,*,#1316,.F.);
#438=ORIENTED_EDGE('',*,*,#1315,.F.);
#439=ORIENTED_EDGE('',*,*,#1328,.F.);
#440=ORIENTED_EDGE('',*,*,#1289,.T.);
#441=ORIENTED_EDGE('',*,*,#1299,.F.);
#442=ORIENTED_EDGE('',*,*,#1293,.T.);
#443=ORIENTED_EDGE('',*,*,#1297,.F.);
#444=ORIENTED_EDGE('',*,*,#1329,.F.);
#445=ORIENTED_EDGE('',*,*,#1330,.T.);
#446=ORIENTED_EDGE('',*,*,#1331,.T.);
#447=ORIENTED_EDGE('',*,*,#1332,.T.);
#448=ORIENTED_EDGE('',*,*,#1333,.F.);
#449=ORIENTED_EDGE('',*,*,#1334,.T.);
#450=ORIENTED_EDGE('',*,*,#1335,.T.);
#451=ORIENTED_EDGE('',*,*,#1336,.T.);
#452=ORIENTED_EDGE('',*,*,#1337,.F.);
#453=ORIENTED_EDGE('',*,*,#1338,.T.);
#454=ORIENTED_EDGE('',*,*,#1339,.T.);
#455=ORIENTED_EDGE('',*,*,#1340,.T.);
#456=ORIENTED_EDGE('',*,*,#1341,.F.);
#457=ORIENTED_EDGE('',*,*,#1342,.F.);
#458=ORIENTED_EDGE('',*,*,#1343,.F.);
#459=ORIENTED_EDGE('',*,*,#1344,.F.);
#460=ORIENTED_EDGE('',*,*,#1345,.F.);
#461=ORIENTED_EDGE('',*,*,#1346,.F.);
#462=ORIENTED_EDGE('',*,*,#1347,.F.);
#463=ORIENTED_EDGE('',*,*,#1348,.F.);
#464=ORIENTED_EDGE('',*,*,#1349,.F.);
#465=ORIENTED_EDGE('',*,*,#1350,.F.);
#466=ORIENTED_EDGE('',*,*,#1351,.F.);
#467=ORIENTED_EDGE('',*,*,#1352,.F.);
#468=ORIENTED_EDGE('',*,*,#1342,.T.);
#469=ORIENTED_EDGE('',*,*,#1353,.T.);
#470=ORIENTED_EDGE('',*,*,#1340,.F.);
#471=ORIENTED_EDGE('',*,*,#1354,.F.);
#472=ORIENTED_EDGE('',*,*,#1330,.F.);
#473=ORIENTED_EDGE('',*,*,#1355,.T.);
#474=ORIENTED_EDGE('',*,*,#1352,.T.);
#475=ORIENTED_EDGE('',*,*,#1356,.T.);
#476=ORIENTED_EDGE('',*,*,#1357,.F.);
#477=ORIENTED_EDGE('',*,*,#1358,.F.);
#478=ORIENTED_EDGE('',*,*,#1359,.T.);
#479=ORIENTED_EDGE('',*,*,#1360,.F.);
#480=ORIENTED_EDGE('',*,*,#1361,.F.);
#481=ORIENTED_EDGE('',*,*,#1362,.F.);
#482=ORIENTED_EDGE('',*,*,#1363,.T.);
#483=ORIENTED_EDGE('',*,*,#1364,.F.);
#484=ORIENTED_EDGE('',*,*,#1365,.F.);
#485=ORIENTED_EDGE('',*,*,#1366,.F.);
#486=ORIENTED_EDGE('',*,*,#1367,.T.);
#487=ORIENTED_EDGE('',*,*,#1368,.F.);
#488=ORIENTED_EDGE('',*,*,#1369,.F.);
#489=ORIENTED_EDGE('',*,*,#1370,.F.);
#490=ORIENTED_EDGE('',*,*,#1371,.T.);
#491=ORIENTED_EDGE('',*,*,#1372,.F.);
#492=ORIENTED_EDGE('',*,*,#1373,.F.);
#493=ORIENTED_EDGE('',*,*,#1374,.F.);
#494=ORIENTED_EDGE('',*,*,#1375,.T.);
#495=ORIENTED_EDGE('',*,*,#1376,.F.);
#496=ORIENTED_EDGE('',*,*,#1377,.F.);
#497=ORIENTED_EDGE('',*,*,#1378,.F.);
#498=ORIENTED_EDGE('',*,*,#1379,.T.);
#499=ORIENTED_EDGE('',*,*,#1380,.F.);
#500=ORIENTED_EDGE('',*,*,#1381,.F.);
#501=ORIENTED_EDGE('',*,*,#1382,.F.);
#502=ORIENTED_EDGE('',*,*,#1383,.T.);
#503=ORIENTED_EDGE('',*,*,#1384,.F.);
#504=ORIENTED_EDGE('',*,*,#1385,.F.);
#505=ORIENTED_EDGE('',*,*,#1386,.F.);
#506=ORIENTED_EDGE('',*,*,#1387,.T.);
#507=ORIENTED_EDGE('',*,*,#1388,.F.);
#508=ORIENTED_EDGE('',*,*,#1389,.F.);
#509=ORIENTED_EDGE('',*,*,#1390,.F.);
#510=ORIENTED_EDGE('',*,*,#1391,.T.);
#511=ORIENTED_EDGE('',*,*,#1392,.F.);
#512=ORIENTED_EDGE('',*,*,#1393,.F.);
#513=ORIENTED_EDGE('',*,*,#1394,.F.);
#514=ORIENTED_EDGE('',*,*,#1395,.T.);
#515=ORIENTED_EDGE('',*,*,#1396,.F.);
#516=ORIENTED_EDGE('',*,*,#1397,.F.);
#517=ORIENTED_EDGE('',*,*,#1398,.F.);
#518=ORIENTED_EDGE('',*,*,#1399,.T.);
#519=ORIENTED_EDGE('',*,*,#1400,.F.);
#520=ORIENTED_EDGE('',*,*,#1401,.F.);
#521=ORIENTED_EDGE('',*,*,#1402,.F.);
#522=ORIENTED_EDGE('',*,*,#1403,.T.);
#523=ORIENTED_EDGE('',*,*,#1404,.F.);
#524=ORIENTED_EDGE('',*,*,#1405,.F.);
#525=ORIENTED_EDGE('',*,*,#1406,.F.);
#526=ORIENTED_EDGE('',*,*,#1407,.T.);
#527=ORIENTED_EDGE('',*,*,#1408,.F.);
#528=ORIENTED_EDGE('',*,*,#1409,.F.);
#529=ORIENTED_EDGE('',*,*,#1410,.F.);
#530=ORIENTED_EDGE('',*,*,#1411,.T.);
#531=ORIENTED_EDGE('',*,*,#1412,.F.);
#532=ORIENTED_EDGE('',*,*,#1413,.T.);
#533=ORIENTED_EDGE('',*,*,#1414,.T.);
#534=ORIENTED_EDGE('',*,*,#1359,.F.);
#535=ORIENTED_EDGE('',*,*,#1415,.F.);
#536=ORIENTED_EDGE('',*,*,#1416,.T.);
#537=ORIENTED_EDGE('',*,*,#1417,.T.);
#538=ORIENTED_EDGE('',*,*,#1363,.F.);
#539=ORIENTED_EDGE('',*,*,#1418,.F.);
#540=ORIENTED_EDGE('',*,*,#1419,.T.);
#541=ORIENTED_EDGE('',*,*,#1420,.T.);
#542=ORIENTED_EDGE('',*,*,#1367,.F.);
#543=ORIENTED_EDGE('',*,*,#1421,.F.);
#544=ORIENTED_EDGE('',*,*,#1422,.T.);
#545=ORIENTED_EDGE('',*,*,#1423,.T.);
#546=ORIENTED_EDGE('',*,*,#1371,.F.);
#547=ORIENTED_EDGE('',*,*,#1424,.F.);
#548=ORIENTED_EDGE('',*,*,#1425,.T.);
#549=ORIENTED_EDGE('',*,*,#1426,.T.);
#550=ORIENTED_EDGE('',*,*,#1375,.F.);
#551=ORIENTED_EDGE('',*,*,#1427,.F.);
#552=ORIENTED_EDGE('',*,*,#1428,.T.);
#553=ORIENTED_EDGE('',*,*,#1429,.T.);
#554=ORIENTED_EDGE('',*,*,#1379,.F.);
#555=ORIENTED_EDGE('',*,*,#1430,.F.);
#556=ORIENTED_EDGE('',*,*,#1431,.T.);
#557=ORIENTED_EDGE('',*,*,#1432,.T.);
#558=ORIENTED_EDGE('',*,*,#1383,.F.);
#559=ORIENTED_EDGE('',*,*,#1433,.F.);
#560=ORIENTED_EDGE('',*,*,#1434,.T.);
#561=ORIENTED_EDGE('',*,*,#1435,.T.);
#562=ORIENTED_EDGE('',*,*,#1436,.T.);
#563=ORIENTED_EDGE('',*,*,#1437,.T.);
#564=ORIENTED_EDGE('',*,*,#1384,.T.);
#565=ORIENTED_EDGE('',*,*,#1432,.F.);
#566=ORIENTED_EDGE('',*,*,#1438,.F.);
#567=ORIENTED_EDGE('',*,*,#1439,.T.);
#568=ORIENTED_EDGE('',*,*,#1440,.T.);
#569=ORIENTED_EDGE('',*,*,#1441,.T.);
#570=ORIENTED_EDGE('',*,*,#1442,.F.);
#571=ORIENTED_EDGE('',*,*,#1443,.F.);
#572=ORIENTED_EDGE('',*,*,#1386,.T.);
#573=ORIENTED_EDGE('',*,*,#1444,.T.);
#574=ORIENTED_EDGE('',*,*,#1445,.T.);
#575=ORIENTED_EDGE('',*,*,#1446,.T.);
#576=ORIENTED_EDGE('',*,*,#1333,.T.);
#577=ORIENTED_EDGE('',*,*,#1447,.T.);
#578=ORIENTED_EDGE('',*,*,#1434,.F.);
#579=ORIENTED_EDGE('',*,*,#1448,.T.);
#580=ORIENTED_EDGE('',*,*,#1337,.T.);
#581=ORIENTED_EDGE('',*,*,#1449,.T.);
#582=ORIENTED_EDGE('',*,*,#1440,.F.);
#583=ORIENTED_EDGE('',*,*,#1450,.T.);
#584=ORIENTED_EDGE('',*,*,#1451,.T.);
#585=ORIENTED_EDGE('',*,*,#1452,.T.);
#586=ORIENTED_EDGE('',*,*,#1453,.T.);
#587=ORIENTED_EDGE('',*,*,#1454,.T.);
#588=ORIENTED_EDGE('',*,*,#1380,.T.);
#589=ORIENTED_EDGE('',*,*,#1429,.F.);
#590=ORIENTED_EDGE('',*,*,#1455,.F.);
#591=ORIENTED_EDGE('',*,*,#1456,.T.);
#592=ORIENTED_EDGE('',*,*,#1457,.T.);
#593=ORIENTED_EDGE('',*,*,#1458,.T.);
#594=ORIENTED_EDGE('',*,*,#1459,.F.);
#595=ORIENTED_EDGE('',*,*,#1460,.F.);
#596=ORIENTED_EDGE('',*,*,#1390,.T.);
#597=ORIENTED_EDGE('',*,*,#1461,.T.);
#598=ORIENTED_EDGE('',*,*,#1462,.T.);
#599=ORIENTED_EDGE('',*,*,#1463,.T.);
#600=ORIENTED_EDGE('',*,*,#1464,.T.);
#601=ORIENTED_EDGE('',*,*,#1465,.T.);
#602=ORIENTED_EDGE('',*,*,#1466,.F.);
#603=ORIENTED_EDGE('',*,*,#1467,.T.);
#604=ORIENTED_EDGE('',*,*,#1468,.F.);
#605=ORIENTED_EDGE('',*,*,#1433,.T.);
#606=ORIENTED_EDGE('',*,*,#1382,.T.);
#607=ORIENTED_EDGE('',*,*,#1469,.T.);
#608=ORIENTED_EDGE('',*,*,#1470,.F.);
#609=ORIENTED_EDGE('',*,*,#1471,.T.);
#610=ORIENTED_EDGE('',*,*,#1472,.F.);
#611=ORIENTED_EDGE('',*,*,#1473,.T.);
#612=ORIENTED_EDGE('',*,*,#1474,.T.);
#613=ORIENTED_EDGE('',*,*,#1475,.T.);
#614=ORIENTED_EDGE('',*,*,#1388,.T.);
#615=ORIENTED_EDGE('',*,*,#1476,.T.);
#616=ORIENTED_EDGE('',*,*,#1466,.T.);
#617=ORIENTED_EDGE('',*,*,#1477,.T.);
#618=ORIENTED_EDGE('',*,*,#1451,.F.);
#619=ORIENTED_EDGE('',*,*,#1478,.T.);
#620=ORIENTED_EDGE('',*,*,#1472,.T.);
#621=ORIENTED_EDGE('',*,*,#1479,.T.);
#622=ORIENTED_EDGE('',*,*,#1457,.F.);
#623=ORIENTED_EDGE('',*,*,#1480,.T.);
#624=ORIENTED_EDGE('',*,*,#1481,.T.);
#625=ORIENTED_EDGE('',*,*,#1482,.T.);
#626=ORIENTED_EDGE('',*,*,#1483,.T.);
#627=ORIENTED_EDGE('',*,*,#1484,.T.);
#628=ORIENTED_EDGE('',*,*,#1376,.T.);
#629=ORIENTED_EDGE('',*,*,#1426,.F.);
#630=ORIENTED_EDGE('',*,*,#1485,.F.);
#631=ORIENTED_EDGE('',*,*,#1486,.T.);
#632=ORIENTED_EDGE('',*,*,#1487,.T.);
#633=ORIENTED_EDGE('',*,*,#1488,.T.);
#634=ORIENTED_EDGE('',*,*,#1489,.F.);
#635=ORIENTED_EDGE('',*,*,#1490,.F.);
#636=ORIENTED_EDGE('',*,*,#1394,.T.);
#637=ORIENTED_EDGE('',*,*,#1491,.T.);
#638=ORIENTED_EDGE('',*,*,#1492,.T.);
#639=ORIENTED_EDGE('',*,*,#1493,.T.);
#640=ORIENTED_EDGE('',*,*,#1494,.T.);
#641=ORIENTED_EDGE('',*,*,#1495,.T.);
#642=ORIENTED_EDGE('',*,*,#1496,.F.);
#643=ORIENTED_EDGE('',*,*,#1497,.T.);
#644=ORIENTED_EDGE('',*,*,#1498,.F.);
#645=ORIENTED_EDGE('',*,*,#1430,.T.);
#646=ORIENTED_EDGE('',*,*,#1378,.T.);
#647=ORIENTED_EDGE('',*,*,#1499,.T.);
#648=ORIENTED_EDGE('',*,*,#1500,.F.);
#649=ORIENTED_EDGE('',*,*,#1501,.T.);
#650=ORIENTED_EDGE('',*,*,#1502,.F.);
#651=ORIENTED_EDGE('',*,*,#1503,.T.);
#652=ORIENTED_EDGE('',*,*,#1504,.T.);
#653=ORIENTED_EDGE('',*,*,#1505,.T.);
#654=ORIENTED_EDGE('',*,*,#1392,.T.);
#655=ORIENTED_EDGE('',*,*,#1506,.T.);
#656=ORIENTED_EDGE('',*,*,#1496,.T.);
#657=ORIENTED_EDGE('',*,*,#1507,.T.);
#658=ORIENTED_EDGE('',*,*,#1481,.F.);
#659=ORIENTED_EDGE('',*,*,#1508,.T.);
#660=ORIENTED_EDGE('',*,*,#1502,.T.);
#661=ORIENTED_EDGE('',*,*,#1509,.T.);
#662=ORIENTED_EDGE('',*,*,#1487,.F.);
#663=ORIENTED_EDGE('',*,*,#1510,.T.);
#664=ORIENTED_EDGE('',*,*,#1511,.T.);
#665=ORIENTED_EDGE('',*,*,#1512,.T.);
#666=ORIENTED_EDGE('',*,*,#1513,.T.);
#667=ORIENTED_EDGE('',*,*,#1514,.T.);
#668=ORIENTED_EDGE('',*,*,#1372,.T.);
#669=ORIENTED_EDGE('',*,*,#1423,.F.);
#670=ORIENTED_EDGE('',*,*,#1515,.F.);
#671=ORIENTED_EDGE('',*,*,#1516,.T.);
#672=ORIENTED_EDGE('',*,*,#1517,.T.);
#673=ORIENTED_EDGE('',*,*,#1518,.T.);
#674=ORIENTED_EDGE('',*,*,#1519,.F.);
#675=ORIENTED_EDGE('',*,*,#1520,.F.);
#676=ORIENTED_EDGE('',*,*,#1398,.T.);
#677=ORIENTED_EDGE('',*,*,#1521,.T.);
#678=ORIENTED_EDGE('',*,*,#1522,.T.);
#679=ORIENTED_EDGE('',*,*,#1523,.T.);
#680=ORIENTED_EDGE('',*,*,#1524,.T.);
#681=ORIENTED_EDGE('',*,*,#1525,.T.);
#682=ORIENTED_EDGE('',*,*,#1526,.F.);
#683=ORIENTED_EDGE('',*,*,#1527,.T.);
#684=ORIENTED_EDGE('',*,*,#1528,.F.);
#685=ORIENTED_EDGE('',*,*,#1427,.T.);
#686=ORIENTED_EDGE('',*,*,#1374,.T.);
#687=ORIENTED_EDGE('',*,*,#1529,.T.);
#688=ORIENTED_EDGE('',*,*,#1530,.F.);
#689=ORIENTED_EDGE('',*,*,#1531,.T.);
#690=ORIENTED_EDGE('',*,*,#1532,.F.);
#691=ORIENTED_EDGE('',*,*,#1533,.T.);
#692=ORIENTED_EDGE('',*,*,#1534,.T.);
#693=ORIENTED_EDGE('',*,*,#1535,.T.);
#694=ORIENTED_EDGE('',*,*,#1396,.T.);
#695=ORIENTED_EDGE('',*,*,#1536,.T.);
#696=ORIENTED_EDGE('',*,*,#1526,.T.);
#697=ORIENTED_EDGE('',*,*,#1537,.T.);
#698=ORIENTED_EDGE('',*,*,#1511,.F.);
#699=ORIENTED_EDGE('',*,*,#1538,.T.);
#700=ORIENTED_EDGE('',*,*,#1532,.T.);
#701=ORIENTED_EDGE('',*,*,#1539,.T.);
#702=ORIENTED_EDGE('',*,*,#1517,.F.);
#703=ORIENTED_EDGE('',*,*,#1540,.T.);
#704=ORIENTED_EDGE('',*,*,#1541,.T.);
#705=ORIENTED_EDGE('',*,*,#1542,.T.);
#706=ORIENTED_EDGE('',*,*,#1543,.T.);
#707=ORIENTED_EDGE('',*,*,#1544,.T.);
#708=ORIENTED_EDGE('',*,*,#1368,.T.);
#709=ORIENTED_EDGE('',*,*,#1420,.F.);
#710=ORIENTED_EDGE('',*,*,#1545,.F.);
#711=ORIENTED_EDGE('',*,*,#1546,.T.);
#712=ORIENTED_EDGE('',*,*,#1547,.T.);
#713=ORIENTED_EDGE('',*,*,#1548,.T.);
#714=ORIENTED_EDGE('',*,*,#1549,.F.);
#715=ORIENTED_EDGE('',*,*,#1550,.F.);
#716=ORIENTED_EDGE('',*,*,#1402,.T.);
#717=ORIENTED_EDGE('',*,*,#1551,.T.);
#718=ORIENTED_EDGE('',*,*,#1552,.T.);
#719=ORIENTED_EDGE('',*,*,#1553,.T.);
#720=ORIENTED_EDGE('',*,*,#1554,.T.);
#721=ORIENTED_EDGE('',*,*,#1555,.T.);
#722=ORIENTED_EDGE('',*,*,#1556,.F.);
#723=ORIENTED_EDGE('',*,*,#1557,.T.);
#724=ORIENTED_EDGE('',*,*,#1558,.F.);
#725=ORIENTED_EDGE('',*,*,#1424,.T.);
#726=ORIENTED_EDGE('',*,*,#1370,.T.);
#727=ORIENTED_EDGE('',*,*,#1559,.T.);
#728=ORIENTED_EDGE('',*,*,#1560,.F.);
#729=ORIENTED_EDGE('',*,*,#1561,.T.);
#730=ORIENTED_EDGE('',*,*,#1562,.F.);
#731=ORIENTED_EDGE('',*,*,#1563,.T.);
#732=ORIENTED_EDGE('',*,*,#1564,.T.);
#733=ORIENTED_EDGE('',*,*,#1565,.T.);
#734=ORIENTED_EDGE('',*,*,#1400,.T.);
#735=ORIENTED_EDGE('',*,*,#1566,.T.);
#736=ORIENTED_EDGE('',*,*,#1556,.T.);
#737=ORIENTED_EDGE('',*,*,#1567,.T.);
#738=ORIENTED_EDGE('',*,*,#1541,.F.);
#739=ORIENTED_EDGE('',*,*,#1568,.T.);
#740=ORIENTED_EDGE('',*,*,#1562,.T.);
#741=ORIENTED_EDGE('',*,*,#1569,.T.);
#742=ORIENTED_EDGE('',*,*,#1547,.F.);
#743=ORIENTED_EDGE('',*,*,#1570,.T.);
#744=ORIENTED_EDGE('',*,*,#1571,.T.);
#745=ORIENTED_EDGE('',*,*,#1572,.T.);
#746=ORIENTED_EDGE('',*,*,#1573,.T.);
#747=ORIENTED_EDGE('',*,*,#1574,.T.);
#748=ORIENTED_EDGE('',*,*,#1364,.T.);
#749=ORIENTED_EDGE('',*,*,#1417,.F.);
#750=ORIENTED_EDGE('',*,*,#1575,.F.);
#751=ORIENTED_EDGE('',*,*,#1576,.T.);
#752=ORIENTED_EDGE('',*,*,#1577,.T.);
#753=ORIENTED_EDGE('',*,*,#1578,.T.);
#754=ORIENTED_EDGE('',*,*,#1579,.F.);
#755=ORIENTED_EDGE('',*,*,#1580,.F.);
#756=ORIENTED_EDGE('',*,*,#1406,.T.);
#757=ORIENTED_EDGE('',*,*,#1581,.T.);
#758=ORIENTED_EDGE('',*,*,#1582,.T.);
#759=ORIENTED_EDGE('',*,*,#1583,.T.);
#760=ORIENTED_EDGE('',*,*,#1584,.T.);
#761=ORIENTED_EDGE('',*,*,#1585,.T.);
#762=ORIENTED_EDGE('',*,*,#1586,.F.);
#763=ORIENTED_EDGE('',*,*,#1587,.T.);
#764=ORIENTED_EDGE('',*,*,#1588,.F.);
#765=ORIENTED_EDGE('',*,*,#1421,.T.);
#766=ORIENTED_EDGE('',*,*,#1366,.T.);
#767=ORIENTED_EDGE('',*,*,#1589,.T.);
#768=ORIENTED_EDGE('',*,*,#1590,.F.);
#769=ORIENTED_EDGE('',*,*,#1591,.T.);
#770=ORIENTED_EDGE('',*,*,#1592,.F.);
#771=ORIENTED_EDGE('',*,*,#1593,.T.);
#772=ORIENTED_EDGE('',*,*,#1594,.T.);
#773=ORIENTED_EDGE('',*,*,#1595,.T.);
#774=ORIENTED_EDGE('',*,*,#1404,.T.);
#775=ORIENTED_EDGE('',*,*,#1596,.T.);
#776=ORIENTED_EDGE('',*,*,#1586,.T.);
#777=ORIENTED_EDGE('',*,*,#1597,.T.);
#778=ORIENTED_EDGE('',*,*,#1571,.F.);
#779=ORIENTED_EDGE('',*,*,#1598,.T.);
#780=ORIENTED_EDGE('',*,*,#1592,.T.);
#781=ORIENTED_EDGE('',*,*,#1599,.T.);
#782=ORIENTED_EDGE('',*,*,#1577,.F.);
#783=ORIENTED_EDGE('',*,*,#1600,.T.);
#784=ORIENTED_EDGE('',*,*,#1601,.T.);
#785=ORIENTED_EDGE('',*,*,#1602,.T.);
#786=ORIENTED_EDGE('',*,*,#1603,.T.);
#787=ORIENTED_EDGE('',*,*,#1604,.T.);
#788=ORIENTED_EDGE('',*,*,#1360,.T.);
#789=ORIENTED_EDGE('',*,*,#1414,.F.);
#790=ORIENTED_EDGE('',*,*,#1605,.F.);
#791=ORIENTED_EDGE('',*,*,#1606,.T.);
#792=ORIENTED_EDGE('',*,*,#1607,.T.);
#793=ORIENTED_EDGE('',*,*,#1608,.T.);
#794=ORIENTED_EDGE('',*,*,#1609,.F.);
#795=ORIENTED_EDGE('',*,*,#1610,.F.);
#796=ORIENTED_EDGE('',*,*,#1410,.T.);
#797=ORIENTED_EDGE('',*,*,#1611,.T.);
#798=ORIENTED_EDGE('',*,*,#1612,.T.);
#799=ORIENTED_EDGE('',*,*,#1613,.T.);
#800=ORIENTED_EDGE('',*,*,#1614,.T.);
#801=ORIENTED_EDGE('',*,*,#1615,.T.);
#802=ORIENTED_EDGE('',*,*,#1616,.F.);
#803=ORIENTED_EDGE('',*,*,#1617,.T.);
#804=ORIENTED_EDGE('',*,*,#1618,.F.);
#805=ORIENTED_EDGE('',*,*,#1418,.T.);
#806=ORIENTED_EDGE('',*,*,#1362,.T.);
#807=ORIENTED_EDGE('',*,*,#1619,.T.);
#808=ORIENTED_EDGE('',*,*,#1620,.F.);
#809=ORIENTED_EDGE('',*,*,#1621,.T.);
#810=ORIENTED_EDGE('',*,*,#1622,.F.);
#811=ORIENTED_EDGE('',*,*,#1623,.T.);
#812=ORIENTED_EDGE('',*,*,#1624,.T.);
#813=ORIENTED_EDGE('',*,*,#1625,.T.);
#814=ORIENTED_EDGE('',*,*,#1408,.T.);
#815=ORIENTED_EDGE('',*,*,#1626,.T.);
#816=ORIENTED_EDGE('',*,*,#1616,.T.);
#817=ORIENTED_EDGE('',*,*,#1627,.T.);
#818=ORIENTED_EDGE('',*,*,#1601,.F.);
#819=ORIENTED_EDGE('',*,*,#1628,.T.);
#820=ORIENTED_EDGE('',*,*,#1622,.T.);
#821=ORIENTED_EDGE('',*,*,#1629,.T.);
#822=ORIENTED_EDGE('',*,*,#1607,.F.);
#823=ORIENTED_EDGE('',*,*,#1630,.T.);
#824=ORIENTED_EDGE('',*,*,#1631,.T.);
#825=ORIENTED_EDGE('',*,*,#1632,.T.);
#826=ORIENTED_EDGE('',*,*,#1349,.T.);
#827=ORIENTED_EDGE('',*,*,#1633,.T.);
#828=ORIENTED_EDGE('',*,*,#1634,.T.);
#829=ORIENTED_EDGE('',*,*,#1635,.T.);
#830=ORIENTED_EDGE('',*,*,#1345,.T.);
#831=ORIENTED_EDGE('',*,*,#1636,.T.);
#832=ORIENTED_EDGE('',*,*,#1637,.T.);
#833=ORIENTED_EDGE('',*,*,#1638,.T.);
#834=ORIENTED_EDGE('',*,*,#1631,.F.);
#835=ORIENTED_EDGE('',*,*,#1639,.T.);
#836=ORIENTED_EDGE('',*,*,#1640,.F.);
#837=ORIENTED_EDGE('',*,*,#1415,.T.);
#838=ORIENTED_EDGE('',*,*,#1358,.T.);
#839=ORIENTED_EDGE('',*,*,#1641,.T.);
#840=ORIENTED_EDGE('',*,*,#1642,.F.);
#841=ORIENTED_EDGE('',*,*,#1643,.T.);
#842=ORIENTED_EDGE('',*,*,#1634,.F.);
#843=ORIENTED_EDGE('',*,*,#1644,.T.);
#844=ORIENTED_EDGE('',*,*,#1645,.T.);
#845=ORIENTED_EDGE('',*,*,#1646,.T.);
#846=ORIENTED_EDGE('',*,*,#1412,.T.);
#847=ORIENTED_EDGE('',*,*,#1647,.T.);
#848=ORIENTED_EDGE('',*,*,#1610,.T.);
#849=ORIENTED_EDGE('',*,*,#1648,.F.);
#850=ORIENTED_EDGE('',*,*,#1647,.F.);
#851=ORIENTED_EDGE('',*,*,#1411,.F.);
#852=ORIENTED_EDGE('',*,*,#1580,.T.);
#853=ORIENTED_EDGE('',*,*,#1649,.F.);
#854=ORIENTED_EDGE('',*,*,#1626,.F.);
#855=ORIENTED_EDGE('',*,*,#1407,.F.);
#856=ORIENTED_EDGE('',*,*,#1550,.T.);
#857=ORIENTED_EDGE('',*,*,#1650,.F.);
#858=ORIENTED_EDGE('',*,*,#1596,.F.);
#859=ORIENTED_EDGE('',*,*,#1403,.F.);
#860=ORIENTED_EDGE('',*,*,#1520,.T.);
#861=ORIENTED_EDGE('',*,*,#1651,.F.);
#862=ORIENTED_EDGE('',*,*,#1566,.F.);
#863=ORIENTED_EDGE('',*,*,#1399,.F.);
#864=ORIENTED_EDGE('',*,*,#1490,.T.);
#865=ORIENTED_EDGE('',*,*,#1652,.F.);
#866=ORIENTED_EDGE('',*,*,#1536,.F.);
#867=ORIENTED_EDGE('',*,*,#1395,.F.);
#868=ORIENTED_EDGE('',*,*,#1460,.T.);
#869=ORIENTED_EDGE('',*,*,#1653,.F.);
#870=ORIENTED_EDGE('',*,*,#1506,.F.);
#871=ORIENTED_EDGE('',*,*,#1391,.F.);
#872=ORIENTED_EDGE('',*,*,#1443,.T.);
#873=ORIENTED_EDGE('',*,*,#1654,.F.);
#874=ORIENTED_EDGE('',*,*,#1476,.F.);
#875=ORIENTED_EDGE('',*,*,#1387,.F.);
#876=ORIENTED_EDGE('',*,*,#1655,.F.);
#877=ORIENTED_EDGE('',*,*,#1473,.F.);
#878=ORIENTED_EDGE('',*,*,#1480,.F.);
#879=ORIENTED_EDGE('',*,*,#1463,.F.);
#880=ORIENTED_EDGE('',*,*,#1656,.F.);
#881=ORIENTED_EDGE('',*,*,#1503,.F.);
#882=ORIENTED_EDGE('',*,*,#1510,.F.);
#883=ORIENTED_EDGE('',*,*,#1493,.F.);
#884=ORIENTED_EDGE('',*,*,#1657,.F.);
#885=ORIENTED_EDGE('',*,*,#1533,.F.);
#886=ORIENTED_EDGE('',*,*,#1540,.F.);
#887=ORIENTED_EDGE('',*,*,#1523,.F.);
#888=ORIENTED_EDGE('',*,*,#1658,.F.);
#889=ORIENTED_EDGE('',*,*,#1563,.F.);
#890=ORIENTED_EDGE('',*,*,#1570,.F.);
#891=ORIENTED_EDGE('',*,*,#1553,.F.);
#892=ORIENTED_EDGE('',*,*,#1659,.F.);
#893=ORIENTED_EDGE('',*,*,#1593,.F.);
#894=ORIENTED_EDGE('',*,*,#1600,.F.);
#895=ORIENTED_EDGE('',*,*,#1583,.F.);
#896=ORIENTED_EDGE('',*,*,#1660,.F.);
#897=ORIENTED_EDGE('',*,*,#1623,.F.);
#898=ORIENTED_EDGE('',*,*,#1630,.F.);
#899=ORIENTED_EDGE('',*,*,#1613,.F.);
#900=ORIENTED_EDGE('',*,*,#1661,.F.);
#901=ORIENTED_EDGE('',*,*,#1644,.F.);
#902=ORIENTED_EDGE('',*,*,#1636,.F.);
#903=ORIENTED_EDGE('',*,*,#1344,.T.);
#904=ORIENTED_EDGE('',*,*,#1662,.T.);
#905=ORIENTED_EDGE('',*,*,#1338,.F.);
#906=ORIENTED_EDGE('',*,*,#1450,.F.);
#907=ORIENTED_EDGE('',*,*,#1446,.F.);
#908=ORIENTED_EDGE('',*,*,#1663,.F.);
#909=ORIENTED_EDGE('',*,*,#1645,.F.);
#910=ORIENTED_EDGE('',*,*,#1661,.T.);
#911=ORIENTED_EDGE('',*,*,#1612,.F.);
#912=ORIENTED_EDGE('',*,*,#1409,.T.);
#913=ORIENTED_EDGE('',*,*,#1646,.F.);
#914=ORIENTED_EDGE('',*,*,#1663,.T.);
#915=ORIENTED_EDGE('',*,*,#1611,.F.);
#916=ORIENTED_EDGE('',*,*,#1664,.F.);
#917=ORIENTED_EDGE('',*,*,#1624,.F.);
#918=ORIENTED_EDGE('',*,*,#1660,.T.);
#919=ORIENTED_EDGE('',*,*,#1582,.F.);
#920=ORIENTED_EDGE('',*,*,#1405,.T.);
#921=ORIENTED_EDGE('',*,*,#1625,.F.);
#922=ORIENTED_EDGE('',*,*,#1664,.T.);
#923=ORIENTED_EDGE('',*,*,#1581,.F.);
#924=ORIENTED_EDGE('',*,*,#1665,.F.);
#925=ORIENTED_EDGE('',*,*,#1594,.F.);
#926=ORIENTED_EDGE('',*,*,#1659,.T.);
#927=ORIENTED_EDGE('',*,*,#1552,.F.);
#928=ORIENTED_EDGE('',*,*,#1401,.T.);
#929=ORIENTED_EDGE('',*,*,#1595,.F.);
#930=ORIENTED_EDGE('',*,*,#1665,.T.);
#931=ORIENTED_EDGE('',*,*,#1551,.F.);
#932=ORIENTED_EDGE('',*,*,#1666,.F.);
#933=ORIENTED_EDGE('',*,*,#1564,.F.);
#934=ORIENTED_EDGE('',*,*,#1658,.T.);
#935=ORIENTED_EDGE('',*,*,#1522,.F.);
#936=ORIENTED_EDGE('',*,*,#1397,.T.);
#937=ORIENTED_EDGE('',*,*,#1565,.F.);
#938=ORIENTED_EDGE('',*,*,#1666,.T.);
#939=ORIENTED_EDGE('',*,*,#1521,.F.);
#940=ORIENTED_EDGE('',*,*,#1667,.F.);
#941=ORIENTED_EDGE('',*,*,#1534,.F.);
#942=ORIENTED_EDGE('',*,*,#1657,.T.);
#943=ORIENTED_EDGE('',*,*,#1492,.F.);
#944=ORIENTED_EDGE('',*,*,#1393,.T.);
#945=ORIENTED_EDGE('',*,*,#1535,.F.);
#946=ORIENTED_EDGE('',*,*,#1667,.T.);
#947=ORIENTED_EDGE('',*,*,#1491,.F.);
#948=ORIENTED_EDGE('',*,*,#1668,.F.);
#949=ORIENTED_EDGE('',*,*,#1504,.F.);
#950=ORIENTED_EDGE('',*,*,#1656,.T.);
#951=ORIENTED_EDGE('',*,*,#1462,.F.);
#952=ORIENTED_EDGE('',*,*,#1389,.T.);
#953=ORIENTED_EDGE('',*,*,#1505,.F.);
#954=ORIENTED_EDGE('',*,*,#1668,.T.);
#955=ORIENTED_EDGE('',*,*,#1461,.F.);
#956=ORIENTED_EDGE('',*,*,#1669,.F.);
#957=ORIENTED_EDGE('',*,*,#1474,.F.);
#958=ORIENTED_EDGE('',*,*,#1655,.T.);
#959=ORIENTED_EDGE('',*,*,#1445,.F.);
#960=ORIENTED_EDGE('',*,*,#1385,.T.);
#961=ORIENTED_EDGE('',*,*,#1475,.F.);
#962=ORIENTED_EDGE('',*,*,#1669,.T.);
#963=ORIENTED_EDGE('',*,*,#1444,.F.);
#964=ORIENTED_EDGE('',*,*,#1339,.F.);
#965=ORIENTED_EDGE('',*,*,#1662,.F.);
#966=ORIENTED_EDGE('',*,*,#1343,.T.);
#967=ORIENTED_EDGE('',*,*,#1354,.T.);
#968=ORIENTED_EDGE('',*,*,#1670,.F.);
#969=ORIENTED_EDGE('',*,*,#1467,.F.);
#970=ORIENTED_EDGE('',*,*,#1478,.F.);
#971=ORIENTED_EDGE('',*,*,#1456,.F.);
#972=ORIENTED_EDGE('',*,*,#1671,.F.);
#973=ORIENTED_EDGE('',*,*,#1497,.F.);
#974=ORIENTED_EDGE('',*,*,#1508,.F.);
#975=ORIENTED_EDGE('',*,*,#1486,.F.);
#976=ORIENTED_EDGE('',*,*,#1672,.F.);
#977=ORIENTED_EDGE('',*,*,#1527,.F.);
#978=ORIENTED_EDGE('',*,*,#1538,.F.);
#979=ORIENTED_EDGE('',*,*,#1516,.F.);
#980=ORIENTED_EDGE('',*,*,#1673,.F.);
#981=ORIENTED_EDGE('',*,*,#1557,.F.);
#982=ORIENTED_EDGE('',*,*,#1568,.F.);
#983=ORIENTED_EDGE('',*,*,#1546,.F.);
#984=ORIENTED_EDGE('',*,*,#1674,.F.);
#985=ORIENTED_EDGE('',*,*,#1587,.F.);
#986=ORIENTED_EDGE('',*,*,#1598,.F.);
#987=ORIENTED_EDGE('',*,*,#1576,.F.);
#988=ORIENTED_EDGE('',*,*,#1675,.F.);
#989=ORIENTED_EDGE('',*,*,#1617,.F.);
#990=ORIENTED_EDGE('',*,*,#1628,.F.);
#991=ORIENTED_EDGE('',*,*,#1606,.F.);
#992=ORIENTED_EDGE('',*,*,#1676,.F.);
#993=ORIENTED_EDGE('',*,*,#1639,.F.);
#994=ORIENTED_EDGE('',*,*,#1633,.F.);
#995=ORIENTED_EDGE('',*,*,#1348,.T.);
#996=ORIENTED_EDGE('',*,*,#1677,.T.);
#997=ORIENTED_EDGE('',*,*,#1334,.F.);
#998=ORIENTED_EDGE('',*,*,#1448,.F.);
#999=ORIENTED_EDGE('',*,*,#1439,.F.);
#1000=ORIENTED_EDGE('',*,*,#1605,.T.);
#1001=ORIENTED_EDGE('',*,*,#1413,.F.);
#1002=ORIENTED_EDGE('',*,*,#1640,.T.);
#1003=ORIENTED_EDGE('',*,*,#1676,.T.);
#1004=ORIENTED_EDGE('',*,*,#1575,.T.);
#1005=ORIENTED_EDGE('',*,*,#1416,.F.);
#1006=ORIENTED_EDGE('',*,*,#1618,.T.);
#1007=ORIENTED_EDGE('',*,*,#1675,.T.);
#1008=ORIENTED_EDGE('',*,*,#1545,.T.);
#1009=ORIENTED_EDGE('',*,*,#1419,.F.);
#1010=ORIENTED_EDGE('',*,*,#1588,.T.);
#1011=ORIENTED_EDGE('',*,*,#1674,.T.);
#1012=ORIENTED_EDGE('',*,*,#1515,.T.);
#1013=ORIENTED_EDGE('',*,*,#1422,.F.);
#1014=ORIENTED_EDGE('',*,*,#1558,.T.);
#1015=ORIENTED_EDGE('',*,*,#1673,.T.);
#1016=ORIENTED_EDGE('',*,*,#1485,.T.);
#1017=ORIENTED_EDGE('',*,*,#1425,.F.);
#1018=ORIENTED_EDGE('',*,*,#1528,.T.);
#1019=ORIENTED_EDGE('',*,*,#1672,.T.);
#1020=ORIENTED_EDGE('',*,*,#1455,.T.);
#1021=ORIENTED_EDGE('',*,*,#1428,.F.);
#1022=ORIENTED_EDGE('',*,*,#1498,.T.);
#1023=ORIENTED_EDGE('',*,*,#1671,.T.);
#1024=ORIENTED_EDGE('',*,*,#1438,.T.);
#1025=ORIENTED_EDGE('',*,*,#1431,.F.);
#1026=ORIENTED_EDGE('',*,*,#1468,.T.);
#1027=ORIENTED_EDGE('',*,*,#1670,.T.);
#1028=ORIENTED_EDGE('',*,*,#1609,.T.);
#1029=ORIENTED_EDGE('',*,*,#1678,.F.);
#1030=ORIENTED_EDGE('',*,*,#1642,.T.);
#1031=ORIENTED_EDGE('',*,*,#1648,.T.);
#1032=ORIENTED_EDGE('',*,*,#1449,.F.);
#1033=ORIENTED_EDGE('',*,*,#1336,.F.);
#1034=ORIENTED_EDGE('',*,*,#1679,.F.);
#1035=ORIENTED_EDGE('',*,*,#1346,.T.);
#1036=ORIENTED_EDGE('',*,*,#1635,.F.);
#1037=ORIENTED_EDGE('',*,*,#1643,.F.);
#1038=ORIENTED_EDGE('',*,*,#1678,.T.);
#1039=ORIENTED_EDGE('',*,*,#1608,.F.);
#1040=ORIENTED_EDGE('',*,*,#1629,.F.);
#1041=ORIENTED_EDGE('',*,*,#1621,.F.);
#1042=ORIENTED_EDGE('',*,*,#1680,.T.);
#1043=ORIENTED_EDGE('',*,*,#1578,.F.);
#1044=ORIENTED_EDGE('',*,*,#1599,.F.);
#1045=ORIENTED_EDGE('',*,*,#1591,.F.);
#1046=ORIENTED_EDGE('',*,*,#1681,.T.);
#1047=ORIENTED_EDGE('',*,*,#1548,.F.);
#1048=ORIENTED_EDGE('',*,*,#1569,.F.);
#1049=ORIENTED_EDGE('',*,*,#1561,.F.);
#1050=ORIENTED_EDGE('',*,*,#1682,.T.);
#1051=ORIENTED_EDGE('',*,*,#1518,.F.);
#1052=ORIENTED_EDGE('',*,*,#1539,.F.);
#1053=ORIENTED_EDGE('',*,*,#1531,.F.);
#1054=ORIENTED_EDGE('',*,*,#1683,.T.);
#1055=ORIENTED_EDGE('',*,*,#1488,.F.);
#1056=ORIENTED_EDGE('',*,*,#1509,.F.);
#1057=ORIENTED_EDGE('',*,*,#1501,.F.);
#1058=ORIENTED_EDGE('',*,*,#1684,.T.);
#1059=ORIENTED_EDGE('',*,*,#1458,.F.);
#1060=ORIENTED_EDGE('',*,*,#1479,.F.);
#1061=ORIENTED_EDGE('',*,*,#1471,.F.);
#1062=ORIENTED_EDGE('',*,*,#1685,.T.);
#1063=ORIENTED_EDGE('',*,*,#1441,.F.);
#1064=ORIENTED_EDGE('',*,*,#1579,.T.);
#1065=ORIENTED_EDGE('',*,*,#1680,.F.);
#1066=ORIENTED_EDGE('',*,*,#1620,.T.);
#1067=ORIENTED_EDGE('',*,*,#1649,.T.);
#1068=ORIENTED_EDGE('',*,*,#1549,.T.);
#1069=ORIENTED_EDGE('',*,*,#1681,.F.);
#1070=ORIENTED_EDGE('',*,*,#1590,.T.);
#1071=ORIENTED_EDGE('',*,*,#1650,.T.);
#1072=ORIENTED_EDGE('',*,*,#1519,.T.);
#1073=ORIENTED_EDGE('',*,*,#1682,.F.);
#1074=ORIENTED_EDGE('',*,*,#1560,.T.);
#1075=ORIENTED_EDGE('',*,*,#1651,.T.);
#1076=ORIENTED_EDGE('',*,*,#1489,.T.);
#1077=ORIENTED_EDGE('',*,*,#1683,.F.);
#1078=ORIENTED_EDGE('',*,*,#1530,.T.);
#1079=ORIENTED_EDGE('',*,*,#1652,.T.);
#1080=ORIENTED_EDGE('',*,*,#1459,.T.);
#1081=ORIENTED_EDGE('',*,*,#1684,.F.);
#1082=ORIENTED_EDGE('',*,*,#1500,.T.);
#1083=ORIENTED_EDGE('',*,*,#1653,.T.);
#1084=ORIENTED_EDGE('',*,*,#1442,.T.);
#1085=ORIENTED_EDGE('',*,*,#1685,.F.);
#1086=ORIENTED_EDGE('',*,*,#1470,.T.);
#1087=ORIENTED_EDGE('',*,*,#1654,.T.);
#1088=ORIENTED_EDGE('',*,*,#1335,.F.);
#1089=ORIENTED_EDGE('',*,*,#1677,.F.);
#1090=ORIENTED_EDGE('',*,*,#1347,.T.);
#1091=ORIENTED_EDGE('',*,*,#1679,.T.);
#1092=ORIENTED_EDGE('',*,*,#1686,.F.);
#1093=ORIENTED_EDGE('',*,*,#1494,.F.);
#1094=ORIENTED_EDGE('',*,*,#1687,.T.);
#1095=ORIENTED_EDGE('',*,*,#1453,.F.);
#1096=ORIENTED_EDGE('',*,*,#1688,.F.);
#1097=ORIENTED_EDGE('',*,*,#1524,.F.);
#1098=ORIENTED_EDGE('',*,*,#1689,.T.);
#1099=ORIENTED_EDGE('',*,*,#1483,.F.);
#1100=ORIENTED_EDGE('',*,*,#1690,.F.);
#1101=ORIENTED_EDGE('',*,*,#1554,.F.);
#1102=ORIENTED_EDGE('',*,*,#1691,.T.);
#1103=ORIENTED_EDGE('',*,*,#1513,.F.);
#1104=ORIENTED_EDGE('',*,*,#1692,.F.);
#1105=ORIENTED_EDGE('',*,*,#1584,.F.);
#1106=ORIENTED_EDGE('',*,*,#1693,.T.);
#1107=ORIENTED_EDGE('',*,*,#1543,.F.);
#1108=ORIENTED_EDGE('',*,*,#1694,.F.);
#1109=ORIENTED_EDGE('',*,*,#1614,.F.);
#1110=ORIENTED_EDGE('',*,*,#1695,.T.);
#1111=ORIENTED_EDGE('',*,*,#1573,.F.);
#1112=ORIENTED_EDGE('',*,*,#1696,.F.);
#1113=ORIENTED_EDGE('',*,*,#1637,.F.);
#1114=ORIENTED_EDGE('',*,*,#1697,.T.);
#1115=ORIENTED_EDGE('',*,*,#1603,.F.);
#1116=ORIENTED_EDGE('',*,*,#1698,.F.);
#1117=ORIENTED_EDGE('',*,*,#1469,.F.);
#1118=ORIENTED_EDGE('',*,*,#1381,.T.);
#1119=ORIENTED_EDGE('',*,*,#1437,.F.);
#1120=ORIENTED_EDGE('',*,*,#1687,.F.);
#1121=ORIENTED_EDGE('',*,*,#1499,.F.);
#1122=ORIENTED_EDGE('',*,*,#1377,.T.);
#1123=ORIENTED_EDGE('',*,*,#1454,.F.);
#1124=ORIENTED_EDGE('',*,*,#1689,.F.);
#1125=ORIENTED_EDGE('',*,*,#1529,.F.);
#1126=ORIENTED_EDGE('',*,*,#1373,.T.);
#1127=ORIENTED_EDGE('',*,*,#1484,.F.);
#1128=ORIENTED_EDGE('',*,*,#1691,.F.);
#1129=ORIENTED_EDGE('',*,*,#1559,.F.);
#1130=ORIENTED_EDGE('',*,*,#1369,.T.);
#1131=ORIENTED_EDGE('',*,*,#1514,.F.);
#1132=ORIENTED_EDGE('',*,*,#1693,.F.);
#1133=ORIENTED_EDGE('',*,*,#1589,.F.);
#1134=ORIENTED_EDGE('',*,*,#1365,.T.);
#1135=ORIENTED_EDGE('',*,*,#1544,.F.);
#1136=ORIENTED_EDGE('',*,*,#1695,.F.);
#1137=ORIENTED_EDGE('',*,*,#1619,.F.);
#1138=ORIENTED_EDGE('',*,*,#1361,.T.);
#1139=ORIENTED_EDGE('',*,*,#1574,.F.);
#1140=ORIENTED_EDGE('',*,*,#1331,.F.);
#1141=ORIENTED_EDGE('',*,*,#1356,.F.);
#1142=ORIENTED_EDGE('',*,*,#1351,.T.);
#1143=ORIENTED_EDGE('',*,*,#1699,.T.);
#1144=ORIENTED_EDGE('',*,*,#1447,.F.);
#1145=ORIENTED_EDGE('',*,*,#1332,.F.);
#1146=ORIENTED_EDGE('',*,*,#1699,.F.);
#1147=ORIENTED_EDGE('',*,*,#1350,.T.);
#1148=ORIENTED_EDGE('',*,*,#1632,.F.);
#1149=ORIENTED_EDGE('',*,*,#1638,.F.);
#1150=ORIENTED_EDGE('',*,*,#1696,.T.);
#1151=ORIENTED_EDGE('',*,*,#1602,.F.);
#1152=ORIENTED_EDGE('',*,*,#1627,.F.);
#1153=ORIENTED_EDGE('',*,*,#1615,.F.);
#1154=ORIENTED_EDGE('',*,*,#1694,.T.);
#1155=ORIENTED_EDGE('',*,*,#1572,.F.);
#1156=ORIENTED_EDGE('',*,*,#1597,.F.);
#1157=ORIENTED_EDGE('',*,*,#1585,.F.);
#1158=ORIENTED_EDGE('',*,*,#1692,.T.);
#1159=ORIENTED_EDGE('',*,*,#1542,.F.);
#1160=ORIENTED_EDGE('',*,*,#1567,.F.);
#1161=ORIENTED_EDGE('',*,*,#1555,.F.);
#1162=ORIENTED_EDGE('',*,*,#1690,.T.);
#1163=ORIENTED_EDGE('',*,*,#1512,.F.);
#1164=ORIENTED_EDGE('',*,*,#1537,.F.);
#1165=ORIENTED_EDGE('',*,*,#1525,.F.);
#1166=ORIENTED_EDGE('',*,*,#1688,.T.);
#1167=ORIENTED_EDGE('',*,*,#1482,.F.);
#1168=ORIENTED_EDGE('',*,*,#1507,.F.);
#1169=ORIENTED_EDGE('',*,*,#1495,.F.);
#1170=ORIENTED_EDGE('',*,*,#1686,.T.);
#1171=ORIENTED_EDGE('',*,*,#1452,.F.);
#1172=ORIENTED_EDGE('',*,*,#1477,.F.);
#1173=ORIENTED_EDGE('',*,*,#1465,.F.);
#1174=ORIENTED_EDGE('',*,*,#1700,.T.);
#1175=ORIENTED_EDGE('',*,*,#1435,.F.);
#1176=ORIENTED_EDGE('',*,*,#1700,.F.);
#1177=ORIENTED_EDGE('',*,*,#1464,.F.);
#1178=ORIENTED_EDGE('',*,*,#1698,.T.);
#1179=ORIENTED_EDGE('',*,*,#1436,.F.);
#1180=ORIENTED_EDGE('',*,*,#1697,.F.);
#1181=ORIENTED_EDGE('',*,*,#1641,.F.);
#1182=ORIENTED_EDGE('',*,*,#1357,.T.);
#1183=ORIENTED_EDGE('',*,*,#1604,.F.);
#1184=ORIENTED_EDGE('',*,*,#1341,.T.);
#1185=ORIENTED_EDGE('',*,*,#1355,.F.);
#1186=ORIENTED_EDGE('',*,*,#1329,.T.);
#1187=ORIENTED_EDGE('',*,*,#1353,.F.);
#1188=EDGE_CURVE('',#1701,#1702,#2050,.T.);
#1189=EDGE_CURVE('',#1701,#1703,#2051,.T.);
#1190=EDGE_CURVE('',#1703,#1704,#2052,.T.);
#1191=EDGE_CURVE('',#1702,#1704,#2053,.T.);
#1192=EDGE_CURVE('',#1705,#1706,#2054,.T.);
#1193=EDGE_CURVE('',#1707,#1705,#2055,.T.);
#1194=EDGE_CURVE('',#1708,#1707,#2056,.T.);
#1195=EDGE_CURVE('',#1706,#1708,#2057,.T.);
#1196=EDGE_CURVE('',#1709,#1710,#2058,.T.);
#1197=EDGE_CURVE('',#1711,#1709,#2059,.T.);
#1198=EDGE_CURVE('',#1712,#1711,#2060,.T.);
#1199=EDGE_CURVE('',#1713,#1712,#2061,.T.);
#1200=EDGE_CURVE('',#1713,#1714,#2062,.T.);
#1201=EDGE_CURVE('',#1714,#1715,#2063,.T.);
#1202=EDGE_CURVE('',#1715,#1716,#2064,.T.);
#1203=EDGE_CURVE('',#1716,#1717,#2065,.T.);
#1204=EDGE_CURVE('',#1718,#1717,#2066,.T.);
#1205=EDGE_CURVE('',#1719,#1718,#2067,.T.);
#1206=EDGE_CURVE('',#1710,#1719,#2068,.T.);
#1207=EDGE_CURVE('',#1720,#1721,#2069,.T.);
#1208=EDGE_CURVE('',#1721,#1722,#2070,.T.);
#1209=EDGE_CURVE('',#1723,#1722,#2071,.T.);
#1210=EDGE_CURVE('',#1724,#1723,#2072,.T.);
#1211=EDGE_CURVE('',#1725,#1724,#2073,.T.);
#1212=EDGE_CURVE('',#1725,#1726,#2074,.T.);
#1213=EDGE_CURVE('',#1726,#1727,#2075,.T.);
#1214=EDGE_CURVE('',#1727,#1728,#2076,.T.);
#1215=EDGE_CURVE('',#1728,#1720,#2077,.T.);
#1216=EDGE_CURVE('',#1726,#1705,#2078,.T.);
#1217=EDGE_CURVE('',#1704,#1706,#2079,.T.);
#1218=EDGE_CURVE('',#1703,#1717,#2080,.T.);
#1219=EDGE_CURVE('',#1716,#1729,#2081,.T.);
#1220=EDGE_CURVE('',#1729,#1730,#2082,.T.);
#1221=EDGE_CURVE('',#1727,#1730,#2083,.T.);
#1222=EDGE_CURVE('',#1721,#1731,#2084,.T.);
#1223=EDGE_CURVE('',#1720,#1732,#2085,.T.);
#1224=EDGE_CURVE('',#1732,#1733,#2086,.T.);
#1225=EDGE_CURVE('',#1714,#1733,#2087,.T.);
#1226=EDGE_CURVE('',#1734,#1713,#2088,.T.);
#1227=EDGE_CURVE('',#1734,#1735,#2089,.T.);
#1228=EDGE_CURVE('',#1736,#1735,#2090,.T.);
#1229=EDGE_CURVE('',#1731,#1736,#2091,.T.);
#1230=EDGE_CURVE('',#1718,#1701,#2092,.T.);
#1231=EDGE_CURVE('',#1737,#1701,#2093,.T.);
#1232=EDGE_CURVE('',#1719,#1737,#2094,.T.);
#1233=EDGE_CURVE('',#1707,#1738,#2095,.T.);
#1234=EDGE_CURVE('',#1707,#1725,#2096,.T.);
#1235=EDGE_CURVE('',#1724,#1738,#2097,.T.);
#1236=EDGE_CURVE('',#1739,#1740,#2098,.T.);
#1237=EDGE_CURVE('',#1739,#1712,#2099,.T.);
#1238=EDGE_CURVE('',#1740,#1711,#2100,.T.);
#1239=EDGE_CURVE('',#1722,#1741,#2101,.T.);
#1240=EDGE_CURVE('',#1742,#1741,#2102,.T.);
#1241=EDGE_CURVE('',#1723,#1742,#2103,.T.);
#1242=EDGE_CURVE('',#1734,#1739,#2104,.T.);
#1243=EDGE_CURVE('',#1743,#1739,#2105,.T.);
#1244=EDGE_CURVE('',#1735,#1743,#2106,.T.);
#1245=EDGE_CURVE('',#1741,#1744,#2107,.T.);
#1246=EDGE_CURVE('',#1731,#1741,#2108,.T.);
#1247=EDGE_CURVE('',#1744,#1736,#2109,.T.);
#1248=EDGE_CURVE('',#1702,#1708,#2110,.T.);
#1249=EDGE_CURVE('',#1745,#1746,#2111,.T.);
#1250=EDGE_CURVE('',#1730,#1745,#2112,.T.);
#1251=EDGE_CURVE('',#1746,#1729,#2113,.T.);
#1252=EDGE_CURVE('',#1747,#1748,#2114,.T.);
#1253=EDGE_CURVE('',#1748,#1749,#2115,.T.);
#1254=EDGE_CURVE('',#1749,#1750,#2116,.T.);
#1255=EDGE_CURVE('',#1746,#1750,#2117,.T.);
#1256=EDGE_CURVE('',#1715,#1747,#2118,.T.);
#1257=EDGE_CURVE('',#1751,#1752,#2119,.T.);
#1258=EDGE_CURVE('',#1751,#1753,#2120,.T.);
#1259=EDGE_CURVE('',#1753,#1754,#2121,.T.);
#1260=EDGE_CURVE('',#1728,#1754,#2122,.T.);
#1261=EDGE_CURVE('',#1752,#1745,#2123,.T.);
#1262=EDGE_CURVE('',#1754,#1732,#2124,.T.);
#1263=EDGE_CURVE('',#1733,#1747,#2125,.T.);
#1264=EDGE_CURVE('',#1753,#1748,#2126,.T.);
#1265=EDGE_CURVE('',#1710,#1755,#2127,.T.);
#1266=EDGE_CURVE('',#1755,#1737,#2128,.T.);
#1267=EDGE_CURVE('',#1738,#1742,#2129,.T.);
#1268=EDGE_CURVE('',#1756,#1752,#2130,.T.);
#1269=EDGE_CURVE('',#1757,#1756,#2131,.T.);
#1270=EDGE_CURVE('',#1757,#1751,#2132,.T.);
#1271=EDGE_CURVE('',#1750,#1758,#2133,.T.);
#1272=EDGE_CURVE('',#1749,#1759,#2134,.T.);
#1273=EDGE_CURVE('',#1759,#1758,#2135,.T.);
#1274=EDGE_CURVE('',#1758,#1756,#2136,.T.);
#1275=EDGE_CURVE('',#1759,#1757,#2137,.T.);
#1276=EDGE_CURVE('',#1744,#1743,#2138,.T.);
#1277=EDGE_CURVE('',#1760,#1761,#2139,.T.);
#1278=EDGE_CURVE('',#1760,#1755,#2140,.T.);
#1279=EDGE_CURVE('',#1761,#1737,#2141,.T.);
#1280=EDGE_CURVE('',#1762,#1738,#2142,.T.);
#1281=EDGE_CURVE('',#1761,#1762,#2143,.T.);
#1282=EDGE_CURVE('',#1763,#1742,#2144,.T.);
#1283=EDGE_CURVE('',#1762,#1763,#2145,.T.);
#1284=EDGE_CURVE('',#1764,#1740,#2146,.T.);
#1285=EDGE_CURVE('',#1763,#1764,#2147,.T.);
#1286=EDGE_CURVE('',#1765,#1764,#2148,.T.);
#1287=EDGE_CURVE('',#1765,#1760,#2149,.T.);
#1288=EDGE_CURVE('',#1709,#1765,#2150,.T.);
#1289=EDGE_CURVE('',#1766,#1767,#2151,.T.);
#1290=EDGE_CURVE('',#1766,#1768,#2152,.T.);
#1291=EDGE_CURVE('',#1769,#1768,#2153,.T.);
#1292=EDGE_CURVE('',#1769,#1767,#2154,.T.);
#1293=EDGE_CURVE('',#1770,#1771,#2155,.T.);
#1294=EDGE_CURVE('',#1772,#1770,#2156,.T.);
#1295=EDGE_CURVE('',#1773,#1772,#2157,.T.);
#1296=EDGE_CURVE('',#1771,#1773,#2158,.T.);
#1297=EDGE_CURVE('',#1766,#1771,#2159,.T.);
#1298=EDGE_CURVE('',#1768,#1773,#2160,.T.);
#1299=EDGE_CURVE('',#1770,#1767,#2161,.T.);
#1300=EDGE_CURVE('',#1772,#1769,#2162,.T.);
#1301=EDGE_CURVE('',#1774,#1774,#60,.T.);
#1302=EDGE_CURVE('',#1775,#1775,#61,.T.);
#1303=EDGE_CURVE('',#1776,#1776,#62,.T.);
#1304=EDGE_CURVE('',#1777,#1777,#63,.T.);
#1305=EDGE_CURVE('',#1778,#1778,#64,.T.);
#1306=EDGE_CURVE('',#1779,#1779,#65,.T.);
#1307=EDGE_CURVE('',#1780,#1780,#66,.T.);
#1308=EDGE_CURVE('',#1781,#1781,#67,.T.);
#1309=EDGE_CURVE('',#1782,#1782,#68,.T.);
#1310=EDGE_CURVE('',#1783,#1783,#69,.T.);
#1311=EDGE_CURVE('',#1784,#1784,#70,.T.);
#1312=EDGE_CURVE('',#1785,#1785,#71,.T.);
#1313=EDGE_CURVE('',#1786,#1786,#72,.T.);
#1314=EDGE_CURVE('',#1787,#1787,#73,.T.);
#1315=EDGE_CURVE('',#1788,#1788,#74,.F.);
#1316=EDGE_CURVE('',#1789,#1789,#75,.F.);
#1317=EDGE_CURVE('',#1790,#1790,#76,.F.);
#1318=EDGE_CURVE('',#1791,#1791,#77,.F.);
#1319=EDGE_CURVE('',#1792,#1792,#78,.F.);
#1320=EDGE_CURVE('',#1793,#1793,#79,.F.);
#1321=EDGE_CURVE('',#1794,#1794,#80,.F.);
#1322=EDGE_CURVE('',#1795,#1795,#81,.F.);
#1323=EDGE_CURVE('',#1796,#1796,#82,.F.);
#1324=EDGE_CURVE('',#1797,#1797,#83,.F.);
#1325=EDGE_CURVE('',#1798,#1798,#84,.F.);
#1326=EDGE_CURVE('',#1799,#1799,#85,.F.);
#1327=EDGE_CURVE('',#1800,#1800,#86,.F.);
#1328=EDGE_CURVE('',#1801,#1801,#87,.F.);
#1329=EDGE_CURVE('',#1802,#1803,#2163,.T.);
#1330=EDGE_CURVE('',#1802,#1804,#2164,.T.);
#1331=EDGE_CURVE('',#1804,#1805,#2165,.T.);
#1332=EDGE_CURVE('',#1805,#1806,#2166,.T.);
#1333=EDGE_CURVE('',#1807,#1806,#2167,.T.);
#1334=EDGE_CURVE('',#1807,#1808,#2168,.T.);
#1335=EDGE_CURVE('',#1808,#1809,#2169,.T.);
#1336=EDGE_CURVE('',#1809,#1810,#2170,.T.);
#1337=EDGE_CURVE('',#1811,#1810,#2171,.T.);
#1338=EDGE_CURVE('',#1811,#1812,#2172,.T.);
#1339=EDGE_CURVE('',#1812,#1813,#2173,.T.);
#1340=EDGE_CURVE('',#1813,#1803,#2174,.T.);
#1341=EDGE_CURVE('',#1814,#1815,#2175,.T.);
#1342=EDGE_CURVE('',#1816,#1814,#2176,.T.);
#1343=EDGE_CURVE('',#1817,#1816,#2177,.T.);
#1344=EDGE_CURVE('',#1818,#1817,#2178,.T.);
#1345=EDGE_CURVE('',#1819,#1818,#2179,.T.);
#1346=EDGE_CURVE('',#1820,#1819,#2180,.T.);
#1347=EDGE_CURVE('',#1821,#1820,#2181,.T.);
#1348=EDGE_CURVE('',#1822,#1821,#2182,.T.);
#1349=EDGE_CURVE('',#1823,#1822,#2183,.T.);
#1350=EDGE_CURVE('',#1824,#1823,#2184,.T.);
#1351=EDGE_CURVE('',#1825,#1824,#2185,.T.);
#1352=EDGE_CURVE('',#1815,#1825,#2186,.T.);
#1353=EDGE_CURVE('',#1814,#1803,#2187,.T.);
#1354=EDGE_CURVE('',#1816,#1813,#2188,.T.);
#1355=EDGE_CURVE('',#1802,#1815,#2189,.T.);
#1356=EDGE_CURVE('',#1825,#1804,#2190,.T.);
#1357=EDGE_CURVE('',#1826,#1827,#2191,.T.);
#1358=EDGE_CURVE('',#1828,#1826,#2192,.T.);
#1359=EDGE_CURVE('',#1828,#1829,#2193,.T.);
#1360=EDGE_CURVE('',#1827,#1829,#2194,.T.);
#1361=EDGE_CURVE('',#1830,#1831,#2195,.T.);
#1362=EDGE_CURVE('',#1832,#1830,#2196,.T.);
#1363=EDGE_CURVE('',#1832,#1833,#2197,.T.);
#1364=EDGE_CURVE('',#1831,#1833,#2198,.T.);
#1365=EDGE_CURVE('',#1834,#1835,#2199,.T.);
#1366=EDGE_CURVE('',#1836,#1834,#2200,.T.);
#1367=EDGE_CURVE('',#1836,#1837,#2201,.T.);
#1368=EDGE_CURVE('',#1835,#1837,#2202,.T.);
#1369=EDGE_CURVE('',#1838,#1839,#2203,.T.);
#1370=EDGE_CURVE('',#1840,#1838,#2204,.T.);
#1371=EDGE_CURVE('',#1840,#1841,#2205,.T.);
#1372=EDGE_CURVE('',#1839,#1841,#2206,.T.);
#1373=EDGE_CURVE('',#1842,#1843,#2207,.T.);
#1374=EDGE_CURVE('',#1844,#1842,#2208,.T.);
#1375=EDGE_CURVE('',#1844,#1845,#2209,.T.);
#1376=EDGE_CURVE('',#1843,#1845,#2210,.T.);
#1377=EDGE_CURVE('',#1846,#1847,#2211,.T.);
#1378=EDGE_CURVE('',#1848,#1846,#2212,.T.);
#1379=EDGE_CURVE('',#1848,#1849,#2213,.T.);
#1380=EDGE_CURVE('',#1847,#1849,#2214,.T.);
#1381=EDGE_CURVE('',#1850,#1851,#2215,.T.);
#1382=EDGE_CURVE('',#1852,#1850,#2216,.T.);
#1383=EDGE_CURVE('',#1852,#1853,#2217,.T.);
#1384=EDGE_CURVE('',#1851,#1853,#2218,.T.);
#1385=EDGE_CURVE('',#1854,#1855,#2219,.T.);
#1386=EDGE_CURVE('',#1856,#1854,#2220,.T.);
#1387=EDGE_CURVE('',#1856,#1857,#2221,.T.);
#1388=EDGE_CURVE('',#1855,#1857,#2222,.T.);
#1389=EDGE_CURVE('',#1858,#1859,#2223,.T.);
#1390=EDGE_CURVE('',#1860,#1858,#2224,.T.);
#1391=EDGE_CURVE('',#1860,#1861,#2225,.T.);
#1392=EDGE_CURVE('',#1859,#1861,#2226,.T.);
#1393=EDGE_CURVE('',#1862,#1863,#2227,.T.);
#1394=EDGE_CURVE('',#1864,#1862,#2228,.T.);
#1395=EDGE_CURVE('',#1864,#1865,#2229,.T.);
#1396=EDGE_CURVE('',#1863,#1865,#2230,.T.);
#1397=EDGE_CURVE('',#1866,#1867,#2231,.T.);
#1398=EDGE_CURVE('',#1868,#1866,#2232,.T.);
#1399=EDGE_CURVE('',#1868,#1869,#2233,.T.);
#1400=EDGE_CURVE('',#1867,#1869,#2234,.T.);
#1401=EDGE_CURVE('',#1870,#1871,#2235,.T.);
#1402=EDGE_CURVE('',#1872,#1870,#2236,.T.);
#1403=EDGE_CURVE('',#1872,#1873,#2237,.T.);
#1404=EDGE_CURVE('',#1871,#1873,#2238,.T.);
#1405=EDGE_CURVE('',#1874,#1875,#2239,.T.);
#1406=EDGE_CURVE('',#1876,#1874,#2240,.T.);
#1407=EDGE_CURVE('',#1876,#1877,#2241,.T.);
#1408=EDGE_CURVE('',#1875,#1877,#2242,.T.);
#1409=EDGE_CURVE('',#1878,#1879,#2243,.T.);
#1410=EDGE_CURVE('',#1880,#1878,#2244,.T.);
#1411=EDGE_CURVE('',#1880,#1881,#2245,.T.);
#1412=EDGE_CURVE('',#1879,#1881,#2246,.T.);
#1413=EDGE_CURVE('',#1882,#1883,#2247,.T.);
#1414=EDGE_CURVE('',#1883,#1829,#2248,.T.);
#1415=EDGE_CURVE('',#1882,#1828,#2249,.T.);
#1416=EDGE_CURVE('',#1884,#1885,#2250,.T.);
#1417=EDGE_CURVE('',#1885,#1833,#2251,.T.);
#1418=EDGE_CURVE('',#1884,#1832,#2252,.T.);
#1419=EDGE_CURVE('',#1886,#1887,#2253,.T.);
#1420=EDGE_CURVE('',#1887,#1837,#2254,.T.);
#1421=EDGE_CURVE('',#1886,#1836,#2255,.T.);
#1422=EDGE_CURVE('',#1888,#1889,#2256,.T.);
#1423=EDGE_CURVE('',#1889,#1841,#2257,.T.);
#1424=EDGE_CURVE('',#1888,#1840,#2258,.T.);
#1425=EDGE_CURVE('',#1890,#1891,#2259,.T.);
#1426=EDGE_CURVE('',#1891,#1845,#2260,.T.);
#1427=EDGE_CURVE('',#1890,#1844,#2261,.T.);
#1428=EDGE_CURVE('',#1892,#1893,#2262,.T.);
#1429=EDGE_CURVE('',#1893,#1849,#2263,.T.);
#1430=EDGE_CURVE('',#1892,#1848,#2264,.T.);
#1431=EDGE_CURVE('',#1894,#1895,#2265,.T.);
#1432=EDGE_CURVE('',#1895,#1853,#2266,.T.);
#1433=EDGE_CURVE('',#1894,#1852,#2267,.T.);
#1434=EDGE_CURVE('',#1896,#1897,#2268,.T.);
#1435=EDGE_CURVE('',#1897,#1898,#2269,.T.);
#1436=EDGE_CURVE('',#1898,#1899,#88,.F.);
#1437=EDGE_CURVE('',#1899,#1851,#2270,.T.);
#1438=EDGE_CURVE('',#1900,#1895,#89,.F.);
#1439=EDGE_CURVE('',#1900,#1896,#2271,.T.);
#1440=EDGE_CURVE('',#1901,#1902,#2272,.T.);
#1441=EDGE_CURVE('',#1902,#1903,#2273,.T.);
#1442=EDGE_CURVE('',#1904,#1903,#90,.F.);
#1443=EDGE_CURVE('',#1856,#1904,#2274,.T.);
#1444=EDGE_CURVE('',#1854,#1905,#2275,.T.);
#1445=EDGE_CURVE('',#1905,#1906,#91,.F.);
#1446=EDGE_CURVE('',#1906,#1901,#2276,.T.);
#1447=EDGE_CURVE('',#1806,#1897,#2277,.T.);
#1448=EDGE_CURVE('',#1896,#1807,#2278,.T.);
#1449=EDGE_CURVE('',#1810,#1902,#2279,.T.);
#1450=EDGE_CURVE('',#1901,#1811,#2280,.T.);
#1451=EDGE_CURVE('',#1907,#1908,#2281,.T.);
#1452=EDGE_CURVE('',#1908,#1909,#2282,.T.);
#1453=EDGE_CURVE('',#1909,#1910,#92,.F.);
#1454=EDGE_CURVE('',#1910,#1847,#2283,.T.);
#1455=EDGE_CURVE('',#1911,#1893,#93,.F.);
#1456=EDGE_CURVE('',#1911,#1907,#2284,.T.);
#1457=EDGE_CURVE('',#1912,#1913,#2285,.T.);
#1458=EDGE_CURVE('',#1913,#1914,#2286,.T.);
#1459=EDGE_CURVE('',#1915,#1914,#94,.F.);
#1460=EDGE_CURVE('',#1860,#1915,#2287,.T.);
#1461=EDGE_CURVE('',#1858,#1916,#2288,.T.);
#1462=EDGE_CURVE('',#1916,#1917,#95,.F.);
#1463=EDGE_CURVE('',#1917,#1912,#2289,.T.);
#1464=EDGE_CURVE('',#1918,#1919,#96,.F.);
#1465=EDGE_CURVE('',#1919,#1920,#2290,.T.);
#1466=EDGE_CURVE('',#1921,#1920,#2291,.T.);
#1467=EDGE_CURVE('',#1921,#1922,#2292,.T.);
#1468=EDGE_CURVE('',#1894,#1922,#97,.F.);
#1469=EDGE_CURVE('',#1850,#1918,#2293,.T.);
#1470=EDGE_CURVE('',#1923,#1924,#98,.F.);
#1471=EDGE_CURVE('',#1923,#1925,#2294,.T.);
#1472=EDGE_CURVE('',#1926,#1925,#2295,.T.);
#1473=EDGE_CURVE('',#1926,#1927,#2296,.T.);
#1474=EDGE_CURVE('',#1927,#1928,#99,.F.);
#1475=EDGE_CURVE('',#1928,#1855,#2297,.T.);
#1476=EDGE_CURVE('',#1857,#1924,#2298,.T.);
#1477=EDGE_CURVE('',#1920,#1908,#2299,.T.);
#1478=EDGE_CURVE('',#1907,#1921,#2300,.T.);
#1479=EDGE_CURVE('',#1925,#1913,#2301,.T.);
#1480=EDGE_CURVE('',#1912,#1926,#2302,.T.);
#1481=EDGE_CURVE('',#1929,#1930,#2303,.T.);
#1482=EDGE_CURVE('',#1930,#1931,#2304,.T.);
#1483=EDGE_CURVE('',#1931,#1932,#100,.F.);
#1484=EDGE_CURVE('',#1932,#1843,#2305,.T.);
#1485=EDGE_CURVE('',#1933,#1891,#101,.F.);
#1486=EDGE_CURVE('',#1933,#1929,#2306,.T.);
#1487=EDGE_CURVE('',#1934,#1935,#2307,.T.);
#1488=EDGE_CURVE('',#1935,#1936,#2308,.T.);
#1489=EDGE_CURVE('',#1937,#1936,#102,.F.);
#1490=EDGE_CURVE('',#1864,#1937,#2309,.T.);
#1491=EDGE_CURVE('',#1862,#1938,#2310,.T.);
#1492=EDGE_CURVE('',#1938,#1939,#103,.F.);
#1493=EDGE_CURVE('',#1939,#1934,#2311,.T.);
#1494=EDGE_CURVE('',#1940,#1941,#104,.F.);
#1495=EDGE_CURVE('',#1941,#1942,#2312,.T.);
#1496=EDGE_CURVE('',#1943,#1942,#2313,.T.);
#1497=EDGE_CURVE('',#1943,#1944,#2314,.T.);
#1498=EDGE_CURVE('',#1892,#1944,#105,.F.);
#1499=EDGE_CURVE('',#1846,#1940,#2315,.T.);
#1500=EDGE_CURVE('',#1945,#1946,#106,.F.);
#1501=EDGE_CURVE('',#1945,#1947,#2316,.T.);
#1502=EDGE_CURVE('',#1948,#1947,#2317,.T.);
#1503=EDGE_CURVE('',#1948,#1949,#2318,.T.);
#1504=EDGE_CURVE('',#1949,#1950,#107,.F.);
#1505=EDGE_CURVE('',#1950,#1859,#2319,.T.);
#1506=EDGE_CURVE('',#1861,#1946,#2320,.T.);
#1507=EDGE_CURVE('',#1942,#1930,#2321,.T.);
#1508=EDGE_CURVE('',#1929,#1943,#2322,.T.);
#1509=EDGE_CURVE('',#1947,#1935,#2323,.T.);
#1510=EDGE_CURVE('',#1934,#1948,#2324,.T.);
#1511=EDGE_CURVE('',#1951,#1952,#2325,.T.);
#1512=EDGE_CURVE('',#1952,#1953,#2326,.T.);
#1513=EDGE_CURVE('',#1953,#1954,#108,.F.);
#1514=EDGE_CURVE('',#1954,#1839,#2327,.T.);
#1515=EDGE_CURVE('',#1955,#1889,#109,.F.);
#1516=EDGE_CURVE('',#1955,#1951,#2328,.T.);
#1517=EDGE_CURVE('',#1956,#1957,#2329,.T.);
#1518=EDGE_CURVE('',#1957,#1958,#2330,.T.);
#1519=EDGE_CURVE('',#1959,#1958,#110,.F.);
#1520=EDGE_CURVE('',#1868,#1959,#2331,.T.);
#1521=EDGE_CURVE('',#1866,#1960,#2332,.T.);
#1522=EDGE_CURVE('',#1960,#1961,#111,.F.);
#1523=EDGE_CURVE('',#1961,#1956,#2333,.T.);
#1524=EDGE_CURVE('',#1962,#1963,#112,.F.);
#1525=EDGE_CURVE('',#1963,#1964,#2334,.T.);
#1526=EDGE_CURVE('',#1965,#1964,#2335,.T.);
#1527=EDGE_CURVE('',#1965,#1966,#2336,.T.);
#1528=EDGE_CURVE('',#1890,#1966,#113,.F.);
#1529=EDGE_CURVE('',#1842,#1962,#2337,.T.);
#1530=EDGE_CURVE('',#1967,#1968,#114,.F.);
#1531=EDGE_CURVE('',#1967,#1969,#2338,.T.);
#1532=EDGE_CURVE('',#1970,#1969,#2339,.T.);
#1533=EDGE_CURVE('',#1970,#1971,#2340,.T.);
#1534=EDGE_CURVE('',#1971,#1972,#115,.F.);
#1535=EDGE_CURVE('',#1972,#1863,#2341,.T.);
#1536=EDGE_CURVE('',#1865,#1968,#2342,.T.);
#1537=EDGE_CURVE('',#1964,#1952,#2343,.T.);
#1538=EDGE_CURVE('',#1951,#1965,#2344,.T.);
#1539=EDGE_CURVE('',#1969,#1957,#2345,.T.);
#1540=EDGE_CURVE('',#1956,#1970,#2346,.T.);
#1541=EDGE_CURVE('',#1973,#1974,#2347,.T.);
#1542=EDGE_CURVE('',#1974,#1975,#2348,.T.);
#1543=EDGE_CURVE('',#1975,#1976,#116,.F.);
#1544=EDGE_CURVE('',#1976,#1835,#2349,.T.);
#1545=EDGE_CURVE('',#1977,#1887,#117,.F.);
#1546=EDGE_CURVE('',#1977,#1973,#2350,.T.);
#1547=EDGE_CURVE('',#1978,#1979,#2351,.T.);
#1548=EDGE_CURVE('',#1979,#1980,#2352,.T.);
#1549=EDGE_CURVE('',#1981,#1980,#118,.F.);
#1550=EDGE_CURVE('',#1872,#1981,#2353,.T.);
#1551=EDGE_CURVE('',#1870,#1982,#2354,.T.);
#1552=EDGE_CURVE('',#1982,#1983,#119,.F.);
#1553=EDGE_CURVE('',#1983,#1978,#2355,.T.);
#1554=EDGE_CURVE('',#1984,#1985,#120,.F.);
#1555=EDGE_CURVE('',#1985,#1986,#2356,.T.);
#1556=EDGE_CURVE('',#1987,#1986,#2357,.T.);
#1557=EDGE_CURVE('',#1987,#1988,#2358,.T.);
#1558=EDGE_CURVE('',#1888,#1988,#121,.F.);
#1559=EDGE_CURVE('',#1838,#1984,#2359,.T.);
#1560=EDGE_CURVE('',#1989,#1990,#122,.F.);
#1561=EDGE_CURVE('',#1989,#1991,#2360,.T.);
#1562=EDGE_CURVE('',#1992,#1991,#2361,.T.);
#1563=EDGE_CURVE('',#1992,#1993,#2362,.T.);
#1564=EDGE_CURVE('',#1993,#1994,#123,.F.);
#1565=EDGE_CURVE('',#1994,#1867,#2363,.T.);
#1566=EDGE_CURVE('',#1869,#1990,#2364,.T.);
#1567=EDGE_CURVE('',#1986,#1974,#2365,.T.);
#1568=EDGE_CURVE('',#1973,#1987,#2366,.T.);
#1569=EDGE_CURVE('',#1991,#1979,#2367,.T.);
#1570=EDGE_CURVE('',#1978,#1992,#2368,.T.);
#1571=EDGE_CURVE('',#1995,#1996,#2369,.T.);
#1572=EDGE_CURVE('',#1996,#1997,#2370,.T.);
#1573=EDGE_CURVE('',#1997,#1998,#124,.F.);
#1574=EDGE_CURVE('',#1998,#1831,#2371,.T.);
#1575=EDGE_CURVE('',#1999,#1885,#125,.F.);
#1576=EDGE_CURVE('',#1999,#1995,#2372,.T.);
#1577=EDGE_CURVE('',#2000,#2001,#2373,.T.);
#1578=EDGE_CURVE('',#2001,#2002,#2374,.T.);
#1579=EDGE_CURVE('',#2003,#2002,#126,.F.);
#1580=EDGE_CURVE('',#1876,#2003,#2375,.T.);
#1581=EDGE_CURVE('',#1874,#2004,#2376,.T.);
#1582=EDGE_CURVE('',#2004,#2005,#127,.F.);
#1583=EDGE_CURVE('',#2005,#2000,#2377,.T.);
#1584=EDGE_CURVE('',#2006,#2007,#128,.F.);
#1585=EDGE_CURVE('',#2007,#2008,#2378,.T.);
#1586=EDGE_CURVE('',#2009,#2008,#2379,.T.);
#1587=EDGE_CURVE('',#2009,#2010,#2380,.T.);
#1588=EDGE_CURVE('',#1886,#2010,#129,.F.);
#1589=EDGE_CURVE('',#1834,#2006,#2381,.T.);
#1590=EDGE_CURVE('',#2011,#2012,#130,.F.);
#1591=EDGE_CURVE('',#2011,#2013,#2382,.T.);
#1592=EDGE_CURVE('',#2014,#2013,#2383,.T.);
#1593=EDGE_CURVE('',#2014,#2015,#2384,.T.);
#1594=EDGE_CURVE('',#2015,#2016,#131,.F.);
#1595=EDGE_CURVE('',#2016,#1871,#2385,.T.);
#1596=EDGE_CURVE('',#1873,#2012,#2386,.T.);
#1597=EDGE_CURVE('',#2008,#1996,#2387,.T.);
#1598=EDGE_CURVE('',#1995,#2009,#2388,.T.);
#1599=EDGE_CURVE('',#2013,#2001,#2389,.T.);
#1600=EDGE_CURVE('',#2000,#2014,#2390,.T.);
#1601=EDGE_CURVE('',#2017,#2018,#2391,.T.);
#1602=EDGE_CURVE('',#2018,#2019,#2392,.T.);
#1603=EDGE_CURVE('',#2019,#2020,#132,.F.);
#1604=EDGE_CURVE('',#2020,#1827,#2393,.T.);
#1605=EDGE_CURVE('',#2021,#1883,#133,.F.);
#1606=EDGE_CURVE('',#2021,#2017,#2394,.T.);
#1607=EDGE_CURVE('',#2022,#2023,#2395,.T.);
#1608=EDGE_CURVE('',#2023,#2024,#2396,.T.);
#1609=EDGE_CURVE('',#2025,#2024,#134,.F.);
#1610=EDGE_CURVE('',#1880,#2025,#2397,.T.);
#1611=EDGE_CURVE('',#1878,#2026,#2398,.T.);
#1612=EDGE_CURVE('',#2026,#2027,#135,.F.);
#1613=EDGE_CURVE('',#2027,#2022,#2399,.T.);
#1614=EDGE_CURVE('',#2028,#2029,#136,.F.);
#1615=EDGE_CURVE('',#2029,#2030,#2400,.T.);
#1616=EDGE_CURVE('',#2031,#2030,#2401,.T.);
#1617=EDGE_CURVE('',#2031,#2032,#2402,.T.);
#1618=EDGE_CURVE('',#1884,#2032,#137,.F.);
#1619=EDGE_CURVE('',#1830,#2028,#2403,.T.);
#1620=EDGE_CURVE('',#2033,#2034,#138,.F.);
#1621=EDGE_CURVE('',#2033,#2035,#2404,.T.);
#1622=EDGE_CURVE('',#2036,#2035,#2405,.T.);
#1623=EDGE_CURVE('',#2036,#2037,#2406,.T.);
#1624=EDGE_CURVE('',#2037,#2038,#139,.F.);
#1625=EDGE_CURVE('',#2038,#1875,#2407,.T.);
#1626=EDGE_CURVE('',#1877,#2034,#2408,.T.);
#1627=EDGE_CURVE('',#2030,#2018,#2409,.T.);
#1628=EDGE_CURVE('',#2017,#2031,#2410,.T.);
#1629=EDGE_CURVE('',#2035,#2023,#2411,.T.);
#1630=EDGE_CURVE('',#2022,#2036,#2412,.T.);
#1631=EDGE_CURVE('',#2039,#2040,#2413,.T.);
#1632=EDGE_CURVE('',#2040,#1823,#2414,.T.);
#1633=EDGE_CURVE('',#1822,#2039,#2415,.T.);
#1634=EDGE_CURVE('',#2041,#2042,#2416,.T.);
#1635=EDGE_CURVE('',#2042,#1819,#2417,.T.);
#1636=EDGE_CURVE('',#1818,#2041,#2418,.T.);
#1637=EDGE_CURVE('',#2043,#2044,#140,.F.);
#1638=EDGE_CURVE('',#2044,#2040,#2419,.T.);
#1639=EDGE_CURVE('',#2039,#2045,#2420,.T.);
#1640=EDGE_CURVE('',#1882,#2045,#141,.F.);
#1641=EDGE_CURVE('',#1826,#2043,#2421,.T.);
#1642=EDGE_CURVE('',#2046,#2047,#142,.F.);
#1643=EDGE_CURVE('',#2046,#2042,#2422,.T.);
#1644=EDGE_CURVE('',#2041,#2048,#2423,.T.);
#1645=EDGE_CURVE('',#2048,#2049,#143,.F.);
#1646=EDGE_CURVE('',#2049,#1879,#2424,.T.);
#1647=EDGE_CURVE('',#1881,#2047,#2425,.T.);
#1648=EDGE_CURVE('',#2047,#2025,#2426,.T.);
#1649=EDGE_CURVE('',#2034,#2003,#2427,.T.);
#1650=EDGE_CURVE('',#2012,#1981,#2428,.T.);
#1651=EDGE_CURVE('',#1990,#1959,#2429,.T.);
#1652=EDGE_CURVE('',#1968,#1937,#2430,.T.);
#1653=EDGE_CURVE('',#1946,#1915,#2431,.T.);
#1654=EDGE_CURVE('',#1924,#1904,#2432,.T.);
#1655=EDGE_CURVE('',#1927,#1906,#2433,.T.);
#1656=EDGE_CURVE('',#1949,#1917,#2434,.T.);
#1657=EDGE_CURVE('',#1971,#1939,#2435,.T.);
#1658=EDGE_CURVE('',#1993,#1961,#2436,.T.);
#1659=EDGE_CURVE('',#2015,#1983,#2437,.T.);
#1660=EDGE_CURVE('',#2037,#2005,#2438,.T.);
#1661=EDGE_CURVE('',#2048,#2027,#2439,.T.);
#1662=EDGE_CURVE('',#1817,#1812,#2440,.T.);
#1663=EDGE_CURVE('',#2049,#2026,#2441,.T.);
#1664=EDGE_CURVE('',#2038,#2004,#2442,.T.);
#1665=EDGE_CURVE('',#2016,#1982,#2443,.T.);
#1666=EDGE_CURVE('',#1994,#1960,#2444,.T.);
#1667=EDGE_CURVE('',#1972,#1938,#2445,.T.);
#1668=EDGE_CURVE('',#1950,#1916,#2446,.T.);
#1669=EDGE_CURVE('',#1928,#1905,#2447,.T.);
#1670=EDGE_CURVE('',#1922,#1900,#2448,.T.);
#1671=EDGE_CURVE('',#1944,#1911,#2449,.T.);
#1672=EDGE_CURVE('',#1966,#1933,#2450,.T.);
#1673=EDGE_CURVE('',#1988,#1955,#2451,.T.);
#1674=EDGE_CURVE('',#2010,#1977,#2452,.T.);
#1675=EDGE_CURVE('',#2032,#1999,#2453,.T.);
#1676=EDGE_CURVE('',#2045,#2021,#2454,.T.);
#1677=EDGE_CURVE('',#1821,#1808,#2455,.T.);
#1678=EDGE_CURVE('',#2046,#2024,#2456,.T.);
#1679=EDGE_CURVE('',#1820,#1809,#2457,.T.);
#1680=EDGE_CURVE('',#2033,#2002,#2458,.T.);
#1681=EDGE_CURVE('',#2011,#1980,#2459,.T.);
#1682=EDGE_CURVE('',#1989,#1958,#2460,.T.);
#1683=EDGE_CURVE('',#1967,#1936,#2461,.T.);
#1684=EDGE_CURVE('',#1945,#1914,#2462,.T.);
#1685=EDGE_CURVE('',#1923,#1903,#2463,.T.);
#1686=EDGE_CURVE('',#1941,#1909,#2464,.T.);
#1687=EDGE_CURVE('',#1940,#1910,#2465,.T.);
#1688=EDGE_CURVE('',#1963,#1931,#2466,.T.);
#1689=EDGE_CURVE('',#1962,#1932,#2467,.T.);
#1690=EDGE_CURVE('',#1985,#1953,#2468,.T.);
#1691=EDGE_CURVE('',#1984,#1954,#2469,.T.);
#1692=EDGE_CURVE('',#2007,#1975,#2470,.T.);
#1693=EDGE_CURVE('',#2006,#1976,#2471,.T.);
#1694=EDGE_CURVE('',#2029,#1997,#2472,.T.);
#1695=EDGE_CURVE('',#2028,#1998,#2473,.T.);
#1696=EDGE_CURVE('',#2044,#2019,#2474,.T.);
#1697=EDGE_CURVE('',#2043,#2020,#2475,.T.);
#1698=EDGE_CURVE('',#1918,#1899,#2476,.T.);
#1699=EDGE_CURVE('',#1824,#1805,#2477,.T.);
#1700=EDGE_CURVE('',#1919,#1898,#2478,.T.);
#1701=VERTEX_POINT('',#5042);
#1702=VERTEX_POINT('',#5043);
#1703=VERTEX_POINT('',#5045);
#1704=VERTEX_POINT('',#5047);
#1705=VERTEX_POINT('',#5051);
#1706=VERTEX_POINT('',#5052);
#1707=VERTEX_POINT('',#5054);
#1708=VERTEX_POINT('',#5056);
#1709=VERTEX_POINT('',#5060);
#1710=VERTEX_POINT('',#5061);
#1711=VERTEX_POINT('',#5063);
#1712=VERTEX_POINT('',#5065);
#1713=VERTEX_POINT('',#5067);
#1714=VERTEX_POINT('',#5069);
#1715=VERTEX_POINT('',#5071);
#1716=VERTEX_POINT('',#5073);
#1717=VERTEX_POINT('',#5075);
#1718=VERTEX_POINT('',#5077);
#1719=VERTEX_POINT('',#5079);
#1720=VERTEX_POINT('',#5083);
#1721=VERTEX_POINT('',#5084);
#1722=VERTEX_POINT('',#5086);
#1723=VERTEX_POINT('',#5088);
#1724=VERTEX_POINT('',#5090);
#1725=VERTEX_POINT('',#5092);
#1726=VERTEX_POINT('',#5094);
#1727=VERTEX_POINT('',#5096);
#1728=VERTEX_POINT('',#5098);
#1729=VERTEX_POINT('',#5105);
#1730=VERTEX_POINT('',#5107);
#1731=VERTEX_POINT('',#5111);
#1732=VERTEX_POINT('',#5113);
#1733=VERTEX_POINT('',#5115);
#1734=VERTEX_POINT('',#5118);
#1735=VERTEX_POINT('',#5120);
#1736=VERTEX_POINT('',#5122);
#1737=VERTEX_POINT('',#5127);
#1738=VERTEX_POINT('',#5131);
#1739=VERTEX_POINT('',#5136);
#1740=VERTEX_POINT('',#5137);
#1741=VERTEX_POINT('',#5142);
#1742=VERTEX_POINT('',#5144);
#1743=VERTEX_POINT('',#5149);
#1744=VERTEX_POINT('',#5153);
#1745=VERTEX_POINT('',#5160);
#1746=VERTEX_POINT('',#5161);
#1747=VERTEX_POINT('',#5166);
#1748=VERTEX_POINT('',#5167);
#1749=VERTEX_POINT('',#5169);
#1750=VERTEX_POINT('',#5171);
#1751=VERTEX_POINT('',#5176);
#1752=VERTEX_POINT('',#5177);
#1753=VERTEX_POINT('',#5179);
#1754=VERTEX_POINT('',#5181);
#1755=VERTEX_POINT('',#5192);
#1756=VERTEX_POINT('',#5198);
#1757=VERTEX_POINT('',#5200);
#1758=VERTEX_POINT('',#5204);
#1759=VERTEX_POINT('',#5206);
#1760=VERTEX_POINT('',#5217);
#1761=VERTEX_POINT('',#5218);
#1762=VERTEX_POINT('',#5223);
#1763=VERTEX_POINT('',#5227);
#1764=VERTEX_POINT('',#5231);
#1765=VERTEX_POINT('',#5235);
#1766=VERTEX_POINT('',#5247);
#1767=VERTEX_POINT('',#5248);
#1768=VERTEX_POINT('',#5250);
#1769=VERTEX_POINT('',#5252);
#1770=VERTEX_POINT('',#5256);
#1771=VERTEX_POINT('',#5257);
#1772=VERTEX_POINT('',#5259);
#1773=VERTEX_POINT('',#5261);
#1774=VERTEX_POINT('',#5271);
#1775=VERTEX_POINT('',#5273);
#1776=VERTEX_POINT('',#5275);
#1777=VERTEX_POINT('',#5277);
#1778=VERTEX_POINT('',#5279);
#1779=VERTEX_POINT('',#5281);
#1780=VERTEX_POINT('',#5283);
#1781=VERTEX_POINT('',#5285);
#1782=VERTEX_POINT('',#5287);
#1783=VERTEX_POINT('',#5289);
#1784=VERTEX_POINT('',#5291);
#1785=VERTEX_POINT('',#5293);
#1786=VERTEX_POINT('',#5295);
#1787=VERTEX_POINT('',#5297);
#1788=VERTEX_POINT('',#5300);
#1789=VERTEX_POINT('',#5303);
#1790=VERTEX_POINT('',#5306);
#1791=VERTEX_POINT('',#5309);
#1792=VERTEX_POINT('',#5312);
#1793=VERTEX_POINT('',#5315);
#1794=VERTEX_POINT('',#5318);
#1795=VERTEX_POINT('',#5321);
#1796=VERTEX_POINT('',#5324);
#1797=VERTEX_POINT('',#5327);
#1798=VERTEX_POINT('',#5330);
#1799=VERTEX_POINT('',#5333);
#1800=VERTEX_POINT('',#5336);
#1801=VERTEX_POINT('',#5339);
#1802=VERTEX_POINT('',#5358);
#1803=VERTEX_POINT('',#5359);
#1804=VERTEX_POINT('',#5361);
#1805=VERTEX_POINT('',#5363);
#1806=VERTEX_POINT('',#5365);
#1807=VERTEX_POINT('',#5367);
#1808=VERTEX_POINT('',#5369);
#1809=VERTEX_POINT('',#5371);
#1810=VERTEX_POINT('',#5373);
#1811=VERTEX_POINT('',#5375);
#1812=VERTEX_POINT('',#5377);
#1813=VERTEX_POINT('',#5379);
#1814=VERTEX_POINT('',#5383);
#1815=VERTEX_POINT('',#5384);
#1816=VERTEX_POINT('',#5386);
#1817=VERTEX_POINT('',#5388);
#1818=VERTEX_POINT('',#5390);
#1819=VERTEX_POINT('',#5392);
#1820=VERTEX_POINT('',#5394);
#1821=VERTEX_POINT('',#5396);
#1822=VERTEX_POINT('',#5398);
#1823=VERTEX_POINT('',#5400);
#1824=VERTEX_POINT('',#5402);
#1825=VERTEX_POINT('',#5404);
#1826=VERTEX_POINT('',#5414);
#1827=VERTEX_POINT('',#5415);
#1828=VERTEX_POINT('',#5417);
#1829=VERTEX_POINT('',#5419);
#1830=VERTEX_POINT('',#5423);
#1831=VERTEX_POINT('',#5424);
#1832=VERTEX_POINT('',#5426);
#1833=VERTEX_POINT('',#5428);
#1834=VERTEX_POINT('',#5432);
#1835=VERTEX_POINT('',#5433);
#1836=VERTEX_POINT('',#5435);
#1837=VERTEX_POINT('',#5437);
#1838=VERTEX_POINT('',#5441);
#1839=VERTEX_POINT('',#5442);
#1840=VERTEX_POINT('',#5444);
#1841=VERTEX_POINT('',#5446);
#1842=VERTEX_POINT('',#5450);
#1843=VERTEX_POINT('',#5451);
#1844=VERTEX_POINT('',#5453);
#1845=VERTEX_POINT('',#5455);
#1846=VERTEX_POINT('',#5459);
#1847=VERTEX_POINT('',#5460);
#1848=VERTEX_POINT('',#5462);
#1849=VERTEX_POINT('',#5464);
#1850=VERTEX_POINT('',#5468);
#1851=VERTEX_POINT('',#5469);
#1852=VERTEX_POINT('',#5471);
#1853=VERTEX_POINT('',#5473);
#1854=VERTEX_POINT('',#5477);
#1855=VERTEX_POINT('',#5478);
#1856=VERTEX_POINT('',#5480);
#1857=VERTEX_POINT('',#5482);
#1858=VERTEX_POINT('',#5486);
#1859=VERTEX_POINT('',#5487);
#1860=VERTEX_POINT('',#5489);
#1861=VERTEX_POINT('',#5491);
#1862=VERTEX_POINT('',#5495);
#1863=VERTEX_POINT('',#5496);
#1864=VERTEX_POINT('',#5498);
#1865=VERTEX_POINT('',#5500);
#1866=VERTEX_POINT('',#5504);
#1867=VERTEX_POINT('',#5505);
#1868=VERTEX_POINT('',#5507);
#1869=VERTEX_POINT('',#5509);
#1870=VERTEX_POINT('',#5513);
#1871=VERTEX_POINT('',#5514);
#1872=VERTEX_POINT('',#5516);
#1873=VERTEX_POINT('',#5518);
#1874=VERTEX_POINT('',#5522);
#1875=VERTEX_POINT('',#5523);
#1876=VERTEX_POINT('',#5525);
#1877=VERTEX_POINT('',#5527);
#1878=VERTEX_POINT('',#5531);
#1879=VERTEX_POINT('',#5532);
#1880=VERTEX_POINT('',#5534);
#1881=VERTEX_POINT('',#5536);
#1882=VERTEX_POINT('',#5540);
#1883=VERTEX_POINT('',#5541);
#1884=VERTEX_POINT('',#5546);
#1885=VERTEX_POINT('',#5547);
#1886=VERTEX_POINT('',#5552);
#1887=VERTEX_POINT('',#5553);
#1888=VERTEX_POINT('',#5558);
#1889=VERTEX_POINT('',#5559);
#1890=VERTEX_POINT('',#5564);
#1891=VERTEX_POINT('',#5565);
#1892=VERTEX_POINT('',#5570);
#1893=VERTEX_POINT('',#5571);
#1894=VERTEX_POINT('',#5576);
#1895=VERTEX_POINT('',#5577);
#1896=VERTEX_POINT('',#5582);
#1897=VERTEX_POINT('',#5583);
#1898=VERTEX_POINT('',#5585);
#1899=VERTEX_POINT('',#5587);
#1900=VERTEX_POINT('',#5590);
#1901=VERTEX_POINT('',#5594);
#1902=VERTEX_POINT('',#5595);
#1903=VERTEX_POINT('',#5597);
#1904=VERTEX_POINT('',#5599);
#1905=VERTEX_POINT('',#5602);
#1906=VERTEX_POINT('',#5604);
#1907=VERTEX_POINT('',#5614);
#1908=VERTEX_POINT('',#5615);
#1909=VERTEX_POINT('',#5617);
#1910=VERTEX_POINT('',#5619);
#1911=VERTEX_POINT('',#5622);
#1912=VERTEX_POINT('',#5626);
#1913=VERTEX_POINT('',#5627);
#1914=VERTEX_POINT('',#5629);
#1915=VERTEX_POINT('',#5631);
#1916=VERTEX_POINT('',#5634);
#1917=VERTEX_POINT('',#5636);
#1918=VERTEX_POINT('',#5640);
#1919=VERTEX_POINT('',#5641);
#1920=VERTEX_POINT('',#5643);
#1921=VERTEX_POINT('',#5645);
#1922=VERTEX_POINT('',#5647);
#1923=VERTEX_POINT('',#5652);
#1924=VERTEX_POINT('',#5653);
#1925=VERTEX_POINT('',#5655);
#1926=VERTEX_POINT('',#5657);
#1927=VERTEX_POINT('',#5659);
#1928=VERTEX_POINT('',#5661);
#1929=VERTEX_POINT('',#5672);
#1930=VERTEX_POINT('',#5673);
#1931=VERTEX_POINT('',#5675);
#1932=VERTEX_POINT('',#5677);
#1933=VERTEX_POINT('',#5680);
#1934=VERTEX_POINT('',#5684);
#1935=VERTEX_POINT('',#5685);
#1936=VERTEX_POINT('',#5687);
#1937=VERTEX_POINT('',#5689);
#1938=VERTEX_POINT('',#5692);
#1939=VERTEX_POINT('',#5694);
#1940=VERTEX_POINT('',#5698);
#1941=VERTEX_POINT('',#5699);
#1942=VERTEX_POINT('',#5701);
#1943=VERTEX_POINT('',#5703);
#1944=VERTEX_POINT('',#5705);
#1945=VERTEX_POINT('',#5710);
#1946=VERTEX_POINT('',#5711);
#1947=VERTEX_POINT('',#5713);
#1948=VERTEX_POINT('',#5715);
#1949=VERTEX_POINT('',#5717);
#1950=VERTEX_POINT('',#5719);
#1951=VERTEX_POINT('',#5730);
#1952=VERTEX_POINT('',#5731);
#1953=VERTEX_POINT('',#5733);
#1954=VERTEX_POINT('',#5735);
#1955=VERTEX_POINT('',#5738);
#1956=VERTEX_POINT('',#5742);
#1957=VERTEX_POINT('',#5743);
#1958=VERTEX_POINT('',#5745);
#1959=VERTEX_POINT('',#5747);
#1960=VERTEX_POINT('',#5750);
#1961=VERTEX_POINT('',#5752);
#1962=VERTEX_POINT('',#5756);
#1963=VERTEX_POINT('',#5757);
#1964=VERTEX_POINT('',#5759);
#1965=VERTEX_POINT('',#5761);
#1966=VERTEX_POINT('',#5763);
#1967=VERTEX_POINT('',#5768);
#1968=VERTEX_POINT('',#5769);
#1969=VERTEX_POINT('',#5771);
#1970=VERTEX_POINT('',#5773);
#1971=VERTEX_POINT('',#5775);
#1972=VERTEX_POINT('',#5777);
#1973=VERTEX_POINT('',#5788);
#1974=VERTEX_POINT('',#5789);
#1975=VERTEX_POINT('',#5791);
#1976=VERTEX_POINT('',#5793);
#1977=VERTEX_POINT('',#5796);
#1978=VERTEX_POINT('',#5800);
#1979=VERTEX_POINT('',#5801);
#1980=VERTEX_POINT('',#5803);
#1981=VERTEX_POINT('',#5805);
#1982=VERTEX_POINT('',#5808);
#1983=VERTEX_POINT('',#5810);
#1984=VERTEX_POINT('',#5814);
#1985=VERTEX_POINT('',#5815);
#1986=VERTEX_POINT('',#5817);
#1987=VERTEX_POINT('',#5819);
#1988=VERTEX_POINT('',#5821);
#1989=VERTEX_POINT('',#5826);
#1990=VERTEX_POINT('',#5827);
#1991=VERTEX_POINT('',#5829);
#1992=VERTEX_POINT('',#5831);
#1993=VERTEX_POINT('',#5833);
#1994=VERTEX_POINT('',#5835);
#1995=VERTEX_POINT('',#5846);
#1996=VERTEX_POINT('',#5847);
#1997=VERTEX_POINT('',#5849);
#1998=VERTEX_POINT('',#5851);
#1999=VERTEX_POINT('',#5854);
#2000=VERTEX_POINT('',#5858);
#2001=VERTEX_POINT('',#5859);
#2002=VERTEX_POINT('',#5861);
#2003=VERTEX_POINT('',#5863);
#2004=VERTEX_POINT('',#5866);
#2005=VERTEX_POINT('',#5868);
#2006=VERTEX_POINT('',#5872);
#2007=VERTEX_POINT('',#5873);
#2008=VERTEX_POINT('',#5875);
#2009=VERTEX_POINT('',#5877);
#2010=VERTEX_POINT('',#5879);
#2011=VERTEX_POINT('',#5884);
#2012=VERTEX_POINT('',#5885);
#2013=VERTEX_POINT('',#5887);
#2014=VERTEX_POINT('',#5889);
#2015=VERTEX_POINT('',#5891);
#2016=VERTEX_POINT('',#5893);
#2017=VERTEX_POINT('',#5904);
#2018=VERTEX_POINT('',#5905);
#2019=VERTEX_POINT('',#5907);
#2020=VERTEX_POINT('',#5909);
#2021=VERTEX_POINT('',#5912);
#2022=VERTEX_POINT('',#5916);
#2023=VERTEX_POINT('',#5917);
#2024=VERTEX_POINT('',#5919);
#2025=VERTEX_POINT('',#5921);
#2026=VERTEX_POINT('',#5924);
#2027=VERTEX_POINT('',#5926);
#2028=VERTEX_POINT('',#5930);
#2029=VERTEX_POINT('',#5931);
#2030=VERTEX_POINT('',#5933);
#2031=VERTEX_POINT('',#5935);
#2032=VERTEX_POINT('',#5937);
#2033=VERTEX_POINT('',#5942);
#2034=VERTEX_POINT('',#5943);
#2035=VERTEX_POINT('',#5945);
#2036=VERTEX_POINT('',#5947);
#2037=VERTEX_POINT('',#5949);
#2038=VERTEX_POINT('',#5951);
#2039=VERTEX_POINT('',#5962);
#2040=VERTEX_POINT('',#5963);
#2041=VERTEX_POINT('',#5968);
#2042=VERTEX_POINT('',#5969);
#2043=VERTEX_POINT('',#5974);
#2044=VERTEX_POINT('',#5975);
#2045=VERTEX_POINT('',#5978);
#2046=VERTEX_POINT('',#5983);
#2047=VERTEX_POINT('',#5984);
#2048=VERTEX_POINT('',#5987);
#2049=VERTEX_POINT('',#5989);
#2050=LINE('',#5041,#2479);
#2051=LINE('',#5044,#2480);
#2052=LINE('',#5046,#2481);
#2053=LINE('',#5048,#2482);
#2054=LINE('',#5050,#2483);
#2055=LINE('',#5053,#2484);
#2056=LINE('',#5055,#2485);
#2057=LINE('',#5057,#2486);
#2058=LINE('',#5059,#2487);
#2059=LINE('',#5062,#2488);
#2060=LINE('',#5064,#2489);
#2061=LINE('',#5066,#2490);
#2062=LINE('',#5068,#2491);
#2063=LINE('',#5070,#2492);
#2064=LINE('',#5072,#2493);
#2065=LINE('',#5074,#2494);
#2066=LINE('',#5076,#2495);
#2067=LINE('',#5078,#2496);
#2068=LINE('',#5080,#2497);
#2069=LINE('',#5082,#2498);
#2070=LINE('',#5085,#2499);
#2071=LINE('',#5087,#2500);
#2072=LINE('',#5089,#2501);
#2073=LINE('',#5091,#2502);
#2074=LINE('',#5093,#2503);
#2075=LINE('',#5095,#2504);
#2076=LINE('',#5097,#2505);
#2077=LINE('',#5099,#2506);
#2078=LINE('',#5101,#2507);
#2079=LINE('',#5102,#2508);
#2080=LINE('',#5103,#2509);
#2081=LINE('',#5104,#2510);
#2082=LINE('',#5106,#2511);
#2083=LINE('',#5108,#2512);
#2084=LINE('',#5110,#2513);
#2085=LINE('',#5112,#2514);
#2086=LINE('',#5114,#2515);
#2087=LINE('',#5116,#2516);
#2088=LINE('',#5117,#2517);
#2089=LINE('',#5119,#2518);
#2090=LINE('',#5121,#2519);
#2091=LINE('',#5123,#2520);
#2092=LINE('',#5125,#2521);
#2093=LINE('',#5126,#2522);
#2094=LINE('',#5128,#2523);
#2095=LINE('',#5130,#2524);
#2096=LINE('',#5132,#2525);
#2097=LINE('',#5133,#2526);
#2098=LINE('',#5135,#2527);
#2099=LINE('',#5138,#2528);
#2100=LINE('',#5139,#2529);
#2101=LINE('',#5141,#2530);
#2102=LINE('',#5143,#2531);
#2103=LINE('',#5145,#2532);
#2104=LINE('',#5147,#2533);
#2105=LINE('',#5148,#2534);
#2106=LINE('',#5150,#2535);
#2107=LINE('',#5152,#2536);
#2108=LINE('',#5154,#2537);
#2109=LINE('',#5155,#2538);
#2110=LINE('',#5157,#2539);
#2111=LINE('',#5159,#2540);
#2112=LINE('',#5162,#2541);
#2113=LINE('',#5163,#2542);
#2114=LINE('',#5165,#2543);
#2115=LINE('',#5168,#2544);
#2116=LINE('',#5170,#2545);
#2117=LINE('',#5172,#2546);
#2118=LINE('',#5173,#2547);
#2119=LINE('',#5175,#2548);
#2120=LINE('',#5178,#2549);
#2121=LINE('',#5180,#2550);
#2122=LINE('',#5182,#2551);
#2123=LINE('',#5183,#2552);
#2124=LINE('',#5185,#2553);
#2125=LINE('',#5187,#2554);
#2126=LINE('',#5189,#2555);
#2127=LINE('',#5191,#2556);
#2128=LINE('',#5193,#2557);
#2129=LINE('',#5195,#2558);
#2130=LINE('',#5197,#2559);
#2131=LINE('',#5199,#2560);
#2132=LINE('',#5201,#2561);
#2133=LINE('',#5203,#2562);
#2134=LINE('',#5205,#2563);
#2135=LINE('',#5207,#2564);
#2136=LINE('',#5209,#2565);
#2137=LINE('',#5210,#2566);
#2138=LINE('',#5214,#2567);
#2139=LINE('',#5216,#2568);
#2140=LINE('',#5219,#2569);
#2141=LINE('',#5220,#2570);
#2142=LINE('',#5222,#2571);
#2143=LINE('',#5224,#2572);
#2144=LINE('',#5226,#2573);
#2145=LINE('',#5228,#2574);
#2146=LINE('',#5230,#2575);
#2147=LINE('',#5232,#2576);
#2148=LINE('',#5234,#2577);
#2149=LINE('',#5236,#2578);
#2150=LINE('',#5242,#2579);
#2151=LINE('',#5246,#2580);
#2152=LINE('',#5249,#2581);
#2153=LINE('',#5251,#2582);
#2154=LINE('',#5253,#2583);
#2155=LINE('',#5255,#2584);
#2156=LINE('',#5258,#2585);
#2157=LINE('',#5260,#2586);
#2158=LINE('',#5262,#2587);
#2159=LINE('',#5264,#2588);
#2160=LINE('',#5265,#2589);
#2161=LINE('',#5267,#2590);
#2162=LINE('',#5268,#2591);
#2163=LINE('',#5357,#2592);
#2164=LINE('',#5360,#2593);
#2165=LINE('',#5362,#2594);
#2166=LINE('',#5364,#2595);
#2167=LINE('',#5366,#2596);
#2168=LINE('',#5368,#2597);
#2169=LINE('',#5370,#2598);
#2170=LINE('',#5372,#2599);
#2171=LINE('',#5374,#2600);
#2172=LINE('',#5376,#2601);
#2173=LINE('',#5378,#2602);
#2174=LINE('',#5380,#2603);
#2175=LINE('',#5382,#2604);
#2176=LINE('',#5385,#2605);
#2177=LINE('',#5387,#2606);
#2178=LINE('',#5389,#2607);
#2179=LINE('',#5391,#2608);
#2180=LINE('',#5393,#2609);
#2181=LINE('',#5395,#2610);
#2182=LINE('',#5397,#2611);
#2183=LINE('',#5399,#2612);
#2184=LINE('',#5401,#2613);
#2185=LINE('',#5403,#2614);
#2186=LINE('',#5405,#2615);
#2187=LINE('',#5407,#2616);
#2188=LINE('',#5408,#2617);
#2189=LINE('',#5410,#2618);
#2190=LINE('',#5411,#2619);
#2191=LINE('',#5413,#2620);
#2192=LINE('',#5416,#2621);
#2193=LINE('',#5418,#2622);
#2194=LINE('',#5420,#2623);
#2195=LINE('',#5422,#2624);
#2196=LINE('',#5425,#2625);
#2197=LINE('',#5427,#2626);
#2198=LINE('',#5429,#2627);
#2199=LINE('',#5431,#2628);
#2200=LINE('',#5434,#2629);
#2201=LINE('',#5436,#2630);
#2202=LINE('',#5438,#2631);
#2203=LINE('',#5440,#2632);
#2204=LINE('',#5443,#2633);
#2205=LINE('',#5445,#2634);
#2206=LINE('',#5447,#2635);
#2207=LINE('',#5449,#2636);
#2208=LINE('',#5452,#2637);
#2209=LINE('',#5454,#2638);
#2210=LINE('',#5456,#2639);
#2211=LINE('',#5458,#2640);
#2212=LINE('',#5461,#2641);
#2213=LINE('',#5463,#2642);
#2214=LINE('',#5465,#2643);
#2215=LINE('',#5467,#2644);
#2216=LINE('',#5470,#2645);
#2217=LINE('',#5472,#2646);
#2218=LINE('',#5474,#2647);
#2219=LINE('',#5476,#2648);
#2220=LINE('',#5479,#2649);
#2221=LINE('',#5481,#2650);
#2222=LINE('',#5483,#2651);
#2223=LINE('',#5485,#2652);
#2224=LINE('',#5488,#2653);
#2225=LINE('',#5490,#2654);
#2226=LINE('',#5492,#2655);
#2227=LINE('',#5494,#2656);
#2228=LINE('',#5497,#2657);
#2229=LINE('',#5499,#2658);
#2230=LINE('',#5501,#2659);
#2231=LINE('',#5503,#2660);
#2232=LINE('',#5506,#2661);
#2233=LINE('',#5508,#2662);
#2234=LINE('',#5510,#2663);
#2235=LINE('',#5512,#2664);
#2236=LINE('',#5515,#2665);
#2237=LINE('',#5517,#2666);
#2238=LINE('',#5519,#2667);
#2239=LINE('',#5521,#2668);
#2240=LINE('',#5524,#2669);
#2241=LINE('',#5526,#2670);
#2242=LINE('',#5528,#2671);
#2243=LINE('',#5530,#2672);
#2244=LINE('',#5533,#2673);
#2245=LINE('',#5535,#2674);
#2246=LINE('',#5537,#2675);
#2247=LINE('',#5539,#2676);
#2248=LINE('',#5542,#2677);
#2249=LINE('',#5543,#2678);
#2250=LINE('',#5545,#2679);
#2251=LINE('',#5548,#2680);
#2252=LINE('',#5549,#2681);
#2253=LINE('',#5551,#2682);
#2254=LINE('',#5554,#2683);
#2255=LINE('',#5555,#2684);
#2256=LINE('',#5557,#2685);
#2257=LINE('',#5560,#2686);
#2258=LINE('',#5561,#2687);
#2259=LINE('',#5563,#2688);
#2260=LINE('',#5566,#2689);
#2261=LINE('',#5567,#2690);
#2262=LINE('',#5569,#2691);
#2263=LINE('',#5572,#2692);
#2264=LINE('',#5573,#2693);
#2265=LINE('',#5575,#2694);
#2266=LINE('',#5578,#2695);
#2267=LINE('',#5579,#2696);
#2268=LINE('',#5581,#2697);
#2269=LINE('',#5584,#2698);
#2270=LINE('',#5588,#2699);
#2271=LINE('',#5591,#2700);
#2272=LINE('',#5593,#2701);
#2273=LINE('',#5596,#2702);
#2274=LINE('',#5600,#2703);
#2275=LINE('',#5601,#2704);
#2276=LINE('',#5605,#2705);
#2277=LINE('',#5607,#2706);
#2278=LINE('',#5608,#2707);
#2279=LINE('',#5610,#2708);
#2280=LINE('',#5611,#2709);
#2281=LINE('',#5613,#2710);
#2282=LINE('',#5616,#2711);
#2283=LINE('',#5620,#2712);
#2284=LINE('',#5623,#2713);
#2285=LINE('',#5625,#2714);
#2286=LINE('',#5628,#2715);
#2287=LINE('',#5632,#2716);
#2288=LINE('',#5633,#2717);
#2289=LINE('',#5637,#2718);
#2290=LINE('',#5642,#2719);
#2291=LINE('',#5644,#2720);
#2292=LINE('',#5646,#2721);
#2293=LINE('',#5649,#2722);
#2294=LINE('',#5654,#2723);
#2295=LINE('',#5656,#2724);
#2296=LINE('',#5658,#2725);
#2297=LINE('',#5662,#2726);
#2298=LINE('',#5663,#2727);
#2299=LINE('',#5665,#2728);
#2300=LINE('',#5666,#2729);
#2301=LINE('',#5668,#2730);
#2302=LINE('',#5669,#2731);
#2303=LINE('',#5671,#2732);
#2304=LINE('',#5674,#2733);
#2305=LINE('',#5678,#2734);
#2306=LINE('',#5681,#2735);
#2307=LINE('',#5683,#2736);
#2308=LINE('',#5686,#2737);
#2309=LINE('',#5690,#2738);
#2310=LINE('',#5691,#2739);
#2311=LINE('',#5695,#2740);
#2312=LINE('',#5700,#2741);
#2313=LINE('',#5702,#2742);
#2314=LINE('',#5704,#2743);
#2315=LINE('',#5707,#2744);
#2316=LINE('',#5712,#2745);
#2317=LINE('',#5714,#2746);
#2318=LINE('',#5716,#2747);
#2319=LINE('',#5720,#2748);
#2320=LINE('',#5721,#2749);
#2321=LINE('',#5723,#2750);
#2322=LINE('',#5724,#2751);
#2323=LINE('',#5726,#2752);
#2324=LINE('',#5727,#2753);
#2325=LINE('',#5729,#2754);
#2326=LINE('',#5732,#2755);
#2327=LINE('',#5736,#2756);
#2328=LINE('',#5739,#2757);
#2329=LINE('',#5741,#2758);
#2330=LINE('',#5744,#2759);
#2331=LINE('',#5748,#2760);
#2332=LINE('',#5749,#2761);
#2333=LINE('',#5753,#2762);
#2334=LINE('',#5758,#2763);
#2335=LINE('',#5760,#2764);
#2336=LINE('',#5762,#2765);
#2337=LINE('',#5765,#2766);
#2338=LINE('',#5770,#2767);
#2339=LINE('',#5772,#2768);
#2340=LINE('',#5774,#2769);
#2341=LINE('',#5778,#2770);
#2342=LINE('',#5779,#2771);
#2343=LINE('',#5781,#2772);
#2344=LINE('',#5782,#2773);
#2345=LINE('',#5784,#2774);
#2346=LINE('',#5785,#2775);
#2347=LINE('',#5787,#2776);
#2348=LINE('',#5790,#2777);
#2349=LINE('',#5794,#2778);
#2350=LINE('',#5797,#2779);
#2351=LINE('',#5799,#2780);
#2352=LINE('',#5802,#2781);
#2353=LINE('',#5806,#2782);
#2354=LINE('',#5807,#2783);
#2355=LINE('',#5811,#2784);
#2356=LINE('',#5816,#2785);
#2357=LINE('',#5818,#2786);
#2358=LINE('',#5820,#2787);
#2359=LINE('',#5823,#2788);
#2360=LINE('',#5828,#2789);
#2361=LINE('',#5830,#2790);
#2362=LINE('',#5832,#2791);
#2363=LINE('',#5836,#2792);
#2364=LINE('',#5837,#2793);
#2365=LINE('',#5839,#2794);
#2366=LINE('',#5840,#2795);
#2367=LINE('',#5842,#2796);
#2368=LINE('',#5843,#2797);
#2369=LINE('',#5845,#2798);
#2370=LINE('',#5848,#2799);
#2371=LINE('',#5852,#2800);
#2372=LINE('',#5855,#2801);
#2373=LINE('',#5857,#2802);
#2374=LINE('',#5860,#2803);
#2375=LINE('',#5864,#2804);
#2376=LINE('',#5865,#2805);
#2377=LINE('',#5869,#2806);
#2378=LINE('',#5874,#2807);
#2379=LINE('',#5876,#2808);
#2380=LINE('',#5878,#2809);
#2381=LINE('',#5881,#2810);
#2382=LINE('',#5886,#2811);
#2383=LINE('',#5888,#2812);
#2384=LINE('',#5890,#2813);
#2385=LINE('',#5894,#2814);
#2386=LINE('',#5895,#2815);
#2387=LINE('',#5897,#2816);
#2388=LINE('',#5898,#2817);
#2389=LINE('',#5900,#2818);
#2390=LINE('',#5901,#2819);
#2391=LINE('',#5903,#2820);
#2392=LINE('',#5906,#2821);
#2393=LINE('',#5910,#2822);
#2394=LINE('',#5913,#2823);
#2395=LINE('',#5915,#2824);
#2396=LINE('',#5918,#2825);
#2397=LINE('',#5922,#2826);
#2398=LINE('',#5923,#2827);
#2399=LINE('',#5927,#2828);
#2400=LINE('',#5932,#2829);
#2401=LINE('',#5934,#2830);
#2402=LINE('',#5936,#2831);
#2403=LINE('',#5939,#2832);
#2404=LINE('',#5944,#2833);
#2405=LINE('',#5946,#2834);
#2406=LINE('',#5948,#2835);
#2407=LINE('',#5952,#2836);
#2408=LINE('',#5953,#2837);
#2409=LINE('',#5955,#2838);
#2410=LINE('',#5956,#2839);
#2411=LINE('',#5958,#2840);
#2412=LINE('',#5959,#2841);
#2413=LINE('',#5961,#2842);
#2414=LINE('',#5964,#2843);
#2415=LINE('',#5965,#2844);
#2416=LINE('',#5967,#2845);
#2417=LINE('',#5970,#2846);
#2418=LINE('',#5971,#2847);
#2419=LINE('',#5976,#2848);
#2420=LINE('',#5977,#2849);
#2421=LINE('',#5980,#2850);
#2422=LINE('',#5985,#2851);
#2423=LINE('',#5986,#2852);
#2424=LINE('',#5990,#2853);
#2425=LINE('',#5991,#2854);
#2426=LINE('',#5993,#2855);
#2427=LINE('',#5995,#2856);
#2428=LINE('',#5997,#2857);
#2429=LINE('',#5999,#2858);
#2430=LINE('',#6001,#2859);
#2431=LINE('',#6003,#2860);
#2432=LINE('',#6005,#2861);
#2433=LINE('',#6007,#2862);
#2434=LINE('',#6008,#2863);
#2435=LINE('',#6009,#2864);
#2436=LINE('',#6010,#2865);
#2437=LINE('',#6011,#2866);
#2438=LINE('',#6012,#2867);
#2439=LINE('',#6013,#2868);
#2440=LINE('',#6014,#2869);
#2441=LINE('',#6016,#2870);
#2442=LINE('',#6019,#2871);
#2443=LINE('',#6022,#2872);
#2444=LINE('',#6025,#2873);
#2445=LINE('',#6028,#2874);
#2446=LINE('',#6031,#2875);
#2447=LINE('',#6034,#2876);
#2448=LINE('',#6038,#2877);
#2449=LINE('',#6039,#2878);
#2450=LINE('',#6040,#2879);
#2451=LINE('',#6041,#2880);
#2452=LINE('',#6042,#2881);
#2453=LINE('',#6043,#2882);
#2454=LINE('',#6044,#2883);
#2455=LINE('',#6045,#2884);
#2456=LINE('',#6054,#2885);
#2457=LINE('',#6056,#2886);
#2458=LINE('',#6057,#2887);
#2459=LINE('',#6058,#2888);
#2460=LINE('',#6059,#2889);
#2461=LINE('',#6060,#2890);
#2462=LINE('',#6061,#2891);
#2463=LINE('',#6062,#2892);
#2464=LINE('',#6071,#2893);
#2465=LINE('',#6072,#2894);
#2466=LINE('',#6074,#2895);
#2467=LINE('',#6075,#2896);
#2468=LINE('',#6077,#2897);
#2469=LINE('',#6078,#2898);
#2470=LINE('',#6080,#2899);
#2471=LINE('',#6081,#2900);
#2472=LINE('',#6083,#2901);
#2473=LINE('',#6084,#2902);
#2474=LINE('',#6086,#2903);
#2475=LINE('',#6087,#2904);
#2476=LINE('',#6089,#2905);
#2477=LINE('',#6096,#2906);
#2478=LINE('',#6098,#2907);
#2479=VECTOR('',#4042,39.3700787401575);
#2480=VECTOR('',#4043,39.3700787401575);
#2481=VECTOR('',#4044,39.3700787401575);
#2482=VECTOR('',#4045,39.3700787401575);
#2483=VECTOR('',#4048,39.3700787401575);
#2484=VECTOR('',#4049,39.3700787401575);
#2485=VECTOR('',#4050,39.3700787401575);
#2486=VECTOR('',#4051,39.3700787401575);
#2487=VECTOR('',#4054,39.3700787401575);
#2488=VECTOR('',#4055,39.3700787401575);
#2489=VECTOR('',#4056,39.3700787401575);
#2490=VECTOR('',#4057,39.3700787401575);
#2491=VECTOR('',#4058,39.3700787401575);
#2492=VECTOR('',#4059,39.3700787401575);
#2493=VECTOR('',#4060,39.3700787401575);
#2494=VECTOR('',#4061,39.3700787401575);
#2495=VECTOR('',#4062,39.3700787401575);
#2496=VECTOR('',#4063,39.3700787401575);
#2497=VECTOR('',#4064,39.3700787401575);
#2498=VECTOR('',#4067,39.3700787401575);
#2499=VECTOR('',#4068,39.3700787401575);
#2500=VECTOR('',#4069,39.3700787401575);
#2501=VECTOR('',#4070,39.3700787401575);
#2502=VECTOR('',#4071,39.3700787401575);
#2503=VECTOR('',#4072,39.3700787401575);
#2504=VECTOR('',#4073,39.3700787401575);
#2505=VECTOR('',#4074,39.3700787401575);
#2506=VECTOR('',#4075,39.3700787401575);
#2507=VECTOR('',#4078,39.3700787401575);
#2508=VECTOR('',#4079,39.3700787401575);
#2509=VECTOR('',#4080,39.3700787401575);
#2510=VECTOR('',#4081,39.3700787401575);
#2511=VECTOR('',#4082,39.3700787401575);
#2512=VECTOR('',#4083,39.3700787401575);
#2513=VECTOR('',#4086,39.3700787401575);
#2514=VECTOR('',#4087,39.3700787401575);
#2515=VECTOR('',#4088,39.3700787401575);
#2516=VECTOR('',#4089,39.3700787401575);
#2517=VECTOR('',#4090,39.3700787401575);
#2518=VECTOR('',#4091,39.3700787401575);
#2519=VECTOR('',#4092,39.3700787401575);
#2520=VECTOR('',#4093,39.3700787401575);
#2521=VECTOR('',#4096,39.3700787401575);
#2522=VECTOR('',#4097,39.3700787401575);
#2523=VECTOR('',#4098,39.3700787401575);
#2524=VECTOR('',#4101,39.3700787401575);
#2525=VECTOR('',#4102,39.3700787401575);
#2526=VECTOR('',#4103,39.3700787401575);
#2527=VECTOR('',#4106,39.3700787401575);
#2528=VECTOR('',#4107,39.3700787401575);
#2529=VECTOR('',#4108,39.3700787401575);
#2530=VECTOR('',#4111,39.3700787401575);
#2531=VECTOR('',#4112,39.3700787401575);
#2532=VECTOR('',#4113,39.3700787401575);
#2533=VECTOR('',#4116,39.3700787401575);
#2534=VECTOR('',#4117,39.3700787401575);
#2535=VECTOR('',#4118,39.3700787401575);
#2536=VECTOR('',#4121,39.3700787401575);
#2537=VECTOR('',#4122,39.3700787401575);
#2538=VECTOR('',#4123,39.3700787401575);
#2539=VECTOR('',#4126,39.3700787401575);
#2540=VECTOR('',#4129,39.3700787401575);
#2541=VECTOR('',#4130,39.3700787401575);
#2542=VECTOR('',#4131,39.3700787401575);
#2543=VECTOR('',#4134,39.3700787401575);
#2544=VECTOR('',#4135,39.3700787401575);
#2545=VECTOR('',#4136,39.3700787401575);
#2546=VECTOR('',#4137,39.3700787401575);
#2547=VECTOR('',#4138,39.3700787401575);
#2548=VECTOR('',#4141,39.3700787401575);
#2549=VECTOR('',#4142,39.3700787401575);
#2550=VECTOR('',#4143,39.3700787401575);
#2551=VECTOR('',#4144,39.3700787401575);
#2552=VECTOR('',#4145,39.3700787401575);
#2553=VECTOR('',#4148,39.3700787401575);
#2554=VECTOR('',#4151,39.3700787401575);
#2555=VECTOR('',#4154,39.3700787401575);
#2556=VECTOR('',#4157,39.3700787401575);
#2557=VECTOR('',#4158,39.3700787401575);
#2558=VECTOR('',#4161,39.3700787401575);
#2559=VECTOR('',#4164,39.3700787401575);
#2560=VECTOR('',#4165,39.3700787401575);
#2561=VECTOR('',#4166,39.3700787401575);
#2562=VECTOR('',#4169,39.3700787401575);
#2563=VECTOR('',#4170,39.3700787401575);
#2564=VECTOR('',#4171,39.3700787401575);
#2565=VECTOR('',#4174,39.3700787401575);
#2566=VECTOR('',#4175,39.3700787401575);
#2567=VECTOR('',#4182,39.3700787401575);
#2568=VECTOR('',#4185,39.3700787401575);
#2569=VECTOR('',#4186,39.3700787401575);
#2570=VECTOR('',#4187,39.3700787401575);
#2571=VECTOR('',#4190,39.3700787401575);
#2572=VECTOR('',#4191,39.3700787401575);
#2573=VECTOR('',#4194,39.3700787401575);
#2574=VECTOR('',#4195,39.3700787401575);
#2575=VECTOR('',#4198,39.3700787401575);
#2576=VECTOR('',#4199,39.3700787401575);
#2577=VECTOR('',#4202,39.3700787401575);
#2578=VECTOR('',#4203,39.3700787401575);
#2579=VECTOR('',#4214,39.3700787401575);
#2580=VECTOR('',#4221,39.3700787401575);
#2581=VECTOR('',#4222,39.3700787401575);
#2582=VECTOR('',#4223,39.3700787401575);
#2583=VECTOR('',#4224,39.3700787401575);
#2584=VECTOR('',#4227,39.3700787401575);
#2585=VECTOR('',#4228,39.3700787401575);
#2586=VECTOR('',#4229,39.3700787401575);
#2587=VECTOR('',#4230,39.3700787401575);
#2588=VECTOR('',#4233,39.3700787401575);
#2589=VECTOR('',#4234,39.3700787401575);
#2590=VECTOR('',#4237,39.3700787401575);
#2591=VECTOR('',#4238,39.3700787401575);
#2592=VECTOR('',#4359,39.3700787401575);
#2593=VECTOR('',#4360,39.3700787401575);
#2594=VECTOR('',#4361,39.3700787401575);
#2595=VECTOR('',#4362,39.3700787401575);
#2596=VECTOR('',#4363,39.3700787401575);
#2597=VECTOR('',#4364,39.3700787401575);
#2598=VECTOR('',#4365,39.3700787401575);
#2599=VECTOR('',#4366,39.3700787401575);
#2600=VECTOR('',#4367,39.3700787401575);
#2601=VECTOR('',#4368,39.3700787401575);
#2602=VECTOR('',#4369,39.3700787401575);
#2603=VECTOR('',#4370,39.3700787401575);
#2604=VECTOR('',#4373,39.3700787401575);
#2605=VECTOR('',#4374,39.3700787401575);
#2606=VECTOR('',#4375,39.3700787401575);
#2607=VECTOR('',#4376,39.3700787401575);
#2608=VECTOR('',#4377,39.3700787401575);
#2609=VECTOR('',#4378,39.3700787401575);
#2610=VECTOR('',#4379,39.3700787401575);
#2611=VECTOR('',#4380,39.3700787401575);
#2612=VECTOR('',#4381,39.3700787401575);
#2613=VECTOR('',#4382,39.3700787401575);
#2614=VECTOR('',#4383,39.3700787401575);
#2615=VECTOR('',#4384,39.3700787401575);
#2616=VECTOR('',#4387,39.3700787401575);
#2617=VECTOR('',#4388,39.3700787401575);
#2618=VECTOR('',#4391,39.3700787401575);
#2619=VECTOR('',#4392,39.3700787401575);
#2620=VECTOR('',#4395,39.3700787401575);
#2621=VECTOR('',#4396,39.3700787401575);
#2622=VECTOR('',#4397,39.3700787401575);
#2623=VECTOR('',#4398,39.3700787401575);
#2624=VECTOR('',#4401,39.3700787401575);
#2625=VECTOR('',#4402,39.3700787401575);
#2626=VECTOR('',#4403,39.3700787401575);
#2627=VECTOR('',#4404,39.3700787401575);
#2628=VECTOR('',#4407,39.3700787401575);
#2629=VECTOR('',#4408,39.3700787401575);
#2630=VECTOR('',#4409,39.3700787401575);
#2631=VECTOR('',#4410,39.3700787401575);
#2632=VECTOR('',#4413,39.3700787401575);
#2633=VECTOR('',#4414,39.3700787401575);
#2634=VECTOR('',#4415,39.3700787401575);
#2635=VECTOR('',#4416,39.3700787401575);
#2636=VECTOR('',#4419,39.3700787401575);
#2637=VECTOR('',#4420,39.3700787401575);
#2638=VECTOR('',#4421,39.3700787401575);
#2639=VECTOR('',#4422,39.3700787401575);
#2640=VECTOR('',#4425,39.3700787401575);
#2641=VECTOR('',#4426,39.3700787401575);
#2642=VECTOR('',#4427,39.3700787401575);
#2643=VECTOR('',#4428,39.3700787401575);
#2644=VECTOR('',#4431,39.3700787401575);
#2645=VECTOR('',#4432,39.3700787401575);
#2646=VECTOR('',#4433,39.3700787401575);
#2647=VECTOR('',#4434,39.3700787401575);
#2648=VECTOR('',#4437,39.3700787401575);
#2649=VECTOR('',#4438,39.3700787401575);
#2650=VECTOR('',#4439,39.3700787401575);
#2651=VECTOR('',#4440,39.3700787401575);
#2652=VECTOR('',#4443,39.3700787401575);
#2653=VECTOR('',#4444,39.3700787401575);
#2654=VECTOR('',#4445,39.3700787401575);
#2655=VECTOR('',#4446,39.3700787401575);
#2656=VECTOR('',#4449,39.3700787401575);
#2657=VECTOR('',#4450,39.3700787401575);
#2658=VECTOR('',#4451,39.3700787401575);
#2659=VECTOR('',#4452,39.3700787401575);
#2660=VECTOR('',#4455,39.3700787401575);
#2661=VECTOR('',#4456,39.3700787401575);
#2662=VECTOR('',#4457,39.3700787401575);
#2663=VECTOR('',#4458,39.3700787401575);
#2664=VECTOR('',#4461,39.3700787401575);
#2665=VECTOR('',#4462,39.3700787401575);
#2666=VECTOR('',#4463,39.3700787401575);
#2667=VECTOR('',#4464,39.3700787401575);
#2668=VECTOR('',#4467,39.3700787401575);
#2669=VECTOR('',#4468,39.3700787401575);
#2670=VECTOR('',#4469,39.3700787401575);
#2671=VECTOR('',#4470,39.3700787401575);
#2672=VECTOR('',#4473,39.3700787401575);
#2673=VECTOR('',#4474,39.3700787401575);
#2674=VECTOR('',#4475,39.3700787401575);
#2675=VECTOR('',#4476,39.3700787401575);
#2676=VECTOR('',#4479,39.3700787401575);
#2677=VECTOR('',#4480,39.3700787401575);
#2678=VECTOR('',#4481,39.3700787401575);
#2679=VECTOR('',#4484,39.3700787401575);
#2680=VECTOR('',#4485,39.3700787401575);
#2681=VECTOR('',#4486,39.3700787401575);
#2682=VECTOR('',#4489,39.3700787401575);
#2683=VECTOR('',#4490,39.3700787401575);
#2684=VECTOR('',#4491,39.3700787401575);
#2685=VECTOR('',#4494,39.3700787401575);
#2686=VECTOR('',#4495,39.3700787401575);
#2687=VECTOR('',#4496,39.3700787401575);
#2688=VECTOR('',#4499,39.3700787401575);
#2689=VECTOR('',#4500,39.3700787401575);
#2690=VECTOR('',#4501,39.3700787401575);
#2691=VECTOR('',#4504,39.3700787401575);
#2692=VECTOR('',#4505,39.3700787401575);
#2693=VECTOR('',#4506,39.3700787401575);
#2694=VECTOR('',#4509,39.3700787401575);
#2695=VECTOR('',#4510,39.3700787401575);
#2696=VECTOR('',#4511,39.3700787401575);
#2697=VECTOR('',#4514,39.3700787401575);
#2698=VECTOR('',#4515,39.3700787401575);
#2699=VECTOR('',#4518,39.3700787401575);
#2700=VECTOR('',#4521,39.3700787401575);
#2701=VECTOR('',#4524,39.3700787401575);
#2702=VECTOR('',#4525,39.3700787401575);
#2703=VECTOR('',#4528,39.3700787401575);
#2704=VECTOR('',#4529,39.3700787401575);
#2705=VECTOR('',#4532,39.3700787401575);
#2706=VECTOR('',#4535,39.3700787401575);
#2707=VECTOR('',#4536,39.3700787401575);
#2708=VECTOR('',#4539,39.3700787401575);
#2709=VECTOR('',#4540,39.3700787401575);
#2710=VECTOR('',#4543,39.3700787401575);
#2711=VECTOR('',#4544,39.3700787401575);
#2712=VECTOR('',#4547,39.3700787401575);
#2713=VECTOR('',#4550,39.3700787401575);
#2714=VECTOR('',#4553,39.3700787401575);
#2715=VECTOR('',#4554,39.3700787401575);
#2716=VECTOR('',#4557,39.3700787401575);
#2717=VECTOR('',#4558,39.3700787401575);
#2718=VECTOR('',#4561,39.3700787401575);
#2719=VECTOR('',#4566,39.3700787401575);
#2720=VECTOR('',#4567,39.3700787401575);
#2721=VECTOR('',#4568,39.3700787401575);
#2722=VECTOR('',#4571,39.3700787401575);
#2723=VECTOR('',#4576,39.3700787401575);
#2724=VECTOR('',#4577,39.3700787401575);
#2725=VECTOR('',#4578,39.3700787401575);
#2726=VECTOR('',#4581,39.3700787401575);
#2727=VECTOR('',#4582,39.3700787401575);
#2728=VECTOR('',#4585,39.3700787401575);
#2729=VECTOR('',#4586,39.3700787401575);
#2730=VECTOR('',#4589,39.3700787401575);
#2731=VECTOR('',#4590,39.3700787401575);
#2732=VECTOR('',#4593,39.3700787401575);
#2733=VECTOR('',#4594,39.3700787401575);
#2734=VECTOR('',#4597,39.3700787401575);
#2735=VECTOR('',#4600,39.3700787401575);
#2736=VECTOR('',#4603,39.3700787401575);
#2737=VECTOR('',#4604,39.3700787401575);
#2738=VECTOR('',#4607,39.3700787401575);
#2739=VECTOR('',#4608,39.3700787401575);
#2740=VECTOR('',#4611,39.3700787401575);
#2741=VECTOR('',#4616,39.3700787401575);
#2742=VECTOR('',#4617,39.3700787401575);
#2743=VECTOR('',#4618,39.3700787401575);
#2744=VECTOR('',#4621,39.3700787401575);
#2745=VECTOR('',#4626,39.3700787401575);
#2746=VECTOR('',#4627,39.3700787401575);
#2747=VECTOR('',#4628,39.3700787401575);
#2748=VECTOR('',#4631,39.3700787401575);
#2749=VECTOR('',#4632,39.3700787401575);
#2750=VECTOR('',#4635,39.3700787401575);
#2751=VECTOR('',#4636,39.3700787401575);
#2752=VECTOR('',#4639,39.3700787401575);
#2753=VECTOR('',#4640,39.3700787401575);
#2754=VECTOR('',#4643,39.3700787401575);
#2755=VECTOR('',#4644,39.3700787401575);
#2756=VECTOR('',#4647,39.3700787401575);
#2757=VECTOR('',#4650,39.3700787401575);
#2758=VECTOR('',#4653,39.3700787401575);
#2759=VECTOR('',#4654,39.3700787401575);
#2760=VECTOR('',#4657,39.3700787401575);
#2761=VECTOR('',#4658,39.3700787401575);
#2762=VECTOR('',#4661,39.3700787401575);
#2763=VECTOR('',#4666,39.3700787401575);
#2764=VECTOR('',#4667,39.3700787401575);
#2765=VECTOR('',#4668,39.3700787401575);
#2766=VECTOR('',#4671,39.3700787401575);
#2767=VECTOR('',#4676,39.3700787401575);
#2768=VECTOR('',#4677,39.3700787401575);
#2769=VECTOR('',#4678,39.3700787401575);
#2770=VECTOR('',#4681,39.3700787401575);
#2771=VECTOR('',#4682,39.3700787401575);
#2772=VECTOR('',#4685,39.3700787401575);
#2773=VECTOR('',#4686,39.3700787401575);
#2774=VECTOR('',#4689,39.3700787401575);
#2775=VECTOR('',#4690,39.3700787401575);
#2776=VECTOR('',#4693,39.3700787401575);
#2777=VECTOR('',#4694,39.3700787401575);
#2778=VECTOR('',#4697,39.3700787401575);
#2779=VECTOR('',#4700,39.3700787401575);
#2780=VECTOR('',#4703,39.3700787401575);
#2781=VECTOR('',#4704,39.3700787401575);
#2782=VECTOR('',#4707,39.3700787401575);
#2783=VECTOR('',#4708,39.3700787401575);
#2784=VECTOR('',#4711,39.3700787401575);
#2785=VECTOR('',#4716,39.3700787401575);
#2786=VECTOR('',#4717,39.3700787401575);
#2787=VECTOR('',#4718,39.3700787401575);
#2788=VECTOR('',#4721,39.3700787401575);
#2789=VECTOR('',#4726,39.3700787401575);
#2790=VECTOR('',#4727,39.3700787401575);
#2791=VECTOR('',#4728,39.3700787401575);
#2792=VECTOR('',#4731,39.3700787401575);
#2793=VECTOR('',#4732,39.3700787401575);
#2794=VECTOR('',#4735,39.3700787401575);
#2795=VECTOR('',#4736,39.3700787401575);
#2796=VECTOR('',#4739,39.3700787401575);
#2797=VECTOR('',#4740,39.3700787401575);
#2798=VECTOR('',#4743,39.3700787401575);
#2799=VECTOR('',#4744,39.3700787401575);
#2800=VECTOR('',#4747,39.3700787401575);
#2801=VECTOR('',#4750,39.3700787401575);
#2802=VECTOR('',#4753,39.3700787401575);
#2803=VECTOR('',#4754,39.3700787401575);
#2804=VECTOR('',#4757,39.3700787401575);
#2805=VECTOR('',#4758,39.3700787401575);
#2806=VECTOR('',#4761,39.3700787401575);
#2807=VECTOR('',#4766,39.3700787401575);
#2808=VECTOR('',#4767,39.3700787401575);
#2809=VECTOR('',#4768,39.3700787401575);
#2810=VECTOR('',#4771,39.3700787401575);
#2811=VECTOR('',#4776,39.3700787401575);
#2812=VECTOR('',#4777,39.3700787401575);
#2813=VECTOR('',#4778,39.3700787401575);
#2814=VECTOR('',#4781,39.3700787401575);
#2815=VECTOR('',#4782,39.3700787401575);
#2816=VECTOR('',#4785,39.3700787401575);
#2817=VECTOR('',#4786,39.3700787401575);
#2818=VECTOR('',#4789,39.3700787401575);
#2819=VECTOR('',#4790,39.3700787401575);
#2820=VECTOR('',#4793,39.3700787401575);
#2821=VECTOR('',#4794,39.3700787401575);
#2822=VECTOR('',#4797,39.3700787401575);
#2823=VECTOR('',#4800,39.3700787401575);
#2824=VECTOR('',#4803,39.3700787401575);
#2825=VECTOR('',#4804,39.3700787401575);
#2826=VECTOR('',#4807,39.3700787401575);
#2827=VECTOR('',#4808,39.3700787401575);
#2828=VECTOR('',#4811,39.3700787401575);
#2829=VECTOR('',#4816,39.3700787401575);
#2830=VECTOR('',#4817,39.3700787401575);
#2831=VECTOR('',#4818,39.3700787401575);
#2832=VECTOR('',#4821,39.3700787401575);
#2833=VECTOR('',#4826,39.3700787401575);
#2834=VECTOR('',#4827,39.3700787401575);
#2835=VECTOR('',#4828,39.3700787401575);
#2836=VECTOR('',#4831,39.3700787401575);
#2837=VECTOR('',#4832,39.3700787401575);
#2838=VECTOR('',#4835,39.3700787401575);
#2839=VECTOR('',#4836,39.3700787401575);
#2840=VECTOR('',#4839,39.3700787401575);
#2841=VECTOR('',#4840,39.3700787401575);
#2842=VECTOR('',#4843,39.3700787401575);
#2843=VECTOR('',#4844,39.3700787401575);
#2844=VECTOR('',#4845,39.3700787401575);
#2845=VECTOR('',#4848,39.3700787401575);
#2846=VECTOR('',#4849,39.3700787401575);
#2847=VECTOR('',#4850,39.3700787401575);
#2848=VECTOR('',#4855,39.3700787401575);
#2849=VECTOR('',#4856,39.3700787401575);
#2850=VECTOR('',#4859,39.3700787401575);
#2851=VECTOR('',#4864,39.3700787401575);
#2852=VECTOR('',#4865,39.3700787401575);
#2853=VECTOR('',#4868,39.3700787401575);
#2854=VECTOR('',#4869,39.3700787401575);
#2855=VECTOR('',#4872,39.3700787401575);
#2856=VECTOR('',#4875,39.3700787401575);
#2857=VECTOR('',#4878,39.3700787401575);
#2858=VECTOR('',#4881,39.3700787401575);
#2859=VECTOR('',#4884,39.3700787401575);
#2860=VECTOR('',#4887,39.3700787401575);
#2861=VECTOR('',#4890,39.3700787401575);
#2862=VECTOR('',#4893,39.3700787401575);
#2863=VECTOR('',#4894,39.3700787401575);
#2864=VECTOR('',#4895,39.3700787401575);
#2865=VECTOR('',#4896,39.3700787401575);
#2866=VECTOR('',#4897,39.3700787401575);
#2867=VECTOR('',#4898,39.3700787401575);
#2868=VECTOR('',#4899,39.3700787401575);
#2869=VECTOR('',#4900,39.3700787401575);
#2870=VECTOR('',#4903,39.3700787401575);
#2871=VECTOR('',#4908,39.3700787401575);
#2872=VECTOR('',#4913,39.3700787401575);
#2873=VECTOR('',#4918,39.3700787401575);
#2874=VECTOR('',#4923,39.3700787401575);
#2875=VECTOR('',#4928,39.3700787401575);
#2876=VECTOR('',#4933,39.3700787401575);
#2877=VECTOR('',#4940,39.3700787401575);
#2878=VECTOR('',#4941,39.3700787401575);
#2879=VECTOR('',#4942,39.3700787401575);
#2880=VECTOR('',#4943,39.3700787401575);
#2881=VECTOR('',#4944,39.3700787401575);
#2882=VECTOR('',#4945,39.3700787401575);
#2883=VECTOR('',#4946,39.3700787401575);
#2884=VECTOR('',#4947,39.3700787401575);
#2885=VECTOR('',#4964,39.3700787401575);
#2886=VECTOR('',#4967,39.3700787401575);
#2887=VECTOR('',#4968,39.3700787401575);
#2888=VECTOR('',#4969,39.3700787401575);
#2889=VECTOR('',#4970,39.3700787401575);
#2890=VECTOR('',#4971,39.3700787401575);
#2891=VECTOR('',#4972,39.3700787401575);
#2892=VECTOR('',#4973,39.3700787401575);
#2893=VECTOR('',#4990,39.3700787401575);
#2894=VECTOR('',#4991,39.3700787401575);
#2895=VECTOR('',#4994,39.3700787401575);
#2896=VECTOR('',#4995,39.3700787401575);
#2897=VECTOR('',#4998,39.3700787401575);
#2898=VECTOR('',#4999,39.3700787401575);
#2899=VECTOR('',#5002,39.3700787401575);
#2900=VECTOR('',#5003,39.3700787401575);
#2901=VECTOR('',#5006,39.3700787401575);
#2902=VECTOR('',#5007,39.3700787401575);
#2903=VECTOR('',#5010,39.3700787401575);
#2904=VECTOR('',#5011,39.3700787401575);
#2905=VECTOR('',#5014,39.3700787401575);
#2906=VECTOR('',#5027,39.3700787401575);
#2907=VECTOR('',#5030,39.3700787401575);
#2908=EDGE_LOOP('',(#162,#163,#164,#165));
#2909=EDGE_LOOP('',(#166,#167,#168,#169));
#2910=EDGE_LOOP('',(#170,#171,#172,#173,#174,#175,#176,#177,#178,#179,#180));
#2911=EDGE_LOOP('',(#181,#182,#183,#184,#185,#186,#187,#188,#189));
#2912=EDGE_LOOP('',(#190,#191,#192,#193,#194,#195,#196,#197,#198,#199));
#2913=EDGE_LOOP('',(#200,#201,#202,#203,#204,#205,#206,#207,#208,#209));
#2914=EDGE_LOOP('',(#210,#211,#212,#213));
#2915=EDGE_LOOP('',(#214,#215,#216,#217));
#2916=EDGE_LOOP('',(#218,#219,#220,#221));
#2917=EDGE_LOOP('',(#222,#223,#224,#225));
#2918=EDGE_LOOP('',(#226,#227,#228,#229));
#2919=EDGE_LOOP('',(#230,#231,#232,#233));
#2920=EDGE_LOOP('',(#234,#235,#236,#237));
#2921=EDGE_LOOP('',(#238,#239,#240,#241));
#2922=EDGE_LOOP('',(#242,#243,#244,#245,#246,#247,#248,#249));
#2923=EDGE_LOOP('',(#250,#251,#252,#253,#254,#255,#256,#257));
#2924=EDGE_LOOP('',(#258,#259,#260,#261));
#2925=EDGE_LOOP('',(#262,#263,#264,#265));
#2926=EDGE_LOOP('',(#266,#267,#268,#269,#270,#271));
#2927=EDGE_LOOP('',(#272,#273,#274,#275));
#2928=EDGE_LOOP('',(#276,#277,#278,#279));
#2929=EDGE_LOOP('',(#280,#281,#282,#283));
#2930=EDGE_LOOP('',(#284,#285,#286,#287));
#2931=EDGE_LOOP('',(#288,#289,#290,#291));
#2932=EDGE_LOOP('',(#292,#293,#294,#295,#296,#297));
#2933=EDGE_LOOP('',(#298,#299,#300,#301,#302,#303));
#2934=EDGE_LOOP('',(#304,#305,#306,#307));
#2935=EDGE_LOOP('',(#308,#309,#310,#311));
#2936=EDGE_LOOP('',(#312,#313,#314,#315,#316,#317,#318,#319));
#2937=EDGE_LOOP('',(#320,#321,#322,#323));
#2938=EDGE_LOOP('',(#324,#325,#326,#327,#328,#329,#330,#331));
#2939=EDGE_LOOP('',(#332,#333,#334,#335,#336,#337));
#2940=EDGE_LOOP('',(#338,#339,#340,#341));
#2941=EDGE_LOOP('',(#342,#343,#344,#345));
#2942=EDGE_LOOP('',(#346,#347,#348,#349));
#2943=EDGE_LOOP('',(#350,#351,#352,#353));
#2944=EDGE_LOOP('',(#354,#355,#356,#357,#358));
#2945=EDGE_LOOP('',(#359,#360,#361,#362,#363));
#2946=EDGE_LOOP('',(#364,#365,#366,#367));
#2947=EDGE_LOOP('',(#368,#369,#370,#371));
#2948=EDGE_LOOP('',(#372,#373,#374,#375));
#2949=EDGE_LOOP('',(#376,#377,#378,#379));
#2950=EDGE_LOOP('',(#380));
#2951=EDGE_LOOP('',(#381));
#2952=EDGE_LOOP('',(#382));
#2953=EDGE_LOOP('',(#383));
#2954=EDGE_LOOP('',(#384));
#2955=EDGE_LOOP('',(#385));
#2956=EDGE_LOOP('',(#386));
#2957=EDGE_LOOP('',(#387));
#2958=EDGE_LOOP('',(#388));
#2959=EDGE_LOOP('',(#389));
#2960=EDGE_LOOP('',(#390));
#2961=EDGE_LOOP('',(#391));
#2962=EDGE_LOOP('',(#392));
#2963=EDGE_LOOP('',(#393));
#2964=EDGE_LOOP('',(#394,#395,#396,#397));
#2965=EDGE_LOOP('',(#398));
#2966=EDGE_LOOP('',(#399));
#2967=EDGE_LOOP('',(#400));
#2968=EDGE_LOOP('',(#401));
#2969=EDGE_LOOP('',(#402));
#2970=EDGE_LOOP('',(#403));
#2971=EDGE_LOOP('',(#404));
#2972=EDGE_LOOP('',(#405));
#2973=EDGE_LOOP('',(#406));
#2974=EDGE_LOOP('',(#407));
#2975=EDGE_LOOP('',(#408));
#2976=EDGE_LOOP('',(#409));
#2977=EDGE_LOOP('',(#410));
#2978=EDGE_LOOP('',(#411));
#2979=EDGE_LOOP('',(#412));
#2980=EDGE_LOOP('',(#413));
#2981=EDGE_LOOP('',(#414));
#2982=EDGE_LOOP('',(#415));
#2983=EDGE_LOOP('',(#416));
#2984=EDGE_LOOP('',(#417));
#2985=EDGE_LOOP('',(#418));
#2986=EDGE_LOOP('',(#419));
#2987=EDGE_LOOP('',(#420));
#2988=EDGE_LOOP('',(#421));
#2989=EDGE_LOOP('',(#422));
#2990=EDGE_LOOP('',(#423));
#2991=EDGE_LOOP('',(#424));
#2992=EDGE_LOOP('',(#425));
#2993=EDGE_LOOP('',(#426));
#2994=EDGE_LOOP('',(#427));
#2995=EDGE_LOOP('',(#428));
#2996=EDGE_LOOP('',(#429));
#2997=EDGE_LOOP('',(#430));
#2998=EDGE_LOOP('',(#431));
#2999=EDGE_LOOP('',(#432));
#3000=EDGE_LOOP('',(#433));
#3001=EDGE_LOOP('',(#434));
#3002=EDGE_LOOP('',(#435));
#3003=EDGE_LOOP('',(#436));
#3004=EDGE_LOOP('',(#437));
#3005=EDGE_LOOP('',(#438));
#3006=EDGE_LOOP('',(#439));
#3007=EDGE_LOOP('',(#440,#441,#442,#443));
#3008=EDGE_LOOP('',(#444,#445,#446,#447,#448,#449,#450,#451,#452,#453,#454,
#455));
#3009=EDGE_LOOP('',(#456,#457,#458,#459,#460,#461,#462,#463,#464,#465,#466,
#467));
#3010=EDGE_LOOP('',(#468,#469,#470,#471));
#3011=EDGE_LOOP('',(#472,#473,#474,#475));
#3012=EDGE_LOOP('',(#476,#477,#478,#479));
#3013=EDGE_LOOP('',(#480,#481,#482,#483));
#3014=EDGE_LOOP('',(#484,#485,#486,#487));
#3015=EDGE_LOOP('',(#488,#489,#490,#491));
#3016=EDGE_LOOP('',(#492,#493,#494,#495));
#3017=EDGE_LOOP('',(#496,#497,#498,#499));
#3018=EDGE_LOOP('',(#500,#501,#502,#503));
#3019=EDGE_LOOP('',(#504,#505,#506,#507));
#3020=EDGE_LOOP('',(#508,#509,#510,#511));
#3021=EDGE_LOOP('',(#512,#513,#514,#515));
#3022=EDGE_LOOP('',(#516,#517,#518,#519));
#3023=EDGE_LOOP('',(#520,#521,#522,#523));
#3024=EDGE_LOOP('',(#524,#525,#526,#527));
#3025=EDGE_LOOP('',(#528,#529,#530,#531));
#3026=EDGE_LOOP('',(#532,#533,#534,#535));
#3027=EDGE_LOOP('',(#536,#537,#538,#539));
#3028=EDGE_LOOP('',(#540,#541,#542,#543));
#3029=EDGE_LOOP('',(#544,#545,#546,#547));
#3030=EDGE_LOOP('',(#548,#549,#550,#551));
#3031=EDGE_LOOP('',(#552,#553,#554,#555));
#3032=EDGE_LOOP('',(#556,#557,#558,#559));
#3033=EDGE_LOOP('',(#560,#561,#562,#563,#564,#565,#566,#567));
#3034=EDGE_LOOP('',(#568,#569,#570,#571,#572,#573,#574,#575));
#3035=EDGE_LOOP('',(#576,#577,#578,#579));
#3036=EDGE_LOOP('',(#580,#581,#582,#583));
#3037=EDGE_LOOP('',(#584,#585,#586,#587,#588,#589,#590,#591));
#3038=EDGE_LOOP('',(#592,#593,#594,#595,#596,#597,#598,#599));
#3039=EDGE_LOOP('',(#600,#601,#602,#603,#604,#605,#606,#607));
#3040=EDGE_LOOP('',(#608,#609,#610,#611,#612,#613,#614,#615));
#3041=EDGE_LOOP('',(#616,#617,#618,#619));
#3042=EDGE_LOOP('',(#620,#621,#622,#623));
#3043=EDGE_LOOP('',(#624,#625,#626,#627,#628,#629,#630,#631));
#3044=EDGE_LOOP('',(#632,#633,#634,#635,#636,#637,#638,#639));
#3045=EDGE_LOOP('',(#640,#641,#642,#643,#644,#645,#646,#647));
#3046=EDGE_LOOP('',(#648,#649,#650,#651,#652,#653,#654,#655));
#3047=EDGE_LOOP('',(#656,#657,#658,#659));
#3048=EDGE_LOOP('',(#660,#661,#662,#663));
#3049=EDGE_LOOP('',(#664,#665,#666,#667,#668,#669,#670,#671));
#3050=EDGE_LOOP('',(#672,#673,#674,#675,#676,#677,#678,#679));
#3051=EDGE_LOOP('',(#680,#681,#682,#683,#684,#685,#686,#687));
#3052=EDGE_LOOP('',(#688,#689,#690,#691,#692,#693,#694,#695));
#3053=EDGE_LOOP('',(#696,#697,#698,#699));
#3054=EDGE_LOOP('',(#700,#701,#702,#703));
#3055=EDGE_LOOP('',(#704,#705,#706,#707,#708,#709,#710,#711));
#3056=EDGE_LOOP('',(#712,#713,#714,#715,#716,#717,#718,#719));
#3057=EDGE_LOOP('',(#720,#721,#722,#723,#724,#725,#726,#727));
#3058=EDGE_LOOP('',(#728,#729,#730,#731,#732,#733,#734,#735));
#3059=EDGE_LOOP('',(#736,#737,#738,#739));
#3060=EDGE_LOOP('',(#740,#741,#742,#743));
#3061=EDGE_LOOP('',(#744,#745,#746,#747,#748,#749,#750,#751));
#3062=EDGE_LOOP('',(#752,#753,#754,#755,#756,#757,#758,#759));
#3063=EDGE_LOOP('',(#760,#761,#762,#763,#764,#765,#766,#767));
#3064=EDGE_LOOP('',(#768,#769,#770,#771,#772,#773,#774,#775));
#3065=EDGE_LOOP('',(#776,#777,#778,#779));
#3066=EDGE_LOOP('',(#780,#781,#782,#783));
#3067=EDGE_LOOP('',(#784,#785,#786,#787,#788,#789,#790,#791));
#3068=EDGE_LOOP('',(#792,#793,#794,#795,#796,#797,#798,#799));
#3069=EDGE_LOOP('',(#800,#801,#802,#803,#804,#805,#806,#807));
#3070=EDGE_LOOP('',(#808,#809,#810,#811,#812,#813,#814,#815));
#3071=EDGE_LOOP('',(#816,#817,#818,#819));
#3072=EDGE_LOOP('',(#820,#821,#822,#823));
#3073=EDGE_LOOP('',(#824,#825,#826,#827));
#3074=EDGE_LOOP('',(#828,#829,#830,#831));
#3075=EDGE_LOOP('',(#832,#833,#834,#835,#836,#837,#838,#839));
#3076=EDGE_LOOP('',(#840,#841,#842,#843,#844,#845,#846,#847));
#3077=EDGE_LOOP('',(#848,#849,#850,#851));
#3078=EDGE_LOOP('',(#852,#853,#854,#855));
#3079=EDGE_LOOP('',(#856,#857,#858,#859));
#3080=EDGE_LOOP('',(#860,#861,#862,#863));
#3081=EDGE_LOOP('',(#864,#865,#866,#867));
#3082=EDGE_LOOP('',(#868,#869,#870,#871));
#3083=EDGE_LOOP('',(#872,#873,#874,#875));
#3084=EDGE_LOOP('',(#876,#877,#878,#879,#880,#881,#882,#883,#884,#885,#886,
#887,#888,#889,#890,#891,#892,#893,#894,#895,#896,#897,#898,#899,#900,#901,
#902,#903,#904,#905,#906,#907));
#3085=EDGE_LOOP('',(#908,#909,#910,#911));
#3086=EDGE_LOOP('',(#912,#913,#914,#915));
#3087=EDGE_LOOP('',(#916,#917,#918,#919));
#3088=EDGE_LOOP('',(#920,#921,#922,#923));
#3089=EDGE_LOOP('',(#924,#925,#926,#927));
#3090=EDGE_LOOP('',(#928,#929,#930,#931));
#3091=EDGE_LOOP('',(#932,#933,#934,#935));
#3092=EDGE_LOOP('',(#936,#937,#938,#939));
#3093=EDGE_LOOP('',(#940,#941,#942,#943));
#3094=EDGE_LOOP('',(#944,#945,#946,#947));
#3095=EDGE_LOOP('',(#948,#949,#950,#951));
#3096=EDGE_LOOP('',(#952,#953,#954,#955));
#3097=EDGE_LOOP('',(#956,#957,#958,#959));
#3098=EDGE_LOOP('',(#960,#961,#962,#963));
#3099=EDGE_LOOP('',(#964,#965,#966,#967));
#3100=EDGE_LOOP('',(#968,#969,#970,#971,#972,#973,#974,#975,#976,#977,#978,
#979,#980,#981,#982,#983,#984,#985,#986,#987,#988,#989,#990,#991,#992,#993,
#994,#995,#996,#997,#998,#999));
#3101=EDGE_LOOP('',(#1000,#1001,#1002,#1003));
#3102=EDGE_LOOP('',(#1004,#1005,#1006,#1007));
#3103=EDGE_LOOP('',(#1008,#1009,#1010,#1011));
#3104=EDGE_LOOP('',(#1012,#1013,#1014,#1015));
#3105=EDGE_LOOP('',(#1016,#1017,#1018,#1019));
#3106=EDGE_LOOP('',(#1020,#1021,#1022,#1023));
#3107=EDGE_LOOP('',(#1024,#1025,#1026,#1027));
#3108=EDGE_LOOP('',(#1028,#1029,#1030,#1031));
#3109=EDGE_LOOP('',(#1032,#1033,#1034,#1035,#1036,#1037,#1038,#1039,#1040,
#1041,#1042,#1043,#1044,#1045,#1046,#1047,#1048,#1049,#1050,#1051,#1052,
#1053,#1054,#1055,#1056,#1057,#1058,#1059,#1060,#1061,#1062,#1063));
#3110=EDGE_LOOP('',(#1064,#1065,#1066,#1067));
#3111=EDGE_LOOP('',(#1068,#1069,#1070,#1071));
#3112=EDGE_LOOP('',(#1072,#1073,#1074,#1075));
#3113=EDGE_LOOP('',(#1076,#1077,#1078,#1079));
#3114=EDGE_LOOP('',(#1080,#1081,#1082,#1083));
#3115=EDGE_LOOP('',(#1084,#1085,#1086,#1087));
#3116=EDGE_LOOP('',(#1088,#1089,#1090,#1091));
#3117=EDGE_LOOP('',(#1092,#1093,#1094,#1095));
#3118=EDGE_LOOP('',(#1096,#1097,#1098,#1099));
#3119=EDGE_LOOP('',(#1100,#1101,#1102,#1103));
#3120=EDGE_LOOP('',(#1104,#1105,#1106,#1107));
#3121=EDGE_LOOP('',(#1108,#1109,#1110,#1111));
#3122=EDGE_LOOP('',(#1112,#1113,#1114,#1115));
#3123=EDGE_LOOP('',(#1116,#1117,#1118,#1119));
#3124=EDGE_LOOP('',(#1120,#1121,#1122,#1123));
#3125=EDGE_LOOP('',(#1124,#1125,#1126,#1127));
#3126=EDGE_LOOP('',(#1128,#1129,#1130,#1131));
#3127=EDGE_LOOP('',(#1132,#1133,#1134,#1135));
#3128=EDGE_LOOP('',(#1136,#1137,#1138,#1139));
#3129=EDGE_LOOP('',(#1140,#1141,#1142,#1143));
#3130=EDGE_LOOP('',(#1144,#1145,#1146,#1147,#1148,#1149,#1150,#1151,#1152,
#1153,#1154,#1155,#1156,#1157,#1158,#1159,#1160,#1161,#1162,#1163,#1164,
#1165,#1166,#1167,#1168,#1169,#1170,#1171,#1172,#1173,#1174,#1175));
#3131=EDGE_LOOP('',(#1176,#1177,#1178,#1179));
#3132=EDGE_LOOP('',(#1180,#1181,#1182,#1183));
#3133=EDGE_LOOP('',(#1184,#1185,#1186,#1187));
#3134=FACE_BOUND('',#2908,.T.);
#3135=FACE_BOUND('',#2909,.T.);
#3136=FACE_BOUND('',#2910,.T.);
#3137=FACE_BOUND('',#2911,.T.);
#3138=FACE_BOUND('',#2912,.T.);
#3139=FACE_BOUND('',#2913,.T.);
#3140=FACE_BOUND('',#2914,.T.);
#3141=FACE_BOUND('',#2915,.T.);
#3142=FACE_BOUND('',#2916,.T.);
#3143=FACE_BOUND('',#2917,.T.);
#3144=FACE_BOUND('',#2918,.T.);
#3145=FACE_BOUND('',#2919,.T.);
#3146=FACE_BOUND('',#2920,.T.);
#3147=FACE_BOUND('',#2921,.T.);
#3148=FACE_BOUND('',#2922,.T.);
#3149=FACE_BOUND('',#2923,.T.);
#3150=FACE_BOUND('',#2924,.T.);
#3151=FACE_BOUND('',#2925,.T.);
#3152=FACE_BOUND('',#2926,.T.);
#3153=FACE_BOUND('',#2927,.T.);
#3154=FACE_BOUND('',#2928,.T.);
#3155=FACE_BOUND('',#2929,.T.);
#3156=FACE_BOUND('',#2930,.T.);
#3157=FACE_BOUND('',#2931,.T.);
#3158=FACE_BOUND('',#2932,.T.);
#3159=FACE_BOUND('',#2933,.T.);
#3160=FACE_BOUND('',#2934,.T.);
#3161=FACE_BOUND('',#2935,.T.);
#3162=FACE_BOUND('',#2936,.T.);
#3163=FACE_BOUND('',#2937,.T.);
#3164=FACE_BOUND('',#2938,.T.);
#3165=FACE_BOUND('',#2939,.T.);
#3166=FACE_BOUND('',#2940,.T.);
#3167=FACE_BOUND('',#2941,.T.);
#3168=FACE_BOUND('',#2942,.T.);
#3169=FACE_BOUND('',#2943,.T.);
#3170=FACE_BOUND('',#2944,.T.);
#3171=FACE_BOUND('',#2945,.T.);
#3172=FACE_BOUND('',#2946,.T.);
#3173=FACE_BOUND('',#2947,.T.);
#3174=FACE_BOUND('',#2948,.T.);
#3175=FACE_BOUND('',#2949,.T.);
#3176=FACE_BOUND('',#2950,.T.);
#3177=FACE_BOUND('',#2951,.T.);
#3178=FACE_BOUND('',#2952,.T.);
#3179=FACE_BOUND('',#2953,.T.);
#3180=FACE_BOUND('',#2954,.T.);
#3181=FACE_BOUND('',#2955,.T.);
#3182=FACE_BOUND('',#2956,.T.);
#3183=FACE_BOUND('',#2957,.T.);
#3184=FACE_BOUND('',#2958,.T.);
#3185=FACE_BOUND('',#2959,.T.);
#3186=FACE_BOUND('',#2960,.T.);
#3187=FACE_BOUND('',#2961,.T.);
#3188=FACE_BOUND('',#2962,.T.);
#3189=FACE_BOUND('',#2963,.T.);
#3190=FACE_BOUND('',#2964,.T.);
#3191=FACE_BOUND('',#2965,.T.);
#3192=FACE_BOUND('',#2966,.T.);
#3193=FACE_BOUND('',#2967,.T.);
#3194=FACE_BOUND('',#2968,.T.);
#3195=FACE_BOUND('',#2969,.T.);
#3196=FACE_BOUND('',#2970,.T.);
#3197=FACE_BOUND('',#2971,.T.);
#3198=FACE_BOUND('',#2972,.T.);
#3199=FACE_BOUND('',#2973,.T.);
#3200=FACE_BOUND('',#2974,.T.);
#3201=FACE_BOUND('',#2975,.T.);
#3202=FACE_BOUND('',#2976,.T.);
#3203=FACE_BOUND('',#2977,.T.);
#3204=FACE_BOUND('',#2978,.T.);
#3205=FACE_BOUND('',#2979,.T.);
#3206=FACE_BOUND('',#2980,.T.);
#3207=FACE_BOUND('',#2981,.T.);
#3208=FACE_BOUND('',#2982,.T.);
#3209=FACE_BOUND('',#2983,.T.);
#3210=FACE_BOUND('',#2984,.T.);
#3211=FACE_BOUND('',#2985,.T.);
#3212=FACE_BOUND('',#2986,.T.);
#3213=FACE_BOUND('',#2987,.T.);
#3214=FACE_BOUND('',#2988,.T.);
#3215=FACE_BOUND('',#2989,.T.);
#3216=FACE_BOUND('',#2990,.T.);
#3217=FACE_BOUND('',#2991,.T.);
#3218=FACE_BOUND('',#2992,.T.);
#3219=FACE_BOUND('',#2993,.T.);
#3220=FACE_BOUND('',#2994,.T.);
#3221=FACE_BOUND('',#2995,.T.);
#3222=FACE_BOUND('',#2996,.T.);
#3223=FACE_BOUND('',#2997,.T.);
#3224=FACE_BOUND('',#2998,.T.);
#3225=FACE_BOUND('',#2999,.T.);
#3226=FACE_BOUND('',#3000,.T.);
#3227=FACE_BOUND('',#3001,.T.);
#3228=FACE_BOUND('',#3002,.T.);
#3229=FACE_BOUND('',#3003,.T.);
#3230=FACE_BOUND('',#3004,.T.);
#3231=FACE_BOUND('',#3005,.T.);
#3232=FACE_BOUND('',#3006,.T.);
#3233=FACE_BOUND('',#3007,.T.);
#3234=FACE_BOUND('',#3008,.T.);
#3235=FACE_BOUND('',#3009,.T.);
#3236=FACE_BOUND('',#3010,.T.);
#3237=FACE_BOUND('',#3011,.T.);
#3238=FACE_BOUND('',#3012,.T.);
#3239=FACE_BOUND('',#3013,.T.);
#3240=FACE_BOUND('',#3014,.T.);
#3241=FACE_BOUND('',#3015,.T.);
#3242=FACE_BOUND('',#3016,.T.);
#3243=FACE_BOUND('',#3017,.T.);
#3244=FACE_BOUND('',#3018,.T.);
#3245=FACE_BOUND('',#3019,.T.);
#3246=FACE_BOUND('',#3020,.T.);
#3247=FACE_BOUND('',#3021,.T.);
#3248=FACE_BOUND('',#3022,.T.);
#3249=FACE_BOUND('',#3023,.T.);
#3250=FACE_BOUND('',#3024,.T.);
#3251=FACE_BOUND('',#3025,.T.);
#3252=FACE_BOUND('',#3026,.T.);
#3253=FACE_BOUND('',#3027,.T.);
#3254=FACE_BOUND('',#3028,.T.);
#3255=FACE_BOUND('',#3029,.T.);
#3256=FACE_BOUND('',#3030,.T.);
#3257=FACE_BOUND('',#3031,.T.);
#3258=FACE_BOUND('',#3032,.T.);
#3259=FACE_BOUND('',#3033,.T.);
#3260=FACE_BOUND('',#3034,.T.);
#3261=FACE_BOUND('',#3035,.T.);
#3262=FACE_BOUND('',#3036,.T.);
#3263=FACE_BOUND('',#3037,.T.);
#3264=FACE_BOUND('',#3038,.T.);
#3265=FACE_BOUND('',#3039,.T.);
#3266=FACE_BOUND('',#3040,.T.);
#3267=FACE_BOUND('',#3041,.T.);
#3268=FACE_BOUND('',#3042,.T.);
#3269=FACE_BOUND('',#3043,.T.);
#3270=FACE_BOUND('',#3044,.T.);
#3271=FACE_BOUND('',#3045,.T.);
#3272=FACE_BOUND('',#3046,.T.);
#3273=FACE_BOUND('',#3047,.T.);
#3274=FACE_BOUND('',#3048,.T.);
#3275=FACE_BOUND('',#3049,.T.);
#3276=FACE_BOUND('',#3050,.T.);
#3277=FACE_BOUND('',#3051,.T.);
#3278=FACE_BOUND('',#3052,.T.);
#3279=FACE_BOUND('',#3053,.T.);
#3280=FACE_BOUND('',#3054,.T.);
#3281=FACE_BOUND('',#3055,.T.);
#3282=FACE_BOUND('',#3056,.T.);
#3283=FACE_BOUND('',#3057,.T.);
#3284=FACE_BOUND('',#3058,.T.);
#3285=FACE_BOUND('',#3059,.T.);
#3286=FACE_BOUND('',#3060,.T.);
#3287=FACE_BOUND('',#3061,.T.);
#3288=FACE_BOUND('',#3062,.T.);
#3289=FACE_BOUND('',#3063,.T.);
#3290=FACE_BOUND('',#3064,.T.);
#3291=FACE_BOUND('',#3065,.T.);
#3292=FACE_BOUND('',#3066,.T.);
#3293=FACE_BOUND('',#3067,.T.);
#3294=FACE_BOUND('',#3068,.T.);
#3295=FACE_BOUND('',#3069,.T.);
#3296=FACE_BOUND('',#3070,.T.);
#3297=FACE_BOUND('',#3071,.T.);
#3298=FACE_BOUND('',#3072,.T.);
#3299=FACE_BOUND('',#3073,.T.);
#3300=FACE_BOUND('',#3074,.T.);
#3301=FACE_BOUND('',#3075,.T.);
#3302=FACE_BOUND('',#3076,.T.);
#3303=FACE_BOUND('',#3077,.T.);
#3304=FACE_BOUND('',#3078,.T.);
#3305=FACE_BOUND('',#3079,.T.);
#3306=FACE_BOUND('',#3080,.T.);
#3307=FACE_BOUND('',#3081,.T.);
#3308=FACE_BOUND('',#3082,.T.);
#3309=FACE_BOUND('',#3083,.T.);
#3310=FACE_BOUND('',#3084,.T.);
#3311=FACE_BOUND('',#3085,.T.);
#3312=FACE_BOUND('',#3086,.T.);
#3313=FACE_BOUND('',#3087,.T.);
#3314=FACE_BOUND('',#3088,.T.);
#3315=FACE_BOUND('',#3089,.T.);
#3316=FACE_BOUND('',#3090,.T.);
#3317=FACE_BOUND('',#3091,.T.);
#3318=FACE_BOUND('',#3092,.T.);
#3319=FACE_BOUND('',#3093,.T.);
#3320=FACE_BOUND('',#3094,.T.);
#3321=FACE_BOUND('',#3095,.T.);
#3322=FACE_BOUND('',#3096,.T.);
#3323=FACE_BOUND('',#3097,.T.);
#3324=FACE_BOUND('',#3098,.T.);
#3325=FACE_BOUND('',#3099,.T.);
#3326=FACE_BOUND('',#3100,.T.);
#3327=FACE_BOUND('',#3101,.T.);
#3328=FACE_BOUND('',#3102,.T.);
#3329=FACE_BOUND('',#3103,.T.);
#3330=FACE_BOUND('',#3104,.T.);
#3331=FACE_BOUND('',#3105,.T.);
#3332=FACE_BOUND('',#3106,.T.);
#3333=FACE_BOUND('',#3107,.T.);
#3334=FACE_BOUND('',#3108,.T.);
#3335=FACE_BOUND('',#3109,.T.);
#3336=FACE_BOUND('',#3110,.T.);
#3337=FACE_BOUND('',#3111,.T.);
#3338=FACE_BOUND('',#3112,.T.);
#3339=FACE_BOUND('',#3113,.T.);
#3340=FACE_BOUND('',#3114,.T.);
#3341=FACE_BOUND('',#3115,.T.);
#3342=FACE_BOUND('',#3116,.T.);
#3343=FACE_BOUND('',#3117,.T.);
#3344=FACE_BOUND('',#3118,.T.);
#3345=FACE_BOUND('',#3119,.T.);
#3346=FACE_BOUND('',#3120,.T.);
#3347=FACE_BOUND('',#3121,.T.);
#3348=FACE_BOUND('',#3122,.T.);
#3349=FACE_BOUND('',#3123,.T.);
#3350=FACE_BOUND('',#3124,.T.);
#3351=FACE_BOUND('',#3125,.T.);
#3352=FACE_BOUND('',#3126,.T.);
#3353=FACE_BOUND('',#3127,.T.);
#3354=FACE_BOUND('',#3128,.T.);
#3355=FACE_BOUND('',#3129,.T.);
#3356=FACE_BOUND('',#3130,.T.);
#3357=FACE_BOUND('',#3131,.T.);
#3358=FACE_BOUND('',#3132,.T.);
#3359=FACE_BOUND('',#3133,.T.);
#3360=PLANE('',#3753);
#3361=PLANE('',#3754);
#3362=PLANE('',#3755);
#3363=PLANE('',#3756);
#3364=PLANE('',#3757);
#3365=PLANE('',#3758);
#3366=PLANE('',#3759);
#3367=PLANE('',#3760);
#3368=PLANE('',#3761);
#3369=PLANE('',#3762);
#3370=PLANE('',#3763);
#3371=PLANE('',#3764);
#3372=PLANE('',#3765);
#3373=PLANE('',#3766);
#3374=PLANE('',#3767);
#3375=PLANE('',#3768);
#3376=PLANE('',#3769);
#3377=PLANE('',#3770);
#3378=PLANE('',#3771);
#3379=PLANE('',#3772);
#3380=PLANE('',#3773);
#3381=PLANE('',#3774);
#3382=PLANE('',#3775);
#3383=PLANE('',#3776);
#3384=PLANE('',#3777);
#3385=PLANE('',#3778);
#3386=PLANE('',#3779);
#3387=PLANE('',#3780);
#3388=PLANE('',#3781);
#3389=PLANE('',#3782);
#3390=PLANE('',#3783);
#3391=PLANE('',#3784);
#3392=PLANE('',#3785);
#3393=PLANE('',#3786);
#3394=PLANE('',#3787);
#3395=PLANE('',#3788);
#3396=PLANE('',#3789);
#3397=PLANE('',#3790);
#3398=PLANE('',#3792);
#3399=PLANE('',#3793);
#3400=PLANE('',#3794);
#3401=PLANE('',#3795);
#3402=PLANE('',#3796);
#3403=PLANE('',#3839);
#3404=PLANE('',#3840);
#3405=PLANE('',#3841);
#3406=PLANE('',#3842);
#3407=PLANE('',#3843);
#3408=PLANE('',#3844);
#3409=PLANE('',#3845);
#3410=PLANE('',#3846);
#3411=PLANE('',#3847);
#3412=PLANE('',#3848);
#3413=PLANE('',#3849);
#3414=PLANE('',#3850);
#3415=PLANE('',#3851);
#3416=PLANE('',#3852);
#3417=PLANE('',#3853);
#3418=PLANE('',#3855);
#3419=PLANE('',#3856);
#3420=PLANE('',#3857);
#3421=PLANE('',#3858);
#3422=PLANE('',#3859);
#3423=PLANE('',#3860);
#3424=PLANE('',#3861);
#3425=PLANE('',#3862);
#3426=PLANE('',#3863);
#3427=PLANE('',#3864);
#3428=PLANE('',#3865);
#3429=PLANE('',#3866);
#3430=PLANE('',#3867);
#3431=PLANE('',#3868);
#3432=PLANE('',#3869);
#3433=PLANE('',#3870);
#3434=PLANE('',#3871);
#3435=PLANE('',#3872);
#3436=PLANE('',#3873);
#3437=PLANE('',#3874);
#3438=PLANE('',#3875);
#3439=PLANE('',#3876);
#3440=PLANE('',#3877);
#3441=PLANE('',#3878);
#3442=PLANE('',#3879);
#3443=PLANE('',#3880);
#3444=PLANE('',#3883);
#3445=PLANE('',#3886);
#3446=PLANE('',#3887);
#3447=PLANE('',#3888);
#3448=PLANE('',#3891);
#3449=PLANE('',#3894);
#3450=PLANE('',#3897);
#3451=PLANE('',#3900);
#3452=PLANE('',#3901);
#3453=PLANE('',#3902);
#3454=PLANE('',#3905);
#3455=PLANE('',#3908);
#3456=PLANE('',#3911);
#3457=PLANE('',#3914);
#3458=PLANE('',#3915);
#3459=PLANE('',#3916);
#3460=PLANE('',#3919);
#3461=PLANE('',#3922);
#3462=PLANE('',#3925);
#3463=PLANE('',#3928);
#3464=PLANE('',#3929);
#3465=PLANE('',#3930);
#3466=PLANE('',#3933);
#3467=PLANE('',#3936);
#3468=PLANE('',#3939);
#3469=PLANE('',#3942);
#3470=PLANE('',#3943);
#3471=PLANE('',#3944);
#3472=PLANE('',#3947);
#3473=PLANE('',#3950);
#3474=PLANE('',#3953);
#3475=PLANE('',#3956);
#3476=PLANE('',#3957);
#3477=PLANE('',#3958);
#3478=PLANE('',#3961);
#3479=PLANE('',#3964);
#3480=PLANE('',#3967);
#3481=PLANE('',#3970);
#3482=PLANE('',#3971);
#3483=PLANE('',#3972);
#3484=PLANE('',#3973);
#3485=PLANE('',#3974);
#3486=PLANE('',#3977);
#3487=PLANE('',#3980);
#3488=PLANE('',#3981);
#3489=PLANE('',#3982);
#3490=PLANE('',#3983);
#3491=PLANE('',#3984);
#3492=PLANE('',#3985);
#3493=PLANE('',#3986);
#3494=PLANE('',#3987);
#3495=PLANE('',#3989);
#3496=PLANE('',#3991);
#3497=PLANE('',#3993);
#3498=PLANE('',#3995);
#3499=PLANE('',#3997);
#3500=PLANE('',#3999);
#3501=PLANE('',#4001);
#3502=PLANE('',#4002);
#3503=PLANE('',#4003);
#3504=PLANE('',#4012);
#3505=PLANE('',#4019);
#3506=PLANE('',#4026);
#3507=PLANE('',#4027);
#3508=PLANE('',#4028);
#3509=PLANE('',#4029);
#3510=PLANE('',#4030);
#3511=PLANE('',#4031);
#3512=PLANE('',#4032);
#3513=PLANE('',#4033);
#3514=PLANE('',#4035);
#3515=PLANE('',#4036);
#3516=ADVANCED_FACE('',(#3134),#3360,.T.);
#3517=ADVANCED_FACE('',(#3135),#3361,.T.);
#3518=ADVANCED_FACE('',(#3136),#3362,.T.);
#3519=ADVANCED_FACE('',(#3137),#3363,.T.);
#3520=ADVANCED_FACE('',(#3138),#3364,.F.);
#3521=ADVANCED_FACE('',(#3139),#3365,.F.);
#3522=ADVANCED_FACE('',(#3140),#3366,.T.);
#3523=ADVANCED_FACE('',(#3141),#3367,.T.);
#3524=ADVANCED_FACE('',(#3142),#3368,.T.);
#3525=ADVANCED_FACE('',(#3143),#3369,.T.);
#3526=ADVANCED_FACE('',(#3144),#3370,.T.);
#3527=ADVANCED_FACE('',(#3145),#3371,.T.);
#3528=ADVANCED_FACE('',(#3146),#3372,.T.);
#3529=ADVANCED_FACE('',(#3147),#3373,.F.);
#3530=ADVANCED_FACE('',(#3148),#3374,.F.);
#3531=ADVANCED_FACE('',(#3149),#3375,.F.);
#3532=ADVANCED_FACE('',(#3150),#3376,.F.);
#3533=ADVANCED_FACE('',(#3151),#3377,.F.);
#3534=ADVANCED_FACE('',(#3152),#3378,.F.);
#3535=ADVANCED_FACE('',(#3153),#3379,.T.);
#3536=ADVANCED_FACE('',(#3154),#3380,.T.);
#3537=ADVANCED_FACE('',(#3155),#3381,.T.);
#3538=ADVANCED_FACE('',(#3156),#3382,.T.);
#3539=ADVANCED_FACE('',(#3157),#3383,.T.);
#3540=ADVANCED_FACE('',(#3158),#3384,.F.);
#3541=ADVANCED_FACE('',(#3159),#3385,.T.);
#3542=ADVANCED_FACE('',(#3160),#3386,.T.);
#3543=ADVANCED_FACE('',(#3161),#3387,.F.);
#3544=ADVANCED_FACE('',(#3162),#3388,.F.);
#3545=ADVANCED_FACE('',(#3163),#3389,.F.);
#3546=ADVANCED_FACE('',(#3164),#3390,.F.);
#3547=ADVANCED_FACE('',(#3165),#3391,.T.);
#3548=ADVANCED_FACE('',(#3166),#3392,.T.);
#3549=ADVANCED_FACE('',(#3167),#3393,.T.);
#3550=ADVANCED_FACE('',(#3168),#3394,.T.);
#3551=ADVANCED_FACE('',(#3169),#3395,.T.);
#3552=ADVANCED_FACE('',(#3170),#3396,.F.);
#3553=ADVANCED_FACE('',(#3171),#3397,.T.);
#3554=ADVANCED_FACE('',(#3172),#3398,.F.);
#3555=ADVANCED_FACE('',(#3173),#3399,.F.);
#3556=ADVANCED_FACE('',(#3174),#3400,.T.);
#3557=ADVANCED_FACE('',(#3175),#3401,.T.);
#3558=ADVANCED_FACE('',(#3176,#3177,#3178,#3179,#3180,#3181,#3182,#3183,
#3184,#3185,#3186,#3187,#3188,#3189,#3190),#3402,.T.);
#3559=ADVANCED_FACE('',(#3191,#3192),#18,.T.);
#3560=ADVANCED_FACE('',(#3193,#3194),#19,.T.);
#3561=ADVANCED_FACE('',(#3195,#3196),#20,.T.);
#3562=ADVANCED_FACE('',(#3197,#3198),#21,.T.);
#3563=ADVANCED_FACE('',(#3199,#3200),#22,.T.);
#3564=ADVANCED_FACE('',(#3201,#3202),#23,.T.);
#3565=ADVANCED_FACE('',(#3203,#3204),#24,.T.);
#3566=ADVANCED_FACE('',(#3205,#3206),#25,.T.);
#3567=ADVANCED_FACE('',(#3207,#3208),#26,.T.);
#3568=ADVANCED_FACE('',(#3209,#3210),#27,.T.);
#3569=ADVANCED_FACE('',(#3211,#3212),#28,.T.);
#3570=ADVANCED_FACE('',(#3213,#3214),#29,.T.);
#3571=ADVANCED_FACE('',(#3215,#3216),#30,.T.);
#3572=ADVANCED_FACE('',(#3217,#3218),#31,.T.);
#3573=ADVANCED_FACE('',(#3219),#3403,.T.);
#3574=ADVANCED_FACE('',(#3220),#3404,.T.);
#3575=ADVANCED_FACE('',(#3221),#3405,.T.);
#3576=ADVANCED_FACE('',(#3222),#3406,.T.);
#3577=ADVANCED_FACE('',(#3223),#3407,.T.);
#3578=ADVANCED_FACE('',(#3224),#3408,.T.);
#3579=ADVANCED_FACE('',(#3225),#3409,.T.);
#3580=ADVANCED_FACE('',(#3226),#3410,.T.);
#3581=ADVANCED_FACE('',(#3227),#3411,.T.);
#3582=ADVANCED_FACE('',(#3228),#3412,.T.);
#3583=ADVANCED_FACE('',(#3229),#3413,.T.);
#3584=ADVANCED_FACE('',(#3230),#3414,.T.);
#3585=ADVANCED_FACE('',(#3231),#3415,.T.);
#3586=ADVANCED_FACE('',(#3232),#3416,.T.);
#3587=ADVANCED_FACE('',(#3233),#3417,.T.);
#3588=ADVANCED_FACE('',(#3234),#3418,.F.);
#3589=ADVANCED_FACE('',(#3235),#3419,.F.);
#3590=ADVANCED_FACE('',(#3236),#3420,.T.);
#3591=ADVANCED_FACE('',(#3237),#3421,.T.);
#3592=ADVANCED_FACE('',(#3238),#3422,.F.);
#3593=ADVANCED_FACE('',(#3239),#3423,.F.);
#3594=ADVANCED_FACE('',(#3240),#3424,.F.);
#3595=ADVANCED_FACE('',(#3241),#3425,.F.);
#3596=ADVANCED_FACE('',(#3242),#3426,.F.);
#3597=ADVANCED_FACE('',(#3243),#3427,.F.);
#3598=ADVANCED_FACE('',(#3244),#3428,.F.);
#3599=ADVANCED_FACE('',(#3245),#3429,.F.);
#3600=ADVANCED_FACE('',(#3246),#3430,.F.);
#3601=ADVANCED_FACE('',(#3247),#3431,.F.);
#3602=ADVANCED_FACE('',(#3248),#3432,.F.);
#3603=ADVANCED_FACE('',(#3249),#3433,.F.);
#3604=ADVANCED_FACE('',(#3250),#3434,.F.);
#3605=ADVANCED_FACE('',(#3251),#3435,.F.);
#3606=ADVANCED_FACE('',(#3252),#3436,.F.);
#3607=ADVANCED_FACE('',(#3253),#3437,.F.);
#3608=ADVANCED_FACE('',(#3254),#3438,.F.);
#3609=ADVANCED_FACE('',(#3255),#3439,.F.);
#3610=ADVANCED_FACE('',(#3256),#3440,.F.);
#3611=ADVANCED_FACE('',(#3257),#3441,.F.);
#3612=ADVANCED_FACE('',(#3258),#3442,.F.);
#3613=ADVANCED_FACE('',(#3259),#3443,.T.);
#3614=ADVANCED_FACE('',(#3260),#3444,.T.);
#3615=ADVANCED_FACE('',(#3261),#3445,.T.);
#3616=ADVANCED_FACE('',(#3262),#3446,.T.);
#3617=ADVANCED_FACE('',(#3263),#3447,.T.);
#3618=ADVANCED_FACE('',(#3264),#3448,.T.);
#3619=ADVANCED_FACE('',(#3265),#3449,.T.);
#3620=ADVANCED_FACE('',(#3266),#3450,.T.);
#3621=ADVANCED_FACE('',(#3267),#3451,.T.);
#3622=ADVANCED_FACE('',(#3268),#3452,.T.);
#3623=ADVANCED_FACE('',(#3269),#3453,.T.);
#3624=ADVANCED_FACE('',(#3270),#3454,.T.);
#3625=ADVANCED_FACE('',(#3271),#3455,.T.);
#3626=ADVANCED_FACE('',(#3272),#3456,.T.);
#3627=ADVANCED_FACE('',(#3273),#3457,.T.);
#3628=ADVANCED_FACE('',(#3274),#3458,.T.);
#3629=ADVANCED_FACE('',(#3275),#3459,.T.);
#3630=ADVANCED_FACE('',(#3276),#3460,.T.);
#3631=ADVANCED_FACE('',(#3277),#3461,.T.);
#3632=ADVANCED_FACE('',(#3278),#3462,.T.);
#3633=ADVANCED_FACE('',(#3279),#3463,.T.);
#3634=ADVANCED_FACE('',(#3280),#3464,.T.);
#3635=ADVANCED_FACE('',(#3281),#3465,.T.);
#3636=ADVANCED_FACE('',(#3282),#3466,.T.);
#3637=ADVANCED_FACE('',(#3283),#3467,.T.);
#3638=ADVANCED_FACE('',(#3284),#3468,.T.);
#3639=ADVANCED_FACE('',(#3285),#3469,.T.);
#3640=ADVANCED_FACE('',(#3286),#3470,.T.);
#3641=ADVANCED_FACE('',(#3287),#3471,.T.);
#3642=ADVANCED_FACE('',(#3288),#3472,.T.);
#3643=ADVANCED_FACE('',(#3289),#3473,.T.);
#3644=ADVANCED_FACE('',(#3290),#3474,.T.);
#3645=ADVANCED_FACE('',(#3291),#3475,.T.);
#3646=ADVANCED_FACE('',(#3292),#3476,.T.);
#3647=ADVANCED_FACE('',(#3293),#3477,.T.);
#3648=ADVANCED_FACE('',(#3294),#3478,.T.);
#3649=ADVANCED_FACE('',(#3295),#3479,.T.);
#3650=ADVANCED_FACE('',(#3296),#3480,.T.);
#3651=ADVANCED_FACE('',(#3297),#3481,.T.);
#3652=ADVANCED_FACE('',(#3298),#3482,.T.);
#3653=ADVANCED_FACE('',(#3299),#3483,.T.);
#3654=ADVANCED_FACE('',(#3300),#3484,.T.);
#3655=ADVANCED_FACE('',(#3301),#3485,.T.);
#3656=ADVANCED_FACE('',(#3302),#3486,.T.);
#3657=ADVANCED_FACE('',(#3303),#3487,.F.);
#3658=ADVANCED_FACE('',(#3304),#3488,.F.);
#3659=ADVANCED_FACE('',(#3305),#3489,.F.);
#3660=ADVANCED_FACE('',(#3306),#3490,.F.);
#3661=ADVANCED_FACE('',(#3307),#3491,.F.);
#3662=ADVANCED_FACE('',(#3308),#3492,.F.);
#3663=ADVANCED_FACE('',(#3309),#3493,.F.);
#3664=ADVANCED_FACE('',(#3310),#3494,.T.);
#3665=ADVANCED_FACE('',(#3311),#32,.F.);
#3666=ADVANCED_FACE('',(#3312),#3495,.T.);
#3667=ADVANCED_FACE('',(#3313),#33,.F.);
#3668=ADVANCED_FACE('',(#3314),#3496,.T.);
#3669=ADVANCED_FACE('',(#3315),#34,.F.);
#3670=ADVANCED_FACE('',(#3316),#3497,.T.);
#3671=ADVANCED_FACE('',(#3317),#35,.F.);
#3672=ADVANCED_FACE('',(#3318),#3498,.T.);
#3673=ADVANCED_FACE('',(#3319),#36,.F.);
#3674=ADVANCED_FACE('',(#3320),#3499,.T.);
#3675=ADVANCED_FACE('',(#3321),#37,.F.);
#3676=ADVANCED_FACE('',(#3322),#3500,.T.);
#3677=ADVANCED_FACE('',(#3323),#38,.F.);
#3678=ADVANCED_FACE('',(#3324),#3501,.T.);
#3679=ADVANCED_FACE('',(#3325),#3502,.T.);
#3680=ADVANCED_FACE('',(#3326),#3503,.T.);
#3681=ADVANCED_FACE('',(#3327),#39,.T.);
#3682=ADVANCED_FACE('',(#3328),#40,.T.);
#3683=ADVANCED_FACE('',(#3329),#41,.T.);
#3684=ADVANCED_FACE('',(#3330),#42,.T.);
#3685=ADVANCED_FACE('',(#3331),#43,.T.);
#3686=ADVANCED_FACE('',(#3332),#44,.T.);
#3687=ADVANCED_FACE('',(#3333),#45,.T.);
#3688=ADVANCED_FACE('',(#3334),#46,.T.);
#3689=ADVANCED_FACE('',(#3335),#3504,.T.);
#3690=ADVANCED_FACE('',(#3336),#47,.T.);
#3691=ADVANCED_FACE('',(#3337),#48,.T.);
#3692=ADVANCED_FACE('',(#3338),#49,.T.);
#3693=ADVANCED_FACE('',(#3339),#50,.T.);
#3694=ADVANCED_FACE('',(#3340),#51,.T.);
#3695=ADVANCED_FACE('',(#3341),#52,.T.);
#3696=ADVANCED_FACE('',(#3342),#3505,.T.);
#3697=ADVANCED_FACE('',(#3343),#53,.F.);
#3698=ADVANCED_FACE('',(#3344),#54,.F.);
#3699=ADVANCED_FACE('',(#3345),#55,.F.);
#3700=ADVANCED_FACE('',(#3346),#56,.F.);
#3701=ADVANCED_FACE('',(#3347),#57,.F.);
#3702=ADVANCED_FACE('',(#3348),#58,.F.);
#3703=ADVANCED_FACE('',(#3349),#3506,.T.);
#3704=ADVANCED_FACE('',(#3350),#3507,.T.);
#3705=ADVANCED_FACE('',(#3351),#3508,.T.);
#3706=ADVANCED_FACE('',(#3352),#3509,.T.);
#3707=ADVANCED_FACE('',(#3353),#3510,.T.);
#3708=ADVANCED_FACE('',(#3354),#3511,.T.);
#3709=ADVANCED_FACE('',(#3355),#3512,.T.);
#3710=ADVANCED_FACE('',(#3356),#3513,.T.);
#3711=ADVANCED_FACE('',(#3357),#59,.F.);
#3712=ADVANCED_FACE('',(#3358),#3514,.T.);
#3713=ADVANCED_FACE('',(#3359),#3515,.T.);
#3714=CLOSED_SHELL('',(#3516,#3517,#3518,#3519,#3520,#3521,#3522,#3523,
#3524,#3525,#3526,#3527,#3528,#3529,#3530,#3531,#3532,#3533,#3534,#3535,
#3536,#3537,#3538,#3539,#3540,#3541,#3542,#3543,#3544,#3545,#3546,#3547,
#3548,#3549,#3550,#3551,#3552,#3553));
#3715=CLOSED_SHELL('',(#3554,#3555,#3556,#3557,#3558,#3559,#3560,#3561,
#3562,#3563,#3564,#3565,#3566,#3567,#3568,#3569,#3570,#3571,#3572,#3573,
#3574,#3575,#3576,#3577,#3578,#3579,#3580,#3581,#3582,#3583,#3584,#3585,
#3586,#3587));
#3716=CLOSED_SHELL('',(#3588,#3589,#3590,#3591,#3592,#3593,#3594,#3595,
#3596,#3597,#3598,#3599,#3600,#3601,#3602,#3603,#3604,#3605,#3606,#3607,
#3608,#3609,#3610,#3611,#3612,#3613,#3614,#3615,#3616,#3617,#3618,#3619,
#3620,#3621,#3622,#3623,#3624,#3625,#3626,#3627,#3628,#3629,#3630,#3631,
#3632,#3633,#3634,#3635,#3636,#3637,#3638,#3639,#3640,#3641,#3642,#3643,
#3644,#3645,#3646,#3647,#3648,#3649,#3650,#3651,#3652,#3653,#3654,#3655,
#3656,#3657,#3658,#3659,#3660,#3661,#3662,#3663,#3664,#3665,#3666,#3667,
#3668,#3669,#3670,#3671,#3672,#3673,#3674,#3675,#3676,#3677,#3678,#3679,
#3680,#3681,#3682,#3683,#3684,#3685,#3686,#3687,#3688,#3689,#3690,#3691,
#3692,#3693,#3694,#3695,#3696,#3697,#3698,#3699,#3700,#3701,#3702,#3703,
#3704,#3705,#3706,#3707,#3708,#3709,#3710,#3711,#3712,#3713));
#3717=STYLED_ITEM('',(#3720),#3741);
#3718=STYLED_ITEM('',(#3721),#3742);
#3719=STYLED_ITEM('',(#3722),#3743);
#3720=PRESENTATION_STYLE_ASSIGNMENT((#3723));
#3721=PRESENTATION_STYLE_ASSIGNMENT((#3724));
#3722=PRESENTATION_STYLE_ASSIGNMENT((#3725));
#3723=SURFACE_STYLE_USAGE(.BOTH.,#3726);
#3724=SURFACE_STYLE_USAGE(.BOTH.,#3727);
#3725=SURFACE_STYLE_USAGE(.BOTH.,#3728);
#3726=SURFACE_SIDE_STYLE('',(#3729));
#3727=SURFACE_SIDE_STYLE('',(#3730));
#3728=SURFACE_SIDE_STYLE('',(#3731));
#3729=SURFACE_STYLE_FILL_AREA(#3732);
#3730=SURFACE_STYLE_FILL_AREA(#3733);
#3731=SURFACE_STYLE_FILL_AREA(#3734);
#3732=FILL_AREA_STYLE('',(#3735));
#3733=FILL_AREA_STYLE('',(#3736));
#3734=FILL_AREA_STYLE('',(#3737));
#3735=FILL_AREA_STYLE_COLOUR('',#3738);
#3736=FILL_AREA_STYLE_COLOUR('',#3739);
#3737=FILL_AREA_STYLE_COLOUR('',#3740);
#3738=COLOUR_RGB('',0.470588237047195,0.470588237047195,0.470588237047195);
#3739=COLOUR_RGB('',1.,0.874509811401367,0.149019613862038);
#3740=COLOUR_RGB('',0.95686274766922,0.95686274766922,0.95686274766922);
#3741=MANIFOLD_SOLID_BREP('TFM-107-02-L-D_terminal',#3714);
#3742=MANIFOLD_SOLID_BREP('TFM-107-02-L-D-L_pins',#3715);
#3743=MANIFOLD_SOLID_BREP('TFM-107-02-L-D-L-2_pins',#3716);
#3744=SHAPE_DEFINITION_REPRESENTATION(#6118,#3748);
#3745=SHAPE_DEFINITION_REPRESENTATION(#6119,#3749);
#3746=SHAPE_DEFINITION_REPRESENTATION(#6121,#3750);
#3747=SHAPE_DEFINITION_REPRESENTATION(#6123,#3751);
#3748=SHAPE_REPRESENTATION('TFM-107-02-L-D',(#3752,#3791,#3854,#4037),#6104);
#3749=SHAPE_REPRESENTATION('TFM-107-02-L-D_terminal',(#3752),#6105);
#3750=SHAPE_REPRESENTATION('TFM-107-02-L-D-L_pins',(#3752),#6106);
#3751=SHAPE_REPRESENTATION('TFM-107-02-L-D-L-2_pins',(#3752),#6107);
#3752=AXIS2_PLACEMENT_3D('',#5039,#4038,#4039);
#3753=AXIS2_PLACEMENT_3D('',#5040,#4040,#4041);
#3754=AXIS2_PLACEMENT_3D('',#5049,#4046,#4047);
#3755=AXIS2_PLACEMENT_3D('',#5058,#4052,#4053);
#3756=AXIS2_PLACEMENT_3D('',#5081,#4065,#4066);
#3757=AXIS2_PLACEMENT_3D('',#5100,#4076,#4077);
#3758=AXIS2_PLACEMENT_3D('',#5109,#4084,#4085);
#3759=AXIS2_PLACEMENT_3D('',#5124,#4094,#4095);
#3760=AXIS2_PLACEMENT_3D('',#5129,#4099,#4100);
#3761=AXIS2_PLACEMENT_3D('',#5134,#4104,#4105);
#3762=AXIS2_PLACEMENT_3D('',#5140,#4109,#4110);
#3763=AXIS2_PLACEMENT_3D('',#5146,#4114,#4115);
#3764=AXIS2_PLACEMENT_3D('',#5151,#4119,#4120);
#3765=AXIS2_PLACEMENT_3D('',#5156,#4124,#4125);
#3766=AXIS2_PLACEMENT_3D('',#5158,#4127,#4128);
#3767=AXIS2_PLACEMENT_3D('',#5164,#4132,#4133);
#3768=AXIS2_PLACEMENT_3D('',#5174,#4139,#4140);
#3769=AXIS2_PLACEMENT_3D('',#5184,#4146,#4147);
#3770=AXIS2_PLACEMENT_3D('',#5186,#4149,#4150);
#3771=AXIS2_PLACEMENT_3D('',#5188,#4152,#4153);
#3772=AXIS2_PLACEMENT_3D('',#5190,#4155,#4156);
#3773=AXIS2_PLACEMENT_3D('',#5194,#4159,#4160);
#3774=AXIS2_PLACEMENT_3D('',#5196,#4162,#4163);
#3775=AXIS2_PLACEMENT_3D('',#5202,#4167,#4168);
#3776=AXIS2_PLACEMENT_3D('',#5208,#4172,#4173);
#3777=AXIS2_PLACEMENT_3D('',#5211,#4176,#4177);
#3778=AXIS2_PLACEMENT_3D('',#5212,#4178,#4179);
#3779=AXIS2_PLACEMENT_3D('',#5213,#4180,#4181);
#3780=AXIS2_PLACEMENT_3D('',#5215,#4183,#4184);
#3781=AXIS2_PLACEMENT_3D('',#5221,#4188,#4189);
#3782=AXIS2_PLACEMENT_3D('',#5225,#4192,#4193);
#3783=AXIS2_PLACEMENT_3D('',#5229,#4196,#4197);
#3784=AXIS2_PLACEMENT_3D('',#5233,#4200,#4201);
#3785=AXIS2_PLACEMENT_3D('',#5237,#4204,#4205);
#3786=AXIS2_PLACEMENT_3D('',#5238,#4206,#4207);
#3787=AXIS2_PLACEMENT_3D('',#5239,#4208,#4209);
#3788=AXIS2_PLACEMENT_3D('',#5240,#4210,#4211);
#3789=AXIS2_PLACEMENT_3D('',#5241,#4212,#4213);
#3790=AXIS2_PLACEMENT_3D('',#5243,#4215,#4216);
#3791=AXIS2_PLACEMENT_3D('',#5244,#4217,#4218);
#3792=AXIS2_PLACEMENT_3D('',#5245,#4219,#4220);
#3793=AXIS2_PLACEMENT_3D('',#5254,#4225,#4226);
#3794=AXIS2_PLACEMENT_3D('',#5263,#4231,#4232);
#3795=AXIS2_PLACEMENT_3D('',#5266,#4235,#4236);
#3796=AXIS2_PLACEMENT_3D('',#5269,#4239,#4240);
#3797=AXIS2_PLACEMENT_3D('',#5270,#4241,#4242);
#3798=AXIS2_PLACEMENT_3D('',#5272,#4243,#4244);
#3799=AXIS2_PLACEMENT_3D('',#5274,#4245,#4246);
#3800=AXIS2_PLACEMENT_3D('',#5276,#4247,#4248);
#3801=AXIS2_PLACEMENT_3D('',#5278,#4249,#4250);
#3802=AXIS2_PLACEMENT_3D('',#5280,#4251,#4252);
#3803=AXIS2_PLACEMENT_3D('',#5282,#4253,#4254);
#3804=AXIS2_PLACEMENT_3D('',#5284,#4255,#4256);
#3805=AXIS2_PLACEMENT_3D('',#5286,#4257,#4258);
#3806=AXIS2_PLACEMENT_3D('',#5288,#4259,#4260);
#3807=AXIS2_PLACEMENT_3D('',#5290,#4261,#4262);
#3808=AXIS2_PLACEMENT_3D('',#5292,#4263,#4264);
#3809=AXIS2_PLACEMENT_3D('',#5294,#4265,#4266);
#3810=AXIS2_PLACEMENT_3D('',#5296,#4267,#4268);
#3811=AXIS2_PLACEMENT_3D('',#5298,#4269,#4270);
#3812=AXIS2_PLACEMENT_3D('',#5299,#4271,#4272);
#3813=AXIS2_PLACEMENT_3D('',#5301,#4273,#4274);
#3814=AXIS2_PLACEMENT_3D('',#5302,#4275,#4276);
#3815=AXIS2_PLACEMENT_3D('',#5304,#4277,#4278);
#3816=AXIS2_PLACEMENT_3D('',#5305,#4279,#4280);
#3817=AXIS2_PLACEMENT_3D('',#5307,#4281,#4282);
#3818=AXIS2_PLACEMENT_3D('',#5308,#4283,#4284);
#3819=AXIS2_PLACEMENT_3D('',#5310,#4285,#4286);
#3820=AXIS2_PLACEMENT_3D('',#5311,#4287,#4288);
#3821=AXIS2_PLACEMENT_3D('',#5313,#4289,#4290);
#3822=AXIS2_PLACEMENT_3D('',#5314,#4291,#4292);
#3823=AXIS2_PLACEMENT_3D('',#5316,#4293,#4294);
#3824=AXIS2_PLACEMENT_3D('',#5317,#4295,#4296);
#3825=AXIS2_PLACEMENT_3D('',#5319,#4297,#4298);
#3826=AXIS2_PLACEMENT_3D('',#5320,#4299,#4300);
#3827=AXIS2_PLACEMENT_3D('',#5322,#4301,#4302);
#3828=AXIS2_PLACEMENT_3D('',#5323,#4303,#4304);
#3829=AXIS2_PLACEMENT_3D('',#5325,#4305,#4306);
#3830=AXIS2_PLACEMENT_3D('',#5326,#4307,#4308);
#3831=AXIS2_PLACEMENT_3D('',#5328,#4309,#4310);
#3832=AXIS2_PLACEMENT_3D('',#5329,#4311,#4312);
#3833=AXIS2_PLACEMENT_3D('',#5331,#4313,#4314);
#3834=AXIS2_PLACEMENT_3D('',#5332,#4315,#4316);
#3835=AXIS2_PLACEMENT_3D('',#5334,#4317,#4318);
#3836=AXIS2_PLACEMENT_3D('',#5335,#4319,#4320);
#3837=AXIS2_PLACEMENT_3D('',#5337,#4321,#4322);
#3838=AXIS2_PLACEMENT_3D('',#5338,#4323,#4324);
#3839=AXIS2_PLACEMENT_3D('',#5340,#4325,#4326);
#3840=AXIS2_PLACEMENT_3D('',#5341,#4327,#4328);
#3841=AXIS2_PLACEMENT_3D('',#5342,#4329,#4330);
#3842=AXIS2_PLACEMENT_3D('',#5343,#4331,#4332);
#3843=AXIS2_PLACEMENT_3D('',#5344,#4333,#4334);
#3844=AXIS2_PLACEMENT_3D('',#5345,#4335,#4336);
#3845=AXIS2_PLACEMENT_3D('',#5346,#4337,#4338);
#3846=AXIS2_PLACEMENT_3D('',#5347,#4339,#4340);
#3847=AXIS2_PLACEMENT_3D('',#5348,#4341,#4342);
#3848=AXIS2_PLACEMENT_3D('',#5349,#4343,#4344);
#3849=AXIS2_PLACEMENT_3D('',#5350,#4345,#4346);
#3850=AXIS2_PLACEMENT_3D('',#5351,#4347,#4348);
#3851=AXIS2_PLACEMENT_3D('',#5352,#4349,#4350);
#3852=AXIS2_PLACEMENT_3D('',#5353,#4351,#4352);
#3853=AXIS2_PLACEMENT_3D('',#5354,#4353,#4354);
#3854=AXIS2_PLACEMENT_3D('',#5355,#4355,#4356);
#3855=AXIS2_PLACEMENT_3D('',#5356,#4357,#4358);
#3856=AXIS2_PLACEMENT_3D('',#5381,#4371,#4372);
#3857=AXIS2_PLACEMENT_3D('',#5406,#4385,#4386);
#3858=AXIS2_PLACEMENT_3D('',#5409,#4389,#4390);
#3859=AXIS2_PLACEMENT_3D('',#5412,#4393,#4394);
#3860=AXIS2_PLACEMENT_3D('',#5421,#4399,#4400);
#3861=AXIS2_PLACEMENT_3D('',#5430,#4405,#4406);
#3862=AXIS2_PLACEMENT_3D('',#5439,#4411,#4412);
#3863=AXIS2_PLACEMENT_3D('',#5448,#4417,#4418);
#3864=AXIS2_PLACEMENT_3D('',#5457,#4423,#4424);
#3865=AXIS2_PLACEMENT_3D('',#5466,#4429,#4430);
#3866=AXIS2_PLACEMENT_3D('',#5475,#4435,#4436);
#3867=AXIS2_PLACEMENT_3D('',#5484,#4441,#4442);
#3868=AXIS2_PLACEMENT_3D('',#5493,#4447,#4448);
#3869=AXIS2_PLACEMENT_3D('',#5502,#4453,#4454);
#3870=AXIS2_PLACEMENT_3D('',#5511,#4459,#4460);
#3871=AXIS2_PLACEMENT_3D('',#5520,#4465,#4466);
#3872=AXIS2_PLACEMENT_3D('',#5529,#4471,#4472);
#3873=AXIS2_PLACEMENT_3D('',#5538,#4477,#4478);
#3874=AXIS2_PLACEMENT_3D('',#5544,#4482,#4483);
#3875=AXIS2_PLACEMENT_3D('',#5550,#4487,#4488);
#3876=AXIS2_PLACEMENT_3D('',#5556,#4492,#4493);
#3877=AXIS2_PLACEMENT_3D('',#5562,#4497,#4498);
#3878=AXIS2_PLACEMENT_3D('',#5568,#4502,#4503);
#3879=AXIS2_PLACEMENT_3D('',#5574,#4507,#4508);
#3880=AXIS2_PLACEMENT_3D('',#5580,#4512,#4513);
#3881=AXIS2_PLACEMENT_3D('',#5586,#4516,#4517);
#3882=AXIS2_PLACEMENT_3D('',#5589,#4519,#4520);
#3883=AXIS2_PLACEMENT_3D('',#5592,#4522,#4523);
#3884=AXIS2_PLACEMENT_3D('',#5598,#4526,#4527);
#3885=AXIS2_PLACEMENT_3D('',#5603,#4530,#4531);
#3886=AXIS2_PLACEMENT_3D('',#5606,#4533,#4534);
#3887=AXIS2_PLACEMENT_3D('',#5609,#4537,#4538);
#3888=AXIS2_PLACEMENT_3D('',#5612,#4541,#4542);
#3889=AXIS2_PLACEMENT_3D('',#5618,#4545,#4546);
#3890=AXIS2_PLACEMENT_3D('',#5621,#4548,#4549);
#3891=AXIS2_PLACEMENT_3D('',#5624,#4551,#4552);
#3892=AXIS2_PLACEMENT_3D('',#5630,#4555,#4556);
#3893=AXIS2_PLACEMENT_3D('',#5635,#4559,#4560);
#3894=AXIS2_PLACEMENT_3D('',#5638,#4562,#4563);
#3895=AXIS2_PLACEMENT_3D('',#5639,#4564,#4565);
#3896=AXIS2_PLACEMENT_3D('',#5648,#4569,#4570);
#3897=AXIS2_PLACEMENT_3D('',#5650,#4572,#4573);
#3898=AXIS2_PLACEMENT_3D('',#5651,#4574,#4575);
#3899=AXIS2_PLACEMENT_3D('',#5660,#4579,#4580);
#3900=AXIS2_PLACEMENT_3D('',#5664,#4583,#4584);
#3901=AXIS2_PLACEMENT_3D('',#5667,#4587,#4588);
#3902=AXIS2_PLACEMENT_3D('',#5670,#4591,#4592);
#3903=AXIS2_PLACEMENT_3D('',#5676,#4595,#4596);
#3904=AXIS2_PLACEMENT_3D('',#5679,#4598,#4599);
#3905=AXIS2_PLACEMENT_3D('',#5682,#4601,#4602);
#3906=AXIS2_PLACEMENT_3D('',#5688,#4605,#4606);
#3907=AXIS2_PLACEMENT_3D('',#5693,#4609,#4610);
#3908=AXIS2_PLACEMENT_3D('',#5696,#4612,#4613);
#3909=AXIS2_PLACEMENT_3D('',#5697,#4614,#4615);
#3910=AXIS2_PLACEMENT_3D('',#5706,#4619,#4620);
#3911=AXIS2_PLACEMENT_3D('',#5708,#4622,#4623);
#3912=AXIS2_PLACEMENT_3D('',#5709,#4624,#4625);
#3913=AXIS2_PLACEMENT_3D('',#5718,#4629,#4630);
#3914=AXIS2_PLACEMENT_3D('',#5722,#4633,#4634);
#3915=AXIS2_PLACEMENT_3D('',#5725,#4637,#4638);
#3916=AXIS2_PLACEMENT_3D('',#5728,#4641,#4642);
#3917=AXIS2_PLACEMENT_3D('',#5734,#4645,#4646);
#3918=AXIS2_PLACEMENT_3D('',#5737,#4648,#4649);
#3919=AXIS2_PLACEMENT_3D('',#5740,#4651,#4652);
#3920=AXIS2_PLACEMENT_3D('',#5746,#4655,#4656);
#3921=AXIS2_PLACEMENT_3D('',#5751,#4659,#4660);
#3922=AXIS2_PLACEMENT_3D('',#5754,#4662,#4663);
#3923=AXIS2_PLACEMENT_3D('',#5755,#4664,#4665);
#3924=AXIS2_PLACEMENT_3D('',#5764,#4669,#4670);
#3925=AXIS2_PLACEMENT_3D('',#5766,#4672,#4673);
#3926=AXIS2_PLACEMENT_3D('',#5767,#4674,#4675);
#3927=AXIS2_PLACEMENT_3D('',#5776,#4679,#4680);
#3928=AXIS2_PLACEMENT_3D('',#5780,#4683,#4684);
#3929=AXIS2_PLACEMENT_3D('',#5783,#4687,#4688);
#3930=AXIS2_PLACEMENT_3D('',#5786,#4691,#4692);
#3931=AXIS2_PLACEMENT_3D('',#5792,#4695,#4696);
#3932=AXIS2_PLACEMENT_3D('',#5795,#4698,#4699);
#3933=AXIS2_PLACEMENT_3D('',#5798,#4701,#4702);
#3934=AXIS2_PLACEMENT_3D('',#5804,#4705,#4706);
#3935=AXIS2_PLACEMENT_3D('',#5809,#4709,#4710);
#3936=AXIS2_PLACEMENT_3D('',#5812,#4712,#4713);
#3937=AXIS2_PLACEMENT_3D('',#5813,#4714,#4715);
#3938=AXIS2_PLACEMENT_3D('',#5822,#4719,#4720);
#3939=AXIS2_PLACEMENT_3D('',#5824,#4722,#4723);
#3940=AXIS2_PLACEMENT_3D('',#5825,#4724,#4725);
#3941=AXIS2_PLACEMENT_3D('',#5834,#4729,#4730);
#3942=AXIS2_PLACEMENT_3D('',#5838,#4733,#4734);
#3943=AXIS2_PLACEMENT_3D('',#5841,#4737,#4738);
#3944=AXIS2_PLACEMENT_3D('',#5844,#4741,#4742);
#3945=AXIS2_PLACEMENT_3D('',#5850,#4745,#4746);
#3946=AXIS2_PLACEMENT_3D('',#5853,#4748,#4749);
#3947=AXIS2_PLACEMENT_3D('',#5856,#4751,#4752);
#3948=AXIS2_PLACEMENT_3D('',#5862,#4755,#4756);
#3949=AXIS2_PLACEMENT_3D('',#5867,#4759,#4760);
#3950=AXIS2_PLACEMENT_3D('',#5870,#4762,#4763);
#3951=AXIS2_PLACEMENT_3D('',#5871,#4764,#4765);
#3952=AXIS2_PLACEMENT_3D('',#5880,#4769,#4770);
#3953=AXIS2_PLACEMENT_3D('',#5882,#4772,#4773);
#3954=AXIS2_PLACEMENT_3D('',#5883,#4774,#4775);
#3955=AXIS2_PLACEMENT_3D('',#5892,#4779,#4780);
#3956=AXIS2_PLACEMENT_3D('',#5896,#4783,#4784);
#3957=AXIS2_PLACEMENT_3D('',#5899,#4787,#4788);
#3958=AXIS2_PLACEMENT_3D('',#5902,#4791,#4792);
#3959=AXIS2_PLACEMENT_3D('',#5908,#4795,#4796);
#3960=AXIS2_PLACEMENT_3D('',#5911,#4798,#4799);
#3961=AXIS2_PLACEMENT_3D('',#5914,#4801,#4802);
#3962=AXIS2_PLACEMENT_3D('',#5920,#4805,#4806);
#3963=AXIS2_PLACEMENT_3D('',#5925,#4809,#4810);
#3964=AXIS2_PLACEMENT_3D('',#5928,#4812,#4813);
#3965=AXIS2_PLACEMENT_3D('',#5929,#4814,#4815);
#3966=AXIS2_PLACEMENT_3D('',#5938,#4819,#4820);
#3967=AXIS2_PLACEMENT_3D('',#5940,#4822,#4823);
#3968=AXIS2_PLACEMENT_3D('',#5941,#4824,#4825);
#3969=AXIS2_PLACEMENT_3D('',#5950,#4829,#4830);
#3970=AXIS2_PLACEMENT_3D('',#5954,#4833,#4834);
#3971=AXIS2_PLACEMENT_3D('',#5957,#4837,#4838);
#3972=AXIS2_PLACEMENT_3D('',#5960,#4841,#4842);
#3973=AXIS2_PLACEMENT_3D('',#5966,#4846,#4847);
#3974=AXIS2_PLACEMENT_3D('',#5972,#4851,#4852);
#3975=AXIS2_PLACEMENT_3D('',#5973,#4853,#4854);
#3976=AXIS2_PLACEMENT_3D('',#5979,#4857,#4858);
#3977=AXIS2_PLACEMENT_3D('',#5981,#4860,#4861);
#3978=AXIS2_PLACEMENT_3D('',#5982,#4862,#4863);
#3979=AXIS2_PLACEMENT_3D('',#5988,#4866,#4867);
#3980=AXIS2_PLACEMENT_3D('',#5992,#4870,#4871);
#3981=AXIS2_PLACEMENT_3D('',#5994,#4873,#4874);
#3982=AXIS2_PLACEMENT_3D('',#5996,#4876,#4877);
#3983=AXIS2_PLACEMENT_3D('',#5998,#4879,#4880);
#3984=AXIS2_PLACEMENT_3D('',#6000,#4882,#4883);
#3985=AXIS2_PLACEMENT_3D('',#6002,#4885,#4886);
#3986=AXIS2_PLACEMENT_3D('',#6004,#4888,#4889);
#3987=AXIS2_PLACEMENT_3D('',#6006,#4891,#4892);
#3988=AXIS2_PLACEMENT_3D('',#6015,#4901,#4902);
#3989=AXIS2_PLACEMENT_3D('',#6017,#4904,#4905);
#3990=AXIS2_PLACEMENT_3D('',#6018,#4906,#4907);
#3991=AXIS2_PLACEMENT_3D('',#6020,#4909,#4910);
#3992=AXIS2_PLACEMENT_3D('',#6021,#4911,#4912);
#3993=AXIS2_PLACEMENT_3D('',#6023,#4914,#4915);
#3994=AXIS2_PLACEMENT_3D('',#6024,#4916,#4917);
#3995=AXIS2_PLACEMENT_3D('',#6026,#4919,#4920);
#3996=AXIS2_PLACEMENT_3D('',#6027,#4921,#4922);
#3997=AXIS2_PLACEMENT_3D('',#6029,#4924,#4925);
#3998=AXIS2_PLACEMENT_3D('',#6030,#4926,#4927);
#3999=AXIS2_PLACEMENT_3D('',#6032,#4929,#4930);
#4000=AXIS2_PLACEMENT_3D('',#6033,#4931,#4932);
#4001=AXIS2_PLACEMENT_3D('',#6035,#4934,#4935);
#4002=AXIS2_PLACEMENT_3D('',#6036,#4936,#4937);
#4003=AXIS2_PLACEMENT_3D('',#6037,#4938,#4939);
#4004=AXIS2_PLACEMENT_3D('',#6046,#4948,#4949);
#4005=AXIS2_PLACEMENT_3D('',#6047,#4950,#4951);
#4006=AXIS2_PLACEMENT_3D('',#6048,#4952,#4953);
#4007=AXIS2_PLACEMENT_3D('',#6049,#4954,#4955);
#4008=AXIS2_PLACEMENT_3D('',#6050,#4956,#4957);
#4009=AXIS2_PLACEMENT_3D('',#6051,#4958,#4959);
#4010=AXIS2_PLACEMENT_3D('',#6052,#4960,#4961);
#4011=AXIS2_PLACEMENT_3D('',#6053,#4962,#4963);
#4012=AXIS2_PLACEMENT_3D('',#6055,#4965,#4966);
#4013=AXIS2_PLACEMENT_3D('',#6063,#4974,#4975);
#4014=AXIS2_PLACEMENT_3D('',#6064,#4976,#4977);
#4015=AXIS2_PLACEMENT_3D('',#6065,#4978,#4979);
#4016=AXIS2_PLACEMENT_3D('',#6066,#4980,#4981);
#4017=AXIS2_PLACEMENT_3D('',#6067,#4982,#4983);
#4018=AXIS2_PLACEMENT_3D('',#6068,#4984,#4985);
#4019=AXIS2_PLACEMENT_3D('',#6069,#4986,#4987);
#4020=AXIS2_PLACEMENT_3D('',#6070,#4988,#4989);
#4021=AXIS2_PLACEMENT_3D('',#6073,#4992,#4993);
#4022=AXIS2_PLACEMENT_3D('',#6076,#4996,#4997);
#4023=AXIS2_PLACEMENT_3D('',#6079,#5000,#5001);
#4024=AXIS2_PLACEMENT_3D('',#6082,#5004,#5005);
#4025=AXIS2_PLACEMENT_3D('',#6085,#5008,#5009);
#4026=AXIS2_PLACEMENT_3D('',#6088,#5012,#5013);
#4027=AXIS2_PLACEMENT_3D('',#6090,#5015,#5016);
#4028=AXIS2_PLACEMENT_3D('',#6091,#5017,#5018);
#4029=AXIS2_PLACEMENT_3D('',#6092,#5019,#5020);
#4030=AXIS2_PLACEMENT_3D('',#6093,#5021,#5022);
#4031=AXIS2_PLACEMENT_3D('',#6094,#5023,#5024);
#4032=AXIS2_PLACEMENT_3D('',#6095,#5025,#5026);
#4033=AXIS2_PLACEMENT_3D('',#6097,#5028,#5029);
#4034=AXIS2_PLACEMENT_3D('',#6099,#5031,#5032);
#4035=AXIS2_PLACEMENT_3D('',#6100,#5033,#5034);
#4036=AXIS2_PLACEMENT_3D('',#6101,#5035,#5036);
#4037=AXIS2_PLACEMENT_3D('',#6102,#5037,#5038);
#4038=DIRECTION('',(0.,0.,1.));
#4039=DIRECTION('',(1.,0.,0.));
#4040=DIRECTION('',(0.,0.,1.));
#4041=DIRECTION('',(1.,0.,0.));
#4042=DIRECTION('',(0.,-1.,0.));
#4043=DIRECTION('',(-1.,0.,0.));
#4044=DIRECTION('',(0.,-1.,0.));
#4045=DIRECTION('',(-1.,0.,0.));
#4046=DIRECTION('',(0.,0.,-1.));
#4047=DIRECTION('',(-1.,0.,0.));
#4048=DIRECTION('',(0.,-1.,0.));
#4049=DIRECTION('',(-1.,0.,0.));
#4050=DIRECTION('',(0.,1.,0.));
#4051=DIRECTION('',(1.,0.,0.));
#4052=DIRECTION('',(0.,1.,0.));
#4053=DIRECTION('',(0.,0.,1.));
#4054=DIRECTION('',(0.,0.,1.));
#4055=DIRECTION('',(-1.,0.,0.));
#4056=DIRECTION('',(0.,0.,-1.));
#4057=DIRECTION('',(-1.,0.,0.));
#4058=DIRECTION('',(0.,0.,-1.));
#4059=DIRECTION('',(-0.707106781186548,0.,-0.707106781186548));
#4060=DIRECTION('',(-1.,0.,0.));
#4061=DIRECTION('',(0.,0.,1.));
#4062=DIRECTION('',(-1.,0.,0.));
#4063=DIRECTION('',(0.,0.,1.));
#4064=DIRECTION('',(-1.,0.,0.));
#4065=DIRECTION('',(0.,1.,0.));
#4066=DIRECTION('',(0.,0.,1.));
#4067=DIRECTION('',(0.,0.,-1.));
#4068=DIRECTION('',(-1.,0.,0.));
#4069=DIRECTION('',(0.,0.,-1.));
#4070=DIRECTION('',(1.,0.,0.));
#4071=DIRECTION('',(0.,0.,1.));
#4072=DIRECTION('',(-1.,0.,0.));
#4073=DIRECTION('',(0.,0.,1.));
#4074=DIRECTION('',(1.,0.,0.));
#4075=DIRECTION('',(0.707106781186547,0.,-0.707106781186548));
#4076=DIRECTION('',(1.,0.,0.));
#4077=DIRECTION('',(0.,0.,-1.));
#4078=DIRECTION('',(0.,-0.707106781186548,-0.707106781186547));
#4079=DIRECTION('',(0.,0.,1.));
#4080=DIRECTION('',(0.,0.707106781186548,-0.707106781186547));
#4081=DIRECTION('',(0.,-1.,0.));
#4082=DIRECTION('',(0.,0.,1.));
#4083=DIRECTION('',(0.,-1.,0.));
#4084=DIRECTION('',(-1.,0.,0.));
#4085=DIRECTION('',(0.,0.,1.));
#4086=DIRECTION('',(0.,-0.707106781186548,-0.707106781186547));
#4087=DIRECTION('',(0.,-1.,0.));
#4088=DIRECTION('',(0.,0.,-1.));
#4089=DIRECTION('',(0.,-1.,0.));
#4090=DIRECTION('',(0.,0.707106781186548,-0.707106781186547));
#4091=DIRECTION('',(0.,-1.,0.));
#4092=DIRECTION('',(0.,0.,-1.));
#4093=DIRECTION('',(0.,-1.,0.));
#4094=DIRECTION('',(0.707106781186547,0.707106781186548,0.));
#4095=DIRECTION('',(-0.707106781186547,0.707106781186548,0.));
#4096=DIRECTION('',(0.577350269189626,-0.577350269189626,0.577350269189626));
#4097=DIRECTION('',(0.,0.,1.));
#4098=DIRECTION('',(0.577350269189626,-0.577350269189626,0.577350269189626));
#4099=DIRECTION('',(0.707106781186547,0.707106781186548,0.));
#4100=DIRECTION('',(-0.707106781186547,0.707106781186548,0.));
#4101=DIRECTION('',(0.,0.,1.));
#4102=DIRECTION('',(-0.577350269189626,0.577350269189626,0.577350269189626));
#4103=DIRECTION('',(0.577350269189626,-0.577350269189626,-0.577350269189626));
#4104=DIRECTION('',(-0.707106781186547,0.707106781186548,0.));
#4105=DIRECTION('',(0.707106781186547,0.707106781186548,0.));
#4106=DIRECTION('',(0.,0.,-1.));
#4107=DIRECTION('',(0.577350269189626,0.577350269189626,-0.577350269189626));
#4108=DIRECTION('',(0.707106781186548,0.707106781186547,0.));
#4109=DIRECTION('',(-0.707106781186547,0.707106781186548,0.));
#4110=DIRECTION('',(0.707106781186547,0.707106781186548,0.));
#4111=DIRECTION('',(-0.577350269189626,-0.577350269189626,-0.577350269189626));
#4112=DIRECTION('',(0.,0.,-1.));
#4113=DIRECTION('',(-0.577350269189626,-0.577350269189626,-0.577350269189626));
#4114=DIRECTION('',(0.,0.,1.));
#4115=DIRECTION('',(1.,0.,0.));
#4116=DIRECTION('',(-1.,0.,0.));
#4117=DIRECTION('',(0.,1.,0.));
#4118=DIRECTION('',(-1.,0.,0.));
#4119=DIRECTION('',(0.,0.,-1.));
#4120=DIRECTION('',(-1.,0.,0.));
#4121=DIRECTION('',(0.,-1.,0.));
#4122=DIRECTION('',(-1.,0.,0.));
#4123=DIRECTION('',(1.,0.,0.));
#4124=DIRECTION('',(0.,1.,0.));
#4125=DIRECTION('',(0.,0.,1.));
#4126=DIRECTION('',(0.,0.,1.));
#4127=DIRECTION('',(0.,1.,0.));
#4128=DIRECTION('',(0.,0.,1.));
#4129=DIRECTION('',(0.,0.,-1.));
#4130=DIRECTION('',(1.,0.,0.));
#4131=DIRECTION('',(-1.,0.,0.));
#4132=DIRECTION('',(0.,0.,1.));
#4133=DIRECTION('',(1.,0.,0.));
#4134=DIRECTION('',(-1.,0.,0.));
#4135=DIRECTION('',(0.,1.,0.));
#4136=DIRECTION('',(-1.,0.,0.));
#4137=DIRECTION('',(0.,1.,0.));
#4138=DIRECTION('',(0.,-1.,0.));
#4139=DIRECTION('',(0.,0.,-1.));
#4140=DIRECTION('',(-1.,0.,0.));
#4141=DIRECTION('',(-1.,0.,0.));
#4142=DIRECTION('',(0.,-1.,0.));
#4143=DIRECTION('',(1.,0.,0.));
#4144=DIRECTION('',(0.,-1.,0.));
#4145=DIRECTION('',(0.,-1.,0.));
#4146=DIRECTION('',(-0.707106781186548,0.,-0.707106781186547));
#4147=DIRECTION('',(-0.707106781186547,0.,0.707106781186548));
#4148=DIRECTION('',(0.707106781186547,0.,-0.707106781186548));
#4149=DIRECTION('',(-0.707106781186548,0.,0.707106781186548));
#4150=DIRECTION('',(0.707106781186548,0.,0.707106781186548));
#4151=DIRECTION('',(-0.707106781186548,0.,-0.707106781186548));
#4152=DIRECTION('',(0.,1.,0.));
#4153=DIRECTION('',(0.,0.,1.));
#4154=DIRECTION('',(0.,0.,-1.));
#4155=DIRECTION('',(0.,0.707106781186548,0.707106781186547));
#4156=DIRECTION('',(0.,0.707106781186548,-0.707106781186547));
#4157=DIRECTION('',(0.,-0.707106781186547,0.707106781186548));
#4158=DIRECTION('',(-1.,0.,0.));
#4159=DIRECTION('',(0.,0.707106781186548,-0.707106781186547));
#4160=DIRECTION('',(0.,0.707106781186548,0.707106781186547));
#4161=DIRECTION('',(1.,0.,0.));
#4162=DIRECTION('',(0.,-0.868243142124459,0.496138938356834));
#4163=DIRECTION('',(0.,-0.496138938356834,-0.868243142124459));
#4164=DIRECTION('',(0.,0.496138938356834,0.868243142124459));
#4165=DIRECTION('',(-1.,0.,0.));
#4166=DIRECTION('',(0.,0.496138938356834,0.868243142124459));
#4167=DIRECTION('',(0.,-0.868243142124459,-0.496138938356834));
#4168=DIRECTION('',(0.,0.496138938356834,-0.868243142124459));
#4169=DIRECTION('',(0.,-0.496138938356834,0.868243142124459));
#4170=DIRECTION('',(0.,-0.496138938356834,0.868243142124459));
#4171=DIRECTION('',(-1.,0.,0.));
#4172=DIRECTION('',(0.,-1.,-5.02177940011813E-17));
#4173=DIRECTION('',(0.,5.02177940011813E-17,-1.));
#4174=DIRECTION('',(0.,-5.02177940011813E-17,1.));
#4175=DIRECTION('',(0.,-5.02177940011813E-17,1.));
#4176=DIRECTION('',(1.,0.,0.));
#4177=DIRECTION('',(0.,0.,-1.));
#4178=DIRECTION('',(1.,0.,0.));
#4179=DIRECTION('',(0.,0.,-1.));
#4180=DIRECTION('',(0.,1.,0.));
#4181=DIRECTION('',(0.,0.,1.));
#4182=DIRECTION('',(0.,0.,-1.));
#4183=DIRECTION('',(0.,0.,-1.));
#4184=DIRECTION('',(-1.,0.,0.));
#4185=DIRECTION('',(-1.,0.,0.));
#4186=DIRECTION('',(0.,1.,0.));
#4187=DIRECTION('',(0.,1.,0.));
#4188=DIRECTION('',(-1.,0.,0.));
#4189=DIRECTION('',(0.,0.,1.));
#4190=DIRECTION('',(0.,1.,0.));
#4191=DIRECTION('',(0.,0.,1.));
#4192=DIRECTION('',(0.,0.,1.));
#4193=DIRECTION('',(1.,0.,0.));
#4194=DIRECTION('',(0.,1.,0.));
#4195=DIRECTION('',(1.,0.,0.));
#4196=DIRECTION('',(1.,0.,0.));
#4197=DIRECTION('',(0.,0.,-1.));
#4198=DIRECTION('',(0.,1.,0.));
#4199=DIRECTION('',(0.,0.,-1.));
#4200=DIRECTION('',(0.,1.,0.));
#4201=DIRECTION('',(0.,0.,1.));
#4202=DIRECTION('',(1.,0.,0.));
#4203=DIRECTION('',(0.,0.,1.));
#4204=DIRECTION('',(0.,0.707106781186547,-0.707106781186548));
#4205=DIRECTION('',(0.,0.707106781186548,0.707106781186547));
#4206=DIRECTION('',(0.,0.707106781186547,0.707106781186548));
#4207=DIRECTION('',(0.,-0.707106781186548,0.707106781186547));
#4208=DIRECTION('',(0.,0.707106781186547,-0.707106781186548));
#4209=DIRECTION('',(0.,0.707106781186548,0.707106781186547));
#4210=DIRECTION('',(0.,0.707106781186547,0.707106781186548));
#4211=DIRECTION('',(0.,-0.707106781186548,0.707106781186547));
#4212=DIRECTION('',(-1.,0.,0.));
#4213=DIRECTION('',(0.,0.,1.));
#4214=DIRECTION('',(0.,-1.,0.));
#4215=DIRECTION('',(0.,0.,1.));
#4216=DIRECTION('',(1.,0.,0.));
#4217=DIRECTION('',(0.,0.,1.));
#4218=DIRECTION('',(1.,0.,0.));
#4219=DIRECTION('',(1.,0.,0.));
#4220=DIRECTION('',(0.,0.,-1.));
#4221=DIRECTION('',(0.,-2.83856080591677E-17,-1.));
#4222=DIRECTION('',(0.,1.,-4.74279165566713E-16));
#4223=DIRECTION('',(0.,0.,1.));
#4224=DIRECTION('',(0.,-1.,0.));
#4225=DIRECTION('',(-1.,0.,0.));
#4226=DIRECTION('',(0.,0.,1.));
#4227=DIRECTION('',(0.,2.83856080591677E-17,1.));
#4228=DIRECTION('',(0.,-1.,0.));
#4229=DIRECTION('',(0.,0.,-1.));
#4230=DIRECTION('',(0.,1.,-4.74279165566713E-16));
#4231=DIRECTION('',(0.,4.74279165566713E-16,1.));
#4232=DIRECTION('',(0.,-1.,4.74279165566713E-16));
#4233=DIRECTION('',(1.,0.,0.));
#4234=DIRECTION('',(1.,0.,0.));
#4235=DIRECTION('',(0.,0.,-1.));
#4236=DIRECTION('',(-1.,0.,0.));
#4237=DIRECTION('',(-1.,0.,0.));
#4238=DIRECTION('',(-1.,0.,0.));
#4239=DIRECTION('',(0.,1.,0.));
#4240=DIRECTION('',(0.,0.,1.));
#4241=DIRECTION('',(0.,1.,0.));
#4242=DIRECTION('',(1.,0.,0.));
#4243=DIRECTION('',(0.,1.,0.));
#4244=DIRECTION('',(1.,0.,0.));
#4245=DIRECTION('',(0.,1.,0.));
#4246=DIRECTION('',(1.,0.,0.));
#4247=DIRECTION('',(0.,1.,0.));
#4248=DIRECTION('',(1.,0.,0.));
#4249=DIRECTION('',(0.,1.,0.));
#4250=DIRECTION('',(1.,0.,0.));
#4251=DIRECTION('',(0.,1.,0.));
#4252=DIRECTION('',(1.,0.,0.));
#4253=DIRECTION('',(0.,1.,0.));
#4254=DIRECTION('',(1.,0.,0.));
#4255=DIRECTION('',(0.,1.,0.));
#4256=DIRECTION('',(1.,0.,0.));
#4257=DIRECTION('',(0.,1.,0.));
#4258=DIRECTION('',(1.,0.,0.));
#4259=DIRECTION('',(0.,1.,0.));
#4260=DIRECTION('',(1.,0.,0.));
#4261=DIRECTION('',(0.,1.,0.));
#4262=DIRECTION('',(1.,0.,0.));
#4263=DIRECTION('',(0.,1.,0.));
#4264=DIRECTION('',(1.,0.,0.));
#4265=DIRECTION('',(0.,1.,0.));
#4266=DIRECTION('',(1.,0.,0.));
#4267=DIRECTION('',(0.,1.,0.));
#4268=DIRECTION('',(1.,0.,0.));
#4269=DIRECTION('',(0.,-1.,0.));
#4270=DIRECTION('',(0.,0.,-1.));
#4271=DIRECTION('',(0.,1.,0.));
#4272=DIRECTION('',(0.,0.,1.));
#4273=DIRECTION('',(0.,-1.,0.));
#4274=DIRECTION('',(0.,0.,-1.));
#4275=DIRECTION('',(0.,1.,0.));
#4276=DIRECTION('',(0.,0.,1.));
#4277=DIRECTION('',(0.,-1.,0.));
#4278=DIRECTION('',(0.,0.,-1.));
#4279=DIRECTION('',(0.,1.,0.));
#4280=DIRECTION('',(0.,0.,1.));
#4281=DIRECTION('',(0.,-1.,0.));
#4282=DIRECTION('',(0.,0.,-1.));
#4283=DIRECTION('',(0.,1.,0.));
#4284=DIRECTION('',(0.,0.,1.));
#4285=DIRECTION('',(0.,-1.,0.));
#4286=DIRECTION('',(0.,0.,-1.));
#4287=DIRECTION('',(0.,1.,0.));
#4288=DIRECTION('',(0.,0.,1.));
#4289=DIRECTION('',(0.,-1.,0.));
#4290=DIRECTION('',(0.,0.,-1.));
#4291=DIRECTION('',(0.,1.,0.));
#4292=DIRECTION('',(0.,0.,1.));
#4293=DIRECTION('',(0.,-1.,0.));
#4294=DIRECTION('',(0.,0.,-1.));
#4295=DIRECTION('',(0.,1.,0.));
#4296=DIRECTION('',(0.,0.,1.));
#4297=DIRECTION('',(0.,-1.,0.));
#4298=DIRECTION('',(0.,0.,-1.));
#4299=DIRECTION('',(0.,1.,0.));
#4300=DIRECTION('',(0.,0.,1.));
#4301=DIRECTION('',(0.,-1.,0.));
#4302=DIRECTION('',(0.,0.,-1.));
#4303=DIRECTION('',(0.,1.,0.));
#4304=DIRECTION('',(0.,0.,1.));
#4305=DIRECTION('',(0.,-1.,0.));
#4306=DIRECTION('',(0.,0.,-1.));
#4307=DIRECTION('',(0.,1.,0.));
#4308=DIRECTION('',(0.,0.,1.));
#4309=DIRECTION('',(0.,-1.,0.));
#4310=DIRECTION('',(0.,0.,-1.));
#4311=DIRECTION('',(0.,1.,0.));
#4312=DIRECTION('',(0.,0.,1.));
#4313=DIRECTION('',(0.,-1.,0.));
#4314=DIRECTION('',(0.,0.,-1.));
#4315=DIRECTION('',(0.,1.,0.));
#4316=DIRECTION('',(0.,0.,1.));
#4317=DIRECTION('',(0.,-1.,0.));
#4318=DIRECTION('',(0.,0.,-1.));
#4319=DIRECTION('',(0.,1.,0.));
#4320=DIRECTION('',(0.,0.,1.));
#4321=DIRECTION('',(0.,-1.,0.));
#4322=DIRECTION('',(0.,0.,-1.));
#4323=DIRECTION('',(0.,1.,0.));
#4324=DIRECTION('',(0.,0.,1.));
#4325=DIRECTION('',(0.,1.,0.));
#4326=DIRECTION('',(0.,0.,1.));
#4327=DIRECTION('',(0.,1.,0.));
#4328=DIRECTION('',(0.,0.,1.));
#4329=DIRECTION('',(0.,1.,0.));
#4330=DIRECTION('',(0.,0.,1.));
#4331=DIRECTION('',(0.,1.,0.));
#4332=DIRECTION('',(0.,0.,1.));
#4333=DIRECTION('',(0.,1.,0.));
#4334=DIRECTION('',(0.,0.,1.));
#4335=DIRECTION('',(0.,1.,0.));
#4336=DIRECTION('',(0.,0.,1.));
#4337=DIRECTION('',(0.,1.,0.));
#4338=DIRECTION('',(0.,0.,1.));
#4339=DIRECTION('',(0.,1.,0.));
#4340=DIRECTION('',(0.,0.,1.));
#4341=DIRECTION('',(0.,1.,0.));
#4342=DIRECTION('',(0.,0.,1.));
#4343=DIRECTION('',(0.,1.,0.));
#4344=DIRECTION('',(0.,0.,1.));
#4345=DIRECTION('',(0.,1.,0.));
#4346=DIRECTION('',(0.,0.,1.));
#4347=DIRECTION('',(0.,1.,0.));
#4348=DIRECTION('',(0.,0.,1.));
#4349=DIRECTION('',(0.,1.,0.));
#4350=DIRECTION('',(0.,0.,1.));
#4351=DIRECTION('',(0.,1.,0.));
#4352=DIRECTION('',(0.,0.,1.));
#4353=DIRECTION('',(0.,-1.,2.83856080591677E-17));
#4354=DIRECTION('',(0.,-2.83856080591677E-17,-1.));
#4355=DIRECTION('',(0.,0.,1.));
#4356=DIRECTION('',(1.,0.,0.));
#4357=DIRECTION('',(1.,0.,0.));
#4358=DIRECTION('',(0.,0.,-1.));
#4359=DIRECTION('',(0.,-2.83856080591677E-17,1.));
#4360=DIRECTION('',(0.,-1.,0.));
#4361=DIRECTION('',(0.,0.,1.));
#4362=DIRECTION('',(0.,-1.,0.));
#4363=DIRECTION('',(0.,0.,-1.));
#4364=DIRECTION('',(0.,1.,1.58093055188904E-16));
#4365=DIRECTION('',(0.,1.0671281225251E-16,1.));
#4366=DIRECTION('',(0.,-1.,-3.16186110377808E-16));
#4367=DIRECTION('',(0.,0.,-1.));
#4368=DIRECTION('',(0.,1.,0.));
#4369=DIRECTION('',(0.,0.,1.));
#4370=DIRECTION('',(0.,1.,-4.74279165566713E-16));
#4371=DIRECTION('',(-1.,0.,0.));
#4372=DIRECTION('',(0.,0.,1.));
#4373=DIRECTION('',(0.,2.83856080591677E-17,-1.));
#4374=DIRECTION('',(0.,1.,-4.74279165566713E-16));
#4375=DIRECTION('',(0.,0.,1.));
#4376=DIRECTION('',(0.,1.,0.));
#4377=DIRECTION('',(0.,0.,1.));
#4378=DIRECTION('',(0.,-1.,-3.16186110377808E-16));
#4379=DIRECTION('',(0.,1.0671281225251E-16,1.));
#4380=DIRECTION('',(0.,1.,1.58093055188904E-16));
#4381=DIRECTION('',(0.,0.,1.));
#4382=DIRECTION('',(0.,-1.,0.));
#4383=DIRECTION('',(0.,0.,1.));
#4384=DIRECTION('',(0.,-1.,0.));
#4385=DIRECTION('',(0.,4.74279165566713E-16,1.));
#4386=DIRECTION('',(0.,-1.,4.74279165566713E-16));
#4387=DIRECTION('',(-1.,0.,0.));
#4388=DIRECTION('',(-1.,0.,0.));
#4389=DIRECTION('',(0.,0.,-1.));
#4390=DIRECTION('',(-1.,0.,0.));
#4391=DIRECTION('',(1.,0.,0.));
#4392=DIRECTION('',(-1.,0.,0.));
#4393=DIRECTION('',(0.,0.,1.));
#4394=DIRECTION('',(1.,0.,0.));
#4395=DIRECTION('',(-1.,0.,0.));
#4396=DIRECTION('',(0.,1.,0.));
#4397=DIRECTION('',(-1.,0.,0.));
#4398=DIRECTION('',(0.,-1.,0.));
#4399=DIRECTION('',(0.,0.,1.));
#4400=DIRECTION('',(1.,0.,0.));
#4401=DIRECTION('',(-1.,0.,0.));
#4402=DIRECTION('',(0.,1.,0.));
#4403=DIRECTION('',(-1.,0.,0.));
#4404=DIRECTION('',(0.,-1.,0.));
#4405=DIRECTION('',(0.,0.,1.));
#4406=DIRECTION('',(1.,0.,0.));
#4407=DIRECTION('',(-1.,0.,0.));
#4408=DIRECTION('',(0.,1.,0.));
#4409=DIRECTION('',(-1.,0.,0.));
#4410=DIRECTION('',(0.,-1.,0.));
#4411=DIRECTION('',(0.,0.,1.));
#4412=DIRECTION('',(1.,0.,0.));
#4413=DIRECTION('',(-1.,0.,0.));
#4414=DIRECTION('',(0.,1.,0.));
#4415=DIRECTION('',(-1.,0.,0.));
#4416=DIRECTION('',(0.,-1.,0.));
#4417=DIRECTION('',(0.,0.,1.));
#4418=DIRECTION('',(1.,0.,0.));
#4419=DIRECTION('',(-1.,0.,0.));
#4420=DIRECTION('',(0.,1.,0.));
#4421=DIRECTION('',(-1.,0.,0.));
#4422=DIRECTION('',(0.,-1.,0.));
#4423=DIRECTION('',(0.,0.,1.));
#4424=DIRECTION('',(1.,0.,0.));
#4425=DIRECTION('',(-1.,0.,0.));
#4426=DIRECTION('',(0.,1.,0.));
#4427=DIRECTION('',(-1.,0.,0.));
#4428=DIRECTION('',(0.,-1.,0.));
#4429=DIRECTION('',(0.,0.,1.));
#4430=DIRECTION('',(1.,0.,0.));
#4431=DIRECTION('',(-1.,0.,0.));
#4432=DIRECTION('',(0.,1.,0.));
#4433=DIRECTION('',(-1.,0.,0.));
#4434=DIRECTION('',(0.,-1.,0.));
#4435=DIRECTION('',(0.,0.,-1.));
#4436=DIRECTION('',(-1.,0.,0.));
#4437=DIRECTION('',(1.,0.,0.));
#4438=DIRECTION('',(0.,1.,0.));
#4439=DIRECTION('',(1.,0.,0.));
#4440=DIRECTION('',(0.,-1.,0.));
#4441=DIRECTION('',(0.,0.,-1.));
#4442=DIRECTION('',(-1.,0.,0.));
#4443=DIRECTION('',(1.,0.,0.));
#4444=DIRECTION('',(0.,1.,0.));
#4445=DIRECTION('',(1.,0.,0.));
#4446=DIRECTION('',(0.,-1.,0.));
#4447=DIRECTION('',(0.,0.,-1.));
#4448=DIRECTION('',(-1.,0.,0.));
#4449=DIRECTION('',(1.,0.,0.));
#4450=DIRECTION('',(0.,1.,0.));
#4451=DIRECTION('',(1.,0.,0.));
#4452=DIRECTION('',(0.,-1.,0.));
#4453=DIRECTION('',(0.,0.,-1.));
#4454=DIRECTION('',(-1.,0.,0.));
#4455=DIRECTION('',(1.,0.,0.));
#4456=DIRECTION('',(0.,1.,0.));
#4457=DIRECTION('',(1.,0.,0.));
#4458=DIRECTION('',(0.,-1.,0.));
#4459=DIRECTION('',(0.,0.,-1.));
#4460=DIRECTION('',(-1.,0.,0.));
#4461=DIRECTION('',(1.,0.,0.));
#4462=DIRECTION('',(0.,1.,0.));
#4463=DIRECTION('',(1.,0.,0.));
#4464=DIRECTION('',(0.,-1.,0.));
#4465=DIRECTION('',(0.,0.,-1.));
#4466=DIRECTION('',(-1.,0.,0.));
#4467=DIRECTION('',(1.,0.,0.));
#4468=DIRECTION('',(0.,1.,0.));
#4469=DIRECTION('',(1.,0.,0.));
#4470=DIRECTION('',(0.,-1.,0.));
#4471=DIRECTION('',(0.,0.,-1.));
#4472=DIRECTION('',(-1.,0.,0.));
#4473=DIRECTION('',(1.,0.,0.));
#4474=DIRECTION('',(0.,1.,0.));
#4475=DIRECTION('',(1.,0.,0.));
#4476=DIRECTION('',(0.,-1.,0.));
#4477=DIRECTION('',(0.,1.,0.));
#4478=DIRECTION('',(0.,0.,1.));
#4479=DIRECTION('',(-1.,0.,0.));
#4480=DIRECTION('',(0.,0.,-1.));
#4481=DIRECTION('',(0.,0.,-1.));
#4482=DIRECTION('',(0.,1.,0.));
#4483=DIRECTION('',(0.,0.,1.));
#4484=DIRECTION('',(-1.,0.,0.));
#4485=DIRECTION('',(0.,0.,-1.));
#4486=DIRECTION('',(0.,0.,-1.));
#4487=DIRECTION('',(0.,1.,0.));
#4488=DIRECTION('',(0.,0.,1.));
#4489=DIRECTION('',(-1.,0.,0.));
#4490=DIRECTION('',(0.,0.,-1.));
#4491=DIRECTION('',(0.,0.,-1.));
#4492=DIRECTION('',(0.,1.,0.));
#4493=DIRECTION('',(0.,0.,1.));
#4494=DIRECTION('',(-1.,0.,0.));
#4495=DIRECTION('',(0.,0.,-1.));
#4496=DIRECTION('',(0.,0.,-1.));
#4497=DIRECTION('',(0.,1.,0.));
#4498=DIRECTION('',(0.,0.,1.));
#4499=DIRECTION('',(-1.,0.,0.));
#4500=DIRECTION('',(0.,0.,-1.));
#4501=DIRECTION('',(0.,0.,-1.));
#4502=DIRECTION('',(0.,1.,0.));
#4503=DIRECTION('',(0.,0.,1.));
#4504=DIRECTION('',(-1.,0.,0.));
#4505=DIRECTION('',(0.,0.,-1.));
#4506=DIRECTION('',(0.,0.,-1.));
#4507=DIRECTION('',(0.,1.,0.));
#4508=DIRECTION('',(0.,0.,1.));
#4509=DIRECTION('',(-1.,0.,0.));
#4510=DIRECTION('',(0.,0.,-1.));
#4511=DIRECTION('',(0.,0.,-1.));
#4512=DIRECTION('',(-1.,0.,0.));
#4513=DIRECTION('',(0.,0.,1.));
#4514=DIRECTION('',(0.,0.,-1.));
#4515=DIRECTION('',(0.,-1.,0.));
#4516=DIRECTION('',(-1.,0.,0.));
#4517=DIRECTION('',(0.,0.,1.));
#4518=DIRECTION('',(0.,5.92848956958391E-17,-1.));
#4519=DIRECTION('',(-1.,0.,0.));
#4520=DIRECTION('',(0.,0.,1.));
#4521=DIRECTION('',(0.,1.,1.58093055188904E-16));
#4522=DIRECTION('',(-1.,0.,0.));
#4523=DIRECTION('',(0.,0.,1.));
#4524=DIRECTION('',(0.,0.,-1.));
#4525=DIRECTION('',(0.,-1.,-3.16186110377808E-16));
#4526=DIRECTION('',(-1.,0.,0.));
#4527=DIRECTION('',(0.,0.,1.));
#4528=DIRECTION('',(0.,0.,-1.));
#4529=DIRECTION('',(0.,-5.9284895695839E-17,-1.));
#4530=DIRECTION('',(-1.,0.,0.));
#4531=DIRECTION('',(0.,0.,1.));
#4532=DIRECTION('',(0.,1.,0.));
#4533=DIRECTION('',(0.,-1.,0.));
#4534=DIRECTION('',(0.,0.,-1.));
#4535=DIRECTION('',(1.,0.,0.));
#4536=DIRECTION('',(-1.,0.,0.));
#4537=DIRECTION('',(0.,-1.,0.));
#4538=DIRECTION('',(0.,0.,-1.));
#4539=DIRECTION('',(1.,0.,0.));
#4540=DIRECTION('',(-1.,0.,0.));
#4541=DIRECTION('',(-1.,0.,0.));
#4542=DIRECTION('',(0.,0.,1.));
#4543=DIRECTION('',(0.,0.,-1.));
#4544=DIRECTION('',(0.,-1.,0.));
#4545=DIRECTION('',(-1.,0.,0.));
#4546=DIRECTION('',(0.,0.,1.));
#4547=DIRECTION('',(0.,5.92848956958391E-17,-1.));
#4548=DIRECTION('',(-1.,0.,0.));
#4549=DIRECTION('',(0.,0.,1.));
#4550=DIRECTION('',(0.,1.,1.58093055188904E-16));
#4551=DIRECTION('',(-1.,0.,0.));
#4552=DIRECTION('',(0.,0.,1.));
#4553=DIRECTION('',(0.,0.,-1.));
#4554=DIRECTION('',(0.,-1.,-3.16186110377808E-16));
#4555=DIRECTION('',(-1.,0.,0.));
#4556=DIRECTION('',(0.,0.,1.));
#4557=DIRECTION('',(0.,0.,-1.));
#4558=DIRECTION('',(0.,-5.9284895695839E-17,-1.));
#4559=DIRECTION('',(-1.,0.,0.));
#4560=DIRECTION('',(0.,0.,1.));
#4561=DIRECTION('',(0.,1.,0.));
#4562=DIRECTION('',(1.,0.,0.));
#4563=DIRECTION('',(0.,0.,-1.));
#4564=DIRECTION('',(1.,0.,0.));
#4565=DIRECTION('',(0.,0.,-1.));
#4566=DIRECTION('',(0.,1.,0.));
#4567=DIRECTION('',(0.,0.,-1.));
#4568=DIRECTION('',(0.,-1.,-1.58093055188904E-16));
#4569=DIRECTION('',(1.,0.,0.));
#4570=DIRECTION('',(0.,0.,-1.));
#4571=DIRECTION('',(0.,-5.92848956958391E-17,1.));
#4572=DIRECTION('',(1.,0.,0.));
#4573=DIRECTION('',(0.,0.,-1.));
#4574=DIRECTION('',(1.,0.,0.));
#4575=DIRECTION('',(0.,0.,-1.));
#4576=DIRECTION('',(0.,1.,3.16186110377808E-16));
#4577=DIRECTION('',(0.,0.,-1.));
#4578=DIRECTION('',(0.,-1.,0.));
#4579=DIRECTION('',(1.,0.,0.));
#4580=DIRECTION('',(0.,0.,-1.));
#4581=DIRECTION('',(0.,5.9284895695839E-17,1.));
#4582=DIRECTION('',(0.,0.,-1.));
#4583=DIRECTION('',(0.,-1.,0.));
#4584=DIRECTION('',(0.,0.,-1.));
#4585=DIRECTION('',(1.,0.,0.));
#4586=DIRECTION('',(-1.,0.,0.));
#4587=DIRECTION('',(0.,-1.,0.));
#4588=DIRECTION('',(0.,0.,-1.));
#4589=DIRECTION('',(1.,0.,0.));
#4590=DIRECTION('',(-1.,0.,0.));
#4591=DIRECTION('',(-1.,0.,0.));
#4592=DIRECTION('',(0.,0.,1.));
#4593=DIRECTION('',(0.,0.,-1.));
#4594=DIRECTION('',(0.,-1.,0.));
#4595=DIRECTION('',(-1.,0.,0.));
#4596=DIRECTION('',(0.,0.,1.));
#4597=DIRECTION('',(0.,5.92848956958391E-17,-1.));
#4598=DIRECTION('',(-1.,0.,0.));
#4599=DIRECTION('',(0.,0.,1.));
#4600=DIRECTION('',(0.,1.,1.58093055188904E-16));
#4601=DIRECTION('',(-1.,0.,0.));
#4602=DIRECTION('',(0.,0.,1.));
#4603=DIRECTION('',(0.,0.,-1.));
#4604=DIRECTION('',(0.,-1.,-3.16186110377808E-16));
#4605=DIRECTION('',(-1.,0.,0.));
#4606=DIRECTION('',(0.,0.,1.));
#4607=DIRECTION('',(0.,0.,-1.));
#4608=DIRECTION('',(0.,-5.9284895695839E-17,-1.));
#4609=DIRECTION('',(-1.,0.,0.));
#4610=DIRECTION('',(0.,0.,1.));
#4611=DIRECTION('',(0.,1.,0.));
#4612=DIRECTION('',(1.,0.,0.));
#4613=DIRECTION('',(0.,0.,-1.));
#4614=DIRECTION('',(1.,0.,0.));
#4615=DIRECTION('',(0.,0.,-1.));
#4616=DIRECTION('',(0.,1.,0.));
#4617=DIRECTION('',(0.,0.,-1.));
#4618=DIRECTION('',(0.,-1.,-1.58093055188904E-16));
#4619=DIRECTION('',(1.,0.,0.));
#4620=DIRECTION('',(0.,0.,-1.));
#4621=DIRECTION('',(0.,-5.92848956958391E-17,1.));
#4622=DIRECTION('',(1.,0.,0.));
#4623=DIRECTION('',(0.,0.,-1.));
#4624=DIRECTION('',(1.,0.,0.));
#4625=DIRECTION('',(0.,0.,-1.));
#4626=DIRECTION('',(0.,1.,3.16186110377808E-16));
#4627=DIRECTION('',(0.,0.,-1.));
#4628=DIRECTION('',(0.,-1.,0.));
#4629=DIRECTION('',(1.,0.,0.));
#4630=DIRECTION('',(0.,0.,-1.));
#4631=DIRECTION('',(0.,5.9284895695839E-17,1.));
#4632=DIRECTION('',(0.,0.,-1.));
#4633=DIRECTION('',(0.,-1.,0.));
#4634=DIRECTION('',(0.,0.,-1.));
#4635=DIRECTION('',(1.,0.,0.));
#4636=DIRECTION('',(-1.,0.,0.));
#4637=DIRECTION('',(0.,-1.,0.));
#4638=DIRECTION('',(0.,0.,-1.));
#4639=DIRECTION('',(1.,0.,0.));
#4640=DIRECTION('',(-1.,0.,0.));
#4641=DIRECTION('',(-1.,0.,0.));
#4642=DIRECTION('',(0.,0.,1.));
#4643=DIRECTION('',(0.,0.,-1.));
#4644=DIRECTION('',(0.,-1.,0.));
#4645=DIRECTION('',(-1.,0.,0.));
#4646=DIRECTION('',(0.,0.,1.));
#4647=DIRECTION('',(0.,5.92848956958391E-17,-1.));
#4648=DIRECTION('',(-1.,0.,0.));
#4649=DIRECTION('',(0.,0.,1.));
#4650=DIRECTION('',(0.,1.,1.58093055188904E-16));
#4651=DIRECTION('',(-1.,0.,0.));
#4652=DIRECTION('',(0.,0.,1.));
#4653=DIRECTION('',(0.,0.,-1.));
#4654=DIRECTION('',(0.,-1.,-3.16186110377808E-16));
#4655=DIRECTION('',(-1.,0.,0.));
#4656=DIRECTION('',(0.,0.,1.));
#4657=DIRECTION('',(0.,0.,-1.));
#4658=DIRECTION('',(0.,-5.9284895695839E-17,-1.));
#4659=DIRECTION('',(-1.,0.,0.));
#4660=DIRECTION('',(0.,0.,1.));
#4661=DIRECTION('',(0.,1.,0.));
#4662=DIRECTION('',(1.,0.,0.));
#4663=DIRECTION('',(0.,0.,-1.));
#4664=DIRECTION('',(1.,0.,0.));
#4665=DIRECTION('',(0.,0.,-1.));
#4666=DIRECTION('',(0.,1.,0.));
#4667=DIRECTION('',(0.,0.,-1.));
#4668=DIRECTION('',(0.,-1.,-1.58093055188904E-16));
#4669=DIRECTION('',(1.,0.,0.));
#4670=DIRECTION('',(0.,0.,-1.));
#4671=DIRECTION('',(0.,-5.92848956958391E-17,1.));
#4672=DIRECTION('',(1.,0.,0.));
#4673=DIRECTION('',(0.,0.,-1.));
#4674=DIRECTION('',(1.,0.,0.));
#4675=DIRECTION('',(0.,0.,-1.));
#4676=DIRECTION('',(0.,1.,3.16186110377808E-16));
#4677=DIRECTION('',(0.,0.,-1.));
#4678=DIRECTION('',(0.,-1.,0.));
#4679=DIRECTION('',(1.,0.,0.));
#4680=DIRECTION('',(0.,0.,-1.));
#4681=DIRECTION('',(0.,5.9284895695839E-17,1.));
#4682=DIRECTION('',(0.,0.,-1.));
#4683=DIRECTION('',(0.,-1.,0.));
#4684=DIRECTION('',(0.,0.,-1.));
#4685=DIRECTION('',(1.,0.,0.));
#4686=DIRECTION('',(-1.,0.,0.));
#4687=DIRECTION('',(0.,-1.,0.));
#4688=DIRECTION('',(0.,0.,-1.));
#4689=DIRECTION('',(1.,0.,0.));
#4690=DIRECTION('',(-1.,0.,0.));
#4691=DIRECTION('',(-1.,0.,0.));
#4692=DIRECTION('',(0.,0.,1.));
#4693=DIRECTION('',(0.,0.,-1.));
#4694=DIRECTION('',(0.,-1.,0.));
#4695=DIRECTION('',(-1.,0.,0.));
#4696=DIRECTION('',(0.,0.,1.));
#4697=DIRECTION('',(0.,5.92848956958391E-17,-1.));
#4698=DIRECTION('',(-1.,0.,0.));
#4699=DIRECTION('',(0.,0.,1.));
#4700=DIRECTION('',(0.,1.,1.58093055188904E-16));
#4701=DIRECTION('',(-1.,0.,0.));
#4702=DIRECTION('',(0.,0.,1.));
#4703=DIRECTION('',(0.,0.,-1.));
#4704=DIRECTION('',(0.,-1.,-3.16186110377808E-16));
#4705=DIRECTION('',(-1.,0.,0.));
#4706=DIRECTION('',(0.,0.,1.));
#4707=DIRECTION('',(0.,0.,-1.));
#4708=DIRECTION('',(0.,-5.9284895695839E-17,-1.));
#4709=DIRECTION('',(-1.,0.,0.));
#4710=DIRECTION('',(0.,0.,1.));
#4711=DIRECTION('',(0.,1.,0.));
#4712=DIRECTION('',(1.,0.,0.));
#4713=DIRECTION('',(0.,0.,-1.));
#4714=DIRECTION('',(1.,0.,0.));
#4715=DIRECTION('',(0.,0.,-1.));
#4716=DIRECTION('',(0.,1.,0.));
#4717=DIRECTION('',(0.,0.,-1.));
#4718=DIRECTION('',(0.,-1.,-1.58093055188904E-16));
#4719=DIRECTION('',(1.,0.,0.));
#4720=DIRECTION('',(0.,0.,-1.));
#4721=DIRECTION('',(0.,-5.92848956958391E-17,1.));
#4722=DIRECTION('',(1.,0.,0.));
#4723=DIRECTION('',(0.,0.,-1.));
#4724=DIRECTION('',(1.,0.,0.));
#4725=DIRECTION('',(0.,0.,-1.));
#4726=DIRECTION('',(0.,1.,3.16186110377808E-16));
#4727=DIRECTION('',(0.,0.,-1.));
#4728=DIRECTION('',(0.,-1.,0.));
#4729=DIRECTION('',(1.,0.,0.));
#4730=DIRECTION('',(0.,0.,-1.));
#4731=DIRECTION('',(0.,5.9284895695839E-17,1.));
#4732=DIRECTION('',(0.,0.,-1.));
#4733=DIRECTION('',(0.,-1.,0.));
#4734=DIRECTION('',(0.,0.,-1.));
#4735=DIRECTION('',(1.,0.,0.));
#4736=DIRECTION('',(-1.,0.,0.));
#4737=DIRECTION('',(0.,-1.,0.));
#4738=DIRECTION('',(0.,0.,-1.));
#4739=DIRECTION('',(1.,0.,0.));
#4740=DIRECTION('',(-1.,0.,0.));
#4741=DIRECTION('',(-1.,0.,0.));
#4742=DIRECTION('',(0.,0.,1.));
#4743=DIRECTION('',(0.,0.,-1.));
#4744=DIRECTION('',(0.,-1.,0.));
#4745=DIRECTION('',(-1.,0.,0.));
#4746=DIRECTION('',(0.,0.,1.));
#4747=DIRECTION('',(0.,5.92848956958391E-17,-1.));
#4748=DIRECTION('',(-1.,0.,0.));
#4749=DIRECTION('',(0.,0.,1.));
#4750=DIRECTION('',(0.,1.,1.58093055188904E-16));
#4751=DIRECTION('',(-1.,0.,0.));
#4752=DIRECTION('',(0.,0.,1.));
#4753=DIRECTION('',(0.,0.,-1.));
#4754=DIRECTION('',(0.,-1.,-3.16186110377808E-16));
#4755=DIRECTION('',(-1.,0.,0.));
#4756=DIRECTION('',(0.,0.,1.));
#4757=DIRECTION('',(0.,0.,-1.));
#4758=DIRECTION('',(0.,-5.9284895695839E-17,-1.));
#4759=DIRECTION('',(-1.,0.,0.));
#4760=DIRECTION('',(0.,0.,1.));
#4761=DIRECTION('',(0.,1.,0.));
#4762=DIRECTION('',(1.,0.,0.));
#4763=DIRECTION('',(0.,0.,-1.));
#4764=DIRECTION('',(1.,0.,0.));
#4765=DIRECTION('',(0.,0.,-1.));
#4766=DIRECTION('',(0.,1.,0.));
#4767=DIRECTION('',(0.,0.,-1.));
#4768=DIRECTION('',(0.,-1.,-1.58093055188904E-16));
#4769=DIRECTION('',(1.,0.,0.));
#4770=DIRECTION('',(0.,0.,-1.));
#4771=DIRECTION('',(0.,-5.92848956958391E-17,1.));
#4772=DIRECTION('',(1.,0.,0.));
#4773=DIRECTION('',(0.,0.,-1.));
#4774=DIRECTION('',(1.,0.,0.));
#4775=DIRECTION('',(0.,0.,-1.));
#4776=DIRECTION('',(0.,1.,3.16186110377808E-16));
#4777=DIRECTION('',(0.,0.,-1.));
#4778=DIRECTION('',(0.,-1.,0.));
#4779=DIRECTION('',(1.,0.,0.));
#4780=DIRECTION('',(0.,0.,-1.));
#4781=DIRECTION('',(0.,5.9284895695839E-17,1.));
#4782=DIRECTION('',(0.,0.,-1.));
#4783=DIRECTION('',(0.,-1.,0.));
#4784=DIRECTION('',(0.,0.,-1.));
#4785=DIRECTION('',(1.,0.,0.));
#4786=DIRECTION('',(-1.,0.,0.));
#4787=DIRECTION('',(0.,-1.,0.));
#4788=DIRECTION('',(0.,0.,-1.));
#4789=DIRECTION('',(1.,0.,0.));
#4790=DIRECTION('',(-1.,0.,0.));
#4791=DIRECTION('',(-1.,0.,0.));
#4792=DIRECTION('',(0.,0.,1.));
#4793=DIRECTION('',(0.,0.,-1.));
#4794=DIRECTION('',(0.,-1.,0.));
#4795=DIRECTION('',(-1.,0.,0.));
#4796=DIRECTION('',(0.,0.,1.));
#4797=DIRECTION('',(0.,5.92848956958391E-17,-1.));
#4798=DIRECTION('',(-1.,0.,0.));
#4799=DIRECTION('',(0.,0.,1.));
#4800=DIRECTION('',(0.,1.,1.58093055188904E-16));
#4801=DIRECTION('',(-1.,0.,0.));
#4802=DIRECTION('',(0.,0.,1.));
#4803=DIRECTION('',(0.,0.,-1.));
#4804=DIRECTION('',(0.,-1.,-3.16186110377808E-16));
#4805=DIRECTION('',(-1.,0.,0.));
#4806=DIRECTION('',(0.,0.,1.));
#4807=DIRECTION('',(0.,0.,-1.));
#4808=DIRECTION('',(0.,-5.9284895695839E-17,-1.));
#4809=DIRECTION('',(-1.,0.,0.));
#4810=DIRECTION('',(0.,0.,1.));
#4811=DIRECTION('',(0.,1.,0.));
#4812=DIRECTION('',(1.,0.,0.));
#4813=DIRECTION('',(0.,0.,-1.));
#4814=DIRECTION('',(1.,0.,0.));
#4815=DIRECTION('',(0.,0.,-1.));
#4816=DIRECTION('',(0.,1.,0.));
#4817=DIRECTION('',(0.,0.,-1.));
#4818=DIRECTION('',(0.,-1.,-1.58093055188904E-16));
#4819=DIRECTION('',(1.,0.,0.));
#4820=DIRECTION('',(0.,0.,-1.));
#4821=DIRECTION('',(0.,-5.92848956958391E-17,1.));
#4822=DIRECTION('',(1.,0.,0.));
#4823=DIRECTION('',(0.,0.,-1.));
#4824=DIRECTION('',(1.,0.,0.));
#4825=DIRECTION('',(0.,0.,-1.));
#4826=DIRECTION('',(0.,1.,3.16186110377808E-16));
#4827=DIRECTION('',(0.,0.,-1.));
#4828=DIRECTION('',(0.,-1.,0.));
#4829=DIRECTION('',(1.,0.,0.));
#4830=DIRECTION('',(0.,0.,-1.));
#4831=DIRECTION('',(0.,5.9284895695839E-17,1.));
#4832=DIRECTION('',(0.,0.,-1.));
#4833=DIRECTION('',(0.,-1.,0.));
#4834=DIRECTION('',(0.,0.,-1.));
#4835=DIRECTION('',(1.,0.,0.));
#4836=DIRECTION('',(-1.,0.,0.));
#4837=DIRECTION('',(0.,-1.,0.));
#4838=DIRECTION('',(0.,0.,-1.));
#4839=DIRECTION('',(1.,0.,0.));
#4840=DIRECTION('',(-1.,0.,0.));
#4841=DIRECTION('',(0.,-1.,0.));
#4842=DIRECTION('',(0.,0.,-1.));
#4843=DIRECTION('',(0.,0.,-1.));
#4844=DIRECTION('',(1.,0.,0.));
#4845=DIRECTION('',(-1.,0.,0.));
#4846=DIRECTION('',(0.,-1.,0.));
#4847=DIRECTION('',(0.,0.,-1.));
#4848=DIRECTION('',(0.,0.,-1.));
#4849=DIRECTION('',(1.,0.,0.));
#4850=DIRECTION('',(-1.,0.,0.));
#4851=DIRECTION('',(1.,0.,0.));
#4852=DIRECTION('',(0.,0.,-1.));
#4853=DIRECTION('',(1.,0.,0.));
#4854=DIRECTION('',(0.,0.,-1.));
#4855=DIRECTION('',(0.,1.,0.));
#4856=DIRECTION('',(0.,-1.,-1.58093055188904E-16));
#4857=DIRECTION('',(1.,0.,0.));
#4858=DIRECTION('',(0.,0.,-1.));
#4859=DIRECTION('',(0.,-5.92848956958391E-17,1.));
#4860=DIRECTION('',(1.,0.,0.));
#4861=DIRECTION('',(0.,0.,-1.));
#4862=DIRECTION('',(1.,0.,0.));
#4863=DIRECTION('',(0.,0.,-1.));
#4864=DIRECTION('',(0.,1.,3.16186110377808E-16));
#4865=DIRECTION('',(0.,-1.,0.));
#4866=DIRECTION('',(1.,0.,0.));
#4867=DIRECTION('',(0.,0.,-1.));
#4868=DIRECTION('',(0.,5.9284895695839E-17,1.));
#4869=DIRECTION('',(0.,0.,-1.));
#4870=DIRECTION('',(0.,1.,0.));
#4871=DIRECTION('',(0.,0.,1.));
#4872=DIRECTION('',(-1.,0.,0.));
#4873=DIRECTION('',(0.,1.,0.));
#4874=DIRECTION('',(0.,0.,1.));
#4875=DIRECTION('',(-1.,0.,0.));
#4876=DIRECTION('',(0.,1.,0.));
#4877=DIRECTION('',(0.,0.,1.));
#4878=DIRECTION('',(-1.,0.,0.));
#4879=DIRECTION('',(0.,1.,0.));
#4880=DIRECTION('',(0.,0.,1.));
#4881=DIRECTION('',(-1.,0.,0.));
#4882=DIRECTION('',(0.,1.,0.));
#4883=DIRECTION('',(0.,0.,1.));
#4884=DIRECTION('',(-1.,0.,0.));
#4885=DIRECTION('',(0.,1.,0.));
#4886=DIRECTION('',(0.,0.,1.));
#4887=DIRECTION('',(-1.,0.,0.));
#4888=DIRECTION('',(0.,1.,0.));
#4889=DIRECTION('',(0.,0.,1.));
#4890=DIRECTION('',(-1.,0.,0.));
#4891=DIRECTION('',(0.,0.,1.));
#4892=DIRECTION('',(1.,0.,0.));
#4893=DIRECTION('',(-1.,0.,0.));
#4894=DIRECTION('',(-1.,0.,0.));
#4895=DIRECTION('',(-1.,0.,0.));
#4896=DIRECTION('',(-1.,0.,0.));
#4897=DIRECTION('',(-1.,0.,0.));
#4898=DIRECTION('',(-1.,0.,0.));
#4899=DIRECTION('',(-1.,0.,0.));
#4900=DIRECTION('',(-1.,0.,0.));
#4901=DIRECTION('',(-1.,0.,0.));
#4902=DIRECTION('',(0.,0.,1.));
#4903=DIRECTION('',(-1.,0.,0.));
#4904=DIRECTION('',(0.,1.,-5.9284895695839E-17));
#4905=DIRECTION('',(0.,5.9284895695839E-17,1.));
#4906=DIRECTION('',(-1.,0.,0.));
#4907=DIRECTION('',(0.,0.,1.));
#4908=DIRECTION('',(-1.,0.,0.));
#4909=DIRECTION('',(0.,1.,-5.9284895695839E-17));
#4910=DIRECTION('',(0.,5.9284895695839E-17,1.));
#4911=DIRECTION('',(-1.,0.,0.));
#4912=DIRECTION('',(0.,0.,1.));
#4913=DIRECTION('',(-1.,0.,0.));
#4914=DIRECTION('',(0.,1.,-5.9284895695839E-17));
#4915=DIRECTION('',(0.,5.9284895695839E-17,1.));
#4916=DIRECTION('',(-1.,0.,0.));
#4917=DIRECTION('',(0.,0.,1.));
#4918=DIRECTION('',(-1.,0.,0.));
#4919=DIRECTION('',(0.,1.,-5.9284895695839E-17));
#4920=DIRECTION('',(0.,5.9284895695839E-17,1.));
#4921=DIRECTION('',(-1.,0.,0.));
#4922=DIRECTION('',(0.,0.,1.));
#4923=DIRECTION('',(-1.,0.,0.));
#4924=DIRECTION('',(0.,1.,-5.9284895695839E-17));
#4925=DIRECTION('',(0.,5.9284895695839E-17,1.));
#4926=DIRECTION('',(-1.,0.,0.));
#4927=DIRECTION('',(0.,0.,1.));
#4928=DIRECTION('',(-1.,0.,0.));
#4929=DIRECTION('',(0.,1.,-5.9284895695839E-17));
#4930=DIRECTION('',(0.,5.9284895695839E-17,1.));
#4931=DIRECTION('',(-1.,0.,0.));
#4932=DIRECTION('',(0.,0.,1.));
#4933=DIRECTION('',(-1.,0.,0.));
#4934=DIRECTION('',(0.,1.,-5.9284895695839E-17));
#4935=DIRECTION('',(0.,5.9284895695839E-17,1.));
#4936=DIRECTION('',(0.,-1.,0.));
#4937=DIRECTION('',(0.,0.,-1.));
#4938=DIRECTION('',(0.,-1.58093055188904E-16,1.));
#4939=DIRECTION('',(0.,-1.,-1.58093055188904E-16));
#4940=DIRECTION('',(-1.,0.,0.));
#4941=DIRECTION('',(-1.,0.,0.));
#4942=DIRECTION('',(-1.,0.,0.));
#4943=DIRECTION('',(-1.,0.,0.));
#4944=DIRECTION('',(-1.,0.,0.));
#4945=DIRECTION('',(-1.,0.,0.));
#4946=DIRECTION('',(-1.,0.,0.));
#4947=DIRECTION('',(-1.,0.,0.));
#4948=DIRECTION('',(-1.,0.,0.));
#4949=DIRECTION('',(0.,0.,1.));
#4950=DIRECTION('',(-1.,0.,0.));
#4951=DIRECTION('',(0.,0.,1.));
#4952=DIRECTION('',(-1.,0.,0.));
#4953=DIRECTION('',(0.,0.,1.));
#4954=DIRECTION('',(-1.,0.,0.));
#4955=DIRECTION('',(0.,0.,1.));
#4956=DIRECTION('',(-1.,0.,0.));
#4957=DIRECTION('',(0.,0.,1.));
#4958=DIRECTION('',(-1.,0.,0.));
#4959=DIRECTION('',(0.,0.,1.));
#4960=DIRECTION('',(-1.,0.,0.));
#4961=DIRECTION('',(0.,0.,1.));
#4962=DIRECTION('',(-1.,0.,0.));
#4963=DIRECTION('',(0.,0.,1.));
#4964=DIRECTION('',(-1.,0.,0.));
#4965=DIRECTION('',(0.,3.16186110377808E-16,-1.));
#4966=DIRECTION('',(0.,1.,3.16186110377808E-16));
#4967=DIRECTION('',(-1.,0.,0.));
#4968=DIRECTION('',(-1.,0.,0.));
#4969=DIRECTION('',(-1.,0.,0.));
#4970=DIRECTION('',(-1.,0.,0.));
#4971=DIRECTION('',(-1.,0.,0.));
#4972=DIRECTION('',(-1.,0.,0.));
#4973=DIRECTION('',(-1.,0.,0.));
#4974=DIRECTION('',(-1.,0.,0.));
#4975=DIRECTION('',(0.,0.,1.));
#4976=DIRECTION('',(-1.,0.,0.));
#4977=DIRECTION('',(0.,0.,1.));
#4978=DIRECTION('',(-1.,0.,0.));
#4979=DIRECTION('',(0.,0.,1.));
#4980=DIRECTION('',(-1.,0.,0.));
#4981=DIRECTION('',(0.,0.,1.));
#4982=DIRECTION('',(-1.,0.,0.));
#4983=DIRECTION('',(0.,0.,1.));
#4984=DIRECTION('',(-1.,0.,0.));
#4985=DIRECTION('',(0.,0.,1.));
#4986=DIRECTION('',(0.,-1.,1.0671281225251E-16));
#4987=DIRECTION('',(0.,-1.0671281225251E-16,-1.));
#4988=DIRECTION('',(-1.,0.,0.));
#4989=DIRECTION('',(0.,0.,1.));
#4990=DIRECTION('',(-1.,0.,0.));
#4991=DIRECTION('',(-1.,0.,0.));
#4992=DIRECTION('',(-1.,0.,0.));
#4993=DIRECTION('',(0.,0.,1.));
#4994=DIRECTION('',(-1.,0.,0.));
#4995=DIRECTION('',(-1.,0.,0.));
#4996=DIRECTION('',(-1.,0.,0.));
#4997=DIRECTION('',(0.,0.,1.));
#4998=DIRECTION('',(-1.,0.,0.));
#4999=DIRECTION('',(-1.,0.,0.));
#5000=DIRECTION('',(-1.,0.,0.));
#5001=DIRECTION('',(0.,0.,1.));
#5002=DIRECTION('',(-1.,0.,0.));
#5003=DIRECTION('',(-1.,0.,0.));
#5004=DIRECTION('',(-1.,0.,0.));
#5005=DIRECTION('',(0.,0.,1.));
#5006=DIRECTION('',(-1.,0.,0.));
#5007=DIRECTION('',(-1.,0.,0.));
#5008=DIRECTION('',(-1.,0.,0.));
#5009=DIRECTION('',(0.,0.,1.));
#5010=DIRECTION('',(-1.,0.,0.));
#5011=DIRECTION('',(-1.,0.,0.));
#5012=DIRECTION('',(0.,1.,5.9284895695839E-17));
#5013=DIRECTION('',(0.,-5.92848956958391E-17,1.));
#5014=DIRECTION('',(-1.,0.,0.));
#5015=DIRECTION('',(0.,1.,5.9284895695839E-17));
#5016=DIRECTION('',(0.,-5.92848956958391E-17,1.));
#5017=DIRECTION('',(0.,1.,5.9284895695839E-17));
#5018=DIRECTION('',(0.,-5.92848956958391E-17,1.));
#5019=DIRECTION('',(0.,1.,5.9284895695839E-17));
#5020=DIRECTION('',(0.,-5.92848956958391E-17,1.));
#5021=DIRECTION('',(0.,1.,5.9284895695839E-17));
#5022=DIRECTION('',(0.,-5.92848956958391E-17,1.));
#5023=DIRECTION('',(0.,1.,5.9284895695839E-17));
#5024=DIRECTION('',(0.,-5.92848956958391E-17,1.));
#5025=DIRECTION('',(0.,-1.,0.));
#5026=DIRECTION('',(0.,0.,-1.));
#5027=DIRECTION('',(-1.,0.,0.));
#5028=DIRECTION('',(0.,0.,-1.));
#5029=DIRECTION('',(-1.,0.,0.));
#5030=DIRECTION('',(-1.,0.,0.));
#5031=DIRECTION('',(-1.,0.,0.));
#5032=DIRECTION('',(0.,0.,1.));
#5033=DIRECTION('',(0.,1.,5.9284895695839E-17));
#5034=DIRECTION('',(0.,-5.92848956958391E-17,1.));
#5035=DIRECTION('',(0.,1.,2.83856080591677E-17));
#5036=DIRECTION('',(0.,-2.83856080591677E-17,1.));
#5037=DIRECTION('',(0.,0.,1.));
#5038=DIRECTION('',(1.,0.,0.));
#5039=CARTESIAN_POINT('',(0.,0.,0.));
#5040=CARTESIAN_POINT('',(0.2375,0.316,-0.0375));
#5041=CARTESIAN_POINT('',(-0.1875,0.316,-0.0375));
#5042=CARTESIAN_POINT('',(-0.1875,0.205,-0.0375));
#5043=CARTESIAN_POINT('',(-0.1875,0.124,-0.0375));
#5044=CARTESIAN_POINT('',(0.2375,0.205,-0.0375));
#5045=CARTESIAN_POINT('',(-0.2375,0.205,-0.0375));
#5046=CARTESIAN_POINT('',(-0.2375,0.316,-0.0375));
#5047=CARTESIAN_POINT('',(-0.2375,0.124,-0.0375));
#5048=CARTESIAN_POINT('',(0.2375,0.124,-0.0375));
#5049=CARTESIAN_POINT('',(-0.2375,0.316,0.0375));
#5050=CARTESIAN_POINT('',(-0.2375,0.316,0.0375));
#5051=CARTESIAN_POINT('',(-0.2375,0.205,0.0375));
#5052=CARTESIAN_POINT('',(-0.2375,0.124,0.0375));
#5053=CARTESIAN_POINT('',(0.2375,0.205,0.0375));
#5054=CARTESIAN_POINT('',(-0.1875,0.205,0.0375));
#5055=CARTESIAN_POINT('',(-0.1875,0.316,0.0375));
#5056=CARTESIAN_POINT('',(-0.1875,0.124,0.0375));
#5057=CARTESIAN_POINT('',(-0.2375,0.124,0.0375));
#5058=CARTESIAN_POINT('',(0.,0.22,0.));
#5059=CARTESIAN_POINT('',(0.0775,0.22,-0.0875));
#5060=CARTESIAN_POINT('',(0.0775,0.22,-0.0875));
#5061=CARTESIAN_POINT('',(0.0775,0.22,-0.0825));
#5062=CARTESIAN_POINT('',(0.2025,0.22,-0.0875));
#5063=CARTESIAN_POINT('',(0.2025,0.22,-0.0875));
#5064=CARTESIAN_POINT('',(0.2025,0.22,0.0675));
#5065=CARTESIAN_POINT('',(0.2025,0.22,-0.0525));
#5066=CARTESIAN_POINT('',(0.2375,0.22,-0.0525));
#5067=CARTESIAN_POINT('',(0.2375,0.22,-0.0525));
#5068=CARTESIAN_POINT('',(0.2375,0.22,0.0875));
#5069=CARTESIAN_POINT('',(0.2375,0.22,-0.0875));
#5070=CARTESIAN_POINT('',(0.2375,0.22,-0.0875));
#5071=CARTESIAN_POINT('',(0.2125,0.22,-0.1125));
#5072=CARTESIAN_POINT('',(0.2125,0.22,-0.1125));
#5073=CARTESIAN_POINT('',(-0.2375,0.22,-0.1125));
#5074=CARTESIAN_POINT('',(-0.2375,0.22,-0.1125));
#5075=CARTESIAN_POINT('',(-0.2375,0.22,-0.0525));
#5076=CARTESIAN_POINT('',(0.2375,0.22,-0.0525));
#5077=CARTESIAN_POINT('',(-0.2025,0.22,-0.0525));
#5078=CARTESIAN_POINT('',(-0.2025,0.22,-0.0675));
#5079=CARTESIAN_POINT('',(-0.2025,0.22,-0.0825));
#5080=CARTESIAN_POINT('',(0.1875,0.22,-0.0825));
#5081=CARTESIAN_POINT('',(0.,0.22,0.));
#5082=CARTESIAN_POINT('',(0.2375,0.22,0.0875));
#5083=CARTESIAN_POINT('',(0.2375,0.22,0.0875));
#5084=CARTESIAN_POINT('',(0.2375,0.22,0.0525));
#5085=CARTESIAN_POINT('',(0.2375,0.22,0.0525));
#5086=CARTESIAN_POINT('',(0.2025,0.22,0.0525));
#5087=CARTESIAN_POINT('',(0.2025,0.22,0.0675));
#5088=CARTESIAN_POINT('',(0.2025,0.22,0.0825));
#5089=CARTESIAN_POINT('',(-0.1875,0.22,0.0825));
#5090=CARTESIAN_POINT('',(-0.2025,0.22,0.0825));
#5091=CARTESIAN_POINT('',(-0.2025,0.22,-0.0675));
#5092=CARTESIAN_POINT('',(-0.2025,0.22,0.0525));
#5093=CARTESIAN_POINT('',(0.2375,0.22,0.0525));
#5094=CARTESIAN_POINT('',(-0.2375,0.22,0.0525));
#5095=CARTESIAN_POINT('',(-0.2375,0.22,-0.1125));
#5096=CARTESIAN_POINT('',(-0.2375,0.22,0.1125));
#5097=CARTESIAN_POINT('',(-0.2375,0.22,0.1125));
#5098=CARTESIAN_POINT('',(0.2125,0.22,0.1125));
#5099=CARTESIAN_POINT('',(0.2125,0.22,0.1125));
#5100=CARTESIAN_POINT('',(-0.2375,0.22,-0.1125));
#5101=CARTESIAN_POINT('',(-0.2375,0.22,0.0525));
#5102=CARTESIAN_POINT('',(-0.2375,0.124,-0.0375));
#5103=CARTESIAN_POINT('',(-0.2375,0.205,-0.0375));
#5104=CARTESIAN_POINT('',(-0.2375,0.22,-0.1125));
#5105=CARTESIAN_POINT('',(-0.2375,0.,-0.1125));
#5106=CARTESIAN_POINT('',(-0.2375,0.,-0.1125));
#5107=CARTESIAN_POINT('',(-0.2375,0.,0.1125));
#5108=CARTESIAN_POINT('',(-0.2375,0.22,0.1125));
#5109=CARTESIAN_POINT('',(0.2375,0.22,0.0875));
#5110=CARTESIAN_POINT('',(0.2375,0.22,0.0525));
#5111=CARTESIAN_POINT('',(0.2375,0.205,0.0375));
#5112=CARTESIAN_POINT('',(0.2375,0.22,0.0875));
#5113=CARTESIAN_POINT('',(0.2375,0.,0.0875));
#5114=CARTESIAN_POINT('',(0.2375,0.,0.0875));
#5115=CARTESIAN_POINT('',(0.2375,0.,-0.0875));
#5116=CARTESIAN_POINT('',(0.2375,0.22,-0.0875));
#5117=CARTESIAN_POINT('',(0.2375,0.205,-0.0375));
#5118=CARTESIAN_POINT('',(0.2375,0.205,-0.0375));
#5119=CARTESIAN_POINT('',(0.2375,0.316,-0.0375));
#5120=CARTESIAN_POINT('',(0.2375,0.124,-0.0375));
#5121=CARTESIAN_POINT('',(0.2375,0.124,0.0375));
#5122=CARTESIAN_POINT('',(0.2375,0.124,0.0375));
#5123=CARTESIAN_POINT('',(0.2375,0.316,0.0375));
#5124=CARTESIAN_POINT('',(-0.1875,0.205,-0.0675));
#5125=CARTESIAN_POINT('',(-0.1975,0.215,-0.0475));
#5126=CARTESIAN_POINT('',(-0.1875,0.205,-0.0675));
#5127=CARTESIAN_POINT('',(-0.1875,0.205,-0.0675));
#5128=CARTESIAN_POINT('',(-0.1875,0.205,-0.0675));
#5129=CARTESIAN_POINT('',(-0.1875,0.205,-0.0675));
#5130=CARTESIAN_POINT('',(-0.1875,0.205,-0.0675));
#5131=CARTESIAN_POINT('',(-0.1875,0.205,0.0675));
#5132=CARTESIAN_POINT('',(-0.1525,0.17,0.00250000000000004));
#5133=CARTESIAN_POINT('',(-0.1875,0.205,0.0675));
#5134=CARTESIAN_POINT('',(0.1875,0.205,0.0675));
#5135=CARTESIAN_POINT('',(0.1875,0.205,0.0675));
#5136=CARTESIAN_POINT('',(0.1875,0.205,-0.0375));
#5137=CARTESIAN_POINT('',(0.1875,0.205,-0.0875));
#5138=CARTESIAN_POINT('',(0.1525,0.17,-0.00250000000000004));
#5139=CARTESIAN_POINT('',(0.1875,0.205,-0.0875));
#5140=CARTESIAN_POINT('',(0.1875,0.205,0.0675));
#5141=CARTESIAN_POINT('',(0.1975,0.215,0.0475));
#5142=CARTESIAN_POINT('',(0.1875,0.205,0.0375));
#5143=CARTESIAN_POINT('',(0.1875,0.205,0.0675));
#5144=CARTESIAN_POINT('',(0.1875,0.205,0.0675));
#5145=CARTESIAN_POINT('',(0.1875,0.205,0.0675));
#5146=CARTESIAN_POINT('',(0.2375,0.316,-0.0375));
#5147=CARTESIAN_POINT('',(0.2375,0.205,-0.0375));
#5148=CARTESIAN_POINT('',(0.1875,0.316,-0.0375));
#5149=CARTESIAN_POINT('',(0.1875,0.124,-0.0375));
#5150=CARTESIAN_POINT('',(0.2375,0.124,-0.0375));
#5151=CARTESIAN_POINT('',(-0.2375,0.316,0.0375));
#5152=CARTESIAN_POINT('',(0.1875,0.316,0.0375));
#5153=CARTESIAN_POINT('',(0.1875,0.124,0.0375));
#5154=CARTESIAN_POINT('',(0.2375,0.205,0.0375));
#5155=CARTESIAN_POINT('',(-0.2375,0.124,0.0375));
#5156=CARTESIAN_POINT('',(0.,0.124,0.));
#5157=CARTESIAN_POINT('',(-0.1875,0.124,0.));
#5158=CARTESIAN_POINT('',(0.,0.,0.));
#5159=CARTESIAN_POINT('',(-0.1875,0.,0.1125));
#5160=CARTESIAN_POINT('',(-0.1875,0.,0.1125));
#5161=CARTESIAN_POINT('',(-0.1875,0.,-0.1125));
#5162=CARTESIAN_POINT('',(-0.2375,0.,0.1125));
#5163=CARTESIAN_POINT('',(0.2125,0.,-0.1125));
#5164=CARTESIAN_POINT('',(0.2125,0.22,-0.1125));
#5165=CARTESIAN_POINT('',(0.2125,0.,-0.1125));
#5166=CARTESIAN_POINT('',(0.2125,0.,-0.1125));
#5167=CARTESIAN_POINT('',(0.1875,0.,-0.1125));
#5168=CARTESIAN_POINT('',(0.1875,0.,-0.1125));
#5169=CARTESIAN_POINT('',(0.1875,0.06,-0.1125));
#5170=CARTESIAN_POINT('',(0.1875,0.06,-0.1125));
#5171=CARTESIAN_POINT('',(-0.1875,0.06,-0.1125));
#5172=CARTESIAN_POINT('',(-0.1875,0.,-0.1125));
#5173=CARTESIAN_POINT('',(0.2125,0.22,-0.1125));
#5174=CARTESIAN_POINT('',(-0.2375,0.22,0.1125));
#5175=CARTESIAN_POINT('',(0.1875,0.06,0.1125));
#5176=CARTESIAN_POINT('',(0.1875,0.06,0.1125));
#5177=CARTESIAN_POINT('',(-0.1875,0.06,0.1125));
#5178=CARTESIAN_POINT('',(0.1875,0.06,0.1125));
#5179=CARTESIAN_POINT('',(0.1875,8.53702498020082E-18,0.1125));
#5180=CARTESIAN_POINT('',(-0.2375,0.,0.1125));
#5181=CARTESIAN_POINT('',(0.2125,0.,0.1125));
#5182=CARTESIAN_POINT('',(0.2125,0.22,0.1125));
#5183=CARTESIAN_POINT('',(-0.1875,0.06,0.1125));
#5184=CARTESIAN_POINT('',(0.2125,0.22,0.1125));
#5185=CARTESIAN_POINT('',(0.2125,0.,0.1125));
#5186=CARTESIAN_POINT('',(0.2375,0.22,-0.0875));
#5187=CARTESIAN_POINT('',(0.2375,0.,-0.0875));
#5188=CARTESIAN_POINT('',(0.,0.,0.));
#5189=CARTESIAN_POINT('',(0.1875,0.,0.1125));
#5190=CARTESIAN_POINT('',(0.1875,0.205,-0.0675));
#5191=CARTESIAN_POINT('',(0.0775,0.205,-0.0675));
#5192=CARTESIAN_POINT('',(0.0775,0.205,-0.0675));
#5193=CARTESIAN_POINT('',(0.1875,0.205,-0.0675));
#5194=CARTESIAN_POINT('',(-0.1875,0.205,0.0675));
#5195=CARTESIAN_POINT('',(-0.1875,0.205,0.0675));
#5196=CARTESIAN_POINT('',(0.1875,0.02,0.0425));
#5197=CARTESIAN_POINT('',(-0.1875,0.02,0.0425));
#5198=CARTESIAN_POINT('',(-0.1875,0.02,0.0425));
#5199=CARTESIAN_POINT('',(0.1875,0.02,0.0425));
#5200=CARTESIAN_POINT('',(0.1875,0.02,0.0425));
#5201=CARTESIAN_POINT('',(0.1875,0.02,0.0425));
#5202=CARTESIAN_POINT('',(0.1875,0.06,-0.1125));
#5203=CARTESIAN_POINT('',(-0.1875,0.06,-0.1125));
#5204=CARTESIAN_POINT('',(-0.1875,0.02,-0.0425));
#5205=CARTESIAN_POINT('',(0.1875,0.06,-0.1125));
#5206=CARTESIAN_POINT('',(0.1875,0.02,-0.0425));
#5207=CARTESIAN_POINT('',(0.1875,0.02,-0.0425));
#5208=CARTESIAN_POINT('',(0.1875,0.02,-0.0425));
#5209=CARTESIAN_POINT('',(-0.1875,0.02,-0.0425));
#5210=CARTESIAN_POINT('',(0.1875,0.02,-0.0425));
#5211=CARTESIAN_POINT('',(0.1875,0.,0.));
#5212=CARTESIAN_POINT('',(-0.1875,0.,0.));
#5213=CARTESIAN_POINT('',(0.,0.124,0.));
#5214=CARTESIAN_POINT('',(0.1875,0.124,0.));
#5215=CARTESIAN_POINT('',(0.1875,0.0565,-0.0675));
#5216=CARTESIAN_POINT('',(0.1875,0.0565,-0.0675));
#5217=CARTESIAN_POINT('',(0.0775,0.0565,-0.0675));
#5218=CARTESIAN_POINT('',(-0.1875,0.0565,-0.0675));
#5219=CARTESIAN_POINT('',(0.0775,0.0565,-0.0675));
#5220=CARTESIAN_POINT('',(-0.1875,0.0565,-0.0675));
#5221=CARTESIAN_POINT('',(-0.1875,0.0565,-0.0675));
#5222=CARTESIAN_POINT('',(-0.1875,0.0565,0.0675));
#5223=CARTESIAN_POINT('',(-0.1875,0.0565,0.0675));
#5224=CARTESIAN_POINT('',(-0.1875,0.0565,-0.0675));
#5225=CARTESIAN_POINT('',(-0.1875,0.0565,0.0675));
#5226=CARTESIAN_POINT('',(0.1875,0.0565,0.0675));
#5227=CARTESIAN_POINT('',(0.1875,0.0565,0.0675));
#5228=CARTESIAN_POINT('',(-0.1875,0.0565,0.0675));
#5229=CARTESIAN_POINT('',(0.1875,0.0565,0.0675));
#5230=CARTESIAN_POINT('',(0.1875,0.0565,-0.0875));
#5231=CARTESIAN_POINT('',(0.1875,0.0565,-0.0875));
#5232=CARTESIAN_POINT('',(0.1875,0.0565,0.0675));
#5233=CARTESIAN_POINT('',(0.,0.0565,0.));
#5234=CARTESIAN_POINT('',(0.0775,0.0565,-0.0875));
#5235=CARTESIAN_POINT('',(0.0775,0.0565,-0.0875));
#5236=CARTESIAN_POINT('',(0.0775,0.0565,-0.0875));
#5237=CARTESIAN_POINT('',(0.2375,0.22,0.0525));
#5238=CARTESIAN_POINT('',(0.2375,0.205,-0.0375));
#5239=CARTESIAN_POINT('',(0.2375,0.22,0.0525));
#5240=CARTESIAN_POINT('',(0.2375,0.205,-0.0375));
#5241=CARTESIAN_POINT('',(0.0775,0.22,-0.0875));
#5242=CARTESIAN_POINT('',(0.0775,0.22,-0.0875));
#5243=CARTESIAN_POINT('',(0.,0.,-0.0875));
#5244=CARTESIAN_POINT('',(0.,0.,0.));
#5245=CARTESIAN_POINT('',(-0.175,0.1875,-0.0425));
#5246=CARTESIAN_POINT('',(-0.175,0.0324999999999994,-0.0425));
#5247=CARTESIAN_POINT('',(-0.175,0.0324999999999995,0.035));
#5248=CARTESIAN_POINT('',(-0.175,0.0324999999999994,-0.035));
#5249=CARTESIAN_POINT('',(-0.175,0.031,0.035));
#5250=CARTESIAN_POINT('',(-0.175,0.035,0.035));
#5251=CARTESIAN_POINT('',(-0.175,0.035,-0.2));
#5252=CARTESIAN_POINT('',(-0.175,0.035,-0.035));
#5253=CARTESIAN_POINT('',(-0.175,0.04,-0.035));
#5254=CARTESIAN_POINT('',(0.175,0.1875,0.0425));
#5255=CARTESIAN_POINT('',(0.175,0.0324999999999994,0.0425));
#5256=CARTESIAN_POINT('',(0.175,0.0324999999999994,-0.035));
#5257=CARTESIAN_POINT('',(0.175,0.0324999999999994,0.035));
#5258=CARTESIAN_POINT('',(0.175,0.04,-0.035));
#5259=CARTESIAN_POINT('',(0.175,0.035,-0.035));
#5260=CARTESIAN_POINT('',(0.175,0.035,0.2));
#5261=CARTESIAN_POINT('',(0.175,0.035,0.035));
#5262=CARTESIAN_POINT('',(0.175,0.031,0.035));
#5263=CARTESIAN_POINT('',(0.175,0.031,0.035));
#5264=CARTESIAN_POINT('',(0.175,0.0324999999999994,0.035));
#5265=CARTESIAN_POINT('',(0.,0.035,0.035));
#5266=CARTESIAN_POINT('',(0.175,0.04,-0.035));
#5267=CARTESIAN_POINT('',(0.175,0.0324999999999994,-0.035));
#5268=CARTESIAN_POINT('',(0.,0.035,-0.035));
#5269=CARTESIAN_POINT('',(0.,0.035,0.));
#5270=CARTESIAN_POINT('',(-0.15,0.035,0.025));
#5271=CARTESIAN_POINT('',(-0.141,0.035,0.025));
#5272=CARTESIAN_POINT('',(-0.15,0.035,-0.025));
#5273=CARTESIAN_POINT('',(-0.141,0.035,-0.025));
#5274=CARTESIAN_POINT('',(-0.1,0.035,0.025));
#5275=CARTESIAN_POINT('',(-0.091,0.035,0.025));
#5276=CARTESIAN_POINT('',(-0.1,0.035,-0.025));
#5277=CARTESIAN_POINT('',(-0.091,0.035,-0.025));
#5278=CARTESIAN_POINT('',(-0.05,0.035,0.025));
#5279=CARTESIAN_POINT('',(-0.041,0.035,0.025));
#5280=CARTESIAN_POINT('',(-0.05,0.035,-0.025));
#5281=CARTESIAN_POINT('',(-0.041,0.035,-0.025));
#5282=CARTESIAN_POINT('',(-1.38777878078145E-17,0.035,0.025));
#5283=CARTESIAN_POINT('',(0.00899999999999999,0.035,0.025));
#5284=CARTESIAN_POINT('',(-1.38777878078145E-17,0.035,-0.025));
#5285=CARTESIAN_POINT('',(0.00899999999999999,0.035,-0.025));
#5286=CARTESIAN_POINT('',(0.05,0.035,0.025));
#5287=CARTESIAN_POINT('',(0.059,0.035,0.025));
#5288=CARTESIAN_POINT('',(0.05,0.035,-0.025));
#5289=CARTESIAN_POINT('',(0.059,0.035,-0.025));
#5290=CARTESIAN_POINT('',(0.1,0.035,0.025));
#5291=CARTESIAN_POINT('',(0.109,0.035,0.025));
#5292=CARTESIAN_POINT('',(0.1,0.035,-0.025));
#5293=CARTESIAN_POINT('',(0.109,0.035,-0.025));
#5294=CARTESIAN_POINT('',(0.15,0.035,0.025));
#5295=CARTESIAN_POINT('',(0.159,0.035,0.025));
#5296=CARTESIAN_POINT('',(0.15,0.035,-0.025));
#5297=CARTESIAN_POINT('',(0.159,0.035,-0.025));
#5298=CARTESIAN_POINT('',(0.15,0.255,-0.025));
#5299=CARTESIAN_POINT('',(0.15,0.1875,-0.025));
#5300=CARTESIAN_POINT('',(0.15,0.1875,-0.016));
#5301=CARTESIAN_POINT('',(0.15,0.255,0.025));
#5302=CARTESIAN_POINT('',(0.15,0.1875,0.025));
#5303=CARTESIAN_POINT('',(0.15,0.1875,0.034));
#5304=CARTESIAN_POINT('',(0.1,0.255,-0.025));
#5305=CARTESIAN_POINT('',(0.1,0.1875,-0.025));
#5306=CARTESIAN_POINT('',(0.1,0.1875,-0.016));
#5307=CARTESIAN_POINT('',(0.1,0.255,0.025));
#5308=CARTESIAN_POINT('',(0.1,0.1875,0.025));
#5309=CARTESIAN_POINT('',(0.1,0.1875,0.034));
#5310=CARTESIAN_POINT('',(0.05,0.255,-0.025));
#5311=CARTESIAN_POINT('',(0.05,0.1875,-0.025));
#5312=CARTESIAN_POINT('',(0.05,0.1875,-0.016));
#5313=CARTESIAN_POINT('',(0.05,0.255,0.025));
#5314=CARTESIAN_POINT('',(0.05,0.1875,0.025));
#5315=CARTESIAN_POINT('',(0.05,0.1875,0.034));
#5316=CARTESIAN_POINT('',(-1.38777878078145E-17,0.255,-0.025));
#5317=CARTESIAN_POINT('',(-1.38777878078145E-17,0.1875,-0.025));
#5318=CARTESIAN_POINT('',(-1.38777878078145E-17,0.1875,-0.016));
#5319=CARTESIAN_POINT('',(-1.38777878078145E-17,0.255,0.025));
#5320=CARTESIAN_POINT('',(-1.38777878078145E-17,0.1875,0.025));
#5321=CARTESIAN_POINT('',(-1.38777878078145E-17,0.1875,0.034));
#5322=CARTESIAN_POINT('',(-0.05,0.255,-0.025));
#5323=CARTESIAN_POINT('',(-0.05,0.1875,-0.025));
#5324=CARTESIAN_POINT('',(-0.05,0.1875,-0.016));
#5325=CARTESIAN_POINT('',(-0.05,0.255,0.025));
#5326=CARTESIAN_POINT('',(-0.05,0.1875,0.025));
#5327=CARTESIAN_POINT('',(-0.05,0.1875,0.034));
#5328=CARTESIAN_POINT('',(-0.1,0.255,-0.025));
#5329=CARTESIAN_POINT('',(-0.1,0.1875,-0.025));
#5330=CARTESIAN_POINT('',(-0.1,0.1875,-0.016));
#5331=CARTESIAN_POINT('',(-0.1,0.255,0.025));
#5332=CARTESIAN_POINT('',(-0.1,0.1875,0.025));
#5333=CARTESIAN_POINT('',(-0.1,0.1875,0.034));
#5334=CARTESIAN_POINT('',(-0.15,0.255,-0.025));
#5335=CARTESIAN_POINT('',(-0.15,0.1875,-0.025));
#5336=CARTESIAN_POINT('',(-0.15,0.1875,-0.016));
#5337=CARTESIAN_POINT('',(-0.15,0.255,0.025));
#5338=CARTESIAN_POINT('',(-0.15,0.1875,0.025));
#5339=CARTESIAN_POINT('',(-0.15,0.1875,0.034));
#5340=CARTESIAN_POINT('',(0.,0.1875,0.));
#5341=CARTESIAN_POINT('',(0.,0.1875,0.));
#5342=CARTESIAN_POINT('',(0.,0.1875,0.));
#5343=CARTESIAN_POINT('',(0.,0.1875,0.));
#5344=CARTESIAN_POINT('',(0.,0.1875,0.));
#5345=CARTESIAN_POINT('',(0.,0.1875,0.));
#5346=CARTESIAN_POINT('',(0.,0.1875,0.));
#5347=CARTESIAN_POINT('',(0.,0.1875,0.));
#5348=CARTESIAN_POINT('',(0.,0.1875,0.));
#5349=CARTESIAN_POINT('',(0.,0.1875,0.));
#5350=CARTESIAN_POINT('',(0.,0.1875,0.));
#5351=CARTESIAN_POINT('',(0.,0.1875,0.));
#5352=CARTESIAN_POINT('',(0.,0.1875,0.));
#5353=CARTESIAN_POINT('',(0.,0.1875,0.));
#5354=CARTESIAN_POINT('',(50.,0.0324999999999989,-20.));
#5355=CARTESIAN_POINT('',(0.,0.,0.));
#5356=CARTESIAN_POINT('',(-0.175,0.1875,-0.0425));
#5357=CARTESIAN_POINT('',(-0.175,0.0324999999999994,-0.0425));
#5358=CARTESIAN_POINT('',(-0.175,0.0324999999999994,-0.035));
#5359=CARTESIAN_POINT('',(-0.175,0.0324999999999994,0.035));
#5360=CARTESIAN_POINT('',(-0.175,0.04,-0.035));
#5361=CARTESIAN_POINT('',(-0.175,0.031,-0.035));
#5362=CARTESIAN_POINT('',(-0.175,0.031,-0.035));
#5363=CARTESIAN_POINT('',(-0.175,0.031,-0.03));
#5364=CARTESIAN_POINT('',(-0.175,0.031,-0.03));
#5365=CARTESIAN_POINT('',(-0.175,0.03,-0.03));
#5366=CARTESIAN_POINT('',(-0.175,0.03,-0.0425));
#5367=CARTESIAN_POINT('',(-0.175,0.03,-0.02));
#5368=CARTESIAN_POINT('',(-0.175,0.00399999999999999,-0.02));
#5369=CARTESIAN_POINT('',(-0.175,0.031,-0.02));
#5370=CARTESIAN_POINT('',(-0.175,0.031,-0.02));
#5371=CARTESIAN_POINT('',(-0.175,0.031,0.02));
#5372=CARTESIAN_POINT('',(-0.175,0.031,0.02));
#5373=CARTESIAN_POINT('',(-0.175,0.03,0.02));
#5374=CARTESIAN_POINT('',(-0.175,0.03,-0.0425));
#5375=CARTESIAN_POINT('',(-0.175,0.03,0.03));
#5376=CARTESIAN_POINT('',(-0.175,0.00899999999999999,0.03));
#5377=CARTESIAN_POINT('',(-0.175,0.031,0.03));
#5378=CARTESIAN_POINT('',(-0.175,0.031,0.03));
#5379=CARTESIAN_POINT('',(-0.175,0.031,0.035));
#5380=CARTESIAN_POINT('',(-0.175,0.031,0.035));
#5381=CARTESIAN_POINT('',(0.175,0.1875,0.0425));
#5382=CARTESIAN_POINT('',(0.175,0.0324999999999994,0.0425));
#5383=CARTESIAN_POINT('',(0.175,0.0324999999999994,0.035));
#5384=CARTESIAN_POINT('',(0.175,0.0324999999999994,-0.035));
#5385=CARTESIAN_POINT('',(0.175,0.031,0.035));
#5386=CARTESIAN_POINT('',(0.175,0.031,0.035));
#5387=CARTESIAN_POINT('',(0.175,0.031,0.03));
#5388=CARTESIAN_POINT('',(0.175,0.031,0.03));
#5389=CARTESIAN_POINT('',(0.175,0.00899999999999999,0.03));
#5390=CARTESIAN_POINT('',(0.175,0.03,0.03));
#5391=CARTESIAN_POINT('',(0.175,0.03,0.0425));
#5392=CARTESIAN_POINT('',(0.175,0.03,0.02));
#5393=CARTESIAN_POINT('',(0.175,0.031,0.02));
#5394=CARTESIAN_POINT('',(0.175,0.031,0.02));
#5395=CARTESIAN_POINT('',(0.175,0.031,-0.02));
#5396=CARTESIAN_POINT('',(0.175,0.031,-0.02));
#5397=CARTESIAN_POINT('',(0.175,0.00399999999999999,-0.02));
#5398=CARTESIAN_POINT('',(0.175,0.03,-0.02));
#5399=CARTESIAN_POINT('',(0.175,0.03,0.0425));
#5400=CARTESIAN_POINT('',(0.175,0.03,-0.03));
#5401=CARTESIAN_POINT('',(0.175,0.031,-0.03));
#5402=CARTESIAN_POINT('',(0.175,0.031,-0.03));
#5403=CARTESIAN_POINT('',(0.175,0.031,-0.035));
#5404=CARTESIAN_POINT('',(0.175,0.031,-0.035));
#5405=CARTESIAN_POINT('',(0.175,0.04,-0.035));
#5406=CARTESIAN_POINT('',(0.175,0.031,0.035));
#5407=CARTESIAN_POINT('',(0.175,0.0324999999999994,0.035));
#5408=CARTESIAN_POINT('',(0.175,0.031,0.035));
#5409=CARTESIAN_POINT('',(0.175,0.04,-0.035));
#5410=CARTESIAN_POINT('',(0.175,0.0324999999999994,-0.035));
#5411=CARTESIAN_POINT('',(0.175,0.031,-0.035));
#5412=CARTESIAN_POINT('',(0.175,0.1875,-0.1175));
#5413=CARTESIAN_POINT('',(0.175,0.00399999999999998,-0.1175));
#5414=CARTESIAN_POINT('',(0.157,0.004,-0.1175));
#5415=CARTESIAN_POINT('',(0.143,0.00399999999999998,-0.1175));
#5416=CARTESIAN_POINT('',(0.157,0.1875,-0.1175));
#5417=CARTESIAN_POINT('',(0.157,-0.00600000000000001,-0.1175));
#5418=CARTESIAN_POINT('',(0.175,-0.00600000000000001,-0.1175));
#5419=CARTESIAN_POINT('',(0.143,-0.00600000000000001,-0.1175));
#5420=CARTESIAN_POINT('',(0.143,0.1875,-0.1175));
#5421=CARTESIAN_POINT('',(0.175,0.1875,-0.1175));
#5422=CARTESIAN_POINT('',(0.175,0.00399999999999998,-0.1175));
#5423=CARTESIAN_POINT('',(0.107,0.004,-0.1175));
#5424=CARTESIAN_POINT('',(0.093,0.00399999999999998,-0.1175));
#5425=CARTESIAN_POINT('',(0.107,0.1875,-0.1175));
#5426=CARTESIAN_POINT('',(0.107,-0.00600000000000001,-0.1175));
#5427=CARTESIAN_POINT('',(0.175,-0.00600000000000001,-0.1175));
#5428=CARTESIAN_POINT('',(0.093,-0.00600000000000001,-0.1175));
#5429=CARTESIAN_POINT('',(0.093,0.1875,-0.1175));
#5430=CARTESIAN_POINT('',(0.175,0.1875,-0.1175));
#5431=CARTESIAN_POINT('',(0.175,0.00399999999999998,-0.1175));
#5432=CARTESIAN_POINT('',(0.057,0.004,-0.1175));
#5433=CARTESIAN_POINT('',(0.043,0.00399999999999998,-0.1175));
#5434=CARTESIAN_POINT('',(0.057,0.1875,-0.1175));
#5435=CARTESIAN_POINT('',(0.057,-0.00600000000000001,-0.1175));
#5436=CARTESIAN_POINT('',(0.175,-0.00600000000000001,-0.1175));
#5437=CARTESIAN_POINT('',(0.043,-0.00600000000000001,-0.1175));
#5438=CARTESIAN_POINT('',(0.043,0.1875,-0.1175));
#5439=CARTESIAN_POINT('',(0.175,0.1875,-0.1175));
#5440=CARTESIAN_POINT('',(0.175,0.00399999999999998,-0.1175));
#5441=CARTESIAN_POINT('',(0.00699999999999999,0.004,-0.1175));
#5442=CARTESIAN_POINT('',(-0.00700000000000002,0.00399999999999998,-0.1175));
#5443=CARTESIAN_POINT('',(0.00699999999999999,0.1875,-0.1175));
#5444=CARTESIAN_POINT('',(0.00699999999999999,-0.00600000000000001,-0.1175));
#5445=CARTESIAN_POINT('',(0.175,-0.00600000000000001,-0.1175));
#5446=CARTESIAN_POINT('',(-0.00700000000000002,-0.00600000000000001,-0.1175));
#5447=CARTESIAN_POINT('',(-0.00700000000000002,0.1875,-0.1175));
#5448=CARTESIAN_POINT('',(0.175,0.1875,-0.1175));
#5449=CARTESIAN_POINT('',(0.175,0.00399999999999998,-0.1175));
#5450=CARTESIAN_POINT('',(-0.043,0.004,-0.1175));
#5451=CARTESIAN_POINT('',(-0.057,0.00399999999999998,-0.1175));
#5452=CARTESIAN_POINT('',(-0.043,0.1875,-0.1175));
#5453=CARTESIAN_POINT('',(-0.043,-0.00600000000000001,-0.1175));
#5454=CARTESIAN_POINT('',(0.175,-0.00600000000000001,-0.1175));
#5455=CARTESIAN_POINT('',(-0.057,-0.00600000000000001,-0.1175));
#5456=CARTESIAN_POINT('',(-0.057,0.1875,-0.1175));
#5457=CARTESIAN_POINT('',(0.175,0.1875,-0.1175));
#5458=CARTESIAN_POINT('',(0.175,0.00399999999999998,-0.1175));
#5459=CARTESIAN_POINT('',(-0.093,0.004,-0.1175));
#5460=CARTESIAN_POINT('',(-0.107,0.00399999999999998,-0.1175));
#5461=CARTESIAN_POINT('',(-0.093,0.1875,-0.1175));
#5462=CARTESIAN_POINT('',(-0.093,-0.00600000000000001,-0.1175));
#5463=CARTESIAN_POINT('',(0.175,-0.00600000000000001,-0.1175));
#5464=CARTESIAN_POINT('',(-0.107,-0.00600000000000001,-0.1175));
#5465=CARTESIAN_POINT('',(-0.107,0.1875,-0.1175));
#5466=CARTESIAN_POINT('',(0.175,0.1875,-0.1175));
#5467=CARTESIAN_POINT('',(0.175,0.00399999999999998,-0.1175));
#5468=CARTESIAN_POINT('',(-0.143,0.004,-0.1175));
#5469=CARTESIAN_POINT('',(-0.157,0.00399999999999998,-0.1175));
#5470=CARTESIAN_POINT('',(-0.143,0.1875,-0.1175));
#5471=CARTESIAN_POINT('',(-0.143,-0.00600000000000001,-0.1175));
#5472=CARTESIAN_POINT('',(0.175,-0.00600000000000001,-0.1175));
#5473=CARTESIAN_POINT('',(-0.157,-0.00600000000000001,-0.1175));
#5474=CARTESIAN_POINT('',(-0.157,0.1875,-0.1175));
#5475=CARTESIAN_POINT('',(-0.175,0.1875,0.1175));
#5476=CARTESIAN_POINT('',(-0.175,0.00400000000000001,0.1175));
#5477=CARTESIAN_POINT('',(-0.157,0.00400000000000001,0.1175));
#5478=CARTESIAN_POINT('',(-0.143,0.004,0.1175));
#5479=CARTESIAN_POINT('',(-0.157,0.1875,0.1175));
#5480=CARTESIAN_POINT('',(-0.157,-0.00600000000000001,0.1175));
#5481=CARTESIAN_POINT('',(-0.175,-0.00600000000000001,0.1175));
#5482=CARTESIAN_POINT('',(-0.143,-0.00600000000000001,0.1175));
#5483=CARTESIAN_POINT('',(-0.143,0.1875,0.1175));
#5484=CARTESIAN_POINT('',(-0.175,0.1875,0.1175));
#5485=CARTESIAN_POINT('',(-0.175,0.00400000000000001,0.1175));
#5486=CARTESIAN_POINT('',(-0.107,0.00400000000000001,0.1175));
#5487=CARTESIAN_POINT('',(-0.093,0.004,0.1175));
#5488=CARTESIAN_POINT('',(-0.107,0.1875,0.1175));
#5489=CARTESIAN_POINT('',(-0.107,-0.00600000000000001,0.1175));
#5490=CARTESIAN_POINT('',(-0.175,-0.00600000000000001,0.1175));
#5491=CARTESIAN_POINT('',(-0.093,-0.00600000000000001,0.1175));
#5492=CARTESIAN_POINT('',(-0.093,0.1875,0.1175));
#5493=CARTESIAN_POINT('',(-0.175,0.1875,0.1175));
#5494=CARTESIAN_POINT('',(-0.175,0.00400000000000001,0.1175));
#5495=CARTESIAN_POINT('',(-0.057,0.00400000000000001,0.1175));
#5496=CARTESIAN_POINT('',(-0.043,0.004,0.1175));
#5497=CARTESIAN_POINT('',(-0.057,0.1875,0.1175));
#5498=CARTESIAN_POINT('',(-0.057,-0.00600000000000001,0.1175));
#5499=CARTESIAN_POINT('',(-0.175,-0.00600000000000001,0.1175));
#5500=CARTESIAN_POINT('',(-0.043,-0.00600000000000001,0.1175));
#5501=CARTESIAN_POINT('',(-0.043,0.1875,0.1175));
#5502=CARTESIAN_POINT('',(-0.175,0.1875,0.1175));
#5503=CARTESIAN_POINT('',(-0.175,0.00400000000000001,0.1175));
#5504=CARTESIAN_POINT('',(-0.00700000000000002,0.00400000000000001,0.1175));
#5505=CARTESIAN_POINT('',(0.00699999999999999,0.004,0.1175));
#5506=CARTESIAN_POINT('',(-0.00700000000000002,0.1875,0.1175));
#5507=CARTESIAN_POINT('',(-0.00700000000000002,-0.00600000000000001,0.1175));
#5508=CARTESIAN_POINT('',(-0.175,-0.00600000000000001,0.1175));
#5509=CARTESIAN_POINT('',(0.00699999999999992,-0.00600000000000001,0.1175));
#5510=CARTESIAN_POINT('',(0.00699999999999999,0.1875,0.1175));
#5511=CARTESIAN_POINT('',(-0.175,0.1875,0.1175));
#5512=CARTESIAN_POINT('',(-0.175,0.00400000000000001,0.1175));
#5513=CARTESIAN_POINT('',(0.043,0.00400000000000001,0.1175));
#5514=CARTESIAN_POINT('',(0.057,0.004,0.1175));
#5515=CARTESIAN_POINT('',(0.043,0.1875,0.1175));
#5516=CARTESIAN_POINT('',(0.043,-0.00600000000000001,0.1175));
#5517=CARTESIAN_POINT('',(-0.175,-0.00600000000000001,0.1175));
#5518=CARTESIAN_POINT('',(0.0569999999999999,-0.00600000000000001,0.1175));
#5519=CARTESIAN_POINT('',(0.057,0.1875,0.1175));
#5520=CARTESIAN_POINT('',(-0.175,0.1875,0.1175));
#5521=CARTESIAN_POINT('',(-0.175,0.00400000000000001,0.1175));
#5522=CARTESIAN_POINT('',(0.093,0.00400000000000001,0.1175));
#5523=CARTESIAN_POINT('',(0.107,0.004,0.1175));
#5524=CARTESIAN_POINT('',(0.093,0.1875,0.1175));
#5525=CARTESIAN_POINT('',(0.093,-0.00600000000000001,0.1175));
#5526=CARTESIAN_POINT('',(-0.175,-0.00600000000000001,0.1175));
#5527=CARTESIAN_POINT('',(0.107,-0.00600000000000001,0.1175));
#5528=CARTESIAN_POINT('',(0.107,0.1875,0.1175));
#5529=CARTESIAN_POINT('',(-0.175,0.1875,0.1175));
#5530=CARTESIAN_POINT('',(-0.175,0.00400000000000001,0.1175));
#5531=CARTESIAN_POINT('',(0.143,0.00400000000000001,0.1175));
#5532=CARTESIAN_POINT('',(0.157,0.004,0.1175));
#5533=CARTESIAN_POINT('',(0.143,0.1875,0.1175));
#5534=CARTESIAN_POINT('',(0.143,-0.00600000000000001,0.1175));
#5535=CARTESIAN_POINT('',(-0.175,-0.00600000000000001,0.1175));
#5536=CARTESIAN_POINT('',(0.157,-0.00600000000000001,0.1175));
#5537=CARTESIAN_POINT('',(0.157,0.1875,0.1175));
#5538=CARTESIAN_POINT('',(0.,-0.00600000000000001,0.));
#5539=CARTESIAN_POINT('',(0.175,-0.00600000000000001,-0.03));
#5540=CARTESIAN_POINT('',(0.157,-0.00600000000000001,-0.03));
#5541=CARTESIAN_POINT('',(0.143,-0.00600000000000001,-0.03));
#5542=CARTESIAN_POINT('',(0.143,-0.00600000000000001,0.15));
#5543=CARTESIAN_POINT('',(0.157,-0.00600000000000001,0.15));
#5544=CARTESIAN_POINT('',(0.,-0.00600000000000001,0.));
#5545=CARTESIAN_POINT('',(0.175,-0.00600000000000001,-0.03));
#5546=CARTESIAN_POINT('',(0.107,-0.00600000000000001,-0.03));
#5547=CARTESIAN_POINT('',(0.093,-0.00600000000000001,-0.03));
#5548=CARTESIAN_POINT('',(0.093,-0.00600000000000001,0.15));
#5549=CARTESIAN_POINT('',(0.107,-0.00600000000000001,0.15));
#5550=CARTESIAN_POINT('',(0.,-0.00600000000000001,0.));
#5551=CARTESIAN_POINT('',(0.175,-0.00600000000000001,-0.03));
#5552=CARTESIAN_POINT('',(0.057,-0.00600000000000001,-0.03));
#5553=CARTESIAN_POINT('',(0.043,-0.00600000000000001,-0.03));
#5554=CARTESIAN_POINT('',(0.043,-0.00600000000000001,0.15));
#5555=CARTESIAN_POINT('',(0.057,-0.00600000000000001,0.15));
#5556=CARTESIAN_POINT('',(0.,-0.00600000000000001,0.));
#5557=CARTESIAN_POINT('',(0.175,-0.00600000000000001,-0.03));
#5558=CARTESIAN_POINT('',(0.00700000000000009,-0.00600000000000001,-0.03));
#5559=CARTESIAN_POINT('',(-0.00699999999999992,-0.00600000000000001,-0.03));
#5560=CARTESIAN_POINT('',(-0.00700000000000002,-0.00600000000000001,0.15));
#5561=CARTESIAN_POINT('',(0.00699999999999999,-0.00600000000000001,0.15));
#5562=CARTESIAN_POINT('',(0.,-0.00600000000000001,0.));
#5563=CARTESIAN_POINT('',(0.175,-0.00600000000000001,-0.03));
#5564=CARTESIAN_POINT('',(-0.0429999999999999,-0.00600000000000001,-0.03));
#5565=CARTESIAN_POINT('',(-0.057,-0.00600000000000001,-0.03));
#5566=CARTESIAN_POINT('',(-0.057,-0.00600000000000001,0.15));
#5567=CARTESIAN_POINT('',(-0.043,-0.00600000000000001,0.15));
#5568=CARTESIAN_POINT('',(0.,-0.00600000000000001,0.));
#5569=CARTESIAN_POINT('',(0.175,-0.00600000000000001,-0.03));
#5570=CARTESIAN_POINT('',(-0.0929999999999999,-0.00600000000000001,-0.03));
#5571=CARTESIAN_POINT('',(-0.107,-0.00600000000000001,-0.03));
#5572=CARTESIAN_POINT('',(-0.107,-0.00600000000000001,0.15));
#5573=CARTESIAN_POINT('',(-0.093,-0.00600000000000001,0.15));
#5574=CARTESIAN_POINT('',(0.,-0.00600000000000001,0.));
#5575=CARTESIAN_POINT('',(0.175,-0.00600000000000001,-0.03));
#5576=CARTESIAN_POINT('',(-0.143,-0.00600000000000001,-0.03));
#5577=CARTESIAN_POINT('',(-0.157,-0.00600000000000001,-0.03));
#5578=CARTESIAN_POINT('',(-0.157,-0.00600000000000001,0.15));
#5579=CARTESIAN_POINT('',(-0.143,-0.00600000000000001,0.15));
#5580=CARTESIAN_POINT('',(-0.157,-0.00600000000000001,0.15));
#5581=CARTESIAN_POINT('',(-0.157,0.03,0.15));
#5582=CARTESIAN_POINT('',(-0.157,0.03,-0.02));
#5583=CARTESIAN_POINT('',(-0.157,0.03,-0.03));
#5584=CARTESIAN_POINT('',(-0.157,-0.00600000000000001,-0.03));
#5585=CARTESIAN_POINT('',(-0.157,0.00899999999999999,-0.03));
#5586=CARTESIAN_POINT('',(-0.157,0.009,-0.035));
#5587=CARTESIAN_POINT('',(-0.157,0.00399999999999999,-0.035));
#5588=CARTESIAN_POINT('',(-0.157,0.00399999999999998,0.15));
#5589=CARTESIAN_POINT('',(-0.157,0.00399999999999999,-0.03));
#5590=CARTESIAN_POINT('',(-0.157,0.00399999999999999,-0.02));
#5591=CARTESIAN_POINT('',(-0.157,-0.00599999999999998,-0.02));
#5592=CARTESIAN_POINT('',(-0.157,-0.00600000000000001,0.15));
#5593=CARTESIAN_POINT('',(-0.157,0.03,0.15));
#5594=CARTESIAN_POINT('',(-0.157,0.03,0.03));
#5595=CARTESIAN_POINT('',(-0.157,0.03,0.02));
#5596=CARTESIAN_POINT('',(-0.157,-0.00599999999999996,0.02));
#5597=CARTESIAN_POINT('',(-0.157,0.004,0.02));
#5598=CARTESIAN_POINT('',(-0.157,0.00399999999999999,0.03));
#5599=CARTESIAN_POINT('',(-0.157,-0.00600000000000001,0.03));
#5600=CARTESIAN_POINT('',(-0.157,-0.00600000000000001,0.15));
#5601=CARTESIAN_POINT('',(-0.157,0.00399999999999999,0.15));
#5602=CARTESIAN_POINT('',(-0.157,0.00399999999999999,0.035));
#5603=CARTESIAN_POINT('',(-0.157,0.00899999999999999,0.035));
#5604=CARTESIAN_POINT('',(-0.157,0.00899999999999999,0.03));
#5605=CARTESIAN_POINT('',(-0.157,-0.00600000000000001,0.03));
#5606=CARTESIAN_POINT('',(-0.157,0.03,0.15));
#5607=CARTESIAN_POINT('',(-0.157,0.03,-0.03));
#5608=CARTESIAN_POINT('',(-0.157,0.03,-0.02));
#5609=CARTESIAN_POINT('',(-0.157,0.03,0.15));
#5610=CARTESIAN_POINT('',(-0.157,0.03,0.02));
#5611=CARTESIAN_POINT('',(-0.157,0.03,0.03));
#5612=CARTESIAN_POINT('',(-0.107,-0.00600000000000001,0.15));
#5613=CARTESIAN_POINT('',(-0.107,0.03,0.15));
#5614=CARTESIAN_POINT('',(-0.107,0.03,-0.02));
#5615=CARTESIAN_POINT('',(-0.107,0.03,-0.03));
#5616=CARTESIAN_POINT('',(-0.107,-0.00600000000000001,-0.03));
#5617=CARTESIAN_POINT('',(-0.107,0.00899999999999999,-0.03));
#5618=CARTESIAN_POINT('',(-0.107,0.009,-0.035));
#5619=CARTESIAN_POINT('',(-0.107,0.00399999999999999,-0.035));
#5620=CARTESIAN_POINT('',(-0.107,0.00399999999999998,0.15));
#5621=CARTESIAN_POINT('',(-0.107,0.00399999999999999,-0.03));
#5622=CARTESIAN_POINT('',(-0.107,0.00399999999999999,-0.02));
#5623=CARTESIAN_POINT('',(-0.107,-0.00599999999999998,-0.02));
#5624=CARTESIAN_POINT('',(-0.107,-0.00600000000000001,0.15));
#5625=CARTESIAN_POINT('',(-0.107,0.03,0.15));
#5626=CARTESIAN_POINT('',(-0.107,0.03,0.03));
#5627=CARTESIAN_POINT('',(-0.107,0.03,0.02));
#5628=CARTESIAN_POINT('',(-0.107,-0.00599999999999996,0.02));
#5629=CARTESIAN_POINT('',(-0.107,0.004,0.02));
#5630=CARTESIAN_POINT('',(-0.107,0.00399999999999999,0.03));
#5631=CARTESIAN_POINT('',(-0.107,-0.00600000000000001,0.03));
#5632=CARTESIAN_POINT('',(-0.107,-0.00600000000000001,0.15));
#5633=CARTESIAN_POINT('',(-0.107,0.00399999999999999,0.15));
#5634=CARTESIAN_POINT('',(-0.107,0.00399999999999999,0.035));
#5635=CARTESIAN_POINT('',(-0.107,0.00899999999999999,0.035));
#5636=CARTESIAN_POINT('',(-0.107,0.00899999999999999,0.03));
#5637=CARTESIAN_POINT('',(-0.107,-0.00600000000000001,0.03));
#5638=CARTESIAN_POINT('',(-0.143,0.03,0.15));
#5639=CARTESIAN_POINT('',(-0.143,0.009,-0.035));
#5640=CARTESIAN_POINT('',(-0.143,0.00399999999999999,-0.035));
#5641=CARTESIAN_POINT('',(-0.143,0.00899999999999999,-0.03));
#5642=CARTESIAN_POINT('',(-0.143,0.03,-0.03));
#5643=CARTESIAN_POINT('',(-0.143,0.03,-0.03));
#5644=CARTESIAN_POINT('',(-0.143,0.03,0.15));
#5645=CARTESIAN_POINT('',(-0.143,0.03,-0.02));
#5646=CARTESIAN_POINT('',(-0.143,0.03,-0.02));
#5647=CARTESIAN_POINT('',(-0.143,0.00399999999999999,-0.02));
#5648=CARTESIAN_POINT('',(-0.143,0.00399999999999999,-0.03));
#5649=CARTESIAN_POINT('',(-0.143,0.00399999999999998,0.15));
#5650=CARTESIAN_POINT('',(-0.143,0.03,0.15));
#5651=CARTESIAN_POINT('',(-0.143,0.00399999999999999,0.03));
#5652=CARTESIAN_POINT('',(-0.143,0.004,0.02));
#5653=CARTESIAN_POINT('',(-0.143,-0.00600000000000001,0.03));
#5654=CARTESIAN_POINT('',(-0.143,0.03,0.02));
#5655=CARTESIAN_POINT('',(-0.143,0.03,0.02));
#5656=CARTESIAN_POINT('',(-0.143,0.03,0.15));
#5657=CARTESIAN_POINT('',(-0.143,0.03,0.03));
#5658=CARTESIAN_POINT('',(-0.143,0.03,0.03));
#5659=CARTESIAN_POINT('',(-0.143,0.00899999999999999,0.03));
#5660=CARTESIAN_POINT('',(-0.143,0.00899999999999999,0.035));
#5661=CARTESIAN_POINT('',(-0.143,0.00399999999999999,0.035));
#5662=CARTESIAN_POINT('',(-0.143,0.004,0.15));
#5663=CARTESIAN_POINT('',(-0.143,-0.00600000000000001,0.15));
#5664=CARTESIAN_POINT('',(-0.107,0.03,0.15));
#5665=CARTESIAN_POINT('',(-0.107,0.03,-0.03));
#5666=CARTESIAN_POINT('',(-0.107,0.03,-0.02));
#5667=CARTESIAN_POINT('',(-0.107,0.03,0.15));
#5668=CARTESIAN_POINT('',(-0.107,0.03,0.02));
#5669=CARTESIAN_POINT('',(-0.107,0.03,0.03));
#5670=CARTESIAN_POINT('',(-0.057,-0.00600000000000001,0.15));
#5671=CARTESIAN_POINT('',(-0.057,0.03,0.15));
#5672=CARTESIAN_POINT('',(-0.057,0.03,-0.02));
#5673=CARTESIAN_POINT('',(-0.057,0.03,-0.03));
#5674=CARTESIAN_POINT('',(-0.057,-0.00600000000000001,-0.03));
#5675=CARTESIAN_POINT('',(-0.057,0.00899999999999999,-0.03));
#5676=CARTESIAN_POINT('',(-0.057,0.009,-0.035));
#5677=CARTESIAN_POINT('',(-0.057,0.00399999999999999,-0.035));
#5678=CARTESIAN_POINT('',(-0.057,0.00399999999999998,0.15));
#5679=CARTESIAN_POINT('',(-0.057,0.00399999999999999,-0.03));
#5680=CARTESIAN_POINT('',(-0.057,0.00399999999999999,-0.02));
#5681=CARTESIAN_POINT('',(-0.057,-0.00599999999999998,-0.02));
#5682=CARTESIAN_POINT('',(-0.057,-0.00600000000000001,0.15));
#5683=CARTESIAN_POINT('',(-0.057,0.03,0.15));
#5684=CARTESIAN_POINT('',(-0.057,0.03,0.03));
#5685=CARTESIAN_POINT('',(-0.057,0.03,0.02));
#5686=CARTESIAN_POINT('',(-0.057,-0.00599999999999996,0.02));
#5687=CARTESIAN_POINT('',(-0.057,0.004,0.02));
#5688=CARTESIAN_POINT('',(-0.057,0.00399999999999999,0.03));
#5689=CARTESIAN_POINT('',(-0.057,-0.00600000000000001,0.03));
#5690=CARTESIAN_POINT('',(-0.057,-0.00600000000000001,0.15));
#5691=CARTESIAN_POINT('',(-0.057,0.00399999999999999,0.15));
#5692=CARTESIAN_POINT('',(-0.057,0.00399999999999999,0.035));
#5693=CARTESIAN_POINT('',(-0.057,0.00899999999999999,0.035));
#5694=CARTESIAN_POINT('',(-0.057,0.00899999999999999,0.03));
#5695=CARTESIAN_POINT('',(-0.057,-0.00600000000000001,0.03));
#5696=CARTESIAN_POINT('',(-0.093,0.03,0.15));
#5697=CARTESIAN_POINT('',(-0.093,0.009,-0.035));
#5698=CARTESIAN_POINT('',(-0.0929999999999999,0.00399999999999999,-0.035));
#5699=CARTESIAN_POINT('',(-0.0929999999999999,0.00899999999999999,-0.03));
#5700=CARTESIAN_POINT('',(-0.093,0.03,-0.03));
#5701=CARTESIAN_POINT('',(-0.093,0.03,-0.03));
#5702=CARTESIAN_POINT('',(-0.093,0.03,0.15));
#5703=CARTESIAN_POINT('',(-0.093,0.03,-0.02));
#5704=CARTESIAN_POINT('',(-0.093,0.03,-0.02));
#5705=CARTESIAN_POINT('',(-0.0929999999999999,0.00399999999999999,-0.02));
#5706=CARTESIAN_POINT('',(-0.093,0.00399999999999999,-0.03));
#5707=CARTESIAN_POINT('',(-0.093,0.00399999999999998,0.15));
#5708=CARTESIAN_POINT('',(-0.093,0.03,0.15));
#5709=CARTESIAN_POINT('',(-0.093,0.00399999999999999,0.03));
#5710=CARTESIAN_POINT('',(-0.0929999999999999,0.004,0.02));
#5711=CARTESIAN_POINT('',(-0.0929999999999999,-0.00600000000000001,0.03));
#5712=CARTESIAN_POINT('',(-0.093,0.03,0.02));
#5713=CARTESIAN_POINT('',(-0.093,0.03,0.02));
#5714=CARTESIAN_POINT('',(-0.093,0.03,0.15));
#5715=CARTESIAN_POINT('',(-0.093,0.03,0.03));
#5716=CARTESIAN_POINT('',(-0.093,0.03,0.03));
#5717=CARTESIAN_POINT('',(-0.0929999999999999,0.00899999999999999,0.03));
#5718=CARTESIAN_POINT('',(-0.093,0.00899999999999999,0.035));
#5719=CARTESIAN_POINT('',(-0.0929999999999999,0.00399999999999999,0.035));
#5720=CARTESIAN_POINT('',(-0.093,0.004,0.15));
#5721=CARTESIAN_POINT('',(-0.093,-0.00600000000000001,0.15));
#5722=CARTESIAN_POINT('',(-0.057,0.03,0.15));
#5723=CARTESIAN_POINT('',(-0.057,0.03,-0.03));
#5724=CARTESIAN_POINT('',(-0.057,0.03,-0.02));
#5725=CARTESIAN_POINT('',(-0.057,0.03,0.15));
#5726=CARTESIAN_POINT('',(-0.057,0.03,0.02));
#5727=CARTESIAN_POINT('',(-0.057,0.03,0.03));
#5728=CARTESIAN_POINT('',(-0.00700000000000002,-0.00600000000000001,0.15));
#5729=CARTESIAN_POINT('',(-0.00700000000000002,0.03,0.15));
#5730=CARTESIAN_POINT('',(-0.00700000000000002,0.03,-0.02));
#5731=CARTESIAN_POINT('',(-0.00700000000000002,0.03,-0.03));
#5732=CARTESIAN_POINT('',(-0.00700000000000002,-0.00600000000000001,-0.03));
#5733=CARTESIAN_POINT('',(-0.00699999999999992,0.00899999999999999,-0.03));
#5734=CARTESIAN_POINT('',(-0.00699999999999999,0.009,-0.035));
#5735=CARTESIAN_POINT('',(-0.00699999999999995,0.00399999999999999,-0.035));
#5736=CARTESIAN_POINT('',(-0.00700000000000002,0.00399999999999998,0.15));
#5737=CARTESIAN_POINT('',(-0.00699999999999999,0.00399999999999999,-0.03));
#5738=CARTESIAN_POINT('',(-0.00699999999999995,0.00399999999999999,-0.02));
#5739=CARTESIAN_POINT('',(-0.00700000000000002,-0.00599999999999998,-0.02));
#5740=CARTESIAN_POINT('',(-0.00700000000000002,-0.00600000000000001,0.15));
#5741=CARTESIAN_POINT('',(-0.00700000000000002,0.03,0.15));
#5742=CARTESIAN_POINT('',(-0.00700000000000002,0.03,0.03));
#5743=CARTESIAN_POINT('',(-0.00700000000000002,0.03,0.02));
#5744=CARTESIAN_POINT('',(-0.00700000000000002,-0.00599999999999996,0.02));
#5745=CARTESIAN_POINT('',(-0.00699999999999992,0.004,0.02));
#5746=CARTESIAN_POINT('',(-0.00699999999999999,0.00399999999999999,0.03));
#5747=CARTESIAN_POINT('',(-0.00699999999999995,-0.00600000000000001,0.03));
#5748=CARTESIAN_POINT('',(-0.00700000000000002,-0.00600000000000001,0.15));
#5749=CARTESIAN_POINT('',(-0.00700000000000002,0.00399999999999999,0.15));
#5750=CARTESIAN_POINT('',(-0.00699999999999992,0.00399999999999999,0.035));
#5751=CARTESIAN_POINT('',(-0.00699999999999999,0.00899999999999999,0.035));
#5752=CARTESIAN_POINT('',(-0.00699999999999995,0.00899999999999999,0.03));
#5753=CARTESIAN_POINT('',(-0.00700000000000002,-0.00600000000000001,0.03));
#5754=CARTESIAN_POINT('',(-0.043,0.03,0.15));
#5755=CARTESIAN_POINT('',(-0.043,0.009,-0.035));
#5756=CARTESIAN_POINT('',(-0.043,0.00399999999999999,-0.035));
#5757=CARTESIAN_POINT('',(-0.0429999999999999,0.00899999999999999,-0.03));
#5758=CARTESIAN_POINT('',(-0.043,0.03,-0.03));
#5759=CARTESIAN_POINT('',(-0.043,0.03,-0.03));
#5760=CARTESIAN_POINT('',(-0.043,0.03,0.15));
#5761=CARTESIAN_POINT('',(-0.043,0.03,-0.02));
#5762=CARTESIAN_POINT('',(-0.043,0.03,-0.02));
#5763=CARTESIAN_POINT('',(-0.043,0.00399999999999999,-0.02));
#5764=CARTESIAN_POINT('',(-0.043,0.00399999999999999,-0.03));
#5765=CARTESIAN_POINT('',(-0.043,0.00399999999999998,0.15));
#5766=CARTESIAN_POINT('',(-0.043,0.03,0.15));
#5767=CARTESIAN_POINT('',(-0.043,0.00399999999999999,0.03));
#5768=CARTESIAN_POINT('',(-0.0429999999999999,0.004,0.02));
#5769=CARTESIAN_POINT('',(-0.043,-0.00600000000000001,0.03));
#5770=CARTESIAN_POINT('',(-0.043,0.03,0.02));
#5771=CARTESIAN_POINT('',(-0.043,0.03,0.02));
#5772=CARTESIAN_POINT('',(-0.043,0.03,0.15));
#5773=CARTESIAN_POINT('',(-0.043,0.03,0.03));
#5774=CARTESIAN_POINT('',(-0.043,0.03,0.03));
#5775=CARTESIAN_POINT('',(-0.043,0.00899999999999999,0.03));
#5776=CARTESIAN_POINT('',(-0.043,0.00899999999999999,0.035));
#5777=CARTESIAN_POINT('',(-0.0429999999999999,0.00399999999999999,0.035));
#5778=CARTESIAN_POINT('',(-0.043,0.004,0.15));
#5779=CARTESIAN_POINT('',(-0.043,-0.00600000000000001,0.15));
#5780=CARTESIAN_POINT('',(-0.00700000000000002,0.03,0.15));
#5781=CARTESIAN_POINT('',(-0.00700000000000002,0.03,-0.03));
#5782=CARTESIAN_POINT('',(-0.00700000000000002,0.03,-0.02));
#5783=CARTESIAN_POINT('',(-0.00700000000000002,0.03,0.15));
#5784=CARTESIAN_POINT('',(-0.00700000000000002,0.03,0.02));
#5785=CARTESIAN_POINT('',(-0.00700000000000002,0.03,0.03));
#5786=CARTESIAN_POINT('',(0.043,-0.00600000000000001,0.15));
#5787=CARTESIAN_POINT('',(0.043,0.03,0.15));
#5788=CARTESIAN_POINT('',(0.043,0.03,-0.02));
#5789=CARTESIAN_POINT('',(0.043,0.03,-0.03));
#5790=CARTESIAN_POINT('',(0.043,-0.00600000000000001,-0.03));
#5791=CARTESIAN_POINT('',(0.043,0.00899999999999999,-0.03));
#5792=CARTESIAN_POINT('',(0.043,0.009,-0.035));
#5793=CARTESIAN_POINT('',(0.043,0.00399999999999999,-0.035));
#5794=CARTESIAN_POINT('',(0.043,0.00399999999999998,0.15));
#5795=CARTESIAN_POINT('',(0.043,0.00399999999999999,-0.03));
#5796=CARTESIAN_POINT('',(0.043,0.00399999999999999,-0.02));
#5797=CARTESIAN_POINT('',(0.043,-0.00599999999999998,-0.02));
#5798=CARTESIAN_POINT('',(0.043,-0.00600000000000001,0.15));
#5799=CARTESIAN_POINT('',(0.043,0.03,0.15));
#5800=CARTESIAN_POINT('',(0.043,0.03,0.03));
#5801=CARTESIAN_POINT('',(0.043,0.03,0.02));
#5802=CARTESIAN_POINT('',(0.043,-0.00599999999999996,0.02));
#5803=CARTESIAN_POINT('',(0.043,0.004,0.02));
#5804=CARTESIAN_POINT('',(0.043,0.00399999999999999,0.03));
#5805=CARTESIAN_POINT('',(0.043,-0.00600000000000001,0.03));
#5806=CARTESIAN_POINT('',(0.043,-0.00600000000000001,0.15));
#5807=CARTESIAN_POINT('',(0.043,0.00399999999999999,0.15));
#5808=CARTESIAN_POINT('',(0.043,0.00399999999999999,0.035));
#5809=CARTESIAN_POINT('',(0.043,0.00899999999999999,0.035));
#5810=CARTESIAN_POINT('',(0.043,0.00899999999999999,0.03));
#5811=CARTESIAN_POINT('',(0.043,-0.00600000000000001,0.03));
#5812=CARTESIAN_POINT('',(0.00699999999999999,0.03,0.15));
#5813=CARTESIAN_POINT('',(0.00700000000000002,0.009,-0.035));
#5814=CARTESIAN_POINT('',(0.00700000000000005,0.00399999999999999,-0.035));
#5815=CARTESIAN_POINT('',(0.00700000000000009,0.00899999999999999,-0.03));
#5816=CARTESIAN_POINT('',(0.00699999999999999,0.03,-0.03));
#5817=CARTESIAN_POINT('',(0.00699999999999999,0.03,-0.03));
#5818=CARTESIAN_POINT('',(0.00699999999999999,0.03,0.15));
#5819=CARTESIAN_POINT('',(0.00699999999999999,0.03,-0.02));
#5820=CARTESIAN_POINT('',(0.00699999999999999,0.03,-0.02));
#5821=CARTESIAN_POINT('',(0.00700000000000005,0.00399999999999999,-0.02));
#5822=CARTESIAN_POINT('',(0.00700000000000002,0.00399999999999999,-0.03));
#5823=CARTESIAN_POINT('',(0.00699999999999999,0.00399999999999998,0.15));
#5824=CARTESIAN_POINT('',(0.00699999999999999,0.03,0.15));
#5825=CARTESIAN_POINT('',(0.00700000000000002,0.00399999999999999,0.03));
#5826=CARTESIAN_POINT('',(0.00700000000000009,0.004,0.02));
#5827=CARTESIAN_POINT('',(0.00700000000000005,-0.00600000000000001,0.03));
#5828=CARTESIAN_POINT('',(0.00699999999999999,0.03,0.02));
#5829=CARTESIAN_POINT('',(0.00699999999999999,0.03,0.02));
#5830=CARTESIAN_POINT('',(0.00699999999999999,0.03,0.15));
#5831=CARTESIAN_POINT('',(0.00699999999999999,0.03,0.03));
#5832=CARTESIAN_POINT('',(0.00699999999999999,0.03,0.03));
#5833=CARTESIAN_POINT('',(0.00700000000000005,0.00899999999999999,0.03));
#5834=CARTESIAN_POINT('',(0.00700000000000002,0.00899999999999999,0.035));
#5835=CARTESIAN_POINT('',(0.00700000000000009,0.00399999999999999,0.035));
#5836=CARTESIAN_POINT('',(0.00699999999999999,0.004,0.15));
#5837=CARTESIAN_POINT('',(0.00699999999999999,-0.00600000000000001,0.15));
#5838=CARTESIAN_POINT('',(0.043,0.03,0.15));
#5839=CARTESIAN_POINT('',(0.043,0.03,-0.03));
#5840=CARTESIAN_POINT('',(0.043,0.03,-0.02));
#5841=CARTESIAN_POINT('',(0.043,0.03,0.15));
#5842=CARTESIAN_POINT('',(0.043,0.03,0.02));
#5843=CARTESIAN_POINT('',(0.043,0.03,0.03));
#5844=CARTESIAN_POINT('',(0.093,-0.00600000000000001,0.15));
#5845=CARTESIAN_POINT('',(0.093,0.03,0.15));
#5846=CARTESIAN_POINT('',(0.093,0.03,-0.02));
#5847=CARTESIAN_POINT('',(0.093,0.03,-0.03));
#5848=CARTESIAN_POINT('',(0.093,-0.00600000000000001,-0.03));
#5849=CARTESIAN_POINT('',(0.093,0.00899999999999999,-0.03));
#5850=CARTESIAN_POINT('',(0.093,0.009,-0.035));
#5851=CARTESIAN_POINT('',(0.093,0.00399999999999999,-0.035));
#5852=CARTESIAN_POINT('',(0.093,0.00399999999999998,0.15));
#5853=CARTESIAN_POINT('',(0.093,0.00399999999999999,-0.03));
#5854=CARTESIAN_POINT('',(0.093,0.00399999999999999,-0.02));
#5855=CARTESIAN_POINT('',(0.093,-0.00599999999999998,-0.02));
#5856=CARTESIAN_POINT('',(0.093,-0.00600000000000001,0.15));
#5857=CARTESIAN_POINT('',(0.093,0.03,0.15));
#5858=CARTESIAN_POINT('',(0.093,0.03,0.03));
#5859=CARTESIAN_POINT('',(0.093,0.03,0.02));
#5860=CARTESIAN_POINT('',(0.093,-0.00599999999999996,0.02));
#5861=CARTESIAN_POINT('',(0.093,0.004,0.02));
#5862=CARTESIAN_POINT('',(0.093,0.00399999999999999,0.03));
#5863=CARTESIAN_POINT('',(0.093,-0.00600000000000001,0.03));
#5864=CARTESIAN_POINT('',(0.093,-0.00600000000000001,0.15));
#5865=CARTESIAN_POINT('',(0.093,0.00399999999999999,0.15));
#5866=CARTESIAN_POINT('',(0.093,0.00399999999999999,0.035));
#5867=CARTESIAN_POINT('',(0.093,0.00899999999999999,0.035));
#5868=CARTESIAN_POINT('',(0.093,0.00899999999999999,0.03));
#5869=CARTESIAN_POINT('',(0.093,-0.00600000000000001,0.03));
#5870=CARTESIAN_POINT('',(0.057,0.03,0.15));
#5871=CARTESIAN_POINT('',(0.057,0.009,-0.035));
#5872=CARTESIAN_POINT('',(0.057,0.00399999999999999,-0.035));
#5873=CARTESIAN_POINT('',(0.057,0.00899999999999999,-0.03));
#5874=CARTESIAN_POINT('',(0.057,0.03,-0.03));
#5875=CARTESIAN_POINT('',(0.057,0.03,-0.03));
#5876=CARTESIAN_POINT('',(0.057,0.03,0.15));
#5877=CARTESIAN_POINT('',(0.057,0.03,-0.02));
#5878=CARTESIAN_POINT('',(0.057,0.03,-0.02));
#5879=CARTESIAN_POINT('',(0.057,0.00399999999999999,-0.02));
#5880=CARTESIAN_POINT('',(0.057,0.00399999999999999,-0.03));
#5881=CARTESIAN_POINT('',(0.057,0.00399999999999998,0.15));
#5882=CARTESIAN_POINT('',(0.057,0.03,0.15));
#5883=CARTESIAN_POINT('',(0.057,0.00399999999999999,0.03));
#5884=CARTESIAN_POINT('',(0.057,0.004,0.02));
#5885=CARTESIAN_POINT('',(0.057,-0.00600000000000001,0.03));
#5886=CARTESIAN_POINT('',(0.057,0.03,0.02));
#5887=CARTESIAN_POINT('',(0.057,0.03,0.02));
#5888=CARTESIAN_POINT('',(0.057,0.03,0.15));
#5889=CARTESIAN_POINT('',(0.057,0.03,0.03));
#5890=CARTESIAN_POINT('',(0.057,0.03,0.03));
#5891=CARTESIAN_POINT('',(0.057,0.00899999999999999,0.03));
#5892=CARTESIAN_POINT('',(0.057,0.00899999999999999,0.035));
#5893=CARTESIAN_POINT('',(0.057,0.00399999999999999,0.035));
#5894=CARTESIAN_POINT('',(0.057,0.004,0.15));
#5895=CARTESIAN_POINT('',(0.057,-0.00600000000000001,0.15));
#5896=CARTESIAN_POINT('',(0.093,0.03,0.15));
#5897=CARTESIAN_POINT('',(0.093,0.03,-0.03));
#5898=CARTESIAN_POINT('',(0.093,0.03,-0.02));
#5899=CARTESIAN_POINT('',(0.093,0.03,0.15));
#5900=CARTESIAN_POINT('',(0.093,0.03,0.02));
#5901=CARTESIAN_POINT('',(0.093,0.03,0.03));
#5902=CARTESIAN_POINT('',(0.143,-0.00600000000000001,0.15));
#5903=CARTESIAN_POINT('',(0.143,0.03,0.15));
#5904=CARTESIAN_POINT('',(0.143,0.03,-0.02));
#5905=CARTESIAN_POINT('',(0.143,0.03,-0.03));
#5906=CARTESIAN_POINT('',(0.143,-0.00600000000000001,-0.03));
#5907=CARTESIAN_POINT('',(0.143,0.00899999999999999,-0.03));
#5908=CARTESIAN_POINT('',(0.143,0.009,-0.035));
#5909=CARTESIAN_POINT('',(0.143,0.00399999999999999,-0.035));
#5910=CARTESIAN_POINT('',(0.143,0.00399999999999998,0.15));
#5911=CARTESIAN_POINT('',(0.143,0.00399999999999999,-0.03));
#5912=CARTESIAN_POINT('',(0.143,0.00399999999999999,-0.02));
#5913=CARTESIAN_POINT('',(0.143,-0.00599999999999998,-0.02));
#5914=CARTESIAN_POINT('',(0.143,-0.00600000000000001,0.15));
#5915=CARTESIAN_POINT('',(0.143,0.03,0.15));
#5916=CARTESIAN_POINT('',(0.143,0.03,0.03));
#5917=CARTESIAN_POINT('',(0.143,0.03,0.02));
#5918=CARTESIAN_POINT('',(0.143,-0.00599999999999996,0.02));
#5919=CARTESIAN_POINT('',(0.143,0.004,0.02));
#5920=CARTESIAN_POINT('',(0.143,0.00399999999999999,0.03));
#5921=CARTESIAN_POINT('',(0.143,-0.00600000000000001,0.03));
#5922=CARTESIAN_POINT('',(0.143,-0.00600000000000001,0.15));
#5923=CARTESIAN_POINT('',(0.143,0.00399999999999999,0.15));
#5924=CARTESIAN_POINT('',(0.143,0.00399999999999999,0.035));
#5925=CARTESIAN_POINT('',(0.143,0.00899999999999999,0.035));
#5926=CARTESIAN_POINT('',(0.143,0.00899999999999999,0.03));
#5927=CARTESIAN_POINT('',(0.143,-0.00600000000000001,0.03));
#5928=CARTESIAN_POINT('',(0.107,0.03,0.15));
#5929=CARTESIAN_POINT('',(0.107,0.009,-0.035));
#5930=CARTESIAN_POINT('',(0.107,0.00399999999999999,-0.035));
#5931=CARTESIAN_POINT('',(0.107,0.00899999999999999,-0.03));
#5932=CARTESIAN_POINT('',(0.107,0.03,-0.03));
#5933=CARTESIAN_POINT('',(0.107,0.03,-0.03));
#5934=CARTESIAN_POINT('',(0.107,0.03,0.15));
#5935=CARTESIAN_POINT('',(0.107,0.03,-0.02));
#5936=CARTESIAN_POINT('',(0.107,0.03,-0.02));
#5937=CARTESIAN_POINT('',(0.107,0.00399999999999999,-0.02));
#5938=CARTESIAN_POINT('',(0.107,0.00399999999999999,-0.03));
#5939=CARTESIAN_POINT('',(0.107,0.00399999999999998,0.15));
#5940=CARTESIAN_POINT('',(0.107,0.03,0.15));
#5941=CARTESIAN_POINT('',(0.107,0.00399999999999999,0.03));
#5942=CARTESIAN_POINT('',(0.107,0.004,0.02));
#5943=CARTESIAN_POINT('',(0.107,-0.00600000000000001,0.03));
#5944=CARTESIAN_POINT('',(0.107,0.03,0.02));
#5945=CARTESIAN_POINT('',(0.107,0.03,0.02));
#5946=CARTESIAN_POINT('',(0.107,0.03,0.15));
#5947=CARTESIAN_POINT('',(0.107,0.03,0.03));
#5948=CARTESIAN_POINT('',(0.107,0.03,0.03));
#5949=CARTESIAN_POINT('',(0.107,0.00899999999999999,0.03));
#5950=CARTESIAN_POINT('',(0.107,0.00899999999999999,0.035));
#5951=CARTESIAN_POINT('',(0.107,0.00399999999999999,0.035));
#5952=CARTESIAN_POINT('',(0.107,0.004,0.15));
#5953=CARTESIAN_POINT('',(0.107,-0.00600000000000001,0.15));
#5954=CARTESIAN_POINT('',(0.143,0.03,0.15));
#5955=CARTESIAN_POINT('',(0.143,0.03,-0.03));
#5956=CARTESIAN_POINT('',(0.143,0.03,-0.02));
#5957=CARTESIAN_POINT('',(0.143,0.03,0.15));
#5958=CARTESIAN_POINT('',(0.143,0.03,0.02));
#5959=CARTESIAN_POINT('',(0.143,0.03,0.03));
#5960=CARTESIAN_POINT('',(0.193,0.03,0.15));
#5961=CARTESIAN_POINT('',(0.157,0.03,0.15));
#5962=CARTESIAN_POINT('',(0.157,0.03,-0.02));
#5963=CARTESIAN_POINT('',(0.157,0.03,-0.03));
#5964=CARTESIAN_POINT('',(0.193,0.03,-0.03));
#5965=CARTESIAN_POINT('',(0.193,0.03,-0.02));
#5966=CARTESIAN_POINT('',(0.193,0.03,0.15));
#5967=CARTESIAN_POINT('',(0.157,0.03,0.15));
#5968=CARTESIAN_POINT('',(0.157,0.03,0.03));
#5969=CARTESIAN_POINT('',(0.157,0.03,0.02));
#5970=CARTESIAN_POINT('',(0.193,0.03,0.02));
#5971=CARTESIAN_POINT('',(0.193,0.03,0.03));
#5972=CARTESIAN_POINT('',(0.157,0.03,0.15));
#5973=CARTESIAN_POINT('',(0.157,0.009,-0.035));
#5974=CARTESIAN_POINT('',(0.157,0.00399999999999999,-0.035));
#5975=CARTESIAN_POINT('',(0.157,0.00899999999999999,-0.03));
#5976=CARTESIAN_POINT('',(0.157,0.03,-0.03));
#5977=CARTESIAN_POINT('',(0.157,0.03,-0.02));
#5978=CARTESIAN_POINT('',(0.157,0.00399999999999999,-0.02));
#5979=CARTESIAN_POINT('',(0.157,0.00399999999999999,-0.03));
#5980=CARTESIAN_POINT('',(0.157,0.00399999999999998,0.15));
#5981=CARTESIAN_POINT('',(0.157,0.03,0.15));
#5982=CARTESIAN_POINT('',(0.157,0.00399999999999999,0.03));
#5983=CARTESIAN_POINT('',(0.157,0.00399999999999999,0.02));
#5984=CARTESIAN_POINT('',(0.157,-0.00600000000000001,0.03));
#5985=CARTESIAN_POINT('',(0.157,0.03,0.02));
#5986=CARTESIAN_POINT('',(0.157,0.03,0.03));
#5987=CARTESIAN_POINT('',(0.157,0.00899999999999999,0.03));
#5988=CARTESIAN_POINT('',(0.157,0.00899999999999999,0.035));
#5989=CARTESIAN_POINT('',(0.157,0.00399999999999999,0.035));
#5990=CARTESIAN_POINT('',(0.157,0.004,0.15));
#5991=CARTESIAN_POINT('',(0.157,-0.00600000000000001,0.15));
#5992=CARTESIAN_POINT('',(0.,-0.00600000000000001,0.));
#5993=CARTESIAN_POINT('',(0.175,-0.00600000000000001,0.03));
#5994=CARTESIAN_POINT('',(0.,-0.00600000000000001,0.));
#5995=CARTESIAN_POINT('',(0.175,-0.00600000000000001,0.03));
#5996=CARTESIAN_POINT('',(0.,-0.00600000000000001,0.));
#5997=CARTESIAN_POINT('',(0.175,-0.00600000000000001,0.03));
#5998=CARTESIAN_POINT('',(0.,-0.00600000000000001,0.));
#5999=CARTESIAN_POINT('',(0.175,-0.00600000000000001,0.03));
#6000=CARTESIAN_POINT('',(0.,-0.00600000000000001,0.));
#6001=CARTESIAN_POINT('',(0.175,-0.00600000000000001,0.03));
#6002=CARTESIAN_POINT('',(0.,-0.00600000000000001,0.));
#6003=CARTESIAN_POINT('',(0.175,-0.00600000000000001,0.03));
#6004=CARTESIAN_POINT('',(0.,-0.00600000000000001,0.));
#6005=CARTESIAN_POINT('',(0.175,-0.00600000000000001,0.03));
#6006=CARTESIAN_POINT('',(0.175,0.00899999999999999,0.03));
#6007=CARTESIAN_POINT('',(0.175,0.00899999999999999,0.03));
#6008=CARTESIAN_POINT('',(0.175,0.00899999999999999,0.03));
#6009=CARTESIAN_POINT('',(0.175,0.00899999999999999,0.03));
#6010=CARTESIAN_POINT('',(0.175,0.00899999999999999,0.03));
#6011=CARTESIAN_POINT('',(0.175,0.00899999999999999,0.03));
#6012=CARTESIAN_POINT('',(0.175,0.00899999999999999,0.03));
#6013=CARTESIAN_POINT('',(0.175,0.00899999999999999,0.03));
#6014=CARTESIAN_POINT('',(0.175,0.031,0.03));
#6015=CARTESIAN_POINT('',(0.175,0.00899999999999999,0.035));
#6016=CARTESIAN_POINT('',(0.175,0.00399999999999999,0.035));
#6017=CARTESIAN_POINT('',(0.175,0.00399999999999999,0.125));
#6018=CARTESIAN_POINT('',(0.175,0.00899999999999999,0.035));
#6019=CARTESIAN_POINT('',(0.175,0.00399999999999999,0.035));
#6020=CARTESIAN_POINT('',(0.175,0.00399999999999999,0.125));
#6021=CARTESIAN_POINT('',(0.175,0.00899999999999999,0.035));
#6022=CARTESIAN_POINT('',(0.175,0.00399999999999999,0.035));
#6023=CARTESIAN_POINT('',(0.175,0.00399999999999999,0.125));
#6024=CARTESIAN_POINT('',(0.175,0.00899999999999999,0.035));
#6025=CARTESIAN_POINT('',(0.175,0.00399999999999999,0.035));
#6026=CARTESIAN_POINT('',(0.175,0.00399999999999999,0.125));
#6027=CARTESIAN_POINT('',(0.175,0.00899999999999999,0.035));
#6028=CARTESIAN_POINT('',(0.175,0.00399999999999999,0.035));
#6029=CARTESIAN_POINT('',(0.175,0.00399999999999999,0.125));
#6030=CARTESIAN_POINT('',(0.175,0.00899999999999999,0.035));
#6031=CARTESIAN_POINT('',(0.175,0.00399999999999999,0.035));
#6032=CARTESIAN_POINT('',(0.175,0.00399999999999999,0.125));
#6033=CARTESIAN_POINT('',(0.175,0.00899999999999999,0.035));
#6034=CARTESIAN_POINT('',(0.175,0.00399999999999999,0.035));
#6035=CARTESIAN_POINT('',(0.175,0.00399999999999999,0.125));
#6036=CARTESIAN_POINT('',(0.175,0.031,0.03));
#6037=CARTESIAN_POINT('',(0.175,0.00399999999999999,-0.02));
#6038=CARTESIAN_POINT('',(0.175,0.00399999999999999,-0.02));
#6039=CARTESIAN_POINT('',(0.175,0.00399999999999999,-0.02));
#6040=CARTESIAN_POINT('',(0.175,0.00399999999999999,-0.02));
#6041=CARTESIAN_POINT('',(0.175,0.00399999999999999,-0.02));
#6042=CARTESIAN_POINT('',(0.175,0.00399999999999999,-0.02));
#6043=CARTESIAN_POINT('',(0.175,0.00399999999999999,-0.02));
#6044=CARTESIAN_POINT('',(0.175,0.00399999999999999,-0.02));
#6045=CARTESIAN_POINT('',(0.175,0.031,-0.02));
#6046=CARTESIAN_POINT('',(0.175,0.00399999999999999,-0.03));
#6047=CARTESIAN_POINT('',(0.175,0.00399999999999999,-0.03));
#6048=CARTESIAN_POINT('',(0.175,0.00399999999999999,-0.03));
#6049=CARTESIAN_POINT('',(0.175,0.00399999999999999,-0.03));
#6050=CARTESIAN_POINT('',(0.175,0.00399999999999999,-0.03));
#6051=CARTESIAN_POINT('',(0.175,0.00399999999999999,-0.03));
#6052=CARTESIAN_POINT('',(0.175,0.00399999999999999,-0.03));
#6053=CARTESIAN_POINT('',(0.175,0.00399999999999999,0.03));
#6054=CARTESIAN_POINT('',(0.175,0.004,0.02));
#6055=CARTESIAN_POINT('',(0.175,0.031,0.02));
#6056=CARTESIAN_POINT('',(0.175,0.031,0.02));
#6057=CARTESIAN_POINT('',(0.175,0.004,0.02));
#6058=CARTESIAN_POINT('',(0.175,0.004,0.02));
#6059=CARTESIAN_POINT('',(0.175,0.004,0.02));
#6060=CARTESIAN_POINT('',(0.175,0.004,0.02));
#6061=CARTESIAN_POINT('',(0.175,0.004,0.02));
#6062=CARTESIAN_POINT('',(0.175,0.004,0.02));
#6063=CARTESIAN_POINT('',(0.175,0.00399999999999999,0.03));
#6064=CARTESIAN_POINT('',(0.175,0.00399999999999999,0.03));
#6065=CARTESIAN_POINT('',(0.175,0.00399999999999999,0.03));
#6066=CARTESIAN_POINT('',(0.175,0.00399999999999999,0.03));
#6067=CARTESIAN_POINT('',(0.175,0.00399999999999999,0.03));
#6068=CARTESIAN_POINT('',(0.175,0.00399999999999999,0.03));
#6069=CARTESIAN_POINT('',(0.175,0.031,-0.02));
#6070=CARTESIAN_POINT('',(0.175,0.009,-0.035));
#6071=CARTESIAN_POINT('',(0.175,0.00899999999999999,-0.03));
#6072=CARTESIAN_POINT('',(0.175,0.00399999999999999,-0.035));
#6073=CARTESIAN_POINT('',(0.175,0.009,-0.035));
#6074=CARTESIAN_POINT('',(0.175,0.00899999999999999,-0.03));
#6075=CARTESIAN_POINT('',(0.175,0.00399999999999999,-0.035));
#6076=CARTESIAN_POINT('',(0.175,0.009,-0.035));
#6077=CARTESIAN_POINT('',(0.175,0.00899999999999999,-0.03));
#6078=CARTESIAN_POINT('',(0.175,0.00399999999999999,-0.035));
#6079=CARTESIAN_POINT('',(0.175,0.009,-0.035));
#6080=CARTESIAN_POINT('',(0.175,0.00899999999999999,-0.03));
#6081=CARTESIAN_POINT('',(0.175,0.00399999999999999,-0.035));
#6082=CARTESIAN_POINT('',(0.175,0.009,-0.035));
#6083=CARTESIAN_POINT('',(0.175,0.00899999999999999,-0.03));
#6084=CARTESIAN_POINT('',(0.175,0.00399999999999999,-0.035));
#6085=CARTESIAN_POINT('',(0.175,0.009,-0.035));
#6086=CARTESIAN_POINT('',(0.175,0.00899999999999999,-0.03));
#6087=CARTESIAN_POINT('',(0.175,0.00399999999999999,-0.035));
#6088=CARTESIAN_POINT('',(0.175,0.00399999999999999,-0.035));
#6089=CARTESIAN_POINT('',(0.175,0.00399999999999999,-0.035));
#6090=CARTESIAN_POINT('',(0.175,0.00399999999999999,-0.035));
#6091=CARTESIAN_POINT('',(0.175,0.00399999999999999,-0.035));
#6092=CARTESIAN_POINT('',(0.175,0.00399999999999999,-0.035));
#6093=CARTESIAN_POINT('',(0.175,0.00399999999999999,-0.035));
#6094=CARTESIAN_POINT('',(0.175,0.00399999999999999,-0.035));
#6095=CARTESIAN_POINT('',(0.175,0.031,-0.035));
#6096=CARTESIAN_POINT('',(0.175,0.031,-0.03));
#6097=CARTESIAN_POINT('',(0.175,0.031,-0.03));
#6098=CARTESIAN_POINT('',(0.175,0.00899999999999999,-0.03));
#6099=CARTESIAN_POINT('',(0.175,0.009,-0.035));
#6100=CARTESIAN_POINT('',(0.175,0.00399999999999999,-0.035));
#6101=CARTESIAN_POINT('',(50.,0.0324999999999989,20.));
#6102=CARTESIAN_POINT('',(0.,0.,0.));
#6103=MECHANICAL_DESIGN_GEOMETRIC_PRESENTATION_REPRESENTATION('',(#3717,
#3718,#3719),#6104);
#6104=(
GEOMETRIC_REPRESENTATION_CONTEXT(3)
GLOBAL_UNCERTAINTY_ASSIGNED_CONTEXT((#6108))
GLOBAL_UNIT_ASSIGNED_CONTEXT((#6114,#6113,#6112))
REPRESENTATION_CONTEXT('TFM-107-02-L-D','TOP_LEVEL_ASSEMBLY_PART')
);
#6105=(
GEOMETRIC_REPRESENTATION_CONTEXT(3)
GLOBAL_UNCERTAINTY_ASSIGNED_CONTEXT((#6109))
GLOBAL_UNIT_ASSIGNED_CONTEXT((#6114,#6113,#6112))
REPRESENTATION_CONTEXT('TFM-107-02-L-D_terminal','COMPONENT_PART')
);
#6106=(
GEOMETRIC_REPRESENTATION_CONTEXT(3)
GLOBAL_UNCERTAINTY_ASSIGNED_CONTEXT((#6110))
GLOBAL_UNIT_ASSIGNED_CONTEXT((#6114,#6113,#6112))
REPRESENTATION_CONTEXT('TFM-107-02-L-D-L_pins','COMPONENT_PART')
);
#6107=(
GEOMETRIC_REPRESENTATION_CONTEXT(3)
GLOBAL_UNCERTAINTY_ASSIGNED_CONTEXT((#6111))
GLOBAL_UNIT_ASSIGNED_CONTEXT((#6114,#6113,#6112))
REPRESENTATION_CONTEXT('TFM-107-02-L-D-L-2_pins','COMPONENT_PART')
);
#6108=UNCERTAINTY_MEASURE_WITH_UNIT(LENGTH_MEASURE(3.93700787401575E-7),
#6114,'DISTANCE_ACCURACY_VALUE','Maximum Tolerance applied to model');
#6109=UNCERTAINTY_MEASURE_WITH_UNIT(LENGTH_MEASURE(3.93700787401575E-7),
#6114,'DISTANCE_ACCURACY_VALUE','Maximum Tolerance applied to model');
#6110=UNCERTAINTY_MEASURE_WITH_UNIT(LENGTH_MEASURE(3.93700787401575E-7),
#6114,'DISTANCE_ACCURACY_VALUE','Maximum Tolerance applied to model');
#6111=UNCERTAINTY_MEASURE_WITH_UNIT(LENGTH_MEASURE(3.93700787401575E-7),
#6114,'DISTANCE_ACCURACY_VALUE','Maximum Tolerance applied to model');
#6112=(
NAMED_UNIT(*)
SI_UNIT($,.STERADIAN.)
SOLID_ANGLE_UNIT()
);
#6113=(
NAMED_UNIT(*)
PLANE_ANGLE_UNIT()
SI_UNIT($,.RADIAN.)
);
#6114=(
CONVERSION_BASED_UNIT('INCH',#6116)
LENGTH_UNIT()
NAMED_UNIT(#6115)
);
#6115=DIMENSIONAL_EXPONENTS(1.,0.,0.,0.,0.,0.,0.);
#6116=LENGTH_MEASURE_WITH_UNIT(LENGTH_MEASURE(25.4),#6117);
#6117=(
LENGTH_UNIT()
NAMED_UNIT(*)
SI_UNIT(.MILLI.,.METRE.)
);
#6118=PRODUCT_DEFINITION_SHAPE('','',#6125);
#6119=PRODUCT_DEFINITION_SHAPE('','',#6126);
#6120=PRODUCT_DEFINITION_SHAPE(' ','NAUO PRDDFN',#147);
#6121=PRODUCT_DEFINITION_SHAPE('','',#6127);
#6122=PRODUCT_DEFINITION_SHAPE(' ','NAUO PRDDFN',#148);
#6123=PRODUCT_DEFINITION_SHAPE('','',#6128);
#6124=PRODUCT_DEFINITION_SHAPE(' ','NAUO PRDDFN',#149);
#6125=PRODUCT_DEFINITION('','',#6133,#6129);
#6126=PRODUCT_DEFINITION('','',#6134,#6130);
#6127=PRODUCT_DEFINITION('','',#6135,#6131);
#6128=PRODUCT_DEFINITION('','',#6136,#6132);
#6129=PRODUCT_DEFINITION_CONTEXT('',#6154,'design');
#6130=PRODUCT_DEFINITION_CONTEXT('',#6154,'design');
#6131=PRODUCT_DEFINITION_CONTEXT('',#6154,'design');
#6132=PRODUCT_DEFINITION_CONTEXT('',#6154,'design');
#6133=PRODUCT_DEFINITION_FORMATION_WITH_SPECIFIED_SOURCE('','',#6141,
 .NOT_KNOWN.);
#6134=PRODUCT_DEFINITION_FORMATION_WITH_SPECIFIED_SOURCE('','',#6142,
 .NOT_KNOWN.);
#6135=PRODUCT_DEFINITION_FORMATION_WITH_SPECIFIED_SOURCE('','',#6143,
 .NOT_KNOWN.);
#6136=PRODUCT_DEFINITION_FORMATION_WITH_SPECIFIED_SOURCE('','',#6144,
 .NOT_KNOWN.);
#6137=PRODUCT_RELATED_PRODUCT_CATEGORY('','',(#6141));
#6138=PRODUCT_RELATED_PRODUCT_CATEGORY('','',(#6142));
#6139=PRODUCT_RELATED_PRODUCT_CATEGORY('','',(#6143));
#6140=PRODUCT_RELATED_PRODUCT_CATEGORY('','',(#6144));
#6141=PRODUCT('TFM-107-02-L-D','TFM-107-02-L-D','TFM-107-02-L-D',(#6149));
#6142=PRODUCT('TFM-107-02-L-D_terminal','TFM-107-02-L-D_terminal',
'TFM-107-02-L-D_terminal',(#6150));
#6143=PRODUCT('TFM-107-02-L-D-L_pins','TFM-107-02-L-D-L_pins',
'TFM-107-02-L-D-L_pins',(#6151));
#6144=PRODUCT('TFM-107-02-L-D-L-2_pins','TFM-107-02-L-D-L-2_pins',
'TFM-107-02-L-D-L-2_pins',(#6152));
#6145=PRODUCT_CATEGORY('','');
#6146=PRODUCT_CATEGORY('','');
#6147=PRODUCT_CATEGORY('','');
#6148=PRODUCT_CATEGORY('','');
#6149=PRODUCT_CONTEXT('',#6154,'mechanical');
#6150=PRODUCT_CONTEXT('',#6154,'mechanical');
#6151=PRODUCT_CONTEXT('',#6154,'mechanical');
#6152=PRODUCT_CONTEXT('',#6154,'mechanical');
#6153=APPLICATION_PROTOCOL_DEFINITION('international standard',
'automotive_design',2010,#6154);
#6154=APPLICATION_CONTEXT(
'core data for automotive mechanical design processes');
ENDSEC;
END-ISO-10303-21;
