time_us,sl0_chA,sl0_chB,sl0_chC,sl0_chD,sl0_chE,sl0_chF,sl0_chG,sl0_chH,sl1_chA,sl1_chB,sl1_chC,sl1_chD,sl1_chE,sl1_chF,sl1_chG,sl1_chH,sl2_chA,sl2_chB,sl2_chC,sl2_chD,sl2_chE,sl2_chF,sl2_chG,sl2_chH,sl3_chA,sl3_chB,sl3_chC,sl3_chD,sl3_chE,sl3_chF,sl3_chG,sl3_chH,sl4_chA,sl4_chB,sl4_chC,sl4_chD,sl4_chE,sl4_chF,sl4_chG,sl4_chH,sl5_chA,sl5_chB,sl5_chC,sl5_chD,sl5_chE,sl5_chF,sl5_chG,sl5_chH,sl6_chA,sl6_chB,sl6_chC,sl6_chD,sl6_chE,sl6_chF,sl6_chG,sl6_chH,sl7_chA,sl7_chB,sl7_chC,sl7_chD,sl7_chE,sl7_chF,sl7_chG,sl7_chH
0.0000,4,-5,4,12,-4,17,0,15,2,-4,4,14,-4,13,3,14,5,-7,6,11,-1,12,-1,16,6,-6,2,10,-5,15,-1,17,4,-6,7,10,-4,13,6,17,2,-5,3,12,2,17,-4,20,3,-7,7,9,1,11,0,20,5,-1,1,11,-8,13,-2,18
0.0200,7,-2,6,14,-5,16,1,18,5,-9,2,15,-1,10,-3,19,5,-7,3,13,4,9,4,14,7,-8,5,13,-3,11,1,17,6,-5,5,14,1,9,0,17,3,-3,2,11,-3,11,2,20,6,-2,0,11,3,10,-2,13,-1,-4,3,10,-4,13,-3,15
0.0400,6,-2,3,8,-3,9,1,17,8,-3,4,9,-4,11,-1,13,1,-6,8,11,-1,12,1,15,6,0,4,16,3,10,2,13,5,-3,6,13,-1,14,-1,14,4,-4,0,18,-1,15,1,19,7,-5,6,12,-2,11,1,13,6,-5,1,15,0,10,3,22
0.0600,7,-1,2,13,3,14,-3,21,4,-3,3,14,0,14,-1,12,8,-4,3,12,1,11,2,19,10,-2,5,11,5,15,2,17,6,-7,5,13,-1,17,1,11,10,-3,-1,12,-4,13,1,17,6,-5,5,10,2,13,-2,17,6,-4,2,9,1,11,2,16
0.0800,7,-6,4,15,-5,10,0,15,5,-6,6,15,-6,9,-1,16,7,-7,0,18,0,11,3,15,3,-2,2,12,0,14,0,13,5,-2,5,6,-3,17,-2,15,6,-5,5,11,3,17,-2,20,3,1,5,8,-4,11,1,21,6,0,1,12,6,17,2,18
0.1000,9,-2,6,11,1,13,0,17,7,-6,0,16,1,15,2,14,2,-2,2,11,-3,15,-2,18,3,-5,2,11,0,11,2,14,5,-6,3,13,-6,17,0,16,8,-9,3,14,-2,15,0,14,3,-3,5,12,-3,12,1,18,8,-2,2,11,-4,15,2,18
0.1200,5,-3,3,12,1,9,4,17,8,-5,3,12,2,12,1,19,2,-2,1,11,-3,10,2,15,8,-5,6,12,4,13,0,18,5,-7,2,15,-2,11,-1,17,0,-2,5,10,-1,12,-1,16,4,-3,5,12,0,14,2,16,4,-5,4,9,-2,13,-1,17
0.1400,6,-5,7,11,3,14,-4,18,7,-3,3,10,-4,15,0,18,5,-8,4,11,-2,10,2,17,4,-2,3,10,0,10,0,16,5,3,6,11,-3,14,4,15,10,-4,4,11,-3,13,1,16,4,-1,3,10,1,15,-4,16,9,-8,3,10,-2,12,6,15
0.1600,5,2,4,11,2,9,-2,16,8,-1,4,12,-2,14,0,11,5,2,4,12,0,12,-1,20,9,-4,4,12,1,10,0,20,7,-3,7,14,-3,16,-2,12,5,-3,0,11,2,10,2,17,3,-3,-1,8,4,19,1,16,0,-3,9,10,-5,18,-2,17
0.1800,5,-1,8,13,0,11,1,15,7,-2,3,8,-2,15,0,15,7,-2,8,8,3,14,-1,16,2,-1,7,15,-1,15,4,16,-1,-7,5,10,-3,13,-1,13,10,-3,6,11,-1,10,-1,14,4,-6,4,9,-5,13,-1,22,4,-5,3,11,-2,19,-2,19
0.2000,6,-9,-1,11,-1,11,7,16,3,-2,6,8,1,9,1,15,12,-6,2,13,1,10,0,16,6,-4,5,12,3,16,-6,16,3,-5,6,11,-1,11,-4,19,1,-3,-1,15,-6,13,1,17,5,-3,5,9,-4,16,1,15,6,-1,0,13,-3,12,2,17
0.2200,6,-5,6,9,2,15,-3,14,4,-5,6,12,1,13,-1,19,3,-8,3,14,-1,12,2,13,6,-1,4,15,-1,13,0,19,3,-4,10,15,0,13,-1,20,3,-3,8,10,-1,9,2,20,7,-7,3,12,-1,14,-2,22,4,-5,-1,12,-2,14,2,15
0.2400,5,-3,2,13,-1,11,0,11,10,-4,6,11,3,13,-1,14,5,-4,7,15,4,14,3,16,3,-2,4,12,-3,17,0,13,8,-4,-1,15,-3,14,2,16,3,-5,1,9,-1,14,0,20,7,-5,4,13,5,16,0,13,5,-1,0,14,0,14,2,13
0.2600,4,-8,4,17,-1,13,0,14,4,-5,3,14,0,12,3,20,5,-2,5,9,-1,11,-3,19,5,-2,6,11,-1,20,0,16,5,-5,2,13,1,13,2,16,5,-3,4,13,-2,16,1,19,3,-3,5,9,-4,14,2,19,3,-3,4,14,-5,16,6,17
0.2800,9,-1,2,11,2,13,-2,15,3,-4,5,11,-3,12,2,17,2,-5,-1,8,4,13,0,15,1,-5,2,8,4,12,0,15,3,-5,4,12,2,12,0,13,5,0,0,15,-3,15,0,16,5,-2,7,13,2,17,3,14,6,-7,3,13,5,13,0,18
0.3000,7,-5,2,14,0,16,-1,16,3,-4,-1,14,-1,11,2,19,9,-5,4,13,2,13,1,15,7,-3,7,11,1,16,0,18,4,-6,5,11,-1,13,0,15,7,-4,2,16,-5,12,4,18,8,-1,5,15,2,15,0,14,5,-1,4,16,-2,14,-2,13
0.3200,6,-6,5,9,-1,11,3,13,5,-4,2,11,1,19,2,14,3,-1,7,11,1,14,0,19,2,-2,6,12,2,12,1,19,5,-5,2,11,-2,12,3,17,7,-7,3,13,-1,12,3,15,3,0,-4,13,1,12,-3,13,4,-1,5,11,-4,13,3,14
0.3400,5,-4,7,13,-1,14,-3,12,5,-7,4,11,-2,17,-3,17,5,-1,5,14,-1,17,2,17,1,-4,9,13,-1,12,2,20,6,-6,4,11,0,9,6,14,9,-6,3,15,-4,16,-1,16,8,-3,4,12,-1,12,-1,16,7,2,3,12,0,13,1,16
0.3600,2,-5,1,15,2,13,1,19,5,-2,3,14,-6,13,-2,18,4,1,3,12,-1,13,1,17,5,-2,3,10,-3,11,-1,16,3,2,5,13,-2,14,0,18,6,-2,4,13,2,15,1,17,3,-2,8,14,-2,18,0,14,3,-7,4,12,-4,10,-2,16
0.3800,7,-2,-1,9,1,13,-4,16,6,-7,4,10,-2,15,3,17,6,-6,10,6,-1,16,6,16,7,0,4,11,1,11,-3,13,6,-7,4,9,-3,16,1,17,7,-4,4,12,2,14,-5,17,5,-1,3,12,3,13,1,15,2,-6,2,13,-1,16,4,15
0.4000,9,-2,3,13,-1,11,1,13,4,-5,7,12,-2,13,1,13,4,1,5,16,0,13,-1,17,0,-5,1,14,-1,12,-1,12,4,-5,7,15,1,15,-1,15,7,-1,5,15,2,11,0,16,4,-8,3,14,0,10,5,15,9,-5,7,10,1,13,0,16
0.4200,7,-3,2,12,-5,15,-1,19,1,-2,7,10,-1,13,-7,13,7,-3,2,11,1,15,0,16,5,-2,5,13,-1,10,2,16,4,-3,2,8,-1,8,-2,15,3,-2,5,11,-4,19,5,16,5,-2,7,14,0,14,-3,18,3,-1,8,11,-2,9,-2,18
0.4400,4,-4,3,11,-3,12,0,13,7,-5,1,10,-4,11,0,19,8,-2,5,10,-1,12,5,12,5,-2,6,9,-1,13,1,21,8,-1,4,16,3,14,2,22,3,-6,4,15,0,12,-1,14,5,-2,11,12,-1,13,0,18,3,-2,4,13,1,7,2,19
0.4600,6,-4,-3,9,2,11,-5,12,6,-6,4,11,-3,10,2,19,2,1,5,13,0,15,3,19,6,-3,3,9,-1,12,6,18,8,-5,5,11,0,13,-4,18,6,-5,5,15,4,14,-1,16,5,-8,7,12,-1,13,-1,16,4,0,5,9,4,14,-1,12
0.4800,4,-7,8,12,4,15,-1,11,5,-3,3,13,-3,15,-2,11,4,-2,0,13,-1,13,-2,16,8,1,1,13,4,13,0,13,4,-7,8,13,-2,13,1,21,5,-10,4,12,-1,14,3,16,4,1,7,13,2,12,1,15,3,-4,6,10,0,11,2,19
0.5000,2,-2,7,17,2,11,4,16,4,1,5,8,0,13,2,14,7,-3,3,6,0,16,3,16,4,1,2,6,-1,16,2,16,5,-2,5,12,-2,14,-2,17,7,-7,5,12,2,14,1,17,8,-6,5,9,-3,14,2,20,2,-5,3,10,-3,13,-3,18
0.5200,5,-4,6,15,-2,14,5,19,6,-6,9,12,1,11,6,16,4,-6,5,15,0,15,2,13,5,-4,6,17,-2,15,-2,18,2,-5,1,9,1,10,0,16,8,-5,4,11,-1,14,-4,15,4,-1,8,12,-2,15,0,15,4,-4,1,9,2,15,-3,13
0.5400,5,-4,2,10,0,9,1,18,6,-2,7,13,-1,13,0,16,2,-3,3,11,-4,14,-1,17,7,3,2,12,3,15,0,18,5,-3,5,9,-1,12,-4,19,10,-3,2,15,-4,12,1,20,5,-5,3,12,-2,13,1,13,3,-3,6,14,2,10,4,20
0.5600,5,-7,4,10,-2,14,2,15,3,-8,3,9,2,11,-2,20,3,-6,9,9,-1,12,3,24,3,-2,5,12,0,12,1,14,2,-3,3,7,-1,9,-1,17,9,-4,2,8,-2,15,0,13,0,-3,7,13,3,13,2,12,5,-4,1,16,-1,15,-1,16
0.5800,5,-6,4,13,1,13,1,16,1,-6,3,10,-3,15,1,16,5,0,4,10,0,14,2,17,1,-1,3,10,-1,17,1,16,5,0,-1,8,1,12,-1,19,6,0,3,11,0,14,5,14,5,-2,-3,11,-1,14,3,15,4,-3,7,13,3,16,1,14
0.6000,0,-4,3,11,1,13,6,22,6,1,3,9,0,14,-2,18,5,-2,2,7,3,13,1,17,4,-3,5,11,-1,12,0,17,6,-1,4,13,-3,17,-1,15,4,-3,3,14,-3,15,-2,15,4,-7,6,15,-2,15,-2,16,0,-1,4,14,-1,14,-2,21
0.6200,7,-3,2,12,-2,13,0,22,13,-2,6,8,1,14,-1,13,3,-2,3,11,0,16,-2,19,7,-4,5,11,0,12,2,12,5,-3,3,12,2,14,0,17,6,-5,8,14,0,13,-3,14,2,-4,3,14,-2,14,-1,20,4,-2,6,10,-4,14,1,13
0.6400,7,-4,3,13,-3,12,-1,19,11,0,4,13,-5,11,-1,19,1,-3,5,13,-2,14,1,15,4,-2,8,14,1,10,4,21,7,-1,1,14,-3,13,0,17,6,-6,5,8,1,11,-2,16,3,-6,5,12,-2,11,0,17,5,-5,8,12,-1,14,-1,15
0.6600,9,-1,4,8,0,15,-1,18,10,0,3,12,-2,12,-5,13,8,2,3,14,-3,13,3,13,5,-5,3,9,-2,11,-2,19,12,-1,3,12,0,14,-1,18,10,-4,4,16,-3,12,-1,18,5,-7,6,6,0,14,0,20,3,-6,5,18,0,18,-1,15
0.6800,2,-4,4,10,0,8,2,16,6,-3,6,11,-1,13,2,16,4,1,4,13,-1,13,3,22,5,-3,6,15,3,8,2,16,6,-2,3,14,2,10,2,17,2,-1,5,14,1,9,5,17,4,-7,-1,10,3,12,-5,18,6,1,1,14,1,17,-5,14
0.7000,-6,9,27,-4,-35,36,15,-1,1,-7,-42,27,23,-59,-20,34,-7,2,20,-5,-31,40,23,-14,-3,-8,-37,22,-1,4,-67,32,-10,5,18,2,4,14,-1,20,11,-28,-21,32,1,14,0,17,2,2,12,8,0,12,-4,14,0,-4,-19,19,-3,14,-5,18
0.7200,0,-1,-51,17,50,5,4,15,0,-1,-47,14,3,-33,-2,24,3,2,-47,20,-1,11,-11,74,-3,2,-40,16,-2,19,-56,22,95,-9,-46,13,-3,11,-5,16,11,-61,-46,23,0,14,-5,17,1,-1,-58,78,-1,16,1,12,2,-2,-40,19,-4,13,3,18
0.7400,4,1,-34,17,50,6,0,12,11,-3,-17,18,2,-26,-1,22,0,-1,-35,17,-7,3,-9,70,5,-2,-19,15,-3,15,-41,26,78,-19,-36,13,-4,12,-1,20,18,-47,-20,24,0,11,1,18,-1,-6,-42,73,-4,9,3,15,5,0,-17,17,-5,8,0,13
0.7600,5,-1,-9,15,27,10,1,17,7,-2,-2,17,1,-5,-5,18,5,3,0,16,-6,18,-8,46,1,0,0,14,-4,14,-24,25,38,-15,-9,12,-1,17,-1,16,8,-22,-3,15,1,16,0,13,-3,-2,-14,45,-2,15,2,13,9,0,-2,13,-1,12,-1,19
0.7800,7,0,6,19,16,7,6,14,5,-2,13,11,6,10,-1,17,7,-1,11,10,-3,7,-2,26,10,-8,12,14,-2,11,-6,18,24,-12,8,12,-1,13,-1,16,7,-11,8,12,5,13,0,16,3,-7,2,32,-1,10,-1,19,3,-4,13,11,2,12,4,16
0.8000,8,-4,11,9,2,9,-2,20,7,-2,13,14,1,17,3,17,9,-5,12,13,3,9,-1,16,11,-3,11,11,1,15,0,18,4,-11,11,13,-1,9,-3,19,9,-2,14,11,4,10,6,21,9,-6,7,17,2,13,4,16,2,-2,12,10,-4,13,1,14
0.8200,4,-5,16,8,-9,13,-3,15,-185,170,365,-294,-225,233,148,-125,6,-8,14,14,3,14,-2,16,-175,170,346,-285,-166,162,316,-252,1,-8,15,8,0,12,1,20,-303,295,380,-331,2,16,-2,15,7,-7,10,7,0,15,-1,18,-160,154,316,-254,1,11,-3,9
0.8400,-2,-11,266,-60,-259,245,171,-132,-306,285,277,-370,-212,172,232,-245,1,-16,263,-64,-204,166,185,-105,-306,277,275,-369,-172,253,259,-286,-370,104,376,-114,-221,168,160,-125,-422,268,402,-460,-116,197,171,-177,-9,-19,400,-255,-220,161,146,-119,-309,269,288,-358,-124,200,172,-180
0.8600,-185,264,279,-319,-241,221,130,-107,-263,215,288,-238,-161,259,185,-172,-189,262,278,-321,-149,150,187,-186,-251,207,285,-234,-111,163,293,-178,-406,445,375,-428,-83,74,40,-33,-390,417,428,-369,-51,84,62,1,-272,352,398,-356,-94,81,76,-49,-268,216,291,-224,-96,105,116,-87
0.8800,-204,244,269,-218,-289,253,205,-126,-169,173,242,-121,-137,276,161,-125,-208,298,274,-231,-132,100,232,-242,-166,179,245,-127,-212,145,293,-145,-475,567,412,-357,-43,52,-24,-17,-406,429,400,-227,-56,64,47,-81,-307,311,463,-454,-51,55,59,-37,-179,158,244,-89,-76,74,65,-44
0.9000,-143,151,209,-44,-277,227,153,-113,-90,118,169,4,-82,255,117,-102,-134,167,207,-56,-92,72,195,-237,-68,106,171,-6,-128,115,259,-78,-439,388,357,-179,-21,53,-64,4,-231,376,317,-100,-10,39,2,-8,-267,205,428,-435,-39,69,54,-35,-113,124,174,55,-40,67,44,-34
0.9200,-82,84,128,70,-221,198,188,-117,-77,78,95,80,-61,195,120,-97,-90,122,134,52,-114,33,189,-188,-66,72,95,76,-137,124,187,-59,-321,273,259,-47,-41,48,-72,-20,-119,266,206,9,-51,68,29,-65,-166,66,342,-343,-34,50,28,-13,-83,73,97,144,-63,77,52,-42
0.9400,-67,70,69,71,-155,149,107,-102,-51,60,42,36,-44,131,105,-85,-55,52,68,60,-101,31,132,-128,-38,58,47,32,-129,117,114,-42,-210,116,159,-14,-39,60,-54,-11,-43,169,122,-28,-55,64,32,-55,-144,63,242,-249,-46,64,39,-32,-49,55,42,105,-57,69,47,-44
0.9600,139,-146,-272,322,198,-65,25,-4,-7,18,-79,44,193,-174,-21,82,115,-119,-256,294,66,-157,-98,216,11,1,-82,52,19,-8,-17,179,227,-231,-236,283,-75,77,5,-48,376,-341,-247,223,-71,77,52,-57,165,-227,-206,199,-61,72,49,-37,-2,2,-95,124,-58,79,58,-46
0.9800,-57,66,42,-141,1,101,106,-81,-42,48,34,-195,-108,33,87,-70,-51,89,39,-148,-110,30,62,28,-54,55,31,-196,-134,85,47,-41,-19,21,10,-140,-56,68,-15,-36,-127,20,26,-235,-65,67,61,-118,-28,-38,-29,95,-53,69,52,-35,-41,42,27,-147,-58,71,51,-38
1.0000,-38,40,30,-180,-32,104,69,-41,-17,21,17,-162,-25,46,38,-36,-23,60,29,-197,-51,40,80,-5,-12,3,19,-160,-15,40,39,7,-44,163,19,-211,-39,60,5,-11,-53,32,22,-198,-9,41,3,13,-62,16,23,-12,-35,65,46,-29,-32,39,26,-132,-39,67,44,-31
1.0200,-11,14,13,-108,-24,95,56,-16,-19,17,5,-51,-24,34,31,-20,2,33,14,-128,-20,16,58,-13,-18,21,8,-55,-44,45,19,-2,-42,139,12,-133,-16,43,-9,9,-85,17,7,-69,-21,42,26,-40,-27,-14,15,-18,-23,49,31,-17,-29,23,9,-27,-38,55,35,-24
1.0400,-3,1,2,22,-19,44,-2,1,-10,11,4,56,17,29,7,6,14,-1,-3,10,-1,2,17,-2,5,-2,-6,54,7,20,16,36,-16,38,1,9,-6,35,-15,22,40,12,-10,53,-7,27,-1,22,-12,-26,2,-8,-17,48,26,-9,-20,16,-4,70,-26,47,27,-14
1.0600,-19,18,-6,100,1,31,19,-13,-20,16,-10,122,31,13,22,9,-17,21,-12,89,-23,-2,19,10,-8,17,-12,121,20,28,1,44,0,-4,-7,89,-26,36,-7,-4,79,1,-14,128,-29,33,21,5,-2,-35,-10,8,-21,31,20,0,-20,21,-10,134,-31,42,26,-15
1.0800,-16,8,-17,131,-3,-4,-44,-9,-68,60,67,58,-242,207,158,-186,0,-40,-10,127,-25,-4,-10,18,-77,57,56,66,-105,161,356,-191,5,-107,-17,127,-25,39,-11,13,-175,268,206,-133,-37,37,25,31,-8,-21,-17,17,-26,37,20,-2,-37,34,31,105,-30,45,25,-9
1.1000,-17,31,-99,196,-25,31,-16,-82,27,-25,-163,244,55,-51,33,-5,-11,-36,-90,194,-95,46,31,0,26,-25,-163,239,48,47,-82,60,44,-169,-67,161,-50,50,10,-19,318,-136,-171,255,-57,47,31,46,-38,32,-23,38,-40,43,28,-12,34,-32,-151,258,-36,50,32,-14
1.1200,7,0,-193,187,147,-69,-25,-49,37,-27,-194,128,82,-131,-10,39,3,-34,-193,193,-61,-4,-31,144,18,-7,-194,118,24,26,-183,87,293,-311,-246,239,-78,68,54,-60,310,-273,-295,208,-84,69,76,-39,88,-95,-257,288,-54,49,38,-22,58,-51,-194,144,-41,48,40,-23
1.1400,31,-16,-184,30,191,-86,-78,-2,36,-27,-164,-65,67,-158,-33,46,33,-73,-177,41,-20,-13,-70,198,9,-15,-166,-72,51,2,-211,100,342,-322,-289,116,-72,67,59,-42,261,-297,-310,30,-63,61,54,-11,122,-110,-330,364,-55,55,42,-21,48,-43,-170,-50,-37,51,33,-22
1.1600,9,1,-138,-145,209,-41,-27,16,25,-15,-119,-183,44,-155,-45,48,0,-1,-143,-147,-4,-5,-39,217,-9,-9,-120,-183,47,-13,-206,83,336,-177,-269,-50,-65,70,77,-54,154,-272,-269,-94,-48,59,52,-19,119,-103,-322,368,-42,55,45,-24,38,-24,-120,-171,-32,49,33,-16
1.1800,21,-19,-97,-209,182,-14,-41,56,12,-15,-71,-213,0,-126,-43,38,27,-25,-95,-207,37,-5,-42,186,-8,-3,-72,-213,1,-14,-167,44,272,-91,-214,-126,-34,52,62,-20,11,-211,-193,-148,-33,48,41,-44,108,-88,-274,316,-35,54,38,-21,26,-14,-76,-207,-23,49,25,-12
1.2000,17,-13,-52,-191,128,22,12,56,16,-6,-28,-162,-15,-83,-44,35,17,28,-54,-194,45,8,-12,147,-5,-17,-33,-162,1,-22,-112,33,190,42,-141,-121,-21,45,51,-8,-46,-137,-122,-110,-6,39,19,-26,92,-79,-212,245,-29,45,29,-15,12,-8,-38,-160,-18,41,22,-9
1.2200,16,-22,-17,-124,74,38,25,68,11,-6,-5,-98,-31,138,-35,27,19,23,-15,-134,56,15,-3,98,-6,-6,-7,-93,-29,-15,107,14,101,90,-81,-86,-5,31,32,7,-96,-74,-60,-65,-1,29,11,-34,72,-60,-141,168,-16,41,16,-6,8,-9,-6,-96,-16,40,17,0
1.2400,14,-17,197,-39,89,41,12,64,4,-12,58,-10,-23,-734,-21,25,19,9,201,-45,53,12,0,-94,3,-12,59,-5,-8,-12,-709,6,-134,78,174,-20,7,20,23,20,-68,87,52,7,9,20,-3,6,51,-39,117,-89,-8,30,14,5,0,-6,74,-14,-5,23,14,5
1.2600,16,-11,-848,33,1118,37,8,54,6,-7,-129,66,-18,-1134,-19,25,8,1,-832,30,39,6,10,1082,11,-14,-141,64,2,-1,-1156,8,1030,55,-815,44,4,13,10,19,-35,-1104,-168,74,3,17,-1,15,39,-28,-726,870,-3,29,4,9,5,-4,-177,58,-2,17,3,9
1.2800,19,-20,31,105,1181,21,-15,46,11,-13,-319,115,-8,-265,-17,34,16,-22,32,100,31,3,0,1190,15,-11,-299,121,17,0,-38,16,1194,6,47,115,2,8,1,27,5,-1193,-227,132,6,16,-7,25,32,-26,22,1163,-4,20,4,14,7,-6,-258,108,-1,13,0,15
1.3000,13,-16,-1027,117,-258,9,-25,40,10,-7,-1104,93,12,198,-15,28,10,-22,-1014,112,19,0,-2,-98,17,-10,-1098,99,27,5,304,23,359,-31,-988,129,-4,9,-1,9,45,-870,-1094,114,-4,16,3,38,24,-24,-1020,1194,-1,13,-1,17,1,-6,-1098,97,-3,15,1,16
1.3200,11,-9,-1143,70,-177,-1,-31,32,9,-4,-1144,35,12,-726,-7,24,7,-27,-1141,68,16,0,-8,42,12,-7,-1155,36,27,7,-197,22,1160,-48,-1132,86,-1,10,-3,15,47,-1190,-1150,56,-3,18,7,37,19,-20,-1137,827,3,24,2,17,6,-6,-1150,42,-4,9,4,16
1.3400,8,-2,-1158,0,1023,2,-38,20,9,-2,-1090,-24,5,-1127,-5,26,3,-27,-1160,4,8,10,-10,1111,6,-1,-1105,-28,30,9,-1123,14,1208,-53,-1161,17,-5,9,0,7,52,-1211,-1140,-8,-1,15,4,45,10,-9,-1160,-404,3,18,5,16,4,-4,-1133,-25,-5,12,3,15
1.3600,6,-3,-364,-46,1162,20,-26,21,4,-3,95,-61,-7,-1165,-9,18,1,-27,-377,-46,5,8,2,1192,4,1,85,-60,21,12,-1181,9,1212,-34,-431,-34,-2,18,2,8,20,-1217,50,-44,1,14,3,34,5,-10,-481,-794,-2,15,5,15,5,-7,68,-58,-1,15,3,14
1.3800,1,2,385,-59,1185,31,-15,21,-2,3,666,-54,-22,-1169,0,11,-2,-13,382,-60,2,13,14,1198,3,1,655,-50,10,10,-1190,-1,1210,-1,360,-48,-4,15,6,10,3,-1211,634,-45,-7,15,7,34,2,-6,369,-1157,-1,12,6,16,0,5,644,-55,-2,16,2,12
1.4000,4,0,1019,-50,1197,39,-13,26,1,2,1256,-36,-31,-322,-2,15,-1,-24,1012,-47,7,18,20,1209,-2,4,1254,-35,18,12,-506,-8,1210,8,984,-44,-6,19,9,12,-4,-619,1245,-35,-1,14,2,40,-1,2,998,-1147,1,20,6,12,-2,5,1249,-42,-3,13,5,12
1.4200,-2,4,1206,-22,-69,45,-27,22,3,5,1190,-11,-36,473,6,17,-3,-33,1204,-20,6,20,20,-136,3,2,1185,-7,32,13,401,-12,-209,-2,1206,-21,-6,14,3,15,5,459,1192,-4,-1,19,3,62,-4,3,1210,-1103,0,15,-2,12,-3,0,1191,-14,5,15,1,17
1.4400,-1,6,1186,8,-629,44,-33,19,1,5,1193,26,-31,1038,5,14,-3,-49,1180,9,1,21,23,-695,3,7,1197,26,38,15,917,-15,-826,-8,1186,8,-3,13,5,17,16,1005,1196,24,5,15,3,64,-3,7,1184,-1085,1,19,-3,9,-3,5,1202,24,2,16,1,17
1.4600,0,2,1220,46,-1196,38,-44,20,3,6,1251,58,-24,1221,2,20,-2,-47,1214,48,1,18,16,-1203,5,-1,1250,58,53,14,1223,-4,-1271,-26,1214,45,2,12,-3,14,38,1257,1248,58,-3,15,5,70,1,9,1217,-1098,3,15,2,18,3,0,1248,54,3,13,2,20
1.4800,4,2,1279,63,-1226,26,-65,16,6,2,1296,64,-19,1248,2,20,-4,-60,1275,65,0,17,14,-1194,10,-6,1295,69,67,14,1246,1,-1266,-60,1278,70,0,10,5,9,70,1284,1297,69,-4,19,5,82,4,2,1278,-1149,-2,12,-2,11,6,-3,1295,64,1,16,3,18
1.5000,0,2,1243,56,-1258,12,-79,17,6,-5,1312,44,-3,1278,2,24,-4,-74,1246,53,-7,14,6,-1231,12,-6,1307,49,87,11,1268,8,-1300,-86,1260,62,-6,11,3,6,84,1301,1305,50,-2,13,4,86,3,5,1254,-1210,-6,15,0,18,10,-4,1306,43,-4,15,1,16
1.5200,0,-2,1342,25,-1277,2,-92,11,3,-4,1355,13,6,1317,2,20,-1,-74,1344,30,-9,18,1,-1245,7,-2,1352,8,101,14,1319,20,-1344,-96,1340,32,-4,10,4,8,100,1348,1355,8,-6,13,3,92,6,3,1348,-1230,-2,11,0,19,6,-7,1348,10,1,12,0,19
1.5400,2,-4,1352,-3,-1310,-6,-113,14,7,-6,1348,-6,17,1325,2,19,-8,-83,1356,-1,-8,10,-8,-1298,10,0,1348,-5,124,12,1297,29,-1350,-106,1356,9,-1,12,1,7,107,-107,1345,-3,0,9,0,99,12,-6,1354,-1273,2,12,-1,11,9,-5,1357,-12,3,10,-3,20
1.5600,5,-5,882,-8,716,-11,-135,16,7,-7,-751,-2,24,-830,4,19,-8,-100,921,-7,-1,10,-21,-1001,7,1,-734,-10,141,13,-942,38,883,-110,938,1,-3,13,4,7,115,-1108,-729,-1,-3,10,8,103,14,-10,957,-1297,0,12,-3,18,13,-5,-740,-10,4,10,-3,24
1.5800,12,-6,-1001,0,1132,-20,-154,16,5,-10,-1098,5,37,-1126,-3,20,-12,-103,-995,-1,0,11,-26,1010,9,-5,-1099,2,156,10,-1161,43,1166,-113,-995,4,-1,9,6,5,111,-1199,-1097,13,-5,10,6,112,12,-11,-994,-1274,3,9,-3,19,8,-7,-1098,5,5,13,0,21
1.6000,10,-6,-1153,10,1185,-35,-160,17,13,-10,-1176,14,48,-1170,-5,20,-12,-103,-1154,7,6,8,-40,1179,3,-1,-1172,9,161,9,-1187,55,1204,-113,-1152,18,1,14,0,0,113,-1209,-1171,18,3,9,5,115,17,-13,-1153,945,1,7,-3,17,12,-7,-1175,11,-1,11,-7,21
1.6200,9,-5,-1187,16,1184,-44,-158,22,10,-6,-1190,20,57,-1166,-2,21,-9,-102,-1181,19,3,8,-52,1201,8,1,-1200,28,152,17,-1187,68,1211,-110,-1186,19,4,6,-1,-1,100,-1212,-1194,30,2,7,6,113,12,-14,-1184,1172,3,8,2,18,9,-7,-1197,20,6,8,-4,23
1.6400,10,-12,-1209,34,1186,-58,-141,23,9,-9,-1212,44,74,-1169,1,23,-13,-92,-1205,31,1,6,-61,1198,10,0,-1216,44,124,19,-1186,76,1206,-96,-1207,38,5,11,4,-1,88,-1212,-1213,47,6,10,10,86,17,-12,-1207,1216,3,11,-9,22,8,-11,-1212,36,3,11,-3,24
1.6600,14,-7,-1181,46,1187,-70,-96,15,14,-10,-1144,56,84,-1171,8,21,-13,-60,-1181,48,-2,7,-68,1199,8,0,-1146,58,70,22,-1196,88,1207,-72,-1188,50,7,12,-3,-5,55,-1205,-1145,56,6,10,11,53,16,-12,-1186,1221,6,9,-3,21,11,-13,-1145,58,5,12,-5,21
1.6800,12,-10,-1106,60,883,-82,-36,14,12,-11,-1048,59,96,-281,9,22,-16,-25,-1110,61,-8,8,-82,1029,17,6,-1049,60,-1,27,-292,90,1000,-42,-1111,65,6,8,-4,-2,24,-736,-1054,58,6,12,13,16,13,-9,-1122,1223,2,8,-1,27,10,-8,-1051,57,4,11,-4,22
1.7000,15,-11,-970,53,-55,-85,44,6,8,-7,-874,44,99,259,17,22,-16,18,-967,53,-14,6,-84,22,16,11,-872,42,-78,30,256,101,47,-8,-966,56,10,11,-2,-2,-11,63,-880,50,6,7,19,-33,15,-13,-987,571,1,8,-2,20,10,-10,-879,45,-1,6,-1,23
1.7200,10,-13,-747,31,-359,-87,121,0,10,-8,-614,22,99,493,22,24,-12,66,-753,37,-20,7,-92,-302,12,15,-616,19,-152,33,480,104,-307,28,-754,32,6,9,-5,1,-48,352,-620,25,3,9,19,-77,8,-8,-768,-143,7,9,-4,22,8,-8,-624,23,10,9,-1,21
1.7400,10,-3,-468,14,-586,-86,196,-2,9,-5,-333,6,89,916,20,22,0,113,-475,15,-25,5,-92,-512,9,17,-338,4,-228,39,901,101,-505,64,-473,15,6,7,-5,6,-85,570,-335,4,2,7,17,-116,9,-8,-480,-462,9,11,-5,23,11,-8,-340,0,5,4,-6,26
1.7600,8,-9,-205,-8,-1145,-77,260,-4,9,-11,-102,-8,78,1224,22,23,13,152,-210,-2,-25,8,-81,-1012,13,16,-105,-10,-281,35,1213,101,-898,104,-216,-2,3,2,-3,20,-119,1087,-102,-6,1,6,19,-151,14,-5,-201,-1141,5,4,-2,23,8,-10,-106,-11,6,3,-7,24
1.7800,15,-8,7,-15,-1219,-63,305,-7,12,-14,115,-19,57,1237,20,21,26,180,1,-15,-20,7,-79,-1188,10,16,113,-17,-314,35,1217,95,-1227,134,-3,-15,3,10,-7,37,-142,1246,110,-20,4,13,21,-174,9,-6,16,-1223,8,5,-5,26,8,-8,110,-19,6,5,-6,21
1.8000,13,-6,235,-24,-1144,-34,322,-3,15,-6,355,-27,31,1175,12,24,42,190,233,-26,-15,11,-66,-1161,10,8,344,-32,-318,20,1087,68,-1212,153,230,-25,6,8,-5,54,-163,1214,344,-31,1,9,11,-178,9,-11,251,-1227,13,7,-8,26,10,-12,342,-31,9,10,-8,26
1.8200,12,0,465,-29,-1043,-3,324,11,11,-7,556,-23,-3,1111,-5,22,60,196,465,-32,-7,4,-39,-1051,11,5,554,-24,-318,18,1023,43,-1143,174,457,-29,7,7,-7,71,-187,1167,550,-23,-2,6,4,-173,8,-6,486,-1188,6,2,-5,24,11,-12,554,-30,7,11,-3,24
1.8400,10,-3,643,-15,-1015,38,307,19,13,-7,723,-6,-42,1108,-13,23,81,197,640,-22,3,5,-12,-1037,7,-13,715,-9,-289,1,1044,11,-1131,196,635,-19,4,3,-3,90,-203,1144,706,-9,-1,5,-7,-173,5,-8,657,-783,3,7,-4,22,13,-10,711,-10,8,8,-7,23
1.8600,14,-1,800,1,-1062,77,271,38,10,-7,889,14,-76,1172,-33,20,90,191,795,4,21,14,26,-1086,5,-27,875,14,-250,-22,1136,-20,-1146,209,787,2,3,9,-3,104,-210,1166,868,13,-4,4,-26,-156,12,-7,801,-386,3,5,-8,20,4,-7,878,13,10,10,-11,22
1.8800,13,10,961,24,-1168,111,229,62,9,-7,1030,31,-115,1237,-53,18,104,179,964,19,43,9,66,-1177,2,-47,1035,35,-205,-43,1223,-61,-1217,211,953,20,7,4,0,115,-212,1240,1018,31,-9,8,-37,-148,9,-3,946,-171,3,6,-6,17,9,-13,1028,32,9,12,-3,21
1.9000,7,8,1093,40,-1216,147,191,79,9,-5,1123,44,-149,1236,-77,18,102,170,1094,42,60,13,104,-1194,2,-59,1129,47,-163,-62,1224,-96,-1252,214,1083,40,7,8,-2,113,-209,1257,1118,47,-13,12,-57,-141,5,-9,1062,-131,6,8,-4,22,12,-4,1129,48,1,11,-7,19
1.9200,9,10,1144,56,-1219,177,142,97,5,-8,1124,71,-172,1237,-95,16,101,157,1139,57,82,11,131,-1198,0,-80,1124,63,-115,-83,1234,-123,-1254,206,1130,58,2,7,0,109,-192,1255,1119,63,-11,11,-77,-125,9,-4,1091,-235,3,6,-3,18,6,-4,1131,60,0,8,-5,21
1.9400,6,17,1066,76,-1224,190,89,112,9,-4,965,87,-182,1231,-111,15,85,133,1067,76,100,15,156,-1202,0,-88,968,82,-64,-98,1225,-139,-1260,176,1060,71,3,9,3,100,-161,1257,968,84,-19,11,-85,-94,11,-6,1011,-423,2,9,-3,21,14,-7,971,79,4,12,-4,17
1.9600,7,14,811,84,-1223,192,33,124,7,-6,622,86,-174,1225,-120,14,70,98,816,87,106,15,163,-1200,-4,-103,630,91,-4,-105,1222,-145,-1256,142,819,87,4,11,9,81,-119,1250,639,85,-19,12,-98,-62,9,-5,757,-649,1,12,-2,20,9,-6,640,88,4,9,0,23
1.9800,9,16,408,89,-1212,177,-29,127,10,-9,173,75,-152,1204,-120,14,54,61,408,88,113,17,156,-1186,-10,-104,186,77,66,-110,1209,-134,-1242,85,423,84,0,10,8,60,-60,1235,196,80,-20,11,-102,-10,1,1,363,-832,2,18,0,16,12,-3,193,76,3,8,-1,22
2.0000,8,14,-63,76,-1171,156,-102,124,11,-7,-292,67,-126,960,-112,10,21,0,-60,78,110,19,136,-1145,-9,-103,-285,63,123,-99,1058,-107,-1202,25,-45,71,3,10,17,30,5,1130,-272,65,-21,11,-93,50,6,-5,-92,-915,2,5,-1,20,5,-8,-276,64,0,5,-5,19
2.0200,9,9,-504,56,-862,116,-155,107,9,-10,-690,43,-85,639,-83,10,-10,-49,-500,56,98,25,111,-826,-18,-93,-689,38,177,-78,736,-73,-923,-34,-484,55,2,9,12,-2,58,844,-667,40,-11,8,-85,98,6,-4,-512,-885,3,10,-2,21,12,-6,-674,43,1,6,-5,18
2.0400,7,4,-852,29,-521,68,-204,91,8,-7,-977,19,-33,298,-58,3,-34,-97,-844,27,76,31,71,-491,-18,-73,-970,14,216,-54,372,-37,-617,-86,-836,34,-1,10,18,-28,110,516,-963,16,-7,14,-69,132,10,-6,-831,-719,0,7,-3,17,11,-8,-966,13,3,12,-2,20
2.0600,8,-3,-1072,0,-175,16,-238,64,5,-7,-1116,-19,19,-16,-32,1,-69,-128,-1066,4,46,26,29,-153,-7,-55,-1114,-16,231,-13,39,9,-316,-126,-1062,3,2,7,20,-57,140,219,-1112,-16,9,12,-58,164,8,-7,-1035,-477,-2,10,-1,19,10,-8,-1118,-15,3,10,-6,23
2.0800,5,-17,-1135,-38,128,-31,-474,24,8,-5,-1118,-78,67,-254,76,-2,-99,-155,-1133,-32,7,31,-52,133,-6,-25,-1115,-75,212,27,-233,62,-79,-151,-1130,-32,-2,6,39,-82,161,-4,-1113,-73,16,12,-52,185,4,-4,-1080,-218,2,11,-5,20,6,-7,-1115,-66,3,11,-2,25
2.1000,3,-29,-1057,-204,351,-85,-578,-34,9,-8,-968,-284,111,-419,204,-34,-117,-153,-1055,-195,-31,27,-182,344,-3,0,-963,-285,183,95,-428,230,89,-172,-1060,-196,-2,10,45,-169,171,-157,-971,-292,27,12,55,415,8,-1,-983,1,1,9,3,23,8,-7,-969,-291,5,11,5,24
2.1200,1,-42,-836,-284,490,-332,-366,-244,10,-9,-689,-275,145,-488,326,-47,-132,-147,-843,-286,-74,65,-272,470,2,33,-697,-278,139,380,-537,333,186,-175,-842,-290,-4,11,16,-450,177,-237,-692,-280,43,22,138,398,4,1,-758,147,1,13,-5,14,12,-5,-696,-280,4,14,0,14
2.1400,-1,-59,-519,-268,537,-471,-263,-328,6,-4,-353,-268,176,-495,428,-20,-146,-136,-523,-269,-111,71,-340,523,16,64,-357,-264,90,444,-568,374,211,-180,-529,-267,-6,15,-8,-394,184,-247,-360,-270,57,25,212,321,10,-3,-438,205,1,17,-2,15,7,-5,-365,-266,3,19,0,18
2.1600,0,-69,-188,-265,521,-479,-188,-400,7,-2,-40,-258,187,-461,518,-11,-147,-128,-187,-264,-144,49,-401,516,25,93,-46,-258,50,515,-544,418,204,-187,-197,-268,-7,10,-38,-388,193,-234,-48,-259,71,26,277,323,5,3,-108,208,-3,12,-7,16,8,-8,-45,-260,6,15,1,19
2.1800,-5,-79,96,-250,483,-512,-158,-479,10,0,210,-241,217,-431,595,8,-145,-127,94,-250,-171,31,-441,491,40,112,206,-237,26,581,-518,446,209,-193,86,-247,-14,16,-73,-394,197,-242,201,-236,93,30,343,345,8,-3,170,184,5,12,-2,11,10,-6,206,-237,4,12,-1,15
2.2000,-8,-87,319,-223,430,-534,-146,-531,4,1,404,-196,568,-414,635,33,-124,-128,312,-218,-286,7,-458,472,56,128,396,-191,52,627,-488,453,219,-198,310,-219,-16,11,-110,-380,203,-263,399,-188,273,34,398,392,7,-2,375,170,4,14,3,17,12,-8,397,-197,3,12,-6,11
2.2200,-5,-94,475,-159,406,-527,-149,-559,9,5,522,-128,461,-436,644,63,-103,-134,467,-156,-613,-21,-450,483,65,165,516,-119,59,643,-490,441,279,-210,467,-157,-55,9,-140,-341,201,-336,519,-128,249,40,430,413,9,0,516,192,-4,14,0,17,6,-7,517,-128,-6,11,-2,11
2.2400,-6,-155,544,-83,430,-489,-166,-565,8,35,537,-41,339,-492,625,108,-83,-221,540,-81,-484,-56,-418,516,76,458,539,-37,101,625,-522,397,382,-413,535,-86,-45,13,-179,-280,195,-456,532,-39,212,46,449,419,11,-3,558,276,-2,16,-6,12,7,-2,543,-38,0,14,4,18
2.2600,-8,-230,514,4,481,-422,-197,-530,9,29,476,53,272,-552,574,140,-49,-344,512,3,-433,-93,-360,582,84,352,474,56,136,573,-569,335,497,-481,513,4,-37,12,-208,-197,173,-570,478,52,203,55,449,399,9,0,507,386,4,19,2,16,10,2,476,52,3,14,-1,20
2.2800,-8,-171,418,107,537,-336,-203,-469,8,32,361,155,202,-603,488,176,-9,-259,421,106,-382,-135,-288,634,85,301,369,150,147,494,-605,255,593,-352,423,96,-38,12,-233,-105,150,-665,365,150,184,57,420,347,8,-7,380,516,7,16,2,14,3,-7,369,153,4,16,5,18
2.3000,-1,-139,305,203,587,-244,-203,-384,11,38,249,249,133,-641,388,211,31,-204,307,197,-329,-171,-198,663,87,278,249,246,145,392,-627,175,669,-296,303,199,-36,12,-243,-4,108,-736,250,244,152,62,384,280,5,-2,232,612,-1,15,2,11,4,-8,251,241,0,14,-2,18
2.3200,2,-99,202,284,612,-145,-191,-280,8,37,153,309,54,-613,272,238,69,-151,195,280,-242,-199,-115,663,90,246,153,305,128,277,-618,92,708,-224,193,284,-18,11,-240,95,66,-756,147,306,101,61,326,204,6,-4,90,662,-1,15,0,16,6,-6,150,313,2,14,-1,15
2.3400,12,-60,106,325,586,-47,-174,-173,5,32,72,320,-22,-539,147,254,123,-88,110,324,-140,-223,-37,609,145,199,72,317,105,153,-553,21,684,-145,110,318,-9,16,-234,183,48,-708,73,320,38,57,267,127,12,-9,-10,646,3,9,-3,15,10,-5,76,320,1,15,2,19
2.3600,32,3,39,302,513,27,-144,-65,-4,26,13,276,-97,-417,26,258,375,-22,45,303,-35,-227,25,493,148,144,13,274,85,34,-437,-34,600,-58,35,302,16,16,-210,270,-74,-601,6,273,-24,50,200,47,8,-6,-75,567,2,11,-2,15,2,-7,12,286,2,11,-3,22
2.3800,59,63,-11,239,394,90,-135,38,1,15,-19,199,-154,-264,-84,245,372,45,-13,237,70,-225,69,344,83,76,-22,194,75,-85,-287,-82,480,24,-9,245,38,21,-168,331,-147,-459,-23,203,-93,33,125,-1,7,-2,-111,446,3,12,-1,22,9,-6,-20,205,-3,11,-1,13
2.4000,81,124,-22,158,239,133,-124,136,-1,-2,-21,114,-201,-93,-194,219,400,84,-24,159,174,-209,104,175,41,9,-20,111,71,-187,-122,-110,325,94,-23,160,68,20,-122,384,-207,-286,-18,113,-156,21,49,-40,12,-4,-99,314,4,11,-1,15,10,-9,-17,118,-2,14,-2,17
2.4200,106,185,-13,72,68,173,-122,226,-12,-23,-8,36,-233,74,-282,185,435,114,-13,70,264,-174,134,-2,0,-60,-7,33,81,-268,40,-122,168,170,-14,73,99,21,-74,417,-254,-113,-9,33,-222,1,-21,-65,9,-2,-45,186,7,16,3,15,9,-4,-6,37,-2,15,1,18
2.4400,132,238,-10,1,-92,198,-128,295,-10,-39,-17,-25,-259,211,-355,136,467,133,-7,4,335,-134,150,-148,-43,-128,-22,-23,89,-341,181,-137,23,222,-9,3,120,26,-15,441,-300,38,-22,-25,-263,-20,-87,-77,14,-9,-10,86,-2,14,-1,18,3,-11,-20,-16,1,14,-7,18
2.4600,150,276,-40,-41,-219,224,-130,349,-6,-67,-73,-59,-276,306,-414,81,478,138,-43,-39,381,-85,168,-272,-96,-181,-71,-56,96,-404,512,-157,-105,274,-42,-41,141,26,42,447,-338,165,-68,-59,-302,-46,-144,-82,10,-7,-14,26,3,15,0,25,10,-8,-69,-53,0,10,-3,18
2.4800,169,312,-108,-61,-316,243,-116,386,-15,-90,-140,-69,-284,370,-457,24,479,145,-107,-62,419,-26,180,-415,-149,-231,-139,-69,80,-440,1074,-169,-195,306,-103,-59,161,35,101,450,-377,256,-135,-70,-331,-66,-197,-90,10,-4,-63,-98,-2,13,2,16,10,-5,-138,-65,1,13,0,16
2.5000,182,330,-173,-71,-375,259,-84,416,-14,-114,-229,-76,-296,686,-484,-34,461,147,-173,-70,438,37,200,-1130,-204,-260,-220,-79,44,-466,1040,-179,-265,343,-169,-70,177,33,154,435,-406,325,-224,-73,-347,-95,-236,-107,9,-6,-124,-168,0,17,0,23,8,-10,-213,-75,3,15,1,20
2.5200,185,338,-334,-69,-401,273,-42,429,-21,-130,-649,-73,-296,1170,-498,-91,437,155,-321,-73,449,95,209,-980,-237,-292,-627,-72,2,-485,1050,-192,-306,364,-324,-70,181,39,196,411,-425,366,-634,-67,-344,-115,-275,-121,7,-2,-207,-135,0,18,-5,18,4,-9,-517,-73,0,17,4,16
2.5400,184,334,-657,-72,-398,280,4,436,-27,-148,-604,-61,-292,899,-498,-143,398,158,-664,-74,448,146,218,-887,-274,-321,-611,-65,-48,-479,1026,-196,-314,373,-654,-74,175,44,237,381,-427,381,-609,-66,-338,-130,-310,-121,7,-4,-556,-145,2,15,-3,14,9,-4,-623,-67,6,9,2,17
2.5600,176,318,-565,-62,-370,285,60,427,-27,-158,-539,-51,-294,847,-491,-184,353,162,-570,-59,431,196,220,-881,-292,-327,-540,-53,-102,-472,995,-195,-306,369,-571,-59,160,49,267,344,-418,380,-543,-53,-322,-138,-321,-128,6,-6,-482,-186,3,14,-3,18,6,-9,-537,-47,-2,12,1,15
2.5800,148,297,-510,-42,-440,285,105,413,-22,-156,-463,-29,-286,806,-468,-224,301,161,-510,-44,416,232,218,-831,-303,-334,-464,-33,-138,-449,938,-196,-287,358,-512,-42,140,44,285,294,-397,362,-470,-32,-291,-147,-327,-126,11,-9,-406,-224,1,13,1,18,8,-11,-461,-32,-2,10,0,19
2.6000,123,268,-396,-18,-832,280,144,388,-26,-158,-325,-7,-284,743,-432,-246,251,158,-397,-18,389,260,210,-752,-305,-338,-323,-10,-175,-420,832,-186,-261,340,-403,-19,115,46,294,240,-371,335,-328,-14,-257,-142,-327,-124,13,-10,-309,-250,4,15,1,18,10,-4,-319,-3,4,12,-3,19
2.6200,96,236,-247,4,-520,269,176,351,-22,-142,-181,13,-268,636,-389,-253,204,141,-243,2,358,279,192,-630,-304,-325,-184,12,-197,-375,694,-165,-227,312,-247,1,79,43,299,191,-338,378,-181,8,-224,-131,-325,-113,10,-5,-168,-251,-3,14,0,20,8,0,-181,16,-3,10,4,22
2.6400,58,201,-130,24,-356,253,186,317,-9,-128,-103,33,-251,522,-342,-256,157,135,-129,21,318,287,177,-485,-289,-309,-103,33,-205,-333,566,-144,-181,290,-129,28,45,31,290,143,-313,628,-106,30,-183,-111,-308,-101,7,-5,-80,-239,1,14,-5,14,12,-4,-99,30,-1,13,-2,16
2.6600,23,161,-109,36,-277,225,190,273,-1,-105,-134,48,-222,385,-287,-251,107,126,-113,41,274,284,141,-355,-274,-295,-136,41,-210,-272,437,-112,-150,271,-108,42,8,25,277,90,-283,406,-131,44,-145,-90,-293,-89,11,-4,-83,-227,-4,11,-5,16,3,-9,-128,46,1,12,-6,14
2.6800,-14,122,-181,48,-179,195,193,229,13,-78,-235,46,-184,231,-223,-238,64,112,-177,50,226,274,106,-210,-253,-271,-232,48,-205,-215,300,-75,-109,247,-176,47,-26,8,253,38,-261,293,-230,49,-101,-59,-265,-78,9,-7,-164,-218,-2,13,-4,17,7,-6,-225,50,-3,12,0,12
2.7000,-47,82,-305,43,-50,157,185,173,28,-48,-381,37,-141,100,-155,-220,18,104,-300,42,177,255,73,-72,-224,-242,-374,34,-190,-145,168,-29,-70,233,-298,45,-64,-5,229,-8,-236,212,-372,38,-60,-27,-230,-67,4,-7,-302,-223,-3,13,2,17,8,-5,-370,34,0,14,3,15
2.7200,-78,48,-458,26,71,108,165,116,45,-15,-539,10,-90,-35,-88,-193,-22,95,-458,26,120,236,30,51,-194,-210,-528,10,-179,-75,53,8,-21,214,-452,21,-96,-17,201,-47,-219,143,-525,11,-14,4,-195,-61,8,-7,-451,-245,3,11,0,25,9,-4,-527,16,0,9,-1,16
2.7400,-107,0,-607,-5,207,54,160,60,61,16,-667,-21,-40,-159,-10,-172,-68,85,-604,-7,67,214,-12,162,-157,-174,-667,-21,-154,0,-63,51,145,187,-595,-5,-120,-38,172,-95,-197,26,-660,-15,29,34,-156,-46,7,-7,-591,-264,-4,16,-2,17,1,-6,-665,-18,0,16,1,15
2.7600,-127,-37,-714,-33,341,7,136,4,77,44,-752,-49,14,-265,63,-139,-105,67,-717,-36,1,179,-57,267,-127,-133,-752,-48,-130,76,-176,87,253,161,-712,-33,-153,-55,134,-137,-160,-102,-748,-43,66,67,-116,-22,6,-12,-676,-259,-2,13,3,17,5,-4,-741,-47,-2,14,-2,17
2.7800,-153,-73,-769,-60,445,-34,99,-51,93,76,-757,-75,59,-332,132,-118,-148,45,-766,-60,-56,157,-91,357,-89,-95,-758,-73,-92,142,-259,119,350,131,-763,-60,-169,-69,99,-172,-136,-209,-757,-70,106,98,-69,1,7,-8,-698,-228,3,12,-2,14,8,-3,-760,-73,1,15,0,13
2.8000,-158,-107,-732,-84,510,-73,66,-98,102,95,-685,-97,91,-364,197,-89,-187,22,-732,-83,-103,135,-121,410,-56,-52,-683,-94,-58,202,-308,142,427,100,-732,-82,-179,-86,55,-213,-98,-304,-686,-94,141,118,-33,19,4,-5,-639,-184,-3,9,-1,18,5,-2,-687,-98,2,12,0,20
2.8200,-171,-146,-620,-106,519,-101,30,-146,112,113,-542,-102,118,-370,254,-65,-219,-1,-616,-103,-152,105,-130,430,-11,-13,-541,-107,-19,259,-336,155,483,66,-619,-100,-185,-97,15,-243,-66,-377,-543,-103,176,144,10,55,4,-2,-501,-124,1,13,0,19,10,-2,-547,-100,-3,11,-1,12
2.8400,-174,-174,-458,-103,496,-124,-10,-186,114,131,-385,-90,139,-344,296,-35,-258,-36,-463,-103,-190,76,-139,427,25,19,-388,-91,21,303,-317,161,506,25,-464,-98,-192,-98,-26,-274,-18,-421,-385,-93,211,155,47,89,5,-10,-331,-53,1,15,-1,16,9,-4,-387,-91,1,15,-1,12
2.8600,-170,-200,-309,-76,425,-137,-43,-223,111,141,-258,-57,151,-279,334,-2,-286,-72,-317,-77,-226,48,-143,387,69,57,-256,-60,61,340,-265,161,480,-17,-317,-78,-190,-100,-73,-300,28,-413,-255,-61,235,169,86,117,8,-2,-196,24,3,12,-3,20,7,-4,-258,-57,-2,11,3,19
2.8800,-165,-229,-209,-33,315,-140,-77,-240,103,146,-168,-16,160,-197,362,29,-310,-93,-207,-36,-253,14,-141,313,114,93,-168,-16,87,368,-189,153,425,-59,-212,-39,-184,-95,-116,-324,67,-382,-170,-17,259,171,112,133,9,-4,-120,80,-4,10,-5,18,4,-4,-173,-18,-3,10,2,19
2.9000,-158,-249,-141,1,204,-146,-113,-261,97,156,-113,22,162,-101,386,59,-320,-119,-138,6,-276,-15,-135,223,154,121,-118,17,113,394,-97,148,335,-106,-141,4,-173,-84,-157,-331,113,-323,-109,18,272,175,146,158,5,0,-91,100,-2,11,0,19,6,-7,-114,23,-2,17,0,18
2.9200,-150,-262,-94,33,98,-152,-134,-274,85,156,-76,47,158,-13,394,96,-326,-133,-95,34,-281,-55,-130,134,187,146,-74,42,137,405,-14,141,226,-149,-98,32,-166,-75,-193,-333,162,-250,-72,46,282,181,173,168,12,-4,-99,100,-2,13,1,16,8,-3,-75,45,-3,12,0,16
2.9400,-141,-273,-54,54,-2,-151,-150,-280,65,144,-37,54,161,70,396,130,-320,-147,-53,51,-291,-89,-125,41,218,171,-36,55,144,403,62,140,115,-189,-58,50,-151,-54,-226,-329,206,-168,-37,54,290,175,198,179,10,-4,-96,57,0,15,-4,18,9,-5,-33,53,-1,15,-2,17
2.9600,-120,-278,-6,56,-81,-150,-154,-284,42,144,35,50,161,140,390,160,-310,-155,-1,57,-293,-119,-122,-42,236,190,37,49,157,402,124,140,8,-231,-7,54,-135,-36,-256,-317,250,-79,28,51,292,169,216,184,5,-5,-71,7,0,14,1,16,8,-4,29,52,0,15,-2,23
2.9800,-111,-282,86,41,-146,-149,-163,-281,29,139,145,36,157,180,379,196,-292,-152,84,43,-291,-154,-117,-110,259,199,146,36,156,388,158,138,-97,-273,78,51,-119,-15,-277,-296,287,4,139,38,286,162,228,185,7,-8,13,-47,-6,10,-1,21,5,-7,145,40,-3,16,-2,15
3.0000,-90,-270,221,29,-183,-148,-165,-276,8,130,307,22,163,221,358,224,-269,-149,219,28,-287,-177,-119,-160,268,208,306,25,154,367,180,135,-189,-304,213,29,-100,8,-288,-270,319,69,300,21,273,151,237,179,5,-4,155,-95,-2,14,-4,21,4,-5,304,26,-1,14,1,21
3.0200,-71,-254,403,21,-211,-145,-155,-258,-16,115,495,15,157,241,333,247,-235,-142,403,14,-273,-205,-113,-191,275,209,490,13,149,338,194,128,-268,-332,396,21,-78,30,-296,-231,340,128,481,13,254,135,235,165,9,-5,351,-130,0,14,-5,11,2,-2,488,13,-1,15,-4,17
3.0400,-45,-229,586,16,-224,-141,-143,-243,-34,111,660,12,151,258,296,259,-199,-136,585,10,-255,-228,-114,-218,268,216,659,11,139,305,199,119,-339,-346,580,14,-53,48,-289,-198,350,179,655,17,230,125,232,151,9,-3,546,-135,-2,15,4,17,2,-1,657,17,0,15,0,14
3.0600,-28,-201,716,21,-225,-135,-131,-212,-49,92,745,23,147,253,257,272,-162,-120,713,19,-232,-238,-103,-222,259,201,751,24,118,266,193,119,-394,-361,711,20,-29,70,-279,-157,353,214,744,26,201,114,227,129,8,-6,688,-113,-2,14,-3,14,6,-8,749,21,-2,16,-3,15
3.0800,-3,-179,760,31,-226,-129,-114,-189,-64,81,750,33,134,257,212,275,-120,-94,762,35,-204,-248,-98,-229,235,193,754,31,98,222,185,118,-433,-352,757,23,1,80,-265,-111,337,243,754,33,161,94,214,100,7,-5,728,-86,-5,12,0,18,2,-1,753,34,3,7,0,17
3.1000,24,-141,727,36,-233,-113,-89,-162,-79,59,688,40,124,260,167,273,-80,-71,723,40,-178,-248,-88,-232,210,181,688,37,70,182,199,106,-473,-332,722,38,28,97,-239,-62,316,275,686,40,126,80,202,72,3,-6,688,-67,-6,15,1,17,9,-3,690,35,3,12,0,22
3.1200,53,-110,634,40,-234,-106,-50,-134,-85,42,576,39,109,254,125,261,-30,-38,636,40,-147,-238,-81,-238,180,162,581,40,32,136,197,95,-496,-299,638,37,53,107,-209,-15,285,294,581,38,85,56,181,41,1,-7,601,-66,-1,11,2,14,4,-6,587,40,3,17,3,19
3.1400,77,-71,520,45,-230,-89,-16,-106,-93,21,452,39,90,245,80,242,9,-8,517,41,-118,-221,-77,-233,154,149,460,39,-1,97,188,84,-501,-263,520,35,78,114,-173,25,245,297,460,42,42,35,160,7,3,-8,478,-71,1,12,1,16,5,-4,462,42,-1,17,-2,19
3.1600,103,-31,395,41,-214,-69,15,-72,-95,-2,342,40,69,223,43,210,47,18,396,42,-91,-193,-64,-221,116,133,340,42,-33,53,182,70,-486,-217,400,40,108,115,-138,64,193,288,339,42,3,9,139,-24,8,-8,356,-93,0,13,1,14,3,-7,342,37,-3,16,-1,16
3.1800,123,-1,292,41,-193,-46,47,-42,-99,-26,259,37,43,194,0,178,89,55,292,41,-62,-169,-46,-202,81,111,260,37,-61,19,157,52,-447,-165,296,38,133,116,-93,107,138,257,257,36,-32,-11,119,-53,2,-8,259,-102,6,11,1,13,7,-8,260,38,-1,12,-1,15
3.2000,142,35,234,37,-157,-24,72,-15,-97,-48,222,32,17,136,-33,149,120,83,229,37,-30,-139,-26,-170,46,88,221,36,-89,-22,124,41,-384,-111,233,35,151,121,-61,135,91,200,219,40,-60,-38,97,-80,7,-11,204,-107,0,13,-3,14,1,-4,219,40,-1,13,-2,15
3.2200,154,60,212,36,-109,9,97,16,-92,-71,197,30,-7,84,-71,111,150,103,214,34,5,-102,-14,-125,12,67,206,37,-109,-56,76,20,-302,-64,214,31,159,121,-19,170,36,135,202,39,-87,-56,73,-92,5,-9,182,-98,0,16,-1,20,-1,-5,204,37,0,20,0,17
3.2400,164,93,183,37,-52,32,116,44,-91,-90,157,42,-34,22,-103,81,177,114,184,39,34,-68,4,-71,-22,44,162,37,-122,-92,26,5,-211,-14,188,35,176,121,15,197,-14,59,161,34,-117,-85,49,-103,11,-10,164,-72,-2,16,3,18,8,-3,162,38,1,14,3,16
3.2600,168,111,128,35,9,59,125,76,-88,-106,78,36,-56,-38,-133,53,199,122,126,39,59,-33,17,-25,-50,27,79,36,-126,-115,-22,-3,-115,37,130,37,178,113,40,218,-57,-26,85,40,-135,-100,28,-114,9,-1,112,-36,-5,12,-1,19,3,-4,85,39,-3,15,2,16
3.2800,166,130,26,39,69,71,127,99,-82,-125,-31,32,-68,-103,-154,18,214,125,31,37,85,-2,33,33,-76,4,-29,33,-128,-135,-75,-13,-10,73,27,39,172,111,75,239,-94,-114,-28,37,-151,-121,10,-109,8,-8,22,2,3,13,0,17,5,-2,-27,36,0,14,6,15
3.3000,158,141,-95,28,134,88,121,124,-79,-137,-157,25,-75,-152,-167,-16,223,116,-95,27,102,27,39,81,-93,-9,-157,30,-122,-150,-118,-25,87,100,-91,32,163,97,96,249,-123,-191,-151,28,-165,-127,-12,-100,-1,-3,-97,24,0,18,-6,16,2,-6,-155,32,1,18,0,16
3.3200,148,148,-223,26,184,94,119,136,-67,-148,-284,17,-90,-196,-173,-34,233,106,-221,23,122,52,43,115,-110,-25,-281,20,-112,-162,-162,-25,176,131,-214,27,147,90,117,251,-142,-263,-275,18,-167,-137,-22,-89,5,-6,-219,53,1,13,4,17,5,-2,-282,21,3,16,4,14
3.3400,134,157,-344,9,234,99,100,153,-61,-146,-394,5,-89,-220,-181,-53,235,94,-343,10,133,70,47,150,-118,-34,-391,9,-96,-169,-184,-30,253,150,-335,15,134,84,132,254,-159,-320,-385,6,-165,-137,-41,-66,2,-7,-331,64,1,17,-2,14,2,-1,-394,7,-5,16,2,12
3.3600,115,146,-439,-2,258,100,82,160,-49,-145,-473,-9,-94,-235,-189,-70,227,73,-432,1,148,90,51,161,-132,-47,-466,-7,-79,-169,-198,-29,320,161,-432,-2,116,72,145,248,-163,-365,-461,-7,-160,-141,-52,-51,8,-3,-420,68,-3,20,2,16,7,-6,-469,-9,0,17,0,16
3.3800,96,145,-485,-15,281,99,59,163,-35,-144,-492,-23,-88,-233,-179,-77,219,55,-483,-17,151,103,51,176,-137,-61,-494,-18,-51,-171,-201,-41,360,161,-483,-17,90,66,145,231,-163,-388,-485,-24,-150,-135,-67,-28,5,-3,-456,74,1,11,2,19,5,-7,-491,-23,0,16,-3,14
3.4000,71,135,-474,-26,277,100,38,172,-30,-139,-456,-31,-87,-221,-175,-85,202,34,-475,-27,150,112,54,178,-135,-72,-455,-24,-22,-168,-187,-40,391,160,-476,-27,69,46,149,219,-156,-395,-457,-31,-147,-126,-76,-11,7,-8,-436,80,-1,11,6,17,7,-6,-457,-27,-1,14,1,16
3.4200,50,128,-420,-30,255,90,15,172,-8,-123,-380,-21,-90,-191,-175,-92,182,12,-423,-31,156,118,59,161,-130,-80,-380,-26,3,-158,-166,-40,404,150,-421,-25,44,37,146,198,-146,-387,-382,-22,-137,-115,-80,21,2,-3,-377,88,-2,14,2,19,2,-1,-381,-21,3,17,-2,18
3.4400,27,117,-333,-18,235,95,-17,167,5,-110,-290,-11,-84,-163,-166,-91,164,-15,-337,-21,159,120,69,156,-121,-88,-292,-9,27,-150,-148,-45,406,135,-339,-20,20,17,138,173,-127,-370,-286,-15,-125,-100,-89,45,6,-6,-298,110,-2,15,2,14,5,2,-295,-13,0,17,3,19
3.4600,9,107,-247,-2,208,91,-39,167,24,-97,-207,5,-77,-138,-153,-93,142,-37,-250,-2,151,118,64,138,-114,-93,-206,9,46,-144,-113,-49,395,120,-246,-1,-6,0,128,148,-112,-340,-209,5,-111,-81,-96,65,10,-7,-225,133,1,10,-3,16,4,-3,-202,5,-4,15,1,20
3.4800,-12,95,-166,15,168,79,-66,160,36,-78,-138,26,-67,-104,-146,-90,116,-61,-169,13,150,118,63,115,-101,-93,-133,19,71,-131,-90,-46,372,97,-171,19,-23,-14,120,125,-88,-305,-138,28,-98,-63,-94,83,4,-7,-167,159,-3,10,-4,18,8,-2,-142,29,2,13,0,22
3.5000,-30,88,-106,40,132,73,-84,155,49,-58,-84,50,-59,-63,-135,-87,96,-66,-109,31,147,114,67,97,-88,-90,-87,46,84,-117,-55,-45,338,80,-108,37,-41,-26,101,100,-65,-250,-86,45,-81,-41,-91,96,3,-1,-123,176,0,8,-1,14,5,-2,-87,47,0,10,3,13
3.5200,-46,72,-70,55,93,63,-99,146,62,-42,-61,60,-46,-33,-118,-84,74,-80,-65,53,137,112,63,80,-69,-86,-62,63,94,-103,-27,-41,292,53,-70,56,-51,-44,84,79,-44,-202,-55,60,-71,-20,-89,110,8,-5,-107,175,-2,11,5,15,8,-3,-59,61,-5,11,1,12
3.5400,-59,62,-52,65,57,54,-104,136,71,-27,-42,69,-35,3,-102,-73,50,-97,-51,63,126,108,59,60,-52,-84,-46,72,103,-88,3,-43,238,32,-50,67,-70,-57,64,56,-28,-142,-42,66,-63,-8,-85,117,6,-4,-105,167,-2,17,3,17,2,-7,-45,68,1,14,-1,19
3.5600,-63,51,-34,67,23,48,-108,127,84,-13,-28,62,-27,35,-86,-65,32,-101,-39,64,115,102,51,33,-28,-80,-28,63,99,-74,31,-33,179,13,-32,70,-72,-64,46,35,-4,-79,-29,67,-48,13,-78,118,1,-5,-99,141,-1,13,-2,16,9,-4,-25,72,-5,13,4,24
3.5800,-71,41,-11,64,-7,35,-107,116,91,6,11,52,-19,73,-79,-53,14,-110,-13,57,101,91,51,15,-18,-74,11,52,99,-60,57,-25,108,-4,-10,60,-82,-75,30,15,4,-19,8,53,-39,27,-70,132,5,-5,-67,105,-3,14,1,16,4,-5,5,55,4,12,4,17
3.6000,-73,33,33,52,-40,23,-105,104,100,15,57,40,-10,107,-58,-42,0,-110,34,45,92,78,42,-8,4,-64,57,43,100,-46,78,-20,44,-20,33,48,-83,-85,4,7,24,38,58,37,-35,40,-63,139,3,-8,-30,69,-2,15,4,19,9,-7,57,39,-1,11,-1,13
3.6200,-71,26,77,33,-70,16,-98,101,98,31,100,25,-2,136,-44,-28,-8,-117,79,36,81,66,39,-27,15,-58,98,25,94,-36,100,-11,-28,-31,74,37,-85,-86,-9,-7,30,95,93,27,-31,49,-56,138,3,-6,38,22,3,13,2,18,5,-5,99,29,3,11,-1,16
3.6400,-68,26,113,16,-107,7,-94,86,100,39,122,14,3,171,-30,-17,-25,-117,118,18,73,55,28,-53,30,-54,122,15,88,-28,121,-2,-99,-38,111,21,-81,-90,-29,-18,38,145,121,13,-27,60,-53,135,5,1,92,-9,-2,12,3,17,1,-8,126,16,-2,14,-5,20
3.6600,-61,22,128,6,-135,0,-86,78,93,48,124,4,13,186,-27,-8,-29,-113,123,7,65,43,20,-63,42,-51,128,2,81,-10,140,0,-156,-46,123,7,-70,-76,-40,-25,42,189,128,3,-18,71,-46,135,5,-4,125,-40,2,11,0,21,5,-8,127,2,-1,15,-3,14
3.6800,-54,19,119,-3,-163,-10,-79,66,80,50,102,-7,24,208,-13,9,-34,-110,117,-9,58,26,15,-75,51,-47,108,-4,73,-2,155,10,-204,-42,118,0,-64,-71,-54,-31,35,228,100,-5,-19,75,-39,132,6,-8,124,-71,0,12,-3,19,9,-2,104,-7,3,9,0,13
3.7000,-40,20,85,-6,-184,-17,-74,57,72,50,61,-14,33,218,-8,20,-38,-109,82,-9,44,16,6,-92,57,-40,58,-12,63,3,158,23,-243,-38,84,-9,-46,-62,-59,-32,35,257,57,-12,-16,77,-33,123,6,-6,104,-93,2,13,2,18,5,-4,60,-13,1,10,1,10
3.7200,-29,13,29,-14,-199,-26,-58,40,61,58,1,-20,44,218,7,31,-41,-91,32,-14,30,7,-4,-93,62,-39,-1,-16,54,19,161,30,-258,-31,32,-12,-41,-53,-59,-37,30,278,4,-18,-15,82,-32,110,-3,-6,65,-120,-3,12,2,20,7,-2,1,-17,-1,12,-3,15
3.7400,-22,13,-31,-18,-207,-37,-54,34,47,52,-59,-24,54,217,18,43,-38,-82,-30,-19,18,-4,-14,-98,61,-39,-58,-20,44,28,147,42,-261,-25,-27,-24,-30,-36,-61,-42,19,291,-55,-18,-9,78,-29,87,4,-7,10,-145,-2,12,1,16,1,-8,-54,-27,1,13,4,19
3.7600,-7,7,-81,-25,-204,-42,-35,15,40,53,-99,-25,52,201,25,43,-41,-64,-82,-21,5,-18,-28,-91,50,-33,-99,-24,32,44,135,54,-247,-13,-78,-23,-16,-27,-61,-40,10,286,-91,-26,-5,77,-26,74,3,-7,-36,-166,-1,12,-5,19,10,-9,-93,-28,-5,11,-1,18
3.7800,10,4,-108,-27,-188,-41,-26,-5,25,47,-110,-31,54,179,39,47,-41,-42,-104,-31,-13,-17,-33,-84,48,-28,-116,-27,11,51,114,56,-224,-1,-106,-26,0,-12,-55,-37,-2,274,-110,-28,-5,74,-22,48,6,-1,-60,-179,3,11,-2,19,8,-9,-109,-30,2,13,-3,18
3.8000,19,0,-105,-26,-166,-47,-13,-19,11,41,-96,-32,56,153,48,45,-44,-20,-108,-26,-31,-21,-43,-81,43,-27,-94,-27,3,61,83,60,-185,8,-101,-28,16,0,-45,-40,-17,258,-97,-28,0,63,-17,22,11,-8,-55,-183,-1,14,0,15,4,-2,-99,-31,-3,11,1,16
3.8200,33,1,-82,-32,-135,-41,-1,-36,0,43,-67,-29,51,124,57,39,-37,10,-79,-31,-51,-13,-54,-76,26,-25,-65,-28,-16,73,47,64,-140,21,-85,-27,26,10,-37,-32,-31,235,-68,-28,6,58,-22,-5,10,-1,-28,-168,1,11,-2,16,3,-5,-69,-26,-3,19,-4,17
3.8400,47,-7,-45,-24,-98,-41,19,-51,-11,28,-28,-18,50,79,67,31,-37,32,-54,-21,-61,-12,-54,-62,13,-25,-25,-16,-28,83,7,73,-97,36,-50,-26,44,29,-16,-34,-40,208,-29,-16,7,50,-13,-34,3,-8,0,-140,-2,16,3,14,4,-4,-25,-20,-1,17,1,16
3.8600,56,-9,-8,-15,-60,-35,27,-62,-25,27,13,-12,43,43,72,29,-39,61,-10,-18,-80,-1,-61,-54,-1,-27,12,-9,-34,85,-27,79,-44,50,-7,-16,55,42,-7,-34,-54,181,12,-9,12,47,-19,-56,6,-5,35,-92,-1,12,-1,18,3,-5,7,-14,4,13,4,17
3.8800,65,-17,29,-6,-19,-24,36,-76,-29,14,40,-2,34,-6,74,14,-32,81,27,-4,-89,9,-64,-41,-9,-29,37,0,-39,92,-51,79,-5,59,27,-6,58,50,9,-30,-64,151,39,5,17,34,-17,-81,5,-8,51,-40,-4,15,6,14,1,-6,37,0,2,15,4,17
3.9000,71,-17,53,2,26,-21,41,-91,-36,13,58,7,26,-46,80,9,-27,93,53,4,-102,16,-64,-19,-22,-28,56,7,-45,89,-75,85,35,60,52,2,68,51,18,-22,-71,119,56,4,24,31,-16,-94,6,-8,66,9,-4,13,3,16,5,-5,55,6,3,16,-3,15
3.9200,81,-22,55,2,72,-13,37,-94,-44,2,59,5,21,-94,84,-2,-24,109,60,10,-102,23,-65,15,-35,-28,53,4,-42,98,-80,88,69,67,48,5,72,61,36,-15,-76,85,54,12,20,26,-17,-102,9,1,65,63,-4,17,2,13,6,-4,55,7,-3,12,-2,14
3.9400,81,-25,51,1,111,-8,41,-89,-50,-5,47,1,23,-133,84,-15,-10,116,50,3,-110,37,-72,41,-46,-26,46,2,-38,93,-75,87,98,70,53,5,75,66,43,-6,-73,56,41,4,28,15,-16,-107,3,-4,50,95,-1,16,-1,15,6,-6,39,11,-3,15,4,14
3.9600,76,-28,34,0,147,-10,42,-87,-50,-15,36,-1,16,-175,79,-21,-7,113,38,-1,-102,48,-70,80,-54,-26,34,-7,-43,90,-64,87,126,75,40,2,72,70,58,1,-75,16,31,-6,27,7,-17,-106,4,-3,40,120,2,10,1,18,1,-2,26,-7,1,17,-2,13
3.9800,76,-30,26,-12,175,-6,41,-79,-51,-14,16,-12,16,-203,76,-24,0,111,23,-5,-97,51,-68,127,-60,-32,26,-16,-50,81,-39,79,157,79,29,-4,75,70,60,4,-67,-22,23,-8,31,1,-20,-101,3,-5,37,130,-3,15,-1,17,2,-1,24,-8,1,16,-1,19
4.0000,75,-30,15,-12,192,-3,47,-72,-44,-20,8,-17,14,-224,64,-35,10,110,15,-13,-89,58,-61,171,-67,-26,8,-12,-54,73,-6,72,176,67,13,-12,74,68,71,16,-64,-60,7,-15,37,-7,-17,-89,1,-4,34,135,1,14,4,17,13,-1,13,-15,1,12,-1,15
4.0200,72,-32,0,-13,197,-7,55,-57,-46,-29,-2,-11,17,-229,54,-37,21,100,5,-15,-77,64,-50,213,-68,-27,-7,-12,-63,67,26,58,192,61,4,-14,64,67,75,26,-54,-103,-5,-12,33,-11,-18,-81,1,-3,23,130,1,15,-2,18,0,0,-5,-10,-3,14,-1,10
4.0400,62,-33,-8,-11,190,-6,70,-44,-41,-28,-15,-1,18,-216,47,-45,25,84,-9,-10,-61,66,-32,246,-71,-23,-16,-3,-78,60,46,39,207,48,-14,-9,60,67,80,31,-38,-140,-11,-8,31,-9,-16,-68,7,-6,6,129,0,13,-1,18,3,-6,-14,4,-2,12,3,15
4.0600,56,-32,-25,-1,171,-5,82,-28,-35,-33,-27,4,11,-188,34,-46,31,72,-22,-2,-44,71,-10,273,-73,-19,-29,7,-94,48,62,18,217,34,-23,-1,49,59,76,37,-11,-178,-32,9,35,-18,-15,-49,3,-5,-13,122,0,11,2,15,6,-5,-27,5,-1,11,3,19
4.0800,43,-40,-35,10,139,-1,100,-13,-34,-36,-37,20,7,-151,20,-39,28,58,-32,15,-34,75,11,279,-66,-17,-42,19,-107,38,57,-8,217,9,-35,14,36,55,71,37,2,-217,-36,19,37,-19,-12,-36,10,-9,-29,105,-2,12,0,14,4,-4,-41,24,-1,15,-3,14
4.1000,36,-41,-41,26,113,1,120,-2,-25,-34,-48,27,3,-99,14,-40,28,41,-39,26,-13,68,40,274,-56,-17,-46,26,-114,29,27,-36,202,-12,-42,22,28,50,67,36,24,-255,-44,29,42,-20,-6,-18,0,-6,-44,88,0,12,0,18,5,-4,-40,29,0,15,5,16
4.1200,21,-39,-43,32,80,9,121,15,-16,-38,-43,35,-7,-47,6,-36,21,25,-41,36,-9,63,66,253,-54,-4,-36,37,-120,21,-20,-58,189,-39,-45,32,17,38,61,27,56,-284,-37,36,46,-18,1,2,7,-9,-58,61,1,15,0,12,7,-4,-41,43,3,16,1,18
4.1400,9,-47,-37,39,46,20,121,21,-11,-29,-28,41,-21,0,4,-30,16,9,-38,42,3,64,85,223,-42,4,-35,38,-114,12,-82,-82,159,-66,-39,41,1,34,55,22,77,-309,-35,41,44,-17,13,15,10,-5,-66,42,2,14,0,11,3,-4,-39,43,-3,14,7,11
4.1600,-7,-52,-31,44,20,35,104,24,-4,-31,-19,44,-26,45,-5,-25,9,-10,-25,36,10,53,106,184,-37,14,-21,40,-91,4,-152,-97,118,-90,-25,45,-11,28,41,11,101,-334,-21,40,53,-16,24,39,8,-5,-57,15,1,10,-2,18,7,-2,-22,42,-4,12,3,20
4.1800,-14,-58,-11,37,16,43,69,24,6,-26,-1,42,-43,68,-8,-25,-9,-26,-10,41,7,50,121,137,-24,23,-2,41,-53,1,-220,-108,76,-106,-14,40,-26,14,30,-1,120,-343,-2,43,60,-12,36,51,4,-6,-42,-4,3,11,1,19,1,-7,-11,43,0,12,-2,16
4.2000,-25,-64,8,38,16,58,30,17,15,-19,16,36,-51,81,-10,-15,-23,-48,6,42,0,46,129,82,-11,42,16,36,0,1,-282,-109,24,-127,6,43,-38,5,16,-14,133,-346,14,40,64,-10,47,78,6,0,-29,-16,2,18,1,15,0,-2,19,39,1,16,-3,13
4.2200,-38,-71,27,41,37,69,-31,8,19,-24,33,39,-59,74,-11,-7,-32,-64,20,39,-4,33,127,33,6,50,34,41,50,-1,-323,-104,-21,-136,24,43,-51,-7,2,-24,135,-338,32,39,73,-12,58,96,6,-7,-12,-22,-1,9,-4,14,3,-7,32,40,4,15,1,16
4.2400,-52,-78,40,36,48,70,-89,0,24,-23,46,37,-58,53,-11,5,-45,-82,42,38,-15,30,111,-11,19,61,47,39,121,0,-333,-86,-70,-133,39,39,-58,-7,-10,-40,133,-313,47,39,80,-5,73,114,4,-9,7,-19,-3,17,2,17,3,-4,43,37,-1,14,3,19
4.2600,-63,-80,46,37,66,66,-153,-11,36,-15,56,35,-51,29,-1,19,-51,-98,54,34,-31,16,84,-63,37,70,57,38,179,6,-316,-55,-104,-126,48,41,-74,-15,-25,-50,123,-277,51,41,81,2,80,132,7,-5,18,-1,5,16,3,14,1,-5,56,40,-3,12,2,16
4.2800,-72,-82,61,39,76,57,-206,-22,39,-10,59,30,-33,-1,-2,32,-54,-112,55,38,-37,6,55,-96,49,79,61,39,223,6,-271,-15,-125,-112,56,40,-84,-18,-40,-49,105,-223,54,32,81,7,87,142,8,-7,29,24,-2,15,0,11,3,-4,53,39,3,18,-1,20
4.3000,-79,-85,56,31,69,31,-240,-37,41,-6,52,30,-8,-19,3,42,-56,-127,52,33,-43,-8,14,-129,59,86,48,31,248,12,-185,36,-127,-92,57,34,-88,-24,-54,-48,81,-163,51,31,83,13,96,148,3,-8,17,41,-2,14,-1,13,5,0,53,33,2,15,-1,18
4.3200,-83,-86,47,32,34,9,-258,-40,39,0,32,27,13,-25,1,60,-44,-136,43,32,-51,-22,-43,-147,68,92,36,31,248,12,-80,87,-114,-73,43,37,-94,-24,-67,-37,64,-82,35,29,82,20,105,161,6,-7,18,56,-3,15,-8,15,4,-7,37,29,-1,9,-4,20
4.3400,-92,-82,29,26,-11,-20,-236,-41,45,3,12,21,46,-8,2,68,-29,-141,23,27,-61,-38,-92,-159,82,92,11,25,226,22,50,142,-89,-48,27,27,-99,-24,-80,-26,38,11,13,23,72,21,105,157,7,-5,0,72,0,15,1,16,6,-6,12,20,-1,9,2,13
4.3600,-89,-71,-2,17,-83,-47,-210,-39,43,9,-20,14,69,27,3,79,-17,-138,-3,22,-46,-44,-149,-160,93,91,-13,18,179,19,180,198,-55,-29,-6,22,-98,-28,-90,-3,17,99,-18,18,60,29,104,150,6,-8,-16,78,1,15,-2,16,4,-5,-21,16,0,14,-2,13
4.3800,-94,-63,-36,13,-160,-70,-151,-26,39,14,-53,8,83,80,1,93,11,-132,-36,13,-39,-60,-203,-156,99,83,-44,16,113,18,312,242,-27,-8,-35,12,-100,-25,-99,25,-5,200,-46,15,49,32,93,140,2,-8,-42,80,0,12,-3,16,5,-3,-44,16,1,12,-1,16
4.4000,-91,-45,-64,14,-235,-82,-79,-4,46,16,-75,8,90,146,-1,106,41,-110,-63,9,-18,-69,-248,-150,100,71,-74,14,35,7,419,276,1,10,-59,12,-95,-25,-101,54,-20,286,-65,11,29,38,79,117,4,-5,-63,74,3,18,-2,21,2,-4,-72,14,2,14,-2,15
4.4200,-87,-28,-85,13,-292,-77,-3,23,40,18,-91,3,78,214,-8,110,66,-80,-86,8,9,-78,-274,-138,97,57,-97,11,-38,5,482,298,16,26,-80,10,-94,-22,-101,77,-34,363,-91,11,13,40,68,87,5,-9,-84,58,0,14,-4,17,1,-4,-96,11,-2,11,2,17
4.4400,-75,-5,-102,13,-324,-53,71,56,38,26,-104,9,52,266,-21,119,94,-50,-97,14,44,-87,-291,-134,96,38,-104,10,-102,-5,508,301,14,38,-96,11,-89,-23,-97,106,-51,426,-100,11,-9,42,43,46,7,-2,-95,40,-1,19,5,12,5,-1,-106,11,2,16,-6,15
4.4600,-68,14,-111,10,-321,-21,124,93,28,29,-108,7,14,304,-31,124,113,-5,-109,14,81,-93,-280,-119,87,7,-102,9,-151,-11,477,283,-4,46,-105,10,-78,-16,-98,128,-59,455,-107,17,-30,49,14,0,2,-4,-100,22,3,21,-3,15,5,-8,-109,10,-2,12,-1,14
4.4800,-62,33,-106,12,-287,25,156,128,29,29,-105,10,-33,314,-37,120,123,36,-104,14,112,-93,-243,-109,82,-15,-102,14,-178,-29,401,238,-27,61,-102,12,-65,-8,-86,144,-65,464,-99,15,-49,47,-14,-53,6,-4,-101,-5,-2,23,2,12,4,-3,-99,10,-4,13,-1,13
4.5000,-51,56,-104,17,-210,75,179,164,28,34,-94,9,-86,286,-49,126,130,88,-99,15,153,-91,-186,-89,75,-44,-92,8,-183,-44,277,166,-46,64,-96,11,-56,-10,-80,139,-66,440,-91,14,-68,50,-41,-106,8,-6,-94,-32,0,17,2,19,6,-3,-94,14,-1,11,0,15
4.5200,-34,69,-95,11,-110,127,186,188,22,31,-87,2,-135,228,-51,122,114,132,-90,9,178,-90,-110,-72,62,-71,-82,7,-179,-43,130,81,-71,69,-88,8,-43,-8,-69,132,-65,376,-88,13,-86,50,-73,-141,6,-5,-86,-47,0,19,-1,19,0,-1,-82,10,2,13,-2,19
4.5400,-28,84,-82,6,5,170,167,207,18,27,-81,-5,-174,140,-51,110,97,170,-89,5,195,-87,-18,-42,48,-97,-79,-3,-157,-36,-29,-12,-86,63,-85,3,-29,0,-61,109,-62,284,-79,1,-98,49,-101,-175,1,-4,-72,-66,-3,17,2,18,7,-6,-79,2,-5,13,3,16
4.5600,-19,93,-76,1,118,201,150,214,17,30,-69,-4,-195,30,-35,103,63,197,-70,-2,202,-76,78,1,41,-124,-78,-7,-136,-24,-170,-106,-97,58,-78,1,-16,2,-44,80,-51,179,-70,-7,-103,51,-126,-198,10,-2,-64,-70,1,16,3,19,11,-2,-72,-3,-3,11,1,18
4.5800,-3,97,-70,-10,219,216,120,208,9,33,-64,-15,-206,-85,-22,95,28,209,-66,-6,190,-68,181,43,29,-141,-65,-14,-111,-6,-291,-199,-100,43,-66,-6,-3,9,-31,35,-35,64,-65,-11,-105,49,-143,-200,5,-5,-48,-76,3,13,3,15,5,-3,-62,-12,0,10,0,21
4.6000,10,92,-60,-11,296,211,95,185,10,25,-57,-18,-190,-200,9,84,-23,207,-63,-10,170,-56,263,97,19,-148,-56,-17,-85,20,-371,-273,-89,27,-59,-14,8,7,-26,-14,-16,-60,-55,-12,-101,47,-151,-193,6,-6,-34,-65,0,16,3,20,4,-2,-57,-17,1,14,4,18
4.6200,17,88,-49,-18,354,183,67,150,10,27,-41,-21,-159,-292,40,63,-72,187,-52,-17,137,-40,330,138,15,-145,-43,-21,-56,54,-412,-331,-75,4,-48,-14,20,14,-11,-67,10,-174,-44,-20,-89,47,-154,-163,6,-5,-17,-45,-4,17,0,17,3,0,-48,-19,-1,19,4,19
4.6400,27,68,-40,-19,390,136,45,100,-5,24,-35,-23,-108,-372,80,48,-123,153,-44,-16,82,-26,371,184,8,-137,-32,-16,-34,89,-414,-358,-59,-27,-38,-16,31,19,-6,-115,33,-259,-39,-22,-70,46,-137,-119,1,-5,-7,-21,-4,12,2,20,6,-4,-37,-18,-1,14,4,14
4.6600,34,49,-30,-20,395,83,18,40,0,21,-23,-15,-43,-416,108,32,-161,110,-31,-20,25,-13,377,222,2,-121,-21,-20,-8,120,-381,-355,-35,-49,-32,-21,36,21,-5,-165,60,-336,-18,-20,-45,43,-118,-71,4,0,6,3,-3,12,0,13,5,-3,-19,-18,-4,13,-3,13
4.6800,44,26,-15,-16,370,13,-14,-17,-7,23,-11,-6,30,-425,140,16,-197,57,-18,-20,-36,0,363,254,6,-89,-12,-13,17,149,-332,-320,-2,-70,-18,-18,40,20,4,-201,84,-382,-14,-15,-18,41,-86,-11,6,-4,20,33,-3,11,-3,20,6,-4,-12,-10,-4,12,3,16
4.7000,49,2,-6,-16,324,-61,-32,-79,-6,19,-3,-7,99,-405,161,8,-221,0,-7,-15,-93,18,314,264,4,-56,-3,-10,36,177,-247,-265,24,-90,-7,-14,54,23,3,-220,97,-400,3,-14,7,36,-52,43,9,-2,31,61,5,8,0,15,1,-1,-4,-11,2,17,-4,18
4.7200,53,-24,3,-14,266,-128,-58,-137,-5,12,3,-2,170,-357,169,-5,-229,-53,3,-17,-152,26,248,259,10,-16,2,-10,61,184,-169,-186,54,-101,0,-9,50,30,3,-230,116,-388,2,-12,40,34,-6,103,3,-3,31,79,-3,10,-1,17,4,-3,4,-9,1,17,2,14
4.7400,52,-50,4,-15,194,-191,-66,-180,-5,9,8,-1,226,-292,165,-10,-225,-99,7,-8,-194,37,163,246,12,30,5,-7,72,178,-92,-97,80,-119,5,-12,56,26,-9,-221,121,-356,8,0,65,30,42,149,3,-3,30,89,-6,9,3,17,4,-6,6,-5,-3,13,-3,16
4.7600,53,-78,8,-9,105,-239,-79,-211,-8,5,8,9,267,-193,145,-15,-197,-140,10,-5,-224,46,70,217,20,79,7,-5,75,158,-13,-4,105,-116,10,-2,53,28,-13,-202,119,-303,6,-2,92,23,91,184,3,-6,28,98,-6,2,-2,18,4,0,6,0,1,13,3,16
4.7800,52,-92,9,-8,25,-271,-76,-228,-9,2,13,14,293,-94,111,-16,-171,-172,12,1,-241,50,-22,171,29,115,9,6,70,126,56,76,116,-109,8,2,52,30,-19,-164,114,-233,9,-1,105,19,130,208,5,-6,24,96,-4,2,-1,11,9,-3,10,4,-3,16,6,14
4.8000,47,-105,8,0,-60,-280,-69,-226,-5,-2,15,26,295,10,65,-16,-120,-193,9,7,-241,47,-100,114,35,145,8,9,62,81,107,159,122,-102,14,7,45,31,-28,-118,98,-155,11,8,105,17,163,224,5,-8,13,88,-2,3,-1,14,6,-5,13,13,-1,15,3,16
4.8200,51,-107,17,8,-134,-276,-58,-203,-7,-6,25,31,277,113,7,-10,-69,-201,21,15,-224,47,-178,57,35,167,17,20,51,21,144,224,114,-85,15,18,49,25,-26,-57,73,-82,17,15,107,16,183,224,7,-2,13,74,-6,1,-4,15,7,-5,16,20,-5,16,1,20
4.8400,49,-99,20,17,-189,-248,-50,-172,-5,-4,30,44,238,192,-49,-4,-8,-198,18,24,-184,40,-233,-7,36,179,32,30,42,-35,168,269,102,-60,24,27,44,27,-39,6,43,-1,23,32,97,17,195,216,6,-5,12,64,-2,-2,2,19,4,-2,28,30,0,18,-1,18
4.8600,46,-82,34,28,-219,-203,-31,-127,-2,-7,33,48,188,256,-109,3,60,-187,30,28,-139,32,-269,-62,44,178,37,30,26,-94,167,295,76,-30,32,32,47,22,-37,74,19,63,36,31,78,10,189,202,1,-6,6,48,-4,2,3,15,5,-5,36,34,-2,21,2,14
4.8800,42,-62,40,33,-229,-140,-26,-68,6,-8,47,53,126,283,-166,8,126,-167,43,40,-89,19,-286,-111,46,157,51,41,21,-154,157,302,52,-2,41,35,39,21,-38,147,-19,120,45,47,44,9,175,179,3,-4,5,28,-3,2,-1,18,6,-6,45,45,4,14,2,19
4.9000,42,-33,48,38,-219,-75,-19,-12,2,-11,52,49,54,296,-216,12,176,-142,51,44,-28,19,-283,-143,36,132,53,39,22,-202,134,284,42,39,48,40,38,22,-37,197,-51,157,48,40,16,7,145,146,9,-4,3,5,-4,2,2,12,10,-6,51,42,-2,14,0,16
4.9200,39,3,50,42,-187,-6,-20,48,-2,-16,53,54,-9,272,-250,15,221,-106,53,46,31,14,-254,-159,24,99,52,41,22,-239,102,248,27,73,53,43,40,18,-32,246,-84,178,53,45,-24,6,101,109,8,-11,10,-12,0,7,2,16,5,-3,55,44,5,16,-1,10
4.9400,44,45,52,44,-143,55,-21,99,5,-13,49,46,-66,233,-276,10,261,-74,55,47,85,15,-215,-163,10,47,54,35,19,-262,68,207,24,102,54,44,40,17,-14,281,-115,177,51,46,-63,4,55,71,4,-4,15,-24,-2,8,8,18,5,-3,57,40,-6,13,0,12
4.9600,54,76,53,42,-97,109,-21,146,3,-14,45,47,-121,180,-279,9,284,-38,50,39,128,22,-165,-143,-5,2,48,34,21,-265,30,154,36,122,51,37,44,15,4,302,-135,169,49,39,-100,5,3,40,10,-1,13,-30,3,11,1,16,9,-5,53,38,1,9,-2,13
4.9800,55,109,43,34,-56,160,-18,179,9,-21,42,37,-156,127,-270,-4,287,-13,45,40,161,27,-108,-116,-27,-46,44,33,10,-256,13,96,47,141,45,35,52,13,24,300,-152,148,45,31,-130,-3,-44,2,7,-6,14,-34,1,9,-3,17,4,-3,39,31,-1,16,2,16
5.0000,62,131,36,32,-24,192,-6,195,8,-27,33,30,-184,79,-239,-22,280,23,35,27,182,39,-58,-74,-51,-92,33,24,0,-224,-12,45,67,150,35,27,59,12,48,294,-155,123,32,27,-150,-6,-89,-27,9,-9,12,-28,-2,10,1,17,3,-2,32,27,3,17,1,16
5.0200,70,153,27,24,4,207,2,200,8,-33,23,18,-201,40,-196,-40,254,51,31,22,187,58,-7,-30,-82,-125,19,19,-8,-178,-21,-1,84,153,25,27,69,13,68,270,-147,96,24,24,-166,-18,-128,-52,5,-2,11,-23,5,13,5,20,7,-1,25,20,2,11,4,15
5.0400,79,157,17,24,19,213,11,193,7,-36,8,14,-207,10,-139,-62,220,71,16,17,178,79,36,15,-101,-150,12,11,-21,-122,-23,-36,98,146,13,17,78,8,102,236,-138,69,11,12,-172,-23,-151,-75,8,-2,13,-11,-1,18,5,21,3,-1,14,14,-1,11,-1,18
5.0600,90,163,4,16,29,213,23,170,7,-41,-3,3,-193,-12,-75,-87,180,92,9,10,153,105,73,59,-130,-161,-3,5,-31,-65,-28,-56,105,130,1,12,77,15,126,192,-123,45,1,9,-169,-29,-160,-93,7,-3,3,-1,6,17,4,13,7,4,-1,5,2,13,1,17
5.0800,97,156,-6,15,28,196,33,137,8,-50,-21,-3,-183,-18,-3,-109,136,109,-6,9,125,129,86,92,-142,-154,-10,3,-39,16,-22,-72,99,111,-6,1,90,10,146,144,-100,24,-14,2,-157,-39,-165,-109,6,-5,2,13,10,17,6,15,4,-5,-12,-2,-1,12,1,16
5.1000,101,137,-17,8,22,180,40,100,9,-60,-26,-2,-159,-24,65,-130,85,120,-24,6,85,147,100,109,-164,-148,-24,3,-41,74,-15,-76,101,90,-19,-1,93,10,167,92,-87,13,-25,0,-139,-50,-153,-124,7,0,-8,18,7,17,6,19,7,1,-24,-2,1,9,-4,14
5.1200,105,119,-30,7,25,153,37,64,4,-66,-38,-9,-139,-24,124,-147,37,135,-36,-2,47,164,98,117,-178,-131,-39,-4,-41,136,-22,-74,83,69,-28,-3,102,15,187,48,-69,-2,-32,-2,-114,-59,-131,-125,7,-6,-12,24,9,15,1,18,5,-2,-33,-3,-1,9,4,22
5.1400,101,96,-40,9,28,129,32,24,0,-73,-49,-18,-110,-30,186,-157,0,142,-39,-3,8,180,94,117,-177,-104,-45,-4,-33,186,-24,-71,73,58,-42,-5,96,12,184,0,-50,-19,-45,-4,-86,-65,-109,-138,10,-8,-19,19,10,19,-1,17,6,-3,-44,0,-3,11,-2,16
5.1600,98,62,-51,3,29,101,27,-13,-3,-72,-57,-12,-78,-30,222,-158,-31,147,-47,-5,-28,184,90,114,-164,-76,-51,-3,-25,228,-18,-65,57,42,-51,-4,92,16,192,-37,-36,-38,-54,-3,-52,-68,-82,-145,5,-3,-30,20,10,19,-1,17,4,2,-55,-5,-5,8,4,13
5.1800,90,34,-57,4,38,71,17,-38,-10,-79,-58,-13,-56,-32,247,-147,-64,155,-54,-7,-58,180,81,101,-162,-46,-60,-1,-17,258,-19,-53,40,27,-54,-4,81,17,172,-63,-19,-57,-56,-11,-21,-68,-50,-144,8,-4,-28,19,5,19,-4,16,1,-3,-56,-7,-4,10,4,14
5.2000,79,1,-58,7,46,43,11,-66,-11,-88,-63,-15,-25,-39,257,-132,-92,151,-62,-5,-76,164,76,81,-138,-26,-58,4,-8,267,-21,-45,22,18,-58,-6,68,24,150,-83,-9,-70,-60,-3,15,-69,-23,-140,2,-1,-33,11,2,23,0,17,6,-1,-55,-2,-5,9,2,17
5.2200,62,-29,-57,8,57,25,0,-83,-17,-78,-66,-13,-3,-41,260,-103,-100,145,-59,-5,-95,139,59,63,-116,-3,-58,4,1,261,-19,-41,17,5,-59,1,54,31,130,-101,-2,-91,-59,0,43,-71,0,-130,7,-3,-41,6,3,23,-5,13,7,-4,-60,2,-3,6,-1,16
5.2400,38,-53,-54,12,68,-2,-10,-83,-23,-77,-56,-5,24,-43,245,-66,-108,132,-57,2,-99,110,57,39,-79,12,-59,9,2,252,-19,-38,11,-6,-60,4,34,36,93,-107,11,-106,-56,3,66,-67,23,-110,1,-2,-48,8,7,24,-6,12,8,-2,-56,9,-2,10,4,18
5.2600,18,-88,-51,11,71,-25,-10,-78,-26,-70,-54,0,43,-51,220,-30,-108,113,-60,3,-96,80,50,25,-41,26,-56,16,8,227,-16,-34,-5,-16,-57,5,8,40,58,-109,22,-118,-53,0,98,-50,38,-91,11,-5,-53,13,4,17,-3,16,6,-2,-54,7,-1,12,3,15
5.2800,-8,-101,-55,14,72,-43,-6,-69,-30,-57,-47,-3,61,-47,188,18,-110,92,-52,9,-87,33,50,2,-7,36,-51,18,12,200,-10,-28,-9,-21,-50,9,-20,48,21,-108,26,-127,-46,9,113,-43,45,-71,5,-4,-49,17,4,22,-8,13,7,-3,-48,7,-2,13,-3,17
5.3000,-34,-124,-48,20,66,-61,-13,-58,-32,-42,-48,-2,79,-51,151,59,-97,72,-49,8,-74,-8,50,-9,29,39,-44,21,9,165,0,-27,-16,-29,-46,12,-45,49,-22,-104,33,-126,-42,8,132,-29,46,-39,6,-2,-51,21,2,20,-5,17,5,-4,-42,9,3,10,2,12
5.3200,-59,-135,-39,12,60,-73,-7,-36,-38,-32,-36,2,89,-45,110,105,-88,47,-40,8,-52,-54,41,-12,64,36,-38,17,7,121,3,-20,-22,-35,-40,13,-70,61,-54,-82,36,-127,-40,7,147,-14,49,-12,4,-7,-47,28,1,24,-8,12,7,-2,-41,11,-1,14,0,17
5.3400,-82,-136,-32,12,51,-82,-6,-23,-39,-16,-35,6,99,-35,69,148,-78,17,-35,6,-33,-96,33,-10,97,34,-36,17,-3,80,13,-9,-31,-43,-35,8,-96,57,-88,-71,49,-122,-32,9,151,1,42,17,3,-3,-43,30,-1,24,-8,11,8,-5,-36,10,-1,14,-2,17
5.3600,-105,-146,-27,8,40,-92,3,-5,-43,-2,-28,2,110,-32,29,187,-62,-8,-34,6,-13,-139,19,-15,125,33,-29,17,-3,37,13,7,-38,-43,-30,10,-121,64,-119,-65,49,-112,-24,5,150,19,43,44,7,0,-36,30,-4,21,-4,13,9,-7,-30,12,0,14,-2,20
5.3800,-127,-143,-29,6,22,-95,8,14,-46,17,-27,2,112,-20,-15,213,-47,-32,-31,3,1,-170,12,-6,146,24,-21,20,-3,-4,14,22,-47,-50,-26,4,-136,57,-149,-48,49,-95,-28,5,148,38,32,63,4,-2,-30,35,1,20,-8,15,10,-5,-24,9,4,20,-1,17
5.4000,-146,-139,-22,5,10,-96,12,34,-41,34,-22,2,108,-12,-46,238,-38,-52,-23,6,20,-197,-3,4,165,21,-22,18,-10,-36,15,26,-43,-53,-25,10,-158,57,-165,-26,52,-76,-25,1,135,56,31,86,7,-3,-24,40,3,25,-2,17,8,0,-23,11,0,15,3,18
5.4200,-151,-125,-20,2,-10,-90,19,46,-32,48,-21,7,101,-6,-84,252,-27,-64,-22,5,29,-220,-13,21,176,16,-16,20,-22,-73,10,41,-51,-55,-23,10,-164,56,-179,-20,52,-62,-19,7,121,70,28,97,5,-6,-24,36,0,17,2,12,6,-5,-23,7,0,17,-3,15
5.4400,-162,-106,-25,7,-17,-81,28,55,-28,60,-19,8,87,3,-115,256,-16,-84,-19,14,47,-225,-26,28,178,14,-20,17,-24,-96,6,50,-50,-53,-23,9,-170,56,-184,-13,52,-43,-18,7,100,90,22,111,7,0,-20,37,-7,17,-1,15,3,-4,-19,9,4,16,-2,13
5.4600,-162,-85,-23,9,-21,-68,30,61,-21,75,-12,10,78,14,-141,247,-14,-91,-19,10,47,-217,-41,42,177,9,-12,19,-31,-124,-6,60,-52,-52,-17,11,-168,45,-185,-3,49,-24,-14,10,74,97,17,117,8,-4,-13,42,0,17,-4,12,3,-8,-13,10,3,18,4,15
5.4800,-156,-61,-18,10,-23,-57,34,65,-11,83,-17,12,60,13,-157,233,-9,-96,-18,18,54,-207,-49,54,166,5,-16,20,-34,-142,-14,66,-50,-49,-19,11,-160,37,-181,3,46,-16,-15,15,44,111,16,119,8,0,-13,42,2,12,-4,17,2,-3,-18,11,-3,12,0,18
5.5000,-135,-39,-21,5,-17,-38,38,61,-3,90,-16,16,51,13,-170,210,3,-97,-14,19,51,-191,-53,63,153,8,-16,19,-37,-153,-27,73,-43,-43,-17,14,-149,30,-166,10,42,2,-12,17,20,115,12,118,9,0,-17,39,-10,15,-1,12,5,-5,-15,14,5,15,-3,15
5.5200,-120,-11,-14,2,-10,-25,39,57,8,87,-14,20,31,12,-173,174,6,-93,-11,16,45,-159,-60,72,132,4,-15,14,-32,-156,-31,78,-32,-38,-15,14,-124,15,-141,17,37,13,-18,15,-11,118,16,118,5,-4,-15,36,-5,11,-6,16,6,2,-15,13,4,12,-4,16
5.5400,-91,19,-22,7,-5,-7,33,53,23,91,-12,21,16,14,-176,138,12,-93,-18,18,47,-127,-59,84,97,1,-20,17,-33,-155,-43,73,-19,-34,-13,14,-98,3,-114,23,33,24,-20,16,-35,119,12,111,8,-2,-19,27,-4,13,-2,23,3,-3,-17,16,7,13,3,18
5.5600,-67,40,-17,9,4,7,35,48,37,80,-13,24,5,16,-164,95,18,-83,-16,17,35,-83,-59,85,60,4,-19,16,-37,-149,-49,69,-7,-31,-18,17,-61,-16,-82,29,31,37,-18,16,-57,110,11,100,5,-4,-19,27,-3,14,1,17,12,-3,-18,18,3,13,-3,15
5.5800,-33,58,-25,7,12,24,30,39,47,75,-20,21,-7,13,-151,50,20,-72,-22,21,27,-40,-53,83,25,-2,-22,22,-31,-135,-54,70,9,-28,-17,19,-35,-25,-40,29,23,44,-16,20,-80,100,8,90,5,-6,-25,18,-12,10,2,24,8,-4,-19,18,3,14,2,17
5.6000,1,79,-19,10,23,29,27,32,58,62,-14,21,-26,13,-133,4,22,-69,-18,22,17,3,-56,82,-12,1,-20,14,-30,-117,-58,66,20,-21,-16,17,3,-40,-2,34,21,48,-15,12,-86,90,4,83,4,-1,-24,13,-6,8,2,25,6,-5,-18,17,-1,20,-3,16
5.6200,31,89,-17,5,29,41,20,19,71,53,-15,23,-30,14,-109,-39,27,-56,-18,26,10,46,-45,83,-47,-4,-17,14,-29,-91,-58,59,31,-16,-16,13,38,-48,36,38,17,52,-12,12,-98,78,2,66,5,-6,-20,9,-1,12,0,22,4,-5,-16,14,0,16,-2,16
5.6400,63,88,-13,7,37,51,18,12,78,40,-7,18,-39,12,-78,-80,23,-41,-11,24,-10,89,-43,79,-78,0,-14,8,-17,-61,-60,55,47,-6,-13,11,67,-55,77,36,5,59,-11,15,-102,57,4,50,4,0,-17,12,-5,5,2,25,6,-4,-5,13,-2,16,-3,14
5.6600,92,93,-12,2,39,55,10,1,79,23,0,25,-46,14,-51,-108,22,-25,-8,20,-15,125,-35,67,-106,-6,-10,4,-15,-32,-62,42,57,-6,-10,13,94,-60,108,36,6,60,-7,8,-93,43,0,36,1,-3,-19,8,-9,9,1,21,7,-10,-9,13,-1,14,2,9
5.6800,111,86,-2,7,43,59,7,-9,78,8,1,16,-45,12,-23,-141,20,-11,-4,18,-22,154,-30,64,-131,-4,-4,10,-8,-5,-56,32,57,-2,-5,7,112,-60,133,34,-1,61,-1,11,-87,23,-3,18,3,-6,-11,5,-8,11,3,24,4,-4,-6,15,0,14,3,15
5.7000,123,74,-2,6,39,57,-2,-15,71,-11,5,13,-42,16,11,-161,15,0,0,17,-30,179,-15,51,-137,-6,2,7,-4,22,-52,23,63,1,-1,7,124,-59,145,28,-8,66,3,7,-78,6,-7,6,6,0,-5,4,-7,10,2,20,8,-7,-3,13,-6,16,-1,14
5.7200,130,63,3,1,46,64,-7,-18,65,-24,11,11,-48,16,40,-171,17,13,5,14,-38,194,-10,43,-142,-4,0,0,1,52,-47,17,62,6,-1,10,128,-54,158,31,-6,62,2,8,-61,-7,-7,-12,8,-4,9,5,-3,10,6,20,6,-3,5,6,1,14,0,14
5.7400,124,40,11,0,42,57,-10,-26,59,-38,13,10,-45,8,65,-171,12,32,10,13,-37,208,-2,28,-136,-9,11,0,-1,79,-38,14,62,10,7,5,129,-40,159,24,-15,55,11,7,-41,-22,-11,-21,0,-8,12,0,-1,12,0,24,7,-6,10,9,-6,16,-5,11
5.7600,118,27,14,3,36,62,-13,-26,47,-50,18,14,-48,0,84,-167,11,41,15,15,-39,206,9,20,-124,-17,8,-4,6,101,-27,4,55,18,11,6,119,-38,144,18,-16,53,13,13,-24,-37,-15,-31,7,-7,15,1,-10,14,6,19,9,-4,10,3,-6,13,0,16
5.7800,109,13,17,2,36,54,-11,-20,35,-59,24,14,-43,-4,103,-152,9,50,15,6,-37,192,17,13,-109,-18,6,-6,5,116,-12,-6,46,21,14,2,109,-24,120,18,-22,41,16,6,-4,-44,-22,-42,4,-5,23,0,-6,15,6,18,6,-3,14,7,4,15,1,14
5.8000,100,-4,20,8,25,51,-3,-20,28,-68,22,9,-40,-8,113,-135,5,54,19,8,-38,178,26,-3,-81,-24,20,-1,2,133,-2,-15,48,23,14,2,96,-13,101,20,-23,32,15,11,8,-43,-21,-47,1,-4,30,4,-2,13,1,20,5,-5,16,5,-2,14,-4,13
5.8200,79,-20,18,1,23,55,-7,-16,19,-66,18,10,-37,-16,118,-113,2,61,16,10,-33,160,39,-12,-49,-29,13,1,2,131,12,-23,46,27,13,2,76,0,70,10,-23,20,13,11,23,-50,-27,-51,4,-8,29,4,-2,11,4,20,6,-2,18,8,-5,15,-2,18
5.8400,57,-33,16,6,18,49,-6,-6,6,-63,19,10,-27,-20,122,-83,-5,66,16,10,-25,128,44,-16,-19,-30,16,0,1,133,24,-33,42,30,17,4,53,12,36,8,-27,11,16,13,40,-45,-29,-49,2,-10,24,1,-2,14,9,19,5,3,17,8,-3,16,-1,15
5.8600,46,-46,19,12,18,46,-5,-4,-1,-65,14,13,-33,-17,114,-57,-6,58,16,8,-17,98,48,-29,11,-35,13,6,0,130,31,-35,36,30,13,7,33,21,8,-1,-29,2,10,13,48,-46,-28,-45,1,-9,25,9,-1,10,11,19,6,-5,8,13,-3,11,0,15
5.8800,22,-51,12,15,14,42,-6,5,-11,-58,8,8,-30,-22,105,-28,-11,53,14,9,-9,71,59,-35,34,-32,7,6,5,118,41,-33,35,26,9,13,10,23,-20,3,-27,-12,7,16,55,-41,-31,-31,4,-12,11,7,-3,13,8,20,4,-4,8,8,-5,10,0,20
5.9000,0,-57,8,13,19,41,-8,17,-15,-51,2,12,-27,-21,91,0,-9,45,6,9,-2,44,56,-38,57,-34,4,5,7,108,44,-37,30,23,0,11,-11,30,-47,0,-24,-28,3,18,61,-35,-29,-27,4,-9,8,15,0,10,1,19,7,-2,-2,9,-4,6,2,16
5.9200,-18,-61,2,19,22,36,-8,20,-17,-48,-5,15,-18,-20,79,23,-9,32,1,13,3,15,56,-39,74,-31,-4,8,3,90,43,-29,32,26,0,11,-33,35,-71,-1,-23,-39,2,20,55,-31,-27,-12,5,-9,-5,18,0,12,1,16,5,-2,-4,19,-3,10,-2,19
5.9400,-35,-60,-9,13,24,25,-10,27,-23,-38,-7,18,-16,-13,67,48,-8,21,-8,10,16,-5,48,-39,90,-26,-7,8,8,73,40,-25,28,20,-10,9,-51,37,-86,3,-21,-37,-9,20,52,-23,-25,-1,5,-6,-9,23,-1,12,5,20,4,-1,-9,11,-1,11,1,15
5.9600,-51,-54,-7,16,22,19,-10,37,-21,-35,-18,15,-11,-13,47,65,-8,9,-15,13,18,-30,38,-35,99,-27,-11,12,9,55,42,-16,18,17,-12,13,-68,35,-100,0,-18,-45,-7,19,44,-18,-21,14,7,-9,-13,26,3,12,1,15,3,3,-9,17,-3,15,1,19
5.9800,-69,-46,-13,19,25,13,-15,42,-22,-20,-15,13,-1,-9,30,84,-6,-5,-16,8,23,-46,32,-33,103,-17,-16,9,15,40,30,-5,11,14,-14,12,-80,43,-111,4,-10,-44,-14,20,36,-5,-10,28,6,-9,-20,32,5,13,3,14,4,-8,-15,12,-3,11,4,17
6.0000,-78,-39,-11,15,20,5,-14,43,-19,-9,-12,13,4,-12,10,97,-8,-14,-17,7,27,-64,18,-24,106,-13,-13,8,4,25,20,7,7,11,-16,17,-94,42,-111,7,-9,-41,-10,15,24,2,-1,38,8,-5,-14,40,4,16,0,13,1,-5,-15,11,-4,10,1,24
6.0200,-88,-24,-11,19,19,0,-8,48,-18,-5,-13,11,6,-5,-5,106,-4,-18,-20,9,29,-69,6,-23,106,2,-13,15,5,6,15,25,0,5,-10,16,-102,36,-109,7,-8,-39,-14,15,13,17,7,49,8,-9,-20,45,-4,14,1,17,5,-4,-11,15,-3,13,1,18
6.0400,-96,-16,-10,15,13,-10,-3,52,-16,7,-15,8,15,-6,-17,110,3,-28,-12,9,31,-75,-4,-9,101,5,-10,12,-2,-5,6,32,-9,7,-12,13,-107,32,-105,17,-4,-40,-11,16,0,27,20,56,8,-9,-15,47,-2,16,-3,14,-3,-2,-14,10,-1,9,0,17
6.0600,-90,-1,-10,15,16,-11,5,47,-11,21,-11,13,22,3,-29,111,3,-36,-13,5,28,-78,-20,-1,90,11,-11,9,-12,-25,3,47,-10,3,-11,14,-107,34,-97,16,-3,-40,-16,13,-3,40,22,55,12,-4,-13,43,-1,14,2,15,3,-2,-15,13,-4,13,5,18
6.0800,-95,5,-12,16,4,-15,8,49,-11,25,-10,9,26,1,-37,107,11,-35,-15,5,27,-76,-30,9,88,19,-12,14,-15,-31,-2,54,-19,0,-12,17,-105,25,-86,20,-3,-33,-11,15,-13,48,31,55,10,-3,-6,44,2,12,2,15,2,-7,-12,10,-5,11,9,17
6.1000,-86,12,-8,13,3,-18,16,42,-1,36,-15,5,30,7,-47,104,6,-33,-13,3,26,-77,-44,24,71,33,-12,8,-17,-38,-6,65,-22,4,-11,16,-102,20,-80,21,-5,-29,-14,10,-21,52,38,53,9,-5,-11,45,1,15,-2,11,5,-4,-15,7,0,13,2,14
6.1200,-75,18,-13,10,0,-24,25,41,2,46,-11,5,31,15,-54,102,14,-32,-14,1,21,-76,-51,37,63,28,-12,14,-30,-46,-15,66,-24,3,-10,14,-91,13,-69,25,-8,-30,-15,6,-30,65,44,43,16,-5,-3,40,-1,16,-1,14,7,-4,-15,8,-2,11,-1,18
6.1400,-63,24,-12,13,-3,-15,29,34,4,46,-20,4,27,14,-62,91,19,-25,-12,3,16,-68,-50,41,49,36,-9,14,-34,-44,-14,69,-25,3,-22,10,-69,10,-49,33,-6,-32,-16,6,-35,69,48,36,15,-7,-8,37,1,16,1,15,1,-1,-14,6,-2,10,-6,14
6.1600,-47,26,-14,13,4,-14,38,29,16,53,-22,3,23,17,-62,86,24,-19,-12,2,18,-60,-52,54,41,40,-14,13,-40,-49,-24,74,-24,12,-13,11,-56,3,-38,39,-11,-24,-18,6,-35,74,51,31,9,-3,-8,31,-4,13,-2,15,6,-6,-17,8,-2,13,3,18
6.1800,-32,27,-12,11,-2,-12,34,24,21,61,-19,10,16,22,-58,77,28,-7,-18,2,5,-53,-47,57,27,36,-19,11,-37,-45,-19,64,-28,13,-18,10,-35,-10,-28,38,-15,-24,-21,3,-29,75,52,13,8,-4,-15,31,0,15,-2,13,8,-11,-23,11,2,11,2,15
6.2000,-5,19,-23,8,2,-5,38,21,33,51,-27,9,12,30,-60,64,35,3,-22,7,6,-44,-40,69,11,33,-25,10,-44,-43,-23,58,-20,16,-22,7,-16,-18,-14,47,-16,-25,-20,7,-27,77,47,8,10,-3,-17,24,-2,15,0,10,9,-9,-25,13,1,13,3,14
6.2200,13,18,-23,7,-1,-1,41,16,41,49,-26,8,8,27,-50,55,39,11,-25,3,0,-34,-40,73,4,32,-25,12,-42,-41,-23,51,-21,17,-27,8,8,-17,-1,47,-23,-19,-26,6,-26,70,44,-5,9,-3,-22,28,-2,10,-2,17,5,-7,-28,8,2,13,4,12
6.2400,32,17,-30,11,0,10,46,13,45,37,-38,13,0,26,-50,38,43,26,-27,3,-5,-20,-36,76,-13,33,-30,11,-42,-40,-23,45,-12,21,-33,16,24,-24,13,54,-24,-19,-38,2,-21,61,42,-17,6,-1,-26,18,0,14,-3,14,6,-6,-35,9,1,10,6,16
6.2600,47,9,-36,10,1,13,36,3,53,33,-37,10,-7,28,-45,35,40,31,-39,4,-4,-11,-23,77,-22,23,-34,12,-35,-30,-27,41,-8,22,-36,16,53,-33,28,56,-24,-13,-38,6,-15,49,35,-23,12,-2,-32,17,3,14,-1,14,5,-7,-36,13,2,7,0,15
6.2800,68,4,-39,10,4,20,28,7,55,18,-41,11,-11,26,-30,20,45,38,-41,6,-15,3,-14,80,-30,25,-40,15,-29,-18,-19,24,-1,23,-42,14,68,-33,41,54,-25,-13,-45,7,-1,40,29,-29,8,-1,-39,19,1,14,-3,11,7,-6,-38,9,-1,15,1,14
6.3000,83,5,-42,14,-3,26,30,-3,55,4,-45,12,-14,29,-21,9,41,42,-39,15,-11,13,-2,83,-36,12,-44,14,-28,-15,-24,17,10,23,-42,13,84,-33,48,54,-23,-11,-46,9,0,25,26,-38,3,2,-43,20,1,15,-2,14,7,-4,-39,8,0,13,3,14
6.3200,95,-8,-50,14,-4,31,27,-5,56,-4,-42,9,-20,24,-14,0,40,48,-41,11,-17,19,4,82,-55,9,-40,11,-25,-4,-17,9,14,29,-47,17,97,-42,60,50,-18,-9,-52,6,6,14,16,-39,4,0,-46,16,0,13,3,14,9,-8,-45,9,-5,17,1,18
6.3400,103,-13,-45,18,-7,35,24,-7,50,-12,-43,14,-24,17,-4,-9,42,51,-35,13,-16,32,16,90,-59,2,-45,9,-18,7,-14,-3,11,20,-44,16,107,-36,65,44,-23,-16,-49,7,9,1,8,-44,8,-1,-41,14,-1,9,-3,14,7,-1,-44,12,-1,15,8,16
6.3600,109,-17,-43,3,-10,36,21,-6,48,-29,-36,11,-21,8,4,-17,35,61,-42,10,-18,42,26,83,-59,0,-32,13,-17,18,-15,-7,26,24,-43,15,109,-32,68,41,-19,-8,-41,7,12,-16,2,-48,6,0,-40,15,-3,20,3,13,5,-5,-42,12,2,13,2,14
6.3800,112,-17,-38,7,-12,32,17,-7,44,-40,-31,5,-23,1,13,-23,29,64,-41,12,-18,48,29,81,-61,-5,-34,12,-11,23,-6,-16,17,19,-44,9,118,-29,71,36,-22,-14,-35,2,14,-26,-3,-52,11,3,-37,17,-1,13,0,16,10,-3,-38,9,0,14,2,14
6.4000,113,-18,-37,6,-12,36,6,2,36,-50,-28,8,-26,1,23,-25,25,62,-34,8,-15,53,37,81,-62,-12,-33,12,-9,32,-5,-22,22,22,-39,6,111,-20,72,35,-16,-11,-26,3,17,-32,-9,-51,7,-2,-31,17,1,15,1,23,2,-7,-31,11,-1,18,4,15
6.4200,106,-17,-33,7,-9,35,9,4,30,-56,-26,10,-21,-8,27,-29,24,66,-29,15,-16,58,40,73,-58,-24,-27,9,-5,40,-8,-24,28,15,-27,3,107,-12,74,25,-12,-12,-28,2,20,-41,-19,-52,5,1,-30,20,-1,15,-2,18,12,-4,-28,8,-2,19,-4,12
6.4400,103,-15,-27,6,-10,36,-3,-4,16,-61,-20,14,-20,-10,34,-33,9,66,-24,7,-7,61,42,68,-61,-31,-23,7,3,47,-4,-25,32,23,-20,7,103,1,68,14,-12,-16,-19,4,10,-46,-21,-44,2,-1,-20,10,1,16,3,17,9,-4,-22,9,-1,14,3,11
6.4600,93,-19,-16,8,-13,31,-8,4,8,-64,-14,4,-20,-9,36,-35,7,55,-23,14,-8,67,42,66,-49,-32,-17,6,6,49,-5,-29,29,16,-16,7,87,9,64,9,-7,-13,-14,5,14,-47,-31,-42,1,3,-7,9,-1,13,1,13,7,-3,-14,7,-4,19,0,18
6.4800,84,-12,-9,7,-10,30,-11,6,-8,-60,-9,8,-16,-15,36,-34,0,52,-13,8,-8,60,43,63,-50,-33,-16,4,8,53,-6,-29,27,10,-19,2,77,25,63,8,-4,-17,-11,5,12,-46,-34,-39,6,-1,-8,7,-2,13,-3,18,8,-5,-12,6,0,9,-2,19
6.5000,67,-10,-12,4,-4,28,-11,6,-18,-58,-8,2,-12,-12,40,-29,-7,49,-8,12,-2,58,44,53,-41,-41,-8,6,11,53,-6,-28,24,10,-7,6,65,41,52,-1,-8,-23,-7,7,6,-45,-36,-34,2,1,-6,7,1,18,-5,16,3,-7,-7,8,0,19,-3,18
6.5200,54,-6,-9,6,5,22,-14,13,-37,-54,-3,7,-13,-15,39,-25,-13,39,-3,6,3,58,49,52,-33,-39,-6,3,15,48,-3,-29,23,6,-7,4,50,48,47,-5,-8,-18,-2,8,-1,-32,-39,-23,0,-3,-5,3,0,11,-1,20,7,-5,0,6,-6,14,2,20
6.5400,42,1,-1,6,5,24,-17,20,-50,-47,0,4,-5,-9,37,-19,-18,32,3,11,5,49,38,44,-30,-46,-3,4,12,50,-2,-29,18,5,0,1,30,63,35,-14,0,-16,-2,5,-4,-27,-44,-11,1,-2,7,1,-2,17,0,19,4,-1,2,8,-7,14,2,12
6.5600,29,0,1,10,14,21,-16,18,-60,-40,12,8,-4,-10,37,-8,-17,25,2,7,13,43,33,44,-20,-41,1,8,11,52,-3,-23,17,2,2,2,12,82,27,-16,-1,-18,7,6,-8,-20,-40,-9,5,-1,0,-5,0,20,0,17,4,-8,2,7,-2,13,0,16
6.5800,6,10,2,9,16,15,-14,26,-79,-30,8,9,-3,-15,33,-4,-23,15,8,5,10,38,36,35,-13,-42,7,4,13,45,-9,-18,21,0,4,4,1,99,20,-21,0,-19,5,10,-12,-16,-41,-1,4,-1,9,-4,-3,17,-2,19,2,-7,9,5,-1,14,-1,12
6.6000,-1,14,8,5,25,9,-11,27,-87,-21,9,12,2,-12,30,5,-23,10,7,6,16,26,30,31,-3,-38,9,5,10,41,-12,-12,17,2,8,1,-9,108,12,-20,3,-17,9,10,-17,-2,-43,13,3,-2,15,-3,-7,17,4,16,4,-6,11,9,0,13,-2,14
6.6200,-14,19,6,8,31,9,-10,28,-93,-11,12,15,1,-7,28,10,-21,2,10,5,15,23,27,24,-1,-45,7,7,8,36,-17,-9,13,-2,6,3,-21,117,5,-18,4,-12,10,6,-25,11,-41,17,2,-1,11,-5,-6,19,0,15,8,-4,9,2,3,17,-2,12
6.6400,-29,25,13,5,37,2,-6,32,-105,-4,11,8,3,-12,25,17,-22,-2,12,9,21,11,22,21,11,-44,11,5,4,37,-17,-4,14,-1,11,8,-32,121,0,-18,0,-18,14,12,-28,21,-40,30,3,-3,17,1,-1,12,2,12,7,-4,16,11,0,12,0,16
6.6600,-35,30,8,9,44,1,-6,28,-100,8,12,10,7,-20,14,20,-22,-9,13,4,14,6,18,18,11,-33,6,15,-2,35,-25,2,20,-1,9,8,-41,126,-4,-15,3,-17,16,7,-30,25,-35,32,2,-1,13,1,-4,18,-1,16,9,-4,9,6,1,16,3,16
6.6800,-42,26,10,5,49,4,4,33,-103,14,17,7,8,-11,14,32,-16,-18,14,11,15,6,9,14,16,-37,9,12,-5,28,-29,9,11,-3,16,3,-50,126,-9,-15,0,-20,14,8,-33,36,-29,37,4,-3,15,5,1,12,-1,13,4,-3,13,12,-2,16,1,14
6.7000,-46,29,10,6,53,5,7,32,-98,18,19,14,11,-17,7,37,-17,-14,14,11,12,-1,8,8,20,-32,14,8,-8,20,-29,18,20,3,13,3,-50,120,-16,-10,0,-22,14,7,-28,34,-25,43,1,-1,14,8,-4,16,4,14,3,1,14,8,-4,20,-2,15
6.7200,-48,33,12,7,61,2,13,25,-90,20,15,12,7,-16,2,33,-16,-22,15,9,11,-8,2,12,19,-24,8,6,-11,21,-38,20,25,2,14,9,-62,111,-20,-8,4,-18,15,13,-32,45,-25,42,5,-3,17,10,-1,16,-1,21,4,-1,16,7,-2,16,-1,17
6.7400,-44,29,12,11,61,4,11,25,-76,23,12,9,9,-26,0,33,-10,-28,13,6,8,-5,2,10,23,-22,11,6,-15,18,-38,19,31,3,14,9,-58,104,-22,-1,0,-20,16,13,-26,45,-22,44,1,-4,13,16,0,12,5,13,4,1,13,11,-4,14,-2,12
6.7600,-47,26,12,11,62,7,18,18,-68,27,15,6,4,-19,1,40,-10,-33,13,4,2,-9,-2,12,16,-12,9,8,-15,15,-41,26,37,-2,12,7,-52,90,-17,1,-1,-26,11,11,-21,45,-13,45,4,-2,19,24,-4,17,-1,13,5,-2,13,16,0,15,1,16
6.7800,-41,22,10,8,64,16,15,20,-49,28,11,8,-2,-26,-4,36,-12,-29,10,10,3,-3,-13,12,18,-14,8,8,-15,16,-43,34,43,7,11,6,-46,75,-12,1,-5,-22,14,11,-26,47,-2,50,2,-6,10,26,-2,14,-2,17,2,-4,9,10,-1,19,5,15
6.8000,-36,23,12,6,61,9,22,12,-35,29,6,13,-2,-25,-10,35,-6,-31,5,7,1,-5,-13,13,12,-4,11,11,-18,11,-53,34,51,7,9,12,-43,56,-13,6,-9,-33,12,19,-18,40,-4,54,0,-3,5,30,-4,13,3,18,4,-3,10,9,2,15,-4,16
6.8200,-31,17,5,10,59,13,17,16,-15,19,7,11,-1,-28,-5,38,1,-28,8,10,-9,-1,-21,13,13,3,8,10,-22,9,-56,38,53,6,4,14,-38,40,-10,11,-11,-31,3,19,-17,41,8,51,8,-1,9,29,-2,16,3,17,5,-2,6,12,-1,15,-4,18
6.8400,-26,13,10,11,60,11,20,12,5,18,-1,15,-2,-28,-9,21,0,-28,0,12,-9,3,-19,16,9,6,0,7,-20,8,-56,39,61,6,5,12,-35,23,-7,12,-13,-37,4,19,-10,33,11,53,5,0,6,31,-5,15,0,15,4,-3,5,12,-1,10,0,18
6.8600,-28,13,4,11,59,17,16,6,15,6,0,14,-8,-26,-6,21,7,-27,4,13,-9,6,-26,19,4,13,7,13,-18,8,-59,39,73,11,2,12,-24,1,-1,18,-9,-35,7,17,-7,27,13,48,4,-1,1,35,-6,13,-1,21,5,-7,1,14,2,12,-4,17
6.8800,-17,-4,3,16,55,20,18,3,31,6,-2,16,-11,-26,-8,16,9,-30,0,11,-12,9,-24,23,8,20,1,15,-20,6,-59,39,77,14,1,11,-21,-11,-3,15,-13,-30,4,18,-2,20,21,43,1,-4,0,36,0,12,0,17,3,-2,1,14,-2,13,1,17
6.9000,-20,-10,-1,19,52,21,13,-1,51,3,-2,16,-12,-25,-7,16,10,-29,-5,18,-17,12,-20,27,7,20,-3,13,-22,1,-55,39,83,16,1,16,-25,-28,-5,20,-17,-36,-1,19,3,16,24,48,7,-2,-3,33,-3,15,2,17,6,-1,-3,15,-3,17,5,16
6.9200,-17,-12,-2,12,47,27,12,-1,62,-5,-1,18,-15,-28,-9,12,10,-25,-7,15,-20,17,-17,34,5,21,-1,10,-16,6,-57,35,86,15,-2,13,-22,-41,-1,20,-15,-41,-2,14,11,8,32,37,6,-8,-8,35,-2,14,0,15,-2,-6,-6,11,-4,11,-3,18
6.9400,-15,-16,1,10,51,24,12,-1,74,-10,-7,14,-15,-28,-7,13,7,-24,-5,14,-20,18,-15,39,4,28,-5,12,-11,4,-59,35,91,13,-4,11,-21,-59,-3,23,-12,-44,-3,17,19,6,35,37,5,-5,-5,31,-3,14,1,17,-1,-4,-4,10,-8,12,2,20
6.9600,-10,-23,-8,13,50,27,6,-1,88,-16,-10,18,-14,-31,-7,12,12,-18,-3,12,-16,24,-16,36,13,32,-5,11,-13,8,-59,33,90,16,-4,14,-15,-70,-4,23,-18,-49,-10,15,20,3,36,31,4,-3,-7,36,-4,11,2,17,7,-6,-4,13,1,15,6,17
6.9800,-12,-26,-3,14,45,26,7,-3,93,-20,-10,14,-16,-30,-3,9,11,-11,-8,15,-22,22,-10,43,10,35,-12,15,-9,8,-57,26,94,17,-5,10,-17,-79,-4,20,-13,-51,-7,16,30,-1,39,28,9,-2,-7,32,-2,10,-1,13,3,-5,-9,15,2,11,2,15
7.0000,-10,-33,-8,11,44,26,1,-1,96,-16,-6,14,-16,-32,-2,7,14,-6,-7,11,-19,21,-6,41,14,32,-11,12,-7,10,-61,20,91,10,-7,14,-16,-83,-10,24,-13,-56,-12,9,30,-2,38,20,4,0,-11,37,-5,11,0,17,4,-2,-11,12,-1,17,4,18
7.0200,-13,-38,-10,12,44,24,-7,2,99,-17,-15,12,-14,-36,2,11,6,-9,-6,11,-15,24,3,47,16,35,-11,11,-2,13,-54,13,94,15,-12,12,-15,-86,-14,25,-10,-56,-13,13,35,-4,44,14,3,-5,-13,34,0,14,4,16,4,-2,-9,13,-4,17,1,20
7.0400,-14,-37,-8,14,47,24,-4,-2,98,-14,-12,13,-16,-42,2,13,11,-2,-13,8,-16,16,4,52,17,35,-11,8,2,14,-56,9,93,11,-14,11,-12,-88,-17,24,-11,-60,-11,10,34,-2,46,9,1,-2,-12,32,2,11,4,19,2,-5,-12,12,5,12,-2,19
7.0600,-10,-40,-8,13,44,27,-3,4,98,-18,-10,8,-14,-39,3,14,12,4,-15,10,-18,14,6,53,27,34,-11,10,4,9,-57,7,91,11,-9,10,-17,-81,-23,23,-6,-65,-15,12,36,-3,41,5,-2,-2,-11,36,-1,9,4,19,4,-4,-11,10,1,8,1,16
7.0800,-12,-42,-9,9,48,25,-7,-2,91,-19,-17,8,-11,-46,5,14,12,9,-12,11,-14,18,13,56,31,41,-12,10,5,16,-51,4,82,10,-13,7,-17,-80,-20,21,-7,-69,-13,11,39,0,44,7,5,-3,-13,32,-2,7,1,15,2,-2,-18,11,-1,10,-3,16
7.1000,-13,-39,-14,8,49,19,-6,-1,80,-12,-20,7,-14,-42,7,14,7,11,-11,10,-17,13,14,62,29,29,-10,5,9,14,-48,-1,71,10,-11,10,-15,-74,-24,20,-12,-72,-16,7,42,5,39,5,4,-3,-9,33,-3,16,6,18,8,-2,-15,8,2,9,-1,16
7.1200,-17,-43,-17,8,51,20,-7,0,78,-11,-16,3,-11,-43,11,21,5,13,-14,10,-13,9,13,57,32,31,-16,6,5,13,-47,-1,70,7,-11,11,-22,-68,-29,20,-8,-72,-17,10,36,5,37,-4,6,1,-10,35,-3,14,0,16,5,2,-16,7,-6,11,0,18
7.1400,-16,-45,-17,9,53,16,-7,6,66,-12,-14,5,-8,-45,6,24,8,19,-21,8,-8,2,11,63,31,28,-19,5,8,17,-44,2,66,7,-17,9,-22,-55,-31,15,-8,-76,-15,4,33,9,30,-3,1,-2,-16,36,2,14,5,15,5,-1,-13,13,-4,15,1,16
7.1600,-18,-42,-19,7,53,18,-5,2,49,-9,-22,5,-7,-37,4,31,5,14,-14,6,-13,7,15,64,35,24,-19,3,6,18,-44,5,59,11,-17,3,-20,-38,-30,23,-8,-76,-19,9,34,18,31,-7,2,-2,-14,34,3,11,2,18,3,-6,-18,7,-1,12,0,15
7.1800,-14,-39,-18,6,46,21,-6,8,42,6,-16,8,-1,-39,3,26,12,20,-18,9,-13,-1,11,67,27,23,-19,8,14,17,-35,6,51,10,-19,6,-18,-29,-32,13,-10,-72,-17,4,30,18,28,-5,6,-6,-14,39,1,8,1,16,5,0,-25,9,-1,11,1,15
7.2000,-13,-30,-25,12,50,18,-5,8,31,9,-20,6,-9,-37,6,26,6,16,-22,11,-6,-5,6,66,34,20,-19,6,4,17,-35,6,51,11,-20,5,-17,-18,-30,16,-10,-70,-18,7,24,26,27,-5,9,-3,-16,37,-1,14,1,13,6,-4,-30,11,-5,12,5,12
7.2200,-13,-20,-20,10,52,18,-9,14,21,13,-19,10,-9,-31,9,36,3,16,-20,10,-5,-3,7,69,27,19,-19,10,7,17,-34,8,42,7,-18,1,-16,-8,-26,11,-10,-71,-22,5,16,35,20,-9,6,-3,-16,39,4,10,-3,14,5,-5,-19,7,0,13,4,13
7.2400,-12,-17,-17,2,48,17,-3,7,7,14,-18,7,-8,-29,5,32,4,17,-15,9,-2,-3,7,72,28,11,-15,4,6,17,-25,12,44,15,-18,6,-13,1,-25,13,-13,-62,-23,8,10,33,19,-5,4,-3,-18,39,-1,10,0,16,7,-1,-22,6,-3,16,4,19
7.2600,-10,-19,-20,5,46,16,-9,11,1,17,-24,10,-6,-26,4,31,3,21,-20,7,-1,1,6,70,19,10,-21,11,6,14,-18,20,36,14,-20,7,-10,15,-20,11,-15,-63,-16,10,5,36,14,-3,6,-6,-18,44,1,13,1,18,6,-6,-19,10,-1,10,6,16
7.2800,-5,-8,-16,7,45,21,-3,15,-9,22,-19,9,-8,-19,4,29,-1,20,-19,5,2,0,5,82,18,3,-19,8,-3,11,-25,19,34,9,-18,7,-11,24,-16,13,-10,-64,-18,9,2,38,5,-5,4,-2,-11,44,5,14,3,14,3,-3,-19,10,-1,11,-2,17
7.3000,1,0,-21,7,44,16,1,17,-14,20,-22,8,-6,-19,0,31,2,23,-16,6,7,-5,0,82,18,0,-22,15,-6,18,-18,20,34,12,-15,10,-6,28,-10,10,-11,-57,-19,10,-6,43,0,-2,3,-5,-14,43,4,13,3,16,1,-5,-16,8,1,16,2,17
7.3200,0,4,-17,9,42,20,4,19,-20,26,-23,9,-11,-20,2,25,0,22,-18,11,5,-1,-3,83,3,-3,-16,9,-5,15,-21,25,34,10,-13,9,-2,40,-2,12,-5,-53,-19,9,-12,44,-1,-5,7,-3,-16,41,-3,15,2,13,2,2,-20,6,-4,20,1,14
7.3400,7,10,-21,12,39,19,6,17,-23,23,-22,11,-11,-17,-3,25,0,20,-17,8,5,1,-6,88,1,-12,-17,8,-7,14,-19,18,36,10,-17,10,1,46,3,7,-8,-52,-21,10,-17,44,-2,-11,7,-3,-12,43,-3,14,3,16,6,-1,-16,9,4,13,-1,13
7.3600,15,13,-15,14,39,19,15,21,-25,28,-21,9,-7,-18,-3,22,-5,18,-21,9,6,3,-5,84,-5,-10,-18,2,-14,6,-21,23,35,11,-15,11,13,46,10,11,-3,-51,-18,11,-21,43,-11,-10,2,-4,-17,41,3,15,-4,12,8,-3,-22,6,-1,14,-2,20
7.3800,22,21,-14,7,36,18,16,23,-26,21,-21,13,-9,-15,-5,18,-5,26,-17,9,11,10,-9,88,-10,-10,-20,14,-15,12,-22,20,36,0,-19,13,15,47,15,10,-6,-48,-21,10,-22,37,-7,-12,7,-3,-21,44,1,17,5,13,6,-9,-23,11,1,12,4,17
7.4000,22,22,-22,9,35,17,19,28,-27,19,-20,12,-10,-14,-2,15,0,27,-16,7,11,9,-8,88,-17,-15,-24,11,-17,9,-20,24,31,6,-22,12,22,53,18,9,0,-40,-24,11,-31,40,-11,-14,9,-7,-17,41,-6,16,-3,13,3,-2,-21,14,-1,13,-2,13
7.4200,31,29,-18,6,34,26,18,28,-25,16,-16,12,-15,-17,-8,13,-6,27,-18,7,6,14,-4,90,-24,-15,-18,13,-22,10,-26,24,33,4,-19,16,25,47,23,8,-3,-41,-19,7,-26,35,-14,-17,4,-2,-16,45,-2,15,-4,8,2,-4,-14,12,-2,16,3,15
7.4400,29,26,-18,8,31,20,21,28,-23,12,-11,13,-9,-14,-6,11,-7,25,-20,10,9,18,-5,88,-27,-18,-16,12,-27,8,-26,20,43,0,-21,11,28,44,27,5,-2,-43,-17,8,-34,34,-15,-13,4,-4,-13,40,-1,19,-2,16,3,-3,-19,9,0,17,2,16
7.4600,34,22,-17,7,33,20,25,26,-27,11,-16,11,-10,-17,-9,6,-1,30,-16,9,16,23,2,86,-23,-13,-15,17,-21,9,-25,16,40,-3,-18,14,33,49,32,5,-4,-42,-16,10,-32,25,-14,-15,4,-6,-13,41,-1,12,0,16,5,-1,-21,13,1,17,-3,19
7.4800,39,23,-13,6,32,24,21,29,-24,2,-13,12,-11,-10,-2,6,-4,26,-16,10,10,25,-2,81,-30,-13,-15,15,-25,10,-23,14,43,-1,-20,14,34,43,34,6,-6,-46,-13,13,-28,21,-9,-14,9,-7,-17,38,6,12,3,16,0,-3,-18,10,-3,18,0,13
7.5000,39,25,-15,10,26,21,21,27,-16,-7,-14,4,-9,-13,-4,-3,-2,25,-17,8,12,30,0,83,-30,-17,-13,20,-23,8,-29,17,39,-2,-18,13,38,40,39,7,2,-43,-12,11,-27,14,-10,-11,4,-1,-10,33,-1,18,-2,14,2,-2,-14,11,-2,15,5,15
7.5200,39,21,-13,9,25,25,22,27,-21,-2,-11,9,-12,-9,-3,-2,5,25,-13,8,7,30,1,80,-34,-11,-18,12,-21,12,-23,13,46,-4,-18,14,39,39,36,10,3,-38,-15,7,-28,13,-10,-10,5,-2,-16,29,-3,16,0,11,4,-3,-16,6,2,13,2,17
7.5400,42,21,-16,9,24,22,20,27,-15,-8,-15,11,-11,-10,1,-2,2,23,-9,9,10,31,7,73,-24,-13,-12,12,-22,13,-13,13,40,-1,-13,13,37,34,32,9,2,-41,-12,10,-22,10,-8,-4,6,-5,-8,30,-2,14,0,10,0,-5,-14,10,-1,14,1,18
7.5600,43,17,-11,7,22,19,18,22,-12,-10,-12,12,-9,-6,0,-4,4,24,-11,6,10,36,7,68,-29,-5,-15,9,-24,11,-17,8,46,0,-15,15,37,30,34,6,0,-35,-11,14,-20,4,-8,-7,6,0,-12,27,0,18,1,13,1,-3,-11,12,0,13,2,17
7.5800,41,21,-13,9,9,24,15,24,-9,-24,-7,10,-8,-8,1,2,2,22,-11,6,6,35,12,66,-26,-11,-12,7,-20,13,-18,8,40,0,-12,11,37,33,33,14,1,-34,-10,10,-21,4,-4,-7,7,-3,-7,30,-1,15,-2,12,4,-4,-7,11,2,17,-2,17
7.6000,36,16,-4,11,5,20,18,21,-7,-20,-5,8,-7,-3,4,-4,3,18,-9,12,3,34,14,62,-22,-3,-10,14,-17,17,-15,4,36,-3,-6,13,30,25,29,15,-3,-36,-4,11,-19,-1,-5,-4,9,4,-6,24,-6,15,1,14,1,-5,-8,12,-3,12,1,16
7.6200,35,15,-8,11,13,24,9,21,-2,-22,-9,15,-9,-5,4,-6,1,17,-6,12,5,34,9,59,-21,-6,-11,8,-10,17,-12,1,38,1,-11,8,31,22,28,17,-5,-30,-4,7,-15,-6,-1,-3,0,-8,-7,26,-4,12,-2,18,4,-5,-8,14,0,16,-1,13
7.6400,34,13,-8,8,8,24,11,18,0,-25,-4,8,-11,0,5,-2,5,10,-8,11,-1,33,16,46,-14,-8,-3,9,-3,20,-5,0,41,1,-8,8,25,18,19,14,-3,-28,-1,10,-10,-9,-2,3,9,-4,-3,19,-4,14,2,18,6,-5,-6,10,-1,15,4,18
7.6600,24,11,-8,15,9,23,9,14,-3,-25,-4,11,-10,-2,8,-5,4,7,-2,10,-3,30,17,43,-17,-2,-2,10,-10,20,-9,-9,31,2,-4,13,26,17,18,18,-4,-32,-4,8,-11,-13,4,11,7,-6,-2,20,1,16,5,19,5,4,-6,9,-1,11,3,16
7.6800,24,5,-1,9,12,22,6,14,5,-25,2,14,-8,-2,11,0,11,12,-3,10,-1,28,22,42,-9,-3,-4,9,-3,24,-5,-5,29,0,-4,14,16,19,14,19,-4,-25,3,12,-10,-13,1,7,7,-4,1,17,-4,11,-2,18,5,-3,2,12,0,15,2,15
7.7000,19,7,0,7,10,19,2,13,1,-29,1,13,-10,0,11,1,6,1,-1,12,-6,22,21,33,-3,-6,0,9,-6,20,-4,-5,31,-1,1,8,7,13,12,21,-4,-26,-1,10,-4,-10,-2,19,7,-1,1,16,0,15,5,17,3,-5,-1,11,-3,16,3,17
7.7200,13,3,4,12,15,23,1,12,1,-27,6,13,-13,4,11,8,8,1,3,10,-3,21,23,24,2,-3,5,9,1,25,-9,-11,25,7,0,11,3,18,4,19,-1,-25,-1,10,-9,-15,-2,13,7,-3,3,17,-2,14,4,18,3,-7,1,13,-1,15,3,16
7.7400,10,6,0,11,17,21,-4,14,4,-23,3,9,-5,4,17,8,13,-3,-2,9,-1,22,29,17,3,-10,3,11,4,31,-10,-9,24,-2,0,6,-2,16,8,16,-2,-16,4,5,-2,-15,-2,23,4,3,0,11,-3,16,2,16,3,3,3,13,3,10,-3,14
7.7600,5,1,5,10,19,20,-4,16,5,-22,0,5,-7,2,18,12,9,-7,2,8,-8,19,25,14,2,-11,4,10,7,27,-17,-15,23,8,0,4,-4,9,-1,18,-3,-17,5,5,-5,-7,-8,24,6,-2,5,14,-5,14,2,15,1,1,2,7,2,15,1,14
7.7800,0,1,3,10,24,18,1,12,5,-24,1,10,-8,-1,15,13,12,-7,2,11,-2,17,32,9,3,-11,-3,7,5,30,-15,-11,21,5,5,7,-9,10,0,15,-1,-9,-2,8,-7,-5,-2,28,1,-1,4,11,-4,13,-1,15,6,-2,3,9,-4,16,2,13
7.8000,-3,4,7,9,19,21,-4,9,4,-23,1,7,-9,5,17,15,10,-15,6,8,-6,16,30,9,8,-12,0,6,5,29,-14,-11,20,4,3,6,-15,14,-8,17,-5,-5,2,9,-2,-3,-3,31,6,-2,8,8,-1,14,2,20,3,-3,-2,12,-1,15,-2,13
7.8200,-10,6,4,14,24,20,-11,11,8,-18,6,8,-9,5,15,21,11,-19,5,7,-4,14,29,2,17,-10,1,4,4,29,-19,-14,20,0,1,6,-14,19,-6,20,2,-8,0,8,-8,-2,-10,33,2,-2,1,6,3,15,0,17,5,-2,1,8,-1,17,2,18
7.8400,-14,3,6,12,23,19,-4,16,1,-12,-3,10,-7,9,19,23,12,-18,-3,11,1,14,24,9,12,-13,-1,8,4,34,-16,-14,19,2,-8,7,-18,14,-8,18,-1,-8,-3,7,-8,-4,-10,38,2,-1,0,5,-7,15,5,17,5,-6,-1,8,-1,14,3,14
7.8600,-10,3,0,6,26,18,-8,14,-2,-11,-2,12,-5,9,15,18,14,-18,1,16,-1,12,29,1,12,-14,-1,7,5,28,-19,-13,16,-1,-2,10,-20,16,-13,22,1,-7,-2,8,-8,8,-10,35,4,-6,-1,4,-1,14,0,14,4,-1,-7,15,0,17,4,22
7.8800,-16,-1,-4,14,25,21,-6,14,3,-11,1,5,-13,7,12,22,8,-14,-3,9,-1,13,31,-6,16,-12,1,1,7,26,-24,-11,17,3,-6,12,-25,14,-11,19,1,-5,-4,8,-8,10,-12,35,4,-2,-5,1,-1,17,-1,19,2,0,-2,16,2,11,-1,18
7.9000,-17,3,-4,6,25,21,-4,13,1,1,-3,11,-9,11,10,25,7,-24,0,11,-3,9,32,-6,18,-12,-5,10,5,25,-19,-11,20,2,-5,7,-24,20,-13,22,0,-5,-3,10,-9,16,-7,35,3,-2,4,4,-1,14,0,18,2,-1,-7,13,-3,18,-2,13
7.9200,-9,5,-6,13,19,21,-4,16,-2,-5,-3,4,-6,12,7,16,4,-20,-7,14,0,13,25,-15,16,-12,-4,13,5,22,-18,-16,16,-1,-4,10,-25,19,-8,16,2,-9,-6,10,-10,19,-7,38,2,-3,2,7,-1,15,-3,14,5,1,-9,12,-2,18,5,16
7.9400,-20,3,-3,9,16,16,-5,15,-5,0,-6,10,-9,12,8,22,1,-20,-6,9,-4,10,23,-5,14,-11,-5,7,5,15,-15,-7,13,3,-12,13,-21,19,-13,16,2,-7,-3,10,-4,21,-6,39,3,-6,-6,8,0,13,0,17,0,0,-8,11,0,14,-4,18
7.9600,-17,1,-6,11,10,19,-6,15,-2,6,-8,7,-10,10,0,22,2,-20,-9,6,1,6,21,-7,12,-11,-7,11,1,14,-11,0,13,-3,-8,11,-27,23,-10,13,2,-5,-8,10,-4,20,-4,28,3,-6,-2,13,-2,16,2,12,6,-7,-7,10,1,16,0,13
7.9800,-12,5,-10,7,6,15,-5,13,0,7,-8,9,-3,9,2,21,6,-13,-10,12,2,5,18,-6,14,-5,-7,9,1,16,-11,2,4,3,-6,10,-20,22,-8,15,-1,-14,-9,10,-1,22,-7,33,6,-3,-1,10,-1,18,1,15,3,-5,-4,9,0,13,-2,15
8.0000,-13,0,-11,12,5,21,-3,16,-11,3,-11,7,-9,6,0,25,3,-15,-4,9,3,6,14,-8,14,-5,-5,9,0,17,-12,-1,6,0,-12,10,-21,25,-12,8,3,-13,-6,12,0,26,-2,31,7,-1,-6,11,-1,16,-2,16,2,-5,-10,15,0,14,-1,16
8.0200,-8,-1,-11,12,0,19,0,17,-6,6,-14,6,-10,9,-4,23,0,-15,-4,6,1,6,13,-5,17,-1,-7,13,0,9,-9,6,8,2,-6,9,-22,26,-6,7,-5,-15,-7,12,-1,19,2,32,4,0,-3,13,-2,13,-1,17,5,-3,-9,12,-4,13,-5,20
8.0400,-8,-2,-7,9,0,18,-2,18,-5,2,-11,7,-5,8,-4,24,-7,-17,-9,14,4,6,15,-5,8,0,-9,11,1,12,-5,7,13,5,-6,5,-18,20,-10,8,-3,-20,-6,10,-2,18,6,28,5,-2,-6,14,-2,11,2,14,1,-2,-5,8,-4,10,2,15
8.0600,-9,-2,-7,12,-4,19,-1,14,-5,6,-12,7,0,5,0,23,-4,-11,-10,9,0,3,8,0,10,3,-6,15,-3,10,-1,10,10,4,-10,13,-14,25,-7,11,-1,-24,-8,12,-4,19,2,26,2,-3,-8,20,0,8,2,16,1,-5,-10,12,1,13,-2,14
8.0800,-5,-4,-11,9,1,21,0,12,-8,3,-4,9,-6,6,-4,22,-2,-10,-6,6,-4,8,0,4,6,6,-7,14,0,10,2,15,12,3,-12,14,-9,24,2,4,-4,-22,-10,14,4,19,11,26,4,-6,-10,19,-1,15,4,17,2,-2,-3,12,0,15,1,16
8.1000,-3,-9,-8,10,-2,16,-4,17,-7,-2,-6,13,-5,-2,-4,26,-1,-12,-7,9,-1,7,-4,6,4,10,-8,10,5,12,-2,20,8,0,-8,13,-4,29,-4,4,-5,-25,-8,14,5,14,14,26,2,-3,-5,20,-2,16,-2,14,2,-3,-5,12,3,17,1,15
8.1200,-1,-7,-4,7,1,15,-9,17,-6,3,-10,12,-8,4,0,25,-6,-6,-6,9,-1,6,-3,6,3,8,-6,10,8,14,-9,19,19,7,-6,12,-11,26,0,3,-5,-25,-4,9,4,15,14,22,2,0,-4,24,-1,10,0,16,7,-3,-8,8,0,13,4,15
8.1400,-2,-14,-6,5,8,18,-11,17,-7,1,-11,12,-3,2,0,21,-4,-8,-11,8,-1,3,-4,14,4,12,-3,9,13,15,-9,23,18,3,-8,11,-4,25,0,5,-4,-30,-5,14,8,11,18,19,3,-4,2,28,-5,19,1,18,5,-5,-5,10,-2,12,2,16
8.1600,1,-12,-11,10,2,13,-14,13,-6,-1,-5,11,-2,-6,5,22,-5,-8,-3,12,1,4,1,15,4,16,-8,11,15,12,-11,24,24,2,-5,9,-8,30,0,7,-6,-37,-9,15,7,12,20,16,4,-4,-4,24,2,15,1,17,3,-1,-4,16,-5,17,1,16
8.1800,-3,-12,-6,9,11,16,-17,7,1,-11,-6,10,-6,-8,5,19,-5,-5,-5,15,-8,9,-6,24,7,14,-6,3,17,17,-19,22,32,7,-10,9,-5,17,-2,9,-2,-33,-4,11,15,15,18,20,4,-2,-5,24,-1,17,-2,16,7,-7,-9,9,-1,12,3,18
8.2000,-5,-18,-7,12,17,10,-26,7,1,-8,-8,8,-4,-4,4,15,-7,-8,-7,10,-5,8,-7,20,0,11,-5,14,21,19,-19,24,32,0,-6,12,-10,12,3,4,4,-38,-5,10,19,12,21,20,2,-6,-6,22,0,15,2,19,6,-6,-7,11,-5,13,4,20
8.2200,-3,-17,-7,10,21,9,-19,6,4,-9,-5,8,-3,-7,10,18,-5,-4,-2,11,-10,14,-7,26,10,14,-8,9,18,25,-20,25,39,-4,-9,10,-5,17,2,5,5,-35,-8,12,18,7,22,17,7,-5,-5,19,0,14,-2,21,1,-3,-5,13,-1,14,2,18
8.2400,-5,-19,-4,16,17,11,-22,2,0,-7,-7,9,-6,-12,11,20,-12,-5,-9,12,-12,13,-8,33,5,18,-3,11,21,22,-28,24,38,-3,-6,13,-9,21,-3,4,6,-39,-9,12,15,11,24,22,4,-2,-2,18,-3,10,0,18,4,-5,1,10,-5,12,-4,15
8.2600,-4,-24,-12,13,18,16,-16,0,3,-9,-4,14,-2,-9,10,15,-4,-1,-6,11,-24,7,-9,39,5,18,-11,11,16,25,-31,29,41,-8,-4,8,-7,13,-2,5,3,-40,-5,13,21,6,21,14,-1,-5,-6,22,-5,15,2,17,10,-5,-6,14,-1,16,-2,14
8.2800,-8,-26,-6,10,22,12,-17,-5,8,-9,-4,11,3,-9,13,16,-1,-4,-8,10,-24,10,-15,35,6,14,-10,5,15,26,-26,31,42,-10,-5,9,-10,10,-2,4,10,-41,-5,13,21,8,22,18,4,-5,-5,16,-1,16,4,13,4,-4,-11,13,-2,12,1,15
8.3000,-8,-24,-5,7,20,11,-14,-8,12,-6,-6,8,-3,-13,16,15,-6,-4,-3,10,-25,7,-13,40,7,17,-4,5,12,27,-27,32,40,-9,-8,6,-14,9,2,5,8,-39,-6,12,23,11,28,16,1,-5,-9,18,-2,13,0,17,2,-3,-10,11,-3,8,-1,19
8.3200,-3,-17,-7,9,25,17,-17,-13,12,-2,-6,8,1,-10,13,17,-7,-4,-6,11,-27,8,-12,50,6,17,-8,9,15,27,-34,32,43,-16,-7,10,-6,3,-2,3,14,-44,-10,13,22,9,27,23,6,-6,-7,17,-4,14,4,19,6,-3,-6,11,-8,14,-3,15
8.3400,-5,-26,-5,11,27,11,-14,-14,15,-1,-6,11,-5,-4,10,17,-6,-2,-10,13,-30,9,-13,44,5,17,-4,8,8,26,-23,34,42,-12,-2,17,-6,4,-4,2,10,-45,-5,11,22,14,27,16,7,-6,-1,19,-2,13,0,17,4,-1,-6,13,0,15,1,18
8.3600,-7,-25,-9,12,29,11,-14,-13,20,-4,-4,10,-1,-5,14,15,-6,-6,-7,10,-30,11,-18,50,7,21,-9,11,13,29,-23,34,45,-13,-3,8,-9,-1,-5,4,13,-42,-7,13,15,23,26,19,3,-2,-5,14,-1,15,4,17,3,-4,-3,8,-2,14,3,17
8.3800,-8,-18,-8,12,28,15,-14,-14,27,7,-3,11,-2,0,12,18,-1,-8,-13,12,-28,9,-22,51,5,18,-5,8,11,22,-24,39,38,-13,-2,6,-7,1,-2,8,12,-42,-5,8,19,22,25,20,5,-5,-5,15,-3,16,5,15,1,-4,-3,13,2,13,-3,14
8.4000,-4,-18,-6,6,30,14,-8,-14,24,7,-7,8,0,-1,7,15,-3,-6,-6,10,-26,13,-22,55,6,22,-4,12,7,18,-29,40,36,-14,-6,6,-6,-3,0,4,13,-42,-7,11,15,21,25,23,2,-6,-2,18,-5,15,4,15,5,-7,-4,7,4,16,0,15
8.4200,5,-9,-4,9,28,11,-10,-13,22,8,-2,4,0,3,10,19,-4,-8,-5,13,-28,13,-26,57,5,17,-5,7,7,18,-22,38,39,-13,-4,12,-8,-2,-2,6,18,-39,-2,7,16,20,26,24,4,-5,-1,16,1,14,1,18,3,0,-1,11,-1,16,-2,20
8.4400,-5,-13,-5,10,29,16,-13,-11,23,5,2,12,-5,1,3,16,-2,-12,-3,15,-30,7,-28,60,4,19,-3,10,4,19,-25,41,33,-12,-4,10,-6,-5,1,6,14,-45,3,9,15,23,25,25,6,-5,5,17,-4,13,0,14,9,-3,-6,9,1,10,-2,13
8.4600,4,-10,4,11,33,10,-8,-12,31,12,0,14,-2,1,5,16,0,-14,-4,10,-24,10,-32,58,9,18,-3,9,14,18,-23,42,29,-13,2,4,-4,-8,4,11,15,-42,-1,10,4,31,23,26,7,-12,3,17,-7,16,-1,15,4,-6,-2,11,3,12,7,19
8.4800,8,-8,0,9,33,9,-5,-11,34,15,0,6,-2,1,1,18,-1,-11,-1,14,-26,11,-31,58,4,16,4,13,5,11,-20,43,33,-14,-2,9,2,-13,0,2,15,-36,1,7,1,31,21,33,7,-8,-5,21,-1,13,2,16,2,-4,1,13,2,13,5,18
8.5000,9,-8,0,6,29,13,-8,-5,23,12,2,9,-5,0,-5,19,-1,-14,5,10,-20,11,-22,56,5,10,5,7,9,13,-20,41,34,-6,-1,7,6,-11,3,6,14,-35,4,10,-7,34,17,27,6,-5,4,25,4,12,-6,12,3,-3,7,11,2,14,2,16
8.5200,9,-1,-2,9,33,8,-8,1,30,12,1,11,4,0,-4,16,1,-17,5,9,-18,15,-21,55,8,6,-2,7,6,10,-16,33,33,-10,-1,10,7,-8,2,9,14,-36,2,12,-8,33,14,27,3,-6,2,24,-3,14,1,13,3,2,4,9,-5,13,0,14
8.5400,10,5,1,7,24,10,-9,4,30,14,1,7,2,-6,-4,23,0,-16,7,11,-17,11,-21,53,3,7,2,11,11,9,-17,38,31,-11,1,12,3,-9,1,17,17,-31,2,6,-8,29,13,31,3,-7,2,22,-3,17,5,15,1,-4,1,11,-6,14,0,20
8.5600,10,5,3,12,21,7,-7,7,28,14,5,13,1,-9,-2,21,3,-17,3,10,-11,11,-18,50,5,1,-1,15,6,10,-19,34,30,-12,3,11,5,-5,4,17,20,-32,4,11,-14,30,7,31,6,-3,1,25,-6,15,0,15,5,-6,1,15,-1,15,3,17
8.5800,14,9,3,12,20,8,-9,9,22,17,-2,10,6,-8,-2,17,7,-15,2,13,-5,11,-15,54,-2,2,4,14,6,11,-11,31,35,-12,1,11,4,-8,1,11,16,-30,3,13,-16,32,2,33,5,-3,7,24,0,13,-3,14,6,-4,-1,13,-4,12,3,16
8.6000,7,7,4,12,14,11,-9,8,20,17,4,13,-2,-5,-3,17,10,-19,3,13,-6,16,-11,45,2,4,0,14,9,7,-6,32,31,-13,-2,8,6,-6,-2,17,14,-30,4,11,-17,31,2,34,5,-3,1,18,0,13,-1,16,5,-4,-1,9,-3,15,2,19
8.6200,17,14,0,14,16,5,-2,12,18,11,3,13,1,-10,-2,14,7,-15,-2,13,-9,13,-7,39,3,-5,-2,16,4,10,-6,24,30,-10,0,9,4,-1,6,13,9,-33,-2,10,-19,31,-4,30,4,0,-1,22,1,13,4,14,3,-2,0,13,0,11,1,15
8.6400,13,16,1,12,10,7,-1,15,22,12,-4,14,1,-6,2,13,8,-17,3,12,2,13,1,36,2,-5,-3,12,0,7,-11,19,29,-9,-3,12,9,3,-2,22,8,-31,2,13,-18,33,-5,25,3,1,-2,27,-2,9,1,15,6,-3,0,11,2,15,1,19
8.6600,13,15,0,11,14,10,1,18,17,12,-1,9,2,-9,2,11,9,-15,-1,17,4,15,1,40,-2,-13,2,13,3,13,0,10,26,-12,2,9,8,7,6,20,8,-32,-1,12,-18,25,-10,28,3,-4,3,23,-4,15,1,19,8,-4,3,12,2,16,-5,18
8.6800,9,14,-2,10,9,7,-1,23,15,11,0,15,2,-9,2,18,11,-15,-5,13,2,8,11,35,-2,-12,3,13,-2,15,-4,10,24,-9,-3,15,3,1,4,14,8,-30,-4,9,-24,30,-8,25,7,-4,-3,25,-1,15,0,16,5,-3,1,12,-6,13,-1,17
8.7000,12,13,-2,11,5,13,-7,20,10,14,-7,15,2,-5,1,13,13,-11,-5,15,6,14,12,29,0,-11,-7,11,3,12,-1,6,23,-6,-1,15,10,9,7,22,5,-31,-4,10,-23,28,-13,25,8,0,-3,24,-3,11,3,9,3,1,-3,12,2,16,2,11
8.7200,8,11,-3,12,8,12,-8,23,6,7,-7,10,0,-4,5,14,10,-12,-7,13,7,14,14,35,-3,-12,-3,13,2,19,-4,0,23,-3,-5,15,5,12,8,15,5,-28,-8,7,-21,27,-12,24,4,1,-1,26,-1,17,0,18,3,-7,-6,17,4,13,2,15
8.7400,11,16,1,19,10,16,-8,28,7,6,-9,14,-5,-2,3,16,5,-10,-4,15,8,11,17,33,-3,-14,-7,11,6,14,1,-3,20,-4,-1,17,6,19,7,17,-1,-27,-7,11,-23,27,-12,21,6,-1,-7,26,3,12,1,21,0,-6,-4,13,-2,17,6,12
8.7600,13,17,-4,11,5,15,-10,29,0,6,-5,9,-6,-4,8,20,11,-12,0,10,12,12,26,31,-4,-14,-6,9,6,21,-3,-9,20,1,-5,13,4,21,8,18,4,-28,-7,11,-18,22,-7,19,6,-1,-4,27,0,12,1,13,3,-1,-6,11,-5,12,3,12
8.7800,7,12,-6,15,12,16,-14,33,-3,4,-6,13,-5,0,7,15,4,-6,-3,8,17,10,23,30,-5,-11,-7,7,11,22,0,-12,24,2,-3,12,1,21,11,17,-1,-28,-2,7,-20,20,-9,25,5,-1,-2,23,-2,12,4,16,5,-2,-3,14,-2,16,2,17
8.8000,9,7,-6,13,20,21,-18,32,-6,3,-7,15,-6,-4,8,15,8,-6,-4,15,15,14,26,33,-1,-7,-7,10,16,24,0,-13,24,6,-7,12,7,23,10,12,0,-31,-3,7,-21,17,-5,17,4,-2,-3,26,-2,14,5,17,5,-3,-7,12,-2,19,2,19
8.8200,10,11,-3,15,20,24,-19,30,-8,-3,-6,18,-11,1,9,15,4,-6,-8,12,12,5,27,32,-4,-10,-5,13,19,29,-3,-13,27,1,-6,10,1,27,7,18,2,-21,-1,11,-18,17,-9,17,5,-6,-4,28,-1,10,1,15,9,0,-4,18,0,12,1,20
8.8400,8,13,-1,9,24,20,-20,31,-11,0,-4,17,-6,-2,15,16,4,-7,-4,15,17,9,30,29,-4,-6,2,16,15,21,-2,-12,25,1,-4,11,-1,27,2,14,4,-23,-5,11,-17,10,-2,20,8,-1,-4,24,-3,14,1,18,7,-3,-5,19,-4,10,-1,18
8.8600,6,15,-2,13,25,18,-23,33,-14,-8,-1,12,-8,-5,9,19,3,0,-2,14,20,10,31,29,-3,-8,-7,12,20,27,-1,-8,20,1,2,14,1,36,7,9,2,-24,-4,10,-17,14,2,16,7,2,-5,22,-2,14,0,14,1,1,-3,6,2,12,1,17
8.8800,4,6,-2,12,30,18,-24,34,-9,-7,-1,13,-7,-3,13,18,0,-6,-1,7,15,11,30,29,-1,-8,0,10,24,27,3,-11,27,-2,-4,13,-3,33,5,5,3,-21,1,15,-13,10,3,20,4,4,-4,26,-2,12,4,18,3,-3,0,16,3,11,-1,15
8.9000,6,11,2,11,31,22,-22,30,-18,-6,1,16,-6,-4,10,17,1,-2,-3,10,15,12,32,33,1,-6,2,13,18,23,-5,-11,30,-4,-3,12,-3,33,2,12,8,-19,-1,7,-13,10,-3,19,3,-2,0,19,3,16,2,15,0,-3,1,14,-1,15,-1,11
8.9200,2,7,-7,12,32,17,-19,31,-16,-15,2,13,-4,0,16,17,0,-4,-3,14,13,12,29,33,5,-4,-1,9,18,28,-1,-8,25,-2,1,13,0,36,6,8,11,-18,-2,10,-9,7,4,18,4,-1,-2,26,2,8,1,14,2,-1,2,10,-4,14,2,16
8.9400,5,7,-5,14,37,21,-22,29,-22,-12,-11,11,-4,-1,15,13,-5,-4,-4,12,14,13,24,32,3,-7,-3,8,21,26,-3,-7,27,-5,-1,9,2,37,2,3,6,-14,0,13,-9,3,-1,21,5,-3,0,23,0,14,0,11,9,0,0,12,-1,15,3,19
8.9600,4,6,1,16,35,16,-16,32,-20,-17,-4,11,-5,3,12,14,1,-8,-6,10,12,16,22,31,4,-5,-1,12,14,27,-4,-5,28,-3,0,13,-5,41,0,3,6,-21,-2,15,-6,0,2,21,6,-1,0,21,-1,11,-1,18,5,0,-2,11,-4,14,2,14
8.9800,7,6,-2,9,34,14,-12,25,-17,-13,-9,12,-5,5,11,11,-3,-5,-5,13,12,18,20,24,6,-3,-4,12,8,21,-8,0,27,-7,4,15,-1,33,1,4,3,-17,-3,11,-4,3,0,21,4,-4,-3,21,0,12,4,18,9,-1,-1,11,2,14,2,13
9.0000,5,9,-2,14,29,13,-3,32,-19,-18,0,12,-2,4,12,7,-4,-11,-6,13,15,20,16,23,6,-6,-10,14,0,23,-10,5,22,-5,1,13,1,36,-4,5,9,-21,-4,16,-6,1,-1,23,5,-6,-2,21,-3,12,0,19,8,0,-1,18,1,11,3,13
9.0200,4,2,-9,11,28,11,-7,29,-14,-17,-6,11,2,8,11,12,1,-8,-5,12,10,18,11,27,11,0,-6,9,-2,26,-12,4,20,-9,-5,12,3,36,-5,4,9,-16,-6,13,-8,0,0,22,8,-6,-1,16,-4,12,4,18,0,-5,-7,14,-2,15,5,17
9.0400,11,3,-8,13,22,8,2,25,-18,-17,-7,9,2,10,12,11,-2,-12,1,15,11,23,10,25,12,-3,-9,13,-8,22,-11,8,18,-6,-3,11,3,38,-8,12,8,-15,-2,10,-5,-1,-3,24,5,-4,-2,17,-3,12,1,16,0,-1,-6,9,-1,13,-2,12
9.0600,7,0,-12,12,20,7,8,24,-15,-21,-8,13,-4,10,10,4,2,-8,-13,11,13,23,9,19,9,2,-9,12,-12,18,-12,8,18,-1,-5,15,3,37,-4,8,4,-22,-8,12,-2,-2,-1,24,5,-6,-5,19,2,12,0,15,5,-4,-8,12,4,11,2,15
9.0800,11,2,-7,10,16,7,7,29,-14,-18,-8,16,5,15,7,2,1,-12,-9,15,13,24,1,15,10,-3,-8,11,-11,22,-18,15,18,-10,-7,12,3,31,-7,15,3,-19,-8,12,-1,-4,4,31,3,1,-7,21,4,13,5,14,3,-4,-5,10,-4,13,3,15
9.1000,10,-2,-8,9,13,6,13,30,-11,-21,-10,16,1,16,3,4,0,-13,-11,14,12,31,-2,18,7,4,-6,7,-16,20,-16,15,7,-6,-7,11,6,28,2,12,6,-15,-4,7,-1,0,10,31,4,-5,-8,21,1,7,5,20,8,-4,-12,16,-1,14,1,13
9.1200,7,4,-5,12,13,10,13,25,-7,-24,-14,20,3,15,3,-1,2,-13,-6,10,14,32,-6,19,7,5,-8,8,-14,12,-20,20,8,0,-11,7,5,28,-2,16,4,-16,-9,11,-7,-2,2,29,9,2,-6,13,-4,9,3,20,7,-2,-11,14,-4,12,1,16
9.1400,11,2,-9,10,3,8,16,20,-4,-18,-8,15,3,13,-1,3,2,-17,-7,10,9,29,-8,22,1,6,-4,11,-18,14,-25,26,8,-1,-9,9,2,27,-2,15,5,-13,-12,9,-5,-3,6,26,10,-9,-9,13,-2,11,2,16,4,-1,-12,8,1,11,3,14
9.1600,8,5,-7,10,6,9,15,20,-1,-18,-8,10,4,10,-5,6,4,-16,-5,12,4,26,-2,23,3,2,-10,13,-16,11,-22,23,8,-6,-11,13,4,21,-1,14,5,-14,-6,9,-6,-7,7,27,4,-5,-5,13,1,16,2,14,8,-2,-8,9,-2,8,-2,20
9.1800,9,4,-9,9,10,14,15,17,4,-18,-12,16,1,11,-4,-2,2,-12,-7,13,3,24,-4,20,1,3,-5,9,-14,9,-28,25,6,-8,-9,10,6,18,-1,14,1,-11,-6,14,-4,0,14,29,3,-6,-10,13,-5,11,4,16,3,-4,-7,11,1,13,-2,18
9.2000,11,10,-7,11,7,9,17,15,1,-16,-5,17,4,10,-3,2,2,-14,-6,9,-1,32,-10,22,0,5,-7,11,-17,6,-32,27,6,-2,-7,10,-3,20,3,17,5,-10,-11,15,-7,-3,10,28,3,-3,-5,11,2,5,0,19,5,-5,-4,10,-5,15,1,14
9.2200,7,-1,-8,11,6,12,14,9,1,-18,-8,16,2,6,-1,4,0,-12,-6,13,-7,25,-8,22,-3,6,-7,7,-15,8,-26,32,9,-5,-1,11,-2,16,2,16,4,-10,-6,12,-6,1,9,22,2,-4,-5,17,3,8,-1,18,2,-8,-3,12,-2,15,4,16
9.2400,4,6,-3,12,11,9,7,6,7,-16,-6,11,-4,4,-7,9,2,-18,-6,8,-11,25,-12,19,-2,2,-6,14,-10,11,-30,28,2,-5,-7,14,2,16,3,12,7,-8,-4,14,-5,2,13,26,4,-3,-7,14,-3,14,1,17,3,-8,-4,11,-2,14,4,15
9.2600,3,0,-4,12,9,17,7,3,13,-18,-2,16,-4,1,-4,6,6,-6,-5,5,-11,28,-6,23,-1,2,-5,11,-12,10,-25,30,11,-7,-8,9,-5,11,6,13,5,-5,0,11,-4,1,11,18,7,2,-1,16,1,8,-3,20,5,-5,-3,13,0,16,1,18
9.2800,1,2,-1,14,11,14,3,2,8,-17,-7,15,-6,2,-5,8,0,-7,-5,12,-16,22,-13,24,-2,7,-4,8,-3,3,-28,24,15,-6,-1,10,-6,11,6,10,4,-7,-2,10,2,5,8,19,7,-6,-5,14,0,10,2,14,8,-4,-5,10,0,10,5,15
9.3000,4,0,-6,14,9,15,4,-1,7,-12,-3,14,-5,-3,-1,8,3,-9,-8,8,-21,19,-11,26,-1,5,-4,11,-5,15,-23,23,15,-11,-8,9,-9,6,6,9,10,-7,-4,12,4,7,6,24,3,0,-4,10,-3,11,1,17,5,-4,-9,7,3,12,2,21
9.3200,0,-1,-4,13,11,15,1,-6,12,-17,-6,11,-6,-7,-1,10,1,-9,-3,10,-23,12,-12,30,-2,1,-7,10,-2,10,-25,26,20,-9,-6,14,-6,5,2,5,13,-12,0,15,1,4,8,19,4,-9,2,13,-1,9,-3,12,4,-2,-7,10,-2,10,2,16
9.3400,-6,-1,-7,9,12,21,-4,-11,13,-11,-1,6,-5,-9,1,14,3,-3,-2,10,-25,16,-8,30,3,3,-6,8,0,14,-21,26,19,-12,-3,11,-4,4,3,7,14,-10,-4,12,0,11,8,18,3,-3,-1,18,-4,21,3,13,0,-3,-4,11,-3,13,-2,14
9.3600,-5,-7,-4,13,11,19,0,-11,12,-5,-6,12,-6,-8,-3,18,-2,-3,-5,11,-30,16,-8,27,1,-4,-4,13,3,15,-15,27,17,-13,0,11,-8,4,1,5,17,-12,-3,9,6,8,6,12,11,-7,-1,15,-3,17,1,18,2,-1,-4,14,-3,15,4,18
9.3800,-1,-5,0,16,15,13,-1,-14,10,-9,1,8,-2,-4,5,16,-4,-1,0,13,-31,12,-15,33,6,-2,-6,10,5,21,-20,28,20,-20,-2,15,-4,8,-2,2,18,-12,-6,13,4,19,3,21,5,-3,-4,16,3,16,0,15,5,-3,-7,10,0,15,-2,14
9.4000,-4,-11,-2,14,14,15,-6,-16,13,-2,-3,10,-4,-7,4,18,-7,-3,-6,12,-36,13,-5,29,4,-4,-4,12,6,17,-18,23,19,-13,-2,10,-11,8,2,5,17,-12,-6,15,12,17,7,14,3,-9,-5,18,-2,22,1,15,2,0,-1,12,-2,17,2,14
9.4200,-8,-13,-12,15,10,13,-5,-17,11,1,-3,4,-6,-1,3,18,-5,-1,0,10,-34,11,-9,31,5,-3,-2,12,15,20,-16,27,17,-17,-1,11,-11,8,2,1,21,-11,-4,14,5,16,0,14,5,-2,-7,19,0,24,3,19,5,-1,-8,11,1,14,3,19
9.4400,-7,-14,-3,17,13,17,-11,-19,13,3,-3,2,5,-1,7,21,-3,-7,0,13,-32,5,-11,34,5,-1,-2,14,5,25,-17,28,14,-15,-3,13,-7,3,0,5,15,-11,-3,14,13,17,1,18,5,-7,-11,17,-1,23,5,14,4,-4,1,15,1,15,2,18
9.4600,0,-17,-2,16,12,13,-11,-13,13,5,0,4,-1,1,11,21,-6,-5,-8,16,-31,4,-10,31,4,-7,-1,18,12,23,-15,26,18,-17,-1,17,-7,5,0,8,20,-12,-3,14,8,20,3,15,4,-3,-6,22,-5,27,0,14,5,-6,-2,13,0,14,-1,14
9.4800,0,-19,1,18,14,13,-12,-16,8,4,3,4,-6,5,9,23,-4,-4,-1,15,-32,8,-13,25,9,0,-4,17,11,28,-8,29,14,-14,-4,15,-8,4,-1,6,16,-13,-4,15,13,22,5,19,6,-8,-5,19,1,31,-2,20,2,-7,1,12,3,14,-2,17
9.5000,-2,-18,-5,11,11,10,-17,-12,16,6,-3,-1,1,7,8,23,-4,-2,-6,14,-26,9,-13,25,0,-1,-4,8,14,28,-14,24,10,-15,-6,14,-1,5,-3,6,16,-17,-2,12,8,23,4,18,8,-8,-4,23,2,28,0,19,7,-6,-4,12,3,15,8,16
9.5200,-2,-18,-1,16,9,10,-13,-15,13,4,-1,-6,2,12,10,21,1,-4,-4,14,-22,9,-14,23,10,-5,-2,14,17,23,-4,27,12,-17,-2,16,-6,6,-7,6,18,-12,0,11,6,28,5,22,5,-1,-7,23,3,28,1,13,6,0,-2,12,-2,15,3,16
9.5400,-2,-17,-3,15,7,9,-19,-8,9,10,-2,-2,2,12,10,22,0,-6,-1,14,-21,4,-12,19,7,-1,-1,14,19,20,-8,28,11,-13,-5,14,-4,8,-4,11,19,-12,-4,14,11,31,7,27,6,0,-4,24,1,28,0,14,4,-2,-5,11,-3,12,2,13
9.5600,-3,-16,-3,18,9,5,-17,-8,11,11,-2,-1,4,13,9,25,6,-14,-1,16,-20,5,-7,13,5,5,5,14,15,23,-1,32,10,-13,1,15,-8,9,-4,7,16,-11,-2,11,11,25,8,25,5,-6,-2,18,2,30,1,16,8,-5,-2,14,2,10,2,15
9.5800,1,-9,-1,18,5,5,-18,2,11,9,-4,0,11,20,8,22,0,-12,-3,11,-17,7,-10,12,9,8,-4,11,19,16,-1,33,4,-13,-2,10,-8,8,0,11,14,-10,0,14,6,29,6,26,1,-4,-2,21,5,22,2,21,4,-8,-1,17,-2,16,-2,16
9.6000,10,-8,1,15,7,5,-22,6,7,16,-2,5,5,19,9,20,9,-19,-3,15,-11,7,-10,4,10,5,0,10,15,20,3,28,14,-14,-5,12,-9,11,3,20,11,-10,-2,10,5,31,10,31,9,-6,-2,22,4,25,2,19,2,-4,-3,15,1,13,3,16
9.6200,5,-10,-3,10,4,6,-20,5,9,12,-1,7,7,21,8,17,3,-19,-4,10,-12,7,-13,6,3,6,-4,7,22,19,6,30,11,-10,-2,14,-3,8,-3,15,9,-8,0,10,4,34,11,32,6,0,-2,17,-2,20,5,13,5,-4,0,11,-1,14,1,16
9.6400,8,-8,0,9,1,1,-24,7,6,12,-3,7,12,21,5,23,7,-18,0,10,-8,7,-14,6,2,12,-4,10,18,17,6,34,5,-7,-7,15,1,15,2,14,12,-12,-1,11,6,24,10,30,3,-6,-3,20,-3,23,-1,13,1,-5,0,16,3,15,2,12
9.6600,3,-5,-3,14,5,3,-19,15,5,8,-4,6,7,20,6,21,6,-21,-1,15,-6,9,-15,6,6,11,0,9,22,18,11,30,7,-11,-3,13,4,12,-3,16,13,-10,-1,14,-4,29,14,38,6,-4,-2,18,3,15,2,16,5,-5,-3,11,-3,16,-1,13
9.6800,8,-2,-3,14,1,1,-21,15,0,8,-3,16,8,18,8,15,13,-21,0,12,1,8,-17,2,3,10,-4,18,21,16,13,31,7,-11,0,7,-2,14,5,18,6,-9,1,16,-3,27,16,38,8,-3,-1,17,3,18,0,14,2,-1,0,10,-1,14,-1,16
9.7000,7,-2,-5,20,-6,5,-23,14,1,12,-7,18,7,25,3,20,12,-21,2,16,1,6,-11,-2,1,9,-8,14,22,13,12,26,5,-8,-4,13,0,15,-2,18,4,-7,-2,10,-6,26,17,33,5,-7,-4,19,8,11,0,17,5,-5,-4,9,-2,12,-2,20
9.7200,7,-4,-7,16,0,3,-24,19,5,9,-2,22,8,25,0,27,11,-22,-5,12,0,0,-11,3,4,10,-5,11,20,13,10,30,5,-4,-1,16,2,15,2,23,7,-11,-2,14,-6,26,13,35,3,1,-2,23,1,2,-1,16,4,-4,-6,14,-2,16,-1,16
9.7400,11,1,-5,15,-6,2,-22,21,0,8,-8,25,4,25,-1,27,9,-20,-5,13,6,0,-7,4,0,7,-4,12,16,15,19,25,11,-8,-9,9,-1,14,0,24,8,-10,-1,11,-12,30,12,32,0,-5,-2,19,4,-2,1,11,3,2,-6,15,3,12,0,15
9.7600,9,7,-6,15,-6,8,-17,22,4,10,-7,28,7,23,-1,26,10,-28,-7,16,8,6,-12,6,0,9,-8,14,20,7,15,23,12,-6,-1,14,7,15,2,20,6,-7,-3,12,-11,26,17,32,5,-8,-8,18,3,0,2,13,1,0,-6,11,2,9,1,13
9.7800,11,6,-8,11,-10,4,-19,25,2,10,-8,26,5,21,0,25,13,-20,-4,13,9,-1,-7,11,1,10,-3,15,22,11,20,21,7,-8,-7,12,2,16,11,20,7,-8,-3,14,-10,21,10,31,1,-3,-5,16,1,2,-1,17,2,-1,-6,14,-4,11,1,17
9.8000,6,3,-6,15,-7,2,-23,27,1,9,-5,25,6,16,-1,27,6,-24,-5,11,9,-1,-10,14,-2,11,-10,14,21,12,16,23,13,1,-5,7,3,16,6,13,7,-11,-5,13,-6,19,14,32,0,-6,-7,17,0,-3,2,16,4,-2,-5,14,1,11,3,16
9.8200,11,7,-4,16,-8,6,-21,30,0,5,-9,31,5,18,-2,25,10,-20,-4,6,11,1,-4,15,-1,9,-5,12,17,14,25,18,6,-7,-8,14,3,16,8,15,5,-8,-3,12,-11,20,9,29,3,-3,-16,20,2,-7,-4,13,4,1,-4,12,-4,11,-1,17
9.8400,7,11,-11,14,-13,5,-20,25,3,0,-7,30,9,14,0,24,8,-19,-2,9,10,1,-7,18,-2,6,-5,13,23,11,19,19,7,-2,-5,12,0,14,11,21,6,-6,-14,16,-14,18,10,30,1,-1,-8,18,1,1,0,15,4,-9,-6,14,-5,10,-1,12
9.8600,8,9,-7,13,-15,7,-20,20,11,4,-12,28,10,18,4,32,7,-17,-10,11,14,0,-4,22,-5,6,-11,12,21,13,21,19,9,-2,-6,9,0,15,10,19,1,-7,-4,11,-12,19,9,29,0,-2,-15,18,1,-6,-4,20,2,-5,-7,18,2,16,0,18
9.8800,13,10,-6,14,-16,3,-20,27,1,2,-5,29,13,14,5,28,6,-13,-10,13,11,-4,-3,25,0,1,-8,15,16,15,19,20,9,-1,-1,16,0,14,8,12,5,-8,-7,11,-12,17,11,28,7,-1,-10,17,1,-2,-2,15,7,-3,-8,16,1,10,3,15
9.9000,8,7,-7,11,-9,3,-17,28,8,-7,-13,30,8,7,5,30,4,-14,-8,13,12,4,0,23,-3,8,-4,16,19,19,16,20,13,-7,-8,12,5,14,4,15,3,-5,-7,13,-12,18,2,26,6,-4,-9,17,-1,-3,-3,13,4,0,-6,16,1,12,1,18
9.9200,5,8,-8,11,-10,7,-20,22,6,-4,-7,32,10,8,10,22,2,-8,-9,16,9,4,-2,29,-8,1,-6,12,18,18,18,16,13,-7,-4,9,-2,12,2,14,6,-11,-6,14,-13,13,7,25,6,-3,-9,14,-2,-3,-5,18,3,-4,-7,16,-5,16,-3,12
9.9400,10,10,-11,11,-1,-1,-21,25,7,-10,-5,29,6,10,10,28,6,-12,-8,9,8,1,0,30,4,1,-5,11,16,20,10,18,15,-2,-7,13,2,16,5,11,6,-9,-11,11,-12,12,1,25,9,0,-11,17,-2,0,-3,13,6,-6,-5,18,-1,13,-1,17
9.9600,11,12,-8,4,-6,2,-17,25,8,-6,-5,26,15,6,8,24,7,-5,-6,7,9,8,-2,31,0,-2,-13,14,18,23,11,18,16,-6,-4,9,3,14,6,13,11,-6,-4,13,-16,13,1,20,9,4,-9,17,-7,-3,-1,15,1,-6,-8,16,-1,16,3,16
9.9800,5,11,-1,4,-3,1,-17,27,5,-7,-1,21,11,1,15,20,7,-6,-8,15,9,6,-6,35,3,-4,-7,11,12,20,9,17,12,-12,-3,10,0,7,3,12,13,-8,-11,11,-13,6,-1,17,5,-2,-15,18,-8,9,0,17,1,-6,-7,15,-2,19,1,17
10.0000,4,15,-8,4,-3,0,-16,26,4,-13,-5,19,9,6,10,14,3,-10,-8,11,10,12,0,34,6,-6,-7,16,14,24,5,16,17,-10,-7,8,4,13,4,11,9,-7,-7,10,-14,4,0,15,5,-1,-7,17,-8,6,-3,20,2,-1,-5,14,-6,19,-1,16
10.0200,2,6,-7,6,5,-1,-12,29,6,-9,-4,15,13,6,10,18,7,-9,-3,14,7,17,-8,35,0,-8,-9,15,7,27,-2,18,16,-8,-7,9,1,13,1,14,9,-12,-6,11,-12,10,-2,18,1,-5,-5,17,-8,13,-5,15,7,-9,-4,11,1,16,4,19
10.0400,7,5,-3,6,6,0,-10,22,4,-14,3,10,12,7,12,16,3,-2,-7,14,6,17,-4,30,4,-7,-4,15,8,24,-2,20,19,-14,-7,11,0,13,5,13,17,-11,-1,10,-12,9,-4,16,-1,-3,-6,12,-9,19,-5,17,6,-3,-7,15,-2,15,0,22
10.0600,4,7,1,4,11,2,-12,25,4,-12,-4,7,14,3,12,7,2,-3,-3,16,9,20,-2,30,0,-10,-6,11,9,26,-9,20,14,-11,-4,11,-3,13,2,12,16,-12,0,10,-13,5,-6,18,1,-6,-4,22,-10,18,-2,15,5,-5,-3,12,-2,19,3,17
10.0800,5,5,1,0,11,6,-6,19,6,-10,0,-2,11,7,10,8,4,-4,-3,13,7,23,-1,32,2,-14,-13,13,6,24,-9,19,18,-9,-2,13,-2,9,5,12,12,-15,-4,12,-14,9,-10,15,3,-5,-8,20,-15,21,0,16,3,-2,-8,10,2,14,3,15
10.1000,1,1,-3,2,11,5,-3,21,3,-11,-1,3,8,6,14,6,10,-3,-7,14,5,30,-1,29,3,-8,-1,16,2,28,-10,19,20,-9,-1,13,-2,18,1,15,8,-19,-4,12,-10,4,-8,19,3,-4,-8,18,-8,20,0,10,6,-3,-4,9,-3,25,3,14
10.1200,0,7,-3,3,14,5,-5,20,5,-10,-1,-1,12,-1,15,3,2,-2,-2,12,3,33,-1,27,1,-12,-6,14,-3,21,-17,19,19,-10,-4,11,-3,19,9,15,13,-17,2,11,-7,11,-10,17,2,0,-4,22,-15,34,2,18,1,-5,-7,13,0,15,1,14
10.1400,-3,8,1,5,19,3,-2,22,-2,-13,0,-4,9,2,8,-1,4,-2,-2,11,4,30,-3,29,3,-16,-4,14,1,25,-15,18,17,-14,-2,8,-6,17,8,19,12,-19,1,12,-9,5,-12,17,3,-5,3,18,-10,35,4,19,1,-2,-3,13,0,20,3,17
10.1600,2,3,-5,3,24,0,2,18,1,-10,2,-8,8,2,8,0,4,-6,-2,15,-2,35,-2,30,3,-14,1,15,-2,25,-13,17,18,-10,-2,15,-5,23,6,16,14,-19,0,14,-7,7,-8,24,4,-6,-4,20,-9,34,3,19,6,-3,-2,13,-6,16,3,20
10.1800,1,6,1,4,23,3,6,17,-4,-8,1,-9,10,2,10,-7,8,-4,-1,11,5,39,1,27,-2,-15,-1,14,0,25,-12,21,20,-13,2,14,-6,19,6,16,11,-17,0,11,-5,9,-9,18,6,-5,1,20,-6,31,0,14,2,-3,-1,14,1,17,0,19
10.2000,2,2,4,9,25,5,8,21,-1,-9,5,-3,8,0,8,-4,8,-4,-3,14,3,37,-1,25,-3,-9,-4,11,-8,22,-16,18,20,-7,2,9,-2,21,6,13,10,-19,0,16,-8,10,-6,23,4,-6,-1,17,-6,34,2,14,7,0,0,9,0,16,1,16
10.2200,4,2,-1,10,23,8,8,21,-1,-6,0,-1,9,4,7,-5,10,-4,-1,9,3,34,0,26,-3,-8,0,14,-10,20,-17,16,22,-8,0,7,-2,20,3,15,10,-20,3,14,-9,11,-9,18,6,-10,0,20,-3,36,2,13,2,-1,3,15,3,12,1,14
10.2400,3,0,-1,9,28,7,14,20,-2,-2,0,-6,7,4,9,-4,9,-4,9,14,1,36,-3,27,-3,-9,3,13,-11,18,-19,20,21,-10,1,11,-2,22,8,17,5,-18,-2,14,-4,15,-10,18,7,-6,7,20,-6,31,0,18,3,-2,5,12,-1,15,-1,18
10.2600,4,7,0,15,32,5,12,20,-3,-9,5,-8,6,0,1,-6,5,-7,4,15,1,36,-6,28,-2,-8,3,10,-13,17,-20,18,23,-8,4,14,-4,19,6,18,10,-16,5,12,-5,17,-1,21,5,-2,2,23,0,29,6,19,6,-4,4,9,-1,12,0,14
10.2800,5,2,2,15,33,10,16,16,-1,-6,5,-3,1,-1,9,-4,4,-11,5,18,-2,39,-5,29,0,-7,-2,8,-16,16,-20,25,29,-11,2,15,-2,21,8,21,12,-12,-3,12,-4,14,-2,23,3,-3,1,20,1,30,1,20,4,-4,2,12,-5,11,3,16
10.3000,6,3,5,18,28,14,16,17,2,-9,-1,1,6,2,0,-6,5,-7,1,13,1,43,-7,29,1,-6,-2,8,-15,13,-22,27,26,-10,-2,14,-6,16,6,16,8,-16,2,10,-2,10,-1,20,6,-1,0,23,5,27,3,18,6,-2,0,15,2,21,-4,18
10.3200,0,2,-4,22,30,10,15,18,2,-7,-4,3,6,-2,-2,-1,8,-2,2,15,2,32,-9,26,-3,-5,3,6,-18,13,-17,22,19,-7,0,14,-3,17,6,14,8,-15,-1,14,-2,13,2,27,8,-1,1,19,4,24,6,15,4,-5,0,17,-1,17,0,20
10.3400,3,1,4,21,29,12,16,18,5,-8,2,8,5,3,-1,-3,6,-8,0,11,-2,30,-8,30,0,-2,4,4,-15,13,-19,25,22,-9,0,17,-5,18,4,17,4,-13,-1,11,-4,10,4,18,7,-2,-4,20,13,24,3,19,1,-8,2,16,0,13,-2,21
10.3600,6,1,-4,24,26,11,21,14,6,-10,0,13,3,2,-3,0,6,-6,3,19,0,23,-4,27,3,-3,1,4,-19,8,-25,24,19,-6,2,7,-3,16,9,21,9,-10,1,14,1,8,2,19,3,-2,-4,20,8,20,5,16,4,-4,2,12,3,12,2,18
10.3800,0,-5,-2,25,28,8,19,18,7,-7,4,14,5,4,-5,0,4,-11,2,13,2,29,-8,27,5,-5,3,7,-14,8,-23,24,21,-6,-2,13,-3,16,0,16,5,-11,0,17,-2,7,5,22,3,-2,-2,26,9,14,9,18,4,-2,-5,14,1,12,-5,17
10.4000,1,1,-4,24,27,14,16,14,9,-7,-2,20,3,0,-3,0,6,-8,5,16,3,25,0,29,2,-2,-3,4,-15,10,-20,24,21,-4,0,6,-1,13,3,20,7,-9,3,11,0,9,7,20,8,-5,-4,23,10,15,7,19,2,-6,0,13,-1,19,-2,13
10.4200,6,3,0,24,21,12,19,14,4,-6,-2,15,-2,3,-4,9,12,-10,2,15,-6,22,-7,28,-2,-2,-1,-2,-14,7,-20,21,18,-10,-2,10,-1,14,1,19,9,-5,-2,11,-1,9,0,24,6,0,-4,24,12,9,11,19,2,-5,-1,13,-2,14,3,20
10.4400,3,0,-1,24,25,11,16,14,10,-12,-3,22,1,6,-5,8,7,-6,-2,14,1,22,-2,25,3,-2,-1,3,-17,5,-24,23,19,-8,-3,12,2,9,8,16,9,-4,-2,10,3,9,5,22,5,-7,0,24,10,8,9,16,3,-6,0,12,-1,10,-2,19
10.4600,2,-4,0,21,20,12,14,11,5,-6,-5,18,-2,7,-5,7,8,-10,-6,14,6,16,-3,28,4,-1,-2,5,-20,3,-21,24,12,-6,-3,13,-2,10,4,17,3,-2,-2,11,-1,10,8,20,4,-1,-6,18,7,4,13,24,8,-3,-2,11,0,13,2,20
10.4800,1,-5,-9,24,13,7,12,16,12,-15,-7,19,-3,8,-13,13,4,-15,-1,15,1,17,-4,29,2,-2,-8,8,-21,3,-22,20,12,-6,-2,10,-5,9,2,19,5,-1,-1,11,4,8,2,20,6,-2,-5,24,7,5,9,23,4,-3,-1,13,1,11,1,14
10.5000,0,-5,-3,22,13,11,11,17,9,-11,-8,26,-2,8,-6,16,11,-6,-4,17,-1,12,-4,25,5,-7,-6,6,-13,-1,-19,19,6,-8,0,13,-7,11,-4,15,9,-3,-1,11,-3,4,0,20,4,-3,-6,16,1,2,8,15,0,1,-7,15,-2,11,3,15
10.5200,-2,-4,-2,25,9,16,13,16,9,-14,-8,25,-8,7,-8,13,7,-5,-4,16,-3,12,-11,25,8,-1,-8,4,-17,-2,-14,18,9,-9,-1,15,-6,8,1,20,4,-1,-3,13,5,6,5,15,4,-1,-6,19,4,-2,10,15,2,-4,-5,14,-4,13,5,20
10.5400,-1,-9,-3,19,7,16,9,12,8,-9,-12,22,-5,9,-7,16,7,-3,-8,18,-9,8,-4,30,9,1,-5,4,-13,-6,-17,25,6,-2,-1,17,-6,5,-1,17,11,-3,-9,11,7,10,9,20,7,-2,-11,19,3,-3,4,13,9,-3,-10,13,2,10,-4,18
10.5600,1,-7,-5,16,7,11,10,9,7,-11,-12,31,-2,9,-6,14,11,-5,-10,19,-8,9,-2,21,3,5,-8,7,-8,-6,-14,25,5,-4,-8,10,-10,9,0,23,10,-4,-5,16,0,10,6,15,5,-3,-7,21,2,-1,3,17,5,-2,-9,13,-2,8,-3,15
10.5800,-1,-5,-8,12,3,17,8,9,10,-8,-12,22,-7,10,-11,18,3,-8,-7,12,-7,10,-5,24,4,0,-8,10,-11,-4,-11,23,4,-7,-10,8,-6,7,1,21,4,-10,-5,12,2,7,3,19,2,-1,-8,19,-1,-2,2,14,3,0,-7,12,1,10,0,17
10.6000,1,-12,-4,14,7,11,5,10,2,-5,-10,20,-5,12,-17,21,6,0,-8,12,-7,4,-8,19,7,-1,-11,16,-6,-5,-13,29,1,-6,-8,9,-7,12,-4,22,5,-3,-9,13,0,9,2,16,7,-3,-9,17,-3,2,1,22,7,-4,-3,14,-5,9,-3,16
10.6200,-1,-8,-5,5,-1,14,1,5,4,-4,-11,27,-12,2,-11,17,4,-2,-7,13,-10,5,-12,19,7,-4,-9,15,-8,-4,-11,28,5,-9,-19,10,-9,13,-5,20,7,-3,-12,16,2,11,2,15,4,-3,-9,21,0,4,-2,18,5,-1,-4,15,-5,14,-5,16
10.6400,-2,-7,-7,12,6,12,-3,7,-1,-3,-9,22,-6,8,-12,19,9,-6,-11,12,-5,14,-13,20,1,1,-8,17,-2,0,-8,27,9,-5,-10,13,-7,12,-2,24,4,-2,-7,14,6,13,3,15,3,-4,-6,14,-5,6,-8,15,4,-3,-10,12,-2,14,2,20
10.6600,4,-6,-4,9,-2,13,-1,7,-3,-2,-11,19,-1,6,-12,27,12,-2,-3,12,-9,8,-12,17,9,1,-10,20,0,-1,-7,27,6,-7,-2,15,-6,15,0,22,7,0,-10,8,0,18,2,19,2,-11,-10,17,-7,2,-9,20,5,-4,-9,17,-3,10,2,18
10.6800,0,-2,-3,4,-1,15,0,9,0,0,-6,20,-6,3,-8,21,10,-6,-5,12,-13,9,-10,18,7,-3,-7,21,-1,2,-6,34,7,-8,-8,15,-11,13,0,23,4,-5,-5,6,-4,16,1,17,9,-2,-6,17,-6,4,-9,16,3,-3,-6,13,-9,9,1,18
10.7000,4,-6,-9,8,2,18,-6,4,-2,-1,-9,22,-2,2,-8,19,7,-5,-3,15,-12,14,-12,18,8,-3,-8,31,-1,2,-3,27,4,-5,-6,14,-9,19,-3,25,12,-3,-8,8,-4,19,0,15,8,-7,-4,23,-8,2,-13,19,3,-3,-13,13,-2,14,1,19
10.7200,3,-7,-2,9,2,20,-8,9,-2,4,-5,15,-3,5,-14,27,11,-3,-11,13,-12,10,-15,17,10,-2,-13,26,7,1,-2,29,6,-7,-10,11,-8,17,-2,20,6,-6,-3,11,2,28,-1,20,9,0,-9,24,-9,7,-11,16,3,-2,-8,12,-6,15,-5,15
10.7400,-2,-7,-5,6,3,14,-10,7,-5,1,-5,18,-2,1,-9,19,7,-3,-7,13,-15,10,-11,16,8,-2,-2,29,7,6,-2,27,7,-5,-13,9,-3,16,-2,23,5,-6,-7,12,-1,28,2,23,4,-2,-7,23,-7,8,-10,13,5,-4,-8,12,-1,17,1,15
10.7600,0,-1,-6,8,-4,11,-16,9,-1,6,-4,17,-7,3,-12,19,12,-4,-7,10,-9,14,-11,9,8,-3,-11,28,6,4,2,29,13,-4,-9,15,-5,23,-3,20,12,-9,-8,18,-3,24,-1,20,4,-3,-4,25,-12,12,-8,16,2,-3,-9,11,-6,20,6,15
10.7800,6,-2,-5,7,-5,16,-14,10,1,10,-4,10,-3,-1,-9,22,9,0,-5,12,-8,13,-9,14,6,-2,-5,26,7,2,4,31,15,-10,-10,14,-4,21,2,17,9,-7,-5,12,0,25,-1,16,4,-5,-5,22,-7,14,-16,17,6,-4,-10,14,-3,12,-2,15
10.8000,1,0,-1,7,-1,16,-14,14,6,12,2,14,5,-1,-6,19,9,-5,-3,11,-3,12,-11,12,3,-2,-4,22,14,10,1,28,10,-6,-7,15,-9,20,-2,15,13,-4,-9,11,-5,29,0,22,5,-4,-5,25,-9,15,-12,16,3,4,-8,15,-4,13,0,16
10.8200,1,-2,-7,5,-2,14,-15,16,-1,10,2,13,1,3,-4,19,8,-3,-12,9,-2,11,-12,15,3,-9,1,19,11,6,2,29,13,-9,-6,13,-3,19,-5,18,15,-6,-11,12,-6,32,-1,24,8,-6,-5,18,-8,15,-9,14,7,-5,-6,13,-4,18,2,17
10.8400,6,-2,-4,12,-5,9,-16,11,1,6,0,11,3,6,-1,21,8,-4,-6,7,2,9,-16,16,6,-1,-1,20,19,14,10,27,18,-5,-10,12,-2,25,-1,18,8,-6,-6,16,-12,31,0,21,-1,-7,-10,21,-4,17,-10,17,5,-4,-4,8,-5,19,1,16
10.8600,2,4,-7,8,-10,11,-19,16,3,10,-4,8,6,8,-1,23,2,-5,-3,10,0,16,-12,20,8,0,-8,20,18,18,7,28,15,-6,-6,12,-5,14,1,14,12,-7,-8,17,-11,32,0,22,5,-3,-7,17,-2,24,-6,15,6,-5,-3,12,3,19,1,16
10.8800,4,2,-8,8,-8,14,-18,12,7,11,1,9,10,10,-2,25,7,-7,-6,10,0,14,-9,17,6,-5,-2,18,24,15,8,25,14,-10,-6,8,-1,14,3,17,9,-4,-7,17,-4,25,-1,20,7,-3,-7,22,-8,20,-2,9,4,-1,-5,13,-5,17,3,12
10.9000,3,2,-5,10,-7,8,-16,14,2,11,-6,4,9,7,4,21,7,-9,-8,12,1,12,-9,20,2,-7,-4,14,22,20,9,22,17,-12,-6,10,0,14,0,14,11,-9,-3,16,-5,33,1,28,5,-3,-10,23,-2,23,-2,11,2,-1,-5,11,1,17,8,15
10.9200,4,3,-6,11,-9,5,-15,16,8,7,-7,5,13,11,4,25,3,-7,-6,9,2,12,-11,23,5,-5,-5,9,20,15,12,24,13,-5,-1,14,2,12,6,14,6,-7,-6,16,-4,30,2,25,3,-6,-10,23,-2,28,5,17,3,-1,-1,11,2,22,2,15
10.9400,1,1,-8,7,-9,8,-19,22,6,8,-4,6,10,9,5,21,3,-11,-7,10,5,10,-4,27,3,-7,0,12,19,19,7,23,15,-3,-7,8,0,13,7,13,14,-7,-8,16,-9,26,-4,23,6,-6,-5,22,-3,25,1,15,-3,-2,0,17,2,18,1,18
10.9600,5,5,-7,11,-8,4,-13,20,4,10,-6,7,10,6,12,23,7,-4,-2,6,8,9,-4,23,3,-4,-5,12,18,23,9,25,19,-13,-5,10,4,13,3,15,10,-8,-9,16,-2,23,-2,27,6,-7,-5,16,-5,23,2,12,4,-5,-7,9,6,14,4,14
10.9800,9,1,-5,5,-5,3,-14,28,12,6,-8,0,14,7,12,25,2,-10,-3,10,8,10,-4,25,4,-6,-5,4,16,21,10,20,18,-13,-2,15,2,12,7,15,13,-10,-9,15,-2,20,2,23,7,-5,-10,15,-5,24,10,7,4,-10,-1,16,0,16,2,17
11.0000,4,0,-7,8,-7,6,-14,26,8,5,-3,-1,15,7,13,24,5,-10,-7,6,6,7,-5,25,2,-3,-6,6,14,23,8,20,21,-11,-6,9,7,10,5,11,12,-12,-7,14,-1,26,1,20,8,-2,-9,22,-4,26,11,10,3,-4,-3,15,4,18,1,17
11.0200,9,1,-13,7,-4,5,-9,27,8,2,-4,4,14,9,15,23,3,-10,-9,6,8,4,0,28,2,-2,-3,4,14,22,4,21,19,-10,-10,14,7,8,7,17,13,-7,-8,9,-1,19,0,21,4,-7,-7,18,1,25,14,7,6,-3,-7,9,-2,14,6,20
11.0400,7,2,-10,10,-5,-6,-9,26,9,2,-7,6,13,14,10,27,2,-6,-8,4,8,3,-2,31,1,-5,-6,0,10,24,-3,20,15,-5,-7,8,3,9,5,18,12,-12,-6,13,-2,15,1,23,0,-7,-4,20,-2,22,12,8,7,1,-8,9,4,11,5,11
11.0600,9,4,-9,4,-2,2,-6,21,9,1,-3,2,12,7,16,27,6,-10,-3,3,9,4,0,31,1,-7,-3,-1,10,20,1,21,17,-7,-6,14,10,9,2,17,11,-8,-5,12,-2,15,1,21,3,-4,-2,21,-5,24,15,6,8,-2,-5,12,-3,14,2,14
11.0800,11,1,-10,11,2,2,-9,26,8,3,-4,3,12,13,10,26,8,-2,-7,5,9,5,-5,29,-2,-6,-5,1,4,22,2,18,17,-5,0,14,3,10,4,20,10,-7,-6,14,-5,16,0,17,3,-3,-5,17,-1,18,15,10,6,-1,-8,11,2,12,0,16
11.1000,7,0,-6,5,3,-6,-6,31,10,-5,-9,7,15,6,15,22,9,-9,-4,9,11,4,-3,32,1,-2,-6,0,4,24,2,11,18,-11,-6,13,6,1,3,19,9,-7,-4,13,-6,11,2,14,2,-11,-4,18,-1,19,16,9,6,-5,-8,12,3,10,2,15
11.1200,12,1,-4,12,4,-7,-2,25,7,-7,-4,5,14,9,11,27,8,-3,-2,11,10,8,-1,30,3,-6,-4,2,7,27,-3,19,18,-12,-1,11,4,7,6,15,7,-13,-4,17,-4,16,3,19,6,-5,-1,17,4,14,14,14,2,-4,-3,11,-2,11,3,15
11.1400,9,1,-9,11,7,-3,0,21,8,-7,-2,7,14,9,14,21,7,1,-2,10,4,4,3,29,-1,-1,0,3,6,30,-4,17,17,-4,-7,10,12,12,6,20,5,-12,-1,16,-6,10,-2,20,7,-1,-2,21,-1,14,10,14,3,-2,-4,12,0,8,1,16
11.1600,7,5,-6,16,13,-5,2,23,2,-2,-4,8,18,10,19,18,9,-1,-2,9,9,7,4,31,3,-7,-1,2,5,26,-8,19,14,-4,-5,6,2,10,5,26,8,-15,-6,10,1,6,0,14,5,-14,-4,22,0,14,11,17,1,-1,-6,16,0,12,3,12
11.1800,9,-3,-2,13,10,-10,0,22,5,-6,-7,7,13,10,11,21,9,0,0,13,10,13,-5,31,0,-6,0,11,-3,26,-12,19,14,-6,-3,14,5,7,3,24,4,-8,-2,12,-1,9,3,17,3,-1,-9,18,1,15,5,17,6,-10,-1,14,3,14,-4,13
11.2000,10,0,-2,15,14,-5,6,29,5,-5,3,8,10,12,13,14,15,3,-4,17,2,12,-1,31,2,-9,3,5,-3,22,-11,16,15,-9,-4,12,0,13,5,29,7,-12,0,13,-4,12,0,15,1,-3,-2,20,2,16,4,14,5,-7,-1,9,-1,19,2,15
11.2200,12,1,-1,15,11,-2,2,25,1,-1,-3,13,18,9,11,13,16,-3,-1,15,8,14,0,30,6,-4,-5,9,-1,24,-11,16,16,-5,-3,14,5,16,7,26,10,-16,0,8,-1,11,-7,16,6,-10,-2,24,4,15,6,22,3,-4,-3,13,1,12,3,18
11.2400,4,-4,-5,15,21,-1,3,21,2,-3,0,11,13,8,13,10,12,1,-4,16,10,15,2,29,1,-12,0,16,-7,21,-15,15,17,-8,0,15,-3,15,3,28,10,-18,3,12,0,14,-1,17,5,-3,-4,27,-2,14,4,19,5,-2,0,9,-2,16,0,17
11.2600,6,-2,0,16,19,6,4,18,1,-6,0,10,13,10,8,17,16,-1,2,17,4,22,2,23,8,-7,-5,16,-5,19,-15,15,13,-7,6,13,0,15,2,25,6,-16,3,13,5,12,2,15,7,1,0,23,6,17,-2,24,1,-4,1,9,-1,16,2,21
11.2800,4,0,2,17,24,4,4,27,-1,-8,0,11,9,5,8,9,13,-1,-2,17,5,23,6,26,2,-6,2,18,-8,19,-15,16,15,-6,1,11,-1,22,0,27,4,-17,4,12,0,16,-3,17,3,0,-1,20,3,17,1,26,5,-3,-3,11,-2,15,-2,15
11.3000,1,-3,4,19,18,3,5,23,-4,-7,12,12,7,9,5,3,15,3,-2,21,3,25,-2,28,3,-7,-5,17,-8,21,-17,15,17,-6,4,10,-4,21,5,27,7,-17,2,11,-4,14,-3,16,8,-2,-1,23,5,13,-4,26,4,-4,-5,11,1,15,3,15
11.3200,1,-3,1,16,24,7,6,20,-1,-4,1,11,5,8,4,4,17,3,-3,22,2,28,4,23,2,-5,-2,19,-14,17,-14,13,14,-3,3,10,-5,20,-2,26,8,-16,-1,9,-4,17,-4,15,6,1,2,26,5,14,0,25,5,-4,2,11,0,15,-2,19
11.3400,-1,0,-1,17,25,5,4,19,2,-5,3,13,5,7,-1,1,19,0,3,19,3,30,-1,21,6,-9,0,21,-8,16,-18,20,9,-3,5,15,-5,19,-4,26,6,-17,-1,9,-6,12,-6,15,6,4,1,21,7,15,-6,19,3,-3,2,15,-3,16,-3,10
11.3600,5,-7,1,19,27,5,4,17,-1,-7,6,13,6,9,-3,5,15,-1,0,27,-3,27,-3,26,2,-9,0,15,-8,14,-15,17,12,-8,1,15,-6,22,0,28,8,-17,3,9,-5,11,-7,10,8,1,3,24,0,20,-6,24,5,-3,3,10,-4,14,-1,15
11.3800,4,3,4,23,27,7,11,18,2,-4,6,14,2,7,-2,4,14,-1,2,17,0,26,-1,21,4,-7,-5,16,-11,13,-14,23,17,-1,0,17,-5,23,4,28,7,-17,2,8,-2,11,-7,9,4,2,1,22,5,15,-8,27,5,-4,6,19,-4,15,-1,18
11.4000,-2,-4,4,18,23,11,13,19,-3,-8,2,14,3,7,-4,-2,10,-3,7,21,-1,28,-4,27,4,-8,0,13,-11,15,-15,16,12,-4,1,13,-9,20,-4,24,4,-19,-1,8,-4,9,-8,18,7,1,1,21,3,17,-1,24,5,-4,0,12,-3,14,-2,18
11.4200,-3,-3,6,26,22,7,8,16,1,-7,4,16,1,1,-6,-3,16,1,2,21,0,30,-9,24,-1,-16,-3,14,-16,10,-15,18,12,-5,2,16,-7,19,-3,28,3,-19,4,6,-4,14,-5,15,4,2,1,23,0,17,-7,19,9,-5,-2,10,-5,20,-5,18
11.4400,-2,-8,-1,22,27,12,7,15,-1,-7,3,12,-1,5,-7,-2,13,1,1,17,0,25,-7,24,5,-7,1,15,-8,7,-18,22,12,-6,-3,15,-9,22,-4,24,10,-21,1,10,-2,13,-8,15,8,4,-2,24,-2,9,-2,23,4,-6,2,17,-4,14,0,12
11.4600,3,-3,5,17,22,10,8,14,1,-7,2,17,-4,4,-9,0,13,-2,0,15,0,19,-9,24,4,-9,0,17,-16,9,-15,24,13,-6,-2,16,-8,19,-2,24,9,-19,3,9,-2,13,-10,15,8,3,1,25,6,11,-1,13,4,-4,1,16,-4,14,-1,14
11.4800,5,-2,2,20,21,16,7,20,3,-4,-2,21,-7,5,-11,-2,9,-2,-3,15,1,30,-6,24,-1,-9,-3,17,-11,8,-16,19,20,-4,-2,13,0,19,1,20,6,-19,0,7,-5,12,-12,14,2,0,0,24,-1,10,0,18,3,1,-5,8,-5,10,-5,16
11.5000,1,-8,2,19,17,13,2,18,0,-7,1,18,-4,4,-8,0,7,-1,2,10,0,28,-8,26,9,-10,0,6,-13,6,-12,23,12,-5,-3,14,-8,19,-1,18,-1,-14,-7,6,-5,8,-8,17,8,-2,0,25,3,10,-2,15,1,-6,0,8,-6,11,-2,16
11.5200,4,-5,-1,18,17,17,5,20,7,-4,-7,21,-5,0,-13,1,12,-3,5,8,1,28,-4,26,5,-10,0,11,-11,6,-15,17,16,-8,-1,17,-4,13,-1,22,8,-14,-6,11,-1,8,-10,18,8,-1,-4,23,5,8,6,13,-1,-5,-1,11,-2,15,-1,14
11.5400,1,-7,-2,17,17,15,7,15,6,-5,-1,20,-10,1,-8,4,13,-5,2,7,-2,25,-7,27,4,-11,-2,5,-9,4,-12,21,11,-3,-3,17,-6,17,-3,22,0,-15,-4,14,-5,10,-2,17,4,-1,-3,17,3,8,4,14,3,-4,-2,14,-1,17,-4,16
11.5600,0,-7,-1,17,15,16,7,17,2,-5,-3,23,-9,3,-11,8,13,-2,0,9,-3,21,-7,28,0,-10,-1,11,-7,4,-14,18,14,-7,-4,14,-2,10,-3,20,8,-16,-6,7,-5,9,-5,18,4,-3,0,22,-4,5,8,9,3,-3,-3,12,-4,12,-1,16
11.5800,2,-7,-2,12,8,21,1,19,8,-1,-7,22,-9,0,-13,7,8,0,-4,3,3,14,-5,23,4,-10,-6,10,-10,3,-10,23,14,-10,-4,10,0,14,0,11,12,-13,-9,10,-4,16,-6,17,7,-3,-4,22,0,2,4,12,3,-1,0,8,0,13,2,9
11.6000,4,-2,-6,10,7,21,5,15,5,-4,-8,22,-5,-1,-11,14,4,-4,-3,4,3,17,-2,29,2,-11,-3,6,-6,2,-9,24,11,-3,-2,17,-5,15,2,15,5,-12,-4,13,-1,11,0,15,7,-6,-6,23,-4,2,3,6,2,-4,-6,8,-2,14,-1,15
11.6200,-1,-7,-3,10,7,15,6,18,5,-5,-10,18,-13,2,-8,13,9,0,-3,5,0,9,-4,26,1,-9,-5,7,-3,-3,-14,23,16,-6,0,15,-5,8,5,18,3,-11,-7,14,1,13,-1,10,10,0,-8,21,0,1,4,10,2,-6,-7,13,3,11,3,14
11.6400,4,-1,-6,7,6,19,7,12,5,-4,-11,24,-8,2,-10,16,4,-2,-3,6,4,15,-2,29,0,-9,-5,12,-9,0,-11,26,11,-4,-3,12,-4,10,4,18,5,-10,-7,14,-2,12,-5,20,3,-4,-9,18,-2,4,3,8,7,-2,-7,8,0,13,7,16
11.6600,4,-3,-5,10,-1,15,2,17,7,-3,-8,17,-8,5,-9,17,8,0,-2,0,1,13,-3,30,3,-9,-7,7,-5,1,-9,20,13,-3,-3,11,-2,13,3,20,7,-13,-6,15,4,12,-1,14,10,-5,-5,16,-9,2,4,9,3,-4,-8,17,-1,15,4,12
11.6800,5,-1,-7,11,5,21,4,17,6,-4,-8,20,-13,5,-13,19,9,-2,-9,8,0,8,-8,31,1,-8,-7,7,-3,-1,-6,22,12,-5,-3,12,0,5,5,16,5,-9,-7,16,2,17,4,14,9,-4,-8,22,-9,2,4,7,5,-3,-6,11,-1,9,1,14
11.7000,4,-9,-3,7,4,23,-2,17,8,-2,-9,22,-11,1,-9,21,6,-3,-6,7,2,7,-5,25,0,-4,-4,13,0,-2,-5,22,14,-3,-11,12,0,7,4,12,0,-9,-9,16,1,12,2,17,4,-10,-10,20,-5,5,4,8,0,-5,-6,10,-2,11,3,15
11.7200,5,-7,-7,4,3,18,0,15,8,-1,-10,17,-5,-1,-9,25,7,-1,-4,1,-3,5,-4,28,4,-1,-3,12,1,3,-8,23,13,-1,-9,10,1,10,8,15,7,-12,-3,17,2,11,-2,13,1,-9,-10,20,-8,6,0,13,7,-2,-14,10,-1,15,4,17
11.7400,1,-3,-6,4,3,18,2,15,5,6,-7,17,1,0,-10,21,8,-1,-5,2,2,5,-4,27,6,-8,-4,16,0,-3,-2,18,9,-2,-5,14,2,3,-1,14,9,-6,-6,16,5,16,2,18,1,-7,-8,20,-10,10,2,9,5,-8,-7,12,2,13,2,14
11.7600,4,-1,-10,-2,3,18,4,20,8,5,-9,18,2,3,-11,21,9,1,-6,7,-6,2,-5,27,7,-7,-3,16,6,-2,-1,23,9,-3,-6,9,3,12,0,17,3,-3,-1,19,3,17,-1,17,-1,-10,-5,15,-5,3,-3,13,5,0,-5,9,3,7,6,16
11.7800,1,-2,-8,3,3,20,-3,18,7,0,-5,14,-1,-2,-8,22,9,-2,-6,9,0,1,-3,29,1,-2,-3,15,1,-2,0,24,6,-2,-7,3,3,8,1,19,5,-10,-7,16,0,12,1,12,1,-9,-9,16,-13,7,2,18,8,-8,-6,12,-1,12,4,16
11.8000,5,-6,-7,-2,1,12,0,14,3,1,-13,9,1,-1,-11,23,11,-1,-6,12,0,6,2,27,5,-6,-5,16,5,0,-6,22,9,-5,-8,8,1,6,-1,23,8,-12,-4,16,3,14,1,16,0,-9,-5,14,-13,6,-1,15,4,2,-7,12,1,15,3,19
11.8200,6,-5,-9,2,0,16,4,18,10,4,-3,13,-1,0,-10,27,13,0,-9,14,3,8,-3,22,5,-7,-8,18,3,4,0,21,8,-6,-7,6,5,10,-3,21,6,-7,-6,17,3,17,-1,16,-1,-10,-6,14,-10,9,-2,12,4,-4,-2,11,2,14,-1,13
11.8400,-2,-3,-7,2,7,15,0,19,7,-2,-4,7,1,1,-7,19,9,-1,-8,15,1,7,-4,25,9,-7,-1,19,5,3,-1,18,8,-4,-6,10,0,8,-2,21,4,-8,-5,21,-2,11,1,11,1,-11,-2,15,-11,17,-5,13,8,0,-3,10,1,10,2,15
11.8600,4,-6,-4,1,2,16,-5,15,9,2,1,4,0,-2,-9,19,9,-3,-1,18,3,5,1,23,10,-4,-2,19,5,1,2,19,15,-4,2,12,2,7,0,23,3,-11,-2,15,4,17,1,12,-2,-9,-1,15,-7,18,-5,16,5,-2,-6,17,-3,8,2,16
11.8800,2,-2,-4,3,1,15,-5,18,10,6,-5,5,0,-2,-8,19,12,-5,-4,10,8,7,0,26,8,-6,-7,18,8,3,1,19,9,-1,-2,9,-2,7,-2,22,3,-6,-2,16,6,13,3,12,2,-6,-3,14,-7,21,0,18,7,-5,-5,19,4,15,2,16
11.9000,5,-6,-7,6,3,13,-3,19,7,6,-2,2,3,-1,-4,23,13,-2,-4,14,7,8,-1,19,12,-5,5,18,-2,7,1,22,10,-6,-3,6,0,10,3,23,3,-6,-1,18,6,11,-1,15,2,-3,-5,15,-8,25,-6,20,0,-2,-4,13,4,13,0,16
11.9200,5,-4,-6,4,-4,13,1,22,5,-3,-4,-1,4,6,-8,21,9,0,-3,15,7,9,0,23,9,-3,1,18,4,3,-1,17,4,-4,-6,5,-1,15,-2,19,5,-11,0,15,7,11,-1,20,0,-6,1,14,-3,22,-4,19,2,-1,-6,13,0,10,1,13
11.9400,0,-1,-10,7,4,11,1,19,6,0,-4,-1,4,3,-4,21,11,-2,-2,16,8,11,-1,22,4,-6,-5,19,-2,8,1,16,7,-4,-5,9,3,14,-3,22,2,-6,-1,9,0,17,-2,20,6,-9,-6,16,-6,25,-7,22,9,-2,-5,12,0,17,-2,16
11.9600,3,-4,-4,12,0,13,-2,22,7,-1,3,-2,2,7,-5,21,10,-2,-2,17,4,13,-1,22,8,-6,-7,25,-4,9,-4,15,6,-4,-5,5,-6,15,-4,23,7,-6,-1,11,1,20,-3,18,1,0,-1,17,-2,25,-6,27,9,-7,-4,10,0,15,0,17
11.9800,1,-3,-8,11,-2,10,0,27,2,-3,-5,2,0,8,-6,17,14,-1,-1,15,2,13,0,22,5,-5,-3,16,1,16,-2,14,6,-4,0,9,-2,15,-6,25,8,-8,3,13,-5,19,-3,18,2,2,-4,16,-6,32,-2,20,12,-2,0,15,-3,18,1,14
12.0000,10,-4,-4,11,-1,12,-1,23,5,3,5,-4,4,11,-4,22,11,-2,1,15,2,11,-2,22,9,-13,-1,19,2,11,0,21,3,0,-3,7,-4,16,-6,24,3,-7,-3,7,0,17,-4,19,0,0,-3,17,-1,31,-6,19,8,-3,-1,13,-4,19,-4,15
12.0200,4,-8,-3,13,2,10,0,22,2,0,6,-1,2,8,-1,18,9,-3,4,15,4,13,0,22,3,-6,-4,16,1,13,2,17,5,-3,3,8,-2,19,-1,20,5,-5,-1,8,3,20,-3,22,3,2,-4,12,-1,31,-1,22,3,-6,-2,15,1,18,-1,17
12.0400,6,-7,5,17,0,13,0,25,2,-2,3,0,1,16,0,22,14,-1,-3,16,4,18,4,18,7,-8,-2,14,-3,13,0,15,11,-2,-2,11,-5,19,1,19,1,-8,0,8,3,23,-7,18,0,1,2,14,5,25,-3,20,6,-1,-1,10,1,16,5,17
12.0600,1,-7,-1,23,3,13,1,27,8,-2,2,3,-3,17,-1,16,11,-5,3,13,3,17,5,18,6,-2,0,12,-4,14,-4,13,13,-2,-3,14,-6,17,0,22,2,-2,2,8,0,19,-7,15,5,0,-4,12,3,30,-2,21,2,-2,-1,12,-3,19,3,17
12.0800,3,-2,0,17,2,12,-3,22,9,1,5,5,4,10,-4,17,10,-3,2,20,8,17,1,19,4,-9,1,9,-5,12,-1,16,4,0,2,14,-9,20,2,21,6,-3,0,11,3,19,-9,19,10,-4,-5,14,1,30,-6,23,5,0,-4,13,2,15,-1,18
12.1000,7,-4,8,20,4,12,-3,25,1,1,6,3,0,12,-3,20,12,0,-4,14,4,18,0,25,10,-5,4,12,-2,17,0,15,7,-2,-2,7,-8,18,0,23,3,-4,5,6,5,16,-1,17,8,2,-2,17,2,28,0,19,2,-2,3,13,-3,15,-3,15
12.1200,-2,-6,8,22,2,14,0,31,7,0,5,11,-3,14,-1,17,9,-3,0,11,4,16,-1,24,3,-8,0,9,-8,17,-1,18,4,-1,1,12,-9,19,-1,23,9,-11,0,9,0,17,1,15,7,2,0,13,4,26,2,20,5,0,-1,8,-5,16,2,13
12.1400,1,-1,8,22,6,12,-1,27,5,-4,5,12,1,18,0,15,10,-2,0,9,6,17,-1,18,8,-11,-1,6,-2,14,0,20,5,-4,0,17,-5,15,1,18,7,-5,3,6,-3,20,-4,17,9,1,-3,15,1,19,3,21,8,-4,0,13,-9,14,-1,16
12.1600,3,-7,6,18,5,6,4,27,7,-1,8,17,7,14,2,10,12,-3,1,13,7,15,2,21,4,-9,1,8,-8,13,-2,21,6,2,0,13,-3,17,-1,19,6,-2,1,13,-2,21,1,23,16,-2,-1,12,9,19,3,20,3,3,-1,15,-8,17,-4,15
12.1800,6,-4,2,20,4,12,-2,24,6,0,2,14,8,15,1,12,12,0,-1,9,3,18,-1,19,2,-8,-1,1,-4,16,-8,16,10,0,-1,14,-2,16,-2,23,6,-6,2,5,2,18,-1,14,9,-3,1,17,1,16,6,15,5,-8,0,15,-1,18,0,16
12.2000,9,-6,1,20,-2,10,-2,25,7,2,0,22,0,14,0,11,12,5,4,8,5,22,2,23,3,-7,-5,1,-4,20,-5,14,6,-5,0,14,-7,21,0,21,7,-4,3,6,-1,16,-5,18,7,-8,-2,13,6,12,6,15,11,-3,7,11,-6,21,-1,16
12.2200,2,-4,7,23,6,6,0,24,8,-3,4,21,3,13,4,8,7,-6,-3,11,5,17,3,20,3,-3,1,5,-7,16,-4,15,7,-1,4,17,-7,16,-1,24,3,-3,1,9,-2,18,-7,17,12,-3,2,15,8,6,9,15,3,-5,1,8,-3,13,-4,15
12.2400,7,-3,8,22,9,8,2,21,8,-3,3,23,0,14,1,12,12,3,5,7,2,15,4,27,7,-7,-1,1,-5,18,-9,18,5,-4,0,21,-3,20,0,22,3,-3,3,9,-3,18,1,12,10,0,4,10,11,1,6,11,2,-5,2,8,-2,11,-1,17
12.2600,8,-6,8,21,1,7,1,24,7,-2,2,25,2,16,8,13,6,1,3,6,2,20,-1,24,1,-9,-3,2,-7,17,-6,15,9,-3,-2,19,-2,13,-3,15,5,-3,1,10,-2,15,3,12,11,-2,-1,12,10,6,10,13,3,-5,2,11,-4,16,-1,17
12.2800,3,-4,3,25,5,4,1,24,2,-1,-4,23,2,13,3,12,11,-2,5,4,9,15,-1,23,7,-7,2,-1,-5,17,-10,13,8,-7,2,17,-6,17,-1,21,8,-8,3,8,0,10,-4,14,14,-1,5,8,9,3,5,14,5,-1,2,14,-3,11,-3,19
12.3000,5,-6,5,20,1,8,1,23,5,-4,1,22,-1,14,4,14,8,-2,8,3,4,14,2,26,2,-10,1,2,0,18,-10,14,9,-5,2,21,0,14,2,20,5,-7,3,9,-2,12,-7,17,8,-5,3,15,6,3,5,12,2,-5,4,8,1,12,-2,14
12.3200,-1,-5,4,18,4,9,-4,22,4,-3,3,23,4,10,6,16,5,-6,5,5,4,14,3,19,7,-12,2,0,-1,15,-5,12,12,-6,1,17,-3,11,1,12,5,-3,4,10,-1,13,-6,18,10,-4,3,12,9,-3,8,13,5,-3,-2,14,1,14,-4,11
12.3400,6,-3,0,20,2,1,0,25,3,-4,1,25,3,11,2,17,11,4,-1,8,2,13,0,19,9,-12,-1,5,-6,15,-9,18,8,0,0,16,-1,12,0,23,2,-8,0,13,-3,11,-3,12,8,-6,2,14,9,-2,10,8,5,-3,-3,15,1,10,-9,17
12.3600,2,-7,-1,17,6,8,2,18,1,-4,0,21,5,6,5,19,6,1,3,8,7,6,0,20,4,-6,-5,3,-6,12,-5,12,9,-9,5,20,1,11,3,13,2,-9,2,10,2,11,-6,14,8,-6,-1,15,4,-4,5,10,5,-3,2,17,0,15,-1,14
12.3800,6,-5,0,18,6,8,-2,20,0,-4,-5,22,0,5,6,20,6,-3,4,6,0,11,-5,22,4,-11,-2,5,-3,16,-8,12,13,-6,0,17,3,12,-1,22,4,-11,-2,15,1,6,-8,10,7,-3,1,18,5,-2,6,11,5,-1,2,10,-1,11,-2,16
12.4000,5,-4,-3,13,3,5,2,18,4,0,-1,19,3,11,4,13,8,0,-1,6,8,8,-4,17,10,-8,-4,2,-1,14,-5,16,5,-8,1,11,0,14,5,21,2,-11,1,14,-1,10,-8,13,6,-2,-1,15,2,6,3,9,4,-3,-1,14,-4,15,-9,15
12.4200,2,-5,1,14,7,8,-3,18,1,-7,-3,18,4,5,4,20,13,-3,2,11,3,11,-2,21,4,-5,-3,10,1,8,-6,18,6,-6,0,13,2,13,-3,16,6,-8,-4,16,8,13,-5,15,4,-5,0,13,-1,4,4,12,4,-2,2,10,0,10,-1,17
12.4400,6,-5,-1,16,7,7,-1,13,1,-3,-9,16,7,6,4,18,9,-3,6,8,4,7,-1,17,4,-11,0,9,1,10,-3,13,9,-5,3,15,1,10,0,21,0,-10,-1,14,2,6,-4,12,2,-6,-3,15,0,5,2,14,3,-3,0,14,0,11,1,16
12.4600,6,-7,-6,15,4,7,0,14,5,-2,-4,15,3,3,3,18,12,-2,2,12,7,4,6,24,6,-10,-2,7,3,14,-5,14,12,-8,-5,10,1,8,-2,20,4,-11,-5,17,3,7,-6,15,0,-7,0,18,0,8,0,17,4,-6,0,15,-2,7,3,12
12.4800,4,-5,-4,13,4,6,0,15,5,-2,-3,10,3,3,0,21,8,-3,-1,16,3,5,0,18,4,-11,-1,10,3,4,-5,17,3,-3,-4,8,2,11,-1,16,4,-12,1,15,-1,10,-4,10,-3,-5,-4,16,-4,9,2,18,3,-6,2,13,-2,9,3,15
12.5000,6,-7,-6,9,6,6,-1,21,3,0,-4,12,4,5,-4,17,10,-3,2,16,3,10,-1,14,3,-15,0,18,3,5,0,21,5,-5,-2,8,4,14,-2,24,2,-10,0,15,3,9,-6,10,-1,-8,-5,13,-2,10,-2,18,4,-2,-2,11,6,9,0,18
12.5200,2,-7,-7,2,11,8,3,14,2,-3,-4,8,1,6,3,21,6,1,2,13,2,9,-1,19,5,-11,1,13,3,10,-4,15,9,-4,-3,9,3,11,3,19,4,-10,-3,12,2,16,-2,13,-2,-6,-8,11,-5,16,-7,21,4,-4,-2,13,-3,9,3,14
12.5400,4,-9,-1,2,7,7,2,15,-1,-4,-8,6,0,8,-3,17,9,0,0,18,3,3,0,22,1,-5,-3,14,2,8,1,16,6,-5,-6,4,1,11,4,22,8,-7,-5,17,2,8,-1,15,-1,-10,-6,18,-7,18,-5,18,-1,-9,-4,7,-1,8,1,12
12.5600,7,-5,-3,5,9,6,2,17,1,-6,-10,4,-4,6,-1,16,7,-6,-4,20,5,8,2,21,5,-11,3,20,3,8,-1,15,9,-3,0,5,3,17,2,20,3,-7,-12,14,7,9,-2,15,1,-10,-6,11,-8,21,-3,21,3,-2,-2,11,4,11,-1,13
12.5800,2,-5,-6,3,7,3,3,18,-2,-8,-8,5,-1,3,1,16,7,-4,-5,19,4,7,4,24,3,-9,0,19,-1,11,0,17,10,-3,-3,8,5,11,2,21,4,-7,-4,16,4,8,-1,14,-1,-6,-5,17,-10,18,-6,19,3,-2,-2,13,-1,11,3,16
12.6000,5,-8,-9,3,9,9,3,16,3,-6,-3,9,2,4,-4,16,5,2,-4,19,1,6,4,24,2,-14,1,22,4,4,-1,16,4,-7,-5,4,1,16,0,26,2,-14,1,13,2,9,-6,13,4,-7,-8,19,-10,23,-4,26,4,-4,0,11,1,17,2,13
12.6200,3,-4,-3,-1,6,12,-2,23,5,-11,-3,7,-2,5,-3,19,11,-5,-7,16,3,9,3,20,5,-7,-1,22,-2,9,-3,16,4,1,-5,7,-2,14,5,21,0,-9,-5,12,2,13,-4,16,1,-5,-4,18,-12,23,-2,25,-1,-5,-6,15,1,15,1,17
12.6400,1,-6,-5,3,12,15,2,15,5,-2,-9,2,1,5,-6,16,11,1,-9,17,0,11,2,20,10,-12,4,18,6,7,-2,19,7,-3,-6,6,1,16,3,22,3,-9,-5,13,5,15,-2,17,0,-4,-6,17,-12,23,-7,22,7,0,-6,10,-1,13,5,19
12.6600,7,-8,-5,-4,4,13,1,17,3,-3,-2,5,-5,7,-1,19,10,-2,-1,14,2,12,1,18,5,-12,-5,23,1,11,-2,13,6,2,-2,12,3,16,2,22,0,-15,-7,8,0,12,-6,17,3,-6,-11,15,-11,22,-5,20,5,-2,-4,14,7,10,3,15
12.6800,3,-8,-10,1,4,16,2,15,4,-2,-6,3,0,13,3,18,12,-4,-8,17,-1,11,0,20,5,-11,-1,27,0,9,-7,20,9,2,-6,11,1,18,-1,22,0,-6,-5,15,1,14,-8,17,3,1,-2,16,-11,20,-4,23,6,-1,-4,10,-5,17,6,15
12.7000,4,-6,-7,1,4,20,4,18,5,-2,-1,8,-6,5,-2,20,7,-1,-2,13,3,12,1,18,4,-7,-5,22,3,13,-7,20,11,0,-5,11,-4,16,5,26,4,-11,-3,12,3,11,-6,15,7,-4,-10,14,-12,22,-9,18,4,-1,-8,14,1,17,5,20
12.7200,7,-5,-4,7,8,20,4,18,1,-4,0,11,-6,13,1,18,8,-5,-11,18,3,14,3,22,5,-12,-3,23,-1,15,-6,12,11,-2,-6,9,-4,17,3,21,2,-9,-2,12,2,18,-2,17,1,-1,-3,19,-11,22,-7,21,0,-3,-6,15,0,15,1,14
12.7400,5,-4,-9,5,5,27,-1,19,4,1,-3,9,-10,8,-5,21,10,-2,-8,16,-1,17,5,22,6,-10,-3,22,-3,10,-5,20,7,1,-4,11,-5,20,1,23,4,-8,-3,11,4,21,-4,17,6,2,-12,18,-8,20,-8,17,1,-3,-5,13,0,17,1,21
12.7600,5,-5,-2,9,4,24,-1,21,5,-5,-1,14,-11,13,-7,22,10,-4,-9,15,5,13,-1,22,7,-8,-6,19,0,14,-7,17,13,-3,-7,12,-3,21,0,22,5,-9,-4,12,4,18,-1,15,4,-4,-8,19,-7,17,-9,17,6,-3,-5,10,3,19,1,16
12.7800,3,-7,0,11,0,24,-1,25,7,-4,3,16,-11,11,-4,17,8,4,-8,21,2,16,-3,24,1,-2,-3,16,-3,14,-3,17,10,-2,-7,16,-7,21,2,19,0,-11,-3,9,5,21,-3,16,6,1,-6,19,-3,18,-6,18,5,-7,-3,10,0,17,-3,17
12.8000,0,-9,1,7,3,24,1,19,8,0,1,13,-13,13,-5,15,7,-2,-4,16,-1,19,1,26,9,-6,-5,14,-5,13,-6,16,12,2,-2,13,-4,14,-5,22,2,-12,0,6,0,19,3,17,3,3,-6,22,1,18,-8,16,7,-3,-3,11,-1,20,-2,12
12.8200,2,-6,0,12,-4,22,4,18,3,0,1,12,-11,12,-6,18,11,0,-9,12,-3,18,-2,22,2,-5,-8,15,-4,12,-10,19,11,-2,-10,14,-4,17,-1,19,8,-10,-4,10,-7,20,-7,20,3,-1,-2,19,-6,19,-6,19,4,-3,-4,16,-5,20,-2,14
12.8400,-1,-6,3,13,-4,24,-3,26,2,2,1,13,-8,10,-8,18,6,-1,-3,13,0,15,3,21,2,-6,-6,12,-2,13,-11,19,10,0,-4,11,-3,17,-1,17,4,-11,-2,11,2,22,-3,15,7,0,-6,19,-5,19,-2,17,5,-4,-4,15,0,19,-3,20
12.8600,5,-9,0,15,3,30,-1,17,4,1,3,19,-10,10,-6,20,3,-2,-2,12,5,16,4,26,3,-4,-8,9,-1,11,-5,13,9,0,-9,12,-6,21,-5,16,2,-15,-5,7,0,20,-2,17,8,0,-9,16,-2,17,-7,14,3,-3,-4,9,-6,17,0,16
12.8800,5,-8,-3,20,0,26,-3,19,4,-2,2,14,-9,10,-9,15,9,0,-5,16,-1,16,-5,26,8,-6,-8,13,-4,9,-9,16,17,0,-3,13,-5,18,-5,18,6,-9,-4,9,-2,18,1,14,4,-2,-4,20,2,18,2,17,4,-3,-5,13,-5,17,1,12
12.9000,5,-8,-1,21,3,21,0,22,4,-3,-6,14,-6,12,-6,19,7,1,-8,10,-3,14,0,27,6,-2,-8,10,-3,8,-3,19,17,-3,-6,13,-7,15,1,18,4,-14,-3,13,-2,15,5,16,3,0,-1,21,7,15,3,11,4,-4,-5,9,-6,17,-3,16
12.9200,6,-4,0,20,4,25,-4,18,8,-4,-2,10,-8,15,-6,21,3,-7,-2,6,1,18,-1,24,9,-4,-5,8,-6,12,-7,14,18,2,-1,15,-6,17,-1,17,4,-12,0,9,-2,20,-4,17,9,-1,-4,19,1,10,2,10,4,0,-5,9,-6,18,-3,12
12.9400,7,-11,-4,23,0,17,-5,23,7,1,0,12,-8,10,-7,16,10,-1,-2,5,4,17,1,26,6,-3,-8,5,-1,15,-13,19,13,0,0,17,2,15,-3,19,2,-17,-6,14,-2,19,-5,16,7,0,-2,22,5,16,3,11,6,-1,-6,12,-4,15,-2,18
12.9600,7,-4,-4,19,5,19,-4,19,3,-1,-2,10,-9,12,-7,18,9,-1,-7,3,-2,16,-1,24,7,-5,-9,4,-3,14,-6,9,19,3,-3,14,-3,17,-4,19,0,-11,-5,15,0,15,-4,18,8,-1,-7,17,6,9,4,10,2,-8,-5,12,-4,13,-2,15
12.9800,10,-6,-4,21,3,21,-1,18,5,-4,-5,12,-8,9,-3,17,9,-5,-5,6,0,12,5,29,8,-3,-8,-2,-1,9,-4,15,15,-1,-3,14,-4,17,-2,12,9,-13,-3,11,0,14,-6,13,6,-1,-4,17,7,5,8,8,9,-1,-8,14,-5,15,-7,15
13.0000,6,-7,-5,20,2,21,-4,19,5,-5,-4,13,-7,9,-5,21,8,-3,-4,8,5,15,0,26,8,-5,-9,-1,1,12,-9,10,17,-4,-9,16,-4,20,-5,19,6,-11,-7,12,0,12,-3,17,5,-3,-2,17,9,12,14,10,2,-1,-6,11,-1,19,3,16
13.0200,5,-10,-5,20,7,18,1,23,7,-5,-5,11,-6,2,-9,18,8,-2,-3,2,4,10,0,30,7,-6,-6,5,-1,9,-8,14,17,0,-8,9,1,16,-1,16,5,-14,-2,15,1,15,-5,19,6,-8,-7,18,12,16,10,9,7,0,-3,11,-4,11,0,18
13.0400,3,-7,-9,20,4,15,-3,21,6,-2,-1,15,2,2,-4,15,8,0,-7,6,7,12,9,31,5,-7,-2,1,-4,12,-9,16,13,-2,-7,8,0,15,-3,17,6,-13,-5,13,1,16,-3,21,10,-4,0,14,7,12,10,6,2,-2,-5,14,-1,18,1,12
13.0600,10,-6,-6,18,4,18,-2,22,2,-3,-6,12,1,-1,1,22,10,1,-1,2,6,9,1,31,9,-10,-7,-2,-1,10,-12,10,10,-4,-2,14,2,13,-8,20,3,-16,-7,13,2,19,-5,17,5,-7,-2,13,6,11,8,11,4,-1,-9,12,-6,15,-4,14
13.0800,6,-6,-6,15,7,16,-2,24,8,-1,-4,13,-3,4,-1,26,12,-8,-2,4,5,10,2,31,7,-6,-6,0,5,7,-8,15,12,-1,1,13,2,12,-4,18,8,-18,-4,16,4,11,-8,13,6,-7,2,19,5,11,5,9,2,-7,-5,13,2,9,-4,19
13.1000,4,-5,-5,21,5,11,-2,22,3,-7,-5,15,-2,1,-4,18,11,-4,-8,9,9,8,1,28,9,-7,-5,7,0,8,-10,10,16,3,1,15,1,15,-6,19,0,-13,-8,17,-1,10,0,13,6,-7,-4,15,6,11,11,10,9,-4,-5,11,2,17,-4,15
13.1200,9,-4,-5,13,5,12,1,24,3,0,-5,11,-1,2,2,20,6,-1,-5,4,11,9,5,29,8,-10,-7,5,3,3,-7,16,13,0,-5,14,3,15,-1,19,2,-13,-4,9,3,11,-6,16,10,-8,-2,14,2,11,9,13,6,-4,-3,14,-4,15,0,16
13.1400,8,-8,-7,13,13,14,-2,24,8,-3,-10,19,0,-2,-7,16,7,-5,-2,10,7,8,1,32,6,-9,-5,4,-1,12,-7,14,12,1,-7,13,-2,11,-9,20,-1,-17,-2,17,3,8,-6,16,7,-5,-6,16,6,7,8,11,5,-3,-3,17,-4,13,-3,20
13.1600,6,-6,-7,11,8,10,-1,22,5,-4,-8,16,-2,-8,-6,19,4,-1,-4,8,6,9,3,28,10,-9,-6,7,-3,3,-8,16,15,-2,-1,10,1,11,-3,20,2,-13,-4,17,5,5,-3,16,11,-6,-3,17,2,9,6,13,0,-6,-3,14,1,9,3,12
13.1800,7,-11,-11,13,10,13,1,24,3,-6,-8,10,-1,-1,-2,19,7,2,-5,11,8,13,0,27,8,-9,-3,11,-4,10,-8,15,10,0,-5,13,4,11,-7,21,5,-17,-3,12,7,9,-4,14,7,-2,-3,15,-4,8,1,12,4,-7,-1,11,5,9,1,14
13.2000,5,-2,-7,10,8,15,2,26,3,-8,-10,14,-1,-2,-1,19,8,3,-2,7,3,5,6,26,11,-11,-9,10,4,5,-12,16,15,-3,-1,10,-1,10,-7,17,1,-15,-3,14,1,8,-3,13,8,-2,-5,21,-5,6,2,15,4,-6,-1,5,-3,12,2,15
13.2200,3,-10,-6,10,12,16,1,19,1,-8,-7,15,1,-6,-7,19,6,2,0,13,5,10,1,27,7,-7,-2,13,0,9,-9,15,13,-6,-2,17,-3,13,-6,18,0,-16,-2,15,4,10,-5,7,5,-4,-5,18,-1,9,1,13,7,-1,1,13,1,8,4,22
13.2400,2,-5,-6,5,5,12,2,23,2,-7,-5,10,2,-5,-4,24,9,-4,0,15,8,10,0,28,11,-7,0,16,-5,9,-10,12,13,-2,2,12,7,10,-5,20,4,-12,-1,11,2,8,-4,12,6,-2,-3,21,-3,11,-2,20,6,1,3,12,2,13,5,19
13.2600,5,-12,-5,5,10,11,4,20,6,-6,-4,14,-3,-3,1,14,11,-2,0,17,5,9,3,28,8,-11,-2,10,0,9,-8,13,13,-3,1,12,4,14,2,22,1,-16,-4,12,4,6,-4,14,5,-2,3,24,-4,10,-2,19,3,-6,-1,15,3,13,2,19
13.2800,2,-9,-5,3,13,9,5,19,5,-4,-3,18,3,-3,0,16,9,2,-1,20,5,9,6,25,5,-7,1,19,-6,12,-11,13,17,0,3,15,2,10,-3,16,3,-11,0,11,7,10,-4,11,5,4,-4,21,-7,8,-4,23,3,-1,-3,13,2,12,6,11
13.3000,2,-9,1,8,13,13,5,15,5,-5,2,15,1,-3,0,17,9,-4,4,23,2,11,1,28,12,-10,2,18,-8,12,-6,14,13,2,0,13,1,14,-1,22,1,-12,-1,13,1,9,-5,9,7,-5,-2,22,-5,11,-2,21,4,-5,-1,13,0,14,4,16
13.3200,2,-8,0,5,8,10,9,18,2,-11,-1,14,0,-3,3,15,9,3,-3,17,3,13,1,25,11,-9,1,21,-8,13,-1,13,15,-4,2,13,4,11,1,20,2,-12,-2,7,4,12,-3,14,3,2,-4,22,-4,10,1,21,1,-3,3,10,3,12,3,12
13.3400,4,-4,-1,2,17,16,13,15,10,-6,2,16,3,-2,6,17,5,1,1,23,0,16,1,23,5,-7,3,19,-5,9,-9,16,15,-3,0,11,-3,10,-5,17,-3,-10,-1,9,4,16,-3,14,2,-2,1,24,-6,13,-4,23,6,-1,1,16,0,18,-2,18
13.3600,5,-7,2,1,12,17,11,16,5,-1,-1,12,-2,1,2,14,11,1,2,23,5,14,1,27,6,-5,3,22,-4,11,-10,16,14,3,5,11,-4,10,-2,20,2,-12,2,10,5,16,3,11,3,1,-4,20,-11,15,-4,24,2,2,-2,13,2,14,2,16
13.3800,4,-8,2,8,6,10,7,14,6,-6,0,16,2,-5,5,12,6,1,-1,23,1,15,9,27,5,-1,6,17,-1,16,-6,14,13,0,3,10,-4,12,6,18,2,-16,4,8,2,16,2,15,5,0,-4,22,-4,12,-4,19,7,-1,-4,13,-3,15,0,12
13.4000,7,-7,3,4,12,13,7,14,4,-6,0,6,1,-1,6,15,7,4,3,20,0,20,5,27,9,-8,1,19,-6,10,-8,17,11,2,8,13,0,12,-2,20,4,-16,3,16,2,15,-2,15,0,2,-2,22,-5,12,-4,22,4,-5,-1,14,2,13,0,14
13.4200,3,-8,-1,8,11,16,7,18,2,-3,4,11,-1,1,4,15,4,-2,-1,21,-1,15,8,23,5,-11,1,20,0,18,-8,12,11,-2,3,10,0,11,-1,18,2,-15,8,7,-1,17,4,17,3,-1,-1,20,0,13,-1,21,2,-1,3,12,-6,16,4,18
13.4400,3,-9,3,10,16,16,10,13,5,-3,4,7,6,2,1,20,4,5,0,25,-3,19,2,26,7,-7,4,20,-8,14,-9,14,16,3,3,9,-3,15,-1,15,4,-17,2,11,0,13,3,13,3,-5,-1,23,-4,19,-3,25,2,-5,-5,15,-2,19,4,14
13.4600,4,-12,2,10,6,14,11,13,3,-3,5,4,-5,2,5,17,9,0,3,21,2,15,1,25,10,-4,4,16,-7,15,-10,17,16,-3,-1,8,-4,13,1,24,1,-14,2,9,2,15,2,16,-1,-4,5,21,1,22,0,23,5,-5,-2,11,1,18,-1,17
13.4800,6,-10,0,11,9,17,4,19,8,-3,-1,8,0,6,0,18,6,3,0,17,2,17,-1,27,7,-8,-1,19,-5,14,-10,12,15,-1,-2,8,-5,19,0,20,2,-16,0,14,2,15,-1,13,0,0,-1,18,-3,18,-4,18,6,-3,-4,10,2,17,0,12
13.5000,4,-15,1,14,8,15,6,19,4,-7,1,7,3,4,0,17,5,-1,4,12,-1,12,1,27,9,-9,-2,13,-7,15,-10,17,10,-1,2,10,-6,19,-5,18,-2,-16,1,12,-1,18,-2,13,-1,-8,5,22,0,15,3,14,1,-2,-3,11,-1,19,-3,17
13.5200,2,-5,-1,15,9,12,7,14,5,-4,7,4,-2,11,0,19,5,5,3,13,2,16,3,26,6,-1,-1,16,-6,18,-6,18,9,2,-5,13,0,18,-1,20,5,-12,-2,14,7,14,-3,17,4,-6,0,19,0,17,-3,13,2,-3,-4,11,-2,22,2,12
13.5400,8,-9,-1,7,10,15,6,20,7,-7,3,11,-2,13,-1,17,6,0,2,14,-3,15,1,25,8,-4,-3,13,-6,19,-9,15,15,-2,-3,9,-1,17,-2,16,8,-16,3,12,8,20,0,14,5,-3,4,19,-2,21,3,20,6,-6,-2,10,-4,15,-1,15
13.5600,0,-5,1,17,7,17,6,16,4,-1,2,8,-2,8,-2,22,3,0,2,7,-6,14,0,26,6,-6,-4,7,-9,17,-10,21,14,-3,0,9,1,18,-5,18,2,-12,-3,12,4,18,2,13,4,-3,4,17,0,22,0,16,4,-1,1,12,-4,14,0,12
13.5800,3,-8,4,15,12,13,4,12,3,-4,5,5,0,11,-2,18,2,1,3,8,0,14,-2,27,7,-4,4,7,-8,18,-7,16,15,0,-2,9,-5,15,-7,17,3,-13,-4,10,1,19,-2,13,8,-4,2,16,-2,23,1,12,6,-2,0,10,-4,14,-3,11
13.6000,6,-4,2,14,8,16,5,19,9,-9,0,3,-2,13,1,16,5,0,1,4,1,11,-1,25,5,-5,-6,3,-10,18,-9,16,17,-1,-2,14,-3,18,-4,20,0,-13,-3,8,-2,18,0,12,3,0,3,17,0,20,-1,9,6,-3,1,7,-5,18,4,19
13.6200,3,-10,0,19,10,14,2,17,3,-7,0,5,3,13,0,19,10,0,-2,7,-1,13,2,24,14,-4,-5,9,1,19,-8,18,15,-4,2,15,0,15,-6,17,2,-15,-9,15,2,21,-2,14,7,-2,-3,20,3,20,2,12,5,-5,-1,11,0,17,2,17
13.6400,6,-5,3,13,7,16,0,18,2,-4,2,6,1,17,1,23,4,-1,-2,2,4,14,2,26,8,-4,-6,8,-7,16,-4,18,14,-1,-1,8,-1,20,-7,17,5,-20,-3,8,5,16,-2,13,5,2,4,18,6,20,4,14,6,0,-6,14,3,13,0,21
13.6600,5,-7,-5,18,7,13,3,17,7,0,-2,4,-1,13,-3,23,2,2,-1,12,1,11,2,26,7,-8,-2,5,-2,12,-9,11,12,0,-7,7,-4,14,-8,16,2,-13,-3,12,5,21,-7,16,6,-3,-6,16,5,22,3,13,3,-4,2,14,0,16,-2,20
13.6800,5,-8,-4,16,9,16,3,15,3,-4,2,12,-1,6,-6,19,3,1,-8,3,-1,12,3,25,9,-8,-7,11,-2,15,-9,16,14,0,-1,17,1,16,-3,16,-1,-15,1,9,4,14,2,15,13,-2,-3,18,0,16,-1,10,7,-4,-7,11,1,16,2,16
13.7000,5,-3,0,17,8,22,1,20,4,-1,0,10,-5,10,-1,19,4,-2,-1,3,2,11,3,26,11,-5,-5,6,1,15,-7,16,13,-3,-3,14,0,18,-6,20,3,-17,-6,11,-1,13,-1,8,12,-3,0,19,4,16,0,14,3,-3,-2,8,0,15,-6,17
13.7200,9,-7,-4,18,9,21,0,20,7,-7,0,12,-3,12,-2,23,11,0,1,8,4,8,2,27,7,-6,-4,9,4,12,-8,13,18,-3,1,17,2,14,-1,17,1,-13,-4,12,-2,16,-4,17,11,-1,1,17,9,16,3,8,4,-9,1,10,-1,19,-1,19
13.7400,6,-4,-4,16,9,19,-2,20,2,-2,-3,13,-3,11,1,19,8,-3,-2,6,8,9,4,24,14,-5,-5,8,-1,13,-13,16,15,-5,-2,11,4,17,0,17,0,-14,2,13,2,17,-3,16,9,-5,-1,18,3,15,1,12,4,-5,-10,10,1,14,0,19
13.7600,8,-4,-2,15,5,18,3,23,6,-3,0,11,-2,13,2,24,11,4,-4,8,2,5,0,23,4,-4,-5,10,3,12,-8,16,17,-2,-4,14,0,16,-2,17,7,-15,1,14,2,14,1,17,7,-4,0,19,2,13,5,14,7,-3,-7,15,0,18,1,17
13.7800,9,-10,-6,18,8,9,0,20,0,-6,-1,17,-1,11,-6,25,5,4,-5,6,7,5,4,31,6,-5,-1,12,0,12,-8,16,18,1,-2,9,4,14,-1,13,9,-14,-1,14,9,15,-7,14,7,-5,-1,20,8,5,3,14,2,-5,-1,11,1,16,-2,16
13.8000,4,-7,-7,16,11,18,-3,19,4,-2,0,15,-6,10,1,24,4,0,-1,11,1,8,5,28,4,-2,-1,13,3,13,-10,14,18,0,0,12,0,12,-1,20,4,-9,-2,13,2,12,-2,11,9,-6,-2,21,10,5,-1,17,5,-6,-1,17,3,15,0,19
13.8200,6,-4,-6,13,9,21,1,21,3,-1,-5,17,-2,5,-1,23,5,3,-2,8,-1,7,3,30,7,-4,0,16,-2,12,-10,13,20,-7,-2,14,3,14,-1,20,1,-13,-3,17,5,11,-1,17,6,-7,-2,20,5,7,2,17,5,0,-1,10,0,13,-1,18
13.8400,7,-6,-5,11,10,17,-3,19,-1,2,-1,21,-7,10,3,24,6,-2,-5,12,8,10,9,28,9,-6,-7,13,3,11,-8,13,14,-4,-2,10,3,15,2,15,3,-12,-4,12,0,11,0,16,3,-6,-2,20,5,4,0,17,3,1,-2,12,-1,12,2,19
13.8600,5,-4,-5,13,9,17,-1,23,2,-4,-5,20,-7,3,0,20,0,0,-5,9,5,8,2,33,7,-6,-3,11,0,11,-12,13,17,-2,-3,9,3,10,-4,17,3,-15,0,13,2,14,-3,14,4,-6,-1,17,3,1,-3,15,4,0,-5,14,2,6,2,17
13.8800,2,-4,-1,11,10,21,-3,19,3,-3,-3,21,-6,2,1,23,-1,-1,-1,20,6,13,4,29,6,-3,-3,14,3,10,-9,17,16,0,1,15,5,12,1,20,4,-13,-1,11,3,10,-3,17,6,-8,-2,18,3,0,1,19,9,0,-4,9,4,11,1,15
13.9000,9,-9,-6,6,12,19,1,19,3,-5,-6,20,-2,4,0,23,5,-1,-4,15,2,9,5,32,10,-6,-1,12,-2,10,-9,17,17,-1,-2,13,-1,14,-3,20,7,-16,2,14,3,9,0,18,9,-3,-2,19,3,-7,1,23,-1,-2,-8,9,5,10,3,17
13.9200,3,-5,-9,12,9,15,-5,23,2,-3,-10,19,-7,5,3,25,1,-1,-5,15,2,8,8,24,3,1,-2,11,3,8,-10,14,15,3,-4,10,-2,14,-3,21,0,-13,0,14,-1,9,-4,15,5,-1,-4,19,-3,3,2,21,4,-4,-7,9,1,13,0,19
13.9400,4,-4,-3,12,3,18,-2,16,3,-5,-5,20,-2,4,-2,22,6,5,-4,17,5,4,2,24,8,-3,2,10,1,7,-11,16,16,0,-3,14,-2,11,-3,19,1,-12,0,12,3,8,-2,14,4,-4,-6,18,1,3,0,21,4,-3,-1,13,2,9,-3,17
13.9600,5,-5,-3,13,7,11,-1,19,2,-7,-6,16,-6,2,1,17,3,3,-6,19,2,9,4,30,4,-4,-4,9,3,10,-8,18,13,-4,0,8,2,9,-2,19,-1,-16,1,13,2,11,-3,18,3,-5,-3,22,-2,3,1,25,11,-6,2,12,-2,10,-2,14
13.9800,7,-6,1,7,5,15,1,16,7,-3,-7,20,-7,4,-2,20,2,0,1,15,1,8,3,33,8,-5,-4,12,0,11,-6,14,13,-4,-1,11,3,16,-3,16,-2,-12,-3,12,6,7,0,19,4,-5,-3,18,-8,6,2,20,3,-6,1,13,-4,12,1,16
14.0000,5,-7,-6,8,6,18,1,16,3,-6,0,15,-5,-3,0,24,9,2,-5,17,-2,10,2,30,10,-7,-7,10,-4,14,-10,19,13,-5,0,8,5,11,-3,17,0,-13,-2,12,2,11,-3,15,3,-2,-5,17,-5,5,1,22,3,-4,-1,11,0,11,2,14
14.0200,7,-2,-2,3,10,15,6,15,0,-4,-8,17,-5,-1,1,18,7,-1,-2,14,1,11,1,29,7,-4,-6,12,-2,15,-7,13,9,-3,-1,14,2,11,-7,16,-2,-14,0,12,1,11,-4,16,2,-6,-3,19,-6,7,1,21,2,-2,-2,13,-4,10,-1,16
14.0400,1,-3,-1,10,8,17,-1,19,5,-5,-9,13,-7,3,-5,18,2,2,-3,19,0,10,2,27,8,-3,-2,12,2,10,-10,12,12,3,-1,7,6,12,-5,13,2,-12,-4,17,-2,9,0,17,6,-3,-3,23,-3,8,2,20,0,-8,-6,15,-2,12,-3,18
14.0600,5,-7,6,7,4,14,1,16,1,-3,-2,14,-5,1,-1,17,3,-1,-3,15,0,10,-1,25,3,-3,-2,14,-2,13,-9,13,9,-2,-1,14,0,11,-11,16,-1,-14,-6,16,2,7,-3,16,4,-2,-3,12,-5,10,-5,18,5,-2,-1,12,-4,11,6,18
14.0800,8,-8,-5,3,8,16,2,15,4,-9,-5,11,-5,2,-1,16,-2,-4,-2,15,-4,15,4,27,11,-6,-4,8,-3,12,-7,14,10,2,-4,11,-2,12,-1,15,4,-13,1,12,3,10,-1,15,2,-7,-3,19,-8,11,1,19,2,-5,-6,7,0,13,-3,15
14.1000,7,-8,3,5,9,19,-2,18,6,-5,-1,7,-5,4,-5,12,1,-6,0,14,-4,16,7,21,5,-8,-4,12,-5,14,-8,19,9,0,-4,9,-3,12,-2,15,3,-11,-8,12,-3,10,-2,12,5,-2,2,15,-7,18,2,15,6,-3,-2,12,-3,14,1,16
14.1200,6,-8,0,8,6,16,-2,11,8,-7,0,5,-3,2,-6,18,1,-4,1,16,0,11,0,23,6,-11,3,12,-5,16,-12,13,15,-2,-1,9,-3,15,-3,15,0,-17,-7,12,-2,10,-5,19,3,-4,1,19,-6,14,2,14,2,0,2,13,-2,19,-2,12
14.1400,6,-3,2,13,6,17,2,12,4,-11,-1,9,-4,5,5,12,0,-4,0,8,-4,16,5,24,8,-8,-3,10,-7,14,-3,13,14,1,-3,12,-4,17,-6,10,-2,-16,-2,8,3,13,-6,16,5,0,3,17,-5,18,0,12,7,-6,0,12,-4,15,0,15
14.1600,6,-7,2,12,4,14,3,18,10,-7,2,3,-5,9,-2,8,2,-6,2,9,-3,15,1,24,7,-6,-3,13,-3,15,-10,11,16,-3,-5,12,2,16,-4,9,-1,-13,-4,15,-1,15,-2,15,2,-4,-4,18,-3,21,-1,17,7,-7,-3,11,-3,11,-1,17
14.1800,5,-8,1,10,12,15,1,14,5,-4,0,8,-5,10,1,14,1,-5,-1,13,-3,22,4,22,12,-4,-1,14,-8,15,-6,9,13,0,0,16,-1,14,-11,11,-2,-14,1,11,1,13,-1,13,2,-5,-5,16,-4,24,1,7,8,-5,-6,11,1,20,-4,15
14.2000,5,-12,-3,10,9,20,2,12,9,-9,1,5,-3,5,-4,13,3,-3,6,10,-1,14,2,21,13,-9,-1,8,-5,19,-14,12,12,-3,-4,13,2,17,-4,17,-1,-14,2,11,-2,13,-3,13,4,-10,-2,15,-6,24,-1,11,7,-6,-3,10,-3,18,-3,15
14.2200,6,-11,2,8,6,18,3,12,4,-9,2,5,-5,11,-2,15,4,-8,2,12,-4,17,2,25,16,-3,-8,15,-10,23,-13,13,18,-6,1,12,-2,14,-2,15,3,-20,-2,19,8,16,-3,14,4,-9,3,14,-4,27,4,13,7,-6,-7,10,-5,18,2,16
14.2400,8,-8,1,9,7,18,8,11,4,-8,6,5,-7,6,-6,15,0,-5,2,10,-5,17,1,26,11,-4,-2,11,-5,21,-7,17,12,1,-3,13,1,19,-3,10,1,-13,-2,16,5,19,4,17,8,-11,-3,17,-5,26,2,7,7,-3,-7,10,-3,24,-2,11
14.2600,7,-4,2,15,9,22,0,13,6,-8,3,6,2,12,-1,14,0,-6,7,12,-3,16,2,26,8,-4,-1,8,-5,17,-8,12,17,-6,1,11,1,20,-6,13,3,-15,-2,13,4,12,-2,14,8,-10,-1,22,-3,25,-2,11,7,-11,-4,9,1,19,0,16
14.2800,3,-8,1,13,12,16,6,11,7,-8,5,3,-3,11,1,19,2,-5,-4,8,-2,14,2,24,9,-1,-4,11,-6,18,-6,11,10,0,-3,10,-1,17,-4,16,0,-17,-6,16,-2,15,-2,15,1,-6,-5,21,-1,29,1,8,2,-5,0,18,-2,19,-1,18
14.3000,5,-6,-2,12,9,21,0,16,8,-7,5,8,-4,8,7,13,1,-1,5,10,-2,21,3,22,5,-4,1,16,-4,19,-11,11,13,0,-3,10,1,20,-2,12,0,-12,0,16,7,12,3,16,2,-6,-4,16,0,26,1,9,5,-2,3,11,-2,16,0,10
14.3200,8,-6,-3,13,10,18,0,13,5,-8,3,0,-4,8,2,15,3,-5,-1,9,-7,14,5,23,12,-5,-6,13,0,18,-5,11,15,-4,-1,11,-1,17,0,13,2,-10,3,14,1,18,-2,20,5,-1,-5,13,1,22,-2,15,8,-3,-5,17,3,21,-7,15
14.3400,6,-9,1,16,7,15,4,16,6,-8,1,4,4,7,3,19,1,-3,-4,8,1,16,5,25,5,-3,-5,12,-3,19,-11,19,18,0,-2,14,-1,17,-6,15,3,-12,0,12,4,19,3,17,4,-5,1,14,1,21,3,12,6,-3,-5,7,-4,17,4,15
14.3600,5,-6,-3,17,12,18,0,12,0,-5,4,11,-1,7,2,18,1,2,-2,11,-4,16,5,25,8,-7,0,12,-1,15,-9,17,12,0,-2,9,3,21,-2,15,-2,-13,3,10,5,17,3,13,3,-4,2,15,1,21,-3,13,1,-5,3,13,2,21,4,16
14.3800,0,-3,-4,16,13,18,4,15,5,-1,3,11,-4,6,8,20,5,-7,-2,9,-2,14,3,28,7,-2,0,15,-5,21,-8,15,13,-2,-5,7,-1,18,-5,15,-1,-15,-3,7,4,17,0,19,3,-3,0,15,6,19,3,13,3,-5,-1,11,1,15,4,17
14.4000,6,-10,-5,19,11,16,1,17,5,-3,2,14,-5,5,4,19,0,2,3,13,0,9,4,23,6,-2,2,5,2,14,-4,16,13,0,-2,8,4,14,-3,14,3,-14,3,9,7,11,3,19,6,-10,5,19,3,16,4,16,4,-6,-4,17,2,14,2,12
14.4200,4,-10,-6,20,11,11,0,19,3,-8,-1,16,0,3,3,22,-1,-1,-2,10,-3,15,1,25,7,-3,-1,12,-1,14,-10,19,14,2,-1,7,3,15,-2,15,1,-12,0,11,3,16,3,19,5,-2,2,12,9,21,6,22,5,-4,-2,17,3,10,1,20
14.4400,6,-5,-10,16,8,18,10,13,-2,-2,-5,13,0,1,4,17,5,-4,-7,12,0,13,3,31,8,-1,4,12,-4,17,-8,17,13,-1,-4,13,4,14,1,15,-4,-15,0,13,2,12,1,18,3,-9,-4,16,10,13,4,21,7,-3,4,11,4,12,2,23
14.4600,8,-2,-7,19,11,13,2,16,5,-3,-4,12,-4,1,1,23,1,-5,-2,16,-2,13,0,27,9,-3,0,10,-2,12,-8,18,16,-3,0,7,6,9,0,13,2,-12,-2,10,4,10,5,17,5,-5,-3,14,5,10,3,20,3,-5,0,12,3,12,0,12
14.4800,7,-2,-4,15,9,16,5,17,0,-2,-4,13,-1,-5,1,21,-2,-7,0,17,4,12,5,33,5,0,0,14,1,16,-12,18,16,-2,-1,11,3,12,-8,14,3,-13,-3,11,4,10,2,20,3,-5,1,17,5,7,6,20,2,-3,-3,16,2,16,1,24
14.5000,6,-3,-4,17,10,16,1,14,0,-4,-1,13,0,0,-1,21,-3,-5,-8,21,1,9,2,27,5,-6,-1,4,0,16,-5,17,11,-1,0,13,4,11,0,19,0,-13,1,9,4,15,1,22,3,1,0,17,8,8,1,20,4,1,-5,8,6,8,2,19
14.5200,6,-3,-1,16,10,18,5,18,1,-4,-5,17,-1,3,5,21,1,-4,-1,12,-2,12,4,31,3,1,0,13,1,12,-5,18,14,5,3,12,1,9,-2,14,1,-13,-2,8,4,10,3,25,9,-4,-2,14,5,9,4,26,5,-4,-3,13,0,7,1,19
14.5400,8,-4,-4,12,13,11,1,17,4,-8,-5,16,2,-1,3,22,0,-3,-5,15,1,12,5,34,2,-3,2,7,0,16,-9,17,15,-4,-1,11,5,12,-2,17,1,-17,-2,4,4,9,4,17,2,3,2,20,3,7,4,21,3,-5,2,10,-5,12,3,20
14.5600,8,-5,-5,13,14,12,4,21,1,-5,-7,19,2,-3,2,24,2,-3,1,13,-1,5,4,35,7,-6,2,6,4,14,-9,15,18,2,-1,13,4,11,-3,15,0,-11,-1,8,-6,14,2,19,3,-3,-2,17,7,10,3,24,1,-3,1,14,-3,11,4,20
14.5800,7,-4,0,13,10,13,2,21,2,-4,-8,19,-1,-1,1,25,-2,-3,-5,15,0,9,3,32,9,-5,0,7,3,15,-8,18,16,-6,1,10,6,12,-3,13,3,-14,-4,9,-1,14,1,17,3,3,-4,19,5,6,4,25,4,-2,0,10,1,12,2,18
14.6000,8,-4,-2,16,6,13,1,21,5,-9,0,15,-2,2,-2,25,-2,1,-4,10,-3,12,0,34,3,-3,-2,13,3,15,-10,20,18,0,-1,12,9,12,1,18,6,-15,-1,8,2,14,1,17,6,-1,-2,18,3,5,1,24,1,-2,-4,14,-4,14,-1,19
14.6200,9,-5,-4,12,9,7,1,10,3,-5,-1,12,0,3,2,21,1,0,-2,17,0,10,-2,33,6,-3,-4,10,-2,15,-12,16,16,1,-1,14,3,15,-1,12,7,-10,-3,7,3,11,0,21,6,-5,-2,20,2,11,-1,27,5,-5,0,11,4,12,0,22
14.6400,7,-3,-2,8,12,8,1,15,7,-3,-2,11,-1,2,5,21,3,0,0,14,0,13,5,32,10,-3,-1,7,5,16,-15,15,20,0,-3,11,3,11,-3,15,6,-12,-1,10,2,11,0,19,6,-4,-2,21,2,9,-1,25,2,-5,-3,11,-1,12,1,22
14.6600,10,-5,1,10,16,13,-2,16,4,-1,0,10,1,2,2,24,-1,0,-4,17,3,15,3,31,9,-4,2,9,-2,10,-7,20,21,-3,-2,13,4,9,-7,17,5,-12,0,8,1,12,2,22,8,1,2,15,-1,8,3,23,6,-4,0,11,6,12,3,22
14.6800,10,-5,-5,6,9,13,-2,16,4,-1,3,11,1,3,3,24,2,-1,-6,16,-1,3,0,33,10,1,1,16,-5,16,-10,18,21,-4,-2,16,4,15,-3,16,8,-14,4,11,0,11,-2,18,2,3,-2,17,-2,13,1,19,3,-2,-3,11,2,16,2,22
14.7000,10,-3,-2,5,9,10,-2,16,5,-4,3,9,-3,7,-1,23,1,-4,-5,14,-4,12,-3,30,6,-4,-4,14,-2,15,-8,21,20,-2,-4,13,2,9,0,19,3,-12,0,8,0,14,4,17,10,-3,0,18,-4,12,-1,21,5,-1,1,14,2,10,-2,17
14.7200,9,-9,-3,6,10,12,-3,16,7,-8,-4,12,1,7,-2,20,3,-4,-3,18,-1,14,-1,30,8,-1,0,15,-3,15,-8,16,21,-4,-3,10,2,11,-1,14,12,-11,0,10,1,12,-3,23,8,-5,1,22,-3,9,-2,21,7,-5,3,11,-3,15,1,18
14.7400,8,-2,3,5,11,11,0,14,6,-4,1,11,2,6,2,17,0,-1,-2,14,-2,12,5,30,8,-1,-4,17,-1,16,-10,16,16,-3,-4,13,-1,14,-6,21,3,-13,-2,9,1,10,-2,16,8,-2,-3,22,-5,12,-2,18,6,-3,-1,14,-3,16,0,19
14.7600,3,-4,1,4,9,17,2,14,4,-4,2,12,3,8,3,22,4,-3,-4,11,-4,11,4,26,7,-2,6,14,-3,17,-6,15,23,-7,-7,14,1,18,-5,13,6,-11,0,11,0,12,-2,20,13,-5,0,19,-5,11,-1,16,6,-8,2,12,-3,17,-1,18
14.7800,15,-4,-3,4,8,14,-1,15,8,-2,2,8,-4,5,-2,24,3,-3,-4,11,-5,10,1,30,11,-4,2,14,-1,19,-8,18,21,-2,-1,13,0,16,-3,15,4,-16,-1,14,0,13,1,19,8,-2,0,21,-8,17,-8,15,4,0,2,14,-1,15,-1,21
14.8000,10,-2,2,1,5,15,-1,21,3,-6,2,10,-6,3,-1,20,1,0,0,12,-1,13,4,26,8,-1,-3,14,-6,17,-10,17,25,-1,-2,17,2,13,-5,14,8,-18,-3,10,-2,11,0,17,8,-7,1,15,-5,18,-6,17,3,-5,1,12,-9,17,-1,21
14.8200,8,-6,3,6,4,16,-4,17,6,-6,5,11,-3,9,-1,20,2,-1,-1,10,-4,15,7,29,9,0,-4,16,-4,17,-13,12,25,1,0,12,-1,9,-5,15,7,-10,4,11,-1,18,3,15,8,-5,-2,20,-8,17,-2,16,3,-4,3,7,-3,17,4,13
14.8400,6,-8,1,2,3,11,2,16,4,-7,2,8,-6,8,-1,19,3,-4,2,11,0,12,4,27,6,2,-4,15,-1,15,-12,15,23,-2,-2,11,-3,16,-7,12,5,-12,0,13,-2,11,3,18,5,-8,1,20,-9,15,-5,16,5,-4,-1,12,0,14,0,16
14.8600,9,-5,2,2,6,21,2,15,2,-6,5,8,-4,6,-4,18,2,-2,-1,13,-1,13,0,29,8,1,2,14,-4,20,-4,14,23,-2,-2,8,2,16,-4,17,6,-13,3,16,-3,15,2,15,9,-5,-1,21,-5,19,-7,17,3,1,0,15,-6,16,0,15
14.8800,9,-5,3,4,6,15,0,12,7,-9,3,12,-6,10,4,17,1,-1,0,8,-3,13,-1,27,5,-2,-1,19,-4,20,-10,16,23,-2,3,14,-2,14,0,13,6,-17,-2,14,-2,14,4,16,1,-4,0,19,-7,17,-7,11,4,-1,4,12,-3,13,-4,15
14.9000,13,-6,4,8,11,17,2,17,4,-6,-3,11,-5,5,0,21,-2,-3,5,8,-3,13,3,26,3,2,-2,12,-6,18,-10,11,22,-3,-1,15,0,15,-4,10,5,-13,-2,14,-1,15,5,12,7,-12,2,18,-10,18,-5,11,2,-3,1,8,-1,14,0,19
14.9200,4,-4,4,6,5,22,4,10,5,-8,6,10,-2,6,1,20,0,-4,9,7,-3,11,1,24,10,-2,3,13,-4,16,-10,12,22,-2,-3,11,0,17,-3,12,2,-15,-2,15,4,13,2,12,10,-8,1,18,-8,22,-2,9,4,-4,-2,11,-2,17,2,14
14.9400,4,-9,0,9,8,17,-1,14,2,-4,-2,8,-7,14,2,17,1,-5,-3,7,-5,15,5,23,13,7,4,13,-5,12,-8,15,20,-4,-4,12,-1,16,-4,12,5,-11,-1,15,2,14,2,18,4,-3,3,19,-6,18,-8,9,4,-4,-2,12,4,20,1,16
14.9600,9,-6,4,9,6,14,5,9,5,-4,1,9,-4,8,-1,19,0,-3,4,11,-7,14,1,29,8,6,1,15,-3,18,-12,15,21,-3,1,11,2,17,-4,10,5,-11,-1,15,0,18,4,15,4,-9,2,19,-2,20,1,9,-1,-4,2,11,0,16,-4,15
14.9800,6,-8,4,10,6,11,3,15,7,-6,-1,8,-5,7,-3,15,-6,-1,0,7,-4,12,1,23,6,-5,3,11,-7,13,-7,16,19,-2,0,8,-2,17,-7,15,4,-14,0,14,3,16,5,16,4,-4,1,23,-4,19,-1,10,-1,-7,2,13,2,19,2,15
15.0000,6,-7,-2,7,14,16,2,12,8,-7,-1,10,0,10,-2,17,-3,-1,3,7,-1,14,4,29,10,2,-1,10,-5,14,-12,15,22,-4,0,9,-3,11,-3,14,3,-18,-3,12,1,17,0,17,4,-7,4,21,0,18,0,10,4,-6,-2,14,2,15,2,15
15.0200,2,-5,-1,15,7,13,4,11,3,-6,3,7,-9,7,0,16,0,-4,4,5,-3,12,5,24,4,2,-1,9,-6,17,-11,11,19,-4,-2,12,1,14,-4,12,2,-13,-3,12,0,19,4,13,3,-2,2,20,1,14,1,13,6,-6,3,11,-3,18,0,18
15.0400,6,-10,1,12,6,19,0,14,2,-7,0,10,-3,3,1,13,1,-1,3,6,-1,13,0,26,7,-2,0,11,-2,17,-8,14,20,-7,-1,6,1,17,-2,13,3,-16,2,16,-2,18,4,14,-2,-8,0,25,-4,18,-3,12,5,-4,0,11,2,16,5,12
15.0600,5,-8,2,12,15,12,2,13,3,-8,0,10,-3,2,2,14,4,-5,6,7,-2,15,0,30,8,-1,-1,10,-7,18,-9,10,21,-6,0,11,-1,15,0,6,2,-16,-3,13,-1,12,0,18,-1,-9,3,19,0,15,0,12,10,-5,0,12,3,18,3,14
15.0800,4,-7,-3,13,12,15,6,16,2,-5,0,8,0,6,6,14,-2,-11,3,9,-3,11,6,28,9,-3,3,10,-6,18,-11,13,18,-9,-1,8,3,14,-1,14,1,-13,-1,15,4,14,7,17,1,-9,5,19,4,13,3,13,1,-4,2,11,2,21,1,16
15.1000,7,-8,-1,11,13,15,4,11,3,-9,2,10,3,2,6,13,-1,-3,6,11,-3,14,4,24,7,-2,8,8,-3,15,-6,13,18,0,3,6,5,16,-1,17,2,-14,-2,14,3,14,2,16,-4,-3,2,20,3,13,1,14,2,-9,-4,14,-3,15,5,15
15.1200,5,-8,1,15,13,16,9,9,4,-8,5,13,-2,3,4,16,-2,-6,6,16,1,9,2,20,4,-6,6,7,-1,17,-10,19,21,-10,4,12,4,16,-1,15,5,-16,2,14,5,15,2,13,4,-8,0,20,-1,15,4,14,3,-6,2,12,-1,14,-3,19
15.1400,9,-7,-4,15,10,10,5,10,7,-10,4,12,2,4,-1,14,-1,-2,5,9,3,15,2,28,9,-1,3,4,-7,17,-11,14,17,-1,0,12,8,16,-6,14,6,-16,-1,12,1,14,4,14,4,-10,1,23,6,14,4,15,0,-7,3,11,2,16,5,15
15.1600,2,-7,-6,13,13,16,1,10,5,-7,-4,8,2,6,2,17,1,-7,3,9,0,15,-2,25,5,-2,7,5,0,16,-11,10,16,-9,2,10,3,13,-6,11,8,-11,-3,8,-2,11,3,14,0,-6,1,22,7,19,9,18,6,-6,1,6,2,15,2,12
15.1800,7,-2,1,21,18,17,2,11,6,-10,4,11,1,6,1,16,0,-4,0,10,3,15,0,23,11,-7,1,6,1,15,-9,15,14,-6,6,10,-2,16,0,14,3,-16,5,14,2,12,2,18,3,-8,6,22,9,13,8,17,5,-5,-1,14,-1,13,-1,16
15.2000,4,-5,-3,19,18,15,0,13,4,-5,1,7,2,2,7,19,3,-4,10,21,1,12,4,24,6,-5,6,5,2,17,-7,16,16,-13,2,6,5,16,-1,10,2,-18,1,14,7,15,1,14,5,-4,1,21,7,15,4,23,2,-6,2,11,2,13,2,19
15.2200,7,-4,-4,18,15,14,4,14,1,-6,2,13,-1,3,3,20,0,-5,1,15,1,11,2,29,5,-3,7,7,0,17,-11,20,17,-5,5,14,4,15,-3,15,7,-19,3,9,4,11,3,16,5,-8,5,22,9,13,4,20,3,-3,0,10,1,17,1,18
15.2400,5,-2,-4,14,17,14,4,14,4,-7,8,18,-1,-1,4,23,2,-7,2,16,1,15,5,25,3,-1,3,5,-2,14,-14,19,21,-6,-1,11,5,13,-3,17,2,-13,-3,9,4,14,3,19,6,-4,3,20,3,17,8,21,2,-2,5,12,1,16,-2,16
15.2600,6,-5,6,17,12,15,6,16,4,-10,-3,16,3,1,6,25,1,-1,1,16,1,13,2,28,4,-5,4,10,2,20,-12,17,11,-9,1,6,4,10,-4,18,5,-14,3,7,3,12,-2,19,4,-7,4,20,11,19,6,20,6,-4,1,12,2,20,-3,18
15.2800,5,-6,-1,14,16,17,6,15,7,-6,1,15,-1,5,6,20,3,-7,2,17,2,14,1,33,5,-6,3,5,-1,20,-10,17,14,-6,2,11,4,14,-2,18,4,-14,0,10,6,10,3,19,5,-5,3,22,8,16,10,24,5,-3,3,12,4,14,2,17
15.3000,8,-5,2,12,17,15,3,16,5,-8,5,8,3,0,4,17,1,-3,1,15,-2,15,1,32,7,-6,3,2,1,19,-4,15,16,-8,4,8,1,17,-1,15,5,-13,3,10,0,12,3,22,4,-2,0,19,3,15,9,23,6,-6,4,6,0,16,-3,20
15.3200,5,-8,-2,12,15,12,6,18,7,-9,5,13,0,6,5,23,-2,-6,-2,12,-4,16,0,28,4,0,4,6,3,17,-16,21,16,-8,4,14,6,17,-3,18,5,-17,2,9,-4,15,-1,18,3,-3,3,21,8,10,3,24,0,-2,4,12,2,16,6,24
15.3400,7,-8,-2,18,13,22,6,16,5,-5,4,11,-1,4,5,19,4,-2,-2,15,-6,15,3,26,5,0,6,6,-2,16,-8,27,15,-5,3,13,4,15,0,15,9,-13,1,9,-2,10,0,17,1,-2,7,19,1,15,7,29,9,-1,4,12,1,15,3,17
15.3600,6,-6,0,14,11,18,4,17,8,-6,5,9,-6,3,2,16,0,-5,1,16,-5,15,3,36,12,0,0,6,2,18,-9,20,6,-4,2,15,1,15,-2,17,9,-10,6,9,0,15,4,22,5,-1,2,18,0,13,3,26,8,-3,1,8,-2,14,2,18
15.3800,7,-4,4,13,13,17,0,16,6,-7,-1,11,-3,7,1,22,2,1,1,15,-3,14,6,28,5,0,6,14,-1,14,-13,14,10,-2,4,15,4,13,-4,18,8,-13,4,11,-4,11,8,19,4,-2,1,18,2,18,5,25,6,-1,1,8,-4,13,-5,21
15.4000,8,0,1,12,9,17,3,20,4,-4,7,10,-5,10,3,21,2,-7,0,13,0,15,3,33,10,-2,6,9,-1,15,-6,18,9,-6,-1,17,-1,16,-4,18,6,-11,4,7,3,16,1,20,10,-2,8,19,0,17,7,25,4,0,2,9,2,17,-2,24
15.4200,7,1,5,9,10,16,1,17,11,-5,1,7,-2,5,3,25,6,0,2,15,-10,10,0,31,3,2,2,11,-5,16,-10,21,16,-2,0,14,6,13,2,15,4,-12,10,6,-4,11,0,18,6,3,6,16,-3,13,0,26,8,2,4,10,-5,19,2,24
15.4400,6,3,9,13,9,16,4,19,7,-4,5,5,-3,7,2,21,4,-2,2,11,-7,18,-1,33,9,0,1,8,-5,14,-13,15,14,-6,5,16,0,12,-1,17,5,-12,8,10,-6,13,0,18,7,-1,7,18,-5,16,0,25,6,-2,4,11,-3,13,-2,21
15.4600,10,1,1,10,12,18,2,18,5,-2,5,9,0,11,-2,17,-1,-3,-3,11,-10,20,7,32,3,1,0,15,-2,19,-10,21,14,-3,-2,9,-2,16,-5,20,8,-12,10,8,-1,12,5,22,11,-3,4,18,-9,19,-2,25,3,-3,7,11,0,15,-2,26
15.4800,5,-6,6,8,10,18,5,16,3,-3,5,13,-4,5,2,23,3,0,4,15,-13,15,0,35,2,0,2,16,-5,18,-8,18,13,-3,4,13,0,14,-4,17,6,-11,2,8,-1,13,0,20,8,5,2,19,-5,19,-5,23,4,1,1,12,-1,11,3,23
15.5000,8,-1,10,8,9,18,-2,19,5,-6,6,13,-6,8,4,21,0,2,-1,15,-5,18,-3,28,5,3,-4,17,-6,19,-13,20,15,-5,6,15,1,12,1,20,4,-13,7,3,0,12,2,21,5,3,7,22,-4,16,-4,22,3,-3,5,11,0,11,-1,18
15.5200,7,-1,6,8,8,20,1,16,8,-9,3,10,-2,7,4,22,1,0,-3,14,-9,11,3,31,10,-1,2,18,-3,21,-12,17,13,1,4,13,0,18,-4,17,9,-11,7,10,-4,16,7,21,6,-1,5,16,-10,14,-6,23,4,-3,3,13,-6,18,1,19
15.5400,11,3,3,4,6,13,-3,13,10,-1,0,9,-8,9,0,24,2,-4,1,11,-8,12,0,28,4,7,1,18,-5,19,-12,14,11,1,5,11,0,14,-1,17,4,-9,5,11,-3,12,5,19,10,-6,0,16,-7,17,-4,21,0,-4,6,12,0,21,3,18
15.5600,5,-4,8,2,6,18,1,14,6,-4,9,12,-4,4,4,21,5,-6,4,12,-5,11,2,32,3,-3,-3,18,-4,19,-10,17,16,-1,5,12,3,13,-5,19,6,-11,7,11,-7,11,-1,17,6,-4,1,16,-8,13,-4,20,3,-1,5,11,-5,14,-1,16
15.5800,8,3,4,5,8,16,1,15,1,-6,2,16,-8,9,-1,22,4,-4,4,10,-7,14,-3,26,7,8,0,17,-3,20,-14,13,14,-1,4,11,-2,15,-7,11,3,-13,3,14,-1,11,5,17,9,-2,1,15,-8,20,-3,18,6,-1,5,9,-5,18,-4,16
15.6000,10,-4,3,8,6,18,1,15,1,-2,3,11,-7,5,4,20,3,-1,3,13,-4,10,4,23,0,4,-6,18,-6,17,-11,17,14,1,0,7,1,18,-5,12,1,-13,3,13,-1,15,5,19,4,-6,5,18,-11,13,-8,13,4,-4,3,9,-6,12,0,16
15.6200,5,-6,6,6,10,18,-1,15,8,-5,2,10,-6,8,3,14,0,-3,1,12,-11,10,-1,31,7,2,-2,15,-2,19,-16,16,16,-2,5,14,-1,16,0,14,4,-14,-1,13,1,15,5,17,10,-2,6,17,-5,15,-5,15,5,-5,1,8,-6,15,0,17
15.6400,13,-6,5,9,6,17,-7,12,4,-7,-1,10,-8,6,-3,18,0,-3,1,11,-8,13,-1,29,3,-3,1,16,0,21,-13,10,13,-3,0,10,2,13,-2,13,4,-17,0,14,-3,11,2,17,6,-4,7,18,-6,14,1,11,0,-6,3,8,-3,16,-2,19
15.6600,11,-8,3,6,6,15,0,16,5,-8,1,12,-5,7,0,19,-1,-6,1,13,-3,19,-2,28,6,-3,2,15,0,16,-10,17,15,-3,4,12,-2,15,-6,13,10,-16,0,13,-4,11,4,19,6,-3,6,21,-4,12,-8,16,8,-6,1,7,-3,12,-2,15
15.6800,11,-2,0,8,5,19,-1,13,8,-9,1,18,-7,8,1,18,-1,-3,1,7,-7,10,2,29,6,-4,1,16,1,20,-9,16,18,-10,6,10,1,14,-2,11,2,-14,0,15,-4,21,5,12,3,-9,6,19,-4,11,-6,14,6,0,-1,14,0,16,-1,14
15.7000,11,-5,6,3,8,17,-2,15,7,-5,4,14,-4,8,-1,20,3,-3,2,8,-4,14,2,23,9,-2,-5,15,-4,14,-11,14,14,-8,7,10,-1,14,-4,17,3,-12,4,20,-2,10,4,19,2,-9,2,20,-1,12,-4,14,4,-10,-1,13,1,18,0,16
15.7200,9,-6,2,10,8,16,-4,13,5,-9,1,13,-6,9,4,16,2,-3,7,3,-4,14,-1,29,1,3,1,14,-1,21,-7,20,15,-10,3,8,1,17,-1,15,4,-15,-4,14,-3,11,0,16,-1,-14,0,19,-1,15,1,13,3,-8,2,8,-2,17,-2,14
15.7400,6,-3,3,11,4,22,-1,11,2,-9,3,13,-3,6,5,18,-3,-9,4,5,-5,15,-2,29,5,-6,2,14,1,20,-14,14,14,-14,0,12,4,12,-3,14,3,-19,1,20,2,14,3,16,2,-9,4,16,-4,16,0,11,-3,-8,2,9,-1,16,1,17
15.7600,3,-10,1,8,7,11,-1,14,6,-7,6,11,-4,3,6,16,1,-2,2,7,-4,14,7,32,7,-5,2,11,0,17,-8,17,15,-6,-2,10,2,13,-3,10,5,-14,-2,18,1,20,1,16,1,-10,1,19,-3,16,-5,13,4,-5,1,12,2,15,-2,17
15.7800,9,-6,-1,12,6,15,1,10,4,-10,6,11,-1,12,5,18,-2,-8,9,9,-3,16,-4,32,4,-3,-1,10,-5,19,-11,12,15,-4,2,6,4,15,-5,9,6,-16,-2,17,-1,13,6,14,2,-9,2,22,0,20,-5,10,9,-5,1,10,-4,15,3,15
15.8000,4,-4,-2,12,12,20,1,12,6,-8,4,10,-3,2,3,16,-2,-9,6,14,0,16,4,27,9,3,5,13,-1,22,-8,16,14,-7,1,8,3,13,2,13,8,-19,-3,18,0,16,3,15,1,-11,12,20,-1,15,2,11,2,-9,-2,11,0,16,2,15
15.8200,6,-9,1,9,12,20,-1,15,10,-11,3,9,2,9,7,18,2,-5,3,10,-2,16,0,24,5,-3,4,16,0,18,-7,14,13,-12,3,11,2,14,1,12,6,-16,2,19,3,16,1,15,3,-8,2,17,-1,16,3,9,3,-7,-2,11,-4,17,-1,17
15.8400,9,-9,6,11,13,18,5,12,6,-10,7,9,3,9,7,23,3,-13,2,7,-6,13,4,31,2,-1,6,5,5,23,-8,18,15,-9,-2,9,4,17,2,13,5,-17,1,19,1,16,5,16,2,-11,3,18,3,16,6,10,5,-6,1,12,1,16,-1,10
15.8600,5,-7,4,12,9,18,4,13,5,-6,4,7,1,6,1,11,2,-7,3,8,-2,11,1,26,6,-7,4,6,3,20,-11,13,15,-7,5,12,2,19,-2,10,6,-13,2,20,-1,16,6,18,3,-15,1,19,2,19,3,15,4,-5,5,9,-5,18,2,13
15.8800,9,-6,-3,13,13,16,-2,18,5,-11,4,10,-2,10,6,20,-6,-9,6,7,-1,16,1,24,9,-7,2,5,-1,15,-4,17,16,-3,3,6,3,14,2,11,5,-18,-4,12,-1,19,1,18,0,-7,4,18,1,20,6,13,1,-7,1,11,0,14,-1,14
15.9000,6,-4,-1,11,9,17,4,16,5,-10,5,12,1,10,4,19,4,-6,5,4,-4,18,5,26,3,-3,6,10,4,19,-8,18,13,-3,3,8,3,15,3,11,4,-14,1,18,4,18,3,19,5,-9,3,17,0,23,2,19,5,-4,-4,14,0,18,4,12
15.9200,6,-8,3,15,11,19,1,17,3,-6,-3,8,-5,7,3,18,-3,-4,5,12,-4,16,4,24,4,2,8,10,4,20,-6,18,14,-7,0,10,6,21,0,10,7,-12,3,16,3,13,5,18,-3,-9,3,19,0,17,7,13,4,-7,9,10,-3,19,2,16
15.9400,7,-1,4,13,11,18,-2,14,8,-3,2,10,0,5,3,17,0,-10,3,12,-3,18,6,27,4,-2,8,10,1,16,-8,16,12,-6,3,11,1,15,2,14,7,-12,0,15,0,13,5,22,-3,-6,6,15,3,20,8,15,4,-3,1,11,3,20,2,22
15.9600,11,0,5,15,8,18,-1,15,5,-11,8,9,1,13,8,20,-2,-8,3,9,1,14,-2,22,5,-1,14,11,4,18,-6,22,12,-6,4,12,3,17,2,16,12,-12,5,15,-1,17,1,19,4,-7,4,23,1,14,3,22,4,-4,3,10,0,14,1,15
15.9800,2,-3,0,17,13,20,0,15,4,-7,4,8,-3,7,8,19,5,-1,2,11,0,15,2,24,8,-4,5,1,-1,21,-7,20,14,-3,2,11,1,18,6,18,5,-18,4,11,1,18,3,18,3,-5,3,20,5,20,9,18,2,-5,6,14,-3,17,3,16
16.0000,11,-6,-2,14,9,13,1,14,1,-5,4,16,-3,5,2,22,-1,-4,3,8,-2,17,5,27,3,0,2,10,1,17,-7,22,11,-6,3,10,5,13,3,16,3,-8,9,9,-4,12,1,19,2,-5,1,20,5,21,6,14,6,-4,1,10,1,16,0,20
16.0200,5,-3,3,11,5,17,1,17,7,-7,2,11,-2,8,6,22,3,-7,1,13,-4,11,2,28,5,-2,6,5,-1,20,-7,17,12,-7,4,10,5,19,-1,13,11,-10,3,11,-1,10,6,18,5,-5,4,18,3,17,8,20,4,-2,1,16,0,14,1,16
16.0400,6,1,1,13,12,17,-3,18,7,-8,2,12,-1,9,3,20,3,-7,1,12,-2,11,2,27,5,-2,3,13,5,19,-11,19,18,-5,7,11,2,18,-1,15,0,-9,6,12,-2,13,5,20,-1,1,6,22,-3,15,4,23,3,-6,3,11,4,16,3,18
16.0600,3,-1,7,12,12,17,1,19,7,-8,6,7,-1,4,3,23,3,-5,0,16,1,16,2,31,4,3,5,7,4,15,-4,22,15,-10,1,10,1,15,0,21,6,-6,4,9,-2,16,4,20,7,-2,4,21,-1,11,3,23,6,-5,0,12,4,16,6,19
16.0800,1,-3,2,15,9,12,-2,15,8,-3,2,13,0,6,4,21,-5,-3,3,11,-2,12,5,27,2,-1,1,8,1,18,-5,17,13,-5,4,16,1,15,1,16,8,-11,1,9,-1,12,7,18,3,-1,1,21,-2,15,3,18,2,-1,2,14,0,19,1,19
16.1000,5,-2,3,15,11,18,1,22,4,-9,4,16,0,10,3,19,1,-3,-4,15,-2,17,1,31,5,1,5,12,1,24,-4,20,16,-6,5,11,1,16,3,16,2,-13,5,8,-4,16,0,25,5,-4,0,21,-1,17,4,23,-1,-3,1,8,-1,21,5,16
16.1200,6,-7,1,12,10,14,1,18,10,-3,3,9,2,3,5,23,4,-1,-2,11,-1,15,-3,25,6,-1,4,14,0,18,-7,26,14,-10,2,13,0,14,-3,17,0,-9,1,10,-3,15,5,19,6,1,6,21,0,21,6,22,3,1,4,15,-1,19,1,17
16.1400,9,-4,3,13,9,16,0,19,11,-6,3,13,-4,8,5,21,-4,-6,-1,17,-4,14,3,27,7,-1,2,11,4,21,-9,26,16,-6,0,13,0,14,4,19,2,-11,2,9,0,15,3,17,3,1,1,20,5,18,1,22,5,-7,5,13,0,18,1,20
16.1600,3,-3,-4,10,5,16,-1,19,8,-7,8,13,0,9,2,20,0,-8,-1,18,-2,13,-7,30,4,-1,3,12,1,20,-10,23,14,-9,3,15,2,13,3,16,9,-11,5,13,1,14,3,20,9,-4,0,16,-1,15,3,22,6,0,1,8,-2,15,3,19
16.1800,4,-4,6,8,4,14,0,19,5,-5,5,12,-4,7,4,21,2,-2,4,15,-4,14,-3,32,5,-1,4,12,-1,13,-11,21,14,-1,1,14,1,12,-2,21,9,-10,4,8,-4,12,4,22,10,-1,4,18,0,16,-3,20,8,-5,-3,10,-4,14,-1,16
16.2000,5,-4,5,11,8,12,1,18,7,-7,-1,10,-3,6,2,20,9,-4,0,15,0,16,-1,28,2,-8,2,16,-5,19,-9,23,13,-6,3,11,4,10,1,13,4,-11,0,3,-6,16,3,23,9,2,1,17,-3,14,-1,28,5,-2,4,12,0,17,0,22
16.2200,5,-4,0,5,9,12,1,18,3,-3,1,11,-3,7,3,18,-3,-5,-1,15,-3,14,-4,30,3,-2,2,12,-4,18,-10,22,17,-10,3,13,0,16,0,16,11,-16,0,7,-4,17,3,19,6,-3,7,23,-2,19,0,23,4,-3,4,12,2,16,2,20
16.2400,4,-5,7,6,11,13,1,13,7,-1,8,15,-4,6,3,20,-1,-9,0,16,-6,13,2,27,4,-3,1,11,-1,20,-10,17,13,-9,2,15,2,10,6,16,9,-12,1,7,-2,17,-1,22,6,-6,1,14,0,14,0,25,5,-7,3,11,-1,15,-1,20
16.2600,4,-4,8,5,6,16,-3,18,7,-2,-1,15,-3,8,3,20,4,-4,-1,14,-7,15,-1,29,4,-5,-1,15,-2,21,-7,17,17,-3,3,18,4,16,-1,16,3,-8,5,11,-3,16,3,23,6,-6,8,14,-4,16,2,24,3,-6,3,15,-4,17,-2,22
16.2800,8,-2,2,11,10,11,3,19,6,-5,1,15,2,7,0,22,3,-7,6,16,-2,14,-1,29,2,2,0,12,-1,16,-11,18,17,-6,1,12,-1,14,3,17,5,-14,4,8,-1,13,2,16,12,-5,3,21,-5,11,-5,19,2,2,-4,11,-2,19,2,20
16.3000,5,-8,-3,10,10,14,4,13,7,-4,3,12,-3,8,1,18,4,-1,6,14,-4,15,-4,27,8,-2,2,13,-3,22,-10,22,13,1,5,13,3,14,2,20,9,-13,2,7,-1,14,-1,22,10,-1,3,18,1,12,0,25,5,-8,0,12,-3,15,-5,22
16.3200,0,1,3,16,6,18,-2,16,6,-9,4,11,-3,14,-1,18,-3,-2,5,12,-5,19,-2,24,3,-3,1,12,-1,16,-10,19,13,-3,1,14,5,14,-4,20,3,-9,-1,12,-2,19,2,20,10,-2,4,20,3,17,0,23,-1,0,4,8,-1,19,-1,21
16.3400,10,-5,1,11,13,17,4,15,7,-7,4,13,2,12,-2,23,1,-5,5,12,-1,13,-1,31,3,1,3,16,-1,16,-10,20,15,-2,-1,22,4,11,1,17,3,-11,5,12,-1,17,3,21,11,-8,4,15,-1,15,-8,19,3,-2,4,9,-2,20,0,19
16.3600,7,-3,4,12,8,15,2,14,6,-6,-2,10,-1,7,5,18,-2,-4,4,14,-1,16,-5,29,5,2,1,14,-1,19,-13,21,13,-1,5,16,2,15,-1,21,5,-12,4,5,-5,11,4,20,5,0,3,15,4,19,-2,18,2,-5,3,10,-2,17,-1,15
16.3800,6,-5,0,15,13,15,0,11,10,-7,6,12,1,8,-2,18,-1,-4,5,14,-6,15,0,31,3,-3,5,17,-3,20,-10,21,13,-7,1,12,-4,15,-2,19,9,-9,-2,10,2,13,2,20,3,-4,7,20,0,17,-1,20,-1,-3,2,15,-4,14,0,21
16.4000,4,3,6,11,8,16,2,18,3,-6,-1,14,2,7,-2,18,-1,-9,0,11,-1,19,-3,30,0,-2,0,13,-1,18,-12,20,14,-7,4,13,-2,11,-3,17,6,-13,5,10,1,16,1,18,10,-8,8,18,0,18,-2,22,4,-2,3,12,-1,21,0,18
16.4200,3,-4,4,12,9,16,3,15,6,-4,3,13,0,6,1,18,2,-6,4,10,-1,19,-2,30,0,-1,0,16,1,16,-10,19,11,-1,5,9,-1,10,0,18,6,-9,7,12,-4,13,3,18,5,-7,-1,21,-2,16,-3,17,4,-3,7,12,-2,15,0,19
16.4400,4,-4,2,12,10,16,0,14,5,-2,7,12,-4,8,5,17,4,-3,5,10,-1,15,3,27,3,-4,-2,16,-2,18,-7,21,15,-4,6,11,1,20,1,21,5,-13,3,14,-3,16,5,20,6,-2,8,23,-4,19,0,18,2,0,6,13,1,17,-6,15
16.4600,7,2,4,15,7,22,2,15,4,-9,5,11,-2,8,5,18,-3,-8,1,10,-5,19,0,24,2,-4,6,12,-4,22,-10,16,10,-5,6,14,3,17,2,17,4,-10,0,12,-3,16,1,19,3,-5,0,19,3,18,-1,17,-1,-4,2,12,0,14,0,20
16.4800,9,-4,7,13,11,19,2,17,8,-9,6,9,-1,11,5,17,1,-2,5,6,-5,20,3,25,2,-3,4,17,-1,17,-14,17,14,-4,4,12,1,17,1,17,4,-11,3,10,-3,15,6,22,2,-7,5,20,-3,13,-3,15,5,-6,3,10,-2,17,1,21
16.5000,0,-4,4,15,10,14,4,12,6,-7,5,11,0,11,1,14,0,-1,4,14,-2,17,-2,23,2,3,1,10,-2,17,-11,15,15,-6,7,16,1,13,0,14,1,-10,1,10,-2,19,1,14,3,-1,6,18,-2,20,0,15,6,-6,2,10,1,17,-2,24
16.5200,5,-2,9,13,6,21,1,15,9,-12,5,8,-1,12,2,14,-3,-3,2,10,-4,16,-1,24,0,-1,4,9,-3,20,-12,21,8,-6,8,10,-4,9,1,16,3,-8,2,13,-4,16,4,17,-1,-2,6,23,2,21,2,18,2,-6,3,13,-2,20,-1,14
16.5400,-1,-2,5,16,7,16,4,13,2,-1,4,13,-2,9,1,16,2,-7,5,10,-2,21,-1,29,4,-1,2,13,-7,20,-11,23,9,-3,6,11,-5,16,8,14,8,-8,5,19,-1,17,5,16,4,-7,5,22,-4,18,3,20,1,-9,4,9,1,16,3,17
16.5600,1,-3,0,10,7,19,-1,13,7,-5,1,12,-4,10,-3,16,1,-5,5,14,0,21,0,22,2,-2,1,14,-2,18,-8,16,10,-8,3,8,-2,18,5,15,6,-13,2,11,-6,13,6,20,2,-12,10,17,1,17,-2,17,1,-2,5,13,-3,15,1,14
16.5800,0,-2,8,9,7,19,-3,18,3,-9,4,9,-1,8,-1,16,-3,-4,3,7,-1,20,-2,26,0,-3,2,16,-7,19,-6,15,11,-8,8,12,-4,15,8,17,4,-16,4,14,-4,16,2,20,4,-5,6,20,1,19,-1,15,4,-5,7,17,-1,21,-2,17
16.6000,3,-3,7,14,9,19,-1,13,5,-6,7,13,-2,12,5,17,-4,-7,6,11,-4,17,-3,28,-2,-1,2,15,-2,15,-6,13,7,-8,10,10,-1,15,-2,16,2,-12,7,18,-3,14,4,20,3,-11,7,17,-1,20,2,17,8,-8,4,15,0,14,1,16
16.6200,5,-4,5,11,7,18,4,15,1,-6,8,9,-3,9,2,15,2,-5,4,11,-4,19,2,29,-4,-2,9,16,-6,17,-13,17,6,-9,5,10,-1,12,-3,14,6,-9,6,15,-1,16,3,17,-2,-13,3,22,0,18,-1,15,4,-3,5,7,-2,13,4,17
16.6400,4,0,9,13,8,21,0,15,3,-6,7,7,-2,7,2,16,2,-9,5,11,-6,17,3,25,-3,-1,6,15,-1,20,-9,18,9,-2,5,10,0,17,0,15,3,-8,4,12,-5,14,4,18,1,-10,0,18,-3,21,1,13,0,-6,4,13,-3,17,-2,18
16.6600,-4,-1,3,10,8,16,3,16,6,-5,5,10,-1,10,6,14,2,-7,9,14,-3,19,7,28,0,0,4,16,-3,16,-6,17,8,-8,3,7,-3,15,4,18,2,-12,5,18,-7,18,7,17,-2,-8,8,18,-4,16,0,15,1,-5,-1,14,-3,16,5,19
16.6800,1,-2,2,12,6,18,5,17,4,-5,0,9,-1,11,3,19,-3,-5,9,11,-3,18,3,26,3,-4,4,15,-1,19,-7,17,12,-7,2,10,1,11,4,20,4,-12,10,16,-7,15,4,16,-1,-14,3,19,-5,14,-4,17,2,-8,4,12,-5,19,2,17
16.7000,3,-2,-2,14,7,16,2,16,2,-5,8,8,-1,15,0,20,5,-8,3,7,-2,18,0,24,0,-3,4,11,1,12,-7,14,4,-6,5,8,-1,17,0,18,6,-6,5,17,-6,18,8,20,2,-10,9,22,-2,19,0,17,2,0,0,18,-2,22,1,16
16.7200,1,0,5,13,9,14,3,14,2,-6,3,18,-3,7,5,17,4,-5,8,13,-3,20,1,27,0,-5,7,9,-4,21,-8,23,7,-6,3,7,-1,18,3,21,8,-8,3,15,1,14,3,18,-5,-9,4,16,1,10,-4,15,3,-7,3,14,-7,19,-2,17
16.7400,4,-5,3,16,6,19,-1,21,1,-4,8,15,-1,11,2,17,0,-5,8,12,-3,22,2,30,3,-2,5,10,4,14,-10,20,6,-10,3,12,-1,15,3,18,1,-8,2,13,-3,14,7,15,-1,-7,5,21,-4,13,4,15,0,-5,7,12,3,16,-3,17
16.7600,4,-7,6,16,5,18,0,16,1,-4,8,16,-2,8,5,16,1,-10,8,9,0,16,2,28,3,-8,4,16,2,20,-5,20,11,-10,8,11,-4,17,9,18,7,-7,3,15,-3,17,5,18,3,-7,7,20,-2,16,-2,20,5,0,4,14,-3,20,3,16
16.7800,5,1,5,14,7,17,1,19,7,-5,2,13,0,11,3,15,2,-6,7,14,1,19,-1,24,4,-3,6,14,-2,20,-4,15,13,-4,2,5,1,13,2,14,4,-13,5,12,-10,12,5,19,-3,-7,5,22,-6,17,3,23,-1,-2,4,13,-5,16,2,16
16.8000,7,-1,3,7,10,19,-3,18,5,-8,4,12,-4,13,3,17,8,-8,3,11,-6,20,5,25,3,-1,-1,11,1,22,-6,17,10,-9,5,14,-1,12,1,20,2,-13,3,13,-3,15,1,19,7,-6,6,19,-4,16,1,21,5,-6,6,10,3,20,-1,21
16.8200,3,-5,2,12,8,17,1,19,6,-7,3,10,-1,12,1,18,1,-7,3,11,-2,19,1,31,3,1,10,13,1,21,-4,17,6,-7,5,11,-5,16,3,17,6,-9,2,14,-7,18,5,19,3,0,3,23,-4,17,0,20,5,-3,1,13,-3,14,3,19
16.8400,3,-4,1,12,8,15,-3,14,4,-2,3,11,1,11,3,19,5,-3,2,14,-2,17,0,30,1,-2,2,11,0,22,-7,22,7,-1,1,10,-4,17,7,17,2,-9,6,10,-5,22,-2,20,10,-5,7,17,-3,15,0,22,8,-4,7,14,0,19,2,20
16.8600,3,0,1,12,9,20,2,19,5,-5,3,14,-1,11,3,17,8,-3,2,11,-2,15,-2,30,7,-3,7,9,0,18,-6,23,12,-6,4,12,2,14,6,20,8,-12,5,10,-2,18,2,17,7,-6,4,20,-2,14,1,16,3,-3,3,10,-2,18,6,17
16.8800,7,-1,3,8,10,19,0,22,6,-2,4,17,-3,9,1,21,0,-5,5,10,-5,17,2,27,9,0,11,15,1,16,-7,24,8,-6,2,12,2,15,6,20,4,-9,7,14,-2,19,0,21,2,-6,4,22,1,14,2,25,2,-4,4,8,-2,20,2,18
16.9000,6,1,1,12,2,12,-5,20,2,-8,7,13,2,13,3,20,2,-4,6,12,-2,16,0,27,10,1,2,8,-1,18,-8,18,7,-6,4,15,-5,17,6,17,5,-13,4,12,-2,17,2,18,9,-4,6,19,-3,15,7,16,4,-5,6,9,4,20,2,16
16.9200,3,2,6,13,6,12,-5,21,6,-6,1,11,-3,11,1,17,6,-3,3,9,-3,20,1,30,-2,1,8,12,2,16,-9,17,4,-4,0,10,0,16,5,19,2,-10,6,12,-5,20,1,20,6,-3,4,22,3,19,3,22,0,-3,2,14,1,18,1,18
16.9400,2,-1,4,14,9,15,-3,20,4,-3,6,14,-4,12,3,18,0,-4,3,9,-2,19,0,30,5,1,3,13,1,17,-6,17,9,-2,4,14,2,15,3,19,9,-11,7,10,-3,16,4,19,0,-4,3,20,2,19,6,16,3,-3,4,12,3,20,1,23
16.9600,5,-6,-1,15,6,18,-5,18,6,-8,4,16,-3,10,1,21,6,-6,5,10,-7,14,1,31,-1,-1,0,12,0,15,-7,15,9,-8,2,17,0,12,3,18,3,-7,4,11,-1,14,-2,20,6,-2,4,21,-3,20,6,20,3,-4,1,15,-2,15,-3,18
16.9800,2,-1,3,12,6,21,-4,17,7,-7,5,12,-2,12,5,16,4,-2,3,8,-1,15,-3,31,4,-3,0,15,-2,22,-5,17,17,0,1,14,-2,15,1,22,2,-12,11,7,-1,17,0,21,2,-6,5,19,0,20,5,20,6,-5,3,7,2,16,2,23
17.0000,1,0,4,15,10,23,2,21,6,-3,-2,13,1,9,1,20,5,-4,3,14,-4,18,2,30,2,-4,-3,9,4,18,-5,22,10,-5,4,13,3,17,3,25,0,-12,1,10,-2,12,-1,14,11,-5,4,18,-5,20,4,17,7,-1,5,8,1,17,-1,19
17.0200,4,0,4,11,8,21,-2,23,7,-6,5,13,-5,10,1,18,7,-7,3,9,-1,17,-1,26,-1,-3,3,13,-2,19,-8,18,14,-5,3,17,0,20,6,21,8,-10,1,9,-5,18,2,20,7,-1,4,21,-2,18,6,21,2,-4,6,16,-1,16,2,22
17.0400,5,-1,8,12,7,20,-2,25,4,-6,4,10,-1,9,4,16,8,-7,6,10,-4,19,-2,23,-1,-9,4,11,2,17,-8,24,9,0,0,14,3,18,2,20,7,-12,1,10,-3,12,1,18,12,-5,1,21,-1,17,3,19,6,-1,0,14,2,20,3,22
17.0600,2,3,2,14,9,17,-2,19,3,-3,4,9,-1,10,5,21,2,-6,2,10,-4,22,3,27,1,-7,1,10,1,20,-9,22,6,-6,2,13,2,16,2,21,4,-11,2,7,-2,16,4,22,6,-5,5,18,2,18,1,23,6,-7,4,13,0,17,2,27
17.0800,10,-5,7,15,8,20,1,19,8,-4,4,6,0,8,4,15,7,-7,3,13,-2,17,3,26,0,-8,7,9,-3,19,-7,22,7,-6,7,14,1,18,5,24,-1,-11,0,11,-7,18,2,20,8,-5,4,20,4,21,2,21,4,-7,6,12,0,18,1,20
17.1000,4,1,4,16,11,15,-5,18,5,-5,3,13,-1,13,3,21,0,-5,4,11,5,23,-2,23,-3,-2,4,10,-4,11,-13,22,8,-7,2,11,-1,16,5,20,7,-7,1,8,-5,16,-1,22,6,-7,6,23,0,22,4,25,5,-3,3,17,3,19,0,20
17.1200,0,1,2,17,7,17,-8,18,2,-2,5,12,3,11,5,21,4,-1,4,10,-1,15,3,28,1,-1,4,9,-7,19,-4,18,8,-4,4,13,-2,19,4,16,1,-10,4,8,-4,14,5,22,4,-1,4,18,3,20,3,14,-1,-3,2,14,-1,19,-2,20
17.1400,3,-8,5,15,5,16,0,18,5,-7,2,13,-3,14,3,18,4,-3,0,12,-2,20,0,31,4,-5,-2,12,4,16,-4,24,6,-4,4,16,0,20,1,18,-3,-17,6,14,-2,18,-4,22,9,-2,1,21,0,19,4,19,3,-4,0,15,-1,19,5,18
17.1600,3,-1,7,16,8,18,2,19,2,-9,5,11,0,11,7,17,2,-6,6,11,-1,21,-1,26,-3,-1,2,15,0,15,-5,19,10,-6,5,14,1,19,4,23,5,-13,5,12,0,16,3,19,5,-2,2,20,4,20,1,22,5,-3,-2,11,-6,15,1,20
17.1800,5,-2,3,12,6,18,2,18,2,-9,1,13,-6,14,4,20,4,-5,6,15,-1,19,2,25,-4,-4,-2,15,0,19,-10,24,11,-6,6,15,-6,17,-1,27,-3,-12,6,11,-3,20,4,20,6,-4,1,16,0,15,3,17,6,-5,7,14,-1,18,0,21
17.2000,2,-6,2,16,7,21,6,18,4,-4,0,12,-5,11,1,15,6,-3,2,12,-3,22,-2,25,-3,-5,2,14,-2,20,-11,23,12,-2,0,13,2,18,1,20,6,-13,4,7,-7,19,6,21,5,-3,3,18,-2,21,-2,21,3,-1,-2,21,-3,16,3,20
17.2200,6,-4,2,15,8,21,-2,20,7,-7,3,11,0,9,4,18,6,-4,6,12,-7,20,2,25,-1,-7,5,15,2,21,-6,18,8,-3,2,13,-4,19,3,22,4,-10,5,11,-3,18,0,24,4,-5,4,21,4,21,0,16,7,-7,6,11,2,15,0,23
17.2400,6,-2,3,12,8,15,-4,15,5,-4,3,10,-2,9,-1,19,9,-1,-1,12,0,17,-2,30,-3,-8,2,12,2,19,-8,20,9,-6,4,14,0,16,1,22,2,-7,3,10,-5,20,6,17,3,-2,4,20,4,21,2,17,2,-3,5,11,0,20,-1,22
17.2600,6,-1,-2,11,9,21,-1,18,3,-5,3,13,1,12,0,18,2,-8,5,9,1,17,-4,25,0,-6,8,17,1,23,-12,18,8,-6,2,13,-1,19,9,20,6,-9,1,14,-5,19,2,18,3,2,5,20,4,17,-3,21,2,0,5,13,-4,17,0,19
17.2800,1,0,4,17,10,15,-6,20,3,-8,-1,17,1,9,3,16,6,-5,3,12,-3,19,-4,24,2,-5,2,16,-1,17,-8,20,11,-8,5,17,-2,17,6,19,8,-15,-2,12,-3,19,2,22,0,-5,3,18,-1,15,-2,19,1,-3,3,13,-5,17,1,23
17.3000,2,-3,-1,11,9,15,-2,17,6,-7,6,14,0,12,5,19,2,-7,5,13,-4,24,1,26,1,-3,5,19,-2,18,-8,19,6,-4,4,15,3,16,4,20,6,-14,2,13,-5,19,1,21,7,-8,2,19,4,22,0,20,8,0,4,10,-1,19,1,18
17.3200,3,-2,1,10,6,18,0,16,4,-5,-1,15,-1,10,2,16,4,-3,4,13,-1,22,4,23,0,0,1,9,1,23,-3,21,9,-11,6,15,-4,17,2,21,3,-10,6,13,-4,21,5,18,5,-4,3,17,-7,18,3,18,6,-3,1,13,-4,20,-1,18
17.3400,3,-4,10,11,7,19,-3,21,3,-5,1,13,2,9,-2,17,1,-10,3,16,-3,19,0,26,-1,-4,-1,14,-1,17,-5,15,10,-9,3,17,-3,21,4,19,3,-11,4,14,-3,18,6,22,3,-6,3,23,-1,18,1,21,-2,-5,1,18,0,13,-1,23
17.3600,1,-4,1,13,3,20,0,16,0,-1,4,21,-2,11,3,16,2,-2,1,15,-4,24,0,27,-3,-1,5,14,2,18,-5,20,7,-7,8,14,-5,18,3,20,2,-9,4,14,-6,19,3,22,0,-1,4,17,-2,17,-1,18,1,-6,1,17,-5,19,-1,19
17.3800,3,-3,2,10,8,18,2,18,8,-3,1,13,-1,10,2,17,6,-5,7,12,0,23,-2,27,-3,-5,3,12,1,20,-8,19,14,-9,6,14,-4,18,3,20,4,-10,8,13,-8,23,3,19,-2,0,4,19,-5,16,0,20,2,-9,1,14,1,17,3,18
17.4000,7,-1,0,11,6,14,-3,20,4,-4,1,9,-2,7,4,15,4,-4,7,15,3,21,1,25,1,-5,1,19,-2,19,-7,20,5,-9,1,14,-5,18,4,19,6,-9,5,14,-9,16,0,21,-1,-9,6,22,-5,16,-4,23,2,-7,2,16,0,19,0,16
17.4200,1,-1,3,11,6,15,-1,15,6,-10,2,14,-4,9,1,13,2,-7,5,19,-1,18,-1,28,-5,-1,3,14,0,22,-8,17,10,-9,-1,13,1,19,2,18,6,-13,0,15,-6,21,3,17,-1,-2,8,23,0,21,2,22,1,-7,2,12,-1,18,-1,19
17.4400,3,0,4,17,3,18,1,12,5,-6,5,12,-4,9,2,16,5,-9,8,11,1,19,3,24,1,1,4,10,0,23,-7,17,11,-2,0,12,-3,19,4,22,4,-12,2,11,-9,19,4,15,0,-5,1,15,-6,15,-1,24,1,-9,3,14,-2,20,5,18
17.4600,5,-1,-1,12,4,19,1,18,0,-8,0,13,0,15,3,10,4,-10,2,13,-3,20,1,24,-2,-4,1,15,2,22,-8,19,12,-8,5,12,-3,20,4,19,7,-11,0,16,-5,20,-2,20,0,-3,5,21,-6,18,1,22,4,-6,1,9,-1,19,-3,21
17.4800,-1,-4,4,14,6,16,-2,18,5,-7,4,14,1,12,-2,15,2,-7,3,19,0,22,4,27,-3,-8,2,10,-3,18,-6,24,4,-5,5,12,0,19,2,17,6,-13,1,11,-5,18,-1,18,1,-8,2,21,2,17,0,20,3,-5,0,12,2,17,1,24
17.5000,-3,-4,5,13,8,20,-6,17,0,-2,5,15,-1,10,-4,17,4,-4,5,17,-2,23,6,27,1,-3,5,15,-1,19,-9,20,12,-5,9,13,-5,20,9,17,8,-12,0,17,-5,19,6,20,-3,-5,2,21,-3,14,2,20,-1,-6,-1,14,4,22,0,19
17.5200,2,-2,0,11,9,16,0,16,1,-6,6,16,-4,11,-4,22,5,-4,5,10,-1,23,1,32,1,-4,9,12,2,17,-8,18,6,-8,1,12,-3,20,5,21,2,-11,1,14,-7,20,2,20,-2,-3,5,18,-3,18,2,20,1,-6,2,13,-3,19,1,18
17.5400,1,-4,5,11,3,17,1,21,0,-2,3,16,-4,11,1,14,3,-9,7,12,-6,21,1,27,-6,-1,2,13,-2,16,-8,18,5,-9,1,13,-1,20,4,21,4,-11,7,16,-8,21,0,19,3,-7,7,26,-3,21,1,20,3,-7,7,13,1,21,2,21
17.5600,-2,-5,2,13,5,20,-3,21,2,-6,1,15,-2,11,1,17,3,-9,6,13,2,22,2,22,0,-5,3,13,-3,19,-8,16,6,-7,4,12,0,17,3,18,4,-14,0,16,-3,21,1,25,2,-5,7,19,-5,20,-1,20,5,-11,2,10,-2,19,5,21
17.5800,3,-2,1,14,4,19,-2,17,3,-5,8,11,0,12,1,16,4,-7,6,15,1,20,2,24,-3,-8,2,13,1,22,-11,19,8,-7,4,12,2,19,6,19,3,-12,5,17,-5,20,1,21,0,-4,2,27,-3,18,4,20,1,-10,6,14,-3,22,4,19
17.6000,2,-4,5,13,8,20,-2,24,8,-9,5,15,-1,12,6,20,3,0,6,12,-1,25,5,29,-2,-6,4,18,-1,20,-6,21,7,-8,6,16,-3,17,4,18,5,-13,5,18,-5,19,2,21,2,-5,2,21,0,18,2,19,0,-9,0,16,-1,22,0,21
17.6200,-3,-8,3,12,8,17,1,21,5,-3,2,13,-4,10,-1,21,5,-7,6,17,-1,21,4,31,4,-8,4,15,-1,23,-7,18,11,-9,5,13,-7,22,2,22,2,-15,5,16,-8,22,-2,15,-1,-5,4,19,-1,20,0,22,3,-5,6,9,-2,22,3,20
17.6400,0,-3,10,14,3,21,-2,18,2,-4,7,12,0,8,-2,17,4,-6,5,13,-2,23,0,27,2,-5,8,12,2,23,-6,16,9,-4,7,15,0,14,2,19,2,-13,4,12,0,17,2,19,3,-10,8,18,-1,19,-2,26,2,-10,4,11,-3,20,2,20
17.6600,-1,-2,2,15,5,18,2,21,7,-5,-1,11,2,10,1,20,7,-5,2,10,1,22,-3,26,-2,-6,6,13,0,14,-10,18,7,-7,6,16,-5,18,3,20,4,-12,4,17,-3,24,4,21,3,-5,8,19,-2,21,7,24,3,-1,7,12,-1,22,-2,19
17.6800,3,-4,3,13,6,23,-2,23,9,-7,5,10,0,14,5,10,7,-8,2,14,2,22,4,24,2,-3,7,14,2,19,-7,19,14,-8,2,11,-3,21,4,23,2,-14,5,14,-6,22,4,21,3,-8,4,20,-2,20,1,17,0,-6,3,15,3,20,-1,22
17.7000,1,0,4,11,2,21,0,19,4,-2,4,11,-1,12,2,17,4,-4,4,10,0,20,2,30,0,-2,9,15,-3,16,-5,21,8,-7,6,15,-4,21,4,25,4,-11,3,14,-4,20,2,22,3,-9,2,19,0,18,3,20,5,-7,7,13,1,22,-1,19
17.7200,2,-3,1,18,4,21,1,21,4,-4,5,9,-2,14,-2,17,4,-4,5,13,1,19,0,29,0,-2,4,11,-1,15,-10,23,8,-9,8,15,-4,13,3,20,4,-14,3,18,-1,18,-2,19,4,-3,5,22,-1,18,3,22,1,-5,11,16,-1,20,5,23
17.7400,2,-3,7,15,4,18,-4,20,3,-10,4,12,-1,11,1,19,6,-3,10,11,1,23,2,24,0,-10,1,14,2,18,-12,16,8,-11,1,12,-3,18,3,21,6,-11,5,13,-4,21,-1,19,1,-5,2,20,-5,20,4,23,3,-9,2,15,-3,25,-6,24
17.7600,-1,-5,1,15,8,22,-1,19,0,-2,7,10,1,13,1,22,11,-6,6,12,-5,18,-1,29,-2,-3,2,14,3,20,-4,24,10,-8,4,15,-2,18,3,19,4,-16,8,12,-3,22,0,18,5,-2,5,27,3,21,3,19,1,-7,3,17,-2,22,6,23
17.7800,0,-1,7,16,2,23,-2,20,8,-5,5,15,-3,14,1,22,6,-7,5,12,1,25,4,28,-2,-1,1,13,2,17,-9,21,9,-4,6,14,1,17,3,25,-1,-11,6,17,-5,18,-5,21,2,-10,2,23,2,19,7,18,1,-2,3,12,-3,20,1,20
17.8000,0,-3,3,17,4,24,-5,21,9,-3,3,17,1,15,0,20,2,-8,5,13,0,17,2,26,-1,-6,2,10,3,20,-5,20,8,-7,5,12,-5,20,4,25,4,-14,5,13,-1,22,0,23,2,-6,1,23,-3,26,-2,17,-2,1,0,17,-2,18,2,22
17.8200,3,-1,7,15,7,17,4,24,7,-4,5,14,0,9,-1,21,4,-6,6,16,2,24,4,29,-1,-6,3,11,6,20,-3,21,10,-2,8,16,-3,18,6,23,0,-12,5,15,-4,24,-2,14,3,-5,9,25,2,19,4,17,5,-10,4,16,0,20,2,21
17.8400,1,-4,4,12,1,19,0,24,2,-6,9,14,-4,13,-1,14,4,-7,1,14,3,19,2,27,-3,-5,5,16,3,19,-5,21,10,-6,4,14,-1,18,1,21,4,-12,5,18,-6,20,5,19,3,-5,-1,24,3,20,2,21,1,-3,5,18,2,18,0,21
17.8600,-1,-1,5,17,5,20,-3,23,5,-8,3,13,0,12,-3,19,-1,-7,5,17,0,17,-3,25,-1,-2,4,16,7,18,-12,24,7,-2,0,14,-7,17,5,27,6,-13,8,17,-5,18,1,22,0,-8,8,22,1,21,-2,19,3,-5,5,16,-3,22,1,19
17.8800,0,2,3,10,3,25,-2,19,1,-5,3,14,2,14,3,18,4,-7,2,9,-1,24,2,26,-2,-4,3,13,2,17,-6,26,10,-4,5,15,-5,18,3,23,9,-12,4,16,-1,20,0,24,8,-3,7,26,1,19,-1,24,-2,-3,0,15,0,20,0,18
17.9000,5,1,6,13,3,19,0,19,3,-4,5,14,-2,16,2,20,7,-7,4,14,-2,22,1,24,0,-1,2,18,0,17,-10,19,11,-3,3,17,-6,24,3,27,-1,-17,8,17,-5,18,-3,25,4,0,4,24,1,20,2,19,4,-5,4,17,-4,22,1,27
17.9200,3,-5,9,16,5,16,-1,19,2,-3,4,13,-2,11,4,19,3,-6,6,15,2,24,5,31,-1,-2,0,13,-1,22,-9,21,7,-6,3,14,-3,17,6,27,2,-11,7,13,-1,19,3,22,1,-9,4,25,1,22,1,20,2,-6,5,16,2,17,0,20
17.9400,-1,-3,9,15,8,19,-1,21,-2,-4,1,20,-1,11,2,19,2,-10,1,14,0,25,-2,31,-1,-5,9,10,3,22,-2,21,9,-9,4,14,-5,18,4,26,7,-13,3,16,-3,22,1,20,6,-7,4,26,-1,22,2,17,5,-6,4,18,0,21,1,24
17.9600,-1,-2,4,17,5,20,-2,25,5,-2,6,13,-3,13,2,16,6,-9,4,16,1,21,-4,31,-1,-6,2,14,3,14,-2,19,3,-6,2,15,0,20,1,24,0,-14,4,15,-2,20,0,21,10,-8,2,22,0,20,2,21,5,-5,3,17,-2,19,1,20
17.9800,-3,0,5,21,10,20,-1,22,2,-4,3,17,-1,12,0,14,7,-3,5,14,-1,24,1,29,-1,-2,5,13,1,20,-5,18,8,-5,2,12,-2,18,4,21,3,-15,4,13,-3,19,3,20,2,-3,5,21,0,16,-1,19,-3,-6,10,11,0,21,0,24
18.0000,-1,-5,7,16,6,22,-2,21,4,-4,3,14,0,18,1,18,6,-8,4,10,-2,18,5,29,0,-6,2,11,5,12,-9,26,4,-6,1,10,-3,18,1,23,2,-12,8,13,-4,26,3,22,2,-3,1,24,1,20,-1,24,0,-6,7,17,-4,19,4,21
18.0200,1,-1,1,14,1,21,0,22,3,-1,-1,13,0,14,3,22,5,-9,3,17,-3,23,3,29,-2,-7,5,11,2,23,-10,27,11,-5,3,15,-3,21,1,25,3,-18,4,12,-5,24,3,22,5,-3,5,22,-2,21,3,24,-3,-6,2,17,-2,21,4,16
18.0400,-3,-2,8,15,12,21,-4,25,0,-3,9,15,1,16,6,18,3,-3,2,17,-3,24,1,30,0,-6,3,14,3,17,-4,21,5,-6,3,14,-6,22,3,26,1,-12,10,14,-5,20,2,23,1,-7,4,22,-1,24,2,20,-2,-6,5,16,0,22,0,20
18.0600,-3,1,6,17,8,20,1,22,-1,-4,5,15,-3,16,4,17,5,-5,-2,11,-2,19,3,27,2,-11,10,11,0,16,-8,20,10,-5,8,15,-1,21,4,25,3,-14,1,13,-7,16,1,19,5,-9,7,19,-1,22,-1,19,-3,-8,5,12,2,24,2,20
18.0800,-3,-3,4,15,2,24,2,23,1,-7,2,16,0,15,-1,18,3,-5,1,11,-1,26,4,28,-1,-7,7,17,-2,16,-3,19,7,-6,6,11,-4,19,3,24,1,-12,-1,13,-6,21,3,19,2,-6,5,21,-4,19,-3,22,0,-7,3,14,-2,18,-1,20
18.1000,0,1,9,13,4,23,-5,26,3,-4,10,16,0,12,1,18,4,-4,7,17,1,23,2,27,-2,-6,5,10,-1,19,-4,20,6,-8,4,15,-5,25,4,24,-3,-9,4,16,-2,23,5,20,4,-1,4,20,-4,21,1,20,2,-7,4,12,1,21,-3,21
18.1200,1,-3,3,17,6,19,-1,26,2,-4,5,18,-2,17,1,19,6,0,6,14,0,20,0,28,-1,-6,5,17,-2,23,-7,25,3,-10,6,14,-3,18,5,20,5,-9,6,11,-8,20,1,21,1,-5,6,24,-1,20,-1,20,1,-8,7,13,-3,21,4,19
18.1400,4,2,4,9,3,24,2,23,4,-5,10,13,0,14,2,20,2,-1,7,16,-1,25,-4,23,-1,-6,8,13,3,21,-3,21,5,-6,7,15,-4,19,2,23,-2,-8,4,11,-6,24,-1,23,2,-8,6,18,-4,20,1,22,4,-7,4,14,-2,15,0,21
18.1600,0,-6,8,13,5,17,-1,22,0,-5,6,14,-4,15,-4,20,5,-2,3,11,-2,24,0,29,-3,-6,6,13,-3,21,-3,23,4,-1,8,14,-6,23,3,19,1,-9,3,16,-5,19,4,23,-3,-7,6,21,-4,22,-2,23,3,-4,8,17,-1,22,4,22
18.1800,-3,-6,5,11,4,21,3,24,0,-1,4,15,-2,17,2,19,2,-5,2,16,-1,23,1,31,-5,-6,4,14,-2,19,-3,22,6,-5,5,12,-6,19,3,23,1,-14,12,13,-3,28,3,22,2,-6,0,19,-4,15,-1,18,1,-3,7,15,-3,19,1,21
18.2000,0,-2,5,11,5,22,3,21,0,-2,2,12,2,18,-1,17,8,-6,1,14,2,20,-1,27,1,-8,3,11,0,19,-7,18,3,-5,3,11,-5,20,1,24,0,-13,6,14,-4,22,0,24,4,-4,6,16,-1,20,3,23,-1,-4,3,13,-3,23,-1,23
18.2200,-1,-2,2,10,4,21,1,22,-3,-6,11,10,-2,16,2,19,7,-7,3,15,-4,28,-1,28,3,-7,4,15,-1,21,-7,21,1,-9,5,11,-4,21,0,22,3,-12,3,13,-3,25,3,17,1,-8,5,20,-3,23,-2,25,1,-6,8,16,-2,23,3,21
18.2400,2,-5,8,12,6,24,-2,17,0,-7,2,9,-3,14,-1,17,4,-7,10,14,3,19,1,30,-3,-10,3,14,-1,18,-2,19,4,-4,7,17,-2,20,3,20,1,-12,5,14,-4,23,-3,20,-3,-4,4,22,-1,23,4,23,6,-3,4,17,-1,20,0,24
18.2600,3,-6,7,14,2,21,-1,23,-1,-2,3,11,-3,9,1,18,3,-11,6,14,-2,22,2,21,-1,-11,1,14,2,17,-6,18,4,-6,7,11,2,21,2,24,0,-10,5,16,-2,23,-2,18,3,-8,5,20,-2,20,2,23,2,-8,4,16,1,22,0,21
18.2800,0,-5,1,15,3,26,-2,26,-1,-3,7,12,-4,13,-3,14,7,-9,6,18,-3,19,5,21,4,-6,-1,13,-1,21,-4,20,4,-2,2,15,-5,18,7,21,2,-13,6,14,-4,21,-2,24,4,-4,10,20,-5,21,-1,19,2,-7,1,16,0,19,3,21
18.3000,0,-2,10,9,5,22,0,24,-1,-3,3,12,-2,19,-1,17,0,-9,3,19,-2,22,2,26,-1,-7,8,12,0,14,-7,20,4,-4,5,12,-6,19,5,23,-3,-15,7,13,-6,24,-3,24,2,-9,6,22,1,19,3,20,0,-4,4,13,-4,23,2,22
18.3200,-1,-7,4,14,2,18,2,20,6,-7,2,12,0,15,0,20,7,-9,5,15,0,22,-1,23,0,-7,9,14,0,21,-3,20,5,-2,2,13,-2,21,3,26,1,-15,6,12,-5,25,2,17,3,-5,4,21,2,24,3,23,-1,-6,5,16,0,22,0,20
18.3400,0,-9,2,13,2,22,0,20,4,-5,0,18,-5,15,-5,18,2,-5,2,21,-4,23,-5,26,1,-6,4,19,6,20,-6,22,6,-7,3,18,0,19,6,22,-5,-11,3,15,-6,22,2,24,0,-9,5,24,-5,22,1,22,-2,-8,7,14,-3,19,-4,26
18.3600,-3,-5,8,13,1,25,-4,22,-1,-4,10,16,4,17,-1,18,2,-6,2,18,0,23,-3,29,-1,-10,5,11,2,19,-5,17,5,-3,8,12,-6,16,4,24,-2,-10,2,16,-6,20,-1,24,2,-5,6,23,-3,23,0,21,6,-7,6,18,-2,23,3,22
18.3800,-3,-5,8,10,3,22,-1,25,4,-7,4,16,-3,22,3,15,1,-11,8,15,-4,24,3,28,-1,-4,7,15,-1,22,-6,19,3,-3,7,17,-4,23,5,22,2,-9,9,12,-7,24,0,23,4,-3,5,23,-5,23,1,23,5,-8,5,16,-3,20,2,20
18.4000,-1,-5,5,17,2,20,-1,21,3,-4,7,16,-4,17,1,20,2,-8,2,15,1,23,6,31,2,-6,6,15,1,19,-3,19,2,-3,9,14,-7,20,3,26,1,-9,3,16,-3,22,0,24,7,-6,4,17,-5,19,-1,20,1,-4,1,16,1,19,-1,23
18.4200,-3,-7,2,14,0,22,-3,22,4,-8,6,15,-4,20,1,22,3,-4,7,17,-1,26,4,27,1,-9,5,15,2,18,-7,18,3,-6,8,14,-4,21,-2,26,-3,-14,4,16,-5,21,-2,24,2,-6,5,22,-2,22,-2,16,3,-3,5,11,-3,20,2,26
18.4400,1,-7,8,19,2,19,-1,25,-2,-5,8,12,-3,14,-2,17,3,-6,8,17,1,23,-2,30,1,-9,9,15,0,21,-3,21,8,-3,7,11,-1,23,9,20,-1,-8,8,15,0,18,-7,23,1,-10,4,24,3,23,0,21,3,-4,7,15,-4,22,3,20
18.4600,-5,-4,7,17,6,23,1,26,4,-7,3,13,2,17,-2,20,2,-3,6,17,1,27,3,27,-7,-6,9,15,-3,17,-6,24,6,0,4,20,-3,24,6,27,-4,-12,7,14,-6,22,-6,20,0,-2,8,18,-2,20,0,19,-1,-4,14,16,-2,23,3,22
18.4800,-2,-4,7,17,5,21,2,20,0,-7,9,15,-4,17,-2,16,0,-4,5,12,1,25,-4,25,-1,-6,2,15,2,25,0,18,3,-4,0,16,-9,23,1,28,-2,-14,3,16,-7,22,1,20,-2,-4,5,29,3,20,2,19,1,-8,8,19,1,20,1,21
18.5000,1,-6,8,14,4,25,-4,23,6,-7,6,12,-1,19,2,17,2,-3,4,15,0,21,0,26,3,-10,6,16,3,22,1,20,4,-7,5,14,-3,24,7,22,1,-9,4,13,-1,24,-3,21,0,-8,6,26,-4,20,-1,22,5,-6,8,13,-1,18,1,19
18.5200,-1,-9,10,15,4,25,0,25,4,-3,8,15,0,20,1,14,1,-9,9,14,0,29,2,22,-5,-12,4,14,4,19,-3,20,1,-3,4,12,-6,18,7,23,0,-13,6,15,-2,21,2,20,4,-8,7,20,-1,20,2,23,-5,-4,3,14,0,19,3,22
18.5400,1,-9,9,15,1,28,-6,20,7,-5,8,15,-1,19,-1,21,5,-6,5,12,2,25,3,28,-2,-8,9,16,-2,17,-4,22,3,-6,3,11,2,17,2,20,-2,-16,11,14,-3,19,-2,22,0,-10,8,23,0,19,1,22,2,-5,3,18,-10,19,4,21
18.5600,-1,-2,9,14,3,19,0,19,2,-9,8,14,-3,18,2,17,1,-8,5,10,1,26,1,26,1,-13,10,15,-1,21,-8,22,2,-5,8,16,-2,22,3,22,4,-13,8,15,-9,23,0,21,2,-6,7,25,4,25,3,21,2,-9,11,14,-2,27,-2,17
18.5800,-3,-9,7,13,-4,25,-3,18,-2,-4,10,15,-2,19,0,19,2,-5,5,14,1,20,2,25,-2,-11,8,14,1,17,-4,22,4,-4,6,17,-1,23,5,23,2,-12,7,18,-4,24,-1,22,-1,-7,3,25,0,22,1,23,5,-5,6,14,-1,21,4,27
18.6000,-5,-7,9,14,4,22,-1,28,5,-4,2,17,-2,21,2,18,4,-6,9,11,-3,26,-1,23,1,-7,10,14,3,20,-7,22,1,-6,6,14,-6,23,2,23,7,-14,6,12,-4,28,0,24,0,-4,6,25,-2,21,2,22,3,-5,7,20,-1,26,3,21
18.6200,2,-7,7,16,1,19,-1,24,5,-9,9,17,-3,18,2,23,3,-8,8,15,1,29,-2,29,2,-10,10,13,3,17,-7,24,5,-6,5,12,-3,19,1,24,3,-14,0,17,-7,19,3,24,-6,-8,5,21,-1,22,3,21,3,-3,9,15,1,22,3,21
18.6400,-3,-7,4,15,1,20,-3,23,2,-8,5,17,0,18,-1,22,2,-7,13,17,2,22,-1,27,2,-10,10,14,2,22,-4,21,4,-10,9,13,-4,23,5,22,3,-15,8,13,-1,23,-4,21,-6,-6,8,22,-3,26,0,17,-1,-8,12,9,-1,24,7,19
18.6600,-2,-9,6,7,3,22,-2,21,0,-4,6,16,-2,20,-1,17,4,-6,6,17,-2,28,4,30,2,-8,6,13,-1,20,-11,20,0,-6,8,14,-5,21,2,21,0,-13,2,15,-5,23,-6,22,1,-9,11,19,-2,24,-1,19,0,-5,5,18,-4,24,2,21
18.6800,4,-8,10,15,3,19,-5,24,0,-4,13,17,-1,17,0,23,-3,-8,6,12,0,26,2,27,-2,-9,8,14,-2,23,-5,18,4,-4,9,13,-2,22,-1,24,1,-14,13,16,-2,26,-6,25,-4,-4,6,23,-3,24,3,22,2,-5,10,16,1,22,-1,21
18.7000,2,-5,8,19,3,23,-3,25,2,-5,12,15,-1,16,1,14,2,-8,10,16,1,22,1,25,0,-5,10,12,0,21,-7,22,-2,-6,8,14,-6,20,-1,27,3,-11,6,15,-6,22,2,24,5,-4,6,26,-2,21,4,20,-1,-5,8,11,0,25,2,21
18.7200,0,-1,3,15,5,21,-4,25,1,-7,7,15,-5,17,5,18,2,-8,10,16,0,23,1,25,0,-7,6,12,2,22,-3,22,1,-6,8,18,-1,25,1,23,5,-13,12,17,-5,23,-4,20,2,-3,5,23,1,19,5,23,-1,-10,3,14,-3,24,-2,20
18.7400,-2,-8,7,19,3,23,1,21,2,-2,7,19,-2,16,-1,20,4,-5,9,12,-3,20,-1,25,1,-10,10,15,4,22,-2,22,1,-6,6,11,2,21,5,25,2,-10,11,20,-4,24,-7,25,-3,-4,3,24,-2,25,1,20,-1,-4,6,15,2,24,-1,21
18.7600,0,-6,6,19,4,20,-4,24,0,-2,8,12,0,19,0,20,0,-6,2,16,-1,22,5,27,3,-12,9,15,3,24,-4,22,0,-5,3,17,-1,20,0,25,3,-11,6,16,-3,26,1,19,1,-7,6,20,-1,23,-1,20,-2,-4,6,18,-1,24,5,22
18.7800,0,-7,4,14,0,26,0,22,1,-10,7,17,-5,17,-1,19,2,-8,8,7,5,23,1,23,0,-10,8,9,0,21,-3,21,2,-9,6,13,-6,24,6,21,1,-8,9,10,-1,26,0,22,-1,-7,14,25,3,25,4,21,0,-10,7,14,-3,19,2,20
18.8000,2,-10,3,14,1,21,-1,22,-2,-7,9,15,-2,17,-3,18,4,-9,5,14,1,29,2,27,1,-9,8,17,0,17,2,24,4,-14,11,17,-2,24,7,24,0,-7,10,13,-1,24,-9,23,2,-6,5,22,-2,24,4,22,2,-9,11,18,-3,25,-2,20
18.8200,-1,-4,7,18,0,21,-2,22,0,-2,9,15,-2,17,0,24,0,-8,3,12,0,22,2,26,1,-12,8,18,1,20,-2,21,4,-7,7,20,-5,26,3,21,-1,-11,8,15,-3,25,-1,24,2,-8,8,25,0,21,1,22,1,-11,11,14,-4,23,-1,25
18.8400,-9,-5,4,16,0,23,-3,23,1,-3,10,16,-4,18,3,21,4,-6,5,15,-1,23,2,25,-1,-8,9,12,2,20,-3,20,0,-8,5,20,-6,25,5,22,3,-10,5,18,-1,27,-6,30,3,-6,5,22,1,20,1,21,0,-8,7,18,-3,24,1,25
18.8600,-5,-1,7,15,3,25,-2,24,0,-3,3,15,1,19,1,19,1,-6,7,13,-2,22,3,25,-2,-9,9,15,2,20,-2,19,5,-1,8,14,-5,26,3,24,3,-11,7,14,-3,24,-6,21,-3,-8,1,22,-1,22,0,22,-1,-6,12,15,-3,25,0,30
18.8800,-1,-9,10,17,2,21,-5,31,-4,0,8,12,-4,17,2,23,-1,-8,7,17,-1,21,5,25,-8,-7,4,14,1,22,-2,23,5,-8,8,19,-2,21,4,24,1,-12,10,17,-1,29,3,24,3,-10,3,23,-3,23,1,26,4,-6,10,13,-3,21,2,23
18.9000,2,-5,12,12,5,28,-1,21,-4,-8,9,14,0,20,-1,20,-3,-12,10,16,-1,23,2,26,0,-8,6,16,5,21,-2,21,3,-2,6,17,-4,26,9,21,-1,-14,11,13,-2,27,-1,22,-1,-6,3,25,-4,26,3,24,-4,-3,5,14,3,20,4,20
18.9200,-3,-8,7,13,-2,26,-4,24,3,-4,8,14,-3,16,-1,22,1,-8,6,15,1,25,1,25,-2,-8,4,14,-1,26,-1,22,1,-6,8,18,-1,25,3,25,-2,-9,6,13,-1,29,1,25,3,-6,10,20,-1,23,-1,21,1,-8,7,16,-3,19,3,22
18.9400,-3,-11,6,12,2,24,-2,25,-1,0,9,13,-3,19,1,23,2,-10,9,14,2,26,3,30,-5,-12,4,13,-1,27,-2,19,-3,-5,7,15,-6,25,2,20,-4,-9,11,9,-2,29,-2,25,3,-9,5,17,-2,25,-2,24,1,-6,10,12,-2,23,3,22
18.9600,-1,-5,9,13,-3,21,0,26,3,-5,6,13,-4,21,0,18,3,-8,4,15,-1,25,0,25,-5,-10,5,14,-1,23,-2,17,-1,-4,15,15,-2,25,1,23,0,-12,9,14,3,26,1,22,-3,-5,5,25,-5,22,0,24,6,-9,11,13,-4,23,0,22
18.9800,-6,-6,6,13,-1,22,-4,24,-2,-6,3,14,-4,18,-2,21,1,-9,4,11,0,25,1,25,-1,-11,8,16,0,22,0,20,-2,-4,6,16,-7,22,4,23,-7,-14,8,14,-1,24,2,22,0,-4,5,20,-3,23,-1,21,1,-1,13,16,-1,23,3,25
19.0000,-4,-6,9,17,-1,25,-7,26,-2,-1,7,11,-2,16,3,24,-1,-4,10,15,0,27,4,25,3,-2,11,11,1,22,-7,23,0,-2,13,17,-5,22,4,22,6,-15,9,10,-4,24,2,23,5,-7,9,20,-4,25,-1,25,-1,-6,11,18,-3,27,6,23
19.0200,-4,-3,11,14,-1,25,0,22,-3,-2,7,14,-4,20,-1,19,-1,-7,7,13,-5,25,7,28,0,-9,7,18,3,21,-5,21,6,-8,8,17,-7,23,6,21,0,-14,6,11,-5,26,1,25,1,-5,8,19,-5,21,2,26,1,-12,7,18,-1,22,3,24
19.0400,-2,-3,7,16,4,27,1,23,1,-1,5,12,-3,20,3,25,2,-10,10,16,0,27,-2,27,0,-5,5,11,0,23,-2,23,5,-6,6,12,-8,21,4,18,-2,-10,11,15,-1,25,-1,18,4,-8,7,22,-1,20,2,27,3,-8,9,17,0,27,-2,20
19.0600,-2,-5,8,11,0,24,-2,18,-3,-4,3,12,3,20,2,19,1,-6,6,14,0,23,1,29,-5,-8,13,15,-3,25,-6,21,6,-7,8,17,-8,30,5,20,-1,-10,6,14,-4,26,1,26,1,-3,10,18,-2,22,1,27,-1,-10,5,14,-5,22,4,23
19.0800,-2,-2,6,13,0,25,0,26,-5,-4,11,17,-5,18,4,19,0,-8,7,12,-1,25,4,27,3,-8,7,15,-3,24,-4,19,3,-4,9,14,-4,22,4,21,7,-8,10,17,-3,26,0,24,1,-10,4,23,0,21,2,24,1,-9,7,13,0,23,5,25
19.1000,-4,-3,12,13,-1,24,1,22,-4,-4,12,10,-4,18,2,17,2,-7,10,13,-1,30,0,28,-2,-7,4,18,-1,24,-1,21,2,-2,7,20,-4,25,1,21,0,-9,11,12,-4,26,1,22,2,-10,10,17,-2,23,1,24,5,-11,9,16,-2,27,3,20
19.1200,-2,-6,7,19,1,24,2,21,-2,-2,9,13,-3,23,1,21,5,-7,8,18,-2,24,2,30,-2,-8,8,18,-1,30,-2,21,3,-7,6,14,-2,28,2,22,0,-12,8,12,-4,29,0,22,4,-4,6,18,-1,28,-3,25,-1,-6,5,14,-3,23,1,26
19.1400,0,-10,7,11,-2,27,2,21,1,2,6,18,-9,23,2,19,-3,-7,8,15,-4,25,6,31,-4,-12,8,20,-1,21,-1,22,3,-8,5,15,-6,30,3,21,2,-13,7,14,-4,29,-2,25,-2,-8,4,18,-6,19,3,23,4,-12,9,18,0,21,3,25
19.1600,-2,-5,6,14,3,23,3,27,4,-4,10,15,-2,21,0,20,-5,-8,8,15,0,25,3,31,0,-6,8,14,1,27,-1,23,5,-3,11,19,-7,25,2,21,5,-10,3,12,-6,30,0,25,1,-10,8,21,-3,26,2,22,1,-8,8,15,-5,27,2,21
19.1800,-6,-5,8,15,-3,26,-2,21,0,-4,12,19,-5,22,3,18,0,-5,13,16,-9,31,-1,26,-5,-8,10,15,2,24,1,25,4,-7,10,12,-6,25,3,21,-2,-12,10,13,-3,30,1,24,0,-5,6,18,-6,19,0,24,3,-5,5,14,-5,26,5,24
19.2000,-2,-5,14,18,0,29,1,26,-2,-2,12,15,-3,24,1,20,5,-7,6,12,0,25,0,27,0,-7,9,16,-1,21,-3,25,5,-6,8,17,-2,26,5,18,1,-10,7,18,-2,25,0,23,1,-6,8,18,-2,24,1,21,2,-4,8,13,-4,24,5,26
19.2200,-6,-5,6,10,3,23,2,22,0,0,8,16,-3,23,-1,20,-3,-10,6,15,-2,28,2,29,-4,-9,6,16,2,25,-1,26,8,-5,7,15,-6,25,2,22,-2,-10,11,17,-2,29,3,24,-2,-7,5,17,-2,22,3,21,0,-6,6,13,-6,24,3,23
19.2400,0,-3,8,13,-1,27,1,23,-5,-8,9,16,-4,18,-1,20,0,-11,10,12,-4,27,1,27,1,-8,5,12,-2,19,-2,28,6,-2,5,12,-5,22,2,20,0,-13,12,16,-2,29,1,21,3,-9,11,20,-3,24,4,25,2,-5,8,16,-5,23,3,27
19.2600,-2,-10,8,16,1,20,1,27,-5,-3,10,16,-2,20,4,23,1,-7,9,17,-1,30,3,30,3,-5,9,19,2,26,-4,27,6,-6,3,21,-5,26,-4,23,-2,-12,13,17,-4,29,2,22,2,-10,8,21,-4,25,0,28,-3,-7,10,15,-3,25,3,22
19.2800,-5,-5,6,14,0,23,0,24,2,1,10,11,-2,21,1,22,1,-11,8,12,4,26,-2,28,-1,-12,7,17,-2,22,-6,25,1,-6,2,18,-11,25,-1,18,-4,-10,7,18,-3,26,1,23,-2,-11,7,24,0,28,0,23,2,-11,8,14,-5,23,1,20
19.3000,0,-7,10,18,5,24,0,19,-3,-7,5,17,-8,15,8,23,-2,-4,4,13,-5,25,0,23,1,-10,10,16,1,26,-6,24,7,-3,9,14,-7,28,2,20,0,-11,5,17,-4,29,0,21,0,-10,6,23,0,25,-1,22,-1,-10,8,13,0,24,3,24
19.3200,-7,-8,11,18,3,21,0,23,-3,-3,10,16,-5,18,0,21,-1,-8,14,15,-3,27,-1,30,-5,-2,13,17,-4,27,-1,27,1,-6,7,11,-6,30,0,22,-3,-11,8,14,-4,27,7,23,-3,-12,11,17,-6,27,3,19,0,-7,8,18,-4,21,3,26
19.3400,-3,-7,11,13,2,26,2,22,-2,-8,8,16,-2,19,2,21,-1,-10,8,15,0,31,-1,29,-6,-10,10,16,-1,25,-4,23,3,-5,12,19,-8,24,3,19,-1,-15,8,20,-8,24,-2,23,1,-9,5,20,-8,23,0,26,2,-8,9,17,-4,24,2,20
19.3600,-6,-5,3,13,2,24,-3,27,-2,-3,9,15,-2,20,6,21,-1,-10,8,13,0,26,3,32,-6,-9,7,18,-1,21,-3,23,4,-8,12,20,-4,27,5,22,0,-13,10,16,0,30,-1,27,0,-8,8,18,0,24,-2,23,-1,-7,10,18,0,24,1,24
19.3800,-1,-4,10,13,1,21,-3,26,-2,-4,9,11,-1,24,0,20,0,-6,5,16,-1,28,1,31,0,-4,6,13,-2,23,-4,24,4,-5,7,14,-6,25,1,21,-1,-11,9,18,-3,31,2,19,-2,-8,9,23,-3,21,3,25,-2,-10,12,14,-3,26,3,18
19.4000,-1,-8,9,13,6,24,-1,27,0,-9,10,15,0,19,2,20,-1,-7,11,16,-3,27,1,28,-4,-6,8,18,0,19,-4,20,2,-9,8,12,-3,26,4,25,-2,-10,9,18,-2,30,2,19,2,-8,5,26,-7,24,4,22,-1,-12,6,17,-3,25,3,22
19.4200,-1,-4,9,12,2,22,-2,27,-6,-2,11,13,2,21,-1,23,0,-6,5,13,1,27,-1,27,-3,-9,11,16,1,24,-6,25,3,-8,10,17,-4,21,4,18,-2,-14,10,13,-3,24,1,24,-4,-10,8,24,-3,25,1,27,2,-9,6,14,-7,25,5,27
19.4400,-1,-6,7,11,3,24,0,24,-3,-4,9,13,-5,15,4,20,2,-8,12,14,-3,31,-1,29,-2,-13,6,11,-3,21,-2,23,4,-7,11,14,-6,24,4,24,3,-13,9,19,-3,32,1,27,0,-8,5,21,-1,24,2,27,4,-11,5,12,-4,24,3,24
19.4600,-2,-4,7,12,4,28,-1,27,-4,1,8,19,-1,18,-1,22,-1,-5,9,13,-3,25,5,27,-1,-7,9,19,-1,24,-5,22,2,-4,9,10,-5,25,4,21,-1,-10,8,15,1,26,-7,26,0,-11,5,24,-2,28,2,21,-4,-10,8,16,2,25,4,25
19.4800,-4,-6,9,11,3,25,-2,25,-1,-1,10,15,-1,20,4,20,-2,-6,9,14,-2,27,1,31,-4,-8,9,12,-1,21,-2,23,2,-7,8,10,-3,26,-1,24,-2,-15,7,19,-2,29,4,22,5,-6,3,22,-2,24,1,24,0,-6,5,16,-2,23,4,22
19.5000,-2,-7,7,13,1,23,-2,24,0,-3,10,16,3,20,1,19,-3,-10,7,15,3,25,-1,28,-1,-5,10,15,0,26,-4,22,1,-3,11,13,-1,26,7,24,-2,-12,10,16,-1,25,3,24,-1,-12,9,20,-2,26,3,23,-1,-9,9,15,-1,23,2,20
19.5200,-7,-9,8,16,4,28,2,25,1,-6,11,7,2,18,-1,18,0,-10,6,17,1,27,-2,31,-2,-9,7,15,2,21,-8,27,2,-5,12,14,-7,27,2,25,-2,-16,9,13,-2,27,1,21,-3,-13,7,24,-3,27,5,22,-1,-6,10,18,-2,27,2,19
19.5400,-7,-9,11,16,6,21,6,25,-1,-4,13,15,2,19,2,24,-5,-10,7,22,-1,26,-2,33,-1,-10,6,17,-2,24,-6,21,5,-3,7,14,-5,31,4,21,-1,-13,8,14,-2,32,-3,24,0,-10,7,22,-3,29,-1,23,1,-5,6,15,-1,23,4,22
19.5600,-3,-6,9,13,8,24,2,23,3,-8,11,10,-2,19,2,23,-3,-9,7,17,-5,28,9,32,1,-10,11,15,2,27,-7,26,2,-5,8,10,-9,26,0,25,-3,-8,8,16,-1,27,-1,20,-3,-10,8,21,-6,29,3,20,2,-11,16,15,-1,23,5,24
19.5800,1,-6,11,13,2,21,1,25,1,-5,12,13,0,17,2,22,-3,-8,11,17,2,24,4,34,3,-7,9,10,-1,23,-7,28,4,-3,4,13,-5,26,1,24,-3,-11,10,17,-2,29,4,26,-4,-5,8,24,-4,27,1,23,-5,-7,10,18,1,27,0,22
19.6000,-1,-10,12,13,4,22,3,24,0,-3,14,15,1,19,6,26,-1,-9,9,18,0,25,-2,34,0,-8,15,16,-1,22,-7,25,6,-3,7,13,-1,26,3,27,-1,-12,7,17,-5,25,4,28,-1,-6,12,26,-8,21,7,24,-4,-5,7,17,-3,24,1,22
19.6200,-6,-7,15,14,7,23,0,22,-4,-6,14,14,1,16,-1,23,-2,-6,11,14,1,25,5,29,-2,-9,10,12,3,23,-6,21,2,-3,10,14,-5,24,5,20,-1,-15,11,12,0,31,-4,25,2,-7,8,19,-4,29,1,25,-6,-8,13,15,0,23,3,21
19.6400,-3,-3,12,13,4,19,-1,24,-2,-5,10,15,2,17,-2,21,-2,-3,10,19,0,26,1,30,-2,-10,5,17,0,25,-8,26,1,-6,7,12,-5,28,3,19,-7,-17,10,13,3,25,-2,22,-3,-2,7,20,-4,28,5,21,0,-10,6,16,-3,26,5,21
19.6600,-3,-9,11,15,5,25,3,25,-3,-8,9,13,2,19,-4,26,-5,-12,13,17,-4,24,1,34,-3,-10,10,13,2,19,-7,26,2,-11,7,12,-5,25,6,21,-4,-12,11,14,-4,23,0,23,-3,0,5,22,1,27,4,25,-3,-1,15,11,-2,27,4,23
19.6800,-1,-10,12,10,5,24,4,29,0,-6,7,17,2,15,0,26,-5,-4,13,14,-4,27,1,32,2,-12,10,15,-1,25,-4,26,5,-5,10,12,-6,28,2,22,1,-16,11,12,-1,25,-1,24,-1,-6,10,24,-3,23,6,23,0,-7,9,14,-1,31,1,21
19.7000,-5,-12,13,14,1,27,4,26,-3,-4,8,14,0,19,1,24,-2,-7,9,17,-1,24,4,30,-1,-10,6,10,-2,21,-6,29,0,-7,17,14,-3,27,1,20,-2,-14,14,13,-3,26,-3,25,3,-2,8,25,-6,27,0,27,-1,-6,8,15,-3,23,1,21
19.7200,0,-9,10,10,4,25,1,21,2,-5,9,13,-4,19,2,21,2,-9,8,18,-2,26,2,33,-6,-10,12,14,1,22,-6,23,1,-2,10,14,-2,27,3,25,1,-14,13,14,-6,29,-2,26,-3,-3,11,21,-5,25,2,25,-4,-5,12,14,-3,23,5,22
19.7400,-5,-5,10,12,3,20,0,25,-1,-9,12,16,1,20,-5,26,0,-8,12,14,-1,26,1,30,-2,-8,13,15,4,25,-6,26,0,-9,12,13,-5,26,4,24,-3,-14,12,13,-3,28,0,22,-1,-7,10,26,-5,25,7,26,1,-6,8,16,-2,25,2,23
19.7600,2,-10,14,14,3,27,0,25,2,-8,8,13,2,20,-4,25,-1,-8,8,18,0,27,2,32,-3,-8,13,13,2,25,-3,23,4,-3,9,12,-6,29,1,26,-1,-16,12,11,-3,28,1,25,1,-9,10,22,-1,23,2,23,-1,-6,10,16,-2,26,5,24
19.7800,-6,-1,12,14,5,24,0,24,-2,-7,7,18,-1,19,1,21,0,-6,10,10,2,27,5,32,-4,-10,10,14,-1,24,-6,25,-1,-3,13,12,-4,26,4,23,-1,-15,6,15,-1,31,1,22,-2,-7,9,22,-5,29,6,25,1,-9,10,12,-5,28,4,28
19.8000,-3,-9,11,22,6,24,2,26,-5,-9,8,15,-1,19,-1,25,0,-4,7,15,0,24,5,33,3,-6,15,14,0,23,-2,26,4,-2,10,19,-5,31,7,24,-3,-10,13,13,0,25,0,26,2,-5,10,29,-1,30,3,23,2,-3,8,15,-4,28,8,28
19.8200,-3,-6,13,14,4,23,-3,24,-1,-5,13,15,-2,18,3,22,-2,-4,10,10,-2,23,3,34,1,-12,13,17,-2,25,-12,30,6,-4,13,18,-3,25,2,23,-4,-11,13,14,-4,30,0,22,0,0,13,27,-3,25,4,25,-6,-8,11,20,-6,26,2,26
19.8400,-2,-10,13,12,5,23,4,24,0,-7,9,18,-2,15,-3,22,3,-9,13,14,-2,29,1,34,-1,-10,8,12,-6,25,-2,23,5,-6,13,17,-2,29,-1,23,-5,-12,12,11,-8,28,-3,25,3,-5,16,26,-1,25,1,23,-1,-6,8,10,-1,26,1,24
19.8600,-1,-10,10,21,4,26,1,24,1,-1,8,18,1,18,-1,25,0,-4,11,14,-3,28,4,30,4,-11,10,18,-4,25,-4,29,-1,-2,8,16,-7,25,4,23,-4,-14,12,8,0,26,1,22,1,-5,7,25,-3,31,8,21,1,-7,14,12,-1,26,2,22
19.8800,-2,-9,14,19,6,23,2,24,-4,-3,8,17,-3,16,-2,24,-1,-9,8,17,-2,27,1,32,-1,-4,11,13,-3,24,-5,23,4,-4,9,16,-6,30,0,27,0,-11,8,17,-4,31,-4,29,-1,-4,8,22,-2,25,4,24,0,-4,12,12,-4,28,2,24
19.9000,-4,-10,13,18,1,21,-1,23,-9,-6,11,19,-1,17,-2,26,-3,-8,8,15,0,27,-4,32,-2,-11,14,13,-2,26,-5,26,4,-4,12,18,-3,29,8,26,-7,-13,10,16,-4,32,4,24,1,-5,12,22,-3,30,4,24,-1,-8,11,18,-2,30,4,24
19.9200,-4,-8,6,17,6,25,-3,27,-3,-5,12,17,2,19,-1,27,0,-9,12,15,-1,25,1,30,-2,-4,12,17,-4,26,-7,25,4,-5,13,13,-4,26,3,19,0,-10,9,15,-2,26,0,23,1,-4,10,24,-1,30,-1,30,-3,-4,11,17,1,28,2,25
19.9400,-1,-7,10,14,4,24,5,24,-1,2,12,16,-4,18,-1,26,3,-9,10,16,-1,28,1,30,1,-12,9,12,-7,26,-6,22,4,-7,12,19,-3,28,5,23,0,-17,15,9,-2,27,3,25,0,-7,6,20,-3,25,4,24,-3,-9,11,14,-4,28,-3,25
19.9600,-2,-9,12,15,3,28,3,24,-1,-5,9,13,-1,22,-1,28,-4,-8,12,18,-5,31,5,31,-2,-7,13,17,-4,25,-1,20,3,-6,10,17,-4,30,2,24,-3,-14,9,12,0,31,1,24,2,-3,8,21,-5,32,2,24,-1,-6,10,15,-6,24,6,21
19.9800,0,-10,12,13,4,25,1,25,-4,-4,13,18,-3,21,1,24,-4,-8,12,14,0,26,2,30,2,-13,12,16,-1,24,-6,26,3,-3,14,17,0,27,3,23,0,-17,10,15,-2,26,-5,24,-3,-7,2,20,-3,25,-2,27,-3,-7,8,16,-6,28,0,25
20.0000,-8,-6,8,20,7,24,2,25,-2,0,8,10,-7,21,0,26,-2,-8,12,17,0,30,1,31,1,-6,9,17,-3,25,-3,25,6,-7,11,15,-5,28,-3,21,1,-15,10,16,0,25,-2,24,1,-7,10,16,-7,28,3,23,-4,-8,13,14,1,27,6,27
20.0200,-1,-10,12,18,1,25,7,26,-2,-3,15,15,-5,18,1,23,-3,-12,10,14,-3,26,2,31,4,-9,13,10,-3,21,-8,25,4,-7,13,11,-7,31,3,23,-2,-10,9,16,-2,28,2,24,0,-6,5,22,-4,26,-2,23,-2,-10,12,14,0,26,-1,23
20.0400,-8,-11,14,18,0,23,-1,23,-4,-6,15,16,1,21,1,21,-5,-12,10,16,-6,29,1,33,-3,-12,11,17,-3,25,-7,27,5,-6,13,15,-5,25,2,26,-4,-13,8,15,-2,29,-1,23,-3,-5,12,23,-6,26,3,24,-2,-8,10,13,-2,28,-1,23
20.0600,-2,-11,11,15,6,26,6,28,-3,-6,13,11,-4,15,-3,27,-6,-8,16,13,0,28,2,28,2,-8,9,17,-4,24,-3,22,3,-9,14,17,-4,27,3,22,-2,-14,10,19,0,31,-1,25,-1,-11,7,15,-5,29,3,26,0,-12,13,15,-4,26,3,24
20.0800,-6,-7,10,15,5,27,0,25,-3,-7,11,15,-5,18,5,28,-2,-11,15,13,-7,29,1,30,6,-9,9,19,-1,26,-3,23,0,-6,17,17,-3,26,-1,22,-2,-11,10,16,-2,32,0,25,3,-10,13,14,-4,31,0,28,-3,-13,8,15,0,30,1,28
20.1000,-5,-5,13,10,2,25,3,26,-2,-6,10,13,-2,19,-3,26,-3,-8,11,21,-3,25,0,31,1,-8,14,19,2,26,-3,27,2,-7,11,16,-2,25,0,24,1,-12,7,16,-7,30,2,24,0,-8,11,20,-3,30,3,27,-2,-8,13,16,-4,27,3,24
20.1200,-5,-12,13,17,5,27,0,30,-3,-6,10,15,-3,18,0,25,-4,-7,12,18,-3,30,2,29,0,-6,12,14,-4,26,-7,27,4,-7,15,20,-1,25,3,20,3,-11,12,15,-1,30,2,26,-1,-10,8,19,-1,28,-1,26,-3,-11,11,12,-2,32,0,24
20.1400,-4,-5,12,17,3,27,4,29,2,-2,16,14,-1,21,-2,25,-3,-12,10,18,-2,30,5,32,0,-5,14,22,-3,23,-4,25,3,-6,12,14,-5,28,1,21,2,-12,13,16,-2,34,1,26,-1,-8,9,18,-1,24,-1,24,3,-11,13,12,-3,31,-1,21
20.1600,0,-9,10,17,2,25,3,27,-2,-3,11,17,-1,25,4,23,0,-10,10,20,-2,30,-2,32,3,-6,14,17,0,28,-5,23,0,-7,10,15,-5,29,3,22,-1,-8,9,16,2,30,-1,24,-2,-12,11,20,-3,29,2,23,0,-11,13,11,-2,25,3,27
20.1800,2,-9,12,19,4,27,3,25,0,-3,16,12,-2,19,-1,25,-7,-6,12,15,-1,32,2,33,-3,-7,18,15,0,22,-8,22,1,-7,12,13,-5,28,3,21,0,-10,16,15,-3,32,7,24,-2,-8,14,24,0,27,4,25,-4,-6,13,18,1,29,3,25
20.2000,-4,-9,11,13,4,23,-2,26,-1,-6,12,12,0,22,3,25,-5,-5,14,20,-6,27,3,27,1,-8,13,15,-4,27,-7,24,1,-6,8,12,-7,30,-4,22,-5,-10,14,17,-3,31,5,25,-1,-8,13,18,-4,25,3,21,0,-9,11,16,-3,26,5,24
20.2200,-7,-10,16,16,5,24,2,24,-2,-4,12,13,-3,22,0,21,-4,-9,11,16,-2,24,-5,31,-1,-10,13,12,-2,28,-5,28,4,-7,10,17,-7,27,5,24,-6,-8,10,20,-3,33,3,24,2,-11,15,20,-4,28,2,24,-2,-10,12,19,-1,26,4,27
20.2400,-1,-11,10,17,3,26,0,24,-10,-6,12,14,2,21,4,27,-2,-11,12,16,0,26,2,35,2,-8,12,17,-3,25,-6,22,-1,-7,15,15,-6,28,1,22,-1,-10,12,17,0,30,1,25,-2,-10,12,19,-3,28,-2,26,-3,-10,14,16,-2,24,1,25
20.2600,-3,-9,13,18,4,24,7,25,-4,-5,13,16,-3,18,4,25,-4,-7,10,13,-3,24,4,33,-1,-5,12,18,-1,25,-1,25,-1,-6,12,14,-6,28,1,24,-2,-10,15,19,0,30,3,27,-5,-10,3,22,0,31,1,23,-2,-7,10,17,1,31,4,26
20.2800,-2,-6,11,16,2,28,3,21,-8,-10,12,10,-2,21,2,27,-4,-10,17,17,-2,26,3,31,-2,-5,12,18,0,26,-7,25,9,-11,16,13,-5,29,5,21,1,-11,11,18,1,29,0,29,-4,-8,12,21,3,27,-3,25,-3,-9,12,12,-3,27,6,22
20.3000,-3,-4,15,12,3,25,4,22,0,-11,14,16,-2,22,0,25,-5,-8,15,14,-6,28,3,32,5,-9,12,21,1,26,1,30,-1,-11,9,19,-6,30,2,22,1,-11,12,18,-4,31,1,31,-8,-13,7,23,-6,28,-4,26,-3,-10,10,19,0,26,-1,22
20.3200,-6,-11,15,16,2,24,4,33,0,-9,11,15,1,19,-3,31,-7,-9,14,16,-2,25,1,33,-6,-9,17,15,-5,28,-7,25,2,-7,14,15,-7,26,-4,22,-2,-11,12,12,-3,31,1,27,-1,-14,11,23,0,29,-1,27,5,-8,16,16,-6,31,5,27
20.3400,0,-8,14,17,6,27,2,22,-4,-3,13,16,0,22,4,27,-7,-8,14,15,-2,29,0,31,1,-13,10,15,-1,25,-7,25,1,-8,13,16,-2,25,0,21,5,-12,11,18,0,34,2,30,0,-10,12,24,-4,28,0,29,2,-6,16,15,-4,29,-1,24
20.3600,-3,-8,13,16,-2,30,4,26,-1,-6,14,19,-3,25,5,26,-5,-8,11,12,-6,28,1,34,0,-6,13,19,-4,29,-3,26,1,-13,13,16,-2,33,2,19,0,-10,16,20,-4,28,2,25,2,-7,14,22,-1,28,4,33,0,-9,17,16,-6,28,0,28
20.3800,-5,-7,11,11,0,27,4,28,-7,-8,16,16,1,27,3,28,1,-11,15,17,1,26,4,30,0,-6,12,14,-3,26,-4,23,2,-7,11,14,-6,31,0,22,0,-9,14,17,-6,33,5,25,2,-8,10,21,-3,24,4,28,-2,-11,17,20,-4,27,2,26
20.4000,-3,-9,10,15,1,24,1,31,-4,-6,13,14,-2,25,1,25,-3,-12,14,14,-2,30,2,35,0,-8,12,12,-4,26,-5,30,1,-5,16,16,-3,32,2,23,-5,-11,14,20,-1,28,5,28,1,-9,11,23,-4,27,2,26,-7,-9,12,14,-4,29,3,28
20.4200,-5,-8,11,14,2,26,1,26,-4,-6,11,16,0,25,1,22,-4,-12,11,16,0,26,3,31,2,-9,15,20,-3,29,-2,30,0,-8,12,19,-5,31,2,21,0,-12,17,15,0,33,6,28,0,-8,18,20,-5,27,1,25,-3,-7,12,16,-4,26,5,24
20.4400,-3,-9,11,15,4,26,1,25,-3,-7,13,15,-1,23,2,29,-2,-8,12,15,-3,29,2,34,-1,-10,15,16,-2,30,-4,29,4,-5,10,17,-1,34,3,24,3,-7,9,13,-6,34,3,25,-5,-13,14,24,-2,31,2,29,-1,-10,14,15,-4,29,0,26
20.4600,-4,-13,10,15,2,28,1,27,-4,-6,10,18,0,26,2,23,-8,-10,14,18,2,28,-4,36,-2,-9,13,14,-4,29,-4,30,4,-10,12,16,-5,31,2,23,-2,-10,16,15,-2,30,4,28,1,-9,13,19,1,29,5,27,2,-7,15,14,-3,32,2,23
20.4800,-4,-11,16,17,1,25,0,27,-1,-9,11,15,-1,21,1,25,-3,-8,11,14,-6,27,5,33,1,-9,17,11,-3,23,-4,27,2,-9,11,15,-4,31,2,27,-1,-12,13,16,1,30,1,27,3,-11,12,22,0,24,3,24,-4,-9,17,14,-6,31,0,22
20.5000,-2,-6,16,13,0,27,3,27,-4,-6,13,18,1,25,-3,24,-6,-3,13,12,-3,30,2,32,2,-7,15,14,0,26,-3,25,2,-6,12,14,-1,29,2,25,2,-7,13,17,-4,29,-1,27,-2,-9,12,20,1,25,2,27,0,-7,9,15,-7,27,3,22
20.5200,0,-11,13,14,1,27,4,26,-8,-6,14,16,-1,21,-4,26,0,-7,17,17,-4,27,-3,33,-2,-11,15,15,-3,26,-4,28,3,-11,14,14,-3,31,1,25,-4,-13,15,13,-3,28,2,26,2,-8,15,24,0,26,2,27,-1,-9,13,17,-4,25,5,27
20.5400,-5,-9,14,18,1,26,4,25,-2,0,14,16,-3,21,1,31,0,-5,11,19,-4,29,2,34,-3,-8,15,12,-4,26,-5,28,0,-8,12,18,-4,37,-3,23,2,-11,13,14,-4,34,7,27,1,-4,13,26,-8,30,6,27,-2,-9,10,18,-7,30,2,22
20.5600,-5,-11,15,14,-2,24,4,28,0,-7,14,15,-1,20,3,26,-2,-8,12,18,-6,27,0,31,0,-8,18,13,-3,30,-4,24,6,-11,11,14,-4,30,2,25,5,-15,11,14,-1,33,2,26,-3,-8,15,23,-6,26,3,25,3,-9,15,13,-3,32,0,25
20.5800,-1,-12,15,15,2,26,-1,25,-4,-9,14,19,4,20,3,27,-5,-6,13,13,-6,31,2,32,3,-7,11,14,-2,29,-3,28,2,-10,10,20,0,36,2,22,1,-10,12,14,-3,32,5,24,-4,-11,13,16,-6,32,5,28,-2,-6,13,19,-1,30,5,27
20.6000,-10,-9,14,16,0,28,4,27,-3,-6,15,18,0,17,3,28,-2,-10,14,11,-4,27,6,32,1,-6,11,15,-9,26,-6,29,5,-11,13,14,-4,30,0,25,1,-15,14,19,-2,28,6,25,-1,-4,18,20,-6,27,2,25,1,-8,12,14,0,32,0,31
20.6200,-6,-8,15,18,3,28,5,27,-4,-11,9,15,-3,20,0,24,-6,-11,16,16,-6,32,0,35,-1,-7,13,15,-5,28,-3,22,3,-9,16,12,-4,34,1,23,0,-9,16,19,0,29,4,26,-3,-8,17,19,-4,28,5,24,-6,-8,12,12,-4,29,4,27
20.6400,-4,-11,14,16,4,25,3,25,-2,-4,15,17,-2,22,6,29,-4,-9,13,16,-6,27,3,33,-3,-4,14,13,-6,27,-1,26,2,-9,11,13,-5,33,-3,26,0,-10,13,17,1,33,6,29,-1,-8,14,20,-1,25,7,23,-2,-8,12,17,0,32,2,26
20.6600,-2,-15,15,14,3,25,5,19,-2,-3,15,14,4,28,2,26,-1,-12,10,18,-5,28,0,33,-2,-9,12,13,-1,27,-5,28,7,-11,15,18,-6,26,3,27,1,-10,18,17,-3,33,2,32,0,-9,16,21,-3,28,0,25,-4,-7,15,15,-4,31,-1,25
20.6800,-4,-12,17,17,-2,27,5,25,-1,-4,16,18,-1,25,2,26,-6,-11,13,15,-1,28,2,34,1,-11,16,17,-7,32,-4,22,3,-4,11,18,-10,36,2,25,-2,-8,13,12,-5,29,3,24,-1,-10,13,20,-3,30,8,23,-2,-7,16,17,-2,33,5,25
20.7000,-3,-10,13,13,2,26,3,22,-4,-5,11,15,2,26,2,28,-6,-7,15,17,-4,27,-2,32,2,-11,15,16,-5,27,-2,22,0,-5,11,14,-4,28,-3,24,2,-10,15,12,-4,33,2,26,-2,-7,9,22,-2,27,5,22,-4,-5,16,13,2,31,4,25
20.7200,-2,-8,14,15,4,25,2,24,-4,-4,16,18,1,22,1,24,-3,-5,12,13,-2,30,2,29,-4,-11,19,13,-3,30,-6,28,4,-7,14,16,-2,31,-1,25,-1,-8,13,15,0,29,-1,25,-2,-5,17,19,-1,30,2,23,0,-4,13,15,2,29,3,29
20.7400,-3,-13,13,15,0,25,5,26,-1,-5,12,15,0,24,2,30,-1,-5,14,12,-5,27,-2,30,4,-4,15,13,-2,29,-7,27,1,-12,15,17,-2,35,-1,21,-1,-9,13,14,-3,32,-2,30,-3,-8,15,17,-4,25,3,27,0,-9,14,11,3,28,3,25
20.7600,2,-10,17,17,1,24,6,25,-4,-7,17,14,-2,22,0,27,-6,-8,16,11,-4,25,0,31,1,-12,18,16,-4,31,-1,26,1,-9,14,15,-3,32,1,25,-2,-10,13,13,-7,35,2,21,-2,-6,16,22,-4,26,-1,22,-6,-7,10,18,-6,28,1,25
20.7800,-5,-9,17,14,2,25,4,27,-5,-7,11,16,1,23,4,27,-7,-5,16,12,-2,29,1,33,0,-7,15,14,-5,26,-4,26,7,-10,18,18,-6,29,2,25,-2,-14,17,15,-1,30,2,27,0,-10,17,17,0,25,3,27,-1,-5,13,16,-3,29,4,24
20.8000,-4,-9,16,17,2,27,4,20,-6,-6,13,14,-2,22,-1,25,-4,-11,14,16,-5,27,-2,34,4,-11,15,12,-7,35,-1,22,1,-8,16,16,-4,31,4,22,-2,-17,13,15,-7,30,1,23,-2,-8,12,20,-2,29,-1,26,-7,-10,13,13,-4,29,2,29
20.8200,-2,-11,13,14,2,22,7,22,-2,-5,12,18,0,25,1,27,-3,-11,12,14,-4,29,4,32,-2,-7,16,16,-2,34,-1,27,1,-8,10,14,-3,34,2,26,1,-8,13,17,-6,35,4,23,3,-6,17,24,-5,30,3,24,-4,-12,15,19,-5,28,4,26
20.8400,-4,-13,9,11,2,27,4,24,-6,-4,17,14,0,19,3,25,-6,-6,16,14,-2,28,-2,32,-1,-11,17,16,-6,33,-2,29,0,-10,14,15,-3,32,0,24,2,-9,14,19,-5,31,1,28,0,-10,14,19,-5,29,3,26,-1,-9,13,14,-3,28,2,26
20.8600,-2,-10,13,15,0,28,5,28,-9,-7,17,18,1,22,3,24,-6,-10,16,13,-1,33,0,32,-2,-12,17,13,-3,31,0,31,6,-11,18,15,-6,34,3,26,4,-14,16,16,-5,31,1,27,-2,-7,17,17,-3,33,4,21,-3,-9,14,12,-1,30,6,25
20.8800,1,-15,13,11,0,30,2,26,-8,-7,17,17,1,23,-2,27,-2,-9,17,18,-1,33,3,38,1,-11,20,14,-8,34,-3,28,-4,-10,11,12,-6,33,1,27,0,-13,12,17,-2,33,7,24,-2,-13,12,19,-2,30,-3,24,-1,-13,19,12,-9,29,-1,25
20.9000,-6,-10,13,16,2,30,2,23,-5,-8,15,17,3,26,8,24,-4,-10,19,17,-2,28,2,38,-1,-2,15,17,-3,31,-1,24,2,-7,13,14,-5,33,1,22,1,-14,20,14,-2,30,2,20,-5,-6,13,17,-4,33,2,25,-4,-10,15,19,-1,29,-1,26
20.9200,-6,-14,17,15,2,28,4,25,-6,-7,18,14,-1,24,4,26,-3,-7,17,15,-5,31,6,30,1,-10,11,16,-5,31,-2,25,-2,-12,16,12,-1,37,-1,25,-1,-11,13,13,-1,33,0,28,-1,-10,10,24,-5,28,6,24,-4,-5,13,18,-4,32,6,29
20.9400,0,-12,15,16,2,27,6,24,-6,-8,15,17,1,28,3,23,3,-6,15,11,-3,31,2,31,-1,-8,15,19,-6,30,-4,23,-4,-8,15,13,-4,31,8,29,-5,-11,16,16,-4,30,2,26,-3,-13,17,21,-4,35,3,25,-4,-10,18,12,-3,35,4,24
20.9600,-5,-10,19,15,5,32,3,26,-4,-10,15,15,-1,18,2,28,-2,-10,19,13,-5,26,4,35,2,-8,16,16,-6,33,-3,23,3,-7,15,10,-6,29,1,28,0,-11,13,12,6,32,-2,26,-2,-7,18,24,-7,37,0,24,-2,-7,9,11,-3,32,1,22
20.9800,-2,-10,15,13,2,32,4,25,-6,-7,18,17,-2,22,3,27,-2,-11,13,16,-5,27,3,33,-3,-6,12,16,-2,25,-7,27,6,-12,16,14,-6,30,5,27,0,-11,14,10,2,35,4,25,0,-10,13,23,-7,32,0,25,-1,-6,15,15,-4,35,5,28
21.0000,-5,-9,19,15,1,32,4,24,-5,-7,12,14,0,20,2,25,-3,-6,13,15,-2,29,4,31,-1,-11,13,16,-3,28,-6,27,3,-12,15,13,-6,31,1,23,-6,-10,13,16,-5,33,1,24,-3,-9,14,19,-7,30,-2,29,-6,-7,15,16,-1,32,3,25
21.0200,0,-12,17,14,3,27,8,24,-7,-7,15,11,-3,25,1,25,-8,-7,18,13,-1,30,0,31,-1,-9,20,16,-6,29,-4,28,7,-3,13,11,-6,33,1,20,0,-12,14,17,-4,34,7,24,-1,-13,14,18,-1,35,3,24,-7,-9,15,16,2,32,4,25
21.0400,-3,-9,12,15,0,31,8,24,-3,-8,14,14,0,27,-2,26,-7,-6,20,14,3,33,4,30,-1,-5,14,13,-7,28,-2,25,5,-6,17,10,-6,31,0,23,-7,-14,16,16,-4,35,3,24,-1,-8,16,24,-1,32,-1,26,-3,-10,15,19,-6,30,4,25
21.0600,-4,-14,18,10,3,28,9,24,-5,-7,13,13,-5,21,2,27,-3,-7,17,15,-5,30,3,35,-1,-11,15,14,-4,28,-6,30,4,-9,13,16,-3,34,5,25,-4,-10,18,16,-2,34,2,26,-5,-11,14,20,0,33,2,29,-2,-6,16,16,-2,34,2,30
21.0800,-2,-13,15,12,-1,30,3,26,-1,-4,13,13,-1,22,2,23,-5,-10,18,14,-7,33,3,32,-1,-6,16,12,-5,30,-6,26,-2,-8,17,15,-6,30,5,22,-1,-13,23,14,-5,29,2,22,0,-7,18,20,-6,33,4,29,-3,-11,14,17,-5,33,7,24
21.1000,-7,-16,16,12,2,27,7,29,-5,-5,14,15,-2,21,6,25,-6,-4,12,20,-1,34,5,32,-3,-8,11,20,-5,34,-6,22,5,-6,17,12,-3,31,6,26,-3,-13,13,16,-3,33,0,26,-5,-6,13,22,-4,33,1,27,-3,-13,10,13,-4,34,5,27
21.1200,-5,-8,17,13,5,29,7,24,-10,-6,18,17,2,26,3,23,-10,-6,16,20,-2,30,0,33,-4,-8,17,13,-6,30,-8,34,2,-5,11,13,-4,33,-1,26,1,-11,18,16,-3,35,4,23,-5,-12,9,16,-9,34,5,28,-8,-6,15,13,-6,31,1,27
21.1400,-4,-11,11,17,1,29,4,23,-7,-8,18,14,-1,23,1,24,-10,-9,16,14,-5,30,-3,31,-2,-8,17,13,-6,31,-4,30,2,-5,17,18,-3,33,7,26,-5,-8,17,20,-4,29,5,25,-6,-10,16,16,-4,28,2,24,-5,-6,15,16,-6,34,-1,24
21.1600,-5,-10,17,18,3,26,5,29,-6,-9,17,15,-4,21,0,31,-5,-7,17,15,-5,31,6,35,-5,-5,14,14,-4,30,-3,21,3,-6,16,15,-1,34,0,26,1,-11,13,14,-2,33,-4,28,-6,-9,16,19,-5,34,6,28,-6,-10,12,13,-4,31,5,26
21.1800,-4,-9,17,14,2,29,9,30,-7,-12,19,13,-4,17,3,27,0,-11,15,17,-7,34,0,32,-1,-7,19,14,-7,31,-8,25,4,-8,17,13,-5,33,2,19,-5,-10,16,18,-3,33,6,24,-5,-6,20,22,-4,32,0,24,-1,-8,17,13,0,31,2,26
21.2000,-5,-9,14,14,1,31,6,24,-4,-7,18,14,0,24,-2,26,-7,-8,15,16,-6,35,3,34,-1,-8,17,17,-9,32,-7,27,-1,-9,16,18,-4,35,-1,21,1,-16,18,14,-3,34,7,22,-7,-9,14,21,-4,36,2,29,-5,-9,16,17,-4,34,6,30
21.2200,-6,-15,17,13,4,30,8,29,-6,-9,14,12,-3,24,1,26,-8,-8,11,14,-2,33,3,32,-1,-9,17,13,-9,31,-5,26,2,-9,17,14,2,32,-1,27,-5,-9,21,16,-2,35,1,28,-5,-10,14,23,-1,33,6,25,-2,-11,18,19,-4,35,2,24
21.2400,-3,-13,16,16,3,31,5,28,-7,-8,14,13,-2,23,4,28,-4,-11,11,12,-3,28,-1,36,2,-8,23,16,-5,26,-5,26,1,-8,19,11,-4,35,3,25,-5,-12,16,19,-2,34,-1,27,-1,-7,16,21,-3,36,1,24,-3,-5,14,17,-4,33,-1,26
21.2600,-4,-10,14,16,0,28,8,27,-7,-6,18,15,-4,22,-5,28,-8,-10,15,14,-5,28,7,36,-1,-6,12,16,-6,29,-1,31,2,-7,19,13,1,30,2,28,-3,-16,16,17,-7,38,2,27,-4,-6,17,20,-6,35,6,27,-6,-9,15,14,-3,31,1,29
21.2800,-3,-11,14,11,3,29,9,25,-6,-3,20,14,1,22,4,30,-7,-5,17,14,-1,30,1,32,-3,-9,17,14,-7,32,-8,28,3,-6,20,17,-4,37,-2,22,-6,-14,16,16,-6,31,4,24,-8,-7,16,18,-7,34,1,27,-1,-6,16,12,-1,31,3,25
21.3000,-5,-9,16,12,1,33,6,28,-5,-3,16,13,-3,24,1,29,-6,-5,16,15,-5,36,4,36,-3,-6,13,15,-8,33,-8,29,5,-12,17,11,-4,32,2,27,-7,-8,21,14,-6,34,1,24,-6,-7,18,24,-2,32,3,27,0,-4,16,13,-3,31,5,27
21.3200,-4,-11,16,17,4,33,8,26,-6,-10,17,13,-1,25,2,31,-6,-7,16,14,-3,32,4,36,-2,-4,18,12,-7,31,-7,27,4,-12,13,20,-5,34,4,20,-3,-13,22,16,-3,33,5,24,-1,-12,12,21,-1,34,10,26,2,-9,14,15,-9,26,1,27
21.3400,0,-5,18,18,-4,31,10,27,-4,-9,15,14,-5,26,5,26,-3,-8,14,15,-2,31,2,39,3,-6,16,19,-3,33,-4,24,4,-5,18,20,-3,35,4,27,-4,-13,15,17,-1,30,5,23,-5,-12,14,23,-7,32,4,25,-2,-10,14,12,-5,30,3,30
21.3600,-2,-12,17,18,-1,31,9,23,-6,-6,20,10,-8,26,1,27,-6,-6,15,13,-3,32,1,34,-3,-9,14,16,-9,31,-4,26,3,-12,18,10,-3,35,2,26,0,-14,19,15,-3,34,5,22,-4,-9,14,22,-3,34,4,25,-5,-13,17,19,-8,38,5,27
21.3800,-5,-9,15,16,5,33,8,27,-7,-6,19,13,-2,25,2,31,-2,-5,19,15,-2,31,3,37,1,-11,19,15,-10,23,-9,28,-1,-6,15,15,-2,36,2,30,-2,-10,16,14,-6,30,2,26,-7,-5,12,22,-4,32,4,27,-1,-8,14,11,0,31,4,26
21.4000,1,-10,12,16,5,31,7,24,-4,-5,17,18,2,26,2,29,-9,-5,17,14,-4,34,2,34,0,-6,19,13,-9,28,-7,27,6,-10,14,15,-3,36,4,22,-4,-13,19,15,-5,35,1,26,-5,-9,15,17,-7,30,6,30,0,-10,16,14,-2,30,1,26
21.4200,-5,-12,14,15,6,30,7,27,-5,-5,16,12,-4,21,4,32,-4,-12,15,11,-4,32,7,37,-4,-4,14,13,-7,31,-8,27,4,-11,12,15,-3,40,3,29,-4,-13,19,15,-2,37,-1,29,-6,-3,15,20,-2,31,4,29,-9,-9,17,16,-5,34,3,28
21.4400,-4,-10,11,16,2,32,8,32,-5,-8,11,16,-4,23,4,27,-12,-8,20,14,-5,31,6,30,-1,-9,13,17,-8,32,-3,24,6,-6,12,17,-3,35,3,29,-4,-9,16,14,1,34,-3,24,-5,-5,25,17,-4,36,3,26,-4,-9,17,14,-5,34,6,29
21.4600,-6,-13,14,14,3,33,9,25,-5,-8,16,12,0,20,1,32,-8,-6,16,14,-5,36,2,36,0,-15,20,15,-11,29,-7,32,4,-7,14,14,-1,35,-2,25,-2,-12,17,11,-2,33,0,25,-2,-7,17,21,-1,32,7,25,-3,-6,15,17,-7,35,4,30
21.4800,1,-13,14,15,3,34,7,24,-6,-11,16,14,-1,22,-1,20,-6,-10,14,13,-3,34,3,36,1,-8,14,12,-12,30,-10,27,2,-7,19,12,2,33,1,30,-6,-10,20,12,0,32,0,25,0,-6,15,20,-4,31,1,27,-2,-11,14,11,-3,35,4,30
21.5000,-3,-9,16,13,5,31,6,24,-7,-11,16,17,-4,21,-2,27,-5,-10,11,11,-1,34,5,37,0,-12,17,13,-10,28,-4,25,0,-8,18,16,-1,36,0,23,-2,-17,20,15,1,35,5,19,-1,-10,15,23,-7,33,3,28,-3,-11,19,10,-4,36,0,30
21.5200,-1,-10,18,14,0,31,6,29,-4,-9,13,18,1,22,0,33,-2,-9,15,18,-5,32,5,38,-2,-9,20,17,-14,33,-7,27,6,-12,15,16,-4,37,2,29,0,-11,14,13,-4,32,5,25,-7,-9,14,18,-8,30,-2,27,-2,-13,15,15,-3,32,5,21
21.5400,1,-13,13,15,3,34,8,30,-3,-10,18,17,-4,24,4,29,-6,-10,19,16,-2,32,6,37,0,-9,20,16,-10,32,-3,26,8,-8,15,21,-10,31,3,27,-2,-15,17,14,-2,32,6,21,-6,-11,16,20,-7,34,2,29,-4,-9,18,18,-3,33,0,27
21.5600,0,-9,7,18,3,33,11,30,-7,-10,17,15,-5,30,5,29,-6,-5,18,12,-2,30,-2,36,-2,-8,15,18,-8,31,-5,26,2,-7,14,18,-5,38,4,30,-4,-12,15,13,-4,31,4,24,-3,-12,14,25,-2,34,6,25,-1,-9,15,15,-6,31,3,28
21.5800,-3,-12,15,15,3,34,9,25,-6,-10,18,18,-9,23,3,30,-6,-8,19,17,-4,32,4,36,-4,-5,16,16,-8,30,-7,29,7,-14,20,18,-5,36,3,25,3,-14,20,18,-3,35,1,24,0,-8,16,25,-5,34,2,28,-3,-7,19,17,-4,33,1,24
21.6000,-1,-12,16,17,3,30,9,27,-8,-9,16,15,-2,25,3,27,-7,-5,23,17,-2,34,0,34,3,-9,14,15,-7,30,-8,32,1,-13,15,15,-3,36,4,26,-2,-18,18,11,-1,34,0,25,-3,-9,17,22,1,30,3,26,-4,-10,16,15,-4,31,-1,27
21.6200,-2,-15,20,12,1,34,7,25,-2,-9,18,15,-3,25,0,35,-4,-6,17,14,-3,33,1,40,0,-8,17,18,-9,30,-7,25,7,-9,17,15,-6,33,1,24,-1,-15,19,13,-2,31,2,28,0,-11,20,22,-4,34,1,27,4,-10,18,13,-4,36,4,29
21.6400,-1,-9,15,16,5,28,10,27,0,-10,15,17,2,24,3,29,0,-7,12,16,-1,37,3,37,1,-11,15,16,-4,31,-4,28,6,-7,20,16,-2,36,3,25,-2,-13,21,15,-4,33,3,31,-1,-8,19,20,-6,36,4,32,-3,-7,15,18,-2,33,3,27
21.6600,-4,-14,20,15,3,34,5,29,-1,-9,15,11,-1,24,3,29,-3,-12,13,17,-3,31,5,33,-2,-8,21,15,-11,32,-9,31,5,-14,17,17,-2,32,1,26,-1,-13,18,15,1,31,-2,28,-3,-11,18,24,-1,33,2,23,-2,-13,17,13,-2,33,-4,29
21.6800,-2,-10,15,17,9,33,4,26,-4,-6,17,16,-4,27,2,29,-4,-11,16,18,-5,36,3,37,-5,-6,16,15,-5,37,-7,28,5,-10,9,11,0,37,0,29,-2,-12,16,20,0,34,5,25,-2,-12,18,21,-2,30,0,27,-3,-6,15,16,-3,38,-1,30
21.7000,-5,-14,12,13,11,32,7,30,-2,-10,19,12,1,25,3,30,-6,-5,18,15,-7,31,4,36,-1,-14,16,15,-7,34,-2,28,5,-6,16,16,-3,35,-3,27,-1,-15,18,16,5,32,1,28,-3,-14,17,19,0,33,1,25,-3,-8,21,13,-1,32,0,30
21.7200,-2,-12,11,17,8,34,8,30,-5,-10,18,17,-2,25,3,27,-7,-8,19,12,0,31,0,37,-3,-9,14,13,-12,34,1,27,6,-9,14,12,-5,38,-2,28,-8,-14,14,17,0,37,1,25,-4,-13,16,18,-1,32,2,27,-1,-9,18,17,-5,32,2,30
21.7400,0,-12,20,16,4,32,4,29,-6,-6,17,11,-2,20,3,29,-3,-6,14,15,0,33,1,35,0,-7,17,17,-7,32,-5,31,9,-8,14,11,-5,33,-2,29,-5,-16,17,17,0,36,6,23,-2,-10,19,23,-5,33,-1,25,-4,-7,17,17,0,34,4,24
21.7600,-3,-10,14,12,4,33,8,29,-5,-10,21,14,0,23,3,27,-4,-6,20,19,-4,31,0,37,-2,-7,20,18,-7,37,-5,28,5,-6,19,15,-7,31,1,30,2,-16,21,14,-2,37,3,25,-3,-13,20,18,-5,36,7,29,-4,-12,17,17,-1,31,1,26
21.7800,-4,-15,12,16,8,30,10,28,-7,-9,19,14,-3,22,0,27,-6,-9,20,15,-1,32,1,38,-5,-8,18,16,-6,30,-7,23,4,-8,19,13,-5,34,4,28,0,-10,17,15,0,34,-1,26,-4,-10,16,19,0,35,7,30,-1,-7,19,15,-2,34,0,28
21.8000,0,-14,17,16,6,33,4,29,-7,-7,19,14,-1,25,4,30,-2,-7,15,15,1,30,2,36,0,-9,18,15,-4,27,-6,28,9,-5,19,14,-8,35,3,30,-3,-12,17,14,-7,32,8,23,-3,-11,17,22,-6,31,-2,27,-1,-12,19,13,-7,42,3,27
21.8200,-8,-15,17,15,5,32,9,30,-8,-9,17,16,-5,26,-2,26,-4,-7,13,15,-4,31,2,32,-4,-10,12,14,-7,34,-5,28,5,-9,17,17,-2,38,1,27,-6,-15,19,14,0,29,3,25,-3,-11,17,19,-4,37,4,33,-3,-9,17,15,-4,35,5,26
21.8400,-2,-12,21,16,3,34,4,27,-4,-9,18,12,1,21,1,26,-1,-8,18,15,-5,32,3,39,-2,-10,14,12,-8,34,-7,28,0,-13,18,12,2,35,5,24,-8,-12,20,13,1,32,-2,21,-5,-7,17,19,-4,36,6,28,-8,-11,20,18,-3,36,3,26
21.8600,0,-10,19,18,2,32,6,27,-6,-10,15,15,-7,30,3,32,-4,-9,16,16,-1,35,0,33,-1,-6,19,13,-6,35,-5,28,5,-10,15,16,-2,37,2,26,-5,-14,19,14,-2,38,3,25,-2,-13,20,19,-5,32,3,28,-1,-10,14,13,-6,35,-2,30
21.8800,-5,-7,17,11,7,33,3,29,-8,-14,19,16,-2,25,4,28,-7,-10,19,10,-4,29,1,38,-3,-12,19,16,-8,32,-7,19,6,-10,18,11,-5,34,2,31,-6,-13,21,14,-4,38,0,24,-4,-8,20,21,-5,36,3,30,-2,-7,18,13,-6,35,2,27
21.9000,-3,-13,14,16,6,32,6,26,-7,-14,16,15,-7,27,0,31,-6,-7,19,13,-1,33,8,38,-4,-9,14,15,-5,34,-5,24,3,-8,19,10,-3,39,0,30,-6,-15,19,13,-2,35,-2,21,-6,-8,21,17,-2,37,4,31,-4,-10,21,22,-5,31,3,27
21.9200,-4,-9,15,14,3,34,8,29,-7,-7,17,13,-4,27,0,32,-8,-7,12,18,-3,30,3,36,-3,-7,17,13,-5,35,-4,26,3,-9,15,14,-2,32,1,25,-6,-12,17,13,-5,35,1,26,-3,-6,19,24,-2,34,2,28,-5,-8,18,13,-7,31,4,26
21.9400,-4,-15,19,15,2,37,8,33,-7,-11,14,16,-2,22,-1,29,-3,-9,16,14,-3,34,-1,36,-2,-9,21,15,-9,30,-7,22,3,-8,20,19,-1,37,-1,30,-4,-13,17,15,-2,37,0,30,0,-11,18,26,-2,35,3,29,-2,-11,15,17,-1,35,1,24
21.9600,1,-14,17,17,9,38,9,26,-7,-13,15,13,-7,29,4,31,-7,-9,22,18,-3,30,4,38,-5,-9,18,12,-6,31,-6,26,3,-5,16,17,-3,38,0,27,-5,-15,17,12,0,32,0,25,-4,-9,18,21,-4,34,5,27,-2,-8,21,20,-4,32,-1,25
21.9800,0,-11,15,12,6,33,7,27,-1,-16,19,14,-5,24,-1,31,-5,-4,17,19,-6,34,3,32,-5,-11,19,14,-6,32,-13,29,5,-11,16,11,-4,37,2,31,-6,-17,18,17,-4,32,2,22,-3,-8,20,20,-6,31,5,23,-2,-12,21,16,0,35,5,30
22.0000,-6,-11,22,12,4,31,9,31,-8,-8,17,16,-2,23,3,25,-5,-11,18,16,0,34,4,36,-3,-12,16,11,-6,30,-7,28,5,-8,16,14,-2,36,-1,27,-7,-17,19,18,-1,35,0,23,-3,-11,17,18,-8,36,2,27,-3,-14,21,12,0,33,0,25
22.0200,-4,-12,15,10,4,37,7,30,-7,-11,18,15,-5,21,5,29,-6,-13,17,15,-2,32,4,36,-9,-10,17,17,-9,32,-4,28,5,-12,18,8,-5,35,5,28,-5,-14,18,14,-2,35,2,24,-4,-9,16,23,-8,35,3,25,1,-9,15,15,-7,36,1,27
22.0400,-7,-12,19,15,4,33,4,26,-5,-10,20,14,-3,26,6,29,-5,-6,18,16,-2,34,3,35,-3,-8,14,14,-6,34,-9,25,0,-12,21,18,-5,34,3,26,-5,-14,15,14,-3,34,3,23,-3,-7,15,20,-7,31,5,29,-5,-10,12,12,-2,37,7,28
22.0600,-6,-8,18,15,4,36,2,27,-8,-12,12,17,-4,25,1,32,-4,-7,20,15,-3,35,4,39,-5,-10,17,14,-12,34,-8,25,9,-8,16,14,-7,33,2,29,-5,-14,17,15,-5,34,7,25,-2,-9,20,23,-1,30,3,27,-5,-10,19,17,-6,33,6,28
22.0800,-2,-10,21,15,5,38,6,29,-6,-11,16,16,-5,25,3,31,-2,-9,16,16,-2,32,-1,38,-4,-14,18,15,-4,32,-11,31,5,-8,12,15,-4,35,0,31,-4,-16,17,15,-4,34,1,25,-4,-5,19,22,-6,34,2,30,-5,-11,21,15,-1,33,0,30
22.1000,-5,-14,18,14,2,39,3,26,-2,-7,19,13,-5,26,2,27,-3,-9,14,17,-2,36,0,39,-6,-10,20,18,-3,37,-7,29,5,-15,15,14,-7,36,6,34,-7,-17,21,14,-3,34,-2,25,-2,-10,17,25,0,36,5,29,-5,-8,17,10,-3,36,2,29
22.1200,-1,-12,17,16,3,38,5,28,-2,-13,17,17,-4,26,-4,31,-5,-5,19,17,-5,34,-1,36,-5,-13,21,13,-4,38,-9,29,6,-11,17,17,-4,38,6,29,-3,-12,22,17,-3,32,2,23,-3,-10,17,25,-7,38,5,29,-6,-6,17,15,-8,37,2,26
22.1400,-3,-12,17,18,2,38,8,29,-4,-10,18,15,-4,24,4,28,-9,-9,18,15,-5,30,4,37,-8,-10,19,16,-5,37,-5,29,3,-9,17,19,-4,32,5,27,-3,-16,18,14,3,31,-2,19,-4,-10,19,25,-5,36,2,29,0,-10,18,14,-5,36,2,30
22.1600,-6,-13,17,15,1,41,2,27,-6,-13,15,16,-5,26,0,29,-6,-9,19,10,-2,32,1,35,-6,-7,16,16,-3,37,-10,25,1,-8,12,20,-1,35,4,26,-3,-17,17,13,-3,35,4,23,-1,-8,19,21,-5,37,4,28,-1,-10,14,18,-5,38,2,29
22.1800,1,-14,17,18,3,33,5,31,-8,-12,15,14,-3,24,1,32,-4,-5,22,11,-3,28,3,38,-6,-10,17,16,-9,35,-3,28,6,-13,16,12,-3,38,3,30,-3,-18,18,14,-3,34,2,27,-1,-8,24,19,-10,35,-1,27,-1,-9,15,15,-1,37,4,29
22.2000,-4,-11,17,18,4,34,7,27,-8,-11,17,13,-7,25,4,31,-2,-10,17,18,-4,34,6,38,-4,-5,16,12,-9,33,-10,26,9,-7,17,15,-3,33,7,26,-6,-15,17,14,-6,40,1,27,-4,-9,18,23,0,34,2,30,-8,-9,16,18,-3,32,2,30
22.2200,-4,-10,15,19,3,36,9,28,-9,-10,17,15,-5,24,0,29,-8,-6,14,20,0,34,5,39,-4,-1,15,19,-8,31,-10,25,8,-16,24,12,-3,42,1,24,-7,-19,21,18,-3,33,3,28,-2,-12,15,21,-6,33,0,29,-4,-8,15,17,-6,36,3,29
22.2400,-2,-12,23,19,8,39,6,30,-4,-12,20,12,0,27,0,32,-1,-9,17,19,-2,33,3,36,-1,-9,18,17,-8,33,-8,26,6,-10,18,18,-5,37,2,29,-1,-15,19,16,-4,32,1,26,-3,-13,15,24,-1,33,4,27,-6,-8,12,12,-2,39,3,26
22.2600,-2,-16,18,15,8,36,10,27,-5,-10,18,13,-1,25,2,32,-6,-9,17,14,-3,34,5,39,-3,-6,21,15,-11,34,-9,23,9,-7,20,16,-7,40,3,30,-5,-19,23,18,-1,34,5,21,-3,-10,17,20,-6,35,0,32,-2,-14,20,15,-4,36,1,27
22.2800,0,-11,12,17,11,39,8,26,-6,-11,18,15,-5,21,1,33,-4,-8,18,19,-6,35,3,38,-2,-12,16,18,-6,31,-8,25,4,-8,17,21,0,37,3,30,-6,-16,18,16,-3,29,-2,24,2,-13,20,23,-6,33,3,28,-7,-9,16,15,-5,35,1,28
22.3000,-6,-13,17,17,6,36,9,28,-6,-9,18,17,-4,24,4,33,-7,-6,16,18,-4,32,5,43,-6,-8,15,16,-4,35,-7,27,7,-10,21,18,-1,35,3,27,-6,-16,19,14,0,37,4,25,-3,-16,23,23,-3,33,2,29,-6,-8,19,11,-3,38,5,29
22.3200,-4,-9,21,16,5,37,4,28,-8,-12,18,12,-7,27,1,28,-4,-6,14,17,-1,34,5,39,-4,-10,14,14,-7,35,-1,28,8,-9,15,18,-6,34,0,30,-3,-15,20,16,-6,35,0,27,-3,-13,19,23,-2,35,4,26,-5,-9,17,15,1,35,0,25
22.3400,-5,-13,18,14,7,39,9,30,-10,-18,18,15,-9,21,1,28,-7,-9,17,17,-2,31,7,40,-6,-10,19,16,-5,34,-6,27,9,-9,21,19,-5,37,-1,31,-1,-19,17,13,-3,31,-1,25,-3,-10,21,20,-5,35,2,30,-6,-8,18,13,-2,36,5,32
22.3600,-2,-12,22,16,1,41,2,29,-8,-9,16,16,1,25,4,31,-6,-10,20,16,-2,38,2,36,-5,-13,20,14,-7,34,-5,28,1,-10,19,16,-4,37,0,29,-4,-18,20,15,1,35,5,21,-2,-14,16,19,-4,35,4,28,-5,-16,20,16,-2,34,4,30
22.3800,-4,-7,15,13,8,41,10,27,-7,-14,15,14,-3,25,5,31,-7,-9,22,13,-1,34,6,34,-7,-12,18,15,-2,36,-5,30,5,-10,18,16,-2,42,-1,30,-6,-17,21,13,-6,32,3,26,-3,-6,17,19,-7,34,5,29,-1,-13,18,13,-10,36,0,25
22.4000,-2,-11,20,15,5,35,6,32,-3,-14,18,13,-6,26,6,27,0,-8,19,11,-3,34,5,36,-5,-8,16,14,-7,34,-5,29,9,-11,18,14,-4,36,4,31,-6,-13,21,14,-3,32,1,24,-3,-9,21,24,-4,34,1,23,-6,-13,17,16,1,35,3,29
22.4200,-4,-10,17,18,8,40,10,31,-10,-7,22,16,-12,28,1,31,-2,-9,20,12,-1,37,5,37,-2,-6,22,16,-7,34,-11,26,9,-12,15,15,-7,36,1,30,-7,-15,19,14,-4,33,5,28,-7,-10,24,22,-3,35,4,26,-1,-8,18,18,-3,37,6,28
22.4400,-4,-7,18,14,4,38,7,26,-6,-14,21,15,-6,24,-1,27,-7,-7,17,13,-3,34,3,38,-2,-12,19,15,-2,38,-11,26,5,-9,20,17,1,39,6,30,-4,-18,16,15,-4,36,4,22,-5,-9,23,24,-4,33,9,28,-3,-16,17,13,-6,38,6,28
22.4600,-4,-14,17,16,3,38,6,30,-4,-9,17,13,-8,26,1,27,-5,-3,20,15,-4,34,2,36,-7,-9,20,10,-4,38,-10,25,3,-10,20,14,-2,42,10,29,-1,-18,16,11,-3,34,2,28,-7,-12,18,20,-1,32,4,25,-5,-15,18,17,-2,32,0,27
22.4800,-2,-10,17,18,4,38,8,32,-6,-15,20,13,-8,26,-1,30,-2,-7,16,16,-4,36,7,40,-6,-10,20,18,-5,35,-6,28,0,-12,23,8,4,45,2,27,-6,-15,17,14,-6,36,1,28,-5,-13,19,21,-2,35,1,25,-7,-15,21,15,-8,33,2,27
22.5000,-2,-12,23,14,4,32,8,30,-5,-12,20,12,-7,24,6,35,-2,-8,18,15,-3,36,0,35,-1,-10,15,18,-6,35,-9,25,5,-12,16,14,-5,36,5,31,-4,-16,24,19,-1,36,3,24,-5,-13,18,24,-4,35,5,32,-1,-11,18,14,-3,35,-1,29
22.5200,3,-12,17,15,8,39,5,29,-4,-10,16,14,-3,27,2,29,-6,-11,21,13,-2,32,2,39,-8,-6,22,15,-3,35,-10,23,4,-10,21,19,-2,37,6,29,-1,-21,20,15,-4,35,1,21,-4,-5,17,20,-1,35,4,27,-7,-7,19,21,-3,34,1,30
22.5400,-2,-16,18,14,6,40,4,29,-8,-14,18,16,-8,27,1,32,-3,-9,19,13,-3,39,4,38,-7,-8,19,18,-6,36,-9,26,8,-9,18,17,-2,40,4,34,-4,-16,20,14,-2,30,-1,27,-1,-9,18,23,-7,37,1,24,-6,-11,18,15,-4,31,2,28
22.5600,-4,-13,20,13,5,35,7,27,-7,-10,17,10,-7,27,2,33,-1,-9,17,17,-5,37,10,37,-6,-11,18,16,-7,34,-8,24,5,-12,15,15,-6,40,1,32,-2,-15,19,13,-6,34,4,23,-5,-10,20,21,-5,37,1,30,-6,-11,20,10,-3,37,5,26
22.5800,-6,-8,20,11,5,41,6,31,-6,-10,18,11,-7,29,5,28,-4,-6,24,17,-3,38,4,43,-5,-11,15,11,-9,32,-7,25,3,-13,18,18,0,40,1,30,-7,-17,20,16,-3,36,2,26,-6,-10,18,19,-6,42,-2,27,-3,-10,18,16,-6,38,6,29
22.6000,-6,-9,21,13,6,35,8,28,0,-10,17,12,-5,28,4,30,-10,-10,15,15,-4,37,6,38,-1,-14,18,13,-7,37,-6,26,4,-11,18,13,-4,36,5,30,-4,-22,15,16,-5,36,1,28,-8,-12,20,19,0,37,3,30,0,-10,19,12,-3,37,2,30
22.6200,-5,-10,18,17,6,38,5,28,-4,-17,17,14,-8,25,4,33,-3,-9,20,15,-5,33,6,35,-2,-9,20,15,-9,34,-6,30,6,-11,16,17,-4,34,6,28,0,-17,23,12,-5,37,0,26,0,-9,16,22,-3,36,7,24,-5,-14,15,14,-1,37,5,24
22.6400,-2,-12,17,16,8,40,7,28,-10,-13,17,14,0,25,4,28,-5,-10,19,13,-4,33,6,36,-8,-13,17,16,-8,36,-4,23,5,-10,16,15,-5,38,4,28,-4,-20,18,16,-8,33,1,23,-7,-12,22,25,-6,38,6,30,-8,-12,18,13,-5,41,-2,25
22.6600,-6,-13,14,16,6,41,7,28,-6,-8,19,15,-7,28,2,28,-4,-14,20,15,-6,36,6,36,-6,-10,19,19,-5,36,-3,29,4,-8,19,14,-3,38,6,31,-6,-17,20,15,-1,41,0,25,-7,-14,20,25,-3,38,3,30,-4,-7,19,10,-5,39,3,29
22.6800,-3,-8,17,10,2,38,7,27,-4,-14,18,16,-4,23,4,29,-4,-11,19,13,-5,36,10,37,-5,-11,18,14,-9,36,-7,28,6,-13,20,17,-4,41,8,32,-7,-15,16,18,1,37,4,21,-5,-11,17,22,-3,36,3,29,-3,-11,20,12,-4,33,2,27
22.7000,-5,-12,16,13,4,42,5,29,-8,-13,21,12,-1,25,5,31,-6,-8,16,11,-6,35,2,39,-4,-10,20,12,-6,36,-7,25,4,-13,19,15,-4,37,7,29,-3,-16,18,13,-2,34,1,20,-8,-11,20,19,-5,40,2,28,-7,-11,17,13,-9,32,4,26
22.7200,-7,-13,21,13,6,41,7,28,-7,-11,20,14,-10,27,-1,26,-9,-7,20,21,-4,36,-1,42,-4,-12,22,9,-5,34,-7,31,5,-12,17,15,-3,37,4,30,-5,-18,16,17,-4,35,1,22,-10,-13,20,25,-1,36,0,23,-5,-8,18,16,-4,34,5,31
22.7400,-7,-15,18,16,6,40,3,30,-3,-13,18,16,-4,26,3,34,-6,-9,23,16,-1,37,4,36,-3,-13,20,14,-7,36,-4,26,7,-11,18,16,-5,36,3,31,-7,-18,22,16,-2,31,1,26,-6,-5,20,25,-4,35,-1,27,-11,-10,19,13,-4,40,3,28
22.7600,-9,-13,22,14,3,40,4,29,-5,-16,18,13,-6,27,6,28,-1,-7,18,14,-3,35,5,36,-4,-12,19,11,-7,38,-7,23,8,-8,21,16,-7,34,4,30,-5,-16,13,14,-4,36,3,27,-7,-10,19,24,-5,40,3,30,1,-13,14,19,-1,35,3,30
22.7800,1,-15,23,13,9,36,9,30,-3,-12,20,16,-8,28,7,27,-7,-7,15,14,-5,33,8,39,-2,-13,24,14,-6,37,-8,32,8,-11,17,16,-3,39,4,27,-5,-17,22,15,-5,35,6,27,-4,-9,16,22,-6,39,-1,33,-6,-14,21,17,-6,36,4,32
22.8000,-3,-13,15,20,1,36,9,26,-1,-12,17,14,-6,28,3,31,-4,-7,21,15,-3,34,3,35,-4,-14,19,17,-7,36,-7,26,6,-17,18,17,-3,36,2,28,-5,-17,20,10,-3,37,-2,22,-3,-16,17,23,-3,38,6,30,-6,-13,19,19,-4,37,8,28
22.8200,-2,-12,20,16,3,39,7,30,-8,-14,20,15,-8,25,-1,32,-3,-9,17,19,-8,35,8,38,-9,-12,20,18,-11,36,-8,28,5,-6,18,15,-1,35,7,30,-7,-17,22,17,-6,34,2,31,-1,-10,18,21,-5,37,4,27,-7,-13,19,17,-4,41,7,28
22.8400,-4,-11,21,16,4,38,7,27,-10,-14,19,17,-9,23,-1,27,-3,-13,20,14,-3,38,8,39,-8,-11,24,14,-7,36,-4,30,6,-12,23,13,-3,39,5,30,-4,-22,20,16,-3,35,0,26,-8,-10,17,22,-3,38,7,28,-3,-10,18,14,-3,37,3,30
22.8600,-7,-16,21,15,8,43,3,30,-11,-14,18,18,-8,27,2,32,-8,-7,18,17,-2,36,2,36,-7,-12,23,18,-8,36,-5,28,7,-9,22,16,-5,37,0,31,-8,-15,17,16,-6,31,3,26,-5,-13,21,24,-5,36,4,25,-7,-14,21,15,-8,34,5,27
22.8800,-3,-12,22,14,5,37,7,30,-2,-13,16,14,-6,31,2,29,-4,-7,17,12,-7,36,8,38,-1,-10,20,17,-8,35,-9,23,10,-12,17,13,-4,38,1,30,-4,-19,20,16,-5,33,4,26,-2,-14,22,23,-5,40,3,28,-4,-14,17,16,-9,32,5,26
22.9000,-7,-11,21,14,10,38,7,28,-6,-15,21,17,-7,29,0,29,-3,-11,21,12,-4,34,6,34,-5,-9,18,18,-5,29,-9,28,4,-9,19,12,-3,37,5,33,-7,-18,17,11,-6,33,1,25,-4,-9,20,25,-2,40,3,25,-6,-11,16,14,-5,37,3,27
22.9200,-5,-14,22,12,4,40,8,30,-10,-12,21,14,-7,28,-1,29,-8,-8,19,15,-4,37,2,35,-4,-13,21,16,-4,33,-8,27,4,-10,21,16,-4,39,2,31,0,-15,15,20,-4,31,2,26,-7,-6,18,23,-5,36,-1,28,-6,-12,21,13,-7,44,2,26
22.9400,-5,-17,22,15,4,42,7,28,-6,-14,20,18,-10,28,0,27,-4,-12,17,12,-3,34,7,34,-6,-11,19,13,-8,35,-4,25,4,-9,21,13,1,38,6,27,-4,-20,21,18,-3,35,3,27,-6,-12,19,27,-4,41,4,28,-9,-17,20,14,-2,38,1,29
22.9600,-4,-16,24,14,4,46,6,29,-9,-11,17,16,-3,27,2,32,-9,-13,15,13,-5,36,3,37,-7,-9,19,11,-4,38,-8,26,5,-11,21,18,-8,39,3,30,-4,-14,22,16,0,37,3,28,-5,-8,18,21,-9,37,6,26,-5,-13,18,15,-3,41,3,28
22.9800,-6,-15,19,17,5,39,7,33,-8,-14,19,17,-8,30,-2,28,-4,-7,21,15,-6,36,4,38,-7,-11,19,14,-7,36,-6,28,6,-12,25,14,2,40,5,31,-3,-19,22,15,-6,35,6,21,-2,-8,20,26,-5,42,2,28,-7,-9,16,16,-7,33,4,28
23.0000,-1,-15,22,12,-1,40,6,31,-6,-16,22,18,-8,26,2,32,0,-7,21,17,-4,34,5,36,-3,-12,21,13,-7,38,-8,26,6,-13,24,16,-3,36,1,30,-3,-16,18,12,-4,33,2,28,-5,-16,18,23,-9,35,4,30,-8,-17,18,15,-8,38,4,29
23.0200,-6,-18,16,16,6,41,3,28,-5,-13,18,15,-6,28,6,30,-5,-11,22,14,-5,35,5,36,-5,-10,18,13,-8,39,-9,30,4,-12,17,14,-2,39,3,26,-5,-19,19,14,-5,35,6,27,-4,-14,18,23,-1,40,7,28,-2,-13,20,16,-6,34,3,26
23.0400,-7,-14,18,19,5,39,11,30,-4,-14,15,15,-10,28,4,28,-5,-15,15,16,-1,39,9,37,-7,-9,19,12,-6,38,-10,25,2,-11,14,15,-3,38,0,30,-6,-17,21,15,-1,35,5,28,-6,-9,20,21,-5,38,6,26,-7,-13,21,14,-9,34,5,31
23.0600,-8,-11,23,16,5,42,6,31,-2,-11,19,13,-7,30,4,30,-10,-16,17,12,-1,36,6,39,-6,-7,18,15,-9,37,-11,28,5,-12,20,15,-3,37,3,28,-4,-17,20,19,-5,35,2,27,-8,-9,22,24,-6,40,3,31,-6,-11,24,18,-4,36,5,27
23.0800,-7,-14,20,15,1,40,5,31,-8,-15,18,14,-10,32,0,32,-11,-11,18,10,-3,36,6,37,-5,-9,21,17,-2,34,-8,27,8,-10,19,18,-5,39,2,26,-4,-17,21,17,-2,34,0,25,-2,-12,24,22,-2,36,5,27,-4,-12,18,16,1,39,8,27
23.1000,-6,-13,19,14,7,37,6,29,-7,-11,21,15,-9,31,2,32,0,-11,22,12,-1,36,9,35,-7,-13,21,14,-5,35,-9,28,2,-13,20,16,-6,38,3,34,0,-19,21,16,-3,34,4,27,-8,-11,21,24,-3,35,3,29,-2,-14,22,19,-3,39,2,31
23.1200,-5,-5,20,16,8,38,10,26,-5,-15,24,14,-3,25,5,29,-3,-8,21,14,0,34,7,39,-8,-14,22,15,-10,37,-6,28,7,-12,16,14,-3,38,9,33,-2,-18,20,17,-7,37,3,29,-7,-8,19,24,-7,39,6,31,-11,-11,20,15,-3,41,3,25
23.1400,-4,-13,18,15,5,41,3,33,-3,-17,16,12,-12,28,1,28,-6,-12,21,15,-2,43,3,37,-7,-7,19,17,-2,39,-5,28,11,-12,18,16,-4,33,6,32,-3,-17,19,14,-2,33,-1,25,-5,-6,24,24,-5,42,4,30,-11,-13,19,11,-5,37,8,25
23.1600,-2,-14,16,12,2,39,4,30,-7,-14,23,16,-9,27,3,32,-2,-12,19,15,0,36,4,37,-6,-11,15,16,-4,36,-8,27,5,-12,24,15,-4,38,4,31,-5,-16,18,15,-6,37,2,30,-10,-9,27,21,-4,39,3,27,-3,-11,24,11,-5,42,4,27
23.1800,-3,-11,19,18,2,41,7,33,0,-16,17,18,-10,28,2,31,-2,-10,19,16,-3,37,10,41,-4,-16,21,14,-6,35,-6,27,5,-14,16,18,-7,36,5,25,-3,-14,23,16,-9,33,6,25,-7,-14,21,25,-5,38,2,28,-9,-9,20,15,-5,39,3,31
23.2000,-6,-10,24,13,2,39,8,30,-7,-16,22,13,-6,31,1,31,-5,-12,20,16,-6,37,10,36,-7,-15,17,20,-11,37,-9,29,2,-13,16,16,-4,36,2,31,-7,-20,20,17,-6,36,1,28,-3,-8,16,25,-1,39,4,29,-6,-12,18,17,-7,41,3,33
23.2200,-5,-11,16,15,4,39,6,33,-9,-14,17,15,-9,28,3,31,-3,-9,19,16,-6,37,8,35,-9,-8,20,16,-6,35,-4,26,3,-11,24,15,-1,36,1,31,-6,-21,20,14,-9,36,4,26,-9,-12,21,26,-6,36,3,26,-5,-10,16,16,-4,37,2,24
23.2400,-8,-15,22,8,4,40,3,37,-6,-12,22,14,-6,29,8,31,-3,-7,19,18,-8,35,6,39,-5,-10,23,9,-2,39,-4,25,3,-13,13,11,-7,41,5,33,-6,-16,18,14,-5,35,7,26,-3,-13,21,25,-3,43,5,26,-6,-13,20,14,-6,38,5,29
23.2600,-3,-15,17,15,4,41,3,26,-10,-14,23,16,-3,29,2,28,-4,-10,19,15,-4,39,6,39,-3,-9,22,18,-5,36,-5,27,6,-14,21,17,-1,40,3,31,-4,-22,20,13,-5,37,1,28,-8,-12,20,26,-6,38,6,29,-7,-11,21,17,-8,38,3,30
23.2800,1,-15,18,15,-2,44,0,27,-8,-15,25,12,-7,30,5,30,-4,-15,21,16,-7,43,5,42,-8,-13,25,14,-3,36,-8,29,4,-10,23,16,-1,40,6,30,-6,-16,21,19,-4,40,2,29,-4,-10,20,28,-4,41,4,29,-2,-16,18,16,-3,43,1,29
23.3000,-5,-14,20,15,3,39,4,31,-11,-18,22,17,-4,28,3,28,-4,-7,20,15,-3,41,12,35,-5,-14,24,12,-5,37,-8,27,2,-12,21,14,-1,43,2,32,-5,-22,23,17,-5,35,4,29,-6,-8,21,26,-6,40,5,32,-5,-8,19,18,-5,39,8,29
23.3200,-2,-9,22,10,4,39,9,29,-8,-7,18,16,-9,29,1,31,-4,-8,25,11,-3,39,7,34,-5,-10,21,15,-7,36,-4,32,5,-14,17,14,0,43,-1,31,-5,-14,26,13,-4,38,6,27,-5,-8,18,29,-6,38,5,25,-7,-12,18,18,0,34,1,30
23.3400,-3,-9,21,10,3,40,3,32,-11,-14,21,13,-10,28,3,27,-8,-11,19,10,-3,38,8,38,-11,-10,24,9,-5,38,-3,25,3,-11,20,16,-2,39,0,34,-4,-20,15,13,-6,36,3,28,-2,-14,22,21,-8,40,3,26,-9,-15,20,18,-1,41,1,25
23.3600,-1,-7,19,9,3,38,1,31,-10,-15,21,14,-9,31,5,30,-8,-11,18,16,-4,36,8,37,-6,-13,27,13,-8,39,-8,26,1,-10,21,15,-1,37,5,36,-2,-21,22,17,-7,35,4,23,-3,-14,19,28,-3,39,6,28,-2,-12,23,14,-6,36,3,25
23.3800,-4,-13,17,14,2,44,3,27,-6,-14,19,15,-10,25,1,27,-3,-6,21,19,-5,40,8,34,-7,-13,21,13,-3,36,-9,26,-1,-9,22,15,-5,41,2,32,-4,-22,24,20,-6,39,3,28,-5,-9,18,23,-7,41,5,27,-6,-12,20,15,-6,39,2,33
23.4000,-10,-11,21,10,3,43,9,31,-9,-11,18,14,-4,33,3,30,-8,-10,17,18,-4,41,7,39,-9,-12,19,15,-6,38,-5,31,0,-10,22,17,-3,36,5,33,-7,-19,19,15,-5,41,5,27,-9,-11,19,27,-3,45,1,30,-7,-8,27,14,-8,37,7,31
23.4200,-8,-11,22,19,3,40,5,28,-8,-10,17,14,-10,30,2,31,-4,-13,19,14,-5,40,11,40,-1,-12,20,16,-5,37,-5,29,-4,-12,15,12,-1,41,6,29,-4,-19,18,16,-2,37,6,30,-4,-10,19,23,-4,41,5,27,-7,-7,23,12,-5,38,4,35
23.4400,-2,-11,19,14,-1,41,7,31,-6,-14,20,11,-7,35,1,34,-7,-11,21,15,-11,40,7,38,-7,-11,20,14,-2,40,-5,26,2,-12,22,14,-2,36,2,32,-6,-21,21,15,-1,35,0,29,-8,-14,25,22,-4,39,5,26,-3,-12,18,16,-5,36,2,29
23.4600,-5,-11,24,17,4,42,4,29,-7,-15,20,13,-4,32,4,33,-10,-12,23,9,-4,37,6,37,-8,-5,17,14,-7,37,-3,24,2,-14,22,17,-5,41,5,31,-5,-19,19,14,-4,41,0,24,-5,-14,21,22,-4,41,-1,29,-7,-11,16,16,1,37,4,29
23.4800,0,-16,19,18,0,42,5,32,-7,-11,25,9,-10,32,2,27,-4,-9,18,15,-3,40,6,37,-2,-4,25,17,-3,35,-7,27,5,-14,18,16,-4,40,2,33,-5,-20,19,20,-6,38,7,25,-8,-13,21,30,-8,36,3,31,-9,-12,16,16,-4,37,4,33
23.5000,-5,-12,18,15,4,42,1,30,-11,-14,22,17,-9,27,0,33,-3,-8,20,14,-3,39,4,43,-7,-9,18,18,0,34,-3,21,-2,-12,19,17,-3,38,7,30,-7,-19,19,19,-3,41,1,27,-5,-14,23,26,-1,38,2,32,-6,-14,21,16,-2,42,7,30
23.5200,-8,-13,21,9,3,43,5,31,-7,-12,21,12,-11,29,3,35,-4,-6,25,18,-6,43,3,37,-9,-14,20,13,-5,37,-5,27,1,-16,20,18,-5,44,5,28,-5,-21,22,16,-5,35,4,27,-12,-10,23,29,-5,42,3,33,-10,-9,20,13,-10,43,-1,27
23.5400,-2,-10,17,13,7,42,2,31,-6,-14,24,12,-5,32,3,32,-5,-14,21,14,0,39,3,40,-5,-12,20,16,-3,37,-7,25,3,-12,21,14,0,43,1,33,-3,-21,21,12,-5,39,2,31,-5,-12,22,28,-4,42,6,29,-6,-7,22,11,-8,38,5,28
23.5600,-5,-14,20,14,2,41,1,31,-4,-14,23,16,-6,32,8,29,-3,-12,18,18,-2,38,11,35,-6,-12,20,17,-4,38,-9,27,-4,-12,20,13,-8,41,4,33,-5,-22,21,16,-4,37,4,33,-9,-11,20,27,-6,42,8,29,-8,-10,19,16,-2,45,5,31
23.5800,-7,-10,22,13,1,44,3,30,-2,-17,23,17,-6,34,0,31,-6,-10,22,9,-10,39,5,37,-7,-13,16,16,-5,37,-2,27,2,-14,23,15,-2,42,5,29,-2,-20,19,13,-2,40,3,25,-8,-5,20,26,-7,42,4,32,-3,-15,20,10,-9,42,0,31
23.6000,-7,-11,21,14,-2,41,5,32,-7,-9,20,14,-6,36,6,27,-5,-8,19,17,-4,36,3,39,-7,-11,22,14,-3,37,1,28,0,-11,19,17,-2,38,6,33,-6,-16,17,16,-6,38,2,28,-10,-12,23,26,-7,43,8,29,-7,-14,22,14,-2,39,3,31
23.6200,-7,-14,23,15,3,47,8,27,-4,-16,18,14,-11,37,0,29,-4,-12,23,15,0,38,9,37,-7,-16,24,18,-8,35,-6,26,1,-10,22,17,-4,39,-1,33,-4,-18,17,17,-5,36,9,28,-11,-9,21,27,-3,40,7,30,-4,-14,25,12,-7,41,7,32
23.6400,-5,-11,21,13,0,41,4,23,-10,-13,22,15,-7,31,2,28,-9,-13,19,13,-6,42,8,39,-6,-10,24,18,-4,38,-1,26,3,-15,22,13,-2,39,6,31,-3,-20,20,13,-5,39,2,28,-8,-10,17,30,-4,42,5,26,-7,-13,21,12,-6,40,5,32
23.6600,-5,-14,23,13,2,42,2,32,-2,-16,23,13,-12,36,2,30,-9,-10,22,16,-5,42,5,36,-6,-14,19,15,0,35,-4,26,-1,-10,18,11,-6,40,5,33,-6,-21,25,16,-10,40,1,29,-7,-14,20,24,-5,41,5,27,-8,-13,17,15,-5,39,6,29
23.6800,-5,-14,20,17,3,46,2,28,-8,-14,20,16,-8,32,2,30,-9,-10,24,13,-2,39,8,39,-5,-10,21,12,-4,37,-1,26,-2,-14,21,11,-7,38,7,30,-3,-16,19,17,-9,36,1,30,-3,-10,24,25,-6,42,8,32,-5,-13,16,17,-6,42,9,30
23.7000,-4,-10,21,18,0,44,2,27,-6,-13,16,10,-8,34,6,30,-3,-10,26,12,-7,38,10,42,-12,-13,19,11,-3,35,-4,26,3,-14,25,9,-5,35,3,31,-5,-21,20,17,-4,36,2,28,-5,-11,24,28,-8,43,6,28,-7,-10,20,16,-5,42,4,31
23.7200,-6,-13,19,14,3,40,1,27,-7,-17,22,15,-5,35,6,31,-4,-11,26,18,-4,38,8,38,-6,-6,19,13,-4,38,-8,26,0,-10,23,17,-2,38,4,32,-6,-19,18,16,-7,38,-1,31,-10,-13,22,22,-11,43,3,31,-5,-12,20,19,-2,39,5,29
23.7400,-5,-13,21,14,2,37,3,26,-5,-15,19,15,-5,34,3,33,-4,-11,18,13,-7,37,5,38,-10,-11,21,8,-1,41,-8,25,-2,-13,23,17,-4,37,5,28,-4,-22,21,22,-4,40,3,29,-6,-15,23,29,-6,41,3,29,-5,-11,19,15,-3,39,-3,29
23.7600,-4,-15,21,13,0,46,6,28,-9,-15,20,14,-7,34,3,29,0,-9,18,14,-1,40,13,40,-5,-8,21,16,-6,39,-1,27,4,-13,24,14,-6,41,5,30,-7,-21,22,16,-5,40,-1,28,-7,-12,24,27,-3,40,3,27,-5,-13,22,13,-7,41,3,27
23.7800,-3,-10,27,15,2,44,7,34,-5,-13,22,16,-7,29,4,27,-4,-9,20,18,-1,41,9,39,-7,-14,20,11,-7,42,-4,26,4,-11,23,11,-9,40,3,33,-5,-17,21,11,-3,39,2,28,-5,-12,26,31,-12,37,3,28,-7,-13,24,16,-6,42,5,28
23.8000,-2,-10,21,17,1,40,3,32,-8,-18,19,16,-8,34,4,28,-6,-12,23,13,-6,44,8,34,-8,-13,19,15,-4,44,-1,27,-4,-15,20,15,1,40,6,30,-9,-20,21,14,-5,37,8,28,-9,-8,24,28,-4,42,5,28,-6,-10,21,12,-4,45,5,28
23.8200,-4,-13,22,15,7,47,6,32,-13,-13,23,17,-7,30,2,28,-9,-13,21,13,-10,36,8,38,-8,-15,23,11,-4,37,-5,28,-1,-14,17,14,-5,38,0,32,-10,-18,20,17,-3,37,9,30,-11,-8,25,25,-5,45,0,31,-9,-11,21,11,-9,38,4,31
23.8400,-2,-10,19,19,5,40,4,32,-10,-17,19,15,-10,32,-2,31,-9,-15,21,17,-7,40,5,37,-8,-13,15,12,-7,39,-5,28,2,-11,21,9,1,39,5,32,-5,-20,20,14,-8,39,7,36,-11,-13,26,27,-10,38,6,29,-6,-11,22,17,-4,45,2,30
23.8600,-6,-14,22,12,4,43,2,31,-3,-12,23,10,-6,33,2,32,-6,-11,18,17,-8,41,6,41,-5,-11,18,16,-5,38,-8,27,1,-12,21,16,-3,39,3,29,-7,-18,16,13,-6,38,7,27,-10,-11,21,25,-7,38,6,28,-8,-11,19,17,0,41,7,28
23.8800,-3,-13,25,14,9,40,4,28,-5,-12,22,9,-4,34,4,28,-5,-9,19,12,-4,38,2,38,-6,-10,19,16,-5,41,-8,26,1,-9,22,13,-5,38,1,27,-6,-17,21,15,-8,37,1,31,-3,-11,19,28,-1,43,4,26,-8,-12,21,18,-4,37,2,30
23.9000,-4,-10,18,13,0,40,5,29,-8,-14,20,19,-8,27,4,29,-3,-13,21,17,-4,40,3,37,-7,-10,20,13,-6,39,-5,27,1,-13,18,15,-4,37,9,31,-10,-17,19,14,-7,40,6,33,-9,-13,24,27,-6,38,4,34,-9,-10,19,15,-5,40,4,30
23.9200,-9,-13,16,19,3,43,0,31,-3,-14,21,10,-9,34,7,29,-8,-15,20,15,-1,41,5,33,-5,-14,15,12,-8,41,-4,25,4,-10,22,18,-5,41,3,35,-4,-20,22,17,-5,36,0,28,-6,-12,21,26,-6,37,3,28,-6,-14,21,13,-3,37,6,31
23.9400,-6,-16,20,14,2,42,1,30,-6,-10,18,13,-10,34,1,28,-5,-11,18,15,-6,41,7,35,-10,-10,19,14,-8,40,-9,29,0,-13,19,16,-1,42,5,34,-9,-22,23,12,-4,37,2,30,-6,-14,22,21,-8,39,7,28,-9,-12,17,14,-6,40,4,29
23.9600,-7,-9,25,15,3,41,6,29,-7,-14,22,14,-5,29,3,25,-8,-14,24,11,-10,41,7,36,-2,-15,17,9,-1,41,-8,24,1,-10,18,16,-2,39,7,34,-6,-22,21,14,-1,42,2,27,-4,-12,21,27,-8,40,6,36,-4,-14,19,15,-9,40,3,30
23.9800,-3,-16,18,13,1,43,6,26,-4,-16,22,15,-10,27,3,29,-7,-13,21,10,-8,44,6,39,-9,-14,22,16,-5,42,-8,28,4,-6,19,19,-6,40,6,34,-4,-16,24,18,-7,41,4,31,-7,-14,20,27,-5,41,1,31,-7,-15,21,14,-6,39,4,33
24.0000,-7,-10,20,16,1,47,2,27,-2,-14,20,15,-4,32,7,29,-6,-8,19,12,-6,39,5,38,-5,-13,25,13,-6,39,-6,29,5,-11,18,15,-4,37,5,32,-3,-20,24,15,-5,41,5,28,-7,-10,20,25,-6,40,3,28,-3,-10,21,11,-4,40,3,32
24.0200,-8,-14,22,10,-2,42,2,32,-4,-14,18,17,-9,33,6,28,-7,-12,22,14,-5,40,11,37,-2,-16,23,13,-4,39,-4,24,3,-10,21,15,-7,44,8,31,-4,-23,22,16,-6,37,4,29,-13,-11,22,26,-1,43,7,28,-5,-10,20,14,-2,39,3,30
24.0400,-5,-11,23,15,0,44,4,29,-9,-15,28,14,-9,31,3,27,-9,-14,22,11,-6,44,6,35,-9,-14,23,15,-4,40,-4,29,1,-11,26,16,-5,38,3,31,-4,-20,22,12,-6,38,3,31,-9,-10,22,26,-5,40,8,28,-8,-13,21,13,-2,44,2,27
24.0600,-11,-11,21,12,1,42,6,29,-6,-12,23,15,-4,32,6,25,-5,-12,23,19,-3,38,0,37,-9,-14,23,15,-3,40,-3,28,4,-17,21,13,0,38,3,23,-4,-15,23,16,-5,40,6,28,-6,-12,20,26,-4,39,6,27,-8,-9,21,16,-5,40,8,28
24.0800,-5,-11,18,13,2,44,2,30,-7,-13,20,14,-5,34,4,31,-9,-14,22,16,-7,37,10,34,-6,-15,21,13,-4,37,-6,32,3,-13,20,15,-2,38,3,32,-5,-18,24,18,-3,39,5,33,-11,-14,23,25,-4,39,4,24,-6,-12,18,14,-6,41,2,27
24.1000,-4,-10,20,15,4,43,7,35,-7,-14,20,14,-11,36,-3,27,-7,-7,22,13,-1,41,9,35,-8,-12,19,13,1,42,1,29,2,-16,22,20,-2,35,3,31,-7,-21,19,13,-6,41,5,31,-8,-15,19,29,-9,42,6,25,-9,-11,21,16,-10,41,4,28
24.1200,-10,-9,24,14,4,40,3,31,-10,-15,23,15,-5,37,3,31,-6,-11,20,14,-6,43,9,39,-5,-12,19,12,0,41,0,26,-1,-15,22,16,-1,41,2,35,-3,-16,20,15,-7,42,1,26,-7,-12,20,27,-3,42,3,26,-3,-13,20,17,-7,42,4,28
24.1400,-5,-12,24,14,0,43,5,34,-4,-14,20,13,-6,33,2,28,-3,-12,22,21,-7,38,8,39,-8,-8,24,17,-4,40,-1,26,-2,-10,22,16,-11,40,1,35,-5,-19,22,16,-8,39,0,27,-8,-10,23,24,-3,38,6,31,-10,-15,21,15,-10,45,3,28
24.1600,-7,-11,20,16,1,44,4,34,-8,-10,21,20,-7,34,7,30,-10,-13,22,18,-5,41,10,35,-10,-16,17,16,-2,40,-4,21,-1,-11,18,19,-9,39,3,26,-7,-20,21,13,-7,40,2,31,-6,-9,24,29,-9,42,6,32,-13,-11,20,13,-1,44,7,32
24.1800,-9,-10,24,16,5,42,0,31,-5,-14,24,14,-6,38,8,29,-8,-14,17,15,-6,43,6,38,-4,-13,19,19,-3,39,-3,25,3,-20,20,18,-5,40,6,32,-7,-18,25,14,-6,37,6,34,-2,-14,23,26,-10,41,3,29,-10,-10,18,15,-8,38,0,31
24.2000,-4,-13,19,12,0,44,4,29,-3,-10,21,13,-5,35,3,29,-7,-16,20,16,-4,38,6,36,-10,-15,26,14,-2,42,-3,31,1,-19,19,11,-3,40,7,31,-8,-18,22,14,-7,40,4,29,-9,-12,24,26,-5,42,5,30,-5,-10,20,12,-6,40,3,28
24.2200,-8,-11,25,14,1,44,4,28,-5,-14,21,14,-8,34,4,28,-6,-10,20,14,-6,44,4,34,-9,-12,21,15,1,38,-2,28,-3,-12,22,14,-4,38,8,30,-2,-17,21,16,-3,40,8,28,-8,-12,16,23,-6,42,2,30,-5,-15,23,14,-10,42,10,29
24.2400,-7,-10,19,20,4,40,1,26,-7,-16,24,16,-7,32,2,23,-5,-13,23,14,-2,41,2,34,-11,-17,20,13,-2,42,-2,23,-2,-17,22,15,-3,39,8,30,-6,-14,23,24,-9,41,5,26,-12,-11,23,25,-4,41,4,28,-9,-14,20,14,-3,41,7,26
24.2600,-6,-8,23,12,2,44,0,31,-8,-12,21,16,-9,32,2,31,-9,-18,27,18,-5,45,4,33,-12,-10,23,16,-1,40,-2,27,-2,-14,21,16,-2,41,0,31,-4,-19,23,15,-4,39,7,33,-8,-13,25,29,-8,41,5,31,-7,-14,22,16,-7,39,5,28
24.2800,-4,-15,22,14,4,43,-2,27,-6,-16,26,18,-8,36,3,28,-6,-8,21,17,-6,41,6,36,-11,-17,26,18,-2,43,-1,30,1,-14,20,14,-6,41,3,31,-3,-19,20,15,-8,42,4,28,-5,-12,24,23,-6,40,5,27,-4,-11,22,19,-5,40,7,30
24.3000,-8,-12,22,12,2,45,1,30,-8,-17,22,15,-8,33,1,35,-9,-9,19,16,-4,40,6,38,-9,-14,24,13,0,39,-5,26,-3,-16,19,17,-6,38,8,28,-1,-19,26,17,-7,40,4,30,-11,-13,22,25,-4,40,4,32,-8,-13,19,14,-4,43,6,29
24.3200,-9,-13,18,13,4,43,2,28,-6,-20,18,15,-5,38,2,31,-8,-8,21,15,-8,38,5,40,-7,-11,19,15,-3,36,-4,27,-2,-14,19,13,-4,38,7,26,-3,-23,20,16,-6,42,0,33,-11,-12,20,25,-7,39,1,31,-7,-8,22,18,-3,44,7,31
24.3400,-8,-10,23,16,1,43,1,28,-5,-11,18,12,-8,33,5,25,-9,-15,22,16,-1,39,6,38,-9,-12,22,15,-2,39,-5,24,-1,-16,22,15,-10,37,5,31,-6,-17,21,14,-5,44,-1,31,-10,-9,22,24,-5,41,4,34,-6,-11,25,12,-6,40,4,29
24.3600,-4,-13,23,14,4,41,4,31,-6,-17,24,16,-11,33,7,29,-5,-16,22,17,-4,39,7,39,-9,-11,23,19,-6,40,-2,27,-8,-16,24,14,0,36,7,31,-4,-21,19,13,-6,39,8,29,-6,-13,23,30,-8,41,5,33,-6,-12,21,12,-9,39,1,29
24.3800,-7,-12,21,14,0,47,4,31,-7,-17,22,17,-8,33,3,29,-2,-13,26,12,-6,44,5,41,-8,-13,19,15,2,41,-4,26,-2,-15,22,13,-6,41,6,33,-3,-18,22,19,-2,39,6,28,-8,-14,19,28,-9,44,5,28,-7,-16,22,9,-1,43,3,32
24.4000,-5,-14,20,14,5,41,2,27,-3,-19,25,10,-7,36,8,30,-3,-14,20,16,-7,40,7,41,-9,-14,13,14,-5,40,-5,30,3,-17,19,13,-3,40,3,32,-7,-24,21,15,-6,42,6,32,-5,-14,23,22,-6,41,5,24,-7,-14,16,19,-4,41,0,28
24.4200,-8,-12,23,15,2,46,2,26,-2,-18,28,13,-7,36,4,32,-6,-10,24,19,-3,37,3,37,-5,-14,22,16,-2,42,-2,29,-1,-21,22,14,0,40,5,33,-5,-22,24,16,-10,38,3,35,-11,-16,23,30,-5,43,4,32,-7,-8,19,12,-8,47,6,34
24.4400,-6,-11,22,17,4,46,5,28,-3,-14,19,16,-11,36,3,33,-9,-13,21,17,-4,44,7,36,-12,-14,20,14,-1,40,-5,26,0,-13,20,15,-2,40,9,29,-6,-22,18,16,-8,45,3,32,-8,-14,22,28,-4,41,6,32,-5,-15,23,14,-8,40,3,30
24.4600,-4,-15,19,14,3,45,6,28,-9,-16,25,16,-9,35,2,30,-10,-8,19,15,-3,41,3,43,-5,-14,19,14,-3,39,-5,28,0,-14,21,17,-8,42,6,31,-3,-20,24,17,-8,40,5,30,-8,-9,25,29,-7,42,5,28,-11,-14,17,12,-5,45,6,28
24.4800,-5,-13,20,16,0,42,4,29,-6,-16,23,11,-11,33,6,27,-7,-16,21,17,-7,41,3,35,-6,-10,20,17,-2,41,-1,29,0,-12,24,14,1,37,8,36,-3,-18,22,18,-6,41,4,33,-8,-15,21,26,-3,40,3,25,-6,-18,20,17,-9,39,4,31
24.5000,-5,-9,20,19,-1,43,3,31,-2,-14,21,17,-8,37,6,30,-7,-20,27,14,-7,42,9,34,-7,-8,26,20,-5,44,0,28,-5,-15,22,11,-4,40,4,30,-3,-20,24,16,-9,40,4,35,-6,-12,16,26,-10,43,1,27,-8,-18,22,16,-10,41,1,30
24.5200,-8,-14,19,18,-1,45,-1,26,-3,-10,22,15,-7,36,5,29,-10,-12,21,16,-14,43,5,36,-8,-11,24,14,-3,43,-3,30,2,-18,19,17,-1,43,8,37,2,-20,22,14,-1,40,6,32,-10,-15,21,27,-5,42,4,30,-9,-15,20,11,-5,43,3,26
24.5400,-8,-11,22,15,0,42,2,29,-6,-20,25,16,-7,33,3,29,-13,-15,24,16,-8,42,5,38,-12,-11,21,20,-2,46,-5,29,0,-18,23,10,-6,43,7,32,-7,-18,21,15,-8,41,3,32,-4,-15,20,31,-6,40,7,28,-8,-13,21,16,-5,44,7,31
24.5600,-8,-11,19,12,-1,42,-4,28,-4,-16,20,16,-9,35,7,30,-5,-14,19,17,-5,41,5,38,-12,-8,22,20,-5,45,-4,29,-6,-18,20,16,-6,39,7,29,-4,-18,21,16,-5,41,5,33,-10,-14,22,29,-5,44,9,31,-7,-16,21,19,-6,42,6,28
24.5800,-12,-16,20,14,-1,42,4,30,-4,-13,23,17,-5,35,8,30,-10,-13,23,18,-8,47,5,31,-7,-13,25,16,-6,45,-4,28,-1,-18,25,16,-6,42,6,30,-8,-22,22,13,-5,41,5,30,-11,-14,23,25,-8,42,-1,33,-6,-11,19,17,-5,43,7,29
24.6000,-3,-8,22,16,-2,44,2,28,-1,-17,23,13,-8,36,10,28,-9,-13,22,16,-7,42,8,36,-8,-15,18,17,-5,44,-4,31,-2,-18,21,12,-8,38,9,32,-7,-20,15,16,-5,43,9,31,-8,-14,24,26,-9,41,2,27,-9,-20,21,17,-5,46,6,32
24.6200,-4,-14,21,19,-5,42,0,27,-6,-15,18,14,-5,32,7,29,-5,-19,20,14,-8,42,1,35,-5,-11,20,14,-5,44,-4,27,-2,-17,22,18,-6,40,3,32,0,-20,24,11,-4,39,3,29,-5,-14,18,25,-2,42,3,30,-10,-13,21,17,-6,42,8,28
24.6400,-8,-11,20,10,-1,44,0,27,-9,-13,21,13,-5,32,5,30,-9,-12,22,16,-5,39,7,34,-7,-15,22,15,-4,42,-1,27,2,-19,20,14,-4,40,7,30,-5,-21,21,10,-9,43,-2,30,-10,-14,24,27,-4,43,5,30,-9,-11,31,14,-7,41,4,31
24.6600,-9,-11,22,14,1,42,4,25,-8,-10,23,20,-5,36,6,30,-14,-13,21,11,-7,42,7,34,-9,-11,20,15,-6,41,-1,28,1,-18,19,14,-6,39,5,31,-3,-21,23,18,-1,39,2,26,-6,-12,21,23,-7,43,2,28,-10,-15,21,18,-8,42,8,30
24.6800,-8,-14,25,14,1,44,-1,30,-4,-14,20,18,-8,38,8,30,-5,-12,17,14,-7,42,1,39,-5,-10,22,17,-3,43,0,29,-5,-17,23,19,-4,38,8,35,-5,-20,23,15,-5,37,4,33,-10,-12,19,23,-9,42,1,28,-10,-15,22,13,-7,44,7,28
24.7000,-6,-10,22,15,-3,46,2,30,1,-12,23,18,-6,36,3,32,-7,-17,21,11,-3,43,7,36,-11,-9,24,12,-2,48,-5,30,-1,-15,22,19,-6,38,6,36,-5,-19,22,17,-6,43,6,32,-9,-15,22,21,-3,41,4,30,-8,-12,20,18,-7,43,7,31
24.7200,-10,-17,19,12,3,45,-2,30,-5,-16,22,16,-5,38,7,29,-3,-13,22,15,-8,42,5,36,-6,-13,19,15,-3,44,-2,29,-4,-16,24,13,-7,38,5,30,-6,-20,23,14,-11,40,2,25,-3,-12,21,28,-6,46,4,30,-8,-12,26,18,-6,38,2,30
24.7400,-9,-11,26,17,-2,39,1,31,-6,-15,20,16,-7,34,10,30,-11,-12,23,18,-6,43,0,35,-11,-14,24,11,-6,45,-4,30,-6,-15,24,16,-3,37,2,30,-7,-21,21,9,-11,43,6,27,-6,-13,23,22,-10,42,5,31,-10,-15,26,14,-3,40,6,32
24.7600,-8,-14,23,14,3,46,-1,32,-7,-13,20,18,-5,35,7,28,-10,-14,23,17,-9,41,8,34,-9,-12,23,16,-6,48,0,28,-6,-17,21,12,-6,40,6,35,-6,-20,23,17,-6,41,9,33,-8,-13,20,27,-3,43,1,31,-4,-10,21,15,-4,40,1,31
24.7800,-8,-13,19,14,-5,40,1,31,-3,-17,20,14,-6,32,2,31,-8,-17,22,15,-5,46,3,39,-5,-11,25,16,-2,42,1,29,-6,-12,20,14,-6,40,8,30,-11,-17,19,18,-9,37,5,30,-7,-10,25,28,-7,41,5,31,-11,-14,18,15,-9,41,7,31
24.8000,-5,-14,23,12,0,40,4,30,-3,-15,19,15,-5,37,7,23,-7,-12,24,13,-11,42,2,35,-9,-11,24,17,-4,43,1,31,-7,-13,20,13,-7,41,6,32,-7,-16,21,13,-8,41,7,34,-11,-14,24,23,-9,37,6,31,-8,-12,26,17,-9,43,4,25
24.8200,-5,-14,26,19,4,40,3,27,-9,-19,22,14,-8,34,6,29,-5,-12,20,14,-5,48,3,40,-3,-11,23,16,-5,42,-2,28,-1,-14,22,15,-2,42,4,35,-8,-20,24,16,-8,40,3,31,-3,-14,19,27,-11,40,2,27,-5,-16,20,15,-5,43,6,32
24.8400,-8,-13,20,16,-4,41,2,33,-6,-17,21,15,-9,31,7,29,-9,-14,22,13,-5,46,9,33,-5,-15,23,15,-3,44,1,31,-6,-16,25,15,-7,43,5,28,-6,-19,19,17,-9,42,6,32,-7,-12,22,26,-9,43,3,30,-11,-16,21,16,-2,45,2,27
24.8600,-7,-12,19,17,-6,41,-1,31,-5,-11,25,16,-6,35,8,28,-6,-14,20,13,-9,43,5,37,-10,-14,20,17,-3,40,0,28,-8,-17,22,16,-9,40,4,32,-6,-24,25,10,-6,37,2,32,-9,-14,24,26,-5,41,9,27,-8,-14,19,15,-3,42,0,27
24.8800,-7,-13,23,14,-3,45,-2,29,-2,-12,19,17,-6,38,6,25,-12,-14,26,13,-8,43,2,37,-8,-12,18,15,-4,43,-2,31,-2,-19,20,15,-6,41,6,29,-2,-24,16,14,-11,40,4,35,-8,-9,26,23,-7,40,4,26,-9,-15,17,18,-6,42,6,30
24.9000,-8,-15,21,17,-5,41,-1,34,-5,-13,18,15,-11,38,5,30,-8,-11,22,17,-9,41,6,32,-7,-13,20,18,0,38,-5,30,-5,-13,19,13,-3,38,6,28,-10,-17,23,17,-5,45,2,30,-7,-12,21,28,-3,45,5,30,-3,-16,21,14,-8,43,4,27
24.9200,-7,-9,22,17,-3,43,0,27,-4,-17,21,15,-4,35,7,29,-8,-16,21,17,-6,44,-1,35,-10,-12,23,16,-4,41,-4,33,-9,-16,17,13,-3,40,0,29,-7,-24,24,17,-9,42,5,32,-7,-11,26,22,-4,42,4,32,-9,-13,23,18,-6,44,3,29
24.9400,-11,-11,23,16,1,42,3,26,-4,-17,21,17,-3,40,9,30,-4,-15,25,17,-9,43,7,32,-11,-13,20,16,-5,39,4,29,1,-14,24,17,-6,40,7,30,-8,-17,22,18,-7,42,6,34,-8,-14,20,25,-5,42,5,28,-9,-14,23,17,-2,46,4,27
24.9600,-11,-13,21,11,-2,45,4,29,-8,-15,22,16,-9,41,6,27,-7,-15,24,23,-9,47,3,37,-8,-11,21,19,-2,43,-2,27,-2,-14,19,17,-6,42,6,29,-10,-20,21,17,-4,45,4,32,-6,-11,21,28,-1,43,4,29,-7,-12,22,18,-7,46,4,28
24.9800,-4,-14,19,12,2,42,1,27,-6,-12,23,16,-10,37,4,26,-11,-18,23,12,-9,42,3,36,-7,-13,24,14,-4,39,-2,33,-4,-16,19,17,-1,40,7,26,-11,-19,21,14,-6,44,5,32,-6,-8,21,31,-9,42,2,31,-12,-11,23,14,-6,44,8,30
25.0000,-7,-15,23,15,0,45,2,30,-8,-14,24,16,-6,36,3,28,-9,-19,22,18,-9,49,5,36,-7,-9,24,15,-3,44,-3,30,1,-15,21,14,-6,42,6,30,-10,-19,25,15,-9,45,7,26,-10,-11,26,25,-5,41,3,25,-11,-14,19,17,-6,45,4,33
25.0200,-11,-13,23,14,-2,40,-1,29,-8,-18,23,16,-8,38,9,33,-8,-17,20,16,-7,46,4,38,-9,-11,24,15,-6,45,-4,29,-5,-14,17,18,-8,41,6,29,-4,-22,25,18,-2,45,4,31,-8,-15,25,26,-5,41,5,31,-8,-17,21,15,-6,45,8,30
25.0400,-11,-14,20,13,3,47,5,27,0,-9,22,16,-3,38,3,27,-4,-15,25,11,-7,42,8,35,-7,-9,23,16,1,45,1,30,-4,-15,23,15,-3,45,6,31,-8,-20,23,16,-6,41,4,31,-9,-18,21,24,-7,45,1,28,-11,-11,21,12,-10,42,6,27
25.0600,-5,-11,22,18,-5,42,4,35,-7,-12,23,16,-5,41,3,28,-9,-19,25,12,-6,43,3,39,-7,-10,21,14,-4,41,-3,34,-3,-14,22,15,-4,43,4,30,-6,-20,18,16,-7,46,7,32,-2,-13,20,26,-7,44,4,33,-6,-13,24,14,-9,44,6,30
25.0800,-4,-13,24,16,-1,42,0,26,-10,-13,18,15,-7,37,3,29,-11,-17,22,17,-11,42,6,39,-9,-15,25,16,-3,46,-3,32,-3,-16,21,15,-7,43,3,29,-4,-17,23,13,-3,42,8,33,-6,-11,22,25,-9,45,6,27,-10,-15,23,13,-8,46,4,31
25.1000,-10,-13,22,18,-3,44,1,26,-9,-17,21,10,-1,37,8,28,-10,-16,19,14,-13,44,2,33,-10,-11,23,16,-8,43,0,33,-3,-17,22,15,-6,39,6,30,-7,-21,21,17,-6,43,3,27,-11,-14,17,25,-3,45,5,30,-8,-10,23,11,-10,43,2,31
25.1200,-7,-16,27,17,0,44,1,29,-5,-13,20,14,-3,38,11,28,-11,-12,23,16,-9,45,5,37,-8,-15,20,15,-3,44,-6,32,-3,-16,23,12,-5,39,5,32,-6,-21,21,16,-10,40,3,35,-6,-15,22,22,-7,41,2,31,-8,-13,23,15,-11,43,5,28
25.1400,-10,-16,22,17,-4,46,7,29,-5,-14,20,17,-9,41,12,27,-11,-16,22,17,-8,42,7,36,-8,-11,24,10,-6,47,0,30,-3,-13,23,13,-7,43,3,29,-9,-19,24,11,-8,43,5,30,-6,-14,21,24,-6,41,5,29,-8,-16,20,13,-6,43,6,27
25.1600,-10,-12,21,12,0,43,3,32,-8,-16,22,15,-6,39,11,29,-11,-21,23,11,-5,46,7,35,-5,-18,24,19,-4,44,-4,30,-3,-15,23,13,-6,41,5,29,-7,-21,23,14,-10,45,5,33,-8,-14,26,26,-6,42,7,27,-10,-13,18,13,-8,41,10,25
25.1800,-8,-12,20,16,-3,41,2,27,-3,-14,18,14,-9,38,4,29,-8,-20,21,15,-3,42,1,35,-11,-14,22,15,-6,46,0,28,-1,-13,23,17,-6,43,2,29,-6,-18,25,14,-11,45,5,33,-12,-15,22,25,-7,43,5,30,-7,-12,23,20,-6,49,5,28
25.2000,-8,-12,25,17,0,48,3,27,-8,-9,22,13,-4,38,3,29,-11,-13,22,15,-10,44,6,33,-11,-12,22,16,-4,44,0,29,-7,-17,24,15,-8,40,-1,30,-11,-15,27,15,-5,43,5,30,-10,-17,16,26,-10,44,3,30,-8,-9,18,17,-6,43,6,30
25.2200,-9,-15,19,15,-1,43,4,32,-6,-13,25,11,-7,38,3,31,-6,-11,20,17,-14,47,7,38,-10,-12,24,16,-5,40,-6,27,-3,-13,19,15,-6,42,8,33,-9,-19,23,12,-10,43,5,34,-8,-10,27,31,-10,42,11,28,-8,-13,16,17,-8,47,5,27
25.2400,-7,-15,21,13,0,44,2,30,-10,-12,25,17,-6,36,6,30,-12,-16,21,13,-11,39,3,38,-10,-14,18,14,-7,42,-4,29,-5,-12,23,14,-7,44,6,30,-6,-18,27,18,-7,40,7,33,-8,-14,20,26,-9,46,6,33,-10,-11,27,14,-10,43,4,28
25.2600,-5,-12,22,14,-2,42,-1,27,-10,-13,22,13,-7,40,4,29,-8,-15,23,18,-2,44,2,35,-7,-14,20,17,-6,46,-4,32,0,-11,25,17,-10,41,7,31,-3,-17,25,18,-5,41,7,35,-7,-11,27,26,-6,46,9,32,-8,-12,21,16,-2,44,9,28
25.2800,-8,-20,22,18,-3,43,-3,29,-5,-18,24,11,-4,40,5,26,-6,-19,24,16,-7,44,4,32,-6,-14,24,17,-5,45,-5,32,-4,-19,21,14,-7,41,3,32,-9,-21,21,17,-7,45,9,29,-11,-12,20,29,-4,47,6,32,-9,-11,20,14,-10,42,1,28
25.3000,-7,-14,25,10,-1,43,2,23,-4,-16,22,14,-8,39,4,28,-11,-18,23,14,-5,46,7,37,-7,-11,20,19,-4,49,-7,32,-5,-13,21,15,-8,44,5,31,-10,-17,26,16,-4,43,7,31,-5,-14,23,27,-11,46,4,26,-9,-12,23,11,-2,45,4,34
25.3200,-7,-15,22,16,1,44,3,32,-8,-15,24,18,-7,39,6,30,-10,-13,25,16,-2,44,4,37,-10,-17,20,15,-3,45,0,25,-8,-16,26,15,-6,41,7,31,-4,-17,26,15,-9,38,6,32,-9,-12,22,24,-6,46,1,28,-6,-12,26,15,-3,44,7,27
25.3400,-7,-13,22,13,-7,43,1,29,-4,-15,22,16,-5,35,10,29,-12,-15,21,12,-6,43,5,37,-5,-10,25,17,-6,42,0,32,2,-13,21,15,-9,45,9,28,-7,-21,24,14,-4,43,8,30,-7,-17,20,26,-10,44,2,29,-6,-18,28,13,-6,47,5,29
25.3600,-10,-11,25,11,1,40,3,29,-2,-17,25,13,-9,36,9,23,-10,-17,23,16,-10,44,7,38,-7,-12,28,12,-4,47,1,32,-3,-12,21,15,-6,37,6,28,-7,-17,22,18,-4,40,6,32,-9,-12,22,27,-9,45,4,31,-8,-16,25,13,-4,45,6,28
25.3800,-9,-12,25,16,2,44,1,29,-10,-16,23,17,-8,39,7,24,-7,-11,22,14,-6,46,6,34,-7,-12,25,15,-4,46,-1,33,0,-13,24,18,-10,40,4,31,-5,-22,19,18,-5,43,9,30,-9,-14,22,28,-6,41,3,29,-8,-14,18,15,-10,45,2,28
25.4000,-8,-17,20,18,-1,43,-3,31,-9,-15,25,14,-6,33,6,30,-8,-15,22,15,-6,46,-1,40,-8,-13,22,15,0,47,1,30,-3,-19,19,11,-3,46,7,31,-5,-18,19,12,-10,43,7,32,-11,-18,22,27,-4,43,7,30,-5,-16,24,12,-8,45,4,24
25.4200,-9,-14,24,15,-4,44,1,25,-7,-14,21,17,-5,37,6,27,-11,-17,23,16,-8,45,5,39,-12,-11,22,16,1,47,4,29,-1,-12,24,15,-7,39,4,29,-5,-23,26,15,-9,43,8,33,-8,-14,29,24,-11,47,4,30,-10,-13,24,18,-6,46,6,32
25.4400,-8,-15,24,17,-4,41,-2,32,-6,-15,23,15,-4,40,5,27,-7,-17,21,19,-12,47,5,36,-10,-16,27,14,-2,48,1,29,1,-15,21,14,-8,40,2,32,-3,-23,25,14,-7,39,4,33,-6,-12,29,21,-10,41,6,34,-5,-13,25,14,-6,40,4,28
25.4600,-7,-15,22,15,-1,44,2,30,-3,-14,21,20,-3,41,7,26,-8,-20,24,16,-6,47,4,37,-9,-13,23,19,-4,46,0,29,-2,-14,22,17,-6,43,2,28,-4,-20,24,11,-5,43,6,27,-11,-13,26,23,-5,43,6,31,-9,-14,21,13,-3,48,5,28
25.4800,-12,-11,24,18,-3,37,-1,27,-8,-14,24,13,-1,31,6,30,-9,-18,24,14,-14,41,4,35,-5,-12,22,15,0,45,-3,28,3,-17,22,14,-3,40,5,25,-4,-28,21,14,-9,42,4,29,-7,-12,22,19,-2,44,9,30,-7,-15,24,13,-5,43,5,29
25.5000,-7,-15,21,12,1,42,4,27,-7,-8,24,18,-4,41,10,26,-13,-17,25,17,-8,46,3,32,-7,-14,22,18,-2,48,-2,33,-1,-19,23,16,-9,40,7,24,-2,-21,22,19,-10,50,7,26,-9,-15,24,25,-5,41,3,29,-6,-16,19,15,-4,41,1,29
25.5200,-9,-12,19,16,-1,44,-1,28,-7,-15,26,16,-5,34,6,31,-8,-15,24,15,-8,44,8,35,-10,-14,24,15,-2,42,-5,31,0,-19,22,13,-7,42,6,27,-6,-18,20,17,-8,42,2,32,-12,-16,24,23,-7,43,10,29,-7,-13,19,12,-5,42,3,30
25.5400,-6,-14,23,16,-5,41,0,27,-7,-16,23,12,-3,38,13,26,-12,-20,26,16,-11,44,8,34,-9,-15,24,12,-6,45,-3,30,-1,-16,21,15,-7,42,6,30,-6,-21,19,11,-7,43,4,30,-10,-11,25,26,-5,43,5,32,-14,-12,21,14,-5,43,11,28
25.5600,-11,-17,18,15,-4,41,-2,27,-3,-13,23,14,-4,37,13,27,-7,-17,22,14,-9,43,6,34,-4,-13,25,13,-5,44,-3,34,-4,-17,22,14,-7,44,2,26,-6,-21,22,19,-10,47,7,34,-6,-12,24,24,-5,44,7,31,-6,-16,22,15,-6,42,3,25
25.5800,-6,-16,21,15,0,41,3,28,-2,-19,22,15,-6,39,7,28,-9,-20,19,19,-11,47,2,38,-6,-15,23,16,-2,45,-2,35,-4,-20,28,16,-3,39,2,31,-9,-17,20,18,-9,46,7,30,-8,-16,23,22,-5,44,6,25,-8,-17,26,13,-4,42,4,32
25.6000,-10,-11,24,15,-1,42,4,27,-6,-15,20,15,-9,39,5,28,-8,-17,25,14,-10,47,5,39,-6,-14,24,15,-5,42,-5,31,-4,-11,22,12,-3,40,3,29,-4,-20,23,13,-7,45,2,30,-12,-15,22,22,-10,43,7,31,-12,-18,22,12,-9,46,7,31
25.6200,-7,-13,22,17,3,41,0,29,-5,-16,22,16,-6,39,10,26,-10,-17,23,19,-8,41,6,36,-7,-13,21,15,-5,41,-2,28,0,-16,28,11,-5,41,7,29,-5,-21,22,14,-10,43,6,30,-8,-15,23,24,-11,48,4,31,-7,-12,20,11,-6,46,9,30
25.6400,-13,-16,20,12,-1,41,6,29,-6,-13,24,14,-9,38,8,25,-9,-17,19,18,-9,44,10,37,-5,-12,25,17,-11,43,-5,31,0,-17,27,15,-6,40,4,26,-8,-20,25,14,-8,43,7,30,-8,-14,24,23,-6,45,6,28,-10,-11,23,14,-6,43,9,30
25.6600,-13,-14,20,17,0,43,2,29,-8,-13,20,16,-8,38,8,26,-10,-19,24,14,-9,46,6,36,-11,-16,20,19,-3,45,0,33,-2,-20,22,14,-9,39,7,27,-7,-24,24,14,-10,45,2,32,-10,-16,27,23,-3,46,2,27,-12,-15,18,17,-6,45,8,30
25.6800,-9,-15,22,12,2,43,-1,27,-6,-14,24,13,-8,37,8,30,-11,-17,20,15,-8,43,4,34,-7,-10,24,16,-2,46,-4,34,-7,-21,25,15,-8,42,6,29,-7,-24,18,17,-9,46,6,29,-9,-11,27,25,-5,43,4,31,-11,-12,24,16,-7,46,5,31
25.7000,-9,-13,22,15,-2,45,3,29,-10,-13,19,13,-5,34,8,29,-7,-16,22,9,-10,40,9,37,-4,-14,23,16,-4,47,-5,30,-4,-16,23,19,-9,44,8,25,-6,-19,24,15,-11,44,8,31,-7,-16,22,24,-3,43,0,28,-9,-15,23,16,-2,41,7,33
25.7200,-13,-14,28,13,4,42,2,26,-10,-17,26,18,-8,35,11,29,-11,-20,22,16,-8,47,7,41,-12,-14,23,16,-8,47,2,31,-2,-13,27,17,-5,40,1,29,-6,-21,22,15,-8,46,6,33,-10,-12,24,24,-11,42,4,25,-13,-14,21,17,-8,48,4,32
25.7400,-6,-12,25,14,-4,47,-1,26,-6,-13,22,15,-3,36,9,31,-14,-16,22,17,-11,46,5,39,-9,-10,25,18,-4,49,-4,28,1,-17,22,16,-7,44,5,30,-4,-20,23,20,-7,43,10,33,-9,-15,22,27,-11,42,4,30,-9,-17,29,15,-5,44,8,25
25.7600,-11,-11,22,15,-3,45,5,32,-5,-13,22,20,-8,38,4,29,-7,-15,24,16,-9,39,1,36,-5,-10,23,15,-3,45,-1,31,-1,-18,23,14,-9,47,7,30,-7,-21,27,15,-7,46,4,31,-11,-12,24,26,-9,41,5,29,-11,-10,22,10,-12,43,9,31
25.7800,-12,-15,28,16,-1,43,5,28,-7,-14,19,17,-3,37,8,31,-7,-24,25,15,-9,48,2,43,-7,-12,26,17,-8,45,-7,30,-4,-17,20,18,-12,42,7,26,-8,-26,23,15,-4,47,6,31,-10,-12,24,22,-8,45,5,28,-6,-14,21,18,-9,43,4,27
25.8000,-10,-12,24,16,-3,42,3,25,-5,-15,27,12,-6,36,6,30,-6,-16,18,18,-9,44,1,37,-8,-16,19,13,-8,46,-4,33,-4,-11,20,12,-5,42,10,35,-7,-17,22,17,-8,50,7,31,-10,-19,27,26,-8,44,7,29,-12,-16,22,17,-8,46,8,24
25.8200,-8,-10,20,15,-1,45,4,28,-6,-16,25,12,-3,39,7,28,-9,-20,23,12,-6,44,2,37,-9,-8,24,19,-5,45,-1,29,-5,-17,23,12,-11,40,6,31,-3,-21,21,18,-7,48,2,30,-11,-16,23,23,-8,43,7,31,-10,-15,22,20,-6,38,7,25
25.8400,-7,-14,20,15,0,41,9,31,-2,-18,26,10,-7,36,7,26,-9,-13,23,18,-11,47,0,33,-9,-12,20,12,-4,47,-6,31,-4,-18,22,18,-7,39,7,30,-8,-22,22,14,-5,46,4,31,-14,-13,22,23,-10,41,2,27,-11,-10,26,17,-8,44,5,30
25.8600,-16,-16,27,16,5,50,3,24,-5,-12,23,15,-4,37,8,23,-6,-18,23,15,-9,46,1,37,-11,-9,23,15,-5,47,-6,30,-2,-17,23,9,-4,41,10,30,-6,-20,18,13,-8,39,4,33,-12,-7,24,24,-5,44,6,26,-7,-10,22,13,-6,43,7,33
25.8800,-8,-16,23,19,-1,44,1,24,-8,-16,22,18,-7,42,9,31,-12,-18,22,12,-8,48,4,36,-11,-11,22,15,-4,47,-3,32,-3,-16,23,10,-5,38,2,33,-9,-21,25,16,-5,39,8,28,-10,-10,21,23,-7,50,7,32,-7,-13,21,18,-3,46,3,27
25.9000,-10,-18,20,14,-5,44,4,32,-6,-13,21,15,-6,36,9,28,-9,-18,17,15,-4,44,2,38,-9,-13,22,12,-3,45,-3,31,-6,-14,28,13,-7,42,4,28,-8,-25,23,11,-3,50,6,31,-8,-16,21,27,-9,47,6,32,-6,-17,23,14,-6,38,4,26
25.9200,-12,-15,18,10,0,42,6,30,-6,-14,19,17,-2,32,9,29,-10,-21,27,18,-9,45,6,35,-12,-17,29,15,-5,46,-5,34,-1,-19,22,13,-1,45,6,31,-6,-22,23,18,-10,48,4,31,-7,-11,17,23,-8,43,5,31,-9,-16,20,10,-6,44,8,27
25.9400,-12,-16,21,12,1,44,5,28,-5,-14,20,14,-5,39,8,31,-13,-19,23,14,-6,44,5,38,-10,-14,19,14,0,43,-1,30,-5,-14,21,14,-5,47,5,26,-8,-23,19,15,-5,47,6,36,-12,-16,23,27,-9,44,5,33,-8,-13,22,18,-4,41,8,24
25.9600,-10,-13,24,18,-4,43,4,24,-8,-14,30,11,-3,37,9,26,-9,-22,20,12,-3,42,4,36,-10,-15,22,14,-9,49,-2,32,-3,-13,23,14,-9,43,5,29,-5,-23,21,13,-12,46,5,27,-8,-15,25,27,-13,46,-1,30,-7,-17,22,14,-8,45,6,28
25.9800,-8,-11,23,14,0,40,3,25,-8,-13,22,8,-4,42,7,33,-12,-19,22,14,-9,49,2,40,-6,-13,23,12,-5,49,-5,29,-3,-18,25,17,-9,45,5,30,-8,-23,27,18,-9,45,8,32,-6,-19,23,26,-3,47,4,26,-7,-16,20,13,-4,46,7,28
26.0000,-11,-12,22,15,-1,39,6,29,-6,-10,20,14,-5,36,5,27,-8,-18,20,20,-10,42,2,36,-9,-11,24,13,-7,46,-7,33,-2,-19,27,16,-8,44,7,28,-5,-22,20,13,-6,44,5,32,-10,-10,23,23,-5,46,3,29,-11,-15,17,15,-6,41,2,24
26.0200,-6,-16,23,18,-6,42,3,28,-8,-15,24,16,-4,38,11,30,-8,-19,21,19,-7,46,4,39,-7,-16,24,14,-7,48,-4,32,-6,-17,23,15,-8,43,9,30,-7,-23,22,14,-11,43,8,29,-9,-13,26,20,-9,46,9,23,-12,-18,22,21,-8,49,5,26
26.0400,-11,-14,22,15,2,43,6,27,-6,-16,21,14,-5,39,8,30,-9,-17,22,14,-7,45,4,35,-9,-14,22,16,-4,44,0,30,-3,-18,24,16,-7,40,5,26,-8,-26,24,12,-7,46,4,31,-6,-13,22,28,-7,43,6,29,-8,-19,25,13,-4,43,7,29
26.0600,-10,-12,24,12,1,40,1,26,-10,-13,18,15,-8,36,6,30,-4,-17,21,19,-7,38,4,32,-11,-17,23,12,-7,46,-1,29,-4,-14,23,10,-9,43,4,29,-5,-27,21,16,-4,46,6,32,-6,-14,25,26,-7,45,8,29,-8,-18,18,16,-7,44,3,28
26.0800,-9,-17,23,15,-2,43,4,28,-8,-14,22,13,-6,32,7,25,-8,-17,25,15,-11,42,6,38,-7,-10,21,11,-7,47,-2,31,0,-15,22,12,-9,42,5,29,-4,-22,22,16,-7,44,5,33,-5,-18,22,23,-3,48,4,28,-9,-15,19,14,-6,45,6,29
26.1000,-7,-20,20,11,-6,43,2,25,-8,-17,22,16,-8,35,9,26,-11,-22,19,13,-11,46,5,38,-7,-13,24,19,-5,47,-5,33,-7,-17,24,15,-10,44,3,27,-8,-22,27,15,-5,43,8,30,-7,-18,18,26,-7,42,3,30,-7,-17,20,16,-8,43,6,30
26.1200,-7,-16,27,16,-3,47,2,30,-7,-15,21,12,-5,35,10,26,-5,-18,20,12,-9,40,5,36,-9,-14,22,16,-8,41,0,31,-7,-11,21,14,-9,43,7,25,-4,-20,23,15,-13,45,10,30,-6,-19,23,25,-7,46,10,32,-8,-14,19,14,-10,44,1,32
26.1400,-11,-13,23,17,-3,42,3,27,-5,-13,19,13,-6,33,8,30,-10,-18,20,16,-12,42,7,36,-14,-13,23,14,-4,49,-3,30,-6,-16,23,14,-5,41,6,27,-8,-20,19,18,-11,47,8,33,-9,-16,26,25,-10,44,5,30,-6,-7,22,14,-7,47,8,31
26.1600,-10,-14,22,11,-3,42,7,24,-5,-14,24,17,-4,35,9,28,-13,-17,24,13,-11,39,1,34,-10,-13,20,15,-10,40,-4,30,-7,-15,25,18,-9,42,5,31,-8,-24,21,13,-8,40,6,30,-11,-14,17,24,-10,44,9,28,-13,-13,20,13,-8,49,6,30
26.1800,-16,-13,21,10,-5,42,2,28,-10,-13,23,16,-9,38,5,28,-13,-20,25,11,-8,43,2,35,-9,-14,26,12,-3,48,-3,30,0,-15,21,12,-8,42,5,31,-7,-25,24,14,-4,40,8,34,-7,-15,22,23,-9,48,6,25,-11,-16,18,15,-10,48,6,31
26.2000,-9,-12,22,16,-3,42,5,28,-7,-15,23,14,-5,33,9,30,-13,-12,23,12,-3,43,2,38,-9,-12,27,12,-10,46,-4,31,-3,-19,23,15,-6,40,6,25,-6,-26,21,18,-7,45,5,33,-7,-14,21,24,-8,43,4,33,-7,-16,20,16,-8,43,4,26
26.2200,-8,-12,20,14,5,42,4,33,-9,-13,21,14,-4,38,10,27,-13,-16,21,14,-10,42,1,41,-8,-9,21,17,-8,51,-9,29,-8,-16,22,16,-7,45,4,29,-13,-25,25,17,-8,45,5,35,-11,-19,21,21,-6,49,8,31,-11,-11,23,15,-10,47,6,28
26.2400,-14,-12,22,14,-1,42,1,25,-4,-15,23,14,-8,36,5,29,-11,-18,22,18,-12,43,1,37,-6,-14,22,13,-8,48,-5,28,-6,-15,20,13,-7,44,4,30,-6,-23,24,13,-9,46,5,30,-9,-18,20,27,-9,41,8,32,-5,-17,18,15,-11,46,7,25
26.2600,-14,-15,25,16,-2,43,4,27,-11,-17,18,15,-6,34,0,25,-14,-21,19,14,-7,40,5,39,-9,-14,25,16,-7,44,-2,28,-1,-15,21,12,-8,43,4,29,-9,-23,17,14,-6,49,6,33,-9,-13,23,22,-7,41,8,30,-12,-14,21,13,-3,42,3,28
26.2800,-8,-9,21,16,0,43,7,29,-10,-13,24,14,0,39,9,29,-10,-17,24,14,-6,49,1,38,-4,-9,20,16,-3,43,-4,29,-6,-16,19,14,-9,43,-2,33,-12,-24,22,14,-5,43,6,29,-11,-13,19,20,-11,46,8,30,-10,-14,18,15,-6,44,0,27
26.3000,-10,-16,19,13,-3,41,2,28,-8,-16,18,14,-6,38,10,25,-12,-21,23,13,-5,40,4,38,-10,-12,20,14,-4,45,1,30,-1,-12,21,17,-11,44,3,28,-9,-25,24,13,-11,42,11,31,-6,-14,23,19,-8,47,5,28,-12,-18,21,14,-7,45,7,22
26.3200,-9,-14,21,14,2,41,7,27,-8,-11,20,10,-5,41,9,26,-12,-17,18,16,-7,48,5,37,-7,-14,21,16,-3,46,-1,32,-4,-14,23,10,-11,44,4,27,-10,-17,22,15,-10,45,5,25,-5,-20,24,20,-4,44,9,26,-12,-11,20,15,-5,43,3,24
26.3400,-10,-15,27,13,-2,41,3,28,-9,-13,25,16,-5,38,4,26,-9,-18,19,13,-7,46,3,41,-5,-12,21,16,-9,47,-2,29,-4,-14,24,11,-9,42,3,28,-10,-18,23,16,-8,42,8,31,-9,-16,24,20,-8,44,3,28,-13,-17,20,15,-6,46,7,32
26.3600,-9,-18,22,7,1,41,5,27,-6,-10,24,14,-6,39,7,24,-14,-18,20,16,-10,47,1,40,-12,-13,26,13,-8,51,-1,28,-8,-19,26,12,-10,43,5,26,-10,-23,27,15,-5,46,7,29,-9,-15,23,25,-6,47,4,30,-10,-15,19,13,-5,45,8,29
26.3800,-11,-16,21,19,-2,41,1,28,-6,-16,23,15,-6,36,9,34,-15,-19,22,17,-11,43,5,38,-10,-16,23,15,-6,46,-8,29,-9,-15,22,16,-9,41,6,28,-10,-23,23,13,-7,48,7,29,-7,-14,17,26,-7,44,2,25,-9,-13,19,12,-12,43,7,31
26.4000,-11,-15,24,15,2,41,9,25,-9,-14,18,15,-4,37,9,33,-6,-20,16,14,-7,47,4,36,-6,-9,17,14,-4,46,-3,31,-8,-13,25,19,-7,45,6,28,-8,-24,23,12,-14,49,7,31,-11,-14,22,22,-7,41,7,28,-8,-17,25,17,-8,44,4,27
26.4200,-11,-18,21,15,-3,42,7,25,-10,-16,26,19,-5,34,7,26,-11,-17,26,17,-6,47,7,37,-9,-16,19,11,-5,44,-5,33,-6,-15,21,15,-9,45,2,27,-10,-18,25,14,-6,46,3,31,-7,-15,17,23,-8,47,9,28,-10,-15,18,19,-5,46,7,25
26.4400,-8,-12,20,15,-3,42,5,26,-10,-14,17,18,-4,40,5,28,-11,-17,23,17,-8,42,5,35,-2,-13,20,14,-4,46,-4,32,-4,-13,23,18,-6,44,2,28,-12,-21,23,14,-10,45,3,34,-11,-19,24,23,-8,46,14,29,-12,-15,20,13,-10,43,7,31
26.4600,-9,-14,20,15,-2,43,4,26,-7,-20,22,13,-5,37,5,24,-11,-22,25,17,-10,46,6,34,-4,-11,21,17,-6,50,-5,26,-2,-19,24,15,-8,41,3,24,-8,-22,19,11,-8,45,5,27,-12,-16,18,20,-10,43,2,28,-5,-15,23,13,-8,46,9,28
26.4800,-7,-16,23,14,-1,40,9,23,-11,-14,19,16,-5,33,7,25,-13,-18,19,18,-9,48,2,38,-7,-14,24,15,-10,45,-5,30,-6,-16,21,10,-12,43,2,23,-7,-23,22,10,-6,43,9,26,-12,-14,20,21,-6,42,7,25,-13,-16,24,19,-7,46,8,25
26.5000,-8,-13,21,13,-2,45,7,28,-11,-11,17,14,-3,37,5,28,-11,-22,25,13,-8,44,3,35,-9,-16,23,15,-2,44,-4,28,-3,-17,22,15,-11,44,5,26,-12,-19,21,13,-11,46,6,25,-5,-15,20,19,-8,46,5,27,-6,-17,18,12,-9,43,3,28
26.5200,-11,-17,22,13,3,39,6,24,-11,-16,22,12,-2,33,10,26,-13,-15,25,13,-8,44,7,38,-7,-14,22,15,-5,46,0,32,-2,-15,21,17,-7,41,1,28,-8,-21,22,14,-6,46,8,30,-6,-15,21,25,-7,44,11,29,-10,-16,22,13,-7,45,2,28
26.5400,-12,-16,22,11,1,43,7,28,-10,-14,20,14,-3,38,5,27,-11,-21,22,15,-3,46,2,34,-7,-16,18,19,-7,48,-7,30,-3,-15,26,13,-7,41,2,25,-6,-21,24,14,-9,48,8,32,-13,-17,24,23,-8,46,8,28,-8,-18,23,18,-5,46,5,28
26.5600,-9,-18,19,15,-3,41,6,26,-10,-16,19,15,-6,40,2,27,-13,-18,20,14,-10,42,4,41,-8,-15,21,15,-8,44,0,32,-5,-13,20,16,-12,45,6,23,-7,-21,24,15,-8,48,11,33,-8,-14,20,24,-7,43,4,27,-9,-15,24,12,-4,42,7,28
26.5800,-8,-15,19,17,-2,41,4,28,-1,-18,21,15,-3,37,5,30,-13,-18,19,16,-13,45,7,36,-10,-12,25,14,-5,45,-2,27,-6,-16,20,15,-7,46,7,24,-8,-18,18,12,-10,47,4,28,-10,-12,21,20,-6,42,5,28,-8,-16,20,17,-5,42,6,28
26.6000,-6,-17,27,16,-1,47,3,24,-8,-16,21,11,-4,36,9,31,-10,-21,20,14,-15,50,0,36,-3,-13,22,15,-7,47,-3,32,-5,-15,21,15,-6,45,7,29,-6,-20,18,17,-10,44,4,29,-11,-15,19,19,-7,41,6,29,-9,-19,24,15,-8,46,7,26
26.6200,-11,-16,23,18,1,43,9,26,-11,-16,22,14,-7,39,10,29,-12,-14,18,16,-12,49,4,37,-9,-14,20,15,-6,44,-7,25,-7,-15,20,17,-6,46,4,27,-3,-26,18,12,-7,46,6,28,-12,-17,26,23,-5,41,6,25,-8,-14,22,16,-2,42,7,25
26.6400,-12,-13,21,10,-5,45,4,23,-12,-14,22,16,-3,37,8,26,-11,-19,20,14,-11,42,3,39,-8,-16,24,14,-6,43,-4,30,-2,-13,22,11,-9,42,-1,25,-6,-21,20,15,-7,51,6,29,-12,-18,22,21,-5,41,8,23,-10,-14,22,18,-6,44,6,29
26.6600,-12,-17,18,15,1,41,5,27,-8,-11,21,17,-6,38,6,26,-15,-16,21,15,-10,46,6,36,-8,-23,24,11,-7,44,-4,29,-4,-18,20,15,-8,46,8,28,-7,-19,20,16,-8,45,3,29,-9,-16,16,22,-6,44,9,27,-10,-13,23,16,-13,45,6,28
26.6800,-10,-13,19,12,0,41,7,26,-7,-17,22,14,-5,34,6,28,-10,-15,23,7,-7,42,1,37,-12,-13,21,19,-4,44,-3,34,-3,-13,21,13,-9,39,8,24,-9,-23,24,17,-7,44,4,29,-5,-14,18,25,-7,41,6,27,-8,-13,18,10,-12,44,5,27
26.7000,-5,-16,17,14,0,43,5,26,-9,-16,20,15,-3,40,0,29,-13,-14,27,17,-12,44,0,37,-7,-16,21,13,-6,46,0,31,-5,-15,21,15,-5,44,8,32,-12,-20,26,12,-8,44,8,25,-11,-13,18,24,-4,41,2,25,-11,-17,24,12,-10,45,6,29
26.7200,-9,-15,24,16,-5,37,12,27,-5,-16,19,18,-5,36,11,27,-12,-25,21,14,-12,42,4,39,-11,-14,20,17,-7,40,-2,31,-9,-16,18,11,-7,42,12,27,-8,-18,24,15,-11,48,6,28,-6,-13,22,24,-3,46,7,28,-5,-13,20,13,-10,45,9,27
26.7400,-12,-19,24,14,0,43,3,30,-4,-16,19,15,-8,37,7,29,-9,-18,19,17,-9,45,4,38,-6,-16,24,15,-3,46,-3,24,-6,-13,21,13,-6,44,2,29,-8,-22,18,10,-9,43,1,30,-9,-15,19,19,-10,48,6,29,-9,-16,20,13,-9,45,6,27
26.7600,-6,-18,22,14,-4,42,8,26,-11,-12,23,15,-3,35,7,24,-7,-18,24,18,-10,43,3,37,-7,-15,23,14,-7,48,-1,32,-6,-19,20,14,-11,42,4,26,-6,-18,22,9,-6,45,5,32,-6,-15,21,17,-4,47,6,28,-12,-20,22,10,-6,45,5,29
26.7800,-7,-15,23,18,-3,39,8,31,-12,-15,25,15,-3,36,5,30,-9,-16,24,14,-12,46,1,39,-8,-15,17,11,-1,46,0,33,-8,-19,24,14,-1,42,0,28,-7,-18,20,15,-11,48,7,28,-10,-17,19,21,-8,47,7,24,-8,-13,22,11,-4,45,8,25
26.8000,-12,-11,20,15,-3,45,7,28,-9,-18,17,14,-3,39,5,28,-12,-20,18,14,-11,47,0,37,-9,-12,20,16,-8,48,-2,33,-8,-17,24,15,-7,43,6,27,-5,-25,19,17,-7,45,9,30,-13,-18,21,22,-8,40,5,26,-8,-17,22,13,-8,42,6,28
26.8200,-5,-13,19,16,-3,42,6,28,-8,-16,24,13,-9,38,8,22,-10,-22,20,20,-10,43,4,36,-10,-18,19,14,-5,48,-3,30,-7,-14,19,15,-5,38,4,26,-7,-27,21,17,-8,46,8,31,-10,-15,19,16,-8,47,8,28,-10,-14,17,13,-8,47,5,25
26.8400,-13,-17,18,14,1,38,8,27,-8,-13,22,14,-5,38,6,26,-11,-14,22,15,-13,46,2,36,-11,-13,23,12,-7,47,-2,31,-6,-22,23,13,-12,44,5,26,-5,-20,18,13,-10,49,8,31,-8,-20,21,18,-6,45,3,30,-10,-22,22,17,-7,43,9,26
26.8600,-8,-15,19,16,-5,41,7,26,-14,-13,19,16,-9,37,9,24,-11,-17,18,6,-10,45,4,33,-10,-11,25,17,-9,45,-3,29,-3,-17,17,16,-9,42,6,28,-8,-16,19,17,-14,48,6,28,-9,-22,20,22,-11,45,8,25,-14,-17,25,15,-9,42,6,29
26.8800,-9,-21,19,18,-2,41,8,24,-11,-10,24,12,-8,33,8,24,-11,-16,22,14,-9,46,5,37,-9,-15,25,11,-9,44,-6,30,-4,-17,15,16,-7,44,2,30,-10,-21,20,18,-7,45,3,30,-10,-19,20,21,-9,47,8,27,-13,-15,25,18,-13,44,5,26
26.9000,-8,-15,18,13,-4,43,5,21,-11,-12,25,14,0,38,4,27,-8,-20,20,14,-7,46,5,35,-10,-15,21,15,-8,46,-7,30,-6,-20,24,13,-7,43,7,23,-7,-22,20,13,-6,46,6,30,-6,-17,19,23,-9,42,5,27,-9,-19,19,11,-7,46,8,29
26.9200,-10,-20,19,14,-6,40,6,24,-9,-14,19,15,-5,39,6,25,-10,-16,19,17,-6,44,7,36,-9,-14,19,18,-8,48,-2,30,-8,-14,24,15,-4,44,5,25,-9,-23,22,13,-10,46,8,29,-11,-19,18,19,-6,46,6,26,-11,-16,21,12,-5,45,5,32
26.9400,-10,-12,20,16,-1,40,4,30,-6,-16,20,14,-7,41,8,27,-13,-17,19,13,-13,44,3,39,-9,-17,22,13,-8,47,1,27,-5,-17,20,15,-7,46,8,26,-10,-17,23,13,-8,43,7,29,-9,-17,19,17,-6,45,6,24,-12,-15,21,17,-7,47,7,28
26.9600,-10,-20,21,16,1,42,8,27,-11,-17,21,13,-6,38,6,21,-12,-21,21,13,-13,44,4,35,-4,-15,18,15,-10,45,-3,28,-5,-16,17,12,-6,44,5,26,-9,-21,22,13,-9,45,3,27,-10,-20,19,17,-8,47,5,21,-9,-16,22,18,-11,45,6,29
26.9800,-10,-13,20,14,-4,44,6,22,-14,-9,20,15,-1,40,3,30,-12,-20,18,15,-11,45,5,36,-5,-11,21,14,-9,45,-6,29,-8,-16,19,14,-7,45,5,26,-7,-25,21,13,-10,48,2,30,-11,-16,25,19,-9,43,4,28,-9,-13,18,16,-9,46,7,29
27.0000,-12,-15,20,13,3,43,7,24,-12,-11,18,18,-4,35,10,29,-6,-15,20,17,-7,47,3,41,-8,-11,21,18,-5,49,-2,29,-3,-15,24,14,-13,42,3,30,-5,-19,23,10,-11,47,6,27,-7,-15,17,20,-8,44,4,25,-8,-10,19,15,-5,44,9,24
27.0200,-12,-20,20,16,1,46,6,29,-12,-17,20,18,-4,39,2,26,-11,-15,19,17,-11,41,6,39,-10,-16,15,17,-8,44,-2,25,-9,-16,23,16,-9,48,7,25,-8,-19,19,11,-13,42,5,26,-9,-17,21,18,-9,44,5,24,-8,-14,19,15,-13,45,7,29
27.0400,-7,-14,16,13,-3,42,1,30,-14,-17,16,17,-5,39,8,28,-10,-23,17,14,-10,45,5,34,-11,-16,19,13,-7,48,-5,30,-7,-16,22,14,-8,45,5,28,-8,-17,18,11,-7,46,6,30,-8,-19,18,19,-9,44,5,28,-10,-15,18,15,-10,46,9,29
27.0600,-9,-15,21,24,-2,40,8,23,-6,-14,16,12,3,32,9,31,-11,-17,24,15,-7,44,6,38,-5,-14,19,13,-5,44,-3,30,-6,-20,19,15,-9,45,6,24,-12,-22,19,17,-12,46,7,25,-7,-19,18,24,-11,42,11,28,-13,-16,22,14,-11,46,6,26
27.0800,-8,-18,20,15,-8,44,7,22,-12,-15,24,20,-5,39,9,28,-13,-20,17,13,-10,47,7,34,-7,-14,16,15,-8,50,-3,28,-7,-22,21,15,-13,46,4,29,-9,-22,22,19,-7,44,6,26,-8,-22,20,17,-8,44,10,28,-9,-16,21,13,-10,46,11,28
27.1000,-6,-15,22,14,-4,41,6,25,-11,-11,19,13,-4,39,6,32,-12,-13,21,12,-9,45,5,40,-6,-14,22,15,-7,45,0,32,-12,-15,20,14,-8,45,6,27,-9,-18,21,18,-5,45,5,26,-8,-19,20,22,-8,46,11,26,-8,-14,21,14,-7,41,4,27
27.1200,-9,-18,18,15,0,43,5,26,-11,-17,21,11,-5,31,8,29,-7,-18,17,11,-6,45,7,38,-6,-14,15,12,-7,44,-1,29,-6,-18,17,15,-7,47,5,27,-7,-23,23,13,-8,48,2,29,-12,-13,23,19,-2,45,3,24,-9,-20,19,16,-7,45,5,29
27.1400,-13,-15,16,18,-1,40,6,23,-10,-16,16,16,-2,35,9,30,-11,-20,20,16,-9,48,6,38,-4,-14,15,14,-6,42,-5,31,-3,-15,20,14,-11,43,6,25,-7,-23,20,13,-11,45,5,27,-5,-20,22,20,-10,47,4,29,-10,-17,22,10,-6,46,8,28
27.1600,-7,-16,20,16,-4,44,9,26,-12,-13,21,15,-5,31,5,27,-7,-17,23,15,-8,43,5,35,-9,-18,19,13,-6,44,-1,26,-7,-17,21,13,-8,42,5,26,-7,-21,20,15,-7,50,3,26,-10,-18,16,21,-7,44,4,28,-10,-17,16,14,-6,45,5,24
27.1800,-8,-17,20,11,1,42,5,25,-9,-17,17,12,-2,38,10,26,-11,-21,18,14,-11,44,3,31,-7,-13,18,15,-8,41,-4,27,-6,-16,19,16,-9,46,5,25,-7,-22,18,16,-9,43,4,29,-7,-21,23,19,-7,41,6,29,-7,-16,19,13,-7,49,4,24
27.2000,-10,-14,20,13,1,44,4,29,-12,-19,23,16,-4,35,4,28,-9,-18,23,17,-12,47,3,33,-12,-16,17,17,-12,45,-3,27,-6,-17,19,15,-9,45,2,25,-11,-18,20,14,-3,45,7,29,-6,-18,21,18,-5,43,5,25,-11,-16,19,12,-7,46,6,24
27.2200,-7,-19,17,13,-3,37,3,28,-11,-17,21,10,-7,36,8,27,-13,-20,24,18,-10,45,2,35,-7,-14,17,13,-7,45,-4,26,-3,-15,21,15,-9,46,4,26,-8,-21,21,15,-11,44,5,27,-9,-18,22,17,-8,42,7,22,-10,-20,21,12,-6,43,2,27
27.2400,-11,-10,13,12,-2,44,8,24,-8,-13,21,15,-8,36,9,21,-15,-19,18,17,-8,46,4,36,-9,-10,16,13,-11,43,-3,33,-10,-11,20,17,-10,41,5,27,-8,-22,18,13,-8,46,7,27,-4,-18,21,19,-7,43,5,26,-11,-20,19,14,-9,46,4,24
27.2600,-11,-15,24,11,-1,43,1,23,-12,-14,20,11,-8,38,6,26,-15,-23,22,11,-7,45,5,35,-7,-16,19,21,-6,44,-6,28,-2,-15,21,14,-9,49,2,30,-5,-20,17,15,-8,45,5,25,-9,-18,20,18,-7,47,1,23,-10,-16,19,12,-8,46,10,26
27.2800,-10,-19,15,13,-3,40,6,27,-7,-16,18,12,-12,35,3,23,-15,-19,23,16,-8,43,2,35,-8,-19,22,13,-10,44,-2,26,-7,-16,21,11,-8,45,3,25,-6,-21,17,14,-10,43,2,29,-9,-17,14,19,-5,42,10,31,-10,-20,16,15,-8,46,11,26
27.3000,-13,-14,21,15,-3,45,8,25,-12,-15,20,16,-5,35,5,26,-11,-21,20,16,-5,46,6,37,-8,-15,15,19,-8,44,-3,33,-9,-18,19,12,-11,42,3,24,-9,-23,19,12,-11,45,4,28,-10,-16,16,18,-7,45,5,30,-9,-21,18,11,-10,42,7,27
27.3200,-10,-14,15,11,-2,41,5,24,-11,-12,20,14,-4,33,9,29,-8,-21,22,11,-6,40,8,35,-3,-17,16,11,-9,43,-3,30,-7,-18,19,11,-7,47,8,27,-7,-23,19,8,-7,44,7,28,-11,-14,17,18,-9,43,9,28,-9,-20,17,9,-10,45,5,27
27.3400,-16,-15,19,14,-5,46,6,26,-6,-15,20,14,-9,37,6,25,-9,-22,21,12,-7,45,5,33,-8,-14,20,12,-8,45,0,31,-8,-18,21,15,-10,50,4,20,-9,-17,19,13,-5,48,2,27,-7,-20,20,20,-5,45,8,26,-13,-14,22,8,-10,46,5,22
27.3600,-13,-14,14,16,-2,44,11,27,-12,-11,18,13,-5,33,7,25,-9,-20,17,14,-6,44,7,35,-6,-17,17,13,-11,45,0,27,-11,-19,21,11,-8,45,4,29,-9,-21,22,8,-10,43,3,26,-6,-16,19,20,-9,42,3,24,-6,-19,15,13,-5,41,3,24
27.3800,-13,-16,22,15,-3,45,9,27,-10,-18,22,14,-6,36,8,27,-10,-17,17,15,-7,43,7,34,-10,-15,13,13,-10,37,-3,26,-5,-17,19,11,-8,40,2,27,-10,-24,19,14,-6,46,4,28,-6,-19,21,17,-9,49,9,24,-9,-17,18,9,-7,42,2,25
27.4000,-10,-14,19,13,-7,36,6,27,-16,-16,17,14,-7,34,4,25,-8,-15,21,13,-6,42,1,35,-9,-21,20,11,-10,44,-2,30,-6,-12,23,12,-10,46,8,24,-4,-20,16,11,-9,41,5,33,-9,-19,17,21,-9,43,10,27,-5,-15,17,11,-10,47,5,26
27.4200,-9,-19,21,14,-3,42,10,26,-12,-17,25,15,-8,35,2,21,-12,-19,17,9,-5,43,7,36,-9,-22,19,13,-6,45,-1,22,-7,-15,19,14,-8,40,8,23,-11,-25,21,13,-10,45,4,30,-10,-14,14,21,-8,48,11,26,-11,-12,18,16,-8,42,11,24
27.4400,-12,-15,20,11,-1,43,12,28,-12,-12,20,15,-9,37,2,24,-13,-20,21,12,-12,43,4,34,-3,-15,21,13,-11,39,-2,28,-9,-19,18,10,-9,43,5,24,-9,-23,16,13,-9,46,7,27,-8,-17,18,20,-11,47,6,27,-12,-14,17,18,-8,43,6,25
27.4600,-15,-14,21,14,-2,40,9,25,-11,-19,12,13,-4,34,1,26,-9,-18,18,11,-4,44,5,35,-11,-16,16,15,-9,45,-2,29,-4,-14,19,15,-10,44,4,26,-8,-21,21,12,-9,49,7,24,-12,-18,17,19,-8,43,7,26,-11,-17,20,15,-6,45,3,24
27.4800,-9,-18,17,14,-5,39,9,24,-11,-14,20,11,-5,37,6,30,-14,-20,18,9,-10,43,3,33,-12,-17,22,15,-9,41,-2,25,-9,-17,23,14,-6,44,4,24,-13,-23,20,13,-7,47,2,26,-10,-17,18,21,-6,42,7,26,-10,-17,21,13,-14,45,7,27
27.5000,-9,-14,15,15,-3,40,8,30,-7,-19,16,15,-9,34,5,32,-14,-19,17,11,-10,41,7,37,-5,-14,17,11,-7,40,-3,24,-6,-17,18,10,-12,44,9,23,-9,-27,22,13,-11,44,5,23,-11,-19,21,17,-7,44,7,25,-10,-16,19,10,-9,45,8,25
27.5200,-12,-16,13,13,-3,41,4,26,-11,-13,18,13,-4,32,5,32,-15,-15,20,13,-8,42,3,31,-6,-18,16,11,-9,44,-3,31,-4,-18,23,14,-7,42,6,21,-7,-24,18,12,-9,47,4,29,-12,-19,16,18,-11,45,8,27,-12,-16,15,12,-11,41,6,25
27.5400,-11,-17,18,16,-4,44,7,25,-11,-14,18,15,-7,33,6,26,-13,-22,19,16,-10,44,4,37,-11,-18,20,15,-14,42,-2,27,-3,-15,20,16,-11,43,3,27,-9,-20,22,12,-8,45,5,22,-14,-19,19,18,-8,46,6,21,-7,-19,18,11,-10,45,6,27
27.5600,-8,-14,18,13,-6,38,7,29,-9,-11,21,14,-3,36,1,26,-10,-17,19,13,-8,41,6,36,-11,-17,20,13,-7,45,-6,26,-7,-18,16,14,-9,48,9,28,-9,-19,16,9,-6,48,4,29,-9,-18,19,21,-3,41,10,26,-10,-18,17,11,-11,45,7,23
27.5800,-7,-16,17,12,-4,40,5,25,-11,-15,15,14,-5,38,6,32,-10,-19,18,12,-12,47,-1,38,-11,-20,18,13,-11,39,-2,27,-4,-19,20,13,-12,43,2,28,-12,-13,18,12,-10,46,6,29,-14,-18,17,19,-7,41,4,26,-8,-19,20,15,-5,45,2,27
27.6000,-8,-16,15,18,-3,42,15,25,-6,-12,20,15,-9,41,4,20,-14,-19,16,13,-8,44,3,35,-6,-13,19,15,-10,44,2,30,-2,-20,15,12,-8,45,6,26,-6,-21,18,16,-9,47,2,23,-8,-16,18,19,-6,44,8,27,-8,-15,18,12,-9,44,6,22
27.6200,-10,-14,17,17,-2,40,11,27,-8,-14,17,13,-7,38,8,24,-9,-17,16,9,-11,44,4,36,-4,-18,23,14,-10,42,-1,28,-6,-21,23,16,-9,44,5,24,-11,-22,21,14,-13,43,3,24,-7,-22,16,18,-4,41,5,26,-12,-18,18,12,-2,48,2,24
27.6400,-12,-16,17,17,-2,40,1,21,-11,-13,18,8,-8,36,3,24,-11,-20,17,12,-7,41,5,36,-7,-20,22,15,-11,42,-2,26,-7,-20,15,14,-5,47,0,22,-6,-20,14,18,-7,46,2,26,-16,-18,18,14,-10,49,3,27,-12,-18,16,12,-7,41,5,24
27.6600,-10,-14,17,14,-6,45,7,21,-11,-12,21,13,-8,36,0,27,-10,-17,20,13,-6,47,5,37,-7,-20,21,17,-9,38,-7,25,-4,-16,15,12,-4,44,-3,24,-10,-18,15,10,-7,40,7,22,-14,-21,21,23,-8,42,3,24,-8,-21,16,12,-6,42,6,24
27.6800,-14,-11,18,12,0,42,9,24,-15,-19,20,8,-5,35,6,23,-8,-16,17,11,-10,42,4,36,-11,-20,20,11,-7,37,-3,29,-9,-21,21,16,-7,44,2,22,-7,-20,18,14,-7,46,3,25,-12,-16,15,22,-10,44,8,26,-10,-15,18,8,-7,45,7,26
27.7000,-8,-17,15,15,-2,43,10,28,-12,-19,17,17,-8,38,5,30,-16,-18,15,11,-8,43,4,38,-6,-17,16,12,-9,41,-2,29,-6,-17,22,10,-4,45,3,22,-11,-22,16,13,-6,43,3,22,-10,-16,17,19,-9,43,5,22,-10,-17,16,16,-2,44,9,25
27.7200,-12,-15,21,13,0,44,7,25,-11,-16,18,18,-8,37,2,25,-15,-17,19,12,-5,46,0,36,-11,-11,19,12,-13,41,-8,31,-4,-16,15,15,-4,45,3,26,-9,-22,20,15,-10,40,6,29,-13,-14,18,18,-9,43,6,27,-6,-17,18,8,-9,43,8,29
27.7400,-10,-20,15,6,-2,41,11,23,-10,-16,17,14,-7,35,2,27,-12,-18,14,13,-3,43,2,33,-9,-20,19,13,-12,43,0,26,-7,-14,14,13,-6,41,5,24,-5,-23,19,13,-10,47,5,28,-8,-22,16,21,-9,44,4,25,-8,-19,17,12,-9,44,7,25
27.7600,-9,-14,18,12,1,41,8,27,-11,-13,20,13,-10,34,7,27,-11,-17,16,13,-4,48,9,36,-6,-16,19,10,-7,42,0,28,-5,-20,17,11,-10,40,4,23,-7,-21,17,14,-9,48,7,23,-14,-22,13,19,-8,44,5,24,-9,-21,19,17,-11,45,5,27
27.7800,-11,-15,12,9,2,39,5,25,-13,-15,17,13,-5,37,6,23,-15,-22,14,12,-2,46,0,36,-9,-16,16,13,-9,42,-1,29,-7,-16,12,9,-10,41,6,23,-13,-22,22,9,-7,44,4,25,-8,-17,18,22,-10,47,6,25,-11,-19,12,13,-7,49,6,28
27.8000,-9,-18,19,12,-2,43,10,27,-7,-17,24,13,-7,37,1,26,-8,-18,22,13,-9,40,3,33,-8,-15,16,13,-10,42,-2,28,-5,-15,15,14,-5,42,3,30,-8,-24,17,14,-11,49,4,23,-11,-22,12,18,-8,44,7,23,-11,-17,21,12,-5,48,8,24
27.8200,-10,-17,12,14,-3,43,5,27,-10,-14,17,14,-8,34,2,23,-15,-19,16,12,-7,48,5,33,-8,-17,17,14,-6,45,-6,25,-9,-18,15,17,-6,46,5,22,-9,-24,20,9,-8,48,6,23,-9,-19,20,16,-9,43,5,22,-8,-19,20,13,-7,45,6,27
27.8400,-10,-18,15,10,0,40,11,27,-9,-18,14,17,-5,40,1,26,-8,-18,18,13,-8,47,10,33,-8,-17,18,13,-9,39,-2,27,-6,-14,17,14,-10,44,8,27,-14,-20,14,15,-8,46,4,26,-10,-17,16,15,-8,46,3,25,-9,-22,18,12,-12,48,7,24
27.8600,-7,-18,17,14,-1,46,8,27,-9,-15,19,13,-10,35,4,32,-15,-18,16,17,-10,43,5,35,-9,-17,19,12,-10,46,-2,24,-8,-21,19,8,-8,37,3,24,-8,-20,13,16,-7,44,5,22,-9,-16,14,19,-7,42,8,22,-11,-18,18,10,-8,41,9,23
27.8800,-7,-21,15,11,0,42,9,29,-9,-16,21,12,-10,36,6,25,-14,-15,15,15,-4,46,8,36,-6,-17,19,15,-8,42,-2,26,-11,-22,16,12,-9,45,6,23,-8,-21,21,12,-11,44,8,23,-10,-16,18,17,-10,43,5,27,-8,-21,14,10,-6,44,2,27
27.9000,-9,-17,23,12,-5,41,9,24,-11,-16,18,12,-8,33,5,26,-8,-19,19,12,-9,45,7,37,-7,-14,19,15,-11,42,-6,27,-9,-21,19,9,-9,43,6,22,-8,-21,14,14,-6,44,3,25,-9,-19,18,17,-4,40,10,22,-10,-18,20,10,-5,43,7,22
27.9200,-9,-21,17,16,-4,41,8,24,-7,-16,21,12,-8,37,1,26,-8,-18,17,13,-8,45,9,30,-10,-19,21,12,-13,42,-3,25,-9,-10,15,14,-7,45,2,25,-6,-19,15,11,-12,45,5,26,-12,-17,17,21,-9,42,7,26,-12,-17,19,13,-10,47,9,25
27.9400,-6,-17,15,13,-2,42,12,30,-9,-13,16,14,-5,32,4,30,-9,-15,19,13,-10,44,5,35,-8,-22,19,13,-12,40,-3,24,-8,-17,16,13,-5,43,5,26,-9,-20,16,11,-8,46,1,25,-6,-15,14,21,-10,46,2,28,-11,-19,18,13,-10,45,6,24
27.9600,-13,-16,20,8,-1,42,5,26,-11,-13,12,11,-8,33,3,22,-5,-19,18,14,-4,44,4,32,-12,-24,18,11,-13,41,-3,27,-7,-16,17,13,-10,45,10,21,-6,-24,15,15,-8,47,1,23,-12,-14,18,16,-5,41,5,25,-11,-22,14,12,-8,45,10,28
27.9800,-10,-13,16,11,-3,43,10,26,-9,-16,18,11,-7,35,0,25,-6,-20,17,14,-5,46,4,31,-10,-20,20,14,-9,40,-4,26,-7,-15,19,12,-9,44,12,20,-11,-22,19,17,-8,45,8,21,-10,-19,18,18,-7,40,4,25,-13,-18,15,9,-10,44,9,20
28.0000,-8,-17,16,12,1,41,7,26,-15,-16,16,12,-6,35,8,30,-10,-17,19,15,-10,43,5,32,-4,-21,18,9,-10,39,-3,26,-5,-16,16,14,-9,44,8,23,-9,-24,13,14,-10,44,7,22,-12,-18,19,17,-5,42,9,23,-11,-16,18,10,-8,42,8,21
28.0200,-7,-15,17,13,-1,43,7,26,-4,-16,19,14,-7,37,2,23,-7,-16,16,14,-9,43,6,35,-12,-21,16,16,-10,44,-2,26,-9,-18,17,14,-10,47,3,25,-12,-22,15,11,-7,46,3,25,-9,-17,15,19,-12,43,10,26,-10,-19,15,12,-8,45,3,27
28.0400,-11,-21,16,11,-1,41,4,24,-16,-18,16,12,-8,34,3,24,-10,-18,21,13,-6,40,8,36,-8,-17,16,11,-10,40,-4,26,-6,-17,14,12,-7,41,6,25,-7,-23,15,16,-7,47,7,20,-14,-18,16,18,-7,44,9,26,-14,-15,16,10,-7,49,7,22
28.0600,-9,-18,19,11,-1,41,6,24,-14,-16,18,10,-5,35,4,22,-15,-21,19,13,-9,39,12,32,-5,-23,14,12,-14,41,0,23,-4,-16,21,12,-9,44,4,25,-9,-24,16,11,-7,48,6,24,-8,-20,13,14,-12,43,6,26,-10,-16,16,14,-11,43,5,23
28.0800,-9,-20,17,12,-4,40,8,26,-9,-12,12,13,-5,32,-1,23,-11,-18,15,13,-10,40,5,35,-10,-15,19,15,-8,40,-9,27,-6,-15,14,14,-6,44,6,25,-10,-26,9,13,-9,41,5,22,-11,-18,13,18,-9,42,8,24,-15,-19,16,10,-7,45,1,27
28.1000,-8,-19,16,13,-4,43,5,28,-10,-12,17,12,-10,37,3,26,-15,-20,13,17,-7,41,6,36,-7,-18,16,10,-11,45,-4,26,-8,-20,18,13,-9,43,3,27,-7,-21,16,12,-8,41,3,21,-10,-15,13,15,-7,41,10,22,-11,-19,14,8,-6,45,4,25
28.1200,-11,-21,15,9,-5,41,6,35,-9,-15,15,11,-11,34,4,22,-12,-15,14,11,-2,42,10,34,-11,-23,20,12,-9,39,-7,28,-9,-20,19,13,-9,46,4,24,-12,-22,15,12,-7,44,5,23,-12,-17,15,17,-11,48,4,22,-11,-21,16,12,-8,47,4,21
28.1400,-8,-19,14,13,-3,43,9,26,-15,-18,20,7,-6,37,1,24,-9,-19,16,12,-2,41,4,36,-10,-18,18,15,-7,42,4,26,-5,-18,15,14,-7,45,7,23,-11,-23,14,10,-8,44,7,23,-13,-18,14,20,-7,46,6,27,-9,-19,14,12,-9,45,4,24
28.1600,-11,-17,18,12,-1,43,12,27,-13,-15,12,9,-10,35,0,26,-10,-17,14,13,-6,46,11,34,-12,-23,14,13,-8,42,-2,28,-6,-20,16,18,-11,44,6,28,-10,-24,16,9,-7,40,6,24,-16,-17,15,20,-10,44,8,28,-13,-20,18,12,-8,42,5,19
28.1800,-8,-18,16,8,-2,44,10,29,-12,-21,16,8,-10,38,5,21,-13,-20,16,16,-12,45,6,36,-10,-21,15,12,-13,38,-6,23,-9,-18,13,13,-9,43,10,25,-12,-19,14,11,-5,42,6,24,-11,-17,12,16,-8,40,8,25,-15,-12,18,11,-10,42,3,23
28.2000,-10,-18,19,14,1,46,8,29,-11,-17,19,11,-9,37,4,24,-11,-19,17,14,-5,39,7,35,-7,-19,16,11,-10,39,-5,25,-6,-11,13,11,-5,39,8,23,-11,-24,18,17,-8,46,2,23,-8,-16,15,17,-6,44,7,24,-9,-17,14,12,-9,46,6,18
28.2200,-8,-20,12,14,-6,45,7,26,-10,-18,16,14,-7,33,8,21,-11,-16,19,11,-9,50,6,35,-12,-21,14,10,-9,39,-3,22,-6,-13,13,12,-10,42,10,19,-13,-23,22,13,-10,46,5,27,-13,-18,16,17,-11,45,3,23,-8,-17,16,11,-8,42,6,23
28.2400,-10,-19,14,9,-2,45,7,30,-11,-18,11,13,-10,32,3,23,-10,-19,15,14,-3,40,6,30,-10,-20,15,11,-6,38,-1,24,-7,-17,20,9,-7,43,8,25,-10,-22,14,9,-9,42,3,26,-13,-15,18,17,-8,42,10,25,-15,-21,15,10,-11,43,6,19
28.2600,-13,-16,16,9,-6,45,11,28,-13,-17,11,12,-7,34,0,22,-8,-16,17,10,-9,47,10,28,-12,-17,15,11,-8,40,-4,26,-5,-20,15,9,-9,40,4,23,-7,-23,20,11,-10,45,5,19,-9,-14,16,18,-7,47,9,22,-5,-18,15,13,-12,38,8,24
28.2800,-6,-19,13,13,-4,43,7,30,-12,-18,16,11,-6,37,4,26,-11,-18,15,14,-8,41,10,33,-8,-24,15,7,-9,40,-2,25,-4,-17,18,9,-11,42,7,23,-10,-24,16,9,-9,43,5,20,-12,-16,13,20,-7,38,7,23,-9,-17,16,12,-10,43,4,24
28.3000,-6,-15,18,10,-5,47,8,25,-8,-16,18,12,-9,34,3,22,-15,-16,10,14,-4,40,3,34,-15,-21,14,11,-11,41,-1,22,-4,-18,11,11,-6,44,10,25,-12,-18,13,13,-6,45,8,23,-11,-17,13,18,-10,39,7,21,-11,-17,15,13,-9,38,3,28
28.3200,-3,-17,12,10,-5,43,12,24,-9,-18,15,8,-9,35,2,23,-11,-18,13,12,-3,45,12,33,-7,-20,17,11,-10,39,1,22,-4,-19,11,11,-10,39,3,23,-11,-24,18,11,-8,45,5,21,-8,-17,14,23,-8,40,1,26,-7,-16,12,15,-6,40,5,24
28.3400,-12,-14,15,11,-4,43,4,29,-12,-19,14,16,-9,32,5,22,-9,-16,20,11,-8,47,4,33,-10,-21,16,11,-14,41,-2,27,-9,-18,12,13,-12,44,5,24,-10,-22,18,9,-3,40,6,20,-11,-16,14,20,-5,45,9,21,-12,-21,16,13,-10,44,6,22
28.3600,-11,-18,14,5,-6,44,8,26,-9,-18,13,11,-6,34,-2,23,-13,-17,9,14,-9,43,7,33,-11,-21,13,10,-4,37,3,17,-7,-16,14,10,-13,45,6,18,-16,-23,18,12,-13,43,5,24,-6,-15,15,17,-9,41,8,28,-11,-15,14,11,-5,39,5,25
28.3800,-9,-18,12,10,-1,41,5,28,-7,-15,17,12,-7,31,2,19,-9,-18,17,14,-6,42,13,32,-9,-23,14,11,-11,40,2,28,-10,-19,16,12,-10,46,8,25,-6,-22,16,12,-7,47,1,25,-9,-17,11,18,-9,44,5,24,-13,-18,19,11,-11,41,6,23
28.4000,-12,-15,13,9,-4,41,9,24,-14,-15,20,10,-9,35,6,28,-15,-16,14,12,-8,44,9,32,-14,-21,18,16,-7,38,-2,26,-8,-15,18,10,-7,48,10,24,-7,-25,18,8,-11,47,5,26,-10,-18,14,21,-11,42,4,17,-9,-20,16,9,-12,40,4,25
28.4200,-7,-22,17,10,0,42,7,28,-14,-16,15,11,-5,34,3,20,-6,-21,12,9,-6,46,3,35,-9,-23,9,11,-13,39,-7,25,-6,-20,18,9,-10,43,7,23,-10,-22,17,14,-9,42,6,23,-11,-21,17,19,-12,43,6,24,-9,-19,11,10,-8,40,6,27
28.4400,-8,-19,13,11,-1,44,10,28,-14,-19,16,9,-8,31,5,22,-9,-18,19,12,-4,45,5,29,-10,-19,16,13,-12,40,-6,21,-2,-17,19,8,-9,42,4,21,-9,-24,14,7,-15,45,5,28,-8,-19,14,13,-8,45,3,20,-15,-16,10,7,-12,44,5,24
28.4600,-14,-18,10,11,0,45,8,24,-12,-16,16,9,-12,33,6,26,-13,-16,21,8,-5,43,10,33,-10,-22,16,8,-10,40,-4,26,-7,-20,19,12,-8,43,11,25,-10,-24,17,15,-9,42,7,20,-7,-20,14,17,-10,42,6,24,-11,-20,12,13,-10,41,5,20
28.4800,-10,-22,15,10,-3,41,10,29,-9,-17,15,8,-9,34,3,21,-11,-19,13,12,-12,41,5,30,-11,-21,15,19,-16,36,-1,23,-9,-16,13,13,-8,40,6,24,-10,-18,14,11,-7,39,5,24,-12,-19,15,21,-10,39,8,21,-10,-14,8,11,-10,47,6,26
28.5000,-10,-15,14,10,-2,42,9,30,-7,-16,19,11,-10,35,2,26,-10,-14,14,8,-8,42,10,31,-9,-16,11,12,-10,37,-6,22,-5,-18,15,7,-8,42,5,22,-10,-24,13,12,-10,40,4,24,-10,-21,12,17,-9,42,8,24,-5,-18,14,11,-10,44,10,20
28.5200,-11,-16,14,7,-1,44,10,24,-9,-17,12,8,-7,36,5,17,-16,-15,16,10,-9,40,8,35,-12,-18,13,10,-10,41,-5,23,-7,-20,15,11,-6,43,9,23,-9,-23,15,10,-9,44,4,24,-6,-15,13,14,-5,46,4,25,-12,-19,17,9,-12,46,1,22
28.5400,-8,-17,16,14,-2,45,9,24,-12,-21,13,13,-4,39,1,24,-11,-14,13,10,-4,42,15,35,-9,-21,16,10,-13,40,1,22,-7,-15,14,15,-9,44,10,27,-9,-23,13,9,-6,45,6,21,-11,-18,14,21,-8,45,6,25,-13,-16,16,12,-9,45,3,26
28.5600,-8,-16,17,12,-5,43,9,28,-9,-18,12,10,-11,37,4,22,-14,-19,19,9,-6,42,3,36,-9,-18,8,9,-11,41,-4,22,-4,-15,16,7,-7,44,8,23,-7,-21,18,11,-9,44,3,21,-11,-17,11,17,-5,46,7,21,-5,-17,12,9,-6,42,6,26
28.5800,-6,-16,13,20,-3,45,7,27,-7,-17,12,11,-9,37,4,22,-10,-17,11,14,-5,44,7,32,-12,-22,16,14,-12,38,-7,23,-5,-19,16,10,-5,42,5,25,-8,-22,14,9,-8,48,3,21,-14,-18,15,17,-6,45,4,19,-9,-21,16,8,-7,47,9,23
28.6000,-11,-18,17,13,-2,43,9,28,-11,-17,15,9,-10,36,2,25,-11,-14,13,15,-7,41,5,29,-10,-20,15,10,-10,40,-4,21,-6,-16,16,11,-8,40,6,22,-8,-19,19,12,-10,43,3,22,-6,-21,17,16,-11,44,7,24,-14,-19,16,9,-8,42,3,24
28.6200,-12,-14,14,12,-3,42,11,26,-8,-20,11,9,-5,32,4,25,-14,-19,12,13,-6,40,7,31,-8,-20,15,11,-11,38,-3,21,-3,-17,17,8,-6,45,9,25,-12,-21,17,14,-9,41,8,24,-13,-20,14,16,-6,44,6,24,-6,-18,11,7,-10,38,10,23
28.6400,-13,-18,19,9,1,45,14,26,-11,-18,14,12,-11,31,9,23,-9,-15,13,11,-8,45,9,33,-10,-22,13,8,-7,38,-3,21,-8,-15,12,10,-5,45,9,22,-8,-20,12,9,-5,40,3,23,-7,-21,17,15,-10,36,6,22,-11,-20,14,14,-8,41,7,22
28.6600,-11,-21,15,14,-2,43,6,25,-14,-15,12,7,-6,35,-2,23,-9,-20,12,12,-3,43,5,31,-4,-23,16,13,-8,38,-7,22,-6,-18,12,14,-4,46,9,23,-11,-18,17,9,-5,41,3,24,-13,-17,14,17,-10,42,3,24,-10,-18,9,10,-7,49,6,25
28.6800,-14,-18,14,10,-1,44,12,24,-5,-20,13,8,-9,39,1,20,-11,-20,14,11,-8,36,7,31,-10,-20,15,8,-13,41,-2,25,-4,-21,13,9,-10,43,5,24,-10,-22,18,10,-7,40,4,25,-9,-13,12,16,-8,42,8,23,-6,-19,14,10,-9,44,5,23
28.7000,-12,-23,13,11,-3,45,10,22,-12,-15,12,12,-8,37,2,24,-14,-19,16,10,-7,39,5,34,-12,-24,15,11,-10,37,-1,19,-2,-18,15,6,-7,41,5,24,-14,-25,16,8,-10,47,5,20,-7,-14,12,15,-7,42,8,22,-8,-19,13,11,-12,43,7,20
28.7200,-4,-20,11,10,-5,46,9,23,-6,-17,15,14,-10,36,7,24,-6,-18,14,9,-3,39,9,33,-9,-20,16,11,-9,39,0,17,-3,-19,11,11,-9,44,5,20,-8,-22,14,7,-9,44,7,18,-10,-15,14,20,-9,42,4,20,-12,-18,15,13,-5,41,6,22
28.7400,-12,-21,12,9,-5,43,10,25,-8,-22,15,11,-14,37,2,21,-9,-19,10,10,-5,40,7,32,-16,-18,14,9,-12,41,-2,22,-1,-19,13,12,-9,40,6,21,-7,-22,14,9,-14,40,5,23,-11,-20,14,23,-7,46,7,21,-10,-21,11,9,-9,40,6,24
28.7600,-10,-17,13,10,-4,41,8,28,-8,-20,8,13,-10,37,1,26,-12,-20,14,9,-5,42,5,34,-10,-25,12,6,-10,38,1,19,-3,-16,12,11,-8,44,7,24,-8,-20,14,12,-7,45,4,21,-9,-23,11,20,-9,43,10,24,-7,-18,16,11,-9,38,8,23
28.7800,-7,-22,14,10,-3,41,8,25,-12,-20,12,12,-11,35,4,20,-6,-17,17,8,-7,42,7,34,-9,-25,15,7,-13,38,-5,24,-4,-21,13,11,-10,45,7,21,-8,-26,14,8,-10,41,3,19,-15,-17,10,18,-10,45,9,27,-10,-17,12,11,-6,41,8,24
28.8000,-10,-19,12,13,-3,43,7,26,-9,-16,13,12,-10,36,1,19,-7,-21,13,13,-5,46,7,31,-11,-18,13,10,-11,40,-6,24,-4,-19,11,9,-10,41,6,21,-10,-23,13,7,-10,40,3,17,-13,-17,14,11,-11,44,5,25,-9,-17,12,11,-7,41,11,23
28.8200,-8,-14,11,12,3,44,11,22,-12,-21,14,10,-11,34,3,20,-12,-16,13,12,-9,45,8,31,-12,-20,10,9,-12,39,-6,19,-7,-18,16,13,-12,43,10,25,-11,-24,15,12,-5,43,7,20,-13,-19,12,19,-10,45,6,23,-13,-17,15,12,-9,42,8,22
28.8400,-10,-24,16,11,-5,44,2,25,-11,-19,14,9,-12,33,5,20,-10,-15,9,11,-7,41,9,32,-11,-19,17,4,-10,36,-3,24,-11,-18,12,10,-9,42,10,22,-3,-19,17,12,-8,43,2,19,-6,-14,11,19,-13,40,11,21,-8,-19,15,10,-6,46,7,22
28.8600,-9,-16,10,7,-3,42,13,22,-9,-13,16,8,-12,34,1,22,-13,-18,12,12,-1,36,10,31,-15,-18,15,8,-13,41,-6,24,-3,-17,11,13,-4,44,8,24,-8,-21,19,7,-11,43,3,21,-11,-18,15,15,-5,45,7,22,-9,-23,9,12,-7,38,5,22
28.8800,-11,-21,9,10,1,45,10,23,-10,-19,14,10,-12,36,4,18,-10,-17,13,11,-2,39,8,35,-13,-21,14,7,-13,36,-2,22,-1,-19,17,9,-9,45,6,19,-10,-21,13,16,-8,41,1,17,-10,-19,12,18,-6,39,10,18,-11,-19,14,9,-8,41,8,20
28.9000,-8,-21,19,9,1,43,13,29,-10,-16,16,8,-11,35,5,23,-12,-15,14,11,-8,40,11,30,-10,-19,13,9,-9,39,-1,21,-1,-21,14,13,-7,45,3,25,-6,-20,13,8,-6,47,4,20,-10,-17,15,20,-8,41,7,20,-9,-16,11,12,-11,42,9,21
28.9200,-9,-18,19,11,-2,43,10,25,-12,-17,15,7,-10,32,1,21,-9,-18,15,11,-7,38,9,34,-7,-21,10,10,-10,39,-1,20,-3,-23,11,13,-9,45,7,20,-8,-19,12,9,-6,43,6,23,-14,-20,9,19,-10,38,7,21,-8,-19,13,9,-13,41,7,26
28.9400,-13,-21,11,9,-1,47,11,25,-12,-18,10,6,-13,33,3,24,-13,-16,11,12,-4,41,8,33,-9,-18,12,11,-10,35,-4,17,-5,-19,9,15,-6,43,10,24,-11,-19,12,13,-6,43,4,22,-10,-22,8,19,-8,43,9,22,-12,-15,19,11,-10,40,8,22
28.9600,-9,-17,14,13,-5,42,8,29,-8,-15,11,6,-8,33,3,24,-13,-20,14,11,-4,39,8,33,-11,-21,11,10,-11,41,-6,20,-4,-14,13,10,-4,45,4,26,-11,-21,14,11,-9,42,0,16,-6,-22,14,15,-6,44,4,22,-9,-19,20,11,-6,37,0,23
28.9800,-10,-21,14,9,-1,44,8,28,-10,-21,16,8,-12,32,5,19,-6,-15,8,11,-8,38,7,26,-11,-20,14,9,-13,38,-2,20,-2,-18,14,11,-4,42,10,20,-10,-23,13,5,-8,41,7,16,-10,-21,17,20,-5,43,10,21,-7,-17,15,9,-8,40,10,21
29.0000,-10,-19,15,10,0,41,11,28,-8,-19,14,4,-11,34,1,20,-11,-17,11,7,-7,40,6,28,-10,-25,14,10,-9,37,0,22,-9,-17,12,14,-9,46,10,25,-7,-23,13,11,-8,39,0,22,-9,-22,11,15,-9,44,7,20,-9,-20,11,12,-10,41,8,23
29.0200,-10,-21,6,9,-2,43,16,27,-9,-15,11,10,-13,33,-2,19,-9,-14,15,10,-7,44,5,28,-13,-21,12,11,-15,39,-1,21,-6,-19,15,9,-11,42,9,16,-6,-25,16,8,-11,38,4,18,-9,-20,11,19,-12,46,6,23,-8,-22,10,11,-9,41,7,15
29.0400,-9,-17,19,10,-3,41,10,23,-11,-15,9,6,-14,36,4,25,-11,-13,14,12,-5,45,8,28,-8,-21,14,7,-9,36,0,27,-5,-21,11,10,-8,39,6,22,-11,-22,11,10,-7,41,1,19,-11,-20,12,17,-11,40,6,20,-10,-24,9,10,-9,45,1,24
29.0600,-10,-21,9,10,-3,42,10,24,-11,-23,10,10,-9,33,4,22,-13,-18,13,8,-9,43,10,31,-7,-23,16,12,-10,42,-1,16,-6,-23,13,10,-7,43,4,24,-11,-25,11,13,-11,42,4,17,-7,-20,12,16,-9,44,11,21,-12,-18,16,6,-7,44,5,17
29.0800,-11,-21,13,9,-2,42,12,22,-13,-18,13,7,-12,35,1,23,-11,-18,10,14,-8,41,12,29,-9,-24,12,10,-13,37,-4,20,-6,-20,17,7,-8,46,11,25,-10,-21,9,4,-10,42,4,23,-12,-19,13,20,-10,46,11,20,-7,-19,10,10,-12,41,5,23
29.1000,-9,-23,16,8,-3,40,12,24,-9,-22,10,7,-9,33,5,20,-13,-16,14,15,-6,39,14,29,-9,-21,11,10,-16,35,-3,20,-7,-22,11,8,-11,42,9,22,-6,-22,13,9,-8,46,1,21,-11,-19,14,19,-11,44,5,22,-9,-21,12,7,-9,45,5,20
29.1200,-9,-19,15,9,-5,43,8,27,-11,-21,13,9,-13,33,4,19,-12,-13,10,12,-5,38,10,30,-7,-25,12,12,-10,37,-9,18,-6,-22,10,9,-8,37,8,20,-7,-21,11,9,-12,43,4,17,-7,-19,10,18,-9,45,5,17,-8,-21,11,8,-5,43,9,20
29.1400,-9,-23,15,9,0,48,14,25,-12,-20,13,10,-12,35,6,25,-8,-19,14,9,-10,41,13,31,-12,-21,14,7,-14,40,-4,18,-1,-20,15,8,-10,40,11,23,-7,-25,13,10,-8,44,6,18,-10,-25,11,18,-11,45,6,17,-10,-19,7,8,-8,44,9,23
29.1600,-12,-23,15,10,-1,42,8,24,-9,-17,9,8,-12,38,0,20,-6,-19,11,8,-4,40,7,34,-11,-22,11,11,-12,39,-5,16,-9,-21,10,11,-10,47,8,21,-8,-24,9,12,-9,39,0,22,-10,-19,13,19,-13,40,10,22,-5,-21,12,14,-12,43,8,19
29.1800,-11,-17,13,8,-3,48,6,25,-7,-17,13,12,-12,38,5,23,-9,-15,15,5,-7,41,11,31,-10,-22,8,10,-12,37,-1,21,-1,-18,11,14,-11,43,10,24,-7,-24,12,8,-12,39,3,20,-10,-18,13,16,-12,41,6,21,-12,-14,7,10,-11,43,9,23
29.2000,-12,-21,13,11,-4,46,6,22,-11,-20,14,9,-10,33,4,20,-9,-17,11,8,-6,42,9,33,-9,-20,7,12,-10,36,-5,16,0,-17,11,10,-9,46,7,21,-5,-22,12,12,-10,40,5,18,-9,-22,9,16,-10,44,6,18,-11,-22,12,9,-10,42,7,21
29.2200,-12,-16,9,5,-2,41,6,25,-10,-18,15,11,-13,32,2,17,-10,-17,12,8,-10,41,12,29,-15,-26,12,11,-14,36,-2,24,-7,-22,15,7,-10,42,2,21,-7,-23,11,10,-8,39,2,21,-8,-18,11,21,-9,42,7,22,-10,-18,16,9,-9,44,5,22
29.2400,-11,-22,9,11,-2,48,9,25,-8,-20,11,6,-10,31,2,19,-8,-20,13,11,-7,41,11,30,-7,-25,11,4,-12,33,-4,18,-6,-24,13,8,-11,44,13,21,-8,-25,16,8,-7,43,9,17,-10,-21,11,20,-9,42,4,19,-8,-22,10,7,-11,34,9,23
29.2600,-9,-19,11,7,0,44,8,28,-10,-20,10,9,-10,36,6,20,-9,-17,11,9,-3,44,9,30,-11,-19,13,10,-16,34,0,18,-1,-17,7,8,-10,43,10,23,-6,-23,13,8,-10,40,3,18,-11,-22,13,16,-8,40,5,21,-10,-20,13,5,-10,40,8,19
29.2800,-10,-20,13,7,2,42,4,26,-11,-26,11,10,-12,38,6,22,-11,-16,12,9,-3,40,8,27,-14,-22,13,8,-11,36,1,20,-1,-22,8,8,-5,47,12,21,-6,-23,17,4,-8,39,4,16,-12,-18,11,15,-11,41,6,20,-9,-19,8,8,-5,41,5,18
29.3000,-7,-19,13,8,-4,42,15,22,-15,-20,14,11,-6,30,6,21,-8,-14,9,7,-6,43,12,27,-9,-21,10,6,-8,38,-6,22,-6,-19,12,9,-8,43,9,21,-4,-23,12,10,-13,42,5,16,-10,-23,12,14,-8,38,5,19,-11,-19,7,8,-8,39,8,21
29.3200,-12,-23,4,14,-3,49,7,28,-9,-22,11,4,-10,30,6,19,-9,-17,12,9,-6,41,10,32,-9,-23,7,10,-13,36,-10,22,-4,-23,11,10,-8,43,7,22,-9,-25,14,10,-8,42,-1,22,-9,-19,13,18,-9,43,8,22,-6,-22,10,5,-8,42,5,20
29.3400,-13,-23,9,6,-1,45,13,26,-12,-21,7,12,-12,33,4,18,-11,-18,11,6,-4,40,7,30,-16,-21,11,11,-11,37,-5,21,-5,-25,9,7,-11,47,11,23,-6,-25,11,10,-8,40,2,20,-7,-19,14,21,-9,41,6,16,-7,-17,10,10,-8,42,5,22
29.3600,-12,-21,11,6,1,46,11,27,-12,-26,11,5,-12,32,6,19,-12,-16,9,4,-4,39,9,31,-13,-22,11,10,-14,34,-2,18,-8,-22,10,9,-8,45,9,22,-5,-24,11,5,-9,41,1,17,-13,-20,11,19,-9,40,5,21,-9,-24,8,6,-11,39,6,20
29.3800,-10,-19,13,9,-2,42,9,26,-10,-23,14,11,-8,35,2,20,-12,-21,11,8,-6,42,9,29,-12,-21,10,13,-11,35,-2,16,-7,-19,11,7,-8,40,8,20,-10,-26,13,11,-8,41,2,16,-9,-20,15,16,-8,44,4,24,-8,-25,10,9,-9,41,13,20
29.4000,-3,-18,11,7,2,44,10,25,-7,-19,12,8,-13,30,7,17,-8,-13,9,10,-5,43,6,30,-14,-22,8,14,-11,37,-2,18,0,-22,11,7,-10,39,6,21,-7,-27,13,11,-10,42,1,11,-9,-22,14,17,-8,42,8,21,-8,-20,13,9,-13,39,4,21
29.4200,-12,-21,11,9,0,43,10,22,-6,-22,10,9,-9,28,5,23,-9,-22,11,14,-5,42,9,29,-10,-20,6,11,-15,40,-4,19,-9,-18,12,10,-11,43,9,21,-9,-29,9,7,-7,42,4,15,-11,-21,10,17,-8,44,11,20,-10,-23,11,4,-12,39,3,20
29.4400,-9,-21,8,7,-4,43,10,25,-12,-21,11,11,-15,29,2,20,-8,-17,10,8,-4,41,7,30,-12,-19,8,7,-15,37,-10,22,-1,-23,12,8,-8,45,7,20,-6,-20,13,7,-7,38,4,20,-6,-18,14,17,-9,41,11,22,-9,-21,12,8,-5,44,8,23
29.4600,-13,-23,7,8,1,42,7,24,-10,-24,8,8,-16,33,-3,21,-9,-16,8,6,-2,41,6,31,-10,-20,9,9,-11,36,-5,18,-6,-23,11,5,-12,44,7,19,-8,-21,9,11,-9,37,1,15,-8,-24,9,24,-10,40,3,20,-8,-19,8,5,-5,42,7,18
29.4800,-12,-18,10,11,0,43,14,24,-8,-21,13,9,-14,35,2,18,-11,-19,14,7,-3,45,8,32,-9,-20,10,10,-10,35,-6,14,-2,-20,13,6,-9,44,11,20,-3,-24,6,8,-7,40,2,17,-8,-25,8,21,-12,42,1,19,-11,-24,12,6,-6,41,7,18
29.5000,-8,-17,13,9,1,42,9,24,-11,-18,15,10,-12,27,2,24,-9,-19,6,8,-7,43,13,32,-11,-21,11,8,-11,32,-1,19,0,-17,11,7,-10,43,6,19,-7,-25,12,7,-9,39,3,19,-5,-16,11,19,-12,40,4,21,-10,-21,12,10,-11,40,2,20
29.5200,-3,-21,11,10,1,43,11,28,-13,-20,7,6,-11,33,2,20,-9,-17,13,9,-6,41,7,32,-10,-23,7,11,-11,38,-6,14,-9,-18,7,11,-10,42,4,25,-10,-25,11,9,-8,41,3,15,-9,-18,10,20,-11,37,8,20,-8,-18,10,9,-9,42,7,23
29.5400,-5,-21,12,7,-1,38,7,27,-9,-20,7,10,-10,29,0,18,-8,-19,11,9,-5,41,6,26,-14,-19,9,7,-15,32,-6,20,-3,-20,9,6,-7,36,8,20,-6,-30,11,12,-10,39,5,21,-12,-20,10,14,-9,38,7,18,-7,-19,6,8,-9,42,5,19
29.5600,-8,-22,9,5,-2,43,5,21,-12,-17,10,8,-10,33,6,18,-9,-18,13,10,-9,40,9,32,-13,-24,10,13,-8,36,-4,17,-3,-22,11,8,-11,43,11,22,-5,-27,14,7,-10,40,4,19,-10,-20,8,15,-8,45,7,24,-8,-18,8,4,-12,44,0,18
29.5800,-7,-20,10,9,0,47,7,23,-5,-21,8,9,-11,35,6,18,-6,-19,11,7,-6,40,11,31,-14,-26,10,10,-11,39,-3,20,0,-18,10,7,-7,38,11,20,-10,-26,10,9,-11,40,4,15,-14,-19,11,15,-9,40,9,18,-3,-20,12,4,-13,41,10,19
29.6000,-11,-22,9,11,0,41,9,22,-11,-24,10,7,-12,31,5,17,-11,-20,9,9,-10,38,10,27,-12,-23,11,9,-9,37,-1,20,-7,-19,8,9,-7,40,7,14,-9,-24,13,7,-4,39,5,19,-8,-24,12,21,-12,41,7,19,-11,-24,10,6,-7,38,10,20
29.6200,-10,-20,9,8,-1,43,11,23,-7,-21,7,12,-13,31,3,19,-10,-19,10,8,-9,35,12,28,-11,-23,9,3,-11,34,-6,16,-3,-19,12,6,-10,43,10,18,-7,-28,9,10,-5,39,3,16,-9,-24,8,18,-10,42,9,23,-9,-16,9,7,-12,40,3,19
29.6400,-11,-19,6,8,-2,44,8,26,-11,-24,7,8,-11,34,0,15,-9,-18,8,11,-6,45,8,30,-17,-23,10,10,-12,37,-5,17,2,-20,10,9,-8,42,9,20,-9,-24,10,7,-7,40,4,16,-7,-20,12,15,-10,41,8,21,-7,-17,9,7,-10,40,6,26
29.6600,-15,-19,10,9,1,46,10,25,-10,-19,10,10,-12,29,1,21,-11,-15,12,7,-5,43,10,32,-11,-22,11,8,-10,35,-1,22,-3,-19,7,12,-10,40,12,22,-10,-24,15,4,-7,43,2,16,-6,-16,8,20,-7,43,5,20,-13,-16,7,7,-10,41,10,20
29.6800,-9,-22,11,6,2,44,9,27,-11,-23,7,6,-14,31,-1,21,-7,-18,10,11,-5,37,11,34,-6,-24,7,9,-11,39,0,19,-2,-20,6,8,-13,45,7,22,-8,-27,13,13,-9,38,6,18,-9,-19,9,19,-7,44,5,20,-12,-17,11,6,-7,42,9,21
29.7000,-11,-26,8,9,-3,44,8,21,-12,-19,10,6,-10,32,5,19,-9,-20,9,8,-6,43,11,36,-9,-18,10,14,-6,36,-1,19,-4,-21,13,9,-10,41,8,19,-3,-27,9,7,-8,39,3,12,-8,-25,16,19,-7,40,7,19,-10,-17,13,7,-12,41,10,21
29.7200,-9,-21,10,11,-3,43,9,24,-14,-21,10,9,-9,33,3,21,-10,-15,10,12,-6,44,7,26,-10,-20,7,10,-12,37,-2,18,-3,-15,9,6,-14,40,8,20,-8,-26,6,2,-6,43,3,18,-12,-18,11,23,-11,39,9,16,-11,-20,11,8,-11,39,6,21
29.7400,-9,-24,9,8,2,43,11,23,-14,-19,5,7,-13,26,5,19,-6,-21,9,8,-5,43,9,27,-7,-20,10,9,-13,38,-2,12,-4,-22,14,7,-12,43,8,21,-8,-24,9,10,-6,47,4,17,-7,-19,11,20,-9,41,5,18,-12,-20,8,8,-6,41,8,20
29.7600,-11,-23,7,7,1,46,13,22,-17,-21,8,9,-13,29,5,18,-9,-17,8,7,-7,39,8,28,-11,-24,10,10,-12,37,1,20,-5,-19,9,8,-11,42,11,22,-8,-27,11,9,-6,39,7,17,-4,-21,5,19,-9,43,6,22,-9,-21,9,6,-10,39,8,20
29.7800,-10,-22,8,11,0,40,10,25,-10,-20,7,11,-17,31,3,17,-10,-17,8,10,-9,41,12,28,-9,-23,11,8,-12,39,-4,12,-1,-19,9,10,-12,44,14,13,-7,-24,7,6,-8,40,6,18,-10,-22,11,19,-15,42,3,18,-6,-22,13,11,-11,35,6,20
29.8000,-9,-18,7,8,-2,42,9,19,-11,-20,6,8,-8,37,3,21,-8,-16,8,9,-4,39,7,28,-12,-23,11,7,-12,35,-3,14,4,-21,14,2,-12,43,5,20,-10,-26,6,10,-9,40,1,17,-8,-20,12,22,-13,41,6,19,-5,-18,6,8,-11,37,5,19
29.8200,-7,-24,9,6,2,47,10,25,-11,-22,10,11,-17,30,3,18,-9,-18,11,6,-2,38,10,29,-8,-23,13,8,-11,36,-5,16,-2,-20,9,8,-14,43,12,24,-8,-28,10,9,-6,43,4,20,-9,-18,10,21,-7,38,10,18,-13,-23,10,2,-10,38,9,17
29.8400,-11,-21,9,9,-2,41,12,20,-9,-21,10,7,-14,33,3,15,-7,-16,7,10,-10,44,5,22,-7,-26,12,8,-10,36,-4,19,1,-22,8,6,-12,41,10,18,-10,-23,9,10,-9,39,7,19,-9,-16,9,18,-10,38,7,18,-11,-20,10,10,-10,40,5,21
29.8600,-10,-24,14,6,-5,42,7,26,-12,-22,7,4,-5,35,4,18,-6,-16,12,11,-9,40,7,27,-11,-20,3,8,-9,39,-3,18,-3,-22,9,11,-10,42,12,18,-4,-22,6,7,-7,38,6,15,-10,-18,9,18,-8,41,7,19,-9,-24,7,10,-10,38,6,20
29.8800,-18,-20,8,7,-5,45,14,21,-12,-19,6,9,-13,33,4,16,-6,-16,10,10,-7,41,12,24,-9,-21,12,6,-14,36,-4,14,-3,-20,9,6,-8,40,11,21,-10,-24,8,8,-7,39,0,16,-6,-20,9,18,-12,42,4,23,-9,-22,14,8,-6,40,9,17
29.9000,-7,-24,6,8,2,41,7,29,-11,-22,6,11,-13,34,2,17,-10,-18,12,6,-7,40,7,29,-14,-22,12,6,-12,39,-4,19,1,-19,7,8,-11,42,10,17,-6,-25,11,13,-11,39,9,11,-8,-21,9,20,-14,43,13,17,-6,-20,10,13,-10,41,7,21
29.9200,-6,-21,9,7,-2,43,11,22,-15,-19,7,5,-14,31,7,16,-7,-18,7,11,-10,41,7,27,-7,-19,9,10,-14,39,1,16,-3,-21,9,9,-12,42,6,19,-14,-28,8,7,-13,42,6,12,-8,-20,9,23,-8,42,8,18,-9,-23,9,4,-12,40,6,19
29.9400,-11,-20,6,7,1,42,8,19,-11,-18,7,3,-10,31,5,17,-8,-16,10,6,-5,42,11,27,-10,-21,7,10,-12,36,-2,19,-5,-25,8,7,-12,41,9,19,-9,-23,10,4,-8,36,6,15,-10,-19,9,20,-12,41,8,23,-10,-24,10,6,-13,37,7,16
29.9600,-9,-24,4,9,-1,45,11,24,-11,-17,3,7,-11,32,0,14,-9,-20,7,9,-10,44,9,29,-9,-20,9,7,-15,41,-4,22,-1,-22,7,8,-15,41,11,19,-7,-25,6,6,-5,40,4,16,-6,-18,8,20,-9,39,7,19,-5,-19,12,7,-9,43,7,19
29.9800,-10,-23,10,8,-2,40,8,23,-8,-19,7,10,-9,31,2,15,-11,-17,7,7,-4,43,5,25,-10,-22,3,8,-10,37,-7,18,1,-22,4,5,-7,42,9,20,-8,-26,2,4,-9,39,1,11,-13,-19,6,23,-11,41,4,20,-9,-23,8,3,-10,37,7,21
30.0000,-7,-19,9,12,-2,44,10,26,-13,-21,10,9,-10,35,6,12,-7,-18,5,12,-5,39,7,27,-12,-22,5,10,-11,36,-4,13,0,-19,11,7,-13,40,7,21,-6,-30,3,7,-11,38,7,15,-6,-20,7,24,-15,39,5,18,-8,-20,8,4,-11,38,5,18
30.0200,-8,-26,9,6,-2,40,14,21,-9,-21,11,10,-13,27,5,19,-10,-15,6,6,-7,40,9,30,-10,-21,10,9,-13,35,1,19,-3,-20,7,11,-5,37,4,21,-8,-21,8,8,-7,41,5,13,-7,-21,9,20,-12,40,4,16,-8,-19,4,10,-7,43,6,18
30.0400,-9,-23,7,7,-3,44,8,22,-5,-20,9,8,-11,30,3,21,-13,-16,9,9,-1,40,8,26,-11,-23,6,7,-17,36,0,16,1,-23,8,13,-10,43,9,22,-5,-26,8,9,-5,40,6,12,-5,-22,8,19,-4,41,9,16,-11,-15,5,9,-12,42,7,16
30.0600,-9,-19,3,8,0,42,7,15,-9,-19,11,9,-10,28,6,20,-10,-12,7,8,-10,38,11,29,-7,-23,6,8,-13,33,-3,17,-1,-24,5,9,-10,45,11,20,-5,-28,5,9,-6,39,7,12,-3,-19,7,20,-8,41,7,19,-4,-20,9,12,-12,41,2,20
30.0800,-10,-23,3,8,-1,41,8,23,-11,-21,7,6,-13,30,-1,19,-14,-17,6,10,-1,41,9,30,-6,-25,5,5,-11,35,-2,15,0,-20,11,4,-9,43,9,21,-5,-28,11,6,-5,37,1,10,-5,-21,12,20,-9,41,8,16,-8,-22,9,7,-11,44,9,22
30.1000,-11,-23,7,8,-1,42,7,18,-8,-23,4,10,-11,35,5,21,-6,-18,5,7,-5,39,6,30,-8,-19,3,11,-10,37,-5,19,-1,-21,8,4,-11,41,5,23,-5,-26,7,15,-9,39,6,15,-9,-18,8,23,-12,41,6,19,-7,-21,5,7,-12,39,8,15
30.1200,-8,-22,10,9,-2,46,7,21,-10,-18,9,9,-13,35,3,17,-10,-16,7,7,-8,38,8,30,-10,-24,6,9,-11,34,-7,18,-1,-23,5,9,-11,40,10,18,-2,-28,10,9,-12,43,3,13,-6,-21,6,19,-9,38,6,19,-7,-22,6,7,-7,44,4,18
30.1400,-10,-22,5,7,-3,42,6,20,-12,-24,7,7,-9,29,3,20,-8,-16,7,7,-9,38,10,31,-9,-22,9,9,-8,34,-6,20,1,-21,3,8,-12,39,5,22,-7,-27,5,8,-9,40,5,15,-9,-20,9,17,-9,38,8,19,-5,-23,8,8,-6,38,11,15
30.1600,-9,-24,10,4,1,43,9,20,-10,-23,8,7,-10,31,2,24,-6,-21,8,7,-7,42,7,28,-8,-23,8,9,-8,39,-2,20,3,-21,8,10,-9,37,7,19,-4,-29,4,7,-7,38,5,15,-6,-21,11,16,-11,38,4,22,-8,-19,9,12,-13,41,9,16
30.1800,-11,-24,7,9,-4,40,8,24,-6,-16,9,9,-13,33,5,20,-4,-19,3,12,-10,42,7,27,-10,-24,12,3,-8,37,-4,19,-3,-23,5,4,-8,41,5,20,-7,-24,8,8,-3,36,2,14,-7,-21,5,21,-7,38,7,21,-6,-25,4,4,-14,42,7,21
30.2000,-7,-26,7,9,2,43,11,23,-7,-21,4,7,-9,33,2,14,-8,-21,3,5,-8,37,11,30,-7,-22,7,4,-8,37,-1,22,-4,-18,8,9,-6,44,7,20,-7,-26,8,8,-10,37,2,14,-7,-20,8,19,-9,40,3,16,-10,-23,6,8,-13,40,4,20
30.2200,-8,-23,8,11,0,42,5,22,-8,-23,3,8,-9,29,2,15,-8,-24,8,3,-7,38,12,29,-10,-25,10,9,-9,38,-7,22,-3,-19,8,4,-11,38,8,16,-6,-27,6,9,-6,40,5,15,-5,-25,9,21,-9,35,4,19,-4,-21,8,4,-5,41,7,21
30.2400,-9,-24,8,6,1,43,9,20,-9,-29,3,7,-9,31,4,18,-8,-23,5,7,-6,38,11,28,-10,-23,9,6,-10,33,-4,19,0,-20,10,2,-9,41,6,18,-8,-30,10,7,-10,37,4,16,-9,-19,9,21,-8,41,5,22,-5,-26,7,8,-7,37,4,18
30.2600,-7,-27,8,7,0,37,7,18,-9,-23,8,6,-10,31,4,18,-5,-16,3,5,-3,34,12,28,-13,-24,6,6,-6,39,-3,16,-1,-22,6,8,-8,41,8,22,-5,-29,4,9,-6,36,6,14,-7,-27,7,21,-8,37,4,18,-5,-19,7,6,-11,41,6,20
30.2800,-10,-25,4,5,-2,41,5,21,-7,-20,3,5,-9,27,2,17,-9,-18,8,8,-8,37,9,25,-10,-24,7,3,-11,35,-1,16,-2,-22,9,8,-16,43,7,18,-6,-29,9,4,-10,37,4,17,-11,-23,9,20,-14,34,7,17,-6,-21,3,4,-11,40,3,19
30.3000,-4,-23,9,5,3,45,8,20,-7,-19,3,9,-8,29,5,21,-12,-14,6,2,-7,38,13,27,-11,-22,9,6,-13,37,-4,18,-2,-24,8,5,-10,39,8,23,-11,-26,7,7,-7,34,2,12,-9,-19,8,20,-10,38,2,17,-10,-22,6,7,-7,40,9,21
30.3200,-6,-23,7,10,-1,41,7,23,-11,-23,5,4,-9,32,7,15,-6,-14,7,6,-6,40,10,26,-7,-27,7,7,-11,40,-3,11,-3,-17,6,6,-10,38,9,19,-9,-28,8,7,-7,34,4,11,-2,-22,4,21,-7,37,9,15,-12,-21,4,8,-6,41,7,19
30.3400,-6,-26,8,8,-3,41,6,19,-8,-24,4,10,-12,29,4,20,-5,-16,6,5,-11,40,8,24,-10,-21,8,5,-11,37,0,13,0,-21,2,6,-9,41,8,18,-5,-29,6,2,-7,37,4,14,-9,-23,5,24,-5,38,6,20,-9,-15,11,6,-9,35,10,16
30.3600,-11,-22,12,6,-3,42,7,21,-8,-20,8,7,-9,30,4,21,-9,-18,2,5,-10,43,12,21,-10,-23,10,6,-10,32,-3,20,2,-20,6,8,-12,40,10,17,-6,-24,6,4,-9,40,0,13,-9,-22,10,20,-8,41,10,18,-10,-16,1,6,-10,40,8,18
30.3800,-8,-25,4,7,1,41,7,16,-8,-18,4,7,-9,30,5,15,-8,-18,5,5,-9,39,13,31,-9,-22,8,8,-10,35,-2,15,1,-20,6,8,-12,32,9,16,-7,-24,8,5,-8,38,4,15,-6,-23,7,21,-7,41,6,18,-6,-22,1,12,-9,39,8,18
30.4000,-7,-26,5,5,0,40,9,18,-12,-23,8,4,-7,31,6,20,-4,-19,4,5,-11,40,11,27,-14,-24,4,7,-7,37,-1,15,-1,-20,2,12,-7,36,11,19,-6,-27,7,4,-8,39,2,13,-8,-21,8,24,-13,34,7,16,-9,-25,9,10,-8,36,2,16
30.4200,-10,-25,5,4,1,39,8,18,-8,-22,9,7,-11,28,5,16,-7,-19,5,4,-5,37,11,25,-4,-21,9,9,-14,34,-3,19,-3,-24,10,4,-13,40,9,21,-10,-28,9,6,-7,38,2,14,-6,-19,6,25,-10,42,5,18,-9,-24,5,6,-10,38,3,21
30.4400,-12,-26,4,12,0,41,7,17,-10,-20,8,5,-11,28,4,15,-7,-19,8,8,-5,36,10,24,-12,-21,3,8,-10,40,-1,15,0,-21,6,4,-8,35,10,16,-9,-25,8,10,-8,40,2,8,-11,-21,8,17,-6,37,8,17,-8,-23,5,5,-12,38,9,19
30.4600,-5,-23,2,6,1,42,8,18,-5,-17,3,7,-10,29,1,16,-9,-19,8,7,-8,37,7,22,-15,-18,7,7,-12,38,-6,16,-2,-22,4,6,-11,37,8,19,-8,-25,9,4,-6,41,5,12,-6,-16,6,19,-7,41,10,18,-5,-21,5,7,-9,36,7,14
30.4800,-4,-25,4,5,-3,44,5,12,-5,-18,6,6,-13,29,6,18,-17,-21,6,6,-12,39,8,22,-9,-25,7,10,-4,38,-5,20,-1,-19,9,8,-9,39,11,14,-7,-31,4,6,-8,38,7,14,-3,-20,8,19,-2,32,4,16,-8,-20,2,7,-10,41,6,18
30.5000,-9,-27,5,6,-5,41,8,19,-9,-21,4,5,-9,30,5,20,-9,-18,3,8,-7,40,11,24,-12,-26,7,7,-10,38,-3,14,-2,-21,12,8,-16,37,8,16,-8,-28,5,8,-10,35,7,12,-8,-27,7,23,-6,35,6,16,-11,-17,6,4,-10,41,7,13
30.5200,-9,-26,6,5,-6,41,4,16,-13,-21,3,11,-9,30,4,21,-9,-21,2,5,-9,37,7,24,-10,-21,9,4,-12,36,-5,14,-2,-18,4,8,-15,38,10,16,-8,-29,10,8,-8,37,3,15,-7,-23,8,23,-8,40,5,16,-7,-21,3,7,-8,37,9,14
30.5400,-9,-23,2,5,-3,41,8,16,-8,-23,7,8,-13,28,3,15,-6,-19,6,6,-7,36,5,24,-9,-25,5,10,-14,37,-2,17,0,-22,4,6,-9,38,7,15,-7,-27,4,6,-4,41,7,16,-4,-21,8,21,-13,38,8,18,-6,-19,6,3,-10,35,7,17
30.5600,-8,-27,7,5,-5,37,12,18,-9,-23,4,7,-9,29,6,20,-9,-16,4,6,-8,38,9,23,-10,-22,4,7,-13,34,-5,14,0,-22,8,6,-14,37,10,20,-7,-25,8,9,-4,36,3,8,-8,-19,5,18,-9,32,3,18,-8,-23,6,4,-9,36,7,12
30.5800,-8,-24,4,5,-4,38,7,20,-7,-24,6,4,-12,27,8,18,-7,-17,2,3,-7,38,9,21,-12,-21,9,4,-10,34,-6,15,0,-25,8,5,-9,36,9,12,-6,-30,4,5,-8,36,9,15,-9,-25,5,24,-8,37,5,15,-7,-23,2,6,-4,40,4,17
30.6000,-12,-25,3,9,1,40,9,18,-12,-27,1,5,-16,29,2,15,-9,-19,10,10,-9,38,6,25,-9,-22,4,12,-9,38,-3,18,-4,-18,11,11,-13,40,16,19,-5,-30,5,9,-6,36,7,16,-6,-23,11,24,-8,38,7,17,-8,-19,4,8,-11,39,7,18
30.6200,-10,-21,7,3,-2,39,9,18,-13,-22,4,3,-13,31,2,12,-8,-19,8,7,-11,39,10,24,-8,-22,6,7,-6,41,-8,17,0,-21,5,5,-12,40,8,21,-9,-28,2,6,-6,36,6,13,-11,-21,10,23,-8,40,10,13,-8,-24,0,10,-8,40,9,17
30.6400,-7,-28,3,11,-3,38,9,16,-15,-21,5,7,-9,30,2,15,-8,-21,3,5,-8,37,10,25,-12,-20,6,9,-6,40,-5,12,1,-21,5,7,-9,38,9,16,-7,-28,2,4,-5,34,6,11,-11,-22,8,21,-9,37,7,19,-9,-25,7,4,-13,36,4,20
30.6600,-12,-25,3,10,-1,39,12,17,-5,-21,5,7,-11,29,4,14,-8,-22,2,7,-3,37,7,23,-12,-25,3,12,-10,35,-3,15,-2,-19,5,3,-11,38,4,16,-8,-24,5,5,-7,37,6,10,-7,-24,9,21,-9,32,6,17,-4,-23,1,6,-8,38,5,20
30.6800,-9,-24,5,4,-5,42,10,17,-8,-23,6,10,-12,27,7,19,-9,-22,7,5,-6,34,7,21,-8,-20,2,7,-11,39,-1,16,1,-17,5,9,-11,35,7,19,-10,-24,3,6,-6,36,2,10,-7,-20,1,24,-10,39,11,13,-8,-21,1,5,-7,33,8,18
30.7000,-6,-25,4,8,-4,42,11,19,-8,-25,8,6,-15,28,9,17,-10,-24,2,10,-10,40,8,23,-10,-22,4,9,-14,38,-4,16,-2,-23,4,8,-12,39,11,17,-5,-32,3,5,-11,34,3,11,-9,-24,7,23,-7,35,6,18,-7,-25,6,6,-9,34,4,19
30.7200,-9,-26,4,7,-2,42,9,17,-9,-23,6,7,-9,30,2,19,-12,-20,7,4,-9,35,6,20,-6,-23,6,8,-11,31,-2,17,2,-24,4,6,-12,38,9,17,-8,-29,7,7,-5,40,4,13,-8,-22,5,23,-11,39,7,16,-9,-20,2,2,-10,38,6,14
30.7400,-8,-25,6,7,-2,39,6,12,-6,-22,4,5,-10,29,7,17,-9,-19,3,9,-9,37,7,24,-10,-19,3,7,-10,32,-4,14,-1,-24,2,8,-14,41,9,14,-10,-28,6,9,-11,34,5,14,-9,-20,7,21,-8,32,4,15,-10,-17,7,4,-6,37,8,11
30.7600,-10,-27,4,8,3,43,8,22,-7,-23,3,6,-11,26,8,13,-11,-19,0,3,-8,33,6,21,-12,-21,6,3,-4,33,-3,18,0,-26,4,4,-11,35,11,18,-5,-30,5,12,-10,39,7,11,-5,-20,5,21,-7,34,8,17,-6,-21,4,3,-13,33,5,17
30.7800,-7,-27,4,8,-6,40,10,20,-12,-19,2,5,-8,22,8,18,-6,-16,0,8,-7,35,9,21,-7,-25,3,4,-10,31,0,10,4,-24,0,10,-9,40,9,18,-8,-29,5,2,-8,37,7,11,-4,-24,5,21,-10,36,3,18,-8,-23,3,3,-8,40,5,15
30.8000,-9,-28,4,4,4,41,9,18,-8,-19,3,5,-7,24,4,18,-9,-23,1,8,-11,39,10,24,-10,-22,2,7,-9,37,-6,17,-1,-18,4,8,-9,36,6,18,-6,-31,7,7,-5,39,6,15,-9,-22,5,25,-11,35,5,15,-5,-20,6,5,-7,35,5,21
30.8200,-11,-26,7,7,-2,42,7,21,-11,-25,6,9,-10,26,6,14,-8,-19,2,4,-9,38,7,24,-7,-23,6,4,-11,36,-2,14,2,-20,4,3,-9,39,12,18,-4,-26,5,9,-9,36,9,16,-9,-23,1,22,-11,39,6,12,-8,-25,1,4,-12,40,6,16
30.8400,-11,-30,2,7,-2,38,9,15,-10,-22,1,5,-9,28,3,14,-9,-18,7,7,-14,36,5,23,-10,-25,7,6,-8,36,-2,14,0,-20,-1,9,-9,36,9,14,-3,-27,1,6,-5,35,8,16,-3,-25,10,21,-12,40,7,19,-8,-21,2,7,-8,34,8,16
30.8600,-11,-27,2,4,-2,39,4,14,-9,-20,8,7,-13,29,5,17,-9,-22,6,7,-8,40,10,23,-9,-26,0,7,-11,39,-3,14,2,-22,4,6,-10,35,6,13,-9,-32,4,6,-9,35,5,11,-4,-24,3,19,-9,35,10,17,-7,-20,4,4,-9,35,6,15
30.8800,-7,-27,0,6,2,39,8,16,-3,-20,0,5,-10,32,6,17,-7,-14,3,4,-9,34,4,21,-9,-24,4,6,-8,38,-1,13,-2,-22,5,7,-14,38,8,11,-9,-25,1,3,-13,33,2,9,-8,-21,5,22,-10,36,8,18,-6,-18,1,6,-9,37,5,14
30.9000,-7,-26,4,4,-2,36,7,15,-15,-25,6,3,-9,29,7,18,-10,-19,7,8,-9,33,7,20,-10,-20,5,6,-11,37,0,14,1,-16,1,9,-10,38,10,13,-12,-26,5,8,-8,37,7,10,-8,-22,9,21,-8,36,4,11,-5,-22,5,4,-10,36,5,15
30.9200,-6,-27,3,7,-1,41,6,18,-8,-19,4,3,-2,31,7,19,-6,-17,4,7,-14,35,9,19,-10,-21,7,7,-12,34,-1,16,0,-22,5,8,-9,35,10,14,-2,-29,4,8,-9,38,7,19,-9,-18,5,21,-6,39,6,14,-7,-22,4,6,-5,36,2,13
30.9400,-6,-24,6,7,-2,37,7,12,-8,-21,3,5,-11,30,11,16,-13,-21,3,8,-9,33,13,24,-8,-22,7,4,-9,37,-1,13,-1,-24,6,3,-10,41,9,9,-6,-27,7,8,-7,34,5,16,-7,-22,6,17,-10,38,5,14,-3,-23,3,8,-9,38,5,17
30.9600,-9,-22,2,5,-5,36,4,12,-7,-25,1,7,-8,26,4,16,-9,-22,4,5,-10,36,12,18,-6,-22,1,1,-11,40,-7,14,0,-22,3,8,-12,36,6,17,-5,-27,3,7,-8,41,6,12,-6,-24,3,26,-14,41,6,15,-1,-24,4,8,-6,38,8,16
30.9800,-7,-30,3,7,1,38,8,17,-7,-16,2,7,-11,26,5,17,-12,-16,5,8,-6,37,4,21,-7,-23,4,4,-4,38,-2,15,-2,-18,-1,7,-9,36,8,17,-7,-29,2,8,-9,36,8,14,-5,-28,7,23,-9,40,9,17,-9,-28,-2,3,-10,39,10,16
31.0000,-10,-20,6,9,-1,36,3,13,-9,-24,7,5,-11,30,10,15,-12,-23,5,6,-10,32,11,24,-7,-21,5,10,-6,35,-5,12,-3,-23,5,8,-9,37,5,9,-3,-31,5,7,-4,36,6,12,-10,-25,2,19,-9,36,6,16,-3,-18,2,6,-11,41,11,16
31.0200,-9,-27,2,7,-1,40,5,15,-5,-24,6,4,-9,25,10,14,-11,-20,2,5,-7,33,8,20,-8,-21,3,5,-4,40,-3,13,-2,-23,4,3,-10,37,6,15,-7,-28,5,3,-7,41,7,4,-4,-22,2,22,-11,37,6,17,-10,-27,-2,5,-7,34,9,15
31.0400,-9,-31,6,4,-1,37,9,19,-5,-22,4,7,-9,33,9,15,-10,-21,1,5,-7,38,9,16,-6,-20,1,6,-13,38,-7,10,-1,-23,4,11,-13,33,5,15,-11,-24,1,12,-9,38,9,9,-8,-27,5,18,-4,36,2,17,-7,-23,5,4,-6,36,9,14
31.0600,-9,-28,6,2,-1,38,8,17,-7,-23,8,6,-12,27,5,13,-13,-23,2,1,-7,36,7,22,-11,-26,5,10,-8,37,-3,15,-2,-22,1,4,-8,41,9,13,-4,-29,7,4,-3,33,10,14,-6,-20,7,21,-8,35,9,16,-9,-23,5,5,-9,38,7,13
31.0800,-4,-26,4,9,-1,35,8,12,-8,-26,3,3,-8,32,6,16,-10,-20,0,5,-11,40,10,18,-4,-20,5,6,-8,41,-6,17,-3,-24,2,1,-13,36,4,12,-5,-26,3,4,-8,36,3,12,-4,-24,7,19,-12,38,7,16,-6,-24,4,10,-10,37,8,15
31.1000,-8,-23,0,7,-2,36,4,14,-6,-22,2,9,-12,33,10,14,-7,-19,0,7,-15,37,8,23,-2,-23,3,1,-13,38,-5,18,1,-25,3,9,-13,39,9,16,-10,-27,4,7,-9,37,7,13,-7,-24,7,19,-7,34,4,17,-6,-23,3,6,-9,40,8,15
31.1200,-8,-22,4,3,-5,39,5,13,-7,-21,10,7,-10,32,5,16,-7,-21,1,6,-11,35,10,23,-9,-21,5,4,-11,39,-1,16,-2,-20,5,8,-11,37,9,16,-7,-26,4,4,-2,38,6,10,-7,-20,3,19,-10,34,7,13,-4,-24,3,7,-9,34,9,14
31.1400,-6,-24,4,4,3,36,7,16,-6,-24,3,6,-13,26,8,16,-11,-22,-3,5,-10,40,8,20,-9,-19,5,1,-9,37,1,13,-1,-20,1,5,-8,35,7,13,-7,-28,6,10,-6,38,11,7,-7,-24,-1,21,-13,39,3,17,-6,-22,3,2,-15,37,11,14
31.1600,-8,-24,2,4,-1,42,8,15,-2,-24,5,5,-5,29,6,15,-8,-20,-1,9,-11,36,10,24,-9,-20,8,3,-10,35,-6,14,-1,-22,0,2,-4,33,5,12,-7,-31,2,7,-8,36,8,14,-1,-19,4,20,-10,39,9,14,-9,-23,5,5,-11,41,7,13
31.1800,-8,-26,-2,8,-2,37,7,12,-5,-24,2,7,-14,27,8,17,-6,-17,1,9,-8,34,6,24,-6,-21,2,9,-8,35,-6,16,2,-24,6,4,-12,38,8,17,-6,-31,3,8,-5,37,3,11,-9,-22,3,23,-9,37,9,16,-12,-22,4,4,-10,37,9,17
31.2000,-5,-27,-1,5,-2,36,6,12,-5,-21,3,4,-12,24,4,13,-6,-23,4,7,-10,35,9,26,-9,-22,4,9,-5,42,-6,15,1,-22,-1,6,-9,34,10,19,-9,-31,4,5,-8,36,9,12,-6,-20,6,21,-9,38,3,17,-8,-26,4,2,-6,38,9,15
31.2200,-12,-22,0,8,-2,38,3,15,-10,-27,5,4,-9,26,8,17,-8,-21,2,6,-13,34,11,23,-7,-25,7,8,-8,41,-5,16,0,-28,4,6,-8,34,9,11,-7,-28,3,3,-8,36,12,9,-8,-24,2,19,-10,34,10,16,-8,-21,7,4,-9,40,6,18
31.2400,-9,-22,4,8,-4,44,7,14,-14,-23,3,1,-10,29,12,9,-8,-18,7,7,-11,35,9,21,-9,-21,-2,7,-10,38,-6,17,0,-19,7,3,-2,38,8,17,-2,-32,3,6,-4,32,4,12,-6,-24,2,18,-4,33,7,18,-9,-22,7,5,-9,36,6,12
31.2600,-10,-22,1,6,0,37,6,15,-5,-21,1,4,-13,24,12,16,-8,-24,6,2,-11,37,10,21,-9,-19,0,5,-8,39,-7,11,0,-22,-1,3,-10,37,9,17,-9,-27,6,8,-9,35,5,14,-8,-17,8,17,-11,34,10,18,-10,-18,2,3,-7,35,4,13
31.2800,-10,-26,6,6,-4,41,5,13,-5,-21,4,7,-7,27,10,18,-9,-21,4,6,-8,37,8,18,-8,-23,2,6,-10,43,0,14,4,-21,1,8,-9,38,7,16,-5,-30,3,8,-12,35,7,10,-7,-18,1,21,-14,33,7,17,-9,-25,1,4,-6,34,8,8
31.3000,-11,-27,3,7,-2,39,4,12,-10,-24,1,3,-10,30,9,16,-6,-22,3,6,-9,36,7,20,-11,-22,4,6,-9,37,-6,16,-4,-23,3,3,-13,39,8,15,-7,-30,1,5,-6,32,10,13,-7,-21,3,19,-9,38,6,13,-9,-26,4,8,-10,38,10,12
31.3200,-11,-23,0,5,0,37,7,15,-1,-26,3,8,-12,24,3,13,-3,-22,1,3,-15,33,7,23,-8,-21,2,7,-9,36,-4,11,-2,-25,3,6,-14,41,5,13,-6,-28,7,6,-5,38,6,13,-9,-23,6,17,-5,37,13,15,-7,-22,6,4,-7,38,7,15
31.3400,-11,-24,2,8,-7,39,9,11,-3,-26,1,11,-10,29,9,17,-10,-19,3,8,-10,35,5,22,-11,-17,0,4,-7,38,-8,12,3,-23,0,4,-10,37,6,15,-8,-29,2,6,-6,32,11,12,-8,-23,4,21,-9,38,7,15,-9,-22,1,7,-12,35,5,13
31.3600,-11,-24,0,4,-2,37,10,15,-13,-25,5,3,-9,27,7,12,-6,-18,3,4,-10,35,9,20,-9,-30,0,3,-6,36,-4,18,2,-21,6,7,-6,41,3,13,-10,-32,-2,4,-8,38,11,12,-6,-23,5,22,-7,35,8,12,-9,-21,0,3,-8,31,8,12
31.3800,-8,-26,-2,4,-4,39,5,11,-4,-27,5,6,-9,24,6,16,-9,-21,3,8,-13,36,6,20,-9,-19,5,7,-8,35,-4,12,2,-25,4,5,-8,35,9,14,-6,-35,0,6,-9,40,7,14,-12,-22,4,20,-10,32,6,15,-10,-24,3,8,-9,37,9,11
31.4000,-7,-25,4,4,2,36,7,17,-7,-22,-1,8,-8,25,10,17,-10,-26,0,3,-9,35,10,17,-5,-20,0,8,-9,35,-4,15,1,-25,2,4,-12,35,9,14,-8,-28,3,8,-4,38,7,9,-8,-22,2,22,-13,34,6,13,-9,-22,5,3,-8,33,6,16
31.4200,-9,-27,1,7,-5,31,5,12,-5,-24,-5,5,-10,25,6,13,-11,-17,1,4,-10,35,10,21,-8,-16,0,4,-4,39,2,15,-3,-20,-1,2,-11,36,9,17,-4,-31,-2,3,-7,38,6,12,-6,-23,8,19,-8,35,12,17,-10,-28,3,10,-11,33,5,13
31.4400,-9,-27,1,4,-2,38,11,14,-8,-25,2,6,-13,29,8,17,-8,-20,4,5,-9,34,7,23,-3,-22,4,7,-10,38,1,12,0,-23,2,6,-12,36,8,15,-3,-28,-2,6,-11,33,10,9,-4,-17,5,17,-9,36,5,16,-9,-24,-1,3,-9,36,6,13
31.4600,-6,-25,1,4,-4,40,10,12,-5,-22,2,1,-9,32,9,16,-6,-21,-1,6,-9,35,9,19,-9,-22,3,3,-7,35,-2,16,0,-25,2,8,-7,38,7,14,-4,-30,7,5,-11,41,6,9,-6,-24,6,22,-8,42,8,16,-8,-21,3,3,-12,39,3,17
31.4800,-8,-22,-2,4,0,38,4,16,-13,-23,2,7,-9,27,13,14,-5,-24,0,4,-12,39,9,23,-4,-16,5,2,-8,44,-4,14,0,-28,2,5,-13,40,8,16,-3,-28,3,5,-5,44,8,13,-8,-24,5,17,-9,35,6,15,-5,-23,4,2,-7,35,10,15
31.5000,-9,-24,1,3,-1,32,7,13,-9,-28,-3,1,-8,27,9,17,-11,-21,0,2,-13,35,11,22,-7,-23,2,5,-10,39,-5,11,-1,-26,3,9,-14,40,7,17,-3,-29,0,2,-6,31,10,6,-8,-22,4,18,-10,34,6,13,-5,-23,2,5,-8,37,10,9
31.5200,-12,-24,2,10,2,36,4,14,-7,-24,1,7,-14,25,8,16,-7,-21,0,6,-12,36,4,19,-5,-24,1,6,-7,37,-2,10,-1,-24,-1,5,-11,36,8,13,-5,-27,-1,4,-4,36,8,8,-8,-28,3,21,-9,34,8,14,-8,-24,2,8,-11,34,7,17
31.5400,-5,-26,2,6,-3,37,7,12,-4,-27,1,5,-9,29,9,15,-8,-25,3,9,-11,35,8,19,-5,-18,5,5,-7,40,-1,13,2,-21,1,4,-8,35,9,13,-6,-33,-1,2,-5,34,10,9,-7,-26,4,20,-9,35,10,11,-6,-20,3,3,-10,35,3,10
31.5600,-5,-25,-3,8,-2,36,3,13,-9,-25,0,1,-7,25,7,14,-10,-21,2,10,-11,32,8,20,-6,-25,1,5,-6,38,1,14,5,-25,-2,7,-10,35,10,13,-4,-29,4,4,-12,35,7,12,-8,-19,2,17,-14,40,5,14,-10,-25,-2,1,-11,36,10,10
31.5800,-8,-26,2,2,-4,34,9,9,-7,-21,-1,11,-8,27,7,13,-9,-20,-3,1,-9,34,8,22,-6,-23,4,5,-7,37,-2,11,3,-26,3,2,-16,39,9,13,-8,-29,2,4,-3,40,8,12,-5,-26,1,21,-15,37,9,18,-7,-27,-3,2,-10,35,11,11
31.6000,-7,-25,0,6,-4,42,8,16,-7,-21,-1,6,-10,27,5,11,-8,-26,1,2,-8,33,11,21,-7,-23,-1,7,-11,41,-2,8,0,-21,1,5,-18,34,11,13,-10,-26,1,3,-9,34,9,9,-4,-25,3,20,-12,38,8,13,-4,-21,0,-1,-13,33,11,14
31.6200,-8,-30,0,4,-5,33,10,13,-8,-25,4,7,-9,28,15,17,-9,-24,1,6,-10,34,9,16,-6,-19,4,9,-7,38,1,12,0,-27,-1,5,-10,33,8,18,-5,-33,3,8,-8,38,14,12,-9,-27,1,16,-8,37,8,15,-9,-23,-1,1,-10,34,8,12
31.6400,-11,-25,-1,5,-4,35,7,12,-8,-26,2,6,-9,30,8,16,-10,-18,3,4,-11,37,7,16,-9,-19,2,4,-8,41,1,11,-4,-23,2,4,-9,36,9,13,-5,-26,-1,4,-5,37,10,10,-10,-26,3,19,-12,36,6,17,-10,-22,-1,5,-13,40,9,12
31.6600,-11,-22,2,6,-3,40,4,11,-6,-24,0,1,-8,28,8,17,-5,-23,1,8,-15,38,8,17,-10,-22,3,7,-5,32,1,10,-1,-23,5,5,-9,38,9,12,-8,-33,3,4,-6,36,9,12,-6,-22,3,18,-11,34,8,11,-10,-21,4,6,-8,37,11,13
31.6800,-7,-28,2,8,-4,34,8,11,-7,-27,1,3,-10,23,8,13,-9,-19,1,9,-15,32,11,20,-12,-23,7,6,-10,36,1,14,2,-22,3,5,-11,32,6,14,-6,-30,-3,3,-7,33,9,12,-13,-24,2,15,-12,37,9,13,-9,-19,2,6,-7,42,6,12
31.7000,-9,-28,0,6,-5,37,5,12,-10,-27,1,4,-12,32,8,11,-12,-20,1,7,-9,33,10,19,-7,-19,3,4,-9,41,-1,15,-3,-22,0,2,-11,30,5,8,-8,-32,-1,1,-9,36,11,12,-8,-24,3,20,-13,36,8,8,-7,-24,3,5,-9,35,10,15
31.7200,-3,-28,3,4,-2,38,9,12,-8,-23,-2,7,-9,29,7,12,-8,-24,2,5,-14,34,11,15,-9,-18,-1,7,-10,38,-1,12,3,-23,3,6,-11,38,3,16,-11,-28,3,6,-9,35,10,14,-12,-24,2,18,-15,38,6,9,-5,-22,-2,4,-9,35,11,13
31.7400,-5,-25,0,3,-3,35,6,12,-12,-22,2,3,-9,25,8,15,-7,-19,0,2,-15,35,8,19,-5,-19,-3,5,-10,36,1,12,-2,-22,5,4,-13,34,9,13,-5,-29,3,5,-6,38,10,13,-5,-24,5,13,-12,38,11,11,-9,-26,1,3,-13,36,7,10
31.7600,-10,-23,0,1,-6,39,9,11,-9,-24,4,3,-7,23,11,12,-8,-21,-2,4,-10,34,5,23,-8,-19,-1,5,-10,37,0,14,-1,-24,0,3,-9,36,12,13,-5,-32,-1,9,-9,35,12,7,-10,-23,4,19,-10,35,9,13,-5,-26,4,6,-11,37,13,14
31.7800,-10,-26,-1,8,-1,32,8,13,-9,-23,5,6,-12,27,8,16,-5,-23,0,5,-12,34,9,22,-7,-20,0,5,-7,42,-2,18,5,-22,2,6,-11,38,10,13,-2,-31,-2,2,-10,35,8,10,-6,-22,3,17,-10,32,10,14,-9,-25,-3,8,-10,37,6,13
31.8000,-6,-24,-5,8,0,36,6,8,-6,-22,5,0,-7,29,7,15,-7,-22,-1,3,-10,37,11,21,-11,-16,-2,7,-5,31,-2,12,3,-21,1,2,-6,35,10,13,-6,-28,2,1,-5,36,15,13,-3,-20,1,17,-10,35,6,14,-4,-25,-4,2,-7,34,11,12
31.8200,-7,-24,4,6,-6,31,1,9,-6,-24,2,6,-4,25,11,13,-9,-21,0,3,-9,34,7,22,-7,-20,4,3,-6,37,-1,10,0,-22,-3,7,-11,36,6,12,-2,-31,-1,6,-7,37,12,10,-6,-25,2,19,-11,35,10,12,-10,-23,-2,3,-6,32,5,14
31.8400,-12,-26,2,1,-3,34,2,15,-6,-22,-4,3,-8,29,13,11,-8,-21,5,5,-14,35,7,17,-9,-22,1,4,-4,37,-3,11,1,-26,-4,2,-9,34,11,13,-8,-32,1,5,-9,39,7,10,-4,-27,3,17,-9,35,7,11,-7,-23,-1,8,-11,32,8,14
31.8600,-12,-25,3,6,-6,37,4,12,-5,-26,2,5,-8,25,5,16,-12,-24,-1,7,-11,36,11,17,-6,-19,3,4,-6,36,-5,12,1,-22,-4,3,-10,34,3,17,-6,-30,3,2,-9,38,9,14,-7,-23,3,17,-5,36,3,13,-2,-23,-2,3,-10,32,10,13
31.8800,-6,-24,-1,1,-6,36,1,9,-5,-24,-4,7,-8,29,11,10,-10,-18,2,10,-10,37,7,24,-7,-19,0,4,-5,39,1,12,2,-22,-3,1,-11,33,5,11,-6,-33,-1,0,-7,36,9,13,-7,-25,3,19,-12,36,11,13,-6,-23,1,6,-12,36,3,15
31.9000,-6,-28,0,4,-3,33,3,12,-7,-23,0,8,-5,26,10,15,-4,-25,0,4,-9,32,13,19,-5,-23,-1,6,-6,34,-4,12,2,-18,3,3,-14,36,7,13,-8,-30,2,4,-6,32,8,9,-9,-23,4,16,-8,38,11,10,-8,-24,-1,5,-6,35,7,12
31.9200,-10,-23,-1,7,-3,39,6,11,-1,-24,-1,1,-6,21,12,9,-9,-23,3,3,-9,37,6,20,-8,-18,3,0,-7,36,-1,14,-1,-23,-5,3,-6,38,6,14,-6,-28,4,9,-9,34,7,15,-4,-23,2,20,-13,33,11,13,-6,-21,-4,1,-8,37,5,8
31.9400,-9,-26,0,7,-1,36,7,8,-6,-23,-1,8,-8,24,9,14,-9,-19,-2,5,-11,37,14,17,-4,-21,-2,1,-9,41,0,15,4,-28,0,3,-11,32,10,12,-8,-30,4,4,-8,37,10,11,-5,-25,-1,13,-9,34,10,12,-8,-21,-3,1,-11,36,8,11
31.9600,-10,-26,1,2,5,38,7,10,-5,-19,3,6,-6,26,6,16,-9,-20,2,1,-13,37,7,21,-6,-23,-5,4,-4,39,-2,10,-1,-24,-4,4,-4,31,7,12,-5,-36,2,3,-8,34,5,10,-8,-22,1,18,-8,37,9,11,-6,-24,2,5,-10,34,8,7
31.9800,-12,-31,2,0,-2,36,13,9,-6,-26,2,6,-6,30,8,13,-7,-24,-4,6,-16,33,9,17,-8,-20,-2,6,-9,37,1,9,1,-24,-3,7,-9,36,9,12,-4,-28,-1,3,-10,33,10,12,-5,-26,3,18,-7,39,5,10,-8,-25,-4,4,-9,35,9,8
32.0000,-8,-25,-2,3,-1,35,2,10,-7,-26,0,2,-8,25,11,14,-12,-23,-2,3,-11,29,6,21,-7,-21,1,5,-10,39,-2,11,3,-22,1,4,-8,33,5,10,-9,-27,-4,3,-4,37,9,9,-5,-23,-1,18,-11,39,11,6,-4,-27,3,3,-10,34,9,14
32.0200,-8,-24,-4,1,-2,33,4,13,-9,-24,1,5,-9,31,8,17,-7,-23,-1,3,-12,36,8,17,-9,-24,3,4,-5,32,1,9,4,-22,-1,4,-8,33,8,11,-6,-28,2,6,-8,36,4,10,-6,-22,-2,23,-7,31,6,13,-6,-21,7,4,-8,36,8,13
32.0400,-6,-21,1,1,-4,38,6,5,-4,-28,2,2,-9,25,10,9,-5,-23,-1,0,-9,31,11,15,-9,-22,4,3,-4,41,-3,14,-2,-27,2,7,-12,34,3,15,-7,-32,1,8,-9,37,13,12,-6,-25,4,18,-8,32,10,13,-11,-28,5,6,-9,32,9,9
32.0600,-7,-23,-4,6,-5,29,6,9,-7,-28,-2,5,-10,24,9,11,-5,-25,-1,6,-13,32,8,24,-11,-24,6,6,-8,35,-4,9,-4,-25,-2,6,-11,31,7,11,-5,-32,-4,4,-8,38,10,11,-6,-26,1,20,-5,37,6,9,-9,-24,-1,3,-11,37,5,13
32.0800,-9,-28,0,4,0,33,7,7,-1,-25,1,3,-13,29,12,14,-5,-25,2,3,-13,37,7,18,-8,-22,0,1,-4,33,-4,14,-1,-22,0,5,-13,33,9,12,-5,-28,-1,7,-11,34,13,7,-4,-25,-2,18,-4,33,5,13,-6,-26,-3,7,-8,39,7,12
32.1000,-10,-27,2,1,-7,35,10,11,-6,-23,0,8,-11,26,14,15,-4,-24,0,3,-10,37,11,16,-9,-19,2,5,-8,35,0,14,4,-24,4,4,-14,34,7,13,-3,-32,1,3,-11,34,9,6,-5,-21,-2,21,-6,33,9,13,-7,-24,-2,4,-11,34,7,10
32.1200,-9,-27,-2,5,-4,35,7,12,-5,-26,-1,1,-12,24,8,11,-9,-21,-3,6,-12,30,7,17,-4,-18,-5,7,-8,39,-1,10,2,-25,3,4,-11,35,7,13,-8,-31,-2,10,-8,35,11,11,-4,-26,0,17,-6,37,10,13,-7,-26,-3,7,-9,34,13,9
32.1400,-5,-30,-4,3,-4,36,6,8,-2,-25,-5,5,-4,26,7,14,-9,-22,3,1,-14,34,7,20,-7,-19,2,5,-10,37,-3,13,3,-24,-2,5,-11,33,5,13,-7,-31,0,4,-10,36,8,7,-4,-23,2,17,-10,36,3,11,-10,-28,-3,6,-10,32,10,10
32.1600,-9,-25,-1,4,-2,33,8,12,-2,-23,2,9,-9,30,12,14,-9,-24,-2,2,-10,33,8,16,-5,-22,-3,10,-7,36,-2,10,-1,-22,2,7,-15,30,7,12,-8,-29,-2,6,-8,30,9,13,-8,-23,2,22,-8,39,8,10,-11,-26,0,5,-7,37,6,12
32.1800,-10,-25,3,2,0,34,8,9,-3,-25,2,4,-5,28,12,16,-8,-24,-2,5,-13,32,9,21,-9,-20,-2,-3,-11,35,-3,10,0,-23,1,5,-10,36,8,11,-5,-32,-4,6,-8,35,12,11,-3,-25,-1,18,-11,34,10,13,-7,-24,0,6,-11,36,11,13
32.2000,-12,-23,4,4,-4,35,3,7,-4,-24,-4,1,-8,24,12,12,-6,-20,1,5,-14,30,12,16,-6,-20,1,1,-10,38,-1,10,4,-25,-3,5,-11,33,5,12,-10,-30,-4,8,-5,33,9,10,-3,-20,2,17,-12,33,8,7,-3,-27,-6,4,-7,38,6,8
32.2200,-10,-22,-2,3,0,37,7,9,-8,-24,-1,6,-6,21,11,14,-10,-22,-3,0,-9,32,10,16,-4,-18,-2,4,-10,42,-2,13,1,-21,3,3,-9,33,6,11,-8,-32,1,3,-9,33,12,9,-7,-17,0,17,-7,39,11,11,-4,-22,-5,5,-12,32,6,15
32.2400,-9,-24,-3,4,-6,36,8,13,-7,-22,2,4,-4,26,10,14,-6,-21,2,7,-14,34,10,15,-4,-21,5,6,-6,38,-1,14,2,-24,-1,3,-13,35,7,8,-5,-26,6,6,-14,30,15,9,-8,-21,-1,18,-5,36,7,12,-8,-24,0,3,-7,30,5,11
32.2600,-5,-22,0,7,-5,31,8,7,-9,-26,-5,5,-11,26,13,14,-8,-25,-1,6,-8,30,11,18,-4,-18,-3,4,-13,35,-4,8,-3,-23,-3,4,-9,32,9,7,-5,-31,0,4,-6,34,10,11,-2,-27,1,14,-9,33,8,17,-7,-28,-1,4,-4,33,9,8
32.2800,-4,-24,1,5,-4,34,2,10,-5,-27,-1,9,-7,24,9,11,-7,-28,0,2,-9,33,7,18,-3,-17,3,5,-6,36,-4,8,2,-22,-2,3,-12,34,7,10,-11,-33,1,6,-6,32,12,8,-9,-21,-3,13,-13,31,11,8,-5,-23,-1,7,-6,33,9,11
32.3000,-8,-28,0,4,-3,32,6,11,-1,-22,0,4,-14,23,11,13,-8,-22,-2,4,-12,33,7,16,-7,-16,1,3,-6,37,-2,11,2,-19,0,2,-8,33,4,13,-6,-29,-2,3,-6,30,13,10,-10,-29,-1,20,-10,34,7,13,-4,-26,0,5,-8,33,6,12
32.3200,-2,-24,-1,3,-3,33,6,9,-5,-25,1,-1,-12,25,10,11,-7,-25,3,4,-14,30,5,21,-9,-22,-3,3,-7,37,-2,10,5,-23,-1,5,-12,31,8,13,-4,-28,0,4,-8,35,7,12,-9,-22,-2,24,-10,32,5,9,-6,-19,-3,7,-15,37,8,13
32.3400,-4,-21,1,7,0,34,10,10,-5,-22,3,4,-10,30,13,12,-6,-26,0,5,-14,31,10,17,1,-18,-2,2,-7,36,-5,8,-2,-27,2,6,-8,35,9,10,-6,-32,-1,2,-11,32,8,10,-7,-20,2,18,-12,34,8,7,-8,-25,-2,4,-7,33,6,6
32.3600,-4,-25,1,0,-1,33,8,12,-7,-23,-1,4,-9,24,12,16,-6,-24,1,4,-11,36,10,19,-3,-16,0,2,-6,39,-2,8,2,-16,-4,1,-7,33,5,13,-7,-31,-3,5,-15,31,10,13,-10,-23,0,15,-5,37,3,6,-5,-25,-3,6,-12,35,13,10
32.3800,-6,-23,-3,8,0,36,3,9,-6,-24,-5,6,-8,26,10,12,-11,-23,-2,3,-13,33,4,16,-7,-23,-1,9,-5,39,-4,12,2,-25,-4,5,-9,33,10,9,-2,-29,-2,5,-7,33,11,7,-7,-21,0,15,-11,33,8,9,-8,-23,-4,3,-8,36,10,12
32.4000,-5,-20,1,6,-5,32,7,5,-4,-23,0,6,-6,26,12,17,-6,-26,-2,3,-8,30,7,17,-8,-21,5,11,-5,32,1,5,3,-25,3,4,-10,30,3,12,-4,-29,-1,5,-11,33,11,8,-9,-22,4,15,-13,34,12,10,-4,-24,-2,2,-10,36,8,11
32.4200,-8,-23,0,3,0,34,7,10,-11,-25,-2,8,-7,22,10,10,-7,-23,0,6,-11,31,8,17,-9,-17,-2,5,-9,34,1,11,1,-27,-2,3,-13,33,5,8,-4,-28,-2,6,-16,34,6,10,-2,-26,0,15,-11,33,5,11,-3,-24,-4,5,-10,38,7,11
32.4400,-12,-24,0,5,-1,29,10,3,-10,-27,-4,3,-7,24,10,11,-7,-24,-1,2,-14,34,9,22,-4,-18,-1,3,-6,32,-1,9,2,-24,-1,1,-10,38,6,11,-3,-36,-2,6,-5,30,12,9,-6,-23,-1,15,-11,35,6,11,-8,-25,-5,1,-8,37,7,7
32.4600,-11,-24,-2,3,2,31,11,8,-2,-28,-4,4,-8,25,10,16,-5,-21,-4,5,-14,33,11,15,-3,-19,3,4,-6,32,-1,14,3,-19,1,6,-14,38,5,13,-9,-29,1,7,-9,37,9,10,-10,-20,-1,14,-6,34,5,12,-5,-25,-4,-4,-5,29,3,15
32.4800,-6,-25,-2,5,-3,38,9,11,-13,-24,-2,6,-9,24,14,16,-9,-22,2,5,-14,33,8,20,-2,-21,-1,5,-6,36,1,9,0,-24,-3,2,-9,32,7,7,-6,-29,-6,4,-8,37,9,8,-5,-25,0,15,-10,31,7,6,-6,-22,-3,1,-10,35,10,11
32.5000,-7,-24,-1,-1,0,36,7,8,-5,-23,1,1,-10,21,11,10,-11,-25,-5,7,-10,32,11,19,-8,-19,0,3,-4,35,1,10,2,-27,-3,1,-13,33,5,7,-6,-29,1,4,-9,35,12,7,-8,-25,-3,20,-11,33,13,10,-7,-23,-1,-1,-10,30,8,7
32.5200,-8,-23,0,3,-3,34,8,6,-3,-23,-2,4,-5,27,10,11,-8,-25,-3,3,-12,32,8,20,-4,-21,0,8,-8,38,-3,8,4,-27,3,5,-14,30,9,10,-9,-26,-4,3,-9,37,8,8,-2,-27,-3,13,-11,38,9,13,-6,-26,2,4,-13,34,5,12
32.5400,-3,-24,-1,5,-6,34,2,7,-9,-23,-1,8,-9,28,9,11,-3,-22,0,3,-14,35,9,21,0,-24,-2,5,-8,34,-2,6,0,-23,-3,7,-10,35,8,11,-5,-26,-1,4,-8,35,8,8,-6,-21,-2,14,-11,35,7,9,-4,-25,-3,1,-15,37,7,10
32.5600,-10,-23,0,6,-1,30,8,8,-6,-25,-2,6,-6,25,15,13,-7,-27,-6,2,-13,32,8,15,-5,-22,-4,6,-3,36,2,10,1,-26,1,6,-9,36,4,11,-6,-33,-1,6,-10,38,9,15,-7,-25,-2,16,-11,33,10,13,-1,-24,-2,3,-10,32,5,10
32.5800,-6,-26,-3,6,-4,33,10,12,-7,-22,-5,4,-9,24,10,11,-5,-24,-3,3,-14,33,9,16,0,-15,-4,4,-6,37,2,12,5,-27,-4,3,-7,30,4,9,-5,-30,-2,3,-8,35,8,6,-7,-24,-2,20,-7,36,11,9,-1,-22,-2,4,-10,31,9,12
32.6000,-7,-23,-1,6,-4,36,3,8,-2,-26,-5,2,-6,25,11,13,-7,-27,-3,0,-14,29,5,16,-1,-18,-2,3,-6,30,0,9,2,-24,-2,4,-10,29,5,11,-7,-31,-1,4,-12,31,12,7,-5,-25,-2,16,-11,35,8,8,-6,-23,-4,4,-8,33,10,8
32.6200,-7,-24,-8,0,-5,34,7,6,-3,-25,0,6,-7,25,12,15,-6,-26,3,4,-13,37,7,17,-4,-17,-6,2,-2,36,-5,9,2,-22,-6,5,-14,31,8,7,-9,-30,1,7,-10,36,8,11,-2,-26,-2,15,-13,37,6,5,-7,-23,-2,1,-7,34,11,13
32.6400,-6,-25,-1,2,-5,33,11,8,-6,-26,-1,4,-9,25,14,13,-4,-23,-4,5,-9,27,10,18,-6,-19,-5,5,-6,35,-3,9,-1,-23,-2,4,-10,32,7,7,-8,-32,-2,7,-11,34,11,16,-8,-29,2,19,-15,29,8,11,-7,-23,-5,0,-14,33,5,9
32.6600,-5,-23,-2,5,-4,31,6,9,-3,-22,-5,4,-5,26,6,6,-9,-24,-2,5,-15,33,4,20,-4,-20,-3,4,-10,32,0,9,1,-21,0,3,-6,33,7,11,-7,-27,-7,2,-14,33,6,9,-7,-24,-2,18,-12,37,9,14,-6,-24,1,1,-8,31,10,10
32.6800,-10,-23,-4,5,-4,35,8,10,-8,-22,-3,3,-10,24,10,12,-12,-24,-3,4,-11,33,7,20,-8,-24,-3,6,-10,35,0,9,1,-22,0,7,-7,32,11,7,-1,-28,1,3,-12,33,10,10,-4,-27,-3,15,-12,31,8,8,-6,-26,-4,0,-10,29,7,7
32.7000,-5,-27,-3,7,-4,37,11,11,-6,-26,-3,3,-12,20,14,10,-9,-27,-3,1,-14,35,8,16,-3,-21,-3,7,-6,33,-1,9,1,-22,-8,3,-12,35,10,15,-6,-31,-6,9,-11,34,11,12,-7,-22,-4,13,-7,32,4,8,-7,-24,-5,0,-7,34,8,14
32.7200,-10,-25,2,5,-2,33,4,9,-8,-26,-4,3,-4,26,11,10,-9,-23,-3,6,-9,32,7,15,-2,-22,0,-4,-5,41,3,11,3,-24,-4,1,-13,36,8,12,-5,-32,-3,3,-11,33,8,11,-7,-21,-4,12,-12,35,10,15,-7,-22,-2,5,-5,36,7,8
32.7400,-6,-30,1,1,-8,35,9,11,-7,-24,1,7,-9,29,12,8,-6,-24,-4,-1,-8,33,7,20,-5,-18,-3,2,-8,36,2,10,1,-25,-4,4,-14,34,5,10,-2,-31,-3,1,-13,33,13,5,-2,-27,-4,15,-14,35,6,11,-6,-22,-3,1,-8,32,10,8
32.7600,-6,-22,-1,2,-5,35,8,4,-5,-21,0,6,-8,25,9,12,-8,-23,-5,3,-12,33,10,23,-9,-23,-7,0,-7,38,2,8,-1,-26,-1,0,-7,33,5,8,-3,-30,-2,3,-9,37,12,6,-8,-25,1,12,-10,31,6,11,-5,-27,-6,4,-13,38,8,15
32.7800,-6,-22,-3,2,-1,34,8,9,-8,-27,-2,2,-8,21,9,11,-8,-23,-2,2,-13,30,12,16,-4,-24,2,1,-7,35,-4,9,2,-22,-9,1,-11,32,9,9,0,-30,-2,3,-9,35,8,8,-7,-24,-5,10,-12,34,7,12,-7,-24,-4,-1,-9,33,10,12
32.8000,-6,-21,-5,3,-7,32,9,8,-7,-24,-2,2,-8,27,10,11,-7,-24,-3,6,-10,32,8,19,-10,-20,-2,1,-8,35,0,9,-2,-23,-1,4,-7,32,6,6,-9,-28,-2,0,-13,36,8,9,-4,-22,-2,15,-10,31,10,7,2,-23,-2,6,-8,37,6,12
32.8200,-2,-25,-5,1,-3,31,7,7,-4,-23,-4,2,-8,28,7,11,-7,-26,-7,5,-14,35,10,17,-7,-26,-5,3,-12,35,-3,9,-1,-23,-5,2,-11,33,7,10,-7,-29,-4,5,-15,30,10,9,-3,-23,-4,13,-13,33,10,11,-5,-25,-4,1,-15,34,6,10
32.8400,-5,-25,-1,5,-1,32,7,8,-7,-25,-5,2,-7,25,7,14,-6,-25,-2,5,-12,33,7,16,-5,-23,-5,5,-6,35,-1,15,1,-24,-3,9,-7,35,8,11,-2,-28,-2,1,-12,35,13,11,-11,-26,-6,17,-6,34,6,9,-4,-21,-3,7,-10,36,13,9
32.8600,-7,-24,-1,1,1,36,4,6,-4,-25,-8,3,-5,24,11,9,-4,-23,-2,4,-16,34,9,18,-7,-21,0,4,-5,32,-5,8,-2,-24,0,1,-9,33,7,10,-1,-28,-3,3,-11,36,12,4,-4,-25,-1,16,-6,34,10,11,-7,-26,-4,6,-11,33,9,9
32.8800,-6,-21,-1,2,-2,34,11,10,-4,-25,-4,2,-10,24,4,8,-7,-26,-7,6,-7,31,11,16,-1,-20,0,6,-7,36,0,11,1,-25,-4,4,-11,34,6,13,-5,-31,-5,1,-10,34,13,12,-7,-27,0,12,-13,32,8,8,-6,-21,-4,5,-10,35,9,8
32.9000,-6,-22,-4,3,-3,36,11,4,-6,-24,-4,4,-12,24,9,12,-13,-25,-4,5,-14,30,10,18,-9,-22,-5,-1,-3,35,-3,9,2,-24,-4,3,-3,34,8,9,-7,-29,-9,2,-13,31,7,4,-4,-19,-2,14,-10,32,8,8,-5,-26,0,4,-8,34,6,11
32.9200,-6,-21,-4,1,2,35,10,10,-3,-29,-6,7,-7,28,11,11,-9,-24,0,3,-11,27,6,20,-6,-24,-4,8,-10,31,3,9,-1,-21,1,0,-6,31,2,9,-7,-33,-6,6,-11,30,11,10,-7,-23,-1,14,-10,37,10,6,-4,-25,-4,3,-10,30,7,10
32.9400,-7,-25,-5,2,-3,32,11,7,-1,-23,-7,7,-10,23,9,9,-8,-26,-6,4,-12,27,8,17,-1,-23,-2,2,-9,38,0,9,1,-18,-7,2,-11,33,2,9,-8,-31,-4,4,-10,35,9,11,-6,-25,-5,14,-8,35,9,11,-5,-26,-5,3,-9,36,7,10
32.9600,-8,-28,-8,8,-1,30,5,7,-6,-23,-3,0,-5,23,13,11,-6,-28,0,1,-14,33,6,17,-10,-20,-3,5,-8,38,-3,6,0,-28,-3,5,-9,34,9,11,-8,-27,0,5,-6,36,9,13,-5,-24,-4,13,-10,35,9,14,1,-24,-3,0,-11,32,11,8
32.9800,-6,-19,-8,-1,-5,33,8,11,-5,-23,-7,1,-5,23,7,8,-5,-24,-5,7,-11,36,10,16,-8,-22,-7,2,-8,32,1,9,-1,-28,-8,3,-9,33,5,10,-4,-32,-6,3,-11,32,9,6,-5,-21,-9,15,-8,34,9,6,-5,-21,-5,-1,-11,30,11,9
33.0000,-7,-24,-4,2,-7,37,11,6,-7,-26,-6,3,-8,25,11,7,-8,-26,-8,3,-9,32,10,15,-8,-23,-6,1,-9,37,1,7,-2,-28,-9,1,-7,34,12,10,-2,-26,-3,5,-7,34,12,9,-8,-27,0,13,-9,34,9,9,-6,-23,-5,5,-12,30,11,9
33.0200,-4,-25,-2,2,-2,35,9,3,-5,-24,-3,6,-6,24,12,10,-8,-22,-3,5,-12,30,5,18,-4,-21,0,4,-5,36,0,9,-2,-32,-7,2,-5,33,8,9,-6,-27,-2,7,-13,33,9,8,-6,-29,-1,13,-11,31,7,11,-5,-23,-4,5,-13,32,7,12
33.0400,-6,-24,-5,6,-2,34,7,9,-9,-27,-9,4,-5,19,13,8,-6,-25,-2,4,-15,32,6,16,-3,-23,-2,7,-10,34,2,10,1,-27,-9,4,-12,34,15,8,-3,-29,-6,4,-10,33,11,8,0,-23,-5,12,-10,34,7,11,-5,-24,-7,5,-11,34,9,8
33.0600,-4,-24,-8,2,-3,31,7,7,-4,-31,2,8,-5,25,4,9,-9,-26,-2,1,-14,30,10,15,-3,-23,-6,8,-11,38,1,8,2,-19,-6,10,-11,35,9,13,-5,-33,-7,3,-13,33,8,9,-6,-24,-4,14,-9,33,11,11,-2,-25,-2,10,-14,28,8,9
33.0800,-8,-23,-1,3,-5,32,1,6,-6,-28,-3,7,-5,25,9,9,-6,-19,-5,2,-14,30,7,17,-5,-19,-5,6,-10,33,0,10,1,-25,-9,0,-6,32,6,4,-7,-29,-3,3,-12,31,9,12,-6,-25,-5,11,-14,34,10,11,-6,-23,-7,4,-10,34,9,8
33.1000,-2,-21,-9,2,0,34,6,8,-6,-22,-3,2,-7,27,12,13,-8,-29,-5,2,-15,32,10,22,-6,-20,-5,-1,-8,29,-6,10,-1,-20,0,3,-6,30,3,3,-6,-25,-5,5,-10,34,7,11,-4,-25,-5,12,-8,29,11,11,-4,-23,-1,1,-9,28,8,10
33.1200,-7,-23,-3,4,-6,35,6,9,-7,-26,-3,8,-10,20,10,7,-6,-27,-10,4,-9,34,10,16,-5,-21,-6,1,-5,34,0,6,-2,-23,-5,-1,-9,31,5,10,-1,-30,-3,1,-15,35,9,9,-5,-24,-6,10,-8,36,9,8,-7,-26,-4,5,-13,31,10,12
33.1400,-6,-21,-4,4,-5,33,7,6,-8,-24,-5,8,-9,25,10,11,-9,-24,-4,2,-15,32,11,21,-3,-19,-5,4,-6,30,1,11,0,-23,-10,-2,-11,33,3,5,-1,-29,-4,5,-11,35,13,14,-3,-25,-3,14,-10,35,6,10,-7,-25,-5,5,-9,33,8,13
33.1600,-5,-24,-3,0,-1,32,9,7,-4,-28,-6,2,-5,23,9,11,-7,-27,-7,1,-15,34,9,16,-6,-20,-3,6,-9,34,-2,14,0,-26,-8,3,-12,30,5,8,-2,-30,-6,3,-9,37,8,6,-1,-25,-3,13,-13,33,7,11,-7,-23,-9,0,-7,36,10,13
33.1800,-5,-24,-5,7,-2,33,3,6,1,-26,-6,3,-10,23,11,6,-5,-27,-4,7,-11,33,14,16,-6,-22,-3,5,-4,32,0,11,2,-25,-3,1,-7,33,11,11,-7,-30,-8,3,-12,30,10,14,-4,-27,-6,14,-3,34,8,8,-5,-22,-7,3,-13,34,10,7
33.2000,-2,-18,-4,3,-5,35,4,4,-6,-23,-8,1,-9,25,8,12,-8,-30,-7,4,-11,30,8,18,-1,-26,-3,5,-2,34,-1,3,2,-24,-3,2,-8,34,7,10,-3,-27,-7,3,-11,35,6,12,-8,-26,-6,13,-8,32,7,8,-4,-26,-5,0,-7,33,9,9
33.2200,-6,-24,-6,5,-2,31,7,6,-3,-22,-7,3,-8,27,10,8,-6,-23,-10,7,-10,29,9,13,-3,-26,-3,6,-12,33,-2,5,1,-27,-5,3,-9,32,11,7,-10,-31,-3,1,-12,31,8,3,-6,-26,-4,13,-9,34,7,10,-8,-24,-3,8,-9,35,11,6
33.2400,-5,-25,-6,2,-6,31,5,5,-4,-27,1,5,-3,25,10,4,-10,-25,-7,5,-12,32,10,16,-2,-19,-6,8,-6,32,1,6,0,-27,-11,5,-8,33,8,5,-5,-31,-2,5,-9,31,6,10,-7,-22,-6,14,-9,33,10,9,-8,-23,-8,-1,-11,33,7,10
33.2600,-6,-22,-4,4,-5,30,5,6,-8,-23,-5,4,-3,23,11,11,-4,-27,-7,2,-13,32,6,14,-10,-20,-6,2,-6,32,-2,8,1,-25,-3,1,-9,32,10,7,-1,-26,-7,4,-10,30,8,7,-5,-28,-7,14,-7,30,10,7,-6,-23,-1,3,-8,32,9,5
33.2800,-7,-22,-6,2,-3,34,7,7,-6,-26,-6,7,-10,22,10,8,-5,-25,-7,1,-12,28,5,17,-5,-23,-7,4,-4,30,4,6,-2,-28,-4,3,-7,33,5,9,-7,-28,-1,2,-11,34,9,9,-9,-22,-6,10,-10,34,7,6,-4,-22,-1,2,-5,31,9,10
33.3000,-3,-22,-3,1,-7,32,9,9,-4,-23,-8,7,-6,23,10,5,-7,-26,0,4,-11,29,10,14,-3,-24,-6,5,-6,33,1,4,0,-23,-4,5,-12,32,6,8,-2,-30,-4,3,-9,28,13,7,-6,-25,-10,11,-7,34,10,8,-5,-27,-4,-4,-8,33,9,8
33.3200,-3,-21,-4,4,-4,31,4,6,-5,-25,-4,3,-7,26,5,8,-5,-22,-5,5,-10,32,8,14,-3,-19,-2,2,-8,30,-2,9,2,-27,-5,2,-9,32,8,8,-1,-28,-5,-1,-7,31,14,10,-3,-29,-7,9,-9,33,7,10,-5,-22,-10,4,-8,28,10,9
33.3400,-7,-22,-7,3,-2,32,6,8,-6,-25,-7,1,-3,21,4,11,-7,-25,-7,4,-8,33,9,16,-4,-20,-2,4,-13,33,-1,5,-1,-23,-4,6,-16,30,7,7,-3,-26,-7,4,-8,29,10,12,-3,-24,-2,17,-10,34,9,6,-5,-22,-5,5,-3,31,9,10
33.3600,-4,-20,-10,5,-4,30,8,8,-3,-24,-5,3,-8,24,7,8,-9,-23,-6,7,-14,34,6,15,-6,-22,-5,4,-8,33,3,5,2,-21,-6,4,-11,34,12,7,-4,-29,-1,2,-15,30,10,9,-3,-17,-6,11,-7,36,5,10,-2,-21,-7,1,-9,40,8,9
33.3800,-2,-22,-8,6,-2,25,9,9,-7,-24,-6,5,-4,26,6,6,-13,-25,-8,9,-14,34,10,19,0,-22,-8,1,-14,35,-2,6,1,-26,-7,10,-8,36,7,4,-2,-28,-8,3,-13,32,10,9,-1,-23,-7,9,-7,33,9,8,-5,-29,-6,3,-8,35,9,7
33.4000,-4,-28,-10,6,-7,33,10,5,-5,-24,-5,6,-7,24,8,8,-3,-26,-6,5,-10,27,12,15,0,-22,-7,4,-8,34,-1,5,-1,-28,-5,3,-8,29,6,10,-3,-25,-7,0,-12,31,9,11,-4,-27,-2,13,-10,31,8,10,-8,-26,-8,4,-10,31,7,8
33.4200,-5,-21,-8,2,-4,29,8,5,-5,-24,-8,3,-6,26,13,11,-9,-24,-7,3,-14,32,10,18,-8,-21,-5,0,-6,35,0,8,-2,-25,-5,3,-9,34,9,3,-6,-28,-12,7,-10,31,9,7,-2,-25,-3,11,-5,34,9,8,-5,-27,-4,-1,-12,31,13,12
33.4400,-3,-21,-7,-3,-4,34,5,3,-5,-25,-10,0,-8,22,12,10,-5,-30,-6,4,-12,27,12,19,-4,-20,-8,4,-6,35,5,10,-2,-23,-3,7,-6,31,13,4,-4,-27,-6,7,-12,33,11,9,-2,-19,-6,12,-3,31,3,8,-9,-23,-10,6,-11,34,9,11
33.4600,-5,-24,-4,8,1,30,7,6,-4,-23,-5,3,-6,20,12,6,-9,-28,-8,4,-9,33,8,13,-5,-18,-11,7,-8,28,-1,3,-1,-28,-5,9,-9,33,9,5,-1,-32,-9,7,-17,31,10,7,-9,-24,-7,10,-6,32,5,7,-3,-26,-7,3,-10,35,10,7
33.4800,-1,-24,-6,2,-6,34,10,8,-3,-25,-7,4,-3,26,7,6,-7,-27,-6,5,-9,31,11,15,-4,-19,-9,5,-6,26,0,10,-3,-27,-8,5,-6,32,7,2,-2,-24,-10,8,-12,31,11,7,-6,-21,-5,8,-12,31,4,7,-3,-25,-9,0,-8,33,7,7
33.5000,-2,-23,-2,4,-4,32,5,5,-1,-23,-5,6,-7,27,9,9,-7,-29,-5,2,-15,32,10,15,-3,-21,-8,2,-7,31,3,9,0,-25,-7,0,-6,31,6,6,-1,-28,-3,4,-14,29,12,7,-6,-22,-8,11,-10,32,8,8,-2,-28,-8,5,-10,32,8,8
33.5200,-5,-24,-7,7,-5,31,11,2,-5,-22,-6,4,-7,25,8,12,-4,-27,-8,5,-8,34,8,14,-1,-22,-5,4,-10,30,1,4,2,-28,-7,1,-9,32,8,7,-3,-25,-6,1,-12,30,4,6,-6,-21,-3,13,-8,34,10,11,-5,-23,-6,5,-8,36,7,6
33.5400,-3,-23,-7,-3,-5,33,6,10,-7,-23,-7,3,-5,23,10,8,-4,-23,-7,2,-13,33,13,17,-6,-21,-5,2,-9,34,0,6,-4,-23,-10,4,-12,32,9,7,-2,-25,-6,2,-15,30,11,10,-1,-24,-4,14,-8,32,12,9,-2,-27,-7,1,-4,32,7,9
33.5600,-5,-24,2,4,-5,26,7,8,-5,-22,-6,3,-9,25,4,9,-5,-27,-10,2,-9,27,9,14,-5,-21,-5,0,-10,31,-3,8,0,-23,-12,-1,-6,33,3,9,-2,-27,-5,0,-11,32,14,8,-11,-21,-8,9,-11,33,6,6,-3,-25,-10,7,-9,32,10,8
33.5800,-1,-20,-11,6,-2,32,9,7,-6,-25,-7,6,-7,26,6,7,-5,-29,-4,0,-8,31,7,16,-4,-23,-1,-4,-11,32,3,5,-2,-26,-3,4,-11,32,7,4,-3,-24,-4,0,-11,32,9,9,-11,-22,-8,12,-4,35,10,4,-4,-25,-10,2,-7,34,11,7
33.6000,-3,-21,-5,5,1,31,9,3,-7,-29,-6,0,-9,23,6,6,-7,-23,-9,2,-6,32,11,10,-2,-20,0,0,-8,32,-2,7,-3,-28,-8,0,-15,29,6,8,-3,-28,-10,4,-8,31,5,5,-4,-21,-9,10,-6,37,9,8,-6,-25,-8,1,-9,32,6,7
33.6200,-9,-24,-6,5,-1,28,8,2,-4,-19,-2,3,-8,20,8,8,-9,-25,-6,7,-12,32,10,19,-5,-20,-9,0,-10,32,-1,7,-3,-30,-8,3,-6,30,5,7,-3,-29,-6,3,-13,33,4,4,-3,-32,-7,7,-10,31,9,7,-4,-26,-6,1,-12,28,12,4
33.6400,-5,-23,-7,0,1,33,5,6,-4,-24,-8,1,-2,21,8,6,-7,-21,-9,8,-7,31,11,14,0,-20,-3,-1,-6,26,-4,7,-1,-27,-6,3,-5,29,10,10,-2,-29,-9,7,-9,28,10,9,-3,-23,-8,10,-12,32,5,10,-5,-24,-11,3,-7,31,8,2
33.6600,0,-22,-8,4,-3,33,8,11,-1,-26,-6,4,-5,21,12,8,-7,-24,-8,5,-12,32,8,13,-3,-21,-5,4,-7,31,3,6,1,-24,-9,4,-8,30,9,8,2,-27,-6,3,-12,31,11,9,-1,-26,-9,9,-8,33,7,5,-5,-28,-10,2,-11,33,6,8
33.6800,-4,-22,-9,2,-1,36,11,3,-4,-26,-10,2,-7,20,10,9,-6,-24,-6,4,-5,34,9,15,-6,-21,-10,3,-5,31,2,7,-4,-23,-6,7,-10,29,8,4,-4,-30,-12,4,-12,29,12,10,-4,-26,-11,9,-10,29,8,11,-6,-27,-10,4,-7,30,10,10
33.7000,-5,-21,-9,1,-5,32,8,7,-7,-27,-6,4,-6,22,11,8,-10,-27,-9,6,-8,28,10,18,-3,-21,-10,4,-7,33,-6,9,-3,-24,-5,1,-9,29,6,9,2,-26,-7,4,-13,33,8,8,-5,-27,-12,14,-9,31,6,6,-6,-26,-11,4,-6,28,8,9
33.7200,-2,-22,-6,6,-3,31,10,8,-4,-29,-8,1,-4,29,4,7,-4,-28,-7,3,-8,35,14,15,-3,-22,-7,4,-7,34,0,6,-1,-31,-8,5,-8,30,10,10,-3,-29,-12,3,-9,33,8,9,-3,-25,-8,16,-11,30,5,5,-5,-26,-13,3,-10,27,8,7
33.7400,-1,-22,-8,6,-6,27,6,-1,-3,-23,-6,2,-3,23,7,9,-4,-28,-7,0,-8,30,7,18,-6,-25,-9,6,-9,31,2,3,0,-21,-6,3,-10,28,11,11,1,-29,-7,2,-13,31,12,5,-4,-22,-12,10,-11,32,8,6,-9,-27,-5,6,-9,30,8,5
33.7600,-4,-22,-7,3,-6,31,9,11,-8,-26,-7,2,-5,26,7,6,-9,-28,-10,2,-10,32,11,19,1,-25,-5,6,-7,27,1,7,-2,-29,-9,2,-9,29,7,8,0,-25,-6,3,-13,32,8,12,-1,-22,-8,3,-6,28,5,8,-4,-24,-10,4,-12,26,10,10
33.7800,-3,-23,-5,3,-2,26,10,5,-2,-22,-11,3,-4,20,7,15,-6,-29,-10,4,-12,31,11,17,0,-26,-3,4,-6,33,2,4,-3,-28,-4,6,-10,31,4,10,2,-27,-8,1,-17,31,11,9,-2,-23,-6,8,-10,32,12,5,-5,-26,-7,-2,-9,31,9,9
33.8000,-3,-21,-9,6,-2,28,4,5,-5,-27,-7,6,-6,21,6,7,-3,-28,-7,8,-9,30,11,16,-6,-24,-7,-2,-7,29,-3,7,-4,-29,-7,3,-6,30,8,7,-2,-29,-8,2,-12,32,9,10,-4,-24,-7,14,-9,30,11,8,-4,-26,-8,3,-9,32,7,7
33.8200,0,-22,-9,1,-2,28,8,7,-1,-28,-8,1,-8,27,10,8,-4,-27,-8,5,-9,29,6,14,-6,-24,-11,3,-6,31,1,4,-2,-30,-14,3,-5,30,10,10,-3,-31,-7,7,-13,30,8,10,-6,-26,-4,11,-13,32,7,9,-8,-29,-8,3,-12,31,10,7
33.8400,-5,-21,-11,6,0,30,7,10,-8,-25,-5,4,-7,23,8,7,-9,-27,-4,5,-10,30,8,16,-7,-26,-6,1,-7,33,-4,6,1,-23,-11,-3,-7,33,8,10,0,-27,-4,5,-11,27,12,12,-4,-28,-9,11,-7,33,9,2,-4,-31,-8,4,-10,34,13,5
33.8600,-5,-17,-14,2,-5,33,5,6,-5,-24,-7,3,-6,23,12,6,-8,-30,-10,-1,-8,25,7,18,-5,-26,-8,4,-8,33,-3,9,-2,-28,-9,7,-7,26,8,11,2,-28,-8,3,-13,28,6,8,-4,-24,-8,10,-9,32,7,12,-5,-25,-8,-1,-10,31,9,10
33.8800,-5,-20,-10,1,-2,29,7,4,-2,-27,-5,4,-10,18,7,12,-4,-30,-8,2,-11,31,9,20,-4,-24,-10,2,-8,28,2,9,0,-31,-6,2,-10,31,8,6,-2,-24,-9,5,-8,34,6,6,-2,-26,-10,3,-8,30,10,7,-4,-26,-4,0,-13,30,11,7
33.9000,3,-25,-10,-1,-3,25,9,7,-5,-28,-11,1,-7,23,8,7,-2,-27,-8,3,-11,33,7,15,-4,-27,-9,2,-6,30,0,6,-3,-25,-11,7,-8,36,4,10,-4,-26,-8,2,-11,31,9,6,-5,-27,-8,12,-7,32,6,12,-5,-27,-9,2,-6,35,10,7
33.9200,-5,-25,-7,1,-3,32,9,8,-1,-26,-10,2,-4,23,7,10,-5,-27,-5,3,-8,31,8,17,-4,-21,-9,3,-6,33,2,4,-2,-26,-8,5,-9,36,8,7,1,-25,-12,3,-11,32,-2,13,-5,-26,-9,13,-9,28,8,6,0,-25,-8,0,-11,29,9,7
33.9400,-4,-18,-5,2,0,32,9,5,-4,-25,-13,2,-6,24,6,6,-5,-31,-7,1,-10,32,9,20,0,-24,-8,2,-7,34,3,8,-1,-25,-12,0,-4,33,7,7,1,-30,-11,0,-10,33,8,10,-2,-30,-12,14,-10,32,12,7,-2,-28,-9,3,-7,30,11,8
33.9600,-5,-23,-9,4,-6,26,11,8,-4,-29,-9,1,-12,23,8,3,-5,-27,-7,6,-14,31,11,20,-1,-26,-5,2,-7,29,4,6,-2,-27,-11,3,-4,31,11,7,-1,-29,-6,7,-12,32,14,8,-4,-26,-10,13,-10,32,13,0,-5,-29,-7,4,-9,30,11,5
33.9800,-7,-24,-6,3,-2,26,7,5,-7,-29,-10,5,-8,25,8,7,-3,-30,-10,3,-8,32,11,15,0,-25,-8,-2,-3,27,1,9,0,-31,-5,-1,-10,32,9,3,-2,-28,-10,0,-13,30,11,10,-3,-25,-11,15,-8,31,9,6,-5,-25,-8,1,-11,25,11,8
34.0000,-1,-23,-7,2,0,32,17,5,-8,-22,-7,2,-6,23,10,2,-4,-29,-13,4,-13,30,7,14,-1,-19,-8,3,-7,32,0,6,-5,-28,-10,3,-7,29,7,9,1,-26,-8,5,-10,34,12,9,-4,-27,-7,14,-9,31,9,5,-5,-27,-6,3,-7,33,9,7
34.0200,-3,-23,-9,3,-1,30,10,8,-5,-27,-10,0,-11,24,11,4,-6,-26,-9,5,-10,31,9,17,1,-27,-11,4,-13,28,-1,9,-5,-27,-11,7,-12,35,9,5,0,-28,-7,2,-9,31,8,11,-4,-27,-8,5,-6,33,9,8,-6,-23,-8,0,-12,29,10,8
34.0400,-3,-23,-9,2,-5,29,5,8,-3,-27,-3,4,-13,21,8,7,-7,-28,-8,2,-7,31,12,19,-2,-24,-12,1,-9,32,-4,5,-6,-24,-5,2,-10,32,9,7,5,-30,-7,1,-10,31,10,7,-4,-24,-12,8,-5,36,8,8,-4,-25,-11,4,-12,31,9,9
34.0600,-2,-17,-9,4,-4,29,5,3,-2,-26,-10,1,-4,19,8,2,-4,-27,-11,0,-5,33,11,12,0,-22,-12,1,-9,30,-5,7,-1,-28,-8,4,-11,35,5,6,3,-29,-9,5,-11,32,8,10,-3,-25,-7,11,-3,30,9,4,-7,-20,-10,2,-10,33,10,10
34.0800,-6,-21,-4,-2,-3,29,10,-2,-4,-28,-5,2,-5,24,13,3,-3,-26,-10,2,-10,29,8,18,0,-22,-7,4,-12,32,0,7,0,-22,-10,3,-7,32,7,7,-1,-27,-8,3,-14,31,11,3,-3,-27,-14,10,-11,32,10,8,-6,-26,-6,4,-8,30,14,9
34.1000,-2,-22,-11,5,-1,29,9,4,-9,-28,-12,6,-11,25,6,6,-4,-24,-6,2,-8,30,8,12,-5,-25,-9,2,-8,32,-1,7,0,-22,-9,-2,-9,32,6,5,1,-27,-9,5,-11,28,8,12,2,-25,-9,10,-12,30,12,7,-9,-26,-10,7,-8,30,11,6
34.1200,0,-19,-9,3,-2,32,8,8,-3,-25,-12,1,-11,23,6,5,-6,-26,-11,3,-10,30,11,18,-3,-23,-10,-1,-8,35,-2,6,0,-30,-13,2,-9,32,8,6,-3,-27,-11,3,-13,30,7,7,-2,-23,-11,13,-8,33,11,7,-7,-26,-14,3,-11,32,9,2
34.1400,-1,-25,-10,1,-5,29,5,6,-4,-25,-9,3,-9,25,6,11,-8,-30,-9,0,-9,32,10,20,-1,-20,-11,5,-10,29,1,8,-4,-31,-9,-1,-9,28,13,3,-3,-28,-14,2,-13,31,6,5,-4,-25,-10,13,-10,29,8,7,-2,-27,-9,-1,-9,33,11,6
34.1600,-2,-20,-8,-1,-4,30,10,7,-7,-30,-7,2,-8,22,4,5,-6,-28,-8,1,-6,30,12,19,-4,-25,-8,5,-8,25,-1,11,-2,-29,-12,2,-5,31,7,2,1,-30,-6,3,-18,31,8,6,-2,-25,-11,7,-7,31,6,7,-3,-28,-9,3,-6,31,8,8
34.1800,-3,-21,-12,-2,-3,29,10,8,-4,-27,-4,3,-8,24,8,13,-9,-26,-7,1,-6,34,10,15,-3,-24,-12,-3,-9,30,2,6,0,-27,-9,6,-7,31,9,6,3,-30,-10,2,-12,32,12,3,-3,-27,-10,12,-10,30,12,3,-6,-25,-11,1,-6,32,3,3
34.2000,-2,-23,-11,0,4,29,11,8,-6,-25,-10,-1,-3,23,4,3,-3,-28,-6,1,-7,30,9,15,-2,-26,-10,5,-6,28,-4,6,-2,-31,-6,-1,-9,31,10,4,3,-25,-13,3,-11,32,7,11,-4,-27,-12,13,-8,28,7,2,-5,-23,-6,4,-7,29,11,9
34.2200,-2,-17,-14,1,-3,31,7,3,-2,-25,-10,1,-12,25,5,5,-5,-27,-10,2,-11,31,7,13,-6,-28,-9,0,-9,27,3,6,-6,-24,-7,3,-13,31,9,10,-1,-29,-8,4,-12,33,6,12,-2,-24,-9,8,-12,28,7,4,-4,-26,-10,-1,-8,29,8,10
34.2400,0,-22,-8,6,-3,31,8,7,-8,-23,-9,3,-4,24,9,3,-4,-25,-8,5,-7,27,10,15,-3,-23,-8,1,-7,27,-1,4,-4,-26,-12,0,-6,31,8,5,-1,-33,-11,5,-10,26,8,9,-3,-22,-11,12,-7,30,12,4,-9,-28,-8,2,-7,31,11,6
34.2600,-1,-20,-10,1,-2,35,12,8,-4,-27,-11,2,-9,21,2,5,-6,-31,-14,1,-7,33,10,17,-3,-23,-7,3,-3,33,0,8,-4,-28,-9,5,-10,30,8,6,1,-29,-8,4,-11,27,10,10,-4,-27,-11,13,-9,28,14,4,-3,-24,-12,2,-7,29,15,12
34.2800,-4,-22,-12,1,-4,31,13,8,-8,-22,-9,3,-9,23,8,5,-3,-27,-10,7,-9,35,8,16,0,-24,-8,4,-6,30,-2,5,-4,-30,-12,7,-5,31,10,5,2,-28,-13,-5,-14,32,9,2,-2,-26,-13,6,-11,31,11,0,-1,-25,-10,4,-7,35,13,8
34.3000,-4,-20,-8,1,1,29,9,11,-4,-27,-13,7,-4,25,9,5,-2,-29,-6,4,-10,27,12,19,0,-22,-13,1,-5,29,0,6,-3,-28,-10,3,-3,29,5,7,0,-29,-10,3,-13,33,8,9,-3,-30,-8,12,-5,31,9,7,-5,-22,-8,4,-6,28,4,3
34.3200,-3,-22,-10,5,0,31,12,9,-1,-27,-10,1,-7,23,9,3,-10,-28,-10,0,-10,35,8,14,-2,-27,-14,3,-4,30,0,9,-4,-25,-14,6,-8,31,5,10,-3,-26,-10,4,-11,30,4,8,-1,-26,-14,5,-7,27,7,6,-1,-27,-10,4,-4,31,7,11
34.3400,-4,-24,-14,4,-2,29,9,8,-4,-25,-7,0,-6,23,2,8,-4,-26,-10,2,-5,33,10,16,-3,-27,-11,3,-11,23,-4,7,-3,-35,-5,0,-10,30,5,0,3,-26,-12,3,-16,30,8,9,-4,-28,-15,9,-6,28,11,9,-1,-26,-9,1,-4,30,12,8
34.3600,-3,-21,-13,4,-2,30,10,8,-2,-28,-9,-1,-6,21,4,9,-6,-23,-10,1,-8,34,10,18,-5,-22,-13,-1,-7,32,2,4,-3,-26,-10,2,-7,27,5,5,1,-27,-12,2,-10,28,12,7,-3,-22,-8,10,-10,35,11,7,-4,-27,-6,4,-9,32,10,5
34.3800,-2,-22,-12,3,-1,29,10,8,-3,-24,-6,3,-8,24,5,7,-6,-34,-13,1,-7,30,8,15,-5,-26,-11,2,-10,25,-3,9,-2,-24,-8,4,-7,34,5,8,0,-21,-9,6,-9,26,6,9,-4,-21,-14,10,-10,29,11,6,-2,-27,-10,4,-8,27,8,8
34.4000,-6,-24,-10,1,-4,31,9,6,-4,-26,-8,7,-7,21,5,5,-5,-31,-6,1,-8,29,14,21,-5,-26,-11,-1,0,25,-6,7,-5,-26,-12,1,-11,28,11,6,-5,-26,-9,1,-13,29,9,11,-2,-26,-15,11,-9,29,6,3,0,-27,-10,5,-8,34,9,9
34.4200,2,-24,-8,4,-4,29,8,4,-3,-26,-9,5,-3,26,10,5,-10,-25,-9,1,-6,32,13,16,0,-27,-8,2,-9,31,-1,9,-2,-31,-12,2,-5,30,9,7,0,-29,-5,5,-11,28,8,6,-4,-25,-5,9,-12,33,5,3,-2,-23,-11,-2,-10,30,8,6
34.4400,-1,-25,-12,6,1,31,9,5,0,-27,-8,-1,-6,20,11,2,-4,-32,-11,0,-10,31,8,20,-3,-27,-12,1,-8,29,-2,7,-3,-29,-11,2,-8,29,11,4,-1,-27,-8,0,-8,30,10,8,-5,-27,-13,11,-5,31,10,3,-1,-22,-12,1,-3,29,11,6
34.4600,0,-22,-9,3,-1,31,10,10,-3,-28,-9,5,-6,26,9,4,-3,-29,-11,5,-6,33,13,13,-3,-27,-9,0,-7,27,1,5,-6,-28,-13,0,-4,30,13,8,-3,-29,-11,-3,-13,34,9,6,-1,-24,-14,11,-10,30,12,8,-4,-30,-9,0,-7,28,8,7
34.4800,-3,-20,-9,2,-3,29,8,8,-3,-27,-5,4,-9,19,8,7,-2,-30,-14,2,-5,32,11,17,-7,-26,-11,5,-9,30,0,5,1,-26,-9,3,-9,35,11,6,6,-27,-11,3,-15,30,8,4,-2,-25,-14,12,-7,29,5,5,-2,-30,-10,3,-8,30,7,11
34.5000,-1,-23,-9,5,-3,32,8,10,-3,-24,-11,3,-8,23,4,5,-5,-29,-12,4,-9,31,5,18,0,-25,-8,1,-10,27,-3,5,0,-28,-10,3,-12,29,7,5,1,-29,-9,4,-18,26,7,10,-4,-31,-14,13,-9,31,8,6,0,-26,-11,2,-7,31,7,4
34.5200,-1,-22,-12,3,-1,29,12,8,-3,-22,-7,3,-8,22,4,4,-4,-29,-12,3,-12,31,11,18,-3,-24,-8,3,-12,30,-1,2,-3,-31,-11,2,-14,31,13,7,2,-30,-16,2,-14,27,9,9,-2,-27,-11,13,-10,27,8,6,0,-26,-17,2,-9,28,9,3
34.5400,-5,-22,-10,-1,-3,26,8,6,1,-27,-14,-1,-6,22,7,4,-4,-28,-11,0,-10,30,10,17,-1,-24,-13,-2,-6,28,-6,10,0,-30,-10,-2,-7,31,8,9,0,-27,-13,6,-16,30,6,6,-4,-28,-11,13,-4,34,11,4,-3,-24,-7,3,-7,35,7,9
34.5600,-5,-23,-9,3,-3,28,8,4,-2,-22,-9,-3,-9,19,4,6,-9,-36,-15,5,-7,28,9,16,2,-28,-12,5,-7,26,-10,10,-2,-25,-11,2,-8,31,7,6,1,-28,-12,5,-12,29,4,9,-4,-25,-14,6,-11,31,7,6,-2,-29,-11,2,-10,30,9,7
34.5800,2,-25,-15,2,-3,27,10,5,-8,-26,-12,2,-8,16,7,2,-4,-28,-7,7,-7,29,9,15,0,-27,-11,2,-4,23,-4,5,2,-25,-9,2,-3,35,9,5,-1,-29,-10,4,-5,28,6,4,0,-29,-16,10,-9,31,9,9,1,-22,-12,0,-6,27,8,7
34.6000,2,-25,-7,0,-7,30,8,8,-2,-22,-9,2,-5,28,10,4,-5,-31,-16,2,-6,28,6,19,1,-25,-14,4,-10,29,1,2,-4,-27,-15,1,-9,29,9,2,-1,-28,-13,3,-10,33,9,9,-2,-27,-11,10,-10,29,10,3,-2,-23,-12,3,-7,30,9,9
34.6200,-5,-21,-12,5,-1,31,12,8,-5,-24,-9,2,-10,18,6,6,-6,-32,-9,3,-9,31,7,18,-2,-25,-14,2,-9,24,2,5,-2,-31,-10,5,-10,32,11,5,5,-26,-9,6,-12,32,8,8,0,-25,-19,5,-6,30,9,6,-4,-22,-13,8,-6,29,9,6
34.6400,1,-20,-8,4,-6,30,7,12,-1,-24,-10,3,-6,22,11,2,-9,-27,-16,4,-3,30,10,15,0,-22,-10,2,-7,27,3,5,-4,-26,-13,0,-5,30,11,6,-3,-27,-12,6,-12,34,10,8,2,-24,-10,8,-7,28,9,5,-4,-24,-12,2,-8,32,9,8
34.6600,-4,-22,-12,-1,-1,29,11,7,-4,-23,-11,2,-5,21,8,3,-3,-30,-11,4,-8,32,10,21,0,-23,-9,5,-8,27,-1,5,0,-31,-15,3,-6,30,8,6,1,-27,-8,6,-14,28,9,6,-3,-25,-17,10,-10,28,10,3,-1,-26,-13,-1,-10,31,12,10
34.6800,0,-18,-11,2,-2,30,12,7,-2,-25,-15,-2,-6,20,7,4,-3,-31,-13,1,-6,30,11,16,-1,-27,-17,3,-7,27,1,4,-1,-27,-12,0,-5,31,9,5,3,-25,-11,5,-12,28,9,12,4,-23,-9,7,-11,28,8,6,-2,-26,-12,5,-7,29,12,10
34.7000,-4,-23,-13,3,4,31,9,8,-8,-23,-13,2,-8,22,5,10,-2,-27,-7,4,-10,28,11,14,2,-25,-13,0,-4,31,-1,1,-1,-26,-9,3,-5,28,10,4,-2,-24,-12,3,-13,31,4,10,-4,-27,-15,6,-7,30,9,0,-2,-22,-16,1,-7,31,6,10
34.7200,0,-22,-7,5,2,28,7,8,2,-24,-12,3,-7,20,8,5,-5,-32,-12,-2,-7,27,13,15,-6,-25,-6,3,-8,27,2,0,-6,-33,-16,2,-5,30,5,6,2,-29,-13,2,-11,27,8,8,0,-25,-14,6,-9,31,11,11,-1,-27,-13,1,-7,31,12,6
34.7400,2,-24,-13,3,-1,28,9,6,-3,-21,-11,5,-7,20,5,7,-4,-29,-15,1,-9,28,12,18,-2,-26,-14,2,-6,27,-3,9,2,-24,-13,1,-9,26,8,5,4,-31,-14,3,-11,31,9,7,-6,-25,-12,13,-9,30,10,6,-2,-26,-18,0,-5,26,9,6
34.7600,0,-25,-11,2,0,31,10,8,-2,-21,-10,1,-4,23,6,10,-2,-26,-12,5,-7,35,13,18,-1,-23,-13,3,-6,23,-2,4,0,-26,-13,5,-5,30,5,8,3,-23,-16,-3,-11,31,7,8,-1,-27,-13,8,-8,29,7,6,1,-27,-17,0,-7,29,7,8
34.7800,3,-21,-13,5,-2,28,7,3,-4,-25,-15,4,-5,18,4,5,-7,-31,-13,4,-6,31,12,22,-4,-24,-14,1,-7,27,-4,5,-2,-28,-14,1,-4,29,10,5,-3,-29,-16,6,-12,30,9,12,-4,-23,-12,12,-8,32,8,2,-1,-28,-13,1,-4,29,11,4
34.8000,-4,-22,-13,2,2,30,8,6,-2,-23,-10,4,-8,17,4,5,-5,-28,-10,5,-3,31,11,20,0,-22,-14,3,-6,24,2,6,-1,-27,-10,4,-8,29,11,8,-1,-27,-15,2,-8,32,3,8,0,-25,-12,12,-9,31,13,6,3,-28,-11,4,-4,27,11,4
34.8200,-5,-19,-15,1,-1,28,11,5,-4,-28,-13,2,-4,19,9,7,-5,-28,-11,2,-6,30,9,16,-3,-28,-11,4,-7,29,5,2,-2,-24,-15,-1,-5,30,7,3,4,-27,-11,-2,-11,28,7,3,-4,-25,-11,13,-4,30,10,8,-2,-25,-12,1,-7,27,8,8
34.8400,-2,-20,-15,3,0,27,10,10,0,-26,-13,0,-1,18,6,7,-5,-26,-14,4,-6,32,9,16,-4,-26,-14,3,-8,31,-1,5,1,-30,-8,0,-6,31,8,5,3,-27,-13,5,-12,31,9,9,-1,-25,-17,8,-10,32,9,6,-3,-24,-15,-1,-5,30,8,6
34.8600,0,-21,-12,1,1,26,16,11,-5,-26,-14,5,-5,15,7,4,-6,-29,-13,1,-10,38,12,16,-1,-27,-13,5,-6,24,4,5,-2,-31,-12,0,-2,32,6,10,4,-28,-10,2,-9,24,4,9,-3,-26,-13,9,-8,27,10,3,-1,-31,-11,-3,-12,27,11,4
34.8800,-2,-26,-11,2,0,32,12,6,1,-23,-14,2,-6,18,11,6,-8,-31,-14,5,-8,29,8,20,0,-27,-10,0,-8,30,0,4,-4,-28,-12,4,-7,30,8,6,-2,-29,-12,2,-11,31,9,4,-1,-25,-13,11,-7,31,10,9,-3,-27,-13,3,-11,31,14,13
34.9000,-3,-21,-16,3,1,30,12,10,-2,-26,-15,4,-6,25,2,4,-6,-24,-12,2,-8,32,10,19,-2,-25,-12,5,-7,29,-1,9,2,-31,-13,4,-8,33,10,5,-2,-23,-16,7,-9,28,9,8,-4,-23,-15,10,-7,30,8,5,-1,-25,-11,1,-8,28,6,9
34.9200,-3,-21,-12,-1,2,28,10,7,-1,-26,-11,6,-5,25,7,7,-5,-31,-15,1,-6,34,15,20,-2,-22,-13,4,-8,30,0,6,-1,-27,-12,0,-10,31,11,7,2,-28,-12,1,-9,31,8,5,-2,-30,-10,14,-10,34,9,7,-1,-27,-14,0,-6,30,9,9
34.9400,0,-25,-10,0,-4,28,11,12,-3,-27,-13,2,-8,21,9,3,-3,-31,-10,4,-6,33,14,16,0,-26,-10,5,-10,25,-1,10,0,-27,-11,0,-12,29,11,7,0,-25,-10,-4,-12,31,7,9,-8,-27,-16,10,-9,32,11,7,-5,-29,-12,-2,-8,32,12,8
34.9600,-2,-23,-11,4,-1,27,17,10,-7,-22,-16,0,-6,20,8,8,-2,-29,-14,-2,-6,32,11,16,-2,-25,-11,5,-10,26,3,9,-2,-29,-13,3,-5,32,10,6,0,-30,-12,1,-7,27,7,10,0,-25,-13,9,-3,31,7,9,-3,-23,-14,0,-5,27,11,8
34.9800,-1,-23,-15,3,-1,30,14,10,-4,-27,-10,0,-4,20,9,2,-4,-28,-13,5,-4,33,9,15,-3,-29,-13,3,-9,30,0,7,5,-27,-16,0,-5,32,11,6,1,-23,-14,1,-11,28,6,6,-3,-26,-13,10,-8,28,9,7,-2,-27,-14,1,-2,33,7,6
35.0000,-2,-19,-14,3,1,30,15,5,-4,-30,-13,2,-8,23,6,1,-7,-30,-12,2,-6,34,11,18,-1,-27,-12,0,-5,27,0,6,1,-24,-11,1,-12,33,9,5,-1,-28,-15,5,-5,33,8,7,1,-22,-14,11,-7,26,13,4,-3,-24,-13,2,-7,30,8,7
35.0200,1,-20,-15,4,-4,32,11,3,-1,-26,-13,3,-10,21,11,8,-6,-29,-10,2,-4,32,12,17,-2,-28,-12,0,-2,26,2,8,-1,-32,-16,-1,-6,28,10,9,3,-24,-11,1,-10,33,10,7,0,-24,-15,7,-8,28,14,7,-4,-26,-13,1,-11,28,9,8
35.0400,-1,-24,-15,1,-4,32,12,10,-4,-23,-10,3,-4,21,4,8,-4,-25,-9,3,-8,29,11,17,3,-27,-14,3,-9,30,-2,4,-3,-28,-13,1,-6,30,12,3,3,-28,-10,3,-7,30,10,7,-6,-28,-13,10,-8,32,7,0,-1,-25,-15,0,-6,30,7,7
35.0600,-1,-18,-15,4,-1,28,11,6,-4,-24,-13,1,-7,21,3,1,-7,-26,-12,2,-5,29,11,17,-1,-25,-10,6,-4,26,1,7,0,-31,-12,2,-10,33,8,1,1,-30,-11,0,-9,34,9,9,-1,-25,-15,13,-5,32,9,4,0,-26,-12,3,-7,31,8,11
35.0800,-3,-23,-12,-2,-2,34,12,13,-5,-25,-18,1,-5,20,7,3,0,-31,-11,8,-8,31,15,18,1,-28,-15,2,-6,29,1,4,4,-30,-14,7,-7,32,11,9,8,-24,-15,2,-10,25,9,10,0,-27,-17,12,-10,31,10,8,2,-24,-10,3,-9,27,10,8
35.1000,-2,-24,-13,3,3,29,13,6,-4,-24,-13,3,-8,20,11,6,-2,-29,-12,5,-12,30,9,20,-2,-28,-14,2,-8,24,-2,8,-4,-28,-13,4,-2,33,7,7,2,-31,-12,5,-8,28,9,7,-3,-24,-11,12,-7,31,6,9,-4,-29,-16,0,-6,32,5,7
35.1200,0,-25,-13,3,1,31,11,7,0,-21,-12,3,-2,17,7,7,-2,-29,-13,2,-5,29,13,16,1,-29,-12,1,-7,24,-1,7,-3,-25,-12,1,-6,27,10,4,3,-29,-13,1,-7,30,12,7,-2,-28,-16,12,-11,33,8,8,-3,-26,-14,-1,-10,32,6,8
35.1400,2,-23,-12,1,7,28,10,13,-2,-25,-16,0,-4,17,10,3,-5,-29,-13,-2,-6,30,11,15,-2,-24,-14,3,-11,28,-3,4,3,-25,-17,4,-4,32,10,4,4,-29,-14,0,-12,29,8,11,-2,-24,-12,14,-6,27,10,5,2,-27,-15,1,-4,31,10,7
35.1600,2,-21,-12,0,0,29,10,6,3,-21,-11,-3,-5,22,9,5,-4,-26,-12,3,-6,34,16,15,-2,-27,-12,2,-10,29,0,4,0,-24,-14,-1,-5,31,14,3,-2,-30,-8,2,-10,30,8,6,1,-21,-18,11,-8,31,13,7,-4,-27,-11,0,-8,29,8,7
35.1800,-1,-18,-12,0,3,26,12,8,3,-20,-14,0,-10,18,8,5,-7,-28,-13,1,-5,33,9,19,-1,-27,-13,4,-10,28,0,9,2,-24,-13,-1,-8,29,10,6,4,-25,-13,3,-10,31,9,7,-1,-28,-11,11,-10,29,15,3,3,-23,-11,2,-10,28,11,4
35.2000,-2,-27,-13,3,0,29,13,13,-1,-28,-14,2,-6,18,10,5,-3,-27,-15,-2,-5,34,9,20,-1,-24,-14,-3,-10,26,-2,6,2,-25,-13,4,-8,31,7,6,1,-27,-13,5,-9,32,5,9,0,-26,-13,12,-6,26,9,5,-1,-27,-17,1,-6,30,8,4
35.2200,1,-23,-13,2,-1,28,9,6,-2,-28,-14,3,-6,25,7,10,-9,-28,-12,2,-4,31,9,18,-2,-26,-17,3,-7,25,-4,8,-2,-31,-16,0,-10,24,12,4,0,-29,-14,-1,-11,31,9,10,-2,-26,-13,15,-7,32,9,12,-3,-28,-10,0,-7,28,12,8
35.2400,-4,-22,-20,-1,0,26,7,9,-1,-24,-17,-4,-2,22,6,5,-3,-31,-16,0,-3,30,10,17,-5,-25,-15,5,-7,27,0,4,3,-29,-13,3,-6,25,9,3,-1,-29,-14,-1,-9,31,11,4,2,-27,-11,12,-10,32,12,5,-2,-28,-14,1,-3,29,11,9
35.2600,0,-21,-15,0,0,29,16,7,1,-26,-13,4,-3,23,7,0,-2,-30,-14,4,-7,30,10,16,2,-26,-13,2,-6,24,-2,8,-3,-31,-11,2,-6,30,11,10,3,-30,-17,2,-10,30,6,6,-7,-24,-16,16,-7,30,10,4,-2,-20,-14,1,-6,31,9,8
35.2800,-3,-20,-14,3,1,30,12,10,-3,-24,-14,-1,-8,23,8,4,-2,-29,-14,2,-4,35,8,18,-4,-27,-13,1,-9,24,-1,10,4,-26,-17,3,-7,30,15,7,2,-27,-16,-2,-7,29,9,10,0,-25,-16,17,-9,29,14,9,3,-25,-14,0,-6,30,8,11
35.3000,-3,-22,-12,1,6,27,12,10,-4,-23,-14,1,-6,21,3,2,-7,-29,-12,-2,-10,34,9,19,7,-28,-17,3,-7,27,-1,7,0,-30,-16,4,-5,28,11,5,3,-28,-11,2,-8,25,7,3,-1,-27,-15,12,-7,28,9,5,0,-27,-19,4,-4,29,11,5
35.3200,1,-27,-14,4,1,29,15,5,-1,-26,-17,-2,-9,22,6,6,-5,-29,-15,1,-7,26,11,17,-1,-27,-12,5,-8,28,-1,6,-2,-29,-17,-2,-5,26,9,9,3,-31,-12,3,-5,29,10,5,-3,-26,-14,11,-8,28,9,7,0,-25,-15,2,-8,33,7,5
35.3400,1,-22,-13,6,1,27,10,12,-2,-23,-12,1,-4,24,4,5,-6,-29,-13,7,-6,32,10,20,-2,-26,-11,5,-7,23,-3,5,-1,-29,-14,2,-4,25,8,5,5,-31,-14,2,-12,27,7,3,2,-25,-18,9,-9,31,9,6,-1,-26,-14,-1,-7,29,10,4
35.3600,2,-23,-14,-2,3,27,10,8,2,-24,-15,2,-7,22,5,9,-6,-30,-16,1,-6,31,6,20,-2,-26,-17,4,-10,32,-1,1,-2,-28,-16,3,-8,27,8,5,5,-29,-11,2,-7,29,8,6,-4,-25,-12,11,-8,31,10,8,-3,-27,-11,2,-5,30,6,7
35.3800,0,-22,-15,5,0,28,15,7,-3,-26,-16,0,-9,21,10,5,-2,-27,-14,3,0,33,11,23,-3,-24,-16,4,-12,28,-2,7,-2,-27,-15,3,-6,27,9,10,7,-33,-16,-3,-10,32,7,9,0,-26,-16,5,-5,27,9,11,-1,-26,-14,3,-8,25,10,6
35.4000,-1,-22,-14,5,4,28,15,13,-2,-28,-16,0,-4,20,5,5,-1,-31,-17,2,-5,32,10,18,-1,-32,-13,3,-9,24,-1,8,-1,-25,-10,0,-9,28,13,8,1,-31,-17,2,-9,29,6,5,1,-27,-13,12,-3,27,10,4,-4,-24,-15,0,-8,30,12,4
35.4200,0,-24,-11,-1,5,27,14,9,-1,-22,-10,3,-9,18,8,3,1,-28,-13,2,-5,31,12,22,0,-26,-11,6,-9,28,-3,7,-6,-27,-17,-1,-3,28,6,4,1,-32,-12,-2,-3,30,11,5,-5,-26,-18,8,-6,28,11,2,4,-29,-12,4,-4,28,6,4
35.4400,0,-20,-12,2,-2,29,13,3,-2,-25,-18,3,-4,22,7,4,-2,-28,-18,0,-5,33,12,22,-5,-29,-15,2,-7,26,1,7,3,-25,-14,4,-8,27,7,10,-2,-22,-17,2,-10,28,7,9,-3,-25,-16,13,-5,29,11,9,2,-27,-11,0,-9,31,9,9
35.4600,-7,-24,-13,2,-2,26,10,4,1,-26,-11,5,-2,15,7,6,-5,-26,-11,4,0,30,10,20,-5,-28,-12,0,-10,22,-3,5,1,-24,-17,3,-8,30,13,7,2,-24,-13,5,-9,25,10,7,-8,-23,-16,13,-5,28,10,6,0,-28,-12,3,-7,30,8,5
35.4800,-2,-25,-16,0,1,28,13,7,1,-25,-17,-3,-4,20,5,5,-3,-29,-14,1,-5,32,13,19,-2,-27,-18,1,-5,26,-3,8,-4,-28,-10,4,-3,27,8,6,0,-32,-13,-3,-10,30,8,9,-3,-28,-17,16,-2,27,11,9,1,-29,-14,1,-4,32,13,4
35.5000,-1,-28,-17,4,-2,28,9,7,0,-25,-11,1,-4,21,3,8,-3,-30,-15,-3,-5,34,11,19,0,-31,-13,5,-8,23,-3,6,2,-25,-16,0,-4,25,10,5,-1,-26,-10,5,-5,25,7,6,-3,-27,-11,11,-3,32,13,8,-1,-23,-17,1,-10,29,11,4
35.5200,-2,-20,-15,2,3,27,17,8,-1,-23,-18,2,-6,20,8,0,-3,-28,-15,1,-10,32,14,19,-2,-28,-16,1,-6,24,-3,5,6,-27,-16,-2,-7,29,9,8,2,-29,-15,4,-10,26,4,7,-3,-25,-14,10,-5,27,11,5,-1,-25,-16,1,-8,31,5,5
35.5400,-1,-25,-16,3,3,30,17,7,-2,-30,-18,-2,-3,20,2,2,-1,-27,-18,1,-5,30,11,20,-2,-28,-15,2,-4,24,-4,5,9,-28,-12,-2,-10,29,9,2,3,-28,-16,3,-4,28,7,7,-3,-27,-17,11,-7,27,8,4,-2,-27,-14,-2,-6,32,13,9
35.5600,0,-21,-17,1,0,27,17,7,-4,-22,-12,3,-3,18,1,6,-1,-29,-14,0,-3,31,8,21,1,-29,-14,3,-6,23,0,7,5,-29,-15,2,-2,26,10,5,1,-31,-15,1,-10,29,7,9,-1,-30,-18,10,-5,27,9,5,0,-26,-11,4,-5,30,11,6
35.5800,1,-21,-17,4,6,29,20,2,3,-30,-14,-1,3,16,7,4,-6,-28,-13,3,-4,33,10,20,-2,-23,-11,2,-9,24,-3,5,-1,-28,-16,4,-5,29,12,3,3,-35,-18,1,-12,27,6,9,3,-27,-17,15,-9,27,10,6,2,-24,-14,3,-6,28,11,8
35.6000,0,-23,-21,5,4,29,17,9,-2,-27,-14,1,-5,19,9,3,-6,-28,-13,2,-3,27,11,18,-1,-30,-15,-1,-6,26,-5,8,0,-29,-11,-1,-9,27,10,3,6,-30,-13,-3,-8,32,11,8,-1,-23,-15,7,-6,32,10,7,2,-24,-20,2,-7,31,9,4
35.6200,0,-25,-15,0,2,25,18,9,-2,-23,-18,-2,-1,19,6,3,-4,-27,-16,-1,-3,29,17,18,0,-29,-13,1,-3,24,2,7,3,-25,-16,-3,-4,27,8,8,3,-30,-15,5,-8,26,10,7,2,-24,-15,8,-9,30,14,8,1,-27,-16,3,-10,29,10,6
35.6400,1,-26,-14,1,3,29,16,8,6,-22,-13,2,-6,25,9,6,0,-23,-14,2,-4,29,10,19,1,-29,-16,1,-8,23,3,6,2,-24,-18,0,-4,26,10,6,2,-31,-12,2,-4,29,7,4,-2,-25,-15,12,-7,24,11,3,2,-25,-15,-1,-5,27,8,7
35.6600,-3,-29,-14,2,1,29,16,7,0,-26,-17,-1,-5,16,12,0,-3,-24,-13,1,-6,30,7,20,-1,-31,-14,3,-9,18,0,8,7,-28,-15,4,-2,30,12,8,9,-34,-15,2,-7,28,5,7,3,-29,-16,9,-3,32,9,4,2,-22,-18,4,0,30,10,6
35.6800,0,-23,-12,2,3,28,11,8,-3,-29,-18,1,-2,21,7,2,-2,-26,-19,-4,-4,31,11,20,-7,-26,-17,0,-8,21,-1,9,2,-27,-16,4,-6,31,7,7,6,-28,-17,4,-11,29,7,2,0,-26,-19,10,-3,32,7,8,-1,-29,-13,3,-5,29,10,4
35.7000,-2,-26,-18,-2,5,29,20,12,0,-22,-17,-2,-6,17,3,7,-3,-32,-14,0,-1,28,11,16,0,-30,-16,1,-12,26,-3,4,6,-31,-16,2,-2,32,7,6,7,-29,-16,7,-9,27,5,8,-4,-24,-14,13,-3,28,8,4,1,-30,-17,-3,-4,34,11,8
35.7200,1,-25,-13,3,6,30,9,11,-2,-26,-11,-1,-5,20,8,0,-4,-27,-15,0,-3,34,15,20,1,-27,-13,8,-9,23,-1,7,2,-27,-17,0,-1,34,8,5,1,-31,-15,-1,-5,34,6,6,2,-27,-17,13,-2,24,9,8,2,-28,-13,0,-8,30,7,6
35.7400,-2,-25,-11,0,6,30,11,10,-3,-27,-13,0,-6,17,5,5,-3,-26,-13,1,1,31,13,20,1,-25,-20,0,-5,28,-7,3,-2,-27,-20,1,-7,30,10,4,-1,-30,-9,-2,-8,35,7,7,1,-25,-18,11,-4,29,11,3,2,-25,-15,0,-3,31,16,7
35.7600,-2,-27,-13,4,6,29,16,13,3,-21,-16,0,-2,17,8,4,-8,-28,-9,1,-2,31,4,23,3,-26,-15,-1,-7,27,-7,7,1,-27,-17,1,-10,31,16,5,-1,-28,-19,-2,-6,29,11,6,-3,-30,-16,11,-5,27,14,8,6,-26,-16,4,-10,28,8,7
35.7800,2,-23,-12,0,0,32,15,11,-3,-24,-17,3,-2,23,3,5,0,-31,-14,5,-1,30,10,19,2,-30,-15,5,-6,27,-1,8,4,-22,-18,1,-5,30,13,3,0,-31,-14,1,-10,30,9,6,-3,-25,-12,15,-8,29,9,3,0,-28,-17,2,-10,27,10,6
35.8000,-2,-25,-16,2,3,30,14,12,0,-27,-14,-2,-5,16,8,2,-1,-24,-18,1,2,26,9,15,0,-32,-18,-1,-11,27,1,3,5,-29,-14,0,-4,31,16,5,0,-29,-15,2,-11,31,8,5,-1,-23,-17,10,-5,31,9,9,-1,-27,-13,-2,-3,28,12,6
35.8200,-1,-29,-18,-1,3,27,14,10,0,-27,-17,3,-8,20,9,6,-1,-28,-19,0,-9,29,9,20,-4,-31,-17,2,-10,24,1,7,2,-29,-18,2,-4,31,11,4,2,-30,-17,3,-7,33,8,10,1,-28,-17,12,-9,28,12,7,1,-28,-17,0,-7,27,11,7
35.8400,0,-27,-16,1,-1,30,14,12,3,-28,-18,2,-5,17,5,6,-5,-28,-16,-2,-5,27,13,17,1,-31,-18,4,-7,24,-2,6,3,-23,-16,0,-6,27,14,7,-2,-30,-18,3,-7,30,9,8,0,-23,-13,11,-3,30,12,8,4,-24,-16,2,-5,29,7,4
35.8600,-3,-29,-18,-3,1,28,10,7,3,-24,-18,1,-2,17,8,5,-2,-30,-19,3,-4,31,12,19,3,-24,-17,2,-6,24,1,8,1,-26,-17,-2,-7,27,13,5,0,-33,-16,1,-8,25,10,5,0,-26,-17,11,-1,26,15,8,2,-25,-17,-6,-2,27,12,7
35.8800,1,-23,-15,1,3,28,18,11,-1,-25,-14,2,-1,20,7,3,-1,-26,-12,-1,-3,29,11,17,-4,-25,-14,5,-8,22,0,2,5,-31,-17,1,-4,26,13,4,0,-27,-15,2,-8,30,5,8,6,-24,-16,12,-5,30,8,9,1,-24,-15,0,-6,30,12,9
35.9000,5,-25,-10,-1,6,30,16,10,1,-27,-19,1,-8,19,7,0,0,-27,-18,4,-8,30,14,21,-4,-30,-13,0,-6,27,0,7,3,-25,-16,-2,-6,24,11,10,1,-30,-15,2,-3,28,12,6,2,-29,-14,11,-4,31,10,9,4,-28,-14,0,-3,23,8,8
35.9200,-3,-27,-15,3,5,27,10,8,-2,-28,-15,1,-5,20,8,6,-1,-30,-13,0,-2,28,9,16,-1,-30,-17,-1,-8,24,0,7,3,-24,-13,-2,-2,35,7,5,2,-33,-15,0,-9,28,9,9,-1,-29,-19,15,-5,29,10,8,0,-23,-20,0,-6,30,10,9
35.9400,1,-30,-17,3,4,35,16,12,0,-24,-16,-2,-4,18,6,5,-5,-26,-17,-2,-2,25,12,15,0,-25,-19,-1,-10,26,0,6,-1,-26,-15,3,-4,25,11,8,2,-32,-13,1,-3,27,10,8,2,-26,-16,13,-4,25,10,4,0,-26,-19,2,-5,25,8,11
35.9600,3,-28,-15,-2,1,27,17,14,1,-26,-16,3,-5,15,7,4,0,-24,-15,-3,-2,27,10,17,3,-26,-18,2,-7,25,3,7,4,-25,-20,-1,-3,25,9,10,4,-28,-16,-2,-4,32,8,8,-1,-25,-19,8,-3,28,8,5,2,-22,-13,-2,-2,27,10,8
35.9800,5,-29,-19,3,4,28,10,11,-1,-28,-16,4,-6,18,4,1,3,-25,-13,1,-3,29,12,20,1,-26,-14,1,-9,21,-2,5,1,-26,-16,2,-7,28,14,9,4,-30,-15,0,-2,28,10,5,2,-30,-21,16,-4,29,8,6,0,-31,-13,1,-1,25,9,11
36.0000,0,-26,-16,5,2,28,18,7,-4,-26,-16,6,-10,20,11,5,-1,-24,-12,0,-2,25,11,20,-3,-26,-16,0,-7,24,-1,5,2,-24,-16,1,-3,22,12,5,-1,-27,-17,6,-2,27,9,5,1,-29,-18,11,-7,25,12,8,3,-27,-14,3,-7,23,11,7
36.0200,-2,-24,-20,1,6,28,16,12,1,-23,-15,2,-1,19,8,8,0,-29,-12,0,-5,32,10,24,1,-28,-13,-1,-11,21,-4,9,7,-28,-15,-1,-4,27,11,7,1,-28,-20,1,-9,33,7,7,0,-28,-19,15,-7,27,12,8,1,-25,-13,3,-5,26,7,3
36.0400,1,-26,-15,-2,5,28,17,6,3,-24,-17,3,-8,18,8,4,4,-25,-19,0,-4,27,13,20,4,-25,-13,2,-4,25,0,9,2,-27,-15,-2,-4,32,12,7,-2,-32,-16,-2,-4,23,11,6,3,-27,-19,11,-3,30,9,5,-1,-26,-18,2,-7,28,12,8
36.0600,-3,-27,-13,-3,6,29,17,12,4,-24,-19,-1,-3,20,8,5,1,-28,-20,-2,-3,32,9,21,-2,-25,-20,4,-5,26,1,6,4,-25,-15,-1,-2,31,12,10,3,-27,-21,-1,-1,30,8,4,4,-25,-16,6,-6,25,9,7,0,-26,-17,3,-6,29,7,9
36.0800,-4,-25,-14,0,5,30,15,6,-4,-20,-20,1,-4,21,2,6,-5,-25,-16,-3,-7,33,11,23,3,-28,-18,-3,-8,25,-2,6,5,-29,-19,2,-1,25,11,5,1,-34,-17,-1,-4,33,11,7,2,-25,-15,11,-2,29,9,7,-1,-25,-17,-1,-3,27,9,6
36.1000,2,-25,-17,2,2,29,12,9,3,-26,-21,1,-5,20,10,3,0,-30,-15,2,-3,30,14,19,2,-30,-18,1,-8,31,-1,7,8,-26,-11,2,-3,27,13,11,-1,-32,-15,2,-3,28,10,10,5,-25,-18,16,-6,31,11,5,2,-24,-21,-2,-1,25,8,10
36.1200,0,-27,-18,-3,3,29,14,13,-2,-22,-16,6,-1,19,9,4,0,-28,-14,4,-5,30,13,19,1,-32,-19,-3,-7,24,-1,6,6,-24,-15,2,-6,24,12,8,2,-29,-20,-4,-7,27,3,8,-1,-27,-20,11,-3,30,9,8,2,-24,-17,1,0,31,14,8
36.1400,-3,-26,-16,-1,4,28,16,9,-1,-24,-16,-2,-1,16,8,5,0,-25,-12,1,-7,32,11,22,-1,-29,-16,0,-4,24,2,11,4,-29,-17,-1,-5,28,7,7,2,-30,-18,6,0,26,8,7,-1,-28,-14,12,-6,29,6,7,-1,-26,-20,2,-4,27,11,8
36.1600,0,-25,-16,-1,5,31,11,15,2,-26,-12,3,-6,18,5,2,-2,-26,-18,-5,0,27,17,16,1,-29,-16,3,-6,24,-4,5,3,-27,-18,1,-2,26,11,4,2,-29,-17,-1,-4,28,8,6,6,-30,-14,11,-6,23,9,9,6,-25,-14,-5,-3,32,13,6
36.1800,2,-27,-17,-1,3,29,14,10,3,-23,-17,3,-2,18,5,3,-2,-25,-18,1,-3,27,12,18,-1,-31,-15,4,-4,26,-2,5,2,-29,-16,5,-3,28,12,7,2,-31,-19,3,-6,30,9,7,-1,-21,-19,16,-6,29,8,10,-1,-25,-20,0,-2,29,15,6
36.2000,-6,-29,-14,0,2,27,17,9,-1,-27,-15,0,-2,20,8,-1,-2,-27,-17,0,-3,30,15,21,1,-29,-17,3,-7,25,0,10,3,-28,-14,-5,-3,23,11,9,2,-32,-16,3,-5,31,8,9,0,-27,-15,10,-8,26,14,9,2,-30,-20,-3,-7,28,11,6
36.2200,1,-29,-14,1,4,29,11,7,-2,-23,-16,0,1,20,5,4,-2,-26,-16,1,0,33,12,20,4,-28,-20,-2,-3,24,-1,10,3,-28,-18,0,-1,27,12,12,3,-29,-18,7,-4,22,7,9,6,-26,-14,14,-6,29,10,5,3,-29,-14,0,-6,28,12,7
36.2400,4,-24,-15,3,1,28,11,12,1,-26,-16,3,-7,17,11,9,1,-31,-13,-1,-4,28,12,19,4,-24,-16,-1,-6,27,0,8,7,-25,-11,0,-6,28,14,7,7,-32,-13,-4,-2,28,4,8,2,-22,-21,13,-4,30,8,6,7,-27,-18,-3,-5,27,7,6
36.2600,3,-29,-19,-1,1,28,13,11,-1,-24,-18,-2,-3,20,7,5,-2,-27,-18,1,-1,26,10,18,0,-24,-22,1,-5,26,-2,7,6,-25,-18,1,-7,28,8,7,6,-30,-15,-3,-1,31,8,6,-1,-27,-17,14,-2,26,8,5,5,-26,-21,-2,-8,29,13,8
36.2800,-3,-30,-14,3,7,29,13,11,1,-23,-16,0,-5,16,6,5,4,-27,-17,2,-2,29,12,19,-3,-31,-18,1,-5,26,0,6,5,-32,-18,-1,-2,28,13,9,1,-31,-18,1,-5,31,6,3,0,-26,-17,14,-2,28,13,8,2,-27,-18,-3,-8,29,13,8
36.3000,2,-31,-21,4,4,27,14,9,4,-25,-14,2,-4,22,9,4,-1,-26,-15,-2,3,26,12,21,-4,-31,-20,2,-7,23,1,8,4,-28,-15,-1,-2,28,13,12,1,-30,-12,-4,-4,32,6,4,-3,-22,-19,13,-5,27,10,6,-1,-26,-16,2,-6,28,6,8
36.3200,3,-27,-16,3,6,27,17,7,3,-28,-16,0,-4,21,13,4,2,-23,-14,1,-2,31,11,16,0,-23,-23,2,-6,23,-5,6,-2,-19,-18,-5,-7,26,8,8,7,-35,-16,1,-6,28,9,10,1,-25,-20,13,-4,27,13,6,-4,-28,-18,-3,-7,22,8,9
36.3400,1,-30,-13,-2,-1,26,14,17,0,-25,-16,-1,-3,21,9,5,0,-21,-16,2,0,27,13,20,5,-28,-17,2,-9,22,0,8,0,-25,-13,1,-5,26,10,5,3,-31,-19,4,-4,31,2,5,2,-27,-24,13,1,24,11,6,3,-29,-15,-3,-3,26,11,8
36.3600,2,-22,-17,-3,7,28,15,12,4,-24,-16,0,-3,17,10,4,3,-25,-21,5,-3,30,11,20,0,-27,-17,3,-7,27,-2,6,4,-27,-19,3,-5,26,14,8,4,-29,-15,2,-5,32,6,11,-1,-27,-19,14,0,27,13,10,-2,-30,-17,-1,-5,30,13,7
36.3800,5,-28,-20,-1,7,28,18,7,3,-24,-18,0,-2,19,6,5,0,-25,-16,1,0,25,13,20,4,-28,-17,3,-5,27,3,6,4,-29,-12,1,-3,27,13,7,2,-35,-16,2,-4,30,7,6,6,-23,-19,18,0,29,12,8,3,-20,-15,-2,-3,28,6,4
36.4000,-2,-28,-18,2,3,28,16,10,4,-28,-17,3,-2,21,9,8,-1,-27,-18,4,-1,29,8,19,-1,-29,-18,0,-7,25,1,6,7,-24,-13,-3,-7,30,8,6,7,-31,-19,4,-3,31,6,4,4,-27,-19,15,-9,28,13,1,-2,-29,-17,0,-9,30,9,10
36.4200,0,-26,-22,3,3,29,13,10,3,-26,-14,-3,-3,18,4,8,-1,-28,-18,3,1,26,13,19,2,-28,-15,1,-6,25,0,8,10,-26,-19,3,-8,26,16,8,0,-33,-15,-2,-1,33,6,7,2,-32,-21,12,-8,29,9,8,4,-26,-18,0,-2,29,12,6
36.4400,-1,-28,-18,2,8,25,11,7,4,-23,-15,-2,-3,22,11,4,3,-22,-18,-1,1,29,9,21,-1,-30,-18,-2,-8,23,2,7,4,-24,-16,-1,-6,28,11,7,1,-29,-15,5,-5,28,6,12,4,-25,-21,8,-6,28,10,6,-3,-27,-19,-3,-5,28,8,5
36.4600,1,-29,-17,1,3,26,16,9,5,-25,-14,6,-6,16,12,4,3,-29,-19,1,-1,31,14,20,4,-37,-18,0,-6,27,5,9,6,-26,-15,-4,-5,29,13,9,0,-35,-17,2,0,26,9,8,2,-28,-20,13,-7,29,13,8,0,-27,-21,1,-1,32,13,9
36.4800,-4,-27,-18,3,3,31,14,13,4,-23,-16,5,-6,15,8,10,2,-29,-13,1,1,30,12,18,5,-33,-24,-2,-4,19,-2,11,8,-29,-19,2,-4,29,11,4,1,-30,-18,0,-4,31,9,11,4,-24,-20,14,-4,27,7,3,6,-26,-16,-2,-6,23,14,6
36.5000,2,-28,-19,2,8,29,14,11,3,-25,-13,3,-3,19,4,8,-1,-24,-19,1,-1,28,9,19,2,-27,-14,3,-4,23,0,9,7,-26,-18,0,-5,29,10,11,5,-33,-15,6,-2,30,7,5,0,-29,-18,15,-4,28,9,4,3,-28,-20,0,-4,29,10,11
36.5200,3,-25,-18,3,7,26,14,10,1,-27,-17,0,-7,17,10,5,0,-29,-17,2,-3,26,3,16,0,-27,-16,-2,-4,24,1,7,7,-24,-16,-4,-2,27,11,7,4,-32,-19,1,-2,30,5,6,1,-27,-20,19,-1,29,9,4,3,-27,-18,1,-4,28,10,12
36.5400,-1,-31,-16,1,0,30,14,11,0,-22,-14,1,-1,15,6,8,3,-23,-15,2,-2,28,11,16,2,-28,-19,-1,-4,25,1,7,2,-26,-20,4,-6,29,13,12,5,-32,-17,-1,-3,30,6,4,-1,-29,-18,17,-2,31,9,8,1,-26,-18,-1,-1,29,9,8
36.5600,2,-33,-21,-2,7,29,9,10,4,-27,-17,-2,-5,19,8,4,-2,-27,-17,-3,-1,31,11,21,0,-27,-15,1,-8,24,-1,7,6,-22,-22,0,-4,26,14,6,3,-29,-16,-2,2,33,7,4,2,-31,-20,16,-5,26,8,5,2,-26,-22,-2,-4,29,15,8
36.5800,2,-27,-19,0,5,29,12,14,5,-17,-19,-1,-4,19,9,7,-1,-28,-16,1,1,30,12,16,-1,-27,-11,0,-8,25,-3,9,7,-25,-19,3,-6,28,12,11,1,-33,-17,0,-2,27,8,5,2,-28,-17,13,-9,26,9,6,-1,-27,-18,-4,0,30,10,9
36.6000,1,-25,-21,0,4,29,10,9,-1,-23,-20,-3,-1,19,12,5,3,-28,-18,1,-2,28,15,23,4,-25,-13,-2,-7,21,-2,3,3,-25,-19,5,-5,26,7,6,6,-33,-17,-1,-2,28,7,6,0,-24,-14,16,-4,25,11,6,1,-26,-16,-2,-9,25,9,9
36.6200,-1,-27,-19,-3,6,29,12,7,4,-22,-17,5,-4,18,9,6,2,-27,-18,0,3,26,10,23,5,-23,-21,1,-3,24,-2,9,6,-26,-13,3,-2,27,7,9,6,-34,-14,1,0,29,5,7,0,-22,-19,14,-3,30,9,7,2,-28,-17,-3,-6,26,10,9
36.6400,0,-26,-15,-2,8,31,16,7,6,-24,-21,-1,-1,18,6,7,5,-25,-20,3,0,30,7,23,1,-28,-17,0,-2,23,1,11,8,-24,-16,2,-4,25,11,5,4,-30,-18,0,-2,23,3,3,2,-27,-18,18,-4,25,13,8,0,-22,-13,3,-3,32,13,6
36.6600,1,-25,-14,-1,5,30,17,9,-1,-26,-15,-1,-1,17,9,6,4,-28,-22,4,0,29,12,17,0,-29,-18,2,-2,26,-1,6,8,-29,-14,2,-2,28,12,13,8,-32,-19,2,5,25,8,2,0,-24,-17,16,-2,24,11,12,-1,-24,-21,-1,-3,29,11,9
36.6800,0,-28,-17,-1,4,27,17,12,5,-27,-19,0,-2,17,10,4,1,-26,-14,5,3,30,11,20,4,-30,-17,3,-6,23,-4,8,7,-26,-14,4,-7,26,13,10,5,-30,-16,6,2,27,6,7,-2,-26,-17,16,0,27,12,11,1,-28,-20,-5,-4,29,7,7
36.7000,-3,-31,-20,2,4,29,13,11,4,-23,-18,0,-5,21,8,10,8,-26,-19,-1,3,31,9,19,0,-30,-16,0,-5,28,2,8,7,-27,-18,4,-4,25,9,8,9,-30,-19,-7,-2,30,12,5,-3,-27,-16,19,-4,29,11,11,0,-28,-24,-4,-2,29,8,8
36.7200,1,-25,-13,2,5,30,15,12,2,-22,-23,-2,-6,15,9,6,1,-25,-20,1,-1,28,10,15,1,-25,-12,4,1,27,1,8,6,-29,-18,4,-5,21,10,11,5,-31,-20,2,-1,32,7,7,2,-25,-18,13,1,28,15,11,3,-27,-16,-4,-7,28,12,5
36.7400,0,-29,-18,0,4,32,17,12,0,-23,-22,3,-6,16,9,4,2,-27,-16,-4,-4,28,12,14,0,-25,-20,-1,-5,28,1,9,5,-26,-15,0,-2,31,12,8,1,-33,-14,-1,-1,25,6,7,2,-25,-18,16,-3,28,8,12,-2,-25,-13,-2,0,25,11,7
36.7600,4,-31,-16,7,6,29,19,10,3,-23,-17,-4,0,21,11,6,1,-25,-14,-2,3,31,15,17,1,-28,-13,3,-5,22,0,10,7,-26,-18,0,-1,21,8,11,9,-29,-16,-1,2,28,7,7,3,-26,-18,15,-1,27,9,4,5,-26,-17,1,-6,24,12,6
36.7800,4,-28,-12,0,2,28,14,9,5,-24,-20,-2,-2,20,9,6,-1,-24,-14,1,-4,31,15,18,0,-27,-18,1,-3,25,0,11,6,-25,-18,1,4,28,6,8,2,-33,-21,-1,-2,31,7,9,2,-24,-18,14,-3,26,11,8,4,-21,-16,-1,1,25,11,7
36.8000,0,-26,-16,0,4,30,14,9,3,-26,-18,2,2,21,8,8,2,-24,-16,3,-4,28,9,18,2,-31,-15,-1,-5,23,1,7,7,-31,-20,-1,-5,29,11,9,7,-32,-22,-1,0,32,7,4,1,-28,-17,16,-1,31,14,13,6,-19,-14,0,-5,30,16,7
36.8200,2,-29,-23,-1,2,26,13,5,1,-25,-18,1,0,16,8,4,3,-22,-21,2,2,26,11,22,4,-29,-17,7,-5,22,2,7,9,-29,-19,0,-2,27,14,10,5,-29,-21,6,-4,30,9,4,1,-26,-18,13,-1,24,5,7,5,-28,-17,4,-4,26,12,8
36.8400,6,-29,-19,-1,8,30,10,11,4,-25,-16,0,1,19,7,7,6,-23,-24,4,-2,27,12,21,5,-31,-19,1,-8,22,1,8,10,-26,-23,3,-5,25,12,8,6,-32,-19,2,1,29,6,3,4,-26,-17,16,-3,25,12,9,6,-25,-17,-3,-2,26,10,7
36.8600,3,-32,-17,3,7,31,12,11,4,-21,-17,0,-1,20,9,6,2,-25,-19,3,0,30,15,19,4,-26,-20,3,-5,24,3,10,4,-25,-21,-1,-2,25,10,11,7,-35,-16,-1,4,27,8,6,4,-28,-17,12,-4,26,11,9,2,-24,-16,0,-1,22,14,5
36.8800,9,-28,-19,-1,6,27,15,15,1,-25,-18,4,1,19,11,11,1,-23,-19,3,-3,24,13,20,4,-31,-17,-1,-5,23,-3,10,6,-25,-14,1,-7,22,10,11,2,-29,-16,4,-1,31,10,7,7,-26,-20,17,-3,31,9,10,4,-24,-15,-4,-5,26,13,7
36.9000,1,-30,-25,2,8,29,12,12,6,-23,-18,0,-1,17,10,10,5,-27,-15,-2,4,28,15,20,5,-26,-18,0,-3,24,-2,9,10,-26,-16,0,0,24,13,10,6,-29,-18,-2,1,28,12,5,5,-26,-21,20,-4,28,9,10,5,-24,-20,0,-1,32,14,9
36.9200,1,-30,-17,3,2,30,16,14,5,-28,-15,7,-1,15,9,6,5,-22,-19,0,2,27,12,21,2,-24,-17,0,-4,23,-1,10,7,-24,-17,1,-3,26,12,14,3,-32,-20,1,-1,33,6,7,7,-30,-19,18,-1,26,14,5,3,-27,-19,-1,-2,31,9,6
36.9400,3,-29,-20,1,2,31,12,16,7,-27,-20,3,-1,17,10,8,4,-20,-21,1,-2,21,13,22,3,-28,-16,5,-1,25,1,7,8,-25,-17,2,-1,30,16,12,4,-36,-18,3,5,29,8,6,1,-28,-23,18,1,27,12,11,4,-29,-18,0,-6,28,9,7
36.9600,3,-27,-17,0,5,27,7,10,-1,-21,-19,2,3,20,6,6,5,-25,-22,4,-4,26,14,19,-1,-27,-16,-5,-1,28,0,10,9,-22,-16,0,-5,26,11,10,2,-32,-17,-2,-1,26,8,3,3,-25,-21,15,-1,29,9,7,6,-32,-20,0,1,22,8,7
36.9800,2,-29,-20,0,7,28,18,13,4,-22,-21,0,-2,16,8,6,1,-27,-17,-3,3,29,13,15,5,-22,-19,-2,-2,27,4,10,8,-24,-20,2,-8,28,16,5,2,-33,-20,5,-2,29,9,7,8,-26,-21,17,1,27,12,9,0,-26,-17,-3,2,25,11,10
37.0000,-2,-29,-18,1,3,27,10,10,5,-26,-18,-1,-4,17,11,9,3,-25,-16,1,-2,26,14,20,-2,-32,-18,1,-5,26,2,6,7,-22,-23,3,-4,30,14,9,2,-33,-17,4,3,29,3,2,5,-24,-15,14,-3,30,9,9,3,-25,-19,-3,-2,32,9,14
37.0200,2,-25,-19,2,5,30,12,15,5,-22,-17,3,-3,19,8,8,7,-23,-20,-1,1,29,11,17,1,-28,-19,-4,-3,28,0,9,10,-26,-17,-2,-3,27,8,11,6,-35,-23,2,1,33,10,5,3,-23,-18,14,-2,27,12,11,4,-23,-20,-1,2,31,9,12
37.0400,1,-34,-19,-1,4,28,17,13,2,-25,-19,-4,-3,18,8,5,3,-25,-19,-1,-4,28,12,11,1,-29,-16,1,-5,26,0,7,9,-20,-18,-3,-2,27,9,8,4,-36,-21,-2,2,27,10,7,-1,-29,-20,14,-3,28,12,7,2,-28,-20,0,5,35,8,10
37.0600,-1,-30,-21,3,7,28,16,10,4,-31,-19,2,2,15,5,10,1,-27,-24,1,-2,27,12,18,4,-31,-17,0,-2,26,0,7,3,-20,-20,1,1,25,12,7,6,-35,-20,0,-1,29,7,7,2,-25,-18,15,-3,30,13,8,-3,-26,-16,-2,-2,29,13,9
37.0800,4,-29,-14,1,7,35,15,11,5,-19,-20,-3,-4,16,11,9,1,-27,-23,1,1,28,12,17,3,-32,-22,1,-3,22,2,8,5,-25,-18,-1,1,23,8,12,1,-30,-17,-1,3,27,6,9,2,-23,-20,16,-2,29,12,8,2,-25,-22,-3,-6,28,10,9
37.1000,0,-32,-15,3,2,24,15,10,3,-27,-20,-6,1,17,6,9,-1,-23,-23,2,-1,27,11,18,8,-33,-18,4,-3,27,0,8,9,-22,-17,0,-5,26,7,9,6,-31,-19,-2,-1,30,9,8,1,-23,-17,18,2,26,12,9,-3,-25,-19,2,-3,27,15,5
37.1200,0,-29,-17,1,7,32,16,16,3,-26,-19,0,0,21,12,7,7,-23,-21,4,1,25,11,18,3,-27,-17,-3,-1,27,0,10,7,-25,-22,1,-2,25,13,11,5,-32,-20,-1,6,29,6,5,3,-26,-20,12,-4,29,16,9,1,-25,-16,0,-1,27,11,12
37.1400,3,-28,-22,1,10,29,9,12,3,-22,-20,1,-1,19,8,10,2,-19,-16,-3,-1,26,10,22,2,-30,-19,2,-4,24,2,8,9,-25,-21,0,1,25,10,10,5,-30,-16,1,0,26,7,6,4,-27,-17,14,-4,30,12,10,-3,-28,-15,-6,0,28,9,7
37.1600,2,-29,-15,2,5,31,14,15,3,-22,-22,0,-1,18,13,8,4,-23,-17,2,3,27,15,19,4,-29,-20,-3,-6,23,1,6,13,-25,-14,2,-2,23,10,8,8,-34,-15,-3,4,27,5,5,3,-24,-16,16,-2,29,11,8,-2,-25,-17,4,-5,26,12,9
37.1800,3,-32,-19,-1,7,24,15,11,6,-25,-20,1,-2,19,10,11,4,-25,-17,3,-2,27,8,20,6,-29,-14,4,-1,21,4,10,8,-26,-20,5,-3,25,10,9,3,-33,-18,-2,7,26,7,9,9,-26,-20,13,0,32,8,10,8,-23,-18,4,-5,32,15,8
37.2000,1,-33,-19,0,9,27,18,7,3,-18,-21,3,-3,19,6,12,5,-25,-21,2,-1,30,8,16,8,-29,-17,-3,-2,25,4,11,10,-24,-17,4,-3,27,8,13,8,-31,-16,-1,1,30,7,6,6,-27,-17,16,2,28,14,7,4,-22,-20,1,3,28,8,9
37.2200,6,-30,-16,0,4,30,11,10,4,-21,-20,-5,-2,19,9,6,4,-22,-17,1,0,27,11,19,5,-30,-22,-2,-2,29,-3,10,12,-25,-20,1,-3,26,9,11,5,-37,-18,-1,-2,31,7,5,5,-27,-16,17,-1,30,12,8,6,-24,-21,1,-1,29,11,12
37.2400,0,-32,-19,1,3,27,16,12,2,-22,-19,-1,0,15,6,12,6,-23,-17,3,-3,29,12,20,6,-31,-18,-3,-3,25,5,9,14,-23,-18,-2,-4,19,10,16,6,-33,-12,0,4,29,6,10,7,-24,-19,20,0,27,13,8,2,-25,-16,-2,-2,32,11,7
37.2600,-1,-30,-19,2,1,31,17,11,7,-24,-20,-2,2,18,10,8,3,-26,-19,3,1,28,10,19,7,-31,-18,4,1,26,0,7,11,-23,-21,1,-1,24,10,10,4,-30,-22,4,5,32,11,9,1,-27,-15,15,-1,25,12,9,8,-29,-20,-1,-1,30,12,11
37.2800,1,-30,-19,2,2,31,13,13,8,-23,-19,-2,-3,13,8,9,2,-23,-16,2,-1,25,13,21,5,-26,-19,1,-2,26,4,12,11,-22,-24,-1,-1,21,10,16,7,-31,-20,3,3,27,12,13,5,-28,-23,16,-1,29,9,10,-1,-27,-22,0,-4,26,18,12
37.3000,3,-30,-21,1,6,28,11,11,3,-23,-20,1,0,20,12,12,4,-28,-22,1,0,31,13,20,2,-30,-21,5,-3,24,4,14,11,-24,-18,1,-5,26,7,13,5,-32,-19,1,7,27,6,5,4,-26,-17,16,-2,30,10,10,6,-26,-18,-2,-3,27,10,11
37.3200,-1,-32,-21,1,6,28,16,11,3,-21,-22,-2,-1,19,10,10,5,-23,-18,3,7,29,16,18,4,-25,-16,2,-5,22,-2,5,11,-27,-14,-4,-4,26,14,10,6,-32,-16,-1,3,30,8,7,4,-30,-15,16,-5,28,11,13,4,-26,-21,3,-2,29,12,7
37.3400,3,-31,-21,-1,5,24,12,14,5,-24,-15,0,-1,18,9,8,2,-24,-18,1,4,28,14,22,4,-24,-19,-1,-2,26,-4,9,13,-29,-18,-1,-3,25,11,12,2,-33,-16,2,3,28,7,9,5,-24,-19,19,-2,25,11,6,7,-23,-19,1,0,27,13,12
37.3600,1,-30,-19,3,6,33,14,15,4,-24,-16,0,-3,15,11,9,8,-26,-20,2,2,28,12,20,4,-33,-23,1,1,21,0,4,12,-25,-18,2,1,26,8,14,5,-32,-18,-1,1,27,10,9,5,-27,-23,17,1,26,9,6,0,-29,-19,0,2,27,11,10
37.3800,2,-32,-19,-2,9,29,17,14,6,-21,-18,0,0,20,6,14,3,-28,-17,3,1,26,14,18,3,-30,-16,3,-3,24,-2,9,12,-29,-17,2,-4,27,12,10,5,-32,-20,1,0,27,10,8,3,-30,-16,13,2,26,2,12,3,-21,-14,0,0,29,11,9
37.4000,2,-31,-19,-1,5,31,11,8,6,-20,-16,1,-2,17,6,7,5,-28,-16,1,2,28,10,20,2,-24,-19,3,-2,26,1,10,11,-26,-20,-2,-3,24,9,13,4,-36,-23,0,2,27,9,9,8,-27,-19,16,-2,29,9,10,1,-26,-17,4,-5,27,13,10
37.4200,3,-32,-19,-3,6,27,17,14,7,-24,-21,-2,2,18,9,10,4,-27,-21,5,5,27,13,18,3,-26,-18,0,0,21,4,9,12,-21,-19,1,-3,29,13,15,6,-35,-17,0,4,32,9,7,4,-24,-19,16,-5,27,12,7,5,-31,-16,-1,-3,29,14,8
37.4400,-2,-28,-19,1,6,25,13,15,3,-24,-20,0,1,19,12,12,7,-27,-17,-1,-1,30,13,20,1,-31,-20,4,-1,27,-1,9,6,-25,-22,3,-2,24,10,14,8,-36,-16,2,3,30,9,9,8,-27,-19,17,-3,29,11,10,8,-26,-16,-2,-4,26,12,6
37.4600,0,-34,-24,-3,8,29,11,11,6,-25,-18,0,-1,17,10,10,3,-26,-15,0,-1,26,14,20,7,-28,-18,5,-5,23,2,8,10,-26,-19,-1,0,28,15,16,1,-31,-16,2,5,29,9,7,1,-30,-17,15,-2,27,11,5,3,-29,-22,0,-2,28,10,6
37.4800,4,-29,-19,0,8,30,16,13,6,-26,-18,0,2,22,13,11,4,-26,-20,-3,2,30,12,18,6,-29,-22,0,-2,26,7,15,10,-25,-22,-2,-3,24,11,13,3,-33,-17,2,4,26,10,6,1,-27,-18,17,2,26,6,7,2,-28,-20,-5,-3,31,10,8
37.5000,4,-30,-21,4,5,30,14,18,5,-22,-18,2,-3,17,12,11,6,-24,-17,0,4,25,17,16,6,-29,-19,3,-4,25,-1,15,14,-24,-16,0,-4,28,12,16,1,-34,-17,2,1,30,10,8,0,-25,-17,24,-2,28,8,10,2,-25,-17,-3,-5,28,11,15
37.5200,3,-34,-17,3,3,29,13,18,6,-28,-22,-3,0,18,11,10,5,-23,-22,1,0,28,17,21,3,-26,-17,2,0,25,1,12,14,-26,-17,1,-2,24,15,10,6,-38,-21,0,5,29,11,9,3,-27,-18,17,0,28,12,13,6,-24,-18,-1,2,32,17,14
37.5400,5,-29,-17,2,8,24,13,12,8,-23,-22,-4,0,21,8,8,8,-25,-23,-2,4,23,12,18,2,-28,-19,4,-1,28,3,11,9,-27,-19,5,1,23,13,10,6,-34,-19,1,9,29,8,10,8,-28,-18,19,-1,28,10,10,3,-26,-13,-2,1,28,9,11
37.5600,0,-33,-19,2,8,28,13,13,5,-25,-19,-5,2,20,9,9,9,-25,-20,1,5,24,14,21,3,-27,-15,1,2,24,1,12,6,-24,-17,-3,-1,27,14,16,5,-30,-17,0,5,30,8,10,4,-30,-18,18,-3,24,12,9,5,-27,-20,-2,3,24,16,11
37.5800,2,-29,-20,2,9,29,15,12,6,-24,-22,3,1,17,8,9,10,-22,-20,4,2,23,12,19,5,-29,-16,-6,-2,24,1,6,13,-27,-21,2,-2,21,17,14,4,-31,-20,2,5,29,10,4,1,-30,-18,17,-3,26,10,7,6,-24,-18,4,-2,29,12,11
37.6000,3,-31,-19,1,4,28,14,15,5,-23,-26,0,1,18,10,12,4,-23,-15,-1,2,29,17,15,2,-28,-20,0,3,24,5,11,15,-21,-18,-2,-1,28,18,10,9,-32,-19,-4,2,30,5,10,6,-28,-20,16,0,25,10,12,4,-24,-20,-1,1,25,16,9
37.6200,1,-31,-15,4,6,26,13,9,7,-22,-20,1,2,16,13,7,6,-27,-20,0,0,25,13,23,1,-23,-19,2,-2,24,0,11,11,-23,-21,6,-4,27,13,15,3,-35,-21,1,9,30,10,7,4,-29,-19,14,3,26,12,7,4,-24,-17,0,-1,26,14,11
37.6400,7,-32,-23,3,6,25,13,13,7,-26,-17,2,-2,18,11,8,2,-25,-22,-2,4,24,13,19,7,-25,-21,3,0,24,-1,13,9,-30,-20,1,-4,23,13,9,6,-28,-17,0,6,26,5,8,5,-25,-18,19,0,25,10,10,3,-22,-17,0,-1,28,6,9
37.6600,6,-34,-18,2,10,25,13,13,9,-22,-16,2,4,17,11,10,7,-21,-21,2,1,23,15,19,9,-26,-20,4,-3,25,0,13,12,-26,-21,1,0,26,10,12,4,-30,-18,0,7,25,7,7,5,-25,-22,16,1,23,10,10,4,-29,-19,2,-4,26,14,10
37.6800,3,-33,-22,3,6,28,14,14,5,-25,-21,1,1,14,9,12,5,-23,-15,4,6,25,11,22,5,-26,-17,3,1,27,3,13,13,-22,-22,0,-5,25,13,12,4,-34,-20,1,4,29,11,8,2,-25,-23,17,3,28,15,10,5,-27,-19,2,4,27,14,5
37.7000,4,-32,-16,1,2,27,15,11,8,-24,-20,1,-2,18,10,10,2,-23,-18,0,2,24,10,17,8,-26,-20,1,3,26,1,10,15,-24,-21,2,-1,27,12,15,8,-33,-20,1,3,29,13,10,0,-27,-21,20,4,27,16,14,4,-24,-18,3,-1,32,13,12
37.7200,6,-36,-16,1,7,30,9,14,5,-28,-19,2,1,17,12,17,12,-21,-17,2,7,23,10,21,7,-23,-18,-1,1,29,-2,8,15,-23,-18,0,-1,22,8,14,7,-33,-20,-1,4,27,5,4,5,-24,-19,17,2,27,10,10,4,-24,-14,-1,3,29,11,5
37.7400,6,-33,-20,-4,4,30,15,14,10,-21,-20,1,-1,16,15,12,3,-25,-21,1,-1,22,13,19,2,-25,-20,2,4,28,-1,9,18,-21,-21,1,-2,25,10,17,6,-33,-21,-1,5,29,11,9,10,-32,-18,20,3,27,11,11,9,-29,-15,-5,-2,24,11,11
37.7600,5,-30,-23,0,10,27,17,12,7,-24,-17,2,-3,17,8,11,3,-24,-22,1,7,26,9,18,5,-25,-16,0,1,25,8,10,14,-21,-21,-2,-4,28,16,12,7,-29,-21,5,4,30,6,7,3,-28,-15,19,-1,25,12,12,1,-28,-17,0,1,29,17,12
37.7800,6,-31,-18,1,3,29,14,11,6,-23,-17,4,-3,15,12,14,7,-22,-19,2,5,26,8,19,4,-26,-21,2,-1,26,3,11,9,-26,-21,0,-5,26,17,13,5,-35,-23,0,4,30,6,8,1,-25,-15,16,-1,23,15,11,7,-26,-19,2,-1,25,13,10
37.8000,4,-35,-21,2,13,30,13,12,6,-25,-17,1,-1,17,13,13,6,-23,-17,0,8,25,11,19,9,-24,-17,1,0,26,3,13,12,-27,-18,-1,1,28,16,11,5,-32,-14,2,6,28,12,12,4,-28,-17,20,1,26,13,11,6,-28,-19,-2,-1,22,9,8
37.8200,6,-26,-22,-2,7,27,15,21,5,-21,-22,1,-3,19,12,13,5,-26,-18,0,3,26,17,18,10,-28,-16,0,2,25,2,13,13,-27,-18,0,-4,26,10,15,3,-29,-17,1,7,28,5,6,8,-27,-23,20,-2,25,16,12,1,-25,-22,-1,-2,28,14,11
37.8400,1,-30,-21,2,6,24,10,15,4,-27,-18,1,-1,16,13,11,9,-24,-20,4,4,26,16,17,11,-29,-20,1,-2,19,-1,8,12,-27,-21,-2,-2,28,13,19,5,-35,-22,-4,4,26,11,6,5,-25,-19,20,0,27,10,11,9,-27,-22,-1,-4,29,10,13
37.8600,1,-32,-21,0,4,28,15,14,2,-25,-18,-1,4,16,10,14,9,-21,-24,5,8,23,15,19,4,-25,-21,2,-1,27,1,11,13,-25,-21,1,4,25,13,15,9,-34,-22,0,8,25,9,6,4,-27,-15,17,2,23,12,14,7,-26,-19,3,0,31,13,9
37.8800,1,-29,-23,1,4,26,13,16,5,-22,-19,2,3,18,11,11,10,-27,-19,-1,3,24,15,19,5,-25,-19,-4,1,25,3,16,15,-20,-17,5,-1,29,9,15,7,-31,-21,2,4,29,6,12,2,-27,-18,17,0,29,10,16,7,-26,-18,3,0,24,12,17
37.9000,5,-31,-11,-2,8,33,14,23,7,-24,-16,2,-1,20,10,15,5,-22,-20,3,6,21,11,18,4,-30,-18,1,4,28,5,12,11,-24,-21,-3,3,28,16,8,8,-32,-18,2,11,28,7,9,6,-27,-18,19,-3,24,11,11,5,-25,-18,0,-1,24,16,10
37.9200,1,-27,-18,2,9,31,17,12,13,-25,-20,-1,2,15,12,17,10,-29,-18,-2,6,24,14,20,5,-27,-18,-1,3,27,1,10,14,-28,-27,-1,0,27,14,14,3,-29,-22,-1,8,28,14,9,7,-32,-19,17,-4,28,10,12,8,-27,-24,0,0,26,14,8
37.9400,4,-29,-15,2,8,26,18,17,10,-26,-20,-1,1,19,12,13,7,-23,-17,1,-1,26,17,20,5,-29,-19,3,1,26,1,15,13,-25,-23,2,3,20,13,17,4,-32,-24,1,8,27,12,10,6,-28,-19,16,-3,33,15,11,6,-27,-20,2,0,25,15,13
37.9600,10,-30,-20,0,11,28,15,14,5,-22,-19,3,4,14,10,14,7,-20,-18,5,4,25,17,19,5,-26,-18,0,-1,27,2,15,17,-23,-21,3,-3,28,11,15,3,-34,-17,2,6,30,10,11,6,-24,-21,15,1,26,15,9,2,-29,-25,-2,-1,28,15,12
37.9800,8,-32,-20,-2,8,29,14,8,6,-26,-20,1,-5,20,16,13,5,-20,-17,-4,5,22,13,17,12,-31,-18,-2,1,22,3,13,11,-20,-21,0,-1,27,13,14,7,-29,-18,4,4,32,8,9,10,-27,-17,21,2,27,12,15,6,-25,-17,0,-2,28,12,11
38.0000,8,-38,-19,4,11,32,14,13,7,-25,-20,0,2,19,5,14,5,-24,-18,2,5,26,12,18,8,-29,-16,1,5,24,3,13,14,-26,-19,-4,0,23,9,10,10,-35,-20,3,6,27,10,10,6,-28,-16,17,0,26,14,12,6,-26,-24,0,4,28,13,11
38.0200,3,-29,-24,-4,10,28,13,14,7,-25,-24,2,1,17,12,15,7,-22,-20,3,2,29,16,19,4,-29,-22,-1,1,28,4,11,10,-23,-22,4,2,26,11,15,8,-34,-17,2,6,28,9,11,7,-29,-18,17,-1,26,13,18,6,-28,-18,1,-1,29,17,16
38.0400,2,-37,-18,0,8,31,12,12,5,-24,-22,1,2,17,11,15,6,-25,-20,3,2,26,14,20,4,-29,-20,0,0,30,4,9,15,-25,-20,1,1,26,12,13,5,-32,-22,1,5,27,12,10,6,-23,-20,15,4,26,15,11,5,-25,-22,-2,3,30,14,10
38.0600,3,-30,-21,0,4,32,17,17,1,-27,-18,1,1,19,15,11,7,-22,-19,5,8,29,14,18,10,-24,-22,1,-1,23,0,10,12,-22,-19,0,-2,24,9,12,5,-30,-18,4,2,31,10,9,4,-28,-16,17,2,28,13,11,3,-26,-20,-2,-2,28,13,10
38.0800,7,-33,-24,1,14,30,15,17,8,-24,-18,0,-2,13,14,10,8,-24,-14,0,6,24,7,20,7,-30,-22,6,3,27,0,14,14,-26,-17,-1,-3,22,14,17,12,-35,-19,4,11,29,10,12,2,-28,-19,22,3,27,15,12,8,-25,-20,5,4,28,16,12
38.1000,0,-32,-24,2,7,31,11,12,9,-23,-19,1,-2,19,10,12,2,-23,-22,3,0,25,12,17,5,-26,-21,-1,2,30,1,8,11,-27,-20,-1,-1,23,16,16,6,-35,-15,3,4,25,8,12,9,-25,-18,19,-1,31,12,12,6,-28,-18,1,7,26,13,13
38.1200,6,-32,-20,2,9,29,11,15,3,-23,-23,2,1,18,10,15,8,-24,-18,0,3,27,15,18,6,-26,-17,1,4,26,5,9,12,-26,-21,-3,2,27,9,17,7,-33,-19,3,10,25,10,7,2,-23,-18,17,-1,31,13,9,1,-26,-21,1,4,25,17,12
38.1400,7,-26,-22,6,6,30,15,12,8,-26,-20,2,-1,19,11,11,7,-20,-19,-1,5,27,14,19,3,-28,-22,0,1,28,0,13,11,-27,-17,1,-1,25,10,12,8,-35,-21,-2,4,30,8,6,3,-25,-18,15,6,27,11,12,5,-27,-17,0,1,30,13,13
38.1600,3,-30,-21,6,10,28,14,12,10,-29,-21,5,2,16,15,17,8,-25,-23,1,1,24,13,16,1,-24,-16,-3,4,25,2,10,10,-25,-21,1,-1,29,11,18,12,-32,-21,3,5,28,13,8,8,-25,-19,18,-3,28,11,10,8,-21,-20,1,4,25,9,14
38.1800,4,-27,-26,1,9,28,12,15,10,-21,-21,3,5,21,14,14,12,-23,-21,4,3,22,13,24,7,-23,-16,-4,3,25,-2,8,12,-24,-18,0,-2,27,11,15,7,-33,-19,5,9,30,10,8,8,-28,-19,18,0,22,13,15,8,-28,-19,0,-1,24,14,13
38.2000,6,-32,-17,-4,8,28,12,11,9,-22,-22,1,1,16,13,14,9,-25,-19,1,6,20,14,20,7,-29,-18,1,6,30,3,12,15,-26,-23,1,0,29,10,14,5,-33,-19,-3,8,24,11,6,10,-24,-20,19,1,25,10,12,9,-24,-21,5,2,25,10,11
38.2200,8,-28,-15,1,10,26,18,13,11,-26,-21,0,4,17,8,11,6,-26,-22,2,5,16,15,23,9,-26,-19,-3,4,25,2,13,16,-24,-23,0,2,28,15,11,5,-37,-22,0,8,29,8,11,5,-20,-21,20,-1,28,12,15,8,-23,-19,1,4,30,10,13
38.2400,6,-33,-21,4,12,26,14,17,7,-23,-18,6,2,16,14,14,8,-25,-23,2,4,26,16,20,8,-26,-17,0,0,26,5,14,19,-28,-18,1,1,22,13,12,8,-35,-21,2,8,29,12,10,5,-25,-17,19,3,26,15,14,6,-28,-20,2,0,24,16,12
38.2600,5,-35,-26,2,10,26,14,18,6,-26,-23,3,3,19,17,16,4,-24,-18,2,4,26,17,28,7,-28,-18,2,2,28,2,12,16,-26,-20,-1,-4,23,9,14,9,-29,-23,3,3,27,9,9,10,-25,-16,17,3,25,12,12,7,-29,-25,-2,3,28,13,10
38.2800,5,-31,-20,0,11,29,9,15,9,-23,-17,2,2,17,13,16,9,-24,-22,0,2,24,13,21,5,-25,-22,1,2,26,-1,15,11,-26,-21,1,-4,26,12,20,5,-32,-20,-2,10,27,10,11,8,-23,-20,19,6,24,11,15,7,-24,-17,-3,3,25,16,13
38.3000,3,-30,-20,1,9,29,13,16,4,-23,-24,2,-2,17,9,15,9,-20,-19,1,2,28,18,21,3,-26,-21,-1,4,26,-1,13,15,-26,-18,0,-4,30,13,15,7,-30,-13,3,4,29,12,8,9,-25,-21,15,2,25,12,11,7,-28,-23,-2,4,32,16,13
38.3200,7,-32,-19,-2,7,30,11,16,10,-29,-24,2,2,19,12,16,13,-25,-25,1,2,28,16,22,7,-25,-19,-1,2,25,3,16,15,-28,-16,1,0,29,15,13,7,-31,-20,3,11,28,13,15,10,-25,-21,19,4,33,14,7,9,-29,-21,-4,2,25,18,16
38.3400,5,-31,-20,-5,10,26,16,17,9,-25,-20,-3,0,15,13,17,9,-17,-20,4,5,22,13,17,5,-25,-17,2,5,29,1,15,16,-29,-18,2,1,29,13,15,9,-30,-19,-2,8,29,10,9,5,-29,-20,19,0,25,16,11,9,-32,-21,1,1,30,12,12
38.3600,4,-30,-16,-5,8,32,10,15,10,-28,-24,-3,3,15,12,12,5,-28,-22,2,3,27,17,21,7,-24,-17,-3,4,27,3,11,15,-24,-21,4,2,23,14,15,5,-33,-18,3,8,25,8,10,2,-28,-17,19,6,27,11,13,11,-26,-21,-1,1,26,12,14
38.3800,2,-30,-22,2,8,29,15,15,11,-27,-22,-6,4,21,9,16,6,-25,-18,1,4,24,15,18,4,-25,-19,2,6,29,-1,9,14,-18,-19,1,3,22,14,13,8,-39,-22,3,8,25,5,8,4,-25,-17,16,1,25,13,14,9,-27,-23,1,3,31,13,13
38.4000,3,-34,-18,0,13,28,13,14,12,-23,-23,-2,1,18,12,15,6,-26,-20,-2,8,25,16,21,9,-28,-16,2,2,29,2,12,17,-23,-19,2,0,22,13,18,4,-28,-17,-2,5,25,7,7,7,-20,-23,15,3,31,15,16,10,-27,-19,3,7,30,12,8
38.4200,6,-34,-20,0,9,30,9,16,6,-27,-20,1,2,18,14,14,8,-24,-14,4,5,23,14,20,8,-27,-20,-1,8,25,1,15,17,-24,-19,-3,1,26,14,11,6,-31,-20,7,8,30,13,8,4,-23,-16,14,5,29,14,12,10,-24,-22,2,0,28,12,13
38.4400,5,-29,-19,3,11,29,16,15,9,-28,-22,-1,1,18,14,14,3,-24,-22,0,2,23,9,23,9,-26,-16,0,7,23,1,13,15,-22,-19,4,-2,22,17,14,11,-33,-19,6,6,30,10,6,12,-24,-19,16,2,27,11,14,10,-26,-21,0,2,33,9,14
38.4600,7,-34,-16,1,10,29,11,17,3,-25,-23,1,9,14,12,13,5,-21,-23,-1,4,24,15,20,5,-27,-19,0,3,29,3,15,13,-25,-19,1,3,26,9,16,4,-32,-24,0,9,31,14,11,11,-26,-21,15,-2,27,15,17,8,-28,-22,-3,3,29,14,13
38.4800,1,-30,-21,1,10,30,17,15,9,-22,-21,0,2,17,14,15,8,-23,-19,0,5,26,18,20,11,-28,-22,1,5,23,4,13,12,-27,-23,5,0,23,14,15,8,-31,-17,1,8,31,9,14,9,-27,-21,14,6,28,11,14,8,-25,-16,-2,5,24,14,11
38.5000,5,-28,-19,2,10,27,15,18,3,-22,-18,2,1,18,14,13,7,-23,-18,-2,3,27,13,21,10,-27,-16,0,10,27,2,9,17,-25,-22,0,2,28,12,19,10,-35,-20,-3,9,27,15,11,9,-25,-17,15,3,27,15,12,5,-30,-22,-2,5,26,15,16
38.5200,5,-28,-13,-1,10,28,13,16,9,-26,-17,7,-1,15,14,15,6,-23,-18,-1,5,23,15,18,10,-28,-20,5,10,23,2,10,17,-21,-21,2,-2,27,13,15,9,-32,-23,4,8,25,11,8,9,-25,-21,19,2,28,11,16,9,-30,-23,-1,0,25,9,13
38.5400,11,-33,-20,0,11,29,15,19,10,-25,-19,0,3,16,12,13,8,-22,-19,0,4,22,11,26,6,-25,-20,0,2,24,0,15,18,-25,-22,2,4,27,14,19,6,-33,-21,2,11,28,16,10,5,-31,-22,18,-1,24,15,14,12,-29,-24,2,4,25,12,10
38.5600,7,-28,-27,-2,11,32,13,17,13,-25,-22,0,3,18,16,15,6,-20,-19,-1,3,21,12,26,7,-23,-22,3,6,23,4,15,13,-28,-19,-4,1,26,13,17,7,-32,-15,2,9,30,12,7,7,-28,-22,17,0,27,11,17,5,-25,-22,-2,-1,26,13,15
38.5800,9,-28,-23,2,10,24,12,19,8,-22,-23,-3,8,18,15,17,10,-21,-19,0,0,22,16,22,9,-26,-20,3,2,29,5,15,15,-23,-18,1,4,23,14,16,8,-33,-22,2,7,23,10,13,7,-24,-16,14,3,27,11,10,9,-26,-20,0,5,29,15,15
38.6000,5,-30,-17,3,13,27,15,14,4,-25,-19,-2,5,17,15,17,8,-25,-20,0,5,21,11,21,7,-25,-20,2,7,23,5,11,16,-28,-21,0,4,25,13,14,4,-33,-19,-4,5,30,8,11,6,-25,-20,14,5,27,16,13,5,-27,-20,-2,7,22,12,17
38.6200,5,-31,-24,1,7,25,18,15,11,-26,-18,1,5,18,11,15,4,-27,-18,-1,5,26,14,17,9,-20,-19,3,7,26,-3,16,22,-27,-22,1,1,20,15,17,7,-35,-17,-2,6,27,10,6,6,-25,-16,16,7,28,12,12,1,-24,-19,4,1,28,17,8
38.6400,5,-29,-19,0,10,28,10,16,7,-31,-21,1,9,20,13,15,8,-25,-22,-1,5,26,11,20,3,-27,-23,1,3,26,4,12,18,-23,-20,0,4,26,14,15,9,-30,-24,1,2,28,13,7,9,-24,-20,17,4,28,10,12,9,-27,-22,1,6,27,11,12
38.6600,7,-30,-20,0,9,29,13,14,6,-25,-21,1,4,14,11,15,4,-24,-22,4,0,22,18,22,12,-24,-19,2,10,26,-3,14,18,-23,-19,1,2,26,16,18,11,-36,-20,5,8,27,10,11,5,-25,-17,17,5,28,15,14,12,-23,-21,1,0,30,11,15
38.6800,4,-29,-21,3,13,25,13,16,5,-27,-19,-2,-1,15,11,15,11,-25,-24,-1,0,24,17,20,6,-26,-20,2,5,29,1,19,19,-26,-21,1,0,29,15,16,12,-32,-15,2,9,29,12,9,8,-27,-20,20,5,26,9,13,4,-25,-23,2,7,26,14,14
38.7000,7,-26,-22,1,12,30,11,13,12,-21,-18,0,4,12,11,13,8,-19,-22,3,3,24,12,18,11,-23,-24,0,3,24,2,11,16,-29,-22,5,5,23,8,16,15,-35,-18,1,6,25,12,14,14,-27,-11,21,2,30,17,16,12,-26,-18,1,7,30,13,16
38.7200,1,-32,-22,5,11,29,12,17,6,-24,-14,2,1,16,11,13,2,-23,-17,3,6,26,11,21,6,-27,-24,2,6,23,1,12,16,-27,-21,-3,3,23,15,18,5,-32,-21,4,9,26,15,10,7,-30,-17,18,3,28,15,13,6,-26,-21,0,4,27,10,14
38.7400,6,-26,-18,2,16,28,15,14,5,-24,-16,2,3,17,14,15,7,-26,-19,4,5,25,18,23,10,-27,-22,4,6,24,2,15,15,-28,-15,2,5,23,6,18,10,-31,-21,-1,10,27,9,11,5,-21,-21,21,3,27,16,12,7,-28,-21,3,0,26,7,19
38.7600,7,-36,-22,3,8,30,11,19,7,-26,-18,2,1,15,17,17,5,-23,-18,5,7,29,13,25,5,-22,-18,0,6,24,1,10,16,-23,-22,1,0,24,9,18,8,-32,-20,2,7,26,10,13,5,-29,-19,16,5,27,19,17,11,-24,-21,-1,4,27,14,15
38.7800,12,-25,-22,1,8,27,11,15,10,-22,-20,0,0,15,19,18,2,-26,-20,3,0,23,16,24,6,-30,-17,2,3,26,1,11,17,-28,-23,1,5,28,13,17,14,-30,-16,2,10,27,5,13,5,-18,-17,19,4,26,9,15,11,-24,-15,1,3,23,16,13
38.8000,4,-34,-16,-1,12,27,12,16,7,-27,-17,1,6,16,10,13,8,-21,-20,3,4,20,12,24,12,-23,-22,2,8,26,4,14,16,-26,-18,0,4,26,11,15,12,-27,-22,3,7,27,15,13,3,-26,-16,16,8,24,15,15,6,-26,-21,-2,3,29,13,12
38.8200,6,-29,-19,1,10,28,11,15,14,-28,-17,1,4,20,12,18,2,-22,-22,3,2,21,17,17,14,-24,-18,6,8,24,-1,11,18,-25,-21,2,1,26,13,18,14,-32,-18,2,5,26,11,10,13,-24,-19,16,6,27,16,12,9,-27,-19,-1,1,30,17,12
38.8400,9,-27,-20,1,14,29,10,15,7,-24,-16,1,2,17,10,12,9,-23,-20,-2,5,27,13,21,10,-25,-18,1,10,20,6,11,15,-27,-23,2,5,23,16,20,14,-33,-20,4,13,27,12,12,12,-26,-14,12,8,27,13,13,8,-28,-22,2,2,27,14,13
38.8600,5,-30,-20,1,11,31,12,16,9,-29,-24,-1,2,16,14,16,7,-24,-21,3,4,24,14,23,12,-25,-16,0,4,22,0,10,16,-25,-19,0,3,27,15,17,11,-32,-13,1,11,25,14,12,8,-30,-19,17,6,26,16,15,7,-26,-18,1,6,24,7,15
38.8800,6,-29,-19,-2,12,31,14,17,7,-23,-18,-1,5,17,15,17,10,-24,-21,-1,4,22,15,22,13,-22,-16,1,8,27,-1,11,16,-25,-20,1,6,25,12,17,8,-33,-19,2,6,31,9,13,10,-28,-18,18,1,26,13,17,13,-26,-20,-2,4,26,17,14
38.9000,6,-29,-18,0,14,28,13,22,5,-25,-20,-2,2,19,8,13,9,-26,-17,2,1,23,20,24,11,-22,-18,0,8,29,2,17,12,-26,-17,2,3,25,13,13,11,-34,-22,0,8,30,15,14,9,-27,-19,14,7,26,10,10,8,-27,-17,3,4,25,14,14
38.9200,8,-32,-19,1,9,26,11,17,8,-25,-17,1,2,18,13,15,8,-22,-18,0,10,23,14,22,12,-21,-18,4,3,30,-1,11,19,-28,-20,2,0,26,13,14,9,-29,-18,4,6,26,13,13,3,-29,-18,17,4,30,16,13,10,-25,-20,-2,1,28,14,19
38.9400,12,-30,-18,2,11,30,10,15,10,-23,-23,0,2,16,12,18,8,-27,-20,3,5,24,14,23,8,-23,-17,-2,7,24,-1,12,12,-30,-18,-3,2,26,12,18,15,-34,-17,3,6,28,13,12,8,-26,-18,18,0,27,15,14,6,-27,-19,2,7,31,15,14
38.9600,6,-31,-20,-5,9,30,10,18,10,-25,-17,1,7,14,12,20,7,-27,-22,2,8,25,15,19,9,-23,-21,3,8,29,6,19,14,-29,-20,3,5,25,11,17,11,-36,-19,1,7,27,15,13,6,-21,-18,16,0,25,7,14,3,-26,-20,0,6,28,13,15
38.9800,7,-25,-19,4,10,29,11,15,12,-29,-17,3,5,18,13,18,9,-26,-17,-2,9,23,18,24,8,-26,-20,3,8,24,4,14,18,-25,-23,1,3,28,16,19,5,-35,-16,1,9,22,13,15,12,-27,-15,19,5,28,15,16,8,-26,-15,-2,6,29,13,15
39.0000,8,-26,-21,2,9,29,13,19,11,-23,-23,0,4,15,12,19,13,-25,-21,3,4,18,12,27,9,-23,-21,3,6,25,3,16,20,-23,-26,0,1,24,14,17,8,-30,-22,-1,9,28,14,14,13,-23,-20,18,7,32,14,14,7,-23,-19,1,5,31,15,14
39.0200,7,-29,-23,1,12,28,14,21,12,-26,-18,0,8,18,17,16,8,-21,-21,3,6,21,16,24,10,-24,-20,0,7,21,-2,15,13,-25,-21,2,3,29,12,21,10,-30,-19,0,9,29,11,13,12,-25,-18,15,5,25,14,13,10,-27,-16,-2,6,27,12,18
39.0400,7,-25,-19,1,9,29,12,17,7,-24,-23,1,5,13,13,14,7,-22,-19,4,5,27,16,23,12,-20,-20,3,7,25,4,12,11,-26,-23,1,1,26,16,17,12,-33,-21,0,10,22,13,9,11,-23,-18,13,7,28,15,17,14,-22,-20,-1,3,30,10,17
39.0600,6,-30,-20,-1,10,29,15,17,10,-21,-21,-3,6,16,12,17,8,-27,-23,4,5,24,13,22,11,-26,-24,6,9,28,4,12,17,-28,-19,1,7,27,17,15,8,-32,-16,1,7,24,15,14,9,-25,-16,18,6,26,12,14,9,-26,-20,2,7,29,14,17
39.0800,8,-26,-20,3,11,27,16,17,11,-27,-21,4,3,19,14,16,3,-24,-18,4,4,24,14,24,12,-23,-24,0,9,25,-1,16,18,-23,-16,3,5,26,12,14,9,-32,-17,-2,6,25,17,12,10,-29,-21,18,-1,28,13,16,8,-28,-19,-5,8,30,16,17
39.1000,8,-30,-20,1,12,29,13,14,9,-25,-21,2,1,21,10,21,5,-23,-24,4,3,27,15,23,7,-22,-21,-2,7,30,-1,15,16,-27,-21,0,4,26,22,18,10,-29,-20,-1,7,26,15,15,3,-25,-20,16,9,28,16,15,8,-29,-23,3,7,28,11,18
39.1200,9,-31,-22,6,16,29,10,16,8,-24,-23,-1,6,16,13,21,10,-25,-17,7,3,25,15,22,10,-25,-18,4,7,26,-1,14,15,-24,-23,4,3,23,13,14,12,-29,-20,3,11,27,5,17,8,-30,-19,12,5,21,13,12,9,-29,-19,1,8,25,13,18
39.1400,9,-32,-19,0,11,33,14,18,9,-24,-22,0,7,15,14,17,8,-26,-18,6,7,21,18,23,9,-26,-20,4,4,29,4,11,17,-21,-20,3,5,25,19,17,11,-28,-16,-1,9,24,13,9,10,-25,-18,20,5,24,16,15,9,-22,-23,3,6,32,15,13
39.1600,7,-29,-19,3,15,35,13,17,12,-27,-20,0,4,15,15,16,5,-27,-20,-1,4,25,13,18,8,-26,-25,3,6,25,-1,16,16,-28,-17,5,3,27,17,18,12,-27,-23,2,8,26,13,17,14,-26,-18,15,1,29,15,17,11,-26,-27,2,6,26,17,18
39.1800,7,-29,-20,4,12,29,11,16,9,-27,-19,1,8,18,17,14,4,-27,-19,8,5,23,14,20,11,-25,-20,3,8,24,1,15,15,-25,-20,6,9,27,14,18,15,-34,-16,4,7,25,8,14,9,-26,-20,16,3,25,16,20,11,-25,-23,1,4,24,13,13
39.2000,6,-28,-20,2,12,31,12,19,11,-29,-21,3,7,14,14,16,11,-24,-23,3,6,23,16,22,10,-27,-22,4,9,25,4,15,17,-25,-20,-1,8,30,12,17,14,-33,-19,-6,11,25,8,15,9,-23,-20,17,6,25,17,14,9,-24,-23,2,5,27,15,14
39.2200,8,-27,-21,2,14,29,13,21,7,-25,-21,3,4,17,14,18,6,-25,-22,5,5,23,18,23,11,-25,-24,1,7,23,2,13,18,-28,-22,1,3,24,13,20,11,-29,-17,1,8,28,12,16,9,-27,-22,18,5,26,12,17,7,-28,-20,3,6,23,15,17
39.2400,9,-32,-25,-2,15,29,13,14,8,-25,-20,1,5,16,12,16,10,-23,-24,4,8,26,16,26,9,-25,-20,4,11,28,0,14,14,-31,-21,1,7,25,20,20,11,-32,-15,2,11,26,15,16,10,-29,-16,17,1,28,10,14,10,-26,-22,5,4,26,15,13
39.2600,7,-31,-20,1,12,32,15,21,8,-25,-21,2,4,17,14,19,6,-23,-20,2,7,23,16,22,12,-25,-21,0,11,28,3,13,19,-26,-23,-4,6,26,13,18,15,-30,-24,4,11,25,16,10,9,-21,-14,17,6,26,19,15,11,-19,-19,2,5,28,15,17
39.2800,7,-26,-25,4,13,27,13,19,12,-26,-26,0,8,17,14,20,10,-24,-25,5,6,23,12,24,11,-31,-19,1,9,20,-2,18,17,-28,-25,2,6,30,11,22,14,-32,-20,4,10,25,17,16,12,-27,-18,16,6,27,12,16,6,-29,-21,0,7,30,15,18
39.3000,2,-27,-21,0,10,25,13,20,14,-28,-22,1,9,20,14,22,7,-25,-16,1,7,26,18,24,12,-24,-20,6,5,25,1,15,19,-30,-24,6,5,29,16,19,10,-31,-21,1,4,27,11,14,9,-26,-20,13,4,25,15,20,10,-26,-21,5,7,26,12,18
39.3200,12,-26,-18,1,14,31,16,18,10,-22,-22,4,5,15,11,24,9,-27,-23,0,6,24,16,20,13,-25,-23,2,9,25,-1,12,17,-25,-22,5,4,24,13,20,10,-30,-20,5,10,26,12,16,7,-33,-19,16,6,24,14,16,9,-27,-22,2,9,29,13,19
39.3400,9,-25,-18,5,16,27,12,19,10,-24,-19,-1,8,15,15,19,7,-24,-18,5,6,22,14,21,9,-24,-23,6,12,26,7,17,16,-25,-17,3,7,26,14,15,12,-30,-22,2,10,26,14,17,10,-27,-23,15,8,24,15,19,9,-23,-22,4,8,25,12,22
39.3600,14,-24,-18,2,8,31,11,21,15,-31,-20,2,7,20,12,17,12,-22,-18,0,4,23,12,24,7,-25,-27,4,10,25,5,13,16,-22,-19,1,3,27,11,16,13,-32,-17,0,11,22,11,16,9,-28,-23,18,4,25,15,19,7,-29,-19,3,4,26,12,20
39.3800,12,-26,-20,4,8,30,14,17,11,-24,-19,5,8,16,14,19,7,-25,-21,2,7,27,17,28,11,-25,-24,3,9,26,0,16,23,-27,-21,-1,5,25,16,18,13,-33,-23,2,13,25,11,18,11,-23,-17,14,7,23,13,17,10,-27,-25,4,11,26,13,19
39.4000,8,-28,-24,5,12,26,11,15,6,-26,-19,3,10,17,14,20,13,-21,-22,1,7,23,15,25,8,-27,-20,-1,8,23,2,18,18,-26,-20,-1,7,28,12,17,16,-33,-20,2,9,26,12,12,10,-26,-20,13,7,27,13,18,10,-31,-21,5,3,25,11,17
39.4200,9,-28,-20,3,15,27,11,17,9,-30,-22,2,8,16,12,19,9,-22,-23,0,8,27,19,27,10,-27,-20,5,8,27,0,18,17,-28,-23,-1,5,26,18,20,14,-28,-24,5,5,23,11,15,12,-27,-17,15,8,29,12,17,14,-28,-18,0,4,27,13,16
39.4400,7,-28,-26,1,14,29,11,19,11,-28,-18,3,5,18,16,17,12,-23,-22,4,9,25,18,23,14,-23,-19,4,8,27,3,17,17,-26,-24,1,2,22,16,19,15,-31,-21,0,7,23,10,16,12,-28,-18,14,4,28,13,16,14,-30,-16,2,6,27,8,17
39.4600,9,-25,-22,4,17,29,10,22,11,-28,-24,6,4,16,13,21,10,-25,-24,4,6,23,16,28,15,-22,-21,1,8,26,0,16,19,-24,-21,0,6,25,15,18,11,-26,-17,1,7,25,14,14,11,-27,-20,17,2,28,13,18,9,-24,-20,-1,8,26,15,18
39.4800,13,-30,-19,7,10,30,9,17,8,-27,-22,4,6,12,10,18,12,-25,-23,0,6,25,17,28,8,-23,-21,6,10,22,3,17,17,-24,-17,3,9,24,12,21,13,-29,-22,2,9,25,17,17,8,-25,-19,9,5,25,15,20,14,-23,-20,3,8,22,10,20
39.5000,7,-28,-21,6,14,24,12,18,4,-25,-19,4,10,15,12,17,8,-25,-19,1,5,22,16,26,10,-23,-19,5,9,28,-3,16,18,-25,-21,3,9,25,18,18,16,-26,-21,4,10,28,14,13,16,-28,-19,18,6,29,14,16,10,-24,-20,-2,5,24,13,19
39.5200,6,-25,-22,0,13,29,10,23,8,-25,-20,0,4,16,13,18,8,-26,-18,0,11,23,15,27,14,-25,-20,5,3,28,1,16,18,-27,-21,4,7,28,13,18,15,-30,-18,-4,5,22,17,16,7,-25,-19,15,4,24,16,16,8,-28,-22,2,8,29,13,15
39.5400,10,-25,-22,1,13,25,10,17,11,-27,-23,4,6,12,13,20,7,-26,-24,1,5,22,13,25,11,-20,-20,2,5,26,6,19,14,-28,-21,6,5,25,17,15,18,-29,-22,3,10,23,14,16,7,-27,-18,12,5,29,16,17,11,-27,-22,2,8,28,19,19
39.5600,11,-25,-18,2,15,30,14,20,13,-26,-20,2,8,20,15,17,2,-23,-21,0,6,22,17,26,15,-22,-23,0,13,23,4,13,18,-20,-19,3,5,31,12,18,14,-35,-15,5,10,24,14,17,11,-25,-18,13,7,27,12,17,13,-27,-18,0,4,28,10,20
39.5800,14,-34,-19,2,15,27,13,17,10,-28,-20,2,2,13,16,21,8,-25,-20,4,8,24,17,26,12,-22,-23,3,10,25,3,13,18,-27,-25,0,13,28,13,21,11,-29,-20,3,8,23,11,18,8,-25,-18,17,6,23,13,19,9,-25,-21,-3,4,29,12,20
39.6000,9,-24,-22,-2,16,32,12,17,7,-32,-22,3,8,18,17,20,9,-24,-21,4,7,24,19,23,17,-26,-21,3,10,29,5,20,16,-26,-24,4,10,28,10,20,11,-32,-21,4,6,26,15,17,10,-28,-18,17,4,26,17,17,14,-24,-21,1,8,28,15,17
39.6200,14,-24,-16,5,10,28,13,21,10,-26,-22,2,4,16,11,22,8,-21,-19,3,9,23,17,26,13,-23,-19,5,9,29,4,15,17,-27,-21,3,6,28,10,17,13,-29,-19,4,10,24,14,16,11,-26,-23,17,5,25,12,17,13,-26,-23,-2,6,25,16,14
39.6400,15,-27,-24,-3,11,26,16,19,11,-28,-23,5,8,17,11,17,6,-27,-22,4,5,26,12,24,11,-24,-23,0,13,27,5,11,16,-23,-20,5,6,28,15,21,12,-29,-19,4,6,28,14,17,13,-22,-17,19,6,27,9,17,9,-24,-25,2,5,28,15,18
39.6600,10,-25,-21,-1,16,28,15,17,10,-30,-21,2,10,17,13,20,9,-27,-20,4,3,21,14,24,13,-21,-22,4,9,26,3,15,19,-23,-19,5,8,24,17,18,15,-26,-24,4,10,25,16,17,12,-25,-19,13,5,25,13,19,11,-25,-23,-3,8,25,11,20
39.6800,11,-25,-19,4,19,25,12,23,7,-27,-18,4,4,21,10,18,7,-23,-20,2,7,21,15,24,11,-27,-22,2,10,24,0,18,23,-25,-22,1,6,27,15,16,10,-29,-18,5,12,25,5,20,10,-25,-19,14,10,25,17,22,12,-28,-20,-1,8,27,12,15
39.7000,10,-28,-18,2,15,29,15,21,9,-31,-23,3,10,13,13,20,6,-22,-24,3,6,24,15,24,13,-20,-24,7,8,25,0,14,13,-26,-18,2,9,24,13,18,16,-27,-20,4,7,29,18,18,11,-27,-21,16,10,24,15,17,10,-28,-23,3,4,28,14,15
39.7200,13,-27,-25,4,14,31,16,23,8,-28,-20,6,6,15,17,20,8,-25,-22,2,11,25,13,24,13,-23,-17,-2,11,29,3,17,17,-23,-23,3,9,22,7,17,9,-33,-18,4,5,24,12,15,13,-27,-20,15,10,24,17,18,12,-22,-17,1,1,28,15,16
39.7400,14,-26,-23,-1,13,31,8,20,10,-30,-19,1,12,19,18,20,7,-27,-21,5,7,25,17,28,5,-26,-18,1,13,29,3,20,15,-25,-21,7,6,26,16,21,13,-28,-17,0,6,24,13,23,13,-26,-16,14,9,24,16,14,8,-28,-25,6,7,26,14,19
39.7600,12,-21,-22,5,13,31,15,21,12,-27,-16,3,8,13,15,23,14,-29,-18,1,7,20,16,21,13,-24,-21,0,3,28,3,20,18,-26,-19,5,8,27,15,19,18,-27,-23,1,6,25,11,16,8,-25,-16,17,11,25,16,21,11,-28,-19,5,12,26,15,21
39.7800,10,-27,-20,4,15,29,14,18,7,-26,-24,4,4,14,10,18,9,-25,-23,5,5,26,14,26,14,-19,-20,4,10,25,2,20,20,-24,-18,3,8,25,14,19,16,-27,-19,1,6,27,13,16,15,-27,-18,14,10,27,11,19,15,-29,-23,0,6,28,16,16
39.8000,15,-29,-19,5,16,31,13,18,10,-26,-21,3,10,14,15,14,6,-24,-16,2,7,24,16,25,14,-21,-23,3,7,27,3,13,15,-26,-19,1,5,25,13,20,15,-29,-21,2,6,25,18,20,10,-25,-19,17,9,29,15,17,7,-23,-22,2,9,26,16,20
39.8200,12,-24,-21,4,14,32,17,20,9,-28,-21,1,10,17,12,18,11,-26,-19,7,8,25,12,25,13,-22,-22,2,11,25,2,17,16,-27,-18,4,10,25,14,18,16,-28,-20,0,6,26,16,18,10,-29,-22,12,8,27,15,18,10,-26,-23,-1,9,25,15,23
39.8400,13,-28,-20,4,15,30,11,18,13,-26,-20,4,12,15,14,23,7,-26,-18,6,6,22,14,28,5,-25,-22,-2,9,29,2,20,17,-27,-21,3,10,26,16,18,17,-29,-24,6,4,26,15,17,15,-25,-22,14,7,22,16,20,10,-27,-22,-1,9,25,17,17
39.8600,11,-28,-21,4,14,28,13,16,11,-21,-21,7,11,16,15,19,9,-25,-22,3,4,24,15,25,11,-21,-18,-3,13,24,1,20,18,-28,-23,5,12,28,13,22,18,-29,-22,3,2,24,18,17,8,-26,-20,16,7,25,18,25,14,-31,-23,-2,5,26,14,17
39.8800,14,-23,-20,2,10,31,11,18,13,-23,-22,0,8,12,15,18,10,-26,-20,5,7,22,14,23,14,-27,-22,4,12,29,-1,15,17,-25,-22,3,10,26,16,19,17,-29,-22,5,10,24,14,17,10,-26,-21,16,6,21,15,21,10,-25,-24,-4,10,25,15,17
39.9000,14,-22,-21,4,15,29,11,18,8,-26,-20,7,6,16,15,17,8,-27,-21,5,4,24,17,30,10,-24,-22,0,14,23,-1,20,16,-26,-21,3,13,24,15,15,13,-27,-23,2,10,26,13,19,12,-26,-19,16,8,23,16,17,13,-23,-20,0,4,23,13,22
39.9200,11,-24,-24,10,16,27,14,20,13,-26,-22,-1,5,17,12,24,14,-28,-22,3,10,22,12,26,12,-26,-16,1,11,27,-1,20,16,-28,-23,3,9,22,12,16,18,-25,-25,6,10,24,12,17,15,-27,-18,12,11,28,12,15,14,-26,-24,-2,9,24,11,21
39.9400,10,-26,-21,1,15,27,15,20,11,-29,-23,0,9,20,16,19,10,-25,-23,1,6,23,17,26,11,-22,-16,5,10,28,2,17,19,-28,-22,7,5,21,14,17,15,-29,-21,-1,5,27,16,19,10,-32,-22,16,9,21,16,16,12,-27,-22,-3,10,25,17,21
39.9600,16,-25,-17,-2,14,30,13,19,7,-29,-19,5,7,18,15,20,11,-24,-19,3,4,24,18,29,6,-24,-18,3,14,26,1,17,13,-31,-21,6,9,27,20,20,17,-31,-21,5,9,22,16,20,14,-25,-19,16,8,29,11,17,14,-25,-19,3,7,27,17,18
39.9800,12,-25,-20,4,14,30,16,23,9,-28,-21,4,10,13,15,21,9,-28,-20,-1,6,22,18,29,10,-19,-20,1,9,25,4,16,21,-25,-19,4,11,26,14,14,20,-33,-20,5,7,24,16,17,9,-25,-23,16,8,29,15,21,17,-23,-24,0,8,27,14,20
40.0000,14,-27,-16,4,17,26,13,14,11,-27,-18,7,9,15,15,19,10,-25,-26,5,7,24,16,29,15,-21,-20,2,7,23,0,20,16,-26,-21,4,6,21,17,19,16,-30,-20,6,10,26,18,17,12,-28,-19,14,9,29,17,19,14,-25,-22,-2,10,25,10,17
40.0200,9,-25,-19,2,14,26,15,19,9,-27,-18,4,6,18,15,20,11,-25,-21,6,6,22,14,29,11,-22,-20,2,8,28,-1,21,20,-28,-22,6,5,29,11,18,18,-27,-24,4,7,22,14,18,9,-23,-21,16,8,28,15,22,15,-27,-19,3,7,26,17,17
40.0400,14,-23,-19,8,17,28,16,19,13,-28,-17,4,9,16,10,22,11,-31,-17,1,11,25,17,28,14,-21,-18,4,8,30,-1,17,19,-29,-18,3,10,27,14,19,16,-26,-18,7,10,25,14,17,11,-24,-21,12,15,23,15,23,14,-25,-19,0,6,23,12,20
40.0600,10,-26,-16,5,14,28,16,16,15,-26,-15,1,11,14,14,21,10,-27,-20,7,9,22,17,28,11,-22,-23,4,9,27,3,19,17,-27,-21,1,12,26,20,21,19,-27,-15,4,10,25,16,19,17,-32,-21,15,7,23,15,22,16,-23,-21,3,10,29,9,21
40.0800,16,-27,-23,0,18,26,17,17,12,-26,-22,5,9,17,14,19,6,-26,-20,4,7,22,19,27,16,-26,-22,-1,9,23,4,22,18,-27,-23,3,13,22,13,25,17,-27,-20,2,10,25,13,19,10,-26,-19,17,10,27,13,22,15,-25,-22,4,12,26,14,18
40.1000,15,-27,-23,4,14,27,12,17,17,-28,-20,3,7,18,14,20,7,-25,-23,1,10,25,17,33,10,-26,-20,5,13,24,3,17,14,-28,-21,1,13,26,14,16,15,-29,-18,3,6,21,16,18,12,-28,-23,11,6,27,14,19,11,-26,-20,1,6,27,16,19
40.1200,9,-24,-24,5,20,31,14,21,12,-28,-22,4,10,17,15,18,11,-26,-19,4,8,23,12,26,10,-29,-21,4,10,23,5,19,18,-27,-22,2,11,23,16,18,20,-27,-19,-2,2,24,7,20,11,-24,-18,14,7,25,13,20,12,-24,-18,2,8,26,14,16
40.1400,14,-25,-22,5,17,29,15,24,15,-25,-17,4,9,15,14,25,11,-20,-20,-1,11,26,16,28,11,-24,-13,0,7,29,4,13,15,-28,-23,1,6,28,16,18,21,-28,-26,4,9,24,17,18,9,-27,-18,12,8,23,14,21,15,-25,-21,0,9,25,17,18
40.1600,12,-22,-20,1,15,27,13,20,13,-27,-22,3,12,16,14,18,9,-29,-21,2,8,29,18,29,15,-19,-24,5,10,23,7,18,17,-25,-26,3,10,25,13,20,11,-26,-20,4,6,25,15,22,14,-25,-20,18,8,26,15,17,10,-25,-22,1,8,25,14,22
40.1800,17,-26,-21,4,15,28,14,19,12,-28,-19,8,11,18,15,17,6,-27,-23,5,6,28,15,31,16,-22,-22,0,11,29,4,21,18,-30,-19,2,9,25,15,14,16,-27,-19,3,7,25,19,18,14,-28,-20,17,10,27,18,22,14,-22,-23,2,11,30,15,18
40.2000,7,-26,-22,7,18,29,10,21,14,-27,-23,4,7,16,16,16,9,-24,-23,1,6,26,14,27,9,-19,-17,3,10,21,8,25,16,-26,-23,4,10,28,16,18,18,-26,-21,7,6,21,15,20,8,-29,-19,18,5,27,16,22,12,-27,-22,1,13,28,15,16
40.2200,12,-23,-22,1,17,28,12,19,8,-32,-20,3,11,16,11,21,7,-26,-24,5,7,26,16,28,12,-25,-22,6,9,26,4,20,19,-27,-17,8,9,29,14,19,16,-26,-19,5,6,22,17,22,14,-25,-23,15,11,23,16,20,6,-26,-24,5,9,28,19,17
40.2400,18,-22,-21,3,18,30,15,19,9,-25,-26,4,10,19,12,23,11,-26,-23,1,8,20,12,31,17,-23,-22,0,13,31,0,18,15,-29,-25,6,10,30,17,16,21,-26,-22,6,6,28,14,16,14,-26,-19,17,11,28,13,24,17,-28,-25,4,8,22,19,21
40.2600,13,-26,-26,1,17,27,15,18,10,-23,-24,4,14,15,17,23,12,-31,-21,8,8,29,16,29,12,-21,-20,5,12,30,2,18,14,-25,-25,5,11,27,16,18,17,-28,-16,7,1,20,16,18,12,-26,-18,18,11,27,15,23,12,-28,-19,2,9,26,16,18
40.2800,12,-22,-21,5,17,27,15,20,9,-26,-22,0,12,17,16,18,8,-29,-22,3,4,28,12,29,15,-21,-13,11,11,24,5,25,18,-27,-22,5,10,28,16,20,16,-30,-20,3,9,23,15,22,17,-29,-22,20,12,27,16,18,15,-27,-21,7,8,23,16,20
40.3000,13,-25,-24,6,15,28,14,19,11,-30,-22,5,13,17,14,21,13,-24,-21,-3,8,29,14,26,14,-24,-18,3,12,31,7,20,18,-28,-21,5,8,25,17,21,18,-27,-21,5,8,24,14,20,12,-25,-25,11,10,24,13,24,16,-28,-20,0,7,23,14,16
40.3200,16,-25,-23,5,17,26,12,19,11,-27,-21,6,11,23,18,16,13,-22,-21,5,6,25,17,29,12,-22,-19,0,9,25,4,19,18,-31,-21,3,5,30,14,24,19,-23,-22,2,9,26,19,20,11,-28,-16,14,9,25,16,21,16,-27,-22,3,12,29,14,19
40.3400,10,-22,-24,1,20,29,10,18,10,-26,-22,7,8,16,13,17,10,-26,-23,3,8,24,17,29,13,-25,-23,4,11,30,4,22,17,-28,-19,0,15,24,13,21,15,-27,-25,8,9,22,15,18,14,-23,-17,11,9,24,14,19,13,-29,-24,1,11,23,15,20
40.3600,12,-22,-22,5,19,31,11,20,8,-27,-21,6,11,15,16,20,10,-22,-25,4,9,24,17,28,12,-24,-23,3,11,27,2,19,16,-31,-24,5,6,27,18,19,15,-28,-20,6,6,22,15,15,15,-29,-19,16,9,25,16,23,10,-26,-18,3,8,27,16,22
40.3800,15,-22,-18,8,19,27,15,18,13,-28,-22,3,12,16,16,21,7,-26,-21,0,10,24,18,27,17,-23,-24,5,9,25,4,15,20,-32,-21,4,7,27,18,22,20,-28,-22,9,14,21,14,22,15,-23,-20,15,12,25,18,20,10,-27,-21,-1,11,33,17,20
40.4000,16,-22,-22,6,18,25,12,22,11,-28,-19,2,12,15,19,19,8,-27,-21,3,10,28,18,29,10,-20,-24,6,12,22,1,18,16,-27,-20,3,12,26,17,19,19,-27,-23,5,10,21,15,22,15,-24,-26,14,10,27,15,26,11,-24,-22,3,13,24,15,17
40.4200,13,-23,-23,3,21,26,15,21,12,-30,-22,3,8,18,15,22,10,-25,-24,8,8,22,15,29,13,-21,-19,4,15,26,5,21,17,-28,-21,2,17,30,14,20,16,-26,-19,2,5,24,17,22,8,-28,-20,17,10,24,17,20,12,-24,-18,2,14,25,17,26
40.4400,16,-22,-21,6,13,27,12,21,10,-23,-20,4,13,16,15,20,11,-27,-22,4,9,24,16,28,16,-20,-20,5,10,29,6,22,16,-33,-23,5,8,27,17,22,19,-27,-22,5,9,25,20,21,16,-26,-23,15,13,26,12,24,11,-32,-23,2,6,25,14,17
40.4600,14,-26,-22,5,20,26,17,19,14,-29,-19,2,11,16,14,18,11,-23,-20,6,6,22,18,33,13,-25,-18,6,10,29,0,18,15,-29,-23,7,13,24,15,19,16,-25,-20,2,5,24,16,18,12,-21,-21,14,10,25,12,18,17,-24,-20,4,13,26,15,19
40.4800,14,-20,-26,5,17,29,17,24,11,-29,-21,3,10,13,15,22,8,-26,-22,5,8,24,16,28,17,-22,-23,5,9,25,6,20,15,-28,-20,3,12,22,17,23,17,-25,-22,6,2,21,18,26,14,-24,-17,17,11,25,15,18,11,-24,-23,3,14,27,14,21
40.5000,13,-22,-24,3,17,28,16,23,14,-26,-20,5,12,14,13,23,8,-22,-24,0,9,27,18,30,14,-21,-23,6,8,29,0,20,15,-25,-23,3,9,27,14,19,15,-25,-20,3,10,23,17,22,16,-29,-24,16,10,27,17,22,14,-25,-25,3,10,29,16,19
40.5200,15,-23,-15,3,16,28,15,17,9,-26,-22,3,11,12,16,20,10,-21,-21,3,11,27,16,30,15,-25,-25,0,11,28,1,22,21,-24,-21,3,10,28,13,20,18,-28,-25,1,9,27,17,16,9,-26,-23,15,8,20,16,23,15,-29,-19,3,8,26,20,16
40.5400,19,-22,-22,8,17,24,15,21,9,-26,-20,5,7,19,12,23,11,-22,-23,8,4,27,15,28,18,-23,-15,1,11,29,0,21,21,-27,-23,3,12,27,16,16,19,-27,-19,3,12,22,11,24,11,-25,-23,19,7,26,15,16,15,-26,-24,2,11,30,17,19
40.5600,13,-28,-20,4,18,28,13,18,6,-29,-19,4,9,18,16,23,14,-26,-20,6,9,20,15,30,13,-23,-20,5,9,22,2,22,15,-29,-19,4,10,30,14,21,20,-24,-23,2,8,25,12,22,12,-29,-15,14,6,28,17,21,14,-25,-23,1,10,27,16,23
40.5800,17,-25,-20,6,21,27,19,22,12,-28,-21,5,10,11,18,23,9,-25,-18,6,10,26,16,34,10,-24,-19,2,13,26,-1,24,20,-23,-21,5,12,28,16,17,18,-27,-18,7,4,26,15,24,13,-23,-23,15,12,25,16,20,14,-23,-22,6,9,30,17,20
40.6000,10,-24,-23,2,14,27,12,20,16,-26,-25,6,13,15,17,26,9,-28,-21,1,9,25,16,34,13,-22,-23,7,15,27,3,22,16,-26,-22,7,7,30,16,18,17,-32,-21,6,4,26,9,26,18,-24,-22,12,11,25,15,19,16,-27,-21,0,9,26,19,21
40.6200,13,-22,-22,4,18,28,19,21,12,-25,-19,6,20,18,17,22,10,-27,-20,3,11,26,14,29,11,-24,-23,3,15,26,0,20,13,-32,-17,5,10,27,16,20,22,-29,-24,4,8,23,18,21,14,-25,-23,18,9,24,16,23,13,-23,-23,5,10,26,14,21
40.6400,16,-19,-21,7,13,24,14,21,14,-30,-18,0,13,17,20,22,15,-24,-23,9,11,29,18,30,16,-22,-20,4,14,26,7,23,22,-28,-22,0,15,30,11,21,17,-23,-20,1,6,24,14,22,16,-22,-22,17,8,27,12,19,18,-23,-21,3,11,30,17,23
40.6600,14,-21,-23,6,20,28,16,25,15,-26,-20,5,16,16,16,22,8,-27,-24,3,12,25,14,34,16,-22,-21,7,13,24,4,23,24,-30,-21,1,12,26,16,14,18,-24,-19,2,7,23,15,21,19,-23,-26,13,10,25,14,19,14,-25,-19,4,12,26,12,22
40.6800,20,-24,-23,5,18,26,15,22,12,-31,-19,3,15,13,12,22,10,-30,-21,5,10,26,19,30,12,-24,-23,5,11,21,3,18,19,-31,-18,4,16,26,17,20,21,-28,-23,4,9,25,16,21,16,-23,-20,20,13,26,19,22,9,-26,-22,2,15,25,16,21
40.7000,16,-24,-19,7,21,27,18,19,17,-26,-21,7,12,17,17,20,6,-24,-21,1,8,27,15,32,18,-21,-27,1,11,30,-1,16,19,-31,-23,2,19,23,16,23,21,-23,-19,3,7,20,19,26,13,-30,-23,16,10,24,16,21,12,-27,-18,4,9,27,14,22
40.7200,14,-20,-19,5,18,31,18,19,17,-25,-22,5,11,21,13,24,9,-24,-19,8,12,29,16,29,13,-21,-20,4,18,24,7,20,19,-26,-20,7,12,29,14,19,22,-22,-17,4,5,25,16,21,13,-26,-21,15,9,26,14,26,15,-25,-19,4,11,25,15,23
40.7400,13,-19,-17,7,17,25,15,24,15,-29,-22,0,15,17,14,25,8,-25,-19,5,11,25,19,30,13,-18,-22,4,8,28,0,22,16,-27,-19,2,15,28,19,21,17,-23,-21,9,10,22,21,18,16,-28,-23,17,12,28,15,26,15,-28,-18,2,17,26,13,22
40.7600,15,-24,-22,4,18,26,19,24,11,-26,-19,4,11,15,15,24,11,-27,-22,4,10,25,18,32,16,-23,-23,5,13,28,5,20,15,-27,-22,5,12,27,16,18,18,-26,-21,3,7,22,20,16,10,-28,-27,15,12,25,18,21,13,-31,-26,3,11,25,19,23
40.7800,13,-22,-24,3,21,28,15,23,15,-31,-21,2,11,19,16,22,11,-27,-20,6,10,26,19,32,15,-26,-20,4,13,25,4,21,18,-30,-24,1,12,26,15,22,20,-24,-20,6,9,23,15,16,15,-28,-22,15,9,26,15,24,14,-28,-24,3,11,29,17,23
40.8000,22,-20,-21,4,16,24,18,25,14,-26,-20,4,13,19,14,21,7,-26,-21,5,9,29,15,36,19,-27,-22,7,13,24,0,26,13,-26,-18,5,13,28,19,21,21,-25,-19,4,5,20,11,21,17,-23,-20,16,10,25,15,18,18,-25,-20,1,10,26,6,22
40.8200,13,-21,-21,10,15,23,16,20,15,-29,-21,0,17,14,17,22,7,-28,-20,6,9,28,13,36,17,-21,-17,3,17,26,0,19,18,-30,-21,3,11,27,15,22,25,-29,-21,3,6,24,18,20,17,-28,-23,21,10,28,16,18,13,-23,-22,3,10,21,20,22
40.8400,16,-25,-21,3,16,26,14,18,17,-30,-25,6,11,15,18,26,14,-24,-24,6,9,25,14,36,17,-20,-21,3,13,23,2,21,15,-28,-22,4,13,26,14,22,15,-21,-20,4,9,25,14,19,18,-28,-22,16,12,26,15,21,17,-27,-22,4,10,27,15,23
40.8600,18,-18,-17,8,16,30,17,25,10,-28,-24,4,15,16,14,19,9,-21,-20,6,13,24,10,33,16,-24,-21,6,9,25,4,18,14,-30,-21,5,15,25,12,19,19,-23,-18,3,14,23,18,20,15,-26,-26,17,14,28,18,22,18,-22,-19,4,9,25,11,23
40.8800,15,-20,-24,6,15,26,19,27,17,-29,-20,3,13,15,15,24,7,-31,-25,3,10,28,15,33,17,-22,-24,7,12,26,7,21,20,-28,-22,8,15,27,20,19,20,-27,-23,9,8,27,16,21,15,-28,-24,20,14,27,17,33,11,-26,-21,4,11,22,16,22
40.9000,14,-24,-20,8,16,25,17,21,19,-27,-19,7,15,19,16,21,10,-23,-22,8,8,27,16,35,18,-25,-21,6,14,26,4,16,18,-25,-23,6,16,27,14,18,23,-27,-25,3,10,26,18,24,13,-23,-20,18,6,27,17,19,13,-28,-21,4,15,27,14,20
40.9200,18,-20,-24,4,15,28,17,20,11,-27,-19,8,15,17,14,23,9,-26,-23,4,12,30,16,32,12,-22,-20,5,11,22,8,23,19,-29,-17,6,16,28,18,21,22,-28,-26,6,12,28,16,20,14,-25,-22,22,12,25,20,21,16,-22,-23,5,11,26,19,21
40.9400,14,-22,-22,9,17,24,15,21,13,-28,-20,7,14,16,17,22,7,-27,-18,7,10,24,17,32,15,-21,-23,3,14,26,7,22,18,-29,-19,2,12,25,13,17,21,-28,-19,4,7,24,15,25,19,-27,-24,13,10,27,12,25,13,-25,-26,5,9,26,13,24
40.9600,12,-25,-25,5,20,27,16,21,16,-25,-22,4,14,20,18,21,13,-22,-23,3,9,24,18,34,16,-22,-23,4,12,23,3,22,21,-28,-24,4,11,30,11,22,21,-28,-21,4,8,26,13,26,16,-21,-20,18,12,25,14,20,15,-27,-22,5,16,22,14,24
40.9800,14,-23,-21,7,15,27,15,22,17,-28,-25,7,18,16,12,20,11,-25,-19,7,9,22,20,33,16,-20,-22,3,12,27,4,25,17,-23,-23,5,13,25,12,21,22,-24,-19,4,8,21,10,22,19,-26,-25,18,10,23,17,19,14,-27,-20,3,12,25,17,19
41.0000,17,-22,-20,5,17,25,18,23,13,-28,-17,4,14,14,14,21,10,-25,-21,5,11,25,20,33,16,-23,-18,0,16,25,0,20,19,-25,-23,2,14,27,17,15,20,-27,-21,6,5,26,15,24,9,-23,-23,14,11,23,14,25,19,-27,-22,4,12,27,13,19
41.0200,16,-21,-21,5,24,25,15,19,14,-28,-21,6,11,16,12,24,11,-31,-17,7,10,26,16,33,16,-16,-18,8,14,26,-2,17,15,-30,-20,1,12,25,17,17,19,-25,-22,4,6,27,16,25,10,-25,-22,20,12,27,15,23,17,-22,-17,9,15,28,15,19
41.0400,14,-20,-23,5,21,24,16,18,13,-29,-22,1,12,14,15,22,10,-28,-22,4,15,26,20,38,11,-23,-21,5,14,26,4,18,18,-24,-21,5,13,24,18,21,20,-27,-23,5,10,25,16,21,16,-29,-20,14,15,30,15,24,18,-27,-21,5,10,27,13,20
41.0600,19,-25,-21,6,17,26,16,21,13,-26,-21,5,12,15,14,24,9,-26,-20,7,11,26,19,31,15,-22,-22,4,12,24,7,23,18,-31,-19,4,8,23,16,21,23,-31,-21,3,8,26,15,19,17,-26,-24,19,9,27,12,19,16,-26,-19,1,12,29,13,24
41.0800,13,-23,-23,5,18,23,17,23,17,-27,-21,9,15,15,14,22,13,-29,-18,4,11,28,18,29,17,-22,-23,2,10,28,2,21,14,-26,-18,5,11,27,18,25,21,-26,-22,1,9,26,14,25,15,-23,-23,17,10,24,15,24,14,-23,-22,5,15,25,12,23
41.1000,13,-21,-23,3,20,20,19,19,12,-23,-17,6,17,20,15,23,10,-24,-17,4,10,22,18,37,16,-19,-20,6,8,25,2,29,19,-29,-24,5,13,26,11,21,17,-26,-18,6,9,23,15,21,17,-30,-24,19,10,23,17,26,14,-23,-20,4,12,26,16,25
41.1200,19,-21,-22,7,17,26,20,22,12,-29,-19,5,12,16,12,25,14,-25,-21,3,7,32,16,34,13,-25,-20,0,9,28,1,25,13,-25,-23,5,14,30,15,22,18,-25,-20,9,7,22,15,23,16,-25,-23,16,15,25,18,22,13,-26,-22,9,19,25,18,26
41.1400,17,-21,-22,7,20,27,18,22,14,-27,-19,5,15,16,16,19,8,-25,-22,4,8,26,18,36,14,-20,-23,6,15,25,2,24,17,-26,-22,7,13,28,16,20,21,-20,-19,5,11,22,14,20,15,-26,-21,14,17,26,15,21,15,-28,-21,8,16,27,14,24
41.1600,18,-18,-17,8,21,25,16,25,12,-25,-17,5,16,17,18,22,8,-25,-25,4,6,24,17,33,17,-23,-20,3,15,26,2,21,14,-24,-20,4,17,28,17,24,23,-27,-23,7,9,25,19,22,14,-23,-20,22,13,26,13,23,15,-25,-19,3,10,26,14,21
41.1800,12,-22,-20,1,18,24,16,22,12,-27,-20,5,17,21,13,25,10,-26,-24,5,9,23,18,34,14,-20,-22,6,14,32,1,25,18,-27,-26,2,8,29,11,25,21,-27,-29,4,4,26,14,26,15,-23,-23,20,12,31,12,23,9,-25,-21,6,14,25,16,24
41.2000,14,-18,-19,2,23,26,11,20,12,-28,-20,7,15,17,11,23,13,-28,-19,7,11,27,15,37,16,-22,-23,6,13,24,2,20,17,-29,-17,6,18,30,13,20,24,-21,-22,5,8,24,16,24,16,-24,-21,15,10,31,15,21,17,-27,-20,8,12,24,17,21
41.2200,15,-25,-19,7,24,24,18,22,13,-26,-18,4,14,10,20,23,10,-27,-22,7,13,32,15,33,16,-21,-21,6,14,27,4,26,17,-28,-20,2,19,28,15,22,18,-30,-22,1,9,22,14,22,15,-24,-22,21,15,24,17,24,16,-26,-19,4,9,26,14,24
41.2400,20,-23,-21,9,22,29,14,24,10,-31,-21,4,17,16,21,24,15,-27,-23,5,10,27,17,34,11,-20,-20,6,14,28,-1,22,17,-28,-22,6,16,29,14,19,17,-30,-20,5,8,23,13,23,9,-25,-19,17,11,26,17,27,15,-22,-20,3,13,31,16,23
41.2600,17,-22,-20,8,15,28,19,16,12,-29,-16,7,14,15,13,23,10,-26,-24,4,9,23,18,37,15,-22,-20,2,14,27,1,24,17,-23,-24,6,12,24,16,20,17,-26,-18,4,12,20,17,22,18,-21,-24,18,16,24,13,22,15,-25,-22,4,13,27,17,22
41.2800,18,-21,-20,4,19,29,17,20,16,-25,-23,9,13,16,19,25,15,-23,-21,2,8,27,16,38,21,-23,-20,8,19,26,6,17,19,-29,-20,9,13,24,13,25,18,-27,-18,4,9,22,16,25,17,-24,-25,18,15,27,17,19,17,-24,-26,6,13,26,17,24
41.3000,18,-27,-19,5,20,27,19,21,13,-29,-21,6,13,20,16,22,8,-24,-23,3,8,26,20,34,16,-21,-21,7,12,26,2,21,19,-26,-22,6,9,28,16,21,20,-26,-20,3,7,26,18,24,14,-23,-16,15,19,24,21,26,17,-29,-23,3,10,29,16,27
41.3200,17,-23,-19,5,20,26,21,21,14,-27,-19,7,12,19,15,20,12,-24,-23,7,10,26,15,39,16,-25,-23,7,7,24,2,20,11,-27,-22,4,13,27,17,25,22,-28,-24,3,11,25,13,22,13,-24,-24,16,9,23,15,26,11,-20,-19,6,15,26,16,24
41.3400,17,-26,-21,7,24,28,16,16,14,-28,-25,6,17,10,15,19,12,-21,-21,2,10,26,17,36,16,-22,-18,5,12,26,5,25,15,-30,-21,4,14,28,21,21,23,-29,-20,7,14,23,15,26,13,-23,-24,17,16,25,13,23,15,-25,-23,7,14,23,12,25
41.3600,15,-21,-23,6,20,26,16,20,11,-28,-20,5,13,21,21,24,13,-23,-23,7,13,22,18,36,18,-18,-20,7,9,26,6,27,19,-27,-23,3,18,26,12,18,21,-28,-20,5,8,20,13,26,14,-26,-27,14,16,25,16,27,13,-27,-22,8,12,31,16,20
41.3800,13,-18,-20,0,17,28,15,24,15,-24,-23,9,17,15,15,23,12,-27,-20,4,10,27,19,39,23,-21,-25,5,12,25,3,24,16,-25,-21,4,17,24,14,20,24,-23,-21,8,9,25,17,24,12,-25,-24,18,8,26,13,27,13,-25,-23,4,12,27,19,24
41.4000,16,-19,-20,5,18,25,17,26,10,-26,-18,9,14,16,16,23,14,-20,-19,5,13,28,20,34,16,-22,-18,3,14,24,1,20,16,-28,-21,2,14,29,15,22,26,-23,-18,5,12,23,21,24,16,-25,-26,15,16,23,14,22,18,-24,-21,4,17,26,16,25
41.4200,11,-22,-24,7,21,25,19,21,13,-23,-22,5,18,17,14,26,12,-27,-23,3,10,28,17,35,16,-21,-15,5,16,26,5,21,17,-30,-20,2,14,24,18,20,22,-30,-21,6,11,27,19,27,11,-26,-23,17,12,24,13,22,19,-26,-24,9,14,27,17,26
41.4400,21,-23,-21,6,17,22,17,25,12,-25,-21,6,18,15,14,23,10,-25,-20,5,10,27,21,34,17,-22,-21,7,16,27,8,22,14,-25,-20,8,12,27,16,19,22,-25,-21,3,9,26,17,23,15,-26,-18,16,12,28,17,20,16,-29,-19,3,17,26,16,25
41.4600,18,-20,-21,3,17,25,19,27,14,-28,-22,7,17,19,20,24,8,-26,-22,3,11,28,19,34,16,-23,-16,4,15,28,4,23,19,-23,-17,3,18,26,19,21,24,-26,-24,6,11,25,12,20,16,-26,-22,18,13,27,12,25,20,-26,-18,8,15,26,12,20
41.4800,15,-17,-21,7,22,27,14,23,12,-25,-26,8,16,18,15,27,12,-23,-23,4,11,27,20,35,18,-23,-22,9,12,25,3,25,13,-28,-23,6,13,27,16,23,17,-23,-19,5,9,23,18,25,16,-26,-23,16,10,27,15,26,15,-29,-23,10,15,28,19,24
41.5000,14,-18,-21,3,21,27,24,22,14,-28,-25,5,12,18,15,19,13,-27,-21,7,7,24,18,34,16,-26,-19,5,12,29,5,20,20,-30,-23,4,11,26,14,23,21,-24,-21,6,12,22,17,28,16,-23,-21,16,13,24,17,25,17,-26,-19,3,13,26,17,23
41.5200,13,-19,-22,7,23,29,18,22,16,-22,-19,6,18,19,21,22,12,-27,-21,9,9,25,17,33,16,-23,-21,10,18,22,5,23,14,-25,-19,5,13,28,17,23,17,-27,-20,4,11,24,18,27,14,-25,-21,16,15,28,17,22,18,-25,-17,2,17,23,18,23
41.5400,19,-21,-21,8,19,28,17,22,13,-24,-15,-1,16,20,21,24,7,-26,-24,9,13,25,13,37,18,-24,-21,3,13,31,4,27,19,-27,-22,8,14,28,13,23,17,-28,-19,9,11,27,12,28,18,-22,-21,20,14,30,13,20,17,-24,-19,8,12,28,15,25
41.5600,13,-23,-23,7,16,24,17,20,15,-25,-22,6,13,20,14,24,12,-27,-22,6,12,26,18,38,21,-22,-21,9,13,24,3,21,15,-24,-21,7,17,28,8,25,21,-26,-22,8,12,24,15,26,17,-23,-23,21,12,27,18,24,20,-28,-22,5,19,29,15,26
41.5800,18,-21,-19,4,18,27,21,21,13,-25,-23,7,16,13,17,26,8,-25,-21,3,14,24,17,36,17,-19,-21,7,13,27,4,21,14,-27,-20,10,11,29,19,23,22,-27,-19,6,8,25,17,25,16,-28,-27,11,13,26,15,25,18,-22,-22,5,13,26,17,25
41.6000,22,-21,-23,8,24,28,21,20,16,-25,-21,6,16,14,19,25,11,-24,-20,10,11,26,20,38,20,-23,-23,5,15,26,5,25,17,-28,-21,11,11,23,15,18,23,-22,-17,8,9,22,16,23,14,-28,-20,16,11,25,19,25,18,-23,-19,3,15,26,14,21
41.6200,15,-19,-22,5,21,26,18,25,17,-25,-23,1,19,18,12,21,14,-25,-24,9,5,27,22,35,18,-23,-19,6,17,25,1,24,17,-27,-18,4,17,27,14,25,21,-23,-20,2,14,20,16,21,18,-26,-21,17,14,23,14,25,17,-27,-17,5,16,25,19,23
41.6400,15,-15,-21,7,21,27,17,21,16,-25,-17,3,12,17,13,24,13,-24,-19,9,14,22,17,34,15,-24,-19,9,15,27,6,22,15,-27,-17,9,18,28,17,24,17,-23,-22,4,11,24,18,28,17,-27,-20,20,13,27,14,24,18,-24,-17,7,14,24,16,24
41.6600,19,-20,-25,6,21,29,20,23,17,-28,-24,5,17,19,16,23,12,-20,-23,5,11,27,18,35,16,-20,-19,8,14,21,5,25,18,-26,-23,5,16,27,19,17,21,-22,-21,4,11,22,19,26,15,-24,-17,23,14,24,18,23,16,-21,-22,9,19,25,17,24
41.6800,17,-17,-23,5,21,29,19,20,14,-28,-23,5,22,17,14,24,13,-26,-22,4,13,26,20,33,17,-21,-22,6,13,23,6,25,17,-20,-23,9,15,30,17,23,21,-24,-21,4,12,27,11,23,19,-22,-17,16,11,24,17,21,16,-27,-21,7,16,27,16,26
41.7000,17,-17,-18,7,23,26,15,20,12,-26,-20,3,20,16,13,24,10,-28,-19,9,9,24,22,36,20,-18,-17,5,12,27,6,25,15,-28,-17,11,23,29,14,21,19,-24,-15,6,10,25,17,23,15,-25,-23,23,14,27,15,25,23,-25,-22,6,17,27,17,26
41.7200,18,-23,-18,4,22,24,15,23,16,-28,-23,5,16,18,17,24,12,-22,-22,8,15,27,19,37,23,-21,-21,7,12,22,5,24,18,-29,-22,7,14,29,13,18,20,-23,-23,8,14,24,13,28,16,-25,-17,19,13,28,19,24,19,-25,-23,8,12,26,17,23
41.7400,18,-23,-18,8,24,26,17,24,12,-25,-24,6,16,18,15,24,11,-25,-25,5,12,26,20,36,18,-22,-17,6,15,25,0,24,15,-25,-22,4,14,31,11,22,19,-24,-25,4,14,24,13,25,14,-25,-24,17,14,25,20,27,15,-19,-20,5,14,25,16,23
41.7600,14,-22,-18,1,22,28,20,21,16,-21,-21,5,14,14,11,21,14,-26,-19,10,13,25,15,36,18,-24,-21,7,12,29,5,23,15,-29,-19,7,17,26,13,22,24,-26,-22,9,13,23,19,24,19,-29,-20,18,15,29,19,26,15,-23,-18,9,17,26,16,21
41.7800,21,-24,-20,7,23,34,17,23,14,-23,-19,6,15,20,15,29,10,-24,-21,9,13,30,13,35,17,-19,-17,9,14,25,7,22,20,-22,-20,7,13,28,16,21,18,-28,-22,9,12,27,11,26,16,-24,-24,21,17,25,18,23,18,-23,-20,10,17,27,18,28
41.8000,19,-22,-19,3,24,29,17,27,15,-20,-21,7,17,17,16,25,16,-31,-24,7,12,30,17,40,17,-23,-22,7,17,26,3,21,15,-24,-22,7,17,26,16,23,18,-22,-21,1,13,23,18,24,13,-26,-20,22,18,24,17,28,19,-26,-25,6,15,31,17,23
41.8200,20,-24,-21,6,24,29,21,23,17,-24,-19,3,16,13,13,24,15,-25,-21,9,9,26,22,37,13,-20,-16,5,12,27,4,24,17,-24,-18,8,13,28,16,24,17,-22,-18,4,13,29,18,24,17,-22,-26,23,14,26,19,23,18,-26,-19,5,10,27,18,24
41.8400,11,-21,-21,7,19,25,15,24,13,-27,-19,5,16,18,14,25,9,-25,-18,8,15,26,20,38,22,-21,-18,4,18,26,6,26,15,-29,-18,6,16,25,15,25,16,-26,-17,6,11,27,14,27,18,-24,-18,19,16,26,16,27,17,-23,-17,3,9,27,16,26
41.8600,20,-18,-18,5,28,27,20,29,18,-26,-23,9,17,19,16,23,13,-23,-19,9,11,33,21,35,18,-22,-20,5,13,29,2,23,19,-22,-21,8,16,28,16,20,19,-26,-22,10,13,28,12,27,24,-23,-23,17,15,32,13,26,20,-24,-19,2,10,21,20,23
41.8800,17,-20,-23,8,22,22,21,24,16,-25,-19,7,18,18,13,24,11,-29,-16,7,9,30,15,35,17,-23,-21,7,12,22,3,22,16,-27,-23,3,15,28,14,22,21,-27,-18,9,10,22,22,25,18,-21,-21,18,17,26,15,26,13,-26,-21,6,13,25,14,30
41.9000,17,-17,-23,4,26,25,18,24,15,-20,-22,10,13,16,18,21,13,-25,-23,3,9,28,15,39,17,-17,-21,9,13,24,5,24,23,-26,-18,6,18,28,13,26,20,-26,-21,3,9,23,16,25,20,-24,-21,15,11,24,20,28,15,-21,-19,3,12,25,19,24
41.9200,14,-24,-20,4,26,26,19,25,11,-22,-21,4,16,18,17,25,15,-27,-18,3,13,24,19,38,20,-25,-22,7,12,21,3,25,16,-25,-22,8,13,27,18,23,19,-24,-23,8,10,25,18,23,15,-28,-22,19,14,24,16,25,20,-26,-22,5,14,27,16,26
41.9400,18,-24,-18,5,22,27,22,26,16,-24,-26,9,18,14,18,22,14,-30,-21,9,12,24,18,37,19,-20,-23,6,9,21,4,20,17,-25,-20,6,15,26,17,23,21,-27,-21,6,11,26,14,26,18,-23,-22,14,18,25,17,24,16,-21,-16,5,19,30,13,25
41.9600,17,-22,-24,6,23,28,22,28,16,-25,-21,5,21,13,14,24,12,-23,-19,6,11,27,19,36,18,-19,-24,7,16,26,5,26,19,-25,-21,4,15,28,14,24,15,-29,-25,5,14,26,14,26,18,-24,-22,22,12,27,17,28,15,-26,-20,1,15,27,16,22
41.9800,17,-20,-21,7,20,25,14,27,12,-27,-19,7,16,17,17,24,9,-26,-17,8,16,28,18,41,16,-21,-21,9,16,28,3,27,14,-20,-20,8,18,25,16,28,18,-24,-24,7,8,25,16,25,15,-23,-20,22,18,24,17,25,17,-25,-18,1,13,32,13,24
42.0000,19,-23,-24,4,22,29,20,26,23,-26,-19,5,18,18,15,27,8,-26,-18,3,14,27,15,39,16,-23,-21,3,17,28,11,26,19,-27,-20,8,19,22,17,25,18,-24,-20,6,15,26,16,24,18,-28,-21,22,15,27,16,23,18,-26,-23,4,17,28,15,28
42.0200,18,-23,-22,5,25,27,18,27,15,-22,-23,7,17,14,20,23,6,-26,-24,8,10,23,18,40,18,-23,-21,4,12,25,8,25,20,-23,-22,1,15,28,12,24,16,-21,-20,6,9,25,16,26,18,-22,-23,18,14,25,18,23,17,-27,-19,7,10,29,13,28
42.0400,14,-24,-22,6,26,29,20,25,15,-22,-22,7,14,17,15,25,13,-25,-26,8,13,30,13,38,20,-23,-18,3,11,22,4,28,18,-26,-23,4,18,29,13,21,21,-25,-20,8,16,28,16,25,20,-27,-19,20,18,20,17,22,19,-26,-20,7,15,27,15,26
42.0600,14,-22,-26,10,24,24,18,25,18,-21,-21,5,21,19,12,23,17,-24,-21,9,10,27,15,39,17,-21,-19,5,16,22,5,25,16,-24,-20,4,14,29,19,26,19,-24,-20,5,10,26,20,22,17,-21,-22,19,16,25,17,21,15,-22,-23,5,15,26,16,27
42.0800,19,-20,-20,6,20,25,19,23,14,-22,-19,10,18,19,19,24,12,-28,-19,12,11,28,17,39,19,-20,-21,3,13,23,9,25,18,-26,-19,5,15,26,15,24,21,-24,-19,8,5,27,17,24,15,-21,-22,22,14,24,15,25,19,-25,-23,6,15,24,18,25
42.1000,14,-21,-20,8,22,26,15,26,15,-20,-19,9,18,16,15,26,12,-27,-22,11,12,28,16,39,21,-24,-20,3,12,27,2,28,16,-27,-25,9,18,26,10,25,24,-21,-19,6,12,25,16,25,20,-21,-24,20,15,24,20,24,15,-21,-20,5,16,31,16,21
42.1200,17,-21,-18,11,25,30,20,28,16,-22,-25,6,23,15,18,26,12,-29,-20,9,17,29,19,38,18,-21,-20,8,14,22,4,26,16,-28,-19,5,14,28,17,23,20,-26,-21,9,13,29,17,25,11,-26,-21,23,12,21,15,21,21,-24,-20,6,14,26,14,26
42.1400,17,-23,-21,7,20,22,18,27,16,-23,-15,6,20,13,16,24,16,-20,-22,11,12,29,15,39,18,-18,-21,8,13,25,4,25,16,-27,-21,6,16,28,14,23,25,-29,-23,5,12,30,14,25,15,-23,-23,25,13,24,17,27,19,-25,-17,5,18,24,16,24
42.1600,17,-17,-20,8,26,28,20,26,20,-26,-23,8,17,22,12,21,14,-24,-19,8,10,29,15,39,20,-23,-19,9,17,22,9,19,21,-24,-18,9,16,25,17,28,24,-21,-17,6,10,29,14,30,14,-23,-21,21,16,25,16,25,17,-23,-21,9,13,29,16,28
42.1800,12,-20,-21,9,24,22,22,21,15,-23,-22,2,15,15,15,24,16,-27,-17,6,11,30,16,41,20,-23,-22,7,14,25,2,27,23,-26,-21,8,14,28,16,24,22,-20,-16,6,13,25,16,26,18,-22,-22,22,15,25,20,23,22,-23,-22,9,15,25,19,31
42.2000,18,-25,-21,8,22,25,22,23,21,-23,-18,4,16,16,16,24,15,-25,-20,6,16,28,18,34,18,-23,-20,8,19,27,11,19,18,-23,-19,10,16,24,16,26,21,-24,-21,7,9,24,19,28,20,-23,-18,18,11,23,15,28,15,-24,-25,8,17,27,16,23
42.2200,17,-22,-23,8,22,27,21,25,17,-21,-21,11,21,18,15,24,11,-20,-20,10,12,28,20,38,19,-22,-20,4,14,23,9,29,17,-27,-20,8,18,22,17,24,20,-21,-20,7,11,21,16,27,16,-25,-19,23,14,28,17,25,21,-23,-17,5,15,29,22,24
42.2400,15,-19,-22,6,20,25,21,29,17,-29,-23,6,19,19,14,27,10,-24,-23,8,11,27,18,38,19,-26,-22,5,15,23,6,25,14,-26,-22,4,15,27,15,25,19,-24,-25,11,9,28,17,25,21,-22,-23,23,14,26,16,29,9,-25,-21,5,11,28,14,27
42.2600,15,-20,-26,7,19,31,16,26,19,-24,-19,8,13,17,17,21,13,-26,-19,3,11,25,18,36,18,-17,-22,10,15,24,2,25,19,-28,-18,7,10,27,15,25,24,-24,-20,12,11,26,20,30,17,-22,-22,21,14,22,12,25,20,-24,-19,1,19,24,14,24
42.2800,22,-20,-20,7,23,29,23,27,15,-22,-22,8,20,18,15,25,16,-27,-22,5,16,30,19,37,20,-21,-21,8,10,25,7,22,15,-26,-25,7,14,28,16,28,21,-23,-21,9,16,26,13,25,18,-23,-17,22,14,25,20,25,19,-20,-22,10,15,30,14,28
42.3000,17,-23,-18,9,23,23,20,26,17,-23,-21,6,17,15,15,22,13,-26,-19,11,10,31,18,41,15,-20,-20,9,13,25,3,26,19,-24,-24,9,16,28,19,21,18,-26,-21,6,12,23,21,26,17,-20,-19,23,17,30,17,27,13,-20,-20,3,14,25,15,22
42.3200,16,-20,-23,11,21,25,22,26,15,-23,-18,8,18,15,16,22,17,-23,-18,9,11,28,21,36,17,-23,-19,7,17,23,5,25,18,-23,-18,3,16,29,16,31,19,-27,-18,9,15,26,19,26,17,-21,-26,21,14,26,18,22,18,-24,-21,6,20,26,17,21
42.3400,14,-21,-19,8,23,28,18,28,17,-21,-21,3,17,15,18,27,17,-29,-18,6,15,29,21,40,17,-21,-20,6,17,26,7,26,21,-24,-17,7,13,25,14,28,21,-23,-20,9,11,26,18,28,22,-21,-28,22,13,30,17,27,19,-29,-24,8,15,25,18,32
42.3600,17,-22,-18,8,21,30,22,27,15,-25,-18,7,17,17,15,24,15,-23,-21,5,12,25,15,41,16,-18,-22,7,17,21,3,24,20,-28,-19,7,14,29,17,26,20,-27,-18,5,14,23,18,26,17,-24,-22,20,20,30,17,24,17,-25,-18,5,18,30,21,27
42.3800,19,-20,-20,9,25,23,21,31,12,-22,-21,5,19,17,12,24,12,-20,-21,8,15,25,18,36,16,-21,-21,6,15,24,11,24,20,-19,-17,9,18,26,15,28,22,-24,-20,2,11,27,16,26,14,-22,-24,21,18,23,15,27,18,-21,-21,7,13,24,20,28
42.4000,17,-22,-24,10,25,26,21,26,16,-23,-20,4,21,19,13,25,10,-28,-19,7,15,27,21,40,18,-22,-19,6,18,24,2,26,19,-20,-15,9,18,28,16,24,23,-23,-16,6,15,28,12,26,21,-24,-26,20,18,27,18,25,17,-24,-21,8,17,25,23,28
42.4200,18,-19,-21,10,26,22,23,24,14,-22,-23,7,16,18,13,20,12,-26,-23,10,11,27,18,43,20,-21,-20,6,15,25,4,26,17,-24,-26,8,11,22,15,30,24,-22,-19,6,14,29,15,23,16,-23,-24,23,15,28,19,22,16,-23,-15,12,15,23,12,28
42.4400,17,-19,-19,7,23,20,20,22,17,-21,-20,10,18,16,15,22,15,-23,-21,5,16,25,19,38,16,-20,-18,5,15,21,0,28,17,-23,-20,10,16,23,17,26,19,-25,-21,9,14,24,17,22,16,-26,-21,22,16,25,22,24,16,-26,-22,8,17,23,18,29
42.4600,17,-22,-21,6,25,30,21,25,15,-27,-23,5,19,17,16,27,17,-24,-18,7,15,26,15,35,17,-20,-23,11,13,27,7,25,14,-21,-22,11,15,27,17,27,19,-26,-21,8,14,25,21,33,16,-27,-26,22,14,23,18,30,23,-20,-23,8,12,22,13,28
42.4800,17,-24,-20,5,25,28,21,25,10,-24,-18,4,15,15,12,24,12,-30,-16,6,15,27,17,41,21,-17,-21,12,12,26,5,26,18,-22,-26,11,17,30,15,28,24,-24,-19,7,16,24,15,27,19,-19,-17,23,20,28,15,26,19,-23,-19,5,14,28,15,24
42.5000,15,-22,-21,6,24,26,20,24,19,-21,-18,8,15,16,10,25,19,-22,-20,9,15,32,18,42,22,-26,-20,10,15,24,5,30,14,-23,-25,9,16,27,13,27,19,-25,-21,4,14,23,16,29,16,-19,-19,20,13,28,16,24,17,-23,-18,5,19,27,20,25
42.5200,19,-26,-20,6,27,29,22,27,14,-24,-19,5,20,19,15,23,17,-21,-16,10,15,28,20,37,21,-21,-19,11,16,25,6,25,18,-23,-19,4,15,27,15,30,27,-19,-20,7,12,23,19,28,16,-23,-23,22,15,25,13,27,20,-24,-21,9,17,24,17,28
42.5400,16,-22,-22,7,21,30,21,29,17,-21,-27,9,19,16,17,26,16,-31,-18,6,17,30,22,39,17,-27,-20,3,13,27,5,29,18,-25,-15,9,16,27,13,25,19,-27,-22,6,15,29,14,28,17,-25,-20,21,12,25,18,26,17,-26,-28,4,15,22,21,27
42.5600,19,-22,-23,9,19,28,19,24,21,-24,-18,6,18,19,19,25,15,-26,-21,9,15,29,19,36,20,-25,-16,4,12,28,4,26,19,-25,-23,7,15,25,15,29,23,-27,-22,11,19,27,20,30,20,-22,-21,23,17,25,16,26,25,-25,-25,7,14,29,13,27
42.5800,13,-20,-20,9,26,25,18,27,18,-26,-22,6,14,17,14,26,14,-21,-18,10,12,28,24,41,16,-23,-22,9,14,23,5,23,18,-26,-19,6,16,23,9,33,22,-28,-22,4,10,25,11,26,21,-22,-20,23,19,25,16,30,15,-27,-24,5,14,25,16,26
42.6000,20,-20,-26,6,24,25,15,26,18,-21,-18,10,20,17,15,29,13,-23,-24,4,15,27,19,40,22,-19,-20,8,13,23,6,28,16,-22,-20,9,16,24,15,25,17,-27,-20,8,12,31,15,27,14,-22,-21,25,19,23,17,24,14,-17,-19,8,11,21,19,29
42.6200,20,-23,-18,10,23,27,19,27,17,-19,-24,12,18,16,16,26,12,-21,-20,8,15,28,19,39,18,-17,-21,7,15,23,2,30,20,-26,-21,4,16,24,13,26,17,-24,-23,10,12,29,15,24,17,-20,-23,23,19,28,17,30,18,-23,-17,7,12,22,13,30
42.6400,20,-18,-21,7,21,30,23,28,20,-25,-18,9,17,20,12,29,17,-24,-20,8,15,27,16,37,17,-24,-20,4,12,25,3,27,16,-22,-19,5,14,24,18,29,21,-21,-19,8,13,26,16,29,23,-20,-23,26,22,26,16,24,18,-23,-21,7,21,27,21,26
42.6600,16,-23,-21,5,24,25,18,27,18,-19,-22,7,15,16,16,24,16,-27,-19,10,10,26,18,42,19,-25,-18,8,13,27,10,28,19,-25,-19,5,14,25,15,32,20,-28,-24,8,16,27,19,30,21,-25,-21,25,20,31,14,28,17,-18,-22,6,18,23,17,29
42.6800,16,-23,-20,7,22,29,20,27,20,-21,-18,11,20,19,15,29,12,-25,-20,7,16,26,16,43,21,-18,-16,8,18,26,6,27,19,-23,-23,7,15,26,16,27,21,-25,-17,6,14,27,18,28,21,-24,-25,29,17,23,14,28,16,-20,-21,6,14,28,13,32
42.7000,14,-21,-17,8,21,26,14,31,19,-22,-18,6,17,12,15,28,15,-21,-16,9,10,28,16,36,23,-20,-19,9,15,26,7,28,16,-24,-19,6,16,23,15,28,17,-32,-17,12,18,29,19,27,15,-23,-25,26,15,29,22,25,23,-25,-22,10,17,22,19,27
42.7200,19,-22,-17,8,22,26,22,31,20,-21,-25,7,17,18,16,25,12,-25,-18,7,16,28,20,42,17,-22,-15,10,13,26,6,25,17,-23,-19,8,15,28,16,29,23,-28,-17,11,11,26,16,30,20,-21,-22,26,16,23,17,27,14,-21,-20,11,15,26,16,26
42.7400,16,-20,-19,10,24,28,20,30,16,-22,-17,6,20,19,19,29,14,-24,-18,6,18,30,20,43,17,-26,-17,3,18,23,4,30,16,-24,-21,13,22,26,14,31,22,-27,-17,8,13,31,15,31,20,-22,-21,23,17,27,14,30,18,-26,-20,6,15,28,14,32
42.7600,15,-26,-18,5,21,26,23,28,19,-20,-23,9,16,17,18,31,15,-21,-19,10,14,32,21,41,15,-20,-19,9,12,24,4,24,22,-27,-21,8,19,26,16,30,24,-21,-16,12,12,31,15,28,18,-23,-16,18,15,28,16,28,18,-24,-18,4,17,27,16,28
42.7800,16,-20,-20,11,22,26,22,25,18,-24,-20,6,18,17,18,27,14,-22,-22,8,13,28,20,44,25,-15,-16,9,16,27,7,28,18,-19,-19,7,12,26,15,31,22,-24,-15,8,16,24,14,28,18,-27,-20,23,17,28,16,26,23,-20,-19,3,17,27,18,25
42.8000,17,-24,-19,10,20,26,23,25,17,-18,-22,12,13,15,17,28,14,-21,-18,5,14,25,16,38,18,-21,-20,7,12,22,8,28,16,-23,-19,15,13,22,19,28,24,-25,-15,9,11,30,21,30,18,-25,-21,23,18,25,17,29,17,-23,-22,9,17,25,17,28
42.8200,21,-23,-20,10,21,26,17,26,14,-21,-20,6,16,16,13,27,13,-22,-22,4,17,29,16,45,21,-19,-22,6,13,22,5,28,16,-24,-17,10,15,27,10,32,22,-24,-22,10,13,28,14,27,16,-24,-15,25,17,27,19,27,21,-25,-21,4,19,28,20,27
42.8400,19,-22,-18,6,25,25,21,29,14,-20,-19,6,22,13,16,26,17,-26,-13,10,20,26,23,37,15,-24,-18,5,15,25,4,25,17,-22,-26,5,15,23,16,34,21,-29,-15,7,12,31,15,31,22,-23,-22,26,18,29,21,30,16,-24,-22,12,17,25,23,29
42.8600,17,-20,-21,6,26,30,18,30,24,-24,-21,8,17,17,13,30,11,-23,-19,9,16,32,21,40,19,-22,-19,6,12,24,8,24,20,-24,-19,3,19,24,17,28,22,-28,-15,10,15,23,20,28,22,-27,-23,26,18,28,17,31,20,-23,-26,9,21,28,18,28
42.8800,18,-25,-19,9,23,25,21,29,16,-20,-21,7,15,16,15,28,17,-26,-21,9,17,28,21,41,25,-23,-21,9,9,20,7,26,15,-21,-20,5,18,27,13,27,19,-27,-23,9,17,27,19,27,20,-29,-22,23,14,22,16,31,16,-25,-22,7,17,28,17,30
42.9000,18,-21,-23,10,23,26,20,28,20,-21,-20,10,21,17,16,29,19,-20,-20,11,16,28,22,40,21,-20,-20,8,19,27,2,27,17,-22,-19,8,16,19,14,30,18,-30,-18,9,17,27,19,33,20,-22,-22,24,20,22,17,25,21,-22,-21,10,19,29,17,26
42.9200,19,-19,-18,7,24,25,21,32,18,-22,-18,6,17,17,15,28,15,-25,-22,7,17,28,20,36,21,-19,-16,8,16,25,3,24,20,-22,-13,12,20,25,18,32,19,-23,-19,11,12,31,15,30,22,-28,-18,23,19,28,17,25,14,-24,-22,8,19,30,17,27
42.9400,18,-21,-23,6,25,27,25,31,20,-21,-19,5,20,17,13,30,17,-24,-21,5,18,30,24,42,22,-22,-19,9,14,21,11,28,22,-17,-22,9,17,24,19,28,21,-22,-20,9,15,27,17,30,18,-22,-19,21,18,27,12,33,19,-23,-18,8,19,26,19,29
42.9600,20,-22,-23,9,23,27,17,34,20,-18,-21,8,20,14,16,25,18,-24,-22,8,13,32,19,38,22,-20,-20,13,15,21,8,26,20,-19,-22,11,15,27,16,31,18,-26,-18,7,18,24,13,30,21,-27,-21,19,19,26,22,22,18,-23,-22,7,16,27,8,26
42.9800,22,-23,-20,8,30,27,22,35,19,-19,-19,8,19,18,13,29,17,-22,-17,10,20,25,22,43,17,-22,-16,10,13,22,7,23,25,-22,-20,6,19,22,12,29,18,-30,-25,7,13,31,20,31,21,-26,-21,27,19,28,22,29,19,-17,-21,9,15,27,17,28
43.0000,21,-22,-22,9,25,28,22,27,13,-22,-24,9,19,15,15,27,15,-24,-21,11,15,31,19,40,21,-23,-17,7,13,25,8,27,24,-19,-19,9,17,26,18,28,21,-22,-21,10,15,29,11,26,22,-26,-25,25,17,25,18,30,17,-20,-20,5,20,27,14,28
43.0200,24,-21,-20,8,24,26,23,30,23,-17,-21,6,18,12,12,30,15,-27,-22,8,16,26,18,39,21,-22,-21,9,18,23,1,25,23,-18,-17,6,19,24,14,30,19,-23,-20,10,15,26,16,32,21,-22,-21,26,14,26,16,28,22,-27,-18,8,14,29,19,26
43.0400,18,-18,-19,8,22,30,23,30,16,-22,-18,8,17,14,18,28,16,-27,-21,7,17,26,18,43,19,-21,-19,6,16,23,5,30,25,-23,-20,8,17,23,14,31,20,-20,-18,8,13,33,16,31,21,-23,-21,24,18,26,14,26,16,-20,-25,5,16,27,15,29
43.0600,20,-19,-16,9,24,30,25,27,22,-19,-18,9,19,18,14,26,19,-25,-17,12,18,27,22,39,23,-24,-19,9,14,26,4,28,25,-20,-20,11,18,29,18,29,24,-21,-22,8,14,26,18,27,18,-23,-23,20,17,29,21,30,16,-18,-20,8,18,28,17,31
43.0800,21,-21,-19,11,26,28,22,32,20,-23,-17,7,20,17,12,25,16,-28,-20,3,18,25,22,41,20,-23,-21,11,17,25,9,30,30,-24,-13,5,14,27,15,29,24,-30,-16,5,17,28,19,30,16,-20,-21,20,18,24,18,31,19,-20,-21,10,14,28,23,30
43.1000,17,-25,-21,4,24,26,19,30,14,-19,-22,9,17,19,12,24,15,-23,-14,5,16,32,19,40,18,-18,-18,9,15,24,5,28,27,-23,-21,6,18,30,12,31,22,-23,-22,3,12,30,13,28,23,-22,-22,21,16,28,20,32,20,-19,-23,9,17,30,20,29
43.1200,21,-25,-20,9,24,29,20,31,17,-19,-21,13,23,19,17,31,15,-26,-21,7,12,28,20,40,21,-27,-22,11,18,22,5,29,26,-25,-18,12,17,24,16,31,24,-21,-23,8,20,27,15,25,20,-29,-21,26,17,24,19,30,18,-21,-18,9,20,27,16,32
43.1400,20,-23,-21,8,19,28,16,32,17,-18,-21,11,20,20,13,30,17,-25,-19,12,18,31,18,42,17,-21,-19,11,18,21,5,32,23,-25,-18,7,16,24,19,31,24,-25,-21,11,19,30,17,28,21,-22,-15,20,13,24,20,28,18,-21,-17,8,16,25,18,30
43.1600,21,-20,-15,7,20,31,17,30,21,-19,-18,7,21,16,14,29,18,-19,-23,11,18,28,21,37,21,-22,-23,6,18,20,4,29,22,-26,-22,8,18,25,13,34,29,-22,-20,11,16,25,12,28,19,-21,-22,26,21,28,18,30,20,-24,-19,9,14,22,19,30
43.1800,21,-22,-21,10,26,29,20,34,21,-18,-18,6,20,17,12,28,20,-18,-22,9,22,25,22,42,20,-22,-19,7,19,24,9,30,25,-31,-21,14,16,27,20,33,32,-26,-21,9,13,30,17,29,18,-24,-19,25,14,23,18,32,16,-21,-23,8,16,24,16,28
43.2000,22,-22,-16,8,22,25,21,35,19,-14,-19,11,18,11,13,28,18,-22,-24,7,20,31,20,38,19,-20,-15,11,16,25,6,27,18,-28,-17,10,17,30,16,31,34,-27,-17,12,16,29,13,28,22,-23,-19,27,19,26,16,28,21,-27,-20,7,18,28,14,33
43.2200,18,-22,-17,8,29,26,18,27,19,-21,-17,10,21,17,15,28,19,-22,-22,8,24,26,19,37,17,-26,-20,8,17,20,4,27,18,-25,-22,11,16,25,14,33,32,-27,-22,10,14,29,15,23,22,-27,-25,25,10,26,21,28,21,-22,-18,6,19,25,17,27
43.2400,17,-21,-18,7,22,27,22,30,20,-21,-18,12,16,17,14,26,17,-21,-17,9,22,27,21,39,17,-21,-15,8,10,26,4,27,18,-28,-18,9,17,27,16,32,28,-27,-20,5,19,28,12,29,22,-25,-19,27,16,25,15,29,20,-23,-22,10,15,26,17,25
43.2600,18,-19,-18,8,22,23,19,30,21,-12,-20,12,17,18,11,30,22,-22,-19,6,18,28,18,43,22,-24,-17,9,15,24,7,25,13,-30,-19,10,18,25,20,34,30,-32,-21,13,18,30,15,27,17,-22,-24,23,18,30,17,31,16,-17,-23,7,13,24,13,31
43.2800,17,-17,-21,8,24,25,22,29,20,-16,-20,13,19,17,15,28,23,-21,-16,8,15,28,19,35,20,-18,-22,8,17,21,7,28,12,-30,-19,9,18,27,17,35,31,-32,-17,9,12,29,18,28,16,-23,-19,27,17,26,17,34,20,-22,-22,8,16,29,20,30
43.3000,19,-21,-20,9,27,25,26,35,16,-22,-18,7,21,14,15,23,25,-22,-21,8,18,27,24,37,21,-23,-21,10,18,20,6,25,12,-29,-20,5,15,25,20,39,27,-32,-20,5,14,26,18,27,20,-24,-25,23,18,26,20,29,18,-17,-19,9,17,24,16,29
43.3200,22,-23,-21,11,27,28,22,31,19,-23,-23,10,19,15,12,27,21,-22,-21,11,12,27,22,38,20,-21,-23,9,12,22,7,32,9,-22,-18,12,16,31,19,41,27,-38,-23,10,21,28,17,29,17,-19,-22,26,15,29,16,30,24,-24,-23,9,19,25,18,28
43.3400,16,-22,-18,6,23,26,19,28,20,-19,-21,10,14,19,17,29,26,-19,-16,11,18,27,23,39,19,-21,-23,6,16,26,4,30,4,-24,-26,6,15,28,15,35,22,-35,-18,9,18,31,16,28,20,-23,-24,25,19,27,15,31,15,-23,-22,5,17,26,18,28
43.3600,19,-23,-18,12,23,31,24,33,18,-25,-23,12,20,22,13,31,24,-26,-16,6,16,27,18,39,20,-21,-18,9,22,24,7,31,6,-17,-22,10,15,25,13,37,18,-39,-15,6,16,30,17,27,22,-26,-21,28,20,26,14,34,13,-19,-18,8,18,24,17,30
43.3800,15,-21,-20,6,25,24,22,31,17,-23,-22,8,14,15,15,27,22,-24,-21,10,18,33,19,37,16,-18,-23,8,17,23,8,29,0,-16,-21,10,13,28,15,41,14,-41,-21,9,18,28,16,28,19,-21,-21,26,17,30,16,32,19,-23,-19,9,17,25,15,29
43.4000,14,-20,-17,11,19,28,21,31,23,-23,-19,7,21,16,16,25,31,-31,-20,12,18,27,17,41,20,-22,-13,8,16,18,6,22,10,-13,-20,10,18,25,17,47,8,-38,-17,11,13,31,20,30,21,-19,-19,23,17,28,17,31,18,-26,-22,6,16,28,18,27
43.4200,16,-20,-22,3,24,27,20,26,19,-16,-21,8,22,14,15,32,25,-23,-20,9,21,28,19,39,22,-15,-28,12,16,25,6,28,7,-9,-20,10,14,22,13,39,4,-33,-17,13,17,30,18,33,24,-22,-19,28,16,27,22,32,19,-22,-19,7,20,31,17,34
43.4400,17,-26,-19,10,27,23,22,31,21,-16,-21,10,25,16,14,28,29,-25,-23,10,19,26,22,41,21,-23,-25,8,14,25,8,28,4,-4,-20,14,13,25,13,39,3,-38,-21,7,18,30,13,31,18,-25,-20,26,17,27,14,29,21,-20,-20,10,24,26,17,32
43.4600,13,-21,-17,6,26,26,25,32,17,-22,-22,6,17,20,15,28,18,-24,-21,9,17,25,22,41,26,-24,-26,8,15,24,5,28,12,-4,-15,13,15,27,18,39,-1,-37,-21,10,16,28,13,34,24,-26,-25,27,16,24,20,28,21,-21,-21,6,19,28,18,30
43.4800,14,-22,-13,10,25,28,21,33,22,-22,-21,8,16,19,15,26,19,-32,-18,11,22,24,26,41,26,-19,-16,9,14,23,8,29,19,-2,-19,12,18,25,13,37,-5,-31,-20,11,15,31,16,35,18,-24,-16,26,21,23,14,35,16,-25,-19,6,18,30,16,29
43.5000,12,-22,-21,5,24,26,20,33,23,-21,-22,6,16,21,13,33,21,-35,-19,8,18,31,23,46,25,-19,-21,11,19,24,8,29,26,4,-22,11,14,19,12,31,-4,-28,-16,8,16,29,20,40,20,-20,-24,24,19,25,18,29,21,-26,-20,9,16,31,16,27
43.5200,16,-20,-18,12,23,28,19,37,17,-12,-21,9,18,15,13,30,19,-31,-15,10,16,27,19,40,24,-20,-21,15,17,23,8,29,32,5,-19,9,19,26,9,28,-3,-26,-18,10,18,29,22,39,22,-23,-18,26,16,26,20,29,23,-25,-22,11,19,30,17,34
43.5400,18,-24,-20,7,24,30,18,29,21,-22,-22,14,20,14,13,26,17,-34,-18,8,16,29,20,41,26,-16,-18,9,13,19,6,29,37,3,-21,6,19,27,9,25,-3,-11,-23,5,16,34,14,39,19,-25,-18,27,20,24,16,29,23,-23,-22,10,15,31,21,28
43.5600,19,-20,-22,6,23,29,18,34,20,-21,-21,12,19,16,14,27,12,-35,-22,13,18,28,19,47,28,-18,-16,11,17,23,7,27,47,-3,-19,5,19,26,4,23,4,-9,-19,9,13,27,20,42,22,-26,-23,28,20,29,16,33,22,-29,-20,8,19,27,20,29
43.5800,23,-19,-18,10,20,30,17,35,18,-17,-17,9,20,12,14,26,3,-36,-20,8,19,27,25,43,30,-25,-20,11,16,22,1,26,48,-5,-20,4,20,27,6,23,11,-5,-19,9,15,29,13,39,15,-23,-22,25,19,25,12,28,17,-24,-20,3,14,28,18,31
43.6000,21,-23,-22,9,24,29,20,33,14,-21,-21,12,19,19,19,27,4,-29,-21,10,18,25,23,47,28,-24,-15,10,12,25,4,27,54,-14,-16,15,21,27,5,20,18,8,-19,9,15,33,15,31,20,-22,-18,28,18,22,17,27,19,-22,-19,11,18,28,17,33
43.6200,20,-21,-15,8,24,27,19,32,17,-20,-23,6,19,16,18,32,1,-29,-22,10,17,23,21,44,29,-26,-23,7,17,28,4,29,51,-23,-17,13,23,24,9,12,23,7,-14,11,17,29,12,28,21,-20,-20,25,19,24,16,27,19,-25,-17,13,19,28,21,27
43.6400,24,-21,-23,9,24,26,22,33,18,-17,-20,8,19,20,16,32,-1,-25,-24,14,19,28,22,50,25,-28,-17,8,21,22,3,25,50,-34,-20,11,24,23,10,7,39,9,-26,12,15,28,11,28,18,-23,-19,22,18,25,20,29,16,-25,-21,8,20,29,19,30
43.6600,24,-23,-16,9,23,32,20,28,13,-21,-13,10,21,20,19,28,-3,-19,-16,10,22,25,24,43,25,-30,-16,12,15,19,10,25,48,-42,-20,6,27,23,8,17,49,8,-20,10,13,32,6,24,18,-24,-22,25,17,28,18,30,19,-22,-21,7,17,27,16,34
43.6800,24,-19,-14,7,20,30,20,32,19,-20,-24,9,21,21,15,28,-5,-14,-16,11,20,28,20,51,21,-37,-18,16,17,22,3,26,41,-51,-16,10,30,26,17,16,55,3,-18,8,17,33,1,19,19,-23,-20,26,20,25,20,30,17,-21,-25,8,19,29,19,31
43.7000,26,-21,-22,12,24,26,21,28,20,-17,-21,10,18,20,15,30,2,-13,-21,12,20,25,24,45,24,-35,-19,8,15,26,5,29,38,-58,-23,6,28,29,19,19,61,1,-21,8,16,28,3,14,18,-23,-24,24,19,29,14,31,17,-26,-21,7,13,28,18,31
43.7200,27,-19,-20,8,25,28,21,30,23,-22,-24,11,21,15,15,29,8,-5,-25,10,13,29,15,50,15,-35,-21,6,15,24,11,25,36,-69,-22,12,30,28,22,22,67,-9,-22,10,23,27,2,14,20,-21,-21,23,18,26,17,31,20,-21,-21,9,21,27,19,33
43.7400,28,-25,-26,9,29,29,24,34,15,-19,-17,8,18,17,15,33,9,1,-21,9,16,28,20,49,16,-34,-21,11,17,20,11,29,38,-74,-23,5,27,23,30,26,73,-20,-18,13,21,30,1,3,21,-26,-27,27,16,26,19,30,22,-25,-23,8,18,28,17,29
43.7600,30,-27,-22,13,25,27,26,33,14,-18,-16,8,21,16,13,29,19,5,-15,8,16,24,22,47,6,-35,-19,10,18,22,6,31,42,-71,-23,8,28,22,36,35,70,-34,-16,15,21,33,3,3,19,-23,-22,29,17,30,18,29,19,-24,-18,7,20,25,18,31
43.7800,31,-29,-21,10,19,28,23,33,23,-14,-18,8,17,14,14,28,25,6,-19,13,20,26,21,44,5,-32,-17,6,18,24,9,31,48,-65,-21,5,24,27,30,38,62,-54,-20,13,25,31,0,-7,21,-25,-22,25,18,24,20,32,23,-22,-16,7,14,29,20,34
43.8000,25,-30,-22,10,26,29,18,29,20,-18,-21,8,20,20,14,29,35,7,-20,13,20,25,14,41,0,-29,-23,11,18,23,5,34,57,-61,-20,11,24,25,36,50,57,-65,-21,7,23,33,7,-4,15,-23,-20,29,23,27,16,30,20,-25,-21,6,18,27,18,30
43.8200,26,-32,-20,4,25,26,22,32,21,-15,-20,11,23,20,10,29,38,8,-23,7,18,27,15,39,3,-27,-19,12,21,22,8,39,57,-55,-20,10,25,22,41,50,51,-82,-20,14,31,36,12,-1,18,-25,-22,29,15,28,14,33,25,-22,-21,9,18,26,20,31
43.8400,19,-38,-16,13,24,24,16,27,22,-16,-19,8,22,15,17,28,41,2,-16,7,16,26,10,30,5,-20,-19,9,14,26,10,41,59,-54,-20,11,19,20,38,63,48,-90,-19,11,32,40,15,5,23,-28,-20,23,18,27,16,26,23,-22,-23,13,13,27,19,35
43.8600,17,-39,-20,10,26,31,20,35,26,-17,-20,10,17,15,16,28,48,4,-23,11,21,31,9,29,3,-21,-21,17,21,24,9,38,59,-49,-23,11,13,17,35,64,43,-96,-17,10,36,33,21,12,19,-16,-19,25,19,23,21,27,20,-23,-18,6,20,29,16,31
43.8800,11,-34,-16,12,23,26,25,33,30,-13,-22,11,21,17,14,30,57,-6,-17,11,22,30,10,24,7,-12,-20,9,20,22,10,38,45,-52,-21,9,11,21,40,76,48,-99,-21,12,32,34,29,25,20,-22,-19,26,18,29,15,28,16,-19,-23,10,15,24,16,31
43.9000,9,-38,-17,13,22,29,23,35,30,-15,-19,14,16,18,10,27,60,-20,-17,11,21,29,5,19,6,-4,-20,12,18,26,9,36,27,-50,-19,9,8,15,32,76,48,-96,-17,13,34,31,30,36,23,-25,-19,21,17,25,19,31,23,-17,-17,6,15,30,12,30
43.9200,9,-36,-20,8,22,28,23,36,32,-13,-17,14,16,15,11,25,64,-30,-19,5,19,30,11,19,10,-3,-21,10,14,21,7,38,-7,-42,-16,15,-2,15,27,77,44,-93,-22,15,29,31,38,48,17,-21,-21,28,20,27,18,28,15,-22,-20,8,16,26,20,30
43.9400,0,-30,-19,11,21,28,25,37,36,-19,-22,7,19,14,16,28,69,-42,-26,13,23,28,15,16,16,0,-20,8,16,26,8,39,-38,-39,-18,8,-2,12,26,85,38,-94,-22,9,27,31,42,60,20,-23,-24,26,22,26,15,29,22,-22,-19,10,19,25,17,27
43.9600,-2,-31,-15,13,25,27,27,42,37,-16,-21,10,16,18,11,26,80,-56,-18,14,27,28,15,15,21,1,-18,10,14,25,-1,36,-75,-34,-18,8,-8,10,21,94,25,-84,-18,8,24,27,43,71,17,-19,-20,27,19,26,16,30,18,-21,-16,9,19,26,14,30
43.9800,-10,-29,-20,10,23,24,24,43,36,-22,-22,8,20,15,15,24,84,-60,-22,8,29,31,19,19,25,8,-20,7,12,18,-2,28,-111,-20,-16,11,-10,10,16,103,9,-79,-19,11,21,31,43,84,23,-31,-20,29,18,29,15,34,19,-24,-20,8,16,27,22,29
44.0000,-13,-23,-16,8,25,27,23,42,34,-19,-18,11,18,19,12,26,90,-70,-19,14,31,31,22,22,28,2,-16,11,18,24,1,27,-154,-6,-13,10,-15,10,11,105,-12,-64,-19,10,8,26,44,90,24,-22,-19,28,19,31,17,26,16,-22,-19,7,19,25,17,30
44.0200,-16,-15,-24,10,25,27,27,49,27,-26,-23,6,21,15,15,29,91,-84,-24,7,27,28,26,27,35,2,-19,9,17,21,-3,26,-185,19,-21,8,-17,16,4,104,-30,-49,-21,13,7,21,45,101,17,-23,-21,25,20,28,22,32,16,-22,-21,8,21,27,23,33
44.0400,-10,-8,-20,6,25,27,23,44,26,-27,-18,8,19,16,14,25,84,-89,-18,9,31,29,29,34,39,-4,-17,7,15,18,-7,12,-211,45,-20,10,-18,22,1,104,-59,-40,-18,9,3,18,35,107,22,-22,-19,28,13,28,19,30,18,-24,-19,8,19,27,16,30
44.0600,-12,-3,-20,14,22,27,24,45,20,-32,-19,9,20,19,17,28,75,-102,-19,8,30,29,40,47,52,-7,-16,8,17,23,-8,12,-220,78,-18,8,-13,20,-8,94,-89,-17,-18,8,-2,19,31,112,23,-28,-20,23,19,26,20,31,20,-23,-20,9,18,26,20,32
44.0800,-11,6,-18,9,22,30,22,44,16,-36,-20,9,16,14,11,26,55,-105,-17,10,27,29,41,57,66,-15,-21,6,17,26,-4,11,-211,105,-18,8,-16,27,-22,61,-120,2,-19,12,-15,19,22,112,19,-24,-20,26,17,27,18,31,19,-23,-19,12,20,23,13,35
44.1000,1,10,-19,6,24,27,20,39,11,-36,-23,7,20,20,18,30,23,-106,-23,10,29,26,43,70,80,-25,-20,9,22,24,-3,4,-176,131,-21,12,-1,32,-43,33,-145,35,-15,12,-23,13,11,112,20,-26,-19,30,20,29,20,35,17,-20,-21,9,17,27,12,33
44.1200,8,16,-19,12,21,32,16,38,5,-37,-20,13,18,14,15,33,-15,-101,-24,11,24,28,46,77,96,-35,-21,9,21,23,-3,4,-122,156,-18,9,7,43,-60,-9,-168,61,-17,12,-30,19,-3,113,22,-23,-23,25,13,27,14,33,21,-21,-17,9,19,25,14,29
44.1400,25,17,-19,13,19,29,17,35,1,-31,-19,12,22,14,19,32,-55,-89,-19,6,20,24,42,91,120,-49,-23,11,21,24,1,8,-46,178,-14,8,25,46,-79,-53,-180,88,-17,16,-27,16,-14,96,16,-27,-21,30,19,26,18,28,24,-23,-18,13,20,26,16,33
44.1600,43,19,-19,14,21,25,12,30,-10,-29,-16,8,20,16,16,36,-96,-74,-17,9,14,21,44,108,135,-65,-20,11,28,24,2,9,49,180,-19,10,48,53,-94,-93,-181,114,-17,6,-26,21,-35,74,17,-23,-17,30,15,27,22,34,20,-20,-20,9,16,28,16,32
44.1800,74,16,-21,11,21,29,13,24,-11,-30,-22,10,19,12,14,40,-135,-54,-17,11,9,17,44,123,136,-80,-18,11,27,23,7,10,164,184,-21,14,78,55,-106,-139,-163,135,-21,14,-24,20,-48,40,20,-24,-18,26,19,27,20,30,22,-20,-19,12,21,29,17,35
44.2000,101,10,-23,10,23,35,9,19,-18,-19,-23,9,19,20,16,40,-173,-20,-16,11,3,17,40,138,127,-98,-17,12,32,27,10,15,282,159,-23,13,103,64,-103,-171,-138,147,-18,10,-9,30,-67,5,22,-27,-19,27,17,27,13,35,16,-18,-25,9,18,24,16,34
44.2200,132,-1,-21,9,28,29,7,12,-18,-16,-20,11,15,16,16,46,-197,22,-17,12,-4,14,34,143,108,-120,-16,10,36,22,20,24,392,115,-20,11,138,65,-87,-198,-91,152,-18,8,5,36,-87,-42,19,-23,-20,29,19,27,15,33,25,-26,-21,9,17,28,16,29
44.2400,153,-15,-18,9,26,29,7,4,-17,-8,-17,8,15,16,16,44,-214,59,-22,11,-9,10,26,150,74,-129,-17,11,28,26,22,37,477,64,-19,11,164,70,-61,-207,-24,158,-17,13,26,49,-101,-83,20,-23,-22,25,24,26,21,37,21,-24,-16,11,19,25,16,29
44.2600,172,-35,-20,10,26,29,11,-1,-15,3,-18,12,20,17,15,46,-218,106,-18,8,-14,14,12,134,31,-138,-23,11,29,23,22,46,534,-20,-21,13,184,65,-10,-205,67,147,-16,9,53,57,-115,-130,24,-22,-20,27,18,27,17,33,23,-20,-19,11,18,27,17,33
44.2800,179,-60,-17,7,31,34,12,-4,-11,9,-17,12,20,16,18,46,-203,139,-19,9,-18,12,1,119,-23,-143,-19,10,26,25,29,62,543,-111,-16,8,190,59,43,-192,165,130,-19,14,84,68,-117,-159,23,-20,-24,27,15,26,15,33,17,-24,-21,8,16,28,18,30
44.3000,176,-93,-22,10,38,32,16,-7,4,18,-19,13,15,16,15,43,-175,175,-19,9,-22,13,-18,82,-83,-135,-20,9,23,18,32,77,505,-217,-17,9,177,46,102,-156,265,106,-14,11,115,75,-105,-187,22,-28,-16,27,21,27,14,33,19,-24,-23,11,20,27,18,33
44.3200,147,-128,-21,7,37,28,16,-9,23,31,-16,10,18,15,10,38,-130,196,-20,10,-17,17,-44,42,-141,-110,-21,13,17,20,31,101,430,-322,-17,7,150,32,162,-102,365,57,-16,15,150,81,-81,-203,15,-25,-15,29,20,26,11,31,23,-25,-19,11,21,27,15,33
44.3400,107,-156,-19,12,36,35,23,4,42,34,-17,12,15,16,13,34,-60,206,-19,10,-7,22,-66,-8,-183,-75,-18,11,5,17,30,125,318,-408,-20,11,103,14,221,-37,445,4,-15,12,179,84,-38,-206,20,-27,-17,25,17,29,16,33,20,-25,-19,7,14,27,16,31
44.3600,49,-184,-20,9,38,31,28,16,71,31,-20,7,17,15,8,29,21,205,-19,9,0,30,-84,-61,-231,-30,-18,11,2,14,27,142,176,-470,-17,7,35,-12,269,51,496,-67,-13,12,202,81,9,-190,21,-22,-16,27,18,22,15,34,24,-24,-19,5,22,22,16,33
44.3800,-16,-200,-19,11,40,29,37,37,98,25,-17,13,12,16,5,17,119,184,-20,9,20,37,-100,-109,-257,19,-20,10,-2,15,22,154,15,-504,-18,12,-34,-45,303,158,505,-150,-19,14,203,75,69,-169,25,-20,-19,26,23,26,16,29,20,-24,-23,8,20,27,21,30
44.4000,-90,-195,-22,10,37,33,42,67,125,13,-18,9,18,16,0,8,229,159,-20,10,48,44,-109,-153,-272,78,-21,8,-10,12,10,151,-143,-488,-18,12,-115,-74,323,262,470,-233,-22,12,192,62,128,-130,21,-26,-16,31,21,30,14,31,17,-23,-21,11,19,30,16,34
44.4200,-158,-181,-22,8,37,30,49,98,153,-1,-15,12,15,17,-1,5,329,114,-15,12,78,55,-105,-187,-269,133,-18,10,-13,14,-2,142,-284,-436,-20,10,-184,-103,321,369,398,-320,-19,14,154,44,189,-72,20,-27,-18,27,19,25,15,33,22,-26,-22,10,16,26,20,32
44.4400,-222,-144,-17,13,32,32,54,131,174,-22,-19,14,15,21,4,1,417,55,-17,4,115,56,-82,-206,-237,181,-20,14,-16,9,-21,116,-401,-343,-24,9,-251,-129,303,459,283,-394,-17,11,105,20,239,-8,26,-24,-21,27,16,28,18,34,25,-17,-20,10,22,25,17,34
44.4600,-275,-90,-19,11,29,30,58,162,181,-55,-21,9,22,20,4,-5,481,-11,-21,10,150,61,-48,-211,-193,218,-23,15,-16,6,-41,74,-483,-214,-20,12,-297,-139,264,529,145,-448,-17,14,38,-10,273,71,21,-23,-17,28,20,26,13,30,18,-22,-23,10,16,24,18,31
44.4800,-302,-23,-20,11,20,25,55,187,177,-82,-19,12,23,20,1,-11,514,-91,-17,14,171,65,-1,-197,-121,241,-21,12,-19,15,-64,24,-523,-66,-21,8,-330,-141,199,547,-3,-469,-17,13,-39,-46,302,163,22,-23,-21,29,21,28,16,35,19,-26,-23,8,19,27,15,32
44.5000,-321,48,-19,9,9,25,51,205,152,-113,-19,11,28,20,10,-5,494,-184,-18,13,190,67,57,-168,-30,252,-19,8,-9,14,-90,-35,-527,88,-17,15,-332,-125,108,532,-154,-456,-18,9,-119,-77,300,263,22,-24,-22,30,17,29,19,34,21,-19,-15,9,13,29,19,32
44.5200,-303,125,-21,6,8,21,41,200,113,-141,-19,12,25,19,12,1,439,-270,-16,11,182,58,116,-125,83,239,-16,10,4,22,-109,-94,-491,226,-18,10,-315,-86,0,464,-281,-401,-17,12,-198,-104,295,356,20,-26,-19,27,17,25,17,33,25,-19,-21,9,21,26,15,28
44.5400,-268,200,-20,15,-3,15,24,174,58,-160,-23,9,30,19,23,17,338,-367,-18,11,159,50,173,-71,202,214,-18,10,25,26,-115,-144,-419,343,-21,11,-272,-29,-126,345,-390,-305,-18,8,-259,-126,260,438,23,-23,-19,26,16,23,17,36,20,-24,-18,6,21,30,17,33
44.5600,-213,255,-21,12,-12,17,-2,132,-5,-175,-19,10,32,22,19,34,197,-433,-19,11,115,32,221,0,331,174,-19,12,52,33,-117,-190,-333,432,-20,9,-206,33,-257,203,-455,-180,-15,10,-301,-129,213,495,23,-22,-18,25,22,26,16,35,19,-23,-23,12,20,30,13,36
44.5800,-133,288,-17,9,-24,17,-32,80,-78,-172,-16,12,33,18,30,59,49,-472,-22,13,61,6,257,91,435,113,-17,11,84,40,-100,-217,-221,478,-17,9,-119,107,-379,46,-490,-37,-21,13,-328,-134,148,505,20,-23,-17,29,23,24,16,33,21,-21,-17,11,19,28,20,36
44.6000,-34,308,-17,17,-19,14,-60,12,-145,-158,-17,8,35,23,37,85,-99,-473,-19,11,-12,-15,278,196,519,37,-19,11,118,44,-70,-227,-97,493,-18,12,-11,179,-483,-119,-486,107,-19,11,-325,-106,63,489,26,-24,-15,26,26,27,19,36,22,-24,-19,14,17,31,15,33
44.6200,79,301,-18,9,-12,18,-94,-62,-206,-121,-18,8,28,21,37,113,-239,-437,-16,9,-88,-40,287,289,567,-57,-23,11,144,49,-29,-225,19,468,-20,7,108,248,-549,-260,-446,233,-16,14,-299,-70,-32,414,24,-25,-19,24,20,24,14,35,20,-26,-18,8,20,28,16,28
44.6400,200,273,-22,11,-6,18,-116,-134,-252,-75,-17,14,27,18,39,134,-353,-354,-13,9,-154,-67,276,391,557,-158,-15,12,159,48,25,-213,129,413,-21,17,234,301,-564,-376,-384,339,-19,10,-246,-17,-142,311,19,-21,-23,27,22,26,20,34,24,-22,-21,7,17,30,16,36
44.6600,313,217,-16,10,24,25,-127,-192,-288,-14,-22,5,23,16,36,152,-432,-239,-19,14,-210,-82,250,466,508,-266,-19,13,161,47,83,-174,226,332,-17,10,352,338,-528,-454,-290,415,-21,10,-184,44,-257,166,24,-20,-19,29,20,28,8,32,22,-26,-20,9,16,30,16,34
44.6800,428,150,-17,14,54,30,-120,-238,-293,52,-17,9,19,14,27,158,-475,-98,-15,12,-255,-94,206,522,399,-365,-15,14,145,36,141,-120,306,235,-19,15,464,358,-437,-479,-186,451,-21,14,-95,116,-364,13,20,-19,-15,32,17,26,22,30,19,-21,-19,16,21,27,16,32
44.7000,504,59,-21,12,87,38,-101,-257,-288,118,-21,9,15,13,13,146,-476,47,-17,9,-279,-94,150,523,257,-447,-18,8,110,22,184,-54,352,128,-15,15,540,357,-299,-477,-74,450,-14,12,8,189,-450,-141,18,-23,-19,29,13,27,16,30,16,-28,-20,9,19,28,17,32
44.7200,556,-39,-18,5,124,41,-58,-269,-253,174,-14,9,4,12,0,127,-438,193,-25,11,-278,-81,65,481,94,-507,-15,14,63,10,216,32,375,12,-15,11,581,324,-129,-432,32,421,-23,10,118,247,-504,-279,22,-23,-18,27,20,28,20,31,19,-18,-19,8,21,26,19,31
44.7400,556,-155,-19,15,153,46,-4,-251,-201,226,-20,10,-2,7,-19,91,-373,308,-23,11,-261,-51,-24,398,-74,-515,-19,11,4,-14,240,131,373,-88,-13,15,581,273,49,-358,134,354,-14,11,238,300,-515,-388,23,-19,-18,32,19,27,16,33,21,-23,-22,12,17,24,18,34
44.7600,516,-268,-21,12,173,47,57,-210,-127,259,-16,11,-1,6,-36,47,-289,398,-21,11,-226,-8,-131,274,-227,-490,-21,14,-64,-30,248,238,352,-181,-18,12,522,202,227,-268,221,276,-18,14,354,323,-477,-449,23,-21,-18,27,21,27,15,32,24,-22,-22,13,17,29,17,32
44.7800,425,-365,-21,13,171,46,122,-154,-33,274,-24,11,4,6,-57,-2,-195,452,-19,12,-173,43,-239,122,-367,-408,-16,7,-124,-48,234,341,312,-259,-21,10,420,111,379,-161,288,178,-19,11,452,330,-393,-476,23,-27,-19,28,19,28,15,32,21,-20,-19,8,20,31,16,37
44.8000,296,-455,-17,10,152,40,182,-88,72,261,-18,11,10,4,-67,-61,-78,458,-17,9,-102,96,-342,-40,-458,-295,-15,11,-171,-52,212,437,262,-304,-20,13,275,6,489,-49,327,73,-18,9,527,329,-264,-452,20,-23,-15,25,18,28,15,35,23,-23,-20,13,22,28,14,34
44.8200,136,-511,-21,8,112,37,222,7,197,237,-20,10,16,5,-75,-108,23,428,-18,9,-1,141,-423,-200,-510,-149,-19,18,-209,-65,173,502,210,-341,-21,15,99,-116,565,57,346,-25,-17,13,561,294,-108,-401,26,-25,-19,27,18,28,19,31,21,-25,-17,6,20,26,18,31
44.8400,-38,-541,-22,10,58,21,261,111,308,192,-16,12,36,5,-67,-143,121,370,-16,10,104,189,-476,-322,-512,13,-17,7,-230,-55,132,527,156,-337,-16,12,-79,-240,584,151,337,-116,-20,12,557,243,65,-323,18,-26,-15,29,17,28,16,32,20,-21,-17,13,18,27,18,33
44.8600,-197,-514,-23,9,-3,2,269,225,417,129,-18,11,56,7,-53,-180,203,287,-11,16,211,223,-481,-413,-479,169,-17,12,-231,-41,68,505,105,-321,-17,12,-248,-351,563,234,314,-195,-19,11,497,169,233,-225,26,-22,-18,27,19,28,16,33,22,-25,-17,11,21,26,12,32
44.8800,-334,-450,-20,12,-70,-18,274,329,493,51,-20,9,73,7,-26,-193,267,192,-24,13,324,246,-431,-463,-409,298,-18,11,-222,-9,-14,433,68,-287,-18,15,-385,-447,506,297,270,-260,-20,11,393,86,373,-121,21,-17,-20,29,14,29,17,35,20,-24,-17,6,18,25,12,34
44.9000,-441,-334,-21,9,-127,-30,254,429,538,-36,-16,11,79,6,7,-193,313,88,-16,10,416,257,-338,-457,-319,399,-15,7,-191,26,-108,313,34,-239,-19,11,-482,-506,415,340,224,-299,-16,13,253,-16,476,-16,22,-25,-20,25,19,29,15,34,21,-22,-18,8,25,31,18,33
44.9200,-502,-194,-20,13,-180,-36,219,502,540,-137,-18,14,93,9,46,-177,327,-18,-20,16,491,247,-200,-416,-215,463,-15,13,-143,58,-208,167,17,-187,-17,11,-536,-514,306,358,170,-321,-19,15,79,-125,536,82,20,-25,-15,30,23,25,15,36,22,-22,-19,11,18,28,15,34
44.9400,-516,-30,-22,7,-213,-45,167,534,488,-237,-19,6,90,8,88,-150,319,-101,-15,14,529,224,-37,-342,-97,480,-16,8,-92,97,-301,-4,-3,-138,-17,11,-543,-487,188,348,123,-315,-18,10,-94,-229,551,170,19,-20,-19,29,19,24,13,35,23,-27,-17,10,16,27,15,37
44.9600,-490,134,-17,12,-221,-30,102,530,384,-336,-21,10,75,1,125,-105,292,-186,-17,13,517,187,131,-252,15,458,-22,12,-20,137,-385,-174,-16,-95,-18,10,-500,-396,65,314,89,-291,-18,13,-258,-322,517,246,18,-22,-18,31,19,26,14,36,26,-19,-20,11,18,26,16,37
44.9800,-419,279,-17,15,-218,-14,33,473,252,-410,-20,9,51,-12,149,-47,244,-247,-21,14,456,134,284,-139,119,399,-20,13,65,158,-443,-306,-20,-60,-20,11,-424,-263,-45,270,51,-257,-17,12,-392,-396,452,299,21,-24,-20,27,17,25,16,33,24,-22,-20,14,24,29,18,30
45.0000,-332,392,-18,9,-200,12,-59,372,93,-462,-20,14,19,-16,169,29,194,-288,-17,10,347,68,413,-27,213,315,-18,10,152,179,-455,-412,-25,-35,-21,10,-323,-97,-149,211,24,-208,-16,17,-477,-442,364,327,24,-29,-18,25,19,20,16,35,25,-20,-19,9,22,27,19,34
45.0200,-220,470,-18,7,-168,52,-152,227,-75,-472,-18,14,-20,-23,176,107,139,-310,-16,8,205,-8,499,81,285,213,-20,8,251,185,-425,-463,-37,-16,-18,16,-205,74,-227,155,14,-160,-18,15,-524,-446,253,336,21,-25,-18,31,20,26,16,35,21,-22,-19,11,16,24,19,34
45.0400,-100,496,-19,12,-111,88,-245,60,-224,-447,-18,13,-58,-24,172,193,87,-305,-19,13,29,-93,533,174,329,106,-18,9,335,180,-346,-478,-43,-13,-17,15,-82,240,-287,102,10,-107,-18,14,-520,-411,138,320,17,-23,-18,29,16,26,13,30,24,-21,-23,6,24,23,20,27
45.0600,10,475,-22,17,-49,121,-333,-111,-354,-374,-23,3,-88,-28,155,283,47,-278,-16,14,-133,-182,525,253,344,0,-20,14,405,158,-226,-447,-49,-6,-20,12,36,385,-319,62,11,-69,-20,12,-472,-331,30,286,23,-24,-16,28,18,27,17,34,20,-21,-17,10,13,22,15,35
45.0800,118,420,-15,13,27,147,-398,-259,-440,-268,-19,10,-112,-19,133,357,15,-234,-15,10,-285,-268,473,311,338,-100,-17,14,453,136,-71,-374,-63,3,-20,11,142,490,-321,31,4,-41,-18,16,-387,-212,-74,234,20,-23,-20,34,18,23,17,34,23,-23,-20,10,18,24,14,27
45.1000,211,335,-17,11,108,163,-424,-385,-488,-138,-20,11,-125,-3,98,404,8,-184,-20,14,-406,-326,392,343,309,-186,-18,17,454,104,85,-279,-69,5,-17,10,228,550,-302,18,-3,-26,-18,6,-279,-66,-166,170,26,-27,-16,28,16,27,16,37,25,-25,-13,8,16,29,15,33
45.1200,279,233,-21,12,201,169,-412,-463,-476,14,-18,11,-122,21,55,434,-1,-128,-18,15,-476,-369,291,359,260,-255,-19,7,416,66,234,-176,-74,13,-18,14,297,560,-258,11,-11,-24,-17,9,-166,94,-238,115,21,-20,-21,26,21,25,12,33,28,-24,-21,11,19,27,14,35
45.1400,327,117,-14,15,295,169,-351,-491,-438,154,-22,12,-110,46,12,423,0,-75,-20,13,-504,-373,180,342,197,-308,-19,9,325,18,359,-62,-76,20,-24,7,335,530,-204,13,-23,-23,-20,10,-45,239,-291,63,24,-23,-17,29,18,27,18,36,21,-22,-15,11,17,25,13,33
45.1600,337,0,-17,17,373,152,-248,-472,-369,283,-22,13,-92,79,-40,364,7,-31,-15,14,-479,-335,68,306,136,-328,-18,12,202,-38,447,46,-74,31,-19,12,352,460,-140,22,-36,-23,-18,12,69,370,-311,26,21,-23,-19,27,11,25,17,37,23,-22,-18,9,19,26,17,32
45.1800,334,-102,-19,13,424,126,-107,-409,-275,372,-15,13,-61,103,-98,269,15,-2,-20,12,-419,-258,-40,253,77,-327,-23,13,54,-90,481,142,-69,45,-14,14,343,362,-73,32,-48,-27,-19,15,170,462,-310,-3,23,-27,-20,27,14,26,20,37,24,-23,-16,12,14,26,20,35
45.2000,305,-195,-20,8,447,96,44,-319,-169,426,-19,10,-34,130,-151,145,12,15,-23,10,-327,-151,-139,186,33,-303,-19,9,-102,-147,481,233,-58,56,-19,15,304,249,-21,35,-61,-26,-18,12,251,511,-287,-12,24,-21,-13,27,17,29,15,36,25,-23,-20,9,13,24,15,32
45.2200,253,-267,-20,14,421,62,202,-208,-59,444,-20,11,5,138,-203,8,15,16,-17,12,-222,-20,-215,116,3,-255,-18,15,-249,-199,433,297,-50,65,-20,14,251,141,21,26,-69,-21,-15,14,306,520,-240,-5,25,-21,-15,32,23,26,17,32,26,-21,-19,7,22,28,15,36
45.2400,196,-314,-18,14,358,21,334,-90,53,417,-22,13,47,144,-245,-131,4,5,-21,14,-99,121,-272,56,-13,-199,-16,15,-355,-241,364,340,-32,74,-15,19,189,24,41,19,-74,-15,-18,15,340,486,-183,4,22,-20,-16,28,21,30,15,33,19,-28,-17,13,21,24,14,33
45.2600,125,-337,-19,10,254,-19,434,32,147,360,-23,12,94,137,-271,-251,-11,-9,-18,12,20,252,-308,5,-12,-142,-19,16,-429,-261,271,361,-11,78,-19,10,124,-78,58,-5,-78,1,-15,8,350,414,-113,19,25,-24,-16,31,19,31,18,36,23,-23,-16,11,13,25,13,32
45.2800,63,-335,-21,16,121,-62,489,144,227,279,-21,8,140,110,-278,-346,-30,-18,-18,15,126,360,-315,-32,-9,-83,-23,11,-458,-258,164,351,6,76,-19,11,61,-168,51,-20,-73,19,-19,10,330,318,-51,32,25,-24,-19,28,21,26,18,33,23,-20,-16,11,17,30,14,37
45.3000,8,-311,-16,12,-29,-116,502,231,292,183,-22,9,185,83,-249,-394,-42,-24,-17,14,215,432,-296,-41,5,-30,-17,12,-445,-230,63,321,27,73,-18,12,4,-240,45,-38,-67,33,-15,15,291,216,1,45,20,-23,-16,31,20,24,17,37,23,-21,-19,11,21,26,14,37
45.3200,-24,-263,-21,7,-176,-156,469,301,329,75,-18,10,230,47,-194,-410,-59,-33,-17,15,291,469,-254,-42,18,2,-17,10,-384,-171,-35,272,51,59,-16,12,-28,-282,29,-52,-55,51,-18,15,235,107,37,42,20,-22,-19,31,16,29,19,33,22,-23,-17,12,17,29,14,33
45.3400,-43,-203,-18,11,-300,-196,404,357,343,-25,-16,14,260,1,-108,-379,-73,-30,-16,15,336,462,-191,-21,19,25,-14,11,-307,-81,-125,202,67,47,-14,13,-44,-301,20,-62,-37,58,-19,12,165,-4,58,29,25,-23,-16,29,17,27,16,38,21,-22,-19,10,16,28,17,34
45.3600,-44,-135,-17,11,-387,-219,308,378,322,-120,-16,13,272,-33,-3,-317,-75,-20,-15,13,366,415,-120,7,23,26,-20,10,-206,13,-197,129,78,29,-21,13,-42,-296,22,-65,-20,66,-17,11,99,-94,63,17,27,-23,-11,26,19,24,20,34,21,-22,-18,10,15,25,19,35
45.3800,-25,-70,-19,11,-441,-220,204,379,287,-200,-19,16,261,-66,101,-237,-76,0,-20,14,358,342,-49,30,18,15,-15,10,-99,128,-262,60,86,17,-19,15,-30,-264,24,-60,1,65,-20,15,29,-170,57,-6,20,-22,-15,32,20,24,17,34,19,-21,-15,10,18,26,16,32
45.4000,-6,-20,-18,16,-438,-199,96,347,231,-259,-19,10,229,-95,211,-141,-69,18,-22,10,328,254,17,51,2,1,-19,14,3,230,-300,6,96,-13,-17,10,-5,-209,35,-54,20,67,-18,12,-18,-230,40,-27,25,-18,-12,31,15,25,15,36,21,-15,-17,11,16,30,16,34
45.4200,13,29,-20,13,-396,-151,-5,295,167,-297,-16,15,171,-112,297,-42,-56,37,-15,12,277,149,66,61,-23,-17,-19,13,98,311,-312,-34,91,-27,-19,13,14,-151,53,-38,38,56,-15,17,-53,-269,21,-39,19,-25,-17,30,19,27,16,35,29,-24,-19,10,20,26,15,34
45.4400,38,47,-19,9,-323,-83,-105,228,100,-316,-18,12,87,-134,353,58,-44,53,-17,13,204,52,94,61,-39,-28,-18,15,183,364,-304,-58,77,-49,-17,11,31,-82,77,-24,57,42,-21,16,-63,-276,15,-54,23,-20,-17,29,18,25,11,30,24,-26,-20,12,17,29,16,37
45.4600,44,51,-15,10,-229,9,-177,147,43,-308,-16,10,-12,-140,380,146,-25,67,-21,12,128,-48,102,49,-58,-32,-20,15,249,384,-265,-52,62,-62,-20,15,38,-17,96,-6,70,26,-16,15,-59,-267,2,-65,23,-20,-17,31,15,25,15,30,23,-20,-18,13,20,27,17,31
45.4800,49,41,-15,16,-128,104,-243,68,-5,-271,-13,13,-108,-140,374,222,-3,68,-14,14,47,-132,98,36,-77,-35,-21,18,302,373,-214,-40,46,-70,-18,16,39,38,114,19,74,10,-15,14,-36,-237,9,-66,25,-22,-15,29,18,29,17,30,22,-20,-15,12,15,26,17,30
45.5000,39,19,-19,11,-23,202,-284,6,-41,-231,-16,16,-201,-135,330,292,18,63,-18,11,-20,-201,78,8,-81,-19,-17,16,330,330,-145,-13,30,-76,-17,14,26,77,128,39,77,-7,-17,11,-12,-185,19,-57,25,-21,-14,29,22,32,14,33,22,-22,-18,18,15,27,15,36
45.5200,20,-6,-16,13,81,283,-309,-46,-48,-172,-21,8,-270,-114,270,324,45,57,-19,16,-63,-249,54,-15,-84,-6,-14,9,338,274,-80,10,12,-74,-19,15,5,100,132,64,78,-26,-20,14,16,-122,36,-48,22,-24,-16,29,17,27,16,40,22,-25,-21,7,18,24,18,34
45.5400,-8,-32,-16,14,171,343,-297,-71,-48,-107,-16,14,-309,-94,193,340,57,51,-20,8,-91,-276,31,-27,-81,19,-20,14,319,196,-13,30,-6,-72,-14,14,-21,102,133,83,71,-45,-18,13,41,-61,60,-29,27,-22,-19,34,22,28,13,32,24,-22,-20,12,16,22,18,36
45.5600,-31,-55,-18,12,245,367,-268,-80,-29,-45,-15,18,-320,-61,107,335,71,33,-18,16,-95,-282,13,-42,-67,37,-22,13,275,111,38,46,-19,-57,-16,12,-45,89,116,95,56,-60,-16,11,52,6,77,-2,25,-21,-19,30,15,25,12,32,20,-22,-16,11,17,27,18,38
45.5800,-58,-61,-17,8,298,362,-217,-68,-9,3,-15,13,-299,-19,28,305,78,15,-19,14,-82,-260,10,-47,-50,51,-20,14,216,29,69,40,-24,-45,-19,15,-67,65,101,105,45,-68,-18,12,58,57,102,12,23,-23,-19,30,20,23,16,36,20,-21,-21,13,22,29,15,33
45.6000,-77,-58,-16,14,337,332,-149,-37,16,36,-22,17,-253,33,-50,253,79,-8,-21,17,-48,-217,14,-42,-27,68,-18,15,138,-47,77,34,-28,-30,-19,12,-85,41,79,100,20,-76,-20,13,41,88,112,40,18,-24,-15,28,18,29,16,30,18,-23,-14,13,20,27,13,37
45.6200,-85,-42,-17,10,346,275,-81,-4,32,54,-14,11,-187,88,-116,187,79,-27,-20,17,-18,-156,25,-32,-8,76,-21,11,68,-117,73,15,-31,-11,-20,16,-95,27,51,97,8,-70,-18,12,27,105,118,53,26,-24,-12,32,18,28,19,38,16,-23,-18,9,14,26,16,33
45.6400,-86,-27,-21,17,339,203,-7,27,39,53,-20,18,-111,139,-173,119,64,-44,-19,12,15,-87,47,-20,19,67,-22,14,5,-173,55,-4,-12,2,-18,15,-91,8,27,83,-4,-66,-18,14,-3,105,115,67,24,-23,-18,29,21,26,19,39,21,-28,-18,14,19,29,16,32
45.6600,-83,1,-15,11,301,125,54,51,37,41,-19,17,-36,192,-222,52,53,-58,-15,11,39,-22,68,0,42,63,-16,15,-45,-214,33,-28,2,13,-21,12,-90,12,-7,64,-15,-56,-16,14,-29,93,102,80,26,-24,-15,32,16,28,16,33,19,-21,-21,13,17,28,15,31
45.6800,-66,28,-15,13,246,46,96,66,24,16,-15,12,45,230,-240,-3,30,-67,-15,11,45,41,83,23,63,50,-20,13,-74,-236,12,-45,21,22,-17,11,-67,23,-22,46,-22,-44,-16,15,-48,68,90,87,20,-20,-21,34,18,27,12,33,21,-22,-17,13,26,23,15,34
45.7000,-44,55,-16,12,171,-30,118,65,5,-6,-16,8,113,250,-253,-45,18,-72,-21,11,47,87,106,45,79,31,-18,10,-85,-240,3,-54,36,28,-17,16,-44,37,-44,31,-21,-26,-21,14,-69,47,64,86,25,-21,-14,32,19,24,19,34,22,-21,-19,11,19,27,12,37
45.7200,-23,65,-17,13,98,-97,118,52,-17,-21,-17,9,167,251,-238,-64,-3,-71,-17,14,33,116,108,73,86,12,-17,13,-73,-228,0,-59,50,23,-17,11,-12,60,-54,12,-18,-11,-18,16,-75,24,40,80,23,-23,-15,28,21,28,16,34,21,-20,-18,10,20,26,15,32
45.7400,9,78,-17,11,19,-149,96,35,-34,-32,-14,11,221,245,-207,-67,-17,-65,-20,10,13,124,113,86,88,-11,-18,13,-46,-191,8,-62,68,17,-18,14,18,85,-55,-1,-8,0,-17,16,-82,17,19,72,22,-21,-13,30,19,25,16,34,20,-20,-21,11,19,29,16,38
45.7600,40,74,-22,11,-39,-188,71,5,-55,-37,-20,11,253,214,-163,-53,-25,-55,-16,13,-9,115,106,104,78,-37,-21,17,-14,-145,22,-47,76,-1,-20,15,36,100,-58,-16,13,7,-18,15,-76,7,-10,53,21,-27,-16,32,14,23,16,34,20,-23,-18,10,17,29,14,35
45.7800,63,60,-14,15,-82,-217,39,-15,-71,-33,-16,16,271,166,-107,-29,-34,-37,-14,15,-35,102,92,113,70,-54,-17,14,18,-93,46,-34,83,-14,-17,16,63,124,-42,-22,25,19,-17,18,-53,21,-26,41,16,-22,-12,30,20,28,18,31,28,-26,-19,11,17,28,14,31
45.8000,78,47,-15,16,-94,-227,18,-32,-73,-14,-20,10,274,119,-49,-8,-32,-19,-16,15,-55,71,75,117,52,-68,-18,11,33,-38,67,-11,81,-30,-17,11,81,133,-25,-16,42,21,-17,16,-36,38,-48,25,27,-24,-15,28,20,30,14,34,24,-22,-16,11,15,26,20,36
45.8200,88,25,-16,11,-94,-214,3,-52,-75,1,-19,10,255,62,2,19,-27,-7,-17,10,-65,53,58,111,30,-79,-19,13,39,17,85,11,72,-42,-14,12,92,132,-4,-11,60,18,-20,15,-11,57,-55,1,21,-25,-12,32,18,27,18,31,20,-26,-19,18,15,30,13,33
45.8400,90,-4,-17,14,-71,-191,0,-60,-71,22,-20,14,222,5,50,33,-14,9,-20,14,-74,29,33,99,10,-80,-15,15,33,61,99,39,65,-61,-17,16,92,128,16,0,68,7,-15,13,19,77,-54,-11,22,-24,-12,33,18,26,18,35,17,-23,-16,11,18,23,17,33
45.8600,89,-30,-13,14,-35,-150,10,-59,-57,41,-15,13,172,-46,75,39,1,28,-19,10,-73,25,4,80,-13,-77,-11,12,16,86,109,63,56,-70,-17,10,86,112,40,15,78,-3,-17,9,45,99,-50,-20,24,-19,-14,30,20,22,11,34,22,-25,-17,14,18,28,17,40
45.8800,75,-55,-17,10,-5,-93,26,-46,-36,58,-19,7,118,-92,87,33,18,32,-17,11,-64,26,-19,62,-26,-65,-16,18,-3,95,109,83,43,-78,-19,13,73,93,59,27,82,-18,-16,16,68,116,-39,-20,18,-23,-17,34,19,22,14,38,23,-25,-12,11,17,28,14,35
45.9000,60,-76,-17,13,28,-40,57,-26,-16,64,-19,13,60,-129,80,22,26,33,-17,16,-44,33,-41,36,-33,-55,-20,13,-28,92,100,98,38,-77,-19,10,56,72,72,42,79,-32,-16,15,79,117,-18,-27,27,-23,-16,37,16,27,9,39,21,-24,-18,11,17,28,17,35
45.9200,44,-87,-19,13,48,13,76,-8,12,64,-20,14,9,-152,69,2,45,34,-18,13,-23,51,-55,13,-33,-32,-16,18,-51,77,84,109,30,-75,-16,10,31,44,74,59,67,-53,-16,17,92,122,0,-14,26,-28,-13,25,18,29,12,35,24,-17,-19,13,19,28,16,33
45.9400,23,-95,-16,11,50,62,102,26,40,60,-16,12,-32,-176,49,-18,56,22,-18,18,5,74,-67,-7,-33,-12,-18,13,-67,61,61,118,31,-65,-14,15,14,17,74,75,63,-63,-19,14,97,115,15,-7,23,-23,-15,30,12,23,16,35,22,-28,-15,17,23,27,16,33
45.9600,0,-92,-19,13,47,93,113,52,60,52,-17,16,-56,-178,36,-35,62,14,-17,14,32,84,-69,-22,-23,8,-20,12,-80,42,41,109,29,-53,-17,14,-11,-10,71,83,53,-72,-19,18,83,99,36,11,23,-26,-15,31,16,29,16,37,22,-25,-16,17,19,28,10,37
45.9800,-20,-80,-11,10,26,110,120,83,83,34,-17,14,-62,-178,16,-47,66,-1,-19,15,62,103,-58,-27,-10,22,-13,10,-86,28,12,100,28,-47,-15,13,-26,-33,54,86,43,-85,-21,17,67,81,57,25,22,-25,-19,31,18,30,15,33,26,-22,-16,12,21,27,10,34
46.0000,-35,-66,-18,12,4,110,122,108,93,10,-16,13,-53,-158,12,-54,68,-25,-18,14,88,112,-45,-28,6,36,-21,15,-75,27,-13,83,28,-37,-15,14,-33,-48,36,87,36,-77,-15,15,52,56,69,39,24,-26,-16,23,16,30,16,38,23,-26,-15,12,14,29,14,36
46.0200,-37,-48,-13,15,-21,96,111,124,98,-11,-17,16,-36,-129,18,-51,63,-35,-19,11,104,115,-18,-20,28,41,-21,17,-67,32,-37,57,31,-32,-17,16,-41,-58,18,84,26,-78,-19,20,29,33,75,55,23,-25,-16,31,14,25,12,32,22,-29,-18,16,20,27,15,37
46.0400,-32,-22,-20,13,-42,75,98,133,97,-33,-14,15,-12,-99,33,-44,57,-50,-17,13,117,109,6,-11,46,38,-14,13,-46,46,-58,32,34,-25,-24,17,-37,-52,1,76,22,-71,-19,13,2,6,74,71,23,-25,-18,32,16,31,15,34,21,-23,-15,10,19,28,13,35
46.0600,-22,-5,-16,11,-62,53,76,133,91,-55,-17,14,8,-59,54,-31,49,-57,-15,14,118,102,31,5,56,31,-17,12,-23,65,-77,3,37,-22,-15,13,-30,-46,-18,65,26,-60,-18,14,-13,-12,68,74,23,-24,-14,34,17,32,17,36,18,-20,-16,15,17,26,14,36
46.0800,-18,13,-19,12,-70,33,52,127,66,-73,-20,10,23,-22,70,-13,35,-68,-16,15,104,85,60,24,69,20,-22,14,3,84,-84,-16,41,-24,-16,17,-15,-30,-29,56,23,-55,-19,17,-30,-35,48,85,22,-20,-21,31,17,29,14,35,30,-22,-21,14,20,25,19,37
46.1000,-1,30,-18,13,-79,23,22,106,51,-88,-18,12,25,12,94,9,29,-70,-17,15,84,62,77,44,73,4,-18,16,30,103,-85,-32,32,-25,-14,13,4,-7,-43,51,33,-43,-16,12,-42,-47,38,82,23,-27,-18,32,21,24,15,36,21,-19,-16,11,19,24,18,35
46.1200,15,38,-21,15,-74,24,-9,80,28,-92,-16,10,22,34,103,33,28,-68,-16,12,61,39,87,58,76,-16,-20,9,55,117,-76,-38,26,-30,-16,14,16,14,-39,47,31,-34,-16,14,-45,-47,16,83,21,-22,-18,27,20,28,13,37,17,-18,-16,15,20,30,14,34
46.1400,32,41,-13,19,-60,34,-35,48,0,-95,-15,14,8,50,112,59,29,-63,-10,15,31,18,94,73,68,-32,-18,11,86,123,-59,-39,21,-31,-14,13,28,40,-39,38,34,-30,-19,16,-41,-45,-1,70,24,-19,-15,31,22,28,18,38,23,-20,-18,11,17,28,16,37
46.1600,47,31,-13,14,-40,48,-59,21,-12,-86,-13,15,-14,56,110,83,28,-55,-17,14,-2,-6,91,84,57,-52,-19,15,108,121,-38,-31,15,-34,-18,11,41,57,-24,45,35,-31,-17,10,-34,-41,-18,65,29,-25,-13,30,20,26,15,36,21,-25,-19,14,18,25,17,36
46.1800,55,25,-19,15,-18,74,-73,1,-25,-68,-17,17,-36,55,105,98,30,-51,-16,16,-22,-29,81,89,42,-62,-19,12,117,116,-13,-17,14,-34,-17,18,51,70,-16,47,31,-28,-18,12,-23,-24,-30,55,26,-21,-19,32,15,26,17,34,21,-25,-18,10,19,27,14,35
46.2000,56,10,-20,11,13,93,-87,-31,-27,-50,-19,15,-58,42,91,117,32,-44,-18,14,-45,-51,63,87,35,-74,-18,12,111,103,16,1,4,-29,-19,12,60,77,2,49,33,-27,-21,19,0,-1,-40,54,25,-25,-15,31,20,27,14,33,19,-20,-20,12,17,30,12,35
46.2200,59,-2,-18,13,42,110,-84,-43,-29,-26,-17,14,-67,35,79,127,36,-39,-16,12,-58,-63,43,85,26,-77,-17,15,111,84,38,19,4,-30,-14,15,56,84,4,50,29,-35,-19,23,12,21,-45,50,20,-26,-19,32,20,29,13,32,19,-22,-15,16,16,30,15,40
46.2400,58,-23,-16,16,77,122,-72,-40,-24,-6,-18,13,-72,26,55,123,31,-38,-14,16,-65,-64,21,80,20,-79,-17,16,93,61,55,43,-4,-25,-11,14,51,74,20,53,25,-29,-15,12,32,43,-41,49,26,-25,-16,30,17,25,12,38,25,-25,-14,12,18,25,14,34
46.2600,49,-36,-18,15,104,129,-51,-39,-12,4,-19,17,-79,23,32,120,31,-34,-20,15,-57,-63,3,75,14,-73,-17,15,66,41,69,67,0,-18,-17,14,48,67,18,51,16,-29,-22,16,39,63,-37,48,19,-21,-11,30,19,23,11,39,21,-20,-17,13,15,27,15,38
46.2800,43,-54,-11,14,128,124,-19,-30,-4,17,-13,16,-76,27,10,98,29,-34,-15,16,-43,-48,-14,64,10,-63,-15,15,34,15,76,76,3,-10,-13,17,37,52,24,45,11,-29,-21,16,51,77,-25,50,24,-24,-14,36,18,25,13,36,22,-20,-13,18,15,25,16,33
46.3000,36,-58,-12,13,139,121,4,-15,13,23,-17,16,-62,37,-20,80,23,-38,-19,15,-31,-31,-32,61,13,-45,-20,16,6,-8,77,87,11,-4,-18,16,30,39,25,38,9,-28,-16,12,56,80,-18,47,22,-21,-13,28,20,28,13,33,23,-19,-16,10,16,26,9,35
46.3200,31,-65,-17,18,137,103,34,4,31,33,-19,14,-49,45,-40,57,17,-42,-15,19,-11,-9,-43,59,22,-37,-17,15,-16,-25,64,89,15,-6,-20,13,25,21,22,33,9,-25,-14,19,56,83,-4,52,20,-24,-17,35,21,26,20,34,24,-19,-16,11,20,26,17,33
46.3400,24,-63,-20,12,128,86,57,23,46,33,-13,11,-27,66,-56,28,10,-37,-19,13,13,20,-39,55,28,-26,-13,15,-41,-45,45,89,23,2,-17,16,22,9,7,24,7,-19,-17,17,54,81,2,48,20,-20,-14,32,18,24,7,34,23,-21,-15,11,18,29,18,34
46.3600,17,-59,-18,18,105,62,82,47,51,23,-18,12,-5,86,-69,3,6,-36,-16,13,27,45,-31,64,35,-27,-20,16,-49,-56,23,78,30,-5,-16,17,17,2,7,21,7,-17,-14,19,49,70,11,45,24,-21,-12,35,20,31,14,36,22,-24,-17,10,16,23,16,33
46.3800,26,-55,-17,15,74,40,94,62,55,10,-24,12,24,97,-76,-15,3,-30,-18,13,44,63,-24,71,37,-17,-19,13,-60,-63,8,70,35,-8,-19,15,16,-7,0,16,13,-13,-15,18,45,59,16,39,20,-21,-13,35,19,30,13,34,22,-22,-16,8,14,31,12,34
46.4000,30,-48,-16,12,43,12,98,66,54,-5,-20,16,49,110,-72,-25,-4,-23,-14,15,53,80,-9,78,40,-20,-18,17,-54,-55,-17,53,41,-14,-18,13,25,-8,-1,10,17,-11,-15,15,35,44,14,30,23,-23,-17,34,18,28,13,37,22,-19,-17,13,19,27,17,37
46.4200,33,-38,-18,11,6,-12,93,75,50,-13,-17,17,74,111,-60,-33,-7,-16,-19,14,57,92,2,74,37,-25,-15,17,-43,-47,-36,47,40,-17,-18,12,28,-6,1,8,28,-12,-16,16,34,32,4,22,23,-27,-14,35,15,29,16,36,21,-22,-12,16,19,28,14,35
46.4400,37,-33,-14,10,-25,-42,76,78,39,-30,-15,13,94,108,-46,-33,-3,-11,-12,14,57,96,15,81,34,-29,-17,16,-28,-30,-54,37,30,-25,-16,15,37,3,4,13,29,-6,-19,14,31,15,1,18,23,-23,-13,31,20,25,20,32,20,-20,-17,17,15,27,13,36
46.4600,38,-35,-21,12,-45,-58,59,74,28,-39,-13,16,104,103,-29,-27,-5,0,-20,15,52,91,24,76,26,-36,-18,16,-10,-9,-63,28,27,-33,-14,11,39,17,5,13,40,-5,-17,17,28,5,-5,15,22,-20,-18,30,18,28,16,35,19,-23,-16,13,19,27,17,30
46.4800,44,-29,-19,20,-58,-68,41,64,21,-46,-15,15,120,93,-7,-14,1,2,-13,17,40,80,27,69,20,-47,-13,16,10,9,-65,27,17,-38,-20,15,42,25,15,24,41,-11,-17,19,31,1,-7,6,18,-23,-14,36,15,30,11,34,24,-22,-17,14,15,27,18,34
46.5000,45,-36,-16,10,-64,-76,18,50,10,-45,-11,17,117,71,18,4,1,6,-10,14,32,67,23,58,14,-44,-17,13,28,31,-57,29,1,-40,-15,17,43,35,23,22,40,-17,-15,13,33,-3,-12,0,24,-26,-11,32,20,32,18,37,23,-21,-18,17,16,26,12,29
46.5200,44,-39,-17,15,-59,-61,1,45,6,-48,-16,13,106,50,38,18,11,5,-17,18,19,52,16,48,10,-41,-13,16,45,46,-48,40,1,-35,-18,12,38,37,27,29,43,-25,-12,15,45,-1,-12,1,19,-20,-14,34,15,26,17,34,21,-24,-15,11,16,31,14,36
46.5400,38,-51,-14,13,-51,-51,-18,35,2,-42,-16,18,91,30,56,30,17,9,-19,16,18,39,7,35,1,-40,-18,15,61,63,-34,50,-11,-39,-16,12,34,43,34,38,36,-33,-22,10,54,3,-7,2,16,-20,-15,32,19,29,17,32,22,-24,-18,16,13,26,13,35
46.5600,28,-59,-18,13,-30,-35,-32,34,14,-39,-16,14,66,9,62,45,23,3,-17,16,15,17,-6,20,3,-27,-12,17,66,74,-18,64,-13,-28,-19,8,27,38,39,42,29,-40,-12,16,57,9,3,10,19,-22,-10,31,19,27,16,37,24,-27,-15,20,19,26,10,36
46.5800,24,-55,-14,14,-10,-9,-33,34,18,-32,-18,11,43,-16,70,60,29,1,-15,19,19,11,-16,9,6,-25,-17,16,66,79,1,64,-16,-18,-12,5,21,30,36,46,14,-41,-15,15,59,17,11,17,12,-23,-16,31,16,29,17,37,23,-22,-19,12,19,26,9,36
46.6000,16,-57,-12,16,7,18,-36,44,28,-28,-14,19,22,-33,65,60,27,-8,-9,14,27,0,-19,6,3,-18,-16,15,61,78,17,69,-14,-4,-14,8,12,22,36,48,4,-46,-16,8,49,23,22,23,16,-24,-19,32,18,25,18,35,21,-21,-18,10,21,30,14,39
46.6200,13,-59,-21,14,31,40,-18,53,40,-21,-12,11,-4,-48,59,60,27,-13,-19,13,35,0,-20,5,15,-5,-20,17,51,73,28,71,-11,6,-17,6,6,9,29,50,-11,-47,-18,12,48,23,29,31,14,-22,-14,30,15,24,14,33,21,-22,-14,15,19,24,15,40
46.6400,8,-48,-18,13,44,57,-11,61,47,-26,-19,13,-20,-55,49,56,25,-21,-19,16,48,5,-17,8,13,0,-18,14,38,57,26,61,-2,16,-18,1,0,-3,25,41,-16,-37,-13,11,38,27,38,40,8,-21,-16,34,16,23,8,33,20,-22,-18,15,22,24,12,38
46.6600,9,-39,-19,15,52,75,3,75,50,-31,-18,14,-32,-61,38,51,17,-30,-18,10,57,6,-3,14,21,0,-14,16,23,48,22,53,4,24,-16,7,6,-5,19,36,-21,-29,-12,12,29,23,32,48,11,-21,-18,34,16,28,9,36,20,-23,-18,11,17,28,15,41
46.6800,6,-29,-14,18,60,85,23,80,57,-34,-11,16,-39,-60,24,42,14,-36,-12,12,65,16,10,19,25,0,-16,16,13,31,6,40,14,24,-16,4,8,-11,11,28,-25,-20,-11,10,20,10,35,49,8,-19,-12,34,19,26,11,37,17,-23,-17,16,15,30,14,38
46.7000,12,-19,-14,13,60,88,28,88,51,-41,-15,15,-38,-58,13,35,4,-37,-20,17,69,26,17,33,33,4,-18,18,1,21,-1,20,27,27,-13,2,10,-4,14,25,-19,-6,-16,11,4,6,34,53,12,-18,-14,31,15,21,17,32,26,-23,-18,17,16,25,17,35
46.7200,14,-10,-16,13,49,86,33,84,41,-51,-15,13,-30,-50,-5,27,-7,-41,-16,13,63,34,30,40,32,-8,-14,15,-2,10,-9,12,44,22,-11,3,12,2,4,12,-17,12,-13,7,-5,-8,25,51,9,-15,-14,33,14,28,15,30,21,-20,-13,9,20,22,12,37
46.7400,23,-6,-20,17,40,82,39,78,32,-57,-14,16,-27,-36,-13,25,-12,-32,-13,15,56,35,41,52,33,-12,-16,18,4,6,-25,4,49,9,-16,2,18,10,5,5,-8,21,-14,9,-5,-11,22,41,10,-13,-13,32,16,28,16,34,20,-24,-18,15,21,24,11,31
46.7600,24,-2,-18,16,20,66,28,63,25,-63,-12,17,-15,-23,-13,28,-20,-31,-16,15,43,33,49,65,25,-16,-17,15,12,-1,-32,2,63,5,-15,6,21,24,11,-4,3,27,-18,7,-6,-21,16,33,12,-13,-17,34,16,28,15,33,25,-21,-21,14,18,28,16,37
46.7800,26,-3,-15,17,9,57,19,46,16,-64,-13,16,-4,-6,-10,35,-19,-20,-16,11,33,26,48,68,19,-29,-16,13,23,-1,-30,-1,61,-6,-14,11,19,29,12,-6,22,31,-13,8,-6,-17,8,27,14,-15,-13,33,16,27,15,32,26,-18,-17,13,14,30,19,31
46.8000,28,-6,-15,16,1,46,4,33,2,-61,-15,17,10,10,-14,45,-26,-10,-12,18,13,19,49,70,12,-31,-13,10,37,7,-25,2,73,-22,-11,22,22,43,21,-9,25,32,-13,7,0,-15,1,16,29,-15,-14,35,22,29,14,32,23,-28,-19,16,16,29,15,36
46.8200,31,-11,-17,15,-5,32,-11,23,0,-53,-15,17,17,20,0,60,-21,0,-13,10,-2,5,46,66,3,-32,-14,10,50,16,-15,8,75,-39,-17,38,24,47,30,-5,45,30,-17,9,10,-6,-3,2,42,-10,-14,38,18,29,15,36,20,-23,-16,18,17,29,15,38
46.8400,23,-17,-13,16,-1,22,-25,7,-1,-44,-15,13,27,31,11,76,-17,9,-21,14,-14,-4,38,61,-9,-40,-15,13,63,28,-4,20,75,-51,-12,60,17,47,39,0,62,25,-16,10,18,9,-2,-8,55,-10,-15,36,14,31,15,34,14,-20,-16,16,18,28,11,30
46.8600,24,-24,-15,14,9,21,-29,0,-3,-31,-15,16,30,38,20,77,-8,22,-14,13,-18,-16,20,53,-17,-36,-13,15,63,30,4,35,75,-63,-14,81,19,47,48,10,68,14,-15,8,25,22,1,-13,79,-15,-15,34,18,29,18,33,21,-26,-15,10,16,26,11,34
46.8800,17,-34,-17,13,28,15,-29,-1,8,-18,-15,15,28,44,26,82,2,23,-17,13,-15,-24,14,46,-19,-31,-15,19,63,39,19,47,70,-69,-11,110,11,42,55,22,73,0,-14,9,33,34,8,-15,111,-15,-15,33,19,29,16,34,23,-25,-14,15,17,23,17,37
46.9000,12,-36,-15,12,46,20,-23,4,11,-11,-12,14,25,51,27,79,4,25,-13,11,-19,-22,2,30,-19,-19,-19,14,55,42,26,54,68,-80,-10,141,0,38,54,27,81,-19,-17,18,35,45,11,-16,132,-15,-13,35,16,31,20,28,23,-22,-15,17,14,28,14,34
46.9200,2,-43,-15,13,67,26,-17,15,15,-5,-14,20,20,51,32,75,23,27,-17,11,-12,-19,-6,19,-18,-10,-14,15,42,42,27,61,71,-80,-12,162,-1,30,57,45,87,-29,-14,29,33,54,23,-12,159,-25,-18,38,18,27,15,28,18,-22,-17,18,13,33,14,41
46.9400,2,-43,-18,10,82,30,-5,25,25,-1,-19,13,13,51,20,61,35,21,-15,8,5,-7,-15,6,-12,1,-18,15,33,39,26,61,64,-84,-13,173,-11,20,51,51,87,-49,-13,43,30,54,36,-6,167,-38,-15,31,13,26,16,30,21,-22,-12,18,15,27,16,35
46.9600,-5,-36,-16,12,88,38,9,36,32,1,-18,18,8,44,17,45,45,15,-16,3,16,9,-13,1,-14,13,-15,17,18,26,24,57,57,-81,-14,163,-14,13,49,64,86,-64,-20,65,24,51,47,2,161,-50,-15,30,14,24,14,26,20,-24,-17,14,18,29,13,37
46.9800,-11,-29,-12,16,86,42,22,50,36,-3,-11,17,6,45,3,35,61,6,-14,4,30,20,-3,-4,-1,23,-11,15,3,12,18,52,44,-71,-15,144,-20,11,42,75,84,-73,-13,86,19,46,53,19,149,-76,-13,32,14,26,15,22,27,-21,-15,16,18,28,14,34
47.0000,-15,-21,-13,14,84,47,36,50,39,-10,-14,15,6,37,-12,18,67,-4,-17,1,33,35,3,-2,12,31,-20,15,-10,5,11,41,39,-66,-16,99,-21,9,37,88,76,-81,-11,114,13,42,59,30,105,-96,-19,35,18,31,14,22,24,-20,-15,13,17,27,16,33
47.0200,-14,-12,-17,11,68,41,46,60,39,-13,-15,12,10,30,-20,5,71,-19,-16,8,43,45,18,4,15,29,-19,18,-11,-5,-1,28,28,-62,-20,32,-24,14,22,90,67,-83,-9,139,3,32,64,41,53,-122,-21,38,18,30,9,28,24,-20,-16,11,16,30,12,31
47.0400,-14,-3,-17,16,49,33,43,64,32,-18,-16,12,17,31,-20,2,80,-34,-18,12,47,56,29,7,30,30,-14,24,-12,-9,-12,11,22,-59,-20,-44,-25,17,13,94,63,-87,-10,152,-13,22,63,51,-22,-141,-15,36,14,32,12,33,29,-15,-18,13,18,27,13,34
47.0600,-8,6,-13,22,36,28,41,63,30,-30,-14,14,29,26,-22,2,84,-41,-20,28,43,63,46,17,39,26,-15,17,-6,-10,-23,-4,8,-51,-20,-129,-21,22,5,96,61,-86,-13,154,-15,9,55,64,-103,-153,-14,35,22,34,13,44,27,-17,-18,19,17,30,10,29
47.0800,-5,14,-17,17,15,10,33,56,16,-38,-13,17,45,21,-20,-2,85,-50,-16,46,36,59,56,24,46,17,-17,16,3,-2,-26,-12,-2,-38,-24,-207,-21,37,-3,91,57,-83,-12,149,-18,6,45,77,-177,-154,-12,35,19,26,18,64,33,-25,-16,17,15,28,12,33
47.1000,1,21,-9,20,1,2,26,44,9,-41,-14,14,56,27,-9,8,83,-72,-13,67,19,55,68,32,58,5,-13,17,15,-1,-31,-25,-7,-33,-26,-277,-14,44,-8,88,43,-75,-15,115,-24,6,38,89,-238,-138,-16,36,22,28,20,85,27,-20,-13,15,14,24,11,30
47.1200,7,23,-17,21,-8,-8,12,31,-5,-46,-13,15,67,21,0,19,74,-77,-13,93,12,44,73,48,68,-4,-19,12,24,13,-25,-24,-15,-24,-29,-322,-12,63,-17,78,32,-66,-18,68,-26,0,22,97,-294,-104,-13,37,18,33,18,112,34,-28,-10,16,16,24,15,28
47.1400,16,17,-15,19,-11,-27,5,19,-9,-47,-13,19,68,24,10,33,68,-89,-12,118,-4,32,73,55,71,-20,-13,8,35,22,-15,-24,-21,-17,-28,-333,-4,70,-27,69,18,-57,-25,3,-28,7,13,96,-305,-57,-11,35,20,28,25,134,33,-31,-15,17,15,29,14,31
47.1600,17,12,-16,21,-8,-24,-4,0,-17,-44,-11,22,64,22,16,41,55,-88,-9,140,-18,18,69,66,75,-35,-15,0,44,35,-4,-15,-31,-9,-28,-307,5,74,-28,58,9,-54,-24,-73,-21,14,0,95,-294,8,-13,37,22,33,28,152,28,-33,-18,15,17,23,12,30
47.1800,21,6,-17,18,1,-20,-17,-8,-26,-38,-16,21,64,23,28,54,42,-95,-8,150,-26,7,63,81,75,-53,-13,4,46,46,18,-5,-30,-1,-24,-247,10,74,-35,44,-2,-43,-29,-154,-24,25,-8,96,-248,83,-19,37,19,24,29,164,24,-35,-18,15,17,25,14,33
47.2000,22,-2,-13,19,10,-13,-21,-18,-24,-28,-15,24,52,18,34,62,26,-95,-15,152,-39,1,48,87,69,-67,-14,11,50,47,33,11,-32,5,-15,-167,23,81,-35,35,-17,-38,-32,-223,-18,41,-21,87,-173,157,-13,38,17,25,26,164,18,-35,-16,16,21,26,20,31
47.2200,27,-9,-15,17,19,-1,-12,-23,-31,-19,-13,22,37,11,39,68,13,-84,-15,129,-39,-8,35,95,68,-77,-13,23,45,48,49,22,-33,9,-12,-65,30,71,-31,21,-32,-31,-35,-274,-11,54,-25,82,-82,208,-10,36,12,26,16,149,13,-42,-18,17,16,29,14,35
47.2400,34,-18,-17,8,35,16,-2,-19,-26,0,-12,24,28,4,37,71,-13,-85,-14,84,-47,-10,24,106,60,-84,-14,40,29,46,58,40,-27,14,-10,45,47,66,-38,17,-44,-17,-33,-300,-2,64,-37,75,19,251,-12,36,4,24,3,110,7,-43,-15,17,15,29,19,40
47.2600,38,-30,-17,4,45,28,10,-15,-20,-1,-14,25,12,5,32,73,-26,-68,-25,27,-35,-6,9,114,54,-89,-11,58,18,40,67,60,-21,21,0,155,54,57,-29,3,-48,-9,-37,-298,8,76,-40,67,132,271,-9,39,7,26,-13,51,10,-40,-14,19,17,27,15,39
47.2800,48,-30,-14,5,56,39,28,1,-9,20,-18,25,0,-7,25,67,-40,-55,-27,-40,-28,7,-2,117,46,-89,-12,85,-3,29,74,71,-13,23,0,254,59,46,-24,1,-47,6,-27,-261,19,82,-41,59,233,259,-14,36,3,20,-40,-12,4,-34,-14,14,18,27,23,48
47.3000,54,-37,-10,4,58,48,45,14,4,24,-14,23,-2,-3,15,53,-47,-36,-30,-116,-26,20,-12,117,45,-85,-10,107,-14,23,71,90,6,23,-8,341,72,37,-25,0,-39,20,-18,-203,28,82,-45,48,326,229,-12,36,0,19,-60,-86,11,-28,-17,15,17,27,17,54
47.3200,68,-36,-13,11,55,47,57,30,20,36,-15,21,-11,-12,8,41,-53,-11,-40,-182,-14,36,-20,119,40,-71,-10,129,-37,10,58,104,26,29,-12,401,77,26,-16,-2,-29,38,-8,-121,36,81,-41,43,395,169,-16,36,2,22,-82,-152,17,-15,-11,16,16,25,21,57
47.3400,82,-42,-9,12,43,51,72,42,34,34,-14,22,-6,-15,0,23,-44,8,-43,-239,-3,54,-29,119,41,-66,-13,133,-46,0,47,107,42,34,-22,444,76,20,0,-5,-4,55,5,-22,43,76,-43,30,447,89,-12,40,14,23,-99,-208,28,-5,-17,15,15,24,18,59
47.3600,88,-34,-14,25,25,49,81,52,50,37,-15,17,-5,-14,-12,10,-37,31,-40,-274,3,74,-31,112,38,-48,-16,127,-55,-5,25,114,63,29,-30,449,76,13,8,-8,15,60,11,83,59,65,-43,15,465,0,-16,38,27,28,-97,-243,37,1,-13,16,10,34,17,59
47.3800,97,-39,-13,48,12,43,81,59,63,35,-12,10,6,-9,-20,-8,-27,48,-37,-284,16,87,-39,92,32,-37,-15,112,-53,-7,8,109,72,27,-39,427,75,5,13,0,31,64,19,176,69,48,-41,1,446,-96,-13,36,45,35,-94,-251,43,12,-15,12,13,26,10,53
47.4000,98,-45,-11,64,-3,33,79,65,72,23,-10,5,18,-1,-20,-25,-15,65,-32,-257,24,93,-44,73,20,-26,-20,73,-53,-5,-12,102,84,17,-41,373,68,-1,33,-3,48,62,15,264,76,36,-29,-15,395,-193,-10,39,62,35,-67,-230,47,6,-16,17,11,26,7,42
47.4200,87,-51,-11,84,-23,22,70,59,78,13,-14,4,27,8,-21,-31,-3,69,-16,-206,35,98,-50,52,9,-15,-29,19,-43,6,-36,88,91,0,-34,282,57,-5,40,-4,68,49,9,339,78,28,-28,-36,309,-276,-11,38,86,41,-28,-195,44,8,-15,17,11,34,-1,29
47.4400,74,-59,-16,104,-35,13,57,59,72,-9,-16,3,42,11,-16,-41,3,66,-7,-138,39,99,-54,22,-11,-12,-29,-44,-33,23,-58,74,87,-14,-23,171,45,-7,47,-7,67,38,-1,396,80,16,-24,-48,192,-347,-17,39,104,50,27,-132,34,-4,-17,17,14,27,1,18
47.4600,54,-71,-12,115,-47,5,36,47,64,-34,-17,-5,44,13,-3,-53,7,61,10,-53,55,89,-54,-6,-28,-13,-32,-108,-16,37,-75,54,76,-33,-8,40,28,-8,55,-13,66,15,-14,419,83,7,-12,-64,53,-398,-13,42,114,52,89,-58,26,-12,-15,21,13,28,-10,3
47.4800,26,-84,-20,114,-50,-2,20,44,53,-53,-12,-3,51,23,9,-44,4,46,22,39,57,74,-58,-32,-48,-15,-38,-167,-4,53,-89,37,61,-59,10,-96,18,-11,59,-14,60,-10,-29,422,83,-3,-2,-70,-94,-424,-13,41,109,57,147,26,10,-28,-16,17,16,31,-9,-3
47.5000,-3,-91,-20,100,-45,-4,-4,40,38,-70,-11,-5,55,24,27,-39,2,25,29,126,69,58,-55,-58,-68,-11,-41,-209,18,71,-94,22,41,-78,33,-224,2,-14,62,-10,47,-34,-36,390,78,-18,14,-68,-233,-420,-18,42,97,54,196,119,-2,-39,-10,18,23,24,-14,-12
47.5200,-35,-92,-24,78,-34,3,-15,37,26,-93,-7,3,45,27,44,-21,-3,3,28,210,73,45,-48,-73,-79,-7,-41,-233,42,88,-97,17,16,-91,45,-333,-7,-12,62,-6,40,-59,-44,329,72,-19,25,-57,-355,-383,-11,37,75,45,234,205,-18,-44,-15,20,26,27,-15,-9
47.5400,-57,-92,-25,37,-28,10,-30,50,15,-103,-12,20,42,24,66,2,-9,-13,26,288,85,23,-32,-69,-86,-2,-34,-228,59,98,-91,7,4,-104,51,-407,-15,-9,58,8,25,-73,-41,238,57,-26,45,-39,-441,-317,-13,38,43,33,251,285,-22,-57,-15,17,27,26,-4,-5
47.5600,-74,-83,-30,-9,-3,27,-34,59,6,-109,-14,39,31,19,76,26,-7,-33,12,348,92,9,-18,-64,-84,3,-23,-206,74,106,-73,9,-5,-104,55,-437,-21,-11,57,24,22,-90,-40,129,47,-28,72,-15,-486,-219,-14,42,-4,19,252,353,-25,-54,-15,18,37,24,6,14
47.5800,-84,-63,-35,-61,10,41,-27,71,-2,-111,-16,60,19,11,91,52,-10,-42,-1,386,97,-2,7,-43,-69,16,-9,-166,85,103,-59,15,-4,-98,41,-426,-22,-8,55,45,23,-92,-33,5,33,-32,85,17,-483,-95,-14,43,-54,-5,228,406,-25,-58,-11,15,39,27,17,30
47.6000,-82,-42,-38,-110,27,61,-23,89,3,-102,-9,91,6,9,102,84,3,-52,-16,406,98,-14,41,-14,-51,26,8,-106,92,101,-42,19,-3,-92,23,-378,-24,0,59,66,26,-92,-19,-129,15,-27,105,48,-429,31,-12,39,-99,-37,188,434,-17,-45,-14,16,39,26,38,50
47.6200,-68,-19,-39,-152,43,73,-17,103,13,-91,-18,113,-16,-2,112,109,16,-51,-38,391,93,-20,71,16,-18,35,24,-41,96,81,-15,22,12,-76,-2,-300,-19,9,63,94,40,-85,-8,-242,-3,-28,114,77,-337,162,-13,39,-143,-53,132,430,-2,-33,-12,18,37,29,52,66
47.6400,-48,9,-37,-178,60,93,-6,110,23,-77,-15,126,-28,-10,110,135,33,-51,-52,347,77,-23,104,54,14,45,39,35,97,73,6,29,25,-57,-26,-206,-17,12,63,110,54,-73,6,-334,-15,-30,126,103,-225,284,-15,43,-167,-78,70,398,23,-21,-12,19,36,23,63,81
47.6600,-21,40,-30,-184,62,102,9,113,36,-54,-17,135,-47,-10,95,146,55,-36,-61,274,64,-24,124,79,44,52,44,109,88,50,24,27,42,-40,-50,-106,-14,28,60,123,70,-55,15,-393,-36,-25,128,120,-99,374,-15,39,-182,-90,-6,328,47,-1,-10,19,26,25,71,89
47.6800,14,59,-20,-177,60,106,12,106,44,-34,-18,124,-61,-11,78,146,77,-33,-64,177,33,-29,143,102,82,52,42,187,75,27,40,22,63,-27,-72,-13,-16,38,54,128,91,-43,23,-406,-54,-18,116,127,27,427,-15,36,-178,-91,-83,227,70,7,-15,23,15,25,69,95
47.7000,47,74,-3,-149,52,103,15,90,51,-12,-16,102,-72,-14,55,147,97,-26,-60,59,4,-36,152,118,107,49,32,252,63,6,45,18,81,-9,-93,66,-20,48,49,126,109,-26,23,-393,-72,-13,98,127,142,436,-11,38,-167,-71,-161,109,88,18,-17,14,1,22,65,94
47.7200,75,84,11,-110,38,94,11,66,56,-4,-23,63,-76,-12,22,133,111,-16,-49,-66,-33,-32,141,122,129,42,22,303,45,-11,45,8,95,-5,-114,134,-23,59,35,113,120,-14,27,-339,-82,-5,68,119,232,415,-12,41,-129,-40,-227,-32,101,18,-14,19,-17,22,53,84
47.7400,91,82,26,-52,34,81,-9,39,58,13,-23,18,-77,-4,-7,118,129,-18,-41,-187,-65,-34,121,118,142,24,2,341,26,-33,41,2,103,6,-123,186,-31,67,13,106,128,-11,17,-262,-89,9,35,104,304,353,-15,38,-84,3,-284,-159,113,16,-13,15,-28,14,29,61
47.7600,106,68,32,4,24,56,-20,4,50,16,-24,-34,-70,16,-43,87,129,-20,-26,-285,-89,-28,92,106,143,11,-18,353,0,-47,35,-10,99,4,-130,219,-37,71,-5,79,125,-12,12,-182,-88,18,0,83,333,261,-18,38,-25,51,-328,-281,109,10,-15,21,-44,14,8,46
47.7800,114,51,41,74,15,38,-31,-24,39,26,-29,-95,-60,23,-77,67,127,-29,-8,-359,-113,-30,60,88,128,-13,-45,340,-11,-56,21,-18,88,-2,-121,241,-37,72,-32,58,110,-19,-4,-87,-81,30,-34,60,344,154,-15,40,33,103,-347,-368,101,0,-14,14,-41,7,-16,26
47.8000,102,27,48,133,21,21,-46,-58,27,16,-31,-136,-39,38,-107,39,110,-38,7,-390,-123,-21,16,64,113,-37,-58,302,-21,-58,14,-20,69,-14,-103,244,-34,73,-54,36,84,-27,-17,-3,-62,46,-66,36,325,41,-12,38,94,155,-337,-423,80,-17,-13,16,-37,8,-35,5
47.8200,85,1,38,186,26,-3,-54,-74,10,14,-27,-170,-14,61,-119,6,83,-49,27,-381,-109,-9,-18,43,80,-60,-77,241,-24,-61,5,-26,38,-23,-73,236,-25,67,-71,16,51,-49,-34,72,-43,57,-83,14,284,-62,-19,43,162,199,-297,-434,50,-36,-13,20,-32,12,-51,-11
47.8400,55,-31,23,237,35,-15,-51,-84,-19,7,-21,-190,16,77,-132,-16,52,-67,37,-346,-98,1,-52,23,48,-79,-78,149,-27,-54,1,-27,8,-36,-30,223,-12,65,-86,-3,9,-57,-55,131,-14,75,-95,-3,225,-150,-16,44,221,232,-231,-403,11,-53,-13,24,-15,20,-65,-25
47.8600,19,-66,10,269,51,-15,-50,-89,-42,-6,-13,-197,50,92,-132,-38,14,-83,49,-286,-69,19,-76,10,9,-96,-87,39,-23,-42,-3,-14,-30,-45,23,198,6,62,-97,-20,-32,-73,-74,175,16,92,-100,-11,159,-229,-11,41,268,254,-129,-343,-24,-69,-11,20,7,23,-69,-34
47.8800,-11,-84,-18,287,66,-24,-31,-82,-68,-18,-1,-184,83,106,-122,-52,-32,-92,54,-208,-35,45,-92,5,-30,-110,-79,-68,-14,-19,-1,-3,-61,-50,75,163,33,57,-96,-30,-79,-78,-85,215,45,103,-97,-14,80,-281,-13,36,306,253,-15,-254,-64,-80,-13,18,36,38,-61,-31
47.9000,-48,-100,-37,288,80,-16,-10,-64,-95,-24,8,-150,116,116,-103,-63,-74,-102,53,-122,12,68,-89,2,-58,-116,-72,-178,-6,7,1,8,-91,-57,124,123,62,57,-82,-28,-116,-82,-99,238,75,113,-88,-8,-2,-316,-18,43,319,231,108,-154,-90,-89,-11,18,62,54,-48,-22
47.9200,-76,-105,-56,265,96,-3,18,-38,-106,-32,24,-102,138,118,-78,-60,-104,-103,43,-38,48,96,-84,12,-83,-115,-53,-261,4,22,8,26,-112,-56,172,80,93,55,-69,-23,-144,-73,-93,249,101,118,-65,4,-70,-317,-12,42,308,198,222,-47,-115,-85,-14,20,79,66,-31,-5
47.9400,-89,-99,-78,220,95,11,50,-4,-102,-32,33,-41,156,119,-38,-50,-132,-99,19,32,81,121,-66,28,-91,-101,-39,-316,13,48,17,51,-120,-50,189,30,112,60,-52,-14,-143,-57,-80,242,113,125,-43,22,-122,-302,-11,43,272,155,321,55,-122,-70,-14,19,97,71,-2,18
47.9600,-89,-91,-96,156,96,16,80,35,-96,-19,42,22,163,99,-3,-31,-137,-81,-3,93,112,137,-35,52,-83,-78,-8,-345,23,69,29,75,-117,-35,190,1,135,58,-28,10,-137,-27,-50,227,123,111,-11,47,-152,-269,-19,38,210,94,389,149,-111,-55,-15,20,104,76,21,46
47.9800,-79,-70,-99,75,84,25,110,70,-75,-17,30,92,169,81,36,-5,-139,-52,-27,139,126,150,-6,80,-67,-57,14,-342,32,79,41,100,-98,-17,167,-20,141,51,1,25,-111,-2,-16,203,126,93,17,66,-150,-219,-14,39,131,19,427,226,-88,-23,-17,20,101,79,47,72
48.0000,-49,-39,-94,-10,68,26,126,98,-32,-2,23,160,151,51,76,15,-116,-17,-60,180,129,144,27,112,-37,-22,43,-301,31,83,49,119,-67,9,117,-26,136,44,33,47,-74,32,26,166,116,71,46,87,-131,-149,-16,41,30,-60,429,280,-52,5,-12,18,94,67,81,91
48.0200,-11,-14,-92,-101,40,21,142,130,4,17,13,223,130,15,116,39,-81,16,-87,215,121,131,56,132,4,6,68,-247,32,86,52,131,-27,29,55,-24,131,37,62,64,-23,63,74,121,105,44,66,98,-77,-82,-10,36,-62,-133,398,322,-9,34,-13,22,79,53,96,106
48.0400,31,14,-69,-181,16,12,151,141,44,31,-6,272,98,-27,143,61,-32,48,-109,233,102,110,82,145,46,28,82,-178,24,78,54,138,18,47,-14,-4,110,19,81,76,29,89,106,77,86,9,83,100,-15,-11,-12,42,-161,-210,344,344,36,57,-12,22,54,33,108,116
48.0600,83,34,-52,-240,-20,1,143,146,93,35,-30,308,59,-64,162,70,12,73,-118,247,70,78,92,146,84,47,90,-100,6,65,51,124,57,63,-85,12,82,5,101,83,84,106,133,41,56,-21,84,85,51,47,-14,43,-246,-272,271,344,83,71,-10,21,19,14,112,112
48.0800,122,43,-14,-278,-43,-8,124,131,125,38,-44,329,17,-93,166,76,61,94,-109,246,32,39,90,138,116,53,89,-32,-3,52,40,112,102,69,-136,34,46,-18,106,72,137,106,133,3,29,-43,77,71,115,88,-11,38,-306,-316,178,320,121,78,-10,23,-9,-12,104,93
48.1000,150,43,16,-283,-74,-20,92,109,161,32,-69,323,-28,-121,158,71,98,105,-83,227,-1,-2,87,115,134,57,68,34,-22,36,23,93,130,61,-185,44,4,-40,106,61,169,97,115,-17,4,-73,64,41,165,111,-12,41,-341,-339,89,279,151,71,-11,21,-39,-33,80,73
48.1200,170,34,45,-266,-93,-28,61,85,176,13,-89,291,-75,-141,141,62,127,97,-42,197,-30,-37,61,85,141,38,38,95,-36,28,-5,64,147,45,-206,55,-33,-54,93,38,189,70,82,-24,-27,-86,41,5,198,118,-9,40,-350,-320,-14,216,161,48,-17,14,-72,-49,51,48
48.1400,168,12,76,-229,-106,-26,21,52,180,-3,-95,230,-110,-145,102,46,137,78,1,157,-64,-72,31,48,134,19,1,142,-55,11,-27,38,151,21,-210,51,-71,-70,68,17,187,39,42,-22,-49,-99,12,-23,205,93,-11,37,-335,-276,-99,140,162,22,-13,21,-90,-54,23,13
48.1600,160,-16,97,-175,-108,-26,-17,24,165,-32,-95,142,-138,-145,70,28,147,53,41,114,-83,-91,-5,7,126,-5,-39,183,-54,5,-53,9,140,-5,-190,48,-95,-75,44,-5,170,-5,-5,-6,-62,-96,-19,-54,190,54,-14,40,-288,-208,-177,69,149,-5,-11,22,-99,-60,-10,-16
48.1800,134,-48,113,-116,-100,-11,-57,-4,146,-60,-92,45,-153,-127,28,15,138,21,76,69,-91,-103,-41,-28,97,-36,-77,213,-61,1,-76,-12,121,-29,-161,34,-114,-77,13,-22,146,-46,-53,4,-71,-83,-40,-69,157,6,-15,40,-222,-102,-237,-3,123,-41,-16,19,-100,-54,-44,-36
48.2000,100,-71,110,-54,-83,7,-86,-23,119,-91,-79,-60,-149,-99,-5,3,116,-19,98,29,-84,-96,-72,-59,62,-56,-105,236,-52,10,-96,-26,90,-58,-119,16,-120,-65,-17,-37,106,-79,-97,21,-62,-67,-55,-74,112,-47,-15,40,-146,12,-284,-57,92,-71,-14,19,-91,-39,-65,-48
48.2200,52,-96,101,3,-56,28,-105,-33,85,-111,-60,-155,-143,-64,-38,0,89,-49,104,-2,-69,-84,-91,-68,32,-72,-122,242,-35,20,-104,-28,63,-79,-76,3,-112,-47,-35,-37,63,-114,-121,39,-52,-41,-61,-74,58,-93,-13,40,-60,131,-301,-88,60,-99,-11,19,-66,-15,-80,-48
48.2400,17,-112,77,56,-20,58,-110,-26,47,-128,-31,-237,-112,-23,-62,3,54,-82,92,-15,-32,-59,-99,-71,-5,-87,-120,241,-9,25,-105,-24,32,-97,-33,-15,-92,-26,-51,-34,18,-136,-140,41,-30,-10,-58,-56,10,-130,-9,46,23,249,-299,-100,22,-114,-11,24,-37,15,-80,-37
48.2600,-22,-120,39,110,19,86,-105,-6,10,-136,-1,-289,-77,29,-71,10,15,-104,66,-20,2,-25,-94,-59,-34,-86,-106,221,13,43,-97,-14,0,-110,14,-28,-58,4,-50,-15,-25,-139,-139,42,-5,24,-45,-29,-51,-148,-14,44,112,343,-280,-86,-12,-123,-17,19,4,47,-68,-26
48.2800,-53,-119,-9,151,59,116,-87,13,-19,-133,35,-318,-28,76,-72,31,-14,-117,35,-15,41,17,-72,-35,-56,-87,-80,185,50,53,-81,4,-25,-105,50,-39,-21,34,-49,-1,-57,-140,-133,38,20,58,-18,4,-93,-146,-12,41,181,412,-229,-55,-39,-120,-13,19,37,79,-50,-1
48.3000,-84,-104,-47,179,93,141,-57,37,-45,-122,72,-307,13,125,-63,46,-45,-123,3,-2,77,59,-42,-7,-67,-82,-49,142,72,78,-58,19,-44,-95,86,-45,13,76,-27,19,-73,-122,-121,29,43,94,10,34,-130,-138,-14,44,238,449,-163,-17,-64,-107,-13,18,72,111,-26,31
48.3200,-100,-80,-85,200,117,152,-26,60,-72,-109,99,-281,56,167,-47,66,-71,-115,-27,8,105,96,-7,25,-77,-62,-7,100,100,91,-34,40,-56,-81,104,-56,52,107,-12,45,-88,-96,-96,17,63,121,35,68,-149,-111,-12,39,285,451,-91,26,-75,-89,-13,22,94,137,8,56
48.3400,-102,-55,-115,208,135,172,4,79,-79,-89,122,-227,94,194,-25,81,-82,-96,-58,19,122,129,31,55,-76,-40,28,51,123,102,-7,54,-59,-64,122,-62,84,140,11,67,-92,-63,-66,2,73,140,62,98,-155,-77,-10,39,309,424,-15,66,-83,-69,-13,24,110,154,35,78
48.3600,-98,-28,-134,208,144,165,29,98,-72,-65,133,-166,119,210,-7,93,-86,-80,-74,25,128,146,64,85,-68,-23,59,15,133,103,21,65,-54,-42,122,-54,101,157,40,86,-79,-33,-38,-12,79,142,74,112,-148,-37,-13,40,304,373,51,98,-71,-43,-9,20,119,158,55,97
48.3800,-78,0,-138,195,135,153,50,99,-67,-40,133,-96,134,210,9,100,-82,-54,-85,22,120,157,92,106,-47,-5,70,-13,128,93,41,69,-41,-26,110,-52,111,167,52,91,-55,0,-5,-21,74,138,81,122,-124,10,-9,36,285,287,107,112,-56,-17,-10,18,114,152,69,104
48.4000,-53,27,-121,177,125,129,61,94,-57,-14,111,-29,134,192,25,106,-64,-26,-96,15,100,146,113,127,-23,20,72,-32,123,77,45,78,-20,-4,88,-37,106,165,59,101,-29,30,28,-38,61,120,83,121,-93,48,-7,40,242,194,139,116,-32,10,-12,14,98,125,79,109
48.4200,-18,47,-98,140,97,89,64,87,-34,14,73,41,125,158,29,108,-43,7,-90,7,69,119,116,133,0,33,64,-35,99,52,53,76,2,9,56,-29,94,139,71,92,7,56,54,-47,43,91,80,110,-51,78,-13,35,187,91,152,100,-5,35,-11,19,70,96,78,109
48.4400,7,59,-64,102,76,49,52,73,-19,41,31,94,99,120,30,100,-16,27,-89,-4,36,85,115,131,23,44,55,-29,73,23,48,68,30,23,20,-13,73,109,65,89,36,69,76,-53,21,58,62,96,-12,101,-8,38,117,-14,136,82,23,47,-11,20,40,57,68,100
48.4600,30,68,-28,56,48,-7,45,58,12,50,-22,145,79,67,27,87,13,45,-66,-18,-1,42,92,118,44,45,27,-18,40,-14,43,57,47,30,-17,10,44,73,63,73,62,70,93,-58,-1,19,43,77,36,118,-13,35,47,-112,110,57,48,51,-9,16,14,11,51,76
48.4800,58,63,4,23,25,-49,33,34,30,61,-71,185,53,10,21,72,36,56,-60,-27,-34,-15,74,103,58,43,9,-2,13,-51,38,45,64,35,-45,24,21,28,46,59,91,68,92,-55,-15,-22,24,50,71,115,-10,38,-15,-197,81,17,64,54,-12,18,-8,-36,32,61
48.5000,75,51,33,-5,7,-93,15,10,44,57,-120,217,25,-41,8,53,51,61,-32,-37,-60,-52,44,81,65,36,-10,9,-21,-73,15,31,76,27,-75,38,-10,-18,28,46,96,55,87,-43,-28,-53,-2,24,94,108,-7,38,-66,-262,40,-10,76,45,-14,21,-31,-70,14,40
48.5200,84,35,51,-22,-6,-118,3,-3,51,54,-152,232,-2,-80,-4,35,71,49,-12,-44,-78,-89,13,58,69,23,-30,17,-43,-96,5,16,86,17,-89,48,-32,-51,14,27,102,36,69,-35,-40,-73,-25,6,102,86,-13,39,-98,-305,4,-41,81,29,-8,18,-51,-95,-9,24
48.5400,85,16,58,-29,-13,-135,-11,-14,58,37,-172,238,-18,-112,-19,16,72,42,15,-49,-89,-105,-7,35,68,11,-49,20,-59,-104,-9,6,89,0,-93,44,-43,-80,-7,13,98,12,45,-18,-39,-84,-35,-14,102,56,-9,42,-117,-325,-26,-61,76,13,-9,21,-58,-110,-34,0
48.5600,81,-3,61,-27,-15,-133,-20,-27,58,23,-166,228,-29,-136,-31,-5,75,23,35,-55,-81,-112,-36,21,62,-8,-64,13,-67,-100,-24,-5,74,-15,-87,38,-51,-95,-20,-4,91,-19,13,-2,-41,-83,-43,-29,93,21,-10,37,-109,-319,-42,-79,68,-7,-11,21,-50,-108,-39,-11
48.5800,74,-28,56,-19,-11,-119,-24,-31,54,-4,-159,209,-35,-132,-35,-21,75,-2,52,-55,-66,-104,-50,1,52,-23,-69,5,-66,-89,-35,-5,68,-31,-75,36,-46,-91,-31,-7,79,-41,-10,12,-28,-72,-51,-36,80,-12,-11,39,-92,-284,-47,-85,62,-25,-14,24,-41,-91,-47,-19
48.6000,58,-48,41,-10,-9,-96,-16,-25,50,-21,-121,177,-24,-118,-40,-30,65,-21,62,-48,-47,-83,-54,-6,43,-39,-74,3,-58,-58,-40,-8,60,-45,-62,28,-37,-81,-38,-8,62,-61,-37,24,-10,-45,-45,-35,56,-43,-14,44,-61,-223,-44,-84,50,-40,-9,17,-25,-66,-50,-23
48.6200,46,-60,32,4,-5,-57,-11,-15,49,-34,-78,130,-16,-95,-36,-29,51,-40,64,-42,-16,-47,-57,-7,36,-41,-68,-6,-49,-27,-37,-8,51,-57,-45,23,-24,-54,-40,-11,51,-73,-56,35,1,-16,-36,-28,33,-66,-11,46,-34,-152,-28,-66,37,-58,-11,18,-11,-24,-39,-17
48.6400,32,-72,13,12,5,-20,-6,-5,38,-47,-35,83,0,-72,-27,-25,42,-58,62,-31,10,-4,-49,-4,32,-47,-63,-15,-34,4,-36,1,42,-68,-34,18,-13,-22,-34,0,37,-81,-73,42,12,21,-22,-7,25,-81,-9,44,-5,-69,-6,-46,31,-68,-13,24,10,13,-32,-3
48.6600,19,-69,-7,20,10,22,14,15,28,-57,11,33,15,-36,-14,-13,29,-63,44,-14,28,35,-29,5,24,-55,-48,-25,-16,40,-22,12,29,-69,-21,18,1,15,-26,11,28,-82,-76,41,33,55,-1,10,19,-84,-9,40,23,15,21,-19,21,-69,-9,19,21,48,-9,6
48.6800,12,-65,-25,18,12,57,29,30,29,-62,50,-1,35,-3,3,-2,28,-68,23,6,53,80,-11,21,21,-49,-25,-28,8,77,-16,25,25,-70,-9,26,24,50,-6,23,20,-76,-78,38,35,77,17,31,11,-82,-11,42,37,93,49,20,13,-66,-15,18,43,80,8,24
48.7000,8,-60,-37,15,16,89,42,49,19,-67,78,-27,46,25,22,16,17,-73,1,26,64,109,15,39,19,-44,-7,-37,26,101,3,41,21,-66,-6,32,38,80,5,36,17,-69,-71,33,46,102,38,46,13,-80,-8,44,45,144,69,49,10,-59,-9,18,51,103,25,43
48.7200,3,-53,-45,9,16,114,51,60,15,-63,100,-42,58,52,36,31,10,-67,-24,40,71,130,33,53,19,-44,17,-36,40,119,13,48,11,-61,2,37,48,105,19,50,15,-59,-61,32,51,116,51,62,16,-68,-14,43,44,192,96,76,10,-55,-9,17,57,118,45,49
48.7400,-1,-44,-57,2,13,123,53,70,9,-55,105,-47,59,66,53,40,4,-61,-47,46,68,142,49,64,19,-38,34,-41,50,128,17,56,7,-56,5,49,48,120,39,59,12,-44,-50,27,44,114,59,70,21,-50,-12,40,35,203,106,94,6,-50,-9,21,54,127,54,60
48.7600,-3,-40,-58,-5,13,127,60,76,3,-50,98,-42,51,79,66,52,-3,-59,-50,58,64,139,61,70,14,-35,54,-34,59,124,31,61,1,-50,15,50,54,124,44,57,11,-38,-43,29,37,110,65,82,31,-42,-10,38,27,195,118,106,2,-38,-7,22,51,124,64,68
48.7800,-1,-28,-50,-12,2,119,58,73,-4,-38,84,-26,43,76,70,64,-5,-49,-58,56,48,128,69,78,17,-34,60,-29,51,117,38,62,-3,-43,15,57,40,116,49,67,8,-29,-28,36,26,96,60,79,34,-36,-10,38,5,177,104,99,5,-37,-10,23,38,110,61,67
48.8000,2,-24,-41,-25,4,107,45,70,-1,-36,63,-13,29,69,74,65,-4,-41,-58,50,31,107,68,80,6,-29,61,-18,49,98,35,63,-13,-39,20,60,31,103,44,62,7,-18,-18,39,15,78,57,70,33,-34,-10,39,-12,137,95,92,-1,-26,-8,18,24,87,63,68
48.8200,-1,-11,-29,-26,4,85,37,65,-6,-28,36,0,12,61,63,69,-7,-28,-55,42,20,76,61,77,12,-19,40,-2,41,79,30,59,-12,-32,24,50,19,78,38,67,6,-20,-6,47,-2,54,42,69,31,-26,-10,45,-33,97,76,85,-6,-19,-6,20,8,60,46,61
48.8400,-1,-9,-11,-34,3,68,22,59,-4,-17,10,9,-5,40,51,68,-8,-21,-47,42,2,48,52,79,7,-19,31,9,24,49,27,57,-13,-21,25,54,9,55,30,60,6,-14,3,53,-12,28,30,63,28,-33,-9,41,-51,60,46,65,-6,-15,-8,21,-3,35,32,59
48.8600,0,-6,3,-32,2,46,12,51,-9,-13,-17,6,-24,27,34,64,-6,-11,-38,30,-13,19,31,73,9,-12,11,23,11,24,16,50,-10,-12,20,41,-6,29,20,55,7,-9,7,52,-18,5,11,49,17,-36,-8,42,-58,25,22,53,1,-10,-6,25,-13,10,21,56
48.8800,3,-1,20,-27,7,27,4,46,1,-3,-40,7,-37,13,22,60,-4,-6,-27,25,-24,-8,24,65,6,-10,-9,38,-2,4,8,47,-12,-9,20,31,-11,2,11,55,7,-8,17,56,-26,-7,-7,43,11,-35,-6,44,-64,5,0,44,0,-2,-11,20,-17,-17,10,46
48.9000,4,2,33,-23,17,14,-8,41,1,3,-59,2,-43,-1,7,52,-1,3,-22,24,-23,-25,5,61,5,-3,-31,38,-7,-19,-3,42,-9,-2,14,22,-15,-21,-2,47,1,-6,23,53,-26,-20,-13,35,3,-32,-9,41,-62,-8,-23,40,3,1,-11,21,-22,-20,-4,38
48.9200,12,6,40,-12,20,1,-12,32,0,3,-70,-6,-45,-7,-9,48,-2,5,-19,29,-26,-42,-4,53,14,1,-45,46,-17,-25,-16,34,4,8,12,17,-22,-29,-14,44,3,-4,28,51,-24,-30,-23,30,-8,-27,-7,45,-50,-13,-38,39,6,3,-13,19,-18,-23,-11,34
48.9400,17,6,34,-4,28,-9,-12,31,6,11,-78,-11,-37,-9,-13,39,0,4,-4,37,-27,-42,-17,51,11,-1,-53,46,-17,-28,-26,28,-2,9,13,4,-13,-31,-18,33,5,-2,30,46,-15,-25,-29,29,-12,-25,-11,42,-33,-4,-44,40,8,5,-9,18,-14,-31,-19,32
48.9600,12,5,27,10,28,-4,-12,29,5,8,-77,-14,-28,-8,-27,31,6,2,-2,41,-16,-38,-18,44,13,5,-61,42,-14,-30,-28,28,9,13,10,6,-7,-27,-25,23,5,-3,33,33,-5,-18,-32,22,-13,-15,-9,38,-14,5,-45,39,9,6,-9,20,-7,-24,-23,28
48.9800,16,2,11,24,38,0,-11,20,18,10,-67,-16,-13,2,-34,23,6,3,10,46,-5,-23,-17,33,12,-3,-56,37,-11,-19,-37,15,15,12,8,1,3,-20,-28,21,7,-7,30,23,5,-9,-31,16,-16,-6,-10,39,9,26,-35,39,16,2,-10,17,6,-6,-21,12
49.0000,16,-3,-1,32,34,11,-11,15,17,2,-47,-18,3,11,-33,15,10,1,13,49,2,-11,-23,35,17,-2,-53,33,0,-2,-36,13,17,8,-1,6,12,-10,-30,15,8,-1,25,13,16,8,-30,15,-9,5,-9,41,31,40,-35,38,15,0,-5,22,13,10,-25,12
49.0200,16,-3,-18,43,38,19,-4,7,20,0,-23,-16,18,21,-30,9,10,-7,18,49,14,9,-22,29,18,-5,-49,29,6,9,-37,10,18,9,-6,18,19,12,-25,9,14,0,22,3,26,24,-24,15,0,13,-9,38,45,60,-25,37,19,-8,-9,19,23,22,-21,6
49.0400,23,-5,-28,41,43,31,-5,6,26,-4,-7,-14,35,36,-30,9,8,-9,25,48,20,29,-16,25,25,-7,-43,29,19,28,-36,10,27,-3,-8,26,32,27,-19,5,22,-3,14,-8,33,36,-16,8,15,18,-8,40,53,73,-21,37,21,-10,-9,21,32,41,-19,4
49.0600,22,-11,-38,46,37,36,-2,3,22,-13,18,-18,48,41,-21,7,14,-14,33,47,28,42,-14,22,24,-11,-34,29,27,42,-30,4,29,0,-10,43,29,41,-16,2,25,-9,10,-16,45,54,-11,10,35,26,-9,42,64,82,-10,28,25,-10,-10,23,39,49,-12,5
49.0800,27,-13,-47,42,33,39,1,4,28,-19,33,-9,59,48,-12,13,10,-17,28,35,34,50,-5,26,28,-14,-19,33,33,50,-18,7,35,-9,-23,52,37,52,-5,0,32,-8,1,-14,42,61,-3,10,54,27,-14,43,59,87,-6,27,28,-15,-8,22,43,59,0,11
49.1000,34,-17,-47,40,33,43,9,4,38,-14,42,-2,67,54,0,15,23,-17,25,27,35,60,3,29,33,-14,-12,36,37,59,-11,19,33,-15,-27,60,46,51,4,10,41,-8,3,-11,43,61,8,16,72,22,-8,42,55,82,-4,15,36,-19,-4,21,47,66,9,14
49.1200,36,-23,-46,36,34,49,20,11,42,-22,41,2,70,52,15,24,24,-21,19,16,38,57,16,30,38,-21,0,49,44,60,0,18,35,-20,-33,65,45,59,11,9,44,-14,-2,3,43,63,15,18,80,15,-6,45,52,74,-2,9,42,-18,-6,24,40,62,15,20
49.1400,39,-27,-46,38,29,40,24,14,43,-20,36,14,65,44,27,27,29,-22,10,7,34,62,14,28,39,-19,4,47,44,54,8,25,36,-25,-40,68,44,53,25,15,50,-16,-9,14,47,51,25,23,85,-1,-8,42,42,63,-1,2,39,-25,-3,24,44,57,26,25
49.1600,43,-23,-38,31,31,38,31,20,47,-27,23,17,62,36,36,28,34,-24,2,-2,32,50,31,41,41,-25,17,55,34,50,16,31,35,-26,-41,61,37,49,31,23,46,-17,-12,32,34,45,35,22,85,-17,-12,48,41,45,4,1,41,-23,-11,21,32,51,33,26
49.1800,46,-29,-32,29,30,32,40,27,47,-31,11,28,45,30,42,32,40,-28,0,-5,32,42,33,45,41,-31,27,54,33,45,23,35,40,-26,-42,43,34,41,43,28,42,-24,-21,49,33,39,35,24,73,-38,-9,48,30,24,10,-1,48,-31,-8,19,28,38,39,32
49.2000,49,-34,-30,30,26,24,44,35,49,-33,-9,40,35,18,49,29,35,-28,-7,-6,27,34,37,51,43,-30,34,48,21,31,31,37,42,-30,-39,29,32,29,45,33,45,-25,-26,63,24,30,41,30,58,-55,-11,42,25,12,13,0,41,-34,-6,21,22,27,42,30
49.2200,47,-35,-20,30,20,21,45,35,46,-36,-24,43,19,8,45,35,40,-24,-9,-8,22,29,41,51,42,-32,31,48,16,21,29,44,34,-33,-36,12,28,24,44,37,45,-33,-30,71,20,14,43,30,34,-76,-13,42,26,2,16,5,33,-33,-11,23,12,20,49,34
49.2400,42,-39,-11,40,16,19,49,44,38,-40,-38,38,6,-5,42,31,34,-31,-8,2,16,17,45,52,34,-30,28,37,8,8,26,37,35,-36,-30,-2,10,13,48,40,32,-32,-35,71,10,6,42,31,17,-81,-9,43,23,-4,21,12,32,-36,-5,26,8,10,41,33
49.2600,35,-41,-1,40,12,15,46,46,32,-48,-47,45,-1,-11,40,33,32,-28,-14,17,16,12,36,57,28,-32,31,26,-2,4,25,37,30,-34,-21,-18,7,4,35,39,29,-37,-36,73,0,-7,35,30,-7,-93,-6,43,18,-17,28,24,27,-37,-5,20,-6,2,37,35
49.2800,28,-42,3,43,7,7,41,47,24,-49,-48,41,-13,-15,27,24,22,-38,-16,31,3,6,36,55,18,-38,23,19,-12,-3,15,38,21,-32,-12,-25,1,-5,31,40,18,-38,-43,64,-5,-10,30,30,-24,-89,-10,42,12,-16,38,38,17,-45,-6,22,-9,2,34,36
49.3000,17,-46,21,44,-5,6,36,48,11,-49,-47,38,-21,-18,22,26,14,-40,-14,48,-3,5,31,49,17,-38,10,6,-17,-11,4,35,15,-40,-3,-25,-9,-3,34,34,16,-39,-37,45,-7,-10,23,31,-35,-85,-6,45,6,-12,37,59,11,-45,-8,21,-17,-7,22,37
49.3200,10,-45,24,37,-8,9,32,44,3,-46,-48,31,-22,-17,15,28,7,-39,-10,62,-7,1,27,55,7,-42,8,-6,-18,-9,-4,29,7,-41,13,-20,-12,-6,22,39,10,-39,-35,33,-11,-13,15,33,-43,-66,-12,42,1,-12,45,73,1,-44,-7,25,-22,-6,20,40
49.3400,1,-47,27,37,-12,5,20,47,-5,-48,-38,32,-21,-15,9,33,-7,-41,-16,70,-7,1,25,52,2,-34,0,-9,-21,-10,-11,32,-1,-36,20,-17,-18,-3,12,38,1,-38,-30,15,-12,-11,18,36,-45,-51,-8,44,-6,0,48,87,1,-37,-13,22,-19,-2,12,41
49.3600,-11,-40,27,28,-15,9,13,51,-12,-49,-38,27,-19,-11,5,40,-13,-36,-20,80,-15,-2,19,52,-6,-32,-7,-10,-13,-3,-18,36,-9,-38,26,-4,-21,3,4,44,-1,-30,-23,-5,-9,-7,9,39,-37,-26,-9,45,-14,0,47,97,-11,-34,-10,24,-12,0,7,42
49.3800,-12,-40,29,17,-16,20,9,55,-15,-42,-24,29,-13,-6,7,48,-20,-32,-26,73,-9,5,10,59,-12,-25,-14,-6,-9,5,-14,38,-10,-36,33,8,-24,11,0,39,1,-21,-16,-16,-13,2,1,44,-27,-11,-6,42,-18,8,43,96,-9,-28,-6,24,-11,15,10,45
49.4000,-19,-32,27,8,-10,13,7,51,-15,-29,-17,36,-9,3,2,57,-20,-28,-26,65,-8,13,9,60,-7,-23,-14,0,-1,19,-14,47,-13,-29,31,22,-20,19,2,47,3,-20,-2,-19,-7,13,5,51,-11,12,-7,43,-24,13,34,92,-9,-27,-10,19,-9,21,-2,51
49.4200,-14,-20,19,0,-14,25,3,55,-12,-18,-10,36,-7,13,8,57,-15,-19,-31,45,-3,14,9,70,-6,-9,-14,13,7,27,-13,47,-14,-22,28,34,-14,25,5,41,7,-14,5,-18,3,25,11,48,2,23,-8,45,-33,16,24,81,-3,-12,-5,20,-4,27,5,49
49.4400,-13,-12,11,-11,1,33,-5,57,-3,-12,3,41,1,21,4,62,-19,-11,-31,29,-3,24,5,70,4,-1,-12,28,15,37,-12,55,-2,-15,14,42,-6,33,2,41,12,-10,16,-15,2,34,6,47,14,32,-7,41,-31,23,11,69,6,-5,-8,23,3,38,3,49
49.4600,-7,-5,3,-13,12,43,-5,56,4,-3,11,42,7,32,10,63,-2,-4,-31,8,6,30,11,60,13,4,-17,46,13,46,-3,55,1,-10,9,52,-6,45,4,46,19,-5,21,-3,4,45,12,50,29,36,-6,42,-34,25,-6,44,14,-2,-4,25,7,49,11,50
49.4800,6,9,-2,-16,19,48,2,51,19,6,19,44,14,36,4,61,7,9,-25,-9,16,41,15,63,23,7,-14,57,21,54,1,55,10,-4,-6,49,0,47,6,47,28,-3,22,5,5,49,8,46,47,30,-5,42,-25,28,-22,26,21,8,-6,24,15,51,6,48
49.5000,13,17,-8,-13,25,59,0,53,29,11,28,43,10,45,5,57,18,9,-20,-21,10,43,7,55,26,13,-12,73,19,56,-1,49,21,6,-17,45,1,58,6,39,37,3,37,25,6,56,7,38,57,18,-11,39,-16,38,-34,5,34,7,-8,25,16,56,7,44
49.5200,29,14,-16,1,27,62,1,46,39,8,34,40,9,46,5,48,22,9,-12,-29,24,44,5,50,41,14,-17,75,21,58,-2,42,30,6,-29,35,5,55,5,40,44,2,27,41,3,63,6,37,53,7,-9,43,-9,36,-47,-14,41,9,-7,23,17,58,6,40
49.5400,32,18,-16,13,35,66,5,38,49,7,36,35,12,45,-2,33,33,9,-4,-36,18,50,3,44,44,12,-18,73,21,53,-1,36,42,7,-37,25,7,55,4,32,47,-4,26,46,-2,59,5,28,51,-12,-8,43,-1,48,-51,-28,42,2,-5,25,14,57,-1,29
49.5600,41,14,-13,31,30,65,-1,33,47,4,37,24,8,49,-4,27,39,-1,1,-29,19,49,0,34,45,9,-20,61,16,49,-10,23,46,5,-38,12,8,52,7,25,50,-12,17,56,-5,58,3,13,39,-25,-18,38,19,50,-49,-32,45,-7,-6,26,17,51,0,20
49.5800,39,7,-12,43,35,66,2,24,47,-10,25,17,10,40,-12,9,43,-9,9,-15,16,49,2,23,39,-5,-20,46,15,40,-11,16,53,0,-40,3,11,46,-3,13,43,-18,4,60,-4,50,1,13,27,-42,-7,39,30,58,-44,-33,44,-13,-6,26,16,46,-7,15
49.6000,36,-1,-17,59,33,56,1,13,42,-17,21,7,5,37,-18,10,39,-15,17,-3,18,48,3,10,37,-18,-27,31,13,32,-21,4,49,-13,-34,-3,7,44,0,11,35,-29,-11,56,-1,40,-5,7,17,-54,-4,42,48,63,-23,-22,44,-28,-3,19,14,46,-5,3
49.6200,32,-11,-16,68,34,47,-5,7,35,-27,10,2,12,31,-15,0,32,-31,21,11,11,43,1,9,32,-24,-27,13,8,22,-24,-2,42,-21,-28,-9,13,36,-6,10,32,-31,-21,55,-2,35,-4,4,9,-64,-4,40,55,62,-8,-9,32,-34,-6,25,11,35,-6,-1
49.6400,23,-24,-11,75,25,37,0,7,29,-39,0,-9,17,31,-17,-4,27,-40,29,29,10,36,-7,10,24,-34,-18,-3,9,20,-23,-1,39,-32,-18,5,8,35,-5,6,21,-40,-28,45,3,34,-4,2,0,-67,-6,43,63,68,11,5,21,-40,0,25,14,31,-5,1
49.6600,19,-32,-19,73,26,36,-3,2,13,-46,-7,-16,20,18,-17,2,18,-50,28,41,9,30,5,10,14,-43,-19,-13,17,14,-24,0,31,-42,-6,10,14,26,-1,8,14,-44,-36,37,-1,25,-2,7,-1,-66,-5,43,70,65,30,24,11,-47,-6,22,16,24,-2,8
49.6800,9,-37,-20,66,29,23,2,5,8,-50,-12,-14,26,17,-11,10,11,-56,18,54,9,27,10,21,9,-49,-11,-18,22,16,-23,7,25,-48,4,26,20,26,4,15,10,-44,-42,18,10,23,2,16,9,-54,-7,42,69,64,44,41,10,-51,-6,24,17,21,0,13
49.7000,5,-48,-22,61,31,15,4,9,3,-51,-12,-7,33,14,1,23,0,-59,16,63,9,23,20,24,-3,-47,-5,-24,21,9,-10,14,15,-48,13,44,18,25,6,23,4,-44,-38,3,16,20,7,24,16,-40,-10,46,57,55,59,56,5,-55,-7,21,22,20,11,22
49.7200,1,-43,-18,48,30,12,10,14,-3,-45,-15,-2,37,16,10,34,-3,-56,0,67,11,21,25,39,-1,-48,3,-18,24,19,-4,21,6,-52,16,62,23,25,17,33,5,-38,-34,-5,18,26,14,39,33,-28,-6,47,43,47,70,73,-1,-47,-8,26,24,21,22,35
49.7400,-1,-45,-23,33,30,12,20,28,-4,-38,-14,20,37,18,21,45,-6,-52,-13,60,15,20,32,50,-1,-44,14,-16,28,20,9,35,2,-46,15,79,24,23,23,44,5,-29,-33,-3,24,33,24,48,47,-20,-11,50,24,37,71,80,-3,-40,-1,24,21,26,31,46
49.7600,-2,-38,-19,17,33,15,27,36,-1,-28,-13,37,35,18,35,60,0,-39,-23,57,6,16,40,55,0,-33,23,-3,24,22,20,46,-1,-38,12,87,22,25,32,50,13,-24,-19,-5,20,36,26,59,59,-5,-6,49,11,28,69,78,-2,-35,-8,25,22,23,37,55
49.7800,1,-32,-14,0,28,17,39,45,8,-18,-12,50,36,19,43,69,1,-36,-34,47,9,19,50,73,3,-32,24,11,21,26,29,57,0,-34,7,93,21,29,35,57,24,-15,-10,4,15,35,33,64,73,5,-6,48,-10,10,62,81,8,-26,-7,22,20,25,41,65
49.8000,10,-23,-12,-7,26,20,40,53,13,-9,-6,60,27,23,46,70,8,-27,-41,34,0,21,48,80,15,-17,26,25,14,31,35,60,7,-26,3,87,19,29,42,70,25,-10,0,17,19,38,36,66,77,0,-4,54,-23,-5,48,71,14,-13,-6,25,13,29,38,63
49.8200,16,-18,-4,-9,23,23,46,55,20,-4,-7,72,15,21,44,74,17,-14,-41,19,1,20,47,80,28,-8,27,38,1,35,35,65,11,-14,-7,73,14,28,41,68,32,-5,7,27,13,40,34,68,77,0,-6,46,-36,-18,35,63,20,-4,-6,20,4,35,39,64
49.8400,29,-17,4,-15,16,29,40,55,29,3,-8,77,5,15,39,66,23,-6,-43,10,-7,23,47,80,36,-4,23,47,-7,28,33,61,22,-8,-16,57,5,27,39,69,40,-1,14,41,5,38,34,61,65,-12,-9,48,-39,-25,14,43,30,-4,-2,21,-1,27,30,56
49.8600,32,-11,11,-10,5,27,38,57,36,2,-12,73,-3,9,26,59,34,-6,-40,3,-10,22,35,74,39,-2,11,58,-17,23,20,53,27,-5,-24,38,-1,23,26,65,43,4,16,51,-4,33,20,56,47,-23,-9,45,-43,-29,1,34,33,2,-3,22,-5,27,24,55
49.8800,41,-9,16,-2,-1,28,35,50,45,5,-16,64,-10,6,14,44,39,0,-23,1,-15,19,27,68,45,-5,7,58,-27,20,6,46,33,-4,-31,14,-5,21,20,54,46,-2,16,59,-10,25,12,42,34,-37,-4,46,-45,-26,-17,22,41,0,-4,21,-13,17,16,43
49.9000,39,-8,20,10,-11,23,28,43,44,-1,-18,47,-18,0,1,28,36,-4,-10,5,-14,22,12,65,46,-10,-11,57,-30,11,1,38,34,-2,-26,-11,-16,15,8,48,43,-9,11,60,-11,18,-1,36,9,-49,-4,42,-32,-16,-35,16,40,-5,-2,18,-23,17,0,33
49.9200,43,-13,23,18,-21,22,18,39,41,-9,-21,35,-19,-1,-16,17,40,-9,-6,15,-17,21,1,52,45,-12,-22,52,-31,3,-16,27,36,-7,-24,-24,-14,11,-4,33,39,-10,3,56,-12,13,-13,24,-5,-52,-7,42,-23,-7,-40,12,39,-12,-5,25,-18,13,-13,25
49.9400,38,-23,25,27,-24,18,5,26,35,-20,-17,22,-15,-4,-25,7,31,-16,5,22,-13,19,-8,37,41,-20,-39,47,-28,3,-28,16,30,-12,-19,-32,-14,13,-16,22,38,-18,-6,44,-12,8,-20,9,-25,-50,-6,40,-7,11,-42,13,31,-20,-7,24,-15,11,-20,15
49.9600,31,-29,17,42,-26,11,-2,18,22,-30,-23,8,-12,-4,-39,1,29,-20,16,32,-9,24,-20,29,29,-25,-45,32,-25,0,-39,8,29,-23,-16,-45,-14,7,-25,17,24,-30,-15,37,-10,10,-26,6,-41,-48,-3,39,9,24,-38,20,23,-31,-3,21,-8,14,-27,9
49.9800,21,-35,17,46,-23,12,-9,16,21,-39,-16,-8,-3,3,-34,-5,22,-30,21,47,-4,28,-24,25,21,-34,-46,23,-12,-2,-42,8,19,-27,-6,-45,-4,12,-36,9,24,-38,-23,15,0,6,-28,4,-52,-45,-6,39,23,41,-33,31,16,-37,-6,16,0,16,-31,6
50.0000,13,-37,-1,52,-16,14,-13,14,9,-48,-14,-10,6,6,-33,-1,11,-38,23,54,10,24,-29,21,15,-38,-52,15,2,9,-44,6,18,-38,6,-41,2,11,-31,8,16,-41,-25,9,18,11,-29,10,-57,-37,-6,42,40,59,-26,42,9,-45,-7,25,10,21,-31,10
50.0200,9,-49,-6,55,-4,19,-18,14,-1,-54,-4,-16,20,18,-30,2,3,-43,20,60,18,30,-31,29,6,-43,-39,11,15,14,-39,15,4,-45,13,-32,9,26,-27,6,7,-44,-29,-7,24,22,-23,13,-56,-25,-8,39,51,69,-8,51,4,-41,-3,24,17,28,-20,10
50.0400,1,-51,-17,54,5,28,-15,19,-7,-51,1,-14,36,26,-22,13,-5,-44,19,54,25,37,-21,30,-2,-42,-31,6,27,25,-33,27,-3,-43,20,-21,25,33,-23,10,4,-43,-30,-19,33,27,-16,22,-46,-8,-4,39,56,78,-3,57,3,-49,-8,25,33,37,-15,24
50.0600,-6,-48,-26,48,16,34,-14,28,-8,-51,6,-6,43,35,-8,25,-8,-43,9,43,37,41,-15,37,1,-37,-24,10,37,41,-19,35,-4,-43,24,-4,34,39,-14,26,2,-37,-24,-21,38,39,0,30,-33,1,-2,38,63,83,13,52,0,-42,-2,23,39,47,-4,27
50.0800,-7,-40,-38,38,31,40,-4,38,-10,-42,16,-2,46,40,11,35,-6,-40,-4,34,41,48,2,45,-3,-29,-14,20,46,48,-7,44,-9,-43,22,11,38,46,-1,33,3,-32,-13,-24,41,41,12,39,-17,11,-8,43,56,74,22,50,-5,-34,-7,23,36,50,8,40
50.1000,-7,-29,-47,29,39,50,8,46,1,-36,19,15,46,50,20,51,-7,-34,-13,25,50,50,3,53,5,-19,1,24,51,55,1,54,-6,-35,17,24,40,51,11,42,10,-21,-8,-22,40,51,24,47,2,22,-9,44,53,68,21,51,1,-24,-4,27,46,57,20,53
50.1200,-1,-21,-46,24,43,56,15,58,4,-23,28,26,40,49,33,56,-5,-30,-26,4,49,50,23,63,9,-12,21,37,53,61,16,59,0,-26,9,37,41,54,25,49,13,-14,9,-11,33,54,35,55,18,25,-7,44,38,59,23,41,10,-18,-2,29,43,57,30,57
50.1400,7,-10,-44,16,50,64,27,65,11,-11,25,36,36,47,45,67,6,-18,-30,-6,43,48,26,68,16,-5,22,42,47,62,23,66,5,-16,-1,39,37,53,28,61,23,-9,18,-2,31,57,40,58,37,27,-6,48,28,43,24,28,15,-10,-5,25,41,56,36,61
50.1600,14,-5,-38,15,49,65,31,65,22,-2,23,54,20,38,41,63,13,-6,-29,-13,40,45,36,66,22,2,31,46,39,54,24,63,14,-8,-12,48,36,53,32,62,32,-5,24,5,23,50,43,56,47,22,-7,47,17,27,23,16,20,-5,-8,28,28,53,42,59
50.1800,24,5,-26,11,44,62,35,69,26,8,14,60,10,30,44,60,15,-1,-32,-16,36,39,37,65,29,8,32,43,23,46,24,56,24,-6,-18,47,23,43,36,59,33,2,29,20,14,45,35,57,52,14,-6,50,3,10,15,8,31,3,-2,26,18,44,42,59
50.2000,28,14,-14,12,33,54,39,67,31,9,4,60,1,17,35,56,17,1,-23,-18,18,34,39,62,31,10,25,40,10,33,17,51,24,2,-19,49,15,37,35,57,38,6,28,30,-1,35,34,46,59,2,-4,55,4,-3,16,3,34,-1,-1,25,5,30,31,52
50.2200,33,12,2,24,24,51,35,56,31,7,-8,57,-12,10,23,42,28,3,-15,-19,10,25,36,57,41,7,21,34,1,17,11,35,31,4,-23,49,4,29,29,46,37,3,25,35,-13,29,26,36,58,-2,-9,51,-12,-10,18,-1,33,2,-7,23,-7,22,27,42
50.2400,31,13,13,22,16,34,25,47,24,9,-19,54,-19,-4,15,35,29,1,-8,-11,2,11,29,46,32,3,9,26,-8,5,5,26,32,3,-19,45,-6,13,16,37,31,-1,21,42,-22,13,21,32,52,-19,-7,53,-17,-20,8,-8,31,-4,-6,22,-14,3,17,26
50.2600,36,11,16,25,5,24,17,34,32,5,-29,47,-24,-14,0,17,26,2,3,0,-11,5,26,38,30,2,-4,15,-15,-10,-9,12,34,1,-15,42,-17,3,12,23,32,-7,13,49,-30,0,7,18,42,-28,-3,54,-11,-20,9,-2,27,-7,-8,25,-24,0,8,18
50.2800,25,2,22,32,-3,9,7,21,23,-3,-40,41,-23,-27,-10,12,21,-14,17,5,-14,-4,13,27,24,-7,-11,5,-20,-18,-22,4,24,-8,-9,38,-18,-10,-2,18,28,-15,6,47,-25,0,-7,10,37,-36,-4,56,-12,-21,13,-2,19,-11,-2,26,-23,-7,-4,10
50.3000,16,-6,29,33,-9,-4,-3,12,21,-9,-42,31,-20,-24,-21,6,19,-16,26,22,-20,-8,1,20,21,-15,-24,-2,-18,-20,-27,-1,14,-14,-3,44,-22,-8,-8,8,20,-21,-6,45,-22,-5,-14,6,30,-44,-7,59,-13,-11,19,2,17,-18,-5,26,-23,-12,-11,3
50.3200,15,-17,23,27,-5,-10,-12,4,12,-13,-44,25,-11,-22,-29,1,13,-25,29,31,-17,-8,0,16,17,-21,-23,-3,-9,-21,-34,-5,7,-22,-4,43,-17,-11,-16,5,20,-30,-9,41,-23,2,-19,5,25,-48,-7,59,-9,-3,19,11,14,-25,-1,30,-17,-9,-17,2
50.3400,8,-22,22,22,-1,-13,-15,2,10,-17,-41,13,-7,-12,-24,-5,9,-29,32,37,-11,-7,-8,14,14,-34,-29,-6,-3,-15,-31,-2,10,-24,7,41,-19,-6,-17,4,15,-37,-6,39,-9,7,-17,3,28,-44,-1,60,-12,10,15,19,9,-26,-1,24,-8,-2,-16,6
50.3600,3,-28,12,18,6,-8,-19,1,10,-25,-30,8,13,-6,-24,7,0,-36,32,43,-6,0,-7,11,10,-35,-23,-7,3,-5,-28,1,2,-36,10,46,-6,-1,-12,7,11,-37,-13,34,-3,12,-19,9,22,-47,-1,62,-7,23,24,29,6,-31,-4,23,2,9,-12,8
50.3800,-1,-31,6,16,14,-2,-12,2,4,-31,-18,2,23,4,-19,16,4,-37,27,45,3,10,-5,17,2,-41,-22,0,16,6,-17,12,-4,-32,9,45,0,8,-12,11,11,-37,-16,30,9,22,-13,18,24,-37,-4,59,-4,35,25,40,1,-30,4,28,16,16,-7,16
50.4000,-2,-31,-8,-1,17,7,-10,11,7,-27,-5,11,34,24,-6,22,3,-40,21,43,14,18,0,25,5,-36,-9,3,24,21,-10,19,-7,-30,10,44,14,18,-8,17,13,-31,-12,33,16,33,-5,27,18,-37,-1,56,-2,42,25,45,6,-30,-7,24,21,32,5,27
50.4200,4,-30,-17,-5,30,24,2,17,11,-26,8,12,41,39,11,33,2,-34,6,42,18,28,8,33,8,-31,-3,14,33,36,0,28,2,-26,5,41,20,30,7,27,14,-32,-8,32,22,47,7,31,20,-31,0,50,-1,51,25,52,5,-33,2,24,25,42,14,30
50.4400,7,-25,-24,-5,40,33,16,32,18,-24,19,20,42,47,18,43,2,-33,-3,34,24,40,18,45,15,-25,10,21,31,48,16,43,5,-26,5,28,29,40,12,36,18,-25,-7,31,24,52,14,44,26,-31,-5,44,-5,59,18,59,12,-24,-1,26,29,50,25,41
50.4600,10,-21,-23,-4,39,47,30,41,23,-14,28,21,42,53,26,44,12,-29,-13,31,29,48,23,48,23,-22,20,26,33,51,24,49,7,-23,-6,26,24,52,24,46,23,-23,-5,34,28,56,24,45,23,-31,0,36,-1,59,19,57,21,-25,-4,22,30,57,30,47
50.4800,18,-16,-25,-5,42,54,34,50,29,-14,33,22,37,52,31,51,19,-28,-21,33,28,52,31,57,31,-17,24,44,22,60,31,50,15,-18,-12,18,25,53,33,51,22,-21,-5,38,24,64,27,52,21,-30,1,29,2,55,18,52,21,-23,-6,20,27,61,35,49
50.5000,17,-13,-23,2,41,56,41,50,31,-14,36,25,32,50,37,51,24,-25,-24,24,23,54,37,60,30,-12,30,46,15,56,34,52,26,-13,-16,8,21,53,39,52,26,-18,2,41,15,61,35,52,20,-28,-3,19,-5,56,13,52,27,-14,-2,19,16,63,39,49
50.5200,28,-17,-20,10,28,61,46,55,33,-8,26,20,15,44,40,54,27,-24,-20,25,18,60,41,60,30,-14,27,45,4,51,36,50,29,-7,-18,0,19,56,34,51,26,-14,0,38,10,58,36,53,16,-31,1,2,-3,52,14,50,29,-16,-2,25,6,56,37,46
50.5400,27,-12,-11,15,23,53,45,46,34,-11,22,13,1,29,35,45,27,-18,-28,22,9,50,38,64,34,-12,27,46,-6,41,30,48,29,-7,-18,-8,10,51,37,50,27,-13,-5,31,-2,46,29,47,6,-30,-2,-8,4,52,9,45,32,-13,-2,21,-3,47,35,43
50.5600,31,-12,-2,24,13,49,48,50,32,-17,11,6,-4,18,27,38,30,-25,-18,28,4,41,35,58,33,-16,16,40,-13,32,22,41,30,-11,-19,-8,2,38,34,48,27,-21,-6,30,-11,39,27,45,5,-30,-2,-15,-1,47,4,45,30,-18,-2,18,-6,29,30,37
50.5800,30,-14,15,29,-5,37,36,45,24,-19,-1,-3,-13,11,17,33,24,-21,-18,30,-13,35,33,50,29,-20,11,32,-22,19,4,33,32,-12,-20,-11,-15,29,26,39,26,-14,-8,24,-20,26,19,42,0,-31,-4,-21,2,43,3,44,22,-21,-4,16,-17,31,20,37
50.6000,26,-23,16,35,-14,29,31,40,26,-19,-13,-4,-17,-1,9,27,17,-24,-10,31,-17,27,24,48,24,-21,2,23,-31,13,-5,29,28,-22,-14,-3,-15,22,14,36,26,-20,-8,13,-25,15,7,31,-7,-29,1,-24,1,38,2,40,18,-23,-6,17,-21,16,6,35
50.6200,20,-27,22,46,-23,18,24,30,19,-26,-25,-5,-24,-8,-3,28,17,-33,-8,37,-24,20,13,43,15,-28,-10,18,-29,3,-17,19,23,-23,-5,-1,-23,15,5,33,15,-25,-9,8,-24,8,-1,28,-7,-24,0,-15,0,36,1,42,9,-28,-9,19,-23,11,4,30
50.6400,15,-21,26,44,-25,8,10,27,13,-27,-29,-8,-19,-9,-4,24,8,-26,-8,30,-25,8,8,40,13,-31,-16,12,-32,-1,-24,21,15,-26,-1,7,-18,7,-1,24,14,-23,-12,-1,-21,6,-7,28,-5,-19,0,-6,6,33,3,40,9,-29,-4,18,-24,3,-2,24
50.6600,7,-34,24,47,-26,10,4,26,3,-28,-33,-4,-12,-12,-12,23,4,-27,-5,28,-24,8,6,37,8,-29,-24,9,-26,4,-31,18,16,-33,5,17,-22,0,-6,21,12,-26,-12,-4,-20,9,-17,26,2,-15,-3,17,10,35,1,37,8,-29,-9,23,-17,8,-9,23
50.6800,4,-29,20,44,-22,9,-1,25,5,-27,-29,5,-7,-8,-13,22,-3,-28,2,26,-22,8,-2,41,7,-28,-24,11,-13,6,-27,25,5,-28,9,26,-13,5,-10,25,9,-26,-7,-3,-16,11,-15,24,12,-8,-8,46,10,30,3,35,3,-27,-7,22,-15,14,-9,22
50.7000,1,-27,13,42,-13,12,-5,23,3,-23,-25,16,-3,3,-15,30,-3,-28,1,26,-11,9,-2,40,2,-33,-25,20,-2,10,-30,22,5,-32,10,41,-9,13,-14,24,12,-23,-7,2,-4,17,-15,23,12,-1,-5,73,15,29,-1,26,2,-27,-3,25,-3,18,-11,25
50.7200,2,-27,9,40,-10,19,-6,31,6,-20,-11,28,6,20,-6,23,-4,-22,7,25,-8,15,-4,38,8,-27,-30,25,-1,16,-27,25,4,-36,11,54,2,13,-11,30,17,-22,-3,11,8,25,-14,24,27,4,-13,108,13,30,3,28,8,-25,-2,35,11,26,-9,31
50.7400,7,-25,-3,43,1,26,-6,27,13,-21,-1,42,14,24,-5,30,4,-20,6,19,-2,23,-8,39,7,-21,-16,35,20,30,-24,30,3,-27,12,60,9,25,-5,34,21,-22,5,19,16,38,-5,22,37,2,-17,143,17,30,4,19,10,-16,-2,35,14,30,-3,34
50.7600,9,-24,-5,43,13,34,-8,27,17,-15,11,55,22,46,3,34,9,-14,6,19,11,35,6,43,15,-14,-11,44,27,41,-14,35,2,-24,3,67,18,33,-10,42,23,-19,10,33,23,46,-5,31,42,-4,-23,167,15,23,3,16,17,-12,2,46,18,43,-3,32
50.7800,13,-18,-13,42,20,44,-4,34,25,-11,22,67,19,47,6,38,12,-14,2,21,21,41,2,45,20,-15,-9,47,24,48,-5,39,11,-16,2,69,21,43,-3,41,31,-21,16,44,24,50,3,35,43,-5,-28,184,15,24,5,13,21,-13,3,47,20,48,5,39
50.8000,21,-17,-15,41,23,54,4,42,23,-10,32,85,25,54,13,35,19,-13,7,24,26,49,5,49,31,-10,2,57,30,50,-3,39,13,-6,-2,71,23,47,10,44,32,-14,20,56,24,53,7,30,48,-12,-28,197,14,20,8,11,27,-10,14,50,24,51,8,36
50.8200,23,-14,-14,47,30,62,13,41,29,-12,42,87,19,52,15,33,28,-16,10,27,24,51,15,44,31,-8,8,57,26,53,1,39,14,-6,-6,68,24,50,6,42,30,-18,17,69,23,56,13,34,46,-20,-29,188,10,23,2,11,27,-12,12,50,26,52,11,37
50.8400,28,-8,-12,46,32,63,15,40,33,-11,37,81,22,49,15,34,32,-13,7,28,24,52,12,41,34,-10,15,55,19,57,5,33,25,-10,-6,57,28,48,9,42,29,-20,15,69,20,54,16,32,37,-23,-26,177,9,18,6,11,34,-13,10,49,19,51,15,32
50.8600,27,-14,-7,49,29,58,22,40,37,-15,31,80,15,51,7,28,36,-16,9,34,28,55,15,44,32,-10,15,48,20,45,3,28,29,-8,-9,50,19,46,10,40,34,-23,16,67,13,52,15,30,29,-32,-19,146,11,15,4,17,29,-16,10,49,12,51,16,30
50.8800,29,-16,-8,46,21,53,16,35,31,-19,23,70,7,36,10,25,34,-21,10,40,19,50,18,37,31,-15,9,43,11,38,0,27,23,-9,-2,35,12,39,13,37,25,-23,4,62,7,37,14,24,18,-37,-10,109,10,14,13,20,30,-22,5,39,11,41,16,28
50.9000,25,-20,-7,37,21,48,19,35,23,-26,9,51,4,26,7,17,30,-25,12,38,15,41,18,42,26,-19,10,27,6,29,0,25,21,-13,-9,26,9,33,8,32,22,-24,-1,48,2,29,13,29,16,-42,-10,67,10,13,12,28,25,-23,4,27,6,32,13,26
50.9200,23,-24,-4,32,10,39,23,31,23,-27,-3,34,0,15,0,17,19,-33,14,40,11,37,15,38,28,-23,4,18,2,19,-4,16,22,-15,-8,19,5,29,6,28,20,-26,-11,32,0,20,10,27,7,-48,-2,23,3,12,15,35,23,-30,-1,19,4,24,6,21
50.9400,20,-31,-8,23,8,30,21,33,17,-35,-15,18,2,5,-3,18,19,-33,-1,39,12,28,12,35,20,-28,0,-4,-3,9,-7,17,19,-26,-4,5,-1,20,2,32,12,-31,-17,18,-1,19,12,25,6,-41,11,-27,6,18,18,38,15,-26,-9,11,-5,19,9,24
50.9600,11,-29,-7,8,1,24,12,32,8,-32,-26,-3,-1,0,-4,19,12,-38,-6,35,8,19,17,36,17,-34,-8,-10,-4,1,-7,18,12,-23,-3,-2,1,15,4,29,13,-33,-27,-1,-5,8,6,30,4,-39,22,-61,3,23,23,48,12,-35,-16,0,-3,14,8,28
50.9800,8,-31,-3,-3,0,17,10,35,4,-33,-38,-18,-1,-7,0,24,7,-42,-7,27,6,13,15,42,13,-31,-13,-21,-2,-1,-9,25,5,-29,-5,-8,-2,9,-1,22,7,-27,-28,-13,-6,7,7,31,3,-39,30,-100,-1,25,18,55,10,-35,-19,-16,-2,11,7,28
51.0000,8,-31,-3,-15,-2,11,10,30,6,-35,-39,-30,5,-9,-5,31,1,-40,-17,15,7,10,15,43,9,-35,-13,-24,-1,-3,-7,24,0,-31,-5,-14,-5,9,1,31,9,-27,-26,-32,-2,7,5,33,9,-26,33,-123,-2,22,18,63,6,-35,-18,-22,-1,5,6,29
51.0200,6,-24,-8,-28,6,10,8,39,1,-30,-39,-35,5,-3,-1,38,-1,-38,-17,2,3,7,15,46,9,-32,-16,-26,2,-4,-11,27,7,-26,-4,-23,3,10,6,29,10,-22,-27,-35,-5,11,-1,38,10,-20,47,-145,-5,27,18,58,9,-29,-16,-31,-2,13,9,34
51.0400,8,-28,-12,-35,1,12,3,41,3,-25,-37,-40,6,1,5,40,0,-35,-24,-10,2,6,13,52,15,-31,-18,-27,11,8,-9,39,1,-28,-5,-22,0,11,1,34,14,-20,-24,-46,2,14,1,39,13,-16,50,-146,-3,27,14,60,9,-27,-17,-28,6,18,6,40
51.0600,9,-30,-9,-36,7,15,9,40,6,-21,-31,-36,9,9,5,42,3,-31,-26,-24,3,14,14,60,15,-22,-13,-15,11,14,-4,42,5,-26,-6,-20,4,21,8,35,15,-17,-12,-36,4,24,5,41,17,-13,49,-144,-4,30,8,52,12,-25,-12,-25,7,23,10,40
51.0800,12,-24,-10,-37,9,21,10,41,11,-13,-21,-26,11,13,10,45,8,-27,-24,-24,6,12,16,61,16,-22,-6,-1,15,23,2,44,9,-20,-13,-19,9,23,9,40,23,-13,-9,-25,8,28,9,40,21,-13,41,-124,-4,29,3,41,13,-13,-13,-15,5,28,16,38
51.1000,17,-16,-12,-24,13,31,16,45,18,-10,-12,-10,17,20,15,45,4,-18,-20,-22,9,24,20,57,23,-20,-2,13,17,21,5,42,8,-14,-12,-10,8,30,11,45,26,-15,2,-3,7,37,9,40,23,-9,29,-95,-1,34,-3,33,19,-16,-7,-5,4,32,16,45
51.1200,18,-16,-7,-13,16,37,16,45,19,-5,0,5,8,24,11,45,7,-14,-16,-18,7,28,16,53,25,-18,8,34,10,29,7,44,11,-11,-8,-2,13,34,16,41,22,-11,10,15,8,40,9,40,18,-16,21,-59,-1,34,-8,30,22,-12,0,12,9,35,15,43
51.1400,23,-12,-1,6,18,38,14,44,25,-1,6,30,11,27,8,40,15,-9,-12,-3,6,36,16,52,23,-13,14,48,11,35,9,33,15,-9,-6,14,10,35,14,43,28,-7,21,40,7,42,11,38,17,-20,0,-12,1,38,-12,17,22,-12,5,34,6,42,15,34
51.1600,22,-11,4,37,20,39,14,39,23,-1,22,44,8,28,10,36,15,-10,-1,14,6,33,13,52,23,-7,13,68,4,35,4,39,19,-12,3,29,12,33,9,36,29,-16,25,63,4,42,3,33,17,-19,-20,43,7,38,-16,15,21,-9,13,54,4,42,13,36
51.1800,24,-13,8,64,15,41,15,39,19,-1,29,64,1,25,6,29,18,-8,9,41,8,37,10,43,23,-11,19,87,5,28,-1,35,16,-7,8,42,10,32,6,30,24,-16,23,81,7,47,5,26,7,-23,-46,95,8,40,-12,5,18,-11,16,72,-2,35,6,26
51.2000,20,-14,15,87,12,39,11,32,18,-6,27,77,-2,24,0,21,17,-11,21,65,6,42,9,36,16,-18,15,91,-3,27,-7,29,13,-8,15,57,1,35,3,27,21,-16,29,98,2,38,0,20,6,-27,-62,143,11,42,-10,9,17,-15,18,87,-6,33,3,24
51.2200,19,-19,19,107,11,33,11,35,15,-8,25,85,1,17,-7,19,13,-18,24,88,8,38,2,35,13,-15,14,97,-4,23,-14,24,15,-11,18,73,3,30,2,28,18,-23,22,109,0,35,-2,24,-3,-27,-75,184,16,41,-1,13,19,-16,11,98,0,31,2,23
51.2400,17,-16,23,123,11,32,11,27,15,-13,21,95,0,16,-9,12,5,-15,27,99,5,32,4,32,11,-14,8,93,-5,23,-14,21,14,-13,24,87,-3,28,0,21,9,-24,22,107,-2,32,-5,17,-9,-33,-84,209,16,42,6,14,12,-15,10,105,-1,29,-2,21
51.2600,4,-23,17,129,7,29,4,31,11,-19,14,89,4,9,-9,10,6,-22,31,107,4,31,-2,23,4,-17,1,80,-5,17,-22,19,15,-16,23,93,-2,28,0,18,10,-24,11,103,4,27,-2,15,-10,-28,-89,231,21,43,13,21,6,-21,12,98,1,27,2,18
51.2800,1,-25,12,121,8,26,4,26,7,-26,2,79,9,11,-10,14,-1,-24,23,106,7,26,3,23,2,-23,-5,75,1,14,-18,21,6,-17,22,88,-5,24,-2,22,5,-26,5,86,1,22,-5,21,-10,-23,-77,232,19,40,18,26,2,-23,2,90,-4,22,-3,17
51.3000,0,-20,5,101,7,22,0,25,6,-22,-5,67,11,8,-11,16,-6,-30,15,100,10,27,4,28,4,-26,-12,56,1,18,-20,23,3,-24,13,83,1,19,0,22,5,-23,-5,68,3,20,2,17,-9,-22,-75,225,20,38,25,32,-4,-23,-3,77,6,25,-4,24
51.3200,-1,-23,-5,83,4,21,2,27,5,-24,-12,54,13,15,-3,18,-3,-28,0,84,11,26,2,28,1,-25,-18,33,9,17,-16,24,7,-25,11,69,0,22,0,24,3,-24,-9,50,4,24,-3,24,-2,-18,-63,205,15,35,24,38,5,-23,-11,53,5,24,3,27
51.3400,-6,-21,-14,53,14,23,3,28,0,-23,-17,42,12,12,-1,26,-5,-27,-8,63,13,27,10,33,-3,-22,-19,19,9,23,-20,28,4,-25,-2,54,4,19,4,29,8,-18,-18,23,7,25,4,28,5,-12,-38,181,5,35,28,43,7,-21,-22,30,11,21,6,30
51.3600,-4,-16,-17,26,12,23,7,34,4,-24,-24,24,17,14,10,33,-3,-27,-15,37,13,29,18,36,0,-17,-15,3,14,21,-10,26,6,-21,-10,35,3,24,6,32,15,-23,-16,3,5,26,4,34,15,-8,-17,143,0,29,26,42,9,-18,-22,15,17,27,9,28
51.3800,2,-21,-24,-4,10,26,9,35,14,-14,-21,14,14,18,11,34,5,-24,-22,12,10,29,15,40,12,-16,-15,-7,13,33,-7,36,10,-24,-20,18,5,30,9,28,19,-14,-13,-13,5,30,12,35,20,-8,9,109,-5,22,24,39,15,-16,-17,-8,8,31,8,31
51.4000,8,-15,-26,-23,14,27,15,34,15,-15,-16,1,21,19,17,39,9,-20,-24,-9,15,25,19,41,23,-12,-16,-19,18,33,-2,36,15,-19,-23,1,12,31,10,38,24,-13,-5,-24,7,34,14,39,30,-10,39,64,-11,19,21,35,22,-16,-16,-25,8,31,16,37
51.4200,14,-10,-25,-45,12,34,16,37,23,-17,-9,-9,13,24,22,37,20,-18,-27,-28,13,26,20,50,21,-14,-9,-23,14,35,8,30,18,-18,-29,-14,11,34,20,40,32,-9,-6,-36,6,37,16,36,35,-9,62,31,-8,15,14,36,26,-15,-8,-37,10,36,16,39
51.4400,24,-14,-19,-57,16,40,17,40,28,-11,-9,-13,11,22,23,40,22,-10,-19,-45,12,32,17,48,31,-13,2,-24,13,37,1,32,23,-15,-32,-38,8,34,19,46,35,-9,1,-42,3,39,14,35,36,-13,83,-1,-9,9,3,34,33,-10,-3,-52,8,40,18,40
51.4600,33,-12,-9,-64,14,41,15,38,29,-15,6,-19,7,20,19,37,29,-11,-8,-53,10,30,22,48,31,-9,14,-28,10,37,10,33,30,-10,-26,-44,4,37,13,38,38,-17,7,-44,0,38,14,29,38,-16,97,-26,-15,2,-2,31,35,-14,2,-49,2,32,19,37
51.4800,35,-9,-7,-66,16,37,20,35,31,-13,11,-29,2,20,18,34,35,-14,-2,-58,2,31,22,37,33,-18,12,-30,6,33,5,29,37,-20,-21,-52,5,35,19,40,43,-18,13,-43,-6,38,12,31,36,-23,105,-46,-14,3,-10,24,39,-15,11,-56,-2,33,15,31
51.5000,40,-12,5,-57,16,44,15,36,36,-14,11,-27,-5,19,10,27,39,-15,6,-54,5,29,21,37,36,-14,19,-28,1,25,-1,27,32,-17,-14,-57,-2,34,16,38,38,-17,17,-39,-5,35,11,23,34,-25,114,-57,-8,8,-9,25,39,-20,19,-49,-5,30,11,28
51.5200,37,-21,14,-44,12,43,16,25,35,-17,19,-24,-5,12,10,24,40,-13,22,-42,-2,27,12,35,37,-23,21,-20,-4,26,-4,26,37,-17,-4,-54,-2,34,14,38,40,-23,15,-37,-9,31,3,22,27,-28,110,-63,-2,8,-13,26,31,-26,21,-36,-2,32,12,25
51.5400,35,-25,22,-28,5,40,11,24,26,-25,26,-26,-11,10,-1,19,34,-24,27,-30,-10,26,13,35,29,-25,24,-10,-10,17,-6,19,34,-21,0,-41,-4,25,8,25,32,-27,11,-23,-5,31,0,17,24,-30,93,-56,-2,17,-13,22,23,-28,23,-21,-2,25,8,21
51.5600,32,-33,32,-9,5,33,9,25,20,-25,16,-15,-11,8,-8,19,32,-27,30,-12,-6,26,11,30,28,-31,19,0,-9,13,-13,18,28,-29,8,-26,-2,23,7,31,27,-38,9,-7,-4,28,5,17,23,-36,72,-50,3,27,-11,27,25,-32,21,-1,-5,25,6,23
51.5800,23,-29,33,11,5,34,12,23,14,-32,9,-5,-10,6,-7,16,25,-34,29,6,-2,25,9,25,18,-36,20,15,-15,10,-14,16,21,-35,16,-2,-2,19,0,24,19,-40,-2,1,1,25,-1,19,14,-33,48,-27,14,38,-2,30,16,-34,22,9,-2,21,3,19
51.6000,13,-41,30,33,4,33,9,30,11,-35,10,3,-5,6,-13,17,13,-36,31,27,-6,21,10,29,14,-37,15,23,-9,10,-16,19,14,-39,23,20,-9,22,2,27,17,-35,-6,16,-4,26,0,26,7,-32,13,-13,17,40,5,30,7,-40,14,29,-7,23,5,22
51.6200,11,-40,23,50,5,28,10,25,5,-32,3,20,2,15,-7,20,5,-42,17,43,-6,26,10,34,5,-38,5,39,-7,8,-19,24,9,-40,24,45,-3,22,1,32,11,-41,-16,29,-2,26,-3,27,8,-28,-14,4,18,47,5,31,11,-41,8,48,-4,24,1,30
51.6400,3,-43,14,66,6,29,12,29,-3,-35,3,34,2,19,-12,27,5,-43,7,60,1,33,10,36,5,-36,-1,50,-3,11,-13,23,9,-38,25,61,-3,24,2,35,8,-39,-18,43,7,29,2,32,7,-24,-49,29,12,60,14,36,-1,-38,1,66,1,28,3,30
51.6600,-2,-42,5,76,4,30,13,31,2,-30,-5,47,5,23,-4,28,-5,-39,-5,69,-1,31,17,42,1,-35,-1,63,-2,20,-9,30,2,-35,20,80,1,29,3,39,6,-32,-21,57,9,31,1,37,9,-22,-74,50,16,53,27,36,2,-32,-10,75,3,30,8,42
51.6800,-5,-38,-3,84,6,28,15,39,-7,-35,-7,63,13,30,-3,33,2,-39,-19,73,7,35,13,51,-1,-26,-7,75,6,25,-5,36,-4,-34,11,94,3,30,10,48,8,-28,-24,66,4,36,13,45,9,-16,-94,66,12,57,25,42,2,-32,-11,78,2,33,13,44
51.7000,0,-34,-18,85,5,29,14,44,-2,-23,-13,75,14,35,11,42,5,-30,-32,76,2,38,20,54,0,-27,-13,81,8,29,-5,40,-1,-32,3,102,9,34,7,53,10,-28,-23,77,7,37,16,49,17,-15,-99,76,5,54,22,42,2,-22,-17,85,5,37,12,47
51.7200,0,-31,-21,86,3,35,20,56,3,-18,-7,82,15,36,10,42,-3,-30,-41,84,7,41,20,61,8,-19,-13,80,7,39,1,46,-1,-23,-2,104,5,37,9,52,16,-20,-19,84,8,43,10,54,19,-12,-109,89,1,46,28,40,2,-21,-29,86,9,40,12,50
51.7400,3,-19,-28,80,10,35,22,53,1,-15,-11,88,18,43,18,46,2,-20,-44,71,8,44,25,60,6,-14,-18,86,5,38,3,41,-1,-19,-12,100,4,39,14,52,14,-18,-15,81,4,45,15,51,21,-14,-103,88,-1,39,26,35,5,-19,-24,83,4,43,21,48
51.7600,8,-13,-25,79,2,35,20,59,7,-11,-10,87,11,39,15,43,9,-14,-47,67,10,46,25,63,16,-9,-18,81,2,43,4,43,5,-16,-14,96,8,41,11,55,17,-10,-9,90,6,46,11,51,20,-16,-95,89,-5,30,22,32,14,-9,-23,83,7,41,14,50
51.7800,7,-6,-22,69,10,41,24,56,13,-3,-5,91,8,37,18,43,12,-8,-34,60,8,43,18,63,17,-6,-15,74,2,39,-1,43,9,-13,-16,76,4,36,11,49,24,-14,0,81,-2,44,10,44,24,-16,-82,83,-8,21,17,31,16,-7,-19,65,-1,45,14,41
51.8000,16,-8,-17,58,8,36,23,48,21,-5,-1,85,7,31,10,34,18,-4,-28,51,3,43,17,62,22,-6,-12,67,2,38,-1,38,10,-10,-17,65,2,38,4,44,31,-10,11,71,-2,36,3,36,19,-19,-62,76,-9,14,10,28,17,-7,-14,56,-1,37,4,40
51.8200,20,-1,-11,49,-1,35,13,46,19,-4,3,73,-3,21,5,33,17,-7,-18,46,0,38,15,56,23,-9,-8,54,-2,37,-7,32,12,-5,-14,51,0,32,8,51,24,-14,16,67,-5,33,0,36,20,-21,-40,67,-9,9,2,29,23,-7,-4,48,-6,31,3,32
51.8400,16,-7,-3,41,1,33,8,37,17,-6,-2,58,-1,16,-1,26,20,-4,-4,38,4,29,13,45,21,-6,-9,38,-5,27,-12,29,15,-9,-8,33,-1,27,2,41,23,-10,21,52,-2,27,-7,24,11,-23,-15,54,-9,6,-5,19,24,-10,5,35,-4,31,2,29
51.8600,21,-6,6,35,-3,29,4,31,17,-12,1,48,-8,6,-3,21,20,-6,11,30,-5,29,2,39,24,-13,-7,25,-6,24,-14,21,11,-3,-2,25,-2,25,-5,26,22,-14,26,43,-8,26,-13,21,11,-26,6,46,-5,6,-7,18,21,-8,8,20,-5,21,-5,19
51.8800,21,-11,10,29,-1,28,-1,26,15,-15,2,31,-5,0,-8,17,24,-14,24,25,-2,22,-4,32,19,-18,-7,12,-6,12,-25,20,14,-12,8,9,0,19,-16,29,18,-21,25,30,-3,15,-16,15,8,-29,17,39,2,3,-10,26,18,-16,16,18,-1,15,-11,23
51.9000,17,-12,23,19,0,27,-6,15,13,-17,3,18,-7,-2,-18,9,16,-12,33,27,1,21,-8,32,19,-15,-3,0,-2,14,-21,14,10,-12,22,4,-3,15,-15,25,11,-21,24,20,0,15,-17,17,-4,-33,35,28,-1,6,-3,28,11,-17,22,10,1,17,-12,11
51.9200,13,-17,18,16,-2,24,-8,18,15,-20,5,13,-4,-3,-19,7,8,-24,38,21,2,22,-6,24,14,-23,-1,-6,1,9,-28,15,7,-15,23,-1,3,13,-15,19,11,-20,27,7,1,19,-19,16,1,-27,43,25,6,11,-2,26,8,-19,27,4,4,17,-17,11
51.9400,8,-21,20,8,8,24,-15,19,11,-21,11,2,5,-6,-14,9,12,-22,44,17,6,18,-17,23,14,-24,6,-6,8,10,-24,15,0,-20,27,2,4,13,-14,18,8,-23,23,4,3,17,-19,17,-2,-24,50,23,7,19,1,29,10,-26,27,4,4,19,-12,14
51.9600,11,-21,13,-4,9,23,-7,23,13,-20,14,-2,10,-2,-13,9,2,-29,43,14,11,20,-7,25,10,-24,7,-6,13,12,-19,18,0,-22,33,0,14,11,-12,20,10,-24,20,-4,9,20,-15,13,5,-20,51,24,7,26,-4,31,11,-26,19,1,10,21,-9,17
51.9800,6,-23,13,-1,17,32,-1,24,10,-24,10,-3,9,5,-14,12,6,-24,42,21,15,23,-8,28,10,-28,9,-5,14,19,-15,20,0,-21,34,1,14,18,-9,15,11,-25,19,-5,15,22,-11,22,9,-18,54,24,13,31,5,35,7,-22,20,3,15,27,-5,20
52.0000,10,-23,4,-3,15,33,3,22,9,-20,10,-1,16,11,-6,19,1,-23,32,16,19,30,0,34,14,-22,14,4,18,20,-8,27,2,-21,21,5,12,22,-1,18,12,-21,15,4,18,29,-2,29,11,-17,45,24,9,42,7,30,15,-25,16,3,15,32,2,28
52.0200,6,-23,-6,-3,25,34,6,32,9,-21,13,-1,18,19,7,23,3,-24,21,13,21,32,4,31,9,-22,10,11,20,28,0,28,4,-20,14,8,15,28,3,22,16,-21,13,7,19,38,5,26,14,-16,42,30,1,42,9,35,12,-21,10,7,18,34,12,30
52.0400,6,-20,-11,-2,20,38,12,33,15,-18,10,0,16,29,15,32,3,-20,9,10,16,37,9,42,14,-17,10,15,15,35,6,33,0,-18,4,11,16,33,8,26,18,-15,7,6,10,37,15,27,18,-12,34,28,6,44,13,33,17,-19,1,6,20,38,17,35
52.0600,18,-19,-14,-7,21,46,20,33,21,-17,9,4,19,31,17,33,12,-21,1,11,13,35,19,42,22,-15,15,21,10,39,7,31,5,-16,-6,12,19,42,19,31,23,-13,6,9,15,43,14,33,20,-11,17,36,5,50,12,26,17,-12,-7,15,16,38,23,34
52.0800,14,-12,-18,1,18,42,28,38,20,-13,4,9,7,37,19,34,13,-14,-3,5,11,42,24,40,24,-17,12,23,9,37,12,41,12,-8,-12,13,13,40,22,35,20,-16,-1,11,8,44,16,33,25,-13,12,40,2,47,12,30,21,-15,-10,16,6,42,30,35
52.1000,24,-16,-15,1,14,47,29,39,19,-15,-2,8,8,34,21,32,16,-15,-10,8,5,44,24,45,23,-20,9,25,3,39,17,37,15,-10,-20,12,8,44,30,34,26,-17,-7,21,0,35,21,30,22,-17,4,37,-8,47,9,27,21,-11,-15,11,5,45,27,37
52.1200,19,-14,-13,4,13,44,30,39,18,-7,-8,11,0,29,21,36,16,-8,-17,8,4,42,27,47,24,-15,6,28,-6,35,12,35,22,-9,-28,9,4,34,24,32,27,-18,-9,19,-2,39,21,33,22,-21,5,46,-9,38,8,23,27,-10,-16,17,-2,40,24,33
52.1400,25,-15,-12,7,5,39,35,34,26,-11,-16,6,-1,26,24,29,18,-14,-20,6,-2,37,25,39,25,-16,3,27,-7,33,9,34,20,-5,-28,12,-1,40,29,31,26,-13,-15,23,-10,36,17,25,22,-18,-5,46,-5,40,9,17,29,-17,-20,12,-7,30,23,34
52.1600,27,-16,-4,17,-5,35,26,33,28,-15,-17,12,-12,21,17,24,23,-11,-22,11,-7,30,23,38,26,-19,1,25,-20,22,1,29,20,-8,-31,9,-9,34,28,28,22,-20,-16,21,-12,29,17,25,21,-23,-5,52,-9,34,6,23,24,-17,-21,15,-10,27,19,30
52.1800,28,-20,-4,22,-2,29,27,29,21,-20,-28,6,-8,14,11,26,21,-18,-18,10,-11,26,16,36,21,-19,-3,26,-17,20,-2,25,21,-11,-25,10,-13,24,22,26,23,-25,-21,19,-15,26,7,23,17,-24,-3,45,-12,28,4,25,26,-16,-21,11,-16,20,15,29
52.2000,27,-21,3,21,-11,22,16,33,15,-24,-28,2,-14,7,11,24,17,-19,-12,15,-15,19,9,33,18,-22,-6,22,-22,10,-9,21,20,-18,-26,12,-13,22,13,24,25,-26,-19,18,-18,22,7,20,19,-25,-2,48,-6,29,5,25,21,-25,-13,16,-15,17,9,24
52.2200,20,-28,9,29,-8,18,16,29,12,-18,-31,6,-12,4,-3,24,12,-27,-7,22,-13,15,10,30,10,-24,-6,19,-20,3,-13,23,14,-22,-19,15,-19,15,14,31,17,-24,-18,14,-18,13,0,18,15,-27,-5,53,0,23,7,30,14,-27,-12,16,-16,12,5,23
52.2400,13,-35,12,34,-10,11,8,30,10,-29,-27,6,-16,3,-2,16,6,-24,-4,25,-13,12,6,29,10,-24,-13,16,-14,9,-20,20,14,-23,-4,15,-14,20,8,22,12,-31,-18,13,-14,10,-3,17,16,-26,-3,56,3,18,4,32,10,-31,-10,21,-16,17,3,23
52.2600,10,-33,12,35,-10,13,5,28,7,-29,-25,13,-8,0,-9,24,1,-31,4,33,-12,16,4,28,5,-26,-10,15,-13,7,-22,20,11,-30,-3,21,-13,14,1,25,10,-30,-18,15,-10,18,-4,22,9,-27,-9,55,6,21,7,37,5,-31,-9,28,-13,14,1,24
52.2800,6,-37,10,36,-5,12,2,32,1,-26,-17,11,-7,4,-8,25,-3,-30,-2,31,-5,13,6,32,0,-27,-8,16,-2,6,-25,26,8,-30,4,32,-8,10,-4,26,7,-30,-16,17,-2,18,-4,26,14,-27,-4,54,7,27,6,42,2,-28,0,24,-7,15,-1,30
52.3000,7,-35,9,40,-2,14,4,34,5,-29,-11,17,3,4,-5,30,-1,-31,-1,29,-1,18,9,34,-2,-30,-1,19,1,15,-21,25,8,-29,11,30,-2,16,2,27,13,-29,-13,19,-4,22,-2,28,12,-24,-2,55,5,31,11,39,0,-29,3,26,2,20,-2,31
52.3200,3,-34,8,31,-2,20,-5,34,3,-22,1,31,10,13,-2,28,2,-25,-1,31,1,22,6,42,-3,-25,-2,20,10,16,-20,32,3,-28,14,41,3,20,3,32,8,-21,-3,18,6,31,-5,30,15,-17,-6,56,15,26,9,42,5,-29,3,29,2,27,1,34
52.3400,0,-29,6,34,0,26,5,35,3,-23,10,32,12,17,0,33,-1,-23,-4,28,8,31,6,38,4,-23,4,28,9,25,-16,28,7,-30,13,43,3,27,2,31,15,-20,2,21,9,37,4,33,18,-22,-1,53,16,29,6,35,6,-20,8,28,4,32,8,33
52.3600,5,-26,1,32,7,37,5,39,11,-15,17,38,16,25,10,31,1,-24,-2,24,11,38,11,43,9,-20,7,29,14,36,-11,31,7,-23,15,39,5,31,5,41,16,-19,9,27,10,44,5,36,18,-16,-3,52,10,30,8,37,14,-18,9,26,9,41,4,35
52.3800,9,-26,6,30,11,37,9,42,14,-16,27,44,12,33,11,37,9,-17,2,24,12,37,15,47,12,-17,10,27,14,41,-10,33,8,-20,13,35,3,37,7,43,23,-20,15,30,14,42,6,37,21,-15,3,51,1,35,4,38,13,-20,11,28,11,42,12,41
52.4000,12,-20,2,26,8,48,14,45,17,-16,34,43,13,39,12,41,15,-17,3,20,14,42,20,50,16,-20,18,31,13,48,-1,36,13,-20,9,31,7,44,13,42,28,-20,18,35,10,47,3,38,19,-10,4,46,3,30,11,32,17,-15,12,27,10,47,10,41
52.4200,13,-22,3,20,8,50,14,42,19,-16,34,43,8,39,11,37,14,-13,1,22,7,49,19,47,20,-12,15,35,13,49,4,31,21,-16,8,30,9,44,15,45,29,-15,22,35,8,48,4,37,22,-14,5,47,0,32,10,30,14,-13,12,21,7,49,10,38
52.4400,20,-20,2,18,10,51,11,41,17,-15,37,42,10,40,7,37,21,-12,7,20,5,46,20,49,21,-16,18,29,8,46,-2,34,19,-16,5,21,7,48,17,44,30,-15,20,34,4,43,5,32,17,-28,10,51,-7,32,2,29,19,-16,8,25,0,49,13,38
52.4600,20,-16,9,19,5,52,16,39,22,-16,30,35,-1,32,5,29,22,-9,0,16,3,48,14,50,17,-16,10,26,4,41,-2,26,18,-18,0,16,6,47,6,44,28,-18,19,29,6,43,5,27,13,-24,12,50,-1,29,4,29,21,-18,11,18,-1,47,6,29
52.4800,17,-21,9,13,5,52,10,32,18,-16,29,31,-4,29,4,23,20,-11,6,18,2,45,12,42,17,-20,8,24,-3,37,-2,28,25,-18,0,10,0,42,11,37,28,-21,20,26,-2,41,1,23,15,-29,15,53,-8,29,5,22,19,-14,6,16,2,44,1,30
52.5000,15,-19,9,20,-3,49,11,31,19,-17,20,33,-6,29,2,21,24,-21,7,18,-2,41,12,39,16,-24,3,16,-7,31,-4,21,22,-19,1,3,-3,33,9,34,27,-23,9,22,-5,36,-1,26,9,-28,17,55,-8,33,3,25,17,-22,3,24,-7,39,6,27
52.5200,15,-26,8,19,-2,40,6,28,17,-25,10,23,-12,17,-4,22,16,-18,12,23,-6,34,9,38,12,-19,3,15,-8,22,-7,18,19,-21,2,11,-9,34,4,33,28,-28,9,18,-4,32,-7,23,5,-30,11,58,-3,23,0,28,18,-22,0,21,-9,30,1,23
52.5400,11,-28,8,23,-6,31,5,26,12,-25,8,22,-15,11,-9,18,19,-23,11,24,-6,36,5,33,12,-22,-2,19,-14,21,-11,18,14,-24,6,12,-8,28,-1,32,19,-32,4,21,-7,28,-2,20,7,-28,13,55,-3,26,0,29,15,-28,5,24,-11,25,1,22
52.5600,10,-29,15,24,-5,32,0,29,10,-28,2,20,-8,9,-13,16,12,-25,12,30,-10,25,3,35,9,-23,-4,17,-7,17,-14,16,13,-22,8,17,-11,27,-1,33,17,-31,1,28,-5,21,-7,20,4,-29,8,61,2,27,1,31,9,-24,6,22,-8,22,0,19
52.5800,7,-25,10,26,-4,29,0,23,2,-31,-1,23,-3,6,-13,20,11,-26,13,32,-7,24,1,34,5,-28,-3,20,-7,9,-12,19,7,-23,11,26,-5,22,1,28,13,-28,1,21,-3,26,-7,24,11,-26,6,58,0,33,10,29,6,-30,5,27,-4,17,-3,27
52.6000,4,-31,7,28,-6,26,2,30,-1,-28,-3,23,-3,9,-9,16,8,-28,11,36,-3,24,2,35,5,-31,-6,25,-5,12,-16,22,9,-25,15,34,-6,21,-6,30,11,-31,5,27,-2,22,-3,23,7,-26,-2,58,4,30,3,32,6,-28,1,30,-5,19,0,25
52.6200,-1,-31,5,36,1,27,5,32,4,-24,-7,28,2,7,-5,20,6,-26,12,40,5,25,5,32,9,-31,3,35,0,14,-14,23,4,-27,15,44,-2,25,-6,33,12,-32,1,29,4,23,-2,31,9,-24,-3,58,2,33,5,33,7,-28,12,39,2,25,0,30
52.6400,4,-25,8,37,3,26,5,34,0,-20,1,34,7,13,1,24,4,-28,10,39,3,25,1,39,4,-25,1,35,2,14,-8,32,4,-28,15,45,-5,25,1,32,10,-26,0,33,8,27,3,26,17,-18,-6,53,2,30,11,31,3,-21,6,40,10,25,-1,29
52.6600,5,-28,1,36,7,26,9,36,1,-19,-3,36,9,14,1,31,2,-24,7,41,13,26,8,42,8,-21,5,42,7,18,-13,32,5,-21,12,50,1,30,1,37,13,-21,11,41,3,25,5,35,15,-17,-11,46,-1,35,9,31,6,-22,8,41,11,28,9,33
52.6800,2,-21,1,35,10,32,11,40,6,-15,3,39,11,20,3,33,8,-24,0,36,9,27,12,50,10,-20,9,46,14,25,-5,38,5,-22,12,54,7,30,-2,42,13,-18,10,43,3,27,7,33,17,-19,-16,44,-1,37,4,30,7,-17,10,43,12,32,12,33
52.7000,7,-15,-5,33,11,34,11,42,5,-12,7,42,13,24,10,36,12,-17,3,35,7,28,15,49,14,-15,13,51,12,31,-2,37,7,-21,13,46,8,30,4,38,17,-13,12,39,2,31,7,39,19,-15,-6,36,-2,33,9,26,11,-15,8,40,8,32,13,42
52.7200,17,-15,-6,28,12,38,12,39,10,-13,8,43,11,25,13,33,14,-16,3,35,5,38,14,47,19,-14,15,47,9,32,-1,33,9,-18,11,43,12,34,7,43,22,-11,16,43,9,39,9,36,18,-13,-12,36,-4,32,3,27,14,-14,8,33,5,36,13,33
52.7400,16,-11,-6,28,14,36,12,44,15,-12,11,41,10,32,11,30,8,-13,-4,25,6,40,19,49,17,-11,16,45,5,35,-3,31,14,-15,0,40,11,34,9,37,21,-12,12,41,4,38,13,35,23,-18,-11,29,-3,33,2,24,14,-13,6,31,6,37,16,38
52.7600,17,-13,0,31,9,37,15,43,18,-13,12,38,3,28,8,29,18,-12,2,27,7,39,20,47,24,-7,15,39,5,34,-2,31,11,-8,0,31,12,40,10,36,24,-13,17,40,1,34,8,31,22,-20,-4,27,-2,26,-1,25,20,-12,1,28,1,38,13,33
52.7800,25,-10,3,25,8,38,13,35,14,-9,3,36,-1,27,9,26,20,-13,4,25,4,41,21,46,24,-13,9,36,3,28,-2,28,13,-11,-7,23,11,39,7,35,20,-11,10,34,1,38,5,29,19,-21,-1,21,-1,26,-2,19,17,-10,-4,25,-2,34,17,31
52.8000,18,-14,5,23,4,35,11,30,11,-14,1,29,3,22,7,16,19,-17,3,18,-3,37,16,42,17,-16,5,33,0,26,-4,28,18,-5,-9,22,6,34,4,29,25,-10,10,31,-3,34,1,22,13,-21,1,22,-8,29,0,23,23,-12,-1,23,-7,33,7,27
52.8200,24,-15,5,20,2,32,9,29,14,-11,-2,22,-6,20,4,16,21,-12,7,22,-6,29,12,39,22,-14,5,29,-6,30,-8,22,20,-14,-6,16,0,37,6,27,21,-14,4,26,-5,26,-1,20,13,-23,-3,27,-6,28,3,25,16,-15,0,22,-3,31,4,20
52.8400,21,-22,7,23,4,34,9,24,14,-16,0,18,-4,16,0,17,17,-18,11,21,-9,34,5,33,18,-20,2,16,-8,24,-13,18,12,-18,-6,14,0,31,-1,26,22,-17,1,23,-4,24,-10,15,11,-25,6,30,-4,24,-1,28,13,-17,-1,14,-11,23,2,20
52.8600,19,-20,9,22,-4,26,6,21,10,-21,-8,20,-6,9,0,19,10,-19,10,31,-9,30,11,33,12,-22,-7,14,-11,21,-10,14,10,-15,-5,16,-2,29,4,21,19,-20,-3,21,-9,23,-11,12,11,-24,8,36,-4,27,5,30,11,-20,2,16,-16,24,1,18
52.8800,19,-29,6,26,-3,28,7,25,6,-22,-15,10,-6,16,2,17,11,-19,12,30,-8,26,3,35,8,-28,-7,7,-9,20,-14,16,13,-23,6,16,-6,24,2,22,16,-25,-7,16,-4,21,-5,15,5,-20,6,45,-11,26,4,33,10,-18,0,16,-14,24,2,18
52.9000,17,-24,6,25,3,26,5,17,7,-27,-11,16,-7,8,-2,12,7,-21,16,36,-10,24,5,31,10,-26,-6,11,-7,18,-16,21,4,-24,4,22,-6,22,4,21,14,-24,-8,19,1,22,-7,14,8,-18,8,46,-3,27,15,35,8,-27,-4,19,-8,20,-3,16
52.9200,10,-30,8,29,-2,17,3,17,1,-22,-7,15,-5,10,-4,18,4,-25,13,37,-9,22,5,31,7,-25,-4,17,-7,19,-11,19,2,-26,8,25,-4,23,-2,24,11,-26,-7,21,1,24,-6,18,7,-19,3,55,1,31,14,33,4,-23,-2,19,-5,18,1,22
52.9400,5,-29,2,26,3,24,3,20,11,-20,-3,23,5,9,-3,17,-1,-26,14,33,-5,19,0,33,5,-23,-1,19,-5,21,-13,25,0,-27,8,28,-6,23,-2,26,11,-23,-1,20,3,27,-6,19,6,-16,3,65,6,29,11,35,11,-23,3,26,-4,27,5,24
52.9600,4,-32,5,26,5,25,10,26,11,-25,1,27,5,11,1,28,3,-23,11,34,-6,26,4,35,7,-25,6,24,-7,22,-11,29,5,-30,8,34,2,27,3,25,9,-24,2,19,8,31,5,21,10,-16,1,71,8,26,13,36,6,-26,7,25,-2,24,4,26
52.9800,4,-28,6,27,7,27,12,33,7,-20,4,31,9,10,8,31,1,-22,7,37,0,34,7,42,9,-25,5,30,6,26,-4,31,8,-20,14,37,3,34,8,27,12,-24,-2,25,7,29,3,28,10,-16,4,73,4,31,14,37,5,-18,5,27,-3,31,11,32
53.0000,9,-26,0,27,10,30,13,36,16,-19,7,33,13,17,11,29,4,-20,5,34,3,32,12,39,8,-16,13,31,4,33,-2,35,8,-21,10,36,5,26,10,31,15,-21,2,30,8,34,3,29,8,-13,0,69,-3,36,10,32,10,-18,5,31,3,32,10,31
53.0200,10,-25,-2,29,8,34,20,39,15,-15,8,37,12,21,12,29,7,-21,0,31,10,41,13,44,7,-18,10,33,2,36,-3,30,5,-16,3,38,3,32,12,35,18,-18,6,31,13,38,7,28,19,-18,-7,73,3,34,12,34,13,-15,5,26,4,36,13,32
53.0400,11,-17,-1,26,10,35,19,41,16,-16,11,33,6,23,13,33,8,-16,-4,27,5,37,14,48,12,-16,12,31,0,36,-4,35,9,-17,2,33,1,35,21,39,18,-17,8,33,3,39,12,34,17,-20,-1,70,2,36,10,34,13,-20,2,25,6,40,17,37
53.0600,12,-18,-7,28,9,34,21,43,17,-8,6,35,3,23,12,33,14,-18,-3,24,6,38,18,49,15,-16,13,33,-1,37,-3,38,14,-10,-1,28,2,35,17,38,19,-16,5,31,0,41,11,28,19,-20,-1,63,1,32,5,33,19,-15,-3,19,-1,37,15,38
53.0800,16,-17,-6,23,3,39,19,40,20,-10,5,30,3,24,14,36,17,-14,-6,21,0,39,18,45,19,-15,6,28,2,35,-6,33,14,-12,-8,22,-3,38,14,40,22,-16,2,29,3,37,11,33,19,-24,1,65,3,26,4,29,19,-16,-5,17,0,44,11,32
53.1000,16,-17,-5,22,1,41,18,36,18,-12,5,19,2,22,8,30,13,-16,-9,18,6,40,15,46,18,-9,3,24,-2,33,-11,31,16,-18,-11,14,-1,34,16,38,25,-18,-1,24,-1,35,7,33,17,-22,6,52,-4,33,-1,27,20,-17,-8,15,-12,40,12,33
53.1200,16,-13,5,19,0,41,16,36,16,-17,-1,19,-8,22,10,26,17,-15,-10,10,2,37,11,40,15,-15,1,17,-5,34,-7,31,18,-17,-15,7,-4,31,11,36,26,-17,-4,23,-7,35,3,26,12,-24,9,46,-1,32,-4,31,19,-19,-9,13,-10,33,6,34
53.1400,13,-16,-3,12,-4,39,14,35,15,-16,-7,9,-4,16,5,20,18,-17,-10,6,-3,32,5,40,16,-18,-2,14,-13,24,-8,25,18,-12,-13,5,-3,31,12,35,23,-25,-7,13,-10,32,-1,27,11,-27,15,39,-1,28,1,27,22,-21,-11,0,-10,27,3,27
53.1600,21,-17,1,16,-3,36,8,28,14,-20,-11,6,-6,17,1,20,20,-17,-8,5,-9,36,14,35,13,-24,-10,9,-13,23,-18,21,16,-23,-13,-2,-7,32,9,33,19,-21,-10,13,-4,31,-2,19,8,-29,18,38,-4,29,-3,25,12,-21,-6,5,-8,29,2,26
53.1800,11,-20,-2,9,-3,33,8,26,10,-24,-4,1,-12,13,-6,18,14,-22,3,6,-5,33,1,36,7,-23,-16,1,-11,23,-17,23,17,-19,-1,-4,-12,29,0,30,14,-25,-8,9,-4,23,-8,20,7,-26,23,27,-2,27,-1,31,11,-24,-10,4,-15,25,1,25
53.2000,10,-24,6,12,-5,29,1,28,4,-28,-11,2,-14,11,-5,15,10,-19,2,13,-6,26,-2,32,10,-27,-9,1,-5,15,-21,23,14,-24,-3,3,-7,26,-2,30,15,-27,-5,5,-12,21,-8,22,1,-29,23,26,4,34,-1,24,12,-25,1,8,-9,26,-7,18
53.2200,5,-25,8,17,-8,26,-2,24,7,-23,-5,-1,-16,13,-8,18,5,-23,9,16,-13,27,-1,33,5,-30,-8,2,-6,22,-21,18,10,-27,2,5,-6,26,-3,26,16,-25,-6,3,-7,19,-9,25,2,-24,25,25,-7,25,-1,27,3,-27,3,6,-13,27,-4,26
53.2400,3,-29,10,16,-4,27,0,27,2,-27,0,0,-7,12,-12,21,5,-27,11,15,-5,26,0,31,5,-24,-4,3,-6,19,-19,23,5,-25,12,10,-6,19,-4,28,9,-26,-3,4,-4,20,-12,21,8,-22,25,23,-3,35,3,29,0,-28,8,11,-8,28,-2,23
53.2600,0,-27,9,15,0,24,-1,28,-6,-24,4,6,-3,13,-5,24,3,-25,11,19,-7,30,2,32,2,-29,0,11,-4,27,-22,22,9,-28,16,16,-4,23,0,28,13,-25,3,7,-3,25,-10,21,2,-18,25,20,-1,31,4,32,3,-26,7,15,-2,27,-1,27
53.2800,5,-30,15,20,-2,29,0,30,-3,-21,8,13,2,16,-5,25,3,-26,15,24,-4,24,0,32,7,-26,5,15,0,26,-18,27,5,-27,22,28,-2,29,-1,32,12,-26,9,14,-1,35,-6,31,10,-17,18,23,-2,42,3,32,3,-26,10,19,-6,32,4,29
53.3000,8,-25,11,21,-1,33,1,31,2,-19,14,22,6,23,5,30,3,-21,13,26,-1,32,4,38,8,-21,13,19,0,30,-15,26,4,-24,19,32,-3,35,-1,30,14,-24,14,19,7,36,-1,31,11,-16,15,22,-7,41,5,35,7,-25,15,24,-2,30,5,32
53.3200,2,-25,12,20,6,37,10,31,6,-18,16,33,4,22,5,30,2,-19,14,24,6,32,7,42,7,-21,17,28,1,33,-6,31,7,-22,23,34,0,31,3,39,15,-22,17,24,6,36,3,31,11,-16,13,32,-1,39,8,31,7,-21,15,33,3,31,10,29
53.3400,8,-25,11,24,10,40,9,32,5,-14,26,38,5,27,10,30,5,-17,12,25,5,35,15,46,15,-20,18,35,4,38,-3,39,5,-17,19,34,5,37,6,36,18,-17,22,30,9,39,-1,30,11,-11,7,35,-7,36,7,29,10,-17,16,35,3,36,11,34
53.3600,8,-16,9,27,10,44,11,39,5,-12,27,41,4,34,8,38,5,-21,8,26,9,35,12,48,12,-14,23,37,2,35,-2,29,7,-22,19,37,7,42,10,37,17,-14,24,37,10,41,4,29,18,-9,-6,45,-1,41,12,30,10,-16,18,37,2,42,9,28
53.3800,11,-16,8,31,11,44,19,36,12,-9,25,49,3,32,16,31,8,-13,13,30,5,42,17,46,15,-17,21,46,0,35,-5,35,12,-14,13,39,4,39,13,40,20,-16,23,40,6,49,5,33,13,-13,1,48,-5,37,5,28,15,-12,13,35,-4,42,15,31
53.4000,14,-22,6,32,4,45,18,38,12,-12,23,48,3,31,11,34,6,-9,11,25,0,39,17,46,18,-10,22,41,-1,36,1,35,12,-12,7,36,4,43,12,39,21,-11,22,41,3,37,3,28,18,-17,-7,58,-8,30,5,26,13,-14,5,36,-3,41,13,32
53.4200,18,-18,5,37,7,39,22,36,20,-11,15,43,3,29,13,27,13,-13,6,26,-3,34,17,49,19,-9,14,41,-2,39,-3,29,16,-16,3,32,-1,43,8,39,23,-14,15,42,0,42,7,26,19,-16,-10,65,-8,32,13,25,17,-10,6,33,-4,37,12,32
53.4400,20,-15,3,34,0,44,17,35,17,-12,10,40,-4,24,9,28,18,-10,3,31,1,34,13,42,17,-16,9,36,-5,31,0,29,21,-15,-4,31,-1,33,9,36,23,-15,14,39,-3,36,6,24,8,-18,-16,71,-3,31,9,24,16,-13,-1,36,-6,35,13,28
53.4600,20,-17,1,39,-1,39,15,32,19,-16,2,37,-7,17,7,23,15,-13,5,33,-5,33,11,42,15,-17,6,33,-11,33,-3,26,19,-17,-4,28,-1,34,12,30,21,-12,10,39,-8,34,9,22,10,-22,-17,72,-6,31,4,20,14,-17,1,32,-9,29,6,28
53.4800,21,-19,4,36,-5,35,9,25,11,-13,-5,36,-9,15,4,21,14,-17,3,31,-7,33,6,35,13,-12,0,30,-9,24,-13,26,15,-16,-9,29,-3,36,10,27,20,-16,3,35,-6,29,-1,19,11,-26,-15,77,-8,29,2,24,13,-18,0,27,-13,29,2,22
53.5000,18,-24,3,41,-4,29,14,30,18,-20,-5,36,-7,10,1,22,12,-22,2,32,-5,29,4,35,10,-17,0,26,-9,23,-14,23,18,-21,-3,29,-9,31,3,26,18,-24,-2,32,-3,27,-3,19,10,-25,-15,80,-4,27,7,24,10,-22,-5,29,-11,28,3,25
53.5200,12,-24,3,37,-11,28,7,23,7,-22,-11,32,-8,11,-2,18,11,-20,5,42,-6,26,9,29,13,-24,-5,26,-10,26,-11,18,15,-20,-2,31,-10,23,2,24,17,-27,-4,32,-9,26,-5,17,6,-24,-8,82,2,30,5,22,11,-24,0,32,-10,25,0,24
53.5400,10,-31,8,38,-11,31,7,18,4,-29,-10,27,-8,8,-3,19,9,-21,5,36,-11,21,-1,33,9,-23,-2,26,-4,20,-17,21,13,-28,3,30,-6,25,0,26,13,-22,-6,31,-11,17,-10,17,12,-20,-5,78,-1,23,6,29,9,-25,-3,27,-5,25,-4,21
53.5600,7,-32,8,31,-12,28,4,26,4,-25,-5,26,-3,8,1,21,6,-24,6,33,-8,26,2,34,7,-24,-3,19,-7,21,-18,27,10,-22,5,33,-10,22,2,24,12,-26,0,27,-3,23,-6,15,11,-25,-1,84,-1,26,6,27,7,-30,3,28,-10,22,1,22
53.5800,6,-29,5,30,-3,26,2,27,5,-29,1,23,-4,14,5,23,1,-29,5,33,-4,23,4,38,3,-26,4,19,-5,23,-18,18,5,-27,11,30,-7,24,3,28,14,-26,-6,24,-3,23,-8,19,7,-23,7,73,-6,29,9,30,6,-29,9,26,-1,26,-1,25
53.6000,5,-28,7,29,0,25,5,28,4,-23,1,24,-4,18,2,21,-1,-27,10,34,-4,26,2,37,5,-24,11,22,-1,24,-15,26,6,-25,22,35,-6,28,0,27,15,-27,2,18,3,27,-6,25,8,-20,17,67,-6,30,10,32,7,-28,12,27,-3,27,4,24
53.6200,4,-30,6,20,-2,28,4,31,4,-24,7,27,1,18,7,29,2,-24,11,27,-3,26,5,44,6,-25,12,22,0,27,-15,31,1,-30,23,33,-5,30,3,28,13,-24,8,18,1,29,-2,28,16,-16,13,54,-4,33,9,35,7,-20,11,24,-2,34,5,30
53.6400,7,-27,12,23,3,36,7,30,3,-27,18,26,3,19,7,31,-1,-19,10,26,1,30,1,43,9,-20,16,23,5,33,-8,32,1,-25,21,31,-4,34,4,30,18,-23,17,20,1,29,-3,24,13,-16,19,46,-1,31,10,32,8,-21,23,26,0,30,8,29
53.6600,5,-25,12,15,4,36,7,37,9,-24,21,27,4,28,8,31,4,-20,14,22,1,36,8,45,7,-20,20,19,1,35,-5,32,5,-21,17,32,1,32,6,29,17,-24,19,22,2,31,2,26,16,-19,24,39,-8,33,3,26,10,-20,13,18,0,35,5,35
53.6800,8,-27,12,16,9,41,13,37,5,-17,24,23,1,27,11,31,8,-20,12,14,4,35,13,43,7,-16,19,25,4,36,-3,30,7,-19,12,27,4,39,5,40,18,-17,19,17,4,34,2,29,14,-13,19,32,-8,36,4,26,15,-13,17,18,-1,37,12,31
53.7000,15,-23,9,11,8,44,11,38,12,-17,17,26,0,29,12,33,6,-14,9,16,-3,34,8,43,11,-15,20,21,3,40,-5,35,10,-19,16,24,-1,38,5,39,22,-17,17,19,-1,35,6,33,18,-17,29,20,-11,34,4,32,12,-10,13,14,2,36,17,34
53.7200,12,-23,7,4,6,42,18,36,18,-17,17,16,-1,24,10,36,10,-14,8,12,1,37,15,43,13,-14,19,22,0,34,-3,34,12,-17,8,20,-5,41,11,34,24,-13,22,16,0,34,2,29,17,-20,30,13,-10,32,1,28,14,-13,6,12,0,39,10,32
53.7400,11,-16,7,5,6,43,10,37,14,-14,20,15,1,22,10,34,10,-14,11,7,1,37,13,43,15,-11,16,17,-8,35,-1,33,17,-17,4,14,-2,36,11,35,18,-13,21,15,-4,35,8,26,18,-22,27,9,-5,31,-3,24,12,-16,7,7,-8,36,11,30
53.7600,12,-16,7,3,0,43,14,31,8,-17,13,14,-10,20,12,32,13,-11,9,3,-6,34,15,43,15,-11,14,17,-6,32,-6,28,11,-13,-3,9,-5,35,9,33,25,-17,12,17,-3,35,0,26,13,-24,24,8,-9,29,3,26,13,-16,6,2,-8,32,9,29
53.7800,16,-18,7,2,-5,46,10,30,15,-13,9,11,-7,18,7,24,15,-12,0,8,-9,33,11,40,17,-19,6,11,-8,28,-11,24,12,-15,-1,3,-10,37,9,30,17,-15,5,15,-1,32,2,23,15,-29,23,10,-8,32,5,26,13,-15,1,10,-11,33,6,26
53.8000,13,-21,8,10,1,36,9,28,7,-16,0,10,-9,15,4,25,7,-11,3,9,-6,35,8,37,12,-19,-2,14,-12,27,-7,24,14,-14,-9,3,-11,35,6,27,20,-18,3,17,-9,28,-3,22,8,-28,16,14,-9,33,3,23,14,-19,-3,7,-13,32,2,24
53.8200,13,-19,8,14,-3,38,8,24,7,-18,-4,13,-11,17,-5,22,10,-10,5,12,-11,26,4,32,13,-19,-5,12,-16,24,-17,21,12,-21,-5,5,-7,28,1,28,23,-16,0,18,-6,25,-6,20,6,-23,13,20,-10,29,-1,28,9,-23,0,10,-15,31,2,24
53.8400,12,-23,7,15,-9,34,7,26,1,-18,-6,9,-8,16,-4,19,8,-13,7,18,-10,31,7,37,9,-21,-9,12,-16,17,-16,23,13,-19,-2,8,-12,34,5,24,14,-19,-1,19,-10,29,-5,18,8,-28,13,27,-9,31,0,29,8,-18,-3,9,-10,25,-1,21
53.8600,13,-27,3,16,-7,34,1,18,2,-19,-7,11,-12,16,-6,20,10,-19,6,27,-10,24,-2,31,10,-21,-8,16,-13,20,-14,22,11,-21,3,11,-13,33,1,26,16,-26,-13,19,-4,30,-2,19,3,-26,6,40,-10,30,6,30,10,-20,-3,15,-12,24,-3,21
53.8800,10,-27,2,20,-6,30,6,22,4,-19,-8,16,-3,19,-4,22,9,-19,4,30,-10,23,1,31,10,-27,-9,21,-10,17,-19,21,9,-24,0,17,-12,26,0,24,12,-27,-5,21,-3,24,-5,16,6,-23,2,48,-7,29,4,32,8,-26,-5,24,-10,27,-1,25
53.9000,2,-28,1,30,3,31,4,22,2,-21,-7,19,-2,16,-4,22,-1,-21,9,38,-10,22,1,33,5,-27,-4,24,-3,26,-20,23,9,-22,0,25,-7,28,2,23,16,-23,-3,25,-4,31,-6,19,1,-23,-5,58,0,36,2,34,5,-23,2,26,-13,28,-5,21
53.9200,3,-28,1,33,-1,31,3,22,2,-21,-4,30,3,15,-2,24,1,-21,5,40,-9,27,1,37,7,-25,-2,24,2,19,-16,25,9,-25,5,33,-4,31,-2,27,13,-22,-2,26,-1,31,-4,22,3,-12,-9,65,-3,30,4,35,10,-23,2,34,-6,30,-1,22
53.9400,-1,-29,3,30,-5,31,4,25,2,-17,6,35,5,22,0,25,0,-21,2,40,-4,25,-3,39,3,-15,5,33,-2,25,-15,22,6,-27,12,35,-2,35,-1,32,16,-22,1,32,-2,26,-8,24,7,-19,-10,74,-1,37,1,37,9,-21,7,38,0,34,6,27
53.9600,9,-26,1,37,6,33,10,31,-2,-20,7,38,3,23,6,29,3,-17,8,45,-1,32,6,40,10,-20,9,39,1,31,-9,27,11,-23,8,43,-2,33,1,31,14,-21,5,35,2,32,1,23,12,-17,-10,77,-2,38,4,34,6,-22,10,43,1,35,7,28
53.9800,2,-24,8,37,3,34,8,29,3,-14,12,40,9,29,5,32,3,-15,6,42,4,35,10,41,10,-18,12,47,2,34,-7,28,10,-20,8,42,5,40,5,33,23,-17,8,38,4,39,0,30,12,-11,-11,82,-4,36,6,35,12,-17,8,38,-1,34,5,30
54.0000,5,-25,1,33,5,32,12,33,3,-18,16,40,5,29,7,28,8,-19,5,43,-4,38,11,44,11,-14,12,41,3,36,-8,32,12,-23,10,40,2,38,7,36,21,-19,12,34,5,38,3,27,13,-11,-12,82,-4,36,1,30,16,-21,7,40,-1,36,5,30
54.0200,11,-20,3,33,4,39,14,33,9,-12,20,39,6,29,14,30,4,-12,10,34,2,36,8,44,18,-13,14,43,-2,40,-8,31,15,-17,11,40,0,40,13,32,21,-13,15,37,2,40,4,27,16,-16,-5,75,-3,37,-1,29,12,-18,8,32,-2,43,5,31
54.0400,16,-17,5,32,3,37,16,31,13,-12,18,38,4,28,12,30,9,-13,9,33,-1,33,9,43,13,-13,17,42,1,37,-6,29,17,-20,7,32,0,34,8,36,21,-16,17,31,2,34,6,27,15,-12,-1,73,-8,35,9,26,14,-11,6,33,-2,43,9,31
54.0600,10,-19,4,30,4,40,14,29,11,-11,15,32,0,31,10,27,11,-14,6,31,-6,37,14,41,18,-13,15,34,-5,38,-2,31,16,-16,-2,28,-6,40,12,33,22,-11,14,29,0,36,3,22,16,-13,4,67,-5,28,2,22,17,-14,4,22,-9,37,5,28
54.0800,19,-17,6,26,-3,39,16,32,14,-14,11,25,-5,24,10,21,14,-13,7,22,-7,30,9,42,15,-15,15,28,-8,32,-7,31,15,-15,3,21,-5,34,14,37,26,-12,11,19,-5,35,2,26,15,-20,6,67,-6,29,0,21,16,-16,5,23,-8,37,4,27
54.1000,10,-17,7,28,-2,34,18,28,13,-15,3,22,-8,21,7,22,13,-13,2,17,-4,34,10,42,11,-11,6,22,-11,36,-16,23,14,-21,2,15,-11,35,5,31,28,-16,8,18,-3,32,0,21,4,-19,12,61,-7,31,1,22,10,-18,5,16,-10,33,9,26
54.1200,13,-19,6,23,-2,33,9,29,10,-18,1,15,-10,14,6,23,10,-9,8,13,-11,32,12,38,9,-15,7,17,-13,28,-12,22,14,-16,-2,13,-10,33,7,29,19,-18,8,21,-8,29,0,15,10,-16,16,57,-6,30,2,24,9,-17,7,12,-7,33,1,28
54.1400,11,-19,11,19,-5,37,13,26,9,-19,7,9,-8,14,3,22,12,-16,12,9,-11,32,11,37,8,-18,5,9,-17,30,-12,25,16,-18,5,8,-11,37,7,31,15,-19,3,13,-8,31,-2,20,10,-18,22,51,-5,28,-2,20,11,-22,5,12,-11,33,0,23
54.1600,10,-22,10,17,-7,33,11,28,5,-20,0,6,-14,12,5,23,8,-17,10,10,-12,27,6,34,10,-18,2,5,-20,25,-15,15,12,-24,7,4,-14,26,5,31,16,-20,4,11,-8,26,-6,13,9,-19,24,45,-2,31,6,18,11,-23,4,4,-15,23,0,24
54.1800,12,-23,16,23,-8,30,7,21,1,-24,2,6,-13,6,1,21,7,-16,10,8,-14,28,1,37,5,-21,4,2,-13,23,-20,19,10,-22,8,9,-12,26,1,21,14,-21,3,8,-12,29,-2,18,6,-20,29,39,-3,33,3,24,4,-22,13,9,-19,25,-1,22
54.2000,6,-29,10,13,-7,33,8,20,9,-17,-1,8,-13,11,-1,20,3,-17,15,11,-16,29,-1,34,2,-18,7,1,-12,21,-18,21,6,-22,14,11,-8,27,5,27,15,-24,7,8,-6,25,-3,18,5,-17,31,40,-4,33,3,26,8,-21,9,8,-14,24,-5,22
54.2200,8,-26,13,13,-9,30,3,25,4,-24,6,6,-8,10,-1,21,1,-22,15,10,-14,26,2,34,2,-21,11,6,-11,24,-16,23,6,-24,17,16,-12,26,3,27,12,-18,8,7,-5,28,-2,18,10,-21,29,37,-4,29,6,24,7,-27,8,11,-10,31,-3,24
54.2400,7,-30,14,13,-5,29,3,28,-1,-21,7,7,-8,11,2,25,3,-18,20,14,-5,29,3,40,5,-21,10,6,-2,30,-11,27,9,-27,25,18,-11,27,1,25,13,-20,17,15,-3,27,0,20,6,-21,30,34,-6,31,6,28,6,-22,11,14,-10,31,0,22
54.2600,4,-29,16,17,-2,33,4,31,2,-20,14,14,-6,20,-1,25,-1,-19,18,16,-8,33,9,35,2,-15,16,10,-4,28,-11,25,6,-19,19,21,-7,28,3,31,18,-13,9,15,-3,33,-1,25,8,-20,28,30,-4,30,14,31,4,-20,17,10,-1,30,0,30
54.2800,1,-25,15,20,-3,33,10,29,-4,-21,17,16,-4,22,3,31,3,-16,16,19,0,29,9,41,0,-19,21,16,-7,34,-12,29,6,-19,19,24,-1,29,2,32,13,-21,14,22,-1,30,4,28,8,-26,23,33,-6,34,12,28,10,-20,23,19,-3,35,3,30
54.3000,2,-26,14,20,0,37,10,30,3,-23,19,30,0,22,2,32,1,-18,13,22,-3,33,9,43,6,-20,21,19,-5,37,-14,33,7,-23,19,24,-2,30,4,32,13,-21,13,25,-2,36,0,28,12,-17,25,31,-9,36,11,31,3,-18,21,20,-3,33,6,31
54.3200,4,-21,14,15,0,44,9,33,3,-19,20,29,-6,28,10,30,5,-17,12,22,-3,35,10,45,12,-15,20,16,1,33,-10,33,12,-24,19,24,-3,36,5,38,18,-18,19,25,2,38,6,33,13,-18,15,31,-9,36,10,31,7,-13,16,23,-2,36,8,36
54.3400,9,-18,11,17,1,42,15,35,9,-16,17,31,-2,30,12,31,10,-14,9,24,-4,36,10,46,12,-17,21,23,-6,34,-5,34,6,-21,17,26,-7,39,9,36,18,-12,13,30,-2,40,4,27,16,-23,11,37,-9,35,11,29,15,-18,11,22,-3,36,6,32
54.3600,10,-14,9,21,3,41,8,35,11,-13,16,33,-3,28,11,30,3,-13,8,25,-5,41,12,44,11,-13,17,30,0,36,-6,30,11,-19,7,27,-2,34,11,34,22,-13,16,33,2,41,8,24,17,-20,11,37,-13,29,7,30,13,-15,7,25,-2,36,10,30
54.3800,11,-17,8,22,0,40,6,31,12,-16,18,34,-5,28,11,32,8,-9,1,14,-1,35,12,41,8,-15,17,29,-4,39,-5,33,10,-17,6,31,-5,39,10,37,17,-16,15,32,-2,40,3,28,8,-18,7,42,-13,31,9,25,13,-17,10,24,-3,36,13,29
54.4000,10,-20,2,17,0,42,11,34,11,-15,12,32,-6,32,9,28,10,-14,4,23,-5,34,16,45,13,-13,7,36,-6,33,-12,29,11,-15,0,30,-7,38,10,34,23,-15,9,34,-3,40,2,22,15,-24,2,46,-9,32,3,28,10,-14,2,27,-3,38,8,29
54.4200,14,-14,5,23,-3,42,9,26,10,-14,7,33,-9,23,2,27,9,-14,1,23,-9,38,12,36,16,-15,7,32,-8,30,-5,31,7,-15,-3,22,-8,37,7,36,24,-15,4,33,-12,37,2,23,10,-24,-1,45,-11,30,1,27,9,-13,-2,28,-13,39,7,28
54.4400,12,-18,3,20,-1,40,10,26,10,-13,3,30,-10,25,1,25,6,-10,2,26,-9,33,12,36,14,-16,4,29,-9,30,-11,28,9,-19,-2,21,-12,32,1,28,19,-17,7,31,-7,40,3,21,9,-25,-4,51,-16,30,1,25,13,-15,-4,25,-13,33,5,20
54.4600,10,-19,4,23,-5,38,9,26,6,-15,2,24,-11,22,3,25,12,-11,0,26,-10,36,9,34,12,-16,1,27,-15,31,-9,22,12,-23,-6,22,-10,32,2,28,20,-19,-6,33,-7,31,3,14,3,-27,-4,56,-12,30,-1,24,11,-14,-10,23,-7,30,2,20
54.4800,8,-18,3,25,-9,34,9,26,9,-20,-1,25,-7,20,0,22,6,-12,-2,29,-16,31,6,35,6,-21,-6,25,-15,26,-12,20,7,-21,3,21,-7,33,-3,25,18,-16,0,29,-10,26,0,19,7,-21,-6,53,-9,38,-1,23,4,-18,1,21,-8,30,5,21
54.5000,9,-19,0,27,-7,32,5,22,8,-20,-2,22,-12,19,0,23,1,-17,5,35,-14,25,4,32,14,-22,-2,29,-9,25,-12,18,13,-20,-3,24,-8,36,-1,27,11,-19,0,28,-10,26,-4,19,-1,-21,-5,58,-9,27,0,24,5,-20,-2,26,-9,28,2,21
54.5200,10,-23,2,31,-5,36,6,22,6,-24,-5,22,-6,21,0,22,2,-21,10,36,-16,28,6,39,5,-20,-1,33,-10,25,-14,26,3,-22,8,30,-13,30,0,26,8,-21,-2,27,-8,26,-3,18,2,-23,-2,64,-7,34,2,28,2,-18,6,26,-6,33,1,20
54.5400,8,-24,7,32,-4,34,3,22,0,-21,4,20,-11,22,3,27,1,-19,12,38,-8,25,7,32,5,-20,3,31,-10,26,-15,27,6,-24,11,28,-11,32,0,26,14,-19,-1,29,-10,30,-6,17,0,-20,-2,62,-3,38,1,28,6,-19,6,30,-6,30,3,21
54.5600,1,-23,8,35,-3,30,-1,23,-1,-24,4,21,-1,22,-3,27,-5,-20,10,42,-8,25,2,38,7,-23,7,35,-9,27,-13,29,4,-25,11,30,-9,33,-1,27,11,-21,3,26,-5,32,-7,19,0,-20,-2,67,-4,44,1,31,2,-26,10,31,-10,31,3,27
54.5800,6,-24,4,36,-2,35,6,26,3,-22,8,25,1,19,1,27,-1,-20,10,29,-8,26,2,38,7,-15,8,30,-5,32,-15,30,3,-23,21,36,-7,30,0,25,14,-18,9,30,-6,32,-2,22,4,-13,2,64,-4,39,5,29,2,-19,9,30,-12,31,2,28
54.6000,2,-23,10,33,3,34,10,28,0,-20,14,27,1,21,0,28,-5,-19,13,34,-4,27,5,35,5,-17,9,32,-6,31,-9,27,-1,-20,16,36,-6,34,5,30,9,-20,17,26,-2,35,-2,21,5,-14,8,61,-8,41,3,28,0,-15,14,32,-4,35,6,31
54.6200,4,-20,11,29,-1,37,10,28,3,-14,21,26,-2,23,3,33,4,-12,11,29,-6,29,10,42,12,-17,16,33,-2,32,-9,29,5,-21,15,40,-2,31,8,30,13,-18,20,26,-2,35,-1,25,7,-13,6,62,-8,38,6,28,3,-18,16,28,0,34,5,30
54.6400,5,-19,13,29,6,36,8,32,4,-14,21,28,6,25,9,35,0,-13,14,29,-8,33,8,42,14,-12,22,38,-5,35,-11,30,0,-19,19,36,-7,37,1,27,16,-14,23,26,1,39,1,26,13,-12,14,59,-8,42,4,23,4,-14,16,27,-3,37,10,27
54.6600,4,-16,15,27,-2,36,14,32,5,-10,24,32,1,24,10,29,2,-8,16,25,-7,34,6,43,15,-14,21,32,-3,32,-3,35,5,-17,19,33,-5,37,10,30,17,-14,23,26,-5,39,7,23,15,-18,15,53,-9,40,5,20,7,-16,18,23,-6,41,13,31
54.6800,4,-14,12,26,0,40,13,33,3,-12,22,31,-2,23,14,29,2,-9,12,20,-9,35,7,43,9,-13,26,31,-5,35,-3,32,2,-13,21,30,1,35,10,34,20,-17,24,24,0,38,2,23,16,-11,18,52,-12,32,9,24,8,-15,20,22,-7,43,10,29
54.7000,8,-17,19,19,-2,41,14,34,5,-12,23,29,2,23,7,26,5,-6,11,14,-7,37,10,42,11,-10,20,29,-7,39,-7,28,5,-16,15,27,-6,34,5,32,19,-12,22,27,-5,42,0,24,17,-9,19,44,-9,36,8,20,14,-16,19,20,-8,37,6,31
54.7200,10,-14,14,20,-2,39,18,31,9,-12,20,25,-3,21,4,28,4,-6,13,13,-8,30,4,38,11,-12,22,19,-8,38,-8,28,11,-14,13,23,-10,38,9,30,18,-10,19,22,-6,36,0,22,18,-16,19,39,-13,34,4,21,11,-12,15,16,-10,42,14,27
54.7400,12,-18,13,19,-3,41,9,26,9,-15,18,19,-6,22,9,24,10,-7,15,14,-5,36,6,40,17,-13,12,16,-13,31,-12,26,10,-17,9,20,-7,37,10,30,20,-14,13,14,-5,34,1,17,18,-24,21,37,-9,31,3,20,15,-17,15,13,-10,33,6,25
54.7600,12,-18,16,18,-4,37,11,29,4,-13,13,13,-9,15,3,21,5,-11,13,10,-5,34,8,33,12,-14,11,11,-13,34,-15,25,8,-17,5,15,-15,36,10,27,18,-16,13,17,-6,34,2,18,15,-23,24,32,-10,30,4,18,12,-16,8,8,-9,36,5,24
54.7800,8,-18,11,15,-7,37,8,26,11,-10,8,14,-13,16,2,22,3,-13,14,11,-11,31,1,34,8,-19,9,7,-12,31,-15,24,15,-13,6,11,-11,31,4,28,22,-15,6,17,-9,30,-2,17,10,-23,24,34,-10,29,2,23,11,-16,7,8,-13,31,-1,22
54.8000,5,-21,11,17,-6,35,9,24,8,-17,1,10,-11,13,0,23,8,-14,13,8,-8,29,3,34,10,-12,5,6,-11,32,-13,24,10,-19,2,11,-13,36,3,23,16,-15,9,12,-11,29,-4,14,9,-25,30,27,-12,35,6,22,8,-19,7,5,-9,33,1,19
54.8200,11,-23,9,16,-6,32,6,23,1,-19,-1,8,-15,17,2,23,6,-12,10,11,-13,30,-5,33,5,-14,3,6,-14,25,-21,22,7,-18,-2,11,-13,30,-2,28,15,-16,4,14,-8,33,-4,12,7,-23,22,32,-10,29,7,22,7,-18,8,10,-13,31,-1,21
54.8400,3,-27,9,10,-11,33,7,22,4,-20,2,4,-11,18,1,16,-2,-13,13,17,-11,26,2,33,6,-18,1,7,-12,27,-19,24,6,-21,3,11,-14,30,-1,19,16,-20,4,16,-8,31,-7,19,3,-23,23,34,-10,27,7,28,6,-13,6,13,-11,28,3,23
54.8600,4,-19,8,14,-10,35,2,26,5,-21,1,11,-9,13,0,20,0,-18,12,20,-10,30,3,31,4,-15,11,6,-11,29,-20,26,8,-20,7,13,-11,32,2,23,14,-18,3,17,-6,28,-4,17,-1,-27,15,41,-5,31,4,33,9,-17,1,13,-14,32,1,20
54.8800,2,-22,6,14,-3,35,4,22,3,-18,6,11,-3,19,2,24,-4,-19,11,20,-7,28,1,31,8,-17,5,9,-12,25,-19,25,6,-18,13,13,-5,32,-5,20,12,-16,4,14,-6,29,-4,23,3,-23,17,46,-8,33,7,29,1,-24,9,18,-11,34,5,21
54.9000,0,-22,10,16,-4,38,6,23,2,-22,12,17,-10,23,2,24,0,-18,11,25,-4,35,1,33,1,-18,9,11,-3,38,-19,23,9,-23,15,19,-8,32,-1,28,8,-17,7,20,-9,36,0,22,1,-24,14,44,-7,35,10,36,3,-19,10,16,-10,31,3,25
54.9200,-1,-19,9,16,-2,38,9,30,2,-19,11,23,-4,22,5,31,0,-24,14,24,-10,32,8,34,6,-13,11,18,-5,32,-13,25,3,-20,19,20,-13,37,3,28,15,-14,5,19,-9,35,0,23,4,-18,10,52,-13,33,7,30,7,-23,10,17,-7,37,4,27
54.9400,3,-20,6,19,-3,40,9,29,0,-19,14,27,0,27,6,25,-2,-15,10,28,-9,31,5,38,7,-13,10,20,-3,36,-11,26,4,-22,16,24,-5,37,2,26,19,-18,10,22,-3,39,2,24,4,-15,13,54,-8,35,14,30,12,-21,9,21,-4,38,8,26
54.9600,3,-18,11,22,-4,44,8,27,2,-14,10,29,-3,30,10,29,-3,-12,9,27,-7,38,8,41,10,-13,11,23,-5,38,-13,27,6,-15,12,16,-4,38,5,31,15,-12,13,23,-6,38,9,21,7,-17,8,55,-12,33,9,34,6,-19,13,26,-7,38,6,28
54.9800,7,-21,7,22,-3,40,13,29,11,-18,16,31,-4,30,9,32,-1,-16,6,27,-6,35,12,39,10,-13,15,27,-1,36,-8,25,3,-18,9,25,-11,40,7,32,19,-13,17,24,-5,40,6,25,8,-13,8,57,-11,38,7,32,11,-14,11,28,-7,40,7,29
55.0000,8,-20,10,23,-2,43,10,35,10,-12,13,27,-8,28,11,29,3,-16,8,26,-9,37,14,40,10,-11,13,28,-8,36,-6,27,9,-18,9,21,-8,35,12,28,19,-15,15,24,-8,38,6,21,9,-16,8,56,-16,35,2,28,11,-13,12,23,-5,36,8,30
55.0200,10,-12,7,22,1,41,10,28,15,-15,18,28,-4,24,13,29,3,-12,8,21,-11,38,10,43,14,-11,11,30,-10,40,-6,27,9,-15,7,17,-11,39,8,28,21,-9,9,23,-8,37,6,18,8,-14,1,55,-15,32,10,26,13,-13,7,22,-12,38,8,31
55.0400,14,-15,4,18,1,43,10,26,12,-13,13,24,-4,28,9,28,5,-13,10,20,-10,41,10,42,14,-13,15,31,-12,40,-10,27,2,-16,3,21,-7,43,11,27,22,-9,10,25,-7,38,3,20,4,-16,2,58,-21,33,4,24,11,-15,9,23,-8,37,7,30
55.0600,14,-17,7,18,-7,40,12,24,7,-10,5,25,-11,26,6,27,7,-9,8,22,-16,32,10,42,11,-16,12,32,-8,32,-6,24,9,-12,-2,25,-13,36,8,28,19,-11,9,23,-9,36,0,22,5,-17,2,54,-17,33,0,23,12,-16,9,18,-14,36,3,28
55.0800,13,-18,11,22,-7,36,11,29,12,-13,7,20,-11,23,8,26,1,-14,5,17,-14,29,10,42,11,-13,8,30,-12,32,-10,21,12,-13,-2,16,-12,34,7,25,19,-11,9,18,-10,29,-1,14,2,-17,10,51,-14,37,0,20,7,-13,14,20,-14,35,5,27
55.1000,10,-16,12,20,-7,39,8,23,5,-15,3,16,-12,20,5,26,6,-13,5,19,-18,31,12,39,8,-19,9,28,-17,29,-10,22,9,-24,2,19,-15,32,2,25,18,-17,10,16,-10,33,-1,13,9,-19,10,49,-11,35,0,23,6,-19,7,20,-11,31,7,22
55.1200,12,-20,8,25,-8,38,8,25,9,-15,1,15,-9,20,3,24,2,-15,6,13,-16,25,5,36,14,-17,6,20,-15,29,-8,16,11,-20,4,19,-18,30,6,26,21,-19,5,13,-16,30,0,16,7,-18,9,49,-10,38,0,21,8,-19,9,13,-13,28,1,23
55.1400,2,-20,16,23,-6,32,9,23,8,-17,4,12,-11,16,-3,25,-1,-13,10,22,-19,26,4,38,5,-20,4,22,-21,31,-19,24,10,-23,4,19,-16,27,5,25,18,-16,14,18,-12,27,3,18,6,-21,10,50,-16,34,-1,24,9,-22,8,17,-17,34,-1,22
55.1600,3,-20,16,25,-9,34,7,23,5,-19,5,16,-15,22,-3,20,4,-16,15,17,-18,23,6,33,6,-17,7,21,-17,23,-16,23,5,-22,12,23,-15,30,-2,20,13,-19,9,18,-14,23,-3,16,4,-22,16,50,-9,38,0,17,5,-14,10,17,-17,29,6,24
55.1800,6,-22,20,24,-10,31,6,28,6,-19,8,16,-12,17,-6,27,-3,-18,13,19,-12,22,5,36,6,-17,16,22,-11,23,-13,24,2,-21,16,24,-18,33,5,24,13,-19,11,22,-12,26,-5,19,6,-18,16,53,-10,37,3,17,8,-23,13,22,-13,32,5,19
55.2000,3,-27,23,25,-14,37,4,25,5,-20,12,21,-9,17,-3,25,-3,-16,19,18,-16,24,0,37,3,-18,12,25,-12,26,-19,23,6,-22,20,23,-17,31,3,24,11,-20,13,25,-11,34,0,17,4,-18,19,49,-4,39,6,21,0,-23,19,21,-10,34,-1,23
55.2200,4,-22,17,28,-7,35,3,29,1,-18,17,20,-13,25,-3,24,-1,-20,19,17,-11,26,0,39,7,-16,15,20,-12,30,-13,26,4,-24,21,27,-20,31,3,27,14,-17,13,22,-9,34,-1,22,9,-21,17,50,-5,37,7,24,1,-22,21,23,-9,33,4,30
55.2400,0,-25,21,25,-5,40,4,25,0,-22,18,24,-4,26,-1,29,1,-20,16,23,-12,33,2,39,8,-18,18,23,-10,34,-13,29,-1,-24,22,28,-16,33,3,31,12,-17,15,26,-8,34,-3,28,6,-17,20,53,-6,38,9,25,0,-16,18,23,-10,35,1,26
55.2600,-2,-21,18,27,-8,39,12,33,5,-20,22,25,-4,28,6,26,-4,-20,19,26,-11,31,6,43,7,-15,24,24,-8,36,-13,29,-1,-17,22,32,-11,38,8,30,11,-16,18,23,-7,38,2,26,8,-18,15,50,-10,41,8,23,2,-17,19,27,-12,40,9,31
55.2800,4,-17,22,23,2,39,11,38,4,-19,27,30,-3,28,3,28,-6,-15,18,23,-12,38,3,42,2,-13,16,23,-3,37,-14,28,1,-23,23,29,-6,35,7,28,12,-10,18,28,-9,40,1,22,9,-21,17,56,-11,38,9,29,3,-13,22,27,-11,37,0,27
55.3000,3,-21,18,25,-1,40,12,30,9,-13,29,28,-2,36,2,30,0,-11,18,23,-12,39,10,41,5,-5,23,22,-3,40,-11,29,0,-17,23,29,-7,36,4,30,12,-9,23,27,-8,39,5,23,9,-16,15,52,-12,42,8,28,4,-13,26,25,-7,40,10,29
55.3200,3,-18,17,25,-4,44,12,35,8,-14,26,26,-10,32,9,31,-2,-14,13,28,-11,40,12,41,8,-11,24,24,-8,36,-7,30,5,-18,18,27,-9,39,9,29,19,-8,19,33,-10,41,2,24,6,-17,16,45,-14,34,8,26,4,-15,16,22,-8,42,6,31
55.3400,-2,-16,14,21,-4,47,15,34,8,-10,29,30,-10,29,10,29,0,-8,16,21,-9,41,10,40,6,-10,18,22,-6,41,-6,26,5,-17,19,30,-9,41,11,26,21,-11,21,22,-10,39,4,23,9,-17,15,54,-14,33,-1,25,5,-13,12,26,-9,45,10,28
55.3600,6,-19,9,21,-1,43,15,29,12,-10,28,33,-8,34,7,23,4,-11,8,24,-12,43,8,42,11,-14,13,24,-7,39,-9,28,6,-15,13,20,-8,42,9,26,15,-6,21,23,-6,37,-2,21,8,-15,11,49,-17,33,7,25,8,-12,17,23,-11,38,7,27
55.3800,5,-13,7,18,-3,43,11,30,8,-12,15,30,-13,28,5,26,4,-12,11,25,-15,36,7,38,7,-15,11,20,-8,41,-11,22,7,-17,15,15,-13,36,3,26,17,-9,13,25,-11,35,1,23,6,-15,11,47,-15,30,6,24,6,-9,11,17,-15,38,5,22
55.4000,8,-14,6,11,-7,45,9,28,9,-16,8,23,-11,26,3,21,3,-8,6,24,-7,35,9,39,9,-11,12,16,-15,36,-15,23,11,-15,5,18,-13,36,4,26,17,-5,13,26,-6,36,-2,16,7,-17,11,39,-16,31,6,28,8,-16,4,13,-12,35,8,23
55.4200,9,-16,10,10,-7,41,10,27,6,-18,7,22,-16,22,3,25,5,-12,9,22,-9,32,10,33,6,-11,8,14,-14,30,-12,21,10,-17,4,14,-12,34,5,22,19,-10,13,20,-12,30,-4,19,5,-22,12,48,-13,30,4,24,6,-16,5,15,-15,35,3,20
55.4400,10,-16,7,18,-10,42,7,25,8,-17,7,20,-12,25,3,21,-3,-10,11,17,-16,29,8,35,1,-14,5,8,-12,29,-9,20,10,-20,11,8,-12,35,8,22,16,-8,11,18,-14,33,-2,20,4,-18,16,40,-15,29,0,31,5,-15,9,15,-12,33,3,20
55.4600,9,-12,4,12,-4,37,2,24,4,-18,7,14,-18,22,-4,17,0,-12,13,19,-13,27,3,32,7,-17,5,17,-14,29,-16,24,9,-15,3,6,-12,32,7,22,16,-11,6,17,-11,25,-7,18,3,-17,15,48,-15,29,0,25,4,-13,4,10,-15,31,2,22
55.4800,6,-19,12,13,-2,37,6,22,5,-17,6,16,-15,22,0,22,0,-12,10,22,-20,31,2,32,7,-12,7,18,-15,32,-18,20,1,-16,6,14,-14,30,1,20,14,-10,11,18,-9,29,-3,16,10,-12,23,44,-13,34,1,26,7,-13,10,16,-14,33,0,20
55.5000,3,-19,12,19,-7,33,4,18,6,-16,5,12,-11,25,-4,21,-3,-15,11,22,-13,29,3,31,6,-9,8,21,-12,26,-19,23,7,-16,8,11,-17,33,4,20,17,-12,9,13,-9,29,-6,15,4,-19,17,46,-13,31,1,26,5,-17,11,16,-8,37,5,22
55.5200,0,-19,5,15,-5,35,4,22,3,-13,5,18,-4,23,-3,21,0,-21,15,22,-14,26,9,35,2,-16,9,21,-14,30,-12,20,6,-23,10,15,-16,30,4,22,16,-13,5,16,-11,31,-5,18,9,-21,17,45,-9,34,0,27,6,-17,15,15,-11,33,2,20
55.5400,5,-18,11,20,-2,35,4,22,2,-16,10,12,-10,23,2,26,1,-23,18,18,-13,25,7,34,4,-17,9,18,-9,30,-18,17,5,-17,13,19,-13,31,0,23,16,-9,12,19,-12,33,-2,17,5,-18,22,46,-12,36,-3,26,4,-20,10,17,-14,38,8,22
55.5600,-3,-19,11,17,-5,38,6,20,4,-15,17,17,-7,21,-1,29,3,-16,18,19,-7,32,8,32,1,-15,13,22,-8,30,-17,21,7,-20,14,15,-13,36,6,25,13,-15,13,22,-7,35,-2,22,0,-19,17,43,-8,38,1,30,6,-15,16,17,-13,31,3,21
55.5800,-1,-18,16,21,-5,41,7,23,1,-17,18,22,-7,25,1,30,-4,-17,15,23,-5,32,9,40,5,-12,17,27,-11,33,-9,23,10,-23,19,25,-9,34,3,25,18,-9,15,18,-7,33,0,22,3,-14,12,48,-8,40,-3,25,1,-20,20,22,-7,36,0,29
55.6000,-2,-18,18,25,-5,43,10,26,-1,-14,17,27,-5,24,1,32,0,-17,12,24,-14,31,4,35,11,-12,20,26,-8,31,-12,25,6,-21,22,24,-15,37,5,26,16,-9,19,23,-9,37,4,22,7,-18,15,46,-9,40,5,25,7,-19,17,19,-7,40,3,26
55.6200,2,-17,14,23,-4,38,11,27,4,-16,21,23,-4,29,3,28,-1,-13,15,24,-11,35,10,38,3,-15,24,30,-11,40,-18,27,9,-15,22,25,-14,38,2,27,14,-8,19,27,-9,40,9,24,6,-17,10,44,-6,39,0,22,6,-15,20,20,-9,38,11,25
55.6400,3,-21,16,30,-2,39,16,31,-1,-15,18,25,-5,31,8,27,3,-11,17,21,-11,34,14,42,7,-10,22,29,-11,32,-9,25,6,-20,14,25,-8,39,7,32,19,-9,18,25,-12,35,11,21,5,-16,11,43,-7,41,3,27,5,-17,14,21,-12,40,7,29
55.6600,5,-16,13,30,-8,40,15,28,5,-15,18,26,-6,33,7,30,4,-14,15,24,-10,30,12,43,6,-10,19,28,-18,32,-7,24,7,-17,13,22,-12,42,10,26,20,-12,17,23,-14,40,5,23,7,-15,12,44,-10,39,8,19,4,-19,13,23,-7,40,2,28
55.6800,2,-12,14,24,-6,43,11,28,7,-16,14,23,-5,22,5,25,1,-14,13,18,-9,38,15,40,5,-10,23,25,-14,37,-11,24,4,-16,13,23,-16,42,8,26,17,-6,15,23,-14,38,5,22,6,-15,13,38,-11,41,-3,25,9,-15,11,21,-20,38,4,29
55.7000,2,-17,7,20,-9,41,16,29,5,-13,18,19,-10,27,6,23,5,-11,13,18,-15,34,14,36,4,-13,18,20,-16,32,-8,19,8,-16,11,24,-14,42,7,26,16,-11,12,21,-10,38,6,19,8,-18,16,42,-14,39,6,21,10,-19,13,22,-16,38,8,26
55.7200,4,-19,11,21,-9,36,8,29,4,-9,11,18,-12,22,1,22,6,-11,9,16,-16,35,9,42,4,-8,12,20,-17,30,-11,26,9,-16,10,16,-17,35,5,25,17,-14,12,19,-18,34,8,20,12,-14,6,37,-16,40,1,19,11,-16,11,21,-14,32,6,25
55.7400,3,-17,16,19,-13,40,10,20,7,-17,9,16,-13,22,5,22,2,-10,9,20,-16,34,12,39,7,-9,9,18,-13,29,-13,24,9,-16,8,20,-18,36,5,26,17,-12,12,18,-13,38,5,21,3,-15,8,45,-11,35,9,22,8,-17,7,12,-17,29,8,23
55.7600,4,-18,14,19,-8,36,10,19,6,-13,10,20,-11,25,5,25,1,-14,11,13,-12,31,6,40,10,-7,5,16,-20,31,-13,22,6,-19,6,18,-15,34,4,25,17,-10,7,11,-19,34,0,13,15,-12,11,40,-15,33,5,27,5,-14,10,18,-18,30,1,23
55.7800,1,-12,17,15,-15,33,9,23,4,-10,4,12,-12,22,1,20,2,-18,12,17,-17,30,10,38,5,-12,11,11,-19,32,-16,21,6,-20,10,20,-21,34,4,24,16,-17,9,17,-19,35,5,20,9,-16,11,44,-18,31,7,19,2,-19,12,15,-20,38,1,22
55.8000,-1,-12,14,19,-12,35,7,26,2,-12,5,16,-11,15,-2,22,-4,-11,11,14,-21,31,6,37,7,-11,5,18,-16,31,-18,19,4,-16,14,15,-18,33,0,26,11,-14,9,13,-20,31,2,20,11,-15,9,43,-16,33,2,16,2,-17,10,14,-15,30,-2,25
55.8200,2,-14,8,14,-10,35,9,23,1,-15,7,17,-11,22,3,27,-1,-18,12,13,-20,30,4,39,7,-9,5,10,-10,26,-17,23,4,-21,10,25,-16,32,-1,22,17,-18,12,12,-18,30,-5,17,5,-17,14,43,-18,30,8,23,8,-17,7,10,-16,37,4,18
55.8400,-2,-16,15,16,-9,39,8,24,1,-14,10,11,-13,17,1,19,-5,-16,17,13,-18,35,7,36,3,-12,8,7,-14,32,-16,26,5,-19,15,25,-13,35,1,23,15,-15,13,22,-16,33,-1,18,11,-14,20,46,-17,35,8,24,7,-19,10,17,-14,33,0,25
55.8600,-1,-16,18,17,-15,42,7,24,0,-13,10,14,-9,21,-2,23,-6,-14,18,21,-19,35,-1,33,4,-16,13,15,-12,27,-17,21,4,-22,16,24,-18,32,4,21,17,-9,17,22,-11,32,-1,17,7,-21,17,49,-10,42,9,20,4,-19,19,13,-13,41,4,24
55.8800,4,-21,18,16,-9,42,2,25,3,-16,15,19,-7,22,6,21,-2,-11,19,16,-13,37,0,32,5,-12,12,14,-7,33,-14,25,1,-21,17,27,-14,31,1,26,14,-14,18,18,-13,34,-1,23,11,-17,18,47,-12,34,7,25,3,-12,17,17,-14,38,7,23
55.9000,4,-17,13,15,-4,38,5,28,4,-16,19,18,-10,25,1,25,-2,-19,18,17,-8,34,7,38,6,-8,18,12,-10,38,-13,27,-5,-23,20,28,-15,33,-2,22,9,-15,18,21,-11,37,3,22,9,-15,21,49,-14,39,8,26,6,-13,14,20,-14,37,6,25
55.9200,-2,-15,14,13,-5,46,5,28,2,-18,26,21,-5,28,2,28,-6,-13,18,20,-9,40,3,38,5,-10,19,21,-8,38,-11,29,1,-19,22,26,-14,37,3,23,11,-9,26,24,-11,39,5,23,9,-14,19,46,-9,36,10,22,7,-13,20,18,-11,37,4,23
55.9400,-2,-10,16,18,-3,48,4,28,2,-11,28,24,-10,31,6,26,-4,-12,16,23,-5,34,8,39,8,-6,21,21,-13,39,-14,22,1,-22,20,29,-15,40,2,23,17,-13,22,23,-8,37,1,25,7,-18,20,51,-16,44,9,27,2,-15,19,21,-10,41,5,21
55.9600,4,-12,19,19,-3,46,6,29,4,-11,27,28,-10,32,2,25,-4,-16,20,18,-11,36,8,41,6,-10,20,20,-10,37,-13,26,2,-17,22,23,-12,41,2,25,16,-1,20,29,-9,41,3,26,4,-16,23,50,-12,44,4,26,9,-10,17,20,-11,43,6,26
55.9800,-1,-11,15,15,-3,50,8,26,2,-7,28,24,-9,30,10,21,2,-15,21,17,-11,40,8,42,10,-9,20,19,-5,36,-11,30,3,-13,17,26,-10,41,3,25,16,-10,23,25,-14,39,7,23,13,-20,19,51,-12,37,3,25,-1,-11,21,16,-16,40,6,25
56.0000,4,-13,17,20,-6,45,9,30,2,-9,24,22,-14,26,6,28,0,-11,19,21,-7,40,5,36,7,-16,15,21,-9,35,-14,24,5,-19,17,23,-9,42,6,23,17,-11,25,26,-13,37,1,19,4,-18,15,46,-12,40,5,29,9,-11,21,18,-15,40,8,25
56.0200,4,-9,12,15,-7,45,11,28,7,-14,22,20,-13,28,4,21,5,-11,16,21,-12,40,7,38,7,-11,15,20,-13,37,-11,25,10,-14,15,20,-16,36,1,22,21,-15,19,20,-11,40,8,18,3,-17,13,47,-13,40,3,27,8,-16,13,20,-10,43,6,25
56.0400,7,-12,13,18,-9,47,8,28,4,-15,16,19,-13,28,5,21,-1,-15,15,17,-13,38,8,38,7,-11,17,20,-15,34,-14,20,2,-15,12,15,-15,39,8,22,19,-10,12,24,-17,35,4,19,3,-17,16,45,-17,39,7,24,7,-15,13,15,-15,48,8,26
56.0600,4,-13,10,21,-7,42,8,22,6,-13,14,19,-14,27,4,24,-6,-12,11,24,-12,33,8,38,8,-15,16,18,-16,30,-8,22,5,-16,14,12,-10,39,3,21,16,-11,10,25,-17,35,-1,15,5,-19,13,46,-14,36,3,28,5,-13,14,16,-14,42,6,23
56.0800,7,-13,19,18,-12,42,11,26,4,-16,13,18,-13,25,5,21,-4,-16,13,22,-11,32,10,34,10,-9,14,19,-15,31,-13,22,-1,-15,11,15,-15,41,2,24,17,-10,12,19,-15,35,2,16,3,-22,17,42,-17,33,8,25,11,-16,9,17,-14,35,6,19
56.1000,0,-13,13,17,-11,42,5,28,-3,-11,8,13,-16,29,-1,22,-2,-15,13,27,-12,31,8,31,11,-13,11,16,-18,29,-13,23,6,-13,10,15,-21,37,2,23,14,-12,13,20,-13,33,-2,16,2,-19,10,42,-16,37,2,22,1,-16,12,18,-15,34,4,18
56.1200,-1,-17,10,21,-9,42,5,22,3,-19,7,21,-12,23,1,19,4,-15,15,24,-14,29,9,28,4,-11,11,19,-16,29,-13,20,2,-15,13,11,-20,31,2,21,16,-14,11,22,-11,29,-3,19,3,-20,14,50,-17,35,2,23,2,-17,15,15,-15,29,1,22
56.1400,4,-16,18,24,-9,40,5,22,3,-13,11,16,-11,23,4,21,-8,-14,19,25,-17,31,9,29,0,-12,15,19,-13,27,-8,17,4,-17,13,19,-18,32,3,23,12,-13,14,14,-12,33,0,17,-3,-12,13,44,-17,35,3,21,1,-15,16,20,-16,29,3,16
56.1600,1,-14,12,16,-10,38,4,21,3,-11,12,14,-13,29,2,24,-2,-17,17,22,-19,24,6,32,4,-17,11,22,-12,29,-16,23,1,-18,19,19,-16,33,0,21,7,-10,16,18,-17,36,2,17,3,-16,14,49,-15,33,0,23,3,-15,13,21,-13,35,3,17
56.1800,2,-15,16,21,-10,33,4,23,1,-13,14,17,-11,20,-1,24,-4,-14,21,24,-19,28,3,38,4,-10,12,22,-11,32,-15,24,-4,-21,17,19,-14,28,4,20,12,-12,14,18,-16,36,1,21,4,-16,10,48,-17,38,3,26,-2,-13,21,20,-15,39,4,22
56.2000,-3,-13,16,26,-9,42,9,22,7,-12,15,19,-10,28,4,24,-7,-18,20,27,-11,32,9,36,5,-10,20,30,-9,29,-15,25,0,-19,20,24,-17,31,-3,21,10,-8,21,22,-15,40,1,20,7,-11,14,50,-14,37,4,25,-2,-13,14,26,-11,37,9,24
56.2200,1,-16,19,24,-12,38,14,21,3,-8,25,25,-12,26,3,24,-1,-14,21,23,-11,30,3,36,6,-12,19,27,-10,31,-13,27,-7,-16,23,25,-11,29,4,24,17,-13,21,15,-14,36,1,17,3,-8,15,47,-15,37,-3,21,0,-16,22,24,-14,34,5,23
56.2400,-3,-14,17,29,-5,41,10,29,4,-11,22,22,-12,28,1,24,-5,-16,21,23,-15,31,11,42,9,-12,25,27,-9,30,-8,25,1,-16,21,27,-15,36,6,21,11,-5,21,23,-18,40,3,24,5,-10,14,48,-16,38,-1,21,4,-11,26,19,-15,38,6,18
56.2600,-1,-14,18,20,-9,37,12,26,3,-9,24,27,-9,30,4,22,-6,-17,21,23,-14,33,8,39,3,-7,24,33,-11,35,-8,22,2,-9,27,27,-13,32,4,23,14,-6,26,21,-17,42,3,20,6,-10,15,44,-10,40,5,22,1,-12,18,23,-14,37,6,22
56.2800,5,-12,25,25,-7,43,8,27,-2,-13,23,24,-8,25,13,27,-2,-19,17,22,-12,36,10,40,5,-10,25,23,-9,33,-5,25,0,-13,23,29,-12,38,7,26,14,-10,18,22,-10,36,7,23,7,-16,15,43,-12,38,6,26,5,-15,22,23,-14,41,9,26
56.3000,3,-9,19,20,-11,45,7,28,4,-13,22,27,-12,32,7,28,-6,-9,19,17,-14,36,11,41,6,-7,22,24,-13,37,-11,25,-2,-16,23,24,-14,39,4,25,12,-9,23,23,-12,40,7,23,2,-11,14,44,-16,39,2,22,1,-14,22,22,-18,39,8,26
56.3200,4,-12,21,20,-14,47,8,27,8,-12,26,24,-8,28,5,28,-4,-15,19,19,-12,39,7,40,7,-6,16,28,-13,38,-6,22,7,-17,17,24,-16,36,10,25,14,-7,19,19,-12,39,5,22,8,-9,17,37,-18,37,4,22,7,-16,22,21,-17,46,8,23
56.3400,7,-10,19,22,-10,45,15,29,7,-10,23,25,-12,25,1,24,-2,-13,15,16,-16,34,6,39,8,-9,21,24,-11,34,-13,19,3,-18,18,18,-18,41,8,21,15,-9,20,19,-16,40,2,20,6,-13,16,37,-13,38,3,12,7,-13,13,15,-13,43,10,21
56.3600,2,-6,23,22,-13,46,13,26,5,-8,17,25,-13,23,3,25,-5,-11,13,19,-18,38,12,37,7,-12,20,24,-18,40,-10,26,4,-11,14,18,-21,40,4,26,18,-10,18,17,-15,43,5,16,5,-15,17,41,-14,37,1,29,5,-14,16,11,-17,42,9,24
56.3800,8,-11,15,16,-13,43,8,26,7,-15,22,16,-14,27,4,25,-2,-11,16,14,-22,33,12,32,7,-9,17,17,-18,38,-10,23,4,-15,13,20,-13,35,6,25,12,-7,15,14,-19,42,-2,16,8,-10,17,33,-15,38,5,16,2,-10,11,14,-21,39,6,22
56.4000,5,-13,16,16,-12,48,5,26,2,-18,13,14,-12,29,0,20,-5,-12,13,13,-11,34,9,39,2,-12,14,11,-19,31,-11,20,2,-14,13,17,-19,39,3,21,13,-6,14,18,-18,36,1,18,5,-11,20,38,-10,42,6,18,2,-13,12,10,-20,41,3,24
56.4200,0,-15,18,15,-15,43,13,22,7,-13,12,14,-14,28,4,20,3,-13,18,16,-19,35,11,27,4,-12,16,13,-15,36,-12,19,4,-15,8,16,-18,37,1,19,12,-10,12,12,-21,39,-2,18,1,-13,15,39,-18,35,3,18,3,-14,10,12,-19,38,6,22
56.4400,4,-13,16,14,-16,47,9,24,6,-14,17,16,-12,24,1,19,-5,-13,15,8,-18,35,9,33,-1,-11,16,16,-20,34,-13,20,-3,-18,8,15,-16,40,4,19,13,-6,13,13,-21,36,2,17,1,-12,16,39,-14,35,5,18,1,-12,13,13,-17,36,6,21
56.4600,5,-17,15,18,-14,44,4,19,6,-17,15,12,-15,25,4,22,-3,-16,15,17,-16,34,7,34,0,-10,13,9,-12,38,-15,20,2,-18,16,14,-17,36,2,20,11,-9,11,9,-20,33,-1,17,7,-15,18,39,-14,38,8,24,3,-19,14,12,-18,37,0,23
56.4800,1,-13,18,17,-15,44,6,20,4,-14,15,16,-14,25,4,23,-6,-13,21,13,-19,32,7,33,-4,-16,12,10,-16,34,-19,18,0,-15,14,16,-21,41,2,21,13,-7,17,16,-21,35,1,16,6,-17,23,39,-18,39,5,20,1,-14,15,15,-22,40,4,18
56.5000,3,-14,18,13,-12,45,0,24,4,-15,14,15,-15,28,-2,22,0,-16,21,15,-17,31,6,30,5,-11,14,11,-12,33,-18,17,-3,-13,14,17,-18,37,0,23,15,-10,18,19,-16,39,4,18,3,-15,25,41,-15,38,7,21,3,-18,17,13,-19,39,7,19
56.5200,-2,-13,21,6,-14,44,8,21,4,-22,22,20,-16,24,2,22,-8,-15,20,19,-17,33,7,32,-2,-7,16,13,-16,32,-20,25,-3,-18,17,19,-21,34,5,27,10,-9,18,17,-14,36,0,19,0,-16,22,48,-17,37,7,20,3,-18,22,11,-16,41,9,24
56.5400,0,-14,20,17,-11,47,5,25,-1,-13,24,18,-13,33,0,28,-4,-14,16,19,-14,35,6,38,4,-12,19,16,-15,35,-10,19,-3,-15,21,19,-13,39,3,19,9,-4,21,13,-16,38,4,23,6,-16,20,40,-17,38,9,23,0,-14,19,14,-17,44,7,23
56.5600,2,-15,18,14,-7,43,9,22,1,-12,23,24,-13,32,6,26,-7,-20,19,15,-14,33,8,34,5,-4,21,18,-14,34,-15,21,2,-12,25,24,-20,41,8,20,10,-10,20,18,-14,41,3,20,5,-17,17,45,-17,29,7,27,5,-15,19,19,-15,42,6,25
56.5800,0,-14,21,13,-7,48,9,31,6,-14,23,26,-12,29,6,25,-3,-14,18,18,-14,37,6,37,6,-9,19,21,-10,35,-13,22,2,-16,25,23,-16,37,1,21,14,-10,22,20,-12,42,3,28,11,-16,19,42,-24,32,9,21,3,-12,22,14,-19,45,2,25
56.6000,2,-15,19,13,-7,48,10,26,2,-9,24,24,-14,31,5,23,-9,-13,15,19,-15,42,8,38,3,-9,21,16,-11,37,-13,22,-3,-19,22,25,-15,37,2,21,13,-5,17,18,-14,36,0,21,11,-12,15,42,-17,36,3,26,4,-13,24,19,-20,40,7,21
56.6200,1,-15,20,20,-3,46,11,26,2,-7,22,24,-13,31,2,26,-3,-16,19,20,-12,35,11,40,3,-7,22,19,-15,33,-12,20,5,-17,21,23,-12,44,7,23,14,-4,21,18,-13,42,5,29,7,-19,14,42,-18,40,7,23,2,-14,24,18,-17,42,8,28
56.6400,4,-11,16,14,-9,45,9,28,-2,-9,22,25,-9,29,2,23,-4,-8,20,19,-13,34,11,39,9,-11,24,25,-16,33,-12,23,1,-11,15,22,-16,44,2,25,12,-6,22,22,-20,42,6,20,4,-17,14,42,-19,42,4,22,5,-19,18,19,-17,40,8,24
56.6600,4,-8,17,15,-10,45,11,26,-1,-8,23,23,-12,33,-1,24,-6,-10,18,18,-19,31,11,36,6,-8,20,21,-11,36,-16,21,3,-13,18,23,-16,42,2,22,10,-6,13,17,-19,40,1,18,4,-15,15,43,-17,40,8,20,-2,-11,18,18,-21,41,7,25
56.6800,-2,-12,21,16,-10,41,9,28,0,-9,20,19,-15,31,1,24,-7,-15,18,20,-15,39,11,39,4,-15,18,22,-15,34,-13,21,-1,-12,15,17,-15,45,3,23,12,-4,15,16,-19,38,3,20,5,-16,15,39,-20,37,7,24,6,-9,14,17,-17,45,4,21
56.7000,-2,-12,16,16,-17,39,8,26,4,-12,14,16,-14,27,-1,20,-5,-11,16,19,-17,40,6,33,4,-13,23,19,-17,31,-13,17,1,-19,14,12,-16,40,3,27,15,-10,17,21,-17,40,4,22,4,-16,14,42,-19,41,4,19,2,-12,11,15,-19,37,11,26
56.7200,-6,-17,14,17,-11,44,10,22,2,-7,19,17,-18,31,-2,19,-5,-15,17,18,-19,36,8,33,5,-11,13,16,-14,28,-12,20,-4,-10,14,16,-20,38,7,21,12,0,11,17,-21,38,1,20,5,-15,14,40,-16,38,-3,18,3,-13,15,13,-22,37,7,21
56.7400,0,-11,15,17,-18,39,10,22,0,-10,13,8,-15,31,-1,24,-6,-15,17,15,-16,34,8,31,0,-12,13,13,-17,25,-9,20,-1,-13,13,19,-22,37,2,22,12,-8,18,17,-23,37,-3,22,2,-12,13,43,-17,42,7,22,3,-11,16,12,-23,35,3,22
56.7600,-3,-17,16,15,-17,41,8,21,0,-8,19,6,-13,23,-2,16,-5,-16,12,14,-15,37,8,37,2,-10,16,11,-19,33,-13,19,-5,-15,14,13,-20,39,-3,22,12,-5,15,14,-23,37,-3,20,2,-15,16,41,-16,43,5,20,6,-17,18,16,-18,37,2,21
56.7800,-3,-11,17,18,-17,45,9,20,-1,-12,12,10,-15,30,-1,20,-5,-10,16,16,-13,33,8,31,1,-7,15,15,-18,31,-11,19,0,-15,15,17,-19,38,-1,24,12,-8,16,17,-21,37,2,16,4,-14,16,37,-14,47,3,24,2,-15,13,10,-18,38,5,24
56.8000,-2,-16,12,21,-13,37,10,24,2,-15,18,15,-16,30,4,22,-9,-15,17,19,-18,39,6,28,2,-9,15,14,-19,28,-12,18,-1,-19,15,16,-17,36,-2,21,13,-5,16,15,-23,33,0,23,3,-13,20,42,-19,42,0,20,2,-11,21,15,-18,41,4,24
56.8200,-2,-11,19,20,-14,39,5,21,-4,-9,14,14,-10,28,-3,24,-6,-16,14,20,-12,34,8,30,2,-11,17,16,-21,35,-9,20,-1,-17,19,15,-20,41,-1,18,11,-7,18,14,-18,36,0,21,6,-16,17,42,-17,43,7,22,4,-13,23,16,-19,41,3,21
56.8400,-3,-7,16,19,-12,38,8,26,-1,-9,23,14,-16,28,0,22,-7,-16,18,20,-14,32,8,33,4,-5,18,17,-18,34,-14,24,-3,-15,19,18,-21,37,5,22,12,-7,19,19,-14,33,-2,24,0,-12,19,40,-16,41,7,18,-2,-11,23,17,-13,40,4,17
56.8600,-3,-16,21,21,-12,46,10,27,0,-12,22,14,-13,26,4,20,-4,-19,23,16,-17,37,5,36,2,-14,21,16,-17,41,-16,21,1,-15,23,18,-23,39,2,25,10,-4,24,20,-17,43,-3,17,5,-12,20,46,-13,40,3,21,2,-10,21,16,-17,43,5,23
56.8800,-3,-13,17,19,-15,43,10,23,-4,-14,21,19,-10,29,1,18,-9,-19,23,18,-14,40,7,38,5,-9,21,17,-13,36,-12,22,-2,-16,24,20,-16,40,3,23,8,-5,26,22,-16,38,7,21,1,-14,18,46,-15,40,6,22,4,-13,25,18,-18,43,8,24
56.9000,1,-12,23,20,-10,43,10,25,-2,-12,27,18,-11,30,0,19,-8,-14,20,21,-15,42,5,37,3,-5,21,20,-17,38,-8,23,0,-15,28,19,-14,38,6,24,13,-4,27,21,-19,36,4,23,0,-14,19,44,-17,42,6,20,2,-13,28,20,-19,43,3,24
56.9200,-4,-11,19,18,-9,48,11,28,4,-11,25,18,-11,28,4,19,-11,-11,20,17,-18,44,8,38,4,-7,28,19,-14,37,-13,21,-1,-12,21,19,-20,42,7,20,14,-6,26,21,-16,41,8,27,-1,-7,19,37,-16,40,11,21,2,-11,24,18,-18,43,10,25
56.9400,3,-11,22,19,-10,47,12,27,4,-10,24,21,-20,31,4,23,-5,-7,15,15,-17,38,13,39,5,-9,31,21,-13,35,-10,18,2,-12,24,20,-17,42,5,17,15,-6,27,16,-20,42,4,21,3,-9,19,41,-18,41,5,22,1,-10,24,17,-17,39,9,18
56.9600,-2,-14,22,12,-19,41,11,22,-1,-11,21,19,-14,28,5,21,-8,-10,25,16,-15,42,8,36,3,0,24,19,-20,40,-17,17,-4,-13,22,15,-15,38,3,24,12,-4,27,19,-18,42,4,21,1,-11,15,39,-20,37,3,23,0,-10,20,13,-17,39,8,25
56.9800,1,-12,22,13,-11,46,12,26,4,-8,21,17,-19,29,0,21,-7,-10,12,16,-17,41,14,32,4,-7,21,18,-15,41,-13,20,-5,-16,23,21,-19,41,9,24,13,-2,24,18,-19,37,9,16,2,-6,19,40,-19,39,6,18,4,-13,19,13,-18,39,10,21
57.0000,1,-12,22,12,-11,48,8,27,3,-9,25,20,-17,31,4,18,-9,-13,17,19,-14,41,10,31,6,-10,15,15,-20,33,-17,18,-4,-11,21,18,-19,39,4,23,12,1,21,22,-20,36,2,19,1,-14,20,35,-23,35,6,23,7,-14,18,16,-19,39,5,26
57.0200,0,-10,19,12,-13,44,4,23,2,-11,20,16,-16,25,5,21,-4,-11,21,13,-16,41,4,38,5,-5,16,18,-18,31,-8,20,4,-17,17,18,-16,38,6,26,8,-9,18,12,-20,37,3,21,2,-16,15,41,-23,39,3,18,4,-13,12,13,-20,41,3,23
57.0400,-4,-11,16,14,-8,45,10,26,5,-14,16,16,-20,30,0,20,-2,-9,16,15,-22,39,13,36,3,-8,19,10,-14,28,-14,20,-2,-9,19,21,-18,36,5,22,15,-1,14,13,-24,40,4,18,2,-14,19,39,-21,38,-2,24,2,-10,20,6,-21,42,7,23
57.0600,-2,-12,16,16,-16,41,9,22,5,-11,17,15,-20,26,0,17,-10,-13,15,14,-21,37,14,37,2,-9,14,15,-18,31,-18,17,-3,-11,18,15,-16,36,4,17,12,-5,11,12,-27,38,0,14,-1,-13,18,41,-18,37,3,21,4,-9,17,9,-16,41,6,21
57.0800,-1,-11,24,9,-17,41,3,23,1,-14,16,16,-13,22,-1,16,-8,-16,12,15,-21,36,6,32,3,-15,15,13,-20,30,-14,20,-4,-12,16,14,-20,40,4,23,9,-5,20,7,-23,36,3,18,5,-12,20,37,-19,43,2,21,1,-10,18,11,-23,41,4,20
57.1000,-1,-13,18,14,-12,46,5,26,-2,-13,10,12,-15,27,1,24,-9,-12,18,17,-20,37,11,38,0,-7,14,15,-15,30,-15,18,-2,-7,15,19,-21,36,1,21,9,-4,16,13,-21,36,3,20,0,-13,17,37,-16,39,4,23,2,-20,21,10,-18,36,5,24
57.1200,-2,-7,21,11,-17,43,6,20,-2,-13,15,17,-22,23,-2,16,-10,-13,24,14,-17,38,11,34,7,-11,15,16,-13,28,-18,19,-5,-14,21,20,-19,34,2,19,12,-6,17,8,-19,34,4,18,5,-8,18,38,-19,41,3,23,0,-12,13,10,-19,34,4,21
57.1400,-1,-12,19,12,-15,40,7,22,-2,-7,22,15,-16,31,-1,22,-7,-14,20,16,-19,36,11,34,0,-5,21,18,-16,29,-12,19,-1,-14,22,19,-14,39,1,22,10,-2,18,15,-21,36,-1,26,1,-14,16,40,-14,39,4,20,1,-13,25,13,-17,36,7,22
57.1600,-4,-15,26,15,-14,44,10,24,0,-14,27,15,-18,31,-1,21,-12,-8,20,18,-15,37,7,34,3,-7,22,15,-23,30,-14,20,-6,-17,24,18,-18,42,5,18,9,-3,26,14,-20,36,4,23,6,-14,17,41,-18,42,7,20,0,-12,23,15,-17,44,3,24
57.1800,-1,-16,23,17,-13,41,9,27,-1,-10,21,18,-12,29,1,19,-6,-15,26,15,-17,37,9,34,0,-5,27,19,-18,32,-10,15,-9,-9,25,22,-17,42,6,21,8,-6,19,15,-20,36,4,16,5,-11,18,45,-16,41,1,23,3,-7,24,14,-19,43,7,19
57.2000,-9,-3,22,16,-13,45,7,26,-1,-19,23,24,-17,34,2,21,-10,-12,20,16,-15,36,12,30,1,-4,29,20,-19,33,-11,17,-2,-13,27,20,-15,42,7,20,9,-2,17,22,-19,35,4,23,6,-11,18,41,-22,44,8,21,3,-12,22,17,-17,43,4,24
57.2200,-2,-12,22,17,-11,41,8,23,-1,-15,22,24,-18,36,2,21,-9,-10,20,18,-16,39,8,36,4,-3,27,21,-18,29,-10,22,-1,-11,23,23,-17,42,4,22,9,-3,24,21,-18,39,1,21,8,-9,19,40,-20,40,5,25,0,-6,25,16,-18,42,6,24
57.2400,-3,-8,24,18,-16,42,11,30,-3,-10,24,22,-11,33,-1,20,-6,-11,24,20,-13,39,16,36,3,-2,27,19,-15,33,-9,24,-1,-13,22,28,-18,38,4,24,9,0,23,27,-21,41,3,21,7,-11,21,42,-19,39,6,22,1,-4,26,18,-20,44,3,21
57.2600,2,-10,22,15,-7,43,13,25,0,-7,26,22,-16,36,0,18,-8,-7,23,20,-12,42,10,33,-2,-6,28,19,-19,31,-8,16,-2,-12,25,16,-19,44,2,25,11,-3,25,22,-20,39,2,20,8,-13,18,37,-17,42,6,21,-2,-9,21,14,-17,47,7,20
57.2800,4,-9,22,16,-12,49,13,24,-1,-9,27,21,-15,31,-2,20,-4,-8,24,14,-17,41,15,36,4,-4,25,18,-25,40,-12,21,-1,-15,22,19,-21,44,3,23,13,3,28,23,-22,42,2,21,10,-12,13,40,-22,43,3,17,6,-9,23,17,-21,44,6,19
57.3000,0,-5,17,15,-17,42,12,28,-6,-4,21,18,-20,38,-2,21,-7,-8,25,20,-18,39,12,32,5,-5,20,18,-19,35,-8,16,-4,-9,21,19,-20,39,-1,23,13,0,19,22,-21,43,1,19,2,-13,16,35,-17,42,3,18,-1,-12,23,15,-17,43,7,18
57.3200,3,-3,19,13,-18,44,12,27,-3,-8,22,13,-16,34,-4,19,-8,-11,18,18,-17,42,12,27,5,-12,20,21,-18,34,-12,22,3,-12,16,15,-22,43,2,24,10,-4,19,20,-23,41,4,21,2,-19,17,35,-18,42,7,21,0,-10,20,15,-22,42,10,21
57.3400,-1,-7,20,15,-13,44,9,28,1,-5,17,14,-18,31,3,19,-3,-12,23,14,-17,40,9,35,3,-6,18,19,-23,30,-11,19,-2,-8,20,20,-21,46,4,24,11,-5,18,18,-21,42,2,18,3,-15,14,36,-22,45,4,17,-2,-11,18,12,-17,40,3,17
57.3600,1,-11,20,14,-17,47,6,26,-3,-8,19,16,-14,29,-1,17,-5,-10,18,16,-20,41,10,33,1,-6,19,17,-20,31,-8,15,-3,-12,19,15,-24,35,4,25,11,-2,20,16,-23,40,3,16,1,-11,18,36,-20,42,7,22,3,-11,17,11,-21,45,3,21
57.3800,-2,-8,18,14,-14,41,9,23,-1,-8,17,16,-17,26,-4,16,-9,-12,23,14,-18,41,9,34,-4,-8,15,14,-22,37,-11,19,-7,-17,18,10,-21,44,4,21,13,-1,16,10,-18,40,1,20,2,-10,20,35,-16,40,2,16,-3,-13,19,10,-20,37,2,14
57.4000,3,-10,23,16,-13,40,9,23,-4,-9,14,14,-13,26,-5,17,-6,-11,24,14,-17,35,10,32,2,-3,13,8,-19,33,-15,21,-8,-8,13,13,-24,40,5,23,10,-2,20,13,-22,38,3,20,1,-13,19,32,-19,42,4,23,-3,-10,17,11,-21,41,0,24
57.4200,-1,-12,18,13,-19,39,6,22,-4,-10,17,13,-20,26,0,19,-8,-12,22,15,-20,39,7,30,2,-6,20,15,-22,33,-16,19,-3,-16,18,12,-22,39,4,16,7,-3,17,16,-24,41,0,16,0,-9,20,36,-25,39,-1,20,-5,-6,20,9,-20,40,3,14
57.4400,-1,-14,18,13,-16,40,15,21,-5,-7,17,11,-14,27,-4,15,-4,-13,21,16,-18,39,8,31,-1,-9,25,12,-18,33,-14,14,-9,-14,19,17,-20,36,4,20,7,-2,20,12,-23,40,2,15,4,-10,18,41,-20,37,2,23,-3,-11,20,9,-20,38,2,14
57.4600,-1,-11,18,12,-9,39,13,22,-2,-7,19,14,-11,32,1,17,-9,-15,27,13,-17,33,11,31,-5,-6,20,12,-17,33,-15,13,-6,-14,24,21,-20,34,0,23,7,-6,17,9,-17,40,6,19,4,-8,22,41,-19,37,8,24,1,-12,24,13,-19,45,3,20
57.4800,-3,-10,23,10,-14,39,9,24,-1,-7,22,14,-11,31,1,21,-10,-10,21,16,-17,39,5,35,1,-14,25,14,-16,29,-17,17,-3,-9,25,14,-16,39,3,22,6,-1,27,9,-20,37,4,22,0,-10,19,38,-20,44,3,20,-5,-10,23,8,-21,41,3,18
57.5000,-8,-7,22,14,-16,39,7,25,1,-10,27,15,-19,29,4,20,-13,-9,26,18,-16,35,9,33,4,-6,25,18,-15,36,-16,18,-6,-9,22,14,-23,37,6,23,8,-4,25,20,-13,39,-2,19,0,-8,22,42,-22,39,8,25,-1,-10,23,16,-19,38,7,19
57.5200,-4,-11,24,13,-15,42,9,24,-2,-8,23,19,-17,26,1,23,-8,-11,26,21,-20,39,11,36,6,-3,23,17,-17,38,-14,20,-5,-8,26,17,-22,37,3,23,10,2,26,14,-20,44,8,24,7,-12,23,42,-20,42,7,21,-4,-10,24,16,-19,42,7,21
57.5400,-1,-8,27,20,-10,49,8,22,1,-9,25,16,-15,31,5,20,-9,-14,21,23,-15,42,12,31,0,-4,26,23,-13,38,-10,18,-4,-16,30,14,-19,42,4,20,7,5,23,18,-21,41,1,18,5,-8,14,41,-18,43,7,19,3,-16,24,16,-19,44,9,17
57.5600,-5,-8,21,14,-16,48,10,25,2,-8,24,13,-22,35,9,19,-11,-11,23,23,-16,38,14,33,-2,-5,28,20,-20,41,-13,16,-5,-8,26,23,-22,38,5,19,10,-1,28,18,-24,44,5,19,8,-12,24,41,-23,45,5,21,5,-8,27,16,-22,43,9,24
57.5800,-7,-10,27,20,-15,47,9,26,0,-5,28,15,-21,35,7,19,-5,-11,23,16,-17,39,16,37,0,-5,30,21,-23,38,-11,20,-6,-14,28,17,-22,42,8,25,12,-5,27,18,-20,39,4,26,6,-13,18,44,-23,45,4,20,-3,-10,23,13,-22,42,8,21
57.6000,-4,-8,25,17,-19,52,9,23,5,-9,25,17,-20,34,4,23,-8,-7,23,13,-18,44,16,33,5,-6,25,23,-17,38,-18,15,-7,-12,25,16,-26,43,7,21,7,-4,27,15,-21,38,8,19,4,-10,17,35,-19,45,5,21,1,-9,23,17,-23,41,10,23
57.6200,0,-5,21,17,-21,46,13,24,-3,-10,25,14,-22,27,9,22,-9,-7,22,14,-15,39,15,35,8,-1,26,16,-15,39,-15,13,-2,-9,24,19,-26,40,11,19,10,-4,25,18,-23,42,6,18,-3,-13,16,31,-24,45,7,22,0,-9,27,14,-21,44,6,19
57.6400,-1,-5,28,9,-19,48,10,27,-3,-12,25,19,-23,29,6,16,-7,-9,24,15,-22,43,14,34,3,-7,22,17,-24,39,-10,18,-1,-7,24,17,-23,41,4,21,11,2,22,18,-26,40,6,17,-1,-9,20,34,-21,47,7,19,-1,-8,23,11,-21,43,6,23
57.6600,-2,-4,22,15,-17,50,13,26,1,-8,21,11,-24,23,11,14,-10,-9,21,15,-19,44,12,34,2,-8,21,9,-28,37,-12,21,-3,-12,17,20,-21,40,5,19,11,-2,22,17,-26,41,4,21,2,-16,20,31,-21,44,4,17,-1,-9,16,11,-22,41,7,21
57.6800,-5,-8,23,10,-22,46,8,26,0,-7,18,14,-21,24,0,13,-9,-8,22,12,-18,42,11,31,3,-5,19,12,-26,40,-7,17,-4,-14,20,14,-24,38,8,22,10,-1,22,13,-24,42,1,16,-1,-13,23,33,-23,36,6,18,-1,-14,16,10,-24,40,6,19
57.7000,-1,-10,22,8,-24,45,11,24,-3,-9,19,11,-20,21,8,17,-5,-14,15,8,-23,41,10,28,1,-4,15,12,-25,36,-8,17,-12,-8,16,10,-21,40,4,20,12,-8,16,18,-25,34,2,18,3,-9,19,32,-23,39,11,18,-1,-11,19,9,-23,42,3,22
57.7200,-4,-10,24,11,-24,46,10,21,-1,-11,13,15,-19,19,3,10,-6,-12,22,11,-21,40,12,28,4,-4,22,12,-18,33,-11,15,-1,-10,18,9,-27,35,1,26,8,-6,20,15,-24,38,2,18,-2,-13,19,33,-21,41,3,21,2,-13,19,12,-24,38,8,21
57.7400,-8,-7,19,13,-22,43,12,20,0,-10,17,15,-15,17,4,12,-10,-10,19,11,-23,48,14,25,-1,-3,19,9,-25,34,-11,16,-6,-6,18,10,-22,36,0,21,8,-5,21,14,-26,42,3,13,-5,-13,23,37,-17,34,12,19,5,-5,17,10,-25,45,7,22
57.7600,-3,-8,19,16,-16,41,5,20,-1,-2,26,10,-12,21,-4,11,-10,-13,21,8,-20,45,10,34,2,-5,18,11,-26,34,-13,13,-7,-14,17,12,-25,42,1,23,6,-6,19,14,-24,41,1,20,3,-8,25,33,-18,38,7,18,-3,-10,20,7,-23,40,3,18
57.7800,-3,-8,22,13,-15,44,10,20,-6,-6,23,16,-14,24,-7,14,-10,-12,20,10,-26,45,10,29,5,-5,17,10,-20,30,-5,18,-5,-8,22,9,-23,39,0,17,4,1,21,5,-27,44,5,20,-4,-11,21,37,-22,36,9,21,-3,-6,22,12,-24,36,5,16
57.8000,-2,-7,25,14,-14,43,8,21,-6,-2,26,12,-12,24,-5,18,-9,-11,22,11,-18,44,13,31,2,-4,24,13,-18,28,-9,18,-6,-10,26,13,-23,42,5,19,8,1,26,10,-27,42,2,19,0,-8,25,36,-17,39,4,19,-2,-5,24,10,-24,46,1,16
57.8200,4,-3,18,17,-12,42,8,23,-6,-5,29,17,-8,27,-6,15,-8,-10,26,10,-22,41,13,27,0,-1,23,9,-17,29,-9,14,-4,-9,23,13,-16,44,-1,19,7,-4,23,8,-27,45,3,18,-2,-6,23,36,-20,40,3,15,0,-9,25,10,-23,42,4,23
57.8400,-2,-3,20,15,-9,38,11,21,-7,-5,24,16,-16,30,-7,23,-9,-9,26,11,-21,45,15,30,0,0,31,12,-20,26,-7,14,-1,-7,21,11,-19,45,5,21,9,-6,25,11,-23,43,2,20,-3,-2,21,36,-16,37,1,15,-2,-9,29,9,-22,46,11,19
57.8600,0,-3,21,17,-15,45,7,26,-9,-6,27,16,-14,38,-5,21,-5,-11,30,13,-24,41,16,29,3,3,24,16,-15,31,-12,16,-2,-5,28,16,-19,48,4,21,9,-1,29,10,-27,44,10,23,-2,-2,22,40,-18,42,-3,24,1,-9,26,13,-22,47,8,18
57.8800,-5,-5,27,13,-11,45,7,22,-5,-5,29,18,-18,41,-4,26,-9,-11,29,15,-20,41,21,29,3,0,28,16,-16,35,-10,13,-3,-9,23,13,-24,50,3,21,7,-6,27,7,-25,43,-1,16,0,-6,24,38,-21,40,2,21,-3,-12,26,11,-24,47,9,18
57.9000,-8,-1,23,13,-10,44,6,23,-5,-9,31,12,-13,36,-1,31,-9,-5,30,15,-14,37,16,25,4,-4,30,21,-14,32,-16,15,-9,-12,24,10,-21,46,2,24,7,-2,32,9,-29,40,7,15,0,-3,23,33,-19,43,2,20,-2,-8,27,9,-20,42,10,20
57.9200,-2,-7,25,14,-11,48,10,29,-6,-10,26,17,-17,39,-2,26,-5,-9,27,13,-16,33,15,26,-2,0,31,19,-17,31,-16,14,-4,-7,31,13,-23,47,5,26,10,3,24,11,-25,38,2,16,0,-10,24,34,-21,46,0,14,2,-11,22,10,-21,42,12,21
57.9400,-6,-4,24,16,-12,47,8,28,-5,-12,24,14,-18,35,-2,30,-7,-8,22,15,-13,32,14,22,-9,-5,32,16,-17,30,-13,17,-5,-10,24,13,-22,43,6,19,10,3,29,15,-21,38,3,16,-3,-11,19,37,-21,41,2,16,-4,-10,32,9,-20,46,11,19
57.9600,-4,-5,27,13,-12,46,4,23,-3,-10,27,13,-18,36,2,25,-3,-6,26,15,-17,36,12,32,-3,0,24,15,-15,39,-17,17,-5,-5,25,10,-26,49,7,26,11,0,23,17,-24,39,9,16,-1,-13,19,31,-22,39,0,18,-1,-7,25,11,-20,45,11,22
57.9800,-4,-11,24,10,-15,54,10,29,4,-17,20,14,-19,31,2,18,-8,-4,23,12,-16,38,8,29,-2,-3,25,17,-21,35,-19,18,-4,-7,24,11,-29,41,12,23,3,5,21,17,-19,39,6,15,-4,-11,25,34,-26,40,4,20,-4,-11,24,10,-21,38,3,20
58.0000,-4,-14,24,14,-18,50,11,30,2,-14,19,7,-21,33,3,21,-5,-10,21,16,-15,35,6,33,-3,-6,21,12,-16,35,-17,21,-3,-7,23,14,-28,44,10,19,7,4,21,18,-19,33,1,18,-1,-14,20,34,-26,44,7,21,2,-14,20,9,-27,41,6,12
58.0200,-5,-13,26,15,-17,50,7,27,4,-11,23,2,-21,35,6,16,-3,-7,25,14,-12,34,5,33,-3,-8,21,13,-21,38,-12,20,-7,-4,23,14,-23,36,10,16,3,7,19,15,-21,37,-1,14,4,-13,21,32,-26,44,7,21,0,-7,18,11,-23,40,3,17
58.0400,-5,-13,23,7,-21,48,9,23,3,-10,21,8,-24,33,4,18,-15,-10,22,14,-16,39,8,36,0,-9,19,10,-24,38,-11,21,-8,-2,19,24,-23,34,7,18,8,7,23,20,-18,35,-3,18,5,-16,18,35,-21,43,7,19,-9,-7,20,11,-20,43,4,18
58.0600,-1,-14,22,12,-21,52,10,26,3,-13,22,7,-25,29,5,16,-14,-10,21,13,-18,41,7,33,-1,-11,21,8,-24,41,-16,20,-9,-2,28,21,-21,31,5,16,1,8,23,19,-19,34,-6,18,7,-14,15,31,-22,47,5,18,1,-9,26,12,-23,42,6,21
58.0800,-3,-12,26,16,-25,47,11,25,2,-6,14,5,-19,27,5,14,-12,-12,18,15,-17,43,5,34,-3,-13,22,6,-19,39,-16,19,-8,-4,22,15,-21,36,4,14,-3,7,19,17,-22,38,-5,25,3,-14,19,33,-23,43,10,17,1,-13,23,16,-21,42,9,23
58.1000,0,-15,20,11,-18,45,9,22,1,-1,19,8,-23,27,2,12,-14,-10,25,12,-19,44,11,38,1,-8,23,10,-19,39,-9,19,-12,-2,24,18,-22,33,3,15,-4,4,21,19,-17,43,-5,26,1,-15,22,37,-22,46,4,21,-8,-12,29,10,-20,42,7,21
58.1200,-1,-14,25,9,-24,48,11,21,-2,-7,24,10,-20,28,9,13,-13,-15,26,16,-14,46,7,40,0,-10,24,8,-21,40,-12,19,-14,-5,29,18,-20,32,0,17,-1,1,23,15,-20,44,-3,27,4,-16,21,30,-24,42,12,18,3,-10,26,12,-22,44,5,17
58.1400,0,-11,28,10,-19,49,15,19,0,-7,30,11,-22,29,6,10,-15,-17,21,18,-19,45,4,40,3,-6,24,7,-26,42,-14,16,-16,-2,30,24,-20,34,-2,18,-7,1,25,23,-20,43,-1,24,1,-13,25,34,-28,47,12,17,-4,-7,28,13,-21,46,6,19
58.1600,-4,-7,29,11,-22,48,19,22,1,1,26,13,-18,30,4,15,-12,-17,19,10,-20,48,7,37,6,-7,28,8,-29,38,-10,14,-17,-2,32,17,-21,40,0,16,-2,0,29,16,-27,50,4,19,1,-10,26,36,-26,47,10,17,-4,-9,25,14,-25,44,8,20
58.1800,-1,-9,30,13,-23,50,9,21,-2,-5,33,10,-18,27,5,9,-14,-11,25,14,-19,53,13,33,5,-3,25,7,-25,41,-11,17,-15,-1,29,18,-11,38,0,21,-1,-3,28,16,-27,49,6,26,0,-13,22,35,-26,48,14,14,-2,-5,21,15,-24,45,11,15
58.2000,-2,-1,29,12,-24,50,14,23,-3,-3,29,8,-18,29,4,12,-12,-11,26,11,-26,49,13,36,6,0,29,7,-24,42,-8,12,-13,-1,27,17,-18,44,-1,25,1,-5,29,13,-28,51,2,22,0,-6,23,34,-27,48,4,15,-6,-1,31,15,-20,45,6,18
58.2200,-7,-3,30,9,-21,49,14,27,-4,0,37,10,-20,33,9,7,-3,-15,20,12,-28,48,19,31,5,2,26,8,-28,41,-7,18,-15,-4,28,19,-18,38,2,25,4,-6,28,8,-31,53,1,21,4,-2,19,33,-21,44,8,15,-5,-6,27,13,-23,43,7,18
58.2400,-2,-3,27,13,-15,48,12,15,-6,-6,29,12,-18,27,3,10,-7,-15,25,13,-27,52,19,27,13,3,28,13,-24,36,-4,14,-16,-5,25,14,-25,44,-3,25,8,-4,25,13,-26,51,6,18,1,-5,23,37,-27,45,12,17,-2,-7,21,9,-26,45,7,15
58.2600,-3,-1,26,10,-23,48,13,20,-4,1,29,15,-24,30,4,13,-8,-6,23,11,-27,52,23,33,4,1,25,7,-23,42,-10,16,-13,-10,24,12,-28,46,-1,23,10,-3,27,10,-28,48,8,18,2,-5,25,35,-25,42,13,16,-6,-8,26,8,-26,43,6,15
58.2800,-3,-1,23,11,-21,45,18,17,-7,0,23,15,-24,32,3,11,-3,2,24,9,-33,49,21,28,6,-1,27,13,-23,38,-8,11,-14,-9,21,10,-24,49,2,23,13,-7,24,12,-35,49,7,17,-2,-2,23,34,-25,46,9,17,-5,-3,26,6,-24,43,6,16
58.3000,-6,1,22,11,-22,48,14,17,-5,-2,25,11,-16,33,-1,13,-7,-1,27,9,-29,49,17,30,5,3,30,7,-30,41,-13,13,-8,-11,21,9,-31,52,3,27,10,-7,25,6,-31,44,7,17,0,-2,20,34,-25,45,3,15,-6,-4,24,8,-22,45,7,13
58.3200,-9,4,24,7,-20,48,8,18,-10,0,20,13,-22,33,2,12,-4,-4,23,8,-25,49,18,23,1,2,27,8,-27,38,-4,8,-13,-12,17,8,-26,49,3,23,11,-6,26,7,-34,44,11,14,-5,-5,22,39,-22,43,7,16,-2,-6,24,3,-28,45,10,16
58.3400,-10,3,23,11,-20,46,11,18,-6,-6,21,12,-21,33,1,13,-3,-3,21,6,-24,44,22,24,-3,0,26,9,-28,37,-12,6,-3,-12,22,11,-28,52,4,20,8,-3,22,7,-32,43,11,12,-4,-1,22,36,-22,44,2,20,-6,-3,18,1,-27,45,5,12
58.3600,-7,-4,21,6,-15,48,13,19,-10,-3,22,7,-20,33,-2,18,-2,-4,24,7,-23,40,20,22,-3,2,19,9,-24,38,-10,8,-3,-9,21,5,-30,50,8,21,10,0,23,4,-31,39,11,10,-3,-6,26,28,-28,43,3,15,-6,-8,19,4,-23,45,3,11
58.3800,-12,-2,24,6,-20,49,12,20,-4,-2,21,9,-21,27,-1,16,-7,-4,29,6,-22,42,15,19,-7,3,24,13,-22,31,-10,8,-6,-9,18,5,-27,51,6,15,9,1,23,7,-27,40,7,10,-8,-10,26,37,-25,46,3,14,-4,-5,21,2,-27,43,4,17
58.4000,-8,-3,26,9,-19,43,8,20,-12,-4,16,7,-13,27,-2,17,-13,-7,31,5,-22,39,18,19,-8,-2,19,11,-21,37,-8,15,0,-6,25,7,-30,50,9,16,13,-2,22,9,-25,46,6,12,-5,-6,30,34,-24,44,2,12,-4,-8,23,4,-28,46,6,15
58.4200,-14,-6,23,15,-15,46,13,18,-6,-6,21,9,-20,32,-4,16,-11,-1,28,8,-23,42,14,22,-8,0,23,8,-21,34,-10,15,-1,-8,23,3,-33,47,10,13,6,8,24,9,-28,44,7,9,-12,-10,25,30,-23,40,6,17,3,-5,24,4,-27,41,10,13
58.4400,-16,-5,20,11,-12,45,7,21,-7,-8,24,9,-20,31,-4,16,-13,-3,27,7,-17,41,10,28,-7,3,24,6,-18,33,-8,13,1,-8,27,1,-30,42,11,9,3,4,23,9,-28,39,6,9,-6,-8,28,34,-24,45,7,21,-3,-3,21,0,-26,44,8,18
58.4600,-8,-5,22,10,-16,44,11,20,-8,-4,21,7,-18,34,1,14,-15,-2,26,14,-18,37,14,27,-7,3,25,12,-23,31,-17,12,0,-2,25,2,-28,47,17,12,1,9,26,7,-28,37,8,13,-10,-4,28,36,-22,49,2,17,-5,-10,28,8,-21,41,6,13
58.4800,-8,-8,23,13,-15,45,11,20,-13,-4,26,12,-18,32,-2,15,-14,-2,26,11,-21,40,11,27,-9,0,29,9,-22,27,-13,14,-11,-6,29,6,-24,42,13,17,1,6,26,9,-23,46,6,15,-13,-8,30,36,-18,43,5,20,-7,-7,29,7,-23,44,8,13
58.5000,-7,-7,22,9,-16,47,14,22,-9,-4,29,8,-21,36,2,10,-18,-3,27,10,-20,40,12,32,-11,-1,29,11,-20,29,-12,14,-8,-7,24,6,-22,45,12,9,-1,9,25,15,-24,44,9,19,-6,-7,26,39,-23,45,10,14,-7,-2,28,12,-22,41,9,14
58.5200,-6,-3,29,12,-16,47,8,25,-11,-3,27,12,-18,36,-1,19,-16,-3,31,11,-17,46,14,30,-7,-4,32,12,-23,34,-12,12,-11,1,30,11,-24,45,13,11,-5,6,29,10,-23,41,6,15,0,-7,26,35,-23,46,4,22,-2,-1,25,7,-27,45,5,14
58.5400,-8,-9,24,12,-16,47,13,25,-9,-9,28,13,-15,35,5,19,-20,-2,29,13,-18,42,12,27,-8,-3,31,13,-20,37,-9,13,-8,3,27,13,-19,45,9,14,-2,7,31,13,-28,46,6,17,-3,-7,21,33,-21,46,6,21,-4,-6,28,8,-26,47,8,16
58.5600,-9,-6,27,14,-18,45,10,27,-9,-9,26,16,-19,36,0,15,-16,-6,24,12,-18,44,13,36,-5,-6,28,11,-17,38,-9,14,-9,-1,29,14,-20,47,9,14,-4,6,28,12,-28,41,3,17,-7,-8,20,29,-25,44,6,21,-5,-2,25,4,-23,47,10,17
58.5800,-6,-5,24,13,-17,49,13,30,-5,-4,27,8,-22,34,0,16,-15,-5,25,9,-22,45,18,31,-6,-6,25,13,-23,40,-12,18,-18,5,33,8,-23,42,10,17,-4,6,32,13,-20,43,-3,20,-4,-10,24,28,-26,46,4,19,-3,-8,30,8,-26,48,10,16
58.6000,-5,-5,25,9,-22,49,15,26,1,-11,24,12,-18,35,7,15,-13,-3,23,10,-17,40,17,35,-4,-4,28,13,-27,34,-13,19,-16,2,26,12,-18,38,7,12,-5,5,27,11,-23,47,0,17,-4,-7,19,30,-27,42,3,22,-6,-9,29,7,-28,50,8,16
58.6200,-4,-5,27,9,-23,48,9,21,-3,-6,24,10,-24,32,5,15,-15,-9,21,10,-16,42,16,31,-1,-2,27,11,-29,38,-16,17,-19,4,29,10,-24,46,8,21,0,2,26,12,-24,42,5,17,-3,-1,21,32,-29,47,6,20,-8,-5,24,6,-29,42,11,16
58.6400,-4,-7,22,8,-22,49,9,22,-5,-6,22,16,-24,32,8,12,-14,-9,21,5,-25,46,12,34,-5,-5,24,12,-25,37,-13,13,-21,7,31,8,-24,39,5,18,-1,1,26,11,-25,44,1,17,1,-6,25,28,-24,49,6,22,-6,-8,25,10,-26,47,7,19
58.6600,-6,-7,27,8,-21,48,14,24,0,-2,22,9,-23,33,1,15,-9,-9,22,10,-21,47,11,34,-2,-5,24,9,-25,38,-13,13,-18,2,25,9,-25,37,8,19,0,0,28,6,-27,42,0,17,1,-7,20,32,-31,44,4,16,0,-2,25,7,-30,44,12,17
58.6800,-3,-8,26,6,-20,48,10,23,-5,-6,25,9,-20,30,7,12,-13,-4,20,11,-22,42,10,30,2,-3,18,8,-23,39,-18,18,-19,-3,20,11,-24,41,4,19,-2,4,24,7,-31,47,-3,16,-2,-7,22,28,-32,45,7,15,-4,-6,20,1,-29,43,7,21
58.7000,-1,-3,24,8,-24,52,8,18,-5,-4,20,9,-24,29,3,15,-8,-9,24,6,-20,49,13,31,0,-8,22,8,-24,37,-14,15,-13,-4,25,12,-27,39,1,19,3,0,22,6,-23,44,1,17,0,-5,23,29,-27,41,8,18,-2,-4,26,5,-28,41,6,19
58.7200,-3,-1,28,11,-23,47,9,20,-4,-3,24,4,-26,29,5,10,-9,-6,25,9,-15,41,8,27,-6,-7,25,5,-23,33,-14,18,-20,-3,27,12,-30,41,6,21,6,2,23,0,-29,47,3,15,7,-10,25,29,-26,45,4,15,-5,-10,23,2,-21,46,4,14
58.7400,-2,-8,26,3,-28,49,7,23,0,-5,27,2,-22,31,8,16,-10,-6,28,7,-27,50,8,33,2,-3,29,9,-27,36,-14,12,-16,-1,23,10,-24,44,4,23,7,-1,24,11,-26,41,1,16,2,-6,26,30,-27,49,5,16,2,-8,27,7,-24,49,6,16
58.7600,-4,-5,30,5,-23,52,10,18,2,-4,27,2,-25,33,4,16,-9,-2,25,9,-24,47,15,30,1,-7,23,8,-28,36,-16,13,-17,-1,25,13,-24,43,3,18,6,0,24,15,-20,46,1,14,1,-8,22,30,-27,45,4,17,2,-12,29,2,-24,42,3,16
58.7800,-8,-4,26,5,-29,51,10,19,-3,-1,26,5,-21,30,7,13,-10,-9,30,14,-22,46,13,30,3,-3,28,10,-25,42,-7,12,-15,-9,27,16,-29,43,-3,21,7,-4,29,6,-22,38,-6,15,1,-7,23,28,-29,47,9,10,-6,-3,25,4,-23,40,3,14
58.8000,-6,-5,26,11,-27,52,14,22,-5,-3,29,7,-24,30,2,11,-7,-8,26,4,-20,51,17,29,-2,-3,28,5,-22,45,-12,10,-12,-7,26,16,-29,44,0,21,5,4,30,7,-26,49,5,17,4,-7,21,31,-27,44,9,16,-6,-3,28,5,-28,48,5,17
58.8200,-6,-6,31,6,-18,52,11,20,-5,-1,35,8,-25,30,4,12,-5,-9,24,9,-23,49,13,29,0,-3,27,9,-23,39,-11,11,-13,0,30,10,-22,46,1,19,8,0,27,11,-27,49,4,19,-1,-4,23,37,-24,52,7,16,-3,-7,29,5,-24,50,8,17
58.8400,-6,-1,30,13,-19,56,14,23,-7,-6,35,7,-23,31,6,8,-7,-7,26,9,-24,51,12,26,-2,-2,24,9,-23,41,-8,14,-12,-10,31,10,-27,50,1,23,6,0,30,6,-24,51,4,20,1,-8,22,35,-27,50,4,16,1,-5,27,6,-23,47,5,17
58.8600,-10,-3,29,6,-16,53,15,21,-7,-2,31,12,-19,36,6,9,-8,-6,27,11,-23,50,15,22,-2,2,28,5,-26,45,-7,11,-10,-8,31,17,-24,49,4,23,5,4,27,9,-29,48,5,15,1,-10,29,41,-21,52,9,17,-5,-4,27,4,-23,43,9,16
58.8800,-4,0,28,11,-20,53,13,22,-10,2,32,5,-19,33,1,9,-5,-8,26,10,-22,44,16,25,-5,-4,29,11,-23,43,-10,9,-9,-4,25,10,-27,51,6,24,7,-1,30,13,-27,45,0,19,-1,-9,28,36,-28,50,11,17,-1,-3,22,6,-25,50,6,13
58.9000,-4,0,28,12,-18,52,15,20,-6,-4,31,11,-20,35,5,14,-8,-3,26,11,-22,46,14,27,-4,-1,30,10,-21,40,-5,14,-9,1,26,9,-22,52,10,20,8,-4,30,12,-28,49,5,17,-5,-6,22,35,-19,54,6,17,-4,-8,31,5,-25,49,8,12
58.9200,-7,-2,25,10,-15,53,20,21,-8,0,25,9,-23,36,3,14,-7,-9,27,9,-24,50,20,26,-3,-1,25,13,-29,42,-6,8,-6,-7,27,7,-24,53,8,16,9,3,27,10,-24,49,7,15,-4,-8,26,38,-25,50,9,17,0,-8,27,5,-26,47,8,16
58.9400,-4,4,27,7,-24,53,13,20,-10,-6,28,8,-18,33,4,15,-7,-8,25,13,-29,51,17,24,-1,-2,28,7,-24,41,-3,10,-10,-2,22,8,-27,53,7,25,5,2,29,13,-34,47,0,12,-5,-8,21,35,-25,47,10,15,-9,-4,25,4,-27,45,11,17
58.9600,-11,1,25,4,-22,54,14,21,-9,-5,23,8,-14,28,4,13,-7,1,25,1,-25,43,19,26,-6,2,26,9,-26,39,-6,7,-6,-11,24,8,-23,51,10,24,8,-3,21,8,-26,45,1,14,-4,-9,21,34,-27,51,9,20,-4,-5,29,6,-25,49,13,19
58.9800,-9,-3,23,7,-22,50,14,17,-12,-5,25,2,-16,32,-3,13,-9,-4,24,6,-26,43,17,24,-3,0,26,8,-27,39,-12,11,-7,-3,23,5,-30,49,6,19,5,0,24,9,-25,47,3,11,-4,-8,17,32,-25,44,11,16,-7,-3,27,6,-25,41,9,17
59.0000,-9,-2,18,5,-20,47,13,17,-12,-1,20,4,-26,31,-1,21,-8,2,26,7,-29,50,20,21,-3,0,23,9,-26,38,-13,11,-10,-6,25,8,-28,49,7,20,8,2,24,7,-30,42,4,13,-7,-5,22,31,-25,44,9,13,-7,-7,21,8,-28,47,5,15
59.0200,-4,-4,27,9,-20,47,9,18,-14,3,27,4,-22,36,0,14,-9,-1,23,9,-30,44,17,31,-5,3,24,4,-22,38,-11,12,-11,-1,22,2,-31,50,7,24,10,0,27,6,-30,44,7,9,-4,-4,25,35,-31,44,5,17,-7,-1,21,5,-24,45,5,18
59.0400,-10,-2,27,5,-23,48,12,21,-12,1,18,3,-22,32,1,11,-11,-3,26,14,-28,46,14,25,-4,8,25,10,-22,40,-11,11,-12,-3,22,-2,-27,47,8,20,6,4,22,9,-34,51,3,12,-4,-7,22,31,-21,44,9,16,-9,0,22,2,-27,47,11,15
59.0600,-7,-1,29,7,-20,45,14,20,-14,-5,30,5,-25,36,2,11,-15,-2,27,8,-27,49,14,23,-11,2,25,5,-30,37,-10,10,-8,-3,29,4,-29,50,5,21,1,1,26,7,-31,47,0,8,-11,-7,24,37,-31,44,6,21,-6,-4,24,7,-24,45,9,19
59.0800,-10,-3,25,10,-22,48,13,16,-11,3,28,6,-23,33,3,12,-15,-5,27,10,-30,46,13,21,-6,3,26,7,-25,42,-11,13,-12,-3,28,4,-26,41,6,20,0,5,31,8,-34,53,3,12,-7,-8,27,39,-30,44,9,16,-7,-5,24,2,-24,47,9,14
59.1000,-11,-3,25,9,-24,49,10,15,-8,2,27,6,-25,35,0,12,-15,-6,30,8,-27,44,16,24,-6,-1,30,1,-29,34,-13,10,-11,-6,32,5,-30,46,11,19,2,8,28,6,-24,45,3,14,-5,-1,26,34,-28,45,9,20,-7,-5,25,6,-26,44,6,16
59.1200,-8,0,30,5,-23,50,12,21,-10,3,23,1,-20,37,-2,16,-15,-1,32,11,-25,45,11,31,-6,1,29,9,-20,33,-8,10,-14,-1,28,5,-25,44,10,16,6,3,31,4,-30,46,2,12,-8,-3,22,35,-28,45,4,17,-9,-4,28,7,-25,48,5,12
59.1400,-8,-5,29,4,-21,48,16,18,-6,-1,29,9,-23,33,0,10,-16,0,31,11,-29,44,18,29,-9,-2,29,10,-21,34,-16,15,-16,-1,33,7,-24,45,5,16,4,3,25,6,-31,46,5,9,-9,0,21,37,-29,45,8,17,-6,-7,28,10,-27,46,6,16
59.1600,-9,-5,31,10,-23,44,10,23,-9,-1,28,10,-22,30,7,9,-14,-1,33,9,-25,43,15,30,-8,-4,29,13,-24,40,-11,12,-13,2,30,4,-27,47,6,17,-1,6,27,8,-29,50,2,10,-6,-2,27,38,-26,45,7,22,-4,-2,29,5,-26,45,6,19
59.1800,-10,-3,29,7,-28,51,13,22,-6,0,27,9,-22,34,9,11,-15,-2,33,9,-21,49,17,34,-6,-6,30,4,-29,42,-7,15,-16,1,32,5,-24,40,11,15,-7,1,28,6,-25,48,1,15,-4,-1,31,36,-30,45,4,19,-5,0,30,5,-27,45,7,19
59.2000,-11,-6,32,6,-24,50,12,18,-11,-1,29,4,-17,36,10,12,-11,-4,32,9,-23,52,13,28,-7,-1,30,8,-27,41,-5,12,-20,0,31,1,-26,43,9,17,1,6,36,6,-26,47,3,11,-3,2,28,33,-29,46,8,14,-7,-3,31,3,-27,49,10,18
59.2200,-9,-5,27,6,-26,51,11,24,-6,-1,27,6,-19,35,2,11,-9,0,29,7,-30,52,12,27,-5,0,25,8,-22,39,-19,11,-18,3,31,6,-27,42,5,23,0,6,32,5,-27,46,-1,11,-5,-6,26,33,-24,50,6,13,-7,-4,31,1,-27,45,9,14
59.2400,-5,-3,25,3,-26,52,16,22,-6,-5,29,3,-28,35,6,15,-13,-1,24,9,-25,52,13,24,-3,-2,27,11,-19,41,-12,17,-16,-3,27,6,-30,44,7,19,6,7,28,3,-27,51,-3,12,-6,-3,27,33,-21,48,8,13,-9,-3,29,1,-29,48,5,16
59.2600,-8,-5,28,7,-24,52,9,16,-7,0,27,5,-28,35,10,13,-10,-1,25,3,-28,49,18,33,-9,-5,26,12,-30,46,-9,11,-18,2,27,5,-27,40,7,21,3,0,27,7,-29,46,4,12,0,-5,23,31,-28,49,3,13,-3,2,29,1,-28,44,9,17
59.2800,-3,-1,25,7,-26,54,16,19,-7,3,29,4,-26,32,5,5,-13,-3,27,9,-28,48,22,32,-3,-4,22,4,-25,44,-11,14,-17,4,28,5,-28,47,4,17,2,1,25,8,-28,48,4,11,-7,-4,30,32,-28,45,6,13,-5,-3,26,0,-29,47,8,14
59.3000,-5,-9,28,4,-21,54,17,23,-4,4,30,3,-26,37,6,16,-10,-5,25,0,-29,52,15,28,-6,-3,23,5,-27,44,-9,13,-20,-2,30,9,-30,50,9,17,2,4,29,0,-24,47,3,14,-6,-2,26,33,-19,46,2,14,-6,1,28,0,-26,51,7,12
59.3200,-7,0,24,5,-26,57,14,22,-6,1,27,2,-25,30,5,14,-14,-2,26,2,-29,51,15,24,-2,0,24,7,-25,44,-11,13,-20,-1,21,3,-24,49,3,21,-2,4,26,7,-30,49,0,11,3,-7,28,33,-29,47,2,16,-10,1,24,0,-27,50,5,17
59.3400,-2,-3,23,4,-26,49,15,19,-8,5,27,-2,-27,29,1,4,-10,1,26,0,-26,51,13,29,-6,0,25,-2,-30,44,-10,14,-17,-1,22,2,-26,45,8,19,4,1,26,3,-30,48,3,9,-7,-3,28,34,-29,49,7,15,-5,2,24,1,-31,47,4,16
59.3600,-6,-2,25,5,-29,56,12,16,-3,-5,23,1,-26,32,5,10,-9,-3,18,4,-23,48,9,27,-8,0,25,1,-30,41,-10,5,-19,0,26,2,-27,44,4,19,-1,1,25,3,-36,47,-1,10,-4,-5,30,36,-24,49,7,16,-7,-1,20,2,-25,47,7,13
59.3800,-4,-1,29,8,-30,48,16,18,-6,-1,25,5,-26,30,3,13,-12,-3,29,0,-26,47,16,26,-7,2,26,4,-25,44,-14,11,-16,-3,23,3,-30,49,4,15,0,-2,31,1,-30,50,6,11,-8,-4,21,38,-27,46,6,14,-8,-2,25,0,-29,47,8,19
59.4000,-9,1,24,4,-29,57,11,19,-4,1,25,-2,-32,31,1,9,-10,-5,24,7,-27,45,16,21,-7,0,31,6,-27,38,-14,11,-19,3,26,5,-30,48,8,19,2,0,26,4,-29,50,3,10,-3,-5,27,27,-30,47,9,10,-10,-4,26,-4,-27,44,8,12
59.4200,-7,-4,23,2,-26,49,10,20,-7,3,24,7,-21,32,6,12,-12,1,28,2,-29,48,17,21,-7,1,28,4,-27,42,-6,12,-17,-3,30,6,-33,49,8,20,4,2,28,9,-26,44,4,14,1,-6,21,37,-24,50,4,15,-6,-2,26,1,-32,46,12,12
59.4400,-8,-2,28,3,-31,57,16,16,-10,-1,36,4,-22,28,3,16,-12,-5,29,6,-27,47,12,22,-9,4,28,2,-22,40,-10,13,-17,2,27,7,-26,49,7,19,4,4,33,6,-28,49,-2,11,-7,-11,25,37,-27,47,3,15,-6,-9,26,-1,-29,48,11,15
59.4600,-5,-1,30,5,-22,53,12,21,-1,0,28,6,-24,36,3,6,-12,-3,25,4,-31,48,12,23,-5,2,27,2,-29,41,-13,9,-17,2,26,3,-26,45,8,14,4,4,32,5,-27,45,2,12,-7,-5,25,36,-33,48,7,18,-6,2,33,-1,-28,50,9,15
59.4800,-6,-1,30,2,-25,55,15,18,-11,3,30,3,-23,36,4,12,-9,-1,30,5,-25,49,17,30,-9,1,29,4,-23,37,-5,12,-19,-1,29,5,-31,47,4,21,-1,5,33,7,-25,49,4,11,-2,-6,29,33,-26,50,8,12,-10,-5,31,-2,-29,47,16,16
59.5000,-6,3,27,0,-29,54,10,21,-12,2,30,10,-25,39,-1,13,-10,-2,26,6,-24,46,17,22,-5,-1,37,4,-28,38,-4,12,-16,-2,33,5,-25,51,7,21,4,2,29,9,-29,52,6,12,-10,-4,26,28,-28,48,9,14,-7,2,31,0,-29,45,9,19
59.5200,-11,-1,26,5,-23,54,17,19,-13,-2,32,9,-18,32,1,14,-14,-2,33,10,-23,48,15,23,-5,2,27,7,-30,40,-10,11,-15,5,28,7,-27,49,11,21,1,-3,32,8,-23,48,4,7,-7,-7,26,33,-26,50,11,11,-8,4,32,3,-26,50,7,15
59.5400,-11,0,31,2,-28,55,15,20,-11,3,32,4,-19,36,4,15,-12,0,33,11,-28,48,14,25,-7,-3,31,3,-31,42,-7,10,-20,-3,29,11,-24,49,5,19,2,3,31,15,-25,48,6,11,-7,-7,25,30,-30,51,10,16,-9,-2,36,7,-27,49,13,12
59.5600,-5,-1,30,3,-23,55,16,19,-14,3,26,2,-30,34,2,15,-13,0,31,10,-27,49,12,25,-6,4,37,6,-27,38,-9,10,-15,-3,27,6,-33,49,8,18,5,4,31,9,-29,49,4,9,-3,-3,30,34,-33,50,13,15,-8,-5,31,1,-29,53,13,11
59.5800,-9,-2,29,4,-26,52,18,15,-9,5,28,3,-20,39,2,11,-9,0,34,2,-29,49,16,25,-8,4,32,5,-28,42,-2,8,-15,-4,27,7,-29,52,11,21,-1,5,28,4,-29,55,8,11,-2,-3,29,37,-30,48,9,17,-7,-6,29,-1,-30,51,7,10
59.6000,-12,-4,28,4,-23,54,17,19,-10,1,29,6,-26,39,1,9,-10,-3,29,4,-25,44,17,23,-11,0,28,8,-34,46,-10,7,-13,1,26,7,-30,50,12,20,0,10,32,0,-29,54,8,10,-2,-6,24,35,-31,50,13,17,-7,1,27,-1,-29,53,9,13
59.6200,-10,-3,33,2,-23,52,10,19,-7,2,30,3,-23,36,0,8,-13,3,29,4,-29,45,16,25,-12,-1,29,3,-26,41,-5,11,-16,-2,26,8,-28,44,10,18,-4,1,32,2,-32,47,9,6,-6,-5,29,34,-30,46,9,18,-9,0,32,-2,-34,51,11,15
59.6400,-6,-2,32,1,-25,52,13,19,-6,3,24,1,-28,37,0,8,-10,0,26,7,-31,48,18,23,-9,0,29,5,-32,40,-8,9,-17,0,27,4,-31,50,8,19,4,1,22,5,-31,48,5,8,-14,-2,23,32,-32,51,10,15,-12,-4,24,1,-29,47,13,16
59.6600,-9,-2,27,-5,-32,50,17,16,-11,0,27,-1,-26,32,7,11,-11,-1,25,3,-26,49,18,25,-14,1,29,5,-26,37,-11,16,-24,-1,29,6,-34,44,6,19,1,3,22,1,-31,52,8,11,-6,-3,24,33,-33,49,9,14,-8,1,25,-3,-29,50,8,19
59.6800,-10,-3,27,3,-23,51,11,17,-8,-2,25,-3,-25,33,3,10,-18,3,32,1,-35,52,16,27,-11,0,26,5,-33,42,-6,9,-17,0,31,7,-33,51,8,15,-2,2,32,1,-30,50,5,8,-11,-6,27,33,-30,46,7,15,-8,-4,26,-2,-28,53,8,10
59.7000,-10,-1,31,-1,-27,50,17,16,-13,7,28,-2,-26,34,12,12,-18,1,23,2,-32,50,13,27,-11,1,27,6,-33,33,-5,11,-17,3,30,4,-27,48,4,20,-2,4,30,9,-32,52,2,10,-7,0,27,34,-28,49,6,15,-9,-4,29,1,-33,48,14,14
59.7200,-5,-2,27,6,-27,48,12,17,-14,6,32,-1,-22,35,6,11,-15,0,28,8,-36,51,17,26,-11,-1,25,8,-24,41,-9,13,-17,3,34,7,-30,46,8,16,-5,7,25,2,-27,50,4,12,-7,1,31,31,-32,50,9,17,-7,0,29,3,-33,50,11,14
59.7400,-12,-2,36,1,-23,49,13,25,-10,5,27,-3,-27,31,9,10,-8,8,31,4,-26,50,17,27,-13,6,34,5,-27,41,-5,11,-19,1,32,7,-28,46,7,15,-5,4,26,8,-31,48,9,8,-10,-6,28,31,-29,53,7,18,-6,4,31,0,-33,50,7,14
59.7600,-13,-3,32,7,-29,44,17,19,-9,4,32,-3,-23,33,5,11,-16,-1,31,6,-35,49,18,29,-16,-1,28,4,-28,45,-7,10,-17,0,30,4,-20,40,9,19,-3,3,31,8,-35,51,1,8,-10,-5,31,38,-33,52,7,12,-10,3,34,1,-36,52,10,11
59.7800,-8,-2,27,0,-27,53,17,18,-7,3,34,1,-21,37,5,11,-15,2,28,3,-33,52,20,25,-8,0,28,7,-31,43,-8,7,-19,-4,29,6,-28,45,11,23,-3,7,30,1,-34,50,3,6,-11,-3,29,34,-27,52,7,10,-8,-2,34,0,-35,47,14,10
59.8000,-14,1,31,4,-27,54,18,17,-9,-3,34,-1,-26,35,7,13,-13,4,32,4,-30,53,20,28,-11,2,29,8,-27,43,-4,12,-19,4,34,3,-30,44,8,17,-4,6,31,7,-25,45,1,8,-6,-1,26,36,-29,50,6,13,-9,-2,34,-1,-33,50,6,13
59.8200,-10,2,31,3,-30,53,15,20,-8,2,37,-1,-28,35,7,12,-12,3,31,3,-31,48,18,24,-9,4,34,6,-24,45,-9,12,-14,3,24,5,-31,48,11,21,-3,4,27,9,-26,52,4,1,-8,-3,31,33,-30,53,4,11,-11,3,34,2,-32,51,5,17
59.8400,-7,0,36,5,-29,54,14,15,-15,1,33,1,-27,34,9,11,-8,2,29,8,-24,48,17,25,-7,-2,29,5,-34,48,-10,14,-22,2,32,8,-27,49,10,19,-6,7,25,1,-30,51,5,10,-8,-2,29,33,-27,54,8,14,-9,2,31,0,-29,51,15,15
59.8600,-10,-1,32,3,-30,56,14,17,-7,1,30,1,-25,33,9,9,-17,2,30,3,-33,49,18,25,-9,1,31,3,-34,41,-11,13,-18,3,36,6,-27,50,6,22,-3,2,34,4,-29,51,5,10,-4,0,29,37,-31,54,4,16,-12,0,33,-2,-29,53,8,10
59.8800,-12,-3,28,2,-32,56,14,16,-14,4,29,-1,-26,33,8,14,-9,-3,30,5,-29,49,16,27,-10,1,27,2,-30,48,-4,8,-20,1,36,1,-30,54,13,19,-3,4,35,4,-29,48,4,15,-9,1,31,33,-30,56,6,13,-8,1,33,-1,-27,56,10,9
59.9000,-13,-5,30,0,-34,53,17,20,-16,2,30,3,-31,36,10,13,-13,5,31,8,-31,51,16,19,-4,0,25,6,-29,47,-9,9,-18,3,30,0,-26,49,11,19,-2,4,31,9,-29,48,1,11,-4,0,31,33,-29,51,6,12,-11,-1,27,-1,-29,50,8,13
59.9200,-5,-5,27,4,-28,55,14,18,-12,3,34,0,-30,35,7,10,-17,1,30,1,-29,53,16,22,-7,3,25,3,-30,42,-7,10,-16,3,25,4,-27,49,6,20,-2,7,32,2,-29,49,0,10,-11,0,27,33,-26,52,10,15,-10,0,26,-1,-29,52,8,11
59.9400,-8,-2,29,3,-31,53,23,19,-5,5,35,-4,-24,36,4,10,-12,5,27,-2,-28,47,13,28,-7,3,27,3,-30,47,-12,11,-21,3,34,3,-27,50,8,18,1,4,26,3,-30,48,0,4,-9,0,27,35,-26,50,6,18,-6,-1,30,-3,-29,51,5,14
59.9600,-11,0,26,1,-28,55,16,13,-18,5,29,0,-23,34,6,9,-16,-1,31,0,-26,46,16,32,-9,1,26,1,-31,45,-9,9,-20,3,25,1,-22,52,11,19,0,5,28,-2,-30,49,3,6,-8,-5,28,28,-26,51,5,18,-8,6,23,0,-28,48,1,10
59.9800,-5,-2,26,-2,-28,53,13,16,-10,4,26,-2,-24,32,2,8,-13,3,30,3,-29,48,15,26,-9,-3,28,0,-32,45,-7,7,-21,1,25,2,-25,51,11,15,-1,-3,26,0,-25,48,3,8,-7,-4,30,32,-26,50,7,11,-7,-2,29,-1,-22,48,6,15
60.0000,-7,0,25,0,-24,54,15,16,-10,3,28,5,-23,42,-1,14,-12,-1,23,3,-29,47,9,23,-14,4,28,-4,-26,47,-9,10,-20,4,25,-6,-29,49,9,19,-4,8,30,2,-28,50,3,7,-9,-4,27,33,-26,47,8,12,-9,3,25,-7,-27,49,1,12
60.0200,-8,-4,27,-2,-25,55,17,17,-9,-2,29,2,-27,36,14,12,-13,-4,33,3,-29,50,15,25,-11,3,28,-1,-28,47,-12,9,-20,1,29,1,-27,50,5,18,-7,3,31,-4,-28,47,2,7,-8,-3,25,32,-29,49,11,14,-15,-2,28,-6,-32,52,7,10
60.0400,-10,-2,28,2,-30,51,13,13,-8,3,31,-1,-29,38,5,17,-18,-2,28,1,-27,41,18,21,-6,1,24,-1,-29,43,-8,8,-21,-4,29,0,-28,50,11,20,-1,9,26,-1,-32,52,4,4,-10,-2,28,31,-29,46,6,12,-6,-5,28,-6,-32,50,10,15
60.0600,-9,-1,28,1,-29,57,14,8,-6,5,27,4,-29,41,7,15,-7,0,27,2,-22,46,19,29,-12,3,29,1,-26,43,-11,11,-18,2,27,-1,-32,49,8,18,1,5,25,-3,-25,50,5,9,-3,1,34,30,-31,50,6,19,-5,0,26,-4,-31,51,10,14
60.0800,-7,2,28,1,-27,55,18,22,-11,6,32,-2,-26,36,5,7,-15,3,29,3,-23,49,13,25,-11,7,32,-5,-26,43,-6,13,-16,3,29,3,-32,46,14,18,1,3,33,4,-28,51,2,12,-7,4,27,34,-32,47,12,14,-10,-4,32,-2,-29,53,8,15
60.1000,-10,-7,32,-3,-23,55,12,20,-13,0,37,2,-27,37,1,9,-16,1,30,0,-30,49,12,28,-13,0,32,-3,-34,42,-7,7,-21,-2,29,1,-34,53,5,18,4,1,27,0,-26,49,4,13,-7,1,31,30,-28,49,6,16,-6,0,29,-4,-25,54,10,10
60.1200,-10,-3,29,-2,-28,56,15,15,-11,7,31,4,-24,37,2,10,-19,4,32,1,-28,51,18,26,-11,-1,31,1,-25,40,-8,9,-18,0,31,1,-28,55,8,15,-1,2,25,1,-28,50,0,4,-9,4,28,37,-31,50,13,11,-10,-3,34,-1,-28,48,14,13
60.1400,-11,-2,31,-1,-27,53,21,17,-9,2,33,2,-26,38,7,9,-13,2,31,0,-29,44,15,21,-7,3,34,5,-28,39,-2,7,-21,1,32,2,-31,52,12,17,-1,4,30,3,-26,53,3,5,-9,1,32,32,-33,43,10,11,-11,-2,30,1,-29,49,11,12
60.1600,-9,-1,35,-1,-30,56,16,16,-13,6,28,4,-31,43,7,9,-12,-1,28,0,-27,47,16,23,-8,-2,36,-2,-31,42,-5,8,-16,2,33,-3,-31,47,9,17,1,4,33,3,-32,51,4,4,-10,-3,32,32,-35,51,9,13,-6,1,28,-2,-31,48,14,18
60.1800,-9,1,29,3,-32,55,16,13,-11,4,36,3,-24,42,7,11,-19,10,34,0,-29,50,17,24,-10,3,37,-3,-30,40,-7,8,-16,3,34,1,-34,50,10,19,1,5,34,2,-26,54,0,5,-4,-4,28,36,-32,46,15,12,-10,-3,32,-1,-31,49,11,17
60.2000,-9,-4,33,-1,-32,51,16,18,-13,7,28,1,-25,35,6,14,-10,1,33,-3,-37,50,14,24,-10,0,37,5,-26,42,-4,13,-15,-1,28,-2,-31,47,14,16,-5,4,29,2,-34,52,2,8,-4,-4,25,35,-27,50,3,12,-11,-4,35,-2,-32,49,9,14
60.2200,-7,0,33,-1,-34,54,15,20,-17,8,31,1,-28,37,7,13,-17,9,32,-2,-33,50,18,22,-7,0,38,-1,-30,45,-5,13,-18,2,27,2,-33,51,11,17,-1,6,34,3,-33,51,7,9,-6,-2,25,34,-36,53,11,14,-12,1,31,1,-35,50,11,14
60.2400,-8,-3,32,-6,-28,52,16,19,-12,6,34,6,-28,38,5,10,-16,0,35,0,-38,51,15,21,-10,4,29,-1,-26,44,-9,15,-22,1,28,-4,-30,47,13,18,-3,3,33,2,-29,50,0,4,-14,4,27,34,-33,47,8,14,-7,-2,29,-2,-35,52,9,15
60.2600,-16,-1,28,-2,-30,49,16,17,-10,3,31,-2,-21,34,5,8,-15,6,29,0,-32,48,17,28,-8,2,33,-2,-36,38,-5,12,-19,5,29,-3,-35,49,17,18,-3,3,30,0,-27,54,5,11,-9,-2,29,32,-32,50,12,14,-6,3,27,-7,-32,50,10,15
60.2800,-17,-3,31,-5,-27,49,18,18,-11,6,30,-1,-22,38,6,9,-20,5,26,-3,-34,52,15,19,-11,-3,30,2,-33,44,-4,8,-13,2,33,1,-31,50,12,18,1,3,28,-3,-27,51,2,3,-15,1,22,37,-36,54,12,13,-12,2,29,-1,-34,51,11,10
60.3000,-15,1,29,-3,-35,51,18,15,-4,2,23,-2,-27,38,7,8,-13,6,28,-4,-31,51,17,23,-11,3,37,1,-35,46,-3,11,-15,6,34,-2,-30,48,11,21,-1,4,29,-2,-32,52,5,5,-10,-4,28,32,-37,49,12,19,-10,-4,31,-4,-37,52,11,10
60.3200,-12,-6,28,-1,-24,52,19,20,-10,2,29,-4,-26,37,7,13,-15,3,36,-2,-35,51,16,22,-9,3,31,0,-29,39,-8,7,-15,2,28,-3,-29,51,10,16,-2,4,33,-1,-33,51,7,7,-11,-1,29,33,-33,51,7,16,-11,2,31,-8,-35,45,8,11
60.3400,-10,-4,32,-1,-26,52,20,11,-11,0,29,-3,-25,38,3,11,-17,3,27,-3,-30,49,17,22,-11,5,26,-4,-32,44,-7,14,-16,-1,25,-1,-30,52,10,19,0,9,31,1,-35,51,6,5,-10,1,30,34,-32,53,9,12,-7,0,32,-2,-33,45,9,14
60.3600,-7,4,34,-4,-28,54,16,14,-14,0,30,2,-24,37,11,5,-14,3,30,-2,-29,46,20,25,-11,4,30,1,-29,50,-8,12,-14,0,33,2,-31,54,9,16,-3,9,33,-3,-35,57,6,1,-9,-3,31,32,-35,52,9,12,-11,1,30,-5,-33,51,13,15
60.3800,-15,-3,33,-1,-32,48,14,13,-12,2,28,-6,-26,27,8,8,-17,8,33,4,-35,48,14,24,-8,8,34,2,-30,47,-7,9,-17,5,29,-6,-32,53,8,11,-2,2,33,5,-26,48,4,13,-5,0,28,34,-31,57,5,8,-9,5,29,-2,-34,55,10,10
60.4000,-11,-4,30,-4,-29,52,14,21,-14,5,34,-2,-31,38,6,8,-20,4,25,1,-30,52,20,28,-10,8,32,1,-31,42,-7,10,-15,3,36,-4,-34,49,9,15,1,3,29,0,-31,51,4,8,-12,-1,36,31,-32,54,6,14,-10,5,33,-2,-30,55,10,14
60.4200,-12,-3,34,-1,-31,55,12,15,-14,4,36,0,-26,33,4,11,-17,11,40,0,-32,50,15,24,-10,5,31,-3,-32,49,-4,9,-20,2,30,0,-29,53,12,16,-6,10,33,0,-32,58,3,4,-13,-4,28,33,-36,49,12,11,-6,-1,31,-5,-33,56,6,15
60.4400,-10,-4,30,2,-28,52,17,13,-15,1,34,-1,-24,36,5,9,-15,3,28,0,-27,51,20,20,-12,1,33,2,-31,47,-7,9,-16,4,35,0,-35,49,8,18,0,7,33,0,-32,55,8,2,-8,3,33,29,-36,58,8,11,-9,3,24,2,-32,50,12,13
60.4600,-9,-3,34,-3,-29,56,15,12,-13,1,35,0,-33,34,3,9,-12,1,29,-4,-31,49,16,28,-5,5,32,4,-31,43,-8,8,-20,2,32,4,-34,57,12,15,0,5,36,-2,-26,52,1,5,-10,-3,32,36,-38,56,7,11,-9,2,30,-8,-31,53,12,13
60.4800,-9,0,30,-2,-31,53,20,15,-13,5,39,-1,-24,42,12,8,-14,4,33,-1,-34,52,18,22,-11,10,35,2,-35,51,-8,9,-20,1,35,3,-35,58,13,10,1,10,32,2,-26,51,0,7,-11,2,30,34,-26,51,10,10,-13,3,36,-4,-35,56,10,8
60.5000,-10,5,38,-3,-31,58,18,14,-13,1,34,0,-27,36,9,6,-10,5,35,1,-36,50,19,20,-11,1,29,-2,-36,51,-5,7,-23,2,35,1,-28,53,9,19,1,7,31,3,-27,53,3,6,-10,-3,31,34,-32,54,8,12,-6,2,33,-2,-30,52,11,9
60.5200,-7,0,28,1,-30,57,17,14,-11,8,30,2,-30,41,6,10,-17,7,36,0,-31,56,14,19,-13,8,34,-1,-35,46,-9,7,-20,1,30,2,-26,48,10,19,-1,4,35,3,-31,52,8,7,-3,1,34,35,-35,54,10,14,-12,3,33,-5,-32,55,9,9
60.5400,-7,0,35,2,-31,61,15,17,-13,7,32,-1,-26,40,10,10,-15,4,35,0,-28,50,16,27,-12,5,35,3,-26,42,-5,4,-21,4,34,0,-32,51,14,14,-1,3,33,-1,-33,54,8,5,-9,0,31,35,-32,54,14,11,-8,4,34,-5,-33,56,11,13
60.5600,-8,-5,33,1,-26,60,13,15,-4,5,31,-5,-26,37,6,9,-15,8,36,1,-34,52,15,23,-11,1,28,-2,-31,47,-12,9,-21,0,34,-1,-31,50,14,18,3,5,32,-5,-30,51,2,4,-9,0,26,36,-36,52,10,11,-10,5,31,-6,-36,50,14,12
60.5800,-10,4,31,-4,-33,56,16,18,-13,5,33,1,-28,37,13,12,-14,6,37,0,-33,50,18,25,-12,4,30,-5,-29,47,-9,11,-24,-1,32,-1,-31,49,13,21,-4,3,31,2,-30,52,10,12,-10,-2,36,35,-31,52,13,11,-8,2,32,-6,-35,56,10,11
60.6000,-11,-7,30,3,-34,56,19,17,-14,8,30,-4,-27,41,6,12,-14,6,34,-2,-30,50,16,23,-11,-1,31,-4,-28,41,-5,10,-19,2,31,-3,-36,51,10,19,-3,6,33,3,-36,53,6,7,-8,1,34,27,-35,51,11,9,-8,-3,30,-2,-36,55,8,13
60.6200,-14,1,33,-2,-33,55,19,12,-14,8,30,-1,-25,41,11,10,-14,10,28,-6,-26,47,16,21,-13,2,30,-2,-27,43,-8,10,-21,7,31,0,-39,53,12,14,1,6,34,-2,-31,56,6,6,-8,2,28,35,-33,56,11,7,-12,-1,30,-1,-34,54,9,9
60.6400,-9,-4,25,-3,-30,57,23,14,-14,3,27,-3,-28,40,8,7,-11,5,29,-3,-32,50,18,27,-12,-1,30,-3,-31,45,-7,12,-16,3,31,-2,-34,49,15,19,1,4,30,1,-30,59,7,9,-13,0,29,31,-38,55,14,14,-10,-3,27,0,-37,51,11,7
60.6600,-11,-1,29,-3,-29,56,15,14,-16,7,30,-5,-25,42,5,12,-19,8,28,-4,-33,54,13,28,-12,8,33,-4,-36,44,-7,8,-22,5,35,4,-34,54,10,16,-4,4,35,-1,-27,51,3,10,-11,0,30,35,-33,52,14,10,-12,-5,31,-5,-35,51,17,9
60.6800,-9,0,30,-4,-29,55,13,16,-14,4,28,-5,-26,42,7,9,-17,4,29,5,-29,52,14,23,-11,3,28,-3,-36,43,-6,8,-18,1,35,-3,-36,51,9,16,-2,7,33,-4,-30,53,6,6,-7,2,33,36,-34,49,14,9,-12,-3,28,-5,-33,50,7,12
60.7000,-7,-2,36,-1,-29,55,23,13,-10,4,30,-4,-32,39,8,11,-12,-1,35,3,-30,51,17,27,-10,3,33,-4,-32,49,-3,7,-16,4,33,-5,-30,50,13,16,-1,4,28,-5,-30,49,1,9,-9,-4,26,32,-30,52,14,14,-11,4,32,-5,-36,50,12,11
60.7200,-12,-2,31,-6,-35,57,13,15,-14,4,35,-1,-28,39,4,6,-9,2,30,-2,-32,51,19,22,-13,0,36,-1,-31,44,-3,7,-21,4,32,-4,-35,48,12,17,0,4,31,0,-34,53,8,5,-10,-1,30,33,-35,50,12,13,-8,5,32,-3,-29,51,14,11
60.7400,-6,-1,32,-1,-34,59,19,15,-12,8,30,-2,-25,40,6,8,-15,1,33,-2,-29,49,19,24,-8,-1,35,-5,-35,42,-3,8,-17,3,33,-2,-31,48,9,14,1,7,34,4,-36,51,4,5,-14,1,29,33,-34,53,15,14,-9,0,25,-2,-35,50,11,16
60.7600,-13,-3,29,-4,-32,53,17,12,-9,7,34,1,-29,40,2,11,-13,3,33,1,-34,48,14,27,-7,3,34,-3,-35,42,-5,11,-25,-4,34,3,-32,51,12,14,0,9,29,1,-33,56,0,5,-10,1,34,37,-36,52,9,15,-11,1,32,-6,-32,52,8,13
60.7800,-13,-1,34,-8,-32,56,21,16,-9,4,33,1,-29,40,8,11,-10,3,29,0,-35,49,16,29,-13,8,34,1,-33,41,-8,12,-21,3,34,3,-41,52,17,19,-4,5,34,-6,-30,57,7,8,-12,2,33,35,-36,48,12,15,-11,-2,34,-3,-35,54,7,12
60.8000,-10,-1,33,-2,-30,49,17,12,-11,2,32,-1,-27,39,8,16,-14,4,32,-1,-33,51,14,22,-14,1,34,1,-34,43,-7,7,-24,2,36,-2,-33,44,11,13,-4,9,32,0,-28,50,0,8,-10,7,33,38,-33,50,12,15,-9,4,32,-1,-36,50,7,13
60.8200,-12,2,31,-7,-32,55,13,14,-13,6,34,-4,-30,34,8,9,-17,9,30,3,-33,53,17,24,-14,1,35,1,-36,44,-12,6,-17,4,36,-4,-25,51,9,20,-4,9,31,-5,-29,53,2,4,-13,0,32,33,-37,53,11,12,-9,4,36,-2,-33,51,9,10
60.8400,-10,-4,28,-2,-30,54,13,16,-11,11,34,-4,-25,39,10,8,-15,4,34,-1,-32,52,18,20,-8,7,34,2,-34,45,-9,10,-20,5,31,-7,-29,50,11,16,-1,7,32,1,-31,54,1,2,-16,0,32,33,-36,50,10,10,-7,1,31,-3,-30,51,11,16
60.8600,-11,-2,28,0,-32,58,17,14,-12,5,32,-7,-28,41,11,9,-12,5,30,-4,-34,53,17,23,-7,0,30,1,-34,42,-3,8,-20,3,31,-1,-29,55,11,17,2,5,33,-2,-30,49,4,4,-14,6,32,34,-34,52,8,11,-9,-1,28,-4,-32,52,11,10
60.8800,-10,3,31,-2,-28,58,18,15,-15,0,28,-7,-29,35,3,9,-12,5,32,0,-34,45,11,22,-15,4,35,-3,-37,46,-6,9,-22,-1,36,-3,-33,50,16,15,0,8,28,-2,-31,56,5,6,-9,1,32,35,-35,54,13,13,-11,1,32,-5,-35,53,7,12
60.9000,-13,1,32,-4,-31,57,21,14,-11,4,22,5,-28,38,4,9,-10,10,31,-1,-35,51,22,21,-9,3,30,-3,-32,43,-6,13,-17,5,30,-2,-33,48,14,15,1,9,29,-2,-28,54,7,10,-9,4,26,34,-33,54,9,12,-13,2,28,-5,-35,54,8,8
60.9200,-10,-2,29,-6,-29,54,19,17,-9,12,31,-3,-24,36,6,11,-9,-4,29,-5,-28,48,14,24,-14,1,33,1,-33,44,-9,4,-20,2,29,2,-29,52,13,17,1,14,28,-5,-29,51,2,3,-14,2,31,36,-31,57,8,6,-13,4,30,-7,-34,56,11,10
60.9400,-9,-3,29,-10,-32,57,19,12,-11,10,32,1,-29,41,8,11,-15,5,28,-4,-33,50,20,25,-15,7,31,-2,-34,47,-7,4,-21,1,30,1,-34,45,8,18,-1,9,30,-5,-33,52,4,1,-13,1,33,32,-28,56,6,13,-14,2,27,-8,-33,58,13,15
60.9600,-12,-2,33,-7,-29,55,15,17,-11,6,33,-6,-30,39,6,11,-14,3,31,3,-27,46,12,25,-18,3,28,-1,-38,48,-4,8,-19,5,30,4,-26,51,14,17,-1,8,32,-2,-30,51,3,5,-10,1,29,36,-35,56,6,12,-16,4,31,-9,-38,50,7,7
60.9800,-13,-2,30,-5,-29,53,18,12,-6,8,34,-6,-31,43,5,8,-18,5,34,-1,-32,54,14,25,-12,7,31,-2,-32,48,-10,9,-19,1,28,-3,-32,50,7,15,-2,10,32,-4,-31,58,-2,2,-9,-1,32,34,-35,59,14,16,-10,0,35,-9,-35,54,11,8
61.0000,-12,0,30,-3,-28,55,17,11,-14,5,33,-3,-32,39,4,12,-16,4,36,-5,-33,55,15,25,-14,5,31,-2,-33,48,-4,7,-23,8,30,-3,-36,49,16,15,-3,11,30,-2,-30,54,2,12,-10,1,27,32,-37,57,10,8,-13,-3,29,-4,-27,48,12,9
61.0200,-12,-3,31,-4,-33,58,19,14,-11,2,30,-4,-31,38,10,12,-19,8,35,0,-31,57,16,25,-15,1,32,0,-35,49,-5,9,-21,10,31,1,-32,53,11,14,-1,5,37,-2,-38,54,4,4,-10,1,36,31,-31,53,6,13,-13,1,39,-8,-35,51,15,12
61.0400,-8,4,33,-5,-34,53,21,11,-15,2,32,-6,-26,39,5,15,-15,9,36,-7,-38,55,16,26,-13,1,29,-2,-31,45,-10,10,-20,11,35,0,-29,53,12,16,-1,8,32,-1,-29,53,0,5,-8,6,31,35,-27,59,7,17,-15,3,29,-6,-40,54,11,11
61.0600,-9,0,34,1,-31,59,17,12,-13,3,36,-8,-30,45,8,13,-16,11,35,-5,-34,53,14,16,-12,5,38,-8,-35,45,-11,11,-19,7,31,0,-27,52,8,15,-3,6,32,-7,-31,55,6,6,-9,6,33,30,-32,54,6,14,-9,4,34,-9,-31,55,13,9
61.0800,-9,4,33,-7,-33,60,16,8,-12,4,33,-7,-25,41,5,7,-17,8,33,-2,-35,57,19,24,-17,7,30,-8,-34,49,-5,8,-21,6,30,-3,-33,50,10,14,-2,15,36,-12,-30,57,4,4,-15,0,36,32,-33,51,9,12,-10,4,35,-7,-29,52,9,10
61.1000,-13,-1,35,-6,-35,60,20,12,-14,14,34,-5,-31,45,7,11,-15,7,34,-3,-34,51,17,26,-11,6,33,-7,-34,56,-4,9,-20,4,37,-6,-32,51,15,15,-1,9,35,2,-29,55,1,6,-10,-3,34,33,-36,54,12,13,-12,4,35,-11,-32,57,12,11
61.1200,-7,-2,35,-6,-32,59,19,14,-13,1,35,-7,-26,42,14,9,-16,4,31,-1,-32,54,19,23,-14,4,36,-3,-31,51,-8,10,-23,3,35,-3,-33,53,12,12,1,11,39,-6,-32,56,4,6,-14,3,39,38,-33,56,10,15,-14,4,35,-11,-33,52,7,10
61.1400,-10,-2,27,-7,-34,61,15,18,-13,5,38,-1,-31,34,12,11,-19,6,41,-2,-35,52,17,29,-17,4,32,-5,-36,47,-7,5,-21,3,40,-6,-35,54,12,18,-5,8,37,-1,-30,54,8,4,-9,3,36,36,-34,53,15,9,-13,6,36,-7,-35,58,14,10
61.1600,-10,3,34,-5,-34,64,21,12,-12,3,38,-6,-35,48,11,9,-17,6,35,-6,-33,49,16,23,-15,4,38,-9,-36,49,-6,11,-21,2,36,-3,-31,52,15,18,-2,13,37,-1,-32,53,5,6,-14,4,30,30,-35,53,7,12,-10,5,36,-12,-39,55,17,5
61.1800,-7,-2,31,-4,-29,61,18,15,-11,3,39,-4,-27,42,10,5,-18,10,32,-3,-37,53,17,24,-14,5,34,-3,-34,50,-2,12,-22,11,30,-8,-39,53,14,17,-2,15,37,-5,-34,51,5,3,-10,-1,36,33,-29,53,12,8,-11,4,32,-12,-37,56,12,12
61.2000,-15,-1,33,-3,-29,60,17,12,-10,5,37,-4,-27,43,12,9,-19,10,34,-8,-36,55,19,27,-17,8,35,-10,-35,47,-5,9,-20,2,30,-9,-35,56,13,12,-2,8,31,-7,-34,55,5,5,-11,-1,39,31,-29,49,8,10,-8,2,34,-9,-39,53,11,14
61.2200,-12,0,33,-8,-35,61,21,12,-15,6,36,-7,-24,46,11,13,-18,4,33,-7,-39,51,18,24,-11,11,36,-6,-36,47,-4,7,-22,7,31,-8,-37,56,16,14,-5,13,32,0,-34,54,5,2,-11,3,32,33,-29,50,12,14,-13,3,30,-12,-38,56,8,9
61.2400,-15,-1,35,-9,-38,57,19,13,-15,9,33,-8,-35,40,10,6,-19,6,32,-6,-32,52,23,22,-15,3,35,-8,-34,49,-8,10,-21,5,31,-5,-31,50,16,12,1,15,30,-8,-38,52,6,5,-10,2,34,28,-35,53,12,10,-12,0,33,-14,-38,55,14,13
61.2600,-10,2,34,-10,-34,58,24,14,-15,5,32,-4,-31,42,6,6,-14,8,35,-7,-31,51,16,24,-14,9,34,-7,-36,47,-8,7,-20,5,30,-5,-33,52,15,14,1,7,34,-9,-33,50,2,-1,-11,3,34,31,-37,54,11,8,-11,-1,30,-12,-34,52,7,8
61.2800,-9,3,37,-9,-38,59,20,15,-13,5,35,-11,-31,43,7,8,-17,9,31,-7,-32,50,19,22,-10,7,35,-7,-39,48,-8,7,-26,0,29,-11,-32,51,11,14,0,9,33,-3,-32,54,4,5,-8,3,29,29,-39,53,15,12,-13,1,33,-10,-33,46,8,6
61.3000,-12,1,33,-9,-38,58,17,11,-13,13,38,-3,-31,38,8,9,-16,9,36,-5,-37,52,14,22,-16,8,37,-5,-37,45,-2,9,-26,1,31,-8,-37,54,11,14,0,6,30,-6,-28,55,6,2,-9,2,27,30,-28,57,13,10,-13,2,31,-7,-36,49,14,11
61.3200,-16,2,36,-10,-36,60,17,14,-14,4,35,-7,-30,42,4,10,-23,7,34,-6,-37,53,16,19,-15,5,37,-10,-39,47,-7,7,-26,3,35,-12,-33,49,10,14,-1,10,36,-7,-31,56,4,5,-10,1,30,28,-39,54,13,12,-14,2,29,-11,-38,56,12,12
61.3400,-14,-4,33,-10,-33,56,21,11,-12,8,30,-5,-29,38,8,5,-16,9,36,-8,-38,46,16,28,-14,11,42,-8,-34,51,-10,6,-27,5,31,-5,-37,57,9,13,-2,12,34,-5,-32,59,5,4,-12,2,29,33,-38,54,12,7,-13,4,33,-14,-35,54,11,11
61.3600,-10,0,36,-8,-31,53,21,13,-14,7,38,-7,-28,40,11,3,-20,10,32,-6,-38,53,13,25,-11,9,35,-7,-37,54,-3,8,-20,4,32,-7,-30,56,13,12,1,17,36,-4,-35,56,7,4,-15,6,36,30,-37,56,12,11,-12,2,28,-9,-31,57,10,12
61.3800,-16,0,33,-8,-34,53,23,10,-19,6,31,-10,-27,46,4,10,-20,9,30,-1,-34,46,13,25,-11,4,33,-3,-34,51,1,8,-23,2,31,-6,-32,51,12,16,-2,10,35,-3,-31,59,9,5,-15,6,34,27,-40,58,11,15,-11,3,32,-4,-38,51,10,9
61.4000,-11,0,35,-5,-37,59,13,14,-16,6,34,-12,-32,41,5,6,-17,11,34,-4,-33,49,15,22,-15,4,37,-4,-30,52,-5,5,-24,4,33,-3,-35,52,13,13,1,9,32,-6,-32,55,4,7,-13,1,35,34,-33,52,12,10,-11,9,34,-11,-41,62,10,12
61.4200,-17,2,37,-8,-34,55,20,11,-21,11,38,-2,-29,44,6,13,-19,10,38,-5,-33,51,13,25,-5,8,35,-4,-33,45,-3,7,-25,4,37,-7,-34,55,11,11,-2,12,35,0,-35,60,-1,2,-13,4,36,31,-39,57,10,10,-11,-3,31,-6,-32,58,16,13
61.4400,-16,2,35,-10,-32,58,21,12,-16,9,37,-5,-31,38,9,9,-16,4,38,-7,-35,47,18,21,-17,6,39,-5,-35,48,-5,6,-26,1,32,1,-33,59,11,13,-1,8,37,-2,-35,57,8,4,-15,2,33,38,-41,57,12,12,-11,1,29,-5,-38,57,16,12
61.4600,-10,2,31,-4,-31,56,16,14,-14,3,37,-7,-30,43,7,6,-24,5,38,-6,-34,56,14,24,-9,4,32,-6,-41,48,0,4,-24,5,41,-5,-32,54,14,17,-1,10,40,-8,-32,54,5,6,-15,5,36,33,-38,61,12,12,-14,2,32,-5,-35,58,20,12
61.4800,-12,0,34,-2,-30,57,22,13,-15,8,31,-3,-27,42,9,11,-19,6,39,-2,-30,52,18,28,-16,3,35,-6,-36,53,0,8,-19,3,36,-6,-34,55,13,12,-2,12,35,-7,-42,58,8,7,-12,-5,34,33,-41,56,15,4,-14,0,34,-6,-37,58,9,13
61.5000,-11,2,30,-9,-36,56,22,12,-18,8,31,0,-31,41,9,7,-20,4,31,-2,-32,51,17,19,-12,4,34,-7,-33,50,-7,13,-21,1,39,-5,-32,51,10,12,-1,8,31,-6,-33,55,7,3,-10,6,34,29,-39,58,16,9,-10,4,36,-3,-37,59,15,11
61.5200,-10,-1,33,-8,-31,58,17,12,-18,9,38,-6,-28,43,13,11,-20,8,35,-4,-33,51,16,22,-14,4,36,-3,-37,51,-6,9,-25,5,41,-4,-40,52,16,13,-3,13,36,-9,-36,54,7,5,-12,1,32,31,-38,57,10,12,-13,3,34,-6,-40,54,7,10
61.5400,-18,-1,33,-1,-33,60,18,13,-12,7,35,-3,-31,45,12,8,-19,8,32,-5,-36,53,14,23,-14,2,37,2,-36,51,-3,7,-24,6,36,-6,-32,54,13,13,0,10,32,-4,-34,59,2,10,-12,7,34,31,-37,59,11,9,-15,4,35,-8,-40,57,13,12
61.5600,-12,-1,32,-5,-37,58,15,16,-12,7,30,-3,-33,43,12,2,-23,11,29,-6,-37,59,17,22,-12,6,37,-3,-36,49,-2,9,-25,-2,31,-4,-31,49,16,14,-1,10,38,-3,-32,56,1,5,-12,8,38,31,-41,59,10,11,-17,7,32,-8,-38,60,20,10
61.5800,-9,5,29,-4,-33,62,26,15,-12,5,35,-4,-33,39,11,11,-19,6,34,-5,-41,54,18,22,-12,3,37,-6,-35,52,-9,4,-29,4,33,-8,-36,52,15,11,-7,15,35,-8,-33,55,4,-2,-15,7,35,32,-34,58,6,12,-12,9,28,-13,-39,56,13,6
61.6000,-14,3,28,-9,-39,59,18,11,-15,9,33,-9,-31,41,11,7,-18,5,30,-9,-38,56,19,27,-18,3,36,-8,-37,53,-5,9,-24,6,36,-11,-39,54,15,10,-6,8,35,-9,-31,57,0,0,-14,2,37,30,-31,57,9,12,-15,7,32,-10,-38,55,16,6
61.6200,-15,-3,34,-4,-35,63,23,11,-14,12,35,-2,-24,37,10,7,-23,11,34,-2,-41,55,13,26,-14,8,34,-4,-39,52,-2,5,-23,8,31,-8,-37,48,15,16,-2,12,35,-6,-29,58,3,1,-17,6,34,31,-33,54,11,9,-10,4,34,-5,-36,57,10,10
61.6400,-9,0,33,-4,-35,61,18,10,-7,7,32,-6,-33,43,11,7,-14,6,36,-9,-36,48,15,25,-19,5,35,-9,-40,51,-4,9,-21,2,35,-2,-35,52,17,12,-7,13,37,-7,-32,53,7,4,-13,7,38,32,-38,56,15,10,-17,2,33,-2,-42,56,15,12
61.6600,-13,1,34,-6,-33,66,22,14,-17,12,32,-5,-34,42,12,3,-20,7,30,-10,-36,49,16,14,-17,2,38,-4,-38,50,-3,9,-22,6,34,-6,-36,53,14,14,-6,10,37,-5,-35,56,6,-2,-17,7,29,32,-37,54,15,7,-15,5,37,-9,-34,54,12,11
61.6800,-16,2,39,-7,-29,63,22,11,-11,10,33,-10,-32,39,12,4,-18,8,32,-5,-39,53,17,19,-18,8,35,-3,-36,52,-1,7,-26,4,34,-7,-30,53,14,13,-3,11,35,-4,-32,56,4,1,-16,6,35,32,-40,55,12,11,-16,9,38,-11,-36,52,13,8
61.7000,-15,-2,38,-6,-34,55,23,13,-12,5,33,-7,-31,37,8,10,-18,8,33,-7,-37,51,18,21,-17,7,37,-8,-35,56,-8,9,-24,3,32,-8,-36,53,12,15,-3,15,40,-6,-29,53,1,2,-18,-1,33,33,-34,51,10,9,-14,5,40,-8,-35,54,7,11
61.7200,-19,1,34,-3,-36,63,24,12,-11,10,32,-5,-30,38,10,9,-21,11,33,-5,-33,47,16,21,-12,9,37,-10,-40,50,-9,11,-25,5,30,-5,-34,52,14,14,-1,13,43,-9,-32,54,1,4,-16,5,32,31,-35,57,16,6,-15,4,31,-11,-31,54,16,16
61.7400,-12,-1,35,-6,-34,59,18,12,-13,10,32,-3,-29,43,8,10,-20,8,32,-3,-42,53,17,23,-16,8,35,-8,-35,47,-10,14,-21,-1,32,-4,-30,48,11,9,-4,14,37,-8,-35,53,1,6,-12,4,36,32,-31,57,12,12,-11,6,39,-9,-35,51,9,7
61.7600,-12,-1,32,-10,-28,64,21,15,-9,7,35,-4,-28,38,10,11,-19,6,35,-5,-33,52,15,25,-13,8,36,-10,-33,45,-10,12,-24,3,36,-6,-32,54,11,13,-7,14,38,-5,-29,54,0,7,-16,6,32,32,-36,50,14,8,-16,4,42,-10,-34,53,7,13
61.7800,-14,-4,37,-8,-30,58,20,15,-13,6,32,-5,-24,45,11,8,-25,7,36,-4,-41,48,11,21,-12,10,34,-8,-34,45,-6,10,-20,0,38,-5,-33,52,10,11,-4,8,41,-2,-33,52,3,5,-14,3,32,34,-37,55,9,10,-13,2,40,-11,-37,56,10,9
61.8000,-12,0,33,-8,-34,59,19,10,-15,5,37,-3,-24,39,4,15,-19,8,31,-9,-34,51,14,21,-15,7,39,-6,-38,51,-7,7,-26,9,36,-9,-31,53,12,15,0,12,38,-5,-35,54,0,4,-10,0,33,34,-33,55,11,11,-14,1,34,-12,-30,56,13,10
61.8200,-13,4,35,-13,-30,59,17,14,-12,9,35,0,-33,44,7,9,-22,4,36,-5,-34,52,15,23,-12,10,31,-11,-31,54,-9,9,-21,4,39,-3,-33,52,9,14,0,17,33,-3,-27,58,2,2,-7,3,36,31,-39,56,11,12,-9,2,40,-15,-37,53,13,10
61.8400,-17,0,35,-10,-29,59,22,13,-11,10,34,-7,-28,46,4,10,-25,8,33,-4,-29,53,19,22,-9,6,39,-11,-34,48,-11,10,-21,1,33,-9,-30,57,12,13,-2,12,34,-5,-31,52,4,-3,-12,7,34,29,-35,58,10,15,-13,4,37,-15,-38,57,15,7
61.8600,-19,-4,36,-12,-33,60,18,9,-15,4,33,-6,-28,49,8,8,-20,4,35,0,-33,53,13,23,-9,9,33,-6,-31,51,-3,8,-23,5,31,-3,-33,53,8,16,-3,12,31,-1,-35,57,6,6,-11,2,33,34,-37,57,9,6,-10,0,37,-14,-36,56,10,10
61.8800,-16,5,32,-5,-33,61,17,11,-16,2,32,-6,-27,47,4,5,-19,8,29,-6,-36,52,14,25,-9,6,35,-6,-39,49,-7,13,-25,3,35,-2,-36,56,7,17,-1,10,32,-3,-33,53,4,6,-16,3,31,33,-35,54,13,10,-18,3,34,-10,-35,60,10,7
61.9000,-15,0,35,-8,-35,59,18,10,-14,6,35,-7,-33,41,11,5,-19,11,32,-5,-36,52,17,22,-11,5,35,-3,-35,48,-6,6,-21,5,29,-8,-36,58,11,16,1,14,35,-7,-38,56,4,5,-14,3,32,35,-44,60,8,10,-13,1,34,-12,-40,58,9,10
61.9200,-11,-3,37,-12,-32,60,20,16,-15,7,30,-8,-25,46,5,11,-21,5,36,-5,-37,54,18,24,-15,8,33,-7,-40,49,-4,10,-23,8,31,-3,-37,58,13,18,1,11,34,-6,-32,55,6,0,-14,7,31,30,-34,60,12,9,-11,7,37,-11,-37,57,11,11
61.9400,-15,1,34,-11,-37,60,20,15,-15,5,36,-11,-30,46,11,10,-20,6,35,-5,-35,51,15,21,-17,6,37,-4,-37,50,-4,11,-24,6,34,-3,-37,55,18,16,-2,12,33,-3,-34,61,8,0,-12,8,36,30,-34,56,11,10,-10,1,35,-12,-35,58,15,9
61.9600,-17,-3,34,-10,-29,59,15,13,-14,5,34,-4,-37,46,8,7,-16,9,35,-7,-36,55,12,22,-17,0,33,-4,-36,49,0,13,-19,10,38,-6,-37,57,14,17,-3,18,35,-3,-35,55,5,1,-12,5,35,27,-39,56,15,11,-15,1,36,-13,-38,56,10,11
61.9800,-13,-3,34,-7,-33,60,18,12,-16,8,38,-5,-32,47,10,12,-20,5,39,-11,-33,57,16,16,-13,3,36,-9,-37,51,0,14,-23,5,37,-4,-30,55,14,18,-6,11,41,-10,-36,55,6,-2,-12,7,35,31,-38,57,14,10,-16,3,39,-13,-41,61,13,9
62.0000,-17,1,31,-12,-33,60,15,9,-9,9,39,-10,-31,48,5,9,-15,10,37,-6,-36,56,17,23,-11,9,36,-2,-36,47,1,11,-20,7,36,-8,-32,53,16,15,-2,18,36,-5,-30,56,9,2,-15,6,36,33,-38,58,8,7,-16,0,35,-12,-31,58,10,11
62.0200,-17,-3,29,-9,-40,58,20,11,-13,4,35,-8,-33,50,2,7,-19,9,35,-5,-40,52,16,24,-12,3,37,-4,-39,52,-5,7,-25,2,34,-4,-37,56,8,8,-5,16,32,-7,-33,59,9,2,-13,6,35,33,-36,61,17,7,-9,-1,34,-10,-35,54,15,8
62.0400,-16,2,35,-8,-38,59,18,12,-13,10,33,-6,-31,46,9,8,-21,4,40,-5,-36,57,17,16,-9,14,41,-7,-40,49,2,8,-23,1,33,-5,-34,52,8,15,-5,18,36,-5,-33,58,7,-1,-15,3,39,31,-31,58,9,9,-14,5,37,-13,-36,56,14,14
62.0600,-17,2,34,-8,-35,64,18,13,-15,9,39,-5,-34,48,14,5,-21,10,37,-6,-41,59,16,23,-13,7,33,-8,-34,49,-8,10,-23,8,35,-4,-34,53,14,13,-5,18,33,-4,-35,60,9,4,-12,3,35,30,-35,61,10,11,-13,8,33,-8,-41,58,9,10
62.0800,-16,1,37,-13,-34,65,20,10,-19,3,37,-6,-30,49,12,10,-20,12,36,-8,-37,54,14,21,-13,8,38,-10,-38,51,2,10,-23,5,36,-7,-33,49,14,10,-5,15,39,-8,-36,56,7,2,-18,0,37,32,-36,58,12,12,-12,-1,33,-8,-38,59,12,8
62.1000,-13,-4,37,-10,-31,62,25,11,-14,7,37,-8,-30,46,10,7,-25,7,32,-5,-38,58,12,22,-13,7,39,-11,-42,53,-2,7,-27,7,38,-14,-36,52,11,10,-1,15,30,-6,-39,55,5,1,-14,5,38,29,-37,55,17,10,-14,6,32,-12,-39,57,14,6
62.1200,-16,1,32,-11,-34,61,23,10,-16,8,43,-6,-28,42,11,10,-18,6,36,-6,-40,52,13,17,-16,8,40,-10,-34,55,1,6,-25,8,36,-10,-36,58,14,16,-5,12,33,-9,-35,56,8,6,-12,4,35,31,-41,58,15,7,-14,2,34,-10,-31,56,17,12
62.1400,-12,3,30,-7,-35,59,25,10,-15,11,40,-10,-34,41,10,5,-25,4,36,-6,-39,55,22,24,-16,7,39,-11,-32,55,-1,8,-23,9,38,-9,-37,56,14,9,-4,16,36,-6,-34,59,5,3,-12,9,34,30,-42,62,10,9,-15,6,29,-6,-40,58,14,9
62.1600,-13,7,31,-8,-39,60,23,13,-17,11,39,-8,-29,44,17,8,-21,10,33,-4,-42,54,17,24,-13,7,39,-5,-31,55,0,10,-25,5,35,-11,-33,59,11,16,1,15,38,-5,-35,59,3,6,-11,4,37,28,-38,61,15,12,-9,6,32,-2,-36,60,19,12
62.1800,-17,4,36,-9,-35,63,20,11,-15,17,41,-14,-36,51,9,10,-25,13,35,-8,-39,54,16,24,-15,9,33,-10,-37,54,-2,12,-23,1,35,-5,-36,56,12,13,-2,17,40,-6,-33,56,2,6,-12,7,38,27,-38,58,12,13,-18,2,37,-7,-43,58,11,8
62.2000,-15,0,35,-12,-32,60,18,8,-15,10,37,-8,-34,46,10,8,-23,10,36,-5,-42,57,18,17,-14,4,38,-8,-38,53,-2,6,-24,4,34,-8,-36,57,11,14,-1,15,34,-11,-34,58,7,1,-16,5,34,26,-42,57,15,7,-10,6,38,-10,-37,60,14,7
62.2200,-17,2,35,-7,-35,60,21,12,-17,7,37,-5,-30,47,12,8,-23,9,36,-9,-42,55,17,15,-14,12,39,-6,-41,53,-3,6,-22,12,40,-3,-37,57,13,12,0,17,38,-7,-34,50,4,1,-13,7,38,30,-40,55,11,8,-13,4,33,-9,-32,55,14,15
62.2400,-16,3,32,-8,-36,59,22,12,-20,11,36,-11,-30,43,13,9,-26,13,33,-6,-37,51,20,23,-16,11,40,-9,-41,53,-7,7,-21,5,33,-7,-37,52,9,13,-6,15,37,-9,-33,57,5,6,-16,4,32,30,-41,56,12,10,-15,2,34,-9,-36,61,11,8
62.2600,-12,1,36,-7,-33,61,23,15,-14,14,30,-9,-31,47,8,7,-30,9,35,-13,-43,55,18,21,-13,12,34,-7,-36,54,-4,11,-27,1,36,-10,-38,55,16,12,1,9,36,-4,-36,56,4,2,-11,9,34,31,-34,58,14,13,-17,7,31,-12,-34,58,10,10
62.2800,-16,3,36,-6,-32,57,23,8,-18,11,34,-6,-32,44,12,5,-21,7,33,-13,-39,54,18,18,-15,12,33,-6,-39,62,-8,8,-28,9,32,-6,-38,55,16,12,-1,15,37,-7,-34,60,5,-2,-16,3,35,34,-37,54,12,9,-17,8,34,-9,-36,58,12,11
62.3000,-19,5,36,-8,-38,61,19,12,-13,10,37,-9,-31,48,13,8,-31,7,36,-6,-37,54,18,22,-15,10,39,-11,-38,55,-5,7,-25,3,39,-11,-40,54,14,10,-6,15,39,-7,-37,57,4,0,-18,7,36,30,-38,57,18,11,-15,8,28,-10,-34,59,9,11
62.3200,-20,10,40,-10,-38,61,20,13,-12,6,33,-7,-31,49,16,9,-23,8,31,-6,-34,56,13,24,-22,17,34,-9,-39,50,-1,8,-24,3,38,-5,-37,53,12,10,-2,18,35,-5,-31,62,4,6,-15,1,34,31,-35,54,11,4,-11,6,38,-8,-38,59,12,4
62.3400,-16,2,32,-5,-38,63,16,6,-16,5,34,-7,-26,47,14,10,-20,1,37,-7,-38,54,19,23,-15,7,41,-11,-39,50,-4,6,-27,5,38,-9,-37,58,16,7,-4,16,37,-8,-34,59,6,2,-16,4,36,30,-36,53,12,11,-18,9,35,-8,-36,53,9,7
62.3600,-13,4,38,-8,-34,59,21,14,-15,13,34,-9,-31,42,12,10,-25,9,39,-5,-37,55,17,24,-18,10,34,-11,-39,50,-4,8,-28,1,37,-7,-33,55,11,11,-3,11,45,-8,-33,57,12,7,-14,2,35,33,-37,54,11,12,-19,7,34,-5,-34,58,13,5
62.3800,-15,-4,32,-3,-32,63,23,13,-12,10,36,-4,-32,49,7,14,-26,8,33,-4,-33,54,14,21,-16,7,30,-10,-38,53,-6,12,-34,8,37,-9,-33,57,12,9,0,16,38,-8,-34,59,9,1,-19,6,38,27,-34,56,14,4,-18,7,34,-9,-43,58,15,11
62.4000,-11,4,37,-10,-35,65,22,14,-14,10,39,-4,-31,48,7,9,-23,2,40,-7,-35,53,25,22,-14,13,37,-9,-40,51,-2,9,-30,7,33,-8,-40,57,16,11,-3,15,39,-7,-36,59,8,6,-15,6,38,26,-35,62,7,10,-17,5,35,-10,-37,57,12,8
62.4200,-17,1,36,-4,-35,58,23,12,-16,8,40,-8,-31,49,7,12,-23,6,37,-10,-34,55,15,18,-19,10,32,-7,-33,52,-3,14,-30,5,35,-9,-34,53,10,5,-6,18,37,-9,-33,55,10,6,-17,7,41,28,-36,53,13,7,-14,3,40,-11,-39,57,14,12
62.4400,-17,3,32,-10,-35,66,24,8,-13,13,33,-2,-32,52,7,7,-25,12,39,-14,-35,62,20,20,-11,8,37,-6,-35,49,-6,8,-26,7,36,-7,-35,51,18,7,-2,18,38,-12,-37,56,8,5,-12,6,39,25,-39,59,19,8,-13,7,36,-9,-35,56,15,10
62.4600,-14,3,34,-8,-38,68,20,11,-10,6,38,-9,-32,49,10,10,-25,6,37,-4,-39,58,18,23,-15,9,36,-12,-37,50,-3,13,-27,4,37,-6,-38,53,8,11,0,16,41,-7,-30,56,5,5,-16,3,31,26,-34,59,14,8,-17,7,42,-8,-45,54,19,12
62.4800,-17,-4,36,-7,-33,62,21,14,-11,7,37,-6,-30,46,9,7,-21,10,36,-5,-35,48,18,18,-11,16,35,-10,-35,51,-9,9,-29,4,33,-6,-32,51,12,9,0,20,37,-9,-36,62,8,5,-13,10,31,27,-33,61,16,12,-11,3,36,-12,-40,55,11,11
62.5000,-16,-2,35,-7,-33,61,22,12,-12,7,38,-5,-26,44,9,8,-25,7,40,-8,-35,56,17,22,-12,5,30,-11,-37,48,-5,10,-28,5,38,-12,-37,53,12,13,-4,16,44,-9,-37,54,4,-1,-9,7,33,25,-36,56,17,7,-13,4,32,-11,-35,58,13,9
62.5200,-15,-2,38,-10,-37,59,22,13,-8,5,37,-9,-30,48,11,11,-20,10,34,-8,-40,53,20,20,-13,8,33,-6,-35,50,-5,4,-25,8,35,-3,-37,51,12,10,-4,13,34,-9,-33,57,11,0,-12,2,36,24,-41,55,13,9,-15,4,38,-16,-37,57,11,9
62.5400,-14,0,34,-10,-36,60,26,9,-9,6,34,-6,-25,48,8,8,-27,10,34,-6,-40,57,16,27,-9,7,38,-9,-32,46,-7,9,-22,5,33,-1,-34,55,12,11,1,18,33,-6,-30,55,5,4,-12,6,30,25,-33,54,10,7,-12,6,36,-15,-39,59,10,12
62.5600,-15,1,31,-8,-36,62,22,12,-16,6,32,-8,-32,49,4,13,-20,9,37,-12,-33,50,16,21,-15,10,33,-7,-35,46,-3,8,-24,9,36,-3,-36,53,8,12,1,13,33,-8,-34,52,5,0,-7,1,34,28,-38,56,8,6,-13,8,36,-13,-39,52,10,9
62.5800,-14,1,39,-11,-37,65,21,8,-16,3,37,-12,-37,49,4,9,-22,5,35,-9,-34,49,17,25,-13,4,30,-8,-34,44,-9,5,-18,7,35,-5,-34,54,11,9,-2,18,33,-7,-33,55,6,3,-11,7,35,25,-41,54,12,8,-15,6,37,-11,-40,55,17,9
62.6000,-18,-1,35,-9,-36,60,18,10,-12,4,39,-8,-30,45,11,13,-18,6,38,-9,-33,51,20,19,-12,6,34,-11,-35,49,1,11,-24,1,36,-6,-33,51,12,14,0,15,33,-8,-34,55,5,2,-8,5,33,28,-38,57,12,7,-13,1,36,-13,-39,54,15,8
62.6200,-16,-2,36,-14,-35,62,22,11,-14,7,32,-12,-35,49,6,13,-23,11,34,-9,-33,48,15,21,-10,4,36,-5,-41,52,-3,6,-21,5,33,-10,-38,57,11,11,-3,13,31,-7,-35,54,5,6,-14,-1,33,32,-39,60,15,13,-12,3,35,-11,-38,56,12,11
62.6400,-14,-3,34,-11,-39,60,21,14,-10,3,36,-6,-30,46,7,9,-24,3,34,-7,-35,52,17,21,-13,7,37,-11,-36,53,-5,6,-23,-1,35,-10,-36,50,10,11,5,15,28,-6,-28,54,5,6,-13,6,33,29,-40,53,9,10,-18,-2,42,-10,-34,53,11,10
62.6600,-12,-2,33,-11,-34,64,20,15,-11,1,41,-7,-30,43,12,9,-24,5,32,-8,-33,46,17,20,-14,10,38,-11,-39,48,-6,8,-28,2,35,-4,-38,56,14,12,-3,12,33,-8,-36,50,5,4,-15,5,35,29,-41,58,10,6,-14,5,35,-13,-37,54,11,9
62.6800,-17,-1,36,-13,-32,60,18,14,-15,8,39,-13,-31,49,7,7,-17,11,33,-2,-36,50,23,20,-9,5,33,-5,-36,46,-4,4,-26,4,36,-8,-41,56,15,14,-7,18,36,-5,-29,53,14,2,-10,5,35,29,-43,62,10,10,-11,11,38,-18,-37,54,14,8
62.7000,-22,3,37,-14,-34,60,27,12,-11,3,39,-8,-30,43,9,7,-17,2,37,-9,-41,55,22,20,-7,12,38,-3,-39,49,-5,7,-24,8,35,-8,-38,55,13,7,2,15,32,-7,-39,56,9,2,-13,3,37,26,-37,60,11,11,-16,2,35,-11,-38,57,10,10
62.7200,-16,1,40,-12,-39,62,22,17,-22,5,35,-7,-36,42,7,8,-26,6,30,0,-32,51,19,17,-13,8,37,-4,-33,51,-9,7,-26,4,43,-9,-38,53,13,9,-2,14,32,-7,-36,57,4,7,-11,4,39,27,-43,57,14,10,-20,0,35,-11,-42,63,7,11
62.7400,-21,2,38,-11,-36,58,20,13,-16,10,40,-7,-32,44,11,7,-19,5,36,-5,-37,53,12,22,-12,11,40,-5,-37,52,-4,14,-23,2,37,-5,-39,54,12,11,0,19,35,-6,-33,56,11,4,-14,5,35,29,-37,60,14,12,-13,5,39,-17,-33,61,8,16
62.7600,-15,1,35,-9,-38,60,19,13,-14,8,37,-8,-30,49,13,13,-23,13,36,-5,-35,55,14,23,-15,9,34,-6,-36,53,1,10,-24,4,39,-1,-35,52,14,16,-8,16,38,-8,-44,62,8,3,-16,4,39,29,-41,59,10,9,-14,3,39,-9,-37,59,10,8
62.7800,-18,-1,36,-8,-34,65,19,12,-11,7,34,-9,-31,48,6,6,-22,15,36,0,-41,57,17,26,-13,9,35,-4,-37,55,-2,8,-27,7,38,-4,-39,58,13,12,-5,16,38,-8,-36,59,8,3,-10,6,30,29,-38,63,15,8,-13,7,35,-10,-37,59,16,5
62.8000,-16,2,34,-6,-34,68,17,13,-12,7,34,-5,-30,47,6,12,-22,6,36,-4,-37,54,14,23,-13,8,39,-8,-33,51,-6,11,-27,7,32,-3,-40,55,11,14,-4,17,36,-7,-37,59,10,8,-12,8,35,31,-40,66,9,10,-15,6,33,-7,-39,60,15,10
62.8200,-18,1,32,-13,-36,67,24,13,-14,6,40,-4,-32,51,9,11,-22,6,36,-8,-34,56,19,23,-14,9,34,-6,-41,55,-2,4,-27,7,36,-4,-39,55,16,7,-1,24,41,-6,-41,62,7,2,-13,3,30,29,-39,59,11,11,-17,6,32,-9,-40,56,15,10
62.8400,-17,3,35,-10,-32,68,21,14,-15,5,39,-3,-32,44,13,10,-27,4,38,-6,-38,53,14,22,-18,10,33,-4,-41,55,-6,11,-23,4,32,-7,-41,63,15,10,-1,19,36,-7,-41,60,4,4,-13,3,39,25,-41,60,17,8,-13,5,38,-8,-39,60,16,12
62.8600,-15,4,34,-12,-32,67,24,8,-18,6,34,-5,-35,46,17,7,-24,3,37,-8,-37,58,14,23,-21,11,33,-4,-40,51,-7,10,-20,5,36,-8,-39,55,15,11,-1,16,34,-13,-39,62,6,2,-17,5,38,25,-36,62,11,4,-19,7,33,-9,-38,64,14,9
62.8800,-16,6,38,-10,-39,63,20,18,-17,9,37,-9,-37,53,7,9,-26,9,38,-5,-37,56,17,22,-13,11,36,-9,-33,55,-1,10,-30,5,37,-9,-41,53,10,6,-4,23,35,-10,-31,62,6,9,-16,9,44,28,-38,61,18,8,-19,8,39,-12,-36,61,13,7
62.9000,-18,0,41,-10,-42,70,21,12,-12,8,36,-7,-29,45,11,7,-23,8,34,-8,-41,59,18,19,-12,9,38,-9,-40,56,-4,10,-26,3,33,-9,-40,56,12,8,-4,21,38,-11,-37,65,9,-1,-16,4,42,29,-41,61,19,7,-20,6,38,-18,-46,62,12,8
62.9200,-12,4,35,-7,-38,64,15,8,-14,10,36,-11,-33,54,8,9,-28,6,38,-7,-39,57,23,17,-12,10,38,-6,-35,52,-5,13,-25,6,37,-11,-40,57,7,13,-3,25,39,-12,-33,58,8,0,-17,6,34,23,-42,58,16,6,-10,5,37,-16,-44,64,17,11
62.9400,-18,2,41,-9,-42,66,24,10,-16,7,47,-7,-39,54,9,3,-25,9,36,-11,-39,58,22,20,-14,7,33,-11,-39,59,-1,10,-28,8,38,-12,-38,57,16,9,-3,22,37,-13,-35,63,7,-2,-18,4,37,29,-39,64,13,7,-17,4,41,-13,-42,58,16,6
62.9600,-21,2,34,-9,-40,66,23,9,-18,6,41,-9,-30,53,8,4,-23,13,37,-12,-39,53,16,21,-13,11,41,-12,-37,53,-5,8,-28,6,44,-12,-33,61,13,5,-7,19,39,-7,-32,53,7,3,-20,4,39,26,-38,59,16,8,-18,5,42,-15,-37,61,15,3
62.9800,-14,6,37,-13,-41,70,22,13,-20,8,41,-15,-34,47,17,8,-21,7,41,-14,-35,53,17,14,-17,10,41,-20,-40,55,-2,7,-25,-1,38,-14,-40,60,9,10,-1,20,34,-6,-34,60,9,5,-18,4,36,26,-39,61,16,10,-13,3,37,-20,-44,62,10,2
63.0000,-14,4,34,-14,-45,68,16,14,-15,10,39,-13,-34,48,10,8,-29,10,40,-11,-37,58,18,18,-13,5,39,-13,-36,55,-7,9,-25,3,36,-11,-32,53,14,6,-3,14,42,-9,-36,59,6,-5,-13,1,40,25,-40,63,15,10,-15,6,36,-15,-42,57,16,3
63.0200,-15,-1,38,-10,-40,63,25,15,-22,12,43,-13,-37,51,12,10,-25,7,42,-13,-38,57,18,16,-15,9,38,-12,-39,54,-10,7,-23,4,40,-12,-39,59,12,8,-3,21,40,-9,-38,63,3,2,-13,7,38,25,-34,59,15,7,-11,8,38,-17,-37,61,13,7
63.0400,-17,3,36,-16,-42,68,25,10,-21,5,46,-9,-34,49,19,4,-26,13,44,-18,-39,58,20,14,-13,9,37,-11,-41,51,1,9,-31,-2,40,-8,-35,55,16,11,-5,20,40,-12,-38,52,8,5,-16,5,39,21,-38,58,18,8,-20,8,35,-18,-43,57,17,5
63.0600,-18,4,35,-11,-39,66,25,16,-19,7,42,-12,-41,49,10,7,-28,7,38,-13,-43,63,24,21,-17,10,41,-11,-43,56,-4,6,-33,7,38,-13,-32,57,12,9,-4,22,39,-10,-33,59,10,-2,-16,6,37,26,-35,56,18,4,-18,6,41,-18,-38,61,17,7
63.0800,-20,0,41,-11,-39,69,23,14,-11,8,44,-13,-35,47,14,5,-25,7,42,-16,-42,56,18,18,-16,9,36,-12,-37,54,0,7,-27,7,37,-11,-39,61,11,7,-5,17,33,-10,-32,60,6,3,-15,5,34,23,-41,58,18,9,-13,6,34,-14,-36,61,15,11
63.1000,-19,4,39,-12,-38,65,30,16,-15,14,37,-16,-42,52,15,5,-24,9,33,-15,-41,55,20,16,-10,8,38,-16,-42,52,-3,11,-32,6,42,-11,-40,58,18,7,-4,18,38,-10,-32,59,11,1,-22,7,36,21,-34,54,15,7,-17,5,37,-11,-38,57,16,7
63.1200,-18,2,37,-13,-40,66,25,11,-18,12,38,-13,-37,46,10,5,-30,8,38,-14,-38,53,24,17,-16,15,43,-9,-38,48,0,6,-35,4,36,-11,-48,60,11,6,-2,26,43,-8,-30,60,2,3,-18,6,31,22,-43,56,18,12,-11,6,33,-12,-37,61,15,8
63.1400,-15,2,39,-12,-44,60,25,12,-17,15,33,-11,-37,48,11,8,-28,7,35,-12,-37,58,24,16,-11,14,41,-11,-40,50,-3,5,-29,1,32,-9,-35,54,10,8,-6,21,37,-11,-36,55,7,5,-17,3,39,22,-42,60,12,5,-15,10,32,-7,-33,58,14,1
63.1600,-19,1,36,-12,-39,66,25,10,-16,11,33,-10,-36,45,10,8,-26,7,32,-7,-37,55,17,18,-14,14,41,-10,-36,53,-2,10,-28,8,33,-8,-34,56,11,6,-6,21,34,-5,-29,56,6,5,-17,6,32,22,-40,60,15,7,-15,10,28,-7,-37,55,15,13
63.1800,-14,4,36,-16,-39,60,28,11,-14,7,35,-12,-32,47,16,8,-25,8,35,-4,-36,56,26,23,-17,12,37,-11,-39,54,-4,5,-27,10,32,-10,-39,57,13,10,2,23,40,-5,-30,56,8,8,-17,10,34,21,-37,64,13,8,-15,8,29,-4,-41,55,17,5
63.2000,-16,3,33,-7,-39,67,25,17,-16,10,32,-12,-34,50,11,5,-27,13,33,-11,-40,51,22,19,-13,6,34,-8,-38,52,2,10,-36,10,28,-6,-35,56,14,13,-4,20,39,-7,-31,58,7,3,-13,7,41,26,-38,59,11,7,-17,11,27,-1,-35,61,11,10
63.2200,-21,2,32,-8,-32,62,22,12,-18,9,35,-5,-33,44,11,1,-26,7,35,-9,-36,49,20,19,-14,12,40,-7,-40,51,-2,5,-25,5,37,-3,-37,57,10,8,-6,18,38,-7,-36,55,10,1,-17,9,30,31,-40,60,12,7,-17,8,34,0,-38,56,15,9
63.2400,-19,-1,31,-12,-43,59,20,12,-18,8,33,-6,-32,53,14,9,-24,10,33,-6,-40,51,22,19,-14,12,38,-11,-39,52,-2,3,-32,5,31,-6,-36,54,14,12,-3,21,42,-5,-41,58,8,9,-17,9,31,23,-35,59,16,8,-18,7,29,-4,-37,57,12,9
63.2600,-21,4,36,-7,-34,67,24,11,-18,13,35,-3,-34,46,15,10,-28,9,33,-3,-37,54,19,23,-17,12,33,-3,-37,50,-3,8,-32,9,36,-3,-37,61,17,8,-4,22,38,-9,-38,58,6,8,-17,10,33,23,-38,65,16,8,-21,4,33,1,-43,63,14,4
63.2800,-22,4,33,-6,-36,63,20,8,-16,4,34,-6,-35,52,6,4,-27,5,35,-6,-37,53,18,24,-7,5,31,-2,-39,53,-3,4,-31,4,37,-9,-40,62,12,10,0,19,39,-9,-33,61,7,5,-16,3,33,29,-39,63,13,11,-21,4,31,-4,-38,61,12,8
63.3000,-15,2,35,-7,-37,64,23,12,-20,13,29,-6,-34,49,12,4,-27,6,35,-2,-38,57,17,21,-17,10,39,-7,-38,55,-6,6,-25,4,36,-1,-35,65,17,6,-3,21,39,-9,-41,59,10,3,-16,-1,37,24,-42,60,13,13,-18,2,39,-4,-40,64,13,13
63.3200,-20,4,37,-6,-38,70,21,13,-17,12,39,-8,-39,50,9,2,-22,9,41,-6,-38,59,23,20,-17,7,35,-4,-37,56,1,11,-25,2,36,-9,-40,59,12,13,-2,17,37,-6,-38,57,6,4,-9,6,27,23,-38,60,13,8,-15,5,41,-10,-45,61,12,8
63.3400,-21,6,36,-1,-37,64,26,18,-19,3,40,-7,-35,50,13,10,-23,6,37,-5,-36,57,15,20,-15,10,38,-4,-37,52,-8,9,-23,4,39,-5,-40,62,14,7,-5,20,39,-13,-40,62,7,4,-16,8,30,24,-38,65,16,7,-16,2,38,-6,-36,63,12,9
63.3600,-17,1,36,-2,-40,66,19,14,-19,6,36,-7,-34,52,9,5,-25,4,38,-5,-41,58,19,25,-12,12,35,-5,-37,54,-7,8,-26,4,38,-11,-39,60,11,7,2,18,40,-11,-42,66,8,2,-12,6,40,28,-39,63,10,8,-15,-1,38,-7,-42,61,15,10
63.3800,-15,0,36,-2,-39,66,21,12,-14,10,38,-8,-38,54,12,11,-25,5,41,-2,-34,56,19,26,-10,12,35,-6,-39,55,0,15,-25,8,38,-6,-45,65,10,6,3,18,37,-12,-36,63,13,6,-14,0,35,19,-41,62,12,9,-15,1,40,-11,-45,62,17,10
63.4000,-23,3,35,-8,-35,70,22,12,-15,4,34,-8,-42,53,10,10,-29,5,43,-9,-37,56,21,23,-12,14,39,-8,-40,54,-5,11,-25,8,39,-7,-38,63,15,12,1,20,41,-10,-37,57,9,2,-18,4,41,23,-46,59,14,4,-12,5,45,-13,-40,66,19,6
63.4200,-18,2,35,-6,-41,69,21,14,-17,5,42,-5,-30,53,12,7,-25,4,42,-14,-34,62,18,26,-13,9,42,-10,-40,52,-4,9,-27,10,40,-10,-44,61,16,10,1,14,39,-6,-38,63,9,4,-15,3,40,23,-43,62,16,8,-16,4,42,-17,-44,61,19,9
63.4400,-18,0,36,-7,-38,68,21,15,-16,10,39,-11,-38,52,11,9,-25,1,46,-9,-35,57,20,24,-17,10,41,-9,-39,52,-7,13,-29,2,43,-9,-40,55,9,6,-4,16,34,-11,-41,66,7,9,-12,8,38,20,-34,62,16,3,-14,4,46,-14,-45,62,22,2
63.4600,-15,-2,39,-9,-36,69,19,14,-15,9,37,-7,-38,53,12,10,-27,6,39,-7,-40,62,19,19,-17,13,42,-12,-36,52,-3,9,-23,4,43,-11,-38,57,13,10,3,23,35,-11,-43,56,14,3,-12,5,36,20,-37,58,14,6,-13,3,42,-20,-41,58,14,6
63.4800,-19,4,42,-12,-35,70,22,14,-20,3,41,-6,-36,54,12,4,-27,6,34,-12,-39,58,19,21,-17,10,40,-11,-41,49,-1,7,-25,4,41,-12,-40,61,16,9,-5,22,43,-11,-42,62,10,1,-11,7,40,20,-41,56,18,3,-12,5,38,-26,-39,60,18,10
63.5000,-11,7,39,-9,-41,70,26,14,-17,7,45,-13,-33,51,14,7,-21,5,39,-16,-39,57,17,26,-10,9,31,-13,-39,48,-4,3,-32,6,41,-14,-35,59,17,11,-2,18,38,-9,-40,56,10,0,-13,2,36,23,-37,53,16,11,-9,-1,34,-21,-43,56,17,8
63.5200,-16,7,41,-9,-39,72,25,13,-12,4,38,-11,-35,45,12,1,-25,5,40,-11,-33,52,20,21,-16,12,39,-12,-32,51,-7,6,-26,3,36,-15,-42,55,18,11,1,22,37,-11,-34,59,6,2,-15,1,33,23,-35,54,15,12,-14,2,39,-28,-36,59,16,2
63.5400,-17,1,40,-11,-43,66,24,14,-17,7,46,-9,-32,49,10,7,-25,6,34,-13,-35,58,24,22,-15,7,43,-17,-39,51,-9,4,-26,5,34,-17,-37,54,13,11,-5,20,33,-13,-34,55,9,2,-15,6,39,19,-38,52,15,9,-12,6,39,-21,-45,55,11,9
63.5600,-25,5,39,-17,-43,67,23,19,-13,6,40,-15,-36,45,10,8,-23,8,32,-17,-34,56,23,20,-7,11,35,-18,-32,51,-1,5,-27,6,40,-15,-39,55,14,10,-7,25,38,-9,-33,53,9,6,-14,0,37,19,-35,59,17,6,-18,7,37,-20,-38,53,10,6
63.5800,-15,9,40,-18,-39,66,26,13,-17,7,38,-16,-32,45,14,8,-30,5,38,-10,-35,55,23,20,-14,12,44,-13,-37,46,-8,6,-28,4,38,-12,-43,59,14,3,-1,28,37,-13,-38,54,2,4,-18,4,42,23,-42,61,14,11,-14,5,33,-18,-30,56,13,8
63.6000,-15,6,41,-16,-40,63,23,11,-14,8,35,-17,-29,49,7,6,-20,7,31,-18,-31,51,21,20,-15,16,38,-18,-35,46,-3,5,-29,6,36,-11,-38,52,11,10,-1,20,36,-9,-37,61,2,3,-11,4,35,23,-42,54,11,12,-17,2,37,-20,-35,56,13,7
63.6200,-17,5,42,-12,-36,60,21,16,-16,13,35,-13,-29,45,7,8,-25,9,36,-13,-37,56,17,23,-20,11,41,-12,-39,46,-7,3,-31,8,41,-9,-39,59,14,11,-6,21,39,-13,-32,59,0,0,-15,7,38,22,-44,65,12,7,-15,6,38,-17,-34,55,6,11
63.6400,-20,2,40,-10,-41,63,21,15,-14,7,31,-9,-31,42,4,8,-21,8,38,-5,-31,56,18,17,-9,10,38,-13,-32,42,-9,7,-27,5,39,-10,-36,55,11,9,1,23,36,-6,-30,56,8,5,-17,3,32,24,-39,59,14,14,-16,0,38,-17,-33,58,9,12
63.6600,-19,3,40,-16,-39,63,22,16,-12,8,36,-12,-31,48,0,9,-30,6,30,-5,-36,53,15,23,-11,10,39,-13,-32,54,-7,10,-25,3,35,-9,-37,53,12,12,-4,27,39,-7,-32,57,3,10,-16,0,39,22,-33,57,9,9,-13,2,35,-17,-29,59,8,17
63.6800,-15,1,40,-15,-33,57,19,13,-17,4,37,-13,-33,47,6,5,-26,4,31,-3,-34,55,19,21,-15,9,36,-11,-39,56,-6,8,-31,2,38,-11,-34,57,12,10,-8,22,35,-6,-35,59,7,8,-20,9,37,24,-35,65,14,18,-20,8,33,-17,-34,66,7,11
63.7000,-23,7,36,-16,-37,62,23,13,-17,7,36,-9,-28,51,6,6,-27,5,34,2,-32,55,16,22,-12,12,37,-10,-36,53,-8,5,-25,2,35,-7,-37,61,8,12,-5,18,37,-9,-35,59,0,8,-16,8,34,24,-41,62,14,9,-16,-2,35,-17,-35,64,9,12
63.7200,-16,3,43,-13,-39,63,17,19,-20,8,35,-2,-33,52,7,11,-30,15,40,-8,-35,57,17,22,-15,6,32,-9,-32,51,-6,6,-29,-1,35,-9,-39,63,6,8,0,21,45,-6,-39,63,6,5,-13,8,31,26,-39,64,15,9,-20,1,36,-19,-41,70,7,15
63.7400,-18,-2,40,-9,-36,67,15,12,-16,5,36,-9,-33,50,7,12,-23,6,40,-2,-36,57,14,25,-12,8,33,-7,-37,54,-8,10,-27,7,35,-6,-36,61,10,12,-5,24,43,-7,-41,60,9,5,-13,5,38,23,-37,66,12,11,-15,6,36,-20,-43,65,11,7
63.7600,-19,3,36,-16,-34,65,20,16,-16,5,36,-3,-33,53,11,8,-31,5,35,-4,-35,60,18,23,-11,10,32,-3,-35,59,-7,11,-28,7,40,-3,-40,63,14,17,-4,19,42,-10,-36,61,14,2,-10,4,37,24,-35,67,17,6,-17,7,36,-9,-41,65,12,7
63.7800,-23,5,38,-13,-35,65,18,17,-22,9,40,-3,-29,58,10,6,-31,5,37,-8,-36,58,18,22,-12,6,39,-5,-37,55,-3,3,-29,7,33,-3,-40,61,16,11,-1,21,44,-5,-40,60,7,7,-19,8,36,29,-44,66,16,6,-19,5,35,-7,-44,67,17,9
63.8000,-19,0,36,-7,-36,67,21,18,-17,6,41,-5,-33,55,12,14,-28,4,35,-3,-35,61,22,24,-6,12,36,-2,-36,61,-2,11,-27,3,42,-3,-35,63,15,9,0,20,34,-6,-38,64,11,3,-11,3,37,23,-44,69,16,6,-16,3,33,-7,-49,72,22,8
63.8200,-19,1,34,-4,-39,70,19,19,-19,2,39,-1,-34,58,11,8,-25,3,42,-7,-37,61,21,21,-9,9,36,-4,-40,60,0,9,-26,5,40,-6,-43,63,18,11,-2,25,37,-4,-44,66,14,1,-21,3,32,22,-47,66,22,4,-15,4,33,-9,-41,69,19,7
63.8400,-19,1,34,-9,-41,71,29,18,-21,6,37,-4,-41,57,14,10,-27,3,40,-12,-40,63,22,23,-6,9,37,-3,-43,57,0,10,-30,3,40,-4,-42,67,13,7,-4,21,37,-7,-38,60,10,3,-16,9,39,25,-49,68,22,3,-15,4,36,-7,-48,66,19,10
63.8600,-18,1,36,-4,-34,74,23,15,-23,4,43,-2,-39,56,16,4,-29,6,47,-6,-42,62,24,24,-9,13,38,-2,-44,53,1,8,-24,4,44,-5,-48,66,11,11,0,22,40,-8,-40,65,16,5,-18,7,33,22,-46,63,16,6,-20,9,32,-9,-53,68,19,7
63.8800,-21,1,34,-11,-44,73,27,13,-18,6,43,-7,-45,63,11,3,-22,7,42,-21,-45,62,23,22,-8,11,42,-4,-46,57,-1,3,-24,9,44,-8,-44,63,20,10,1,20,36,-7,-41,61,12,-1,-13,7,36,23,-43,63,19,4,-15,10,32,-6,-48,63,21,9
63.9000,-16,3,42,-8,-42,75,27,20,-21,5,42,-7,-43,59,14,1,-30,7,42,-15,-42,62,31,15,-9,14,38,-3,-41,58,1,4,-25,9,39,-13,-42,61,16,8,0,25,43,-6,-41,58,9,-2,-17,8,35,26,-49,63,17,3,-17,7,33,-8,-49,64,14,3
63.9200,-15,8,37,-5,-45,82,29,10,-19,11,40,-14,-45,61,17,4,-30,12,48,-17,-50,62,28,17,-14,7,37,-7,-42,53,2,5,-29,7,43,-8,-42,63,16,3,1,25,37,-8,-37,62,11,0,-14,8,43,22,-41,62,20,2,-13,10,31,-8,-45,65,22,7
63.9400,-18,10,32,-9,-39,76,26,13,-18,6,42,-14,-39,56,14,4,-27,7,45,-10,-39,60,23,17,-18,12,44,-6,-50,59,3,0,-32,5,44,-11,-47,61,15,7,-5,22,42,-13,-39,59,10,2,-15,13,38,21,-45,66,21,1,-18,7,38,-6,-46,61,16,7
63.9600,-17,11,33,-4,-40,69,30,11,-16,8,40,-12,-38,54,16,-3,-25,9,40,-11,-46,62,26,16,-16,14,40,-7,-46,50,-1,0,-29,8,40,-12,-39,58,17,2,0,24,39,-5,-35,56,16,3,-20,7,36,28,-38,63,20,5,-18,15,34,-10,-43,63,19,6
63.9800,-16,7,33,-9,-41,68,24,12,-14,9,39,-16,-44,56,20,-2,-24,8,37,-11,-37,60,25,15,-22,12,44,-11,-45,52,-1,3,-37,10,43,-15,-43,61,14,5,0,20,39,-11,-35,57,12,5,-13,10,35,23,-42,61,18,3,-14,8,35,-9,-36,58,18,2
64.0000,-18,6,36,-9,-45,74,30,6,-22,9,39,-12,-39,56,20,0,-26,11,38,-21,-34,53,21,21,-18,15,40,-15,-39,50,4,2,-34,7,42,-11,-40,59,12,6,-1,21,39,-12,-39,58,11,3,-20,9,38,21,-42,61,19,2,-22,11,35,-8,-45,59,17,1
64.0200,-19,9,37,-8,-40,72,29,7,-15,9,39,-11,-38,52,17,6,-26,12,31,-12,-43,59,29,17,-16,14,42,-9,-45,53,3,4,-32,8,37,-11,-43,53,14,5,-1,29,43,-9,-39,59,12,4,-14,8,40,21,-42,58,18,6,-17,11,37,-8,-41,60,15,3
64.0400,-17,10,42,-9,-41,72,24,8,-17,10,36,-15,-34,50,20,-3,-25,13,32,-13,-36,55,25,17,-18,17,41,-15,-39,53,3,-1,-30,11,36,-10,-47,61,11,7,-5,22,43,-14,-37,60,13,5,-14,12,37,25,-41,57,18,7,-16,11,39,-7,-30,58,19,5
64.0600,-22,9,37,-11,-42,72,24,11,-16,9,39,-15,-34,50,20,5,-31,8,37,-15,-40,61,27,20,-16,14,35,-13,-37,54,-6,4,-34,10,40,-12,-43,60,15,9,-2,23,36,-12,-31,57,10,5,-19,11,36,20,-40,60,17,7,-17,6,37,-11,-35,58,13,10
64.0800,-25,12,39,-9,-34,69,25,13,-23,9,38,-13,-44,53,17,4,-27,13,31,-11,-35,62,17,21,-16,16,39,-17,-39,51,-8,3,-36,5,39,-14,-40,62,10,7,-5,25,43,-9,-42,59,8,7,-20,12,37,22,-47,63,18,7,-17,12,35,-11,-38,57,13,5
64.1000,-18,7,40,-13,-36,67,16,13,-21,4,32,-10,-36,51,8,1,-23,8,33,-10,-35,60,21,18,-13,12,37,-15,-36,57,-4,7,-33,5,34,-15,-43,57,12,13,-1,25,40,-7,-36,56,13,5,-21,10,38,18,-45,62,12,7,-17,8,33,-9,-41,58,12,5
64.1200,-23,7,36,-14,-40,63,30,15,-21,12,37,-10,-37,50,12,9,-29,7,32,-9,-32,58,23,23,-9,10,38,-19,-39,53,-6,3,-28,7,35,-15,-37,57,5,13,-2,27,39,-9,-34,58,8,7,-19,12,39,21,-43,61,22,4,-17,9,37,-13,-30,59,13,2
64.1400,-19,10,41,-11,-38,66,23,12,-21,9,38,-11,-34,53,11,5,-29,10,28,-7,-35,59,22,26,-16,14,34,-12,-33,52,-5,10,-32,4,30,-10,-37,61,14,8,-2,23,38,-10,-42,60,10,0,-14,9,33,21,-38,63,12,7,-21,7,35,-7,-33,58,10,6
64.1600,-23,8,38,-11,-41,66,23,15,-26,12,34,-5,-30,50,8,7,-31,10,32,-5,-35,59,17,25,-12,13,37,-15,-41,50,-8,3,-29,2,34,-10,-42,59,9,10,-3,22,40,-8,-33,55,7,6,-14,4,34,17,-42,62,15,2,-21,8,36,-11,-32,59,10,6
64.1800,-24,4,40,-14,-36,68,23,13,-26,14,37,-13,-34,48,9,10,-29,10,29,-9,-30,59,12,23,-12,13,39,-17,-44,58,-4,8,-35,3,34,-14,-38,59,15,11,-2,29,37,-16,-37,60,8,6,-13,6,29,25,-38,59,14,4,-17,7,39,-17,-35,58,10,11
64.2000,-24,7,38,-14,-35,66,23,14,-24,8,35,-11,-29,50,4,6,-28,1,30,-9,-31,60,21,21,-11,12,38,-15,-40,56,-5,4,-27,4,38,-8,-34,59,8,12,-3,24,41,-16,-38,55,7,6,-12,6,33,20,-39,64,10,6,-26,7,42,-13,-35,63,17,17
64.2200,-23,6,38,-13,-38,67,21,16,-20,10,36,-11,-38,53,11,3,-25,3,34,-8,-29,59,18,26,-13,11,35,-14,-38,53,-10,12,-28,1,38,-12,-39,60,10,8,-2,23,35,-12,-40,62,6,6,-16,2,30,20,-39,59,11,8,-22,3,35,-20,-40,58,15,13
64.2400,-21,6,38,-16,-37,66,20,13,-16,11,34,-9,-28,53,8,9,-29,7,35,-11,-33,57,21,23,-11,12,37,-11,-42,53,-5,9,-28,3,38,-10,-39,60,6,8,-3,19,40,-13,-40,65,7,4,-14,5,39,17,-42,60,20,8,-11,5,41,-15,-38,60,14,15
64.2600,-20,3,39,-12,-43,73,21,17,-22,7,40,-6,-38,51,6,7,-32,4,37,-7,-34,54,17,26,-14,15,40,-10,-38,54,-1,3,-31,4,40,-14,-41,62,9,12,-4,22,35,-17,-38,65,11,7,-13,5,36,18,-43,61,14,9,-13,4,39,-20,-36,60,16,5
64.2800,-16,6,37,-14,-37,72,20,21,-16,9,39,-2,-34,51,9,7,-29,6,35,-6,-34,58,24,23,-9,15,39,-14,-38,52,-10,6,-27,3,36,-9,-37,56,13,11,-5,21,36,-12,-41,59,12,9,-13,7,30,22,-38,62,12,10,-10,7,41,-18,-38,57,14,12
64.3000,-19,3,42,-13,-45,69,20,18,-16,12,35,-12,-36,52,5,6,-29,6,38,-6,-32,57,19,23,-13,17,38,-13,-34,48,-6,12,-32,3,37,-7,-42,66,9,10,-4,25,39,-13,-44,61,6,5,-13,9,34,21,-44,62,19,11,-20,1,41,-22,-40,63,14,12
64.3200,-20,6,34,-16,-39,68,24,16,-22,7,37,-5,-33,52,8,11,-20,6,40,-8,-33,55,23,22,-12,13,35,-7,-32,54,-5,11,-29,0,36,-8,-35,62,10,10,-3,20,39,-12,-37,58,4,9,-17,5,34,17,-37,64,11,12,-15,5,40,-23,-42,58,14,10
64.3400,-20,1,44,-13,-42,71,23,14,-18,4,33,-4,-32,55,10,11,-26,3,39,-8,-36,59,19,18,-6,13,34,-8,-38,51,-8,8,-26,3,41,-8,-41,64,12,17,-1,24,38,-10,-36,58,6,8,-17,5,34,22,-40,62,18,9,-15,3,44,-24,-34,62,14,14
64.3600,-19,6,40,-14,-45,68,23,17,-18,2,39,-4,-35,51,13,5,-29,3,42,-8,-32,56,22,21,-13,12,42,-12,-33,58,-2,5,-30,4,43,-8,-36,56,10,15,2,21,41,-19,-41,63,12,7,-15,2,35,27,-38,61,16,11,-14,4,37,-20,-37,66,11,9
64.3800,-17,2,38,-10,-47,68,23,15,-15,6,41,-6,-32,46,10,8,-26,1,43,-10,-35,58,22,19,-10,7,38,-11,-32,55,-4,7,-27,0,35,-4,-42,63,12,8,2,23,39,-8,-37,61,9,8,-13,3,34,25,-37,62,18,12,-11,-2,41,-22,-39,59,15,13
64.4000,-18,5,33,-10,-38,68,26,22,-19,6,41,-7,-37,48,12,8,-25,6,40,-7,-31,60,18,26,-12,14,36,-12,-41,53,-3,3,-31,7,40,-14,-41,59,9,16,-1,24,43,-14,-39,58,6,5,-10,2,31,21,-43,66,15,10,-17,-2,38,-23,-40,65,17,9
64.4200,-17,4,38,-11,-42,76,23,14,-16,8,42,-11,-37,55,11,9,-25,0,39,-10,-35,60,20,26,-11,6,34,-10,-35,52,-8,2,-26,2,32,-4,-39,57,15,13,0,20,32,-12,-42,59,6,9,-14,6,35,23,-41,58,14,12,-14,-4,46,-17,-45,65,15,12
64.4400,-18,5,41,-9,-42,76,23,17,-15,9,38,-8,-35,50,10,5,-26,0,37,-12,-33,63,24,22,-11,10,39,-8,-43,55,-8,3,-27,2,37,-7,-39,64,15,13,2,28,36,-12,-38,56,7,6,-13,2,32,24,-44,65,14,7,-14,0,37,-17,-40,64,15,9
64.4600,-19,11,45,-12,-44,75,21,15,-18,8,41,-10,-38,46,14,6,-26,2,43,-12,-37,62,21,20,-12,12,40,-10,-37,55,-3,8,-26,4,39,-11,-42,62,16,15,5,24,37,-14,-33,62,13,6,-10,6,35,21,-42,58,13,5,-13,7,40,-16,-40,64,19,15
64.4800,-20,9,38,-11,-45,74,22,15,-18,7,35,-10,-39,53,16,7,-24,2,40,-13,-35,60,22,23,-11,6,37,-9,-41,55,-2,5,-23,6,36,-6,-46,59,14,15,-1,22,39,-9,-41,63,11,6,-20,9,37,23,-44,67,14,5,-13,2,38,-19,-40,68,19,6
64.5000,-21,8,45,-12,-48,74,22,10,-17,7,38,-13,-40,51,13,5,-24,8,34,-15,-31,59,17,22,-9,11,35,-5,-39,58,-6,1,-29,0,40,-8,-42,62,17,13,0,20,38,-10,-37,62,9,8,-15,5,35,23,-41,63,20,6,-12,3,36,-21,-47,68,21,4
64.5200,-18,6,38,-15,-43,73,23,15,-13,10,39,-13,-40,50,17,6,-24,4,39,-10,-36,61,19,22,-16,8,43,-5,-37,56,-4,6,-29,2,36,-9,-44,61,11,9,1,23,33,-9,-41,67,17,3,-13,7,39,19,-41,58,16,5,-11,6,39,-20,-45,63,18,9
64.5400,-24,8,37,-14,-39,73,28,18,-17,5,44,-11,-43,58,12,6,-25,3,42,-12,-37,64,23,19,-15,12,41,-6,-39,58,-4,8,-29,6,38,-7,-43,57,12,10,-3,22,33,-3,-45,61,14,2,-14,5,33,24,-44,64,19,1,-12,7,36,-14,-45,63,23,9
64.5600,-18,4,40,-10,-40,72,23,13,-14,6,38,-18,-36,49,15,6,-25,5,40,-11,-32,57,17,15,-7,15,38,-9,-43,54,-2,1,-29,1,41,-11,-40,58,13,13,-2,26,41,-5,-40,61,14,5,-15,3,36,25,-44,66,18,4,-13,6,30,-15,-36,68,15,0
64.5800,-22,7,38,-8,-39,78,23,13,-15,8,39,-10,-39,52,10,7,-21,-1,37,-17,-34,67,28,20,-7,14,42,-9,-43,58,-4,6,-29,4,36,-12,-46,66,12,10,-5,26,37,-5,-41,63,16,5,-14,13,30,25,-49,67,18,5,-16,4,30,-15,-48,64,16,6
64.6000,-16,4,32,-12,-41,71,28,11,-11,9,41,-14,-43,53,14,2,-22,9,35,-18,-37,64,22,12,-14,15,33,-9,-43,57,-1,5,-32,6,38,-12,-40,65,8,8,-3,23,34,-8,-39,60,13,0,-15,3,36,25,-47,61,15,4,-12,9,35,-9,-40,68,15,4
64.6200,-16,9,41,-13,-38,72,22,18,-15,8,37,-9,-39,51,17,6,-26,2,41,-9,-37,63,23,17,-9,14,36,-9,-40,58,2,6,-30,7,40,-10,-46,63,16,5,-6,25,39,1,-41,64,16,7,-15,11,35,24,-41,70,19,2,-19,11,39,-9,-42,65,16,8
64.6400,-19,5,37,-11,-40,72,26,18,-15,10,36,-10,-36,56,10,1,-31,9,40,-7,-43,64,29,13,-13,19,39,-8,-43,57,-5,8,-32,7,40,-8,-46,65,14,6,-3,24,39,-3,-45,63,11,6,-21,16,36,23,-45,65,22,4,-17,13,38,-8,-47,67,20,-3
64.6600,-20,4,34,-11,-43,75,26,10,-17,12,39,-11,-35,57,15,4,-25,8,39,-15,-41,68,27,19,-16,19,42,-8,-38,55,-7,0,-34,7,39,-13,-43,62,15,9,-2,26,41,-3,-41,58,8,3,-17,13,39,18,-43,63,22,-1,-15,12,39,-11,-45,73,20,1
64.6800,-22,2,36,-10,-41,73,24,10,-17,8,38,-8,-34,58,8,1,-31,7,33,-7,-36,71,24,21,-17,15,38,-14,-41,58,-4,4,-30,10,40,-6,-43,65,13,4,-3,23,44,-6,-42,59,11,1,-16,12,43,23,-43,66,20,4,-19,16,33,-2,-48,64,18,6
64.7000,-18,5,38,-7,-46,78,26,14,-18,11,42,-9,-35,61,13,5,-25,9,40,-9,-31,67,21,19,-14,20,43,-9,-38,58,-7,0,-31,8,45,-9,-44,67,16,10,-3,28,35,-9,-39,61,14,-2,-15,11,38,19,-42,64,21,6,-20,14,35,-9,-42,71,16,5
64.7200,-18,9,36,-10,-48,70,23,14,-19,16,39,-6,-33,58,11,2,-27,1,40,-11,-32,66,26,19,-15,16,38,-9,-32,54,-4,-1,-38,11,44,-11,-46,68,12,7,-1,26,42,-10,-39,59,8,2,-18,10,41,12,-42,66,21,5,-20,11,33,-10,-44,68,23,4
64.7400,-25,4,31,-11,-43,76,22,8,-21,11,39,-11,-37,60,13,4,-32,7,38,-12,-44,62,30,19,-17,16,40,-12,-36,64,-6,2,-36,5,40,-9,-41,69,12,4,1,26,42,-12,-45,62,14,-3,-18,6,38,13,-43,67,16,6,-23,6,35,-5,-41,70,24,2
64.7600,-20,5,31,-8,-43,75,25,15,-21,12,40,-12,-40,64,13,2,-31,12,38,-14,-41,65,27,19,-12,16,40,-14,-42,55,-6,3,-31,8,36,-11,-45,70,13,5,-3,29,44,-13,-42,64,13,4,-20,9,40,22,-41,63,21,8,-19,9,35,-7,-43,65,19,0
64.7800,-18,11,35,-2,-46,73,25,12,-23,12,38,-12,-37,57,11,6,-28,7,41,-9,-44,66,30,18,-13,14,45,-9,-37,54,-1,5,-35,5,40,-17,-38,67,15,8,0,31,41,-9,-44,59,16,6,-20,8,35,11,-44,66,21,8,-22,13,36,-8,-42,69,26,8
64.8000,-21,12,33,-12,-41,73,31,12,-27,6,40,-15,-44,58,15,5,-24,8,38,-14,-38,62,31,22,-14,18,39,-16,-38,57,-4,7,-35,10,35,-10,-44,69,17,8,-3,26,45,-13,-40,59,9,4,-23,10,37,15,-36,66,21,9,-24,13,40,-14,-39,65,22,1
64.8200,-24,13,36,-8,-42,73,37,12,-23,10,35,-10,-38,62,18,3,-26,12,40,-12,-42,62,30,21,-16,9,36,-17,-35,53,-5,2,-37,8,38,-19,-43,71,16,7,-10,27,43,-13,-39,60,9,4,-13,9,36,15,-40,64,12,8,-18,7,37,-11,-38,70,19,3
64.8400,-24,13,39,-9,-49,75,26,13,-20,8,38,-11,-40,61,15,-1,-24,10,43,-12,-38,62,28,21,-18,17,36,-12,-40,52,-3,2,-37,7,40,-15,-42,68,17,9,-8,27,38,-16,-42,60,10,1,-19,10,35,13,-40,62,16,9,-18,8,38,-20,-39,66,20,6
64.8600,-21,9,34,-8,-49,75,32,9,-21,13,39,-18,-47,56,17,2,-31,6,40,-16,-42,65,31,13,-15,15,40,-16,-43,60,-4,2,-34,6,41,-14,-46,67,15,9,-5,24,38,-16,-41,59,8,3,-21,2,35,16,-39,59,17,5,-22,8,36,-16,-38,64,21,9
64.8800,-21,10,41,-8,-46,75,24,10,-24,10,40,-8,-36,52,13,7,-29,7,40,-19,-44,63,36,17,-12,8,39,-18,-44,50,-6,3,-28,12,36,-13,-41,58,20,7,-2,25,43,-15,-39,60,13,4,-20,5,33,11,-44,60,14,7,-23,13,35,-14,-41,61,16,6
64.9000,-20,7,35,-13,-43,71,27,18,-22,9,43,-14,-45,51,18,2,-26,5,37,-14,-33,58,28,14,-13,16,37,-14,-43,54,-2,4,-33,5,39,-16,-39,58,17,8,-5,16,42,-17,-42,59,12,3,-15,6,34,18,-35,61,11,5,-24,9,30,-16,-44,60,18,9
64.9200,-23,8,40,-16,-48,72,26,11,-20,1,36,-16,-40,52,18,-1,-25,2,40,-15,-37,58,26,20,-14,14,39,-17,-43,57,0,6,-31,9,38,-12,-45,63,15,18,-6,24,37,-14,-36,62,10,4,-16,7,33,16,-38,57,14,9,-18,7,38,-16,-41,62,16,8
64.9400,-21,12,40,-17,-43,73,29,15,-22,13,39,-21,-43,50,12,6,-23,6,31,-18,-37,58,28,23,-16,11,35,-18,-40,58,-2,8,-33,3,36,-15,-45,66,14,6,-5,28,42,-17,-38,61,11,8,-11,9,34,15,-38,60,14,7,-21,6,30,-9,-35,57,15,7
64.9600,-19,8,38,-16,-45,79,27,12,-23,9,39,-14,-41,54,11,1,-26,7,30,-9,-26,60,22,18,-12,10,40,-12,-39,52,-5,7,-33,7,42,-14,-43,60,11,9,-3,18,37,-9,-34,62,9,5,-16,3,34,26,-43,65,17,6,-19,9,27,-12,-37,59,12,6
64.9800,-20,10,34,-8,-40,68,27,7,-20,14,33,-15,-38,52,19,1,-28,7,31,-16,-37,53,27,20,-16,15,38,-15,-39,51,-6,3,-33,6,35,-17,-44,62,16,9,1,21,36,-11,-43,62,6,11,-10,5,30,24,-37,58,12,6,-20,6,32,-10,-35,58,18,9
65.0000,-20,8,31,-16,-39,70,26,17,-24,7,34,-20,-39,51,13,5,-29,11,34,-12,-37,57,32,25,-15,13,32,-14,-37,53,-4,5,-28,7,34,-5,-44,62,14,7,0,18,36,-8,-35,60,8,12,-12,8,28,19,-36,61,17,10,-19,4,29,-3,-32,57,12,8
65.0200,-18,8,43,-11,-40,70,26,15,-19,13,32,-15,-33,49,15,5,-25,8,37,-11,-33,57,23,23,-13,10,36,-15,-32,50,-7,4,-32,8,32,-7,-41,58,16,13,0,23,37,-9,-41,61,4,10,-14,6,24,24,-38,65,18,5,-18,3,30,-2,-36,59,17,8
65.0400,-21,6,39,-19,-40,66,27,16,-21,6,37,-10,-29,43,14,0,-26,6,33,0,-30,55,26,19,-12,12,36,-7,-40,59,-10,4,-33,6,30,-5,-42,65,11,8,6,22,33,-7,-38,59,6,8,-11,4,26,23,-37,65,13,4,-18,-2,26,-3,-34,57,12,11
65.0600,-22,8,36,-8,-36,70,25,16,-19,9,25,-1,-33,47,9,0,-25,14,32,-5,-32,55,22,21,-9,14,32,-4,-32,54,-9,6,-34,3,33,-5,-38,59,5,11,2,17,37,-3,-40,60,6,6,-13,4,28,27,-37,63,12,11,-11,2,23,3,-37,53,8,13
65.0800,-20,5,35,-11,-36,66,24,16,-19,11,31,-5,-34,48,10,2,-28,8,30,0,-33,57,22,20,-13,16,30,-5,-32,61,-11,6,-30,8,31,-4,-35,57,13,13,0,23,31,-9,-37,62,6,12,-13,6,28,29,-40,62,15,10,-14,1,35,1,-34,61,14,6
65.1000,-17,5,34,-6,-33,68,25,16,-19,12,30,-5,-35,43,10,1,-27,10,35,-3,-32,59,19,18,-6,14,33,-4,-33,58,-9,4,-30,4,26,2,-37,62,9,10,-1,22,35,-6,-44,65,11,10,-12,4,24,29,-35,64,15,8,-14,-1,32,5,-35,61,14,14
65.1200,-25,4,30,-7,-36,65,17,21,-15,8,28,-8,-30,49,11,4,-29,7,33,1,-28,60,15,25,-13,12,28,-3,-38,52,-5,9,-31,2,29,0,-41,63,12,17,-3,21,33,-10,-43,68,11,7,-14,2,33,24,-39,65,18,9,-14,1,32,-2,-37,59,15,16
65.1400,-22,2,35,-9,-44,70,13,18,-17,6,30,1,-33,51,13,3,-27,7,31,5,-29,61,28,26,-15,10,33,-1,-40,57,-9,7,-31,3,38,-3,-39,61,10,12,-1,24,35,-3,-43,64,10,7,-14,5,29,24,-43,62,10,14,-14,0,42,-3,-37,66,15,13
65.1600,-18,0,33,-5,-36,72,20,21,-18,3,30,4,-27,49,6,6,-25,9,33,4,-35,64,22,23,-13,12,32,-3,-37,55,-16,9,-29,3,33,0,-38,64,11,9,2,21,35,-4,-43,65,10,5,-16,3,31,26,-39,67,14,7,-13,2,47,-4,-30,69,15,14
65.1800,-16,2,32,-4,-33,72,18,20,-21,9,31,2,-31,51,5,8,-25,5,36,4,-30,67,22,26,-18,14,29,-1,-35,58,-12,7,-32,3,33,-3,-33,67,9,13,0,21,33,-6,-49,62,9,5,-15,2,26,22,-45,70,17,13,-6,1,40,-15,-37,69,16,13
65.2000,-16,4,32,-5,-35,73,17,15,-16,3,28,7,-27,47,7,5,-27,1,37,1,-31,62,14,27,-15,9,34,-5,-30,58,-8,6,-24,7,38,-9,-42,61,12,14,3,23,36,-11,-45,61,10,10,-13,8,34,23,-36,65,18,8,-7,0,44,-15,-36,67,15,17
65.2200,-18,6,35,-2,-39,70,22,18,-16,2,37,1,-34,47,4,5,-26,0,32,-2,-31,63,21,25,-16,11,37,-6,-35,60,-10,11,-24,4,37,-4,-41,64,10,15,3,24,39,-11,-47,69,12,7,-16,5,31,19,-41,69,19,10,-14,0,46,-22,-48,68,19,16
65.2400,-18,2,33,-6,-46,75,27,21,-13,7,37,1,-38,51,12,3,-27,0,44,-5,-34,65,22,28,-13,15,38,-11,-40,57,-6,11,-31,5,35,-8,-38,62,14,15,2,21,35,-13,-37,65,15,5,-19,3,36,19,-46,62,21,4,-17,1,54,-24,-41,68,16,9
65.2600,-17,-3,35,-6,-45,74,19,17,-13,7,42,-6,-38,55,9,6,-24,-1,41,-9,-38,65,23,26,-10,12,35,-12,-36,58,-15,8,-26,1,46,-13,-37,63,19,18,0,17,35,-13,-44,60,9,6,-18,6,42,22,-49,66,23,9,-8,5,54,-35,-47,71,21,6
65.2800,-17,6,33,-9,-43,78,22,19,-15,5,45,-5,-30,56,13,7,-29,4,40,-13,-33,69,29,23,-12,9,34,-9,-37,60,-5,9,-27,0,44,-11,-43,62,13,14,-7,17,36,-13,-43,68,10,3,-8,6,38,15,-41,63,20,7,-11,4,53,-41,-45,67,23,13
65.3000,-15,5,37,-13,-51,80,27,15,-14,0,42,-8,-33,59,14,11,-25,2,43,-14,-38,68,26,25,-17,7,43,-12,-42,61,-6,3,-27,4,43,-14,-41,67,17,12,0,27,36,-13,-44,61,11,4,-11,7,36,23,-38,61,20,10,-7,-2,49,-43,-41,62,20,10
65.3200,-14,5,44,-14,-43,76,26,18,-14,2,46,-16,-36,52,14,6,-23,3,48,-18,-40,73,28,26,-15,10,39,-12,-42,58,-2,2,-25,2,46,-20,-43,65,18,10,-2,21,38,-17,-41,63,9,4,-12,6,39,19,-42,60,18,11,-9,6,44,-42,-47,67,23,3
65.3400,-18,4,39,-22,-46,77,28,20,-19,4,47,-14,-41,54,17,0,-20,6,45,-22,-38,69,26,26,-14,7,44,-20,-39,54,-5,5,-28,1,49,-15,-42,66,20,8,3,27,38,-12,-42,59,20,2,-14,2,38,16,-46,65,22,9,-10,6,51,-47,-48,66,21,6
65.3600,-16,6,41,-20,-45,78,27,13,-11,6,48,-23,-40,59,14,5,-24,3,42,-24,-45,69,29,20,-14,12,44,-20,-40,55,-4,5,-30,6,48,-20,-44,64,18,9,-1,24,43,-10,-44,59,14,2,-17,5,37,16,-41,62,21,9,-11,-1,46,-47,-42,67,23,4
65.3800,-23,6,39,-21,-45,76,28,15,-17,8,46,-21,-40,57,18,5,-28,3,43,-22,-35,61,25,21,-13,12,45,-18,-39,54,0,4,-28,6,45,-23,-44,64,17,3,-6,22,40,-9,-41,55,10,6,-12,10,37,17,-39,61,15,6,-8,8,41,-43,-41,60,24,1
65.4000,-16,5,46,-24,-43,69,28,14,-17,9,48,-20,-43,57,15,3,-25,7,38,-25,-37,63,32,18,-14,14,42,-23,-38,50,0,3,-30,9,43,-21,-37,62,14,3,-3,25,40,-12,-41,54,10,5,-17,4,32,20,-39,59,16,5,-15,11,35,-38,-35,60,24,3
65.4200,-22,7,41,-24,-40,73,31,14,-16,5,43,-18,-34,52,13,5,-25,9,38,-26,-40,60,29,20,-11,17,46,-19,-34,52,-2,2,-33,9,43,-19,-41,61,18,6,-7,29,36,-8,-40,59,11,6,-19,7,39,20,-41,63,16,5,-16,8,30,-34,-33,56,17,6
65.4400,-21,10,43,-21,-42,75,27,15,-12,9,43,-29,-42,49,13,-1,-29,4,33,-24,-45,62,31,20,-17,13,47,-17,-32,51,-5,1,-31,12,38,-15,-41,59,14,7,-9,27,39,-5,-39,60,15,1,-16,4,35,21,-40,58,21,8,-20,10,31,-27,-38,62,15,0
65.4600,-20,12,41,-21,-43,75,32,10,-23,11,35,-26,-34,54,15,4,-22,8,34,-19,-37,65,31,14,-12,10,44,-19,-35,49,-5,5,-39,10,33,-18,-44,57,12,10,-9,27,38,-7,-37,58,7,3,-17,2,33,21,-35,60,14,12,-20,15,33,-23,-38,56,10,7
65.4800,-21,10,38,-21,-43,70,26,7,-19,17,38,-21,-36,50,14,4,-26,10,34,-18,-40,66,30,11,-16,15,42,-15,-39,52,-5,2,-35,14,31,-16,-42,65,15,12,-8,21,37,-8,-35,60,14,4,-17,8,38,26,-38,61,15,0,-24,12,28,-15,-39,62,18,6
65.5000,-18,13,37,-19,-42,69,22,8,-14,14,34,-19,-40,49,17,0,-23,6,25,-15,-36,58,27,12,-11,19,34,-15,-31,51,-1,3,-36,10,30,-14,-36,67,13,8,-3,30,35,-10,-36,62,12,3,-19,7,39,22,-36,67,14,5,-20,14,23,-9,-35,61,16,7
65.5200,-22,14,33,-14,-36,70,22,12,-18,11,27,-12,-30,53,11,0,-26,7,26,-12,-40,61,25,17,-15,19,37,-11,-29,56,-6,4,-37,11,31,-16,-39,66,17,10,-9,23,37,-8,-38,66,12,9,-22,12,33,17,-41,64,20,10,-27,9,26,-4,-35,67,9,14
65.5400,-25,15,32,-13,-32,69,26,10,-23,8,28,-18,-40,57,11,6,-32,11,32,-5,-35,63,27,24,-12,16,28,-12,-35,53,-12,3,-34,18,28,-7,-41,69,11,17,-1,27,42,-8,-39,63,7,2,-17,5,33,22,-44,71,17,7,-19,8,23,-2,-35,69,15,7
65.5600,-21,13,34,-12,-37,70,20,13,-24,11,29,-11,-34,53,12,1,-29,11,31,-4,-38,63,33,16,-18,10,32,-6,-34,56,-4,4,-34,5,29,-4,-44,68,10,8,-3,27,33,-6,-40,63,14,9,-18,9,22,26,-39,72,21,9,-23,11,24,4,-35,68,16,12
65.5800,-23,15,33,-10,-32,65,23,18,-26,12,26,-6,-32,54,19,7,-29,11,29,3,-34,61,25,19,-22,14,32,-8,-36,60,-3,0,-41,8,28,-1,-44,74,11,16,-3,26,34,-8,-38,69,14,0,-14,7,28,21,-45,70,20,5,-20,5,24,-8,-38,70,8,11
65.6000,-26,6,33,-7,-34,76,19,20,-23,13,24,-4,-36,60,17,2,-32,11,35,3,-40,66,24,17,-25,12,26,-6,-34,65,-6,4,-37,6,31,-9,-51,71,13,7,-1,23,36,-8,-44,68,18,6,-21,4,26,28,-46,74,17,7,-18,11,29,7,-44,75,22,15
65.6200,-29,7,28,-6,-33,72,18,15,-23,11,24,-3,-39,64,15,1,-33,8,33,0,-33,67,32,22,-22,17,30,-7,-41,66,2,0,-43,6,38,-3,-45,79,18,14,-4,22,38,-11,-46,73,19,2,-16,5,24,28,-41,69,24,6,-24,9,28,4,-48,70,26,13
65.6400,-26,11,31,-3,-39,75,19,19,-28,14,26,3,-41,65,15,4,-35,8,41,4,-37,68,26,16,-17,12,30,-5,-49,69,-2,3,-30,11,34,-3,-50,74,14,11,0,22,42,-14,-47,69,11,7,-14,5,33,27,-48,74,18,4,-21,5,31,6,-50,79,17,9
65.6600,-28,9,32,-6,-45,78,24,21,-26,8,30,3,-36,63,17,5,-30,5,39,-2,-36,72,34,18,-14,17,32,0,-45,69,0,3,-34,10,35,-4,-47,76,19,12,-3,27,35,-10,-51,73,13,-2,-14,8,28,30,-45,73,23,4,-22,8,30,4,-45,82,22,5
65.6800,-26,8,33,-2,-43,82,23,22,-23,5,34,4,-41,64,15,3,-32,8,42,0,-39,70,30,15,-15,10,32,1,-46,66,-1,2,-29,4,35,0,-50,76,23,9,4,19,35,-10,-53,71,18,2,-13,6,32,26,-45,77,22,-3,-19,10,36,-1,-53,79,27,5
65.7000,-21,8,29,0,-45,88,28,21,-25,6,38,-4,-45,64,14,-3,-32,13,43,-3,-38,71,34,18,-14,14,37,-2,-42,70,5,2,-33,6,39,-1,-50,75,23,5,0,26,35,-10,-52,74,25,4,-14,8,37,23,-45,71,27,2,-20,5,33,1,-51,77,30,2
65.7200,-14,7,29,0,-41,83,27,18,-23,8,43,-2,-53,67,14,2,-31,11,45,-13,-45,73,33,12,-15,15,33,-4,-50,67,0,6,-34,6,42,-3,-49,69,22,9,2,24,33,-9,-48,75,19,-3,-16,5,37,26,-47,69,25,-1,-19,7,33,5,-54,76,29,8
65.7400,-15,4,29,-2,-42,85,26,17,-23,6,44,-4,-46,62,25,0,-29,13,46,-15,-48,74,37,14,-12,8,42,-1,-44,66,5,-2,-31,7,48,-14,-55,65,24,6,-3,24,33,-8,-51,65,23,-1,-18,7,32,26,-45,68,29,0,-14,7,34,-3,-54,75,33,2
65.7600,-20,2,31,-4,-44,82,27,20,-19,14,45,-6,-47,62,22,1,-28,9,41,-17,-47,70,38,16,-13,15,45,-2,-46,64,1,-1,-31,6,42,-17,-52,67,24,7,8,25,32,-9,-48,62,21,-7,-16,9,34,26,-45,63,26,-1,-16,10,37,-9,-54,73,30,-1
65.7800,-20,6,33,-7,-48,83,29,21,-20,15,47,-5,-42,54,23,-3,-26,13,40,-20,-48,72,37,16,-14,15,40,-10,-46,61,9,-5,-32,15,38,-14,-46,64,28,8,-4,33,37,-9,-46,62,15,-9,-19,10,33,21,-43,67,24,4,-16,11,35,-5,-47,64,28,-2
65.8000,-18,8,31,-8,-46,84,32,15,-18,12,44,-14,-49,57,20,-6,-27,9,39,-23,-46,64,36,14,-13,24,42,-14,-42,57,8,-8,-30,11,42,-17,-49,59,23,6,0,28,37,-10,-42,61,15,3,-14,11,36,22,-40,63,25,-4,-12,13,36,-13,-54,62,26,-8
65.8200,-18,10,38,-6,-55,78,30,12,-19,17,40,-19,-41,51,24,-6,-29,13,41,-26,-48,59,38,12,-14,17,43,-19,-41,54,2,-4,-31,9,44,-17,-38,63,26,4,1,35,37,-13,-47,59,12,-5,-22,14,40,20,-37,59,24,-3,-19,12,41,-10,-45,57,25,-3
65.8400,-18,12,34,-15,-52,76,30,7,-19,17,45,-18,-35,48,20,-2,-28,16,38,-23,-36,61,37,11,-11,20,42,-17,-46,51,-2,-2,-32,13,40,-24,-45,54,25,6,-4,29,34,-10,-39,56,10,-4,-26,18,38,20,-41,61,21,0,-19,18,40,-13,-39,55,24,0
65.8600,-16,12,38,-11,-49,74,35,15,-15,15,46,-22,-35,48,22,-4,-30,12,35,-21,-39,58,29,15,-13,20,46,-23,-39,47,-3,-3,-32,10,39,-24,-41,50,11,6,-4,30,43,-12,-37,57,5,-2,-25,12,40,15,-33,58,18,7,-19,13,40,-18,-42,55,21,4
65.8800,-15,16,40,-11,-45,65,32,10,-24,16,44,-27,-34,43,16,-4,-27,12,34,-17,-36,58,23,18,-21,17,44,-21,-31,49,-3,-4,-30,9,41,-17,-32,56,21,1,-5,24,38,-17,-34,53,7,1,-21,14,37,16,-37,63,18,7,-23,21,43,-18,-36,57,20,0
65.9000,-22,10,38,-11,-38,65,26,10,-21,14,40,-20,-31,41,14,-4,-26,11,28,-16,-33,55,25,19,-22,20,42,-27,-33,47,-9,0,-34,8,36,-20,-36,57,18,12,-5,26,42,-15,-39,57,7,-1,-20,13,42,12,-35,59,14,9,-22,16,44,-17,-37,57,14,0
65.9200,-23,13,32,-12,-43,64,28,12,-20,19,39,-20,-29,38,7,-1,-32,10,26,-13,-33,54,26,19,-19,20,42,-23,-34,42,-10,4,-35,12,32,-18,-35,55,12,8,-6,28,42,-13,-36,59,0,0,-26,11,35,12,-28,60,14,6,-25,16,37,-23,-26,56,15,6
65.9400,-28,15,39,-19,-44,65,29,9,-22,17,37,-23,-22,42,11,2,-30,12,26,-8,-35,53,25,20,-21,14,35,-23,-30,44,-9,2,-31,4,30,-22,-35,53,16,15,-6,20,41,-16,-32,60,7,8,-24,4,32,11,-33,64,14,12,-25,11,43,-24,-29,57,11,6
65.9600,-26,14,36,-16,-44,66,27,7,-23,11,32,-17,-28,38,-3,8,-28,6,30,-6,-28,54,19,22,-22,14,34,-22,-28,46,-10,7,-29,2,29,-18,-26,55,9,18,-4,26,38,-12,-35,62,6,9,-20,7,30,16,-37,60,8,9,-24,14,43,-23,-33,57,11,12
65.9800,-20,17,38,-13,-36,66,23,8,-27,11,28,-15,-27,46,5,5,-26,9,24,-4,-29,53,22,26,-20,13,36,-18,-28,53,-12,11,-34,7,28,-12,-30,60,7,15,-5,23,34,-19,-31,60,9,12,-17,9,29,16,-37,65,14,10,-23,7,38,-25,-30,65,12,18
66.0000,-27,15,36,-16,-37,66,23,12,-24,12,25,-16,-21,38,1,8,-31,5,25,-2,-23,58,20,24,-22,3,29,-21,-28,48,-11,5,-38,1,31,-12,-38,62,5,25,-1,18,35,-19,-37,62,-1,7,-21,1,28,17,-38,61,13,14,-27,7,41,-27,-27,61,10,17
66.0200,-17,12,39,-16,-31,65,18,15,-24,14,29,-11,-23,44,0,11,-26,5,33,-3,-27,61,20,29,-18,13,33,-13,-32,48,-11,10,-31,5,27,-6,-34,65,13,19,-6,18,39,-17,-38,66,1,11,-19,1,25,19,-33,63,11,16,-19,5,40,-29,-31,64,13,12
66.0400,-29,12,37,-19,-40,66,20,18,-21,8,26,-4,-21,45,-2,16,-27,0,30,-3,-26,59,19,30,-14,6,31,-12,-31,51,-17,9,-33,-2,29,-6,-33,63,8,20,-4,13,36,-17,-40,64,3,12,-15,-2,27,21,-38,59,6,13,-17,0,42,-31,-34,64,13,15
66.0600,-24,10,40,-14,-34,73,25,16,-20,8,26,-6,-27,45,1,12,-26,3,34,-2,-34,59,22,30,-12,5,28,-8,-27,56,-6,15,-30,-2,36,-8,-36,67,11,21,7,21,30,-14,-35,61,6,11,-11,-2,27,20,-35,65,17,13,-19,1,41,-25,-36,67,12,20
66.0800,-26,8,34,-17,-32,73,18,23,-22,4,34,-3,-24,51,4,15,-22,-3,34,2,-31,67,23,30,-14,2,27,-7,-31,52,-11,11,-31,1,33,1,-39,67,10,19,-4,16,32,-15,-38,63,6,8,-13,-6,29,27,-37,60,14,12,-15,-4,36,-23,-39,63,11,21
66.1000,-22,4,36,-16,-31,69,15,24,-19,2,24,2,-27,48,4,14,-25,-3,36,-2,-34,69,26,33,-8,0,20,-6,-31,55,-12,11,-27,0,31,-2,-40,66,10,24,0,16,34,-14,-37,61,6,11,-12,-1,28,27,-37,62,18,12,-15,-7,34,-24,-39,67,18,21
66.1200,-19,0,37,-13,-35,71,13,27,-18,-1,30,-9,-27,48,8,14,-22,-1,35,-3,-31,66,23,32,-9,5,29,-7,-37,57,-6,9,-23,5,33,-6,-35,65,18,20,5,13,33,-10,-42,65,10,10,-9,-3,25,34,-41,64,17,13,-14,-5,40,-27,-39,68,17,16
66.1400,-19,3,37,-15,-41,79,23,19,-19,2,35,-3,-32,50,6,11,-20,-3,39,-6,-36,67,25,25,-6,5,27,0,-35,61,-11,11,-27,-1,34,-1,-36,67,13,19,3,15,31,-8,-40,64,9,7,-7,-2,25,32,-37,62,15,13,-10,-2,37,-21,-43,71,17,16
66.1600,-21,-2,37,-16,-38,72,19,19,-14,-2,39,-6,-31,50,11,14,-18,2,36,-11,-34,67,25,25,-9,7,30,0,-33,54,-10,9,-31,-2,34,-3,-41,64,18,11,6,16,33,-6,-42,66,7,7,-7,-3,28,33,-38,68,21,8,-13,-2,36,-24,-38,68,19,17
66.1800,-21,-1,35,-14,-40,80,24,19,-15,6,39,-4,-31,53,10,12,-27,-5,34,-5,-35,72,27,23,-7,6,37,1,-32,60,-4,8,-27,-4,36,-8,-41,71,18,18,5,16,29,-8,-43,66,10,7,-4,1,31,33,-33,66,15,9,-8,-3,33,-18,-42,70,15,16
66.2000,-16,0,34,-15,-42,77,30,17,-17,-3,35,-3,-31,51,11,7,-16,-1,40,-9,-39,70,28,26,-11,6,35,1,-42,58,-9,1,-28,-4,39,-2,-39,71,16,13,4,17,28,-7,-40,68,15,5,-7,-3,28,35,-41,66,16,10,-14,2,33,-20,-50,72,20,7
66.2200,-17,4,35,-10,-41,76,26,18,-13,7,36,-7,-29,58,11,6,-16,5,41,-6,-30,67,25,28,-13,11,34,0,-35,62,1,2,-30,-2,39,-11,-35,70,20,16,1,14,31,1,-39,67,13,8,-13,-5,33,32,-37,65,15,10,-8,4,37,-20,-51,68,19,8
66.2400,-17,1,33,-9,-46,76,26,16,-16,3,40,-6,-31,57,17,9,-15,1,34,-8,-36,67,23,24,-12,11,41,-4,-44,64,-6,6,-34,6,39,-3,-42,64,18,7,2,22,29,-3,-38,66,14,10,-8,5,30,34,-38,64,16,7,-7,2,30,-16,-45,68,16,8
66.2600,-17,4,33,-6,-43,80,28,17,-13,1,38,-6,-39,55,16,5,-17,4,38,-9,-41,67,30,23,-11,8,45,-6,-34,62,-4,4,-27,5,41,-12,-40,69,14,16,1,23,32,-3,-48,65,17,2,-12,3,30,30,-36,65,15,8,-7,4,30,-17,-45,71,23,6
66.2800,-13,6,36,-15,-44,83,30,10,-17,5,34,-8,-34,53,16,2,-20,5,38,-13,-38,72,30,22,-13,15,40,-6,-40,55,3,4,-31,8,36,-12,-39,64,22,14,-1,21,27,-3,-46,63,15,8,-14,6,30,34,-32,65,21,10,-10,2,33,-16,-47,69,21,6
66.3000,-19,4,36,-17,-43,81,24,12,-13,4,41,-5,-37,56,18,0,-23,8,39,-15,-34,74,30,24,-15,10,37,-7,-38,66,1,5,-33,7,38,-17,-43,67,25,13,-5,21,34,-2,-43,70,9,-2,-12,9,38,33,-41,66,22,5,-13,0,33,-14,-41,74,25,6
66.3200,-19,8,37,-11,-43,78,25,14,-15,8,36,-7,-41,58,17,1,-23,6,40,-14,-43,71,31,21,-14,12,40,-8,-47,61,-1,2,-34,8,39,-12,-44,67,26,15,0,20,40,1,-41,67,14,-3,-17,6,34,31,-39,61,18,9,-12,7,32,-13,-41,71,26,3
66.3400,-19,7,31,-11,-47,80,28,13,-17,8,36,-10,-38,56,17,-3,-23,5,38,-16,-45,74,30,17,-21,16,34,-14,-41,66,-3,3,-33,6,38,-10,-46,71,24,14,-5,20,37,-3,-39,64,17,-5,-19,12,34,26,-40,68,19,8,-18,4,24,-14,-45,74,26,3
66.3600,-17,6,27,-9,-49,75,30,12,-21,16,35,-17,-40,59,19,0,-25,6,41,-14,-45,75,33,21,-16,15,40,-9,-44,59,3,3,-30,13,40,-14,-43,71,24,7,-2,24,35,-1,-35,67,7,1,-18,12,32,30,-42,67,23,2,-16,10,28,-9,-49,75,28,5
66.3800,-16,6,33,-10,-46,78,32,10,-17,11,37,-17,-42,61,20,-1,-25,3,36,-15,-45,74,34,19,-13,14,36,-7,-43,57,0,-2,-31,11,35,-12,-49,74,20,5,-4,21,36,-6,-43,65,16,2,-13,7,34,27,-38,69,22,2,-14,9,28,-6,-46,74,29,-1
66.4000,-16,8,31,-9,-45,78,32,9,-21,10,36,-12,-38,62,17,-2,-27,6,36,-17,-44,79,32,16,-19,14,36,-11,-43,62,4,5,-26,10,38,-14,-43,73,24,8,1,27,37,-5,-38,69,15,1,-18,9,38,32,-39,68,18,6,-14,11,34,-8,-51,74,28,3
66.4200,-24,10,32,-12,-52,76,34,8,-15,13,38,-18,-43,58,23,-4,-27,12,34,-15,-45,76,34,20,-17,16,36,-12,-43,62,4,1,-29,13,37,-16,-45,71,23,6,-3,26,34,-6,-42,67,17,-4,-16,11,32,28,-43,73,20,6,-14,19,28,-7,-47,74,25,1
66.4400,-24,13,32,-11,-46,79,33,13,-26,12,37,-17,-43,60,21,-4,-25,14,32,-14,-45,74,32,16,-21,13,40,-8,-41,65,4,-6,-37,4,38,-17,-47,75,24,5,3,26,39,-8,-49,70,18,-4,-20,8,32,25,-39,67,22,5,-23,17,28,-7,-51,70,29,1
66.4600,-22,7,32,-10,-49,74,28,9,-21,12,39,-15,-43,62,23,-5,-29,11,29,-11,-49,69,35,16,-20,11,37,-15,-40,65,-3,-4,-33,10,34,-11,-48,71,24,5,-10,25,34,-10,-44,71,17,-4,-19,15,40,26,-44,69,27,9,-20,15,27,-1,-50,72,29,0
66.4800,-21,9,32,-8,-43,73,32,5,-20,16,36,-16,-38,60,19,-5,-29,15,34,-16,-46,75,37,9,-24,13,41,-12,-41,60,2,-3,-34,12,36,-17,-41,71,24,6,-4,28,40,-7,-46,68,18,-3,-26,10,37,20,-43,68,23,5,-19,21,26,0,-51,69,28,-7
66.5000,-18,14,34,-6,-41,76,32,11,-25,18,40,-13,-41,57,19,-3,-27,15,32,-12,-45,72,37,12,-16,18,33,-13,-40,61,1,0,-34,12,32,-17,-44,72,21,7,-3,28,34,-14,-39,72,12,2,-18,9,31,23,-43,65,20,6,-23,18,32,0,-48,67,34,1
66.5200,-19,9,34,-11,-40,75,25,6,-28,15,36,-19,-38,61,17,1,-27,11,31,-11,-44,73,39,14,-15,18,35,-13,-39,58,-3,-4,-33,11,33,-11,-45,70,26,14,0,28,39,-11,-43,68,17,-3,-18,9,31,23,-35,69,14,5,-27,17,29,0,-42,61,25,-4
66.5400,-27,16,35,-7,-43,76,27,11,-23,11,38,-18,-40,58,18,1,-31,12,33,-12,-43,71,35,15,-23,19,34,-15,-38,58,0,0,-36,7,39,-14,-50,71,25,12,-7,27,29,-16,-44,66,14,3,-12,6,37,23,-43,65,22,2,-28,19,31,3,-40,65,21,-2
66.5600,-26,17,30,-3,-45,77,26,12,-22,14,36,-7,-40,56,16,-6,-27,17,25,-9,-41,70,36,18,-20,16,37,-19,-35,58,-1,-1,-34,8,38,-10,-49,71,21,8,-2,28,44,-15,-44,68,19,-2,-16,9,34,27,-36,61,21,1,-22,17,32,-5,-34,64,26,6
66.5800,-26,13,35,-3,-42,72,29,10,-26,15,32,-18,-37,58,16,2,-30,14,30,-8,-36,62,31,9,-18,17,39,-15,-32,59,-5,6,-35,11,34,-12,-45,67,25,16,-5,27,38,-14,-41,64,12,-1,-19,12,34,23,-42,63,19,7,-26,11,33,-4,-43,64,19,5
66.6000,-23,11,35,-10,-47,76,28,11,-25,17,29,-7,-34,50,23,3,-31,15,28,-7,-43,68,40,12,-17,16,35,-15,-31,60,-3,1,-35,9,34,-7,-45,74,29,14,-4,27,36,-16,-40,67,12,3,-19,6,36,18,-49,67,22,3,-22,11,29,-11,-34,63,17,12
66.6200,-23,16,38,-8,-38,70,31,14,-24,14,31,-11,-34,54,15,2,-31,12,29,-9,-39,64,32,18,-19,14,36,-13,-34,61,-3,5,-35,11,35,-13,-38,70,23,17,-1,25,44,-21,-41,71,8,5,-18,8,33,16,-39,77,16,9,-27,9,42,-7,-35,65,21,12
66.6400,-23,11,28,-1,-41,72,25,13,-28,19,31,-13,-33,55,20,1,-29,16,28,-5,-37,61,33,14,-15,12,33,-14,-36,60,-2,5,-36,7,32,-12,-44,72,19,16,-2,20,38,-18,-36,65,8,9,-19,6,31,21,-41,67,17,7,-28,9,40,-8,-37,69,16,7
66.6600,-21,12,30,-7,-38,71,24,13,-24,15,28,-11,-34,54,16,4,-32,19,28,-4,-37,64,36,18,-19,18,35,-13,-34,60,-5,-4,-36,6,35,-11,-38,67,23,16,0,20,38,-19,-39,66,11,4,-17,4,30,18,-37,69,18,11,-25,8,38,-12,-35,66,15,10
66.6800,-20,8,35,-7,-42,69,24,16,-19,15,31,-10,-34,52,17,0,-27,12,34,-1,-33,61,39,14,-20,13,30,-15,-34,61,-6,4,-30,8,35,-8,-45,70,24,16,0,21,36,-17,-38,66,7,5,-15,3,31,25,-33,68,13,8,-23,5,39,-15,-30,66,18,12
66.7000,-23,13,38,-10,-40,72,30,16,-28,14,29,-2,-31,48,20,1,-32,7,27,-5,-33,61,32,17,-18,9,33,-16,-36,59,-5,7,-34,3,35,-6,-38,60,20,14,-3,18,29,-20,-39,66,7,5,-15,3,28,21,-36,65,17,11,-18,2,40,-19,-32,67,19,16
66.7200,-24,9,36,-9,-36,69,26,19,-25,12,31,-6,-29,53,19,-2,-30,8,32,-7,-28,62,27,14,-19,8,34,-10,-35,59,-7,7,-31,3,32,-8,-44,64,26,18,3,19,31,-17,-37,65,12,6,-12,2,24,26,-37,65,20,9,-12,4,44,-22,-34,62,10,11
66.7400,-21,8,34,-6,-31,70,21,14,-25,6,32,-10,-29,53,14,0,-27,9,31,-7,-31,57,24,20,-20,10,32,-11,-41,55,2,8,-34,8,34,-9,-40,65,19,12,-2,15,31,-17,-35,67,7,6,-13,5,34,25,-42,71,19,9,-19,-7,35,-25,-35,60,12,22
66.7600,-23,7,34,-10,-43,71,28,21,-23,10,29,-9,-34,47,12,1,-28,3,36,-11,-26,58,27,19,-13,9,31,-7,-34,56,0,7,-34,2,33,-12,-44,62,22,15,0,19,30,-18,-37,63,11,9,-13,-1,30,31,-35,66,19,13,-10,-7,39,-24,-32,64,16,17
66.7800,-20,11,35,-16,-42,75,26,16,-20,3,33,-7,-31,47,8,1,-27,10,36,-11,-33,56,26,24,-15,6,32,-8,-39,53,0,5,-34,1,29,-10,-41,62,25,10,2,17,26,-14,-39,66,4,6,-13,-2,22,33,-35,69,23,15,-14,-4,37,-27,-32,64,17,13
66.8000,-19,7,39,-17,-33,72,19,21,-22,10,29,-8,-28,45,13,2,-29,7,34,-8,-27,60,21,26,-12,9,31,-8,-37,57,-1,6,-31,5,30,-8,-38,64,15,15,1,15,27,-14,-40,70,10,5,-10,-1,25,35,-37,66,16,13,-2,-4,40,-25,-37,65,12,20
66.8200,-18,6,36,-17,-32,77,22,19,-20,8,26,-8,-35,47,10,1,-29,7,35,-4,-28,65,23,28,-20,1,33,-9,-41,62,2,10,-31,1,34,-6,-38,64,20,9,-2,17,34,-14,-42,68,12,4,-17,1,24,34,-41,67,14,12,-8,-6,36,-23,-32,59,11,19
66.8400,-14,7,35,-16,-38,69,21,15,-19,8,31,-6,-26,48,10,8,-24,5,30,-6,-27,60,21,25,-12,11,28,-12,-41,52,2,6,-28,8,31,-13,-35,57,19,14,4,16,29,-10,-34,67,7,9,-7,3,28,35,-45,66,20,11,-8,-4,31,-26,-31,60,14,12
66.8600,-14,3,35,-19,-41,74,24,19,-17,5,29,-10,-29,43,11,-1,-29,3,28,-4,-25,61,22,25,-9,7,30,-12,-39,59,1,2,-25,7,34,-11,-34,62,22,17,2,16,30,-4,-37,66,10,5,-7,0,26,35,-39,62,19,12,-7,-5,31,-29,-37,59,12,16
66.8800,-18,4,36,-15,-40,73,26,24,-18,6,27,-3,-15,44,5,2,-23,2,35,-8,-31,65,24,27,-12,9,29,-7,-37,55,-4,-1,-25,5,26,-8,-38,62,20,16,0,17,26,-5,-39,71,8,5,-7,1,24,34,-44,66,20,6,-6,-12,34,-24,-34,65,14,12
66.9000,-16,7,37,-19,-34,72,20,20,-22,12,32,-6,-25,45,12,1,-19,7,31,-5,-30,65,16,30,-9,9,29,-2,-40,57,-4,5,-26,7,28,-7,-34,59,15,15,4,20,32,0,-46,74,11,6,-13,-1,24,43,-41,62,15,8,-9,0,26,-22,-34,63,16,16
66.9200,-16,1,35,-15,-39,73,23,11,-18,9,35,-4,-27,48,6,5,-27,6,32,-4,-33,72,21,29,-12,7,29,-4,-34,54,-1,6,-30,10,28,-6,-40,65,13,13,4,20,32,5,-42,70,8,6,-12,-1,28,42,-42,59,22,12,-8,0,30,-17,-35,65,9,12
66.9400,-12,3,33,-12,-40,72,25,14,-18,10,33,-5,-26,46,9,7,-26,7,37,-4,-32,70,20,28,-16,9,28,-2,-31,52,-4,9,-29,10,30,-8,-33,63,17,19,5,17,31,-2,-41,71,11,1,-10,5,27,38,-49,64,23,8,-11,-3,35,-13,-32,68,18,9
66.9600,-11,2,31,-14,-44,73,26,14,-18,16,35,-1,-21,44,8,6,-23,0,37,0,-32,68,18,28,-13,11,30,-3,-36,57,-6,6,-31,12,35,-3,-32,68,13,16,6,20,28,6,-39,69,14,2,-11,0,32,37,-40,65,15,1,-5,-6,29,-12,-38,70,19,13
66.9800,-22,4,34,-7,-41,75,22,17,-22,10,29,-2,-23,50,11,6,-22,5,36,-1,-38,73,27,26,-22,16,34,0,-33,55,-11,5,-29,11,32,-4,-33,67,14,18,4,18,34,1,-44,71,16,-6,-11,0,30,39,-44,67,21,8,-7,-1,32,-14,-44,77,19,6
67.0000,-12,2,32,-12,-39,75,29,17,-16,7,28,7,-19,52,6,9,-19,1,36,-1,-34,71,23,27,-15,14,34,-2,-37,59,-5,7,-32,8,32,-6,-35,71,17,13,6,21,27,1,-50,73,19,1,-15,10,31,33,-40,67,20,5,-9,4,37,-19,-37,77,16,9
67.0200,-18,1,33,-11,-41,78,29,17,-15,11,31,-2,-25,56,10,10,-23,6,32,-9,-34,74,26,28,-19,11,31,-2,-33,52,-6,6,-31,1,34,-3,-34,68,12,18,8,19,32,-2,-45,69,18,0,-12,9,32,29,-40,68,16,11,-7,7,36,-18,-38,76,27,11
67.0400,-16,2,32,-10,-46,76,25,14,-19,8,30,-4,-25,54,9,12,-17,0,37,-1,-38,76,17,33,-17,10,33,-3,-37,57,-6,6,-31,5,39,-3,-42,69,15,22,-2,19,41,-5,-44,71,14,0,-18,9,34,32,-42,65,19,2,-13,2,37,-23,-45,78,23,6
67.0600,-19,4,29,-14,-42,76,26,14,-21,7,39,2,-27,59,12,9,-26,2,40,-8,-43,76,31,27,-22,15,38,-6,-34,57,-3,5,-34,4,33,-11,-31,74,20,18,1,24,41,-5,-49,68,12,-2,-22,7,38,26,-43,65,20,12,-21,9,45,-23,-52,82,23,9
67.0800,-18,5,29,-11,-37,80,25,17,-17,10,36,-10,-30,63,10,9,-21,6,42,-12,-45,74,35,27,-20,17,39,-6,-34,57,-3,6,-29,-1,34,-3,-42,75,22,18,-4,23,34,-14,-47,68,19,-7,-17,5,36,23,-39,69,24,7,-19,9,41,-24,-38,77,24,10
67.1000,-16,6,35,-14,-47,78,29,12,-17,1,41,-2,-29,66,16,12,-25,7,41,-12,-47,77,29,23,-18,18,38,-9,-37,63,1,10,-32,6,43,-14,-46,79,17,15,3,28,31,-13,-43,70,16,-2,-22,6,40,22,-38,67,19,8,-18,2,36,-30,-50,80,32,6
67.1200,-23,7,31,-8,-46,83,28,14,-14,9,41,-11,-37,59,19,4,-18,0,47,-15,-51,73,36,21,-23,10,36,-13,-33,57,-3,3,-31,2,42,-14,-39,80,21,18,1,28,39,-10,-48,64,19,-4,-22,5,42,19,-36,65,21,4,-21,12,41,-38,-54,80,35,2
67.1400,-16,7,35,-13,-49,84,32,11,-16,6,44,-16,-35,68,16,8,-26,4,44,-21,-53,78,38,24,-24,14,39,-20,-40,64,-1,7,-28,5,40,-19,-44,78,20,16,-5,23,45,-16,-45,71,17,-3,-17,13,35,13,-40,69,19,10,-18,14,41,-37,-49,84,30,-2
67.1600,-22,8,34,-16,-46,83,30,15,-15,5,41,-18,-35,66,22,8,-19,4,49,-26,-48,80,43,17,-23,17,40,-17,-36,62,0,11,-27,9,43,-20,-46,78,24,15,-3,26,37,-17,-42,71,13,-6,-21,8,44,15,-39,66,19,6,-16,16,37,-35,-48,80,27,4
67.1800,-23,12,33,-18,-47,81,32,9,-16,7,48,-23,-39,70,21,1,-22,0,41,-24,-49,73,40,20,-26,9,43,-23,-36,65,3,4,-32,7,46,-29,-45,78,23,15,-1,15,38,-20,-42,66,10,-1,-17,7,40,18,-42,72,19,9,-25,14,36,-40,-49,74,30,-1
67.2000,-23,5,37,-19,-49,82,31,10,-18,11,45,-29,-35,64,20,5,-23,8,40,-27,-46,74,40,15,-22,18,42,-20,-40,63,2,2,-34,6,39,-25,-46,74,29,10,-2,25,35,-21,-41,63,14,-7,-20,4,36,19,-40,71,22,11,-24,12,37,-41,-47,77,29,-4
67.2200,-22,11,36,-17,-49,81,41,8,-23,7,40,-30,-43,63,25,5,-22,7,43,-29,-46,73,41,14,-22,14,40,-22,-36,67,-2,5,-27,7,43,-25,-48,76,26,8,-5,26,37,-20,-47,65,14,-6,-21,11,40,21,-38,66,24,8,-26,14,33,-38,-52,72,33,-3
67.2400,-24,12,34,-21,-46,75,34,6,-18,7,43,-29,-36,61,26,3,-25,7,43,-32,-42,71,41,8,-25,13,42,-24,-42,63,0,0,-27,11,41,-23,-47,75,24,12,-3,27,37,-16,-37,66,18,-1,-18,5,39,20,-40,69,21,6,-28,18,31,-36,-54,69,29,-3
67.2600,-22,15,32,-19,-44,81,33,7,-19,14,39,-31,-38,59,25,1,-29,17,35,-29,-41,72,42,9,-24,13,41,-21,-36,60,-1,-1,-28,11,33,-25,-50,75,23,7,-8,30,39,-15,-46,71,14,0,-19,7,36,26,-33,68,24,4,-23,11,25,-27,-41,74,24,-2
67.2800,-21,12,42,-19,-50,82,37,10,-18,16,40,-31,-42,53,28,4,-24,16,31,-26,-45,67,44,9,-20,16,40,-25,-40,62,5,-1,-34,5,38,-26,-49,72,29,7,0,28,34,-19,-37,66,10,-4,-15,14,34,30,-36,68,21,3,-27,16,26,-19,-42,61,27,4
67.3000,-24,13,40,-20,-46,76,31,6,-24,16,38,-35,-43,60,33,-3,-29,11,29,-20,-43,69,40,8,-20,15,42,-31,-36,62,6,4,-32,12,34,-22,-52,68,26,10,-3,29,34,-14,-39,71,20,-2,-17,9,31,30,-37,65,23,6,-27,20,14,-12,-37,58,25,0
67.3200,-28,11,35,-22,-47,80,35,2,-22,13,33,-27,-43,55,27,-6,-26,18,23,-25,-42,68,42,9,-25,15,37,-13,-36,62,1,-6,-38,11,30,-21,-47,69,29,15,-5,21,35,-15,-41,70,10,-2,-13,2,32,32,-37,67,18,9,-23,15,17,-5,-39,63,19,0
67.3400,-23,13,38,-23,-43,75,28,9,-25,15,30,-23,-40,55,29,-7,-27,21,24,-18,-38,58,30,10,-25,14,34,-16,-40,68,3,0,-37,15,31,-19,-49,69,28,13,-1,28,38,-10,-44,73,14,-1,-18,6,35,31,-38,69,20,2,-24,13,14,7,-36,65,20,5
67.3600,-23,13,29,-12,-39,78,27,6,-24,16,27,-20,-35,51,26,-7,-35,23,26,-10,-37,65,36,7,-21,19,32,-11,-43,69,2,0,-34,11,27,-11,-47,66,27,11,-2,21,38,-10,-40,70,13,1,-21,9,31,31,-38,78,21,9,-23,14,14,15,-32,68,22,1
67.3800,-17,11,30,-12,-42,72,30,7,-28,16,22,-16,-34,53,25,-3,-28,17,24,-7,-34,61,34,8,-20,16,29,-11,-42,60,-1,4,-34,11,22,-7,-45,69,30,12,-1,20,32,-9,-38,75,5,-1,-22,4,26,38,-41,70,18,7,-24,11,12,20,-35,69,17,12
67.4000,-24,9,28,-6,-37,67,23,6,-26,20,22,-12,-35,45,20,-7,-31,16,17,-4,-38,60,34,9,-23,15,29,-8,-41,64,2,7,-36,9,22,-3,-41,69,22,10,-2,18,33,-8,-37,72,11,4,-18,6,29,39,-38,74,13,7,-18,11,17,20,-34,69,17,3
67.4200,-19,13,29,-7,-37,69,24,8,-24,24,19,-8,-35,50,17,-6,-36,21,23,2,-40,62,32,17,-19,13,26,-5,-43,63,-4,2,-34,5,26,-3,-41,70,21,14,0,25,29,-6,-36,79,15,2,-22,11,25,38,-39,76,16,11,-24,11,17,23,-35,70,15,9
67.4400,-28,13,30,0,-34,67,17,11,-23,21,17,-2,-29,47,13,-3,-34,16,21,12,-27,56,25,15,-22,8,21,-8,-39,63,1,2,-37,6,24,3,-41,64,27,15,-7,25,30,-6,-38,79,12,3,-16,7,29,40,-43,75,17,6,-22,5,20,24,-35,72,21,10
67.4600,-23,7,27,-1,-39,72,27,7,-22,17,19,3,-23,46,18,2,-37,14,21,13,-31,62,30,21,-22,12,21,4,-42,59,1,7,-40,6,24,-1,-40,68,22,15,0,23,28,-3,-44,79,14,5,-16,6,26,36,-38,78,17,10,-15,10,25,21,-38,75,19,12
67.4800,-20,6,26,3,-34,65,23,13,-22,19,20,9,-20,47,14,-1,-35,20,24,9,-26,69,23,19,-25,13,26,-3,-49,65,0,9,-36,8,25,3,-42,63,23,14,2,23,28,-9,-39,83,11,4,-15,1,26,34,-45,73,18,12,-19,3,27,21,-40,80,20,7
67.5000,-24,7,28,2,-36,73,25,13,-27,12,24,12,-21,48,7,4,-31,11,30,10,-28,60,27,21,-20,11,24,2,-42,65,0,7,-37,4,27,2,-37,68,27,9,1,24,32,-9,-41,84,13,0,-14,-3,29,39,-50,77,21,15,-17,6,38,10,-39,75,20,17
67.5200,-20,2,28,1,-35,76,20,18,-27,15,24,9,-25,56,12,-1,-34,10,30,8,-31,64,22,25,-21,8,19,3,-42,61,2,5,-29,5,32,-3,-42,72,28,16,1,22,37,-9,-43,83,16,1,-15,-3,28,35,-39,74,20,7,-18,1,40,6,-44,79,20,10
67.5400,-23,6,25,2,-42,75,24,14,-24,15,25,12,-26,53,11,0,-28,13,38,6,-33,66,22,23,-17,12,28,-3,-42,65,0,7,-36,7,33,-1,-35,67,27,9,-4,18,36,-8,-45,81,17,0,-16,-2,23,35,-47,69,24,6,-13,4,36,-6,-46,84,24,14
67.5600,-17,2,27,7,-31,81,32,19,-25,15,32,6,-28,55,17,2,-33,8,45,-4,-33,69,20,25,-14,6,22,-5,-41,60,3,6,-29,6,35,-3,-41,66,27,12,-2,21,34,-15,-39,75,12,-5,-16,-1,27,29,-44,70,24,6,-15,6,39,-14,-48,77,25,11
67.5800,-15,-1,29,0,-38,79,23,14,-22,18,37,6,-28,57,15,7,-26,9,40,-9,-34,66,18,32,-15,8,28,-4,-39,60,4,8,-31,6,39,-3,-38,66,28,13,2,20,30,-15,-45,74,20,2,-15,2,25,29,-42,65,19,12,-14,5,47,-13,-47,76,34,11
67.6000,-18,-6,28,3,-43,81,25,19,-24,16,41,2,-28,57,17,1,-28,9,45,-11,-34,73,24,33,-13,13,37,-7,-42,63,2,3,-28,6,40,-15,-40,66,27,14,3,21,27,-18,-39,73,15,3,-13,2,34,30,-40,59,26,11,-13,3,47,-23,-40,67,26,5
67.6200,-16,2,37,-6,-44,87,37,18,-13,13,43,-4,-20,51,12,5,-25,1,43,-13,-41,68,29,29,-12,8,39,-12,-41,53,5,3,-29,5,39,-15,-38,60,20,12,2,19,31,-15,-41,67,15,-6,-10,1,35,33,-41,61,23,10,-5,6,43,-33,-42,64,26,7
67.6400,-17,6,33,-9,-44,83,32,12,-15,12,42,-7,-28,56,10,9,-28,1,47,-22,-37,67,32,33,-10,9,37,-10,-35,47,8,1,-27,5,39,-19,-30,57,20,15,4,19,32,-15,-39,62,14,-1,-8,2,39,33,-40,56,24,12,-9,10,47,-33,-42,63,26,6
67.6600,-12,-3,34,-9,-49,81,33,11,-19,9,46,-19,-36,51,18,5,-20,5,43,-25,-47,66,29,29,-9,16,40,-15,-33,45,2,10,-25,6,43,-17,-35,62,23,9,3,19,37,-13,-35,63,16,-2,-10,8,33,29,-26,51,21,15,-11,7,45,-39,-37,60,29,3
67.6800,-15,2,34,-17,-48,79,32,12,-13,12,49,-24,-31,51,16,4,-17,6,41,-25,-38,64,30,22,-10,13,40,-17,-26,43,3,2,-29,5,38,-26,-25,53,20,13,5,24,36,-10,-40,61,12,4,-4,1,39,30,-33,51,18,16,-9,11,44,-37,-36,54,21,7
67.7000,-11,4,36,-24,-56,76,35,12,-8,7,47,-27,-25,42,10,7,-17,4,33,-23,-37,68,29,24,-12,14,35,-21,-28,48,0,2,-28,7,33,-22,-28,55,19,13,3,22,36,-11,-35,54,6,2,-9,0,39,28,-31,53,13,11,-12,11,42,-37,-26,54,22,5
67.7200,-14,2,33,-20,-47,77,32,12,-16,6,38,-25,-22,46,10,7,-17,5,32,-23,-42,67,27,21,-6,11,45,-22,-22,40,-5,1,-29,6,35,-27,-23,58,17,14,0,19,39,-13,-29,53,8,1,-1,6,39,26,-27,50,15,14,-12,10,39,-38,-32,51,17,9
67.7400,-15,9,42,-24,-47,71,28,8,-19,11,30,-28,-29,46,9,12,-18,3,29,-24,-36,57,32,26,-15,12,39,-20,-24,43,-3,4,-34,7,34,-23,-28,55,15,17,1,22,37,-18,-27,53,12,5,-8,3,39,27,-28,53,8,12,-19,14,34,-39,-26,50,17,8
67.7600,-20,7,41,-24,-46,68,36,14,-23,10,36,-35,-25,39,11,13,-18,5,25,-20,-30,60,30,23,-17,11,40,-18,-21,41,-11,5,-35,11,34,-24,-30,56,16,16,7,19,41,-10,-28,54,3,8,-12,2,35,28,-27,49,12,16,-16,9,37,-36,-27,49,13,10
67.7800,-14,6,37,-17,-46,63,32,5,-18,9,28,-27,-26,45,9,11,-18,5,23,-15,-33,60,26,21,-10,14,39,-18,-18,45,-13,9,-32,3,27,-20,-25,63,12,26,3,19,40,-12,-27,58,10,11,-14,-2,35,27,-26,56,16,19,-16,12,35,-39,-19,53,12,11
67.8000,-18,5,32,-25,-36,59,29,13,-21,9,25,-23,-20,42,12,11,-21,5,16,-14,-30,65,21,22,-19,10,33,-20,-16,47,-14,11,-34,0,27,-16,-26,58,14,25,-1,17,43,-10,-32,59,7,6,-10,4,32,25,-32,64,14,19,-15,10,34,-35,-16,55,7,10
67.8200,-21,14,37,-20,-43,58,30,8,-16,6,23,-22,-26,44,9,14,-18,7,22,-8,-28,67,27,25,-15,12,26,-18,-16,43,-21,14,-29,2,20,-7,-25,67,5,25,8,12,33,-13,-21,59,3,17,-14,0,31,23,-24,62,5,11,-18,4,33,-30,-22,56,7,15
67.8400,-24,12,38,-23,-32,63,26,6,-19,6,26,-22,-23,46,4,14,-11,1,19,-5,-20,64,20,25,-15,10,24,-18,-17,49,-19,16,-40,-2,21,-11,-27,65,11,26,4,18,45,-16,-25,65,5,12,-14,-4,29,28,-28,65,10,16,-20,1,31,-30,-20,66,6,21
67.8600,-21,7,36,-28,-31,60,22,11,-20,2,18,-10,-19,51,7,15,-20,5,28,-2,-34,74,23,22,-20,8,23,-13,-20,55,-20,15,-29,0,23,-5,-34,74,11,30,10,13,38,-15,-27,65,6,10,-14,-1,29,35,-31,67,11,21,-21,4,34,-26,-28,70,5,23
67.8800,-23,9,36,-17,-31,67,25,14,-20,-2,24,-6,-23,52,2,19,-18,0,27,4,-35,73,23,31,-11,10,22,-10,-25,59,-13,16,-38,-1,20,1,-33,72,16,29,3,17,31,-10,-29,71,10,15,-5,-1,25,34,-35,74,14,16,-18,-5,30,-27,-32,67,8,26
67.9000,-23,11,30,-20,-30,69,20,20,-18,1,19,-3,-18,57,0,19,-16,2,27,6,-37,74,25,26,-10,5,24,-9,-25,64,-16,17,-33,-3,29,1,-41,80,13,31,7,11,27,-13,-35,74,13,9,-9,-2,22,40,-37,77,12,17,-14,-5,35,-28,-30,72,8,24
67.9200,-20,4,33,-18,-31,78,19,19,-20,1,24,-2,-22,58,4,13,-22,3,34,9,-34,78,26,23,-17,1,21,-6,-35,73,-8,18,-34,3,32,5,-45,79,18,22,8,12,35,-13,-39,80,17,10,-7,-1,24,40,-35,78,22,12,-11,-7,34,-26,-41,80,13,24
67.9400,-28,0,30,-14,-30,74,23,22,-18,-2,23,4,-25,64,5,15,-17,2,37,5,-40,78,28,29,-12,3,21,-3,-41,70,0,20,-33,0,30,7,-45,85,18,26,4,14,33,-9,-38,83,13,9,-4,-1,23,40,-37,80,22,13,-13,-9,29,-25,-46,85,20,20
67.9600,-24,6,27,-17,-37,75,20,21,-14,1,24,1,-32,67,15,9,-22,3,39,3,-43,83,30,20,-17,1,18,5,-41,72,-4,18,-29,-8,28,2,-44,86,27,22,6,7,26,-14,-40,86,17,6,-4,-10,26,45,-42,79,19,12,-10,-9,31,-22,-38,85,19,24
67.9800,-19,-1,32,-11,-39,85,26,21,-14,-4,28,4,-30,71,13,11,-24,2,42,-4,-50,81,35,25,-18,2,23,6,-37,75,0,14,-24,-8,35,1,-47,90,29,20,2,15,17,-8,-42,84,17,2,-6,-5,19,46,-34,84,18,14,-4,-7,29,-18,-42,87,26,18
68.0000,-20,2,27,-14,-40,82,33,21,-11,0,34,1,-36,71,15,14,-21,2,48,-3,-51,80,34,22,-13,5,26,10,-46,74,3,14,-31,-4,37,4,-52,84,32,15,6,19,27,-1,-47,79,21,3,-7,4,28,51,-47,84,26,14,1,-6,30,-18,-46,81,31,14
68.0200,-16,-10,27,-13,-45,88,20,17,-10,1,40,4,-32,78,21,7,-27,6,44,-12,-45,79,39,18,-14,6,31,6,-51,76,6,10,-29,-2,34,-1,-51,80,32,11,6,12,29,-2,-45,86,19,2,-10,2,30,46,-51,88,31,1,-4,-2,32,-14,-48,79,35,12
68.0400,-19,-2,30,-6,-50,88,34,19,-12,1,43,-1,-42,73,25,4,-22,9,46,-12,-44,77,37,17,-12,6,29,9,-50,71,13,2,-36,2,38,-7,-48,83,36,8,10,19,25,1,-46,86,20,-2,-16,1,29,44,-54,81,30,7,-1,-3,29,-5,-52,81,32,9
68.0600,-14,-9,27,-5,-45,89,27,18,-9,9,37,-6,-33,73,24,-1,-28,12,47,-18,-52,78,44,14,-11,5,34,1,-55,71,14,3,-33,2,42,-7,-45,78,34,7,8,21,26,0,-45,79,18,-2,-12,9,32,49,-45,81,25,2,-5,-4,25,-2,-46,86,33,5
68.0800,-15,0,25,-6,-48,87,31,18,-14,14,39,-7,-40,72,26,4,-23,8,43,-18,-44,70,47,14,-15,2,36,4,-49,72,17,1,-30,6,40,-8,-48,82,32,-1,6,19,25,-1,-43,82,18,-6,-15,3,34,46,-50,74,29,-2,-7,3,24,0,-46,72,33,3
68.1000,-11,-3,24,-8,-47,85,36,14,-11,16,38,-10,-42,70,26,-3,-23,15,40,-22,-51,74,50,14,-17,6,40,-4,-48,70,18,1,-31,6,41,-18,-48,75,33,7,0,20,23,-3,-41,82,25,-7,-17,8,36,41,-51,75,31,7,-5,9,23,-2,-46,76,32,-2
68.1200,-16,2,27,-11,-52,86,38,9,-15,15,43,-10,-35,66,32,0,-25,13,36,-19,-48,68,44,11,-13,6,34,-2,-47,72,14,-3,-40,12,41,-17,-50,79,34,4,-2,31,29,3,-43,82,23,-8,-23,9,31,40,-46,73,28,0,-9,10,27,-1,-46,73,36,-2
68.1400,-9,3,31,-6,-48,81,42,7,-17,24,46,-19,-46,60,36,-8,-29,14,29,-16,-55,72,43,6,-17,12,43,-8,-46,65,16,-3,-41,18,39,-21,-55,73,43,0,2,33,30,4,-43,82,22,-5,-19,7,35,38,-48,73,33,4,-17,7,25,2,-50,76,36,-7
68.1600,-14,7,36,-3,-49,83,39,7,-14,23,40,-18,-47,62,31,-7,-32,21,31,-19,-43,70,42,7,-17,14,41,-13,-53,62,13,-6,-39,16,42,-20,-48,75,34,4,-4,31,33,-2,-48,78,16,-7,-21,9,35,35,-48,72,27,4,-15,15,23,-1,-42,73,33,0
68.1800,-21,6,31,-3,-49,82,44,4,-14,25,37,-17,-37,60,30,-12,-32,22,36,-17,-50,71,45,7,-23,24,43,-12,-45,60,15,-8,-44,21,32,-17,-39,69,35,8,-9,35,40,-3,-48,76,20,-8,-23,17,37,34,-45,74,31,5,-16,16,27,2,-41,69,33,-2
68.2000,-17,8,33,-9,-57,78,40,8,-18,26,38,-18,-41,58,28,-10,-29,16,31,-19,-39,63,44,13,-18,17,38,-16,-44,63,15,-3,-42,12,38,-17,-43,74,31,6,-10,34,38,-2,-48,77,22,-10,-26,10,36,30,-44,74,31,7,-21,20,30,-5,-40,73,30,-4
68.2200,-23,11,34,-9,-51,72,44,0,-30,28,33,-23,-44,58,31,-9,-29,22,27,-14,-34,68,38,3,-21,20,41,-22,-43,64,15,-4,-40,15,36,-22,-44,71,37,3,-8,32,39,-7,-48,76,20,-7,-29,11,40,28,-44,72,29,8,-21,20,29,-4,-40,69,29,2
68.2400,-24,10,32,-8,-52,72,41,7,-32,29,40,-23,-37,55,31,-6,-30,19,29,-20,-43,63,36,8,-23,19,40,-22,-45,63,12,-3,-43,22,36,-24,-49,74,34,8,-10,35,42,-14,-43,72,22,-3,-21,12,37,24,-48,72,30,3,-24,19,36,-8,-47,72,24,-3
68.2600,-21,16,31,-9,-47,75,38,6,-32,25,38,-23,-33,50,27,-9,-34,21,26,-18,-36,70,32,15,-22,21,36,-19,-42,64,7,-4,-44,23,36,-12,-46,75,36,6,-9,31,35,-11,-42,76,17,-2,-26,8,35,27,-38,69,27,4,-31,19,33,-11,-44,68,30,-2
68.2800,-19,13,37,-13,-43,73,34,2,-28,28,32,-24,-36,56,25,-3,-34,18,24,-14,-42,65,37,14,-20,18,37,-21,-43,61,7,-1,-44,13,31,-13,-36,62,33,13,-10,33,37,-18,-38,70,17,-8,-21,3,32,18,-37,73,26,4,-30,18,35,-8,-40,71,29,-3
68.3000,-24,14,30,-7,-40,69,35,3,-27,24,32,-24,-28,51,25,-5,-38,19,29,-16,-31,64,31,15,-26,19,35,-21,-35,59,8,-1,-43,15,28,-15,-32,69,30,14,-10,29,43,-19,-42,74,15,1,-27,10,33,24,-39,66,26,5,-26,19,32,-12,-40,70,26,4
68.3200,-26,11,29,-16,-41,74,36,4,-28,25,32,-23,-28,53,28,-3,-34,18,26,-15,-37,69,32,14,-26,21,32,-23,-34,58,4,-1,-43,14,33,-14,-41,62,27,10,-7,27,41,-20,-37,71,15,-1,-18,7,32,21,-38,68,24,5,-26,17,35,-12,-38,73,20,7
68.3400,-29,11,35,-16,-37,74,32,9,-30,23,33,-20,-28,53,18,-5,-33,17,25,-14,-35,72,28,15,-24,20,35,-21,-40,58,3,1,-44,12,35,-20,-41,66,25,9,-10,25,35,-25,-35,71,16,1,-22,3,35,16,-42,71,25,8,-30,15,38,-14,-37,68,22,7
68.3600,-24,9,33,-11,-41,66,31,7,-33,19,32,-16,-23,56,25,-2,-35,16,30,-12,-34,69,33,14,-28,17,37,-21,-32,56,3,4,-45,6,27,-14,-39,69,30,6,-4,23,36,-19,-35,65,16,1,-14,5,35,25,-34,66,16,4,-21,15,42,-13,-39,65,22,5
68.3800,-28,11,32,-19,-40,69,32,14,-28,22,26,-13,-21,54,24,-1,-35,13,27,-8,-30,67,29,15,-24,17,31,-20,-37,56,7,5,-47,11,29,-18,-33,63,21,12,-4,17,28,-22,-33,73,13,0,-13,7,36,30,-39,69,27,4,-20,14,36,-15,-36,66,20,6
68.4000,-29,5,30,-12,-42,67,30,9,-30,21,34,-16,-26,54,19,-2,-33,10,27,-4,-34,65,27,21,-24,11,31,-16,-30,52,3,2,-41,8,31,-11,-34,67,23,14,-6,19,34,-22,-34,70,11,2,-8,3,33,30,-33,63,18,1,-21,13,36,-17,-31,63,20,10
68.4200,-29,11,34,-16,-39,68,30,11,-32,13,26,-16,-21,45,11,-2,-29,15,25,-7,-32,67,20,21,-22,13,27,-18,-30,57,3,-2,-43,11,28,-10,-35,62,24,12,-2,16,33,-23,-36,68,11,-1,-13,2,32,29,-38,65,22,10,-22,7,37,-22,-29,59,18,7
68.4400,-24,4,33,-10,-40,72,26,11,-27,19,28,-13,-18,51,15,4,-31,11,22,-7,-32,64,28,16,-19,14,28,-18,-33,48,-3,6,-41,7,25,-12,-28,60,25,9,-8,25,39,-22,-34,75,12,-2,-13,5,32,31,-32,67,14,11,-21,2,37,-26,-31,61,17,12
68.4600,-27,3,32,-19,-41,69,27,11,-24,16,25,-12,-19,53,15,4,-29,13,30,-4,-33,64,24,25,-20,15,24,-15,-33,56,4,6,-41,4,24,-7,-30,65,21,12,1,18,34,-23,-37,66,12,-1,-12,3,28,31,-34,68,16,12,-20,-6,34,-24,-30,61,18,17
68.4800,-25,0,32,-17,-41,69,30,11,-23,16,25,-9,-20,50,7,11,-28,9,23,-3,-30,67,21,22,-24,10,28,-11,-26,52,3,6,-39,8,30,-12,-31,63,20,15,6,15,28,-21,-34,75,11,0,-4,6,31,33,-38,68,18,10,-16,-2,39,-29,-32,63,19,10
68.5000,-24,5,36,-14,-39,73,25,12,-21,8,25,-13,-21,57,8,4,-31,6,28,-3,-33,65,26,26,-20,13,28,-12,-33,53,-4,6,-34,3,23,-12,-26,61,19,16,7,21,32,-17,-37,75,14,1,-11,3,29,37,-29,62,20,15,-15,1,35,-26,-27,65,14,8
68.5200,-18,3,34,-15,-27,68,27,14,-25,13,22,-4,-20,53,10,11,-23,6,30,-4,-33,66,18,25,-18,9,28,-5,-29,55,-5,13,-36,10,33,-7,-33,61,16,16,7,16,29,-14,-33,72,8,0,-12,-6,25,36,-34,71,16,8,-9,-1,38,-25,-33,67,12,19
68.5400,-18,4,31,-21,-33,75,26,16,-21,14,29,-5,-19,54,6,11,-23,-1,32,-2,-29,64,23,23,-21,17,24,-7,-29,50,1,12,-35,5,26,-5,-27,68,16,18,5,18,31,-17,-33,72,9,3,-8,2,26,39,-31,70,16,16,-10,-7,34,-31,-25,62,16,18
68.5600,-20,2,33,-12,-34,72,22,17,-14,7,30,-10,-21,59,10,11,-18,4,37,-3,-27,63,25,33,-11,9,30,-7,-29,53,-3,9,-37,3,31,-11,-37,64,17,18,5,21,32,-12,-36,69,11,3,-12,3,25,39,-35,69,13,11,-11,-4,33,-27,-27,69,14,19
68.5800,-17,0,35,-15,-40,73,30,19,-22,8,31,0,-19,56,10,15,-24,6,31,-1,-32,61,24,29,-15,3,29,-7,-36,57,1,11,-41,9,30,-4,-29,69,15,18,5,15,29,-11,-37,76,7,1,-10,-2,22,44,-39,70,21,16,-4,-4,32,-30,-35,72,21,21
68.6000,-18,0,37,-15,-35,73,25,16,-24,4,32,-3,-20,52,7,11,-21,3,37,-5,-33,58,22,35,-18,9,31,-3,-31,54,-3,8,-37,4,28,-2,-27,65,16,24,6,22,29,-6,-34,82,12,5,-9,0,25,42,-37,71,20,15,-6,-10,36,-29,-40,76,20,14
68.6200,-22,1,29,-13,-34,75,28,19,-15,0,32,3,-22,56,11,16,-22,1,38,-3,-29,63,25,36,-17,7,26,-8,-33,58,-1,10,-31,3,27,-3,-31,69,19,22,5,16,27,-8,-33,71,11,4,-12,1,23,44,-36,71,18,12,-9,-9,34,-25,-39,79,18,17
68.6400,-15,-7,35,-16,-40,81,28,20,-11,7,29,3,-27,60,8,13,-20,-2,38,-7,-34,65,27,32,-16,9,28,5,-31,53,0,9,-34,6,31,-5,-34,64,18,23,3,18,26,-2,-30,73,11,7,-10,5,26,49,-36,69,22,15,-9,-4,31,-29,-38,77,21,16
68.6600,-19,-3,34,-13,-42,79,33,24,-17,2,31,-1,-28,61,4,17,-21,1,40,-8,-30,61,20,32,-11,4,31,4,-35,50,1,9,-36,1,36,-5,-34,71,20,23,3,17,26,-6,-35,72,16,6,-13,1,28,47,-34,67,23,6,-8,-3,35,-28,-40,79,22,14
68.6800,-14,-4,31,-17,-42,77,31,12,-13,3,34,-3,-23,64,5,19,-25,-4,43,-14,-34,67,22,35,-14,4,28,2,-40,54,5,8,-31,2,35,-6,-34,67,25,18,5,23,30,-1,-32,76,18,4,-15,1,32,43,-34,66,24,10,-2,-2,35,-27,-37,78,20,13
68.7000,-15,-8,31,-10,-39,82,34,20,-12,4,32,-3,-25,60,11,13,-16,1,45,-15,-32,64,22,34,-17,6,32,-5,-37,57,10,12,-32,-3,38,-3,-34,70,20,20,0,25,37,-2,-38,79,17,-2,-12,3,30,41,-37,60,22,10,-10,-2,29,-22,-39,74,23,5
68.7200,-15,-3,32,-14,-48,85,33,21,-14,5,36,-10,-30,56,10,18,-19,-4,42,-18,-36,65,28,29,-13,9,31,-2,-39,58,4,5,-38,5,38,-5,-40,74,15,21,-2,21,33,-1,-34,76,14,3,-10,6,32,47,-37,71,24,8,-14,-3,27,-24,-43,74,23,8
68.7400,-11,-1,30,-10,-52,80,32,16,-12,11,40,-10,-31,58,14,12,-20,4,37,-11,-36,68,25,27,-18,8,28,0,-33,57,1,8,-33,-2,38,-8,-39,73,22,16,-2,27,30,-4,-35,72,20,-1,-10,3,27,42,-35,68,27,1,-12,5,29,-20,-33,74,27,7
68.7600,-16,-5,31,-16,-51,82,36,12,-14,12,37,-13,-30,60,17,11,-18,-6,36,-23,-42,71,32,24,-16,14,29,-3,-33,58,2,4,-34,2,35,-7,-41,76,20,21,6,23,32,-3,-32,67,23,-1,-14,3,36,36,-35,68,23,6,-11,3,28,-15,-35,80,27,7
68.7800,-15,0,30,-12,-49,82,38,11,-16,5,37,-13,-31,62,15,5,-14,-2,32,-16,-41,74,30,29,-16,14,33,-5,-36,60,5,6,-34,6,34,-9,-44,78,22,19,2,26,33,0,-35,71,18,5,-16,3,34,36,-35,68,17,6,-12,12,27,-14,-44,75,28,9
68.8000,-11,2,31,-13,-45,79,37,14,-17,6,41,-16,-30,60,15,13,-22,-4,35,-14,-38,72,38,24,-16,15,36,-7,-36,63,-3,6,-34,4,33,-7,-39,79,22,14,1,20,35,-6,-34,72,18,-3,-7,8,32,38,-35,64,23,0,-11,14,31,-7,-41,78,26,6
68.8200,-13,-1,27,-14,-43,75,30,11,-13,9,43,-11,-27,56,16,6,-16,2,31,-16,-39,68,33,19,-19,15,41,-7,-36,59,-3,8,-36,5,34,-15,-42,77,28,23,-3,26,32,-3,-33,68,14,-4,-12,10,34,34,-28,68,24,8,-22,14,26,-7,-41,75,34,1
68.8400,-13,-6,27,-15,-40,79,35,7,-9,7,38,-14,-29,61,19,6,-19,6,32,-15,-42,77,32,21,-18,13,40,-7,-32,62,3,6,-36,4,36,-12,-39,78,23,22,-2,29,33,-6,-32,69,15,-4,-13,8,35,34,-35,67,17,8,-19,18,28,-7,-45,75,29,3
68.8600,-16,2,32,-11,-44,77,40,12,-17,5,34,-13,-28,60,19,4,-22,11,32,-8,-42,75,34,19,-15,15,36,-10,-36,59,2,14,-44,5,34,-8,-44,77,27,14,-1,25,33,-8,-30,72,19,-5,-16,10,34,31,-29,67,15,7,-18,14,27,-10,-46,80,28,2
68.8800,-21,4,30,-13,-45,74,34,11,-18,10,34,-22,-28,60,12,8,-20,3,26,-11,-47,77,37,16,-17,11,37,-12,-40,68,2,6,-41,5,31,-9,-43,83,25,17,-2,28,28,-7,-33,75,17,-6,-22,3,37,29,-34,68,21,4,-26,20,33,-8,-43,76,32,3
68.9000,-18,12,29,-10,-44,77,40,0,-15,4,34,-19,-27,61,20,0,-28,10,31,-8,-45,74,46,14,-17,15,30,-13,-35,60,1,15,-39,6,32,-11,-46,75,26,13,1,33,36,-10,-38,71,13,-5,-17,6,30,32,-38,74,20,10,-23,14,32,-8,-50,75,27,-4
68.9200,-19,4,30,-9,-40,73,43,8,-16,11,33,-13,-32,64,22,7,-29,12,30,-15,-43,72,41,14,-24,15,38,-13,-35,65,5,15,-41,0,35,-11,-40,75,23,14,-3,27,31,-13,-34,69,12,0,-21,9,38,30,-38,74,18,15,-26,18,26,-8,-50,75,32,2
68.9400,-20,7,26,-8,-42,82,40,10,-19,12,31,-14,-33,61,24,7,-25,11,30,-10,-40,79,41,13,-22,14,33,-10,-35,66,5,13,-39,2,36,-11,-43,84,25,14,-6,33,37,-7,-36,68,13,0,-17,7,33,28,-37,73,15,14,-24,15,32,-7,-46,72,25,4
68.9600,-22,10,26,-9,-42,77,44,6,-15,11,34,-18,-30,63,25,0,-23,14,26,-9,-41,72,40,8,-17,11,32,-15,-38,66,6,14,-40,1,30,-14,-45,75,30,14,1,34,33,-14,-32,73,9,-2,-17,4,32,29,-38,80,20,13,-26,19,28,-13,-44,70,34,2
68.9800,-20,10,27,-10,-44,75,35,9,-14,6,35,-16,-34,64,23,3,-24,12,31,-17,-38,71,41,8,-19,6,28,-10,-37,62,3,11,-35,1,34,-14,-47,77,30,16,-5,33,34,-14,-34,69,11,-4,-21,1,32,25,-39,77,17,18,-25,14,32,-14,-45,72,31,7
69.0000,-24,9,27,-11,-45,78,35,9,-17,13,36,-18,-33,55,22,2,-24,15,31,-18,-32,75,36,11,-20,10,34,-14,-44,69,4,12,-35,3,36,-21,-45,79,29,12,-2,34,34,-19,-30,74,9,2,-18,1,27,31,-43,81,17,19,-21,10,36,-9,-45,75,30,4
69.0200,-23,6,32,-9,-41,78,38,10,-20,19,28,-14,-35,67,26,2,-30,17,33,-13,-39,72,37,3,-17,8,32,-18,-43,68,5,10,-37,9,35,-15,-47,74,33,11,-5,22,36,-18,-31,75,13,3,-19,0,36,26,-41,80,24,14,-26,13,36,-18,-44,69,31,3
69.0400,-23,11,28,-11,-50,79,37,8,-17,12,32,-20,-36,63,21,3,-30,11,33,-14,-40,67,34,14,-12,12,32,-12,-42,67,10,10,-32,7,32,-20,-52,66,33,8,-4,29,29,-18,-28,69,12,4,-13,-3,29,30,-37,77,19,16,-20,10,35,-12,-44,73,27,4
69.0600,-26,11,34,-13,-41,80,36,12,-18,15,28,-16,-30,59,23,-7,-30,19,30,-12,-32,69,38,10,-13,2,34,-14,-46,69,9,7,-38,11,32,-16,-46,68,32,4,-4,28,32,-17,-31,74,11,6,-9,2,34,33,-41,77,23,18,-24,8,35,-19,-42,67,24,5
69.0800,-22,3,29,-14,-46,80,37,8,-16,18,33,-19,-34,61,27,1,-32,20,28,-12,-46,73,39,11,-18,10,34,-15,-49,69,14,6,-34,7,27,-13,-43,70,34,4,-5,29,32,-16,-29,78,10,3,-12,-8,30,36,-44,76,25,12,-20,7,32,-20,-38,71,23,7
69.1000,-19,6,29,-11,-41,76,32,9,-20,9,29,-18,-34,59,23,-4,-38,19,30,-14,-34,73,34,15,-14,3,36,-13,-48,68,7,8,-40,12,24,-20,-41,70,32,1,-2,23,33,-9,-37,81,16,4,-6,-3,35,36,-43,78,26,14,-12,4,26,-23,-37,70,22,13
69.1200,-24,6,27,-15,-43,70,36,9,-14,15,27,-16,-34,62,23,-3,-35,16,34,-16,-37,60,34,12,-11,7,32,-14,-47,64,12,5,-37,10,35,-9,-41,68,32,4,-7,21,36,-13,-35,80,14,4,-15,-7,33,34,-45,80,26,7,-13,5,26,-16,-37,63,22,7
69.1400,-21,2,32,-17,-40,77,36,11,-14,17,26,-20,-26,64,17,-5,-30,18,25,-9,-34,68,34,17,-14,12,35,-15,-43,65,15,7,-36,8,30,-10,-39,66,30,7,-6,23,34,-11,-41,84,12,7,-7,0,35,37,-45,82,24,8,-13,4,28,-10,-33,64,24,9
69.1600,-22,1,31,-12,-38,74,35,16,-20,19,32,-16,-30,61,19,-3,-35,18,33,-4,-38,68,31,16,-8,8,31,-11,-42,58,13,3,-40,11,27,-12,-36,66,35,2,-3,16,32,-9,-38,74,16,6,-5,-3,33,41,-42,75,28,13,-14,5,26,-11,-32,65,23,13
69.1800,-19,-1,37,-12,-36,75,36,13,-19,25,28,-16,-27,60,24,-1,-48,19,32,-8,-44,70,35,20,-10,8,36,-10,-46,55,13,0,-40,9,26,-5,-40,65,26,2,3,21,35,-10,-42,78,12,10,-8,-1,31,34,-41,77,30,7,-16,5,23,-11,-34,63,20,9
69.2000,-22,3,33,-14,-42,70,34,11,-22,26,29,-8,-21,59,17,-4,-32,19,24,-1,-33,58,35,21,-14,8,24,-10,-39,50,15,5,-46,13,27,-8,-33,62,28,10,-1,18,30,-5,-32,78,18,10,-6,0,32,42,-47,74,27,6,-16,-2,26,-8,-32,68,20,8
69.2200,-19,1,32,-7,-40,79,34,17,-21,22,28,-6,-19,58,16,-3,-32,23,25,-3,-39,66,34,24,-6,15,26,-4,-46,54,12,1,-36,19,27,-11,-33,60,26,9,0,22,34,-8,-39,80,20,3,-3,0,26,41,-48,79,29,9,-10,-2,24,-4,-25,65,20,8
69.2400,-18,3,27,-9,-38,74,29,17,-31,18,23,-4,-25,61,15,2,-35,8,25,1,-31,59,28,22,-12,12,27,-11,-37,55,9,-3,-40,15,26,-9,-34,62,25,2,11,21,25,-7,-36,79,14,6,-8,4,29,44,-44,71,28,9,-15,1,22,-8,-32,72,24,10
69.2600,-19,-3,32,-11,-39,74,37,20,-24,20,23,-5,-19,54,11,3,-36,13,26,-1,-31,57,25,29,-7,16,29,-6,-37,53,10,5,-41,13,25,0,-30,70,20,11,7,20,28,0,-41,72,22,4,-9,-3,28,41,-43,66,25,12,-14,-3,28,-2,-40,75,19,14
69.2800,-19,1,25,-12,-37,72,32,12,-22,17,22,-2,-19,52,12,4,-33,9,30,2,-35,60,32,27,-18,18,27,-2,-36,52,9,5,-39,12,28,1,-32,65,20,13,12,16,27,-2,-33,75,15,3,-11,-1,25,45,-38,67,28,8,-11,4,26,0,-36,74,22,11
69.3000,-16,-1,31,-7,-38,73,25,15,-21,21,25,0,-22,62,10,12,-29,3,26,0,-32,62,30,33,-14,14,25,-2,-30,51,8,5,-44,16,29,0,-31,70,19,14,5,22,30,-5,-37,76,16,4,-4,2,21,45,-34,72,24,11,-14,-2,27,-5,-32,73,19,14
69.3200,-20,0,33,-6,-38,76,33,18,-26,19,27,1,-23,58,5,13,-30,6,31,7,-35,58,28,28,-13,11,22,-4,-27,50,5,-2,-42,10,26,-4,-28,69,14,15,4,28,29,-7,-40,75,17,2,-14,3,20,41,-39,65,22,5,-12,-1,30,-2,-36,71,16,11
69.3400,-16,-3,25,-8,-37,70,27,18,-21,11,30,5,-18,51,7,7,-26,-3,29,2,-34,60,27,29,-9,16,24,-1,-29,52,1,2,-44,14,33,1,-35,69,18,15,5,23,31,-1,-41,72,19,0,-8,1,27,40,-40,67,27,9,-16,-3,22,-7,-36,73,16,18
69.3600,-18,-4,30,-2,-42,73,31,18,-19,16,27,4,-18,62,2,14,-31,-5,30,-1,-32,64,23,29,-12,16,31,-3,-28,53,-6,0,-43,12,32,1,-34,70,8,16,7,24,35,-6,-38,70,9,3,-10,1,27,41,-35,65,30,3,-13,-1,31,-13,-36,77,22,12
69.3800,-16,-1,27,-9,-39,76,27,16,-20,11,30,-2,-21,58,7,13,-27,-4,27,1,-28,63,30,33,-15,15,28,-7,-21,53,2,3,-45,9,34,-1,-34,75,13,21,1,22,27,-9,-39,68,15,-1,-9,7,23,38,-33,59,23,12,-12,-3,32,-15,-35,75,22,16
69.4000,-14,0,33,-4,-39,83,29,16,-21,7,25,1,-23,55,5,16,-23,-2,33,-1,-36,64,33,31,-16,17,30,-2,-28,56,-1,6,-43,6,30,-4,-30,72,13,18,6,26,32,-13,-35,73,16,2,-11,9,28,41,-28,61,24,8,-11,2,44,-17,-38,73,25,17
69.4200,-18,0,32,-10,-43,79,32,16,-20,8,24,2,-20,63,6,18,-17,-6,35,-1,-28,69,29,35,-14,10,27,-3,-28,58,4,3,-44,6,31,-7,-30,73,14,19,4,23,30,-9,-41,69,20,-5,-14,5,32,38,-27,64,22,8,-12,5,46,-18,-36,73,25,14
69.4400,-13,-4,26,-6,-37,83,29,11,-17,6,32,-3,-24,58,10,20,-19,-4,35,-10,-37,71,27,29,-14,16,27,-4,-23,59,-4,2,-38,5,30,-7,-31,72,10,25,4,24,37,-5,-41,66,18,0,-15,5,32,36,-25,67,18,8,-10,1,41,-28,-40,76,25,7
69.4600,-18,-6,32,-4,-38,78,30,17,-16,-2,38,-2,-21,57,6,14,-9,-6,38,-9,-39,72,31,31,-16,18,30,-8,-25,63,-1,10,-42,5,34,-6,-34,72,11,19,-2,29,38,-11,-39,68,14,5,-13,8,30,31,-30,69,18,6,-11,-2,36,-27,-40,70,24,14
69.4800,-16,-1,30,-16,-38,77,34,14,-13,3,36,-4,-31,62,8,19,-19,-6,37,-9,-35,77,29,29,-13,18,34,-11,-28,61,3,2,-39,0,34,-7,-33,72,17,26,3,25,36,-16,-30,71,21,0,-5,4,31,33,-28,64,17,7,-15,4,41,-33,-44,75,23,13
69.5000,-14,-3,33,-10,-42,80,34,12,-14,-2,41,-9,-21,57,11,18,-17,-1,41,-10,-35,76,30,34,-17,16,38,-11,-24,63,-7,7,-40,4,38,-12,-40,80,21,25,5,18,27,-10,-32,61,14,-4,-12,11,32,34,-32,66,18,9,-13,7,38,-34,-42,72,29,7
69.5200,-17,-4,29,-10,-39,81,37,19,-16,0,39,-9,-27,62,17,14,-14,-3,37,-20,-43,77,35,25,-17,14,36,-12,-30,57,-4,12,-37,3,34,-15,-39,75,25,24,9,29,30,-10,-20,68,19,-1,-11,8,33,31,-27,70,19,0,-9,5,38,-39,-41,74,30,15
69.5400,-18,2,30,-12,-46,83,35,13,-9,1,39,-12,-21,62,19,19,-12,0,37,-16,-30,76,32,25,-13,15,38,-5,-31,59,-5,13,-42,1,36,-14,-42,71,23,22,3,29,32,-13,-27,66,15,-4,-13,6,35,32,-25,68,15,11,-15,3,37,-37,-34,67,27,8
69.5600,-11,2,30,-15,-41,82,39,13,-9,2,37,-19,-25,65,17,8,-21,1,39,-21,-41,73,38,22,-19,13,35,-13,-33,60,1,14,-41,3,37,-12,-43,73,24,20,4,34,30,-18,-31,67,15,-5,-6,8,34,32,-25,72,17,9,-13,7,39,-37,-33,72,26,5
69.5800,-19,6,37,-16,-53,84,42,13,-9,1,39,-17,-28,64,16,13,-21,4,38,-23,-38,78,35,18,-21,12,37,-12,-32,59,-4,12,-43,0,35,-18,-37,72,19,23,6,28,35,-13,-27,62,18,-10,-18,4,31,32,-19,74,12,13,-14,6,29,-30,-38,70,22,6
69.6000,-17,2,32,-17,-43,79,37,12,-11,3,34,-18,-30,70,19,12,-18,11,27,-20,-35,76,30,16,-18,11,32,-14,-38,64,1,12,-35,2,32,-13,-38,75,29,20,1,27,31,-13,-26,71,14,-4,-6,8,34,32,-21,72,14,8,-17,6,34,-33,-38,68,28,12
69.6200,-16,1,29,-19,-45,79,36,11,-13,3,41,-26,-30,68,19,11,-19,5,30,-18,-41,76,33,20,-19,10,38,-21,-31,63,4,12,-41,-10,35,-9,-42,72,26,24,3,29,36,-9,-23,72,9,-6,-13,7,33,38,-31,74,18,8,-17,1,29,-28,-31,80,25,8
69.6400,-17,-3,33,-24,-45,75,42,11,-13,3,37,-24,-31,70,22,2,-22,9,32,-14,-41,72,39,19,-14,13,33,-18,-41,60,5,13,-35,-6,30,-13,-43,75,31,14,1,26,29,-9,-26,69,7,0,-16,4,27,36,-28,76,9,20,-18,1,27,-20,-38,73,23,7
69.6600,-19,1,33,-19,-44,83,40,10,-11,9,35,-21,-29,72,19,6,-29,13,27,-20,-28,68,44,15,-15,8,32,-7,-38,60,-1,14,-36,-1,26,-12,-41,70,24,14,-1,30,29,-9,-20,70,9,-2,-18,6,29,39,-33,85,18,15,-21,1,31,-26,-40,77,28,8
69.6800,-20,1,34,-20,-45,77,37,11,-10,3,28,-22,-31,67,21,-1,-27,13,29,-19,-43,72,40,16,-16,1,30,-10,-41,63,4,18,-39,-1,33,-8,-48,77,24,14,0,32,39,-6,-23,80,15,-1,-19,4,31,38,-39,77,18,13,-23,4,27,-19,-35,74,26,8
69.7000,-30,3,35,-23,-39,74,40,11,-17,3,35,-20,-33,65,18,-4,-30,21,27,-11,-41,70,40,12,-21,3,32,-10,-39,66,7,13,-34,-2,29,-6,-43,78,34,10,-1,33,37,-9,-36,78,8,0,-21,5,32,40,-39,83,20,17,-16,5,27,-13,-33,78,23,11
69.7200,-23,1,31,-17,-41,76,35,14,-15,13,24,-19,-32,66,24,2,-35,21,30,-6,-42,72,36,16,-16,0,29,-9,-41,63,8,13,-37,-1,24,-10,-48,72,33,6,-4,31,33,-5,-27,84,4,4,-15,-1,29,36,-47,86,22,17,-15,7,26,-16,-39,79,29,9
69.7400,-16,1,34,-18,-43,76,42,11,-13,18,27,-13,-30,76,17,6,-38,13,30,-1,-38,69,33,13,-16,5,31,-6,-48,68,14,9,-36,1,28,-7,-44,79,27,7,-11,35,26,-4,-31,88,8,0,-19,2,25,39,-47,92,24,16,-15,2,19,-13,-40,77,27,5
69.7600,-21,3,34,-10,-42,71,38,12,-14,14,24,-12,-26,65,19,-2,-35,19,30,-3,-43,70,32,13,-23,4,27,-10,-51,71,14,10,-38,8,31,-4,-45,79,32,5,-2,34,34,-9,-41,87,5,4,-21,0,28,38,-46,87,26,17,-12,6,20,-5,-34,78,24,11
69.7800,-20,5,36,-15,-39,77,34,14,-16,19,30,-9,-29,67,18,-4,-37,19,33,-2,-32,65,34,15,-12,9,24,-6,-46,71,17,10,-38,3,31,-1,-41,73,30,5,-7,37,31,-10,-39,92,10,2,-22,3,28,41,-49,87,27,16,-21,5,29,-10,-45,82,25,9
69.8000,-24,1,31,-12,-35,82,37,15,-20,20,25,-7,-33,63,25,-1,-42,16,30,-5,-40,71,32,19,-8,2,31,-5,-50,68,19,3,-41,8,29,-3,-40,75,31,5,-5,31,28,-5,-42,91,19,4,-17,-3,29,41,-56,87,27,16,-14,7,26,-12,-40,90,32,9
69.8200,-17,3,26,-8,-45,83,33,19,-19,25,27,-7,-36,67,19,-1,-44,17,35,-2,-35,69,38,21,-7,5,33,-8,-49,69,20,10,-41,19,29,-1,-49,82,33,-7,-10,37,26,-10,-46,91,21,1,-17,-2,36,39,-52,91,37,14,-17,7,27,-2,-43,86,37,8
69.8400,-22,4,30,-1,-45,88,32,18,-26,14,29,-7,-30,71,17,-1,-42,14,36,-4,-32,68,32,22,-10,8,30,-8,-54,73,23,3,-40,12,30,-2,-49,77,35,2,-11,36,28,-11,-46,96,22,-1,-21,-4,34,39,-60,89,39,11,-15,9,31,-3,-46,89,34,2
69.8600,-20,2,31,-8,-45,91,34,17,-24,21,30,-8,-33,70,17,1,-40,13,37,-5,-34,72,34,20,-8,10,32,-5,-44,70,19,1,-39,18,38,-8,-55,79,35,2,-8,35,32,-8,-47,89,25,4,-16,-4,38,38,-55,80,40,12,-18,7,29,-6,-39,84,33,4
69.8800,-22,1,30,-7,-40,88,32,18,-25,16,39,-9,-32,68,23,-1,-39,15,33,-8,-39,71,36,15,-11,10,33,-8,-47,65,21,2,-41,14,33,-9,-44,79,36,6,-11,33,26,-10,-41,88,28,-3,-15,-1,33,37,-55,84,40,5,-19,3,30,-9,-46,82,35,9
69.9000,-16,4,36,-2,-46,85,38,16,-24,24,39,-7,-33,66,23,1,-39,17,39,-11,-40,74,42,23,-8,13,30,-12,-44,64,19,-6,-43,17,32,-7,-47,70,36,-1,-8,25,31,-5,-44,79,27,4,-12,-2,34,41,-55,78,43,6,-15,3,28,-2,-50,83,33,2
69.9200,-15,-1,28,-6,-42,88,38,13,-26,26,38,-6,-40,68,23,4,-36,11,38,-14,-42,76,39,21,-11,17,35,-3,-45,72,21,-5,-49,18,40,-9,-48,75,31,3,-5,28,28,-3,-48,82,29,1,-9,0,31,35,-49,77,39,1,-10,7,31,-3,-41,82,36,1
69.9400,-22,-7,29,-9,-47,87,45,23,-29,20,34,-12,-36,64,21,-2,-42,14,40,-12,-43,69,35,18,-12,19,31,-10,-44,57,18,-7,-44,22,37,-11,-46,69,34,5,-6,36,33,-5,-50,78,26,-4,-8,-4,31,35,-46,71,41,7,-14,8,28,0,-42,76,36,0
69.9600,-14,-1,33,-3,-44,84,40,14,-23,21,35,-11,-34,66,27,-3,-37,5,30,-16,-37,66,35,18,-9,19,34,-6,-35,63,18,-9,-53,20,35,-17,-40,67,28,3,1,24,34,-4,-46,76,34,2,-15,2,37,36,-44,71,36,2,-16,7,27,-7,-40,73,33,-2
69.9800,-13,-4,38,-1,-43,83,44,9,-29,15,38,-13,-31,62,24,-5,-34,11,31,-15,-36,69,40,19,-8,19,41,-12,-39,61,16,-9,-49,18,37,-13,-37,72,30,11,5,34,37,-10,-43,77,30,-4,-10,4,30,34,-41,68,34,-2,-16,12,31,-13,-45,76,37,3
70.0000,-22,5,29,-4,-53,83,46,11,-19,20,35,-11,-25,62,25,4,-34,10,32,-16,-34,67,36,16,-10,22,38,-11,-37,54,19,-9,-55,14,35,-17,-39,66,29,6,4,28,32,-5,-46,72,25,-2,-12,9,32,35,-39,68,34,-7,-15,13,30,-8,-41,70,30,1
70.0200,-20,4,29,-9,-50,86,44,6,-25,18,35,-16,-22,55,23,6,-32,8,29,-15,-36,68,32,13,-16,20,39,-10,-37,51,6,-8,-47,16,37,-15,-37,63,28,4,0,26,34,-7,-35,73,28,1,-9,12,35,35,-39,69,32,5,-17,16,35,-12,-38,70,33,2
70.0400,-17,10,35,-9,-44,79,45,8,-26,16,37,-17,-21,55,21,2,-29,6,29,-3,-26,69,36,17,-16,30,39,-18,-33,48,13,1,-56,18,34,-15,-36,65,23,7,1,25,32,-4,-30,66,28,-4,-12,9,39,28,-43,69,26,-2,-18,10,29,-14,-30,66,32,0
70.0600,-19,6,30,-6,-39,75,46,12,-22,14,36,-20,-26,59,21,4,-28,9,25,-8,-32,69,32,20,-15,28,40,-23,-30,57,11,-5,-46,13,26,-8,-24,62,26,12,5,32,34,-15,-29,61,24,-6,-11,9,36,35,-33,62,29,3,-20,12,32,-8,-33,70,28,2
70.0800,-19,3,29,-9,-43,79,45,9,-23,13,28,-15,-18,54,19,1,-33,7,29,-8,-35,77,35,21,-15,25,34,-18,-26,54,9,2,-50,14,35,-15,-33,64,20,6,4,23,38,-7,-30,67,22,-4,-10,11,33,29,-31,63,23,-1,-18,15,32,-12,-27,69,21,5
70.1000,-22,7,32,-9,-43,79,42,10,-22,14,28,-13,-18,57,14,8,-28,9,29,-8,-32,67,31,21,-25,26,34,-16,-34,49,4,3,-49,15,28,-13,-30,65,26,11,3,26,36,-13,-36,72,22,0,-17,10,32,27,-31,65,18,5,-23,14,31,-15,-25,69,19,7
70.1200,-21,4,32,-12,-43,78,43,12,-19,9,29,-14,-13,61,16,9,-29,8,25,-2,-24,66,32,27,-28,21,31,-18,-27,49,2,3,-43,5,30,-13,-27,65,21,8,11,31,35,-11,-32,69,13,-6,-12,9,31,26,-27,67,17,7,-22,12,32,-14,-28,64,21,4
70.1400,-27,4,34,-13,-43,73,35,16,-23,8,30,-16,-26,57,15,4,-26,7,23,-2,-26,72,30,26,-20,22,30,-13,-27,50,1,9,-48,11,31,-11,-30,67,16,19,9,34,36,-12,-30,60,15,-3,-11,14,35,30,-27,70,21,8,-24,8,35,-20,-28,69,19,13
70.1600,-24,7,29,-12,-43,75,41,14,-21,8,30,-7,-14,57,4,5,-26,6,25,-2,-29,69,27,22,-21,17,28,-14,-23,55,1,10,-46,1,24,-5,-28,68,9,18,8,31,41,-17,-28,67,17,-3,-12,12,31,34,-26,73,15,9,-23,1,31,-22,-34,68,18,14
70.1800,-23,4,31,-14,-41,73,35,14,-13,12,30,-14,-22,62,7,11,-27,2,28,-1,-34,70,31,23,-22,15,30,-9,-23,48,-1,16,-44,3,27,-8,-30,71,18,15,3,31,34,-14,-22,68,15,-2,-11,9,26,30,-24,73,17,13,-22,4,36,-20,-25,73,22,15
70.2000,-26,6,34,-17,-37,76,37,15,-13,3,26,-13,-17,61,7,14,-24,3,30,0,-28,72,31,27,-21,18,26,-17,-29,52,-4,12,-40,-2,29,-6,-28,71,19,17,12,30,32,-16,-26,69,10,-1,-14,6,30,29,-31,69,12,19,-18,8,31,-21,-29,72,23,16
70.2200,-22,1,35,-15,-40,80,37,11,-12,4,29,-9,-14,65,1,16,-27,4,28,-7,-32,67,24,25,-18,10,29,-6,-28,53,2,15,-43,-4,27,-9,-31,71,20,19,8,34,36,-16,-23,70,11,-6,-15,7,26,33,-27,75,16,12,-18,4,34,-28,-32,74,16,12
70.2400,-22,3,36,-12,-37,74,34,15,-17,1,26,-4,-18,70,6,16,-20,3,29,-4,-34,70,30,30,-22,15,26,-8,-34,50,-6,12,-38,3,21,-7,-20,70,15,20,8,26,25,-12,-23,71,13,3,-9,3,33,34,-27,74,18,11,-14,-3,37,-23,-31,73,15,20
70.2600,-22,0,33,-15,-46,77,36,17,-15,0,31,-7,-24,65,2,17,-31,5,36,-2,-35,70,34,29,-19,6,28,-9,-26,56,-2,13,-36,-2,22,-9,-31,76,16,21,5,32,33,-18,-29,76,10,2,-18,4,32,36,-31,75,14,17,-16,-2,37,-26,-34,76,16,19
70.2800,-21,3,34,-14,-38,75,32,13,-15,2,30,-1,-26,68,10,17,-28,5,29,-4,-38,66,37,28,-12,9,31,-7,-25,58,-1,15,-35,-2,25,-3,-29,70,12,21,10,33,26,-11,-22,69,3,7,-15,-1,25,41,-32,75,16,15,-21,2,37,-29,-34,77,26,16
70.3000,-25,3,36,-19,-35,81,39,21,-10,-3,27,-7,-26,71,3,22,-24,3,33,-7,-41,64,38,28,-18,4,29,-1,-29,64,-2,16,-40,-3,26,-5,-35,80,18,20,10,26,30,-11,-29,75,9,3,-15,-6,32,42,-33,73,22,17,-9,-6,30,-20,-22,73,24,21
70.3200,-17,-3,31,-13,-46,85,36,22,-15,0,31,-4,-23,69,12,17,-25,1,33,-2,-38,68,33,30,-15,6,23,-5,-34,62,1,20,-35,2,27,-5,-29,74,18,27,5,34,32,-10,-32,74,12,3,-19,5,32,34,-38,81,17,16,-12,1,34,-26,-40,72,27,12
70.3400,-22,0,29,-15,-41,81,42,16,-13,-2,31,-9,-30,70,13,14,-26,-1,30,-12,-32,64,37,24,-11,3,24,-7,-30,65,-3,14,-31,-4,31,-3,-27,75,15,23,7,39,30,-8,-33,74,21,2,-10,-1,29,34,-34,77,19,13,-11,-2,31,-19,-34,74,25,21
70.3600,-19,-1,32,-11,-41,82,32,23,-13,2,30,-5,-30,70,15,16,-24,-5,34,-6,-41,62,40,29,-8,3,31,-8,-31,68,-1,19,-31,-6,34,-6,-33,68,21,23,3,32,32,-8,-31,76,10,5,-15,0,30,38,-38,76,20,12,-12,-4,31,-18,-32,77,24,15
70.3800,-18,-6,29,-14,-40,84,32,24,-7,-2,38,-3,-34,71,19,14,-29,5,36,-6,-32,64,40,23,-7,4,25,0,-35,67,2,17,-35,-5,25,-4,-35,74,20,21,-4,31,29,-4,-35,76,16,0,-20,-8,29,40,-36,76,23,15,-16,-2,34,-20,-49,77,24,10
70.4000,-24,-4,34,-16,-45,83,37,22,-17,1,33,-8,-29,68,20,12,-23,2,32,-8,-33,63,44,22,-7,0,27,-4,-34,65,1,16,-38,1,28,-2,-40,76,23,21,4,36,27,-2,-30,73,16,7,-16,-7,26,46,-39,81,25,13,-15,-7,34,-23,-39,79,27,11
70.4200,-14,-5,36,-14,-51,83,37,20,-14,-2,40,-7,-39,66,24,10,-28,-1,36,-5,-39,66,38,21,-8,2,28,2,-33,64,7,17,-36,0,36,-1,-33,76,27,21,0,32,30,3,-34,78,14,6,-11,-5,25,41,-32,79,27,15,-11,1,30,-19,-43,86,27,9
70.4400,-19,2,35,-13,-48,88,41,19,-11,6,36,-6,-36,69,27,13,-36,4,36,-8,-34,66,39,18,-1,1,27,4,-29,67,-2,11,-35,2,26,-6,-48,79,30,18,1,35,30,-6,-34,81,13,4,-4,-3,24,41,-41,84,29,14,-9,4,30,-17,-43,87,36,11
70.4600,-19,-7,34,-12,-51,89,42,17,-7,4,35,-5,-34,67,25,7,-23,4,35,-7,-32,68,39,21,-7,3,31,-4,-42,69,10,12,-29,-1,31,-5,-47,73,27,16,-7,30,30,-4,-38,83,16,2,-9,-1,28,41,-38,85,26,13,-13,3,30,-9,-40,82,25,10
70.4800,-12,-2,32,-8,-47,87,40,23,-6,5,35,-7,-31,65,24,11,-27,3,33,-9,-31,65,42,13,-8,7,29,-2,-52,67,5,13,-42,4,29,0,-47,74,30,15,-4,32,31,-8,-33,76,14,4,-11,-3,29,47,-35,80,27,13,-10,3,31,-13,-39,85,31,8
70.5000,-18,-6,34,-8,-41,92,37,17,-9,5,31,-6,-36,63,28,0,-33,9,34,-15,-30,67,36,18,-7,0,29,1,-46,74,10,10,-37,3,32,0,-41,73,30,11,-5,34,30,2,-37,80,19,3,-16,-6,23,38,-40,86,32,13,-18,5,29,-14,-46,85,31,8
70.5200,-14,-2,32,-10,-46,91,46,21,-16,9,39,-9,-36,61,25,2,-31,5,35,-7,-25,67,36,21,-1,-3,27,-6,-42,74,16,10,-40,4,30,1,-39,75,35,13,-4,34,33,-1,-39,80,17,-4,-12,-1,34,46,-41,81,30,13,-13,3,28,-12,-37,84,29,5
70.5400,-18,-1,31,-5,-44,92,41,21,-7,9,38,-9,-28,64,25,0,-29,8,35,-12,-34,72,32,19,-10,0,20,-4,-39,69,10,12,-42,6,36,-9,-49,73,35,5,-2,33,35,-4,-41,79,24,4,-13,-3,30,38,-49,86,31,12,-14,4,27,-10,-40,83,34,6
70.5600,-15,-1,33,-11,-40,86,38,16,-9,8,39,-14,-25,59,25,4,-35,15,44,-16,-29,75,40,18,-12,7,32,-9,-51,66,19,6,-44,8,38,-15,-45,70,32,8,-4,34,37,-8,-37,79,18,0,-16,6,34,33,-45,80,32,14,-12,9,29,-12,-42,83,33,7
70.5800,-15,4,33,-14,-49,93,45,10,-13,10,37,-14,-31,60,22,0,-29,17,43,-12,-35,77,41,17,-7,12,35,-2,-45,60,18,10,-43,7,38,-8,-44,68,34,8,0,36,30,-3,-37,77,22,-3,-14,3,32,31,-45,81,33,8,-22,8,28,-14,-44,85,35,0
70.6000,-11,-3,36,-8,-39,80,45,13,-12,12,32,-11,-30,62,26,3,-27,11,34,-14,-31,77,35,15,-11,9,33,-8,-42,67,17,6,-43,9,39,-6,-45,70,32,5,4,36,29,-4,-33,74,19,-2,-10,3,37,37,-42,88,26,8,-21,7,30,-13,-50,83,35,3
70.6200,-18,3,35,-5,-51,89,45,14,-11,15,34,-20,-28,62,25,-5,-31,15,27,-12,-28,82,34,13,-13,7,40,-6,-42,63,17,3,-39,17,40,-9,-45,68,35,3,6,33,31,-4,-37,78,16,-3,-15,8,30,34,-36,85,32,5,-15,6,30,-15,-40,81,30,3
70.6400,-19,0,36,-8,-44,84,40,14,-17,15,35,-23,-28,56,22,-6,-35,17,30,-13,-37,86,32,20,-9,12,40,-11,-51,67,15,-2,-43,13,35,-12,-43,72,29,1,3,31,29,-6,-35,72,22,-7,-13,8,39,30,-52,85,34,-1,-17,15,33,-16,-50,84,33,-1
70.6600,-19,4,31,-10,-48,83,46,11,-15,19,37,-23,-23,63,24,-2,-43,11,34,-14,-34,85,33,16,-14,14,39,-9,-44,61,15,0,-47,11,33,-14,-33,71,32,-1,3,33,32,-4,-31,77,17,0,-10,6,32,31,-41,79,28,10,-27,16,30,-9,-51,83,34,0
70.6800,-18,10,28,-10,-44,84,42,11,-18,16,34,-17,-19,63,14,-3,-41,15,29,-11,-36,86,37,18,-8,11,36,-12,-37,60,18,9,-42,17,36,-14,-43,66,30,3,6,31,35,-10,-34,73,19,4,-15,6,43,32,-41,79,35,12,-22,18,33,-13,-43,75,32,-1
70.7000,-22,7,31,-8,-50,83,42,9,-21,15,35,-16,-21,60,17,-1,-35,13,29,-12,-34,80,38,18,-9,12,36,-17,-38,60,14,3,-44,19,27,-16,-38,67,32,2,2,38,36,-16,-38,73,22,-7,-11,6,40,28,-45,81,29,1,-18,11,33,-17,-36,80,32,-2
70.7200,-21,10,29,-6,-41,83,38,14,-23,21,32,-18,-21,69,13,-3,-41,15,26,-14,-35,81,42,12,-9,14,36,-8,-42,57,16,5,-49,16,36,-18,-38,74,32,-2,-1,37,35,-13,-39,76,26,1,-12,8,35,29,-44,82,34,11,-22,10,33,-16,-35,76,32,-1
70.7400,-17,6,33,-10,-44,77,35,9,-26,15,34,-16,-21,74,16,1,-40,13,29,-10,-30,83,37,22,-8,10,40,-12,-38,62,14,-1,-47,13,32,-13,-36,73,27,8,6,35,35,-10,-35,77,26,-1,-13,4,37,31,-46,80,30,3,-22,11,33,-14,-39,75,31,-2
70.7600,-18,3,36,-10,-44,84,40,19,-26,19,27,-14,-16,69,10,0,-32,8,25,-10,-28,78,28,21,-11,15,40,-13,-40,60,13,-2,-51,13,30,-15,-30,71,23,7,5,32,36,-9,-32,75,22,0,-15,5,35,28,-40,77,34,7,-19,10,31,-16,-36,75,31,2
70.7800,-22,10,31,-12,-42,81,42,9,-30,15,28,-15,-22,75,11,4,-37,14,26,-10,-36,79,36,20,-10,14,37,-12,-35,58,14,8,-48,12,31,-8,-24,72,25,2,3,28,37,-14,-36,84,19,4,-12,1,31,26,-42,76,31,7,-18,12,31,-18,-33,72,29,3
70.8000,-19,8,36,-14,-45,81,42,15,-25,14,31,-13,-22,79,14,2,-37,13,26,-7,-37,77,34,19,-16,13,32,-16,-34,57,15,-1,-51,10,33,-6,-27,75,23,11,4,31,31,-8,-29,80,17,0,-10,1,38,31,-40,72,27,9,-17,7,33,-18,-32,77,24,6
70.8200,-21,8,39,-12,-43,81,38,15,-27,16,34,-11,-26,76,12,7,-30,12,28,-1,-42,75,37,21,-13,9,31,-13,-29,56,9,-1,-48,15,24,-11,-27,81,21,3,6,34,36,-13,-35,78,20,0,-11,0,27,28,-39,74,34,8,-20,12,32,-20,-34,73,34,-2
70.8400,-23,9,28,-10,-43,83,42,12,-26,13,32,-12,-26,69,6,9,-40,8,28,-7,-34,72,40,22,-14,11,37,-16,-30,52,5,2,-49,9,30,-9,-31,74,23,10,1,29,37,-14,-30,73,19,0,-12,0,32,31,-35,79,29,10,-19,15,33,-18,-35,74,25,7
70.8600,-28,8,31,-11,-41,79,41,20,-23,13,27,-8,-27,75,13,13,-38,6,31,-5,-39,71,38,23,-18,10,37,-12,-36,63,5,1,-50,15,31,-4,-22,78,18,15,3,26,36,-13,-38,72,20,4,-10,5,22,30,-37,75,29,7,-17,9,36,-19,-35,76,28,10
70.8800,-21,0,30,-13,-41,83,40,18,-21,14,28,-11,-28,74,11,11,-31,3,31,-7,-41,68,35,26,-14,9,26,-10,-25,58,7,2,-48,11,29,-9,-30,77,26,17,10,26,36,-10,-41,79,19,7,-7,-2,26,29,-37,75,28,6,-18,7,31,-26,-35,77,25,13
70.9000,-19,4,31,-10,-38,85,36,14,-24,10,32,-6,-28,76,11,18,-36,4,34,-5,-38,69,37,23,-11,16,29,-11,-32,57,5,7,-48,8,32,-6,-31,77,18,13,4,31,31,-13,-32,76,22,3,-11,1,24,30,-36,77,34,8,-19,2,28,-20,-35,79,22,9
70.9200,-27,0,35,-8,-37,83,43,16,-20,-2,31,-3,-25,72,15,16,-28,3,26,-5,-34,63,35,31,-11,14,28,-9,-29,58,10,2,-44,13,31,-5,-35,78,15,8,4,29,31,-10,-31,72,23,2,-8,-1,28,30,-34,69,28,6,-12,3,36,-21,-39,80,27,11
70.9400,-21,-3,35,-15,-37,80,38,15,-16,5,29,-9,-27,78,18,10,-32,-2,36,-11,-33,66,40,26,-17,16,29,-6,-33,61,11,9,-47,8,27,-3,-33,75,18,14,4,31,32,-13,-36,74,19,0,-10,-2,31,34,-39,74,25,4,-16,2,23,-12,-31,76,29,15
70.9600,-19,-3,33,-9,-38,85,38,24,-21,3,35,-4,-31,68,19,12,-28,7,33,-1,-37,65,39,23,-8,10,28,-9,-32,61,5,3,-45,2,27,-5,-34,78,19,18,2,32,32,-11,-36,73,21,3,-16,-1,30,29,-31,74,33,5,-14,1,31,-16,-38,78,26,10
70.9800,-20,-1,28,-13,-44,86,37,20,-17,-1,28,-3,-27,65,17,15,-35,-3,31,-8,-35,64,44,28,-12,18,25,-11,-32,56,2,5,-48,8,31,1,-36,81,14,17,3,30,33,-7,-36,73,22,-2,-10,-1,28,34,-35,73,32,6,-11,0,28,-12,-34,79,24,12
71.0000,-18,-3,30,-12,-39,82,37,16,-12,4,35,-3,-27,64,17,19,-32,-4,37,-10,-32,67,42,23,-13,11,32,-9,-27,59,3,6,-49,9,33,4,-40,74,22,20,2,30,33,-10,-41,73,19,4,-11,4,26,33,-33,79,31,5,-12,4,28,-15,-31,80,23,11
71.0200,-25,-3,34,-16,-49,90,41,17,-13,0,31,-6,-32,63,20,9,-26,0,34,-8,-28,60,43,26,-16,13,28,-3,-27,59,5,3,-46,10,31,-7,-36,79,16,18,7,32,30,-10,-36,73,13,-2,-11,6,22,28,-35,75,28,7,-19,0,29,-12,-36,70,24,6
71.0400,-21,-4,31,-13,-47,88,39,24,-10,1,37,-8,-31,66,21,16,-24,3,32,-5,-26,60,38,28,-15,17,27,-4,-28,64,7,5,-47,6,33,-2,-36,80,18,23,5,36,31,-12,-27,73,16,-4,-13,8,26,31,-44,73,26,5,-15,2,35,-12,-40,77,28,7
71.0600,-19,-8,29,-9,-42,82,37,27,-13,8,35,-2,-35,66,20,13,-26,3,34,-11,-27,68,40,26,-19,17,33,-3,-33,63,2,6,-44,5,30,-6,-39,69,16,20,8,35,30,-7,-34,77,24,-1,-13,8,25,33,-32,79,30,4,-16,1,29,-16,-43,77,23,11
71.0800,-15,-7,29,-5,-45,86,48,19,-16,4,27,-6,-35,60,23,11,-32,1,34,-11,-32,66,39,23,-7,17,27,-1,-37,69,6,8,-49,5,35,0,-38,72,21,23,6,35,28,-7,-26,73,24,-3,-10,8,24,38,-32,68,29,5,-10,2,32,-14,-35,85,26,12
71.1000,-14,-1,27,-5,-45,90,40,21,-14,0,32,-7,-36,64,19,4,-26,-2,33,-13,-32,65,42,16,-13,15,28,-1,-35,62,5,6,-49,4,29,-2,-43,72,23,18,1,43,30,-6,-34,63,20,0,-14,6,25,34,-25,76,22,8,-12,-1,28,-21,-40,81,29,10
71.1200,-14,-4,27,-13,-48,89,47,14,-14,4,30,-12,-30,59,26,7,-22,2,28,-11,-31,71,36,20,-14,15,36,-8,-36,62,5,9,-48,0,29,-2,-40,73,25,19,1,36,35,-8,-36,75,18,-2,-18,13,24,37,-32,75,24,2,-11,3,27,-16,-40,80,29,7
71.1400,-14,-2,29,-11,-42,90,38,20,-14,-4,31,-8,-27,61,24,9,-27,-1,30,-12,-24,63,36,18,-10,11,33,-6,-35,68,4,12,-43,-1,34,-5,-42,74,21,17,-1,37,36,-10,-30,67,21,-8,-15,9,32,40,-29,78,24,6,-19,6,30,-11,-38,86,28,9
71.1600,-16,-2,28,-13,-39,87,37,17,-7,-2,35,-11,-32,61,24,3,-29,-2,32,-14,-27,65,35,23,-15,9,22,0,-33,61,8,8,-46,-3,29,-4,-39,71,19,17,1,42,29,-7,-27,71,12,2,-16,6,29,42,-28,76,19,9,-15,0,29,-13,-40,84,30,12
71.1800,-15,0,27,-12,-45,90,44,21,-11,-1,37,-5,-20,60,18,7,-25,6,32,-9,-26,71,31,19,-13,6,26,-6,-41,67,1,8,-41,-1,31,-1,-41,65,26,20,4,39,27,1,-27,73,16,-10,-20,8,29,38,-27,81,23,9,-20,4,27,-10,-39,74,27,7
71.2000,-17,4,26,-12,-47,84,46,18,-7,3,38,-12,-28,62,25,5,-28,8,27,-7,-28,74,39,19,-15,8,29,-4,-33,64,8,11,-45,-2,31,-5,-43,70,25,19,-1,39,27,-1,-27,71,15,-1,-19,5,29,42,-30,77,22,16,-17,2,26,-10,-38,78,34,9
71.2200,-16,-1,30,-9,-46,85,36,16,-9,-7,26,-5,-19,59,20,5,-28,9,34,-11,-23,72,31,14,-19,11,33,-6,-40,62,9,11,-40,-1,34,-8,-35,72,29,15,0,41,29,-4,-28,75,15,-6,-16,0,29,41,-33,84,23,10,-22,3,30,-10,-36,80,32,14
71.2400,-18,-3,34,-9,-47,91,39,15,-14,2,30,-9,-23,58,17,4,-37,8,34,-13,-29,73,37,22,-10,6,31,-6,-39,62,8,14,-46,4,25,-4,-34,67,27,12,-2,43,27,-11,-24,76,11,-4,-24,5,22,43,-33,80,21,15,-18,4,28,-3,-40,80,32,5
71.2600,-22,1,28,-6,-46,87,46,19,-15,5,30,-5,-19,57,21,5,-33,12,30,-6,-25,74,35,24,-9,7,32,-4,-44,60,9,19,-43,-4,29,-13,-41,68,25,15,-2,38,30,0,-22,71,7,-5,-11,4,23,39,-32,83,19,11,-17,5,25,-4,-34,78,32,7
71.2800,-14,3,31,-4,-43,83,41,20,-11,4,33,-10,-24,63,22,-1,-30,12,25,-10,-24,78,29,22,-13,5,33,-3,-36,64,2,9,-42,-8,24,-6,-34,67,27,16,1,40,25,-1,-27,73,16,5,-20,8,28,39,-34,85,18,15,-19,9,29,-2,-31,81,31,0
71.3000,-16,-3,30,-7,-38,86,37,16,-13,2,35,-7,-20,62,15,3,-30,9,27,-9,-28,77,33,29,-13,1,31,-2,-32,58,6,11,-43,2,31,-4,-32,65,26,10,4,47,25,-2,-26,75,13,4,-12,2,29,47,-37,85,20,17,-12,7,27,-1,-33,77,28,8
71.3200,-17,2,30,-13,-42,88,42,16,-13,13,29,-9,-25,64,19,7,-30,13,30,-4,-34,75,32,20,-11,6,29,2,-37,58,11,11,-38,1,31,-6,-33,72,28,6,0,43,32,-1,-27,72,9,5,-22,2,28,39,-36,82,21,13,-12,-1,29,-2,-34,73,28,8
71.3400,-16,7,32,-6,-35,87,41,15,-18,4,29,-13,-21,68,14,5,-28,7,27,-6,-33,77,31,18,-11,3,25,-11,-40,64,12,11,-41,2,32,-3,-30,74,24,8,-3,45,30,-5,-27,75,10,7,-9,-9,29,36,-43,84,24,18,-16,7,24,-4,-35,77,31,8
71.3600,-16,-1,33,-2,-43,80,37,14,-12,7,31,-7,-20,67,14,4,-33,11,28,-1,-35,81,38,20,-8,-2,30,-3,-43,62,2,11,-41,0,31,-6,-31,72,25,8,-9,37,35,-1,-30,73,7,7,-21,-9,25,41,-40,79,22,16,-19,7,28,-5,-38,81,30,9
71.3800,-18,8,31,-1,-39,84,41,23,-10,8,24,-7,-16,68,13,2,-37,11,29,3,-17,75,32,21,-8,1,29,-6,-44,60,10,6,-43,0,33,-3,-31,78,24,5,2,35,29,-4,-29,78,6,-1,-14,-4,32,44,-40,83,28,17,-15,10,23,-5,-38,80,27,7
71.4000,-22,-1,33,-2,-43,87,39,20,-14,8,31,-8,-18,71,16,10,-33,6,31,-1,-32,73,36,22,-13,4,33,-12,-40,61,9,9,-42,1,25,-4,-30,68,22,2,5,35,34,1,-30,77,7,6,-12,-6,29,41,-41,84,34,16,-15,6,34,-5,-38,82,35,11
71.4200,-20,1,28,-9,-38,85,43,21,-15,7,28,-8,-17,72,15,6,-30,9,29,0,-32,75,34,23,-13,2,29,-6,-41,59,12,11,-42,6,31,-5,-33,75,25,11,4,34,34,-1,-30,83,9,8,-15,-7,28,40,-45,88,31,15,-17,4,37,-7,-36,80,34,8
71.4400,-18,3,25,-10,-42,87,33,24,-15,12,32,-5,-25,73,11,6,-32,10,32,-2,-39,75,38,22,-7,5,31,-7,-32,62,8,6,-41,7,25,-6,-29,69,22,5,0,33,37,-7,-30,76,18,0,-7,1,31,35,-39,83,27,17,-15,1,29,-8,-36,81,30,10
71.4600,-19,-3,29,-8,-41,86,38,20,-19,7,29,-1,-24,69,11,0,-28,9,28,-3,-31,79,39,23,-10,7,29,-6,-31,61,12,6,-48,15,32,-5,-37,75,25,5,-1,35,34,-11,-33,74,15,7,-9,-10,27,37,-39,79,31,20,-18,4,34,-12,-34,77,33,10
71.4800,-24,2,29,0,-42,83,35,24,-20,12,25,-7,-22,77,24,6,-32,4,28,1,-37,74,41,20,-2,5,34,-7,-32,63,12,9,-36,10,25,0,-35,76,22,6,3,29,36,-8,-30,82,17,7,-12,-5,31,35,-57,85,39,15,-10,2,33,-17,-30,83,28,9
71.5000,-17,1,25,-8,-40,89,40,15,-18,10,32,-8,-24,76,20,10,-33,6,33,-6,-29,77,41,16,0,8,34,-11,-37,65,11,5,-44,14,32,-8,-36,77,29,8,1,27,39,-5,-35,80,19,8,-9,-9,26,31,-44,80,38,14,-17,2,35,-18,-34,81,37,3
71.5200,-17,0,30,-5,-43,87,43,24,-26,11,31,-6,-29,70,16,7,-38,2,31,-4,-37,70,40,21,2,9,30,-6,-39,72,12,2,-46,9,31,-11,-32,79,30,9,3,28,32,-5,-43,79,23,11,-8,-7,31,35,-42,78,42,9,-20,0,35,-18,-33,84,32,9
71.5400,-15,-2,28,-10,-46,85,42,21,-16,15,31,-10,-28,70,22,5,-31,2,29,-5,-35,72,40,20,-2,10,29,-5,-35,66,6,6,-45,12,31,-2,-39,79,28,4,3,32,38,-6,-46,80,21,6,-8,-4,25,34,-40,81,42,11,-19,-2,39,-18,-38,77,26,9
71.5600,-17,-2,29,-13,-48,90,44,20,-19,3,32,-14,-29,77,22,9,-33,6,32,-8,-28,80,41,22,-6,7,32,-3,-40,66,12,-1,-42,18,33,-8,-32,80,24,8,2,28,28,-8,-34,76,17,6,-7,-8,30,39,-44,80,38,10,-11,4,36,-24,-35,76,29,5
71.5800,-18,3,34,-10,-46,90,43,22,-23,7,31,-9,-37,71,24,10,-34,8,34,-13,-35,75,46,26,-4,9,32,-5,-36,67,12,-2,-50,6,32,-10,-41,83,22,4,4,26,32,-5,-34,79,22,5,-9,-7,22,32,-44,79,42,4,-16,0,35,-23,-41,79,31,7
71.6000,-14,-4,32,-16,-40,91,37,17,-23,8,31,-11,-33,75,23,8,-37,11,32,-10,-36,77,43,17,-4,13,34,-8,-32,62,13,-2,-46,12,36,-12,-36,79,25,8,7,31,29,-8,-36,72,23,-1,-2,3,24,39,-38,77,38,2,-13,-4,33,-26,-34,80,27,2
71.6200,-18,-5,35,-17,-45,90,44,11,-22,7,30,-12,-34,69,16,8,-29,5,35,-19,-26,75,41,21,-6,18,35,-9,-36,60,9,0,-51,12,29,-12,-44,73,18,5,1,26,30,-7,-37,75,25,5,-1,1,25,34,-40,73,39,-3,-14,2,34,-22,-37,81,27,10
71.6400,-21,0,31,-7,-40,86,38,20,-19,7,31,-15,-25,67,25,7,-31,10,29,-14,-24,73,46,21,-6,20,34,-12,-33,62,5,-3,-45,8,33,-7,-32,74,20,12,14,24,27,-10,-38,71,29,1,-2,0,28,40,-36,78,34,2,-13,2,27,-20,-41,72,26,10
71.6600,-20,-1,28,-16,-45,89,43,17,-20,6,31,-12,-31,65,26,5,-35,12,29,-12,-33,70,43,23,-6,19,33,-13,-32,67,10,-6,-47,13,35,-13,-39,80,29,8,9,33,32,-9,-39,73,23,4,-9,3,25,35,-32,73,37,-2,-14,1,32,-21,-38,77,32,4
71.6800,-16,4,29,-11,-46,88,39,18,-17,4,28,-10,-30,74,25,8,-27,4,31,-7,-34,75,44,25,-9,17,34,-4,-32,69,8,-7,-47,6,29,-12,-40,76,21,13,9,33,31,-7,-37,72,29,-2,-7,8,23,36,-37,79,31,2,-19,-3,29,-20,-30,76,30,10
71.7000,-19,2,28,-20,-43,83,42,20,-11,6,27,-11,-31,67,22,11,-28,10,33,-9,-28,74,44,23,-13,22,33,-10,-33,63,6,-1,-51,8,25,-8,-30,67,21,15,7,33,30,-6,-39,68,24,-4,-8,9,25,35,-29,80,28,1,-11,1,29,-22,-34,76,32,7
71.7200,-11,0,32,-14,-39,85,36,20,-13,6,30,-8,-22,66,22,12,-30,13,29,-6,-27,66,39,18,-14,23,29,-5,-30,68,9,-2,-53,8,22,-7,-41,76,24,14,4,31,33,-2,-30,78,23,-7,-11,9,30,31,-39,75,31,-3,-17,0,31,-19,-35,74,28,5
71.7400,-17,0,25,-14,-43,86,39,26,-23,3,34,-7,-30,69,24,8,-28,7,30,-7,-26,73,38,27,-13,22,35,-6,-30,66,4,0,-53,7,30,-7,-32,77,23,16,7,28,26,-4,-31,75,20,-8,-10,12,26,41,-35,87,30,3,-20,8,29,-19,-27,70,29,10
71.7600,-21,6,27,-10,-42,86,43,23,-15,-4,30,-8,-26,68,24,11,-31,3,32,-4,-29,77,38,20,-13,18,29,-8,-27,62,4,2,-55,4,30,-6,-34,75,22,18,10,38,30,-3,-33,75,18,-11,-12,9,27,33,-37,81,29,-5,-17,2,25,-13,-33,75,25,13
71.7800,-15,-4,35,-12,-46,89,37,23,-14,6,32,-7,-28,67,19,3,-23,10,29,-3,-29,77,40,19,-11,22,29,-6,-32,60,6,-3,-53,-1,26,0,-37,71,25,22,9,36,34,0,-34,74,25,-6,-13,11,25,37,-28,75,22,-2,-17,3,24,-9,-29,76,27,8
71.8000,-25,2,28,-17,-43,93,43,11,-13,1,31,-5,-19,68,21,7,-34,10,32,-1,-28,76,43,24,-15,22,34,-3,-31,64,1,11,-53,-2,19,2,-37,70,24,21,12,39,28,1,-25,76,19,-6,-21,13,24,41,-33,83,22,0,-9,4,30,-15,-32,83,29,11
71.8200,-11,4,28,-15,-49,92,38,21,-14,0,27,-10,-25,68,18,12,-29,4,26,2,-27,75,38,24,-16,19,29,-6,-29,63,2,9,-47,2,25,-2,-33,76,20,24,18,40,33,-3,-25,72,19,-5,-14,13,23,46,-29,85,17,7,-15,1,29,-10,-37,74,24,10
71.8400,-11,-2,28,-6,-41,89,40,22,-13,4,24,-3,-16,67,23,15,-26,6,32,-2,-23,75,39,31,-18,10,21,-2,-36,66,10,6,-41,1,32,2,-35,81,21,14,12,43,32,-8,-28,75,19,-4,-16,16,27,41,-33,79,21,6,-13,0,29,-3,-25,74,19,15
71.8600,-17,1,31,-12,-41,87,39,19,-13,1,29,-6,-23,72,22,15,-28,7,33,1,-31,74,33,30,-16,9,25,1,-29,73,6,16,-50,-5,27,1,-32,75,21,24,6,38,34,-5,-35,72,23,-6,-18,18,31,37,-34,83,22,8,-17,1,28,-9,-33,84,33,14
71.8800,-13,0,32,-7,-41,87,41,23,-16,-1,30,-2,-30,69,21,10,-30,7,28,-7,-26,78,43,23,-20,11,29,-4,-35,63,4,12,-48,-4,30,2,-35,82,24,17,9,46,28,-4,-30,78,18,-4,-20,10,26,41,-35,79,28,7,-15,0,28,-10,-38,79,33,13
71.9000,-17,3,24,-6,-45,93,42,21,-15,7,34,2,-27,76,23,1,-28,4,26,-3,-30,75,38,19,-16,10,26,-4,-40,61,-1,12,-40,2,31,3,-38,77,26,18,4,44,28,-3,-32,69,16,-6,-25,14,26,45,-33,80,24,12,-20,4,28,-6,-34,79,30,17
71.9200,-20,1,25,-5,-45,89,38,20,-13,2,29,8,-32,72,18,5,-23,6,34,-3,-30,75,43,22,-17,3,32,7,-32,67,-2,14,-42,0,28,-2,-39,81,28,14,5,45,31,0,-33,73,15,-4,-16,11,31,31,-37,85,20,15,-12,3,29,-4,-39,84,28,14
71.9400,-19,4,25,0,-44,96,41,23,-15,4,29,0,-31,77,27,4,-33,11,27,-3,-28,78,39,23,-14,5,31,3,-32,63,7,14,-41,-4,31,-3,-41,79,20,15,-3,42,24,-2,-31,78,18,1,-20,7,25,39,-37,81,21,14,-14,6,30,-9,-38,81,26,18
71.9600,-21,0,25,-4,-51,88,39,18,-10,2,33,1,-33,76,19,7,-26,-2,28,-4,-24,71,39,17,-15,7,30,0,-42,72,4,6,-40,5,32,3,-39,76,30,15,-1,46,30,-5,-30,70,13,-9,-17,2,30,42,-39,80,26,17,-15,0,30,-9,-34,84,35,11
71.9800,-12,-4,25,-2,-48,87,40,21,-11,3,37,-2,-37,70,22,7,-22,-2,31,-9,-25,78,40,24,-9,2,30,5,-34,66,7,12,-35,-4,25,-4,-32,75,23,13,-4,46,30,0,-36,77,13,-1,-25,4,29,39,-36,81,25,14,-16,1,26,-9,-39,88,34,7
72.0000,-19,0,30,-5,-47,91,41,18,-14,-1,36,-8,-28,72,24,7,-26,11,35,-6,-23,72,41,20,-8,-1,28,-5,-30,69,6,12,-40,-1,33,-3,-35,75,24,11,-3,46,25,-8,-31,74,15,-2,-21,0,36,37,-38,84,24,14,-14,6,31,-13,-41,76,31,6
72.0200,-15,-5,25,-6,-43,89,42,17,-10,2,40,-9,-30,69,26,4,-29,2,31,-6,-30,60,40,16,-6,3,31,2,-33,64,4,9,-43,-5,30,-9,-37,71,25,16,-2,47,33,-4,-29,75,11,3,-18,-2,28,38,-34,77,27,20,-9,6,24,-9,-41,81,32,10
72.0400,-16,1,33,-6,-44,94,36,22,-14,-4,31,-7,-34,67,28,10,-27,6,29,-14,-32,66,43,16,-10,-3,36,-4,-35,66,2,6,-38,3,34,-4,-35,67,28,13,-2,39,29,1,-25,69,17,4,-15,-2,28,36,-44,80,36,22,-15,4,35,-14,-43,83,35,6
72.0600,-21,-1,35,-9,-48,90,42,23,-15,2,32,-11,-29,65,26,5,-34,10,24,-6,-34,70,44,15,-5,2,33,-3,-41,67,8,6,-39,1,33,-4,-38,69,24,10,-5,43,32,-2,-33,70,12,4,-24,-6,33,35,-36,74,29,16,-14,6,29,-16,-45,78,42,10
72.0800,-18,2,26,-4,-53,92,42,24,-16,6,32,-10,-27,64,24,8,-34,7,35,-15,-27,71,37,15,-6,3,34,-7,-36,61,7,6,-42,1,32,-11,-35,69,22,11,3,40,30,-6,-31,75,13,3,-16,-5,28,41,-44,84,33,12,-17,8,34,-10,-34,78,35,7
72.1000,-20,6,29,-8,-53,85,43,16,-18,4,36,-11,-37,66,27,0,-33,9,29,-10,-20,64,36,21,-8,4,32,-8,-38,63,5,8,-47,2,29,-11,-34,69,30,8,-6,36,35,-4,-26,71,13,12,-15,-6,26,38,-43,78,34,15,-18,5,28,-13,-38,78,30,-3
72.1200,-19,-4,32,-7,-50,88,42,19,-18,4,29,-15,-29,67,23,1,-34,3,25,-10,-25,71,38,13,-7,5,36,-10,-38,63,7,8,-50,-1,30,-14,-32,74,26,10,-4,43,36,-3,-25,76,10,11,-14,-12,34,32,-36,74,27,11,-23,7,33,-13,-41,81,31,4
72.1400,-17,3,27,-7,-48,87,36,20,-16,9,31,-17,-26,58,22,4,-38,6,28,-9,-21,68,38,13,-8,6,35,-10,-37,62,5,14,-47,8,31,-9,-34,72,25,10,-5,37,32,-5,-35,73,14,11,-8,-9,25,33,-38,81,27,13,-21,12,36,-11,-39,80,40,0
72.1600,-16,2,29,-9,-47,84,41,22,-13,10,32,-15,-20,63,18,1,-29,3,33,-7,-23,71,34,14,-8,7,30,-14,-39,60,3,4,-47,7,34,-7,-26,76,22,12,-4,34,36,-10,-33,75,20,13,-15,-9,27,33,-35,78,32,17,-17,10,36,-15,-38,86,35,3
72.1800,-18,2,29,-6,-45,91,42,18,-23,3,31,-14,-25,62,18,-1,-31,12,25,-9,-21,66,34,22,-5,9,30,-14,-30,56,7,5,-46,5,32,-10,-35,68,18,10,-3,30,31,-6,-29,78,13,11,-6,-9,27,35,-38,79,23,14,-19,6,28,-8,-34,76,37,6
72.2000,-22,5,30,-11,-47,89,42,20,-14,6,30,-19,-26,67,17,12,-35,7,25,-7,-22,70,33,22,-2,7,33,-14,-30,57,7,5,-48,8,29,-12,-37,73,20,6,1,30,32,-10,-39,79,18,11,-10,-9,21,32,-38,73,29,11,-21,5,33,-9,-34,77,26,4
72.2200,-18,2,31,-11,-46,90,38,13,-18,6,29,-8,-29,60,21,6,-29,5,26,-5,-18,69,31,23,-4,4,36,-18,-32,61,6,6,-46,4,27,-11,-37,71,19,9,1,30,36,-8,-34,75,12,9,-12,-7,17,33,-36,77,29,12,-22,10,29,-10,-28,79,33,4
72.2400,-14,-2,32,-10,-48,86,40,20,-18,10,24,-12,-19,65,23,10,-35,-1,30,-9,-24,71,33,24,-6,2,35,-14,-31,61,5,10,-47,7,29,-8,-29,69,15,11,4,30,27,-9,-35,73,12,7,-12,-5,22,35,-40,79,27,11,-21,7,31,-10,-44,76,25,5
72.2600,-16,3,32,-10,-41,91,44,15,-27,8,25,-8,-21,66,18,10,-36,3,28,-2,-24,73,28,19,-6,10,28,-11,-31,67,8,0,-49,6,24,-9,-27,73,22,15,7,29,35,-9,-39,74,18,10,1,0,20,38,-40,79,34,10,-21,3,26,-13,-37,79,28,5
72.2800,-19,-2,23,-8,-40,84,32,26,-22,8,27,-9,-16,68,19,12,-38,11,23,-10,-28,77,36,16,-10,14,30,-14,-36,63,8,-1,-46,3,26,-5,-32,73,23,16,13,30,32,-9,-37,75,18,4,5,-6,26,36,-37,80,29,11,-19,2,26,-18,-31,73,27,6
72.3000,-19,0,35,-8,-44,88,38,22,-19,5,22,-3,-20,70,24,8,-40,9,34,-5,-31,73,37,19,-11,11,35,-10,-32,65,12,1,-52,2,29,-7,-29,76,21,17,17,31,29,-8,-37,77,18,5,-1,-5,29,37,-38,80,31,12,-14,3,27,-14,-32,76,28,11
72.3200,-14,-1,30,-4,-40,89,35,17,-22,6,21,-2,-17,69,18,5,-30,10,36,-4,-30,76,36,22,-8,11,34,-11,-34,61,8,6,-51,5,21,2,-24,67,21,12,16,26,33,-9,-37,70,17,4,1,-5,27,37,-38,80,33,10,-24,8,26,-7,-37,77,27,4
72.3400,-16,-1,30,-13,-42,93,38,19,-21,5,32,-5,-15,66,13,9,-34,8,25,1,-19,78,35,28,-3,6,28,-5,-33,64,9,5,-45,5,27,-3,-31,77,20,13,11,25,30,-8,-38,74,17,5,-8,0,24,36,-41,77,33,5,-19,-5,26,-10,-29,83,29,10
72.3600,-15,3,33,-8,-44,92,41,24,-16,4,26,-2,-17,72,9,9,-26,0,22,-3,-17,75,38,28,-10,15,23,-6,-29,61,5,2,-47,7,31,-1,-22,72,24,14,10,29,30,-6,-37,77,23,7,-7,-1,26,44,-35,79,37,6,-13,4,28,-12,-40,82,30,9
72.3800,-19,5,33,-5,-47,96,39,23,-16,4,27,-6,-20,68,15,9,-28,-3,28,-2,-27,81,35,35,-12,10,28,1,-31,64,8,9,-42,7,32,-2,-28,68,21,11,11,29,32,-6,-34,70,18,8,-8,4,30,47,-35,82,29,3,-17,4,34,-11,-37,76,27,18
72.4000,-18,7,33,-5,-45,94,37,24,-20,6,35,7,-17,75,18,8,-25,1,31,-8,-40,80,36,20,-3,9,30,-7,-30,60,2,7,-51,2,32,7,-30,76,22,14,19,30,26,-4,-34,74,17,4,-5,8,29,37,-38,89,33,10,-22,2,33,-18,-35,75,32,8
72.4200,-18,-4,32,-10,-47,95,37,20,-18,1,26,0,-17,72,12,6,-27,0,27,-4,-26,76,35,27,-10,13,27,-1,-26,62,2,2,-46,8,29,0,-30,74,20,17,17,32,27,-5,-34,73,19,-3,-3,7,22,44,-39,76,31,4,-19,8,29,-17,-40,81,28,10
72.4400,-14,1,29,-9,-46,90,42,21,-13,2,29,-2,-21,72,17,10,-29,7,29,4,-25,73,41,26,-12,11,27,2,-34,62,8,3,-45,5,30,-1,-24,75,19,19,17,35,29,-3,-30,73,22,7,-4,8,28,39,-35,73,32,3,-15,6,26,-13,-40,76,26,12
72.4600,-16,3,30,-9,-50,94,37,18,-13,-4,35,0,-23,71,21,13,-25,-1,30,3,-28,75,36,28,-8,12,30,1,-22,63,6,5,-44,7,24,-1,-29,82,18,15,16,36,29,-1,-37,80,23,-3,-4,4,30,40,-31,75,29,6,-15,5,30,-11,-34,78,31,15
72.4800,-19,5,32,-2,-45,93,35,18,-17,0,27,3,-30,73,10,12,-30,1,29,-4,-36,76,40,20,-9,14,29,3,-23,61,2,7,-49,-2,27,-1,-27,78,19,12,8,38,30,-4,-36,75,19,1,-8,3,26,43,-31,77,29,9,-8,1,33,-11,-42,78,31,7
72.5000,-16,2,32,-3,-48,92,40,27,-18,2,26,-5,-26,69,18,15,-29,4,31,-7,-36,78,36,27,-17,9,29,-3,-23,63,4,0,-50,4,35,2,-32,78,21,20,14,34,31,0,-34,75,19,3,-13,2,26,43,-40,76,29,6,-11,0,32,-9,-31,80,27,9
72.5200,-14,0,31,-4,-41,91,43,20,-19,-9,24,-2,-22,70,21,19,-25,2,28,-1,-35,71,44,23,-12,10,31,2,-23,60,3,6,-49,0,27,3,-30,79,20,21,12,36,27,-1,-31,70,17,1,-17,9,26,47,-33,74,26,4,-4,-2,28,-16,-37,79,29,9
72.5400,-11,-1,28,-3,-41,93,41,21,-16,-4,35,2,-25,74,20,13,-20,-1,31,-2,-28,72,48,26,-18,11,32,4,-31,70,3,-1,-48,2,33,0,-28,80,18,18,18,40,32,-2,-32,71,19,0,-16,6,28,37,-33,72,28,9,-11,7,29,-13,-33,84,31,9
72.5600,-9,-1,30,-3,-49,92,47,19,-15,-2,26,2,-32,77,16,17,-25,-4,29,-4,-34,73,42,22,-15,11,30,-3,-31,70,0,4,-46,-1,28,-1,-28,82,21,26,16,37,25,-5,-34,72,18,1,-12,6,31,42,-34,71,24,5,-13,5,29,-19,-35,79,35,12
72.5800,-11,1,21,-9,-40,95,44,23,-13,-7,31,-7,-25,74,15,11,-26,0,31,-3,-31,76,46,27,-13,9,37,-7,-24,63,-5,11,-43,-2,28,-6,-34,79,22,26,7,34,32,1,-37,69,18,0,-15,3,29,44,-32,80,30,9,-11,1,36,-10,-30,80,37,7
72.6000,-14,-1,29,-10,-45,95,42,24,-6,-5,27,1,-29,71,21,16,-24,-3,29,-2,-33,74,42,28,-13,7,32,0,-22,69,0,7,-42,2,27,1,-35,79,18,19,10,40,28,-1,-37,68,20,-1,-14,2,26,41,-33,78,32,4,-6,3,36,-15,-30,84,32,15
72.6200,-10,0,34,-9,-45,91,40,24,-14,0,30,-3,-26,72,16,17,-17,-2,31,0,-28,73,45,21,-11,15,31,-1,-30,69,-5,8,-37,2,34,-6,-35,83,24,23,9,36,31,-1,-30,70,20,1,-15,4,26,40,-37,67,25,6,-14,-2,29,-12,-38,78,28,7
72.6400,-10,0,30,-4,-47,92,42,25,-9,-3,29,-2,-27,73,19,10,-24,-4,32,-4,-26,75,42,27,-10,7,26,-1,-31,69,-5,10,-44,-6,29,-6,-36,83,21,29,3,38,35,-3,-33,72,21,-8,-10,0,24,40,-33,80,25,12,-13,7,31,-16,-37,83,28,14
72.6600,-14,-1,32,-7,-47,94,43,20,-11,-2,28,-5,-37,74,22,15,-29,-1,28,-5,-31,77,50,28,-9,4,28,-6,-27,67,-3,7,-46,0,35,-4,-42,80,19,18,9,43,32,-3,-24,68,15,-2,-15,-1,27,40,-25,76,24,8,-21,0,34,-14,-32,82,34,10
72.6800,-21,-1,32,-8,-49,92,40,19,-13,-9,29,-11,-29,74,22,10,-26,-1,26,-1,-26,70,42,18,-11,6,29,-8,-25,66,-2,11,-44,-11,31,-6,-32,76,19,23,5,42,29,-6,-31,71,22,1,-9,-5,26,44,-27,80,22,15,-14,5,29,-14,-37,77,36,15
72.7000,-9,-2,36,-9,-50,94,48,14,-8,-5,38,-13,-35,73,26,13,-26,-5,30,-13,-31,78,40,19,-16,11,31,-3,-25,64,-1,13,-40,-7,31,2,-40,83,17,23,10,35,30,1,-27,70,11,-5,-9,-1,25,45,-28,79,23,11,-9,0,32,-13,-36,81,29,11
72.7200,-11,6,30,-9,-46,90,47,16,-6,-9,28,-9,-29,71,21,14,-25,-4,33,-10,-24,70,41,24,-8,7,31,-1,-33,66,2,12,-47,-7,24,-2,-39,79,22,19,7,35,35,3,-33,68,16,1,-8,4,24,47,-28,82,25,15,-14,-1,34,-10,-38,82,30,6
72.7400,-13,-5,28,-8,-49,96,45,22,-7,1,34,-10,-38,70,29,7,-20,2,30,-5,-24,72,40,19,-9,9,31,-2,-32,72,-2,9,-37,-3,33,-5,-41,81,28,22,6,34,27,-1,-30,73,15,3,-12,4,29,44,-28,79,22,10,-14,2,28,-11,-35,75,32,12
72.7600,-10,-2,31,-6,-43,94,40,17,-15,-4,30,-11,-32,74,29,7,-24,0,33,-2,-27,71,45,15,-10,4,39,-7,-40,73,6,12,-35,-5,33,-2,-41,77,23,16,8,36,34,-7,-28,69,18,5,-12,1,24,49,-36,84,22,14,-16,1,34,-9,-38,78,29,11
72.7800,-12,-1,33,-8,-48,90,42,20,-10,-3,32,-8,-38,69,27,1,-24,2,28,-1,-22,71,41,15,-8,0,30,-6,-32,71,0,17,-41,0,34,-9,-37,80,25,18,4,40,29,-3,-33,65,9,-2,-11,1,18,44,-24,85,22,12,-16,2,30,-9,-37,78,32,13
72.8000,-16,0,28,0,-44,88,40,21,-8,2,26,-8,-27,73,23,3,-24,5,28,-5,-23,77,43,15,-8,7,32,-4,-35,74,2,11,-36,-1,26,0,-40,74,32,12,6,38,30,1,-27,70,7,4,-13,-3,25,41,-28,84,22,19,-17,-2,23,-2,-33,79,30,13
72.8200,-14,-3,26,-2,-42,90,35,22,-11,3,36,-8,-33,75,25,3,-30,9,25,-3,-23,75,43,6,-9,2,26,-3,-37,72,3,14,-37,-6,24,-1,-38,75,26,22,2,42,26,7,-26,76,4,2,-10,3,22,42,-34,83,25,14,-6,-1,22,-8,-42,81,31,2
72.8400,-18,-3,31,-9,-41,95,37,20,-9,0,28,-6,-26,70,24,-2,-28,9,28,1,-19,75,41,16,-9,2,34,0,-42,75,1,11,-40,-3,32,-1,-34,74,38,14,0,39,30,0,-27,80,6,6,-18,-2,22,43,-39,85,27,14,-8,2,24,-6,-41,78,28,13
72.8600,-16,-2,36,-3,-43,89,41,22,-11,9,24,-2,-23,71,31,-2,-32,10,30,0,-25,79,41,8,-11,-1,29,-2,-33,73,4,9,-33,-1,24,-2,-42,78,30,14,0,40,35,-2,-28,74,6,7,-20,-6,24,41,-41,81,22,17,-21,1,28,-6,-38,81,27,12
72.8800,-16,5,29,-11,-45,88,41,26,-11,11,33,2,-25,69,20,0,-26,16,27,1,-29,75,44,10,-5,3,32,-7,-35,72,12,7,-34,1,33,-4,-43,70,34,11,2,38,28,-4,-32,81,13,14,-15,0,20,42,-41,85,26,13,-18,-2,25,-4,-26,77,24,14
72.9000,-14,3,31,-9,-44,94,38,25,-15,11,25,-6,-28,67,23,-4,-33,13,28,-4,-28,80,45,16,-8,5,25,-2,-39,71,9,3,-42,-3,18,-1,-33,75,32,12,8,32,32,-4,-34,86,13,-1,-14,-5,26,43,-45,91,29,11,-16,2,25,-9,-38,73,33,7
72.9200,-22,-1,28,-1,-44,93,38,24,-15,6,27,-2,-28,71,21,-2,-41,12,31,-4,-30,77,35,12,-11,3,27,-3,-43,73,14,10,-42,4,26,1,-31,76,34,10,-1,33,30,0,-30,81,12,8,-14,-1,25,40,-41,94,31,16,-21,1,29,-9,-41,84,29,15
72.9400,-18,3,26,-1,-38,89,35,22,-17,12,27,0,-29,66,21,-8,-43,12,29,1,-27,84,41,18,-4,7,27,0,-38,73,14,6,-45,4,22,3,-35,78,30,5,3,38,26,4,-40,84,11,7,-10,-4,29,37,-42,91,33,10,-23,11,30,-10,-45,83,36,8
72.9600,-18,-2,26,-6,-44,95,41,21,-16,15,22,0,-19,74,26,-2,-37,15,29,-5,-23,78,39,15,-12,6,29,-3,-38,72,10,5,-44,7,24,1,-32,76,31,8,0,36,30,-6,-41,78,18,11,-8,1,28,45,-46,90,31,13,-11,2,24,-7,-32,81,29,10
72.9800,-18,-3,28,-7,-51,98,38,16,-18,12,26,0,-23,75,18,-7,-33,18,31,0,-30,78,43,16,-2,11,33,-2,-47,67,10,3,-50,8,27,-1,-39,77,24,9,5,38,34,-1,-36,86,17,6,-17,-1,28,42,-50,83,38,14,-16,4,24,-6,-28,78,31,12
73.0000,-19,1,30,-5,-44,89,37,15,-20,11,23,-5,-23,69,23,-2,-37,11,27,3,-26,86,45,20,-7,4,26,-4,-37,66,8,4,-41,10,29,-6,-33,71,25,4,4,33,27,-6,-34,90,13,5,-11,-8,26,43,-44,91,35,9,-12,4,33,-7,-35,80,29,7
73.0200,-19,6,28,-9,-43,91,40,23,-21,8,26,-2,-26,75,23,-4,-46,10,25,2,-32,83,47,20,-6,11,32,-7,-40,69,14,0,-47,10,26,-5,-31,79,22,1,4,31,36,-3,-41,82,15,4,-9,-11,28,43,-41,87,37,16,-15,4,32,-20,-41,81,33,8
73.0400,-16,4,29,-7,-44,90,34,15,-27,15,32,-5,-25,69,24,3,-37,13,24,-3,-29,82,39,20,-10,8,32,-2,-36,67,11,-5,-48,8,29,-1,-27,74,19,12,6,28,35,-9,-46,87,27,4,-10,-3,29,42,-46,85,43,9,-19,5,27,-10,-35,76,30,9
73.0600,-17,5,28,-5,-41,95,40,28,-25,11,29,-7,-27,68,27,0,-34,8,31,-6,-33,82,38,20,-8,10,33,-1,-35,74,16,-6,-50,11,27,-6,-29,84,24,9,11,30,31,-1,-48,81,22,6,-3,-3,24,41,-47,83,32,2,-13,1,29,-15,-33,79,27,7
73.0800,-22,1,25,-4,-45,94,44,21,-22,19,27,-5,-28,77,18,2,-34,7,28,-4,-29,82,39,18,-10,13,28,1,-30,66,17,0,-47,15,28,-4,-26,77,25,7,15,30,29,-1,-41,83,23,6,-6,1,26,44,-45,84,40,6,-13,6,29,-14,-35,78,28,12
73.1000,-15,5,27,-6,-46,94,36,19,-26,11,28,-1,-31,73,23,2,-36,6,23,-2,-34,77,39,22,-6,15,33,-1,-29,68,11,2,-56,13,29,-3,-38,81,25,11,14,26,34,0,-40,80,23,6,-8,-2,19,47,-36,81,43,8,-17,12,32,-18,-33,78,33,5
73.1200,-13,-1,33,-7,-46,92,38,20,-25,6,29,-3,-27,71,22,1,-31,5,23,-2,-33,79,43,22,-13,13,31,-9,-24,71,15,-6,-49,13,29,-6,-31,75,28,12,16,27,31,-1,-41,82,20,4,-13,-1,24,42,-44,84,40,0,-18,6,25,-12,-37,74,31,10
73.1400,-21,-3,29,-11,-57,94,49,20,-20,12,30,-7,-28,68,21,10,-31,5,24,-4,-33,76,47,19,-9,16,28,-7,-28,66,13,-2,-52,10,29,-1,-33,77,29,14,8,30,31,-5,-48,82,21,-2,-5,4,40,36,-48,81,40,-2,-25,3,34,-17,-36,78,33,7
73.1600,-15,-1,36,-3,-47,96,40,21,-24,3,32,-3,-29,73,17,10,-30,3,29,-9,-32,78,44,17,-9,13,31,-8,-27,62,8,3,-55,8,30,0,-35,82,25,11,18,27,37,-6,-40,80,27,-2,-10,2,27,38,-43,80,41,4,-19,9,28,-13,-35,79,30,7
73.1800,-19,-1,33,-2,-37,91,40,23,-24,6,22,-8,-24,76,25,11,-26,0,29,-5,-25,80,44,23,-12,12,30,-6,-30,66,11,-4,-53,6,32,-5,-36,78,26,15,14,33,34,-4,-40,77,31,2,-10,9,25,33,-33,75,37,-1,-21,3,32,-14,-33,81,28,7
73.2000,-20,2,37,-5,-48,99,41,21,-24,7,29,-3,-21,75,18,13,-34,2,30,-5,-27,79,39,21,-13,17,32,-1,-25,61,8,2,-57,8,31,-5,-31,77,18,24,15,33,30,-7,-37,77,23,3,-12,3,27,38,-41,79,35,3,-18,15,37,-15,-36,85,30,10
73.2200,-15,-3,29,-3,-44,91,42,26,-19,1,25,-4,-25,75,17,6,-26,4,32,-5,-33,75,39,18,-16,16,34,-2,-24,64,2,-3,-55,7,23,-4,-27,76,19,23,13,33,35,-3,-38,74,27,-3,-12,4,28,34,-36,77,37,6,-18,11,37,-9,-44,82,32,6
73.2400,-15,3,29,-5,-43,94,43,19,-25,8,32,-4,-29,74,23,7,-31,4,30,-1,-31,72,46,19,-15,11,34,-2,-28,67,5,-1,-50,7,27,0,-34,77,20,26,13,39,33,-5,-30,72,24,0,-14,7,31,38,-40,81,34,3,-21,1,32,-12,-40,83,32,10
73.2600,-13,0,28,-16,-42,92,38,22,-21,1,33,-3,-27,73,21,7,-28,0,30,0,-31,76,45,20,-17,17,26,-1,-23,69,2,4,-57,-2,24,-8,-39,83,26,25,8,33,27,-12,-34,70,24,-4,-16,5,25,42,-40,82,32,3,-17,5,36,-10,-42,84,33,11
73.2800,-14,3,37,-14,-47,97,46,18,-21,-1,33,-5,-33,72,23,15,-27,-1,30,-7,-38,72,45,20,-17,19,30,-9,-31,66,5,3,-46,-2,32,-3,-28,78,24,22,12,38,32,-7,-32,73,20,-7,-12,5,28,40,-25,78,39,10,-17,7,31,-15,-32,82,23,14
73.3000,-19,3,35,-8,-50,93,38,23,-17,-7,36,-8,-28,72,27,15,-21,0,33,-2,-24,75,46,23,-15,19,36,-5,-28,68,3,7,-50,-1,30,-1,-39,77,29,16,10,38,32,-7,-29,72,24,1,-11,8,24,42,-33,79,24,5,-13,1,33,-11,-33,85,33,13
73.3200,-15,2,33,-11,-44,95,45,18,-15,-2,31,-2,-31,70,24,15,-22,6,35,-4,-24,80,40,19,-17,5,29,0,-17,73,2,11,-51,0,28,-2,-31,79,27,25,9,39,34,2,-33,72,20,-3,-15,6,22,43,-28,77,26,6,-13,-6,34,-11,-31,78,33,16
73.3400,-20,4,33,-14,-43,98,38,27,-14,-3,34,-5,-27,71,28,16,-22,-2,37,-4,-34,74,46,25,-19,18,35,1,-23,59,-2,5,-49,0,33,-3,-35,78,28,24,6,43,31,-4,-32,70,21,2,-16,5,25,41,-28,83,28,6,-5,-6,29,-15,-34,85,30,10
73.3600,-22,3,33,-11,-50,94,37,21,-20,-4,29,-4,-24,70,28,12,-16,2,35,-7,-34,78,43,20,-23,9,31,-3,-31,70,-4,13,-41,-6,34,1,-39,77,25,28,8,41,26,-3,-27,72,22,-3,-9,6,25,48,-32,80,22,11,-11,-6,29,-17,-31,88,30,16
73.3800,-12,3,34,-9,-38,97,45,29,-12,-11,27,-6,-33,72,25,8,-24,-3,32,-4,-27,76,39,21,-23,13,38,-7,-35,75,3,9,-40,0,34,-1,-34,83,24,21,10,44,32,-10,-31,71,17,1,-13,1,24,43,-27,75,26,16,-17,-6,34,-17,-35,81,28,12
73.4000,-15,-1,31,-5,-45,95,38,22,-15,-8,30,-2,-28,76,25,10,-23,-2,36,-4,-27,78,50,18,-19,12,32,-5,-28,75,1,10,-42,-6,37,-8,-31,82,26,23,4,36,25,-5,-26,73,19,-3,-16,9,29,46,-27,80,22,14,-13,-3,35,-10,-37,84,30,10
73.4200,-13,-7,31,-2,-42,92,37,19,-6,1,32,-3,-32,71,24,14,-20,-4,33,-1,-27,80,44,23,-17,7,32,-5,-35,73,4,12,-43,-3,35,-5,-31,79,26,24,6,40,33,-7,-21,75,14,-2,-18,8,29,45,-32,76,20,15,-12,2,32,-18,-38,83,29,8
73.4400,-12,1,34,-7,-36,97,42,22,-9,-3,32,-8,-31,65,26,6,-19,0,45,-7,-29,74,43,22,-19,11,32,3,-30,70,3,12,-36,-8,25,-6,-35,80,27,25,0,43,30,-6,-29,72,13,1,-20,10,27,47,-37,82,19,14,-4,-4,30,-15,-38,91,28,9
73.4600,-18,4,33,-8,-51,98,42,24,-9,-6,31,-2,-38,78,27,0,-22,0,33,-4,-24,78,38,21,-6,7,24,-1,-29,73,1,11,-37,-6,32,-8,-35,78,23,25,1,41,33,-4,-32,77,10,1,-14,2,24,47,-35,83,23,24,-8,-2,32,-17,-33,88,28,12
73.4800,-10,-8,26,-4,-43,96,38,22,-3,-6,29,-5,-36,73,26,4,-17,-3,33,-4,-28,77,41,22,-13,8,31,-4,-38,76,4,17,-41,-7,29,-4,-35,75,28,23,7,39,34,-2,-29,73,14,7,-23,0,22,46,-34,82,29,15,-9,-2,34,-17,-32,89,30,9
73.5000,-11,-2,25,3,-33,88,38,21,-6,-3,32,-3,-30,67,25,11,-32,-1,32,-7,-27,77,43,23,-13,3,33,-6,-39,70,3,10,-43,-8,29,-2,-41,83,30,23,8,39,32,-2,-27,81,8,6,-10,5,24,41,-33,83,25,18,-11,-2,29,-15,-28,83,30,11
73.5200,-12,-1,30,-4,-51,95,37,21,-14,-2,22,-3,-28,72,23,12,-27,1,30,-6,-31,75,42,17,-12,5,30,0,-34,69,11,16,-41,-6,25,1,-33,75,29,21,4,39,34,-5,-30,79,14,6,-17,3,31,45,-34,83,25,16,-8,1,27,-13,-35,84,32,9
73.5400,-18,6,32,-8,-60,99,39,16,-10,-6,31,-4,-29,70,28,5,-33,1,27,-3,-21,76,41,19,-2,5,29,-4,-32,69,7,10,-41,-3,29,-8,-32,78,25,18,0,37,31,-6,-29,78,17,6,-14,-4,28,45,-35,86,26,17,-10,4,30,-11,-32,87,32,5
73.5600,-17,6,36,-8,-55,105,46,16,-13,-4,37,-2,-21,70,25,10,-29,2,28,-10,-16,74,41,22,-8,3,30,-4,-33,68,7,7,-33,0,21,-2,-31,79,27,16,6,38,28,0,-30,84,16,6,-11,-5,31,44,-33,78,26,18,-12,3,28,-10,-35,86,29,10
73.5800,-19,1,26,-5,-50,99,41,24,-9,2,32,-2,-30,71,19,7,-25,5,31,-2,-24,75,40,17,-16,1,33,-5,-38,69,2,11,-37,-8,28,-5,-37,75,26,15,7,39,34,1,-32,82,9,2,-12,-4,28,45,-32,79,30,18,-21,3,25,-13,-36,81,35,2
73.6000,-14,3,29,-4,-41,90,41,21,-11,2,32,-3,-27,67,19,11,-28,14,27,-5,-30,79,48,18,-7,3,27,-5,-34,72,1,9,-35,-6,20,4,-35,76,26,17,1,30,32,-3,-34,78,9,10,-13,-7,27,43,-35,80,25,15,-18,3,20,-7,-35,81,32,11
73.6200,-15,-1,32,-7,-41,95,34,17,-14,11,33,1,-31,77,20,5,-26,1,25,0,-28,74,43,14,-10,0,34,-5,-35,73,5,6,-39,-2,25,0,-27,77,25,16,6,31,28,0,-35,80,16,11,-12,-6,25,44,-37,79,32,14,-18,-3,27,-8,-34,78,34,6
73.6400,-23,3,32,-7,-58,100,37,15,-17,5,26,-5,-26,68,21,5,-31,6,22,-3,-30,74,38,16,0,6,21,-4,-32,67,3,7,-47,1,28,-3,-29,74,23,11,3,33,35,2,-35,82,15,6,-14,1,25,41,-33,83,24,14,-14,4,28,-6,-33,84,31,4
73.6600,-18,6,30,-4,-46,98,40,13,-16,5,22,-4,-22,66,16,7,-31,2,26,-2,-34,71,40,15,-6,6,34,-4,-36,69,-4,4,-42,-1,22,-1,-28,77,19,18,8,34,36,1,-44,79,14,12,-7,-4,30,49,-37,80,35,11,-20,3,26,-7,-36,85,31,0
73.6800,-19,-1,30,-2,-46,92,39,18,-21,7,27,-2,-21,66,16,4,-32,6,25,-2,-29,77,35,22,-8,9,30,1,-22,66,3,9,-43,-6,23,-1,-24,78,23,14,0,37,33,-2,-44,77,8,11,-8,-10,22,44,-41,87,22,17,-20,3,19,-3,-33,84,33,8
73.7000,-21,5,30,-3,-47,91,35,24,-17,13,32,-2,-23,65,19,3,-35,8,28,-10,-31,77,42,19,-8,8,32,-9,-21,59,5,10,-46,0,25,0,-26,74,29,19,7,29,31,3,-38,83,13,9,-2,-9,28,41,-38,83,27,15,-23,8,33,-4,-36,85,36,0
73.7200,-23,3,31,-4,-48,96,44,16,-21,5,26,-4,-18,68,14,9,-32,-2,31,4,-28,79,39,20,-10,3,27,-5,-34,70,6,5,-45,-2,30,-3,-28,73,28,18,4,25,31,4,-37,82,18,13,-7,-8,29,45,-42,81,31,11,-18,6,31,-4,-35,82,33,7
73.7400,-21,4,26,4,-37,91,36,23,-19,8,35,-5,-17,68,19,8,-35,8,28,-1,-25,75,39,21,-2,7,31,-8,-30,60,0,12,-48,5,39,1,-25,70,31,19,20,25,33,-4,-37,83,18,12,-4,-8,22,48,-37,80,32,16,-21,6,25,-5,-37,86,35,6
73.7600,-21,5,27,-1,-44,90,41,19,-25,7,30,-2,-18,69,19,3,-32,7,27,2,-32,83,34,24,-11,7,26,0,-36,67,6,2,-46,4,27,-1,-29,76,24,18,11,25,36,-1,-48,87,19,11,-7,-5,27,46,-42,77,31,12,-16,2,24,-2,-39,87,32,8
73.7800,-20,6,20,-2,-47,101,39,19,-23,7,28,0,-24,73,15,9,-28,0,31,8,-26,74,41,22,-10,11,30,-3,-29,66,8,2,-48,1,30,4,-22,73,19,21,14,30,33,-4,-43,79,16,0,-4,-8,26,43,-43,83,29,17,-18,11,24,-6,-36,86,35,7
73.8000,-18,0,31,-8,-43,90,39,19,-25,9,21,-2,-20,72,20,6,-31,3,27,-1,-27,78,40,23,-9,10,32,-2,-22,67,6,5,-45,8,27,-1,-27,77,19,22,13,24,34,-1,-43,78,16,9,-1,-8,30,43,-44,84,32,10,-15,7,28,-3,-36,79,34,8
73.8200,-14,3,27,3,-42,94,40,20,-27,3,23,-3,-22,72,23,7,-26,1,29,0,-27,74,40,26,-7,7,27,4,-26,60,8,7,-51,2,30,-1,-27,80,24,20,8,21,32,-1,-37,81,18,7,4,-7,27,41,-41,78,27,12,-17,3,26,-13,-35,80,35,11
73.8400,-20,2,23,-5,-45,94,36,12,-22,5,28,-2,-25,73,15,6,-37,3,30,-5,-34,75,40,22,-6,7,31,-2,-24,65,8,5,-54,5,32,-5,-30,77,27,17,19,29,28,0,-36,75,14,9,1,-15,30,39,-37,81,31,4,-21,3,34,-6,-41,82,34,11
73.8600,-16,-1,27,0,-49,96,45,22,-14,7,31,1,-29,80,20,10,-28,-6,29,-5,-31,78,45,18,-2,5,30,-3,-28,69,3,3,-51,6,36,-4,-27,72,21,17,18,26,31,1,-33,80,21,5,3,3,27,44,-36,82,34,9,-21,4,29,-5,-40,83,38,6
73.8800,-18,0,32,-7,-47,102,39,14,-21,2,36,4,-29,74,22,9,-28,-3,26,-2,-28,79,44,25,-11,11,32,0,-25,68,5,6,-47,5,35,-2,-34,73,28,13,19,26,31,-2,-28,75,18,3,-2,2,29,47,-35,80,32,12,-17,11,36,-11,-45,88,35,9
73.9000,-15,1,35,-2,-50,97,45,11,-25,2,34,-2,-35,75,29,9,-26,-9,34,-2,-31,74,43,27,-13,11,30,3,-26,68,0,4,-43,-1,30,-2,-33,76,30,19,13,23,27,-7,-23,74,18,-1,-7,10,23,43,-30,76,33,13,-22,0,27,-6,-36,87,40,5
73.9200,-19,-2,29,-3,-46,101,44,25,-26,5,32,-9,-37,79,24,12,-26,5,28,-2,-31,75,40,18,-9,4,31,1,-19,66,2,6,-45,4,31,-2,-34,84,19,17,18,24,36,-5,-28,77,14,2,-5,1,21,41,-29,76,28,11,-15,1,32,-19,-32,81,37,5
73.9400,-17,0,23,-2,-46,93,45,24,-11,5,33,-3,-35,78,17,10,-20,-4,34,-3,-32,73,40,19,-16,8,42,-1,-35,67,5,2,-45,-1,34,-7,-30,82,21,14,17,25,29,-10,-30,72,19,4,-2,1,24,43,-31,76,30,10,-21,3,29,-15,-38,82,28,6
73.9600,-14,3,27,-9,-55,96,47,14,-15,-4,30,-5,-31,82,22,7,-24,-2,32,-4,-29,77,42,22,-9,7,35,-8,-26,66,2,2,-46,-1,31,-7,-32,83,23,18,17,22,32,-4,-31,76,20,3,-11,4,32,41,-31,78,30,7,-14,11,25,-13,-34,78,28,17
73.9800,-11,-12,28,-5,-44,96,39,18,-14,4,27,-5,-32,77,26,8,-17,1,34,-2,-30,82,40,26,-16,13,26,-6,-23,74,3,5,-50,1,31,-4,-37,78,25,24,16,27,31,-4,-28,77,19,4,-5,-2,33,42,-34,81,29,9,-21,0,29,-10,-39,79,34,13
74.0000,-7,-5,30,-6,-45,96,38,19,-10,-2,29,-7,-33,76,27,8,-21,0,31,-6,-28,81,40,22,-6,10,30,-2,-25,67,2,5,-44,0,30,-5,-32,82,26,28,21,31,34,-4,-31,81,15,6,-11,2,34,46,-23,74,20,10,-14,3,29,-16,-31,82,27,14
74.0200,-13,0,21,-5,-51,99,42,26,-12,3,34,-11,-31,74,25,1,-26,-3,30,-2,-38,86,48,22,-11,10,28,-3,-31,70,4,7,-47,2,26,-10,-31,84,30,17,15,32,27,-3,-27,76,8,8,-10,9,37,41,-31,82,30,9,-22,-6,27,-12,-34,80,31,13
74.0400,-15,4,25,0,-43,101,38,17,-17,3,29,-5,-31,77,26,7,-21,-10,32,-4,-28,81,45,28,-9,12,33,-5,-28,67,6,9,-38,-2,29,-1,-35,86,24,17,21,28,29,-5,-30,77,17,6,-6,-3,24,45,-28,78,27,16,-16,1,27,-18,-33,84,28,13
74.0600,-20,3,34,-3,-49,92,37,20,-11,5,37,-5,-33,70,23,7,-24,0,29,6,-33,82,45,20,-10,11,27,-10,-32,70,4,7,-42,1,31,-6,-36,82,34,23,18,37,30,-4,-22,79,17,3,-10,-4,24,47,-36,80,24,7,-16,-2,29,-15,-26,78,26,15
74.0800,-20,1,34,-9,-42,94,36,22,-12,-2,32,-4,-28,79,26,10,-26,0,26,-4,-32,86,42,22,-11,9,35,-9,-36,70,3,9,-44,-5,29,-4,-40,84,30,23,15,35,33,-1,-32,80,18,4,-18,5,31,44,-36,85,28,9,-19,0,33,-17,-30,80,25,12
74.1000,-14,6,26,-5,-39,100,33,19,-19,-2,30,-1,-27,75,21,9,-20,3,30,1,-30,79,41,19,-11,6,31,-16,-31,74,1,7,-49,-5,30,-6,-37,83,28,23,14,27,33,2,-26,85,18,7,-13,2,30,49,-34,84,29,6,-14,-4,32,-13,-23,78,30,19
74.1200,-24,1,27,-4,-42,91,39,17,-10,2,32,-1,-32,76,25,7,-18,2,26,-1,-28,87,43,20,-20,7,31,0,-28,69,2,9,-42,-6,29,-7,-36,82,27,19,16,32,30,2,-27,76,16,5,-16,-3,27,47,-30,82,24,13,-15,-3,35,-13,-32,79,27,14
74.1400,-18,-1,31,-3,-52,90,39,20,-18,-2,32,-2,-28,71,27,7,-24,5,34,-1,-31,86,42,27,-13,6,31,-2,-19,67,6,11,-41,-12,29,6,-23,81,25,31,12,41,35,0,-30,82,10,4,-14,-3,24,49,-35,82,27,10,-9,-5,35,-14,-29,82,21,12
74.1600,-16,-2,29,-5,-42,95,41,15,-17,-2,27,1,-23,77,26,8,-28,-4,27,6,-37,85,47,20,-21,11,25,-8,-32,66,8,14,-44,-7,24,1,-27,81,22,29,12,31,27,-4,-31,79,18,5,-12,-1,23,50,-28,79,24,9,-14,-3,37,-8,-25,76,26,15
74.1800,-16,4,33,-9,-51,94,38,17,-15,2,32,-3,-25,72,22,6,-25,-3,29,5,-28,81,44,22,-17,8,38,3,-30,72,9,12,-42,-5,28,2,-30,82,29,24,13,35,26,-3,-33,87,14,3,-15,-7,20,47,-29,82,25,17,-11,-5,31,-12,-29,87,24,17
74.2000,-22,4,35,-7,-45,99,42,20,-18,0,26,-5,-36,71,25,5,-32,2,28,-5,-26,83,45,23,-8,5,36,1,-29,68,10,17,-34,-6,31,4,-33,81,27,22,12,32,30,-6,-34,81,16,0,-17,-5,28,49,-26,83,28,17,-10,-7,34,-11,-32,83,25,12
74.2200,-21,5,32,-7,-45,91,35,23,-12,-4,31,0,-23,75,21,10,-29,-4,30,-3,-26,79,44,23,-14,3,27,-7,-26,75,6,8,-46,0,32,1,-33,85,26,21,9,36,27,3,-35,79,18,2,-12,0,22,50,-30,82,27,18,-13,4,34,-14,-31,85,26,16
74.2400,-21,0,30,-6,-48,93,39,19,-21,9,30,7,-22,73,24,3,-29,0,33,0,-33,82,47,26,-15,2,26,4,-25,66,9,7,-42,-1,31,1,-32,84,31,22,13,32,23,1,-34,79,16,1,-20,5,32,48,-37,81,33,14,-12,-1,28,-13,-25,83,28,15
74.2600,-15,2,32,-6,-46,92,39,22,-21,3,32,4,-25,72,18,10,-29,1,30,0,-34,83,43,23,-13,11,27,1,-30,70,13,9,-45,-1,22,8,-25,78,23,26,11,28,25,2,-38,79,18,8,-12,1,25,49,-44,84,28,10,-10,-8,34,-16,-30,83,23,10
74.2800,-13,6,25,-6,-51,96,45,25,-13,3,27,7,-24,69,30,7,-27,5,29,3,-30,83,43,17,-15,9,36,0,-28,74,6,1,-44,-2,29,-1,-33,79,22,23,4,39,28,0,-44,81,13,-4,-8,-2,33,51,-34,81,31,13,-4,-1,28,-14,-29,85,30,16
74.3000,-17,1,28,-4,-47,94,42,24,-21,4,27,8,-22,74,19,6,-26,4,29,-7,-29,81,45,18,-18,6,25,-1,-26,73,2,6,-45,-1,30,-2,-30,81,28,21,6,33,33,2,-42,80,19,-2,-18,0,26,51,-31,83,31,16,-12,2,28,-13,-37,88,30,18
74.3200,-15,2,30,-5,-44,95,36,16,-23,9,37,2,-29,82,24,4,-30,7,26,-6,-33,86,45,22,-15,7,32,1,-27,68,8,3,-46,-4,26,3,-27,76,27,19,7,33,30,9,-35,85,23,-3,-17,0,22,50,-42,86,33,6,-12,4,32,-14,-35,89,31,10
74.3400,-19,2,31,-6,-44,90,39,18,-25,4,36,0,-30,79,22,9,-31,-1,28,-2,-26,83,41,23,-14,9,32,0,-29,69,2,5,-42,-8,26,0,-31,77,32,25,7,38,28,5,-30,80,21,3,-20,-2,25,47,-42,85,33,13,-13,0,25,-14,-35,85,34,9
74.3600,-19,-5,34,-7,-53,99,41,19,-20,5,36,-2,-21,81,28,11,-25,1,27,-1,-32,82,43,17,-11,9,31,-4,-30,70,4,2,-40,-1,27,2,-34,84,27,23,6,37,30,4,-29,84,21,0,-14,1,28,43,-32,80,31,6,-16,-1,30,-16,-41,88,35,11
74.3800,-22,-4,39,-4,-49,96,44,19,-18,11,39,-8,-22,84,20,6,-29,4,27,-5,-30,80,48,22,-22,9,24,1,-30,73,9,4,-48,-3,31,-2,-27,81,26,21,9,39,27,0,-32,77,8,-1,-13,4,27,47,-38,85,34,15,-11,-3,28,-10,-40,89,33,18
74.4000,-11,4,24,-10,-42,101,42,19,-20,13,28,-6,-26,73,27,9,-35,4,30,-7,-36,81,46,19,-14,7,30,-1,-31,73,-1,1,-53,3,33,-1,-30,83,27,20,7,33,24,3,-40,84,23,-4,-17,-4,25,45,-38,86,36,12,-14,3,32,-8,-46,89,34,6
74.4200,-16,-4,29,-9,-40,96,43,21,-24,5,34,-4,-28,74,24,2,-27,4,32,2,-29,85,50,14,-16,8,35,1,-29,76,2,12,-46,-2,33,-7,-36,78,22,17,10,39,36,-1,-36,81,16,-2,-7,-5,25,49,-36,85,35,9,-9,2,24,-13,-37,85,33,7
74.4400,-15,0,27,0,-42,93,43,19,-20,11,29,-4,-25,83,25,9,-29,6,32,0,-37,79,41,25,-12,11,31,-1,-28,74,8,10,-45,-2,32,-5,-32,80,27,19,8,32,33,9,-33,85,18,0,-16,-2,26,44,-33,83,35,7,-13,7,30,-13,-43,88,33,2
74.4600,-19,2,28,-1,-46,102,45,20,-23,7,33,-3,-31,78,30,3,-28,-4,33,-3,-31,79,44,17,-9,14,29,-4,-31,78,14,8,-45,0,33,3,-40,87,29,19,6,30,35,2,-35,80,20,2,-14,-2,25,43,-36,84,31,14,-15,-6,30,-12,-42,91,29,3
74.4800,-18,7,30,-5,-48,89,41,19,-27,11,37,-5,-33,77,30,3,-24,2,33,-7,-37,86,43,18,-12,10,34,-1,-33,73,8,2,-47,2,28,-1,-29,88,27,18,10,30,28,-2,-32,83,19,-3,-14,-2,24,45,-40,86,37,16,-15,0,34,-7,-44,85,32,7
74.5000,-16,2,34,0,-52,96,37,20,-26,7,27,-5,-24,74,29,5,-26,1,30,0,-35,84,45,16,-10,8,32,-4,-32,76,15,3,-43,2,38,-2,-36,88,29,18,3,28,28,-4,-41,85,26,4,-11,-5,24,46,-44,89,33,15,-7,-1,31,-9,-43,86,29,7
74.5200,-17,1,33,-6,-52,97,44,15,-19,5,36,-6,-30,76,17,-1,-28,7,30,-4,-30,82,50,20,-14,8,31,-3,-28,69,7,9,-46,9,36,1,-34,85,35,10,9,34,34,0,-44,95,24,1,-10,-5,35,43,-41,88,35,5,-15,1,30,-2,-32,84,31,8
74.5400,-10,-2,31,-3,-45,96,43,16,-19,6,29,2,-27,79,29,3,-30,3,32,-7,-30,81,40,18,-5,10,31,-4,-34,75,11,9,-43,1,31,-4,-38,87,32,16,8,29,40,-6,-44,87,27,4,-8,-11,33,48,-46,90,34,7,-17,1,25,-7,-34,88,30,5
74.5600,-18,0,23,0,-46,97,45,16,-18,13,36,-6,-37,84,27,-1,-30,2,36,-5,-38,85,50,15,-14,6,37,-5,-30,73,12,3,-50,2,33,1,-33,87,32,13,6,27,33,-4,-36,81,21,2,-12,-1,35,48,-44,89,34,12,-21,4,26,-11,-36,81,31,6
74.5800,-24,4,29,-5,-46,93,43,21,-23,7,31,-2,-24,76,22,2,-31,0,29,-7,-36,77,41,18,-15,4,37,-10,-30,80,12,6,-48,0,30,0,-39,84,31,18,15,33,35,-4,-32,82,22,3,-8,-5,36,50,-36,85,24,18,-19,10,34,-11,-40,86,37,3
74.6000,-16,-2,33,-4,-44,93,38,14,-20,13,35,1,-34,82,25,3,-36,4,31,-4,-41,86,49,13,-13,10,34,-6,-34,72,1,7,-49,5,39,4,-40,89,33,15,14,29,37,-5,-33,81,18,7,-7,-6,28,51,-36,84,33,11,-19,9,30,-7,-30,76,32,7
74.6200,-21,-1,35,-10,-42,93,41,20,-12,15,32,1,-32,72,20,0,-32,3,32,-4,-33,85,51,16,-10,15,33,-3,-36,80,13,10,-50,7,33,-1,-36,85,29,12,10,25,35,0,-32,89,15,5,-3,-7,29,54,-38,86,40,8,-14,6,31,-8,-33,80,32,11
74.6400,-23,0,31,-7,-51,94,40,19,-18,11,22,-6,-26,74,18,3,-30,3,23,-1,-35,80,44,15,-13,8,32,0,-31,74,4,7,-52,9,31,4,-39,82,28,15,4,30,28,0,-25,87,17,7,-10,-5,27,47,-39,79,31,5,-16,0,29,-5,-38,84,31,8
74.6600,-19,-1,34,-8,-45,93,41,18,-19,6,30,-7,-26,77,23,1,-30,4,21,0,-30,81,44,16,-12,8,38,-11,-36,79,12,5,-44,3,28,-5,-33,87,31,15,16,33,32,-11,-27,88,15,6,-10,-4,32,47,-47,83,37,8,-22,10,32,-6,-35,80,34,12
74.6800,-17,4,41,-4,-39,96,42,18,-17,10,26,-5,-21,73,19,4,-29,5,27,-2,-33,76,46,18,-13,5,36,-8,-30,70,8,5,-54,6,31,2,-34,85,29,22,13,30,33,0,-32,79,10,7,-9,0,30,48,-34,83,30,13,-12,3,33,-13,-37,83,25,8
74.7000,-16,0,34,-5,-44,101,38,17,-22,9,28,-2,-22,77,24,3,-42,5,28,0,-35,77,42,19,-12,12,24,-7,-27,71,6,4,-51,3,28,4,-39,84,35,18,5,30,31,-10,-33,83,20,7,-7,1,24,54,-44,85,27,11,-12,-2,32,-9,-33,80,34,12
74.7200,-19,-1,34,6,-50,100,37,22,-18,13,21,0,-16,74,26,1,-34,9,21,-1,-29,73,38,22,-10,14,31,-4,-28,74,8,4,-49,6,27,3,-34,86,29,19,12,33,30,-13,-35,86,17,1,-15,-1,29,47,-39,88,30,11,-15,4,30,-11,-29,81,27,12
74.7400,-16,-1,33,-2,-48,98,47,11,-22,6,27,-5,-27,73,24,6,-38,1,31,-3,-23,77,45,18,-18,10,31,-5,-31,70,12,2,-53,2,33,5,-41,83,30,19,16,28,31,-6,-32,84,19,3,-15,0,33,52,-37,84,37,7,-13,2,24,-8,-27,88,27,5
74.7600,-14,-4,29,-7,-44,96,44,22,-26,12,31,-3,-29,79,26,-4,-36,7,33,-3,-41,77,47,21,-11,15,25,-1,-28,69,11,11,-54,-2,37,-2,-36,83,27,19,15,28,28,-5,-24,80,20,2,-11,-1,31,53,-34,79,35,7,-27,4,27,-11,-36,81,30,12
74.7800,-17,4,34,-6,-50,92,45,15,-26,12,27,-5,-28,71,27,7,-25,3,28,-2,-30,74,45,19,-14,12,26,1,-25,71,11,2,-51,3,33,4,-36,89,32,20,14,30,25,-3,-31,81,19,3,-9,11,32,52,-35,80,36,11,-15,7,25,-12,-30,85,28,8
74.8000,-19,1,34,-1,-43,96,44,16,-30,11,27,4,-21,74,27,4,-25,-1,29,1,-25,77,47,18,-18,10,25,-3,-34,76,9,7,-51,2,33,4,-33,83,32,20,8,37,29,-1,-39,86,19,5,-12,6,23,53,-32,80,36,5,-18,-1,29,-15,-37,80,29,8
74.8200,-21,3,26,-1,-50,96,46,25,-20,11,26,3,-23,71,25,5,-28,5,28,4,-27,79,45,25,-15,11,31,-5,-26,72,6,3,-52,3,32,6,-36,80,29,15,12,36,31,4,-42,93,20,2,-12,-1,29,57,-31,80,32,12,-16,-1,29,-6,-27,86,31,9
74.8400,-20,-5,26,-4,-34,95,37,19,-24,6,31,-4,-31,79,28,10,-29,3,28,1,-20,80,41,23,-16,8,27,-4,-30,71,13,6,-51,3,28,-3,-33,78,33,24,11,31,28,-1,-30,91,24,2,-12,-4,26,45,-32,82,25,5,-15,1,27,-7,-34,83,31,10
74.8600,-21,-2,31,-6,-46,94,38,21,-27,8,31,-5,-25,77,26,1,-31,5,31,1,-34,77,37,25,-9,10,26,-6,-30,64,9,3,-54,-1,25,0,-29,80,31,17,13,32,32,-2,-35,82,25,5,-13,2,27,49,-22,84,29,15,-18,-6,36,-16,-30,79,31,10
74.8800,-21,-2,34,-5,-50,95,43,18,-27,10,29,-1,-25,74,29,8,-30,-3,28,4,-28,80,44,27,-16,14,30,-2,-30,71,7,9,-48,-1,29,-3,-31,83,29,16,10,33,26,4,-29,82,20,4,-13,2,26,53,-35,86,31,7,-16,1,31,-8,-32,78,32,7
74.9000,-15,-7,31,-5,-48,98,40,12,-21,4,26,-2,-11,71,24,7,-25,-2,31,5,-26,79,35,32,-16,9,31,-3,-28,69,7,8,-48,-4,32,-2,-32,82,29,26,15,36,26,0,-32,79,21,2,-7,1,23,47,-28,77,35,14,-9,0,29,-7,-40,80,27,10
74.9200,-18,5,34,-1,-51,100,45,19,-22,9,26,3,-19,70,22,3,-32,2,34,0,-25,75,38,28,-26,13,24,0,-24,73,14,7,-53,-5,29,1,-33,77,33,25,13,31,25,0,-37,82,18,-4,-15,6,28,54,-31,78,32,11,-9,-5,33,-17,-30,80,32,14
74.9400,-19,-6,33,-2,-51,98,41,20,-16,9,32,1,-15,71,20,9,-20,-3,27,0,-16,83,40,25,-17,15,26,2,-27,67,13,11,-50,-6,30,1,-37,76,28,29,9,35,30,-5,-38,79,22,-7,-13,4,23,46,-26,78,29,10,-10,-6,32,-11,-33,87,31,12
74.9600,-12,-6,31,-5,-50,94,38,19,-21,3,33,-3,-15,70,19,9,-23,-3,29,4,-26,85,39,23,-20,13,25,-4,-24,68,7,10,-58,-1,37,-2,-29,79,28,23,12,36,31,-5,-33,85,18,1,-15,10,31,50,-34,84,24,9,-11,0,29,-6,-29,89,27,11
74.9800,-18,-1,31,-4,-48,95,39,16,-22,7,34,-6,-16,72,22,0,-23,-8,26,1,-25,80,27,22,-13,10,31,1,-29,67,7,10,-50,2,32,1,-36,73,21,22,13,36,25,4,-22,81,24,-2,-14,3,28,49,-27,77,27,14,-15,-2,33,-13,-37,85,31,11
75.0000,-24,-8,31,-3,-55,97,46,16,-24,10,30,-4,-17,68,24,9,-16,3,37,-1,-31,79,38,28,-13,7,29,1,-22,63,7,9,-43,-4,34,-2,-29,78,25,22,0,40,32,7,-28,80,12,-2,-12,4,29,51,-32,78,31,10,-10,-5,35,-13,-36,86,24,15
75.0200,-15,0,27,-8,-56,97,42,18,-13,6,31,0,-15,71,20,8,-21,-1,34,2,-24,80,37,31,-13,8,28,3,-24,67,8,14,-47,-3,33,-2,-30,77,20,25,6,47,31,4,-32,81,19,-3,-12,7,19,48,-26,80,28,12,-19,-2,35,-16,-38,80,31,6
75.0400,-22,2,35,-4,-50,95,40,17,-23,5,32,1,-13,70,19,11,-20,-1,34,-4,-27,82,32,27,-8,5,36,0,-21,67,7,7,-48,-9,32,-2,-26,79,20,18,3,37,28,5,-27,79,13,2,-14,-1,28,47,-30,73,21,18,-10,1,32,-6,-28,88,29,16
75.0600,-22,-4,33,-5,-53,95,46,11,-22,6,35,-8,-17,75,20,7,-22,0,31,-2,-26,84,34,31,-15,4,36,-1,-29,63,2,12,-44,-3,33,4,-28,76,25,23,11,35,35,6,-30,82,19,0,-19,-2,30,49,-26,77,28,16,-13,-5,28,-8,-31,83,29,11
75.0800,-19,-1,35,-3,-54,95,43,16,-18,7,39,-6,-19,76,19,8,-24,-4,30,2,-29,79,39,20,-14,11,33,1,-27,65,2,11,-51,-3,30,-4,-27,83,18,23,9,43,28,-4,-31,84,20,3,-15,-2,31,51,-25,83,25,19,-16,-3,34,-9,-32,85,29,7
75.1000,-21,2,32,-3,-52,99,43,20,-12,0,35,-3,-21,79,12,8,-17,-3,31,-4,-36,78,39,30,-6,6,30,-2,-25,70,5,9,-43,-1,34,-5,-34,81,23,27,7,46,32,0,-25,73,8,6,-15,-5,28,49,-31,81,28,17,-12,-5,33,-13,-37,89,33,14
75.1200,-21,5,37,-5,-43,100,44,17,-18,2,35,1,-15,76,22,4,-26,0,28,-9,-26,82,44,30,-15,6,34,2,-15,68,3,14,-44,-2,33,0,-28,78,22,25,5,38,27,1,-21,84,17,11,-17,-9,31,49,-23,81,27,20,-12,-5,38,-12,-34,88,34,14
75.1400,-21,1,29,-6,-48,94,39,18,-18,10,29,-2,-21,73,12,9,-26,1,31,2,-32,84,41,19,-19,8,32,-4,-26,69,1,4,-48,-8,33,3,-31,81,18,23,2,35,36,2,-20,80,8,0,-21,-3,35,50,-30,83,24,23,-5,-5,24,-8,-25,89,23,16
75.1600,-22,3,30,-5,-45,95,48,11,-16,3,27,2,-20,75,18,10,-23,-1,32,-2,-32,78,40,26,-15,-2,30,3,-23,72,4,16,-42,-6,37,1,-21,83,23,28,6,28,35,-2,-30,78,16,12,-15,-8,28,56,-26,86,25,17,-12,-5,31,-3,-22,81,29,13
75.1800,-18,4,40,-10,-44,96,43,21,-18,3,30,0,-15,77,23,9,-20,-2,28,1,-33,87,35,22,-11,2,32,3,-30,70,7,13,-43,-1,28,-5,-26,77,22,24,7,31,30,7,-25,82,11,14,-12,-8,34,52,-27,86,24,18,-12,-4,28,-8,-40,83,28,10
75.2000,-14,9,39,-5,-59,99,41,14,-18,8,35,-2,-26,79,23,7,-24,3,29,-4,-25,78,41,22,-20,6,28,-2,-23,71,2,15,-38,-2,33,-3,-31,83,24,17,7,31,31,7,-30,80,9,11,-17,-10,23,53,-30,86,23,25,-10,-2,28,-8,-36,82,28,11
75.2200,-14,1,35,-10,-43,96,46,21,-18,5,35,-1,-20,79,27,8,-24,3,31,5,-33,84,42,22,-9,1,34,-3,-30,70,5,10,-37,-3,31,-1,-33,89,25,24,13,33,30,0,-31,87,7,13,-7,-12,27,52,-36,83,19,18,-4,0,32,-11,-40,78,28,16
75.2400,-17,-2,34,-9,-42,91,37,21,-17,9,25,2,-21,76,23,16,-18,-1,30,-1,-39,79,41,19,-11,4,33,-2,-21,74,-2,11,-40,-3,30,0,-30,87,27,22,9,32,35,6,-30,85,11,12,-9,-10,26,48,-32,83,24,20,-7,-7,25,-7,-27,83,26,15
75.2600,-21,-1,29,-7,-46,95,37,21,-8,9,33,3,-24,73,15,7,-27,6,30,-5,-36,84,46,28,-12,7,39,-2,-33,76,14,11,-44,-7,34,-1,-34,89,25,23,13,30,29,0,-31,86,15,11,-5,-13,26,57,-38,86,28,20,-7,-3,33,-4,-37,87,26,9
75.2800,-25,-2,34,0,-49,101,37,11,-15,8,35,-8,-25,75,27,12,-26,4,24,0,-40,76,50,21,-9,4,32,-3,-27,72,2,11,-42,-7,32,-3,-35,85,30,20,20,24,31,-5,-24,87,10,9,-3,-15,26,58,-32,80,23,16,-14,-5,27,-11,-36,86,26,17
75.3000,-16,-1,29,-7,-46,95,38,16,-18,3,29,2,-29,76,21,13,-27,7,32,-4,-33,77,45,23,-6,0,28,4,-27,71,6,9,-40,1,32,1,-39,86,33,16,13,28,32,3,-32,88,8,13,-1,-12,26,54,-24,83,28,23,-9,2,32,-8,-35,85,31,10
75.3200,-27,-1,32,-2,-47,91,43,19,-22,7,23,3,-18,79,25,7,-28,3,25,5,-26,80,49,23,-3,3,31,5,-25,75,2,9,-39,1,29,2,-39,87,29,17,20,24,29,2,-28,93,14,16,-2,-19,27,49,-35,83,29,15,-14,-4,34,-9,-36,94,26,13
75.3400,-15,-5,38,0,-47,97,45,16,-11,6,26,-1,-21,85,16,9,-30,1,26,3,-27,84,43,27,-7,9,30,-1,-30,72,8,12,-47,-2,30,4,-39,90,36,26,9,24,31,-1,-29,90,16,10,1,-15,33,52,-32,85,29,15,-21,-2,30,-5,-36,89,27,15
75.3600,-19,-7,29,5,-47,99,41,16,-14,7,24,6,-26,74,20,7,-33,1,31,-2,-26,83,44,20,-9,8,33,2,-30,77,11,6,-50,-2,29,3,-34,85,32,26,21,24,36,0,-27,87,16,6,-4,-16,34,49,-34,85,30,13,-8,-6,28,-11,-43,88,30,14
75.3800,-19,-1,35,-2,-50,100,39,23,-15,3,29,-4,-21,74,27,5,-28,3,24,-3,-30,84,48,17,-12,5,35,1,-30,77,7,4,-47,-4,32,-2,-35,88,30,24,22,22,33,2,-29,95,17,2,-1,-11,29,54,-27,82,27,20,-13,7,31,-9,-34,88,34,4
75.4000,-19,-4,21,0,-50,89,39,23,-13,3,31,-6,-14,72,26,6,-26,3,28,3,-24,86,49,17,-8,13,33,-6,-24,74,8,7,-48,3,26,0,-36,83,28,19,22,21,33,-2,-39,95,21,6,-6,-10,25,53,-27,83,27,10,-23,6,36,-14,-33,88,36,8
75.4200,-16,-5,35,-3,-43,99,39,19,-24,6,27,1,-24,73,30,6,-27,2,25,-6,-28,80,43,21,-10,6,31,-1,-25,72,10,1,-48,-4,34,-3,-41,91,29,19,19,22,40,2,-32,87,19,3,-4,-11,24,53,-28,91,26,10,-12,-3,32,-14,-42,81,37,12
75.4400,-15,-4,32,-3,-47,94,39,18,-17,5,28,3,-26,75,28,9,-23,-1,27,5,-30,84,48,19,-7,10,24,-5,-34,75,7,8,-48,-3,32,-4,-34,87,33,20,17,28,32,-4,-36,99,24,5,-1,-5,32,52,-30,85,31,6,-18,4,30,-13,-37,90,36,8
75.4600,-25,-5,26,-5,-49,101,42,17,-22,12,31,-3,-18,74,23,3,-28,2,35,3,-31,85,51,18,-12,13,35,-6,-31,70,12,-2,-49,-2,34,-3,-36,90,34,16,17,32,34,-3,-35,93,24,-1,-5,-4,28,54,-30,87,34,3,-15,2,34,-13,-39,88,34,13
75.4800,-19,-1,38,-5,-51,96,43,15,-20,1,33,-4,-19,77,28,7,-33,2,31,-3,-31,82,47,22,-9,10,33,-4,-26,72,11,4,-44,4,31,-4,-35,86,32,15,19,21,37,-5,-31,92,27,-2,-9,5,29,51,-30,86,34,3,-16,3,33,-13,-41,85,38,4
75.5000,-16,0,32,-7,-51,95,39,18,-28,6,35,-2,-19,74,29,8,-31,2,40,-10,-30,85,44,21,-18,13,34,-5,-31,72,14,4,-50,2,31,4,-30,84,33,18,13,29,37,-6,-34,92,24,0,-13,-3,29,48,-36,85,33,5,-13,1,34,-17,-32,88,34,6
75.5200,-26,0,34,-8,-46,92,43,16,-23,12,39,-7,-26,74,31,6,-28,4,30,-6,-27,84,49,18,-14,14,36,-2,-26,72,10,8,-48,0,32,-6,-31,83,34,18,15,30,29,-6,-30,79,28,5,-14,0,29,48,-32,87,31,8,-5,0,36,-16,-30,86,33,10
75.5400,-19,-3,35,-6,-51,95,40,16,-25,6,39,-6,-22,80,27,2,-31,8,33,-5,-22,82,41,21,-18,16,32,-6,-31,70,13,11,-48,-2,37,-5,-35,85,36,20,16,34,36,-5,-35,88,23,-4,-9,4,33,46,-33,83,30,8,-17,5,36,-16,-36,92,37,11
75.5600,-20,2,32,-10,-49,99,53,17,-18,6,38,-8,-23,80,28,3,-36,7,35,-1,-31,82,37,17,-23,11,33,-7,-35,70,16,4,-50,-1,28,2,-36,83,37,16,16,43,36,-3,-42,91,23,0,-13,2,34,48,-32,83,30,1,-13,4,42,-20,-42,88,37,7
75.5800,-19,-2,34,-8,-49,96,47,18,-11,10,38,-4,-28,75,29,1,-38,2,31,-5,-28,85,46,13,-16,11,37,-4,-33,70,9,5,-46,3,38,-1,-34,82,37,20,13,44,29,-9,-34,87,16,-10,-9,-1,31,49,-29,81,27,9,-14,-2,34,-17,-34,82,39,9
75.6000,-20,-3,33,-9,-49,100,50,16,-21,18,32,-6,-24,73,25,0,-31,5,38,-8,-34,83,43,23,-19,16,29,-1,-32,69,11,4,-52,8,44,-4,-31,80,29,15,13,33,35,2,-35,82,21,2,-18,2,33,48,-32,83,36,8,-13,5,31,-20,-37,85,33,7
75.6200,-13,-3,36,-9,-55,92,48,14,-28,16,38,-11,-24,79,25,5,-32,6,40,-2,-33,79,43,18,-14,10,36,-4,-31,74,4,10,-60,4,34,-8,-39,86,33,14,9,41,36,-2,-32,88,22,0,-17,11,28,52,-27,86,32,4,-16,7,34,-16,-38,86,31,5
75.6400,-21,0,36,-6,-54,103,49,18,-21,12,40,-4,-17,79,29,0,-35,2,36,3,-27,81,41,22,-16,13,34,-4,-32,68,6,5,-52,9,36,-5,-36,87,31,14,6,47,33,-8,-28,86,21,-3,-16,5,37,46,-31,81,36,8,-14,-1,32,-15,-37,88,37,11
75.6600,-20,-1,35,-9,-57,93,43,11,-25,16,34,-6,-28,73,27,1,-29,6,34,-8,-31,82,43,23,-22,11,35,-6,-32,73,10,5,-45,0,33,-3,-35,80,34,17,2,42,31,2,-31,82,17,0,-14,4,38,45,-41,83,38,11,-15,-5,27,-16,-22,77,36,5
75.6800,-19,-2,39,-2,-46,96,46,19,-21,16,35,-8,-23,78,29,5,-31,6,35,-8,-37,81,46,18,-18,6,39,-6,-33,73,11,7,-50,5,38,-3,-35,82,33,10,3,44,27,3,-35,89,19,1,-25,5,33,46,-41,92,32,16,-11,-2,32,-14,-26,81,31,6
75.7000,-20,-3,28,-6,-47,105,46,12,-26,19,32,-6,-15,78,26,5,-30,2,30,-3,-34,86,43,14,-20,10,35,0,-23,66,9,4,-53,2,35,3,-30,78,30,14,5,40,30,-4,-28,88,13,-1,-21,4,34,47,-45,89,37,7,-17,3,26,-6,-35,89,32,6
75.7200,-16,1,41,-7,-48,102,48,16,-23,14,35,0,-23,73,26,2,-26,2,34,-4,-30,83,38,25,-23,3,36,-3,-25,69,8,3,-52,7,32,-1,-28,84,33,18,1,51,33,-4,-34,86,16,-1,-20,2,31,52,-33,88,31,9,-15,-1,29,-5,-28,87,28,4
75.7400,-19,0,36,-5,-48,96,43,16,-27,15,32,-2,-20,81,27,1,-32,9,30,-6,-32,84,40,22,-18,4,37,0,-32,72,13,2,-54,5,34,1,-25,87,32,14,8,39,30,4,-33,89,13,-1,-17,8,32,49,-29,82,37,11,-21,-1,30,-8,-24,88,22,11
75.7600,-25,0,34,-5,-48,96,40,19,-17,7,38,-4,-24,79,22,5,-27,7,37,-1,-33,81,41,23,-22,8,31,-1,-33,77,12,9,-57,3,32,-2,-26,84,27,16,-5,41,31,1,-29,90,16,2,-14,-4,24,54,-25,81,30,11,-18,-2,26,-5,-30,83,28,10
75.7800,-21,-5,30,-3,-46,98,39,16,-21,13,30,3,-20,80,25,3,-38,4,34,-1,-32,82,40,25,-23,7,42,0,-34,80,14,11,-54,-1,36,1,-30,81,27,18,2,37,28,-3,-20,95,11,5,-18,3,35,49,-42,83,33,2,-20,3,30,-6,-26,91,24,14
75.8000,-21,0,28,-1,-50,100,46,17,-24,14,29,4,-23,80,18,7,-30,4,32,-1,-35,87,36,24,-12,6,29,5,-24,71,15,6,-53,6,40,-5,-31,86,31,22,6,39,33,1,-25,93,12,3,-12,-5,30,60,-20,79,26,14,-15,7,30,-4,-29,91,29,11
75.8200,-25,-7,26,5,-47,99,45,18,-26,12,28,3,-19,77,21,3,-28,4,34,1,-29,92,43,24,-12,9,33,4,-30,69,10,6,-48,-1,36,4,-27,86,26,23,-2,36,33,4,-21,88,16,11,-14,1,30,53,-35,87,30,12,-24,-1,26,0,-31,85,29,17
75.8400,-28,-3,29,4,-57,95,40,14,-23,13,29,6,-22,84,23,8,-27,4,35,1,-25,85,40,24,-12,9,31,3,-36,75,13,11,-53,3,35,1,-31,84,29,23,6,41,34,1,-22,88,12,6,-21,-6,38,52,-32,82,19,13,-18,-2,29,-2,-31,89,31,16
75.8600,-20,-4,32,-4,-48,102,45,20,-22,10,26,3,-24,84,18,5,-29,12,34,3,-33,88,44,19,-14,11,26,2,-38,78,14,5,-55,0,32,-1,-30,80,26,22,0,33,37,-7,-22,94,9,7,-15,-2,34,50,-33,85,31,16,-16,0,27,-4,-35,97,26,17
75.8800,-23,5,32,8,-58,99,38,21,-18,0,30,11,-18,74,17,11,-31,1,31,3,-29,93,37,23,-9,6,26,0,-32,71,11,6,-55,0,35,6,-33,94,28,23,2,35,34,-2,-30,99,16,4,-22,-3,33,51,-34,88,31,18,-14,-4,29,-5,-32,83,28,11
75.9000,-26,-9,29,-2,-45,99,39,17,-25,10,27,8,-26,86,19,8,-27,6,37,-2,-34,95,40,25,-15,9,29,1,-32,71,8,6,-52,1,30,2,-39,89,23,19,-2,31,29,1,-32,89,19,1,-11,-8,32,46,-29,82,30,12,-13,-2,26,-6,-25,85,20,13
75.9200,-23,-8,34,6,-52,100,37,20,-25,12,31,4,-31,80,18,10,-31,-1,36,2,-39,87,47,25,-22,12,30,-4,-35,74,16,2,-56,3,38,5,-42,89,32,20,1,30,30,-2,-31,92,11,7,-12,-5,31,53,-27,77,19,10,-9,-3,35,-2,-39,82,27,15
75.9400,-18,-5,28,-2,-44,98,47,23,-26,6,29,2,-27,76,20,10,-35,6,32,-2,-38,86,39,23,-22,13,35,0,-31,72,15,6,-63,-2,28,-1,-35,91,34,13,-3,34,30,2,-25,91,19,6,-7,-9,31,52,-25,84,23,9,-17,-3,30,-4,-28,84,25,13
75.9600,-24,-1,32,-1,-55,103,45,19,-28,7,31,2,-16,81,11,2,-42,4,36,-1,-44,86,52,24,-15,15,36,6,-25,71,14,3,-74,8,33,0,-43,86,31,10,-12,35,29,0,-32,91,16,-1,-13,-9,26,50,-21,81,30,13,-12,0,35,-6,-37,90,33,10
75.9800,-25,3,25,1,-53,99,44,12,-28,9,33,-3,-31,83,26,8,-47,10,31,4,-44,87,49,17,-28,8,34,2,-30,70,15,-6,-79,20,28,4,-39,88,30,7,-20,48,32,0,-36,91,30,-3,-10,-5,37,47,-26,82,26,12,-14,-8,35,-2,-28,84,33,12
76.0000,-28,8,31,5,-47,99,50,10,-25,12,30,4,-19,81,18,5,-54,14,29,5,-40,90,51,16,-29,15,32,2,-28,70,12,-1,-95,28,30,2,-41,89,39,7,-30,60,30,1,-44,93,29,-11,-13,-5,34,47,-32,87,29,10,-22,2,26,-5,-39,86,28,16
76.0200,-34,12,31,-1,-51,103,51,13,-33,19,40,-2,-27,82,24,1,-62,30,26,2,-48,90,53,6,-36,28,34,0,-33,69,9,-11,-106,39,26,3,-46,90,50,-6,-43,66,35,-2,-45,95,35,-27,-9,-7,29,49,-24,82,32,12,-12,1,30,-8,-25,86,22,12
76.0400,-42,16,31,-2,-53,100,54,6,-25,16,31,10,-16,77,22,5,-70,36,24,7,-47,89,58,3,-50,34,31,2,-39,71,23,-12,-130,58,29,5,-49,95,49,-21,-54,92,33,1,-58,99,39,-35,-8,-7,30,54,-25,85,23,12,-16,1,27,-7,-33,80,26,13
76.0600,-54,21,37,-4,-56,104,60,8,-43,24,34,-1,-25,75,31,-4,-91,47,29,-3,-56,97,70,-12,-62,50,31,1,-48,76,32,-23,-144,79,40,3,-66,101,67,-31,-73,107,24,8,-66,99,59,-52,-9,-2,29,55,-23,89,24,16,-13,1,35,-1,-28,89,26,15
76.0800,-66,33,31,-1,-67,103,71,-9,-49,27,36,-3,-35,81,33,-5,-103,64,21,2,-54,94,82,-23,-80,66,36,-2,-54,87,40,-40,-168,104,35,0,-75,102,81,-55,-97,131,24,3,-70,114,68,-72,-8,-6,33,53,-27,85,27,14,-16,-3,28,-9,-30,84,23,15
76.1000,-81,47,35,-4,-82,113,80,-20,-66,45,33,-5,-36,90,43,-23,-122,83,26,-1,-66,95,91,-44,-99,82,33,0,-62,92,56,-51,-198,119,25,0,-90,115,101,-73,-122,156,30,-2,-92,120,91,-95,-11,-10,31,51,-34,88,25,17,-15,-2,32,-7,-32,85,29,8
76.1200,-107,65,31,-11,-93,124,100,-41,-71,58,31,-3,-43,101,59,-28,-138,102,28,1,-80,108,105,-55,-116,100,33,-1,-83,106,78,-59,-210,146,31,4,-108,131,119,-89,-143,175,33,-3,-114,141,118,-116,-11,-7,24,51,-35,86,29,10,-17,1,34,-12,-31,82,30,7
76.1400,-116,85,44,-7,-99,134,108,-54,-93,74,35,2,-60,111,63,-44,-157,122,26,-3,-104,125,125,-64,-132,125,30,1,-99,122,91,-82,-222,169,27,2,-139,148,137,-115,-159,202,30,3,-131,163,136,-138,-6,-5,29,58,-26,92,29,11,-21,3,34,-13,-31,86,27,9
76.1600,-137,113,29,-7,-129,156,122,-74,-112,92,34,-4,-86,124,86,-62,-168,145,30,-1,-115,141,141,-87,-156,137,40,-2,-114,141,107,-101,-234,179,31,6,-152,166,173,-118,-175,225,41,2,-156,177,159,-155,-11,-3,23,55,-31,92,24,16,-17,-2,38,-18,-41,83,35,16
76.1800,-155,135,39,-3,-155,168,152,-96,-134,114,23,-2,-98,147,110,-82,-183,156,31,3,-132,159,161,-108,-168,160,32,2,-136,158,124,-112,-233,193,32,3,-167,191,185,-144,-177,240,33,-1,-181,205,181,-167,-13,-7,30,50,-27,87,24,15,-13,0,32,-18,-36,83,31,19
76.2000,-177,151,34,-5,-173,188,165,-109,-148,138,32,0,-125,165,128,-105,-189,172,36,0,-155,183,172,-117,-176,172,31,-1,-156,185,142,-123,-219,191,28,3,-189,213,194,-146,-170,244,32,0,-203,227,191,-177,-7,-5,26,51,-33,87,26,13,-15,-2,39,-17,-38,92,31,10
76.2200,-185,168,34,-6,-184,210,188,-128,-174,165,31,-3,-149,193,159,-126,-184,171,29,3,-168,200,185,-121,-177,180,36,3,-181,203,153,-126,-185,170,28,10,-203,237,200,-137,-152,228,31,-3,-214,260,194,-179,-10,2,28,50,-32,91,27,18,-15,-12,30,-12,-33,88,27,12
76.2400,-197,179,38,-2,-201,230,196,-133,-192,184,36,-3,-174,213,176,-139,-160,162,28,-3,-177,214,187,-118,-171,174,30,3,-184,218,161,-126,-141,140,31,7,-215,262,197,-119,-109,202,31,-1,-223,275,194,-161,-9,0,35,51,-44,89,29,11,-17,-5,40,-13,-36,91,34,14
76.2600,-187,180,32,-11,-220,256,206,-135,-199,203,41,0,-195,239,188,-149,-138,145,38,1,-181,233,186,-109,-145,157,28,0,-196,244,159,-121,-85,90,31,4,-213,271,182,-90,-58,163,32,-1,-223,290,172,-134,-12,3,35,60,-35,89,32,14,-15,-2,37,-14,-32,89,23,12
76.2800,-178,173,31,-5,-223,275,206,-137,-197,201,32,2,-199,259,196,-162,-105,112,34,3,-182,246,174,-84,-107,132,30,0,-185,251,138,-98,-25,28,31,5,-195,284,148,-53,12,100,28,-4,-207,299,148,-86,-10,3,38,57,-37,97,38,13,-18,2,38,-10,-37,83,30,10
76.3000,-152,154,32,-5,-222,283,191,-121,-184,196,35,2,-198,269,187,-154,-51,60,36,1,-161,250,144,-50,-66,86,32,5,-177,244,113,-64,55,-41,34,6,-165,274,106,3,94,16,29,2,-169,295,98,-22,-9,-6,27,57,-29,88,28,13,-10,-7,35,-10,-30,90,31,13
76.3200,-95,115,36,-7,-197,280,162,-84,-166,167,40,5,-186,267,171,-133,14,5,41,2,-133,241,107,-7,-1,13,31,0,-137,228,73,-21,144,-138,30,4,-113,250,45,75,187,-73,41,6,-114,266,27,47,-13,-7,33,57,-38,89,30,12,-16,-3,37,-17,-36,87,33,16
76.3400,-40,46,37,-3,-166,262,117,-38,-113,138,36,-1,-169,257,142,-98,92,-73,36,3,-87,211,51,53,69,-51,36,2,-86,192,17,37,223,-233,40,4,-57,214,-21,152,279,-167,43,-4,-47,218,-47,130,-14,-3,36,56,-43,94,32,10,-10,-4,36,-12,-32,85,33,12
76.3600,33,-23,34,-8,-109,221,57,21,-51,74,46,-2,-129,222,96,-45,160,-151,42,4,-31,173,-10,117,156,-135,39,2,-14,139,-57,101,313,-313,43,4,21,155,-103,227,373,-279,43,2,44,152,-130,211,-23,5,48,49,-48,89,36,9,-11,-5,42,-10,-38,84,29,12
76.3800,121,-115,35,-11,-51,170,-6,99,19,-6,41,-9,-59,177,19,14,237,-228,43,2,43,114,-87,182,232,-218,46,-4,63,76,-124,168,376,-405,38,-7,115,80,-190,305,450,-376,40,3,148,65,-226,300,-17,2,49,46,-47,95,39,4,-13,-7,37,-19,-41,92,32,8
76.4000,211,-213,48,-12,43,97,-92,178,103,-105,43,-12,27,104,-64,94,287,-302,48,-9,125,42,-158,246,302,-303,51,-6,147,-11,-203,239,409,-474,46,-11,219,-11,-278,372,505,-454,56,-7,251,-30,-316,366,-22,-2,63,35,-42,92,42,5,-11,-3,39,-20,-42,91,30,9
76.4200,305,-317,48,-20,131,9,-182,263,199,-198,52,-20,121,13,-149,175,341,-365,55,-10,205,-42,-227,303,371,-366,55,-15,233,-101,-271,293,397,-509,54,-11,317,-102,-356,413,522,-502,56,-11,356,-134,-398,421,-18,-3,64,36,-36,92,39,5,-9,3,50,-28,-38,90,32,11
76.4400,390,-413,55,-22,245,-94,-269,333,300,-305,53,-29,229,-89,-241,260,354,-403,60,-17,287,-125,-281,341,408,-416,61,-25,317,-186,-329,345,323,-489,63,-21,413,-207,-414,427,476,-498,56,-14,455,-242,-449,435,-15,-1,74,19,-36,86,34,11,-17,1,62,-35,-37,92,30,6
76.4600,471,-491,58,-31,344,-203,-352,407,385,-396,66,-36,333,-200,-328,339,322,-389,63,-25,356,-203,-322,351,405,-442,64,-30,390,-273,-370,367,140,-395,66,-25,492,-308,-429,388,339,-433,62,-23,512,-347,-473,412,-20,1,86,5,-46,98,41,7,-16,-3,59,-43,-34,94,31,16
76.4800,515,-547,57,-36,439,-295,-416,457,459,-482,64,-48,440,-303,-401,401,219,-335,59,-34,406,-280,-327,319,367,-418,66,-34,441,-348,-390,357,-152,-203,62,-32,535,-398,-416,280,92,-280,62,-22,557,-424,-450,313,-14,4,97,-13,-55,108,36,3,-12,-1,60,-40,-37,90,29,8
76.5000,504,-560,73,-50,508,-389,-456,471,495,-518,66,-59,515,-395,-457,440,38,-198,67,-42,417,-327,-304,222,246,-335,66,-40,464,-387,-376,296,-593,103,71,-36,524,-451,-326,84,-289,-3,61,-30,561,-477,-363,134,-17,-7,101,-28,-43,111,41,4,-15,1,55,-37,-37,96,26,10
76.5200,443,-514,57,-48,556,-448,-447,438,496,-519,59,-67,559,-459,-462,431,-252,16,59,-38,377,-341,-209,67,40,-178,54,-50,437,-393,-307,177,-1175,564,55,-43,451,-456,-158,-230,-808,413,58,-37,460,-463,-191,-156,-8,0,96,-34,-48,128,41,8,-7,0,49,-45,-33,97,32,4
76.5400,285,-395,53,-53,543,-477,-400,342,407,-445,60,-82,554,-477,-418,369,-658,350,53,-46,282,-299,-47,-175,-267,81,60,-60,347,-350,-174,-20,-1693,1150,50,-43,275,-409,128,-663,-1439,956,50,-40,276,-388,85,-573,-20,8,93,-50,-73,139,48,1,-14,-5,43,-51,-37,106,36,9
76.5600,15,-171,54,-71,464,-438,-273,163,239,-289,61,-91,485,-436,-314,228,-1161,791,50,-47,93,-196,205,-522,-698,445,56,-66,174,-242,40,-309,-1883,1667,40,-40,-18,-272,533,-1201,-1795,1541,44,-38,-38,-206,478,-1082,-14,1,88,-59,-77,165,65,0,-13,4,39,-43,-43,110,43,5
76.5800,-386,174,57,-79,298,-321,-51,-111,-41,-28,73,-107,329,-313,-127,-1,-1634,1295,44,-54,-182,-9,547,-953,-1229,922,56,-73,-86,-48,358,-704,-1960,1853,41,-46,-450,-24,1044,-1645,-1922,1801,42,-44,-464,74,984,-1573,-19,9,87,-68,-100,180,70,-13,-13,1,34,-51,-50,120,46,4
76.6000,-904,638,68,-91,17,-120,264,-499,-442,343,85,-122,70,-90,153,-332,-1827,1673,45,-60,-566,269,977,-1406,-1674,1437,60,-91,-449,231,773,-1160,-1984,1926,48,-42,-999,355,1581,-1810,-1967,1895,51,-47,-1011,475,1520,-1774,-26,22,92,-66,-118,207,90,-23,-13,4,42,-46,-56,122,46,-2
76.6200,-1483,1192,74,-108,-380,192,695,-971,-957,822,95,-137,-291,231,529,-737,-1897,1814,55,-64,-1026,646,1444,-1681,-1847,1735,82,-104,-927,595,1265,-1567,-1952,1942,49,-41,-1582,838,1812,-1869,-1957,1923,62,-57,-1566,983,1785,-1842,-24,30,96,-68,-134,220,108,-30,-15,2,44,-44,-64,136,51,-7
76.6400,-1788,1645,87,-117,-870,603,1203,-1453,-1498,1351,99,-142,-744,646,980,-1211,-1895,1850,68,-71,-1500,1082,1714,-1772,-1907,1838,94,-108,-1431,1056,1656,-1737,-1650,1890,54,-44,-1824,1413,1897,-1867,-1807,1882,69,-58,-1807,1501,1876,-1840,-39,40,91,-56,-154,246,126,-50,-28,12,47,-25,-71,134,62,-9
76.6600,-1893,1811,99,-121,-1421,1097,1628,-1701,-1777,1689,102,-140,-1240,1123,1443,-1583,-1743,1788,70,-72,-1742,1508,1810,-1760,-1899,1858,88,-108,-1730,1495,1808,-1784,557,1258,60,-37,-1911,1722,1919,-1744,-239,1409,67,-61,-1891,1738,1896,-1693,-49,61,78,-33,-177,256,154,-71,-35,31,37,-13,-73,136,66,-22
76.6800,-1920,1863,89,-121,-1739,1534,1794,-1779,-1873,1808,88,-118,-1630,1538,1710,-1725,-461,1121,65,-71,-1820,1708,1811,-1441,-1714,1760,73,-96,-1834,1706,1845,-1720,1838,-1165,52,-41,-1932,1833,1872,-482,1666,-766,54,-56,-1901,1824,1816,-409,-72,77,46,0,-196,267,167,-90,-43,40,24,6,-76,145,73,-24
76.7000,-1862,1825,76,-104,-1844,1722,1843,-1751,-1886,1820,61,-92,-1776,1716,1790,-1745,1526,-766,49,-59,-1789,1765,1595,-117,-370,853,48,-83,-1835,1770,1770,-1094,2018,-1938,26,-29,-1880,1868,1329,1560,1987,-1884,26,-48,-1794,1832,977,1563,-75,105,-14,55,-200,265,180,-107,-52,43,-9,35,-81,149,75,-36
76.7200,-1216,1363,28,-81,-1853,1776,1795,-1341,-1761,1649,8,-57,-1788,1754,1750,-1538,1962,-1863,12,-51,-1355,1716,420,1596,1553,-1173,0,-57,-1638,1734,1075,544,2043,-2048,2,-16,-1290,1840,-768,1971,2033,-2048,-6,-39,-738,1715,-1171,1972,-110,124,-74,122,-212,263,199,-129,-60,58,-50,66,-87,134,83,-43
76.7400,781,-340,-7,-49,-1704,1724,1271,78,-716,548,-38,-4,-1559,1635,1277,-496,2037,-2048,-26,-23,76,1187,-1452,1965,1963,-1918,-40,-30,-527,1299,-637,1784,2047,-2048,-41,1,856,1525,-1852,2035,2041,-2048,-32,-25,1370,687,-1895,2036,-138,159,-153,195,-208,238,201,-146,-72,58,-89,91,-84,127,83,-43
76.7600,1837,-1772,-45,-10,-673,1203,-312,1653,1336,-1396,-77,62,-487,817,-122,1336,2047,-2048,-56,-12,1636,-315,-1936,2028,2033,-2048,-63,2,1346,-102,-1791,2008,2047,-2048,-60,7,1843,-232,-2013,2041,2040,-2048,-56,-22,1909,-1369,-2018,2045,-163,176,-220,259,-193,198,200,-157,-74,63,-110,107,-83,117,81,-43
76.7800,2016,-2032,-73,35,1220,-268,-1725,1978,1916,-1951,-107,129,1298,-836,-1652,1912,2047,-2048,-72,2,1953,-1719,-2027,2036,2044,-2048,-83,43,1891,-1646,-1995,2040,2047,-2048,-81,9,1995,-1752,-2034,2043,2040,-2048,-66,-18,2003,-1926,-2033,2045,-170,183,-265,314,-163,138,171,-157,-71,66,-122,120,-78,97,70,-45
76.8000,2041,-2048,-85,79,1863,-1698,-1990,2034,2028,-2048,-130,193,1873,-1817,-1970,2029,2047,-2048,-74,12,2009,-1990,-2040,2037,2046,-2048,-80,70,1999,-1970,-2024,2044,2047,-2048,-70,7,2014,-2001,-2037,2041,2040,-2048,-57,-20,2015,-2028,-2035,2044,-171,187,-278,358,-114,50,137,-144,-63,53,-105,120,-63,79,72,-34
76.8200,2046,-2048,-86,120,1994,-1985,-2034,2041,2043,-2048,-138,254,1994,-2003,-2029,2044,2047,-2048,-53,25,2015,-2035,-2040,2036,2045,-2048,-68,109,2015,-2031,-2029,2045,2047,-2048,-52,-4,2016,-2037,-2038,2042,2040,-2048,-28,-21,2017,-2041,-2036,2045,-176,172,-269,362,-51,-35,89,-116,-46,31,-90,111,-32,46,48,-6
76.8400,2045,-2048,-75,173,2012,-2037,-2040,2042,2046,-2048,-150,317,2012,-2032,-2036,2044,2047,-2048,-46,41,2016,-2043,-2040,2037,2043,-2048,-62,147,2017,-2040,-2029,2045,253,-2048,-23,-19,2017,-2043,-2036,2041,1772,-2048,-6,-23,2017,-2044,-2036,2045,-159,146,-240,340,37,-143,27,-73,-28,11,-64,100,-5,4,11,18
76.8600,2046,-2048,-92,223,2013,-2045,-2041,2042,2046,-2048,-171,361,2015,-2035,-2037,2044,1940,-2048,-27,60,2016,-2044,-2041,2036,2045,-2048,-55,190,2017,-2041,-2028,2044,-1873,1092,2,-25,2017,-2043,-2037,1928,-1718,830,-1,-8,2017,-2044,-2037,1876,-131,103,-211,300,136,-246,-68,-13,-1,-21,-39,80,36,-31,-16,39
76.8800,2046,-2048,-110,280,2014,-2045,-2041,2041,2045,-2048,-187,396,2014,-2036,-2036,2044,-1526,390,-21,84,2017,-2043,-2041,1822,1875,-2019,-75,226,2017,-2041,-2028,2030,-2048,1925,12,-39,2017,-2044,-2026,-1554,-2039,1898,7,8,2016,-2044,-1981,-1601,-87,36,-178,217,236,-341,-154,65,24,-47,-27,54,74,-53,-58,78
76.9000,2002,-2048,-138,320,2015,-2045,-2041,2032,2045,-2048,-207,386,2014,-2036,-2037,2045,-2005,1878,-30,109,2005,-2043,-1878,-1613,-1589,1203,-92,249,2014,-2041,-1991,13,-2048,2047,13,-37,1971,-2045,764,-1952,-2048,2042,3,28,1746,-2045,1310,-1961,-32,-41,-157,95,362,-416,-267,153,49,-78,-24,15,124,-81,-96,111
76.9200,-1095,437,-150,333,2005,-2045,-1992,600,1920,-1881,-208,348,2005,-2035,-2019,1894,-2048,2039,-39,119,431,-2026,1545,-1971,-2016,1939,-102,248,1624,-2024,616,-1825,-2048,2047,10,-45,-1268,-2036,1911,-2024,-2048,2047,6,37,-1670,-1824,1965,-2021,28,-132,-92,-107,464,-452,-360,244,72,-109,-8,-42,160,-105,-140,149
76.9400,-1955,1886,-164,317,1287,-1968,677,-1784,-1505,1564,-184,220,1293,-1880,-286,-1485,-2048,2047,-36,120,-1843,94,1991,-2029,-2048,2047,-86,203,-1651,-230,1915,-2003,-2048,2047,29,-54,-1959,264,2047,-2033,-2048,2047,17,32,-2014,1588,2047,-2031,94,-225,13,-370,551,-455,-445,345,86,-132,39,-117,190,-119,-169,181
76.9600,-2048,2042,-136,242,-1723,1050,1908,-1996,-2002,1988,-130,15,-1730,1436,1848,-1951,-2048,2047,2,80,-2046,1825,2047,-2039,-2048,2047,-45,119,-2019,1802,2047,-2029,-2048,2047,73,-82,-2048,1835,2047,-2034,-2048,2047,64,5,-2048,1952,2047,-2030,149,-304,166,-700,581,-386,-501,408,90,-158,101,-201,210,-122,-184,190
76.9800,-2048,2047,-84,115,-2030,1887,2045,-2029,-2048,2047,-45,-251,-2029,1940,2040,-2019,-2048,2047,49,27,-2048,1993,2047,-2039,-2048,2047,9,21,-2048,1992,2047,-2032,-2048,2047,128,-112,-2048,1993,2047,-2033,-2048,2047,116,-16,-2048,2014,2047,-2029,217,-374,361,-1063,574,-248,-511,461,75,-147,188,-291,215,-117,-186,183
77.0000,-2048,2047,-19,-43,-2048,2003,2047,-2033,-2048,2047,45,-557,-2048,2018,2047,-2030,-2048,2047,111,-37,-2048,2020,2047,-2038,-2048,2047,65,-91,-2048,2022,2047,-2032,-2048,2047,187,-105,-2048,2022,2047,-2032,-2048,2047,167,-9,-2048,2025,2047,-2028,268,-413,572,-1360,484,-8,-469,459,61,-131,274,-340,203,-90,-190,167
77.0200,-2048,2047,41,-211,-2048,2021,2047,-2034,-2048,2047,136,-866,-2048,2031,2047,-2032,-2048,2047,155,-58,-2048,2026,2047,-2039,-2048,2047,84,-177,-2048,2028,2047,-2032,-2048,2047,230,-44,-2048,2026,2047,-2031,-2048,2047,198,41,-2048,2028,2047,-2027,304,-422,716,-1511,310,319,-372,418,47,-109,322,-310,170,-43,-162,133
77.0400,-2048,2047,71,-360,-2048,2025,2047,-2033,-2048,2047,208,-1120,-2048,2032,2047,-2031,-2048,2047,178,-35,-2048,2027,2047,-2037,-2048,2047,72,-227,-2048,2029,2047,-2030,-2000,2047,233,78,-2048,2027,2047,-2031,-2048,2047,187,165,-2048,2027,2047,-2029,334,-404,743,-1391,39,742,-194,318,31,-76,343,-170,122,35,-125,89
77.0600,-2048,2047,83,-471,-2048,2024,2047,-2033,-2048,2047,262,-1244,-2048,2033,2047,-2031,-2048,2047,154,47,-2048,2027,2047,-2038,-2048,2047,59,-232,-2048,2029,2047,-2032,1441,1721,198,303,-2048,2027,2047,-2021,698,1904,132,357,-2048,2028,2047,-2010,339,-330,604,-857,-324,1204,65,164,4,-40,311,71,41,136,-74,42
77.0800,-2048,2047,97,-552,-2048,2025,2047,-2034,-2048,2047,312,-1193,-2048,2032,2047,-2031,-351,1884,96,167,-2048,2027,2047,-2006,-2048,2047,34,-234,-2048,2028,2047,-2031,1949,-1674,119,600,-2048,2029,2047,877,1861,-1521,45,572,-2048,2028,2047,975,318,-225,304,171,-790,1572,428,-55,-8,-22,258,404,-81,252,8,-5
77.1000,-2048,2047,144,-596,-2048,2025,2047,-2033,-2048,2047,375,-917,-2048,2034,2047,-2032,1807,-1555,52,268,-2048,2029,2047,1141,-573,1545,71,-284,-2048,2031,2047,-1807,2030,-2012,38,890,-2048,2029,1876,1890,2009,-1993,-34,718,-2037,2029,1202,1899,268,-59,-107,1482,-1295,1712,885,-346,-12,4,209,733,-220,354,132,-57
77.1200,-1547,1740,237,-626,-2048,2025,2047,-1779,-2048,2038,427,-357,-2048,2034,2047,-1995,2007,-1996,28,268,-1878,2028,-139,1907,1779,-1666,183,-409,-2028,2029,1852,1558,2045,-2048,-29,1079,-993,2026,-1540,2020,2035,-2048,-77,688,856,1984,-1716,2026,163,175,-510,1874,-1654,1716,1383,-695,-18,17,181,976,-371,412,265,-103
77.1400,1641,-1587,369,-612,-1965,2009,1629,1559,126,-801,458,552,-1936,1977,1843,1060,2041,-2048,50,93,1472,1597,-1846,2020,2000,-2015,353,-594,507,1754,-1474,1971,2047,-2048,-62,1073,1721,1675,-1966,2041,2041,-2048,-72,420,1868,-1078,-1988,2044,-10,490,-806,1989,-1784,1459,1702,-1107,-9,26,176,1051,-465,388,414,-147
77.1600,1979,-2001,515,-471,1102,286,-1577,1970,1835,-1912,410,1595,1321,-1120,-1507,1908,2047,-2048,117,-278,1937,-1657,-2012,2035,2038,-2048,523,-765,1843,-1551,-1951,2034,2047,-2048,-54,778,1972,-1642,-2027,2043,2040,-2048,-23,-108,1994,-1905,-2030,2046,-279,879,-910,2020,-1776,411,1811,-1484,-15,60,173,938,-518,266,535,-202
77.1800,2035,-2048,585,-109,1890,-1802,-1974,2032,2011,-2048,248,1904,1916,-1905,-1961,2025,2047,-2048,197,-777,2005,-1982,-2038,2037,2045,-2048,632,-754,1990,-1966,-2018,2044,2047,-2048,-30,181,2010,-1977,-2037,2043,2040,-2048,32,-846,2014,-2021,-2036,2046,-642,1316,-796,2024,-1490,-1304,1817,-1681,-43,102,156,623,-461,37,573,-251
77.2000,2044,-2048,528,633,1995,-2007,-2033,2043,2041,-2048,-61,2008,2001,-2016,-2026,2043,2047,-2048,254,-1229,2015,-2033,-2041,2036,2045,-2048,585,-339,2013,-2029,-2028,2044,2047,-2048,-10,-660,2016,-2033,-2038,2041,2040,-2048,87,-1542,2017,-2041,-2036,2044,-1099,1637,-534,2024,-363,-1887,1626,-1734,-93,169,80,189,-291,-248,507,-289
77.2200,2045,-2048,298,1601,2011,-2039,-2040,2044,2045,-2048,-470,2034,2013,-2034,-2037,2045,2047,-2048,256,-1418,2016,-2040,-2039,2034,2046,-2048,347,648,2017,-2040,-2031,2045,2047,-2048,-11,-1525,2019,-2043,-2037,2041,2041,-2048,93,-1792,2017,-2043,-2035,2043,-1562,1763,-243,2018,1356,-2021,533,-1660,-153,239,-46,-255,-2,-542,308,-275
77.2400,2046,-2048,-87,1905,2013,-2046,-2041,2042,2046,-2048,-878,2040,2015,-2037,-2036,2042,2047,-2048,160,-1091,2015,-2042,-2039,2035,2045,-2048,-87,1697,2016,-2041,-2028,2042,2047,-2048,-40,-1840,2018,-2043,-2036,2042,2039,-2048,54,-1819,2016,-2043,-2035,2043,-1784,1766,-30,1963,1877,-2041,-1308,-1057,-231,270,-212,-612,346,-741,-35,-193
77.2600,2045,-2048,-573,2008,2014,-2044,-2039,2041,2045,-2048,-1141,2039,2015,-2036,-2035,2042,2046,-2048,-42,-25,2015,-2042,-2039,2034,2043,-2048,-635,1957,2017,-2040,-2027,2042,2035,-2048,-87,-1927,2016,-2042,-2037,2041,2039,-2048,-62,-1505,2017,-2044,-2035,2044,-1857,1517,-5,1469,1995,-2045,-1893,354,-296,246,-389,-825,677,-777,-455,-19
77.2800,2045,-2048,-1026,2034,2014,-2045,-2040,2041,2045,-2048,-1166,2038,2014,-2035,-2034,2042,2045,-2048,-347,1530,2015,-2042,-2038,2034,2044,-2048,-1192,2027,2016,-2041,-2029,2042,8,-2048,-151,-1928,2017,-2043,-2037,2042,1834,-2048,-249,-23,2016,-2044,-2035,2044,-1845,415,-138,-1282,2015,-2045,-2019,1707,-317,121,-541,-858,894,-615,-865,257
77.3000,2045,-2048,-1271,2039,2012,-2044,-2039,2041,2044,-2048,-914,2015,2013,-2034,-2035,2042,1991,-2048,-720,1931,2015,-2042,-2041,2035,2044,-2048,-1550,2037,2016,-2041,-2028,2041,-1868,760,-245,-1795,2017,-2043,-2038,2007,-1627,-1861,-506,1634,2016,-2045,-2036,2041,-1592,-1381,-329,-1964,2018,-2043,-2036,1982,-267,-108,-637,-753,920,-248,-1159,607
77.3200,2045,-2048,-1262,2038,2014,-2046,-2040,2040,2045,-2048,-481,1669,2013,-2035,-2035,2042,-1278,-1895,-1121,2025,2015,-2042,-2042,2010,1998,-2048,-1629,2040,2016,-2040,-2028,2043,-2048,1899,-338,-598,2017,-2045,-2040,-1143,-2026,1567,-794,1970,2017,-2045,-2033,407,-340,-1934,-471,-2048,2018,-2010,-2038,2038,-108,-425,-650,-581,711,255,-1238,935
77.3400,2030,-2048,-963,2031,2014,-2046,-2039,2041,2045,-2048,10,-1441,2014,-2035,-2036,2044,-1972,1488,-1437,2039,2016,-2043,-2025,-745,-933,-1745,-1412,2040,2017,-2041,-2028,1881,-2048,2044,-445,1436,2012,-2045,-1816,-1909,-2048,1991,-1101,2031,1979,-2045,-1811,-1799,1482,-2048,-415,-2048,2014,-697,-2038,2044,152,-781,-586,-437,311,790,-1047,1182
77.3600,310,-1823,-442,1932,2012,-2046,-2034,1826,2023,-2048,383,-1993,2012,-2036,-2036,2013,-2048,1982,-1546,2041,1392,-2034,175,-1878,-1938,1524,-847,2027,1862,-2029,-1622,-1433,-2048,2047,-569,1929,-150,-2038,1617,-2017,-2048,2047,-1293,2040,-974,-1949,1584,-1996,1933,-2048,-108,-2048,1964,1724,-2038,2046,470,-1085,-451,-371,-217,1194,-617,1249
77.3800,-1842,1446,138,-179,1433,-1931,-859,-1486,-111,-89,543,-2048,1314,-1722,-1407,-893,-2048,2047,-1382,2041,-1726,96,1878,-2019,-2048,1989,-109,1806,-1446,-403,1661,-1948,-2048,2047,-673,2027,-1883,-721,2004,-2032,-2048,2047,-1274,2042,-1935,1315,2003,-2026,2028,-2048,451,-2048,345,1977,-2019,2045,807,-1233,-226,-419,-721,1378,-13,1080
77.4000,-2048,1978,608,-1860,-1673,1208,1775,-1957,-1885,1842,521,-2048,-1711,1554,1720,-1884,-2048,2047,-881,2037,-2030,1824,2042,-2038,-2048,2047,596,-1346,-1991,1775,2022,-2021,-2048,2047,-734,2040,-2048,1763,2047,-2036,-2048,2047,-933,2041,-2048,1920,2047,-2033,2043,-2048,1181,-2048,-1809,2022,-1208,2043,1070,-1156,45,-573,-1074,1306,596,681
77.4200,-2048,2047,822,-2048,-2024,1904,2027,-2023,-2048,2034,406,-2048,-2027,1960,2020,-2008,-2048,2047,-107,1909,-2048,1995,2047,-2041,-2048,2047,1082,-1980,-2048,1989,2047,-2032,-1986,2047,-680,2043,-2048,1984,2047,-2033,-2048,2047,-291,2039,-2048,2011,2047,-2032,2045,-2048,1680,-2048,-2041,2026,1692,2010,1180,-833,349,-773,-1165,974,1072,97
77.4400,-2048,2047,778,-2048,-2048,2008,2047,-2035,-2048,2047,339,-2048,-2048,2023,2047,-2030,-2048,2047,741,-1133,-2048,2024,2047,-2041,-2048,2047,1225,-2048,-2048,2024,2047,-2033,-680,2047,-467,2043,-2048,2022,2047,-2034,-2048,2047,540,1880,-2048,2025,2047,-2032,2044,-2048,1836,-2048,-2048,2026,2013,150,1107,-296,612,-969,-992,506,1278,-538
77.4600,-2048,2047,525,-2048,-2048,2024,2047,-2035,-2048,2047,441,-2048,-2048,2034,2047,-2032,-2048,2047,1408,-1954,-2048,2029,2047,-2040,-2048,2047,1056,-2048,-2048,2030,2047,-2033,1226,2004,-82,2041,-2048,2028,2047,-2033,-1837,2047,1311,-1348,-2048,2029,2047,-2030,2044,-1841,1891,-2048,-2048,2027,2047,-1811,801,339,802,-1093,-592,36,1201,-1070
77.4800,-2048,2047,212,-2048,-2048,2026,2047,-2036,-2048,2047,737,-2048,-2048,2035,2047,-2033,-2048,2047,1626,-2048,-2048,2030,2047,-2041,-2048,2047,672,-2048,-2048,2031,2047,-2033,1701,1736,389,2004,-2048,2029,2047,-2032,-393,2047,1647,-1980,-2048,2029,2047,-2030,2040,1494,1900,-1926,-2048,2027,2047,-1998,323,933,886,-1102,-83,-295,867,-1364
77.5000,-2048,2047,-22,-2048,-2048,2027,2047,-2036,-2048,2047,1196,-2048,-2048,2035,2047,-2032,-2025,2047,1575,-2048,-2048,2029,2047,-2040,-2048,2047,285,-2048,-2048,2031,2047,-2034,1535,634,833,267,-2048,2030,2047,-2012,621,2040,1685,-2048,-2048,2028,2047,-2032,1779,1987,1871,-330,-2048,2025,2047,-2027,-221,1327,849,-989,364,-364,409,-1376
77.5200,-2048,2047,-40,-2048,-2048,2026,2047,-2035,-2048,2047,1604,-2048,-2048,2034,2047,-2032,-1894,2047,1192,-2048,-2048,2030,2047,-2040,-2048,2047,77,-2048,-2048,2030,2047,-2029,213,-75,1127,-1837,-2048,2027,2047,-1896,751,1969,1446,-2048,-2048,2028,2047,-2027,-1551,2047,1774,1554,-2048,2023,2047,-2033,-729,1424,724,-734,613,-182,-38,-1104
77.5400,-2048,2047,217,-2048,-2048,2026,2047,-2018,-2048,2047,1775,-1161,-2048,2036,2047,-2031,-1576,2047,609,-2048,-2023,2028,2039,-2034,-2002,2047,180,-2048,-2024,2029,2027,-1998,-1520,-201,1154,-2048,-1992,2028,1968,-1185,268,1816,793,-2048,-2032,2027,2047,-1989,-2015,2047,1352,1923,-2048,1901,2047,-2034,-1050,1231,577,-382,587,196,-306,-647
77.5600,-1970,2034,732,-2048,-1997,2020,1988,-1937,-2048,2047,1846,1557,-2041,2033,2047,-1990,-1064,2012,167,-2048,-1931,2020,1986,-2005,-1961,2034,626,-2048,-1943,2020,1944,-1942,-1950,9,906,-2048,-1791,2026,1847,96,-468,1178,76,-2048,-2002,2019,2029,-1898,-2048,2047,482,2010,-2048,-280,2047,-2035,-1145,794,453,40,294,657,-315,-165
77.5800,-1810,1985,1406,-1865,-1906,1988,1886,-1786,-2048,2006,1868,1966,-1978,2007,1992,-1857,-663,1919,67,-2048,-1869,1980,1964,-1955,-1930,2006,1310,-2048,-1879,1989,1891,-1904,-2048,372,434,-2048,-1379,2014,1773,907,-1137,225,-397,-2048,-2002,2004,2027,-1649,-2048,2047,-417,2023,-1952,-1797,2047,-2035,-971,237,373,478,-181,1056,-81,193
77.6000,-1398,1929,1747,1001,-1846,1936,1819,-1624,-1949,1941,1851,2030,-1928,1947,1940,-1523,-237,1597,376,-2048,-1899,1924,1981,-1883,-1898,1981,1728,-930,-1886,1947,1911,-1905,-2048,733,-70,-2048,-1323,1979,1815,1254,-1517,-635,-460,-2048,-2020,1995,2036,-780,-2048,2047,-1221,2025,-187,-2008,2015,-2034,-632,-232,327,891,-709,1270,332,295
77.6200,-966,1890,1858,1874,-1865,1880,1847,-1698,-1689,1904,1767,2040,-1913,1863,1923,-1312,312,468,1008,-2048,-1958,1873,2011,-1773,-1837,1960,1858,1609,-1926,1906,1962,-1929,-2048,1046,-466,-2048,-1583,1927,1877,1276,-1604,-1357,-95,-2048,-2034,1988,2042,151,-2048,2047,-1713,2027,1673,-2041,845,-2031,-213,-476,266,1254,-1170,1282,804,120
77.6400,-688,1872,1890,2017,-1911,1832,1907,-1825,-988,1903,1335,2042,-1924,1749,1934,-1585,947,-722,1601,-1332,-1999,1841,2030,-1394,-1650,1934,1893,1974,-1961,1865,2000,-1951,-2048,1315,-596,-2048,-1751,1853,1902,1130,-1513,-1715,580,-2048,-2035,1978,2034,1026,-2048,2047,-1882,2027,1962,-2045,-1595,-1900,123,-407,137,1516,-1446,1093,1194,-270
77.6600,-497,1867,1869,2038,-1944,1792,1947,-1897,-415,1923,332,2040,-1937,1560,1942,-1779,1530,-1630,1798,1542,-2014,1814,2029,-513,-1070,1885,1879,2031,-1973,1814,2017,-1954,-2048,1531,-409,-2048,-1783,1692,1879,975,-1342,-1828,1331,-1096,-2015,1957,2003,1681,-2048,2047,-1954,2027,2013,-2047,-1970,570,265,-70,-89,1645,-1519,761,1417,-779
77.6800,-332,1844,1764,2042,-1951,1735,1961,-1925,-39,1931,-811,2040,-1929,1244,1930,-1853,1750,-1885,1852,1965,-2005,1762,2006,669,-313,1758,1792,2039,-1961,1706,2010,-1926,-2045,1669,73,-2048,-1657,1017,1713,903,-1193,-1864,1710,1601,-1951,1901,1891,1887,-2048,1471,-1990,2026,2018,-2045,-2031,1846,157,456,-373,1697,-1427,353,1447,-1222
77.7000,-128,1760,1202,2041,-1920,1571,1935,-1908,271,1903,-1678,2042,-1877,761,1872,-1856,1811,-1975,1844,2029,-1953,1564,1924,1683,444,1086,1303,2041,-1901,1217,1970,-1813,-1984,1733,767,-1904,-1080,-63,815,978,-1141,-1863,1820,1975,-1641,1682,886,1972,-2048,-1455,-2009,2025,2019,-2044,-2037,2016,-206,1023,-663,1706,-1208,-60,1325,-1473
77.7200,80,1361,157,2040,-1801,989,1849,-1818,615,1775,-1915,2040,-1647,42,1583,-1757,1802,-2016,1754,2039,-1747,816,1323,1932,1099,-121,246,2040,-1654,236,1844,-885,-1846,1737,1489,1097,-104,-1327,-528,1208,-1139,-1843,1845,2032,-87,294,-1168,2015,-1551,-1979,-2011,2003,2019,-2042,-2039,2042,-702,1439,-860,1661,-885,-462,1052,-1503
77.7400,296,437,-832,2041,-1109,1,1361,-1112,1039,918,-1988,2040,-630,-955,453,-989,1738,-2038,1365,2042,-478,-344,-592,2012,1540,-1459,-791,2040,-601,-1017,1015,944,-1148,1635,1780,1894,1024,-1832,-1625,1524,-1095,-1802,1821,2041,1496,-1463,-1852,2033,1421,-2048,-1989,1905,2020,-2044,-2039,2044,-1241,1620,-924,1519,-484,-848,690,-1334
77.7600,533,-716,-1560,2041,129,-1247,157,454,1503,-615,-2009,2034,768,-1724,-992,500,1543,-2048,528,2041,1221,-1570,-1755,2035,1731,-1888,-1558,2041,735,-1767,-490,1813,15,1220,1875,2018,1706,-1975,-1890,1733,-909,-1749,1710,2041,1879,-1906,-1999,2040,1944,-2048,-1930,1211,2018,-2042,-2038,2046,-1610,1617,-839,1187,-33,-1239,283,-967
77.7800,810,-1669,-1824,2039,1410,-1818,-1169,1672,1748,-1726,-2016,1893,1706,-1927,-1767,1683,1199,-2048,-370,2041,1819,-1901,-1978,2038,1815,-2015,-1828,2038,1668,-1949,-1650,1992,1168,481,1904,2038,1884,-2024,-1977,1832,-531,-1673,1262,2041,1985,-2020,-2034,2041,2028,-2048,-1733,-628,2018,-2005,-2039,2046,-1740,1447,-663,678,489,-1569,-170,-501
77.8000,1139,-1919,-1915,2038,1820,-1969,-1780,1933,1855,-1971,-2016,-492,1920,-2002,-1949,1941,893,-2048,-1195,2039,1965,-2004,-2033,2038,1861,-2048,-1918,2038,1893,-2014,-1914,2037,1738,-431,1891,2041,1956,-2040,-2011,1883,6,-1563,428,2041,2013,-2042,-2039,2038,2043,-2048,-975,-1738,2016,-1592,-2039,2045,-1749,1102,-455,88,1061,-1728,-674,4
77.8200,1495,-2009,-1968,1957,1940,-2022,-1940,2013,1911,-2046,-2016,-1853,1989,-2027,-2011,2018,730,-2034,-1723,2039,2009,-2037,-2044,2039,1892,-2048,-1966,2024,1973,-2033,-2000,2047,1892,-1343,1815,2042,1988,-2044,-2027,1910,639,-1454,-505,2040,2020,-2045,-2039,2030,2045,-2048,-29,-1963,1982,960,-2037,2045,-1666,638,-300,-487,1562,-1795,-1222,514
77.8400,1717,-2046,-2006,512,1986,-2038,-2003,2037,1941,-2048,-2008,-2048,2012,-2035,-2032,2041,696,-2009,-1892,2039,2019,-2044,-2044,2039,1915,-2048,-2000,1734,2004,-2039,-2026,2047,1949,-1773,1438,2042,2006,-2043,-2032,1923,1272,-1328,-1380,2041,2020,-2046,-2039,2013,2044,-2048,831,-2027,1783,1821,-2022,2045,-1371,126,-208,-999,1762,-1808,-1636,1020
77.8600,1820,-2048,-2037,-1662,2004,-2043,-2027,2043,1959,-2048,-1973,-2048,2017,-2036,-2037,2046,770,-1964,-1964,2032,2020,-2045,-2044,2035,1926,-2048,-2025,-1152,2015,-2039,-2031,2047,1971,-1904,397,2041,2012,-2042,-2036,1929,1661,-1266,-1804,2040,2019,-2046,-2039,1980,2046,-2048,1460,-2045,46,1981,-1871,2043,-869,-419,-175,-1355,1837,-1766,-1799,1487
77.8800,1878,-2048,-2047,-2008,2008,-2041,-2038,2045,1966,-2048,-1872,-2048,2017,-2033,-2040,2047,922,-1889,-2001,1870,2020,-2045,-2043,2031,1931,-2048,-2040,-1922,2017,-2034,-2034,2047,1978,-1958,-724,2040,2012,-2038,-2034,1929,1797,-1301,-1937,2036,2020,-2047,-2039,1926,2045,-2048,1705,-2047,-1605,2018,-133,2015,-251,-1014,-131,-1503,1860,-1563,-1863,1738
77.9000,1915,-2048,-2039,-2048,2007,-2033,-2041,2045,1966,-2048,-1309,-2048,2016,-2022,-2036,2045,1113,-1749,-2022,-603,2019,-2041,-2043,2016,1930,-2048,-2038,-2048,2015,-2019,-2033,2046,1975,-1982,-1606,2038,2009,-2019,-2031,1924,1855,-1436,-1992,1941,2019,-2043,-2037,1836,2045,-2048,1782,-2042,-1937,2022,1650,1700,439,-1563,-49,-1490,1848,-947,-1881,1841
77.9200,1936,-2048,-1999,-2048,1997,-2005,-2040,2044,1963,-2048,-101,-2048,2009,-1991,-2036,2047,1330,-1441,-2037,-1858,2020,-2033,-2043,1970,1922,-2048,-2006,-2048,2010,-1975,-2032,2046,1968,-1992,-1883,2038,1996,-1961,-2017,1912,1878,-1598,-2021,240,2012,-2019,-2027,1573,2044,-2000,1800,-2037,-2022,2022,1965,-782,1151,-1804,104,-1313,1778,-113,-1864,1887
77.9400,1951,-2048,-1872,-2048,1966,-1934,-2033,2044,1957,-2048,1191,-2048,1983,-1917,-2025,2044,1512,-1052,-2037,-2048,2013,-1995,-2041,1854,1909,-2037,-1913,-2048,1989,-1866,-2030,2043,1958,-1994,-1973,2006,1951,-1767,-1973,1884,1885,-1698,-2042,-1717,1967,-1931,-1971,852,2040,-1143,1787,-2031,-2044,2018,2041,-1803,1657,-1900,286,-1007,1490,734,-1789,1905
77.9600,1957,-2048,-1119,-2048,1890,-1674,-2014,2039,1945,-2048,1766,-2036,1903,-1658,-1982,2037,1626,-718,-2018,-2048,1984,-1902,-2011,1107,1884,-1987,-1405,-2048,1937,-1325,-2019,2021,1950,-1983,-2014,1466,1825,-571,-1844,1809,1888,-1721,-2047,-2019,1799,-1428,-1696,-44,1947,1239,1738,-2026,-2048,2009,2047,-1979,1828,-1940,472,-649,681,1437,-1466,1888
77.9800,1950,-2027,206,-2048,1608,-455,-1962,2020,1930,-2037,1906,-2004,1487,-549,-1866,2008,1681,-347,-1964,-2048,1873,-1490,-1856,-515,1838,-1866,-183,-2048,1800,-144,-1965,1922,1940,-1952,-2039,-1332,928,870,-823,1502,1876,-1634,-2040,-2048,387,169,215,-1030,759,1871,1593,-2018,-2046,1998,2047,-2019,1898,-1948,614,-304,-226,1708,-614,1825
78.0000,1929,-1959,1429,-2010,386,853,-1816,1944,1898,-1966,1950,-1983,-117,612,-1032,1911,1670,123,-1779,-2048,917,-251,-201,-1688,1727,-1072,1100,-2043,1004,898,-1759,929,1930,-1881,-2048,-1941,-721,1675,1015,542,1852,-1236,-2010,-2048,-1445,1484,1712,-1702,-1477,2009,1251,-1998,-2041,1985,2047,-2027,1926,-1924,668,-22,-1065,1779,319,1562
78.0200,1877,-1710,1808,-1974,-856,1638,-855,1455,1828,-1660,1954,-1981,-1542,1506,623,1144,1570,775,-867,-2048,-1053,899,1646,-1940,1321,492,1733,-2008,-273,1563,-253,-1330,1909,-1640,-2048,-2048,-1741,1860,1823,-654,1796,-469,-1926,-2048,-1906,1823,1985,-1888,-1941,2045,806,-1956,-2037,1972,2047,-2027,1929,-1843,641,143,-1608,1772,1185,713
78.0400,1723,-304,1911,-1963,-1653,1835,595,-577,1557,-69,1929,-1982,-1897,1786,1704,-806,1232,1519,400,-2048,-1842,1621,1978,-2012,531,1675,1888,-1988,-1368,1759,1460,-1883,1863,-726,-2046,-2048,-1954,1916,1992,-1633,1637,521,-1480,-2048,-2020,1919,2047,-1963,-2048,2047,368,-1863,-2032,1959,2047,-2023,1901,-1459,554,184,-1777,1705,1680,-308
78.0600,958,1372,1941,-1974,-1854,1893,1627,-1747,593,1544,1869,-1976,-1995,1879,1932,-1769,593,1833,1506,-2039,-2004,1817,2047,-2033,-411,1942,1937,-1993,-1790,1821,1900,-2003,1740,400,-2007,-2048,-2017,1934,2040,-1878,1090,1506,-238,-2048,-2048,1953,2047,-1996,-2048,2047,46,-1501,-2032,1937,2043,-2019,1824,-481,411,136,-1810,1473,1813,-1250
78.0800,-226,1872,1935,-1994,-1905,1914,1875,-1962,-641,1916,1705,-1946,-2022,1922,1997,-1955,-226,1946,1827,-2023,-2048,1888,2047,-2037,-1394,2024,1946,-2008,-1900,1836,2010,-2028,1193,1443,-1890,-2048,-2036,1935,2047,-1959,283,1843,1096,-2048,-2048,1964,2047,-2008,-2048,2047,-153,-653,-2028,1899,2037,-2014,1500,569,253,26,-1776,1027,1838,-1701
78.1000,-1442,2004,1902,-2002,-1902,1909,1948,-2016,-1669,2022,1107,-1859,-2025,1943,2017,-2008,-1147,1996,1923,-2023,-2048,1922,2047,-2037,-1825,2047,1928,-2019,-1936,1834,2044,-2031,213,1806,-1193,-2048,-2037,1929,2047,-1986,-570,1946,1743,-2048,-2048,1966,2047,-2009,-2048,2047,-214,247,-2018,1821,2029,-2010,562,1448,110,-95,-1631,562,1809,-1816
78.1200,-1863,2042,1828,-1995,-1863,1892,1969,-2028,-1933,2047,380,-1418,-2012,1955,2013,-2022,-1738,2018,1950,-2029,-2048,1939,2047,-2036,-1957,2047,1876,-2018,-1941,1818,2047,-2031,-833,1906,163,-2048,-2021,1913,2038,-1991,-1337,1980,1902,-2048,-2047,1961,2047,-1999,-2048,2047,-190,1041,-1992,1513,2017,-2006,-473,1768,16,-190,-1285,173,1683,-1838
78.1400,-1987,2047,1616,-1956,-1776,1856,1966,-2030,-2020,2047,-187,-292,-1980,1958,1996,-2023,-1905,2021,1948,-2035,-2048,1948,2047,-2030,-2008,2047,1760,-1993,-1934,1794,2047,-2030,-1636,1930,1445,-2047,-1994,1895,2008,-1980,-1724,1979,1950,-2048,-2025,1950,2043,-1974,-2048,2047,-97,1557,-1938,586,1989,-1999,-1375,1849,-39,-235,-846,-116,1327,-1809
78.1600,-2029,2047,1052,-1842,-1569,1794,1949,-2026,-2048,2047,-533,928,-1923,1951,1961,-2020,-1962,2007,1925,-2031,-2047,1951,2047,-2008,-2026,2046,1370,-1921,-1916,1761,2044,-2025,-1873,1910,1825,-2041,-1947,1867,1952,-1944,-1833,1951,1961,-2048,-1991,1932,1999,-1924,-2048,2047,1,1728,-1796,-483,1930,-1984,-1763,1853,-29,-226,-429,-292,830,-1712
78.1800,-2043,2044,470,-1206,-1256,1663,1925,-2017,-2048,2044,-685,1680,-1811,1934,1905,-2009,-1973,1971,1871,-2009,-2023,1946,2036,-1953,-2023,2019,702,-1595,-1896,1713,2028,-2007,-1947,1842,1931,-2045,-1867,1832,1849,-1867,-1845,1878,1947,-2048,-1937,1906,1918,-1815,-2048,2047,100,1777,-1112,-1449,1762,-1955,-1865,1804,14,-168,-94,-382,351,-1415
78.2000,-2035,2018,12,10,-989,1336,1891,-1995,-2048,2018,-721,1867,-1478,1900,1813,-1984,-1950,1894,1746,-1948,-1990,1935,1987,-1820,-1999,1963,121,-365,-1872,1646,2004,-1961,-1971,1616,1961,-2048,-1686,1773,1506,-1621,-1779,1624,1905,-2039,-1853,1866,1705,-1352,-2048,2032,161,1780,-33,-1794,871,-1894,-1878,1653,55,-88,135,-399,-25,-898
78.2200,-2005,1967,-282,1185,-852,896,1853,-1949,-2024,1966,-684,1925,-911,1827,1613,-1940,-1881,1650,1295,-1739,-1937,1912,1894,-1155,-1947,1849,-316,998,-1844,1545,1968,-1861,-1968,949,1960,-2045,-1214,1661,799,-756,-1537,786,1808,-1984,-1641,1802,972,-404,-2048,1998,153,1752,1010,-1897,-342,-1708,-1838,1249,69,4,280,-380,-287,-405
78.2400,-1945,1870,-460,1729,-791,497,1803,-1865,-1969,1871,-625,1941,-405,1643,1256,-1862,-1633,797,583,-628,-1848,1872,1604,-26,-1820,1395,-603,1719,-1806,1403,1915,-1465,-1946,220,1929,-2028,-653,1403,153,186,-1018,-154,1483,-1823,-1136,1676,184,475,-2047,1924,71,1690,1645,-1933,-1437,-777,-1712,749,53,97,322,-309,-437,-10
78.2600,-1793,1538,-539,1868,-807,178,1735,-1649,-1854,1595,-551,1937,-15,1055,889,-1680,-874,-125,-36,785,-1635,1805,741,966,-1323,498,-756,1892,-1754,1249,1820,-447,-1902,-394,1861,-1981,-149,1011,-369,994,-443,-970,768,-738,-550,1365,-478,1232,-2010,1649,-68,1592,1815,-1939,-1800,470,-1353,310,9,182,310,-218,-484,268
78.2800,-1162,726,-551,1912,-864,-40,1637,-927,-1401,895,-433,1918,265,334,584,-1071,-21,-947,-494,1674,-1102,1665,-141,1607,-508,-308,-792,1944,-1672,1085,1561,512,-1835,-811,1672,-1852,304,614,-778,1548,51,-1549,124,820,14,915,-991,1660,-1930,482,-221,1420,1869,-1930,-1904,1534,-864,-19,-22,258,261,-89,-460,441
78.3000,-311,-79,-472,1922,-916,-164,1452,-124,-566,201,-270,1887,440,-297,344,-351,739,-1538,-765,1884,-469,1291,-886,1799,250,-961,-729,1960,-1501,908,982,1293,-1719,-1035,1077,-998,681,244,-1087,1744,403,-1761,-316,1712,510,495,-1353,1802,-1605,-833,-350,1210,1888,-1899,-1940,1838,-431,-249,-29,314,157,53,-391,529
78.3200,446,-740,-323,1915,-961,-209,1172,607,187,-348,-76,1842,508,-827,141,282,1305,-1766,-851,1949,128,788,-1460,1866,845,-1421,-565,1956,-1231,727,376,1688,-1521,-1082,447,444,981,-94,-1297,1808,610,-1831,-550,1909,926,118,-1559,1859,-465,-1695,-442,988,1879,-1841,-1948,1930,-95,-370,-6,349,41,180,-294,548
78.3400,1017,-1275,-142,1895,-958,-215,857,1212,807,-794,111,1768,533,-1231,-23,786,1604,-1851,-808,1968,694,291,-1707,1895,1273,-1656,-371,1939,-890,518,-205,1811,-1246,-992,-7,1575,1186,-412,-1434,1825,667,-1849,-624,1970,1261,-247,-1650,1885,786,-1903,-471,759,1857,-1727,-1940,1961,127,-420,38,348,-69,277,-167,506
78.3600,1391,-1595,39,1861,-914,-219,508,1607,1286,-1131,222,1624,522,-1498,-181,1167,1697,-1886,-685,1966,1183,-179,-1793,1904,1513,-1748,-191,1909,-509,259,-729,1857,-975,-828,-281,1857,1314,-739,-1495,1812,602,-1837,-626,1985,1495,-614,-1682,1892,1628,-1973,-451,505,1814,-1434,-1920,1970,253,-411,57,318,-158,311,-50,414
78.3800,1564,-1726,142,1811,-786,-264,127,1749,1566,-1389,194,1305,509,-1637,-323,1423,1714,-1897,-539,1951,1545,-628,-1825,1905,1620,-1776,-79,1861,-83,-50,-1159,1870,-723,-568,-435,1940,1366,-1073,-1500,1767,465,-1791,-593,1986,1616,-987,-1695,1886,1849,-1996,-432,265,1742,-978,-1882,1962,315,-353,27,275,-210,277,59,275
78.4000,1618,-1769,130,1722,-576,-357,-242,1803,1688,-1553,42,866,519,-1705,-476,1554,1676,-1892,-407,1924,1705,-1077,-1834,1894,1644,-1775,-60,1781,380,-393,-1481,1863,-457,-299,-542,1965,1385,-1408,-1475,1659,263,-1674,-588,1972,1674,-1384,-1696,1864,1921,-1998,-438,21,1595,-554,-1813,1939,320,-266,-54,197,-195,184,131,117
78.4200,1606,-1770,3,1507,-275,-494,-610,1816,1735,-1640,-219,387,590,-1738,-653,1612,1554,-1869,-313,1878,1779,-1479,-1831,1874,1612,-1746,-123,1589,840,-737,-1645,1842,-210,17,-637,1966,1380,-1643,-1430,1372,28,-1339,-564,1947,1708,-1653,-1688,1821,1947,-1987,-461,-196,1313,-184,-1669,1897,289,-132,-189,113,-117,46,160,-44
78.4400,1510,-1734,-230,1111,80,-641,-952,1811,1743,-1679,-506,-91,690,-1751,-842,1650,1281,-1819,-246,1803,1815,-1701,-1819,1838,1517,-1673,-236,1138,1278,-1060,-1719,1803,28,344,-710,1952,1369,-1755,-1359,925,-246,-792,-510,1909,1726,-1775,-1680,1731,1947,-1960,-457,-394,963,127,-1292,1822,209,-9,-300,-2,8,-102,128,-165
78.4600,1320,-1641,-461,628,473,-787,-1266,1787,1719,-1696,-703,-557,805,-1742,-1034,1678,878,-1697,-182,1654,1832,-1797,-1801,1789,1311,-1535,-341,591,1566,-1288,-1747,1751,233,667,-692,1923,1338,-1805,-1277,459,-531,-180,-394,1852,1722,-1831,-1660,1496,1931,-1914,-385,-540,636,429,-807,1651,110,115,-329,-96,163,-223,56,-238
78.4800,1029,-1456,-669,151,864,-881,-1479,1751,1648,-1700,-780,-964,939,-1705,-1198,1702,389,-1360,-112,1289,1833,-1836,-1774,1703,1009,-1322,-409,55,1690,-1412,-1755,1669,401,927,-568,1874,1270,-1820,-1162,14,-807,431,-232,1752,1698,-1853,-1609,1057,1896,-1838,-205,-636,311,692,-337,1233,-3,170,-276,-194,313,-300,-47,-226
78.5000,696,-1201,-771,-303,1170,-906,-1590,1692,1469,-1681,-699,-1265,1027,-1609,-1303,1723,-115,-860,-39,799,1815,-1846,-1733,1530,664,-1093,-400,-437,1728,-1423,-1735,1551,559,1106,-333,1793,1151,-1799,-986,-340,-1031,967,-55,1498,1622,-1847,-1512,576,1834,-1676,55,-669,1,940,89,745,-103,167,-151,-254,444,-326,-163,-138
78.5200,337,-926,-753,-666,1357,-832,-1614,1593,1156,-1639,-499,-1445,1040,-1373,-1321,1732,-571,-347,-3,334,1774,-1835,-1653,1245,324,-870,-360,-824,1720,-1308,-1685,1392,747,1132,-65,1614,958,-1728,-791,-609,-1124,1369,55,1041,1413,-1810,-1301,100,1695,-1293,343,-637,-270,1145,463,332,-172,89,31,-274,517,-280,-262,10
78.5400,8,-661,-659,-910,1389,-677,-1554,1435,794,-1558,-250,-1485,948,-971,-1243,1727,-921,103,-22,-61,1681,-1792,-1476,898,32,-667,-300,-1082,1642,-1107,-1563,1208,1038,980,170,1221,666,-1496,-533,-741,-1016,1559,53,565,1058,-1709,-990,-305,1308,-822,559,-538,-510,1291,775,-4,-181,-36,180,-232,530,-197,-321,179
78.5600,-265,-435,-523,-1019,1287,-444,-1389,1215,419,-1395,-24,-1433,753,-512,-1060,1684,-1067,458,-123,-378,1430,-1695,-1176,554,-163,-514,-239,-1206,1439,-822,-1324,1015,1470,613,275,763,332,-977,-253,-738,-645,1562,-64,125,604,-1394,-618,-632,766,-391,648,-375,-697,1358,1019,-269,-119,-209,259,-140,484,-93,-336,350
78.5800,-434,-226,-393,-1001,1020,-154,-1095,948,82,-1145,150,-1287,464,-7,-807,1568,-973,667,-272,-609,969,-1427,-825,219,-198,-407,-195,-1205,1064,-515,-1005,816,1763,2,221,341,-14,-341,-14,-560,25,1326,-277,-265,132,-845,-258,-795,267,-1,591,-177,-819,1369,1182,-496,1,-379,269,-28,385,13,-305,476
78.6000,-480,-71,-270,-896,658,152,-752,663,-202,-832,261,-1085,127,494,-509,1330,-586,691,-423,-747,485,-994,-492,-40,-58,-372,-145,-1118,645,-213,-698,645,1899,-861,12,-30,-329,270,141,-167,1031,765,-517,-605,-284,-265,17,-759,-133,361,412,42,-897,1304,1272,-682,163,-504,211,92,253,107,-238,546
78.6200,-365,13,-145,-761,274,447,-409,402,-368,-517,320,-867,-213,912,-222,1014,113,497,-562,-823,75,-555,-227,-187,300,-457,-93,-1002,288,37,-469,544,1979,-1677,-279,-348,-515,810,111,456,1737,-95,-707,-897,-568,245,133,-466,-437,673,171,248,-904,1168,1275,-808,323,-580,141,178,120,181,-145,565
78.6400,-48,-8,-12,-631,-75,688,-161,229,-406,-241,359,-649,-491,1238,-12,722,1088,60,-608,-871,-208,-191,-91,-144,896,-684,-13,-877,70,189,-386,576,2023,-1925,-569,-605,-478,1172,-147,1307,1931,-1204,-786,-1133,-610,620,11,110,-640,944,-51,400,-870,1012,1226,-897,463,-582,77,225,-13,237,-44,508
78.6600,488,-206,127,-519,-276,823,-68,209,-239,-100,380,-457,-647,1405,69,530,1736,-614,-569,-901,-295,44,-153,113,1567,-1106,97,-773,52,203,-503,791,2040,-2020,-776,-774,-170,1280,-714,1778,2005,-1803,-737,-1304,-386,774,-411,927,-738,1149,-217,506,-810,819,1111,-933,566,-540,50,216,-126,265,41,436
78.6800,1241,-609,260,-445,-289,806,-200,389,142,-153,379,-264,-620,1380,-56,499,1916,-1420,-442,-918,-142,105,-453,586,1830,-1601,194,-681,280,29,-852,1183,2044,-2048,-871,-871,454,1102,-1484,1925,2030,-1964,-596,-1411,150,666,-1098,1651,-754,1283,-288,558,-737,615,963,-930,598,-437,38,201,-214,294,111,324
78.7000,1736,-1218,362,-379,-20,583,-581,791,758,-436,354,-73,-353,1143,-407,686,1984,-1797,-304,-940,257,-55,-963,1198,1933,-1827,261,-587,754,-341,-1397,1610,2043,-2048,-856,-886,1338,564,-1814,1983,2034,-2017,-424,-1446,941,255,-1683,1860,-710,1327,-332,576,-632,416,815,-899,581,-313,19,174,-270,303,160,227
78.7200,1897,-1715,400,-318,520,132,-1178,1351,1496,-944,285,108,154,648,-968,1062,2003,-1906,-161,-935,846,-417,-1532,1623,1976,-1922,271,-483,1406,-935,-1736,1794,2017,-2048,-753,-825,1773,-274,-1926,2001,2021,-2024,-245,-1412,1636,-422,-1860,1920,-619,1297,-341,558,-528,210,646,-847,491,-187,-15,137,-304,302,186,122
78.7400,1965,-1884,358,-232,1282,-545,-1692,1714,1802,-1519,175,273,879,-59,-1578,1497,1987,-1920,-53,-908,1464,-950,-1762,1737,1983,-1952,220,-358,1745,-1565,-1860,1858,1643,-2011,-598,-732,1905,-1331,-1969,1983,1906,-1959,-114,-1306,1835,-1241,-1916,1895,-516,1183,-348,536,-420,22,479,-787,383,-87,-86,110,-312,282,196,26
78.7600,1986,-1945,285,-147,1727,-1368,-1855,1829,1906,-1780,61,414,1571,-911,-1810,1716,1850,-1774,9,-851,1715,-1490,-1818,1570,1945,-1919,141,-226,1857,-1811,-1901,1838,-1550,-984,-405,-635,1947,-1795,-1966,1846,-744,-840,5,-1156,1892,-1714,-1902,1403,-425,1033,-360,479,-310,-163,313,-717,218,19,-132,77,-297,248,195,-56
78.7800,1971,-1942,173,-58,1859,-1772,-1912,1840,1936,-1844,-41,507,1800,-1596,-1889,1763,-449,-33,70,-774,1758,-1711,-1730,306,1550,-1519,74,-102,1886,-1894,-1886,1474,-2015,1696,-175,-554,1943,-1920,-1870,-567,-1938,1678,124,-963,1865,-1831,-1638,-1251,-371,828,-351,380,-175,-326,160,-642,51,92,-160,35,-256,187,178,-131
78.8000,1853,-1803,119,-2,1898,-1885,-1908,1639,1902,-1748,-82,528,1865,-1792,-1902,1590,-1907,1780,131,-677,1500,-1716,-639,-1608,-1309,932,48,2,1840,-1908,-1694,-467,-2048,2013,92,-498,1836,-1944,-257,-1870,-2048,2015,276,-750,1369,-1787,751,-1924,-346,616,-261,255,-48,-468,1,-553,-109,157,-121,-29,-197,120,149,-180
78.8200,11,-139,97,21,1868,-1907,-1772,87,1502,-612,-65,482,1845,-1816,-1818,380,-2048,2031,245,-576,-23,-1190,1511,-1980,-1989,1915,102,55,1213,-1827,176,-1814,-2048,2047,389,-473,45,-1877,1787,-2014,-2048,2047,457,-545,-1224,-894,1912,-2017,-358,408,-81,81,61,-560,-142,-455,-253,215,-16,-110,-114,52,108,-223
78.8400,-1835,1755,144,-6,1495,-1820,-206,-1696,-1147,1518,0,392,1495,-1548,-729,-1545,-2048,2047,402,-487,-1745,558,1989,-2033,-2048,2047,188,68,-1223,-758,1819,-2006,-2048,2047,674,-463,-1825,-709,2033,-2035,-2048,2047,652,-342,-1961,1396,2047,-2031,-385,219,174,-110,147,-602,-263,-323,-378,277,131,-194,-41,6,62,-235
78.8600,-2048,2026,213,-69,-832,-667,1722,-1989,-1964,1990,100,282,-624,168,1548,-1962,-2048,2047,555,-382,-2035,1804,2047,-2040,-2048,2047,291,62,-1953,1502,2044,-2029,-2048,2047,908,-449,-2044,1616,2047,-2038,-2048,2047,841,-162,-2048,1931,2047,-2034,-387,51,460,-300,207,-605,-355,-179,-457,316,286,-273,23,-36,14,-237
78.8800,-2048,2047,285,-143,-1913,1525,2020,-2028,-2048,2047,184,160,-1885,1746,1997,-2023,-2048,2047,689,-268,-2048,1995,2047,-2040,-2048,2047,347,44,-2048,1948,2047,-2032,-2048,2047,1037,-415,-2048,1964,2047,-2037,-2048,2047,967,4,-2048,2009,2047,-2033,-386,-74,714,-450,239,-557,-426,-25,-492,358,411,-329,50,-34,-23,-210
78.9000,-2048,2047,324,-202,-2048,1949,2047,-2032,-2048,2047,245,59,-2048,1991,2047,-2031,-2048,2047,744,-164,-2048,2020,2047,-2040,-2048,2047,353,28,-2048,2014,2047,-2033,-2048,2047,1048,-349,-2048,2015,2047,-2036,-2048,2047,999,144,-2048,2020,2047,-2030,-357,-165,897,-560,224,-448,-452,125,-483,365,468,-346,64,-17,-51,-177
78.9200,-2048,2047,327,-238,-2048,2009,2047,-2034,-2048,2047,265,-26,-2048,2025,2047,-2031,-2048,2047,719,-44,-2048,2024,2047,-2039,-2048,2047,298,11,-2048,2024,2047,-2032,-2048,2047,949,-263,-2048,2023,2047,-2036,-2048,2047,933,262,-2048,2022,2047,-2031,-283,-213,967,-617,170,-291,-434,252,-434,368,454,-332,43,22,-55,-151
78.9400,-2048,2047,295,-242,-2048,2019,2047,-2032,-2048,2047,283,-98,-2048,2031,2047,-2032,-2048,2047,640,81,-2048,2025,2047,-2039,-2048,2047,224,12,-2048,2026,2047,-2031,-1950,2047,762,-173,-2048,2024,2047,-2036,-2048,2047,788,332,-2048,2022,2047,-2031,-202,-235,942,-597,85,-108,-367,338,-341,349,386,-282,8,73,-36,-136
78.9600,-2048,2047,264,-238,-2048,2021,2047,-2032,-2048,2047,293,-160,-2048,2030,2047,-2032,-2048,2047,523,209,-2048,2025,2047,-2038,-2048,2047,168,12,-2048,2026,2047,-2030,1683,-621,529,-91,-2048,2024,2047,-2032,1519,-131,605,378,-2048,2022,2047,-2009,-124,-221,836,-504,-36,97,-264,376,-250,319,322,-213,-64,132,10,-149
78.9800,-2048,2047,255,-204,-2048,2020,2047,-2032,-2048,2047,314,-211,-2048,2030,2047,-2030,1357,133,422,336,-2048,2025,2047,-1981,-2048,2047,134,43,-2048,2027,2047,-2032,1985,-1881,304,-9,-2048,2025,2047,1452,1953,-1859,388,399,-2048,2024,2047,1545,-43,-184,702,-339,-157,284,-140,358,-149,273,265,-132,-143,193,70,-189
79.0000,-2048,2047,271,-151,-2048,2021,2047,-2032,-2048,2047,353,-216,-2048,2030,2047,-2029,1929,-1850,336,455,-2048,2025,2037,1587,1519,-1152,146,70,-2048,2026,2047,-380,2036,-2047,87,66,-2048,2026,-700,1936,2025,-2038,185,425,-1996,2026,-1227,1960,16,-149,534,-67,-287,459,20,295,-60,220,214,-35,-223,257,142,-235
79.0200,1138,-611,305,-85,-2048,2021,2047,-868,-2048,1992,388,-130,-2048,2031,2047,-1991,2025,-2037,280,572,-692,2017,-1501,1960,1951,-1932,177,125,-1971,2029,-427,1814,2044,-2048,-108,146,1258,2023,-1860,2024,2038,-2048,-4,459,1601,1948,-1911,2029,52,-105,328,342,-388,580,177,204,24,167,155,83,-292,310,227,-282
79.0400,1898,-1884,324,24,-1851,2021,-637,1788,1523,-1614,388,72,-1880,2005,1025,1525,2040,-2048,214,689,1776,-120,-1954,2022,2027,-2048,208,214,1582,1015,-1844,2008,2044,-2048,-281,236,1890,-619,-2009,2034,2040,-2048,-195,511,1950,-1612,-2016,2041,76,-61,86,866,-472,604,327,109,87,108,65,225,-349,350,295,-314
79.0600,2018,-2044,309,184,1656,-964,-1868,2003,1950,-1997,317,408,1643,-1408,-1782,1961,2045,-2048,114,797,1980,-1836,-2026,2032,2040,-2048,208,359,1951,-1778,-2000,2039,2046,-2048,-442,358,1999,-1853,-2031,2036,2042,-2048,-361,578,2005,-1971,-2031,2041,82,-24,-231,1453,-489,501,437,18,121,41,-58,367,-394,382,369,-316
79.0800,2039,-2048,261,393,1959,-1889,-2016,2036,2027,-2048,172,873,1955,-1934,-1997,2029,2044,-2048,-5,879,2010,-2007,-2037,2033,2043,-2048,181,519,2008,-1998,-2024,2040,2047,-2048,-594,449,2011,-2009,-2035,2034,2042,-2048,-532,624,2014,-2031,-2032,2039,68,-24,-572,1732,-438,237,470,-25,158,-25,-216,473,-399,363,425,-287
79.1000,2042,-2048,161,653,2008,-2021,-2038,2040,2039,-2048,-11,1375,2008,-2020,-2031,2040,2045,-2048,-166,909,2013,-2035,-2038,2031,2041,-2048,142,703,2017,-2034,-2027,2040,2045,-2048,-707,500,2014,-2036,-2033,2032,2041,-2048,-666,605,2015,-2042,-2031,2038,61,-50,-892,1827,-249,-218,410,-11,163,-92,-374,488,-384,322,448,-206
79.1200,2043,-2048,51,938,2014,-2042,-2040,2039,2041,-2048,-228,1673,2014,-2033,-2036,2041,2043,-2048,-305,856,2016,-2041,-2037,2029,2041,-2048,72,890,2018,-2039,-2027,2039,2046,-2048,-760,431,2015,-2041,-2033,2032,2040,-2048,-738,501,2016,-2044,-2031,2037,45,-116,-1099,1845,105,-856,177,87,148,-154,-494,364,-328,229,422,-93
79.1400,2043,-2048,-66,1216,2015,-2045,-2041,2039,2041,-2048,-407,1771,2014,-2034,-2037,2040,2043,-2048,-397,716,2017,-2042,-2035,2029,2041,-2048,-5,1065,2018,-2041,-2026,2038,2044,-2048,-721,221,2015,-2043,-2033,2034,2039,-2048,-705,297,2016,-2044,-2032,2039,30,-240,-1102,1769,651,-1527,-254,284,121,-222,-562,84,-203,92,326,30
79.1600,2041,-2048,-170,1421,2017,-2046,-2039,2037,2040,-2048,-547,1772,2015,-2036,-2035,2039,2042,-2048,-436,535,2016,-2042,-2038,2031,2041,-2048,-90,1211,2019,-2041,-2025,2039,1024,-2048,-571,-134,2017,-2044,-2036,2035,1962,-2048,-581,50,2018,-2044,-2034,2041,31,-443,-860,1038,1342,-1789,-898,619,76,-266,-534,-343,-29,-68,156,178
79.1800,2041,-2048,-272,1529,2017,-2046,-2041,2038,2040,-2048,-597,1580,2015,-2035,-2034,2040,2015,-2048,-410,357,2016,-2042,-2039,2033,2041,-2048,-206,1332,2018,-2042,-2028,2041,-1839,1055,-341,-530,2018,-2044,-2038,1938,-1675,200,-385,-132,2019,-2045,-2036,1951,94,-744,-370,-865,1729,-1868,-1584,1097,34,-294,-443,-858,173,-202,-81,319
79.2000,2041,-2048,-366,1507,2017,-2046,-2040,2037,2041,-2048,-582,603,2016,-2036,-2035,2041,-1587,488,-379,283,2018,-2043,-2042,1830,2003,-2048,-358,1403,2019,-2043,-2030,2041,-2048,1911,-76,-860,2019,-2045,-2041,-1671,-2031,1861,-203,-145,2019,-2048,-2038,-1653,264,-1165,276,-1887,1853,-1857,-1832,1590,-9,-320,-321,-1327,367,-255,-359,461
79.2200,2037,-2048,-468,1266,2019,-2048,-2044,2041,2040,-2048,-485,-1139,2018,-2037,-2038,2042,-2013,1872,-368,366,2020,-2047,-2005,-1718,-1588,1010,-563,1360,2021,-2043,-2025,-383,-2048,2044,160,-941,2006,-2047,876,-1980,-2048,2038,-76,127,1872,-2048,1197,-1976,590,-1612,932,-2048,1891,-1577,-1921,1808,-13,-347,-211,-1594,521,-188,-623,596
79.2400,-1354,772,-565,634,2019,-2048,-2037,-562,1932,-1945,-291,-1904,2018,-2040,-2041,1860,-2048,2041,-427,619,-470,-2040,1576,-1990,-2013,1910,-746,1071,1870,-2045,69,-1839,-2048,2047,303,-624,-1496,-2043,1912,-2033,-2048,2047,-44,696,-1712,-1568,1945,-2026,1100,-1823,1382,-2048,1863,176,-1948,1894,30,-385,-137,-1645,554,33,-812,711
79.2600,-1980,1893,-601,-502,1182,-1974,868,-1853,-1695,1676,-11,-2048,426,-1358,228,-1684,-2048,2047,-522,926,-1895,1243,1991,-2034,-2048,2046,-846,328,-1695,964,1884,-2008,-2048,2047,314,121,-1985,1305,2047,-2041,-2048,2047,-113,1413,-2022,1728,2047,-2035,1632,-1920,1544,-2048,1585,1737,-1922,1931,101,-421,-123,-1500,446,395,-847,777
79.2800,-2048,2044,-512,-1713,-1809,1556,1910,-2009,-2030,2001,384,-2048,-1861,1758,1879,-1979,-2048,2047,-629,1052,-2048,1901,2047,-2042,-2048,2047,-776,-1059,-2017,1868,2047,-2031,-2048,2047,209,1220,-2048,1908,2047,-2038,-2048,2047,-206,1741,-2048,1972,2047,-2034,1838,-1960,1466,-2048,-387,1984,-1691,1918,228,-453,-93,-1080,143,841,-661,755
79.3000,-2048,2047,-265,-2006,-2034,1943,2044,-2033,-2048,2047,858,-2048,-2044,1986,2042,-2025,-2048,2047,-641,689,-2048,2005,2047,-2041,-2048,2047,-446,-1878,-2048,2002,2047,-2033,-2048,2047,55,1781,-2048,2007,2047,-2038,-2048,2047,-246,1806,-2048,2015,2047,-2032,1925,-1960,1194,-2048,-1834,2020,439,1798,366,-439,-20,-495,-299,1267,-267,591
79.3200,-2048,2047,172,-2048,-2048,2011,2047,-2036,-2048,2047,1328,-2048,-2048,2025,2047,-2032,-2048,2047,-452,-484,-2048,2022,2047,-2039,-2048,2047,155,-2048,-2048,2023,2047,-2033,-2048,2047,-53,1922,-2048,2022,2047,-2036,-2048,2047,-117,1614,-2048,2022,2047,-2031,1959,-1889,869,-2048,-2045,2024,1856,412,461,-343,141,113,-797,1513,316,273
79.3400,-2048,2047,773,-2048,-2048,2019,2047,-2032,-2048,2047,1606,-2048,-2048,2030,2047,-2034,-2048,2047,2,-1770,-2048,2024,2047,-2039,-2048,2047,952,-2048,-2048,2026,2047,-2030,-2048,2047,-30,1958,-2048,2025,2047,-2034,-2048,2047,242,10,-2048,2024,2047,-2029,1953,-1028,666,-2048,-2048,2024,2043,-1626,481,-115,415,608,-1210,1536,955,-215
79.3600,-2048,2047,1355,-2048,-2048,2019,2047,-2032,-2048,2047,1689,-2048,-2048,2031,2047,-2031,-2048,2047,731,-2037,-2048,2024,2047,-2038,-2048,2047,1608,-2048,-2048,2026,2047,-2030,-2048,2047,210,1911,-2048,2026,2047,-2036,-2048,2047,816,-1747,-2048,2022,2047,-2030,1872,1400,678,-1973,-2048,2025,2047,-1974,372,262,766,937,-1432,1304,1490,-818
79.3800,-2048,2047,1649,-2048,-2048,2021,2047,-2031,-2048,2047,1651,-2048,-2048,2031,2047,-2030,-2048,2047,1519,-2048,-2048,2025,2047,-2037,-2048,2047,1803,-2048,-2048,2025,2047,-2031,-2048,2047,605,1247,-2048,2024,2047,-2036,-2048,2047,1478,-2039,-2048,2023,2047,-2030,743,1971,858,1173,-2048,2025,2047,-2023,90,757,1117,1093,-1375,754,1696,-1420
79.4000,-2048,2047,1713,-2048,-2048,2020,2047,-2032,-2048,2047,1409,-2048,-2048,2030,2047,-2030,-2048,2047,1806,-2048,-2048,2025,2047,-2039,-2048,2047,1851,-2048,-2048,2025,2047,-2030,-321,2024,1105,-1417,-2048,2025,2047,-2038,-512,2047,1768,-2048,-2048,2023,2047,-2031,-1611,2047,1018,1900,-2048,2023,2047,-2031,-358,1297,1345,1120,-1012,12,1708,-1698
79.4200,-2048,2047,1617,-2048,-2048,2020,2047,-2032,-2048,2047,902,885,-2048,2030,2047,-2029,-1777,2047,1894,-2048,-2048,2026,2047,-2040,-2048,2047,1818,-2048,-2048,2026,2047,-2031,1802,-1452,1532,-1987,-2048,2025,2047,-1798,1791,30,1861,-2048,-2048,2024,2047,-2024,-2027,2047,962,2005,-2048,1933,2047,-2032,-916,1652,1363,1104,-403,-746,1483,-1779
79.4400,-2048,2047,1164,-2048,-2048,2021,2047,-2033,-2048,2047,333,1880,-2048,2031,2047,-2032,1697,1075,1908,-2048,-2048,2028,2047,-2007,-1998,2047,1603,-2048,-2048,2026,2047,-2033,2006,-1978,1705,-2048,-2048,2028,2047,1704,2001,-1857,1874,-2048,-2048,2027,2047,1408,-2048,2047,508,2023,-2048,-1467,2047,-2033,-1462,1770,1157,1132,306,-1329,875,-1765
79.4600,-2048,2047,452,-726,-2048,2022,2047,-2034,-2048,2047,-163,2016,-2048,2032,2047,-2032,1987,-1799,1855,-2048,-2048,2028,2030,1510,1528,1007,803,-2022,-2048,2028,2047,-1216,2040,-2048,1747,-2048,-1811,2028,-1122,1987,2034,-2041,1823,-2048,-1878,2026,-602,1938,-2048,2047,-423,2025,-1689,-1954,2047,-2033,-1733,1775,706,1252,948,-1577,106,-1582
79.4800,1379,1022,-224,1775,-2048,2024,2039,-239,-2028,2037,-510,2039,-2048,2034,2047,-1858,2036,-2030,1561,-2048,1021,2012,-1489,1951,1960,-1797,-118,1295,-689,2012,-864,1767,2047,-2048,1696,-2048,1687,2005,-1904,2032,2042,-2048,1502,-2048,1647,1790,-1862,2032,-2048,2047,-1587,2024,1647,-2032,1905,-2032,-1814,1638,122,1445,1326,-1561,-637,-921
79.5000,1938,-1795,-671,2001,848,1775,-1309,1827,1537,-1433,-750,2044,905,832,-1072,1683,2044,-2048,426,-2028,1877,-1363,-1956,2023,2030,-2031,-796,1927,1782,-1127,-1875,2001,2047,-2048,1454,-2048,1964,-1445,-2019,2038,2044,-2048,458,-2048,1960,-1677,-2010,2043,-2048,2047,-1952,2024,1959,-2042,-1593,-2029,-1801,1097,-456,1630,1356,-1268,-1124,-20
79.5200,2025,-2030,-765,2038,1863,-1650,-1936,2008,1956,-1972,-945,2044,1870,-1784,-1900,1984,2047,-2048,-787,1341,1996,-1936,-2029,2036,2041,-2048,-1055,2024,1983,-1907,-2008,2039,2020,-2048,865,-2048,2009,-1947,-2034,2037,2043,-2048,-692,-1961,2009,-1986,-2031,2043,-2048,2047,-2048,2025,2011,-2047,-1962,332,-1625,267,-924,1735,1086,-797,-1309,856
79.5400,2042,-2048,-587,2043,1994,-1985,-2028,2038,2029,-2048,-1234,2045,1994,-1996,-2019,2037,2046,-2048,-1580,1933,2016,-2027,-2039,2035,2044,-2048,-943,2041,2016,-2022,-2028,2043,1892,-2048,150,-2048,2018,-2030,-2037,2036,2045,-2048,-1507,1560,2018,-2037,-2036,2041,-2048,1860,-2048,2024,2017,-2046,-2030,1855,-1036,-591,-1182,1793,586,-355,-1180,1469
79.5600,2043,-2048,-278,2043,2017,-2039,-2043,2042,2041,-2048,-1652,2042,2015,-2032,-2037,2043,2047,-2048,-1768,2026,2019,-2041,-2039,2035,2044,-2048,-625,2044,2021,-2040,-2031,2043,1547,-2048,-511,-2048,2018,-2043,-2037,2037,2036,-2048,-1741,1962,2020,-2046,-2035,2042,-2048,-1673,-2048,2023,2019,-2045,-2035,2012,-255,-1250,-1239,1813,39,-109,-818,1657
79.5800,2044,-2048,-109,2043,2019,-2048,-2043,2042,2044,-2048,-1893,2040,2018,-2036,-2039,2043,2044,-2048,-1691,2041,2018,-2044,-2039,2033,2044,-2048,-398,2043,2021,-2043,-2031,2043,1489,-2048,-1007,1319,2019,-2046,-2036,2036,1977,-2048,-1680,2031,2020,-2047,-2035,2039,-902,-2005,-2048,2023,2018,-2042,-2037,2037,517,-1547,-1150,1799,-355,-166,-425,1623
79.6000,2044,-2048,-321,2043,2018,-2048,-2044,2040,2044,-2048,-2009,2041,2019,-2039,-2038,2043,2044,-2048,-1310,2044,2019,-2045,-2041,2034,2043,-2048,-528,2042,2020,-2044,-2030,2042,1832,-1973,-1205,1928,2019,-2046,-2038,2038,1874,-2048,-1237,2043,2019,-2046,-2035,2042,1776,-2048,-2048,1911,2019,-2043,-2039,2042,1096,-1541,-1021,1731,-451,-503,-145,1356
79.6200,2044,-2048,-1007,2044,2019,-2048,-2043,2039,2042,-2048,-2048,2041,2019,-2038,-2038,2042,2041,-2048,-918,2043,2018,-2046,-2039,2033,2042,-2048,-1153,2042,2021,-2044,-2029,2040,1988,-1808,-1135,2024,2018,-2045,-2039,2035,1801,-2048,-632,2043,2019,-2046,-2036,2043,1997,-2048,-2040,-914,2017,-2043,-2040,2046,1352,-1244,-919,1469,-193,-1031,-124,903
79.6400,2043,-2048,-1778,2042,2019,-2048,-2042,2041,2041,-2048,-2048,1214,2019,-2039,-2038,2042,2009,-2048,-868,2044,2017,-2043,-2040,2033,2041,-2048,-1816,2042,2020,-2042,-2030,2043,2037,-1669,-859,2040,2018,-2045,-2040,1968,1833,-2005,-258,2042,2020,-2046,-2036,2042,2037,-2048,-1918,-1939,2019,-2021,-2040,2044,1335,-772,-910,817,357,-1541,-395,530
79.6600,2041,-2048,-2006,2043,2019,-2048,-2043,2040,2042,-2048,-2048,-1769,2018,-2038,-2039,2044,1920,-2048,-1337,2043,2017,-2044,-2041,2034,2039,-2048,-2016,2041,2020,-2043,-2029,2041,2044,-1794,-502,2041,2017,-2044,-2038,1774,1906,-1850,-314,2044,2018,-2046,-2037,2039,2043,-2048,-1107,-2048,2013,754,-2040,2046,1073,-358,-936,-15,1086,-1744,-921,427
79.6800,2017,-2048,-2048,1822,2019,-2048,-2042,2041,2041,-2048,-2048,-2035,2017,-2038,-2039,2043,1727,-2048,-1834,2042,2017,-2043,-2039,2033,2032,-2048,-2048,2023,2019,-2043,-2030,2040,2044,-1936,-251,2043,2013,-2044,-2036,1326,1968,-1389,-896,2042,2017,-2045,-2034,2004,2043,-2048,434,-2048,1983,1861,-2040,2045,708,-171,-926,-919,1634,-1799,-1509,634
79.7000,1962,-2048,-2048,-1605,2017,-2048,-2043,2041,2036,-2048,-2048,-2048,2018,-2037,-2039,2042,1167,-1972,-2006,2042,2017,-2044,-2039,2031,2017,-2048,-2048,-967,2018,-2042,-2029,2041,2044,-2022,-252,2042,2005,-2042,-2034,1258,2008,-903,-1697,2042,2017,-2044,-2033,1917,2044,-2048,1638,-2048,-574,1996,-2025,2044,427,-320,-778,-1645,1799,-1780,-1762,1125
79.7200,1907,-2048,-2048,-2009,2017,-2046,-2042,2041,1999,-2048,-1991,-2048,2017,-2035,-2036,2042,644,-1740,-2048,2015,2017,-2044,-2038,2016,2000,-2048,-2048,-1930,2018,-2041,-2028,2041,2045,-2048,-582,2042,1998,-2040,-2032,1569,2027,-766,-1961,2043,2017,-2043,-2033,1634,2045,-2048,1916,-2048,-1909,2024,380,2039,356,-795,-427,-1874,1851,-1636,-1848,1628
79.7400,1883,-2048,-2048,-2048,2017,-2041,-2042,2039,1943,-2048,-1147,-2048,2014,-2027,-2037,2043,394,-664,-2048,-1189,2016,-2042,-2038,1948,1983,-2048,-2048,-2048,2019,-2038,-2027,2040,2044,-2048,-1235,2042,1987,-2019,-2030,1749,2034,-813,-2048,1966,2015,-2044,-2031,356,2045,-2048,2005,-2048,-2048,2024,1891,1846,589,-1463,94,-1956,1857,-1143,-1874,1816
79.7600,1886,-2048,-2048,-2048,2014,-2018,-2040,2039,1892,-2048,1045,-2048,2012,-1984,-2034,2040,355,639,-2048,-1952,2015,-2037,-2037,1490,1959,-2048,-2048,-2048,2018,-2021,-2028,2039,2043,-2048,-1800,2043,1967,-1921,-2018,1804,2035,-871,-2048,-1450,2014,-2041,-2027,-1246,2045,-2048,2034,-2048,-2048,2025,2043,-1571,1092,-1796,704,-1991,1826,-385,-1863,1884
79.7800,1895,-2048,-1817,-2048,2008,-1963,-2039,2038,1848,-2048,1834,-2048,1998,-1862,-2031,2038,434,1658,-2048,-2048,2012,-2012,-2034,-883,1919,-2042,-1858,-2048,2014,-1965,-2026,2031,2043,-2048,-1985,2004,1915,-1204,-1971,1765,2035,-824,-2048,-1987,1979,-2000,-1959,-1843,2040,330,2042,-2048,-2048,2026,2047,-1959,1626,-1908,1268,-2004,1725,467,-1809,1901
79.8000,1897,-2041,-194,-2048,1986,-1810,-2033,2027,1776,-2048,1996,-2048,1949,-1004,-2008,2027,561,1925,-2033,-2048,1984,-1914,-1973,-1856,1841,-1919,-354,-2048,1995,-1767,-2023,1939,2041,-2048,-2048,-1236,1737,836,-1790,1428,2031,-572,-2048,-2048,1710,-1623,-763,-1990,1988,1882,2042,-2048,-2048,2025,2047,-2021,1826,-1948,1577,-2001,1308,1331,-1628,1880
79.8200,1875,-1952,1503,-2048,1914,-658,-2000,1951,1521,-1994,2034,-2048,1761,882,-1905,1948,604,2022,-1851,-2048,1764,-913,-786,-2018,1528,-486,1425,-2048,1897,-170,-1962,371,2031,-2048,-2048,-1959,437,1795,-155,383,2020,-114,-2048,-2048,-926,1179,1654,-2030,-1287,2042,2040,-2048,-2048,2024,2047,-2031,1906,-1951,1652,-1985,459,1748,-992,1807
79.8400,1808,-1214,1890,-2048,1438,1272,-1846,942,669,-1288,2042,-2048,10,1808,-793,949,472,2047,-601,-2048,-767,1405,1667,-2042,443,1610,1871,-2048,835,1595,-1174,-1703,1923,-2030,-2048,-2048,-1427,1984,1649,-1036,1978,551,-1983,-2048,-1910,1890,2017,-2035,-1976,2047,2032,-2048,-2048,2024,2047,-2034,1938,-1923,1612,-1942,-557,1883,-86,1489
79.8600,1486,1124,1996,-2048,-727,1861,-119,-1504,-537,1334,2044,-2048,-1717,1994,1505,-1501,87,2047,1120,-2048,-1897,1919,2016,-2044,-936,1992,1990,-2048,-1494,1944,1496,-1989,477,-1859,-2048,-2048,-1934,2022,1995,-1791,1839,1359,-1526,-2048,-2048,2006,2047,-2036,-2048,2047,2004,-2048,-2048,2025,2047,-2034,1942,-1844,1441,-1836,-1564,1945,952,621
79.8800,428,1892,2029,-2048,-1847,1997,1704,-1953,-1665,1944,2044,-2048,-2021,2029,1976,-1951,-579,2047,1809,-2048,-2048,2013,2047,-2043,-1803,2047,2029,-2048,-1977,2017,1993,-2028,-1650,-81,-2048,-2048,-2048,2028,2047,-1968,557,1800,127,-2048,-2048,2023,2047,-2035,-2048,2047,1930,-1540,-2048,2024,2047,-2033,1920,-1507,1181,-1373,-1887,1975,1714,-431
79.9000,-1001,2047,2040,-2048,-2043,2020,2012,-2026,-1961,2047,2040,-3,-2048,2033,2047,-2025,-1457,2047,1971,-2048,-2048,2027,2047,-2042,-2011,2047,2040,-2048,-2048,2029,2047,-2035,-2019,1689,-1976,-2048,-2048,2026,2047,-2026,-1472,1950,1595,-2048,-2048,2025,2047,-2033,-2048,2047,1664,1169,-2048,1957,2047,-2032,1854,-578,934,-381,-1994,1985,1924,-1458
79.9200,-1826,2047,2042,-2048,-2048,2024,2047,-2036,-2048,2047,2039,1807,-2048,2035,2047,-2035,-1863,2047,2024,-2048,-2048,2028,2047,-2040,-2048,2047,2043,-2048,-2048,2030,2047,-2036,-2048,2001,-1193,-2048,-2048,2027,2047,-2040,-1964,2017,1921,-2048,-2048,2026,2047,-2033,-2048,2047,365,1854,-2048,-91,2047,-2032,1596,560,750,653,-2039,1984,2003,-1822
79.9400,-2024,2047,2041,-643,-2048,2024,2047,-2037,-2048,2047,2027,2005,-2048,2034,2047,-2037,-1999,2047,2040,-2048,-2048,2029,2047,-2042,-2048,2047,2044,-1792,-2048,2030,2047,-2037,-2048,2047,833,-2048,-2048,2026,2047,-2042,-2048,2047,2013,-2048,-2048,2026,2047,-2032,-2048,2047,-1083,1995,-2030,-1793,2047,-2033,586,1592,605,1485,-2048,1963,2037,-1940
79.9600,-2048,2047,2042,1718,-2048,2023,2047,-2037,-2048,2047,1983,2037,-2048,2033,2047,-2036,-2048,2047,2045,-2048,-2048,2028,2047,-2041,-2048,2047,2040,1470,-2048,2029,2047,-2035,-2048,2047,1792,-2048,-2048,2026,2047,-2041,-2048,2047,2038,-2048,-2048,2025,2047,-2031,-2048,2047,-1817,2024,-904,-2007,2020,-2033,-741,1894,446,1764,-2048,1906,2047,-1991
79.9800,-2048,2047,2038,1993,-2048,2023,2047,-2036,-2048,2047,1840,2042,-2048,2032,2047,-2034,-2048,2047,2044,-1846,-2048,2028,2047,-2041,-2048,2047,2038,1954,-2048,2028,2047,-2034,-2048,2047,1982,-2048,-2048,2025,2047,-2040,-2048,2047,2044,-2048,-2048,2025,2047,-2031,-2048,2047,-1993,2028,1535,-2042,454,-2029,-1722,1998,213,1841,-2042,1721,2047,-2013
80.0000,-2048,2047,2022,2037,-2048,2023,2047,-2036,-2048,2047,467,2042,-2048,2031,2047,-2034,-2048,2047,2044,1424,-2048,2027,2047,-2040,-2048,2047,2027,2030,-2048,2028,2047,-2034,-2048,2047,2031,-2048,-2048,2025,2047,-2041,-2048,2047,2044,-1915,-2048,2026,2047,-2028,-2048,2047,-2048,2029,1934,-2047,-1699,-1857,-1965,2041,-85,1850,-1997,608,2030,-2020
80.0200,-2048,2047,1953,2043,-2048,2019,2047,-2036,-2048,2047,-1522,2044,-2048,2030,2047,-2034,-2048,2047,2042,1948,-2048,2028,2047,-2040,-2048,2047,1974,2041,-2048,2025,2047,-2034,-2048,2047,2042,-2048,-2048,2015,2047,-2041,-2048,2047,2044,1259,-2048,2024,2047,-2013,-2048,2047,-2048,2027,2008,-2046,-1986,1099,-2048,2047,-426,1808,-1871,-858,1981,-2016
80.0400,-2048,2047,1545,2045,-2048,1993,2047,-2035,-2048,2047,-1985,2041,-2048,2012,2047,-2034,-2048,2047,2034,2029,-2048,2027,2047,-2021,-2048,2047,1750,2043,-2048,2007,2047,-2033,-2048,2047,2043,-1977,-2048,1953,2047,-2038,-2048,2047,2041,1920,-2048,2006,2047,-1934,-2048,1407,-2048,2027,2019,-2047,-2034,1897,-2048,2047,-753,1685,-1020,-1712,1832,-1997
80.0600,-2048,2047,-547,2043,-2048,1889,2047,-2035,-2048,2047,-2048,2040,-2039,1926,2047,-2033,-2048,2009,1994,2042,-2048,2015,2047,-1801,-2048,2047,4,2043,-2048,1936,2047,-2032,-2048,2047,2041,944,-2010,1683,2015,-2016,-2048,2047,2038,2025,-1943,1875,1880,-1265,-2014,-1459,-2048,2027,2021,-2046,-2040,2024,-2048,2047,-996,1309,480,-1898,817,-1943
80.0800,-2048,2047,-1819,2044,-1962,1227,2047,-2034,-2048,2047,-2048,2040,-1811,1486,2035,-2032,-2048,1878,1858,2044,-1986,1932,1911,815,-2048,2019,-1681,2043,-2025,1738,2047,-1940,-2048,2047,2044,1878,-1278,189,1172,-1884,-2048,2009,2014,2041,-40,643,-866,1068,-65,-1966,-2003,2025,2022,-2046,-2041,2044,-2048,2025,-1128,807,1586,-1950,-729,-1760
80.1000,-2048,2039,-2048,2044,-1308,-318,1997,-1960,-2048,2041,-2048,2041,72,-85,1778,-1964,-2048,732,600,2044,-413,1471,-972,1852,-2048,1348,-2016,2044,-1772,750,1906,424,-2048,2008,2041,2019,1181,-1301,-1411,-330,-2048,1785,1926,2045,1692,-1296,-1862,1859,1734,-2048,-1910,2024,2020,-2045,-2041,2045,-2048,1946,-1100,379,1845,-1955,-1690,-483
80.1200,-2048,1660,-2048,2042,336,-1501,1426,-262,-2048,1667,-2048,2039,1614,-1466,-291,-592,-1980,-1348,-1430,2045,1629,-227,-1884,2009,-1893,-1392,-2048,2043,-72,-367,-344,1838,-2048,1576,2031,2040,1844,-1798,-1920,1612,-1994,-83,1276,2045,1960,-1838,-2009,2013,1993,-2048,-1597,2018,2020,-2045,-2042,2047,-2048,1535,-946,113,1915,-1931,-1893,1191
80.1400,-1910,-1167,-2048,2042,1526,-1822,-800,1732,-1884,-1204,-2048,2038,1902,-1841,-1705,1648,-1303,-1913,-1958,2044,1950,-1575,-2016,2032,-182,-1954,-2048,2042,1505,-1275,-1771,2013,-1980,-760,1990,2044,1980,-1926,-2018,1955,-1336,-1688,-792,2043,2009,-1971,-2030,2038,2038,-2048,-880,1994,2019,-2043,-2040,2046,-1967,-64,-684,2,1928,-1866,-1952,1808
80.1600,-80,-1911,-2048,2041,1810,-1913,-1783,1994,159,-1919,-2038,2033,1975,-1954,-1948,1980,871,-2045,-2048,2043,2007,-1887,-2035,2035,1619,-2048,-2048,2041,1857,-1707,-1984,2037,-1222,-1823,1834,2044,2008,-1973,-2033,2023,746,-1985,-1851,2044,2015,-2011,-2034,2043,2045,-2048,-227,1935,2018,-2040,-2039,2045,-1473,-1525,-372,4,1912,-1701,-1963,1946
80.1800,1668,-2048,-2048,2040,1884,-1942,-1967,2033,1730,-2048,-1875,2013,1996,-1998,-2010,2033,1807,-2048,-2048,2042,2016,-1983,-2038,2034,1952,-2048,-2048,2039,1951,-1847,-2020,2039,903,-2015,414,2042,2013,-1994,-2035,2035,1759,-2048,-2048,2042,2018,-2029,-2034,2044,2047,-2048,236,1769,2018,-2022,-2038,2045,207,-1887,-72,79,1867,-1121,-1947,1985
80.2000,1966,-2048,-2048,2038,1903,-1949,-2014,2038,1985,-2048,-1037,1946,1998,-2016,-2025,2040,1992,-2048,-2048,2040,2017,-2019,-2039,2034,2027,-2048,-2048,2040,1983,-1903,-2026,2040,1796,-2048,-1543,2042,2015,-2006,-2034,2036,1958,-2048,-2048,2041,2017,-2034,-2033,2043,2046,-2048,505,736,2017,-1959,-2037,2043,1572,-1984,169,177,1768,-428,-1901,1989
80.2200,2028,-2048,-1965,2030,1900,-1943,-2030,2039,2034,-2048,14,1641,1992,-2024,-2029,2043,2034,-2048,-2048,2041,2017,-2033,-2039,2035,2040,-2048,-2019,2035,1996,-1936,-2027,2041,1976,-2048,-1986,2042,2010,-2011,-2034,2036,2011,-2048,-2048,2041,2015,-2034,-2033,2044,2045,-2048,572,-659,2006,-1709,-2036,2043,1878,-2008,293,231,1442,148,-1804,1970
80.2400,2039,-2048,-1673,1992,1887,-1926,-2030,2039,2041,-2048,767,-62,1976,-2027,-2027,2042,2041,-2048,-2048,2039,2015,-2037,-2038,2034,2040,-2048,-1873,2016,1999,-1956,-2027,2039,2025,-2048,-2048,2041,2003,-2012,-2031,2034,2025,-2048,-2048,2040,2014,-2035,-2032,2041,2046,-2048,487,-1647,1959,-158,-2028,2043,1961,-2001,298,251,826,563,-1463,1921
80.2600,2040,-2048,-863,1875,1868,-1898,-2031,2039,2042,-2048,1192,-1605,1951,-2023,-2020,2041,2042,-2048,-2048,2038,2014,-2039,-2036,2033,2040,-2048,-1262,1937,2000,-1967,-2027,2039,2037,-2048,-2048,2040,1988,-2012,-2018,2028,2022,-2048,-2048,2040,2007,-2034,-2026,2030,2045,-2048,313,-1898,1816,1473,-1977,2043,1982,-1970,209,211,263,826,-758,1819
80.2800,2040,-2048,-138,956,1850,-1856,-2026,2038,2041,-2048,1338,-1945,1910,-2013,-2009,2040,2040,-2048,-1989,2031,2013,-2039,-2036,2026,2039,-2048,-383,1463,1999,-1971,-2026,2039,2039,-2022,-2048,2039,1959,-2003,-1985,1998,2007,-2030,-2048,2039,1991,-2027,-2002,1988,2043,-2048,138,-1973,713,1868,-1776,2034,1973,-1905,93,124,-169,967,-133,1463
80.3000,2038,-2048,363,-852,1838,-1793,-2020,2036,2041,-2048,1328,-2038,1856,-1993,-1992,2040,2028,-2037,-1784,1979,2009,-2037,-2031,1979,2035,-2048,321,-466,1994,-1972,-2025,2034,2037,-1949,-2048,2040,1912,-1991,-1925,1918,1972,-1955,-2030,2035,1960,-2018,-1949,1892,2043,-2048,5,-1996,-1004,1975,-253,1978,1941,-1755,-14,27,-441,981,358,748
80.3200,2027,-2048,654,-1786,1831,-1695,-2010,2029,2038,-2048,1209,-2048,1775,-1950,-1969,2034,1987,-1961,-958,1740,1996,-2033,-2003,1835,2011,-2015,816,-1735,1987,-1969,-2020,1999,2029,-1776,-2048,2037,1835,-1967,-1812,1625,1901,-1725,-1904,1987,1908,-2001,-1844,1497,2043,-2048,-25,-1999,-1805,2008,1496,1737,1871,-1260,-57,-98,-576,891,675,99
80.3400,1991,-2006,811,-1979,1832,-1554,-1996,1995,2017,-2032,1030,-2048,1638,-1877,-1940,2013,1880,-1739,-51,-51,1965,-2024,-1927,909,1947,-1919,1123,-1983,1978,-1960,-2008,1896,2012,-1072,-2048,2030,1661,-1933,-1437,436,1737,-675,-1354,1708,1824,-1976,-1520,328,2037,-1967,44,-1988,-1977,2017,1910,-12,1704,-603,-67,-215,-584,722,844,-391
80.3600,1902,-1909,830,-2038,1834,-1392,-1977,1917,1955,-1971,788,-2048,1384,-1700,-1903,1962,1327,-676,656,-1651,1907,-2003,-1706,-527,1799,-1598,1248,-2048,1964,-1946,-1979,1420,1989,-264,-1943,1964,1103,-1876,-682,-761,1132,496,-423,-396,1615,-1939,-709,-792,1993,-1250,196,-1964,-2031,2018,2021,-1592,1127,-51,-34,-319,-503,502,883,-687
80.3800,1580,-1594,728,-2048,1838,-1267,-1953,1701,1808,-1856,487,-2048,1144,-1069,-1853,1861,2,524,1095,-1968,1795,-1969,-684,-1571,1064,-614,1219,-2048,1943,-1927,-1928,127,1959,299,-1470,1570,432,-1769,-5,-1576,400,1430,311,-1767,1006,-1882,31,-1579,1817,890,366,-1930,-2048,2015,2047,-1912,432,341,-17,-409,-370,256,816,-848
80.4000,461,-631,535,-2048,1840,-1179,-1915,787,1061,-1472,171,-2048,956,-304,-1783,1518,-1162,1493,1271,-2048,1355,-1909,453,-1842,6,324,1041,-2048,1913,-1898,-1832,-1026,1924,597,-490,-479,-154,-1431,532,-1803,-104,1775,777,-2011,315,-1780,635,-1813,345,1820,509,-1876,-2048,2004,2047,-1998,-125,596,-31,-472,-204,25,677,-859
80.4200,-585,299,299,-2048,1837,-1108,-1860,-240,-86,-678,-103,-2042,820,376,-1661,650,-1740,1815,1230,-2048,434,-1785,1382,-1927,-853,1060,777,-2048,1863,-1850,-1503,-1662,1882,666,264,-1757,-631,-780,924,-1866,-396,1877,1010,-2048,-321,-1449,1101,-1891,-1482,2005,596,-1772,-2046,1982,2047,-2023,-517,717,-63,-495,-38,-139,479,-758
80.4400,-1351,1050,66,-2048,1820,-1004,-1759,-1090,-1046,26,-280,-2012,708,927,-1397,-132,-1888,1918,1038,-2048,-494,-1254,1773,-1960,-1453,1559,503,-2048,1759,-1748,-612,-1829,1827,558,759,-1994,-1004,-53,1195,-1881,-470,1910,1076,-2048,-910,-745,1461,-1926,-1925,2047,651,-1536,-2033,1945,2047,-2028,-734,710,-76,-504,87,-226,281,-562
80.4600,-1692,1543,-79,-2031,1780,-852,-1443,-1618,-1633,598,-285,-1960,585,1364,-1006,-758,-1930,1960,782,-2048,-1330,-345,1885,-1972,-1710,1744,312,-2048,1365,-1412,299,-1887,1737,332,1046,-2048,-1294,677,1376,-1863,-399,1913,1056,-2048,-1428,22,1679,-1938,-2041,2047,680,-1110,-2011,1887,2047,-2027,-800,611,-41,-455,145,-200,104,-310
80.4800,-1788,1735,-63,-2003,1682,-626,-778,-1783,-1817,1043,-90,-1865,431,1614,-564,-1237,-1931,1976,539,-2048,-1766,586,1933,-1978,-1791,1818,231,-2033,529,-768,1153,-1909,1529,52,1175,-2048,-1477,1375,1508,-1816,-213,1892,1001,-2048,-1731,829,1787,-1942,-2048,2047,730,-642,-1977,1782,2027,-2025,-731,446,76,-376,117,-91,-17,-63
80.5000,-1788,1798,116,-1954,1349,-354,-52,-1846,-1873,1417,245,-1518,205,1719,-93,-1569,-1902,1979,375,-2048,-1904,1427,1959,-1976,-1808,1848,284,-1992,-387,-55,1708,-1918,1078,-235,1218,-2048,-1593,1723,1610,-1718,21,1846,935,-2048,-1849,1540,1853,-1936,-2048,2047,779,-179,-1923,1445,1993,-2016,-561,240,246,-274,25,70,-82,160
80.5200,-1726,1823,433,-1862,718,-33,693,-1877,-1885,1659,656,-654,-70,1768,404,-1730,-1828,1971,305,-2048,-1963,1766,1974,-1971,-1793,1867,428,-1921,-1289,625,1877,-1922,524,-476,1179,-2048,-1667,1842,1690,-1480,271,1751,867,-2048,-1908,1796,1899,-1925,-2048,2047,805,261,-1831,747,1935,-1994,-330,51,426,-129,-139,267,-64,301
80.5400,-1560,1829,791,-1570,-20,290,1406,-1895,-1875,1786,1006,283,-406,1786,923,-1814,-1617,1955,324,-2023,-1993,1877,1984,-1963,-1748,1875,604,-1736,-1766,1255,1946,-1924,-81,-626,1043,-2048,-1715,1894,1754,-1107,482,1510,766,-2048,-1942,1891,1931,-1906,-2048,2047,751,648,-1589,33,1827,-1962,-73,-103,533,36,-323,433,9,339
80.5600,-1307,1831,1107,-834,-796,615,1762,-1907,-1849,1860,1192,1146,-758,1781,1415,-1868,-1130,1925,369,-1973,-2010,1926,1991,-1953,-1686,1888,749,-1055,-1907,1627,1979,-1927,-736,-650,816,-2041,-1744,1918,1800,-770,600,1103,653,-2022,-1962,1936,1955,-1880,-2048,2022,564,963,-1035,-646,1457,-1912,150,-171,532,188,-507,557,124,257
80.5800,-1060,1834,1281,-46,-1492,896,1883,-1918,-1807,1909,1179,1651,-1121,1758,1714,-1908,-603,1882,434,-1880,-2015,1951,1993,-1941,-1628,1897,793,-193,-1964,1767,1998,-1932,-1414,-535,510,-2007,-1768,1923,1829,-518,597,693,518,-1958,-1969,1960,1966,-1838,-2018,1974,246,1171,-433,-1242,724,-1825,296,-140,413,309,-643,604,257,90
80.6000,-912,1842,1283,631,-1794,1149,1933,-1924,-1762,1944,973,1805,-1431,1717,1830,-1935,-161,1808,490,-1590,-2013,1962,1990,-1919,-1596,1905,756,561,-1990,1823,2005,-1934,-1788,-290,204,-1961,-1772,1916,1845,-364,437,349,419,-1825,-1966,1970,1966,-1767,-1972,1893,-149,1253,118,-1625,-2,-1588,318,-26,214,378,-721,590,380,-131
80.6200,-891,1847,1149,1125,-1893,1351,1958,-1926,-1717,1966,643,1856,-1638,1636,1881,-1954,124,1649,561,-822,-2005,1967,1981,-1885,-1593,1909,639,1155,-1995,1847,2003,-1929,-1920,60,-37,-1892,-1758,1895,1840,-274,147,68,405,-1304,-1953,1971,1958,-1585,-1903,1682,-520,1227,592,-1767,-636,-961,241,141,-20,372,-731,510,456,-365
80.6400,-973,1851,907,1403,-1933,1501,1966,-1921,-1679,1978,277,1869,-1735,1513,1902,-1964,260,1264,638,-36,-1984,1962,1963,-1819,-1618,1903,506,1512,-1990,1854,1993,-1918,-1984,474,-134,-1772,-1720,1852,1815,-245,-243,-142,473,-469,-1926,1965,1933,-1134,-1784,1015,-786,1097,982,-1821,-1172,-250,79,341,-201,300,-669,405,481,-563
80.6600,-1148,1848,633,1495,-1948,1599,1960,-1907,-1644,1979,-52,1856,-1776,1338,1907,-1964,261,766,730,653,-1950,1950,1927,-1647,-1632,1886,360,1650,-1973,1854,1972,-1892,-2016,865,-59,-1466,-1637,1776,1756,-228,-654,-336,625,297,-1875,1948,1880,-544,-1510,244,-877,900,1255,-1835,-1528,416,-147,518,-292,180,-539,270,452,-703
80.6800,-1332,1832,364,1475,-1944,1651,1945,-1880,-1590,1970,-281,1823,-1783,1172,1899,-1954,156,255,823,1211,-1896,1934,1865,-1091,-1625,1845,248,1689,-1947,1845,1940,-1843,-2031,1189,158,-975,-1493,1597,1607,-209,-1018,-488,800,915,-1770,1918,1762,75,-1057,-439,-787,663,1403,-1828,-1685,1028,-377,659,-290,57,-379,140,383,-768
80.7000,-1483,1788,145,1366,-1927,1673,1916,-1829,-1488,1945,-439,1763,-1775,1006,1879,-1936,20,-263,873,1567,-1785,1906,1713,-347,-1542,1749,139,1697,-1903,1824,1886,-1733,-2028,1372,424,-479,-1260,1182,1276,-162,-1253,-663,926,1387,-1465,1864,1368,688,-580,-1015,-561,433,1465,-1796,-1747,1508,-553,730,-226,-68,-211,30,264,-734
80.7200,-1539,1677,-28,1230,-1891,1675,1872,-1717,-1303,1896,-521,1650,-1739,873,1841,-1900,-86,-779,857,1719,-1447,1861,1224,453,-1321,1432,32,1688,-1832,1791,1785,-1369,-2011,1402,676,-10,-977,680,840,-68,-1306,-860,976,1626,-922,1755,682,1270,-106,-1436,-260,221,1451,-1728,-1767,1720,-653,707,-141,-156,-53,-76,157,-654
80.7400,-1477,1377,-193,1097,-1836,1650,1788,-1358,-1027,1784,-576,1413,-1662,745,1778,-1832,-122,-1264,763,1784,-840,1782,525,1225,-954,822,-86,1669,-1675,1728,1482,-676,-1973,1267,820,419,-653,223,362,65,-1178,-1102,899,1722,-322,1362,-41,1645,372,-1653,20,64,1383,-1591,-1765,1801,-663,627,-61,-203,86,-165,29,-515
80.7600,-1272,863,-322,986,-1715,1571,1592,-736,-679,1369,-577,1079,-1488,610,1648,-1656,-78,-1619,593,1813,-197,1565,-184,1678,-489,106,-204,1650,-1284,1600,910,56,-1896,1002,849,788,-320,-200,-120,213,-936,-1318,691,1760,301,605,-743,1784,824,-1738,244,-35,1291,-1324,-1748,1832,-581,495,6,-219,196,-251,-77,-352
80.7800,-923,246,-406,905,-1419,1405,1156,-67,-288,574,-564,720,-1208,452,1365,-1053,28,-1771,372,1824,447,989,-875,1825,61,-619,-306,1617,-752,1319,283,788,-1718,666,749,1104,65,-580,-605,370,-645,-1486,432,1769,916,-207,-1374,1841,1204,-1765,393,-97,1179,-992,-1713,1840,-446,330,66,-216,281,-305,-172,-192
80.8000,-483,-413,-443,831,-970,1120,617,616,109,-289,-488,382,-850,241,952,-253,124,-1831,154,1817,1080,282,-1468,1883,582,-1296,-359,1547,-185,940,-359,1426,-1309,386,610,1318,450,-890,-1040,457,-447,-1545,163,1757,1465,-996,-1698,1858,1483,-1759,493,-111,1063,-653,-1656,1826,-272,146,137,-204,346,-345,-259,-32
80.8200,12,-1074,-409,752,-459,778,41,1260,492,-1131,-367,75,-446,0,494,568,114,-1843,-24,1792,1562,-426,-1730,1904,1005,-1687,-350,1424,384,502,-958,1720,-1074,277,453,1457,839,-1150,-1392,421,-483,-1437,-73,1722,1705,-1594,-1806,1843,1609,-1733,582,-118,943,-335,-1565,1796,-116,-42,216,-192,377,-340,-309,109
80.8400,469,-1574,-328,679,57,402,-538,1658,801,-1685,-196,-172,-28,-260,19,1348,-100,-1803,-151,1735,1743,-1108,-1818,1897,1215,-1807,-298,1229,920,87,-1445,1815,-1241,455,334,1535,1159,-1326,-1558,177,-893,-1031,-262,1649,1794,-1795,-1841,1759,1661,-1684,648,-105,842,-36,-1405,1735,11,-218,306,-180,386,-304,-358,249
80.8600,791,-1766,-200,618,557,22,-1056,1791,995,-1854,-12,-345,392,-537,-434,1725,-578,-1615,-219,1616,1812,-1598,-1844,1853,1140,-1831,-197,991,1337,-299,-1654,1838,-1699,1002,236,1564,1350,-1408,-1532,-351,-1599,-250,-378,1519,1818,-1865,-1824,1316,1652,-1594,686,-59,739,211,-1177,1616,104,-378,383,-150,365,-235,-376,368
80.8800,884,-1819,-76,562,980,-310,-1431,1835,1009,-1909,148,-428,732,-787,-804,1839,-1395,-890,-278,1370,1823,-1766,-1821,1693,709,-1761,-117,759,1553,-599,-1702,1806,-1920,1688,179,1572,1297,-1336,-1201,-1194,-1911,893,-450,1319,1786,-1883,-1715,255,1592,-1474,672,5,655,399,-920,1387,165,-508,413,-108,314,-142,-367,462
80.9000,693,-1787,22,538,1260,-552,-1578,1827,798,-1914,277,-422,935,-940,-1017,1873,-1849,267,-348,1031,1789,-1815,-1693,835,-130,-1350,-56,530,1590,-748,-1616,1618,-2022,1922,110,1557,934,-1078,-437,-1767,-2033,1758,-524,1097,1608,-1860,-1093,-1145,1485,-1321,597,102,556,538,-625,1077,190,-620,397,-49,237,-35,-314,534
80.9200,145,-1550,75,553,1328,-645,-1521,1731,285,-1867,340,-353,955,-928,-988,1857,-1998,1538,-431,707,1620,-1798,-1009,-557,-1279,-321,-22,336,1390,-694,-1161,801,-2048,2019,32,1514,204,-551,728,-1935,-2048,1971,-585,894,814,-1750,138,-1803,1319,-1146,425,208,478,610,-319,762,190,-655,317,25,152,74,-228,576
80.9400,-751,-708,87,575,1135,-524,-1139,1200,-530,-1611,351,-253,710,-686,-679,1754,-2048,1904,-532,420,825,-1660,211,-1678,-1852,1023,-28,178,816,-381,-277,-428,-2048,2047,-48,1441,-879,261,1722,-2004,-2048,2046,-624,728,-480,-1090,1524,-1965,1118,-975,197,301,394,631,-45,475,162,-650,190,95,60,172,-130,587
80.9600,-1667,537,72,587,634,-148,-404,105,-1533,-519,325,-159,185,-174,-82,1138,-2048,2017,-613,179,-395,-994,1523,-1928,-2009,1786,-31,63,-63,197,873,-1585,-2048,2047,-138,1341,-1746,1332,1965,-2028,-2048,2047,-623,601,-1656,218,1912,-2014,902,-795,-60,364,301,622,201,221,114,-578,44,151,-39,247,-32,549
80.9800,-1934,1644,69,581,-147,493,602,-1223,-1893,981,308,-105,-598,619,758,-84,-2048,2047,-652,-12,-1601,123,1898,-2005,-2048,1967,-34,-41,-1135,1007,1733,-1879,-2048,2047,-197,1205,-1964,1805,2040,-2032,-2048,2047,-574,523,-1943,1538,2022,-2025,690,-633,-285,381,193,599,406,-1,56,-453,-72,172,-111,319,68,473
81.0000,-2028,1921,59,519,-1106,1314,1587,-1793,-2013,1793,295,-107,-1489,1523,1603,-1411,-2048,2047,-627,-166,-1920,1393,2007,-2027,-2048,2026,-8,-160,-1778,1662,1942,-1969,-2003,2047,-222,1048,-2037,1943,2047,-2031,-2048,2047,-452,466,-2031,1876,2047,-2025,499,-472,-442,360,75,581,575,-163,-22,-294,-152,180,-187,376,137,371
81.0200,-2048,2008,72,403,-1748,1751,1876,-1936,-2048,1976,297,-160,-1844,1832,1867,-1828,-2048,2047,-510,-293,-2015,1819,2042,-2029,-2048,2041,28,-303,-1939,1855,2010,-1995,-1168,2010,-188,877,-2048,1996,2047,-2011,-1978,2047,-269,417,-2048,1976,2047,-2015,338,-318,-502,301,-64,596,676,-318,-97,-107,-180,155,-239,416,184,245
81.0400,-2048,2033,107,229,-1919,1884,1964,-1980,-2048,2029,307,-264,-1952,1935,1953,-1939,-1989,2029,-334,-407,-2043,1938,2046,-2014,-2048,2028,89,-459,-1991,1923,2026,-1992,1458,1599,-126,708,-2048,2013,2047,-1914,-415,1933,-44,365,-2048,2005,2047,-1953,204,-175,-510,213,-205,624,762,-450,-155,75,-177,116,-264,447,199,100
81.0600,-2048,2027,119,30,-1971,1934,1986,-1982,-2048,2040,303,-374,-1986,1974,1975,-1966,-946,1903,-129,-508,-2039,1973,2023,-1945,-1961,1967,128,-604,-1992,1942,2007,-1946,1953,-1213,-35,556,-2045,2015,2015,-514,1672,454,178,285,-2031,2007,1984,-1354,120,-21,-432,128,-346,695,813,-562,-185,244,-154,67,-257,462,212,-46
81.0800,-1965,1976,110,-182,-1968,1943,1966,-1944,-2027,2020,324,-482,-1983,1984,1950,-1953,1509,361,82,-601,-1997,1970,1935,-1263,-831,1575,182,-743,-1950,1926,1926,-1757,2034,-1935,27,424,-1966,1999,1735,1650,1983,-1658,387,181,-1931,1989,1405,1289,76,119,-353,74,-473,768,861,-675,-180,372,-111,54,-266,483,149,-204
81.1000,1172,-1150,-1610,1493,1138,-1172,-1160,1181,1608,-1636,-1876,1768,1626,-1633,-1641,1637,1960,-1756,-1592,1386,1144,-1136,-1163,1542,1731,-1694,-1883,1732,1625,-1646,-1622,1658,2039,-2048,-1599,1627,1163,-1101,-1377,1984,2022,-2009,-1857,1824,1623,-1627,-1694,1937,1541,-1477,-1672,1521,1421,-1369,-1343,1374,1785,-1794,-1905,1811,1780,-1781,-1800,1799
81.1200,1860,-1891,-2030,1932,1843,-1872,-1867,1868,1864,-1855,-1871,1867,1814,-274,-1913,1790,2035,-2027,-2021,1912,1846,-1865,-1883,1937,1931,-1894,-1914,1879,1848,-1911,-1290,1709,2046,-2048,-2028,1954,1853,-1863,-1926,2025,1969,232,-1941,1910,1875,-1879,-1933,1825,1938,-1958,-2040,1924,1899,-1910,-1900,1906,1940,-1943,-1982,1921,1909,-1922,-1938,1903
81.1400,320,-720,443,705,-1582,-528,441,1213,97,141,894,405,308,1727,-1113,-164,-387,-638,408,706,467,-826,227,-1445,717,161,880,409,230,-1701,1746,-1014,-1541,-977,356,725,573,-1278,-119,594,1442,1845,871,398,484,-1036,-880,-894,341,-10,145,1786,555,-1209,-414,300,-10,189,833,312,276,-1006,-103,-16
81.1600,160,-616,801,542,-1995,-246,933,1011,32,202,1098,288,114,1915,-942,-367,-678,-493,770,563,154,-557,705,-1903,693,215,1072,295,33,-1639,1951,-1255,-1999,-879,727,577,260,-1085,337,240,1444,2037,1062,292,304,-880,-685,-1144,177,238,482,1775,218,-980,-6,-90,-62,241,1028,192,73,-849,153,-229
81.1800,-241,-213,1113,200,-2048,-91,1113,845,53,191,1120,273,184,1937,-1024,-294,-1117,-81,1105,210,-20,-413,889,-1981,718,213,1106,265,112,-1677,1975,-1193,-2048,-463,1073,198,96,-957,516,58,1463,2047,1103,252,370,-954,-766,-1072,-275,691,851,1695,54,-836,172,-281,-78,263,1082,138,141,-917,67,-169
81.2000,-270,-201,1168,221,-2048,-101,1088,861,-4,274,1148,199,114,1943,-939,-365,-1147,-76,1163,220,-2,-421,870,-1990,642,293,1141,197,48,-1642,1983,-1256,-2048,-461,1129,222,110,-966,494,85,1401,2047,1132,177,301,-877,-688,-1157,-291,687,895,1695,74,-850,146,-244,-144,356,1117,68,76,-838,142,-242
81.2200,-189,-275,1120,221,-2048,-98,1098,849,-32,278,1130,259,174,1941,-1000,-295,-1061,-156,1112,216,8,-417,874,-1991,606,303,1122,250,101,-1666,1981,-1185,-2048,-523,1072,215,112,-958,500,77,1375,2047,1118,232,361,-937,-760,-1075,-206,610,847,1693,74,-829,166,-252,-166,353,1092,129,133,-905,69,-174
81.2400,-204,-251,1139,189,-2048,-72,1119,811,-16,257,1141,219,161,1940,-970,-322,-1073,-122,1125,200,-34,-388,887,-1994,624,271,1126,215,89,-1651,1980,-1200,-2048,-493,1099,197,74,-924,523,40,1383,2047,1125,197,345,-910,-724,-1094,-229,640,878,1685,35,-807,186,-289,-148,328,1100,86,121,-871,109,-199
81.2600,-232,-216,1121,207,-2048,-88,1087,842,8,230,1122,228,145,1938,-955,-335,-1099,-86,1114,215,-17,-409,870,-1991,653,249,1109,218,78,-1646,1978,-1212,-2048,-464,1081,212,97,-941,505,64,1414,2047,1107,209,332,-892,-708,-1102,-251,663,856,1685,57,-825,162,-259,-117,299,1086,109,107,-858,107,-207
81.2800,-242,-214,1133,203,-2048,-100,1084,840,-1,257,1130,227,144,1935,-966,-330,-1100,-92,1133,218,-8,-408,857,-1987,635,276,1114,219,73,-1636,1976,-1197,-2048,-469,1094,200,97,-941,493,81,1388,2047,1114,209,331,-899,-717,-1089,-255,648,864,1685,72,-817,157,-244,-137,330,1086,98,104,-864,104,-198
81.3000,-208,-248,1111,193,-2048,-77,1087,812,-27,270,1118,230,161,1935,-959,-307,-1070,-122,1106,213,-16,-387,875,-1987,607,286,1105,222,90,-1640,1974,-1173,-2048,-492,1074,209,85,-920,518,59,1363,2047,1102,208,336,-903,-718,-1073,-230,623,843,1676,55,-794,176,-266,-157,340,1084,105,123,-860,101,-188
81.3200,-207,-242,1121,202,-2048,-86,1078,812,-5,250,1117,220,151,1933,-940,-321,-1064,-118,1113,209,-18,-396,861,-1987,622,271,1100,208,75,-1630,1972,-1186,-2048,-486,1075,208,93,-920,502,57,1365,2047,1100,201,330,-882,-699,-1081,-227,634,855,1676,48,-806,167,-257,-147,324,1078,88,115,-851,116,-205
81.3400,-219,-226,1109,205,-2048,-88,1060,820,-2,239,1110,226,145,1932,-937,-318,-1072,-91,1096,208,-4,-406,847,-1984,629,268,1092,217,70,-1624,1971,-1180,-2048,-460,1065,201,106,-915,492,73,1375,2047,1099,211,332,-884,-695,-1075,-238,640,840,1674,64,-804,162,-253,-126,311,1076,99,114,-846,105,-194
81.3600,-225,-222,1116,195,-2048,-81,1069,813,-7,245,1097,231,152,1930,-943,-302,-1070,-97,1100,200,-17,-390,856,-1982,619,272,1084,222,82,-1621,1969,-1165,-2048,-455,1059,202,95,-907,500,60,1360,2047,1087,199,331,-879,-703,-1063,-245,633,849,1667,58,-799,168,-264,-128,315,1071,103,116,-850,98,-182
81.3800,-208,-233,1101,200,-2048,-82,1060,798,-20,255,1096,209,143,1929,-929,-308,-1046,-108,1084,208,-22,-385,857,-1983,606,282,1087,202,78,-1614,1966,-1164,-2048,-473,1062,200,87,-903,492,59,1347,2047,1085,195,323,-872,-694,-1059,-235,616,829,1661,50,-790,167,-256,-147,329,1057,92,110,-837,105,-196
81.4000,-207,-243,1091,189,-2048,-86,1054,804,-8,236,1095,219,150,1926,-921,-313,-1039,-110,1083,202,-6,-392,839,-1981,605,264,1076,218,75,-1615,1967,-1163,-2048,-470,1057,199,98,-899,491,61,1344,2047,1082,198,322,-862,-691,-1056,-217,621,843,1661,53,-792,161,-252,-127,309,1054,95,108,-832,101,-191
81.4200,-216,-220,1086,189,-2048,-82,1052,799,-3,242,1085,219,144,1924,-920,-311,-1041,-98,1080,201,-9,-389,842,-1977,609,253,1075,213,77,-1608,1963,-1148,-2048,-455,1043,197,93,-895,485,68,1342,2047,1071,198,325,-859,-685,-1041,-234,620,830,1654,54,-784,149,-252,-127,309,1049,100,110,-830,97,-184
81.4400,-214,-219,1074,189,-2048,-79,1046,789,-7,234,1073,215,150,1924,-914,-298,-1043,-99,1071,190,-17,-375,834,-1977,606,257,1069,209,77,-1601,1960,-1141,-2048,-454,1043,197,82,-884,487,51,1327,2047,1065,186,320,-856,-685,-1034,-235,617,830,1648,58,-775,164,-252,-133,315,1052,86,118,-827,100,-188
81.4600,-210,-235,1077,195,-2048,-86,1030,787,-8,247,1073,212,150,1920,-909,-309,-1023,-103,1065,199,-9,-383,822,-1976,593,266,1063,205,71,-1589,1958,-1127,-2048,-457,1040,197,92,-880,477,68,1315,2047,1058,192,312,-850,-679,-1042,-230,601,814,1643,56,-780,157,-242,-138,316,1040,89,108,-818,102,-190
81.4800,-212,-229,1065,187,-2048,-80,1025,779,-8,233,1068,221,145,1918,-909,-294,-1011,-107,1062,196,-17,-374,824,-1974,595,257,1061,208,75,-1585,1956,-1123,-2048,-455,1026,193,92,-875,482,62,1312,2047,1044,194,315,-840,-675,-1031,-224,601,818,1638,61,-769,156,-239,-138,304,1019,98,106,-814,91,-186
81.5000,-202,-218,1053,182,-2048,-78,1023,777,-4,229,1048,208,143,1916,-901,-298,-1021,-107,1054,192,-8,-371,813,-1971,594,253,1052,198,80,-1576,1955,-1117,-2048,-447,1024,194,93,-867,469,59,1307,2047,1047,191,316,-835,-672,-1024,-226,602,809,1632,54,-760,158,-242,-126,308,1026,92,114,-808,101,-186
81.5200,-204,-217,1052,187,-2048,-72,1020,772,-5,225,1051,211,147,1914,-888,-293,-1008,-100,1047,186,-13,-374,815,-1970,585,255,1046,196,77,-1572,1950,-1106,-2048,-446,1015,188,89,-864,474,61,1295,2047,1033,186,311,-839,-666,-1009,-227,595,812,1627,51,-763,152,-242,-127,298,1017,91,114,-799,96,-185
81.5400,-206,-219,1047,190,-2048,-83,1003,762,-11,236,1041,204,144,1911,-886,-290,-1000,-107,1042,194,-12,-374,803,-1967,581,252,1032,200,73,-1557,1948,-1098,-2048,-445,1005,188,84,-854,466,64,1285,2047,1030,188,304,-823,-664,-1003,-223,584,798,1620,52,-747,157,-235,-125,298,1010,93,108,-794,98,-178
81.5600,-195,-213,1038,184,-2048,-76,992,755,-12,231,1031,210,136,1909,-881,-291,-989,-101,1032,185,-10,-369,798,-1965,572,253,1023,199,72,-1552,1945,-1078,-2048,-442,999,191,86,-852,462,67,1276,2047,1023,182,309,-819,-657,-994,-212,587,792,1610,48,-745,156,-234,-129,293,1005,90,104,-783,93,-176
81.5800,-193,-214,1024,183,-2048,-75,987,750,-8,223,1023,204,150,1906,-860,-287,-975,-102,1015,189,-8,-368,790,-1962,577,250,1018,202,70,-1535,1941,-1077,-2048,-435,992,181,80,-842,460,65,1260,2047,1012,186,297,-814,-643,-974,-217,580,786,1608,56,-752,152,-236,-128,290,990,88,110,-781,96,-175
