time_us,sl0_chA,sl0_chB,sl0_chC,sl0_chD,sl0_chE,sl0_chF,sl0_chG,sl0_chH,sl1_chA,sl1_chB,sl1_chC,sl1_chD,sl1_chE,sl1_chF,sl1_chG,sl1_chH,sl2_chA,sl2_chB,sl2_chC,sl2_chD,sl2_chE,sl2_chF,sl2_chG,sl2_chH,sl3_chA,sl3_chB,sl3_chC,sl3_chD,sl3_chE,sl3_chF,sl3_chG,sl3_chH,sl4_chA,sl4_chB,sl4_chC,sl4_chD,sl4_chE,sl4_chF,sl4_chG,sl4_chH,sl5_chA,sl5_chB,sl5_chC,sl5_chD,sl5_chE,sl5_chF,sl5_chG,sl5_chH,sl6_chA,sl6_chB,sl6_chC,sl6_chD,sl6_chE,sl6_chF,sl6_chG,sl6_chH,sl7_chA,sl7_chB,sl7_chC,sl7_chD,sl7_chE,sl7_chF,sl7_chG,sl7_chH
0.0000,5,-7,5,14,-2,14,2,19,5,-3,2,9,-4,12,-1,14,6,-3,1,15,-2,12,0,15,7,-3,4,14,-3,11,-2,16,1,-8,9,13,1,13,-1,14,-1,-6,3,13,0,10,3,16,3,-7,2,11,1,8,2,16,3,-6,4,13,2,10,0,16
0.0200,3,-5,11,11,-2,12,0,12,6,-2,6,15,2,11,2,18,6,-4,5,12,-3,16,-1,14,6,-3,0,12,-1,13,-3,18,10,-5,5,13,-7,14,-3,17,7,0,4,13,-2,13,-1,13,3,-2,0,12,-4,12,0,19,1,-6,-1,12,0,10,0,15
0.0400,3,1,1,10,-2,17,-3,17,7,-6,4,8,-4,8,0,15,7,-2,3,12,3,12,3,14,7,0,6,10,-3,15,2,20,6,0,3,11,0,12,2,15,5,-6,2,12,0,13,0,18,4,-3,4,11,5,10,3,15,2,-3,6,12,2,14,-5,14
0.0600,9,0,4,10,-1,12,-3,15,6,2,0,11,0,14,-1,17,9,-2,4,12,-2,7,2,14,5,1,4,12,0,15,2,11,3,-2,6,13,1,13,1,15,3,-7,5,12,1,10,-1,17,1,-1,-1,17,-3,14,2,15,4,-3,4,14,2,13,3,16
0.0800,2,2,6,9,-3,9,4,15,6,0,6,16,0,13,-2,15,8,-5,0,16,0,14,-4,16,3,-3,2,13,1,15,-2,13,8,-1,0,11,-1,9,1,14,1,-6,6,11,0,12,0,18,2,-2,3,11,0,19,-2,14,6,-5,3,9,2,14,1,13
0.1000,5,-4,3,10,1,16,0,14,2,-1,9,11,1,11,1,19,8,-4,2,14,1,11,-3,17,5,-4,1,13,3,14,-7,16,7,-3,2,11,-1,13,2,16,6,-4,5,9,-3,10,-1,15,5,1,7,11,2,10,2,18,3,2,4,11,2,10,4,15
0.1200,8,-6,7,15,-7,14,1,18,11,-1,4,14,0,11,3,17,5,-2,1,13,-1,10,7,13,5,-3,6,15,1,13,0,15,6,-6,3,11,-1,11,-1,13,5,-8,2,8,-1,17,0,13,5,-2,8,8,1,9,0,15,5,-2,2,12,1,14,1,16
0.1400,1,-2,6,13,-4,13,4,13,6,0,7,14,2,11,-3,15,7,-3,2,15,3,9,-2,17,4,-3,2,12,3,11,1,17,2,-4,7,8,-4,11,4,13,3,-8,6,10,1,15,2,16,1,-3,8,15,0,14,3,15,5,-5,6,16,-6,14,-1,16
0.1600,3,-8,1,11,2,11,2,16,4,-4,6,16,2,11,-3,19,2,-4,1,11,-5,16,3,12,5,-3,6,12,-2,14,4,15,8,-5,6,12,4,13,0,11,9,-3,4,11,0,12,1,17,8,-3,1,13,-3,10,4,18,5,-4,3,14,1,11,3,15
0.1800,1,-3,6,13,1,16,-2,22,4,-1,4,13,0,12,2,13,10,-5,0,15,1,12,3,17,6,-5,4,14,0,11,-4,15,0,-1,7,16,0,14,3,17,3,-4,6,10,2,11,-2,14,5,-3,4,11,0,15,-1,19,-1,-6,2,8,-4,10,3,15
0.2000,6,-4,6,12,0,17,1,17,5,-1,6,9,4,12,-2,18,2,-5,1,10,-6,10,-2,15,6,-3,3,12,-1,10,0,16,3,-1,5,9,-5,10,1,12,5,-4,10,7,1,9,2,16,6,-3,4,13,-3,15,-1,13,6,-1,9,12,2,16,3,15
0.2200,3,0,-1,9,3,14,-2,18,2,1,3,12,1,13,2,11,6,1,3,11,-1,10,-2,17,4,-4,2,13,5,11,0,15,6,-4,5,16,-3,12,-3,17,4,-5,2,14,3,12,4,19,8,-2,4,18,0,11,-1,12,7,3,2,14,1,11,2,15
0.2400,9,-5,2,11,0,10,2,18,4,-3,5,9,1,15,-2,14,5,-6,3,12,0,13,1,22,3,0,3,14,-4,11,-2,15,5,-3,7,10,-1,9,2,15,7,-9,6,12,-3,14,4,18,5,-9,1,11,-2,16,0,12,2,-2,1,17,1,12,-1,19
0.2600,3,-3,3,13,-3,12,6,14,3,-2,1,11,2,13,-1,20,8,-6,2,12,-2,15,-1,9,3,-1,0,11,0,10,-2,17,5,-3,4,15,1,14,-3,14,5,-3,5,15,0,16,1,16,4,-2,3,9,1,16,1,17,8,-6,3,10,-1,12,-1,18
0.2800,7,-3,8,9,-2,13,2,17,4,-4,0,9,-3,12,0,20,4,-1,1,14,-4,14,3,19,3,-1,10,10,-1,13,0,17,4,-6,1,14,-2,11,2,18,5,-4,3,11,-8,15,-1,18,4,-3,-1,11,3,12,4,17,6,0,3,13,-3,13,1,16
0.3000,6,-6,1,11,1,13,2,15,3,0,3,16,-1,16,-1,19,2,-3,7,15,-1,11,-1,14,3,-3,2,15,3,10,-1,17,5,-2,3,12,-2,15,3,18,5,-5,2,12,3,14,-5,16,8,-4,5,10,-2,16,-1,12,1,0,5,11,-2,19,2,16
0.3200,2,-3,6,11,0,14,1,18,4,-7,0,12,-4,13,0,15,4,-7,3,14,2,12,0,12,6,-5,7,15,0,16,3,12,7,-4,3,15,-1,13,1,11,3,-4,0,13,0,16,-1,16,3,0,6,14,-3,16,3,16,4,-5,4,13,-5,14,1,14
0.3400,3,0,2,10,2,13,-1,16,4,-8,8,13,-1,11,4,17,-3,-8,5,15,0,11,-4,19,3,-2,6,15,3,14,1,12,6,-3,1,13,-3,9,-1,19,7,-3,6,14,-2,14,1,12,8,-2,2,14,0,12,-1,15,8,-4,7,14,-1,17,2,18
0.3600,7,-1,2,9,1,16,0,16,4,-4,6,7,-3,11,-1,15,4,-7,6,13,-1,12,-1,13,4,-5,8,9,0,13,-3,16,2,0,5,12,1,18,3,13,8,-2,2,17,-1,11,-2,16,5,-2,5,12,0,14,0,11,5,-2,7,11,-1,13,-4,19
0.3800,4,-5,5,12,-4,12,-1,15,6,-2,3,12,2,13,-1,17,5,-8,1,14,1,12,-1,16,3,-1,8,9,-3,9,-2,19,1,-3,6,7,-3,15,1,15,8,-4,2,10,1,16,0,16,8,-1,2,12,0,16,1,13,6,-6,5,10,2,20,-4,15
0.4000,8,-2,7,10,-5,9,2,13,9,0,6,11,-3,10,-1,19,7,-5,6,11,-3,18,-2,15,9,0,4,9,-4,12,-1,16,6,-8,5,12,-2,12,-1,12,7,-4,8,8,0,15,2,17,6,3,3,10,-3,16,-4,21,3,-4,5,13,1,13,2,16
0.4200,5,-5,-1,13,0,12,1,12,4,-5,2,12,-4,10,0,19,5,-5,1,11,1,9,1,16,3,-3,6,9,-3,10,2,15,6,-5,5,14,-3,13,0,17,4,-4,3,10,-3,13,0,15,2,-1,5,11,0,15,2,16,4,-3,5,15,3,17,-2,18
0.4400,7,1,5,13,1,11,1,17,1,-3,5,12,-5,12,-3,9,-1,-3,8,11,1,16,-2,17,3,-3,6,14,-3,12,-3,18,6,-5,4,10,-2,14,-3,14,2,-2,-1,9,-3,13,2,18,7,-5,5,13,3,10,-2,15,3,-5,3,11,-1,12,2,16
0.4600,1,-2,1,8,-5,19,2,12,2,-1,4,10,2,13,2,14,8,-4,0,10,-1,11,1,14,8,-3,-1,12,-1,12,1,13,2,1,8,10,-3,14,0,13,3,-5,5,15,-2,10,1,15,8,-3,3,14,2,18,3,13,4,0,1,11,5,16,4,10
0.4800,3,-2,3,9,0,11,-2,13,4,-1,4,17,-2,10,1,13,6,-1,-1,16,-1,14,2,16,3,-6,1,11,-1,13,2,17,3,-1,5,18,-1,19,1,14,7,-3,5,10,-3,12,-1,20,11,-4,2,14,-2,11,-1,17,3,-3,0,8,0,14,1,12
0.5000,6,-4,2,13,-3,8,-1,14,5,-5,5,7,-1,14,-1,12,1,-2,6,14,1,11,-1,16,8,-1,4,8,0,15,-2,17,7,-4,7,10,3,11,-3,21,5,-1,2,10,-3,15,0,15,5,-3,6,11,3,17,1,19,9,-5,0,15,-4,14,2,15
0.5200,8,-2,1,11,-5,15,4,15,4,-4,5,10,1,12,1,12,6,1,5,15,0,11,0,14,2,1,9,12,1,12,0,19,7,-2,3,10,-2,13,-2,19,4,-4,3,17,2,11,3,18,3,-6,3,12,-2,13,1,19,7,-5,2,7,-2,14,3,15
0.5400,0,-2,7,8,0,12,0,15,4,0,2,10,-3,15,-1,17,11,-3,6,7,4,16,-4,14,7,-4,6,10,-1,14,-3,18,7,-6,-2,12,-1,9,-2,17,4,-4,3,11,-3,12,1,16,3,-3,2,11,5,14,-1,19,6,-4,4,11,-1,10,0,16
0.5600,3,-5,3,13,0,12,0,18,6,-4,3,14,0,13,6,16,8,1,3,16,3,11,-1,19,6,-5,5,13,-1,15,-1,17,3,-6,-1,13,0,6,3,16,5,-8,8,8,1,15,7,18,2,-4,3,17,-5,12,1,18,2,0,4,11,-1,13,-1,16
0.5800,0,-5,5,14,-3,9,0,16,6,1,8,11,2,14,2,18,5,1,4,11,1,15,3,15,5,-4,5,15,-4,12,-2,20,6,-4,4,10,4,15,-1,14,6,-2,2,11,1,12,-3,18,7,-6,3,8,2,17,3,16,9,-8,6,10,0,13,3,17
0.6000,10,-9,7,12,3,13,2,20,7,-4,2,9,-2,15,2,14,5,0,7,15,3,17,0,13,4,-5,5,15,-4,10,3,18,5,-6,5,13,3,15,0,15,10,-4,3,10,1,13,3,19,3,-1,1,13,-1,12,-1,17,5,-5,6,10,-1,8,-1,13
0.6200,8,-6,3,16,-1,15,2,12,6,-3,1,15,1,15,-1,17,1,-3,6,8,-4,15,-2,17,4,-7,7,14,-1,12,0,17,3,-2,8,14,-1,12,1,18,2,2,7,11,2,12,1,16,2,-6,4,11,-1,10,4,22,6,-1,4,14,2,13,2,13
0.6400,3,-4,2,12,-3,15,-2,14,8,-4,4,10,-3,13,0,18,2,-7,10,14,0,9,-2,14,7,-2,3,11,1,11,5,17,9,-6,6,10,-6,14,1,14,3,-1,0,7,-3,11,1,19,5,-6,1,15,-2,13,2,21,4,-3,2,14,-4,11,-4,16
0.6600,3,-3,5,14,-4,13,1,14,-1,-3,5,10,0,13,0,15,0,-6,4,15,1,16,0,19,5,-2,1,13,-4,12,3,13,5,-2,1,11,-4,13,1,20,3,-2,-5,16,1,11,-1,15,4,-6,8,9,-4,10,3,13,3,-2,4,13,-1,10,3,17
0.6800,8,-2,3,13,2,15,1,16,7,-1,3,13,-1,11,2,17,10,-5,3,9,-2,11,-2,13,4,-4,2,14,0,9,0,14,4,0,4,11,-3,15,-1,17,0,1,5,12,3,14,2,15,4,-3,-3,14,-2,14,-4,14,2,-3,4,10,-4,14,0,16
0.7000,3,-3,5,10,-14,20,1,15,-3,2,4,12,21,-37,-32,46,4,4,6,12,-10,17,6,12,-1,4,16,9,0,7,-23,31,2,-4,3,13,2,10,-1,17,-38,51,66,-23,2,13,0,16,8,-2,2,13,-2,13,0,20,-10,-1,33,8,-2,17,-2,14
0.7200,1,-3,-53,14,53,12,1,12,2,2,-40,20,1,-31,0,18,-1,-1,-52,19,-7,12,-7,74,2,-4,-42,15,-6,19,-54,25,91,-12,-55,14,-1,10,2,16,12,-61,-44,23,-1,15,-1,22,-3,-5,-66,83,5,12,1,16,1,0,-37,17,0,13,0,23
0.7400,2,0,-34,17,50,5,3,16,3,0,-17,17,5,-27,3,24,3,-1,-36,16,-8,13,-8,69,1,-1,-22,15,-1,15,-50,23,78,-23,-35,15,-4,13,1,18,15,-52,-21,21,4,6,2,19,3,-4,-47,76,1,11,1,13,-1,-3,-20,14,-2,15,-1,16
0.7600,2,-3,-9,13,31,7,0,14,-1,-1,-1,14,6,-9,-3,20,5,-4,-7,15,-1,13,-6,45,6,0,-3,15,-2,14,-21,26,47,-13,-12,11,-3,13,-1,14,11,-22,-8,17,2,15,0,14,2,-2,-17,50,5,19,1,14,4,-6,1,16,-1,15,1,17
0.7800,5,-2,11,13,15,8,3,14,1,-3,13,12,7,5,4,17,4,-3,5,13,-1,13,-4,35,3,-2,7,15,2,12,-7,22,26,-10,10,13,2,12,0,18,13,-8,9,14,1,14,-3,17,2,-7,1,33,2,14,2,11,3,-4,7,11,-2,12,-1,13
0.8000,2,-4,15,15,1,12,0,19,6,-3,15,12,0,14,1,16,5,0,15,12,-2,11,0,18,5,-1,12,14,-2,13,4,20,6,-4,11,12,-5,16,4,16,8,-9,10,8,0,19,1,19,6,-4,8,14,-1,13,0,20,1,-4,14,12,-3,16,2,14
0.8200,6,-2,15,9,-6,12,0,19,-133,131,268,-210,-198,211,138,-121,6,-9,11,10,0,13,-1,12,-124,121,245,-195,-138,140,255,-199,0,-5,16,16,-4,14,2,18,-197,194,259,-222,1,14,0,16,3,-4,8,10,-3,18,2,18,-106,98,207,-164,-4,12,1,17
0.8400,11,-19,263,-80,-233,176,112,-68,-301,255,300,-357,-216,167,245,-263,15,-23,253,-76,-151,96,116,-66,-304,246,307,-349,-190,270,255,-303,-365,117,336,-143,-206,123,118,-76,-418,256,427,-443,-134,216,191,-196,-25,-7,334,-262,-199,110,105,-68,-302,229,303,-330,-140,224,193,-198
0.8600,-212,279,276,-331,-233,231,135,-118,-243,201,289,-249,-165,257,181,-166,-219,276,282,-335,-154,160,193,-172,-236,196,287,-245,-102,158,289,-173,-396,455,370,-439,-80,81,51,-36,-371,412,424,-389,-59,80,66,3,-295,362,387,-350,-85,76,75,-50,-253,204,293,-237,-108,108,121,-83
0.8800,-212,254,271,-231,-285,254,192,-121,-158,161,248,-134,-138,277,153,-107,-205,294,274,-239,-127,119,222,-244,-163,185,246,-137,-192,137,288,-139,-476,563,412,-372,-28,47,-32,-3,-426,427,402,-240,-42,44,38,-87,-322,329,457,-452,-40,54,51,-31,-180,162,251,-103,-75,66,64,-44
0.9000,-148,154,214,-51,-277,233,162,-110,-84,105,179,-13,-74,261,104,-84,-126,161,216,-64,-101,86,199,-243,-80,110,177,-13,-96,104,269,-69,-440,393,363,-187,-8,56,-81,15,-237,385,329,-112,16,21,-16,-2,-271,206,427,-434,-21,49,35,-28,-122,133,182,51,-42,68,44,-35
0.9200,-86,85,136,65,-226,200,188,-117,-69,53,100,82,-55,198,109,-71,-66,106,135,48,-116,49,184,-199,-65,66,101,75,-127,109,197,-48,-331,262,269,-54,-23,41,-98,9,-133,280,219,11,-36,43,22,-64,-170,71,349,-351,-9,27,6,-3,-87,61,102,146,-58,78,53,-42
0.9400,-67,71,73,73,-162,146,111,-106,-42,45,45,39,-41,137,91,-70,-39,38,78,62,-104,49,131,-137,-36,50,44,36,-104,99,124,-26,-221,108,171,-15,-25,59,-70,9,-47,181,128,-24,-35,35,17,-47,-150,66,243,-252,-24,46,19,-19,-56,60,48,113,-60,74,52,-43
0.9600,37,-55,-151,207,143,-43,28,-14,12,-17,-108,93,204,-230,-61,121,38,-40,-138,177,47,-108,-61,152,6,-18,-116,96,61,-46,-104,237,147,-151,-152,174,-59,75,-8,-32,461,-360,-278,322,-48,59,35,-54,84,-145,-137,122,-36,50,32,-24,12,-29,-131,178,-59,79,54,-43
0.9800,-57,68,42,-129,12,57,85,-65,-36,42,27,-191,-118,29,75,-64,-39,70,47,-138,-103,38,37,53,-56,59,30,-197,-126,81,41,-32,14,-15,10,-118,-55,71,-23,-19,-122,14,27,-230,-56,59,59,-116,-16,-59,-34,97,-34,55,33,-32,-44,43,33,-136,-53,72,53,-39
1.0000,-39,43,25,-185,-27,113,84,-55,-12,19,20,-166,-25,43,24,-29,-21,59,32,-194,-64,51,85,-16,-14,8,21,-169,-6,38,37,15,-42,166,23,-215,-37,63,-1,-10,-56,32,20,-204,-1,33,3,11,-62,11,20,-18,-32,56,37,-23,-37,40,22,-131,-42,65,47,-34
1.0200,-9,12,15,-117,-25,92,50,-9,-11,7,2,-63,-25,35,26,-14,10,13,9,-130,-17,19,50,-15,-20,19,4,-55,-46,35,27,-3,-35,118,12,-144,-10,40,-20,23,-100,19,4,-81,-21,34,25,-47,-28,-17,17,-25,-18,43,26,-9,-24,21,12,-37,-35,57,38,-23
1.0400,-13,0,6,13,-17,45,3,3,0,1,-4,53,21,28,3,13,13,-8,3,9,-6,13,15,-8,10,-11,-4,47,17,9,16,46,-14,35,1,-2,-8,34,-23,27,43,7,-4,50,-4,16,-1,28,-17,-23,-1,-6,-14,40,21,-9,-22,19,-1,65,-30,51,33,-14
1.0600,-17,13,-9,93,-10,32,19,-10,-8,6,-11,118,30,18,10,11,-5,13,-8,84,-18,6,16,8,-9,12,-6,113,14,22,0,40,-1,-9,-13,87,-20,38,-14,6,70,1,-12,120,-26,34,20,-7,-4,-32,-11,13,-16,35,11,-5,-18,15,-10,133,-34,43,27,-13
1.0800,-14,14,-16,130,4,-3,-47,-6,4,-8,-27,137,-227,268,192,-203,2,-43,-15,121,-24,-4,-15,18,-5,-10,-52,153,-89,152,315,-184,6,-109,-13,130,-23,38,-18,19,-80,201,90,-31,-24,27,16,39,-8,-21,-20,22,-19,26,11,-4,41,-31,-76,199,-27,41,29,-13
1.1000,-24,28,-88,186,-52,51,-6,-91,28,-27,-148,250,59,-39,30,-1,-12,-37,-86,188,-102,59,47,-3,29,-24,-150,243,59,50,-63,64,13,-144,-58,139,-52,49,13,-17,310,-115,-157,245,-50,43,24,47,-48,35,1,10,-32,33,20,-9,28,-30,-149,260,-37,48,28,-13
1.1200,7,-9,-188,194,147,-57,-25,-55,34,-31,-196,133,80,-131,-1,35,12,-42,-190,199,-58,4,-32,139,21,-3,-191,127,14,31,-185,83,286,-309,-239,242,-71,64,39,-50,305,-268,-297,204,-83,65,74,-48,83,-91,-244,269,-45,45,36,-21,53,-41,-201,151,-37,43,32,-18
1.1400,25,-19,-183,48,187,-86,-74,-6,35,-31,-170,-53,74,-162,-41,49,30,-67,-184,55,-23,-9,-71,192,7,-18,-164,-60,55,2,-216,103,333,-333,-288,137,-67,67,58,-44,276,-296,-309,42,-64,58,51,-6,117,-107,-325,363,-52,53,45,-22,49,-36,-168,-34,-34,51,40,-19
1.1600,11,-2,-146,-143,205,-44,-29,11,22,-22,-124,-177,44,-160,-46,47,5,-3,-146,-136,1,0,-45,211,-7,-6,-122,-177,43,-12,-214,79,340,-184,-271,-40,-66,67,82,-58,164,-279,-272,-84,-50,60,53,-27,122,-105,-334,371,-47,53,43,-27,33,-21,-126,-165,-29,49,35,-19
1.1800,25,-18,-94,-205,186,-22,-45,52,15,-12,-74,-211,2,-131,-46,47,34,-30,-98,-204,37,-1,-50,195,-6,-4,-78,-215,3,-12,-169,49,273,-103,-219,-119,-34,54,58,-15,19,-217,-208,-140,-26,47,40,-40,110,-91,-278,321,-39,58,36,-17,24,-15,-77,-211,-25,42,29,-7
1.2000,14,-12,-54,-198,139,26,11,58,15,-16,-29,-166,-11,-83,-42,36,16,26,-53,-196,47,6,-10,145,-5,-15,-37,-166,4,-19,-113,30,191,36,-153,-130,-29,42,56,-15,-44,-145,-125,-114,-12,37,18,-30,91,-76,-220,251,-29,46,29,-16,8,-9,-39,-167,-23,36,22,-3
1.2200,22,-20,-16,-129,78,43,19,73,9,-5,-7,-97,-31,97,-28,21,18,16,-23,-131,56,12,-7,95,-4,-9,-10,-95,-32,-12,59,14,106,78,-81,-86,-4,32,36,9,-101,-77,-63,-67,-2,28,18,-37,76,-61,-151,173,-15,38,22,-9,5,-11,-8,-103,-11,30,24,-3
1.2400,15,-20,202,-46,10,39,9,65,9,-8,97,-12,-27,-573,-20,25,14,13,202,-53,52,14,-4,-106,2,-14,102,-15,-1,-11,-535,9,-154,72,170,-25,3,23,27,19,-65,117,89,3,4,21,2,6,56,-42,98,-58,-12,28,14,0,1,-4,118,-25,-11,26,11,2
1.2600,13,-20,-726,26,1107,37,5,52,9,-7,-224,60,-21,-1129,-15,23,10,2,-696,23,38,6,7,1073,12,-14,-244,62,2,-1,-1146,10,973,64,-668,42,5,16,10,17,-45,-1091,-275,70,2,23,1,15,32,-33,-562,741,-5,25,8,8,3,-2,-289,50,-5,14,13,8
1.2800,15,-14,36,100,1187,22,-12,43,14,-9,-214,115,-7,-412,-15,29,17,-22,44,98,30,-1,0,1189,15,-12,-195,117,12,-3,-148,13,1188,11,54,104,6,10,4,23,5,-1211,-138,124,-2,13,-6,32,35,-30,27,1151,0,17,7,16,11,-10,-162,107,-4,20,10,13
1.3000,13,-10,-977,114,-235,8,-25,34,12,-9,-1091,100,11,199,-17,30,9,-26,-960,117,21,2,-3,-75,12,-13,-1093,102,26,0,307,23,310,-31,-929,132,0,14,-5,13,41,-790,-1086,122,-2,14,-3,40,25,-24,-973,1196,0,17,2,17,8,-5,-1090,101,0,16,5,15
1.3200,11,-12,-1131,77,-196,3,-32,30,14,-3,-1154,42,7,-575,-11,26,6,-31,-1138,78,13,3,-5,-7,10,-2,-1149,43,27,8,-89,18,1150,-54,-1129,96,-1,9,-3,11,45,-1197,-1150,62,-2,14,7,31,14,-15,-1134,1009,0,15,1,16,11,-7,-1148,43,-3,14,5,17
1.3400,4,-3,-1155,4,987,0,-30,23,14,0,-1154,-23,7,-1120,-5,23,-2,-23,-1159,3,8,9,-7,1096,9,-3,-1158,-22,33,9,-1116,21,1205,-56,-1157,28,-3,14,5,13,52,-1214,-1174,-4,-1,15,3,43,8,-13,-1156,-368,-2,13,-1,15,5,-3,-1169,-19,-3,16,3,19
1.3600,8,-4,-467,-47,1157,13,-26,22,8,-1,49,-54,-10,-1161,3,20,-3,-30,-484,-44,3,12,1,1187,0,2,42,-59,24,10,-1176,6,1211,-37,-529,-29,-7,17,7,14,20,-1205,6,-42,-8,15,8,37,11,-6,-585,-764,-7,11,6,19,5,-6,21,-58,0,17,3,16
1.3800,2,-2,347,-60,1180,23,-13,22,7,4,617,-55,-21,-1170,-1,16,-4,-14,338,-61,2,19,10,1196,4,2,613,-56,10,12,-1188,2,1208,-2,320,-48,-5,18,8,8,0,-1212,590,-49,-4,14,1,35,-1,-2,330,-1126,-1,15,4,16,0,1,602,-58,-4,17,3,16
1.4000,3,2,957,-46,1189,41,-14,24,1,1,1245,-35,-34,-452,-2,14,-4,-14,949,-48,8,12,25,1204,-4,5,1242,-38,21,16,-638,-7,1208,4,924,-44,3,15,9,9,-1,-770,1234,-29,3,13,-2,39,-5,8,935,-1152,-3,17,7,20,-5,1,1239,-40,0,17,3,15
1.4200,1,3,1215,-25,-18,48,-25,21,0,3,1188,-14,-33,435,1,14,-7,-30,1209,-21,2,14,22,-93,4,-1,1187,-8,30,17,364,-16,-159,1,1213,-21,3,13,8,8,9,423,1190,-8,1,16,3,57,-7,5,1216,-1099,-3,12,1,11,-3,7,1192,-13,-1,15,4,14
1.4400,-2,4,1184,5,-597,40,-34,21,-1,4,1192,23,-34,984,2,15,-8,-39,1184,10,3,20,23,-658,-1,0,1193,21,37,20,874,-12,-792,-9,1184,2,1,14,4,12,12,963,1195,22,-4,16,1,62,-3,10,1180,-1082,-1,20,0,19,-7,7,1194,19,-6,13,4,15
1.4600,1,4,1214,46,-1176,35,-39,19,-2,1,1253,57,-26,1222,4,17,-8,-47,1215,42,0,15,26,-1201,2,2,1245,59,51,9,1230,-6,-1268,-31,1212,41,2,16,5,10,42,1263,1243,56,0,17,6,69,0,6,1215,-1094,0,14,4,17,2,0,1244,53,-6,10,3,13
1.4800,7,-2,1272,64,-1216,23,-60,17,5,-1,1300,69,-14,1249,5,18,-1,-56,1271,67,-7,18,16,-1192,8,2,1294,73,66,18,1239,-1,-1266,-59,1268,69,-1,15,6,7,70,1282,1297,67,-9,20,3,75,-1,8,1273,-1140,-2,12,0,15,2,-1,1297,63,-6,14,1,14
1.5000,1,2,1273,60,-1258,11,-77,16,3,-8,1302,53,-7,1281,1,22,-11,-63,1279,60,-6,9,10,-1229,12,0,1293,47,81,14,1275,10,-1307,-82,1283,60,-5,14,4,7,82,1301,1293,43,-6,18,2,83,2,-1,1281,-1208,-3,15,1,20,-1,-1,1294,45,0,10,-1,21
1.5200,0,-3,1339,26,-1272,5,-93,14,6,-5,1347,18,7,1317,1,21,-8,-76,1336,27,-6,12,1,-1241,3,0,1351,13,101,12,1315,18,-1341,-91,1334,32,-3,14,7,6,96,1347,1357,18,-6,12,5,91,9,-3,1342,-1233,-1,15,3,15,5,-5,1349,13,1,8,-1,20
1.5400,5,-1,1352,3,-1312,-4,-111,9,7,-6,1356,-7,13,1325,1,24,-6,-81,1354,3,-4,5,-9,-1299,1,-6,1354,-3,120,12,1310,30,-1349,-104,1355,5,-6,11,4,3,108,216,1354,-6,0,17,7,98,14,-5,1353,-1272,3,9,-1,16,7,-4,1349,-7,0,7,0,18
1.5600,7,0,1058,-9,612,-12,-137,13,12,-6,-673,-3,26,-783,4,18,-1,-93,1083,-6,-8,14,-15,-1145,3,-2,-654,-4,139,12,-908,33,833,-112,1092,-4,-4,16,7,5,109,-1096,-646,-3,1,16,2,106,17,-11,1099,-1293,-2,7,1,21,4,-7,-655,-13,-3,7,-1,23
1.5800,6,-3,-975,-6,1122,-21,-154,16,8,-2,-1088,7,32,-1122,2,22,-6,-99,-971,0,0,10,-27,984,4,-1,-1088,3,154,9,-1157,47,1162,-112,-971,6,1,9,1,3,112,-1202,-1082,14,1,11,3,111,17,-6,-968,-1285,0,12,1,15,7,-3,-1088,3,2,8,-7,23
1.6000,7,-8,-1149,8,1182,-34,-162,17,10,-9,-1172,14,46,-1168,-2,19,-11,-104,-1149,9,-2,12,-35,1174,11,1,-1167,13,161,15,-1184,61,1201,-112,-1150,16,-2,10,4,2,112,-1208,-1166,21,3,11,4,116,12,-4,-1148,908,8,13,2,25,11,-10,-1171,17,1,10,3,25
1.6200,16,-7,-1186,18,1187,-45,-162,22,10,-10,-1195,24,59,-1166,-2,21,-11,-104,-1182,17,-2,11,-49,1198,10,2,-1195,23,149,12,-1193,69,1209,-105,-1182,24,-2,9,3,3,105,-1208,-1193,30,3,14,8,110,15,-10,-1181,1164,0,11,0,20,7,-3,-1196,19,4,11,-4,20
1.6400,10,-12,-1202,32,1182,-52,-143,17,11,-10,-1206,41,71,-1169,5,23,-16,-91,-1209,34,0,6,-57,1200,12,-4,-1210,37,125,12,-1190,79,1201,-96,-1205,32,5,11,5,-4,83,-1210,-1214,44,0,13,7,90,11,-14,-1203,1212,2,10,-2,19,16,-1,-1210,37,2,14,-8,19
1.6600,11,-6,-1186,47,1184,-67,-101,9,9,-8,-1147,56,88,-1170,7,23,-14,-63,-1185,47,-4,9,-75,1197,12,8,-1149,57,70,20,-1190,85,1207,-68,-1196,50,5,8,0,-9,60,-1208,-1149,60,3,12,12,57,11,-9,-1197,1224,9,11,-3,23,10,-7,-1156,54,4,11,-3,23
1.6800,10,-12,-1114,62,966,-85,-39,12,8,-7,-1056,58,94,-358,15,25,-15,-32,-1112,63,-7,4,-79,1104,18,13,-1059,59,-1,22,-370,93,1082,-43,-1116,65,8,9,0,-6,26,-808,-1057,61,5,9,14,20,10,-5,-1129,1221,3,10,-4,22,6,0,-1063,59,5,12,-3,18
1.7000,11,-10,-978,54,-13,-89,36,4,12,-13,-882,46,101,240,19,20,-14,19,-978,59,-11,6,-87,69,7,11,-892,50,-78,30,237,98,85,-6,-983,55,4,7,-3,-4,-12,34,-891,47,5,11,18,-33,14,-8,-1002,660,6,7,-1,20,13,-11,-895,44,-2,5,-3,24
1.7200,12,-9,-768,37,-341,-85,113,2,8,-9,-632,25,102,482,19,22,-14,63,-770,34,-16,10,-88,-292,13,9,-630,23,-148,36,469,104,-294,27,-776,37,3,6,-6,-3,-45,335,-633,22,5,7,22,-75,8,-1,-786,-121,6,6,-2,20,12,-11,-641,27,5,4,-7,18
1.7400,15,-11,-486,15,-571,-85,190,-7,9,-9,-350,7,91,859,19,20,-5,106,-485,19,-22,7,-95,-494,10,19,-350,3,-222,32,842,102,-495,61,-487,13,5,10,-8,5,-83,552,-355,6,5,11,25,-112,12,-4,-496,-438,6,9,-5,20,12,-10,-361,7,10,5,-9,20
1.7600,9,-7,-225,1,-1127,-75,257,-7,12,-10,-114,-2,77,1221,20,20,9,150,-227,3,-20,3,-89,-967,11,16,-118,-10,-280,38,1211,99,-842,101,-223,0,4,6,-6,19,-120,1057,-121,-8,2,10,24,-153,9,-6,-220,-1122,3,10,-7,24,6,-9,-121,-11,8,8,-10,22
1.7800,12,-8,-11,-13,-1220,-59,306,-8,12,-8,101,-14,61,1234,23,22,29,184,-12,-13,-23,8,-77,-1189,14,18,100,-18,-311,31,1218,90,-1231,132,-17,-15,4,5,-8,34,-142,1246,97,-18,4,10,16,-173,15,-6,2,-1225,6,7,-8,26,7,-15,90,-23,4,7,-7,26
1.8000,16,-10,222,-19,-1157,-34,323,-2,10,-10,335,-26,34,1180,14,21,38,191,218,-24,-16,9,-63,-1174,5,15,335,-24,-321,31,1093,68,-1228,150,213,-23,8,6,-2,51,-162,1230,328,-29,-1,4,12,-175,7,-8,240,-1231,2,11,-8,27,8,-12,331,-31,11,5,-10,24
1.8200,12,-5,448,-27,-1040,-1,322,6,11,-8,544,-28,-3,1109,1,19,58,201,442,-31,-8,6,-40,-1054,12,-1,546,-29,-313,15,1024,45,-1146,181,441,-28,6,5,-5,69,-186,1166,538,-28,-2,4,9,-177,9,-7,473,-1191,5,6,-3,24,13,-9,543,-26,3,6,-1,23
1.8400,10,-7,634,-18,-1013,36,308,27,8,-8,711,-8,-45,1101,-16,26,75,198,630,-18,5,6,-12,-1037,11,-11,705,-16,-291,2,1039,9,-1132,199,619,-25,3,7,-1,84,-201,1141,694,-7,1,10,-8,-175,9,-6,651,-815,8,9,-9,28,12,-8,702,-13,3,7,-4,22
1.8600,11,-2,797,4,-1055,68,273,36,9,-8,871,9,-76,1161,-30,20,93,188,791,0,24,6,20,-1080,6,-28,868,11,-254,-17,1125,-26,-1147,205,779,-2,7,8,2,100,-206,1166,859,8,-5,2,-23,-163,4,-13,790,-406,5,7,-10,26,7,-6,871,10,4,5,-8,23
1.8800,14,2,955,22,-1157,110,233,59,7,-9,1027,34,-116,1227,-56,20,98,177,953,22,40,8,58,-1167,7,-42,1028,30,-213,-42,1221,-59,-1213,215,939,19,5,3,-1,110,-218,1235,1013,31,-6,8,-37,-150,9,-2,936,-176,4,9,-2,21,6,-9,1024,32,5,6,-2,21
1.9000,9,3,1084,41,-1226,148,192,79,7,-9,1123,50,-146,1232,-77,19,100,169,1082,36,57,14,99,-1201,4,-61,1121,53,-168,-63,1229,-97,-1251,217,1075,40,6,7,2,112,-212,1254,1115,46,-8,6,-53,-139,8,-2,1053,-132,8,8,-6,20,12,-5,1122,50,4,5,1,19
1.9200,7,15,1139,60,-1224,172,145,102,11,-2,1125,63,-169,1235,-95,21,97,159,1136,59,78,16,127,-1204,-5,-76,1128,64,-121,-81,1232,-125,-1251,206,1134,57,3,8,4,112,-194,1255,1117,65,-14,11,-71,-124,7,-7,1093,-227,8,8,-3,21,10,-4,1130,65,5,8,-10,26
1.9400,8,12,1069,76,-1225,189,93,116,8,-7,980,81,-183,1237,-113,15,93,134,1084,76,98,16,154,-1204,2,-87,985,81,-68,-98,1231,-140,-1253,178,1071,69,0,6,8,102,-164,1256,984,81,-16,11,-84,-94,-1,-3,1019,-409,2,8,-3,14,7,-10,990,77,3,9,-5,19
1.9600,7,13,832,86,-1220,191,37,125,4,-9,654,94,-179,1225,-119,15,77,103,836,86,109,21,162,-1201,-1,-101,652,83,-7,-109,1222,-145,-1255,146,839,85,3,8,15,85,-127,1251,666,89,-21,8,-96,-64,3,-2,785,-635,4,9,-4,18,9,-5,662,86,6,12,0,19
1.9800,7,20,436,84,-1211,182,-24,132,10,-7,216,79,-162,1210,-118,12,54,60,442,84,116,17,157,-1186,-8,-102,209,83,55,-106,1212,-132,-1247,88,451,85,3,8,15,61,-62,1241,226,76,-23,9,-100,-14,10,-2,390,-823,-1,13,0,22,13,-7,228,80,2,8,-4,23
2.0000,8,15,-30,77,-1185,154,-100,125,8,-6,-257,69,-127,982,-113,5,25,6,-27,78,111,22,138,-1155,-7,-99,-249,64,122,-100,1078,-106,-1208,34,-14,70,0,10,18,31,-4,1157,-241,65,-23,8,-94,39,7,1,-55,-919,5,8,3,21,14,-6,-246,66,5,10,-5,24
2.0200,10,12,-474,56,-889,113,-154,113,6,-7,-664,46,-86,667,-99,4,-5,-49,-473,59,100,21,110,-848,-11,-90,-663,41,179,-83,758,-78,-937,-26,-460,58,0,12,18,-1,56,866,-646,40,-14,11,-90,91,9,-3,-486,-891,7,11,-1,20,10,-10,-646,46,6,8,-6,21
2.0400,8,7,-830,32,-545,74,-205,92,10,-10,-960,20,-37,317,-66,-1,-41,-97,-829,32,77,25,76,-514,-16,-78,-958,18,215,-53,395,-32,-642,-76,-815,32,0,12,19,-31,102,539,-943,20,-3,6,-69,131,9,-6,-817,-735,5,8,-2,18,9,-6,-950,13,2,8,-6,25
2.0600,4,6,-1057,0,-196,18,-239,65,7,-5,-1108,-12,16,4,-35,0,-69,-130,-1060,8,51,28,30,-176,-11,-55,-1112,-18,230,-17,55,8,-335,-122,-1044,-3,0,11,20,-62,138,241,-1104,-14,0,9,-70,162,7,-4,-1028,-495,9,9,-9,20,12,-8,-1109,-14,0,8,-8,24
2.0800,5,-13,-1131,-35,113,-32,-507,27,8,-5,-1121,-68,65,-236,64,-2,-92,-151,-1134,-32,9,31,-46,118,-10,-29,-1125,-64,218,25,-218,54,-97,-152,-1127,-39,-4,7,41,-85,162,8,-1118,-67,15,9,-64,180,8,0,-1084,-237,5,11,-8,20,10,-3,-1121,-60,6,9,-2,19
2.1000,7,-22,-1067,-201,340,-84,-573,-29,9,-8,-978,-286,108,-408,207,-41,-121,-152,-1067,-199,-28,33,-177,330,-2,1,-982,-286,184,88,-426,206,80,-170,-1066,-184,-3,11,43,-156,169,-150,-979,-295,27,13,49,424,9,-6,-1002,-10,5,10,2,19,9,-9,-986,-288,7,6,2,21
2.1200,0,-42,-855,-279,484,-345,-377,-229,6,-10,-707,-278,148,-490,315,-46,-135,-144,-860,-285,-69,69,-265,465,9,37,-713,-280,139,366,-533,327,178,-174,-865,-285,-7,8,14,-447,174,-231,-717,-282,41,22,131,400,6,3,-778,142,2,8,-1,16,9,-10,-723,-283,-1,14,-3,14
2.1400,3,-52,-544,-267,537,-467,-277,-320,7,-3,-373,-268,172,-492,422,-25,-143,-136,-547,-273,-115,66,-337,521,20,64,-379,-266,95,439,-563,370,211,-181,-555,-268,-10,17,-10,-401,181,-243,-388,-265,51,19,203,327,3,-2,-461,201,0,14,0,15,9,-5,-392,-265,-2,12,-1,16
2.1600,-2,-67,-207,-267,521,-482,-197,-404,6,2,-54,-262,186,-466,516,-10,-147,-130,-212,-265,-146,46,-391,518,21,91,-62,-258,53,511,-549,416,207,-185,-224,-265,-11,8,-35,-388,186,-235,-73,-257,64,21,278,317,9,-4,-129,203,4,12,-2,11,6,-8,-72,-256,-2,18,2,12
2.1800,-8,-84,83,-251,487,-517,-156,-477,9,-1,194,-240,218,-433,586,5,-144,-123,73,-249,-172,27,-436,491,40,111,196,-238,25,575,-525,450,208,-191,67,-251,-7,13,-67,-393,199,-240,187,-239,89,30,339,344,6,-5,147,190,8,13,-3,18,5,-4,189,-235,5,15,3,16
2.2000,-7,-87,301,-222,435,-532,-146,-533,9,3,395,-193,577,-410,636,33,-129,-126,295,-225,-306,6,-452,475,52,126,389,-194,54,628,-493,455,220,-201,296,-219,-20,9,-100,-383,206,-261,383,-195,266,31,391,387,10,-4,363,167,4,14,-2,21,7,-6,386,-201,5,13,2,18
2.2200,-10,-95,471,-164,414,-528,-150,-565,8,7,515,-126,467,-427,649,67,-107,-127,463,-168,-600,-19,-448,482,67,165,517,-128,53,646,-487,442,272,-204,459,-168,-55,14,-145,-343,203,-328,509,-128,248,44,434,412,7,-3,505,192,-2,11,0,17,7,-7,512,-127,-3,8,1,18
2.2400,-8,-172,536,-91,428,-496,-169,-562,8,32,536,-41,341,-489,628,100,-76,-229,538,-88,-489,-54,-416,515,71,462,539,-42,96,627,-524,405,372,-356,537,-92,-45,14,-180,-283,193,-446,537,-48,220,47,447,422,9,-6,557,267,1,13,-3,12,4,-5,543,-47,-2,10,1,17
2.2600,-10,-230,518,4,479,-430,-199,-532,8,36,479,53,280,-551,579,141,-48,-342,517,4,-430,-91,-363,580,87,356,480,48,134,581,-569,338,488,-494,512,-4,-36,12,-205,-202,174,-561,479,43,211,51,445,403,7,-2,504,388,1,12,-5,16,11,1,485,47,-1,13,2,17
2.2800,-8,-178,426,101,534,-344,-214,-468,9,30,374,153,212,-600,500,180,-10,-262,434,99,-392,-130,-289,634,86,299,366,147,146,507,-605,260,593,-359,427,93,-39,14,-232,-111,145,-660,371,144,185,55,428,349,8,-10,391,506,1,14,1,15,6,-4,377,144,1,12,-3,21
2.3000,-2,-144,311,199,585,-250,-207,-392,9,34,255,245,139,-635,397,211,25,-213,311,197,-333,-168,-209,662,88,282,257,241,149,403,-632,181,666,-295,312,191,-33,12,-235,-14,109,-738,255,240,152,61,389,285,11,-8,244,605,2,15,2,12,6,-2,259,241,-4,15,4,17
2.3200,-2,-108,203,281,610,-152,-202,-293,5,37,152,307,57,-620,273,232,63,-159,202,275,-250,-197,-122,664,82,252,157,312,136,284,-619,91,708,-232,200,274,-24,16,-244,91,71,-755,156,304,104,58,338,214,5,-7,102,660,-2,10,2,20,6,-5,160,304,-2,10,1,16
2.3400,12,-56,113,322,591,-55,-175,-180,8,33,76,323,-22,-547,158,251,121,-99,116,319,-156,-220,-42,616,139,207,80,321,109,164,-557,20,684,-157,116,319,-8,15,-234,177,40,-711,74,319,49,53,274,128,11,-9,-5,647,1,13,0,12,11,-5,80,322,4,16,1,16
2.3600,30,-9,44,305,518,28,-150,-72,-2,21,18,281,-90,-419,35,257,372,-19,42,303,-48,-225,19,503,145,149,14,279,84,42,-440,-35,606,-60,45,307,11,14,-212,257,-65,-612,15,281,-13,48,206,55,4,-1,-74,574,-2,13,5,15,7,-6,19,281,0,15,0,15
2.3800,54,56,-7,246,395,85,-137,35,3,16,-19,208,-152,-276,-81,248,370,35,-7,245,60,-228,68,353,87,83,-20,208,77,-74,-297,-75,482,23,-4,244,40,18,-173,326,-144,-465,-22,207,-91,34,128,3,3,-8,-110,454,6,14,0,13,8,-8,-17,208,0,11,4,21
2.4000,82,120,-26,161,246,130,-130,131,0,2,-20,123,-197,-101,-190,218,394,81,-23,167,164,-210,107,184,50,12,-20,118,73,-178,-137,-102,339,97,-20,161,69,16,-129,379,-202,-301,-19,123,-158,27,56,-34,12,-13,-100,324,2,15,1,17,11,1,-22,127,4,11,2,19
2.4200,106,180,-15,76,82,170,-122,218,-1,-14,-6,40,-230,60,-276,185,438,112,-16,79,252,-178,133,13,1,-58,-8,39,82,-269,35,-123,176,165,-14,84,92,23,-72,415,-251,-128,-6,41,-215,3,-18,-63,6,-4,-51,194,-1,12,1,21,8,-7,-6,43,0,19,1,20
2.4400,131,231,-8,5,-78,197,-130,286,-5,-39,-16,-20,-256,200,-355,140,463,129,-10,8,320,-135,152,-143,-40,-122,-18,-16,91,-337,178,-140,27,221,-12,5,122,27,-19,435,-297,31,-18,-24,-265,-19,-83,-73,10,-6,-7,93,5,13,-1,17,10,-3,-16,-15,1,13,0,19
2.4600,150,276,-37,-37,-210,222,-129,343,-13,-63,-73,-52,-273,295,-412,79,482,130,-33,-39,379,-87,166,-266,-95,-176,-68,-56,95,-400,441,-152,-96,271,-39,-40,145,28,42,452,-339,154,-64,-51,-300,-47,-142,-80,11,-4,-11,30,3,17,0,14,9,-4,-62,-50,4,16,2,17
2.4800,171,309,-101,-61,-308,241,-115,388,-17,-80,-135,-68,-276,368,-458,27,480,144,-99,-68,417,-28,179,-396,-142,-225,-137,-66,80,-440,1100,-169,-189,305,-96,-61,163,30,94,445,-386,249,-128,-68,-330,-69,-195,-93,6,0,-61,-84,5,12,0,20,8,-10,-131,-68,1,12,2,18
2.5000,180,332,-172,-70,-374,257,-89,412,-16,-109,-218,-72,-290,579,-484,-34,468,153,-167,-70,442,32,197,-1120,-193,-267,-217,-73,52,-466,1052,-183,-260,341,-170,-72,177,33,147,440,-406,319,-210,-76,-344,-100,-239,-106,13,-1,-121,-174,6,10,-3,19,15,-4,-205,-69,6,11,0,20
2.5200,180,332,-318,-72,-402,268,-47,431,-25,-129,-591,-73,-290,1165,-498,-89,438,154,-310,-70,447,86,205,-995,-235,-294,-586,-71,3,-484,1046,-192,-304,367,-318,-72,181,39,202,413,-427,364,-600,-72,-341,-117,-272,-110,4,-4,-206,-139,7,13,4,19,5,-9,-508,-71,-1,9,-3,16
2.5400,178,331,-662,-71,-398,278,0,441,-27,-147,-618,-68,-295,916,-502,-144,402,159,-666,-68,445,145,214,-897,-264,-315,-620,-67,-46,-488,1028,-201,-317,373,-654,-69,176,44,231,389,-429,378,-609,-68,-338,-132,-301,-120,6,-6,-557,-149,2,14,2,17,3,-7,-625,-64,-1,11,1,21
2.5600,169,319,-582,-63,-373,289,55,425,-25,-150,-545,-53,-296,838,-490,-181,360,156,-574,-64,433,193,221,-885,-290,-328,-541,-53,-95,-471,999,-201,-308,365,-575,-64,164,46,264,337,-418,379,-545,-55,-322,-140,-317,-131,9,-10,-482,-179,-2,8,-6,23,7,-6,-545,-52,0,15,0,15
2.5800,148,298,-523,-46,-476,288,100,410,-26,-158,-471,-34,-290,804,-470,-214,308,156,-519,-43,415,229,217,-830,-304,-333,-475,-33,-142,-453,934,-194,-293,358,-517,-40,141,47,283,296,-401,367,-470,-38,-295,-146,-326,-126,12,-5,-416,-228,2,10,-3,16,5,-5,-471,-30,-1,14,-1,14
2.6000,126,274,-407,-16,-824,280,144,386,-23,-153,-332,-10,-283,743,-437,-241,259,155,-410,-21,381,258,212,-757,-304,-333,-334,-12,-175,-423,844,-183,-262,342,-413,-23,114,48,295,247,-374,334,-333,-11,-260,-143,-333,-123,15,-8,-319,-248,0,8,-3,16,4,-4,-329,-13,1,18,-1,21
2.6200,96,240,-258,3,-515,272,170,354,-21,-142,-185,10,-268,634,-396,-255,209,139,-254,1,360,276,195,-632,-302,-327,-186,14,-193,-379,706,-166,-224,315,-260,6,88,38,299,198,-341,334,-191,11,-225,-132,-327,-114,11,-7,-184,-249,-7,12,-6,18,9,-1,-191,12,2,11,1,18
2.6400,61,201,-131,21,-370,254,183,313,-11,-126,-108,31,-252,523,-345,-257,162,129,-137,20,321,290,174,-500,-291,-312,-107,36,-203,-333,574,-141,-187,291,-137,24,54,30,286,144,-309,674,-110,29,-184,-113,-310,-101,3,-6,-83,-236,-1,11,-2,19,6,-7,-111,36,0,10,1,17
2.6600,28,166,-109,42,-284,231,186,275,0,-102,-128,43,-227,387,-287,-247,111,123,-111,33,276,285,147,-363,-273,-296,-131,44,-212,-277,450,-110,-149,273,-110,42,13,19,278,94,-289,423,-128,41,-145,-90,-290,-92,3,-9,-76,-226,2,11,-3,12,8,-7,-123,47,3,13,-3,17
2.6800,-10,121,-172,51,-195,199,187,234,10,-77,-227,48,-188,236,-229,-236,71,119,-170,52,227,275,115,-226,-252,-272,-226,50,-206,-213,312,-76,-118,252,-166,52,-28,10,257,47,-261,279,-217,48,-102,-57,-262,-80,8,-6,-155,-220,2,9,1,17,3,-3,-216,47,1,13,-2,19
2.7000,-41,84,-294,40,-62,156,182,177,28,-49,-368,39,-141,100,-159,-216,24,106,-290,43,176,258,76,-80,-223,-247,-366,43,-192,-150,180,-40,-77,228,-292,41,-63,0,236,-2,-235,217,-360,37,-62,-33,-233,-69,4,-6,-294,-220,1,11,4,18,6,-6,-362,39,2,10,0,16
2.7200,-76,49,-451,22,58,111,168,122,46,-18,-527,14,-91,-30,-85,-200,-21,96,-443,26,124,236,33,45,-193,-211,-519,11,-179,-82,63,5,-27,211,-441,25,-96,-22,202,-43,-221,141,-519,17,-15,1,-197,-63,6,-7,-443,-242,0,13,2,18,5,-5,-518,15,-3,13,3,18
2.7400,-109,5,-598,-2,196,64,151,62,62,11,-661,-20,-43,-155,-22,-174,-64,90,-595,1,69,216,-12,159,-165,-175,-663,-20,-156,-4,-52,50,138,188,-587,-1,-125,-37,166,-95,-198,33,-653,-16,20,33,-162,-50,5,-5,-581,-263,-1,12,1,19,6,-5,-656,-18,-5,11,-1,12
2.7600,-128,-32,-711,-31,327,11,136,8,78,42,-746,-42,10,-261,59,-145,-102,68,-708,-31,9,187,-56,261,-130,-138,-750,-47,-132,66,-175,88,246,162,-704,-36,-149,-56,134,-128,-168,-95,-738,-44,60,69,-118,-25,3,-4,-672,-265,-1,14,-2,19,7,-6,-742,-41,4,11,1,15
2.7800,-146,-70,-765,-59,439,-30,103,-50,93,71,-761,-73,53,-329,127,-117,-145,46,-762,-60,-50,162,-83,347,-97,-100,-761,-69,-95,138,-255,117,340,130,-760,-57,-167,-66,96,-168,-137,-204,-760,-71,104,94,-75,-2,6,-3,-700,-235,1,8,1,16,4,-4,-763,-69,4,15,-1,15
2.8000,-163,-105,-737,-81,498,-70,71,-100,96,94,-689,-94,91,-366,188,-92,-187,25,-741,-81,-106,138,-117,406,-54,-56,-696,-95,-59,202,-306,143,424,102,-737,-83,-181,-83,56,-209,-107,-298,-694,-91,140,118,-34,21,5,-8,-645,-184,7,7,-1,19,1,0,-694,-90,-3,13,-1,16
2.8200,-170,-140,-627,-99,521,-101,33,-144,106,115,-556,-108,120,-374,250,-63,-229,-5,-629,-98,-152,108,-129,425,-15,-16,-550,-106,-25,254,-331,155,480,66,-634,-104,-189,-92,17,-248,-70,-378,-558,-102,174,137,8,53,7,-3,-515,-124,-2,12,2,19,1,-6,-559,-103,-2,14,-1,21
2.8400,-171,-171,-471,-99,498,-123,-8,-185,114,130,-393,-97,141,-348,292,-36,-256,-39,-468,-105,-194,77,-140,423,24,19,-395,-97,21,301,-318,161,507,30,-474,-100,-189,-103,-28,-277,-21,-414,-400,-95,202,156,43,86,7,-3,-343,-53,-1,15,-1,16,-1,-6,-393,-91,1,12,1,17
2.8600,-170,-202,-324,-77,426,-141,-45,-213,111,143,-262,-62,143,-283,334,-4,-280,-69,-325,-78,-226,47,-140,394,68,57,-264,-60,60,340,-272,160,483,-15,-327,-82,-189,-95,-74,-301,16,-420,-261,-66,232,169,78,113,4,-4,-205,17,3,10,-1,15,3,-4,-262,-65,-3,14,1,15
2.8800,-169,-223,-212,-41,324,-143,-75,-239,106,150,-174,-16,154,-198,359,26,-306,-94,-218,-37,-255,17,-143,318,111,85,-173,-21,85,368,-190,156,423,-58,-217,-44,-186,-93,-111,-324,66,-385,-174,-19,255,173,114,133,2,-6,-122,73,-2,15,-4,16,3,-2,-181,-18,-2,11,-2,19
2.9000,-163,-248,-144,3,209,-152,-110,-257,101,151,-118,20,158,-110,381,59,-317,-115,-143,3,-271,-17,-131,229,148,118,-118,20,112,387,-100,148,340,-98,-145,-1,-176,-85,-155,-333,114,-331,-115,16,271,176,145,154,2,-8,-92,99,0,14,-2,19,4,-1,-120,24,1,14,-1,18
2.9200,-151,-264,-95,34,101,-152,-133,-273,81,150,-75,43,164,-16,396,92,-316,-133,-101,32,-283,-49,-132,137,184,147,-77,44,136,402,-15,141,240,-148,-92,37,-162,-77,-194,-335,161,-257,-77,41,281,178,166,170,1,-4,-92,94,-6,15,1,17,7,-2,-77,45,-2,15,-1,14
2.9400,-145,-271,-61,49,-1,-148,-150,-283,67,147,-33,53,158,63,394,126,-317,-147,-59,54,-290,-83,-126,46,213,168,-38,50,152,406,56,135,126,-193,-60,56,-148,-60,-226,-335,201,-172,-38,52,288,170,197,179,2,-4,-96,61,6,13,-3,24,4,-6,-39,50,1,13,1,18
2.9600,-125,-275,-4,53,-77,-150,-157,-285,44,143,31,48,163,133,390,160,-311,-152,-5,51,-294,-118,-120,-37,242,182,33,50,153,397,118,137,16,-232,-12,57,-135,-37,-258,-321,243,-84,24,51,291,166,213,187,9,-6,-74,14,0,10,0,14,9,-3,26,47,-2,12,-3,12
2.9800,-106,-277,77,43,-142,-148,-162,-282,24,136,138,36,167,178,381,195,-288,-157,77,40,-294,-146,-123,-106,259,197,138,40,158,389,157,135,-91,-273,74,43,-119,-21,-274,-293,282,-2,130,34,290,160,227,182,4,-5,4,-45,2,12,-1,15,4,-7,131,38,0,11,1,18
3.0000,-92,-266,212,31,-179,-147,-154,-273,8,129,297,22,163,216,358,222,-269,-156,209,32,-282,-177,-115,-158,272,214,295,24,156,369,182,136,-188,-305,207,36,-103,1,-291,-270,317,64,286,23,272,150,237,176,8,-7,147,-89,1,14,-2,19,8,-3,288,23,2,17,-1,15
3.0200,-74,-257,390,15,-209,-146,-156,-260,-14,115,485,12,163,241,333,245,-242,-145,391,16,-273,-208,-115,-194,269,215,482,14,154,338,194,130,-264,-332,379,13,-80,22,-296,-239,333,125,471,15,258,132,239,165,9,-10,339,-128,-1,11,0,14,8,-5,481,18,4,14,-4,18
3.0400,-48,-236,576,12,-227,-138,-146,-238,-36,105,653,13,155,254,292,255,-202,-142,573,14,-256,-225,-110,-223,278,208,650,14,143,306,196,127,-337,-351,567,18,-56,51,-291,-205,349,173,641,8,230,125,231,151,8,-3,534,-129,0,13,3,17,3,-4,649,14,-3,14,0,20
3.0600,-30,-209,712,18,-228,-138,-130,-216,-53,95,748,20,144,260,255,268,-166,-119,708,14,-232,-244,-105,-229,260,205,750,22,123,270,194,119,-395,-353,703,19,-29,64,-282,-159,354,206,744,20,201,113,228,126,1,-10,678,-112,1,15,-2,18,6,-5,744,23,1,15,-2,18
3.0800,-3,-178,765,32,-226,-124,-110,-191,-63,80,758,32,136,253,211,277,-123,-100,759,28,-214,-244,-98,-233,239,196,757,35,101,226,188,114,-429,-355,757,29,-4,84,-263,-115,339,240,752,30,164,97,212,105,6,-9,728,-91,-1,16,4,18,3,-4,755,32,3,16,0,19
3.1000,27,-146,734,36,-231,-118,-89,-162,-71,61,695,37,129,260,169,271,-81,-66,730,30,-177,-247,-91,-236,215,182,696,34,73,180,195,108,-473,-331,732,34,22,96,-240,-64,318,269,688,43,126,73,199,77,4,-8,694,-64,6,14,3,14,6,-2,699,36,2,19,0,15
3.1200,54,-112,645,37,-230,-104,-54,-136,-81,43,588,41,108,261,129,263,-36,-42,647,41,-150,-236,-88,-241,181,166,588,39,36,138,200,100,-505,-301,643,37,51,107,-209,-24,285,297,588,42,86,56,180,41,8,-8,610,-62,-3,12,1,14,2,-9,590,40,1,18,-3,18
3.1400,80,-74,526,42,-229,-84,-19,-107,-88,22,464,43,99,245,84,243,12,-13,531,40,-121,-226,-72,-239,148,150,465,41,-1,98,195,88,-504,-268,527,43,83,113,-177,25,243,294,465,44,49,40,163,6,2,-6,484,-73,-5,12,-2,19,3,-4,472,44,-3,16,3,14
3.1600,97,-35,404,43,-215,-66,14,-77,-91,-2,346,40,70,226,43,213,50,24,398,41,-91,-202,-61,-218,120,127,351,43,-31,54,181,75,-486,-228,401,39,106,118,-135,65,191,282,349,43,8,15,141,-24,2,-8,360,-87,-4,13,-1,18,4,-6,353,34,-2,12,2,18
3.1800,123,0,296,39,-197,-46,49,-44,-93,-20,262,36,50,193,10,185,86,57,298,37,-62,-171,-48,-206,78,108,263,40,-60,21,160,59,-453,-170,303,36,128,118,-98,105,142,259,266,42,-29,-10,120,-54,2,-13,264,-106,6,14,2,19,2,-3,265,36,-1,13,-3,17
3.2000,143,33,236,36,-163,-21,75,-11,-95,-42,225,37,22,140,-36,150,119,75,240,37,-28,-138,-29,-169,46,93,221,38,-85,-20,125,41,-395,-119,239,38,144,120,-59,135,88,206,225,34,-61,-36,91,-77,2,-2,198,-107,-1,14,-3,18,4,-2,223,32,0,11,3,17
3.2200,152,63,213,35,-113,3,99,18,-98,-66,201,38,-5,85,-72,114,149,99,210,34,1,-108,-14,-126,12,68,201,32,-106,-57,84,25,-309,-63,210,37,158,118,-19,172,43,139,198,36,-94,-59,75,-95,9,-5,188,-102,0,12,1,15,4,-3,203,33,1,14,-2,17
3.2400,167,85,184,36,-52,28,113,43,-89,-89,162,30,-34,27,-99,80,172,116,187,39,29,-74,2,-77,-21,45,165,33,-117,-86,30,10,-217,-14,190,36,170,114,13,197,-10,65,162,34,-120,-78,52,-105,4,-8,163,-74,-2,19,-1,19,4,1,159,35,0,12,-2,18
3.2600,166,109,130,39,5,53,124,72,-88,-108,87,38,-55,-40,-124,49,195,117,129,42,59,-38,18,-22,-46,25,86,35,-126,-111,-20,-1,-120,34,135,38,177,113,42,216,-52,-19,89,38,-136,-100,30,-111,4,-1,120,-40,3,10,-2,19,3,0,89,40,-4,16,0,16
3.2800,167,133,33,36,74,71,130,97,-82,-119,-26,37,-69,-104,-154,18,212,124,36,39,82,-7,28,29,-70,9,-23,35,-125,-134,-71,-17,-14,73,42,36,172,105,76,234,-88,-110,-20,35,-149,-115,8,-109,-1,-6,29,-4,3,13,-1,22,2,-4,-19,36,-6,12,0,18
3.3000,160,146,-88,30,134,90,130,114,-74,-132,-151,29,-80,-153,-166,-14,226,122,-86,35,100,23,35,73,-95,-14,-146,28,-122,-153,-118,-23,83,105,-81,32,164,104,91,252,-120,-189,-143,31,-157,-126,-9,-105,6,-8,-92,28,1,10,5,17,5,-5,-143,31,1,12,1,18
3.3200,150,146,-217,24,183,95,118,137,-66,-142,-274,19,-91,-192,-181,-31,231,113,-213,22,122,52,39,114,-108,-23,-275,19,-114,-164,-157,-27,169,129,-204,20,157,93,113,253,-139,-259,-271,17,-173,-134,-27,-92,3,-3,-213,54,-2,14,1,14,7,-2,-270,22,-3,11,1,20
3.3400,133,151,-338,14,229,99,108,151,-59,-149,-384,7,-94,-223,-184,-53,237,97,-328,12,138,75,44,140,-122,-34,-384,10,-97,-170,-183,-29,249,149,-331,11,134,86,129,252,-157,-318,-379,6,-166,-136,-40,-75,6,-1,-321,67,-6,11,-1,22,4,-6,-386,7,-3,13,2,16
3.3600,117,152,-432,-2,256,97,86,160,-48,-149,-465,-6,-92,-233,-184,-68,226,78,-430,-3,142,92,47,167,-128,-45,-465,-8,-81,-174,-200,-34,314,159,-428,0,112,75,144,248,-164,-358,-463,-6,-157,-141,-55,-49,8,-6,-409,70,-2,11,0,20,8,-4,-465,-9,-7,7,1,13
3.3800,93,147,-484,-16,275,102,64,164,-33,-145,-497,-23,-90,-236,-186,-80,220,54,-487,-12,152,104,55,176,-132,-60,-492,-23,-57,-172,-202,-39,361,161,-486,-12,96,63,149,232,-158,-387,-487,-19,-153,-137,-64,-29,7,-4,-451,70,-1,15,-3,18,5,-3,-491,-22,0,17,-2,15
3.4000,70,135,-478,-22,275,101,40,170,-27,-137,-459,-31,-88,-221,-180,-83,204,31,-482,-28,151,113,53,180,-137,-71,-456,-29,-34,-166,-190,-37,386,160,-483,-29,69,49,150,217,-159,-392,-456,-30,-144,-125,-75,-6,5,-4,-437,77,1,15,-1,17,10,1,-461,-29,2,12,1,13
3.4200,53,129,-428,-26,265,99,15,172,-13,-126,-383,-26,-82,-201,-177,-90,183,10,-426,-28,156,115,61,167,-134,-76,-387,-24,-5,-158,-171,-40,403,148,-420,-26,41,34,149,197,-147,-386,-382,-26,-134,-116,-80,23,4,-5,-382,90,3,16,1,16,10,-7,-388,-23,1,16,2,13
3.4400,27,119,-343,-20,238,91,-19,170,6,-117,-295,-14,-82,-172,-166,-93,163,-13,-344,-14,156,121,66,153,-126,-86,-296,-14,30,-153,-147,-44,403,139,-342,-19,23,17,141,174,-132,-372,-294,-13,-118,-97,-87,42,8,-5,-298,112,-1,12,1,14,4,0,-301,-11,-5,15,0,16
3.4600,4,104,-252,-5,211,85,-41,169,19,-101,-212,3,-79,-135,-158,-91,144,-32,-252,-1,154,121,65,140,-113,-89,-210,5,47,-144,-119,-52,396,115,-258,-5,0,5,129,147,-113,-342,-211,5,-110,-79,-87,61,4,-4,-227,137,1,16,3,17,4,-1,-217,6,4,15,2,20
3.4800,-14,94,-172,15,171,76,-65,163,32,-83,-139,29,-72,-103,-144,-89,121,-54,-180,17,146,118,66,118,-101,-89,-141,26,70,-135,-84,-49,375,100,-170,16,-20,-11,115,126,-88,-301,-140,24,-99,-61,-92,81,6,-5,-167,160,1,13,3,12,6,-5,-139,23,1,11,1,20
3.5000,-32,82,-112,38,131,73,-84,162,50,-56,-88,45,-58,-67,-132,-86,96,-69,-107,36,142,118,68,106,-89,-93,-91,48,87,-123,-57,-47,341,80,-114,40,-42,-25,98,104,-68,-254,-87,44,-86,-47,-90,95,9,-5,-127,170,-2,11,4,16,3,-1,-87,47,-1,15,0,14
3.5200,-47,73,-70,55,96,64,-98,145,59,-44,-58,62,-49,-39,-120,-76,71,-82,-71,53,131,113,70,83,-73,-95,-64,61,97,-112,-29,-42,295,56,-67,54,-54,-41,85,77,-48,-208,-61,62,-77,-27,-88,109,5,-3,-105,175,2,9,2,19,8,-2,-65,58,2,13,-5,14
3.5400,-56,66,-48,61,60,53,-103,139,71,-28,-46,70,-36,1,-108,-73,53,-96,-51,71,128,107,63,59,-51,-84,-41,63,103,-98,2,-38,244,35,-54,59,-67,-58,64,56,-28,-144,-46,64,-66,-5,-85,116,4,-5,-107,162,-2,9,2,16,8,-5,-44,67,-1,9,-3,17
3.5600,-67,50,-39,68,26,46,-109,126,82,-12,-29,65,-26,35,-91,-62,30,-95,-41,71,114,95,57,33,-35,-76,-27,62,106,-75,30,-35,184,14,-40,64,-75,-67,45,40,-5,-83,-29,64,-51,10,-80,127,5,-3,-106,146,2,10,2,16,5,-8,-26,67,0,15,2,20
3.5800,-67,46,-12,62,-10,37,-105,112,92,4,6,55,-16,67,-73,-52,13,-107,-14,64,104,90,50,13,-12,-73,8,50,99,-64,55,-27,112,1,-11,61,-84,-73,25,19,7,-24,6,54,-45,28,-70,133,2,-5,-79,108,3,13,-3,14,8,-5,7,60,-3,14,3,18
3.6000,-67,36,31,47,-40,27,-101,109,94,20,54,40,-11,106,-59,-43,-2,-110,27,52,92,78,45,-8,0,-68,56,38,98,-47,74,-26,42,-17,30,47,-82,-78,3,3,23,38,50,40,-40,41,-62,135,9,-3,-34,68,0,13,-2,15,8,1,51,40,-2,12,3,14
3.6200,-73,29,77,33,-70,19,-101,98,96,29,93,29,-2,136,-50,-32,-9,-111,77,30,82,64,41,-28,15,-60,95,24,96,-40,98,-15,-24,-25,74,36,-83,-85,-11,-7,34,93,96,27,-30,52,-55,136,7,-4,32,28,0,14,1,16,2,-3,92,25,-1,17,0,18
3.6400,-66,20,111,21,-103,8,-92,85,100,39,119,13,10,165,-32,-20,-22,-115,110,20,71,52,27,-48,33,-50,121,14,89,-26,115,-8,-95,-40,110,20,-81,-84,-24,-20,35,142,118,15,-30,59,-49,138,9,-1,88,-6,3,11,4,18,6,2,120,13,0,15,3,21
3.6600,-65,28,125,6,-135,-2,-89,76,91,41,125,0,13,188,-23,-8,-29,-115,128,7,71,46,22,-59,42,-46,127,2,84,-16,136,-3,-153,-35,126,5,-72,-77,-39,-27,42,189,124,1,-19,66,-53,136,8,-4,118,-38,2,15,2,17,4,-1,123,2,0,13,-5,16
3.6800,-57,17,116,-1,-163,-6,-79,69,84,45,103,-11,24,206,-18,10,-32,-113,116,-1,53,26,13,-79,49,-49,107,-9,74,0,150,10,-198,-40,116,-3,-64,-71,-52,-34,39,226,107,-7,-17,70,-43,128,6,-4,128,-65,-3,13,-3,18,4,-5,109,-8,-3,14,-3,15
3.7000,-39,20,85,-9,-182,-14,-71,58,75,51,60,-12,32,223,-5,25,-39,-105,87,-9,40,18,5,-90,57,-46,67,-10,66,6,160,19,-239,-40,85,-12,-46,-62,-59,-28,38,255,65,-18,-13,76,-37,121,7,0,103,-94,-3,13,2,16,6,-1,65,-11,-2,17,-4,18
3.7200,-33,20,32,-16,-199,-28,-66,46,64,53,2,-18,40,223,9,29,-40,-100,38,-13,31,5,-6,-98,62,-35,6,-16,51,17,156,27,-261,-32,37,-11,-39,-54,-64,-38,34,277,10,-18,-18,78,-38,113,6,-6,67,-117,0,15,-2,22,7,-5,6,-17,-1,9,6,19
3.7400,-20,10,-28,-17,-206,-36,-50,30,49,55,-56,-20,46,218,14,41,-41,-85,-24,-21,18,-9,-14,-97,57,-36,-52,-23,48,29,153,39,-261,-24,-22,-20,-23,-43,-61,-37,21,283,-55,-22,-11,79,-32,91,9,-4,13,-137,2,14,0,15,1,-6,-50,-25,-2,17,1,17
3.7600,-7,11,-81,-27,-199,-36,-43,17,41,58,-93,-27,56,199,24,48,-43,-64,-82,-21,3,-12,-23,-95,52,-34,-93,-26,31,39,136,45,-258,-18,-77,-20,-13,-26,-62,-37,10,285,-98,-24,-5,78,-24,75,3,-9,-37,-162,6,15,0,16,4,-1,-98,-26,1,18,-1,17
3.7800,1,4,-111,-27,-187,-42,-25,-3,23,52,-107,-30,58,182,37,50,-42,-47,-107,-23,-17,-17,-37,-86,50,-28,-110,-26,18,52,112,54,-222,-2,-109,-26,2,-12,-54,-39,0,273,-111,-30,-5,71,-21,50,4,-6,-56,-181,1,10,-1,21,8,-8,-106,-30,5,16,3,16
3.8000,22,-4,-103,-32,-167,-48,-13,-19,10,46,-96,-31,54,153,51,49,-43,-22,-111,-33,-29,-17,-47,-81,42,-27,-101,-30,6,59,83,56,-190,7,-106,-28,15,-3,-46,-36,-17,260,-93,-30,3,68,-20,24,5,-5,-51,-187,0,15,-2,16,3,-6,-94,-33,3,10,-1,17
3.8200,28,-3,-88,-30,-136,-40,3,-33,0,42,-68,-25,56,121,57,43,-40,3,-88,-27,-48,-14,-51,-72,27,-25,-67,-26,-11,74,45,68,-144,20,-87,-29,24,13,-33,-37,-25,236,-70,-25,4,62,-19,0,3,-2,-34,-170,-4,14,3,16,6,-5,-67,-30,4,16,1,12
3.8400,40,-5,-52,-25,-101,-38,17,-52,-11,33,-28,-17,49,79,57,38,-43,35,-47,-24,-60,-10,-50,-63,15,-28,-28,-20,-20,77,13,73,-99,33,-54,-22,42,24,-22,-35,-39,212,-30,-16,15,53,-16,-30,5,0,4,-139,-2,9,1,20,6,-6,-30,-23,-4,11,-1,16
3.8600,58,-13,-8,-20,-63,-30,25,-65,-19,30,6,-7,38,43,67,28,-39,56,-9,-13,-74,-2,-59,-51,1,-27,10,-6,-35,86,-23,76,-55,47,-12,-16,51,38,-8,-34,-53,179,5,-13,13,41,-18,-58,5,-8,26,-97,0,13,-1,20,5,-3,4,-9,2,12,-1,17
3.8800,67,-15,28,-6,-22,-26,36,-76,-31,17,40,-1,34,1,75,14,-34,76,25,-7,-91,5,-63,-39,-10,-26,40,3,-41,93,-46,79,-11,61,25,-8,59,48,9,-29,-66,149,37,-3,16,35,-16,-74,6,-7,51,-43,1,14,-3,16,-2,-5,35,-4,-1,13,3,17
3.9000,72,-14,50,1,24,-18,38,-79,-39,11,54,7,27,-47,86,8,-30,94,45,2,-102,15,-64,-21,-21,-27,50,8,-43,98,-73,84,32,63,50,2,68,55,26,-24,-67,121,56,1,22,29,-21,-91,6,-3,61,7,2,14,2,16,0,2,56,5,3,11,-1,16
3.9200,76,-27,56,6,67,-15,40,-86,-37,3,57,9,24,-89,79,2,-24,105,55,10,-103,26,-75,10,-39,-27,53,11,-41,92,-79,90,62,71,52,5,79,61,34,-17,-73,83,52,4,26,23,-21,-99,4,-5,57,54,5,13,-1,22,4,-4,57,8,1,13,-3,15
3.9400,81,-24,49,2,111,-7,42,-90,-48,-2,45,1,15,-132,78,-14,-14,115,50,5,-109,31,-73,43,-43,-27,43,4,-44,93,-77,87,98,73,52,6,77,65,43,-8,-75,56,43,5,29,11,-23,-111,8,-4,53,95,-1,10,3,21,4,-9,51,4,-2,13,1,14
3.9600,80,-23,37,-1,140,-4,41,-88,-46,-14,32,-4,19,-165,78,-18,-6,118,37,-2,-102,44,-74,81,-55,-32,35,-4,-46,92,-61,85,126,73,41,-4,77,70,55,-4,-73,19,30,-4,33,9,-16,-105,3,-7,43,119,0,16,-2,18,8,-3,32,-5,-6,11,-1,13
3.9800,84,-31,26,-5,172,-1,44,-84,-39,-12,25,-10,15,-202,75,-28,0,108,26,-9,-95,53,-75,124,-62,-25,20,-13,-43,88,-36,80,159,70,26,-9,74,69,64,7,-70,-18,21,-11,35,-5,-22,-100,5,-5,37,132,1,13,2,18,2,-2,22,-6,-2,10,-2,16
4.0000,76,-28,22,-11,197,-4,50,-71,-47,-19,12,-13,15,-225,63,-30,10,105,22,-11,-88,60,-63,170,-72,-29,12,-20,-52,76,-10,76,175,67,19,-16,73,72,68,17,-67,-54,14,-12,32,-4,-21,-92,6,-5,32,132,6,17,-1,18,4,0,14,-9,-2,18,5,18
4.0200,73,-33,7,-16,195,-5,57,-62,-48,-26,2,-9,20,-227,58,-38,16,105,5,-13,-78,67,-52,209,-71,-26,-2,-8,-63,68,21,59,190,62,2,-11,68,67,72,25,-57,-98,-2,-10,33,-11,-25,-83,6,-6,20,133,3,10,3,16,3,4,-3,-11,2,16,4,20
4.0400,58,-34,-9,-6,195,-5,68,-48,-38,-29,-14,-3,16,-221,45,-40,24,84,-11,-4,-64,67,-33,243,-70,-26,-12,-5,-74,53,53,41,203,52,-8,-8,59,62,77,33,-35,-140,-14,-4,35,-13,-19,-67,6,-10,10,127,-2,9,0,14,4,-1,-16,-4,4,11,-1,14
4.0600,60,-32,-23,-2,168,-5,83,-30,-38,-27,-25,5,16,-192,37,-39,27,72,-20,1,-47,68,-15,270,-68,-25,-29,6,-93,44,60,20,216,33,-20,4,52,59,79,37,-23,-176,-24,4,34,-19,-17,-49,4,-8,-4,118,-1,17,-2,15,3,-5,-23,4,-3,12,-1,15
4.0800,43,-35,-30,11,144,-5,98,-16,-31,-34,-35,24,11,-149,25,-43,30,59,-33,17,-26,71,7,285,-66,-13,-37,16,-105,35,55,-2,211,13,-32,15,42,56,74,37,3,-219,-39,19,33,-19,-12,-34,5,-4,-28,102,-2,10,-4,17,6,-3,-34,19,1,16,0,19
4.1000,37,-41,-37,26,115,4,113,-7,-26,-32,-39,32,4,-104,20,-38,26,37,-39,26,-16,69,37,278,-60,-10,-44,32,-115,32,30,-26,202,-16,-41,23,28,49,67,38,25,-249,-43,28,38,-22,-3,-18,4,-8,-50,92,0,10,-1,13,4,0,-43,25,0,15,-1,15
4.1200,18,-39,-42,34,73,13,126,14,-14,-31,-43,34,-7,-51,10,-32,22,25,-41,38,-3,67,60,259,-54,-5,-41,39,-126,21,-19,-58,193,-35,-45,35,17,39,58,33,58,-280,-40,37,40,-21,1,-4,6,-7,-59,69,-2,14,-2,19,3,-2,-39,37,-3,10,-3,16
4.1400,9,-44,-33,36,45,25,121,27,-13,-32,-34,43,-14,2,-2,-29,18,9,-39,43,5,63,88,226,-47,6,-34,43,-117,9,-81,-80,155,-65,-37,40,4,30,55,22,78,-302,-34,41,44,-18,9,17,1,-2,-67,45,1,10,2,19,1,-3,-35,42,2,12,0,15
4.1600,-3,-53,-23,43,21,31,102,18,0,-36,-22,42,-30,42,-5,-25,4,-6,-24,44,11,62,109,190,-35,9,-20,43,-92,5,-148,-98,124,-84,-28,40,-10,23,41,12,96,-329,-18,37,53,-13,20,38,2,-5,-59,18,2,13,1,19,2,-4,-17,41,1,13,5,19
4.1800,-18,-59,-11,47,16,45,79,23,5,-34,-8,39,-43,70,-7,-23,-10,-26,-13,43,8,49,120,140,-24,30,-6,42,-55,5,-217,-107,82,-105,-12,44,-24,15,29,0,120,-342,-2,40,63,-14,37,56,2,-10,-45,-4,2,11,-2,18,11,-4,-1,43,3,16,4,20
4.2000,-26,-65,10,45,17,60,32,13,12,-25,15,40,-52,79,-9,-14,-24,-47,5,45,5,50,127,86,-5,36,10,37,-13,1,-274,-110,28,-127,5,45,-37,6,19,-15,130,-346,13,40,68,-9,46,76,5,-4,-23,-14,0,14,6,18,4,-6,14,40,-1,12,0,18
4.2200,-44,-74,20,43,33,66,-22,8,25,-24,28,41,-59,75,-10,-7,-38,-62,22,31,-6,39,124,35,4,48,34,40,51,0,-318,-101,-23,-135,22,36,-49,-2,9,-30,132,-339,33,39,76,-12,62,94,2,-6,-10,-19,4,14,4,17,9,-1,29,42,0,15,1,16
4.2400,-49,-75,39,44,51,69,-85,1,30,-21,47,40,-55,59,-11,4,-47,-76,37,37,-12,30,116,-10,16,57,43,39,111,2,-333,-86,-67,-139,39,41,-62,-8,-9,-38,126,-315,45,37,78,-2,71,114,10,-4,5,-15,-4,16,9,17,8,-1,44,35,1,8,3,14
4.2600,-59,-81,49,37,71,67,-150,-12,35,-13,55,39,-45,24,-8,15,-55,-98,51,35,-24,15,88,-57,24,69,53,38,176,7,-317,-53,-98,-127,47,39,-71,-10,-23,-45,121,-281,52,40,83,2,81,124,7,-6,17,-2,-2,16,-1,19,8,-9,54,40,-4,13,0,18
4.2800,-70,-88,55,36,73,53,-202,-25,37,-9,60,32,-30,-1,-1,28,-57,-111,56,36,-33,4,51,-93,46,77,61,37,220,4,-271,-19,-122,-116,62,37,-77,-18,-34,-48,103,-233,61,36,83,9,89,140,12,-5,24,19,1,15,-3,15,6,-3,57,35,-1,13,1,19
4.3000,-79,-85,56,34,63,35,-241,-32,43,-4,53,27,-5,-23,-1,46,-55,-120,58,35,-46,-5,13,-127,59,90,54,29,250,14,-187,29,-129,-92,55,38,-90,-26,-58,-46,82,-167,51,34,82,16,98,156,10,-5,29,41,0,14,1,16,7,-4,51,32,0,20,3,14
4.3200,-89,-82,45,32,36,7,-254,-39,43,2,35,24,15,-22,6,56,-44,-135,47,32,-51,-21,-38,-146,72,95,34,29,249,10,-87,80,-115,-73,51,30,-95,-28,-71,-36,60,-90,35,29,79,16,101,160,10,-2,20,54,-4,11,-2,17,6,0,37,30,-2,9,3,14
4.3400,-93,-80,28,32,-10,-19,-242,-43,42,0,12,22,48,-12,-1,72,-32,-135,25,25,-53,-32,-93,-160,81,93,10,23,229,16,46,135,-85,-52,26,24,-97,-33,-80,-22,39,3,10,22,74,23,109,158,7,-4,3,69,0,11,2,17,5,-3,10,22,1,15,2,15
4.3600,-94,-69,-7,24,-75,-47,-205,-36,38,10,-19,18,67,25,6,80,-11,-137,0,23,-50,-45,-147,-159,89,87,-17,14,180,18,175,192,-51,-29,2,20,-103,-24,-90,1,16,90,-16,21,64,27,102,155,1,-6,-14,76,4,15,2,14,6,-4,-15,18,-4,14,0,19
4.3800,-88,-62,-30,13,-152,-72,-150,-25,42,14,-46,14,83,78,7,98,11,-128,-34,19,-36,-63,-194,-156,97,85,-44,14,117,13,305,243,-19,-9,-32,17,-101,-25,-98,23,-1,189,-47,12,50,32,96,143,8,-8,-40,76,1,15,-2,18,6,-6,-45,13,-4,12,2,14
4.4000,-91,-45,-59,12,-226,-74,-82,-9,42,21,-71,7,91,145,-4,107,38,-111,-57,10,-23,-68,-245,-152,96,75,-74,10,38,9,411,275,0,8,-60,16,-100,-23,-101,51,-22,285,-75,6,33,35,79,114,9,-6,-62,70,2,18,2,16,9,-4,-70,11,1,11,4,18
4.4200,-87,-27,-83,9,-283,-72,0,24,37,26,-94,5,74,208,-7,113,65,-88,-84,6,2,-78,-276,-138,96,54,-93,10,-33,2,483,302,14,22,-80,11,-93,-24,-99,83,-32,363,-92,12,10,41,66,89,6,-7,-78,63,0,19,1,18,1,-9,-92,4,1,14,4,17
4.4400,-77,-6,-100,10,-320,-55,63,51,34,27,-101,5,56,268,-19,120,93,-56,-102,16,38,-89,-291,-130,95,36,-101,14,-93,-6,506,304,16,33,-97,5,-88,-16,-96,106,-47,422,-106,12,-3,45,45,48,5,-9,-97,42,-3,17,-3,15,1,-3,-103,12,-3,17,2,12
4.4600,-72,15,-106,13,-330,-22,120,84,31,27,-103,6,18,304,-31,123,116,-10,-106,11,74,-89,-281,-123,95,15,-108,10,-145,-11,482,281,-4,48,-105,8,-78,-17,-93,124,-60,458,-107,11,-29,49,20,-4,5,-8,-97,20,-1,22,-4,17,7,-3,-107,12,1,16,0,18
4.4800,-62,28,-106,12,-292,27,162,129,31,30,-100,9,-34,315,-39,129,125,38,-103,10,114,-95,-249,-107,84,-9,-104,17,-168,-26,403,233,-27,56,-102,12,-64,-13,-87,144,-64,461,-103,11,-50,47,-9,-46,8,-3,-97,-3,-3,17,-3,14,4,-6,-105,12,-2,15,-5,14
4.5000,-51,52,-98,12,-221,73,182,160,27,29,-90,2,-82,288,-49,127,127,84,-96,15,145,-96,-190,-91,75,-37,-98,8,-182,-36,285,170,-50,62,-98,14,-54,-10,-82,140,-69,438,-94,11,-66,48,-37,-98,1,-7,-95,-25,1,22,-3,16,5,-1,-96,13,1,15,-1,16
4.5200,-41,69,-90,11,-118,125,179,188,25,31,-84,7,-136,234,-51,123,119,130,-91,13,180,-90,-115,-67,64,-67,-91,5,-178,-43,139,89,-72,66,-92,10,-45,-5,-68,131,-61,381,-87,10,-86,46,-66,-144,5,-7,-86,-48,-3,18,-1,18,6,2,-89,5,-1,15,0,17
4.5400,-32,78,-82,5,-6,170,168,211,18,34,-76,0,-172,141,-50,112,102,164,-82,3,195,-88,-17,-42,51,-97,-78,5,-158,-36,-16,-9,-87,65,-86,9,-32,-3,-57,110,-63,293,-78,4,-99,48,-95,-179,6,-4,-75,-61,0,19,0,21,7,0,-81,4,0,16,0,15
4.5600,-17,94,-78,-3,107,203,148,213,15,33,-72,-8,-200,39,-41,103,66,198,-72,-2,201,-79,75,-5,40,-119,-70,-2,-131,-23,-165,-108,-99,55,-75,-2,-19,6,-49,74,-53,187,-77,-1,-105,48,-120,-199,10,-6,-64,-71,-1,21,0,21,7,-3,-74,-8,-3,12,-5,22
4.5800,-5,94,-70,-2,211,213,117,209,12,35,-63,-12,-203,-79,-20,97,28,212,-62,-9,195,-69,174,37,36,-140,-63,-10,-108,-11,-283,-195,-102,44,-66,-8,-4,10,-34,33,-35,70,-61,-13,-106,51,-143,-202,6,-4,-44,-76,3,21,3,16,6,-5,-65,-10,1,17,-2,22
4.6000,6,97,-57,-14,299,213,96,184,8,30,-54,-21,-191,-193,5,83,-23,207,-58,-11,176,-56,257,89,23,-144,-52,-14,-86,17,-370,-271,-94,30,-57,-13,6,10,-23,-9,-18,-50,-57,-19,-100,48,-156,-187,9,-5,-31,-64,-1,15,1,16,8,-7,-54,-15,-1,17,2,19
4.6200,23,87,-49,-22,355,183,65,150,-1,31,-45,-20,-162,-293,41,64,-69,185,-54,-18,140,-47,328,138,18,-150,-47,-16,-59,53,-413,-329,-78,0,-53,-15,15,13,-10,-69,7,-165,-44,-16,-91,45,-154,-166,6,-5,-17,-50,1,13,-1,19,2,-2,-43,-17,1,12,3,16
4.6400,26,71,-40,-25,389,143,42,104,2,24,-39,-17,-107,-366,77,52,-121,157,-41,-20,87,-24,372,181,10,-134,-32,-18,-37,87,-417,-355,-59,-20,-40,-17,29,13,-3,-117,31,-261,-34,-20,-74,44,-141,-122,9,-3,-6,-22,4,15,-1,14,5,1,-26,-18,-2,15,-1,13
4.6600,38,50,-24,-18,389,92,20,47,1,19,-19,-15,-49,-415,111,34,-162,105,-27,-23,29,-14,385,223,8,-114,-24,-17,-14,126,-384,-349,-37,-45,-28,-18,37,21,-3,-159,58,-336,-25,-17,-48,42,-127,-71,10,-4,7,3,1,13,1,15,1,0,-25,-17,-1,13,4,13
4.6800,45,26,-16,-18,372,16,-4,-13,-3,20,-12,-11,29,-429,141,23,-193,62,-18,-12,-29,-2,366,249,2,-88,-13,-15,16,150,-338,-324,-8,-70,-19,-14,37,25,-2,-200,88,-380,-17,-13,-21,36,-87,-15,3,-6,19,34,-5,10,2,15,4,-1,-12,-15,-3,13,2,21
4.7000,45,5,-5,-17,329,-56,-31,-77,-5,17,0,-6,104,-408,162,6,-217,5,-1,-17,-90,17,320,256,3,-52,-5,-15,38,174,-258,-270,21,-87,-6,-17,46,22,-2,-219,98,-401,-5,-12,13,30,-51,42,5,-4,25,62,-2,9,2,22,7,-2,-2,-12,-1,12,-5,13
4.7200,49,-25,3,-9,272,-119,-51,-133,-5,13,6,-3,170,-367,170,-3,-228,-46,8,-12,-149,30,252,260,14,-21,2,-12,58,189,-172,-194,55,-103,-1,-15,54,21,-2,-227,113,-387,1,-7,40,26,-6,97,7,-9,25,72,-4,4,1,13,4,-5,6,-11,5,20,-2,15
4.7400,50,-50,7,-11,195,-182,-65,-178,-3,12,7,1,223,-293,165,-13,-221,-96,9,-10,-194,32,170,245,12,25,6,-8,68,176,-94,-106,81,-113,6,-9,48,24,-3,-224,120,-357,5,-9,65,32,37,143,4,-5,32,89,-1,0,2,18,10,-1,7,-6,0,15,1,19
4.7600,54,-77,6,-8,119,-233,-81,-208,-8,4,7,5,267,-206,145,-17,-202,-140,9,-2,-227,40,76,216,19,74,9,-1,77,160,-13,-11,103,-120,9,-10,51,26,-12,-204,117,-304,7,-4,88,23,79,181,5,-4,26,98,0,7,-1,19,5,-7,2,-4,2,18,-5,17
4.7800,52,-96,9,-8,29,-266,-73,-228,-6,1,11,13,291,-100,112,-21,-172,-168,10,2,-239,44,-16,174,27,107,8,-2,72,124,54,73,120,-116,10,3,51,29,-22,-163,112,-239,7,1,103,21,128,206,6,-1,24,92,-4,2,0,21,4,-4,5,2,-1,20,3,15
4.8000,50,-105,11,4,-53,-281,-67,-226,-4,2,11,23,292,3,69,-18,-124,-188,11,3,-235,46,-100,123,31,144,11,10,63,83,102,155,121,-105,12,6,45,26,-24,-112,94,-168,12,10,109,15,160,226,4,-5,18,92,-7,2,-2,16,3,-11,12,7,-6,16,6,18
4.8200,45,-108,15,11,-127,-271,-62,-205,-4,-4,18,32,276,108,12,-10,-69,-202,16,11,-220,45,-180,58,45,166,21,19,53,31,140,217,111,-91,13,15,46,23,-31,-59,75,-89,21,21,107,11,188,228,7,-4,13,80,-3,3,-3,14,2,-5,14,16,2,17,0,17
4.8400,44,-103,26,20,-182,-249,-47,-172,-7,-2,25,44,242,188,-49,-2,-10,-202,20,26,-187,38,-235,-2,38,179,29,28,40,-28,165,271,96,-63,19,18,44,28,-39,11,46,-10,20,29,103,15,193,222,5,-6,11,66,-3,1,3,18,3,-7,24,22,1,17,6,17
4.8600,41,-87,34,27,-216,-205,-33,-127,-2,-5,40,45,192,251,-108,0,51,-193,31,32,-139,29,-266,-56,42,177,37,31,29,-90,169,293,83,-36,30,27,43,29,-39,73,17,59,36,34,80,11,194,203,8,-2,8,46,-7,5,-4,17,4,-2,32,37,-1,12,-1,18
4.8800,46,-63,41,36,-231,-150,-23,-71,-3,-4,46,51,128,283,-167,7,117,-168,36,42,-91,27,-289,-105,43,164,42,36,18,-151,163,299,51,0,43,38,36,24,-38,139,-15,117,46,38,48,8,177,178,2,-3,1,31,-3,5,3,16,4,-1,46,38,2,14,4,18
4.9000,41,-34,49,35,-217,-83,-20,-15,-2,-9,52,51,64,291,-218,7,172,-140,44,43,-29,18,-287,-141,39,128,55,45,19,-197,136,281,34,27,48,42,42,15,-33,196,-52,153,51,45,19,3,143,148,2,-8,4,12,1,2,2,17,3,-5,51,46,-3,14,1,14
4.9200,46,7,52,39,-192,-12,-21,47,9,-11,54,50,-3,273,-255,16,222,-112,52,45,28,19,-260,-163,24,94,54,38,21,-237,104,250,21,67,50,42,42,16,-29,244,-86,173,54,43,-24,6,105,115,5,-9,7,-5,-3,7,-3,17,10,-7,54,45,0,18,2,16
4.9400,43,38,51,40,-145,53,-23,95,7,-10,55,47,-62,235,-285,11,259,-78,53,42,87,18,-217,-161,12,49,49,36,15,-263,69,207,22,101,55,41,41,17,-12,282,-112,179,51,39,-57,1,56,73,7,-5,8,-20,-1,7,2,19,10,0,53,39,2,15,2,16
4.9600,49,73,48,38,-100,110,-21,142,10,-13,50,40,-116,184,-283,8,278,-42,52,42,131,17,-169,-149,-3,1,48,37,17,-271,41,158,31,126,49,37,46,13,-1,299,-134,169,48,35,-93,-2,5,47,4,-4,15,-26,1,14,-2,21,0,-3,49,35,-1,14,4,19
4.9800,58,101,47,35,-57,161,-12,178,7,-18,44,35,-157,132,-268,-7,288,-11,49,36,162,27,-111,-113,-26,-47,45,27,14,-256,13,96,48,144,48,35,57,12,22,306,-147,150,39,28,-124,-2,-44,9,10,-2,10,-28,3,12,0,16,5,-5,43,32,0,13,3,15
5.0000,65,127,40,35,-18,190,-5,196,8,-26,33,30,-184,83,-245,-18,280,16,33,31,183,38,-56,-74,-53,-88,36,20,1,-229,-8,49,65,154,39,26,57,14,42,295,-152,123,31,22,-147,-6,-87,-22,5,-1,18,-29,4,11,7,16,4,-5,31,26,7,15,-3,18
5.0200,72,148,29,30,3,209,2,199,12,-28,25,23,-197,44,-199,-45,259,46,27,24,187,55,-6,-30,-77,-124,27,15,-12,-186,-17,-4,81,154,30,21,70,8,77,271,-149,97,24,21,-169,-15,-127,-47,3,-5,14,-22,5,14,8,15,9,-3,27,26,2,10,-6,17
5.0400,80,155,18,23,19,217,9,193,10,-36,12,13,-204,10,-143,-63,225,64,17,18,174,80,33,15,-104,-147,13,10,-22,-128,-23,-44,97,149,15,15,79,8,94,234,-142,69,15,12,-172,-22,-149,-76,5,-2,12,-11,4,10,7,15,6,-1,13,20,-1,12,-1,19
5.0600,86,164,6,18,26,213,25,172,11,-39,-5,2,-197,-8,-81,-87,185,88,4,13,156,105,71,53,-123,-159,0,9,-36,-67,-24,-61,103,132,3,13,84,6,125,191,-123,47,-1,12,-169,-27,-163,-92,4,1,7,6,5,17,7,15,7,2,1,10,2,12,-3,19
5.0800,98,157,-5,11,26,199,32,137,7,-52,-17,-1,-184,-18,-9,-107,135,104,-4,8,129,121,90,82,-148,-155,-10,-3,-40,2,-20,-73,102,114,-7,4,89,8,147,148,-103,30,-10,11,-160,-40,-166,-109,3,-4,0,11,9,17,5,17,7,-4,-6,6,0,9,1,20
5.1000,98,144,-17,12,22,180,33,103,3,-62,-25,-2,-158,-25,61,-125,91,121,-13,5,89,145,97,106,-166,-151,-22,-3,-43,70,-21,-77,97,97,-19,4,98,12,168,98,-86,12,-25,4,-144,-43,-157,-121,6,-3,-10,17,11,19,9,22,6,-2,-23,0,-2,10,1,18
5.1200,102,119,-29,8,18,155,39,60,1,-64,-36,-11,-138,-23,123,-145,43,136,-27,-7,50,166,96,116,-176,-129,-34,0,-41,131,-17,-79,87,77,-29,0,96,14,183,58,-65,-4,-37,-2,-116,-50,-133,-130,5,-5,-10,25,11,21,3,17,5,-4,-35,-2,3,13,2,18
5.1400,107,91,-38,6,24,130,31,23,1,-73,-48,-19,-112,-28,177,-151,-1,145,-37,-3,7,175,97,120,-178,-105,-44,-6,-33,183,-19,-65,74,57,-41,-6,94,15,188,5,-48,-19,-48,-5,-83,-63,-107,-136,5,-5,-20,24,8,15,4,15,7,-4,-46,-6,-2,8,-2,17
5.1600,100,67,-49,3,26,100,24,-6,-6,-76,-56,-16,-85,-31,218,-159,-33,147,-45,-4,-25,181,86,112,-172,-81,-53,-4,-27,226,-22,-60,53,37,-49,-11,94,17,186,-26,-35,-33,-57,-8,-61,-64,-76,-139,9,-4,-26,22,8,17,2,16,6,-5,-48,-5,1,16,-2,17
5.1800,91,36,-54,3,40,76,17,-38,-10,-80,-60,-14,-55,-36,243,-147,-64,156,-57,-7,-56,182,83,98,-161,-49,-56,-5,-21,251,-15,-59,43,27,-53,-2,82,21,178,-62,-21,-54,-54,-9,-22,-70,-53,-145,6,-4,-31,17,8,15,-1,15,4,-8,-51,-7,-1,12,0,18
5.2000,77,5,-62,4,47,48,11,-61,-13,-81,-64,-14,-29,-37,257,-128,-87,152,-58,-5,-78,169,67,82,-139,-24,-57,-2,-6,263,-21,-51,27,14,-58,-3,69,22,153,-86,-8,-65,-59,-3,10,-69,-16,-138,4,-4,-40,11,7,21,-3,16,3,-3,-56,-4,0,7,3,12
5.2200,59,-28,-55,6,57,21,-2,-74,-19,-80,-61,-11,-9,-47,254,-106,-100,145,-64,-5,-90,153,62,62,-116,-4,-61,4,-2,259,-19,-43,20,0,-55,3,55,30,133,-104,-1,-83,-61,2,37,-71,3,-125,5,-2,-43,7,5,21,-4,17,5,-4,-58,1,-1,7,2,19
5.2400,40,-56,-57,7,68,-2,-4,-82,-19,-75,-56,-6,21,-50,245,-71,-110,137,-56,4,-100,117,55,46,-79,15,-56,8,4,247,-23,-39,8,-6,-62,2,29,34,97,-107,11,-103,-59,6,69,-63,22,-115,5,-5,-49,4,-1,17,-8,16,11,-3,-62,4,-3,12,5,17
5.2600,17,-85,-55,15,71,-25,-9,-81,-23,-69,-59,1,44,-51,218,-30,-115,115,-60,4,-93,76,59,21,-43,23,-50,16,12,227,-16,-35,-5,-15,-57,9,6,39,65,-104,17,-118,-52,10,94,-55,37,-96,9,-2,-51,13,3,23,-9,14,7,1,-52,10,-1,14,5,15
5.2800,-8,-105,-51,12,75,-45,-7,-72,-27,-57,-53,2,64,-50,189,15,-109,99,-56,8,-89,40,47,5,-6,37,-48,19,9,198,-15,-32,-10,-21,-47,5,-14,45,22,-105,21,-127,-46,19,110,-44,42,-69,9,-5,-50,15,1,26,0,17,5,-1,-53,13,-4,16,4,17
5.3000,-35,-116,-44,14,70,-61,-8,-57,-38,-48,-47,2,76,-43,153,60,-95,68,-43,6,-69,-10,38,-6,32,38,-41,20,13,160,-7,-27,-16,-27,-48,15,-47,50,-18,-99,31,-125,-44,9,130,-30,48,-41,8,0,-46,18,0,22,-6,13,3,-7,-43,13,1,20,5,15
5.3200,-59,-132,-41,11,61,-77,-9,-42,-38,-32,-37,3,92,-40,110,102,-87,42,-40,9,-54,-53,36,-17,61,35,-35,25,9,121,5,-20,-18,-32,-40,8,-69,52,-49,-85,38,-127,-39,11,140,-14,48,-14,9,-3,-40,23,-1,22,-6,11,3,-1,-37,13,1,11,2,15
5.3400,-84,-143,-32,12,51,-90,-3,-25,-37,-19,-34,5,103,-38,76,148,-79,21,-37,8,-39,-99,32,-12,96,34,-29,17,4,88,9,-9,-27,-41,-35,9,-93,57,-89,-75,41,-125,-33,11,151,3,44,13,6,-3,-43,24,-2,20,-5,11,4,-3,-33,12,-2,11,1,18
5.3600,-107,-147,-31,9,35,-95,1,-2,-42,-1,-30,6,107,-25,32,186,-63,-11,-29,12,-17,-141,24,-9,122,31,-25,18,-3,44,18,0,-37,-48,-32,10,-111,59,-119,-60,45,-110,-30,9,155,16,43,43,3,-5,-43,32,-3,17,-7,16,7,-3,-31,6,-1,12,2,18
5.3800,-123,-149,-26,10,20,-97,9,15,-44,16,-27,5,113,-19,-11,214,-53,-30,-29,3,7,-167,9,-6,147,24,-23,15,-7,5,18,14,-40,-48,-24,11,-137,67,-143,-44,52,-95,-23,4,153,42,38,63,1,1,-33,38,-2,19,-8,16,3,-7,-30,8,-1,13,1,15
5.4000,-139,-138,-31,6,8,-94,15,31,-43,32,-21,6,107,-13,-52,239,-40,-53,-26,9,17,-200,-2,8,168,24,-18,15,-16,-32,14,27,-49,-49,-26,8,-161,60,-165,-32,49,-83,-23,4,138,51,35,89,5,-2,-20,38,-3,17,-7,13,2,-6,-22,9,6,14,4,16
5.4200,-155,-121,-25,5,-5,-91,20,39,-38,47,-21,3,102,-5,-84,251,-31,-67,-20,7,33,-212,-13,18,177,19,-20,21,-17,-67,14,39,-49,-51,-26,7,-161,60,-176,-19,48,-61,-23,8,123,71,29,97,1,-4,-22,40,-1,16,-8,11,6,-4,-19,10,1,13,-4,15
5.4400,-166,-105,-20,6,-14,-83,22,53,-34,60,-15,6,95,1,-111,252,-20,-81,-21,7,45,-222,-25,29,179,16,-9,17,-26,-99,2,51,-54,-51,-21,11,-168,57,-189,-9,48,-41,-17,10,103,83,22,111,5,-8,-16,43,-1,20,-5,16,3,-2,-17,6,-1,17,3,12
5.4600,-162,-84,-22,8,-20,-71,29,59,-20,76,-9,11,79,12,-136,250,-13,-86,-16,17,48,-219,-33,37,175,10,-16,17,-31,-127,-5,64,-52,-52,-18,16,-167,46,-185,0,49,-29,-14,14,75,97,22,114,7,-5,-9,45,0,19,1,18,6,-2,-16,15,-4,14,1,16
5.4800,-153,-59,-23,7,-17,-56,35,66,-12,82,-10,12,64,15,-154,235,-6,-94,-16,11,57,-210,-51,54,170,7,-11,18,-29,-142,-15,68,-52,-50,-16,15,-161,39,-177,5,45,-9,-20,10,51,105,14,117,4,0,-13,39,0,17,-1,15,7,0,-16,18,4,14,2,17
5.5000,-139,-38,-21,9,-21,-44,36,64,-5,89,-15,17,51,17,-170,209,1,-94,-15,13,54,-194,-52,65,151,6,-17,17,-33,-154,-24,73,-47,-44,-15,13,-145,26,-163,12,43,3,-17,12,28,112,15,120,5,-2,-12,38,1,17,2,24,5,-5,-14,16,1,18,-2,20
5.5200,-120,-8,-15,7,-15,-24,37,57,12,93,-16,16,34,15,-179,180,6,-96,-17,20,51,-162,-58,66,128,10,-17,22,-31,-153,-32,76,-39,-41,-17,17,-123,14,-146,24,37,18,-15,16,-5,117,9,114,3,-3,-22,34,-7,13,0,17,9,-7,-15,20,2,15,-2,15
5.5400,-95,17,-21,7,-4,-10,36,60,22,88,-14,23,19,18,-173,138,13,-86,-14,20,48,-130,-63,76,96,3,-19,21,-30,-159,-42,72,-21,-39,-13,17,-96,1,-116,20,35,20,-19,14,-29,114,12,106,6,-4,-15,31,-6,16,0,17,3,-1,-17,18,3,11,0,15
5.5600,-70,42,-19,9,2,6,30,43,33,83,-18,23,3,13,-167,95,17,-83,-21,23,34,-86,-58,79,68,1,-14,16,-31,-152,-48,73,-13,-34,-17,20,-70,-6,-85,28,24,36,-18,17,-60,110,10,103,7,-1,-22,23,-6,9,-3,21,1,-6,-16,16,-1,19,3,12
5.5800,-36,62,-18,7,12,22,31,36,54,77,-17,19,-11,15,-156,50,25,-77,-16,23,27,-40,-61,82,30,2,-21,18,-32,-139,-57,68,7,-25,-16,16,-35,-22,-46,30,21,41,-14,15,-73,102,8,93,1,-4,-19,18,-7,10,-1,26,4,1,-16,18,1,14,4,18
5.6000,-5,75,-15,12,23,33,35,31,61,71,-16,24,-23,12,-135,9,21,-71,-17,21,12,0,-54,83,-8,-1,-23,11,-27,-119,-59,67,19,-18,-16,17,3,-35,-4,32,16,47,-14,15,-87,93,1,78,1,1,-26,20,-5,5,-2,23,7,0,-17,17,4,17,0,16
5.6200,34,81,-20,9,28,43,25,16,67,53,-12,24,-34,12,-110,-37,24,-54,-16,26,3,45,-47,84,-42,-1,-17,12,-24,-91,-61,62,35,-12,-14,13,30,-46,35,35,13,54,-13,14,-94,78,3,67,5,2,-20,12,-4,7,3,20,4,-2,-16,14,1,18,-5,16
5.6400,59,94,-14,5,32,51,22,11,75,38,-10,23,-36,16,-84,-74,22,-43,-18,24,-1,87,-42,78,-77,-4,-17,8,-20,-61,-61,54,50,-13,-12,11,66,-57,75,32,2,55,-9,13,-97,68,7,55,7,-2,-23,12,-7,11,2,23,4,-4,-11,18,0,15,1,13
5.6600,89,89,-11,4,43,56,12,3,78,23,-2,23,-48,17,-51,-108,25,-29,-11,23,-15,121,-34,72,-111,-1,-9,9,-15,-34,-59,44,54,-7,-12,15,91,-65,105,34,3,58,-3,16,-96,49,3,38,7,-1,-16,7,-7,12,2,26,6,-3,-8,15,-1,14,0,16
5.6800,107,85,-6,8,41,58,4,-6,78,5,-1,20,-42,17,-18,-140,18,-14,-3,18,-26,154,-23,65,-128,-3,-8,5,-10,-8,-53,36,59,-1,-11,14,110,-59,129,29,2,57,-2,15,-89,23,-2,21,5,-5,-10,6,-9,7,5,23,3,-2,-3,11,0,17,1,14
5.7000,118,78,-1,4,40,60,1,-15,74,-5,5,14,-49,14,7,-155,20,1,2,13,-34,180,-19,55,-141,-5,-3,4,-5,27,-52,28,64,1,-4,10,124,-64,144,35,-6,61,1,15,-75,8,-4,8,6,-3,-5,5,-9,8,3,19,10,1,0,8,4,16,-3,16
5.7200,128,63,6,4,43,62,-5,-24,66,-28,11,16,-46,12,32,-168,12,17,-1,18,-39,197,-4,45,-145,-11,5,1,3,58,-48,20,62,9,4,8,130,-55,155,27,-10,59,6,10,-63,-11,-13,-9,5,-5,5,4,-2,7,7,23,4,-6,2,9,1,17,-3,18
5.7400,129,44,7,1,42,58,-5,-25,59,-35,17,13,-47,9,61,-174,12,27,9,11,-37,202,-6,36,-135,-13,8,-3,3,83,-38,10,59,8,9,2,130,-41,150,28,-12,56,13,10,-46,-22,-17,-24,5,-3,9,6,-7,8,10,21,6,-4,12,4,3,18,-2,22
5.7600,123,27,13,3,35,57,-4,-25,47,-51,13,6,-45,6,83,-165,11,37,10,11,-43,207,11,24,-124,-14,7,2,3,100,-25,-2,53,14,10,2,123,-33,138,26,-15,50,9,10,-26,-32,-13,-31,-1,-4,16,5,-7,7,2,23,7,0,10,7,-4,18,-4,19
5.7800,110,12,14,3,32,60,-12,-24,40,-56,15,10,-42,-5,102,-151,4,49,14,10,-40,194,19,10,-104,-21,14,-6,0,116,-13,-8,56,22,12,4,112,-20,125,16,-20,41,13,8,-13,-44,-20,-40,9,-6,25,3,1,17,7,20,7,-1,16,-2,0,15,-3,19
5.8000,100,-6,12,-1,25,55,-5,-23,25,-65,18,7,-43,-9,113,-137,0,60,22,10,-38,176,32,-4,-83,-26,14,-6,5,130,0,-17,42,25,19,2,95,-13,97,18,-24,35,17,15,8,-49,-22,-49,3,-5,27,1,-3,10,7,20,4,1,20,6,-2,13,3,14
5.8200,78,-24,16,6,23,54,-3,-19,17,-67,19,10,-34,-13,119,-113,4,61,17,6,-34,155,37,-15,-57,-30,16,0,0,136,8,-23,44,25,17,5,79,-3,72,13,-23,22,13,11,21,-50,-20,-46,6,-12,22,2,-2,16,9,16,2,3,20,3,-3,18,-8,16
5.8400,61,-33,22,6,15,49,-5,-8,5,-66,18,10,-38,-19,123,-88,1,60,17,7,-30,132,47,-21,-23,-32,15,3,-1,130,25,-32,46,28,16,3,55,11,47,7,-28,10,9,11,35,-50,-29,-49,6,-4,27,3,0,13,6,22,5,-4,13,7,-5,17,1,20
5.8600,40,-47,18,12,19,51,-1,-5,0,-64,15,6,-34,-22,115,-58,-4,58,14,7,-19,104,56,-27,9,-28,12,2,4,126,33,-37,36,31,10,4,33,22,12,3,-28,-2,15,19,47,-49,-30,-46,5,-8,17,5,6,12,9,19,2,1,11,12,0,16,1,16
5.8800,20,-61,16,14,16,42,-7,5,-8,-58,8,11,-31,-21,110,-31,-5,54,6,12,-12,76,58,-33,31,-33,6,8,-2,119,39,-34,36,24,13,8,14,23,-18,6,-28,-17,10,19,51,-41,-26,-33,1,-12,8,7,-3,10,2,18,4,-1,6,10,-2,17,-1,20
5.9000,-3,-56,7,13,19,42,-9,16,-11,-52,2,13,-26,-25,101,-4,-3,44,5,11,-1,44,56,-36,58,-31,3,4,6,105,40,-36,33,25,4,10,-10,29,-45,2,-21,-23,9,16,59,-37,-27,-27,4,-8,4,10,1,13,3,16,7,-6,1,5,-4,15,3,20
5.9200,-14,-57,3,16,17,35,-6,21,-18,-43,-4,16,-23,-17,86,23,-8,31,-1,13,3,18,49,-39,80,-34,-2,6,5,90,42,-33,30,23,-3,13,-33,41,-69,2,-22,-31,-5,20,53,-31,-27,-17,8,-15,-3,16,7,11,5,18,1,-8,-7,16,1,13,-1,20
5.9400,-36,-56,-3,17,20,27,-8,32,-21,-38,-14,15,-18,-17,65,47,-5,24,-10,11,10,-3,49,-37,87,-26,-8,9,6,76,39,-23,24,22,-6,6,-45,35,-88,1,-20,-42,-11,20,48,-29,-24,1,4,-11,-11,23,4,13,3,14,5,-1,-7,15,-5,15,-1,16
5.9600,-51,-51,-8,17,22,22,-11,32,-20,-26,-16,14,-7,-12,48,70,-6,9,-12,13,15,-23,37,-41,101,-27,-12,14,8,55,37,-13,19,12,-10,14,-71,42,-96,0,-18,-44,-16,21,50,-15,-17,13,4,-9,-13,28,2,10,2,15,7,-6,-14,14,-1,8,3,19
5.9800,-68,-47,-11,21,25,9,-12,38,-21,-20,-15,10,1,-10,27,81,-8,-2,-16,1,24,-45,26,-33,106,-21,-11,14,5,38,29,-1,12,15,-9,21,-88,39,-105,6,-14,-42,-13,17,40,-4,-7,27,5,-8,-15,36,1,11,10,17,6,-5,-13,17,-3,15,6,16
6.0000,-81,-38,-10,17,17,8,-12,44,-22,-8,-18,13,7,-12,11,91,-8,-10,-16,7,23,-58,14,-26,108,-8,-14,8,7,24,18,8,3,12,-10,13,-89,38,-111,7,-13,-47,-19,17,26,6,-2,37,7,-6,-18,35,2,13,2,11,4,-2,-9,14,-5,10,2,20
6.0200,-91,-24,-9,16,17,5,-7,47,-19,1,-20,9,11,-1,-5,102,-4,-25,-20,6,32,-70,7,-20,106,-1,-9,14,5,6,15,20,-3,3,-11,16,-101,41,-108,9,-8,-41,-13,14,13,11,6,46,6,-12,-15,46,0,16,1,14,5,-6,-13,14,-2,9,2,21
6.0400,-99,-14,-10,17,9,-5,-4,46,-18,7,-15,11,17,-4,-18,111,-2,-32,-14,2,32,-76,-8,-7,99,7,-9,16,-3,-9,8,34,-5,7,-12,13,-109,36,-107,12,-8,-41,-13,10,6,28,17,51,4,-7,-13,43,3,18,4,15,7,-6,-7,10,-3,11,0,16
6.0600,-101,-6,-8,14,9,-11,11,47,-10,20,-15,9,23,-2,-33,106,3,-35,-17,9,28,-80,-16,2,94,18,-9,13,-5,-20,5,44,-17,0,-18,17,-106,26,-97,15,-5,-35,-9,12,-6,33,24,52,11,-7,-19,45,1,14,-2,12,2,-3,-11,10,-2,12,1,14
6.0800,-99,2,-11,17,6,-16,8,47,-9,29,-16,7,28,-1,-35,107,6,-28,-9,4,30,-84,-32,15,83,24,-7,10,-16,-26,-1,55,-19,3,-13,16,-106,27,-86,18,-6,-34,-10,9,-15,46,29,47,10,-2,-14,46,-1,17,4,10,9,-4,-11,13,1,13,2,16
6.1000,-90,12,-11,10,3,-16,15,42,-5,39,-17,7,27,9,-49,103,14,-33,-12,6,24,-76,-43,22,71,30,-10,10,-24,-36,-9,60,-18,3,-16,12,-97,26,-76,21,0,-32,-14,8,-19,53,38,53,14,-4,-10,43,-5,11,0,17,6,-6,-12,16,-7,10,2,17
6.1200,-79,18,-14,15,0,-18,23,34,6,42,-13,7,27,9,-56,99,10,-33,-15,0,19,-75,-50,35,63,37,-12,8,-27,-45,-9,67,-26,3,-13,16,-85,14,-67,27,-9,-28,-13,10,-29,60,48,46,5,-5,-7,44,0,12,4,12,1,-7,-12,10,0,10,2,19
6.1400,-69,24,-10,12,0,-18,28,32,11,53,-16,6,28,15,-59,96,18,-21,-16,3,20,-69,-51,41,50,39,-13,7,-31,-47,-13,67,-28,6,-9,10,-70,9,-52,30,-13,-23,-19,5,-31,75,46,38,14,-3,-13,40,-1,12,-1,11,-1,-3,-15,11,0,11,3,19
6.1600,-46,28,-14,5,-1,-17,34,29,19,52,-17,7,21,20,-61,87,21,-17,-14,0,12,-62,-51,48,38,38,-15,11,-39,-46,-17,65,-25,9,-14,15,-57,1,-41,34,-14,-23,-17,7,-32,74,49,31,12,-4,-9,32,-5,13,-1,12,3,-2,-19,7,0,11,3,16
6.1800,-31,24,-18,9,-7,-11,38,26,28,54,-18,9,22,24,-57,79,27,-11,-16,5,10,-53,-52,61,26,41,-16,11,-40,-45,-25,69,-25,9,-19,12,-36,-5,-31,45,-19,-26,-21,2,-32,76,49,16,11,-3,-12,25,1,14,-4,7,3,-3,-20,10,-1,11,-1,13
6.2000,-7,24,-20,4,0,-10,37,19,33,51,-24,9,13,28,-55,65,33,5,-20,2,-2,-44,-44,68,16,35,-22,11,-42,-50,-20,62,-23,11,-23,7,-15,-11,-18,42,-15,-23,-26,5,-33,72,44,10,10,-1,-17,30,-1,15,1,13,7,-6,-22,11,1,16,1,19
6.2200,9,18,-27,11,1,0,43,17,42,46,-31,10,11,27,-54,57,37,9,-23,5,0,-31,-36,73,1,35,-28,14,-42,-47,-27,51,-19,17,-20,11,9,-20,-3,51,-19,-19,-27,3,-26,64,45,-7,10,1,-20,21,-3,9,-1,12,4,-6,-27,3,-2,12,0,14
6.2400,28,16,-33,10,-2,7,39,13,47,42,-32,6,0,28,-52,44,40,20,-27,9,-4,-21,-34,75,-5,30,-31,15,-38,-39,-24,41,-13,21,-29,14,31,-27,10,50,-16,-21,-32,7,-19,59,41,-9,8,1,-23,21,-5,15,1,12,4,-1,-34,10,1,11,1,16
6.2600,48,6,-41,12,-3,13,38,8,53,29,-38,12,-1,30,-42,36,46,27,-33,6,-9,-14,-25,80,-21,25,-33,11,-44,-28,-19,36,-15,20,-34,16,45,-33,23,52,-23,-14,-44,9,-11,53,37,-18,10,0,-36,17,-3,14,-2,16,1,-3,-39,8,-2,10,3,16
6.2800,68,4,-42,14,-4,16,38,3,52,21,-38,10,-12,26,-42,19,39,37,-39,6,-11,2,-14,85,-33,23,-43,13,-29,-26,-29,23,-1,20,-39,15,67,-33,34,54,-24,-16,-43,8,-6,40,32,-30,9,-4,-39,19,0,9,2,9,4,-5,-45,11,-3,10,2,15
6.3000,84,-5,-47,11,-5,27,33,2,55,4,-43,10,-18,26,-30,12,42,45,-41,7,-11,12,-2,81,-39,15,-38,12,-27,-15,-21,16,5,25,-44,15,81,-37,47,52,-24,-14,-43,9,1,23,26,-39,5,-3,-44,14,5,15,0,12,6,-2,-43,9,-3,12,-2,17
6.3200,96,-4,-44,12,-7,31,27,-1,52,-8,-45,11,-20,23,-12,1,44,51,-44,9,-17,21,4,83,-49,11,-41,11,-25,-7,-23,7,11,19,-41,13,98,-41,57,51,-24,-13,-43,10,5,15,16,-44,11,-4,-43,14,3,14,1,20,5,-4,-42,12,1,17,6,17
6.3400,104,-10,-42,11,-6,31,27,-3,55,-19,-41,9,-26,13,-3,-6,39,58,-44,12,-16,31,16,85,-58,2,-38,14,-24,4,-17,3,12,26,-46,10,105,-33,64,49,-23,-13,-46,5,9,-4,14,-47,6,-3,-41,21,-1,15,-1,15,4,-2,-42,11,0,11,1,20
6.3600,113,-15,-46,13,-8,38,19,-3,53,-36,-40,11,-27,12,3,-14,38,58,-36,7,-18,40,18,83,-61,1,-41,16,-16,14,-15,-8,18,23,-38,12,113,-31,74,44,-24,-11,-43,5,15,-12,2,-47,6,-3,-43,16,2,12,0,17,5,-2,-38,10,-2,11,7,15
6.3800,112,-10,-39,10,-10,39,18,0,44,-40,-36,6,-23,9,11,-25,29,62,-38,8,-20,47,31,83,-66,-7,-34,8,-9,25,-10,-10,23,17,-40,5,116,-33,71,40,-20,-14,-41,7,19,-27,-3,-54,7,-3,-39,14,1,16,-1,18,8,-1,-35,15,2,15,3,12
6.4000,109,-18,-32,5,-11,38,10,-4,36,-47,-30,7,-21,-5,21,-28,25,60,-34,9,-16,52,28,76,-65,-11,-34,14,-6,33,-5,-15,24,17,-39,13,113,-23,76,33,-18,-13,-34,1,23,-38,-8,-50,5,0,-35,15,2,18,-1,14,6,-3,-32,11,5,12,2,17
6.4200,112,-15,-35,6,-13,39,6,0,31,-56,-24,6,-27,-3,29,-31,21,66,-29,11,-11,64,33,69,-60,-16,-29,8,-7,43,-1,-24,29,17,-34,5,109,-13,71,25,-16,-14,-26,3,22,-43,-18,-55,7,-1,-27,14,-4,19,-1,14,4,-2,-30,7,-3,14,-3,18
6.4400,100,-17,-25,5,-16,33,1,1,21,-62,-21,3,-22,-11,29,-37,11,62,-22,14,-10,61,38,70,-62,-30,-22,9,3,45,-2,-28,25,13,-27,4,98,-6,71,17,-13,-14,-23,4,17,-46,-25,-47,4,0,-24,13,1,18,-3,15,4,-3,-24,6,-2,14,-3,19
6.4600,98,-16,-19,8,-9,29,-8,4,6,-60,-17,7,-20,-11,39,-33,10,55,-17,8,-11,64,37,63,-58,-32,-18,6,3,48,-4,-26,27,14,-17,5,91,3,67,13,-8,-18,-21,2,16,-45,-31,-45,2,-2,-17,17,1,19,-5,18,5,0,-17,3,-1,14,1,16
6.4800,86,-11,-16,4,-10,32,-4,9,-9,-62,-11,10,-12,-18,40,-31,-3,52,-14,11,-2,64,39,59,-55,-36,-15,6,0,55,0,-29,31,10,-12,2,78,20,57,3,-10,-21,-13,4,10,-51,-37,-39,3,-2,-8,11,-1,14,6,16,5,-1,-18,5,-2,13,-2,15
6.5000,71,-4,-9,3,-5,28,-11,14,-18,-58,-8,7,-15,-18,38,-34,-8,49,-16,11,1,59,44,56,-39,-38,-14,8,7,52,-1,-28,24,11,-11,2,64,35,59,-5,-5,-22,-1,6,4,-46,-41,-30,6,-2,-6,6,1,20,-1,14,6,-5,-8,6,0,13,-2,16
6.5200,54,-8,-6,5,-1,24,-10,17,-30,-53,2,7,-9,-16,38,-24,-12,44,-3,7,1,58,44,51,-34,-43,-3,7,10,54,-8,-31,24,11,-3,-2,51,47,49,-7,-6,-23,-5,5,0,-42,-41,-21,7,4,3,3,2,16,1,16,10,-2,-5,1,3,13,-3,20
6.5400,39,-3,-5,10,8,21,-17,20,-48,-48,4,7,-11,-16,35,-22,-16,35,-1,4,8,48,43,42,-27,-43,-3,7,11,50,-7,-22,20,9,-2,7,39,66,37,-12,-7,-21,1,7,-7,-30,-41,-16,0,1,2,-5,0,15,-3,20,10,-3,2,9,-3,18,-4,19
6.5600,26,2,5,8,13,15,-17,19,-61,-40,6,7,-4,-8,40,-6,-24,24,1,11,8,46,38,40,-19,-39,3,7,12,43,-8,-23,22,5,0,2,16,75,28,-18,-3,-17,3,3,-9,-27,-45,-4,3,3,4,0,1,20,-1,16,3,-1,4,7,1,17,-4,19
6.5800,15,11,11,7,20,14,-12,25,-77,-30,9,4,-1,-14,33,-3,-22,21,6,11,12,36,38,35,-15,-43,4,7,11,47,-8,-21,16,2,7,3,1,94,21,-16,-4,-23,5,9,-14,-14,-46,0,4,3,14,-2,-5,14,-1,22,8,1,5,7,3,13,4,14
6.6000,-1,12,6,7,26,13,-10,27,-86,-23,13,7,4,-14,34,-1,-23,9,10,9,13,27,29,31,-5,-49,8,7,7,43,-10,-16,15,3,10,2,-10,106,12,-15,-1,-20,12,3,-18,-3,-43,10,4,2,10,3,0,15,-2,20,8,0,9,7,0,15,0,12
6.6200,-17,18,12,6,34,5,-10,29,-95,-11,14,14,6,-14,23,11,-22,4,14,11,15,23,22,25,0,-47,10,9,10,46,-11,-8,11,5,9,5,-26,116,1,-15,0,-18,10,11,-21,6,-42,20,1,-4,14,-2,2,16,0,22,3,-1,8,7,1,15,0,14
6.6400,-23,25,11,3,40,9,-5,31,-105,0,11,6,11,-15,23,20,-20,-7,13,12,16,17,21,21,8,-36,10,8,4,38,-18,-3,11,6,11,3,-31,123,-3,-18,4,-20,16,11,-27,16,-41,25,3,2,14,2,-7,19,-3,14,5,-1,9,13,-1,16,4,9
6.6600,-34,25,14,11,40,6,0,33,-102,5,10,11,8,-17,17,27,-22,-12,13,9,13,11,17,17,14,-34,10,7,-4,36,-17,2,16,-3,12,5,-42,124,-7,-14,1,-16,12,11,-29,26,-36,30,4,2,16,3,-5,14,2,16,8,-1,11,11,0,18,-3,16
6.6800,-38,26,13,8,50,4,1,30,-100,15,15,7,9,-17,8,31,-21,-13,12,13,13,0,12,14,18,-36,12,12,-6,26,-25,4,15,-1,13,7,-45,122,-16,-14,2,-18,14,9,-32,36,-30,36,2,-5,8,8,-6,14,-3,17,8,-1,11,13,0,21,0,11
6.7000,-42,31,12,8,52,7,7,30,-98,21,19,9,13,-19,5,35,-15,-19,13,8,16,-2,3,12,19,-32,8,10,-10,19,-25,11,23,-1,15,7,-50,119,-13,-12,2,-15,18,9,-35,34,-32,39,3,-5,16,13,-3,19,-3,18,6,-2,11,8,-5,14,-7,15
6.7200,-45,29,16,11,53,5,9,21,-85,26,12,10,5,-18,4,39,-18,-22,8,8,10,-8,1,9,20,-26,8,8,-16,21,-33,16,26,3,11,8,-48,117,-21,-5,0,-18,13,10,-33,43,-23,46,7,-1,13,16,-2,15,-1,15,-1,-2,13,14,-5,20,0,18
6.7400,-45,28,11,7,58,2,8,27,-79,31,16,7,7,-23,0,40,-9,-29,10,9,11,-4,-6,8,20,-25,14,8,-16,19,-34,21,31,-3,14,8,-54,101,-25,-5,1,-23,13,13,-30,43,-18,45,5,-5,21,18,-5,12,-5,14,7,-1,18,9,-1,14,-1,17
6.7600,-43,26,21,6,60,7,13,21,-64,26,7,8,4,-18,0,43,-9,-30,12,9,8,-8,-6,12,22,-15,14,11,-19,14,-46,22,35,4,15,1,-54,94,-19,-2,-3,-28,23,10,-33,44,-15,51,1,-5,14,16,-5,12,-3,17,3,2,8,8,-3,14,1,14
6.7800,-39,25,12,6,67,5,22,18,-49,24,11,10,5,-24,-5,41,-3,-32,10,9,5,-7,-13,13,20,-10,11,12,-20,10,-45,28,43,3,10,3,-48,80,-18,2,-9,-28,11,12,-28,45,-5,52,1,-6,14,26,-6,12,1,12,0,0,6,11,-2,13,0,17
6.8000,-38,16,12,5,66,12,18,8,-32,23,13,11,1,-28,-7,36,2,-29,12,10,-3,-6,-17,11,12,-6,7,7,-24,13,-51,32,52,3,12,4,-40,56,-9,9,-10,-25,5,16,-28,44,0,50,6,-2,10,30,-3,13,5,13,2,-1,7,12,-1,15,-3,14
6.8200,-34,13,9,9,62,16,20,13,-14,22,10,14,-5,-25,-6,35,-1,-29,7,14,-4,-4,-14,15,12,7,2,10,-23,10,-56,37,59,5,8,10,-41,40,-13,13,-8,-29,7,12,-21,36,3,53,6,-5,6,33,-4,13,2,9,7,-4,8,10,2,17,-3,21
6.8400,-30,9,6,8,60,19,20,7,-1,16,5,13,-11,-30,-8,29,0,-31,6,11,-12,0,-19,18,8,8,5,14,-22,2,-55,37,61,9,8,14,-35,29,-6,13,-9,-31,7,13,-15,34,13,50,3,1,3,35,2,11,0,17,4,-1,2,13,-2,16,3,15
6.8600,-25,8,-1,8,61,21,16,10,17,14,-3,15,-12,-30,-6,25,-1,-31,-1,9,-8,4,-23,15,7,15,4,14,-21,5,-59,40,69,11,5,12,-33,7,-9,12,-10,-31,-1,17,-7,27,17,50,4,-3,1,35,-2,14,2,16,1,-1,2,18,-6,14,-2,12
6.8800,-21,-1,-1,12,55,20,20,2,30,9,1,15,-9,-25,-9,18,9,-28,-4,15,-14,7,-27,22,7,15,-2,13,-20,10,-58,37,73,10,1,12,-24,-13,-8,16,-12,-36,-2,17,-2,20,23,44,10,-2,-2,35,3,17,0,14,5,-4,-5,14,-5,12,0,15
6.9000,-23,0,-2,13,51,21,17,0,48,3,-1,20,-11,-31,-6,12,4,-28,-3,16,-17,17,-19,25,3,28,-1,12,-19,2,-61,38,83,11,1,15,-18,-29,-2,23,-11,-35,1,20,2,18,30,43,4,3,1,34,-3,13,-1,18,5,-3,-2,14,-2,14,0,19
6.9200,-13,-5,-4,13,51,25,12,0,57,-3,-7,15,-15,-25,-10,16,6,-23,-5,17,-17,17,-19,29,4,21,-2,12,-9,1,-61,36,88,17,-4,18,-21,-45,-2,23,-12,-43,0,12,11,9,32,38,4,-4,-3,36,-6,11,0,19,4,1,-3,19,-2,13,2,10
6.9400,-12,-19,-4,15,48,24,14,0,75,-8,-10,17,-11,-30,-5,11,5,-20,-3,18,-18,19,-16,32,2,28,-6,13,-15,8,-56,33,93,11,-3,16,-16,-58,-1,23,-9,-42,-7,13,15,4,36,33,4,-2,-7,33,-3,13,2,17,4,-3,3,17,-1,15,1,17
6.9600,-10,-20,-2,13,47,28,5,-5,85,-13,-10,17,-16,-27,-4,8,12,-14,-1,13,-16,21,-16,35,2,30,-6,13,-5,6,-61,31,94,15,-4,18,-20,-64,-3,22,-12,-50,-7,17,20,-1,41,24,3,0,-7,37,-3,13,-2,19,0,-5,-6,14,-1,12,2,19
6.9800,-16,-23,-9,11,43,26,4,-4,95,-17,-8,14,-17,-33,-6,9,11,-13,-8,8,-13,19,-12,41,9,32,-6,12,-6,4,-62,26,94,14,-6,16,-18,-71,-9,23,-18,-49,-6,9,21,-6,38,25,7,-5,-10,39,0,14,0,19,1,-5,-12,14,-1,12,2,19
7.0000,-7,-31,-10,14,46,27,3,-1,93,-20,-12,12,-19,-35,-7,5,15,-9,-10,14,-16,23,-6,45,12,37,-13,10,-2,9,-61,22,90,13,-9,10,-17,-79,-7,22,-15,-52,-8,14,29,-4,38,23,8,-1,-13,40,-1,14,0,14,3,-1,-9,11,0,17,-1,15
7.0200,-9,-35,-12,13,44,27,3,0,96,-15,-11,13,-14,-35,0,7,10,1,-10,15,-17,19,2,44,17,36,-15,9,-1,13,-60,20,94,14,-14,10,-19,-86,-16,24,-14,-53,-12,12,31,-5,39,17,3,-1,-12,32,-4,13,3,17,2,-5,-14,11,-3,14,0,17
7.0400,-10,-36,-9,13,46,25,-1,1,99,-17,-8,12,-11,-39,-3,11,15,-3,-13,16,-17,23,5,51,24,36,-10,13,-2,14,-55,14,89,11,-11,15,-16,-84,-17,23,-11,-55,-14,12,34,-3,41,14,3,-5,-15,35,0,16,3,16,2,0,-14,12,-5,11,1,14
7.0600,-10,-41,-11,11,42,28,-3,1,93,-15,-13,7,-13,-42,4,10,12,0,-15,8,-17,18,8,48,23,36,-8,9,4,16,-51,13,83,12,-12,15,-12,-84,-23,21,-15,-66,-11,7,44,-2,41,8,-1,0,-13,36,-2,8,0,18,2,-3,-8,8,-3,12,3,17
7.0800,-15,-39,-11,11,48,22,-8,-4,95,-15,-12,6,-17,-47,7,12,12,7,-15,12,-15,14,14,57,25,38,-15,9,5,16,-55,8,83,10,-12,13,-19,-80,-20,19,-13,-63,-12,14,39,0,37,4,1,1,-15,36,-2,15,1,20,5,-4,-14,11,-1,15,-1,20
7.1000,-15,-41,-14,11,46,22,-3,1,82,-12,-17,9,-13,-47,4,20,9,10,-12,11,-19,13,13,58,32,32,-14,8,9,13,-51,4,78,8,-13,8,-20,-77,-28,21,-13,-73,-15,12,38,5,40,4,2,-3,-11,35,6,14,-2,19,6,-4,-16,12,-1,14,4,16
7.1200,-11,-41,-12,12,50,25,-1,3,75,-9,-15,3,-7,-47,5,21,3,11,-18,13,-14,5,14,62,31,34,-17,9,5,17,-46,1,67,6,-18,12,-22,-68,-26,19,-11,-72,-20,5,37,4,38,-1,0,-6,-8,36,-2,14,5,18,5,0,-17,7,-2,13,6,18
7.1400,-16,-44,-16,13,46,20,-10,7,68,-7,-18,6,-6,-43,3,23,11,15,-17,12,-14,10,12,54,35,26,-19,10,5,18,-40,4,64,6,-17,7,-19,-57,-32,17,-8,-73,-13,8,35,10,35,1,-1,-4,-17,40,-1,10,4,15,2,-1,-13,12,-2,13,2,18
7.1600,-16,-42,-23,8,49,19,-4,9,53,-3,-20,5,-9,-42,8,29,1,17,-16,8,-7,10,14,58,35,22,-18,4,3,18,-37,3,57,7,-18,8,-18,-48,-29,12,-12,-70,-18,5,35,13,29,-3,0,-6,-15,36,-1,15,4,14,2,-1,-18,9,-4,13,-2,17
7.1800,-12,-38,-18,9,53,15,-11,3,44,3,-24,8,-4,-39,6,28,4,13,-19,6,-8,4,12,62,35,21,-16,8,1,16,-34,8,50,10,-21,6,-19,-29,-30,15,-8,-73,-14,7,30,19,31,-5,5,-4,-19,32,-1,10,1,18,2,1,-20,4,-3,13,3,16
7.2000,-15,-30,-23,8,54,19,-6,10,32,13,-22,5,-4,-35,5,29,3,22,-20,9,-8,1,13,64,36,22,-18,4,5,18,-31,8,49,10,-16,8,-17,-18,-24,17,-13,-75,-21,1,28,25,26,-2,3,-10,-18,36,1,14,5,17,8,-5,-21,5,5,14,5,10
7.2200,-16,-29,-23,7,51,13,-6,9,19,10,-18,5,-12,-34,2,33,2,17,-19,11,-6,-6,10,72,31,15,-16,4,3,19,-31,13,41,6,-23,9,-14,-11,-32,13,-13,-65,-25,8,21,28,23,-4,1,-1,-14,38,1,21,1,19,-1,-3,-17,8,-4,15,4,14
7.2400,-10,-17,-17,13,50,16,-4,10,7,14,-15,11,-4,-32,3,31,4,21,-20,5,1,-3,7,75,30,13,-16,6,-1,18,-29,7,40,12,-21,8,-13,-1,-25,11,-15,-66,-21,5,12,34,13,-1,6,-5,-18,39,-1,14,6,16,5,1,-18,4,-1,16,3,14
7.2600,-7,-16,-18,11,41,22,-6,9,-1,20,-19,5,-1,-33,2,30,5,17,-12,10,-3,-2,8,76,23,8,-15,7,3,14,-27,16,38,9,-18,6,-12,12,-20,11,-10,-60,-19,10,7,37,9,-6,-1,-3,-15,45,-2,13,2,19,2,2,-21,6,2,13,5,15
7.2800,-5,-5,-19,12,46,16,-2,13,-11,21,-18,10,-8,-25,5,39,3,19,-20,7,-1,-4,1,78,20,4,-19,13,2,12,-24,12,33,8,-20,3,-3,23,-17,10,-11,-59,-20,6,-3,37,6,-5,1,-3,-21,43,0,10,2,14,-2,-4,-16,9,-3,14,-2,17
7.3000,1,-3,-18,12,42,20,1,16,-13,23,-22,7,-6,-21,0,34,3,21,-19,6,-4,0,2,73,10,-1,-13,10,-4,14,-20,18,34,11,-20,5,-4,27,-10,15,-10,-58,-13,4,-7,39,3,-9,0,-3,-16,43,1,15,3,14,1,-5,-19,12,0,16,2,16
7.3200,3,4,-18,7,37,19,6,14,-17,22,-16,7,-12,-13,3,25,-1,22,-17,9,-1,0,-1,84,7,-8,-17,11,-4,14,-23,21,33,7,-16,5,1,43,-3,9,-4,-57,-17,13,-14,42,-3,-6,6,0,-14,45,3,11,-3,16,7,-5,-17,9,1,14,4,18
7.3400,9,11,-19,14,37,22,9,23,-21,26,-15,9,-8,-17,-1,26,1,21,-19,13,5,2,-3,85,6,-10,-21,13,-7,8,-24,18,31,5,-21,7,5,42,-1,6,-6,-53,-19,7,-16,44,-3,-9,2,-3,-18,45,-1,12,-1,16,4,-4,-18,5,0,16,4,17
7.3600,15,13,-21,10,40,20,10,24,-26,29,-17,14,-10,-12,2,24,-4,26,-17,10,4,4,-4,88,-1,-17,-20,9,-16,9,-24,19,31,6,-15,12,11,45,9,8,-10,-52,-19,13,-21,45,-8,-11,9,-7,-14,41,-2,15,-5,15,4,-4,-17,10,-1,12,1,14
7.3800,15,20,-17,12,39,23,19,19,-28,25,-20,16,-7,-14,-7,20,-2,23,-21,8,13,8,-7,90,-14,-11,-21,11,-20,8,-23,20,34,7,-17,12,17,50,13,6,-6,-48,-20,10,-28,43,-10,-8,11,-6,-19,49,4,17,3,16,0,-3,-22,12,1,16,2,13
7.4000,26,19,-18,14,37,17,15,24,-28,21,-18,13,-13,-16,3,18,-5,26,-11,11,10,14,-6,90,-19,-16,-17,12,-19,10,-24,22,34,4,-17,14,19,46,19,5,-7,-52,-17,9,-25,39,-13,-11,3,-3,-15,41,-3,12,0,15,2,-6,-18,10,-1,10,5,16
7.4200,25,21,-19,10,32,21,19,31,-27,13,-16,10,-13,-18,-4,15,-4,22,-16,7,8,16,-11,89,-20,-21,-16,13,-26,6,-26,19,36,6,-19,11,25,44,22,8,-8,-43,-18,9,-29,34,-13,-15,6,0,-18,44,-1,13,-1,13,8,0,-18,11,-2,9,0,16
7.4400,30,24,-18,11,37,21,26,31,-24,13,-17,10,-13,-14,-8,8,0,29,-15,11,12,18,-2,83,-22,-18,-15,12,-23,10,-19,17,41,2,-15,13,29,46,27,9,-4,-44,-16,12,-27,34,-14,-14,8,-6,-14,41,-2,11,-2,14,6,-7,-24,12,2,13,3,20
7.4600,35,26,-18,13,33,18,25,23,-18,13,-18,12,-10,-19,-2,5,-7,28,-16,6,12,25,-3,85,-28,-18,-16,14,-23,8,-31,21,42,1,-17,13,31,47,34,8,-1,-41,-10,10,-31,29,-14,-17,8,-2,-15,38,0,12,1,14,2,-4,-19,11,0,15,0,17
7.4800,37,27,-16,7,29,23,19,28,-25,5,-14,10,-6,-14,-3,0,-2,28,-11,3,10,28,-2,84,-25,-13,-15,12,-19,5,-30,15,43,-5,-15,12,31,45,29,2,3,-39,-15,11,-28,20,-15,-17,9,-6,-13,37,-1,15,-3,13,6,-4,-15,10,-4,18,2,13
7.5000,38,27,-17,7,24,24,24,28,-20,-1,-15,12,-12,-16,-2,-1,0,28,-17,11,7,29,-4,81,-28,-19,-20,10,-23,4,-27,17,44,0,-13,13,40,42,34,8,0,-40,-15,11,-28,15,-9,-15,11,-2,-18,36,-1,15,0,12,8,3,-15,15,-3,17,-1,18
7.5200,41,26,-18,11,27,24,24,25,-14,-5,-14,15,-12,-10,5,2,0,27,-18,6,12,32,-2,73,-28,-18,-17,11,-22,11,-21,18,39,0,-19,16,37,37,33,12,-2,-39,-14,8,-26,13,-9,-8,8,-9,-10,30,2,15,-1,14,7,-4,-16,9,3,15,0,16
7.5400,40,19,-13,7,20,26,19,23,-15,-10,-10,13,-9,-11,-6,0,0,27,-13,5,12,32,4,75,-27,-14,-16,10,-20,8,-24,15,45,0,-15,15,38,37,36,13,2,-35,-10,11,-23,8,-10,-9,9,-1,-15,28,-1,15,2,15,4,-3,-12,7,-2,17,0,19
7.5600,42,24,-15,8,13,22,21,21,-12,-11,-11,10,-9,-9,0,-1,-2,20,-14,11,8,34,1,67,-27,-6,-11,12,-25,13,-15,7,39,-3,-10,13,38,32,31,8,4,-34,-10,12,-26,2,-5,-8,10,-2,-13,23,-1,11,-5,18,8,-2,-12,14,-3,12,-2,22
7.5800,38,18,-16,13,6,19,22,24,-10,-13,-9,8,-6,-10,3,-6,5,17,-9,9,8,32,12,64,-24,-6,-13,6,-18,10,-8,5,43,3,-7,14,34,28,28,11,2,-44,-7,10,-19,-1,-3,-4,10,-1,-14,24,-3,16,-3,15,8,1,-14,12,0,18,-1,21
7.6000,38,17,-12,9,5,21,13,22,-8,-23,-9,16,-10,-3,0,-1,3,22,-6,12,2,32,14,59,-20,-7,-5,7,-17,16,-12,2,41,-3,-10,12,33,25,28,14,-1,-32,-4,9,-21,-8,-5,-3,10,-5,-9,22,-2,11,4,13,4,-2,-10,10,0,12,3,17
7.6200,42,15,-8,12,9,22,12,17,-3,-21,-8,8,-8,-2,4,-2,5,20,-7,9,4,34,15,54,-20,-4,-8,13,-17,15,-12,1,35,2,-4,9,31,23,21,17,-3,-34,-6,12,-15,-5,-2,-3,8,-2,-5,21,-2,14,-2,17,5,0,-11,11,-4,11,1,17
7.6400,32,14,-7,15,10,24,9,11,-6,-25,-2,11,-10,-4,8,-2,7,11,-5,8,1,31,16,47,-17,-7,-3,9,-10,19,-7,1,36,3,-7,7,24,19,20,17,-3,-32,-6,10,-9,-9,-2,4,4,2,-3,16,1,14,0,13,7,-5,-3,14,2,13,3,17
7.6600,27,11,-3,6,9,23,6,10,1,-27,-4,13,-9,1,9,2,10,8,-3,4,-1,27,22,42,-14,-7,-4,5,-6,21,-5,-4,29,6,-3,15,26,19,19,16,-3,-27,-6,9,-10,-10,-1,7,3,-5,-5,18,1,15,0,15,4,1,-2,14,4,12,1,16
7.6800,26,7,-2,9,9,21,4,12,0,-28,-4,10,-7,6,6,-1,7,6,-2,11,3,32,23,30,-7,-3,-1,8,-2,25,-8,-7,29,-2,-3,8,20,20,17,19,-2,-28,-1,10,-8,-12,-4,10,3,-6,-3,16,3,15,3,19,1,-3,-1,10,-1,16,-2,14
7.7000,19,9,2,9,10,23,1,9,1,-28,5,8,-9,-3,12,5,6,6,2,12,1,27,24,28,-4,-4,4,7,-2,22,-10,-13,28,-1,4,9,13,21,12,18,-1,-20,-5,12,-9,-11,-4,15,4,-3,2,16,2,11,-1,12,1,0,-2,8,-1,12,0,16
7.7200,10,5,4,6,15,23,-5,14,0,-28,1,11,-6,2,11,6,13,4,-2,15,-8,26,27,26,-4,-5,-3,6,0,25,-7,-8,23,6,1,7,5,13,14,19,-2,-21,2,5,-10,-13,-2,17,8,-1,0,15,-2,14,0,19,4,-3,2,13,1,16,1,12
7.7400,12,6,4,11,17,23,-10,14,3,-26,9,7,-7,3,14,9,13,1,3,7,-3,20,27,20,-1,-2,0,12,0,27,-10,-11,25,5,3,8,3,13,4,20,-2,-17,1,10,-5,-15,-5,19,3,0,4,16,0,13,1,16,1,-2,3,14,-8,10,0,19
7.7600,2,3,0,10,23,17,-4,12,2,-30,5,7,-3,-1,16,11,12,-5,-1,7,-1,24,32,8,-1,-11,6,11,5,28,-13,-11,23,6,3,9,-1,14,0,20,0,-14,0,12,-4,-9,-5,22,6,-4,5,12,-5,16,-1,13,9,0,2,11,1,13,-4,18
7.7800,-5,2,1,7,22,22,-3,15,0,-18,0,8,-5,5,18,15,10,-8,2,8,-3,20,26,12,3,-11,6,8,0,30,-13,-10,26,2,0,11,-5,12,-2,19,-1,-11,3,12,-8,-6,-6,27,3,-5,6,9,-1,16,-1,17,2,-1,1,10,-4,13,0,18
7.8000,-3,2,0,9,26,23,-6,16,-1,-21,0,11,-11,5,22,13,13,-11,6,10,-4,17,34,6,7,-13,4,9,6,31,-14,-11,20,3,1,7,-15,12,2,19,4,-14,4,7,-8,-6,-3,34,3,-4,8,10,0,13,5,12,6,-1,3,10,-3,11,2,17
7.8200,-8,1,2,12,25,19,-9,14,0,-16,-2,11,-8,3,20,18,9,-10,0,7,-2,15,28,-4,18,-14,4,11,7,29,-16,-9,19,1,4,11,-17,14,-5,22,-3,-7,5,9,-7,1,-4,36,4,-3,5,9,-2,18,-2,17,1,-2,3,6,3,16,4,17
7.8400,-11,4,2,10,29,18,-6,10,7,-15,-2,18,-7,9,20,21,13,-19,0,11,-5,13,26,-3,15,-13,-1,12,3,29,-19,-14,25,6,0,5,-20,17,-12,20,-8,-7,-4,13,-8,2,-8,34,4,-2,6,6,3,15,0,16,2,3,-1,11,-1,11,0,15
7.8600,-17,3,1,9,25,18,-8,11,3,-6,-6,7,-4,5,17,18,13,-19,-1,6,-4,12,28,1,16,-13,-4,10,4,24,-23,-11,15,-2,3,9,-20,14,-13,18,-1,-5,-3,10,-6,7,-9,36,5,1,-1,11,-3,9,5,19,7,1,-3,8,2,14,0,14
7.8800,-14,8,-1,12,25,25,-8,7,3,-12,0,7,-9,11,12,21,8,-21,-2,12,0,10,30,-5,11,-12,-2,11,6,24,-23,-10,15,-1,1,3,-25,19,-9,22,-4,-6,-3,9,-7,8,-13,40,7,-3,-2,-1,-2,15,1,16,3,-4,1,6,-2,13,1,15
7.9000,-17,5,-4,6,23,19,-5,13,-1,-6,-3,11,-12,11,6,15,13,-17,2,10,-5,10,29,-7,13,-15,-5,5,4,23,-24,-9,16,1,-3,7,-26,17,-13,20,-4,-3,-3,12,-6,11,-5,34,0,-1,0,8,-2,10,-1,14,1,-3,-5,4,-2,11,4,14
7.9200,-15,4,-2,10,20,17,-8,11,-1,5,-4,11,-15,11,5,18,12,-23,-12,7,-1,10,26,-11,16,-12,-6,12,0,24,-21,-10,12,5,-4,10,-23,23,-12,19,4,-10,-9,13,-8,17,-8,32,8,-4,0,8,-4,12,1,16,5,-3,-3,12,0,15,3,12
7.9400,-19,4,-11,14,15,21,-9,14,-4,2,-14,9,-6,8,3,21,4,-23,-4,6,0,8,29,-7,19,-13,-8,9,2,21,-18,-3,15,2,-8,10,-22,16,-7,20,-2,-8,-3,8,-4,15,-8,37,6,-3,-5,6,-2,16,1,17,-1,-1,-6,11,-3,16,-2,16
7.9600,-15,6,-3,13,11,17,-2,14,0,2,-5,11,-14,10,0,24,3,-21,-8,8,-2,11,29,-5,8,-11,-5,6,-2,17,-15,-4,11,0,-1,9,-24,21,-13,11,-3,-11,-10,10,-7,22,-4,33,5,-2,-5,11,1,14,4,15,9,-2,-3,13,-6,15,1,16
7.9800,-14,5,-5,13,9,15,-6,14,-3,2,-8,6,-9,9,2,24,1,-16,-4,14,-2,6,23,-10,12,-12,-11,10,-1,14,-14,-1,10,-2,-3,7,-22,22,-10,11,-1,-13,-4,8,-4,20,4,33,1,-7,-4,10,2,14,0,19,5,-2,-6,12,1,12,0,12
8.0000,-10,8,-8,11,0,17,-2,16,-8,8,-9,10,-7,12,3,24,3,-14,-10,7,-1,9,18,-4,13,-4,-11,12,1,11,-7,3,10,2,-8,8,-21,24,-9,14,2,-16,-6,7,-4,19,1,32,10,-2,-10,11,-2,12,-4,17,8,-3,-3,13,-3,11,7,17
8.0200,-10,1,-7,7,0,17,0,18,-8,3,-8,16,-6,6,4,22,-5,-17,-9,13,-3,6,10,-7,13,-4,-11,7,1,7,-1,2,5,-2,-10,8,-15,24,-6,9,-3,-15,-12,8,-4,20,4,32,5,-3,-5,14,-4,13,3,17,2,-3,-5,15,2,15,1,12
8.0400,-11,3,-10,9,-5,17,0,16,-9,9,-6,7,-3,3,1,24,-3,-17,-5,8,-5,3,9,-4,8,1,-14,9,3,9,1,10,7,2,-10,9,-17,27,-6,0,-7,-17,-11,12,-6,17,11,30,4,-4,-9,18,-1,11,0,18,3,0,-8,10,-1,17,-3,19
8.0600,-5,-1,-9,8,-9,18,-3,19,-8,2,-11,16,-8,2,-3,22,-5,-9,-7,16,3,1,9,2,7,2,-8,10,5,7,-7,13,5,1,-8,10,-10,28,-5,7,-6,-23,-6,10,6,16,11,22,6,-4,-7,19,-2,17,0,14,2,2,-9,7,-4,14,1,17
8.0800,-5,0,-7,7,-1,17,-6,16,-10,1,-11,7,-7,5,-1,23,-7,-13,-7,11,7,3,10,4,7,2,-10,15,3,8,0,13,9,8,-4,6,-13,21,-3,5,-5,-21,-5,14,3,20,11,23,3,-3,-8,24,1,13,4,19,6,-4,-7,11,2,10,1,19
8.1000,-5,-5,-6,11,-4,17,-5,19,-10,4,-10,5,-4,3,-2,26,-3,-11,-7,6,0,8,3,6,12,8,-5,13,6,6,0,18,17,3,-7,15,-6,26,-5,7,-8,-30,-6,10,6,20,14,24,3,-2,-7,19,-2,9,-4,15,5,-2,-5,10,-3,14,0,15
8.1200,-4,-8,-2,13,0,17,-9,16,-12,0,-7,6,-5,-6,3,21,-8,-13,-7,10,0,7,2,11,11,7,-6,6,8,9,-9,18,20,5,-4,14,-10,30,0,1,-6,-30,-11,11,6,12,16,23,9,-5,-9,23,-2,11,2,16,1,0,-7,11,-2,18,-1,17
8.1400,-1,-9,-9,7,4,18,-11,18,-7,-4,-6,12,-2,-5,3,23,-9,-10,-10,9,1,5,-2,11,8,10,-4,7,9,13,-9,20,19,2,-6,10,-12,25,2,5,-5,-32,-6,9,8,16,20,21,7,-2,-7,20,-3,10,3,12,-3,-5,-8,10,-1,14,4,18
8.1600,-3,-18,-6,13,10,20,-18,6,-6,-5,-8,5,-5,-9,2,20,-5,-11,-4,7,-5,5,-4,18,8,13,-10,13,13,13,-12,21,21,1,-6,13,-7,22,-2,6,-10,-29,-9,12,10,14,20,18,6,-4,-6,23,-3,14,3,18,6,-6,-5,11,-1,19,-2,15
8.1800,0,-8,-7,10,7,15,-19,11,-5,-6,-8,9,1,-8,7,21,-8,-7,-5,6,-5,9,-4,19,4,16,-4,8,12,17,-15,21,32,3,-2,10,-7,21,-1,2,-3,-29,-7,11,12,9,17,24,6,-5,-5,20,-1,13,1,11,7,-3,-8,15,-2,16,0,18
8.2000,-1,-17,-8,12,17,17,-19,5,-2,-8,-2,11,-5,-9,4,16,-3,-7,-4,12,-8,11,-7,27,5,13,-2,9,18,16,-17,23,38,4,-4,10,-6,20,-1,7,-3,-34,-6,14,8,9,22,20,7,2,-2,22,-5,15,1,20,1,3,-8,9,-1,13,4,16
8.2200,-4,-17,-1,11,21,17,-17,4,3,-6,0,12,0,-11,5,16,-3,-6,-6,13,-16,13,-7,22,6,16,-1,9,21,19,-21,27,39,0,-5,11,-6,13,3,1,6,-39,-4,10,19,7,26,20,6,-4,-2,24,-3,17,-3,16,0,-3,-2,11,2,13,6,16
8.2400,-5,-19,-6,10,21,10,-23,-3,8,-11,-5,10,-7,-9,8,24,-7,-7,-6,7,-17,14,-10,27,6,17,-5,7,17,17,-22,24,38,-2,-7,10,-11,13,-1,7,2,-42,-5,5,16,5,23,18,4,-5,-7,21,-3,14,-4,14,2,-2,-7,7,-1,15,-1,16
8.2600,-3,-22,-7,9,22,13,-17,-4,8,-8,-5,10,-4,-9,8,19,-8,-3,-6,12,-19,10,-9,36,6,19,-3,7,19,21,-25,29,43,0,-4,8,-8,11,0,3,9,-40,-8,12,21,8,27,21,3,-4,-3,22,-1,11,-2,17,5,3,-3,9,-8,9,-3,18
8.2800,-5,-25,-4,10,26,12,-14,-6,7,-4,-8,9,-2,-12,11,16,-6,-5,-8,12,-22,9,-11,37,7,22,-2,11,17,26,-26,23,45,-2,-2,13,-14,9,2,3,4,-42,-7,13,15,7,25,17,1,-3,-6,12,-1,9,1,11,3,0,-9,13,-5,13,-2,16
8.3000,-6,-22,-4,10,23,13,-18,-15,15,-8,-5,7,-4,-7,17,20,-5,-7,-6,11,-29,13,-12,40,9,17,-5,13,9,27,-27,28,45,-11,-3,7,-9,6,-5,5,10,-38,-10,11,25,13,25,17,3,-3,-5,21,-1,16,3,16,8,-7,-4,9,1,18,6,20
8.3200,-1,-24,-6,6,26,14,-10,-11,15,-4,-6,11,-5,-6,13,14,-2,-6,-6,14,-30,12,-15,42,6,19,-7,10,14,24,-30,32,44,-9,-2,9,-9,5,2,3,10,-40,-9,12,23,14,29,18,3,-6,-2,19,1,14,3,16,3,0,-7,8,-4,15,1,13
8.3400,-3,-27,-8,8,30,15,-10,-15,14,-3,-8,7,-5,-3,12,16,-4,-6,-5,13,-32,13,-15,48,1,20,-6,10,13,23,-27,35,42,-7,-7,11,-12,4,-1,4,12,-41,-6,11,19,17,30,21,6,-4,-7,17,-7,11,1,19,5,-1,-5,13,-4,14,-1,12
8.3600,-5,-20,-2,7,27,15,-8,-15,18,1,-3,5,-3,-9,15,19,-6,-1,-5,13,-30,14,-19,49,5,16,-6,6,10,25,-23,31,37,-12,-7,10,-9,4,-5,1,13,-46,-5,11,14,22,29,18,4,-4,-4,16,3,8,4,15,4,-3,-7,10,0,13,2,15
8.3800,-1,-22,-3,8,26,14,-10,-12,19,7,-4,12,1,-4,13,20,-6,-5,-8,11,-29,13,-20,50,3,22,-4,5,10,25,-24,35,35,-11,-7,4,-7,-6,-3,6,13,-38,-4,10,19,16,27,22,6,0,0,18,-1,13,2,16,8,-2,2,11,-3,19,4,15
8.4000,1,-21,-2,7,26,15,-10,-18,20,6,0,13,-2,-6,11,16,-8,-12,1,11,-30,11,-20,51,5,23,-3,4,7,22,-26,40,32,-12,-4,8,-7,-4,-6,7,16,-41,-4,14,15,18,32,18,5,-2,-5,22,1,13,-2,15,4,-5,0,10,2,18,0,16
8.4200,5,-13,-8,5,27,11,-7,-12,20,8,0,10,1,-3,8,16,-3,-10,-2,13,-28,16,-20,56,7,16,-2,9,11,21,-22,39,36,-11,-2,5,-8,-6,-6,6,17,-43,-1,7,7,22,28,21,7,-2,2,22,1,16,2,16,3,-4,-5,6,-3,19,-1,14
8.4400,3,-16,-3,5,26,14,-9,-9,29,11,0,12,-7,-1,8,16,-5,-12,-5,8,-31,13,-27,61,3,19,1,7,14,15,-25,44,34,-14,2,7,-5,-5,-3,10,14,-41,1,10,14,25,28,24,6,-1,1,22,3,8,-2,12,5,-4,-3,8,-7,15,-1,18
8.4600,6,-11,-3,11,32,15,-10,-9,25,7,-6,5,-2,-4,1,18,-3,-11,0,10,-24,8,-27,54,3,15,0,11,9,18,-20,43,36,-12,3,9,1,-4,-6,8,13,-38,-4,10,8,32,24,27,6,-2,2,22,-2,13,0,16,4,1,-5,10,-1,13,4,14
8.4800,11,-3,0,6,29,12,-8,-7,23,11,1,13,2,-2,5,15,-2,-9,-1,9,-24,9,-21,57,3,17,-1,8,8,11,-20,38,33,-13,-3,7,0,-5,1,9,17,-41,3,7,-1,31,19,32,8,-4,3,22,0,14,7,17,5,-1,-5,8,2,11,3,17
8.5000,4,1,2,6,29,10,-11,-5,30,15,-1,13,1,-2,-2,18,1,-16,3,13,-23,12,-25,55,3,14,4,6,8,17,-16,41,30,-11,1,13,0,-13,-1,10,12,-34,2,6,1,27,20,28,3,-2,1,24,-3,15,2,15,5,-4,2,12,-1,12,6,14
8.5200,6,0,-1,9,31,10,-8,-3,28,16,1,6,2,-3,-4,17,3,-16,-1,11,-16,13,-21,55,-2,11,1,15,5,10,-18,37,31,-13,0,13,4,-11,-1,10,16,-36,3,9,-3,29,22,30,4,-5,4,22,0,15,2,15,1,-4,3,14,0,12,3,17
8.5400,8,2,3,11,26,15,-10,0,26,16,0,13,1,-4,-6,18,5,-20,0,15,-14,15,-20,51,5,12,-1,10,3,7,-16,36,28,-10,0,13,1,-8,-6,15,13,-33,0,8,-9,26,10,29,7,-1,6,24,3,12,1,15,6,-8,1,12,1,12,-5,15
8.5600,11,6,-1,7,20,10,-5,5,28,15,0,13,6,-4,-1,20,4,-16,4,8,-12,13,-16,52,8,5,6,12,3,9,-15,32,27,-13,-2,14,4,-7,2,13,14,-36,3,12,-13,32,8,30,1,-2,6,21,-4,17,4,17,5,-2,2,10,0,18,0,15
8.5800,5,9,0,11,23,9,-7,7,29,17,4,9,4,-11,-5,16,6,-16,1,12,-8,13,-15,45,-1,-1,-1,12,4,11,-17,30,34,-13,4,7,6,-5,4,17,10,-32,5,10,-17,32,4,37,3,0,0,18,-2,18,1,17,7,-2,2,17,-1,15,-2,16
8.6000,8,6,-3,12,19,10,-4,14,27,18,2,6,2,-4,-8,15,3,-14,3,10,-3,16,-10,45,-1,-2,0,11,3,5,-8,29,32,-8,-2,9,6,-2,2,19,12,-33,-5,11,-16,33,0,29,4,0,0,22,-2,12,0,15,2,-3,1,13,3,14,3,15
8.6200,16,6,-4,10,16,11,-6,12,21,16,2,12,3,-10,-3,15,7,-17,-1,13,-3,12,-5,42,3,-7,-2,13,10,8,-9,24,28,-9,-2,6,5,-8,5,18,10,-30,0,10,-14,33,-6,31,10,-2,4,22,0,16,-2,19,7,-1,2,11,-1,16,-3,16
8.6400,9,11,0,14,7,12,-3,16,16,14,3,15,4,-9,-6,12,10,-19,-3,14,3,14,-2,42,2,-12,-7,13,6,11,-7,19,29,-6,-4,11,7,-1,2,18,12,-28,1,12,-22,28,-7,28,7,-1,2,23,-1,15,0,15,7,-4,-6,14,2,11,2,15
8.6600,13,17,1,14,8,12,1,17,17,15,4,12,0,-8,0,16,7,-13,3,10,-3,16,3,38,-6,-14,-2,19,0,17,-3,12,26,-10,-2,11,8,2,4,16,9,-30,-4,11,-18,31,-7,28,6,0,0,18,-2,16,2,16,8,-5,-1,9,0,12,3,17
8.6800,16,20,0,10,5,10,-2,18,5,14,-4,18,4,-11,2,17,6,-14,-3,11,7,15,9,36,-5,-11,0,7,2,15,-5,8,31,-8,-2,7,8,8,2,24,10,-29,-1,10,-21,29,-7,23,9,0,-3,21,-5,17,-1,17,4,-1,-1,12,2,14,-1,14
8.7000,11,15,-2,13,9,8,-2,24,4,7,-4,15,-2,-13,4,14,15,-15,-4,14,8,15,14,34,-5,-13,-6,16,3,15,-1,7,23,-11,-4,16,6,11,8,22,5,-30,-7,12,-20,26,-5,21,2,-2,-3,26,-5,10,-1,17,7,-4,-7,8,2,15,-4,15
8.7200,10,19,-4,14,2,12,-8,23,9,4,-5,12,-1,-7,4,21,6,-17,-7,9,10,12,17,35,0,-15,-4,15,0,16,-1,0,23,-6,-2,12,3,13,7,18,3,-32,-3,9,-18,26,-9,23,5,-4,-8,24,0,9,-3,17,1,1,-5,10,-1,11,5,17
8.7400,12,18,-5,12,6,15,-10,30,6,12,-2,14,-3,-5,3,17,10,-9,-4,14,15,10,22,32,-4,-14,-3,14,1,16,1,-5,24,1,-7,13,5,14,7,19,1,-32,-7,15,-21,21,-14,18,8,-6,-6,27,1,14,-2,14,4,-5,-4,13,-2,12,-3,16
8.7600,8,15,-4,12,9,17,-11,32,-4,5,-2,14,-6,2,11,20,8,-11,-7,14,15,12,27,29,-5,-11,-9,15,5,21,-1,-10,24,-3,-3,16,7,17,9,16,-3,-27,-13,14,-23,23,-8,19,8,-4,-9,25,0,14,0,16,2,-4,-6,12,-1,13,-1,15
8.7800,7,10,-6,15,12,12,-13,34,0,3,-5,15,-5,-3,9,16,13,-11,-6,14,13,16,26,35,-9,-13,-7,13,12,19,0,-11,21,-1,-4,8,3,18,9,18,2,-29,-6,9,-24,15,-10,18,3,-4,-2,19,-3,10,-1,14,10,-7,-4,8,2,16,-1,14
8.8000,11,10,-6,13,15,22,-13,35,-3,3,-1,16,-5,-2,10,23,12,-11,-7,13,13,10,31,34,-2,-14,-1,13,13,24,-2,-16,19,-1,0,9,2,24,9,15,0,-23,-8,10,-18,16,-8,19,6,-2,-7,29,0,12,2,17,2,-6,-8,17,-5,13,1,10
8.8200,4,12,0,16,19,20,-17,31,-7,-3,-4,11,-4,-2,11,17,7,-4,-3,10,18,11,34,31,4,-13,-7,11,14,21,-1,-12,27,3,-4,10,5,25,6,18,-2,-26,-9,11,-16,14,1,17,4,-3,-4,28,-1,13,0,14,4,-1,-4,11,-3,21,-4,15
8.8400,7,12,-1,12,21,19,-20,29,-10,0,-1,7,-7,-2,12,21,1,-6,-4,13,13,12,32,29,-3,-3,-2,15,21,23,-5,-13,23,1,-2,7,-1,28,6,15,3,-18,-4,9,-21,9,-8,19,0,-2,-5,26,-2,10,1,17,4,2,-7,11,2,12,1,16
8.8600,7,13,-1,14,24,24,-19,35,-8,1,0,12,-9,-5,15,20,3,-2,-3,12,22,16,31,37,-3,-10,-3,12,19,27,3,-10,25,3,-5,5,3,30,2,12,2,-26,-6,9,-15,13,-5,16,3,-7,-7,27,2,5,0,15,6,0,-1,15,-1,18,2,17
8.8800,5,7,-5,13,30,19,-19,33,-13,-7,-1,14,-11,-4,11,16,2,-3,-4,9,15,15,25,32,1,-1,-3,16,23,26,-2,-16,26,-2,-5,11,2,39,7,11,4,-23,-6,11,-17,8,-2,19,7,-3,-3,25,-3,16,2,15,2,1,-1,17,-5,17,5,13
8.9000,6,12,0,11,32,18,-18,31,-14,-6,1,14,-7,3,13,16,-1,-4,-6,12,18,13,28,29,0,-8,-5,12,22,29,-4,-13,29,-4,2,12,-4,37,1,7,1,-18,-2,9,-13,7,3,17,8,-5,0,25,-3,16,-1,14,6,3,2,12,1,15,1,15
8.9200,3,7,-5,13,34,19,-23,31,-19,-10,-7,10,-3,1,11,15,-5,-4,3,15,14,16,27,27,2,-1,0,14,19,23,-7,-7,27,-2,-5,12,-2,34,0,5,8,-18,-3,9,-9,9,2,16,1,-6,-1,23,-3,7,2,14,5,-3,0,9,1,16,-3,15
8.9400,-3,4,-3,13,33,15,-21,30,-18,-14,-4,11,2,1,15,18,0,-8,1,12,12,14,23,27,3,0,-1,12,13,22,-4,-10,30,-5,1,14,-3,39,2,6,8,-14,-4,11,-9,0,-1,23,6,-2,2,25,1,12,-2,17,3,-4,-1,10,-1,16,6,21
8.9600,5,5,0,12,31,13,-18,30,-18,-11,-2,12,-2,-4,15,13,-3,-7,-3,11,14,13,21,24,8,-1,-3,10,14,23,-7,-5,28,-6,-2,9,-5,36,-5,0,8,-18,-2,11,-6,0,-2,17,6,1,-5,26,0,16,0,12,2,2,-3,11,0,10,1,19
8.9800,4,2,-2,9,28,9,-13,31,-16,-20,-2,9,-1,4,12,13,-2,-10,-3,8,12,17,18,22,6,-3,-6,12,7,27,-7,-4,25,-9,3,11,0,41,-3,2,7,-19,-8,15,-6,1,-1,25,1,-5,-5,21,-5,13,0,12,6,-4,0,12,-1,11,5,15
9.0000,2,2,-4,12,26,14,-11,27,-21,-15,-2,14,-1,3,9,10,-1,-2,-4,8,15,17,17,28,7,-3,-7,5,4,19,-4,3,22,-8,-7,14,-1,39,-2,7,4,-21,-7,12,-9,-1,1,17,4,1,-1,24,-2,10,0,12,1,-4,-3,12,-2,15,0,22
9.0200,12,1,-2,9,26,15,-2,29,-20,-18,-5,18,9,9,13,8,2,-6,-4,13,11,20,9,21,8,1,-6,16,0,21,-8,2,20,-5,-5,12,1,43,-4,8,8,-18,-8,14,-5,3,1,23,3,-1,-4,21,-2,10,-4,17,6,-3,-4,11,-1,13,4,18
9.0400,9,4,-6,8,22,12,-1,26,-23,-20,-6,8,2,12,6,7,-3,-8,-3,13,11,21,11,18,8,-5,-12,8,-7,21,-12,9,16,-6,-11,16,-1,36,-2,8,7,-16,-5,11,-8,-3,3,23,-2,-5,-4,19,-2,11,3,17,7,-2,-6,13,-2,14,0,18
9.0600,10,2,-8,11,19,13,8,26,-15,-17,-10,11,5,11,3,3,0,-16,-6,14,12,23,1,23,9,-2,-11,8,-11,21,-10,15,19,-5,-4,10,-1,33,-3,12,7,-20,-8,11,-4,-1,1,24,1,-6,-8,18,0,15,2,23,0,0,-10,13,-1,18,2,19
9.0800,12,5,-3,7,18,10,12,25,-15,-22,-7,11,-1,17,3,7,6,-11,-11,12,9,28,1,19,5,-1,-5,8,-11,15,-13,14,14,-3,-8,4,6,32,-5,8,12,-17,-8,14,-5,-7,3,24,8,-3,-7,17,0,9,4,13,5,-1,-10,11,-2,16,3,18
9.1000,8,3,-5,9,14,10,17,25,-10,-21,-11,14,5,14,10,1,5,-16,-9,8,14,31,-1,16,10,3,-7,11,-16,13,-17,17,13,-7,-13,6,5,31,-5,17,6,-17,-3,15,-8,-5,6,26,5,-8,-8,11,1,10,4,18,3,-4,-10,11,-4,14,2,15
9.1200,10,4,-8,12,14,8,13,26,-10,-21,-7,15,3,15,6,2,0,-6,-12,9,8,31,-2,21,7,2,-6,8,-16,15,-22,19,7,-2,-9,12,1,30,0,10,1,-14,-9,11,-6,-3,7,26,4,-1,-13,19,-4,11,4,16,6,-3,-6,12,1,12,0,12
9.1400,9,4,-4,14,9,13,19,26,-5,-16,-11,10,1,17,-3,-2,6,-9,-8,9,9,25,-6,18,6,1,-10,10,-19,15,-23,20,10,-5,-6,13,2,24,0,14,6,-15,-8,11,-4,-5,8,28,5,-7,-5,15,0,11,-3,15,4,-7,-8,13,2,13,4,13
9.1600,11,0,-8,10,8,12,20,19,-2,-22,-10,16,3,14,4,-2,6,-12,-7,18,3,27,-11,22,3,4,-9,13,-18,13,-22,24,7,-2,-8,15,4,24,-1,18,4,-15,-4,12,-9,-3,9,28,5,-2,-9,10,3,7,3,15,0,-8,-7,9,-5,13,-2,9
9.1800,13,1,-4,11,11,11,16,18,0,-24,-7,15,0,12,-3,1,6,-17,-8,12,3,29,-8,15,1,7,-9,9,-12,9,-24,19,9,-4,-10,10,0,19,-2,16,-1,-12,-3,14,-4,-3,10,31,5,-3,-8,19,-1,9,0,14,2,-3,-5,14,0,11,-3,18
9.2000,8,0,-6,11,0,16,13,13,4,-18,-9,17,3,6,-2,-3,6,-14,-7,13,-2,26,-6,21,-3,6,-9,11,-18,7,-26,27,5,1,-8,8,-2,17,3,19,6,-11,-10,14,-5,-2,9,28,6,-3,-10,12,-1,10,1,12,6,3,-6,10,-3,12,3,16
9.2200,6,6,-9,14,9,13,16,10,9,-16,-4,9,4,3,2,1,2,-12,-6,10,-4,26,-13,23,2,10,-8,9,-12,5,-28,26,11,-4,-6,12,-3,15,3,14,-2,-9,-5,9,-7,-2,12,22,8,-3,-5,13,-2,12,1,13,3,-5,-3,9,4,11,5,16
9.2400,1,1,-5,9,11,13,12,7,7,-18,-4,12,-2,0,-6,4,1,-15,-6,8,-8,26,-7,23,3,6,-6,15,-9,7,-23,20,14,-5,-6,12,1,14,4,15,5,-9,-5,13,-10,0,9,21,4,-2,-1,13,-4,10,1,14,6,-5,-6,9,-3,13,-2,20
9.2600,0,3,-1,9,12,18,10,3,9,-13,-7,13,-8,-2,-9,7,3,-14,-4,10,-12,26,-7,24,-2,3,-12,10,-10,10,-26,29,13,-5,-4,13,-7,15,4,15,7,-10,-3,11,-3,3,13,24,6,-6,-9,11,0,13,-3,13,2,-1,-3,12,-1,12,0,20
9.2800,1,-4,-4,13,8,14,10,-1,9,-12,-4,14,-4,-2,-6,6,3,-13,-5,9,-19,21,-13,26,-2,6,-5,10,-5,1,-26,26,13,-1,-4,10,-1,11,7,12,9,-11,-6,11,-4,0,11,21,3,-4,-2,17,-5,12,1,16,4,-4,-4,13,0,10,0,16
9.3000,-4,-1,-1,14,10,14,4,0,11,-16,-6,13,-5,-8,-3,10,0,-12,-1,9,-22,22,-8,30,-3,9,-4,13,-2,4,-27,27,16,-6,-5,14,-5,6,7,10,14,-5,-6,13,-1,3,8,19,7,-1,-6,16,-1,11,-3,14,6,-2,-3,13,2,9,1,10
9.3200,2,0,-1,13,13,19,1,-2,13,-11,-3,11,-5,-7,-1,12,2,-6,-2,12,-29,17,-8,29,0,6,-6,14,0,8,-21,27,15,-13,-2,11,-7,8,6,11,13,-7,-2,16,0,5,6,16,7,-5,-6,11,1,18,1,15,6,-3,-6,10,-3,12,2,15
9.3400,-4,-5,1,14,16,18,-1,-11,10,-9,-5,8,-5,-6,1,20,-4,-3,-4,15,-26,13,-13,31,2,2,-4,8,2,11,-24,26,13,-10,-6,13,-10,3,9,9,13,-8,-5,12,1,7,7,19,7,-2,-4,13,-5,16,1,15,-1,-2,-3,13,-4,9,1,15
9.3600,-3,-4,-2,8,11,16,-6,-15,8,-7,-5,16,-7,-5,0,14,4,-1,-4,17,-27,12,-7,30,3,1,-2,16,0,14,-19,22,16,-12,-3,14,-11,5,0,6,15,-8,-4,13,4,8,5,17,4,-8,-4,17,-3,16,1,14,7,-3,-7,17,0,14,-2,10
9.3800,0,-5,-2,13,17,18,-6,-15,15,-2,-2,5,-2,-6,4,18,-6,-1,-1,10,-30,12,-8,33,2,-2,-2,15,3,18,-17,24,16,-15,0,15,-13,5,3,6,12,-7,-1,14,7,12,6,18,3,-3,-6,16,1,22,3,18,3,0,-7,11,0,15,4,16
9.4000,-6,-15,-7,14,12,14,-7,-19,15,-5,-4,5,1,-7,9,22,-8,-4,-1,11,-32,17,-9,33,2,2,0,11,8,16,-14,27,20,-18,-1,13,-11,3,2,4,17,-15,-2,12,9,13,2,14,1,-3,-5,14,0,22,-4,15,2,-4,-4,14,-1,12,2,13
9.4200,-1,-13,-3,12,8,16,-7,-17,10,-3,-7,1,-3,-2,11,22,-3,-1,-4,13,-34,8,-11,33,5,-4,-5,15,4,19,-18,26,21,-17,-3,13,-14,3,1,1,20,-10,-5,12,4,19,5,14,1,-6,-7,13,2,23,4,16,6,-2,-2,16,-2,17,-1,12
9.4400,1,-16,-2,12,6,13,-8,-16,15,1,-3,-1,-4,1,11,22,0,0,0,15,-31,9,-7,33,5,-5,-2,14,10,21,-11,25,18,-13,-3,11,-7,4,1,6,20,-13,-3,11,10,17,0,18,2,-6,-6,17,4,28,5,13,6,-4,-3,15,-6,13,1,11
9.4600,-3,-16,-3,13,12,17,-8,-17,13,4,-2,3,-3,9,11,23,-5,-4,-4,13,-33,4,-13,35,8,-2,-6,15,9,21,-13,22,18,-19,-6,12,-11,5,-7,2,18,-13,-4,14,10,24,6,10,7,-1,-8,14,2,25,-1,15,1,-3,0,13,-1,15,2,18
9.4800,-3,-13,-6,15,5,15,-11,-18,10,5,-3,0,1,6,9,23,-8,-8,-3,12,-32,10,-5,28,7,0,-2,16,12,27,-15,27,17,-13,-3,14,-8,2,-1,5,15,-7,-4,15,12,25,3,13,6,-3,-4,20,3,28,2,20,4,-3,-5,8,-3,13,1,22
9.5000,1,-16,-5,16,12,14,-13,-15,12,11,-2,-4,2,8,10,24,-5,-6,-3,12,-32,6,-12,25,6,-1,-3,13,13,24,-13,27,13,-13,-4,12,-8,6,-1,2,17,-9,1,14,9,28,7,22,3,-3,-9,22,0,26,-1,15,5,-6,-4,15,-3,13,0,14
9.5200,-4,-14,-2,11,9,12,-12,-9,12,6,-1,1,4,8,14,26,-4,-7,-3,14,-30,4,-11,24,6,6,-5,10,15,23,-8,30,8,-10,-4,12,-6,3,-3,6,18,-15,-8,15,8,28,4,18,9,-3,-2,22,2,27,1,17,5,-5,-4,14,-1,17,-3,19
9.5400,1,-17,-5,12,9,5,-14,-6,11,6,-5,-1,4,13,15,20,-6,-6,-3,16,-28,6,-12,15,7,3,0,15,18,23,-9,30,5,-19,0,10,-5,7,-3,11,14,-8,-3,13,8,31,5,24,2,-4,-1,21,1,29,4,12,3,2,1,11,1,15,2,19
9.5600,2,-12,-10,11,7,6,-18,-8,10,6,-4,-1,6,19,10,25,-1,-11,-1,13,-20,8,-13,17,5,5,-4,13,20,20,-4,30,10,-15,-5,10,-4,5,0,13,16,-10,-2,10,11,29,4,25,1,-3,-5,17,3,26,-2,16,2,0,2,16,0,12,-1,14
9.5800,1,-11,-3,14,5,6,-19,0,10,13,-1,1,9,13,12,19,3,-13,-2,13,-20,7,-17,9,3,3,0,16,15,18,0,28,10,-12,-1,11,0,7,-1,10,19,-9,-1,16,11,26,9,29,2,-5,-2,20,1,24,1,15,10,-3,-5,13,0,12,2,15
9.6000,3,-9,0,14,4,4,-19,5,9,17,1,4,12,19,4,16,3,-11,-3,11,-15,6,-15,7,7,7,2,14,18,18,2,35,5,-14,-6,12,1,8,1,15,10,-8,0,9,4,29,10,33,2,-5,-2,20,0,24,2,16,6,-2,0,14,-2,15,5,11
9.6200,1,-8,3,16,4,6,-20,4,9,15,-4,7,10,20,6,22,8,-17,2,15,-15,7,-13,7,5,8,-1,15,16,18,5,36,4,-8,-3,11,3,10,4,14,9,-7,1,17,5,32,11,36,6,-4,-4,23,2,23,2,15,10,0,-3,7,-2,14,1,11
9.6400,3,-3,0,13,0,4,-18,12,8,15,-4,9,8,20,7,20,4,-18,-1,12,-6,7,-11,3,4,9,-2,13,22,15,2,28,3,-9,-1,16,-2,7,2,20,7,-5,-2,13,-2,29,10,34,9,-8,-2,15,5,15,2,15,4,-3,-2,14,-7,12,2,13
9.6600,6,-7,0,17,2,-2,-23,11,5,12,0,12,14,20,-3,22,7,-18,-2,13,-5,11,-18,6,2,8,-3,16,20,16,7,29,6,-11,-8,10,-1,11,0,13,8,-12,-1,11,0,32,12,35,6,-5,-2,21,1,17,0,22,4,-4,-3,11,-1,16,1,19
9.6800,3,0,-2,14,1,3,-17,17,3,13,-2,11,8,18,0,23,10,-20,0,13,-3,8,-19,-2,7,8,1,15,18,16,10,28,3,-8,-3,7,2,14,0,19,11,-11,-6,18,-2,30,13,32,5,-9,-3,20,5,15,4,14,3,-3,0,13,1,13,-2,17
9.7000,3,2,-6,14,-2,4,-18,20,4,13,-7,17,10,23,2,23,13,-22,0,13,1,10,-15,0,5,12,0,10,20,12,13,29,6,-4,-2,10,2,13,6,20,6,-11,-3,9,-3,25,16,38,5,-2,-3,15,-3,12,-2,13,3,-4,-3,13,2,9,6,18
9.7200,10,3,2,10,-2,3,-22,21,3,12,-4,20,7,27,-1,22,8,-23,0,14,3,6,-12,3,2,11,-4,13,18,14,15,27,6,-11,-4,16,0,14,2,18,6,-10,-6,14,-8,26,20,34,5,-2,-5,19,4,6,1,15,7,-4,-3,12,0,13,4,19
9.7400,7,3,-8,16,-8,4,-17,20,4,8,-4,19,4,26,1,26,8,-24,-4,10,4,6,-8,1,0,9,-5,15,21,10,14,21,13,-5,1,12,3,15,7,25,9,-16,-7,14,-7,29,17,37,8,-4,-4,20,3,8,1,19,5,-1,-6,11,4,11,0,15
9.7600,5,5,-10,13,-4,7,-25,24,3,10,-2,24,6,19,-2,27,8,-20,-8,15,2,2,-5,4,2,12,-3,14,16,10,19,24,4,-2,-5,13,7,13,8,24,3,-10,-4,14,-7,26,13,36,8,0,-1,15,-1,2,1,19,2,-4,-8,12,0,14,1,14
9.7800,9,3,-2,11,-7,6,-19,25,2,6,-10,24,9,22,-2,32,10,-23,-8,11,6,4,-9,4,-4,9,-8,11,19,7,17,19,6,-2,-7,14,5,13,8,19,4,-14,-5,12,-13,24,11,37,5,-3,-7,15,2,1,-1,15,5,-4,-4,13,0,11,4,14
9.8000,10,9,-6,14,-7,3,-18,26,-3,6,-7,31,6,20,1,31,6,-16,-6,11,11,9,-5,11,-7,12,-7,12,20,14,26,21,5,-5,-3,10,5,14,5,20,6,-3,-11,10,-5,22,12,32,9,-1,-5,15,-1,-3,2,15,5,-2,-10,13,-5,12,2,11
9.8200,6,3,-7,15,-8,4,-23,24,6,9,-4,33,4,16,2,32,9,-18,-4,11,10,1,-3,13,0,12,-11,12,16,13,17,23,11,-7,-6,14,2,20,11,20,5,-13,-7,11,-11,19,13,33,6,-5,-6,18,-4,-7,1,17,5,-1,-4,13,-5,8,0,17
9.8400,12,2,-9,10,-11,4,-24,22,2,6,-6,31,6,16,3,34,5,-18,-6,15,11,5,-6,16,-6,12,-9,17,17,12,15,22,8,-1,-5,15,3,17,9,16,5,-8,-8,18,-11,18,7,29,2,-3,-9,20,0,-8,1,15,6,-3,-10,18,0,11,-2,14
9.8600,8,10,-11,9,-14,5,-21,25,3,2,-8,36,11,17,-3,30,7,-17,-9,12,11,-2,-1,27,0,8,-2,15,17,16,18,16,12,-4,-12,12,4,12,8,17,10,-5,-12,16,-14,21,11,28,4,0,-11,16,0,-4,-2,18,2,-3,-8,10,-4,16,0,15
9.8800,7,4,-12,14,-11,8,-21,24,2,4,-11,36,11,15,8,28,10,-15,-9,13,13,5,-1,25,-5,10,-2,14,22,18,17,19,9,0,-9,12,0,13,10,12,3,-9,-4,13,-14,17,7,27,5,-3,-5,13,1,-1,-3,21,9,-6,-6,16,6,10,3,13
9.9000,9,9,-4,11,-13,10,-18,23,7,0,-5,33,7,12,2,26,6,-11,-10,12,6,4,-4,25,-4,5,-8,15,20,14,13,19,12,-4,-12,12,1,13,4,16,8,-3,-2,13,-11,12,9,22,5,4,-11,14,-4,-6,3,14,3,-2,-5,15,2,14,-3,19
9.9200,5,5,-5,8,-5,0,-17,21,10,-5,-3,30,14,5,6,26,2,-11,-6,10,15,9,-3,28,-1,3,-10,14,22,15,17,18,13,-3,-9,15,6,11,6,11,12,-7,-9,14,-13,11,6,24,4,-3,-12,16,-3,-1,4,16,4,-4,-8,17,-2,15,3,15
9.9400,11,9,-4,7,-4,6,-18,21,5,-5,-9,25,12,7,2,25,2,-12,-4,13,7,7,-6,27,-8,1,-5,18,15,17,12,14,14,-4,-8,16,4,16,4,16,6,-9,-6,17,-10,15,8,22,5,-7,-9,16,-5,1,-2,15,4,2,-5,16,0,12,5,16
9.9600,7,14,-7,5,-6,-1,-15,22,4,-2,-4,28,9,8,6,21,6,-10,-4,15,11,7,-3,30,2,-3,-10,13,15,21,12,18,14,-10,-7,14,3,12,3,13,8,-8,-8,15,-9,12,4,22,7,-2,-9,15,-7,7,-2,13,6,-2,-6,16,-2,14,6,15
9.9800,2,7,-3,6,2,0,-20,26,8,-5,-3,24,10,3,6,23,2,-9,-10,13,5,13,-3,27,1,-4,-9,14,12,21,8,20,11,-10,-7,12,2,17,-2,11,5,-8,-4,12,-17,13,0,22,6,-4,-7,15,-7,3,2,11,3,-6,-3,14,-1,10,2,16
10.0000,2,12,-4,10,1,4,-18,27,6,-12,-4,19,11,11,13,15,2,-10,-7,11,8,11,-1,37,3,-3,-11,11,7,23,0,22,13,-11,-1,15,4,13,3,15,11,-14,-4,10,-16,6,3,18,8,-5,-8,18,-7,10,-2,16,4,-5,-7,12,-4,16,3,17
10.0200,5,12,-7,0,2,4,-17,20,5,-9,-3,11,15,0,9,17,3,-5,-5,13,6,17,0,36,3,-2,-5,13,8,26,1,18,15,-2,-3,15,-4,13,6,10,11,-11,-9,15,-13,12,-4,17,9,-2,-14,18,-7,12,-4,16,3,-3,-5,14,2,13,-1,14
10.0400,4,11,-4,1,3,7,-15,21,11,-9,-4,16,13,0,9,11,1,-2,-8,12,8,16,0,35,2,-9,-6,18,7,26,1,15,16,-10,-6,11,-3,15,0,11,9,-13,-4,11,-15,10,-8,12,4,1,-8,17,-12,15,-4,15,3,-2,-3,11,3,17,1,14
10.0600,1,7,0,4,8,0,-10,25,4,-9,-1,9,13,7,12,9,2,-2,-5,9,8,20,1,34,-3,-5,3,14,12,27,-12,17,14,-10,-3,9,1,12,4,12,13,-16,-3,11,-7,10,-6,18,1,1,-5,16,-10,19,0,15,4,-3,-2,12,-1,13,-1,15
10.0800,2,8,-9,6,14,3,-7,26,5,-6,-1,4,11,5,15,6,2,-2,-3,13,6,27,4,30,-4,-14,-1,15,1,28,-10,15,16,-12,-2,13,0,15,5,17,7,-12,1,13,-12,10,-9,12,7,-7,-3,20,-9,23,-5,16,0,-1,-3,13,-3,15,2,21
10.1000,3,8,-4,3,11,7,-4,25,1,-11,0,-3,16,2,7,0,2,2,-1,9,5,26,2,26,5,-15,1,17,3,23,-10,15,19,-9,-2,8,-2,21,4,18,17,-13,-2,10,-11,10,-8,16,5,-2,-8,17,-8,26,-2,20,3,-4,-3,13,-2,13,2,16
10.1200,7,0,-1,8,14,3,-4,24,0,-14,-3,-2,13,5,12,1,6,-4,0,8,7,28,-4,31,-1,-16,-1,12,5,24,-13,19,18,-8,0,9,-1,17,7,16,18,-15,-5,16,-14,5,-10,17,6,-5,2,18,-2,25,-1,12,7,0,-4,18,4,17,-1,15
10.1400,1,8,-3,5,17,4,3,24,-2,-12,1,-4,11,3,7,0,4,-4,-1,16,2,32,2,28,2,-15,1,11,-4,24,-16,16,21,-13,1,10,1,21,-1,15,13,-16,-7,14,-7,13,-8,20,5,-4,1,24,-7,29,-2,13,-1,0,3,14,0,13,-2,18
10.1600,0,10,0,2,18,3,2,20,-2,-11,2,-8,8,4,9,-1,7,-2,-1,13,2,34,0,22,-3,-16,5,16,-8,23,-17,16,24,-7,-4,7,-2,17,3,18,12,-19,1,17,-8,6,-9,18,4,-1,-7,18,-8,30,0,15,3,0,2,16,-4,14,2,16
10.1800,1,4,3,8,22,7,5,22,2,-9,5,-7,5,6,10,-3,10,-1,-1,12,1,32,-1,25,-4,-12,2,18,-3,22,-14,17,20,-13,-2,14,-1,20,5,16,8,-18,-2,13,-8,6,-8,16,1,-3,-5,19,-6,32,2,19,4,-3,2,13,5,14,1,18
10.2000,0,1,-4,6,23,10,8,17,2,-6,3,-6,7,2,9,0,6,-3,-1,16,0,37,-3,25,-8,-15,1,16,-6,26,-18,20,24,-12,-2,11,0,19,3,17,12,-21,3,15,-6,8,-8,21,4,-5,2,23,-6,32,4,12,4,-1,4,10,-2,9,6,16
10.2200,5,3,-2,9,28,6,11,19,-3,-8,4,-3,9,0,11,-7,6,-9,0,13,1,33,-3,20,1,-14,3,12,-6,22,-19,21,22,-7,0,9,0,24,6,17,12,-16,0,18,-2,12,-7,20,4,-7,1,25,-5,32,4,17,3,-7,2,15,1,15,6,11
10.2400,2,2,6,17,27,10,12,15,-4,-10,1,-5,9,-4,7,-8,2,-9,-1,12,1,34,-3,24,-5,-12,1,14,-13,17,-21,19,18,-9,1,13,0,21,9,16,9,-18,4,21,-2,16,-6,21,6,-2,-2,26,-3,33,1,19,4,-3,1,12,2,18,1,16
10.2600,-1,8,0,17,32,7,17,19,-6,-6,4,-4,6,-3,7,-3,9,-6,3,13,-2,35,-3,28,-2,-9,-1,11,-13,16,-21,15,22,-10,2,13,-3,19,4,15,10,-17,3,13,0,12,-6,20,5,-6,1,22,-1,29,4,16,2,-3,4,4,3,17,3,16
10.2800,2,5,-4,14,33,5,14,16,-1,-9,5,-7,8,1,5,1,10,-10,0,15,-3,34,1,25,-3,-13,1,12,-12,14,-22,18,22,-10,-1,13,1,20,11,18,11,-19,0,17,1,14,-4,20,9,-2,3,17,5,31,3,18,2,-1,5,13,1,17,4,12
10.3000,4,4,1,19,33,10,18,16,-4,-9,4,1,2,1,2,-3,3,-11,4,15,3,33,-6,27,-2,-9,0,13,-15,11,-19,25,21,-7,4,15,-2,20,6,17,11,-14,2,11,-3,10,-3,21,5,-3,-1,21,5,32,2,18,8,-2,2,9,-3,19,2,17
10.3200,1,-2,-3,23,34,6,17,14,2,-3,4,6,6,4,-2,-2,2,-8,1,16,-2,31,-4,28,-2,-3,3,4,-17,11,-22,23,21,-11,-1,5,-2,21,12,14,9,-12,0,18,2,11,-2,18,8,-4,-5,23,8,23,5,17,9,-5,6,9,-2,16,0,14
10.3400,2,-2,0,26,28,9,18,16,1,-7,-3,6,5,6,1,-3,6,-6,6,14,1,33,-6,28,2,-4,3,8,-15,13,-19,21,21,-9,4,10,0,21,7,18,5,-9,4,16,-6,11,-2,18,5,-3,-4,26,12,23,6,21,6,-1,4,9,1,13,-1,17
10.3600,0,0,-2,22,30,13,16,13,4,-5,-1,7,6,-2,2,4,9,-5,1,16,2,31,-3,27,2,-6,6,10,-18,17,-18,28,23,-2,5,11,-10,15,9,15,7,-7,1,15,-2,10,0,23,3,-2,-1,16,11,20,7,17,4,-5,0,14,0,15,-2,17
10.3800,5,3,4,24,30,9,16,16,3,-8,1,10,1,0,1,1,7,-6,1,15,-1,23,-9,26,4,-3,0,5,-18,11,-21,24,20,-2,3,9,-2,12,5,19,6,-7,3,19,0,7,2,18,5,-5,2,24,9,16,8,22,2,-6,4,13,2,13,4,16
10.4000,-3,4,5,24,26,15,18,14,9,-10,-4,18,1,8,-6,4,6,-6,4,13,1,23,-5,30,-1,3,2,2,-16,8,-20,21,17,-7,0,9,-2,11,7,18,13,-9,-3,12,1,8,1,21,4,-3,0,22,15,15,10,18,4,-6,-5,11,0,14,-1,16
10.4200,6,-5,-1,24,21,12,14,18,7,-9,-1,20,4,4,-6,1,8,-5,4,16,3,23,-5,28,4,-1,1,4,-12,12,-16,21,11,-3,2,14,3,8,5,14,5,-4,-8,14,6,6,6,22,0,-4,-7,18,10,11,9,21,4,-1,-3,16,-2,11,-2,16
10.4400,1,-4,-3,25,23,10,20,17,8,-14,-7,23,2,4,-6,7,4,-13,0,15,-1,15,-2,27,2,1,0,7,-16,6,-20,23,12,-9,-4,11,-8,9,6,16,9,-1,-1,17,-2,1,6,24,3,-5,-3,19,8,8,11,19,8,-3,3,10,1,17,3,20
10.4600,0,-1,-3,28,15,11,18,17,9,-8,-3,20,0,6,-5,9,3,-10,1,17,-4,21,-6,27,-3,1,-3,4,-15,6,-16,27,15,-7,-2,15,0,8,1,18,7,-10,-4,13,-4,4,6,20,4,-4,-3,22,8,4,15,17,0,2,3,14,-3,12,-2,12
10.4800,0,-3,-2,23,17,10,13,11,11,-15,-5,24,-1,6,-9,14,7,-5,-4,17,-1,15,-8,27,6,-3,0,8,-18,2,-21,21,11,-3,-3,12,-3,8,0,23,12,-4,0,15,-3,3,2,16,3,-3,-5,20,9,1,11,19,1,-3,-2,12,0,14,4,14
10.5000,1,-4,1,19,12,13,10,8,9,-13,-11,19,1,8,-13,16,3,-5,-5,15,2,18,0,28,5,-1,-7,3,-19,0,-16,22,14,-9,-6,10,-2,6,-1,17,10,-1,-3,14,-2,5,5,18,5,-2,-4,25,3,5,15,19,7,-9,-3,14,1,7,-2,20
10.5200,1,-2,-5,21,11,17,11,13,9,-11,-7,21,-3,6,-13,16,8,-11,-7,15,-1,13,-3,26,1,-2,-3,2,-14,0,-14,19,7,-8,-5,14,-4,8,1,17,1,2,-8,9,3,3,4,19,7,-5,-1,17,8,-1,3,13,5,1,-4,14,-2,10,4,16
10.5400,3,-10,-7,20,9,15,14,13,9,-10,-7,28,-4,7,-14,16,8,-7,-3,14,-7,10,-3,28,0,-3,-8,2,-16,0,-13,22,4,-9,-3,11,-8,10,1,17,4,-7,-5,13,5,3,4,17,7,0,-4,15,3,-1,11,19,2,-1,-5,14,-3,7,-1,14
10.5600,1,-5,-2,20,10,12,10,13,5,-8,-12,27,-7,9,-12,20,9,-5,-9,17,-4,11,-7,25,8,4,-11,12,-15,-2,-11,24,4,-3,-5,12,-8,12,-1,19,6,-3,-6,12,5,3,4,21,2,-2,-5,19,-1,1,8,16,6,-3,-3,12,-3,9,-1,16
10.5800,1,-8,-7,16,5,12,5,9,5,-8,-17,20,-7,3,-11,19,14,-6,-8,15,-2,7,-6,21,1,-1,-14,14,-8,-3,-13,25,7,-5,-6,12,-10,11,0,23,8,0,-5,15,4,6,3,20,1,-2,-9,18,1,-3,4,16,4,-3,-4,16,-1,9,0,17
10.6000,-3,-9,-10,14,1,12,3,11,2,-3,-11,25,-3,8,-15,18,11,-3,-7,7,-12,9,-7,17,8,-1,-12,10,-12,-5,-8,22,7,-6,-11,14,-6,12,-4,22,6,-4,-7,12,1,7,0,18,10,-3,-7,16,-1,4,4,15,5,-5,-5,13,-1,10,-2,17
10.6200,0,-9,-4,13,6,10,5,8,5,1,-8,27,-8,4,-17,15,9,-5,-10,15,-9,10,-9,22,2,-1,-12,15,-5,-4,-5,24,3,-8,-5,14,-9,14,-1,19,11,-5,-4,10,-2,12,1,16,4,-2,-9,20,-2,3,-2,19,-2,-4,-11,16,0,15,1,19
10.6400,2,-3,-3,8,-1,14,0,8,0,-2,-10,26,-7,10,-12,18,8,-4,-8,14,-7,11,-8,21,6,1,-7,17,-10,-4,-4,26,2,-3,-9,10,-7,14,-1,20,15,-8,-11,7,1,10,0,16,9,-2,-6,16,-5,4,-7,16,4,-2,-9,14,-6,10,3,16
10.6600,2,-9,-1,7,-2,12,-3,11,1,-4,-11,20,-7,7,-12,17,10,-3,-14,11,-10,9,-11,16,3,-2,-9,21,-5,0,-9,25,7,-3,-11,13,-7,14,-4,21,7,-3,-10,9,6,17,2,15,7,1,-10,22,-5,2,-6,15,3,-2,-9,12,-6,13,1,18
10.6800,5,-2,-1,4,-3,12,-8,6,-5,3,-9,21,-4,1,-17,18,9,-2,-9,16,-7,4,-10,15,8,-1,-14,27,-1,2,-1,30,6,-3,-10,11,-9,18,-1,19,7,-7,-10,11,-1,13,2,15,1,-5,-7,21,-7,2,-11,12,6,-5,-4,12,-2,17,4,19
10.7000,2,-6,-3,5,1,14,-6,6,0,2,-9,22,-5,4,-18,21,13,1,-8,12,-12,12,-10,25,5,-3,-8,27,6,-1,-6,28,7,-6,-8,13,-4,21,-4,24,3,-6,-7,12,-1,21,1,18,1,3,-12,20,-3,4,-7,17,3,2,-11,10,-4,14,-5,17
10.7200,1,-1,-5,8,1,14,-9,6,0,6,-9,17,-7,1,-10,20,12,-5,-7,13,-9,9,-11,19,6,-4,-8,23,6,4,-1,27,9,-9,-9,12,-5,17,-2,21,10,-8,-12,13,-5,23,-1,19,3,-2,-9,20,-4,11,-15,24,4,-3,-12,13,-3,17,2,18
10.7400,1,-6,-5,4,0,15,-10,9,-1,3,-7,18,-1,5,-9,19,8,-2,-6,15,-6,10,-11,14,8,-2,-5,25,7,0,-2,31,8,-6,-3,13,-6,19,-4,20,9,-10,-5,13,-4,20,2,21,7,0,-8,23,-8,12,-16,17,2,0,-8,10,-2,16,-1,19
10.7600,2,1,-11,10,-2,17,-14,8,0,8,-7,17,-4,6,-11,17,9,-2,-8,17,-5,15,-14,17,5,-3,-7,28,11,6,-1,30,10,-5,-5,11,-5,23,1,17,9,-8,-11,13,-1,22,1,20,4,-4,-8,15,-7,13,-12,20,4,-2,-4,11,-4,18,-2,19
10.7800,-1,-7,-7,9,-2,12,-17,12,2,6,-5,12,2,-1,-9,21,12,-2,-6,12,-8,14,-11,15,2,-7,-7,25,10,6,-5,24,15,-8,-7,13,-9,26,-1,13,4,-5,-4,17,-4,23,0,17,2,-1,-7,21,-5,18,-10,17,2,-8,-6,12,1,13,5,14
10.8000,6,0,-6,9,-1,10,-17,9,-3,8,-5,15,1,3,-9,23,7,-6,-12,9,-9,14,-13,12,6,-2,-6,30,14,9,0,28,16,-7,-4,10,-1,20,0,19,6,-5,-3,18,-3,32,-1,18,2,1,-7,23,-8,14,-11,17,3,-3,-8,12,-6,18,-3,17
10.8200,3,4,-4,9,-6,16,-14,8,-3,6,-4,16,3,3,-6,20,7,-7,-6,10,-3,10,-15,16,8,-5,-4,28,9,14,4,28,14,-3,-8,10,-4,19,2,15,9,-8,-3,14,-4,32,-1,17,6,-8,-7,19,-10,18,-7,13,3,-6,-6,10,1,21,-1,18
10.8400,2,0,-9,11,-7,13,-15,9,2,14,-4,11,4,7,-1,22,9,-5,-7,13,-1,15,-11,15,4,-7,-3,21,14,12,6,25,11,-7,-3,17,-6,20,1,13,7,-9,-4,13,-7,30,4,23,5,-3,-7,21,-6,21,-8,16,2,-5,-6,11,-4,21,0,18
10.8600,3,-1,-2,7,-4,12,-13,16,7,10,-2,8,6,10,-1,16,7,-6,-5,15,1,11,-12,14,0,-6,-5,15,17,14,8,26,12,-7,-4,12,-7,20,5,18,11,-9,-8,14,-5,34,-1,22,4,-2,-9,21,-4,20,-6,12,5,-2,-3,13,-1,18,2,17
10.8800,6,-1,-5,2,-7,10,-19,18,5,12,-1,8,7,9,-2,19,9,-9,-6,12,0,13,-7,15,6,-7,-7,15,22,14,10,30,14,-9,-6,13,-4,21,0,15,14,-5,-3,13,-2,24,-5,21,7,-9,-8,21,-5,24,-2,15,0,-6,-2,18,-1,20,4,16
10.9000,0,4,-6,2,-8,10,-17,21,8,8,-2,4,8,7,3,21,8,-8,-7,8,5,8,-8,17,3,-3,-4,13,20,15,10,22,13,-8,-7,20,-1,15,0,14,9,-6,-9,19,-3,26,0,22,3,-5,-11,19,-7,23,-4,10,0,-3,-12,13,-3,20,6,17
10.9200,2,0,-10,6,-13,11,-18,18,6,7,-2,3,8,9,8,24,2,-13,-7,8,4,8,-8,21,5,-2,-3,14,19,16,9,22,15,-10,-6,11,4,16,4,17,11,-8,-7,13,-4,26,0,24,5,-4,-8,20,-7,22,1,8,2,-5,-8,17,1,14,0,15
10.9400,4,0,-6,7,-8,6,-13,23,9,7,-6,-1,11,9,4,24,7,-10,-6,3,5,9,-9,21,2,-8,-5,4,24,21,10,23,19,-13,-5,14,0,9,2,13,12,-5,-2,17,-6,28,1,21,5,-5,-4,27,-4,26,-1,10,8,-5,-5,11,3,17,2,16
10.9600,4,4,-6,9,-8,5,-15,19,2,6,-1,4,8,8,9,23,5,-9,-4,11,13,6,-1,24,1,1,-6,1,20,18,6,24,17,-11,-5,12,0,15,3,15,10,-9,-7,17,-6,27,-1,21,6,1,-3,15,-9,28,11,9,6,0,-8,17,-3,15,1,17
10.9800,9,-2,-6,10,-10,6,-12,20,7,8,-4,3,13,5,9,27,0,-9,-4,4,7,6,-5,24,-1,-9,-7,7,18,22,8,19,16,-8,-5,11,1,11,4,17,7,-4,-7,20,-2,23,0,25,4,-4,-9,17,-1,24,12,6,7,2,-6,17,1,13,-2,15
11.0000,3,2,-9,1,-8,6,-8,24,10,8,-2,1,10,5,12,28,6,-6,-3,4,7,5,-2,26,4,-4,-2,5,15,23,11,21,15,-11,-6,16,1,14,1,14,12,-6,-8,18,-1,22,0,22,5,-5,-6,14,-1,25,11,15,-2,-3,-6,9,2,10,5,18
11.0200,8,1,-11,9,-8,2,-12,16,9,6,-8,0,14,6,13,30,5,-6,-4,10,6,9,-4,30,-3,-3,-3,2,18,26,0,21,13,-9,-8,15,2,5,4,13,7,-9,-8,16,-4,15,-2,18,4,-2,-8,18,-8,27,12,9,4,1,-9,9,-2,15,2,18
11.0400,10,-2,-12,6,-5,2,-12,20,11,1,-4,4,12,6,11,18,2,-7,-5,6,11,5,-1,31,-3,-3,-4,-1,11,22,3,22,17,-7,-6,12,4,7,2,13,10,-9,-6,13,1,23,-2,24,6,-4,-10,18,-8,21,13,8,7,-2,-3,12,0,11,1,20
11.0600,11,1,-8,7,1,-2,-6,24,9,-1,-4,8,16,4,15,20,6,-7,-7,6,8,4,0,26,0,-8,-3,-1,8,24,4,17,16,-11,-6,14,5,6,6,14,8,-10,-2,14,1,14,0,20,2,-7,-3,19,-5,16,13,9,6,-4,-6,8,-1,14,4,19
11.0800,8,-2,-7,8,2,-3,-7,23,9,1,-11,7,12,3,18,29,3,-8,-1,8,7,1,1,28,5,-7,0,-2,8,27,1,20,16,-11,0,11,7,9,-2,11,13,-8,-5,15,-2,12,-3,21,4,-4,-6,21,-1,19,13,13,5,-5,-3,8,0,14,5,17
11.1000,12,-1,-5,10,0,0,-5,22,9,-2,-11,7,15,5,11,24,7,-7,-6,8,12,-5,0,32,-5,-9,-3,1,4,21,-2,14,15,-6,0,11,3,5,1,12,5,-9,-3,13,-3,12,3,17,7,-9,-4,17,1,17,16,11,6,-6,-3,12,-2,10,1,18
11.1200,9,-1,-11,9,5,-5,-3,26,5,-1,-8,2,14,15,19,26,9,-6,-5,9,11,2,1,35,2,-3,-3,-2,5,28,-5,17,16,-7,-5,13,5,7,3,19,9,-10,-1,13,1,12,4,19,4,-6,-7,18,-5,18,11,13,3,-1,-1,9,4,12,-1,14
11.1400,9,0,-7,14,10,-6,-1,22,5,-4,-7,5,14,5,16,21,4,0,-3,11,8,4,4,29,-1,-4,-2,11,-1,28,-1,18,14,-2,-8,15,8,8,4,23,11,-15,-2,15,1,14,0,17,1,-5,-5,21,-2,13,7,11,2,-6,-1,16,-4,13,5,16
11.1600,8,3,-7,13,12,0,0,25,6,-2,-8,9,19,8,16,17,10,-4,-2,15,10,7,5,26,1,-8,0,6,4,25,-7,16,20,-6,0,15,8,14,4,25,10,-15,-1,12,1,9,3,18,1,-3,1,27,-3,13,7,14,5,-2,2,12,1,15,3,20
11.1800,6,3,-3,11,8,-4,0,25,6,-1,-3,9,19,9,12,19,16,-1,-3,13,4,7,1,30,6,-4,-4,8,-5,24,-11,15,15,-8,-1,14,5,13,5,25,10,-10,-2,14,-3,10,4,13,1,-3,-2,22,-4,14,7,21,4,-4,-3,13,-2,15,4,15
11.2000,4,-1,3,13,13,-6,5,27,8,-7,-4,9,16,11,14,20,16,-2,-1,14,2,12,3,27,1,-4,-1,6,-4,21,-12,14,18,-10,-1,11,4,8,3,29,8,-16,-4,16,2,9,-5,16,7,0,-4,20,4,17,6,22,3,-1,1,12,-3,14,1,17
11.2200,8,-3,-1,15,13,-3,1,22,6,-7,-1,13,13,10,11,14,14,4,-1,16,3,15,3,28,3,-8,3,11,-2,23,-10,10,13,-9,-3,14,6,14,5,26,11,-13,2,9,0,13,-3,11,9,-3,-3,24,1,17,3,20,2,-2,1,16,2,19,1,16
11.2400,4,0,2,16,17,-3,3,19,7,-3,0,14,14,12,16,11,16,-3,2,17,4,12,2,29,1,-1,-3,12,-4,20,-7,11,18,-6,-1,11,-3,12,2,26,8,-16,-1,10,5,11,-2,14,1,0,1,28,7,16,-4,24,5,-9,3,17,1,20,-1,17
11.2600,7,-1,0,18,17,3,3,20,1,-9,3,14,16,14,11,8,18,-2,0,18,4,19,0,27,0,-7,-1,15,-9,23,-16,18,15,-6,-1,10,-5,19,4,27,5,-15,-5,13,-1,6,-1,14,0,1,5,21,8,13,-3,20,2,-5,-1,7,0,17,4,19
11.2800,7,-2,4,17,22,3,4,22,4,-6,0,11,10,11,3,7,10,0,-2,20,7,21,3,23,4,-11,2,12,-5,17,-14,17,18,-7,-3,19,-1,21,0,28,5,-13,2,14,2,16,-1,11,5,-3,0,23,0,16,-3,22,3,0,5,12,-2,17,-1,17
11.3000,4,-5,2,18,22,4,7,18,-2,-7,6,8,14,10,4,10,13,-7,-1,24,6,22,2,23,1,-9,0,20,-10,16,-13,18,17,-7,2,10,1,21,3,25,1,-19,1,7,-4,12,-3,14,0,-3,-1,26,5,13,-4,26,3,-6,1,11,2,21,0,18
11.3200,6,1,1,18,28,3,8,22,2,-4,3,10,11,6,0,8,16,3,2,24,1,25,4,26,2,-8,-1,16,-12,16,-15,16,17,-8,3,11,-4,21,9,27,9,-21,1,8,-3,10,-3,14,8,4,-1,26,3,16,-7,26,2,-4,-2,8,0,14,-1,12
11.3400,2,-6,4,17,24,2,4,21,1,-2,1,18,8,9,0,4,20,0,1,23,2,26,-3,26,2,-9,1,21,-7,20,-14,15,15,-4,3,13,-10,22,0,29,10,-14,2,9,-2,13,-3,16,5,6,2,24,5,19,-8,23,3,-1,1,12,-2,15,2,18
11.3600,-1,-2,2,23,23,6,6,22,-5,-5,4,13,5,5,-4,4,20,3,-1,19,-4,30,-3,26,0,-4,-4,20,-10,16,-19,17,18,-2,2,14,-4,24,-2,22,9,-17,-1,10,-1,14,-9,15,5,5,3,27,7,14,-7,26,7,-5,2,14,1,15,2,19
11.3800,-1,0,4,20,25,9,8,18,-4,-6,3,15,3,6,-2,-1,14,3,0,18,-1,26,-11,26,1,-9,-3,15,-13,12,-15,18,16,-1,3,15,-5,23,-3,26,6,-17,-1,3,-4,14,-2,16,6,-3,-3,21,4,14,-5,21,6,1,-2,12,-4,14,1,15
11.4000,5,-2,6,17,27,9,8,16,-2,-8,2,17,2,6,-4,1,15,2,4,23,1,27,0,24,2,-11,-2,19,-11,14,-17,18,11,-4,5,16,-4,21,-3,28,3,-20,-2,10,-4,11,-6,13,5,5,-2,21,3,15,-9,23,4,-4,2,12,1,15,-4,15
11.4200,-2,-7,5,17,21,5,10,15,1,-5,5,14,-1,7,-6,1,17,-1,0,19,0,30,-7,19,4,-12,-5,18,-10,10,-20,20,14,-8,0,13,-5,21,-4,21,4,-19,1,6,-4,14,-9,15,0,-1,-3,27,-1,16,-9,20,7,-6,4,11,6,13,0,19
11.4400,3,0,5,18,24,9,7,19,1,0,2,17,-2,0,-6,0,14,-2,3,15,-4,30,-9,24,7,-15,1,13,-10,7,-19,20,9,-2,0,17,-6,19,-4,22,1,-15,-3,6,2,15,-6,20,6,-2,0,24,7,14,-8,20,6,-5,-1,12,0,15,-1,15
11.4600,2,-4,7,15,24,12,10,16,-2,-6,-2,19,-9,6,-5,0,10,-3,1,13,1,27,-9,27,1,-8,0,10,-13,10,-17,22,19,-8,1,11,-3,21,-2,19,8,-16,4,9,-7,13,-7,14,5,-3,-5,23,0,9,-3,17,2,-5,2,14,-5,14,0,17
11.4800,3,-2,4,17,18,14,1,14,0,-8,0,16,-4,2,-2,0,12,-3,1,13,3,28,-7,28,10,-13,-6,6,-14,8,-19,22,15,-6,-1,13,-8,14,-3,23,4,-16,-1,8,-9,12,-8,14,10,1,2,20,0,11,-1,16,10,-4,0,6,-3,19,2,18
11.5000,3,-4,5,18,16,12,6,19,-1,-9,-6,15,-7,5,-9,1,8,0,1,11,-6,21,-8,26,5,-6,0,9,-9,5,-15,20,15,-5,-1,13,-2,18,1,17,5,-16,1,12,-5,14,-15,9,8,2,-4,19,3,8,1,14,5,-6,1,15,-3,13,-2,9
11.5200,0,-6,0,13,19,17,6,16,1,-8,-3,16,-6,3,-8,5,12,-4,5,12,0,26,-5,26,1,-8,-6,9,-13,2,-11,23,10,1,-1,13,-6,17,-2,19,3,-16,0,8,0,10,-10,14,7,-4,3,22,3,4,3,15,5,-3,-3,15,-8,16,-4,15
11.5400,3,-3,1,17,15,16,6,13,-1,0,0,18,-10,4,-10,7,11,-4,-2,11,-2,23,-8,27,3,-8,-4,10,-11,6,-13,25,13,-7,-2,17,-4,13,0,19,7,-18,-5,11,2,15,-10,14,3,-1,-1,20,1,9,3,9,4,-6,-2,10,-3,12,1,17
11.5600,4,-3,2,17,17,22,9,12,1,-5,-5,20,-8,-2,-12,11,6,0,1,9,-1,25,-6,30,-1,-7,-4,5,-6,4,-16,28,9,-6,-2,18,-5,17,1,19,2,-14,-8,13,-1,10,-2,15,9,-5,-6,21,1,5,1,12,7,-1,-2,15,-5,11,0,15
11.5800,4,-4,-1,17,8,15,3,16,5,-1,-3,30,-11,1,-14,9,9,-4,-7,10,-3,17,-9,28,1,-10,0,7,-3,6,-17,24,16,-6,0,17,-7,12,5,14,0,-11,-5,14,-4,11,-4,17,6,-4,-4,22,1,1,4,10,3,-2,-4,13,-3,17,6,13
11.6000,5,2,-1,11,12,22,5,16,3,-4,-4,25,-11,0,-12,15,11,-2,-4,4,-2,19,-10,28,-3,-8,-5,10,-4,-1,-14,18,13,-4,1,10,-4,16,0,18,6,-14,-5,13,2,6,-7,19,7,-5,-4,21,-5,1,5,7,5,-5,-7,14,0,16,0,16
11.6200,0,-4,-2,8,6,24,6,21,0,-1,-3,25,-15,1,-9,16,9,-5,-3,5,3,14,-3,26,7,-9,-3,8,-8,5,-9,23,10,-8,0,17,1,12,1,13,7,-11,-6,13,1,10,5,18,5,-5,-5,22,-3,2,3,9,6,-3,-4,13,-6,18,3,18
11.6400,0,-4,-5,4,0,17,7,17,3,-2,-4,20,-10,3,-9,15,5,3,-3,3,1,10,-4,26,-1,-2,-7,8,-1,-4,-13,25,19,-6,-4,8,-2,14,3,22,12,-11,-6,11,-2,13,2,13,5,-8,-8,17,-4,5,11,10,0,-4,-6,17,2,10,4,18
11.6600,5,-6,-6,7,4,20,1,19,6,-1,-4,20,-8,-1,-10,16,7,-2,-8,5,4,8,-6,25,2,-9,-5,10,-5,1,-9,17,14,-5,-2,13,-5,6,6,16,7,-16,-7,23,1,11,-1,16,8,-4,-7,18,-6,0,3,13,6,-4,-8,12,-2,12,4,18
11.6800,3,-6,-3,6,4,21,-1,19,10,-2,-8,26,-11,-1,-14,21,11,4,-7,7,3,6,-5,27,1,-11,-8,6,0,0,-10,18,11,-9,-8,10,-1,7,1,17,9,-11,-3,15,-1,13,-5,13,4,-8,-8,20,-10,1,-1,11,2,-1,-4,13,3,11,6,19
11.7000,5,-4,-3,6,3,19,-2,17,10,-4,-13,22,-10,-3,-17,20,9,-2,-13,9,0,10,0,30,2,-13,-7,14,2,-1,-5,21,11,-6,-5,11,-2,10,8,17,5,-11,-10,17,0,16,-1,15,5,-7,-3,16,-9,5,3,15,5,-3,-3,13,-2,18,1,15
11.7200,7,-7,-8,6,3,23,0,16,6,1,-12,24,-8,-1,-14,19,8,-2,-5,5,6,13,-5,31,2,-2,-5,11,3,-4,-6,19,12,-6,-8,11,-2,7,1,17,4,-12,-6,16,0,13,1,16,1,-4,-6,21,-13,7,1,10,4,-1,-5,13,1,14,4,14
11.7400,1,-5,-2,4,3,16,3,17,6,3,-11,20,-9,-1,-12,23,10,2,-8,9,-3,6,0,28,5,-6,-1,12,1,0,-7,19,11,-7,-6,8,2,7,1,21,3,-9,-5,16,2,14,-4,10,0,-5,-9,15,-13,4,-4,12,5,1,-4,15,1,16,3,18
11.7600,6,-4,-7,7,3,16,-2,14,11,3,-10,16,-5,-2,-12,23,11,-2,-7,10,0,11,-3,26,-1,-2,-6,13,-1,-1,-6,25,9,-4,-7,8,-1,11,3,17,3,-11,-4,18,3,15,1,16,-3,-7,-6,17,-9,6,1,11,1,-5,-5,14,1,14,3,18
11.7800,-1,-5,-8,-2,2,17,0,18,6,1,-2,16,-5,-4,-7,23,10,-1,-4,9,-3,8,-2,25,5,-7,-2,18,4,-3,0,21,11,-5,-2,7,-4,10,1,20,5,-7,-1,17,2,13,-1,15,-1,-12,-3,18,-10,6,-3,14,1,-2,-1,12,5,17,1,16
11.8000,4,-7,-7,-3,0,15,0,13,9,-1,-8,13,-3,-1,-8,25,3,2,-2,7,5,4,-2,23,9,-4,1,15,0,0,2,19,13,-5,-7,11,-3,13,5,22,6,-11,-6,17,3,17,3,20,1,-5,-5,15,-16,9,-6,14,4,-1,-4,10,-2,13,3,16
11.8200,5,-1,-6,0,2,20,2,19,7,0,-4,16,3,1,-11,22,10,-2,-4,14,4,9,0,26,11,-6,0,14,6,4,1,17,9,-2,-3,9,-2,10,2,19,4,-10,-5,19,5,14,0,14,-2,-11,-4,21,-10,12,-4,19,2,-4,-4,14,3,14,3,19
11.8400,2,-1,-11,-1,4,16,-4,17,6,0,-7,8,1,1,-7,26,13,0,-6,14,3,8,-2,22,6,-10,-1,17,4,1,0,19,5,-6,-5,2,-3,11,2,22,6,-12,-6,22,8,17,3,18,-1,-6,-2,20,-10,18,-11,16,4,1,-4,12,0,14,1,16
11.8600,0,-6,-6,7,-2,17,-2,18,5,-4,-2,7,0,-4,-11,23,10,-4,-7,15,-2,6,0,26,7,-8,1,17,2,0,-3,19,9,-5,-3,7,2,7,-1,23,7,-9,-3,17,3,12,-5,13,-1,-8,-9,18,-6,17,-6,16,6,0,-8,9,0,16,-1,17
11.8800,2,-7,-9,4,4,13,3,19,1,-3,-1,3,-4,3,-8,20,10,-1,-1,10,5,9,-5,26,4,-11,-3,15,4,8,1,19,3,0,-6,8,1,9,-4,20,8,-8,0,13,6,12,-2,13,6,-5,0,14,-8,21,-3,12,-1,-2,-3,13,-1,11,6,19
11.9000,2,-4,-11,8,4,15,-1,20,5,1,-4,5,6,0,-8,22,9,2,-4,13,8,7,-1,19,10,-11,1,17,5,5,3,21,8,-2,-3,7,0,14,0,27,5,-4,-5,10,1,15,1,18,4,-5,-4,19,-6,21,-6,18,8,-4,-1,10,2,15,7,17
11.9200,7,-4,-7,6,-3,11,-3,17,2,3,0,-1,2,2,-3,23,12,-7,-2,17,5,9,-3,20,6,-9,2,21,4,8,1,20,7,-3,-6,9,1,12,2,23,5,-6,-5,11,4,17,-3,15,0,-5,-4,19,-8,22,-2,22,-2,-2,1,14,0,15,5,21
11.9400,5,-4,1,10,3,12,-2,22,7,0,5,1,3,4,-4,20,8,1,-3,24,6,12,0,18,10,-7,-1,26,-1,9,0,17,12,-2,-2,6,0,16,0,21,6,-6,-4,12,4,15,1,15,-2,-2,-4,14,-6,29,-6,24,4,-2,3,16,1,20,-2,20
11.9600,3,-1,-4,10,3,11,-4,19,4,2,2,-6,1,7,-6,19,10,2,-2,21,5,14,2,24,4,-9,-1,20,-1,10,-1,16,13,-3,-5,9,-2,17,-1,24,3,-8,-4,13,4,14,-3,16,1,-9,-4,17,-2,26,-5,21,6,-6,1,14,-6,19,2,20
11.9800,5,-4,-2,11,1,12,2,23,4,-5,1,1,-3,11,-2,23,15,0,-1,22,4,13,4,21,9,-7,0,17,2,11,1,18,11,2,3,10,-4,17,-5,20,4,-7,7,10,2,16,-4,18,2,-1,-3,16,-4,31,-6,20,2,-3,2,17,1,20,1,18
12.0000,6,-4,-1,17,-4,13,-1,22,3,-2,7,0,1,7,-5,20,13,-5,1,15,5,17,1,16,11,-14,4,18,5,18,1,20,5,-3,-2,10,0,16,-2,23,4,-10,-4,16,-1,18,-8,17,2,0,-3,15,-5,32,-3,19,5,-4,-2,14,-5,16,2,20
12.0200,4,-4,1,17,1,14,-1,20,0,0,5,2,1,14,-1,16,14,-2,0,16,3,19,5,17,9,-10,3,17,-6,19,-1,11,7,-5,-1,7,-4,11,-1,22,0,-5,-2,10,1,18,-1,20,4,-1,-5,18,4,29,-1,22,7,-2,-4,13,1,16,4,18
12.0400,3,-4,4,14,-1,14,2,23,5,2,1,1,0,12,-5,16,11,-3,-2,19,3,19,-4,22,9,-11,-2,14,-5,15,5,17,10,-2,-7,10,-8,21,-2,22,4,1,2,9,1,17,-3,18,9,3,0,16,4,33,-1,24,5,-4,0,17,3,19,3,17
12.0600,4,-6,4,16,3,12,1,22,4,3,3,-4,2,10,-1,16,11,-3,-4,19,6,14,-1,21,4,-9,0,15,-5,14,-1,20,6,-1,-3,17,-8,12,1,28,1,-2,-1,7,1,20,-2,17,8,3,-5,14,1,29,-5,20,5,-2,2,15,-4,18,0,16
12.0800,5,-8,2,16,1,14,-2,25,4,1,1,6,-1,17,-3,16,9,-4,-3,16,2,17,1,25,1,-10,0,9,-7,15,0,14,15,-2,4,11,-3,17,-3,23,-2,-8,1,13,-4,20,-5,21,7,-2,-2,14,2,27,-6,22,3,-6,4,13,-4,15,-1,18
12.1000,5,-5,1,20,4,14,0,23,5,-1,7,5,3,15,-1,15,11,-1,3,16,2,15,3,22,3,-10,-3,11,-3,15,2,18,10,-2,2,11,-5,20,2,23,3,-7,1,9,-4,19,-3,22,6,0,-6,19,3,28,3,21,3,-2,1,10,-4,16,-2,19
12.1200,7,-4,1,18,1,11,0,21,2,1,7,7,3,16,1,11,12,0,-2,14,3,16,3,18,5,-7,0,8,-6,14,-3,16,7,2,5,16,-3,22,2,18,8,-4,4,7,-2,18,-8,16,12,2,3,15,0,27,3,18,5,-5,5,13,-6,19,-2,17
12.1400,1,-5,2,19,3,13,-2,25,6,0,9,11,5,17,-3,18,14,-7,-3,8,5,21,-4,25,5,-4,1,7,-2,21,-1,17,9,-8,1,18,-7,14,1,21,6,-5,1,12,-3,19,-3,19,8,2,2,10,5,19,8,17,6,0,-1,13,-6,18,2,17
12.1600,6,-7,5,27,3,7,3,19,6,2,3,14,5,15,4,16,9,-4,-1,12,6,22,-2,23,2,-7,2,6,-3,19,-5,14,6,-3,0,15,-2,16,-3,23,3,1,1,9,0,20,-2,16,10,3,-3,16,8,18,5,13,2,3,3,11,-2,17,4,19
12.1800,6,-4,9,17,0,10,1,20,4,-1,6,16,4,13,-3,13,8,-4,-1,13,3,16,5,24,3,-13,1,7,-4,22,-4,17,6,-7,1,15,-6,16,0,19,3,-5,6,7,0,17,-2,17,12,-4,0,15,7,7,6,10,8,-1,7,9,0,15,-2,18
12.2000,3,-8,7,22,4,9,-1,28,6,0,6,17,1,16,5,13,6,-5,0,5,9,21,3,24,3,-12,-1,7,-9,18,-2,8,6,-4,1,21,-8,19,3,22,2,-5,5,10,-2,20,-7,15,10,1,0,13,5,10,14,13,5,-5,2,10,-4,18,0,16
12.2200,2,2,3,23,1,9,5,25,7,-2,1,21,3,17,1,15,8,-2,3,5,5,18,-3,22,5,-8,1,4,-3,19,-5,16,7,-3,6,15,-3,20,-1,17,6,-3,-2,9,7,17,-4,21,8,-2,-3,15,4,8,7,11,9,-1,0,14,-1,14,0,16
12.2400,4,-5,5,23,1,10,1,24,-1,2,1,21,1,11,6,5,11,-1,2,9,1,19,4,19,9,-3,4,6,-2,21,-3,14,5,-1,2,15,-8,16,1,15,6,-4,2,13,0,24,-4,15,13,-2,1,14,7,4,9,9,3,-3,3,9,2,15,3,12
12.2600,1,-3,5,22,2,11,1,22,6,-2,3,24,5,11,0,17,6,-2,4,7,6,14,1,17,3,-4,2,0,-2,17,-13,8,8,-3,3,16,-4,15,3,19,7,-3,5,13,0,15,-4,18,9,-2,6,13,6,6,6,10,1,1,2,12,-1,13,-5,13
12.2800,-2,-7,6,20,2,17,-3,22,3,-1,1,22,3,13,0,11,6,-1,2,3,7,19,3,22,5,-8,2,-2,-7,16,-5,17,9,-2,-1,19,0,12,0,19,3,-5,6,12,-1,15,-5,15,15,-5,3,10,8,3,7,14,1,-4,3,13,1,14,-6,15
12.3000,5,-4,-3,18,-2,6,2,21,1,-4,1,25,5,11,6,17,10,-2,2,5,5,17,3,20,3,-9,1,0,-5,16,-10,15,5,-3,3,23,0,12,-1,18,7,-11,6,12,-2,12,-2,17,12,-2,-1,10,12,-1,8,7,6,0,4,11,-1,14,1,15
12.3200,7,-4,2,20,5,11,1,19,1,-2,1,24,4,11,6,14,17,3,3,3,5,13,-1,24,5,-7,-1,5,-4,15,-11,16,10,-3,3,19,-1,14,-4,20,-3,-6,1,15,4,12,-5,11,11,-3,0,17,13,1,10,8,6,-1,3,10,-2,10,0,16
12.3400,2,-6,-1,20,4,5,-1,20,5,-7,-3,26,9,12,0,13,10,-1,2,4,5,13,1,19,2,-3,-2,5,3,16,-10,16,8,-1,3,13,-1,14,1,18,5,-8,-4,12,1,15,-3,13,14,-3,-3,14,7,-3,5,12,3,-3,1,12,2,12,0,13
12.3600,2,-3,1,18,3,10,3,18,0,-3,-4,22,4,8,-3,14,10,-2,2,9,4,11,4,24,6,-7,-2,3,-5,15,-10,14,8,-4,4,14,3,17,-3,20,4,-13,3,11,2,12,-7,11,6,-7,3,15,9,0,6,10,0,1,-1,12,1,11,0,16
12.3800,6,-7,1,23,8,9,-1,20,5,-4,-3,20,9,10,3,11,9,-2,-1,4,3,11,-5,17,7,-11,-5,8,3,14,-8,16,7,-3,4,16,-1,8,3,14,3,-12,2,11,3,9,-6,13,9,0,-3,11,4,-2,3,12,6,-2,-3,11,0,14,-1,15
12.4000,5,-1,-5,16,5,9,0,20,7,-9,-2,19,4,8,3,17,8,-3,4,13,0,9,0,19,2,-13,4,4,0,13,-9,13,9,-6,6,13,-1,14,-5,15,6,-9,1,14,2,8,-1,10,6,-6,-3,13,6,1,6,14,4,0,1,14,-1,12,-3,13
12.4200,5,-4,1,15,4,9,0,18,5,-6,-5,18,-2,6,2,16,3,4,3,8,0,7,6,17,3,-9,-5,7,2,9,-3,12,7,-2,3,12,-4,13,-2,18,2,-8,-3,10,1,13,-4,15,8,-6,-5,11,3,2,-1,17,1,-3,3,14,-5,9,-3,13
12.4400,6,-7,-1,13,3,4,-2,17,4,-8,-4,14,6,5,0,16,2,-1,9,12,3,5,0,22,3,-9,0,12,0,11,-8,12,5,-7,-1,12,-1,10,2,16,5,-8,-1,9,3,11,-5,15,2,-4,-5,13,3,6,0,14,4,-5,-1,9,-1,11,-4,14
12.4600,2,-7,-6,12,9,5,1,16,8,-5,-6,10,3,5,3,16,14,-3,2,12,3,5,0,24,3,-12,-5,15,2,10,-5,20,4,-5,1,12,0,12,-1,18,2,-10,-3,13,4,6,-5,12,-1,-8,2,12,2,10,5,15,5,-3,-4,16,-3,6,2,15
12.4800,1,-5,0,9,8,9,3,16,4,-5,-5,9,3,3,3,17,13,-5,-3,13,1,8,-4,18,5,-7,-2,14,2,6,-2,18,8,0,-1,10,1,11,3,19,2,-11,-5,14,3,12,-3,15,4,-8,-5,14,-3,11,3,19,-1,-1,-1,15,-2,13,-2,16
12.5000,3,-4,-4,7,5,3,3,15,3,-5,-9,7,5,0,0,12,11,-6,1,16,-3,9,2,19,6,-8,0,15,1,2,-8,15,9,-3,-2,7,-1,14,-4,20,8,-7,-6,13,3,8,-4,17,2,-6,-3,17,-5,12,2,19,2,-6,-1,14,-1,11,5,16
12.5200,7,-6,-6,6,7,11,2,15,1,-5,-8,6,1,6,-2,20,11,-1,-3,20,1,4,2,19,7,-7,3,20,4,9,-1,16,2,-2,-4,5,-1,12,-1,15,0,-9,-3,18,-1,6,-3,14,0,-7,-7,15,0,11,0,18,4,-1,-2,15,-1,8,-1,15
12.5400,9,-5,-10,7,6,8,4,13,4,-8,-5,5,-2,1,1,19,12,-6,-3,20,3,6,0,21,6,-9,-4,14,-3,9,-5,15,7,1,-2,12,4,9,-5,17,2,-8,-4,15,3,8,-7,13,-1,-7,-2,15,-4,16,-2,21,3,-6,-3,11,3,8,1,15
12.5600,5,-10,-2,9,4,8,3,19,8,-6,-8,3,6,-2,-1,12,7,-4,-3,17,4,12,2,20,6,-16,0,19,2,7,-4,13,9,4,1,6,-1,14,-1,24,5,-9,-8,16,1,9,0,14,1,-5,-7,17,-13,19,1,17,5,0,-3,11,6,9,4,17
12.5800,0,-7,-7,8,5,5,3,16,4,-3,-5,4,5,5,-1,16,8,-1,-6,19,-2,10,1,17,7,-10,-1,21,-2,8,-2,15,9,-3,-1,8,-2,12,4,18,5,-6,-7,19,7,10,-4,10,-2,-4,-7,17,-11,17,-2,21,3,-1,-7,12,1,18,2,16
12.6000,6,-7,-6,1,8,8,0,18,5,-1,-3,6,1,9,-2,20,12,-3,-2,23,4,7,2,17,7,-11,4,24,4,8,0,21,10,-3,-3,13,2,15,6,28,1,-10,-9,13,6,14,-4,15,1,-6,-6,17,-6,17,-9,25,2,-1,-4,13,-4,8,2,16
12.6200,6,-4,-5,3,4,12,2,16,1,-3,-5,4,2,4,0,19,4,-3,-4,19,0,9,0,20,5,-10,1,19,6,11,3,16,9,-6,-2,9,4,17,6,16,4,-9,-5,11,7,10,-3,18,1,-7,-7,18,-11,21,-8,22,5,-5,-4,11,3,13,3,16
12.6400,4,-9,-4,3,11,10,1,16,0,-3,-2,3,0,3,-1,15,8,2,-5,20,6,12,2,24,1,-6,-5,24,-1,8,-3,18,8,-3,-2,3,4,16,-2,18,-2,-10,-7,12,4,13,-2,14,1,-2,-5,17,-11,21,-5,20,6,-7,-6,10,4,10,0,12
12.6600,4,-5,-5,3,6,17,6,15,0,-4,1,7,-2,8,-1,16,10,3,-5,20,3,12,-4,16,7,-11,-5,22,3,7,0,17,12,-1,-3,5,1,13,-1,23,1,-11,-6,13,5,10,-4,18,0,-4,-3,20,-10,17,-1,25,7,-4,-4,12,2,11,5,12
12.6800,3,-7,-4,1,7,15,1,17,4,-4,-1,9,-4,9,-1,17,6,-6,-2,16,2,13,3,24,6,-12,1,23,2,11,0,18,8,-4,-4,9,-4,12,3,23,2,-9,-9,15,5,16,-1,17,-2,-6,-5,16,-10,18,-12,26,1,-3,-4,15,3,13,4,17
12.7000,3,-5,-5,4,7,20,4,18,9,-3,-1,5,-3,7,-4,19,7,3,-5,17,3,17,-3,22,8,-9,0,25,3,12,-3,18,12,-2,-3,11,-6,18,-4,21,-1,-6,-9,15,1,16,-4,17,2,-2,-5,13,-10,20,-11,22,0,-2,-3,13,3,13,0,17
12.7200,3,-10,-4,6,1,21,-1,14,3,-3,-4,9,-5,6,-6,20,11,-2,-6,21,3,14,-2,27,5,-6,-2,21,0,10,-6,15,7,2,-9,15,0,15,1,17,0,-10,-6,14,0,15,-1,20,0,-4,-6,18,-9,21,-11,25,4,-7,-6,16,-1,15,2,17
12.7400,6,-3,-4,6,8,23,0,18,4,-5,3,14,-13,11,-3,20,8,1,-6,19,2,16,8,18,7,-12,-4,23,-3,8,-3,19,9,-1,-8,9,-2,20,1,21,0,-7,-2,9,2,13,-2,16,7,1,-4,17,-10,18,-12,23,7,-5,-5,17,-3,20,0,13
12.7600,4,-4,-3,8,5,20,4,18,8,-1,2,11,-10,7,-6,17,5,-8,-7,19,-3,15,-3,20,3,-7,-11,24,2,12,-5,20,14,1,-6,11,-6,18,0,20,-1,-13,-5,15,1,20,-1,15,5,-2,-7,17,-10,20,-7,24,6,-1,-3,15,-7,16,2,18
12.7800,4,-2,-6,4,3,25,0,20,7,-4,2,13,-7,11,-4,24,10,-3,-9,14,3,14,0,22,6,-7,-5,20,2,13,-9,17,13,-4,-9,13,-5,19,1,21,3,-9,-3,8,-1,19,-3,19,6,-1,-11,16,-2,16,-5,20,5,-3,-9,10,-4,16,-4,20
12.8000,3,-7,0,10,4,27,-1,19,6,-1,1,14,-9,14,-6,17,12,-1,-4,15,1,20,-1,21,8,-7,-2,19,1,11,-14,13,10,0,-5,12,-5,19,-7,20,3,-10,-5,10,-2,19,2,21,4,-2,-6,20,-5,18,-5,23,6,1,-6,11,-5,17,3,16
12.8200,3,-2,1,12,4,30,3,20,6,-4,-1,20,-10,11,-7,20,10,1,-5,18,-1,18,-1,23,9,-4,-2,16,-7,9,-1,18,13,-2,-7,12,-2,17,-1,15,6,-7,-6,10,-1,21,-2,20,4,2,-7,19,0,21,-3,17,4,-2,-5,14,-4,18,-1,18
12.8400,4,-2,-1,16,2,23,-4,23,9,-5,1,16,-8,12,-5,20,6,1,-3,11,1,18,0,25,9,-7,-7,14,-6,13,-7,16,13,-1,-3,14,-1,15,-5,17,4,-6,-2,8,2,19,-2,12,8,3,-9,17,-4,16,-2,15,5,-2,-1,13,2,19,-2,15
12.8600,9,-5,-4,17,-2,24,1,21,4,-3,-1,14,-12,14,-6,15,4,3,-4,11,2,18,3,25,6,-3,-7,14,-2,12,-10,15,8,1,-3,13,-6,21,-2,15,0,-12,-4,11,-1,15,-2,18,9,1,-5,17,1,15,-3,12,9,1,-2,14,-6,16,-2,17
12.8800,4,-3,-6,20,3,24,3,23,4,-2,2,16,-7,13,-9,21,4,-1,-7,10,2,16,-4,24,8,-4,-8,12,-5,13,-10,15,15,-2,-8,15,-5,20,-5,13,4,-14,-6,8,0,22,-1,16,10,1,-5,16,3,13,0,11,8,-2,-8,13,-4,15,-3,17
12.9000,6,-8,-3,17,-1,25,-4,24,5,-3,2,15,-10,10,-8,14,9,-1,-5,6,-1,13,0,26,9,-6,-8,5,-3,14,-6,15,12,-2,-6,15,-8,20,-3,22,4,-11,-4,14,-4,17,-4,22,6,0,-4,18,6,13,-1,12,5,1,-5,14,-10,20,0,18
12.9200,5,-2,-1,18,1,23,-2,19,7,2,0,11,-10,16,-3,14,8,0,-5,7,0,15,2,24,8,-3,-10,-1,-4,7,-7,7,11,-3,-8,10,-3,18,-3,16,4,-7,-4,14,-3,18,0,18,8,-3,-4,17,7,15,2,14,4,-1,-6,12,-8,16,1,15
12.9400,1,-3,-3,20,2,18,-4,18,5,-1,-4,15,-11,13,-6,16,7,-3,-1,6,-2,14,1,23,12,-4,-6,0,-1,12,-7,13,14,-5,-3,11,-6,20,-3,19,4,-14,-2,19,-5,19,-5,19,6,-1,2,15,7,15,4,12,12,0,0,11,-2,20,-4,16
12.9600,1,-3,-2,22,3,24,-4,21,5,-4,1,13,-7,10,-12,17,10,-4,3,3,0,13,0,28,6,-3,-13,1,-1,9,-8,15,14,-3,-3,17,-3,15,-6,16,3,-11,-3,13,0,17,-4,14,7,-4,-3,18,8,11,5,15,7,-1,-2,6,-7,13,-4,15
12.9800,3,-4,-4,25,5,17,1,19,3,-1,-6,10,-10,2,-6,15,6,-3,-2,4,-1,13,6,23,1,-7,-6,1,-1,6,-7,15,11,-1,3,17,-3,19,-1,15,10,-13,-4,12,0,15,-1,21,5,-9,-4,19,9,11,11,8,11,-2,-7,12,-3,15,0,18
13.0000,6,-3,-5,20,10,17,-5,19,2,-6,-4,10,-6,6,-6,17,5,1,-2,6,5,14,2,27,6,-8,-5,1,-2,9,-2,12,11,-2,-8,13,-1,18,-6,15,1,-17,-7,17,0,13,-6,15,4,-7,-3,16,8,15,11,11,8,-2,-4,15,0,15,-3,19
13.0200,4,-3,-3,21,5,19,-2,21,3,-1,-6,11,-9,-1,-4,19,3,-1,-2,7,4,12,4,21,11,-5,-3,-1,-5,10,-8,16,16,-4,-6,19,4,13,-4,15,8,-15,-3,16,1,13,-4,12,9,-3,0,20,8,13,11,9,5,-2,-4,9,0,15,-7,18
13.0400,7,-8,-1,17,3,20,-5,20,3,-6,-5,16,-8,1,-2,20,10,1,-5,2,3,9,4,27,2,-6,-5,1,0,10,-11,11,14,2,-8,12,-2,16,-1,19,5,-12,-4,13,1,13,-6,13,4,-7,-3,15,6,12,8,9,6,-3,-1,17,-1,9,-2,16
13.0600,9,-6,-3,19,6,17,-1,20,4,-3,-2,12,-5,3,-6,22,9,-2,-2,2,5,7,-1,23,8,-8,0,-3,2,12,-8,11,19,-1,-8,13,-6,13,-7,17,1,-15,-6,18,0,13,-6,12,6,-7,-1,19,13,12,13,11,5,-7,-3,6,3,12,2,17
13.0800,4,-8,-10,22,8,16,2,18,3,-1,-4,13,-5,3,-6,22,9,3,-4,6,3,12,3,30,11,-10,-8,0,2,4,-7,18,13,-4,-3,15,2,13,-5,17,3,-13,-3,16,-1,11,-5,16,6,-7,-4,19,6,8,10,13,7,-3,-1,14,0,11,0,19
13.1000,5,-3,-3,15,5,14,-3,20,1,-2,-6,14,2,2,-4,16,12,-7,-3,5,5,11,5,29,6,-7,-8,1,-1,14,-11,13,17,0,-7,16,3,11,-6,19,5,-15,-4,13,-1,8,-5,19,7,-10,-2,17,7,8,7,6,4,-11,-3,8,2,11,-9,20
13.1200,6,-6,-5,11,5,16,3,25,4,-4,-8,11,1,-3,-4,19,8,-2,-2,4,7,7,1,27,7,-10,-3,1,0,8,-8,9,18,-1,-7,13,1,8,-4,21,-1,-13,-3,9,4,10,-7,20,6,-9,0,14,6,7,10,14,6,-7,-6,15,1,11,-2,15
13.1400,5,-6,-7,8,6,13,-2,27,3,-8,-7,16,1,-1,-1,21,9,-3,-1,5,4,5,-1,31,9,-11,-5,6,1,7,-12,15,12,-3,-6,13,3,9,-2,19,2,-11,-3,12,7,3,-2,13,11,-4,-3,21,3,10,8,14,4,-1,-4,15,1,11,0,12
13.1600,10,-8,-5,10,8,16,2,24,4,-6,-7,15,3,0,-3,17,9,-2,-3,12,6,9,1,24,7,-11,-5,8,-1,6,-9,13,12,-3,-2,12,2,11,-1,21,-1,-12,-4,14,4,4,-3,16,6,-5,-1,22,1,9,6,15,3,0,-2,12,2,11,0,16
13.1800,7,-8,-11,11,8,14,2,21,7,-5,-8,17,1,-4,-4,22,12,-4,-5,7,6,9,0,30,6,-11,-3,11,3,2,-10,16,14,1,-1,14,3,8,-3,21,1,-16,-5,12,3,6,-7,11,9,-5,-2,18,5,11,2,16,0,-2,-8,11,7,14,2,17
13.2000,3,-3,0,13,11,16,5,22,6,-5,-5,17,1,-5,-3,16,10,1,-4,9,12,5,3,28,6,-8,-1,14,2,8,-8,15,15,0,-1,14,1,12,-1,21,3,-17,-3,13,4,10,-4,13,5,-4,-1,16,5,9,2,15,2,-1,-4,10,4,7,1,22
13.2200,9,-6,-4,8,10,13,-1,23,5,-6,-2,14,2,-3,1,16,10,-5,-4,16,9,7,-1,29,9,-12,2,17,0,10,-10,11,14,3,-3,20,-1,12,2,21,3,-15,-7,6,0,9,0,13,6,-6,-2,17,-1,6,-2,18,8,-4,-1,14,4,12,-3,14
13.2400,8,-5,-7,3,5,9,5,22,3,-1,-8,13,2,-6,-2,13,4,2,0,16,10,9,1,30,8,-9,-6,14,-2,9,-10,14,14,1,-2,16,-1,8,0,18,-3,-13,0,9,7,9,-5,16,2,-4,-4,19,-4,8,-2,21,3,-1,-3,9,1,6,3,18
13.2600,3,1,0,6,7,13,8,17,3,-4,-2,20,-2,-3,-4,18,2,1,-5,14,2,11,3,32,7,-6,2,16,-4,9,-8,16,11,-3,1,16,5,12,1,20,1,-15,-5,10,9,11,-8,13,5,-2,-3,17,-7,9,-2,20,2,0,-3,11,1,14,4,17
13.2800,3,-9,-5,5,9,13,3,20,7,-5,-5,17,-1,-6,-4,14,2,0,-1,18,-1,12,4,24,6,-10,1,22,-4,11,-10,14,13,1,-1,9,2,11,-5,19,0,-14,-6,6,2,10,-2,13,3,2,-3,21,-3,7,0,17,5,0,1,13,5,9,2,10
13.3000,1,-8,-2,4,9,14,5,20,2,-8,-3,16,0,1,0,12,8,-2,-3,18,3,13,4,24,9,-7,2,22,-6,9,-7,15,13,-1,0,11,5,14,-4,20,1,-11,-6,9,1,12,-2,10,4,2,0,22,-3,9,-8,23,-1,0,-1,11,-4,14,9,16
13.3200,2,-7,0,6,11,11,3,20,5,-4,-3,14,3,-2,5,16,4,-2,-2,20,1,14,5,24,6,-11,2,19,-4,14,-8,14,12,-4,0,9,2,5,-2,17,1,-11,-4,13,3,11,-5,16,2,0,-4,24,-6,11,-7,21,0,-3,-3,13,-3,15,2,15
13.3400,3,-5,1,8,11,17,5,14,2,-3,-1,17,3,-4,2,15,1,-1,1,18,-1,15,4,28,6,-9,4,19,-7,12,-6,16,14,1,6,14,-1,15,-5,22,4,-19,2,10,2,10,-4,19,2,5,0,18,-5,10,-3,26,11,3,3,9,2,11,8,16
13.3600,5,-5,-2,6,10,14,4,16,9,-4,5,14,2,-3,1,14,5,1,1,21,1,17,3,27,2,-6,3,17,-6,16,-6,13,11,-1,-1,12,0,13,-4,19,0,-13,1,10,6,14,-1,16,1,1,-7,20,-3,9,-4,24,2,-3,-3,13,-2,18,3,14
13.3800,4,-8,-3,7,10,8,12,18,1,0,6,12,4,-2,7,17,10,0,-1,20,1,15,2,27,4,-5,0,18,-6,17,-12,14,15,0,0,10,-2,13,-5,19,0,-12,-1,8,3,10,2,13,-1,-6,0,19,-6,16,-6,21,4,-1,2,9,-3,13,6,17
13.4000,3,-8,1,7,9,9,6,16,1,-4,2,14,0,-3,7,15,7,-2,3,19,-1,15,3,25,12,-6,8,20,-9,10,-8,17,13,0,-3,11,3,11,-2,22,3,-14,-1,13,1,12,0,17,1,1,-2,20,-8,16,-5,30,6,-6,1,9,0,13,3,15
13.4200,4,-6,4,8,12,14,8,16,2,-2,1,9,-1,-3,7,16,6,1,5,19,2,16,1,25,10,-6,1,17,-6,12,-7,17,15,0,2,11,-4,12,-4,20,1,-15,-2,17,0,14,0,13,3,0,0,19,-9,14,-8,18,3,2,3,18,3,14,3,18
13.4400,4,-4,6,9,13,13,8,15,5,-4,6,7,1,6,1,17,8,0,-1,18,-3,22,4,24,6,-2,-1,17,-7,13,-6,15,16,-5,-1,13,0,15,1,17,-5,-14,0,13,5,10,-1,15,-2,-5,-2,22,-7,20,-2,20,1,-6,0,15,-4,15,3,15
13.4600,-3,-5,-1,9,6,15,8,18,4,0,2,10,-1,7,2,14,3,-1,1,15,-1,19,0,24,5,-3,0,17,-6,16,-7,20,11,0,0,7,-2,14,1,14,-3,-11,2,11,6,18,-3,17,2,2,0,24,-7,17,-2,20,3,3,-1,10,-1,18,8,13
13.4800,2,-2,4,10,10,16,4,17,9,-3,7,7,1,5,-2,16,6,1,1,16,-1,18,0,25,7,-6,3,15,-3,15,-9,21,10,-4,-3,13,-2,16,-1,18,1,-10,-2,7,0,20,1,8,3,-4,1,23,-2,19,-1,15,5,-5,1,11,-4,18,2,14
13.5000,1,-6,0,8,12,16,4,14,5,1,-1,5,-2,4,3,17,6,0,4,13,-3,15,2,29,7,-9,-1,14,-4,16,-6,19,14,-2,0,12,-4,16,-4,17,-1,-13,-4,13,6,15,1,11,0,-5,5,25,-6,21,-2,18,4,-7,-1,8,-6,16,0,16
13.5200,4,-5,-1,13,8,15,7,17,4,-4,3,11,2,10,-1,15,6,-2,-2,11,-3,19,7,26,10,1,1,8,-11,10,-9,17,11,0,1,10,-2,18,-1,19,-1,-15,-2,14,2,21,-1,19,0,-6,-1,19,-1,25,-5,19,6,-3,-3,11,-2,18,-1,14
13.5400,8,-8,4,13,8,11,4,17,7,-2,3,7,1,7,3,13,5,-1,-2,12,-1,16,-1,24,8,-1,1,12,-6,14,-8,15,12,2,1,13,-5,19,-1,14,4,-16,-3,10,8,11,-2,15,2,-5,2,20,-2,20,-1,15,4,-4,0,12,-2,16,-1,16
13.5600,7,-9,2,12,7,14,8,15,3,0,0,5,-3,12,2,23,3,-3,-6,8,1,11,3,21,12,-7,-2,10,-8,22,-10,14,15,1,-1,13,0,20,-3,16,-2,-17,2,11,0,18,-3,15,8,-4,-3,16,0,21,4,13,2,-5,1,14,-5,21,1,17
13.5800,7,-7,4,14,8,14,2,15,8,-8,0,6,1,8,2,21,10,1,6,10,-3,17,3,28,7,-6,-5,7,-4,17,-14,17,12,-1,-4,8,-7,18,-3,15,2,-14,-5,11,5,19,0,15,1,-6,5,17,1,25,-4,13,2,-4,-3,9,0,18,-1,18
13.6000,2,-9,1,17,8,20,6,13,3,-5,0,3,-1,15,1,18,3,-3,-4,9,-1,13,2,28,6,-7,-2,7,-6,15,-10,19,16,3,-2,11,2,18,-4,20,5,-14,-2,7,1,16,-4,14,1,-2,-1,18,3,21,-2,13,9,-5,-3,8,-1,17,-3,22
13.6200,6,-9,0,17,5,19,0,18,3,-1,2,6,1,13,-3,18,0,3,1,8,4,14,2,29,8,-8,-2,8,-7,17,-8,19,17,-1,0,14,-2,18,-2,12,1,-14,-1,9,-2,18,-10,11,6,-6,0,13,7,21,-1,16,4,-2,-3,13,-1,13,0,17
13.6400,5,-5,-3,15,9,16,4,20,3,-7,1,7,-2,10,-5,21,4,1,-5,6,3,11,2,29,7,-7,-5,4,-4,17,-11,17,9,-2,-7,17,0,14,-2,17,3,-12,-4,10,2,18,0,14,6,-7,1,19,7,23,3,15,8,-3,-1,10,-1,14,-6,16
13.6600,7,-7,1,17,7,18,-1,15,3,-6,1,13,1,13,0,16,10,-1,-9,8,0,13,6,29,6,-9,-5,10,-2,15,-9,17,15,-3,-4,12,4,20,-4,23,0,-15,-2,12,3,17,2,15,5,-2,0,17,5,19,2,12,8,-2,0,10,2,16,-2,18
13.6800,14,-7,-5,18,15,17,1,14,5,-7,1,12,-2,7,-5,26,6,3,0,9,2,11,2,24,4,-3,-3,5,-5,13,-10,13,13,-1,4,15,3,19,-8,17,-1,-11,-2,16,8,16,1,16,13,-5,-5,16,5,24,6,12,3,-5,2,9,-1,18,-3,19
13.7000,9,-6,-6,17,7,15,1,19,6,-4,0,10,1,14,3,21,3,-5,1,7,3,8,0,26,7,-3,-2,7,-3,12,-11,18,17,-1,-5,9,2,16,-8,16,6,-14,-5,10,2,11,-2,16,8,-3,-3,18,5,20,0,14,6,-5,0,14,0,19,1,15
13.7200,9,-6,-5,18,10,13,3,19,3,-8,-3,13,-1,15,0,21,4,-4,1,2,1,9,0,27,7,-4,-2,8,-6,14,-10,16,18,-2,-4,16,3,15,-4,18,4,-13,-1,9,3,13,-5,13,9,2,-1,17,5,16,-4,10,6,-5,-4,16,-1,18,1,18
13.7400,6,-6,-3,18,8,21,1,19,3,-5,-3,18,-2,15,4,23,9,2,-3,8,4,9,0,27,9,-3,-2,8,1,17,-10,14,20,-2,-6,10,-4,13,-7,20,2,-14,-3,8,8,14,0,12,5,-3,-2,18,8,13,6,12,3,-4,0,11,1,19,3,15
13.7600,-1,-11,-5,12,13,21,-2,17,9,-7,-2,17,-6,11,1,21,5,-5,-3,8,0,10,1,29,6,-9,-6,13,0,15,-10,15,15,0,-6,15,4,12,-3,17,6,-12,-2,13,5,15,-5,13,4,-5,3,22,6,14,1,15,5,-1,0,7,0,13,0,18
13.7800,4,-4,-10,19,8,22,6,23,0,-1,-2,18,-1,12,0,24,3,0,-1,4,6,5,4,31,8,-6,-2,13,-5,13,-10,18,17,0,-5,12,-4,18,-7,19,-1,-14,-4,11,2,14,0,13,6,-4,-2,19,4,14,-3,13,4,-1,-2,12,0,14,3,18
13.8000,6,-7,-6,16,10,15,0,20,3,-5,-5,12,-5,7,1,21,4,3,0,9,-3,6,1,26,6,-6,-2,8,-1,12,-9,15,16,3,-7,10,3,14,-4,17,2,-11,0,11,5,17,1,12,6,-1,-3,16,4,4,2,15,9,-2,-1,10,1,17,-4,17
13.8200,9,-10,-6,9,9,16,-1,20,-4,-7,-6,17,-5,7,-4,26,7,1,-3,7,2,4,7,27,7,-5,-4,12,-2,9,-6,15,15,-1,-3,11,3,15,-4,18,-1,-15,0,13,4,10,-1,19,2,-7,-5,20,3,6,2,14,3,-2,-5,12,4,10,1,16
13.8400,5,-6,-7,10,5,19,1,20,6,1,-6,19,-4,3,-4,21,4,3,-3,9,4,6,3,27,8,-2,-5,10,4,12,-11,17,16,-1,-3,16,2,14,-3,19,0,-16,-2,11,0,9,-1,18,3,-1,-8,20,-4,5,-2,20,4,3,-2,8,-1,13,-1,16
13.8600,3,-4,-2,15,11,20,-1,21,6,2,-7,14,-12,3,-2,21,8,-1,1,16,5,6,3,29,3,-3,1,11,0,8,-9,14,15,1,-4,15,4,11,-3,18,1,-11,-5,13,4,12,-3,17,-2,2,-1,22,1,7,-3,18,7,1,-2,9,-2,13,-1,18
13.8800,2,-3,-7,12,8,14,0,20,-4,-4,-4,20,-7,6,2,23,6,3,-9,15,1,9,8,25,7,-4,-1,13,-1,11,-6,12,16,0,-3,15,7,11,-1,14,6,-10,-2,17,2,8,-3,18,5,-5,-3,15,3,5,-2,23,5,-1,1,13,1,9,5,20
13.9000,4,-5,-7,9,9,21,1,18,2,-1,-5,15,-5,2,4,23,8,-1,-7,12,7,5,-1,24,8,-1,0,11,-5,11,-2,11,15,-3,0,14,4,16,-4,18,-3,-10,-5,16,2,10,1,17,2,-2,-1,15,2,1,0,19,1,-4,0,12,1,13,-2,17
13.9200,6,-5,-5,9,2,17,-2,19,3,-5,-11,17,-2,4,0,23,3,2,-2,20,6,7,4,29,6,-1,0,10,2,14,-13,13,17,2,0,10,5,12,-2,21,2,-11,-4,17,2,9,1,13,2,-2,-1,16,1,4,-1,22,2,-1,0,13,1,13,-2,20
13.9400,7,-4,-3,8,1,17,-4,18,8,-6,-5,20,-6,-2,1,20,2,0,-3,11,0,14,1,27,11,-4,-6,15,-2,7,-10,19,15,2,2,8,2,12,-6,20,-2,-9,3,13,-2,8,-1,15,2,-2,-3,20,2,2,2,18,8,1,-1,11,-4,11,0,18
13.9600,7,-5,-7,6,13,17,-4,22,6,-8,-7,17,-8,4,1,20,10,-1,-3,15,-1,9,6,26,3,-8,-1,14,0,10,-9,15,17,-4,-3,8,1,11,-1,12,1,-14,-2,13,4,5,-1,14,3,-2,-6,17,-2,5,-1,22,6,1,-6,10,-1,10,0,17
13.9800,5,-7,-1,10,6,15,0,16,4,-4,-8,14,-3,1,-4,18,5,0,-3,14,-1,7,7,27,5,-6,-2,14,1,7,-11,16,13,-3,1,7,7,9,2,13,-2,-12,-4,9,0,8,-1,11,2,-1,-4,18,-3,-2,0,22,7,-4,2,13,-1,13,-1,18
14.0000,5,-10,0,9,11,14,4,21,5,2,-11,17,-6,-1,-2,18,1,2,-8,14,-5,9,6,26,7,-4,-3,12,-3,9,-10,17,12,5,0,9,3,12,-3,15,5,-17,-4,13,2,9,-6,12,4,-4,-2,22,-7,4,-2,24,5,-6,-7,14,-3,12,2,18
14.0200,4,-5,3,4,6,17,4,17,5,-6,-7,19,0,-1,-7,15,1,-1,-4,15,4,9,0,29,11,-4,-1,17,-2,11,-11,13,12,-8,-4,11,3,10,-5,16,1,-12,0,16,3,9,-2,12,1,-4,0,15,-5,8,-2,23,5,-6,-3,14,-2,11,4,14
14.0400,7,-4,-1,8,8,9,0,17,8,-10,-5,14,-10,-2,1,15,2,-6,2,15,0,11,0,28,8,-8,-5,12,-6,10,-9,13,13,0,-2,9,0,12,-4,12,4,-10,-5,13,2,14,-5,17,3,-4,-2,18,-6,9,-1,21,2,2,5,9,-1,12,-1,17
14.0600,10,-7,-5,5,1,12,2,16,7,-13,-6,10,-4,2,-1,16,5,-2,-4,18,-2,11,4,26,12,-2,-3,11,-5,12,-9,13,14,-3,2,13,2,10,-5,13,2,-18,-4,10,1,10,0,16,5,-2,-2,18,-9,11,-2,19,3,-4,-5,10,2,14,3,20
14.0800,7,-7,-2,10,6,13,4,14,5,-6,-6,11,-4,3,2,16,0,-3,-2,10,-6,9,1,25,8,-6,-2,14,-5,16,-10,16,10,-1,2,11,0,9,-3,15,-1,-12,-5,11,1,10,-5,17,4,2,2,21,-3,15,1,18,2,-9,-3,10,-8,9,-1,16
14.1000,9,-4,-3,9,10,20,0,16,4,-13,-3,9,-7,-2,2,15,-1,1,-2,13,1,14,0,22,8,-5,-2,14,-4,16,-9,13,10,1,-1,13,1,18,-6,12,-5,-17,-5,16,1,6,-2,13,8,2,1,18,-8,13,-1,12,4,-4,-2,11,-2,15,0,20
14.1200,12,-7,-1,5,7,15,4,14,3,-9,-1,7,-4,1,-3,15,6,1,2,11,-4,10,4,24,8,-6,-2,10,-6,17,-10,13,12,3,-2,17,2,11,-7,9,1,-17,-4,13,-1,12,-4,11,5,-8,1,17,-8,19,1,12,7,-4,-1,9,2,15,-4,8
14.1400,8,-10,1,6,11,15,0,16,4,-7,-3,8,-4,7,-2,11,4,-2,2,13,-3,16,0,24,4,-6,-3,12,-8,18,-9,11,7,0,0,11,1,16,-1,15,3,-16,-6,12,-3,13,3,11,2,-6,-2,21,-5,20,3,15,3,-5,-3,11,-1,17,4,10
14.1600,4,-7,3,9,6,14,0,14,4,-8,-2,7,-1,6,0,16,5,-6,-4,14,-4,15,0,22,14,-7,-4,12,-6,17,-13,10,11,1,-2,16,-4,14,-5,10,1,-17,-1,13,0,14,-5,11,6,-5,-2,18,-8,22,3,13,2,-3,-2,9,-5,19,0,17
14.1800,6,-13,-2,5,8,19,2,14,2,-10,7,5,-4,8,-2,16,6,0,4,8,-7,13,0,23,12,-7,-1,12,-4,14,-12,11,14,0,-2,13,2,14,-6,11,4,-15,-6,19,1,18,-4,11,2,-7,-2,20,-3,23,-6,14,2,-2,-4,13,-3,16,1,18
14.2000,14,-10,-3,7,8,15,1,9,3,-6,4,3,-7,6,0,18,-1,1,5,10,-8,16,-1,26,9,-5,-1,12,-3,20,-12,11,13,-2,-1,17,2,17,-9,13,1,-12,-2,12,-4,15,2,16,4,-6,-3,19,-4,23,4,10,-1,-6,-3,14,-5,17,-2,12
14.2200,8,-5,0,8,9,18,5,14,6,-8,3,3,0,5,2,14,0,-1,2,7,-2,16,-4,25,5,-5,-2,11,-7,18,-15,11,19,-2,-1,15,-2,16,-4,11,2,-12,-4,13,3,16,-3,13,5,-12,-4,20,-6,26,-1,9,4,-7,-1,13,2,19,4,13
14.2400,8,-10,-3,9,12,16,5,13,5,-8,5,4,-6,5,1,15,3,-3,3,9,-1,21,-2,27,11,-1,0,9,-11,17,-11,11,17,1,1,10,-2,18,0,15,-2,-14,-2,12,0,14,0,10,-1,-9,0,20,0,29,-3,11,3,-1,0,14,-1,18,-5,14
14.2600,10,-11,2,11,10,20,1,15,6,-10,6,2,-3,9,-2,15,2,-6,0,11,-3,15,-2,22,9,-6,0,10,-8,23,-8,15,15,-3,2,8,3,17,-2,6,1,-16,1,13,3,15,2,15,6,-10,1,17,-1,24,-1,12,4,-7,3,12,-3,23,-3,15
14.2800,4,-3,1,16,10,14,4,12,3,-3,1,5,-1,7,1,15,5,-4,0,7,-1,14,2,26,6,-10,-2,11,-6,19,-10,13,18,3,0,12,1,20,-5,11,3,-12,-4,9,4,16,2,20,6,-5,3,13,1,28,6,14,9,-5,-4,12,-4,21,-2,13
14.3000,7,-4,-6,16,7,20,10,15,3,-6,2,2,-2,11,2,11,5,0,2,3,-2,17,2,22,6,-7,7,12,-4,20,-7,16,12,0,-1,10,2,17,-5,15,4,-15,1,11,0,18,3,17,4,-3,-3,15,3,23,3,16,4,-5,0,13,-3,16,1,13
14.3200,6,-6,-1,16,5,23,5,17,6,-9,5,6,-3,8,1,19,4,-4,3,10,-4,12,4,26,7,-2,0,10,-12,19,-7,15,14,-4,0,9,3,16,-1,13,1,-14,-2,12,1,12,4,17,-3,-7,-3,16,1,24,2,10,4,-6,-2,12,3,17,3,21
14.3400,4,-7,-2,19,8,20,6,15,4,-6,0,7,2,5,0,15,5,-2,2,5,-5,15,4,28,10,-4,1,13,-2,13,-7,17,13,-1,-4,10,0,17,6,16,8,-16,-2,14,-2,15,5,13,-1,-4,-1,15,0,23,2,14,8,-8,-5,12,-1,17,-4,17
14.3600,5,-9,2,15,11,21,4,17,8,-7,4,7,3,8,3,15,5,-3,2,11,-1,15,-4,27,8,-5,4,10,0,19,-11,13,12,1,-4,14,0,18,-4,17,-1,-14,-2,10,-1,16,5,16,6,-6,-1,15,5,22,1,15,4,-6,0,13,-3,16,3,14
14.3800,6,-6,-2,19,6,20,1,15,5,-7,-1,9,-1,8,0,14,1,-1,-5,10,-5,20,4,24,5,-3,1,14,1,11,-7,17,16,-1,-2,16,2,18,1,10,1,-16,-1,14,1,14,0,13,5,-3,-5,16,7,21,5,17,3,-5,-1,14,4,12,2,17
14.4000,6,-5,-3,17,10,19,5,15,1,-4,-7,11,-2,3,6,19,3,-5,-5,10,0,9,6,26,5,1,-4,11,-1,14,-6,21,14,0,-4,10,0,17,1,16,-5,-12,2,15,3,16,-4,16,0,-6,3,10,3,20,7,12,2,-6,-8,12,4,17,4,14
14.4200,4,-3,-2,13,13,17,3,19,0,-1,1,15,4,6,3,18,0,-5,-5,10,1,14,4,26,5,0,2,12,-1,14,-8,17,19,-6,0,13,4,14,-2,12,-1,-13,7,13,9,13,1,19,-1,-7,-1,17,7,20,3,21,4,-4,-1,15,0,15,1,20
14.4400,8,-8,-2,19,10,13,8,14,7,-9,-5,13,-3,5,3,20,-1,-4,-1,13,3,8,2,24,5,-6,0,8,-1,13,-14,18,14,-2,-4,11,6,15,1,18,6,-13,-2,11,6,9,4,18,1,-2,-3,15,10,12,7,16,7,-4,-4,9,3,14,7,18
14.4600,3,-8,0,19,10,19,4,16,0,-4,-4,10,3,2,4,21,-4,-1,1,15,-1,10,-1,29,7,-1,-4,10,-4,14,-11,18,14,0,1,9,8,10,0,16,-1,-15,1,7,5,15,4,16,4,5,-2,18,3,13,0,21,4,1,0,11,2,17,1,24
14.4800,7,-3,-5,15,11,12,0,19,4,-2,-8,14,1,2,3,21,2,-6,-6,12,-3,10,-2,30,6,-1,-1,9,6,17,-8,17,12,0,3,12,0,16,0,16,1,-12,1,14,1,16,3,19,4,-1,-4,14,10,12,-2,25,0,-2,-5,10,2,13,3,17
14.5000,5,-9,-1,16,16,12,3,19,0,-2,-3,19,2,-2,-1,18,1,-2,-4,17,-2,7,0,29,3,-1,6,13,0,16,-8,14,12,-4,-4,16,4,12,0,15,4,-19,-3,9,3,12,9,18,3,-2,-3,15,5,9,1,22,1,-1,1,10,2,13,1,22
14.5200,7,-4,-7,19,5,11,6,17,1,-4,-4,17,-5,-1,5,24,4,2,-2,15,-4,16,3,29,3,-1,-1,6,3,15,-11,16,19,-7,-4,10,-3,11,0,16,0,-14,-3,11,2,9,2,20,6,-3,-2,16,7,7,4,24,8,0,-4,14,1,12,3,17
14.5400,2,-3,-5,13,9,10,6,19,1,-9,-6,17,-1,-6,0,21,-4,-2,-3,13,-1,9,6,32,4,0,-1,5,6,14,-10,17,17,-4,2,14,-1,14,-1,20,-1,-12,4,9,-1,11,-4,19,4,6,-6,18,8,11,4,23,4,-4,-2,10,-1,12,2,16
14.5600,12,-6,-5,15,9,12,5,15,5,-3,-1,16,1,-4,2,22,0,5,-8,16,-2,11,4,31,6,-3,4,11,0,10,-8,21,16,-3,-1,13,4,16,-9,18,1,-14,-1,7,6,12,-1,20,4,-2,-1,18,8,7,1,26,3,-4,-4,11,-2,12,-3,19
14.5800,11,-4,-3,13,10,13,0,17,2,-6,-2,14,-1,-1,2,21,-3,-9,-3,17,0,11,4,31,5,-3,1,6,-2,13,-8,18,12,-4,1,15,1,13,-6,21,4,-14,4,9,2,10,7,18,2,-1,-2,14,2,8,-1,21,0,1,-4,7,0,11,4,19
14.6000,6,-4,-4,17,12,12,2,16,5,-2,-3,14,2,-4,5,20,-2,0,-10,13,-2,10,7,31,6,0,4,6,3,12,-11,21,18,-1,1,13,2,11,-5,14,2,-9,-2,10,2,13,-1,19,1,-1,-4,16,1,8,4,22,6,-6,-3,8,0,7,-3,21
14.6200,8,-4,-4,17,10,12,-1,18,0,-8,-5,17,0,4,0,25,4,-2,-4,17,2,8,1,32,5,-1,0,8,-3,9,-10,18,19,-3,3,16,-1,10,-4,17,6,-17,-6,7,3,10,7,17,7,-3,-1,16,2,8,-1,26,4,1,5,4,-4,12,-1,14
14.6400,12,-2,4,6,11,11,4,20,4,-2,-3,19,2,9,1,25,1,0,-6,12,-4,8,4,32,7,-2,-4,15,0,15,-6,19,20,-6,7,10,2,10,-2,15,9,-17,-1,5,3,9,-1,21,6,-3,-2,11,-3,10,2,28,9,-2,-4,12,0,14,0,24
14.6600,12,-4,-4,7,12,8,2,17,6,-6,-5,19,3,5,2,23,2,-2,0,13,-7,10,4,31,6,-2,1,14,-1,16,-10,17,24,1,4,14,7,13,-2,17,5,-16,0,6,-3,9,0,22,4,2,3,15,2,11,1,23,3,-2,3,9,-2,14,2,17
14.6800,12,-6,-2,8,9,9,-5,16,4,-5,-5,17,4,3,4,25,3,-5,-3,15,0,15,-1,32,9,-3,-3,8,-2,18,-10,14,21,-3,2,15,8,13,-5,21,7,-14,4,9,2,14,2,15,4,0,1,15,1,11,1,23,8,0,4,12,0,14,2,19
14.7000,6,-2,-4,8,9,15,1,18,5,-9,-5,16,2,4,0,25,3,-3,-1,14,-3,7,-1,33,10,-4,-3,14,1,19,-3,18,21,-3,0,15,3,14,-8,19,5,-11,2,10,-1,11,-1,16,4,-3,-1,15,-6,13,-3,21,2,-3,-1,9,-3,14,1,21
14.7200,7,-5,5,6,7,11,0,16,3,-3,-4,16,2,6,1,21,3,-5,-6,16,-1,5,-2,32,6,0,-1,12,0,13,-9,14,24,0,1,14,-1,14,-2,17,3,-16,-3,12,-1,14,-1,17,4,1,0,17,-4,10,0,26,3,5,3,10,-3,12,2,20
14.7400,7,-4,-2,1,10,13,0,21,6,-1,-3,10,1,9,-5,23,-2,2,3,14,-9,5,6,32,7,-2,0,15,1,17,-2,15,23,0,3,10,2,11,-2,19,1,-13,5,7,-1,12,1,15,7,-4,5,17,-3,12,-4,20,3,-2,1,11,0,16,-4,17
14.7600,9,-6,4,5,5,15,-2,16,5,-10,0,10,-2,7,1,24,5,-1,2,13,0,9,0,30,9,-2,-1,14,-6,20,-11,14,20,-5,-2,12,5,9,-2,17,6,-13,1,13,4,16,3,18,7,2,2,15,-7,14,-8,22,8,2,-1,15,-1,16,-2,17
14.7800,10,-7,-2,4,7,14,1,15,3,-3,4,10,1,4,1,21,4,-1,-1,12,-6,16,-1,27,9,-6,0,16,-4,13,-7,19,23,-1,3,14,3,16,0,10,6,-16,2,18,1,16,-2,14,9,2,-3,19,-7,13,2,16,7,-3,4,11,-5,19,-3,17
14.8000,11,-3,3,5,7,15,0,13,4,-4,2,12,-4,11,-1,20,6,-1,0,8,0,11,2,32,9,-4,2,16,-1,17,-6,20,20,-1,0,15,1,14,-4,16,5,-11,1,14,5,16,4,17,5,-2,-2,16,-6,16,-7,14,6,-1,-3,16,-7,19,-7,23
14.8200,9,-6,0,1,6,12,3,11,7,0,1,8,-8,11,-1,19,4,3,2,8,-1,16,0,24,8,-2,-1,18,-5,19,-6,15,22,-4,-3,15,1,11,-5,16,4,-14,0,16,0,16,0,16,10,-2,-1,23,-8,18,-2,14,8,-3,0,10,2,21,-2,19
14.8400,7,-2,3,5,10,22,0,17,3,-4,1,7,-5,7,2,23,1,-1,3,9,0,14,1,24,4,-2,-1,17,-5,17,-11,17,24,-2,-2,16,-3,14,-3,15,6,-14,7,13,-1,16,5,21,3,-5,-2,23,-9,19,-8,18,8,-5,0,10,-2,21,-2,16
14.8600,7,-3,2,4,5,19,3,16,5,-3,1,5,-6,10,0,21,3,-3,3,10,-5,14,4,30,6,1,6,14,-6,14,-7,12,19,-4,-3,14,-1,16,-3,18,4,-14,2,9,0,21,2,17,8,-7,-1,18,-11,24,-8,15,8,-2,0,12,-3,15,-1,15
14.8800,9,-5,5,10,7,17,-2,14,6,-3,-2,9,-6,14,3,19,5,-1,2,13,-6,15,0,25,4,-1,1,20,-5,13,-8,14,24,-3,-2,15,-1,19,0,16,4,-15,-1,15,1,16,1,13,5,-6,2,18,-7,18,-10,14,6,-4,0,9,-7,19,-1,14
14.9000,8,-4,-1,8,7,22,2,13,12,-7,-1,9,-9,11,2,20,2,-2,1,7,1,14,3,23,7,-4,-1,15,-4,16,-11,20,20,-4,-3,13,-2,17,-1,15,1,-8,-1,11,-1,12,3,20,5,-5,0,20,-8,17,-4,11,7,-4,-2,12,-3,18,0,17
14.9200,5,-5,5,6,4,19,-4,13,8,-4,0,12,-3,9,3,17,2,-4,5,6,-7,16,2,30,7,0,2,17,-6,15,-9,14,21,-3,-3,6,-2,17,-8,11,2,-15,-3,11,1,13,4,15,3,-6,5,21,-10,15,-5,13,1,-1,2,16,-1,17,-1,17
14.9400,2,-7,7,9,4,12,5,14,2,-5,2,10,-1,9,2,18,4,-3,5,6,-1,16,2,25,8,-2,1,14,-9,15,-10,14,13,-2,0,11,-4,16,0,9,0,-10,0,14,-3,17,-2,9,7,-7,2,25,-7,14,-4,12,5,-3,3,12,0,20,-2,13
14.9600,8,-6,2,7,6,18,3,15,4,-9,0,10,-6,10,3,18,2,-3,3,8,-6,19,1,29,11,-4,-4,12,-7,15,-4,11,25,-7,0,14,-2,14,-2,12,7,-10,2,10,-2,13,6,17,4,-9,3,19,-10,17,-8,12,4,-3,-3,14,-5,18,4,14
14.9800,3,-6,0,9,10,14,7,14,3,-3,-1,11,-8,7,1,18,2,-6,6,3,-6,12,2,30,9,-6,0,11,-4,13,-8,9,20,-3,5,15,2,10,-3,10,0,-14,-6,13,-2,14,6,14,3,-4,-1,15,-7,19,-2,11,3,-10,1,13,-1,13,0,14
15.0000,2,-7,-1,9,7,17,4,11,7,-1,4,7,-3,7,-1,16,1,-3,7,4,-6,15,2,28,5,-5,-1,10,-5,19,-16,12,16,-9,3,9,-4,15,-7,12,4,-18,-2,12,-3,15,4,9,-1,-1,-3,23,-5,23,1,9,4,-6,-1,14,-7,18,-1,14
15.0200,4,-10,6,12,9,15,5,15,3,-6,1,10,-3,4,4,13,1,-5,2,11,-5,14,5,26,4,-7,-1,16,1,14,-9,17,19,-4,2,11,0,13,-6,11,3,-15,2,15,-1,15,-1,15,-1,-8,1,23,-1,19,3,13,2,-9,-3,11,0,16,2,14
15.0400,5,-6,2,10,5,16,-1,13,5,-4,0,11,-3,9,4,14,-1,-2,8,9,0,17,3,24,7,-3,2,13,-8,16,-11,10,16,-1,3,6,0,14,-4,14,8,-17,-1,16,1,13,1,19,-1,-5,0,20,0,17,1,12,3,-2,3,13,1,19,2,15
15.0600,3,-9,0,14,11,15,3,15,4,-2,4,8,-2,6,5,18,-1,-2,7,4,-1,15,6,26,10,0,0,8,-8,15,-10,12,17,-7,0,8,-1,12,-4,10,5,-20,-1,14,1,15,3,13,2,-7,1,18,5,13,3,12,6,-2,0,8,0,17,1,11
15.0800,7,-9,-2,13,15,15,4,9,2,-4,2,7,1,4,7,20,2,-4,5,10,-2,16,-2,27,5,-5,-4,5,-4,14,-9,14,14,-5,4,10,-1,16,-4,11,6,-17,1,12,3,13,-2,12,0,-3,2,23,2,15,3,14,-1,-6,7,11,5,17,0,14
15.1000,1,-5,-2,17,11,15,5,13,4,-5,3,11,4,7,1,15,6,-6,4,11,1,10,9,26,4,-4,6,6,-1,18,-10,16,18,-3,6,10,2,15,3,13,1,-16,-3,17,2,12,9,14,1,-6,2,20,3,18,3,12,0,-3,-2,11,1,15,4,9
15.1200,5,-6,-2,17,10,16,1,15,4,-7,3,12,1,4,6,19,-1,-4,2,9,2,13,2,28,4,-3,2,6,-6,20,-10,12,13,-5,4,9,4,13,-4,12,3,-16,0,13,3,12,10,17,-1,-4,8,15,5,16,2,12,4,-3,4,11,2,17,2,16
15.1400,3,0,1,17,12,12,4,17,7,-7,3,9,0,4,2,19,-3,-4,2,15,0,14,1,27,11,-2,3,3,2,15,-10,12,13,-5,5,6,6,13,-1,10,0,-10,-2,10,1,19,1,16,6,-7,3,17,8,17,3,13,5,-4,1,10,2,18,-1,16
15.1600,2,-4,-2,13,11,11,4,9,2,-6,-3,10,-2,1,1,19,0,-7,7,8,-4,15,1,23,10,-6,5,8,-1,19,-12,15,16,-8,-2,8,1,15,-1,11,2,-17,3,17,2,12,2,13,2,-7,6,20,5,17,6,13,2,-7,-4,12,3,18,2,17
15.1800,5,-7,-3,14,12,15,0,12,4,-12,3,11,-1,5,5,17,3,-1,3,12,-3,17,4,23,4,-3,3,3,0,18,-11,20,11,-3,4,12,5,11,-3,9,4,-16,1,8,3,12,4,16,3,-8,-1,18,10,16,7,19,3,-8,0,11,1,16,4,16
15.2000,2,-1,-1,14,14,14,5,13,3,-9,-1,11,0,2,6,20,-2,-6,3,12,1,13,3,29,6,-2,2,10,-4,18,-8,16,17,-6,6,14,5,9,-6,12,3,-18,2,6,5,10,3,14,1,-8,5,19,11,17,5,18,1,-6,3,10,2,15,3,17
15.2200,6,-4,-6,16,16,17,6,15,2,-9,6,16,0,0,8,19,3,-6,-1,14,-2,16,6,25,6,-3,-1,5,-1,21,-10,20,13,-2,3,11,5,19,-2,16,8,-21,4,13,2,12,2,15,6,-7,3,21,8,17,6,15,-1,-4,4,9,5,15,3,18
15.2400,5,-10,0,19,18,17,2,12,0,-9,5,15,0,-1,1,22,0,-6,3,14,-3,17,-3,30,4,-4,4,8,2,18,-13,12,12,-12,4,12,4,15,-3,17,5,-15,1,8,0,11,0,17,3,-6,1,15,6,11,10,22,4,-6,0,19,-1,16,2,16
15.2600,9,-6,-4,18,17,18,7,15,2,-6,4,11,1,7,4,19,4,-10,5,13,-1,13,3,27,5,-6,3,1,-1,14,-12,17,14,-13,2,14,4,14,-4,14,7,-18,0,10,4,14,4,20,2,-3,4,13,5,15,6,20,4,-3,3,13,4,13,-1,20
15.2800,10,-7,4,13,17,17,1,13,3,-8,3,13,2,2,2,19,0,-1,0,11,-2,17,6,28,9,-2,4,7,-1,19,-6,14,17,-4,3,17,9,13,0,10,10,-12,4,11,-1,13,3,20,5,-3,0,21,2,19,8,21,5,-5,0,13,3,14,3,23
15.3000,7,-4,0,18,12,17,3,16,2,-5,1,14,-1,4,4,16,3,-2,4,16,-1,17,4,29,4,-2,3,7,1,17,-7,18,15,-9,1,16,2,12,-2,19,12,-10,3,10,1,12,3,17,5,-7,2,22,9,18,4,20,4,-5,1,12,10,16,3,19
15.3200,9,-3,-2,12,13,19,5,20,1,-2,4,10,-4,3,1,16,-1,1,2,11,-2,19,4,29,2,-1,6,10,-3,18,-11,19,17,-8,3,10,3,11,-2,18,4,-13,1,8,2,15,2,24,3,-1,1,17,3,14,6,30,5,-4,3,12,-2,15,3,20
15.3400,4,-3,-1,11,16,17,6,14,4,-8,0,11,0,5,3,23,1,1,1,14,-3,13,1,28,6,-3,3,6,-2,17,-10,20,15,-9,0,14,5,15,0,22,13,-9,3,9,4,15,7,26,5,0,5,18,4,15,0,26,-1,-2,4,12,2,14,3,21
15.3600,13,-3,3,14,12,18,7,12,8,-2,1,10,-6,7,2,21,1,0,3,7,-6,12,6,32,6,-1,4,8,0,14,-10,20,18,-3,5,13,3,13,1,15,5,-15,4,3,2,9,3,21,3,0,2,21,5,19,4,28,6,-6,4,11,-1,15,2,18
15.3800,7,-2,5,11,10,22,5,12,5,-5,7,9,-1,6,6,21,3,0,-1,14,0,14,0,26,5,-4,1,9,-5,19,-13,19,13,-8,7,17,0,12,-2,17,6,-11,4,5,0,15,3,19,1,1,3,22,-1,19,0,28,6,-1,3,10,2,13,2,21
15.4000,6,2,3,9,12,15,3,19,4,-5,4,12,-3,8,0,22,8,-8,4,18,-5,14,3,30,0,4,2,12,-5,22,-13,20,15,-6,3,13,4,19,0,15,4,-11,1,5,-1,15,2,20,4,3,7,19,-4,14,0,28,4,-4,3,8,-5,16,0,21
15.4200,6,-5,7,13,10,19,5,23,7,-4,1,8,-4,-1,3,24,6,1,2,18,-4,15,4,26,4,4,4,11,-7,16,-12,20,18,-5,2,17,1,12,1,20,7,-7,5,7,-1,15,1,20,6,0,6,18,1,12,0,28,7,-3,2,12,-1,17,-1,22
15.4400,5,0,7,13,13,14,2,16,3,-1,3,13,-7,4,4,21,-4,-4,-1,15,-7,16,-2,31,4,-2,5,15,-5,16,-12,21,16,-2,2,13,-2,15,-2,17,5,-9,8,9,0,15,0,22,9,4,8,21,-3,15,-4,22,5,-2,3,13,-1,17,0,19
15.4600,7,-2,3,6,10,15,0,16,7,-3,3,14,-5,8,2,21,3,-5,1,15,-6,15,3,32,7,1,5,13,-1,19,-10,20,12,-3,1,15,0,14,-4,14,3,-6,3,4,-3,20,2,22,4,0,6,22,-3,16,-6,21,6,-3,3,9,-3,15,0,16
15.4800,7,0,6,9,8,16,3,11,4,-9,0,7,-6,6,-3,21,4,-1,0,17,-5,19,-1,27,6,-1,5,12,-3,15,-13,19,9,-1,4,15,3,12,2,18,5,-9,6,7,-4,15,0,22,4,1,4,19,-7,18,-3,24,1,-5,8,11,-2,15,-3,15
15.5000,5,-4,2,8,7,16,0,20,7,-2,-1,16,-2,2,5,20,7,-4,2,19,-7,15,1,31,5,5,-1,15,-5,20,-7,21,17,-3,1,13,1,14,-2,15,2,-9,10,3,-4,12,2,17,4,2,7,17,-9,16,-2,22,9,-5,1,9,-2,14,-2,16
15.5200,9,-2,7,5,4,15,2,14,8,-2,0,9,-6,3,-3,20,5,1,-1,13,-12,13,2,31,1,2,4,13,-7,14,-11,16,17,2,5,19,0,12,-1,16,7,-13,5,9,2,14,1,20,2,2,4,18,-9,15,-1,23,7,-3,-1,9,0,9,1,21
15.5400,5,-1,2,4,6,18,-1,15,7,-1,2,10,-3,8,7,18,7,-1,1,10,-11,17,-3,26,4,2,2,15,-3,14,-9,19,12,-3,2,15,1,10,-1,16,7,-12,7,10,-4,14,1,17,6,1,7,20,-6,15,-7,22,1,2,5,10,-5,19,-3,18
15.5600,15,-1,5,5,8,14,3,13,5,-3,4,11,-4,6,5,21,0,-3,6,11,-3,11,0,31,5,-1,1,12,-5,20,-15,17,13,1,1,12,0,12,-2,16,3,-11,2,11,-4,17,5,19,4,0,6,20,-9,17,-9,20,8,-1,5,13,-7,12,2,18
15.5800,8,-8,6,4,6,14,-2,13,6,-2,2,15,-5,7,1,20,1,0,2,8,-4,13,0,28,-1,2,0,21,-8,19,-9,15,11,3,1,14,-3,17,-5,17,6,-12,4,9,1,13,0,17,9,-4,8,18,-7,15,-9,17,5,0,0,12,2,17,-5,15
15.6000,8,-4,10,3,3,16,1,11,3,-6,1,11,-4,7,3,17,1,-5,7,5,-8,12,1,26,4,-1,2,22,-2,17,-13,14,14,-5,-1,9,-1,17,-4,15,5,-12,3,12,-1,13,1,20,6,1,2,22,-7,17,-5,20,5,-2,2,15,-3,14,-1,16
15.6200,8,-8,6,15,5,14,-2,14,0,-6,2,13,-6,9,1,22,-3,-3,4,11,-5,11,0,30,3,-1,-8,18,-3,15,-16,18,14,-3,1,12,3,14,-6,15,1,-11,3,13,-4,17,-1,20,1,-5,4,17,-11,16,-12,15,5,-7,1,5,-3,13,0,16
15.6400,7,0,4,7,5,15,-3,9,5,-5,7,11,-6,8,1,14,-2,-2,3,12,-8,13,0,29,2,-2,-1,18,-3,17,-14,16,17,-8,3,13,1,13,-3,17,6,-13,5,14,-4,11,1,18,3,-6,1,19,-6,14,-7,15,2,-3,0,13,-6,19,-4,15
15.6600,3,-3,6,3,13,14,2,14,5,-8,2,12,-7,7,0,17,-3,-3,3,7,-8,18,-2,30,6,-1,0,17,-2,17,-11,12,12,-1,5,10,7,12,-1,12,2,-14,-1,16,-4,12,3,15,0,-7,4,18,-5,15,-6,16,2,-3,2,15,-6,14,-3,17
15.6800,3,-3,9,9,11,17,2,17,10,-7,1,14,-3,5,3,19,-2,-8,4,6,-8,18,1,30,7,-3,5,13,-4,18,-13,16,10,-4,-2,11,4,16,-3,15,6,-16,1,16,-1,15,7,15,1,-9,0,18,-7,9,-5,14,4,1,1,12,-1,14,2,18
15.7000,8,-5,0,8,4,19,0,13,6,-13,0,12,-4,8,1,18,4,-5,7,3,-7,13,-4,28,6,1,-1,11,2,23,-12,15,15,-5,1,11,1,15,-1,14,5,-13,-2,14,1,14,6,12,3,-7,-2,16,-3,15,-2,9,7,-6,-1,8,-2,13,-3,17
15.7200,10,-5,0,10,3,15,-3,16,2,-7,0,14,-1,7,1,17,5,-5,4,6,-8,15,0,25,3,-5,5,18,1,21,-11,15,12,-6,-1,8,1,14,0,16,2,-16,-5,17,3,13,3,18,-1,-9,1,17,-7,17,-7,16,7,-6,0,10,-1,20,1,14
15.7400,9,-7,1,10,11,13,1,10,6,-13,2,12,-2,11,-3,17,-1,-5,10,4,-3,20,-4,25,2,-1,-6,11,0,22,-14,13,13,-5,3,6,-3,17,-2,14,6,-15,-3,18,-2,10,3,18,-3,-9,4,16,-2,13,0,16,2,-8,0,5,2,15,0,14
15.7600,10,-7,4,5,10,14,-1,12,7,-12,4,12,0,8,2,16,3,-7,7,6,-8,14,-1,28,2,-6,-2,12,-2,22,-10,9,15,-7,5,11,8,15,-4,9,2,-11,-1,18,0,16,2,13,0,-8,-1,16,1,15,-3,11,2,-7,3,12,-1,16,2,16
15.7800,9,-6,6,12,10,15,-1,16,3,-9,5,10,-3,9,-2,16,-2,-6,6,4,-3,13,5,24,5,-8,-2,10,1,17,-11,18,12,-8,3,8,5,14,1,16,4,-14,-6,13,1,19,4,18,-1,-12,1,18,-2,10,6,12,4,-7,1,13,1,17,-3,13
15.8000,8,-9,-4,11,13,15,-1,10,5,-11,3,8,-3,8,1,16,-5,-5,9,6,-7,13,-1,30,5,-6,1,7,3,18,-10,20,19,-9,3,10,3,14,3,8,8,-18,0,17,2,15,3,15,-2,-13,0,19,0,13,1,10,4,-8,0,13,2,16,1,15
15.8200,11,-6,-2,10,7,20,-2,15,2,-8,2,6,-2,5,1,13,-1,-9,3,8,-4,15,1,31,8,-5,6,5,0,17,-10,17,13,-3,0,10,3,16,2,12,3,-16,-2,14,-1,17,2,17,0,-12,0,19,-1,18,-1,14,5,-11,3,12,2,18,-1,13
15.8400,10,-2,2,15,11,18,0,13,5,-10,3,14,2,9,4,15,1,-8,8,9,-6,14,-3,26,4,-5,2,9,2,15,-9,18,16,-5,6,11,5,17,-1,15,6,-14,-2,16,0,14,2,19,2,-11,3,18,3,20,3,16,1,-7,0,12,3,13,6,16
15.8600,8,-5,-3,12,11,19,1,15,9,-12,-3,11,-2,9,3,17,1,-6,9,7,-4,15,3,27,5,-6,5,6,3,19,-9,15,10,-11,1,10,3,15,2,15,5,-16,1,18,-3,14,6,22,2,-7,4,18,4,19,3,14,3,-5,4,14,-1,15,2,16
15.8800,6,-7,1,15,9,20,0,15,7,-8,4,11,0,10,6,13,6,-9,4,8,4,11,3,27,3,-1,1,9,0,21,-9,18,10,-6,1,10,5,14,0,9,2,-14,4,18,-1,16,2,19,4,-6,2,18,1,17,5,14,-3,-2,6,9,1,17,1,15
15.9000,2,-6,0,13,15,18,-1,17,4,-11,6,14,-4,6,5,15,1,-6,6,10,1,16,5,27,5,-5,4,8,-1,20,-11,13,11,-10,2,11,-5,18,5,11,3,-15,-1,17,-1,11,-1,19,1,-12,3,21,2,21,5,13,5,-4,2,13,-2,17,5,16
15.9200,9,-3,0,16,10,15,2,13,1,-7,2,12,-2,6,5,20,2,-5,6,8,2,18,3,28,9,-7,6,8,4,22,-4,15,13,-6,-1,11,7,16,-2,12,5,-13,4,13,2,14,4,21,4,-12,-1,18,4,21,7,12,3,-2,4,9,1,17,3,17
15.9400,4,-2,-3,11,11,16,2,19,2,-3,3,10,1,9,3,19,5,-8,5,8,-1,14,4,28,3,0,2,10,7,19,-6,17,13,-6,5,14,7,15,3,13,5,-12,4,13,-3,18,3,23,1,-7,5,15,5,18,4,15,3,-5,4,8,-1,15,7,16
15.9600,6,-3,1,13,4,18,7,15,10,-5,3,14,2,11,4,22,0,-6,3,10,3,13,6,25,4,4,8,4,-2,19,-2,20,12,-2,6,9,-1,16,4,13,6,-13,2,14,-2,16,3,21,3,-9,2,21,2,15,7,14,1,-7,1,11,2,13,5,18
15.9800,3,-3,0,10,5,19,3,11,8,-4,7,9,-1,2,4,18,0,-6,7,13,-2,15,7,23,5,0,6,11,3,19,-10,19,15,-8,-2,7,7,17,1,12,7,-10,-2,15,0,17,3,21,0,-9,-2,20,5,17,3,20,6,-4,3,11,0,18,2,18
16.0000,7,-1,4,7,9,13,3,16,12,-5,3,13,2,8,9,24,-1,-3,4,17,0,19,5,28,10,-5,7,7,3,17,-2,18,12,-7,-1,6,0,14,0,19,6,-11,2,8,0,12,4,24,3,-3,1,19,0,17,6,19,2,-5,2,12,0,15,2,16
16.0200,6,1,0,10,12,21,-3,20,3,-9,-1,11,3,8,4,17,2,-3,1,9,-4,14,1,28,2,1,11,8,-3,22,-4,18,15,-5,-1,14,1,18,-1,11,9,-10,5,17,-2,14,5,21,-3,-1,6,22,3,19,7,19,7,-5,3,15,0,18,-3,17
16.0400,7,-1,0,12,10,16,0,17,6,-5,2,10,-2,8,5,23,2,-6,4,14,-4,17,2,29,7,-2,3,9,4,20,-9,19,14,-7,5,14,4,15,2,11,5,-6,8,9,0,18,5,22,7,3,5,20,2,16,6,22,0,-5,6,11,-3,16,6,21
16.0600,6,-1,3,12,11,17,-2,16,3,-2,3,12,1,8,7,17,-2,-7,0,15,-5,16,3,27,1,3,4,8,1,16,-9,22,12,-3,2,14,2,17,-1,15,10,-8,3,9,2,16,2,25,-3,-1,2,19,-3,18,5,19,5,-3,4,11,2,15,3,20
16.0800,2,-1,2,13,11,16,-1,17,6,-7,0,10,2,8,5,18,3,-4,0,17,-3,16,2,27,5,1,4,14,0,16,-5,22,15,-4,2,17,3,19,0,17,5,-15,5,11,1,19,9,16,9,-2,8,20,6,18,-1,22,4,-1,7,14,1,15,1,24
16.1000,10,1,3,13,15,14,0,17,4,-7,0,12,-2,7,5,20,3,-7,0,12,-5,13,3,31,10,-3,5,10,1,18,-12,17,12,-6,-1,13,4,14,0,16,2,-13,4,10,2,10,4,20,4,-3,0,20,-5,18,2,22,1,-6,2,16,-2,19,0,20
16.1200,4,-2,3,11,8,20,2,17,10,-3,-1,12,-2,9,4,22,5,-6,0,18,-2,19,3,28,9,-3,4,10,3,16,-8,20,9,-3,2,15,-1,19,4,14,7,-10,3,13,0,16,2,21,3,-1,5,20,-2,14,5,25,2,-7,2,9,0,15,-1,19
16.1400,7,-1,7,11,13,10,-1,17,4,-5,5,11,-2,6,4,23,0,-3,-3,12,-2,13,0,27,7,-1,6,17,0,21,-8,20,16,-5,2,20,2,14,1,15,0,-13,0,6,-4,17,6,17,4,1,5,22,-5,18,4,23,2,-5,-1,13,3,16,1,20
16.1600,10,1,3,12,11,20,-2,17,4,-4,5,15,2,8,8,23,3,-5,-1,13,-7,16,-1,29,3,-4,5,18,1,21,-3,22,20,-6,-1,11,2,11,6,17,6,-16,1,8,-4,11,7,18,10,1,2,16,-1,13,1,23,4,-7,-1,15,-2,16,0,20
16.1800,8,-2,0,12,10,13,2,16,13,-4,4,8,-2,4,4,20,3,-3,2,11,-1,13,-3,31,4,0,1,12,1,18,-12,26,13,-5,-2,19,-3,10,5,18,5,-11,5,5,-1,14,5,21,10,1,1,17,0,13,0,25,0,-5,4,13,0,20,-2,17
16.2000,9,-3,6,8,4,17,3,21,9,-8,2,18,4,5,1,23,0,-4,-1,15,-6,19,-1,32,4,-2,2,14,-3,18,-10,22,16,-3,0,15,-4,13,1,16,8,-10,0,9,-7,16,2,17,7,-2,6,19,-4,18,0,21,1,-4,1,10,-1,18,-2,19
16.2200,8,-1,4,12,7,17,-1,15,6,0,2,15,-1,6,5,20,-1,-6,6,14,-3,18,4,29,3,-4,-2,8,-1,17,-10,23,15,-4,6,11,2,19,2,19,7,-15,-2,8,-4,9,4,18,10,0,1,21,1,14,0,19,-1,-3,4,13,-4,17,-3,20
16.2400,7,-3,3,10,9,13,2,17,2,-5,2,8,4,3,-1,20,6,-3,1,11,-4,15,-2,29,4,-3,2,13,-4,21,-10,20,17,0,1,13,1,10,0,13,2,-10,2,11,-3,15,4,21,9,-5,6,19,-1,10,-2,21,7,-5,2,15,1,18,2,21
16.2600,6,-3,4,14,8,14,1,16,9,-4,6,14,-3,8,-1,24,1,-5,1,16,-3,14,1,32,0,1,2,16,-4,19,-7,21,21,-4,-2,12,-2,13,2,14,5,-16,0,9,-3,17,7,19,6,-3,2,20,0,17,-2,25,5,-3,0,13,0,18,-1,21
16.2800,5,-4,3,5,5,16,-1,18,2,-2,5,14,1,7,4,21,7,-4,-3,13,-4,15,3,31,2,3,2,10,-4,18,-10,21,13,-5,1,14,1,11,0,18,8,-14,0,9,-5,19,3,21,10,1,4,15,-1,14,-3,19,3,-1,-3,16,-2,20,-2,21
16.3000,5,-7,3,8,9,17,6,15,8,-4,2,15,-3,8,3,22,-1,-10,3,13,-1,15,-3,27,2,-1,-1,11,-2,15,-12,18,14,-6,2,13,2,15,5,16,4,-13,2,9,2,20,1,15,11,-4,2,18,-4,13,0,20,6,-4,6,14,1,14,-1,18
16.3200,6,-4,-2,12,8,13,0,16,8,-9,3,12,-3,8,3,27,0,-1,2,11,-4,14,-5,31,3,-5,1,9,-5,22,-11,21,13,-6,4,20,-2,13,-2,18,5,-13,4,10,-5,12,3,19,14,1,7,18,4,14,-3,24,5,-5,2,7,-2,16,1,21
16.3400,5,-3,4,7,10,15,0,16,8,-4,1,15,-3,12,0,15,3,-8,2,13,-2,16,-2,30,9,0,3,16,0,18,-11,18,15,-6,4,14,3,13,0,17,4,-13,3,11,-3,16,3,21,8,-1,2,20,-2,15,-7,20,2,-2,2,14,-1,19,4,17
16.3600,3,-8,5,12,7,18,0,19,7,-3,1,12,0,8,-1,18,1,-5,4,14,-4,14,-1,29,5,-2,2,13,-2,17,-17,19,14,-5,3,14,-3,14,0,16,10,-9,5,11,-1,12,3,18,6,-4,1,13,2,15,-3,19,3,-5,8,12,-5,16,-4,18
16.3800,7,-5,2,12,7,17,-1,16,5,-6,6,11,-5,9,1,18,-1,-5,1,13,-3,18,-3,27,0,-1,3,11,-2,17,-11,21,13,-4,-1,13,-2,14,7,16,3,-12,3,9,-3,13,3,21,7,-2,4,22,-3,12,0,17,5,-3,6,16,-1,18,-1,21
16.4000,6,-8,6,10,4,16,3,17,7,-2,2,13,-2,5,3,19,4,-1,2,7,-4,11,-1,26,7,-3,7,11,-1,17,-8,19,14,-9,1,12,1,17,7,15,5,-9,5,13,-6,10,1,19,9,2,3,22,2,16,-1,19,4,-6,2,14,-2,12,1,20
16.4200,12,0,1,11,7,14,1,14,6,-4,2,16,-6,7,2,16,6,-8,3,9,-2,18,-2,26,2,2,2,10,-7,16,-13,18,9,-8,3,14,0,15,6,15,8,-12,6,10,-3,15,4,21,5,-2,1,17,-6,19,4,17,6,-7,4,12,2,20,-3,18
16.4400,4,-2,5,14,9,15,1,14,5,-6,0,14,0,10,4,18,-1,-2,7,10,-5,19,-1,23,-2,0,0,13,-6,22,-13,18,12,-4,10,16,0,13,1,16,2,-10,3,12,-5,17,4,17,3,-2,0,16,-2,14,-2,16,6,-5,3,11,-4,14,4,23
16.4600,4,0,4,14,7,17,1,15,1,-6,4,13,-1,11,2,16,3,-4,6,12,-3,15,-1,26,3,-1,3,12,-3,14,-11,16,14,-5,5,11,3,14,6,17,4,-6,5,13,4,16,8,16,4,-6,2,21,0,17,0,16,4,-2,6,11,6,16,-1,18
16.4800,0,3,1,12,11,19,1,10,4,-4,4,9,0,7,4,16,6,-1,5,14,-5,19,0,27,3,-2,5,14,-3,24,-9,18,8,-8,3,13,-5,18,3,17,-1,-9,9,6,-2,14,3,15,2,-5,5,18,-1,17,0,10,1,1,2,15,0,17,2,21
16.5000,0,-3,-1,16,9,23,2,16,4,-4,9,12,-3,8,0,15,3,-6,9,9,-4,24,-3,25,0,-1,5,13,-7,17,-9,15,8,-5,7,10,-1,11,5,18,4,-12,2,13,-5,18,5,18,1,2,9,16,-2,16,-1,18,4,0,5,11,5,15,-3,18
16.5200,1,-1,4,14,9,18,-3,15,6,-9,8,10,-3,10,2,17,0,-4,8,10,-4,22,1,25,-1,-5,7,8,-7,22,-9,13,12,-10,4,10,1,17,1,17,2,-7,3,14,-6,16,7,19,5,-4,2,19,-1,18,-4,16,0,-7,1,12,2,16,4,20
16.5400,3,1,2,14,7,17,3,13,6,-3,5,11,-6,10,4,16,3,-7,10,9,3,25,1,26,2,-3,1,12,0,20,-10,17,10,-8,6,13,2,13,-3,14,4,-11,7,15,-1,14,2,20,-2,-7,3,21,-1,17,4,15,3,-6,0,12,4,19,1,17
16.5600,3,-7,4,12,6,15,-1,18,4,-10,4,14,-2,11,2,15,4,-8,4,12,-5,19,-1,27,2,0,4,14,-9,13,-13,15,7,-8,4,12,2,16,1,18,4,-14,7,15,-3,9,1,20,1,-8,4,18,1,16,1,17,-1,-3,6,11,-4,15,2,20
16.5800,8,-3,2,11,5,18,2,15,5,-1,4,15,-2,7,1,18,-1,-6,7,11,-3,16,-3,29,2,0,8,10,-4,20,-12,18,6,-6,5,7,1,15,4,16,4,-11,2,14,-7,13,3,18,-1,-10,3,21,-3,17,-5,20,3,-7,3,15,0,16,-1,16
16.6000,-1,-4,7,7,7,13,2,17,5,-7,6,13,-2,8,2,20,4,-4,4,9,-3,16,1,28,-3,-4,9,11,-4,20,-9,21,11,-6,10,8,-2,16,0,20,4,-12,2,14,-5,18,1,21,-2,-4,2,20,1,16,4,16,1,-7,8,9,3,17,-3,22
16.6200,0,-4,4,16,9,20,2,15,3,-8,7,11,-3,9,6,15,1,-9,5,9,-4,25,-1,19,-1,-6,5,13,-3,19,-9,18,8,-7,13,10,0,16,2,15,3,-14,0,10,-3,14,1,16,1,-7,8,21,1,22,1,14,3,-6,2,13,-6,14,-1,18
16.6400,1,-9,4,13,5,24,4,15,3,-6,6,9,1,10,4,15,-3,-4,12,11,-8,21,3,23,1,-2,3,12,1,21,-11,20,8,-10,7,8,-3,17,0,18,7,-10,4,14,-6,15,2,19,0,-5,6,19,-1,17,1,17,-1,-5,4,13,-3,20,-2,18
16.6600,1,-8,4,14,11,18,1,15,2,-10,8,15,1,10,1,15,0,-3,6,9,-2,17,2,24,-3,-4,5,13,-1,21,-9,18,7,-8,8,9,-3,16,9,15,2,-13,4,15,-4,15,3,24,-5,-8,4,19,-1,17,-5,17,-1,-9,3,16,1,18,-3,18
16.6800,7,-7,6,16,11,18,1,20,2,-4,4,11,-2,7,-1,17,-4,-3,7,9,-6,19,-3,24,1,-2,3,13,-1,18,-10,19,5,-8,6,8,-1,17,0,16,3,-9,7,18,-5,15,5,22,-5,-9,10,18,0,18,0,12,1,-7,3,14,0,16,0,17
16.7000,3,-7,4,9,6,17,4,16,0,-4,4,10,-6,9,2,11,1,-5,6,11,-6,21,3,25,-1,-3,4,8,1,20,-10,18,10,-7,1,8,-1,18,-2,15,5,-14,2,13,-5,17,4,18,4,-10,8,17,-2,19,3,20,5,-7,4,12,-3,16,1,16
16.7200,2,-13,5,11,7,18,-2,17,5,-6,7,11,-3,8,0,12,1,-3,2,10,-1,22,-2,23,-1,-6,4,9,-4,18,-13,19,10,-5,7,11,-2,14,4,17,1,-14,5,16,-7,14,0,17,-4,-7,10,20,-5,18,-2,15,2,-9,4,16,0,13,-1,22
16.7400,4,-5,4,16,7,17,-2,13,7,-8,2,12,2,10,0,20,-2,-6,9,10,-5,17,-4,24,1,0,3,16,3,23,-8,20,8,-10,7,8,-3,14,3,15,7,-13,3,12,-5,15,5,19,1,-6,7,14,2,17,2,16,3,-7,4,14,2,17,-4,18
16.7600,3,-6,9,9,7,16,2,15,12,-9,5,12,-4,9,0,14,-1,-8,8,11,-2,20,2,26,2,-3,7,10,-3,26,-7,19,7,-11,3,10,-5,20,4,19,6,-8,4,14,-6,15,9,18,1,-9,3,17,-6,21,-2,19,-2,-6,7,10,0,20,1,15
16.7800,5,-6,2,13,8,10,2,18,7,0,6,15,2,12,1,14,1,-5,5,8,-2,19,0,27,2,-5,10,9,-4,17,-7,14,10,-11,5,7,-1,13,9,24,5,-14,6,14,-2,18,3,24,1,-6,3,19,-1,17,5,18,7,-7,5,10,0,18,3,19
16.8000,-2,-6,4,9,8,16,-1,22,1,-6,3,11,2,15,8,13,3,-7,3,11,-2,20,3,24,1,-7,8,12,1,19,-10,18,9,-6,5,9,-1,16,1,24,-1,-11,2,11,-7,17,3,20,6,-5,5,21,-1,19,2,17,-2,-9,3,16,-2,17,3,19
16.8200,5,-6,1,9,6,19,6,17,8,-6,2,17,-1,10,6,17,1,-6,9,9,-1,19,1,26,-3,1,8,11,-5,21,-4,20,6,-9,1,12,-3,17,3,14,6,-7,3,14,-2,12,4,20,1,-6,5,15,-3,17,-1,18,7,-2,4,10,-6,17,3,19
16.8400,5,-3,3,14,4,15,3,16,2,-4,3,13,0,9,5,18,1,-5,6,12,-1,13,0,27,1,-3,4,14,0,20,-10,19,11,-5,5,6,-1,17,5,17,5,-11,7,12,-5,14,0,20,4,-3,8,20,0,15,0,15,6,-2,5,11,1,18,3,19
16.8600,4,-1,1,14,4,16,2,18,12,-4,5,11,1,13,2,17,7,-5,1,13,-1,19,3,23,5,-2,3,16,1,17,-9,19,5,-7,0,12,-1,14,2,18,4,-9,7,15,-3,14,3,17,6,-7,5,19,-2,15,1,20,7,-5,5,12,-1,16,0,23
16.8800,4,1,4,12,8,20,1,18,7,-5,2,17,-1,17,-1,18,7,-2,3,11,2,20,-4,29,0,-2,8,11,-1,22,-4,20,10,-3,2,11,-1,13,6,22,11,-11,3,13,0,16,-2,19,7,-3,11,17,0,17,1,17,0,-6,1,13,-3,13,1,20
16.9000,6,-2,3,17,9,16,1,17,6,-12,8,12,-7,7,3,22,-2,-4,1,9,-2,17,2,29,0,-3,9,13,1,17,-7,17,6,-2,-2,15,-2,21,2,17,6,-12,2,11,-4,14,3,21,2,-1,7,18,-4,13,3,23,5,-1,3,11,0,19,-5,18
16.9200,4,-2,6,10,3,17,-2,14,5,-7,5,14,1,9,4,15,4,-1,5,13,-3,15,-2,27,2,0,6,14,0,19,-9,18,5,-8,4,13,-3,16,0,20,5,-10,6,12,-2,18,0,15,3,-5,4,19,1,22,-3,18,3,-5,2,14,1,19,-1,22
16.9400,1,-2,3,11,9,14,0,16,8,-9,5,15,-6,12,3,18,5,-7,-1,12,-3,17,1,30,4,-1,0,17,-1,17,-3,18,8,-4,3,11,-1,15,6,21,4,-8,-1,11,-4,16,6,21,4,-6,4,21,1,17,2,24,3,-8,2,17,2,19,2,20
16.9600,1,2,2,20,2,20,0,18,9,-7,4,6,0,12,7,19,8,-7,4,12,1,16,5,28,3,-4,4,10,-2,20,-5,18,7,-2,4,15,0,17,2,19,12,-6,1,13,-5,17,3,20,5,-2,5,20,3,20,2,21,2,-3,1,12,-3,19,-1,21
16.9800,7,-3,1,13,9,20,-1,16,1,-8,2,13,2,14,-2,20,3,-6,1,14,-3,20,0,28,-4,-2,1,11,3,16,-6,20,8,-2,4,13,-2,13,4,22,4,-12,4,10,-6,20,4,19,5,-5,8,17,0,22,9,19,-1,-3,0,12,-2,17,3,22
17.0000,5,6,5,15,5,18,0,16,7,-5,2,13,-1,16,0,16,9,-5,-3,12,2,20,0,27,2,2,7,7,4,21,-5,17,10,-7,2,15,0,14,3,20,5,-12,3,12,-1,19,7,22,6,-1,8,23,-1,16,3,22,4,-5,4,15,5,18,-3,21
17.0200,6,-3,2,13,5,19,2,22,4,-7,3,11,0,11,0,21,5,-5,6,16,0,20,1,25,-2,-1,0,9,1,23,-8,18,11,-7,1,13,0,15,7,18,2,-10,2,9,-5,17,0,20,7,-5,9,19,3,18,4,22,5,-2,1,8,-3,14,2,20
17.0400,4,-2,3,14,8,20,2,21,4,-8,2,12,-2,12,1,20,3,-7,2,15,-5,17,0,28,0,-2,5,9,1,19,-8,19,9,-5,5,13,-3,15,-1,20,4,-9,2,12,-5,17,0,25,2,-5,5,16,1,21,-2,17,3,-8,1,15,0,20,-4,23
17.0600,0,-2,-1,13,11,21,1,17,8,-9,0,13,1,9,3,21,6,-1,2,13,-2,19,4,25,-3,-3,5,5,0,16,-6,20,12,-5,5,15,-4,17,8,17,-1,-13,5,13,-4,19,0,20,9,1,4,16,2,20,2,20,-1,-7,5,11,-6,15,4,20
17.0800,2,-1,2,20,4,16,-3,14,2,-3,1,13,-1,12,-2,19,-1,-1,3,11,2,23,0,26,0,-3,4,13,-2,17,-5,22,10,-3,5,15,-1,16,8,20,5,-12,6,12,-2,19,4,23,7,1,2,22,3,18,-2,19,1,-6,2,13,-5,20,-2,21
17.1000,2,-5,-2,17,5,17,-1,15,-4,-5,3,9,-2,13,1,19,5,-3,0,9,0,17,-1,30,-1,-3,3,12,1,15,-8,19,9,-6,5,18,0,17,4,20,2,-8,3,12,-5,20,-1,23,8,-4,4,19,2,21,2,18,-2,-7,-1,14,0,21,6,18
17.1200,2,-5,3,16,7,18,-2,17,4,-4,5,14,-5,13,1,22,6,-7,3,13,2,19,1,25,0,-5,-2,10,-1,16,-7,19,10,-5,3,12,-1,16,4,23,5,-9,5,8,-3,17,1,20,7,-4,2,20,1,21,-2,22,5,-4,2,13,1,24,-1,21
17.1400,1,-5,4,13,5,15,1,17,7,-6,3,12,-3,7,3,16,0,-6,0,17,-2,22,-1,22,0,1,2,13,-1,18,-8,19,10,-6,3,12,2,18,3,21,2,-13,0,13,-4,15,4,20,5,-5,6,20,-2,18,3,21,2,-6,-1,16,-1,22,1,18
17.1600,-1,1,6,15,1,20,0,20,5,-6,-2,11,-1,11,0,20,2,-5,8,7,-3,18,-5,25,0,-4,6,16,2,15,-8,26,9,-6,3,12,-2,14,3,18,-1,-14,6,12,-1,18,4,19,4,-4,3,17,-1,16,2,20,2,-6,4,14,0,16,-1,21
17.1800,5,-8,4,14,5,20,-1,19,5,-3,6,10,-1,12,3,13,0,-5,3,13,0,19,-4,30,1,-3,3,12,5,19,-9,26,10,-4,6,17,0,16,2,17,5,-13,7,12,-6,14,1,20,3,-5,3,22,4,16,3,19,2,-5,5,14,0,14,3,21
17.2000,8,-1,5,14,6,14,0,23,5,-8,7,15,-5,10,5,17,5,-8,5,13,-1,23,-5,23,-2,-4,9,12,-1,21,-11,22,8,-3,3,15,3,17,2,21,3,-11,4,11,0,15,4,22,7,-4,5,19,1,17,1,21,4,-4,-2,11,-2,22,3,17
17.2200,0,-3,0,12,6,17,0,18,5,-6,3,13,-5,14,3,16,2,-4,2,12,-5,16,6,30,-5,-3,1,12,3,22,-10,19,13,-5,4,15,-5,12,1,19,5,-15,5,9,-4,19,-2,18,7,-4,2,16,-4,19,-2,25,1,-3,0,9,-4,20,0,17
17.2400,-2,1,1,16,7,22,-1,13,2,-8,-1,10,3,12,-1,16,5,-3,4,15,-4,22,3,25,-2,-2,2,14,0,20,-10,21,12,-7,4,15,-4,15,1,17,1,-13,2,9,-5,15,-1,25,6,-6,2,18,4,16,4,15,8,-7,8,12,-2,16,-3,24
17.2600,0,-2,7,16,9,23,0,19,5,-8,2,11,1,9,-1,18,5,-6,6,10,-1,19,5,26,-3,-4,4,11,-1,20,-11,24,13,-3,3,14,-1,16,2,17,4,-14,2,12,-8,17,2,20,2,-7,10,20,-4,19,-2,22,3,-6,1,8,3,20,1,21
17.2800,-4,-3,4,16,5,22,-1,19,4,-7,7,14,1,8,3,12,-1,-9,4,13,-2,22,-1,23,-1,-2,0,12,0,23,-8,18,9,-6,8,13,-6,13,3,17,1,-10,6,9,-4,16,-2,21,-2,-1,4,22,0,22,1,24,1,-4,2,9,0,17,2,20
17.3000,3,2,0,19,7,15,1,19,6,-8,6,14,1,8,5,17,5,-5,1,10,-4,21,-2,22,5,-3,3,14,4,18,-12,19,9,-5,3,14,-1,18,1,25,6,-8,3,11,-4,17,2,19,0,-4,1,22,-1,21,1,21,3,-6,6,12,-1,17,-3,19
17.3200,3,-2,2,14,11,15,-3,18,6,-4,3,16,-1,13,0,19,8,-5,5,13,-1,20,-5,24,3,-2,2,13,1,19,-6,21,12,-6,3,14,-5,16,2,22,6,-13,1,14,-2,22,1,21,2,-2,3,21,-2,16,-2,23,4,-5,0,11,-1,18,-2,16
17.3400,4,-3,-2,14,7,20,3,19,1,-3,5,16,-3,9,-1,19,4,-4,7,13,-2,19,3,26,-2,-8,3,15,2,22,-7,15,8,-7,2,9,-1,12,4,18,1,-10,2,13,0,15,3,22,-2,-2,4,14,-2,17,0,20,1,-3,4,13,3,19,0,19
17.3600,5,-2,6,14,5,19,-2,18,7,-8,4,16,-3,10,2,17,4,-6,6,16,-1,20,4,27,-1,-1,3,15,-2,17,-9,19,7,-8,4,18,3,18,2,22,1,-14,4,15,-8,19,-1,16,7,-2,6,25,-2,15,0,22,5,-6,2,17,-3,20,-1,22
17.3800,0,-2,6,12,5,16,2,20,2,-2,-4,14,0,6,1,15,2,-8,4,14,1,20,6,26,1,-6,4,13,-1,18,-11,20,10,-4,4,8,-2,17,6,19,1,-10,3,14,-5,15,0,20,-1,-7,7,17,-3,17,-1,22,0,-5,6,15,3,14,3,21
17.4000,2,0,6,15,6,20,-6,20,2,-6,5,13,-3,13,6,17,1,-8,0,18,-1,25,-2,26,-5,-1,-2,19,-1,21,-5,23,12,-10,2,12,1,18,-1,20,3,-14,0,8,-7,17,2,19,-6,-3,3,18,-3,21,-3,17,0,-6,-1,12,-2,12,3,17
17.4200,1,1,2,10,4,16,-2,20,2,-1,-1,17,3,11,5,17,2,-5,6,14,-3,25,1,23,-3,-6,5,11,3,20,-8,21,13,-6,6,14,-4,19,2,22,-1,-7,3,14,-5,14,6,15,3,-4,3,23,-3,19,1,21,4,-6,6,12,5,15,2,22
17.4400,3,1,2,13,6,19,-8,21,7,-1,-1,12,-2,13,2,18,1,-4,5,12,-1,18,2,23,4,-4,2,16,3,18,-5,20,11,-9,4,11,-4,16,4,25,3,-8,2,15,-8,16,4,20,-1,-5,4,23,-3,22,-1,23,8,1,7,16,-5,18,1,16
17.4600,-3,-4,7,13,7,19,0,22,2,-2,6,16,1,12,1,16,1,-6,1,13,-4,20,1,23,-2,-4,5,16,1,19,-11,22,7,-8,1,11,-5,19,8,21,5,-13,3,15,-6,17,6,18,-1,-6,0,22,-6,17,-1,16,5,-9,2,18,1,14,-3,17
17.4800,3,-5,4,10,6,17,-7,21,2,-6,2,19,-1,10,7,16,5,-8,5,15,-3,24,-1,30,-1,-2,7,15,0,17,-4,20,11,-7,5,9,-2,11,9,20,7,-11,2,13,-7,19,2,24,3,-7,-1,21,-2,18,1,23,-2,-2,5,9,-2,18,1,17
17.5000,4,-4,1,12,6,17,0,24,5,-5,-1,12,-2,13,4,18,3,-7,7,14,-5,24,-3,25,-4,-4,5,15,1,20,-7,21,10,-14,3,10,-3,22,3,19,3,-12,1,14,-3,15,1,18,2,-10,-2,20,-5,19,1,21,5,-5,0,12,-1,18,2,20
17.5200,-3,-4,1,13,6,21,-1,18,4,-7,3,16,-1,12,1,20,3,-3,5,13,1,21,-1,25,-3,-5,7,13,2,19,-10,22,9,-6,5,10,-4,21,7,22,1,-12,0,17,-5,17,7,24,0,-8,3,23,-6,16,0,21,6,-5,5,16,2,19,1,22
17.5400,-3,-3,6,15,3,20,-2,24,3,-5,2,14,-2,8,3,19,5,-7,5,13,-3,22,5,29,-3,-3,3,9,4,23,-11,20,9,-7,6,13,-5,17,6,21,4,-16,2,17,-5,20,4,24,0,-5,6,22,-5,22,2,21,4,-6,4,14,0,20,2,19
17.5600,0,-1,4,12,6,26,-1,22,2,-6,4,14,-2,12,0,17,5,-10,1,13,2,18,3,30,-2,-4,6,12,0,18,-9,21,11,-10,3,10,-2,15,1,21,5,-14,5,13,-6,15,4,22,0,-12,6,20,-1,16,1,24,1,-8,3,15,3,20,1,16
17.5800,-2,-2,0,15,5,21,2,19,1,-8,2,17,-2,8,1,16,1,-12,4,9,-4,22,2,24,-3,-4,5,17,-1,17,-8,24,7,-8,9,13,-1,16,6,22,5,-16,-2,10,-4,18,3,24,2,-6,5,22,-3,18,-1,16,6,-5,0,16,-2,16,1,22
17.6000,1,-1,-2,12,7,23,-3,21,4,-6,7,12,-5,15,2,21,4,-4,3,13,-1,19,2,23,-2,-4,8,11,3,20,-6,21,10,-6,1,13,-7,21,4,22,2,-17,5,13,-5,18,3,22,0,-5,0,22,-3,18,3,16,1,-2,1,18,-2,24,-2,18
17.6200,4,-2,6,13,3,15,-1,22,6,-8,6,7,-1,17,1,17,3,-7,6,13,-1,25,2,29,0,-7,6,14,1,17,-8,19,10,-10,3,12,-4,20,1,24,2,-17,5,12,-2,17,2,16,0,-3,3,22,-1,23,1,19,4,-6,3,13,-3,17,1,16
17.6400,0,-5,6,15,2,18,1,21,3,-3,9,16,3,13,1,15,0,-4,4,14,-1,22,0,29,2,-2,3,12,-2,20,-9,18,8,-1,7,15,-3,15,0,19,6,-16,3,16,-4,22,0,20,5,-7,0,24,-2,20,4,20,2,-3,0,12,3,20,-6,20
17.6600,-1,2,5,12,13,20,-2,20,3,-5,2,11,2,9,-1,17,1,-9,4,13,-2,19,4,28,1,-6,1,11,-2,20,-4,18,9,-6,4,16,-5,13,4,19,3,-11,6,17,-3,23,1,23,5,-7,8,29,2,21,1,19,3,-5,2,16,3,20,-1,21
17.6800,0,-6,5,12,3,19,-1,20,6,-4,4,10,-3,16,1,15,7,-5,4,13,0,21,5,26,-4,-7,5,14,3,19,-5,18,8,-5,5,13,-2,18,6,23,4,-15,4,14,-5,18,4,21,5,-2,4,27,-2,23,2,22,2,-6,7,12,-2,19,0,21
17.7000,-2,-4,3,11,4,15,-3,18,3,-5,2,13,1,11,-1,18,8,-2,5,14,-1,22,5,26,0,-7,5,13,-5,16,-9,24,14,-6,6,10,-6,19,3,23,4,-14,6,12,-1,20,-2,22,-1,-8,4,23,-4,21,-2,17,1,-10,6,15,-1,21,-2,18
17.7200,-1,1,3,14,9,21,1,20,6,-5,6,13,-2,15,3,22,5,-8,2,12,-2,19,-3,26,-2,-7,7,12,1,21,-8,18,8,-4,5,12,-4,20,4,21,4,-12,3,13,-5,19,1,16,4,-7,2,19,0,22,2,20,2,-9,8,15,3,18,3,19
17.7400,1,-6,1,11,6,19,0,20,3,-6,6,16,1,14,0,18,2,-11,-1,11,2,24,-1,27,1,-5,5,17,0,16,-6,18,12,-5,6,11,-3,13,4,24,5,-15,6,14,-3,17,5,21,3,-5,5,25,3,19,4,19,3,-7,4,12,1,12,0,24
17.7600,0,-2,5,11,7,23,0,23,8,-2,5,12,-2,14,1,18,8,-8,4,11,-3,20,1,30,2,-5,6,13,4,21,-6,20,9,-7,4,14,-3,19,3,23,2,-12,5,11,-4,18,5,24,2,-2,9,23,-1,22,0,19,-2,-5,5,10,2,20,-1,22
17.7800,-1,-2,1,13,7,22,5,19,7,-2,4,15,-1,12,-2,21,4,-7,3,13,-1,19,5,26,2,-6,7,15,-1,20,-7,18,8,-7,3,14,-5,19,6,24,4,-13,5,15,2,17,2,24,3,-1,5,27,-1,23,2,18,1,-1,4,13,2,17,2,20
17.8000,-2,-9,9,16,3,18,2,22,5,-5,6,16,-2,11,-3,23,4,-12,7,12,-3,22,9,28,-3,-10,5,13,-2,18,-3,19,9,-11,4,17,-2,19,1,24,3,-15,5,16,-4,18,6,18,7,-3,5,23,-3,19,3,17,4,-5,7,19,-1,19,2,18
17.8200,1,-1,4,15,6,24,0,22,7,-8,4,9,-2,12,2,19,-1,-6,6,15,0,23,5,28,-1,-4,3,13,-3,19,-7,24,6,-5,4,15,-5,13,4,22,6,-18,8,17,0,19,2,23,7,-5,1,23,0,19,3,19,7,-5,7,15,-2,21,1,18
17.8400,4,-1,6,13,7,22,1,22,9,-3,-1,14,-3,15,5,22,4,-6,5,16,-3,24,-1,25,2,-9,4,15,1,22,-8,23,10,-4,8,14,-2,20,4,22,6,-14,6,19,-5,22,-1,23,1,-3,8,21,-1,19,0,24,2,-6,0,16,0,20,4,17
17.8600,2,1,4,14,5,21,0,21,5,-6,2,11,-2,11,3,19,4,-3,6,12,0,19,0,27,3,-2,7,14,1,20,-6,19,6,-2,4,14,-8,14,5,22,3,-14,1,13,-4,21,0,21,5,-3,6,24,5,23,4,18,5,-4,4,15,2,20,2,17
17.8800,0,-4,5,14,8,25,1,20,8,-5,0,12,-3,15,2,16,7,-3,1,12,-2,22,1,28,-5,-7,5,17,4,23,1,23,8,-5,-1,14,-2,14,1,25,1,-9,8,17,-5,22,2,24,1,-7,6,25,0,21,1,18,0,-4,4,13,-3,22,1,19
17.9000,4,-3,5,13,6,20,2,24,4,-3,5,17,0,16,3,23,4,-10,3,14,2,23,5,29,-2,-4,4,14,0,21,-3,23,5,-2,4,12,-1,15,5,24,1,-14,7,18,-6,22,3,26,3,-5,3,24,2,18,-3,23,-1,-3,3,16,1,16,0,21
17.9200,1,1,5,16,3,16,-1,21,2,-3,6,21,-4,9,1,20,11,-2,2,14,0,25,-5,26,1,-9,5,17,-4,15,-5,24,7,-6,4,13,-1,15,3,24,3,-10,7,12,-2,23,1,24,-3,-7,6,21,2,20,0,23,4,-3,4,18,-2,21,3,20
17.9400,2,-4,1,15,0,21,0,24,4,-5,3,16,-3,13,1,20,4,-5,4,10,-1,21,3,27,1,-5,10,14,-2,22,-4,17,5,-4,2,16,-3,17,0,26,3,-13,6,12,-5,19,2,19,3,-4,7,22,2,19,1,22,2,-5,7,13,-2,24,2,22
17.9600,-2,-4,9,11,6,21,0,20,2,-2,2,16,-2,16,-1,16,7,-7,4,11,2,25,5,34,-1,-4,5,15,5,17,-4,22,3,-7,2,12,-6,19,3,26,5,-16,7,13,-3,18,0,20,1,-7,2,22,-3,21,0,21,2,-5,2,16,1,15,2,20
17.9800,2,-1,5,18,5,20,0,20,5,-3,8,13,-1,16,2,18,3,-5,6,15,1,24,2,27,-1,-6,4,20,2,21,-3,24,6,-5,5,19,-2,19,0,23,3,-10,3,12,-3,22,1,21,5,-4,7,26,-1,22,7,21,5,-5,2,11,-1,19,5,16
18.0000,-1,-2,4,16,2,21,-1,24,4,-2,8,15,-4,15,-1,18,5,-4,6,13,-2,23,2,26,-1,-6,6,14,5,20,-8,23,12,-6,8,16,-6,19,6,21,3,-12,6,12,-5,19,-3,22,-1,-4,6,27,-3,18,0,22,0,1,7,17,1,19,3,24
18.0200,-2,-4,7,19,5,17,-3,21,5,-3,5,13,0,14,-1,14,2,-7,5,19,0,23,-4,30,-4,-4,1,19,-1,21,-5,24,6,-8,5,15,-4,20,4,23,-1,-17,7,13,-3,25,4,20,4,-8,3,24,-1,19,1,22,5,-3,7,15,-1,19,-2,21
18.0400,2,-6,2,9,1,22,5,24,3,-8,4,12,1,17,2,23,3,-7,4,12,-1,23,3,26,-1,-6,2,14,-3,21,-3,24,6,-8,4,14,1,20,4,26,0,-11,3,13,-3,20,0,15,4,-7,5,20,2,22,0,20,3,-6,12,13,-2,20,3,25
18.0600,-1,-1,7,11,4,18,-2,19,2,-2,-1,13,1,18,-2,21,4,-4,7,13,3,24,0,26,1,-2,4,16,1,21,-4,24,8,-3,3,14,-4,23,6,25,-2,-13,2,12,-9,22,0,18,3,-5,7,24,-1,16,-2,23,1,-6,2,9,3,23,-4,22
18.0800,4,-2,4,16,4,20,4,16,-1,-5,9,12,-3,12,4,20,3,-1,4,11,-1,22,0,28,-1,-6,9,12,-3,19,-9,18,9,-5,1,13,-5,20,6,23,3,-13,0,13,-10,16,1,19,1,-7,4,22,-2,18,5,22,-3,-6,9,14,-2,20,0,27
18.1000,-1,-6,12,14,2,23,-5,23,2,-4,6,15,-3,15,4,17,5,-7,8,17,2,25,2,29,-3,-4,3,15,3,16,-8,22,6,-5,5,13,-3,22,4,24,1,-10,6,17,-5,21,0,20,6,1,4,21,0,15,1,23,5,-5,4,11,1,19,2,20
18.1200,-4,-3,3,13,5,18,-3,21,1,-9,5,13,0,15,0,18,3,-6,4,15,-2,23,1,25,-3,-6,6,12,0,23,-4,18,3,-8,7,12,-2,19,-1,21,0,-15,8,13,-7,19,1,23,0,-11,2,23,-4,15,0,21,-3,-5,4,14,-3,19,0,18
18.1400,3,-3,7,17,7,21,2,26,4,-7,6,14,-2,12,2,19,6,-7,4,13,1,26,-2,25,0,-4,5,14,-2,21,-6,20,5,-7,2,14,-5,20,0,26,1,-17,4,20,-4,22,2,21,1,-6,5,15,-6,17,-2,28,2,-6,9,10,2,19,-1,19
18.1600,5,-5,5,13,1,18,-5,22,1,-4,5,13,-4,12,2,18,10,-6,6,14,-1,21,1,24,-3,-3,9,14,1,17,-7,21,7,-8,6,13,-7,16,-1,18,2,-13,8,14,-2,29,-2,20,4,-7,5,22,3,23,3,20,4,-1,-3,13,0,19,-5,22
18.1800,3,-3,3,11,7,22,-2,19,6,-5,6,10,-3,13,1,17,5,-4,7,10,-2,25,2,27,-3,-7,8,14,-2,18,-6,22,6,-8,10,13,-3,20,2,19,1,-8,7,18,-8,19,1,23,2,-9,5,24,-5,20,-1,22,-1,-6,5,14,0,20,-1,20
18.2000,-1,-3,7,14,1,20,-3,20,4,-4,6,13,-4,15,2,19,0,-4,3,14,2,21,1,29,-2,-5,5,18,-4,16,-1,18,3,-2,6,14,-2,22,0,19,0,-11,4,14,-4,22,-4,29,2,-9,7,23,-2,18,1,25,-3,-3,8,18,-6,20,-2,22
18.2200,-5,-4,0,9,3,18,-3,25,1,-2,7,13,-3,14,0,16,6,-4,5,12,-4,25,0,27,-2,-5,5,10,0,18,-8,20,8,-4,8,14,-4,20,3,24,-1,-14,4,16,-5,22,-1,21,2,-4,4,23,1,19,4,20,3,-7,8,16,-4,20,5,26
18.2400,-4,-1,7,17,4,21,1,23,4,-5,7,11,-3,12,-4,25,2,-6,6,13,0,21,-1,27,0,-7,6,16,-3,19,-4,20,4,-7,6,13,-7,18,2,24,0,-12,1,12,-8,21,0,18,-3,-7,4,20,-1,17,-2,20,-4,-6,4,9,-5,22,1,22
18.2600,0,-2,5,10,1,24,0,20,7,-3,6,16,1,15,0,24,3,-9,7,14,5,21,-2,26,-2,-7,5,16,-3,20,-6,23,7,-7,2,11,-4,22,5,21,3,-12,4,15,-4,21,2,19,0,-5,6,21,-2,21,1,20,2,-6,3,14,-4,24,4,20
18.2800,1,-1,8,16,4,23,-1,17,0,-3,7,19,-1,14,2,18,3,-7,4,17,3,22,1,29,-3,-12,9,12,-3,20,0,23,6,-5,6,12,-4,18,7,22,-2,-14,5,15,-3,20,0,24,5,-4,6,23,-3,19,4,26,0,-8,6,15,-3,25,2,19
18.3000,2,-4,3,13,3,25,0,24,-5,-4,5,12,0,13,-1,17,8,-4,8,16,0,21,0,26,-1,-7,1,16,-1,20,-5,20,7,-6,6,17,-9,19,2,22,-3,-13,4,14,-4,19,5,18,3,-7,8,24,-5,22,-1,24,0,-4,6,13,-5,22,4,20
18.3200,3,-2,5,14,5,22,0,23,-4,-5,6,14,-3,16,1,18,-3,-7,4,17,3,20,3,28,-1,-10,1,15,-6,19,-3,19,5,-2,4,13,-3,18,-2,22,1,-13,5,13,-1,20,2,22,1,-3,1,21,-3,20,1,21,1,-8,3,11,-1,18,2,21
18.3400,-1,-3,6,15,3,24,-5,20,2,-8,4,12,-2,12,1,18,5,-7,5,16,0,24,4,25,-3,-4,6,14,0,20,-5,18,4,-3,6,12,2,23,1,23,-1,-13,10,15,-6,18,0,20,0,-3,4,19,2,23,2,21,-1,-8,4,12,-2,25,3,23
18.3600,-5,-3,8,14,4,24,-1,19,5,-6,9,13,-3,21,-3,22,0,-5,6,11,-1,27,0,27,-3,-8,6,13,-1,22,-7,20,1,-3,6,13,-4,23,3,25,-1,-8,5,17,-4,23,-2,24,0,-6,6,22,-6,25,-5,26,3,-7,12,13,2,17,-7,22
18.3800,-1,-6,6,12,1,22,-2,27,-1,-5,6,17,-1,17,3,19,-1,-8,9,15,1,22,0,23,-2,-10,6,18,-7,19,-1,21,6,-4,8,14,-3,20,4,20,-2,-9,9,16,-2,22,1,23,1,-7,6,26,0,23,1,22,0,-12,6,11,-3,24,3,21
18.4000,-3,-3,5,12,1,19,-3,24,3,-4,3,20,-1,13,0,20,-1,-7,4,17,6,24,3,27,4,-10,7,13,0,22,1,16,5,-10,3,15,0,22,1,23,0,-15,6,16,-4,22,0,20,6,-9,4,25,0,22,-8,18,1,-4,3,13,-2,26,3,23
18.4200,-3,-3,6,16,7,22,1,23,4,-3,7,18,-5,16,1,20,4,-8,8,17,3,25,2,28,0,-11,10,15,-1,19,-7,23,5,-3,9,18,-4,23,11,23,8,-14,7,20,-4,20,0,22,-2,-4,6,20,-1,24,0,22,5,-8,4,15,-2,22,4,19
18.4400,-2,-3,7,11,1,21,2,24,1,-2,9,15,0,15,1,17,2,-9,7,13,1,25,-1,26,-1,-10,9,9,1,20,-3,22,6,-3,2,14,-4,20,1,23,-2,-13,8,13,-3,16,5,20,0,-8,7,21,-5,19,3,24,3,-6,6,13,-1,22,2,22
18.4600,-2,-10,6,15,2,24,1,20,3,-4,5,13,-2,14,3,22,1,-5,8,16,-1,26,4,31,0,-8,3,20,0,23,-1,21,3,-6,7,12,-4,22,5,21,-1,-8,6,20,-6,24,-2,21,2,-8,7,24,-2,22,0,21,5,-5,9,15,-1,19,-1,23
18.4800,-3,-4,5,10,5,16,-3,22,-1,-4,9,14,4,18,-3,16,0,-11,9,19,-1,23,-3,24,-4,-8,3,18,1,17,-8,17,-1,-7,15,12,-4,21,7,20,0,-10,8,13,-7,25,-3,19,-1,-5,6,26,0,26,5,21,1,-4,5,17,-4,19,2,20
18.5000,-2,-8,4,16,1,23,1,24,4,-5,5,12,0,20,2,19,-3,-7,8,15,2,24,-2,28,-4,-8,7,14,-1,20,2,23,6,-3,7,13,-5,22,5,20,2,-12,6,15,-1,22,-3,24,0,-7,6,28,-5,23,3,19,0,-6,7,15,-3,21,1,21
18.5200,0,-8,6,18,3,21,5,21,2,-6,5,15,1,20,6,18,2,-10,6,13,1,22,2,27,1,-9,7,18,-3,21,-5,21,3,1,8,14,-1,27,6,23,1,-11,6,17,-1,21,2,22,-3,-8,7,21,-3,20,3,17,3,-9,10,18,-6,20,3,17
18.5400,0,-9,8,17,3,20,-3,24,5,-4,6,16,-5,19,-5,19,4,-10,4,15,1,26,3,28,0,-10,4,16,-1,20,-5,20,10,-9,7,9,-7,19,3,23,4,-12,7,15,0,23,0,23,0,-6,7,25,-2,19,1,16,1,-5,10,14,-4,22,-1,26
18.5600,0,-6,8,15,4,25,-2,20,5,-8,6,15,-6,16,0,19,4,-8,5,11,1,25,2,27,-4,-7,6,14,1,23,-7,19,2,-6,8,12,-2,24,6,22,2,-9,7,15,-3,23,-1,23,1,-4,6,23,-4,20,-2,19,-1,-4,10,15,1,19,6,18
18.5800,0,-1,7,14,2,23,0,22,-5,-4,6,13,-3,17,-2,18,6,-14,8,15,-2,27,2,28,-4,-10,6,17,5,22,-5,21,9,-5,3,9,-4,20,4,20,-2,-8,2,16,-2,23,-3,23,1,-8,6,19,-1,21,2,22,-2,-4,8,17,0,23,3,21
18.6000,-3,-9,6,10,2,22,3,25,5,-5,6,15,-1,19,1,20,3,-6,8,12,-2,20,1,25,1,-10,5,17,4,20,-1,22,3,-6,7,12,-4,23,6,23,0,-7,5,15,-4,23,0,23,-1,-5,7,29,-2,25,1,20,-2,-6,6,15,-2,22,6,23
18.6200,-1,-8,8,16,3,25,2,21,3,-4,11,17,2,17,0,23,3,-8,10,13,-1,23,0,28,-1,-13,5,18,2,22,-5,25,5,-5,5,11,-4,17,2,20,1,-14,8,16,-3,25,5,23,-1,-9,3,19,3,23,3,22,3,-6,7,17,0,19,0,20
18.6400,0,-1,6,14,2,26,-5,21,1,-6,10,16,-1,21,-2,25,2,-9,9,16,-1,23,1,29,-2,-5,6,12,2,21,-6,25,-3,-7,7,12,-8,20,1,21,-1,-8,8,17,-3,25,3,19,2,-7,6,20,-1,28,0,23,1,-10,7,17,-2,21,2,19
18.6600,-1,-1,8,16,0,19,-2,22,-1,-8,9,15,-2,19,-2,21,6,-8,9,11,1,24,6,23,-3,-10,11,12,1,21,-5,24,1,-6,8,12,-4,23,5,26,1,-10,5,14,-3,19,0,22,-1,-8,8,25,-2,24,3,23,4,-11,7,15,1,21,2,18
18.6800,0,-4,2,14,3,21,-2,26,1,-7,6,15,2,17,-3,24,-1,-8,6,16,-1,24,-1,27,1,-13,11,16,5,17,-6,18,3,-6,7,15,-5,21,2,25,1,-10,5,14,-4,21,2,23,1,-9,6,24,0,21,5,24,3,-7,10,14,-4,27,3,23
18.7000,4,-5,10,18,2,21,-4,24,1,-3,7,15,-4,19,-2,20,0,-12,7,15,0,20,-3,23,-1,-7,6,20,3,22,-4,25,3,-8,7,12,-2,25,3,23,2,-6,7,18,-4,21,-4,23,1,-6,10,21,0,25,3,21,2,-7,5,17,-3,20,4,21
18.7200,-3,-4,13,18,3,18,0,27,2,0,10,16,-7,19,-1,19,2,-9,6,15,0,24,-1,26,-2,-6,7,12,0,17,-4,20,6,-11,5,13,0,20,4,26,-1,-11,6,17,-3,27,0,19,2,-6,6,22,-5,25,1,17,2,-8,5,16,-2,21,-1,21
18.7400,3,1,10,16,3,25,0,26,-1,-1,5,16,-1,21,0,23,4,-9,11,15,-1,24,1,26,3,-7,6,12,3,22,-5,17,3,-3,14,14,-3,16,2,27,1,-10,9,15,-3,24,0,23,2,-9,7,25,-2,18,2,24,5,-5,9,12,-4,24,6,20
18.7600,0,-3,7,13,-4,21,0,29,2,-6,10,17,0,15,4,23,-1,-11,7,16,3,27,2,26,-4,-6,12,12,3,20,-5,23,1,-4,7,11,0,20,5,24,0,-8,8,17,-2,24,-2,24,-1,-3,6,24,-1,19,-1,24,0,-5,6,18,-5,25,4,22
18.7800,-3,-5,6,17,1,22,0,24,-1,-5,5,15,5,13,3,25,6,-9,5,16,-1,25,0,24,-1,-9,8,13,-1,20,-6,21,2,-8,4,19,-5,22,7,23,-1,-11,6,18,-2,28,0,25,4,-6,6,25,-1,18,0,26,-1,-9,7,18,-3,22,5,18
18.8000,-3,-6,13,16,2,26,-3,23,4,-1,10,14,-5,16,2,23,1,-9,12,18,1,24,2,24,-1,-11,11,15,2,22,-4,23,0,-4,8,22,0,23,3,28,-1,-13,6,10,-4,23,0,23,-2,-4,10,28,-1,26,1,20,-2,-9,8,13,1,21,3,25
18.8200,-5,-6,8,15,-1,23,3,24,2,-6,5,14,0,16,2,21,-4,-7,3,16,0,24,-1,24,-1,-10,9,11,2,18,-2,19,0,-12,10,17,-3,26,2,24,-2,-9,6,15,-7,23,-1,25,2,-5,12,21,-7,24,6,22,1,-7,8,17,-2,28,0,26
18.8400,-1,-5,10,18,2,22,-2,22,1,-4,8,20,-6,15,1,21,3,-8,9,18,-1,23,4,26,-2,-8,12,14,1,28,-6,20,0,-8,9,18,-5,24,2,24,-2,-13,9,18,-3,23,2,22,0,-6,6,26,-5,24,0,24,6,-8,7,19,-4,21,0,24
18.8600,-2,-4,7,20,4,24,-3,23,6,-2,6,13,-3,22,-1,18,-1,-11,4,15,-4,24,5,27,1,-5,10,15,3,15,-4,23,0,-5,7,14,-4,22,6,23,-1,-10,4,15,-3,22,6,21,6,-7,5,24,2,23,1,25,3,-9,7,15,-1,21,2,22
18.8800,-2,-2,8,16,1,25,-3,25,-1,-3,9,16,-6,19,0,20,1,-5,4,16,1,25,5,28,-1,-8,4,10,2,22,-2,24,1,-6,8,15,2,22,4,22,-3,-12,5,12,-7,24,-4,20,1,-5,6,22,-4,21,0,24,-3,-6,9,15,-6,24,0,18
18.9000,-2,-2,10,15,-1,22,-2,24,1,-4,9,16,0,23,-3,22,1,-7,4,16,-1,28,3,24,-3,-9,7,14,0,24,-4,23,2,-7,12,12,-6,21,5,21,-4,-12,2,14,-2,25,-1,24,0,-7,6,22,0,22,2,25,0,-7,12,11,-2,20,1,25
18.9200,0,-3,6,12,1,21,-2,28,-1,-8,11,16,0,16,1,19,2,-7,7,14,-4,26,3,26,-3,-9,9,12,2,23,-4,22,0,-3,8,14,-3,20,3,22,-2,-11,7,16,-5,25,-3,25,3,-5,9,20,-3,21,1,22,2,-7,8,17,0,24,-1,18
18.9400,-1,-5,10,12,-1,23,-1,27,-2,-3,10,13,-4,18,-1,22,0,-5,6,14,-1,22,1,22,-2,-9,8,13,0,23,2,18,-1,-4,5,18,-6,21,4,20,6,-9,3,13,-4,22,0,24,3,-5,6,23,-4,23,0,21,-3,-7,4,18,-3,23,1,23
18.9600,-3,-4,4,14,2,28,2,26,-1,-5,7,17,-4,21,-2,22,1,-5,8,18,-4,25,0,25,1,-6,8,17,-1,23,-1,21,3,-11,5,14,-1,20,3,28,0,-16,7,12,-4,22,1,21,2,-3,4,21,-4,24,3,22,0,-6,6,17,-2,22,0,24
18.9800,-6,-7,5,14,2,24,0,27,1,-6,10,12,1,13,-2,23,-1,-5,6,12,3,24,3,29,-2,-7,9,19,0,18,1,25,4,-8,4,18,-7,23,4,25,3,-9,4,16,-4,29,-2,24,3,-7,8,23,-5,24,2,25,2,-5,5,17,-5,20,0,23
19.0000,0,-6,8,16,5,24,-7,21,-2,-4,8,13,-4,16,2,24,-2,-6,6,18,-1,26,3,28,-1,-10,13,15,4,21,5,25,5,-9,7,18,-7,22,5,20,-1,-11,4,12,-8,25,2,23,1,-8,6,22,-1,22,0,27,1,-11,11,11,-5,27,4,25
19.0200,-1,-4,7,16,-4,24,-1,22,-2,-2,7,14,-5,16,-4,21,-2,-7,9,17,-2,26,0,26,0,-6,12,16,-4,18,-2,23,7,-7,8,16,-6,25,4,23,3,-8,7,12,-7,24,1,25,3,-12,6,19,-1,23,2,22,-5,-10,11,13,-6,27,3,25
19.0400,-3,-1,6,18,2,22,0,25,-5,-3,4,12,-3,19,0,18,1,-6,12,15,0,29,6,26,1,-7,8,16,-3,23,-1,20,-2,-2,3,14,-7,22,2,23,2,-12,8,16,-5,27,4,24,-1,-4,9,21,-6,26,3,21,0,-6,6,12,-6,27,0,22
19.0600,2,-8,11,16,-1,25,1,24,3,-1,9,10,-1,19,0,19,-4,-3,3,16,0,26,-2,28,0,-9,7,17,2,25,-7,25,3,-8,8,18,-3,25,4,19,-2,-13,7,14,-2,28,4,28,3,-6,8,17,-6,26,2,22,4,-9,8,17,-4,27,-5,25
19.0800,-2,-2,6,17,-2,25,1,25,0,1,8,15,-3,16,-3,19,0,-6,6,10,-5,28,3,29,-2,-5,11,14,2,24,-4,22,6,-5,5,16,-6,28,6,26,-1,-11,13,16,-5,27,-2,28,5,-7,5,21,-4,22,-1,26,1,-8,10,14,0,25,0,23
19.1000,-2,-7,8,15,0,21,-2,22,0,-3,5,17,1,21,0,24,-2,-5,10,16,-4,28,3,25,-1,-7,6,16,2,23,-8,24,0,-6,8,16,2,22,3,22,1,-13,11,14,-6,28,3,29,3,-9,9,21,1,24,-3,22,3,-2,14,11,-3,24,3,25
19.1200,-4,-7,11,17,0,24,-2,22,3,-2,9,10,-4,19,2,23,-4,-3,6,17,-5,27,5,23,-1,-10,9,18,0,22,-3,22,8,-2,8,17,-1,29,6,21,1,-11,9,14,-4,29,1,27,-2,-9,10,23,2,22,0,26,1,-8,4,14,-7,28,1,22
19.1400,-4,-4,12,17,-1,27,-1,23,2,-3,8,10,-1,17,6,21,-4,-9,6,12,-2,29,7,26,3,-8,6,13,-1,24,-5,23,6,-8,7,16,-8,26,7,20,-1,-10,9,12,-5,26,1,23,0,-5,7,23,-4,24,-2,21,0,-3,8,13,-1,24,2,20
19.1600,-2,-5,12,15,-3,27,1,21,0,-1,9,15,-2,20,5,19,1,-10,6,10,-4,30,5,28,0,-7,7,14,-2,23,-2,27,-1,-5,8,14,-12,26,6,26,-1,-10,8,19,-2,28,-1,24,0,-8,8,23,-1,21,-1,22,3,-10,9,14,-6,24,0,19
19.1800,-4,-6,10,18,-5,26,1,22,-4,-6,9,20,-5,23,2,24,-3,-8,8,13,-3,24,1,29,-3,-6,7,19,0,25,-3,24,3,-6,7,12,-9,26,1,20,-2,-14,8,14,-5,30,3,21,3,-10,12,21,-1,25,4,17,3,-4,8,10,-2,26,1,26
19.2000,-4,-6,7,16,3,25,5,25,-2,-1,9,16,-5,19,1,24,-4,-11,8,15,-3,28,1,30,-6,-6,8,16,2,23,-4,23,6,-8,9,14,-7,21,3,17,-1,-12,8,16,-4,27,3,22,1,-8,8,19,-4,22,1,24,4,-4,8,15,0,21,-1,24
19.2200,-2,-3,9,15,-1,29,0,24,1,-2,11,15,0,20,4,17,-3,-14,10,17,0,26,1,25,-2,-8,7,16,1,24,-2,24,5,-6,7,11,-3,27,1,18,-2,-11,8,16,-3,29,2,23,0,-8,4,21,-4,28,0,19,2,-5,13,14,1,26,6,22
19.2400,-2,-4,7,15,0,20,1,23,0,-10,11,17,-3,21,3,18,1,-11,7,12,-1,24,3,30,1,-3,12,18,4,21,-5,24,4,-11,9,11,-10,23,5,22,4,-10,9,14,-6,25,3,18,-3,-11,5,23,-1,22,1,20,0,-5,12,18,0,20,-4,21
19.2600,-2,-3,6,17,2,29,3,25,2,-7,9,13,-6,19,4,18,-2,-8,6,16,-7,27,5,28,1,-7,11,14,0,22,-9,23,2,-14,6,8,-2,26,1,20,0,-12,6,17,-4,29,2,21,-1,-5,10,17,-2,26,-5,25,0,-6,12,15,-6,26,1,23
19.2800,1,-6,9,15,3,27,2,21,-1,-1,7,11,1,20,0,18,0,-8,8,12,-3,24,1,29,-2,-7,11,15,-1,26,-6,22,1,-10,9,14,-4,22,1,20,0,-9,5,18,-4,29,0,24,4,-7,8,23,-5,23,1,24,0,-6,13,12,-1,23,-1,23
19.3000,-5,-7,10,12,3,27,-1,25,1,-1,11,14,-2,17,5,22,0,-8,10,14,2,26,4,28,0,-4,6,15,0,24,-6,27,7,-8,8,14,-2,20,2,21,-1,-11,7,19,-4,32,2,26,3,-8,6,23,-5,24,1,24,-1,-8,8,14,0,24,4,25
19.3200,-4,-5,8,13,5,26,1,24,-1,-4,8,12,-2,16,0,21,-2,-11,8,15,0,29,3,27,-5,-10,9,14,-2,20,0,28,6,-7,10,14,-9,28,5,18,4,-8,6,13,-3,29,0,25,-7,-5,12,21,-5,30,-1,25,2,-7,7,14,3,21,-1,24
19.3400,-6,-8,9,21,0,27,2,22,0,-5,8,18,-1,13,-1,17,-2,-3,13,14,-6,27,1,28,-4,-5,7,17,0,24,-8,26,3,-4,2,15,-5,26,3,22,-1,-14,10,11,3,25,-1,21,-1,-10,9,19,0,28,3,22,-1,-8,13,14,-6,25,-1,27
19.3600,-2,-4,6,15,1,23,0,20,0,-5,8,14,-5,16,0,22,-1,-7,11,11,-1,27,-2,33,1,-5,5,18,2,27,-2,28,5,-7,10,16,-5,26,4,21,0,-13,7,15,-3,27,1,20,-1,-8,10,23,1,24,1,18,-4,-9,8,17,1,26,-3,26
19.3800,-3,-5,7,14,5,22,3,20,-4,-5,11,19,-8,20,-1,20,2,-6,7,15,-3,28,-1,31,-2,-9,8,14,3,25,-8,28,0,-3,6,10,-2,26,2,23,1,-10,8,16,-2,29,0,27,0,-9,8,24,-1,27,5,24,0,-6,9,15,-5,25,3,22
19.4000,-6,-4,9,15,2,24,-2,20,-2,-4,11,16,-1,20,1,25,-5,-5,7,13,-4,26,0,29,-3,-6,5,13,-1,29,-2,25,1,-11,7,15,-5,30,5,23,-3,-12,7,21,-2,25,5,26,2,-8,6,20,-2,25,-1,21,4,-1,8,15,-1,26,6,20
19.4200,-2,-5,12,17,1,23,1,24,0,-4,12,15,1,13,2,23,3,-10,10,15,-1,24,2,29,0,-9,9,14,-1,24,0,24,3,-10,13,17,-1,25,6,21,0,-12,11,22,2,28,5,26,-3,-11,6,22,-3,22,-1,23,0,-7,8,17,1,29,0,26
19.4400,-7,-4,6,17,3,25,-2,24,1,-5,6,14,1,22,1,19,2,-9,4,10,-2,25,3,30,-3,-9,5,15,-2,22,0,25,6,-8,11,10,-5,25,0,22,-3,-11,8,18,-4,26,3,31,-5,-7,11,20,-4,28,2,21,-5,-3,8,15,-6,23,5,24
19.4600,0,-1,9,13,5,25,2,22,3,-10,10,13,2,17,6,23,1,-6,8,17,-2,24,8,31,3,-10,8,12,-3,29,-6,27,5,-4,11,13,-4,28,2,20,0,-11,9,16,-3,26,-2,23,-2,-7,5,22,-5,24,1,20,2,-8,13,13,-3,26,1,23
19.4800,-3,-10,9,13,6,23,1,22,-5,-3,9,12,2,18,0,22,1,-5,9,15,-1,26,2,30,-2,-7,13,13,-2,27,-4,28,2,0,13,11,-4,27,4,20,-1,-15,8,15,-3,26,-3,23,3,-10,11,25,-4,25,0,24,-1,-12,5,10,-5,27,2,20
19.5000,-6,-4,8,13,3,20,4,22,-7,-4,10,15,-4,19,6,24,1,-10,9,10,0,24,2,32,-1,-12,10,16,0,27,-6,24,2,-5,10,11,-6,23,4,25,-1,-13,7,16,-3,25,0,23,-2,-7,5,20,-5,28,-2,24,0,-6,13,15,-1,28,5,21
19.5200,-1,-8,14,11,2,25,0,22,-1,-4,8,17,0,17,0,22,-4,-7,9,14,-5,27,0,27,-3,-2,8,19,1,24,-6,29,1,-7,3,15,-6,25,2,25,-5,-12,10,15,1,27,3,23,-7,-8,7,24,-5,26,4,25,-7,-4,7,13,-1,24,3,24
19.5400,-3,-9,12,13,2,23,-2,29,0,-8,7,14,3,18,2,22,3,-8,10,16,3,23,7,32,0,-5,6,11,-1,26,-7,25,5,-7,9,13,-5,24,5,25,-2,-12,11,15,3,29,-1,24,-3,-8,8,20,-3,25,5,21,-1,-6,16,12,-3,26,3,24
19.5600,-4,-5,11,17,0,24,1,26,0,-7,12,15,4,21,-2,20,-2,-8,10,11,-3,27,2,32,-2,-10,12,15,4,23,-6,23,4,-4,10,17,-4,23,7,23,-1,-12,9,16,-4,29,2,22,-3,-7,11,23,-6,30,3,21,0,-10,10,17,-5,26,5,18
19.5800,-4,-7,10,12,4,21,1,26,1,-4,14,13,-3,18,4,25,1,-8,8,15,1,25,-2,32,3,-5,13,15,2,25,-4,24,5,-4,5,15,-3,22,3,22,-4,-12,13,13,-1,25,3,21,0,-8,11,24,-6,28,2,17,-1,-3,7,15,0,26,-1,22
19.6000,0,-7,8,11,4,24,2,25,-2,-2,12,15,0,19,1,24,-1,-8,13,13,-4,26,-2,30,-3,-3,7,15,4,25,-4,25,1,-5,6,17,-7,26,0,23,-1,-16,8,18,-4,28,0,23,-4,-8,10,21,-2,26,3,22,-4,-6,11,14,-6,27,5,23
19.6200,-3,-8,11,13,10,25,-3,27,-1,0,9,12,0,17,2,19,3,-7,7,15,-3,28,0,30,0,-10,13,14,-3,23,-8,24,3,-4,8,16,-2,27,5,19,0,-15,14,13,-4,26,1,23,2,-8,8,22,-4,28,4,19,0,-4,11,19,-3,28,0,23
19.6400,-2,-4,9,12,6,22,0,25,-4,-2,9,17,-1,14,1,26,-1,-5,11,17,-1,27,5,34,2,-11,12,19,-1,25,-7,26,4,-4,9,13,-8,29,3,19,-8,-14,10,13,-7,32,0,30,-5,-7,5,24,-2,27,4,26,-1,-5,9,16,-5,25,2,19
19.6600,-6,-6,8,16,5,24,-1,26,-5,-3,10,12,-1,15,1,23,-2,-5,11,16,0,30,4,30,1,-9,6,16,2,26,-2,24,3,-5,7,12,-6,28,4,20,-7,-10,8,15,-1,29,2,27,-4,-4,8,20,-5,28,9,26,-4,-7,13,12,-1,25,2,26
19.6800,-2,-12,5,14,3,25,-3,25,1,-5,12,17,1,20,-1,23,-5,-9,10,14,0,28,1,32,2,-9,12,16,-3,26,-5,24,5,-9,8,17,-4,25,0,25,-4,-11,10,10,-2,25,-1,28,2,-4,10,21,-3,27,1,22,-5,-6,14,17,-3,24,1,24
19.7000,-3,-11,11,15,3,22,0,22,0,-1,11,15,3,17,-3,24,-8,-8,9,18,0,28,2,30,-2,-8,10,13,-2,25,-10,22,1,-7,9,13,-4,24,6,24,-1,-12,8,12,3,25,-2,31,-2,-5,11,21,-3,25,10,24,0,-7,7,17,-4,25,4,27
19.7200,1,-5,15,16,1,25,1,28,-3,-3,14,13,6,21,-2,22,0,-10,11,16,-6,26,4,32,3,-8,9,17,-4,27,-9,24,3,-3,7,9,-8,26,2,22,3,-11,8,15,-4,27,-3,22,-3,-4,10,22,-6,28,9,23,-3,-6,11,17,-5,27,2,25
19.7400,-4,-6,10,15,5,25,-1,27,-2,-4,17,16,-1,15,1,23,2,-9,11,16,-2,26,1,32,4,-11,9,16,1,23,-9,22,5,-10,8,13,-8,25,3,22,6,-9,13,12,-5,31,0,20,2,-1,5,23,-3,24,1,18,1,-7,10,16,-3,30,-2,22
19.7600,1,-12,14,17,2,24,1,23,-2,-7,15,18,-4,12,1,24,-2,-8,7,17,-1,24,3,31,-1,-12,9,17,1,26,-4,23,5,-3,8,12,-2,26,0,24,-2,-14,9,12,-5,28,-2,22,-1,-5,9,25,-2,30,9,22,1,-7,12,18,-9,25,1,25
19.7800,-1,-5,13,17,0,22,0,29,-1,-3,11,14,3,13,-2,24,-7,-4,8,11,-3,22,1,31,0,-7,11,15,-1,23,-7,22,-4,-5,5,17,-5,27,2,24,1,-14,7,10,-4,29,-1,23,1,-6,10,25,-3,28,2,27,3,-6,9,17,-2,24,3,25
19.8000,-3,-6,14,17,2,26,5,29,-1,-3,8,15,-1,21,4,22,2,-9,12,21,0,21,-2,31,-2,-8,15,15,-5,22,-6,22,1,-8,10,16,-2,28,-1,21,-1,-13,14,15,-2,31,3,26,1,-4,13,22,-4,25,3,25,-3,-6,7,15,-4,30,7,22
19.8200,-2,-4,7,15,2,26,0,28,-2,-5,11,14,4,14,2,23,-1,-9,11,13,-7,28,5,34,-1,-8,10,9,1,21,-2,23,3,-5,11,15,-3,26,0,19,-3,-9,7,13,-3,30,-3,25,-3,-1,10,25,1,24,0,20,-2,-7,10,12,-5,23,3,24
19.8400,-2,-8,14,15,5,28,2,22,-4,-4,13,16,1,14,-3,24,-6,-8,13,16,-2,28,3,29,2,-9,13,22,-1,27,-6,23,1,-6,12,16,-7,25,2,22,0,-14,11,15,-1,28,-4,22,-1,-1,6,23,-5,26,3,21,-2,-8,9,16,-2,25,1,26
19.8600,-6,-7,9,17,6,23,2,31,-5,-5,13,16,0,17,-1,25,1,-9,12,12,-4,26,2,32,-1,-11,7,14,-4,24,-4,23,4,-5,7,14,-6,31,-1,25,-3,-13,12,15,-2,28,1,24,0,-4,7,19,-2,29,0,25,-5,-8,17,15,-3,29,3,23
19.8800,-3,-9,13,17,1,28,0,26,1,-5,10,16,-2,20,1,27,0,-9,11,14,-4,27,5,30,4,-10,10,13,-7,23,-7,26,4,-4,13,17,-3,27,1,22,0,-10,9,12,-3,28,4,24,-3,0,11,25,-5,28,1,27,-3,-3,12,19,-4,29,2,32
19.9000,-3,-13,14,19,3,24,3,22,-3,-5,14,16,0,23,4,24,-3,-8,10,11,-2,23,2,30,0,-8,10,12,-2,23,-4,27,0,-4,12,16,1,25,1,24,-3,-11,13,13,-1,30,0,23,-2,-5,11,22,-5,28,5,27,0,-3,13,14,-1,25,-1,20
19.9200,-2,-8,16,15,1,24,2,23,-4,-10,13,17,0,18,4,23,-3,-6,11,16,-6,29,3,33,0,-7,11,17,-5,26,-9,28,0,-1,7,19,-5,28,-1,24,-4,-14,7,15,-3,29,-1,22,0,-5,6,23,-5,22,3,24,-2,-4,5,17,-6,28,1,18
19.9400,-7,-7,12,17,0,24,-1,25,-3,-1,10,16,1,15,1,25,0,-10,10,13,-4,25,1,32,4,-10,9,16,-1,25,-4,30,3,-5,13,17,-2,27,-2,24,-2,-7,11,15,-1,28,5,24,0,-7,9,21,-1,22,2,26,1,-9,9,13,-3,29,-3,23
19.9600,-4,-12,13,19,3,27,6,23,-2,-5,13,16,2,17,6,23,-5,-6,10,15,-2,30,4,28,-1,-6,7,16,-5,23,-9,21,2,-3,10,14,-4,29,-5,19,-2,-7,12,15,-3,27,-1,26,1,-4,4,23,-2,29,0,24,-3,-5,14,18,-3,28,2,26
19.9800,-6,-6,11,15,-1,28,4,29,1,-1,13,15,-3,17,1,24,-3,-7,8,13,-3,27,1,29,1,-8,12,18,-3,22,-4,28,1,-5,11,14,-9,25,2,21,-1,-12,6,12,1,30,2,25,-1,-11,9,20,-4,26,2,24,0,-12,13,14,-2,25,2,23
20.0000,-5,-8,13,21,5,22,6,27,-2,-5,10,15,-2,19,-5,26,-1,-7,12,19,-2,29,4,35,1,-7,12,16,-5,30,-3,28,-2,-6,10,17,-5,30,4,23,-1,-10,11,13,-3,29,0,25,1,-6,9,24,0,26,6,20,-6,-7,14,14,-1,27,5,24
20.0200,-5,-11,9,16,3,24,1,24,-3,-6,11,15,-3,17,-1,21,-3,-8,12,14,1,30,1,32,-2,-7,11,14,-7,23,-8,29,5,-6,9,18,-9,23,5,20,-2,-10,12,13,-2,29,1,22,-3,-5,11,23,-1,27,2,26,-1,-5,15,15,-2,29,0,23
20.0400,3,-9,11,18,2,25,2,24,-1,-8,15,15,-1,18,0,26,-6,-8,13,18,5,25,3,34,-3,-8,10,18,-1,27,-5,24,2,-8,10,19,-5,30,-2,21,0,-13,13,17,-1,28,1,25,-2,-5,4,19,-1,30,-1,22,-2,-10,13,20,-2,27,2,25
20.0600,1,-5,12,17,-2,26,1,27,1,-5,14,16,-2,21,-2,21,1,-5,10,18,-1,29,-2,29,3,-4,12,13,-6,25,-5,26,3,-8,10,14,-7,28,2,23,-3,-15,15,18,-2,31,1,22,-2,-7,10,19,-2,24,-3,25,-3,-9,14,16,-2,26,0,24
20.0800,-8,-7,10,16,3,27,5,25,-4,-5,14,14,0,25,-4,23,-5,-9,12,19,-5,24,-1,34,3,-5,16,15,-3,27,-5,28,-1,-4,11,14,-1,27,1,23,-4,-11,13,13,-5,29,-2,21,1,-10,12,18,-3,29,2,24,-2,-10,13,16,0,26,3,25
20.1000,-2,-10,12,17,1,26,4,24,-5,-5,14,12,0,23,0,23,-1,-7,7,13,0,27,0,30,-1,-8,13,17,-3,27,-5,28,0,-8,13,11,-4,28,3,20,1,-14,12,16,0,30,4,20,-3,-7,13,20,0,27,-1,25,-3,-7,13,17,-5,27,4,21
20.1200,-5,-8,9,14,4,24,0,24,-2,-5,7,14,-3,17,2,21,-6,-3,10,19,5,28,4,27,-1,-6,14,17,-4,27,-3,26,7,-7,12,17,-6,25,0,23,-4,-8,13,13,-2,35,4,26,0,-6,10,22,-1,28,1,30,-3,-10,12,14,-1,26,1,24
20.1400,-2,-7,9,16,5,24,1,26,-3,-7,12,15,0,19,1,27,-7,-6,14,14,-8,29,3,32,-3,-9,15,14,-5,27,-6,23,4,-11,16,18,-5,24,-2,21,0,-14,10,18,-3,28,6,25,-5,-8,12,24,-1,27,1,26,-4,-10,14,21,-1,28,3,25
20.1600,-1,-4,13,13,2,24,-1,25,-4,-9,11,13,-1,16,0,27,-1,-10,16,18,-6,28,3,34,-1,-9,11,18,-2,25,-4,26,3,-11,9,15,-2,31,4,21,1,-10,13,16,3,32,2,26,-6,-11,12,19,-2,27,0,30,1,-5,11,12,0,28,-1,27
20.1800,-3,-9,7,17,2,21,1,26,-1,-7,9,15,1,24,-3,24,-1,-6,14,16,-3,28,2,37,-2,-14,12,17,-3,29,-6,28,2,-10,17,15,-6,30,1,19,-7,-13,7,17,-1,30,3,25,-2,-10,8,18,-6,27,4,24,-4,-13,13,15,-3,26,3,26
20.2000,-2,-6,12,16,0,27,0,23,-2,-1,11,19,1,19,1,25,-4,-5,11,16,-4,28,3,31,0,-10,15,19,-2,27,-4,24,-4,-9,17,15,-6,27,1,25,-6,-14,11,16,-2,31,-1,26,0,-13,9,19,-7,26,-2,26,-3,-10,13,13,-1,30,-1,22
20.2200,-5,-8,13,16,-1,24,-1,28,-3,-8,13,18,-1,20,-1,25,-6,-6,13,16,-4,30,1,31,-5,-6,14,19,0,25,-6,27,3,-12,14,12,-6,31,2,22,-5,-12,12,19,-4,27,1,26,-1,-8,10,19,-4,26,6,27,-3,-7,8,9,-3,27,0,24
20.2400,0,-12,11,17,2,22,5,23,-3,-4,11,17,-4,19,2,22,-3,-12,7,16,-5,26,2,30,-2,-8,13,18,-4,24,-4,25,5,-6,13,18,-5,29,4,21,-1,-11,13,18,-2,32,4,25,-5,-8,11,23,-2,25,0,23,1,-7,17,14,2,27,3,21
20.2600,-5,-10,10,14,1,25,10,26,-2,1,12,12,1,19,1,24,-5,-11,13,17,-5,25,3,33,-1,-11,15,17,-1,26,-5,27,3,-7,14,14,-5,30,0,19,-6,-10,14,16,-1,30,8,27,-3,-7,9,20,1,30,0,22,0,-9,15,12,-7,28,2,23
20.2800,-4,-11,13,14,2,25,6,26,-2,-3,12,15,6,22,0,24,-3,-7,12,17,-2,25,-1,28,1,-8,10,12,1,29,-5,26,1,-7,9,14,-4,30,5,20,3,-12,7,18,-1,31,1,24,1,-9,16,21,1,27,1,25,-4,-9,11,18,-3,28,2,26
20.3000,-5,-7,16,16,0,26,2,21,-7,-3,12,14,3,21,3,23,0,-8,10,17,-4,27,5,31,2,-7,15,14,1,24,-3,25,4,-5,6,17,-2,29,-1,23,2,-11,11,16,-2,31,1,23,-3,-9,14,17,-3,29,-2,26,5,-6,13,16,-5,32,0,21
20.3200,2,-7,14,14,-2,26,2,24,-9,-9,13,10,0,22,4,27,-4,-8,12,20,-6,30,4,35,2,-4,10,13,-4,31,-5,24,0,-6,12,15,-4,30,2,24,-3,-11,14,19,-1,28,2,25,-1,-12,12,24,-3,31,0,26,-4,-8,14,16,-2,26,3,23
20.3400,-4,-7,10,20,2,25,6,25,-5,-10,17,12,1,18,-2,25,-3,-7,10,16,-3,29,2,32,-1,-11,12,17,-2,31,-2,31,3,-9,13,15,-4,30,2,27,-3,-12,10,15,-2,34,3,25,-4,-10,12,23,-1,27,1,24,-3,-6,12,14,-1,29,-1,24
20.3600,-1,-11,14,15,1,29,1,28,-4,-7,15,14,2,21,-2,26,-6,-5,14,15,-8,33,3,31,-5,-6,13,13,-6,29,-5,27,1,-11,14,13,-4,30,3,27,-4,-8,11,14,-3,32,3,23,-2,-11,10,25,1,32,3,23,-5,-6,13,13,-2,27,4,25
20.3800,-2,-10,11,12,3,29,4,26,-1,-4,20,14,0,23,5,28,-6,-5,9,15,-5,25,0,28,3,-8,12,15,-6,21,-3,26,1,-10,14,17,-5,26,0,19,1,-5,11,16,-1,34,4,27,4,-10,12,21,-5,29,1,28,-3,-9,13,15,-3,25,5,24
20.4000,-4,-6,11,20,3,29,5,24,-1,-6,13,17,-3,15,3,25,-2,-10,19,15,-4,29,1,33,0,-9,15,16,-3,31,1,27,0,-6,7,15,0,28,3,20,-5,-10,13,12,-3,29,0,26,-2,-9,13,26,-5,27,-1,23,1,-6,13,13,0,27,1,25
20.4200,-4,-7,11,19,1,28,3,27,-3,-4,15,15,1,21,4,23,-5,-8,12,15,-3,26,2,29,-2,-14,13,17,-4,30,0,24,1,-9,17,14,-4,30,2,19,6,-11,10,13,1,29,2,28,-1,-9,9,20,-3,28,4,25,-2,-7,16,16,-1,31,-1,27
20.4400,-6,-11,18,14,3,29,5,27,-6,-3,8,13,-3,23,1,30,-2,-6,14,16,-6,25,3,31,1,-7,11,17,-7,32,-3,27,1,-8,15,16,-1,33,4,20,-1,-11,15,18,0,33,1,27,-2,-7,10,20,-5,29,-3,26,-5,-7,15,12,0,30,0,29
20.4600,-7,-10,12,19,6,30,1,31,-6,-6,13,18,0,24,2,28,-1,-9,7,16,-3,30,2,32,-1,-7,16,14,-11,33,-2,25,1,-9,13,9,-1,34,3,26,-2,-9,15,17,1,36,2,26,-5,-11,8,18,-4,33,1,27,-5,-6,12,14,-7,31,1,26
20.4800,-3,-7,9,13,3,25,1,26,-3,-9,11,10,-4,21,-2,26,-5,-4,10,18,-8,31,1,34,-2,-5,13,15,-3,27,-4,28,-1,-7,14,13,-5,34,2,26,-1,-9,13,14,0,31,3,28,-2,-8,13,24,0,28,-3,26,-5,-9,15,15,-3,28,-3,27
20.5000,-3,-7,9,12,-1,26,6,25,-1,-2,14,19,-1,22,-1,26,1,-10,17,16,-3,32,3,32,-1,-7,12,14,-4,27,-1,25,-3,-9,12,15,0,31,5,26,1,-8,12,14,-2,32,5,24,0,-5,9,22,-5,26,2,25,-4,-6,11,16,2,29,3,23
20.5200,0,-10,13,17,2,31,0,28,-1,-4,10,17,2,22,0,25,-8,-11,15,15,-1,27,-1,31,1,-10,13,14,3,30,-2,27,5,-13,11,13,-3,33,4,27,2,-7,17,13,-4,33,6,21,-4,-8,15,23,0,33,3,25,-1,-5,16,12,-1,26,-2,19
20.5400,-5,-12,14,16,0,28,0,29,-5,-8,8,16,2,22,-1,27,-6,-13,12,14,-6,24,-4,34,-2,-7,13,18,-3,28,-4,27,6,-9,12,16,-7,33,1,24,4,-8,12,14,-2,34,2,27,0,-5,14,22,-2,23,4,24,-7,-7,16,13,0,30,6,27
20.5600,-1,-10,10,16,1,24,1,29,-5,-5,12,13,3,20,-1,21,-3,-7,15,14,-5,23,3,35,-1,-7,11,12,-4,29,-2,29,2,-10,12,13,-4,30,1,25,-1,-13,15,15,-5,29,0,29,0,-10,13,21,-1,26,0,29,-1,-7,12,16,-5,28,4,25
20.5800,-5,-12,11,19,2,30,5,25,-5,-6,13,14,-2,24,0,25,-6,-6,14,12,-1,27,-2,29,-8,-11,14,18,-1,27,-4,23,2,-11,8,13,-4,31,2,28,2,-7,10,12,-3,33,1,27,-1,-10,13,23,-4,28,3,26,-2,-11,12,15,-2,27,-4,29
20.6000,-6,-13,12,15,0,31,7,29,-6,-7,13,14,-2,17,3,27,-3,-7,15,16,-7,27,-1,32,1,-5,15,15,-4,28,2,29,4,-12,11,16,-9,33,4,20,-1,-12,12,14,3,32,0,30,0,-10,15,19,0,28,6,27,-3,-9,12,14,-4,30,1,27
20.6200,-5,-13,8,18,5,26,5,28,-3,-6,15,17,-4,20,3,26,-4,-10,13,14,-1,28,-2,33,-3,-7,16,13,-7,25,-5,27,-4,-14,12,14,-7,32,3,26,-2,-15,12,18,-3,31,2,25,-2,-9,15,21,-3,34,1,28,3,-9,12,12,-1,27,1,26
20.6400,-1,-8,12,17,-4,26,3,26,-6,-3,12,15,-3,22,3,27,-5,-9,15,12,-4,28,1,35,3,-7,16,13,-3,29,-7,28,2,-9,9,16,-7,35,3,21,2,-13,19,10,1,32,6,27,1,-11,12,19,-4,27,3,26,-4,-8,14,15,-4,29,1,24
20.6600,-1,-11,13,20,-2,26,2,28,-3,-4,12,11,1,19,4,29,-5,-5,13,15,-3,29,4,29,1,-9,15,13,-5,32,-8,29,1,-9,11,11,0,31,2,21,-1,-10,16,14,0,31,-1,27,-2,-10,11,21,-5,28,1,26,-1,-12,15,15,-6,30,-3,26
20.6800,-8,-5,13,16,4,24,6,29,-5,-5,13,14,-5,21,1,29,-4,-8,15,10,-2,30,-2,30,-1,-8,12,14,-4,32,-4,26,-1,-8,10,16,-6,31,1,24,0,-8,15,10,-4,36,3,26,0,-7,13,21,-5,30,4,25,-1,-10,22,13,-3,29,-1,27
20.7000,-5,-5,15,18,1,28,-3,24,-5,-6,11,15,-3,20,0,25,-6,-8,13,13,-5,30,3,36,-1,-6,14,13,-5,26,-3,27,-2,-11,11,17,-4,32,2,26,-2,-13,13,11,0,32,3,27,-1,-10,10,20,-2,24,1,27,0,-9,12,14,-7,29,1,29
20.7200,-7,-5,12,17,-1,27,7,30,-2,-7,12,18,-6,22,3,29,-6,-8,10,7,-6,31,1,32,3,-8,17,12,-3,31,-3,25,3,-10,15,13,-4,28,3,23,-3,-12,13,13,1,29,2,25,1,-7,12,25,-2,30,4,28,-3,-9,16,14,-2,33,4,26
20.7400,-2,-10,12,17,3,25,4,27,-3,-7,14,14,0,25,-1,31,-5,-9,12,15,-3,28,5,33,0,-8,11,17,-8,28,-1,27,-3,-10,13,17,-5,28,1,24,-1,-12,15,15,-2,35,4,30,-2,-8,15,22,-3,28,5,25,-1,-8,11,19,-6,29,5,25
20.7600,-4,-9,16,16,3,26,-4,25,0,-5,15,14,-2,20,5,30,-4,-5,11,15,-4,28,1,29,-1,-8,16,14,-4,28,-1,27,4,-8,11,10,-8,31,1,24,-2,-12,13,17,-2,31,0,26,-1,-6,16,25,-6,28,3,24,-1,-6,11,18,-4,32,0,24
20.7800,-5,-10,10,16,4,30,3,23,-4,-6,17,15,1,26,4,28,-2,-6,16,13,0,31,3,32,0,-10,10,15,-7,30,-3,28,-1,-13,13,15,-6,33,1,23,-5,-14,16,12,1,30,0,21,-2,-9,12,19,-6,27,5,25,-2,-6,14,16,-3,29,6,30
20.8000,-3,-10,13,14,6,27,3,27,-4,-7,15,13,3,23,1,31,-1,-8,13,15,-4,25,-1,34,2,-11,18,14,-1,31,-1,29,5,-7,12,11,0,32,4,24,-5,-12,18,14,-5,33,4,25,-3,-8,14,20,-4,33,-1,24,-4,-11,15,17,-2,29,2,27
20.8200,-5,-7,13,15,4,30,6,26,-8,-5,12,13,-1,22,2,28,-7,-10,14,13,-2,32,2,31,-3,-8,12,16,-3,32,-4,31,-1,-8,15,13,-4,32,1,24,0,-14,15,16,-4,30,-1,28,-4,-5,12,20,-3,30,4,25,-6,-14,15,11,-1,33,7,25
20.8400,-5,-14,15,14,2,23,3,29,-6,-3,15,11,1,21,5,26,-6,-8,16,17,1,26,-2,31,-2,-9,14,16,-4,33,0,27,-1,-10,12,16,-6,31,5,26,2,-11,12,16,-4,32,3,23,-3,-5,11,19,-2,28,2,25,-6,-13,14,17,-1,32,6,25
20.8600,-4,-11,17,18,-1,30,5,25,-10,-4,13,12,-1,21,4,26,-2,-8,16,15,-5,30,7,31,2,-11,17,18,-5,32,-3,28,4,-7,15,13,-8,31,3,28,-3,-7,9,14,0,28,2,26,-1,-7,13,19,-5,30,5,25,-3,-9,14,15,-2,26,6,20
20.8800,-2,-11,14,15,2,35,1,24,-6,-6,16,13,0,26,3,28,-10,-7,17,16,0,34,0,33,-2,-11,14,16,-9,33,-1,25,0,-11,12,14,-2,35,2,21,-1,-10,10,12,-4,32,1,25,-8,-11,15,16,-2,30,3,28,-2,-8,12,13,-4,30,6,27
20.9000,-5,-8,16,17,4,27,1,27,-6,-7,18,17,0,25,1,30,-7,-10,15,16,-4,29,1,33,0,-9,17,18,-8,29,-6,27,3,-8,17,13,-3,30,0,24,-3,-11,13,10,-1,35,0,25,-4,-8,11,17,0,31,-2,27,-2,-6,15,18,-1,29,4,25
20.9200,0,-14,16,17,-2,26,3,23,-5,-11,16,17,-1,23,4,27,-5,-8,17,17,-1,29,0,34,-1,-8,13,13,-5,31,-5,27,0,-9,15,14,-5,33,-2,24,-5,-11,14,14,-1,32,5,28,-4,-7,14,19,-6,32,1,28,1,-7,19,12,-1,26,0,25
20.9400,-4,-4,17,14,3,28,8,25,-4,-4,10,14,-5,26,-2,26,-4,-7,15,13,-7,32,2,33,-2,-5,15,19,-4,29,0,27,1,-7,10,15,-1,32,0,24,-3,-12,14,17,-2,35,3,27,2,-9,14,21,-1,29,0,24,-2,-4,15,16,-4,32,0,21
20.9600,-5,-11,18,15,2,27,3,24,-4,-9,16,15,-3,25,0,25,-2,-10,17,10,-5,27,4,34,-2,-9,11,14,-6,27,-4,22,0,-11,16,17,-8,36,-1,25,2,-9,17,17,-2,31,3,24,0,-8,12,22,-1,31,5,26,-6,-8,13,9,-6,30,-1,29
20.9800,-3,-6,18,17,2,28,6,27,-6,-5,20,14,0,23,2,24,-5,-6,17,13,1,30,2,34,-1,-10,15,17,-6,31,-4,28,0,-11,14,17,-5,31,2,24,-2,-12,11,19,-2,34,1,28,-5,-10,18,18,-5,33,2,32,-2,-8,17,14,-4,31,2,23
21.0000,-2,-10,18,15,0,26,4,25,-8,-5,17,15,-2,22,2,27,-2,-10,14,14,-2,30,-1,28,-1,-12,14,16,-5,34,-3,22,0,-7,16,10,-2,29,2,22,-2,-11,13,14,2,32,0,28,-1,-9,12,19,-6,32,0,27,-5,-12,16,12,-4,30,5,24
21.0200,-5,-7,18,13,2,32,6,25,-6,-8,17,17,0,19,-4,28,-5,-8,17,11,-1,26,4,33,-2,-6,20,17,-8,32,-7,20,0,-9,13,13,-5,35,2,26,-2,-12,13,17,-2,30,2,30,-7,-10,13,21,-1,31,3,27,-2,-9,11,11,-1,36,2,25
21.0400,-5,-8,14,13,2,27,7,27,-6,-6,16,13,-5,22,2,27,-8,-8,17,20,-8,29,2,31,-5,-9,12,15,-8,27,-6,25,3,-7,13,13,-3,35,4,27,-6,-12,13,18,2,31,-3,21,-8,-9,13,20,0,36,2,26,-4,-7,13,17,-1,31,4,25
21.0600,-3,-10,16,13,2,30,8,26,-3,-10,18,17,1,23,-1,25,-4,-11,14,15,-6,39,1,33,0,-13,17,15,-11,28,-5,30,-1,-10,20,13,-7,32,1,27,0,-10,19,13,2,32,-2,21,-2,-8,15,19,-4,30,-2,23,-6,-7,16,17,-7,28,10,28
21.0800,-3,-10,18,14,2,35,11,28,-8,-3,17,10,-2,25,1,27,-2,-5,9,13,-4,33,0,36,-3,-8,18,11,-4,30,-6,30,6,-6,13,13,-5,34,1,24,-1,-11,16,15,-1,31,3,23,-1,-10,13,20,-4,34,0,31,-4,-7,18,12,-1,30,5,26
21.1000,-5,-8,16,14,1,31,6,25,-2,-3,16,15,-1,26,4,28,-4,-7,22,16,-2,27,5,36,-6,-9,16,17,-2,30,-4,31,4,-5,20,15,-3,33,2,27,-5,-8,15,17,-3,34,5,24,-5,-10,17,22,-2,36,0,28,-1,-11,15,16,-2,31,3,25
21.1200,0,-7,16,16,7,33,7,26,0,-5,13,14,-4,22,2,26,-2,-6,16,14,-4,33,0,32,-1,-10,11,16,-4,29,-5,24,5,-7,16,14,-5,32,1,27,-4,-16,20,23,-1,30,3,26,-7,-8,14,19,-6,34,2,27,-6,-11,18,12,-4,33,-1,28
21.1400,-3,-9,17,15,4,34,2,29,-6,-12,12,15,-1,23,3,29,-5,-7,16,12,-5,30,1,34,0,-7,14,17,-6,35,-7,28,3,-7,15,16,-2,33,-1,25,-2,-14,13,16,-4,35,-1,21,-3,-9,17,19,-1,35,0,27,0,-6,17,14,-3,28,3,26
21.1600,-2,-11,16,16,4,28,5,24,-9,-7,24,16,-5,24,6,26,-4,-7,21,16,0,33,-2,36,-5,-6,19,13,-5,28,-4,28,0,-5,17,11,-4,34,1,27,-2,-18,17,15,0,37,4,27,-6,-9,13,23,-5,29,4,25,-1,-7,18,17,-2,30,4,27
21.1800,-10,-9,14,12,5,34,7,26,-8,-7,17,13,-1,20,4,29,-6,-7,20,15,-8,28,3,37,0,-6,14,14,-7,31,-2,28,5,-14,15,18,-1,35,-1,25,-2,-8,17,12,-2,33,5,27,-2,-9,15,24,-1,28,2,30,-6,-8,16,18,-1,33,3,25
21.2000,-4,-12,16,14,1,28,3,25,-4,-7,14,12,-1,23,-2,28,-7,-6,15,14,-4,32,4,35,2,-9,17,14,-7,32,-9,29,3,-2,17,12,-7,38,1,21,-4,-12,17,19,-2,36,2,21,-3,-6,16,24,-2,30,3,31,-4,-6,16,17,-6,31,3,23
21.2200,-4,-9,14,13,2,28,6,26,-7,-8,13,14,-5,23,0,27,-1,-11,19,15,-3,30,1,35,-3,-7,16,12,-7,26,-7,28,0,-11,15,17,2,38,-1,25,-7,-10,19,19,-1,33,3,24,-5,-6,17,25,-4,29,2,24,-1,-12,17,18,-7,31,7,30
21.2400,-1,-7,15,15,3,30,10,27,-8,-7,17,15,-1,22,-1,27,-2,-5,14,13,-3,32,4,37,-2,-7,17,16,-10,28,-4,24,0,-6,12,17,-5,33,0,24,-5,-10,14,12,-3,33,3,24,-4,-7,15,19,-3,30,3,22,-3,-8,14,16,-7,29,5,28
21.2600,-2,-10,13,13,8,30,8,29,-11,-2,17,16,-5,25,7,26,-2,-12,20,15,-4,30,4,36,2,-8,14,14,-10,30,-6,24,4,-6,17,16,-5,30,0,24,-9,-11,17,15,-6,32,8,22,-2,-8,15,22,-8,32,1,23,0,-5,16,16,-5,34,1,22
21.2800,-6,-14,16,16,0,30,6,29,-5,-9,12,18,-2,19,1,30,-5,-4,13,18,-2,33,4,32,-1,-8,15,11,-5,32,-3,28,4,-7,17,13,-4,37,1,24,-8,-16,16,16,-9,35,0,28,0,-10,18,20,1,31,5,28,0,-8,17,16,-4,30,6,30
21.3000,-4,-9,18,16,5,30,7,29,-3,-6,14,15,-5,24,2,30,-7,-10,14,16,-1,33,1,38,1,-7,17,14,-8,29,2,26,5,-10,19,18,-5,36,0,28,-7,-15,15,16,-1,33,5,24,-6,-9,20,21,-5,29,4,30,0,-8,11,14,-2,32,4,28
21.3200,0,-10,15,15,4,30,4,27,-6,-7,15,7,-5,25,2,30,-6,-4,18,13,-5,31,2,33,-2,-8,17,13,-5,32,-5,29,6,-5,19,14,-6,32,3,24,-8,-9,16,11,0,32,5,24,0,-9,15,19,-7,31,6,26,-3,-6,19,14,-4,31,5,27
21.3400,-5,-12,18,14,2,31,9,26,-4,-9,17,14,-3,22,4,29,0,-10,18,12,-2,31,6,37,-4,-13,19,14,-7,31,-4,25,3,-7,18,15,-4,30,3,24,-4,-11,13,16,-3,32,5,23,-3,-9,19,20,-6,31,3,26,-3,-5,14,15,-7,36,0,27
21.3600,-7,-12,16,15,5,34,4,26,-6,-7,15,15,-2,24,2,28,-8,-9,18,15,-5,30,1,37,-3,-10,15,12,-6,31,-4,26,-2,-3,18,12,-4,36,-1,27,-6,-14,14,10,-2,37,1,22,-3,-7,18,20,-5,30,3,29,-4,-6,14,10,-2,33,3,27
21.3800,-5,-11,14,18,3,32,6,25,-6,-7,18,11,-3,24,2,30,-9,-5,19,15,-3,33,8,38,-1,-7,12,12,-10,32,-5,27,4,-6,16,18,-6,33,3,29,-6,-13,18,15,2,34,4,23,-4,-8,16,21,-1,35,2,21,-4,-4,13,16,-7,35,6,29
21.4000,-1,-13,13,12,5,32,10,26,-8,-10,19,18,-2,21,4,30,-9,-5,18,11,-8,29,1,35,-5,-12,15,11,-9,32,-6,29,3,-7,20,14,-4,34,5,26,-6,-14,19,14,-4,34,4,23,0,-8,18,22,-4,36,4,29,-4,-10,16,15,-4,32,4,24
21.4200,-1,-11,18,18,4,32,5,30,-5,-6,14,15,-1,25,-1,28,-4,-3,17,13,0,32,3,36,-5,-5,16,17,-10,27,-6,25,7,-10,20,18,0,33,3,23,-4,-14,22,12,-4,36,3,21,-1,-6,14,22,-2,30,3,24,-3,-7,14,18,-7,33,2,25
21.4400,-2,-12,17,16,5,30,4,30,-8,-8,15,12,0,23,1,30,-1,-5,20,17,-2,28,5,38,0,-9,15,16,-13,29,-8,28,0,-9,20,15,-5,34,1,25,-2,-11,16,15,-7,32,-1,25,-7,-10,15,23,-5,30,5,27,-1,-10,16,16,-6,33,10,28
21.4600,-3,-11,14,17,9,33,4,27,-6,-8,15,13,-4,22,1,27,-7,-11,13,18,-1,34,6,34,-5,-8,17,10,-9,26,-4,28,2,-9,17,14,-5,36,1,20,-1,-14,14,13,-1,33,9,26,-7,-7,16,22,-4,32,1,25,-4,-6,17,16,-7,33,3,28
21.4800,-4,-10,16,13,0,33,10,28,-2,-7,20,18,-4,20,2,27,-3,-5,15,16,-2,31,4,35,-1,-8,14,16,-11,34,-7,29,6,-11,15,14,-3,39,3,25,-4,-17,15,16,-2,33,3,26,-3,-7,18,21,-4,27,3,26,-6,-9,15,21,-4,33,3,29
21.5000,-2,-11,13,16,2,33,10,29,-3,-8,17,13,1,21,-1,27,-5,-5,14,15,-2,30,3,34,-2,-8,17,14,-7,32,-3,28,3,-6,16,15,-6,37,3,24,-3,-16,17,16,-1,31,2,24,-1,-9,15,18,1,35,0,27,-3,-7,15,15,0,32,4,26
21.5200,-3,-15,14,12,2,33,4,28,-7,-13,17,14,-4,21,4,28,-3,-5,20,19,-6,30,4,35,-6,-9,11,15,-4,32,-4,25,3,-9,17,13,3,37,2,27,1,-14,17,14,-4,31,0,23,-6,-9,17,21,-3,35,2,28,-1,-7,19,13,-6,29,5,28
21.5400,-2,-13,16,15,1,32,6,29,-6,-5,12,16,-5,24,4,23,-8,-12,15,20,-5,30,4,34,2,-5,13,17,-7,33,-3,28,5,-7,11,15,-3,32,1,28,-3,-17,22,14,-3,34,0,20,-2,-10,18,22,1,32,4,26,0,-6,13,15,-4,30,1,28
21.5600,-2,-14,14,16,2,30,7,29,-8,-15,19,19,-5,23,2,27,-6,-3,10,17,-2,28,2,38,-4,-11,17,14,-10,30,-5,28,4,-11,15,14,-7,33,3,27,-2,-12,13,14,-1,34,4,26,-4,-7,12,20,-6,30,6,26,4,-10,18,17,-4,30,3,30
21.5800,-5,-10,14,21,4,34,7,29,-1,-11,16,14,-4,20,4,29,-4,-9,24,15,-6,32,1,35,2,-10,11,14,-10,34,-4,30,6,-10,18,18,-4,33,0,25,-6,-13,15,15,-4,31,2,26,-1,-10,18,20,-4,33,-2,29,-4,-10,15,17,-10,36,0,30
21.6000,-2,-15,19,22,3,38,5,30,-3,-9,20,16,-3,22,2,27,-2,-9,18,16,-6,33,4,33,-5,-12,15,18,-6,32,-4,27,5,-10,20,17,-4,33,1,20,-1,-13,17,13,-2,31,0,24,-4,-7,18,17,-3,32,2,26,-1,-9,21,19,-4,33,7,24
21.6200,-2,-12,14,13,2,36,7,28,-9,-12,19,14,-1,25,5,31,0,-8,16,14,2,30,1,32,4,-6,20,17,-7,31,-8,25,3,-12,14,18,-1,36,-1,25,-1,-15,15,16,-3,35,4,25,-1,-8,17,23,-3,35,1,25,-3,-10,17,17,-3,35,4,29
21.6400,-8,-11,20,16,2,36,6,32,-8,-16,16,22,-2,20,2,29,-5,-10,16,14,-2,27,-2,39,2,-4,18,19,-4,30,-8,22,7,-11,20,15,-4,34,1,29,-1,-15,21,17,-1,36,6,26,-1,-11,16,23,-2,34,3,23,-5,-8,17,14,-3,32,6,27
21.6600,-3,-11,20,16,5,31,7,28,-6,-10,21,16,1,26,3,28,-5,-7,17,15,-1,29,3,36,-1,-11,12,16,-7,32,-6,29,6,-8,14,15,1,34,-1,25,-2,-10,20,15,-4,35,3,25,-5,-9,17,22,-4,36,-2,23,0,-9,14,16,-4,32,0,25
21.6800,-3,-9,17,12,5,31,5,28,-7,-11,15,13,-4,22,-2,24,-5,-9,17,11,-3,31,4,36,0,-8,16,14,-6,32,-9,28,3,-11,14,13,0,32,-1,27,-2,-13,19,17,-5,28,0,27,-4,-9,21,22,-1,35,-2,22,-2,-11,17,17,-4,35,6,25
21.7000,4,-12,18,14,9,36,4,26,-3,-10,19,12,-3,21,-1,30,-2,-6,17,17,1,33,0,34,-2,-11,21,15,-3,30,-8,29,9,-13,16,17,-2,33,4,24,0,-11,19,17,-1,32,0,25,-5,-10,17,21,-6,34,1,24,-5,-12,15,13,-1,32,2,31
21.7200,-2,-10,16,15,3,37,5,29,-3,-5,17,16,-3,24,-1,29,-4,-7,13,12,1,32,2,35,-6,-13,21,16,-8,34,-6,22,3,-10,17,15,-3,35,-1,26,-5,-12,18,11,-1,32,2,25,-1,-9,16,22,2,30,2,26,-2,-16,18,15,-4,34,5,26
21.7400,-5,-7,18,18,11,30,10,26,-3,-9,17,12,-2,23,1,26,-2,-7,18,12,-1,32,0,35,1,-12,15,16,-8,31,-7,29,1,-10,13,12,-4,35,4,28,-7,-14,17,17,-4,32,6,22,-6,-9,18,22,-1,34,-1,26,-3,-11,17,17,-5,33,3,28
21.7600,-1,-11,19,16,5,31,9,30,-3,-12,20,15,-1,21,2,33,-3,-7,17,14,-2,32,1,32,-1,-8,16,16,-4,30,-6,29,8,-10,15,18,-2,36,6,27,-6,-17,19,15,3,34,5,24,-6,-8,19,17,-1,34,2,27,-3,-9,16,21,1,35,2,27
21.7800,-2,-12,16,16,5,37,8,28,-3,-12,18,19,2,23,1,29,-1,-7,16,13,0,32,3,39,1,-10,19,16,-3,30,-5,29,6,-11,16,15,-3,37,2,26,-6,-20,13,15,0,37,4,23,-4,-8,15,24,-1,35,0,26,-4,-13,18,16,1,36,7,30
21.8000,-6,-10,19,14,5,34,8,25,-5,-9,16,19,-4,28,1,30,-5,-1,17,18,-2,34,4,36,-2,-9,20,15,-5,33,-7,29,9,-11,18,13,-8,32,2,24,-5,-13,18,15,-3,29,1,25,-5,-11,17,19,-3,26,-1,24,-4,-10,14,16,-2,32,4,25
21.8200,-2,-13,18,15,7,34,10,27,-2,-11,22,17,-3,25,2,25,-4,-7,14,14,-2,35,5,34,-3,-7,17,17,-5,38,-4,26,2,-8,19,16,-3,31,7,27,-5,-13,17,17,-4,33,1,26,-7,-11,17,25,-5,33,4,25,-4,-8,18,12,-2,33,6,33
21.8400,-4,-14,17,12,3,35,6,26,-9,-8,21,17,-5,23,5,29,-2,-9,19,18,-1,32,6,39,-5,-10,17,16,-2,33,-4,26,5,-7,15,12,-8,36,4,30,0,-12,18,16,-4,35,1,26,1,-8,13,20,-1,33,2,28,-3,-11,20,17,-2,32,-3,27
21.8600,-2,-10,17,17,7,33,6,26,-7,-7,19,12,-1,27,5,25,-3,-8,19,17,-1,33,4,35,-1,-9,18,17,-7,32,-6,26,2,-9,19,17,-3,39,2,27,-5,-12,14,15,0,32,-1,24,-6,-12,13,24,-5,33,1,26,-8,-7,18,13,-6,32,3,31
21.8800,-3,-9,22,13,3,36,8,29,-5,-10,16,8,-4,24,2,31,-4,-6,19,12,-3,35,7,35,1,-7,20,16,-5,30,-2,25,1,-12,18,11,-1,34,4,24,-5,-10,17,13,-3,30,4,24,-9,-12,20,21,-4,38,4,28,-6,-9,21,16,-1,35,4,27
21.9000,-8,-14,21,18,8,36,6,23,-4,-11,18,9,-4,25,7,28,-11,-9,17,16,-1,28,3,36,2,-9,23,16,-6,29,-6,26,7,-13,13,18,-1,41,1,29,-5,-15,19,15,-3,33,1,27,-4,-8,21,23,-2,31,2,29,-3,-8,16,15,-5,33,2,24
21.9200,-4,-10,18,16,9,32,6,29,-9,-11,19,14,-3,29,4,29,-4,-9,16,12,-2,32,0,35,-5,-11,18,14,-8,31,-7,29,6,-10,15,11,-1,36,4,27,-2,-12,18,15,-3,31,2,24,-5,-6,20,20,-8,34,6,25,-8,-12,20,10,1,33,2,26
21.9400,-4,-11,16,14,5,30,5,30,-4,-6,19,16,-3,22,2,32,-7,-3,17,16,-5,33,4,40,-5,-14,19,16,-6,34,-8,27,8,-9,17,15,0,35,3,30,-5,-13,16,14,-3,32,4,26,-6,-14,23,20,-2,34,-1,29,-2,-13,16,13,-3,35,2,30
21.9600,-5,-12,13,9,-1,35,6,28,-3,-13,17,14,-1,24,7,31,-8,-5,17,13,-3,31,4,37,-7,-10,15,11,-6,32,-9,27,5,-14,18,12,-3,37,3,26,-5,-14,18,15,-1,32,4,26,-7,-12,18,17,-6,36,4,29,-7,-7,15,16,-3,35,7,26
21.9800,-2,-13,18,16,7,34,6,28,-2,-9,21,16,-3,24,0,26,-1,-5,17,16,-1,33,-1,36,-2,-7,14,12,-8,32,-8,24,1,-12,18,12,-1,36,-2,25,-6,-14,16,17,-1,34,6,22,-7,-16,17,22,-6,33,6,28,-3,-9,18,16,-3,34,1,28
22.0000,-4,-15,15,14,2,34,7,29,-7,-9,15,13,-5,27,-1,27,-7,-7,16,11,-6,29,1,33,-5,-11,15,11,-10,31,-6,27,2,-9,17,9,0,36,-2,29,-4,-11,19,11,-1,32,7,23,-2,-6,16,22,-7,32,3,26,-6,-7,21,16,-1,35,2,32
22.0200,-2,-10,21,14,6,34,8,25,-6,-6,16,14,-5,28,2,30,-6,-9,14,17,-2,29,4,34,-5,-10,20,15,-10,34,-3,29,7,-8,16,11,-4,38,1,30,-4,-15,19,13,-5,31,8,24,-4,-11,19,21,-7,41,2,27,-6,-7,16,14,-5,35,3,28
22.0400,-2,-11,20,16,0,38,7,25,-2,-12,16,16,-4,23,1,28,-7,-9,17,19,-6,32,4,39,-4,-11,17,17,-7,33,-10,27,4,-17,13,15,-2,39,4,31,-6,-17,17,17,-5,34,3,22,-5,-12,20,24,-4,32,6,28,-3,-10,20,19,-2,31,3,28
22.0600,0,-12,18,12,6,36,9,24,-4,-7,17,15,-3,24,2,31,-7,-7,22,16,0,34,4,39,-5,-11,19,13,-6,35,-10,29,5,-8,17,16,-3,32,2,26,0,-18,17,13,6,31,-1,21,-3,-10,20,21,-6,37,8,26,-7,-9,16,11,-3,32,6,24
22.0800,-4,-11,16,15,5,41,9,26,-7,-15,19,11,-3,25,2,25,-5,-7,16,15,0,32,0,38,-3,-9,12,13,-7,32,-7,26,6,-7,19,14,1,36,-3,28,-1,-13,17,12,2,33,4,27,-5,-9,16,25,-8,37,3,28,-5,-13,18,15,-4,32,4,26
22.1000,-9,-9,22,15,4,37,5,29,-3,-10,22,11,-5,26,-2,28,-3,-10,21,19,-2,35,4,39,-3,-11,19,13,-5,29,-5,33,2,-13,19,19,-3,41,-2,25,-2,-16,14,13,-3,34,-1,25,-3,-7,14,20,-8,32,3,28,-6,-8,16,18,-9,32,3,31
22.1200,-5,-13,17,13,6,37,8,31,-9,-12,17,17,-6,27,1,32,-6,-11,20,14,-2,33,3,37,-3,-10,22,13,-6,35,-11,26,8,-9,22,17,-5,38,3,29,-9,-14,18,13,-3,35,2,25,-4,-8,17,21,-8,33,6,30,-8,-10,20,16,-3,32,2,32
22.1400,-4,-8,16,13,2,32,3,31,-5,-13,12,15,-3,27,2,34,-6,-8,18,13,-3,34,6,34,-7,-17,16,16,-9,33,-12,30,2,-13,21,15,-4,34,5,26,0,-13,16,13,-2,37,0,28,-3,-9,18,21,-4,36,0,28,-4,-7,20,15,-5,36,0,31
22.1600,-6,-11,22,16,3,37,7,27,-5,-14,17,16,-3,25,2,29,-7,-11,17,11,-7,34,7,39,1,-10,17,17,-8,34,-5,26,9,-11,18,9,-6,34,7,28,-4,-12,15,17,-4,36,2,24,-3,-10,20,23,-2,37,10,30,-3,-13,18,15,-3,33,2,29
22.1800,-3,-13,16,11,2,37,7,30,-7,-12,19,14,-4,28,2,33,-4,-2,12,15,-4,34,4,35,0,-11,17,15,-8,33,-6,25,7,-14,14,14,-3,37,2,30,-5,-16,18,16,-3,32,1,27,-7,-9,20,22,-4,36,2,28,-7,-11,13,15,-5,36,7,26
22.2000,-3,-14,21,10,8,34,7,28,-6,-9,22,11,-7,26,1,27,-4,-7,19,17,-1,35,4,36,-3,-13,14,13,-11,31,-4,23,7,-16,18,19,-2,37,2,28,-7,-19,16,16,-5,33,8,25,-7,-6,19,19,-1,28,0,27,-4,-12,18,16,-2,34,2,28
22.2200,-3,-9,19,13,4,37,8,33,-4,-10,19,14,-3,26,3,27,-1,-6,18,17,-2,33,5,38,-3,-9,22,16,-6,34,-7,25,5,-13,17,19,-1,39,1,26,-2,-15,18,15,-4,39,2,27,-4,-8,20,22,-7,31,-1,24,-7,-13,17,14,-5,37,4,29
22.2400,-6,-12,19,18,4,39,8,33,-8,-10,16,18,-4,23,6,29,-4,-11,15,17,-1,31,8,39,-5,-9,18,17,-5,32,-7,25,5,-10,19,17,-5,40,4,34,-4,-18,19,14,-5,33,1,20,-4,-11,17,22,-3,34,1,26,-5,-12,18,17,-8,33,2,27
22.2600,-3,-8,17,15,1,36,5,31,-4,-9,18,15,-3,23,3,29,-7,-5,17,17,-5,35,8,36,-2,-11,16,12,-6,38,-5,24,4,-9,19,11,-4,35,5,28,-4,-18,17,13,-3,34,3,26,-4,-11,17,20,-6,34,5,28,-6,-10,19,12,-6,34,4,29
22.2800,-4,-9,18,21,8,38,9,25,-7,-13,16,15,-6,27,5,31,-8,-5,19,17,-2,33,3,35,-3,-12,14,16,-9,35,-8,24,6,-14,18,12,-4,37,2,31,-4,-16,19,14,-4,35,2,23,-1,-8,24,21,-4,32,5,25,-4,-7,18,13,-5,36,3,29
22.3000,-4,-11,20,17,6,38,9,26,-9,-7,16,12,-8,28,3,29,-3,-7,17,16,-2,36,5,38,-6,-11,17,14,-11,32,-2,25,3,-12,16,11,-1,36,1,28,-7,-16,21,15,-5,37,3,28,-7,-7,21,20,0,33,4,22,-7,-11,17,13,-5,37,5,26
22.3200,-1,-11,22,17,4,37,6,32,-9,-10,15,15,-5,27,0,31,-6,-8,19,13,-2,36,6,39,-2,-12,19,13,-6,31,-7,25,9,-13,19,14,-6,34,4,31,-7,-14,19,12,-4,36,3,19,-2,-9,18,24,-4,36,4,23,-1,-9,20,12,-6,37,6,29
22.3400,-3,-11,19,16,7,38,9,26,-5,-16,17,15,-4,27,-1,31,-7,-7,18,15,-5,34,3,35,-4,-9,16,13,-10,34,-7,23,5,-11,15,14,-3,34,4,30,0,-14,20,19,-4,38,4,24,-4,-11,18,24,-6,32,2,28,-4,-8,18,14,-8,37,2,28
22.3600,-5,-13,15,14,3,40,9,30,-7,-12,20,16,-1,28,7,28,-3,-7,21,15,-3,36,8,36,-2,-9,16,16,-6,34,-11,26,7,-8,20,20,-4,36,2,29,-7,-19,18,13,-6,37,5,25,-6,-10,18,25,-7,33,4,29,-6,-5,20,16,-6,39,0,30
22.3800,0,-12,14,14,4,41,10,25,-6,-11,18,19,-11,26,2,28,-7,-2,18,13,-2,38,7,38,-6,-9,18,14,-8,35,-7,26,3,-10,21,15,-2,35,3,29,-4,-17,21,15,-2,34,4,26,-6,-9,22,22,-3,32,4,29,-6,-10,21,14,-1,35,4,32
22.4000,2,-13,20,12,2,40,5,30,-5,-9,20,11,-7,25,5,29,-1,-8,14,15,-3,36,8,36,-3,-5,17,14,-8,31,-9,24,4,-6,18,16,-4,36,1,29,-3,-15,17,14,-7,34,3,27,-2,-7,20,24,0,35,5,30,-7,-9,17,17,-2,35,-4,27
22.4200,-7,-15,19,16,-1,40,9,28,-6,-10,20,15,-8,27,3,29,-7,-9,20,17,-4,32,5,41,-5,-10,17,16,-11,37,-5,25,10,-14,16,19,-6,41,3,27,-2,-13,21,14,-6,34,2,30,-7,-6,19,22,-7,36,1,24,-5,-10,19,12,-2,33,4,26
22.4400,-4,-10,18,14,7,40,9,32,-9,-10,21,11,-3,26,5,28,-4,-9,14,14,-4,38,9,36,-5,-12,19,12,-3,33,-4,24,2,-11,16,12,-2,38,5,30,-4,-17,22,15,-8,32,6,27,-7,-8,24,19,-7,34,-1,29,-4,-11,20,10,-8,37,0,29
22.4600,-4,-12,20,16,0,36,9,33,-7,-12,19,15,-7,27,1,28,-3,-6,20,15,0,39,8,34,-3,-12,20,12,-7,33,-10,28,2,-14,18,17,-4,36,1,29,-3,-12,15,16,-2,35,3,28,-1,-13,17,23,-4,36,3,26,-3,-11,17,16,-2,33,5,32
22.4800,0,-11,19,15,9,40,4,27,-5,-11,20,12,-3,26,1,30,-3,-6,17,14,-4,32,8,41,-5,-9,17,16,-9,33,-7,27,6,-12,17,22,-1,39,2,30,-3,-17,21,16,-3,33,1,24,-3,-12,21,21,0,38,2,29,-7,-9,18,15,-7,35,6,32
22.5000,-5,-9,15,17,3,34,8,30,-3,-8,19,15,-7,25,2,29,-5,-8,22,13,-1,34,10,39,-7,-9,15,16,-12,34,-11,25,2,-10,24,17,-5,42,1,29,-1,-20,17,13,-6,35,8,25,-7,-7,20,22,-2,37,0,26,-3,-12,19,17,-1,34,2,30
22.5200,-5,-7,18,14,7,44,5,30,-2,-12,17,12,-8,25,-1,25,0,-8,22,11,-2,36,3,37,-4,-6,20,8,-6,37,-5,24,6,-12,23,12,-5,40,0,32,-5,-17,21,15,-1,37,1,24,-5,-9,19,19,0,35,5,24,-3,-13,19,16,-7,38,3,28
22.5400,-5,-11,16,19,4,36,10,28,-8,-11,20,13,-6,26,6,28,-5,-6,19,10,-3,33,8,40,-5,-6,16,16,-5,29,-8,27,-1,-13,20,14,-2,37,5,30,0,-19,18,15,-8,34,3,26,-4,-8,19,23,-3,37,8,25,-5,-13,17,19,-5,36,7,27
22.5600,-1,-10,19,16,5,36,6,27,-6,-8,21,13,-4,27,3,28,-5,-6,17,16,-5,37,5,36,-8,-6,15,14,-9,36,-5,32,4,-10,16,16,-4,36,2,31,-7,-17,19,16,-3,36,2,28,-6,-10,19,23,-7,36,2,33,-6,-11,20,13,-8,36,2,28
22.5800,2,-12,18,13,10,37,8,31,-10,-11,18,15,-3,25,2,34,-3,-3,18,16,-1,35,8,38,-3,-14,18,16,-6,35,-5,24,6,-14,18,14,-4,38,2,29,-7,-15,16,19,-3,37,4,26,-6,-12,20,22,-2,33,2,26,-4,-9,18,12,-3,35,4,24
22.6000,-5,-13,23,15,2,41,9,31,-6,-9,18,17,-6,23,1,32,-4,-8,19,14,-5,36,6,41,-4,-12,20,14,-11,40,-7,29,5,-6,19,12,-1,36,4,29,-4,-17,18,14,1,36,5,27,-10,-10,22,22,-5,37,1,28,-6,-13,19,14,-7,34,4,29
22.6200,-7,-11,18,16,7,38,7,27,-1,-9,20,18,-5,29,3,28,-5,-8,17,11,-4,36,6,40,-4,-12,19,17,-8,32,-5,20,-1,-10,18,17,-1,40,4,26,-2,-15,17,12,-4,37,2,25,-6,-13,15,28,-4,39,0,26,-3,-13,20,13,-8,37,4,29
22.6400,-5,-12,18,18,6,41,6,31,-8,-14,13,13,-5,25,3,28,-8,-7,18,15,-4,36,6,40,-5,-11,17,16,-8,35,-6,24,7,-8,17,17,-5,41,1,32,-5,-15,19,14,-2,34,4,27,-3,-12,18,25,-5,38,1,27,-3,-11,19,13,-6,32,3,29
22.6600,-3,-12,14,14,4,39,5,31,-5,-11,22,14,-8,27,2,29,-4,-9,21,13,-6,37,7,38,-6,-8,16,14,-10,33,-9,23,2,-10,17,9,1,36,3,27,-4,-16,20,10,-3,37,5,32,-1,-11,17,27,-7,37,2,28,-5,-10,16,18,-4,38,2,30
22.6800,-6,-6,21,15,8,40,4,31,-6,-15,17,14,-9,25,0,31,-6,-7,20,17,-2,39,6,42,-9,-12,21,17,-5,37,-9,24,2,-8,22,14,-5,33,3,29,-8,-16,18,10,-9,36,2,26,-3,-11,17,20,-4,36,6,29,-8,-11,15,17,-6,33,5,26
22.7000,-4,-14,20,14,6,40,6,29,-5,-13,22,14,-7,28,3,29,0,-6,23,15,-1,36,7,46,-7,-15,20,17,-8,35,-5,26,4,-9,18,14,-2,36,3,30,-5,-16,14,12,-4,40,4,27,-4,-11,23,21,-3,36,3,30,-4,-8,23,16,-1,36,-1,26
22.7200,-3,-11,20,19,4,43,5,27,-6,-13,21,14,-5,27,5,33,-4,-8,17,13,-5,33,6,39,-2,-9,19,15,-9,37,-10,23,5,-9,20,16,1,33,8,29,-7,-19,19,16,-3,35,3,26,-8,-12,20,23,-5,37,1,27,-6,-9,19,12,-6,35,4,30
22.7400,-4,-9,20,11,6,39,8,25,0,-13,17,12,-6,28,8,29,-3,-15,17,16,-6,34,3,36,-6,-9,17,17,-4,37,-8,27,3,-6,16,14,-4,40,3,33,-5,-17,21,14,-7,38,0,28,-4,-10,21,19,-7,38,5,28,-7,-4,20,12,-9,33,4,33
22.7600,-2,-14,21,14,6,40,3,27,-6,-14,17,17,-9,27,3,28,-4,-5,15,10,-1,35,8,37,-6,-11,15,14,-5,35,-6,28,8,-6,24,16,1,39,4,30,-7,-19,21,12,-8,36,2,27,-8,-9,20,20,-4,39,7,29,-8,-11,17,12,-4,34,2,30
22.7800,-8,-7,21,17,11,39,12,31,-4,-8,18,13,-7,28,4,25,-3,-9,15,15,-6,33,11,37,-6,-12,17,18,-7,36,-11,27,4,-8,22,11,-4,34,1,30,-4,-19,21,15,-4,35,2,25,-12,-10,18,22,0,33,4,29,-2,-15,18,14,-6,35,3,27
22.8000,-2,-10,16,13,6,42,6,33,-2,-13,20,21,-4,28,1,26,-3,-14,18,12,-1,35,7,37,-8,-9,22,19,-7,35,-7,26,0,-10,21,14,-4,37,4,30,-3,-15,20,12,-6,35,2,21,-3,-9,18,23,-4,39,4,28,-6,-14,21,13,-2,36,-1,29
22.8200,-9,-12,16,18,4,43,3,28,-2,-11,21,15,-6,32,4,27,-6,-8,18,13,-5,35,7,39,-8,-8,17,13,-5,35,-8,28,6,-10,21,15,-2,36,6,29,-6,-18,19,18,-4,32,6,25,-2,-10,17,23,-4,41,2,29,-5,-11,19,16,-3,39,2,32
22.8400,-10,-13,17,18,7,39,5,31,-3,-15,18,13,-6,29,1,31,-7,-9,20,14,-3,35,7,40,0,-9,17,14,-2,33,-10,24,2,-7,20,12,-6,40,5,33,-7,-22,19,14,-7,41,1,26,-5,-16,20,21,-2,39,2,26,-8,-14,23,15,-3,40,5,28
22.8600,-5,-12,19,12,6,42,10,30,-6,-11,20,16,-6,29,2,25,-2,-10,20,14,-3,42,8,36,-5,-13,19,15,-9,39,-7,31,3,-12,19,13,-4,40,4,28,-6,-19,19,12,-5,37,4,26,-9,-4,21,23,-1,37,3,25,-7,-8,17,11,-3,38,5,28
22.8800,-5,-11,22,12,6,38,3,33,-7,-12,22,15,-7,26,0,25,-3,-8,20,17,-5,35,9,38,3,-11,20,13,-3,33,-5,28,7,-12,18,14,-2,39,2,30,-6,-21,17,12,-1,36,3,23,-8,-14,22,24,-3,37,5,31,-8,-9,19,13,-6,39,5,29
22.9000,-6,-9,19,10,4,40,8,29,-6,-12,20,17,-10,25,1,30,-4,-6,20,16,-3,39,8,40,-3,-9,18,15,-6,35,-6,27,8,-10,20,15,-4,41,4,33,-5,-17,21,15,-2,37,4,26,-7,-9,18,22,-4,39,6,31,-5,-10,17,8,-6,37,6,32
22.9200,-4,-11,22,16,5,37,4,28,-5,-12,26,12,-5,29,-1,28,-5,-7,17,16,-2,36,6,40,0,-9,18,17,-4,35,-9,27,6,-10,21,17,-4,36,2,32,-5,-17,17,16,0,38,2,24,-8,-12,18,23,-10,36,3,23,-9,-12,19,13,-5,40,3,33
22.9400,-2,-9,24,16,2,43,5,29,-7,-14,20,15,-9,26,1,27,-8,-8,18,12,-4,39,7,41,-1,-12,19,11,-7,34,-6,25,4,-12,21,19,-2,37,1,31,-2,-23,19,15,-3,36,2,30,-7,-8,18,22,-6,38,1,27,-6,-12,19,17,-4,36,3,25
22.9600,-5,-16,21,14,5,42,7,30,-5,-9,20,18,-5,30,5,26,-9,-7,21,16,-5,38,7,35,-6,-10,17,18,-6,31,-6,24,6,-11,20,17,-1,35,4,26,-4,-18,20,14,-6,31,3,27,-3,-10,22,25,-1,40,0,27,-6,-11,21,13,-6,35,1,29
22.9800,-8,-13,20,13,6,44,7,35,-7,-11,21,15,-5,28,2,31,-6,-4,21,18,-6,35,4,37,-9,-11,20,14,-2,34,-7,25,2,-10,19,16,-3,34,1,34,-3,-20,17,14,-2,35,1,31,-6,-12,17,25,-5,39,7,30,-5,-12,20,14,-4,36,-1,31
23.0000,-1,-11,18,14,7,39,9,31,-8,-14,21,20,-11,30,-3,30,-10,-11,23,16,1,36,5,33,-12,-8,16,14,-11,34,-7,27,9,-9,20,16,-1,43,2,29,-5,-20,20,14,-7,34,4,24,-8,-10,19,26,-6,40,0,27,-7,-15,25,14,-5,33,7,31
23.0200,-4,-16,22,15,4,41,8,34,-1,-14,17,17,-9,26,0,30,-5,-8,23,12,-3,37,9,41,-3,-10,19,16,-7,31,-5,27,5,-13,24,15,-1,41,3,34,-5,-16,18,12,-2,34,5,27,-4,-10,24,23,-5,39,2,29,-7,-13,21,18,-7,36,3,26
23.0400,-4,-15,20,14,8,37,7,30,-7,-19,19,15,-11,29,-4,30,-4,-8,23,12,-2,37,3,37,-8,-15,19,15,-9,37,-8,27,6,-12,17,15,-1,36,4,30,-3,-16,23,13,-3,38,2,29,-6,-9,27,21,-5,37,4,25,-5,-9,24,13,-7,41,4,23
23.0600,-6,-12,18,16,3,40,3,29,-9,-15,23,12,-12,32,1,31,-5,-8,19,17,-3,34,12,41,0,-15,21,14,-3,34,-5,29,6,-10,18,18,-3,41,2,29,-3,-20,17,15,-4,39,2,26,-7,-11,22,22,-4,35,4,32,-4,-10,19,15,-2,39,0,25
23.0800,-5,-11,18,15,1,37,3,27,-4,-15,14,18,-5,31,1,31,-6,-7,24,15,2,34,4,36,-6,-12,16,13,-7,38,-7,23,2,-9,24,11,-8,37,3,32,-6,-19,24,13,0,37,4,31,-1,-8,20,24,-5,34,3,26,-5,-11,16,19,-5,42,2,27
23.1000,-6,-8,21,18,4,40,6,30,-2,-14,19,16,-8,27,2,28,-3,-8,18,19,-1,37,5,36,-3,-12,19,16,-6,36,-7,26,5,-12,20,15,-6,36,8,31,-1,-17,19,11,-5,36,5,25,-2,-8,20,24,-6,42,7,31,-5,-10,19,16,-7,35,6,32
23.1200,-3,-12,18,16,1,36,9,37,1,-11,20,14,-8,27,1,32,-7,-10,16,15,1,39,4,36,-3,-13,20,19,-6,33,-8,24,9,-10,22,16,-6,40,3,33,-7,-20,21,17,-5,33,4,25,-6,-13,20,23,-2,36,4,29,-8,-12,18,16,-5,37,3,33
23.1400,-3,-10,15,13,6,43,5,29,-3,-12,16,18,-3,32,4,30,-2,-8,22,13,-4,38,3,39,-5,-8,19,15,-6,36,-5,22,6,-14,17,18,-5,37,3,32,-7,-16,19,17,-6,36,6,30,-5,-13,21,27,-5,37,6,30,-7,-13,12,18,-6,36,5,30
23.1600,-2,-10,20,14,5,40,9,31,-5,-15,20,17,-11,29,1,29,-6,-6,19,17,-1,40,10,38,-6,-11,19,13,-10,36,-7,25,4,-17,20,14,0,39,5,30,-5,-16,20,14,-1,36,5,25,-5,-10,17,26,-6,37,3,30,-2,-12,22,17,-7,36,8,30
23.1800,-7,-10,19,14,4,42,6,30,-3,-16,18,13,-10,30,5,29,-7,-12,21,16,-4,37,8,37,-10,-7,18,20,-7,35,-3,28,3,-15,20,18,-4,37,0,29,-6,-19,20,17,-1,36,2,27,-4,-15,22,24,-2,36,4,23,-6,-10,24,13,0,40,7,29
23.2000,-7,-9,19,15,2,38,4,30,-5,-15,19,13,-6,28,8,31,-9,-10,23,16,-5,37,7,39,-7,-10,20,15,-7,35,-4,31,1,-14,21,11,-3,39,4,33,-4,-19,19,16,-1,34,6,27,-8,-9,22,24,-7,38,7,31,-6,-10,19,14,-4,40,2,30
23.2200,-5,-14,18,15,5,39,4,30,-8,-14,14,12,-7,29,4,30,-10,-10,21,12,-6,40,7,36,-8,-12,20,14,-9,36,-5,27,3,-10,21,15,-6,38,4,33,-2,-19,13,15,-1,38,3,26,-6,-11,24,22,-10,33,4,30,-9,-6,18,17,-5,38,3,28
23.2400,-6,-10,19,14,6,39,8,26,-8,-11,17,15,-6,31,3,32,-2,-10,15,15,-1,37,8,39,-7,-8,21,15,-5,35,-10,23,2,-14,22,11,-1,37,5,30,-5,-17,21,14,-4,36,6,28,-6,-11,24,20,-6,36,4,32,-6,-9,20,18,-7,38,5,29
23.2600,-5,-11,20,14,2,43,3,31,-5,-13,16,15,-5,28,4,33,-4,-5,17,15,-1,38,6,37,-5,-9,21,16,-3,38,-4,26,-3,-9,19,14,-4,36,4,33,-8,-17,23,19,-1,35,3,29,0,-13,24,28,-6,35,2,29,-8,-7,19,14,-6,41,3,31
23.2800,-5,-11,18,15,6,40,3,34,-9,-10,18,13,-7,34,0,30,-5,-5,19,15,0,39,5,35,-6,-10,16,11,-8,37,-8,29,3,-11,18,21,-2,39,5,30,-7,-18,22,17,-7,35,1,26,-4,-15,21,31,-7,34,3,29,-7,-15,17,17,-6,41,-1,27
23.3000,-4,-15,19,12,4,41,6,28,-11,-15,21,15,-7,33,1,31,-8,-12,18,19,-4,33,8,38,-4,-12,22,16,-7,42,-3,28,2,-18,18,14,1,40,12,28,-7,-20,24,14,-4,35,6,28,-2,-10,20,22,-1,38,0,25,-7,-11,23,14,-7,40,6,29
23.3200,-4,-16,18,16,2,44,4,28,-9,-12,20,14,-7,32,4,27,-4,-8,25,19,-5,36,12,37,-9,-12,19,14,-4,38,-4,27,5,-14,23,13,-1,39,10,26,-3,-18,17,15,-10,33,3,26,-2,-15,23,25,-6,37,5,31,-7,-13,20,12,-8,39,4,30
23.3400,-4,-11,18,12,3,43,8,29,-2,-10,23,14,-10,34,3,25,-5,-11,20,17,-3,35,6,36,-4,-8,27,15,-7,36,-11,26,1,-13,20,18,-4,38,6,35,-5,-21,19,16,-1,38,0,27,-1,-7,20,29,2,38,2,27,-6,-12,22,16,-5,36,3,30
23.3600,-5,-14,20,13,8,42,6,33,-9,-8,26,12,-7,29,2,30,-4,-8,18,15,-5,39,10,40,-6,-7,25,12,-7,40,-4,28,6,-15,18,13,-3,39,11,31,-4,-21,17,16,-6,37,7,29,-5,-15,19,26,-4,39,9,29,-5,-14,23,14,-4,35,4,31
23.3800,-6,-11,19,12,5,48,5,33,-4,-9,15,15,-11,28,2,31,-3,-14,21,15,0,44,11,37,-9,-13,21,16,0,39,-5,29,2,-11,14,13,-1,41,6,29,-4,-20,18,12,-2,39,5,30,-5,-10,19,25,0,39,1,31,-6,-13,20,19,-11,36,4,28
23.4000,-7,-11,22,12,4,40,9,29,-5,-17,25,19,-12,33,3,32,-9,-12,20,14,-6,42,8,37,-4,-15,21,14,-7,35,-5,27,1,-14,23,17,-5,41,8,28,-3,-20,19,17,-8,40,2,29,-5,-13,21,27,-6,40,8,29,-7,-9,27,16,-4,39,0,27
23.4200,-3,-13,23,14,7,47,6,30,-6,-13,21,14,-8,29,1,31,-7,-12,22,18,-1,33,6,35,-6,-12,18,13,-4,40,-5,25,0,-13,19,16,-4,39,6,28,-8,-17,19,14,-4,38,3,27,-10,-10,17,24,-4,36,3,25,-9,-9,23,14,-9,37,5,33
23.4400,-6,-10,22,13,4,42,3,34,-5,-20,18,14,-8,32,2,33,-7,-15,17,14,-4,39,10,37,-7,-13,20,15,-6,34,-4,27,0,-8,22,14,-4,37,5,30,-4,-21,25,18,-3,37,2,26,-7,-12,16,22,-7,37,3,29,-6,-9,20,14,-2,39,3,28
23.4600,-8,-9,18,18,0,44,1,29,-7,-18,21,19,-8,31,4,27,-11,-14,15,13,-2,35,3,34,-4,-9,18,11,-8,42,-2,24,0,-16,15,16,-7,39,0,31,-8,-19,20,17,-2,37,5,24,-8,-12,18,21,-6,39,4,29,-10,-10,20,16,-7,45,4,30
23.4800,-7,-10,21,13,4,45,1,30,-12,-10,27,15,-8,29,1,31,-7,-8,21,17,-6,37,6,35,-3,-13,22,14,-2,40,-4,27,1,-14,24,11,-3,41,3,30,-8,-18,16,12,-4,36,8,25,-7,-13,21,25,-5,42,5,30,-10,-10,24,17,-6,42,4,30
23.5000,-6,-11,22,11,-1,47,7,34,-10,-16,21,16,-9,37,5,30,-6,-12,20,18,-2,37,8,41,-8,-11,22,16,1,38,-2,26,5,-8,24,18,-6,37,3,29,-2,-18,21,14,-8,37,1,28,-6,-10,17,24,-12,39,4,30,-10,-12,25,11,-7,41,6,33
23.5200,-6,-8,21,16,2,44,7,30,-10,-15,22,18,-6,34,5,33,-5,-5,23,15,-4,36,8,34,-6,-11,18,16,-2,37,-2,25,-3,-14,18,13,-3,38,5,32,-7,-25,21,23,-5,37,3,27,-3,-13,22,22,-2,38,5,28,-9,-10,27,14,-1,41,4,33
23.5400,-4,-13,18,16,2,46,6,28,-7,-10,21,16,-11,31,2,29,-6,-8,20,16,-8,37,6,34,-8,-16,18,18,0,37,-3,29,-2,-12,20,14,-3,36,4,34,-3,-19,17,16,-5,37,3,27,-7,-16,22,24,-8,42,5,32,-9,-14,25,17,-5,43,2,30
23.5600,-1,-11,20,14,0,43,2,26,-9,-11,21,13,-7,31,5,27,-6,-8,19,15,-1,40,6,34,-10,-14,26,12,-6,40,-7,27,0,-12,18,16,1,40,4,32,-7,-19,22,16,-4,37,3,28,-2,-12,17,28,-9,42,7,30,-4,-9,24,9,-3,41,4,31
23.5800,-3,-11,21,19,1,44,6,31,-5,-14,22,13,-5,32,5,31,-7,-11,15,18,-5,39,3,36,-6,-19,23,12,-5,39,-5,27,-1,-17,21,18,-2,39,4,32,-7,-22,20,17,-4,43,5,26,-7,-12,25,24,-4,41,6,28,-6,-13,18,16,-1,42,3,29
23.6000,-4,-8,22,17,2,40,1,29,-4,-16,19,14,-6,33,4,33,-9,-11,19,16,-9,37,3,37,-7,-12,20,15,-5,38,-4,29,0,-15,20,12,0,38,5,32,-8,-17,20,15,-5,37,3,26,-6,-16,20,29,-4,44,2,26,-6,-10,17,15,-3,41,8,27
23.6200,-3,-11,19,12,-1,42,2,28,-9,-13,21,10,-6,29,0,32,-8,-13,22,10,-7,39,3,37,-5,-13,23,14,-6,37,-10,31,-1,-12,23,15,-8,38,4,34,-7,-16,18,15,-4,37,6,24,-4,-11,22,24,-4,44,3,29,-6,-12,24,14,-6,40,2,29
23.6400,-4,-11,21,17,2,42,1,31,-6,-12,22,17,-7,31,8,29,-6,-10,21,15,-7,37,8,39,-7,-9,22,14,-4,36,-4,25,1,-9,20,15,-8,40,4,31,-6,-19,15,16,-7,40,3,25,-5,-11,23,20,-9,42,3,29,-7,-11,21,17,-7,39,8,28
23.6600,-3,-10,22,16,5,44,0,30,-7,-13,22,17,-3,27,4,30,-11,-13,19,19,-4,40,4,36,-4,-12,23,17,-4,38,-4,28,-2,-12,21,9,-1,40,6,30,-8,-22,24,13,-5,39,-1,25,-9,-13,20,22,-3,38,7,26,-10,-12,19,13,-7,36,12,30
23.6800,-8,-13,20,16,3,42,2,35,-7,-10,19,16,-12,35,7,30,-1,-14,21,19,-3,41,4,40,-11,-12,20,16,-7,37,-8,31,3,-9,21,15,-2,36,4,35,-6,-20,18,11,-3,39,5,30,-7,-11,22,24,0,41,8,33,-10,-9,19,14,-3,41,1,30
23.7000,-4,-11,24,10,2,45,0,30,-5,-13,18,17,-9,30,2,27,-4,-16,22,16,-7,39,6,40,-7,-12,18,8,-4,35,-5,29,3,-14,22,15,-5,39,5,30,-6,-21,25,16,-6,37,7,29,-4,-13,23,26,-4,41,3,29,-9,-14,20,16,-3,39,1,28
23.7200,-5,-8,23,14,0,44,1,28,-8,-12,20,12,-9,35,1,31,-8,-14,26,15,-9,40,7,36,-6,-12,25,12,-3,37,-4,27,3,-10,23,12,-4,39,4,31,-4,-23,19,9,-3,43,3,27,-7,-9,24,29,-8,41,5,29,-7,-16,21,16,-8,40,4,30
23.7400,-5,-7,20,12,5,42,3,32,-9,-14,25,15,-9,30,0,31,-8,-10,27,19,-6,41,7,32,-6,-15,24,18,-3,38,-4,26,2,-13,22,17,-6,40,4,30,-4,-21,21,17,-4,39,2,27,-8,-9,25,23,-4,41,6,29,-10,-10,15,14,-3,40,6,31
23.7600,-8,-10,22,13,4,41,4,32,-4,-14,21,18,-5,33,1,31,-5,-8,23,14,-2,43,8,37,-6,-10,20,11,-5,37,-4,24,2,-12,22,18,-7,35,3,27,-6,-25,21,15,-1,40,6,31,-5,-12,22,22,-2,39,0,30,-7,-15,24,10,-6,43,5,24
23.7800,-4,-16,19,17,2,45,4,32,-11,-11,23,12,-9,30,6,31,-5,-11,20,12,-6,43,6,37,-5,-17,20,12,-8,40,-5,25,0,-7,17,13,-4,41,5,29,-7,-19,19,18,-8,39,5,28,-1,-14,20,30,-6,38,3,28,-7,-10,23,16,-1,38,2,29
23.8000,-5,-15,21,16,-4,46,4,31,-5,-11,19,13,-6,33,1,30,-9,-13,20,12,-5,39,7,38,-8,-13,18,18,-3,39,-3,27,1,-8,19,15,-6,38,8,32,-6,-16,21,16,-5,37,6,25,-8,-13,23,22,-7,34,3,30,-6,-11,18,11,-10,41,7,30
23.8200,-6,-11,21,13,4,41,2,31,-5,-10,20,14,-3,35,-1,27,-6,-12,22,18,-6,41,8,38,-7,-11,21,16,-4,37,-5,24,0,-11,23,12,-2,41,5,34,-5,-19,19,17,-9,40,3,25,-10,-12,22,26,-1,39,1,30,-7,-7,16,12,-6,39,2,32
23.8400,0,-9,21,13,3,39,5,33,-8,-14,20,17,-5,33,6,28,-8,-12,20,13,-4,40,8,42,-9,-13,19,14,-2,37,-5,28,-1,-11,19,15,-3,40,8,27,-3,-18,18,15,-4,39,6,25,-6,-13,20,23,-5,40,2,30,-6,-11,22,18,-7,35,7,25
23.8600,-3,-14,22,19,7,48,2,32,-4,-13,19,16,-6,31,2,31,-6,-14,26,16,-6,38,6,36,-8,-9,21,18,-5,39,-5,29,-5,-11,18,17,1,36,6,28,-6,-18,22,12,-4,39,6,29,-4,-12,22,21,-4,43,5,27,-6,-13,21,12,0,37,4,29
23.8800,-5,-11,22,12,0,45,6,30,-7,-15,20,15,-11,30,3,27,-1,-14,23,13,-5,37,4,36,-6,-11,19,12,-7,40,-2,26,-1,-10,21,15,-1,40,10,25,-9,-23,21,16,-9,38,-1,29,-6,-11,24,26,-5,42,5,29,-5,-14,21,17,-6,43,6,30
23.9000,-5,-10,25,14,0,44,-2,29,-6,-14,17,15,-10,30,4,30,-7,-12,21,18,-7,40,7,38,-11,-17,24,9,-7,41,0,26,0,-15,20,12,-2,37,7,31,-6,-19,18,12,-5,37,3,29,-6,-12,19,30,-10,39,6,35,-9,-11,21,13,-10,38,8,27
23.9200,-2,-8,20,14,2,44,3,28,-4,-15,24,16,-9,31,6,27,-5,-12,20,15,-5,42,8,36,-9,-10,21,16,-5,41,-7,22,-1,-11,22,17,-6,37,2,29,-8,-20,22,15,0,39,6,29,-10,-10,22,20,-4,44,3,28,-9,-15,23,14,-8,41,4,28
23.9400,-1,-12,22,17,3,42,2,33,-10,-16,23,15,-8,33,6,29,-8,-8,22,16,-7,44,6,36,-11,-12,17,17,-4,38,-7,26,2,-14,21,15,-9,41,7,36,-10,-21,23,14,-8,38,5,28,-6,-13,24,23,-4,37,5,29,-6,-10,21,17,-9,36,5,28
23.9600,-3,-13,21,14,2,38,5,28,-8,-14,21,13,-8,30,3,30,-3,-11,20,13,-6,38,8,36,-5,-9,15,14,0,37,-2,30,4,-16,23,15,-2,37,4,27,-6,-20,22,19,-9,38,5,30,-8,-15,18,25,-4,38,3,29,-8,-11,21,18,-6,42,6,30
23.9800,-5,-9,22,14,4,45,3,29,-6,-14,22,17,-6,32,7,29,-7,-11,21,17,-7,41,6,39,-7,-8,18,14,-6,41,-7,28,6,-9,22,15,-5,39,7,32,-3,-21,21,17,-9,37,6,25,-7,-10,23,26,-9,38,5,34,-11,-8,22,17,-4,37,7,31
24.0000,-11,-11,21,12,2,46,3,28,-8,-15,21,15,-8,34,3,30,-8,-11,18,18,-6,37,8,40,-10,-11,17,15,-3,39,-2,29,5,-10,20,15,-5,34,3,32,-12,-21,28,15,-6,39,3,32,-8,-14,23,24,-3,41,1,29,-3,-11,18,16,-6,40,4,28
24.0200,-5,-11,22,16,0,45,0,31,-6,-9,23,13,-10,37,2,31,-11,-16,21,16,0,37,3,37,-2,-13,25,9,-4,40,-1,26,0,-13,22,18,0,38,6,25,-4,-19,20,16,-6,38,3,27,-8,-14,24,27,-6,40,2,30,-7,-14,21,14,-6,42,7,27
24.0400,-3,-15,22,15,0,46,5,30,-3,-15,22,16,-4,32,8,26,-3,-11,21,16,-7,41,11,34,-10,-9,23,13,-2,41,-1,29,5,-13,25,14,-4,39,1,33,-6,-17,20,13,-4,41,2,29,-3,-11,23,25,-6,38,2,36,-6,-11,22,15,-7,40,7,29
24.0600,-9,-15,18,12,0,40,3,29,-9,-11,21,14,-8,37,8,29,-9,-12,18,12,-3,40,3,38,-9,-16,20,19,-7,41,-4,33,3,-14,20,18,-7,38,7,27,-5,-19,25,13,-4,36,3,34,-3,-7,26,25,-6,40,5,29,-8,-14,22,15,-9,39,4,31
24.0800,-8,-13,24,17,1,46,4,29,-7,-16,21,16,-6,34,5,26,-10,-15,20,18,-3,44,6,34,-6,-15,16,14,-5,40,-5,27,1,-16,19,12,-4,38,5,28,-4,-19,23,14,0,39,2,34,-9,-14,26,27,-7,42,3,29,-7,-12,18,15,-5,42,2,30
24.1000,-4,-11,22,13,1,41,1,29,-2,-12,20,14,-8,33,6,34,-6,-12,17,15,-3,41,4,36,-10,-13,24,17,-4,43,-5,26,1,-12,20,17,-6,35,3,31,-2,-22,26,12,-2,42,1,28,-5,-14,25,27,-8,40,4,31,-10,-12,22,18,-5,42,3,29
24.1200,-8,-16,18,15,3,41,3,29,-4,-15,19,14,-5,32,4,31,-9,-15,18,13,-5,40,8,37,-6,-12,20,13,-4,45,2,28,5,-11,19,15,-1,35,2,31,-4,-21,24,15,-7,41,6,30,-10,-13,20,27,-9,42,3,31,-12,-11,24,13,-5,43,5,33
24.1400,-7,-13,21,15,2,45,-1,27,-4,-11,22,12,-6,32,9,29,-11,-14,21,11,-5,38,5,39,-4,-9,23,14,-6,37,-9,28,2,-9,22,11,-8,42,4,30,-3,-19,19,13,-8,41,5,36,-5,-13,21,30,-8,43,4,28,-6,-10,25,14,-6,43,5,28
24.1600,-5,-14,23,15,1,42,0,33,-3,-17,22,15,-6,33,6,29,-6,-8,20,12,-6,44,7,35,-3,-16,24,15,-2,43,-5,28,5,-13,22,10,-4,41,2,30,-7,-20,22,17,-11,37,1,30,-3,-12,21,26,-5,43,2,30,-11,-11,21,18,-5,41,5,27
24.1800,-5,-14,19,18,2,46,3,33,-8,-15,21,15,-2,32,8,27,-8,-14,24,15,-6,38,5,38,-11,-15,20,17,-2,39,-2,25,2,-14,22,14,-4,43,7,37,-2,-26,24,19,-1,37,0,29,-8,-12,21,25,-2,39,7,28,-9,-11,22,16,-4,39,5,28
24.2000,-3,-10,22,17,1,42,7,29,-8,-13,16,17,-2,31,9,31,-5,-12,24,14,-5,45,7,35,-10,-9,17,14,-4,39,-4,26,-1,-11,22,17,-3,40,8,29,-7,-17,21,11,-6,43,3,28,-7,-11,20,27,-5,43,7,32,-13,-14,17,12,-9,41,4,28
24.2200,-10,-13,19,16,4,40,4,27,-7,-13,24,15,-5,37,3,28,-7,-11,24,15,-7,44,8,35,-10,-19,21,14,-2,41,-6,26,3,-14,20,16,-6,39,5,31,-9,-19,22,16,-7,41,-1,32,-10,-13,22,29,-5,43,4,29,-10,-14,24,12,-9,42,3,33
24.2400,-9,-7,17,14,2,41,4,31,-7,-16,21,14,-5,33,7,26,-7,-10,19,17,-6,39,6,38,-8,-12,22,15,-2,39,-3,28,-2,-13,23,12,-7,42,4,30,-9,-23,19,12,-4,40,4,28,-6,-12,22,26,-4,43,4,29,-8,-12,23,17,-9,40,1,29
24.2600,-3,-13,18,11,4,43,1,28,-11,-12,20,15,-7,36,2,26,-2,-14,20,14,-10,40,8,36,-14,-12,24,15,-4,38,0,25,1,-14,21,15,-5,39,4,29,-5,-19,20,12,-7,41,3,27,-9,-11,22,26,-3,42,8,29,-7,-15,26,15,-2,39,5,30
24.2800,-5,-12,20,10,3,45,6,26,-10,-15,18,17,-8,33,3,30,-5,-14,21,17,-1,41,4,34,-11,-11,17,19,-4,40,-1,23,-2,-17,16,16,-6,40,9,27,0,-19,20,19,-5,34,5,32,-9,-14,25,23,-5,45,2,27,-3,-9,23,14,-2,41,4,24
24.3000,-5,-9,24,15,0,44,-1,28,-10,-13,25,12,-5,37,0,24,-1,-16,22,16,-5,42,7,40,-13,-11,21,14,-2,41,-3,25,1,-17,23,17,-2,42,1,32,-6,-18,20,13,-5,41,1,27,-9,-9,25,26,-4,39,3,31,-9,-13,20,13,-6,43,3,31
24.3200,-4,-12,20,14,-2,42,1,32,-4,-12,23,11,-3,33,7,31,-8,-10,23,15,-7,37,7,35,-10,-13,21,18,-2,44,-1,30,-2,-15,18,17,-1,41,4,34,0,-19,17,15,-10,40,6,32,-8,-13,23,27,-7,41,7,29,-3,-11,22,11,-2,39,3,35
24.3400,-4,-8,21,17,-2,41,1,28,-11,-18,21,14,-3,35,2,28,-6,-13,19,15,-4,39,8,34,-13,-9,17,15,-1,45,-3,30,-2,-14,23,13,-5,43,5,34,-1,-20,23,15,-5,37,2,31,-5,-10,24,30,-7,38,5,32,-7,-12,25,16,-5,40,9,30
24.3600,-11,-12,24,18,-5,41,4,29,-5,-16,24,18,-8,29,2,29,-4,-14,22,17,-7,41,6,35,-11,-8,21,16,-7,44,-1,28,-1,-14,22,17,-3,39,4,29,-10,-20,18,18,-5,39,4,28,-9,-14,17,29,-4,42,4,29,-6,-17,24,15,-5,43,8,28
24.3800,-7,-9,23,17,4,44,-4,31,-9,-14,22,17,-9,35,2,23,-3,-10,22,11,-6,46,6,36,-12,-16,25,13,-3,40,-5,32,-3,-14,20,14,-5,40,9,31,-2,-21,21,15,-5,41,6,29,-5,-12,19,31,-5,39,3,29,-10,-14,22,12,-5,42,6,27
24.4000,-8,-17,22,16,-1,44,2,29,-8,-15,22,15,-6,34,7,26,-6,-15,23,15,-10,44,4,38,-8,-12,19,16,-1,42,-4,26,-1,-18,20,17,-5,39,7,31,-9,-24,19,17,-8,43,5,26,-9,-13,21,27,-5,39,3,32,-11,-11,23,14,-7,43,7,33
24.4200,-6,-14,19,17,0,45,7,32,-7,-16,21,12,-6,34,3,31,-7,-14,27,17,-8,45,3,41,-9,-13,21,21,-3,41,-2,31,-2,-12,22,17,-1,40,4,35,0,-19,25,18,-9,43,4,31,-8,-18,19,25,-7,40,8,29,-6,-15,23,15,-5,43,6,32
24.4400,-9,-14,22,11,3,44,3,29,-7,-16,25,13,-12,32,4,29,-9,-13,18,16,-7,45,6,36,-12,-13,15,17,-3,40,1,28,3,-12,19,18,-7,40,7,32,-8,-21,21,16,-10,42,2,27,-6,-9,21,25,-4,47,3,26,-7,-15,17,15,-4,43,0,31
24.4600,-8,-8,23,15,4,43,3,27,-6,-14,24,15,-6,36,7,27,-9,-12,26,12,-6,46,7,38,-9,-10,20,15,-4,41,-3,28,-2,-14,27,10,-1,42,7,32,-6,-20,19,16,-4,40,9,33,-12,-11,19,25,-3,45,6,31,-11,-17,25,14,-1,40,5,34
24.4800,-8,-10,20,17,0,45,2,29,-4,-16,25,17,-7,34,6,29,-9,-13,22,17,-9,45,8,37,-9,-13,22,17,-4,41,-4,29,1,-11,24,16,-6,42,3,34,-5,-20,25,16,-5,39,4,26,-12,-13,22,26,-5,43,6,27,-11,-15,21,17,-5,42,7,35
24.5000,-6,-9,20,10,2,45,3,28,-10,-11,18,14,-8,39,2,28,-9,-13,20,18,-7,42,6,32,-9,-13,23,10,-3,43,-1,33,-1,-14,23,18,-3,39,7,29,-3,-18,20,13,-5,35,2,30,-6,-14,19,29,-7,41,9,31,-10,-6,22,17,-5,47,2,29
24.5200,-1,-8,23,13,2,46,1,28,-8,-12,24,18,-3,36,8,27,-8,-13,23,19,-6,44,6,38,-7,-12,21,18,-2,43,-3,30,-2,-11,23,17,-4,42,10,31,-2,-20,22,14,-6,35,7,32,-5,-11,21,22,-7,42,7,32,-5,-10,21,16,-6,46,8,30
24.5400,-3,-11,24,14,0,45,5,30,-6,-14,19,17,-10,38,5,23,-6,-13,22,16,-6,47,3,31,-10,-7,19,16,-4,37,-2,31,-1,-11,21,18,-3,42,8,28,-3,-17,18,19,-9,43,4,28,-4,-11,22,24,-9,44,4,31,-8,-12,28,12,-8,40,5,29
24.5600,-12,-10,21,14,-3,46,2,32,-4,-16,24,14,-4,38,2,27,-4,-17,25,16,-5,42,8,37,-6,-16,23,16,0,45,-4,31,-4,-15,21,17,-7,37,6,34,-4,-18,23,17,-9,41,5,34,-7,-18,24,26,-8,42,6,28,-12,-15,21,14,-6,45,6,31
24.5800,-8,-15,22,14,1,45,0,27,-9,-13,25,14,-6,38,3,30,-10,-13,23,18,-5,39,4,36,-5,-13,23,17,-7,41,-6,29,-2,-15,24,14,-4,38,6,31,-6,-22,23,17,-3,42,5,30,-10,-14,23,28,-6,42,2,25,-12,-12,21,15,-10,44,6,32
24.6000,-8,-8,22,14,4,40,2,31,-11,-11,18,13,-3,38,4,31,-11,-10,20,12,-3,40,10,35,-8,-13,24,15,-4,41,-4,26,-1,-16,22,12,-4,39,7,32,-7,-21,23,13,-8,39,4,27,-13,-12,25,26,-2,44,3,29,-12,-13,22,14,0,42,2,30
24.6200,-6,-14,17,13,3,44,-1,26,-8,-18,20,13,-7,37,5,25,-4,-17,21,12,-7,44,4,35,-6,-13,27,16,-6,42,-4,29,-3,-18,19,12,-5,41,2,31,-4,-21,25,14,-7,41,6,31,-5,-15,21,23,-7,39,5,31,-12,-11,22,14,-7,40,4,28
24.6400,-8,-11,18,13,1,44,2,30,-2,-14,24,13,-6,34,5,28,-9,-18,22,14,-7,42,9,36,-7,-12,25,13,-3,46,-3,27,-9,-8,23,14,-3,44,7,29,-7,-19,20,16,-6,36,2,28,-7,-12,23,24,-7,43,4,28,-7,-13,21,14,-7,43,6,30
24.6600,-7,-11,20,17,-1,45,2,32,-6,-13,23,11,-7,33,6,30,-5,-12,21,15,-6,41,7,35,-7,-10,21,14,0,43,-4,28,-3,-9,26,18,-8,39,5,37,-6,-21,21,15,-10,41,6,29,-7,-12,21,29,-9,43,3,31,-9,-15,21,16,-7,42,3,29
24.6800,-9,-13,20,17,1,44,-1,27,-6,-12,22,14,-5,38,3,33,-8,-16,23,15,-8,46,4,37,-3,-16,21,14,-2,43,-3,29,-5,-15,17,18,-5,36,0,30,-4,-19,19,15,-6,40,8,29,-10,-14,27,28,-6,40,9,30,-10,-15,18,16,-4,44,8,33
24.7000,-10,-12,20,13,-4,45,2,28,-5,-16,24,12,-3,35,6,28,-6,-15,21,16,-4,41,2,32,-10,-14,24,17,-3,42,-3,30,-3,-13,21,14,-10,38,4,33,-1,-17,26,16,-11,43,7,34,-8,-10,25,27,-8,40,3,23,-10,-15,21,17,-6,42,5,34
24.7200,-9,-12,23,16,-2,44,1,28,-6,-13,22,13,-8,32,2,27,-9,-18,20,14,-8,39,9,35,-9,-12,18,17,-2,44,-4,30,-8,-18,24,13,-7,41,6,34,-9,-21,25,16,-7,41,10,31,-2,-17,25,25,0,42,7,26,-12,-15,23,14,0,42,8,32
24.7400,-9,-13,22,14,1,45,2,33,-7,-15,23,12,-9,35,10,30,-10,-16,22,14,-10,45,4,38,-4,-11,28,14,-7,41,1,31,-2,-14,21,14,-5,41,9,31,-10,-18,22,14,-8,42,5,31,-7,-15,24,24,-2,38,8,30,-8,-14,23,18,-6,42,2,30
24.7600,-8,-13,21,11,2,44,2,27,-8,-16,26,17,-6,37,4,24,-4,-13,25,19,-6,43,4,37,-8,-12,25,15,0,41,-1,28,-3,-6,23,16,-4,39,2,35,-4,-16,19,15,-7,40,6,36,-10,-14,24,28,-5,41,3,31,-9,-15,24,18,-8,42,8,30
24.7800,-9,-20,25,16,-1,41,3,27,-3,-14,23,15,-5,32,5,24,-8,-17,22,18,-4,45,10,36,-8,-14,25,17,-3,41,-4,32,-4,-13,19,13,-11,41,6,35,-10,-20,23,11,-5,43,5,31,-9,-14,23,24,-5,43,7,27,-11,-13,20,14,-4,42,4,28
24.8000,-6,-8,27,13,3,39,1,29,-9,-12,18,13,-5,31,12,31,-6,-13,19,14,-5,41,7,33,-9,-13,25,12,-2,42,-3,30,-4,-8,22,16,-10,39,6,27,-7,-21,22,11,-2,44,4,29,-6,-13,22,28,-4,44,8,26,-8,-18,19,16,-7,45,3,29
24.8200,-10,-13,24,13,1,43,1,28,-7,-14,21,17,-7,36,4,29,-7,-15,24,12,-9,45,5,36,-9,-9,21,23,-7,47,1,26,-6,-12,22,14,-4,39,0,26,-5,-18,17,11,-8,39,4,36,-8,-15,24,30,-3,48,6,29,-9,-15,24,13,-6,41,1,27
24.8400,-12,-10,26,9,2,45,-2,26,-7,-17,24,12,-8,34,6,26,-7,-14,24,16,-7,46,7,35,-12,-9,22,14,-2,42,-2,29,-7,-15,21,14,-8,42,4,27,-7,-23,22,15,-2,44,5,30,-8,-13,21,29,-2,42,4,31,-11,-11,25,17,-7,41,6,26
24.8600,-9,-11,23,20,-1,44,3,34,-3,-17,25,15,-11,38,6,28,-6,-19,25,16,-3,43,7,33,-10,-14,23,14,-1,42,-3,30,-4,-13,23,18,-8,40,6,30,-6,-21,22,16,-6,41,5,35,-6,-16,23,27,-5,46,0,36,-7,-11,20,17,-4,41,9,28
24.8800,-4,-14,24,14,0,40,2,30,-6,-13,21,14,-6,35,10,24,-10,-21,22,13,-4,39,4,35,-9,-11,20,14,-5,46,2,25,-1,-19,21,22,-8,45,8,27,-7,-20,20,13,-8,39,4,36,-9,-13,20,25,1,44,0,28,-9,-14,25,15,-7,39,7,29
24.9000,-10,-11,20,15,-5,43,3,27,-4,-12,22,17,-6,35,7,28,-5,-19,24,15,-11,39,7,37,-8,-14,24,18,-2,44,-2,28,-4,-16,23,15,-6,37,7,30,-5,-20,18,18,-7,35,4,26,-10,-14,22,22,-6,45,8,30,-9,-11,21,18,-9,40,6,29
24.9200,-6,-18,24,13,0,43,-1,26,-3,-15,21,15,-12,35,7,28,-12,-19,25,18,-6,38,2,36,-12,-10,19,16,-1,41,1,32,-4,-10,24,13,-12,41,5,28,-11,-21,21,16,-4,42,9,34,-8,-13,24,26,-7,43,3,30,-9,-10,20,13,-6,41,1,26
24.9400,-8,-8,24,18,-1,43,4,28,-7,-13,23,17,-8,34,6,27,-6,-22,25,18,-9,40,4,33,-8,-14,20,15,-2,44,-4,29,-3,-13,20,15,-9,37,7,29,-9,-17,25,18,-10,43,10,32,-6,-17,26,26,-4,45,7,26,-12,-13,23,15,-7,47,3,30
24.9600,-12,-10,21,14,-3,39,4,29,-8,-11,24,17,-9,36,6,24,-7,-14,22,14,-10,46,5,40,-8,-19,21,17,-1,40,-5,30,-4,-15,21,12,-3,41,8,27,-8,-19,22,10,-11,39,5,32,-7,-12,26,24,-4,42,6,33,-4,-12,20,15,-4,46,3,34
24.9800,-12,-10,22,16,-2,44,8,28,-7,-15,22,17,-7,37,2,27,-11,-15,22,16,-9,43,5,35,-9,-17,19,16,-5,47,-4,32,-5,-11,23,18,-10,42,3,30,-10,-22,22,11,-12,42,3,32,-7,-11,20,25,-5,44,8,30,-8,-15,24,13,-9,45,7,24
25.0000,-9,-14,24,17,-1,40,2,33,-7,-15,17,12,-7,32,5,28,-8,-16,24,20,-9,41,8,34,-6,-11,24,12,-2,46,-1,28,-7,-18,19,14,-7,40,7,29,-11,-21,22,14,-7,43,6,35,-9,-15,26,26,-5,44,5,31,-9,-11,23,20,-7,45,7,23
25.0200,-10,-13,25,16,-6,43,0,24,-10,-13,25,14,-9,40,4,30,-10,-17,28,19,-10,40,6,34,-10,-16,25,18,-6,47,0,29,-7,-14,18,16,-7,40,8,31,-3,-17,21,16,-10,41,7,34,-11,-13,23,24,-4,41,1,29,-7,-16,24,14,-5,42,3,31
25.0400,-6,-11,25,18,0,42,3,27,-4,-12,21,15,-5,36,5,29,-11,-13,22,19,-11,44,4,33,-8,-18,22,17,-7,45,1,27,-3,-17,21,13,-5,41,4,25,-7,-19,17,13,-6,41,5,36,-7,-14,23,27,-7,46,5,29,-8,-15,24,14,-5,44,8,27
25.0600,-9,-9,17,19,-1,47,4,27,-6,-11,20,15,-5,36,6,25,-13,-17,26,17,-12,40,5,34,-8,-12,23,18,0,46,-4,31,-6,-15,25,18,-3,43,1,31,-11,-18,22,11,-9,39,4,32,-11,-17,23,22,-6,42,11,28,-8,-13,22,16,-6,45,4,29
25.0800,-8,-15,24,16,-1,40,5,28,-4,-11,21,15,-5,31,4,27,-7,-12,20,19,-4,42,5,37,-10,-13,21,15,-7,41,-4,31,-6,-12,19,18,-4,41,7,31,-8,-18,24,11,-9,42,1,32,-10,-11,20,28,-3,46,7,32,-5,-12,25,13,-5,44,5,33
25.1000,-10,-13,17,16,-4,44,2,32,-6,-11,23,13,-4,38,6,28,-10,-17,23,12,-10,45,4,35,-10,-11,22,13,0,46,-2,31,-5,-13,21,20,-7,39,7,30,-6,-17,22,23,-10,40,6,30,-11,-11,18,24,-4,45,9,29,-11,-14,24,17,-1,48,4,31
25.1200,-8,-14,25,12,-1,44,6,32,-10,-15,25,13,-7,39,6,29,-7,-19,20,15,-7,46,8,32,-12,-14,23,16,-1,45,0,29,4,-17,24,15,-5,42,4,32,-7,-17,21,14,-10,43,4,30,-5,-12,20,23,-5,40,8,30,-8,-10,25,13,-3,44,6,30
25.1400,-6,-16,25,14,-2,45,4,29,-7,-14,23,15,-7,39,9,32,-10,-21,24,17,-7,40,6,34,-13,-13,25,16,-3,47,-1,27,-3,-17,24,14,-6,40,7,30,-9,-18,21,14,-7,47,4,35,-9,-15,22,27,-5,42,4,29,-10,-11,23,13,-2,45,4,27
25.1600,-10,-14,22,16,-2,47,0,32,-10,-11,28,15,-8,37,9,29,-8,-17,22,15,-7,47,7,34,-7,-10,20,16,3,42,-3,26,-8,-16,21,12,-10,42,3,30,-11,-17,24,18,-7,40,9,32,-9,-11,20,26,-4,41,4,30,-8,-13,21,11,-7,44,7,28
25.1800,-9,-12,27,13,4,43,3,31,-6,-16,24,13,0,39,6,32,-8,-19,22,17,-9,44,10,34,-9,-15,22,15,-3,43,-4,31,-1,-16,21,13,-6,43,7,27,-8,-19,19,16,-4,47,10,31,-7,-13,22,27,-6,41,7,27,-6,-17,22,18,-7,44,6,35
25.2000,-10,-16,20,16,-1,41,2,29,-5,-16,25,15,-4,43,8,29,-8,-19,25,13,-4,44,5,32,-7,-10,24,14,-3,45,-1,25,-2,-13,24,17,-4,43,7,34,-4,-22,20,14,-5,45,11,35,-10,-12,21,24,-10,41,8,30,-15,-15,19,18,-5,46,8,25
25.2200,-6,-14,24,16,0,44,-1,28,-6,-15,21,16,-9,35,11,31,-11,-15,24,15,-11,43,5,33,-9,-10,20,14,-5,48,-1,28,-1,-13,16,20,-7,43,9,32,-4,-21,22,14,-9,40,3,32,-7,-11,25,27,-3,47,6,31,-11,-17,18,16,-7,46,10,32
25.2400,-7,-13,18,18,-3,44,2,28,-4,-17,21,17,-3,36,5,32,-13,-17,22,17,-8,45,2,38,-8,-9,23,19,-4,45,-2,32,-5,-12,21,16,-8,42,2,30,-4,-24,24,17,-7,41,4,29,-2,-7,20,23,-7,40,6,27,-15,-15,25,16,-4,44,5,33
25.2600,-8,-15,25,13,0,41,5,31,-4,-13,21,12,-7,36,6,29,-8,-11,21,15,-5,45,9,36,-7,-17,21,13,-2,44,0,30,-5,-16,20,16,-9,39,6,32,-4,-20,21,14,-8,46,11,31,-3,-13,21,22,-7,41,9,28,-6,-16,22,13,-7,47,6,31
25.2800,-8,-11,25,15,-2,42,4,28,-4,-19,26,17,-4,39,9,26,-10,-16,24,20,-8,42,8,39,-8,-11,24,13,-3,44,1,28,-6,-13,25,17,-6,41,3,31,-1,-18,18,17,-4,40,11,31,-10,-15,21,22,-8,42,6,27,-11,-12,23,10,-6,47,9,30
25.3000,-8,-12,24,10,4,41,4,27,-11,-14,24,16,-5,36,8,30,-8,-18,20,18,-9,45,8,36,-11,-15,20,17,-2,45,2,31,-2,-13,21,17,-7,37,3,28,-7,-20,21,19,-12,43,4,33,-7,-11,25,28,-10,46,7,28,-13,-15,22,19,-4,45,7,28
25.3200,-8,-17,21,16,-2,42,1,29,-7,-12,21,16,-5,38,7,29,-6,-20,22,14,-10,45,6,37,-11,-15,21,18,-1,43,-2,24,-6,-16,24,21,-9,42,7,28,-7,-20,20,16,-10,37,7,35,-12,-9,24,28,-8,42,7,26,-12,-14,23,13,-9,42,2,30
25.3400,-11,-13,24,13,1,44,2,24,-8,-14,21,17,1,35,6,29,-9,-19,23,16,-8,39,6,38,-10,-14,24,11,-9,47,-2,30,-5,-15,20,15,-6,40,2,30,-8,-17,24,14,-5,45,0,32,-8,-13,23,22,-5,41,6,28,-8,-18,21,12,-9,45,6,27
25.3600,-9,-12,23,13,-2,39,2,32,-4,-13,27,13,-6,38,8,27,-8,-15,21,15,-9,44,2,37,-12,-15,21,16,-5,44,-5,33,-3,-15,21,15,-4,44,4,24,-5,-23,21,9,-5,43,4,31,-7,-17,21,26,-6,41,7,31,-13,-11,20,14,-5,44,6,29
25.3800,-10,-15,26,14,0,43,2,29,-9,-16,20,14,-4,36,5,27,-7,-18,20,13,-7,47,3,41,-12,-11,23,15,-4,44,0,30,-9,-14,25,18,-9,42,6,30,-4,-19,20,19,-8,46,5,33,-5,-16,20,27,-13,46,3,29,-8,-14,23,14,-8,40,13,30
25.4000,-9,-14,22,14,-2,46,-2,29,-9,-18,26,17,-6,35,6,26,-10,-19,23,14,-10,48,7,37,-10,-16,22,15,-4,46,-2,30,-2,-14,28,14,-3,40,2,32,-3,-20,25,17,-11,43,7,34,-6,-14,24,26,-8,42,7,26,-13,-13,25,13,-6,46,9,26
25.4200,-7,-15,20,11,-3,45,4,26,-7,-11,25,14,-5,39,7,23,-8,-18,23,12,-6,45,8,36,-6,-14,24,11,-6,44,-5,31,-8,-15,25,17,-10,44,1,31,-5,-21,24,14,-6,42,8,34,-14,-19,20,25,-7,42,7,27,-9,-15,23,16,-12,44,7,27
25.4400,-7,-14,27,19,2,44,3,27,-6,-13,25,15,-7,36,5,27,-10,-19,20,12,-6,44,3,36,-8,-10,21,14,0,45,-3,27,-5,-13,26,13,-8,39,5,28,-2,-16,23,19,-6,41,1,33,-7,-14,23,30,-4,43,6,32,-13,-12,23,16,-6,47,2,28
25.4600,-10,-12,24,14,-1,39,5,25,-8,-17,23,16,-4,34,6,27,-13,-13,20,14,-14,48,9,34,-9,-14,25,14,-8,45,-1,32,-3,-15,24,19,-6,40,1,32,-4,-22,27,16,-8,45,8,32,-11,-17,21,26,-7,44,7,27,-8,-12,22,13,-8,47,2,30
25.4800,-1,-12,23,17,-2,42,6,28,-7,-16,21,13,-4,39,8,30,-6,-16,20,16,-7,42,3,33,-9,-9,25,18,-3,46,-2,34,-6,-15,24,20,-8,37,6,28,-2,-23,21,14,-5,42,3,27,-8,-12,19,27,-6,47,4,28,-10,-15,26,15,-9,45,6,29
25.5000,-10,-13,21,13,-1,47,3,27,-9,-16,26,14,-7,38,7,28,-8,-15,22,14,-6,43,3,34,-14,-16,22,15,-2,44,2,29,-4,-15,23,18,-9,41,5,27,-6,-23,20,13,-8,44,10,31,-8,-15,27,27,-4,46,7,27,-4,-20,26,16,-5,44,7,26
25.5200,-8,-12,21,17,0,44,0,26,-9,-14,24,15,-1,37,8,28,-8,-12,24,10,-8,43,5,37,-11,-16,24,15,-6,44,-4,26,-1,-11,25,17,-7,41,6,25,-8,-22,21,12,-7,41,6,30,-6,-15,23,24,-5,45,0,31,-6,-12,20,13,-10,47,7,22
25.5400,-8,-14,25,16,2,45,6,25,-6,-14,24,13,-4,40,8,28,-10,-16,24,17,-9,45,3,35,-4,-16,21,15,-2,45,-3,31,-4,-18,21,14,-6,40,2,27,-9,-19,18,14,-9,45,8,28,-8,-13,25,23,-7,41,4,28,-11,-10,23,11,-8,44,5,26
25.5600,-7,-12,22,13,0,43,-2,27,-7,-13,18,13,-6,35,5,29,-9,-19,25,17,-7,43,4,35,-8,-16,26,15,-4,44,-1,26,-2,-21,24,14,-6,41,6,26,-6,-23,19,18,-7,44,5,29,-8,-16,24,23,-10,44,10,30,-10,-18,23,15,-9,46,5,32
25.5800,-9,-12,25,16,1,43,-1,32,-5,-16,24,11,-5,34,3,26,-13,-16,24,11,-10,45,4,38,-13,-11,21,15,-8,46,-1,30,-5,-12,26,18,-8,41,5,26,-7,-19,20,16,-8,46,7,26,-6,-16,21,29,-11,40,1,27,-12,-15,21,13,-11,45,1,28
25.6000,-7,-12,22,14,-4,45,-1,28,-4,-14,22,17,-7,40,8,28,-8,-19,20,18,-6,41,7,31,-10,-15,20,11,-4,45,-7,34,-2,-19,24,19,-8,45,3,27,-3,-23,21,23,-7,45,7,30,-10,-14,23,30,-4,43,4,28,-8,-14,23,15,-9,45,10,28
25.6200,-5,-11,23,17,-5,43,4,27,-6,-11,23,16,-2,35,6,29,-6,-16,26,18,-7,41,7,36,-10,-11,22,16,-2,43,-2,36,-2,-12,23,18,-8,45,6,32,-6,-19,21,15,-10,44,6,32,-9,-10,19,30,-7,46,3,31,-10,-9,26,13,-6,44,9,30
25.6400,-10,-13,25,14,4,44,5,28,-7,-13,21,17,0,38,12,23,-8,-15,25,15,-6,41,5,35,-10,-14,23,15,-4,48,-2,33,4,-19,22,11,-7,41,4,25,-6,-20,24,16,-4,41,4,30,-7,-16,23,23,-5,43,5,24,-14,-9,23,15,-4,42,3,32
25.6600,-10,-13,22,19,-1,43,6,27,-8,-19,25,13,-8,36,8,28,-11,-17,24,18,-11,46,5,36,-11,-13,25,19,-3,45,-3,29,-1,-16,21,15,-10,44,0,27,-6,-20,25,13,-5,41,7,30,-3,-14,17,27,-7,47,2,26,-6,-14,27,17,-5,45,7,32
25.6800,-10,-15,23,15,0,42,2,27,-5,-16,24,15,-3,35,8,25,-14,-20,24,18,-10,44,4,35,-11,-12,24,16,-2,43,-3,28,-4,-18,22,12,-5,41,4,27,-7,-23,25,15,-8,46,8,34,-8,-15,22,23,-6,45,5,30,-11,-15,26,15,-7,41,10,27
25.7000,-6,-16,26,16,1,45,2,30,-2,-17,22,14,-5,39,9,28,-11,-17,19,17,-11,43,5,36,-9,-12,23,17,-2,46,-3,33,-3,-14,21,16,-6,42,1,32,-7,-22,22,12,-10,44,6,32,-9,-13,24,21,-4,43,5,29,-10,-17,25,15,-11,46,8,31
25.7200,-8,-18,23,15,-2,41,3,31,-8,-14,22,15,-7,37,10,29,-15,-18,21,17,-11,44,-1,37,-8,-15,24,14,-6,47,-5,32,-1,-16,26,14,-6,40,6,28,-4,-26,21,13,-7,43,5,29,-8,-13,23,26,-8,43,2,28,-13,-16,17,16,-6,46,8,29
25.7400,-11,-17,23,15,2,41,2,27,-5,-16,23,12,-4,37,6,29,-8,-21,26,17,-10,45,4,36,-7,-11,18,16,-5,53,-6,31,-5,-19,23,22,-6,42,4,28,-9,-23,25,17,-7,47,6,27,-10,-13,24,22,-7,46,4,32,-9,-16,24,14,-7,46,5,30
25.7600,-9,-11,23,17,-3,42,12,30,-4,-13,21,12,-9,40,8,31,-8,-18,22,14,-9,42,6,39,-7,-12,21,19,-1,47,-1,27,-4,-17,23,16,-8,43,7,30,-5,-26,26,12,-6,44,4,28,-9,-15,20,20,-6,38,3,29,-7,-14,22,11,-10,47,4,30
25.7800,-7,-14,19,15,-3,44,6,30,-6,-11,21,15,-5,39,7,30,-8,-19,25,13,-10,44,4,41,-7,-12,22,14,-5,40,-4,33,0,-15,26,9,-7,44,5,30,-10,-24,18,16,-9,42,5,26,-9,-11,22,25,-8,43,5,27,-10,-12,22,15,-4,41,9,30
25.8000,-8,-14,27,15,-2,42,4,30,-7,-13,24,16,-8,37,6,25,-11,-15,24,21,-10,47,8,33,-8,-13,23,14,-7,45,-5,35,-5,-19,20,13,-8,42,2,30,-12,-27,18,16,-9,44,7,27,-9,-15,21,25,-6,41,9,26,-8,-11,22,16,-5,48,6,29
25.8200,-11,-14,22,16,-1,40,8,26,-9,-12,23,17,-4,40,6,27,-10,-13,23,11,-7,43,3,38,-11,-8,20,16,-1,47,-8,32,-7,-19,22,14,-12,41,5,27,-12,-22,24,17,-9,42,7,34,-7,-16,22,27,-6,43,7,28,-8,-12,22,16,-4,46,6,27
25.8400,-8,-13,22,11,-3,49,2,29,-9,-17,25,16,-6,35,9,33,-7,-19,28,14,-7,46,5,38,-6,-11,26,17,-11,49,-4,29,-4,-16,23,16,-10,40,6,27,-5,-22,24,15,-8,41,10,31,-9,-17,21,27,-5,44,6,30,-9,-12,25,16,-7,45,8,28
25.8600,-8,-16,20,15,-2,39,5,29,-9,-14,26,14,-6,36,7,29,-10,-19,20,16,-8,39,8,36,-10,-11,22,18,-3,47,1,33,-8,-15,22,13,-5,45,2,30,-10,-25,25,17,-6,46,6,32,-8,-19,22,23,-5,45,8,26,-7,-13,20,16,-6,44,9,31
25.8800,-12,-21,24,17,-2,42,6,29,-9,-17,23,16,-7,39,10,31,-10,-15,24,16,-7,47,7,35,-11,-9,23,16,0,45,0,32,-6,-12,26,12,-9,39,3,26,-6,-25,22,10,-5,43,5,31,-10,-19,21,25,-9,46,7,29,-8,-14,28,14,-8,41,4,28
25.9000,-10,-12,24,16,-3,45,0,25,-5,-11,28,13,-4,38,5,30,-10,-18,21,16,-12,43,5,35,-6,-13,23,15,-6,42,0,30,-1,-12,24,14,-8,45,4,34,-9,-23,22,17,-7,41,7,31,-5,-12,23,26,-7,46,4,26,-7,-12,22,11,-7,40,2,29
25.9200,-7,-15,24,14,-1,44,2,31,-5,-17,21,18,-4,35,6,29,-6,-17,21,21,-11,41,3,37,-9,-13,21,18,-4,46,-1,33,-4,-18,23,13,-7,44,0,31,-8,-21,22,16,-10,47,11,31,-9,-16,22,22,-10,43,5,25,-6,-13,19,12,-6,45,7,26
25.9400,-4,-16,23,14,-1,46,3,27,-5,-14,23,16,-5,38,8,30,-12,-16,27,18,-5,41,5,38,-8,-13,23,13,-7,46,-7,35,-3,-16,24,10,-6,42,5,32,-7,-19,25,13,-6,44,5,30,-8,-15,24,22,-8,44,4,28,-10,-11,21,14,-10,40,3,27
25.9600,-8,-9,20,13,-3,45,10,27,-8,-13,25,13,-7,37,9,27,-9,-16,23,16,-8,45,5,40,-10,-13,25,19,-5,45,-3,30,0,-14,24,14,-7,42,7,27,-9,-21,27,15,-6,42,6,30,-7,-18,25,20,-4,42,6,26,-13,-15,24,16,-6,43,7,31
25.9800,-9,-10,17,11,-5,42,8,26,-8,-14,21,14,-4,36,3,29,-8,-20,21,14,-9,47,3,37,-5,-11,23,13,-4,45,-7,29,-6,-14,26,14,-10,41,6,31,-3,-19,20,13,-11,46,7,31,-10,-18,22,23,-11,49,4,30,-10,-11,23,16,-9,42,5,28
26.0000,-10,-13,19,14,-2,41,3,24,-8,-15,28,13,-8,36,4,27,-11,-15,23,14,-10,43,2,38,-11,-11,22,12,-10,48,-4,32,-7,-15,27,12,-3,43,5,31,-8,-20,25,16,-7,41,8,30,-10,-11,21,19,-2,46,9,33,-8,-15,21,16,-10,47,9,24
26.0200,-11,-16,23,16,-2,41,1,32,-9,-16,27,14,-3,34,7,24,-11,-18,23,18,-12,41,4,39,-7,-12,25,13,-9,45,-4,28,-2,-18,23,17,-8,44,6,26,-8,-27,19,11,-5,47,5,28,-6,-16,21,22,-6,42,5,28,-9,-15,24,14,-7,41,8,27
26.0400,-10,-15,26,16,-3,37,3,28,-7,-15,22,13,-4,35,5,28,-10,-19,16,15,-9,48,4,36,-9,-16,28,13,-5,44,-7,33,-5,-18,26,16,-6,44,5,28,-7,-20,23,9,-6,45,6,33,-8,-20,22,23,-7,46,7,30,-13,-17,21,15,-6,40,5,27
26.0600,-9,-13,20,15,-5,45,4,22,-6,-14,24,16,-9,38,5,25,-8,-20,20,20,-12,47,4,39,-6,-15,21,13,-6,47,-5,31,-2,-15,20,16,-4,42,8,29,-8,-20,24,11,-10,47,7,27,-6,-19,24,24,-9,42,6,28,-13,-18,21,13,-6,48,3,31
26.0800,-6,-10,25,12,1,44,5,26,-4,-13,18,14,-4,34,10,31,-9,-15,23,14,-8,46,8,37,-7,-13,21,15,-4,46,0,29,-8,-16,23,19,-5,46,5,31,-5,-23,25,19,-11,43,5,33,-8,-15,22,22,-4,46,5,27,-9,-16,23,13,-8,45,5,29
26.1000,-6,-15,20,13,1,45,5,26,-4,-11,20,13,-7,39,8,27,-10,-18,20,14,-11,45,5,35,-6,-14,27,17,-2,47,-3,32,-6,-17,25,13,-9,44,8,29,-9,-21,23,13,-8,44,3,30,-13,-15,24,23,-3,41,6,32,-7,-14,24,15,-5,42,4,30
26.1200,-14,-11,22,10,1,43,7,26,-10,-14,20,13,-6,34,3,26,-10,-17,19,16,-10,43,7,33,-6,-17,23,18,-6,45,-2,31,-9,-15,24,16,-10,43,5,27,-7,-20,20,15,-4,43,6,32,-8,-18,24,25,-10,46,4,26,-11,-14,21,14,-10,42,2,29
26.1400,-8,-18,27,12,-2,40,8,28,-8,-12,24,14,-5,40,6,26,-16,-16,24,14,-11,45,5,38,-5,-13,23,14,-10,45,-2,27,-4,-13,24,13,-13,42,8,29,-5,-22,24,18,-11,45,5,30,-11,-14,23,25,-6,44,2,30,-12,-16,26,17,-10,45,8,28
26.1600,-7,-17,23,15,-2,43,3,25,-7,-14,23,10,-4,40,7,28,-12,-19,23,16,-9,39,6,37,-7,-16,25,16,-6,45,-5,31,-2,-13,21,14,-8,44,4,28,-12,-20,21,14,-4,43,8,32,-4,-13,23,22,-11,44,8,27,-11,-14,22,16,-5,44,8,28
26.1800,-10,-17,21,14,-4,41,6,28,-9,-15,21,17,-6,38,7,27,-7,-13,22,16,-9,44,7,36,-11,-12,20,12,-6,44,-6,29,-4,-16,21,16,-11,41,5,28,-9,-24,26,19,-6,44,4,27,-11,-19,19,26,-8,46,5,32,-8,-13,25,17,-4,43,7,28
26.2000,-12,-14,24,18,-5,42,5,31,-9,-12,19,11,-5,40,5,30,-12,-18,22,16,-7,46,2,36,-10,-15,26,15,-8,42,0,30,-3,-20,20,13,-8,39,6,26,-9,-21,24,13,-8,45,8,28,-9,-17,23,25,-1,47,6,26,-13,-20,24,16,-11,49,6,28
26.2200,-13,-11,18,15,0,38,2,27,-6,-12,22,18,-5,34,4,25,-11,-16,26,14,-9,45,5,34,-8,-13,17,16,-8,43,-5,27,-8,-12,18,16,-7,37,2,31,-8,-22,23,17,-6,47,6,30,-8,-19,20,21,-8,49,7,28,-10,-18,26,17,-11,45,3,25
26.2400,-10,-14,24,15,1,39,5,23,-5,-14,22,17,-2,35,9,31,-13,-18,19,16,-12,50,5,33,-9,-13,21,15,-10,45,-4,32,-2,-13,18,17,-9,42,2,29,-8,-25,21,13,-6,43,9,30,-5,-19,22,21,-6,46,2,28,-7,-13,20,17,-11,43,9,29
26.2600,-11,-18,21,17,-3,42,7,23,-7,-19,20,9,-5,32,4,28,-7,-18,24,9,-10,46,1,35,-10,-17,19,14,-8,42,-2,32,-6,-14,22,15,-10,43,7,28,-12,-31,22,11,-9,42,7,30,-9,-20,22,23,-6,45,6,27,-8,-12,23,16,-6,44,7,28
26.2800,-12,-17,24,14,0,41,9,22,-9,-14,20,14,-3,39,6,25,-11,-18,25,14,-10,44,4,40,-11,-13,23,15,-8,45,-3,32,-5,-12,21,16,-10,42,6,31,-8,-21,22,14,-9,40,6,35,-12,-14,21,26,-7,42,8,28,-12,-18,21,14,-5,47,8,30
26.3000,-13,-13,20,18,0,45,6,29,-9,-12,19,17,-4,36,4,25,-10,-18,22,17,-8,47,3,37,-6,-10,22,14,-9,44,-4,27,-2,-15,21,13,-9,42,3,26,-7,-21,21,16,-9,50,10,33,-12,-13,24,23,-6,45,6,29,-5,-20,20,16,-6,48,9,33
26.3200,-8,-15,23,15,-6,39,5,29,-10,-13,22,11,-4,41,9,27,-11,-16,20,15,-12,46,4,35,-7,-13,23,13,-7,44,-4,31,-4,-13,25,9,-8,41,2,32,-9,-21,19,19,-7,46,10,29,-10,-20,18,20,-4,44,7,28,-10,-14,22,14,-11,43,3,30
26.3400,-9,-14,19,14,0,39,4,26,-9,-14,24,15,-4,37,7,24,-13,-13,26,16,-10,45,2,36,-9,-8,19,16,-6,44,-1,27,-2,-14,21,15,-8,45,2,29,-6,-23,19,14,-12,46,8,30,-6,-10,27,24,-7,45,8,30,-12,-12,21,14,-7,44,6,26
26.3600,-11,-13,23,12,-4,39,5,26,-7,-16,25,12,-4,38,11,29,-14,-22,23,12,-1,47,1,40,-8,-8,23,14,-5,44,-1,28,1,-10,21,11,-8,39,8,29,-9,-26,21,15,-10,44,7,30,-10,-15,18,23,-10,47,8,30,-9,-15,23,14,-7,42,6,26
26.3800,-11,-14,18,19,-6,45,7,33,-12,-12,19,20,-6,35,11,24,-15,-16,20,12,-14,43,5,34,-14,-13,21,16,-8,49,-4,30,-9,-18,26,19,-7,41,1,30,-6,-24,24,12,-10,44,6,35,-11,-16,20,23,-9,44,7,27,-10,-17,22,12,-11,44,4,31
26.4000,-8,-16,27,17,-7,41,7,31,-8,-11,22,15,-5,37,12,26,-14,-18,21,12,-9,42,0,36,-6,-9,22,18,-4,47,-6,29,-4,-13,18,14,-6,43,2,27,-7,-23,22,12,-6,49,4,29,-12,-14,24,21,-6,46,6,26,-9,-17,19,16,-9,42,6,26
26.4200,-7,-10,21,17,-1,44,8,29,-7,-13,21,16,-9,36,8,27,-9,-17,24,11,-9,40,6,40,-9,-12,18,12,-5,48,-5,30,-8,-15,20,17,-13,47,5,29,-7,-24,22,16,-10,44,7,31,-8,-18,20,22,-6,45,1,26,-9,-15,26,16,-11,45,11,26
26.4400,-15,-16,26,11,-2,44,8,27,-6,-11,19,11,-4,38,6,30,-9,-18,21,12,-7,44,4,39,-7,-11,20,14,-3,44,-3,26,-4,-13,18,12,-9,43,5,26,-10,-22,20,14,-8,46,5,31,-6,-15,21,23,-10,43,8,25,-4,-15,22,18,-8,45,9,32
26.4600,-6,-17,23,14,-3,42,2,28,-12,-11,22,14,-9,35,10,32,-11,-17,23,12,-11,43,5,37,-8,-12,22,15,-5,44,-6,30,-6,-12,19,14,-8,43,2,30,-12,-15,19,17,-8,47,8,36,-11,-17,22,21,-4,43,5,28,-12,-15,23,14,-7,44,7,33
26.4800,-14,-15,20,13,-2,43,5,25,-7,-18,22,15,-9,36,8,32,-13,-19,26,16,-9,43,5,37,-5,-9,20,15,-8,50,-4,27,-6,-17,25,14,-7,44,2,26,-10,-19,22,13,-10,43,8,34,-13,-20,21,26,-4,41,5,30,-16,-12,18,17,-7,43,6,27
26.5000,-12,-6,20,17,0,39,8,27,-8,-16,15,16,-8,39,7,27,-9,-18,24,18,-6,48,4,37,-5,-9,21,11,-3,42,1,30,-6,-17,21,16,-4,42,2,27,-9,-25,20,14,-11,47,7,31,-10,-15,18,22,-2,43,9,30,-10,-13,22,17,-9,48,5,26
26.5200,-9,-15,25,16,-1,41,7,29,-7,-10,21,14,0,39,7,25,-12,-21,19,15,-11,46,3,35,-12,-16,21,16,-5,41,-1,32,-4,-19,20,12,-6,45,6,28,-7,-21,21,15,-10,48,3,29,-10,-15,22,22,-6,43,5,22,-10,-9,18,15,-8,47,6,29
26.5400,-10,-16,20,19,-3,41,7,24,-8,-16,26,15,-1,38,3,26,-10,-13,22,15,-4,48,6,36,-2,-17,20,15,-8,46,0,30,-8,-14,19,16,-8,44,0,27,-13,-26,29,15,-9,43,-1,29,-15,-18,22,23,-5,43,6,25,-11,-18,20,8,-4,46,10,28
26.5600,-11,-11,24,15,-6,42,12,23,-6,-13,20,13,-1,36,7,28,-12,-15,21,13,-8,47,-1,34,-15,-17,24,15,-5,40,-3,26,-4,-15,23,14,-7,41,0,28,-10,-26,27,12,-6,42,5,31,-7,-21,19,18,-7,43,8,32,-9,-15,21,16,-9,43,4,31
26.5800,-9,-18,21,12,-1,41,8,25,-8,-12,18,17,-6,38,4,24,-15,-16,22,15,-10,45,7,35,-8,-17,21,14,-3,44,-8,27,-7,-17,21,11,-8,45,9,27,-8,-22,24,15,-10,46,4,29,-10,-16,21,23,-8,41,7,29,-10,-16,24,13,-7,46,8,28
26.6000,-11,-16,23,16,2,45,10,25,-8,-13,26,15,-7,36,3,20,-9,-16,22,18,-9,45,2,38,-6,-16,23,14,-4,46,-1,29,-5,-16,21,18,-9,44,2,25,-7,-19,22,17,-7,44,7,28,-9,-14,18,23,-7,47,8,30,-9,-21,23,18,-9,40,8,26
26.6200,-9,-12,19,12,0,42,6,29,-9,-11,23,16,1,35,2,27,-8,-20,25,12,-11,48,3,34,-7,-14,22,17,-9,43,2,34,-4,-15,24,16,-9,44,4,28,-5,-20,25,17,-6,47,6,28,-7,-19,21,21,-6,42,6,26,-13,-17,22,15,-9,48,6,29
26.6400,-7,-16,21,11,0,39,9,26,-12,-13,18,16,-4,34,4,26,-12,-18,24,19,-14,45,2,38,-10,-12,25,16,-15,47,-5,28,-2,-18,18,12,-8,40,-1,25,-10,-21,19,14,-11,45,9,30,-13,-15,21,19,-4,45,6,26,-13,-22,21,16,-6,47,10,30
26.6600,-10,-15,24,11,-4,41,7,29,-9,-16,24,14,-7,40,1,29,-13,-19,22,11,-9,47,3,34,-10,-13,21,17,-8,43,-3,33,-9,-16,20,17,-8,46,4,23,-7,-17,22,12,-11,45,9,26,-13,-17,20,19,-9,44,5,29,-12,-17,22,13,-8,49,6,23
26.6800,-10,-17,20,12,1,47,10,27,-8,-15,20,14,-3,35,4,26,-9,-19,22,15,-14,45,4,34,-9,-16,21,14,-7,46,-1,26,-8,-17,22,16,-5,41,9,26,-8,-23,22,13,-9,45,6,29,-16,-14,23,20,-8,42,5,25,-7,-16,20,11,-5,46,6,29
26.7000,-9,-16,24,15,1,41,8,26,-11,-17,21,16,-7,40,10,26,-10,-18,21,15,-10,46,8,35,-10,-16,23,13,-4,43,-2,31,-8,-14,19,11,-7,44,8,27,-11,-21,24,17,-6,42,9,30,-10,-18,17,19,-4,45,5,28,-12,-14,19,13,-6,44,5,28
26.7200,-9,-15,20,16,-4,41,7,26,-9,-15,19,14,-5,35,3,26,-12,-15,23,14,-8,46,4,29,-7,-12,20,17,-7,40,-1,27,-6,-17,25,12,-7,41,6,29,-9,-25,19,14,-8,46,6,31,-9,-14,25,22,-9,47,5,33,-8,-19,18,12,-7,45,8,30
26.7400,-10,-15,21,12,-6,37,6,26,-13,-16,21,15,-2,38,9,31,-12,-19,24,13,-6,46,6,39,-3,-14,19,16,-3,47,-5,30,-9,-19,21,17,-10,40,4,24,-9,-20,21,17,-12,41,3,29,-9,-18,22,20,-7,48,6,27,-13,-16,24,15,-7,42,5,29
26.7600,-8,-14,23,14,-2,46,5,28,-9,-13,20,17,-6,36,7,28,-12,-14,22,16,-9,48,1,34,-9,-12,22,17,-2,47,-4,28,-8,-15,21,12,-5,42,4,28,-7,-22,24,13,-10,47,4,28,-12,-14,16,18,-10,43,5,30,-7,-13,24,16,-3,44,7,27
26.7800,-11,-14,19,13,1,40,5,23,-10,-14,17,16,-4,41,6,25,-17,-15,18,15,-5,44,1,36,-8,-16,21,15,-9,43,0,27,-4,-17,20,15,-11,41,6,25,-5,-22,19,12,-8,48,7,28,-11,-16,22,22,-4,42,8,27,-12,-19,22,14,-8,46,7,28
26.8000,-8,-17,21,15,2,44,8,25,-11,-14,24,14,-6,37,8,27,-10,-19,20,12,-6,42,5,35,-7,-15,19,15,-10,44,0,27,-7,-17,13,18,-10,44,4,27,-9,-19,21,20,-7,43,10,33,-12,-9,21,22,-7,43,7,23,-7,-20,19,17,-8,47,4,26
26.8200,-12,-13,17,11,-2,45,7,25,-9,-15,19,13,-3,34,5,28,-10,-20,23,13,-7,46,11,36,-9,-18,18,12,-4,47,-3,28,-4,-18,21,15,-8,43,7,24,-10,-20,20,16,-9,50,3,31,-6,-15,21,23,-7,42,5,30,-12,-20,23,15,-8,45,6,24
26.8400,-8,-13,18,16,-1,46,8,23,-13,-18,20,17,-4,37,5,25,-10,-21,19,15,-11,47,6,39,-12,-16,22,14,-5,47,-1,29,-6,-16,23,11,-13,46,5,25,-8,-24,23,12,-9,43,10,28,-10,-18,21,18,-4,41,4,31,-12,-21,22,19,-7,43,7,27
26.8600,-12,-15,23,12,-2,43,4,29,-11,-14,17,15,-1,37,5,24,-12,-21,23,17,-8,46,5,35,-12,-20,19,16,-8,45,-2,33,-2,-17,19,13,-11,44,8,25,-10,-21,23,15,-6,48,5,31,-9,-15,18,20,-4,44,0,27,-13,-16,22,14,-12,43,6,25
26.8800,-9,-16,20,16,-4,43,5,26,-10,-12,20,12,-4,37,3,28,-8,-21,22,15,-10,42,4,41,-6,-15,18,20,-7,47,1,28,-8,-19,19,15,-8,39,7,25,-9,-21,19,13,-6,48,8,27,-4,-14,19,18,-9,43,6,27,-13,-21,21,15,-2,42,11,27
26.9000,-8,-13,19,15,-4,44,10,30,-10,-15,24,14,-5,33,9,29,-12,-21,21,14,-10,46,6,34,-9,-11,27,16,-7,46,2,28,-6,-16,17,18,-9,42,1,26,-9,-21,21,12,-12,45,5,28,-7,-16,19,19,-10,46,3,22,-10,-13,19,12,-13,45,7,30
26.9200,-9,-14,17,14,0,44,4,26,-8,-12,19,14,-8,35,9,27,-9,-14,21,14,-9,44,7,35,-12,-14,25,17,-6,45,-8,27,-4,-18,25,12,-8,41,6,27,-4,-18,22,15,-6,47,8,29,-13,-21,18,24,-10,42,5,32,-11,-15,21,13,-7,45,6,30
26.9400,-9,-18,23,13,-2,39,6,24,-9,-13,23,17,-6,33,9,28,-9,-16,22,16,-10,45,0,37,-10,-14,20,14,-7,47,-2,28,-4,-15,20,12,-7,42,10,26,-13,-23,22,11,-8,47,6,28,-7,-14,15,20,-11,46,10,27,-8,-17,21,17,-4,41,8,27
26.9600,-14,-15,20,12,-2,41,10,23,-14,-14,24,11,-10,37,7,29,-11,-22,26,15,-7,40,7,36,-10,-10,17,15,-9,50,-4,30,-5,-19,18,12,-8,44,5,30,-4,-25,21,15,-13,45,9,26,-8,-14,17,21,-7,45,5,27,-16,-17,18,13,-7,40,6,27
26.9800,-9,-13,21,15,0,44,5,22,-11,-13,23,14,-5,40,6,24,-8,-17,19,15,-10,46,6,40,-9,-14,21,13,-5,41,-2,27,-7,-19,20,14,-6,42,4,26,-8,-24,20,14,-6,47,6,30,-9,-16,19,21,-8,46,1,28,-10,-16,19,14,-7,44,9,25
27.0000,-8,-16,20,13,-2,44,8,26,-9,-11,18,17,-6,37,5,25,-10,-20,23,9,-11,46,4,39,-7,-13,21,12,-11,40,-2,28,-6,-17,18,14,-14,45,9,31,-8,-21,23,12,-6,45,6,27,-7,-20,21,22,-10,39,7,24,-6,-15,21,12,-7,45,7,32
27.0200,-11,-15,18,15,-3,46,9,31,-10,-16,22,18,-3,37,4,25,-12,-20,22,12,-7,48,3,34,-6,-11,23,11,-9,44,-1,29,-3,-16,19,15,-15,46,6,28,-9,-20,21,17,-6,46,4,30,-18,-18,19,18,-9,44,9,28,-13,-16,23,12,-9,43,6,24
27.0400,-10,-11,24,13,-2,40,7,25,-10,-15,19,20,-6,36,13,27,-9,-20,21,16,-6,45,6,36,-7,-17,21,7,-10,47,-3,30,-11,-18,16,13,-9,41,7,31,-10,-21,20,14,-9,46,10,31,-9,-15,21,24,-9,42,3,29,-8,-18,22,16,-5,46,7,29
27.0600,-8,-15,22,11,-6,42,5,21,-10,-15,16,12,-7,35,10,24,-11,-20,21,15,-7,46,6,32,-5,-14,20,12,-4,45,1,31,-9,-18,21,19,-7,44,6,22,-10,-19,21,15,-7,46,9,25,-15,-16,24,19,-7,45,8,27,-8,-16,18,20,-10,45,8,26
27.0800,-8,-16,18,17,-3,43,7,23,-12,-14,17,14,-4,34,10,22,-9,-18,22,13,-4,39,6,37,-7,-16,20,11,-6,43,-2,28,-8,-17,21,9,-8,47,6,26,-12,-19,19,12,-7,44,4,29,-4,-13,26,20,-5,43,5,30,-10,-16,19,12,-10,43,5,26
27.1000,-9,-15,17,13,0,40,6,26,-11,-19,22,14,-4,37,8,25,-10,-17,18,10,-12,40,3,36,-11,-11,15,11,-10,45,-3,29,-7,-14,16,15,-14,41,6,22,-7,-26,21,19,-6,46,2,28,-10,-19,23,18,-6,42,8,28,-12,-16,19,16,-9,45,7,24
27.1200,-7,-18,17,9,-2,41,9,22,-9,-15,20,15,1,37,8,24,-8,-23,19,16,-11,43,7,36,-6,-17,19,12,-11,41,-1,31,-1,-15,21,12,-7,46,8,30,-10,-23,23,15,-11,45,5,30,-5,-17,14,19,-12,42,10,31,-10,-15,20,16,-8,46,2,29
27.1400,-12,-17,23,15,-4,42,8,27,-14,-17,19,18,-7,34,6,24,-6,-14,18,13,-9,48,5,37,-8,-17,21,10,-6,43,-4,29,-9,-17,21,16,-7,48,4,29,-8,-19,17,14,-9,47,10,29,-10,-15,18,19,-6,43,5,30,-7,-16,20,19,-11,44,3,23
27.1600,-8,-16,19,12,-5,47,5,26,-13,-17,23,14,-1,39,8,24,-9,-19,19,12,-7,46,6,36,-12,-17,17,20,-6,43,-2,27,-7,-17,20,13,-7,44,3,27,-10,-24,21,16,-12,48,7,32,-11,-19,18,20,-9,46,10,28,-9,-13,23,14,-4,41,7,25
27.1800,-9,-17,20,12,-3,44,8,26,-15,-14,19,13,-6,33,7,28,-13,-19,18,12,-11,46,3,34,-5,-19,23,14,-5,40,-1,28,-9,-14,15,12,-8,45,2,23,-10,-16,22,15,-4,49,8,28,-12,-17,21,18,-12,48,6,27,-7,-16,20,10,-3,43,8,27
27.2000,-13,-18,25,15,-7,39,9,31,-9,-16,17,14,-6,35,8,21,-11,-17,23,12,-9,47,3,35,-11,-18,20,15,-12,42,-4,25,-3,-15,18,12,-7,40,6,27,-7,-21,20,18,-8,46,7,28,-12,-13,19,19,-6,48,8,26,-12,-19,19,17,-6,44,10,29
27.2200,-8,-15,23,15,-7,45,8,28,-13,-16,20,16,-6,39,5,24,-10,-19,20,13,-9,38,4,39,-8,-17,15,16,-9,42,-2,31,-6,-16,20,15,-9,44,7,24,-6,-17,18,14,-9,48,7,29,-8,-20,17,24,-8,41,6,26,-7,-16,17,18,-12,47,2,31
27.2400,-10,-18,25,13,0,42,10,29,-12,-18,17,12,-5,33,4,26,-11,-17,20,16,-13,42,2,31,-11,-17,18,15,-10,45,-3,27,-3,-14,23,13,-8,43,6,23,-13,-23,22,11,-6,44,9,25,-7,-16,15,14,-8,43,6,29,-12,-18,18,16,-7,46,6,25
27.2600,-9,-16,14,11,-4,40,2,26,-10,-16,22,12,-4,35,1,28,-10,-17,17,14,-5,44,5,37,-8,-15,21,16,-6,42,-3,28,-5,-18,20,10,-10,42,6,22,-13,-20,19,13,-11,45,9,28,-11,-17,20,18,-10,45,9,24,-11,-18,19,16,-7,44,8,28
27.2800,-13,-18,23,11,0,43,4,28,-9,-12,20,13,-5,37,5,24,-10,-17,22,17,-11,40,7,36,-2,-18,21,15,-10,41,-1,28,-9,-12,22,14,-7,46,7,25,-8,-16,18,15,-11,41,5,30,-7,-23,20,22,-10,45,7,31,-9,-13,20,12,-6,44,4,29
27.3000,-11,-18,15,14,-5,44,7,28,-11,-14,19,16,-6,38,9,23,-13,-16,19,14,-7,46,0,35,-7,-15,19,9,-9,40,-3,26,-9,-14,16,14,-7,40,4,29,-13,-27,18,14,-11,43,2,28,-4,-15,18,19,-11,47,10,25,-10,-18,16,14,-10,45,5,23
27.3200,-10,-21,20,12,-3,43,5,26,-13,-15,20,14,-7,36,8,24,-17,-18,22,14,-9,47,3,41,-10,-14,19,17,-8,45,-4,29,-7,-15,19,16,-7,44,4,28,-10,-19,18,14,-12,44,4,29,-12,-18,15,22,-10,43,7,23,-12,-14,17,11,-7,42,6,28
27.3400,-7,-16,16,13,-2,45,4,27,-10,-18,14,14,-5,37,10,25,-9,-19,22,15,-9,46,8,34,-9,-16,19,16,-7,44,-2,27,-8,-13,17,12,-10,42,5,22,-8,-21,16,12,-8,46,6,27,-7,-19,18,20,-11,45,6,23,-10,-17,18,14,-7,45,3,31
27.3600,-12,-14,22,14,-1,42,8,23,-9,-14,14,17,-7,39,4,29,-9,-17,20,11,-7,45,7,40,-9,-15,19,12,-8,45,-3,31,-5,-14,19,15,-15,41,7,27,-8,-21,19,14,-9,41,3,31,-9,-16,22,16,-6,42,6,26,-11,-15,22,9,-9,45,10,29
27.3800,-9,-15,20,12,1,45,9,29,-10,-16,18,9,-3,34,5,25,-11,-19,18,17,-10,46,2,37,-7,-19,15,15,-8,43,2,29,-3,-13,18,12,-7,44,1,27,-12,-24,18,15,-7,45,12,26,-5,-21,16,17,-7,43,8,28,-7,-16,16,17,-9,43,6,27
27.4000,-16,-18,18,13,-2,43,9,27,-12,-16,19,13,-7,39,9,27,-13,-19,18,11,-7,42,4,34,-10,-19,18,13,-11,42,-2,27,-8,-20,18,16,-7,45,0,28,-8,-18,22,11,-6,47,3,29,-6,-16,15,14,-6,48,6,26,-11,-17,22,16,-7,45,5,23
27.4200,-11,-22,21,11,-3,44,8,26,-10,-15,19,8,-3,33,5,28,-12,-16,22,16,-8,47,10,33,-6,-21,20,13,-5,39,-5,27,-7,-20,21,11,-8,45,5,26,-13,-21,18,14,-2,44,4,26,-7,-14,18,18,-6,45,7,26,-8,-20,18,13,-9,42,7,27
27.4400,-10,-21,21,17,-4,38,7,32,-15,-15,18,10,-8,38,6,22,-15,-20,15,13,-10,45,6,35,-11,-16,21,12,-10,44,1,31,-6,-19,18,12,-7,42,8,27,-9,-21,17,16,-9,42,5,26,-8,-15,19,15,-11,42,2,26,-9,-16,16,12,-6,44,7,23
27.4600,-11,-12,21,14,0,46,7,27,-8,-17,19,12,-1,33,3,29,-17,-16,20,12,-10,45,4,36,-10,-15,16,16,-9,41,-2,27,-8,-17,18,10,-11,45,6,29,-10,-20,19,10,-11,43,5,33,-5,-15,19,16,-7,47,5,31,-8,-17,12,10,-4,42,5,24
27.4800,-10,-16,14,8,1,42,7,28,-10,-13,18,12,-3,39,3,25,-6,-16,17,15,-7,42,7,35,-11,-15,17,17,-9,43,-6,28,-10,-16,20,14,-12,46,4,28,-9,-18,20,11,-9,46,0,27,-13,-12,18,17,-8,43,7,22,-9,-15,21,15,-10,44,9,30
27.5000,-13,-15,19,12,-3,43,7,29,-10,-15,18,12,-3,39,5,27,-9,-20,18,16,-4,44,8,36,-13,-17,19,16,-8,45,-1,27,-9,-17,21,12,-11,41,4,26,-12,-21,17,14,-8,42,3,30,-14,-16,16,21,-9,40,10,28,-9,-17,16,11,-12,40,7,29
27.5200,-9,-18,16,15,0,40,13,27,-7,-14,18,13,-6,37,4,26,-12,-17,20,15,-10,45,7,36,-13,-20,19,12,-8,40,-6,25,-9,-19,21,10,-11,43,8,23,-10,-21,20,15,-10,48,2,25,-7,-17,17,19,-7,44,11,27,-8,-17,20,17,-7,46,6,27
27.5400,-9,-18,18,10,-1,36,10,24,-9,-14,19,12,-8,37,9,21,-7,-19,18,14,-7,44,8,33,-10,-17,14,10,-6,40,-4,29,-4,-13,19,12,-5,41,7,25,-8,-19,14,15,-7,47,9,26,-10,-17,19,16,-10,43,6,20,-12,-16,18,14,-5,46,10,24
27.5600,-6,-16,21,16,-2,42,5,27,-13,-15,20,16,-5,33,8,26,-11,-21,19,14,-11,45,9,34,-10,-19,18,15,-9,42,-4,26,-6,-16,19,15,-9,42,5,26,-11,-25,20,12,-6,47,2,25,-9,-15,24,16,-7,44,8,28,-12,-15,15,13,-8,45,8,24
27.5800,-7,-19,21,12,2,47,3,26,-13,-15,16,12,-7,36,5,33,-15,-21,16,17,-6,46,6,33,-10,-18,24,15,-10,44,-2,28,-1,-16,15,13,-8,43,5,26,-8,-23,19,12,-8,43,3,28,-11,-22,20,17,-17,45,5,25,-10,-19,20,12,-9,45,3,27
27.6000,-5,-12,20,14,-2,44,6,26,-7,-16,17,14,-9,35,8,24,-14,-22,19,15,-8,43,5,33,-8,-20,18,9,-12,41,-3,23,-4,-21,18,14,-7,46,6,22,-11,-22,15,10,-8,43,3,27,-10,-15,15,21,-11,41,5,29,-10,-21,16,15,-6,47,7,25
27.6200,-8,-16,18,12,-5,36,5,24,-11,-17,18,13,-7,34,4,23,-15,-19,15,17,-6,40,5,32,-11,-22,18,15,-11,39,-5,29,-7,-17,20,13,-11,42,2,26,-11,-21,19,9,-9,43,6,25,-9,-17,14,17,-8,43,8,27,-9,-19,18,11,-4,46,7,24
27.6400,-10,-17,16,14,-7,44,10,29,-10,-16,17,10,-9,39,5,25,-10,-21,20,13,-7,42,4,35,-9,-20,22,14,-10,43,-4,32,-4,-18,21,13,-11,46,6,25,-7,-21,19,10,-8,47,5,25,-10,-17,15,19,-7,44,7,22,-8,-17,21,14,-9,43,6,21
27.6600,-10,-18,16,12,-3,46,6,28,-12,-15,17,12,-10,32,6,24,-10,-18,20,11,-6,41,8,35,-9,-16,20,14,-7,37,-5,27,-5,-16,15,13,-6,44,8,23,-7,-21,17,14,-8,47,5,29,-10,-12,17,17,-10,43,8,25,-10,-18,17,12,-12,42,9,27
27.6800,-8,-16,16,19,-2,39,6,25,-10,-12,19,15,-8,37,7,26,-11,-17,18,13,-12,47,3,36,-8,-22,14,11,-9,43,-5,27,-3,-17,21,10,-13,47,6,25,-8,-24,16,11,-4,48,6,25,-8,-15,18,17,-10,41,4,23,-11,-15,20,8,-8,43,10,26
27.7000,-11,-11,12,16,-3,45,9,25,-9,-13,21,12,-8,35,6,25,-10,-19,18,14,-4,41,5,34,-6,-16,23,14,-10,42,-5,31,-8,-21,19,11,-6,45,5,27,-7,-24,24,8,-12,45,0,23,-10,-16,12,19,-6,45,1,28,-9,-18,18,10,-6,43,5,25
27.7200,-12,-18,13,12,0,46,11,28,-14,-13,18,13,-9,33,6,25,-11,-21,16,12,-8,42,7,36,-6,-19,18,17,-9,40,-3,20,-7,-16,20,16,-5,46,5,29,-12,-17,21,11,-9,45,3,26,-9,-19,16,20,-5,40,6,24,-14,-16,18,9,-8,44,5,27
27.7400,-12,-17,21,14,5,44,6,24,-12,-19,19,15,-8,36,6,24,-13,-16,14,10,-3,43,7,34,-13,-17,19,12,-12,43,-2,29,-10,-17,18,11,-8,46,1,27,-9,-20,17,14,-7,43,3,28,-10,-18,19,19,-10,44,5,23,-10,-19,18,9,-11,46,8,25
27.7600,-10,-18,16,13,2,43,9,24,-10,-16,20,17,-6,35,5,24,-10,-16,14,17,-8,43,7,36,-7,-17,17,18,-9,42,-4,24,-9,-19,19,14,-6,40,3,24,-9,-18,19,15,-6,44,6,28,-12,-16,15,19,-11,44,7,25,-7,-18,21,12,-12,43,7,27
27.7800,-11,-13,21,10,-1,48,7,24,-7,-17,16,15,-6,38,3,26,-10,-16,20,12,-8,46,10,31,-9,-17,16,15,-11,41,-4,29,-6,-19,20,14,-7,47,3,23,-7,-17,15,8,-9,47,-3,25,-7,-14,20,19,-7,40,11,19,-10,-19,19,12,-12,45,8,26
27.8000,-10,-16,19,13,2,45,9,25,-15,-15,18,14,-3,37,5,24,-14,-17,12,11,-7,42,9,36,-9,-18,17,8,-7,41,-5,26,-6,-19,21,11,-6,45,3,25,-8,-21,16,12,-10,46,4,24,-8,-17,19,18,-11,44,7,23,-11,-15,18,15,-7,47,5,28
27.8200,-12,-18,17,12,-2,43,6,31,-16,-16,21,13,-8,38,6,24,-12,-21,20,8,-8,42,3,37,-9,-15,21,14,-9,42,-5,27,-6,-19,19,10,-5,42,6,28,-7,-27,16,9,-10,46,7,25,-9,-21,15,17,-11,45,8,23,-10,-17,19,11,-10,43,6,27
27.8400,-5,-15,15,12,-4,43,10,27,-11,-18,17,14,-8,35,7,25,-11,-14,15,16,-6,46,8,34,-6,-14,15,10,-9,39,-1,28,-4,-14,17,12,-6,43,8,25,-7,-19,17,9,-11,38,2,23,-8,-14,16,20,-6,38,5,21,-11,-16,15,12,-8,45,7,26
27.8600,-3,-16,19,17,-2,41,7,24,-9,-14,15,14,-6,36,6,28,-13,-17,16,12,-7,45,7,35,-8,-17,14,18,-10,40,-2,22,-5,-19,13,12,-6,45,9,25,-11,-18,19,16,-8,44,5,20,-6,-17,16,17,-8,45,7,25,-5,-16,15,14,-6,42,6,24
27.8800,-9,-20,16,9,-2,43,10,29,-12,-14,18,6,-1,38,4,25,-10,-18,15,13,-5,42,4,35,-6,-16,16,14,-13,43,-5,25,-7,-16,18,14,-5,43,4,21,-9,-18,15,8,-10,44,7,21,-9,-16,17,19,-5,43,2,25,-11,-21,17,12,-6,46,8,23
27.9000,-9,-16,20,17,-4,42,15,24,-12,-13,17,11,-7,34,6,27,-13,-15,20,17,-5,44,5,35,-3,-20,20,16,-14,42,-4,24,-10,-17,16,11,-10,43,1,23,-7,-21,16,14,-8,42,7,22,-12,-19,19,20,-3,45,1,26,-10,-17,21,11,-12,44,1,26
27.9200,-9,-17,15,14,0,43,10,26,-12,-20,18,12,-10,36,4,23,-12,-18,17,12,-5,42,7,35,-8,-21,18,11,-10,41,-1,24,-2,-19,17,13,-10,44,2,25,-8,-20,14,11,-9,42,2,16,-7,-15,17,17,-9,44,6,24,-12,-22,16,12,-10,42,5,24
27.9400,-10,-21,17,11,-4,41,10,24,-11,-14,18,13,-6,39,4,23,-7,-19,12,12,-11,47,7,33,-6,-17,16,17,-10,41,-2,22,-7,-20,15,12,-13,40,3,27,-7,-20,16,12,-9,44,3,22,-9,-17,12,15,-9,45,4,28,-9,-18,20,14,-10,45,5,23
27.9600,-7,-20,14,13,-5,43,7,23,-10,-18,19,9,-8,35,6,18,-12,-15,17,13,-5,43,5,36,-10,-24,22,8,-11,43,-1,28,-11,-18,16,10,-6,42,3,25,-7,-18,18,14,-13,46,4,27,-10,-15,15,17,-10,45,5,24,-7,-21,15,14,-5,42,5,27
27.9800,-10,-19,19,6,-4,44,9,31,-13,-18,22,15,-4,36,3,22,-11,-19,16,13,-7,41,5,34,-7,-21,17,11,-8,38,-3,26,-7,-16,19,13,-8,46,8,21,-8,-24,18,11,-10,43,6,25,-6,-15,19,18,-11,42,7,18,-10,-21,12,13,-9,43,8,22
28.0000,-10,-17,19,15,-5,44,7,29,-12,-16,11,12,-8,36,7,21,-7,-13,19,13,-9,44,4,33,-6,-17,20,13,-14,41,-1,27,-7,-14,16,14,-7,43,5,23,-12,-20,19,12,-12,44,5,25,-8,-18,17,16,-10,45,4,20,-12,-14,18,15,-8,40,7,24
28.0200,-9,-19,20,13,2,40,8,24,-11,-10,12,11,-9,34,7,25,-14,-23,15,12,-7,44,6,36,-7,-15,20,11,-12,39,-5,23,-4,-16,19,13,-6,40,8,25,-14,-24,16,11,-4,45,4,24,-11,-15,14,17,-11,43,7,27,-12,-16,18,14,-13,42,6,25
28.0400,-6,-20,16,14,3,44,11,25,-8,-18,12,13,-13,39,0,28,-5,-18,18,11,-8,45,7,27,-6,-21,18,10,-13,46,-4,25,-7,-16,16,14,-9,46,6,26,-10,-20,17,12,-9,42,5,25,-11,-20,20,16,-7,41,5,22,-7,-20,20,13,-9,46,4,23
28.0600,-6,-22,14,12,-2,43,11,28,-7,-15,19,12,-7,39,1,27,-12,-20,18,13,-7,42,7,31,-11,-16,13,11,-9,40,-4,24,-8,-14,18,12,-9,43,10,24,-15,-17,18,11,-8,46,5,22,-10,-16,18,19,-8,42,7,26,-12,-22,16,7,-10,45,6,28
28.0800,-15,-14,19,15,-3,45,9,26,-10,-16,15,15,-4,38,6,27,-14,-17,14,14,-8,44,7,35,-11,-18,17,11,-10,41,0,20,-3,-19,15,15,-8,43,4,21,-12,-23,14,11,-8,46,4,24,-11,-19,16,15,-10,46,8,25,-11,-11,16,9,-11,42,4,24
28.1000,-8,-21,19,11,-5,44,10,29,-10,-15,17,8,-8,35,5,18,-12,-22,18,12,-9,43,5,34,-6,-22,19,13,-10,42,-5,19,-7,-20,18,11,-10,47,10,23,-5,-22,15,13,-5,44,1,25,-13,-15,14,19,-8,46,6,25,-12,-22,19,9,-4,45,1,20
28.1200,-7,-17,16,12,1,41,9,29,-10,-16,21,5,-8,33,3,20,-9,-21,20,10,-4,44,1,35,-7,-18,19,15,-12,40,1,24,-5,-21,17,11,-8,47,12,24,-8,-20,15,13,-9,43,6,23,-11,-17,12,20,-2,46,4,25,-11,-22,16,13,-10,43,7,26
28.1400,-9,-18,18,10,-4,41,10,31,-11,-14,18,12,-11,34,2,18,-11,-19,15,12,-6,44,7,31,-8,-20,18,9,-9,39,-1,22,-9,-16,13,11,-8,41,5,26,-11,-26,17,9,-10,43,3,25,-7,-15,17,18,-9,43,6,24,-5,-20,12,12,-11,40,7,24
28.1600,-11,-16,16,11,1,44,10,25,-8,-15,16,9,-10,35,1,21,-12,-21,13,15,-8,42,3,34,-9,-19,13,11,-11,39,0,20,-6,-14,14,12,-6,47,5,24,-8,-23,13,11,-6,47,3,23,-9,-15,13,15,-9,46,6,25,-8,-22,18,14,-6,46,6,26
28.1800,-12,-20,17,12,-1,46,7,25,-13,-16,14,17,-8,35,3,24,-13,-19,17,12,-6,45,9,34,-8,-19,17,13,-8,44,-3,22,-9,-15,16,11,-9,43,7,20,-6,-21,14,11,-7,42,5,25,-10,-20,17,18,-8,44,6,18,-9,-21,17,9,-4,43,9,23
28.2000,-6,-15,17,11,-4,47,7,25,-11,-19,11,10,-8,35,-2,23,-10,-15,15,10,-7,43,7,29,-12,-15,15,11,-11,41,-9,23,-7,-15,16,10,-10,43,9,25,-10,-20,14,14,-9,47,7,22,-7,-19,15,19,-13,41,8,26,-6,-17,17,16,-11,46,4,24
28.2200,-8,-18,15,8,-6,51,12,24,-15,-12,17,7,-8,35,4,19,-12,-17,15,13,-8,44,11,33,-10,-16,15,13,-8,39,0,20,-7,-20,17,12,-8,45,12,22,-12,-17,15,10,-8,42,0,19,-13,-19,15,15,-9,43,7,23,-9,-19,15,10,-10,42,5,23
28.2400,-10,-14,14,17,3,41,10,29,-12,-16,16,6,-6,35,3,22,-12,-19,22,9,-5,46,4,34,-9,-18,16,15,-12,41,-4,22,-5,-18,15,9,-7,45,1,22,-11,-19,20,9,-9,44,3,21,-12,-17,11,18,-7,45,8,27,-13,-21,14,15,-9,46,10,22
28.2600,-7,-19,15,16,-2,43,12,24,-10,-18,15,9,-4,35,3,21,-11,-23,18,17,-7,47,7,34,-10,-22,17,8,-12,38,-1,21,-9,-16,17,11,-4,43,7,22,-11,-23,15,10,-11,43,2,20,-11,-19,13,16,-12,43,4,23,-11,-17,14,15,-10,43,7,28
28.2800,-9,-17,16,10,-2,41,9,28,-12,-17,17,15,-11,34,2,22,-11,-15,14,13,-8,43,5,34,-4,-20,13,11,-6,37,-2,22,-5,-18,21,9,-5,42,8,27,-8,-26,14,13,-12,40,4,19,-12,-20,15,19,-8,41,5,24,-11,-15,15,6,-4,43,1,28
28.3000,-8,-17,11,8,2,44,10,29,-13,-20,13,15,-6,35,6,22,-11,-23,17,13,0,43,7,35,-11,-19,19,11,-8,42,-1,25,-9,-16,14,8,-10,44,10,26,-9,-22,15,8,-9,39,0,21,-6,-17,14,19,-7,44,8,22,-13,-17,23,7,-7,38,6,22
28.3200,-13,-16,16,10,-3,40,7,26,-12,-17,15,9,-7,34,3,23,-8,-19,19,10,-4,43,7,32,-6,-19,15,8,-9,40,-4,18,-8,-19,13,8,-11,44,7,24,-10,-21,16,12,-8,44,2,25,-10,-15,12,13,-7,43,8,20,-10,-25,15,9,-12,40,5,23
28.3400,-9,-18,13,11,-3,42,12,26,-9,-17,13,9,-11,33,0,25,-12,-17,16,12,-8,43,9,34,-8,-22,12,13,-10,38,-2,23,-6,-16,21,12,-9,47,4,21,-11,-20,19,13,-13,42,3,21,-13,-19,17,20,-10,41,5,24,-8,-17,17,8,-6,45,4,23
28.3600,-5,-16,15,12,-3,42,12,29,-12,-20,14,11,-12,36,7,25,-14,-16,12,12,-3,42,5,32,-10,-20,14,10,-12,40,-2,21,-6,-14,15,14,-12,43,9,23,-8,-21,17,7,-10,43,1,24,-11,-19,9,15,-10,45,6,28,-9,-22,15,13,-5,43,7,21
28.3800,-13,-16,13,10,-6,38,5,26,-8,-16,13,10,-10,37,4,24,-11,-18,13,12,-6,42,4,28,-11,-22,16,13,-12,41,2,23,-6,-19,15,12,-8,44,7,21,-12,-23,16,10,-6,42,5,22,-14,-22,14,19,-10,46,5,23,-7,-17,18,11,-9,43,8,23
28.4000,-13,-18,19,14,-3,43,10,29,-8,-15,20,8,-9,33,5,21,-13,-17,18,13,-4,43,11,34,-11,-21,19,14,-13,42,-4,23,-11,-17,15,10,-11,41,10,20,-8,-24,13,9,-8,43,5,22,-10,-15,14,17,-7,41,7,20,-10,-23,15,10,-11,42,8,23
28.4200,-12,-16,18,11,-3,41,11,27,-11,-17,15,10,-10,35,2,20,-9,-16,16,15,-4,43,8,33,-11,-22,14,10,-10,39,-4,24,-8,-16,16,14,-14,43,4,20,-9,-20,11,15,-10,43,3,24,-7,-14,14,18,-6,45,6,23,-12,-20,15,11,-9,40,9,25
28.4400,-9,-17,17,11,-3,44,10,29,-9,-19,16,12,-6,35,3,19,-9,-19,12,9,-6,44,5,31,-12,-21,18,4,-12,40,-3,30,-3,-17,16,8,-10,44,7,24,-5,-19,18,10,-10,43,2,21,-9,-9,15,15,-6,47,8,20,-9,-14,13,16,-8,44,7,24
28.4600,-11,-16,13,11,-3,44,7,29,-12,-16,20,10,-10,33,0,23,-8,-16,17,11,-9,43,12,34,-11,-16,18,18,-11,40,-4,23,-6,-18,12,14,-9,41,4,22,-10,-25,12,17,-7,42,2,20,-12,-19,15,17,-4,46,5,22,-10,-16,14,11,-8,39,7,23
28.4800,-10,-20,16,10,2,43,10,28,-15,-14,15,11,-10,31,0,22,-9,-19,17,12,0,47,6,35,-8,-25,15,14,-12,39,-4,25,-6,-18,14,12,-8,40,8,23,-10,-22,13,11,-9,40,8,21,-8,-20,15,20,-8,45,5,20,-9,-20,16,11,-8,44,5,23
28.5000,-13,-17,13,11,2,43,9,27,-7,-14,11,12,-10,32,2,27,-15,-22,14,12,-6,47,6,35,-8,-24,10,12,-10,40,-6,24,-9,-21,12,14,-6,44,4,26,-9,-23,13,12,-4,44,5,22,-10,-21,17,16,-12,40,7,24,-9,-20,18,14,-12,45,8,21
28.5200,-11,-20,11,12,2,43,11,22,-11,-20,19,10,-9,36,1,21,-8,-18,13,13,-5,43,9,31,-14,-19,15,12,-11,39,-1,25,-8,-18,14,9,-10,40,5,23,-7,-21,16,11,-9,44,4,18,-8,-16,15,21,-11,43,2,21,-9,-17,13,9,-13,40,6,22
28.5400,-10,-17,13,9,0,44,11,26,-10,-16,19,14,-9,35,3,26,-9,-17,15,13,-7,41,9,35,-9,-20,17,13,-6,40,-6,22,-7,-18,13,8,-5,47,7,23,-7,-26,15,6,-10,44,6,22,-9,-16,13,21,-9,41,8,19,-11,-16,16,8,-10,44,5,24
28.5600,-11,-16,15,16,-1,47,10,21,-10,-15,16,8,-9,35,-2,22,-13,-19,18,8,-6,44,6,30,-10,-18,14,11,-12,40,-3,21,-3,-13,16,11,-13,46,6,22,-8,-25,11,11,-6,40,0,18,-12,-18,11,15,-7,42,8,21,-11,-18,13,12,-14,45,4,21
28.5800,-6,-16,18,9,-4,43,12,23,-14,-15,16,13,-7,32,2,25,-12,-15,15,18,-6,42,6,30,-12,-22,15,13,-11,38,-5,20,-7,-18,14,8,-11,44,10,26,-8,-20,10,10,-10,44,8,21,-5,-17,13,17,-7,42,4,24,-5,-18,8,11,-7,45,6,24
28.6000,-11,-19,17,14,-4,51,8,22,-10,-19,17,9,-4,31,0,24,-9,-19,18,13,-7,43,6,31,-14,-19,16,10,-13,40,-4,21,-4,-17,13,10,-4,42,10,25,-7,-21,14,10,-9,49,2,24,-12,-18,8,15,-6,40,7,24,-13,-17,13,10,-12,43,5,21
28.6200,-9,-20,11,12,-6,45,10,23,-12,-19,15,13,-11,37,2,27,-6,-16,12,12,-6,43,13,31,-9,-24,15,16,-13,36,-2,22,-4,-20,15,15,-14,41,8,23,-10,-19,14,13,-14,43,3,22,-6,-22,12,17,-8,41,8,21,-9,-18,19,11,-6,45,10,21
28.6400,-9,-20,14,14,1,41,8,25,-10,-17,15,11,-8,30,3,24,-12,-15,15,11,-7,45,5,33,-9,-17,11,10,-7,42,-4,23,-5,-14,21,7,-12,44,7,21,-8,-20,13,13,-9,43,6,21,-7,-22,12,14,-9,46,6,21,-9,-16,13,10,-9,42,2,23
28.6600,-8,-19,13,12,-3,43,10,26,-14,-15,17,15,-12,34,1,22,-12,-19,12,11,-7,46,8,33,-8,-19,10,11,-13,36,-3,25,-4,-17,15,13,-8,41,13,25,-7,-21,14,13,-12,43,1,20,-10,-20,14,18,-5,38,11,24,-10,-16,12,9,-7,41,9,26
28.6800,-7,-20,17,13,2,44,11,23,-13,-21,15,8,-12,33,0,22,-12,-17,13,11,-5,44,6,32,-10,-24,10,10,-12,39,1,21,-4,-20,9,9,-13,44,8,23,-6,-22,13,11,-7,45,-1,22,-7,-18,12,16,-6,40,6,24,-7,-17,15,10,-11,42,7,26
28.7000,-12,-23,12,10,0,43,10,25,-11,-16,13,12,-8,33,1,17,-11,-20,11,12,-8,41,8,32,-12,-18,15,6,-10,41,-3,20,-5,-16,14,9,-15,40,5,26,-10,-22,8,11,-10,43,1,23,-6,-17,15,18,-9,42,11,24,-12,-23,14,15,-8,47,3,20
28.7200,-9,-20,10,11,-2,45,8,27,-15,-18,17,12,-10,31,5,25,-10,-12,11,13,-7,42,7,36,-6,-21,12,8,-12,38,-3,21,-5,-16,9,15,-6,44,8,23,-7,-24,12,12,-10,44,3,21,-7,-16,15,17,-8,40,4,23,-9,-18,12,10,-12,42,4,20
28.7400,-15,-19,15,8,-4,43,11,21,-8,-22,15,11,-9,30,5,19,-10,-17,16,7,-9,38,11,34,-10,-22,15,6,-10,40,-4,22,-5,-13,14,10,-10,42,8,22,-10,-24,13,5,-4,44,4,22,-6,-21,11,13,-8,39,6,22,-12,-19,13,9,-12,43,8,20
28.7600,-6,-20,15,12,0,41,10,29,-15,-20,15,8,-7,32,3,24,-10,-15,14,10,0,43,12,31,-11,-20,10,12,-13,42,-1,24,-4,-21,13,9,-12,41,7,22,-9,-20,18,8,-7,42,5,18,-10,-18,9,15,-8,44,9,23,-8,-19,13,13,-8,46,2,23
28.7800,-8,-13,16,8,1,45,10,32,-12,-18,13,8,-4,37,0,25,-16,-17,10,14,-9,43,10,34,-9,-23,15,11,-14,37,0,24,-2,-19,14,13,-9,43,6,20,-7,-22,11,10,-6,42,5,18,-9,-18,15,16,-6,41,11,21,-14,-21,12,8,-11,43,4,25
28.8000,-6,-20,15,11,0,47,11,23,-12,-19,10,12,-10,35,1,22,-9,-18,10,6,-6,44,8,31,-10,-23,12,9,-11,36,-2,23,-6,-18,15,10,-9,41,7,22,-8,-24,12,8,-11,46,6,20,-7,-24,17,15,-12,41,12,25,-8,-19,14,8,-10,37,7,28
28.8200,-13,-18,13,6,-4,47,9,27,-11,-17,10,10,-11,32,3,24,-13,-15,13,11,-5,42,8,31,-12,-21,12,11,-11,35,-4,24,-5,-18,11,9,-7,43,2,23,-7,-24,12,14,-15,43,4,25,-9,-19,13,17,-13,40,7,22,-10,-17,17,7,-11,41,3,25
28.8400,-5,-21,12,11,-4,41,10,25,-13,-15,10,9,-13,32,-2,22,-13,-15,13,12,-5,39,8,37,-7,-21,14,8,-13,35,1,21,-4,-17,17,11,-9,45,6,23,-12,-22,8,10,-8,45,-1,25,-13,-22,14,16,-10,42,6,24,-11,-20,10,12,-11,43,4,22
28.8600,-6,-19,11,12,-3,45,3,26,-10,-23,10,9,-9,38,2,21,-14,-15,13,10,-7,45,7,29,-8,-20,13,7,-12,34,0,18,-4,-21,11,8,-7,42,7,23,-7,-22,10,7,-8,46,2,24,-10,-22,12,15,-10,42,8,29,-8,-17,16,10,-7,40,7,24
28.8800,-7,-22,12,9,0,44,12,28,-10,-14,10,8,-13,31,2,20,-9,-19,11,10,-8,43,9,30,-11,-21,6,10,-15,39,-4,20,-2,-20,11,9,-11,46,7,25,-12,-24,15,9,-9,44,5,21,-8,-19,13,20,-9,42,7,21,-9,-18,15,10,-10,42,3,21
28.9000,-11,-17,17,9,4,43,9,24,-9,-20,11,7,-12,27,3,22,-13,-16,13,12,-4,44,12,29,-11,-24,10,8,-10,35,1,21,-6,-19,11,14,-9,44,7,20,-7,-23,15,12,-11,44,2,19,-10,-19,14,16,-9,41,2,19,-11,-17,13,7,-13,46,8,18
28.9200,-9,-18,13,8,-5,37,12,29,-14,-16,15,10,-6,36,-3,21,-8,-16,15,14,-7,43,11,30,-8,-19,14,9,-10,37,-5,23,-3,-17,11,11,-8,43,12,22,-9,-23,15,3,-11,48,3,21,-13,-21,10,18,-10,41,5,23,-10,-17,10,14,-11,44,6,18
28.9400,-9,-19,17,9,-4,44,11,28,-13,-20,10,12,-14,33,3,25,-7,-17,14,11,-8,42,8,32,-12,-22,11,13,-14,40,0,17,-4,-15,14,9,-10,42,2,21,-8,-25,13,7,-9,39,2,20,-5,-22,13,20,-11,42,5,18,-8,-19,14,9,-10,38,9,20
28.9600,-11,-16,15,9,1,41,8,24,-9,-18,14,9,-15,31,1,21,-9,-20,12,11,-4,40,8,28,-12,-20,14,11,-11,35,-5,21,-2,-19,10,11,-8,44,9,21,-15,-21,9,9,-9,40,1,18,-10,-17,17,22,-14,44,9,25,-14,-19,15,14,-12,42,2,22
28.9800,-6,-18,12,7,-3,47,6,28,-8,-18,13,11,-8,37,3,20,-9,-15,13,11,-7,42,5,34,-12,-22,15,14,-13,38,-8,19,-3,-21,12,10,-7,41,10,22,-10,-22,12,6,-10,45,2,20,-13,-17,10,19,-9,45,3,24,-8,-21,13,10,-9,41,6,22
29.0000,-12,-26,16,9,-2,44,12,23,-11,-20,12,7,-7,34,4,22,-12,-17,9,9,-11,40,6,33,-10,-22,9,8,-12,40,-4,20,0,-19,11,11,-9,44,6,21,-9,-19,11,8,-6,43,4,21,-9,-17,9,13,-13,44,8,25,-10,-17,13,12,-7,43,6,23
29.0200,-7,-21,14,11,-4,46,12,24,-4,-21,11,10,-6,36,5,26,-10,-20,18,12,-8,44,6,31,-10,-26,12,7,-13,39,-3,22,-4,-23,12,9,-11,43,9,21,-7,-25,8,12,-6,42,1,15,-8,-21,9,16,-7,42,11,18,-11,-20,9,7,-10,41,5,20
29.0400,-9,-16,14,13,-1,46,10,25,-6,-16,17,12,-13,32,3,23,-8,-19,12,15,-1,39,4,33,-11,-22,14,10,-16,33,-1,20,-5,-21,10,8,-9,41,10,22,-10,-27,14,7,-10,39,6,14,-8,-17,13,17,-10,39,3,23,-9,-19,10,7,-12,47,7,21
29.0600,-8,-18,12,12,-2,42,9,26,-15,-23,12,10,-13,33,2,23,-9,-20,14,12,-3,41,9,30,-10,-22,14,10,-11,37,-3,19,-1,-22,13,12,-5,44,9,20,-8,-21,14,8,-9,36,3,19,-12,-18,11,19,-10,45,4,24,-6,-21,11,11,-10,41,6,21
29.0800,-8,-18,12,5,-6,45,12,26,-10,-16,11,7,-12,33,0,19,-9,-17,12,9,-6,42,4,31,-7,-19,12,7,-10,38,-2,23,-11,-18,10,7,-8,46,6,22,-10,-25,12,13,-8,39,5,17,-9,-20,10,17,-4,45,9,21,-8,-25,12,9,-8,41,2,21
29.1000,-15,-18,12,9,-4,43,9,26,-12,-16,12,9,-12,31,3,19,-10,-18,11,8,-6,35,9,32,-10,-24,12,12,-8,37,-1,20,-6,-21,11,5,-7,42,8,19,-7,-20,13,10,-7,38,3,16,-15,-21,17,18,-9,42,6,22,-8,-22,9,9,-7,40,3,21
29.1200,-6,-23,11,12,-4,37,7,23,-12,-18,12,8,-9,35,3,18,-12,-19,10,12,-5,39,12,27,-8,-21,13,11,-13,36,-6,19,-4,-24,5,7,-7,41,11,20,-7,-21,15,4,-9,41,5,21,-8,-19,9,18,-9,39,10,22,-6,-23,9,9,-10,39,6,20
29.1400,-9,-24,13,8,-2,46,11,20,-12,-22,13,8,-13,32,0,25,-10,-18,12,9,-3,43,8,31,-8,-24,10,9,-11,35,-5,22,-5,-16,16,8,-8,41,10,23,-5,-25,11,12,-11,43,-1,22,-11,-18,12,20,-9,40,5,19,-12,-18,12,11,-7,44,10,18
29.1600,-11,-23,11,8,-3,46,9,23,-8,-18,11,13,-9,33,5,20,-4,-17,13,16,-3,44,11,29,-13,-22,13,7,-10,39,-5,22,-5,-17,11,10,-8,42,11,24,-8,-23,15,8,-6,40,3,14,-11,-17,10,18,-8,38,9,25,-9,-16,13,9,-13,42,12,19
29.1800,-8,-20,12,7,-5,43,15,24,-12,-19,9,8,-10,35,4,16,-10,-17,10,13,-3,38,10,30,-12,-24,11,13,-11,40,-2,19,-6,-16,10,8,-10,41,8,19,-8,-21,13,7,-13,42,-1,14,-10,-13,10,17,-4,43,9,19,-10,-22,10,9,-10,37,12,22
29.2000,-9,-20,15,9,0,42,11,24,-7,-16,6,9,-15,31,-2,21,-9,-18,10,5,-1,43,6,28,-14,-23,11,13,-12,39,-3,18,-3,-16,16,8,-11,42,8,20,-4,-18,10,7,-8,39,1,22,-9,-17,10,21,-8,41,7,22,-10,-21,9,8,-11,41,9,20
29.2200,-11,-22,12,9,-6,45,8,24,-16,-20,13,6,-12,35,6,25,-7,-16,10,14,-5,39,9,29,-14,-27,12,14,-13,38,-3,16,-3,-18,11,9,-11,44,16,20,-8,-22,16,10,-7,39,5,19,-11,-16,13,19,-6,44,3,26,-12,-21,14,12,-11,43,9,24
29.2400,-9,-17,13,9,2,42,11,21,-14,-23,11,13,-15,30,2,23,-9,-18,10,14,-7,44,9,32,-9,-20,12,8,-11,34,-4,18,-3,-20,13,7,-14,42,6,17,-9,-22,13,15,-7,42,4,18,-9,-17,12,18,-6,41,9,20,-13,-22,11,8,-9,41,12,22
29.2600,-8,-20,8,15,1,45,6,26,-13,-20,12,10,-12,28,2,20,-7,-13,11,10,-4,43,10,31,-10,-22,14,7,-11,38,-3,21,-6,-21,14,11,-8,41,5,25,-8,-21,9,9,-9,39,0,17,-11,-17,7,18,-10,42,3,20,-10,-19,16,8,-10,40,5,18
29.2800,-8,-22,9,9,-4,40,6,23,-12,-22,15,8,-9,31,2,18,-9,-15,11,12,-4,41,13,30,-10,-24,17,11,-17,36,-3,23,-2,-19,10,10,-9,45,13,23,-9,-25,7,11,-8,42,3,18,-10,-17,8,20,-8,40,5,22,-7,-20,12,10,-10,40,4,22
29.3000,-11,-20,12,8,1,43,6,25,-8,-15,10,10,-11,31,2,20,-10,-19,16,14,-7,41,9,31,-9,-22,17,6,-11,35,-4,16,-4,-16,13,11,-15,39,7,19,-6,-25,11,8,-9,41,4,21,-7,-17,10,17,-9,44,10,20,-11,-22,11,8,-10,39,7,18
29.3200,-8,-18,10,11,1,50,11,27,-10,-15,4,11,-10,31,7,16,-5,-15,14,10,-6,43,12,30,-11,-22,14,12,-12,38,-2,20,-3,-18,11,12,-12,44,7,19,-6,-24,11,8,-7,41,5,15,-9,-17,13,16,-5,37,8,18,-11,-20,9,7,-10,43,3,18
29.3400,-12,-17,11,7,1,45,9,22,-9,-22,12,6,-9,37,5,18,-12,-17,15,13,-6,41,11,29,-9,-24,12,9,-10,38,-4,18,-4,-19,12,7,-7,41,9,20,-8,-28,15,10,-10,43,2,15,-9,-20,12,15,-9,43,3,21,-8,-20,13,7,-7,41,5,21
29.3600,-10,-20,9,9,-2,41,14,31,-7,-19,9,10,-8,29,4,21,-10,-14,10,8,-6,41,12,33,-11,-22,13,7,-8,37,-2,19,-4,-23,12,12,-5,43,10,20,-9,-28,12,9,-7,40,3,17,-12,-17,11,18,-6,42,6,20,-12,-19,7,7,-8,41,4,24
29.3800,-11,-20,10,8,-3,43,10,21,-10,-21,10,8,-11,32,2,20,-9,-15,12,9,-7,44,12,29,-12,-21,13,11,-10,33,-6,19,-3,-18,12,6,-7,42,9,21,-8,-25,12,9,-8,41,3,20,-11,-19,9,20,-7,41,7,19,-7,-20,12,8,-5,41,8,25
29.4000,-7,-22,14,6,-3,45,13,24,-10,-20,12,10,-12,28,1,20,-13,-14,12,8,-4,39,6,31,-12,-21,13,8,-11,37,-1,18,-8,-19,17,10,-6,46,10,20,-4,-23,11,9,-6,38,-1,20,-10,-20,14,24,-12,42,9,19,-10,-21,10,5,-9,39,7,21
29.4200,-9,-17,11,5,-3,47,9,20,-7,-19,10,6,-13,34,0,20,-8,-17,11,9,-4,40,8,33,-11,-23,10,11,-15,37,1,15,-3,-21,12,7,-9,42,8,22,-7,-23,10,9,-7,42,1,18,-13,-21,11,20,-7,39,9,17,-9,-20,13,10,-13,42,4,20
29.4400,-6,-19,14,6,-1,45,9,24,-10,-25,13,12,-10,34,5,20,-7,-22,15,10,-7,40,4,27,-11,-21,10,11,-10,36,-2,16,-3,-18,7,7,-7,46,7,23,-10,-25,9,7,-11,37,-2,18,-11,-20,9,17,-11,39,8,18,-10,-21,11,9,-8,40,7,18
29.4600,-8,-21,10,10,1,44,9,28,-12,-19,9,10,-11,32,-3,19,-9,-18,12,4,-6,42,7,28,-11,-20,10,8,-7,36,-1,20,-4,-21,18,9,-7,43,11,20,-6,-23,8,7,-10,41,1,18,-10,-18,11,16,-11,39,6,16,-12,-19,9,10,-16,37,5,24
29.4800,-11,-22,7,9,2,45,7,23,-13,-18,12,5,-14,32,4,20,-13,-19,12,7,-6,42,11,29,-15,-23,8,5,-11,39,-3,16,-2,-18,13,11,-7,42,8,21,-9,-28,11,6,-10,40,3,14,-15,-21,10,17,-8,42,9,18,-9,-22,9,7,-15,37,8,18
29.5000,-10,-23,15,8,1,38,9,23,-9,-21,15,8,-10,33,1,20,-9,-21,11,7,-2,44,6,30,-9,-23,9,6,-17,38,-3,15,3,-23,12,9,-11,41,14,18,-7,-24,12,9,-10,42,5,19,-11,-18,11,19,-15,45,6,17,-7,-19,9,7,-11,40,4,19
29.5200,-10,-21,11,3,3,41,10,23,-8,-17,10,5,-16,33,1,18,-8,-21,8,8,-3,41,7,31,-9,-26,11,8,-12,34,-2,17,-6,-21,11,4,-8,42,6,17,-9,-22,9,12,-4,45,0,16,-11,-19,10,19,-15,37,9,19,-8,-17,10,4,-8,42,5,18
29.5400,-10,-21,9,8,1,48,9,22,-11,-17,11,5,-10,31,3,17,-10,-18,13,8,-9,40,8,32,-11,-23,8,7,-11,37,-3,17,0,-19,7,8,-8,39,15,23,-8,-25,14,7,-7,39,6,18,-7,-18,11,22,-10,41,5,19,-11,-18,8,8,-9,41,3,17
29.5600,-9,-21,10,11,-1,45,10,24,-9,-21,13,8,-16,30,2,18,-11,-19,11,11,-9,41,5,30,-5,-21,13,9,-14,38,-6,18,-3,-21,10,11,-10,47,10,22,-9,-21,9,10,-7,42,3,22,-12,-19,13,18,-6,39,7,21,-13,-21,12,9,-9,40,8,18
29.5800,-15,-22,10,9,-1,41,8,22,-10,-21,9,9,-9,31,-1,17,-16,-21,5,10,-5,41,9,29,-10,-25,9,10,-10,38,0,14,-4,-22,11,7,-10,41,8,24,-10,-26,9,9,-12,44,4,16,-9,-20,5,19,-10,41,5,19,-7,-19,12,10,-6,40,7,17
29.6000,-8,-18,10,9,-3,43,11,22,-15,-20,13,8,-10,30,2,24,-13,-16,12,7,-6,42,7,27,-13,-22,6,8,-14,35,-2,18,-4,-16,13,11,-13,39,8,18,-2,-23,7,11,-7,43,2,20,-12,-19,9,19,-7,39,5,19,-9,-22,15,10,-6,39,7,19
29.6200,-7,-23,12,10,0,43,9,20,-12,-23,7,8,-11,33,0,17,-11,-22,9,7,-7,39,11,28,-8,-23,8,4,-12,37,0,13,-4,-21,13,8,-10,43,9,19,-3,-25,8,12,-7,38,3,15,-11,-20,10,20,-10,35,5,19,-4,-18,13,9,-13,43,6,21
29.6400,-11,-19,11,9,-2,47,12,22,-10,-19,12,6,-14,32,4,17,-13,-16,10,6,-7,39,10,26,-8,-23,6,5,-14,34,-2,16,-3,-19,8,7,-10,38,5,21,-6,-26,6,10,-7,44,4,16,-9,-22,9,16,-12,37,7,22,-11,-20,15,3,-7,44,7,17
29.6600,-11,-29,7,7,-5,40,7,16,-14,-17,8,10,-13,37,2,20,-9,-17,9,13,-4,41,8,28,-10,-18,5,5,-9,33,0,21,-5,-20,10,6,-11,42,6,23,-9,-25,10,10,-6,42,2,19,-10,-20,11,18,-15,41,8,25,-10,-19,10,9,-15,44,5,20
29.6800,-12,-20,11,6,-2,43,11,24,-7,-19,4,8,-15,37,4,19,-9,-17,5,9,-7,43,9,27,-12,-24,9,8,-9,36,-3,15,-6,-20,8,8,-10,39,4,21,-7,-24,11,6,-14,41,-2,18,-6,-22,8,14,-12,41,3,20,-10,-20,11,8,-12,38,12,18
29.7000,-6,-24,10,9,-3,45,6,24,-11,-22,10,11,-13,35,7,20,-9,-15,13,9,-6,37,7,26,-13,-24,4,12,-13,38,-8,19,-3,-20,10,11,-10,41,8,18,-8,-23,10,10,-7,39,4,18,-11,-22,10,21,-8,42,9,19,-11,-18,10,8,-8,41,7,20
29.7200,-10,-22,9,3,-1,46,10,23,-10,-20,13,8,-10,31,5,17,-12,-17,13,8,-10,41,9,27,-8,-21,8,7,-16,38,-6,17,-8,-22,14,9,-11,43,13,18,-5,-23,9,13,-8,36,3,16,-15,-19,7,19,-12,42,5,21,-8,-20,10,7,-11,43,7,15
29.7400,-8,-22,3,9,-1,42,5,21,-5,-15,12,5,-12,30,0,17,-8,-17,9,7,-9,41,10,29,-12,-28,11,6,-13,36,-9,17,-7,-20,6,8,-13,41,7,23,-10,-25,9,8,-5,43,3,19,-7,-17,6,22,-13,40,3,23,-8,-23,7,7,-6,42,5,19
29.7600,-10,-20,7,6,-2,42,5,21,-11,-18,7,12,-14,32,-1,21,-11,-19,10,9,-11,43,7,24,-9,-27,8,9,-14,39,-3,14,-2,-16,6,9,-5,42,11,24,-8,-21,7,9,-7,37,8,19,-11,-20,7,19,-7,41,8,23,-6,-22,8,7,-13,43,10,18
29.7800,-8,-18,6,7,-3,43,13,21,-12,-20,13,6,-13,31,3,22,-10,-21,8,11,-7,42,12,25,-9,-23,10,11,-13,35,-3,22,-6,-21,10,10,-12,43,7,18,-10,-23,8,6,-8,35,8,18,-11,-21,10,20,-14,40,5,21,-8,-22,9,11,-7,40,6,17
29.8000,-12,-24,8,8,-4,42,12,23,-10,-20,9,8,-12,30,6,17,-10,-16,10,4,-4,40,9,25,-9,-24,14,4,-14,35,-4,17,-5,-24,13,6,-10,43,6,19,-5,-24,12,5,-9,39,7,12,-7,-18,7,19,-10,40,8,22,-9,-18,9,4,-9,40,10,21
29.8200,-9,-20,9,2,-1,40,7,22,-12,-20,8,6,-13,34,5,17,-10,-23,7,8,-5,43,8,26,-10,-19,12,13,-12,39,-2,19,-2,-20,9,7,-8,42,10,19,-8,-22,8,5,-10,37,0,13,-9,-19,14,19,-9,41,3,19,-12,-21,9,6,-11,41,11,21
29.8400,-11,-26,8,5,-1,42,11,26,-14,-24,12,8,-13,31,2,19,-12,-17,8,6,-6,39,9,26,-14,-19,7,8,-11,36,-5,16,0,-26,7,8,-12,38,7,20,-10,-25,10,8,-9,44,7,18,-8,-19,10,18,-6,41,6,12,-6,-18,9,8,-9,46,6,22
29.8600,-9,-26,14,4,-2,45,12,19,-12,-20,13,5,-13,30,2,21,-9,-17,13,8,-6,37,9,29,-14,-22,11,9,-13,35,-5,11,-2,-17,9,8,-9,44,8,19,-12,-23,10,6,-10,40,4,14,-11,-22,7,22,-11,43,7,19,-8,-17,10,6,-7,38,5,15
29.8800,-5,-22,8,3,4,43,6,24,-12,-20,9,12,-11,34,5,21,-10,-14,9,6,0,43,9,28,-12,-26,12,8,-14,37,-1,13,2,-21,8,11,-8,39,7,19,-10,-21,10,9,-12,41,0,14,-13,-24,11,14,-11,43,9,15,-5,-18,9,8,-11,42,7,17
29.9000,-7,-20,11,9,1,45,9,24,-7,-21,9,11,-10,34,3,16,-12,-14,7,8,-5,42,10,30,-13,-25,5,9,-9,38,-6,16,0,-20,10,8,-8,37,6,20,-9,-27,8,7,-11,40,4,16,-4,-18,8,17,-13,40,5,18,-10,-23,6,7,-13,41,8,18
29.9200,-7,-23,6,12,-2,39,8,20,-10,-21,6,7,-8,28,2,15,-9,-15,8,7,-13,40,8,23,-10,-25,8,9,-12,34,-2,16,2,-22,10,7,-13,40,11,19,-9,-26,8,4,-8,41,4,12,-7,-15,12,19,-13,38,7,21,-11,-18,9,8,-9,46,6,23
29.9400,-6,-21,9,10,-4,41,9,21,-15,-20,9,6,-7,28,7,17,-8,-14,16,11,-10,42,10,24,-12,-20,3,8,-15,40,-3,17,-3,-22,13,7,-12,38,7,19,-11,-24,7,6,-12,42,7,16,-7,-13,7,15,-12,41,10,14,-13,-16,11,7,-12,40,4,15
29.9600,-10,-22,10,7,-1,43,8,26,-8,-19,7,11,-9,32,5,17,-11,-17,9,12,-8,38,7,27,-13,-25,9,5,-8,41,-3,16,-6,-14,13,8,-10,43,9,16,-3,-21,4,-1,-8,38,5,14,-7,-21,6,21,-12,41,3,22,-9,-21,9,9,-10,37,2,17
29.9800,-9,-27,9,7,-1,44,7,21,-16,-24,10,11,-12,34,2,19,-7,-19,11,10,-3,39,8,27,-9,-20,6,9,-9,38,-6,12,-1,-22,5,5,-11,40,6,18,-5,-22,9,6,-7,40,5,15,-14,-21,6,21,-13,43,6,14,-12,-19,9,9,-12,43,5,18
30.0000,-8,-25,5,8,-2,44,14,22,-8,-21,9,7,-13,31,2,17,-6,-19,5,9,-12,43,9,25,-9,-26,1,5,-10,35,-3,14,0,-21,7,8,-8,38,12,13,-6,-27,9,5,-10,41,5,16,-5,-19,11,19,-9,39,4,19,-13,-20,7,8,-9,38,10,25
30.0200,-10,-17,3,7,2,43,8,22,-10,-19,8,12,-15,29,3,18,-11,-21,10,7,-12,41,14,23,-4,-18,8,7,-8,35,-2,20,-2,-19,9,6,-9,38,10,20,0,-26,10,5,-4,39,4,11,-9,-22,8,21,-8,40,6,17,-10,-20,4,10,-6,37,7,18
30.0400,-10,-18,8,10,-3,40,10,24,-11,-27,5,5,-10,29,6,19,-9,-20,8,9,-5,41,10,24,-12,-20,5,8,-8,39,-1,18,1,-21,10,7,-10,43,7,19,-10,-29,8,6,-8,38,1,19,-4,-17,11,18,-6,43,5,19,-8,-22,6,10,-7,38,2,18
30.0600,-9,-26,4,10,-2,40,11,21,-9,-23,5,8,-8,29,0,17,-7,-20,9,9,-5,39,6,27,-7,-23,6,8,-10,32,-3,18,-1,-23,8,5,-11,44,6,22,-6,-25,11,7,-9,36,1,12,-6,-14,8,20,-7,38,6,16,-9,-15,9,6,-4,39,6,21
30.0800,-10,-24,6,1,-1,42,5,19,-7,-23,7,4,-13,32,-1,16,-9,-19,9,7,-11,40,7,26,-9,-22,10,7,-9,40,-1,15,-1,-24,6,10,-14,40,9,21,-6,-23,6,4,-5,39,5,13,-5,-24,8,18,-8,38,10,14,-5,-23,11,5,-6,42,11,16
30.1000,-7,-24,10,8,-1,41,7,20,-8,-19,7,4,-8,27,5,17,-9,-18,7,11,-4,40,7,26,-12,-23,9,11,-14,36,-3,16,-1,-18,6,10,-13,39,12,18,-5,-26,6,6,-9,38,3,15,-5,-24,8,21,-13,41,8,18,-8,-26,6,7,-10,38,3,20
30.1200,-8,-20,10,5,-3,42,7,22,-8,-24,6,4,-9,32,3,17,-8,-19,8,10,-10,41,10,25,-11,-24,6,12,-11,36,-1,12,2,-25,6,10,-9,46,4,21,-5,-31,8,9,-8,40,1,12,-12,-21,10,21,-10,44,8,17,-9,-19,8,3,-13,42,6,19
30.1400,-10,-24,6,10,0,44,8,23,-9,-22,6,7,-11,29,4,20,-7,-21,8,9,-9,41,9,23,-10,-25,7,7,-12,36,-8,15,-1,-20,8,8,-11,37,6,18,-4,-28,4,8,-11,40,5,14,-6,-24,14,20,-14,41,6,14,-9,-25,1,9,-13,43,4,17
30.1600,-9,-25,2,8,-4,43,4,23,-12,-20,9,7,-12,27,3,18,-9,-20,11,10,-3,34,8,23,-9,-20,5,5,-10,41,-5,18,-1,-16,7,6,-8,41,7,22,-7,-26,5,3,-6,44,2,16,-6,-18,7,14,-5,41,7,16,-11,-23,4,3,-8,35,2,23
30.1800,-6,-24,3,6,-4,41,11,24,-8,-20,12,9,-10,30,2,16,-10,-17,5,7,-10,41,9,24,-6,-20,11,7,-7,34,-3,19,-4,-23,9,7,-9,41,9,19,-3,-28,6,7,-14,41,5,12,-9,-20,6,18,-11,35,5,19,-7,-23,9,8,-9,37,10,19
30.2000,-12,-27,9,7,-4,42,10,17,-11,-21,10,7,-10,28,5,17,-5,-18,4,4,-9,40,11,29,-8,-22,2,9,-9,42,-8,15,-2,-22,8,7,-11,39,6,20,-7,-25,8,8,-5,35,1,9,-7,-24,7,25,-6,40,8,22,-7,-19,8,8,-10,37,5,17
30.2200,-12,-26,10,8,-2,35,8,21,-10,-21,6,10,-13,32,2,20,-10,-21,4,7,-5,37,14,30,-9,-20,6,11,-11,36,-6,18,-2,-25,8,7,-12,36,8,20,-7,-25,5,8,-10,39,3,18,-9,-22,4,19,-8,38,7,15,-12,-20,6,7,-10,38,6,16
30.2400,-7,-24,7,8,4,43,12,21,-12,-17,5,6,-10,34,2,18,-8,-22,8,6,-6,38,7,21,-12,-25,6,7,-10,33,-3,13,-3,-19,7,10,-9,40,10,22,-6,-26,3,10,-11,35,3,13,-7,-21,9,20,-7,37,10,17,-7,-20,5,9,-11,39,6,15
30.2600,-10,-24,5,9,3,40,8,18,-12,-19,7,4,-13,27,4,18,-10,-20,8,10,-10,39,7,26,-13,-26,2,8,-13,35,-2,19,-4,-18,4,4,-11,39,9,20,-8,-25,9,12,-8,40,2,17,-6,-20,5,18,-5,42,9,15,-11,-22,5,6,-4,34,6,18
30.2800,-8,-23,6,9,-2,36,7,19,-7,-20,9,7,-15,31,0,17,-5,-23,5,7,-11,39,4,25,-11,-26,4,5,-8,35,-4,16,-4,-19,10,10,-14,41,10,20,-8,-26,10,5,-2,33,4,13,-5,-22,5,22,-9,42,8,17,-16,-21,5,6,-6,39,9,12
30.3000,-11,-25,5,10,2,39,8,21,-7,-23,6,10,-11,33,6,17,-7,-15,6,8,-7,39,8,23,-9,-19,3,6,-8,34,-5,18,-4,-22,2,7,-9,38,10,18,-8,-27,4,5,-5,34,3,12,-7,-22,4,21,-8,35,8,15,-9,-22,3,4,-11,36,5,19
30.3200,-5,-24,3,7,1,41,7,20,-8,-22,8,5,-11,29,3,20,-5,-19,8,5,-6,40,11,24,-7,-21,3,8,-11,33,0,17,2,-20,5,7,-7,38,14,20,-9,-27,6,10,-9,38,7,15,-8,-20,7,20,-10,39,9,16,-9,-26,7,6,-11,38,6,18
30.3400,-12,-25,5,7,-3,43,6,17,-9,-21,9,6,-13,32,5,17,-6,-21,6,6,-12,39,12,24,-9,-23,8,6,-11,33,-3,14,-2,-22,7,6,-7,39,11,24,-2,-27,4,5,-10,42,6,14,-10,-20,9,23,-9,42,6,14,-4,-22,4,9,-11,39,7,17
30.3600,-11,-28,5,6,-8,41,8,17,-3,-19,3,6,-11,30,6,16,-8,-19,2,5,-10,40,8,23,-10,-24,5,11,-9,34,-4,12,-3,-22,5,5,-10,41,9,17,-9,-29,5,7,-8,37,8,13,-8,-23,8,21,-11,41,8,16,-6,-24,4,6,-11,44,4,18
30.3800,-9,-22,7,9,-3,39,12,22,-7,-22,3,13,-11,31,7,15,-4,-15,9,3,-6,40,11,26,-6,-20,3,12,-14,37,-4,18,-1,-21,5,11,-11,37,12,19,-6,-28,4,4,-3,39,7,13,-6,-22,8,20,-6,40,5,17,-6,-26,9,9,-9,41,7,20
30.4000,-9,-23,5,7,-4,41,7,19,-6,-22,7,10,-11,32,8,16,-8,-18,10,5,-5,37,12,24,-10,-23,3,7,-11,42,-5,16,-5,-23,7,6,-12,38,9,19,-8,-27,6,5,-10,37,7,16,-9,-26,5,23,-9,39,7,19,-3,-24,4,4,-7,36,5,17
30.4200,-7,-25,2,9,-8,43,3,22,-12,-18,6,7,-9,31,8,19,-9,-22,6,3,-7,37,9,25,-10,-20,5,10,-7,35,-5,14,4,-23,9,4,-11,35,7,16,-4,-28,5,5,-7,36,7,14,-13,-23,9,24,-10,37,7,17,-10,-27,6,11,-8,43,5,19
30.4400,-8,-23,3,7,-4,41,3,19,-9,-21,3,7,-11,32,6,19,-3,-20,6,12,-7,40,8,26,-9,-22,3,9,-9,36,-4,13,-2,-20,7,9,-14,37,6,18,-10,-24,10,8,-8,38,4,14,-5,-26,9,20,-6,37,10,15,-12,-20,8,9,-7,38,10,17
30.4600,-14,-26,3,4,0,41,11,20,-7,-19,4,8,-12,29,8,17,-7,-21,9,10,-5,43,8,26,-7,-25,5,8,-10,35,-8,14,-6,-21,8,5,-9,36,9,18,-9,-30,5,8,-10,40,3,13,-6,-26,10,22,-10,37,7,16,-11,-22,5,3,-7,40,7,18
30.4800,-13,-24,7,5,3,43,9,21,-10,-18,7,7,-12,29,5,15,-8,-17,4,10,-10,40,14,26,-11,-24,7,6,-11,33,-3,19,-2,-19,9,2,-9,38,7,17,-5,-31,4,7,-5,39,6,10,-6,-24,8,21,-12,36,4,17,-5,-19,7,7,-13,40,9,15
30.5000,-7,-25,10,8,0,43,12,17,-10,-22,-1,4,-11,27,4,16,-13,-21,6,8,-10,41,8,29,-9,-23,8,9,-5,36,-3,15,-4,-23,3,5,-13,39,12,22,-5,-32,8,8,-6,41,6,13,-11,-24,4,24,-8,35,5,22,-9,-22,6,8,-11,37,7,17
30.5200,-7,-25,3,9,-5,45,9,15,-10,-23,5,3,-12,27,10,21,-9,-19,6,4,-9,41,4,22,-9,-20,7,8,-7,37,-1,12,-3,-23,6,2,-8,38,5,18,-6,-30,4,7,-9,37,5,15,-4,-23,5,24,-14,40,5,18,-11,-27,10,8,-12,43,6,17
30.5400,-8,-27,4,9,-4,39,9,17,-6,-21,4,8,-9,30,5,18,-8,-17,3,5,-16,39,8,24,-9,-27,3,5,-6,37,-2,16,-3,-25,6,1,-10,37,10,23,-10,-26,3,10,-12,38,4,15,-7,-24,2,27,-12,38,4,20,-11,-21,7,6,-10,39,7,14
30.5600,-14,-23,6,4,-2,40,4,17,-7,-25,6,10,-13,33,4,18,-12,-24,10,3,-9,39,9,22,-6,-19,7,10,-5,36,-6,18,-1,-25,10,5,-7,37,9,21,-8,-24,4,7,-7,36,4,17,-8,-24,6,23,-7,37,7,18,-6,-19,5,9,-13,40,7,15
30.5800,-11,-23,10,3,2,39,9,14,-8,-21,6,11,-15,33,4,20,-8,-19,5,9,-8,38,9,26,-4,-24,6,5,-9,42,-2,17,-1,-23,3,4,-10,38,12,15,-8,-27,6,9,-8,39,5,16,-12,-21,2,20,-14,37,4,13,-7,-24,5,4,-5,35,4,15
30.6000,-6,-25,8,9,0,46,11,15,-9,-24,4,2,-14,32,7,17,-9,-19,4,2,-9,38,7,22,-9,-22,8,6,-13,38,0,16,1,-24,8,6,-14,41,5,17,-5,-21,2,7,-9,38,5,14,-13,-22,4,24,-11,39,5,17,-8,-24,5,6,-9,43,3,16
30.6200,-8,-24,7,9,0,37,8,13,-8,-18,2,6,-10,27,9,18,-8,-17,4,9,-12,40,10,27,-9,-23,4,7,-9,37,-3,16,-4,-24,4,3,-10,41,10,17,-6,-25,6,8,-8,39,3,8,-7,-18,6,20,-7,40,3,14,-11,-22,2,5,-10,39,9,15
30.6400,-11,-28,7,9,-3,42,5,15,-9,-24,6,7,-12,29,4,16,-8,-17,10,6,-10,35,7,27,-11,-24,4,10,-10,37,-2,17,-3,-17,5,13,-10,36,11,17,-10,-29,6,6,-10,36,2,16,-6,-24,2,18,-13,38,1,18,-6,-21,4,9,-7,36,8,13
30.6600,-9,-29,5,7,1,42,10,15,-12,-19,1,3,-10,30,7,20,-10,-17,8,10,-10,38,7,18,-7,-23,2,10,-11,35,-4,18,4,-23,5,5,-9,40,7,15,-6,-28,5,8,-5,37,6,16,-7,-22,8,23,-9,39,5,18,-12,-23,5,5,-7,36,13,20
30.6800,-11,-29,9,7,-4,44,7,16,-7,-17,7,9,-12,28,8,14,-4,-24,3,8,-7,40,10,25,-8,-23,6,8,-7,38,0,18,1,-19,4,7,-8,37,8,17,-6,-26,7,2,-8,38,5,14,-5,-23,6,22,-8,35,6,16,-7,-23,7,5,-10,39,1,13
30.7000,-9,-26,4,9,-2,39,7,19,-11,-25,2,4,-10,28,4,14,-10,-19,5,9,-9,36,9,24,-7,-22,5,5,-7,39,-4,20,-4,-20,6,10,-6,37,7,18,-5,-30,8,7,-3,33,9,14,-10,-20,5,21,-13,39,4,16,-10,-19,3,6,-8,35,6,19
30.7200,-9,-23,6,9,-6,43,8,16,-7,-23,0,6,-6,29,6,17,-15,-20,3,9,-11,38,5,23,-9,-22,5,8,-8,35,-2,15,-2,-21,8,6,-14,39,9,17,-7,-33,2,8,-8,35,9,17,-11,-22,6,22,-11,40,4,14,-8,-20,4,6,-12,36,4,17
30.7400,-15,-28,-1,5,-5,39,7,19,-7,-26,4,3,-9,20,5,18,-11,-21,7,8,-11,38,7,22,-7,-24,2,9,-10,37,-4,16,-3,-18,5,6,-12,36,8,17,-5,-27,3,6,-9,37,3,14,-5,-23,4,19,-11,43,5,19,-9,-27,4,6,-12,39,6,17
30.7600,-12,-21,6,7,-6,42,9,17,-9,-18,3,8,-10,27,6,14,-13,-17,7,3,-10,35,9,26,-10,-22,5,3,-9,36,0,13,-2,-17,3,9,-11,40,6,15,-6,-28,1,8,-6,38,5,13,-5,-23,5,18,-11,40,7,17,-6,-24,5,4,-11,39,8,19
30.7800,-10,-26,5,8,2,40,7,18,-7,-25,8,4,-9,31,7,18,-8,-19,5,5,-6,33,9,25,-8,-21,3,9,-10,36,-5,17,-1,-21,5,6,-7,42,9,18,-2,-26,2,5,-6,38,6,12,-7,-19,8,26,-11,35,6,14,-7,-25,5,6,-6,35,5,13
30.8000,-9,-21,1,7,0,36,1,15,-8,-22,5,5,-12,29,4,18,-7,-20,2,9,-8,38,9,22,-7,-21,4,7,-9,36,-3,15,-1,-20,4,4,-12,34,8,19,-9,-28,2,6,-7,35,7,12,-9,-24,1,23,-14,40,5,13,-7,-21,4,6,-10,39,7,14
30.8200,-7,-21,2,5,1,38,6,15,-6,-22,4,1,-8,25,8,18,-10,-17,1,6,-14,34,9,24,-5,-21,2,5,-10,37,0,17,-6,-21,6,11,-11,34,7,20,-6,-31,5,8,-7,38,6,12,-6,-24,7,23,-9,35,11,19,-12,-23,5,9,-11,39,9,15
30.8400,-9,-26,3,7,0,38,11,17,-5,-26,5,9,-7,26,3,16,-9,-24,4,6,-6,36,7,26,-7,-22,2,9,-8,34,-1,9,-3,-20,9,9,-12,37,9,19,-11,-27,6,5,-5,36,7,12,-7,-25,5,22,-9,36,2,19,-4,-21,6,6,-8,37,8,18
30.8600,-8,-24,6,10,1,39,7,15,-8,-19,3,11,-12,29,4,15,-7,-21,4,4,-13,37,7,22,-7,-19,7,2,-5,38,0,16,-2,-21,4,6,-6,36,8,12,-8,-26,1,5,-7,36,4,13,-8,-19,6,24,-16,38,8,15,-5,-24,2,7,-10,37,7,17
30.8800,-10,-27,6,8,-2,38,13,15,-8,-20,0,8,-8,30,7,21,-7,-18,4,7,-10,39,8,24,-10,-20,4,6,-8,37,-3,15,-1,-20,6,5,-9,34,7,18,-7,-29,6,5,-4,38,8,17,-8,-18,4,21,-14,38,5,16,-8,-22,4,5,-7,33,2,19
30.9000,-9,-25,5,7,3,38,11,14,-11,-22,2,8,-7,32,9,19,-9,-23,3,2,-12,37,10,25,-10,-23,2,7,-7,33,-4,21,3,-23,8,4,-7,35,9,13,-6,-26,1,5,-5,37,7,12,-7,-21,6,20,-9,37,1,18,-10,-24,9,6,-11,36,7,18
30.9200,-6,-28,1,4,0,37,10,16,-7,-19,-1,4,-4,26,8,17,-4,-20,-1,8,-10,38,4,20,-6,-21,3,3,-8,34,-3,18,-3,-19,4,6,-13,37,9,20,-5,-30,3,4,-8,38,8,10,-9,-21,7,22,-8,35,10,17,-10,-19,7,5,-12,35,4,15
30.9400,-12,-25,1,3,-3,36,6,15,-5,-23,4,4,-10,26,5,14,-8,-21,6,7,-11,33,14,23,-8,-20,1,8,-6,38,-3,17,-1,-19,4,6,-11,35,4,13,-8,-33,0,2,-13,36,3,15,-6,-21,6,20,-14,38,4,19,-9,-18,2,5,-10,38,3,19
30.9600,-8,-28,3,5,-4,41,8,13,-8,-23,0,1,-6,29,8,15,-9,-22,0,4,-12,33,9,21,-9,-23,3,6,-11,37,-4,13,0,-26,4,10,-13,37,6,17,-9,-28,2,3,-5,36,3,19,-9,-27,10,19,-7,40,5,15,-8,-26,5,5,-11,36,4,16
30.9800,-11,-25,3,7,2,38,4,16,-3,-22,5,4,-8,29,4,12,-14,-19,5,3,-10,35,10,22,-9,-21,2,6,-9,34,-6,12,-1,-19,4,8,-7,33,8,16,-8,-31,3,5,-8,37,6,12,-6,-24,3,19,-6,39,8,14,-5,-23,3,1,-6,36,6,17
31.0000,-7,-23,6,9,-2,38,9,15,-11,-19,1,5,-10,27,7,21,-3,-24,4,5,-11,37,8,22,-10,-25,2,5,-8,35,-5,15,0,-24,2,8,-11,34,6,17,-6,-30,2,0,-5,38,7,14,-4,-24,7,20,-6,37,8,15,-10,-23,5,6,-11,40,8,15
31.0200,-6,-26,6,9,0,42,8,14,-6,-20,6,4,-8,28,10,15,-4,-21,4,8,-8,33,7,24,-9,-19,5,6,-10,38,-5,15,-2,-23,5,6,-9,35,5,17,-6,-27,3,4,-6,36,11,11,0,-21,2,20,-9,40,2,14,-6,-22,1,3,-11,39,5,15
31.0400,-7,-22,6,11,-3,39,12,17,-6,-24,2,10,-10,27,5,12,-13,-18,3,7,-8,36,8,19,-5,-21,6,4,-10,37,-2,12,-1,-23,0,5,-12,33,7,15,-3,-25,4,7,-9,37,4,16,-5,-20,9,21,-13,36,9,11,-5,-23,5,4,-9,39,4,14
31.0600,-6,-25,3,6,2,37,6,16,-7,-26,2,7,-12,26,3,15,-8,-18,2,4,-9,40,11,25,-4,-22,4,8,-12,38,-3,11,0,-17,-1,5,-10,37,10,17,-3,-27,5,6,0,36,11,13,-5,-21,3,18,-9,35,8,17,-8,-27,4,3,-10,37,7,13
31.0800,-8,-33,2,2,-2,39,8,13,-7,-26,4,5,-13,27,6,18,-8,-18,2,2,-11,37,8,21,-9,-25,1,6,-10,39,0,12,-1,-18,3,4,-13,33,9,13,-4,-25,6,9,-9,38,9,14,-3,-22,6,18,-11,36,9,13,-4,-20,2,8,-10,38,9,13
31.1000,-6,-26,7,9,-1,37,9,15,-5,-20,3,11,-9,26,10,13,-7,-16,4,6,-12,37,5,20,-8,-20,3,5,-8,35,-6,11,1,-18,-2,3,-7,40,9,12,-6,-29,4,3,-9,33,8,10,-8,-25,4,23,-11,37,5,13,-4,-23,1,3,-15,40,6,17
31.1200,-11,-20,3,5,0,37,9,12,-7,-23,-1,4,-11,30,8,15,-10,-22,10,9,-10,37,9,21,-8,-21,2,1,-7,37,-5,19,1,-23,2,7,-10,36,9,13,-8,-29,6,1,-10,33,10,16,-3,-26,3,21,-9,40,8,17,-9,-23,-1,2,-10,40,6,13
31.1400,-12,-26,1,4,-5,40,7,15,-6,-22,7,5,-13,27,7,15,-11,-19,4,5,-8,38,9,21,-9,-19,3,5,-9,30,-5,10,-2,-23,2,9,-11,36,5,11,-6,-29,-2,6,-7,35,10,14,-5,-22,2,19,-10,40,6,15,-8,-21,8,5,-8,40,9,16
31.1600,-10,-30,2,6,1,42,5,17,-7,-24,5,7,-10,27,6,15,-8,-21,7,8,-9,39,8,19,-11,-20,2,8,-11,37,-4,13,2,-23,2,8,-9,36,6,16,-9,-27,2,5,-9,37,6,11,-7,-22,5,23,-10,39,4,13,-5,-23,7,4,-11,38,9,19
31.1800,-7,-27,0,7,-3,41,11,13,-5,-21,10,7,-11,26,8,13,-7,-18,8,1,-14,33,14,23,-4,-22,2,6,-10,35,-7,12,2,-25,8,5,-9,38,6,15,-6,-31,0,6,-9,37,11,15,-10,-19,3,19,-10,36,7,17,-4,-22,2,5,-8,36,6,16
31.2000,-10,-24,3,2,-1,37,8,14,-7,-23,2,2,-14,28,8,15,-6,-20,2,9,-11,38,13,24,-9,-21,7,8,-8,40,-3,18,-1,-26,-1,7,-12,37,7,15,-8,-33,0,6,-6,33,7,12,-3,-21,4,22,-11,37,12,13,-10,-25,4,6,-3,39,2,13
31.2200,-12,-23,1,3,-3,35,9,14,-9,-25,2,3,-9,31,6,13,-10,-19,4,1,-11,35,9,25,-10,-21,2,7,-8,38,-4,13,-2,-23,4,7,-13,35,10,11,-4,-31,3,8,-7,36,9,11,-5,-20,3,21,-8,38,12,16,-3,-24,2,5,-4,41,7,10
31.2400,-5,-25,3,8,1,39,11,9,-7,-26,5,2,-9,30,7,10,-8,-22,4,6,-11,34,14,24,-9,-27,5,6,-8,40,0,13,-2,-24,-3,5,-7,35,9,8,-6,-26,4,5,-6,35,5,10,-7,-21,4,22,-12,38,9,17,-8,-19,6,6,-7,39,8,15
31.2600,-8,-26,1,5,1,40,10,11,-8,-24,3,4,-7,24,9,16,-9,-18,6,2,-12,32,8,22,-11,-21,4,2,-9,37,-3,13,-1,-24,5,7,-10,36,7,16,-2,-30,3,7,-4,35,12,11,-9,-22,2,18,-8,40,6,13,-7,-26,4,4,-10,40,6,14
31.2800,-13,-24,8,5,-3,39,8,11,-9,-24,7,4,-13,25,10,13,-7,-19,2,2,-9,35,9,23,-7,-22,2,8,-9,36,-5,12,-2,-22,4,3,-10,39,6,17,-2,-29,0,4,-4,34,6,11,-6,-27,3,20,-11,42,10,14,-7,-26,1,8,-6,38,8,14
31.3000,-9,-20,1,2,-1,37,7,13,-5,-22,-4,2,-11,30,9,16,-8,-20,1,10,-10,36,6,22,-6,-20,1,7,-6,34,-4,12,1,-22,3,3,-8,36,9,13,-5,-31,4,9,-3,38,5,8,-9,-25,4,23,-10,39,4,20,-7,-20,2,3,-12,34,8,12
31.3200,-8,-21,3,7,2,40,5,13,-6,-20,0,8,-12,27,3,20,-11,-27,3,8,-10,39,12,21,-9,-23,-1,8,-12,34,-3,15,-2,-22,3,4,-10,33,8,12,-5,-27,-1,4,-7,35,11,11,-5,-28,5,18,-6,34,7,17,-9,-23,3,5,-11,34,7,13
31.3400,-8,-19,1,2,-3,39,9,16,-6,-24,4,4,-11,27,10,12,-8,-25,3,6,-17,36,10,15,-6,-19,2,6,-14,37,-4,12,-3,-20,8,3,-12,39,12,11,-7,-28,4,4,-10,38,7,14,-9,-22,3,20,-8,37,7,12,-5,-24,0,2,-5,37,12,19
31.3600,-11,-23,1,4,1,38,7,14,-5,-27,2,9,-6,34,7,20,-12,-23,7,6,-13,38,9,16,-6,-22,6,4,-4,36,2,13,1,-25,3,4,-14,35,7,15,-6,-29,3,8,-6,38,8,12,-5,-24,8,21,-10,36,8,14,-12,-23,2,3,-13,37,7,14
31.3800,-6,-23,0,2,-6,38,8,9,-9,-24,3,8,-11,27,7,15,-6,-20,1,6,-15,31,7,23,-8,-25,1,7,-6,37,2,12,3,-27,1,7,-10,36,10,14,-8,-30,0,6,-5,35,8,14,-8,-23,3,23,-11,41,5,13,-10,-23,-1,5,-15,34,6,16
31.4000,-4,-22,3,7,-5,37,8,11,-6,-25,3,3,-8,28,9,13,-9,-21,3,7,-10,35,12,23,-7,-23,5,6,-6,38,-2,8,4,-25,-1,3,-12,38,8,14,-7,-27,1,8,-7,36,6,11,-4,-21,1,21,-10,39,9,17,-5,-23,5,5,-8,36,7,16
31.4200,-12,-24,3,8,-4,39,5,12,-5,-26,3,4,-11,28,7,14,-10,-20,7,5,-5,34,15,21,-4,-23,2,7,-5,40,1,11,0,-23,5,7,-9,37,8,13,-7,-29,5,7,-6,37,11,11,-8,-25,2,22,-10,39,10,13,-11,-24,0,6,-9,39,6,16
31.4400,-8,-25,1,5,0,41,4,11,-7,-24,0,4,-9,25,11,12,-8,-19,4,3,-16,35,5,19,-8,-23,3,3,-9,37,-2,13,-2,-19,5,6,-7,38,10,15,-9,-28,1,7,-9,37,5,10,-6,-20,7,23,-10,37,8,15,-6,-19,3,3,-11,36,8,12
31.4600,-10,-27,5,7,-2,35,9,10,-11,-22,2,5,-8,26,8,14,-11,-18,2,8,-13,33,8,23,-12,-21,0,6,-10,37,-3,14,1,-17,3,4,-12,34,13,12,-7,-29,1,1,-7,31,7,15,-6,-26,5,16,-14,36,7,14,-7,-26,3,4,-6,41,7,15
31.4800,-7,-30,3,5,-3,39,7,7,-8,-25,2,7,-10,29,6,19,-7,-16,4,6,-9,36,8,22,-8,-21,-1,3,-9,42,-1,12,4,-19,3,4,-10,38,9,15,-7,-25,3,3,-8,35,10,10,-9,-22,4,23,-9,37,6,11,-9,-24,7,3,-9,37,8,10
31.5000,-6,-27,4,7,-4,38,6,9,-3,-24,2,4,-9,22,4,14,-5,-19,1,5,-8,32,12,17,-7,-25,4,8,-10,41,-3,13,0,-22,1,3,-10,35,7,13,-8,-27,0,5,-8,36,10,13,-9,-20,7,21,-9,38,7,11,-3,-25,6,11,-5,39,5,14
31.5200,-9,-24,0,7,-2,39,7,12,-10,-27,3,8,-6,25,11,19,-3,-21,1,4,-11,33,6,19,-10,-24,4,6,-10,39,-5,18,1,-23,1,0,-9,37,7,15,-7,-34,1,5,-6,35,8,10,-3,-22,0,22,-11,39,7,13,-10,-20,0,2,-7,33,10,15
31.5400,-8,-24,6,2,-4,38,4,13,-3,-25,3,4,-10,26,15,12,-9,-22,3,3,-10,38,8,16,-13,-19,3,4,-8,38,-1,14,-2,-21,2,6,-9,38,12,14,-7,-23,1,6,-11,34,6,10,-6,-22,4,18,-5,37,8,12,-10,-22,3,6,-7,37,7,16
31.5600,-11,-28,0,5,-5,39,10,13,-7,-21,2,7,-7,26,9,13,-10,-23,3,9,-11,35,8,20,-8,-19,0,5,-6,39,1,12,-2,-23,0,5,-11,37,9,12,-8,-27,1,7,-8,35,10,12,-7,-19,5,17,-10,35,10,14,-5,-21,2,6,-9,40,6,13
31.5800,-6,-29,2,5,-4,34,7,9,-5,-26,3,3,-10,26,11,14,-9,-21,4,4,-9,36,13,21,-10,-22,1,4,-12,37,0,10,2,-23,3,4,-7,39,10,16,-9,-27,-2,8,-7,36,9,12,-13,-20,5,16,-9,33,6,13,-7,-24,1,6,-11,37,7,14
31.6000,-11,-26,6,10,-3,37,7,11,-9,-20,4,8,-8,29,8,17,-11,-16,-2,8,-9,36,8,17,-8,-19,1,7,-12,38,0,13,-2,-23,2,3,-14,34,8,16,-2,-29,4,2,-7,32,10,9,-6,-20,2,19,-15,35,6,15,-9,-26,-1,12,-8,35,11,12
31.6200,-11,-20,1,6,-5,36,8,10,-8,-24,3,5,-8,28,10,14,-10,-23,-1,7,-11,39,6,20,-7,-19,1,1,-4,42,-10,11,0,-25,-1,5,-12,36,9,14,-5,-28,2,2,-5,37,10,11,-6,-23,2,21,-10,34,5,12,-5,-21,-3,5,-7,37,6,10
31.6400,-8,-24,2,9,-1,35,7,13,-7,-25,2,3,-8,22,10,15,-10,-22,2,1,-13,37,9,18,-5,-23,6,3,-6,37,-4,11,0,-21,4,2,-8,32,12,13,-10,-34,0,7,-6,36,9,7,-12,-23,4,19,-10,35,9,12,-3,-25,0,-2,-5,33,8,13
31.6600,-10,-22,3,5,-4,34,7,10,-7,-26,-1,5,-9,25,8,12,-9,-24,-1,4,-13,36,9,19,-5,-16,0,6,-9,33,-5,12,0,-25,1,2,-8,33,13,13,-7,-27,0,5,-9,35,7,14,-12,-22,2,19,-7,38,6,8,-10,-25,2,2,-14,35,9,16
31.6800,-12,-27,5,10,-5,38,6,13,-9,-21,4,8,-10,26,11,14,-9,-20,1,11,-10,31,7,17,-8,-22,5,4,-4,39,-3,13,-2,-23,-2,4,-11,32,3,14,-8,-28,-2,3,-3,37,10,12,-9,-24,4,17,-12,41,9,14,-13,-21,3,1,-8,35,8,14
31.7000,-10,-28,0,5,-3,34,8,13,-7,-21,5,9,-8,25,9,15,-4,-25,0,9,-13,33,7,20,-8,-17,1,5,-5,37,0,11,1,-21,5,1,-7,36,8,12,-4,-30,2,3,-7,35,6,11,-8,-20,1,18,-15,37,8,9,-9,-24,-3,9,-10,34,6,12
31.7200,-3,-24,6,7,-2,41,5,9,-4,-22,-1,5,-9,27,7,16,-9,-22,3,6,-15,35,8,18,-12,-21,1,1,-5,38,-2,11,3,-20,4,2,-6,39,7,12,-3,-23,-2,7,-12,39,7,8,-6,-24,0,19,-9,34,8,10,-9,-25,3,6,-10,36,7,14
31.7400,-11,-25,1,4,-3,35,8,10,-5,-26,2,5,-6,24,11,16,-10,-22,1,3,-13,37,9,18,-10,-21,-1,1,-5,39,0,12,-6,-21,3,0,-6,33,5,12,-9,-32,2,3,-7,32,6,12,-6,-19,0,17,-9,38,8,14,-3,-23,-3,10,-14,39,7,18
31.7600,-12,-23,-6,8,-2,35,7,5,-8,-21,3,7,-11,27,11,8,-9,-19,4,3,-12,33,11,23,-9,-18,-3,4,-4,35,-1,7,3,-22,-1,5,-10,31,8,14,-4,-28,1,6,-8,34,8,14,-5,-22,2,21,-12,36,7,8,-8,-23,-1,3,-13,34,9,13
31.7800,-10,-23,0,2,-3,37,5,11,-10,-22,-1,7,-11,28,15,16,-6,-18,1,6,-14,36,5,18,-11,-23,0,2,-6,37,0,11,1,-19,-2,6,-10,33,9,10,-2,-27,5,6,-6,35,11,9,-6,-25,1,17,-12,34,9,12,-8,-21,1,6,-12,32,7,11
31.8000,-5,-27,2,-3,-2,39,7,9,-8,-22,-2,4,-9,27,12,18,-5,-22,3,6,-14,37,8,24,-8,-20,3,9,-8,37,2,10,0,-26,5,8,-11,35,9,11,-8,-29,0,4,-11,37,10,13,-11,-26,-1,15,-11,37,11,10,-4,-23,2,2,-10,35,12,13
31.8200,-5,-25,0,5,0,36,3,14,-8,-24,3,5,-7,26,10,15,-10,-18,0,5,-13,37,10,18,-8,-18,-2,5,-8,37,1,16,2,-20,1,5,-14,35,8,13,-4,-28,-2,8,-7,34,9,8,-4,-21,1,17,-11,32,11,11,-7,-22,1,8,-10,39,6,14
31.8400,-9,-27,2,5,-1,37,7,10,-9,-25,4,2,-10,28,8,14,-8,-19,-1,4,-14,29,11,17,-3,-23,1,2,-5,31,-6,10,-1,-22,2,3,-6,36,6,10,0,-27,-4,8,-11,37,12,9,-6,-23,-1,17,-8,38,8,12,-10,-24,-2,6,-12,40,12,16
31.8600,-8,-25,5,6,1,37,5,10,-5,-24,2,2,-3,27,9,15,-9,-24,1,4,-13,38,10,19,-7,-19,0,5,-9,37,-3,14,3,-23,5,7,-14,32,9,12,-4,-29,-5,3,-12,34,8,12,-7,-23,-3,18,-9,35,8,9,-10,-24,1,2,-11,39,5,10
31.8800,-9,-22,0,3,-2,37,3,13,-3,-24,-1,7,-2,29,7,15,-10,-22,1,2,-13,36,8,20,-10,-22,-1,10,-10,39,-2,11,0,-22,3,3,-16,34,5,14,-12,-27,4,5,-9,37,11,10,-8,-23,1,20,-10,36,7,12,-5,-24,2,3,-12,33,11,11
31.9000,-14,-22,0,3,-7,34,10,10,-8,-23,1,4,-5,23,8,11,-8,-23,-1,6,-11,33,12,18,-5,-22,2,6,-8,37,0,12,-1,-23,-1,4,-12,39,9,11,-10,-32,-2,7,-10,36,8,7,-4,-22,2,17,-8,34,9,9,-4,-22,-2,6,-7,34,12,10
31.9200,-7,-24,1,4,-3,36,5,4,-8,-23,0,4,-9,25,7,14,-8,-23,-4,4,-8,36,8,22,-2,-23,3,4,-11,38,-2,12,3,-26,0,5,-7,36,9,9,-8,-25,2,5,-7,34,6,14,-5,-24,4,19,-7,40,12,14,-8,-25,3,3,-10,34,6,10
31.9400,-12,-25,2,1,-2,37,3,14,-10,-24,-4,7,-8,21,12,13,-8,-22,4,3,-8,33,5,18,-8,-24,-2,7,-9,40,-3,9,3,-24,-1,6,-10,38,3,13,-5,-29,0,5,-8,36,11,3,-8,-18,3,16,-6,34,10,13,-7,-26,3,6,-11,32,10,14
31.9600,-10,-24,0,5,-3,35,8,8,-11,-21,-2,5,-8,25,8,12,-7,-23,0,4,-14,37,10,19,-5,-18,0,5,-12,37,-4,8,1,-22,1,3,-10,35,10,13,-5,-30,2,5,-7,41,12,10,-8,-24,1,15,-8,37,11,13,-7,-26,1,3,-7,36,8,11
31.9800,-9,-23,6,1,-3,35,10,10,-6,-18,3,5,-7,27,8,14,-8,-21,5,2,-14,35,11,21,-7,-21,-2,3,-5,41,1,11,0,-23,0,4,-12,34,8,11,-6,-28,-1,2,-9,34,10,14,-5,-23,-2,19,-8,36,9,11,-6,-25,-1,4,-10,32,9,10
32.0000,-10,-25,-2,6,-3,34,8,8,-6,-25,0,1,-9,27,14,12,-9,-26,-2,5,-9,36,9,17,-11,-15,3,3,-4,39,-4,10,-3,-21,-1,4,-8,33,13,10,-3,-32,-3,3,-10,35,13,9,-5,-27,0,17,-6,31,11,10,-11,-27,2,6,-5,37,6,16
32.0200,-13,-22,-7,4,-7,33,6,9,-5,-24,-2,1,-9,23,7,11,-8,-20,3,3,-11,33,8,20,-6,-23,-4,3,-9,36,-3,12,6,-26,0,5,-11,33,11,11,-3,-29,-2,1,-9,33,12,8,-7,-28,3,23,-8,37,11,14,-4,-25,-2,-4,-9,33,9,11
32.0400,-7,-27,1,5,-3,36,9,10,-6,-26,0,3,-9,24,15,14,-9,-24,-1,1,-10,33,10,17,-3,-16,-4,6,-6,42,0,13,1,-23,-3,2,-10,36,8,14,-1,-32,1,4,-9,37,11,9,-11,-25,2,20,-9,36,11,15,-7,-24,2,4,-9,36,5,13
32.0600,-11,-25,-4,6,-2,36,9,10,-7,-27,-3,4,-8,25,14,10,-9,-27,0,7,-11,34,8,19,-7,-23,0,7,-6,36,-3,9,-3,-20,0,1,-10,31,8,8,-2,-29,1,5,-12,34,10,7,-10,-21,0,19,-9,33,11,9,-7,-25,1,-2,-6,36,10,11
32.0800,-4,-24,1,5,-4,35,3,10,-7,-24,-3,2,-8,26,13,9,-5,-22,0,3,-13,30,8,21,-5,-21,-1,4,-12,34,2,14,0,-22,-2,3,-7,36,8,10,-7,-30,3,4,-15,34,7,8,-11,-24,5,16,-10,38,7,12,-9,-21,-1,5,-12,31,9,17
32.1000,-4,-22,1,7,-8,34,8,10,-8,-24,-4,1,-9,25,9,11,-10,-24,4,6,-10,34,7,19,-7,-22,2,5,-10,39,-4,9,2,-24,-2,2,-12,35,6,11,-7,-31,2,5,-7,37,9,9,-10,-23,2,20,-9,38,11,11,-6,-19,1,2,-8,33,5,8
32.1200,-9,-24,-4,2,-1,34,11,5,-6,-19,0,5,-8,28,11,13,-9,-23,2,1,-15,31,8,15,-4,-22,-3,2,-6,34,-4,10,5,-23,2,-1,-11,35,7,12,-9,-30,-2,4,-10,35,7,9,-8,-23,0,19,-11,34,10,14,-7,-25,1,2,-7,35,8,13
32.1400,-2,-26,-5,5,-4,34,11,9,-5,-27,0,2,-9,25,7,13,-8,-25,-1,4,-8,35,13,18,-6,-21,-1,8,-9,37,1,14,-2,-23,0,5,-13,37,12,12,-7,-31,4,0,-11,35,11,13,-8,-20,3,14,-9,34,8,12,-3,-27,2,5,-7,33,8,16
32.1600,-11,-26,-1,4,-2,34,8,9,-7,-24,-1,1,-12,32,7,11,-6,-26,-2,3,-13,33,8,15,-9,-22,-1,6,-8,34,-1,14,-1,-22,0,-3,-12,35,13,11,-7,-30,-1,7,-10,33,14,8,-6,-25,1,14,-11,36,6,13,-6,-25,1,4,-8,34,8,11
32.1800,-9,-24,-4,2,-4,31,10,8,-8,-21,-1,4,-10,23,10,11,-5,-21,-3,9,-15,32,6,16,-9,-21,-5,2,-6,39,2,11,-2,-20,-1,3,-11,32,10,12,-8,-32,-4,2,-11,35,9,9,-1,-26,-2,21,-10,34,11,9,-7,-21,3,2,-12,36,5,10
32.2000,-8,-24,0,5,-1,32,11,10,-8,-23,1,1,-8,25,10,12,-5,-28,1,7,-11,30,10,18,-2,-23,-1,1,-7,30,-1,9,0,-21,0,5,-11,37,7,13,-7,-31,-2,1,-8,35,13,7,-7,-25,-4,19,-11,37,7,7,-8,-22,1,4,-4,34,6,9
32.2200,-5,-22,3,6,-1,35,8,9,-3,-19,-5,4,-7,30,12,8,-9,-19,0,6,-14,38,12,22,-7,-19,0,6,-9,39,3,5,-2,-24,0,6,-10,35,5,13,-10,-33,0,2,-7,31,7,8,-9,-20,-3,21,-13,39,8,8,-2,-22,-2,4,-9,36,8,13
32.2400,-6,-25,0,4,-2,36,5,4,-3,-21,-5,1,-6,26,11,15,-7,-27,2,6,-12,32,8,18,-7,-21,1,4,-8,37,-3,12,0,-24,-7,6,-12,31,0,14,-8,-31,-4,1,-7,35,11,13,-7,-20,-1,18,-8,36,5,11,-9,-25,-2,1,-9,32,10,14
32.2600,-11,-24,-1,4,0,36,6,8,-8,-22,3,5,-11,24,9,10,-9,-24,4,6,-15,34,12,16,-4,-20,-1,4,-8,37,-7,13,2,-22,-2,3,-9,27,9,12,-5,-29,-2,2,-7,30,8,9,-5,-23,1,18,-8,34,9,8,-7,-26,-2,3,-8,31,10,16
32.2800,-11,-23,2,6,-3,35,12,6,-7,-22,-2,2,-8,25,12,9,-9,-18,-1,2,-14,35,9,18,-4,-20,-3,4,-12,37,-4,7,3,-22,-3,3,-9,32,5,12,-4,-24,3,5,-14,34,10,9,-7,-25,-1,15,-6,35,12,11,-9,-25,1,5,-6,37,9,12
32.3000,-5,-26,3,6,-5,35,3,6,-8,-27,0,2,-7,26,8,11,-9,-19,2,3,-11,33,10,13,-4,-21,-2,2,-4,35,1,11,0,-23,1,4,-9,32,10,12,-9,-29,0,5,-10,37,8,14,-5,-27,0,13,-12,37,8,10,-7,-23,0,6,-8,37,7,11
32.3200,-6,-24,0,1,-3,29,4,11,-8,-25,-3,7,-6,25,8,11,-7,-22,1,4,-13,31,5,18,-5,-22,-1,6,-8,38,-2,13,-2,-23,2,0,-9,34,9,11,-7,-31,-1,9,-10,34,11,13,-10,-20,-5,14,-8,32,7,10,-7,-22,-4,2,-10,32,7,11
32.3400,-4,-25,0,5,2,36,9,9,-2,-22,-1,4,-8,28,11,14,-11,-19,-3,6,-13,35,8,17,-8,-20,-3,3,-9,42,-2,11,0,-26,0,2,-11,34,7,11,-10,-33,-2,6,-4,33,14,8,-10,-24,-5,19,-11,38,8,10,-6,-25,-4,2,-11,32,9,12
32.3600,-5,-24,-1,5,-1,33,10,11,-5,-23,-1,5,-9,23,8,14,-7,-24,-1,3,-12,35,5,17,-8,-22,-2,0,-6,34,1,11,1,-20,3,8,-11,34,6,12,-6,-32,-4,2,-11,35,7,11,-7,-24,-5,17,-10,34,11,14,-8,-22,-5,7,-11,33,6,10
32.3800,-10,-23,-4,6,-4,33,5,8,-6,-25,-6,3,-7,23,10,11,-11,-21,-2,5,-14,37,9,15,-4,-24,-3,8,-6,35,-3,12,1,-24,-3,8,-9,37,9,9,-7,-31,-2,7,-9,34,10,13,-7,-26,-3,14,-13,33,11,17,-1,-26,0,2,-7,35,7,11
32.4000,-8,-21,-2,4,-4,33,8,9,-9,-23,1,4,-11,24,8,10,-7,-24,4,9,-15,34,13,20,-4,-22,3,4,-7,36,-1,8,-1,-23,-2,5,-9,31,4,12,-6,-29,-1,3,-5,35,14,11,-5,-25,-3,16,-10,36,9,11,-4,-25,0,2,-11,39,9,15
32.4200,-3,-21,2,6,-3,33,5,9,-2,-22,-4,1,-9,25,6,9,-10,-20,-5,3,-12,33,10,16,-6,-24,1,3,-5,37,-2,11,2,-23,-1,7,-13,32,7,9,-5,-26,-6,5,-7,31,15,7,-6,-28,3,17,-10,36,10,10,-4,-26,-4,5,-8,32,10,8
32.4400,-7,-28,-5,5,-4,35,5,10,-7,-24,-2,3,-4,25,6,14,-7,-21,-3,7,-15,32,7,15,-3,-19,3,6,-7,34,1,9,2,-22,0,6,-11,33,9,11,-3,-28,-1,3,-11,36,14,9,-5,-24,-3,19,-10,35,10,9,-7,-23,3,6,-9,32,5,8
32.4600,-5,-25,-2,9,-3,37,11,7,-7,-26,-5,6,-9,20,10,15,-7,-22,-3,8,-15,35,9,18,-4,-25,-2,8,-8,33,-4,10,-3,-21,0,1,-9,33,9,7,-7,-29,-3,5,-9,35,10,10,-8,-22,1,18,-10,36,8,11,-6,-22,-4,3,-6,36,3,11
32.4800,-8,-21,-4,5,-5,34,5,7,-4,-27,-2,3,-10,22,15,12,-11,-27,-3,6,-9,33,8,19,-8,-20,-3,5,-9,36,3,7,2,-18,-1,7,-9,30,8,12,-6,-30,-3,4,-8,33,13,11,-8,-25,-5,17,-10,33,9,12,-4,-25,-3,4,-11,38,9,7
32.5000,-8,-23,-8,3,-5,37,6,10,-5,-25,-1,5,-9,23,8,12,-6,-25,0,2,-7,33,11,15,-5,-18,-5,3,-10,39,0,10,-2,-26,1,-1,-11,33,8,8,-3,-30,-4,4,-8,35,13,8,-5,-22,1,15,-11,31,2,10,0,-26,-4,2,-9,34,9,8
32.5200,-8,-21,-1,3,-3,34,8,11,-5,-24,0,4,-6,22,11,11,-11,-22,-4,3,-12,33,10,14,-5,-19,0,3,-9,36,-2,14,1,-24,-2,7,-14,32,5,11,-4,-31,-1,6,-11,33,10,11,-3,-24,-1,13,-6,34,11,9,-7,-23,-3,0,-16,36,3,10
32.5400,-10,-26,0,7,-5,33,6,9,-7,-18,-4,0,-7,23,12,12,-10,-20,-4,2,-10,30,7,19,-1,-20,2,7,-7,33,1,12,1,-25,0,2,-12,29,9,10,-5,-30,-4,6,-16,35,6,8,-8,-26,-2,12,-8,32,8,11,-8,-24,-6,5,-9,35,8,10
32.5600,-10,-24,-6,5,-3,35,5,6,-7,-21,-1,3,-9,25,17,14,-8,-22,-3,4,-12,32,8,20,-5,-21,1,1,-9,33,0,6,-3,-21,-5,1,-10,33,7,11,-7,-31,-1,6,-10,35,11,9,-4,-27,-3,16,-11,33,7,12,-8,-21,-4,8,-9,32,8,10
32.5800,-6,-25,-2,4,0,36,10,9,-8,-22,-5,-2,-9,27,12,9,-4,-23,-3,5,-9,37,7,20,-8,-18,-2,4,-7,33,0,11,0,-22,-6,3,-10,33,3,11,-1,-30,-3,8,-9,36,9,10,-7,-27,-1,16,-9,37,10,9,-9,-28,-4,1,-11,32,12,11
32.6000,-5,-22,-3,3,-6,32,8,9,-9,-22,-2,5,-9,24,11,6,-4,-20,-4,1,-18,35,10,17,-7,-22,-4,3,-9,38,-4,11,-4,-25,-8,1,-10,32,7,9,-3,-29,0,5,-9,35,11,5,-8,-22,-2,15,-7,31,12,6,-4,-26,0,5,-9,37,10,9
32.6200,-9,-21,-6,1,-4,35,2,11,-7,-20,-5,2,-9,23,8,9,-11,-22,-2,2,-14,34,11,16,-4,-18,0,5,-8,35,1,10,1,-23,2,4,-13,34,6,8,-7,-30,-2,1,-10,31,12,8,-8,-26,0,14,-11,36,7,13,-10,-28,-2,0,-11,31,7,11
32.6400,-6,-19,-1,4,-5,28,4,7,-6,-21,-1,2,-8,26,9,12,-6,-29,-2,2,-16,32,9,13,-4,-19,0,6,-6,31,-2,11,-1,-24,-4,5,-11,31,7,13,-6,-30,-1,4,-9,32,10,11,-6,-25,1,15,-8,35,8,8,-8,-20,0,1,-11,35,11,11
32.6600,-7,-21,-1,4,-6,29,8,4,-7,-19,1,3,-9,23,10,11,-8,-21,-4,4,-11,35,8,19,-3,-22,-4,0,-8,37,-3,9,3,-23,-3,4,-5,36,6,8,-2,-32,-1,3,-9,38,17,10,-11,-25,-1,13,-12,35,10,10,-11,-22,-3,4,-7,36,5,10
32.6800,-7,-21,-1,-2,-9,32,10,3,-4,-24,0,6,-6,23,10,9,-8,-27,-4,3,-12,29,8,20,-6,-19,-3,1,-9,32,-1,9,3,-27,0,7,-10,32,6,9,-5,-29,-6,8,-10,32,10,11,-3,-22,1,15,-11,37,8,12,-5,-24,-2,2,-10,36,7,10
32.7000,-6,-26,-7,4,3,32,8,6,-7,-24,-4,3,-6,25,11,8,-8,-25,-1,6,-13,37,6,16,-7,-23,-5,3,-9,32,-1,8,-4,-27,-3,7,-11,29,9,7,-6,-29,0,3,-12,35,13,12,-3,-29,-3,16,-8,40,12,13,-3,-22,-6,10,-12,35,4,12
32.7200,-7,-24,-5,4,-2,32,8,9,-4,-30,-6,6,-8,22,9,14,-10,-22,-5,4,-12,33,11,16,-5,-18,-1,4,-6,32,-2,11,-3,-23,-5,4,-9,35,8,8,-3,-30,-9,3,-9,34,12,8,-7,-24,-1,14,-5,32,7,12,-4,-23,1,4,-11,34,13,10
32.7400,-3,-19,-2,8,-2,34,9,11,-1,-26,-2,1,-9,20,11,12,-8,-26,-2,5,-15,33,5,18,-1,-18,-4,1,-10,35,2,8,2,-24,-3,6,-5,34,11,6,-6,-30,-1,6,-11,34,9,9,-6,-23,-4,12,-12,35,8,13,-6,-23,-1,3,-14,30,8,11
32.7600,-6,-21,-5,1,1,34,9,9,-8,-22,-6,7,-7,22,5,7,-9,-25,0,3,-10,34,9,20,-1,-19,0,0,-8,34,-2,11,1,-30,-4,4,-12,31,10,10,-5,-29,-2,5,-8,29,8,12,-4,-24,0,18,-6,30,11,11,-8,-27,1,6,-11,36,7,12
32.7800,-11,-26,-1,2,-3,32,7,12,-7,-25,-5,7,-9,19,7,11,-6,-22,-4,2,-10,30,10,17,-6,-17,-1,4,-10,37,-3,11,2,-25,-1,-1,-11,32,5,11,-3,-31,-4,5,-10,34,14,15,0,-26,0,15,-8,33,7,9,-10,-17,0,4,-11,35,8,9
32.8000,-8,-25,-2,3,-4,37,10,5,-11,-24,0,3,-10,25,10,9,-6,-21,-1,7,-15,34,13,13,-2,-19,-3,3,-9,34,2,8,-1,-22,-3,5,-10,33,8,8,-3,-33,-4,4,-9,32,10,9,-6,-19,-4,14,-8,35,11,9,-8,-23,-3,3,-8,36,8,8
32.8200,-10,-21,-2,0,-1,28,6,9,-5,-25,0,3,-7,28,7,9,-7,-27,-7,2,-15,29,9,18,-4,-19,-1,4,-7,34,0,7,0,-25,-3,5,-8,28,10,9,-6,-28,-3,3,-7,33,13,11,-6,-24,-5,14,-8,38,9,9,-8,-26,-6,3,-11,32,4,14
32.8400,-4,-21,-6,5,-2,34,9,2,-6,-23,-4,4,-14,21,10,14,-9,-25,1,8,-11,33,7,13,-6,-22,-6,5,-11,34,-1,10,-4,-24,-2,5,-10,33,9,13,-2,-26,-3,5,-10,32,11,12,-8,-21,-3,13,-12,38,11,10,-4,-24,-1,5,-8,38,8,8
32.8600,-8,-25,-2,5,-5,30,10,4,-6,-21,-3,4,-9,26,13,7,-10,-26,-6,5,-12,32,5,17,-7,-21,-5,5,-2,37,-3,8,1,-26,-6,3,-7,35,4,18,-9,-29,-2,7,-14,36,12,9,-7,-21,-2,13,-11,31,9,13,-4,-24,-3,3,-10,32,9,8
32.8800,-6,-21,-3,2,-1,31,8,3,-6,-23,-9,3,-8,24,8,10,-9,-23,-7,3,-9,32,12,15,-2,-24,0,0,-7,34,2,11,1,-26,-5,5,-12,33,8,11,-5,-29,-3,5,-13,32,13,10,-8,-20,-4,14,-11,33,13,11,-8,-22,-4,-1,-9,33,11,9
32.9000,-4,-24,-4,6,-2,36,3,11,-5,-25,-3,4,-7,20,8,9,-7,-25,-5,1,-12,32,11,17,-1,-21,-5,2,-7,35,-3,10,-1,-25,-5,6,-11,35,10,16,-5,-28,-4,2,-8,30,12,9,-5,-27,-3,16,-9,35,8,11,-7,-24,-6,4,-9,33,5,10
32.9200,-13,-20,0,1,-4,34,7,6,-5,-23,-4,1,-7,24,9,8,-14,-25,-4,3,-11,37,12,17,-4,-22,1,7,-7,32,2,8,1,-24,-4,5,-10,32,10,11,-7,-31,-5,1,-7,36,9,10,-5,-25,0,14,-13,36,6,11,-7,-24,-3,7,-9,32,6,11
32.9400,-8,-23,-5,3,-4,36,8,6,-9,-23,-10,1,-5,20,11,8,-6,-23,-4,3,-14,32,6,14,-3,-22,-6,3,-5,34,-4,7,1,-21,-4,3,-8,34,5,6,-6,-30,-4,4,-8,26,10,7,-7,-26,-1,15,-11,34,8,10,-7,-28,-3,2,-10,31,4,9
32.9600,-10,-16,-6,1,1,34,7,9,-4,-25,-3,2,-5,29,11,13,-7,-27,-10,3,-12,37,8,13,-3,-19,-7,9,-6,34,-2,7,0,-26,-3,5,-10,34,9,12,-2,-32,-8,3,-9,31,10,9,-6,-26,-2,9,-11,31,9,8,-8,-27,-3,4,-9,35,4,10
32.9800,-10,-23,-5,4,-1,31,7,5,-4,-22,-3,7,-9,25,9,13,-8,-25,-2,6,-14,30,7,17,-4,-22,-4,5,-9,39,-7,9,1,-24,-5,5,-8,32,6,8,-3,-31,-2,4,-11,34,9,5,-10,-27,-6,14,-10,31,11,11,-5,-25,-3,5,-5,32,5,10
33.0000,-4,-24,-4,1,-8,33,5,3,-4,-20,-4,1,-6,23,11,10,-6,-22,-2,2,-12,29,12,16,-3,-23,-7,5,-10,32,-3,7,3,-26,-4,2,-9,31,9,8,-8,-29,-6,4,-8,32,11,9,-8,-25,-1,10,-14,38,9,10,-5,-25,-5,5,-9,31,6,13
33.0200,-4,-19,-3,1,-5,33,10,11,-7,-26,-8,2,-9,24,13,10,-11,-25,-6,3,-13,35,12,17,-4,-20,-6,5,-7,36,-1,9,-1,-24,-6,2,-9,37,12,8,-6,-30,-7,5,-13,34,10,7,-8,-27,-8,15,-8,31,8,6,-7,-22,0,3,-13,31,8,14
33.0400,-10,-27,-9,7,-4,28,10,7,-6,-23,-5,6,-7,21,11,9,-10,-22,-6,4,-9,30,8,18,-1,-18,-5,6,-7,36,-2,6,0,-23,-5,6,-7,30,6,5,-1,-28,-3,7,-11,32,11,6,-3,-24,-6,10,-11,30,12,6,-4,-27,-5,7,-8,35,10,10
33.0600,-9,-23,-7,3,-1,31,8,10,-9,-25,-2,3,-6,26,9,14,-7,-25,-4,3,-11,28,7,15,-6,-20,-3,7,-5,34,1,10,-3,-26,-3,-1,-13,33,9,5,-5,-27,-2,6,-9,33,12,16,-7,-24,-3,9,-12,30,7,12,-5,-27,-2,0,-11,29,10,11
33.0800,-5,-22,-6,5,-3,28,7,6,-8,-25,0,-2,-6,25,8,9,-5,-25,-4,4,-13,32,12,15,-3,-20,-6,8,-8,37,3,9,-1,-28,-3,4,-10,28,11,6,-4,-25,-4,1,-14,33,10,10,-3,-24,-7,15,-9,30,10,9,-6,-24,-4,3,-3,33,11,5
33.1000,-1,-18,-5,1,-5,31,6,3,-7,-26,-7,2,-4,20,13,7,-8,-27,-6,0,-12,33,10,14,-4,-17,-6,3,-7,36,1,6,-1,-23,-1,2,-4,33,11,8,-2,-30,-6,7,-10,32,11,10,-1,-25,-6,17,-12,32,11,9,-7,-22,-6,5,-10,27,6,8
33.1200,-5,-21,-6,-2,0,32,6,3,-7,-23,-4,2,-10,27,10,8,-7,-25,-6,5,-15,33,10,16,-4,-19,-8,3,-6,32,-3,5,0,-31,-3,0,-9,32,6,6,-3,-26,-2,0,-10,27,10,8,-5,-25,-6,10,-9,34,17,7,-4,-28,-4,4,-11,31,10,10
33.1400,-7,-27,0,5,-4,35,8,7,-8,-25,-3,2,-9,21,13,10,-5,-32,-7,6,-11,30,15,14,-1,-22,-6,2,-7,30,-3,7,-4,-26,-5,5,-10,32,6,11,-3,-28,-7,0,-12,31,11,11,-4,-22,-5,10,-9,34,10,9,-4,-20,-3,2,-5,32,8,9
33.1600,-1,-20,-5,2,-1,33,11,7,-5,-28,-3,4,-5,26,6,8,-10,-26,-1,4,-13,32,12,19,-3,-22,-4,2,-2,35,-4,5,-3,-23,-5,2,-10,34,6,9,-5,-33,-10,3,-12,32,10,10,-4,-22,-8,12,-13,27,8,7,-1,-27,-6,1,-5,33,7,9
33.1800,-5,-19,-7,6,-4,33,4,7,-5,-23,-7,3,-7,23,10,8,-8,-28,-8,4,-12,33,9,18,0,-25,-5,-1,-8,33,-1,4,0,-22,-5,5,-6,34,7,8,-5,-27,-6,3,-10,32,14,9,0,-24,-4,13,-7,36,7,10,-11,-26,-5,3,-12,32,7,7
33.2000,-7,-24,-6,5,-3,31,9,6,-8,-23,-4,1,-5,24,11,10,-9,-29,-3,3,-11,35,12,16,-3,-19,1,3,-9,34,-1,9,-1,-18,-3,4,-9,30,13,7,-4,-26,-9,2,-14,31,8,10,-6,-29,-8,17,-11,34,9,9,-11,-26,-4,1,-8,33,7,13
33.2200,-9,-20,-4,6,-5,32,8,7,-7,-26,-5,-1,-6,23,9,8,-6,-22,-4,5,-11,33,11,14,0,-22,-3,4,-3,32,-5,10,-2,-22,-3,0,-9,37,7,8,-3,-28,-5,0,-12,34,11,10,-4,-25,-2,12,-7,30,8,3,-5,-31,-6,0,-9,35,11,10
33.2400,-9,-20,-5,4,-6,33,8,7,-7,-24,-5,3,-4,22,8,10,-12,-24,-7,9,-11,30,8,16,-5,-18,-7,3,-7,34,1,4,-2,-23,-9,2,-10,28,12,6,-4,-27,-4,1,-15,32,7,8,-4,-23,-5,10,-11,32,8,8,-6,-27,-3,0,-9,31,3,10
33.2600,-7,-19,-4,5,-6,34,9,8,-5,-27,-10,-2,-6,23,6,8,-9,-26,-5,4,-15,30,11,17,-6,-20,-7,4,-5,37,-3,8,-2,-27,-8,4,-13,30,5,7,-4,-28,-5,3,-10,29,12,6,-7,-26,-6,10,-11,30,11,6,-5,-24,-4,7,-11,33,12,10
33.2800,-6,-25,-4,1,-6,32,6,7,-8,-23,-7,3,-10,24,9,11,-7,-24,-1,4,-18,31,8,11,-6,-20,-8,4,-6,30,-3,4,-2,-27,-4,3,-12,30,10,6,-2,-29,-7,0,-14,33,10,10,-8,-29,-8,13,-9,32,8,9,-6,-28,-9,1,-7,34,5,3
33.3000,-1,-22,-6,1,-4,32,12,5,-6,-24,-5,4,-4,19,10,11,-9,-26,-3,2,-14,32,6,18,1,-19,-7,1,-10,35,-4,10,2,-26,-7,7,-11,36,5,8,-9,-30,-7,3,-13,30,12,10,-4,-24,-2,8,-14,31,8,8,-8,-23,-9,7,-7,30,10,7
33.3200,-6,-20,-6,0,-3,33,8,8,-3,-27,-4,3,-4,23,11,11,-6,-26,-8,8,-8,31,11,16,-3,-25,-3,-1,-4,37,-2,10,1,-22,-10,5,-10,33,6,7,-1,-26,-6,-3,-13,30,9,10,-5,-21,-4,14,-12,37,10,11,-8,-25,-12,2,-8,28,10,8
33.3400,-5,-21,-7,3,-3,34,7,6,-6,-27,-9,3,-4,21,8,8,-9,-23,-4,5,-10,36,12,14,-2,-26,-5,5,-4,29,-3,9,-2,-26,-5,5,-7,33,9,7,1,-24,-3,0,-13,32,9,8,-4,-23,-7,13,-10,30,6,7,0,-26,-1,2,-10,37,7,9
33.3600,-6,-20,1,4,-4,36,6,10,-10,-22,-11,3,-10,23,9,5,-10,-29,-7,5,-11,32,10,14,-5,-20,-4,3,-6,34,3,6,4,-28,-6,5,-9,33,6,4,-2,-30,-3,2,-6,34,9,7,-2,-28,-8,12,-11,30,5,4,-3,-26,-3,7,-5,34,5,6
33.3800,-6,-24,-8,6,-5,31,7,5,-6,-28,-4,3,-8,19,8,13,-6,-23,-2,-2,-13,33,4,15,-4,-20,-7,4,-5,31,2,6,-2,-29,-6,0,-10,33,4,7,-3,-32,-4,8,-11,28,13,11,-6,-24,-6,16,-10,29,8,9,-5,-25,-6,2,-10,34,7,7
33.4000,-5,-23,-7,6,0,32,9,3,-4,-26,-4,3,-3,24,7,6,-7,-24,-5,5,-11,25,14,17,-5,-19,-8,2,-9,35,-4,9,2,-21,-5,3,-9,32,5,7,2,-27,-3,7,-8,30,8,13,-5,-24,-9,7,-12,30,4,9,-8,-25,-8,4,-13,31,7,9
33.4200,-4,-25,-6,3,-3,29,5,6,-7,-26,-3,5,-8,21,9,11,-8,-28,-2,2,-10,36,12,20,-4,-18,-7,3,-9,29,0,8,0,-25,-8,-4,-8,32,5,9,-2,-28,-12,-1,-13,30,12,12,-5,-23,-6,10,-10,31,9,6,-3,-25,-7,1,-6,30,5,10
33.4400,-3,-24,-3,2,-4,33,9,5,-4,-26,-11,-1,-6,22,9,7,-7,-27,-4,1,-12,33,11,17,-3,-23,-6,2,-9,33,1,10,-3,-26,-6,4,-14,31,8,9,0,-30,-3,4,-9,32,8,13,-6,-27,-10,11,-11,30,6,7,-5,-25,-7,5,-10,30,12,9
33.4600,-3,-24,-8,5,-7,28,7,11,-3,-28,-6,3,-10,24,9,11,-9,-25,-4,4,-14,34,9,18,-6,-18,-11,3,-5,36,0,10,-2,-27,-5,1,-12,29,11,6,0,-30,-8,8,-10,28,12,10,-5,-22,-9,12,-12,35,5,8,-6,-23,-7,7,-9,33,13,10
33.4800,-2,-18,-9,7,-1,30,11,4,-9,-21,-8,1,-7,23,10,10,-5,-24,-7,4,-14,30,7,14,-5,-23,-8,2,-5,34,2,12,0,-21,-9,8,-7,33,5,5,-5,-27,-5,3,-12,29,8,4,-4,-23,-10,9,-9,30,10,7,-9,-19,-6,1,-13,31,8,10
33.5000,-3,-20,-10,4,-7,29,8,6,-6,-24,-6,5,-9,24,7,8,-8,-24,-8,5,-12,34,6,11,-1,-20,-8,1,-9,32,-1,3,-1,-23,-6,4,-12,31,5,9,-5,-27,-10,1,-9,31,8,5,-4,-23,-9,12,-7,28,10,9,-5,-21,-5,5,-9,33,8,10
33.5200,-3,-25,-5,3,-3,29,8,4,-7,-26,-2,2,-8,22,8,12,-9,-26,-5,6,-12,33,12,18,-7,-19,-7,0,-6,32,-3,8,-5,-26,-9,-2,-9,30,7,8,-3,-29,-3,3,-17,31,9,7,-6,-25,-11,7,-8,32,9,9,2,-29,-8,1,-8,27,4,10
33.5400,0,-19,-6,3,-7,30,9,9,-3,-24,-8,5,-10,23,13,7,-7,-26,-4,0,-13,32,10,15,-4,-21,-5,3,-7,36,-4,2,1,-28,-8,-1,-8,33,9,11,-4,-32,-8,4,-10,34,8,11,0,-22,-3,10,-12,34,6,8,-4,-24,-6,3,-14,32,8,9
33.5600,-6,-24,-7,5,-1,31,12,4,-3,-28,-11,-1,-9,22,15,8,-1,-24,-8,1,-9,29,8,15,-6,-24,-11,5,-8,36,1,10,3,-25,-8,3,-3,32,11,7,-2,-28,-7,0,-14,30,10,6,-5,-23,-4,8,-10,32,9,5,-8,-25,-4,1,-8,30,8,8
33.5800,0,-25,-6,4,-1,31,12,7,-9,-22,-4,7,-6,23,8,7,-6,-23,-7,-2,-12,32,11,13,0,-22,-9,2,-9,36,-2,6,-2,-23,-6,4,-9,37,5,8,-5,-29,-7,2,-10,29,13,10,-5,-25,-6,9,-10,31,10,9,-1,-28,-11,11,-4,27,9,7
33.6000,-4,-20,-5,7,-3,30,10,10,-5,-24,-8,2,-6,22,10,7,-9,-26,-9,4,-13,29,15,16,-3,-26,-7,-1,-5,35,-2,9,-3,-24,-7,5,-5,31,4,5,1,-26,-7,6,-7,31,8,5,-2,-26,-6,9,-11,32,10,10,-8,-24,-4,6,-8,27,9,11
33.6200,-8,-23,-8,6,-2,36,7,6,-7,-25,-4,-1,-6,21,5,10,-7,-24,-5,1,-11,29,10,12,-7,-23,-8,4,-6,33,0,8,-1,-28,-6,1,-5,31,8,8,0,-30,-10,3,-14,30,7,10,0,-28,-3,16,-6,27,11,5,-7,-29,-9,5,-11,27,9,8
33.6400,-5,-21,-10,0,-5,29,5,10,-5,-28,-3,1,-8,26,12,11,-7,-24,-3,7,-8,30,10,13,-5,-23,-7,4,-5,32,-1,5,-2,-28,-6,8,-10,29,10,8,-2,-27,-11,-1,-10,31,8,10,-1,-29,-9,13,-10,32,10,4,-4,-22,-9,3,-10,31,6,8
33.6600,-6,-19,-9,6,-4,33,7,3,-5,-22,-7,2,-8,20,9,6,-4,-30,-7,2,-8,32,12,15,-9,-25,-7,3,-5,31,-2,6,-3,-31,-8,1,-6,32,6,6,-1,-28,-12,1,-12,33,11,9,-1,-22,-6,8,-9,30,8,4,-5,-26,-5,3,-11,31,11,7
33.6800,-3,-21,-9,-1,-6,34,8,10,1,-24,-8,6,-7,19,12,10,-5,-28,-8,2,-9,32,11,16,-4,-22,-7,5,-3,33,-2,8,-1,-22,-8,0,-9,34,7,5,1,-29,-8,-2,-11,32,6,10,-4,-25,-10,10,-11,34,9,7,-3,-25,-5,2,-9,34,5,4
33.7000,-3,-22,-6,2,-8,32,6,7,-2,-20,-2,0,-6,22,12,8,-12,-24,-8,5,-9,32,10,19,-7,-18,-7,2,-6,30,0,5,0,-20,-6,4,-10,30,10,7,-4,-28,-9,5,-14,31,7,8,-6,-22,-5,9,-7,34,9,7,-3,-25,-10,3,-9,34,11,7
33.7200,-7,-24,-11,1,-2,29,11,9,-6,-24,-8,5,-8,25,10,9,-5,-29,-5,7,-7,30,7,13,-1,-22,-8,1,-10,31,3,7,-2,-22,-11,0,-10,32,11,8,4,-27,-6,0,-14,31,10,9,-3,-22,-9,9,-14,31,7,4,-5,-25,-4,9,-9,34,12,6
33.7400,-1,-23,-8,6,-1,33,7,7,-5,-27,-10,3,-8,22,9,8,-8,-28,-8,2,-13,30,11,15,0,-25,-10,4,-6,31,1,8,-2,-28,-1,2,-10,33,10,8,-1,-26,-9,3,-9,32,14,8,-8,-20,-12,13,-9,29,11,10,-3,-25,-8,1,-10,27,7,7
33.7600,-6,-21,-8,7,-5,30,7,8,-6,-22,-8,4,-4,22,12,6,-3,-26,-7,0,-12,32,12,21,-3,-24,-10,5,-8,29,-3,6,-4,-31,-8,3,-6,31,8,5,1,-31,-7,4,-9,33,7,6,-7,-25,-4,10,-13,28,11,7,-6,-27,-7,0,-10,29,6,7
33.7800,-3,-26,-7,2,-3,28,11,7,-5,-23,-4,2,-5,23,9,5,-4,-29,-5,2,-10,30,11,18,-5,-21,-11,0,-6,29,-3,6,-2,-22,-5,6,-11,31,10,4,0,-24,-5,-3,-16,35,12,11,-3,-21,-10,12,-11,34,10,6,-3,-28,-10,2,-10,35,7,5
33.8000,-2,-25,-6,5,-2,29,11,7,-7,-26,-8,-1,-7,21,8,10,-7,-29,0,-1,-6,31,14,16,-4,-24,-6,2,-9,27,1,8,-3,-25,-6,3,-7,32,9,7,-1,-29,-10,3,-13,29,8,7,1,-25,-11,8,-7,27,12,7,-6,-26,-8,6,-14,31,9,7
33.8200,-10,-22,-4,4,-1,33,6,11,-4,-28,-8,2,-6,24,11,3,-6,-32,-5,2,-9,30,11,17,-1,-23,-11,1,-8,28,-1,7,-5,-28,-8,1,-8,31,8,6,7,-28,-8,5,-14,29,7,7,-3,-25,-13,10,-12,33,6,5,-4,-28,-4,1,-5,31,10,8
33.8400,-6,-24,-7,2,-3,30,7,13,-2,-27,-8,6,-8,22,10,7,-5,-25,-6,5,-10,33,12,17,-3,-23,-6,-1,-10,27,-2,6,-3,-27,-11,5,-6,31,3,7,-1,-29,-6,4,-11,31,9,8,-1,-25,-5,8,-10,34,7,7,-4,-25,-9,5,-8,34,10,8
33.8600,-6,-19,-7,6,-1,29,12,10,-4,-24,-7,7,-4,26,5,7,-5,-28,-11,2,-10,32,8,18,0,-23,-7,3,-3,32,1,11,1,-24,-7,-1,-11,33,4,8,2,-24,-10,0,-14,28,12,9,-2,-23,-7,10,-8,33,7,9,-3,-22,-10,7,-5,35,8,7
33.8800,-6,-23,-6,1,-5,29,5,7,-4,-28,-8,-1,-2,24,8,7,-4,-29,-9,4,-9,32,11,19,-1,-22,-9,4,-9,30,1,4,-4,-27,-5,7,-7,29,7,6,-3,-22,-7,2,-9,29,6,3,-3,-29,-5,11,-12,30,7,7,-6,-26,-6,4,-9,30,5,13
33.9000,-5,-20,-9,4,-7,28,12,6,-3,-30,-3,4,-7,22,8,7,-7,-26,-7,0,-9,30,13,14,-2,-27,-6,2,-8,28,-2,7,-4,-30,-7,-2,-8,26,6,11,1,-34,-8,7,-10,27,8,8,0,-25,-11,7,-10,33,11,2,-4,-26,-10,2,-11,30,11,10
33.9200,-3,-21,-7,4,-3,32,5,4,-7,-25,-5,3,-7,23,8,5,-9,-26,-8,2,-12,28,11,13,-2,-23,-10,5,-8,30,1,2,-2,-29,-8,4,-7,27,7,7,-2,-30,-8,3,-11,28,12,7,-1,-27,-14,10,-7,29,7,7,-3,-25,-12,4,-8,31,9,4
33.9400,-3,-19,-6,2,1,30,8,5,-9,-26,-7,3,-6,21,7,7,-5,-26,-10,6,-11,29,9,17,-4,-22,-11,4,-8,31,1,6,-7,-25,-6,5,-6,33,13,3,-2,-29,-7,2,-14,30,5,11,-2,-28,-12,4,-7,29,8,8,-5,-23,-12,2,-12,35,8,9
33.9600,1,-19,-11,2,1,31,9,5,-3,-27,-11,1,-7,19,7,10,-4,-29,-5,3,-11,29,12,18,-4,-24,-12,5,-8,33,-3,8,-2,-26,-6,4,-12,33,6,5,-1,-26,-7,3,-13,30,9,10,-2,-27,-7,12,-11,33,7,4,-8,-25,-5,2,-10,34,14,7
33.9800,-1,-23,-10,-2,3,30,12,6,-5,-22,-8,2,-8,21,6,4,-7,-27,-9,4,-11,29,8,16,-2,-22,-10,1,-4,29,-6,10,-2,-31,-11,5,-9,33,7,9,-6,-26,-7,-4,-13,29,12,9,-2,-27,-11,7,-8,31,7,8,-6,-27,-9,1,-7,33,10,4
34.0000,-6,-21,-11,1,-5,30,8,6,-5,-26,-9,2,-5,22,8,8,-9,-26,-9,3,-8,32,4,18,-5,-26,-5,5,-8,31,-1,5,-6,-31,-14,1,-11,32,8,8,-2,-31,-9,2,-12,29,11,9,-3,-22,-9,10,-13,29,8,4,-7,-24,-13,2,-11,32,7,7
34.0200,-7,-23,-5,2,-3,28,11,11,-3,-24,-9,1,-6,23,11,8,-6,-30,-9,1,-9,25,9,17,-4,-22,-3,5,-10,29,0,6,-2,-29,-8,4,-5,34,7,7,-3,-30,-8,5,-12,32,8,4,-2,-24,-8,7,-10,27,7,7,-4,-24,-11,1,-6,30,12,7
34.0400,-4,-18,-9,2,-1,30,5,8,-6,-25,-7,2,-2,20,4,4,-4,-30,-8,1,-8,32,8,16,0,-28,-9,5,-8,31,2,7,-4,-28,-11,1,-3,32,11,5,-1,-28,-11,2,-11,28,11,8,-4,-26,-11,11,-10,30,7,8,-8,-26,-10,4,-9,34,11,7
34.0600,-6,-18,-6,5,1,30,6,7,-7,-29,-8,4,-2,23,7,10,-2,-26,-9,3,-8,30,10,14,-6,-25,-9,5,-5,33,-3,5,-7,-28,-11,4,-7,28,7,7,-2,-26,-12,9,-14,31,7,13,-3,-24,-6,11,-11,36,4,9,-4,-25,-6,4,-10,33,13,9
34.0800,-2,-22,-6,1,3,29,9,6,-8,-27,-7,4,-4,21,9,4,-6,-27,-13,3,-11,29,10,15,-1,-24,-8,2,-7,23,-5,6,-1,-23,-6,0,-8,31,8,8,-2,-25,-9,8,-7,34,7,7,-5,-28,-8,11,-9,31,10,6,-4,-25,-12,1,-7,30,13,8
34.1000,-6,-19,-11,5,-6,31,13,3,-8,-23,-7,3,-12,23,10,7,-2,-30,-8,3,-6,32,11,17,-5,-24,-6,4,-11,28,2,4,-6,-25,-9,2,-7,30,5,8,-4,-26,-10,5,-13,25,9,11,-3,-24,-7,8,-10,35,6,6,-5,-25,-5,5,-5,29,5,10
34.1200,-3,-19,-9,4,-2,33,14,7,-4,-26,-8,3,-2,22,5,5,-5,-35,-7,4,-9,32,12,17,-5,-27,-7,3,-7,30,1,4,-6,-24,-5,5,-10,31,5,8,4,-28,-10,2,-10,29,12,6,-1,-20,-16,11,-5,29,6,6,-1,-25,-9,2,-9,28,10,3
34.1400,0,-24,-12,2,2,32,8,4,2,-27,-7,3,-9,23,5,5,-7,-26,-6,6,-10,29,9,18,-2,-24,-11,2,-6,29,-1,6,1,-28,-8,2,-8,33,8,4,0,-28,-9,5,-15,32,9,9,-5,-23,-8,6,-9,29,5,7,-5,-24,-9,-1,-3,30,3,11
34.1600,-3,-16,-10,2,-2,32,6,4,-3,-22,-10,3,-9,19,12,8,-7,-24,-7,-1,-8,28,12,16,-1,-24,-5,1,-5,34,-2,7,-3,-25,-6,1,-6,27,9,2,-1,-29,-8,8,-14,28,4,9,-6,-24,-9,8,-10,34,11,6,-6,-25,-9,6,-7,32,7,11
34.1800,-3,-20,-6,-1,-9,31,6,8,-6,-28,-10,5,-7,21,10,3,-5,-24,-11,3,-8,31,12,14,0,-23,-9,4,-10,31,-2,4,-5,-29,-8,1,-7,32,8,4,-8,-32,-7,2,-12,28,10,8,-8,-29,-9,6,-5,32,10,5,0,-27,-10,3,-11,29,12,8
34.2000,-5,-14,-10,6,-5,31,7,7,-5,-27,-6,4,-6,19,11,2,-7,-25,-7,6,-7,34,9,15,-3,-26,-11,0,-10,30,0,3,0,-26,-7,3,-11,28,7,8,-3,-32,-11,6,-11,31,6,4,2,-26,-8,7,-8,34,6,7,-2,-29,-7,1,-8,33,8,10
34.2200,-4,-18,-10,2,0,30,11,4,-6,-25,-6,3,-4,18,11,8,-2,-29,-9,-1,-10,32,11,19,2,-22,-11,0,-8,31,-2,5,-5,-26,-10,4,-5,30,1,5,3,-27,-7,5,-15,29,11,10,-2,-21,-14,10,-8,31,5,5,-4,-25,-10,1,-8,28,8,11
34.2400,-8,-22,-9,4,3,30,12,6,-2,-29,-9,1,-6,23,3,5,-6,-26,-6,1,-8,35,8,17,3,-25,-8,4,-9,31,1,3,-4,-27,-7,1,-8,31,8,4,1,-33,-6,3,-14,32,6,9,-1,-24,-13,7,-9,30,10,6,-3,-22,-13,0,-9,31,8,5
34.2600,-1,-22,-10,4,-1,28,13,9,-4,-25,-9,5,-4,25,8,4,-6,-26,-10,2,-6,27,7,14,-6,-26,-7,-1,-7,27,1,4,-2,-31,-11,4,-4,27,11,4,4,-32,-11,1,-11,35,13,12,-1,-28,-10,10,-7,31,12,8,-4,-27,-11,4,-9,29,10,5
34.2800,-4,-23,-9,3,0,31,11,7,-5,-28,-8,5,-10,24,8,-1,-4,-28,-8,1,-12,30,13,14,-3,-26,-9,3,-10,29,-2,3,0,-30,-12,2,-4,31,10,5,1,-21,-10,3,-14,27,11,12,-6,-27,-11,6,-8,32,9,11,0,-27,-11,3,-5,28,9,7
34.3000,-2,-19,-11,4,-4,31,12,8,-8,-28,-10,7,-6,20,9,3,-4,-31,-11,2,-13,27,9,19,1,-26,-10,6,-7,31,1,7,-2,-29,-12,-2,-5,31,8,3,0,-30,-11,3,-17,27,11,6,-6,-23,-14,11,-9,31,12,7,-4,-23,-9,4,-9,35,8,6
34.3200,-3,-22,-12,-1,-2,30,11,7,-7,-27,-9,2,-8,19,8,5,-6,-28,-10,9,-8,33,13,15,-2,-22,-5,3,-11,28,0,5,-4,-29,-14,5,-9,35,10,6,-1,-26,-9,5,-12,30,7,8,-2,-25,-10,8,-5,30,9,7,-2,-25,-8,-1,-11,33,8,7
34.3400,-6,-22,-17,2,-2,32,12,9,-7,-23,-11,1,-5,25,8,3,-4,-24,-9,8,-8,31,11,16,-1,-29,-4,1,-9,28,-3,4,-2,-28,-11,3,-6,32,3,3,2,-32,-10,-1,-11,28,7,9,-5,-25,-11,13,-11,27,9,5,-4,-24,-12,-1,-14,33,11,8
34.3600,-4,-20,-13,5,-6,28,10,3,-1,-26,-9,2,-5,22,8,7,-2,-28,-9,9,-8,28,10,13,0,-26,-11,2,-11,28,-3,2,-2,-27,-10,2,-8,34,7,1,-1,-25,-11,1,-11,29,8,9,2,-28,-11,10,-6,31,11,7,-5,-24,-9,7,-14,33,9,9
34.3800,-3,-21,-12,1,-4,31,12,8,-3,-26,-11,0,-4,20,7,5,-1,-25,-9,3,-9,29,11,16,0,-25,-12,3,-10,36,0,7,-2,-23,-13,1,-7,30,2,6,6,-28,-11,0,-9,30,8,13,0,-25,-6,15,-7,29,8,6,-5,-24,-7,2,-10,30,10,10
34.4000,-1,-21,-9,2,-3,29,12,8,-5,-26,-11,4,-5,18,10,3,-7,-28,-13,2,-8,29,13,20,0,-24,-3,1,-8,31,2,7,-2,-28,-12,3,-6,28,7,7,-1,-32,-11,-1,-12,25,9,7,-3,-27,-13,6,-7,32,10,8,-2,-28,-10,-1,-10,30,5,7
34.4200,0,-22,-9,6,-6,28,11,10,-5,-24,-13,1,-10,22,4,5,-4,-29,-9,4,-9,32,14,17,2,-25,-6,1,-10,29,-2,8,0,-33,-13,5,-5,30,8,7,-2,-29,-11,4,-11,28,6,5,-6,-26,-12,12,-7,26,14,9,-5,-23,-12,0,-8,28,7,10
34.4400,-2,-19,-11,8,-2,29,13,7,-4,-29,-9,5,-6,19,4,2,-4,-31,-9,2,-8,27,10,14,3,-26,-13,1,-11,27,-3,9,-3,-24,-13,4,-7,30,7,4,-4,-31,-13,0,-14,34,8,9,-3,-27,-9,11,-8,26,8,8,-5,-24,-7,2,-8,30,10,4
34.4600,-5,-20,-9,-2,1,27,12,5,-1,-29,-15,4,-6,21,13,7,-6,-30,-6,1,-7,31,10,19,-3,-27,-11,-2,-10,31,2,10,-2,-25,-12,4,-6,33,11,7,-1,-32,-8,1,-8,30,6,11,-4,-25,-17,6,-9,29,9,4,-3,-23,-10,6,-7,31,9,7
34.4800,-2,-21,-16,1,-6,29,10,6,1,-24,-11,4,-5,22,3,9,-1,-28,-12,4,-10,32,9,22,-4,-24,-12,3,-8,28,-2,6,1,-28,-10,3,-5,33,9,8,-2,-30,-14,3,-11,26,7,8,-2,-25,-14,4,-10,27,10,7,-1,-25,-13,3,-8,27,11,7
34.5000,-2,-24,-8,5,-1,28,5,10,-8,-27,-11,1,-7,22,6,2,-4,-29,-13,1,-11,31,11,16,1,-24,-11,5,-9,31,3,3,-2,-24,-14,5,-4,27,9,6,-2,-27,-8,4,-13,33,11,7,-4,-24,-12,6,-6,35,10,3,-2,-27,-12,1,-9,31,10,8
34.5200,-3,-22,-9,6,-3,31,12,8,-5,-26,-15,5,-1,21,9,7,-4,-26,-12,2,-10,30,11,17,-3,-27,-12,4,-9,27,1,6,-2,-22,-11,2,-7,28,7,6,2,-28,-7,1,-9,28,10,9,-8,-25,-13,10,-5,27,11,6,-2,-26,-11,-2,-6,35,11,5
34.5400,-5,-20,-10,0,-3,30,7,7,2,-32,-9,4,-4,23,9,1,-4,-28,-10,2,-7,29,14,15,-4,-27,-12,4,-11,22,0,7,3,-30,-13,1,-6,33,12,8,2,-25,-11,3,-9,28,10,11,-3,-24,-14,8,-12,31,8,7,0,-24,-13,1,-7,29,11,7
34.5600,1,-20,-11,1,-1,34,12,7,-3,-20,-10,5,-8,16,8,5,-3,-27,-11,6,-6,29,13,15,-1,-26,-11,-2,-10,28,-5,4,2,-27,-9,7,-6,29,8,7,0,-25,-10,2,-13,27,9,7,0,-28,-14,11,-6,30,11,1,-3,-27,-13,3,-9,31,10,8
34.5800,-4,-24,-12,4,-2,32,14,12,2,-27,-12,2,-6,22,8,2,-1,-30,-9,3,-9,29,11,18,2,-27,-13,0,-8,29,0,10,-2,-29,-4,4,-9,31,11,8,1,-29,-9,1,-9,26,7,5,-6,-24,-10,12,-9,28,8,4,-4,-26,-12,1,-8,29,7,8
34.6000,2,-20,-12,0,0,29,11,7,-2,-25,-12,1,-2,20,10,6,-8,-27,-13,4,-9,32,5,16,-2,-28,-11,1,-3,28,0,6,-8,-33,-12,-1,-7,30,8,2,1,-31,-12,2,-11,33,8,4,2,-29,-10,4,-8,31,13,1,-4,-26,-10,6,-8,30,9,10
34.6200,-3,-25,-13,2,-4,31,9,10,-5,-27,-11,7,-5,20,8,6,-5,-30,-12,2,-4,29,7,21,-1,-29,-9,2,-7,30,-1,11,0,-26,-13,1,-4,28,10,5,-3,-27,-14,2,-11,28,6,6,-2,-23,-9,11,-10,30,4,6,0,-25,-11,3,-10,27,5,5
34.6400,-1,-18,-10,3,1,29,15,8,-3,-26,-9,5,-4,22,9,5,-7,-26,-12,2,-4,30,8,17,-2,-27,-14,3,-6,28,0,5,-2,-34,-8,-1,-1,29,13,7,1,-27,-11,4,-11,26,6,9,1,-28,-13,9,-9,32,10,4,-5,-30,-10,1,-11,30,9,4
34.6600,0,-22,-11,-3,-4,30,12,6,-2,-25,-13,-2,-5,23,6,4,-7,-28,-7,3,-8,32,9,14,-1,-28,-14,2,-12,25,-2,5,0,-25,-12,-1,-7,28,9,6,4,-28,-14,3,-10,28,7,7,-2,-26,-16,10,-2,29,7,7,-7,-26,-14,3,-9,32,11,7
34.6800,-4,-20,-17,-2,-2,29,14,8,-6,-27,-13,0,-9,21,9,7,-3,-29,-7,5,-10,29,12,17,-4,-27,-10,3,-5,27,3,4,-1,-25,-15,7,-12,31,6,5,-2,-24,-13,1,-8,25,9,8,-4,-25,-8,10,-9,33,9,5,-2,-23,-10,4,-8,30,10,8
34.7000,4,-22,-10,-2,5,30,8,9,-3,-25,-15,0,-11,21,5,5,-3,-29,-16,3,-9,34,10,18,-3,-25,-9,10,-11,24,2,3,-1,-24,-13,1,-6,32,14,4,4,-28,-13,3,-15,29,5,9,0,-27,-12,11,-6,28,8,8,-1,-26,-12,6,-5,29,6,7
34.7200,-1,-20,-9,2,-4,26,9,5,-5,-25,-8,1,-9,20,5,7,-6,-26,-11,3,-11,32,10,20,-4,-26,-14,2,-9,29,2,6,-6,-29,-11,3,-4,32,8,3,1,-31,-12,-1,-7,25,11,6,0,-24,-12,10,-4,30,10,1,-2,-29,-13,1,-8,32,9,8
34.7400,1,-23,-9,3,-1,30,10,5,-4,-25,-11,3,-7,18,4,3,-8,-26,-11,4,-9,32,9,12,-3,-22,-11,6,-9,26,3,8,-2,-24,-11,4,-7,33,6,1,-2,-25,-14,3,-15,30,7,12,-3,-29,-17,9,-10,28,5,7,-4,-30,-9,2,-9,29,7,7
34.7600,-2,-23,-13,2,-2,32,13,11,-3,-25,-14,4,-3,20,10,8,-3,-34,-12,4,-10,33,7,16,-1,-27,-11,3,-11,28,-5,3,-2,-34,-14,0,-6,32,10,4,2,-26,-12,1,-11,29,8,9,-4,-23,-17,11,-9,30,9,9,2,-28,-11,6,-5,29,15,6
34.7800,-3,-19,-12,5,-4,28,8,7,-6,-25,-15,-1,-4,22,6,2,-1,-26,-12,1,-6,31,11,19,-5,-24,-10,-1,-9,30,3,6,-2,-29,-12,7,-13,26,7,4,0,-30,-11,4,-11,30,8,7,0,-25,-15,12,-10,31,12,4,-2,-24,-11,5,-7,30,8,6
34.8000,0,-20,-13,-2,0,30,7,7,-5,-24,-12,0,-4,17,8,4,-4,-30,-13,2,-5,30,15,19,-1,-26,-14,4,-9,28,-4,9,-3,-29,-10,0,-10,28,11,8,-2,-29,-13,3,-12,29,3,9,-4,-24,-14,9,-8,28,13,3,-3,-28,-13,4,-3,25,11,3
34.8200,-2,-22,-10,3,-1,30,10,5,-1,-24,-9,2,-3,21,7,4,2,-28,-18,4,-6,34,10,15,-4,-27,-12,-1,-7,25,-1,3,-2,-30,-16,2,-3,32,10,9,2,-28,-16,3,-10,29,6,11,2,-25,-9,11,-7,31,12,9,-3,-25,-15,2,-9,31,8,7
34.8400,2,-24,-15,5,-2,33,12,7,-6,-24,-12,-3,-6,18,2,2,-7,-30,-14,2,-1,30,6,21,-3,-29,-9,4,-6,23,0,4,-2,-27,-13,1,-7,30,8,5,2,-30,-12,3,-12,33,5,6,3,-28,-17,10,-3,32,10,5,-8,-25,-11,2,-8,30,10,6
34.8600,-1,-24,-13,2,-1,31,10,3,-3,-25,-11,-4,-5,22,8,3,-3,-30,-16,0,-10,29,10,18,1,-29,-16,-1,-1,28,3,3,-4,-29,-12,4,-6,30,7,7,4,-26,-13,0,-12,33,6,2,-5,-31,-16,11,-8,31,10,5,-2,-24,-13,4,-7,31,7,6
34.8800,-2,-23,-13,0,-4,35,13,6,-4,-20,-15,1,-7,23,8,7,-5,-31,-11,-5,-11,31,9,19,-4,-25,-13,3,-11,25,1,10,-3,-24,-12,4,-6,28,8,6,-2,-32,-12,1,-11,28,6,9,0,-26,-14,8,-8,26,8,4,-3,-24,-13,0,-5,26,8,2
34.9000,-4,-29,-15,0,1,30,10,7,-4,-24,-13,1,-6,19,6,4,-6,-25,-12,1,-8,29,13,17,-1,-28,-14,4,-10,27,-1,3,-2,-26,-10,3,-5,27,12,5,0,-31,-14,3,-7,32,11,7,-1,-28,-16,9,-12,30,6,9,-1,-26,-14,3,-4,27,9,7
34.9200,-1,-23,-12,3,1,29,13,10,-1,-22,-13,3,-6,18,4,8,-4,-27,-15,1,-2,36,9,17,-3,-26,-13,-1,-10,22,-1,3,1,-25,-14,4,-6,29,6,2,5,-25,-10,1,-11,28,5,5,-2,-28,-18,5,-11,29,9,5,-1,-28,-13,1,-6,32,7,5
34.9400,0,-21,-13,-2,3,30,13,4,-2,-24,-11,4,-6,23,6,8,-4,-31,-12,-2,-9,32,10,20,1,-25,-15,4,-8,29,3,4,-6,-30,-14,-2,-6,30,9,7,2,-29,-16,3,-9,30,8,7,-4,-25,-13,10,-6,25,10,11,-6,-23,-13,0,-4,27,6,5
34.9600,-3,-20,-10,-3,-2,28,9,11,-8,-25,-11,-4,-9,20,6,3,-5,-30,-15,2,-3,33,8,17,-1,-22,-13,-1,-8,30,3,5,2,-24,-8,2,-4,32,12,3,1,-27,-13,9,-14,29,7,4,-1,-28,-15,7,-9,29,10,5,1,-23,-6,-3,-8,32,11,7
34.9800,2,-22,-12,1,0,32,10,7,-4,-22,-12,4,-6,19,12,3,-2,-29,-11,0,-6,30,7,14,1,-28,-15,2,-8,29,-3,2,-3,-30,-12,7,-3,33,10,5,2,-25,-13,3,-9,29,7,12,-4,-27,-13,7,-4,29,9,7,-4,-27,-13,0,-10,29,16,10
35.0000,-1,-26,-10,4,3,30,12,9,-2,-23,-15,1,-10,19,7,6,-3,-26,-10,0,-7,27,13,19,-3,-26,-12,-2,-8,28,1,9,3,-32,-13,6,-3,29,10,3,-2,-27,-9,2,-12,30,10,10,-1,-29,-12,13,-10,24,10,8,-6,-25,-9,-2,-6,28,7,3
35.0200,-3,-24,-17,1,1,31,10,9,1,-26,-14,2,-2,22,9,2,-6,-25,-9,4,-4,27,11,19,-1,-25,-13,4,-5,26,3,5,1,-20,-16,1,-3,35,9,2,0,-30,-13,-1,-10,27,8,6,-6,-25,-13,7,-6,25,10,9,-2,-32,-13,-1,-13,33,7,5
35.0400,-5,-23,-13,3,-3,25,11,8,2,-28,-12,5,-3,21,5,5,-9,-28,-9,2,-5,29,15,20,-2,-25,-18,5,-6,25,0,4,2,-31,-12,-2,-7,32,10,6,4,-29,-12,6,-11,30,5,6,3,-25,-12,14,-6,28,10,10,-1,-26,-13,0,-4,31,9,6
35.0600,-3,-24,-16,4,-1,26,10,10,0,-29,-15,0,-4,18,7,2,-4,-25,-9,1,-4,32,9,20,-2,-24,-15,5,-4,28,-1,8,-4,-28,-7,1,-8,33,9,5,0,-24,-17,1,-11,28,6,8,-2,-25,-16,9,-6,31,8,7,3,-25,-16,2,-9,32,8,4
35.0800,-1,-23,-15,1,-1,30,12,12,-7,-24,-15,2,-2,23,8,8,-4,-27,-10,3,-8,30,9,24,-1,-26,-11,1,-5,29,-3,6,-3,-28,-12,3,-5,28,7,7,2,-32,-14,2,-11,34,7,7,1,-26,-18,5,-11,29,12,4,1,-23,-13,-1,-5,28,16,5
35.1000,3,-25,-12,4,2,30,12,8,-5,-28,-10,1,-11,21,7,3,-6,-29,-13,4,-5,32,10,19,0,-27,-12,2,-13,26,-1,7,-1,-29,-13,4,-4,27,9,4,-1,-27,-12,0,-12,27,9,10,-1,-27,-14,11,-9,27,7,6,2,-23,-16,1,-11,27,6,8
35.1200,0,-22,-17,3,0,29,13,5,-3,-27,-13,2,-5,22,11,0,-4,-28,-13,4,-7,34,9,23,-6,-27,-12,4,-8,23,-2,7,-1,-25,-14,-1,-8,28,7,8,6,-31,-15,4,-9,29,6,6,-1,-26,-18,11,-11,29,6,4,-1,-26,-11,1,-8,33,7,4
35.1400,0,-23,-12,1,-3,28,17,11,-4,-24,-17,2,-10,21,8,1,-3,-27,-12,1,-7,29,14,13,-4,-24,-14,0,-11,27,0,4,-3,-24,-16,2,-7,27,12,4,0,-27,-14,3,-12,31,9,10,-2,-24,-14,14,-6,30,13,7,-2,-28,-16,3,-7,32,10,8
35.1600,-1,-23,-13,1,-2,31,13,3,-2,-23,-12,1,-7,22,9,2,-3,-29,-14,2,-6,33,10,20,-2,-28,-14,1,-7,24,-4,7,1,-23,-11,-3,-6,30,12,7,3,-30,-18,2,-11,31,10,9,-1,-32,-13,13,-5,27,11,8,-4,-24,-13,-1,-7,28,13,5
35.1800,-3,-24,-16,-1,1,30,14,7,-2,-25,-9,-1,-3,23,7,5,-5,-28,-12,2,-3,35,10,20,-2,-30,-13,1,-8,29,-1,4,-4,-27,-14,0,-5,29,9,6,4,-28,-14,2,-7,33,9,10,-5,-26,-19,10,-8,25,8,7,-2,-27,-13,4,-7,27,11,9
35.2000,-3,-25,-14,1,-1,31,14,9,-1,-24,-13,2,-6,18,5,4,-3,-25,-14,2,-7,33,12,16,-2,-29,-16,-1,-6,26,-2,7,2,-28,-10,0,-8,29,9,7,1,-29,-15,1,-10,32,4,10,-6,-24,-19,13,-14,26,12,8,1,-28,-11,1,-5,28,9,10
35.2200,2,-24,-18,0,-2,25,9,10,0,-22,-15,-2,-6,21,7,4,-6,-26,-12,3,-5,29,13,18,0,-24,-16,-2,-9,23,-4,6,-4,-24,-10,0,-7,32,11,5,-2,-29,-10,3,-6,31,9,7,-5,-25,-12,10,-10,29,14,7,-5,-24,-16,-2,-7,27,7,2
35.2400,2,-25,-13,0,2,26,14,12,0,-25,-15,2,-6,23,4,0,-4,-30,-15,6,-3,28,10,16,1,-26,-16,2,-8,25,-2,3,0,-28,-9,-1,-4,26,10,8,1,-29,-11,-1,-7,26,3,7,-2,-25,-13,12,-5,29,11,5,-1,-24,-14,-3,-9,30,10,7
35.2600,-3,-23,-12,1,-3,30,12,11,-3,-25,-11,1,-11,19,3,3,-2,-27,-19,-4,-3,33,9,15,-1,-28,-17,3,-7,27,-5,6,6,-27,-13,-2,-5,25,10,6,-3,-34,-14,5,-9,29,10,8,0,-24,-17,12,-6,30,7,3,-5,-27,-15,1,-7,29,9,4
35.2800,1,-23,-12,1,1,23,14,7,-2,-26,-13,2,-5,18,4,2,-2,-27,-12,-1,-6,31,10,22,2,-23,-13,2,-12,24,-2,5,3,-25,-13,1,-5,28,14,1,-1,-35,-15,3,-6,27,10,7,2,-25,-11,14,-4,30,10,8,-1,-25,-12,0,-9,29,10,8
35.3000,0,-27,-14,2,-1,30,15,10,1,-23,-12,-2,-5,25,3,6,-3,-24,-16,3,-1,32,13,19,-3,-25,-16,2,-6,24,0,7,-2,-24,-14,-2,-4,28,8,3,4,-29,-17,0,-10,26,6,11,0,-27,-16,8,-5,27,11,6,-2,-24,-16,4,-5,31,11,5
35.3200,-2,-24,-17,4,3,28,16,8,1,-28,-9,2,-6,16,4,1,3,-28,-11,5,-4,29,12,20,-1,-26,-12,2,-3,26,-1,8,-2,-25,-16,4,-3,29,10,5,0,-30,-14,5,-8,27,9,10,-3,-23,-18,15,-3,28,13,7,0,-26,-15,-1,-6,25,8,5
35.3400,1,-24,-17,2,7,31,20,8,0,-23,-12,-2,-5,20,9,2,-4,-27,-11,0,-4,32,15,15,-1,-25,-12,-2,-6,30,-2,5,-1,-27,-11,2,-6,30,10,8,1,-33,-16,-5,-12,30,8,7,2,-25,-16,13,-9,26,12,4,1,-23,-13,-2,-7,26,6,7
35.3600,3,-26,-9,1,2,27,19,6,0,-26,-15,-2,-4,19,6,3,-11,-28,-14,3,-6,33,11,21,0,-28,-10,2,-8,26,-1,2,1,-25,-17,8,-5,28,7,4,4,-30,-12,3,-9,31,8,4,-5,-25,-15,15,-8,31,13,2,3,-31,-18,4,-11,23,8,8
35.3800,-2,-24,-13,4,5,29,13,7,-4,-30,-14,1,-5,21,10,5,-3,-23,-14,0,-10,31,9,16,1,-24,-10,3,-5,26,-4,6,-4,-29,-13,3,-7,26,4,10,5,-30,-12,-1,-13,29,10,6,1,-22,-18,11,-4,25,9,6,-1,-27,-7,-1,-7,30,9,5
35.4000,-2,-22,-18,2,7,27,10,9,-1,-28,-14,3,-6,16,2,6,-4,-28,-15,1,-10,30,13,18,-1,-27,-13,2,-9,25,-2,6,1,-24,-17,2,-6,28,8,7,4,-29,-13,2,-11,29,4,7,-1,-26,-16,9,-5,27,14,9,-1,-28,-14,3,-11,27,13,6
35.4200,-1,-23,-12,-1,0,31,12,7,1,-24,-17,4,1,18,3,7,-6,-30,-12,0,-5,32,12,19,-3,-29,-12,2,-7,28,-2,7,0,-25,-9,3,-3,29,13,4,1,-30,-17,5,-12,28,7,6,3,-25,-15,16,-10,28,8,6,0,-25,-12,0,-7,30,9,13
35.4400,-2,-23,-14,3,5,27,14,7,0,-23,-13,1,-8,21,5,3,-7,-29,-16,-1,-3,25,9,18,2,-27,-17,3,-11,27,-1,5,-1,-27,-14,3,-5,27,9,9,0,-27,-15,2,-12,27,6,11,-1,-26,-10,11,-7,28,9,4,-3,-24,-16,2,-8,27,14,5
35.4600,-2,-22,-16,4,1,29,17,6,0,-26,-14,3,-2,19,8,1,-1,-25,-14,-4,-7,31,10,19,4,-28,-16,2,-7,25,-1,6,-4,-26,-20,5,-7,26,13,5,2,-30,-17,2,-4,27,6,8,-1,-24,-17,8,-11,30,16,7,-3,-26,-20,0,-5,29,12,5
35.4800,-1,-26,-13,5,1,28,13,11,-1,-25,-12,3,-4,19,8,5,-1,-30,-15,-4,-3,28,11,20,2,-27,-9,-4,-11,28,-3,6,0,-28,-14,-1,-1,25,12,5,5,-29,-14,6,-10,31,4,10,2,-26,-19,14,-5,25,11,8,-1,-25,-14,3,-7,25,9,9
35.5000,2,-24,-16,2,6,32,11,7,-1,-25,-11,2,-3,18,4,4,-4,-29,-14,-1,-5,32,15,19,-2,-25,-12,1,-12,28,-1,9,-1,-27,-15,1,-3,27,15,7,-1,-28,-14,2,-7,28,4,7,-1,-20,-17,11,-7,30,9,7,2,-26,-12,-1,-4,30,9,8
35.5200,-1,-22,-14,1,3,30,15,9,-1,-26,-13,0,-2,19,8,5,-2,-23,-13,0,-5,33,8,20,-1,-27,-11,1,-6,26,-1,6,-1,-28,-16,3,-6,27,11,6,3,-29,-14,-3,-11,27,3,6,1,-25,-14,17,-9,30,5,5,-3,-25,-16,5,-5,30,13,8
35.5400,-3,-23,-15,-1,4,27,16,7,-4,-26,-15,5,-3,23,10,2,-1,-28,-14,2,-8,32,11,17,0,-25,-12,-2,-11,27,4,8,-1,-31,-14,3,-8,28,11,2,0,-28,-13,1,-6,34,10,8,-3,-27,-16,13,-9,29,9,8,1,-22,-17,4,-9,28,8,6
35.5600,0,-23,-13,0,2,30,15,8,2,-27,-16,-3,-4,21,10,4,-2,-31,-14,-1,-8,30,9,20,-2,-27,-15,-3,-9,27,-7,5,1,-28,-13,3,-7,24,14,10,6,-27,-15,3,-8,28,6,11,-5,-25,-13,11,-9,29,9,4,0,-24,-12,2,-9,29,8,3
35.5800,2,-24,-13,2,5,33,13,7,-1,-26,-15,2,-7,17,9,3,-3,-23,-16,2,-5,30,10,21,-1,-24,-17,4,-8,25,-3,6,5,-26,-16,1,-3,26,8,8,2,-32,-15,-1,-8,32,3,8,-3,-26,-11,12,-3,27,12,8,-5,-28,-16,1,-8,30,10,11
35.6000,-1,-26,-14,0,5,28,17,11,1,-25,-12,3,-5,16,11,5,-2,-25,-17,0,-5,29,11,20,1,-30,-16,2,-10,23,-2,7,2,-25,-12,2,-4,26,14,6,8,-27,-14,3,-9,30,3,5,-1,-21,-14,14,-5,28,13,9,0,-26,-12,1,-5,31,11,4
35.6200,-3,-24,-16,2,0,29,18,8,-2,-26,-14,2,-8,23,4,0,-5,-23,-15,0,-7,32,10,15,2,-29,-15,4,-9,30,-1,10,-5,-25,-16,-1,-5,25,9,6,2,-34,-15,3,-8,33,9,8,-3,-27,-16,11,-4,27,8,8,-3,-26,-14,5,-10,29,12,7
35.6400,-2,-24,-19,-2,1,30,10,10,1,-26,-15,2,-14,20,7,5,-2,-28,-15,0,-6,28,8,20,-3,-29,-11,2,-8,24,2,4,4,-25,-14,2,-2,28,12,6,4,-28,-17,3,-11,29,10,8,-2,-27,-18,14,-7,28,8,9,-1,-26,-16,-1,-9,32,11,8
35.6600,0,-23,-17,0,1,28,16,11,2,-24,-16,1,-6,20,4,3,-3,-27,-16,-1,-5,33,12,11,-1,-26,-11,0,-9,24,2,8,2,-25,-13,1,-7,29,11,9,2,-32,-15,4,-9,33,5,5,0,-27,-13,15,-8,25,12,5,-3,-25,-19,-3,-5,32,12,8
35.6800,-3,-26,-12,3,3,31,13,14,0,-24,-11,4,-3,18,6,6,-1,-24,-15,-2,-5,29,13,16,-1,-28,-13,-1,-5,30,1,7,3,-31,-16,1,-7,29,7,10,1,-31,-13,-1,-7,30,8,8,0,-24,-16,12,-10,29,9,7,-1,-23,-18,-1,-4,28,10,6
35.7000,-4,-26,-18,0,0,31,14,6,2,-26,-17,-1,-3,21,4,1,0,-22,-12,3,-2,34,12,20,7,-32,-18,-3,-9,25,-2,10,4,-27,-15,2,-5,29,10,8,5,-32,-16,1,-6,27,4,10,4,-24,-15,13,-8,30,11,2,0,-27,-14,1,-6,27,9,11
35.7200,0,-21,-14,0,3,30,16,9,-5,-29,-11,1,-4,21,5,4,-1,-28,-15,1,-3,27,12,17,3,-28,-18,6,-10,24,-1,7,6,-29,-13,-1,-10,27,16,9,0,-34,-14,0,-5,30,8,7,3,-25,-16,12,-6,33,5,7,-1,-26,-13,0,-2,24,11,10
35.7400,-2,-23,-14,-3,-1,29,11,8,0,-29,-14,2,-6,17,4,4,-5,-30,-19,1,-7,24,12,15,-1,-26,-13,1,-11,24,-2,9,1,-28,-16,-2,-3,29,13,8,1,-26,-17,3,-4,28,7,10,-2,-24,-15,13,-7,30,9,8,1,-25,-14,0,-8,33,11,3
35.7600,1,-20,-10,0,4,28,13,11,0,-26,-13,0,-4,14,5,8,-2,-29,-14,3,-3,33,12,19,-5,-26,-20,2,-12,27,1,5,4,-27,-17,1,-9,21,13,5,3,-27,-14,2,-6,31,9,4,-1,-25,-15,13,-6,30,9,6,-2,-24,-14,0,-2,30,6,9
35.7800,-5,-24,-16,0,2,30,14,11,1,-28,-18,-2,-1,21,6,3,0,-25,-18,1,-2,30,9,20,1,-27,-17,-1,-5,27,-5,5,-1,-31,-20,4,-4,30,12,4,1,-28,-14,2,-10,26,10,10,-3,-29,-18,17,-5,28,12,6,0,-22,-16,2,-7,28,9,4
35.8000,4,-26,-13,0,1,31,15,10,-1,-22,-16,-2,-1,18,8,3,4,-25,-14,2,-2,32,13,19,0,-27,-15,3,-8,28,-4,7,3,-22,-14,5,-4,27,11,3,4,-30,-14,1,-8,30,7,8,0,-29,-16,7,-6,23,11,9,1,-31,-16,1,-8,25,11,5
35.8200,3,-27,-17,2,3,27,13,9,0,-24,-13,2,-2,18,10,2,-2,-27,-16,-2,0,31,8,19,-4,-31,-14,3,1,26,1,8,-1,-26,-18,1,-8,28,14,0,2,-30,-14,2,-3,27,9,7,1,-26,-17,13,-7,28,10,6,2,-25,-14,5,-7,25,13,8
35.8400,0,-27,-12,1,3,27,15,10,-2,-19,-15,0,-9,16,9,4,-3,-28,-11,3,-1,30,10,18,0,-29,-17,1,-7,24,-5,6,0,-28,-19,0,-7,26,14,7,2,-24,-18,2,-4,27,7,5,1,-25,-14,13,-10,28,12,13,3,-26,-15,1,-7,27,8,8
35.8600,-2,-28,-15,-1,0,30,11,11,-1,-24,-14,3,-8,17,8,6,3,-27,-20,1,0,31,13,19,4,-31,-18,3,-8,23,-1,11,3,-24,-15,1,-11,33,13,7,2,-29,-16,3,-3,31,7,5,0,-25,-15,9,-6,27,12,7,4,-27,-18,6,-3,27,8,8
35.8800,0,-22,-15,0,6,34,12,7,-1,-30,-18,3,-6,16,6,7,0,-27,-14,1,0,33,11,16,2,-28,-20,5,-6,22,0,6,7,-23,-17,3,-6,25,12,6,3,-30,-14,3,-4,28,1,7,-2,-27,-14,14,-9,31,12,7,3,-23,-17,1,-9,27,16,4
35.9000,-1,-25,-14,-2,6,32,17,12,5,-24,-17,-3,-7,12,7,6,-1,-26,-19,1,-4,30,10,20,1,-29,-16,1,-5,25,-5,4,4,-29,-20,4,-3,27,8,4,0,-31,-16,3,-6,28,5,5,1,-20,-17,16,-8,27,11,9,1,-24,-20,1,-8,25,9,7
35.9200,2,-26,-13,3,5,30,15,7,0,-19,-17,3,-7,14,9,5,-4,-28,-15,3,-2,31,6,16,2,-30,-17,4,-3,25,-2,6,4,-29,-18,4,-6,26,12,5,2,-35,-16,3,-6,27,10,6,4,-25,-17,13,-3,28,9,6,0,-25,-14,-1,-5,27,11,3
35.9400,-1,-29,-15,2,4,30,17,8,1,-25,-16,0,-2,18,7,-2,-2,-25,-16,1,2,32,13,16,0,-28,-17,1,-10,25,-4,8,-3,-25,-18,-3,-4,26,10,2,8,-33,-17,-3,-5,31,5,6,-1,-27,-17,12,-2,31,6,6,2,-23,-19,3,-6,29,12,8
35.9600,4,-30,-14,5,1,31,18,6,0,-21,-19,5,-4,18,8,-1,-3,-25,-21,1,1,28,11,21,-1,-30,-13,-1,-7,27,0,10,2,-25,-17,-2,1,30,9,5,3,-35,-17,2,-5,30,5,6,2,-25,-18,11,-2,29,9,8,3,-25,-16,1,-7,29,5,10
35.9800,-3,-19,-19,2,5,30,10,10,-6,-24,-15,4,-7,19,6,4,-7,-28,-16,3,-3,33,13,18,-1,-23,-13,-1,-6,27,-1,7,6,-30,-13,3,-4,26,12,4,4,-29,-14,0,-5,30,8,5,-1,-27,-16,13,-5,27,10,7,0,-28,-15,0,-5,27,7,6
36.0000,-2,-27,-15,0,3,33,16,11,-1,-27,-16,2,-3,16,7,8,1,-26,-16,5,-2,29,15,18,-1,-26,-18,1,-5,22,1,6,3,-26,-17,2,-3,27,14,6,3,-29,-17,-2,1,30,6,6,3,-29,-21,16,0,26,9,10,3,-24,-14,3,-3,31,11,8
36.0200,3,-28,-19,0,4,28,14,11,-7,-24,-13,0,-5,17,4,1,-4,-27,-15,0,-3,28,12,15,1,-29,-19,-2,-8,23,-1,7,5,-26,-18,4,-7,26,8,3,1,-29,-14,-1,-3,26,5,7,1,-27,-21,16,-7,29,13,6,-3,-26,-16,0,-1,29,12,9
36.0400,-4,-32,-19,-5,3,30,16,9,1,-24,-15,3,-7,17,7,3,3,-28,-16,4,1,30,12,20,1,-26,-17,-2,-5,26,-1,8,2,-28,-18,3,-5,24,11,7,1,-31,-11,0,-5,31,9,8,0,-26,-16,13,-8,26,13,6,2,-25,-20,-1,-5,30,10,4
36.0600,2,-28,-19,-2,1,27,14,10,-4,-25,-16,1,-1,19,7,4,4,-28,-16,2,-3,30,9,22,0,-29,-18,1,-7,25,-6,6,1,-25,-16,1,-8,30,10,4,2,-25,-12,4,-5,30,7,7,1,-24,-20,10,-5,29,12,3,1,-26,-16,-1,-3,26,8,7
36.0800,7,-28,-16,3,5,26,14,9,2,-25,-16,1,-2,20,9,7,0,-23,-18,2,-2,31,16,20,-4,-36,-18,-1,-6,24,-4,8,3,-27,-17,3,-4,29,11,7,4,-34,-16,3,-6,31,9,8,1,-24,-22,14,-2,32,9,6,2,-26,-15,0,-5,31,12,5
36.1000,-2,-25,-16,5,3,27,11,12,4,-25,-24,2,-2,18,7,6,4,-21,-16,0,0,29,14,24,1,-28,-15,2,-8,22,-3,6,7,-26,-14,2,-5,25,12,6,8,-35,-19,0,-6,31,11,9,-3,-27,-19,14,-3,31,13,10,2,-29,-19,2,-2,25,12,4
36.1200,0,-25,-18,4,6,30,16,10,-4,-24,-19,-1,-4,17,10,3,-1,-25,-20,0,-2,36,8,18,-2,-27,-20,2,-10,28,-1,8,8,-24,-17,4,-9,26,12,8,0,-31,-18,4,-8,32,7,3,1,-25,-15,14,-2,28,6,13,4,-28,-21,2,-5,25,10,8
36.1400,0,-27,-18,-2,3,30,13,10,-2,-19,-12,2,-4,17,8,1,-1,-25,-20,2,-3,30,12,17,2,-27,-18,0,-4,24,2,8,5,-27,-18,2,-3,24,13,7,1,-29,-15,5,-4,30,5,6,3,-28,-16,14,-3,29,11,8,4,-31,-20,-4,-5,26,8,5
36.1600,1,-25,-13,-1,-1,28,13,16,0,-21,-19,0,-2,18,7,6,2,-25,-19,0,-3,34,10,19,-3,-22,-18,3,-4,26,-3,8,4,-27,-18,-1,-5,32,12,6,3,-32,-16,2,-2,29,7,5,3,-24,-18,11,-5,26,9,8,-1,-26,-17,0,-5,28,11,3
36.1800,-2,-23,-17,3,1,29,12,8,0,-24,-19,6,-4,18,10,6,2,-26,-12,-1,-2,33,10,23,1,-31,-19,5,-6,24,-3,5,6,-24,-12,-1,-3,26,14,12,6,-32,-15,1,-7,30,8,7,2,-25,-16,13,-4,24,10,8,-2,-27,-16,-2,-5,25,10,5
36.2000,5,-26,-13,1,5,29,18,11,3,-25,-17,1,-4,24,7,2,-1,-27,-13,3,1,30,14,20,2,-26,-16,4,-9,22,-2,11,0,-24,-14,1,-6,27,10,11,3,-33,-15,4,-7,31,7,3,2,-27,-14,14,-6,32,10,3,-1,-28,-17,2,-6,29,7,6
36.2200,1,-27,-20,0,2,27,17,9,-2,-25,-19,1,-3,17,7,5,-1,-27,-16,1,0,30,13,18,4,-29,-17,-2,-7,28,-2,12,4,-28,-16,3,-9,25,7,3,2,-31,-15,2,-3,28,7,5,3,-26,-17,13,-4,31,8,7,4,-26,-13,-5,-6,29,7,11
36.2400,1,-26,-21,4,4,29,15,10,1,-22,-14,0,-2,17,5,5,-2,-26,-14,4,0,28,11,20,1,-28,-17,1,-7,24,-2,7,3,-24,-13,5,-4,23,14,8,5,-31,-18,-1,-6,30,6,1,-1,-23,-15,13,-6,29,8,6,3,-29,-17,1,-3,26,12,5
36.2600,5,-28,-18,2,8,28,18,9,-3,-25,-15,2,-4,18,4,5,-1,-25,-13,-1,-5,33,11,20,4,-28,-13,4,-1,26,1,8,2,-30,-16,3,-4,25,13,7,3,-33,-16,2,-3,33,2,7,4,-26,-16,13,-7,33,14,9,6,-25,-16,0,-6,26,9,6
36.2800,2,-27,-17,-1,6,26,12,8,1,-22,-22,-2,-5,15,8,7,6,-23,-18,3,-1,29,10,20,0,-27,-16,6,-3,27,-6,8,3,-27,-19,-2,-2,31,11,9,4,-35,-15,-3,-1,27,5,7,3,-27,-18,14,-2,30,10,7,5,-29,-17,1,-1,31,11,4
36.3000,-3,-29,-14,3,6,31,15,9,-1,-23,-20,-1,-4,15,6,5,1,-25,-16,1,-5,27,13,18,-2,-26,-17,1,-5,24,4,7,6,-25,-17,2,-4,29,9,12,1,-28,-18,0,-1,27,2,8,4,-26,-15,16,-1,27,11,5,0,-28,-15,-2,-9,29,13,9
36.3200,3,-27,-14,0,6,29,11,10,3,-27,-17,1,-4,17,6,7,3,-26,-18,-1,-3,30,13,19,-2,-27,-11,1,-6,26,-1,10,2,-29,-16,-1,-4,29,14,8,3,-29,-17,2,-3,29,5,3,3,-27,-16,11,-4,30,11,6,2,-25,-16,1,-4,29,7,8
36.3400,-1,-31,-18,1,3,30,13,14,2,-26,-20,3,-4,19,12,5,2,-28,-17,-1,-5,32,14,19,2,-34,-14,-1,-4,23,1,6,2,-26,-22,-1,-3,28,10,7,2,-32,-18,0,-2,26,7,9,2,-26,-15,12,-7,29,13,9,0,-27,-17,3,0,30,12,10
36.3600,0,-27,-17,6,0,29,12,9,4,-27,-18,-1,-3,19,8,6,-1,-28,-17,3,-2,26,13,17,1,-25,-18,4,-11,24,-2,11,4,-27,-17,0,-4,25,14,12,4,-32,-20,2,-1,34,9,5,-1,-29,-19,14,-2,26,10,12,3,-26,-18,-1,-3,29,9,8
36.3800,-1,-27,-17,6,4,28,15,11,0,-25,-14,-5,-4,20,8,2,4,-24,-16,1,-2,25,16,17,0,-29,-15,-1,-10,26,-2,8,8,-21,-15,3,-4,27,16,3,1,-29,-17,1,-5,28,7,7,6,-26,-21,16,-1,27,13,8,0,-26,-14,4,1,32,10,4
36.4000,2,-26,-18,-2,2,29,17,12,-2,-23,-16,3,-4,18,9,4,3,-25,-15,3,-2,28,12,20,2,-27,-16,1,-6,20,-3,8,7,-29,-22,-3,-8,30,9,8,-2,-28,-15,-4,-2,32,4,6,1,-29,-12,17,-4,27,12,7,2,-24,-17,-4,-1,27,6,9
36.4200,-1,-28,-16,2,4,26,15,10,1,-25,-17,4,0,17,8,1,4,-23,-23,1,-3,29,14,18,1,-28,-19,3,-7,25,5,8,4,-23,-17,5,-9,34,15,8,-1,-30,-13,2,-1,27,11,9,6,-23,-19,9,-2,29,9,7,-1,-27,-19,1,-4,25,10,9
36.4400,-1,-29,-19,2,6,28,15,7,5,-18,-18,-2,0,15,9,4,0,-25,-22,-3,-5,32,14,22,-1,-30,-17,0,-7,25,2,12,2,-28,-19,3,-5,31,13,10,0,-31,-18,-3,-1,28,10,7,0,-22,-21,14,-2,31,11,8,-1,-27,-18,-5,-4,27,13,8
36.4600,-3,-26,-18,2,4,28,14,12,4,-23,-14,2,-2,19,12,2,3,-24,-15,0,-5,27,13,21,-1,-30,-21,1,-8,26,2,10,10,-24,-16,5,1,29,11,6,4,-31,-17,1,-3,28,3,8,4,-23,-18,12,-2,28,9,7,0,-27,-21,-2,-6,28,10,7
36.4800,3,-27,-18,1,5,36,17,6,1,-24,-18,0,-2,16,10,3,0,-25,-20,-2,-2,26,14,19,3,-26,-15,-1,-4,25,3,10,6,-23,-13,-3,-4,25,12,10,5,-31,-17,1,-4,28,5,2,-2,-25,-15,14,-2,26,14,8,1,-30,-17,-6,-5,27,13,7
36.5000,-1,-25,-18,2,4,31,16,8,-1,-28,-19,2,-4,17,6,6,-1,-26,-19,1,-5,28,12,18,0,-29,-19,6,-4,24,-2,7,7,-28,-19,-4,-5,28,8,8,2,-30,-16,3,-2,27,10,4,1,-29,-18,17,-3,28,10,6,0,-26,-19,2,-4,28,10,10
36.5200,1,-30,-18,2,3,28,13,7,0,-23,-20,-1,-1,17,11,7,4,-27,-18,1,3,32,13,17,1,-29,-19,-3,-5,27,0,14,7,-23,-17,-5,-3,21,13,9,1,-33,-14,-2,-9,28,6,10,-4,-23,-17,14,-3,28,11,8,1,-19,-20,-1,-6,28,7,10
36.5400,-4,-30,-19,-1,5,30,12,12,3,-20,-21,-1,-2,21,11,9,-3,-28,-19,0,3,29,12,19,0,-23,-16,-1,-6,28,3,4,6,-26,-17,4,-10,25,10,8,6,-29,-15,2,-1,28,8,8,4,-25,-21,15,2,28,15,8,3,-24,-16,3,-1,28,10,8
36.5600,2,-24,-18,1,6,27,14,8,1,-23,-17,4,0,24,10,1,4,-26,-22,-3,-4,28,14,18,5,-27,-18,3,-1,28,1,7,8,-27,-20,0,-4,24,10,10,8,-34,-16,-2,2,24,9,7,1,-27,-16,18,-3,27,14,5,-4,-25,-19,0,-3,32,7,4
36.5800,3,-24,-18,2,7,29,13,12,6,-23,-18,1,-7,16,10,4,1,-20,-17,3,1,27,10,18,4,-29,-19,2,-7,25,-1,8,7,-28,-18,2,-6,26,9,5,-3,-33,-19,-2,-1,25,8,8,0,-30,-12,17,-9,28,12,7,0,-22,-19,-1,-3,25,14,7
36.6000,4,-27,-19,5,4,29,15,14,7,-22,-18,2,-5,16,7,11,4,-29,-19,1,0,31,11,19,3,-26,-22,0,-1,25,-2,4,10,-23,-10,-3,-5,24,14,9,8,-31,-18,0,-3,30,7,10,1,-32,-18,15,-2,25,15,7,2,-26,-19,1,-4,25,13,5
36.6200,2,-25,-18,-1,2,25,18,9,6,-20,-17,2,-3,20,9,7,1,-25,-17,0,-2,27,14,20,0,-31,-24,2,-8,23,3,9,8,-25,-16,1,-6,27,7,11,3,-38,-20,3,-1,25,11,5,-2,-25,-17,18,-1,26,13,6,1,-29,-17,0,-5,25,8,18
36.6400,-1,-28,-18,0,0,24,13,8,6,-21,-18,0,-4,24,7,8,5,-28,-18,-2,-3,27,11,20,-1,-31,-18,3,-6,25,3,4,6,-23,-16,-1,-6,26,13,7,1,-31,-16,2,0,26,8,11,-1,-27,-18,13,-4,29,15,9,2,-27,-20,1,-4,27,8,8
36.6600,-3,-29,-18,3,6,29,14,13,5,-27,-15,1,-4,22,7,4,-1,-27,-20,0,-3,27,14,22,1,-25,-22,-1,-2,25,0,9,5,-24,-18,0,-5,25,13,11,1,-34,-14,-3,-4,24,8,5,0,-27,-16,16,-3,30,11,10,-2,-25,-18,-2,-4,27,15,8
36.6800,2,-28,-20,2,7,26,14,7,2,-24,-19,5,-5,15,7,10,0,-21,-21,1,-2,28,8,20,3,-26,-19,3,-7,24,3,6,5,-24,-22,2,-4,22,13,13,-1,-34,-18,-1,-4,29,7,6,3,-24,-15,17,-2,31,9,7,-1,-29,-18,1,0,23,13,6
36.7000,5,-29,-16,3,6,27,13,13,0,-24,-22,-3,1,20,11,7,3,-26,-20,2,0,29,12,18,1,-27,-20,2,-3,25,1,8,9,-24,-18,4,-3,26,12,8,3,-30,-15,2,1,28,7,6,2,-28,-20,21,-7,27,10,4,-1,-29,-16,-2,1,28,9,9
36.7200,0,-23,-22,1,2,25,16,12,3,-22,-17,-1,-3,20,7,3,3,-25,-16,2,-1,29,10,18,7,-30,-18,1,-7,26,-3,11,6,-20,-19,1,-6,28,18,12,5,-36,-17,2,0,30,9,1,1,-24,-17,16,-5,28,11,5,2,-26,-15,-1,-6,25,10,11
36.7400,4,-27,-13,-3,5,30,11,9,4,-23,-17,-2,0,21,11,10,5,-28,-18,-2,-3,29,11,22,-1,-27,-16,-3,-4,29,-1,10,8,-22,-17,-4,0,24,11,9,4,-32,-21,-1,-3,32,5,6,4,-25,-19,14,-3,27,13,8,2,-25,-20,-1,0,30,13,8
36.7600,3,-28,-19,2,5,29,14,9,6,-25,-15,-1,0,22,7,3,7,-24,-17,2,2,29,11,20,5,-23,-21,1,-2,23,1,6,6,-25,-16,3,-4,28,11,12,7,-27,-18,4,1,31,8,7,3,-28,-13,17,-4,28,9,8,1,-25,-15,-2,-5,29,14,10
36.7800,2,-29,-20,2,8,30,12,9,2,-23,-15,1,1,18,12,7,0,-24,-18,0,-1,29,14,16,3,-24,-19,-1,-5,23,0,7,12,-24,-16,0,-5,21,12,11,3,-35,-16,3,-2,30,9,4,2,-23,-17,10,-5,27,15,10,3,-28,-21,-2,-3,26,9,7
36.8000,-2,-21,-21,3,4,32,11,9,5,-26,-18,3,-2,16,8,8,7,-24,-19,3,-3,29,17,17,2,-27,-12,2,-4,25,-5,10,11,-24,-19,0,-4,25,9,9,8,-30,-21,-2,-1,30,3,6,3,-31,-24,13,-3,29,14,12,0,-24,-17,3,-1,25,9,9
36.8200,-1,-26,-20,-1,4,31,17,12,7,-24,-18,1,-5,19,8,10,-1,-24,-16,0,1,27,15,17,7,-27,-14,2,-6,25,2,12,9,-22,-23,7,-1,25,11,12,4,-35,-21,2,1,29,4,3,2,-25,-17,20,-4,28,9,9,4,-26,-22,-4,-3,27,10,11
36.8400,2,-29,-15,1,7,28,13,11,3,-25,-15,1,-1,20,8,2,3,-27,-14,1,-1,33,8,17,3,-30,-21,1,-2,26,1,9,8,-26,-20,0,-4,26,10,14,5,-32,-17,-1,-1,29,9,4,1,-29,-13,15,-1,29,10,8,0,-25,-16,2,1,30,10,11
36.8600,0,-29,-22,-3,2,25,14,5,1,-24,-18,5,-2,18,11,9,7,-26,-15,-3,-3,26,10,19,4,-31,-18,1,-6,24,0,8,6,-25,-17,3,-1,19,10,12,7,-32,-18,0,0,29,4,5,4,-23,-15,17,-2,28,7,4,6,-26,-18,0,-4,28,10,9
36.8800,0,-29,-22,1,6,28,17,8,3,-27,-15,3,-4,18,9,8,5,-28,-16,1,1,27,13,20,1,-33,-16,1,-7,28,3,8,8,-21,-19,3,-7,29,4,10,2,-34,-20,-2,2,29,5,8,2,-27,-22,20,-2,29,8,7,0,-26,-18,1,-1,28,12,16
36.9000,2,-30,-16,-2,3,30,15,10,3,-25,-19,1,2,17,11,12,-1,-27,-14,4,-5,26,14,19,3,-29,-20,1,-9,24,5,9,5,-28,-19,-2,-4,29,9,9,5,-35,-18,2,3,29,8,4,2,-26,-19,18,-6,29,9,9,0,-25,-17,1,-2,24,12,14
36.9200,2,-32,-18,-2,1,32,15,16,4,-23,-19,2,2,23,10,12,4,-24,-22,1,-4,27,11,15,1,-30,-21,3,-7,22,1,5,9,-26,-19,3,-2,29,11,9,7,-35,-18,-2,3,31,7,8,2,-30,-21,17,-6,29,7,9,0,-28,-16,-3,-4,29,14,9
36.9400,-1,-29,-20,0,0,28,15,12,2,-21,-20,-3,-3,18,11,6,0,-27,-19,-3,1,27,16,18,1,-29,-18,1,-3,23,2,8,8,-24,-16,-1,-4,26,11,11,5,-31,-20,-2,-3,33,7,5,2,-26,-17,18,-3,28,13,7,4,-25,-18,1,-1,27,10,8
36.9600,3,-31,-18,-2,4,29,14,10,6,-24,-15,0,1,19,11,6,5,-24,-14,4,-4,26,14,17,2,-25,-18,0,-1,25,-2,10,13,-28,-16,4,-4,28,11,14,5,-35,-23,1,1,28,11,6,-2,-29,-21,16,-2,25,5,8,1,-25,-17,-2,0,27,12,11
36.9800,-3,-29,-20,-1,4,30,14,14,6,-21,-17,0,3,21,10,9,5,-26,-19,-1,0,29,7,20,3,-29,-23,0,0,26,-1,9,9,-28,-19,4,0,24,10,10,1,-33,-21,2,4,29,9,7,7,-25,-18,17,0,25,10,11,0,-26,-15,-1,3,25,10,9
37.0000,0,-31,-20,8,4,28,9,15,5,-20,-16,3,-2,20,7,9,0,-24,-14,-1,1,28,13,16,11,-27,-19,-3,0,26,0,9,7,-28,-18,3,-5,26,6,11,5,-32,-19,-1,-4,30,9,0,7,-27,-23,18,-2,28,18,10,3,-24,-21,-2,-7,26,8,8
37.0200,0,-30,-15,0,6,26,11,12,3,-23,-18,3,-1,15,9,5,3,-27,-19,1,1,26,12,19,6,-25,-19,-3,-6,23,-1,10,10,-28,-19,0,-5,27,12,14,3,-36,-19,0,0,28,10,7,7,-25,-18,20,-5,28,13,9,4,-25,-20,3,-3,29,12,7
37.0400,3,-28,-15,-2,4,29,14,13,5,-23,-20,0,-4,19,10,4,0,-23,-17,2,-1,25,14,13,6,-27,-18,1,-1,25,4,8,6,-22,-17,2,-6,27,8,8,3,-31,-16,2,3,32,15,9,1,-26,-17,18,-4,30,12,11,2,-26,-14,2,-4,29,4,11
37.0600,4,-29,-16,1,10,31,14,13,1,-18,-14,3,-7,21,12,8,5,-24,-21,5,1,31,13,16,2,-25,-16,-2,-2,24,2,12,10,-22,-19,1,-9,27,11,13,6,-31,-23,-2,3,29,9,4,1,-26,-20,12,0,29,9,12,0,-26,-19,-1,-2,31,8,7
37.0800,4,-30,-19,0,8,28,16,14,5,-23,-15,-4,-2,17,6,8,7,-23,-21,4,-3,30,12,22,0,-25,-19,-1,-5,27,0,11,11,-24,-19,4,-3,26,10,7,5,-26,-21,1,2,28,8,2,-2,-28,-18,18,-4,30,10,9,3,-23,-18,0,-3,33,7,10
37.1000,2,-29,-16,0,5,26,15,15,-2,-26,-16,-5,1,15,7,4,3,-24,-18,5,0,29,13,19,4,-28,-22,3,-2,23,0,7,11,-24,-19,0,-8,28,11,11,0,-27,-19,4,-2,26,9,7,5,-31,-11,16,-2,28,12,8,5,-32,-18,-5,-2,32,11,12
37.1200,0,-33,-15,0,5,28,13,13,8,-25,-19,0,-3,21,9,8,4,-25,-20,-3,0,28,12,19,4,-34,-22,3,-1,24,0,13,11,-22,-21,2,2,26,13,13,11,-30,-18,-2,2,31,8,9,5,-20,-19,15,2,32,12,10,1,-27,-14,-2,-3,28,13,8
37.1400,3,-30,-22,1,3,29,14,14,6,-19,-15,2,-1,20,10,10,1,-25,-18,1,-2,26,14,15,5,-23,-14,0,-2,28,3,6,10,-23,-21,2,-8,23,20,11,7,-35,-19,-2,-1,28,10,4,3,-24,-21,15,-1,26,10,11,3,-24,-17,-2,-2,28,13,8
37.1600,2,-26,-18,-2,7,25,11,14,1,-23,-20,0,-4,18,5,9,-2,-24,-16,1,-1,28,11,19,4,-28,-20,-2,-2,26,4,7,14,-29,-19,-4,-4,26,10,12,3,-31,-18,2,3,33,7,4,4,-26,-18,18,-2,29,14,16,4,-22,-18,0,2,27,12,5
37.1800,1,-25,-16,-5,8,26,17,11,7,-28,-21,1,-2,21,8,10,4,-22,-18,6,-2,31,9,17,7,-31,-18,7,-7,22,7,11,8,-26,-22,2,-1,26,15,10,5,-31,-20,2,4,27,7,5,8,-25,-20,15,-5,27,10,14,1,-28,-20,2,-6,28,14,7
37.2000,0,-30,-20,-4,4,28,14,12,3,-25,-16,-1,-5,18,8,11,6,-24,-19,7,1,23,13,19,0,-29,-22,-2,-3,26,1,9,6,-23,-21,-1,-3,23,15,12,6,-30,-17,1,5,31,11,6,3,-27,-19,17,-2,31,9,7,8,-25,-15,-1,-4,27,15,8
37.2200,2,-27,-19,2,5,30,14,11,8,-25,-22,-3,-2,17,7,6,6,-21,-19,0,-1,26,11,17,10,-24,-14,-1,-1,20,-3,11,12,-25,-25,-1,0,31,13,12,-2,-31,-21,2,0,28,6,6,-1,-28,-22,17,2,28,12,9,6,-24,-15,3,-6,23,11,8
37.2400,4,-29,-16,3,6,30,7,15,10,-24,-19,4,0,19,9,6,2,-22,-20,0,-2,26,10,18,6,-31,-21,-2,-2,27,4,9,10,-26,-16,2,-4,27,13,16,3,-32,-21,-1,1,31,11,8,5,-25,-21,16,0,27,12,13,6,-28,-13,2,-4,30,13,8
37.2600,2,-29,-18,4,3,29,12,10,7,-23,-18,-1,1,17,12,6,5,-23,-15,5,-3,28,18,25,6,-25,-20,-1,-4,21,3,11,9,-29,-17,-1,-5,28,12,13,0,-37,-17,1,2,30,5,6,1,-25,-18,18,0,28,14,9,3,-31,-19,1,-4,27,11,10
37.2800,0,-31,-15,0,6,32,13,14,7,-24,-17,2,-2,22,10,6,5,-22,-21,1,3,28,15,21,2,-26,-19,-1,-4,24,-4,9,9,-25,-16,1,0,25,10,14,4,-33,-19,1,3,31,8,7,2,-27,-15,15,-2,28,16,10,4,-25,-16,1,-3,27,14,9
37.3000,3,-35,-18,2,7,24,17,18,8,-22,-20,2,-3,17,10,6,3,-22,-22,-2,-1,23,12,18,5,-25,-19,3,-3,28,2,13,8,-23,-19,2,0,24,10,16,2,-32,-17,-1,2,26,7,4,3,-28,-17,17,-2,29,10,11,3,-28,-18,1,0,26,13,10
37.3200,1,-34,-16,0,7,29,13,10,6,-27,-16,0,0,19,10,9,6,-24,-17,-2,3,28,14,22,5,-28,-17,0,-3,27,0,8,11,-25,-19,-1,-4,30,14,15,4,-34,-23,2,1,24,7,8,3,-26,-18,16,0,25,13,11,5,-24,-15,-3,-1,28,12,11
37.3400,5,-28,-13,-2,3,29,14,7,7,-22,-17,1,-1,20,10,8,7,-25,-18,0,0,29,10,18,9,-27,-21,0,-6,25,4,10,13,-25,-15,3,-3,24,10,15,6,-32,-21,-1,4,29,6,5,-2,-30,-16,10,-2,27,11,13,7,-26,-17,1,1,26,11,10
37.3600,2,-32,-17,2,5,27,13,9,4,-23,-19,-1,-2,17,10,9,7,-25,-16,1,0,33,14,19,8,-27,-15,-2,-3,26,0,10,15,-25,-18,3,-3,27,13,9,3,-30,-18,0,2,26,7,10,1,-22,-19,19,-6,29,10,8,6,-26,-18,-1,-2,25,11,12
37.3800,3,-32,-19,4,7,26,15,12,4,-27,-21,1,-4,19,11,10,6,-22,-19,1,0,24,11,19,5,-29,-19,-2,-3,26,-1,11,11,-29,-20,1,2,25,8,12,13,-38,-20,0,4,33,4,9,5,-27,-24,18,-2,26,12,10,2,-23,-19,-5,0,28,12,14
37.4000,4,-34,-18,-2,5,25,13,13,3,-22,-18,2,-1,21,14,8,6,-28,-15,2,1,26,11,17,10,-27,-17,2,-1,25,-1,11,11,-25,-20,-3,0,30,9,14,11,-32,-17,-4,3,30,9,8,4,-26,-20,15,0,26,13,12,1,-26,-15,-1,4,25,15,11
37.4200,5,-31,-17,-4,7,30,16,7,8,-23,-21,4,-4,20,12,8,7,-25,-19,1,4,26,14,21,2,-27,-15,2,-6,24,0,7,15,-24,-18,2,-5,25,11,10,5,-34,-19,1,0,30,9,5,0,-26,-15,19,-2,28,9,9,5,-27,-19,-4,3,28,10,11
37.4400,4,-35,-18,1,7,27,13,10,9,-29,-21,4,-1,19,8,9,0,-23,-19,-2,-1,25,13,18,7,-25,-19,4,0,22,1,11,14,-28,-15,1,-4,25,12,13,6,-33,-20,-1,3,29,11,8,0,-30,-20,18,1,26,9,12,6,-25,-14,-1,-2,25,13,7
37.4600,1,-34,-19,-2,9,27,13,12,5,-25,-18,-3,-2,22,8,12,4,-25,-18,1,2,25,15,20,2,-26,-17,3,-1,22,7,12,7,-26,-20,1,1,27,13,13,5,-37,-19,2,7,28,8,6,7,-24,-14,17,1,29,15,12,8,-21,-21,-1,-4,27,6,7
37.4800,2,-30,-17,1,4,25,14,13,5,-24,-19,2,1,20,13,11,2,-22,-20,-1,0,24,11,17,3,-28,-20,0,-1,24,2,13,13,-27,-19,-2,-2,20,15,16,7,-32,-17,0,2,25,10,7,3,-23,-18,16,-4,27,12,14,-1,-26,-17,1,-2,28,14,11
37.5000,4,-34,-18,-3,10,29,13,11,4,-26,-23,2,7,22,12,12,0,-26,-19,-3,-4,28,15,21,6,-26,-19,-1,-3,24,4,13,11,-24,-18,0,0,26,14,16,4,-31,-20,0,2,26,11,8,3,-26,-18,19,-2,26,14,9,0,-23,-20,-4,-1,30,12,10
37.5200,5,-31,-19,-3,7,30,16,12,2,-27,-24,4,3,21,11,9,9,-24,-15,2,4,27,14,25,6,-27,-13,2,-1,31,-1,13,11,-24,-17,0,1,25,14,10,7,-34,-18,-3,2,29,9,4,8,-25,-15,14,1,28,12,11,2,-25,-16,-2,-2,25,15,10
37.5400,3,-32,-15,0,1,30,16,16,3,-25,-21,-5,2,18,10,10,1,-25,-19,0,-1,33,16,19,6,-28,-18,2,2,25,2,10,9,-22,-18,4,-5,24,9,9,7,-26,-18,2,4,25,9,9,0,-28,-17,18,-3,27,12,12,1,-26,-15,-2,3,28,16,9
37.5600,2,-30,-22,-2,5,31,12,13,2,-20,-19,5,-2,20,9,13,5,-27,-18,1,5,25,14,17,0,-31,-19,4,0,24,5,13,10,-25,-18,-3,-1,24,9,13,-1,-34,-22,4,4,28,14,8,-1,-25,-21,15,-1,28,16,10,7,-32,-18,-3,-1,30,13,8
37.5800,7,-32,-19,1,9,28,14,12,4,-26,-17,-1,-2,16,13,9,6,-25,-21,0,2,23,13,19,5,-34,-17,0,2,27,1,13,14,-30,-16,1,-4,24,11,13,6,-31,-22,-2,6,30,10,9,6,-23,-17,17,-2,29,15,8,3,-24,-19,-1,2,26,12,11
37.6000,3,-26,-20,1,10,27,13,15,5,-28,-21,3,-2,14,8,9,5,-24,-17,2,4,24,17,18,4,-25,-17,0,-2,25,0,6,13,-25,-23,0,-5,25,10,11,6,-31,-21,1,1,29,8,6,4,-23,-18,15,-5,31,11,5,0,-28,-19,-3,2,28,9,12
37.6200,2,-30,-20,2,3,29,11,15,0,-21,-19,2,1,14,12,13,5,-26,-20,4,-4,26,12,21,7,-27,-17,-2,-1,26,0,8,12,-23,-20,-4,2,26,13,13,4,-35,-20,3,4,27,8,4,9,-30,-17,14,1,25,12,13,9,-25,-18,4,6,25,16,9
37.6400,1,-32,-19,2,6,30,14,11,4,-24,-22,1,1,22,13,11,5,-23,-19,-2,5,24,15,24,7,-28,-19,0,1,30,3,10,12,-21,-18,1,-5,24,17,18,6,-32,-16,0,5,29,8,7,7,-25,-20,20,0,27,13,9,4,-25,-17,1,3,25,10,12
37.6600,-2,-28,-16,3,8,29,16,12,7,-24,-19,-4,1,22,14,12,3,-28,-19,-3,0,26,18,17,4,-28,-17,0,-1,26,5,10,14,-28,-18,-1,-1,25,13,11,5,-37,-22,1,5,29,11,8,8,-25,-21,23,2,28,16,14,5,-28,-18,-1,-2,30,10,15
37.6800,6,-29,-16,-1,9,27,13,12,6,-24,-24,-2,3,17,16,11,6,-24,-19,2,3,24,19,19,2,-25,-20,2,2,23,1,11,14,-22,-19,0,-5,28,13,8,5,-31,-18,3,7,29,10,6,4,-27,-17,16,1,31,14,9,5,-29,-21,-2,2,26,12,15
37.7000,5,-27,-17,1,6,31,21,11,9,-23,-23,0,2,16,12,6,4,-20,-20,3,2,29,15,15,7,-29,-18,0,-3,21,0,11,14,-27,-19,4,-3,27,13,13,3,-32,-18,3,6,30,8,12,5,-22,-16,21,0,25,10,12,9,-25,-18,1,1,28,11,13
37.7200,5,-30,-15,0,10,28,14,11,9,-27,-19,4,1,20,13,10,6,-22,-15,5,1,21,11,18,7,-26,-20,4,-1,20,-3,12,15,-25,-20,-1,0,30,10,13,4,-32,-20,1,10,28,9,5,2,-28,-23,16,-2,25,14,10,4,-23,-23,0,1,26,13,10
37.7400,5,-30,-22,0,6,29,16,13,7,-19,-18,-4,1,15,17,14,7,-24,-17,2,2,23,10,16,7,-27,-21,-3,3,23,-1,10,11,-21,-21,-3,-2,26,12,12,6,-30,-18,4,4,27,10,11,7,-23,-16,19,3,23,8,18,3,-26,-24,1,1,28,10,11
37.7600,5,-34,-22,0,6,29,17,17,3,-25,-18,0,0,13,12,11,10,-27,-18,-2,6,27,10,19,8,-31,-18,-2,-2,21,-2,15,13,-25,-17,1,-1,28,9,13,5,-36,-18,2,7,29,12,9,3,-24,-22,15,2,31,11,13,6,-22,-19,-6,1,24,12,13
37.7800,2,-32,-15,2,7,29,18,14,4,-21,-14,2,0,16,10,17,7,-24,-19,5,4,30,16,19,5,-29,-15,1,0,24,0,12,13,-22,-15,-5,-6,26,9,15,10,-29,-21,-2,3,29,12,5,6,-25,-18,19,-3,26,11,10,4,-19,-19,3,-4,26,8,12
37.8000,3,-34,-21,-1,4,27,15,13,5,-19,-17,2,-2,16,11,14,6,-21,-16,0,5,27,11,18,4,-28,-16,2,1,23,4,9,18,-27,-15,-1,2,28,12,8,7,-35,-19,0,11,29,9,12,3,-26,-20,19,-1,26,12,13,5,-22,-22,-2,3,25,11,11
37.8200,3,-30,-18,0,3,28,11,12,2,-28,-23,3,1,20,7,11,9,-24,-17,0,4,27,14,22,6,-24,-16,2,2,25,3,12,13,-28,-16,-1,-4,20,9,10,3,-32,-20,4,7,32,12,6,3,-27,-18,18,-2,25,15,9,6,-26,-19,3,-2,32,11,15
37.8400,3,-31,-20,-1,8,29,13,13,5,-23,-15,2,3,15,12,13,11,-21,-16,0,7,24,13,14,2,-29,-16,-2,3,26,7,11,11,-29,-14,0,0,26,9,13,4,-31,-16,2,7,29,10,10,5,-29,-16,17,-1,25,13,5,7,-26,-18,3,-4,29,8,14
37.8600,1,-33,-16,7,6,30,13,15,9,-25,-15,3,-1,16,11,12,9,-22,-21,0,8,24,14,22,6,-27,-18,0,6,28,1,10,15,-22,-15,-2,2,26,9,15,4,-35,-18,-1,5,28,6,6,0,-22,-19,19,2,25,9,11,10,-26,-26,0,4,23,12,13
37.8800,5,-32,-18,1,5,30,15,17,4,-24,-18,0,5,17,10,13,7,-22,-15,3,1,25,14,21,11,-26,-19,2,2,23,-1,12,9,-23,-21,5,5,23,13,11,6,-28,-19,0,3,26,8,7,3,-24,-20,18,4,27,10,10,5,-21,-16,0,-3,30,9,11
37.9000,4,-26,-20,1,4,30,18,16,4,-28,-18,1,3,17,10,12,8,-22,-20,1,1,25,8,19,10,-26,-19,-1,0,25,-4,15,10,-24,-20,-2,-6,28,15,12,7,-33,-15,1,7,28,12,9,5,-24,-17,17,-1,26,13,11,1,-26,-14,-1,2,29,10,7
37.9200,3,-30,-17,1,3,27,19,14,9,-22,-17,0,0,16,10,12,7,-23,-15,-1,8,24,7,18,3,-29,-20,1,1,22,2,10,16,-23,-20,0,3,25,14,16,4,-37,-19,3,8,29,7,8,4,-27,-18,13,-3,27,9,14,6,-25,-18,1,7,26,8,10
37.9400,2,-27,-21,0,11,28,15,17,5,-19,-21,1,-3,16,9,10,4,-24,-19,-5,4,24,17,18,6,-28,-17,0,1,26,6,14,11,-26,-16,0,0,26,10,15,8,-32,-23,-1,6,24,12,7,3,-24,-17,16,1,24,13,7,5,-24,-17,1,3,26,14,10
37.9600,10,-34,-20,0,6,29,14,11,1,-25,-17,1,0,18,14,12,8,-19,-20,3,3,21,12,20,10,-25,-22,4,2,22,7,10,15,-20,-18,5,-1,27,9,17,7,-29,-22,-3,6,29,9,9,7,-30,-18,18,0,32,10,14,8,-22,-19,0,2,27,13,7
37.9800,4,-30,-19,-3,8,31,17,19,2,-21,-19,2,-1,18,11,13,6,-22,-15,3,4,26,13,18,4,-26,-16,0,-1,25,3,12,15,-27,-18,0,-2,25,12,14,5,-30,-20,4,5,31,10,8,8,-27,-17,19,2,26,14,15,5,-24,-22,-3,2,25,11,8
38.0000,1,-30,-20,5,7,23,11,15,8,-24,-19,-2,1,17,11,14,8,-20,-18,-1,3,27,12,20,8,-24,-23,0,4,21,2,15,12,-20,-18,-3,1,25,11,16,2,-33,-20,1,5,30,7,10,6,-24,-15,20,7,28,9,14,3,-24,-19,-1,-2,26,12,15
38.0200,4,-29,-24,1,8,29,11,16,7,-27,-21,4,2,19,11,12,7,-23,-18,2,1,28,12,19,9,-27,-17,-1,0,22,-1,9,15,-27,-20,3,1,26,13,12,4,-31,-17,3,8,30,9,6,3,-24,-19,18,0,32,13,11,3,-27,-13,-1,1,30,12,10
38.0400,6,-32,-21,-2,6,31,15,13,5,-27,-21,0,-5,15,10,15,10,-24,-15,4,5,23,17,19,8,-27,-18,1,2,24,-1,15,13,-22,-23,3,-5,20,14,17,4,-32,-21,2,7,28,12,7,2,-23,-20,19,-3,23,13,11,6,-22,-19,-1,-2,29,12,12
38.0600,2,-27,-18,1,15,27,13,16,7,-24,-17,1,2,14,8,12,10,-21,-18,0,3,23,14,19,6,-21,-15,-1,-1,30,2,10,9,-21,-17,-5,-1,24,17,13,4,-32,-25,0,7,31,10,6,10,-28,-16,17,0,28,15,12,6,-28,-18,2,1,27,13,10
38.0800,0,-34,-22,2,7,29,14,13,6,-25,-20,0,1,17,10,11,5,-23,-23,2,5,25,17,23,6,-28,-20,-1,-1,26,0,15,14,-27,-17,2,-3,24,14,14,9,-30,-18,2,6,33,14,8,3,-27,-21,20,-1,28,10,13,8,-26,-21,2,3,26,13,7
38.1000,5,-28,-19,2,7,31,13,12,6,-23,-26,-1,0,19,13,9,5,-22,-21,-2,8,24,16,21,5,-25,-14,2,4,25,2,9,19,-22,-21,-2,-2,26,14,14,4,-31,-22,-1,2,26,7,8,10,-31,-19,17,2,26,12,14,6,-25,-19,0,2,27,18,13
38.1200,5,-28,-20,-3,9,29,17,15,4,-22,-20,-2,3,16,7,10,3,-24,-19,-1,5,26,14,15,9,-24,-16,1,2,30,3,12,12,-23,-19,1,-1,26,11,15,8,-35,-15,-1,7,29,11,9,10,-23,-17,18,2,29,10,10,6,-23,-21,2,1,23,14,13
38.1400,5,-30,-19,-6,10,31,18,16,7,-24,-18,-6,2,21,13,13,2,-25,-19,0,2,28,13,20,7,-26,-25,1,0,25,5,10,12,-29,-19,4,0,24,12,16,8,-34,-17,2,10,26,11,10,4,-27,-19,16,3,27,11,11,3,-21,-22,3,0,24,17,12
38.1600,6,-29,-22,4,9,31,13,15,6,-24,-20,1,-2,20,13,12,5,-25,-18,2,4,24,13,18,8,-28,-22,0,0,26,0,14,15,-28,-15,-3,1,24,14,14,7,-31,-17,-3,6,26,10,10,8,-25,-20,15,1,25,11,12,5,-25,-17,1,0,28,16,12
38.1800,4,-33,-18,-1,8,29,14,12,6,-21,-23,1,1,19,13,17,7,-21,-17,3,5,25,15,18,9,-23,-20,2,3,27,2,13,8,-25,-19,1,1,25,14,13,10,-26,-20,2,8,30,9,9,4,-23,-20,20,1,22,15,15,2,-22,-18,0,4,26,13,14
38.2000,5,-31,-20,5,6,32,12,16,7,-22,-18,4,4,19,14,16,9,-25,-20,5,2,22,11,18,7,-26,-18,1,4,24,3,15,14,-21,-23,-3,5,21,11,16,6,-30,-17,-2,7,27,9,7,3,-22,-21,16,2,25,13,16,6,-24,-20,-2,1,25,12,13
38.2200,3,-28,-23,-2,7,32,14,13,10,-19,-19,-2,-3,20,15,12,7,-26,-16,4,3,28,15,16,7,-27,-16,3,1,25,2,11,11,-22,-21,4,-2,24,12,17,6,-31,-18,-2,7,32,7,8,7,-22,-20,19,1,30,15,13,2,-24,-18,3,1,26,15,12
38.2400,7,-30,-17,0,11,30,16,13,7,-23,-19,-1,3,15,12,14,5,-20,-18,-1,2,23,15,17,8,-26,-18,0,5,25,1,12,14,-23,-19,2,-2,23,12,15,9,-33,-18,3,5,27,10,10,10,-24,-18,22,-1,25,14,13,9,-28,-18,1,5,27,11,15
38.2600,5,-29,-18,-1,6,31,14,15,5,-22,-17,1,3,17,12,16,5,-19,-19,-2,2,24,15,22,10,-21,-19,3,4,27,4,9,13,-24,-22,-1,0,27,11,18,11,-34,-19,-1,6,28,11,9,6,-27,-18,14,-1,25,9,15,10,-24,-17,-1,1,30,16,10
38.2800,3,-29,-20,0,7,31,12,15,7,-22,-18,5,2,16,14,14,3,-21,-21,-2,4,29,16,21,10,-23,-21,3,5,23,-2,8,15,-24,-19,0,-1,26,17,18,6,-33,-27,4,6,27,15,11,7,-25,-17,18,2,26,9,14,9,-29,-21,-1,7,25,12,13
38.3000,9,-31,-21,-3,9,29,16,16,8,-27,-20,0,-2,17,15,11,7,-23,-19,-1,4,24,16,22,9,-24,-20,3,1,23,3,11,18,-25,-21,2,2,26,9,15,10,-31,-21,-1,4,25,16,8,10,-29,-21,18,4,26,9,15,6,-24,-18,-1,4,27,13,15
38.3200,5,-32,-19,0,11,29,14,15,3,-22,-23,0,4,20,20,13,12,-26,-21,0,4,23,11,25,7,-25,-18,1,3,28,0,10,14,-23,-23,3,-1,29,13,18,8,-30,-19,-2,3,28,7,7,4,-24,-18,16,2,28,10,16,4,-24,-21,-3,1,28,13,12
38.3400,7,-30,-23,0,10,28,16,12,5,-24,-16,2,3,20,12,12,5,-22,-20,1,3,29,17,17,9,-26,-18,3,5,27,-3,8,17,-20,-18,0,0,25,15,16,7,-35,-22,1,5,27,12,11,6,-26,-15,18,3,26,15,11,7,-26,-19,3,6,31,15,10
38.3600,4,-30,-18,-2,9,27,11,14,10,-24,-22,3,1,19,14,15,9,-20,-19,-1,1,29,17,20,11,-26,-21,-1,5,24,1,10,14,-25,-20,4,2,26,14,19,8,-30,-20,0,6,29,10,10,5,-26,-21,17,0,29,12,16,8,-25,-19,-5,3,29,12,13
38.3800,6,-26,-20,-6,7,29,17,15,7,-26,-17,-6,4,18,11,16,8,-22,-19,2,2,27,16,20,6,-26,-19,-2,4,24,4,13,12,-24,-19,0,4,22,13,17,9,-33,-18,4,7,26,11,11,7,-25,-20,15,3,29,13,15,7,-26,-21,0,-2,31,11,10
38.4000,3,-34,-20,3,6,32,14,13,5,-26,-15,-3,0,15,16,11,10,-24,-17,1,6,24,15,20,10,-26,-21,-3,6,30,4,10,15,-23,-19,2,4,26,16,15,6,-30,-18,-1,9,26,15,12,6,-27,-18,15,4,26,14,16,5,-24,-17,0,0,28,12,14
38.4200,2,-27,-20,5,8,27,12,17,12,-21,-19,-1,0,16,8,13,7,-28,-20,1,8,26,17,20,9,-20,-21,-1,1,27,3,13,15,-25,-21,-2,3,22,15,16,9,-30,-19,3,8,29,11,6,10,-26,-19,16,5,29,11,14,7,-19,-19,-3,4,31,12,14
38.4400,4,-31,-22,4,12,26,13,13,9,-25,-20,-3,6,18,14,13,7,-26,-21,6,6,26,18,20,8,-20,-19,-3,5,23,5,13,20,-24,-22,3,2,29,15,13,10,-36,-20,3,6,26,4,6,8,-24,-13,19,2,27,12,13,9,-24,-19,4,1,23,13,12
38.4600,8,-30,-19,3,9,29,15,14,8,-23,-23,4,4,15,11,17,11,-24,-21,-1,6,27,14,27,7,-22,-22,3,7,25,2,13,14,-23,-22,2,4,29,12,16,8,-31,-19,3,10,31,11,11,8,-24,-19,16,-2,27,14,13,7,-27,-21,0,5,27,13,12
38.4800,4,-32,-17,2,9,30,12,16,6,-26,-17,2,1,15,11,19,6,-25,-17,1,6,25,14,20,5,-25,-21,2,2,25,3,11,16,-27,-22,-3,5,22,13,19,5,-32,-20,0,8,30,15,7,8,-28,-19,17,5,26,11,14,6,-21,-16,0,6,27,12,13
38.5000,6,-37,-25,0,9,30,17,18,7,-25,-15,0,1,21,13,13,4,-23,-21,1,7,25,16,22,7,-22,-20,0,5,27,4,13,13,-27,-21,3,6,26,10,16,5,-32,-20,1,8,24,10,12,7,-25,-13,15,-2,28,10,12,10,-23,-20,2,4,26,14,14
38.5200,9,-28,-19,-1,7,25,13,18,6,-27,-26,1,0,13,11,12,8,-22,-18,2,2,28,17,22,7,-26,-22,2,1,25,1,12,14,-20,-21,1,1,28,15,15,11,-31,-22,3,6,26,11,11,3,-26,-18,17,2,27,12,15,7,-30,-19,1,4,27,18,17
38.5400,4,-31,-24,1,12,31,15,14,5,-21,-23,1,4,18,16,13,9,-20,-20,-4,7,22,17,23,9,-23,-16,-2,1,28,2,17,17,-22,-18,3,0,23,15,14,13,-34,-22,0,9,28,11,13,6,-20,-22,17,0,25,17,12,10,-25,-20,1,-1,26,14,17
38.5600,4,-30,-18,1,11,27,15,19,8,-25,-16,0,8,17,15,10,10,-23,-21,4,4,25,15,19,6,-28,-17,2,2,22,2,9,17,-26,-18,-2,2,25,14,16,11,-32,-23,3,9,29,8,9,5,-29,-21,16,5,26,14,16,5,-24,-14,-2,4,29,13,16
38.5800,9,-31,-21,-1,10,26,11,15,9,-24,-20,-1,7,16,17,17,9,-27,-21,-1,4,24,14,21,7,-21,-17,2,4,23,1,14,19,-27,-19,1,1,22,16,15,8,-32,-15,8,7,28,13,5,8,-27,-18,15,4,28,14,10,8,-27,-19,2,1,24,15,14
38.6000,7,-32,-22,0,12,28,15,13,12,-25,-17,2,1,16,13,18,8,-22,-18,-1,7,21,16,19,9,-29,-22,1,5,26,1,14,16,-21,-19,3,4,29,15,16,14,-32,-23,3,6,27,18,13,7,-25,-23,13,4,26,10,15,8,-23,-22,-1,7,24,13,17
38.6200,8,-29,-21,-1,13,30,18,16,15,-27,-21,5,3,15,17,17,9,-27,-19,1,4,23,13,24,7,-25,-20,3,2,26,0,17,19,-26,-22,-1,6,25,10,13,11,-30,-16,3,6,25,12,15,3,-28,-17,16,5,25,18,13,9,-25,-22,4,1,26,14,17
38.6400,6,-30,-20,4,10,29,19,13,8,-22,-21,-1,1,22,11,12,4,-26,-16,0,5,28,14,23,11,-26,-20,-2,5,26,3,15,13,-27,-17,-3,2,26,10,18,8,-28,-17,1,6,27,12,12,8,-24,-19,18,-1,26,10,13,14,-28,-18,1,3,31,15,13
38.6600,5,-35,-17,3,15,30,13,13,11,-27,-16,0,2,14,8,13,7,-23,-20,-1,6,19,19,18,7,-25,-24,1,6,25,7,19,18,-23,-17,0,-1,32,12,14,5,-29,-17,2,9,25,12,14,8,-25,-20,17,0,25,15,13,12,-27,-20,-1,3,24,12,19
38.6800,7,-30,-19,4,11,29,15,19,9,-24,-18,3,5,16,12,12,5,-23,-21,0,3,23,17,24,7,-25,-18,6,1,24,1,17,20,-24,-21,0,6,29,13,16,9,-33,-23,1,4,29,13,8,4,-28,-20,16,-1,24,10,11,7,-25,-17,2,0,28,13,12
38.7000,6,-35,-23,-2,11,29,14,16,7,-22,-20,-1,6,13,12,14,7,-23,-18,-1,5,27,13,24,13,-26,-19,0,3,26,4,13,19,-23,-23,3,-4,19,16,15,15,-36,-20,-1,14,26,11,11,8,-25,-22,14,3,25,8,16,9,-24,-20,1,2,28,12,15
38.7200,8,-28,-19,1,11,31,13,17,8,-23,-17,0,4,15,17,16,7,-25,-21,5,5,22,14,23,4,-24,-19,-2,8,24,5,14,16,-25,-19,3,5,26,14,16,10,-33,-18,1,7,29,11,6,7,-27,-17,16,2,29,14,18,7,-25,-21,2,6,28,15,14
38.7400,5,-29,-20,-2,5,30,9,19,6,-24,-23,1,0,15,14,19,10,-22,-21,-1,6,22,17,23,6,-24,-19,-1,5,26,0,11,13,-25,-20,-3,3,29,17,18,7,-30,-19,0,6,29,11,14,7,-28,-23,11,4,25,13,14,10,-26,-22,-1,3,26,11,14
38.7600,8,-23,-23,1,11,28,13,18,10,-27,-21,0,2,15,10,14,6,-22,-22,-2,4,24,15,18,6,-23,-21,3,3,25,3,14,16,-26,-15,0,4,25,16,17,9,-32,-22,1,3,30,13,14,8,-25,-24,16,1,24,15,15,6,-25,-21,0,5,31,14,18
38.7800,9,-31,-15,-2,9,35,11,18,7,-24,-19,-3,2,16,12,18,10,-23,-17,-1,6,22,16,23,8,-26,-19,2,5,23,2,14,18,-26,-18,3,3,27,12,18,9,-34,-17,-1,8,23,9,11,2,-27,-23,13,0,29,10,13,13,-27,-16,0,6,28,9,14
38.8000,8,-29,-18,0,7,29,14,18,8,-25,-15,-2,4,21,16,17,11,-25,-18,3,4,28,16,22,9,-27,-23,2,5,28,2,13,11,-25,-19,-1,5,27,10,17,12,-31,-21,3,7,28,14,14,9,-29,-23,14,2,28,14,16,8,-27,-18,0,2,28,13,17
38.8200,9,-28,-17,-2,8,31,11,17,9,-26,-16,3,0,15,18,10,9,-25,-22,-3,7,26,17,25,7,-26,-21,1,5,24,3,16,19,-25,-22,3,1,25,11,14,11,-29,-23,3,7,29,10,13,7,-27,-16,14,4,28,8,13,7,-26,-18,-1,0,27,14,14
38.8400,6,-30,-21,-1,13,28,14,14,10,-26,-17,3,1,16,14,11,5,-27,-19,1,6,24,20,21,11,-25,-21,5,5,28,1,15,16,-24,-19,3,5,26,20,17,13,-33,-16,0,8,26,14,13,13,-27,-21,13,4,25,17,18,8,-26,-22,-2,4,25,13,14
38.8600,8,-29,-18,0,12,30,13,16,7,-27,-18,4,1,18,17,18,6,-22,-21,1,6,25,15,22,12,-28,-20,6,8,29,1,13,19,-22,-21,3,5,27,14,17,11,-28,-21,2,5,26,16,14,10,-23,-17,17,7,26,8,14,7,-24,-15,-3,-1,29,13,12
38.8800,9,-28,-17,-1,13,28,13,18,5,-23,-18,2,3,18,10,17,3,-24,-23,-2,6,23,13,23,9,-23,-24,2,5,27,5,13,16,-28,-20,1,0,28,14,17,9,-32,-18,5,12,25,12,9,10,-29,-18,16,2,25,11,16,17,-24,-23,2,5,31,15,17
38.9000,5,-33,-21,2,9,26,14,20,8,-22,-18,3,2,15,9,13,8,-23,-17,3,4,25,16,22,6,-25,-17,3,10,27,1,16,16,-24,-20,-2,3,22,11,18,12,-33,-20,3,5,27,9,11,7,-26,-18,15,5,27,13,10,8,-26,-17,-1,5,27,14,14
38.9200,8,-25,-18,3,9,27,10,16,7,-21,-21,2,2,13,14,14,7,-24,-18,4,8,17,12,23,6,-24,-19,3,7,27,6,12,13,-21,-17,5,5,28,12,16,10,-34,-17,0,4,26,13,9,9,-25,-21,17,-1,27,15,16,9,-26,-17,0,3,26,16,13
38.9400,12,-26,-15,-1,13,32,13,20,3,-27,-18,4,8,16,13,17,8,-23,-17,1,8,21,18,22,12,-21,-21,3,4,28,4,16,13,-26,-17,1,4,26,16,17,14,-32,-12,-1,11,26,16,12,12,-27,-20,16,4,24,15,13,7,-29,-19,1,5,28,12,17
38.9600,7,-29,-20,3,10,28,13,20,7,-24,-20,2,8,11,14,12,5,-24,-17,-1,7,25,18,23,13,-27,-23,4,5,25,4,13,15,-24,-19,2,5,26,14,14,7,-31,-21,-1,4,24,14,11,8,-27,-19,15,-3,30,17,11,5,-26,-22,-3,4,29,11,15
38.9800,9,-28,-16,-2,11,27,13,15,5,-23,-22,4,2,14,13,19,7,-22,-23,0,8,24,12,23,9,-28,-19,4,9,27,-1,13,19,-25,-18,2,4,27,12,13,13,-31,-14,3,3,23,15,12,4,-25,-17,17,4,26,11,13,9,-20,-18,-1,10,24,10,15
39.0000,11,-31,-22,4,9,31,13,15,4,-22,-20,1,9,14,12,19,5,-23,-21,-1,4,30,18,24,6,-24,-15,2,7,29,2,18,16,-25,-23,-1,3,25,15,16,11,-32,-20,4,7,26,14,13,7,-25,-19,17,0,27,11,18,10,-30,-20,2,7,22,9,14
39.0200,6,-25,-19,1,10,27,20,17,10,-29,-24,2,3,17,12,15,7,-18,-19,5,6,27,16,25,7,-23,-24,4,4,25,3,13,16,-26,-20,-1,9,27,15,18,11,-34,-21,1,10,24,13,14,6,-24,-13,13,4,29,11,15,8,-26,-20,1,4,29,14,16
39.0400,9,-25,-19,1,12,30,14,19,5,-28,-18,1,3,17,12,15,3,-22,-20,4,8,21,16,23,7,-21,-21,-5,8,25,5,12,18,-31,-19,3,4,27,13,17,9,-32,-22,1,11,30,13,12,7,-24,-15,15,1,29,13,12,13,-24,-19,4,2,31,14,11
39.0600,9,-27,-20,-1,12,35,15,18,11,-25,-24,4,1,17,13,15,12,-25,-18,1,10,20,13,21,10,-22,-21,8,7,25,1,14,17,-27,-20,0,3,27,13,13,15,-34,-17,0,10,22,14,12,10,-25,-22,18,7,32,14,16,7,-27,-17,-1,1,28,8,15
39.0800,9,-33,-20,-3,10,29,15,15,9,-24,-18,4,6,17,14,17,10,-22,-22,6,5,29,18,22,6,-23,-19,4,2,29,0,17,16,-26,-17,4,2,27,13,19,15,-29,-17,2,9,24,12,13,8,-27,-21,17,10,30,13,16,14,-25,-16,3,4,25,16,15
39.1000,11,-30,-23,-3,12,31,15,18,10,-21,-24,-1,6,13,20,20,6,-22,-16,1,3,27,11,21,12,-27,-20,1,6,22,1,14,16,-29,-22,3,6,28,16,17,11,-31,-18,-1,7,28,13,11,10,-22,-18,16,3,31,14,19,9,-22,-22,1,6,25,16,17
39.1200,14,-29,-23,4,16,27,13,17,12,-24,-22,1,5,15,12,16,7,-24,-23,3,7,23,14,23,7,-23,-23,-2,8,24,3,15,19,-23,-22,3,7,25,11,16,12,-29,-18,5,11,22,16,12,9,-22,-21,12,4,25,13,17,10,-24,-21,3,5,29,17,19
39.1400,11,-25,-25,1,13,31,16,15,10,-26,-20,-1,2,17,14,17,4,-22,-17,-1,6,22,14,27,9,-22,-26,1,9,25,1,19,15,-22,-16,-2,7,26,13,19,15,-31,-22,2,10,22,13,13,12,-26,-20,17,6,28,13,14,10,-26,-23,6,3,29,16,15
39.1600,5,-28,-24,3,10,26,14,14,6,-24,-22,-4,7,15,16,22,10,-29,-23,4,1,27,11,20,8,-25,-19,-2,8,25,6,17,12,-24,-22,0,3,26,13,17,12,-31,-28,1,12,24,12,15,9,-25,-22,19,6,27,11,16,6,-24,-21,0,7,28,12,13
39.1800,6,-28,-20,4,14,25,14,17,11,-30,-24,3,1,18,16,17,8,-25,-25,0,8,23,17,25,12,-26,-22,3,7,26,0,12,19,-32,-22,4,4,27,15,17,13,-31,-22,0,7,31,13,13,11,-26,-23,19,8,29,18,16,3,-24,-22,1,4,28,17,16
39.2000,10,-27,-22,2,12,30,17,15,8,-27,-21,4,8,18,14,15,11,-23,-19,0,7,21,15,20,8,-23,-20,3,4,22,0,13,12,-28,-23,-1,2,23,16,20,9,-33,-19,4,4,24,11,12,10,-27,-23,16,4,22,15,19,9,-24,-18,1,3,28,13,18
39.2200,6,-25,-26,1,14,30,16,16,8,-29,-23,5,2,19,17,18,9,-23,-17,3,8,27,14,22,9,-24,-23,3,9,24,-1,12,14,-26,-22,5,3,28,15,17,16,-28,-20,2,8,29,14,12,11,-25,-20,18,6,27,15,18,10,-23,-20,2,5,22,13,17
39.2400,9,-30,-24,-1,11,32,15,20,9,-25,-22,5,8,17,12,20,10,-24,-21,4,2,25,14,23,11,-23,-19,-4,11,20,6,14,17,-28,-22,3,4,26,10,19,16,-29,-20,2,5,27,11,12,6,-27,-17,15,5,27,13,15,7,-26,-14,3,3,26,13,18
39.2600,11,-23,-20,1,12,30,10,17,4,-26,-22,1,6,19,14,17,9,-23,-23,0,5,22,17,18,13,-23,-20,4,8,23,4,14,17,-31,-17,3,2,24,14,22,10,-30,-17,4,7,29,13,15,14,-29,-22,19,9,26,15,11,11,-28,-16,-3,5,23,17,15
39.2800,7,-29,-20,0,16,28,12,18,7,-24,-25,1,5,19,13,20,10,-23,-21,1,8,22,18,22,9,-23,-19,4,7,27,7,17,21,-25,-22,2,1,23,13,15,13,-31,-21,3,10,27,9,16,10,-27,-25,20,10,26,16,13,12,-24,-22,3,7,25,18,18
39.3000,12,-27,-21,1,12,31,13,14,9,-29,-22,4,5,14,12,19,13,-25,-21,-1,8,23,15,21,10,-25,-23,4,10,28,6,12,18,-26,-21,2,3,27,12,15,16,-28,-24,0,10,25,11,14,9,-24,-22,16,2,27,15,15,11,-23,-21,4,5,27,16,16
39.3200,10,-25,-21,-2,12,28,13,16,9,-23,-18,2,4,16,15,19,8,-24,-25,2,7,26,14,23,11,-23,-20,1,11,30,4,20,16,-28,-19,3,8,29,15,19,12,-30,-20,1,9,30,12,15,14,-24,-27,17,6,27,13,14,8,-26,-22,-1,7,26,13,19
39.3400,12,-27,-24,5,11,30,18,21,9,-27,-24,0,0,16,12,24,12,-20,-22,2,6,30,13,22,10,-24,-25,1,8,29,1,17,20,-23,-24,0,7,25,13,17,17,-35,-17,2,9,25,15,15,12,-22,-22,13,3,28,14,17,9,-28,-21,0,4,28,17,18
39.3600,8,-27,-24,2,13,28,14,18,7,-28,-20,2,4,16,16,19,8,-26,-18,1,7,21,11,24,15,-26,-19,3,7,26,0,18,19,-24,-18,5,7,28,18,20,14,-29,-16,2,16,26,9,15,13,-26,-23,18,5,28,18,16,11,-26,-18,1,5,25,15,18
39.3800,9,-26,-20,1,15,26,11,16,10,-24,-22,4,3,17,13,19,8,-20,-22,-1,6,28,17,25,10,-25,-20,1,7,23,0,17,15,-25,-13,0,8,28,16,14,17,-31,-22,0,11,24,11,17,15,-28,-20,16,11,25,11,16,13,-25,-20,-1,3,25,20,16
39.4000,7,-25,-20,3,15,23,15,16,12,-26,-23,3,3,17,15,18,6,-21,-20,-2,5,25,17,25,12,-23,-23,6,11,29,1,15,18,-25,-22,2,8,24,17,16,17,-34,-20,3,2,25,14,18,13,-28,-21,14,9,28,16,19,11,-25,-24,0,2,26,14,16
39.4200,11,-30,-24,1,16,30,15,19,12,-24,-19,5,6,17,11,19,7,-24,-24,6,3,23,18,24,12,-22,-22,-1,10,29,3,17,16,-29,-23,4,6,25,14,18,10,-29,-21,1,5,24,14,16,12,-25,-24,11,9,30,18,17,8,-23,-21,8,4,26,15,16
39.4400,10,-29,-18,1,12,31,11,16,10,-27,-20,4,13,18,15,20,7,-24,-22,0,9,30,13,26,12,-24,-20,0,11,27,3,18,17,-25,-22,2,4,26,13,16,11,-30,-23,7,7,26,11,19,12,-31,-19,16,1,26,12,16,9,-29,-21,3,6,24,16,21
39.4600,11,-29,-19,3,13,23,13,18,11,-25,-19,3,4,14,16,18,7,-21,-19,4,8,24,16,30,14,-22,-22,6,12,28,2,17,18,-25,-21,3,6,23,17,17,15,-29,-20,0,5,25,10,18,13,-24,-20,18,3,25,14,20,9,-30,-21,1,9,24,16,18
39.4800,6,-28,-19,4,12,26,18,16,13,-30,-21,2,8,18,11,19,8,-26,-19,-1,6,25,14,24,10,-24,-23,1,13,25,2,15,19,-28,-18,4,7,26,13,18,17,-30,-20,4,7,26,10,15,14,-25,-24,13,8,27,15,17,14,-24,-22,1,7,27,14,17
39.5000,12,-28,-15,0,15,25,11,18,7,-29,-20,6,5,16,16,22,10,-23,-17,3,8,27,16,25,11,-26,-20,3,10,26,2,18,19,-29,-19,-2,9,27,11,16,10,-32,-22,0,11,27,19,15,8,-24,-19,13,4,22,15,15,14,-26,-21,4,5,28,19,16
39.5200,14,-26,-17,1,13,27,13,19,9,-27,-20,0,7,15,13,20,10,-23,-20,2,11,25,18,28,10,-24,-19,4,12,29,2,20,21,-25,-22,2,5,24,12,16,16,-28,-26,0,9,23,14,15,12,-26,-19,14,12,26,16,13,11,-27,-22,3,4,25,11,21
39.5400,9,-28,-20,7,13,25,15,21,12,-26,-25,2,6,18,13,21,9,-25,-19,3,10,26,18,28,10,-22,-16,6,10,26,1,16,14,-26,-20,2,7,30,11,19,18,-33,-23,-3,10,27,15,15,14,-28,-20,17,10,29,15,19,10,-22,-20,4,8,29,16,19
39.5600,10,-25,-23,3,14,27,11,17,11,-25,-21,1,3,12,16,19,9,-26,-21,1,8,25,16,26,11,-24,-27,2,10,27,4,18,15,-30,-27,2,4,28,15,17,15,-32,-22,1,6,29,15,14,13,-25,-18,16,3,25,17,16,6,-25,-19,2,5,25,15,17
39.5800,12,-30,-17,2,14,30,16,22,10,-26,-17,2,3,18,10,22,9,-24,-22,5,9,26,15,28,10,-23,-21,1,7,25,-1,14,14,-26,-17,7,7,23,15,19,12,-31,-22,0,10,24,10,19,13,-24,-22,16,6,26,14,18,9,-24,-20,1,5,28,15,15
39.6000,12,-27,-20,-2,15,32,12,16,11,-28,-18,0,8,20,17,19,9,-21,-21,5,11,24,20,26,14,-23,-21,8,9,25,0,16,12,-26,-17,3,5,25,14,19,12,-26,-22,-1,2,23,12,15,8,-26,-19,14,8,23,17,16,8,-28,-18,-1,4,29,15,18
39.6200,9,-28,-22,1,15,28,14,16,12,-24,-23,4,7,16,16,17,12,-27,-22,2,4,24,20,26,14,-18,-21,1,10,30,3,18,17,-28,-17,3,9,25,22,18,16,-28,-21,4,11,26,16,16,8,-24,-22,16,4,25,15,19,11,-25,-25,3,6,27,10,22
39.6400,9,-26,-19,3,10,28,14,19,12,-25,-22,4,5,19,15,17,7,-23,-24,3,7,24,15,28,10,-22,-19,4,9,24,2,20,18,-24,-18,2,5,23,16,18,15,-31,-22,7,8,24,14,14,12,-23,-19,13,4,25,14,15,10,-27,-21,0,11,28,12,15
39.6600,11,-23,-21,-1,14,28,14,19,7,-26,-16,2,8,18,16,19,14,-23,-18,8,5,20,13,27,6,-25,-23,2,5,22,3,14,16,-26,-19,5,7,22,12,18,17,-30,-23,1,6,25,11,15,9,-22,-18,11,9,29,13,15,11,-20,-22,7,8,23,17,21
39.6800,7,-25,-23,0,11,24,17,19,7,-28,-18,4,8,15,19,17,7,-25,-22,7,7,24,12,29,10,-25,-18,5,13,25,3,18,13,-24,-26,2,8,29,14,20,19,-28,-19,4,5,22,14,15,7,-25,-20,19,5,28,13,19,17,-22,-21,-1,5,29,17,21
39.7000,9,-25,-20,4,16,28,15,15,9,-28,-22,4,12,14,18,23,5,-24,-24,4,7,24,15,22,14,-19,-20,6,9,22,4,17,19,-29,-23,5,12,22,15,15,13,-25,-21,2,9,28,12,16,13,-29,-23,19,6,26,14,10,9,-25,-17,-2,8,29,15,19
39.7200,9,-26,-20,2,16,23,13,23,10,-27,-24,0,3,16,15,19,10,-27,-21,6,9,22,17,26,12,-23,-22,7,10,22,3,14,16,-26,-24,3,4,26,16,22,13,-25,-24,-1,8,27,11,22,11,-25,-22,17,8,26,19,17,10,-26,-22,7,8,26,16,23
39.7400,11,-27,-18,2,13,28,12,19,8,-23,-22,2,2,18,11,18,10,-29,-23,5,11,23,17,27,14,-25,-25,4,7,26,3,21,17,-30,-16,4,6,26,12,21,12,-29,-21,7,9,26,17,14,12,-23,-18,15,5,23,14,19,8,-26,-22,4,4,26,16,20
39.7600,9,-26,-18,7,16,27,11,19,7,-29,-21,3,9,14,16,20,6,-22,-17,1,3,29,14,22,10,-18,-19,0,12,27,1,14,19,-29,-22,1,4,28,19,17,12,-29,-21,2,7,25,16,22,9,-25,-20,13,7,23,15,21,13,-22,-21,2,8,23,17,18
39.7800,11,-29,-25,1,11,24,12,15,12,-26,-22,2,8,12,15,16,9,-22,-22,2,8,30,12,28,14,-24,-21,2,12,26,3,19,17,-28,-20,4,8,26,16,16,18,-30,-20,6,11,22,10,17,8,-22,-23,12,10,27,11,19,14,-25,-20,1,5,27,14,21
39.8000,13,-24,-24,-2,12,23,15,21,7,-25,-24,3,8,16,15,20,7,-24,-16,6,8,29,19,24,16,-28,-21,1,8,23,1,18,17,-27,-20,1,9,26,13,19,15,-32,-25,4,2,25,12,19,9,-26,-19,15,8,28,13,18,11,-25,-17,-3,8,28,15,15
39.8200,7,-23,-18,2,13,28,15,19,9,-24,-18,2,8,17,13,20,8,-26,-21,1,9,25,20,24,12,-20,-21,-2,11,27,3,18,21,-22,-24,3,10,29,14,15,15,-29,-19,2,6,25,18,14,14,-26,-22,19,10,25,16,17,11,-25,-18,2,10,27,8,16
39.8400,15,-23,-19,5,18,31,9,21,9,-26,-20,4,10,13,14,21,8,-25,-22,4,6,27,17,33,11,-26,-23,1,13,26,0,18,18,-28,-21,2,5,27,12,19,14,-30,-18,1,9,28,13,20,12,-27,-21,12,9,24,10,19,12,-24,-21,1,10,25,17,15
39.8600,16,-26,-24,1,15,30,14,21,11,-24,-18,8,11,17,11,21,9,-23,-21,2,9,26,19,28,10,-27,-23,2,12,24,2,18,15,-26,-23,3,5,27,15,21,13,-27,-21,4,6,30,14,18,14,-28,-21,16,11,25,11,21,9,-23,-22,4,6,27,13,19
39.8800,16,-26,-21,3,13,28,12,19,11,-26,-22,5,12,19,9,26,11,-25,-21,1,6,28,17,30,13,-24,-23,3,9,24,3,16,17,-30,-21,3,9,29,16,18,18,-29,-20,2,9,24,7,21,10,-29,-22,14,7,25,16,17,14,-27,-22,1,11,27,14,17
39.9000,10,-29,-19,5,16,25,15,27,12,-28,-16,6,5,20,14,17,10,-26,-24,4,10,24,17,25,14,-23,-20,4,12,23,2,16,13,-24,-17,4,7,25,18,23,14,-29,-20,1,10,26,13,18,15,-27,-17,15,10,28,16,17,13,-26,-20,4,6,29,12,16
39.9200,11,-28,-21,0,15,31,14,24,10,-30,-25,4,7,17,16,21,9,-29,-24,7,6,27,16,25,13,-22,-24,6,8,26,3,24,15,-26,-20,7,11,28,15,21,14,-28,-20,4,1,24,13,16,11,-26,-21,16,9,28,16,18,9,-24,-20,2,6,27,13,20
39.9400,13,-22,-21,6,12,33,14,20,15,-30,-19,3,10,20,13,20,8,-26,-19,0,3,26,17,29,16,-20,-24,1,7,26,2,18,20,-29,-15,1,7,30,11,16,16,-24,-15,2,5,25,16,21,7,-29,-23,13,10,30,14,21,12,-24,-20,1,6,26,14,19
39.9600,17,-29,-17,2,16,24,13,17,13,-25,-24,1,8,19,16,21,5,-23,-19,5,6,21,17,28,11,-23,-23,3,10,25,8,16,15,-24,-18,1,7,24,13,17,14,-30,-20,3,8,22,15,18,17,-24,-22,15,10,21,18,18,13,-22,-23,-1,1,27,15,20
39.9800,13,-25,-23,-1,17,28,15,19,11,-27,-20,5,6,17,15,22,9,-27,-20,2,6,25,15,28,10,-22,-19,7,7,26,3,20,18,-27,-17,4,9,27,14,16,14,-25,-20,-2,8,24,14,20,11,-23,-23,11,12,25,9,20,10,-25,-22,0,9,24,18,18
40.0000,14,-26,-20,-4,18,28,14,23,11,-25,-17,3,11,14,19,22,5,-21,-23,4,8,24,19,28,19,-23,-24,5,11,20,3,19,15,-25,-18,5,8,27,18,19,17,-30,-20,1,3,28,16,21,10,-30,-18,18,7,28,15,18,13,-23,-26,-1,9,27,10,14
40.0200,12,-24,-23,1,18,28,12,16,12,-27,-22,0,13,17,17,19,10,-29,-16,2,5,23,12,30,10,-17,-20,1,10,27,2,18,19,-27,-22,8,4,28,9,16,19,-24,-24,2,2,27,14,19,14,-27,-18,15,9,29,13,19,9,-25,-25,4,9,26,15,18
40.0400,16,-22,-23,7,16,29,12,18,13,-30,-19,0,7,15,15,18,13,-26,-23,2,5,21,17,28,11,-20,-21,3,6,26,2,19,17,-28,-20,3,9,28,12,17,16,-29,-22,0,7,23,13,20,10,-27,-17,13,7,26,13,22,10,-26,-23,-2,10,27,22,20
40.0600,13,-22,-22,2,14,27,13,25,11,-24,-22,3,12,16,14,19,8,-23,-18,4,12,23,16,29,13,-22,-21,0,16,22,0,19,11,-25,-23,2,10,28,15,19,17,-29,-20,3,9,22,17,16,12,-26,-24,19,13,29,17,19,12,-22,-18,6,11,24,17,26
40.0800,10,-22,-20,2,16,29,10,18,10,-29,-22,4,11,17,14,22,12,-26,-20,2,8,22,15,30,11,-22,-19,1,11,21,5,17,12,-29,-21,2,11,27,16,20,13,-23,-21,4,9,23,15,23,13,-24,-20,12,12,29,15,20,15,-25,-21,3,12,28,14,22
40.1000,11,-30,-22,5,16,25,14,21,7,-26,-25,3,13,14,14,24,9,-27,-22,5,9,25,19,29,14,-20,-23,1,13,28,4,19,21,-29,-19,3,10,21,12,17,20,-27,-18,4,8,27,14,18,14,-30,-22,14,7,29,15,23,15,-26,-22,0,13,27,11,20
40.1200,13,-26,-21,3,17,24,14,21,8,-27,-25,1,9,19,15,19,12,-28,-22,4,8,26,19,24,13,-21,-23,6,12,29,0,17,18,-28,-24,3,8,28,12,19,21,-28,-20,3,8,27,15,20,14,-24,-22,15,7,27,14,17,13,-23,-19,3,8,26,12,18
40.1400,8,-27,-20,4,19,26,10,20,10,-32,-20,3,7,15,18,19,8,-26,-25,1,11,27,17,30,13,-23,-17,4,9,32,2,18,16,-28,-18,2,9,28,14,23,17,-26,-21,1,5,27,17,15,15,-25,-19,16,8,31,10,16,10,-21,-20,5,7,23,18,19
40.1600,13,-24,-25,1,18,31,16,26,12,-28,-18,5,9,11,16,22,9,-25,-24,0,10,28,18,32,11,-20,-24,1,9,31,4,16,12,-27,-21,5,8,25,14,22,21,-30,-27,2,5,28,7,17,14,-22,-22,13,9,29,15,17,12,-25,-26,1,7,26,17,23
40.1800,17,-22,-17,6,19,26,14,20,10,-27,-23,5,10,16,16,23,9,-25,-20,5,9,19,14,27,11,-22,-22,2,16,24,1,17,13,-25,-19,3,9,29,14,18,17,-28,-18,2,10,23,17,24,14,-25,-16,18,11,24,11,17,13,-31,-18,1,5,24,14,22
40.2000,10,-26,-22,5,15,29,18,19,7,-28,-18,1,13,19,15,23,10,-25,-23,5,10,21,16,27,13,-20,-18,3,12,26,0,17,20,-30,-24,3,14,29,16,18,18,-26,-20,2,9,24,16,17,15,-23,-23,15,4,27,18,22,12,-25,-18,0,8,29,16,16
40.2200,13,-23,-23,4,15,27,19,16,16,-27,-21,7,11,16,13,21,9,-24,-22,-1,9,25,18,29,13,-17,-18,7,13,26,3,21,18,-30,-23,5,13,28,15,18,16,-30,-21,2,10,23,18,20,15,-27,-20,12,6,29,18,21,10,-24,-19,7,10,23,14,18
40.2400,12,-21,-19,3,16,28,15,20,14,-28,-19,0,13,14,13,19,9,-26,-21,2,8,28,15,31,13,-24,-22,4,8,23,3,17,12,-25,-25,2,13,28,14,17,16,-29,-18,8,8,23,16,20,10,-25,-22,11,10,26,20,24,15,-26,-20,1,11,22,12,24
40.2600,12,-28,-18,1,16,25,16,22,12,-27,-24,4,13,11,13,22,14,-25,-19,-1,6,26,21,29,9,-26,-22,5,14,23,3,18,18,-27,-23,4,7,28,15,17,20,-25,-25,5,1,27,14,22,17,-28,-23,15,7,24,15,20,14,-23,-15,-2,13,27,19,18
40.2800,14,-23,-21,3,18,30,14,19,8,-27,-16,1,13,18,14,21,8,-28,-23,4,7,21,15,25,15,-22,-22,3,13,29,3,18,16,-27,-20,2,9,31,17,15,16,-29,-19,5,7,22,18,15,14,-23,-25,12,11,27,20,23,13,-23,-23,5,10,27,18,21
40.3000,13,-19,-21,5,16,24,15,16,8,-30,-22,5,9,15,16,22,11,-26,-21,3,10,26,17,27,12,-27,-21,-1,9,27,-3,19,15,-26,-24,-1,7,27,14,16,18,-26,-24,3,7,24,12,21,10,-25,-22,14,8,23,15,21,14,-24,-20,4,10,24,14,22
40.3200,14,-23,-18,2,15,28,18,19,9,-30,-21,2,9,18,13,21,11,-27,-18,4,5,24,19,29,10,-23,-17,7,9,25,3,20,13,-31,-23,4,12,22,16,17,17,-26,-25,7,5,22,18,14,12,-27,-21,17,6,25,13,18,13,-25,-18,3,4,24,18,19
40.3400,15,-23,-25,3,19,30,18,20,14,-29,-22,5,11,13,17,22,8,-27,-21,0,7,26,16,27,11,-20,-26,7,10,26,7,20,11,-25,-20,4,11,26,17,19,17,-28,-22,3,7,25,18,19,12,-26,-16,13,8,32,17,24,9,-25,-22,2,12,28,16,25
40.3600,16,-24,-24,2,16,27,17,19,8,-26,-20,4,11,15,17,20,8,-21,-20,2,5,26,15,32,11,-22,-20,4,13,24,2,17,17,-23,-20,3,13,26,10,22,17,-28,-24,4,5,22,13,19,11,-27,-19,14,9,30,15,23,16,-23,-26,3,10,25,17,22
40.3800,13,-20,-22,4,15,29,19,22,9,-25,-22,3,8,16,17,17,7,-25,-20,6,7,29,16,26,12,-21,-21,4,10,28,1,16,19,-24,-21,0,10,21,12,15,13,-24,-22,4,7,24,13,17,9,-26,-24,16,10,22,15,19,14,-26,-23,2,14,24,12,16
40.4000,17,-27,-17,4,15,26,15,20,16,-29,-18,6,13,15,11,19,11,-27,-20,4,7,23,22,30,15,-22,-17,3,7,28,3,17,13,-25,-22,5,14,26,14,17,22,-29,-22,3,9,19,14,20,13,-23,-20,17,9,27,12,18,14,-25,-23,2,8,29,13,22
40.4200,16,-25,-21,7,14,27,16,17,13,-30,-23,3,11,15,17,20,11,-25,-21,2,12,24,18,33,16,-20,-19,2,10,30,4,20,17,-27,-21,3,11,25,17,22,21,-28,-22,5,9,24,16,22,12,-23,-18,17,10,25,11,21,15,-24,-19,5,6,28,17,26
40.4400,17,-26,-23,9,18,27,10,22,11,-28,-22,5,12,17,19,20,9,-29,-18,4,10,27,15,26,16,-21,-24,7,10,27,0,19,15,-24,-21,2,6,27,16,20,19,-27,-23,1,3,24,19,21,14,-22,-21,14,11,25,16,27,13,-25,-19,4,8,25,12,18
40.4600,14,-22,-22,5,18,29,14,20,11,-28,-18,-2,10,16,16,22,7,-28,-21,7,13,26,13,31,15,-20,-23,5,11,29,5,22,15,-25,-17,6,8,26,15,21,18,-24,-21,8,6,20,15,18,13,-23,-22,13,8,25,12,19,14,-24,-19,3,10,26,19,22
40.4800,15,-24,-22,1,14,27,14,19,13,-32,-24,5,10,16,15,23,10,-27,-19,3,13,27,14,26,16,-22,-20,2,14,24,3,21,18,-30,-18,-3,9,28,16,21,18,-23,-21,7,6,23,15,22,17,-24,-23,20,8,25,15,21,13,-25,-20,3,7,26,17,21
40.5000,12,-22,-22,7,16,23,16,23,9,-24,-22,7,14,17,17,22,9,-23,-19,2,6,29,15,29,14,-23,-22,1,12,25,0,15,18,-22,-20,3,14,27,13,18,18,-25,-19,1,8,24,20,22,14,-21,-18,13,5,27,13,19,14,-23,-22,-1,6,27,13,22
40.5200,17,-24,-25,3,17,28,15,20,12,-28,-21,7,11,13,16,19,10,-28,-19,3,12,27,19,30,15,-19,-22,1,14,25,-1,22,16,-25,-23,4,17,26,14,15,20,-25,-20,5,10,27,13,19,7,-24,-21,15,11,31,11,23,14,-20,-22,0,8,27,16,26
40.5400,12,-20,-20,3,16,28,19,16,12,-29,-18,7,11,14,15,20,8,-22,-17,5,10,27,19,30,13,-19,-25,6,9,28,6,16,17,-22,-20,5,14,31,12,19,14,-23,-19,6,7,24,17,16,13,-24,-24,14,9,27,16,23,13,-26,-16,4,6,27,16,18
40.5600,16,-21,-22,3,22,29,16,21,9,-23,-18,9,16,18,13,22,8,-24,-20,6,6,26,16,31,12,-26,-23,6,6,28,4,20,19,-27,-22,3,11,31,16,20,22,-25,-17,4,8,23,16,19,17,-27,-23,15,6,25,17,23,15,-24,-27,6,13,27,14,21
40.5800,15,-24,-21,3,16,25,15,20,12,-30,-21,1,17,18,18,22,5,-25,-21,6,10,25,16,30,10,-23,-21,7,9,28,3,21,17,-29,-18,3,10,25,12,17,18,-26,-21,3,11,22,21,22,14,-25,-19,16,4,25,15,17,15,-26,-22,9,9,24,16,21
40.6000,10,-23,-20,3,16,29,17,23,7,-27,-24,4,13,14,17,16,10,-24,-25,2,9,25,12,28,14,-18,-21,1,12,20,2,19,11,-27,-18,4,14,24,16,18,17,-28,-18,3,9,22,16,22,15,-25,-23,15,8,29,13,24,13,-23,-23,6,11,22,18,22
40.6200,14,-22,-18,3,12,27,14,19,12,-27,-19,3,13,18,19,20,9,-24,-17,2,11,25,16,29,9,-23,-23,3,14,27,1,21,14,-29,-21,6,12,28,15,17,14,-26,-25,5,9,22,11,24,15,-24,-18,13,17,23,12,24,15,-28,-23,4,9,28,13,22
40.6400,15,-21,-22,4,17,28,16,19,15,-31,-27,5,14,18,12,21,5,-22,-20,0,6,28,19,31,14,-22,-20,3,12,24,1,23,14,-29,-24,2,11,27,15,18,20,-24,-22,5,5,24,14,19,11,-25,-20,12,9,25,16,19,13,-24,-21,4,13,26,17,22
40.6600,15,-23,-19,7,15,29,15,23,15,-27,-23,7,11,19,12,16,6,-26,-20,2,9,25,19,30,14,-23,-23,7,10,26,4,19,21,-28,-25,6,15,31,17,21,19,-26,-25,8,7,29,15,18,15,-27,-17,13,10,29,12,23,15,-23,-25,5,10,25,15,19
40.6800,15,-24,-22,6,18,28,19,21,12,-30,-18,3,9,15,19,24,8,-24,-22,5,9,24,15,30,16,-25,-24,5,12,26,3,19,16,-25,-21,2,15,29,25,17,17,-30,-21,3,10,22,17,19,16,-26,-23,14,12,30,12,19,16,-24,-24,2,17,27,18,21
40.7000,10,-22,-18,4,20,30,14,20,12,-24,-20,6,13,17,16,25,11,-27,-17,4,12,31,16,32,14,-19,-20,10,11,22,5,22,13,-24,-23,3,13,29,19,20,22,-24,-22,2,10,26,12,24,14,-29,-21,17,11,26,13,20,12,-26,-21,3,9,23,11,21
40.7200,14,-22,-22,5,19,28,17,19,13,-30,-23,9,13,18,20,28,9,-26,-25,3,10,27,16,29,14,-23,-26,7,10,23,9,23,14,-29,-21,4,14,28,17,17,19,-25,-21,7,7,24,13,20,15,-21,-25,15,14,26,12,18,11,-24,-16,3,15,27,14,21
40.7400,16,-24,-24,3,19,30,13,24,6,-30,-19,7,13,18,16,26,9,-28,-22,5,7,26,16,29,15,-23,-18,7,12,26,4,21,16,-30,-20,6,8,29,13,19,19,-29,-24,1,5,24,14,25,13,-23,-21,16,12,29,14,24,14,-26,-21,3,10,27,19,22
40.7600,18,-22,-23,3,18,27,15,21,14,-27,-21,7,9,18,11,21,13,-24,-17,6,13,27,15,29,11,-22,-23,5,10,27,1,21,20,-26,-18,6,12,28,13,17,17,-26,-20,3,8,25,17,21,15,-27,-19,12,11,25,20,23,15,-26,-23,0,8,27,20,21
40.7800,17,-26,-22,6,19,24,15,18,12,-28,-20,5,15,19,15,24,10,-27,-22,4,8,29,21,28,13,-26,-23,5,11,28,3,22,21,-25,-17,7,12,24,15,18,24,-27,-24,5,13,22,17,19,14,-25,-30,18,9,24,14,20,14,-27,-22,4,9,27,17,24
40.8000,17,-21,-18,2,21,27,18,19,10,-22,-24,6,15,14,17,18,8,-24,-21,5,7,26,18,34,16,-21,-23,6,10,21,3,20,19,-26,-22,7,12,28,16,21,16,-24,-20,7,6,25,12,25,14,-23,-22,17,11,26,15,23,22,-24,-21,4,11,26,16,21
40.8200,16,-20,-25,2,22,31,16,23,17,-27,-21,5,13,20,14,18,10,-23,-24,3,8,26,19,28,15,-24,-22,5,11,27,5,20,18,-30,-19,3,10,24,11,18,17,-27,-20,7,7,26,13,20,12,-27,-21,19,6,27,11,21,21,-20,-22,2,11,25,19,25
40.8400,17,-23,-18,2,21,26,11,21,14,-24,-15,2,16,20,15,20,7,-33,-21,4,11,30,18,33,17,-24,-22,2,14,25,8,21,19,-26,-22,3,12,26,13,21,17,-28,-21,7,5,24,16,21,17,-24,-20,21,12,27,17,22,15,-26,-24,0,11,29,16,21
40.8600,17,-23,-24,4,23,28,16,21,10,-21,-22,3,14,20,17,18,11,-27,-20,1,9,26,19,31,15,-23,-20,5,13,26,4,20,15,-26,-25,2,10,25,16,20,22,-27,-20,6,12,24,17,20,11,-27,-20,16,11,24,16,20,15,-27,-21,3,15,30,15,24
40.8800,18,-23,-23,9,19,23,16,18,13,-27,-22,8,11,19,12,20,6,-24,-21,8,8,28,16,32,16,-25,-23,4,16,27,2,20,16,-26,-20,5,13,27,20,24,22,-30,-21,3,14,21,17,20,14,-22,-19,17,14,23,16,20,17,-25,-23,5,16,27,16,22
40.9000,13,-23,-23,6,17,27,16,21,13,-29,-21,5,13,17,14,18,5,-26,-19,9,12,29,16,34,20,-26,-20,4,12,26,2,20,18,-30,-24,7,10,26,15,21,19,-22,-20,6,7,25,17,23,15,-23,-20,15,9,26,15,21,9,-25,-20,5,13,25,14,19
40.9200,12,-20,-24,8,15,26,14,22,13,-26,-24,2,12,16,16,19,8,-30,-21,7,10,25,19,34,16,-25,-23,7,15,23,7,20,18,-30,-22,0,14,29,15,22,12,-23,-21,7,6,25,14,22,18,-21,-21,18,13,26,16,26,18,-27,-21,2,13,25,14,26
40.9400,18,-23,-21,1,19,28,17,21,13,-33,-23,4,16,17,17,20,9,-30,-23,6,13,30,17,31,15,-23,-23,1,13,24,3,24,18,-30,-21,6,14,25,13,19,20,-22,-23,2,12,28,18,25,17,-24,-25,18,11,25,14,25,15,-28,-18,2,12,26,16,25
40.9600,16,-22,-20,5,18,27,18,19,16,-26,-24,0,16,16,17,17,10,-29,-22,5,9,24,17,33,14,-23,-19,7,15,26,6,20,15,-27,-23,7,11,28,15,17,20,-25,-18,4,12,26,17,22,10,-23,-20,18,15,28,13,26,17,-26,-18,4,10,28,17,22
40.9800,19,-21,-19,8,16,26,15,23,17,-28,-25,9,14,21,13,23,16,-25,-15,5,9,28,16,33,12,-23,-24,8,13,28,5,24,16,-27,-20,3,13,28,14,20,18,-24,-23,2,11,23,14,20,15,-21,-27,16,16,29,14,26,13,-24,-18,1,13,27,12,23
41.0000,16,-19,-21,6,20,29,14,24,14,-25,-23,4,13,14,16,20,9,-28,-25,6,8,27,24,32,16,-23,-23,6,14,28,8,24,17,-25,-20,8,12,27,15,20,21,-23,-25,9,9,25,17,19,21,-23,-23,15,12,24,15,19,15,-25,-25,5,15,26,19,21
41.0200,19,-22,-20,0,17,29,16,19,14,-30,-21,9,10,16,16,21,13,-33,-21,4,11,26,20,33,14,-24,-21,5,16,23,3,22,14,-28,-24,4,13,27,14,19,24,-26,-17,4,10,22,16,19,15,-27,-19,13,14,24,17,23,15,-24,-23,7,14,26,18,21
41.0400,16,-20,-20,3,19,26,13,21,10,-27,-23,4,11,18,18,21,12,-24,-22,6,10,27,15,33,13,-19,-23,3,14,26,7,17,20,-29,-25,8,15,26,9,18,19,-27,-21,4,8,22,15,21,12,-23,-21,22,13,24,17,28,16,-24,-22,3,16,27,15,20
41.0600,17,-22,-20,6,21,32,18,22,10,-29,-21,3,14,16,13,20,10,-29,-23,6,9,31,21,33,14,-27,-21,2,10,26,4,21,14,-28,-19,4,13,22,16,21,26,-27,-16,8,10,20,17,26,12,-21,-21,18,13,21,12,22,14,-26,-23,3,10,26,17,23
41.0800,15,-24,-23,6,15,31,18,21,12,-23,-24,0,14,15,19,19,10,-23,-26,7,8,21,16,34,14,-24,-20,3,11,25,3,27,17,-26,-21,6,10,21,17,17,16,-22,-21,6,9,20,20,20,16,-24,-20,15,10,28,14,24,14,-25,-25,5,9,29,18,25
41.1000,14,-21,-21,4,25,24,19,24,17,-26,-19,2,14,16,10,23,11,-26,-20,2,9,27,18,33,16,-19,-21,6,14,21,5,17,15,-26,-17,7,13,22,16,19,20,-29,-22,5,11,23,16,22,15,-23,-19,15,8,25,16,27,20,-28,-20,5,6,27,12,23
41.1200,15,-26,-15,8,22,30,20,21,11,-27,-16,5,10,12,20,23,9,-24,-21,5,10,26,20,33,18,-24,-23,11,12,21,5,23,15,-28,-19,3,16,32,9,21,21,-23,-22,6,12,21,15,25,16,-25,-23,15,12,26,17,24,13,-23,-22,3,8,25,19,24
41.1400,18,-24,-22,6,20,25,22,19,14,-29,-21,4,15,15,16,22,8,-27,-23,9,7,26,19,36,20,-21,-24,8,15,21,6,23,15,-26,-23,4,18,26,15,20,22,-27,-20,6,10,22,18,19,18,-28,-15,19,12,24,16,21,13,-23,-23,9,9,25,15,21
41.1600,18,-22,-20,7,20,25,17,27,16,-31,-24,6,12,19,13,21,8,-29,-21,8,9,29,15,36,16,-20,-22,0,13,24,10,20,18,-27,-22,7,13,28,10,21,20,-24,-23,4,10,25,16,23,15,-25,-21,18,10,21,13,20,20,-27,-24,5,10,28,21,23
41.1800,15,-21,-19,4,20,25,17,23,13,-27,-20,7,12,15,14,20,12,-27,-19,8,10,25,12,34,21,-23,-20,7,16,27,2,23,15,-25,-22,2,13,25,12,18,18,-23,-23,9,9,23,15,23,13,-22,-18,16,8,25,14,22,15,-24,-19,5,10,27,17,20
41.2000,17,-22,-19,5,21,27,12,23,15,-29,-24,3,14,19,15,21,12,-31,-22,6,11,27,15,34,19,-22,-20,6,13,23,-1,24,18,-28,-22,5,11,26,18,16,22,-26,-19,7,12,23,15,24,19,-26,-21,11,11,26,17,22,15,-23,-19,5,16,28,18,21
41.2200,14,-24,-22,7,18,32,14,22,16,-22,-24,9,14,14,16,21,9,-26,-18,10,9,29,17,35,16,-20,-20,6,14,24,6,24,16,-27,-17,4,14,28,14,21,24,-25,-18,1,10,26,17,22,13,-26,-22,17,13,21,14,20,19,-22,-21,8,15,21,13,27
41.2400,15,-21,-18,5,19,30,23,24,17,-28,-17,4,14,17,13,21,6,-30,-17,8,11,28,20,35,17,-22,-21,4,14,25,2,22,13,-27,-18,3,17,29,18,22,22,-27,-21,9,11,21,20,27,18,-29,-20,15,17,26,15,25,15,-22,-18,9,14,26,14,24
41.2600,16,-19,-19,4,19,28,17,21,16,-30,-21,8,18,15,16,23,8,-25,-20,1,13,26,20,34,12,-21,-25,6,11,25,4,29,13,-25,-22,4,9,26,14,20,24,-27,-19,5,11,25,12,24,15,-26,-17,16,12,26,15,24,15,-27,-21,7,15,25,17,23
41.2800,18,-24,-17,5,17,28,18,22,15,-28,-20,6,17,15,15,19,11,-29,-20,7,10,26,20,33,16,-20,-18,6,14,25,3,23,18,-26,-23,8,18,25,17,19,24,-30,-25,4,5,23,17,27,16,-25,-22,19,14,23,15,24,14,-26,-24,7,13,23,14,23
41.3000,14,-23,-23,5,21,25,19,18,16,-30,-21,9,16,17,18,23,12,-29,-22,2,13,27,18,34,17,-27,-21,0,6,29,7,21,14,-27,-27,7,14,25,15,21,19,-26,-16,8,9,23,13,22,16,-25,-24,21,10,30,13,22,16,-24,-19,6,15,27,19,24
41.3200,17,-24,-19,4,19,26,17,19,13,-28,-19,5,15,21,15,21,13,-21,-21,8,7,22,16,37,16,-23,-19,6,12,25,3,24,14,-29,-25,10,15,27,13,20,21,-25,-21,9,7,22,15,20,13,-28,-21,16,9,28,16,26,12,-27,-22,5,10,25,18,25
41.3400,18,-20,-23,5,22,29,17,20,18,-24,-24,2,19,15,17,26,9,-25,-22,11,9,29,18,33,20,-22,-17,8,13,26,2,21,12,-25,-24,6,14,29,19,27,21,-22,-24,5,9,22,20,25,8,-24,-22,17,13,27,21,28,19,-22,-18,3,15,30,15,21
41.3600,17,-20,-25,8,23,32,14,25,15,-25,-20,7,13,15,13,21,14,-28,-20,5,16,25,16,34,17,-26,-24,9,15,27,3,20,14,-22,-24,9,14,26,14,20,22,-26,-18,2,9,25,20,25,15,-22,-25,18,12,29,16,29,17,-24,-18,7,14,28,16,20
41.3800,17,-19,-19,6,20,28,18,19,9,-22,-24,5,19,18,17,21,11,-23,-21,7,9,25,16,37,16,-20,-17,7,14,26,3,24,14,-24,-18,4,15,26,18,22,21,-28,-19,4,10,22,18,20,19,-28,-20,20,11,28,14,26,16,-26,-22,3,11,23,14,28
41.4000,15,-24,-21,3,22,28,19,22,14,-25,-18,3,14,16,14,18,14,-27,-19,7,8,24,19,36,16,-21,-22,6,13,25,4,27,19,-26,-18,5,15,28,15,20,18,-26,-20,7,8,26,20,25,19,-26,-24,19,11,25,18,24,16,-23,-20,6,11,27,16,22
41.4200,15,-23,-15,7,23,28,18,23,13,-28,-19,10,13,17,18,19,12,-26,-23,8,8,28,24,36,15,-19,-23,3,12,22,4,26,18,-27,-20,7,16,25,15,25,22,-25,-22,7,6,22,16,26,13,-29,-21,18,12,26,13,25,16,-26,-23,6,15,28,19,26
41.4400,20,-22,-25,5,19,29,17,24,14,-29,-23,6,18,18,19,22,11,-26,-20,5,11,26,17,38,20,-22,-20,5,12,24,3,27,20,-28,-21,3,13,29,14,24,19,-23,-18,6,9,24,17,22,16,-27,-22,16,11,23,13,25,16,-19,-19,9,14,30,20,25
41.4600,15,-20,-26,8,19,25,19,21,11,-29,-21,6,16,17,19,22,10,-23,-24,7,11,26,18,32,17,-19,-20,3,13,29,7,22,13,-23,-21,0,13,29,15,19,18,-24,-18,8,8,26,17,26,13,-25,-21,19,14,24,13,24,14,-24,-20,6,11,28,18,26
41.4800,16,-20,-23,7,19,27,18,21,13,-27,-19,8,15,15,14,22,13,-25,-22,4,8,29,16,39,20,-24,-25,9,12,29,3,25,15,-26,-19,6,10,25,17,25,20,-26,-26,9,8,26,19,22,15,-25,-25,21,14,25,17,26,16,-25,-22,11,15,27,13,27
41.5000,19,-16,-19,5,22,24,22,24,19,-29,-19,5,18,20,16,20,9,-22,-21,4,11,25,21,34,18,-23,-21,7,16,28,6,25,12,-22,-23,9,13,27,13,21,23,-21,-20,7,12,22,18,20,17,-20,-20,17,15,23,18,21,15,-24,-18,10,11,23,18,22
41.5200,15,-20,-20,5,17,25,15,20,15,-26,-19,7,14,22,16,19,12,-25,-22,-2,11,24,17,32,18,-20,-21,2,13,26,4,25,17,-24,-20,5,17,31,13,22,21,-26,-20,8,10,24,18,23,12,-26,-22,15,10,27,17,24,18,-20,-21,5,7,25,15,24
41.5400,19,-21,-17,5,23,29,16,25,12,-26,-21,8,15,16,11,24,6,-29,-18,8,12,28,21,32,18,-24,-26,4,9,24,6,25,17,-25,-21,6,18,29,18,20,23,-23,-21,7,9,27,15,23,19,-22,-19,16,18,27,15,23,13,-23,-19,5,14,26,14,22
41.5600,17,-19,-21,9,23,26,17,20,12,-29,-24,8,17,20,15,23,10,-30,-20,9,12,28,22,35,16,-22,-16,7,11,24,3,23,14,-26,-22,6,15,26,12,19,23,-23,-19,8,11,23,15,26,16,-20,-23,22,8,28,17,23,15,-20,-21,5,11,26,20,22
41.5800,18,-23,-19,6,20,27,16,25,18,-26,-20,6,20,19,14,21,7,-30,-23,8,13,24,23,34,16,-23,-19,6,10,27,6,23,14,-25,-21,6,20,25,12,20,20,-20,-21,3,11,24,15,20,15,-26,-24,15,12,24,16,20,17,-19,-21,5,13,28,15,25
41.6000,18,-21,-21,7,20,23,21,22,16,-23,-23,4,15,18,15,24,9,-25,-14,5,10,23,17,38,15,-25,-20,5,15,25,9,23,15,-28,-18,7,12,28,15,23,20,-20,-19,2,12,23,18,24,17,-28,-20,17,15,28,16,23,16,-24,-20,2,15,28,16,23
41.6200,13,-20,-19,9,17,25,21,28,14,-29,-20,10,18,18,17,20,8,-26,-21,3,15,27,21,37,14,-20,-21,10,13,24,2,22,16,-23,-23,4,13,28,16,27,20,-23,-20,2,11,22,19,27,9,-25,-18,20,14,31,18,24,14,-25,-20,6,14,22,11,24
41.6400,14,-19,-20,9,24,23,21,22,14,-25,-20,6,15,17,16,23,12,-26,-23,1,10,28,19,35,19,-22,-21,8,16,28,4,21,15,-27,-18,4,17,29,16,27,23,-25,-19,3,9,26,14,30,13,-26,-25,17,13,26,13,23,13,-27,-18,7,14,25,11,29
41.6600,15,-23,-22,6,23,29,19,23,10,-23,-18,7,12,16,16,25,13,-28,-24,2,9,28,15,40,16,-23,-20,7,16,27,1,21,17,-26,-19,4,17,27,18,20,18,-22,-18,7,11,27,17,26,15,-22,-23,22,10,27,15,22,13,-25,-20,9,15,26,14,25
41.6800,19,-23,-18,8,21,29,15,19,16,-28,-20,11,17,17,14,25,11,-28,-22,5,12,30,14,34,17,-28,-24,10,15,26,5,23,18,-24,-19,9,18,28,17,24,16,-28,-21,3,9,25,15,27,14,-24,-20,20,15,25,18,24,19,-23,-17,4,13,26,19,24
41.7000,18,-21,-18,8,25,27,17,23,17,-27,-21,4,18,17,18,22,13,-24,-22,3,9,27,16,35,14,-21,-23,8,16,22,8,24,19,-25,-20,8,11,30,18,24,23,-22,-21,3,11,22,19,23,16,-25,-22,21,10,26,16,29,18,-23,-21,2,8,29,13,22
41.7200,14,-17,-20,7,23,27,19,26,15,-25,-22,2,17,17,17,24,11,-29,-20,9,9,27,17,35,19,-25,-22,8,10,25,1,25,15,-26,-18,6,16,25,16,22,16,-24,-18,8,9,25,16,27,16,-24,-23,21,16,25,17,23,14,-25,-19,7,11,27,19,30
41.7400,15,-22,-18,6,21,29,19,23,11,-28,-20,8,15,12,14,22,11,-22,-17,6,5,33,17,37,17,-21,-18,6,13,25,5,23,17,-28,-16,7,18,24,15,24,21,-26,-25,7,14,27,17,22,14,-23,-24,23,12,29,12,23,15,-24,-19,6,11,24,16,23
41.7600,15,-18,-16,2,22,24,18,18,15,-24,-25,5,13,20,15,21,12,-25,-16,10,15,28,18,39,15,-22,-21,3,12,23,5,26,15,-26,-21,5,18,27,16,23,19,-23,-21,7,14,28,15,22,19,-28,-22,19,13,29,15,27,19,-23,-20,6,13,25,13,26
41.7800,16,-19,-20,13,22,27,20,21,10,-26,-20,5,14,17,14,25,14,-23,-23,7,9,31,18,32,19,-20,-20,11,13,25,4,25,17,-25,-23,5,14,28,15,21,20,-23,-21,11,13,23,21,28,14,-32,-21,20,11,26,15,25,15,-24,-22,2,12,21,16,24
41.8000,16,-20,-17,8,17,27,17,26,11,-25,-16,8,18,21,13,22,10,-28,-21,8,12,24,21,39,16,-21,-19,9,17,25,2,25,17,-27,-25,3,15,26,16,25,19,-24,-19,5,12,24,17,28,16,-23,-19,22,15,25,15,25,15,-20,-21,6,13,24,16,21
41.8200,14,-20,-21,4,23,24,20,26,16,-23,-20,10,18,17,15,23,14,-24,-19,6,15,22,19,39,19,-20,-22,6,14,26,3,26,15,-27,-24,10,11,27,20,24,18,-27,-22,10,12,25,19,30,14,-23,-24,19,17,23,15,27,17,-26,-25,6,15,22,17,27
41.8400,16,-23,-18,7,23,30,17,18,16,-26,-24,8,17,17,13,22,11,-25,-20,3,6,27,21,38,12,-21,-22,3,15,24,3,23,18,-29,-21,9,12,29,17,27,19,-26,-23,7,6,23,20,28,14,-23,-27,20,13,26,15,28,20,-25,-24,5,13,29,21,28
41.8600,16,-25,-21,7,22,27,22,26,14,-27,-19,4,17,19,13,19,16,-25,-20,5,11,27,16,40,19,-19,-24,5,15,25,9,22,16,-23,-20,8,15,28,12,25,21,-23,-19,4,11,23,16,26,19,-25,-28,20,9,27,17,25,14,-20,-21,4,14,28,19,25
41.8800,15,-21,-20,4,21,26,13,25,15,-25,-22,7,15,19,18,20,12,-26,-23,7,18,28,19,34,16,-25,-18,5,16,23,2,21,19,-28,-24,8,16,24,13,24,19,-26,-19,7,5,26,14,26,15,-24,-20,21,14,26,17,28,16,-20,-21,7,12,31,16,23
41.9000,15,-21,-17,7,22,31,19,24,16,-22,-21,8,21,17,12,23,11,-28,-17,6,15,28,21,38,27,-19,-23,9,15,25,5,24,16,-21,-21,6,17,28,17,22,15,-29,-24,7,10,30,19,24,21,-27,-21,22,19,22,16,21,17,-25,-22,6,14,29,20,29
41.9200,13,-22,-19,9,20,29,20,25,14,-29,-21,10,18,12,16,24,9,-25,-22,10,11,33,19,35,17,-20,-20,8,13,22,6,26,17,-23,-22,13,9,27,18,23,22,-29,-20,9,12,26,15,22,20,-27,-26,19,15,27,13,22,13,-23,-22,4,16,27,16,26
41.9400,18,-21,-24,6,21,26,21,23,18,-27,-23,8,16,13,14,26,9,-23,-21,6,10,26,17,39,20,-23,-17,7,14,23,6,23,18,-24,-22,7,13,28,19,30,17,-22,-25,2,7,24,20,28,19,-22,-22,19,13,24,18,23,15,-24,-18,3,13,26,17,26
41.9600,14,-20,-24,3,23,25,22,22,11,-27,-23,7,16,14,15,24,15,-21,-21,7,13,27,18,41,14,-17,-22,7,15,26,3,25,16,-24,-19,13,14,27,14,22,21,-27,-17,10,10,25,16,20,18,-22,-25,19,17,23,15,25,14,-25,-15,3,19,28,16,24
41.9800,19,-19,-16,8,21,26,23,24,12,-20,-21,9,18,14,15,20,14,-25,-17,5,14,28,20,34,19,-25,-22,4,13,25,6,24,15,-24,-20,4,14,25,14,21,18,-24,-24,9,11,21,17,24,14,-26,-21,20,15,26,13,30,19,-25,-21,7,16,27,18,24
42.0000,18,-15,-18,4,19,24,20,26,11,-26,-22,7,14,15,15,22,10,-29,-20,10,14,31,20,40,12,-19,-19,10,10,27,3,25,17,-26,-22,6,15,26,15,24,25,-28,-18,5,10,25,14,25,20,-23,-22,21,14,23,16,22,14,-24,-20,7,15,27,13,23
42.0200,20,-20,-19,5,23,27,20,23,15,-20,-20,8,18,14,16,27,13,-28,-23,8,13,27,17,39,16,-24,-22,6,13,24,5,25,14,-24,-19,10,18,24,19,25,18,-28,-22,9,8,24,18,24,20,-26,-26,19,16,23,14,25,16,-27,-20,5,16,28,19,25
42.0400,17,-23,-21,3,22,21,19,24,14,-21,-19,8,23,18,14,22,10,-25,-22,10,12,27,17,39,18,-22,-21,12,14,23,8,23,16,-27,-20,6,18,29,13,21,23,-22,-20,10,10,27,20,29,15,-25,-20,16,17,27,21,24,22,-22,-23,9,16,27,21,27
42.0600,18,-22,-19,8,26,26,19,27,15,-21,-20,11,20,17,14,24,13,-27,-20,6,16,29,17,37,19,-20,-21,9,13,26,6,28,16,-27,-20,8,14,25,21,21,17,-24,-23,11,11,27,17,25,20,-19,-26,19,17,30,18,27,20,-22,-21,6,18,29,18,25
42.0800,20,-23,-26,6,24,26,24,25,19,-24,-21,7,15,18,15,22,16,-26,-23,7,11,25,16,35,24,-23,-21,8,15,26,7,22,21,-26,-23,8,14,24,19,22,18,-25,-24,5,12,25,22,25,19,-26,-26,20,18,24,20,30,16,-21,-21,7,14,26,17,24
42.1000,16,-16,-19,6,22,25,19,23,21,-23,-22,7,22,15,17,25,16,-23,-19,8,9,27,19,39,20,-23,-18,5,10,26,6,25,16,-24,-22,7,13,22,15,27,22,-23,-20,8,9,24,18,26,24,-23,-18,20,12,24,19,25,15,-22,-20,9,13,25,17,23
42.1200,19,-23,-24,4,20,26,18,27,16,-29,-22,2,18,17,10,23,10,-26,-21,11,10,25,23,41,18,-20,-25,9,15,20,4,22,17,-31,-21,7,15,24,16,19,16,-23,-25,10,6,24,17,25,16,-19,-23,17,9,24,15,30,13,-20,-21,9,15,26,14,26
42.1400,14,-19,-20,3,23,29,18,25,14,-25,-19,4,19,17,15,25,14,-27,-17,5,11,27,17,44,20,-20,-22,7,10,23,3,26,18,-26,-25,4,14,23,17,25,20,-29,-16,6,12,24,18,25,18,-21,-19,24,14,27,21,29,19,-23,-20,4,19,26,13,33
42.1600,15,-19,-19,7,21,23,20,28,18,-24,-20,10,17,17,17,23,13,-29,-21,8,13,28,20,40,14,-18,-18,6,14,27,4,25,18,-25,-19,6,16,22,17,25,18,-20,-24,5,12,26,17,29,13,-20,-19,19,16,23,17,24,19,-22,-26,7,10,29,18,26
42.1800,18,-21,-19,3,24,21,21,25,18,-24,-24,9,18,18,19,20,11,-25,-21,3,13,31,21,38,17,-23,-20,8,13,26,5,26,19,-26,-24,3,16,20,14,21,21,-26,-23,5,13,29,17,25,20,-25,-25,22,16,23,20,26,15,-25,-20,0,13,25,12,32
42.2000,18,-16,-23,5,19,30,18,26,17,-20,-18,9,18,19,18,24,10,-29,-15,5,9,22,19,43,20,-18,-20,8,16,26,2,28,17,-24,-15,5,14,25,16,24,21,-22,-22,8,17,28,17,26,15,-26,-24,18,12,23,19,26,18,-23,-21,5,16,23,13,28
42.2200,16,-19,-24,6,23,25,17,26,19,-21,-19,8,18,19,19,24,15,-21,-22,5,12,25,21,41,21,-17,-20,4,17,28,4,24,19,-22,-19,9,15,27,22,29,18,-27,-21,6,12,29,16,27,17,-26,-25,19,17,24,15,26,16,-22,-18,9,20,22,13,27
42.2400,16,-24,-19,8,21,24,22,27,20,-28,-24,7,19,13,15,22,11,-25,-21,4,12,31,23,39,18,-22,-23,11,12,27,2,26,20,-28,-19,7,17,24,16,27,22,-23,-23,8,12,29,16,29,19,-24,-24,24,13,25,16,24,16,-23,-20,5,19,28,14,22
42.2600,17,-21,-21,3,19,29,21,25,18,-21,-18,6,18,15,17,28,14,-26,-24,8,10,26,20,31,14,-23,-20,9,11,25,4,22,19,-25,-17,9,16,28,15,26,21,-25,-21,6,11,24,19,23,18,-23,-20,20,17,26,17,25,18,-25,-19,9,15,28,16,26
42.2800,18,-20,-19,8,21,26,21,25,11,-23,-18,8,23,15,17,24,15,-19,-18,7,10,26,19,40,19,-21,-23,11,14,24,4,29,20,-25,-20,10,13,30,18,26,23,-25,-24,6,12,24,16,25,17,-23,-23,22,19,24,15,27,18,-23,-22,4,18,29,18,25
42.3000,20,-23,-17,6,20,32,17,25,17,-23,-23,8,18,14,18,25,14,-28,-21,6,15,26,20,38,22,-17,-21,9,12,29,7,22,19,-21,-18,6,17,25,17,24,19,-23,-22,5,17,29,19,27,17,-23,-27,22,16,26,19,28,15,-20,-25,5,17,30,18,23
42.3200,18,-22,-15,9,21,25,20,22,16,-25,-21,7,17,16,17,29,11,-28,-21,7,13,26,20,37,17,-19,-20,6,14,24,5,24,20,-25,-21,5,15,24,16,28,23,-25,-26,5,14,28,13,22,16,-25,-20,20,16,26,19,27,20,-26,-20,6,16,30,17,23
42.3400,19,-16,-19,8,23,30,22,26,16,-24,-20,1,18,17,14,30,14,-23,-18,7,13,28,23,39,20,-23,-22,9,10,23,5,22,19,-22,-21,10,16,28,13,25,20,-27,-24,4,12,25,19,27,18,-25,-20,23,14,26,20,26,19,-26,-23,9,15,24,17,25
42.3600,20,-22,-19,7,21,30,22,25,19,-28,-19,10,18,16,13,26,12,-26,-23,9,14,30,18,38,17,-20,-21,3,14,23,5,28,20,-24,-21,6,16,27,10,30,22,-24,-22,8,11,29,16,24,21,-21,-21,23,16,27,17,27,15,-22,-18,7,17,24,13,28
42.3800,14,-21,-16,4,23,28,16,23,16,-20,-20,7,16,12,17,29,18,-26,-18,11,12,33,22,39,15,-23,-19,11,15,26,2,26,16,-21,-19,6,13,28,14,27,18,-26,-23,6,13,24,18,23,17,-20,-25,21,15,30,16,31,18,-23,-20,4,14,23,18,23
42.4000,18,-23,-21,3,24,27,23,25,17,-22,-21,11,16,17,12,27,13,-23,-15,8,12,29,15,42,17,-24,-21,11,16,23,2,29,23,-18,-16,8,20,25,13,26,18,-24,-21,8,14,22,14,27,15,-21,-22,19,14,27,17,25,19,-25,-22,10,15,28,19,27
42.4200,17,-22,-21,7,24,22,20,26,18,-24,-26,12,17,18,16,22,16,-25,-20,11,15,31,19,41,18,-24,-24,5,12,21,9,28,13,-20,-18,7,18,30,16,25,24,-26,-22,8,15,26,15,28,12,-21,-23,23,16,24,19,28,19,-22,-18,7,18,27,14,25
42.4400,22,-21,-17,8,25,28,24,29,17,-27,-25,12,15,19,17,26,14,-27,-18,10,15,25,17,39,18,-21,-20,7,14,27,6,26,17,-22,-25,7,17,30,17,22,22,-28,-22,8,10,25,13,29,17,-25,-25,20,13,24,17,28,18,-27,-24,9,17,30,19,25
42.4600,17,-23,-22,9,27,25,20,25,14,-21,-23,8,19,17,13,22,17,-21,-16,7,15,29,20,38,17,-22,-17,8,13,22,5,23,20,-22,-20,12,10,24,16,29,16,-26,-19,7,16,27,20,25,19,-24,-19,23,19,30,18,28,17,-27,-25,3,17,25,15,27
42.4800,17,-17,-18,7,26,27,17,29,18,-22,-21,7,16,16,14,27,12,-26,-20,7,13,26,20,41,18,-23,-20,7,14,24,6,28,17,-24,-20,11,14,30,12,26,19,-22,-20,3,14,23,15,28,23,-19,-23,22,16,24,21,31,21,-24,-22,5,18,28,18,28
42.5000,17,-23,-21,12,29,29,23,29,14,-23,-22,7,18,19,11,25,20,-22,-22,6,13,23,18,41,19,-19,-16,7,13,23,5,25,16,-25,-21,7,15,28,18,27,18,-26,-18,9,9,25,13,26,17,-22,-20,24,12,23,16,29,22,-21,-17,7,13,26,17,28
42.5200,17,-21,-17,8,24,27,20,29,18,-21,-18,6,22,17,14,25,12,-22,-16,9,14,28,19,42,20,-18,-15,5,18,26,8,25,16,-20,-18,8,13,25,17,25,22,-25,-21,7,15,22,11,28,18,-26,-22,20,15,26,16,26,17,-24,-20,8,14,29,16,33
42.5400,22,-16,-19,6,24,27,17,25,16,-21,-18,7,17,16,16,28,11,-25,-19,6,15,22,22,42,22,-22,-22,6,20,24,5,23,11,-24,-19,9,16,27,18,25,22,-26,-19,8,17,28,16,32,19,-23,-22,15,17,25,16,28,20,-24,-18,8,15,30,16,30
42.5600,18,-25,-21,7,21,26,22,24,15,-24,-17,8,16,17,15,26,14,-24,-20,3,19,27,17,37,16,-23,-19,10,16,22,4,28,15,-22,-24,8,15,23,16,29,21,-21,-22,4,12,27,14,30,20,-24,-26,25,14,26,19,28,16,-23,-21,13,15,23,19,29
42.5800,18,-18,-15,8,27,25,19,29,18,-23,-20,7,16,17,11,24,12,-25,-17,9,15,27,19,37,23,-20,-21,9,13,24,4,27,15,-25,-20,4,16,27,17,27,24,-28,-21,10,15,28,18,27,16,-25,-20,17,17,24,20,24,20,-19,-22,4,17,29,19,31
42.6000,19,-22,-19,7,23,27,24,30,18,-25,-20,6,23,17,15,23,18,-27,-19,4,14,26,20,41,20,-22,-21,8,22,23,7,22,17,-25,-21,10,15,23,18,28,19,-29,-21,7,15,25,15,28,22,-26,-20,22,15,28,13,26,21,-24,-19,7,14,28,21,31
42.6200,22,-21,-22,10,23,27,19,30,17,-22,-18,9,16,12,15,23,14,-26,-19,9,13,31,17,39,21,-22,-19,6,18,23,3,28,21,-23,-21,11,20,27,14,27,21,-25,-16,9,13,27,18,26,26,-26,-21,24,18,24,15,24,21,-23,-24,6,16,23,14,24
42.6400,21,-21,-20,9,25,26,19,27,15,-23,-22,12,20,12,13,26,13,-25,-20,7,18,25,19,42,19,-18,-20,10,14,21,2,25,18,-25,-22,5,15,25,16,27,17,-24,-23,7,15,24,14,26,20,-19,-22,22,13,28,18,29,18,-25,-22,7,16,28,15,29
42.6600,18,-19,-19,3,23,25,20,31,15,-20,-18,12,21,18,15,28,21,-20,-21,12,12,28,17,36,17,-23,-22,11,12,25,1,28,19,-20,-19,10,15,25,14,27,24,-29,-19,6,13,26,13,28,20,-24,-22,17,13,26,14,29,18,-21,-20,10,17,29,16,27
42.6800,17,-23,-18,9,23,30,23,27,13,-20,-22,6,22,17,12,27,16,-23,-21,9,15,30,17,43,22,-26,-23,7,17,24,3,23,17,-23,-20,8,13,25,11,26,20,-25,-28,9,14,23,15,29,22,-23,-25,26,17,25,15,28,18,-23,-22,7,16,23,15,28
42.7000,17,-26,-22,6,26,27,20,28,22,-21,-21,5,19,22,12,28,18,-21,-18,10,18,27,20,42,20,-19,-19,12,16,22,4,28,18,-26,-19,8,15,24,10,27,24,-22,-18,9,14,25,19,31,22,-22,-24,19,16,28,17,26,20,-27,-21,8,17,31,16,27
42.7200,15,-27,-23,11,26,31,20,32,18,-22,-18,12,18,20,16,27,17,-30,-17,6,15,30,19,38,18,-28,-18,10,18,22,1,24,19,-24,-20,8,14,26,16,29,22,-27,-18,11,13,28,16,26,20,-24,-21,22,13,27,13,28,18,-23,-24,10,13,23,20,23
42.7400,17,-23,-22,3,17,28,20,24,18,-21,-19,9,20,17,16,25,16,-24,-20,8,15,30,17,38,16,-22,-16,7,14,23,6,30,20,-25,-23,6,21,25,15,26,22,-23,-24,2,10,30,15,26,17,-23,-18,24,12,25,14,29,17,-25,-23,4,17,26,16,28
42.7600,18,-21,-23,11,21,24,16,29,18,-24,-20,3,18,17,14,20,14,-24,-20,9,13,26,23,43,20,-22,-19,11,16,21,9,30,19,-27,-19,7,15,23,15,27,23,-26,-20,9,15,23,14,27,19,-21,-20,24,15,23,19,33,15,-25,-18,8,20,19,19,25
42.7800,16,-21,-20,4,23,31,21,28,22,-23,-19,5,17,18,15,30,15,-26,-18,11,13,26,22,39,18,-23,-19,9,15,22,4,27,16,-24,-20,4,16,27,11,31,15,-27,-20,8,16,28,15,30,21,-28,-24,26,16,25,20,30,18,-19,-23,7,16,29,17,29
42.8000,18,-22,-19,12,21,31,27,27,19,-24,-19,6,21,16,17,27,13,-23,-20,11,17,25,20,40,20,-24,-22,10,17,21,2,28,17,-18,-15,5,19,27,17,30,22,-29,-17,5,16,27,19,28,15,-23,-25,25,14,29,14,30,21,-27,-20,6,20,26,19,28
42.8200,20,-19,-23,9,26,28,22,28,25,-24,-21,9,19,19,16,22,13,-25,-19,8,17,26,19,39,24,-20,-20,10,14,21,6,26,17,-24,-20,6,14,28,15,24,22,-23,-19,7,16,22,19,26,19,-21,-21,25,18,26,15,33,17,-23,-24,6,17,27,17,29
42.8400,19,-20,-15,9,26,25,20,28,21,-19,-23,8,18,17,18,24,14,-23,-19,13,14,26,22,40,20,-21,-18,16,16,23,5,27,20,-23,-21,11,14,24,15,32,21,-29,-18,10,16,24,17,27,16,-21,-20,25,21,26,22,30,19,-19,-23,10,17,25,18,26
42.8600,15,-21,-21,9,20,25,23,31,19,-21,-19,9,18,16,13,26,16,-25,-22,11,16,27,17,40,21,-21,-16,8,10,24,3,29,20,-24,-15,9,21,28,15,29,21,-26,-16,9,18,24,20,25,18,-29,-21,24,17,25,12,25,17,-23,-22,7,18,25,18,28
42.8800,22,-23,-17,10,24,27,20,28,20,-22,-19,13,22,19,16,26,17,-19,-20,9,16,26,21,43,23,-22,-20,10,15,22,4,27,20,-22,-20,10,15,25,17,31,23,-22,-19,10,17,30,16,26,21,-24,-21,27,13,28,18,27,18,-24,-19,8,20,27,17,28
42.9000,17,-25,-25,10,23,29,24,28,23,-16,-21,8,19,19,16,31,15,-22,-21,9,17,27,21,42,18,-22,-20,8,16,22,11,29,20,-25,-23,6,21,28,16,30,25,-28,-23,8,16,36,18,27,21,-27,-23,24,15,29,19,29,21,-21,-19,8,18,24,20,29
42.9200,19,-22,-22,9,21,29,22,30,20,-20,-18,9,20,20,13,28,20,-24,-20,7,16,23,17,43,19,-19,-19,7,15,25,8,25,17,-23,-20,12,16,28,16,28,22,-26,-19,9,15,29,20,24,21,-25,-23,24,18,24,22,28,21,-21,-21,3,13,28,16,26
42.9400,17,-24,-18,6,17,29,19,29,18,-19,-16,12,18,19,14,27,18,-23,-14,9,18,26,18,44,20,-20,-18,9,13,21,6,21,17,-22,-19,9,16,25,14,32,23,-27,-18,13,10,24,15,29,19,-23,-25,23,21,29,19,30,17,-25,-19,7,17,24,17,27
42.9600,17,-23,-19,11,23,29,23,27,22,-22,-21,9,20,18,16,27,18,-24,-18,8,17,26,20,36,19,-23,-19,7,12,24,7,25,17,-24,-23,10,18,25,16,29,20,-25,-16,5,17,26,19,31,16,-23,-26,22,18,26,18,30,17,-22,-22,8,16,21,15,26
42.9800,14,-22,-21,10,20,26,20,29,17,-20,-17,7,18,17,16,26,15,-23,-23,10,17,31,21,43,24,-26,-23,7,18,19,3,28,22,-22,-23,7,19,24,14,26,23,-27,-18,11,15,29,18,31,15,-20,-23,22,16,24,16,26,17,-24,-19,6,14,27,15,30
43.0000,21,-28,-21,6,26,26,19,27,20,-21,-21,7,19,20,9,28,18,-22,-21,11,14,26,19,41,21,-22,-17,9,13,27,6,30,22,-21,-17,11,16,25,15,33,21,-28,-18,9,12,28,16,27,17,-19,-19,23,16,30,17,30,17,-22,-18,3,15,27,18,30
43.0200,19,-28,-18,10,20,30,19,27,15,-19,-19,8,19,19,17,23,18,-26,-18,5,19,28,17,40,23,-25,-18,8,15,22,8,28,20,-25,-18,9,13,24,16,32,17,-27,-24,12,13,27,12,24,22,-24,-21,22,18,25,20,26,15,-23,-23,7,17,28,17,23
43.0400,20,-25,-17,6,28,24,19,29,19,-22,-22,2,16,19,15,29,13,-21,-21,8,18,28,18,40,22,-24,-17,9,17,25,6,28,19,-24,-20,9,13,26,16,29,21,-24,-17,11,16,25,16,28,23,-23,-18,25,20,28,17,31,21,-21,-21,6,18,29,21,26
43.0600,15,-22,-22,7,27,29,25,27,18,-20,-20,10,17,19,17,28,15,-21,-21,11,18,29,19,41,21,-22,-18,7,11,22,4,30,19,-23,-20,7,12,26,17,31,17,-26,-18,11,12,26,11,31,22,-27,-21,25,16,25,19,33,18,-20,-19,7,18,26,16,27
43.0800,18,-18,-21,7,22,26,22,30,22,-20,-22,9,20,14,14,30,22,-23,-24,7,20,28,16,40,23,-20,-20,6,19,21,6,26,21,-26,-20,2,18,28,17,30,19,-25,-22,8,15,27,12,29,16,-26,-22,23,16,29,22,28,19,-24,-21,6,19,27,18,26
43.1000,17,-19,-21,10,24,22,22,31,18,-16,-22,6,18,19,13,21,18,-23,-24,10,13,29,17,43,21,-22,-19,6,16,25,4,27,19,-26,-22,5,11,20,20,28,23,-24,-18,10,21,29,13,29,18,-22,-23,27,16,30,16,26,19,-23,-21,5,16,24,15,30
43.1200,23,-17,-21,5,23,29,20,34,15,-17,-17,7,19,14,11,25,17,-26,-21,9,18,27,16,37,22,-23,-16,11,19,23,3,30,23,-21,-18,4,15,22,14,33,20,-26,-19,12,17,28,15,30,21,-24,-21,27,15,26,16,32,16,-22,-17,8,16,30,15,32
43.1400,19,-20,-20,11,27,28,21,31,16,-13,-19,12,20,19,16,26,16,-21,-24,9,17,26,17,40,22,-23,-18,9,14,26,4,27,17,-19,-17,8,10,27,15,28,20,-24,-16,10,12,33,14,29,22,-26,-21,24,17,25,16,30,18,-24,-20,7,20,29,17,26
43.1600,16,-23,-19,9,28,23,20,29,21,-16,-21,10,25,19,16,32,22,-18,-21,13,17,28,20,39,20,-21,-19,10,16,27,8,27,19,-20,-23,4,15,30,19,28,21,-30,-20,11,18,32,11,31,19,-24,-21,23,18,28,18,31,18,-26,-20,5,15,28,18,25
43.1800,16,-25,-20,8,25,28,21,27,17,-17,-21,7,19,18,12,25,17,-24,-22,6,14,26,20,42,19,-20,-17,8,17,20,4,26,22,-24,-25,13,16,29,14,30,23,-26,-16,9,15,30,15,28,19,-22,-21,26,19,29,17,29,17,-23,-16,5,19,30,17,33
43.2000,17,-23,-21,8,29,25,23,29,23,-21,-21,7,19,14,18,27,16,-20,-20,11,24,27,18,42,20,-23,-21,10,17,24,1,32,21,-24,-25,4,15,24,19,30,24,-24,-19,8,16,30,16,31,17,-20,-24,25,14,27,18,29,22,-23,-24,9,12,24,22,30
43.2200,16,-23,-18,7,25,27,20,32,22,-22,-19,9,18,22,15,26,18,-23,-18,7,17,27,18,43,23,-26,-22,12,13,18,2,26,17,-20,-21,8,16,20,16,28,20,-33,-20,13,18,28,18,29,15,-24,-27,24,11,30,17,30,19,-20,-21,9,16,24,14,32
43.2400,23,-23,-19,8,21,25,19,30,22,-18,-23,9,18,19,13,25,14,-19,-21,5,16,26,17,40,25,-17,-22,12,16,24,4,27,21,-21,-21,6,15,24,16,31,21,-29,-18,7,11,29,14,28,20,-24,-22,23,17,24,20,27,18,-21,-20,5,15,28,20,33
43.2600,16,-22,-24,7,25,29,21,35,19,-19,-19,10,17,17,18,29,15,-26,-19,13,19,25,20,41,16,-23,-21,14,18,19,1,27,18,-18,-20,9,14,22,15,31,24,-28,-18,10,16,25,17,32,18,-19,-21,26,20,23,18,27,21,-21,-20,8,16,28,19,28
43.2800,15,-24,-23,11,25,32,22,34,18,-19,-20,13,21,17,20,30,22,-26,-19,11,19,26,21,40,22,-26,-20,8,17,21,3,24,23,-22,-21,9,17,25,15,31,24,-28,-20,11,17,29,16,29,20,-24,-22,23,18,25,19,30,18,-20,-17,11,16,32,17,32
43.3000,17,-23,-21,6,23,29,21,34,20,-21,-18,12,19,17,11,26,20,-22,-21,9,16,29,17,37,27,-22,-18,10,14,21,8,27,22,-19,-24,10,15,23,14,30,19,-28,-24,9,13,30,14,31,19,-20,-19,21,18,23,19,30,23,-21,-22,10,17,27,12,30
43.3200,16,-25,-16,8,21,26,21,36,22,-20,-18,9,19,20,15,24,20,-23,-16,11,17,28,17,38,18,-24,-16,8,18,20,13,28,24,-19,-21,7,15,24,20,30,22,-25,-18,8,17,32,17,31,20,-23,-20,27,18,22,15,27,19,-23,-19,6,19,25,21,29
43.3400,16,-22,-19,11,28,27,23,34,18,-18,-20,7,16,17,7,26,20,-20,-22,10,17,26,25,39,23,-26,-20,11,12,22,12,28,21,-20,-19,6,15,25,19,30,20,-30,-24,6,15,34,14,28,19,-23,-22,24,21,24,23,30,23,-27,-22,10,19,23,17,33
43.3600,16,-23,-16,7,23,33,18,30,24,-16,-20,9,17,15,15,28,17,-24,-20,8,15,26,23,39,27,-19,-20,9,13,20,8,30,15,-24,-16,6,15,27,17,29,18,-26,-22,11,18,28,17,32,18,-23,-21,25,23,25,18,29,15,-24,-18,7,14,27,19,25
43.3800,18,-23,-22,11,19,24,23,31,20,-20,-17,11,17,16,15,25,17,-21,-19,11,15,23,17,38,17,-24,-14,12,13,21,8,27,16,-18,-22,4,18,25,14,34,18,-23,-21,7,20,30,16,31,25,-21,-25,26,15,28,17,27,20,-23,-20,3,16,24,20,30
43.4000,18,-25,-21,13,24,27,24,32,24,-16,-18,15,17,17,14,26,14,-21,-13,9,19,28,17,44,18,-24,-24,14,15,22,6,26,19,-22,-20,12,19,26,15,30,18,-29,-19,7,14,29,12,33,16,-17,-21,25,14,26,16,29,20,-24,-16,5,19,26,17,31
43.4200,17,-23,-17,10,28,28,18,31,17,-18,-22,10,21,18,13,29,17,-21,-16,5,17,29,17,40,20,-22,-22,10,18,21,3,25,20,-22,-20,6,17,26,15,28,26,-23,-15,7,18,31,17,29,19,-24,-21,24,18,29,13,32,20,-25,-21,9,17,21,16,34
43.4400,16,-27,-22,6,21,27,24,30,20,-21,-19,8,17,18,16,28,20,-22,-21,7,18,29,22,43,18,-23,-18,9,14,22,7,30,23,-17,-17,6,18,26,11,29,22,-27,-20,11,15,32,16,29,25,-24,-22,25,20,25,17,28,17,-21,-23,9,17,29,13,30
43.4600,20,-23,-16,5,31,27,18,34,22,-20,-15,10,23,14,17,31,20,-26,-16,13,17,30,22,43,17,-17,-22,9,16,23,7,30,21,-19,-20,7,17,25,17,32,20,-30,-20,12,16,28,17,33,26,-21,-21,26,17,22,16,29,17,-20,-25,7,15,28,16,28
43.4800,19,-21,-17,12,22,30,22,27,19,-17,-15,11,20,15,12,29,21,-16,-23,12,19,27,18,38,22,-18,-18,10,17,21,11,29,20,-22,-19,9,15,21,12,29,18,-30,-17,7,15,27,16,31,21,-25,-20,25,12,22,15,28,16,-21,-22,12,17,26,15,29
43.5000,17,-21,-19,11,23,30,20,31,24,-18,-15,10,20,16,9,26,21,-25,-18,10,17,24,17,43,20,-24,-10,10,16,23,7,25,22,-24,-18,10,19,27,17,34,19,-30,-19,11,18,28,11,31,21,-23,-21,28,19,26,11,30,22,-19,-18,7,17,30,18,30
43.5200,12,-21,-19,11,26,31,23,33,21,-15,-21,6,23,19,14,29,18,-21,-17,7,18,26,21,39,23,-18,-15,10,16,24,5,33,22,-18,-22,3,15,23,20,33,25,-24,-20,14,17,25,11,31,18,-24,-21,23,17,24,12,31,22,-21,-20,9,19,27,16,33
43.5400,17,-19,-19,8,21,32,19,32,22,-20,-22,10,21,14,14,32,16,-25,-20,8,19,28,25,41,21,-22,-17,8,16,22,5,28,24,-16,-20,12,18,26,22,27,23,-23,-16,10,22,30,17,29,14,-22,-22,26,19,26,17,30,18,-21,-18,8,16,25,18,32
43.5600,18,-25,-16,15,25,30,21,31,19,-19,-19,7,19,19,16,29,19,-23,-17,5,15,28,20,35,18,-21,-20,12,17,22,5,24,22,-23,-23,7,17,25,11,36,25,-26,-17,7,20,29,15,31,15,-22,-18,27,22,24,17,31,21,-24,-24,7,15,31,18,36
43.5800,17,-20,-19,11,26,29,20,34,20,-22,-15,8,22,18,16,28,21,-25,-15,11,20,30,17,43,21,-28,-18,8,13,24,6,31,17,-16,-25,6,18,22,19,32,24,-26,-18,8,17,25,15,31,17,-19,-20,27,20,27,15,31,24,-21,-20,9,18,29,18,31
43.6000,16,-23,-17,8,24,28,21,34,18,-17,-17,11,19,18,16,28,18,-21,-18,8,15,26,21,38,23,-23,-16,14,19,25,5,31,20,-22,-19,12,18,23,20,32,19,-26,-21,11,17,29,14,29,16,-22,-22,22,18,27,20,32,24,-22,-16,13,24,28,13,34
43.6200,18,-25,-17,8,27,25,17,34,20,-17,-17,5,21,14,10,28,17,-20,-18,7,19,24,16,42,21,-23,-18,14,18,19,7,29,17,-20,-17,12,14,23,18,29,23,-27,-20,10,20,31,16,29,23,-26,-21,26,21,27,20,34,21,-24,-15,10,15,27,17,32
43.6400,21,-21,-19,9,24,28,24,36,23,-20,-20,8,20,19,15,31,20,-22,-18,10,19,28,21,45,24,-22,-24,8,16,21,3,32,24,-23,-18,6,18,21,17,33,22,-28,-21,8,18,32,14,34,20,-20,-19,26,21,28,16,29,17,-19,-21,8,21,28,15,29
43.6600,22,-27,-21,9,21,24,24,36,23,-20,-23,10,19,17,14,31,19,-25,-24,13,23,28,19,42,21,-24,-20,10,15,22,4,29,23,-19,-16,9,16,25,14,29,18,-29,-20,9,14,28,17,33,21,-24,-19,23,25,27,17,30,21,-28,-19,10,17,28,17,30
43.6800,18,-23,-19,10,24,34,23,30,24,-21,-20,11,20,17,14,29,17,-25,-24,8,24,27,18,42,24,-24,-20,12,17,23,6,29,21,-22,-18,8,15,19,19,33,22,-28,-17,10,18,29,13,30,23,-25,-19,29,19,25,16,30,20,-22,-21,13,18,29,19,33
43.7000,16,-18,-19,12,24,33,21,33,19,-21,-20,7,19,17,16,28,18,-19,-20,9,22,24,22,38,22,-23,-23,10,16,22,3,25,22,-20,-22,11,16,22,19,34,20,-33,-21,9,17,29,13,33,22,-23,-19,30,17,28,14,32,19,-26,-17,11,17,26,15,29
43.7200,24,-27,-17,12,29,25,20,37,19,-21,-19,10,18,14,14,31,20,-24,-13,11,17,27,16,39,19,-18,-16,8,14,21,-1,26,22,-22,-20,12,16,29,15,41,21,-30,-20,10,20,27,13,27,20,-20,-19,27,19,26,19,27,19,-22,-22,8,18,21,11,28
43.7400,22,-21,-17,5,29,29,18,30,24,-21,-19,7,21,16,14,28,19,-25,-20,8,17,25,19,42,21,-21,-20,10,20,21,6,32,20,-25,-23,15,15,21,16,34,23,-25,-19,11,18,33,12,30,22,-23,-18,26,20,25,20,34,20,-23,-21,10,17,28,20,35
43.7600,19,-24,-23,13,24,27,21,36,20,-21,-13,12,17,17,16,33,21,-20,-23,12,14,24,18,44,22,-22,-20,8,19,24,8,34,25,-22,-22,8,21,27,16,36,22,-27,-15,8,17,28,18,28,18,-23,-18,28,17,26,19,33,21,-19,-19,6,19,25,16,30
43.7800,19,-26,-21,9,24,31,16,31,20,-16,-17,11,20,15,13,31,20,-19,-20,11,19,24,14,42,20,-22,-18,10,17,20,3,32,23,-17,-19,11,15,22,19,32,24,-26,-16,11,17,29,12,29,17,-21,-22,27,18,26,18,31,21,-21,-17,11,18,27,18,36
43.8000,17,-25,-20,10,22,28,23,34,20,-18,-18,5,18,15,18,30,24,-22,-18,13,18,30,17,45,20,-23,-23,10,18,23,4,28,25,-20,-19,12,18,26,19,33,22,-25,-21,10,15,29,13,26,23,-26,-21,23,15,27,15,30,15,-20,-17,9,19,30,14,31
43.8200,19,-19,-18,8,22,29,19,36,24,-15,-22,10,15,17,11,26,20,-28,-21,13,25,20,21,44,23,-24,-21,10,17,22,6,31,21,-19,-19,13,15,26,20,35,20,-30,-18,8,19,28,18,31,21,-23,-23,26,18,24,19,32,19,-25,-21,7,20,24,14,29
43.8400,18,-22,-21,11,27,26,23,34,24,-21,-18,12,19,14,15,25,23,-26,-19,11,18,28,20,39,18,-21,-21,7,18,27,4,25,20,-20,-20,7,12,23,16,35,24,-29,-19,7,19,30,17,33,22,-21,-22,23,23,22,17,34,18,-21,-19,6,19,21,19,32
43.8600,19,-26,-18,12,20,27,24,34,21,-17,-20,11,19,10,15,30,16,-22,-18,10,22,24,23,42,16,-20,-19,8,18,21,4,29,21,-19,-23,14,17,28,17,29,26,-26,-17,8,18,33,11,34,22,-24,-17,26,17,27,14,26,21,-18,-16,4,18,28,13,31
43.8800,20,-23,-21,9,22,33,21,34,18,-19,-19,7,19,16,12,28,20,-25,-19,11,23,22,21,43,19,-21,-17,9,18,25,6,32,22,-20,-21,8,16,26,16,32,23,-26,-22,9,15,32,11,31,21,-18,-17,32,17,24,16,30,17,-26,-17,11,18,26,15,29
43.9000,19,-22,-20,13,25,24,24,33,22,-20,-18,9,21,17,13,28,20,-21,-19,11,18,28,19,40,18,-24,-19,12,13,25,7,28,23,-18,-19,10,16,26,16,32,17,-26,-22,11,17,31,13,29,18,-24,-23,30,21,30,13,39,19,-25,-17,9,17,30,16,28
43.9200,19,-24,-19,7,26,27,23,33,20,-17,-20,11,17,16,13,32,19,-21,-19,8,20,28,20,42,22,-21,-22,10,17,25,1,26,22,-22,-22,8,20,26,18,33,22,-30,-22,8,16,27,9,34,18,-23,-22,31,21,23,14,30,20,-20,-22,10,17,25,15,31
43.9400,14,-19,-20,9,24,27,24,32,23,-20,-20,8,18,21,11,32,21,-19,-22,14,21,28,15,43,15,-23,-23,10,14,23,8,29,25,-23,-19,10,16,23,16,36,16,-26,-18,10,19,29,12,34,19,-22,-25,25,17,25,22,31,16,-22,-17,8,14,29,15,31
43.9600,21,-23,-17,11,26,25,17,33,22,-14,-21,8,22,20,10,30,24,-20,-20,11,22,28,18,42,24,-20,-24,10,12,24,2,29,24,-24,-18,4,13,28,16,34,20,-27,-17,5,14,31,11,31,18,-22,-20,28,18,27,18,32,18,-23,-18,7,21,29,22,35
43.9800,18,-24,-19,11,26,26,25,37,24,-18,-21,9,21,12,15,31,19,-27,-24,10,22,28,22,40,23,-25,-21,12,17,23,4,28,23,-19,-20,13,20,25,20,34,18,-28,-20,10,20,33,16,31,21,-22,-20,28,17,27,14,26,18,-23,-18,10,17,24,18,33
44.0000,17,-21,-19,11,22,26,20,35,22,-15,-21,12,19,21,12,26,19,-25,-21,9,22,24,21,41,20,-24,-19,10,16,26,9,30,23,-21,-18,13,14,30,18,34,25,-26,-21,11,23,33,19,30,20,-28,-19,23,16,24,16,31,19,-22,-17,9,23,25,15,33
44.0200,18,-25,-18,7,26,26,21,31,20,-19,-23,11,16,19,15,32,22,-21,-19,9,20,26,20,43,22,-24,-21,11,19,21,4,31,22,-21,-17,10,13,27,19,36,21,-21,-23,11,18,33,11,31,26,-21,-20,24,14,24,15,31,21,-20,-18,9,16,28,15,29
44.0400,16,-24,-17,7,27,27,18,36,17,-23,-18,14,15,19,17,28,18,-26,-21,9,19,30,20,41,21,-20,-19,8,13,23,2,29,23,-21,-21,10,19,28,19,39,19,-24,-21,12,18,33,16,31,22,-18,-18,22,16,27,20,30,22,-19,-17,9,18,23,13,32
44.0600,20,-29,-25,5,24,26,20,34,22,-22,-20,8,18,16,12,33,21,-24,-18,8,18,25,16,40,22,-21,-21,9,15,28,7,30,17,-23,-19,10,14,23,19,39,24,-31,-20,12,17,30,9,33,22,-22,-22,27,19,29,21,33,21,-21,-18,7,20,28,20,31
44.0800,16,-24,-18,11,20,27,19,30,20,-17,-21,8,23,20,12,32,20,-22,-21,9,19,29,21,41,25,-26,-21,11,14,23,5,31,22,-18,-18,10,22,26,18,38,18,-31,-20,11,21,30,16,33,20,-27,-21,27,21,24,20,32,20,-23,-20,14,22,30,20,30
44.1000,17,-20,-16,7,24,30,23,31,20,-22,-22,9,21,17,13,29,20,-20,-15,11,25,27,20,41,20,-22,-18,10,18,23,6,34,21,-19,-19,7,22,26,14,29,21,-25,-21,10,19,30,11,34,20,-25,-18,30,19,26,15,28,20,-20,-15,6,22,32,16,30
44.1200,20,-26,-17,11,27,30,19,33,22,-21,-16,10,20,17,15,32,19,-19,-19,9,18,27,24,41,18,-23,-22,11,16,20,7,32,25,-19,-21,9,19,24,17,34,18,-27,-17,4,21,34,10,28,22,-22,-19,27,19,29,21,34,16,-20,-20,7,19,20,16,33
44.1400,20,-22,-22,14,20,31,19,36,24,-17,-23,11,19,20,11,32,25,-20,-22,10,19,26,20,45,23,-23,-22,12,19,25,5,31,25,-20,-18,11,18,20,14,37,19,-27,-18,10,21,31,9,32,25,-23,-19,29,16,27,16,29,18,-26,-21,11,18,26,20,30
44.1600,17,-24,-22,11,24,26,21,33,25,-19,-15,9,17,13,11,32,23,-21,-16,9,22,24,21,44,21,-25,-18,12,19,24,7,35,20,-19,-23,10,19,26,13,37,22,-27,-20,13,21,32,13,29,21,-24,-19,26,20,26,14,35,18,-20,-19,13,15,27,14,31
44.1800,19,-23,-21,13,25,32,18,30,20,-18,-18,9,23,19,17,29,21,-22,-18,13,23,28,18,41,25,-23,-18,13,16,21,7,33,27,-22,-20,13,16,22,18,35,19,-25,-20,10,20,33,17,31,23,-20,-20,28,18,25,17,34,21,-19,-17,5,15,25,18,33
44.2000,23,-19,-15,6,24,29,22,35,22,-16,-20,10,12,13,10,30,20,-18,-21,8,20,29,18,42,23,-22,-22,11,16,23,10,32,23,-15,-19,12,19,25,17,29,19,-26,-17,11,22,31,14,33,19,-25,-15,26,22,28,13,34,20,-19,-21,10,13,22,18,33
44.2200,19,-23,-20,11,23,28,22,35,21,-20,-18,9,19,18,13,28,22,-21,-19,6,20,25,18,40,19,-21,-22,15,12,19,3,29,25,-17,-18,8,23,24,16,40,21,-20,-19,9,18,28,16,28,20,-21,-22,26,27,26,15,33,19,-23,-14,12,19,26,21,34
44.2400,17,-27,-19,10,26,31,21,34,22,-15,-19,11,17,13,19,31,22,-23,-20,9,19,31,16,41,24,-23,-20,10,15,23,3,33,20,-22,-21,11,14,26,13,35,20,-30,-17,13,20,31,12,32,16,-26,-19,28,12,27,18,36,18,-21,-20,13,22,28,18,31
44.2600,20,-24,-20,9,23,28,19,39,19,-18,-17,11,18,15,11,27,21,-20,-23,17,25,25,15,39,20,-24,-19,10,18,27,3,29,24,-20,-25,12,16,27,17,34,26,-25,-16,12,21,31,15,31,23,-20,-20,30,21,23,20,33,19,-20,-20,10,17,29,16,33
44.2800,21,-26,-20,13,33,28,19,37,20,-18,-19,8,21,19,13,31,25,-20,-21,11,20,21,25,40,19,-20,-17,13,17,22,5,27,24,-19,-17,12,22,26,16,38,23,-27,-18,12,21,28,12,31,24,-21,-22,29,16,28,16,34,20,-22,-22,11,19,24,17,35
44.3000,20,-24,-17,8,26,28,18,39,21,-18,-19,4,18,16,12,31,18,-24,-19,9,22,28,19,37,21,-22,-20,12,18,21,5,31,24,-20,-17,16,20,24,17,33,19,-24,-19,12,21,32,14,34,23,-22,-22,28,19,25,14,29,25,-23,-18,8,20,23,12,34
44.3200,19,-23,-15,10,25,32,20,33,22,-18,-20,9,20,12,10,32,19,-20,-17,12,21,27,19,41,19,-21,-19,10,20,20,4,29,20,-20,-21,11,17,24,19,39,25,-26,-22,9,20,28,12,27,22,-25,-22,30,20,25,14,30,23,-22,-19,7,22,29,18,31
44.3400,21,-22,-17,9,24,28,17,38,21,-19,-18,14,22,18,10,32,18,-23,-16,10,20,30,20,43,20,-23,-20,14,21,19,8,28,25,-15,-20,12,19,26,15,33,20,-23,-24,8,17,30,15,29,24,-28,-18,30,21,21,20,34,23,-24,-20,6,16,28,19,29
44.3600,12,-21,-20,14,23,28,20,34,23,-15,-23,10,19,18,15,30,20,-19,-20,9,22,27,20,42,22,-24,-17,13,19,22,10,30,25,-19,-22,8,17,21,17,37,22,-27,-16,15,17,29,15,29,18,-27,-19,27,19,27,20,34,21,-22,-20,9,19,24,15,33
44.3800,18,-22,-26,12,24,35,22,34,20,-24,-19,10,22,16,13,31,23,-19,-18,11,25,23,19,44,22,-25,-20,10,14,20,3,32,26,-22,-17,10,17,24,16,35,24,-31,-21,13,19,27,11,33,23,-23,-20,30,20,27,16,34,20,-23,-18,11,18,25,16,32
44.4000,22,-25,-19,11,27,28,22,37,21,-16,-24,12,17,15,14,35,20,-22,-20,14,18,24,18,38,20,-21,-17,14,14,21,9,28,23,-20,-19,12,19,29,20,39,22,-24,-19,5,20,31,10,33,26,-21,-23,28,20,30,15,33,22,-25,-19,11,17,23,18,32
44.4200,16,-24,-16,12,27,30,20,35,27,-17,-20,14,16,14,13,30,20,-25,-17,8,21,25,15,42,27,-25,-16,13,15,22,7,31,25,-22,-21,6,18,26,15,37,24,-29,-19,8,16,33,11,27,22,-22,-18,31,19,28,16,36,19,-22,-14,10,20,28,13,32
44.4400,18,-26,-22,10,22,28,16,37,19,-17,-19,13,20,16,13,33,20,-20,-23,15,17,23,18,48,20,-22,-20,11,17,21,8,30,24,-18,-20,7,19,28,17,37,25,-27,-13,9,21,28,12,30,21,-22,-20,34,20,26,16,32,22,-23,-22,12,18,28,19,31
44.4600,19,-24,-25,14,21,30,20,40,20,-20,-22,9,24,13,16,29,21,-22,-19,11,23,23,17,43,21,-22,-15,13,19,23,5,27,20,-22,-21,10,18,26,15,35,24,-24,-18,12,18,25,13,27,18,-19,-16,27,18,22,18,35,24,-20,-15,11,18,27,20,31
44.4800,17,-21,-16,11,24,28,22,35,22,-20,-17,7,15,14,12,31,20,-25,-18,13,21,27,19,41,23,-25,-18,9,22,22,3,31,23,-21,-22,17,19,23,14,34,21,-26,-15,14,21,29,16,28,21,-21,-17,33,18,24,18,35,17,-21,-19,8,16,28,17,30
44.5000,18,-26,-18,7,29,27,16,37,23,-17,-25,9,22,11,13,32,20,-20,-18,13,21,24,20,41,22,-21,-19,11,17,28,1,31,22,-20,-20,9,17,28,18,35,25,-28,-15,8,17,31,11,29,20,-22,-20,26,19,25,15,31,19,-26,-19,4,18,25,18,33
44.5200,16,-29,-17,11,28,29,22,40,22,-20,-23,6,26,17,15,33,22,-21,-17,7,21,25,20,48,18,-22,-19,9,19,24,4,34,24,-23,-17,11,18,30,19,35,23,-28,-20,13,17,31,13,32,26,-23,-19,26,20,25,17,30,19,-22,-18,5,21,25,16,31
44.5400,19,-26,-18,8,25,30,23,35,20,-20,-15,11,26,20,12,33,24,-20,-17,15,24,24,22,42,21,-22,-22,7,20,21,4,26,23,-18,-16,7,19,23,17,33,17,-25,-19,8,20,30,11,29,20,-20,-21,23,21,27,18,35,19,-21,-14,9,18,27,13,36
44.5600,17,-20,-17,9,27,25,19,40,20,-18,-22,12,16,19,12,30,21,-22,-19,9,24,27,21,44,25,-21,-19,14,20,22,2,29,25,-22,-17,8,19,25,15,38,24,-31,-15,8,20,31,20,26,23,-22,-18,30,22,27,15,29,22,-22,-20,8,18,27,18,30
44.5800,20,-24,-18,11,27,31,20,36,22,-17,-19,12,20,14,12,27,23,-22,-18,10,21,26,20,43,15,-22,-20,14,17,22,3,29,27,-20,-17,8,14,25,19,36,26,-28,-22,13,18,28,14,30,26,-23,-22,25,20,30,15,33,22,-24,-22,9,17,23,17,31
44.6000,20,-24,-21,13,28,28,20,34,21,-19,-19,8,20,17,16,33,19,-25,-21,13,22,29,18,39,25,-24,-19,11,15,24,3,30,23,-21,-18,7,15,24,18,36,25,-27,-22,13,21,32,9,31,20,-25,-19,26,20,24,16,34,24,-22,-21,12,20,24,15,34
44.6200,19,-27,-22,8,24,29,20,36,20,-16,-18,8,21,14,14,32,18,-24,-19,14,21,27,20,45,20,-21,-21,11,18,20,6,30,27,-17,-19,10,20,28,17,38,22,-28,-19,8,20,28,13,29,22,-25,-20,27,18,28,16,35,23,-21,-17,10,20,24,18,33
44.6400,23,-27,-20,9,24,26,21,39,23,-17,-19,11,16,17,11,32,23,-21,-15,14,24,30,18,41,23,-21,-14,12,21,23,5,33,25,-19,-19,9,14,25,12,33,22,-29,-15,13,21,35,14,33,23,-22,-21,25,15,23,18,34,21,-21,-21,8,18,27,20,35
44.6600,19,-24,-23,12,27,28,21,39,20,-22,-17,10,18,17,15,34,25,-22,-20,8,24,28,18,44,25,-21,-21,10,15,18,5,35,22,-17,-19,10,17,26,20,38,20,-27,-17,14,18,29,16,29,22,-23,-20,26,20,31,17,32,22,-18,-18,7,19,25,14,28
44.6800,20,-27,-17,6,25,28,24,36,23,-19,-20,10,20,18,18,32,20,-17,-14,15,20,30,20,41,16,-19,-23,14,19,22,5,31,19,-20,-19,14,19,24,14,38,20,-24,-22,10,20,24,12,27,24,-24,-23,28,20,27,12,31,18,-20,-20,10,20,29,15,34
44.7000,21,-23,-18,10,21,30,20,37,23,-20,-18,10,15,15,17,34,15,-25,-21,11,19,25,17,37,26,-27,-19,8,21,19,3,34,26,-22,-17,11,16,25,18,41,26,-29,-19,7,26,27,15,31,16,-24,-16,30,16,25,19,32,19,-19,-22,9,20,25,16,33
44.7200,17,-25,-21,11,23,26,17,36,17,-22,-17,11,19,20,13,33,20,-16,-19,13,19,30,21,41,16,-22,-21,7,18,22,3,34,23,-20,-20,9,16,26,16,36,25,-28,-18,14,22,28,16,31,25,-22,-20,24,18,30,16,30,19,-25,-17,10,17,29,17,34
44.7400,19,-32,-17,13,26,24,17,35,20,-23,-20,8,17,15,15,29,18,-22,-19,14,25,26,17,44,16,-26,-21,11,20,26,2,35,26,-19,-19,8,14,26,16,35,31,-28,-18,12,22,29,16,31,21,-22,-23,28,20,27,19,36,24,-19,-15,12,16,31,14,34
44.7600,18,-25,-17,15,26,28,20,34,23,-16,-22,10,19,20,10,30,18,-23,-18,11,23,24,20,42,19,-24,-16,13,21,19,5,31,28,-17,-18,9,18,23,22,37,26,-23,-19,11,20,32,13,34,24,-22,-19,28,17,27,16,33,26,-22,-24,13,17,25,18,31
44.7800,20,-26,-22,9,24,31,20,40,17,-19,-22,12,19,16,17,30,20,-24,-19,9,19,23,20,40,26,-30,-17,9,21,26,6,32,24,-17,-18,12,17,24,16,34,21,-24,-21,8,17,29,13,29,24,-25,-19,31,19,28,19,39,24,-17,-20,10,17,29,14,32
44.8000,20,-30,-19,13,23,27,17,37,22,-19,-21,13,21,17,15,33,21,-17,-17,11,18,24,16,40,19,-21,-21,7,16,24,1,38,26,-20,-18,11,21,25,17,39,22,-21,-23,9,21,29,14,33,25,-24,-14,26,19,29,20,31,20,-20,-19,12,21,28,21,31
44.8200,20,-25,-21,10,27,26,20,33,21,-20,-19,12,18,20,13,34,21,-23,-13,16,19,25,23,44,19,-25,-22,11,18,17,5,32,25,-22,-14,14,20,24,15,38,22,-24,-20,12,18,28,14,32,23,-27,-14,23,19,27,18,33,24,-19,-22,12,23,26,21,32
44.8400,17,-25,-16,13,23,30,17,38,20,-16,-23,9,21,15,11,26,17,-21,-16,10,17,27,23,44,24,-27,-17,10,21,21,7,33,24,-22,-14,7,21,24,18,36,23,-26,-19,12,22,29,17,28,23,-25,-20,29,19,26,14,31,21,-25,-18,12,15,26,17,35
44.8600,20,-24,-20,13,26,24,21,40,19,-16,-16,12,17,16,13,30,17,-22,-21,11,21,29,20,42,21,-21,-21,13,20,24,4,34,21,-20,-15,13,15,26,18,36,27,-27,-18,17,19,30,11,32,20,-24,-15,25,20,27,17,36,23,-18,-21,8,19,27,14,30
44.8800,22,-25,-16,14,27,28,19,38,22,-19,-16,11,19,16,14,31,21,-21,-19,8,23,31,16,43,18,-21,-18,12,19,21,4,31,23,-21,-17,10,21,21,16,39,22,-26,-16,16,22,30,11,34,18,-22,-17,27,21,28,18,36,19,-25,-17,11,17,29,20,29
44.9000,21,-25,-15,12,23,27,17,38,20,-17,-16,13,20,16,12,27,21,-15,-18,16,25,20,23,43,21,-23,-19,10,16,22,8,34,23,-18,-20,6,14,23,19,34,24,-29,-18,10,25,32,15,34,21,-22,-16,29,17,29,18,37,26,-25,-19,13,16,24,15,30
44.9200,18,-24,-21,5,26,32,18,35,24,-15,-21,12,18,18,12,33,23,-20,-21,12,19,28,22,42,20,-22,-17,13,20,24,8,34,24,-21,-16,13,20,24,16,39,27,-27,-19,14,19,33,10,29,23,-25,-19,30,15,26,13,34,21,-21,-16,7,23,32,20,32
44.9400,18,-28,-18,10,23,32,18,35,24,-20,-20,12,21,15,15,34,24,-25,-18,12,21,28,19,42,21,-23,-18,11,20,20,7,34,27,-22,-18,10,15,25,19,36,22,-30,-21,13,18,29,12,28,20,-21,-18,31,16,27,16,33,25,-21,-17,11,14,28,16,31
44.9600,21,-27,-16,12,29,29,20,36,23,-20,-20,8,19,17,14,33,19,-16,-19,12,18,30,18,46,20,-24,-19,13,21,23,8,32,24,-19,-18,14,18,25,22,35,26,-28,-21,12,22,24,9,30,25,-18,-18,28,16,23,15,38,22,-24,-21,8,18,26,14,32
44.9800,22,-28,-16,9,29,32,22,39,21,-20,-18,10,20,16,13,32,23,-24,-16,15,20,27,17,42,20,-21,-17,11,22,23,6,35,25,-22,-19,15,21,24,17,34,28,-27,-17,11,20,30,12,30,20,-24,-19,29,21,29,14,35,23,-17,-13,10,18,27,15,32
45.0000,19,-28,-18,12,28,28,24,41,20,-23,-21,16,16,13,10,32,21,-21,-18,10,22,28,16,45,21,-20,-20,10,23,22,2,33,27,-23,-14,13,19,28,20,42,24,-26,-18,15,22,28,14,30,21,-20,-21,26,24,25,13,34,18,-23,-21,8,20,24,17,32
45.0200,14,-28,-19,11,25,28,15,37,21,-14,-18,12,18,13,17,30,24,-24,-19,14,21,28,16,40,18,-26,-22,9,19,25,5,32,25,-21,-20,14,16,23,19,41,19,-29,-17,12,20,28,9,30,25,-22,-20,23,16,26,19,36,24,-21,-18,8,15,32,17,29
45.0400,17,-30,-19,14,25,28,21,36,19,-17,-19,11,18,16,18,35,25,-20,-17,11,28,25,19,42,16,-20,-17,8,14,21,5,33,24,-20,-21,15,20,26,17,36,20,-28,-17,16,20,27,17,30,24,-23,-24,26,14,27,16,39,18,-24,-23,12,14,30,19,34
45.0600,26,-22,-20,12,24,30,20,40,23,-17,-18,11,19,10,12,30,18,-21,-20,15,21,23,15,41,15,-23,-18,14,15,23,2,31,26,-21,-19,10,13,25,15,39,23,-29,-22,10,19,29,12,31,23,-23,-21,31,17,30,16,34,20,-23,-20,13,15,26,17,33
45.0800,14,-23,-19,11,22,34,22,38,23,-16,-19,16,18,17,16,29,23,-18,-17,11,23,26,21,37,19,-28,-20,14,17,23,3,33,26,-26,-18,17,20,28,20,39,24,-29,-19,15,25,29,13,33,21,-23,-16,30,13,24,15,36,23,-20,-20,11,19,27,17,34
45.1000,20,-25,-20,13,31,29,21,41,17,-22,-16,11,18,12,18,30,21,-19,-23,8,24,22,20,38,24,-23,-20,17,18,25,4,35,22,-17,-16,12,19,21,19,34,23,-27,-20,13,22,27,7,29,22,-23,-19,29,16,30,17,34,20,-23,-17,15,16,24,18,36
45.1200,19,-28,-17,12,18,35,16,37,23,-21,-16,13,14,11,16,33,20,-20,-16,10,19,26,22,45,23,-22,-19,10,22,22,4,33,28,-23,-20,14,19,30,17,39,21,-23,-16,15,20,31,12,30,21,-19,-17,26,21,30,15,33,19,-18,-15,13,16,29,16,35
45.1400,23,-23,-18,13,26,28,17,37,22,-16,-16,9,19,16,14,31,24,-21,-16,13,20,24,19,41,19,-25,-22,13,19,17,2,33,25,-21,-18,14,17,30,18,36,22,-28,-20,15,22,27,14,28,26,-19,-22,23,18,28,13,36,23,-21,-16,12,13,30,14,36
45.1600,21,-25,-20,12,24,27,19,39,18,-17,-17,10,20,15,16,31,23,-23,-17,14,20,28,16,36,23,-21,-20,12,15,23,3,36,24,-23,-16,14,22,25,14,38,21,-28,-19,13,21,32,13,35,25,-24,-19,28,19,28,16,33,22,-25,-20,11,17,26,19,31
45.1800,26,-23,-19,8,24,33,14,37,19,-17,-17,17,21,13,13,31,24,-21,-19,14,21,25,20,44,19,-23,-21,13,18,25,-1,34,22,-17,-18,12,17,27,18,37,24,-27,-17,10,21,29,13,31,26,-27,-16,31,15,29,17,31,23,-21,-16,12,18,31,17,31
45.2000,20,-23,-19,11,21,27,16,39,21,-21,-20,15,18,16,17,29,18,-18,-21,15,24,25,17,39,25,-23,-14,16,22,25,3,30,27,-20,-18,16,20,27,16,36,26,-25,-18,12,20,25,13,32,21,-27,-20,30,20,28,15,35,22,-24,-16,6,16,29,17,33
45.2200,17,-27,-23,15,22,30,17,37,25,-23,-16,14,19,16,10,34,17,-24,-19,13,26,25,18,44,21,-20,-19,15,20,20,3,31,25,-19,-16,16,18,25,21,40,24,-24,-17,17,21,30,9,34,23,-22,-18,29,18,23,16,31,17,-23,-16,11,20,26,18,33
45.2400,22,-29,-21,13,28,26,16,39,20,-19,-20,9,23,14,18,31,21,-26,-17,11,22,27,14,45,23,-25,-19,12,17,25,3,32,26,-23,-16,13,19,27,17,37,24,-28,-18,11,22,30,15,37,26,-24,-16,27,19,28,17,36,18,-22,-16,9,20,26,20,32
45.2600,20,-23,-22,11,28,31,20,39,17,-20,-20,9,22,16,15,32,19,-24,-17,12,22,28,19,40,19,-26,-17,11,19,22,-1,37,25,-19,-17,11,20,26,17,38,24,-27,-19,10,25,27,10,28,21,-23,-23,26,21,30,12,35,23,-20,-21,13,16,28,19,30
45.2800,24,-28,-21,11,29,25,25,37,25,-20,-17,12,19,17,16,37,21,-17,-15,13,19,27,17,39,24,-27,-16,13,22,20,6,32,27,-22,-22,9,18,24,17,42,25,-30,-21,10,19,28,13,34,22,-22,-21,31,16,28,12,34,21,-24,-18,10,16,28,13,32
45.3000,20,-29,-22,13,21,29,16,40,22,-19,-16,15,15,16,16,38,24,-20,-19,12,23,29,19,44,17,-19,-18,8,20,24,3,30,25,-18,-19,15,18,26,17,39,24,-23,-20,9,21,31,13,29,23,-22,-17,32,24,29,15,35,22,-19,-18,10,18,29,16,38
45.3200,15,-22,-21,8,27,29,17,39,24,-21,-15,16,18,12,16,30,21,-21,-13,8,21,23,18,48,24,-21,-19,12,18,24,7,33,26,-20,-18,13,18,29,15,35,26,-27,-21,14,24,33,12,32,22,-23,-20,27,15,27,15,33,22,-26,-15,9,20,24,16,36
45.3400,20,-26,-22,16,29,28,17,37,20,-19,-17,12,18,12,16,33,18,-18,-15,13,23,26,16,43,19,-28,-17,10,20,23,6,35,22,-22,-19,16,21,25,18,36,23,-23,-22,10,21,28,10,30,22,-26,-17,28,20,31,18,36,25,-27,-18,16,19,26,16,31
45.3600,21,-21,-16,15,24,30,17,38,19,-19,-15,10,20,14,11,35,21,-21,-16,11,25,25,13,46,20,-23,-21,13,24,18,0,36,22,-18,-22,14,19,29,18,40,25,-29,-20,16,22,31,15,33,20,-21,-14,30,17,26,16,38,22,-20,-18,8,16,27,13,34
45.3800,20,-25,-15,11,25,30,21,39,22,-16,-17,12,21,17,14,30,21,-21,-20,12,21,25,21,44,20,-20,-20,10,16,22,-1,28,22,-18,-18,17,19,27,14,40,17,-27,-23,13,21,29,8,29,24,-23,-19,26,17,25,11,34,23,-22,-16,8,22,28,17,35
45.4000,17,-23,-18,16,26,32,17,39,19,-21,-16,13,21,15,10,33,23,-24,-14,11,20,26,19,42,21,-24,-13,15,16,22,4,38,25,-19,-17,8,17,25,14,35,21,-28,-15,18,24,29,13,32,17,-23,-17,28,21,28,16,32,22,-19,-16,13,19,24,15,33
45.4200,18,-27,-20,12,23,29,20,40,20,-19,-25,11,17,14,13,32,21,-25,-18,17,18,27,15,44,22,-23,-14,17,22,22,5,32,26,-19,-19,15,18,29,15,35,24,-31,-19,11,28,25,14,30,26,-19,-17,30,19,24,13,35,27,-19,-20,9,19,28,18,34
45.4400,15,-24,-21,11,24,32,15,37,22,-13,-18,10,19,15,12,37,24,-22,-17,14,22,22,13,46,19,-22,-20,9,19,24,5,35,26,-23,-20,12,18,25,14,38,26,-24,-18,10,20,28,15,28,27,-24,-18,30,14,26,17,35,17,-23,-21,12,17,25,16,36
45.4600,19,-23,-17,13,22,29,17,38,20,-17,-20,11,19,17,9,34,13,-25,-20,13,23,26,16,44,19,-22,-18,13,20,21,4,34,23,-18,-18,15,19,29,17,37,27,-32,-19,12,22,29,12,32,21,-22,-15,28,21,27,15,33,21,-23,-17,10,18,27,15,32
45.4800,21,-26,-21,13,23,29,16,36,24,-20,-17,13,21,14,15,32,18,-21,-19,10,20,25,17,48,21,-25,-20,13,21,27,3,34,21,-21,-22,15,20,29,20,37,24,-25,-14,15,20,26,11,26,22,-23,-15,26,18,25,15,35,23,-22,-17,9,19,31,15,34
45.5000,16,-24,-19,12,25,31,17,39,24,-21,-15,11,18,20,13,32,22,-19,-20,15,21,29,16,41,23,-24,-18,14,20,23,4,36,23,-24,-15,13,18,28,17,35,23,-25,-14,15,18,27,12,36,22,-22,-19,27,20,23,13,36,19,-24,-20,10,18,28,20,40
45.5200,20,-25,-17,13,23,30,20,39,22,-22,-13,10,16,11,11,34,17,-20,-19,13,25,22,20,47,21,-20,-19,12,16,23,1,35,25,-18,-20,12,18,28,19,35,20,-27,-16,14,24,29,13,27,23,-21,-18,31,15,28,14,35,22,-21,-18,9,21,29,14,37
45.5400,19,-20,-16,10,24,29,15,38,24,-17,-17,14,19,16,11,36,19,-18,-19,15,16,26,17,46,25,-19,-14,12,22,27,2,34,22,-22,-12,14,20,27,17,39,22,-28,-21,15,22,28,14,35,27,-22,-14,28,15,30,17,31,22,-18,-17,10,16,26,12,33
45.5600,18,-22,-21,11,23,29,14,34,22,-20,-12,12,17,17,16,35,25,-22,-22,10,23,27,20,44,18,-19,-18,12,19,25,3,34,26,-22,-16,13,17,27,17,39,24,-27,-21,11,22,29,14,33,26,-23,-18,31,18,28,17,34,22,-25,-17,12,20,25,17,33
45.5800,24,-30,-18,12,23,28,15,37,20,-22,-15,13,19,16,14,36,18,-21,-16,12,23,28,15,41,18,-18,-17,12,19,24,8,31,23,-23,-21,14,16,25,17,42,29,-28,-25,12,18,30,13,32,20,-26,-17,29,16,28,13,38,26,-20,-15,10,20,25,18,33
45.6000,19,-28,-17,10,23,29,17,41,21,-22,-19,11,16,15,9,33,23,-23,-15,13,20,27,13,43,23,-24,-15,8,23,24,-2,30,25,-19,-19,14,20,28,19,36,25,-28,-21,14,24,30,12,35,19,-22,-20,31,17,23,17,33,23,-19,-14,10,20,25,12,37
45.6200,22,-25,-17,11,27,27,18,35,18,-17,-15,15,16,13,13,32,21,-21,-20,13,25,28,19,43,20,-22,-20,12,19,23,5,39,24,-23,-17,13,17,27,15,36,26,-31,-14,12,24,27,16,33,23,-19,-20,30,15,26,17,34,24,-23,-16,9,15,29,18,33
45.6400,20,-25,-20,12,26,33,16,36,22,-15,-18,15,22,20,12,31,16,-21,-15,14,25,26,19,42,20,-24,-16,11,18,24,2,38,25,-18,-19,14,18,30,15,36,28,-29,-15,16,22,25,15,28,26,-23,-20,30,17,26,14,33,21,-21,-20,13,21,26,17,32
45.6600,22,-26,-17,11,23,30,15,38,18,-23,-17,10,19,15,15,34,20,-22,-19,11,19,28,15,43,20,-24,-20,15,18,25,7,34,28,-23,-17,18,21,26,15,34,24,-28,-18,12,21,31,14,34,21,-23,-16,31,17,24,14,33,25,-19,-19,15,19,27,18,34
45.6800,21,-25,-20,14,25,26,16,37,21,-19,-16,12,15,20,15,36,22,-19,-20,13,22,26,19,41,22,-18,-19,14,17,21,8,34,25,-22,-17,7,16,28,20,37,25,-25,-16,15,17,28,14,32,18,-24,-19,30,20,28,16,34,21,-23,-19,15,18,28,15,39
45.7000,21,-27,-14,13,24,28,18,38,27,-18,-20,13,18,15,14,36,17,-22,-17,16,22,29,18,43,20,-24,-17,17,21,22,4,33,26,-19,-19,18,20,24,16,35,28,-28,-17,15,24,28,15,31,26,-21,-15,29,18,26,15,33,24,-22,-18,10,19,28,14,37
45.7200,18,-23,-15,9,23,33,18,42,20,-20,-16,18,23,16,13,35,19,-23,-21,15,23,21,14,43,17,-22,-19,9,18,25,1,32,26,-19,-15,12,17,27,19,38,22,-25,-19,15,18,25,14,35,23,-27,-13,33,18,27,12,33,17,-24,-16,10,17,24,15,39
45.7400,17,-23,-11,13,27,33,19,43,24,-19,-20,15,21,17,13,33,18,-21,-18,11,20,29,14,40,20,-21,-21,14,18,24,4,32,26,-21,-14,14,20,28,15,36,31,-29,-17,12,20,26,11,28,24,-26,-21,30,19,26,11,34,21,-23,-17,11,15,27,12,37
45.7600,17,-24,-18,13,24,28,18,38,22,-19,-21,14,23,16,14,30,19,-20,-18,17,23,25,15,42,23,-19,-15,13,17,22,4,36,28,-23,-18,14,20,34,16,36,28,-27,-17,17,20,27,12,28,23,-25,-15,34,19,27,16,35,24,-23,-19,14,16,27,17,31
45.7800,21,-21,-20,11,28,26,16,36,18,-18,-17,15,17,17,9,31,18,-19,-16,11,20,25,24,45,22,-22,-16,15,18,18,0,35,27,-23,-18,14,19,26,17,33,24,-27,-19,12,24,24,12,31,26,-23,-19,30,18,29,16,35,26,-24,-15,8,16,29,17,34
45.8000,23,-24,-21,12,25,24,17,42,19,-22,-15,15,18,15,11,34,15,-18,-19,15,20,26,14,41,23,-21,-18,17,21,24,6,36,26,-21,-18,18,17,29,14,34,24,-31,-17,19,23,27,13,29,21,-25,-19,29,17,24,17,37,20,-22,-21,8,18,27,14,34
45.8200,19,-26,-18,11,26,30,17,40,19,-20,-17,14,22,16,14,34,22,-20,-17,12,22,26,16,42,20,-23,-18,12,19,25,0,33,30,-23,-16,13,20,29,19,35,25,-24,-20,16,21,27,16,32,20,-19,-18,28,17,26,16,34,24,-24,-17,15,21,28,14,34
45.8400,21,-25,-18,12,22,28,18,39,20,-20,-23,13,15,17,14,34,21,-15,-16,15,21,30,12,42,25,-23,-19,13,23,23,3,34,27,-26,-16,12,20,29,20,37,22,-25,-22,11,23,28,13,30,25,-20,-16,27,18,29,14,36,23,-23,-16,12,22,29,18,33
45.8600,19,-21,-16,11,28,27,17,39,20,-22,-18,13,16,14,17,34,18,-21,-21,13,21,26,13,43,22,-20,-15,9,17,22,4,35,23,-23,-21,9,19,25,13,35,25,-28,-18,14,24,27,13,29,25,-26,-18,27,22,26,13,35,25,-20,-18,12,22,25,14,39
45.8800,21,-23,-22,16,27,32,20,40,20,-24,-16,13,18,15,11,36,21,-20,-19,13,21,24,14,43,19,-25,-21,14,21,24,5,31,22,-25,-10,16,11,26,18,38,27,-27,-17,17,21,32,14,31,28,-18,-19,29,18,32,15,36,23,-18,-20,12,18,29,12,40
45.9000,21,-23,-17,12,26,28,17,38,25,-23,-17,13,17,16,9,39,19,-19,-17,12,22,27,19,43,23,-20,-18,16,20,23,1,32,27,-22,-17,16,19,27,14,37,29,-26,-15,15,22,28,13,32,24,-25,-14,29,18,22,13,36,22,-22,-17,10,17,26,12,38
45.9200,18,-25,-17,10,27,31,12,37,23,-21,-18,13,22,16,13,33,19,-20,-19,18,24,27,14,44,20,-22,-12,11,17,23,0,29,26,-22,-15,12,19,23,17,37,24,-25,-17,16,20,26,16,34,25,-18,-18,33,19,28,16,36,22,-18,-19,14,14,27,16,32
45.9400,21,-21,-17,16,27,32,14,37,22,-20,-18,12,23,14,11,33,21,-20,-19,17,22,22,18,42,22,-21,-16,11,19,23,0,36,23,-21,-14,15,19,22,21,37,24,-24,-16,13,14,31,13,31,21,-22,-17,28,19,26,16,35,22,-26,-17,19,13,27,18,34
45.9600,24,-23,-16,13,24,30,18,37,18,-18,-14,9,22,14,10,34,20,-21,-18,12,16,24,14,47,21,-23,-17,15,17,24,0,32,25,-21,-14,18,18,28,18,36,27,-32,-17,16,18,28,13,34,24,-24,-18,37,21,30,14,38,20,-21,-15,11,20,22,13,36
45.9800,20,-22,-19,9,21,30,17,38,20,-19,-16,13,17,16,9,35,17,-23,-16,13,21,25,18,45,21,-22,-15,12,20,23,-1,35,23,-21,-17,14,22,26,21,39,27,-29,-17,11,19,28,9,34,20,-27,-16,35,17,34,14,35,19,-23,-20,15,19,27,15,37
46.0000,20,-26,-20,16,25,29,14,40,21,-21,-13,11,20,19,12,35,22,-22,-15,11,21,28,17,45,20,-23,-19,13,20,27,-2,35,24,-24,-19,15,14,29,18,36,27,-29,-16,13,25,25,10,33,20,-25,-19,33,16,24,14,33,24,-21,-15,15,16,27,12,34
46.0200,19,-26,-17,14,28,31,18,34,22,-22,-13,15,22,16,15,37,19,-22,-20,13,18,26,18,48,25,-26,-17,12,23,26,-1,36,27,-29,-17,15,19,33,17,37,27,-23,-18,18,25,25,9,33,26,-22,-17,29,20,27,14,33,28,-24,-19,15,18,27,14,33
46.0400,22,-25,-16,9,25,30,18,38,21,-20,-13,10,20,16,17,32,23,-21,-15,19,22,28,17,46,18,-19,-16,11,16,22,3,36,25,-21,-14,18,17,24,22,37,23,-29,-17,13,22,27,8,33,24,-28,-18,34,14,28,17,33,25,-21,-18,17,16,26,20,34
46.0600,18,-24,-16,14,28,27,22,40,21,-19,-13,14,21,15,16,34,22,-24,-16,14,23,29,14,43,19,-19,-15,14,21,24,4,31,28,-26,-18,14,20,29,19,34,25,-26,-20,17,26,28,12,33,22,-22,-16,30,20,26,17,35,24,-18,-16,14,16,28,17,34
46.0800,23,-26,-18,10,24,26,16,40,17,-25,-18,14,14,15,8,32,17,-19,-15,15,21,28,16,42,21,-27,-13,15,22,20,3,33,27,-20,-16,14,17,28,18,34,27,-20,-16,12,22,28,12,32,24,-22,-15,30,23,26,16,34,22,-22,-18,13,21,29,18,34
46.1000,22,-20,-18,19,24,27,18,37,21,-22,-19,17,19,14,12,37,21,-23,-16,15,19,25,18,40,24,-21,-14,16,19,27,5,35,28,-24,-18,15,18,26,14,34,29,-27,-17,12,18,23,11,33,22,-26,-14,32,18,22,15,32,26,-24,-18,10,18,26,14,35
46.1200,17,-26,-15,16,22,27,13,38,19,-22,-15,12,19,13,16,36,21,-21,-17,18,20,23,16,46,27,-20,-21,14,23,25,-1,37,25,-27,-17,12,16,26,13,35,31,-25,-15,17,22,26,9,34,22,-22,-17,30,18,27,20,35,18,-22,-17,15,18,25,15,40
46.1400,24,-24,-12,15,28,33,16,36,20,-20,-20,13,22,15,16,32,23,-24,-18,13,20,23,15,41,25,-22,-18,15,25,24,1,38,21,-26,-20,14,19,32,15,38,27,-24,-17,10,20,29,7,32,23,-23,-15,35,19,28,17,33,22,-24,-14,10,18,26,13,38
46.1600,21,-25,-14,16,23,31,17,36,25,-26,-15,15,19,18,17,37,20,-22,-22,9,20,23,15,40,22,-20,-19,13,23,22,1,34,24,-21,-18,12,18,25,14,36,29,-25,-22,9,20,28,12,34,24,-24,-17,29,20,29,11,39,21,-23,-20,11,15,24,13,38
46.1800,22,-24,-15,16,22,28,19,40,22,-21,-18,14,18,16,17,31,22,-24,-20,11,18,27,14,41,21,-23,-12,13,21,23,2,33,26,-18,-17,14,21,26,12,41,27,-26,-17,14,21,32,12,31,24,-23,-19,32,16,27,14,37,25,-23,-19,14,18,28,14,34
46.2000,24,-26,-13,14,25,27,19,39,22,-20,-15,12,17,18,11,33,18,-18,-13,12,21,30,15,45,18,-18,-17,12,18,25,-2,36,26,-24,-18,13,16,27,13,38,27,-24,-19,16,21,24,12,29,24,-25,-16,35,20,28,15,38,27,-23,-19,13,20,26,16,35
46.2200,22,-25,-16,11,23,31,15,36,20,-22,-15,17,18,16,13,34,20,-16,-18,16,16,26,14,43,17,-21,-16,13,18,25,1,32,23,-24,-18,21,17,28,12,39,25,-26,-18,19,18,26,17,30,21,-29,-15,32,19,28,14,31,21,-21,-16,10,24,24,18,32
46.2400,22,-25,-13,15,21,27,15,41,20,-23,-14,14,16,15,14,33,17,-25,-18,11,17,26,10,45,20,-25,-16,13,21,26,1,34,25,-25,-16,15,20,23,12,35,25,-24,-15,16,21,28,16,32,26,-23,-13,30,24,25,16,35,20,-26,-17,8,14,22,17,37
46.2600,27,-24,-16,14,24,29,17,39,22,-22,-15,14,17,17,11,35,25,-18,-18,13,15,27,16,44,18,-21,-16,17,19,23,3,32,27,-22,-12,21,18,29,14,39,24,-24,-20,15,19,26,18,37,22,-21,-12,38,21,23,14,32,24,-23,-19,15,16,27,14,32
46.2800,22,-27,-15,16,28,25,13,43,20,-20,-17,13,20,15,14,35,17,-20,-17,13,19,28,18,45,19,-24,-18,10,21,27,2,36,26,-20,-18,15,21,25,16,37,28,-28,-20,14,20,26,10,31,16,-22,-18,32,24,27,18,37,23,-23,-16,11,18,27,14,39
46.3000,23,-24,-17,13,26,33,19,40,19,-23,-16,17,21,19,17,34,18,-25,-18,15,16,28,17,43,24,-23,-18,14,15,22,2,35,27,-19,-15,16,17,31,14,37,26,-29,-17,15,19,28,10,33,19,-24,-16,33,17,28,12,36,20,-22,-18,13,19,25,13,33
46.3200,20,-27,-17,15,23,32,16,36,17,-24,-20,13,21,16,14,39,23,-23,-12,15,20,25,18,45,21,-21,-17,16,18,27,5,35,27,-28,-17,12,15,26,16,35,27,-23,-19,15,21,24,9,33,26,-23,-16,29,20,28,13,32,24,-22,-16,16,15,26,12,39
46.3400,23,-26,-14,12,25,32,13,37,20,-20,-20,15,19,19,14,33,17,-17,-16,17,13,24,18,44,21,-22,-14,13,20,27,2,37,25,-22,-21,16,16,27,15,39,30,-26,-19,14,20,21,8,32,21,-16,-13,28,18,23,14,31,25,-22,-12,10,17,29,16,31
46.3600,24,-23,-16,9,23,32,16,40,16,-25,-12,13,15,14,18,33,16,-21,-18,16,17,28,17,44,23,-19,-18,14,22,24,-2,33,22,-22,-17,13,17,23,18,35,29,-25,-17,16,23,23,11,36,21,-21,-16,32,18,26,14,32,23,-20,-17,14,20,30,19,32
46.3800,23,-26,-16,15,20,28,15,35,17,-25,-16,13,19,19,17,34,17,-20,-18,17,20,20,17,43,25,-21,-19,12,19,26,4,38,27,-24,-18,15,20,30,16,38,20,-25,-20,16,17,24,14,33,21,-19,-13,31,18,27,11,34,17,-20,-15,10,18,27,16,35
46.4000,19,-27,-17,13,19,31,18,44,23,-22,-17,17,17,19,15,34,21,-19,-16,17,21,28,11,48,19,-23,-20,14,21,25,4,38,33,-22,-15,12,18,25,18,36,26,-28,-16,17,21,25,12,34,20,-21,-21,34,17,29,13,40,19,-21,-17,16,20,25,17,35
46.4200,19,-25,-18,13,22,29,18,32,23,-27,-16,18,21,14,14,30,17,-21,-15,14,23,27,18,47,20,-20,-16,17,16,24,2,36,28,-20,-15,20,17,27,13,37,26,-21,-19,12,17,26,11,32,23,-25,-16,34,14,26,17,37,21,-22,-16,12,18,26,17,34
46.4400,26,-19,-14,12,23,29,16,38,24,-20,-16,21,20,16,10,33,18,-18,-17,13,22,24,15,39,24,-23,-19,16,19,23,1,35,25,-19,-12,17,21,32,17,39,28,-28,-17,15,21,27,14,33,20,-21,-21,30,17,27,18,38,25,-20,-15,11,19,24,15,32
46.4600,20,-25,-18,16,22,30,14,34,18,-22,-18,18,17,14,16,37,17,-20,-12,18,22,24,11,45,20,-23,-15,12,19,29,-2,35,31,-17,-18,20,17,27,15,33,23,-19,-16,17,19,19,12,30,20,-23,-16,27,20,26,16,39,22,-24,-15,14,13,25,16,38
46.4800,23,-25,-18,13,21,25,19,37,20,-22,-17,13,22,17,15,33,15,-22,-15,17,18,26,15,49,21,-22,-13,15,18,24,4,34,27,-22,-15,12,19,29,15,37,26,-28,-15,10,19,26,11,31,21,-21,-17,34,17,28,16,37,19,-22,-16,18,18,27,10,34
46.5000,22,-27,-15,12,24,32,16,40,19,-23,-18,15,20,17,18,36,18,-22,-13,17,21,24,13,50,17,-22,-16,12,18,28,-3,34,23,-24,-17,15,15,29,11,39,27,-27,-15,17,22,20,12,31,20,-25,-14,36,18,28,14,39,21,-22,-15,14,13,30,14,40
46.5200,26,-25,-10,11,23,25,15,40,19,-22,-19,14,16,13,15,34,17,-18,-16,13,20,26,16,46,20,-20,-16,17,15,28,-2,35,25,-25,-21,13,18,29,14,30,33,-22,-13,18,20,27,9,34,19,-26,-18,33,17,30,15,37,21,-19,-12,15,10,29,14,34
46.5400,18,-26,-18,15,24,31,14,37,19,-21,-16,15,15,18,16,32,15,-21,-14,12,16,27,14,39,21,-23,-14,18,19,27,0,37,23,-25,-15,18,14,25,17,31,30,-24,-17,16,23,22,8,31,26,-21,-17,31,20,29,17,38,23,-22,-18,17,14,28,16,35
46.5600,23,-27,-12,17,24,29,16,40,18,-28,-20,14,15,16,15,33,15,-26,-12,16,21,27,16,48,25,-18,-19,18,17,26,-1,33,22,-27,-20,18,16,29,22,33,28,-19,-15,15,26,26,10,33,21,-25,-15,37,18,29,12,40,23,-23,-12,14,16,28,14,35
46.5800,24,-26,-15,9,20,27,15,36,22,-21,-14,13,25,19,13,37,19,-23,-18,15,18,28,14,45,23,-20,-13,13,17,23,-1,40,18,-24,-16,15,20,26,20,35,29,-17,-14,18,22,26,13,30,22,-23,-19,34,14,27,15,35,18,-20,-16,15,15,21,16,39
46.6000,24,-25,-16,15,23,23,14,41,24,-21,-18,16,22,16,10,37,12,-19,-14,18,17,26,12,43,18,-20,-18,17,19,27,0,35,21,-30,-20,11,19,29,17,32,33,-21,-21,18,20,24,7,37,25,-24,-16,32,16,25,16,39,21,-23,-14,11,14,27,17,33
46.6200,22,-26,-18,13,22,31,15,36,19,-24,-15,15,18,15,12,36,19,-22,-17,13,18,27,14,47,21,-17,-15,19,19,27,-5,33,17,-27,-15,17,18,26,15,35,31,-28,-17,19,20,25,12,35,23,-16,-19,31,21,28,8,35,23,-20,-15,17,13,28,18,31
46.6400,24,-24,-17,16,23,29,13,37,24,-24,-16,16,18,14,15,37,17,-17,-19,17,20,31,15,44,26,-21,-17,20,18,27,2,32,23,-29,-14,15,15,27,13,33,31,-21,-16,16,16,28,10,33,25,-24,-17,33,14,26,13,39,22,-17,-16,16,16,28,19,35
46.6600,21,-26,-17,18,19,33,15,34,21,-26,-21,16,23,13,13,34,18,-23,-17,17,15,28,20,49,27,-20,-20,15,20,25,0,34,19,-30,-13,13,20,29,13,34,30,-20,-17,18,22,27,15,36,24,-21,-14,31,18,28,10,37,24,-20,-21,17,15,26,13,34
46.6800,23,-27,-16,15,27,29,16,34,19,-24,-14,15,18,13,15,35,21,-19,-15,16,19,24,14,43,20,-25,-15,15,21,26,2,35,18,-25,-16,14,17,30,23,36,33,-22,-18,19,23,25,11,33,23,-20,-13,31,18,26,14,36,25,-24,-14,14,20,27,16,39
46.7000,20,-23,-19,14,23,30,17,37,22,-24,-14,17,17,18,14,33,18,-15,-13,16,19,27,16,43,20,-21,-14,16,16,21,1,36,20,-25,-16,16,16,26,20,36,27,-25,-11,15,20,23,12,32,17,-26,-16,35,18,25,12,35,21,-20,-15,16,17,28,17,34
46.7200,19,-26,-13,13,25,29,16,36,18,-23,-17,17,23,18,13,31,19,-17,-20,12,15,27,15,47,17,-20,-16,16,19,26,3,35,17,-23,-14,17,17,27,15,34,31,-26,-18,19,19,21,14,32,20,-24,-12,33,20,29,13,34,22,-17,-19,17,13,23,15,34
46.7400,22,-22,-16,15,24,27,16,35,18,-21,-17,19,24,14,15,33,19,-16,-15,18,18,25,14,42,20,-19,-20,17,20,23,-3,37,17,-26,-17,15,18,22,19,35,28,-18,-19,15,18,26,7,29,21,-21,-8,32,16,25,13,35,22,-25,-19,16,16,24,11,36
46.7600,24,-23,-12,16,25,24,18,37,24,-19,-20,12,18,15,13,37,18,-18,-12,17,20,26,16,44,19,-24,-15,15,19,23,2,32,20,-26,-16,15,17,24,16,38,25,-25,-19,19,17,20,12,31,24,-22,-14,31,15,26,13,39,17,-26,-15,15,19,29,18,35
46.7800,20,-27,-15,19,18,28,17,37,18,-23,-18,18,17,15,15,36,19,-18,-20,17,18,24,15,43,18,-20,-21,20,20,25,-2,39,23,-24,-14,12,16,28,17,36,25,-25,-14,17,17,24,10,27,21,-27,-12,36,13,32,11,36,22,-17,-16,14,18,31,13,38
46.8000,21,-30,-18,15,22,27,17,39,21,-23,-14,13,19,15,11,37,24,-18,-15,18,19,28,19,45,18,-18,-14,15,24,28,-3,38,30,-21,-19,15,16,25,17,36,29,-29,-16,13,17,24,17,27,28,-20,-11,33,15,26,12,37,18,-22,-16,18,13,23,13,41
46.8200,21,-27,-18,14,24,27,13,34,22,-25,-15,16,14,13,10,33,15,-18,-15,16,19,28,17,43,20,-21,-18,21,19,27,-2,38,38,-18,-18,17,16,27,15,38,24,-27,-22,16,21,25,13,27,23,-23,-15,32,13,27,13,38,21,-20,-15,20,16,22,16,36
46.8400,19,-22,-14,16,25,30,15,37,17,-23,-15,13,20,17,10,34,15,-14,-20,17,18,27,18,48,18,-26,-18,16,21,28,-4,34,46,-19,-17,18,19,29,10,35,21,-24,-16,18,14,27,14,34,21,-24,-15,36,14,29,14,39,26,-25,-14,14,16,27,11,36
46.8600,23,-24,-15,17,23,25,16,40,18,-25,-20,13,22,13,17,36,24,-22,-17,20,16,25,13,46,16,-18,-22,19,20,23,1,35,70,-17,-15,16,19,24,23,34,22,-28,-17,16,20,26,12,32,26,-21,-14,33,20,29,15,38,23,-22,-17,17,18,30,16,34
46.8800,20,-26,-14,9,23,29,17,37,21,-26,-14,14,20,11,11,34,17,-20,-17,22,16,27,19,45,19,-22,-11,15,16,27,-3,33,86,-15,-21,19,23,27,14,37,18,-30,-16,19,18,23,13,29,22,-20,-15,38,17,30,22,35,19,-22,-17,17,16,23,16,35
46.9000,21,-25,-13,15,27,31,17,41,16,-25,-13,19,21,17,13,36,17,-22,-15,17,17,24,12,45,19,-21,-15,18,19,23,0,34,109,-14,-16,18,20,28,19,35,18,-24,-20,19,20,26,19,31,22,-22,-17,32,14,28,15,39,24,-24,-16,15,17,33,14,34
46.9200,18,-22,-12,13,22,27,16,39,20,-25,-19,14,19,15,12,32,19,-24,-14,18,15,30,16,44,21,-19,-16,19,22,26,3,35,131,-20,-13,18,16,28,17,38,20,-24,-18,19,19,24,15,31,25,-24,-18,29,18,28,16,33,22,-18,-15,15,15,26,16,34
46.9400,21,-24,-16,15,24,27,17,34,26,-26,-18,18,18,11,14,35,18,-21,-16,21,19,29,15,39,22,-19,-15,18,17,22,-3,36,143,-13,-14,18,12,26,17,35,26,-26,-19,16,20,27,12,34,21,-23,-16,36,16,26,13,35,25,-22,-12,15,17,29,16,33
46.9600,19,-25,-14,13,22,28,15,37,21,-22,-15,13,19,17,12,35,15,-24,-19,19,16,25,17,44,16,-21,-19,16,17,24,1,35,147,-20,-12,20,17,27,22,34,29,-26,-16,14,20,27,17,32,24,-22,-17,34,17,27,16,35,21,-21,-16,16,20,28,15,35
46.9800,19,-24,-12,14,19,31,16,39,19,-26,-12,15,19,12,14,36,17,-25,-12,18,20,23,15,41,22,-21,-17,15,22,24,1,39,141,-28,-16,14,19,27,20,33,36,-23,-14,22,22,29,14,34,25,-20,-14,34,18,28,12,35,19,-21,-15,19,15,29,16,34
47.0000,20,-23,-15,14,19,31,16,34,18,-25,-16,20,19,13,13,36,14,-26,-15,15,16,29,15,40,18,-19,-11,15,15,29,-1,37,114,-49,-13,16,12,32,16,34,54,-21,-15,17,15,27,13,35,21,-21,-12,33,21,34,15,34,25,-20,-13,20,15,24,13,35
47.0200,20,-24,-15,17,24,33,16,35,19,-26,-19,16,18,15,11,36,14,-22,-12,18,15,25,14,44,26,-21,-16,19,16,29,-4,34,80,-58,-12,15,14,27,13,33,71,-18,-14,16,20,28,11,40,24,-20,-18,34,20,32,12,35,26,-20,-16,16,14,27,17,35
47.0400,18,-24,-17,20,22,31,19,35,18,-25,-15,15,18,16,13,39,9,-23,-14,20,14,26,12,43,23,-15,-14,18,20,25,1,38,29,-78,-18,15,14,25,13,29,91,-15,-17,21,19,27,19,38,20,-23,-16,34,18,25,10,40,26,-23,-13,16,16,28,14,35
47.0600,17,-26,-17,17,24,32,15,40,19,-25,-10,14,21,17,15,34,7,-32,-13,15,18,24,16,43,27,-15,-9,19,23,23,-4,37,-35,-96,-13,16,14,26,14,31,120,-15,-15,17,18,26,16,38,20,-24,-15,34,21,29,13,37,25,-21,-17,14,18,23,13,37
47.0800,22,-23,-21,17,19,31,13,35,12,-26,-13,18,18,18,11,31,14,-29,-13,18,18,28,17,44,25,-14,-18,20,18,26,0,34,-104,-117,-15,16,13,31,10,28,128,-11,-18,20,18,26,16,41,23,-22,-13,34,13,24,10,37,24,-22,-15,12,19,23,16,36
47.1000,20,-23,-12,18,25,29,19,38,19,-23,-14,18,18,17,12,31,11,-25,-17,18,16,24,16,43,27,-17,-13,17,19,30,-2,36,-171,-136,-14,17,13,29,12,30,143,-12,-12,18,16,27,13,39,19,-26,-16,35,12,28,16,32,21,-19,-14,15,13,26,13,35
47.1200,17,-24,-14,15,24,28,17,36,14,-19,-14,23,18,16,16,37,20,-30,-18,16,20,27,18,46,25,-17,-16,16,21,26,1,33,-230,-140,-13,20,12,34,11,35,142,-10,-14,17,16,26,17,40,24,-20,-15,35,18,27,14,33,21,-26,-14,16,20,27,11,35
47.1400,21,-23,-14,15,25,27,16,37,14,-23,-18,17,15,17,14,38,24,-25,-16,21,17,27,21,47,23,-19,-16,20,22,31,0,30,-266,-134,-14,20,13,31,9,40,135,-22,-12,19,17,24,17,39,25,-24,-14,37,13,28,14,31,21,-22,-16,15,17,25,14,37
47.1600,23,-28,-11,16,22,29,12,36,23,-22,-14,19,21,18,11,37,34,-22,-14,22,15,26,15,47,28,-20,-11,13,18,25,-1,35,-281,-116,-16,16,17,26,6,55,105,-33,-17,18,15,25,12,35,22,-25,-13,37,15,30,14,36,26,-24,-19,15,16,28,10,35
47.1800,25,-21,-16,19,28,29,8,39,20,-26,-17,19,21,11,13,34,44,-24,-19,20,13,26,16,47,28,-18,-17,17,22,28,-1,35,-260,-79,-17,15,17,30,10,70,67,-41,-20,19,13,26,14,33,20,-18,-15,36,19,30,16,39,22,-21,-16,18,16,22,13,36
47.2000,25,-20,-16,16,23,29,12,40,21,-25,-13,20,14,20,14,31,70,-18,-17,20,14,25,19,53,24,-25,-15,25,23,29,-5,31,-217,-37,-13,18,22,33,13,87,13,-59,-15,22,12,21,11,30,23,-25,-11,32,18,25,15,36,23,-18,-11,18,17,28,14,37
47.2200,23,-22,-17,14,22,25,15,33,15,-25,-15,18,17,11,16,37,90,-18,-13,18,17,29,18,59,22,-20,-15,20,23,27,0,36,-153,22,-13,20,14,32,11,109,-48,-84,-14,16,14,25,7,26,22,-23,-16,32,12,23,11,35,24,-24,-10,14,17,24,13,37
47.2400,25,-20,-15,14,24,24,13,29,17,-25,-11,15,20,14,15,32,110,-13,-13,14,14,29,20,56,21,-28,-19,20,19,28,2,32,-58,83,-14,17,17,35,19,128,-106,-104,-16,19,13,23,5,21,23,-24,-16,35,13,26,15,36,23,-24,-12,14,17,26,12,36
47.2600,27,-17,-12,16,21,30,12,33,14,-29,-12,19,17,17,14,36,123,-10,-15,19,10,29,20,50,14,-26,-15,18,17,30,-1,27,47,149,-16,19,18,33,22,144,-171,-115,-18,18,13,23,2,22,25,-22,-15,32,19,28,8,37,22,-22,-13,19,16,27,13,35
47.2800,29,-19,-13,17,23,28,16,34,18,-23,-13,17,19,15,12,34,126,-9,-18,15,15,27,14,56,17,-29,-16,16,21,26,1,33,150,199,-10,16,20,32,16,145,-215,-125,-17,21,11,22,1,22,21,-25,-19,33,17,28,10,32,23,-23,-13,18,16,27,10,37
47.3000,30,-18,-11,15,25,27,13,34,16,-24,-17,16,19,15,16,39,117,-16,-16,17,14,26,18,52,15,-31,-12,17,22,23,1,31,256,233,-10,20,24,33,22,130,-243,-125,-16,18,11,25,-1,30,22,-20,-9,37,15,29,10,38,21,-22,-15,17,15,29,13,37
47.3200,28,-24,-14,20,25,27,14,34,17,-25,-20,18,17,19,15,36,88,-19,-15,21,14,23,19,51,20,-33,-15,20,18,28,-1,29,352,248,-13,17,26,28,19,109,-245,-105,-13,20,17,25,-4,36,22,-23,-15,39,16,27,14,33,22,-22,-14,20,16,31,12,34
47.3400,26,-18,-16,16,23,25,10,37,19,-26,-13,17,19,13,16,36,47,-37,-16,20,11,25,20,48,25,-33,-8,16,15,24,3,31,426,237,-17,16,23,33,18,65,-221,-78,-13,19,20,25,1,51,23,-25,-18,37,18,26,11,36,22,-23,-15,14,18,27,14,32
47.3600,28,-29,-17,16,23,23,14,33,17,-23,-14,18,16,18,18,36,-7,-48,-17,17,12,27,14,44,35,-33,-11,20,13,29,3,34,469,202,-13,14,22,31,7,5,-175,-40,-11,19,17,26,0,68,24,-25,-15,38,15,30,12,39,21,-21,-13,18,16,27,12,33
47.3800,20,-28,-13,20,24,27,11,28,16,-24,-13,15,19,18,14,31,-71,-70,-13,21,13,25,9,38,54,-27,-12,19,18,32,3,36,478,143,-13,22,22,32,-8,-62,-102,10,-16,19,21,27,3,92,20,-23,-13,33,19,30,11,35,25,-22,-11,22,11,28,14,40
47.4000,19,-30,-11,17,22,31,15,32,22,-25,-16,13,17,15,12,38,-132,-94,-17,19,9,26,8,32,71,-27,-13,24,16,26,4,38,445,66,-12,20,18,28,-21,-126,-27,68,-16,19,24,27,6,114,20,-25,-16,37,13,30,8,36,21,-24,-15,17,17,27,14,37
47.4200,21,-29,-18,19,30,28,21,32,24,-22,-14,19,17,11,15,36,-188,-103,-18,18,11,28,11,31,90,-22,-15,19,15,27,4,39,375,-33,-14,20,17,29,-46,-181,72,127,-13,20,25,30,13,129,23,-26,-18,39,14,25,12,35,21,-21,-14,18,12,26,14,37
47.4400,23,-35,-14,18,19,23,14,34,21,-21,-12,22,17,17,12,32,-226,-111,-13,24,13,26,2,34,109,-19,-10,20,15,32,4,43,271,-127,-15,17,16,23,-72,-227,180,170,-11,23,28,27,15,134,24,-21,-16,38,16,30,11,38,21,-24,-14,18,14,27,10,36
47.4600,21,-39,-14,21,23,30,15,35,22,-20,-17,18,22,20,13,34,-252,-115,-14,20,10,27,1,34,122,-13,-15,19,17,29,0,43,124,-223,-20,18,22,22,-90,-245,270,202,-14,17,31,25,26,125,21,-22,-17,38,17,29,10,37,23,-20,-12,13,15,29,15,37
47.4800,24,-44,-13,20,20,28,18,32,28,-21,-15,20,19,13,9,35,-248,-98,-17,19,9,29,4,46,125,-13,-15,20,14,28,7,45,-24,-314,-17,21,16,23,-100,-240,348,215,-15,17,31,33,25,109,20,-23,-13,36,14,25,13,38,20,-21,-14,17,15,26,13,39
47.5000,35,-37,-10,17,20,27,20,33,35,-21,-12,20,21,19,15,31,-214,-72,-16,20,12,28,3,61,125,-17,-15,21,12,25,2,44,-179,-381,-10,18,32,20,-100,-205,408,206,-14,22,33,31,19,66,23,-21,-12,39,18,31,14,37,22,-27,-18,14,17,31,14,32
47.5200,43,-36,-19,19,21,30,15,37,27,-25,-15,24,19,15,17,35,-161,-30,-10,17,15,29,6,79,99,-19,-12,20,13,28,3,44,-327,-425,-14,22,39,22,-79,-146,440,175,-15,18,32,28,23,18,26,-24,-15,36,14,27,16,34,18,-26,-12,19,12,28,11,33
47.5400,61,-35,-17,17,23,29,20,38,32,-19,-13,19,20,17,13,31,-86,19,-16,20,14,28,3,99,52,-32,-16,22,13,29,1,43,-438,-441,-16,18,55,17,-47,-62,435,129,-16,23,28,27,9,-35,24,-28,-16,38,20,25,11,36,25,-24,-17,22,21,25,11,37
47.5600,71,-31,-14,17,18,32,15,44,31,-23,-14,20,19,17,11,32,3,75,-16,19,23,32,8,125,-6,-37,-12,21,16,28,3,41,-517,-417,-17,20,66,16,10,31,401,60,-16,19,23,25,-7,-100,23,-21,-17,36,20,31,13,36,23,-21,-13,15,16,28,15,37
47.5800,82,-27,-12,19,19,29,20,41,33,-30,-10,17,21,13,12,32,97,130,-13,19,26,30,14,146,-68,-59,-15,19,12,26,-3,34,-545,-356,-15,23,80,15,76,131,327,-23,-11,19,19,26,-28,-149,22,-28,-15,39,21,25,9,36,21,-21,-14,14,14,27,14,31
47.6000,93,-25,-12,22,17,27,20,48,32,-28,-14,18,17,15,12,30,195,175,-15,19,30,29,25,151,-133,-80,-16,18,12,31,-9,27,-522,-266,-11,19,83,15,148,225,221,-108,-17,23,17,22,-47,-190,21,-26,-12,40,9,30,15,37,20,-21,-14,17,16,27,13,33
47.6200,88,-22,-13,20,19,28,18,49,30,-31,-15,18,14,17,17,32,283,199,-12,20,28,31,23,148,-197,-95,-14,22,12,28,-9,23,-450,-143,-15,19,91,16,220,317,92,-189,-14,21,15,20,-68,-209,23,-30,-18,32,16,25,11,35,22,-23,-14,17,13,29,9,38
47.6400,81,-25,-16,19,17,31,20,52,25,-29,-9,15,18,17,15,31,353,212,-12,21,27,31,29,123,-248,-111,-16,18,15,27,-11,22,-345,-4,-14,17,84,20,272,391,-49,-268,-16,19,12,16,-81,-208,18,-27,-16,38,17,29,15,35,20,-24,-8,17,14,29,14,35
47.6600,64,-26,-14,15,21,27,19,45,20,-32,-14,15,16,17,14,33,402,196,-13,17,28,25,29,82,-268,-109,-14,21,17,30,-9,24,-211,140,-11,25,62,22,312,437,-190,-325,-14,22,17,17,-83,-180,23,-20,-17,42,15,27,12,35,24,-23,-10,17,15,29,12,34
47.6800,32,-28,-18,18,21,30,15,47,21,-41,-15,22,17,16,11,31,423,163,-15,15,21,29,27,30,-263,-94,-12,19,18,27,-16,29,-74,266,-13,18,25,27,318,456,-312,-366,-12,21,23,17,-70,-132,20,-23,-17,46,12,28,12,35,21,-21,-13,18,13,28,14,37
47.7000,-4,-35,-18,18,18,31,16,40,21,-42,-17,18,18,12,15,36,404,108,-11,21,19,28,12,-34,-232,-71,-15,21,15,31,-16,42,59,378,-10,23,-9,27,298,436,-414,-380,-14,19,34,11,-51,-66,20,-24,-15,40,14,26,10,37,24,-26,-14,21,11,29,10,31
47.7200,-52,-48,-14,18,18,28,14,38,20,-38,-9,20,17,13,17,35,357,36,-11,18,21,26,-1,-93,-171,-29,-10,22,17,32,-14,65,179,452,-12,19,-66,29,249,386,-472,-361,-12,19,46,8,-4,19,21,-24,-15,41,14,29,14,37,22,-25,-9,16,16,23,12,36
47.7400,-104,-59,-15,20,20,30,12,31,28,-41,-14,24,20,17,13,31,276,-49,-15,21,11,23,-30,-157,-92,16,-18,19,19,31,-9,90,277,482,-13,21,-115,25,167,305,-482,-311,-16,19,59,12,52,108,27,-23,-12,34,11,28,17,36,24,-20,-11,20,15,28,20,37
47.7600,-147,-68,-13,16,19,31,10,33,35,-40,-11,22,15,15,13,40,153,-136,-10,21,10,23,-54,-194,9,72,-12,20,21,26,-11,109,346,475,-11,18,-160,20,67,178,-451,-231,-10,24,65,10,114,191,23,-19,-13,37,17,28,5,37,19,-23,-15,17,15,27,15,34
47.7800,-176,-71,-13,20,23,30,9,29,45,-32,-10,19,17,16,13,39,24,-218,-17,18,7,21,-72,-210,112,127,-12,19,24,24,-5,136,383,423,-11,18,-195,13,-39,40,-386,-129,-10,23,75,11,171,274,21,-25,-14,36,13,27,11,40,21,-24,-16,17,18,28,11,40
47.8000,-193,-71,-11,21,22,31,11,34,59,-32,-15,18,15,17,17,40,-115,-288,-16,20,8,21,-90,-203,222,177,-14,16,26,31,0,140,397,338,-14,19,-211,-3,-153,-112,-287,-14,-11,21,68,14,220,334,24,-23,-15,41,12,28,12,38,25,-23,-10,20,18,27,13,35
47.8200,-190,-69,-14,19,24,36,2,35,65,-29,-10,18,15,16,19,45,-258,-344,-12,19,15,21,-93,-169,322,213,-10,21,26,28,8,139,388,223,-17,23,-205,-15,-258,-257,-176,109,-12,19,53,20,254,380,20,-20,-13,37,10,27,13,38,19,-21,-10,19,19,28,15,36
47.8400,-166,-49,-16,22,23,36,8,46,77,-29,-15,23,14,17,13,46,-375,-371,-9,18,22,19,-85,-109,400,223,-11,21,24,26,7,123,363,106,-12,20,-179,-28,-352,-385,-52,223,-15,21,31,26,267,400,23,-22,-10,36,17,27,15,33,24,-21,-16,20,17,28,16,35
47.8600,-119,-18,-14,18,28,30,6,56,80,-22,-12,21,15,15,11,48,-459,-372,-11,17,30,18,-61,-33,460,212,-14,20,30,25,9,83,317,-10,-12,20,-130,-35,-421,-466,61,322,-9,20,-4,28,252,390,21,-22,-12,42,12,29,13,33,24,-25,-15,19,14,25,13,36
47.8800,-50,9,-8,17,27,34,3,70,70,-23,-15,21,17,16,14,42,-503,-345,-11,20,52,16,-7,65,487,177,-12,24,29,25,5,33,261,-121,-15,21,-64,-35,-464,-513,164,383,-12,19,-36,29,216,349,18,-20,-11,37,16,29,15,33,20,-22,-10,14,12,30,13,35
47.9000,20,52,-15,22,27,31,9,90,58,-23,-15,18,12,16,12,43,-497,-284,-10,19,66,17,53,151,468,119,-10,16,18,26,-3,-35,201,-215,-9,25,10,-24,-466,-505,248,416,-13,21,-79,28,157,270,23,-26,-17,35,18,27,14,36,20,-22,-15,19,16,26,12,33
47.9200,99,85,-18,20,28,27,14,99,33,-28,-13,19,16,16,10,43,-445,-196,-15,22,74,21,124,245,416,47,-12,19,20,24,-22,-105,140,-287,-10,23,92,2,-434,-443,307,416,-16,18,-107,22,74,170,25,-22,-13,39,14,27,12,33,20,-24,-11,21,17,29,6,39
47.9400,185,110,-12,19,31,31,15,108,-5,-34,-14,20,14,18,14,38,-359,-86,-15,23,82,20,187,321,326,-41,-10,19,13,19,-37,-170,86,-336,-10,22,182,36,-357,-345,345,372,-15,20,-138,13,-16,48,24,-25,-14,40,14,26,11,37,19,-24,-10,13,14,29,10,34
47.9600,256,133,-14,20,31,28,19,105,-48,-43,-13,17,10,12,11,38,-240,36,-15,22,82,21,248,384,204,-135,-12,16,10,23,-61,-217,27,-357,-18,25,261,73,-246,-224,363,310,-11,17,-155,8,-110,-86,24,-19,-14,40,13,29,10,36,19,-22,-12,21,13,28,13,37
47.9800,318,140,-13,20,31,30,20,85,-82,-60,-14,15,16,15,7,31,-118,159,-11,19,64,26,281,421,52,-220,-12,21,13,18,-91,-246,-13,-362,-13,23,321,120,-94,-91,359,218,-15,19,-156,-8,-203,-212,20,-23,-16,37,12,27,13,40,21,-25,-13,17,12,26,10,37
48.0000,358,134,-18,21,26,30,18,61,-126,-63,-15,22,20,20,11,28,10,273,-12,20,37,29,297,433,-110,-304,-13,20,14,24,-109,-244,-41,-341,-11,22,368,169,77,40,339,122,-12,22,-136,-16,-282,-323,22,-22,-19,38,12,27,12,34,23,-21,-10,13,16,29,11,36
48.0200,372,103,-15,20,28,28,14,21,-153,-68,-8,19,17,15,12,30,126,363,-11,22,2,32,278,413,-277,-366,-12,23,19,23,-113,-210,-59,-315,-8,21,385,198,254,156,305,24,-12,21,-104,-26,-347,-402,20,-22,-17,38,15,28,12,34,23,-23,-16,17,14,24,11,35
48.0400,361,66,-15,21,22,29,4,-27,-165,-74,-13,17,17,19,8,37,213,417,-13,19,-48,31,234,357,-416,-407,-12,18,28,24,-111,-158,-71,-276,-10,21,377,220,414,250,263,-76,-11,24,-55,-28,-394,-439,21,-24,-14,45,14,28,14,37,22,-20,-16,22,14,30,11,36
48.0600,321,9,-10,17,23,23,-3,-76,-163,-63,-10,19,18,13,7,42,286,433,-15,22,-95,27,161,272,-525,-417,-10,19,38,24,-88,-75,-66,-228,-12,25,336,225,549,319,212,-156,-15,23,8,-20,-400,-435,25,-26,-16,34,20,28,10,35,26,-25,-16,17,18,25,16,37
48.0800,248,-52,-8,23,21,27,-17,-118,-138,-51,-13,22,19,15,9,44,328,411,-9,19,-139,16,75,157,-582,-390,-12,23,56,26,-48,22,-57,-176,-12,21,251,210,630,360,161,-222,-12,24,72,-3,-380,-394,22,-23,-14,39,12,28,10,32,21,-24,-12,19,19,30,12,35
48.1000,157,-118,-11,18,20,29,-30,-150,-95,-25,-12,19,21,15,13,61,342,351,-11,21,-169,4,-27,28,-586,-332,-14,21,65,26,12,124,-46,-121,-14,23,154,178,661,374,111,-275,-15,24,139,20,-318,-320,24,-21,-11,38,13,29,8,37,24,-23,-16,16,15,29,15,34
48.1200,36,-173,-9,21,25,23,-47,-169,-45,3,-14,19,19,17,10,72,344,266,-11,23,-185,-9,-132,-119,-536,-241,-14,23,85,28,82,224,-36,-76,-6,19,31,122,629,372,59,-307,-16,24,200,54,-224,-217,26,-25,-16,38,16,29,11,35,23,-20,-11,18,13,25,13,36
48.1400,-90,-232,-13,20,27,28,-59,-168,24,34,-9,22,23,17,17,86,320,165,-15,24,-194,-17,-224,-251,-437,-122,-8,22,93,25,161,318,-25,-33,-11,22,-102,56,543,351,19,-315,-14,22,253,86,-105,-107,20,-28,-11,37,14,23,11,37,22,-22,-10,17,15,29,12,41
48.1600,-213,-277,-13,21,29,25,-65,-140,93,72,-13,22,18,12,15,99,288,55,-13,21,-165,-30,-310,-362,-314,12,-10,21,97,34,229,392,-26,-1,-14,22,-233,-22,421,318,-8,-311,-12,23,286,122,40,10,20,-22,-15,41,18,24,9,35,21,-24,-11,22,18,27,9,35
48.1800,-321,-299,-12,21,31,32,-60,-103,165,99,-10,24,19,15,17,106,240,-50,-10,20,-125,-43,-375,-434,-169,151,-12,21,83,30,276,447,-26,22,-8,25,-348,-93,273,274,-34,-295,-9,27,309,152,186,112,24,-22,-13,45,14,30,8,34,24,-22,-16,24,17,30,14,37
48.2000,-401,-300,-10,20,45,30,-43,-39,230,122,-14,18,16,15,20,104,200,-139,-12,25,-74,-46,-415,-466,-15,282,-14,21,63,29,303,470,-34,38,-12,18,-429,-169,113,230,-40,-272,-11,22,301,176,330,191,26,-23,-13,37,13,27,12,36,22,-20,-13,19,13,29,10,38
48.2200,-448,-282,-12,24,57,34,-10,32,282,129,-13,23,17,12,17,91,152,-212,-13,25,-4,-37,-423,-438,119,391,-12,18,21,31,298,459,-42,45,-12,22,-480,-221,-41,181,-46,-235,-14,25,274,187,443,258,24,-19,-10,42,12,30,11,37,20,-29,-11,20,14,24,8,35
48.2400,-454,-233,-8,21,65,31,36,110,317,124,-8,20,10,11,14,64,103,-265,-12,26,78,-19,-398,-378,239,465,-10,21,-23,28,266,419,-51,51,-9,23,-485,-273,-173,120,-50,-190,-10,22,216,180,529,303,19,-23,-12,39,11,26,12,38,16,-28,-14,24,16,24,7,33
48.2600,-420,-170,-10,24,68,34,85,186,335,100,-10,17,11,10,8,26,56,-296,-12,24,155,10,-330,-276,331,501,-10,23,-76,23,198,335,-61,49,-14,21,-450,-300,-276,75,-44,-150,-11,22,137,159,556,325,24,-25,-13,41,16,25,11,36,22,-26,-13,24,14,26,15,36
48.2800,-350,-84,-11,23,77,35,136,251,325,69,-16,21,11,9,-2,-22,13,-308,-13,26,225,60,-229,-159,389,488,-11,24,-128,10,112,212,-60,47,-8,24,-374,-301,-352,31,-39,-107,-10,24,39,120,550,325,23,-25,-12,41,13,26,11,34,20,-23,-10,18,9,30,7,36
48.3000,-253,13,-14,19,80,34,184,308,291,20,-9,23,13,10,-14,-72,-20,-309,-13,25,287,106,-91,-26,423,439,-14,24,-171,4,6,71,-58,48,-8,23,-275,-277,-399,-5,-37,-62,-11,21,-66,70,490,324,19,-27,-11,39,15,27,12,39,20,-23,-10,17,12,26,8,35
48.3200,-145,113,-12,21,63,30,221,345,226,-39,-12,18,17,11,-32,-114,-40,-289,-15,23,326,153,63,92,431,350,-12,24,-204,-13,-105,-89,-51,44,-11,26,-163,-226,-412,-26,-43,-28,-10,22,-170,7,399,303,19,-20,-14,39,14,31,12,34,22,-26,-13,24,12,28,10,36
48.3400,-29,205,-14,21,45,31,240,361,141,-98,-13,20,17,15,-45,-144,-55,-260,-13,25,350,192,226,195,413,243,-14,22,-215,-29,-215,-250,-40,46,-14,26,-41,-145,-409,-46,-43,-3,-9,22,-262,-51,279,277,23,-22,-10,44,12,27,18,38,24,-22,-16,24,18,25,14,34
48.3600,78,283,-10,23,20,31,241,349,32,-161,-8,23,17,16,-61,-165,-52,-227,-12,24,337,222,379,279,381,118,-11,21,-207,-42,-313,-388,-32,59,-11,24,78,-44,-383,-49,-45,20,-7,21,-330,-122,145,239,22,-20,-18,40,11,27,11,36,24,-25,-10,19,13,28,11,36
48.3800,174,330,-15,21,-17,30,217,314,-80,-217,-12,18,25,19,-72,-168,-51,-190,-6,18,308,232,500,327,331,-5,-9,22,-175,-55,-397,-493,-17,60,-12,25,173,68,-343,-45,-63,35,-11,24,-378,-176,22,195,21,-25,-8,41,13,29,10,34,21,-22,-10,23,7,27,8,38
48.4000,248,353,-10,18,-52,25,168,245,-196,-256,-9,17,23,21,-75,-147,-47,-146,-9,23,246,225,582,354,278,-119,-10,22,-123,-61,-454,-550,0,67,-12,21,252,195,-285,-38,-63,42,-10,19,-390,-221,-101,151,23,-22,-9,40,11,29,16,36,22,-18,-8,19,13,24,10,36
48.4200,295,353,-7,20,-85,14,103,162,-290,-286,-11,21,35,23,-69,-108,-41,-107,-13,24,154,195,609,359,212,-218,-7,18,-51,-52,-489,-551,21,72,-9,18,311,309,-225,-31,-65,50,-12,20,-372,-250,-191,106,24,-20,-10,43,8,27,11,40,20,-23,-10,19,17,26,12,37
48.4400,328,316,-12,17,-118,4,26,56,-365,-295,-7,17,46,24,-51,-52,-38,-66,-6,19,42,147,580,344,150,-290,-5,19,34,-39,-480,-496,37,70,-9,22,340,401,-152,-24,-63,55,-11,20,-319,-258,-270,68,21,-22,-8,41,12,23,12,39,24,-26,-8,21,12,24,13,37
48.4600,338,256,-8,14,-134,-5,-55,-59,-409,-281,-13,15,55,24,-22,19,-39,-36,-11,22,-76,79,505,313,82,-341,-8,21,114,-8,-428,-402,56,70,-10,17,350,471,-82,-24,-62,60,-9,21,-247,-239,-323,31,22,-24,-12,39,13,27,9,39,22,-25,-10,21,14,26,8,40
48.4800,331,181,-7,15,-144,-14,-146,-176,-421,-245,-11,16,68,23,27,93,-42,-11,-10,21,-193,8,389,285,18,-363,-6,19,199,38,-340,-273,74,58,-5,19,343,497,-16,-30,-50,66,-11,22,-163,-206,-355,5,21,-20,-12,37,14,24,11,38,20,-23,-10,20,14,26,10,35
48.5000,310,95,-10,19,-137,-28,-221,-276,-392,-184,-6,19,77,28,83,171,-48,10,-13,22,-296,-73,246,251,-24,-377,-12,19,275,90,-216,-131,80,45,-7,20,324,479,44,-35,-36,71,-6,19,-69,-147,-363,-19,25,-23,-8,38,14,27,12,34,22,-23,-8,17,13,26,8,36
48.5200,270,6,-10,22,-114,-35,-286,-357,-336,-106,-12,23,81,29,133,241,-55,23,-10,17,-378,-146,102,208,-58,-363,-8,23,339,145,-56,17,84,32,-10,19,286,438,88,-46,-19,75,-8,18,21,-63,-355,-29,28,-24,-6,40,14,26,13,35,19,-24,-8,20,16,26,11,33
48.5400,237,-79,-8,22,-75,-37,-332,-398,-250,-13,-11,19,84,27,185,301,-65,29,-12,21,-426,-214,-42,162,-80,-337,-7,23,374,196,121,151,85,14,-10,25,244,358,119,-55,1,85,-13,19,98,29,-330,-32,22,-21,-11,45,15,29,14,40,20,-21,-5,21,16,25,12,37
48.5600,188,-153,-8,22,-24,-27,-354,-412,-152,81,-11,21,70,24,224,343,-71,36,-11,19,-434,-268,-159,118,-93,-297,-12,23,387,243,297,252,73,-5,-12,19,191,258,134,-60,22,90,-13,19,170,130,-289,-37,21,-19,-7,41,13,30,6,36,18,-22,-8,21,13,26,10,31
48.5800,137,-211,-10,20,37,-24,-344,-378,-42,177,-7,22,57,21,248,366,-79,36,-11,18,-405,-303,-250,84,-91,-252,-9,25,369,270,453,330,64,-29,-7,23,138,141,140,-63,38,93,-11,24,223,236,-240,-35,22,-24,-11,41,13,28,9,35,21,-25,-10,19,14,31,11,30
48.6000,89,-246,-12,22,104,-3,-313,-311,59,255,-10,21,34,16,257,361,-76,42,-10,21,-340,-313,-315,48,-85,-197,-4,20,324,272,572,384,54,-47,-12,22,94,27,135,-63,60,89,-11,20,266,322,-184,-33,18,-23,-15,41,13,27,11,31,22,-21,-11,19,15,31,9,33
48.6200,49,-274,-16,22,161,34,-251,-222,145,318,-9,23,-4,9,235,327,-72,44,-10,21,-256,-299,-360,16,-82,-143,-6,19,246,250,637,404,35,-70,-10,23,43,-72,127,-50,77,82,-16,20,292,381,-120,-44,21,-25,-10,41,15,29,16,34,21,-19,-9,19,14,28,8,35
48.6400,11,-284,-11,24,216,72,-156,-121,216,356,-9,23,-40,1,187,274,-58,50,-10,22,-152,-253,-366,2,-76,-82,-9,19,141,205,647,401,23,-88,-10,24,7,-154,112,-49,91,74,-10,22,294,421,-62,-50,16,-22,-12,42,15,29,10,37,17,-21,-7,16,10,26,14,30
48.6600,-19,-283,-10,18,259,110,-36,-10,275,360,-7,23,-86,-8,128,190,-49,57,-9,24,-41,-184,-354,-4,-63,-33,-9,21,14,146,596,385,7,-98,-8,18,-28,-226,103,-32,100,59,-10,22,284,433,-2,-59,21,-21,-10,38,8,30,12,36,15,-20,-12,18,14,26,11,31
48.6800,-36,-264,-10,22,284,158,87,88,312,335,-10,18,-132,-18,50,93,-38,67,-13,20,57,-86,-334,-6,-70,8,-7,20,-116,64,499,359,-5,-102,-10,21,-45,-268,105,-10,103,42,-12,20,265,401,43,-66,21,-23,-6,42,16,30,13,33,18,-22,-11,20,6,22,13,34
48.7000,-46,-240,-9,22,291,189,222,174,323,278,-9,21,-157,-30,-43,-26,-18,73,-7,23,148,27,-290,-3,-70,37,-10,25,-246,-16,362,316,-10,-103,-10,19,-58,-288,104,5,104,19,-12,24,234,345,80,-76,23,-22,-10,40,9,27,14,35,13,-22,-4,20,14,28,8,28
48.7200,-47,-210,-7,20,280,217,342,245,328,208,-11,23,-179,-43,-126,-148,1,83,-11,23,220,148,-244,-1,-69,61,-10,20,-357,-107,207,262,-11,-101,-12,20,-67,-300,113,26,97,-8,-7,20,199,268,102,-80,22,-21,-14,40,14,30,14,35,18,-17,-14,19,10,32,10,36
48.7400,-55,-174,-8,21,244,228,433,287,319,120,-7,23,-177,-53,-210,-261,19,81,-11,25,267,266,-189,6,-78,76,-7,23,-432,-191,48,210,-6,-89,-7,22,-65,-290,109,45,81,-31,-4,20,160,180,119,-79,27,-24,-11,44,15,33,15,34,24,-23,-9,24,12,28,11,32
48.7600,-53,-138,-12,18,185,219,493,318,288,33,-8,20,-165,-67,-281,-350,41,85,-9,24,295,369,-125,5,-81,81,-7,22,-478,-268,-96,150,-3,-68,-13,26,-65,-266,114,68,67,-60,-11,25,116,81,124,-76,20,-21,-9,46,11,29,19,31,21,-23,-7,23,15,32,18,33
48.7800,-52,-102,-7,24,113,199,511,318,256,-57,-6,22,-134,-72,-343,-405,56,76,-9,24,297,445,-67,2,-76,84,-9,21,-481,-326,-221,90,3,-49,-7,24,-65,-237,119,88,47,-84,-14,25,81,-15,130,-69,18,-20,-12,38,12,26,18,36,20,-21,-11,20,15,29,16,34
48.8000,-52,-68,-10,24,30,148,492,314,213,-133,-9,26,-81,-62,-375,-425,71,65,-11,23,299,482,-16,-9,-69,82,-10,19,-444,-357,-318,32,10,-32,-11,21,-70,-195,109,100,26,-106,-9,21,42,-97,123,-52,24,-22,-9,43,14,28,10,34,20,-21,-11,22,7,32,14,32
48.8200,-57,-42,-10,24,-62,93,429,291,165,-203,-6,26,-18,-49,-382,-407,82,58,-6,23,276,490,35,-26,-61,81,-8,17,-365,-365,-385,-8,25,-16,-11,23,-70,-149,103,108,10,-113,-7,23,12,-160,121,-40,22,-21,-11,44,14,28,14,33,18,-22,-10,20,13,30,14,31
48.8400,-63,-17,-9,19,-152,28,332,260,114,-254,-11,24,51,-24,-352,-348,84,35,-9,22,242,446,74,-37,-52,83,-7,25,-269,-341,-420,-39,37,3,-8,20,-77,-93,87,113,-2,-130,-9,21,-7,-218,119,-15,24,-21,-11,42,8,30,6,33,17,-24,-7,19,8,27,11,32
48.8600,-73,-3,-7,19,-231,-44,225,225,65,-289,-5,24,123,15,-294,-263,85,17,-10,24,208,374,104,-53,-37,89,-14,19,-151,-285,-439,-62,45,8,-5,23,-90,-49,74,110,-10,-120,-11,17,-25,-253,127,5,17,-24,-11,43,15,30,13,32,22,-22,-13,22,13,28,14,30
48.8800,-80,17,-9,20,-292,-112,102,183,21,-304,-12,23,191,61,-204,-158,77,-7,-6,25,166,276,114,-63,-10,90,-9,21,-37,-195,-427,-71,52,17,-12,21,-90,3,55,95,-14,-109,-12,25,-42,-266,131,31,22,-21,-13,45,12,31,14,34,17,-21,-14,21,9,28,15,37
48.9000,-81,26,-7,21,-329,-177,-15,145,-19,-303,-11,22,252,120,-90,-45,62,-27,-12,25,121,169,112,-67,11,94,-7,27,76,-84,-401,-64,54,17,-7,20,-96,46,25,85,-15,-98,-7,26,-53,-272,134,57,17,-18,-16,42,12,28,10,36,16,-21,-10,22,11,27,13,34
48.9200,-84,38,-12,21,-338,-234,-119,105,-43,-293,-4,20,292,172,42,64,48,-56,-10,25,82,50,108,-62,31,93,-11,23,174,48,-358,-57,56,19,-10,20,-96,80,5,68,-13,-81,-8,21,-58,-259,136,85,20,-22,-14,41,12,30,15,33,19,-21,-11,22,12,31,12,33
48.9400,-82,50,-7,22,-322,-262,-201,69,-66,-269,-14,20,323,216,179,164,31,-79,-11,23,47,-52,98,-59,54,99,-12,23,254,188,-300,-44,53,8,-7,24,-92,110,-18,49,-4,-55,-8,26,-69,-241,133,103,21,-17,-9,41,4,32,14,36,15,-20,-3,18,7,31,14,32
48.9600,-76,50,-11,20,-276,-283,-264,36,-77,-234,-14,24,327,248,308,239,17,-93,-10,20,12,-142,83,-46,72,94,-11,24,308,321,-235,-38,45,5,-9,23,-81,131,-41,30,1,-35,-8,18,-76,-198,127,126,18,-18,-12,39,11,28,10,37,22,-16,-10,20,10,29,8,34
48.9800,-59,57,-8,22,-214,-274,-304,11,-82,-197,-8,24,311,264,418,294,4,-103,-10,26,-8,-208,81,-26,87,88,-3,24,340,432,-152,-41,40,-3,-7,23,-75,140,-59,18,14,-12,-9,21,-87,-164,121,129,21,-21,-6,39,12,27,16,39,21,-22,-9,18,11,28,12,32
49.0000,-53,70,-7,17,-135,-247,-325,-4,-84,-158,-10,21,263,253,500,328,-10,-112,-8,19,-25,-256,83,-8,108,71,-8,22,356,514,-75,-39,37,-13,-5,22,-60,145,-82,9,22,6,-8,25,-96,-119,105,134,23,-23,-9,45,11,27,9,33,20,-27,-7,18,10,26,7,37
49.0200,-33,81,-5,21,-49,-188,-328,-13,-81,-114,-7,24,202,231,536,346,-14,-114,-6,26,-34,-281,97,20,111,53,-7,26,352,550,-11,-47,29,-27,-11,22,-36,139,-90,3,30,16,-7,22,-103,-71,83,126,20,-22,-8,46,13,30,12,35,20,-19,-6,18,15,25,7,33
49.0400,-9,85,-6,26,35,-108,-311,-14,-79,-74,-7,24,110,176,522,345,-13,-106,-7,25,-39,-287,103,46,114,27,-7,27,326,547,53,-60,30,-32,-10,26,-14,142,-94,3,34,27,-9,22,-114,-31,57,110,22,-19,-7,42,13,28,9,35,18,-23,-3,24,10,27,13,32
49.0600,10,94,-10,25,107,-6,-283,-13,-77,-38,-11,23,5,111,475,328,-12,-90,-7,21,-39,-279,114,69,108,2,-9,22,292,492,97,-77,27,-36,-8,23,5,136,-92,9,35,37,-5,20,-116,16,32,89,16,-26,-8,45,12,31,10,35,23,-21,-7,24,8,32,10,35
49.0800,37,98,-8,19,170,98,-239,-19,-80,-3,-7,26,-100,27,387,299,-8,-70,-8,22,-41,-253,130,95,99,-20,-9,21,249,411,126,-85,28,-32,-5,26,28,131,-80,15,36,34,-6,23,-116,55,2,71,15,-19,-10,44,12,31,11,34,21,-21,-12,21,9,26,13,34
49.1000,59,91,-6,19,219,198,-189,-23,-79,26,-7,27,-212,-60,275,259,2,-46,-5,25,-37,-218,139,116,79,-47,-6,24,193,294,140,-93,35,-34,-8,22,50,135,-61,23,38,28,-12,21,-110,77,-29,48,19,-20,-8,36,8,32,10,36,19,-25,-12,20,9,28,11,29
49.1200,78,91,-6,21,250,301,-134,-21,-78,45,-6,22,-301,-146,149,218,10,-26,-11,23,-43,-179,143,132,54,-74,-9,24,141,168,138,-89,44,-35,-7,27,73,132,-37,27,33,20,-10,23,-103,103,-48,25,16,-19,-7,45,7,28,12,37,23,-22,-9,21,7,32,14,36
49.1400,85,77,-7,24,270,377,-77,-26,-80,55,-7,22,-369,-222,23,166,23,-8,-10,29,-56,-136,133,140,36,-96,-4,21,87,39,129,-80,46,-25,-6,23,92,134,-15,41,31,12,-9,25,-88,117,-80,12,21,-18,-7,45,9,30,8,33,18,-21,-10,24,10,25,10,34
49.1600,100,63,-9,23,277,434,-27,-41,-72,66,-7,21,-408,-296,-97,120,27,0,-12,28,-72,-80,118,139,13,-117,-10,21,33,-75,112,-66,45,-25,-8,26,102,131,10,45,30,-1,-7,21,-69,124,-100,1,18,-18,-9,42,12,27,14,36,25,-23,-7,22,8,29,7,32
49.1800,105,39,-6,21,260,451,24,-56,-63,68,-8,24,-405,-343,-201,74,33,12,-2,23,-83,-39,100,133,-6,-127,-9,23,-11,-175,105,-43,50,-26,-8,24,107,119,31,47,28,-6,-4,21,-47,131,-107,-5,18,-21,-7,50,12,25,12,37,19,-24,-5,25,11,29,8,32
49.2000,104,16,-4,19,241,436,59,-71,-50,82,-8,21,-376,-370,-275,29,34,19,-5,23,-92,7,78,124,-16,-134,-5,26,-43,-254,99,-17,38,-29,-3,25,105,109,52,49,26,-11,-5,20,-22,136,-114,-8,17,-19,-8,38,10,25,12,32,18,-20,-14,19,10,28,11,32
49.2200,93,-6,-6,23,213,389,83,-80,-38,83,-9,24,-316,-363,-326,-1,31,17,-11,21,-107,43,50,100,-23,-130,-9,27,-62,-304,91,11,33,-29,-11,23,91,97,57,48,37,-14,-7,25,4,139,-107,-3,15,-22,-6,41,11,29,13,35,18,-18,-6,22,12,24,11,35
49.2400,77,-31,-5,24,182,308,102,-89,-21,89,-8,22,-233,-333,-357,-27,24,11,-3,25,-109,71,21,79,-28,-116,-9,28,-76,-335,97,40,17,-38,-4,23,88,77,62,47,44,-14,-11,23,35,142,-96,3,18,-23,-7,46,9,26,13,35,16,-22,-12,16,10,27,9,35
49.2600,66,-59,-7,19,140,211,109,-89,-2,89,-9,23,-127,-268,-363,-43,23,1,-9,22,-110,92,-8,59,-18,-98,-10,21,-83,-345,102,67,6,-50,-8,23,63,58,60,41,57,-14,-1,20,61,146,-77,9,14,-23,-4,44,8,26,12,32,23,-22,-7,22,10,29,13,31
49.2800,48,-78,-4,20,104,114,108,-83,19,92,-10,25,-30,-175,-351,-48,13,-4,-6,20,-107,103,-36,37,-14,-76,-7,22,-80,-330,112,95,-16,-57,-6,24,37,32,53,32,61,-12,-7,25,87,148,-43,17,20,-20,-8,43,11,26,15,34,17,-23,-11,24,10,33,10,35
49.3000,27,-102,-3,21,71,11,104,-69,37,94,-9,23,71,-50,-322,-46,10,-15,-6,20,-95,103,-62,20,-6,-47,-4,22,-71,-302,119,122,-27,-71,-5,22,20,15,41,22,75,-7,-9,23,99,149,-23,22,19,-23,-9,43,15,29,13,32,14,-20,-11,23,9,25,14,30
49.3200,15,-111,-8,18,35,-78,97,-49,59,90,-7,21,159,77,-277,-44,1,-22,-2,28,-82,108,-84,14,6,-19,-10,23,-74,-260,122,134,-41,-75,-5,25,0,-6,28,23,80,-7,-9,21,114,148,10,30,16,-24,-12,42,11,28,11,35,18,-22,-5,22,7,26,9,30
49.3400,2,-121,-7,23,9,-157,93,-27,79,80,-6,29,229,209,-221,-40,0,-25,-6,22,-54,104,-96,14,22,-3,-8,22,-74,-209,113,146,-46,-75,-11,24,-7,-30,19,15,79,-15,-8,23,117,139,35,36,19,-21,-9,42,7,31,9,33,23,-17,-4,21,11,26,9,32
49.3600,-2,-120,-13,18,-9,-215,99,-1,91,71,-6,24,282,328,-159,-39,-1,-29,-4,23,-26,101,-105,22,33,21,-7,23,-78,-143,102,148,-50,-72,-7,19,-19,-44,4,21,70,-17,-4,25,113,130,53,33,15,-20,-6,43,10,27,12,30,19,-23,-5,26,10,25,9,32
49.3800,-16,-116,-4,23,-23,-251,106,23,94,56,-6,25,308,431,-95,-46,10,-29,-6,25,-7,97,-102,31,37,32,-9,20,-86,-87,79,144,-49,-66,-4,23,-17,-57,-4,26,59,-29,-6,23,103,113,64,33,21,-18,-10,41,10,27,9,31,22,-22,-7,25,7,27,9,36
49.4000,-14,-103,-5,24,-27,-275,112,59,100,41,-9,25,323,497,-31,-45,21,-24,-8,22,28,108,-89,41,44,41,-6,22,-88,-21,56,120,-42,-51,-6,26,-25,-63,-7,34,48,-38,-6,22,81,93,68,25,19,-21,-6,40,9,26,10,31,16,-21,-8,23,11,30,14,32
49.4200,-8,-86,-13,24,-37,-271,122,87,101,18,-7,24,314,525,18,-60,32,-13,-5,26,55,116,-66,52,42,38,-6,26,-101,31,28,99,-32,-36,-5,26,-22,-63,-17,48,25,-57,-6,24,63,69,68,18,20,-23,-5,43,12,29,13,31,18,-25,-7,22,10,27,8,36
49.4400,-9,-59,-7,20,-38,-255,134,105,94,-8,-8,28,294,505,66,-69,44,-6,-6,22,72,128,-42,57,41,35,-5,24,-110,81,1,71,-28,-15,-8,22,-10,-58,-10,63,15,-69,-3,20,49,41,71,12,22,-21,-9,42,9,27,13,28,16,-19,-10,24,9,28,7,35
49.4600,2,-38,-8,22,-41,-228,133,124,81,-25,-4,24,255,448,99,-80,54,2,-4,21,96,133,-7,65,37,26,-8,25,-106,112,-29,36,-9,-4,-8,21,-4,-47,-10,70,-1,-84,-6,23,24,21,56,5,22,-23,-11,42,11,29,11,32,20,-21,-4,20,6,30,8,36
49.4800,5,-20,-8,23,-46,-192,128,134,63,-53,-8,22,214,362,118,-79,58,4,-4,20,110,138,10,71,25,16,1,24,-107,131,-58,18,-3,13,-3,20,-1,-30,-1,75,-22,-96,-6,28,3,-11,42,3,20,-21,-5,42,15,29,9,33,16,-23,-3,20,9,25,13,33
49.5000,13,-4,-7,21,-51,-145,123,140,41,-77,-10,27,161,253,124,-71,55,5,-8,23,114,143,34,67,24,3,-6,27,-89,143,-85,-3,9,21,-1,25,7,-13,4,75,-24,-99,-9,20,-9,-33,33,10,17,-25,-9,43,9,26,5,32,19,-19,-7,21,6,28,10,35
49.5200,14,7,-4,22,-62,-95,109,136,30,-94,-8,26,110,126,122,-64,51,0,-4,25,108,129,55,62,20,-12,-7,29,-78,137,-114,-13,20,34,-1,22,12,9,14,69,-29,-100,-10,25,-26,-50,22,11,21,-19,-10,37,10,29,11,35,20,-15,-6,18,11,27,10,32
49.5400,17,18,-4,19,-72,-43,92,120,12,-108,-3,23,59,7,118,-49,41,-12,-6,25,98,124,67,52,15,-17,-3,27,-61,134,-126,-19,25,33,-10,23,15,30,14,59,-31,-94,-12,23,-31,-67,14,23,18,-23,-7,43,7,30,12,32,20,-22,-9,20,11,29,11,36
49.5600,20,20,-4,27,-77,5,64,100,-2,-114,-8,25,16,-102,103,-33,25,-25,-6,22,83,102,67,41,15,-22,-3,25,-32,123,-133,-17,35,33,-7,27,8,49,12,48,-34,-81,-9,26,-32,-80,6,42,17,-24,-8,39,12,29,11,32,23,-18,-7,18,15,29,11,30
49.5800,20,20,-8,25,-84,42,41,76,-12,-116,-5,28,-23,-192,97,-8,14,-41,-6,23,58,82,67,28,26,-24,-5,24,-7,118,-135,-8,42,30,-5,25,10,54,4,28,-29,-65,-7,26,-26,-78,4,57,16,-23,-7,41,11,27,7,33,18,-24,-5,23,6,30,10,32
49.6000,13,15,-3,27,-92,79,9,55,-19,-109,-5,20,-49,-273,96,16,-1,-62,-9,23,35,55,49,12,32,-23,-7,22,24,113,-120,3,43,24,-4,25,2,68,3,17,-19,-48,-8,21,-30,-71,5,78,23,-24,-9,47,12,29,13,34,26,-23,-5,29,12,27,10,32
49.6200,12,11,-7,24,-94,97,-24,30,-17,-99,-4,25,-67,-312,91,42,-8,-79,-1,21,12,28,34,1,46,-18,-5,23,53,114,-105,17,39,16,-7,25,3,69,-15,6,-15,-32,-5,26,-21,-57,12,95,18,-20,-12,47,14,30,9,36,15,-21,-8,24,10,28,13,28
49.6400,6,4,-7,20,-83,113,-51,18,-15,-86,-10,26,-75,-336,96,66,-15,-86,-8,25,-4,5,22,0,54,-14,-5,24,79,116,-77,33,43,14,-9,27,-3,66,-22,1,-9,-15,-6,26,-10,-40,12,105,23,-22,-5,45,11,26,9,33,14,-20,-7,25,11,33,8,33
49.6600,7,-1,-4,20,-72,116,-76,11,-7,-70,-1,25,-75,-337,103,91,-24,-96,-9,27,-21,-20,8,1,60,-7,-4,27,105,124,-47,41,42,12,-7,23,-2,59,-36,-3,0,3,-8,25,-11,-20,21,104,18,-23,-4,45,9,26,13,31,20,-21,-6,22,8,30,12,30
49.6800,8,-7,-4,28,-56,116,-87,2,-5,-42,-9,25,-65,-316,107,111,-19,-91,-11,22,-20,-41,-3,10,68,-1,-5,21,111,127,-10,53,42,0,-6,27,-4,54,-37,-6,5,20,-6,23,-4,5,23,101,21,-21,-8,45,6,25,10,31,21,-27,-5,22,6,29,14,37
49.7000,5,-9,-6,23,-39,109,-99,-1,7,-22,-7,26,-65,-274,112,126,-25,-84,-4,24,-23,-59,-11,23,64,1,-4,28,123,132,17,53,47,-10,-1,24,0,46,-37,-5,11,29,-4,20,-6,24,31,94,19,-20,-11,46,8,27,14,35,17,-21,-3,23,13,28,8,35
49.7200,12,-10,-6,28,-10,101,-101,3,16,-3,-5,23,-61,-223,109,132,-25,-77,-12,25,-22,-69,-6,42,55,-8,-1,28,118,131,43,53,43,-16,-5,26,5,36,-34,0,17,35,-2,23,-6,44,25,78,16,-25,-5,44,8,30,13,35,19,-25,-6,23,11,26,12,34
49.7400,25,-5,2,24,13,96,-87,17,27,9,-5,25,-55,-165,101,125,-18,-58,-3,22,-11,-72,-8,64,42,-14,-1,24,118,122,57,48,42,-15,-3,27,15,26,-18,7,20,37,-6,26,-10,62,12,59,21,-20,-5,39,9,29,7,36,16,-20,-11,26,9,28,8,32
49.7600,37,-3,-5,26,41,98,-81,25,32,19,-5,23,-57,-101,89,118,-17,-40,-7,23,0,-63,4,82,23,-29,-6,27,90,106,59,40,42,-23,-2,21,24,22,-2,10,25,40,-8,26,-8,66,-1,43,17,-20,-6,47,5,26,10,32,16,-22,-4,20,10,35,14,24
49.7800,46,-2,-8,31,62,103,-59,32,32,24,-4,22,-64,-39,70,102,-8,-29,-5,25,9,-54,14,99,9,-44,-2,21,70,83,57,23,44,-28,-6,28,36,12,13,14,29,36,-5,23,-16,74,-18,27,18,-19,-4,46,8,29,12,29,18,-25,0,19,8,29,10,33
49.8000,52,5,-10,21,86,106,-32,38,28,23,-6,24,-78,16,49,85,-1,-11,-11,24,12,-39,29,105,-8,-61,-5,28,47,62,44,11,35,-31,-5,26,44,17,33,15,34,36,0,28,-17,76,-34,13,20,-25,-8,42,9,28,7,31,16,-17,-2,23,11,28,13,35
49.8200,59,3,-7,22,99,116,-1,40,30,19,-8,25,-76,62,19,65,-3,-4,-3,25,19,-18,40,108,-21,-77,-7,25,20,44,32,0,36,-41,-3,28,50,15,49,19,39,28,-3,26,-23,68,-52,7,19,-22,-9,43,11,30,11,37,16,-21,-2,25,12,24,15,33
49.8400,58,4,-2,24,110,119,17,42,23,16,-9,24,-79,96,-5,38,-3,12,-5,25,20,3,51,99,-28,-86,-4,24,-1,8,16,-10,28,-43,-5,24,50,15,53,21,43,25,-3,25,-18,57,-67,0,23,-22,-12,45,3,23,7,34,19,-20,-4,25,8,28,11,32
49.8600,55,-2,-3,23,112,124,41,43,25,7,-3,25,-81,113,-31,21,3,13,-7,30,17,30,52,94,-31,-87,-4,28,-19,-11,7,-11,24,-42,-3,24,47,22,61,27,48,16,-2,24,-7,57,-63,-5,16,-22,-5,45,6,30,7,30,15,-23,-7,19,6,31,15,33
49.8800,45,-11,-4,21,101,120,52,37,17,-2,-8,27,-78,122,-56,5,3,16,0,30,16,44,51,84,-28,-88,-8,29,-31,-37,-12,-5,16,-41,-6,24,36,21,58,29,51,9,-3,25,7,46,-64,-7,16,-23,-7,46,9,28,11,33,19,-23,-4,20,6,25,11,34
49.9000,35,-21,-7,24,91,112,59,29,13,-8,-10,24,-70,118,-73,-3,2,19,-4,26,2,57,39,63,-26,-76,-8,25,-33,-53,-25,6,14,-48,-6,24,24,29,55,27,55,5,-4,25,18,42,-54,-7,20,-19,-9,44,7,28,11,31,20,-20,3,22,6,24,11,31
49.9200,28,-37,-9,27,72,102,55,20,11,-10,-5,27,-54,106,-85,-6,9,14,-4,24,-3,65,24,46,-19,-65,-5,27,-35,-73,-24,29,10,-53,-6,25,14,28,49,24,52,-4,-6,27,34,35,-41,-7,20,-23,-7,47,11,27,10,33,20,-22,-6,21,11,33,10,35
49.9400,12,-56,-5,21,50,86,56,10,15,-16,-8,23,-35,97,-95,-5,12,16,-3,25,-14,69,4,35,-10,-48,-1,25,-28,-77,-26,43,10,-51,-1,22,4,33,40,31,51,-13,-6,29,48,37,-23,-10,19,-20,-5,43,9,30,13,32,17,-26,-3,26,11,33,11,36
49.9600,1,-66,-4,23,32,64,42,5,22,-13,-4,24,-13,83,-96,2,15,17,-5,22,-22,57,-18,26,1,-31,-7,22,-16,-73,-25,72,15,-47,-5,24,-12,24,30,38,51,-18,0,23,57,31,0,-9,19,-23,-7,41,7,28,8,36,17,-20,0,24,8,29,11,34
49.9800,-5,-76,-7,27,7,43,37,0,27,-15,-3,26,8,75,-87,8,25,17,-2,26,-29,51,-38,25,7,-20,-3,24,-6,-73,-15,83,16,-45,-4,24,-14,19,23,44,37,-30,-3,26,71,31,14,-3,17,-22,-7,43,8,33,8,31,21,-23,-4,22,9,31,11,33
50.0000,-9,-82,-6,26,1,21,27,0,34,-13,1,27,33,70,-76,23,33,10,-6,22,-33,41,-48,24,13,-2,0,22,-1,-53,-6,93,16,-33,-5,25,-19,13,17,49,28,-32,-3,23,75,38,25,-4,16,-21,-6,44,7,28,10,28,18,-21,-8,24,5,31,12,35
50.0200,-10,-87,-4,30,-11,-4,18,3,45,-11,-7,24,51,69,-60,29,34,10,-2,27,-25,34,-50,25,17,12,-5,25,15,-35,1,93,26,-26,-2,22,-20,5,19,59,28,-46,-8,21,71,40,38,-1,18,-22,-11,45,9,31,8,34,15,-20,0,23,8,28,9,39
50.0400,-12,-85,-6,24,-16,-28,8,17,53,-7,-7,25,74,80,-29,43,39,9,-8,23,-13,19,-44,30,16,20,-4,25,13,-7,13,86,25,-21,-4,29,-17,-3,11,63,20,-49,-2,26,66,40,48,-1,17,-18,-9,43,10,26,10,32,17,-25,-4,19,11,27,12,30
50.0600,-5,-77,-7,25,-14,-37,12,27,51,-2,-5,25,86,89,-5,46,47,5,-3,23,2,11,-40,27,17,21,-5,27,14,10,21,73,32,-17,-4,26,-18,-9,9,66,19,-53,-4,22,64,43,51,7,21,-19,-3,47,8,32,10,30,12,-25,1,22,5,30,13,33
50.0800,1,-62,-1,25,-10,-49,12,46,52,-8,-9,25,92,101,14,46,45,-1,-6,27,21,12,-25,32,18,27,-4,21,18,32,23,61,26,-10,0,25,-11,-7,14,62,16,-56,-1,21,49,41,48,10,16,-18,-6,44,7,28,6,32,17,-20,-2,23,8,22,11,31
50.1000,2,-52,-5,27,-1,-55,12,62,40,-12,-3,30,92,103,31,48,43,-6,-5,22,36,14,-2,31,17,21,-6,24,7,51,19,36,26,-16,-5,28,-9,-2,12,67,11,-58,-4,26,38,38,49,18,21,-24,-9,49,4,31,14,29,16,-20,-4,23,7,29,12,32
50.1200,1,-34,-1,26,1,-49,17,76,35,-16,-5,25,91,105,44,38,35,-14,-3,26,50,16,16,28,11,15,-5,28,0,60,1,17,23,-12,-6,28,-10,5,13,61,18,-51,-4,26,22,30,46,25,18,-18,-5,42,5,28,8,29,19,-23,-3,24,10,26,8,35
50.1400,3,-22,-1,23,9,-39,23,87,27,-35,-5,22,80,103,45,34,40,-19,-2,24,61,22,34,21,17,14,-7,25,-5,70,-11,5,16,-15,-5,28,-5,16,14,51,23,-42,-9,26,8,21,44,30,20,-23,-4,44,7,30,11,31,18,-23,-6,23,6,25,5,35
50.1600,5,-20,0,26,10,-26,30,92,15,-38,-2,24,63,92,48,24,32,-26,-7,21,64,25,43,24,15,8,-7,27,-14,69,-35,-2,1,-21,-7,30,-5,28,13,45,24,-36,-4,25,-6,12,39,46,19,-17,-8,40,6,33,11,33,21,-21,-3,24,8,29,9,31
50.1800,3,-5,-9,25,6,-9,35,89,2,-55,-4,25,48,76,44,15,22,-38,-3,27,62,37,45,14,17,8,-3,22,-17,67,-52,-6,-9,-26,-5,28,-6,42,6,43,33,-27,-7,27,-11,-4,41,52,22,-25,-10,47,7,32,8,34,23,-19,-2,27,9,27,12,36
50.2000,0,-4,-8,23,10,6,36,76,2,-65,-1,26,25,57,38,6,12,-45,-3,20,53,47,49,11,24,7,-4,29,-14,55,-66,-5,-21,-29,0,28,-10,47,3,37,36,-28,-1,27,-15,-12,37,58,23,-22,-7,46,9,28,14,29,20,-20,-7,24,4,27,12,35
50.2200,-6,0,-1,22,7,32,36,65,-3,-75,0,25,12,29,32,3,12,-53,-5,25,42,50,47,15,33,7,2,22,-15,45,-65,0,-31,-36,-3,29,-10,51,-8,29,39,-14,-2,24,-23,-21,37,68,19,-23,-4,45,7,27,8,32,14,-21,-2,22,6,28,9,34
50.2400,-2,5,-3,22,-1,39,32,57,-3,-78,-2,26,-8,16,15,5,10,-57,-3,24,27,57,33,21,39,10,-6,26,-5,34,-60,7,-41,-36,-5,27,-9,52,-16,31,38,-9,-2,29,-25,-29,36,67,17,-26,-6,45,6,30,12,33,18,-22,-4,23,4,30,9,33
50.2600,2,11,-3,23,-7,59,19,42,-7,-74,-1,28,-21,-10,4,10,8,-56,-1,26,16,50,30,21,44,6,-2,25,8,27,-48,19,-48,-39,-9,26,-12,52,-21,33,34,-8,1,35,-30,-28,35,66,15,-25,-4,48,3,30,12,32,15,-17,0,21,6,24,6,35
50.2800,2,15,-1,25,-7,58,0,33,2,-68,-3,23,-19,-30,-2,23,10,-52,-4,23,6,47,22,28,49,5,-5,26,24,19,-25,22,-53,-36,-5,29,-8,51,-26,32,31,-8,-4,30,-31,-21,34,63,16,-23,-4,42,5,27,10,34,17,-19,-3,20,8,26,11,31
50.3000,4,13,-5,27,-14,62,-13,23,2,-61,-6,23,-22,-46,0,27,16,-53,-6,31,-6,37,16,37,51,-1,-2,23,38,12,-10,28,-44,-28,-2,21,-6,42,-24,36,25,-13,-3,27,-33,-14,28,57,18,-22,-10,45,6,29,11,34,19,-22,-6,20,4,31,10,33
50.3200,13,13,-2,28,-6,62,-27,20,2,-54,-5,23,-23,-56,-5,44,23,-44,-5,23,-10,23,18,42,47,-3,-3,20,54,12,10,27,-43,-23,-6,20,4,38,-28,37,17,-20,-3,33,-32,-3,26,49,16,-27,-6,46,5,28,7,32,21,-21,-4,24,5,28,10,32
50.3400,20,18,-2,26,-5,60,-40,20,7,-38,-5,27,-18,-61,0,63,23,-40,-4,24,-12,6,16,53,43,-4,-1,24,58,15,29,26,-31,-10,-1,23,13,30,-21,44,9,-25,-7,25,-31,9,22,43,13,-27,-8,47,11,31,9,39,23,-19,1,26,8,32,4,34
50.3600,27,20,0,23,0,52,-43,21,14,-27,1,26,-11,-59,-1,70,26,-30,-4,28,-7,-3,19,63,37,-16,-4,24,68,15,41,20,-16,-2,-2,25,15,30,-18,48,-6,-26,-2,29,-40,23,11,35,14,-22,-5,44,3,25,13,34,18,-14,-4,20,4,28,12,33
50.3800,33,23,-9,25,13,48,-42,22,10,-11,-2,25,-2,-52,1,77,27,-21,-6,25,-5,-11,23,71,32,-20,-4,25,63,20,50,18,2,11,-1,23,23,29,-9,50,-14,-35,0,23,-37,34,-1,26,15,-27,-3,43,4,31,11,33,21,-22,-3,24,7,28,9,34
50.4000,36,23,-2,22,17,40,-35,27,11,-8,-2,25,6,-39,11,82,29,-17,-1,27,0,-19,34,73,30,-32,1,24,54,29,41,13,16,19,-3,24,35,33,-2,49,-21,-35,-2,19,-36,43,-7,29,14,-22,-5,46,5,32,9,35,20,-26,-7,21,2,28,11,33
50.4200,47,18,-3,25,29,34,-23,29,12,4,-2,27,8,-20,15,73,27,-19,-1,26,2,-22,35,71,19,-38,-3,25,35,35,40,4,27,25,-2,23,41,32,7,44,-26,-34,-7,26,-29,47,-17,28,15,-23,-8,47,3,31,8,32,20,-25,0,22,6,29,10,31
50.4400,46,16,-7,25,47,33,-9,34,6,3,2,25,6,-3,14,60,23,-21,-4,23,0,-11,36,70,14,-51,-2,29,19,32,26,2,40,30,-3,22,37,38,7,37,-28,-35,-2,26,-28,51,-26,31,12,-21,-11,49,8,31,9,34,17,-21,-3,25,6,30,8,37
50.4600,45,6,-5,25,57,28,10,33,-1,8,-4,26,8,19,10,51,14,-24,-1,27,1,4,43,64,16,-52,-4,27,2,33,15,4,53,31,0,20,42,38,12,32,-30,-31,1,26,-21,56,-30,34,13,-18,-5,43,6,30,8,33,20,-22,-1,24,9,27,11,35
50.4800,43,-2,-2,25,64,29,25,23,1,5,-1,25,5,34,11,43,2,-28,-4,23,-7,13,40,60,18,-51,-1,28,-11,24,2,9,60,27,-3,20,33,45,16,18,-17,-24,1,22,-13,56,-28,35,13,-18,-2,48,2,31,8,28,16,-19,-2,24,9,26,7,32
50.5000,41,-11,-1,25,65,33,38,21,1,5,-2,26,7,46,2,26,-12,-31,-2,21,-7,29,39,55,19,-55,0,26,-22,21,-13,11,62,16,-6,24,28,44,11,9,-7,-19,4,19,-4,51,-31,44,19,-17,-6,47,3,30,9,36,20,-21,-5,25,6,27,13,31
50.5200,32,-15,-5,23,70,36,41,12,-6,9,-5,27,5,54,-10,21,-21,-33,0,27,-13,38,25,43,25,-43,-3,28,-27,12,-20,16,66,7,-3,25,24,45,11,-9,0,-11,0,18,11,53,-20,44,13,-16,-2,46,4,27,7,34,19,-23,1,26,3,29,6,29
50.5400,23,-28,-1,25,56,35,43,9,1,9,-2,26,0,55,-19,14,-35,-37,1,24,-17,42,17,44,27,-39,-4,30,-30,0,-22,27,70,-3,-3,24,14,49,8,-18,16,-5,-2,20,21,56,-14,49,16,-18,-4,44,6,26,4,29,15,-18,-4,27,11,28,13,32
50.5600,26,-38,-5,26,46,34,37,3,3,4,0,25,-5,56,-33,11,-38,-39,2,22,-18,47,13,43,30,-33,-7,31,-18,-13,-20,37,60,-18,-1,23,3,42,-4,-21,25,5,-3,23,26,55,-10,49,16,-17,-6,39,2,24,7,30,19,-22,-4,24,9,29,9,33
50.5800,15,-45,5,26,30,39,37,4,9,7,-4,29,0,43,-39,17,-41,-37,-4,21,-26,47,0,39,36,-29,-7,29,-15,-19,-9,47,58,-30,-5,24,4,38,-5,-27,37,12,-3,19,33,57,-2,43,18,-19,-4,44,7,27,7,33,22,-19,-2,28,9,27,13,31
50.6000,10,-44,1,29,18,34,31,1,18,7,1,27,8,41,-36,20,-42,-40,0,22,-24,43,-8,48,35,-26,-4,28,-5,-26,-10,52,51,-41,-7,24,1,35,-5,-23,45,18,-5,23,42,58,-1,39,18,-20,-7,47,8,28,5,27,18,-26,-2,21,3,28,12,35
50.6200,8,-52,-1,24,11,26,21,5,22,10,-3,28,15,28,-36,27,-34,-33,-6,16,-25,41,-16,51,34,-20,-2,29,3,-16,-2,59,50,-49,-5,24,-2,22,-7,-17,46,18,-2,23,38,63,7,35,19,-15,-5,47,12,31,8,26,18,-19,-5,23,8,33,6,31
50.6400,11,-50,-3,26,-6,20,15,7,31,15,-6,28,19,21,-30,31,-25,-25,-3,18,-21,30,-13,54,30,-25,0,27,7,-14,9,54,47,-57,1,20,-3,17,0,-7,62,14,-1,22,37,63,6,24,16,-23,-6,51,5,28,8,28,18,-25,2,24,7,30,4,31
50.6600,13,-51,-2,22,-7,11,11,16,37,14,-3,27,30,18,-15,30,-16,-11,-2,23,-8,27,-13,64,25,-19,-3,24,11,1,18,52,43,-55,-1,18,0,12,0,7,58,2,-8,24,32,65,7,14,16,-24,-2,46,9,32,7,28,19,-20,-3,25,3,33,6,32
50.6800,15,-46,-4,27,-11,3,11,27,41,13,-3,25,40,11,2,36,-2,3,-3,18,-2,18,-10,69,13,-27,-1,23,12,15,24,48,39,-57,-2,17,8,5,8,21,63,-1,-3,26,32,60,0,1,12,-25,-6,48,7,28,10,28,20,-22,-4,28,7,27,4,31
50.7000,19,-40,-2,29,-12,-6,7,39,40,12,-5,27,48,9,16,37,14,13,-1,21,9,26,-3,63,7,-30,-3,23,9,38,25,44,35,-59,1,18,7,2,15,36,56,-15,-8,30,19,59,8,-3,11,-29,-7,44,6,28,11,30,18,-23,-2,26,4,28,7,35
50.7200,19,-32,-5,24,-6,-15,15,45,39,5,-2,30,50,8,30,34,28,16,-6,23,24,19,2,65,-9,-31,-1,21,4,51,18,39,33,-56,-4,18,10,0,31,48,55,-25,-5,30,16,56,1,-11,8,-29,-1,43,9,29,6,33,15,-28,-5,25,9,25,7,32
50.7400,22,-26,-9,28,0,-17,17,54,39,-1,-3,28,51,6,38,33,38,21,-1,26,28,27,8,56,-19,-37,-4,23,-5,58,10,35,34,-58,1,20,12,3,45,61,51,-39,-4,27,14,53,-1,-17,10,-30,-1,44,9,24,8,35,18,-20,-2,26,5,30,9,34
50.7600,27,-27,-6,25,8,-14,31,58,33,-8,-5,30,48,9,48,25,50,22,-1,30,29,36,5,54,-34,-38,-3,21,-10,66,3,31,23,-54,-1,14,11,6,51,71,49,-39,-6,24,3,47,-9,-14,5,-32,-1,49,4,26,14,32,12,-24,-2,23,1,32,6,34
50.7800,19,-21,-7,27,12,-12,35,61,30,-15,0,29,44,16,45,12,49,20,-2,28,33,43,9,36,-38,-34,1,23,-16,64,-5,32,17,-44,4,18,11,9,61,76,42,-45,-1,27,5,33,-11,-6,10,-24,-3,49,4,28,12,38,12,-22,-5,26,4,27,12,37
50.8000,17,-18,-1,23,5,9,42,60,28,-23,-3,32,29,12,35,5,46,15,-6,30,34,52,7,31,-42,-34,-2,22,-18,56,-15,37,9,-37,3,29,8,12,65,79,39,-48,-5,28,4,28,-10,-3,8,-24,-2,47,3,28,13,36,12,-25,-8,25,7,32,9,33
50.8200,10,-22,-1,31,7,20,40,53,19,-30,0,26,14,14,28,0,47,4,-3,27,26,58,5,14,-42,-33,-2,21,-24,49,-20,41,2,-44,0,32,7,18,67,78,38,-51,-3,25,4,18,1,9,23,-24,-4,46,4,29,9,34,12,-26,-2,23,7,26,12,33
50.8400,5,-24,-5,24,4,31,43,56,17,-34,-2,30,1,10,18,-2,48,-9,-6,31,23,63,1,0,-30,-27,-1,26,-21,38,-25,47,-7,-40,3,50,3,24,57,76,39,-49,3,23,5,8,0,20,34,-19,-10,45,1,28,10,38,13,-24,0,28,3,29,10,37
50.8600,-5,-25,0,26,0,43,39,53,17,-41,-2,28,-14,10,3,-7,39,-19,-7,33,18,62,-7,-9,-20,-10,0,21,-18,25,-25,53,-18,-36,-2,63,-10,23,49,65,32,-44,-2,18,9,10,10,33,51,-15,-2,46,3,27,11,41,11,-22,-3,22,4,28,10,33
50.8800,-12,-25,1,23,-3,57,31,46,21,-42,-4,29,-20,5,-4,-1,33,-30,-5,28,16,61,-13,-18,-4,-2,-2,28,-11,14,-30,55,-29,-36,0,78,-18,24,36,64,26,-45,2,15,9,7,17,46,54,-11,-2,48,0,26,8,42,9,-18,-5,24,5,27,12,37
50.9000,-17,-28,-5,23,-12,61,23,43,14,-41,-2,27,-25,-3,-10,2,30,-35,-4,33,15,61,-12,-15,4,9,-6,29,-6,8,-28,59,-37,-31,5,92,-30,23,25,63,31,-38,2,16,12,1,31,52,74,-9,-4,47,2,23,9,33,10,-17,-2,22,0,27,12,33
50.9200,-19,-22,2,25,-14,65,16,42,25,-42,1,27,-26,-8,-15,5,32,-43,1,30,15,54,-14,-14,19,15,-2,28,6,3,-15,50,-40,-27,0,104,-32,17,10,59,20,-34,4,10,8,2,39,59,89,-6,-6,48,3,27,6,33,9,-16,0,19,4,28,9,32
50.9400,-20,-21,1,22,-21,63,5,44,24,-37,-1,22,-24,-15,-18,14,31,-47,-4,27,14,45,-12,-3,30,24,-1,28,13,5,-15,44,-44,-19,1,109,-35,16,0,56,18,-29,6,11,13,6,46,65,92,-3,-8,42,-1,26,7,29,11,-16,1,25,3,27,11,30
50.9600,-21,-21,-3,26,-25,60,-3,43,27,-35,-1,24,-14,-16,-12,27,30,-51,1,26,15,38,-7,5,36,25,-3,34,22,7,-7,42,-40,-13,-2,106,-32,16,-11,47,17,-27,4,18,4,6,48,67,95,-3,-6,43,1,27,3,28,14,-16,0,21,3,28,11,31
50.9800,-18,-15,-4,27,-11,50,-4,43,31,-33,0,26,-4,-16,-2,31,31,-51,4,24,15,32,1,23,48,30,-5,33,26,18,-13,32,-38,-2,-3,99,-30,13,-22,49,4,-30,6,18,-2,13,50,62,86,-7,-1,43,4,32,1,25,14,-18,1,24,5,25,8,32
51.0000,-9,-10,0,26,-17,42,-10,49,37,-30,-2,20,6,-14,7,41,36,-49,3,20,30,23,11,37,52,27,0,34,23,23,-11,21,-26,4,-6,77,-22,14,-22,52,0,-27,2,28,-6,15,46,57,71,-17,-2,46,6,29,6,23,15,-15,1,22,2,29,9,27
51.0200,3,-9,-1,28,-11,30,-12,47,36,-30,-1,27,17,-9,14,41,40,-43,3,14,23,17,23,50,53,20,-7,35,26,34,-16,9,-10,16,-7,44,-9,14,-26,50,-6,-25,0,38,-11,15,38,49,47,-25,0,40,11,31,5,20,20,-13,-5,23,6,29,11,24
51.0400,15,1,-2,30,1,25,-8,54,38,-30,-1,25,18,6,24,42,38,-46,3,14,28,13,40,59,64,6,-6,38,22,48,-16,-7,1,17,-8,6,-5,16,-28,52,-11,-27,1,56,-17,17,29,48,12,-35,-7,44,7,29,2,18,27,-15,-1,20,6,30,5,25
51.0600,25,2,-8,26,13,22,-6,49,24,-25,-1,24,24,18,32,43,40,-38,10,9,24,7,52,69,59,-1,-6,29,20,52,-24,-17,13,31,-12,-38,7,23,-24,52,-11,-25,1,74,-22,16,18,45,-20,-53,-4,47,8,35,2,15,24,-17,-1,23,3,29,12,26
51.0800,37,10,-2,34,19,23,0,46,27,-30,-1,26,18,33,37,44,43,-36,2,12,25,11,61,75,61,-16,-2,32,18,52,-26,-28,30,30,-17,-87,12,32,-20,48,-15,-22,-1,93,-27,21,10,43,-63,-72,-4,43,10,38,3,10,29,-20,1,24,5,33,5,31
51.1000,52,7,-2,30,21,23,-2,40,20,-25,-5,21,17,48,35,44,45,-35,4,9,18,11,70,75,54,-24,-1,30,10,58,-34,-31,38,29,-15,-121,25,39,-23,38,-12,-20,-2,105,-26,16,2,43,-102,-88,0,42,5,27,5,11,33,-15,-3,21,4,27,6,29
51.1200,52,10,-4,32,24,30,4,37,13,-37,-3,26,5,56,31,44,32,-38,6,12,13,9,70,76,55,-37,4,29,7,54,-33,-34,43,19,-20,-155,28,50,-19,31,-8,-19,-8,115,-29,19,-9,39,-134,-96,0,42,8,30,6,17,32,-25,-5,24,7,32,11,32
51.1400,53,1,-5,28,26,36,3,25,4,-35,2,23,1,61,31,40,27,-45,2,17,5,15,69,72,55,-49,-1,26,14,54,-28,-30,58,13,-18,-171,36,55,-21,22,-4,-16,-6,115,-18,18,-18,43,-156,-104,-1,42,7,30,8,19,31,-23,-4,25,7,27,8,30
51.1600,56,-2,-1,29,33,42,8,17,-12,-40,-1,25,-10,62,25,42,8,-41,5,27,-10,10,60,68,50,-50,2,23,11,42,-31,-20,49,10,-12,-175,34,62,-11,14,3,-12,-8,102,-18,17,-16,44,-166,-106,-5,46,16,34,9,30,27,-32,-4,27,10,26,10,26
51.1800,50,-13,-1,30,31,54,7,14,-23,-37,-6,23,-16,58,13,46,-8,-47,0,35,-16,7,54,64,45,-52,3,16,11,33,-27,-6,45,-5,-4,-166,34,67,-18,4,7,-8,-10,77,-11,25,-18,47,-162,-94,-7,49,8,30,17,40,21,-33,-1,27,2,28,13,29
51.2000,37,-26,-1,30,27,59,-2,2,-30,-42,-4,32,-23,52,8,49,-21,-50,0,55,-24,10,41,61,38,-57,2,17,21,23,-13,15,36,-18,2,-134,34,71,-14,-6,4,-4,-10,48,-4,20,-14,50,-147,-76,-5,46,4,25,14,57,14,-38,-1,26,2,32,13,30
51.2200,27,-33,-1,27,25,64,-1,-1,-38,-32,-9,23,-28,36,3,55,-40,-55,-4,70,-36,4,23,50,29,-58,2,14,21,14,-2,28,21,-32,12,-90,32,67,-12,-13,8,-4,-20,7,7,28,-16,51,-118,-41,-5,52,4,24,24,74,-4,-38,-3,29,4,31,11,33
51.2400,13,-41,-1,26,20,61,-9,-8,-46,-29,-1,27,-24,20,-2,56,-59,-55,-3,91,-42,7,11,52,14,-61,2,11,23,13,9,42,2,-41,22,-36,30,61,-18,-16,5,-1,-17,-36,11,33,-13,49,-78,-4,-2,46,2,26,22,94,-9,-36,0,24,3,28,13,32
51.2600,2,-46,5,22,20,58,-2,-7,-47,-25,-5,29,-23,7,-10,53,-68,-50,-7,103,-39,5,-2,56,1,-52,-1,8,26,6,24,51,-9,-57,37,27,24,57,-13,-17,9,1,-20,-76,15,45,-12,41,-26,34,-3,45,1,24,27,107,-22,-34,0,25,2,30,11,33
51.2800,-6,-50,4,21,18,55,-6,-4,-44,-18,-4,28,-19,-2,-8,56,-72,-48,-2,108,-38,3,-8,61,-8,-52,3,8,26,6,38,58,-25,-58,41,96,26,45,-9,-12,6,-3,-16,-118,18,48,-8,38,35,74,-3,43,-1,25,29,116,-26,-41,1,24,-1,25,10,38
51.3000,-9,-51,0,15,18,52,-4,0,-33,-7,-3,30,-12,-7,-9,55,-77,-37,0,110,-34,6,-15,61,-14,-45,0,5,21,5,45,61,-31,-59,42,161,22,38,-5,-8,1,1,-15,-148,21,55,-11,29,98,119,-2,50,-10,28,31,120,-27,-34,-3,24,-1,28,10,32
51.3200,-13,-48,-3,17,13,38,-4,11,-25,5,-1,32,-1,-8,-14,54,-60,-22,-11,104,-30,7,-20,66,-22,-40,6,6,15,8,56,63,-30,-56,43,221,14,34,5,3,9,-2,-1,-166,18,60,-9,19,161,144,-4,45,-10,24,33,115,-28,-30,1,25,-1,27,9,36
51.3400,-7,-42,3,14,18,35,1,24,-5,15,0,28,6,-6,-8,50,-47,-3,-7,82,-12,11,-19,66,-24,-39,-2,12,9,8,58,59,-23,-46,34,277,14,23,14,16,16,0,8,-173,18,63,-10,9,222,166,-2,43,-16,25,29,100,-15,-26,-2,24,-1,27,9,35
51.3600,8,-34,3,10,18,31,6,31,15,31,2,28,7,-3,-11,47,-28,9,-7,50,-6,14,-15,73,-22,-21,-4,16,-4,11,54,63,-14,-36,22,314,12,12,20,29,24,-2,14,-159,17,60,-9,-2,267,174,-5,45,-16,25,20,74,-2,-13,-2,25,1,27,10,41
51.3800,20,-25,1,8,26,24,20,46,31,35,-5,27,12,10,-12,35,-2,26,-8,17,7,23,-17,79,-14,-17,-5,31,-15,9,51,60,3,-21,13,335,8,12,30,39,31,-5,24,-135,17,60,-16,-4,300,165,-4,44,-16,26,11,35,11,3,-1,27,-4,31,8,41
51.4000,34,-14,3,8,27,18,31,60,49,40,-2,26,18,21,-14,24,24,42,-11,-25,15,38,-13,76,-4,-12,-4,39,-23,11,31,52,22,-12,-9,327,12,6,40,54,45,-1,37,-88,14,68,-16,-4,315,143,-5,46,-17,26,-1,-3,30,4,-2,22,0,30,3,41
51.4200,48,1,6,14,22,18,36,67,77,42,2,29,20,33,-24,12,51,57,-4,-66,23,51,-9,78,10,-4,-8,60,-33,5,15,50,42,3,-33,300,9,6,46,62,60,-3,42,-39,17,54,-16,-5,307,104,0,44,-15,31,-21,-43,50,17,2,21,2,32,8,42
51.4400,66,8,0,12,23,16,44,70,95,41,3,25,22,40,-22,1,80,57,0,-106,31,61,-4,62,25,9,-9,78,-34,4,2,51,62,17,-47,248,8,5,50,69,70,-7,44,28,13,48,-14,-1,281,52,-2,42,-14,35,-32,-86,69,20,0,25,1,34,-2,42
51.4600,78,14,-2,17,19,16,53,70,105,36,3,23,20,51,-29,-5,99,58,-4,-143,29,71,-6,50,43,11,-3,94,-43,3,-11,47,73,26,-64,178,5,2,45,66,84,-5,43,96,14,43,-13,-1,228,-11,-4,44,-9,32,-46,-123,86,23,3,27,6,30,6,38
51.4800,85,13,-7,19,15,17,55,68,119,29,2,21,25,56,-33,-18,106,53,-5,-162,34,75,-11,36,57,18,-5,109,-44,-2,-18,45,91,24,-76,93,-1,-2,44,64,91,-12,42,166,10,38,-5,1,156,-79,0,47,0,36,-70,-148,88,20,4,28,3,28,2,33
51.5000,88,13,-2,28,4,21,54,65,125,14,1,23,21,60,-30,-21,112,41,0,-169,32,81,-6,20,71,17,-3,118,-41,-7,-27,50,97,25,-88,-2,-4,6,35,57,94,-13,31,229,12,27,4,11,74,-145,1,48,9,33,-83,-166,95,9,-2,24,3,32,5,29
51.5200,81,0,-4,35,0,17,55,52,116,-8,4,20,23,55,-31,-28,113,19,4,-159,33,85,-13,0,75,6,0,116,-33,-6,-36,48,95,18,-89,-95,-8,6,28,48,95,-28,20,281,13,23,9,15,-17,-214,3,52,16,38,-86,-158,93,3,4,25,8,33,2,27
51.5400,68,-14,-8,44,-6,16,46,41,102,-23,3,19,29,43,-26,-31,96,-5,12,-132,32,81,-14,-15,76,6,-2,105,-23,-5,-36,38,83,0,-80,-175,-14,7,18,31,81,-39,6,317,12,16,22,18,-100,-271,-2,43,25,42,-86,-148,85,-15,1,25,8,34,9,17
51.5600,56,-30,-13,60,-14,18,37,28,79,-53,4,19,26,43,-21,-30,72,-30,24,-90,28,75,-17,-32,65,-5,1,88,-13,-2,-35,29,66,-18,-63,-241,-9,4,4,17,64,-49,-16,333,13,11,33,17,-185,-313,1,46,38,37,-71,-115,63,-35,-2,25,6,31,3,7
51.5800,21,-53,-6,70,-21,16,23,16,47,-70,1,16,30,33,-13,-28,46,-63,24,-37,21,59,-16,-44,48,-24,1,58,-1,6,-29,22,45,-39,-31,-291,-16,10,-1,6,35,-61,-43,325,10,14,34,14,-253,-336,-3,48,45,40,-51,-71,36,-52,-2,27,7,32,1,-2
51.6000,-7,-67,-7,82,-27,9,15,13,10,-88,1,18,31,26,-4,-25,5,-89,36,22,17,48,-15,-44,21,-39,-3,21,8,22,-34,13,17,-55,6,-306,-15,7,-18,-4,1,-76,-58,298,10,13,39,18,-306,-339,-3,44,59,37,-18,-12,6,-72,1,26,8,30,6,-10
51.6200,-42,-84,0,93,-29,7,5,6,-21,-107,-3,19,30,20,7,-15,-25,-111,37,89,17,39,-11,-45,-11,-53,3,-19,14,30,-30,-1,-17,-75,41,-302,-18,17,-24,-10,-35,-91,-79,243,5,15,32,14,-340,-318,-2,49,67,36,25,47,-33,-89,-3,20,6,28,3,-13
51.6400,-73,-98,-5,100,-32,7,-3,9,-62,-119,-2,18,31,13,20,-6,-60,-125,37,152,20,29,-2,-39,-42,-69,2,-63,21,42,-23,-7,-56,-89,89,-283,-19,17,-25,-11,-70,-100,-96,167,9,10,32,18,-353,-272,-2,44,76,40,63,112,-68,-95,-3,28,5,31,5,-7
51.6600,-104,-104,2,101,-27,6,-12,13,-95,-126,-6,17,28,1,29,12,-90,-137,37,213,16,24,10,-20,-74,-83,1,-106,27,54,-33,-7,-85,-99,126,-232,-19,18,-24,-2,-104,-102,-99,81,-2,11,27,18,-342,-204,3,46,78,38,108,182,-93,-109,2,27,1,29,3,-3
51.6800,-126,-104,3,95,-22,1,-17,22,-117,-120,-6,14,29,0,41,32,-114,-133,27,268,12,11,15,1,-97,-90,0,-139,25,65,-32,-13,-108,-99,153,-179,-19,20,-27,3,-125,-102,-98,-13,-10,15,17,27,-311,-122,-3,46,73,38,149,245,-119,-107,0,26,-5,26,7,6
51.7000,-137,-93,8,87,-19,8,-17,35,-126,-106,-2,18,22,3,51,46,-125,-119,12,308,10,7,29,29,-114,-84,-2,-162,23,71,-33,-5,-122,-87,168,-117,-14,25,-11,22,-137,-95,-83,-101,-15,9,12,33,-258,-25,-5,48,58,36,178,295,-129,-103,0,22,-2,27,8,21
51.7200,-132,-81,9,61,-14,11,-15,56,-130,-88,-7,22,7,0,59,62,-125,-101,-7,326,10,5,39,55,-114,-76,0,-174,20,80,-29,2,-124,-73,166,-52,-10,26,-2,42,-134,-69,-58,-185,-18,16,1,46,-191,68,-1,42,38,33,199,329,-120,-80,7,22,0,23,4,43
51.7400,-114,-52,14,31,-2,14,-11,69,-107,-58,-2,25,5,1,63,82,-109,-71,-27,315,10,4,52,84,-111,-62,3,-164,24,75,-29,22,-108,-50,154,13,-7,31,8,62,-113,-46,-23,-254,-19,15,-1,62,-113,168,2,44,11,32,205,344,-101,-53,-1,24,2,26,10,64
51.7600,-89,-20,6,-6,9,29,-5,87,-79,-25,0,27,-6,1,63,100,-82,-35,-46,291,8,5,60,108,-84,-35,9,-135,18,74,-25,37,-82,-19,116,76,-3,44,25,80,-77,-12,10,-298,-19,18,-7,79,-25,253,1,44,-22,30,198,339,-73,-17,-1,28,-2,26,20,78
51.7800,-43,16,8,-43,14,42,-1,104,-44,13,-4,39,-12,-6,64,117,-41,7,-69,239,3,9,67,135,-45,-7,17,-100,23,66,-15,57,-51,12,75,136,1,43,39,105,-39,24,57,-315,-21,13,-6,90,60,318,1,48,-59,24,176,309,-31,16,1,27,-5,28,26,99
51.8000,3,52,7,-79,22,50,16,110,0,40,-2,54,-23,-10,60,127,-3,44,-82,168,5,13,75,147,-4,32,22,-46,20,59,-7,75,-2,41,15,181,6,47,50,112,15,67,99,-310,-14,17,-5,108,146,363,3,47,-89,17,134,256,16,50,-3,22,1,30,31,112
51.8200,52,83,0,-110,30,64,22,121,50,79,1,56,-32,-12,50,139,47,76,-91,84,2,18,75,148,44,54,31,12,24,43,5,87,44,75,-43,218,7,56,56,118,70,100,139,-284,-7,19,3,115,228,385,-4,46,-126,4,86,183,65,83,0,27,4,32,34,117
51.8400,94,111,0,-134,37,77,28,117,101,106,3,72,-29,-16,49,129,91,101,-94,-4,2,18,68,151,97,83,30,74,26,39,19,93,87,97,-105,242,9,50,61,125,121,127,164,-235,-1,21,11,116,297,378,1,44,-149,-6,23,95,111,106,1,26,7,35,38,115
51.8600,136,127,-7,-149,42,84,30,103,133,123,6,81,-35,-18,35,122,131,123,-91,-98,-1,17,59,127,142,104,28,142,28,28,31,96,127,112,-156,256,11,49,57,113,166,144,176,-183,-1,26,17,111,347,344,0,48,-159,-18,-49,-7,154,124,0,24,14,31,39,113
51.8800,166,128,-9,-150,41,82,30,85,165,121,5,88,-39,-14,19,103,157,125,-70,-181,-6,15,45,106,177,116,22,204,28,19,39,89,164,113,-197,256,7,56,48,93,196,142,180,-119,7,33,21,93,374,297,2,44,-165,-27,-102,-105,178,130,2,22,12,35,38,92
51.9000,185,119,-6,-136,38,89,25,60,175,115,6,94,-39,-13,10,77,181,119,-47,-248,-11,15,22,79,197,110,18,255,18,16,39,75,181,104,-219,242,6,48,30,69,217,132,158,-51,1,39,23,67,383,217,-1,44,-161,-37,-171,-193,197,119,2,23,7,35,28,66
51.9200,192,101,-9,-102,32,79,18,24,181,94,10,91,-33,-10,-10,34,179,95,-11,-294,-15,14,4,46,206,93,7,297,14,7,33,49,178,84,-229,217,-3,49,14,30,221,110,127,17,2,40,18,30,367,128,2,46,-136,-32,-232,-272,196,90,0,23,6,33,17,27
51.9400,184,71,-2,-69,26,75,2,-12,168,60,7,88,-33,-6,-28,4,172,65,34,-308,-18,15,-18,7,196,61,-12,316,5,11,27,21,172,48,-213,186,-2,45,-6,2,204,68,77,80,-4,48,9,-10,327,38,-1,48,-101,-28,-277,-328,182,57,-1,25,-9,35,6,-8
51.9600,162,26,2,-17,12,66,-12,-51,140,21,13,68,-26,2,-45,-37,152,27,79,-297,-26,20,-36,-31,166,19,-31,317,-8,6,9,-16,151,7,-179,143,-7,35,-27,-35,167,20,21,137,-10,53,-3,-54,271,-63,2,48,-60,-19,-307,-365,151,7,0,26,-9,31,-17,-48
51.9800,122,-22,13,41,4,51,-28,-84,98,-30,9,46,-26,10,-66,-77,112,-19,121,-263,-26,16,-57,-69,120,-28,-50,296,-18,7,-14,-56,114,-34,-136,106,-11,35,-51,-73,128,-35,-37,186,-18,51,-22,-90,201,-156,2,48,-12,1,-316,-373,101,-43,2,22,-13,30,-36,-89
52.0000,75,-73,14,104,-5,41,-42,-111,44,-81,-1,14,-17,22,-82,-104,64,-66,152,-223,-30,14,-68,-89,62,-75,-66,251,-28,4,-35,-90,66,-90,-70,68,-11,27,-69,-100,68,-95,-105,222,-23,54,-39,-126,119,-249,-1,48,44,20,-301,-352,51,-91,0,25,-22,33,-57,-106
52.0200,25,-123,20,157,-14,29,-51,-128,-5,-121,-1,-17,-12,26,-94,-121,12,-108,180,-165,-29,23,-77,-105,2,-129,-77,183,-36,0,-59,-119,10,-129,5,36,-13,23,-83,-117,13,-151,-159,252,-28,50,-60,-145,36,-323,1,47,99,49,-263,-311,-2,-137,4,24,-28,28,-66,-125
52.0400,-32,-160,24,210,-19,19,-58,-131,-67,-156,-1,-49,-6,39,-102,-129,-39,-149,185,-100,-24,24,-79,-110,-56,-168,-88,104,-39,-1,-80,-126,-42,-169,79,15,-11,20,-81,-121,-47,-196,-207,263,-27,45,-67,-146,-48,-378,1,42,153,76,-202,-247,-61,-176,3,24,-28,23,-81,-131
52.0600,-81,-193,22,244,-22,7,-56,-119,-112,-182,-7,-77,7,48,-104,-119,-87,-179,172,-27,-14,24,-74,-101,-107,-198,-81,15,-36,-8,-98,-121,-92,-199,147,-3,-6,16,-82,-110,-107,-231,-232,263,-19,42,-79,-139,-120,-409,-1,42,199,107,-118,-166,-108,-200,-2,26,-19,22,-80,-116
52.0800,-121,-209,16,282,-16,-1,-54,-89,-151,-196,-8,-103,21,57,-99,-99,-128,-192,147,44,-5,26,-58,-73,-151,-213,-77,-77,-30,-10,-99,-102,-135,-207,201,-14,1,21,-75,-85,-139,-238,-247,250,-8,35,-78,-109,-169,-416,1,50,245,137,-22,-77,-150,-216,-3,22,-9,18,-72,-88
52.1000,-148,-211,2,291,-8,-9,-39,-52,-175,-189,-9,-112,32,63,-77,-62,-153,-195,106,101,0,37,-41,-43,-181,-210,-59,-155,-13,-5,-96,-65,-164,-206,240,-21,11,14,-59,-51,-170,-243,-232,226,2,28,-73,-67,-209,-396,3,52,270,151,82,18,-167,-204,-1,25,2,16,-56,-47
52.1200,-168,-199,-8,284,9,-8,-25,-7,-182,-171,-14,-124,48,64,-51,-17,-167,-175,52,152,15,44,-13,8,-187,-191,-27,-227,2,-5,-83,-19,-177,-189,256,-26,25,24,-37,-3,-175,-215,-202,197,17,24,-45,-11,-226,-355,2,49,277,167,178,115,-182,-188,3,26,15,19,-29,4
52.1400,-171,-169,-21,262,22,-2,5,44,-177,-137,-6,-120,58,67,-20,37,-164,-151,-16,193,29,49,18,55,-179,-154,7,-273,19,-9,-54,37,-178,-157,248,-31,34,28,3,47,-165,-180,-151,154,38,22,-16,50,-223,-294,1,46,272,172,267,215,-168,-148,-3,26,32,19,-3,61
52.1600,-154,-126,-37,209,40,5,36,100,-150,-92,-4,-104,73,64,18,87,-145,-113,-79,229,45,54,53,103,-148,-105,51,-296,39,0,-21,96,-162,-112,222,-31,47,30,36,102,-144,-126,-78,116,59,27,23,110,-207,-216,4,45,241,166,343,291,-144,-98,3,31,49,30,34,114
52.1800,-122,-70,-54,155,55,14,68,152,-111,-37,1,-73,82,64,54,137,-118,-63,-143,250,56,65,84,154,-115,-46,85,-296,59,12,19,155,-129,-62,178,-38,53,40,69,155,-104,-67,-6,80,68,30,64,165,-174,-128,0,45,192,152,392,362,-105,-38,2,24,60,33,76,160
52.2000,-79,-15,-63,78,66,21,99,192,-65,28,10,-33,85,60,99,185,-76,-5,-200,253,61,64,108,186,-70,22,125,-275,72,26,64,198,-96,-1,126,-45,59,42,106,198,-70,-6,75,46,83,39,104,213,-139,-37,3,46,128,128,417,410,-65,13,2,23,66,41,108,204
52.2200,-39,43,-64,-3,71,32,125,220,-14,81,25,9,82,54,128,211,-30,47,-234,246,66,70,132,213,-17,86,157,-234,79,33,105,240,-47,64,60,-41,62,51,137,233,-23,62,142,22,88,43,140,249,-95,41,0,46,52,97,418,431,-16,74,2,29,65,50,138,236
52.2400,3,92,-60,-85,72,42,145,234,36,126,26,65,73,50,154,222,14,91,-252,230,57,69,146,230,32,135,179,-185,80,47,142,251,-5,107,1,-47,54,48,154,244,23,111,200,4,79,53,166,257,-43,115,-1,46,-35,49,394,426,27,122,-3,23,61,56,155,237
52.2600,50,137,-50,-161,66,47,156,231,77,162,28,116,58,43,167,214,54,123,-249,197,51,70,152,222,74,176,176,-122,69,54,164,245,46,151,-58,-47,45,60,163,242,69,149,244,-9,63,54,175,251,-7,172,0,50,-121,-3,339,395,71,158,2,24,50,58,165,232
52.2800,86,161,-30,-221,48,53,148,211,112,176,22,166,36,35,167,196,89,144,-217,164,33,62,142,206,109,193,169,-58,44,65,169,219,78,181,-108,-45,30,51,157,217,99,176,262,-19,33,56,175,231,32,213,3,47,-203,-58,273,343,102,179,1,25,33,56,155,204
52.3000,109,178,-2,-263,28,52,132,172,136,186,23,207,9,25,148,150,113,153,-179,123,13,50,124,169,134,197,139,8,16,67,155,173,105,191,-142,-41,7,46,137,183,117,188,259,-26,2,54,150,177,57,229,6,46,-275,-103,186,271,124,179,-4,25,2,55,130,158
52.3200,125,172,30,-277,-2,46,105,128,147,167,9,245,-25,9,109,99,125,145,-107,84,-13,42,96,119,149,185,94,72,-20,68,120,114,125,180,-163,-22,-16,36,105,129,126,174,241,-35,-29,50,113,121,83,222,1,43,-323,-153,86,175,139,164,3,24,-30,47,99,98
52.3400,137,150,63,-276,-32,35,70,67,148,138,1,265,-56,-6,64,32,131,123,-27,49,-40,28,52,66,147,150,38,128,-59,55,81,47,137,166,-165,-16,-43,26,62,67,133,150,200,-42,-65,42,66,53,93,208,3,44,-357,-190,-16,88,137,135,4,24,-59,33,51,28
52.3600,137,120,99,-258,-64,26,22,8,135,98,-13,270,-92,-22,12,-33,130,93,55,20,-64,17,7,2,138,106,-27,180,-96,38,17,-33,136,130,-164,-9,-78,13,13,-4,118,109,142,-50,-103,29,7,-17,105,173,7,45,-371,-214,-116,-10,129,90,2,27,-89,15,-2,-31
52.3800,127,78,123,-219,-95,5,-30,-53,119,53,-31,254,-109,-35,-37,-99,113,49,136,2,-82,-5,-43,-54,120,53,-97,216,-130,20,-46,-100,123,85,-137,8,-92,-4,-43,-64,100,68,82,-59,-125,7,-61,-81,102,136,4,46,-362,-228,-215,-96,115,48,-1,24,-116,3,-61,-91
52.4000,107,22,139,-173,-113,-3,-77,-103,93,-3,-43,214,-128,-53,-97,-148,95,1,198,-8,-104,-13,-85,-105,95,-3,-160,249,-148,2,-115,-158,105,35,-115,17,-112,-22,-101,-124,79,15,23,-63,-145,-5,-119,-138,96,88,5,49,-329,-223,-304,-165,93,-2,0,21,-133,-16,-113,-148
52.4200,83,-16,146,-110,-128,-14,-119,-149,67,-48,-54,168,-138,-63,-157,-183,67,-39,251,-14,-110,-25,-129,-139,64,-53,-207,261,-156,-19,-174,-194,84,-13,-79,32,-115,-32,-146,-166,57,-30,-39,-65,-148,-25,-173,-172,86,47,2,47,-278,-194,-368,-210,66,-47,3,22,-130,-25,-162,-181
52.4400,64,-58,142,-49,-130,-27,-152,-167,43,-91,-68,101,-123,-70,-197,-210,43,-81,279,-21,-107,-33,-156,-162,42,-106,-245,263,-149,-38,-221,-218,59,-60,-45,41,-114,-43,-188,-192,36,-73,-97,-62,-137,-39,-212,-193,72,3,2,52,-204,-150,-414,-235,43,-90,-4,26,-123,-35,-196,-194
52.4600,37,-101,114,13,-122,-30,-179,-175,18,-129,-69,30,-104,-72,-214,-198,17,-110,280,-20,-95,-33,-183,-161,21,-139,-256,252,-123,-49,-244,-220,33,-102,-17,49,-98,-45,-203,-197,20,-100,-140,-58,-111,-45,-236,-192,54,-34,0,48,-121,-85,-428,-239,21,-117,6,25,-98,-40,-212,-186
52.4800,22,-129,84,71,-95,-28,-182,-164,4,-145,-68,-44,-67,-69,-222,-177,0,-129,259,-20,-67,-29,-186,-145,3,-168,-255,226,-86,-53,-254,-188,17,-130,9,54,-70,-46,-219,-180,6,-127,-166,-49,-74,-40,-238,-172,41,-61,-3,45,-31,-13,-416,-220,5,-145,4,24,-66,-42,-215,-165
52.5000,3,-147,39,124,-66,-18,-174,-134,-7,-158,-56,-115,-22,-63,-202,-139,-18,-146,210,-16,-34,-20,-172,-114,-12,-180,-224,193,-33,-49,-229,-144,-1,-150,26,55,-30,-35,-202,-150,0,-133,-184,-44,-20,-33,-218,-127,31,-86,-3,45,65,70,-374,-185,-5,-150,5,26,-21,-30,-188,-122
52.5200,-12,-152,-17,174,-19,-3,-147,-93,-14,-162,-34,-177,20,-40,-165,-85,-27,-147,158,-19,9,-6,-140,-71,-8,-173,-167,152,23,-36,-189,-91,-13,-157,35,53,13,-20,-167,-103,-2,-127,-177,-31,33,-17,-181,-85,18,-97,6,49,156,150,-308,-137,-13,-152,1,25,27,-10,-144,-76
52.5400,-18,-155,-78,209,32,20,-107,-48,-9,-143,-3,-219,78,-14,-108,-23,-31,-134,91,-23,51,20,-94,-22,-8,-165,-98,107,84,-9,-128,-26,-15,-153,37,42,50,2,-115,-51,2,-124,-160,-16,87,9,-121,-29,12,-100,3,47,242,227,-213,-87,-9,-141,3,26,77,15,-97,-16
52.5600,-12,-146,-134,237,80,45,-54,10,-3,-123,28,-248,118,17,-40,30,-27,-123,20,-34,91,50,-41,35,1,-142,-11,64,138,22,-54,35,-16,-138,28,35,98,28,-60,8,12,-102,-138,0,140,40,-49,21,4,-101,7,45,311,295,-117,-36,-3,-126,1,23,119,47,-25,43
52.5800,-10,-127,-178,254,126,76,5,63,7,-95,66,-260,160,48,30,87,-11,-97,-49,-40,124,72,21,91,5,-116,70,29,181,59,24,93,-6,-119,22,30,140,64,8,58,23,-85,-104,13,177,77,21,71,1,-93,6,47,359,351,-12,11,1,-95,1,22,155,79,45,89
52.6000,-1,-104,-208,251,158,105,68,101,13,-67,102,-247,185,83,106,131,4,-64,-107,-42,157,98,86,134,18,-87,153,5,205,95,108,144,5,-96,11,17,159,93,79,108,31,-64,-73,26,204,110,93,114,-2,-82,7,46,387,383,90,55,11,-72,2,22,187,107,108,131
52.6200,9,-78,-215,242,177,133,129,138,20,-45,126,-224,186,115,170,169,5,-38,-155,-43,168,124,142,168,23,-54,214,-13,217,131,174,180,13,-73,4,9,176,118,144,143,41,-45,-35,32,212,135,157,143,-5,-68,1,44,392,388,177,83,16,-52,3,20,188,136,172,163
52.6400,11,-55,-215,217,189,151,173,164,27,-21,147,-188,172,143,220,190,14,-11,-187,-44,171,141,183,183,23,-32,264,-27,205,159,221,198,24,-48,1,-3,170,144,193,171,38,-27,-5,45,199,158,201,158,-6,-59,2,45,367,387,240,105,23,-24,0,26,175,158,211,178
52.6600,10,-38,-182,186,175,166,206,178,23,-4,154,-133,144,157,248,195,18,2,-197,-39,152,155,210,193,19,-8,286,-33,168,175,253,205,24,-25,-2,-9,156,158,231,184,36,-9,21,49,171,167,232,157,-14,-47,4,44,319,353,286,117,24,-9,4,22,145,164,235,179
52.6800,10,-26,-137,145,148,162,223,181,22,6,146,-76,103,157,262,187,16,18,-190,-38,120,150,224,190,11,13,291,-40,117,177,254,195,23,-9,3,-15,118,158,251,181,36,-8,33,56,120,165,237,154,-21,-34,2,51,248,297,309,124,21,2,2,24,105,159,244,177
52.7000,5,-11,-73,112,103,154,227,172,12,12,126,-13,50,152,245,164,16,21,-178,-28,77,138,212,166,0,10,269,-39,55,160,243,177,20,2,15,-14,69,150,243,172,18,-8,41,59,61,153,222,130,-27,-29,3,43,165,223,298,114,13,8,-3,26,49,144,222,154
52.7200,-2,-5,3,69,50,137,203,148,1,12,90,45,-21,125,211,135,6,23,-145,-17,28,111,191,139,-8,13,224,-43,-9,138,204,141,15,2,24,-6,16,126,218,144,11,-13,39,54,-1,122,189,107,-30,-26,1,43,72,137,269,103,-1,5,0,22,-11,115,190,130
52.7400,-13,-2,72,38,-11,101,172,124,-15,0,44,102,-82,92,161,96,-3,16,-103,-10,-29,80,154,112,-27,5,171,-42,-85,97,151,103,2,1,31,-6,-48,91,180,122,-3,-19,32,49,-63,82,146,81,-35,-26,2,49,-19,42,230,83,-9,4,2,24,-69,83,150,96
52.7600,-21,-3,140,12,-66,62,127,96,-28,-6,-13,155,-140,44,96,61,-17,7,-55,7,-82,45,100,73,-39,2,101,-47,-147,43,88,68,-5,-2,46,6,-98,51,132,85,-15,-30,25,43,-124,31,92,46,-36,-20,5,48,-114,-56,178,65,-21,-6,4,22,-119,34,86,62
52.7800,-30,-7,197,-3,-120,17,73,62,-40,-15,-64,196,-182,-7,35,23,-23,-4,-15,12,-134,0,47,43,-46,-7,27,-50,-197,-11,20,31,-19,-12,59,19,-150,12,71,57,-21,-30,17,29,-175,-18,30,18,-36,-20,3,47,-185,-150,121,43,-32,-13,2,22,-170,-18,32,33
52.8000,-34,-8,238,-17,-162,-27,19,36,-40,-22,-119,233,-212,-57,-32,2,-34,-14,18,20,-164,-44,-9,12,-46,-10,-49,-44,-220,-62,-51,10,-30,-13,65,35,-185,-34,9,22,-27,-38,14,15,-207,-66,-20,-3,-23,-13,5,48,-232,-230,61,23,-34,-19,3,24,-197,-61,-29,9
52.8200,-36,-15,256,-25,-187,-71,-33,9,-43,-33,-165,247,-225,-106,-87,-20,-37,-19,49,34,-185,-80,-64,-10,-47,-9,-110,-47,-232,-114,-109,-9,-31,-27,63,46,-205,-80,-46,0,-27,-44,9,9,-223,-107,-76,-18,-21,-8,4,47,-261,-298,7,14,-35,-23,8,25,-209,-101,-78,-14
52.8400,-37,-13,256,-31,-196,-102,-79,1,-43,-37,-204,257,-215,-138,-138,-32,-38,-23,63,41,-194,-122,-108,-26,-42,-12,-162,-36,-226,-146,-158,-21,-39,-28,66,59,-208,-114,-90,-10,-26,-43,10,4,-216,-141,-111,-20,-7,0,8,47,-267,-340,-40,4,-29,-25,0,23,-205,-136,-124,-19
52.8600,-26,-13,235,-32,-189,-129,-117,-15,-33,-27,-212,249,-185,-159,-164,-35,-32,-25,66,51,-181,-137,-133,-29,-24,-7,-198,-35,-200,-175,-186,-31,-35,-26,59,65,-194,-142,-130,-15,-13,-35,14,1,-189,-161,-138,-16,4,9,6,43,-257,-363,-77,2,-29,-20,2,23,-185,-147,-148,-21
52.8800,-25,-4,190,-33,-161,-140,-142,-9,-18,-18,-210,230,-148,-167,-182,-26,-21,-23,60,47,-153,-142,-158,-20,-13,5,-208,-30,-150,-173,-206,-16,-30,-20,46,73,-162,-148,-154,-12,-4,-24,17,0,-157,-161,-152,-5,23,18,5,47,-219,-360,-106,6,-17,-18,1,25,-146,-149,-162,-14
52.9000,-9,-1,144,-36,-129,-129,-151,-5,-3,-12,-186,200,-89,-158,-180,-7,-10,-18,53,45,-118,-138,-155,-15,8,10,-215,-16,-96,-160,-201,-10,-18,-12,32,78,-118,-139,-170,3,7,-13,34,-1,-111,-145,-150,7,37,24,6,49,-178,-326,-116,10,-7,-6,6,25,-99,-136,-161,-4
52.9200,0,13,75,-43,-81,-113,-150,7,9,-4,-146,166,-36,-126,-167,10,11,-10,33,42,-66,-115,-149,5,18,24,-198,-9,-38,-126,-190,4,-6,1,19,74,-69,-118,-168,19,17,3,43,4,-53,-116,-137,26,53,27,4,46,-128,-272,-118,20,8,8,8,28,-40,-109,-148,13
52.9400,17,22,12,-44,-33,-76,-136,20,22,13,-87,124,24,-83,-137,24,27,-2,19,41,-21,-76,-129,22,36,30,-165,-5,28,-75,-163,23,6,8,0,76,-16,-84,-144,31,26,10,52,17,-2,-72,-113,40,68,31,6,43,-77,-195,-104,28,20,12,3,25,5,-63,-125,26
52.9600,27,30,-57,-45,21,-36,-114,27,28,20,-21,87,70,-28,-103,36,31,11,3,28,29,-28,-98,35,44,40,-124,6,76,-19,-121,30,11,20,-10,76,38,-34,-121,45,37,21,61,22,50,-12,-85,47,74,27,4,46,-27,-108,-90,35,31,25,4,26,50,-8,-99,38
52.9800,38,34,-110,-42,76,18,-78,33,45,26,48,52,126,33,-64,47,42,20,-7,22,76,23,-59,49,46,40,-77,15,121,49,-85,39,18,29,-20,71,83,22,-89,57,41,25,71,36,93,55,-51,58,74,26,6,47,19,-16,-71,34,35,27,5,25,97,48,-60,47
53.0000,43,33,-156,-38,107,74,-53,36,41,34,116,20,160,93,-26,50,46,17,-11,21,109,79,-23,55,48,32,-29,22,151,103,-48,34,27,31,-36,70,118,79,-46,66,43,28,67,48,122,107,-22,51,76,10,3,41,60,80,-44,33,40,28,4,24,131,104,-22,46
53.0200,48,30,-182,-37,144,117,-22,37,39,28,174,-8,177,149,15,45,49,21,-14,16,130,134,12,56,44,26,17,30,168,158,-15,25,27,35,-35,66,148,133,-13,64,41,24,64,57,138,160,7,47,72,-2,3,43,80,162,-18,27,37,22,2,17,145,157,8,45
53.0400,43,21,-197,-34,161,170,12,36,36,21,215,-28,180,196,45,43,48,11,0,16,144,179,45,54,37,15,44,36,172,204,13,18,26,26,-37,62,163,179,22,58,33,21,53,62,147,196,28,45,66,-14,6,49,95,224,5,26,35,18,0,22,149,198,32,36
53.0600,37,16,-196,-23,162,197,33,23,23,10,246,-41,162,224,68,24,37,5,9,20,146,205,63,44,25,2,69,42,156,231,32,2,22,20,-29,54,162,216,46,42,18,9,45,75,144,223,39,29,59,-29,5,42,104,273,19,14,27,10,3,23,147,221,53,23
53.0800,27,2,-174,-18,156,216,53,9,9,6,250,-49,141,241,75,16,27,-6,27,28,129,220,76,31,13,-14,76,46,131,238,44,-8,7,5,-14,58,145,230,60,31,14,1,25,74,125,233,46,17,48,-39,7,45,100,300,31,9,20,-4,6,18,130,227,60,8
53.1000,17,-11,-148,-10,139,219,62,-5,0,-12,233,-51,111,228,72,-1,15,-17,36,32,106,216,80,20,0,-29,73,47,103,226,49,-19,3,-1,-5,48,122,233,66,12,6,-9,13,72,105,219,45,1,38,-57,6,46,85,304,35,9,6,-16,3,21,101,219,63,-3
53.1200,3,-31,-111,-6,110,206,60,-12,-11,-22,203,-53,72,200,63,-16,1,-27,50,44,81,200,75,5,-5,-45,67,45,71,196,42,-31,-6,-17,10,39,95,215,67,-9,-9,-23,-5,70,68,201,32,-12,20,-67,8,44,62,287,37,6,2,-27,5,26,71,194,55,-20
53.1400,-3,-40,-63,4,77,176,55,-21,-25,-30,153,-55,33,162,49,-29,-8,-37,59,56,50,169,63,-3,-11,-51,53,43,36,158,33,-33,-11,-31,24,39,60,184,58,-14,-10,-32,-22,63,47,165,23,-19,11,-77,3,45,43,253,30,8,-8,-44,6,21,39,157,45,-23
53.1600,-12,-46,-25,14,44,136,46,-28,-23,-38,99,-58,4,114,28,-31,-14,-48,70,65,14,135,48,-14,-13,-59,38,30,2,114,22,-36,-20,-37,31,26,24,144,40,-21,-14,-37,-35,64,14,117,12,-23,-3,-79,0,44,21,212,29,13,-12,-47,4,23,6,112,31,-29
53.1800,-14,-59,16,22,6,89,39,-27,-28,-38,40,-54,-23,56,12,-26,-18,-58,70,71,-15,86,32,-9,-13,-66,28,25,-31,61,15,-28,-18,-43,34,16,-7,99,27,-30,-12,-47,-35,60,-11,71,2,-22,-20,-81,4,50,2,161,17,16,-9,-51,8,23,-15,65,18,-22
53.2000,-12,-64,43,27,-22,45,21,-24,-16,-35,-26,-50,-50,-2,-2,-25,-24,-59,67,75,-36,36,16,-5,-4,-63,11,15,-47,0,1,-19,-11,-46,34,1,-28,46,9,-25,-9,-45,-38,57,-28,16,-8,-15,-25,-80,5,49,-18,109,23,29,-9,-52,5,23,-38,18,5,-20
53.2200,-7,-61,64,33,-44,-6,17,-17,-13,-31,-78,-48,-61,-54,-9,-13,-18,-58,61,75,-51,-11,-4,6,2,-55,7,11,-63,-43,-1,-4,-8,-45,30,-7,-48,-4,-1,-17,-3,-39,-37,52,-38,-24,-12,-4,-33,-76,4,45,-30,55,16,36,-6,-45,4,21,-51,-30,-1,-9
53.2400,-9,-54,72,34,-59,-44,7,-4,-2,-28,-127,-39,-60,-95,-14,-1,-13,-46,47,71,-58,-52,-12,21,9,-45,4,7,-66,-85,0,14,3,-43,24,-16,-55,-48,-10,-6,7,-36,-28,52,-40,-61,-13,-1,-35,-68,8,50,-40,12,21,48,3,-40,1,21,-61,-70,-4,1
53.2600,3,-47,74,41,-65,-83,13,15,11,-19,-161,-35,-58,-129,-15,16,-7,-33,29,68,-60,-87,-13,43,20,-31,5,2,-61,-112,1,30,4,-33,14,-27,-61,-80,-10,6,15,-26,-16,42,-39,-85,-9,16,-32,-60,3,51,-41,-27,21,57,9,-34,6,20,-59,-97,-2,19
53.2800,16,-37,66,37,-60,-100,11,33,22,-6,-183,-28,-43,-150,-9,34,4,-22,9,61,-52,-105,-9,56,30,-19,16,8,-50,-128,7,41,19,-25,-3,-34,-52,-106,-1,22,24,-22,-3,39,-32,-100,-1,24,-32,-46,5,53,-34,-60,24,67,22,-20,4,25,-44,-110,7,32
53.3000,29,-31,50,34,-53,-117,22,50,34,4,-194,-16,-28,-157,2,45,17,-10,-14,55,-36,-117,4,67,33,-13,24,18,-36,-129,24,61,30,-14,-13,-33,-37,-117,1,39,29,-13,8,36,-21,-106,10,36,-33,-34,4,52,-30,-71,26,71,32,-11,7,21,-36,-118,12,49
53.3200,37,-23,35,31,-44,-116,28,60,38,10,-181,-13,-13,-144,21,52,24,-2,-26,49,-23,-105,13,80,39,-9,35,30,-27,-121,35,68,41,-4,-20,-32,-23,-121,18,44,40,-6,21,31,-8,-97,24,47,-15,-22,5,48,-24,-78,29,70,35,-11,6,25,-21,-111,27,56
53.3400,44,-12,23,24,-31,-107,40,72,51,14,-162,-1,4,-122,31,57,33,6,-39,38,-6,-102,28,86,46,-4,41,37,-10,-102,38,68,47,1,-30,-29,-12,-109,30,56,44,-4,29,24,-4,-79,35,49,-12,-12,0,50,-18,-76,36,76,33,4,2,23,-12,-100,36,59
53.3600,47,-5,14,19,-20,-81,55,81,50,17,-123,11,10,-96,40,56,29,9,-45,31,5,-74,45,86,44,6,56,51,-7,-74,43,66,46,4,-37,-22,0,-90,38,68,48,0,33,15,5,-61,43,52,2,0,7,51,-16,-69,24,73,46,1,7,22,2,-72,45,62
53.3800,48,-6,6,18,-10,-59,58,73,51,10,-88,20,13,-61,52,51,32,19,-43,28,5,-48,53,86,39,3,61,58,-5,-47,39,60,54,1,-39,-9,12,-64,48,58,45,-5,29,12,13,-34,48,46,2,5,6,47,-9,-51,22,64,40,1,4,21,1,-44,49,60
53.4000,45,-5,10,15,-5,-22,66,67,45,2,-44,31,7,-26,53,39,36,9,-37,27,14,-17,55,80,33,-6,62,64,-8,-11,39,54,57,2,-42,-2,13,-31,52,55,52,-4,21,-4,5,-6,50,38,13,16,8,47,-11,-29,15,58,40,-9,5,21,9,-10,52,56
53.4200,44,-12,8,14,-3,10,66,54,38,-7,-11,39,1,7,46,31,32,2,-27,26,4,16,53,62,29,-12,55,72,-10,10,30,43,49,-8,-34,2,9,-3,65,48,44,-15,17,-12,4,17,47,32,16,16,5,43,-22,-5,7,45,35,-11,1,26,1,15,48,46
53.4400,41,-19,18,18,-4,38,61,44,33,-23,20,41,-11,34,38,18,27,-7,-14,23,-1,45,51,50,23,-19,51,74,-14,39,13,30,45,-17,-34,12,-2,27,54,37,43,-23,7,-17,-9,45,41,22,23,19,11,49,-17,9,-6,34,32,-20,4,21,-7,43,44,35
53.4600,26,-27,27,29,-12,61,49,34,28,-35,48,46,-21,54,28,7,16,-17,1,18,-13,71,47,34,16,-29,41,73,-25,58,2,19,35,-29,-21,22,-15,54,45,25,38,-32,-6,-21,-16,59,27,11,24,17,6,51,-26,27,-12,20,26,-31,8,22,-16,63,39,25
53.4800,19,-37,36,37,-18,79,34,22,20,-42,70,52,-39,74,11,-1,16,-29,13,20,-23,87,29,21,17,-38,26,72,-33,78,-13,14,27,-36,-12,22,-26,66,34,15,32,-39,-13,-32,-33,69,17,3,28,13,8,49,-20,42,-26,15,21,-38,6,22,-25,75,18,13
53.5000,13,-44,49,43,-28,98,15,16,11,-52,77,50,-52,76,-2,-7,12,-37,24,11,-36,98,10,5,11,-46,2,72,-38,81,-29,11,20,-48,-2,30,-35,81,17,8,30,-46,-28,-30,-38,71,4,2,27,9,9,53,-21,52,-34,2,14,-47,11,21,-42,82,2,9
53.5200,12,-55,56,53,-36,100,-2,10,9,-59,75,46,-63,74,-10,-8,6,-40,33,9,-45,96,-5,9,8,-43,-6,62,-44,80,-43,14,15,-59,11,32,-48,83,5,7,29,-48,-34,-22,-48,69,-8,1,24,3,3,44,-15,57,-45,-7,11,-45,5,25,-45,83,-8,3
53.5400,2,-57,63,61,-37,96,-18,7,11,-59,69,40,-63,69,-23,-2,0,-49,28,4,-48,88,-24,4,7,-49,-25,60,-45,78,-44,16,10,-60,12,26,-56,82,-11,7,23,-49,-48,-16,-53,63,-21,0,17,-11,2,49,-14,62,-54,-10,11,-53,7,23,-52,78,-24,8
53.5600,0,-60,61,71,-39,91,-31,10,9,-65,54,31,-62,61,-28,5,3,-48,25,-9,-53,78,-30,6,5,-48,-40,54,-38,75,-46,18,5,-60,12,30,-59,73,-23,11,26,-53,-43,-10,-47,56,-31,7,13,-17,9,43,-8,59,-52,-14,8,-47,4,26,-55,70,-25,13
53.5800,0,-50,56,74,-37,81,-40,24,12,-58,47,21,-53,46,-28,21,5,-48,24,-16,-49,69,-37,15,9,-41,-47,40,-38,63,-44,30,8,-58,13,31,-59,61,-32,25,26,-47,-33,-3,-45,48,-33,19,10,-22,8,43,-6,63,-49,-15,8,-45,8,24,-50,60,-35,20
53.6000,0,-49,53,83,-29,64,-38,33,16,-49,40,19,-46,39,-25,33,10,-40,12,-15,-40,51,-39,27,6,-39,-44,34,-28,60,-45,38,0,-57,11,28,-54,49,-29,29,23,-45,-33,8,-37,41,-28,26,12,-25,6,54,10,58,-49,-11,9,-42,5,23,-43,47,-30,30
53.6200,6,-40,39,75,-19,59,-39,42,20,-39,30,13,-30,28,-19,47,11,-32,-1,-14,-28,43,-33,39,9,-30,-40,34,-15,53,-36,48,8,-47,9,30,-45,42,-30,46,26,-33,-15,8,-27,34,-31,32,9,-24,4,47,22,56,-37,-4,13,-35,5,23,-26,39,-29,40
53.6400,7,-33,21,74,-4,46,-31,55,20,-33,24,6,-13,26,-1,61,15,-28,-18,-22,-12,28,-23,52,10,-20,-29,30,-5,53,-25,55,11,-36,11,33,-27,32,-22,51,29,-27,-8,20,-17,30,-22,41,14,-26,9,49,27,59,-30,2,14,-29,3,21,-16,38,-18,49
53.6600,7,-23,10,70,11,43,-16,65,19,-25,21,9,2,25,9,62,18,-19,-29,-23,2,25,-13,67,10,-19,-12,25,6,49,-14,59,6,-31,14,37,-8,31,-8,68,20,-22,3,22,0,35,-11,50,15,-27,9,45,36,57,-15,10,11,-19,5,25,0,43,-17,59
53.6800,6,-15,-7,59,22,43,-3,71,13,-18,23,14,22,27,18,74,14,-12,-38,-20,18,26,4,73,8,-16,3,24,22,48,-1,60,11,-20,15,43,1,27,3,73,17,-15,8,31,6,35,1,58,20,-25,10,51,44,57,0,21,8,-19,9,22,12,43,0,66
53.7000,0,-7,-23,56,28,44,13,80,10,-10,27,19,32,33,32,73,14,-6,-40,-13,26,30,17,73,4,-11,19,20,28,58,6,61,7,-17,11,47,15,34,10,82,14,-20,20,32,20,38,9,60,22,-20,6,52,48,55,13,33,4,-12,8,21,25,43,15,65
53.7200,1,-7,-42,46,47,43,23,76,2,-8,27,25,37,40,38,69,9,-4,-44,-5,37,34,28,73,-2,-11,31,11,30,59,12,58,6,-7,24,54,27,41,22,77,8,-15,24,35,26,48,19,58,23,-16,4,52,47,55,27,39,-1,-13,7,27,32,47,23,62
53.7400,-11,-6,-46,38,46,53,34,72,-6,-13,36,31,34,45,40,61,2,-5,-41,8,44,41,35,71,-8,-11,34,7,27,59,18,51,-6,-6,26,64,26,46,30,72,-1,-16,28,28,27,52,25,56,29,-16,6,52,44,52,43,44,-5,-6,7,25,33,50,28,55
53.7600,-17,-8,-48,32,47,56,36,59,-19,-10,36,43,33,52,33,53,-7,-9,-31,18,41,52,45,66,-13,-13,41,-4,22,66,17,40,-12,-10,36,67,33,58,35,66,-3,-16,22,29,24,57,19,47,34,-17,6,49,44,48,52,44,-10,-9,0,24,31,53,32,51
53.7800,-17,-5,-43,24,40,65,39,49,-25,-13,38,54,29,55,29,45,-13,-8,-24,28,29,59,40,56,-16,-17,37,-12,18,62,4,29,-17,-12,44,72,25,67,28,55,-15,-17,20,33,21,59,21,40,28,-16,6,53,31,47,53,48,-12,-14,4,23,24,63,27,39
53.8000,-26,-12,-31,21,26,71,35,37,-29,-18,42,60,15,58,17,35,-25,-12,-6,33,18,57,38,42,-18,-19,30,-19,7,59,-2,24,-27,-13,44,67,20,70,21,44,-11,-21,16,34,13,63,13,27,21,-15,9,50,17,29,58,47,-16,-15,3,19,17,59,24,33
53.8200,-25,-13,-12,14,12,69,30,19,-28,-18,40,65,3,50,3,24,-22,-17,7,42,3,54,28,35,-22,-19,14,-23,-4,52,-13,13,-27,-18,51,68,9,68,14,27,-7,-21,17,32,6,63,10,18,21,-20,6,54,-1,28,59,42,-17,-14,10,21,4,62,11,20
53.8400,-22,-20,-2,14,-1,67,17,8,-32,-15,34,67,-9,42,-17,17,-19,-20,23,43,-12,53,12,24,-17,-22,5,-29,-11,44,-21,8,-26,-19,48,55,-6,69,3,21,-13,-27,16,36,-6,57,-1,12,9,-26,10,49,-15,17,53,34,-18,-16,8,19,-5,56,0,14
53.8600,-20,-25,16,9,-12,56,2,2,-22,-21,25,70,-22,35,-27,13,-23,-21,33,43,-22,45,3,17,-5,-20,-18,-27,-18,29,-31,3,-27,-15,41,46,-11,64,-11,11,-5,-23,14,37,-12,51,-14,12,11,-28,5,48,-27,4,43,29,-9,-19,11,19,-21,52,-10,7
53.8800,-14,-21,27,0,-21,48,-14,-6,-20,-12,18,69,-20,25,-38,6,-17,-26,37,42,-26,41,-11,16,0,-17,-25,-26,-22,27,-40,4,-22,-20,35,37,-23,53,-23,8,0,-18,12,49,-18,42,-26,8,0,-31,10,44,-38,5,34,26,-5,-17,8,22,-29,41,-17,6
53.9000,3,-25,38,0,-30,39,-20,-5,-4,-11,5,64,-26,13,-47,11,-8,-20,35,37,-36,28,-23,16,6,-14,-38,-20,-22,15,-48,6,-15,-13,24,21,-27,46,-34,7,2,-12,16,52,-22,32,-29,7,1,-35,8,44,-45,-7,19,25,-2,-13,5,22,-30,31,-29,7
53.9200,4,-19,41,-8,-31,26,-30,1,2,-7,-4,60,-24,3,-47,15,1,-9,36,37,-41,18,-24,20,17,-11,-42,-13,-23,7,-49,9,-6,-13,17,8,-30,32,-46,10,13,-10,22,61,-20,23,-38,11,-5,-41,14,47,-53,-11,9,20,8,-5,7,20,-28,21,-33,9
53.9400,12,-14,29,-10,-24,15,-38,7,12,1,-18,52,-18,-6,-44,20,7,-8,30,35,-40,7,-32,28,24,0,-44,-5,-19,0,-50,8,2,-4,4,1,-20,24,-42,12,20,-6,26,59,-18,18,-37,9,-8,-37,8,41,-57,-12,1,23,16,0,7,21,-19,11,-35,14
53.9600,22,-9,24,-14,-22,5,-34,12,16,1,-27,50,-7,-14,-42,29,14,0,29,29,-27,-2,-34,37,34,1,-45,3,-13,-5,-44,20,14,-2,-2,-10,-13,15,-41,19,23,-3,29,63,-11,13,-34,16,-7,-38,10,46,-55,-17,-6,22,24,2,7,19,-16,6,-31,17
53.9800,30,1,17,-23,-8,2,-32,20,27,13,-31,42,7,-12,-32,28,23,4,16,30,-14,-6,-27,41,32,2,-36,13,4,-3,-37,25,23,10,-14,-15,-5,5,-34,26,29,2,34,59,2,9,-33,19,-10,-36,14,41,-52,-16,-15,27,23,6,7,21,-6,3,-27,27
54.0000,31,-4,-3,-29,6,-7,-22,27,25,6,-31,33,18,-7,-18,31,27,5,11,31,-2,-2,-15,51,28,2,-23,27,9,1,-25,29,26,9,-16,-12,10,3,-27,33,24,2,36,58,13,11,-26,27,-5,-35,8,42,-50,-10,-18,31,25,11,11,25,6,4,-21,34
54.0200,38,-2,-14,-27,22,-1,-8,29,20,10,-30,25,28,1,-7,32,28,9,8,31,13,-4,-5,52,27,1,-14,33,16,6,-25,25,32,13,-22,-14,21,6,-16,36,25,2,33,55,22,17,-16,25,-9,-35,6,45,-36,-6,-14,35,24,9,4,22,13,4,-8,33
54.0400,38,-5,-27,-24,32,5,4,34,20,4,-27,21,36,11,4,26,24,3,9,36,22,7,4,48,20,-6,2,39,25,12,-11,29,30,9,-17,-7,35,8,1,33,18,-3,29,42,26,18,-6,22,-1,-25,9,43,-24,10,-17,37,21,-3,9,19,23,13,-2,36
54.0600,26,-6,-36,-15,39,10,15,28,11,-3,-8,20,39,25,15,19,17,0,13,37,32,15,14,45,11,-5,18,42,28,18,3,20,25,5,-12,-1,46,15,15,32,12,-6,23,36,33,25,0,18,-3,-20,11,43,-12,20,-15,43,15,-8,6,21,31,22,12,29
54.0800,16,-14,-42,-18,44,25,24,28,4,-10,3,15,44,34,16,17,4,-5,12,45,37,35,24,41,8,-13,28,50,29,32,9,20,19,-6,-3,6,40,35,24,30,9,-13,19,23,38,32,7,19,0,-13,10,43,-7,32,-8,45,11,-11,8,19,33,34,10,21
54.1000,11,-21,-47,-8,40,36,32,23,-2,-18,16,9,35,43,24,6,0,-13,17,49,37,45,25,37,-3,-25,36,48,21,40,6,15,16,-11,8,16,44,37,28,22,-1,-16,12,10,35,41,20,13,-1,-12,11,44,1,43,-6,42,2,-16,8,22,34,39,23,11
54.1200,6,-23,-37,3,36,51,34,11,-13,-24,28,6,23,52,18,1,-10,-24,19,56,28,50,32,25,-8,-23,36,47,20,45,3,7,13,-16,10,21,38,45,34,11,-5,-17,2,6,30,48,17,8,3,-4,5,46,7,58,-2,37,-3,-23,8,27,32,47,27,7
54.1400,-1,-30,-32,18,25,59,41,6,-13,-28,31,4,20,54,23,-1,-15,-24,31,56,21,61,26,20,-10,-33,40,45,12,51,4,5,4,-22,19,31,28,56,32,0,-5,-22,-9,-1,24,53,15,2,1,-3,7,49,9,67,2,35,-11,-27,9,25,20,54,21,6
54.1600,-6,-40,-19,22,18,60,34,6,-8,-32,39,-2,6,52,22,-6,-21,-31,35,49,15,60,21,12,-12,-32,37,43,-5,51,2,3,2,-30,26,30,15,49,26,-2,6,-24,-13,-10,16,55,18,-1,-1,0,9,51,8,76,3,30,-11,-34,7,20,8,56,25,2
54.1800,-4,-40,-7,30,3,60,29,4,5,-34,33,-5,-3,44,12,-11,-14,-35,36,46,1,63,18,12,-1,-37,27,42,-8,46,-1,4,6,-39,23,32,5,52,23,0,5,-24,-17,-11,5,53,15,0,11,3,10,50,5,79,1,24,-6,-34,4,20,-2,55,18,3
54.2000,-6,-43,7,40,-14,54,23,8,7,-36,29,-14,-14,34,10,-1,-14,-29,38,37,-9,57,9,14,2,-33,21,37,-19,39,-10,12,9,-40,18,31,-7,43,12,-2,13,-24,-16,-9,-7,48,10,-1,15,-1,8,46,7,78,5,23,4,-36,6,20,-16,50,16,7
54.2200,4,-39,23,46,-25,46,14,6,14,-30,19,-16,-21,24,5,3,-8,-28,34,27,-18,48,3,22,17,-22,16,34,-28,36,-14,22,16,-36,13,30,-25,42,7,1,19,-14,-13,-8,-14,36,5,7,13,-2,8,51,3,78,-1,15,9,-32,10,18,-22,37,7,10
54.2400,19,-36,34,51,-29,37,11,16,26,-25,5,-22,-29,11,-3,17,6,-21,25,15,-34,38,0,26,27,-19,13,41,-31,23,-15,29,21,-39,2,25,-32,30,0,9,37,-15,-6,-1,-22,29,4,13,22,-3,10,53,0,75,-6,10,20,-25,10,19,-29,29,4,18
54.2600,26,-29,39,45,-37,27,9,25,42,-13,-4,-21,-28,-2,4,26,22,-13,15,10,-34,32,0,34,43,-16,15,40,-26,16,-6,36,26,-29,-13,21,-37,16,-1,21,45,-10,2,3,-25,12,4,27,18,-1,12,53,-6,63,-5,16,35,-21,9,24,-30,21,6,28
54.2800,34,-24,45,46,-34,17,5,35,48,-8,-23,-21,-31,-9,6,34,34,-11,3,-1,-34,16,3,50,44,-10,13,42,-33,6,-10,42,38,-25,-28,16,-36,2,1,33,56,-2,5,14,-24,11,4,25,32,-4,12,52,-7,61,-8,9,47,-8,11,25,-29,10,1,38
54.3000,39,-13,47,47,-36,6,11,43,56,-6,-33,-23,-18,-19,14,41,41,-6,-8,-6,-32,5,8,58,48,-3,14,48,-23,3,0,48,41,-20,-40,13,-32,-8,0,41,63,-1,18,18,-27,4,8,31,38,-7,11,48,-7,49,-10,8,48,-4,10,23,-30,2,8,41
54.3200,51,-11,44,49,-28,-1,12,50,55,-2,-43,-14,-17,-20,17,48,44,2,-13,-8,-21,-2,14,68,51,-6,18,46,-23,2,4,48,43,-15,-36,12,-30,-10,9,54,67,-2,24,19,-21,-1,11,33,37,-2,9,50,-4,40,-10,15,50,-6,9,23,-24,2,15,47
54.3400,47,-9,33,42,-22,-6,16,60,52,0,-36,-3,-11,-25,23,49,43,2,-22,-6,-17,1,24,68,46,-4,25,50,-12,2,6,43,46,-13,-44,12,-27,-8,20,56,67,-5,23,27,-13,-1,15,39,42,-8,11,51,-5,27,-7,15,50,-1,12,18,-18,-2,18,52
54.3600,45,-7,26,44,-8,-5,25,59,48,-4,-39,6,-8,-21,28,49,49,4,-26,-7,-9,1,29,69,41,-6,33,49,-10,5,8,43,41,-17,-38,11,-20,-5,28,55,61,-7,18,25,-10,2,15,38,36,-12,12,49,1,23,0,19,47,-7,9,18,-11,-1,25,52
54.3800,37,-10,19,38,0,2,36,55,36,-10,-33,12,-3,-12,38,51,42,5,-22,-3,2,2,33,66,31,-15,39,44,-9,12,11,44,39,-14,-28,16,-14,-3,32,54,51,-13,18,26,-5,5,23,34,34,-17,13,51,9,21,5,20,38,-7,10,18,-7,0,30,48
54.4000,27,-16,11,37,3,10,31,48,21,-22,-21,24,-3,-6,33,36,32,-2,-17,1,3,8,40,60,16,-24,42,35,-6,15,13,35,21,-25,-21,18,-8,7,43,48,36,-18,7,20,-3,10,20,33,26,-25,13,44,11,13,11,23,26,-21,7,19,-8,12,33,39
54.4200,15,-28,8,39,7,22,34,47,7,-35,-13,34,-6,8,33,26,20,-15,-9,10,7,21,39,46,5,-30,36,26,-5,26,8,28,12,-28,-7,23,-8,14,36,47,26,-32,-5,24,-2,18,22,21,17,-26,14,42,11,14,14,23,14,-29,6,16,-5,22,29,35
54.4400,1,-37,7,39,-3,33,33,30,-4,-41,3,36,-12,18,21,24,4,-26,-1,15,3,27,36,35,-12,-40,34,21,-8,36,1,20,3,-38,15,28,-6,28,38,33,11,-43,-13,14,-6,30,20,16,9,-35,11,46,12,11,19,24,1,-39,7,18,-5,32,25,25
54.4600,-17,-46,12,42,0,45,28,23,-15,-50,13,45,-16,30,18,12,-5,-36,15,22,-5,39,25,27,-16,-45,25,12,-14,42,-2,12,-12,-45,31,27,-10,37,31,27,-4,-50,-24,19,-13,36,13,13,-1,-35,10,48,8,20,20,19,-11,-45,9,21,-11,41,23,16
54.4800,-30,-51,18,40,-5,51,15,14,-30,-56,25,51,-20,39,10,12,-18,-43,18,26,-13,43,17,22,-25,-51,18,8,-17,45,-15,8,-22,-49,52,31,-22,47,25,20,-13,-54,-30,14,-10,49,4,8,-10,-40,18,49,3,16,26,16,-28,-52,13,14,-13,49,12,14
54.5000,-40,-52,27,38,-11,64,9,11,-36,-53,37,52,-29,42,0,10,-27,-48,26,27,-13,46,0,16,-36,-51,5,2,-21,49,-20,14,-31,-55,60,33,-25,53,11,21,-23,-64,-34,11,-15,44,-2,7,-14,-48,10,45,-4,15,20,16,-32,-54,11,20,-25,54,2,10
54.5200,-39,-54,26,35,-19,66,1,11,-34,-57,40,55,-30,41,-13,10,-31,-52,29,21,-26,50,-5,10,-37,-46,-4,-7,-27,50,-25,17,-36,-57,65,29,-36,58,2,11,-24,-56,-30,15,-23,52,-7,9,-23,-42,13,45,-10,24,17,20,-35,-47,10,19,-25,55,-8,8
54.5400,-40,-53,33,32,-22,63,-15,11,-30,-42,41,48,-34,38,-16,16,-39,-48,29,23,-29,51,-19,19,-31,-39,-10,-8,-28,48,-26,26,-34,-54,66,38,-41,52,-4,15,-22,-50,-27,14,-31,53,-13,18,-22,-45,13,46,-18,23,21,19,-30,-50,13,18,-31,56,-11,13
54.5600,-40,-49,35,30,-29,63,-16,19,-33,-40,37,48,-34,34,-24,28,-32,-43,16,25,-32,48,-27,23,-25,-26,-17,-8,-24,50,-30,33,-32,-43,66,27,-42,52,-17,26,-20,-45,-21,23,-28,55,-17,17,-20,-42,11,53,-17,22,10,21,-29,-36,12,20,-28,52,-18,25
54.5800,-33,-42,35,24,-25,59,-21,29,-24,-29,34,50,-31,30,-25,34,-30,-35,8,16,-31,44,-29,39,-18,-21,-25,-6,-22,47,-34,43,-23,-35,57,30,-34,47,-22,36,-15,-31,-5,29,-24,49,-16,31,-16,-33,9,48,-21,25,8,25,-20,-31,8,18,-29,49,-18,30
54.6000,-20,-23,33,14,-21,50,-28,43,-12,-16,23,46,-24,26,-22,47,-16,-21,-4,17,-28,38,-27,50,-6,-7,-25,-4,-23,40,-24,49,-16,-22,44,29,-36,47,-25,42,-4,-17,12,32,-27,41,-11,40,-10,-32,8,56,-26,21,5,28,-12,-22,9,17,-27,43,-16,44
54.6200,-5,-11,27,7,-15,41,-17,49,1,-5,22,41,-16,23,-13,58,-11,-7,-14,14,-18,31,-20,62,5,6,-17,4,-9,33,-23,55,-9,-6,26,29,-28,40,-23,50,5,-8,28,38,-18,40,-7,55,-3,-21,4,61,-32,22,4,39,-2,-8,10,24,-17,39,-17,47
54.6400,3,3,14,3,-10,39,-14,61,9,9,14,34,-4,23,-8,64,-2,-3,-24,9,-11,27,-8,68,14,16,-11,6,-10,31,-19,56,2,4,14,31,-13,34,-16,54,17,5,41,36,-9,33,-5,55,5,-13,6,52,-32,24,0,35,9,4,12,22,-10,35,-9,55
54.6600,15,11,5,-4,0,35,-5,67,12,18,12,30,1,21,1,68,9,10,-27,15,-7,23,-3,71,24,25,-2,16,2,30,-11,57,8,12,4,28,-2,28,-8,61,19,10,51,38,-7,36,-1,57,14,-9,12,55,-29,28,7,45,16,16,11,24,-4,37,-2,60
54.6800,26,21,-4,-4,11,36,7,64,20,24,12,29,7,21,8,62,13,13,-29,18,7,24,7,76,29,25,6,19,4,31,-8,58,15,22,-4,27,7,32,-6,61,32,18,60,37,0,29,5,59,20,0,0,52,-27,23,8,45,18,22,12,23,8,32,7,63
54.7000,31,21,-13,-5,16,32,19,63,20,20,13,32,17,26,11,55,19,18,-28,12,15,30,20,70,31,23,17,24,7,33,-3,49,23,21,-11,30,19,37,6,57,28,18,61,42,6,31,9,51,22,6,8,51,-22,25,11,42,24,29,11,27,13,36,16,53
54.7200,33,26,-14,-11,23,39,28,50,19,18,16,33,20,32,15,49,19,21,-19,18,13,34,27,67,30,23,24,28,8,38,-1,38,24,21,-9,30,18,35,9,52,35,21,60,40,8,39,16,44,33,8,8,54,-17,31,10,38,25,19,9,21,14,37,21,43
54.7400,30,19,-22,-3,27,46,25,44,18,14,24,30,16,39,21,32,22,17,-5,23,19,36,29,47,29,16,25,29,8,42,-4,28,20,19,-12,29,23,44,15,38,28,12,58,35,12,42,12,31,29,7,8,53,-12,36,9,37,20,17,9,26,13,40,19,35
54.7600,22,13,-24,2,22,51,26,30,14,9,27,25,12,41,12,20,14,10,13,27,11,44,32,45,21,11,22,25,9,45,-12,13,22,15,-8,28,22,49,13,25,22,8,47,31,12,43,10,24,31,1,9,50,-4,41,11,32,18,7,8,26,12,45,15,24
54.7800,27,0,-14,3,22,52,25,11,5,-3,31,26,15,48,3,-4,5,4,21,38,4,49,28,29,16,-4,16,24,1,50,-18,-3,15,5,-2,33,23,63,10,12,21,-2,36,32,0,53,2,5,27,-5,11,46,-12,49,7,23,13,-2,14,20,11,50,8,4
54.8000,17,-5,-15,10,8,58,18,-1,1,-16,34,20,4,46,-3,-7,-2,-3,38,40,2,52,17,17,6,-13,11,19,-2,49,-25,-11,11,-7,7,29,14,62,5,3,16,-4,27,26,5,49,-7,-5,24,-10,12,48,-12,55,3,20,12,-13,10,23,2,55,2,1
54.8200,14,-21,-2,11,-1,59,3,-9,-4,-22,35,18,-8,46,-12,-20,-4,-17,52,42,-7,52,9,6,3,-21,2,15,-9,42,-32,-17,4,-19,10,28,10,59,-2,-11,13,-18,12,28,3,50,-18,-13,17,-19,14,43,-8,51,1,15,6,-17,16,19,-6,51,-6,-5
54.8400,8,-30,7,21,-3,55,-6,-23,-6,-30,30,12,-11,44,-24,-16,-2,-27,63,44,-14,53,-2,1,4,-32,-8,11,-12,46,-42,-22,7,-21,10,24,-3,57,-10,-20,10,-27,0,19,-3,50,-24,-18,11,-24,15,45,-8,56,-4,7,7,-25,17,22,-10,53,-11,-18
54.8600,11,-35,17,24,-12,54,-14,-20,-8,-33,23,9,-21,37,-27,-17,-4,-34,72,44,-23,47,-15,-1,1,-41,-21,13,-16,39,-44,-16,1,-28,14,25,-10,55,-15,-24,10,-25,-9,25,-13,47,-38,-17,9,-28,18,47,-7,57,-12,9,6,-33,7,19,-16,45,-21,-14
54.8800,4,-39,20,25,-16,48,-25,-21,-6,-34,16,6,-14,27,-33,-13,-6,-35,66,46,-24,40,-22,-1,0,-38,-19,8,-13,36,-41,-15,6,-35,17,22,-19,49,-21,-16,10,-32,-13,22,-19,45,-36,-18,1,-35,18,45,-15,58,-14,6,-1,-35,12,16,-22,41,-23,-12
54.9000,7,-49,24,21,-14,41,-28,-16,1,-36,10,6,-11,21,-29,-4,-3,-42,63,41,-29,30,-24,8,2,-42,-27,11,-11,29,-51,-5,5,-32,15,20,-23,39,-25,-12,7,-25,-10,23,-9,37,-37,-4,7,-43,15,40,-16,54,-15,10,2,-38,15,22,-19,35,-26,-8
54.9200,3,-43,23,20,-13,29,-28,-6,8,-30,7,4,-6,16,-27,10,-4,-32,53,45,-26,22,-23,17,5,-36,-25,10,-8,23,-38,6,11,-33,18,19,-22,30,-25,-8,16,-29,-10,28,-7,28,-32,-1,4,-36,12,46,-8,47,-16,21,9,-33,9,19,-20,24,-28,0
54.9400,4,-39,20,21,-11,19,-21,4,12,-25,-6,2,-3,6,-12,24,-2,-35,34,37,-16,12,-22,28,10,-30,-19,19,-2,15,-28,16,11,-37,10,21,-13,20,-17,5,16,-22,-7,26,-3,25,-20,12,6,-39,15,51,-12,40,-11,24,6,-31,14,22,-11,19,-19,11
54.9600,8,-39,17,18,-3,14,-10,21,16,-20,-13,6,3,5,-2,25,1,-26,22,33,-13,10,-13,39,8,-27,1,21,1,18,-15,25,15,-27,11,17,-13,15,-9,19,21,-21,-7,30,3,22,-16,18,9,-37,11,56,-9,35,-8,28,11,-27,14,19,-6,14,-10,29
54.9800,6,-36,6,15,7,12,-2,33,19,-17,-15,11,10,2,10,38,3,-19,10,34,-2,6,-2,49,13,-21,4,24,3,17,-4,39,14,-27,0,20,-7,6,1,29,21,-20,8,30,9,17,-2,31,8,-32,12,61,-5,33,-2,41,17,-23,10,18,4,12,1,36
55.0000,8,-30,-6,11,20,16,16,43,20,-16,-19,8,16,5,23,46,6,-15,-6,33,8,6,13,60,12,-17,29,32,9,16,11,44,19,-23,4,19,-1,6,12,38,21,-12,8,27,17,19,16,34,12,-29,9,63,-5,21,6,40,16,-19,9,21,6,13,15,44
55.0200,7,-26,-15,13,24,15,29,53,15,-12,-15,16,25,3,33,47,11,-11,-12,32,19,10,25,60,13,-13,40,36,14,16,20,52,11,-14,5,20,7,5,30,44,20,-3,13,25,11,22,21,38,11,-24,15,68,2,27,13,48,13,-14,8,22,13,15,23,45
55.0400,8,-19,-20,11,25,20,42,53,15,-10,-8,15,21,12,37,50,4,-6,-20,28,18,14,36,66,12,-13,50,37,13,22,26,48,9,-17,6,18,11,13,36,50,23,-6,9,22,18,23,33,39,6,-18,13,71,1,27,18,48,12,-12,12,22,15,20,34,49
55.0600,6,-18,-17,14,24,25,53,56,8,-14,-3,20,19,15,42,44,6,-4,-20,26,20,22,41,67,3,-16,62,41,16,26,28,48,13,-17,8,22,13,13,47,52,20,-6,17,27,22,29,38,36,9,-15,4,73,4,25,23,47,3,-13,12,26,15,25,47,45
55.0800,4,-15,-17,16,17,30,59,55,7,-13,7,22,6,26,43,36,-5,-4,-18,25,13,31,50,57,2,-17,61,41,0,31,33,40,4,-16,11,16,3,25,49,43,18,-5,15,26,8,34,43,29,2,-17,13,74,-1,29,28,41,5,-13,11,23,6,32,49,41
55.1000,-8,-20,-11,22,13,43,59,48,3,-19,13,26,-2,28,41,31,-7,-9,-8,24,7,40,45,52,-4,-14,63,39,-2,33,27,36,3,-20,20,18,-5,28,46,37,17,-10,11,16,-3,35,37,27,-1,-11,7,70,-5,33,27,37,2,-15,9,20,-1,34,42,35
55.1200,-8,-23,0,23,4,44,52,37,1,-17,16,28,-12,31,32,23,-11,-8,-1,22,-2,47,44,46,-1,-13,53,36,-13,35,21,29,-4,-20,15,16,-12,30,42,30,13,-12,6,16,-8,40,34,19,-6,-13,8,60,-8,30,25,30,-4,-18,8,20,-8,39,38,35
55.1400,-8,-23,16,25,-13,47,43,33,-5,-16,19,28,-28,27,27,16,-8,-11,5,16,-11,50,36,38,-2,-18,43,35,-30,32,11,28,-2,-25,22,16,-19,40,37,24,6,-17,7,13,-21,39,26,17,-7,-16,9,48,-9,36,20,22,-2,-16,9,24,-22,43,33,22
55.1600,-9,-21,31,33,-23,52,31,23,-6,-27,24,24,-31,28,13,18,-9,-12,13,20,-23,49,24,29,0,-24,32,37,-37,32,3,24,-6,-24,26,14,-33,40,21,19,8,-17,2,16,-30,40,18,7,-9,-13,8,33,-19,42,17,14,1,-19,9,22,-31,44,19,15
55.1800,-8,-27,41,37,-36,50,21,21,-5,-25,16,24,-43,29,1,14,-7,-16,20,15,-35,44,16,31,1,-18,13,33,-39,34,-9,19,-5,-30,26,10,-43,44,14,19,13,-17,0,17,-38,39,6,10,-14,-19,9,21,-21,43,1,12,5,-21,8,24,-42,43,7,15
55.2000,-6,-27,47,43,-43,42,8,18,1,-19,10,19,-45,19,-10,10,-4,-17,22,9,-41,38,2,23,7,-14,4,28,-44,28,-19,21,-4,-25,18,14,-53,37,0,18,14,-20,3,17,-44,33,-2,6,-5,-12,10,8,-23,40,-9,4,3,-22,11,19,-47,39,1,13
55.2200,-1,-19,56,41,-46,36,-5,20,3,-23,8,17,-49,14,-18,15,1,-14,23,11,-47,39,-12,23,14,-16,-9,26,-47,26,-29,19,6,-25,17,11,-53,35,-10,18,11,-21,8,21,-47,29,-11,6,-5,-18,11,-1,-28,35,-13,5,7,-20,16,21,-48,35,-14,18
55.2400,1,-19,53,45,-45,32,-12,20,10,-17,4,11,-44,9,-23,17,11,-9,15,11,-49,23,-17,29,13,-11,-18,29,-45,22,-34,23,5,-17,10,9,-54,32,-19,21,22,-20,12,12,-50,22,-17,13,-3,-11,13,-11,-23,34,-20,6,11,-15,14,22,-47,27,-19,21
55.2600,10,-15,53,41,-49,25,-19,22,14,-16,-1,11,-36,3,-25,25,8,-8,17,5,-42,18,-21,31,25,-14,-18,24,-39,18,-34,29,12,-18,2,3,-50,29,-24,26,28,-18,13,17,-46,10,-26,14,6,-13,14,-21,-22,32,-28,6,15,-15,14,15,-40,20,-18,22
55.2800,16,-8,48,34,-37,18,-22,27,15,-14,-7,10,-30,-1,-28,32,20,-9,10,5,-39,18,-24,36,22,-8,-20,22,-27,17,-35,30,18,-16,-3,4,-43,22,-24,33,33,-11,23,11,-41,18,-23,21,9,-11,20,-26,-20,29,-24,13,20,-16,16,16,-38,18,-18,20
55.3000,18,-7,42,34,-28,17,-22,31,22,-9,-3,9,-19,6,-17,31,19,-3,7,6,-30,13,-19,40,20,-9,-19,17,-19,17,-37,33,20,-3,-4,8,-31,19,-17,32,31,-12,21,10,-28,12,-21,24,10,-8,22,-27,-13,25,-29,17,23,-9,10,14,-24,16,-20,27
55.3200,20,-8,25,23,-13,18,-16,30,20,-8,-2,4,-11,8,-10,34,21,-7,4,4,-19,13,-18,40,20,-2,-12,14,-12,20,-28,32,22,-9,-5,9,-19,19,-16,34,25,-8,25,1,-20,19,-22,25,22,-8,20,-18,-10,26,-22,24,21,-9,17,13,-12,22,-15,33
55.3400,23,-5,12,22,2,20,-15,36,19,-7,-1,5,6,11,1,35,19,-7,4,6,-5,17,-9,46,19,-3,-8,16,1,24,-27,33,22,-8,-6,10,-11,25,-9,38,29,-6,22,-1,-6,23,-15,28,20,-5,24,-8,-4,30,-16,29,21,-12,18,6,-2,25,-10,35
55.3600,19,-7,4,11,9,29,-3,39,17,-8,9,10,8,23,8,34,17,-3,-1,10,3,22,-1,40,20,-9,3,9,7,35,-19,34,23,-7,-6,5,-3,27,-4,32,28,-9,21,0,2,28,-8,32,25,-5,28,17,8,31,-6,32,17,-7,15,7,5,29,-4,33
55.3800,17,-7,-6,7,27,36,7,35,11,-14,19,11,12,27,10,36,10,-4,3,9,8,31,9,41,10,-13,11,8,16,45,-12,28,21,-12,-2,11,10,35,7,36,22,-8,17,-1,9,32,1,31,24,-3,26,41,10,29,-1,37,15,-10,10,5,8,36,6,31
55.4000,16,-11,-17,8,24,44,15,34,3,-16,27,17,16,38,22,31,3,-13,3,8,14,36,13,41,7,-12,23,5,12,49,-4,30,15,-12,6,14,15,44,16,28,17,-14,11,1,9,44,9,29,24,-8,26,69,9,39,11,35,12,-14,15,4,14,44,13,31
55.4200,6,-15,-20,11,24,60,19,33,1,-19,33,25,13,45,20,28,3,-16,6,15,8,51,21,38,3,-13,27,4,19,53,-3,25,9,-16,12,23,18,53,16,25,13,-12,6,0,9,51,13,22,18,-8,18,98,10,39,18,36,6,-19,12,9,14,51,19,26
55.4400,0,-21,-20,8,30,64,25,27,-4,-18,37,29,10,52,23,21,-2,-24,9,20,11,55,22,39,-3,-23,21,9,11,56,-3,19,0,-24,19,28,18,59,17,21,5,-21,4,9,12,58,14,24,12,-12,15,126,7,44,21,31,0,-20,12,14,8,56,23,23
55.4600,-5,-27,-16,16,17,67,24,18,-10,-26,43,40,5,51,20,19,-11,-22,15,22,2,57,25,37,-7,-25,29,12,3,63,4,16,5,-24,29,32,10,63,19,21,2,-21,-3,16,5,63,12,19,10,-17,11,152,3,44,24,27,-10,-27,11,20,6,63,20,21
55.4800,-10,-27,-11,21,9,71,22,14,-10,-27,49,43,-6,51,19,22,-19,-30,17,27,-5,60,19,33,-9,-23,24,15,-6,56,-4,19,-6,-27,32,37,10,64,16,19,0,-21,-1,30,2,59,9,17,8,-22,7,173,-2,46,29,23,-8,-28,10,29,-4,59,17,16
55.5000,-10,-27,2,29,2,69,23,15,-9,-28,44,47,-12,48,10,21,-13,-28,18,34,-12,57,15,29,-8,-23,18,26,-15,56,-5,18,-13,-32,29,41,-1,57,10,18,0,-22,-5,30,-7,55,10,18,4,-24,-7,189,-12,48,24,14,-8,-30,13,33,-11,64,9,16
55.5200,-6,-34,13,32,-3,66,12,13,-9,-23,40,55,-16,37,4,24,-15,-29,25,35,-16,52,9,32,-13,-23,8,32,-18,56,-12,19,-6,-29,36,45,-10,54,6,18,1,-21,0,45,-13,54,5,21,0,-29,-8,186,-22,46,17,14,-13,-28,14,40,-19,56,7,16
55.5400,-10,-30,22,34,-13,59,13,18,-4,-21,34,52,-26,29,4,26,-15,-24,18,41,-29,43,11,33,-7,-20,13,36,-23,49,-15,22,-10,-30,39,53,-13,49,1,19,6,-18,4,50,-17,53,6,16,-2,-31,-5,184,-27,40,16,12,-6,-25,9,43,-20,45,2,21
55.5600,-6,-26,30,42,-17,49,7,24,1,-18,24,54,-23,23,-2,26,-13,-22,21,39,-29,38,4,34,-5,-12,14,46,-27,37,-11,24,-7,-27,39,54,-23,39,3,24,9,-10,6,55,-23,42,0,22,2,-27,-13,166,-29,35,8,12,-11,-17,11,43,-25,42,8,22
55.5800,-2,-22,36,40,-23,44,3,27,2,-13,16,56,-24,16,-5,31,-7,-14,16,37,-28,28,8,42,-2,-14,8,43,-30,29,-15,26,-3,-23,28,57,-26,28,8,29,8,-2,21,57,-25,36,-5,26,0,-22,-16,132,-31,29,7,15,4,-15,22,45,-26,30,0,25
55.6000,0,-13,37,37,-23,29,6,28,7,-10,7,48,-22,6,-3,38,-4,-11,16,31,-27,19,-3,45,3,-11,9,47,-29,24,-16,32,-6,-18,23,54,-21,25,-1,31,12,-5,26,57,-24,31,-4,24,6,-24,-10,96,-37,23,5,16,3,-11,21,47,-27,24,0,31
55.6200,0,-13,38,35,-22,22,3,31,7,-4,2,44,-19,4,-4,40,-3,-10,9,29,-27,14,1,52,8,-2,12,37,-25,13,-20,33,-1,-15,21,52,-24,15,0,31,17,6,30,54,-21,21,-3,29,9,-25,-3,50,-33,19,2,20,1,-4,20,38,-23,18,-1,38
55.6400,8,-11,26,28,-15,20,5,32,10,-3,-7,32,-21,5,-4,39,7,-3,10,27,-24,8,3,50,8,-2,9,30,-21,14,-17,32,3,-9,13,47,-17,11,4,36,16,3,37,47,-9,18,-2,32,15,-21,3,4,-29,15,0,20,13,-5,19,33,-20,14,-1,35
55.6600,7,-5,27,20,-19,14,13,32,10,3,-4,23,-6,6,-2,36,7,-1,7,16,-15,12,9,51,6,2,14,23,-14,16,-17,37,3,-7,20,33,-18,10,5,40,26,2,37,36,-5,15,1,28,14,-17,14,-45,-25,15,6,24,16,-1,20,21,-14,15,0,29
55.6800,9,-9,14,7,-7,17,7,32,13,1,-7,17,-4,10,2,33,12,5,6,11,-10,13,4,54,7,0,16,13,-12,18,-17,34,6,-3,13,23,-17,13,9,32,22,7,37,25,-4,19,-3,29,14,-18,22,-88,-22,17,2,27,11,2,21,10,-11,19,2,30
55.7000,3,-4,5,0,-3,19,9,32,9,-2,-4,-1,2,13,1,29,7,3,6,3,-6,15,8,48,12,4,12,4,-4,19,-17,27,3,-8,5,12,-10,18,6,32,23,1,35,12,-1,22,1,18,16,-13,35,-118,-12,13,0,25,11,0,17,-3,-6,22,3,33
55.7200,8,-9,4,-15,-1,28,14,29,4,-5,2,-5,1,22,2,21,2,2,9,-2,-3,18,3,41,8,-3,13,-7,-6,25,-14,20,4,-9,9,1,-9,20,8,28,19,3,29,3,-2,26,3,15,17,-13,49,-145,-6,20,-2,26,8,-6,15,-8,1,24,1,27
55.7400,0,-13,-2,-16,-3,30,10,24,5,-6,11,-18,1,28,0,17,0,-4,26,-14,1,28,13,36,6,-5,14,-21,-2,26,-16,20,4,-9,8,-4,-7,32,9,21,17,-3,22,-9,7,28,-3,10,12,-16,58,-156,-6,24,7,27,10,-5,14,-21,-1,35,4,20
55.7600,-4,-13,1,-27,-7,38,8,18,-1,-12,16,-26,3,32,-4,14,-5,-8,22,-13,2,36,6,28,4,-15,7,-29,-2,37,-22,16,0,-12,11,-14,-7,36,9,17,12,-10,20,-18,1,38,-2,10,11,-13,66,-157,-4,31,3,26,4,-2,12,-25,0,35,2,13
55.7800,-4,-18,-2,-28,-2,46,8,16,2,-18,21,-32,0,39,-4,10,-8,-12,26,-17,1,36,2,23,1,-10,13,-34,-7,40,-19,13,1,-15,19,-23,-11,41,7,13,9,-9,14,-25,-3,42,-2,6,13,-16,73,-140,-1,40,-3,25,1,-15,13,-34,-8,41,-2,12
55.8000,-6,-19,0,-30,-1,52,5,13,-1,-15,26,-27,-6,43,-9,4,-10,-16,29,-18,-2,49,1,22,-3,-14,10,-36,-8,44,-21,11,0,-16,24,-31,-12,48,0,14,11,-16,13,-27,-3,45,-5,1,7,-20,70,-113,-6,43,1,20,1,-22,13,-32,-7,47,-1,6
55.8200,-10,-22,6,-26,-4,56,-1,12,0,-19,32,-28,-8,43,-9,3,-12,-18,30,-17,-2,47,-4,17,1,-17,5,-34,-10,46,-23,7,-2,-23,23,-26,-17,46,-3,6,11,-20,4,-19,-7,49,-7,-1,9,-22,68,-66,-12,53,6,21,1,-20,16,-25,-8,51,-5,5
55.8400,-10,-25,13,-20,-12,54,-2,9,1,-24,31,-21,-10,49,-10,12,-10,-20,36,-6,-12,48,-1,20,0,-18,1,-15,-16,45,-22,3,0,-24,24,-17,-14,49,-1,5,8,-19,4,-15,-17,50,0,-2,2,-21,57,-24,-11,55,2,21,-4,-18,16,-18,-12,53,-2,11
55.8600,-3,-23,17,0,-7,50,0,19,-2,-20,32,-10,-13,45,-7,11,-7,-19,37,10,-14,53,-5,25,4,-16,8,-4,-15,44,-24,12,-1,-21,18,-10,-14,53,-11,8,14,-18,4,4,-20,50,-8,2,-3,-23,45,34,-16,59,3,26,1,-22,19,-3,-21,53,-1,9
55.8800,-3,-24,20,9,-10,52,2,24,3,-21,26,7,-15,32,-3,15,-7,-15,30,28,-18,45,1,29,7,-16,8,14,-15,39,-19,14,-2,-27,20,3,-19,41,-6,15,13,-21,7,21,-20,43,-1,9,-4,-22,22,86,-16,56,4,24,4,-17,15,13,-23,46,-7,12
55.9000,3,-24,22,27,-8,53,0,22,4,-16,24,25,-18,33,-3,18,-7,-19,26,38,-17,36,1,32,5,-11,8,30,-15,36,-17,19,3,-22,15,18,-22,43,2,18,18,-18,8,38,-19,40,-1,15,-3,-21,2,138,-23,53,0,27,8,-19,15,35,-15,39,-5,15
55.9200,2,-14,20,45,-13,42,1,30,9,-13,20,43,-12,27,1,23,1,-16,20,60,-17,38,2,35,12,-8,19,57,-9,37,-15,24,7,-22,9,37,-18,40,-1,23,20,-14,14,60,-20,41,0,17,-5,-21,-20,190,-26,59,0,31,7,-15,21,48,-19,40,4,25
55.9400,5,-12,18,61,-13,38,8,34,10,-6,17,55,-15,26,3,29,-1,-10,13,73,-22,31,11,43,12,-9,22,76,-9,35,-7,27,6,-17,8,52,-15,33,-1,27,20,-15,17,75,-23,33,1,20,2,-23,-35,231,-22,55,-2,32,7,-17,20,66,-15,33,6,28
55.9600,12,-8,24,71,-8,38,12,39,13,-9,13,71,-10,22,10,33,8,-7,9,86,-12,28,13,45,15,-8,30,92,-7,31,-4,28,11,-18,8,64,-17,29,5,29,20,-9,23,88,-14,32,8,31,2,-20,-59,259,-19,49,2,35,12,-14,13,75,-19,28,13,30
55.9800,14,-8,14,80,-7,34,18,41,15,-7,7,78,-11,18,19,34,3,-9,5,96,-9,28,22,44,15,-4,35,95,-8,25,0,36,9,-14,8,76,-16,27,13,32,18,-9,16,91,-16,32,18,32,-3,-20,-69,278,-15,40,8,40,13,-10,18,86,-11,25,15,41
56.0000,17,-5,8,84,-1,38,18,42,10,-6,1,82,-8,20,18,33,5,-14,1,96,-8,26,21,47,17,-6,34,96,-9,27,6,35,11,-14,0,84,-12,28,15,36,23,-7,16,88,-18,35,20,30,2,-11,-76,276,-21,38,11,39,9,-10,14,88,-10,27,23,41
56.0200,7,-1,9,79,0,37,22,37,6,-8,1,76,-10,19,24,31,4,-12,-1,92,-9,32,27,44,12,-6,30,93,-4,31,3,32,12,-11,0,71,-8,30,19,31,22,-7,16,78,-11,30,19,32,6,-12,-72,261,-12,36,11,38,8,-9,9,85,-7,31,27,32
56.0400,7,-7,4,71,0,34,21,38,9,-11,-2,68,-10,25,22,28,4,-16,-5,89,-6,28,25,49,4,-6,26,79,-3,28,3,32,7,-13,2,69,-10,27,22,30,17,-15,14,66,-9,30,23,29,4,-9,-62,231,-12,36,15,40,5,-9,9,65,-12,33,22,30
56.0600,8,-12,2,61,0,34,26,31,8,-18,-6,55,-6,19,15,25,-2,-16,-3,70,-9,28,28,42,5,-7,21,58,-10,30,3,25,1,-14,5,59,-8,32,21,28,15,-13,9,46,-11,27,18,28,5,-4,-53,188,-8,29,13,35,7,-13,3,51,-12,33,20,28
56.0800,3,-10,-3,47,-1,39,23,29,4,-16,-7,32,-11,19,11,20,-2,-17,-6,48,-14,33,23,41,10,-19,17,40,-11,29,-1,21,3,-18,0,39,-15,32,25,24,15,-14,2,24,-8,33,12,24,7,-3,-28,140,-11,29,9,29,2,-13,-1,35,-16,35,17,25
56.1000,3,-18,-5,29,-3,42,18,21,-1,-21,-3,9,-18,23,5,23,-11,-20,-3,26,-14,34,22,33,0,-13,8,15,-22,34,-5,20,0,-23,-2,23,-15,37,11,21,9,-15,-12,-1,-19,34,10,22,3,-7,-3,86,-8,38,13,30,1,-16,-2,11,-17,35,16,20
56.1200,-4,-14,0,10,-13,47,11,14,-2,-24,-4,-4,-18,22,-2,12,-9,-23,3,5,-18,30,11,31,-4,-13,-3,-8,-20,30,-12,19,-2,-24,2,-1,-18,32,11,17,11,-20,-9,-20,-20,35,6,18,3,-7,27,30,-9,35,13,23,3,-16,2,-13,-23,35,10,17
56.1400,-2,-20,6,-10,-15,37,8,16,-2,-26,2,-26,-25,24,-5,22,-11,-24,3,-16,-22,34,5,27,1,-17,-3,-30,-23,30,-18,14,-3,-26,6,-18,-28,34,5,14,8,-11,-7,-41,-26,35,0,16,2,-12,55,-26,-13,29,5,18,2,-21,-1,-24,-25,35,2,12
56.1600,-3,-18,15,-25,-16,42,2,16,0,-24,6,-44,-29,23,-9,19,-11,-25,14,-41,-24,33,6,26,-3,-15,0,-47,-21,26,-21,13,-4,-19,11,-35,-28,37,-2,12,9,-15,-4,-56,-27,31,-8,14,3,-10,75,-69,-15,26,4,16,-5,-22,4,-46,-28,41,-3,16
56.1800,-3,-18,28,-38,-18,35,4,18,1,-20,11,-51,-30,21,-10,18,-6,-20,22,-55,-29,30,0,29,2,-15,-5,-56,-26,30,-20,14,-3,-23,17,-48,-28,38,-5,15,7,-19,6,-66,-32,36,-11,12,4,-14,100,-107,-14,34,-1,10,0,-19,12,-58,-30,36,-7,16
56.2000,2,-15,41,-47,-18,38,-7,12,6,-21,21,-59,-26,18,-13,21,-5,-24,22,-66,-28,25,-7,34,5,-11,6,-56,-32,26,-23,14,-2,-19,23,-57,-27,29,-3,16,12,-10,13,-68,-30,29,-14,18,3,-12,120,-131,-16,32,-7,10,0,-18,20,-64,-26,30,-8,19
56.2200,0,-16,40,-49,-18,33,-3,21,6,-14,29,-58,-24,19,-12,24,-4,-13,31,-70,-29,24,-7,32,3,-14,13,-58,-31,26,-27,20,6,-18,27,-60,-33,30,-11,18,16,-9,30,-62,-31,33,-13,22,7,-10,132,-134,-18,33,-9,4,3,-14,28,-61,-25,34,-10,25
56.2400,4,-13,52,-41,-19,33,-1,24,8,-12,32,-51,-19,19,-9,29,3,-12,36,-69,-25,24,-3,36,16,-8,26,-47,-25,27,-23,23,5,-11,35,-49,-29,32,-6,26,16,-3,45,-49,-29,31,-10,20,12,-10,130,-132,-16,34,-9,-1,4,-12,38,-52,-23,29,-11,25
56.2600,6,-13,54,-32,-10,28,-2,28,12,-10,47,-38,-15,21,-9,33,-2,-15,45,-59,-20,23,-6,41,10,-9,34,-34,-25,30,-27,26,7,-10,44,-43,-24,31,-8,28,15,-6,57,-35,-18,30,-10,28,12,-17,126,-113,-18,38,-15,8,8,-9,50,-38,-19,30,-4,28
56.2800,8,-8,59,-20,-9,31,4,33,12,-10,56,-22,-7,22,-3,35,3,-9,46,-46,-17,27,0,37,14,-9,46,-13,-18,30,-18,29,10,-12,49,-28,-18,31,-3,32,20,-2,61,-21,-19,31,-9,28,7,-12,112,-89,-14,36,-11,12,11,-10,56,-19,-11,32,0,30
56.3000,11,-6,56,-4,-12,34,5,31,9,-4,62,-3,-11,21,5,37,1,-6,48,-26,-17,28,10,44,13,-10,59,14,-12,34,-11,31,12,-10,51,-5,-10,30,2,31,20,4,68,1,-13,37,-2,27,15,-11,93,-60,-10,38,-4,16,12,-6,61,-1,-14,39,2,32
56.3200,7,-5,54,14,-3,36,13,35,8,-3,62,28,1,28,6,38,-1,-11,47,-3,-12,28,13,53,10,-5,63,32,-12,39,-6,32,12,-6,55,9,-13,36,3,33,18,5,68,22,-10,43,0,28,15,-12,64,-28,-7,38,-6,18,10,-7,62,19,-5,38,9,33
56.3400,10,-6,49,30,1,45,15,34,10,-2,62,49,-1,35,13,33,2,-5,46,16,-11,34,7,46,10,-7,63,46,-9,40,0,29,6,-10,51,34,-5,40,8,35,21,5,64,48,-3,44,4,29,14,-15,34,10,-1,41,0,18,8,-10,54,39,-5,45,12,29
56.3600,7,-13,39,56,2,46,19,32,7,-4,63,69,1,36,10,29,2,-5,41,39,-7,38,20,43,2,-9,53,64,-7,44,-11,27,6,-7,45,54,-6,42,11,31,17,6,57,66,-1,50,7,28,11,-12,2,44,-7,47,1,17,4,-10,51,58,-1,44,8,27
56.3800,-1,-13,31,69,-5,50,21,31,-3,-6,52,82,1,43,16,28,0,-9,39,62,-1,45,20,44,4,-12,45,82,-7,48,-5,26,5,-9,42,71,-4,52,12,24,14,-2,41,81,-3,50,8,24,11,-15,-29,74,-5,45,3,20,1,-11,38,71,-3,49,17,30
56.4000,-1,-13,13,83,-4,52,21,29,-2,-11,39,96,-4,40,12,28,-6,-15,32,76,-8,46,19,42,4,-10,32,83,-7,52,-3,19,-3,-16,36,83,-8,57,17,23,15,-3,21,96,2,54,4,24,8,-19,-57,96,-7,43,13,19,0,-15,25,79,-5,57,14,26
56.4200,-1,-21,-1,89,-8,57,17,23,-6,-8,26,103,-5,45,6,20,-10,-12,16,88,-11,52,17,29,2,-15,17,89,-10,48,-11,17,0,-20,21,94,-13,55,12,17,9,-5,6,94,-8,60,1,16,7,-19,-87,120,-11,45,9,20,-4,-13,12,86,-10,53,13,21
56.4400,-5,-20,-11,92,-14,58,15,22,-9,-13,6,104,-6,43,4,16,-8,-16,0,91,-11,52,11,33,-6,-19,-3,84,-12,49,-12,15,-10,-19,4,97,-12,55,10,20,10,-6,-13,97,-8,56,2,11,8,-24,-101,130,-14,46,10,17,0,-15,-6,93,-11,55,6,20
56.4600,-4,-21,-24,89,-11,55,16,18,-7,-17,-3,103,-12,36,-2,13,-10,-19,-7,90,-16,51,5,29,-1,-18,-23,80,-17,49,-15,14,-8,-24,-11,94,-18,55,4,12,9,-9,-29,89,-16,55,5,12,7,-28,-123,139,-14,39,11,17,-5,-18,-22,85,-16,58,3,11
56.4800,-7,-23,-28,78,-16,48,11,17,-4,-17,-20,86,-19,37,-4,12,-11,-18,-22,80,-20,49,6,27,-1,-18,-37,67,-16,40,-13,14,-14,-25,-18,82,-21,54,1,16,9,-9,-45,88,-14,47,3,14,-1,-25,-119,132,-16,42,11,15,-3,-25,-35,74,-19,50,1,17
56.5000,-8,-27,-36,70,-21,49,2,16,-3,-14,-36,73,-21,31,-8,15,-6,-22,-34,72,-18,43,-3,26,1,-20,-46,50,-23,38,-21,13,-11,-23,-29,81,-29,48,3,13,8,-14,-55,73,-13,47,-1,9,-1,-26,-109,123,-23,40,12,24,-3,-20,-40,65,-25,44,0,15
56.5200,-3,-21,-38,50,-24,47,3,25,-3,-15,-41,53,-21,28,-6,15,-11,-19,-36,61,-23,40,0,30,0,-15,-54,40,-14,29,-16,17,-11,-24,-35,65,-26,40,-4,15,12,-14,-48,60,-15,40,-6,11,4,-26,-90,115,-28,37,10,20,-5,-18,-48,50,-22,42,-5,15
56.5400,0,-20,-34,32,-21,38,0,21,-6,-14,-43,34,-20,21,-4,20,-10,-15,-34,46,-20,32,0,36,0,-16,-48,24,-20,28,-26,22,-7,-21,-37,45,-25,40,-5,24,12,-10,-43,43,-19,32,-5,13,-1,-25,-69,94,-31,30,10,19,-4,-20,-41,35,-25,37,0,16
56.5600,4,-20,-29,13,-21,34,-4,28,-4,-12,-36,23,-20,12,-3,15,-10,-14,-27,29,-21,31,-2,34,2,-10,-42,6,-17,22,-21,21,-5,-20,-28,30,-26,31,-4,27,8,-8,-36,29,-15,29,-5,16,3,-24,-40,75,-29,31,8,23,2,-12,-34,16,-23,32,-1,20
56.5800,-2,-12,-20,-4,-13,36,1,27,-1,-11,-30,6,-14,14,-3,22,-7,-12,-20,14,-16,28,0,38,2,-6,-19,-11,-18,22,-14,24,-7,-11,-22,13,-21,24,-3,23,12,-7,-19,13,-21,26,0,19,8,-18,-11,50,-29,27,9,25,-1,-14,-18,3,-18,24,2,22
56.6000,0,-10,-3,-16,-11,28,6,36,-4,-8,-16,-9,-14,12,-4,25,-4,-9,-7,1,-15,22,6,39,8,-5,-6,-23,-12,15,-6,26,-3,-7,-8,0,-18,24,2,26,16,-4,6,-3,-14,23,1,24,6,-18,28,37,-32,20,12,29,6,-11,-2,-8,-18,25,-1,30
56.6200,4,-12,5,-28,-9,28,14,37,-2,-7,1,-21,-10,14,6,24,0,-4,2,-12,-9,23,12,40,5,-5,17,-29,-18,20,-7,32,0,-9,8,-14,-16,20,1,29,9,-5,23,-15,-17,20,0,30,10,-12,60,12,-30,24,8,34,5,-5,16,-20,-17,24,7,29
56.6400,2,-5,25,-36,-4,25,13,38,0,-4,21,-24,-10,15,9,24,0,-8,19,-16,-13,22,11,43,3,-2,41,-29,-15,19,-6,28,-4,-6,28,-16,-13,23,10,30,14,-3,44,-27,-17,20,7,29,6,-7,87,1,-29,24,11,38,0,-10,36,-30,-15,26,9,28
56.6600,3,-7,39,-42,-1,30,17,34,2,-7,39,-21,-6,19,4,26,-2,-7,33,-20,-7,25,11,38,5,-2,65,-30,-12,23,-5,30,2,-7,38,-24,-9,24,11,30,14,-2,59,-28,-13,23,6,28,9,-8,107,-9,-24,33,13,38,0,-8,51,-35,-10,28,9,30
56.6800,2,-2,52,-41,-5,31,22,32,3,-8,51,-28,-8,25,13,23,-6,-7,49,-22,-6,30,16,40,4,-4,78,-29,-10,26,-4,22,2,-3,57,-27,-6,27,15,29,11,0,70,-29,-11,27,15,26,6,-7,121,-15,-20,31,15,40,-2,-4,66,-30,-11,28,12,32
56.7000,2,-3,60,-32,-6,39,18,27,1,-10,68,-26,-9,29,9,24,-11,-7,62,-21,-10,32,19,36,-2,-4,87,-27,-15,30,-4,22,-4,-11,67,-27,-11,33,20,27,14,-3,80,-28,-15,31,9,28,11,-5,126,-7,-19,34,14,41,-1,-10,78,-29,-10,33,12,29
56.7200,-3,-6,74,-29,-5,42,13,28,-4,-7,76,-19,-16,29,10,21,-10,-8,73,-6,-4,39,21,32,-2,-3,92,-16,-12,35,-3,21,-4,-4,77,-23,-16,36,16,22,7,-3,82,-21,-17,34,9,21,1,-8,129,-6,-20,43,11,36,0,-9,76,-27,-8,43,12,25
56.7400,-4,-5,73,-21,-10,44,16,25,-1,-18,78,-12,-10,41,9,21,-13,-8,78,-5,-17,41,20,31,2,-7,84,-12,-13,35,-8,19,-10,-10,81,-17,-14,40,14,21,10,-7,81,-16,-15,39,11,22,3,0,114,0,-20,39,10,31,-3,-10,73,-17,-14,42,11,18
56.7600,-5,-3,73,-4,-9,46,12,17,-3,-17,80,-9,-14,36,1,15,-11,-16,79,8,-15,42,12,25,-1,-6,70,4,-17,42,-14,14,-8,-8,81,-7,-20,48,10,15,9,-6,73,-8,-16,44,10,22,-2,-6,111,12,-19,44,4,29,-6,-11,66,-6,-19,45,14,16
56.7800,-7,-11,67,5,-15,48,12,22,-6,-14,68,-1,-19,37,1,17,-11,-16,70,13,-19,46,12,30,-1,-3,60,8,-22,44,-16,15,-11,-12,70,3,-20,47,1,16,10,-4,52,1,-22,42,0,16,1,-8,88,23,-16,48,5,27,0,-10,62,-2,-26,48,5,20
56.8000,-4,-10,57,9,-19,52,5,20,-1,-16,54,3,-27,34,1,12,-12,-19,62,24,-22,47,9,25,3,-7,39,13,-23,43,-16,16,-3,-16,57,6,-24,49,0,13,3,-8,39,5,-27,43,-1,18,3,-7,70,31,-18,47,0,23,-3,-15,45,9,-24,47,-4,18
56.8200,-7,-16,48,21,-22,52,4,19,-5,-14,34,8,-27,38,-1,17,-13,-21,44,25,-23,46,2,27,2,-6,19,16,-24,42,-22,13,-4,-15,38,7,-29,43,-1,16,7,-6,27,12,-32,42,-2,17,4,-13,43,42,-19,48,-2,19,-3,-16,30,15,-29,46,-3,11
56.8400,-1,-11,30,26,-23,45,0,19,-1,-20,17,11,-30,30,-5,18,-7,-17,29,24,-24,37,-1,26,3,-3,-3,22,-26,35,-23,10,1,-12,22,17,-27,45,-5,7,14,-1,9,19,-34,41,3,18,0,-11,16,47,-22,54,-8,24,6,-12,12,19,-28,42,-7,15
56.8600,2,-11,17,32,-22,50,-7,17,0,-13,-4,13,-29,21,-10,19,-7,-15,14,22,-28,34,-3,34,9,-4,-14,28,-22,37,-22,17,-1,-14,3,21,-30,38,-9,14,17,-8,-3,23,-26,39,-4,15,3,-6,0,56,-20,52,-5,15,3,-10,-2,18,-28,43,-2,17
56.8800,3,-10,7,28,-23,43,-6,16,7,-12,-18,17,-28,27,-10,21,0,-16,-5,25,-26,32,1,39,11,-3,-31,28,-18,34,-21,17,4,-14,-17,26,-34,38,-10,15,18,-1,-16,23,-27,33,-5,15,5,-11,-19,56,-17,48,-6,19,6,-15,-15,23,-28,35,-4,17
56.9000,4,-8,-12,27,-24,43,-3,23,9,-9,-27,14,-20,20,-4,17,-3,-15,-17,30,-25,30,0,35,13,-5,-32,31,-20,30,-23,15,5,-18,-24,27,-28,33,-9,18,16,-5,-23,24,-30,39,-3,20,5,-9,-29,57,-18,50,-11,13,10,-10,-24,22,-19,33,-7,16
56.9200,8,-7,-18,32,-11,38,0,24,5,-8,-32,11,-18,21,-1,21,2,-9,-25,19,-22,29,1,37,15,-5,-30,38,-16,28,-17,19,4,-10,-35,26,-25,34,-5,19,17,-1,-26,24,-24,33,-3,20,9,-10,-39,67,-15,46,-8,19,7,-11,-28,22,-19,33,4,16
56.9400,10,-10,-23,31,-13,39,2,25,11,-5,-30,14,-18,22,-3,24,8,-8,-28,20,-17,27,6,36,12,-5,-30,33,-10,24,-16,16,6,-16,-39,26,-24,32,-1,18,18,0,-24,26,-20,35,-3,21,8,-11,-43,67,-18,44,-5,17,9,-8,-30,21,-20,35,1,21
56.9600,8,-7,-27,30,-8,39,6,27,10,-5,-29,10,-5,16,4,22,2,-8,-29,19,-14,30,13,37,16,0,-20,33,-7,30,-14,16,9,-11,-35,25,-16,32,3,20,17,3,-21,24,-16,36,5,14,16,-8,-36,68,-9,42,-4,18,7,-9,-20,17,-15,33,5,24
56.9800,8,-1,-22,25,-4,41,10,29,4,-9,-18,15,-8,24,7,27,1,-7,-21,22,-11,29,18,37,12,-6,-9,25,-8,27,-12,21,8,-10,-25,32,-14,35,0,25,24,-4,-12,25,-15,37,8,17,10,-13,-27,65,-13,42,-2,19,11,-13,-15,15,-8,39,10,22
57.0000,8,-6,-17,22,-4,42,13,25,7,-13,-4,17,-4,21,9,27,-1,-14,-13,21,-7,31,17,39,9,-10,2,26,-6,30,-9,19,4,-9,-16,20,-9,39,7,24,15,-5,-2,22,-14,40,6,16,12,-15,-18,65,-6,45,1,17,6,-4,0,17,-10,36,13,25
57.0200,2,-10,-7,20,-3,49,15,27,2,-16,11,9,-7,31,4,19,-2,-9,7,18,-8,33,23,34,11,-7,16,25,-5,29,-6,19,2,-15,0,23,-11,38,11,21,22,-3,2,20,-12,41,5,20,8,-12,-1,62,-6,44,8,17,6,-13,7,16,-12,43,12,23
57.0400,6,-12,4,19,-2,44,17,25,2,-10,27,14,-4,31,8,23,-8,-14,17,15,-11,40,19,38,3,-9,27,17,-4,43,-8,17,-1,-17,18,18,-10,43,13,22,9,-7,18,20,-16,48,10,21,4,-11,8,55,-9,45,11,19,-2,-7,15,18,-5,47,13,17
57.0600,0,-15,10,16,-5,50,15,25,-4,-13,39,15,-8,36,10,21,-8,-14,31,15,-3,40,18,31,3,-14,44,19,-9,42,-6,16,-4,-17,24,18,-7,45,8,18,9,-4,26,15,-11,50,9,18,2,-14,23,52,-14,50,9,15,1,-16,31,16,-10,46,13,18
57.0800,-3,-17,23,14,-9,50,14,21,-3,-13,44,14,-12,36,4,19,-9,-18,35,10,-15,47,20,23,-2,-14,46,18,-9,38,-8,22,-2,-15,42,12,-18,43,10,21,8,-7,33,17,-15,46,8,17,1,-19,30,53,-13,53,10,19,-4,-15,38,11,-18,43,11,18
57.1000,-6,-20,34,18,-9,53,15,22,-3,-11,57,17,-11,36,1,17,-13,-21,49,18,-14,47,15,31,-4,-14,54,13,-12,36,-10,18,-8,-15,47,16,-14,46,12,16,6,-12,38,19,-14,45,1,22,-1,-18,41,49,-14,49,15,18,-7,-16,44,16,-9,48,12,18
57.1200,-6,-15,44,16,-8,54,15,24,-8,-13,60,17,-21,36,6,21,-13,-19,45,13,-16,44,13,28,-6,-18,50,13,-22,36,-11,19,-8,-19,56,11,-18,45,9,18,4,-9,40,18,-21,47,5,20,-4,-19,42,42,-18,41,15,19,-4,-16,52,14,-19,43,6,22
57.1400,-12,-17,53,23,-22,47,3,17,-4,-13,53,14,-20,36,-1,21,-12,-22,50,14,-20,47,11,23,-7,-15,50,11,-25,37,-12,21,-11,-22,55,15,-24,47,5,20,4,-12,41,18,-20,45,1,24,-5,-20,44,38,-17,42,11,18,-5,-21,48,12,-25,45,6,23
57.1600,-7,-16,55,21,-22,46,4,22,-3,-14,49,18,-22,31,-6,22,-11,-13,45,15,-24,46,10,35,-3,-7,43,11,-23,35,-14,19,-9,-21,58,11,-25,41,4,21,8,-11,39,17,-25,50,3,27,-7,-19,46,38,-22,38,8,19,-9,-14,47,15,-25,41,6,20
57.1800,-4,-15,53,17,-23,46,3,27,-3,-11,42,19,-24,30,-8,20,-12,-21,35,12,-21,45,8,31,-4,-7,34,10,-27,33,-12,26,-9,-14,53,17,-26,33,4,20,6,-8,35,23,-31,42,-2,25,-10,-12,41,36,-22,44,3,23,-7,-12,45,13,-30,43,3,28
57.2000,-5,-11,48,20,-27,42,3,30,5,-11,30,20,-22,25,-6,22,-10,-13,31,14,-29,41,8,42,-3,-10,32,13,-26,28,-12,22,-10,-17,44,12,-28,37,0,21,13,-5,31,22,-27,41,-4,30,-2,-15,32,39,-25,37,4,24,-3,-11,33,20,-29,38,3,26
57.2200,-3,-9,40,17,-22,38,8,32,-3,1,24,27,-23,24,-3,20,-10,-14,25,16,-25,36,5,43,-2,-4,22,13,-24,31,-12,27,-7,-8,36,14,-29,32,1,28,8,0,30,23,-29,34,1,34,-6,-14,26,31,-28,31,6,28,2,-9,30,18,-26,35,2,22
57.2400,2,-4,36,14,-23,44,4,35,3,-5,15,25,-14,25,-5,23,-10,-14,15,20,-27,36,6,41,1,-7,19,17,-21,28,-12,23,-6,-10,25,15,-25,27,4,29,11,-2,27,22,-25,33,-2,30,0,-6,17,30,-24,32,1,27,2,-5,24,16,-26,34,5,32
57.2600,1,-1,26,18,-20,37,4,33,8,1,7,26,-16,23,-5,30,-8,-4,8,20,-20,33,13,46,6,-4,13,24,-27,25,-5,26,-4,-4,20,17,-21,29,3,31,11,4,26,20,-25,34,0,33,1,-10,13,29,-25,28,11,26,5,-6,17,17,-26,33,5,30
57.2800,-1,-1,20,21,-22,36,13,33,3,-5,8,25,-15,24,2,26,-11,-8,4,19,-20,33,8,49,4,-1,14,23,-20,23,-8,26,0,-7,13,18,-29,28,8,28,9,1,20,16,-22,33,8,30,4,-7,10,23,-26,26,9,32,3,-1,15,19,-23,35,9,30
57.3000,0,3,18,18,-14,34,13,37,7,-3,7,31,-15,21,2,22,-9,-10,1,23,-18,36,13,43,1,1,13,19,-24,26,-5,28,-3,-6,17,24,-19,29,11,26,8,6,19,20,-21,37,4,31,2,-9,5,26,-25,32,9,25,4,-6,12,19,-19,36,5,26
57.3200,0,-4,12,21,-20,41,13,34,-1,-4,6,33,-13,24,6,26,-12,-6,6,26,-14,37,14,43,6,-3,13,21,-17,28,-6,22,-3,-7,11,22,-17,35,8,26,9,0,19,20,-21,35,2,20,8,-3,6,24,-21,29,9,27,0,-4,13,19,-13,37,7,23
57.3400,-2,-5,6,19,-9,44,15,25,2,-7,14,30,-12,27,6,18,-10,-6,7,23,-13,41,18,39,-1,-2,18,21,-22,33,-3,18,-3,-4,14,27,-24,33,12,28,13,3,25,18,-20,31,4,26,7,-6,4,23,-13,27,9,25,-2,-3,10,22,-21,41,12,23
57.3600,-3,-5,15,20,-9,46,20,24,-2,-6,13,34,-11,29,0,15,-8,-1,13,26,-14,47,16,34,2,-2,22,20,-21,34,-4,14,-4,-6,16,28,-20,40,6,23,12,8,20,19,-20,40,4,17,11,-5,6,27,-19,27,7,24,-3,-4,14,22,-19,41,9,20
57.3800,-2,0,17,23,-8,47,16,19,1,-11,22,34,-12,29,5,10,-5,-11,19,25,-15,44,13,34,2,-3,21,20,-17,38,-9,14,-2,-7,19,34,-19,44,9,18,10,3,26,17,-20,39,3,15,8,-3,3,21,-20,34,6,22,2,-7,17,21,-16,44,10,19
57.4000,-7,-6,19,22,-8,50,18,21,-5,-14,31,30,-18,37,1,15,-6,-13,29,25,-18,43,12,30,1,-6,22,30,-19,42,-16,13,-3,-9,23,31,-24,47,9,16,9,6,19,22,-18,38,2,13,11,-7,5,23,-18,34,6,17,5,-11,20,21,-15,45,3,11
57.4200,-8,-7,20,17,-9,51,8,17,-8,-11,29,29,-11,35,-3,14,-12,-11,30,24,-15,47,6,27,4,-6,22,23,-19,42,-16,15,-4,-9,21,27,-20,47,-3,15,10,3,21,23,-17,42,0,14,10,-6,15,25,-19,42,6,20,1,-13,20,21,-19,42,3,13
57.4400,-5,-13,23,19,-12,55,14,19,1,-15,35,29,-12,36,-3,11,-11,-9,30,20,-21,51,4,24,0,-10,23,23,-24,42,-16,12,0,-15,27,30,-16,46,0,10,11,-1,23,20,-18,43,1,8,7,-8,12,29,-17,39,4,16,1,-11,21,20,-21,46,4,9
57.4600,-5,-15,26,19,-14,54,7,17,0,-15,38,21,-21,37,-7,11,-9,-13,37,20,-20,48,7,24,2,-9,23,19,-21,44,-23,13,-2,-15,28,24,-22,52,-1,13,8,-2,19,19,-22,48,-3,6,4,-12,14,32,-24,43,-4,13,-1,-12,25,18,-25,51,1,13
57.4800,-3,-10,26,14,-20,55,5,18,-6,-16,34,19,-20,33,-4,16,-8,-12,38,22,-21,45,5,20,10,-9,14,16,-21,39,-25,16,-8,-13,26,18,-21,43,-4,19,10,1,20,21,-20,44,-5,9,5,-9,22,32,-22,43,-2,7,-4,-14,26,15,-21,49,-2,13
57.5000,-1,-12,25,9,-18,53,2,20,-5,-15,31,13,-17,35,0,15,-4,-13,38,13,-23,45,-1,23,7,-9,14,15,-21,38,-20,12,-2,-13,26,17,-22,50,-3,17,13,2,22,15,-21,42,-4,11,-2,-11,24,37,-19,44,-2,8,-1,-9,26,11,-20,47,5,16
57.5200,2,-14,26,12,-16,45,5,19,-2,-16,25,8,-16,21,-5,18,-5,-14,33,6,-25,36,0,29,2,-8,12,13,-22,35,-25,16,1,-13,21,17,-17,41,-1,13,13,-2,21,14,-18,40,-4,10,4,-18,22,35,-18,44,-3,13,2,-11,21,8,-20,41,2,13
57.5400,-5,-14,17,9,-18,42,5,18,-4,-9,27,7,-15,28,-3,20,-7,-15,29,8,-22,37,3,27,6,-9,14,11,-19,35,-21,14,-4,-10,17,14,-20,43,-7,17,10,-1,16,12,-18,34,-3,14,-1,-14,19,42,-21,42,0,14,4,-10,22,8,-19,41,6,15
57.5600,4,-9,17,8,-16,44,6,20,0,-9,14,5,-13,22,-1,25,-5,-10,20,3,-14,35,2,33,8,-10,16,9,-17,36,-17,15,1,-14,14,8,-21,43,-4,18,17,1,11,12,-19,37,-3,14,6,-10,22,48,-18,47,-4,14,4,-12,15,6,-20,44,7,17
57.5800,-2,-9,14,10,-14,41,9,29,-3,-4,14,2,-14,27,2,24,-8,-8,19,6,-10,33,9,35,8,-6,17,11,-12,35,-18,15,-3,-8,14,8,-20,41,-2,18,11,-2,14,10,-21,37,2,19,1,-13,21,47,-20,40,0,15,4,-13,18,6,-16,38,9,22
57.6000,0,-10,17,12,-16,36,8,25,3,-13,8,3,-8,24,4,26,-2,-12,10,6,-10,33,13,34,5,-5,18,7,-12,35,-13,22,1,-11,8,14,-18,38,1,23,7,-2,16,9,-24,38,7,19,8,-11,22,50,-16,41,-1,25,9,-12,15,3,-21,41,6,19
57.6200,2,-9,4,9,-16,40,11,32,-4,-5,7,4,-6,27,8,23,-4,-7,8,7,-12,29,13,36,5,-6,19,9,-12,30,-5,21,-3,-7,8,10,-17,37,8,26,11,0,14,8,-18,40,0,26,2,-16,24,52,-15,41,8,25,0,-11,15,7,-18,40,11,21
57.6400,5,-6,2,6,-11,40,15,29,-1,-7,10,2,-10,26,9,22,-6,-8,14,14,-5,30,20,29,1,-5,25,12,-9,36,-6,23,-4,-8,12,14,-14,39,9,25,10,-2,14,7,-13,39,7,18,2,-10,22,51,-14,42,9,23,0,-11,12,7,-12,41,14,23
57.6600,2,-11,8,8,-10,40,15,29,-2,-12,14,7,-8,29,11,25,-8,-9,6,11,-10,36,18,37,1,-8,27,11,-11,32,-3,25,-1,-6,15,14,-14,35,11,23,4,-3,17,8,-18,43,12,27,1,-9,22,58,-17,43,11,26,-3,-13,14,5,-14,46,15,22
57.6800,0,-6,10,9,-8,45,21,26,-6,-13,17,6,-12,27,10,18,-9,-10,13,12,-11,35,21,35,-2,-10,26,6,-11,37,-4,23,-10,-12,16,11,-11,37,15,24,6,-2,16,14,-19,42,13,21,4,-16,24,53,-18,44,14,25,3,-8,17,7,-15,40,14,24
57.7000,-8,-7,14,5,-14,45,16,29,-4,-7,19,11,-15,23,9,17,-13,-12,16,12,-11,43,19,30,-3,-9,34,14,-13,34,-4,20,-14,-12,20,16,-15,44,18,18,6,-2,16,13,-21,43,8,23,3,-12,22,59,-15,46,14,24,-3,-12,20,5,-16,40,15,20
57.7200,-9,-12,20,7,-13,44,15,29,-10,-8,26,10,-19,29,6,19,-13,-13,26,18,-14,40,19,31,1,-11,36,12,-16,35,-5,18,-11,-9,28,18,-15,42,15,23,8,-1,17,11,-17,36,6,20,-4,-12,28,52,-21,46,13,26,-4,-13,26,7,-19,44,16,18
57.7400,-7,-8,27,11,-17,47,15,23,-7,-13,22,13,-19,33,6,13,-16,-14,27,14,-17,44,21,28,-3,-9,33,5,-19,34,-8,17,-11,-12,35,18,-22,41,14,20,8,-2,25,16,-23,44,10,18,4,-16,34,49,-25,42,22,22,-4,-13,26,8,-25,41,9,20
57.7600,-8,-16,35,9,-19,49,12,21,-9,-14,34,9,-19,33,3,16,-12,-15,29,15,-22,41,15,32,-6,-4,38,11,-19,35,-11,18,-15,-13,34,14,-24,39,8,18,5,-6,23,13,-26,46,9,20,-5,-16,29,49,-26,43,14,21,-2,-13,27,9,-24,41,7,20
57.7800,-10,-9,40,10,-22,46,9,21,-4,-14,30,13,-22,31,1,16,-16,-17,33,15,-27,43,12,29,-1,-5,27,9,-21,31,-6,18,-16,-14,33,14,-23,39,9,20,6,-7,23,16,-29,43,8,18,-6,-18,26,46,-29,42,11,27,-6,-11,26,10,-29,43,4,21
57.8000,-9,-13,43,10,-25,44,8,22,-6,-13,27,6,-33,24,-3,18,-13,-16,31,15,-28,42,8,33,-5,-5,32,6,-29,30,-11,15,-15,-10,31,13,-27,38,4,20,1,-4,29,10,-30,40,6,20,-6,-13,24,37,-29,48,10,23,-6,-12,27,9,-30,48,7,24
57.8200,-4,-7,40,10,-27,45,3,20,-2,-8,26,10,-29,27,-3,18,-10,-13,30,10,-24,37,12,30,-2,-5,21,8,-26,31,-11,13,-10,-15,33,15,-33,34,6,22,3,-2,25,11,-36,43,0,19,-7,-15,31,35,-33,41,8,22,-4,-6,27,8,-27,39,3,22
57.8400,-9,-7,41,5,-27,46,5,24,-1,-6,21,10,-23,26,-8,20,-15,-16,24,7,-32,36,11,32,2,0,22,10,-30,35,-15,16,-15,-11,31,5,-31,36,2,21,4,-1,24,19,-31,36,4,18,-2,-12,30,32,-34,43,5,18,-3,-7,30,8,-36,39,2,19
57.8600,-1,-8,41,2,-24,45,6,27,4,-8,23,7,-25,27,-4,16,-6,-7,22,6,-26,41,7,33,3,3,18,8,-28,29,-17,18,-9,-10,25,5,-29,35,4,19,9,0,28,12,-30,40,-3,16,-4,-10,26,25,-26,37,-3,22,-1,-8,24,8,-28,38,-2,22
57.8800,-9,-7,34,6,-21,44,8,28,4,-4,17,3,-23,23,-6,20,-5,-2,19,4,-32,34,9,37,1,5,18,13,-25,31,-17,19,-10,-4,29,5,-26,36,-1,27,7,3,30,10,-29,34,4,20,1,-13,27,24,-27,36,-2,20,1,-3,25,7,-28,36,3,21
57.9000,-3,0,30,3,-21,38,6,25,4,-2,14,1,-21,23,-3,20,-2,-9,20,7,-20,40,12,37,6,3,19,8,-25,28,-16,20,-4,-4,18,-2,-30,35,1,23,7,2,33,10,-30,36,1,24,1,-11,29,14,-33,41,-4,21,3,-4,21,2,-27,36,6,25
57.9200,1,-3,29,0,-22,43,11,28,5,-5,14,1,-21,26,3,19,1,-3,16,0,-26,37,9,36,1,5,16,4,-24,34,-14,18,-4,-2,20,3,-29,32,2,22,13,8,31,11,-26,37,2,23,2,-11,25,19,-27,40,2,20,4,-5,20,5,-24,37,2,24
57.9400,-3,-3,22,1,-18,45,10,29,0,0,15,9,-21,30,5,20,-4,-3,12,4,-19,38,9,42,3,0,13,7,-19,34,-16,21,-3,1,14,6,-23,34,5,26,14,7,22,5,-27,42,2,24,0,-3,19,16,-27,39,1,22,1,-4,17,1,-20,37,8,24
57.9600,0,-3,15,8,-16,44,10,27,3,-2,15,10,-18,33,-1,16,-4,-6,15,12,-19,41,9,38,3,3,21,11,-21,29,-13,17,2,-2,15,7,-24,37,9,22,10,1,28,12,-25,38,2,17,7,-3,24,19,-22,40,3,21,6,-4,25,6,-18,42,6,26
57.9800,5,-1,14,5,-15,46,12,28,5,-3,27,8,-14,34,2,18,-5,-1,16,13,-17,40,15,32,8,1,19,17,-21,36,-9,15,-1,-1,17,9,-21,34,7,20,14,2,31,10,-19,43,2,18,4,-4,19,17,-25,40,0,22,8,-5,24,9,-21,40,6,24
58.0000,-5,-3,10,10,-10,44,12,22,3,-4,25,12,-17,32,-2,12,-6,-5,21,11,-11,44,15,33,3,-1,19,13,-15,35,-8,18,-3,-2,11,11,-16,42,3,17,11,4,27,3,-19,44,3,19,-2,-2,16,20,-18,42,1,22,5,-10,16,7,-19,45,2,17
58.0200,-2,-4,17,15,-10,53,15,23,-4,-6,28,16,-17,36,2,7,-10,-6,26,8,-14,50,15,28,0,-2,25,18,-16,43,-15,9,1,-2,19,15,-17,48,4,20,11,4,28,14,-20,49,-2,19,1,-5,14,20,-18,39,1,22,4,-6,20,12,-14,44,5,16
58.0400,0,-2,17,20,-15,53,10,22,-1,-8,33,18,-20,34,-1,8,-14,-7,28,19,-12,49,15,28,6,-4,26,16,-20,37,-17,14,-3,-8,21,17,-20,47,2,19,9,-1,25,13,-17,47,6,11,2,-4,17,21,-16,49,5,19,1,-9,24,13,-22,48,8,21
58.0600,-1,-7,18,15,-11,51,9,20,-5,-10,36,18,-13,33,0,9,-5,-14,33,20,-17,52,9,26,-1,-3,29,19,-18,40,-16,10,-9,-8,19,14,-25,50,7,14,4,3,24,11,-21,50,0,14,-5,-2,14,30,-18,49,5,21,-1,-7,25,18,-17,50,6,12
58.0800,-4,-7,21,20,-15,56,5,21,-2,-10,39,16,-18,38,-2,12,-9,-15,30,26,-20,51,14,27,-2,-2,25,21,-21,45,-12,10,-11,-10,23,18,-26,49,2,12,7,1,27,13,-25,50,1,13,-6,-7,16,32,-19,50,3,17,-5,-10,29,18,-15,47,5,17
58.1000,0,-6,27,23,-21,55,8,17,-6,-9,36,20,-14,37,-5,9,-10,-13,34,24,-17,50,13,26,-4,-6,19,19,-19,37,-17,8,-13,-6,32,21,-23,53,-2,10,4,-2,25,12,-29,49,0,12,-3,-2,16,33,-19,46,7,16,-2,-7,30,16,-17,49,4,14
58.1200,-10,-12,31,18,-23,52,10,23,-7,-14,34,22,-17,31,-2,10,-11,-12,36,20,-20,52,8,28,-3,-9,26,22,-20,39,-16,11,-9,-6,33,19,-22,50,-2,15,8,-2,21,20,-27,49,-8,18,-2,-9,17,39,-16,52,2,11,0,-10,25,14,-20,49,2,17
58.1400,-3,-13,30,20,-21,53,5,18,-10,-5,37,21,-15,34,-5,10,-9,-15,29,20,-12,47,5,30,-2,-7,22,18,-24,37,-18,14,-13,-13,33,22,-23,46,0,15,6,-4,21,22,-30,45,-5,18,-4,-10,15,40,-23,46,-2,14,-4,-4,32,21,-28,49,2,15
58.1600,-6,-9,28,24,-20,51,2,21,-6,-7,29,17,-17,31,0,10,-7,-17,29,14,-21,44,11,25,-1,-4,23,18,-24,38,-17,9,-8,-10,31,20,-28,46,-1,15,4,-5,20,18,-25,46,4,21,1,-7,13,39,-23,47,0,12,-1,-6,28,10,-27,44,-4,14
58.1800,-4,-8,27,22,-24,45,12,21,-3,-8,24,18,-20,29,1,14,-6,-18,32,18,-18,48,11,28,-1,-4,22,20,-22,34,-16,16,-13,-7,31,23,-28,47,-4,18,5,-4,22,20,-25,48,4,17,0,-4,13,47,-29,45,-2,9,-2,-12,22,15,-27,48,8,15
58.2000,-3,-5,21,18,-22,46,9,19,-6,-7,18,20,-22,28,5,13,-10,-15,26,19,-16,42,14,31,2,-8,21,15,-24,34,-17,20,-11,-7,27,21,-26,41,5,15,3,4,19,17,-26,44,1,20,-2,-9,13,52,-20,43,3,11,-4,-6,29,14,-23,38,6,17
58.2200,-8,-8,25,16,-17,42,5,17,-3,-4,17,13,-16,23,3,14,-10,-10,16,12,-16,42,16,30,1,-2,26,21,-18,37,-10,12,-12,-10,20,18,-24,41,4,21,4,-1,22,19,-25,42,7,19,-1,-12,10,46,-21,39,4,12,-6,-10,19,13,-20,39,9,19
58.2400,-10,-4,20,20,-19,42,13,22,-2,-4,16,17,-19,27,-1,20,-14,-7,20,12,-18,35,18,33,-3,1,20,25,-22,31,-9,12,-13,-7,19,23,-19,35,8,17,2,-2,21,20,-25,40,11,14,-1,-9,13,54,-18,38,5,12,-5,-7,22,12,-18,41,16,20
58.2600,-2,-2,18,19,-15,44,14,27,-4,-5,11,14,-21,25,10,20,-13,-4,11,12,-19,38,19,34,-7,0,24,19,-19,36,-4,20,-12,-9,21,23,-20,39,10,19,-1,0,17,17,-27,44,7,19,0,-13,13,47,-19,38,6,13,-4,-3,21,14,-17,38,10,20
58.2800,-5,-5,12,19,-16,42,12,25,-12,0,13,17,-21,29,11,18,-12,-6,15,12,-17,43,19,35,-6,-3,23,21,-16,34,-1,16,-11,1,19,22,-22,44,8,24,0,-5,15,15,-25,38,7,20,6,-11,12,44,-16,39,6,20,-7,-8,19,11,-22,36,15,21
58.3000,-7,-6,18,13,-19,44,15,29,-10,-3,17,15,-18,33,11,16,-9,-7,17,12,-15,43,28,33,-2,-1,33,14,-16,33,-1,16,-10,-4,24,19,-21,42,14,23,-1,4,20,16,-26,41,6,21,3,-9,17,43,-21,38,9,20,-6,-3,19,8,-16,44,13,22
58.3200,-4,-3,16,12,-18,48,19,30,-7,-4,17,10,-17,31,6,18,-11,-7,15,12,-12,42,24,31,-4,-1,29,11,-21,34,-3,18,-13,0,21,20,-20,40,15,22,2,-1,26,11,-26,44,7,18,2,-9,24,40,-21,42,19,21,-2,-7,19,7,-19,37,18,23
58.3400,-6,-4,26,16,-16,47,16,25,-4,-3,24,11,-18,28,7,21,-14,-8,20,6,-19,43,18,34,-7,-4,29,11,-26,35,-4,15,-13,-4,21,17,-24,45,12,23,7,1,28,14,-24,43,8,21,4,-6,24,36,-19,39,18,21,-6,-7,23,6,-21,42,14,17
58.3600,-10,-5,25,16,-16,43,20,23,-7,-4,29,9,-21,29,8,12,-13,-4,23,8,-20,43,17,29,-2,-4,39,4,-21,34,-4,18,-8,-3,27,14,-24,45,13,20,1,2,30,9,-22,42,5,16,5,-9,29,33,-20,43,12,16,-1,-9,25,2,-27,46,13,17
58.3800,-9,-9,26,9,-25,49,18,21,-8,-8,29,7,-25,31,3,17,-12,-9,25,10,-25,49,24,31,-8,-4,34,5,-25,39,-7,16,-12,-3,35,9,-26,43,9,18,7,1,26,11,-24,44,11,19,-3,-12,31,24,-21,48,13,20,-7,-6,33,2,-28,45,9,14
58.4000,-2,-5,34,9,-24,50,20,21,-8,-3,35,5,-23,34,1,15,-10,-3,32,6,-25,46,16,28,0,-3,33,-2,-24,38,-6,16,-13,-6,32,6,-26,46,10,17,1,1,35,8,-29,44,5,15,-5,-11,37,22,-21,46,13,16,-5,-7,33,1,-27,49,11,19
58.4200,-5,-5,36,12,-22,48,13,18,-5,-5,30,0,-27,32,-4,10,-11,-6,32,7,-25,46,18,31,-1,-4,30,-6,-28,31,-6,15,-13,-2,34,3,-24,45,6,15,0,-2,37,6,-29,43,-3,11,-1,-10,34,16,-26,46,14,23,-5,-7,36,-2,-29,48,8,18
58.4400,-8,-6,41,1,-22,46,13,18,-2,-4,34,1,-24,32,0,11,-16,-8,37,5,-22,46,11,28,0,-1,28,-4,-24,35,-12,12,-9,-3,36,1,-29,49,7,13,2,3,36,7,-33,41,-5,17,-5,-8,41,22,-25,50,12,15,-4,-6,32,3,-36,47,6,13
58.4600,-4,-7,39,0,-24,50,11,22,-2,1,31,-7,-25,37,-4,11,-11,-4,35,5,-27,45,8,26,-4,-2,24,-7,-25,36,-15,17,-11,-1,31,-2,-29,44,0,17,4,3,36,6,-32,45,-3,17,-6,-6,41,18,-27,48,12,21,-1,-7,32,1,-31,43,-1,20
58.4800,-4,-3,44,1,-23,51,11,19,-4,-5,31,-3,-28,30,-5,14,-13,-4,32,2,-27,45,5,28,3,-3,16,-3,-25,34,-18,13,-6,-3,27,-5,-30,46,-2,14,6,1,37,10,-35,41,-3,14,-3,-6,40,11,-28,46,7,17,1,-7,31,-8,-36,43,2,17
58.5000,-1,-2,32,-3,-22,47,7,21,1,0,29,1,-26,29,-4,12,-11,-5,33,4,-23,46,2,30,0,6,20,-8,-33,36,-16,16,-7,0,27,-2,-35,40,2,14,8,3,34,5,-33,45,-4,12,-6,-6,35,19,-31,47,0,19,2,-7,32,-2,-32,39,0,17
58.5200,-5,-3,34,-1,-22,43,7,20,-1,1,28,2,-22,32,-7,13,-5,-2,32,3,-26,43,4,28,0,0,19,-2,-26,36,-19,16,-4,-3,23,-3,-32,42,3,10,10,-1,35,3,-29,42,-4,13,-10,-6,32,26,-30,43,8,20,-5,-6,29,-4,-29,40,2,12
58.5400,-2,-4,29,-2,-22,44,12,23,-4,1,22,1,-21,28,-5,13,-11,-2,28,12,-22,39,6,31,-2,-2,14,3,-27,33,-15,13,-7,-2,20,-5,-29,41,0,15,7,3,31,8,-30,44,-5,15,-4,-7,32,28,-31,40,0,17,-3,-4,24,-7,-25,43,6,15
58.5600,0,-4,23,-1,-23,45,9,18,-3,-2,20,2,-20,35,1,16,-10,-3,17,9,-24,38,9,34,0,-2,14,6,-24,43,-16,12,-9,-5,14,1,-26,44,5,19,9,2,21,7,-23,47,0,14,-10,-6,29,33,-27,42,2,21,-4,-5,20,-3,-28,46,2,18
58.5800,-4,-6,21,1,-23,48,9,25,-5,0,19,8,-13,34,-2,12,-10,0,19,12,-17,43,8,29,1,-6,17,5,-23,34,-14,17,-7,-9,18,-6,-23,46,7,14,7,5,20,7,-27,42,-2,12,-5,-7,23,36,-36,42,3,20,-1,-3,22,7,-24,45,2,20
58.6000,-8,-3,13,0,-15,50,12,22,-8,-8,23,12,-20,36,-1,13,-10,-4,15,8,-16,48,12,30,-5,-3,17,11,-16,37,-13,17,-10,1,17,1,-22,41,7,15,9,2,13,17,-22,48,3,14,-7,-6,18,45,-22,46,5,20,-6,-9,17,5,-22,46,9,17
58.6200,-5,-7,7,3,-13,48,15,22,-4,-2,24,15,-18,36,2,10,-9,-4,18,14,-17,44,14,29,-7,0,20,14,-16,41,-11,13,-10,-7,12,8,-21,48,5,20,6,2,17,9,-21,50,7,13,0,-6,8,52,-26,44,8,22,-7,-7,18,11,-19,45,10,21
58.6400,-1,-7,13,5,-19,48,14,20,-10,-9,22,16,-9,36,4,15,-9,-7,17,16,-15,48,19,35,-10,-6,23,19,-22,44,-12,11,-14,-7,15,15,-17,46,11,19,3,0,15,14,-21,46,2,18,-3,-5,11,51,-26,44,9,18,-8,-4,17,15,-17,47,7,13
58.6600,-7,-3,13,11,-16,50,14,18,-13,-3,21,17,-20,37,6,9,-12,-7,21,19,-16,49,21,26,-10,-3,25,22,-17,45,-4,17,-13,-6,24,17,-17,47,8,19,2,-1,21,14,-23,46,5,11,-4,-4,5,59,-28,46,8,21,-4,-7,13,12,-19,49,9,18
58.6800,-8,-3,9,11,-13,50,18,19,-8,-6,24,20,-18,39,8,8,-14,-3,24,25,-17,45,17,31,-10,-5,24,24,-17,42,-12,9,-17,-9,27,19,-23,50,10,15,-1,-2,19,19,-22,53,6,13,-4,-7,7,58,-26,50,6,19,-2,-9,19,17,-19,51,15,14
58.7000,-8,-8,19,15,-19,49,15,21,-11,-5,28,24,-23,38,9,10,-11,-6,24,21,-13,51,16,25,-9,-1,30,26,-19,45,-13,9,-16,-5,33,18,-22,53,9,22,2,0,11,15,-23,49,8,12,-5,-8,9,58,-19,48,6,18,-8,-7,23,16,-19,49,11,16
58.7200,-11,-8,21,18,-19,51,13,20,-9,-5,34,19,-22,43,3,9,-16,-9,23,24,-15,51,14,26,-11,0,32,23,-30,43,-3,8,-16,-7,29,19,-19,47,8,18,-1,0,21,14,-21,47,4,14,-2,-3,11,58,-23,47,8,17,-3,-6,26,17,-19,52,14,17
58.7400,-13,-7,28,17,-20,54,9,18,-13,-10,31,16,-21,42,5,13,-15,-5,28,20,-26,53,15,22,-8,-7,26,25,-22,39,-10,11,-18,-7,31,22,-23,52,17,20,-4,0,26,9,-19,47,6,17,2,-3,10,52,-27,48,2,18,-7,-6,27,16,-25,51,15,18
58.7600,-10,-4,30,14,-21,55,12,20,-14,-7,38,12,-25,32,8,9,-17,-5,33,16,-28,53,14,24,-11,-1,36,21,-25,40,-14,14,-19,-5,36,16,-23,47,8,21,-3,4,28,12,-24,47,6,14,-2,-6,20,49,-24,47,3,18,-8,-6,30,12,-25,49,11,19
58.7800,-9,-6,33,10,-26,53,15,25,-7,-4,33,8,-23,37,8,11,-11,-6,31,12,-21,50,17,25,-6,1,31,20,-22,41,-14,16,-19,-6,41,13,-29,48,12,18,-1,-1,29,12,-28,43,6,11,-3,-3,20,45,-26,44,5,15,-7,-10,28,15,-28,53,10,16
58.8000,-12,-5,34,10,-19,53,10,20,-7,-1,32,8,-31,33,0,13,-10,-5,27,8,-26,43,16,29,-4,2,33,15,-23,44,-9,17,-19,-6,36,12,-30,48,9,21,-1,-1,33,8,-35,44,8,20,-4,-5,24,34,-26,51,5,13,-8,-4,32,9,-27,47,6,21
58.8200,-4,-2,36,5,-23,48,12,23,-8,2,29,6,-17,35,1,16,-12,-4,27,1,-30,43,16,28,-6,3,27,10,-24,42,-12,11,-17,-4,35,10,-30,43,7,19,6,3,34,4,-30,47,1,25,-3,-4,30,31,-27,47,3,16,-4,3,27,4,-30,47,7,16
58.8400,-10,0,36,10,-24,47,14,30,-7,0,26,-2,-35,30,1,14,-9,-6,25,2,-26,48,16,29,-7,1,25,6,-24,38,-10,16,-15,3,29,0,-31,42,7,24,-2,9,33,6,-27,40,8,15,-4,-6,33,22,-29,48,3,14,-3,0,31,0,-26,42,11,20
58.8600,-7,-6,33,4,-27,47,14,29,-1,4,26,-5,-27,29,3,21,-9,1,24,-6,-27,43,17,30,-2,4,29,5,-28,34,-11,14,-13,0,26,2,-34,42,5,23,5,5,35,0,-30,43,5,18,-6,-7,34,16,-23,44,4,13,-3,-1,28,-5,-28,42,11,20
58.8800,-7,-4,36,0,-26,49,11,26,-3,-1,25,-9,-26,25,4,15,-10,-2,22,-11,-23,44,21,28,-2,2,28,7,-26,34,-11,16,-11,-1,23,-2,-31,35,8,27,5,7,34,1,-25,39,9,16,-2,-9,38,19,-27,48,3,13,-4,-2,29,-5,-25,45,8,23
58.9000,-6,-3,32,0,-22,47,14,24,-3,-1,19,-7,-19,21,0,15,-9,3,22,-4,-26,45,17,32,-2,6,25,3,-27,32,-9,11,-12,3,26,1,-32,40,7,24,4,6,33,2,-31,39,8,14,-3,-5,38,8,-26,46,3,12,0,-3,28,-3,-30,40,4,18
58.9200,-2,1,33,-1,-26,46,11,23,-1,3,17,-3,-18,27,3,12,-6,0,23,-4,-23,44,15,30,-5,-2,25,0,-17,35,-8,10,-12,1,21,-4,-32,39,9,21,5,5,30,0,-26,44,6,18,-10,-4,42,11,-21,45,6,9,-5,0,27,-3,-27,41,7,18
58.9400,-6,1,27,3,-25,46,14,18,-4,1,25,-7,-25,27,2,9,-9,-1,25,-6,-24,42,10,25,-3,0,28,2,-22,35,-12,10,-8,0,20,-3,-25,41,5,18,2,5,29,4,-33,45,5,16,-4,-1,35,8,-25,47,9,13,-3,1,26,-3,-25,45,6,18
58.9600,-7,-1,25,6,-23,49,13,22,-3,5,22,0,-17,29,1,13,-6,-4,32,0,-22,42,16,26,-3,2,27,4,-19,35,-11,11,-14,3,23,-1,-27,40,7,15,8,12,30,7,-28,42,1,13,-8,-2,34,13,-25,42,4,12,-4,-1,27,2,-27,44,8,15
58.9800,-7,-2,28,10,-21,49,9,25,-7,1,26,2,-20,29,2,12,-11,-6,23,2,-23,41,20,23,-2,-5,27,2,-28,37,-13,9,-11,1,27,0,-29,41,7,20,2,8,28,8,-26,49,7,9,-7,-7,33,12,-24,43,4,10,-8,-2,29,1,-25,42,4,15
59.0000,-7,-2,25,12,-20,49,11,14,-3,4,30,7,-24,34,6,-1,-16,-4,36,6,-20,50,17,25,-8,4,22,2,-22,38,-11,11,-15,1,24,8,-27,38,9,17,4,8,30,10,-26,47,5,7,-5,-5,30,15,-23,45,11,11,-7,-3,33,6,-30,45,9,10
59.0200,-7,-6,32,10,-25,56,11,12,-8,1,31,16,-21,33,2,4,-9,-2,34,16,-22,49,20,20,-7,1,30,6,-23,39,-10,7,-12,-1,26,5,-24,47,8,12,-1,6,25,12,-31,52,3,5,-8,-7,25,18,-19,46,10,12,-6,-1,29,5,-23,50,7,12
59.0400,-15,-7,28,14,-19,57,11,12,-5,-4,29,14,-27,32,4,6,-9,-4,34,13,-22,47,18,19,-2,-3,32,8,-24,41,-9,6,-12,0,28,12,-31,45,5,11,-1,1,29,12,-32,50,5,8,-8,-7,18,26,-24,47,8,16,-5,-3,31,14,-31,46,5,13
59.0600,-10,-9,32,19,-21,51,6,12,-8,-3,34,20,-27,36,2,-1,-10,-6,40,20,-26,47,13,21,-2,0,35,13,-30,41,-9,4,-7,-1,28,11,-27,49,2,9,5,1,28,16,-30,50,-2,9,-10,-10,19,32,-25,51,10,10,-1,-7,33,12,-25,50,7,10
59.0800,-9,-6,30,25,-25,47,11,13,-5,-6,38,20,-23,30,1,9,-11,-11,41,21,-25,47,10,25,-2,-3,30,14,-28,39,-11,7,-9,-5,33,14,-27,51,2,10,-3,0,26,23,-28,49,1,8,-7,-3,15,39,-27,48,14,16,-2,-7,31,13,-26,50,5,9
59.1000,-9,-4,30,17,-30,54,9,14,-7,-3,35,17,-24,32,-1,11,-11,-9,40,23,-27,49,13,25,-3,-5,27,13,-26,42,-8,0,-16,-3,32,20,-31,45,3,9,5,-3,28,20,-30,48,3,8,-5,-7,14,42,-20,46,9,14,-5,-8,33,14,-26,44,5,9
59.1200,-5,-8,30,20,-29,50,9,15,-1,-1,34,20,-21,33,-1,8,-10,-13,36,26,-30,50,11,22,0,-4,27,14,-25,40,-10,5,-12,-11,29,18,-31,44,8,15,4,0,30,15,-29,46,1,8,-5,-5,10,44,-23,49,14,16,-2,-3,30,14,-24,46,11,10
59.1400,-2,-3,31,17,-26,51,7,18,-3,1,32,22,-24,36,5,8,-11,-7,35,20,-27,48,13,23,-2,-4,26,17,-27,41,-4,8,-12,-2,33,18,-28,46,7,13,3,0,23,18,-27,43,6,6,-2,-3,9,49,-32,46,12,16,-3,-6,26,13,-27,50,7,11
59.1600,-3,-9,28,14,-26,49,7,18,-1,-1,28,15,-23,37,0,17,-9,-9,26,25,-25,45,14,26,1,-1,28,12,-24,39,-9,8,-10,-4,25,22,-28,43,2,15,11,-2,24,17,-32,46,4,14,-1,-3,7,50,-34,46,8,16,-5,-9,23,17,-30,49,11,16
59.1800,0,-4,26,11,-23,50,10,20,-6,-5,27,19,-24,30,1,12,-6,2,25,19,-23,47,18,29,2,-5,27,14,-24,38,-9,15,-16,-5,19,15,-27,47,9,20,7,4,18,14,-30,49,3,17,5,-5,10,48,-31,45,13,20,0,-8,18,10,-30,48,11,16
59.2000,0,-3,21,9,-21,51,15,19,-4,-5,26,17,-21,38,4,16,-10,-3,22,18,-23,46,17,28,-2,-3,25,13,-23,35,-5,15,-11,-6,19,19,-24,46,14,20,5,-1,18,9,-25,45,8,14,-3,-4,10,52,-29,47,11,15,-1,-7,20,14,-26,46,9,15
59.2200,-5,-2,21,5,-22,51,19,26,-3,-7,20,6,-17,34,6,18,-9,-2,13,11,-23,44,18,31,0,0,26,17,-23,40,-6,15,-13,-2,15,14,-26,48,7,23,4,2,16,8,-29,45,4,13,0,-3,10,47,-25,43,12,20,-4,-3,18,8,-27,48,10,20
59.2400,-5,-4,15,8,-22,49,18,22,-9,0,15,6,-24,31,7,12,-9,2,17,7,-23,43,20,28,-5,-3,26,11,-17,38,-4,12,-15,-1,15,13,-28,43,13,19,5,3,18,5,-30,44,7,11,-1,-2,20,48,-28,45,5,20,2,-6,22,5,-24,49,15,23
59.2600,-6,2,16,0,-23,49,16,21,-1,-4,18,6,-18,32,7,15,-8,-2,9,6,-23,45,19,30,1,3,26,9,-21,42,0,15,-15,-2,16,8,-26,47,18,24,1,5,22,6,-32,47,13,10,0,-5,20,44,-26,46,13,22,-3,-2,23,0,-28,46,14,20
59.2800,-10,-1,17,-3,-21,51,21,24,-9,-4,22,6,-21,37,11,16,-11,2,16,4,-25,44,20,31,-5,0,24,5,-27,36,-3,14,-15,-5,21,8,-28,47,15,20,1,1,17,-1,-27,49,10,10,-5,-3,20,44,-30,45,9,18,-5,-5,20,-2,-28,47,16,15
59.3000,-11,-6,17,-4,-18,53,15,21,-13,-1,20,7,-19,35,12,17,-13,-2,18,-3,-23,42,19,29,-10,-3,28,4,-26,42,1,14,-22,-3,20,8,-26,54,12,21,-1,1,18,-4,-27,47,6,11,-4,-2,24,37,-30,41,6,20,-8,-4,21,-4,-30,52,16,19
59.3200,-10,-3,17,-7,-28,53,19,16,-16,-5,19,-3,-21,36,8,11,-12,-6,21,-4,-26,51,23,30,-7,-7,26,2,-28,42,1,10,-25,-1,25,1,-23,50,13,17,-5,1,20,-1,-30,50,5,15,-4,-8,28,35,-35,44,6,18,-10,-8,21,-1,-25,45,14,18
59.3400,-11,-4,22,-4,-22,58,24,19,-15,-5,25,-3,-24,36,6,11,-14,-6,23,-1,-19,46,14,28,-13,-2,31,-2,-27,47,-1,14,-21,-5,33,1,-25,47,16,20,-3,1,16,-5,-28,49,8,13,-12,-7,33,35,-31,43,8,18,-11,-8,18,-8,-27,53,12,14
59.3600,-14,-5,29,-9,-25,51,16,17,-18,2,33,-6,-19,33,5,9,-15,-5,23,-6,-27,49,18,24,-7,-8,32,-1,-24,42,-3,13,-26,-4,38,-1,-29,51,12,23,-2,4,23,-7,-31,49,6,15,-8,-11,42,27,-29,51,12,18,-13,-1,30,-8,-28,50,11,13
59.3800,-13,-4,31,-6,-27,53,14,19,-16,0,34,-4,-29,38,3,14,-16,-6,32,-7,-26,48,20,27,-13,-6,33,-4,-31,40,-10,17,-24,0,35,-3,-32,49,7,20,-3,0,26,-1,-34,48,2,11,-7,-6,47,24,-30,47,13,15,-17,-5,36,-8,-34,48,10,16
59.4000,-15,-1,35,-6,-27,50,15,21,-19,3,36,-10,-27,35,0,11,-16,-2,34,-9,-29,48,18,21,-11,2,37,-5,-32,40,-7,11,-26,-5,36,-6,-28,53,10,25,-8,-3,31,-7,-31,53,3,11,-12,-10,46,26,-30,46,2,15,-14,-1,37,-10,-33,54,3,16
59.4200,-13,-4,38,-8,-31,52,14,19,-11,0,41,-14,-30,35,3,9,-12,-6,34,-5,-28,47,9,23,-9,-4,36,-2,-33,38,-10,15,-26,1,42,-4,-30,47,10,15,-3,2,35,-2,-33,50,1,10,-11,-6,44,26,-32,49,5,16,-9,-4,40,-11,-29,50,6,14
59.4400,-14,-5,40,-10,-25,54,14,17,-10,2,43,-10,-35,34,0,10,-10,-1,40,-7,-33,49,9,24,-11,-2,34,-1,-28,43,-11,10,-25,4,46,-11,-35,49,2,22,-2,3,38,-1,-34,49,4,10,-14,-12,49,23,-29,46,8,17,-9,0,38,-8,-32,44,3,19
59.4600,-8,0,45,-7,-28,55,11,18,-5,1,34,-11,-31,26,-5,14,-18,-1,33,-9,-26,46,7,29,-7,4,34,-7,-35,40,-12,17,-20,2,43,-10,-33,47,8,19,-5,3,39,-2,-35,52,-5,16,-16,-6,53,21,-34,48,5,16,-8,2,37,-8,-30,44,9,16
59.4800,-10,0,40,2,-26,49,12,18,-12,6,39,-8,-28,30,1,13,-13,-3,36,-2,-29,50,4,26,-8,1,29,-3,-33,39,-13,18,-21,1,45,-15,-34,48,2,20,-4,16,41,-1,-33,50,1,14,-11,-6,48,24,-26,53,-1,15,-7,4,37,-11,-30,47,9,15
59.5000,-8,-1,41,-4,-25,52,12,19,-11,8,33,-11,-32,33,3,16,-12,2,30,-2,-26,46,15,22,-4,5,23,-7,-35,40,-17,17,-20,4,36,-8,-36,43,1,19,0,5,39,1,-36,49,0,18,-13,-2,42,27,-29,51,7,16,-6,2,34,-5,-30,52,5,17
59.5200,-7,5,40,-2,-27,55,11,22,-5,5,32,-5,-25,30,-2,10,-11,0,32,0,-32,46,15,30,-1,6,24,0,-26,36,-12,16,-21,8,31,-6,-29,47,5,22,3,11,35,3,-36,48,3,12,-14,-1,38,23,-24,53,8,14,-9,0,32,1,-33,51,7,17
59.5400,-1,3,36,-1,-27,53,11,22,-7,7,29,-1,-24,36,-1,14,-8,3,27,5,-27,50,10,30,-6,5,28,-1,-27,36,-15,16,-13,6,29,-1,-32,48,2,19,3,10,37,3,-27,49,6,15,-8,1,32,30,-30,52,5,17,-8,5,28,2,-31,48,5,15
59.5600,-3,3,32,5,-27,50,15,23,-2,11,30,-4,-25,33,2,10,-10,3,27,4,-27,49,12,29,-1,5,28,4,-28,39,-15,17,-19,2,22,-2,-29,46,5,17,-1,8,34,5,-35,51,0,12,-7,-4,26,33,-24,49,8,16,-4,4,29,2,-30,50,5,13
59.5800,-2,0,29,9,-28,50,12,24,-7,9,28,7,-25,35,-2,3,-11,2,25,8,-29,50,10,30,-9,3,19,1,-31,41,-17,9,-15,6,25,3,-32,47,7,19,1,11,38,8,-31,53,-2,16,-8,3,21,32,-26,54,13,14,-3,5,27,4,-37,45,9,15
59.6000,-8,2,27,14,-29,52,12,19,-3,4,27,6,-19,40,2,8,-7,6,25,10,-23,53,15,28,-6,3,23,4,-27,41,-15,9,-17,5,18,2,-21,49,6,19,5,13,34,12,-24,51,4,13,-6,4,17,40,-26,54,15,15,-2,3,22,5,-27,50,8,12
59.6200,-11,1,22,13,-22,53,14,15,-4,7,27,11,-21,37,5,5,-10,4,24,15,-22,54,16,23,-6,5,20,6,-27,44,-6,7,-21,5,16,13,-26,49,12,15,4,6,26,15,-31,53,3,9,-6,6,5,40,-21,59,6,14,-5,1,23,9,-25,50,11,12
59.6400,-5,-1,21,10,-26,56,13,14,-6,0,28,17,-19,38,5,7,-12,1,23,14,-27,55,16,25,-5,6,27,10,-29,43,-11,3,-13,8,23,16,-25,52,4,17,-3,9,30,13,-28,55,4,10,-4,5,4,41,-20,53,13,11,-5,0,21,9,-25,54,5,11
59.6600,-6,1,21,17,-20,55,15,12,-8,5,28,15,-24,43,2,6,-13,0,29,15,-19,53,12,21,-5,-1,22,13,-27,45,-12,0,-13,5,20,20,-27,52,10,12,4,5,26,14,-28,51,3,8,-5,5,4,44,-31,53,13,14,-4,0,23,10,-26,54,12,9
59.6800,-9,-3,22,16,-25,55,13,14,-7,3,30,18,-21,43,0,7,-12,0,22,14,-29,56,18,24,-3,5,22,11,-27,46,-12,0,-12,5,19,17,-24,55,9,13,0,4,25,14,-29,52,7,8,-8,2,8,38,-26,58,14,8,-9,-1,26,16,-27,55,5,11
59.7000,-6,-2,23,17,-23,53,18,13,-9,-1,36,19,-19,39,6,-2,-16,4,31,17,-25,57,19,25,-9,-5,22,16,-28,45,-15,8,-18,3,21,18,-19,55,8,10,-6,5,23,15,-28,51,1,3,-2,-4,6,45,-24,53,8,9,-5,-2,28,13,-29,52,10,5
59.7200,-10,1,27,11,-22,56,11,13,-13,3,36,18,-25,39,9,4,-16,2,37,15,-29,54,17,20,-8,0,27,16,-28,49,-9,6,-20,3,26,15,-24,57,8,10,-1,2,27,14,-29,52,2,6,-1,1,5,41,-26,51,9,8,-14,-2,30,11,-27,52,9,9
59.7400,-3,-3,27,10,-25,52,16,10,-11,-1,35,17,-20,40,7,3,-18,-1,36,16,-29,54,15,20,-9,2,28,10,-31,49,-12,6,-18,5,28,18,-26,50,8,15,-3,4,29,11,-24,48,3,4,-4,1,12,41,-31,50,6,8,-5,-1,30,12,-30,48,6,9
59.7600,-7,-1,27,8,-30,57,15,10,-11,1,38,16,-20,38,10,8,-18,0,32,11,-29,59,17,20,-7,0,28,14,-28,46,-10,7,-18,5,28,15,-31,56,5,9,-4,3,28,10,-30,51,1,5,-8,-8,13,39,-28,52,12,5,-7,-5,27,7,-30,51,9,14
59.7800,-12,0,30,7,-31,51,14,11,-11,-2,34,10,-18,36,6,2,-16,-1,38,4,-29,53,15,21,-8,2,32,13,-27,49,-8,8,-13,1,31,17,-20,52,11,15,0,-1,37,10,-29,46,3,5,-9,-3,18,42,-30,45,8,6,-9,-5,34,4,-28,50,9,8
59.8000,-10,-7,35,4,-28,57,13,13,-9,1,30,10,-24,34,9,7,-12,0,32,3,-30,47,19,25,-4,1,34,11,-27,44,-9,10,-19,3,33,7,-29,47,10,15,2,-3,27,3,-31,43,3,2,-3,-1,27,38,-35,49,2,7,-6,-1,34,6,-30,48,8,11
59.8200,-8,-7,30,5,-27,47,15,19,-9,1,31,1,-19,29,8,11,-12,0,35,0,-30,49,15,26,-7,2,37,0,-27,44,-4,9,-21,1,32,6,-31,46,10,21,-1,5,30,7,-28,43,6,12,-1,-8,35,38,-31,44,3,7,-5,-3,32,2,-30,44,10,12
59.8400,-7,-5,33,-4,-33,48,17,15,-9,5,28,2,-19,31,9,13,-14,-3,34,-2,-31,47,20,31,-8,-3,32,3,-27,40,-8,11,-18,-2,33,3,-23,44,12,15,1,1,24,6,-33,52,7,8,-5,0,29,37,-33,44,5,10,-7,-2,30,-1,-27,46,11,17
59.8600,-8,-4,26,-4,-27,51,18,21,-10,3,27,1,-25,30,13,12,-13,-2,32,-4,-26,46,16,26,-11,-2,39,1,-25,41,-8,14,-17,2,31,5,-26,47,11,22,-5,4,34,1,-26,47,6,4,-2,-4,34,34,-34,42,10,19,-7,-3,30,0,-33,47,11,15
59.8800,-7,0,23,-6,-26,51,22,18,-10,3,25,1,-22,28,12,14,-11,-1,30,-3,-24,43,18,24,-8,-1,35,-3,-26,41,-3,14,-20,0,29,-5,-26,47,18,21,7,4,31,-5,-29,47,10,11,-3,-6,37,32,-35,43,8,12,-7,-3,30,-7,-26,48,13,15
59.9000,-4,-2,26,-7,-31,50,21,20,-10,1,29,-6,-25,32,11,14,-8,1,21,1,-23,44,20,26,-11,-1,35,-3,-24,38,-3,12,-15,2,31,2,-25,45,15,21,5,4,31,-1,-31,48,12,14,-4,-11,38,30,-30,48,14,13,-5,-4,27,-8,-29,45,9,18
59.9200,-10,-1,26,-4,-28,53,21,16,-14,0,24,-1,-23,29,7,21,-16,2,22,-4,-26,43,21,23,-7,3,41,-7,-26,41,-2,11,-17,-1,31,0,-26,43,18,21,-5,4,29,-4,-28,45,11,10,-4,-7,35,27,-29,44,9,20,-11,-1,30,-10,-28,44,17,17
59.9400,-11,-1,24,-7,-30,55,21,18,-12,1,24,-6,-26,31,13,13,-14,7,22,-4,-25,44,20,30,-6,0,36,-2,-25,41,-4,8,-13,0,26,-1,-27,50,11,20,-1,1,29,-1,-28,45,11,10,-7,-2,43,25,-25,47,16,19,-13,1,30,-7,-32,46,14,15
59.9600,-8,-3,31,-3,-23,54,25,19,-9,5,30,-7,-25,27,13,13,-10,10,25,-2,-24,43,25,26,-13,4,39,-7,-35,39,-4,14,-17,2,28,-2,-34,48,15,18,0,6,21,1,-35,51,9,10,-7,-2,36,26,-30,49,12,19,-10,1,31,-8,-32,50,15,14
59.9800,-9,1,26,-4,-28,57,18,13,-8,5,28,-6,-28,35,8,11,-10,1,28,1,-25,49,24,26,-11,-2,39,-6,-28,40,-3,9,-21,0,29,-2,-35,49,15,19,-1,8,25,-3,-30,50,6,8,-4,-3,38,22,-28,50,16,18,-12,1,28,-6,-31,43,15,10
60.0000,-14,2,29,-1,-30,54,18,15,-11,1,28,-8,-25,36,8,9,-17,4,30,1,-29,45,19,23,-12,1,36,-8,-23,40,-6,11,-16,-1,32,-2,-34,47,14,17,-3,5,23,-2,-30,49,6,8,-7,-3,37,20,-31,53,14,18,-13,-1,29,-7,-31,49,12,19
60.0200,-8,-1,32,-2,-29,54,15,19,-15,0,30,-7,-35,35,2,6,-10,3,32,-2,-32,46,21,22,-13,-2,35,-9,-30,39,-4,10,-19,0,33,0,-31,50,13,13,1,3,24,-1,-33,48,5,9,-13,-7,40,24,-32,53,18,17,-15,-4,32,-7,-35,51,18,9
60.0400,-14,-2,37,2,-29,55,16,16,-15,0,28,-7,-30,34,5,6,-18,0,30,2,-33,45,17,25,-12,-5,31,-7,-33,39,-4,11,-24,0,37,-2,-33,49,11,14,-3,5,29,5,-33,53,0,12,-8,-5,41,21,-35,55,18,13,-13,-1,31,-7,-34,49,12,11
60.0600,-13,1,36,-3,-26,56,10,16,-15,2,34,-4,-33,38,5,5,-20,7,40,4,-38,51,17,19,-15,-1,31,-8,-36,45,-5,9,-18,0,44,2,-38,45,11,15,-5,6,33,0,-36,56,7,6,-6,-4,37,17,-35,50,12,11,-14,-4,32,-5,-34,49,11,13
60.0800,-15,-6,39,0,-28,53,16,18,-9,2,30,-7,-35,33,4,7,-14,0,38,1,-34,47,10,22,-10,-1,31,-5,-35,36,-3,5,-23,-2,32,-3,-41,47,15,11,-8,3,34,-2,-35,53,2,8,-10,-2,36,26,-32,52,11,19,-6,-6,29,-7,-38,52,12,13
60.1000,-17,-4,40,-4,-36,52,15,18,-8,4,30,1,-37,35,-1,6,-19,-2,32,7,-34,49,12,18,-10,3,27,-1,-29,39,-3,9,-21,-2,33,0,-34,45,7,11,-7,4,33,2,-35,51,1,8,-12,-2,33,25,-36,52,14,15,-12,0,31,-4,-37,49,10,12
60.1200,-12,0,38,-2,-31,58,15,18,-8,3,28,-5,-32,35,2,5,-18,3,29,4,-36,52,14,26,-14,1,31,-4,-34,38,-9,8,-18,3,35,-1,-31,42,14,13,-7,4,35,-2,-37,49,-1,6,-8,-4,32,26,-32,51,14,16,-9,0,31,-6,-42,52,9,11
60.1400,-7,-2,40,-5,-37,55,15,17,-12,6,30,1,-29,39,0,5,-16,3,33,1,-40,49,13,22,-15,2,27,-2,-39,44,-7,10,-21,5,32,-1,-33,40,8,19,-6,5,33,3,-36,48,4,7,-12,-4,32,29,-34,53,10,14,-9,2,27,-3,-37,53,9,12
60.1600,-9,0,34,-3,-33,53,15,20,-10,3,28,-1,-28,36,-2,5,-18,4,30,4,-31,52,12,26,-16,4,23,-1,-29,45,-4,9,-19,6,32,-3,-43,48,11,16,-6,7,24,0,-36,51,3,8,-10,1,28,26,-34,47,9,17,-10,3,30,-3,-37,54,10,11
60.1800,-9,-1,35,-2,-34,53,14,16,-11,4,26,-1,-28,40,4,10,-16,6,28,2,-31,46,11,27,-14,1,22,-2,-35,39,-2,9,-18,7,27,-5,-33,46,8,22,-5,10,33,4,-31,53,3,11,-14,2,26,31,-41,55,5,17,-9,5,31,-4,-34,52,4,15
60.2000,-12,4,33,-3,-30,49,14,15,-13,6,25,1,-23,43,10,10,-16,7,20,5,-27,46,14,31,-14,3,24,1,-30,43,-4,13,-16,8,27,-6,-33,44,11,17,-6,9,23,2,-33,49,2,13,-10,0,28,31,-37,52,11,14,-10,6,28,-10,-32,54,6,14
60.2200,-11,0,31,-5,-25,53,12,19,-10,9,26,-2,-24,41,3,11,-9,5,22,-2,-27,54,19,27,-13,3,25,4,-29,44,-6,10,-18,3,25,1,-32,45,9,19,-4,9,26,4,-23,53,4,12,-15,0,23,38,-40,54,7,15,-9,4,25,-1,-34,52,6,17
60.2400,-17,10,24,1,-24,51,13,17,-11,10,28,2,-20,43,5,11,-15,6,25,7,-36,53,19,28,-13,5,23,7,-34,46,-10,14,-15,5,26,0,-31,48,13,20,-3,9,28,1,-31,57,3,7,-8,-1,23,37,-35,49,6,17,-11,3,26,0,-32,53,14,11
60.2600,-15,0,24,-7,-22,52,16,20,-14,7,31,1,-21,40,3,10,-19,3,23,2,-29,55,16,26,-12,7,23,8,-32,42,-11,12,-19,5,24,1,-28,50,10,21,-1,9,32,0,-25,50,2,5,-11,5,22,39,-35,56,7,17,-8,3,24,-7,-31,55,10,15
60.2800,-15,0,25,-6,-23,50,17,18,-9,7,31,3,-19,44,5,9,-13,5,21,2,-28,57,18,30,-11,3,28,7,-27,46,-6,12,-13,2,31,-1,-27,53,6,17,2,10,33,1,-30,50,7,9,-15,2,24,36,-33,56,8,12,-9,6,28,-2,-29,53,11,11
60.3000,-10,5,26,-3,-27,57,19,15,-15,1,32,-1,-22,41,7,7,-15,7,28,4,-29,62,15,27,-9,8,29,6,-24,51,-6,8,-21,6,26,1,-28,57,12,18,1,11,35,3,-28,55,6,10,-16,3,23,43,-32,56,8,15,-7,4,26,2,-25,54,9,10
60.3200,-13,4,25,-2,-26,57,15,14,-14,5,38,-1,-23,45,9,6,-22,7,30,7,-32,52,17,18,-6,8,27,9,-26,49,-9,9,-17,3,31,-2,-33,53,12,19,-3,11,34,6,-29,56,7,7,-6,5,26,42,-31,55,10,14,-7,6,32,-2,-27,55,10,9
60.3400,-12,2,28,-3,-24,56,19,11,-15,1,40,2,-26,45,8,8,-14,11,33,6,-29,51,18,22,-9,7,29,8,-30,52,-8,11,-15,3,30,5,-31,52,12,15,1,9,35,5,-27,54,3,4,-19,2,27,44,-34,56,11,12,-13,-2,33,-1,-32,60,11,10
60.3600,-10,4,30,4,-25,56,16,12,-14,4,41,-1,-28,48,10,5,-14,6,33,4,-33,53,19,20,-10,4,29,9,-32,51,-9,10,-15,1,32,1,-28,56,9,15,1,14,35,0,-25,58,8,1,-13,-1,26,44,-31,61,9,13,-12,5,36,4,-31,55,15,11
60.3800,-11,-1,29,1,-26,56,17,15,-18,2,43,0,-27,42,4,8,-15,2,35,5,-29,60,17,24,-7,0,32,5,-33,50,-13,9,-17,1,37,-1,-26,57,11,12,1,6,35,4,-30,64,2,6,-12,0,31,41,-27,59,3,11,-10,1,32,-1,-33,57,7,10
60.4000,-11,3,31,5,-27,57,16,14,-11,2,37,5,-23,36,5,8,-16,6,34,3,-25,48,13,25,-9,3,34,3,-31,52,-15,7,-19,1,33,3,-31,55,3,14,-1,9,33,4,-27,58,0,5,-11,4,35,44,-28,60,4,13,-14,1,33,-1,-35,53,10,10
60.4200,-18,1,35,0,-31,57,13,12,-14,4,41,-8,-23,40,5,8,-14,5,42,-2,-29,53,13,23,-10,4,33,7,-33,50,-5,8,-16,1,30,5,-30,56,9,15,-3,4,35,-1,-24,50,0,2,-7,6,36,37,-27,61,10,9,-10,1,36,-2,-27,52,5,7
60.4400,-9,0,39,-2,-30,56,15,8,-15,7,41,-3,-27,38,3,9,-13,4,34,5,-23,54,16,25,-9,3,34,2,-29,47,-13,6,-20,2,30,-1,-29,56,9,18,2,9,34,1,-25,55,7,0,-11,0,30,39,-25,57,7,12,-12,0,38,-3,-31,55,4,6
60.4600,-8,1,35,-1,-29,52,20,12,-12,8,34,-5,-24,31,10,3,-14,7,44,1,-33,49,12,22,-9,7,34,-1,-33,47,-13,7,-21,-3,37,-1,-32,56,8,17,1,4,34,-3,-26,53,3,6,-8,7,39,38,-33,58,5,9,-6,0,29,-5,-31,52,7,9
60.4800,-5,0,32,3,-38,52,21,14,-16,7,35,-10,-25,33,9,6,-14,6,38,-5,-30,49,14,25,-11,5,36,-3,-31,46,-9,9,-19,0,34,2,-26,51,12,18,-3,7,35,1,-31,53,-3,4,-8,-1,36,36,-28,52,7,15,-11,-2,32,-2,-28,50,8,13
60.5000,-8,-4,32,0,-33,55,16,14,-14,3,29,-5,-26,33,3,7,-16,8,33,-3,-31,49,15,24,-12,4,32,-4,-31,45,-5,9,-19,5,33,-1,-33,55,8,17,-2,6,34,-6,-32,52,-2,3,-10,-3,32,33,-31,48,9,8,-12,1,35,-7,-35,44,7,7
60.5200,-9,-6,32,1,-31,52,16,13,-17,-1,25,-7,-25,30,5,9,-16,7,34,-5,-29,49,16,23,-13,5,31,-5,-32,44,-10,5,-18,-1,33,0,-34,54,12,15,4,6,30,-8,-29,52,5,4,-5,5,31,35,-33,50,6,11,-11,0,30,-8,-36,45,11,9
60.5400,-6,2,30,-5,-29,54,19,9,-17,6,22,-3,-29,30,10,10,-13,-1,36,-10,-30,43,16,23,-14,2,31,-2,-30,40,-7,6,-23,5,30,-4,-27,48,11,21,2,12,29,-8,-36,51,5,0,-7,3,34,36,-30,51,3,11,-11,-1,31,-7,-33,50,8,12
60.5600,-11,2,29,-1,-29,54,16,14,-15,4,26,-7,-30,34,9,12,-12,3,33,-2,-34,51,20,23,-16,-1,33,-2,-32,46,-4,10,-12,0,30,-2,-33,51,14,19,-2,8,27,-8,-29,51,-1,4,-7,3,34,40,-29,48,12,12,-12,-2,29,-10,-31,47,15,15
60.5800,-9,1,30,1,-29,52,16,15,-17,8,28,-3,-30,34,8,7,-16,7,31,-7,-29,46,18,22,-13,3,36,3,-32,45,-5,5,-21,3,28,-2,-28,48,16,16,-8,7,26,-7,-31,57,2,6,-6,-1,33,33,-28,47,9,8,-9,0,29,-3,-33,48,14,12
60.6000,-11,0,23,0,-31,53,18,14,-15,11,21,-3,-33,33,8,8,-17,11,28,-6,-29,47,17,22,-14,0,33,0,-30,41,-8,6,-23,3,31,-1,-32,54,18,19,-3,4,30,-5,-32,52,6,5,-8,7,31,35,-32,54,13,10,-13,-1,29,-8,-36,50,15,14
60.6200,-13,-3,26,-1,-30,53,15,14,-11,12,27,-1,-30,34,11,6,-11,3,34,-3,-32,51,19,23,-11,5,31,0,-31,41,-5,10,-20,5,32,1,-32,47,12,10,-2,7,28,-4,-30,51,10,3,-10,5,33,31,-32,49,11,13,-10,-1,30,-7,-33,53,16,12
60.6400,-11,4,33,-1,-30,57,24,16,-11,10,27,1,-28,37,9,3,-12,6,34,-4,-31,52,17,24,-15,2,35,-5,-32,46,-4,8,-21,0,29,4,-32,49,16,14,-2,1,26,0,-31,53,3,8,-6,8,35,33,-32,49,14,17,-8,6,28,-5,-35,46,14,11
60.6600,-10,-4,31,0,-35,58,21,14,-12,6,33,2,-27,36,7,7,-11,4,33,-4,-29,53,12,20,-9,3,36,-5,-36,42,-1,6,-17,3,33,-1,-31,49,15,15,-3,5,30,-3,-32,54,7,9,-9,2,30,39,-36,48,10,13,-14,1,35,-3,-35,51,10,13
60.6800,-8,-2,36,-1,-33,56,13,13,-15,6,33,1,-24,38,1,9,-10,3,32,2,-35,51,21,23,-7,3,39,-6,-33,41,-1,11,-19,1,30,-3,-30,48,14,16,-7,3,30,0,-29,53,6,4,-11,-2,34,30,-31,43,18,8,-8,3,33,-6,-32,55,13,11
60.7000,-12,-4,43,-1,-35,55,20,15,-17,11,30,-1,-34,43,11,8,-16,3,37,-1,-36,51,13,23,-14,-1,38,-3,-37,43,-4,8,-17,0,34,-1,-36,47,18,14,-3,8,32,1,-31,52,9,1,-9,-1,37,34,-28,47,14,9,-16,4,38,-8,-39,53,15,11
60.7200,-13,0,39,1,-35,60,19,16,-14,9,36,0,-38,44,8,6,-16,-1,38,0,-37,54,21,24,-11,4,36,0,-40,45,-2,11,-19,4,34,-1,-30,51,13,21,1,8,32,2,-30,52,5,7,-11,0,34,36,-33,50,12,10,-10,0,39,-1,-36,53,12,12
60.7400,-6,-3,36,-3,-32,54,20,13,-10,5,36,0,-24,40,6,7,-17,5,32,-7,-38,56,16,21,-5,6,36,1,-33,47,-3,11,-17,5,28,0,-33,47,13,13,0,11,34,-1,-30,54,3,6,-9,2,30,35,-34,54,14,12,-12,0,36,-2,-42,52,13,10
60.7600,-9,-1,37,-7,-34,57,21,14,-9,9,36,4,-31,41,4,6,-17,5,33,1,-37,52,17,31,-11,7,36,-2,-32,40,-7,8,-17,6,34,-4,-33,50,6,16,5,8,36,1,-32,52,8,2,-8,-2,29,37,-40,48,9,13,-13,2,33,0,-34,55,13,11
60.7800,-10,2,39,-2,-33,55,22,19,-7,7,31,-2,-32,42,-1,6,-12,3,23,-5,-39,50,16,25,-10,7,34,0,-35,42,-8,11,-23,-1,31,-6,-36,49,12,16,3,9,33,0,-32,48,15,14,-11,0,31,34,-39,50,13,13,-9,4,34,-1,-38,50,10,11
60.8000,-9,3,39,-4,-33,57,18,16,-12,5,33,2,-35,45,2,7,-13,9,35,-4,-31,55,16,24,-11,5,31,-6,-40,43,-5,8,-22,7,31,-5,-37,52,13,11,0,11,32,3,-34,54,4,9,-14,2,33,36,-37,55,16,10,-10,5,34,-4,-36,51,17,12
60.8200,-13,3,34,-3,-30,58,18,15,-8,12,32,-4,-31,44,3,13,-10,9,33,-3,-37,55,17,21,-4,5,33,-5,-36,44,-7,10,-22,6,29,-3,-34,47,12,20,2,11,30,-1,-27,51,5,5,-8,-3,31,34,-41,55,14,14,-12,7,33,-6,-38,53,6,8
60.8400,-11,0,26,-6,-33,52,25,19,-6,12,31,-5,-31,42,10,10,-14,4,28,-2,-32,53,14,30,-10,3,33,-2,-37,43,-3,12,-19,4,28,-5,-36,48,11,12,0,11,30,0,-34,48,6,5,-12,1,30,29,-37,58,11,13,-11,4,29,-6,-36,53,11,11
60.8600,-12,2,28,0,-35,55,20,12,-7,8,29,-4,-32,39,9,11,-14,12,26,-6,-31,53,17,22,-4,7,32,-3,-36,41,-8,12,-19,4,25,-6,-32,51,15,18,1,11,32,-2,-30,52,4,4,-7,-1,29,33,-37,50,11,10,-11,4,27,-4,-30,50,14,13
60.8800,-9,2,30,-7,-31,57,20,19,-10,4,29,-2,-27,39,12,10,-16,8,26,-2,-30,55,14,22,-11,7,27,-6,-34,51,-3,9,-20,3,31,-8,-31,49,10,13,0,8,21,1,-33,51,9,4,-9,0,30,32,-39,51,14,14,-10,5,26,-7,-35,57,12,9
60.9000,-6,1,26,-8,-31,54,15,10,-13,5,21,-4,-20,41,10,9,-15,8,29,-4,-29,52,19,24,-11,3,25,-10,-33,47,-4,10,-18,3,23,-6,-31,51,12,10,1,6,31,1,-33,57,2,7,-8,-2,27,42,-30,50,14,22,-13,7,29,-9,-34,53,12,10
60.9200,-9,1,24,-9,-31,53,21,14,-11,12,27,-9,-25,38,7,6,-18,5,27,0,-34,49,15,26,-11,4,29,-6,-36,47,-5,7,-23,5,24,-4,-36,52,15,13,0,7,29,-2,-37,54,4,2,-12,-2,28,35,-33,55,11,14,-11,3,26,-8,-39,50,11,13
60.9400,-14,1,27,-9,-29,58,18,15,-12,4,23,-4,-28,48,5,5,-17,10,26,0,-32,51,11,24,-9,1,31,-4,-32,46,-10,10,-21,4,27,-2,-28,52,9,19,4,5,24,0,-28,55,5,4,-11,-1,30,31,-34,53,17,17,-14,4,26,-8,-32,55,9,6
60.9600,-14,0,28,-9,-33,59,24,14,-9,6,32,-2,-25,40,11,10,-18,5,27,-2,-32,56,14,28,-10,4,34,-6,-31,50,-7,8,-21,4,30,-2,-31,50,11,17,-2,6,28,-6,-30,54,3,3,-7,-1,31,36,-37,55,15,16,-12,4,26,-5,-36,57,10,9
60.9800,-11,3,26,-10,-34,56,21,14,-11,7,29,-8,-28,38,11,4,-14,7,31,1,-34,53,18,27,-12,5,30,0,-36,50,-6,7,-24,4,32,-3,-32,55,10,18,-5,4,23,-3,-35,53,8,2,-13,-1,25,32,-36,53,10,11,-11,2,31,-9,-32,53,16,8
61.0000,-12,0,28,-9,-33,55,18,10,-16,9,33,-1,-26,39,6,6,-20,9,32,2,-35,50,17,23,-10,-3,32,-5,-28,49,-13,5,-22,2,32,-9,-34,50,9,15,-7,6,25,-3,-35,56,6,1,-11,3,32,32,-39,57,10,17,-15,3,29,-4,-33,54,12,10
61.0200,-12,2,37,-6,-35,57,19,13,-12,7,31,-4,-25,40,6,7,-16,3,31,-2,-35,55,12,22,-11,5,30,-2,-30,50,-7,5,-18,0,34,-4,-36,56,7,9,-4,6,36,-7,-35,56,2,2,-11,6,29,29,-39,55,9,14,-14,2,33,-1,-33,49,12,14
61.0400,-12,-6,30,-8,-37,58,14,12,-13,6,37,-5,-28,42,8,12,-21,7,32,3,-36,53,19,23,-12,7,28,-2,-33,51,-13,8,-24,-1,36,0,-34,55,9,21,-3,4,30,-2,-31,57,4,5,-6,3,35,34,-36,55,9,12,-9,3,29,-8,-38,51,10,13
61.0600,-12,-5,33,-7,-37,61,13,6,-16,4,41,-8,-27,39,11,10,-21,10,33,-1,-36,54,20,24,-10,3,33,1,-35,51,-7,7,-26,7,40,-4,-32,58,11,20,-1,6,33,-7,-36,59,1,1,-10,3,35,27,-36,56,14,10,-14,1,33,-3,-35,56,10,12
61.0800,-12,1,36,-10,-31,57,14,13,-9,4,40,-4,-31,37,9,10,-18,7,34,-1,-33,56,17,22,-10,9,31,0,-32,48,-8,8,-21,7,34,-7,-35,54,11,17,-4,7,38,-1,-35,56,2,1,-9,4,34,32,-36,54,6,15,-16,7,36,-6,-36,55,9,10
61.1000,-17,-3,39,-10,-34,55,14,14,-13,10,32,-4,-34,37,10,10,-18,5,34,-1,-37,50,12,23,-10,4,35,-3,-34,53,-7,14,-26,3,41,-2,-33,53,8,17,0,7,42,-3,-33,60,5,4,-10,0,35,30,-38,54,10,10,-12,4,30,-6,-32,57,14,8
61.1200,-12,1,43,-9,-30,56,18,14,-14,10,32,-7,-30,36,7,10,-18,8,38,-3,-30,49,9,22,-15,7,35,0,-29,48,-5,13,-22,6,37,-4,-31,53,10,21,-3,11,43,-4,-36,52,2,8,-11,4,35,31,-34,60,9,12,-15,4,42,-10,-36,55,13,7
61.1400,-13,4,37,-9,-32,59,16,13,-17,6,36,-12,-26,39,4,6,-13,6,39,-2,-28,50,19,23,-11,5,37,-1,-30,51,-8,12,-26,1,37,-3,-27,51,7,16,-4,10,39,-4,-31,60,1,6,-10,1,36,31,-38,56,10,12,-9,2,34,-8,-38,55,13,13
61.1600,-10,1,39,-8,-35,61,12,17,-10,9,36,-7,-27,34,5,13,-20,6,37,-9,-30,52,14,27,-14,0,32,-2,-33,49,-4,11,-29,6,36,0,-32,53,10,14,-2,12,36,-10,-30,54,3,6,-13,6,36,36,-36,54,13,14,-13,3,37,-7,-39,54,9,12
61.1800,-12,-4,33,-11,-29,60,18,16,-11,5,40,-7,-27,42,6,8,-19,6,34,-10,-36,47,12,22,-11,7,34,-5,-34,50,-6,12,-23,7,34,-7,-32,49,10,17,-4,13,35,-12,-31,53,0,4,-15,4,38,33,-34,60,11,9,-10,3,35,-12,-33,58,10,10
61.2000,-11,-1,35,-3,-30,56,18,14,-14,3,31,-8,-31,38,10,5,-16,6,36,-6,-27,52,21,26,-16,3,31,-1,-33,45,-3,9,-22,6,34,0,-28,55,13,14,-3,13,35,-4,-30,53,5,5,-12,3,37,33,-37,59,11,10,-14,1,27,-11,-32,54,11,13
61.2200,-11,3,36,-4,-28,59,20,16,-16,9,33,-7,-28,41,12,13,-21,2,34,-7,-30,51,15,23,-15,7,37,-1,-35,56,-1,7,-24,8,35,0,-29,54,9,12,-3,9,39,-4,-31,57,-1,5,-12,5,35,32,-29,58,7,9,-17,6,28,-9,-32,54,15,9
61.2400,-8,3,30,-5,-28,61,18,18,-15,7,37,0,-28,39,12,9,-16,7,33,-2,-36,53,13,19,-19,4,36,0,-36,49,0,10,-23,5,33,-3,-31,48,12,13,-3,11,30,-3,-33,60,4,8,-13,-3,36,39,-32,51,13,14,-11,2,35,-10,-38,56,11,10
61.2600,-13,-6,27,-3,-33,55,20,17,-13,7,35,-7,-29,41,11,10,-21,5,36,-4,-32,46,16,24,-17,11,34,-3,-35,45,-4,11,-28,5,34,0,-31,48,12,11,-5,7,30,-5,-29,58,7,9,-9,7,34,34,-36,53,12,11,-12,1,34,-3,-39,56,14,9
61.2800,-5,-3,32,-5,-28,56,20,15,-13,10,33,-7,-30,43,11,12,-16,7,36,-5,-31,51,16,26,-16,3,34,-3,-32,51,-9,11,-26,9,34,-7,-36,51,11,12,-4,14,34,-1,-32,50,2,4,-13,2,37,34,-36,55,6,9,-12,4,33,-10,-38,54,10,12
61.3000,-11,3,34,-4,-35,59,20,12,-13,11,33,-5,-27,44,12,9,-19,8,37,-4,-36,47,16,21,-18,8,34,-6,-40,50,-3,7,-24,4,37,-3,-31,49,14,13,-2,12,34,-5,-31,54,0,7,-14,2,38,32,-32,61,8,12,-15,2,32,-7,-37,54,12,7
61.3200,-14,-1,30,-3,-31,57,20,17,-12,5,34,-4,-34,43,7,7,-19,7,35,-2,-33,54,12,25,-18,6,34,-2,-34,48,-11,10,-26,6,35,0,-29,51,17,12,-3,13,36,-5,-30,57,0,1,-11,1,29,30,-34,58,12,9,-17,2,34,-5,-33,59,11,6
61.3400,-11,-7,34,4,-29,58,16,15,-16,8,35,-4,-34,39,11,9,-23,6,33,-6,-33,53,13,25,-20,5,40,-5,-37,50,-6,8,-26,3,28,-1,-34,51,20,12,-4,14,34,-3,-31,59,2,5,-20,2,30,36,-29,55,6,9,-16,2,31,-9,-35,54,13,10
61.3600,-12,1,33,-2,-32,62,20,10,-16,9,33,-3,-25,45,8,4,-18,7,35,-12,-34,50,18,23,-14,7,37,-6,-33,47,-14,8,-24,4,37,-5,-30,54,11,14,-2,10,38,-7,-31,52,0,3,-16,0,29,33,-35,55,13,12,-11,4,33,-4,-35,57,9,17
61.3800,-15,-1,32,-7,-37,58,22,11,-10,10,38,-11,-29,46,4,5,-24,7,35,-4,-34,48,13,20,-18,7,34,-5,-37,48,-4,9,-23,4,36,-4,-37,57,13,12,-5,13,38,-6,-29,51,5,7,-15,8,34,37,-35,58,13,12,-7,2,33,-8,-39,58,7,11
61.4000,-15,0,34,-5,-37,57,22,11,-10,9,41,-5,-34,46,8,5,-20,12,37,-10,-30,49,12,23,-16,3,25,-4,-36,50,-9,9,-21,5,36,-8,-32,51,12,15,-3,9,36,1,-31,51,1,4,-15,4,32,33,-37,53,15,10,-15,7,31,-11,-37,56,9,10
61.4200,-14,-3,36,-3,-32,52,22,14,-16,7,34,-2,-27,42,6,11,-19,8,37,-3,-33,50,12,24,-14,8,36,-7,-38,44,-8,9,-21,7,34,-3,-31,55,10,15,0,16,32,-1,-31,49,0,4,-15,8,39,32,-36,57,12,12,-9,3,31,-10,-36,54,13,8
61.4400,-12,4,33,-8,-36,58,16,11,-13,9,31,-7,-30,43,4,9,-17,8,36,-4,-33,48,13,22,-10,5,30,-7,-34,47,-7,7,-19,3,35,-7,-34,50,13,13,-3,10,34,-1,-33,53,1,3,-11,3,35,33,-38,54,14,13,-11,5,35,-8,-34,49,10,11
61.4600,-12,-2,30,-10,-32,53,23,8,-12,6,27,-8,-32,41,5,9,-20,10,38,-3,-34,50,11,22,-13,10,34,-5,-33,43,-6,11,-18,2,31,-8,-34,55,9,9,-5,10,33,-6,-31,52,7,5,-15,9,35,32,-37,54,14,10,-14,1,31,-13,-31,49,16,7
61.4800,-14,6,31,-11,-36,52,19,10,-14,9,32,-5,-26,43,11,9,-22,12,31,0,-37,54,19,23,-12,11,29,-4,-37,48,-13,15,-23,5,28,-7,-33,51,16,8,1,10,36,-3,-31,52,2,-2,-11,8,36,28,-36,53,13,9,-9,3,30,-10,-36,52,13,8
61.5000,-14,-3,28,-11,-35,51,18,12,-14,3,27,-5,-27,42,11,6,-19,6,37,-3,-38,51,15,22,-14,7,33,-5,-37,45,-10,9,-18,1,29,-3,-33,47,14,12,-3,9,29,-8,-31,53,5,-5,-6,7,32,31,-35,50,9,7,-9,7,29,-8,-36,53,9,11
61.5200,-12,-1,32,-13,-36,53,19,16,-13,12,32,-3,-29,45,9,9,-17,9,32,1,-27,51,18,18,-11,15,23,-4,-30,49,-3,8,-21,7,27,-7,-36,54,13,13,0,12,35,-4,-35,56,5,3,-9,0,34,30,-36,48,6,7,-14,6,35,-8,-36,49,12,8
61.5400,-12,-2,28,-7,-34,56,21,11,-9,6,32,-2,-28,40,9,8,-20,11,31,-6,-32,50,15,23,-14,7,31,-5,-38,50,-6,4,-20,4,31,-3,-32,53,15,12,0,9,32,-9,-29,58,2,2,-6,9,34,33,-32,51,13,8,-11,6,30,-6,-36,53,14,7
61.5600,-14,-2,33,-10,-34,61,24,15,-16,9,27,-8,-32,45,13,6,-15,9,34,-7,-33,50,18,24,-8,8,35,-6,-34,50,-8,9,-19,-1,28,-5,-35,52,16,12,-3,10,32,-4,-34,50,8,-4,-11,2,30,36,-39,57,11,14,-7,4,29,-11,-30,51,10,14
61.5800,-16,0,26,-14,-38,58,17,12,-13,4,31,-5,-30,45,16,0,-16,9,34,-3,-29,51,17,22,-13,4,32,-7,-35,50,-6,12,-23,6,31,0,-35,51,15,14,-2,12,27,-4,-33,55,9,1,-12,2,35,33,-38,54,12,11,-13,6,27,-13,-35,53,14,11
61.6000,-14,-4,30,-11,-35,60,24,11,-16,7,28,-3,-31,47,10,7,-18,14,31,-1,-34,52,18,26,-12,7,36,-4,-36,49,-6,6,-22,1,35,-5,-39,58,16,8,-3,12,33,-5,-32,52,10,6,-10,4,29,36,-37,53,18,12,-15,-1,33,-6,-35,53,16,7
61.6200,-13,0,31,-8,-33,61,21,9,-17,10,29,-5,-38,43,10,9,-20,5,36,-6,-36,48,21,21,-17,10,32,-4,-36,54,-7,2,-23,6,34,2,-36,53,13,13,-6,7,32,-1,-32,56,7,3,-10,3,35,30,-35,57,18,16,-15,5,31,-8,-38,53,13,3
61.6400,-15,-3,33,-7,-27,59,19,13,-16,5,32,-7,-32,44,11,7,-15,5,32,-5,-34,47,21,19,-12,7,35,-4,-36,52,-7,10,-24,3,34,2,-35,52,13,13,2,12,32,-6,-33,55,5,3,-9,-2,31,32,-32,56,10,13,-16,1,36,-8,-29,54,11,4
61.6600,-16,-1,34,-10,-25,63,17,8,-17,5,32,-5,-34,43,9,5,-24,8,35,-7,-37,53,14,22,-12,7,38,-10,-35,49,-9,12,-22,5,36,-5,-34,55,17,14,-4,14,32,-10,-30,59,5,5,-9,0,35,31,-34,53,12,13,-13,4,36,-6,-37,56,12,8
61.6800,-17,-2,35,-6,-33,59,18,11,-19,5,29,-8,-31,40,8,5,-19,5,44,-8,-37,52,17,20,-14,5,40,-5,-40,52,-5,7,-26,-1,38,-3,-35,59,12,7,-6,13,36,-7,-36,58,2,5,-11,-1,30,31,-36,51,11,11,-12,6,37,-4,-37,54,15,8
61.7000,-14,3,39,-5,-36,64,17,13,-14,4,41,-9,-34,40,8,11,-21,8,37,-5,-36,55,18,17,-13,7,39,-4,-32,52,-7,5,-27,3,38,-7,-37,53,11,12,-2,14,37,-1,-35,59,5,1,-12,6,40,30,-35,56,15,7,-16,5,37,-6,-38,54,14,12
61.7200,-19,4,37,-6,-33,63,15,14,-14,6,39,-15,-30,40,11,5,-21,7,38,-8,-34,46,21,24,-12,6,41,-4,-37,51,-4,10,-23,0,40,-2,-37,56,14,16,-5,10,32,-4,-37,52,5,3,-14,6,36,28,-41,61,15,9,-15,1,33,-8,-35,57,12,7
61.7400,-18,1,39,-7,-34,63,21,11,-14,2,32,-11,-34,43,11,11,-18,10,39,-6,-38,52,20,23,-17,6,39,-6,-35,47,-5,8,-28,1,39,-5,-39,55,12,14,-7,12,37,-6,-30,58,7,4,-13,-1,44,34,-39,52,11,7,-18,11,34,-12,-36,55,12,11
61.7600,-6,8,38,-8,-34,56,20,18,-15,10,35,-5,-33,43,7,15,-17,7,35,-6,-32,45,19,22,-18,7,34,-7,-34,47,1,6,-23,5,36,-9,-38,53,11,15,-4,10,36,-3,-34,58,7,6,-15,0,38,33,-39,54,11,13,-12,8,33,-9,-41,57,15,10
61.7800,-10,3,34,-6,-38,59,17,13,-12,10,32,-7,-36,41,12,8,-22,10,35,-6,-42,53,16,21,-15,5,36,-1,-35,45,1,11,-27,5,42,-9,-37,53,14,13,-3,12,32,-1,-38,59,7,10,-10,3,35,33,-37,53,12,15,-12,9,31,-10,-40,58,11,11
61.8000,-12,6,36,-12,-34,58,20,14,-15,9,34,-12,-29,37,8,8,-23,7,34,-9,-32,52,13,25,-18,8,35,-11,-36,53,0,11,-26,3,42,-8,-37,48,11,17,-2,11,35,-3,-35,59,3,4,-10,-1,35,29,-41,53,13,10,-17,4,35,-10,-35,59,15,8
61.8200,-15,4,35,-12,-33,57,23,16,-12,12,38,-9,-28,44,10,13,-19,12,34,-5,-39,54,17,21,-12,10,38,-8,-35,49,-2,10,-24,6,37,-8,-40,54,14,12,-3,18,34,-6,-34,56,5,8,-14,3,37,29,-42,54,11,10,-15,0,34,-11,-40,53,13,9
61.8400,-14,2,36,-13,-37,58,24,13,-14,9,34,-8,-33,42,10,8,-19,10,31,-7,-34,54,22,24,-15,10,35,-10,-36,51,1,11,-25,12,35,-7,-36,56,13,17,0,12,35,-2,-31,56,4,0,-21,4,38,30,-37,59,10,14,-12,4,33,-9,-36,55,12,9
61.8600,-12,4,35,-10,-31,55,21,13,-16,11,33,-5,-32,45,7,9,-22,8,32,-5,-40,51,21,23,-14,3,32,-4,-38,43,-1,13,-29,3,38,-10,-30,50,13,16,0,15,34,-1,-30,56,7,5,-14,8,31,33,-33,56,13,13,-16,10,40,-9,-36,58,13,10
61.8800,-13,2,37,-12,-38,59,25,9,-14,11,34,-2,-26,45,10,15,-18,11,32,-7,-38,52,21,26,-15,6,31,-5,-38,45,-4,9,-26,3,35,-11,-38,54,15,15,-4,13,33,-3,-33,58,9,6,-14,8,31,35,-37,57,13,6,-13,8,36,-11,-37,55,17,11
61.9000,-16,4,32,-8,-29,58,24,12,-14,11,35,-3,-29,45,9,8,-18,11,31,-7,-32,53,22,26,-16,11,37,-7,-36,49,1,4,-25,6,38,-9,-36,53,12,11,3,20,38,-4,-33,58,4,3,-16,0,38,37,-38,55,13,14,-11,5,30,-13,-40,55,13,13
61.9200,-16,3,32,-6,-33,58,23,15,-16,10,32,-7,-27,47,7,4,-20,10,35,-2,-34,55,23,27,-11,7,34,-4,-35,46,-1,9,-23,7,31,-11,-36,57,16,7,1,21,32,-6,-35,56,7,4,-15,1,29,36,-35,52,16,12,-13,6,34,-6,-40,57,13,12
61.9400,-15,-2,33,-9,-35,61,19,10,-17,4,35,-4,-31,44,11,5,-17,14,33,-5,-40,54,20,25,-20,7,32,-9,-38,44,-8,5,-22,4,32,-10,-35,52,9,14,-1,17,41,-5,-35,55,0,0,-13,7,31,30,-38,60,15,12,-14,1,35,-8,-42,57,6,8
61.9600,-11,1,31,-5,-33,61,25,13,-17,13,38,-2,-29,45,7,6,-21,13,38,-4,-40,51,20,25,-16,9,37,-4,-38,50,-3,4,-22,5,38,-3,-36,50,12,7,1,14,37,-8,-33,56,8,4,-16,5,36,31,-41,59,12,13,-12,6,33,-6,-37,56,12,10
61.9800,-14,-3,34,-10,-35,57,20,11,-11,7,38,-7,-34,43,7,10,-23,8,37,-6,-40,55,16,22,-17,5,33,-3,-39,49,-6,7,-24,5,27,-6,-38,57,9,9,2,12,38,-3,-36,62,4,-2,-16,10,33,31,-37,60,12,10,-13,2,27,-14,-35,61,16,12
62.0000,-16,5,34,-2,-35,58,22,9,-14,6,35,-6,-30,45,6,6,-21,13,37,-3,-40,58,15,24,-17,6,36,-3,-33,49,-6,5,-28,8,33,-4,-43,57,16,8,-2,13,32,-8,-35,55,4,5,-17,5,33,34,-36,55,8,8,-12,6,35,-13,-37,57,13,7
62.0200,-14,4,36,-5,-35,64,13,4,-13,8,34,-5,-29,50,2,2,-22,5,34,-4,-41,52,16,25,-20,11,33,-4,-40,55,-10,8,-19,5,37,-6,-41,57,9,8,-3,20,40,-7,-37,59,5,1,-12,5,38,33,-34,56,13,9,-10,3,34,-10,-33,56,7,5
62.0400,-16,2,35,-8,-35,59,17,10,-17,10,39,-5,-31,45,0,8,-24,7,38,-4,-37,54,18,26,-13,12,33,-6,-38,47,-6,8,-22,10,30,-13,-37,52,13,12,3,18,31,-8,-35,58,6,-5,-14,6,28,28,-32,56,10,7,-7,8,33,-10,-36,54,14,10
62.0600,-11,3,37,-7,-37,57,26,14,-13,10,39,-5,-31,45,6,8,-23,14,39,-5,-35,53,13,22,-19,6,34,-5,-32,46,-7,8,-23,10,40,-9,-40,57,12,13,0,18,34,-7,-32,60,9,5,-14,3,33,31,-38,58,13,13,-15,6,38,-8,-34,57,12,6
62.0800,-17,-5,34,-9,-36,64,27,7,-16,8,37,-10,-33,48,5,7,-26,11,36,-2,-37,58,12,23,-14,12,33,-5,-36,52,-11,11,-28,7,36,-4,-33,56,8,13,1,19,36,-7,-30,52,4,-1,-19,11,38,32,-38,55,11,3,-12,5,38,-10,-41,61,16,6
62.1000,-12,-2,34,-11,-38,60,19,10,-15,3,35,-9,-33,46,9,4,-22,5,36,-10,-38,52,13,22,-12,14,34,-7,-38,52,-8,7,-24,5,34,-6,-34,53,8,12,-5,13,30,-7,-34,60,3,1,-16,5,38,32,-39,57,6,9,-10,7,34,-11,-32,60,7,8
62.1200,-17,5,38,-8,-38,61,24,10,-20,10,38,-5,-30,42,8,9,-18,10,34,-3,-40,56,12,22,-12,10,31,-8,-37,48,0,9,-25,1,36,-8,-34,50,13,16,-2,15,34,-12,-37,57,1,3,-11,6,35,32,-34,58,5,10,-13,5,34,-10,-39,54,12,9
62.1400,-14,-3,41,-10,-33,68,19,12,-23,12,34,-7,-28,42,10,0,-24,9,32,-3,-35,54,15,19,-15,7,32,-3,-40,53,-10,10,-25,3,31,-7,-31,54,13,11,-6,17,33,-5,-32,56,5,5,-13,9,34,33,-40,60,10,13,-13,5,37,-15,-32,58,11,8
62.1600,-17,3,35,-7,-35,65,18,14,-17,5,38,-9,-32,47,10,8,-21,12,31,-7,-41,52,12,26,-14,4,34,-9,-38,49,-6,9,-30,5,34,-6,-40,60,15,13,-4,15,35,-8,-31,61,5,2,-15,6,35,29,-39,57,10,7,-15,3,31,-11,-35,55,14,8
62.1800,-13,-5,33,-8,-34,64,23,19,-14,11,36,-13,-37,46,13,5,-24,14,40,-12,-36,48,17,23,-13,10,30,-2,-36,51,-5,11,-25,1,36,-4,-34,57,14,11,2,17,40,-9,-39,59,3,-1,-11,10,38,32,-36,60,9,11,-14,8,38,-14,-33,57,7,11
62.2000,-17,4,36,-10,-32,67,27,11,-18,4,36,-12,-34,44,13,5,-19,12,38,-14,-34,54,18,24,-13,10,35,-3,-33,54,-8,9,-22,3,31,-12,-24,57,8,16,-4,15,37,-16,-37,61,10,4,-15,6,34,29,-36,58,9,2,-16,13,35,-11,-32,55,14,10
62.2200,-18,6,31,-9,-36,68,28,11,-21,7,35,-9,-31,49,14,10,-18,6,31,-7,-39,53,20,27,-12,9,38,-9,-36,53,-4,9,-24,8,34,-7,-36,55,10,14,-1,16,42,-11,-30,61,8,-2,-9,1,43,32,-34,62,14,9,-16,6,40,-17,-38,54,15,12
62.2400,-13,1,37,-6,-38,67,23,14,-23,9,40,-9,-36,49,9,5,-22,7,36,-9,-41,52,18,21,-12,10,37,-7,-34,50,-5,16,-28,4,38,-9,-40,59,13,11,-2,13,30,-5,-28,57,7,0,-13,5,39,31,-38,60,15,3,-17,5,33,-18,-32,57,10,7
62.2600,-14,-2,35,-8,-36,62,21,11,-22,4,41,-5,-32,53,18,8,-15,7,35,-6,-37,56,20,24,-14,7,39,-8,-45,52,-1,10,-29,1,43,-7,-40,57,14,10,-8,13,37,-10,-33,59,10,3,-13,7,36,31,-35,60,18,6,-19,0,32,-7,-34,55,13,11
62.2800,-14,-1,32,-6,-36,67,26,13,-24,7,36,-9,-36,48,16,11,-20,7,34,-6,-35,53,17,25,-10,7,37,-6,-37,55,-2,5,-27,4,39,-6,-40,57,12,11,1,16,37,-8,-41,56,8,1,-11,5,36,34,-29,58,9,8,-15,1,38,-9,-37,58,14,10
62.3000,-17,2,39,-7,-39,68,23,12,-21,7,38,-8,-33,50,14,10,-24,11,32,-10,-32,56,14,20,-14,5,40,-6,-31,51,3,12,-25,6,41,-3,-35,54,13,13,0,14,35,-8,-37,64,8,5,-11,4,37,31,-39,63,12,9,-14,0,32,-12,-37,54,11,11
62.3200,-13,4,39,-5,-40,61,26,8,-18,8,37,-4,-38,48,14,8,-25,6,39,-7,-41,51,18,21,-11,8,37,-4,-35,54,-3,15,-29,2,43,-7,-44,60,17,11,-1,15,38,-12,-33,60,0,7,-16,1,33,35,-32,63,13,4,-19,3,36,-11,-40,58,13,6
62.3400,-18,1,39,-6,-39,66,17,11,-16,7,43,-7,-31,44,15,8,-26,4,36,-10,-37,56,20,21,-18,11,42,-7,-38,53,1,4,-30,1,41,-9,-36,55,13,10,-4,15,33,-10,-32,61,9,9,-13,2,37,30,-40,61,14,7,-15,7,43,-13,-37,63,17,8
62.3600,-20,1,41,-3,-43,61,20,13,-17,12,36,-3,-31,49,8,15,-17,7,39,-8,-40,56,19,20,-11,6,38,-10,-34,54,-1,6,-28,5,44,-6,-34,54,14,13,-6,15,36,-10,-39,62,8,4,-14,1,33,34,-38,58,16,10,-19,6,41,-15,-42,60,17,9
62.3800,-18,2,42,-12,-46,59,21,12,-17,12,36,-5,-32,39,11,12,-23,10,38,-8,-35,52,19,21,-17,6,41,-11,-38,51,-5,9,-25,0,40,-5,-30,48,11,11,-3,14,36,-8,-37,58,13,4,-11,4,38,34,-37,53,19,9,-16,3,38,-9,-37,61,10,5
62.4000,-18,5,41,-7,-43,55,20,10,-19,5,34,-8,-37,45,7,8,-27,7,37,-12,-38,51,20,23,-13,11,39,-8,-38,49,-4,11,-26,8,41,-9,-37,57,10,12,-5,18,39,-6,-38,51,5,5,-13,5,38,30,-40,52,11,8,-14,7,37,-10,-33,54,11,9
62.4200,-14,3,37,-14,-44,57,22,15,-14,6,35,-8,-31,48,12,10,-24,6,37,-10,-38,50,21,16,-10,9,38,-6,-42,49,-4,6,-27,1,42,-10,-36,55,11,14,-1,19,40,-8,-37,63,10,6,-16,6,37,30,-39,56,22,8,-17,5,31,-9,-33,61,11,13
62.4400,-14,5,33,-10,-42,59,22,9,-17,10,32,-8,-31,46,11,13,-30,10,39,-9,-35,51,25,24,-18,5,36,-11,-34,48,-4,10,-27,10,34,-5,-36,54,9,14,-5,18,39,-5,-30,55,9,4,-16,10,36,29,-39,54,18,10,-19,6,36,-10,-47,59,15,9
62.4600,-13,1,36,-13,-42,59,24,6,-13,9,33,-13,-29,48,10,8,-27,10,39,-6,-36,51,14,26,-13,15,38,-11,-38,50,-1,8,-23,10,32,-6,-38,52,14,12,0,19,32,-5,-33,53,8,4,-18,8,34,26,-37,58,11,7,-21,6,31,-15,-43,61,16,8
62.4800,-12,4,38,-9,-40,61,26,10,-14,12,30,-7,-31,46,10,9,-19,9,30,-12,-35,52,16,24,-11,10,38,-10,-39,50,-3,8,-22,8,31,-7,-33,53,12,8,-8,19,39,-4,-34,59,5,3,-12,8,34,28,-40,56,13,14,-12,6,33,-11,-37,56,13,13
62.5000,-18,5,35,-12,-38,60,24,10,-16,13,33,-1,-35,49,6,7,-24,14,35,-9,-39,51,20,25,-8,10,29,-11,-39,45,-7,10,-25,10,32,-6,-33,55,17,11,-5,18,35,-7,-37,52,2,-1,-11,9,39,29,-38,56,18,11,-14,7,33,-9,-34,54,10,12
62.5200,-13,6,35,-9,-37,63,24,12,-15,10,31,-9,-34,44,13,6,-23,11,36,-7,-32,53,17,24,-12,11,32,-14,-38,47,-6,8,-25,7,31,-14,-36,53,11,10,-3,13,34,-8,-40,57,10,5,-9,7,38,26,-40,55,16,11,-14,8,29,-14,-42,55,11,7
62.5400,-11,11,37,-9,-41,59,26,13,-12,11,31,-7,-32,44,11,12,-21,12,32,-5,-42,56,16,21,-11,10,39,-10,-38,46,-5,5,-26,8,28,-5,-35,52,8,7,0,20,36,-10,-27,55,4,4,-14,6,38,26,-41,53,16,12,-17,5,30,-9,-43,59,10,6
62.5600,-18,3,34,-14,-32,59,28,13,-18,11,31,-8,-32,50,11,10,-24,10,35,-4,-36,52,19,21,-13,15,36,-9,-38,52,-8,9,-20,9,28,-4,-37,54,13,9,-5,15,35,-6,-31,53,6,0,-16,8,34,22,-43,54,16,10,-14,6,27,-8,-35,54,18,7
62.5800,-14,3,32,-13,-38,58,28,14,-13,9,32,-6,-28,47,9,5,-25,11,34,-4,-38,58,17,24,-14,7,38,-8,-40,53,-3,6,-28,8,36,-13,-41,58,11,4,-1,13,31,-6,-39,57,10,2,-8,8,33,22,-39,59,19,13,-12,7,30,-13,-38,64,15,12
62.6000,-16,1,32,-13,-32,65,29,7,-16,4,29,-7,-32,50,14,6,-25,12,39,-5,-37,56,17,23,-13,7,31,-5,-43,54,-4,6,-28,2,33,-9,-33,59,9,10,3,20,36,-6,-37,57,6,1,-10,9,34,20,-41,54,14,7,-16,5,36,-15,-39,57,17,8
62.6200,-15,4,35,-12,-32,65,24,13,-20,5,33,-4,-30,51,7,4,-20,11,39,-9,-36,59,18,26,-14,11,38,-6,-42,50,-6,8,-24,2,30,-14,-37,57,8,7,-2,19,37,-6,-36,60,7,-1,-10,5,36,18,-35,57,13,10,-12,9,34,-11,-40,54,15,8
62.6400,-15,2,37,-15,-35,60,22,7,-15,5,35,-5,-36,52,8,6,-18,7,35,-7,-38,57,15,23,-10,6,36,-6,-41,52,-5,1,-30,9,35,-12,-38,56,15,2,3,18,30,-8,-30,58,9,6,-15,8,40,30,-40,60,16,9,-14,0,33,-11,-38,60,11,6
62.6600,-19,2,38,-8,-32,65,24,14,-15,8,40,-10,-34,52,8,4,-17,8,33,-5,-33,56,14,21,-12,9,37,-5,-38,53,-4,11,-33,6,36,-9,-38,55,11,9,1,18,33,-7,-38,59,9,-2,-15,6,38,20,-42,60,15,5,-14,4,28,-10,-42,56,9,4
62.6800,-14,1,44,-12,-38,71,18,11,-17,8,38,-9,-35,52,5,7,-25,13,36,-11,-34,56,22,22,-16,5,36,-10,-42,54,-5,6,-31,7,36,-8,-37,58,11,8,-2,17,31,-10,-32,58,8,4,-10,6,39,29,-39,58,15,6,-12,3,33,-13,-36,62,8,5
62.7000,-17,0,39,-6,-32,67,23,12,-23,8,36,-5,-33,49,8,6,-27,7,42,-12,-37,58,17,20,-15,3,36,-4,-40,52,-4,7,-26,7,39,-5,-33,62,12,5,-3,13,44,-11,-36,55,8,-2,-12,2,41,22,-41,59,12,2,-17,7,39,-12,-43,59,15,12
62.7200,-17,1,39,-9,-41,64,26,13,-19,14,40,-6,-37,45,12,9,-25,8,40,-14,-35,55,14,21,-16,8,44,-11,-43,54,-4,6,-29,6,43,-12,-43,59,9,8,-1,18,36,-6,-35,63,9,8,-13,6,37,29,-38,61,14,7,-11,1,41,-10,-43,59,15,6
62.7400,-23,4,40,-13,-36,65,22,14,-18,12,41,-7,-32,50,7,11,-27,8,38,-8,-35,54,13,18,-19,7,35,-14,-39,54,-4,12,-30,1,38,-9,-39,58,14,8,0,16,38,-6,-38,61,9,1,-16,0,43,26,-40,62,9,9,-14,5,39,-5,-38,56,15,7
62.7600,-18,4,40,-9,-37,71,20,18,-17,9,42,-7,-27,46,10,9,-29,3,38,-7,-34,54,16,20,-15,6,42,-11,-34,49,-7,11,-30,7,40,-13,-40,53,9,9,-5,21,37,-10,-32,58,9,5,-16,5,39,26,-39,58,13,9,-20,3,44,-11,-36,63,13,8
62.7800,-16,-2,39,-12,-34,71,16,11,-17,6,40,-13,-34,45,14,8,-26,7,45,-4,-37,53,20,21,-13,8,38,-9,-33,51,-8,11,-31,2,40,-8,-31,55,7,9,-3,15,35,-9,-36,60,10,4,-13,5,40,29,-34,61,8,3,-13,8,40,-9,-34,61,10,5
62.8000,-17,5,35,-11,-36,64,15,12,-17,14,40,-7,-39,47,9,11,-23,10,38,-5,-41,57,18,20,-18,7,46,-4,-39,53,-7,9,-25,-1,39,-7,-37,60,11,9,-4,16,36,-9,-34,63,7,2,-15,3,36,28,-39,63,14,7,-18,6,37,-14,-34,50,17,8
62.8200,-15,1,39,-10,-39,69,20,13,-13,9,39,-11,-41,47,12,6,-23,5,39,-5,-37,56,17,26,-17,5,39,-11,-32,53,-5,8,-27,6,39,-6,-40,57,8,11,-2,19,35,-5,-29,60,6,8,-12,2,40,30,-42,59,11,11,-16,3,38,-10,-35,56,10,12
62.8400,-22,5,37,-8,-36,71,22,10,-15,15,36,-7,-37,51,9,9,-29,8,40,-6,-33,48,17,24,-10,9,40,-12,-33,49,-6,11,-27,1,42,-14,-40,53,13,11,-4,15,35,-10,-37,69,12,4,-14,5,43,27,-39,57,18,10,-16,8,42,-14,-41,55,14,8
62.8600,-21,0,41,-12,-40,68,18,11,-21,11,36,-7,-36,50,7,9,-26,6,39,-4,-40,56,20,26,-16,12,37,-11,-39,48,-7,5,-26,6,43,-13,-41,56,15,11,-6,21,36,-8,-42,63,14,3,-12,4,36,33,-35,63,16,10,-21,6,39,-7,-39,57,14,10
62.8800,-21,1,39,-9,-37,68,23,10,-17,11,43,-8,-37,43,11,12,-27,8,38,-8,-41,55,20,20,-15,9,30,-7,-35,51,-4,7,-31,6,41,-8,-43,53,16,12,-5,18,35,-9,-34,56,6,8,-18,4,40,24,-40,60,16,13,-17,4,39,-9,-34,57,16,7
62.9000,-25,0,33,-6,-37,71,21,5,-13,8,38,-1,-36,49,10,6,-30,9,34,-6,-40,61,27,23,-15,7,35,-7,-37,57,-4,5,-25,5,37,-3,-38,53,14,10,-7,18,35,-15,-39,59,9,6,-19,3,36,27,-39,61,19,12,-13,8,38,-14,-42,59,10,13
62.9200,-22,-3,34,-12,-36,68,22,17,-19,9,38,-7,-36,51,8,15,-28,9,36,-3,-46,59,25,22,-19,7,37,-7,-36,49,-4,6,-29,6,35,-7,-38,55,15,12,-5,23,37,-9,-37,59,12,3,-16,4,36,29,-40,66,13,13,-19,6,40,-7,-38,61,9,8
62.9400,-13,1,43,-7,-41,64,24,8,-17,9,39,-10,-36,47,4,7,-26,8,36,-5,-44,56,19,20,-16,8,37,-9,-38,48,-7,8,-25,7,37,-4,-42,56,18,10,-8,17,43,-5,-35,64,6,7,-13,3,36,31,-35,58,13,10,-19,1,36,-12,-40,62,15,6
62.9600,-17,3,36,-6,-35,62,20,16,-11,16,39,-7,-36,52,8,5,-26,7,38,-6,-39,56,15,17,-20,10,37,-5,-34,46,-5,4,-29,6,36,-5,-42,53,16,14,-3,22,33,-8,-34,58,8,7,-17,11,35,29,-39,57,10,12,-18,10,40,-11,-41,61,20,6
62.9800,-25,6,34,-11,-39,61,26,11,-20,9,38,-10,-36,53,6,4,-28,10,32,-10,-38,57,25,22,-13,13,36,-7,-36,51,-3,5,-27,5,35,-6,-44,57,14,9,1,21,35,-10,-37,59,8,2,-12,8,37,26,-38,56,16,5,-21,9,38,-11,-38,59,14,11
63.0000,-14,5,35,-8,-35,66,17,11,-14,10,31,-8,-37,53,11,7,-28,11,37,-8,-40,59,24,20,-13,11,33,-4,-34,55,-5,7,-25,7,36,-6,-42,55,15,8,-8,25,35,-7,-40,55,7,4,-19,4,34,33,-38,59,18,10,-18,11,41,-12,-40,62,11,8
63.0200,-18,2,39,-12,-39,64,16,11,-11,9,33,-4,-32,52,8,6,-23,9,38,-3,-37,58,23,24,-13,9,34,-7,-41,51,0,3,-25,5,37,-6,-37,53,13,7,-3,18,37,-10,-37,58,7,4,-9,7,34,22,-38,60,10,6,-10,5,37,-17,-45,61,17,9
63.0400,-18,7,35,-13,-39,65,27,9,-16,10,35,-8,-35,51,11,6,-31,12,38,-6,-37,52,17,19,-18,7,35,-13,-47,47,-3,4,-22,11,39,-9,-39,55,20,8,0,19,38,-12,-35,56,2,-1,-15,2,36,22,-39,58,18,8,-12,8,41,-11,-43,59,17,8
63.0600,-20,2,34,-10,-39,65,23,11,-14,8,37,-5,-27,54,9,4,-26,8,31,-7,-40,51,18,24,-17,9,31,-8,-43,54,-5,10,-27,4,37,-4,-37,53,10,15,1,24,43,-7,-35,54,4,3,-13,8,33,30,-40,65,16,7,-16,4,40,-13,-42,59,17,7
63.0800,-14,4,33,-15,-35,58,20,15,-20,10,34,-11,-35,55,14,8,-25,14,35,-11,-39,58,19,25,-13,11,37,-3,-43,51,-5,11,-24,5,28,-14,-39,58,11,8,-4,30,38,-8,-41,55,0,0,-18,1,37,27,-42,62,12,6,-18,8,32,-10,-33,60,10,6
63.1000,-12,3,38,-9,-35,63,15,12,-17,10,36,-10,-30,51,15,4,-28,13,37,-9,-35,52,21,26,-19,6,29,-7,-43,53,-3,5,-22,7,32,-7,-33,59,17,10,4,23,39,-12,-37,52,7,0,-12,7,33,27,-45,56,14,12,-14,6,30,-15,-37,59,16,8
63.1200,-12,5,36,-12,-37,62,22,15,-14,3,30,-8,-31,49,13,4,-25,14,35,-9,-33,56,18,20,-14,8,36,-13,-41,51,0,8,-25,3,33,-9,-34,55,12,10,4,22,35,-10,-36,52,6,1,-20,2,32,20,-42,57,11,6,-15,4,32,-13,-40,57,15,5
63.1400,-11,2,32,-12,-36,64,23,9,-16,8,36,-10,-32,50,7,9,-24,10,35,-7,-36,59,15,27,-15,10,31,-12,-43,53,0,8,-24,5,36,-8,-41,58,11,11,2,24,35,-6,-35,57,4,0,-8,5,37,24,-42,57,12,4,-19,4,34,-16,-41,60,16,10
63.1600,-16,2,35,-6,-36,63,22,10,-12,3,35,-7,-32,51,7,7,-25,8,34,-5,-36,53,19,23,-13,12,32,-10,-44,55,0,7,-25,3,35,-8,-37,59,13,7,-1,20,34,-9,-32,56,7,4,-14,9,36,21,-40,58,14,7,-13,4,35,-11,-36,61,14,8
63.1800,-14,1,38,-12,-28,64,23,17,-21,10,37,-9,-35,48,12,8,-19,12,41,-7,-32,52,20,16,-12,6,39,-11,-45,53,-9,12,-26,5,35,-11,-38,56,10,12,-4,25,36,-2,-30,53,9,5,-14,1,36,20,-40,54,14,9,-13,2,36,-11,-35,59,14,5
63.2000,-15,5,36,-12,-31,64,28,13,-20,3,37,-7,-34,52,13,6,-24,7,37,-6,-33,54,18,22,-13,12,36,-6,-44,47,-4,9,-30,3,36,-7,-38,59,12,8,1,17,36,-10,-34,57,10,8,-14,2,39,24,-39,58,14,9,-14,6,36,-15,-39,59,15,3
63.2200,-16,1,37,-12,-44,62,26,15,-17,8,34,-10,-40,48,12,5,-27,7,38,-8,-34,54,17,20,-8,8,37,-12,-42,54,-2,4,-28,-1,38,-13,-36,56,12,8,-2,19,33,-4,-36,57,14,2,-13,3,40,24,-43,62,12,15,-11,3,37,-8,-38,60,10,11
63.2400,-18,4,39,-12,-35,66,22,10,-18,5,39,-10,-35,46,14,5,-27,7,38,-11,-27,52,14,22,-13,9,40,-8,-43,55,-5,11,-29,3,41,-5,-39,57,13,9,0,17,36,-2,-35,59,10,2,-17,5,32,22,-45,59,10,13,-13,4,35,-17,-39,61,16,4
63.2600,-21,5,38,-15,-39,67,27,15,-15,9,34,-2,-32,51,10,5,-25,10,43,-1,-35,54,19,18,-8,11,40,-8,-39,58,-5,3,-24,6,37,-9,-45,59,9,12,-3,16,35,-14,-37,64,9,4,-18,4,37,25,-39,58,12,7,-16,-1,39,-10,-37,64,16,6
63.2800,-22,5,38,-13,-34,70,27,13,-22,6,41,-8,-33,48,14,1,-24,6,33,-9,-34,52,22,18,-14,11,37,-11,-40,53,-8,4,-30,9,37,-11,-44,56,7,8,-1,18,37,-2,-35,63,9,6,-17,5,39,26,-43,59,17,9,-15,9,40,-15,-40,59,10,12
63.3000,-21,-1,36,-13,-48,69,27,13,-19,6,40,-11,-34,44,10,8,-28,4,39,-8,-32,58,16,20,-11,15,40,-10,-39,57,-2,3,-26,1,35,-10,-42,57,14,12,-1,15,39,-6,-41,59,16,8,-17,2,41,27,-42,60,15,8,-13,5,42,-14,-41,57,14,10
63.3200,-18,0,37,-10,-43,71,28,13,-18,8,42,-11,-38,51,11,9,-21,6,40,-11,-38,54,20,17,-15,14,41,-12,-43,56,-2,6,-29,2,38,-12,-44,61,14,12,-3,22,37,-12,-35,60,12,7,-13,3,39,26,-37,59,19,7,-15,5,40,-10,-39,60,11,8
63.3400,-22,6,39,-10,-42,71,23,13,-20,7,44,-13,-36,53,14,9,-23,6,38,-2,-35,59,22,21,-16,14,38,-5,-43,53,-4,4,-27,2,36,-8,-45,58,11,12,4,19,31,-10,-35,60,13,9,-21,7,44,25,-46,58,16,6,-10,5,41,-7,-36,60,15,14
63.3600,-23,1,37,-14,-44,71,27,16,-22,7,45,-10,-38,50,12,11,-26,9,38,-5,-35,56,23,17,-14,14,41,-7,-39,55,-5,3,-28,3,36,-9,-40,60,15,11,1,12,39,-9,-42,61,16,6,-13,3,41,22,-38,66,19,5,-14,1,37,-11,-39,57,12,16
63.3800,-20,7,40,-11,-43,73,24,13,-18,11,39,-6,-37,50,12,8,-28,7,33,-9,-39,63,22,17,-10,13,41,-11,-35,54,-9,3,-34,-1,39,-14,-39,63,13,9,-1,20,39,-10,-36,58,14,5,-12,7,38,25,-49,62,18,8,-12,0,32,-11,-39,61,14,8
63.4000,-23,0,41,-12,-49,73,28,13,-21,9,38,-12,-38,49,12,10,-32,7,36,-11,-40,58,20,18,-16,12,42,-10,-39,53,-5,1,-27,12,43,-14,-45,62,15,10,6,21,34,-13,-39,60,17,4,-15,10,43,30,-40,62,15,10,-16,4,39,-11,-35,62,17,8
63.4200,-21,6,38,-13,-39,72,26,16,-17,7,37,-9,-37,52,10,12,-27,5,40,-14,-39,61,22,24,-13,14,39,-10,-37,48,1,3,-28,6,40,-9,-42,56,7,13,-4,21,38,-10,-40,59,8,8,-16,5,39,27,-41,64,14,11,-19,9,32,-10,-41,60,16,11
63.4400,-17,1,38,-12,-44,73,21,15,-20,7,38,-14,-38,49,8,11,-25,4,41,-11,-36,57,30,17,-12,12,37,-12,-39,53,-7,4,-32,7,36,-13,-43,58,18,8,-7,26,35,-14,-44,58,11,8,-16,10,38,23,-43,64,15,7,-15,5,37,-14,-39,63,17,7
63.4600,-12,6,32,-12,-41,70,22,17,-16,11,38,-13,-35,52,15,9,-23,2,36,-9,-39,60,22,23,-12,8,39,-7,-39,52,-6,11,-32,5,38,-6,-39,58,18,12,-5,24,38,-14,-40,59,12,7,-22,10,36,22,-44,59,18,4,-21,9,33,-18,-42,65,17,8
63.4800,-24,10,34,-12,-38,72,20,16,-16,15,38,-12,-34,51,12,3,-27,8,38,-13,-38,56,22,22,-14,13,37,-13,-35,47,-7,6,-27,8,39,-9,-38,62,8,9,-6,15,42,-8,-41,55,7,9,-10,9,42,26,-39,64,15,7,-17,6,37,-17,-39,57,18,14
63.5000,-19,8,36,-10,-37,64,22,9,-20,12,37,-13,-43,54,10,11,-24,6,40,-14,-41,57,26,24,-15,8,33,-9,-42,53,-2,6,-31,11,35,-10,-40,61,14,7,-2,22,35,-9,-39,61,10,3,-13,10,32,23,-43,62,18,6,-17,9,36,-6,-42,61,21,8
63.5200,-16,9,37,-14,-39,65,22,12,-21,9,38,-9,-36,53,9,6,-26,5,36,-12,-40,60,28,24,-10,9,36,-13,-36,49,2,6,-26,5,39,-9,-41,61,12,11,0,22,32,-12,-40,57,8,7,-16,11,35,24,-43,60,16,8,-19,6,38,-12,-41,65,17,9
63.5400,-18,6,39,-12,-40,74,19,12,-17,9,34,-11,-35,55,9,6,-26,9,30,-16,-37,60,25,28,-13,6,33,-8,-35,50,4,3,-30,4,34,-12,-41,55,16,15,-7,25,35,-8,-38,59,7,5,-16,8,34,24,-42,62,16,6,-15,12,36,-10,-44,63,14,9
63.5600,-12,4,35,-11,-37,70,22,12,-15,12,38,-11,-37,53,10,5,-25,10,36,-8,-37,58,27,21,-15,5,38,-10,-41,49,-2,7,-34,4,36,-10,-38,58,9,9,-3,22,43,-4,-37,61,6,6,-21,8,36,23,-42,62,18,8,-14,9,35,-14,-43,63,15,5
63.5800,-12,5,41,-7,-33,68,23,9,-19,7,37,-17,-32,53,4,11,-24,11,33,-15,-43,56,21,24,-14,9,31,-7,-40,49,0,7,-32,6,39,-10,-32,55,9,14,-4,19,39,-12,-33,59,6,6,-22,8,31,19,-44,59,16,3,-16,5,36,-13,-40,63,21,9
63.6000,-20,6,35,-11,-39,67,19,13,-12,7,33,-4,-39,53,8,8,-25,7,35,-8,-41,58,23,21,-15,12,37,-9,-39,51,-3,4,-34,-2,38,-6,-43,57,14,11,0,23,32,-11,-38,60,3,6,-19,10,32,20,-43,59,17,2,-14,7,32,-13,-42,64,19,5
63.6200,-14,4,38,-10,-36,68,23,15,-17,9,36,-9,-35,51,11,6,-27,11,33,-13,-40,55,19,20,-17,12,36,-12,-36,50,0,7,-34,6,39,-9,-34,56,13,8,3,23,35,-10,-35,57,10,1,-21,5,36,15,-46,65,19,4,-17,10,38,-13,-45,64,16,7
63.6400,-19,5,35,-11,-37,69,27,11,-17,7,39,-9,-35,55,11,4,-25,2,37,-12,-39,59,21,21,-11,14,35,-11,-38,50,-2,7,-30,9,37,-16,-36,55,10,11,-2,23,37,-9,-33,58,4,7,-15,11,31,23,-40,64,15,9,-20,6,35,-13,-44,61,13,7
63.6600,-16,5,37,-9,-36,71,20,11,-16,10,39,-11,-40,57,9,3,-28,7,33,-8,-42,56,18,20,-13,12,36,-11,-39,54,0,4,-27,8,41,-10,-36,55,15,7,-1,24,39,-7,-39,58,6,3,-15,6,31,20,-39,63,10,6,-18,7,33,-13,-42,58,18,7
63.6800,-17,1,36,-10,-40,67,17,16,-15,8,36,-9,-35,52,6,5,-26,10,35,-7,-37,54,17,26,-13,16,38,-12,-37,50,0,6,-27,2,33,-9,-39,54,16,8,-2,27,39,-11,-33,56,9,5,-15,4,34,26,-35,66,16,3,-16,2,32,-14,-36,55,13,7
63.7000,-20,2,33,-7,-38,64,19,13,-15,8,39,-7,-32,50,7,11,-27,9,36,-10,-37,56,19,23,-11,12,36,-8,-42,51,-1,8,-28,3,39,-11,-32,56,9,7,-2,30,41,-9,-38,57,8,5,-16,4,30,28,-37,67,20,1,-16,5,34,-11,-44,64,14,10
63.7200,-20,6,37,-11,-37,67,21,16,-12,7,37,-10,-37,49,11,5,-23,5,37,-10,-33,56,18,20,-14,6,41,-9,-43,53,-5,7,-31,1,38,-3,-37,56,15,4,1,29,40,-9,-35,60,5,4,-13,3,35,24,-35,61,14,3,-11,2,36,-20,-43,58,14,5
63.7400,-14,3,36,-8,-36,69,23,11,-19,8,37,-6,-33,47,11,11,-27,8,34,-9,-35,52,22,20,-13,13,34,-7,-41,56,-5,7,-27,4,35,-10,-39,55,13,6,0,28,38,-13,-36,56,7,7,-15,7,38,27,-37,59,17,3,-12,7,38,-12,-41,57,15,10
63.7600,-20,5,36,-14,-37,71,22,11,-17,9,39,-9,-35,52,11,11,-24,10,35,-8,-35,59,18,21,-9,10,39,-8,-39,53,-3,11,-32,-2,37,-7,-41,57,8,7,-3,28,33,-7,-34,62,11,1,-15,8,36,26,-39,62,16,6,-13,5,39,-16,-36,56,13,-1
63.7800,-17,3,32,-9,-33,66,24,14,-16,11,36,-8,-35,55,15,8,-31,5,37,-8,-30,58,17,25,-10,11,36,-6,-38,50,-7,8,-32,5,37,-9,-42,60,7,6,0,25,41,-7,-34,56,10,1,-21,6,37,22,-36,58,11,5,-14,3,39,-16,-37,58,13,4
63.8000,-22,5,37,-12,-41,73,27,13,-19,1,36,-7,-37,50,9,10,-33,8,36,-4,-32,56,23,20,-14,15,38,-7,-41,54,-11,7,-35,4,36,-12,-37,60,12,-2,0,26,37,-6,-36,59,8,7,-19,4,36,24,-40,59,14,9,-16,1,37,-11,-33,58,8,10
63.8200,-22,5,33,-12,-41,70,25,16,-19,0,41,-11,-38,53,14,5,-35,8,36,-5,-35,60,18,24,-11,14,39,-9,-40,55,-8,7,-27,1,41,-13,-41,54,9,7,-4,26,40,-6,-35,59,11,6,-18,1,34,28,-39,60,17,10,-16,2,34,-15,-33,59,11,10
63.8400,-18,5,38,-18,-43,69,29,16,-21,12,36,-5,-35,52,14,7,-30,9,44,-4,-33,54,20,23,-19,12,44,-7,-44,57,-5,10,-24,0,38,-11,-41,64,9,5,-2,22,40,-9,-35,60,10,1,-15,5,34,21,-38,62,12,11,-20,11,35,-21,-36,60,15,9
63.8600,-22,-2,36,-11,-41,69,24,19,-26,8,41,-11,-33,52,10,5,-31,1,43,-2,-40,59,24,18,-12,10,40,-11,-42,57,-2,11,-30,7,34,-4,-42,61,14,2,-4,24,33,-6,-36,61,10,4,-15,2,34,23,-38,61,15,7,-17,4,33,-13,-35,60,16,8
63.8800,-17,5,37,-14,-37,69,26,13,-17,10,36,-8,-31,50,17,7,-25,14,41,0,-38,59,19,19,-15,12,42,-9,-43,55,-5,8,-28,3,43,-5,-39,59,13,5,-2,24,40,-7,-40,63,13,1,-17,0,33,23,-38,65,14,8,-20,3,40,-17,-41,68,12,7
63.9000,-18,-1,35,-12,-39,71,28,11,-21,8,38,-10,-36,51,10,4,-34,11,41,-5,-36,58,23,18,-14,9,34,-13,-42,55,-4,5,-26,4,39,-7,-39,63,13,6,-5,23,43,-4,-42,63,15,4,-20,7,32,23,-40,62,14,13,-22,8,42,-15,-45,61,14,9
63.9200,-24,3,36,-10,-38,66,30,20,-19,4,39,-8,-35,52,6,9,-28,12,40,-8,-33,57,23,17,-11,14,41,-8,-41,56,-6,7,-27,-3,39,-10,-45,60,13,11,-6,20,39,-10,-39,61,11,8,-16,2,40,20,-47,60,17,8,-19,14,44,-14,-37,57,15,5
63.9400,-22,0,41,-9,-41,67,28,11,-21,6,42,-11,-37,49,11,3,-24,7,45,-9,-36,56,24,22,-10,8,41,-17,-47,57,-6,8,-25,9,46,-5,-44,60,10,10,-4,19,41,-11,-38,61,12,9,-17,1,34,21,-42,67,15,14,-16,6,36,-15,-38,62,12,5
63.9600,-24,7,43,-15,-45,69,20,12,-16,7,39,-12,-37,51,10,6,-31,8,43,-8,-36,60,25,23,-16,14,38,-12,-42,59,-2,5,-25,7,40,-9,-45,58,8,8,-4,17,40,-13,-40,61,13,11,-15,4,38,28,-47,64,20,11,-21,6,40,-14,-36,60,13,13
63.9800,-22,7,38,-12,-37,71,18,16,-18,7,38,-15,-38,55,10,4,-23,10,41,-14,-39,62,24,17,-19,11,42,-12,-35,53,-5,4,-28,4,41,-8,-42,60,12,10,0,22,35,-13,-42,58,11,7,-11,5,40,21,-44,63,20,12,-18,7,38,-12,-33,61,18,6
64.0000,-23,5,35,-15,-41,69,22,14,-22,15,41,-13,-39,48,13,6,-27,4,38,-8,-31,55,20,18,-13,9,40,-10,-44,57,-7,5,-31,8,47,-10,-44,65,12,8,-5,22,40,-14,-44,60,14,10,-13,7,40,20,-47,66,18,7,-16,5,39,-11,-37,67,20,8
64.0200,-18,3,35,-8,-41,69,15,17,-17,6,43,-15,-34,51,12,1,-23,11,40,-13,-35,57,29,19,-10,16,36,-14,-34,56,-2,6,-31,4,43,-12,-46,63,14,13,-2,21,40,-12,-44,58,13,7,-16,4,44,18,-45,62,15,10,-20,10,36,-15,-42,58,15,7
64.0400,-20,3,34,-10,-40,72,22,18,-13,8,37,-18,-36,51,11,9,-29,3,39,-17,-39,59,22,20,-10,14,41,-13,-34,52,-5,6,-27,9,38,-8,-43,55,19,14,0,28,44,-17,-38,62,11,4,-18,7,37,17,-47,62,21,2,-21,14,38,-16,-45,66,19,8
64.0600,-22,4,37,-19,-38,72,28,23,-15,10,35,-18,-39,50,12,6,-25,8,32,-13,-36,61,25,20,-12,16,36,-13,-41,49,-1,4,-29,8,44,-4,-40,55,12,10,-3,22,39,-18,-38,60,9,5,-11,7,37,21,-47,64,20,3,-21,5,41,-21,-46,69,23,5
64.0800,-19,5,36,-12,-38,71,23,18,-16,11,33,-12,-34,52,12,10,-24,11,38,-14,-31,58,22,21,-14,12,36,-16,-37,54,-1,7,-31,11,35,-8,-36,54,12,11,1,24,36,-18,-48,59,13,1,-11,5,38,17,-41,61,19,6,-20,8,39,-14,-42,66,17,13
64.1000,-17,6,34,-15,-41,73,22,23,-16,11,33,-19,-37,50,5,6,-26,8,37,-20,-35,63,15,16,-14,14,42,-14,-39,53,-3,1,-28,9,37,-8,-40,58,14,14,1,25,37,-17,-41,59,16,7,-9,6,35,23,-41,63,17,7,-17,9,40,-14,-42,66,15,7
64.1200,-22,5,40,-11,-43,68,22,15,-17,16,32,-13,-30,48,11,5,-26,6,36,-16,-37,55,20,21,-8,16,38,-10,-38,53,-1,6,-30,9,34,-9,-38,58,12,11,-1,26,37,-13,-40,60,10,2,-14,11,30,18,-46,61,15,3,-18,9,35,-16,-44,67,16,7
64.1400,-19,5,37,-11,-41,69,22,16,-22,13,40,-17,-42,58,13,0,-24,10,35,-13,-31,58,18,20,-14,11,32,-8,-36,48,3,6,-27,7,39,-16,-40,58,12,12,1,23,35,-9,-40,63,11,4,-16,12,36,15,-42,62,21,5,-16,9,33,-13,-45,64,14,8
64.1600,-18,13,38,-8,-40,67,28,14,-11,11,34,-10,-32,54,11,6,-27,10,26,-15,-38,49,24,20,-17,15,33,-9,-39,51,4,5,-32,4,39,-10,-44,57,10,5,-4,24,36,-10,-42,60,11,4,-17,6,37,18,-42,60,20,8,-12,5,33,-18,-44,65,22,7
64.1800,-12,9,36,-11,-39,72,27,12,-17,16,36,-9,-37,53,11,3,-23,3,32,-16,-29,53,19,21,-17,11,37,-7,-45,49,-3,3,-27,5,30,-13,-31,60,11,11,0,23,35,-12,-42,60,8,2,-10,5,34,16,-41,61,20,-4,-17,7,35,-14,-40,68,15,7
64.2000,-19,6,31,-12,-40,71,30,14,-15,1,33,-10,-30,47,12,5,-26,4,39,-15,-39,60,21,17,-8,14,40,-10,-41,53,-4,4,-34,7,36,-11,-39,52,11,10,4,24,34,-10,-38,64,9,1,-15,10,35,18,-47,63,17,2,-17,5,32,-13,-42,61,23,7
64.2200,-16,10,35,-10,-38,70,21,16,-23,12,32,-10,-40,55,8,5,-23,5,35,-9,-31,55,18,19,-15,10,30,-10,-40,51,0,5,-24,6,35,-9,-38,55,13,12,1,31,32,-12,-38,59,8,2,-16,10,33,18,-40,61,19,0,-18,8,30,-13,-41,63,16,4
64.2400,-19,6,34,-7,-38,69,24,10,-17,10,33,-9,-38,54,6,4,-30,9,38,-14,-41,62,21,20,-12,10,36,-9,-36,52,-4,5,-34,4,36,-9,-44,60,7,8,2,19,35,-7,-41,58,10,-3,-15,7,35,16,-40,57,14,-4,-16,9,31,-13,-37,56,9,8
64.2600,-21,6,36,-10,-42,72,26,10,-25,11,37,-13,-39,51,8,6,-28,8,35,-8,-32,58,24,22,-10,9,38,-8,-36,52,2,8,-32,6,36,-12,-38,58,12,3,3,25,34,-8,-42,58,8,4,-14,10,34,23,-49,62,21,2,-14,8,33,-15,-35,62,15,5
64.2800,-19,11,41,-10,-38,66,24,8,-20,7,41,-10,-38,52,11,7,-31,5,33,-10,-39,59,26,16,-12,10,32,-5,-41,51,2,2,-31,3,36,-7,-36,61,9,8,2,28,33,-6,-45,61,6,4,-12,9,30,22,-43,62,12,6,-15,2,33,-16,-40,59,19,3
64.3000,-16,4,42,-9,-41,73,21,9,-16,7,33,-9,-38,57,11,11,-28,2,37,-7,-35,62,25,24,-15,8,31,-6,-36,51,-2,4,-33,7,37,-8,-36,65,11,11,-2,22,38,-5,-41,61,13,1,-15,8,33,24,-40,62,14,-3,-13,5,34,-16,-38,62,15,7
64.3200,-17,1,38,-8,-37,71,24,10,-20,6,38,-3,-34,53,9,7,-33,8,42,-10,-43,61,23,20,-12,11,39,-2,-36,53,-8,7,-31,4,41,-10,-37,62,12,12,-3,24,35,-6,-38,61,8,0,-21,12,38,24,-43,60,14,-1,-14,2,34,-8,-40,64,18,5
64.3400,-19,7,35,-8,-38,71,24,8,-11,13,38,-5,-35,54,10,4,-31,3,34,-7,-38,57,22,25,-13,10,40,-8,-38,52,-6,4,-34,1,38,-5,-40,66,12,6,2,25,35,-8,-34,63,13,8,-19,7,35,20,-37,64,15,-1,-15,3,32,-8,-40,60,16,13
64.3600,-20,3,40,-8,-35,71,26,18,-23,6,38,-6,-39,58,11,6,-27,8,36,-8,-39,66,28,21,-17,11,40,-11,-40,55,-7,8,-26,5,39,-7,-39,64,9,6,-3,24,37,-5,-36,60,13,3,-19,7,38,23,-40,62,15,2,-14,7,36,-12,-39,63,20,8
64.3800,-24,8,39,-10,-40,69,28,10,-16,4,39,-6,-40,54,12,9,-30,8,42,-8,-36,61,24,20,-10,14,37,-15,-44,55,-8,6,-30,7,40,-8,-37,66,11,7,-3,24,36,-6,-40,61,13,1,-21,6,37,16,-38,62,21,11,-19,7,34,-14,-40,64,15,8
64.4000,-26,4,41,-5,-39,75,31,18,-23,7,43,-6,-39,58,9,7,-31,3,40,-6,-40,61,26,26,-16,12,44,-9,-41,57,-5,8,-33,0,38,-10,-41,70,9,13,-4,27,35,-5,-32,63,12,6,-16,4,33,20,-38,62,17,7,-12,4,38,-11,-39,59,10,5
64.4200,-21,8,34,-11,-40,74,31,14,-19,0,39,-10,-35,55,6,8,-31,4,36,-7,-35,63,27,27,-10,15,42,-9,-44,54,-6,7,-31,0,41,-8,-42,68,9,7,-5,24,34,-5,-39,62,12,3,-19,7,32,18,-43,64,19,12,-10,5,40,-12,-32,63,13,6
64.4400,-21,10,39,-10,-37,70,23,14,-20,9,35,-6,-38,56,11,9,-28,5,35,-9,-40,61,24,21,-15,10,38,-11,-38,57,-2,7,-30,4,37,-10,-39,66,16,11,-4,22,36,-9,-38,61,19,0,-21,7,31,22,-39,62,19,7,-18,14,37,-8,-42,68,15,7
64.4600,-22,2,37,-12,-42,74,23,11,-21,8,39,-4,-33,49,11,8,-27,6,32,-7,-36,57,25,26,-17,15,40,-10,-37,58,-12,7,-32,5,35,-6,-38,64,11,11,-6,26,38,-10,-43,62,13,5,-21,10,33,17,-42,62,15,5,-21,9,39,-9,-34,61,13,9
64.4800,-23,8,34,-12,-41,71,24,12,-16,6,39,-5,-32,51,13,8,-32,11,40,-7,-37,62,23,21,-14,16,38,-16,-40,59,-9,6,-28,-1,38,-10,-43,65,15,18,0,23,40,-13,-41,61,16,3,-22,9,37,21,-34,69,16,9,-19,9,36,-11,-40,64,15,8
64.5000,-20,9,40,-18,-45,74,27,18,-18,4,38,-7,-34,50,12,4,-31,5,37,-9,-33,61,25,26,-16,13,38,-10,-42,62,-4,6,-34,4,38,-9,-43,61,15,11,-4,24,38,-8,-38,65,11,4,-17,4,38,24,-44,64,11,8,-17,13,37,-6,-36,64,13,5
64.5200,-22,6,36,-9,-45,72,28,19,-25,7,37,-13,-38,48,13,5,-28,6,32,-6,-42,59,23,23,-17,12,39,-9,-42,57,-10,8,-29,7,40,-9,-42,62,19,11,-1,20,41,-14,-38,61,11,6,-12,12,36,17,-41,64,20,13,-18,5,38,-14,-37,58,16,3
64.5400,-23,5,38,-13,-41,70,23,15,-16,2,36,-7,-42,51,13,3,-35,10,39,-9,-36,56,23,21,-15,19,42,-9,-42,57,-9,10,-28,8,37,-10,-42,65,8,13,-1,26,40,-10,-37,61,11,4,-22,10,32,17,-39,62,20,6,-19,5,42,-12,-40,62,15,13
64.5600,-25,11,37,-12,-41,74,28,21,-25,8,34,-9,-40,55,16,5,-31,8,37,-5,-39,58,27,17,-11,12,40,-15,-44,58,-13,10,-31,-1,37,-10,-41,64,10,14,-2,26,40,-15,-41,60,9,6,-20,5,37,20,-45,63,22,11,-20,10,38,-12,-38,62,18,8
64.5800,-26,8,38,-15,-41,70,20,20,-19,5,37,-7,-45,55,16,7,-29,5,36,-9,-38,64,25,20,-11,9,39,-13,-42,56,-16,9,-31,3,36,-10,-50,64,18,13,-1,28,37,-6,-41,60,14,9,-16,9,33,19,-45,65,17,7,-21,11,40,-17,-40,62,16,3
64.6000,-24,7,37,-18,-44,71,22,20,-21,7,37,-9,-37,51,14,0,-27,7,43,-9,-36,65,22,19,-8,17,38,-12,-41,54,-4,8,-32,6,40,-10,-45,62,11,12,-6,26,39,-14,-42,62,4,3,-11,15,35,16,-41,62,21,7,-23,10,39,-19,-37,63,16,3
64.6200,-23,6,40,-15,-37,74,23,18,-16,11,42,-12,-38,49,16,3,-30,11,35,-12,-35,62,25,16,-14,10,34,-15,-38,55,-5,6,-31,4,33,-11,-44,61,12,8,-1,22,37,-14,-45,58,9,1,-18,8,30,21,-36,61,14,13,-17,8,40,-17,-43,64,20,6
64.6400,-18,5,38,-13,-37,69,22,15,-21,14,40,-11,-40,50,11,-1,-30,10,37,-6,-33,60,21,22,-9,11,37,-10,-37,53,-7,13,-28,5,43,-6,-38,62,9,11,1,27,37,-11,-40,63,8,3,-15,7,34,16,-45,67,19,11,-19,5,40,-15,-40,67,14,7
64.6600,-25,11,38,-18,-44,70,19,19,-14,7,36,-13,-37,47,12,2,-23,8,39,-15,-37,60,20,18,-14,12,35,-13,-41,55,-10,11,-26,5,35,-3,-48,57,12,12,-2,21,40,-12,-43,61,7,4,-11,1,37,21,-49,69,18,10,-19,7,39,-23,-39,61,15,9
64.6800,-22,8,32,-14,-44,73,25,17,-18,9,35,-10,-40,52,12,-3,-24,6,41,-12,-31,57,24,23,-12,10,34,-13,-39,58,-6,3,-31,3,41,-7,-41,61,14,5,0,23,40,-16,-39,61,3,7,-17,5,33,21,-42,67,13,7,-16,6,37,-18,-41,66,16,11
64.7000,-19,4,34,-16,-44,72,21,19,-15,7,39,-8,-42,55,15,4,-24,8,35,-13,-32,64,26,16,-10,8,37,-16,-40,54,-9,5,-29,8,39,-8,-43,55,15,10,-3,25,40,-12,-41,59,5,6,-16,5,34,19,-44,62,14,8,-20,2,38,-21,-35,62,12,9
64.7200,-19,4,39,-15,-38,71,14,18,-17,12,38,-16,-41,50,11,-2,-23,10,39,-11,-28,62,21,14,-13,6,32,-11,-37,52,-2,4,-30,3,35,-10,-40,57,14,7,-4,23,37,-12,-42,66,6,10,-15,5,37,19,-44,64,15,8,-16,3,38,-23,-37,68,20,14
64.7400,-21,12,42,-13,-40,75,23,14,-21,17,39,-16,-32,52,10,2,-25,9,39,-10,-34,61,23,23,-11,8,39,-8,-37,52,-3,2,-27,9,41,-10,-43,57,18,9,-5,27,31,-12,-41,60,3,10,-18,6,39,15,-47,63,15,6,-15,7,41,-18,-39,64,21,11
64.7600,-18,11,36,-15,-48,70,28,10,-17,13,38,-15,-32,51,14,0,-30,12,38,-15,-35,57,24,21,-17,11,41,-13,-40,53,-3,0,-29,7,40,-7,-44,59,12,10,2,25,34,-8,-42,66,12,8,-15,5,33,19,-45,68,17,5,-18,6,35,-21,-42,66,12,8
64.7800,-20,13,37,-12,-39,70,19,14,-18,14,36,-12,-37,56,17,4,-32,6,37,-12,-40,61,28,19,-16,11,38,-10,-40,49,0,-2,-25,6,38,-8,-41,58,17,12,2,21,35,-8,-38,65,8,2,-13,-1,35,20,-41,64,18,4,-15,7,36,-19,-43,62,20,10
64.8000,-18,7,38,-12,-40,68,23,12,-12,6,37,-15,-34,57,11,3,-29,11,41,-11,-38,65,30,22,-16,15,43,-8,-37,53,-3,1,-32,8,35,-14,-42,60,13,3,-7,23,37,-8,-44,66,12,6,-14,4,31,22,-45,69,22,7,-13,9,40,-20,-40,62,16,2
64.8200,-19,3,32,-8,-38,72,29,9,-14,15,36,-10,-33,52,10,1,-30,6,38,-13,-33,64,28,18,-12,10,39,-11,-36,51,0,6,-27,7,38,-13,-43,61,18,6,-2,24,38,-5,-42,73,5,3,-13,7,32,21,-42,64,17,6,-15,4,38,-19,-37,65,18,7
64.8400,-20,9,42,-10,-40,73,22,10,-17,14,39,-14,-33,55,9,5,-29,1,41,-16,-34,63,26,23,-14,17,43,-9,-35,52,-1,3,-28,8,40,-12,-47,62,19,5,-10,27,35,-10,-37,65,10,7,-14,7,37,20,-44,63,22,7,-14,5,41,-20,-43,67,21,7
64.8600,-18,6,31,-15,-40,77,26,14,-17,16,38,-10,-41,54,11,6,-28,13,39,-13,-37,66,22,25,-15,11,35,-6,-34,49,0,3,-28,10,37,-10,-43,56,17,5,-2,29,37,-13,-43,63,14,6,-18,7,35,23,-45,63,19,6,-15,9,40,-15,-49,67,19,4
64.8800,-21,9,37,-10,-41,71,29,12,-15,7,36,-7,-39,56,13,1,-29,9,40,-11,-33,64,23,20,-18,12,37,-6,-39,52,-1,2,-31,11,35,-11,-35,63,11,4,-2,28,33,-10,-39,62,15,7,-15,9,39,23,-45,67,18,2,-12,3,39,-20,-42,68,20,13
64.9000,-16,6,32,-12,-36,69,28,17,-21,5,40,-9,-38,57,10,2,-25,4,40,-9,-37,62,24,23,-13,14,37,-12,-38,50,-2,3,-27,6,40,-4,-38,63,13,9,-1,30,37,-7,-46,60,15,6,-16,5,36,24,-40,65,28,8,-17,7,35,-18,-43,65,22,6
64.9200,-22,6,40,-8,-35,70,22,17,-21,4,42,-11,-32,51,6,10,-28,8,34,-12,-34,66,22,25,-13,13,36,-10,-42,54,1,4,-31,1,35,-13,-47,63,6,8,-2,22,34,-10,-43,64,13,6,-15,8,37,24,-37,64,19,5,-20,7,40,-20,-47,71,20,7
64.9400,-21,8,39,-9,-37,65,23,16,-24,7,41,-10,-37,53,11,5,-31,3,33,-12,-35,62,24,26,-10,10,36,-11,-36,55,-5,3,-28,6,37,-9,-41,60,17,6,5,24,42,-4,-45,60,10,3,-19,7,33,21,-36,63,18,3,-17,8,36,-17,-42,69,18,1
64.9600,-21,6,38,-9,-41,75,24,15,-25,4,32,-10,-38,50,15,2,-32,9,35,-13,-39,64,21,25,-18,14,33,-10,-38,56,-3,8,-29,6,35,-8,-39,62,15,8,2,19,38,-7,-42,64,18,2,-17,5,36,17,-38,65,22,0,-17,7,34,-14,-42,68,18,6
64.9800,-15,5,43,-9,-42,72,28,16,-26,6,40,-10,-33,51,8,0,-32,10,35,-13,-41,62,22,24,-15,13,37,-11,-41,51,-4,-1,-36,5,36,-12,-38,60,14,8,0,23,34,-6,-39,61,15,3,-18,10,33,22,-41,62,20,5,-15,3,34,-11,-44,66,19,8
65.0000,-24,5,40,-12,-38,71,25,17,-21,6,37,-4,-34,47,10,7,-24,5,35,-12,-39,62,18,19,-16,15,36,-11,-37,56,-6,3,-40,7,35,-8,-41,62,17,7,0,23,40,-8,-43,60,15,3,-16,7,35,21,-40,64,21,5,-14,8,32,-10,-43,64,22,5
65.0200,-18,2,40,-11,-38,72,25,18,-20,5,34,-5,-36,49,17,3,-35,7,35,-10,-36,65,23,18,-9,12,33,-12,-44,55,-2,-2,-36,5,39,-8,-39,65,11,15,4,21,36,-10,-37,57,13,4,-13,8,40,19,-43,57,20,5,-10,7,34,-11,-40,64,19,7
65.0400,-20,5,40,-12,-43,72,24,15,-21,6,35,-6,-39,50,16,0,-31,2,29,-9,-34,61,23,26,-11,15,36,-9,-43,52,-7,1,-35,4,37,-10,-43,66,10,11,1,20,38,-10,-40,56,10,-1,-19,1,33,21,-38,62,25,7,-17,8,33,-8,-40,65,16,9
65.0600,-23,10,38,-6,-42,70,28,15,-22,6,35,-10,-35,48,18,4,-25,3,33,-12,-35,62,22,24,-13,14,34,-13,-39,59,-6,5,-32,6,40,-11,-45,67,14,8,3,23,36,-8,-39,58,15,4,-23,7,31,20,-39,60,17,5,-19,9,30,-10,-44,64,22,6
65.0800,-16,9,35,-2,-41,72,25,13,-19,3,36,-5,-36,50,16,4,-26,5,29,-11,-33,62,19,22,-11,14,31,-9,-43,53,-10,1,-34,8,37,-11,-41,67,7,15,-6,27,37,-16,-41,57,10,4,-17,9,34,17,-44,60,19,9,-20,5,33,-16,-41,62,16,6
65.1000,-19,5,34,-13,-40,72,27,16,-20,5,36,-9,-32,53,16,6,-25,7,35,-8,-33,60,23,23,-12,16,36,-18,-42,55,-8,4,-31,10,36,-13,-39,67,14,13,0,24,34,-8,-39,61,12,4,-20,12,37,18,-44,61,18,6,-17,5,32,-6,-39,64,12,6
65.1200,-18,9,36,-10,-44,69,28,15,-23,10,37,-8,-36,49,13,5,-31,9,32,-6,-34,59,23,20,-18,14,35,-11,-42,58,-7,4,-32,-1,34,-9,-45,61,9,9,-2,28,36,-9,-37,58,11,2,-18,10,29,16,-37,65,18,1,-21,9,36,-14,-40,63,16,7
65.1400,-18,8,35,-11,-49,74,26,16,-18,10,35,-9,-38,53,21,1,-26,6,31,-2,-38,62,27,21,-15,16,37,-7,-40,59,-5,0,-34,4,35,-4,-43,62,13,7,-4,26,41,-10,-40,63,11,-4,-20,15,30,21,-40,61,15,7,-14,4,34,-5,-42,67,19,7
65.1600,-24,10,41,-13,-45,73,27,6,-23,3,35,-7,-39,55,13,5,-30,10,36,-4,-34,68,31,25,-18,12,35,-14,-39,61,-8,5,-33,3,33,-10,-45,69,14,15,-5,28,41,-11,-37,55,10,3,-16,9,31,15,-39,63,18,10,-17,4,33,-9,-39,61,18,7
65.1800,-20,13,38,-12,-43,74,26,11,-25,10,36,-7,-43,56,20,3,-25,8,31,-11,-42,62,28,19,-22,18,40,-9,-39,54,-6,1,-29,5,38,-12,-39,66,15,11,-5,23,38,-9,-39,57,13,1,-15,11,34,22,-42,61,12,5,-20,7,31,-12,-39,64,14,3
65.2000,-27,13,39,-9,-41,78,24,11,-19,6,33,-8,-39,52,16,2,-31,8,31,-11,-43,65,32,18,-15,14,36,-7,-31,59,-3,1,-37,5,41,-9,-42,68,14,12,-4,29,32,-7,-33,63,8,1,-11,11,29,26,-37,63,15,7,-19,9,31,-8,-38,65,17,7
65.2200,-21,12,34,-11,-38,76,26,20,-27,8,39,-15,-38,59,16,0,-28,7,35,-7,-45,68,24,19,-13,12,38,-7,-38,56,-7,2,-33,5,35,-4,-46,64,18,8,-4,29,36,-12,-43,62,11,0,-20,11,32,11,-44,63,14,9,-20,9,34,-8,-42,61,14,6
65.2400,-21,12,41,-11,-45,71,27,15,-25,10,39,-11,-44,58,11,-1,-30,11,42,-7,-41,66,34,18,-18,11,40,-15,-37,55,-3,1,-24,6,37,-6,-44,65,16,13,-8,24,38,-11,-43,64,9,1,-16,10,30,21,-40,67,15,7,-18,8,37,-8,-39,63,21,1
65.2600,-21,14,40,-10,-47,80,26,14,-21,11,40,-11,-37,54,15,6,-32,10,38,-6,-40,64,30,20,-9,15,37,-9,-39,64,-4,5,-31,4,35,-10,-46,68,13,11,-6,24,35,-4,-41,71,9,-2,-24,14,37,14,-46,66,17,7,-21,11,39,-11,-38,67,20,10
65.2800,-21,16,40,-14,-45,76,23,13,-20,8,38,-13,-45,57,15,3,-26,10,36,-16,-39,61,29,14,-13,7,34,-14,-41,63,-2,5,-33,5,43,-9,-51,72,11,8,-7,28,35,-11,-43,65,9,0,-18,7,35,23,-39,61,21,9,-19,10,36,-15,-47,66,20,9
65.3000,-23,13,36,-12,-50,76,26,14,-23,9,42,-17,-46,64,16,4,-24,12,39,-18,-40,57,32,17,-16,14,38,-15,-37,59,1,8,-32,5,42,-14,-55,71,20,11,-7,29,41,-14,-44,66,8,7,-14,11,30,20,-38,63,10,13,-15,5,36,-17,-38,64,20,5
65.3200,-26,8,36,-15,-42,77,26,9,-25,6,41,-16,-44,58,18,5,-26,8,36,-13,-38,66,31,18,-16,13,40,-11,-35,61,-2,4,-30,8,41,-13,-44,70,18,12,-6,26,39,-15,-44,66,9,4,-17,8,34,17,-40,60,19,5,-18,3,39,-15,-42,67,16,6
65.3400,-20,7,35,-12,-40,75,26,15,-22,13,40,-13,-37,53,14,2,-26,10,40,-17,-39,62,26,15,-14,13,40,-14,-36,56,-6,1,-29,4,37,-13,-38,67,16,10,-11,29,37,-15,-44,61,10,8,-20,9,37,18,-48,69,23,8,-19,11,35,-15,-42,63,17,2
65.3600,-19,11,36,-13,-39,74,23,13,-22,8,36,-11,-42,53,12,1,-28,6,43,-16,-32,64,30,19,-11,14,35,-15,-39,64,-6,5,-31,7,38,-13,-44,67,14,13,-3,26,36,-11,-41,64,7,6,-14,6,37,18,-41,64,19,10,-24,11,40,-17,-46,64,23,2
65.3800,-20,9,34,-15,-35,69,20,21,-17,8,36,-13,-40,54,18,9,-27,7,34,-16,-28,67,27,13,-12,10,32,-16,-39,54,-3,0,-24,9,42,-12,-46,66,15,10,-4,21,39,-10,-39,65,9,8,-19,10,37,15,-45,62,19,5,-24,11,36,-14,-40,67,17,3
65.4000,-16,12,35,-12,-34,77,24,22,-19,8,37,-13,-39,57,13,6,-28,9,35,-16,-39,60,24,20,-11,7,39,-15,-35,56,-1,6,-29,8,37,-14,-54,65,16,13,-5,22,35,-15,-44,68,8,14,-17,8,35,14,-36,63,22,9,-24,8,38,-18,-43,65,21,6
65.4200,-17,7,39,-15,-35,73,26,18,-14,8,28,-14,-33,50,9,6,-24,5,44,-12,-38,56,26,25,-10,8,37,-12,-44,50,-6,5,-33,9,36,-13,-44,62,13,13,-2,27,41,-13,-45,65,3,3,-14,3,36,17,-40,67,15,9,-22,11,43,-20,-42,66,25,5
65.4400,-16,13,45,-12,-38,68,24,20,-21,9,32,-10,-42,55,12,0,-27,7,36,-12,-36,60,23,12,-11,6,30,-9,-38,55,0,3,-33,8,32,-14,-42,66,20,13,-6,23,41,-11,-42,68,8,2,-13,3,34,17,-40,66,18,14,-21,14,36,-17,-41,69,22,7
65.4600,-16,13,37,-13,-41,74,23,14,-21,8,34,-10,-34,53,13,5,-27,10,41,-13,-32,64,24,20,-13,9,29,-6,-39,58,-5,6,-34,11,35,-15,-42,65,17,10,-3,17,38,-8,-46,68,9,6,-15,5,31,21,-40,65,16,11,-17,9,43,-21,-38,68,23,2
65.4800,-24,9,37,-10,-39,72,20,11,-20,10,34,-8,-32,49,10,10,-32,11,32,-8,-34,61,27,19,-11,5,35,-9,-41,53,-3,7,-32,4,33,-12,-42,59,15,7,-3,22,35,-13,-45,67,7,13,-6,6,33,19,-46,67,15,11,-22,7,40,-21,-42,67,20,9
65.5000,-22,10,37,-15,-37,73,22,22,-16,12,33,-5,-30,47,9,3,-24,5,36,-9,-29,59,19,17,-11,6,34,-9,-41,56,-5,4,-33,3,39,-10,-37,61,17,12,-4,20,33,-12,-42,64,10,6,-14,1,28,20,-47,66,17,9,-22,7,40,-19,-42,67,17,9
65.5200,-18,8,36,-10,-39,67,21,14,-21,13,30,-6,-31,47,8,-2,-29,8,34,-7,-29,62,21,21,-14,8,37,-5,-39,48,-8,9,-35,6,32,-8,-36,62,16,8,3,22,38,-3,-37,64,7,7,-13,4,29,31,-39,69,24,11,-18,7,41,-17,-44,65,16,7
65.5400,-21,11,39,-13,-39,67,27,13,-19,7,37,-6,-32,52,6,-3,-28,15,34,-7,-32,60,21,24,-10,9,35,-6,-40,52,-1,3,-29,6,34,-10,-35,58,14,8,1,24,35,-4,-40,67,9,7,-13,2,28,33,-43,64,21,9,-14,-5,36,-16,-37,60,12,11
65.5600,-11,8,38,-11,-37,69,26,14,-25,9,33,-4,-27,52,15,-2,-36,9,36,-3,-29,62,29,21,-7,14,33,-7,-41,53,-5,5,-32,6,38,-8,-36,61,15,10,7,20,32,-7,-39,61,10,2,-14,-3,32,29,-45,60,21,3,-12,-1,39,-16,-40,64,13,14
65.5800,-16,10,36,-12,-43,73,29,12,-21,13,33,-10,-28,48,13,4,-25,7,40,-6,-32,62,23,27,-21,8,37,-11,-41,52,1,6,-33,6,27,-7,-36,61,10,12,2,22,32,-4,-36,65,5,3,-11,2,27,26,-48,63,21,6,-10,2,45,-17,-32,61,9,8
65.6000,-23,11,36,-7,-44,72,32,10,-24,12,37,1,-28,52,8,0,-28,4,36,-6,-34,60,17,21,-12,15,30,-8,-41,53,-7,8,-33,3,40,-8,-37,60,18,8,7,18,30,-7,-42,65,7,0,-14,2,32,23,-45,62,22,10,-10,1,36,-20,-39,60,10,8
65.6200,-21,8,32,-11,-39,70,31,14,-23,11,28,-5,-28,52,13,-4,-33,8,38,-5,-35,62,25,26,-11,14,26,-10,-40,53,-4,7,-31,13,35,-3,-36,59,20,6,0,21,34,-11,-46,67,10,0,-12,5,31,25,-34,61,17,9,-11,-2,37,-19,-37,58,12,10
65.6400,-17,6,33,-11,-42,72,27,12,-26,10,36,-12,-34,52,9,2,-31,10,35,-4,-35,66,20,18,-20,14,34,-6,-37,51,1,1,-30,9,39,-7,-36,57,14,6,0,21,40,-7,-44,67,13,1,-12,8,28,30,-42,54,20,11,-9,3,38,-16,-37,60,12,9
65.6600,-26,10,36,-9,-45,74,30,12,-26,11,37,-6,-33,51,13,0,-24,7,37,-8,-36,69,24,21,-17,16,34,-10,-35,55,-2,6,-31,10,38,-6,-35,62,15,11,9,19,32,-8,-42,66,10,-2,-15,4,34,27,-41,66,23,5,-13,10,33,-13,-42,62,13,9
65.6800,-20,4,38,-11,-47,76,29,14,-19,8,38,-7,-31,51,18,0,-33,4,41,-14,-37,68,25,22,-13,19,35,-11,-42,55,-1,-2,-37,7,38,-7,-36,59,14,12,0,24,37,-6,-48,66,14,-1,-20,11,35,21,-46,66,23,4,-13,6,34,-20,-41,61,12,10
65.7000,-22,10,36,-7,-45,76,30,8,-29,11,37,-7,-40,55,16,1,-27,11,39,-10,-45,63,28,24,-21,18,42,-11,-41,58,3,4,-36,11,29,-9,-40,61,16,9,5,22,33,-8,-46,63,14,5,-13,11,31,20,-51,64,27,7,-18,7,36,-19,-36,62,17,5
65.7200,-21,8,33,-14,-42,71,33,10,-24,12,37,-11,-36,50,13,4,-31,11,37,-16,-40,70,25,24,-16,18,42,-10,-42,56,-6,1,-34,14,35,-5,-44,63,17,9,-1,24,41,-12,-48,64,19,-1,-21,10,30,25,-45,59,24,9,-18,8,39,-14,-40,62,13,8
65.7400,-22,10,31,-16,-47,72,30,9,-23,7,41,-14,-46,53,20,3,-29,6,36,-11,-41,68,33,18,-15,17,40,-17,-38,62,-4,-4,-36,7,38,-11,-39,65,17,10,0,27,38,-9,-41,63,17,-1,-16,10,39,26,-39,62,20,5,-17,9,35,-18,-42,63,22,3
65.7600,-26,5,34,-13,-41,74,33,15,-23,13,43,-15,-42,55,20,1,-29,6,40,-21,-40,66,33,22,-20,21,38,-13,-39,59,-3,-1,-36,10,38,-15,-45,63,22,12,0,24,38,-12,-49,63,17,2,-21,6,34,17,-41,64,25,4,-24,5,32,-14,-41,61,24,7
65.7800,-22,7,34,-11,-44,73,31,8,-20,12,37,-18,-41,54,19,1,-26,9,41,-16,-43,66,31,18,-20,17,41,-14,-39,58,-6,-1,-40,13,40,-14,-44,63,22,9,-7,28,37,-15,-48,61,19,-2,-19,8,36,18,-42,64,20,4,-23,12,31,-9,-50,72,25,7
65.8000,-25,15,35,-11,-40,77,28,20,-22,11,36,-16,-44,53,21,5,-28,7,37,-18,-34,69,31,15,-24,18,38,-13,-35,61,-6,6,-43,10,41,-16,-45,68,16,10,-2,24,37,-16,-46,64,17,-1,-22,14,35,19,-45,62,24,2,-20,10,38,-11,-49,68,17,2
65.8200,-23,8,37,-8,-45,72,28,14,-23,8,31,-16,-43,50,19,3,-30,8,40,-22,-37,66,35,18,-19,17,43,-10,-38,58,-4,2,-42,11,43,-15,-36,66,16,7,-4,26,32,-12,-47,63,20,-2,-13,15,38,19,-40,62,24,4,-26,14,33,-11,-51,68,28,2
65.8400,-25,9,35,-15,-43,76,28,12,-13,5,35,-14,-36,51,14,7,-26,4,33,-18,-39,62,30,21,-20,22,40,-14,-42,58,-7,3,-40,11,44,-21,-44,64,20,17,1,29,39,-20,-48,63,15,2,-20,10,37,18,-36,64,20,4,-18,18,40,-14,-47,74,30,-4
65.8600,-18,10,39,-13,-43,73,24,16,-16,8,29,-11,-34,54,14,10,-30,5,36,-9,-40,61,29,17,-21,20,42,-7,-32,60,-10,4,-37,13,47,-16,-47,67,16,10,-1,25,39,-14,-42,66,15,-3,-20,10,36,16,-43,64,22,6,-26,18,32,-9,-50,73,34,2
65.8800,-19,8,36,-15,-41,75,26,18,-21,6,30,-14,-36,50,16,6,-26,4,36,-17,-38,66,27,25,-25,15,38,-16,-39,63,2,2,-37,12,36,-13,-41,61,14,13,1,29,37,-16,-45,61,13,0,-22,15,29,19,-38,64,19,3,-23,10,35,-15,-48,69,28,3
65.9000,-21,5,39,-11,-37,69,25,19,-19,12,32,-13,-39,48,14,5,-28,9,32,-15,-43,63,30,24,-18,10,37,-15,-38,56,-6,3,-33,3,43,-15,-42,70,15,11,-3,30,38,-13,-39,66,12,-1,-18,15,36,22,-35,70,17,7,-21,15,33,-12,-48,65,23,-3
65.9200,-22,8,37,-12,-40,70,26,14,-14,4,33,-16,-39,53,15,0,-26,7,29,-13,-33,65,29,23,-16,9,36,-17,-38,54,-9,3,-36,9,40,-9,-41,65,22,10,-2,28,37,-15,-43,63,9,-1,-21,12,40,15,-44,63,19,-3,-25,11,32,-14,-49,66,26,-3
65.9400,-18,9,41,-14,-37,73,22,16,-17,12,32,-14,-37,54,14,5,-29,6,37,-17,-37,64,33,23,-21,9,38,-15,-31,51,-5,9,-35,5,39,-16,-43,68,15,9,-6,26,34,-12,-41,60,9,4,-18,11,28,18,-42,67,17,10,-21,9,35,-13,-49,75,27,4
65.9600,-23,9,37,-11,-39,74,23,13,-16,11,36,-10,-41,54,13,5,-23,3,31,-13,-37,62,30,24,-21,10,37,-11,-35,54,-7,5,-28,7,40,-16,-46,67,20,15,-3,28,32,-11,-45,61,5,1,-18,8,33,16,-36,67,15,6,-23,12,39,-13,-49,70,28,2
65.9800,-22,9,36,-8,-39,79,25,17,-20,5,33,-9,-35,57,8,1,-30,9,38,-17,-47,62,32,20,-21,5,31,-11,-35,56,-8,7,-32,3,36,-10,-40,68,15,17,-7,21,36,-10,-34,61,6,7,-19,9,31,24,-36,61,22,10,-20,8,32,-13,-43,73,25,0
66.0000,-16,7,39,-11,-33,76,27,13,-19,4,34,-9,-36,52,12,6,-28,10,35,-14,-36,64,31,22,-18,5,33,-10,-30,54,-10,7,-25,0,36,-9,-38,65,17,14,0,29,39,-12,-33,63,7,11,-24,10,37,24,-38,66,16,4,-18,11,36,-17,-41,69,24,2
66.0200,-20,8,36,-11,-40,73,23,17,-12,4,34,-5,-35,56,8,3,-27,9,33,-10,-35,61,30,27,-12,8,32,-10,-35,62,-8,7,-30,5,31,-12,-37,68,13,16,-7,19,41,-7,-39,63,5,9,-11,8,29,22,-40,62,17,10,-22,6,36,-14,-37,62,22,7
66.0400,-23,11,32,-12,-39,71,20,16,-22,10,41,-6,-34,61,9,7,-25,6,33,-7,-34,63,29,24,-15,8,31,-8,-32,57,-4,10,-33,5,31,-8,-35,67,14,8,-4,24,39,-7,-41,66,9,6,-16,4,32,24,-33,66,13,12,-20,6,38,-11,-42,68,15,10
66.0600,-24,10,40,-10,-43,77,22,16,-17,11,39,0,-38,51,12,6,-23,8,31,-1,-34,65,29,19,-14,10,36,-7,-34,58,-10,10,-32,4,29,-9,-38,70,16,15,-3,20,36,-10,-40,64,2,7,-15,7,32,20,-34,65,10,14,-17,6,33,-15,-34,66,15,14
66.0800,-23,12,31,-8,-45,73,24,12,-15,3,44,-6,-34,53,9,7,-21,7,37,-10,-39,66,33,21,-9,9,33,-8,-30,62,-7,6,-29,1,35,-8,-34,70,13,14,-2,19,35,-5,-38,65,8,8,-10,8,28,25,-35,67,11,11,-14,7,36,-10,-31,67,17,10
66.1000,-13,7,34,-13,-42,79,26,13,-20,13,39,-6,-35,57,14,4,-27,8,35,-5,-33,67,25,21,-9,6,35,-9,-42,57,-7,8,-28,5,30,-10,-40,71,16,16,-2,23,34,-12,-42,66,3,7,-11,2,31,26,-40,70,11,12,-14,7,36,-11,-32,62,12,9
66.1200,-18,10,33,-9,-44,76,26,15,-20,8,40,-7,-36,58,13,1,-25,6,37,-11,-39,65,30,20,-9,6,36,-5,-34,60,-4,6,-26,11,31,-9,-38,69,14,12,-4,22,37,-6,-40,66,9,6,-11,2,29,27,-30,62,18,12,-9,7,36,-6,-34,59,14,13
66.1400,-22,4,30,-10,-42,78,26,15,-19,14,36,-7,-41,54,20,1,-28,6,39,-5,-37,65,27,20,-11,7,27,-7,-38,63,-11,9,-28,7,35,-5,-40,68,13,12,2,17,29,-6,-39,68,10,7,-5,2,29,28,-37,67,17,5,-15,5,34,-15,-34,64,13,11
66.1600,-20,10,35,-14,-46,77,24,9,-19,10,42,-5,-39,55,12,6,-27,11,39,-4,-37,64,37,20,-12,10,33,-6,-35,67,-6,8,-27,3,34,-6,-44,68,16,15,4,20,29,-8,-36,67,8,6,-10,0,28,29,-38,67,15,9,-11,4,35,-9,-34,62,13,12
66.1800,-21,16,36,-10,-41,79,25,18,-19,10,35,-2,-43,56,14,-2,-23,8,36,-7,-39,63,34,16,-15,10,36,-7,-40,65,-1,3,-27,8,36,-1,-43,69,15,15,-4,19,33,-9,-42,68,6,7,-16,4,28,30,-36,68,16,10,-11,1,36,-10,-33,62,16,8
66.2000,-24,8,31,-12,-46,81,27,14,-24,9,39,-7,-36,53,18,0,-32,13,39,-5,-38,68,33,18,-11,10,32,-11,-40,63,-4,5,-31,6,34,-9,-48,68,26,13,1,21,32,-8,-41,68,9,1,-16,1,27,27,-36,73,15,13,-10,2,34,-19,-35,59,11,13
66.2200,-20,12,31,-8,-42,77,25,13,-26,8,37,-9,-42,56,16,0,-27,10,32,-10,-38,63,29,12,-10,8,33,-3,-40,65,5,3,-31,8,37,-6,-42,67,20,7,-2,23,29,-9,-45,69,4,12,-14,1,26,31,-39,68,16,9,-15,7,35,-10,-29,65,11,15
66.2400,-20,10,32,-12,-42,77,29,14,-26,10,35,-7,-41,53,19,-2,-34,9,34,-10,-43,66,29,17,-13,12,26,-7,-40,63,2,6,-31,6,34,-3,-43,63,25,9,2,24,35,-11,-44,69,14,7,-12,4,28,31,-41,70,15,10,-14,-2,32,-17,-36,63,14,12
66.2600,-18,8,32,-17,-39,69,25,14,-22,10,38,-11,-41,52,20,-4,-27,7,33,-13,-33,70,32,16,-15,14,33,-3,-42,60,-3,3,-30,5,33,-5,-48,63,22,9,1,20,33,-5,-46,76,13,4,-13,6,28,25,-47,67,18,10,-21,2,36,-16,-35,69,12,12
66.2800,-24,10,33,-15,-41,73,26,10,-25,15,34,-11,-39,50,18,2,-30,9,36,-11,-39,75,34,18,-15,15,36,-12,-41,58,-6,2,-27,-1,39,-5,-49,65,23,8,4,19,34,-9,-47,67,12,4,-15,1,26,29,-47,72,18,10,-12,-1,34,-15,-37,70,14,14
66.3000,-23,8,36,-14,-38,65,27,11,-23,15,35,-11,-38,57,16,-5,-31,12,27,-13,-37,68,30,20,-10,13,31,-12,-42,62,-1,4,-32,10,37,-8,-48,62,22,5,3,24,29,-5,-42,65,15,-1,-13,1,32,27,-46,69,22,8,-16,2,32,-18,-44,68,16,12
66.3200,-21,7,33,-12,-35,72,30,20,-24,16,38,-12,-40,48,11,-2,-37,14,34,-11,-32,69,27,18,-18,17,35,-14,-39,59,-5,4,-29,11,41,-10,-47,63,23,9,0,25,29,-11,-41,70,9,5,-15,1,31,26,-48,71,26,2,-19,2,33,-13,-40,74,24,9
66.3400,-30,7,36,-15,-38,74,27,7,-26,14,36,-11,-36,56,16,0,-31,13,31,-16,-42,62,31,17,-13,16,36,-13,-38,56,1,-2,-30,10,36,-9,-42,62,24,7,1,16,31,-11,-41,74,11,1,-11,3,35,26,-46,70,20,5,-17,6,33,-22,-43,69,26,14
66.3600,-20,10,35,-13,-38,70,22,14,-26,14,34,-15,-36,47,14,-4,-29,8,32,-17,-41,61,24,15,-15,19,32,-12,-37,53,1,2,-32,12,36,-14,-42,61,24,6,2,19,35,-12,-41,67,15,-1,-12,1,38,24,-44,68,15,8,-19,6,32,-18,-41,68,24,9
66.3800,-26,6,36,-17,-40,72,30,11,-26,12,32,-13,-29,43,11,0,-31,9,34,-14,-31,64,27,20,-19,14,33,-12,-38,51,2,2,-28,4,37,-11,-47,68,23,9,3,25,37,-17,-41,66,17,-1,-15,4,35,29,-37,67,19,6,-22,5,32,-12,-46,69,23,7
66.4000,-22,9,36,-16,-41,70,26,14,-23,16,33,-11,-34,48,18,1,-30,11,33,-12,-34,61,26,21,-17,16,39,-13,-39,51,1,1,-32,11,36,-11,-37,63,23,6,2,22,32,-19,-45,72,17,2,-16,9,37,23,-43,68,23,9,-22,11,32,-19,-45,70,26,8
66.4200,-18,12,34,-18,-36,70,31,16,-19,13,34,-9,-23,50,9,-1,-31,8,38,-19,-37,66,26,21,-15,18,34,-9,-37,55,2,3,-33,7,35,-15,-36,65,24,4,-8,25,34,-16,-46,66,11,4,-17,6,38,27,-42,66,28,5,-24,12,31,-18,-49,70,22,2
66.4400,-18,7,35,-18,-39,73,28,16,-22,15,38,-15,-28,51,8,-1,-31,9,34,-14,-33,65,24,24,-15,15,34,-8,-32,52,0,-3,-31,10,34,-15,-33,63,15,8,-3,21,39,-12,-48,63,18,-1,-13,7,35,20,-39,64,23,6,-27,9,38,-18,-47,68,23,1
66.4600,-20,5,35,-9,-40,75,24,11,-18,13,33,-12,-32,52,11,4,-23,11,35,-10,-33,64,28,26,-18,16,37,-14,-37,56,3,0,-31,11,38,-20,-40,66,22,11,-1,18,41,-13,-44,66,17,-3,-15,7,40,26,-45,63,27,8,-25,9,31,-16,-43,70,24,1
66.4800,-16,8,33,-13,-36,70,29,20,-23,12,35,-15,-30,53,14,5,-23,9,34,-9,-27,65,25,23,-19,13,39,-11,-38,53,-1,0,-29,9,37,-18,-37,56,17,14,-1,24,43,-13,-39,66,14,3,-10,4,41,30,-36,61,24,6,-28,11,36,-21,-39,66,25,6
66.5000,-19,9,36,-14,-46,71,28,15,-23,10,41,-15,-34,54,11,5,-24,2,32,-12,-26,68,28,26,-18,16,38,-11,-43,52,-1,1,-35,16,37,-11,-40,61,17,13,4,21,37,-16,-42,68,13,-2,-17,8,36,24,-42,59,28,6,-23,11,36,-20,-37,63,25,8
66.5200,-14,10,34,-14,-44,76,30,15,-24,14,36,-14,-25,53,13,6,-20,2,34,-14,-32,66,29,22,-19,15,38,-14,-40,54,-4,2,-33,12,34,-14,-38,61,20,15,1,23,37,-12,-46,71,18,1,-11,11,32,25,-43,61,22,4,-19,16,39,-29,-45,64,26,4
66.5400,-19,6,38,-16,-44,77,33,11,-18,12,35,-15,-30,55,9,8,-27,3,34,-8,-35,72,32,23,-19,14,37,-12,-34,52,-2,0,-39,9,36,-19,-45,70,18,15,3,22,40,-16,-40,68,22,-4,-13,15,36,22,-36,61,25,7,-20,10,37,-28,-37,66,22,7
66.5600,-22,9,36,-16,-38,74,31,15,-24,13,34,-15,-20,48,10,10,-20,6,44,-9,-36,76,32,21,-15,8,37,-11,-33,55,-5,3,-33,8,36,-13,-38,66,17,14,-3,20,34,-11,-43,67,15,-1,-16,6,36,25,-41,64,22,4,-15,7,33,-26,-35,69,22,8
66.5800,-21,6,35,-13,-40,72,26,16,-17,12,34,-13,-28,56,14,8,-23,3,37,-10,-34,74,37,22,-22,17,38,-7,-38,59,-6,-3,-26,12,39,-12,-35,66,18,14,7,22,32,-15,-39,61,18,5,-12,10,31,25,-45,68,19,4,-15,8,39,-22,-37,60,20,7
66.6000,-19,7,32,-12,-40,76,27,12,-24,15,35,-11,-29,55,12,9,-22,7,43,-12,-37,72,32,19,-19,16,36,-8,-30,59,-8,2,-31,9,37,-17,-36,64,16,12,7,22,29,-10,-45,64,14,4,-19,11,34,32,-42,65,15,3,-18,3,33,-23,-41,64,21,7
66.6200,-18,11,33,-11,-46,74,26,16,-22,10,39,-14,-37,60,16,7,-24,1,44,-15,-41,74,34,17,-17,18,37,-6,-35,63,-6,2,-36,15,36,-10,-44,69,19,17,0,21,31,-10,-42,64,11,-4,-16,11,34,31,-40,63,16,4,-10,8,37,-25,-44,72,15,7
66.6400,-20,10,33,-10,-42,73,27,14,-17,8,35,-8,-35,57,15,7,-22,4,33,-12,-40,70,33,18,-17,17,36,-12,-36,60,-8,2,-33,3,33,-8,-42,70,16,16,2,22,32,-3,-41,68,15,-1,-17,7,33,30,-41,69,19,3,-11,5,32,-17,-39,73,17,15
66.6600,-18,7,33,-13,-45,75,31,10,-21,14,40,-16,-39,53,14,12,-18,5,39,-10,-39,75,34,19,-22,11,34,-9,-31,62,-8,0,-33,7,33,-9,-37,73,13,18,-4,20,31,-5,-48,64,16,4,-18,11,32,27,-39,65,18,5,-12,4,37,-25,-45,73,17,4
66.6800,-18,8,32,-8,-39,76,28,13,-17,10,36,-10,-32,54,13,8,-23,3,38,-9,-36,68,31,19,-22,16,35,-14,-37,55,-10,6,-37,10,35,-11,-40,74,12,16,1,19,32,-8,-41,73,16,-3,-15,7,29,29,-34,70,16,5,-9,2,35,-18,-46,71,21,5
66.7000,-24,14,30,-8,-41,77,22,14,-18,4,32,-5,-31,57,16,10,-25,11,32,-15,-40,69,35,18,-23,10,35,-16,-33,58,-6,3,-35,0,35,-8,-36,70,18,18,2,28,32,-6,-39,61,10,5,-22,11,30,31,-33,69,19,6,-11,11,35,-15,-42,70,20,1
66.7200,-17,9,28,-10,-38,75,23,11,-16,10,35,-14,-42,54,15,3,-28,4,35,-13,-50,69,37,15,-14,7,41,-10,-36,67,-8,4,-35,-2,37,-15,-44,74,19,18,-2,32,31,-3,-40,68,9,1,-21,5,26,30,-38,68,17,9,-12,5,33,-16,-44,74,18,5
66.7400,-23,10,30,-11,-43,76,27,10,-20,7,35,-8,-36,58,17,5,-29,14,35,-11,-41,66,35,22,-22,10,45,-12,-41,65,-5,4,-34,-5,37,-4,-38,69,23,21,0,28,30,-6,-38,66,12,-2,-16,9,31,30,-35,70,22,6,-14,5,33,-14,-42,76,19,8
66.7600,-15,-1,30,-4,-40,78,25,13,-19,4,33,-7,-36,49,21,2,-23,5,28,-12,-27,62,34,22,-17,10,28,-13,-36,64,-7,7,-33,1,34,-8,-37,71,21,15,2,27,30,-14,-39,66,12,0,-22,9,31,25,-31,67,16,2,-13,8,23,-8,-42,72,22,7
66.7800,-21,11,32,-11,-41,72,28,12,-21,6,28,-10,-37,52,13,2,-24,9,29,-7,-29,59,31,17,-17,8,26,-9,-26,59,-9,7,-29,1,29,-7,-40,71,17,17,-4,28,33,-6,-34,69,11,-2,-25,11,33,27,-36,69,10,8,-14,6,34,-8,-40,72,20,6
66.8000,-21,8,30,-10,-36,71,22,11,-21,4,27,-10,-35,52,18,2,-25,9,29,-11,-35,59,31,19,-19,7,26,-12,-29,59,-7,10,-34,-2,33,-10,-47,69,21,12,-1,28,41,-9,-38,64,6,-3,-22,8,31,32,-39,63,9,9,-21,7,25,-9,-39,70,21,7
66.8200,-26,7,30,-10,-38,75,27,9,-15,9,31,-5,-33,52,17,6,-31,10,29,-9,-37,60,33,17,-19,6,33,-15,-30,59,-6,12,-31,-4,35,-11,-44,67,20,20,-7,23,36,-7,-39,65,1,3,-23,9,34,24,-35,72,12,12,-18,8,31,-3,-38,69,26,7
66.8400,-22,9,35,-4,-36,75,30,12,-16,10,30,-6,-40,52,20,1,-30,7,31,-11,-37,67,35,18,-21,6,31,-8,-38,60,-4,11,-33,-1,32,-5,-44,67,19,13,-1,19,36,-13,-36,68,3,6,-23,5,32,23,-34,72,14,8,-26,12,32,-4,-41,68,25,9
66.8600,-21,3,32,-13,-39,76,28,17,-17,16,31,-8,-32,52,19,5,-18,13,35,-6,-39,59,26,15,-20,5,32,-9,-34,60,-2,7,-29,-7,32,-11,-38,65,21,16,-5,21,34,-12,-36,68,8,1,-23,5,31,23,-36,67,13,10,-19,13,30,4,-39,62,22,3
66.8800,-17,7,31,-11,-39,75,24,16,-16,8,29,-3,-32,47,19,1,-29,10,29,-6,-34,63,29,20,-20,7,36,-9,-41,59,-5,8,-33,-1,33,-12,-41,67,22,16,-1,27,33,-14,-40,66,2,4,-21,5,31,23,-40,67,13,13,-19,10,27,-1,-36,63,17,8
66.9000,-15,6,29,-14,-36,73,28,14,-21,12,31,-8,-37,51,23,-2,-29,15,35,-8,-37,64,29,20,-19,3,26,-8,-39,60,-2,7,-33,0,31,-9,-44,62,22,16,-8,22,32,-16,-31,68,4,1,-19,1,35,27,-39,68,16,14,-18,10,30,1,-39,63,16,11
66.9200,-21,6,35,-13,-41,76,26,12,-18,12,35,-10,-36,47,18,-4,-31,15,30,-2,-37,65,29,15,-15,3,32,-9,-40,64,4,4,-29,-2,35,-12,-40,63,22,11,0,23,33,-11,-35,67,3,5,-16,4,29,24,-41,73,9,11,-17,12,30,-8,-39,61,17,7
66.9400,-20,6,32,-12,-39,76,33,14,-16,11,32,-8,-31,52,14,-2,-29,12,32,-9,-35,63,31,20,-16,4,28,-7,-47,62,6,5,-32,3,28,-8,-36,68,24,11,-3,23,36,-14,-37,71,5,2,-15,0,26,20,-40,64,16,14,-20,11,36,-11,-39,63,18,15
66.9600,-18,4,39,-9,-41,78,29,13,-22,14,32,-4,-27,46,12,-1,-23,14,35,-8,-36,60,26,18,-15,7,30,-6,-44,61,5,6,-29,2,31,-5,-42,65,22,9,-7,23,34,-19,-35,68,9,5,-17,1,30,27,-47,67,20,13,-17,7,34,-9,-37,67,17,10
66.9800,-20,11,36,-10,-42,76,29,11,-20,15,33,-9,-31,55,17,0,-30,8,33,-9,-33,62,27,22,-15,5,37,-7,-39,62,3,7,-27,6,30,-7,-40,61,24,13,2,19,34,-14,-37,69,12,9,-13,-5,29,27,-43,72,20,11,-19,2,33,-11,-33,64,18,10
67.0000,-19,9,29,-12,-40,75,30,12,-21,20,35,-10,-28,53,15,4,-35,10,31,-12,-41,65,30,21,-15,7,34,-8,-37,57,-1,5,-27,8,32,-8,-41,62,27,12,0,15,34,-11,-42,75,8,5,-15,-3,32,24,-40,70,21,11,-22,7,30,-14,-39,65,21,12
67.0200,-19,10,30,-16,-36,74,30,9,-26,15,35,-11,-35,50,16,-5,-28,12,32,-9,-36,68,30,22,-11,8,33,-7,-36,61,3,-1,-34,9,32,-6,-35,69,22,8,1,16,35,-13,-43,67,13,10,-15,-4,26,33,-43,69,18,16,-18,7,35,-17,-36,68,23,9
67.0400,-13,7,33,-12,-33,75,31,8,-25,18,34,-9,-35,57,19,-5,-34,13,37,-12,-37,70,27,21,-13,8,38,-5,-40,57,-2,-1,-27,12,32,-11,-39,68,26,12,-1,17,40,-9,-44,69,13,10,-12,-3,25,35,-42,69,24,10,-12,3,36,-14,-37,64,21,11
67.0600,-20,6,37,-16,-48,77,34,15,-27,18,35,-12,-33,52,16,-3,-29,5,38,-16,-34,69,31,18,-14,16,38,-7,-41,58,5,1,-31,14,36,-6,-41,68,26,7,2,16,31,-9,-42,66,15,9,-8,-4,28,29,-43,68,26,10,-15,-1,37,-18,-36,67,21,11
67.0800,-23,9,33,-12,-45,84,35,14,-22,15,40,-14,-37,51,17,1,-28,9,39,-11,-38,70,30,21,-14,12,39,-11,-44,63,6,2,-31,15,44,-7,-40,65,24,6,-3,18,36,-11,-39,70,15,6,-12,0,35,27,-44,71,27,10,-14,3,35,-16,-37,66,21,12
67.1000,-19,4,35,-15,-46,77,33,8,-20,11,42,-13,-27,56,23,2,-23,6,36,-12,-33,70,31,23,-22,14,37,-9,-41,62,2,-1,-39,15,39,-13,-44,70,25,10,-5,18,35,-13,-46,67,17,8,-10,-2,31,33,-50,67,24,8,-13,4,35,-17,-34,66,15,10
67.1200,-16,11,36,-12,-44,77,31,14,-24,19,36,-21,-35,52,17,-1,-30,11,41,-11,-34,73,30,26,-18,16,35,-12,-43,60,1,-3,-32,18,40,-16,-44,76,24,14,-1,17,34,-15,-50,75,17,3,-11,0,30,32,-49,74,27,4,-13,3,40,-16,-36,64,17,8
67.1400,-23,5,34,-17,-43,72,33,12,-25,12,38,-10,-28,51,15,-1,-29,9,38,-9,-37,66,32,17,-16,17,34,-15,-40,60,0,-4,-29,13,37,-14,-40,70,28,8,5,18,35,-6,-46,73,17,2,-4,5,33,32,-42,69,23,3,-16,2,37,-20,-42,72,21,9
67.1600,-14,4,37,-19,-44,73,28,18,-25,17,43,-21,-32,60,17,5,-25,9,37,-18,-31,69,33,20,-16,13,34,-9,-37,61,2,4,-31,15,39,-13,-44,69,25,6,1,20,37,-7,-44,73,20,0,-5,1,34,33,-46,69,31,8,-15,3,31,-25,-46,71,20,5
67.1800,-16,3,34,-12,-40,73,34,18,-29,9,35,-19,-34,59,14,8,-28,5,39,-15,-34,69,27,22,-18,12,39,-9,-42,63,-5,2,-34,14,39,-14,-43,75,24,7,1,17,30,-8,-45,76,14,4,-9,-1,27,30,-45,69,28,2,-12,5,43,-28,-47,69,30,6
67.2000,-19,8,34,-16,-43,77,26,16,-23,16,40,-16,-26,52,12,5,-26,7,37,-16,-36,76,31,17,-17,17,38,-12,-40,59,1,0,-33,9,36,-13,-42,69,27,9,3,20,36,-9,-41,70,22,3,-10,5,32,29,-44,65,19,6,-15,5,39,-25,-41,76,23,14
67.2200,-22,3,36,-13,-44,77,28,16,-25,10,34,-13,-24,58,7,8,-24,8,39,-18,-39,73,29,27,-16,19,40,-13,-37,60,3,2,-31,16,42,-16,-42,70,20,12,3,21,34,-12,-48,68,20,2,-8,8,30,29,-42,67,22,2,-15,8,39,-27,-48,74,28,4
67.2400,-16,1,35,-12,-39,74,27,13,-22,11,31,-12,-23,55,7,5,-25,8,37,-16,-37,77,27,18,-14,17,35,-9,-32,56,-6,3,-35,8,40,-16,-37,68,17,10,3,19,35,-8,-45,77,17,1,-10,6,31,26,-49,59,20,8,-16,9,41,-31,-44,73,22,9
67.2600,-22,0,31,-13,-39,70,25,19,-24,12,32,-18,-21,54,4,4,-26,4,37,-16,-35,72,29,25,-18,16,33,-15,-30,54,0,3,-33,2,36,-24,-31,69,21,13,13,18,36,-11,-41,72,10,3,-9,8,33,27,-43,72,27,-1,-16,6,40,-31,-41,76,24,5
67.2800,-11,4,31,-11,-36,70,26,19,-15,8,34,-5,-20,55,6,8,-24,4,30,-17,-36,76,29,25,-22,10,29,-9,-26,53,-1,6,-36,5,33,-17,-36,66,18,14,8,21,32,-12,-43,74,13,3,-15,9,36,26,-45,73,26,1,-25,11,44,-29,-38,74,23,8
67.3000,-16,0,30,-10,-38,71,23,19,-22,10,23,-10,-26,51,4,8,-20,3,31,-13,-29,71,28,28,-16,13,36,-4,-34,57,-5,-1,-36,10,34,-18,-41,68,11,15,9,23,30,-12,-42,68,15,0,-15,5,33,28,-36,67,21,7,-15,7,37,-29,-38,76,26,11
67.3200,-15,5,32,-16,-39,69,21,21,-19,5,27,-5,-21,48,9,9,-30,6,30,-16,-36,69,30,22,-23,11,31,-11,-32,55,-5,7,-29,10,29,-16,-33,66,15,16,6,21,29,-14,-40,68,12,-3,-12,2,33,31,-34,67,20,9,-17,9,41,-23,-35,72,22,9
67.3400,-15,3,32,-12,-42,66,20,14,-22,5,29,-3,-25,47,6,11,-21,6,24,-11,-37,63,28,28,-17,16,36,-3,-36,51,-3,1,-28,9,30,-8,-35,65,14,14,6,20,30,-2,-39,68,10,5,-14,11,33,30,-37,67,12,4,-15,4,36,-24,-37,71,21,11
67.3600,-15,5,32,-13,-41,66,26,14,-18,4,25,-3,-22,48,5,9,-23,4,27,-4,-31,64,27,29,-20,14,27,0,-29,54,-7,5,-34,3,30,-13,-33,64,15,23,7,22,24,-6,-34,67,12,-4,-13,5,29,32,-38,62,19,6,-10,1,39,-26,-39,70,20,9
67.3800,-20,7,33,-13,-39,65,29,11,-19,6,24,-2,-31,56,7,11,-22,11,27,-7,-32,64,28,25,-19,13,26,-7,-32,52,-4,4,-36,2,34,-8,-32,61,13,20,7,22,30,-7,-37,62,10,-8,-12,9,28,34,-35,59,16,4,-12,5,34,-27,-35,71,15,14
67.4000,-21,3,27,-13,-36,68,30,11,-20,6,29,5,-27,53,8,9,-22,3,25,-1,-34,63,30,23,-22,13,30,0,-29,50,-3,7,-31,4,24,-4,-31,62,13,20,7,25,31,-4,-37,62,7,-3,-15,7,36,30,-32,60,17,12,-15,-1,35,-23,-40,61,14,9
67.4200,-19,11,29,-11,-41,72,30,14,-15,7,31,0,-32,59,13,6,-20,6,22,-1,-38,66,33,20,-21,10,24,-5,-29,50,-8,2,-40,0,28,-3,-27,64,14,21,4,22,29,-3,-34,65,8,-5,-19,4,31,37,-35,61,22,10,-8,-3,32,-16,-35,64,13,14
67.4400,-21,6,30,-6,-38,71,32,12,-22,8,28,-5,-33,52,12,7,-21,8,24,-3,-39,66,32,19,-23,13,30,0,-32,54,-8,4,-28,4,29,-1,-26,59,16,25,-1,27,27,-3,-39,61,13,-3,-22,10,33,37,-37,57,21,4,-10,-4,28,-19,-36,61,10,16
67.4600,-23,8,33,-14,-44,77,37,13,-20,16,27,-6,-38,54,19,7,-22,16,29,5,-41,71,32,17,-25,18,33,0,-32,57,-6,4,-36,2,26,-3,-32,62,21,23,-2,27,27,-3,-36,67,7,-3,-19,0,28,37,-33,62,12,11,-7,0,31,-13,-30,54,13,14
67.4800,-21,13,30,-3,-41,75,30,4,-21,9,32,-8,-38,54,21,7,-21,14,29,-2,-42,69,33,17,-29,10,34,-10,-39,54,-4,1,-31,2,35,-5,-35,64,19,19,-1,27,28,-4,-34,63,13,-7,-23,9,27,37,-29,63,18,8,-5,-1,25,-15,-29,56,17,12
67.5000,-22,9,30,-12,-46,75,35,7,-19,11,30,-7,-34,58,21,2,-29,10,29,-4,-46,66,40,17,-26,13,32,-7,-37,61,1,5,-33,0,27,-2,-28,68,20,19,-4,28,31,-7,-33,65,12,-9,-20,10,32,39,-36,60,13,6,-13,1,31,-11,-35,57,14,13
67.5200,-23,7,31,-10,-42,78,31,9,-17,17,42,-11,-41,63,22,-2,-22,14,29,-2,-41,70,41,12,-20,15,35,-7,-35,65,2,3,-38,3,34,-10,-41,68,26,20,-1,31,33,-4,-31,65,11,-2,-28,15,32,37,-32,71,20,8,-12,-4,27,-9,-29,57,13,9
67.5400,-26,13,33,-9,-44,82,40,4,-21,16,38,-13,-40,59,29,4,-25,17,34,-10,-46,67,37,7,-20,14,37,-11,-32,63,1,9,-37,3,32,-2,-43,72,27,22,-10,36,36,-4,-34,66,10,-7,-18,15,30,36,-35,67,19,9,-13,3,28,-8,-32,62,16,12
67.5600,-23,19,34,-10,-48,83,33,12,-21,16,40,-14,-44,61,29,0,-26,14,34,-11,-48,71,40,12,-24,14,40,-11,-34,64,5,5,-40,3,38,-9,-50,67,31,18,-11,29,33,-6,-31,68,9,-4,-21,9,31,32,-30,63,13,14,-13,1,27,-4,-37,65,18,12
67.5800,-23,8,33,-15,-46,82,32,3,-20,17,40,-23,-43,66,28,-4,-30,18,37,-20,-46,75,39,14,-26,13,36,-15,-37,63,2,9,-36,6,37,-12,-50,77,35,12,-11,28,39,-12,-39,72,14,0,-24,8,29,32,-36,73,13,9,-21,8,24,-5,-37,63,29,-2
67.6000,-19,8,31,-14,-47,83,38,8,-12,12,35,-22,-40,65,28,-7,-24,18,41,-18,-41,75,42,5,-23,9,34,-20,-37,69,5,3,-38,8,36,-15,-51,76,32,10,-13,24,33,-16,-41,71,9,-1,-22,8,30,34,-38,71,20,12,-20,14,19,-6,-48,69,24,-1
67.6200,-25,7,35,-13,-45,84,35,12,-16,15,32,-25,-38,59,24,2,-31,17,41,-18,-42,75,39,15,-22,12,39,-18,-40,72,7,10,-33,8,37,-19,-48,79,34,10,-16,25,39,-19,-38,75,13,1,-21,11,37,29,-36,71,21,10,-23,14,24,-6,-43,76,27,-5
67.6400,-21,5,34,-9,-45,79,30,14,-14,10,34,-27,-38,59,24,-5,-29,17,40,-20,-41,74,35,13,-19,7,35,-25,-45,69,4,7,-39,4,40,-16,-49,79,34,10,-11,28,41,-20,-44,75,15,-1,-25,5,35,28,-36,74,14,10,-30,19,30,-7,-49,77,37,-6
67.6600,-17,6,37,-11,-43,77,31,16,-21,15,37,-32,-43,57,25,-3,-30,15,48,-23,-43,73,39,9,-19,5,39,-21,-46,70,8,5,-33,6,40,-21,-51,79,32,18,-7,29,35,-23,-41,78,12,-1,-19,0,40,23,-36,75,18,13,-29,19,24,-2,-49,84,32,-8
67.6800,-20,2,35,-12,-36,77,31,13,-20,16,38,-25,-41,63,23,0,-26,10,43,-25,-45,66,33,15,-15,12,31,-23,-50,72,3,10,-32,8,40,-18,-51,74,35,11,-3,22,36,-21,-37,78,12,2,-20,3,38,24,-49,79,20,9,-32,24,25,2,-51,83,41,-6
67.7000,-16,5,27,-14,-35,80,27,15,-20,13,36,-21,-28,55,24,2,-29,17,42,-31,-38,68,28,16,-15,4,31,-20,-40,75,3,7,-30,3,40,-18,-47,72,31,9,0,22,39,-19,-45,78,12,6,-16,1,37,21,-44,70,27,14,-35,24,28,-6,-55,86,37,-8
67.7200,-16,1,36,-15,-36,78,20,16,-19,11,34,-17,-32,52,21,2,-28,9,36,-23,-35,66,30,20,-14,8,30,-17,-39,64,3,8,-28,5,34,-25,-46,79,30,9,-2,23,34,-20,-40,82,16,4,-12,-4,47,26,-43,72,24,10,-33,24,23,-6,-51,89,36,-6
67.7400,-11,4,33,-15,-36,72,24,21,-16,14,29,-9,-31,54,15,5,-27,13,32,-18,-40,62,33,22,-12,7,34,-18,-40,64,4,7,-28,7,33,-18,-48,75,33,7,0,19,37,-20,-42,74,15,5,-8,-1,40,19,-44,82,24,12,-36,19,34,-9,-50,86,36,-7
67.7600,-20,0,33,-14,-37,75,22,18,-17,14,21,-8,-22,51,8,5,-29,9,32,-15,-32,63,26,21,-7,0,31,-16,-39,59,5,12,-27,2,38,-18,-46,68,30,4,6,11,32,-16,-43,76,8,10,-6,-2,36,21,-48,77,25,14,-32,16,33,-8,-52,88,34,-4
67.7800,-8,-2,38,-14,-34,75,24,22,-18,14,28,-8,-26,47,10,3,-27,6,34,-21,-31,59,28,25,-4,1,26,-15,-38,60,1,12,-29,9,35,-14,-41,70,24,10,-1,12,29,-19,-45,78,11,15,-7,-10,36,25,-46,75,22,16,-25,16,31,-10,-51,81,33,-2
67.8000,-11,-4,35,-19,-31,65,27,16,-22,11,24,-4,-22,47,15,8,-30,4,31,-12,-34,58,25,22,-13,7,22,-12,-40,58,4,8,-34,12,37,-13,-43,71,23,12,5,11,21,-13,-40,78,13,9,-14,-7,31,18,-45,79,23,15,-26,12,41,-17,-50,80,33,5
67.8200,-16,-4,31,-17,-33,70,26,14,-23,14,25,-4,-17,47,7,3,-25,2,30,-9,-29,57,24,25,-16,7,26,-9,-37,59,3,8,-38,10,31,-18,-37,68,28,10,7,8,25,-13,-38,71,11,13,-8,-5,26,26,-44,76,24,15,-22,4,39,-15,-36,79,28,12
67.8400,-13,-2,34,-9,-39,69,25,22,-16,13,25,2,-18,42,8,11,-28,7,25,-3,-24,52,21,26,-10,7,23,0,-35,56,-1,8,-35,8,30,-7,-34,64,24,15,6,7,29,-10,-41,72,11,15,-9,-8,27,31,-45,73,23,13,-17,5,39,-16,-36,70,24,15
67.8600,-24,1,38,-11,-38,73,25,20,-26,14,29,-3,-20,41,17,7,-25,3,25,-1,-21,60,19,24,-14,6,29,-1,-35,56,-6,9,-28,10,23,-6,-32,66,22,13,10,8,28,-4,-38,74,10,11,-1,-8,22,32,-39,67,22,18,-5,-1,42,-23,-35,66,15,20
67.8800,-9,-2,40,-20,-40,72,30,17,-19,13,30,2,-27,41,7,5,-26,10,24,-5,-24,62,19,31,-11,8,25,0,-37,58,-2,5,-33,8,28,-3,-28,62,23,12,12,11,31,-4,-38,66,9,11,-2,-5,23,37,-39,67,27,13,-9,0,40,-22,-34,59,12,17
67.9000,-17,-1,29,-14,-39,68,34,14,-18,12,29,1,-14,44,8,10,-30,14,26,-1,-29,63,23,25,-15,12,30,6,-37,54,-2,2,-35,3,28,-2,-33,62,19,18,15,12,28,-2,-43,70,12,8,0,0,17,34,-39,60,23,13,-6,-7,33,-20,-27,58,4,24
67.9200,-16,6,34,-11,-42,70,31,18,-25,12,32,-2,-16,48,12,5,-29,16,29,-5,-28,66,26,24,-13,17,28,1,-39,59,1,1,-32,6,24,-5,-27,58,18,11,12,8,30,-2,-33,68,9,4,-8,0,23,40,-39,67,21,15,-3,-12,36,-22,-27,56,9,26
67.9400,-19,5,30,-12,-44,69,26,15,-25,9,31,-1,-24,49,18,3,-28,10,27,1,-28,64,28,27,-11,16,31,4,-39,57,6,3,-37,8,34,2,-29,61,19,17,3,11,24,-6,-34,71,15,1,-10,0,26,36,-39,63,18,8,-3,-11,32,-20,-23,55,3,29
67.9600,-14,6,28,-15,-42,75,34,16,-25,21,34,-3,-29,47,11,6,-31,12,30,0,-35,68,30,27,-17,10,29,3,-34,53,-4,1,-33,10,28,-2,-32,62,21,16,7,14,29,-1,-39,71,17,3,-6,7,24,42,-38,67,21,7,0,-8,31,-22,-22,58,3,29
67.9800,-24,4,25,-10,-44,73,34,15,-20,18,33,-3,-20,54,16,9,-32,13,31,-1,-38,69,25,24,-18,13,26,1,-34,54,-4,2,-35,11,32,3,-29,63,20,10,8,18,27,-1,-41,73,16,4,-4,7,26,45,-43,68,23,9,-2,-12,35,-21,-20,52,-2,29
68.0000,-17,5,31,-14,-45,78,37,11,-28,21,35,-4,-24,57,16,3,-28,15,32,-5,-37,72,28,24,-16,17,34,0,-31,53,4,-5,-35,10,29,4,-34,63,21,15,8,21,35,1,-38,71,16,2,-4,8,27,49,-43,65,21,8,0,-14,32,-20,-21,49,6,29
68.0200,-19,10,24,-6,-43,76,32,8,-22,17,40,-9,-31,64,14,1,-31,11,30,-5,-41,75,33,15,-20,22,31,2,-29,58,1,-1,-38,14,32,-2,-26,64,24,15,12,20,39,1,-39,73,19,-7,-9,12,28,47,-39,67,27,14,-6,-11,33,-22,-23,55,5,20
68.0400,-22,5,28,-9,-46,80,35,10,-25,17,37,-11,-33,61,19,1,-30,13,34,-6,-42,81,35,20,-27,23,34,-4,-36,54,4,6,-35,5,36,-4,-36,67,24,11,11,21,36,-1,-43,78,17,-4,-17,14,35,41,-38,65,24,8,-3,-7,38,-20,-29,52,14,21
68.0600,-22,11,27,-9,-43,75,35,7,-25,14,36,-8,-29,59,16,3,-33,13,29,-7,-48,81,33,22,-26,19,38,-5,-33,56,4,2,-39,8,34,-6,-34,61,22,13,7,24,34,-6,-38,78,19,0,-14,14,27,46,-36,64,25,5,-9,-6,25,-16,-31,59,14,12
68.0800,-29,10,29,-9,-47,82,30,11,-25,23,31,-6,-30,64,17,0,-26,12,33,-14,-44,75,37,21,-29,17,33,-10,-32,57,8,-3,-36,9,34,-10,-36,69,23,17,4,25,34,-2,-40,76,22,-6,-14,8,33,42,-34,69,26,7,-12,-4,31,-20,-35,58,22,14
68.1000,-28,7,26,-10,-44,74,34,9,-24,21,35,-16,-38,64,18,0,-26,12,38,-13,-43,80,33,18,-30,19,34,-9,-40,60,5,-1,-33,15,38,-12,-40,75,28,8,2,30,35,-3,-44,78,22,-9,-16,15,35,45,-40,63,29,4,-13,-1,37,-17,-42,69,21,7
68.1200,-20,6,33,-10,-44,82,32,9,-19,15,36,-22,-40,68,19,0,-29,15,38,-11,-52,77,41,20,-26,19,34,-5,-37,58,6,1,-44,11,30,-13,-37,70,22,14,0,31,34,-6,-42,72,17,-11,-20,8,34,47,-41,72,22,4,-9,-2,28,-17,-42,71,24,4
68.1400,-24,8,32,-9,-48,78,33,7,-21,15,27,-19,-31,60,20,4,-28,11,34,-8,-42,78,36,19,-25,25,38,-12,-31,56,3,1,-40,15,35,-12,-40,74,27,16,1,33,33,-7,-41,73,18,-7,-22,13,36,36,-41,64,25,4,-19,8,29,-18,-46,71,24,5
68.1600,-17,10,29,-11,-40,74,35,7,-20,14,32,-18,-36,64,19,2,-29,8,33,-12,-43,74,38,21,-21,14,34,-16,-34,60,3,1,-36,11,37,-13,-36,72,22,8,-5,35,35,-16,-41,77,23,-9,-24,19,33,36,-39,71,27,2,-18,12,27,-14,-46,74,36,-3
68.1800,-21,13,31,-12,-38,74,33,9,-27,15,33,-20,-37,66,16,0,-23,3,30,-13,-43,69,40,18,-21,21,38,-12,-29,50,3,2,-43,13,38,-15,-37,69,30,15,-6,36,33,-8,-37,66,21,-9,-22,16,33,35,-42,70,25,1,-19,17,28,-21,-48,80,37,-8
68.2000,-22,8,31,-11,-39,73,35,11,-19,8,32,-25,-29,59,17,5,-24,6,34,-15,-46,67,35,15,-27,14,32,-19,-30,58,4,2,-44,7,33,-20,-40,72,26,10,-2,36,33,-12,-41,69,16,-7,-27,16,36,23,-40,72,26,3,-19,19,29,-18,-52,81,39,-8
68.2200,-17,3,35,-12,-40,77,30,8,-17,14,28,-21,-30,61,14,6,-22,6,32,-12,-39,66,33,26,-30,15,37,-23,-29,55,5,-2,-42,12,32,-22,-47,74,24,15,-2,34,36,-18,-42,66,20,0,-22,17,36,27,-41,63,20,1,-24,21,29,-17,-46,83,43,-13
68.2400,-24,5,38,-13,-38,76,29,11,-17,10,31,-22,-28,54,11,9,-25,0,30,-17,-44,65,37,23,-24,11,31,-21,-31,58,-2,3,-38,8,31,-22,-41,71,24,12,-4,34,35,-20,-38,68,20,-2,-24,18,41,23,-37,65,27,6,-21,17,24,-20,-51,76,40,-9
68.2600,-25,4,36,-13,-35,78,32,15,-22,6,34,-19,-31,54,16,5,-18,6,34,-14,-37,63,35,23,-21,14,32,-25,-31,55,-3,11,-37,5,32,-25,-41,74,26,16,-5,31,37,-16,-35,62,14,-4,-24,14,38,23,-39,63,21,5,-30,19,32,-22,-50,80,40,-3
68.2800,-20,6,36,-14,-44,76,34,12,-14,8,35,-14,-30,58,18,10,-17,5,33,-23,-36,65,31,22,-24,7,37,-22,-28,58,-3,8,-43,0,34,-25,-38,72,17,16,-7,31,45,-21,-33,64,13,2,-21,13,43,22,-35,63,20,6,-26,25,31,-18,-49,82,42,-6
68.3000,-22,-1,42,-19,-37,75,34,15,-19,2,32,-15,-29,56,21,12,-18,11,35,-15,-37,64,33,24,-20,6,28,-22,-34,57,-3,15,-34,2,37,-26,-46,70,25,20,-7,28,39,-19,-30,63,14,2,-26,8,39,15,-33,67,13,9,-35,18,32,-16,-45,78,37,-6
68.3200,-21,2,39,-17,-37,76,28,11,-11,6,31,-16,-27,55,16,6,-15,5,32,-15,-31,62,29,22,-20,10,36,-15,-36,61,-2,10,-35,2,31,-15,-40,70,26,20,-10,28,35,-23,-32,67,11,-2,-19,11,32,15,-33,68,19,4,-29,23,35,-19,-47,74,32,-5
68.3400,-18,3,40,-14,-39,76,35,13,-11,-1,32,-16,-32,62,14,9,-19,3,34,-9,-25,63,27,24,-15,7,31,-15,-28,62,-3,16,-36,2,34,-18,-39,70,24,13,-7,23,34,-26,-27,69,13,0,-22,6,31,20,-32,68,12,10,-22,16,36,-20,-47,74,33,-2
68.3600,-16,4,39,-19,-38,75,34,12,-12,5,34,-7,-28,57,17,9,-25,9,38,-11,-39,61,26,20,-16,3,30,-16,-25,59,-3,19,-33,-1,32,-14,-41,72,23,18,2,26,41,-26,-25,67,6,0,-23,3,37,15,-27,73,13,10,-24,16,43,-28,-43,70,28,0
68.3800,-18,4,35,-15,-43,78,36,15,-8,4,36,-10,-24,52,15,7,-17,11,35,-13,-35,65,32,25,-15,5,27,-17,-37,67,-2,12,-33,2,31,-14,-40,70,20,24,-2,21,32,-21,-33,67,3,5,-14,8,31,31,-25,71,15,12,-18,14,41,-26,-34,73,17,4
68.4000,-15,-3,31,-17,-45,79,30,17,-12,0,39,-10,-23,53,18,9,-23,14,35,-14,-41,67,34,27,-14,-1,25,-10,-34,65,2,20,-28,-5,33,-13,-37,69,29,16,-4,20,33,-20,-30,69,3,7,-16,6,28,23,-32,75,15,17,-21,4,40,-23,-34,63,22,5
68.4200,-16,-1,40,-16,-49,83,34,12,-15,3,37,-13,-29,57,17,2,-25,9,41,-17,-36,68,29,24,-11,1,33,-8,-40,66,1,19,-32,-4,34,-12,-35,71,26,15,2,14,32,-17,-28,74,3,11,-11,1,29,29,-33,77,10,18,-17,4,44,-27,-33,70,16,15
68.4400,-20,2,37,-11,-48,78,40,12,-13,9,35,-4,-30,56,13,6,-20,10,42,-13,-39,63,35,20,-14,5,35,-6,-43,64,6,13,-24,-6,34,-8,-40,72,27,18,2,16,30,-15,-33,79,14,6,-6,-8,29,26,-35,74,8,15,-15,3,39,-25,-36,68,11,24
68.4600,-21,3,32,-8,-45,84,37,8,-19,11,38,-8,-30,59,22,3,-23,11,40,-9,-39,67,31,19,-16,5,32,-6,-43,70,0,11,-26,-3,33,-9,-40,71,26,15,4,16,29,-6,-34,79,10,3,-10,-2,30,33,-36,80,14,18,-8,-3,46,-27,-27,67,14,19
68.4800,-18,5,31,-11,-43,77,26,9,-20,13,36,-11,-29,58,22,3,-26,16,32,-9,-39,68,31,18,-11,1,27,-1,-42,67,2,14,-28,-3,38,-6,-47,72,27,13,7,17,27,-5,-39,76,11,3,-9,-3,34,38,-44,84,19,18,-10,-7,40,-30,-29,68,13,19
68.5000,-20,6,29,-8,-40,78,38,12,-21,15,35,-9,-26,57,29,4,-25,11,31,-9,-37,63,34,11,-13,4,30,1,-48,72,3,9,-33,-3,35,-4,-41,77,28,9,6,17,29,-4,-37,81,9,3,-4,-6,21,39,-40,78,15,25,2,-11,45,-25,-32,72,13,20
68.5200,-20,5,34,-7,-48,79,35,11,-19,18,30,-8,-27,60,22,-2,-35,25,31,-8,-43,69,33,20,-11,6,28,-2,-43,68,6,16,-27,4,30,1,-46,76,31,17,7,12,33,-2,-41,80,10,8,-11,-3,27,45,-42,80,25,20,-9,-7,38,-21,-39,75,11,24
68.5400,-20,3,27,-7,-49,76,31,18,-21,19,30,-4,-31,55,23,-2,-35,18,29,-8,-43,66,39,11,-12,5,28,-1,-50,65,14,9,-33,1,31,-5,-44,68,29,10,2,13,30,3,-37,80,10,6,-8,-8,27,39,-45,81,25,16,-4,-12,32,-26,-37,77,13,26
68.5600,-22,4,32,-8,-49,72,34,9,-19,18,31,-5,-28,54,21,-4,-34,18,26,-11,-38,71,34,18,-12,8,32,-1,-46,65,7,6,-34,7,34,-7,-46,75,30,9,6,21,22,2,-42,85,13,4,-7,-3,29,47,-45,79,24,19,2,-12,27,-16,-40,85,14,24
68.5800,-21,7,29,-10,-44,75,33,15,-29,20,23,-10,-33,57,21,-4,-32,17,26,-12,-39,64,26,15,-16,8,23,0,-45,63,10,7,-34,4,29,-8,-43,66,28,8,7,23,28,1,-43,81,13,6,0,0,31,47,-44,81,24,14,0,-9,29,-17,-40,81,21,22
68.6000,-19,4,26,-6,-38,71,32,9,-22,21,24,-10,-33,50,19,-3,-31,17,25,-7,-37,60,31,13,-11,15,29,0,-42,59,13,1,-36,11,31,-3,-34,70,29,5,5,18,26,3,-40,81,16,4,-5,-6,24,48,-40,78,25,13,-2,-7,23,-9,-39,78,15,21
68.6200,-19,4,28,-4,-38,70,33,11,-34,19,28,-5,-23,55,19,-9,-35,18,27,-8,-40,63,25,15,-16,12,31,-3,-38,56,9,2,-40,13,26,-5,-35,71,26,4,3,18,28,-1,-47,78,12,5,-10,-1,31,46,-47,80,24,16,-8,-4,20,-10,-44,75,22,20
68.6400,-24,6,27,-7,-30,66,31,13,-24,16,25,-7,-24,51,19,-2,-35,23,25,-2,-35,63,23,21,-14,18,26,-4,-42,58,12,-1,-41,12,29,-7,-44,63,26,2,0,12,27,-6,-43,81,19,8,-9,-10,24,43,-49,73,27,9,-10,-4,15,-5,-42,76,30,11
68.6600,-21,7,34,-14,-36,71,33,10,-25,22,25,-5,-17,51,12,0,-38,15,20,2,-36,67,24,24,-14,21,32,-6,-32,56,10,1,-39,20,30,-5,-33,69,24,9,0,23,38,-4,-42,79,22,6,-13,1,35,40,-47,75,27,6,-15,6,17,2,-49,76,29,5
68.6800,-25,0,33,-6,-39,70,25,15,-24,26,19,-10,-28,55,14,2,-35,6,29,-5,-34,68,26,22,-17,18,29,-4,-39,48,7,-3,-38,14,24,-7,-31,66,25,6,4,13,30,-2,-33,70,17,8,-14,0,32,44,-42,70,30,6,-14,3,12,4,-42,70,30,0
68.7000,-23,2,31,-11,-37,74,32,13,-30,22,27,-8,-22,50,11,4,-33,12,27,-1,-36,69,20,25,-13,22,29,-11,-37,51,7,2,-42,23,25,-12,-33,61,24,10,2,22,30,-10,-37,71,16,6,-11,3,34,41,-39,63,31,12,-24,11,19,7,-45,71,35,0
68.7200,-20,8,35,-16,-35,73,35,14,-28,21,27,-8,-24,58,10,2,-35,3,24,-3,-32,69,26,22,-21,18,31,-11,-36,51,7,-5,-52,24,27,-7,-36,68,23,6,-1,16,32,-17,-44,76,21,0,-11,6,32,41,-42,67,28,2,-22,16,20,9,-41,66,32,4
68.7400,-16,6,34,-8,-33,69,30,12,-25,17,28,-9,-26,51,6,6,-32,7,29,0,-33,71,23,21,-22,17,31,-16,-37,51,2,1,-49,18,27,-12,-31,64,24,7,-2,22,36,-11,-39,69,18,2,-11,1,35,27,-37,68,31,8,-33,17,21,6,-42,66,27,-5
68.7600,-21,5,30,-10,-45,73,30,16,-23,15,25,-15,-19,57,10,9,-29,3,28,-8,-28,71,24,27,-20,20,31,-11,-35,58,8,2,-46,18,25,-11,-36,58,23,3,1,21,33,-15,-39,74,23,3,-18,8,30,30,-40,68,28,5,-28,16,15,6,-38,68,31,-8
68.7800,-26,1,35,-22,-40,76,34,15,-24,13,37,-12,-25,57,10,10,-27,0,30,-5,-36,76,23,29,-22,23,30,-12,-34,48,4,0,-52,13,29,-8,-31,62,17,8,3,23,31,-15,-42,66,20,-4,-16,11,27,31,-42,66,27,1,-35,17,19,3,-39,62,33,-1
68.8000,-19,3,32,-17,-48,83,33,11,-25,12,34,-12,-24,63,15,10,-27,4,29,-4,-31,76,29,29,-18,17,31,-16,-31,55,3,1,-49,14,42,-13,-30,69,21,14,7,19,37,-13,-33,76,22,-4,-15,7,36,28,-34,68,30,2,-32,22,28,-4,-34,65,29,1
68.8200,-16,1,38,-17,-46,80,38,13,-21,13,32,-11,-26,63,7,13,-24,2,35,-7,-40,74,33,29,-19,17,34,-9,-29,50,2,6,-42,15,32,-10,-24,62,17,17,6,23,39,-18,-39,71,23,-7,-14,9,27,37,-39,67,28,7,-29,14,30,-7,-36,61,25,5
68.8400,-21,10,30,-10,-41,79,38,9,-15,12,40,-14,-20,62,12,11,-22,1,37,-2,-40,76,31,30,-21,17,32,-13,-31,54,7,0,-45,11,33,-12,-32,72,15,12,8,24,30,-12,-31,68,19,1,-16,9,29,36,-40,64,27,-1,-29,9,35,-14,-34,60,23,5
68.8600,-17,7,34,-13,-51,82,33,15,-17,5,40,-9,-26,65,13,8,-16,-4,34,-6,-40,80,30,28,-20,15,33,-11,-24,57,2,-4,-45,12,36,-11,-27,72,19,16,8,30,34,-13,-39,69,19,-4,-9,13,33,32,-35,63,28,-5,-18,5,35,-21,-30,70,22,8
68.8800,-15,8,34,-17,-49,79,37,7,-13,7,41,-15,-28,68,11,13,-16,-6,43,-6,-38,85,32,29,-19,20,37,-11,-31,58,4,2,-38,7,33,-12,-29,71,19,17,11,28,33,-13,-38,75,18,-7,-17,10,30,31,-36,63,24,2,-14,8,41,-29,-34,66,18,10
68.9000,-14,3,32,-16,-44,81,40,10,-18,7,42,-10,-31,70,18,12,-21,-4,39,-9,-45,78,41,23,-21,12,38,-10,-28,55,-7,5,-36,7,35,-15,-34,74,19,15,6,32,34,-11,-33,71,18,-9,-20,13,34,35,-37,72,28,0,-17,3,37,-35,-42,70,20,13
68.9200,-14,2,30,-17,-43,77,39,8,-10,9,45,-22,-31,67,20,9,-22,6,42,-16,-49,80,40,21,-24,13,34,-3,-31,58,3,5,-41,6,34,-11,-28,78,19,18,9,33,32,-10,-34,74,17,-7,-19,15,39,31,-35,66,25,4,-5,-3,36,-31,-33,69,21,18
68.9400,-10,7,33,-15,-40,81,37,8,-11,7,34,-9,-22,66,22,12,-22,6,41,-19,-48,81,42,24,-19,18,35,-13,-27,57,1,7,-38,7,37,-14,-36,76,21,17,4,33,29,-11,-41,70,16,-9,-13,11,30,33,-31,73,24,6,-9,3,43,-33,-37,75,23,7
68.9600,-17,4,34,-15,-44,77,35,10,-16,14,35,-10,-32,70,20,16,-20,2,39,-9,-46,77,46,20,-17,14,39,-17,-30,58,-2,9,-36,3,37,-17,-41,82,25,18,-1,36,27,-6,-39,75,14,-10,-13,13,29,37,-28,68,20,2,-6,-6,39,-34,-41,76,18,11
68.9800,-16,2,31,-14,-42,78,38,10,-11,6,35,-14,-30,71,17,14,-19,4,39,-12,-49,77,46,15,-21,13,39,-14,-30,59,0,6,-36,1,38,-16,-38,75,21,23,-5,30,33,-5,-31,69,20,-11,-19,7,34,39,-22,69,21,1,-8,-4,42,-35,-42,73,22,12
69.0000,-20,5,35,-16,-49,80,39,15,-9,3,33,-13,-32,66,19,14,-25,9,37,-17,-52,74,49,14,-21,12,40,-12,-34,69,-2,10,-39,1,37,-13,-41,83,25,15,2,32,31,-5,-33,73,12,-3,-23,12,36,37,-30,70,19,9,-4,3,48,-33,-47,77,28,6
69.0200,-24,3,32,-11,-39,78,36,10,-13,6,37,-12,-34,70,18,11,-23,7,33,-16,-47,73,44,15,-15,7,32,-7,-30,62,1,9,-35,-2,39,-15,-43,86,25,13,-2,34,33,-4,-30,73,15,-8,-17,9,31,37,-34,72,16,11,-1,-4,41,-36,-38,74,26,11
69.0400,-21,3,31,-15,-50,81,37,10,-16,4,36,-19,-38,72,24,4,-25,12,32,-13,-43,67,47,18,-21,12,39,-16,-34,67,-2,15,-35,-2,36,-15,-43,83,30,18,-5,28,32,-5,-28,77,14,5,-21,6,30,39,-26,74,14,13,-9,3,39,-32,-42,77,25,13
69.0600,-20,0,30,-12,-42,76,35,13,-16,6,34,-13,-32,65,26,7,-25,10,35,-21,-54,64,41,20,-16,9,37,-11,-38,70,3,11,-31,-4,36,-17,-49,81,27,12,-6,34,32,-8,-35,74,7,-5,-18,6,34,37,-27,71,14,13,-9,6,41,-32,-45,75,27,7
69.0800,-22,0,33,-8,-41,77,35,16,-13,7,30,-11,-31,61,21,8,-32,16,28,-20,-46,62,35,10,-16,4,31,-9,-34,65,2,15,-38,2,36,-17,-51,77,30,13,-4,33,31,0,-25,77,6,4,-20,1,33,27,-36,71,17,12,-7,0,38,-29,-39,77,28,12
69.1000,-25,3,32,-6,-40,72,28,13,-13,3,26,-6,-26,61,18,5,-29,12,36,-11,-34,60,33,20,-15,-3,32,-12,-38,70,-1,11,-36,0,31,-12,-47,81,28,17,-10,35,36,-8,-30,76,8,1,-17,3,35,34,-34,73,11,15,-8,2,31,-23,-41,76,30,7
69.1200,-23,-3,28,-14,-39,72,30,20,-11,14,28,-8,-32,55,17,2,-32,13,30,-13,-40,62,34,22,-17,6,27,-6,-35,72,-2,16,-32,6,34,-14,-51,76,26,14,-6,31,34,-10,-36,80,6,4,-18,1,33,34,-28,77,8,19,-15,13,36,-25,-45,77,26,3
69.1400,-16,5,30,-9,-40,76,31,14,-18,13,27,-13,-36,54,24,13,-34,15,33,-13,-39,55,32,22,-15,3,27,-5,-35,61,3,19,-33,5,29,-11,-46,74,26,16,-8,30,32,-12,-27,77,8,9,-18,-5,29,28,-37,77,15,15,-15,4,33,-23,-41,78,27,8
69.1600,-14,-3,30,-9,-37,74,30,18,-9,10,23,-8,-28,52,15,8,-33,14,30,-12,-29,57,34,20,-11,6,28,-8,-43,65,4,15,-35,3,28,-13,-39,71,25,17,-6,25,30,-7,-30,73,2,4,-16,-3,32,37,-35,78,13,17,-17,8,33,-21,-38,78,28,7
69.1800,-20,1,27,-7,-39,70,30,13,-9,18,18,1,-27,44,15,6,-33,13,27,-15,-27,52,26,19,-17,1,22,-10,-38,62,5,15,-31,-2,25,-2,-44,74,28,14,-6,21,35,-9,-31,84,8,6,-15,-2,31,34,-38,75,15,15,-21,9,27,-14,-43,73,21,3
69.2000,-16,-5,31,-3,-34,72,30,14,-14,10,23,-6,-23,51,17,6,-32,11,28,-12,-32,54,28,22,-8,7,25,-8,-43,61,2,18,-36,4,32,-4,-43,70,27,14,3,28,28,-11,-36,76,12,9,-18,-1,30,35,-37,83,14,18,-25,10,24,-19,-39,70,23,10
69.2200,-22,-2,27,-5,-43,77,32,18,-22,16,21,-3,-20,47,18,5,-35,18,25,-6,-26,52,26,23,-10,6,22,-3,-42,60,1,15,-30,0,27,-9,-39,72,29,14,0,25,33,-9,-34,79,8,7,-12,-3,26,39,-42,82,14,22,-19,10,26,-15,-38,73,22,14
69.2400,-17,4,29,-7,-38,79,29,15,-17,16,24,-4,-20,46,14,7,-33,17,26,-3,-23,52,25,19,-16,8,23,-2,-43,60,8,14,-36,7,31,-4,-39,62,26,17,-3,21,33,-3,-37,72,8,12,-9,-5,31,39,-37,81,21,19,-16,8,26,-10,-45,72,26,10
69.2600,-24,0,29,-2,-40,75,30,13,-21,12,25,1,-21,48,15,0,-38,12,22,-2,-36,60,23,17,-14,13,27,3,-39,57,6,13,-37,3,18,1,-33,68,28,14,1,20,27,-8,-36,75,13,8,-7,-1,24,34,-39,78,18,16,-20,8,21,-10,-36,68,23,10
69.2800,-16,2,26,-7,-39,78,33,12,-16,18,27,0,-26,49,15,-4,-31,19,22,4,-31,58,24,20,-13,12,27,-7,-41,58,3,10,-40,9,21,1,-36,67,30,16,-1,23,29,-1,-29,74,16,5,-10,-4,29,38,-50,78,30,15,-20,5,19,0,-33,74,18,14
69.3000,-26,4,23,-5,-44,75,36,7,-21,22,29,3,-27,49,12,-5,-29,14,17,-2,-32,59,27,22,-17,11,28,1,-46,58,7,5,-43,11,22,-3,-37,62,35,10,-4,22,25,-5,-32,73,15,-3,-11,-2,25,40,-42,81,28,9,-16,8,23,5,-32,71,18,11
69.3200,-21,5,29,-4,-42,77,39,11,-20,21,24,-9,-23,54,19,-3,-33,18,24,3,-33,64,25,15,-15,12,26,-1,-46,65,15,4,-39,8,19,4,-37,63,34,7,4,24,23,-2,-34,76,16,8,-9,-2,25,44,-42,76,26,12,-18,3,18,-1,-33,69,17,16
69.3400,-17,4,25,-3,-42,78,35,7,-19,17,35,-6,-27,54,21,-7,-31,13,27,1,-32,68,27,21,-14,15,33,-4,-49,59,10,1,-40,8,29,-1,-41,58,33,4,3,24,30,0,-34,75,15,-1,-13,-1,26,46,-47,77,33,11,-16,7,18,8,-32,65,15,16
69.3600,-22,13,31,-11,-49,86,40,6,-22,17,35,-7,-27,64,23,-3,-31,19,23,3,-34,75,29,18,-13,16,30,-4,-38,59,13,-1,-38,11,29,1,-39,65,34,0,1,22,27,-6,-34,77,18,-1,-11,-2,29,45,-43,79,30,12,-10,6,20,9,-39,67,25,8
69.3800,-24,4,31,-8,-44,86,41,11,-21,23,34,-8,-30,61,19,-3,-32,16,31,4,-32,73,31,15,-18,17,33,-9,-42,61,14,2,-47,14,31,0,-42,69,36,-2,2,24,33,-7,-39,78,24,1,-6,1,31,38,-44,81,31,5,-17,6,18,7,-34,68,23,5
69.4000,-22,5,31,-10,-37,89,43,5,-26,23,33,-17,-35,67,25,-5,-30,19,38,-1,-36,75,31,22,-12,18,34,-10,-42,59,19,-2,-45,16,40,-4,-45,65,33,0,-8,28,32,-9,-49,79,26,-6,-7,6,25,41,-46,78,32,4,-17,3,19,10,-36,68,29,8
69.4200,-20,1,29,-11,-43,90,43,8,-24,19,35,-17,-25,69,23,-5,-33,14,40,-12,-39,82,38,15,-13,23,34,-13,-45,63,22,-6,-45,17,38,-5,-44,67,31,-2,-5,29,31,-10,-40,85,27,0,-10,5,31,39,-53,71,37,-2,-23,6,25,4,-42,70,29,6
69.4400,-19,5,27,-10,-45,86,44,8,-24,18,35,-18,-26,72,26,0,-29,16,38,-15,-42,86,35,21,-15,17,42,-16,-44,65,22,-5,-48,19,38,-9,-36,71,31,5,1,33,34,-13,-39,78,23,-3,-10,4,32,38,-48,77,31,4,-21,9,28,2,-44,70,32,7
69.4600,-27,7,32,-21,-46,86,45,7,-27,22,43,-23,-32,79,26,-4,-34,12,42,-15,-43,90,38,19,-23,20,37,-17,-41,61,12,0,-49,18,34,-11,-43,76,31,1,6,32,37,-16,-43,80,20,-3,-17,4,35,34,-47,77,31,1,-19,11,22,-2,-40,79,33,-1
69.4800,-17,-1,35,-12,-47,77,40,17,-24,17,37,-27,-25,72,22,3,-35,12,41,-21,-43,91,35,15,-17,20,39,-18,-37,62,14,-4,-51,21,41,-14,-44,73,25,2,1,26,35,-16,-47,84,24,-3,-13,8,34,31,-42,74,32,4,-28,8,25,-3,-49,82,25,0
69.5000,-22,5,38,-15,-48,84,41,14,-20,11,41,-24,-26,72,21,3,-35,13,43,-22,-45,90,38,22,-16,24,38,-19,-46,64,16,-4,-45,15,46,-12,-41,77,30,3,1,24,38,-18,-46,75,21,-1,-13,8,43,29,-46,79,35,-2,-21,15,28,-3,-50,83,36,-2
69.5200,-14,4,30,-14,-43,82,31,15,-20,10,37,-23,-30,72,13,10,-32,6,44,-26,-43,87,34,19,-12,12,34,-20,-39,64,9,-4,-40,16,44,-15,-41,77,26,7,5,24,33,-18,-43,81,24,2,-15,5,42,28,-44,75,33,0,-31,11,33,-7,-53,81,34,-3
69.5400,-15,6,32,-16,-46,82,41,22,-20,6,38,-29,-23,69,17,9,-31,5,43,-23,-44,84,36,20,-14,13,32,-23,-36,60,12,2,-46,16,42,-19,-39,75,28,12,7,24,31,-20,-41,80,22,0,-15,10,42,21,-43,77,34,0,-31,17,33,-16,-53,86,36,-5
69.5600,-13,1,29,-15,-43,78,36,24,-19,8,34,-22,-28,65,13,14,-31,7,40,-26,-40,80,40,21,-15,17,39,-22,-31,60,8,1,-42,13,41,-21,-35,76,25,12,5,22,34,-18,-35,78,21,-1,-16,12,44,22,-43,72,36,0,-24,13,35,-17,-54,87,41,0
69.5800,-15,-6,37,-19,-42,72,30,24,-17,4,34,-23,-17,63,9,17,-31,1,36,-31,-36,81,34,28,-18,19,32,-16,-30,56,8,-1,-43,10,44,-24,-38,80,22,15,10,25,39,-21,-37,76,24,3,-16,7,38,23,-45,76,31,0,-30,18,42,-24,-52,92,40,-2
69.6000,-15,-10,36,-18,-35,65,30,28,-19,12,32,-19,-26,62,9,14,-23,1,32,-22,-39,76,29,37,-12,16,30,-9,-28,54,4,5,-44,8,35,-21,-37,76,18,17,8,25,36,-14,-42,75,25,2,-10,7,36,30,-37,72,32,5,-28,17,39,-27,-51,90,38,3
69.6200,-14,-10,36,-17,-40,69,25,25,-12,2,21,-17,-17,63,0,24,-21,-2,32,-18,-32,70,33,32,-17,15,30,-10,-27,58,1,13,-35,11,30,-19,-30,74,18,20,11,24,27,-10,-39,80,19,0,-11,8,32,30,-34,76,29,7,-21,6,42,-30,-49,86,38,3
69.6400,-12,-8,32,-18,-37,72,27,23,-10,-4,25,-5,-13,58,4,25,-23,-2,25,-20,-37,70,33,38,-11,10,24,-5,-17,51,-2,15,-41,12,35,-13,-35,70,12,21,16,22,30,-13,-38,75,23,3,-14,5,30,28,-27,70,28,3,-13,3,44,-29,-41,84,30,9
69.6600,-3,-7,36,-12,-33,75,24,21,-12,1,24,2,-16,51,-2,21,-21,2,25,-8,-32,58,29,35,-13,14,29,-1,-18,51,-3,10,-43,6,34,-9,-34,75,14,21,12,22,27,-9,-35,69,14,0,-15,9,30,31,-36,72,19,13,-9,0,38,-26,-38,79,27,12
69.6800,-14,-4,37,-17,-34,62,29,20,-10,-1,21,8,-20,52,4,21,-24,0,20,-6,-34,56,28,35,-14,19,21,-2,-26,49,0,1,-40,1,27,-8,-32,70,17,17,17,25,21,-7,-24,64,16,5,-11,8,29,37,-32,67,24,7,-8,-4,44,-35,-36,75,23,16
69.7000,-23,-8,27,-17,-33,74,31,17,-15,2,18,3,-20,61,5,20,-20,0,21,5,-29,53,28,31,-13,12,22,-4,-20,50,-2,8,-33,-4,26,-10,-27,69,15,26,11,25,27,-7,-31,67,18,0,-9,10,21,38,-32,67,17,9,1,-12,41,-36,-30,73,23,18
69.7200,-17,-3,31,-17,-38,70,38,22,-10,1,23,9,-18,57,7,12,-24,6,22,5,-34,57,31,32,-18,13,24,5,-26,49,-8,12,-37,-6,25,0,-32,67,5,25,10,34,20,0,-27,67,18,-3,-14,10,22,35,-25,65,15,10,3,-12,43,-33,-26,67,13,29
69.7400,-15,2,29,-14,-39,71,34,13,-13,3,26,8,-21,56,8,14,-26,2,26,7,-26,59,31,26,-18,19,20,6,-22,54,-5,16,-32,-3,24,4,-29,66,13,20,6,32,22,6,-22,63,13,2,-13,11,18,43,-24,72,11,13,6,-15,41,-37,-27,54,16,27
69.7600,-21,-1,33,-7,-36,77,36,14,-14,6,31,5,-27,60,12,11,-28,10,23,9,-33,55,31,29,-17,12,23,3,-23,59,-2,14,-37,-3,27,0,-33,71,18,24,4,32,17,7,-19,64,10,1,-18,1,20,44,-22,58,14,14,8,-19,41,-42,-22,51,13,32
69.7800,-15,-3,30,-6,-42,75,38,12,-20,6,23,5,-28,58,13,8,-23,9,22,12,-38,62,36,13,-14,8,26,3,-32,57,-8,9,-38,-1,21,6,-28,65,14,21,-1,34,22,5,-21,62,9,-7,-18,4,18,51,-27,68,13,9,9,-14,45,-33,-20,54,0,26
69.8000,-22,2,32,-11,-38,81,37,8,-17,11,27,1,-32,63,21,2,-32,11,22,11,-38,60,35,16,-21,11,30,3,-27,64,-2,8,-36,-4,28,9,-34,69,15,24,-5,38,27,7,-24,61,9,-5,-18,1,28,49,-23,65,7,15,8,-18,34,-31,-12,44,-4,36
69.8200,-23,6,29,-4,-46,83,32,10,-17,10,29,1,-35,67,21,4,-27,11,30,14,-44,59,38,15,-22,9,31,3,-36,62,1,10,-37,0,27,-2,-35,70,22,16,0,44,26,2,-26,69,9,-1,-20,7,25,52,-21,66,6,19,8,-22,31,-33,-11,39,-3,34
69.8400,-24,5,32,-9,-44,85,41,10,-17,14,30,-2,-32,67,19,2,-31,10,25,8,-43,67,43,16,-25,9,33,-1,-34,65,6,10,-36,0,25,6,-37,70,21,15,-6,37,33,6,-26,66,11,-6,-19,7,22,54,-22,73,10,16,9,-19,28,-26,-18,48,6,27
69.8600,-24,6,31,-9,-49,84,43,8,-23,8,36,-4,-38,71,30,-1,-35,14,30,6,-34,71,43,11,-22,7,37,0,-38,65,10,9,-40,5,35,4,-37,76,29,14,-15,37,34,-3,-30,72,8,-5,-20,4,26,47,-34,74,9,13,-9,-10,41,-29,-24,52,9,20
69.8800,-29,6,33,-10,-44,87,43,4,-16,18,36,-11,-49,71,28,0,-33,19,36,-1,-44,71,44,12,-14,14,41,-7,-41,70,10,12,-38,1,32,-3,-40,76,32,8,-11,38,38,-4,-34,78,16,-3,-22,-1,33,51,-31,76,16,14,-7,-11,31,-24,-24,59,7,17
69.9000,-25,3,36,-4,-47,90,47,6,-20,10,36,-16,-43,73,30,-3,-30,15,41,-3,-41,75,48,7,-19,12,38,-15,-53,72,6,6,-42,8,34,-6,-44,74,27,10,-14,37,45,-3,-26,74,10,1,-28,5,33,44,-33,82,19,8,-6,-1,19,-14,-20,60,17,8
69.9200,-30,9,28,-7,-49,89,41,5,-17,17,36,-20,-42,71,30,-5,-31,16,45,-10,-48,79,45,10,-14,12,37,-19,-49,75,16,8,-42,6,38,-11,-48,80,36,9,-15,32,37,-10,-31,77,12,-1,-21,2,36,41,-38,83,21,12,-12,4,30,-20,-26,64,18,6
69.9400,-28,8,28,-7,-49,88,40,6,-22,12,37,-22,-34,67,32,-6,-32,14,42,-17,-40,73,47,5,-19,7,39,-18,-44,74,11,7,-48,12,45,-16,-48,80,36,11,-14,40,35,-16,-35,75,16,-3,-17,5,39,36,-42,84,17,7,-27,8,27,-10,-40,74,24,-1
69.9600,-24,8,28,-11,-44,84,40,7,-15,19,44,-25,-43,73,30,-12,-31,23,43,-19,-45,76,41,9,-9,11,39,-23,-48,69,14,0,-37,9,40,-15,-58,83,38,7,-17,35,41,-16,-35,80,18,-1,-20,5,42,33,-46,90,26,13,-29,17,26,-12,-48,80,36,-3
69.9800,-20,4,24,-11,-44,85,43,13,-12,12,38,-28,-33,70,24,-5,-31,19,45,-26,-43,73,43,18,-12,4,45,-26,-52,62,16,7,-45,13,36,-17,-52,80,42,2,-9,35,41,-14,-35,82,18,0,-19,-1,42,32,-45,88,29,11,-32,22,29,-11,-53,91,41,-16
70.0000,-19,11,31,-8,-44,87,42,13,-12,18,44,-31,-32,65,28,-2,-34,15,39,-23,-38,74,44,14,-15,8,39,-26,-47,75,16,6,-43,14,40,-19,-57,81,38,1,-6,31,45,-18,-41,84,23,-2,-13,0,43,26,-40,91,26,14,-33,23,26,-9,-52,94,46,-16
70.0200,-15,3,32,-13,-43,89,42,18,-17,22,40,-25,-26,67,23,0,-34,15,39,-27,-34,80,36,17,-10,5,42,-24,-54,70,20,4,-39,13,40,-23,-50,78,47,3,-5,32,36,-24,-47,78,21,1,-10,1,42,20,-50,92,32,7,-29,26,22,-7,-53,96,49,-14
70.0400,-27,-3,32,-15,-40,83,40,16,-17,10,35,-24,-21,59,20,6,-29,15,39,-30,-31,70,36,14,-5,2,32,-25,-50,65,17,2,-42,13,36,-23,-50,83,41,7,-10,31,36,-27,-43,78,21,3,-12,-1,42,24,-55,95,32,7,-35,29,29,-5,-57,101,53,-15
70.0600,-20,4,33,-13,-39,83,40,16,-15,10,36,-20,-25,62,19,4,-24,12,37,-23,-27,72,36,23,-13,9,35,-30,-46,64,13,5,-42,11,37,-24,-54,76,37,4,-4,34,38,-26,-47,80,18,3,-9,-3,38,15,-50,89,33,8,-39,30,28,-9,-69,108,47,-15
70.0800,-16,1,37,-16,-37,80,41,15,-13,11,35,-19,-20,57,17,12,-34,11,36,-26,-30,70,23,26,-7,5,33,-26,-41,63,14,7,-42,11,32,-23,-44,73,32,1,-7,30,36,-26,-40,80,15,5,-8,-1,40,14,-48,87,28,11,-38,32,29,-10,-60,102,53,-17
70.1000,-10,-1,33,-11,-39,79,37,16,-9,9,33,-23,-15,55,17,10,-33,10,30,-23,-30,69,28,25,-10,8,32,-24,-42,64,12,7,-46,16,35,-22,-41,74,34,6,5,23,34,-20,-38,78,16,8,-13,-2,43,15,-52,84,33,7,-35,32,36,-6,-61,107,51,-19
70.1200,-17,-1,33,-9,-41,74,39,18,-14,7,28,-13,-15,56,9,14,-27,6,33,-22,-27,69,26,28,-5,5,27,-20,-40,55,11,4,-41,7,34,-20,-39,73,24,7,5,27,33,-25,-41,84,15,8,-12,-2,38,16,-43,77,33,5,-33,28,31,-11,-52,105,51,-8
70.1400,-12,-8,34,-8,-39,76,38,22,-15,8,35,-12,-5,47,6,15,-27,5,41,-18,-23,59,27,31,-10,6,31,-14,-39,56,12,8,-44,13,36,-15,-37,67,31,9,8,25,30,-24,-35,81,15,8,-14,-2,36,22,-46,79,33,6,-29,25,33,-14,-56,97,47,-6
70.1600,-18,-5,35,-17,-44,78,34,27,-17,7,29,-7,-10,51,8,14,-32,4,33,-12,-24,61,27,30,-7,7,23,-17,-31,58,10,4,-51,5,33,-11,-34,66,22,9,7,24,30,-21,-33,77,14,6,-9,-1,35,26,-38,79,32,9,-30,17,32,-13,-50,94,39,0
70.1800,-13,0,34,-16,-43,81,34,18,-17,10,38,-3,-6,53,5,8,-31,7,27,-17,-24,61,27,29,-9,2,28,-10,-33,54,10,12,-41,9,31,-12,-28,62,22,3,10,19,30,-17,-31,72,15,11,-12,-7,27,24,-36,75,31,8,-28,13,38,-22,-50,84,36,-1
70.2000,-15,-10,35,-18,-36,83,31,19,-12,9,27,-5,-14,62,5,14,-38,9,33,-8,-30,69,24,34,-6,2,27,-7,-38,54,8,11,-41,10,26,-2,-33,64,21,10,12,19,36,-19,-32,78,14,5,-9,1,28,21,-36,71,31,9,-27,11,40,-16,-42,88,30,8
70.2200,-19,-4,36,-18,-47,80,45,17,-21,12,32,-12,-15,56,5,12,-27,6,33,-6,-20,62,33,31,-9,9,31,1,-40,62,17,12,-38,5,35,-10,-25,60,16,13,8,21,30,-12,-32,79,14,9,-9,-2,30,26,-42,69,28,13,-21,11,35,-20,-36,71,28,12
70.2400,-14,-3,32,-16,-45,83,38,18,-20,9,33,-5,-17,62,10,17,-27,5,29,-5,-19,67,26,33,1,6,25,6,-23,53,4,10,-40,2,27,-3,-20,67,18,15,9,23,29,-5,-33,78,17,9,-3,-4,25,26,-35,74,31,8,-15,6,38,-12,-27,72,23,19
70.2600,-21,1,32,-12,-42,77,46,15,-13,9,34,0,-16,59,7,10,-28,1,25,0,-23,68,27,26,-3,0,22,12,-28,53,6,13,-38,0,30,-5,-23,65,13,16,12,19,29,-1,-34,76,17,10,-3,0,28,33,-42,69,30,7,-15,-7,40,-21,-25,65,18,20
70.2800,-19,2,29,-8,-43,78,42,18,-18,10,30,1,-24,65,12,16,-33,8,27,0,-31,72,32,25,-8,10,23,10,-36,54,12,5,-48,3,28,4,-28,70,15,15,20,22,28,2,-32,75,17,12,-5,-4,21,40,-42,72,26,16,-10,-10,37,-15,-29,68,14,35
70.3000,-15,-4,24,-13,-39,83,38,18,-20,7,28,0,-27,64,15,14,-36,-2,28,-9,-34,72,32,29,-3,13,26,8,-30,56,9,9,-40,4,33,3,-28,73,16,16,12,25,24,1,-37,82,13,6,-7,-6,30,44,-42,74,33,10,-2,-13,40,-18,-25,63,10,28
70.3200,-16,3,29,-8,-46,85,39,9,-23,12,26,0,-30,74,17,9,-31,12,33,-1,-40,68,34,24,-6,12,27,11,-31,61,-1,7,-43,9,35,-3,-33,70,15,16,18,19,17,6,-30,74,22,1,-5,-1,25,51,-37,78,27,5,-4,-16,38,-16,-27,57,10,26
70.3400,-13,0,29,-11,-42,84,48,13,-22,15,29,-5,-27,72,15,5,-35,9,35,1,-43,81,41,17,-7,13,24,6,-29,60,8,1,-43,8,30,6,-26,76,12,16,14,26,24,8,-36,79,24,0,-9,-6,19,53,-40,76,26,7,-4,-18,36,-10,-33,66,14,24
70.3600,-19,1,33,-4,-46,81,44,13,-25,13,24,0,-32,68,20,5,-33,6,31,-4,-41,77,45,19,-10,18,31,7,-35,64,8,4,-47,9,28,2,-32,75,16,14,14,26,20,9,-37,75,26,-1,-6,3,21,56,-35,72,21,10,0,-15,31,-7,-27,62,10,28
70.3800,-21,2,29,-5,-51,81,43,10,-21,12,20,-4,-28,66,20,5,-35,12,31,4,-47,81,42,18,-12,20,28,12,-42,62,8,-4,-48,11,30,3,-35,80,22,12,7,23,24,11,-42,82,23,-5,-6,4,29,51,-36,78,27,3,3,-15,25,-10,-29,63,11,28
70.4000,-21,3,31,-5,-44,83,42,15,-28,15,29,-6,-32,70,30,8,-35,9,30,7,-46,80,42,18,-14,15,28,5,-40,61,8,-3,-48,9,24,3,-39,80,20,14,7,33,28,11,-36,84,25,-9,-6,6,30,60,-43,81,30,4,-1,-12,30,-7,-33,70,15,27
70.4200,-25,7,20,-3,-49,78,39,13,-26,12,27,-6,-38,74,32,7,-38,7,24,0,-42,85,45,15,-21,23,29,-2,-38,67,12,0,-50,10,29,4,-44,79,28,11,3,39,22,13,-37,76,25,-9,-7,8,19,55,-35,81,29,3,4,-13,28,-13,-35,70,18,16
70.4400,-26,9,30,-1,-41,79,41,9,-26,18,25,-8,-35,73,24,-4,-30,13,23,-2,-35,79,49,12,-18,23,33,-1,-38,65,4,-2,-52,12,31,6,-42,79,24,6,1,37,30,10,-45,79,23,-8,-10,17,29,52,-35,75,28,-1,-1,-12,15,-4,-30,70,19,12
70.4600,-20,13,28,-5,-41,78,38,16,-27,14,24,-7,-37,69,29,3,-34,18,25,-1,-42,80,39,15,-23,29,31,-9,-41,63,13,-5,-55,15,31,0,-48,80,30,5,-4,38,27,11,-37,77,25,-5,-21,14,26,47,-40,87,33,-2,1,-8,18,-4,-43,76,21,13
70.4800,-24,2,25,0,-42,80,37,11,-20,14,27,-4,-39,74,29,-1,-36,10,20,2,-31,74,42,16,-30,25,26,-7,-38,63,6,-3,-53,19,32,-3,-46,80,33,11,-1,42,26,3,-34,76,28,-11,-22,9,31,47,-38,79,28,-1,-7,7,8,-1,-40,77,36,6
70.5000,-24,8,33,-2,-36,80,44,13,-23,14,25,-8,-31,64,27,2,-34,13,25,5,-41,72,35,14,-28,28,30,-8,-38,61,12,1,-53,18,29,-4,-48,79,30,1,-9,46,23,1,-37,71,24,-12,-20,19,35,45,-35,79,30,1,-16,11,10,7,-48,81,35,-4
70.5200,-20,5,33,-7,-40,80,42,16,-21,16,27,-12,-36,69,27,0,-32,14,27,-2,-35,75,41,17,-31,26,34,-15,-33,61,9,0,-50,15,27,-10,-47,76,30,7,-5,53,38,-1,-34,77,23,-14,-28,21,33,44,-41,81,33,-1,-22,11,13,6,-46,77,39,-5
70.5400,-24,2,30,-7,-38,81,37,16,-18,11,29,-10,-24,64,20,6,-32,12,21,-2,-33,71,38,17,-33,21,38,-20,-32,60,7,0,-58,10,26,-14,-46,74,33,5,-18,50,31,-6,-34,73,24,-18,-26,18,37,29,-39,75,27,-5,-24,16,15,10,-45,76,41,-11
70.5600,-26,-1,34,-9,-46,84,34,10,-11,6,35,-13,-30,65,21,9,-28,12,25,-1,-25,70,33,20,-27,18,33,-19,-37,56,7,2,-55,8,31,-13,-45,76,28,9,-10,50,30,-9,-30,70,19,-9,-27,22,39,25,-45,74,28,1,-32,23,18,7,-44,83,39,-10
70.5800,-19,0,31,-12,-36,75,35,18,-18,5,33,-13,-28,64,21,9,-30,9,27,0,-33,69,34,22,-26,18,32,-14,-35,61,8,6,-50,8,27,-16,-36,72,26,5,-14,48,41,-22,-33,71,11,-12,-34,15,38,26,-38,77,25,-1,-30,24,15,7,-44,74,41,-13
70.6000,-25,-2,42,-16,-44,88,37,24,-16,4,34,-15,-30,70,23,7,-33,7,36,-1,-39,76,37,22,-21,14,34,-15,-38,59,8,11,-52,3,31,-12,-36,68,26,6,-9,52,44,-22,-28,67,20,-3,-32,10,38,24,-38,79,24,3,-35,28,21,5,-41,78,40,-18
70.6200,-19,-4,33,-17,-44,89,41,18,-12,-1,39,-20,-32,67,22,12,-30,4,38,-3,-37,67,35,24,-17,13,35,-18,-33,61,7,11,-48,3,33,-14,-35,73,25,11,-11,43,44,-22,-29,71,17,-4,-32,8,43,20,-36,73,21,11,-44,32,27,2,-45,75,44,-15
70.6400,-19,-1,39,-19,-43,85,37,24,-2,2,35,-11,-23,70,12,8,-27,2,40,-5,-30,74,32,26,-16,5,34,-19,-34,61,10,8,-46,11,32,-12,-39,70,28,10,-5,45,41,-20,-28,65,12,-5,-28,19,38,18,-35,75,23,9,-39,30,22,-1,-41,76,35,-12
70.6600,-16,6,39,-19,-45,88,41,22,-5,1,41,-12,-23,67,13,14,-22,6,36,-14,-29,68,35,25,-16,5,32,-18,-37,56,3,17,-45,5,35,-14,-32,69,22,14,-9,40,43,-22,-24,71,9,0,-30,7,42,14,-34,75,22,15,-39,19,31,-9,-40,68,28,-6
70.6800,-19,-3,42,-22,-40,89,41,19,-5,-3,39,-10,-24,70,13,13,-21,-3,43,-11,-31,71,35,28,-6,-3,32,-8,-35,56,8,13,-38,-1,33,-9,-34,69,21,14,-5,37,36,-25,-25,65,9,-1,-18,5,37,15,-37,78,25,13,-31,20,33,-14,-40,69,30,2
70.7000,-12,-4,39,-23,-44,87,41,14,6,-3,37,-8,-25,72,12,16,-26,3,41,-18,-26,70,35,27,-9,1,26,-15,-40,65,7,14,-30,-1,34,-12,-33,70,22,16,-2,34,32,-21,-23,71,8,6,-20,-2,33,24,-33,77,18,15,-31,13,42,-18,-35,71,26,5
70.7200,-21,-3,34,-23,-49,92,43,21,-5,1,39,-10,-31,67,16,16,-27,7,42,-18,-29,71,41,23,-6,-3,28,-11,-32,63,-1,18,-28,-1,34,-9,-26,71,21,15,-2,33,31,-15,-29,76,11,11,-11,-5,34,23,-32,80,24,15,-28,12,44,-27,-33,70,21,8
70.7400,-20,-5,37,-21,-43,86,39,17,-5,5,47,-15,-27,74,13,13,-24,0,46,-11,-29,69,35,23,1,-3,34,-6,-38,69,5,18,-35,-4,37,-8,-26,74,20,19,1,35,30,-12,-26,73,8,8,-9,-11,25,26,-36,77,21,18,-16,0,45,-36,-28,74,19,16
70.7600,-11,-7,33,-19,-46,86,44,20,-4,-6,36,-9,-25,64,18,20,-27,0,50,-15,-28,73,36,28,2,2,32,-6,-36,64,8,15,-32,-3,41,-2,-37,74,23,17,8,23,32,-7,-29,80,9,10,-10,-4,23,35,-37,79,20,29,-11,-4,47,-45,-29,73,17,20
70.7800,-12,-4,30,-19,-47,84,43,17,-5,0,33,-15,-24,65,20,12,-29,6,45,-16,-31,70,36,22,7,-3,31,1,-47,67,6,14,-33,-3,40,-5,-30,74,22,18,3,25,24,-4,-29,78,12,16,-12,-10,29,36,-40,84,23,18,0,-14,49,-47,-27,75,15,29
70.8000,-17,-1,38,-15,-50,88,46,15,-10,7,34,-10,-16,64,16,10,-27,5,43,-13,-30,70,47,23,-1,-6,25,-4,-36,67,8,21,-35,0,41,-8,-33,71,24,18,9,21,28,-3,-32,79,16,13,-9,-10,23,38,-40,81,24,19,4,-14,56,-47,-30,75,14,28
70.8200,-25,0,29,-16,-53,81,45,11,-16,8,33,-11,-26,66,17,13,-33,4,37,-14,-34,65,42,24,-9,4,28,1,-37,66,6,13,-31,-8,36,-8,-31,76,26,18,6,22,22,0,-33,82,15,15,-4,-12,21,39,-39,87,22,21,6,-16,54,-55,-29,83,15,25
70.8400,-18,2,27,-11,-47,86,45,16,-16,6,32,-10,-28,61,24,1,-34,11,32,-18,-34,71,41,21,2,0,29,-4,-43,73,6,10,-33,-3,42,-8,-36,75,21,15,9,22,25,4,-34,84,12,9,-5,-12,27,35,-38,84,20,13,8,-18,52,-52,-31,78,18,31
70.8600,-21,1,26,-12,-48,81,46,17,-15,15,32,-13,-30,61,29,-1,-34,9,33,-13,-27,66,38,16,3,4,33,-8,-39,72,10,14,-37,5,35,-9,-39,79,28,15,17,18,32,4,-34,84,19,7,-4,-13,33,46,-44,87,23,12,13,-18,50,-47,-32,84,17,26
70.8800,-19,6,30,-10,-46,85,49,13,-15,13,32,-10,-24,61,27,0,-40,13,31,-10,-29,65,39,15,-3,0,31,-4,-41,72,9,11,-43,2,35,-3,-42,74,31,13,17,24,32,5,-35,79,14,5,-1,-9,28,41,-40,79,29,11,6,-16,46,-45,-38,82,27,27
70.9000,-19,4,28,-13,-47,88,40,13,-21,16,34,-8,-26,59,28,-1,-39,13,32,-7,-26,68,38,16,-2,7,29,-4,-44,66,11,11,-43,6,36,-10,-34,69,32,11,14,26,26,5,-43,81,14,6,1,-11,27,46,-41,85,32,11,4,-18,44,-40,-41,79,22,26
70.9200,-16,0,26,-9,-41,80,38,17,-26,16,29,-10,-26,59,19,-7,-38,14,28,-7,-31,61,33,15,-7,14,27,-6,-45,67,14,10,-42,1,31,-7,-41,69,24,9,13,27,23,5,-35,77,20,7,-2,-5,31,43,-43,83,28,11,5,-10,38,-32,-43,88,26,18
70.9400,-27,2,24,-4,-44,84,40,17,-22,22,24,-10,-27,61,19,-1,-47,17,21,-10,-25,65,34,14,-7,18,31,-6,-47,61,15,-1,-45,8,27,-9,-38,68,29,4,11,25,32,-3,-39,79,21,6,-3,2,33,44,-45,86,31,12,-6,-9,32,-26,-45,81,24,13
70.9600,-25,3,27,-6,-39,86,35,20,-30,17,30,-9,-26,61,19,-5,-40,13,21,-13,-31,65,34,17,-11,10,31,-6,-45,69,11,3,-48,13,29,-4,-40,68,34,6,13,24,32,0,-38,73,19,7,0,-2,28,46,-44,83,31,8,-5,0,30,-20,-44,80,30,13
70.9800,-22,1,28,-7,-44,81,40,23,-30,21,23,-10,-20,55,20,-4,-36,13,28,-6,-23,62,25,15,-11,16,32,-8,-45,59,13,-4,-48,6,26,-6,-40,65,27,6,11,26,34,-3,-40,83,23,3,0,0,32,39,-46,82,32,7,-10,9,24,-9,-50,82,32,5
71.0000,-21,1,29,-6,-44,84,36,23,-25,18,26,-10,-20,61,21,0,-41,10,26,-10,-23,69,27,19,-17,19,30,-7,-40,62,11,2,-52,16,28,-10,-38,67,29,9,13,27,29,0,-42,77,23,2,-6,5,31,40,-42,83,30,2,-18,10,19,-10,-45,78,33,11
71.0200,-24,2,35,-6,-42,84,39,15,-20,20,19,-8,-21,58,17,-3,-47,11,20,-6,-18,69,28,21,-15,19,32,-7,-43,60,11,0,-55,13,24,-4,-42,66,32,-2,9,34,38,-10,-38,79,28,0,-14,7,33,36,-42,80,36,4,-20,19,23,4,-47,77,39,4
71.0400,-20,1,31,-9,-43,85,39,22,-21,18,23,-7,-17,63,13,-1,-37,11,28,-7,-23,69,30,24,-17,20,22,-2,-43,59,16,1,-54,18,31,-6,-39,62,29,0,4,29,35,-18,-38,81,28,-1,-10,7,30,35,-46,80,39,6,-30,16,17,2,-39,80,39,-1
71.0600,-16,3,32,-2,-39,84,36,17,-18,13,19,-3,-17,65,11,8,-36,12,22,-3,-26,73,29,24,-12,17,31,-7,-41,57,8,-3,-51,16,29,-3,-31,62,25,5,9,37,35,-15,-43,77,24,-8,-10,14,27,33,-43,79,39,5,-27,20,20,7,-42,74,38,-1
71.0800,-15,5,32,-12,-46,88,41,17,-28,12,21,-8,-22,65,12,4,-30,-2,27,-5,-29,77,27,30,-11,18,28,-1,-35,54,13,-2,-53,13,25,-5,-32,68,27,4,3,38,33,-17,-40,78,29,-6,-11,8,32,38,-50,75,37,7,-32,20,19,2,-48,77,34,2
71.1000,-7,-2,32,-9,-41,89,41,18,-19,8,20,-5,-19,65,8,8,-30,-1,33,-7,-29,78,25,28,-20,19,25,-13,-38,58,10,-2,-51,18,28,2,-34,68,23,2,6,35,35,-11,-42,78,29,-4,-20,11,34,38,-49,73,39,-4,-28,23,12,4,-40,81,33,-6
71.1200,-19,5,36,-9,-39,83,44,17,-19,7,27,-8,-28,67,15,8,-28,2,32,-3,-30,80,30,25,-16,23,28,-10,-30,54,11,3,-59,14,24,-5,-27,65,20,12,5,38,30,-8,-37,77,27,0,-19,14,32,34,-49,78,32,-4,-26,18,20,10,-43,78,40,2
71.1400,-15,4,28,-8,-41,80,45,12,-22,7,27,-7,-21,71,7,10,-25,0,31,-6,-35,78,34,26,-21,22,31,-7,-27,52,11,-3,-51,14,33,3,-33,72,20,6,5,39,40,-8,-36,73,23,-1,-22,11,31,31,-40,75,43,-2,-33,13,19,6,-39,77,32,7
71.1600,-18,3,35,-8,-45,85,39,11,-17,2,31,-4,-27,76,17,12,-25,-2,25,-2,-34,80,29,37,-13,23,29,-8,-28,50,8,2,-50,11,28,5,-26,70,18,10,-6,43,31,-14,-37,69,20,-6,-18,18,28,31,-32,74,37,2,-28,14,19,5,-42,78,29,-1
71.1800,-21,9,32,-10,-42,83,41,22,-15,-3,29,-6,-35,76,12,11,-22,-1,34,0,-35,82,37,31,-17,19,26,-8,-31,50,8,-5,-55,9,28,-7,-30,78,16,13,2,47,30,-6,-34,66,23,-7,-21,15,29,34,-38,72,36,-3,-18,8,24,4,-39,78,27,1
71.2000,-22,2,33,-4,-45,80,48,17,-14,-1,31,0,-31,81,9,12,-19,-3,31,-4,-39,82,40,26,-17,22,23,-9,-26,57,5,4,-50,11,29,-7,-34,67,16,12,0,49,33,-5,-36,67,24,-8,-21,7,29,33,-38,66,31,-1,-20,10,28,-2,-39,74,27,-2
71.2200,-21,1,35,-6,-46,89,45,15,-14,-3,32,-7,-30,84,22,13,-23,3,34,-4,-41,78,46,29,-17,22,33,-8,-20,61,7,1,-50,6,33,-6,-32,73,19,14,-5,41,27,-12,-23,65,22,-3,-21,13,28,31,-41,71,33,-6,-26,12,26,5,-40,71,32,2
71.2400,-18,-2,37,-11,-43,83,45,17,-15,-1,35,-7,-32,78,14,13,-24,2,31,-5,-38,78,49,23,-21,19,29,-11,-23,61,2,3,-50,6,27,-6,-35,78,19,16,-5,49,32,-9,-24,65,20,-11,-22,14,28,36,-30,69,31,-6,-18,7,27,-5,-34,73,32,7
71.2600,-19,8,30,-16,-48,87,46,17,-6,1,36,-13,-29,79,21,15,-27,-1,37,-4,-41,81,49,24,-16,18,33,-7,-23,61,5,5,-48,2,33,-8,-36,81,20,15,-8,43,27,-8,-28,67,20,-6,-20,15,30,33,-34,70,24,-1,-20,3,35,-3,-48,77,36,6
71.2800,-17,3,31,-13,-44,87,42,17,-14,-2,33,-10,-31,78,29,15,-24,2,35,-4,-44,84,48,20,-17,16,37,-11,-27,65,0,4,-49,2,35,-9,-33,75,19,12,-5,43,33,-9,-28,66,17,-10,-22,9,30,34,-36,69,31,3,-22,8,31,-6,-37,83,32,11
71.3000,-13,4,37,-14,-42,91,48,18,-10,-1,38,-10,-36,79,27,7,-29,7,26,-9,-46,80,48,15,-14,12,29,-8,-29,72,4,4,-46,4,33,-11,-32,76,19,21,-5,45,34,-9,-27,73,19,-2,-22,8,33,32,-25,67,22,3,-16,4,32,-10,-38,74,29,9
71.3200,-16,2,38,0,-45,82,44,17,-11,0,38,-6,-34,78,22,13,-20,8,39,-5,-40,79,52,16,-13,8,37,-13,-32,68,1,10,-44,1,33,-7,-34,84,24,17,-10,40,35,-7,-27,67,13,0,-14,14,26,35,-30,75,22,3,-15,7,33,-10,-30,72,28,4
71.3400,-20,4,35,-9,-42,87,45,19,-4,5,32,-9,-32,79,26,7,-30,5,33,-7,-40,75,57,14,-13,7,31,-15,-36,67,-3,11,-45,-1,37,-5,-42,82,25,22,-2,35,32,-14,-23,76,10,-1,-12,1,31,32,-25,78,16,13,-20,4,37,-21,-36,78,32,4
71.3600,-19,0,37,-11,-43,92,45,22,-7,0,37,-12,-31,74,24,6,-28,11,40,-6,-40,77,54,20,-13,1,33,-10,-33,70,5,13,-43,-2,36,-16,-39,83,25,21,-3,42,31,-1,-23,70,7,-7,-21,6,30,33,-31,71,17,13,-17,6,28,-18,-34,80,29,7
71.3800,-18,-1,31,-9,-43,86,40,19,-10,-1,39,-4,-36,80,25,8,-28,9,40,-7,-39,68,46,17,-8,-1,35,-1,-39,72,0,15,-35,-6,38,-14,-44,81,24,20,3,36,31,-6,-28,73,10,4,-17,-3,34,29,-34,78,22,14,-14,8,38,-22,-33,72,34,3
71.4000,-18,-1,33,-11,-44,94,40,24,-9,1,30,-9,-33,76,23,9,-30,14,34,-5,-32,71,49,19,-4,0,36,-6,-37,76,2,17,-41,-3,33,-10,-45,84,28,11,1,36,35,-4,-31,74,9,1,-21,-3,30,32,-38,81,21,16,-12,5,40,-26,-35,78,27,7
71.4200,-14,-3,37,-14,-49,88,41,25,-12,2,35,-9,-34,71,26,5,-31,5,33,-9,-27,65,42,16,-8,0,26,-7,-37,71,2,16,-34,-2,41,-12,-47,87,30,24,1,31,38,-6,-29,75,9,3,-9,-6,26,30,-27,82,18,20,-16,9,37,-28,-37,81,30,8
71.4400,-14,-2,32,-5,-41,89,37,21,-11,5,36,-14,-33,70,24,3,-33,13,32,-5,-25,67,44,16,2,4,27,-3,-36,77,7,14,-33,-2,31,-10,-39,81,22,19,7,32,31,-9,-30,82,8,9,-7,-5,23,36,-30,85,12,20,-16,-1,30,-33,-36,80,27,7
71.4600,-14,-6,26,-11,-38,86,39,28,-11,6,33,-14,-24,65,23,10,-34,11,39,-15,-24,62,42,17,-2,-5,27,-8,-42,69,2,15,-33,-4,34,-8,-36,77,26,19,5,31,26,0,-29,87,6,7,-13,-4,31,34,-43,89,21,24,-14,5,35,-25,-32,81,31,12
71.4800,-14,1,29,-7,-33,81,37,23,-3,1,31,-9,-27,61,20,4,-34,9,35,-9,-23,59,38,21,4,-2,24,-1,-32,67,4,21,-35,-4,27,-7,-34,74,28,15,12,29,32,1,-24,80,3,14,-1,-6,32,37,-39,96,22,17,-10,3,34,-26,-31,83,23,13
71.5000,-14,-7,28,-13,-37,88,34,23,-13,-1,23,0,-24,63,18,5,-35,10,33,-8,-27,57,40,17,-7,-2,23,-4,-39,68,7,16,-37,-2,29,-5,-39,73,28,11,11,24,29,-6,-32,79,8,11,-6,-7,33,34,-38,93,22,22,-11,1,38,-27,-35,79,28,17
71.5200,-18,-3,27,-9,-38,84,36,24,-9,2,23,-6,-19,60,10,3,-31,6,29,-7,-14,58,31,15,3,1,14,-1,-32,66,4,14,-34,-3,28,-1,-37,70,30,14,10,32,27,2,-27,77,4,11,-7,-10,24,36,-39,81,20,23,-15,-7,32,-31,-34,79,28,13
71.5400,-19,-2,31,-6,-41,84,39,20,-16,8,15,1,-23,55,16,0,-38,14,25,-6,-20,59,30,21,0,0,19,-1,-29,61,8,17,-35,1,25,-5,-37,66,27,11,7,29,21,1,-28,78,9,9,-9,-5,31,38,-42,84,26,18,-9,-6,37,-31,-33,75,20,13
71.5600,-17,3,37,-13,-38,81,37,24,-17,3,22,6,-19,53,14,1,-30,10,26,-5,-16,56,25,25,2,-3,26,-2,-31,63,4,14,-42,0,18,1,-37,66,22,13,10,24,24,1,-37,72,7,13,-6,-7,19,40,-37,84,27,20,-8,-6,32,-25,-31,75,23,17
71.5800,-19,0,30,-6,-42,86,39,15,-16,8,28,3,-20,59,16,2,-29,5,23,1,-20,60,33,16,-2,4,21,9,-37,55,9,3,-43,4,25,3,-34,66,24,11,16,30,25,-2,-38,73,13,10,-2,-10,21,43,-42,81,29,17,-2,-8,35,-18,-24,75,19,20
71.6000,-20,0,34,-2,-34,83,35,21,-15,10,25,3,-20,55,16,7,-36,8,21,4,-15,62,30,18,-5,4,24,2,-42,60,12,8,-43,8,24,6,-30,63,24,7,9,31,30,1,-37,79,16,6,-9,-4,21,45,-43,83,21,18,0,-6,27,-11,-23,74,20,19
71.6200,-22,0,28,-7,-43,90,38,21,-18,15,25,-2,-14,55,12,2,-39,12,25,3,-21,67,33,21,-11,13,30,-1,-43,61,17,5,-37,8,24,4,-35,55,23,8,9,34,27,1,-35,74,14,5,2,-5,23,47,-39,82,25,16,-10,-3,25,-12,-24,70,17,22
71.6400,-19,-2,29,-5,-35,86,39,15,-22,12,25,-5,-27,62,16,1,-34,7,26,7,-18,68,27,23,-4,9,29,1,-40,56,19,6,-47,9,26,3,-34,58,22,0,3,31,27,1,-39,74,23,2,-5,-8,19,45,-43,83,33,14,-6,-2,25,-13,-30,73,16,15
71.6600,-21,-4,27,-4,-42,82,43,13,-21,15,30,-2,-27,63,20,-5,-37,10,20,8,-25,73,34,23,-7,19,31,-4,-34,59,10,4,-49,18,25,4,-28,65,22,4,0,37,27,-8,-37,72,12,7,-8,-10,21,47,-41,79,36,7,-6,0,30,-5,-33,67,20,21
71.6800,-25,4,30,-2,-41,83,39,16,-19,11,27,-7,-19,69,23,-4,-37,14,21,7,-16,74,33,23,-8,15,38,0,-40,62,14,-2,-45,11,20,5,-35,58,25,2,0,31,33,-3,-36,72,20,3,-9,-6,29,39,-48,76,34,8,-8,1,27,-2,-24,64,16,9
71.7000,-20,1,29,-4,-50,85,46,12,-25,14,30,-6,-27,62,18,-2,-38,9,19,1,-28,79,32,19,-11,13,38,-3,-36,56,15,-3,-52,16,28,2,-28,59,21,2,1,38,35,-6,-39,74,24,4,-7,-2,31,45,-40,83,39,5,-12,4,20,-3,-27,66,25,13
71.7200,-21,4,23,-3,-47,82,47,12,-22,13,32,-14,-28,69,21,-2,-30,11,30,0,-29,80,40,15,-9,11,28,-1,-40,53,10,-4,-52,14,28,-3,-31,66,22,3,-5,38,31,-3,-41,71,28,-5,-13,3,29,37,-48,78,37,3,-12,-1,21,0,-32,67,23,10
71.7400,-24,4,25,-7,-48,91,43,15,-18,13,36,-6,-31,72,26,-7,-35,7,30,-3,-32,80,40,17,-12,17,34,-4,-30,57,17,-2,-54,16,32,-1,-36,74,29,-2,-7,40,38,-7,-47,79,27,-5,-12,8,28,41,-48,76,44,-4,-15,4,22,-7,-42,71,30,12
71.7600,-21,0,29,-4,-46,94,46,21,-17,9,39,-15,-32,80,26,0,-33,12,29,-4,-39,82,44,24,-17,24,34,-8,-35,63,16,-5,-59,20,28,-2,-29,67,25,0,0,40,37,-9,-42,77,26,-5,-10,5,31,38,-43,75,38,4,-21,8,24,3,-44,75,33,5
71.7800,-19,7,32,-7,-37,93,47,16,-22,8,38,-14,-25,80,25,3,-38,4,30,-11,-38,84,40,16,-13,23,35,-7,-32,64,18,-1,-50,13,30,-5,-33,73,28,1,4,38,34,-12,-36,76,28,-3,-14,11,33,41,-44,77,39,-7,-18,15,22,2,-45,74,27,5
71.8000,-18,8,31,-8,-48,93,46,20,-19,6,37,-16,-23,79,18,6,-39,6,39,-5,-41,91,44,22,-14,17,38,-12,-36,61,11,-3,-53,14,41,-6,-35,72,29,3,-1,38,42,-15,-39,72,26,-7,-20,12,29,34,-41,79,38,-1,-28,14,29,4,-48,85,34,-1
71.8200,-19,2,29,-8,-51,91,46,18,-20,4,30,-21,-24,79,20,11,-32,10,36,-15,-39,85,43,24,-20,18,40,-12,-34,64,15,-1,-57,17,39,-9,-34,75,27,10,9,44,39,-9,-40,72,26,-12,-18,9,32,37,-43,82,37,-2,-30,13,26,10,-53,85,45,-2
71.8400,-15,3,33,-4,-51,89,50,16,-21,10,36,-20,-26,76,23,10,-36,5,41,-15,-41,82,48,19,-16,18,34,-18,-35,64,10,-2,-53,11,41,-13,-34,78,27,8,3,40,37,-16,-39,77,32,-10,-24,14,38,34,-40,78,45,12,-27,16,27,3,-47,93,42,-4
71.8600,-22,0,33,-13,-48,89,51,24,-15,5,43,-16,-27,82,16,13,-30,3,43,-21,-44,84,48,25,-19,20,35,-10,-33,63,12,-1,-61,14,41,-17,-45,80,27,6,5,39,33,-15,-40,83,27,-8,-17,14,38,34,-40,77,35,1,-33,18,24,-2,-53,99,41,-6
71.8800,-18,2,26,-8,-40,90,45,17,-12,-1,39,-19,-28,77,20,13,-28,8,36,-24,-37,76,49,23,-16,11,30,-17,-33,64,9,5,-60,13,41,-12,-36,84,28,8,6,45,33,-14,-43,79,26,-2,-18,17,35,32,-41,80,39,5,-29,17,27,3,-52,99,44,-3
71.9000,-16,4,27,-7,-43,93,38,21,-13,-5,38,-15,-26,74,16,24,-26,3,38,-19,-37,79,46,24,-14,11,28,-14,-23,65,3,6,-52,4,46,-14,-31,81,21,12,5,40,41,-12,-45,78,25,-11,-15,15,29,28,-41,77,35,3,-34,19,22,1,-53,98,49,0
71.9200,-11,-2,26,-8,-41,89,43,21,-14,-3,33,-16,-29,70,19,18,-28,2,36,-13,-33,73,46,30,-18,14,36,-12,-27,63,1,9,-51,1,35,-15,-37,86,27,22,10,41,39,-12,-36,77,23,-5,-23,12,31,32,-36,80,35,-1,-20,14,28,0,-55,99,45,-2
71.9400,-15,3,32,-15,-46,91,38,25,-16,-2,30,-12,-24,72,19,19,-27,2,36,-23,-27,75,44,24,-14,16,24,-11,-20,60,5,6,-52,3,36,-10,-29,82,24,15,9,45,33,-13,-37,74,21,-9,-15,15,34,24,-38,75,33,2,-27,13,34,-3,-54,99,42,-2
71.9600,-16,0,32,-13,-47,88,45,24,-14,-7,26,-5,-26,68,15,17,-28,3,31,-8,-27,70,43,19,-16,10,23,-10,-17,63,-5,10,-53,2,33,-10,-37,79,20,19,6,44,29,-7,-38,76,22,-1,-14,13,34,30,-34,79,35,5,-20,11,34,-6,-50,97,46,-4
71.9800,-15,-5,26,-6,-43,86,35,21,-13,-2,29,-8,-26,61,15,18,-25,3,30,-10,-30,70,44,23,-14,12,26,-6,-24,67,-7,13,-52,5,36,-12,-28,76,21,21,10,38,26,-7,-33,74,16,0,-18,9,23,35,-33,79,23,8,-25,12,30,-15,-55,95,38,1
72.0000,-16,-3,32,-6,-45,88,39,29,-11,-8,30,-5,-26,64,17,16,-24,0,28,-12,-23,64,41,28,-8,8,28,-9,-25,59,-5,17,-46,1,33,-8,-28,74,18,20,10,40,25,-1,-32,72,16,1,-16,9,28,28,-31,75,21,9,-23,11,33,-12,-42,93,39,3
72.0200,-14,-3,30,-15,-45,88,33,23,-10,0,26,2,-27,63,17,18,-25,-1,26,-9,-27,62,37,16,-13,1,25,4,-23,63,-6,12,-46,-6,33,-6,-33,73,18,22,6,32,25,-5,-23,72,15,1,-15,8,28,35,-35,76,22,11,-15,5,36,-12,-41,83,32,1
72.0400,-22,-5,31,-9,-37,82,40,24,-12,-3,27,-2,-33,66,20,16,-24,-2,31,0,-28,64,40,18,-15,6,27,-1,-29,69,-6,19,-42,-6,25,-7,-27,77,21,26,4,33,16,4,-23,66,12,6,-15,7,23,41,-26,73,23,14,-12,2,34,-17,-37,78,31,8
72.0600,-18,5,29,-15,-44,86,45,26,-11,0,22,5,-29,61,16,15,-23,6,29,2,-22,62,38,24,-9,7,31,2,-27,68,-7,19,-42,-2,28,2,-34,74,13,20,8,36,17,-4,-22,70,13,6,-13,11,25,37,-31,73,22,15,-7,4,38,-18,-34,75,23,12
72.0800,-19,-5,27,-5,-40,87,37,21,-11,-2,28,4,-25,64,20,8,-27,11,24,4,-16,61,38,20,-13,0,28,1,-30,66,-5,13,-45,-2,25,8,-31,73,19,23,6,39,30,-2,-26,71,13,9,-13,3,23,46,-26,76,25,19,-9,-3,45,-24,-29,73,22,17
72.1000,-15,-2,32,-6,-40,86,37,28,-13,5,20,1,-31,67,25,1,-23,8,18,8,-24,67,42,18,-13,1,22,1,-33,70,2,13,-38,0,24,-3,-24,74,20,24,10,35,21,0,-22,73,11,3,-7,0,18,40,-26,80,15,11,-9,-3,36,-25,-25,69,22,15
72.1200,-15,1,31,-9,-43,81,41,27,-15,2,27,3,-32,67,28,8,-32,6,22,6,-25,73,44,18,-10,1,26,3,-32,69,-5,15,-33,-2,24,0,-29,64,20,22,4,39,25,0,-25,71,11,9,-7,-1,16,44,-29,81,20,20,-5,-10,30,-19,-20,61,21,25
72.1400,-18,-1,32,-10,-42,84,39,31,-10,2,21,1,-29,74,22,2,-26,12,23,11,-30,69,40,10,-6,6,24,5,-33,69,4,14,-40,-3,24,6,-37,68,22,17,8,32,27,6,-21,69,11,10,-10,-3,17,47,-25,81,14,15,0,-5,30,-20,-14,56,15,21
72.1600,-15,-1,25,-10,-45,83,42,22,-14,4,29,7,-39,71,25,4,-29,15,27,8,-34,79,48,16,-3,4,28,2,-41,70,4,12,-39,-6,22,5,-35,73,25,14,1,35,26,1,-22,73,11,6,-15,-5,21,42,-33,86,19,15,-7,-16,32,-15,-14,58,15,23
72.1800,-12,3,29,-2,-45,92,40,22,-14,6,25,-1,-32,75,27,-5,-27,10,25,6,-27,77,42,6,-8,2,21,7,-44,70,10,11,-41,1,26,10,-33,73,28,15,-1,34,28,2,-30,73,10,7,-8,-6,23,45,-31,85,19,24,-3,-13,32,-15,-18,63,9,22
72.2000,-16,-1,33,-8,-41,91,41,18,-16,6,30,3,-47,75,29,-4,-36,16,32,0,-30,80,44,17,-8,6,31,3,-43,72,2,5,-33,3,29,4,-37,72,34,13,-2,33,29,1,-28,75,16,6,-14,-3,25,45,-33,92,21,18,1,-16,35,-22,-21,61,13,24
72.2200,-11,-1,30,-7,-38,87,38,17,-13,12,25,2,-35,68,31,-6,-33,7,28,-3,-27,79,45,15,-8,6,24,5,-48,74,10,4,-43,7,29,9,-40,79,31,7,8,36,29,-1,-34,79,21,3,-11,0,20,49,-42,92,27,17,-1,-14,25,-12,-24,65,14,17
72.2400,-12,-5,27,-6,-41,84,36,17,-20,7,31,-1,-37,76,31,-6,-30,12,27,0,-35,81,43,21,-7,10,29,-1,-42,72,14,5,-46,7,31,5,-44,78,31,14,6,35,34,3,-33,78,19,-2,-5,-4,20,45,-45,85,22,13,-1,-7,29,-16,-18,66,18,24
72.2600,-22,1,28,-12,-51,93,41,18,-18,12,29,-3,-33,77,33,-1,-34,6,30,1,-32,77,40,10,-6,11,25,1,-44,71,14,-2,-50,9,28,4,-38,78,33,10,-2,42,29,3,-37,80,15,5,-11,-3,23,51,-44,83,33,13,-6,-6,32,-17,-25,74,18,18
72.2800,-19,0,26,-7,-48,90,38,17,-17,13,29,-10,-39,77,37,0,-33,11,25,-2,-38,87,38,10,-12,12,32,2,-44,69,17,1,-49,10,31,0,-37,74,35,11,2,36,33,-2,-42,74,22,4,-16,-2,26,42,-45,84,37,10,-11,-6,24,-12,-34,75,21,13
72.3000,-17,3,28,-8,-44,89,42,22,-15,14,35,-10,-36,77,28,0,-32,15,22,-3,-31,81,38,19,-12,11,30,-7,-42,69,11,-3,-45,6,33,-2,-44,73,35,-2,-3,37,32,1,-45,82,20,3,-15,3,26,47,-48,82,38,7,-11,-2,31,-15,-30,71,24,13
72.3200,-17,6,28,-7,-47,84,41,21,-20,14,34,-4,-35,78,30,-4,-41,9,27,-8,-35,84,44,18,-12,14,29,-3,-42,64,12,-7,-51,15,32,1,-33,76,35,1,-2,38,31,-2,-36,85,18,0,-10,-2,20,49,-46,88,34,8,-17,2,22,-15,-36,82,25,10
72.3400,-17,4,30,-5,-43,90,39,20,-21,14,39,-14,-32,75,29,-2,-30,8,37,-8,-33,79,45,17,-12,11,30,-10,-42,64,14,-4,-48,14,29,-8,-43,73,29,2,1,39,38,-4,-43,83,25,2,-16,-6,31,40,-46,84,36,8,-15,0,28,-15,-34,83,29,5
72.3600,-22,6,27,-7,-40,93,37,20,-20,10,37,-14,-22,67,24,3,-32,10,31,-8,-34,77,44,20,-9,13,31,-7,-36,58,9,-5,-54,14,27,-4,-39,81,32,5,-1,39,31,-2,-41,84,20,2,-22,-4,30,44,-43,81,40,5,-14,11,25,-10,-43,88,31,4
72.3800,-21,4,28,-7,-48,96,46,17,-14,8,32,-14,-27,70,19,8,-29,7,39,-9,-31,80,35,25,-4,7,35,-11,-34,59,11,-7,-53,12,32,-11,-48,78,32,4,1,36,34,-2,-38,77,19,0,-14,1,22,42,-46,78,38,7,-19,10,25,-18,-41,85,35,2
72.4000,-20,3,33,-8,-45,91,40,19,-25,10,34,-12,-18,67,18,6,-31,4,32,-12,-23,74,38,19,-6,12,39,-10,-36,62,10,-5,-50,11,26,-11,-29,74,32,8,-4,38,35,-5,-39,76,21,-4,-8,-1,28,38,-43,74,36,4,-23,13,23,-12,-48,89,42,0
72.4200,-15,5,35,-12,-50,93,39,22,-17,3,39,-14,-23,61,19,10,-33,4,37,-15,-38,73,36,24,-11,11,38,-14,-29,60,11,3,-50,10,37,-6,-35,73,31,13,4,35,35,-7,-36,74,23,0,-12,3,28,33,-44,82,37,5,-24,11,22,-14,-46,89,41,-2
72.4400,-16,3,39,-13,-51,90,41,18,-14,4,33,-7,-16,64,13,18,-32,-2,35,-8,-23,69,41,29,-4,10,37,-13,-31,58,6,2,-52,11,34,-11,-30,71,20,10,8,37,29,-3,-39,71,24,3,-12,3,33,27,-40,74,32,9,-25,10,26,-14,-49,87,44,-1
72.4600,-14,4,31,-13,-45,92,45,23,-18,1,35,-15,-12,61,11,15,-31,-1,34,-11,-25,69,36,28,-3,9,36,-18,-24,57,4,1,-52,8,33,-13,-34,71,24,11,1,34,35,-6,-39,72,23,0,-11,-1,37,28,-33,75,32,4,-23,16,27,-13,-46,86,46,-5
72.4800,-16,1,35,-14,-45,98,46,23,-16,3,39,-12,-16,68,12,11,-29,-6,45,-15,-20,76,36,25,-6,4,31,-14,-25,63,-1,5,-48,3,34,-9,-31,69,24,20,8,29,34,-16,-37,71,22,3,-7,2,38,30,-31,77,35,10,-19,15,32,-19,-45,94,39,5
72.5000,-10,0,32,-10,-44,94,39,20,-18,-2,35,-12,-20,68,5,19,-27,0,34,-12,-18,68,40,26,-6,2,33,-8,-18,62,-2,8,-45,3,40,-14,-26,71,17,20,9,38,39,-16,-32,75,19,2,-8,4,37,30,-32,76,31,8,-25,17,32,-14,-47,86,37,4
72.5200,-19,-3,36,-8,-51,90,46,25,-14,-1,39,-9,-13,66,10,21,-24,-1,36,-12,-17,69,31,30,-4,5,34,-10,-19,61,-4,5,-50,1,32,-5,-21,71,14,19,14,29,35,-13,-35,71,15,9,-17,3,33,30,-31,72,33,6,-27,14,32,-21,-38,88,41,4
72.5400,-14,-2,36,-4,-39,94,44,24,-8,-6,33,-12,-13,69,9,19,-29,-8,35,-13,-15,65,32,26,-6,5,35,-11,-24,59,-9,9,-44,-2,32,-10,-19,71,14,20,17,26,35,-6,-29,69,15,9,-10,-7,37,32,-30,75,29,12,-17,5,36,-23,-42,83,33,5
72.5600,-10,-7,31,-9,-40,92,37,22,-9,-11,34,-10,-21,61,17,18,-24,1,33,-11,-23,64,32,24,1,8,32,-1,-26,62,-3,12,-44,-7,41,-10,-26,74,13,21,12,32,30,-8,-28,74,18,12,-8,-1,33,38,-25,77,32,13,-23,4,35,-21,-38,81,33,12
72.5800,-17,-3,35,-10,-40,88,37,25,-11,-2,30,-8,-18,68,14,20,-29,-4,32,-7,-22,70,34,25,-4,1,34,-1,-21,64,-1,8,-42,-5,33,-7,-22,72,18,23,17,27,35,-10,-27,73,8,10,-6,2,26,41,-33,76,27,8,-17,4,36,-24,-43,79,28,16
72.6000,-15,-2,30,-7,-44,94,38,22,-12,-2,35,-6,-22,74,14,12,-26,0,39,-5,-23,75,39,25,-2,1,32,-3,-25,63,-6,16,-46,-6,35,-6,-21,72,8,26,19,26,25,-2,-26,71,11,8,-6,1,26,42,-29,75,24,15,-14,-2,45,-18,-32,78,26,19
72.6200,-7,1,37,-10,-41,88,45,21,-10,-7,27,-1,-22,70,13,10,-23,1,33,-8,-24,76,43,24,-5,9,35,-4,-27,65,-3,14,-38,-4,35,-3,-16,69,12,23,18,28,28,-5,-23,76,14,4,-3,-3,26,45,-30,73,19,14,-14,-6,43,-21,-31,80,24,12
72.6400,-12,8,29,-10,-36,90,43,17,-16,-3,30,-10,-29,73,22,9,-29,1,35,-10,-29,77,37,23,-11,4,29,-2,-27,62,-7,15,-32,-11,33,-3,-21,72,17,29,18,26,27,-4,-23,68,11,3,-2,-1,29,38,-27,79,24,17,-14,-8,37,-20,-31,82,20,19
72.6600,-18,0,28,-12,-43,93,48,21,-13,-4,30,-10,-21,67,22,8,-26,1,35,-3,-21,74,43,15,-10,5,28,-5,-27,66,1,5,-38,-4,28,-2,-30,74,22,23,20,27,23,2,-29,78,13,3,-8,1,26,46,-32,78,28,12,-13,-7,39,-25,-29,73,22,16
72.6800,-20,1,27,-11,-41,93,37,20,-15,4,26,-4,-28,72,25,2,-29,2,27,-7,-27,80,41,19,-10,6,28,-6,-33,67,10,11,-42,-5,25,0,-35,75,21,22,17,30,24,3,-24,71,13,7,-3,-1,23,38,-34,82,20,13,-6,-8,32,-16,-27,81,22,24
72.7000,-18,6,24,-5,-45,89,41,24,-18,2,22,-4,-27,74,30,2,-37,5,32,-7,-32,85,46,14,-7,12,34,-2,-32,63,4,9,-40,4,27,-2,-35,78,16,19,11,35,26,2,-24,72,9,9,-3,-1,28,50,-35,79,16,14,-4,-12,39,-20,-32,81,27,17
72.7200,-13,4,32,-3,-41,90,42,22,-19,13,22,-6,-44,74,30,0,-38,11,31,2,-36,82,50,14,-13,9,23,-1,-41,68,3,1,-43,-3,31,-1,-33,77,25,17,14,44,25,4,-30,73,14,1,-10,-2,23,46,-37,78,21,14,-5,-12,31,-13,-35,80,24,13
72.7400,-13,6,26,-2,-44,93,39,16,-17,4,24,-1,-32,75,31,-5,-34,7,24,-1,-32,81,47,15,-13,11,27,-4,-38,67,5,11,-42,2,27,1,-31,73,26,15,10,41,27,0,-36,76,10,1,-9,5,25,47,-39,80,25,16,-10,-6,35,-17,-35,84,20,13
72.7600,-18,7,26,0,-43,90,40,14,-23,14,27,-2,-30,74,31,-9,-41,11,21,-7,-31,77,46,11,-18,20,33,-3,-46,67,9,7,-50,0,26,-3,-42,79,30,11,10,40,33,3,-36,72,18,0,-17,5,24,39,-37,75,29,14,-15,2,26,-10,-35,84,26,11
72.7800,-20,5,21,-2,-41,86,41,19,-23,11,27,-2,-35,72,32,-1,-36,14,21,0,-34,78,40,10,-20,15,31,-5,-42,74,9,6,-52,-3,22,-3,-43,81,36,14,6,42,30,-4,-38,74,19,2,-10,1,22,47,-29,81,24,14,-13,2,31,-10,-36,77,29,10
72.8000,-20,8,26,0,-45,92,44,22,-25,11,29,-7,-36,75,37,-1,-39,14,23,6,-33,83,45,14,-17,8,34,-5,-36,69,14,4,-58,8,29,0,-43,79,34,12,4,43,34,-3,-32,72,19,2,-17,3,20,40,-39,82,28,8,-14,7,30,-10,-42,84,31,8
72.8200,-20,9,27,-4,-39,92,39,18,-29,13,33,-7,-46,76,34,1,-40,8,21,6,-33,81,47,18,-20,17,34,-5,-40,71,10,2,-60,12,27,-8,-39,83,31,8,-1,42,29,-5,-41,76,27,-3,-17,3,23,35,-51,90,31,15,-19,9,23,-3,-37,80,34,1
72.8400,-21,3,22,1,-42,91,45,20,-26,14,32,-11,-48,73,37,-5,-39,15,27,-5,-31,75,42,10,-17,16,32,-13,-42,72,13,-2,-54,13,25,-8,-46,79,31,0,0,43,28,-6,-34,76,26,-1,-18,5,27,35,-47,88,33,3,-21,11,24,2,-41,83,36,-3
72.8600,-24,5,28,1,-42,96,43,23,-18,9,34,-3,-33,77,27,-3,-38,15,27,-5,-27,71,41,16,-19,12,30,-7,-39,70,15,5,-53,10,33,-2,-40,83,40,5,-3,50,36,-5,-42,77,23,-7,-19,8,27,38,-39,86,35,6,-20,18,16,3,-45,81,45,-7
72.8800,-17,2,31,1,-44,93,41,24,-17,10,27,-4,-26,71,31,-1,-30,16,18,1,-37,76,41,9,-16,13,33,-9,-42,70,14,-4,-51,11,31,-4,-46,74,28,6,-3,42,37,-10,-39,77,19,-2,-22,2,31,34,-41,82,40,5,-26,22,22,8,-45,89,44,-8
72.9000,-15,3,33,-5,-46,93,37,22,-23,9,29,-2,-34,74,30,-2,-37,7,21,-6,-30,75,43,14,-16,15,32,-10,-40,67,13,2,-45,13,27,-6,-44,77,31,9,-7,44,31,-15,-41,78,19,-6,-24,5,27,43,-45,81,33,6,-30,22,25,7,-46,80,46,-2
72.9200,-16,2,29,-11,-45,93,41,21,-26,1,35,-10,-36,78,26,0,-29,6,25,-1,-26,76,46,24,-16,18,34,-5,-35,63,15,1,-51,7,29,-8,-40,80,31,7,0,46,31,-17,-37,75,24,1,-14,5,27,37,-43,84,36,2,-30,25,23,8,-50,86,40,-6
72.9400,-23,3,27,-7,-50,98,50,19,-16,2,25,-5,-28,73,22,5,-29,7,31,-1,-29,76,40,19,-16,17,26,-7,-34,64,7,2,-54,14,31,-5,-30,79,31,13,-3,43,31,-11,-41,73,24,-5,-20,5,29,33,-42,87,42,8,-32,19,27,3,-41,86,44,-3
72.9600,-16,-5,33,-8,-50,94,47,20,-16,2,33,1,-21,68,18,6,-28,4,36,-4,-38,76,42,17,-23,10,31,-6,-30,75,12,-2,-55,7,27,-1,-31,71,34,12,3,37,35,-10,-42,75,20,-5,-21,7,25,34,-46,86,37,2,-35,20,25,7,-50,86,33,-2
72.9800,-15,3,39,0,-48,100,43,23,-15,-1,30,-2,-21,71,24,7,-31,0,31,-1,-30,75,40,22,-11,13,26,-5,-34,68,12,4,-52,3,34,4,-30,82,33,10,-2,43,29,-9,-35,73,17,5,-18,5,31,34,-38,80,37,3,-30,16,21,1,-43,86,35,2
73.0000,-22,-2,36,-7,-48,97,39,19,-17,2,32,-6,-25,72,20,14,-25,4,35,-5,-35,78,46,21,-13,10,29,0,-28,72,7,7,-50,10,39,-4,-34,79,29,14,1,35,26,-8,-37,74,20,5,-16,3,30,34,-33,77,35,7,-34,14,29,3,-42,88,34,0
73.0200,-19,-1,36,-12,-46,98,41,21,-15,-6,29,-3,-20,70,15,15,-27,-1,24,-6,-19,74,44,28,-9,9,30,2,-29,64,2,10,-53,8,38,-3,-32,75,25,15,6,36,29,-10,-32,73,15,6,-16,4,18,39,-33,82,34,9,-19,10,24,-6,-42,84,37,8
73.0400,-12,2,36,-3,-43,99,37,21,-11,-4,29,1,-19,71,20,10,-21,-8,27,-6,-23,75,43,26,-10,10,27,0,-21,61,-1,3,-45,11,31,-8,-30,81,19,18,10,32,29,-9,-31,79,22,0,-13,2,15,42,-39,82,27,11,-25,6,28,-9,-35,87,29,12
73.0600,-16,2,34,-12,-50,88,37,22,-14,-4,31,-2,-24,70,20,11,-25,-4,33,-2,-32,77,41,27,-12,5,26,-3,-26,65,-2,9,-48,-3,35,-6,-39,79,25,18,8,29,30,-8,-32,73,15,2,-16,-3,22,46,-31,74,31,6,-18,5,27,-8,-27,80,26,9
73.0800,-16,-3,34,-8,-43,95,33,23,-13,-4,32,0,-25,77,21,7,-21,2,33,-3,-28,74,43,17,-4,8,23,-2,-20,61,-3,3,-47,1,35,1,-33,80,21,24,7,32,24,-1,-31,75,19,7,-14,1,23,45,-37,85,24,9,-17,2,26,-11,-37,85,27,15
73.1000,-13,-3,32,-11,-40,92,41,22,-13,-6,31,-2,-21,68,18,10,-28,3,28,0,-24,75,46,24,-4,7,30,-2,-32,65,-2,2,-44,-5,29,9,-32,83,21,29,7,34,31,-7,-31,73,16,7,-10,-4,23,43,-29,78,28,12,-15,1,32,-8,-30,79,24,14
73.1200,-10,-2,31,-11,-46,91,35,29,-12,-4,24,4,-26,66,20,14,-29,-3,23,4,-22,75,48,30,-1,2,32,2,-25,67,-5,6,-42,-4,31,4,-26,76,18,22,12,35,25,0,-34,77,19,-1,-7,-5,24,49,-33,76,25,15,-18,-4,28,-10,-33,85,27,17
73.1400,-19,1,37,-6,-40,96,38,23,-9,-3,27,8,-26,70,22,9,-30,-5,32,-4,-27,83,43,19,-6,3,24,8,-25,62,1,7,-39,-4,32,-4,-33,81,19,23,10,34,29,-1,-32,79,11,6,-7,-3,19,52,-29,77,23,5,-11,-3,34,-13,-39,78,23,15
73.1600,-19,5,33,-7,-41,90,42,23,-11,-5,28,9,-22,74,24,11,-27,10,32,-4,-32,76,43,15,-7,9,28,5,-27,67,-4,3,-41,-3,31,4,-29,73,25,18,14,28,24,-2,-33,77,11,5,-5,-3,25,50,-33,79,30,12,-8,-9,33,-14,-35,81,24,17
73.1800,-14,-1,32,2,-43,95,36,24,-12,0,29,3,-26,70,23,13,-24,2,26,4,-28,69,41,17,-8,5,27,4,-27,68,-2,16,-35,-4,27,6,-31,77,28,19,11,30,31,1,-32,81,13,13,-3,-1,25,58,-31,79,23,14,-8,-6,35,-14,-33,73,27,15
73.2000,-13,2,29,-10,-52,101,39,17,-19,-5,29,4,-24,70,21,7,-28,6,29,2,-19,72,45,17,-5,3,26,4,-22,66,-3,12,-39,-11,34,4,-30,75,23,23,12,26,25,6,-27,74,10,12,-8,1,24,51,-27,80,28,19,-5,-6,43,-15,-39,79,24,14
73.2200,-13,0,30,-8,-49,96,39,21,-18,6,29,-2,-28,78,23,0,-37,4,25,-1,-22,72,45,17,-6,7,32,-1,-29,68,3,12,-44,-2,38,2,-34,75,26,17,19,33,27,13,-29,79,12,9,-2,0,28,55,-27,81,25,19,-2,-12,25,-11,-29,75,25,17
73.2400,-21,1,30,-8,-51,102,37,21,-25,4,31,-5,-27,69,19,1,-31,10,34,-2,-27,76,46,18,-3,10,28,5,-32,67,1,11,-43,-2,31,0,-30,78,29,24,18,26,33,8,-33,77,12,12,-5,-2,24,58,-28,83,25,18,0,-11,29,-18,-33,77,23,15
73.2600,-22,5,24,-5,-45,94,37,18,-16,6,27,-3,-22,69,19,1,-37,6,33,-6,-26,75,48,17,0,3,27,1,-28,70,1,6,-39,-3,28,-2,-34,77,27,20,22,25,28,7,-30,80,11,12,-10,-6,23,59,-27,80,20,15,2,-8,30,-13,-29,77,24,21
73.2800,-21,5,29,-2,-51,97,47,15,-16,11,30,6,-19,65,25,1,-33,7,29,1,-27,80,40,14,-4,4,32,3,-33,66,5,10,-42,-3,33,8,-32,81,29,18,22,30,19,10,-31,85,15,7,-6,-3,27,48,-30,80,25,13,-6,-3,38,-15,-29,82,28,16
73.3000,-15,-4,27,-10,-47,95,39,19,-26,5,31,-4,-23,72,30,1,-33,8,37,-4,-28,76,41,18,-6,7,29,0,-38,79,5,6,-47,-3,28,-5,-34,78,29,15,11,33,26,2,-38,84,14,3,-7,-2,18,55,-33,82,29,17,-6,-10,35,-15,-27,81,22,20
73.3200,-15,1,26,-3,-42,91,37,16,-18,3,34,-8,-22,67,18,-1,-35,6,36,-7,-31,77,36,23,-4,15,30,1,-32,68,12,4,-44,-4,28,3,-29,75,27,16,13,30,32,1,-34,85,25,5,-6,-2,21,49,-30,88,29,16,-2,-10,25,-14,-22,77,26,21
73.3400,-12,-5,29,-10,-47,92,38,20,-16,6,27,-3,-24,72,22,0,-31,9,29,-5,-24,76,39,17,-10,13,30,-2,-33,71,13,4,-45,0,24,2,-35,80,24,12,17,30,31,-1,-38,86,22,6,-9,-9,27,56,-38,82,32,14,-2,-4,33,-14,-25,86,24,17
73.3600,-16,-4,28,-9,-42,99,35,20,-19,1,24,-7,-27,69,23,4,-31,6,37,-5,-21,77,39,17,-14,11,28,-7,-35,77,10,2,-46,4,31,7,-32,79,30,14,12,34,29,2,-38,80,25,1,-4,5,27,53,-44,82,36,10,-11,-6,30,-17,-33,75,25,16
73.3800,-15,0,23,-2,-40,98,39,22,-23,5,26,-8,-28,75,19,2,-35,7,27,-2,-25,77,36,17,-24,11,30,-3,-33,73,1,-3,-52,2,29,-2,-33,82,29,5,14,33,27,8,-33,84,20,6,-7,2,28,48,-48,84,35,8,-10,-2,31,-15,-33,80,29,12
73.4000,-13,4,33,-5,-44,90,37,19,-18,5,36,-3,-23,73,21,6,-29,3,35,-5,-27,79,45,19,-13,17,27,-6,-33,69,12,2,-47,12,30,-7,-39,81,30,9,8,37,28,2,-34,78,25,1,-12,0,28,43,-42,82,28,15,-14,-7,32,-12,-25,82,25,12
73.4200,-17,0,30,-5,-43,94,39,21,-16,2,30,-12,-24,78,28,6,-25,0,25,-4,-26,77,39,22,-11,13,32,-5,-26,65,9,3,-52,8,24,-2,-40,86,31,14,3,35,35,-3,-37,77,27,-1,-7,2,29,46,-37,81,37,5,-19,3,30,-14,-36,85,29,5
73.4400,-18,3,33,-4,-47,94,41,27,-11,4,21,-10,-27,74,31,-1,-28,-1,25,-7,-24,76,40,28,-10,12,30,-12,-30,70,4,2,-54,0,23,-6,-38,77,29,16,15,41,30,2,-33,77,21,0,-12,4,25,42,-33,88,33,9,-17,3,31,-14,-40,83,30,14
73.4600,-18,2,32,-3,-40,91,43,22,-15,3,28,-9,-34,79,26,12,-28,4,28,-12,-33,80,38,28,-18,18,33,-10,-28,65,1,1,-53,-1,28,0,-33,76,25,14,9,43,36,-6,-34,73,26,-1,-14,4,31,36,-35,93,39,5,-14,-2,32,-13,-36,81,32,8
73.4800,-19,-3,35,-4,-41,92,40,16,-13,1,28,-6,-28,68,22,7,-30,1,22,-10,-27,84,43,23,-16,14,29,-8,-21,56,0,10,-54,2,32,-10,-31,74,26,15,10,40,33,-7,-37,76,24,5,-13,7,29,44,-40,80,30,5,-19,7,30,-20,-37,81,30,8
73.5000,-15,0,36,-3,-40,89,42,17,-23,3,34,-11,-29,74,25,6,-23,-3,34,-7,-34,83,44,16,-18,13,28,-8,-22,60,1,2,-47,1,36,-10,-30,76,26,16,6,43,34,-3,-37,73,17,2,-17,7,24,38,-37,78,35,9,-21,3,40,-13,-36,84,36,3
73.5200,-17,-2,31,-10,-43,89,44,19,-16,0,30,-4,-25,72,27,11,-27,6,21,-4,-28,79,41,19,-19,17,30,-9,-29,62,8,7,-57,4,30,-9,-32,78,26,20,-8,46,38,-9,-27,79,17,1,-20,3,27,39,-41,80,36,2,-20,9,37,-17,-45,80,34,2
73.5400,-16,-3,32,-11,-37,92,47,24,-17,0,29,-3,-41,78,28,4,-25,-2,29,-2,-29,80,45,21,-17,9,28,-10,-23,68,5,3,-47,-6,26,-4,-33,79,37,17,2,36,35,-11,-31,75,22,0,-17,7,29,41,-37,74,38,2,-21,8,36,-17,-42,78,41,4
73.5600,-17,4,33,-11,-49,93,39,17,-15,4,33,-10,-23,71,23,8,-27,0,22,-1,-27,72,41,22,-12,13,28,-3,-29,67,7,5,-42,0,29,-11,-31,82,27,21,4,42,36,-12,-35,77,20,-2,-22,6,32,31,-35,79,37,2,-21,16,33,-13,-40,78,34,7
73.5800,-20,-1,37,-14,-49,93,40,21,-17,5,26,-11,-38,73,31,5,-26,-1,20,-2,-30,75,42,22,-8,9,26,-9,-23,67,3,5,-52,1,30,-3,-39,74,26,18,5,35,35,-12,-32,68,23,-1,-21,8,30,36,-35,83,36,3,-23,7,30,-15,-38,82,40,5
73.6000,-21,3,33,-8,-47,94,44,16,-12,-3,33,-11,-22,69,21,6,-28,3,28,-4,-30,85,40,19,-11,7,33,-13,-29,61,3,6,-46,5,30,-6,-35,76,24,20,9,39,33,-3,-31,73,18,3,-20,5,31,38,-37,76,28,7,-21,4,43,-14,-37,83,35,2
73.6200,-22,2,33,-5,-44,106,45,19,-16,4,34,-6,-24,68,30,5,-26,0,26,-3,-35,78,45,21,-19,8,29,3,-28,69,0,15,-49,2,32,-5,-35,82,26,16,5,44,35,-8,-32,71,11,-9,-19,4,28,39,-32,82,30,7,-22,6,34,-15,-30,82,39,3
73.6400,-19,-6,31,-9,-37,93,40,22,-13,5,32,0,-24,72,25,8,-32,3,31,-3,-29,73,44,18,-16,7,22,-2,-27,64,3,5,-43,-4,34,-2,-37,83,32,21,7,41,29,-7,-26,77,19,-1,-19,4,24,41,-35,78,23,12,-17,1,31,-17,-35,79,36,15
73.6600,-17,1,36,-4,-43,95,44,17,-15,2,30,3,-21,69,26,9,-35,4,36,-8,-32,70,48,22,-9,4,27,-5,-22,64,6,9,-43,-5,35,2,-33,80,29,23,10,39,35,-4,-32,78,11,0,-18,3,31,40,-34,84,29,15,-19,5,34,-12,-35,78,38,4
73.6800,-23,5,27,-8,-53,98,44,20,-16,7,32,-7,-21,70,26,8,-26,11,31,-4,-23,70,47,19,-14,4,26,-1,-31,66,8,10,-40,-2,30,0,-32,86,32,19,8,35,24,-4,-29,79,12,4,-15,4,28,44,-37,85,28,16,-11,-2,29,-17,-35,81,31,10
73.7000,-22,2,31,-8,-54,101,45,13,-17,9,30,-1,-24,69,28,8,-30,8,29,0,-29,72,45,19,-9,6,29,-2,-32,70,5,11,-38,1,31,5,-24,82,29,20,13,33,28,0,-35,77,16,1,-14,-2,26,44,-26,84,25,14,-16,-3,34,-10,-36,85,30,9
73.7200,-25,2,32,-9,-55,102,45,19,-17,2,36,1,-27,74,24,8,-28,13,32,-1,-24,74,47,19,-13,10,32,-5,-32,75,7,6,-40,0,32,-4,-39,84,23,22,10,30,30,-6,-39,76,12,8,-9,0,26,49,-35,87,28,15,-11,-4,37,-15,-27,87,31,13
73.7400,-11,1,28,-8,-46,99,49,17,-14,4,31,1,-20,73,25,3,-21,6,27,0,-18,73,44,10,-15,6,25,1,-30,76,7,11,-46,-3,33,-1,-33,84,28,22,13,30,30,-2,-34,85,15,6,-9,-4,32,53,-32,86,23,14,-13,-7,36,-10,-31,90,29,4
73.7600,-16,4,36,-6,-47,104,46,19,-24,9,31,3,-28,71,20,0,-31,11,30,-2,-24,80,45,17,-11,5,28,-2,-26,80,10,7,-44,-3,29,3,-41,78,28,14,13,30,30,2,-22,80,9,10,-12,-2,26,49,-34,87,19,12,-8,1,25,-21,-41,82,30,11
73.7800,-23,-3,27,-3,-44,96,45,22,-14,1,37,-1,-23,71,24,1,-31,10,36,-3,-28,78,46,17,-11,6,33,-6,-29,75,6,10,-36,-3,25,0,-30,82,24,20,9,36,29,-2,-35,87,22,7,-5,-9,26,49,-32,85,23,19,-13,0,32,-20,-35,87,29,12
73.8000,-19,5,34,-7,-53,106,42,20,-20,14,36,2,-25,70,23,4,-27,3,30,-1,-27,81,42,19,-11,5,33,-4,-31,76,8,7,-44,-3,30,-2,-36,82,33,20,13,31,27,-3,-34,84,16,7,-8,-8,27,52,-42,87,27,14,-9,-2,28,-17,-34,87,24,13
73.8200,-22,3,30,-7,-56,104,48,17,-18,8,36,-2,-29,85,25,6,-31,7,40,-2,-26,82,45,14,-9,8,37,-4,-38,76,8,2,-39,0,30,-1,-35,88,18,16,10,25,32,3,-35,79,17,7,-5,-7,20,51,-38,83,26,21,-13,-2,25,-19,-35,82,36,13
73.8400,-20,3,31,-13,-52,107,45,16,-24,8,33,-6,-28,81,32,-3,-33,7,40,-2,-23,83,45,19,-1,8,30,-3,-29,68,4,1,-41,0,35,-1,-35,77,29,21,14,26,30,-6,-26,81,16,11,-10,-4,26,49,-40,85,30,12,-12,-1,29,-17,-31,86,29,8
73.8600,-14,4,31,-3,-44,98,37,23,-13,10,27,-4,-29,76,22,2,-29,10,37,-6,-29,83,42,17,-11,8,39,-5,-31,72,8,8,-45,-2,35,-6,-32,80,28,13,15,24,22,-4,-32,86,19,7,-5,-5,29,45,-36,84,30,14,-18,-1,22,-9,-34,82,32,4
73.8800,-21,5,30,-8,-51,94,42,18,-15,6,25,2,-20,73,21,-2,-28,3,40,-6,-35,84,43,19,-2,7,33,-7,-33,72,13,3,-50,7,36,-1,-28,84,32,16,13,25,33,-2,-34,83,15,8,-2,-3,25,47,-42,88,31,13,-16,4,28,-12,-27,87,28,8
73.9000,-23,3,27,-4,-50,100,40,16,-20,7,31,0,-33,76,25,0,-33,5,33,-7,-28,77,42,17,-6,9,35,-7,-39,78,14,3,-40,2,33,0,-34,79,28,17,21,22,31,-2,-36,83,13,18,0,-7,32,45,-38,80,34,14,-16,3,27,-14,-32,83,28,3
73.9200,-24,-3,31,0,-44,96,43,20,-17,8,27,-2,-20,76,29,0,-34,14,34,-5,-33,81,42,19,-15,13,35,-8,-36,71,6,2,-46,6,34,-1,-34,79,27,16,19,22,29,-8,-39,78,14,5,-4,-8,27,46,-41,87,27,15,-13,11,27,-12,-39,89,34,5
73.9400,-15,-3,31,-6,-49,99,36,20,-20,19,27,-4,-29,75,22,-1,-26,5,36,-8,-29,85,39,17,-11,11,36,-7,-29,71,9,6,-41,3,35,0,-31,80,35,8,17,22,32,-5,-36,81,20,8,-1,-11,30,48,-39,86,32,14,-17,12,25,-7,-39,89,38,0
73.9600,-17,4,33,-8,-48,90,37,19,-17,12,32,-7,-26,73,29,5,-31,0,34,-10,-27,80,42,20,-10,7,26,-2,-36,67,7,3,-44,6,28,-3,-37,78,27,14,15,32,39,-4,-35,83,13,6,-13,-4,37,42,-39,86,36,10,-19,10,23,-10,-34,84,32,3
73.9800,-18,-7,39,-6,-39,93,46,22,-16,12,25,-2,-34,72,24,2,-32,4,28,-7,-21,78,45,30,-6,10,28,0,-35,69,9,3,-48,5,31,-4,-38,79,36,14,13,28,31,-1,-36,83,24,7,-10,-6,33,43,-33,86,33,14,-13,5,26,-5,-32,82,29,5
74.0000,-13,-4,36,5,-41,90,40,27,-16,5,19,1,-22,75,22,8,-24,4,26,-3,-21,77,43,27,-13,13,27,0,-28,66,10,2,-46,-4,28,-2,-29,77,36,15,20,28,38,-5,-30,76,23,1,-9,-6,24,43,-40,79,32,16,-22,5,26,-4,-44,88,37,2
74.0200,-19,0,33,0,-40,96,37,22,-23,3,30,0,-29,74,25,14,-25,2,29,-8,-32,80,39,27,-6,17,30,-4,-29,71,4,-3,-49,5,25,0,-30,76,31,18,10,29,29,-3,-32,76,16,0,-4,1,33,43,-40,79,35,5,-21,9,26,-3,-34,84,36,6
74.0400,-19,-6,27,-12,-39,85,37,23,-19,3,26,-1,-24,72,14,4,-24,-6,19,-4,-23,74,32,25,-12,9,29,2,-25,65,9,-3,-41,-1,30,3,-39,77,28,17,11,31,26,-4,-31,76,16,0,-9,0,22,44,-40,84,37,8,-19,10,25,-5,-37,87,30,4
74.0600,-17,-7,35,-3,-43,91,35,17,-20,7,26,-1,-17,74,24,15,-23,-5,19,4,-30,82,37,24,-12,14,27,0,-25,62,11,0,-43,1,22,-4,-34,80,32,19,20,40,33,-5,-37,81,23,4,-4,5,25,48,-42,81,33,11,-18,2,27,-1,-37,84,33,3
74.0800,-17,-2,32,-4,-43,89,38,22,-17,-1,31,-1,-17,68,23,13,-19,-10,21,1,-30,80,43,23,-9,7,23,4,-23,62,8,5,-45,-1,23,-1,-28,75,27,16,14,38,26,-7,-37,81,17,-1,-8,3,27,45,-45,83,31,11,-16,-3,29,-6,-41,90,32,7
74.1000,-12,0,31,0,-40,94,37,16,-19,-2,26,2,-15,66,19,12,-26,-3,27,-1,-31,75,39,24,-10,10,28,1,-24,67,3,8,-46,1,28,-5,-23,75,23,19,16,35,28,-2,-35,77,14,1,-11,5,29,40,-36,77,29,8,-21,-5,30,-7,-44,82,31,7
74.1200,-15,-2,31,0,-47,92,41,23,-21,3,28,-1,-21,74,17,6,-23,-1,25,4,-36,73,42,21,-13,7,24,-1,-23,69,3,8,-50,3,28,1,-34,77,27,19,7,31,25,-2,-40,77,19,5,-12,4,29,50,-41,79,27,9,-15,-3,32,-1,-34,83,31,15
74.1400,-20,2,30,-4,-43,91,34,17,-18,6,32,-1,-18,67,16,11,-28,-8,19,3,-27,76,42,25,-18,13,28,-2,-19,67,-2,2,-47,-2,31,-3,-38,81,23,21,5,42,32,3,-33,77,20,5,-14,2,22,51,-32,75,26,7,-20,9,35,-6,-32,76,30,12
74.1600,-16,5,37,-2,-43,98,40,22,-20,-1,25,4,-21,66,15,6,-29,0,23,3,-24,75,46,26,-17,7,28,8,-28,69,1,0,-55,-4,29,4,-29,81,22,19,3,45,29,1,-43,79,18,-5,-13,0,26,47,-36,81,34,7,-16,0,28,-3,-33,86,36,16
74.1800,-15,3,28,-5,-54,98,39,19,-15,-2,31,0,-19,74,19,13,-28,1,22,0,-30,78,37,19,-14,15,27,1,-22,66,-1,12,-50,-1,30,6,-19,79,21,27,9,46,31,2,-38,80,13,-2,-15,2,21,51,-29,80,18,6,-15,-2,28,-4,-36,77,32,13
74.2000,-18,7,29,-11,-56,94,47,18,-18,1,30,4,-11,75,24,9,-23,2,23,7,-28,70,45,21,-18,9,34,6,-24,72,4,8,-46,-1,30,-4,-33,78,23,24,13,39,28,7,-30,83,17,0,-21,9,22,52,-28,75,28,9,-17,3,31,-4,-36,74,29,22
74.2200,-16,5,31,-13,-48,99,43,13,-19,4,29,-1,-18,71,20,8,-29,2,29,8,-27,72,46,14,-15,7,32,1,-21,69,0,6,-53,3,30,-2,-28,82,17,32,10,43,27,-2,-30,81,23,-2,-12,6,24,50,-28,85,29,14,-14,-3,35,1,-28,76,32,18
74.2400,-19,5,35,-2,-51,96,42,9,-23,6,33,6,-20,70,22,8,-25,6,28,7,-18,67,47,23,-15,7,29,0,-17,74,2,13,-55,-2,34,4,-30,76,17,27,8,40,33,-7,-33,81,17,2,-17,2,27,52,-31,84,22,12,-14,0,25,-8,-26,82,27,13
74.2600,-13,-1,29,-5,-46,99,44,14,-23,8,30,-2,-29,70,28,2,-31,4,32,10,-29,68,45,19,-12,7,30,1,-25,70,1,7,-47,-3,30,-5,-29,80,22,23,3,41,35,-3,-36,85,22,-4,-18,5,26,56,-35,84,30,11,-13,-2,34,-3,-36,78,29,15
74.2800,-21,7,31,-6,-41,102,38,18,-16,7,37,2,-28,69,23,4,-31,4,26,5,-26,76,50,19,-14,6,30,0,-17,72,4,15,-48,-3,33,2,-35,81,20,15,2,40,29,-3,-38,87,13,1,-18,3,30,52,-25,85,27,12,-13,-6,24,-3,-31,81,31,14
74.3000,-25,2,27,-3,-55,96,44,10,-28,3,28,-4,-33,67,25,4,-32,7,29,-3,-27,66,48,18,-13,3,32,2,-29,73,7,10,-46,-2,34,1,-28,77,24,23,10,40,38,-4,-37,84,17,3,-13,3,33,50,-28,79,26,10,-16,-7,32,-9,-35,82,30,8
74.3200,-21,4,27,-6,-52,96,48,12,-18,6,31,-2,-21,70,23,6,-30,11,35,-4,-25,73,40,16,-13,4,30,-5,-25,71,5,12,-46,-9,25,3,-30,80,26,19,7,33,34,-1,-28,87,18,-4,-14,-4,28,49,-35,86,20,14,-17,-1,37,-11,-37,83,26,6
74.3400,-20,6,28,-8,-47,102,39,15,-18,2,35,2,-27,63,26,-1,-35,12,31,-6,-23,76,40,13,-13,3,34,-7,-30,70,5,5,-48,-7,30,4,-36,79,28,23,8,39,36,-2,-30,87,15,2,-14,-3,33,54,-37,85,23,8,-15,7,28,-12,-37,89,30,12
74.3600,-18,8,26,-13,-50,105,47,19,-21,11,37,-2,-29,71,25,-2,-37,5,31,-1,-23,76,39,15,-17,9,38,-4,-27,77,7,8,-46,-2,24,0,-28,78,30,12,5,37,31,-5,-30,89,13,-1,-13,-5,32,54,-32,85,26,18,-19,9,29,-7,-37,81,32,10
74.3800,-21,4,29,-10,-49,102,47,17,-20,12,34,2,-25,63,28,2,-30,8,39,-3,-27,73,44,25,-9,7,36,-8,-29,74,6,11,-45,0,29,4,-33,80,29,16,8,35,36,-1,-29,84,21,5,-16,-5,30,42,-39,91,29,20,-15,5,29,-10,-33,84,34,4
74.4000,-21,-2,35,-11,-47,100,40,15,-18,11,31,-9,-29,71,27,1,-35,4,27,-7,-28,74,42,20,-14,6,33,-6,-35,72,9,11,-43,1,33,0,-37,83,33,19,13,35,31,0,-25,82,17,1,-15,-8,28,44,-32,83,26,19,-12,4,30,-12,-33,85,32,6
74.4200,-25,8,34,-8,-50,96,40,18,-24,11,31,-4,-34,76,31,-2,-30,0,34,1,-27,78,38,24,-11,3,35,-6,-34,66,12,8,-48,3,30,-3,-39,82,28,19,10,28,34,-5,-22,84,12,7,-14,-6,31,45,-37,82,30,9,-16,2,34,-9,-29,87,35,6
74.4400,-21,1,35,-7,-48,93,41,21,-18,10,32,-2,-35,79,32,-3,-32,3,33,-2,-33,80,40,20,-13,3,33,-9,-33,66,7,7,-44,0,35,-3,-44,87,30,13,10,30,33,-5,-25,80,15,4,-13,-2,30,44,-38,84,32,13,-12,0,26,-9,-33,88,30,10
74.4600,-17,5,29,-6,-47,97,42,25,-18,10,32,1,-27,78,23,0,-32,4,32,-5,-32,79,36,19,-10,2,29,-2,-35,66,8,6,-43,3,29,-3,-43,80,29,8,6,25,37,-2,-37,82,14,11,-11,-3,26,42,-38,86,29,12,-8,-4,22,-2,-34,89,29,14
74.4800,-20,-1,31,-2,-44,94,44,21,-17,13,32,-4,-19,74,23,5,-25,4,34,-2,-34,80,43,28,-9,1,26,0,-30,69,12,7,-49,6,27,-3,-39,87,31,14,8,27,29,-4,-28,84,17,4,-17,1,35,41,-38,82,35,8,-23,4,31,-16,-39,87,36,10
74.5000,-14,-9,36,0,-40,92,38,19,-24,12,35,0,-32,76,25,7,-33,5,33,-2,-35,82,43,24,-7,2,23,-3,-31,78,10,7,-42,1,33,-7,-36,82,28,16,14,31,27,-3,-34,78,17,5,-14,-4,29,39,-46,85,34,14,-18,6,34,-12,-41,83,39,9
74.5200,-14,0,34,-15,-47,97,36,20,-18,12,34,-8,-28,85,27,4,-26,2,29,-2,-41,81,40,24,-10,7,27,0,-35,69,6,-1,-47,-1,26,-3,-28,78,28,16,14,35,32,-6,-32,83,17,7,-9,-4,34,44,-45,88,26,12,-16,-1,37,-11,-42,84,27,8
74.5400,-19,-8,36,-3,-40,94,41,19,-20,10,29,-8,-31,79,27,0,-21,6,26,-5,-32,86,41,23,-15,9,27,-6,-39,73,9,4,-49,4,28,0,-39,82,31,13,8,30,27,-3,-31,83,22,6,-7,-5,28,41,-40,88,32,15,-16,1,27,-13,-35,81,31,2
74.5600,-20,-1,35,-9,-46,95,38,27,-24,5,30,-7,-33,79,24,8,-31,-2,35,-4,-33,89,35,29,-12,12,28,-3,-35,74,14,-5,-51,9,29,-6,-39,82,35,11,12,24,31,-6,-36,85,17,4,-3,0,33,42,-39,83,35,9,-17,3,25,-17,-36,83,36,16
74.5800,-19,-3,31,-6,-42,86,42,25,-16,14,33,-10,-31,81,35,6,-21,2,30,-8,-33,88,42,21,-11,6,28,-3,-31,71,2,3,-49,6,32,-6,-39,80,31,14,15,29,30,-5,-42,79,16,5,-12,-1,28,46,-44,82,31,10,-12,4,33,-17,-29,82,31,7
74.6000,-13,-2,35,-2,-52,99,38,23,-22,6,33,-4,-35,86,32,5,-24,-1,33,-3,-35,82,43,27,-10,10,27,0,-23,73,9,13,-45,1,31,1,-32,77,29,15,12,36,25,-4,-35,78,20,6,-4,2,30,41,-42,81,34,9,-13,0,35,-14,-33,81,33,10
74.6200,-10,0,36,-5,-44,95,40,21,-21,6,25,-1,-28,83,20,9,-25,2,33,-4,-33,79,44,19,-4,6,20,6,-24,65,7,3,-48,2,35,-3,-28,82,33,10,11,34,35,-6,-31,80,18,-2,-13,2,36,47,-44,87,34,6,-17,2,34,-19,-30,78,25,12
74.6400,-11,-7,36,-6,-38,94,38,20,-19,9,30,-7,-26,78,28,4,-18,-3,30,-5,-31,88,40,22,-19,12,26,-2,-36,72,5,3,-50,5,34,-1,-37,83,32,21,8,36,30,-5,-34,89,21,6,-1,-1,32,51,-37,83,26,5,-13,-7,39,-14,-33,80,31,6
74.6600,-18,-2,32,-6,-49,90,43,16,-21,8,37,1,-26,80,31,8,-29,6,35,-4,-37,90,48,17,-15,10,24,0,-30,73,16,4,-45,0,23,0,-33,82,29,22,14,33,34,-3,-33,79,21,5,-10,-2,29,49,-31,84,34,7,-12,-2,37,-17,-30,83,26,15
74.6800,-18,0,33,-3,-47,98,44,15,-16,5,41,-5,-26,84,26,6,-33,3,32,-3,-42,83,47,19,-12,11,27,0,-34,73,6,1,-47,0,30,0,-25,83,31,21,21,31,22,3,-25,79,19,5,-9,0,24,47,-30,82,32,11,-10,-1,30,-20,-30,77,29,19
74.7000,-18,1,28,-5,-46,97,39,17,-14,3,28,0,-16,70,25,6,-31,2,34,-4,-37,86,45,21,-11,6,32,2,-31,76,6,2,-45,6,29,0,-31,86,33,21,19,30,25,-1,-27,83,20,4,-13,0,27,55,-38,82,32,12,-14,-8,30,-18,-32,84,28,14
74.7200,-18,4,34,-9,-47,98,43,20,-20,2,27,-9,-34,79,23,6,-28,4,28,-6,-33,84,50,16,-19,8,38,3,-35,77,7,1,-49,1,27,2,-31,81,34,19,17,32,30,2,-38,89,28,-5,-7,-5,30,49,-37,84,34,7,-8,-1,32,-11,-28,85,29,17
74.7400,-15,-2,28,-3,-41,93,45,21,-19,10,30,-5,-25,77,31,9,-26,-1,30,-5,-30,84,45,18,-16,7,26,6,-22,66,3,7,-49,0,28,0,-28,80,26,27,17,31,27,7,-39,86,26,-4,-10,-3,30,56,-37,85,30,10,-7,-3,28,-22,-36,88,33,16
74.7600,-15,-1,24,-9,-43,90,42,21,-24,5,32,-5,-27,72,29,12,-28,-1,28,-4,-25,80,49,22,-15,5,30,10,-19,72,6,11,-42,6,27,0,-33,84,29,13,10,36,24,9,-35,84,22,-2,-9,2,26,54,-30,91,33,9,-1,-8,35,-19,-29,89,27,16
74.7800,-20,0,30,-11,-44,94,44,16,-19,5,32,-5,-29,73,26,10,-29,5,31,-1,-34,81,41,22,-14,7,31,-4,-28,77,-3,13,-46,0,30,-2,-37,85,26,21,15,32,28,6,-31,84,23,0,-10,0,27,53,-32,84,25,12,-7,-2,33,-14,-36,84,27,18
74.8000,-18,0,28,-7,-47,93,39,19,-24,1,32,-2,-21,72,20,1,-31,5,32,-2,-30,81,40,20,-19,12,34,-6,-35,74,7,12,-46,-2,33,-4,-39,85,32,26,12,32,31,6,-42,85,18,-1,-13,-7,29,55,-34,83,30,12,2,-1,43,-16,-32,89,28,18
74.8200,-15,1,31,-4,-49,97,41,11,-23,0,34,-4,-22,69,22,7,-31,7,28,-3,-32,79,46,26,-12,19,32,-4,-29,73,6,12,-46,0,25,1,-37,82,29,23,16,34,21,9,-39,89,18,-6,-11,2,35,52,-37,86,30,5,-6,-6,38,-17,-42,86,32,9
74.8400,-16,1,28,-8,-51,102,41,17,-19,7,30,-5,-26,72,27,2,-30,4,26,-2,-33,79,45,23,-11,4,24,8,-12,65,-2,11,-50,1,26,-1,-29,81,26,20,12,37,25,10,-34,85,17,0,-10,1,31,51,-37,88,29,12,-4,-8,37,-19,-37,87,32,6
74.8600,-22,3,33,-7,-48,101,43,19,-26,2,30,-5,-24,71,19,5,-20,-1,30,2,-29,82,47,22,-15,3,29,0,-18,70,5,11,-49,-1,30,7,-33,84,28,21,11,38,23,3,-33,87,18,0,-13,-1,28,52,-31,87,30,10,-1,-5,32,-10,-35,84,32,13
74.8800,-21,3,26,-4,-50,94,39,15,-22,15,33,1,-25,70,21,4,-32,4,25,1,-27,77,45,24,-21,4,29,-1,-29,69,6,13,-50,0,30,-5,-31,81,33,21,8,32,33,7,-31,87,14,5,-12,-3,32,53,-36,82,23,16,-14,1,30,-11,-30,92,27,12
74.9000,-21,2,29,-2,-49,102,40,16,-20,7,25,5,-17,69,14,10,-35,6,27,1,-31,83,40,23,-9,8,31,-2,-35,75,1,9,-48,-4,30,3,-32,87,28,21,8,40,34,7,-37,90,15,2,-10,-2,35,55,-31,83,32,15,-8,-3,37,-10,-39,84,33,11
74.9200,-22,-4,27,-1,-37,92,36,22,-24,7,27,3,-20,74,14,10,-27,2,27,8,-26,77,46,28,-13,6,27,-4,-26,66,6,13,-46,-2,33,-4,-21,79,29,18,3,40,30,3,-34,94,15,9,-10,0,31,52,-37,85,28,11,-10,-2,32,-6,-40,80,33,13
74.9400,-25,2,33,-2,-43,98,45,18,-27,8,33,-2,-31,79,24,9,-27,10,28,8,-29,77,45,26,-12,9,30,0,-23,67,5,12,-48,-5,30,1,-22,78,25,21,2,41,37,2,-33,86,20,5,-16,-5,29,47,-34,89,25,8,-17,0,31,-2,-28,77,35,12
74.9600,-22,5,32,-8,-48,95,43,15,-22,8,30,1,-25,73,20,10,-33,2,31,5,-32,81,41,26,-13,3,33,-5,-38,71,6,8,-45,-2,31,3,-24,79,26,23,10,35,32,1,-25,86,19,2,-14,-5,26,52,-33,84,24,8,-17,3,31,-6,-31,72,33,3
74.9800,-23,1,36,-3,-43,99,40,15,-19,8,31,6,-21,81,22,8,-33,3,31,2,-31,77,41,19,-13,6,33,-6,-33,68,10,8,-54,0,33,2,-33,83,23,20,7,33,38,-4,-29,81,12,3,-22,-4,28,45,-33,83,33,18,-17,3,19,-2,-26,81,31,10
75.0000,-18,-6,29,6,-34,93,35,23,-22,7,36,3,-24,79,17,8,-25,5,26,6,-27,78,40,25,-12,9,37,-1,-32,71,5,6,-49,-1,28,3,-28,81,30,25,7,32,45,2,-24,82,13,6,-18,0,32,48,-35,83,34,13,-24,4,29,-3,-28,82,32,6
75.0200,-15,-4,21,-4,-44,95,39,17,-23,7,36,7,-26,74,27,9,-34,5,28,1,-32,79,43,20,-15,3,30,-3,-22,63,3,9,-53,3,33,-1,-29,86,27,21,4,34,43,2,-29,89,14,5,-13,-4,27,48,-34,88,27,16,-25,8,31,-9,-31,82,32,6
75.0400,-19,-8,34,-4,-46,96,49,21,-27,8,30,-1,-30,76,19,3,-29,4,34,4,-31,77,41,20,-9,2,32,-5,-28,65,12,12,-51,1,34,2,-32,81,28,16,4,29,32,-4,-35,83,20,9,-15,-5,33,48,-33,85,31,16,-23,9,27,-7,-36,80,29,9
75.0600,-14,0,34,-8,-54,98,41,16,-17,2,35,6,-20,79,21,7,-29,6,32,1,-23,82,40,21,-9,5,37,-1,-29,73,15,9,-46,4,32,1,-33,86,32,22,18,35,40,-5,-25,89,15,5,-16,-3,26,49,-34,81,25,14,-18,8,27,-11,-34,86,32,11
75.0800,-28,1,32,-8,-48,98,46,15,-24,8,33,-2,-25,75,29,3,-32,-1,33,6,-36,81,45,22,-11,3,28,-7,-30,71,9,7,-46,0,29,-1,-31,84,30,26,9,38,32,-7,-35,92,24,7,-11,-5,33,49,-31,86,28,9,-26,2,20,-8,-28,85,34,4
75.1000,-21,2,29,-5,-50,91,45,19,-16,9,36,-5,-23,80,27,9,-31,-1,40,3,-32,81,49,23,-10,9,28,-2,-34,74,3,3,-48,1,38,2,-30,84,26,22,9,36,30,-6,-37,86,18,0,-14,-6,25,49,-32,81,33,16,-27,8,32,1,-34,82,30,9
75.1200,-15,-6,34,-8,-49,99,41,16,-30,8,35,-6,-24,75,23,4,-28,-2,37,-1,-35,79,42,26,-13,2,34,-7,-36,76,8,5,-44,-3,33,-2,-39,79,34,15,10,27,28,-3,-27,89,20,4,-10,0,26,44,-36,90,25,12,-22,8,32,-6,-35,86,29,4
75.1400,-19,-1,33,-6,-45,100,38,16,-17,11,31,-3,-21,74,25,2,-28,-3,33,-2,-28,78,41,19,-18,-1,34,-6,-30,78,15,9,-51,1,38,-2,-39,82,33,22,7,30,28,1,-29,92,13,6,-3,-9,27,45,-34,88,37,16,-24,1,29,-8,-40,87,33,7
75.1600,-16,-2,29,-7,-47,95,40,16,-19,9,30,-5,-22,77,27,2,-31,-4,40,-7,-34,82,42,25,-9,5,32,-4,-28,75,10,9,-49,-1,30,-9,-39,88,35,17,10,30,32,-9,-41,95,21,3,-14,-2,29,49,-32,93,35,11,-15,0,28,-10,-40,90,38,5
75.1800,-12,-2,32,-6,-47,100,49,16,-15,16,47,-11,-28,79,24,-1,-31,-2,35,-5,-27,86,43,23,-18,14,27,0,-30,79,14,7,-49,3,35,-1,-45,81,34,23,14,29,26,-6,-36,93,15,11,-6,-13,32,49,-41,89,31,13,-19,-2,31,-14,-41,92,30,7
75.2000,-17,-1,32,-7,-47,100,42,15,-19,10,32,-2,-25,74,26,1,-29,8,37,-8,-31,81,41,17,-11,13,31,-5,-28,73,15,3,-56,2,36,-9,-44,84,35,11,12,30,36,-3,-34,88,15,2,-9,0,34,48,-41,85,33,9,-15,-1,37,-14,-37,87,34,16
75.2200,-18,-1,31,-11,-47,97,41,16,-21,19,38,-10,-35,77,29,2,-32,9,32,-7,-35,83,44,22,-15,9,30,-7,-35,80,4,8,-50,1,36,-5,-40,88,33,15,14,37,26,-9,-28,91,15,4,-6,1,31,51,-38,82,35,14,-14,-1,33,-17,-37,92,34,12
75.2400,-16,-6,32,-7,-46,96,42,14,-17,13,29,-14,-17,70,28,6,-28,6,36,-11,-35,83,45,20,-18,11,29,-3,-35,76,13,7,-44,2,37,-6,-28,78,29,14,19,29,24,-6,-30,86,14,4,-13,-4,28,44,-35,80,34,15,-15,-4,39,-11,-39,88,29,13
75.2600,-16,-4,34,-7,-49,95,41,18,-21,12,33,-2,-16,75,28,2,-31,3,33,-3,-33,87,41,21,-10,12,33,-7,-29,72,12,7,-51,2,35,-5,-37,79,39,19,12,26,28,-11,-35,89,18,-4,-8,-7,28,47,-32,78,28,10,-14,-3,37,-18,-38,89,36,15
75.2800,-29,-5,31,-5,-43,99,47,19,-13,9,24,-1,-9,69,23,9,-34,3,36,-3,-32,84,39,18,-12,7,33,-6,-37,77,6,0,-46,3,27,-10,-25,85,31,14,12,31,28,-9,-31,87,19,9,-5,-6,33,49,-32,81,26,12,-13,0,40,-15,-36,87,38,9
75.3000,-21,-2,28,-5,-39,94,39,17,-17,8,18,3,-13,74,23,11,-28,1,27,-2,-29,86,37,20,-16,12,27,-9,-29,75,14,6,-46,1,30,-5,-35,78,32,16,11,31,30,-5,-30,82,18,1,-4,-8,31,53,-31,88,24,11,-14,4,38,-18,-30,85,31,16
75.3200,-15,1,31,-9,-39,96,37,18,-14,6,32,0,-20,73,18,-1,-36,3,29,-8,-31,88,36,26,-21,15,32,-9,-28,66,16,7,-43,2,22,-4,-30,83,31,16,13,34,32,-6,-26,86,23,-1,-3,-4,30,53,-33,82,36,12,-11,-2,35,-9,-30,84,34,5
75.3400,-18,-1,31,-8,-45,102,40,15,-27,17,33,-11,-25,82,28,7,-30,-2,29,0,-33,89,46,28,-13,5,34,-8,-26,71,11,0,-54,8,29,-8,-36,80,28,17,10,29,28,-3,-34,84,23,4,-14,-1,32,49,-38,79,36,12,-10,-5,32,-20,-32,76,34,9
75.3600,-18,4,33,3,-42,88,44,20,-21,14,31,-1,-17,73,16,7,-34,6,30,-7,-33,88,44,27,-17,8,27,-10,-28,73,14,7,-55,-1,34,-4,-28,80,32,19,21,34,31,-5,-30,85,18,5,-10,0,31,46,-27,88,33,8,-17,2,41,-15,-33,84,28,9
75.3800,-23,-4,22,-1,-42,94,42,16,-24,19,34,-10,-19,75,22,5,-31,2,27,0,-36,85,44,23,-16,12,25,-3,-15,65,5,0,-53,7,34,0,-28,78,22,15,8,36,35,-2,-33,84,20,1,-5,1,33,52,-34,83,31,10,-16,-1,35,-19,-31,83,29,13
75.4000,-19,5,31,-3,-38,90,43,16,-22,16,35,-1,-20,70,17,6,-23,8,27,1,-30,88,38,24,-8,11,39,-1,-24,67,9,8,-50,8,31,-1,-32,78,30,19,13,28,31,1,-31,87,20,1,-12,-3,34,46,-37,83,35,11,-17,1,34,-16,-31,82,31,10
75.4200,-20,0,35,-3,-48,103,37,11,-29,13,27,3,-10,77,13,9,-30,11,30,-3,-35,78,42,25,-15,5,32,5,-24,65,12,9,-43,-4,29,1,-26,80,27,25,12,32,27,-2,-31,90,16,4,-8,2,28,53,-36,78,29,13,-20,3,31,-18,-25,84,33,7
75.4400,-20,-2,40,-4,-47,91,46,22,-31,4,39,-2,-29,79,21,1,-34,0,30,-2,-36,78,38,27,-12,5,28,1,-24,61,14,10,-49,-1,34,-3,-23,83,28,24,7,34,30,-3,-33,86,9,-1,-6,3,39,52,-40,84,34,4,-13,2,34,-10,-33,83,37,9
75.4600,-19,-4,36,3,-41,92,41,20,-24,9,38,-7,-26,84,20,6,-29,5,29,-6,-31,80,45,18,-15,5,21,1,-21,65,4,12,-52,-6,30,6,-24,83,24,23,9,31,30,5,-36,83,15,5,-7,-6,35,51,-30,79,28,12,-15,-1,32,-13,-33,85,29,9
75.4800,-15,-6,35,-3,-44,97,43,21,-19,7,27,-1,-19,77,20,7,-35,0,32,-4,-32,82,44,26,-9,12,27,4,-25,67,12,5,-50,-3,28,4,-25,87,30,24,4,33,25,2,-35,91,16,1,-8,-5,29,54,-32,88,32,14,-19,-4,30,-15,-39,90,30,9
75.5000,-22,-1,35,-7,-43,94,49,17,-19,1,31,5,-12,73,15,13,-30,-4,29,-1,-31,82,41,25,-20,8,34,6,-27,65,5,11,-43,-1,25,4,-32,86,28,22,5,33,32,3,-32,86,23,0,-16,-4,29,58,-29,85,34,9,-15,0,30,-5,-33,86,29,15
75.5200,-19,-7,36,-7,-51,96,46,19,-23,2,32,11,-27,81,24,12,-28,1,36,-7,-39,84,41,27,-14,9,30,7,-29,69,5,9,-51,-4,32,13,-35,89,27,24,3,34,32,8,-32,87,16,-2,-5,-4,32,60,-32,89,26,7,-11,-2,28,-3,-31,83,34,14
75.5400,-21,1,29,1,-44,98,45,17,-20,2,35,8,-19,75,20,13,-36,3,35,-2,-33,85,47,31,-13,6,33,9,-26,74,7,10,-53,0,31,3,-30,88,32,23,12,39,35,9,-33,94,25,-2,-13,-8,24,58,-29,85,29,12,-14,-4,30,-7,-38,84,36,8
75.5600,-18,1,38,0,-50,99,46,19,-22,7,36,0,-24,81,22,6,-22,-3,29,-1,-36,77,47,21,-17,8,31,4,-32,71,9,9,-53,1,30,3,-33,93,31,18,13,34,34,3,-29,86,17,2,-17,-3,34,64,-34,83,27,9,-14,-5,32,-9,-37,88,31,9
75.5800,-21,1,36,-5,-49,105,52,21,-19,13,25,2,-24,80,28,8,-27,-4,29,0,-28,75,53,27,-21,9,35,7,-25,77,9,10,-47,-2,31,11,-30,85,31,21,16,30,36,8,-39,88,20,-1,-9,-3,35,64,-33,88,29,8,-9,-9,24,-7,-35,82,33,16
75.6000,-17,0,29,0,-56,103,49,16,-17,12,32,2,-19,82,30,7,-34,-6,39,0,-31,82,46,26,-16,5,35,4,-28,75,8,5,-55,-1,30,3,-35,88,30,26,12,28,21,9,-28,89,19,3,-8,-3,21,60,-36,78,26,12,-12,-5,28,-2,-29,90,25,16
75.6200,-8,-5,24,3,-48,98,42,21,-18,13,32,7,-21,77,26,8,-28,-3,36,2,-27,81,49,18,-12,10,30,2,-28,79,7,5,-53,0,35,3,-38,94,24,21,12,38,35,4,-33,90,32,0,-13,2,24,58,-26,81,21,10,-12,-9,23,0,-24,84,22,21
75.6400,-20,-1,29,-2,-51,97,41,10,-27,13,30,5,-24,83,28,1,-32,-1,28,2,-28,83,57,25,-22,12,30,0,-24,76,6,6,-52,1,30,9,-34,91,28,17,15,33,29,6,-30,91,18,3,-15,1,27,55,-28,83,24,15,-12,-8,26,-4,-28,89,24,21
75.6600,-22,3,25,0,-56,101,46,9,-18,10,29,-1,-33,82,24,4,-28,4,31,5,-29,86,45,20,-16,12,34,3,-27,71,8,10,-52,4,31,0,-40,83,31,17,15,37,32,10,-30,88,15,0,-6,1,27,55,-35,84,26,12,-17,-8,29,0,-25,82,24,13
75.6800,-26,6,26,1,-54,102,43,14,-19,11,36,-2,-30,81,29,-1,-24,1,31,6,-27,86,50,20,-20,2,32,-1,-32,78,6,5,-51,0,31,1,-37,90,28,21,8,34,38,6,-33,87,23,-2,-7,2,32,53,-30,90,25,13,-14,-3,24,-4,-30,91,30,18
75.7000,-24,-1,33,0,-49,104,51,17,-24,6,31,-4,-25,85,25,1,-38,7,38,9,-37,89,49,16,-19,13,38,2,-30,75,12,3,-51,5,29,5,-38,84,33,22,15,38,39,5,-35,94,16,3,-8,-1,28,51,-24,83,27,12,-11,-5,31,-3,-31,81,27,17
75.7200,-24,2,37,-4,-47,98,41,21,-25,16,31,-4,-33,86,32,4,-23,4,34,0,-32,89,40,13,-20,1,37,1,-27,73,9,8,-50,0,31,4,-36,85,35,17,7,34,41,-2,-36,88,25,-6,-12,0,26,62,-22,86,26,6,-11,-4,31,-8,-34,81,25,11
75.7400,-22,1,26,-1,-56,98,43,17,-21,11,28,-7,-27,81,28,5,-35,-1,33,2,-30,86,47,19,-17,11,31,-1,-24,80,6,14,-56,0,32,-4,-36,89,31,14,11,41,43,-4,-32,85,23,-2,-15,3,25,49,-27,92,27,10,-14,-1,30,-4,-30,84,29,7
75.7600,-22,-4,30,4,-46,95,40,14,-18,11,30,-2,-29,78,32,5,-30,5,37,2,-31,81,40,22,-19,17,42,-4,-42,78,8,3,-53,0,38,3,-36,82,34,23,8,45,29,-13,-32,91,20,-2,-16,-2,28,48,-36,83,26,4,-16,-3,33,-1,-31,85,25,9
75.7800,-20,2,28,-9,-47,102,46,17,-23,8,30,-3,-25,77,23,3,-30,0,33,2,-33,90,43,22,-19,13,30,0,-35,75,10,9,-48,-1,39,-6,-40,89,32,15,4,43,38,-9,-32,93,23,-8,-18,-2,35,54,-33,76,23,14,-13,3,34,-11,-29,85,29,8
75.8000,-19,-3,34,-5,-46,97,42,18,-26,10,30,-5,-26,78,25,-2,-32,3,38,6,-33,86,45,19,-13,9,36,-4,-32,76,14,12,-50,4,31,0,-38,87,35,20,7,38,35,-6,-27,95,20,-6,-16,-2,36,54,-34,87,27,5,-20,1,31,-6,-37,83,22,4
75.8200,-23,0,30,0,-44,95,42,16,-22,10,29,0,-18,76,25,2,-32,6,34,-1,-29,89,41,22,-18,15,35,-5,-32,78,9,8,-52,-1,35,-1,-38,89,31,18,8,35,32,-11,-30,94,16,-1,-14,4,37,46,-35,86,32,12,-23,2,34,-7,-34,90,29,5
75.8400,-20,-6,33,2,-44,89,46,23,-16,12,21,2,-22,82,29,0,-26,8,31,1,-28,82,37,22,-14,12,40,-7,-41,76,11,6,-51,5,31,-2,-41,80,32,13,2,42,26,-2,-28,86,21,-7,-10,-6,33,49,-40,88,31,11,-19,5,38,-8,-31,87,30,8
75.8600,-22,2,33,-3,-41,97,40,27,-21,10,26,4,-24,65,22,1,-26,6,29,0,-23,87,40,21,-15,13,33,-4,-40,72,10,8,-62,3,31,-5,-39,86,31,16,1,35,39,-7,-33,93,15,2,-12,-5,30,47,-29,89,26,16,-24,4,31,-10,-40,94,32,1
75.8800,-20,-3,25,-5,-54,93,40,25,-23,8,23,-2,-15,75,14,12,-29,13,26,-2,-28,77,37,25,-11,0,33,-1,-36,65,15,8,-52,2,30,-6,-41,82,34,21,5,37,36,-3,-35,89,21,-1,-13,3,26,50,-32,80,30,14,-21,5,26,-5,-41,88,27,18
75.9000,-19,-4,31,-5,-46,92,49,27,-17,12,32,-1,-22,73,25,4,-34,10,30,-1,-31,79,37,25,-15,9,31,3,-35,74,14,7,-53,3,33,3,-38,77,33,13,1,38,36,-4,-34,95,18,-5,-25,-3,31,44,-45,96,31,8,-17,8,27,-10,-31,89,36,10
75.9200,-19,-4,40,-3,-47,95,41,17,-26,14,31,-1,-11,80,13,3,-31,3,22,-1,-28,78,37,24,-19,11,33,-9,-34,68,9,10,-51,-3,36,-4,-37,81,35,10,2,39,35,-10,-35,97,13,1,-20,1,37,44,-60,93,35,11,-11,-4,27,-6,-36,86,25,12
75.9400,-22,-7,39,-9,-42,97,41,27,-16,16,36,5,-18,73,20,5,-29,9,34,-4,-25,85,40,32,-14,8,29,2,-29,66,14,9,-48,-1,40,-5,-33,79,32,15,1,33,38,-1,-34,93,24,3,-17,7,33,47,-34,90,32,18,-16,2,33,-12,-31,91,37,10
75.9600,-18,-1,35,-8,-52,103,41,23,-18,13,32,7,-14,73,7,7,-32,-2,30,0,-21,75,36,23,-16,8,33,3,-28,71,13,10,-48,3,30,-2,-35,83,34,12,3,35,34,-2,-27,93,19,-1,-8,-4,33,53,-25,85,28,11,-17,2,25,-11,-32,88,33,9
75.9800,-23,-3,39,-9,-45,100,45,16,-25,6,30,2,-12,77,17,5,-32,0,36,4,-30,76,42,26,-16,13,24,3,-33,70,7,7,-56,4,32,-2,-31,84,29,21,8,34,34,1,-31,87,16,6,-13,-4,27,58,-30,87,29,15,-17,-3,29,-17,-39,89,28,6
76.0000,-26,-1,36,-12,-49,97,52,13,-20,5,23,-1,-12,75,10,14,-35,1,28,1,-26,82,42,27,-14,7,28,1,-30,73,14,10,-44,-2,28,-1,-31,85,29,11,11,34,27,-2,-28,90,17,6,-16,2,24,54,-44,88,27,12,-17,-8,34,-13,-36,89,26,8
76.0200,-20,-7,30,-7,-46,94,40,17,-20,10,32,-3,-18,78,20,3,-35,7,35,-1,-27,75,40,23,-16,12,32,4,-27,67,12,6,-50,0,29,-3,-28,83,30,22,10,36,29,-3,-30,91,21,1,-19,0,32,56,-36,92,30,19,-19,-3,34,-14,-35,88,26,13
76.0400,-21,-3,35,-3,-47,103,43,22,-25,13,33,-1,-10,76,16,16,-40,4,30,4,-23,75,38,31,-14,2,40,0,-25,64,10,6,-52,2,34,1,-25,82,22,19,5,33,29,0,-37,91,17,6,-9,-5,28,61,-29,86,38,15,-11,-2,31,-13,-28,88,30,11
76.0600,-19,-1,33,-5,-51,97,44,17,-17,12,35,4,-18,74,17,12,-36,7,32,3,-33,79,41,23,-17,12,26,6,-25,68,7,3,-50,-3,33,-3,-21,79,20,27,11,25,29,2,-30,87,12,3,-5,-4,30,49,-39,82,34,18,-17,-5,37,-14,-26,85,31,15
76.0800,-19,4,36,-10,-50,100,51,12,-25,8,30,-3,-15,75,19,10,-37,2,38,0,-29,84,39,26,-16,9,27,-3,-23,63,14,9,-54,-7,35,-5,-31,79,28,19,11,37,29,-1,-38,93,19,2,-12,-9,28,49,-35,91,35,10,-13,-5,35,-17,-27,80,25,15
76.1000,-24,-4,27,-5,-42,95,45,16,-22,14,39,4,-13,78,20,9,-38,10,34,3,-35,78,50,22,-12,6,27,4,-28,70,10,7,-50,-2,36,6,-29,83,29,23,20,33,32,4,-33,92,20,3,-7,-6,24,55,-25,86,28,11,-10,-4,33,-21,-24,83,28,12
76.1200,-25,1,34,-5,-49,99,47,21,-24,16,37,1,-19,78,17,10,-32,9,35,-10,-31,80,47,26,-12,13,34,5,-35,74,5,8,-50,3,37,-2,-29,85,32,23,18,33,38,5,-30,98,19,3,-10,-12,34,58,-31,83,33,9,-6,-3,40,-22,-31,87,26,16
76.1400,-26,0,31,-10,-54,104,47,15,-23,7,37,-4,-14,83,21,8,-35,-2,36,0,-31,85,48,22,-10,8,35,6,-26,73,2,2,-56,7,39,0,-31,80,25,25,14,33,39,-1,-29,92,21,-2,-11,-3,32,59,-25,80,29,17,-14,-5,37,-18,-31,81,27,13
76.1600,-21,0,31,-7,-38,96,44,20,-20,13,32,2,-21,81,24,5,-32,0,35,4,-27,86,46,21,-9,6,39,5,-32,67,7,-1,-60,-2,34,7,-25,84,29,20,12,31,34,4,-26,88,18,0,-14,-4,30,58,-29,85,36,9,-9,-5,35,-18,-28,80,27,15
76.1800,-26,-1,32,-2,-52,100,47,12,-14,11,26,0,-21,80,24,5,-31,2,38,3,-31,81,52,20,-12,5,36,7,-28,72,7,13,-48,3,37,-6,-30,85,32,21,15,34,37,7,-25,97,15,4,-11,-1,37,55,-30,83,33,17,-11,-12,38,-16,-33,80,24,11
76.2000,-25,6,38,-1,-53,101,48,18,-23,8,34,-7,-22,82,24,4,-38,4,39,2,-33,86,52,23,-12,6,38,-2,-27,74,8,8,-47,0,32,-2,-33,87,32,19,18,37,36,6,-32,92,11,5,-11,2,37,56,-27,85,26,17,-7,-9,38,-18,-26,86,32,11
76.2200,-26,2,35,0,-58,104,43,19,-14,8,30,-6,-25,82,22,4,-38,4,37,-4,-38,84,44,20,-8,8,36,-1,-33,73,5,8,-52,-2,29,-7,-38,90,27,16,18,30,32,0,-28,86,16,-4,-9,0,34,56,-31,87,26,8,-11,-4,29,-14,-31,85,29,16
76.2400,-23,-2,33,-2,-53,98,52,22,-22,12,30,-6,-31,87,29,9,-30,-3,37,-1,-31,80,48,25,-8,4,36,1,-33,75,4,10,-48,-5,38,1,-41,90,28,15,21,39,39,4,-28,89,24,0,-6,2,33,56,-34,86,28,5,-16,-1,35,-17,-31,95,27,17
76.2600,-20,-3,47,-4,-45,99,40,17,-16,11,30,-7,-26,84,22,5,-24,-5,40,-6,-28,83,47,31,-15,9,29,-5,-32,72,12,13,-53,-2,37,4,-39,91,33,21,8,33,34,-4,-30,92,20,4,-6,-3,36,55,-30,87,27,11,-23,-3,34,-20,-31,88,23,13
76.2800,-26,-4,34,-4,-40,102,48,14,-17,7,31,0,-28,83,20,5,-24,-1,34,-4,-31,79,42,21,-17,7,40,1,-31,66,11,14,-49,-1,37,3,-39,91,31,16,16,37,30,-2,-29,88,13,2,-12,0,30,51,-32,75,34,9,-8,-4,35,-14,-38,91,30,6
76.3000,-26,-9,34,-3,-48,103,42,17,-18,5,26,-9,-32,87,23,8,-21,-8,34,-4,-26,82,40,27,-18,3,29,2,-27,67,9,13,-43,2,29,-1,-34,88,32,17,22,33,33,-1,-22,89,13,7,-12,-6,32,57,-31,82,23,13,-18,-4,32,-20,-42,89,32,12
76.3200,-17,-5,26,-4,-52,96,44,22,-16,7,29,-8,-18,78,20,7,-24,-13,33,-7,-22,78,38,29,-12,10,28,-2,-27,73,10,12,-47,1,30,-2,-38,84,34,19,14,38,29,3,-26,85,20,2,-16,-1,30,53,-27,83,28,7,-15,8,42,-14,-38,98,33,11
76.3400,-23,-5,32,-7,-53,102,47,22,-16,8,31,-6,-25,83,22,4,-26,-2,38,-4,-24,83,41,23,-19,7,34,-3,-35,74,12,10,-50,-2,30,-4,-46,95,36,18,13,38,33,-2,-41,94,11,2,-10,-8,35,56,-30,83,30,11,-14,-2,33,-14,-29,88,29,7
76.3600,-23,3,33,-4,-50,98,44,22,-24,0,34,-2,-17,78,20,2,-37,-3,43,-12,-30,89,43,28,-16,11,28,-1,-29,77,11,11,-52,-1,34,-6,-38,86,36,17,15,33,30,-4,-36,92,16,-3,-8,-6,34,51,-29,83,23,8,-9,1,33,-20,-34,95,30,4
76.3800,-22,-3,40,-8,-49,97,43,19,-18,7,32,-6,-19,75,19,6,-28,-2,35,-5,-34,84,47,21,-12,3,26,-8,-30,70,8,10,-46,-2,31,-3,-37,87,37,20,15,31,32,-2,-32,87,17,-1,-12,-2,25,45,-34,93,23,14,-10,2,31,-17,-32,95,26,5
76.4000,-18,-8,34,-5,-52,91,44,16,-21,3,32,-3,-19,77,18,6,-31,-1,32,-1,-28,86,41,25,-11,8,27,-2,-29,71,9,12,-47,-1,28,5,-27,84,26,17,19,34,36,-4,-30,91,15,3,-10,-2,25,47,-34,87,24,15,-15,-1,32,-18,-37,96,26,7
76.4200,-23,-3,38,-2,-54,97,47,20,-18,7,31,3,-20,77,9,6,-32,0,30,-8,-28,76,43,23,-16,9,31,-1,-31,71,10,6,-45,-3,34,6,-35,85,34,22,13,30,24,0,-27,90,14,8,-16,0,21,48,-32,80,30,13,-17,0,32,-8,-33,92,32,11
76.4400,-27,-3,32,-4,-49,98,45,23,-20,3,36,-3,-9,75,8,8,-28,1,27,-8,-42,88,44,24,-9,9,35,1,-42,71,4,13,-51,-4,25,-5,-42,89,35,23,12,27,29,10,-27,91,14,6,-12,-7,32,47,-32,84,24,21,-12,3,34,-16,-36,90,29,9
76.4600,-21,-8,35,-6,-52,89,44,18,-16,6,27,-7,-12,76,18,6,-32,4,31,-2,-34,88,42,20,-15,5,32,-3,-29,68,10,17,-53,-5,30,-3,-28,87,32,22,7,32,30,-1,-35,93,18,6,-14,-2,27,52,-30,93,19,20,-23,3,36,-10,-30,88,24,9
76.4800,-19,-6,36,6,-46,98,43,23,-20,3,32,-1,-14,77,14,4,-29,7,31,-1,-25,85,42,24,-20,1,28,6,-34,73,7,7,-59,1,30,1,-33,81,29,22,6,37,41,-6,-38,95,25,2,-14,-9,24,53,-32,90,22,18,-18,-3,34,-9,-33,85,25,13
76.5000,-21,1,39,3,-53,101,49,18,-21,15,32,3,-23,79,17,4,-32,6,35,1,-36,87,45,23,-12,4,36,0,-32,77,10,4,-61,-3,34,-1,-31,82,30,22,9,40,31,-4,-23,90,15,8,-11,-4,28,53,-35,89,30,16,-19,-1,35,-8,-33,87,29,8
76.5200,-24,-7,28,4,-45,99,44,17,-25,11,35,-3,-19,75,21,2,-34,6,28,3,-27,87,39,26,-14,11,30,-1,-30,77,14,10,-54,-2,27,1,-30,88,26,20,16,35,32,5,-34,95,9,2,-8,-9,27,50,-27,87,28,7,-26,1,36,0,-28,88,34,9
76.5400,-24,-11,34,-2,-45,104,53,15,-28,11,32,0,-18,81,16,11,-34,4,33,0,-28,85,40,20,-17,6,33,3,-29,69,12,9,-49,-2,27,8,-28,87,32,27,0,41,35,-4,-42,91,20,3,-11,-12,33,50,-33,87,32,19,-18,2,29,-16,-37,84,28,10
76.5600,-25,-7,30,-2,-43,96,46,21,-22,17,34,4,-20,81,19,3,-38,4,33,5,-28,77,44,24,-15,11,30,0,-32,72,12,4,-55,-8,29,9,-34,81,29,13,6,31,29,-4,-38,96,14,3,-18,0,31,53,-38,86,28,16,-17,-2,36,-3,-37,84,27,16
76.5800,-25,3,37,5,-56,101,46,18,-26,23,36,0,-16,76,21,-1,-32,9,32,1,-30,78,42,24,-21,10,29,3,-28,66,9,3,-57,4,41,-7,-38,86,35,21,4,35,33,4,-26,98,25,5,-13,-2,32,56,-39,97,29,12,-15,-5,31,2,-37,84,27,11
76.6000,-21,0,31,-2,-52,90,48,18,-19,19,31,0,-21,83,27,-8,-36,9,35,8,-31,80,40,22,-18,10,36,-3,-31,72,13,1,-54,0,37,-4,-35,89,39,19,5,39,40,-2,-37,99,23,-3,-11,-1,31,55,-39,90,23,13,-17,1,35,2,-32,87,21,11
76.6200,-28,3,37,-6,-55,97,49,15,-23,19,32,-4,-21,82,26,4,-36,6,32,1,-32,78,50,17,-22,12,30,-2,-34,69,15,10,-50,4,41,11,-22,82,28,15,3,50,47,-5,-38,96,29,1,-11,0,33,58,-40,84,32,11,-15,-2,37,-3,-40,89,30,3
76.6400,-20,2,37,-2,-50,101,53,18,-26,17,32,-3,-28,86,27,7,-43,11,35,-2,-36,87,45,21,-21,20,34,2,-37,73,13,9,-52,8,31,3,-27,84,31,19,8,48,34,-1,-31,90,17,-1,-21,-3,32,57,-33,89,35,8,-15,-3,39,-2,-38,86,26,7
76.6600,-22,3,36,-7,-59,105,51,16,-21,16,30,-1,-26,87,21,1,-42,7,34,4,-29,86,49,14,-22,19,39,-3,-44,80,16,1,-58,2,36,1,-39,90,32,13,7,45,34,1,-28,92,23,-2,-16,0,36,52,-34,88,31,8,-19,-7,36,-2,-38,86,32,7
76.6800,-29,-4,35,-2,-52,107,50,11,-22,17,36,4,-26,86,24,2,-35,5,36,1,-25,93,43,17,-25,20,35,-3,-37,79,11,4,-71,4,31,3,-38,84,35,16,8,34,31,-5,-34,91,23,-5,-15,-4,37,54,-36,87,33,-3,-16,-3,29,-6,-41,86,34,4
76.7000,-29,-5,31,-7,-52,100,50,18,-24,21,39,-4,-21,84,28,7,-38,3,36,4,-29,88,44,20,-21,15,30,3,-19,72,9,7,-58,3,41,0,-40,85,34,10,0,36,35,0,-39,95,24,-6,-24,6,38,55,-39,92,36,4,-19,0,29,3,-40,87,36,4
76.7200,-20,-4,38,-4,-46,96,48,22,-27,19,44,2,-24,82,23,3,-38,12,39,4,-38,86,45,13,-19,17,45,3,-38,69,17,5,-64,10,38,-6,-43,88,36,16,5,47,40,-6,-40,95,25,-6,-15,4,40,55,-39,89,32,6,-20,2,32,-1,-44,91,29,3
76.7400,-25,-1,31,0,-52,104,51,13,-24,17,42,-3,-19,81,27,1,-41,9,30,0,-36,96,52,17,-25,17,41,2,-37,71,19,-3,-51,7,37,-5,-44,90,35,9,9,41,37,1,-31,94,15,-3,-21,5,44,55,-33,87,31,0,-24,5,36,-3,-41,88,41,2
76.7600,-26,0,30,-6,-61,106,49,17,-26,20,30,5,-25,84,16,1,-41,7,36,-2,-36,80,49,22,-26,20,35,1,-35,71,14,-3,-59,7,35,7,-37,89,40,9,5,41,44,-5,-34,89,25,-8,-21,0,36,57,-34,94,27,11,-17,5,34,-3,-40,94,41,2
76.7800,-27,-6,37,-3,-52,99,48,15,-26,17,35,-7,-21,85,22,1,-38,-3,32,-1,-31,82,42,27,-30,18,43,1,-39,79,18,3,-59,6,36,1,-30,88,37,16,3,48,30,-4,-32,89,28,-12,-24,6,46,55,-35,89,32,3,-24,6,26,-4,-35,87,30,4
76.8000,-24,-6,36,-3,-53,99,48,20,-25,11,40,-3,-13,85,21,3,-30,5,41,-8,-32,90,41,22,-21,16,40,-1,-28,73,17,0,-62,3,35,1,-34,88,34,6,2,47,37,-3,-27,94,19,-7,-16,6,40,50,-35,93,32,2,-26,12,31,-4,-39,90,36,7
76.8200,-23,0,36,-4,-48,101,50,18,-24,14,35,-2,-22,84,16,3,-33,2,32,1,-27,89,50,23,-28,15,40,-5,-29,72,10,0,-67,0,33,-4,-30,96,31,10,9,41,48,4,-37,92,21,-4,-29,4,36,50,-43,85,35,2,-16,1,21,2,-33,85,35,8
76.8400,-25,-5,30,3,-51,102,47,20,-24,14,38,-1,-15,86,14,6,-35,0,33,5,-34,90,48,20,-24,17,40,-4,-34,71,16,8,-57,6,36,-3,-35,87,39,21,3,43,41,-5,-35,95,20,-7,-18,12,36,51,-41,92,35,9,-25,7,25,-4,-37,86,35,12
76.8600,-18,-3,31,-4,-48,104,48,19,-18,12,41,-6,-14,82,17,8,-35,5,31,5,-26,91,50,16,-13,12,38,-2,-38,74,12,10,-62,-2,34,-3,-38,87,37,18,9,43,41,-5,-38,99,22,4,-22,2,36,52,-30,84,29,5,-15,1,28,0,-31,93,38,11
76.8800,-22,-5,38,-6,-53,95,48,23,-21,4,34,-2,-11,86,11,7,-33,2,26,6,-26,86,50,28,-19,6,37,2,-30,68,12,10,-54,0,37,1,-40,95,30,15,11,43,38,-2,-41,89,24,-2,-16,0,32,56,-36,84,26,13,-19,1,33,-3,-32,94,29,7
76.9000,-15,-14,35,1,-46,94,47,30,-21,11,32,2,-13,80,5,6,-32,-6,33,-1,-25,96,41,30,-15,10,29,-2,-34,70,13,8,-51,1,37,-4,-33,89,31,16,8,41,25,2,-22,96,16,-1,-15,1,36,55,-31,88,20,15,-12,4,45,-9,-40,93,31,14
76.9200,-18,-8,29,-5,-43,99,40,23,-14,4,30,-2,-15,80,13,9,-38,-1,38,-3,-34,85,40,23,-16,11,32,5,-30,70,5,12,-54,-3,31,-3,-32,87,29,17,10,37,33,5,-31,96,19,-1,-17,-6,24,58,-37,88,25,12,-12,-7,33,-2,-31,94,32,15
76.9400,-18,-9,32,-2,-50,98,45,23,-11,-3,32,4,-7,78,11,17,-31,2,36,5,-29,89,36,21,-11,-1,39,-3,-34,66,7,18,-59,-9,40,-8,-38,85,26,20,14,41,33,-5,-30,99,12,6,-11,-8,31,57,-25,90,21,12,-14,-7,27,-9,-30,92,33,14
76.9600,-19,-5,37,-4,-53,98,47,20,-16,5,30,9,-16,79,13,14,-26,-1,28,6,-30,85,37,29,-11,3,34,6,-36,73,5,11,-57,-3,36,12,-27,78,27,22,12,33,34,0,-29,99,12,9,-3,-16,21,61,-25,82,25,17,-14,-8,35,-14,-32,86,23,12
76.9800,-17,-11,32,2,-50,99,43,27,-14,2,33,-5,-15,80,10,12,-32,-2,26,5,-13,87,30,30,-13,0,31,8,-37,76,12,15,-53,-6,36,7,-26,83,23,21,15,36,28,5,-19,87,10,7,-3,-10,28,54,-25,82,19,18,-2,-14,30,-10,-25,79,24,17
77.0000,-25,-8,33,-7,-45,93,43,26,-14,-3,33,10,-7,80,13,11,-34,-8,35,5,-25,94,38,23,-7,5,20,6,-25,63,6,14,-45,-2,38,0,-35,85,23,24,15,34,30,6,-23,90,13,9,-4,-7,31,56,-31,90,22,22,-5,-7,34,-12,-24,82,22,21
77.0200,-21,-9,39,-2,-44,97,39,27,-17,0,30,6,-12,80,13,11,-24,1,24,3,-32,86,36,25,-6,1,25,7,-29,69,8,14,-53,0,34,5,-34,80,24,22,15,36,33,-1,-26,92,9,9,-8,-12,31,65,-25,80,21,19,-5,-8,36,-13,-19,87,23,22
77.0400,-21,-10,42,1,-49,101,42,20,-17,6,32,0,-13,83,12,12,-35,-9,31,4,-25,80,39,23,-11,1,31,9,-29,72,9,14,-54,-4,32,-2,-38,88,24,28,15,38,25,2,-22,91,15,8,-4,-13,20,57,-31,90,24,21,-7,-12,41,-10,-29,80,27,20
77.0600,-21,-11,38,0,-45,94,50,27,-17,5,30,7,-18,82,6,15,-26,3,31,2,-27,85,43,31,-9,2,26,18,-35,68,6,13,-49,-9,31,5,-35,86,28,22,13,30,34,9,-20,88,9,11,-6,-14,24,57,-32,88,24,13,-3,-18,34,-19,-25,82,22,20
77.0800,-22,-10,37,0,-44,95,38,19,-16,-2,32,6,-22,81,16,10,-34,2,34,7,-31,87,41,27,-3,7,19,11,-23,72,3,18,-53,-4,34,2,-36,91,24,18,12,35,30,10,-27,88,14,6,-8,-6,25,60,-28,89,22,17,-3,-15,38,-15,-17,82,13,23
77.1000,-25,-10,34,1,-51,98,43,23,-15,3,34,2,-26,90,13,7,-33,5,37,11,-31,91,41,19,-12,-1,35,-3,-27,66,6,8,-59,-4,36,1,-37,86,25,20,16,34,29,12,-27,90,12,11,-6,-9,28,62,-24,85,17,21,-4,-12,38,-16,-27,83,23,23
77.1200,-24,-3,28,-8,-45,98,42,20,-22,6,34,5,-22,92,11,4,-38,2,31,4,-40,88,46,20,-8,2,27,9,-25,78,3,9,-58,-4,32,1,-40,88,26,15,17,35,33,4,-29,95,11,2,-12,-14,36,65,-22,83,20,21,-6,-12,35,-17,-28,75,24,18
77.1400,-20,-6,36,-2,-53,102,39,23,-17,16,30,3,-18,86,18,3,-36,2,37,8,-34,84,43,24,-16,6,32,4,-30,65,5,18,-56,-4,32,10,-40,87,28,23,10,35,30,3,-29,87,11,4,-15,-7,42,55,-29,99,22,15,-9,-12,40,-15,-28,87,21,14
77.1600,-14,1,36,4,-58,102,46,17,-18,17,37,0,-31,86,25,7,-33,1,34,1,-32,89,49,19,-16,3,32,7,-29,72,2,18,-63,2,29,5,-42,93,27,18,10,39,35,6,-30,99,20,-3,-13,-8,31,58,-31,91,20,17,-9,-5,39,-9,-35,85,24,8
77.1800,-20,-5,35,2,-41,94,47,20,-27,15,36,8,-18,87,23,-1,-41,8,36,4,-30,80,53,15,-11,11,30,4,-25,70,8,11,-75,-4,32,3,-42,92,33,15,15,39,29,9,-30,95,18,3,-11,2,39,60,-32,92,23,11,-10,-3,45,-23,-35,83,23,16
77.2000,-19,-2,36,-2,-49,102,49,24,-26,10,30,5,-14,82,27,1,-39,7,28,3,-32,82,52,30,-14,4,41,6,-24,70,4,10,-80,4,37,4,-48,96,30,8,13,39,30,10,-25,99,19,-4,-12,-6,29,55,-28,86,25,16,-7,-5,34,-5,-27,95,26,17
77.2200,-19,-5,39,-1,-51,99,48,21,-22,12,34,-1,-26,89,21,0,-43,5,27,4,-27,89,43,19,-18,6,37,2,-31,75,7,9,-90,17,39,-1,-48,92,37,15,3,38,34,3,-31,95,18,0,-16,-7,38,56,-33,86,24,16,-14,-2,37,-12,-29,86,24,13
77.2400,-28,8,32,-4,-51,110,55,18,-27,16,43,-2,-31,88,20,3,-45,11,30,8,-33,89,55,19,-21,8,30,2,-35,71,7,13,-98,15,35,2,-42,94,41,4,-8,46,35,0,-42,99,20,-8,-16,-1,37,56,-34,92,33,8,-11,0,37,-12,-32,85,23,20
77.2600,-27,0,33,-1,-53,101,44,18,-30,16,39,-1,-30,83,31,2,-55,11,41,1,-38,91,51,15,-20,11,39,0,-31,75,10,10,-102,23,42,6,-42,93,45,2,-22,55,32,9,-40,98,17,-15,-14,-3,39,63,-38,85,29,9,-12,4,33,-7,-30,86,25,12
77.2800,-26,-3,29,1,-51,100,46,26,-25,11,41,-4,-20,85,29,4,-57,9,38,1,-35,84,46,17,-23,8,42,2,-34,71,13,11,-126,41,42,1,-50,91,38,-4,-29,61,40,0,-35,95,28,-14,-16,-2,43,55,-32,96,25,6,-14,4,41,-6,-34,92,33,6
77.3000,-25,-4,29,-4,-48,100,46,16,-29,16,39,1,-17,82,24,0,-61,19,38,-2,-32,76,53,16,-28,10,39,0,-34,74,17,7,-133,47,42,2,-51,99,51,-17,-43,74,47,-1,-47,93,28,-18,-25,-4,43,55,-47,96,36,7,-23,-2,42,-10,-29,91,29,10
77.3200,-36,2,37,1,-60,107,49,20,-28,16,41,4,-14,76,23,-1,-69,21,32,6,-25,83,51,10,-35,22,36,4,-38,76,17,3,-145,64,39,-2,-50,93,55,-22,-59,84,35,1,-38,96,33,-29,-27,2,39,52,-43,102,39,12,-16,-5,38,-16,-38,93,30,2
77.3400,-34,6,34,-7,-58,104,58,16,-27,12,43,-8,-21,79,28,-3,-83,28,36,-1,-32,87,56,14,-41,20,37,4,-44,75,21,-7,-152,77,40,0,-56,90,65,-27,-79,98,36,2,-44,102,36,-36,-25,-3,41,53,-45,92,34,12,-20,-1,40,-9,-36,92,38,10
77.3600,-49,4,39,-7,-60,107,58,11,-28,20,41,-3,-33,86,33,1,-98,36,39,-3,-27,83,58,4,-54,23,48,-5,-52,79,22,-7,-168,94,42,1,-58,95,71,-48,-84,112,38,8,-31,93,46,-41,-20,-4,45,59,-43,91,37,10,-19,3,39,-1,-38,96,35,9
77.3800,-53,12,39,-7,-68,103,59,9,-33,17,37,-4,-21,81,21,-2,-105,56,41,-4,-44,85,58,0,-65,36,31,-1,-38,76,23,-16,-169,110,46,-3,-70,92,73,-53,-98,134,38,-8,-55,98,60,-64,-21,5,41,49,-41,92,31,5,-23,10,38,-7,-38,98,32,5
77.4000,-53,15,39,-4,-57,101,57,4,-36,20,43,-5,-13,79,24,-5,-109,65,39,-2,-35,88,62,-18,-67,57,42,1,-46,78,25,-23,-164,115,44,-4,-66,94,86,-69,-108,153,46,-9,-64,105,69,-69,-24,2,41,53,-42,94,41,10,-28,4,42,-1,-45,99,32,7
77.4200,-67,25,30,0,-51,103,60,7,-41,27,38,1,-14,77,17,-4,-123,75,40,0,-40,92,73,-26,-87,66,31,1,-50,77,31,-27,-154,118,36,0,-79,105,100,-77,-108,168,37,-7,-72,106,78,-86,-23,0,43,51,-43,92,33,5,-19,12,36,-4,-48,105,32,3
77.4400,-81,34,33,2,-58,105,62,-4,-54,29,39,-5,-26,87,22,-12,-127,86,39,-2,-46,96,76,-37,-94,73,34,-4,-48,81,47,-42,-131,122,40,-1,-94,110,111,-79,-107,175,45,-6,-85,111,91,-101,-19,1,37,54,-39,89,34,1,-27,2,42,-6,-41,98,37,0
77.4600,-95,47,35,-4,-70,103,68,-15,-63,30,41,-8,-18,79,17,-9,-131,93,36,-2,-56,91,89,-46,-102,94,36,1,-53,83,45,-48,-110,110,43,1,-100,116,120,-86,-93,175,44,-3,-99,116,97,-103,-20,3,38,51,-45,89,34,7,-22,9,35,-9,-43,98,40,3
77.4800,-104,56,41,-2,-71,110,79,-20,-70,50,38,-6,-15,79,28,-20,-125,103,36,0,-70,104,99,-52,-114,108,45,-3,-61,83,53,-57,-77,95,41,-1,-111,132,127,-76,-74,174,41,-9,-105,127,121,-110,-20,2,34,57,-33,96,40,0,-24,4,32,-7,-44,98,40,6
77.5000,-112,76,33,-4,-73,112,88,-30,-80,52,31,-1,-15,85,23,-26,-107,103,24,3,-66,107,108,-55,-117,113,40,0,-76,85,73,-72,-34,61,40,0,-117,139,126,-66,-37,157,41,-4,-124,145,121,-108,-22,7,39,56,-39,85,36,-3,-18,1,31,-1,-28,91,31,8
77.5200,-124,86,37,-4,-81,114,94,-48,-98,68,34,-3,-27,85,38,-37,-92,100,34,0,-81,119,115,-61,-118,123,34,-4,-83,93,74,-75,16,21,37,-3,-132,153,121,-40,9,129,37,-2,-119,146,132,-99,-17,7,39,57,-34,95,26,3,-22,0,37,-1,-36,95,40,12
77.5400,-129,101,43,-1,-94,124,105,-56,-112,78,34,-4,-31,95,52,-38,-72,87,36,3,-101,134,123,-60,-107,133,34,4,-90,102,83,-86,61,-25,34,1,-126,159,115,-16,59,102,37,-3,-141,166,130,-91,-17,8,30,53,-30,90,36,5,-21,0,35,-5,-43,89,34,10
77.5600,-125,113,33,7,-102,127,111,-65,-120,88,29,2,-34,94,54,-45,-36,69,36,4,-107,135,128,-49,-86,111,36,4,-102,112,91,-87,107,-84,43,1,-135,173,102,21,123,52,36,0,-141,182,132,-57,-20,4,33,57,-31,90,33,1,-16,-2,32,-4,-29,89,32,12
77.5800,-116,108,41,2,-119,139,131,-68,-122,102,30,1,-44,104,65,-58,0,41,31,-1,-117,152,127,-41,-55,101,30,-3,-108,122,98,-82,160,-140,33,-6,-128,184,70,65,179,-10,37,2,-148,192,112,-19,-19,3,36,62,-34,88,35,9,-15,2,36,-6,-40,93,29,13
77.6000,-107,106,42,2,-128,148,138,-72,-128,118,30,5,-67,114,74,-75,46,5,28,11,-117,169,121,-15,-24,79,32,6,-121,131,100,-66,200,-192,37,1,-108,191,40,110,232,-84,35,-3,-141,211,89,27,-15,2,25,60,-29,90,30,6,-18,-4,32,0,-31,91,26,19
77.6200,-75,100,30,1,-133,161,138,-72,-120,116,40,-2,-77,121,92,-77,91,-44,28,10,-117,168,102,14,25,42,32,2,-132,145,96,-52,241,-250,34,0,-80,188,-7,158,289,-157,33,-2,-131,209,51,83,-18,2,34,56,-23,87,23,11,-17,-6,40,-6,-40,86,37,8
77.6400,-44,62,36,2,-146,174,149,-68,-111,117,38,1,-95,135,100,-88,132,-96,34,0,-121,178,84,56,74,6,40,2,-125,153,84,-25,268,-300,32,0,-49,191,-55,211,342,-220,37,7,-97,212,0,137,-13,0,35,54,-28,89,24,16,-16,2,35,-4,-37,86,20,15
77.6600,1,38,31,-5,-157,186,145,-45,-87,109,30,6,-106,150,114,-82,189,-159,29,11,-85,178,50,96,128,-54,29,6,-117,159,70,12,284,-351,30,1,0,170,-114,263,380,-281,39,6,-60,210,-57,203,-15,5,30,55,-31,81,29,12,-16,-1,39,4,-36,84,23,8
77.6800,51,-3,33,2,-156,202,141,-16,-63,90,30,2,-117,159,115,-80,220,-211,31,9,-66,171,13,146,177,-113,28,-3,-109,167,35,61,287,-380,35,4,54,149,-163,306,400,-343,32,-11,-4,185,-121,255,-13,2,30,63,-23,84,21,17,-14,-6,40,-8,-35,84,29,9
77.7000,113,-56,40,3,-149,203,121,15,-21,70,24,0,-128,177,117,-71,250,-261,36,3,-31,167,-25,188,221,-185,28,5,-80,173,-2,112,271,-398,37,1,109,107,-219,325,407,-386,38,-2,51,161,-182,304,-20,-1,31,57,-25,88,18,9,-14,-8,31,1,-23,83,20,8
77.7200,173,-118,35,0,-134,214,91,61,26,26,31,6,-127,192,105,-42,270,-311,36,2,15,148,-81,230,279,-236,27,5,-54,162,-50,157,234,-384,35,4,174,63,-269,345,395,-413,33,-2,116,122,-244,347,-19,-3,30,57,-33,90,18,11,-14,-2,33,-3,-27,90,27,8
77.7400,232,-188,36,3,-103,202,47,110,89,-23,35,0,-125,195,95,-8,273,-336,38,11,63,116,-136,272,310,-300,34,9,-5,143,-106,209,187,-369,42,1,223,12,-300,345,357,-410,36,3,190,66,-305,367,-14,-7,34,58,-29,85,21,18,-15,1,32,1,-34,87,26,13
77.7600,276,-260,37,-1,-72,195,1,165,145,-87,39,6,-115,198,60,33,255,-347,34,8,117,79,-175,302,328,-345,36,3,44,114,-156,255,129,-323,46,7,280,-49,-330,334,306,-396,30,10,269,5,-365,376,-18,-14,33,55,-32,88,20,18,-12,-2,32,-9,-29,83,28,5
77.7800,319,-319,37,3,-25,176,-60,223,197,-156,33,-2,-83,198,20,83,235,-345,36,0,166,36,-219,314,324,-378,39,1,108,70,-213,299,58,-270,39,9,318,-110,-337,311,244,-334,42,4,328,-65,-392,371,-14,-10,37,58,-32,83,25,18,-13,5,40,-9,-32,90,31,10
77.8000,344,-365,35,-2,36,142,-120,282,261,-221,39,0,-53,180,-27,140,193,-326,36,1,225,-22,-260,315,313,-387,42,3,163,26,-263,323,-21,-191,37,2,349,-169,-324,268,155,-266,41,4,384,-141,-403,339,-2,-13,36,60,-32,96,19,21,-12,1,31,-5,-38,96,32,-1
77.8200,356,-411,39,1,97,92,-187,326,315,-294,33,1,15,153,-93,198,136,-288,40,-2,264,-77,-277,307,273,-374,41,5,223,-34,-306,331,-108,-89,34,3,363,-225,-295,201,61,-176,37,-1,418,-215,-394,289,-9,-10,33,63,-30,91,27,16,-11,-1,39,-1,-28,93,30,12
77.8400,353,-434,42,0,169,43,-242,364,348,-358,38,4,59,118,-143,250,75,-229,42,2,308,-132,-278,275,229,-337,39,2,277,-95,-330,325,-209,8,39,6,353,-271,-245,132,-48,-64,35,3,441,-277,-373,213,-8,-13,32,57,-30,90,27,19,-14,-4,32,-2,-30,89,33,10
77.8600,330,-437,41,-4,234,-25,-291,383,375,-401,41,-1,131,66,-221,306,-6,-149,43,2,327,-186,-263,226,162,-293,39,8,320,-162,-343,313,-317,115,38,-2,333,-314,-181,45,-163,54,37,5,426,-336,-307,121,-3,-12,41,59,-31,93,23,22,-14,-5,37,-1,-32,95,30,7
77.8800,294,-417,39,1,290,-96,-331,387,381,-441,36,-4,202,8,-274,346,-85,-61,37,1,328,-229,-230,163,91,-214,49,5,344,-210,-330,268,-438,233,42,6,284,-318,-99,-47,-284,195,42,6,393,-370,-225,24,-6,-13,41,66,-38,98,31,16,-21,-6,31,-4,-33,97,30,10
77.9000,231,-370,42,-2,342,-167,-353,369,369,-449,36,6,282,-62,-340,373,-179,29,41,3,319,-267,-182,94,-5,-122,42,14,359,-268,-305,202,-572,361,44,6,220,-325,-20,-142,-403,332,44,1,329,-386,-115,-87,-7,-8,38,63,-31,101,24,19,-16,-6,37,-6,-27,93,32,12
77.9200,154,-298,34,-3,378,-229,-346,331,334,-428,34,12,344,-133,-363,379,-258,138,40,-3,278,-290,-108,4,-90,-27,38,9,344,-312,-251,128,-704,484,36,2,140,-288,80,-240,-530,460,40,4,247,-373,-18,-196,-11,-12,42,62,-36,97,26,18,-16,-3,29,-5,-34,99,32,18
77.9400,73,-205,37,-2,395,-287,-322,268,275,-395,37,2,393,-202,-396,373,-349,241,39,-3,223,-282,-27,-80,-179,74,32,8,307,-330,-184,46,-865,611,45,1,38,-245,174,-336,-650,588,38,4,136,-324,103,-298,-3,-11,28,61,-34,92,29,15,-13,-9,38,-9,-29,94,26,14
77.9600,-40,-105,32,1,376,-337,-265,189,190,-324,38,0,427,-272,-391,332,-440,338,37,-6,148,-252,61,-167,-264,178,37,8,244,-327,-105,-45,-1022,738,36,2,-56,-163,272,-422,-778,695,37,-7,18,-254,207,-404,-8,-9,33,59,-46,89,24,12,-10,-8,42,-5,-35,97,24,13
77.9800,-148,13,32,4,350,-353,-195,108,97,-234,31,3,447,-333,-374,269,-515,421,36,-2,61,-208,145,-242,-346,278,29,8,164,-298,-3,-141,-1180,864,40,1,-166,-76,363,-511,-910,812,39,2,-104,-159,317,-503,-7,-11,37,60,-38,91,25,10,-12,-9,47,-8,-33,95,21,21
78.0000,-256,137,37,0,284,-351,-104,11,-19,-124,34,13,444,-369,-314,194,-592,494,30,6,-36,-143,239,-307,-428,363,34,9,78,-251,80,-223,-1335,986,43,2,-282,33,440,-583,-1028,917,34,9,-233,-43,414,-568,-8,-15,33,57,-42,94,28,20,-8,-11,37,-13,-25,91,27,23
78.0200,-374,252,40,-6,203,-329,-7,-96,-134,13,37,8,392,-393,-229,95,-665,563,39,9,-141,-56,310,-375,-494,440,36,11,-19,-170,169,-292,-1494,1116,37,2,-411,155,522,-664,-1141,999,41,4,-370,102,501,-634,-8,-13,34,65,-42,90,27,15,-13,-8,47,-10,-34,91,25,22
78.0400,-477,366,31,-1,109,-264,97,-195,-250,153,43,4,325,-380,-129,-21,-730,607,41,3,-233,53,373,-415,-558,501,28,6,-117,-74,248,-351,-1621,1238,42,6,-524,273,605,-733,-1278,1090,39,8,-487,244,564,-682,-15,-6,37,63,-43,94,24,19,-15,-9,44,-8,-33,89,24,15
78.0600,-599,472,32,-3,0,-184,194,-285,-375,290,35,10,222,-347,-12,-133,-796,659,38,6,-329,161,425,-437,-644,559,29,9,-220,39,313,-399,-1695,1365,33,7,-642,397,672,-814,-1397,1176,30,4,-591,388,622,-725,-10,-7,27,62,-36,90,35,7,-14,-9,40,-15,-30,93,21,22
78.0800,-715,575,32,3,-128,-75,294,-378,-483,403,39,8,110,-274,104,-256,-890,693,35,4,-408,281,464,-443,-730,612,32,9,-314,156,362,-426,-1732,1477,34,-3,-757,523,756,-897,-1507,1263,33,6,-693,517,678,-763,-11,0,39,67,-25,87,32,9,-12,-11,44,-13,-29,89,23,24
78.1000,-821,679,31,-5,-256,49,381,-453,-594,523,41,2,-30,-158,227,-361,-999,739,31,6,-478,396,484,-452,-827,678,34,11,-393,270,408,-452,-1700,1553,43,3,-874,629,850,-1012,-1569,1348,36,13,-789,634,734,-812,-17,1,39,61,-30,89,35,7,-12,-9,42,-8,-25,80,25,16
78.1200,-942,769,32,-1,-372,184,458,-510,-662,609,37,-1,-178,-25,330,-450,-1117,796,38,14,-542,481,506,-463,-968,750,36,2,-468,376,441,-480,-1482,1564,41,7,-989,720,969,-1132,-1550,1419,39,6,-884,720,807,-881,-26,3,35,60,-35,90,34,8,-10,-2,37,-9,-23,87,30,11
78.1400,-1054,859,32,2,-472,324,525,-562,-738,671,35,1,-303,123,424,-509,-1231,875,45,2,-593,555,532,-488,-1139,849,35,7,-533,457,492,-506,-821,1484,40,11,-1106,801,1138,-1258,-1375,1446,34,2,-974,787,904,-967,-27,9,31,59,-41,90,36,7,-16,-2,36,-12,-24,86,26,15
78.1600,-1193,951,34,-5,-590,452,597,-614,-784,709,31,-4,-430,285,490,-548,-1317,968,35,5,-628,601,573,-530,-1340,982,31,2,-597,524,533,-559,387,1150,33,6,-1243,860,1314,-1327,-887,1380,35,6,-1069,822,1040,-1067,-27,11,27,63,-36,94,37,-1,-25,-7,37,-4,-23,80,23,11
78.1800,-1337,1056,37,-7,-692,566,667,-657,-825,730,42,-2,-548,447,530,-559,-1272,1058,33,5,-676,628,646,-620,-1522,1149,45,-8,-658,567,608,-635,1657,436,35,3,-1396,907,1507,-1291,31,1122,45,-4,-1181,852,1211,-1137,-34,12,40,52,-45,93,36,-8,-20,-1,36,-3,-28,83,32,10
78.2000,-1476,1179,40,-7,-794,663,747,-716,-849,741,43,-17,-631,582,558,-542,-1014,1079,38,0,-730,629,748,-725,-1628,1321,46,-6,-740,587,709,-768,1963,-764,35,-2,-1525,944,1635,-1013,1395,562,43,-5,-1320,863,1388,-1121,-34,20,34,62,-46,96,47,-3,-28,-1,39,-14,-28,86,23,8
78.2200,-1576,1303,43,-22,-886,735,831,-792,-910,745,48,-16,-693,689,577,-515,-399,964,44,0,-819,605,901,-824,-1630,1473,44,-20,-835,603,843,-941,2038,-1774,35,-15,-1627,994,1681,-367,1879,-426,52,-12,-1446,875,1530,-900,-47,24,36,59,-53,106,45,-10,-22,4,39,-6,-33,89,29,7
78.2400,-1610,1417,52,-22,-985,788,943,-895,-987,773,51,-26,-737,755,586,-484,664,607,41,-6,-925,582,1076,-863,-1415,1528,49,-19,-967,620,1023,-1126,2047,-2013,33,-15,-1647,1063,1593,764,2013,-1626,36,-17,-1537,899,1586,-370,-53,33,29,57,-65,120,56,-21,-28,11,38,-9,-43,96,37,-4
78.2600,-1534,1480,52,-25,-1099,819,1086,-1021,-1086,831,50,-35,-758,775,615,-485,1706,-116,54,-26,-1061,572,1240,-725,-756,1412,52,-29,-1124,644,1243,-1274,2047,-2048,41,-17,-1589,1151,1158,1747,2037,-1962,49,-30,-1571,952,1475,596,-56,36,36,59,-75,134,70,-31,-27,19,40,-8,-49,103,41,-4
78.2800,-1212,1454,50,-37,-1230,838,1253,-1157,-1189,914,58,-40,-779,766,658,-519,1961,-1278,56,-30,-1186,590,1325,-324,436,979,55,-43,-1302,697,1447,-1292,2047,-2048,50,-29,-1274,1262,166,1978,2040,-2048,52,-40,-1486,1048,1027,1669,-67,47,34,62,-85,146,84,-41,-35,26,47,-8,-61,108,51,-8
78.3000,-487,1234,58,-52,-1359,872,1431,-1228,-1242,1009,62,-56,-805,703,743,-597,2035,-1865,53,-42,-1260,642,1246,455,1666,84,61,-46,-1476,796,1590,-1089,2047,-2048,48,-34,-531,1351,-1363,2035,2041,-2048,56,-51,-1125,1147,85,1948,-74,68,43,56,-104,158,100,-48,-41,24,44,-6,-66,122,58,-19
78.3200,712,679,58,-58,-1491,915,1566,-1165,-1152,1070,63,-66,-854,630,873,-708,2047,-2027,52,-50,-1209,747,866,1533,1958,-1317,62,-65,-1588,941,1600,-523,2047,-2048,52,-48,704,1350,-1889,2042,2039,-2048,61,-56,-373,1228,-1361,2030,-74,79,46,52,-114,182,108,-67,-43,37,38,-11,-64,117,61,-15
78.3400,1729,-296,64,-67,-1574,993,1611,-861,-821,1032,64,-79,-952,556,1054,-817,2047,-2048,57,-54,-904,862,52,1890,2035,-1894,65,-69,-1597,1119,1389,512,2042,-2048,63,-59,1724,1156,-2017,2044,2041,-2048,68,-67,853,1204,-1879,2044,-86,88,43,47,-130,184,124,-79,-31,34,43,-13,-68,124,66,-25
78.3600,1973,-1562,64,-76,-1586,1108,1531,-197,-103,776,76,-92,-1060,529,1226,-862,2047,-2048,64,-64,-264,955,-1247,2003,2045,-2045,69,-77,-1404,1293,726,1656,1318,-2048,68,-67,1957,630,-2036,2042,2039,-2048,68,-73,1751,964,-2012,2045,-94,98,43,52,-133,202,128,-86,-35,30,37,-7,-78,131,74,-22
78.3800,2037,-1939,74,-80,-1465,1234,1132,930,1099,187,81,-91,-1177,544,1336,-734,2047,-2048,69,-66,827,924,-1848,2032,2046,-2048,78,-79,-821,1411,-463,1947,-1734,-2048,71,-81,2011,-371,-2039,2042,1915,-2048,76,-85,1960,373,-2034,2045,-87,101,41,51,-147,208,143,-85,-24,25,43,-9,-75,136,73,-25
78.4000,2046,-2048,71,-91,-1048,1334,255,1770,1810,-850,75,-91,-1242,623,1286,-321,2045,-2048,70,-73,1721,670,-2001,2036,2047,-2048,75,-72,241,1386,-1668,2029,-2035,-445,74,-87,2019,-1601,-2039,2040,-1289,-2048,76,-87,2011,-670,-2038,2044,-98,103,51,37,-155,210,138,-83,-19,15,34,-6,-76,136,81,-21
78.4200,2047,-2048,80,-86,-223,1347,-1114,1975,1991,-1754,84,-89,-1171,764,959,498,1927,-2048,77,-77,1939,75,-2036,2036,2046,-2048,73,-78,1553,1095,-1948,2043,-2048,1812,70,-91,2020,-1935,-2038,1932,-1986,-1404,83,-91,2019,-1706,-2038,2043,-91,103,50,26,-155,209,136,-77,-7,7,46,-10,-78,143,63,-5
78.4400,2047,-2048,80,-76,1048,1170,-1832,2033,2039,-1989,74,-76,-852,901,251,1571,-1025,-2042,81,-73,2005,-950,-2042,2035,2044,-2048,77,-73,1904,408,-2019,2045,-2048,2031,87,-98,2019,-2028,-2038,-1124,-2048,1643,90,-93,2020,-1960,-2037,1947,-81,84,52,25,-137,193,130,-60,1,3,49,-14,-74,129,63,-4
78.4600,2047,-2048,76,-69,1786,678,-2001,2041,2046,-2048,84,-60,-187,980,-936,1903,-1946,-1228,82,-67,2017,-1757,-2042,2021,1992,-2048,79,-57,2000,-762,-2029,2044,-2048,2047,79,-99,2019,-2044,-2032,-1909,-2048,2004,89,-91,2019,-2033,-2034,-757,-58,56,66,16,-128,184,101,-40,12,-11,52,-28,-58,124,48,16
78.4800,2047,-2048,74,-42,1964,-235,-2037,2043,2045,-2048,79,-39,926,869,-1776,2011,-2048,1630,80,-56,2017,-1961,-2043,1827,-63,-2048,75,-32,2018,-1740,-2030,2044,-2048,2047,88,-83,2017,-2046,-1647,-2016,-2048,2047,93,-68,2017,-2045,-2026,-1876,-38,37,68,12,-91,159,70,-16,13,-28,47,-23,-57,122,37,22
78.5000,1976,-2048,75,-9,2010,-1491,-2042,2043,2046,-2048,71,7,1745,446,-1974,2039,-2048,2007,76,-29,2017,-2028,-2039,-1175,-1878,-1548,64,4,2018,-1968,-2030,2034,-2048,2047,81,-62,1959,-2046,1612,-2032,-2048,2047,85,-40,2016,-2047,-1522,-2008,-25,1,67,-1,-48,122,23,22,13,-28,52,-34,-37,114,29,37
78.5200,-271,-2041,67,25,2016,-1897,-2043,2042,2047,-2048,53,47,1945,-382,-2029,2044,-2048,2047,73,1,2016,-2043,-1980,-1920,-2048,1574,52,37,2020,-2031,-2029,1844,-2048,2047,73,-42,-392,-2043,2004,-2033,-2048,2047,76,-2,1912,-2047,1627,-2029,12,-40,74,-4,10,67,-32,70,11,-37,55,-36,-24,92,6,50
78.5400,-1891,-1006,61,64,2017,-2017,-2043,2018,2025,-2048,37,99,2004,-1511,-2038,2044,-2048,2047,59,32,1992,-2045,-382,-2021,-2048,1996,47,91,2019,-2043,-2027,-1245,-2048,2047,67,8,-1897,-2044,2047,-2033,-2048,2047,64,35,-958,-2043,2008,-2030,34,-82,76,-15,73,6,-96,116,15,-36,45,-30,4,82,-22,62
78.5600,-2048,1692,34,122,2017,-2044,-2042,1509,1531,-2048,9,154,2013,-1882,-2038,2042,-2048,2047,45,74,1537,-2042,1794,-2041,-2048,2047,32,134,2016,-2045,-1913,-1922,-2048,2047,59,43,-2048,-1949,2047,-2033,-2048,2047,46,89,-1936,-2031,2047,-2030,76,-135,67,-13,150,-66,-163,167,10,-50,39,-33,29,49,-45,78
78.5800,-2048,2015,15,173,2015,-2048,-2023,-1511,-1575,-1734,-5,203,2016,-1998,-2039,2009,-2048,2047,35,125,-1515,-2033,2029,-2041,-2048,2047,2,181,1947,-2043,960,-2013,-1510,2047,37,95,-2048,788,2047,-2032,-2048,2047,28,148,-2048,-1744,2047,-2030,112,-189,60,-12,214,-134,-233,203,-7,-49,46,-23,59,28,-63,77
78.6000,-2048,2047,-9,210,2002,-2048,-1539,-1959,-2021,1388,-19,239,2015,-2031,-2037,1541,-2048,2047,19,157,-2002,-1918,2047,-2040,-2048,2047,-10,226,-57,-2039,1937,-2032,1664,2047,20,152,-2048,1868,2047,-2032,-2026,2047,19,202,-2048,1389,2047,-2030,141,-227,57,-7,291,-211,-284,251,-9,-51,39,-25,84,11,-75,79
78.6200,-2048,2047,-31,251,1728,-2048,1558,-2025,-2048,1971,-41,284,2014,-2037,-1999,-1423,-2048,2047,16,199,-2048,184,2047,-2039,-2048,2047,-29,248,-1860,-2006,2047,-2033,1984,769,17,193,-2048,1999,2047,-2032,1143,2047,3,243,-2048,1931,2047,-2030,171,-269,58,4,349,-269,-331,284,-11,-42,49,-21,103,-21,-88,73
78.6400,-2048,2047,-33,284,-1409,-2037,1996,-2034,-2048,2047,-52,311,1975,-2037,-1179,-1943,-1998,2047,-3,229,-2048,1799,2047,-2041,-2048,2047,-28,266,-2048,-1205,2047,-2032,2041,-1782,6,236,-2048,2022,2047,-1887,1907,1811,-3,277,-2048,2011,2047,-2030,196,-296,55,2,388,-325,-357,304,-34,-38,53,-14,111,-40,-93,69
78.6600,-2048,2047,-50,296,-1988,-1884,2047,-2035,-2048,2047,-60,317,1248,-2032,1630,-2020,1129,2047,-9,249,-2048,1993,2047,-2041,-2048,2047,-42,277,-2048,1578,2047,-2031,2046,-2030,-2,266,-2048,2025,2047,1383,2017,-1520,-20,310,-2048,2023,2047,-1942,212,-310,69,20,419,-356,-362,305,-25,-27,53,-7,103,-55,-85,57
78.6800,-2048,2047,-54,302,-2048,842,2047,-2035,-2048,2047,-72,310,-1590,-1972,2011,-2031,1913,1342,-19,255,-2048,2023,2047,-2035,-2048,2047,-48,271,-2048,1960,2047,-2031,2047,-2048,-7,295,-2048,2027,2047,1950,2036,-1996,-29,318,-2048,2028,2047,1090,234,-305,62,53,414,-366,-347,309,-22,-18,48,0,106,-63,-67,45
78.7000,-2048,2047,-78,299,-2048,1863,2047,-2033,-2048,2047,-87,291,-2012,-1038,2047,-2033,2027,-1652,-37,257,-2048,2027,2047,-1669,-53,2047,-66,251,-2048,2017,2047,-2031,2047,-2048,-27,306,-2048,2026,1724,2030,2039,-2048,-51,322,-2048,2025,2047,1914,234,-291,51,89,388,-350,-305,276,-14,-12,48,10,94,-60,-52,42
78.7200,-2044,2047,-103,273,-2048,1997,2047,-2033,-2048,2047,-129,257,-2048,1547,2047,-2032,2044,-2014,-62,242,-2048,2028,2047,1506,1815,1733,-95,224,-2048,2027,2047,-2027,2047,-2048,-51,316,-2021,2026,-1582,2042,2041,-2048,-81,307,-2048,2024,1713,2028,240,-269,33,120,330,-307,-250,238,-1,-23,39,21,78,-55,-33,40
78.7400,474,2047,-140,245,-2048,2019,2047,-2033,-2048,2047,-166,206,-2048,1961,2047,-2032,2047,-2048,-97,222,-2048,2028,2028,1961,2006,-1530,-133,180,-2048,2029,2047,-1751,2047,-2048,-80,309,783,2021,-1971,2041,2040,-2048,-127,286,-1987,2025,-1565,2043,229,-237,-8,165,266,-241,-178,190,22,-29,17,43,59,-45,-21,30
78.7600,1855,1036,-176,192,-2048,2022,2047,-2011,-2048,2047,-198,121,-2048,2021,2047,-2031,2047,-2048,-137,187,-2048,2028,67,2023,2039,-1996,-175,136,-2048,2030,2047,1464,2047,-2048,-136,295,1863,2024,-2027,2041,2040,-2048,-169,236,1043,2023,-1968,2045,221,-195,-44,212,169,-150,-92,140,36,-49,3,57,40,-29,-12,43
78.7800,2016,-1704,-206,119,-2048,2024,2047,-828,-1161,2047,-219,46,-2048,2031,2047,-2031,2047,-2048,-173,133,-1187,2026,-1816,2037,2045,-2048,-213,70,-2048,2029,1981,1963,2047,-2048,-179,244,1996,1899,-2037,2040,2040,-2048,-221,178,1886,2020,-2026,2044,200,-154,-81,253,51,-28,-8,79,68,-63,-33,66,34,-11,-7,53
78.8000,2042,-2020,-243,40,-2048,2024,2047,1706,1666,1636,-223,-57,-2048,2032,2047,-1998,2047,-2048,-206,60,1622,2025,-2008,2036,2046,-2048,-239,6,-2011,2028,-1028,2032,2038,-2048,-221,192,2017,-1253,-2040,2043,2040,-2048,-260,98,1999,1598,-2035,2045,165,-104,-113,288,-39,90,75,14,92,-91,-32,78,24,23,-5,68
78.8200,2047,-2048,-251,-46,-2048,2025,1463,1993,1986,-1535,-220,-154,-2048,2033,2047,-683,2047,-2048,-220,-4,1960,1875,-2037,2036,2045,-2048,-242,-54,399,2025,-1894,2044,1121,-2048,-255,119,2019,-1929,-2038,2042,2040,-2048,-270,20,2015,-1542,-2036,2044,126,-54,-146,317,-141,232,139,-57,117,-109,-48,84,12,56,-22,72
78.8400,2047,-2048,-226,-130,-1644,2023,-1592,2035,2036,-1999,-167,-244,-2048,2035,2044,1719,2047,-2048,-211,-71,2009,-1107,-2041,2034,2046,-2048,-221,-117,1832,1997,-2009,2044,-1700,-2048,-267,40,2021,-2028,-2039,2041,1915,-2048,-270,-67,2019,-1971,-2036,2044,63,7,-154,331,-241,370,202,-121,126,-125,-52,87,-10,86,-23,75
78.8600,2047,-2048,-185,-211,1478,2016,-1978,2041,2045,-2048,-115,-317,-2042,2033,640,1996,2045,-2048,-179,-141,2017,-1908,-2041,2033,2047,-2048,-175,-166,1989,710,-2026,2043,-2034,-574,-246,-55,2020,-2044,-2040,2039,-1107,-2048,-242,-147,2019,-2035,-2036,2043,-2,76,-156,335,-337,496,262,-184,125,-128,-32,87,-29,128,-11,69
78.8800,2047,-2048,-122,-276,1939,1803,-2033,2042,2046,-2048,-33,-358,-587,2029,-1730,2039,1757,-2048,-132,-199,2018,-2023,-2042,2033,2047,-2048,-102,-211,2015,-1707,-2029,2043,-2048,1753,-206,-149,2020,-2048,-2040,1720,-1957,-1661,-184,-225,2019,-2045,-2038,2044,-103,155,-155,321,-431,610,326,-252,116,-123,-29,94,-49,164,2,64
78.9000,2047,-2048,-42,-332,2005,-1268,-2041,2042,2047,-2048,40,-387,1703,1960,-1994,2045,-1464,-2036,-83,-240,2019,-2041,-2041,2033,2045,-2048,-18,-250,2018,-1991,-2028,2041,-2048,2023,-148,-237,2019,-2047,-2038,-1490,-2048,1480,-120,-285,2018,-2047,-2036,1879,-215,237,-150,308,-517,690,386,-310,75,-97,-21,94,-75,202,33,42
78.9200,2047,-2048,45,-388,2015,-1932,-2043,2041,2046,-2048,113,-381,1969,164,-2032,2045,-1998,-441,-31,-266,2018,-2045,-2042,2008,1936,-2048,75,-288,2019,-2037,-2030,2042,-2048,2047,-88,-320,2018,-2046,-2023,-1955,-2048,1979,-38,-344,2017,-2046,-2038,-1241,-332,323,-157,289,-598,732,457,-356,28,-56,-26,101,-117,234,86,19
78.9400,2043,-2048,148,-420,2017,-2030,-2043,2042,2045,-2048,190,-366,2011,-1762,-2037,2044,-2048,1758,31,-281,2018,-2045,-2038,719,-795,-2047,168,-336,2018,-2042,-2030,2043,-2048,2047,-17,-413,2016,-2045,-997,-2021,-2048,2047,38,-390,2018,-2048,-2017,-1917,-455,411,-157,250,-681,751,544,-399,-21,5,-23,92,-183,267,152,-11
78.9600,1840,-2048,243,-467,2016,-2046,-2042,2041,2046,-2048,255,-338,2015,-1997,-2037,2043,-2048,2024,98,-298,2016,-2045,-2039,-1710,-1915,-918,259,-402,2017,-2043,-2029,2014,-2048,2047,57,-489,1836,-2044,1701,-2034,-2048,2047,120,-441,2013,-2046,-997,-2014,-568,500,-158,188,-766,749,637,-425,-75,60,-37,78,-249,292,225,-58
78.9800,-1273,-1990,335,-521,2016,-2048,-2043,2040,2044,-2048,335,-332,2016,-2032,-2036,2042,-2048,2047,158,-313,2016,-2045,-1859,-1993,-2048,1656,363,-481,2018,-2044,-2028,813,-2048,2047,123,-558,-1310,-2044,2019,-2035,-2048,2047,210,-504,1730,-2048,1683,-2032,-670,591,-132,113,-834,729,741,-452,-132,131,-25,52,-305,322,298,-99
79.0000,-1967,171,441,-598,2016,-2048,-2043,1936,1963,-2048,419,-341,2016,-2039,-2037,2043,-2048,2047,227,-347,1915,-2044,1234,-2035,-2048,2006,454,-598,2018,-2043,-2018,-1671,-2048,2047,209,-628,-1967,-2036,2047,-2034,-2048,2047,305,-565,-1415,-2044,2018,-2031,-763,673,-88,32,-921,724,864,-490,-174,189,-15,28,-358,355,351,-135
79.0200,-2048,1824,548,-684,2016,-2048,-2040,-615,-490,-2016,512,-408,2016,-2040,-2038,2042,-2048,2047,313,-393,-595,-2039,1947,-2040,-2048,2047,533,-734,2006,-2044,-1496,-1980,-1979,2047,296,-695,-2048,-1403,2047,-2034,-2048,2047,421,-648,-1982,-2003,2047,-2031,-835,769,-26,-66,-1006,737,972,-533,-214,233,16,-11,-402,384,387,-180
79.0400,-2048,2035,615,-808,2013,-2048,-1946,-1851,-1892,-198,616,-512,2017,-2040,-2038,1908,-2048,2047,407,-475,-1893,-2017,2047,-2042,-2048,2047,592,-891,1599,-2044,1513,-2027,-1768,2047,395,-774,-2048,1580,2047,-2034,-2048,2047,523,-759,-2048,-338,2047,-2032,-900,866,72,-149,-1096,794,1095,-607,-245,273,58,-60,-421,435,399,-218
79.0600,-2048,2047,682,-928,1918,-2048,297,-2007,-2048,1786,722,-636,2016,-2039,-2031,-993,-2048,2047,499,-590,-2048,-901,2047,-2042,-2048,2047,623,-1048,-1439,-2038,1995,-2033,-1116,1988,491,-851,-2048,1958,2047,-2028,-1979,2047,622,-887,-2048,1744,2047,-2031,-968,966,180,-250,-1174,906,1199,-715,-277,316,113,-98,-429,477,393,-252
79.0800,-2048,2047,719,-1028,-235,-2045,1843,-2034,-2048,2029,786,-745,2007,-2038,-1845,-1885,-2040,2047,580,-711,-2048,1649,2047,-2041,-2048,2047,623,-1149,-1980,-1841,2047,-2034,-617,1871,578,-947,-2048,2017,2047,-1991,-1799,2031,687,-1008,-2048,1982,2047,-2029,-1038,1073,289,-328,-1243,1019,1281,-837,-290,336,158,-148,-427,522,364,-291
79.1000,-2048,2047,744,-1043,-1842,-1966,2038,-2036,-2048,2047,804,-749,1717,-2038,1181,-2012,-1932,2047,639,-831,-2048,1971,2047,-2041,-2048,2047,609,-1142,-2048,1175,2047,-2034,-497,1529,652,-1030,-2048,2025,2047,-1893,-1192,1963,735,-1089,-2048,2019,2047,-2009,-1115,1166,385,-398,-1240,1092,1289,-953,-316,353,197,-174,-418,556,338,-333
79.1200,-2048,2047,732,-892,-2046,55,2047,-2034,-2048,2047,754,-577,-1350,-2013,1940,-2031,-1610,1997,682,-851,-2048,2019,2047,-2031,-2048,2047,593,-948,-2048,1896,2047,-2032,-712,826,709,-1082,-2048,2027,2047,-1602,-539,1845,748,-1059,-2048,2026,2047,-1939,-1170,1194,454,-434,-1113,1047,1180,-1012,-355,366,208,-209,-424,565,322,-366
79.1400,-2048,2047,707,-515,-2048,1769,2047,-2035,-2048,2047,661,-138,-1969,-1239,2047,-2033,-805,1888,672,-737,-2048,2027,2047,-1980,-1986,2047,584,-469,-2048,2008,2047,-2032,-1163,262,757,-1030,-2048,2026,2015,-759,-73,1543,750,-847,-2048,2027,2047,-1795,-1168,1110,494,-464,-787,768,881,-915,-414,387,210,-223,-429,534,321,-376
79.1600,-2028,2047,667,186,-2048,1985,2047,-2034,-2048,2047,507,632,-2048,1537,2047,-2033,-141,1556,629,-361,-2048,2029,2047,-1851,-1892,2002,571,368,-2048,2026,2047,-2015,-1644,-140,802,-790,-2030,2026,1945,-29,229,912,719,-342,-2048,2026,2029,-1228,-1034,821,507,-481,-170,177,297,-592,-477,416,195,-232,-408,449,322,-370
79.1800,-1925,2031,597,1232,-2048,2018,2047,-2029,-2048,2047,311,1562,-2048,1956,2047,-2032,308,802,574,337,-2048,2029,2036,-1236,-1755,1932,557,1462,-2048,2029,2047,-1962,-1841,-400,830,-273,-1936,2025,1840,550,388,328,698,523,-2033,2026,1966,-383,-651,240,506,-481,809,-798,-645,67,-512,424,185,-245,-346,292,300,-337
79.2000,-1679,1957,489,1796,-2048,2024,2047,-1990,-2048,2047,92,1868,-2048,2022,2047,-2032,672,119,487,1359,-2043,2028,1964,-182,-1501,1821,495,1859,-2048,2029,2047,-1855,-1919,-552,831,607,-1657,2015,1619,1041,474,-222,664,1572,-1936,2025,1860,358,76,-703,510,-506,1687,-1697,-1640,1091,-538,396,197,-257,-204,67,222,-251
79.2200,-1047,1796,295,1958,-2048,2023,2047,-1884,-1969,2046,-137,1975,-2048,2033,2047,-2027,984,-467,379,1823,-1936,2027,1815,711,-1121,1545,376,1985,-2045,2028,2007,-1507,-1941,-642,791,1615,-816,1942,1133,1473,517,-778,599,1893,-1586,2002,1551,1030,1216,-1686,512,-541,1915,-1933,-1915,1780,-478,312,225,-267,19,-211,76,-98
79.2400,-430,1180,29,2016,-2048,2024,2004,-1396,-1599,1958,-362,2014,-2048,2035,2047,-1981,1325,-1029,252,1964,-1406,2000,1193,1438,-650,965,145,2028,-1954,2025,1911,-649,-1925,-683,679,1909,33,1629,532,1718,566,-1359,477,1999,-501,1902,793,1582,1815,-1952,554,-615,1993,-2015,-2008,1960,-331,153,278,-283,311,-507,-162,105
79.2600,146,299,-320,2033,-1972,2021,1880,-216,-368,1620,-581,2023,-2048,2033,2047,-1797,1618,-1542,77,2016,-116,1883,267,1755,-55,294,-188,2037,-1631,1993,1636,162,-1826,-726,467,2008,791,250,-172,1826,638,-1738,268,2034,545,1333,-37,1797,1981,-2045,612,-708,2014,-2038,-2034,2023,-64,-90,347,-294,670,-778,-480,373
79.2800,727,-515,-710,2035,-1603,1997,1306,815,771,313,-753,2014,-2023,2033,1949,-561,1774,-1793,-131,2032,1026,1078,-621,1868,669,-391,-578,2037,-567,1886,889,895,-1179,-759,143,2036,1436,-949,-954,1884,737,-1881,-48,2039,1417,-59,-872,1889,2032,-2048,659,-782,2018,-2043,-2038,2039,286,-404,403,-301,1021,-979,-817,643
79.3000,1325,-1246,-1087,2027,-302,1906,270,1535,1568,-928,-859,1965,-1826,2026,1477,905,1853,-1899,-400,2031,1655,-398,-1406,1921,1458,-1121,-973,2027,347,1437,186,1498,255,-802,-286,2039,1726,-1608,-1607,1914,844,-1946,-464,2040,1742,-1146,-1549,1937,2043,-2048,673,-778,2019,-2040,-2038,2041,693,-726,423,-280,1290,-1070,-1112,878
79.3200,1703,-1690,-1357,1974,781,1510,-514,1778,1806,-1672,-876,1716,-634,1975,232,1673,1896,-1957,-673,2013,1820,-1448,-1747,1949,1784,-1651,-1284,1963,958,394,-381,1752,1617,-830,-795,2040,1829,-1785,-1827,1927,961,-1980,-918,2031,1843,-1667,-1787,1963,2045,-2048,628,-610,2012,-2009,-2036,2039,1069,-1023,397,-208,1428,-1052,-1309,1044
79.3400,1841,-1841,-1497,1626,1434,331,-1050,1857,1885,-1867,-847,-302,616,1810,-732,1852,1915,-1988,-883,1925,1878,-1766,-1856,1962,1897,-1840,-1457,1345,1329,-370,-836,1842,1931,-863,-1305,2037,1875,-1837,-1904,1921,1066,-1987,-1315,1972,1878,-1809,-1870,1976,2045,-2048,489,-212,1952,-1852,-1999,2015,1352,-1229,305,-91,1432,-934,-1368,1094
79.3600,1903,-1899,-1521,-790,1657,-619,-1378,1890,1914,-1932,-842,-1779,1424,807,-1310,1908,1911,-2003,-1020,944,1899,-1855,-1900,1963,1942,-1913,-1526,-1288,1506,-840,-1185,1882,2024,-895,-1642,1999,1895,-1851,-1938,1895,1183,-1973,-1560,1301,1888,-1857,-1903,1978,2037,-2022,232,498,1252,82,-1695,1862,1486,-1315,130,105,1322,-765,-1304,1036
79.3800,1931,-1922,-1513,-1874,1722,-1256,-1533,1897,1921,-1951,-964,-2034,1686,-498,-1571,1925,1881,-2006,-1081,-1463,1902,-1888,-1917,1957,1955,-1947,-1546,-1946,1582,-1149,-1445,1900,2047,-966,-1764,1646,1903,-1857,-1950,1840,1314,-1930,-1646,-1402,1883,-1881,-1921,1970,1965,-1532,-144,1434,-1436,1726,1133,-256,1469,-1280,-85,346,1116,-612,-1127,891
79.4000,1940,-1929,-1549,-2048,1740,-1601,-1618,1899,1918,-1956,-1250,-2048,1773,-1464,-1675,1930,1817,-1998,-1108,-1974,1898,-1904,-1924,1943,1949,-1964,-1591,-2048,1630,-1405,-1632,1909,2047,-1118,-1778,-1243,1903,-1860,-1946,1708,1477,-1821,-1654,-1972,1875,-1894,-1929,1953,668,1318,-604,1816,-1976,1976,1929,-1786,1321,-1150,-313,591,903,-508,-928,722
79.4200,1932,-1925,-1641,-2048,1739,-1738,-1677,1893,1907,-1951,-1624,-2048,1802,-1777,-1731,1929,1646,-1976,-1189,-2048,1886,-1916,-1924,1922,1921,-1968,-1680,-2048,1678,-1611,-1740,1915,2047,-1399,-1723,-1954,1898,-1872,-1932,1325,1639,-1369,-1654,-2048,1861,-1903,-1933,1922,-1700,1952,-1089,1941,-2048,2018,2047,-1998,1067,-977,-518,820,705,-479,-728,574
79.4400,1909,-1916,-1751,-2048,1742,-1806,-1729,1889,1894,-1943,-1826,-2048,1820,-1876,-1771,1927,1202,-1938,-1381,-2048,1873,-1925,-1924,1897,1869,-1968,-1765,-2048,1721,-1733,-1812,1917,2047,-1689,-1605,-2048,1885,-1889,-1903,854,1759,-535,-1689,-2048,1851,-1913,-1935,1876,-2041,2047,-1474,1990,-2048,2024,2047,-2029,791,-835,-636,979,563,-507,-603,498
79.4600,1866,-1907,-1803,-2048,1740,-1841,-1777,1883,1882,-1938,-1891,-2048,1823,-1911,-1802,1927,719,-1876,-1628,-2048,1858,-1930,-1920,1870,1774,-1961,-1809,-2048,1754,-1794,-1857,1919,2047,-1846,-1494,-2048,1861,-1905,-1856,513,1839,176,-1776,-2048,1835,-1914,-1930,1790,-2048,2047,-1651,2007,-2048,2025,2047,-2034,562,-759,-641,1024,463,-524,-525,512
79.4800,1791,-1894,-1785,-2048,1723,-1853,-1805,1877,1872,-1932,-1866,-2048,1808,-1921,-1816,1926,378,-1739,-1786,-2048,1830,-1924,-1909,1844,1561,-1950,-1781,-2048,1767,-1819,-1885,1916,2041,-1931,-1483,-2048,1806,-1913,-1766,327,1893,676,-1853,-2048,1802,-1902,-1915,1555,-2048,2047,-1667,2006,-2048,2025,2047,-2033,415,-740,-544,981,304,-471,-431,583
79.5000,1620,-1879,-1542,-2048,1668,-1834,-1817,1863,1861,-1918,-1598,-2048,1754,-1905,-1808,1915,204,-1327,-1851,-2048,1770,-1904,-1882,1797,1180,-1928,-1550,-2048,1744,-1809,-1891,1904,2010,-1981,-1599,-2048,1638,-1901,-1495,268,1929,926,-1896,-2048,1717,-1868,-1875,934,-2048,2047,-1551,1988,-2048,2024,2047,-2034,348,-742,-447,874,68,-270,-273,636
79.5200,1197,-1846,-772,-2048,1456,-1763,-1788,1829,1840,-1892,-598,-2046,1561,-1849,-1753,1889,152,-614,-1837,-2048,1555,-1844,-1817,1695,812,-1880,-814,-2048,1623,-1736,-1865,1864,1934,-2007,-1717,-2048,930,-1855,-855,247,1948,990,-1888,-2048,1367,-1759,-1765,109,-2048,2047,-1381,1925,-2048,2020,2047,-2033,327,-676,-385,732,-331,135,42,586
79.5400,613,-1752,361,-2047,891,-1440,-1655,1717,1784,-1814,747,-1845,934,-1659,-1532,1813,145,231,-1657,-2048,839,-1628,-1554,1279,474,-1733,266,-2040,1139,-1412,-1775,1754,1641,-2010,-1770,-2048,-176,-1696,-46,168,1949,941,-1768,-2048,540,-1228,-1168,-897,-2048,2047,-1281,1618,-2048,1994,2047,-2032,264,-470,-457,602,-937,743,565,344
79.5600,-68,-1372,1524,-1816,100,-665,-1104,1235,1564,-1477,1693,129,34,-841,-879,1471,82,1212,-925,-2014,-182,-752,-648,407,94,-1043,1455,-1689,284,-664,-1294,1190,165,-1990,-1681,-2048,-1419,-888,859,-61,1925,913,-1075,-2048,-521,-196,19,-1684,-2048,2047,-1384,-153,-2029,1879,2042,-1996,62,-41,-677,494,-1596,1469,1272,-145
79.5800,-858,-501,1858,331,-862,318,-168,265,798,-544,1913,1703,-949,236,31,445,-155,1783,228,-1266,-1308,419,517,-803,-378,125,1840,811,-700,247,-201,108,-1490,-1923,-1152,-2048,-1870,338,1645,-490,1853,983,276,-1755,-1562,978,1363,-1898,-2048,2019,-1624,-1697,-1825,935,1890,-1798,-345,639,-981,396,-1855,1780,1756,-851
79.6000,-1620,653,1967,1751,-1651,1317,918,-891,-368,665,1984,1975,-1680,1290,1008,-828,-595,1951,1496,1288,-1823,1506,1588,-1722,-1001,1424,1963,1827,-1585,1175,1021,-1153,-1932,-1586,-9,-1840,-1998,1529,1881,-1104,1449,1176,1608,861,-1884,1694,1856,-1979,-2009,1753,-1781,-2009,-173,-985,453,-55,-968,1469,-1202,264,-1950,1888,1909,-1582
79.6200,-1885,1658,2006,1989,-1884,1746,1689,-1698,-1599,1657,2010,2031,-1882,1737,1678,-1692,-1258,2022,1874,1895,-1960,1827,1886,-1942,-1640,1866,2007,2005,-1856,1683,1748,-1767,-2048,-90,1484,707,-2043,1854,1963,-1640,57,1476,1931,1841,-1986,1872,1987,-2011,-1035,-178,-1809,-2048,1552,-1808,-1497,1613,-1635,1829,-1179,67,-1992,1935,1972,-1830
79.6400,-1986,1920,2023,2034,-1954,1864,1888,-1895,-1939,1913,2020,2041,-1944,1855,1859,-1897,-1748,2047,1989,2019,-2007,1921,1978,-2016,-1883,1991,2025,2037,-1936,1820,1919,-1920,-2048,1508,1903,1828,-2048,1955,2000,-1826,-1491,1689,2022,2011,-2021,1929,2032,-2022,1321,-1690,-1597,-2048,1907,-1983,-1916,1938,-1883,1949,-808,-207,-2005,1948,1997,-1918
79.6600,-2033,2009,2025,2042,-1976,1898,1949,-1962,-2046,1997,2019,2041,-1952,1880,1908,-1964,-1914,2047,2028,2039,-2019,1951,2008,-2037,-1978,2037,2031,2041,-1954,1850,1968,-1974,-2048,1910,2017,2009,-2048,1990,2008,-1896,-1926,1784,2041,2036,-2030,1943,2046,-2024,1884,-1981,-619,-2048,1998,-2033,-2017,2023,-1980,1998,-91,-576,-1994,1942,1997,-1951
79.6800,-2048,2043,2021,2043,-1959,1890,1959,-1985,-2048,2026,2006,2042,-1920,1858,1902,-1984,-1981,2047,2038,2040,-2006,1950,2012,-2040,-2022,2047,2027,2042,-1929,1824,1968,-1990,-2048,2021,2039,2038,-2037,1999,1998,-1920,-2046,1808,2045,2041,-2017,1927,2041,-2017,2014,-2048,937,-2048,2017,-2046,-2036,2041,-2019,2014,817,-977,-1953,1902,1971,-1958
79.7000,-2048,2047,1998,2043,-1900,1839,1931,-1982,-2048,2031,1968,2040,-1807,1758,1837,-1980,-2005,2047,2040,2041,-1964,1924,1996,-2041,-2040,2047,2006,2042,-1846,1708,1930,-1987,-2048,2047,2045,2042,-1986,1991,1962,-1913,-2048,1765,2044,2041,-1982,1876,2022,-1992,2041,-2048,1786,-2048,2021,-2046,-2040,2044,-2029,2007,1542,-1380,-1831,1795,1900,-1935
79.7200,-2040,2044,1931,2042,-1673,1650,1846,-1957,-2048,2014,1842,2037,-1275,1287,1551,-1952,-2001,2029,2032,2041,-1851,1849,1955,-2038,-2033,2041,1939,2041,-1455,1165,1804,-1966,-2048,2047,2044,2043,-1835,1967,1877,-1867,-2048,1547,2042,2042,-1892,1732,1972,-1914,2044,-2048,1968,-2048,2020,-2047,-2039,2045,-2014,1972,1759,-1651,-1153,1194,1607,-1871
79.7400,-1996,2019,1595,2039,-776,853,1453,-1897,-2048,1972,747,2020,-271,364,728,-1883,-1964,1949,1994,2042,-1271,1561,1869,-2025,-2004,2006,1558,2039,-479,257,1159,-1920,-2048,2047,2040,2041,-851,1900,1509,-1722,-2048,913,2010,2041,-1522,1056,1858,-1472,2045,-2048,2019,-2048,2019,-2046,-2041,2044,-1966,1880,1792,-1778,52,-12,512,-1627
79.7600,-1885,1960,-209,2014,343,-210,446,-1725,-2036,1873,-1236,1921,778,-597,-232,-1629,-1864,1501,1828,2038,-177,557,1570,-1974,-1925,1926,-355,2011,588,-723,90,-1820,-2048,2031,2009,2043,646,1683,423,-1014,-2048,87,1838,2039,-469,66,1279,281,2046,-2048,2031,-2039,2019,-2045,-2039,2043,-1820,1384,1718,-1837,1267,-1255,-742,-576
79.7800,-1262,1789,-1715,1906,1379,-1263,-621,-901,-1918,1422,-1917,1002,1577,-1447,-1163,-578,-1360,-260,266,2007,842,-583,788,-1777,-1580,1621,-1757,1887,1499,-1537,-971,-1428,-2012,1977,1819,2042,1650,560,-769,56,-2027,-775,1,2030,619,-872,132,1654,2044,-2048,2028,-1891,2016,-2035,-2038,2041,-1002,107,1426,-1859,1765,-1787,-1643,697
79.8000,49,810,-2014,897,1764,-1758,-1527,164,-1058,329,-2048,-1178,1814,-1768,-1697,633,-256,-1666,-1596,1857,1561,-1528,-21,-205,-362,354,-2021,708,1789,-1808,-1651,-511,-1792,1843,-33,2035,1878,-853,-1640,1141,-1924,-1507,-1722,1963,1506,-1554,-1024,1935,2043,-2048,2011,-820,2004,-2002,-2028,2031,271,-1230,992,-1853,1900,-1928,-1873,1642
79.8200,1336,-564,-2048,-1128,1880,-1897,-1811,1131,677,-794,-2048,-1870,1894,-1871,-1850,1583,871,-1960,-1983,407,1776,-1817,-751,1539,1013,-1079,-2048,-1265,1882,-1898,-1836,441,-381,1082,-1706,1983,1951,-1722,-1869,1728,-1431,-1789,-2027,1512,1789,-1782,-1711,2014,2039,-2048,1978,964,1955,-1914,-1988,1989,1458,-1808,735,-1800,1950,-1979,-1951,1881
79.8400,1802,-1632,-2048,-1842,1922,-1948,-1903,1683,1720,-1625,-2048,-2019,1927,-1910,-1906,1843,1640,-2043,-2048,-1478,1843,-1907,-1355,1915,1744,-1792,-2048,-1859,1918,-1932,-1898,1330,1243,-192,-2012,1712,1980,-1920,-1950,1886,-161,-1883,-2048,-402,1882,-1855,-1889,2036,2014,-2018,1922,1779,1834,-1565,-1886,1883,1827,-1960,732,-1590,1971,-2001,-1984,1963
79.8600,1935,-1906,-2048,-1989,1937,-1966,-1939,1841,1941,-1868,-2048,-2048,1938,-1920,-1928,1927,1854,-2048,-2048,-1908,1863,-1937,-1684,2011,1922,-1966,-2048,-1987,1931,-1937,-1919,1754,1814,-1361,-2048,-41,1988,-1986,-1983,1947,1103,-1922,-2048,-1673,1919,-1875,-1957,2041,1939,-1923,1795,1965,1222,-335,-1440,1385,1941,-2016,872,-946,1977,-2006,-1997,1997
79.8800,1988,-1998,-2048,-2022,1933,-1961,-1951,1899,2011,-1954,-2048,-2048,1928,-1902,-1924,1957,1931,-2048,-2048,-2010,1855,-1936,-1801,2030,1988,-2031,-2048,-2012,1920,-1915,-1913,1883,1961,-1804,-2048,-1544,1988,-2009,-1995,1971,1728,-1933,-2048,-1925,1930,-1858,-1985,2041,1727,-1580,1102,2014,3,881,-260,192,1988,-2041,940,-34,1970,-1995,-1996,2010
79.9000,2010,-2032,-2048,-2013,1906,-1929,-1937,1921,2034,-1990,-2048,-2030,1889,-1842,-1891,1960,1965,-2048,-2048,-2029,1814,-1902,-1845,2033,2013,-2048,-2048,-1994,1880,-1842,-1873,1932,2014,-1929,-2048,-1884,1971,-2012,-1990,1976,1890,-1922,-2048,-1986,1923,-1784,-1992,2037,712,-537,-315,2024,-1109,1647,838,-846,2008,-2048,749,966,1944,-1961,-1980,2009
79.9200,2016,-2045,-2040,-1968,1839,-1833,-1897,1917,2038,-1998,-1999,-1973,1776,-1567,-1801,1935,1977,-2048,-2048,-2016,1679,-1788,-1852,2033,2022,-2048,-2048,-1943,1765,-1493,-1741,1947,2034,-1969,-2048,-1966,1930,-1999,-1969,1959,1944,-1880,-2048,-1990,1884,-1454,-1984,2025,-380,478,-1678,2025,-1741,1851,1628,-1575,2013,-2042,227,1654,1881,-1873,-1936,1993
79.9400,2012,-2041,-1996,-1873,1555,-1257,-1765,1885,2036,-1985,-1895,-1842,1128,-549,-1317,1866,1972,-2048,-2048,-1978,1081,-1103,-1820,2032,2017,-2048,-2030,-1832,1080,-368,-998,1936,2043,-1973,-2048,-1979,1820,-1955,-1911,1913,1961,-1753,-2048,-1972,1786,-601,-1952,1982,-1238,1345,-2002,2026,-1919,1929,1867,-1801,2006,-2020,-527,1845,1665,-1387,-1830,1952
79.9600,1990,-2018,-1896,-1595,501,51,-1015,1785,2026,-1939,-1356,-1335,-160,705,-205,1529,1944,-2013,-2048,-1906,159,193,-1711,2028,1992,-2030,-1960,-1542,-211,951,281,1890,2043,-1942,-2048,-1964,1130,-1834,-1723,1759,1950,-1156,-2048,-1936,1283,418,-1872,1846,-1714,1772,-2048,2025,-1992,1968,1960,-1892,1980,-1960,-1302,1905,544,-15,-1197,1834
79.9800,1932,-1958,-1356,-1023,-775,1393,293,1290,1991,-1803,-85,-630,-1428,1636,989,338,1867,-1872,-2040,-1776,-793,1453,-1304,1996,1931,-1966,-1622,-1118,-1487,1710,1525,1756,2038,-1851,-2048,-1932,-342,-1011,-686,798,1906,-103,-2048,-1892,226,1367,-1507,739,-1875,1915,-2048,2023,-2030,1991,2008,-1944,1913,-1772,-1728,1919,-839,1367,153,1059
80.0000,1746,-1763,-54,-634,-1690,1808,1526,274,1883,-1050,1313,-184,-1853,1862,1726,-1011,1487,-753,-1870,-1505,-1561,1824,-632,1881,1703,-1749,-254,-888,-1876,1885,1882,1128,2020,-1449,-2048,-1887,-1582,433,672,-651,1788,1063,-1951,-1839,-834,1736,-333,-1100,-1957,1986,-2048,2018,-2048,2001,2037,-1979,1643,-611,-1825,1907,-1720,1801,1422,-423
80.0200,595,-639,1359,-514,-1912,1919,1874,-741,1091,135,1806,-21,-1962,1928,1901,-1722,205,1108,-475,-1233,-1800,1923,6,951,400,-552,1286,-882,-1982,1937,1981,191,1982,-479,-1998,-1835,-1892,1553,1654,-1665,1252,1735,-701,-1794,-1573,1829,813,-1800,-2009,2028,-2048,1985,-2048,2006,2047,-2000,316,918,-1793,1875,-1918,1911,1835,-1590
80.0400,-929,773,1817,-581,-1981,1950,1972,-1505,-693,1213,1929,-51,-1991,1941,1952,-1882,-1187,1828,1381,-1128,-1854,1950,445,-880,-1182,858,1807,-1051,-2016,1946,2008,-597,1913,421,-990,-1784,-1975,1826,1887,-1887,314,1905,1365,-1774,-1789,1836,1576,-1950,-2046,2047,-2048,1886,-2048,2001,2047,-2012,-1201,1748,-1610,1810,-1974,1941,1940,-1862
80.0600,-1758,1662,1932,-777,-1997,1947,1999,-1733,-1751,1714,1956,-162,-1984,1919,1958,-1924,-1805,1983,1857,-1169,-1815,1940,643,-1749,-1827,1676,1928,-1289,-2017,1925,2001,-1074,1768,999,1240,-1773,-1990,1899,1951,-1950,-431,1953,1866,-1782,-1834,1773,1785,-1992,-2048,2047,-2048,1340,-2048,1987,2047,-2016,-1826,1929,-1263,1659,-1982,1936,1966,-1937
80.0800,-1942,1866,1954,-986,-1987,1914,1998,-1771,-1968,1826,1935,-287,-1947,1855,1932,-1912,-1950,2026,1968,-1306,-1590,1894,592,-1922,-1975,1863,1947,-1489,-1993,1868,1961,-1188,1349,1142,1848,-1799,-1971,1909,1964,-1958,-769,1956,1980,-1816,-1785,1499,1817,-1998,-2048,2047,-1956,-185,-2040,1955,2044,-2011,-1970,1979,-965,1199,-1957,1900,1954,-1952
80.1000,-1990,1911,1928,-1142,-1954,1837,1969,-1684,-2029,1824,1856,-370,-1862,1662,1866,-1853,-1984,2032,1987,-1469,-907,1757,339,-1968,-2016,1902,1920,-1597,-1941,1726,1853,-989,923,804,1980,-1850,-1909,1886,1943,-1930,-636,1915,2002,-1843,-1556,758,1758,-1984,-2048,2047,-1673,-1542,-2001,1881,2020,-1995,-2009,1980,-787,520,-1893,1810,1909,-1935
80.1200,-1986,1890,1848,-1215,-1883,1596,1902,-1271,-2039,1726,1540,-386,-1569,957,1689,-1627,-1968,2014,1968,-1569,-75,1063,-26,-1971,-2015,1884,1839,-1615,-1795,1173,1307,-568,829,46,2006,-1892,-1714,1823,1888,-1841,-68,1773,1990,-1855,-974,-69,1528,-1944,-2048,2031,-785,-1914,-1913,1627,1962,-1954,-2007,1953,-678,-234,-1721,1503,1802,-1884
80.1400,-1943,1790,1563,-1173,-1683,841,1694,-549,-2022,1336,602,-318,-864,143,1144,-757,-1890,1968,1914,-1558,722,-24,-404,-1951,-1981,1809,1590,-1515,-1172,427,245,-76,1041,-988,2003,-1916,-980,1651,1747,-1347,844,1007,1953,-1834,-286,-799,1046,-1854,-2045,1978,253,-2025,-1534,558,1808,-1854,-1976,1884,-553,-987,-1149,758,1431,-1765
80.1600,-1816,1352,804,-1011,-1070,66,903,235,-1978,694,-241,-184,-162,-539,514,238,-1488,1865,1800,-1387,1363,-1015,-711,-1905,-1892,1554,976,-1231,-215,-222,-796,406,1439,-1733,1976,-1909,-90,1120,1214,-78,1646,-223,1881,-1739,403,-1337,513,-1514,-1988,1844,1323,-2048,-382,-650,960,-1339,-1902,1692,-314,-1566,-453,36,777,-1293
80.1800,-1238,508,148,-712,-340,-550,-16,935,-1872,64,-754,42,398,-1032,-48,1112,-293,1407,1441,-1023,1660,-1634,-919,-1816,-1472,939,448,-766,672,-695,-1565,774,1662,-1930,1929,-1858,698,458,407,1247,1868,-1438,1746,-1356,1014,-1590,21,-499,-1836,1057,1786,-2048,804,-1578,-286,-47,-1679,1064,67,-1773,135,-516,182,-547
80.2000,-286,-343,-235,-285,334,-966,-860,1461,-1435,-472,-916,353,806,-1314,-500,1630,1033,348,819,-433,1753,-1807,-1018,-1531,-353,244,147,-156,1391,-1013,-1797,1029,1709,-2001,1851,-1640,1335,-159,-438,1791,1947,-1849,1357,-579,1477,-1657,-409,536,-965,-285,1921,-2048,1606,-1833,-1397,1214,-998,340,532,-1824,564,-873,-285,108
80.2200,665,-1101,-349,230,920,-1186,-1489,1689,-487,-859,-784,718,1060,-1411,-831,1780,1742,-690,337,269,1777,-1859,-1020,-857,879,-412,52,535,1704,-1167,-1875,1143,1473,-2025,1680,-822,1650,-643,-1285,1932,1973,-1970,796,358,1676,-1628,-763,1436,349,-1468,1968,-2048,1820,-1912,-1787,1764,-257,-262,974,-1796,838,-1046,-610,612
80.2400,1457,-1609,-269,776,1369,-1246,-1738,1764,430,-1100,-465,1081,1190,-1359,-1070,1819,1912,-1533,29,1015,1765,-1863,-948,-163,1688,-1021,90,1199,1805,-1203,-1908,1144,335,-2021,1166,235,1764,-1030,-1734,1984,1963,-2014,337,1261,1746,-1481,-1099,1775,1480,-1839,1981,-2048,1887,-1936,-1894,1906,359,-703,1304,-1655,952,-1050,-776,935
80.2600,1769,-1788,-61,1248,1611,-1192,-1824,1780,1201,-1216,-36,1347,1207,-1202,-1228,1814,1967,-1813,-121,1575,1724,-1835,-833,463,1891,-1525,207,1615,1846,-1167,-1919,1105,-1517,-1979,556,1251,1816,-1284,-1878,1998,1890,-2023,5,1714,1775,-1232,-1397,1879,1816,-1947,1970,-2041,1907,-1933,-1932,1952,796,-971,1466,-1265,938,-917,-826,1078
80.2800,1872,-1854,172,1535,1710,-1057,-1862,1771,1646,-1239,374,1466,1188,-974,-1315,1766,1978,-1901,-151,1763,1648,-1764,-751,998,1962,-1756,351,1748,1865,-1084,-1919,1073,-1995,-1739,59,1720,1846,-1435,-1939,1992,1069,-2000,-177,1838,1785,-936,-1620,1912,1914,-1981,1932,-1991,1901,-1906,-1938,1965,1054,-1066,1489,-774,815,-692,-765,1083
80.3000,1919,-1879,407,1614,1751,-905,-1880,1738,1788,-1192,708,1428,1137,-704,-1362,1639,1943,-1920,-73,1818,1515,-1566,-716,1381,1986,-1846,492,1774,1874,-1000,-1913,1077,-2048,502,-255,1845,1865,-1514,-1967,1947,-1452,-1895,-205,1872,1780,-682,-1732,1905,1946,-1988,1853,-1889,1874,-1845,-1924,1957,1124,-1026,1407,-343,642,-432,-635,976
80.3200,1936,-1886,594,1574,1772,-766,-1891,1680,1846,-1159,955,1221,1082,-444,-1383,1345,1752,-1884,61,1810,1356,-1143,-763,1546,1982,-1878,587,1736,1879,-938,-1903,1120,-2048,1858,-381,1873,1873,-1572,-1970,1697,-2007,-695,-120,1861,1768,-517,-1782,1832,1947,-1972,1630,-1491,1812,-1691,-1887,1930,1048,-871,1228,-46,424,-153,-458,779
80.3400,1931,-1875,695,1376,1787,-666,-1899,1622,1871,-1150,1070,883,1045,-194,-1401,964,-148,-1642,197,1750,1239,-667,-847,1490,1931,-1859,609,1596,1883,-943,-1889,1171,-2048,2043,-366,1857,1862,-1628,-1939,-481,-2048,1556,3,1806,1741,-482,-1771,1191,1926,-1934,961,-592,1666,-1188,-1812,1874,869,-647,956,120,211,105,-274,535
80.3600,1888,-1832,692,1020,1797,-609,-1908,1539,1880,-1218,1035,485,1046,15,-1444,665,-1803,-241,288,1566,1158,-304,-912,1021,1619,-1710,539,1243,1888,-1005,-1870,1129,-2048,2047,-274,1798,1811,-1679,-1804,-1823,-2048,1990,100,1676,1647,-577,-1594,-732,1877,-1854,243,344,1204,-506,-1612,1749,614,-394,632,173,0,331,-83,281
80.3800,1684,-1682,582,614,1813,-619,-1914,1417,1874,-1309,875,65,1071,166,-1512,469,-2048,1578,294,1133,1086,-77,-825,22,-657,-731,401,778,1889,-1160,-1843,865,-2048,2047,-178,1639,1467,-1725,-317,-2005,-2048,2047,144,1287,1223,-765,-632,-1821,1764,-1629,-355,1169,583,137,-1054,1299,321,-141,270,176,-170,479,77,52
80.4000,238,-949,402,207,1833,-706,-1916,1160,1838,-1408,610,-298,1142,246,-1610,421,-2048,1983,235,633,919,-17,-413,-1465,-1888,1125,196,323,1885,-1396,-1784,187,-2048,2047,-96,1227,-10,-1733,1684,-2031,-2048,2047,135,772,270,-996,1160,-2001,1375,-996,-798,1642,1,670,-405,585,28,96,-91,143,-290,568,201,-138
80.4200,-1625,433,166,-106,1853,-881,-1908,670,1690,-1396,285,-574,1286,223,-1706,485,-2048,2047,118,179,530,-111,490,-1912,-2048,1895,-27,-46,1868,-1629,-1555,-1052,-2048,2047,-52,737,-1679,-1660,2017,-2033,-2048,2047,85,295,-1285,-1148,1911,-2027,656,-297,-1070,1789,-474,1094,172,-62,-229,278,-392,132,-357,592,281,-280
80.4400,-2018,1723,-61,-329,1863,-1141,-1877,-212,805,-1155,-33,-736,1465,93,-1777,559,-2048,2047,-9,-182,-246,-285,1664,-2022,-2048,2047,-213,-314,1810,-1765,-623,-1821,-2048,2047,-3,308,-2017,-1213,2047,-2034,-2048,2047,23,-61,-1917,-1047,2047,-2030,-35,326,-1180,1842,-829,1360,647,-604,-429,393,-589,145,-365,542,302,-341
80.4600,-2048,2008,-271,-407,1854,-1447,-1760,-1486,-904,-478,-305,-777,1608,-165,-1816,518,-2048,2047,-136,-432,-1477,-423,1979,-2038,-2048,2047,-377,-463,1496,-1831,960,-1998,-2012,2047,29,-7,-2048,-56,2047,-2033,-2048,2047,-52,-310,-2048,-522,2047,-2030,-625,806,-1164,1857,-1048,1488,988,-1006,-557,433,-674,202,-319,426,267,-344
80.4800,-2048,2047,-430,-395,1792,-1657,-900,-1904,-1873,759,-527,-712,1693,-531,-1822,187,-2048,2047,-254,-548,-1932,-343,2047,-2039,-2048,2047,-500,-493,142,-1849,1873,-2032,1542,2047,57,-205,-2048,1531,2047,-2032,-2048,2047,-142,-436,-2048,627,2047,-2028,-1054,1128,-1059,1848,-1117,1481,1184,-1244,-595,413,-675,283,-225,276,192,-276
80.5000,-2048,2047,-564,-284,1382,-1743,960,-2017,-2048,1788,-705,-559,1712,-966,-1767,-632,-2048,2047,-388,-574,-2048,161,2047,-2037,-2048,2047,-598,-442,-1597,-1812,2047,-2034,1964,1802,34,-312,-2048,1932,2047,-2032,760,2047,-263,-479,-2048,1729,2047,-2029,-1317,1308,-926,1820,-1074,1383,1241,-1341,-563,332,-592,350,-97,113,99,-164
80.5200,-2048,2047,-663,-149,-139,-1741,1879,-2036,-2048,2021,-819,-400,1625,-1377,-1320,-1661,-2048,2047,-498,-533,-2048,1232,2047,-2037,-2048,2047,-680,-363,-1997,-1506,2047,-2035,2036,-1703,-71,-350,-2048,2015,2047,-2025,1859,1972,-412,-464,-2048,1973,2047,-2028,-1409,1336,-797,1753,-924,1185,1176,-1294,-460,205,-498,408,23,-36,-8,-36
80.5400,-2048,2047,-729,-28,-1710,-1532,2045,-2037,-2048,2047,-863,-271,1072,-1592,96,-1945,438,2047,-615,-470,-2048,1831,2047,-2038,-2048,2047,-723,-293,-2048,-119,2047,-2033,2047,-2012,-214,-349,-2048,2027,2047,901,2005,-1527,-535,-441,-2048,2021,2047,-2003,-1390,1255,-679,1589,-721,922,1037,-1166,-311,82,-376,395,126,-159,-101,82
80.5600,-2048,2047,-732,47,-2023,-613,2047,-2038,-2048,2047,-818,-182,-182,-1606,1674,-2023,1855,1570,-678,-414,-2048,1990,2047,-2038,-2048,2047,-692,-267,-2048,1575,2047,-2032,2047,-2048,-365,-349,-2048,2028,2047,1887,2030,-1991,-625,-421,-2048,2027,2047,1027,-1240,1097,-542,1189,-491,627,837,-963,-151,-37,-229,335,210,-252,-175,186
80.5800,-2048,2047,-647,38,-2048,1026,2047,-2036,-2048,2047,-671,-162,-1659,-1261,2007,-2032,2016,-1708,-667,-396,-2048,2024,2047,-1866,69,2047,-567,-297,-2048,1948,2047,-2032,2047,-2048,-480,-348,-2048,2027,1916,2018,2035,-2048,-624,-430,-2048,2029,2047,1904,-1019,893,-349,669,-267,362,643,-748,18,-146,-60,224,263,-299,-215,260
80.6000,-2048,2047,-501,-43,-2048,1831,2047,-2037,-2048,2047,-445,-185,-2001,-271,2047,-2033,2041,-2017,-562,-423,-2048,2029,2047,1498,1836,1584,-397,-375,-2048,2020,2047,-2032,2047,-2048,-512,-385,-2048,2027,-1610,2038,2036,-2048,-534,-472,-2048,2028,1670,2025,-748,673,-135,167,-85,134,451,-524,164,-224,124,115,288,-304,-241,303
80.6200,855,2047,-288,-160,-2048,1995,2047,-2036,-2048,2047,-199,-234,-2048,1328,2047,-2033,2046,-2048,-403,-463,-2048,2027,2047,1954,2012,-1724,-175,-478,-2048,2030,2047,-1921,2047,-2048,-485,-421,880,2024,-1970,2037,2035,-2048,-397,-529,-2038,2027,-1696,2041,-486,464,107,-256,26,-31,321,-333,295,-276,291,7,294,-282,-237,318
80.6400,1875,725,-77,-311,-2048,2020,2047,-2034,-2048,2047,35,-299,-2048,1881,2047,-2033,2047,-2048,-211,-511,-2048,2027,234,2020,2040,-2020,1,-576,-2048,2030,2047,1456,2047,-2048,-410,-476,1863,2025,-2027,2040,2035,-2048,-239,-599,1230,2023,-1982,2043,-231,292,313,-583,75,-119,226,-186,386,-312,411,-66,251,-229,-209,307
80.6600,2018,-1811,90,-451,-2048,2023,2047,-1713,-1382,2047,202,-349,-2048,2010,2047,-2032,2047,-2048,-52,-567,-1845,2028,-1823,2035,2046,-2048,136,-663,-2048,2031,2047,1955,2047,-2048,-335,-539,1993,1988,-2036,2039,2035,-2048,-108,-658,1901,2025,-2028,2043,-33,159,423,-784,40,-120,196,-93,457,-336,449,-102,199,-145,-174,286
80.6800,2040,-2031,184,-560,-2048,2026,2047,1638,1715,1837,292,-386,-2048,2030,2047,-2031,2047,-2048,54,-622,1563,2026,-2004,2033,2047,-2048,207,-716,-2048,2030,-957,2028,2045,-2048,-296,-588,2013,-1202,-2037,2038,2037,-2048,-42,-709,1999,1885,-2034,2041,121,73,453,-893,-67,-53,216,-61,492,-322,402,-131,114,-28,-115,230
80.7000,2045,-2048,215,-646,-2048,2024,1960,1977,1987,-1596,315,-406,-2048,2033,2047,-1776,2047,-2048,104,-641,1944,1996,-2033,2034,2047,-2048,210,-728,-712,2025,-1882,2039,-1228,-2048,-262,-638,2015,-1917,-2037,2038,2035,-2048,-13,-729,2011,-1514,-2035,2041,187,42,390,-898,-222,59,280,-78,475,-284,290,-145,1,98,-32,169
80.7200,2046,-2048,212,-698,-2022,2024,-1464,2029,2034,-1999,306,-401,-2048,2033,2047,1560,2047,-2048,125,-656,2001,-172,-2037,2034,2046,-2048,190,-708,1765,2029,-2005,2041,-1957,-2040,-237,-695,2016,-2022,-2039,2038,1335,-2048,9,-735,2014,-1958,-2035,2042,186,43,292,-844,-383,207,357,-136,430,-226,162,-150,-101,238,58,72
80.7400,2045,-2048,199,-705,1190,2023,-1952,2035,2042,-2048,308,-379,-2048,2034,1806,1969,2047,-2048,153,-629,2014,-1840,-2038,2033,2047,-2048,183,-644,1975,1818,-2023,2041,-2048,1450,-182,-717,2017,-2040,-2041,2040,-1814,-2048,55,-700,2017,-2030,-2035,2041,140,76,215,-724,-537,357,422,-202,335,-143,69,-155,-215,351,152,-18
80.7600,2047,-2048,241,-690,1896,1978,-2026,2038,2043,-2048,319,-340,-1724,2034,-1598,2030,598,-2048,223,-576,2013,-2009,-2038,2034,2047,-2048,220,-532,2007,-1555,-2026,2040,-2048,1970,-90,-706,2017,-2043,-2034,-502,-2048,989,136,-627,2016,-2042,-2038,2043,36,147,177,-575,-657,469,470,-271,209,-56,16,-161,-301,444,223,-112
80.7800,2046,-2048,280,-639,1991,-868,-2036,2037,2044,-2048,360,-267,1589,2025,-1968,2040,-1851,-2020,306,-483,2014,-2037,-2038,2032,2045,-2048,281,-403,2013,-1963,-2026,2039,-2048,2047,43,-672,2016,-2043,-2040,-1856,-2048,1908,234,-506,2015,-2044,-2032,121,-93,211,185,-406,-727,542,478,-323,68,50,-5,-140,-359,490,275,-191
80.8000,2045,-2048,347,-527,2010,-1886,-2037,2037,2044,-2048,381,-175,1946,1313,-2024,2040,-2048,1450,393,-349,2014,-2041,-2040,2009,1664,-2048,354,-245,2015,-2027,-2027,2038,-2048,2047,204,-566,2016,-2043,-2018,-2009,-2048,2041,329,-372,2015,-2044,-2038,-1823,-216,257,198,-237,-742,563,441,-337,-61,134,2,-109,-380,495,300,-255
80.8200,2045,-2048,408,-417,2012,-2019,-2037,2035,2044,-2048,368,-64,2005,-1674,-2032,2040,-2048,1970,462,-193,2014,-2043,-2038,-1274,-1757,-2048,411,-87,2014,-2037,-2026,2039,-2048,2047,342,-439,2015,-2044,1405,-2031,-2048,2047,412,-209,2016,-2044,-2017,-1998,-327,277,200,-82,-705,526,378,-318,-189,205,6,-50,-377,471,312,-275
80.8400,1004,-2048,433,-282,2013,-2042,-2037,2035,2043,-2048,335,61,2010,-1978,-2033,2039,-2048,2047,487,-39,2014,-2042,-2037,-1926,-2038,1254,426,68,2014,-2039,-2028,2034,-2048,2047,452,-285,651,-2037,1966,-2032,-2048,2047,452,-65,2015,-2043,1360,-2025,-405,282,151,39,-633,445,280,-251,-278,238,-13,11,-345,409,293,-261
80.8600,-1823,-1994,419,-132,2013,-2046,-2038,2037,2042,-2048,276,192,2013,-2027,-2033,2039,-2048,2047,468,117,2013,-2041,-1829,-2024,-2048,1943,406,207,2016,-2040,-2025,-917,-2048,2047,495,-133,-1843,-2043,2047,-2035,-2048,2047,452,64,398,-2037,1965,-2028,-420,245,72,96,-492,313,170,-146,-343,255,-42,58,-305,326,259,-242
80.8800,-2048,1498,395,17,2013,-2047,-2039,1970,1892,-2048,203,313,2012,-2036,-2033,2040,-2048,2047,414,256,1971,-2042,1686,-2039,-2048,2047,373,319,2014,-2040,-2027,-1885,-2048,2047,510,20,-2044,-2035,2047,-2033,-2048,2047,422,170,-1857,-2043,2047,-2030,-397,176,-37,117,-334,153,43,-18,-365,240,-62,88,-249,234,215,-198
80.9000,-2048,1981,363,148,2014,-2047,-2037,-1428,-1654,-2038,151,423,2013,-2037,-2034,2039,-2048,2047,357,370,-1369,-2039,2008,-2037,-2048,2047,330,404,2015,-2040,-1231,-2009,-2048,2047,491,151,-2048,982,2047,-2032,-2048,2047,381,262,-2047,-2012,2047,-2028,-303,84,-113,89,-144,-33,-95,141,-360,210,-63,90,-177,142,165,-141
80.9200,-2048,2047,323,273,2013,-2046,-2017,-1945,-2022,1302,121,516,2012,-2038,-2035,1932,-2048,2047,285,481,-1977,-2036,2047,-2039,-2048,2047,292,474,1720,-2041,1801,-2034,-2048,2047,467,293,-2048,1875,2047,-2033,-2048,2047,338,348,-2048,1287,2047,-2028,-147,-48,-155,43,66,-236,-244,303,-316,163,-40,64,-106,55,108,-79
80.9400,-2048,2047,297,415,2001,-2046,1188,-2027,-2048,1954,113,606,2013,-2039,-2035,-1500,-2048,2047,240,562,-2048,-235,2047,-2037,-2048,2047,246,543,-1715,-2040,2037,-2034,402,2047,421,434,-2048,2004,2047,-2032,-2048,2047,299,441,-2048,1912,2047,-2028,55,-199,-129,-18,292,-425,-397,468,-242,102,12,16,-49,0,53,-21
80.9600,-2048,2047,261,541,-948,-2042,1943,-2034,-2048,2047,116,671,2012,-2038,-1912,-1952,-2048,2047,199,640,-2048,1806,2047,-2038,-2048,2047,189,621,-2023,-1920,2047,-2034,1855,2038,356,594,-2048,2024,2047,-2033,-1748,2047,254,547,-2048,2008,2047,-2028,284,-374,-48,-79,506,-599,-557,619,-162,45,82,-36,-1,-43,-21,21
80.9800,-2048,2047,205,683,-1933,-2029,2047,-2038,-2048,2047,116,722,1823,-2037,1569,-2022,-2048,2047,151,711,-2048,1991,2047,-2038,-2048,2047,105,709,-2048,1503,2047,-2032,2017,-1173,294,766,-2048,2027,2047,-2031,1639,2047,196,677,-2048,2025,2047,-2027,544,-560,53,-118,733,-739,-735,759,-79,-9,124,-71,56,-65,-83,65
81.0000,-2048,2047,128,824,-2048,865,2047,-2035,-2048,2047,92,760,-1632,-2036,1997,-2031,-432,2047,97,777,-2048,2022,2047,-2038,-2048,2047,-13,819,-2048,1945,2047,-2032,2045,-1940,203,955,-2048,2029,2047,32,1967,380,103,834,-2048,2027,2047,-2029,804,-742,140,-123,953,-843,-916,864,-3,-63,162,-94,110,-66,-155,97
81.0200,-2048,2047,23,979,-2048,1865,2047,-2036,-2048,2047,57,783,-2012,-1190,2047,-2034,1801,2002,18,822,-2048,2028,2047,-2037,-2048,2047,-125,953,-2048,2017,2047,-2031,2047,-2048,95,1130,-2048,2026,2047,1839,2027,-1835,15,978,-2048,2028,2047,-1068,1044,-923,217,-123,1158,-896,-1102,944,59,-91,176,-111,158,-72,-208,109
81.0400,-2048,2047,-96,1135,-2048,1999,2047,-2035,-2048,2047,-13,796,-2048,1729,2047,-2033,2005,-1299,-49,873,-2048,2028,2047,-1995,-1731,2047,-248,1090,-2048,2029,2047,-2032,2047,-2048,-12,1303,-2048,2027,2043,2011,2034,-2042,-79,1137,-2048,2029,2047,1757,1234,-1083,264,-91,1338,-923,-1287,995,99,-115,156,-107,208,-71,-265,118
81.0600,-2048,2047,-204,1284,-2048,2021,2047,-2035,-2048,2047,-86,828,-2048,1981,2047,-2032,2041,-1960,-108,914,-2048,2030,2047,1214,1625,2044,-338,1262,-2048,2031,2047,-2032,2047,-2048,-116,1427,-2048,2028,-1092,2041,2037,-2048,-143,1285,-2048,2028,2047,2001,1394,-1230,276,-38,1488,-945,-1445,1036,119,-128,138,-90,254,-77,-325,132
81.0800,-1020,2047,-307,1439,-2048,2024,2047,-2034,-2048,2047,-217,902,-2048,2025,2047,-2032,2047,-2048,-167,968,-2048,2029,2047,1919,1974,-701,-413,1435,-2048,2029,2047,-2016,2047,-2048,-177,1511,-1088,2023,-1906,2042,2036,-2048,-190,1451,-2048,2027,-741,2035,1484,-1377,263,23,1603,-997,-1574,1080,137,-153,107,-52,307,-137,-399,170
81.1000,1764,-817,-1638,1904,298,-377,-360,724,1499,-1509,-1900,1895,1474,-1512,-1481,1502,2043,-2048,-1603,1767,705,-410,-887,2047,2029,-1896,-1918,1957,1481,-1490,-1494,1586,2045,-2048,-1582,1916,1717,-563,-2012,2035,2030,-2048,-1891,1958,1545,-1501,-1867,2039,1891,-1872,-1389,1430,1914,-1752,-1928,1771,1795,-1824,-1848,1772,1811,-1815,-1836,1810
81.1200,1991,-1876,-2042,2010,1783,-1813,-1820,1840,1924,-1938,-2035,1980,1876,-1183,-1923,1891,2046,-2048,-2029,1982,1814,-1818,-1854,2024,2037,-2028,-2048,2002,1896,-1917,-1812,1906,2046,-2048,-2031,2009,1968,-1833,-2033,2037,2028,-1282,-2048,2012,1927,-1923,-2003,1998,2010,-2037,-1997,1909,1998,-1995,-2013,1990,1995,-2020,-2048,1984,1973,-1987,-1997,1985
81.1400,681,-1047,331,799,-1522,-398,268,1490,357,-30,825,447,107,1733,-1006,-34,-301,-832,303,810,815,-1040,-149,-1336,980,-178,822,461,324,-1636,1701,-681,-1469,-1016,265,826,893,-1541,-398,671,1461,1804,806,467,761,-1190,-1195,-667,462,-130,54,1801,587,-1192,-470,381,31,147,787,362,318,-1043,-151,37
81.1600,544,-962,697,640,-1987,-37,809,1306,343,-21,1013,352,-121,1939,-791,-255,-632,-664,672,663,493,-780,352,-1874,1008,-175,1008,358,118,-1542,1934,-926,-1989,-863,634,672,553,-1378,93,277,1503,2026,994,369,593,-1042,-1018,-910,249,188,393,1788,187,-944,11,-61,16,169,986,250,104,-879,113,-185
81.1800,40,-503,1115,216,-2048,120,1009,1150,293,44,1087,271,-69,1966,-867,-212,-1169,-171,1104,223,322,-624,565,-1969,956,-106,1100,268,168,-1600,1961,-896,-2048,-377,1088,222,357,-1240,306,46,1464,2047,1079,271,644,-1097,-1068,-895,-287,710,873,1703,-20,-756,252,-304,-78,265,1091,141,137,-913,75,-170
81.2000,53,-514,1157,248,-2048,107,978,1178,216,119,1136,201,-122,1973,-802,-261,-1149,-200,1140,255,352,-636,523,-1980,863,-3,1139,198,105,-1561,1969,-954,-2048,-405,1130,262,396,-1263,266,98,1391,2047,1134,205,575,-1025,-995,-955,-261,665,891,1709,8,-785,211,-259,-164,357,1131,75,83,-847,133,-226
81.2200,120,-578,1110,230,-2048,125,999,1155,205,127,1108,255,-54,1969,-860,-198,-1072,-261,1096,246,332,-611,557,-1982,848,-13,1109,252,167,-1593,1965,-881,-2048,-462,1091,249,378,-1237,306,58,1378,2047,1101,263,635,-1091,-1057,-876,-196,604,852,1701,-5,-752,253,-285,-159,342,1103,135,144,-903,63,-158
81.2400,106,-547,1135,213,-2048,132,1004,1119,229,97,1123,216,-81,1968,-811,-237,-1100,-226,1121,231,303,-595,569,-1985,874,-45,1123,217,140,-1562,1967,-910,-2048,-426,1103,241,341,-1216,315,44,1398,2047,1112,220,611,-1049,-1014,-911,-225,639,876,1696,-34,-730,252,-303,-134,310,1123,100,112,-865,107,-195
81.2600,65,-512,1104,232,-2048,113,985,1142,249,81,1104,222,-90,1967,-814,-245,-1133,-190,1101,247,327,-614,545,-1982,892,-54,1103,226,130,-1563,1966,-918,-2048,-402,1087,247,362,-1231,294,63,1409,2047,1093,234,593,-1051,-1013,-920,-254,667,860,1697,-7,-753,235,-281,-116,300,1095,113,105,-867,106,-201
81.2800,66,-522,1121,228,-2048,120,980,1148,217,117,1120,222,-85,1965,-818,-227,-1119,-210,1119,243,328,-608,544,-1978,856,-28,1111,226,133,-1559,1963,-898,-2048,-409,1109,243,367,-1224,296,69,1385,2047,1103,236,596,-1049,-1019,-909,-243,644,876,1693,-3,-748,241,-279,-140,332,1111,108,109,-867,99,-184
81.3000,93,-552,1100,219,-2048,126,988,1118,208,122,1106,228,-75,1964,-819,-216,-1087,-235,1092,234,311,-587,564,-1978,832,-15,1103,229,145,-1560,1962,-893,-2048,-434,1083,235,348,-1197,314,47,1363,2047,1093,231,599,-1046,-1018,-893,-221,628,857,1687,-25,-727,251,-299,-154,331,1093,114,114,-864,100,-179
81.3200,94,-531,1112,222,-2048,122,975,1120,222,91,1097,217,-96,1963,-798,-231,-1084,-219,1107,239,311,-595,538,-1976,848,-39,1095,214,131,-1544,1959,-898,-2048,-423,1091,240,351,-1204,302,57,1374,2047,1094,222,587,-1024,-986,-899,-226,632,867,1688,-22,-736,236,-286,-132,308,1093,98,107,-850,104,-189
81.3400,72,-512,1103,225,-2048,113,968,1123,232,91,1091,229,-80,1961,-804,-228,-1100,-201,1091,242,319,-598,538,-1973,853,-42,1089,218,128,-1536,1957,-899,-2048,-411,1072,236,359,-1208,293,65,1375,2047,1079,234,580,-1024,-999,-894,-237,643,859,1683,-6,-734,234,-270,-124,303,1080,111,108,-851,100,-182
81.3600,73,-517,1107,219,-2048,122,971,1106,218,94,1090,224,-77,1959,-804,-214,-1092,-212,1097,230,304,-593,540,-1973,845,-22,1084,226,140,-1536,1955,-881,-2048,-414,1080,230,356,-1187,296,56,1362,2047,1082,235,589,-1027,-997,-883,-237,628,855,1676,-19,-723,241,-281,-135,320,1080,107,117,-852,91,-179
81.3800,85,-526,1084,219,-2048,119,965,1097,211,110,1079,212,-83,1957,-795,-224,-1071,-218,1081,235,305,-591,536,-1971,816,-25,1085,215,138,-1526,1952,-882,-2048,-419,1060,230,342,-1180,294,52,1336,2047,1070,215,575,-1014,-983,-874,-223,617,845,1676,-18,-728,234,-280,-143,321,1071,100,110,-838,98,-181
81.4000,77,-516,1081,219,-2048,117,950,1097,214,98,1083,214,-81,1955,-787,-224,-1056,-212,1082,234,309,-587,528,-1968,833,-21,1080,218,126,-1527,1952,-874,-2048,-412,1067,229,344,-1180,297,63,1337,2047,1065,230,573,-1006,-977,-878,-216,616,850,1672,-5,-719,236,-272,-134,303,1072,100,101,-842,100,-182
81.4200,81,-512,1077,214,-2048,109,955,1089,213,95,1070,216,-76,1953,-789,-212,-1069,-202,1068,222,307,-577,526,-1968,832,-31,1072,215,133,-1511,1948,-869,-2048,-402,1059,227,353,-1173,301,57,1339,2047,1070,220,567,-1008,-980,-873,-230,625,835,1665,-7,-719,235,-275,-128,306,1059,100,112,-834,91,-176
81.4400,76,-503,1078,216,-2048,114,944,1076,216,102,1065,207,-85,1951,-777,-210,-1066,-204,1067,221,302,-573,531,-1966,825,-19,1063,212,131,-1511,1948,-860,-2048,-399,1052,221,335,-1161,291,52,1332,2047,1057,216,570,-998,-970,-867,-225,611,837,1658,-22,-705,239,-281,-121,306,1066,98,110,-829,95,-175
81.4600,81,-514,1059,213,-2048,113,933,1080,208,102,1057,208,-79,1950,-772,-224,-1046,-214,1055,222,302,-577,519,-1964,817,-20,1060,207,127,-1503,1946,-861,-2048,-405,1040,230,339,-1155,286,61,1316,2047,1048,214,564,-990,-964,-868,-219,599,828,1656,-10,-712,223,-266,-130,304,1049,97,106,-819,96,-172
81.4800,74,-511,1061,206,-2048,112,940,1070,216,90,1047,216,-82,1947,-774,-214,-1040,-203,1049,225,303,-567,517,-1961,807,-30,1052,206,128,-1493,1943,-852,-2048,-399,1042,223,339,-1150,288,66,1310,2047,1039,219,561,-985,-952,-855,-215,600,822,1649,-10,-705,235,-267,-123,301,1042,101,107,-816,95,-174
81.5000,73,-500,1055,208,-2048,106,934,1063,212,92,1045,207,-78,1946,-764,-212,-1041,-199,1042,219,297,-568,518,-1961,812,-36,1041,208,133,-1488,1941,-847,-2048,-391,1028,224,341,-1140,285,55,1312,2047,1039,210,559,-974,-946,-848,-220,607,820,1641,-14,-696,229,-265,-132,293,1036,97,114,-812,89,-174
81.5200,72,-503,1051,205,-2048,105,922,1049,209,95,1029,205,-73,1943,-760,-210,-1032,-199,1036,224,292,-557,518,-1959,805,-33,1029,197,131,-1472,1938,-841,-2048,-393,1025,219,328,-1135,282,57,1296,2047,1027,212,551,-967,-940,-845,-214,594,817,1635,-11,-694,225,-263,-129,302,1032,91,109,-801,90,-172
81.5400,75,-501,1040,211,-2048,105,912,1041,200,90,1033,208,-75,1940,-757,-200,-1020,-199,1029,217,293,-553,513,-1956,794,-24,1024,201,127,-1463,1935,-834,-2048,-396,1020,225,324,-1122,286,60,1283,2047,1025,209,544,-963,-937,-837,-212,583,800,1634,-10,-686,223,-257,-127,293,1010,94,105,-804,94,-164
81.5600,76,-489,1028,203,-2048,110,901,1041,201,95,1015,202,-78,1938,-752,-203,-1017,-199,1014,216,288,-552,502,-1953,791,-32,1022,199,128,-1451,1932,-821,-2048,-389,1011,220,322,-1112,274,54,1273,2047,1012,210,546,-953,-920,-825,-210,588,800,1625,-7,-676,223,-256,-126,282,1015,89,102,-801,91,-171
81.5800,74,-482,1018,199,-2048,104,897,1029,206,91,1005,199,-74,1936,-743,-206,-1002,-199,1012,217,287,-551,505,-1952,781,-30,1011,205,122,-1446,1929,-814,-2048,-386,1003,212,324,-1107,279,56,1259,2047,1003,210,539,-949,-920,-822,-209,580,796,1620,-6,-678,221,-255,-116,292,1004,98,101,-787,90,-163
