time_us,sl0_chA,sl0_chB,sl0_chC,sl0_chD,sl0_chE,sl0_chF,sl0_chG,sl0_chH,sl1_chA,sl1_chB,sl1_chC,sl1_chD,sl1_chE,sl1_chF,sl1_chG,sl1_chH,sl2_chA,sl2_chB,sl2_chC,sl2_chD,sl2_chE,sl2_chF,sl2_chG,sl2_chH,sl3_chA,sl3_chB,sl3_chC,sl3_chD,sl3_chE,sl3_chF,sl3_chG,sl3_chH,sl4_chA,sl4_chB,sl4_chC,sl4_chD,sl4_chE,sl4_chF,sl4_chG,sl4_chH,sl5_chA,sl5_chB,sl5_chC,sl5_chD,sl5_chE,sl5_chF,sl5_chG,sl5_chH,sl6_chA,sl6_chB,sl6_chC,sl6_chD,sl6_chE,sl6_chF,sl6_chG,sl6_chH,sl7_chA,sl7_chB,sl7_chC,sl7_chD,sl7_chE,sl7_chF,sl7_chG,sl7_chH
0.0000,8,-2,10,13,-1,11,4,14,8,-6,4,9,0,7,4,15,5,-5,3,14,-2,15,-2,16,3,-1,1,11,-2,18,4,15,5,-7,5,9,-1,11,-2,18,6,0,9,9,-1,14,-2,16,5,-4,0,10,2,14,2,15,5,-7,4,12,0,15,1,21
0.0200,4,-3,7,12,1,13,-3,16,2,-7,3,12,-1,10,-1,18,-2,2,2,8,3,12,2,18,2,-4,3,12,-4,14,7,17,4,-4,8,10,0,18,-1,17,3,-1,7,9,-4,12,1,14,8,-8,4,5,1,17,-5,11,3,-3,1,11,0,15,2,19
0.0400,3,-2,5,13,2,12,0,12,4,-5,2,10,4,12,2,15,0,-2,5,9,-2,10,-2,17,5,1,4,21,-1,13,1,16,6,1,2,9,4,12,1,17,7,-4,6,13,2,14,3,13,7,-5,9,10,-3,13,3,14,7,-4,4,12,-3,12,4,12
0.0600,1,-1,6,9,4,13,-2,16,7,-4,7,10,2,15,1,17,6,-4,5,12,-5,15,-2,17,5,-7,4,12,-1,10,-1,13,9,-9,5,10,0,12,-2,16,10,-5,7,15,0,12,1,16,6,-1,3,11,-3,11,2,15,4,-6,1,6,-5,15,-3,14
0.0800,6,-2,9,12,2,13,4,17,4,-8,9,12,-4,9,-1,15,8,-4,0,13,0,12,-5,16,3,-2,4,15,-1,15,5,12,2,-3,7,10,1,17,3,16,5,-6,3,12,0,15,0,19,5,-6,4,10,-2,13,4,15,5,-6,4,5,3,10,1,17
0.1000,6,-1,6,14,-1,14,-1,13,-1,-4,6,14,2,17,3,17,3,-9,4,8,-1,12,2,18,4,-3,3,14,1,14,7,19,6,-1,8,11,2,11,1,17,5,-6,4,16,0,11,-2,15,4,0,7,7,1,13,-5,15,2,-4,6,11,-4,17,2,19
0.1200,2,-1,2,16,-3,16,3,17,8,-3,3,12,0,14,-3,15,3,-5,4,11,0,11,5,15,11,0,3,9,-6,13,0,18,3,-2,5,12,0,10,2,14,3,5,7,13,0,13,1,15,2,-5,0,9,0,11,-1,17,6,-4,3,15,-3,9,1,19
0.1400,7,-7,4,12,-4,13,0,18,3,-6,5,12,0,10,-1,14,4,2,8,9,-1,11,1,17,2,-4,4,9,1,15,-2,16,8,-6,7,13,-2,13,1,18,7,-4,6,13,1,13,2,13,5,-10,4,12,1,12,-4,14,6,-2,4,10,3,12,-1,13
0.1600,4,-3,2,13,0,11,-2,16,7,2,6,5,-3,13,3,15,5,-1,4,12,1,8,-6,18,4,-5,6,15,-1,12,-1,16,3,-4,6,11,-5,13,-3,15,4,-1,4,11,3,10,3,19,6,-7,1,8,-2,14,-1,17,4,-4,5,10,3,13,3,16
0.1800,6,-5,5,13,2,13,5,15,4,-3,5,7,0,11,-2,18,6,-7,4,11,-4,12,0,17,6,-3,7,11,-2,14,0,13,8,-4,7,10,2,11,1,19,7,-1,7,11,-3,15,-7,13,6,1,5,11,1,10,-1,14,9,-8,2,10,0,14,-2,13
0.2000,5,-5,2,12,1,10,2,17,4,-3,4,10,0,14,-1,18,1,-7,5,9,0,15,-1,16,6,-4,8,11,-3,11,1,20,5,-6,3,10,1,11,-1,14,6,-1,8,9,0,11,1,19,8,-7,4,13,0,14,-1,19,4,-4,3,9,1,16,-2,12
0.2200,1,-1,3,15,-2,13,0,14,5,-6,4,17,-4,13,4,20,3,-4,3,14,0,13,-1,14,5,-6,6,8,0,17,0,17,0,-1,2,11,2,13,-1,16,7,1,6,12,4,17,0,18,5,0,7,9,1,11,-3,15,5,-6,2,17,4,12,1,17
0.2400,3,-2,6,14,-1,9,-2,17,4,-3,1,9,1,10,-2,10,1,-3,5,13,1,14,0,13,5,-6,1,13,0,9,0,16,5,-4,5,14,0,9,0,14,6,1,4,12,0,13,0,17,6,2,2,16,1,11,-3,14,3,-7,0,14,0,15,-1,19
0.2600,4,-4,3,6,2,13,1,18,5,0,3,17,-2,12,-2,18,4,0,1,13,1,14,0,12,3,-3,4,16,2,13,-1,14,6,-4,9,11,-2,13,8,17,2,-2,2,12,-2,13,0,17,6,2,6,13,1,12,-1,19,7,-7,2,15,1,15,-3,17
0.2800,7,2,5,14,-2,10,-4,19,6,-3,2,11,-4,12,1,14,6,-7,3,12,6,15,0,17,6,-4,5,10,0,11,-1,14,4,-4,7,13,1,12,-1,17,3,-3,5,11,-2,13,2,20,7,-6,1,9,3,10,-4,17,2,-3,0,11,-1,8,1,17
0.3000,8,3,6,14,-7,13,-1,16,6,-8,4,10,1,12,0,22,9,-6,4,14,-3,9,0,10,9,-6,5,12,1,14,3,16,5,-1,3,12,4,16,1,17,5,-4,6,12,1,17,0,16,8,-9,4,14,-1,15,1,15,4,-9,7,9,0,15,0,15
0.3200,8,-4,7,17,-3,17,-4,18,3,-3,0,9,-1,10,3,13,4,-6,2,11,0,13,4,16,4,-4,6,9,-2,10,4,18,5,-4,8,14,-5,10,0,14,2,-3,8,9,-5,10,-1,16,7,-6,1,12,-3,10,2,12,6,-4,1,15,1,13,0,19
0.3400,5,-3,6,13,-2,10,1,17,6,-4,5,3,0,9,2,19,6,-2,6,13,-2,14,2,17,2,-3,3,12,1,13,1,17,4,-1,4,8,2,11,-1,18,7,0,6,13,2,12,0,20,4,-5,6,14,0,14,3,15,1,-4,1,11,0,13,2,20
0.3600,9,1,4,15,-4,15,-3,14,7,-2,6,13,2,11,1,21,5,-4,1,8,0,11,2,17,3,-3,2,10,0,12,1,16,7,-3,6,9,3,9,1,17,5,-2,8,12,2,13,0,16,4,-6,6,9,0,16,6,17,7,-5,6,15,2,12,4,14
0.3800,6,2,9,12,-3,13,5,21,5,-8,5,12,-1,16,0,22,0,-5,4,8,-2,12,1,13,5,-6,2,10,-1,11,1,20,10,-3,2,7,-6,12,0,13,6,1,3,8,-2,13,3,15,7,-5,2,12,6,12,0,17,7,-8,5,14,1,16,0,19
0.4000,4,-3,4,14,-2,15,0,16,9,3,8,9,-2,9,4,14,4,-2,2,10,1,13,0,17,5,0,4,13,0,14,2,16,7,-7,9,14,-5,13,2,17,4,-5,4,7,0,11,-1,19,9,-1,6,9,-3,15,4,15,7,-3,7,12,-1,8,-2,21
0.4200,2,-4,6,12,0,9,-1,17,8,-3,4,6,0,10,-2,14,3,-3,5,9,2,12,1,15,8,-3,4,13,0,14,-1,18,3,-3,3,19,2,16,2,13,6,-2,3,9,0,12,1,15,1,0,4,11,1,15,1,11,8,-5,3,7,1,6,3,18
0.4400,4,-4,6,12,1,13,1,18,8,-1,4,12,-2,14,-2,17,6,-6,0,12,-4,13,4,15,5,-4,5,12,-3,17,0,19,8,0,3,16,4,15,-1,13,4,-4,1,9,1,15,0,14,10,-4,4,8,-2,17,1,17,9,-5,5,8,-3,13,1,15
0.4600,5,1,5,12,1,14,1,17,2,-3,3,12,3,11,1,18,2,-2,4,13,2,13,-4,18,5,-4,5,13,2,9,-3,17,5,-5,6,12,2,11,1,16,5,-1,4,13,-3,15,1,16,3,-1,7,17,1,11,1,18,5,-2,4,11,-1,15,3,17
0.4800,11,0,4,16,-2,17,6,15,6,-6,5,11,1,15,2,15,5,-3,4,13,-2,10,-3,17,-2,-5,6,9,-1,12,1,13,5,3,1,16,-4,11,2,19,5,-3,4,12,0,15,1,19,2,-3,4,12,2,15,-3,10,5,1,3,12,2,12,3,12
0.5000,4,-3,1,9,-5,12,2,16,7,-4,5,13,-1,15,0,16,3,-7,5,8,1,18,0,15,2,1,7,13,2,17,-1,18,3,0,5,15,-1,14,-4,17,6,-8,4,13,1,14,5,14,6,-2,1,10,2,16,-2,16,5,-2,5,11,2,12,3,16
0.5200,11,-4,5,9,-1,14,6,17,5,-4,4,9,0,16,3,23,3,1,4,10,-3,12,-4,14,6,-1,1,10,2,15,0,15,1,-4,4,11,-3,14,-1,12,5,-4,6,9,-5,14,0,18,4,-6,6,12,-2,12,1,14,6,1,7,9,0,11,1,15
0.5400,3,-4,1,9,1,12,2,20,7,-4,2,12,5,14,2,15,8,-2,0,10,0,14,-2,16,3,-5,2,15,-2,15,1,15,4,-3,5,11,-4,14,1,17,2,-1,2,11,2,12,4,14,7,-6,7,11,-2,17,2,18,5,-7,4,17,1,11,5,15
0.5600,3,-6,7,7,0,17,1,18,7,-4,2,14,0,14,3,14,4,0,5,15,3,12,0,13,5,-4,4,13,0,13,1,13,9,-2,7,7,-6,13,3,18,5,-5,6,8,-5,14,1,14,2,-7,9,8,-2,15,0,16,8,-3,6,11,-2,12,3,16
0.5800,7,-2,4,10,0,9,2,15,8,0,5,11,-2,12,3,18,6,0,1,15,3,7,5,15,-2,-3,4,6,1,10,-1,19,7,-4,8,12,-5,17,0,13,6,-4,4,14,-2,12,2,14,3,-6,5,11,2,13,1,16,6,-3,9,8,1,15,-1,17
0.6000,3,-5,0,11,3,13,0,21,3,-3,10,13,2,13,0,22,3,-1,3,15,4,14,-3,16,4,-1,3,13,1,12,1,10,4,-4,5,14,-6,15,3,20,7,-4,6,12,3,14,0,16,4,0,9,15,2,14,-3,18,5,-2,3,6,2,13,3,17
0.6200,7,0,7,14,-2,10,3,22,0,-4,7,9,0,16,4,16,5,0,7,9,0,10,-2,13,6,-2,2,12,0,13,3,18,5,-1,6,11,2,18,1,18,3,1,3,9,-2,15,3,17,2,-2,3,14,-2,14,-2,17,4,-8,4,8,1,9,-3,18
0.6400,7,-3,7,10,3,11,2,13,3,-5,3,10,-4,15,1,14,3,-4,7,12,1,13,3,13,5,-7,3,14,0,17,0,14,4,-4,7,14,2,14,-1,19,3,-5,4,11,0,9,1,16,7,-5,9,13,2,14,1,19,9,-5,4,12,-2,13,1,13
0.6600,5,2,0,9,2,13,1,17,11,-2,6,15,-7,14,2,13,7,0,4,17,-1,18,4,11,7,-4,4,9,0,15,-2,19,2,-5,7,10,-1,11,-1,13,2,-1,4,13,0,15,0,14,3,-2,4,13,-4,12,2,18,6,-3,2,10,-1,18,-2,17
0.6800,6,-1,2,16,0,10,2,19,2,1,6,12,-3,11,2,19,-1,-5,2,12,1,16,0,13,2,-5,8,14,0,14,2,17,5,-9,7,15,0,14,4,17,7,-3,1,12,1,13,2,17,6,-4,4,14,0,11,1,16,7,-2,4,13,-3,11,-1,16
0.7000,-21,27,96,-43,-90,54,22,-8,7,-5,-57,26,5,-49,0,24,-20,29,89,-42,-73,79,70,-91,7,-7,-62,22,-3,14,-76,25,-88,77,107,-64,-3,20,-3,18,18,-88,-71,35,5,18,4,19,-85,92,135,-119,-1,9,2,18,6,-4,-62,24,3,13,-3,19
0.7200,6,4,-51,15,51,9,1,16,4,-2,-41,15,3,-32,0,24,5,-1,-46,15,-5,9,-7,70,1,-4,-43,17,-1,16,-58,26,84,-13,-45,14,1,15,-3,16,7,-67,-40,25,-2,12,-1,19,-1,0,-56,73,2,15,-2,19,4,1,-43,15,3,14,4,19
0.7400,1,-2,-26,15,47,6,2,19,2,-4,-13,14,6,-16,1,22,2,-1,-23,15,-2,12,-13,61,4,-4,-15,17,2,16,-37,23,75,-16,-30,20,0,9,1,16,8,-40,-16,18,-4,14,2,20,3,-4,-42,66,-3,9,0,19,3,-1,-16,13,-2,12,0,15
0.7600,8,0,1,16,24,13,1,14,5,-4,5,15,4,-5,2,19,1,1,-1,14,1,13,-7,40,4,-3,4,15,-2,16,-22,17,35,-12,-5,14,4,6,5,14,10,-22,6,16,-2,8,4,19,3,-8,-11,41,-2,14,-3,20,-1,0,7,13,-2,15,0,18
0.7800,4,-3,7,15,11,14,-1,14,6,-7,15,13,1,12,-3,17,3,-6,11,13,2,12,-6,26,6,-5,11,14,0,11,-4,20,21,-13,11,7,7,14,-3,17,11,-6,15,9,1,11,0,13,5,-6,6,26,6,20,2,16,2,-9,13,10,0,11,2,17
0.8000,4,-3,12,15,2,12,-4,12,6,-3,14,14,-1,10,0,16,3,-2,16,14,7,8,0,19,6,-3,13,11,1,10,8,20,4,-9,11,13,6,8,3,17,7,0,13,14,-2,15,3,18,6,-6,14,12,3,16,4,17,0,-6,16,6,3,11,1,11
0.8200,7,-6,15,4,-24,28,4,12,-14,10,258,-152,-98,77,-49,56,2,-3,12,13,3,9,5,4,-42,32,276,-178,-57,12,179,-105,1,-4,14,7,3,15,1,14,-239,235,370,-274,-90,15,6,10,6,-9,11,11,5,16,-1,15,-85,63,319,-215,-81,12,4,14
0.8400,-214,87,307,-184,-238,347,273,-260,-252,322,272,-383,-201,187,183,-189,-210,81,316,-179,-223,298,308,-148,-256,325,268,-384,-144,193,241,-230,-343,198,414,-237,-185,243,227,-205,-393,303,374,-491,-72,133,114,-113,-207,93,439,-272,-193,234,225,-204,-262,327,278,-397,-70,139,118,-123
0.8600,-203,198,288,-258,-256,221,122,-110,-253,255,282,-256,-160,269,172,-159,-185,193,290,-262,-164,140,189,-208,-244,259,287,-250,-124,151,299,-169,-439,397,399,-386,-96,65,21,-9,-437,435,429,-359,-39,69,48,4,-303,302,425,-395,-117,77,90,-51,-266,242,286,-234,-75,88,91,-67
0.8800,-177,201,257,-168,-284,254,223,-126,-170,163,229,-95,-129,275,158,-130,-193,278,256,-186,-139,94,239,-240,-164,171,226,-98,-180,152,289,-132,-466,534,410,-311,-51,50,-31,-29,-371,420,388,-187,-51,74,43,-84,-281,250,462,-453,-59,54,59,-29,-173,155,232,-54,-71,85,71,-49
0.9000,-115,135,189,-19,-270,217,138,-102,-80,98,156,26,-87,244,121,-100,-113,138,196,-33,-84,58,188,-232,-60,100,156,25,-157,117,247,-87,-418,360,338,-158,-7,50,-78,11,-208,353,299,-66,-30,46,12,-36,-246,191,413,-422,-35,66,48,-32,-91,94,154,90,-45,58,39,-32
0.9200,-85,76,117,84,-205,189,181,-124,-72,85,88,73,-48,185,115,-97,-95,117,113,69,-121,35,194,-178,-58,70,89,66,-110,126,176,-48,-292,237,236,-27,-50,60,-55,-33,-78,244,194,12,-50,72,30,-39,-162,63,319,-321,-46,62,42,-26,-81,76,89,144,-55,82,55,-49
0.9400,-59,64,58,63,-138,142,117,-110,-30,31,-32,69,50,-21,39,-27,-64,55,58,46,-107,38,131,-116,-28,41,-21,58,-74,63,-49,59,-187,112,142,-27,-44,66,-48,-24,32,49,11,36,-67,79,56,-77,-134,60,226,-224,-46,66,42,-30,-40,33,-9,121,-61,79,51,-35
0.9600,83,-96,-203,250,316,-210,-97,115,-49,58,35,-81,56,-104,34,1,91,-101,-207,251,139,-233,-214,295,-30,52,29,-79,-43,49,21,94,454,-522,-380,480,-70,81,-29,-47,180,-188,-71,20,-70,78,48,-51,259,-361,-316,344,-54,72,52,-43,-44,53,23,-5,-57,82,53,-49
0.9800,-54,58,37,-163,-22,139,132,-91,-47,51,30,-199,-76,33,81,-66,-57,106,32,-178,-111,49,93,-1,-57,56,32,-201,-122,83,41,-40,-47,132,21,-187,-58,73,5,-49,-136,19,29,-241,-58,76,56,-109,-45,-11,-6,40,-57,70,48,-40,-42,40,30,-153,-52,70,53,-37
1.0000,-19,20,27,-168,-35,93,35,-22,-17,21,22,-147,-29,38,36,-27,-5,17,26,-184,-33,34,60,-13,-8,8,17,-148,-19,37,35,6,-49,126,21,-201,-21,55,-5,10,-65,32,18,-179,-9,43,4,3,-54,12,18,-20,-37,58,48,-23,-31,30,17,-113,-36,59,43,-33
1.0200,-16,18,14,-79,-27,98,72,-20,-18,15,4,-22,-8,32,26,-13,-15,51,7,-94,-25,18,62,-6,-10,19,3,-22,-24,35,22,11,-28,149,7,-106,-23,43,-2,-1,-43,19,5,-34,-20,39,18,-21,-23,-18,13,-14,-30,51,31,-16,-21,23,5,0,-36,50,34,-20
1.0400,-1,-3,1,40,-16,33,-14,10,-19,17,-3,69,12,20,18,5,13,-14,1,29,1,-4,8,1,-2,9,-6,73,-6,26,13,31,-12,1,-3,30,-6,39,-25,28,28,6,-7,73,-20,34,16,-2,-9,-27,-8,-2,-26,44,24,-8,-13,20,0,87,-25,47,29,-10
1.0600,-17,21,-7,113,-2,27,9,-18,-13,11,-17,125,40,15,18,5,-14,20,-10,103,-32,3,14,10,-5,8,-10,125,39,27,-1,42,8,-15,-10,106,-33,37,-3,-6,112,-5,-16,131,-24,33,16,28,-5,-27,-11,14,-25,37,24,-8,-16,19,-14,140,-32,42,30,-13
1.0800,59,-56,-144,235,1,21,-58,-13,-27,25,-21,139,-144,81,80,-91,66,-106,-139,226,-49,43,12,-17,-42,32,-13,134,-11,91,147,-56,101,-166,-143,226,-33,43,14,-1,14,146,73,-8,-43,35,23,27,38,-48,-113,101,-29,39,20,-3,-22,30,-14,143,-33,42,25,-11
1.1000,4,6,-120,229,32,-11,-49,-66,28,-31,-181,227,66,-85,27,6,8,-71,-122,232,-80,27,6,33,22,-18,-180,222,36,40,-116,69,112,-244,-113,208,-54,54,16,-17,327,-180,-211,260,-67,60,50,20,3,-11,-89,101,-43,45,32,-18,45,-37,-177,247,-42,46,34,-16
1.1200,11,1,-189,152,152,-56,-5,-55,36,-32,-188,91,93,-137,-20,42,-6,-17,-193,164,-66,-1,-28,146,14,-19,-187,92,52,11,-193,100,290,-289,-254,214,-84,72,58,-71,328,-274,-302,176,-76,59,62,-20,100,-104,-281,314,-56,48,50,-24,57,-43,-185,113,-42,53,36,-18
1.1400,25,-15,-172,-15,197,-79,-73,10,24,-20,-157,-107,54,-161,-28,44,26,-68,-171,-6,-11,-15,-69,198,-1,-8,-159,-111,35,-1,-219,82,349,-299,-291,75,-67,65,60,-46,222,-295,-299,-10,-60,63,62,-38,114,-110,-332,362,-55,55,44,-23,47,-35,-153,-89,-35,45,33,-22
1.1600,13,-4,-129,-165,206,-42,-39,25,23,-18,-114,-190,41,-154,-54,47,12,-11,-132,-162,9,-3,-41,210,4,-19,-112,-197,57,-14,-200,85,327,-166,-258,-68,-61,67,76,-48,139,-260,-253,-110,-42,56,38,-10,115,-100,-312,360,-44,52,40,-27,36,-23,-107,-188,-29,47,37,-19
1.1800,20,-14,-82,-215,172,0,-16,55,13,-3,-65,-206,-12,-118,-38,38,19,-4,-84,-208,39,0,-29,180,-9,-2,-65,-207,-14,-10,-153,36,256,-46,-199,-135,-30,56,61,-19,-21,-200,-180,-140,-29,47,46,-50,102,-83,-262,301,-34,47,37,-19,20,-14,-63,-209,-23,47,27,-11
1.2000,17,-17,-47,-180,117,26,3,71,11,-10,-25,-150,-19,-76,-47,34,22,11,-47,-175,51,8,-14,134,-2,-23,-26,-148,-3,-22,-97,32,169,39,-129,-117,-12,38,47,-1,-62,-123,-102,-104,-3,35,17,-26,88,-75,-198,228,-23,41,34,-11,15,-11,-29,-147,-13,37,24,-6
1.2200,13,-17,-7,-112,-44,43,35,66,2,-6,97,-78,-24,175,-28,27,12,32,-12,-112,52,6,2,82,-7,-9,85,-74,-21,-18,143,19,86,103,-66,-69,-5,29,30,7,-92,-46,25,-49,2,30,5,-24,66,-55,-129,146,-12,37,23,-6,3,-4,71,-81,-11,29,15,2
1.2400,15,-18,155,-29,573,36,2,68,3,-4,-204,2,-24,-993,-18,24,20,-3,153,-26,48,5,-4,42,4,-11,-180,8,-5,-11,-1010,8,-97,68,126,-2,8,21,12,22,-64,-108,-168,20,6,20,0,10,49,-40,79,-88,-7,31,14,0,-1,-3,-140,-5,-10,23,8,6
1.2600,16,-15,-651,44,1147,35,4,53,7,-12,17,81,-11,-1146,-19,23,13,2,-676,40,37,4,10,1128,13,-12,13,82,6,-6,-1167,10,1087,50,-701,61,5,19,7,18,-23,-1142,17,89,4,12,-4,23,32,-33,-683,1044,-4,21,2,11,5,-9,9,72,-7,15,10,6
1.2800,15,-20,-19,107,710,19,-18,47,9,-9,-683,115,-1,26,-16,31,12,-24,-17,105,31,5,-6,1042,10,-15,-671,117,15,0,175,19,1155,-4,8,128,4,14,1,20,14,-840,-591,131,0,13,-1,31,33,-31,-25,1176,-5,16,4,15,5,-9,-617,110,-7,20,2,14
1.3000,11,-11,-1067,111,-290,4,-27,34,11,-6,-1114,88,14,162,-14,32,10,-23,-1069,111,14,-2,-7,-137,10,-9,-1124,90,26,1,262,26,581,-40,-1066,124,1,10,-4,10,48,-1094,-1116,107,1,16,3,41,22,-27,-1066,1199,2,12,2,18,7,-7,-1120,89,-9,20,-3,10
1.3200,7,-1,-1144,56,-86,0,-24,28,6,-3,-1153,19,15,-994,-5,27,4,-21,-1149,55,11,0,-2,364,5,-7,-1157,21,34,4,-703,21,1175,-50,-1142,76,-6,10,1,11,48,-1203,-1154,40,-3,14,4,37,18,-19,-1150,301,-2,12,5,19,7,-8,-1157,21,-3,17,1,16
1.3400,7,-4,-1165,-9,1076,5,-33,21,9,-2,-793,-39,7,-1145,-4,23,1,-28,-1169,-8,5,7,-3,1141,-1,0,-804,-37,37,12,-1149,15,1207,-53,-1165,5,-4,14,1,11,45,-1210,-858,-19,-1,12,4,44,10,-13,-1161,-504,-1,16,2,15,6,-2,-845,-37,-3,15,1,16
1.3600,3,0,-110,-54,1171,19,-19,23,4,3,225,-58,-11,-1164,-3,20,-3,-23,-119,-55,2,11,9,1196,5,-4,218,-58,17,10,-1183,6,1208,-19,-154,-41,-4,15,7,11,10,-1213,195,-42,0,16,2,32,5,-4,-174,-871,2,15,2,16,5,-2,201,-60,-6,14,2,12
1.3800,5,1,510,-54,1180,30,-13,18,2,2,800,-48,-22,-1164,-3,22,-1,-16,503,-61,6,15,19,1195,0,-1,791,-51,15,11,-1189,-4,1210,-2,478,-49,3,14,8,11,-2,-1216,771,-45,3,17,2,32,-3,-1,496,-1204,3,18,0,16,-3,-1,777,-52,-5,18,4,10
1.4000,3,-3,1179,-43,1059,36,-20,25,6,6,1242,-31,-30,-44,-1,21,-4,-28,1180,-34,3,10,23,931,-3,4,1252,-31,25,14,-155,-11,1085,4,1166,-33,-3,11,5,17,-5,-189,1252,-25,0,16,3,48,-1,2,1164,-1127,-3,20,4,12,-3,3,1252,-32,-1,9,4,12
1.4200,0,1,1194,-18,-220,39,-23,19,-1,2,1181,2,-30,590,4,13,2,-37,1195,-18,5,14,25,-274,-2,-1,1185,0,30,15,514,-13,-371,-2,1197,-10,0,10,5,14,4,586,1183,-3,6,18,4,60,-6,11,1193,-1095,1,15,-1,16,-4,5,1188,-4,4,11,5,14
1.4400,-1,0,1189,16,-731,40,-36,18,4,3,1205,35,-28,1175,-1,18,-7,-50,1188,13,-2,19,28,-803,5,3,1205,33,39,13,1103,-8,-950,-12,1190,18,2,11,3,12,17,1169,1205,35,-1,12,5,66,-9,7,1190,-1083,-1,14,0,15,4,3,1206,30,0,16,2,15
1.4600,3,3,1232,47,-1227,33,-45,18,2,1,1264,60,-20,1221,-4,21,-4,-54,1233,50,-1,17,20,-1213,6,2,1262,59,57,16,1220,-3,-1256,-37,1229,51,-1,12,0,10,43,1255,1257,64,-3,16,3,72,2,7,1231,-1108,-2,15,-3,20,1,1,1267,59,0,11,2,13
1.4800,4,-6,1293,68,-1231,27,-65,17,2,-2,1294,62,-7,1260,7,24,-2,-71,1288,71,-2,14,13,-1199,5,-1,1298,67,67,14,1253,3,-1278,-67,1291,76,0,15,5,12,73,1292,1298,62,-4,6,3,79,-1,7,1286,-1163,2,10,4,13,1,-6,1299,56,2,9,2,13
1.5000,1,-2,1230,50,-1264,13,-82,14,2,-2,1335,36,1,1273,1,23,-6,-73,1231,50,-5,13,2,-1239,9,-2,1333,40,91,16,1265,13,-1298,-84,1227,54,-2,15,5,5,88,1314,1328,40,-5,16,6,85,10,4,1226,-1220,-2,11,0,18,6,1,1327,33,-2,15,-1,18
1.5200,3,-5,1345,17,-1299,2,-92,14,10,-7,1352,10,2,1324,3,22,-5,-78,1346,20,-7,12,-1,-1267,6,-1,1350,3,104,19,1324,25,-1346,-101,1347,19,1,9,6,3,102,1347,1350,7,-4,10,7,93,7,0,1344,-1155,2,7,1,16,9,-4,1352,0,0,15,-5,19
1.5400,5,-2,1352,-4,-1307,-5,-116,12,12,-9,1343,-4,19,1240,-4,22,-11,-89,1354,-6,-7,14,-16,-1298,9,-3,1342,-9,125,10,864,31,-1226,-109,1350,-2,-3,9,2,2,109,-728,1341,-5,-2,11,3,104,13,-6,1353,-1281,0,6,-3,15,7,-9,1339,-8,2,10,-2,19
1.5600,8,-2,-45,-10,890,-10,-142,14,9,-1,-887,0,24,-942,-7,20,-7,-98,37,-7,2,12,-21,-287,8,-7,-879,0,144,10,-1024,40,988,-109,71,-1,0,9,2,4,111,-1149,-874,4,4,8,-2,108,13,-5,99,-1294,1,10,0,17,7,-9,-877,-5,3,10,2,17
1.5800,7,-2,-1054,-2,1151,-17,-156,16,9,-6,-1127,9,39,-1139,-2,28,-6,-102,-1051,7,-1,11,-32,1072,4,0,-1126,9,156,6,-1174,52,1183,-114,-1050,10,2,12,-2,4,116,-1210,-1130,16,1,5,-1,114,16,-10,-1052,-935,1,12,-3,16,10,-8,-1127,8,4,7,-3,25
1.6000,8,-10,-1162,16,1184,-35,-159,17,12,-13,-1182,19,50,-1163,-3,28,-10,-103,-1162,8,0,12,-41,1187,7,-5,-1180,16,158,11,-1191,61,1204,-115,-1164,10,4,9,2,0,110,-1212,-1175,27,6,10,1,110,12,-11,-1164,1030,-1,11,-1,23,13,-12,-1175,15,6,8,-3,20
1.6200,11,-8,-1190,23,1193,-47,-158,17,11,-9,-1198,32,63,-1164,2,18,-14,-103,-1188,22,5,11,-55,1198,10,0,-1202,34,145,17,-1188,69,1211,-102,-1191,25,7,14,0,0,95,-1211,-1200,34,8,8,5,101,13,-13,-1195,1189,7,10,-2,20,13,-12,-1197,26,3,13,-2,19
1.6400,13,-14,-1210,37,1185,-59,-130,17,10,-7,-1210,45,76,-1168,5,21,-13,-86,-1212,40,0,8,-65,1200,13,-1,-1210,48,113,19,-1184,81,1208,-87,-1212,38,13,9,-6,-5,78,-1208,-1209,47,5,7,4,79,19,-11,-1215,1222,9,8,-2,22,10,-12,-1215,45,8,4,-5,20
1.6600,11,-12,-1160,47,1187,-74,-88,16,10,-9,-1127,58,84,-1173,4,19,-13,-54,-1164,54,-1,6,-76,1202,13,3,-1131,58,56,23,-1187,90,1207,-58,-1164,57,6,9,-2,-8,47,-1208,-1134,60,8,8,7,48,18,-8,-1174,1221,7,8,-5,27,11,-12,-1134,55,6,12,-4,25
1.6800,14,-12,-1087,62,635,-88,-18,12,7,-7,-1019,60,93,-75,11,25,-16,-18,-1082,61,-10,7,-84,764,15,9,-1015,59,-14,28,-89,102,747,-32,-1086,62,7,5,-5,-6,18,-506,-1018,55,5,3,14,5,15,-13,-1100,1222,5,7,-1,22,9,-9,-1019,53,8,8,-4,21
1.7000,9,-8,-923,48,-146,-88,59,7,9,-10,-816,41,105,317,18,25,-12,27,-926,51,-13,2,-87,-80,9,14,-821,43,-94,31,314,103,-69,5,-930,52,0,4,-5,-4,-17,147,-822,40,4,7,16,-46,13,-7,-951,302,3,9,-5,23,11,-7,-828,40,5,7,-6,24
1.7200,11,-10,-690,29,-406,-89,134,-2,11,-7,-549,21,98,540,24,21,-9,73,-690,27,-17,4,-92,-350,10,18,-552,18,-168,38,533,105,-348,35,-696,30,10,10,-5,5,-55,400,-556,20,5,7,17,-87,15,-6,-713,-218,6,11,-7,22,13,-3,-557,18,12,6,-7,21
1.7400,12,-5,-404,5,-676,-88,209,-4,8,-12,-274,3,95,1081,26,27,0,117,-406,11,-21,10,-92,-567,13,16,-277,0,-238,36,1057,103,-554,73,-405,10,5,3,-2,13,-93,622,-278,1,4,5,20,-125,10,-6,-414,-541,4,5,-3,21,11,-13,-283,-1,5,6,-5,20
1.7600,11,-9,-154,-8,-1183,-75,276,-5,10,-8,-56,-11,73,1230,19,22,14,155,-162,-5,-26,11,-87,-1102,11,18,-61,-14,-289,43,1219,99,-1049,107,-162,-8,9,3,-2,24,-127,1171,-58,-8,2,4,20,-162,11,-5,-156,-1179,7,7,-6,25,9,-8,-60,-14,10,9,-9,20
1.7800,12,-7,55,-15,-1220,-57,313,-5,10,-12,162,-21,52,1233,21,25,32,186,49,-13,-22,2,-77,-1190,7,17,164,-17,-313,32,1207,80,-1240,137,47,-16,9,4,-2,41,-146,1247,167,-20,4,7,15,-174,12,-10,65,-1232,4,5,-5,23,9,-6,162,-23,5,10,-5,21
1.8000,12,-6,291,-30,-1111,-23,326,-1,9,-10,403,-29,21,1147,9,20,47,198,287,-24,-13,10,-63,-1122,12,7,401,-28,-321,24,1060,61,-1183,154,281,-27,10,4,-7,63,-170,1195,394,-27,3,6,10,-174,5,-10,309,-1219,3,4,-3,23,16,-11,396,-29,12,8,-6,20
1.8200,12,-2,509,-22,-1029,9,322,12,6,-10,595,-21,-10,1099,-4,23,65,193,504,-24,-4,8,-34,-1039,11,-3,593,-23,-305,15,1019,36,-1139,182,501,-32,4,5,-8,75,-192,1154,584,-21,0,9,4,-175,11,-10,529,-1150,6,6,-3,21,9,-9,590,-24,8,6,-6,26
1.8400,15,-1,674,-21,-1014,45,300,30,8,-4,757,-2,-49,1110,-20,22,80,201,676,-15,9,11,-2,-1044,8,-13,751,-4,-277,-4,1054,6,-1128,197,667,-19,8,12,-5,92,-202,1141,740,-5,-3,6,-15,-173,6,-8,691,-685,5,5,-6,23,9,-9,752,-3,9,2,-8,22
1.8600,11,1,832,13,-1079,86,259,44,11,-9,911,16,-88,1193,-36,19,98,190,837,9,31,10,33,-1105,7,-31,912,18,-240,-26,1162,-34,-1156,206,821,6,8,7,-4,107,-209,1180,904,15,-7,9,-26,-159,10,-10,834,-319,6,4,-4,23,11,-6,914,16,6,8,-4,23
1.8800,6,5,997,35,-1188,121,223,64,11,-8,1062,35,-127,1228,-61,19,100,176,997,28,46,16,70,-1189,8,-47,1064,33,-195,-45,1220,-74,-1232,215,985,26,8,3,-2,113,-213,1254,1047,35,-10,8,-43,-147,9,-7,978,-147,10,11,-3,17,11,-5,1057,31,1,6,-6,22
1.9000,10,5,1110,44,-1219,157,177,88,9,-6,1137,57,-151,1232,-84,20,110,167,1110,46,65,13,104,-1194,4,-62,1138,55,-160,-69,1231,-103,-1252,213,1103,40,7,6,1,114,-209,1251,1124,52,-9,8,-64,-138,8,-6,1075,-149,6,7,0,23,9,-8,1136,49,3,11,2,25
1.9200,8,10,1135,61,-1223,181,130,103,12,-7,1106,72,-174,1232,-100,17,100,151,1140,60,87,17,139,-1201,1,-83,1105,71,-99,-88,1231,-128,-1256,199,1133,58,4,8,4,107,-188,1256,1105,68,-13,10,-76,-117,7,-7,1093,-272,2,11,-6,20,8,-5,1115,72,1,8,-5,21
1.9400,5,17,1026,78,-1226,194,76,118,10,-6,906,82,-179,1231,-109,18,90,126,1028,78,105,12,161,-1200,0,-90,906,83,-53,-98,1233,-143,-1259,168,1027,79,6,8,6,100,-156,1259,907,85,-15,9,-89,-89,7,-9,970,-478,5,12,-4,19,7,-6,917,79,3,10,-1,21
1.9600,8,15,730,87,-1218,193,19,129,7,-3,529,86,-176,1219,-126,15,68,88,737,87,114,16,168,-1194,-1,-100,535,87,10,-106,1221,-143,-1255,130,742,88,2,6,10,79,-109,1254,540,88,-23,8,-99,-53,6,-3,683,-695,4,7,-7,25,9,-8,551,86,4,9,0,18
1.9800,8,18,305,83,-1211,176,-48,132,6,-12,70,77,-153,1186,-118,11,45,48,312,87,119,20,158,-1180,-7,-102,72,80,80,-104,1205,-134,-1237,78,325,86,2,12,15,50,-46,1233,90,79,-18,10,-102,3,12,-4,261,-863,5,11,1,18,10,-2,95,75,3,5,-4,22
2.0000,11,21,-167,72,-1110,145,-114,126,11,-6,-382,64,-116,892,-107,8,20,-12,-163,75,106,23,132,-1066,-8,-103,-378,60,138,-93,989,-102,-1136,13,-146,68,3,10,19,20,17,1065,-362,58,-20,10,-93,54,12,-4,-187,-922,1,7,-4,19,9,-13,-369,57,4,7,-5,19
2.0200,8,9,-587,48,-790,103,-168,114,7,-3,-762,38,-75,561,-87,4,-13,-64,-585,49,90,25,102,-754,-9,-92,-759,42,190,-73,656,-67,-857,-44,-569,49,2,8,18,-9,71,774,-747,38,-10,9,-82,112,8,2,-589,-858,2,11,-7,22,10,-8,-749,38,4,6,-5,23
2.0400,7,7,-911,22,-442,55,-210,92,11,-8,-1019,7,-23,223,-52,1,-44,-109,-908,26,67,25,64,-415,-14,-68,-1021,12,222,-41,292,-22,-548,-90,-894,23,-1,12,22,-37,113,446,-1007,12,-5,11,-64,145,8,-1,-887,-672,3,8,0,21,9,-10,-1015,11,4,7,0,18
2.0600,10,-5,-1094,-4,-98,7,-257,55,10,-11,-1124,-25,24,-77,-21,-2,-72,-141,-1089,-6,32,31,14,-80,-13,-45,-1127,-25,228,-6,-33,20,-258,-132,-1085,-6,1,9,18,-68,147,162,-1115,-25,1,10,-63,168,13,-4,-1056,-418,4,8,-3,20,9,-8,-1129,-25,3,3,-7,20
2.0800,8,-13,-1126,-51,182,-46,-659,19,9,-7,-1089,-120,79,-297,109,-1,-101,-153,-1124,-50,-5,32,-81,184,-6,-19,-1094,-111,210,40,-288,73,-37,-155,-1127,-46,2,9,58,-96,165,-47,-1090,-110,19,9,-22,213,8,-3,-1068,-163,2,10,-2,24,8,-6,-1097,-93,4,7,0,22
2.1000,8,-31,-1017,-275,385,-120,-512,-69,10,-6,-915,-289,118,-444,241,-53,-125,-155,-1020,-274,-42,37,-205,371,1,4,-920,-287,169,143,-461,288,116,-172,-1022,-267,-7,8,34,-250,174,-182,-921,-291,32,12,79,493,8,-2,-942,40,2,10,2,21,10,-1,-923,-296,2,7,0,19
2.1200,-1,-49,-778,-283,509,-445,-335,-261,9,-7,-614,-272,157,-491,353,-38,-135,-150,-775,-280,-80,85,-289,489,12,42,-621,-270,127,391,-547,346,194,-175,-780,-281,-2,12,4,-427,177,-240,-626,-276,47,23,152,373,10,-6,-691,162,3,19,-5,13,5,-5,-629,-274,1,21,-2,14
2.1400,-3,-54,-444,-263,537,-461,-245,-342,10,0,-275,-267,180,-487,453,-18,-144,-137,-450,-267,-121,62,-357,527,20,72,-286,-270,81,455,-569,388,200,-183,-452,-266,-7,16,-15,-388,184,-243,-293,-269,60,21,230,321,6,-8,-365,210,2,15,0,18,7,-1,-291,-263,2,13,-1,17
2.1600,-1,-74,-119,-260,515,-490,-177,-422,16,-1,25,-252,197,-458,539,-7,-148,-124,-124,-265,-155,44,-405,506,33,98,19,-254,47,530,-545,425,207,-184,-127,-262,-7,14,-45,-393,190,-231,8,-253,79,27,293,326,12,-7,-45,202,5,11,3,12,4,-8,8,-259,-2,16,-2,15
2.1800,-4,-85,154,-245,465,-528,-156,-496,8,0,262,-228,252,-426,602,15,-139,-122,152,-250,-183,23,-442,484,40,120,257,-229,27,596,-513,449,207,-199,144,-246,-9,11,-81,-391,199,-242,253,-228,104,33,360,359,6,3,221,178,3,13,-5,18,6,-5,248,-235,3,10,-2,19
2.2000,-9,-95,354,-208,426,-539,-146,-544,7,3,437,-181,593,-409,635,39,-126,-128,351,-212,-511,1,-454,470,57,134,431,-180,50,634,-484,451,226,-203,350,-212,-30,10,-115,-377,204,-271,432,-177,286,40,404,396,7,-2,418,167,4,11,-1,16,6,-6,432,-184,2,11,3,15
2.2200,-12,-98,499,-145,411,-522,-154,-564,8,8,531,-106,426,-442,649,74,-101,-147,497,-149,-565,-29,-444,482,64,173,531,-105,70,642,-496,432,300,-217,492,-146,-53,11,-147,-329,196,-366,530,-106,237,46,439,419,8,-10,529,206,-9,8,4,17,2,-9,526,-112,0,11,-4,15
2.2400,-10,-238,542,-61,440,-481,-172,-557,9,34,528,-20,319,-506,613,112,-70,-350,541,-67,-460,-65,-406,531,75,457,528,-20,113,616,-533,388,408,-494,536,-68,-40,14,-186,-260,194,-480,531,-19,213,52,449,420,3,-10,556,295,1,15,1,18,10,-4,532,-21,0,16,-1,15
2.2600,-8,-213,494,29,496,-406,-201,-514,6,29,449,76,260,-563,555,149,-35,-320,498,25,-423,-106,-347,601,84,345,453,74,144,555,-578,324,519,-457,498,20,-41,16,-217,-179,170,-592,456,72,200,55,447,394,7,-3,485,423,4,15,-3,18,2,-9,454,75,-2,14,-1,10
2.2800,-6,-157,395,125,548,-314,-207,-450,10,33,342,173,197,-616,469,185,1,-239,401,124,-372,-141,-267,645,94,296,342,176,150,474,-618,237,611,-330,397,120,-37,14,-233,-79,137,-684,339,170,178,60,421,333,4,-8,349,539,2,13,-1,17,9,-9,344,171,2,14,0,14
2.3000,-5,-134,280,225,594,-221,-205,-357,11,34,223,264,119,-631,360,221,39,-199,281,222,-311,-173,-182,668,88,272,224,261,147,365,-632,151,686,-276,284,219,-30,17,-246,16,101,-745,222,263,143,56,374,264,4,-5,198,626,1,14,2,11,10,-4,228,264,-2,14,3,14
2.3200,2,-96,177,299,617,-125,-188,-263,10,35,131,315,34,-602,245,241,74,-145,174,295,-223,-201,-100,655,89,238,135,309,130,249,-605,73,709,-205,178,293,-14,13,-241,117,59,-748,130,312,95,61,321,188,8,-10,69,663,0,16,4,9,8,-5,137,314,2,10,2,12
2.3400,11,-45,90,321,575,-39,-164,-150,4,32,59,321,-44,-512,120,249,165,-74,88,324,-122,-225,-26,587,183,187,59,313,101,123,-531,6,669,-124,95,321,4,12,-227,203,18,-686,57,313,26,55,253,108,14,-6,-35,632,4,13,0,11,11,-4,60,316,-2,15,1,15
2.3600,31,9,22,293,487,38,-138,-40,-1,23,5,261,-107,-379,3,252,362,-3,27,291,-13,-226,37,461,132,127,2,257,80,4,-407,-47,577,-36,25,294,22,12,-196,274,-97,-569,5,262,-43,50,185,37,3,-5,-88,541,5,12,3,16,4,-3,2,266,8,17,5,20
2.3800,61,72,-17,226,359,99,-133,64,0,7,-20,177,-163,-224,-110,243,371,52,-16,218,92,-223,80,311,75,59,-26,180,69,-104,-248,-78,444,46,-13,226,49,20,-160,340,-162,-418,-25,180,-111,33,112,-11,10,-4,-110,417,4,12,1,18,5,-4,-25,188,2,12,-1,13
2.4000,91,143,-25,132,202,141,-120,155,-3,-9,-20,91,-211,-53,-213,215,413,92,-21,136,190,-203,108,132,35,-10,-13,97,76,-207,-83,-113,288,116,-26,137,75,22,-115,390,-216,-248,-16,94,-174,16,38,-50,11,-5,-84,284,1,8,-1,14,6,0,-17,101,4,8,1,12
2.4200,110,203,-5,55,33,176,-125,236,-2,-21,-11,18,-243,106,-300,178,449,119,-12,51,279,-169,141,-38,-8,-78,-5,19,91,-292,80,-128,133,185,-9,56,104,21,-62,421,-272,-80,-7,22,-228,-7,-30,-70,9,-6,-35,161,-1,13,5,17,4,-5,-8,17,0,11,0,12
2.4400,139,248,-14,-13,-116,202,-126,305,-6,-43,-33,-33,-261,234,-374,124,474,134,-9,-11,339,-119,156,-182,-58,-140,-26,-35,96,-356,222,-147,-15,239,-10,-12,131,26,-3,446,-311,69,-25,-34,-279,-27,-101,-79,4,-7,-2,71,1,10,2,23,6,-1,-28,-30,-3,8,-1,19
2.4600,159,288,-55,-50,-243,222,-130,359,-11,-70,-86,-63,-277,325,-427,68,482,139,-53,-49,393,-71,173,-292,-112,-195,-86,-58,92,-410,704,-159,-122,284,-53,-50,151,27,55,450,-355,186,-80,-58,-310,-55,-157,-81,10,-8,-22,7,3,14,2,23,9,-6,-85,-57,0,11,-2,19
2.4800,172,315,-119,-65,-333,244,-110,396,-16,-90,-154,-74,-286,394,-463,7,479,148,-119,-67,426,-10,183,-495,-161,-240,-155,-73,70,-446,1073,-173,-214,321,-117,-66,169,27,110,445,-387,274,-152,-75,-334,-75,-208,-96,5,-6,-72,-181,-1,15,1,19,7,-8,-149,-67,3,12,2,21
2.5000,184,337,-195,-72,-385,262,-76,420,-18,-114,-261,-71,-293,905,-488,-52,463,152,-195,-73,444,47,203,-1143,-210,-274,-263,-73,40,-467,1037,-183,-278,349,-190,-69,177,35,163,436,-414,335,-252,-82,-344,-98,-250,-109,6,-5,-136,-158,1,11,-5,21,5,-5,-239,-71,1,14,-1,16
2.5200,189,337,-459,-72,-405,275,-33,431,-22,-134,-684,-70,-291,1110,-497,-102,432,157,-434,-74,445,105,210,-958,-246,-303,-682,-74,-9,-484,1044,-191,-308,369,-440,-71,180,46,209,405,-427,371,-676,-69,-342,-121,-283,-119,14,-8,-280,-140,-2,15,-2,22,7,-10,-663,-70,2,12,-2,19
2.5400,173,332,-626,-68,-387,282,16,435,-24,-147,-589,-66,-294,869,-495,-156,390,157,-635,-71,447,159,215,-888,-279,-316,-590,-63,-62,-478,1022,-197,-312,373,-633,-68,170,50,242,373,-428,382,-586,-62,-334,-132,-308,-126,8,-6,-532,-160,0,16,-2,18,6,-5,-603,-63,7,14,3,15
2.5600,163,315,-554,-53,-362,285,71,430,-27,-153,-527,-47,-293,844,-482,-196,342,159,-555,-59,430,205,220,-871,-298,-329,-529,-48,-106,-469,985,-196,-302,368,-558,-55,163,45,272,331,-415,375,-532,-53,-310,-142,-326,-128,10,-10,-463,-192,-1,13,3,17,8,-5,-521,-52,1,17,3,19
2.5800,143,295,-490,-40,-579,289,113,404,-26,-156,-439,-29,-288,786,-459,-233,296,156,-493,-39,404,236,212,-817,-309,-330,-438,-26,-156,-442,919,-191,-282,358,-491,-41,135,45,288,287,-397,361,-435,-27,-284,-143,-333,-125,7,-3,-399,-231,-6,9,-1,21,6,-2,-434,-26,2,10,-1,16
2.6000,117,259,-370,-13,-733,282,152,379,-14,-153,-289,-7,-279,722,-422,-245,242,154,-363,-14,379,266,203,-724,-308,-325,-290,-7,-178,-409,801,-179,-252,339,-362,-15,105,39,296,236,-367,324,-289,-6,-250,-140,-329,-120,9,-2,-281,-252,-2,16,-1,19,6,-3,-292,-1,-3,11,-2,18
2.6200,87,228,-215,12,-462,266,179,350,-17,-138,-154,14,-270,611,-385,-255,192,145,-216,5,345,277,194,-597,-302,-325,-155,17,-193,-371,667,-162,-212,312,-215,4,71,36,294,183,-331,447,-154,17,-211,-131,-319,-105,9,-8,-148,-246,2,9,0,19,10,-4,-149,16,1,13,2,14
2.6400,54,199,-116,31,-346,247,184,305,-4,-117,-104,33,-247,485,-328,-256,146,130,-114,23,304,283,164,-459,-289,-309,-103,36,-203,-319,541,-133,-173,286,-116,27,44,33,284,129,-302,565,-104,34,-177,-106,-306,-95,11,-7,-76,-237,1,14,0,18,4,-3,-102,35,0,11,-1,13
2.6600,17,152,-117,38,-253,225,191,261,0,-100,-149,45,-211,349,-273,-249,99,123,-118,41,266,283,139,-320,-273,-292,-150,47,-210,-264,411,-105,-138,269,-114,40,3,19,268,81,-277,363,-150,49,-133,-80,-280,-91,7,-6,-96,-227,2,13,0,18,9,-2,-146,51,2,13,1,18
2.6800,-21,115,-202,50,-156,186,191,214,20,-70,-269,46,-176,193,-210,-236,51,113,-198,46,219,271,103,-180,-243,-269,-260,45,-203,-197,272,-62,-101,244,-194,49,-34,7,255,31,-251,275,-256,48,-88,-49,-260,-80,8,-6,-195,-217,1,14,1,14,3,-1,-254,50,0,18,0,13
2.7000,-49,79,-337,42,-26,147,183,162,35,-37,-411,35,-128,64,-139,-211,7,102,-335,41,168,252,62,-43,-217,-237,-413,30,-194,-130,141,-28,-60,225,-334,44,-69,-10,224,-16,-232,192,-405,35,-51,-21,-223,-68,6,-8,-341,-230,-2,16,1,19,6,-5,-404,29,-4,14,-1,18
2.7200,-89,34,-495,13,104,96,166,107,46,-11,-569,4,-83,-64,-67,-191,-36,93,-493,17,107,235,20,76,-192,-202,-564,5,-174,-56,32,17,-13,209,-485,17,-106,-28,197,-62,-213,119,-561,10,-6,7,-186,-48,5,-9,-487,-249,-1,14,3,13,7,-3,-560,7,1,12,0,21
2.7400,-113,-5,-636,-12,236,48,153,50,65,19,-687,-24,-21,-185,7,-166,-77,81,-632,-14,47,210,-28,188,-156,-164,-689,-30,-148,18,-87,59,175,187,-627,-12,-125,-45,163,-105,-190,0,-681,-24,36,46,-149,-43,4,-9,-611,-273,-4,13,0,18,9,-2,-683,-23,-1,13,1,18
2.7600,-135,-42,-734,-40,367,0,126,-11,81,52,-756,-54,22,-284,74,-137,-119,60,-736,-39,-12,184,-65,288,-119,-127,-760,-52,-118,87,-199,94,279,152,-729,-41,-150,-63,124,-145,-157,-126,-762,-52,75,74,-105,-16,5,-7,-691,-263,-2,15,0,19,-1,-5,-758,-52,0,11,-3,18
2.7800,-155,-81,-767,-66,464,-45,95,-62,94,76,-755,-79,68,-338,148,-111,-159,46,-762,-67,-68,152,-94,370,-83,-86,-752,-78,-83,154,-273,121,366,125,-763,-67,-169,-76,84,-184,-129,-229,-746,-77,113,103,-67,1,10,-5,-690,-218,1,11,-4,20,8,1,-752,-78,0,12,-5,23
2.8000,-164,-117,-713,-86,513,-83,55,-112,102,98,-655,-102,98,-372,206,-78,-196,17,-708,-90,-117,128,-119,418,-44,-47,-658,-101,-49,217,-314,140,436,87,-717,-86,-175,-89,44,-221,-92,-316,-658,-98,154,127,-21,33,5,-6,-614,-172,2,10,-1,20,4,-4,-658,-95,-1,12,0,18
2.8200,-174,-151,-584,-106,522,-113,21,-153,111,118,-503,-108,123,-376,262,-57,-230,-15,-587,-101,-166,99,-135,430,-4,-7,-505,-104,-11,269,-331,150,493,57,-585,-104,-188,-92,1,-253,-51,-396,-507,-103,182,141,17,61,6,-6,-466,-103,-1,11,-1,20,6,-4,-508,-105,0,15,0,17
2.8400,-173,-182,-425,-102,488,-128,-19,-194,114,134,-344,-86,139,-335,303,-24,-262,-49,-430,-100,-203,65,-142,420,38,32,-350,-86,34,317,-309,159,509,21,-425,-97,-190,-97,-42,-285,-13,-422,-356,-85,214,161,56,93,4,-4,-295,-30,-1,12,-3,17,4,-2,-358,-86,0,14,3,21
2.8600,-175,-210,-285,-71,403,-138,-57,-222,111,139,-233,-52,153,-260,343,3,-290,-78,-287,-68,-236,37,-138,374,83,66,-232,-50,62,350,-248,153,469,-24,-286,-71,-195,-96,-84,-307,30,-408,-236,-56,238,171,89,120,6,-3,-169,38,-1,17,0,18,10,-5,-238,-50,0,9,0,13
2.8800,-165,-232,-189,-27,292,-141,-90,-243,106,148,-157,-7,159,-171,370,39,-311,-99,-191,-26,-260,4,-136,292,123,96,-154,-2,94,378,-163,152,402,-70,-191,-31,-178,-93,-125,-326,81,-367,-157,-11,262,177,122,136,4,-3,-113,86,0,12,-3,22,7,-4,-160,-8,-4,11,2,16
2.9000,-156,-254,-126,6,176,-152,-120,-263,94,150,-107,26,161,-83,385,70,-315,-123,-132,11,-275,-22,-132,203,156,125,-104,27,120,396,-75,146,306,-116,-124,10,-175,-80,-166,-337,127,-305,-108,25,276,176,153,165,7,-6,-89,106,1,14,-2,21,2,-3,-102,26,-2,9,2,19
2.9200,-147,-269,-83,39,69,-152,-141,-276,76,153,-65,48,160,9,399,102,-323,-141,-80,39,-288,-58,-125,109,192,153,-69,53,139,405,6,141,201,-155,-91,36,-158,-68,-203,-339,173,-234,-64,44,285,177,173,173,4,-7,-95,93,-1,11,1,16,9,-12,-69,47,2,16,1,15
2.9400,-139,-270,-43,55,-25,-145,-153,-283,61,147,-22,50,163,85,400,141,-318,-149,-43,50,-290,-91,-123,26,225,170,-23,52,149,409,78,139,95,-205,-44,56,-151,-52,-238,-329,217,-150,-28,51,292,174,204,178,5,-3,-92,51,0,14,0,21,6,-4,-19,59,1,14,-4,22
2.9600,-121,-278,12,50,-94,-157,-162,-282,42,144,55,49,164,148,389,170,-300,-157,8,54,-294,-125,-122,-60,245,194,57,46,158,401,131,137,-11,-242,11,59,-134,-37,-258,-313,257,-61,49,46,294,165,220,184,8,-6,-54,-6,-2,11,2,17,5,-3,56,50,2,17,1,16
2.9800,-106,-274,112,43,-159,-155,-160,-280,21,138,175,33,162,194,380,203,-285,-156,112,41,-294,-161,-115,-115,265,203,175,38,159,382,162,135,-119,-278,102,45,-116,-9,-282,-294,294,13,172,29,284,154,232,182,5,-6,42,-57,-2,13,0,14,7,-3,173,41,-2,16,3,18
3.0000,-90,-271,262,26,-185,-153,-159,-268,2,129,351,20,161,224,353,228,-259,-158,256,24,-287,-188,-118,-166,273,211,346,17,155,361,182,131,-206,-311,254,27,-98,14,-291,-265,319,85,343,23,266,148,237,174,5,-4,200,-106,-4,14,0,13,7,-3,342,22,-6,12,-3,15
3.0200,-69,-250,446,16,-215,-143,-153,-252,-19,117,541,12,156,249,320,250,-225,-144,440,14,-268,-210,-111,-199,272,215,538,11,151,331,194,127,-288,-339,438,18,-73,36,-295,-227,334,141,530,12,247,131,239,160,4,-3,394,-131,0,11,2,13,7,-7,532,12,0,11,-1,23
3.0400,-41,-228,624,18,-228,-136,-142,-236,-38,99,690,15,149,258,289,268,-194,-130,619,8,-250,-233,-108,-219,267,212,684,17,137,295,199,123,-352,-349,610,11,-48,51,-289,-189,350,186,680,18,217,119,234,145,5,-1,580,-130,3,16,-3,18,7,0,687,17,-4,10,-4,19
3.0600,-20,-199,737,21,-228,-132,-125,-208,-54,85,760,27,142,254,243,275,-151,-116,737,16,-230,-245,-102,-228,250,204,755,28,118,258,187,120,-404,-352,734,22,-22,70,-281,-143,349,214,750,26,186,107,223,126,3,-5,702,-105,-1,10,0,17,3,-3,758,32,-1,13,1,18
3.0800,10,-170,760,30,-227,-125,-105,-181,-72,72,745,31,131,262,201,274,-109,-89,759,31,-197,-250,-97,-231,234,192,744,33,92,215,189,110,-443,-343,761,29,1,85,-259,-100,339,252,739,33,156,88,211,99,7,-3,728,-85,-5,17,0,17,6,-3,742,33,0,13,3,19
3.1000,32,-137,710,40,-234,-111,-81,-154,-79,58,665,38,116,262,161,263,-68,-61,711,34,-175,-245,-91,-236,203,181,665,43,60,174,196,103,-479,-322,706,37,30,91,-228,-51,309,283,666,38,110,74,193,65,9,-4,679,-67,-1,18,2,16,8,1,666,38,0,14,3,17
3.1200,60,-98,614,40,-233,-103,-43,-120,-89,33,555,42,105,259,116,253,-22,-35,616,41,-148,-234,-76,-243,177,160,557,42,28,132,195,89,-500,-294,617,37,56,103,-196,-5,276,296,557,41,76,48,173,29,5,-2,573,-66,-2,8,-4,15,4,-5,557,40,-1,14,1,16
3.1400,83,-58,491,37,-224,-80,-13,-99,-96,19,430,45,86,239,78,235,21,4,490,41,-108,-217,-69,-229,141,145,428,39,-8,84,187,82,-494,-255,491,41,88,112,-159,36,227,295,428,40,39,31,155,-5,4,-4,451,-78,4,11,0,15,5,-2,434,40,0,10,0,15
3.1600,107,-28,372,41,-210,-68,23,-64,-96,-8,315,39,62,215,33,206,54,35,369,40,-80,-189,-58,-219,106,127,322,41,-42,45,177,71,-477,-212,367,40,111,120,-125,77,180,282,315,40,-8,5,139,-30,4,-6,327,-91,0,16,1,13,11,-3,322,40,5,15,5,12
3.1800,126,9,277,41,-186,-37,54,-35,-93,-27,243,35,36,180,-5,176,93,57,272,39,-43,-164,-44,-192,75,106,248,33,-67,6,154,52,-438,-155,281,36,131,119,-92,111,128,246,247,32,-41,-19,114,-63,5,-7,240,-104,2,17,-2,16,3,-4,246,36,4,16,1,19
3.2000,148,42,230,35,-147,-14,81,-8,-90,-52,212,38,13,128,-41,141,128,82,227,38,-19,-131,-28,-164,36,79,217,34,-85,-30,115,37,-370,-102,227,33,154,122,-51,146,73,189,215,32,-72,-43,95,-85,5,-8,195,-110,3,16,1,21,4,-4,215,38,1,14,-4,18
3.2200,155,73,211,34,-94,9,104,23,-93,-75,194,33,-15,73,-79,107,155,102,202,35,7,-93,-13,-115,4,61,197,32,-111,-67,66,19,-279,-53,205,32,165,117,-14,170,25,115,195,34,-99,-57,69,-95,7,-5,183,-96,2,15,2,19,6,-5,195,37,1,16,5,17
3.2400,165,98,176,38,-41,34,116,49,-90,-90,141,33,-36,8,-111,68,179,112,177,33,42,-65,3,-59,-26,40,148,38,-120,-98,13,1,-189,1,175,35,169,117,18,203,-27,40,142,37,-125,-83,43,-114,1,-4,155,-68,-6,11,-2,15,9,-5,150,32,-3,12,3,16
3.2600,165,117,103,35,24,55,130,81,-88,-111,58,34,-60,-56,-129,39,199,129,105,33,65,-29,18,-7,-52,23,62,39,-129,-119,-38,-10,-89,45,109,34,176,111,56,226,-68,-49,60,35,-141,-104,22,-114,4,-7,93,-34,-1,17,-7,18,7,-3,60,37,-3,11,-1,12
3.2800,168,136,-1,36,86,71,124,103,-78,-128,-61,35,-75,-116,-153,11,222,124,0,35,89,7,32,40,-77,2,-56,34,-127,-144,-85,-20,14,84,2,35,176,105,81,236,-101,-130,-52,34,-151,-115,7,-110,2,-4,-4,4,1,10,2,18,8,-4,-54,33,2,14,-1,15
3.3000,159,141,-125,27,144,87,123,123,-74,-133,-187,24,-80,-168,-171,-18,228,112,-121,33,108,36,46,90,-96,-14,-187,28,-121,-153,-132,-21,112,113,-112,22,163,98,103,250,-135,-207,-179,22,-166,-129,-13,-100,5,-6,-125,35,4,16,3,19,2,-3,-182,29,2,17,-4,14
3.3200,144,147,-249,24,199,97,114,141,-66,-144,-313,14,-85,-201,-179,-34,233,108,-250,23,122,55,43,128,-118,-29,-313,14,-107,-169,-164,-26,197,139,-243,23,147,91,123,251,-149,-275,-301,19,-166,-136,-29,-82,0,-5,-247,53,0,13,0,17,5,-1,-304,19,-2,10,-1,14
3.3400,132,151,-365,8,238,104,104,151,-60,-150,-415,-1,-93,-229,-189,-54,235,91,-366,13,136,77,45,154,-125,-47,-414,5,-93,-169,-190,-33,268,155,-359,9,133,78,137,254,-162,-326,-406,4,-165,-139,-45,-64,5,-6,-352,71,-1,16,-4,17,7,-3,-419,4,1,16,-4,13
3.3600,111,152,-450,-8,269,105,83,160,-48,-146,-479,-16,-91,-239,-187,-66,228,68,-454,-2,149,90,47,168,-133,-50,-486,-11,-74,-174,-200,-34,329,161,-448,0,114,70,149,243,-166,-368,-468,-13,-157,-139,-56,-48,1,-3,-434,72,-1,12,2,15,7,-1,-479,-8,0,13,2,15
3.3800,88,140,-493,-20,283,101,60,167,-36,-143,-485,-26,-94,-232,-179,-82,211,51,-489,-17,156,106,59,175,-132,-65,-487,-21,-47,-167,-201,-34,368,157,-483,-17,92,53,151,228,-161,-389,-485,-24,-151,-129,-67,-21,1,-5,-455,73,-8,14,4,18,4,-2,-489,-27,-2,12,-2,18
3.4000,69,134,-469,-28,275,97,29,168,-25,-134,-443,-29,-90,-215,-182,-82,198,27,-467,-23,152,115,56,176,-132,-70,-439,-30,-20,-160,-183,-41,394,159,-468,-28,61,47,156,214,-156,-399,-440,-27,-139,-126,-77,1,9,-5,-424,79,1,12,7,17,5,0,-442,-27,1,14,-2,15
3.4200,45,127,-402,-27,255,96,6,166,-6,-123,-360,-21,-86,-188,-172,-92,175,6,-401,-28,160,118,66,168,-126,-81,-364,-24,4,-159,-163,-45,403,146,-408,-29,39,28,144,191,-144,-384,-360,-21,-135,-112,-84,29,7,-4,-356,96,-3,13,-1,20,6,-3,-364,-23,-4,11,0,15
3.4400,21,117,-318,-19,229,89,-23,171,9,-106,-274,-10,-82,-161,-163,-93,157,-14,-321,-15,156,119,62,147,-125,-87,-275,-9,33,-151,-134,-47,404,131,-316,-15,18,12,139,171,-128,-361,-272,-10,-119,-94,-89,45,3,-6,-280,115,4,11,0,12,8,-7,-271,-7,0,12,4,18
3.4600,-4,108,-230,-2,198,81,-48,163,24,-91,-195,11,-74,-127,-156,-93,137,-37,-233,1,154,118,64,137,-112,-93,-188,14,56,-142,-106,-50,390,114,-226,4,-5,-3,122,146,-105,-333,-195,12,-106,-75,-89,68,3,-3,-204,144,-1,13,2,16,6,-3,-193,11,1,14,-4,18
3.4800,-19,93,-156,27,163,80,-72,162,36,-76,-122,31,-71,-95,-142,-86,111,-58,-153,26,147,119,67,114,-102,-91,-122,29,76,-128,-83,-48,364,97,-155,19,-27,-16,114,116,-85,-288,-119,32,-95,-66,-90,89,2,-8,-151,164,3,10,4,21,7,-9,-118,37,3,12,2,19
3.5000,-33,75,-97,38,123,71,-87,157,54,-62,-79,51,-57,-57,-133,-84,92,-73,-97,44,142,118,66,93,-83,-90,-77,51,93,-117,-52,-49,328,70,-96,40,-42,-34,99,93,-60,-242,-73,47,-80,-40,-92,102,5,-1,-120,177,5,7,1,14,6,-10,-73,45,3,11,2,16
3.5200,-51,67,-60,60,87,65,-99,145,70,-34,-57,63,-46,-25,-118,-76,62,-87,-64,55,131,112,59,71,-65,-87,-52,65,99,-97,-20,-41,282,47,-61,57,-59,-50,77,68,-36,-188,-54,61,-69,-17,-86,113,5,-6,-105,173,0,12,0,13,3,-4,-53,61,0,14,3,21
3.5400,-58,58,-45,63,50,52,-103,132,78,-23,-41,68,-39,10,-104,-71,45,-99,-48,61,119,104,65,49,-48,-82,-40,68,103,-89,11,-37,226,29,-45,66,-69,-58,59,51,-16,-130,-37,69,-55,1,-81,118,7,-5,-107,156,1,13,-2,17,5,-5,-45,68,-2,13,2,15
3.5600,-66,50,-34,63,14,42,-112,123,88,-6,-15,62,-27,48,-86,-60,26,-105,-30,63,110,95,49,26,-23,-73,-17,62,98,-65,36,-34,158,6,-31,66,-77,-69,37,31,-1,-64,-21,66,-48,16,-71,124,11,-7,-92,130,2,12,2,18,6,-2,-18,60,1,15,2,20
3.5800,-75,39,0,58,-15,30,-103,113,91,10,16,49,-16,79,-74,-48,9,-110,-2,58,98,90,49,14,-12,-74,21,50,104,-53,58,-25,94,-6,-3,59,-84,-77,23,14,21,-6,17,50,-38,33,-74,131,4,-5,-64,92,-2,12,0,16,6,-4,20,57,-2,11,-1,17
3.6000,-72,38,46,44,-49,22,-103,105,93,18,68,39,-7,114,-55,-41,-2,-113,40,41,92,77,42,-10,6,-64,66,40,95,-43,82,-21,28,-18,41,47,-84,-84,2,1,33,49,65,40,-35,44,-55,132,3,-6,-11,52,1,15,5,16,10,-2,66,35,4,10,-1,16
3.6200,-71,29,91,28,-77,15,-98,92,99,29,103,23,1,145,-43,-29,-15,-118,91,28,83,64,31,-27,23,-58,104,22,92,-30,103,-9,-39,-38,85,28,-81,-85,-15,-13,31,108,103,21,-28,53,-58,137,7,-6,47,15,3,13,-1,13,4,-6,105,21,-1,14,-2,18
3.6400,-60,25,116,11,-116,9,-95,89,94,41,125,10,13,172,-34,-14,-23,-115,115,12,74,56,27,-55,32,-55,125,9,86,-23,123,-9,-112,-43,118,14,-75,-82,-32,-17,42,157,120,9,-19,65,-45,139,7,-7,99,-16,3,16,2,14,-1,-4,127,9,-3,13,3,17
3.6600,-62,19,124,3,-140,-1,-88,72,96,50,117,-3,18,194,-23,-4,-28,-110,120,4,63,38,24,-68,44,-49,123,-1,76,-11,143,4,-166,-37,125,5,-75,-77,-42,-26,38,197,119,-1,-22,72,-45,137,6,-8,126,-47,-2,13,0,11,6,-8,122,-1,2,15,-2,15
3.6800,-49,18,116,-8,-163,-13,-81,68,85,52,95,-10,26,210,-16,14,-34,-112,110,-8,53,23,9,-78,53,-45,95,-12,75,-3,157,10,-210,-39,109,-6,-57,-73,-56,-31,37,236,94,-8,-18,77,-38,124,5,-7,124,-76,-3,13,-2,16,7,-8,99,-8,-5,10,-3,19
3.7000,-37,15,73,-11,-190,-18,-71,52,74,52,49,-19,41,222,-2,25,-35,-105,73,-15,48,15,3,-89,57,-38,49,-18,59,13,162,21,-245,-40,73,-11,-54,-62,-61,-36,35,263,47,-11,-12,76,-35,119,6,-5,99,-98,1,12,0,14,8,-4,51,-14,-1,11,-2,21
3.7200,-27,17,20,-18,-204,-26,-59,42,58,52,-17,-16,44,222,10,30,-42,-95,24,-18,27,-1,-3,-98,65,-38,-12,-16,49,21,162,31,-263,-32,20,-14,-37,-48,-67,-36,27,280,-9,-17,-10,79,-31,105,6,-6,50,-121,0,10,1,14,10,-5,-12,-17,-1,15,0,16
3.7400,-15,15,-46,-22,-210,-34,-48,28,45,56,-69,-25,54,214,18,36,-43,-81,-42,-23,9,-6,-17,-94,54,-34,-68,-23,42,33,150,41,-261,-23,-39,-22,-28,-35,-58,-36,18,288,-67,-26,-5,76,-26,83,7,-6,-5,-150,-2,11,4,17,6,-7,-67,-27,1,14,3,19
3.7600,-2,7,-93,-25,-197,-37,-35,10,38,54,-102,-27,58,197,30,45,-37,-60,-91,-27,1,-16,-27,-92,50,-35,-102,-28,23,46,134,52,-252,-12,-91,-28,-9,-23,-59,-38,9,286,-103,-24,-5,76,-25,65,7,-7,-47,-173,-3,13,0,12,5,-4,-105,-29,0,12,-4,16
3.7800,13,6,-106,-23,-183,-41,-18,-5,21,47,-112,-29,58,176,43,47,-38,-39,-110,-33,-15,-17,-35,-87,48,-31,-109,-30,14,53,103,57,-215,-4,-111,-32,5,-7,-51,-38,-2,273,-109,-29,1,74,-22,41,7,-8,-61,-180,1,13,1,16,11,-2,-112,-30,-1,10,-6,16
3.8000,20,2,-99,-31,-156,-43,-11,-21,10,45,-87,-30,58,146,56,43,-42,-16,-100,-27,-33,-19,-43,-76,35,-30,-87,-31,2,61,72,62,-174,14,-104,-33,21,4,-43,-38,-16,249,-90,-31,1,60,-22,13,7,-6,-54,-177,1,16,2,19,4,-5,-96,-32,-2,11,1,18
3.8200,33,0,-73,-26,-128,-44,9,-42,-4,40,-55,-27,54,114,65,38,-41,11,-76,-28,-52,-16,-47,-70,25,-27,-60,-24,-15,72,40,69,-133,26,-73,-28,28,16,-29,-39,-29,230,-57,-22,9,61,-21,-14,2,-4,-25,-162,-1,12,4,13,6,-7,-52,-25,-1,12,2,19
3.8400,49,-8,-37,-23,-85,-41,16,-55,-13,35,-20,-18,45,69,70,30,-39,37,-44,-23,-68,-3,-52,-62,9,-28,-18,-19,-26,79,-1,73,-89,37,-36,-27,41,30,-14,-36,-45,208,-21,-23,12,52,-18,-40,3,-6,8,-129,-1,10,2,14,1,-4,-20,-16,-3,12,2,16
3.8600,58,-14,0,-12,-45,-32,32,-67,-16,27,18,-6,40,32,74,24,-36,61,-3,-11,-79,5,-57,-54,-4,-29,15,-7,-34,90,-27,80,-38,46,-1,-15,56,39,-4,-35,-54,173,19,-9,13,46,-18,-60,6,-8,33,-82,-1,14,0,18,3,-2,15,-5,2,14,0,16
3.8800,63,-11,33,-5,-9,-25,35,-80,-30,17,46,4,31,-13,78,14,-36,81,34,0,-92,8,-62,-38,-11,-23,43,1,-39,91,-58,85,0,57,31,-5,62,51,8,-28,-62,143,46,-1,24,34,-22,-79,7,-6,58,-29,0,11,-2,15,9,-6,43,-2,-3,13,3,14
3.9000,72,-19,51,6,42,-20,42,-89,-40,10,61,8,28,-60,82,7,-26,101,53,11,-101,20,-63,-14,-26,-24,54,5,-43,95,-73,84,41,64,53,3,70,54,24,-21,-71,114,57,5,22,29,-17,-95,6,-2,66,17,-2,14,2,15,3,-5,56,3,-1,15,5,19
3.9200,77,-22,58,10,79,-8,40,-89,-43,-1,53,7,19,-103,83,-4,-24,112,58,7,-105,30,-70,17,-39,-30,54,4,-40,99,-80,85,76,72,54,-1,73,64,32,-16,-75,81,54,6,26,18,-24,-102,2,-7,61,66,3,14,2,20,6,-6,51,4,1,11,1,16
3.9400,78,-26,47,5,123,-12,42,-90,-43,-11,40,-1,19,-143,82,-17,-12,116,46,5,-104,35,-68,51,-49,-27,39,0,-43,94,-77,87,110,73,41,-1,74,66,49,-6,-75,49,41,2,31,12,-18,-106,6,-1,51,103,-1,14,0,17,4,-7,42,0,1,12,-1,15
3.9600,78,-28,30,-1,157,-8,45,-85,-49,-15,32,-7,19,-181,75,-23,-10,120,37,-7,-103,49,-67,93,-60,-27,29,-7,-47,89,-56,83,138,74,37,-3,78,69,58,2,-73,7,26,-4,33,1,-19,-103,6,-7,41,127,0,8,-1,16,5,-3,30,-2,0,12,2,18
3.9800,79,-31,26,-12,180,-9,46,-80,-47,-24,18,-15,21,-211,73,-28,0,112,22,-8,-97,49,-65,134,-63,-29,23,-11,-54,87,-26,77,160,67,24,-15,75,64,68,10,-70,-25,16,-14,33,3,-16,-97,6,-5,35,131,-1,14,-1,19,5,-2,20,-15,3,13,1,12
4.0000,72,-30,16,-14,197,-9,52,-70,-44,-22,14,-16,17,-225,63,-33,8,107,12,-13,-91,61,-60,182,-68,-27,5,-19,-58,78,4,70,180,68,5,-17,70,66,72,21,-63,-64,8,-10,37,-7,-19,-95,5,-7,32,134,1,15,-1,13,7,3,9,-15,1,14,4,14
4.0200,70,-33,1,-13,197,-7,62,-62,-47,-28,-6,-12,17,-222,55,-37,22,99,-2,-13,-74,69,-45,223,-71,-25,-9,-11,-70,65,33,48,196,58,-2,-13,64,67,74,27,-46,-111,-5,-11,40,-14,-22,-78,5,-4,25,131,3,16,0,20,3,-3,-5,-9,-1,12,0,18
4.0400,65,-34,-13,-12,186,-4,75,-39,-42,-29,-18,1,14,-211,49,-40,25,85,-11,-7,-57,65,-26,251,-71,-26,-16,-3,-78,55,51,37,209,44,-13,-7,55,60,78,35,-34,-147,-18,-2,33,-11,-17,-60,1,-1,8,128,0,14,1,16,3,3,-23,0,-1,14,2,15
4.0600,52,-39,-21,3,169,-6,86,-27,-34,-33,-27,14,13,-187,32,-38,32,71,-26,7,-41,66,-7,274,-64,-21,-34,5,-96,44,64,9,213,30,-22,2,46,55,76,36,-14,-191,-29,7,39,-16,-17,-45,3,-7,-18,111,-3,11,0,19,7,-2,-32,10,0,14,0,16
4.0800,43,-35,-32,16,136,1,101,-10,-26,-34,-37,22,5,-142,27,-38,36,50,-37,21,-27,70,19,278,-70,-15,-39,27,-107,33,46,-11,214,1,-33,15,35,51,69,39,1,-226,-39,26,39,-15,-14,-33,9,-3,-37,96,-4,15,-1,18,12,1,-38,19,1,16,-3,12
4.1000,28,-38,-41,30,101,10,115,4,-21,-31,-41,34,2,-85,15,-37,25,43,-42,31,-12,69,47,269,-61,-16,-41,33,-122,21,21,-39,201,-19,-41,31,26,52,66,35,31,-258,-37,34,41,-21,-3,-12,3,-1,-56,80,-2,12,1,17,9,-2,-42,33,-6,15,-2,20
4.1200,19,-44,-43,35,67,15,119,11,-10,-34,-46,41,-5,-37,4,-39,19,21,-40,34,-2,64,68,251,-49,-3,-41,36,-121,19,-30,-64,180,-46,-39,36,13,43,61,29,60,-289,-38,39,45,-22,4,5,3,-9,-66,58,2,11,1,16,4,-3,-38,36,3,10,3,15
4.1400,7,-38,-32,40,41,23,117,19,-6,-34,-28,41,-18,12,0,-32,9,7,-37,39,6,65,87,217,-42,8,-29,37,-108,13,-95,-84,150,-62,-31,40,-3,31,50,19,88,-312,-28,40,51,-17,12,22,6,-3,-68,37,-2,10,0,16,9,-4,-29,44,-5,13,-1,15
4.1600,-5,-59,-23,40,23,36,93,20,1,-33,-15,43,-30,54,-4,-31,-2,-11,-22,43,5,59,113,172,-31,17,-16,42,-84,5,-164,-99,112,-95,-20,44,-14,19,38,11,107,-339,-11,43,55,-15,29,46,4,1,-58,9,-2,15,3,18,5,-6,-18,46,-3,10,-2,13
4.1800,-19,-60,-5,37,12,49,66,22,11,-27,7,41,-45,78,-8,-19,-7,-32,-9,34,5,54,126,125,-21,32,2,37,-45,3,-238,-110,67,-108,-7,43,-21,15,29,-5,121,-343,7,38,64,-11,40,66,5,-5,-42,-9,0,11,-3,15,3,-7,-1,44,4,13,4,20
4.2000,-33,-66,12,43,23,59,17,14,16,-27,19,36,-58,82,-8,-8,-23,-48,10,42,4,44,128,76,-11,40,22,39,6,3,-293,-107,17,-128,12,33,-37,3,14,-16,135,-347,14,37,69,-12,54,82,5,-7,-22,-17,0,14,0,18,2,0,15,40,-2,12,1,10
4.2200,-43,-72,27,40,35,62,-44,10,21,-22,39,41,-61,65,-11,1,-44,-66,27,42,-5,34,124,24,5,49,37,42,71,0,-329,-97,-31,-138,30,38,-48,-2,1,-27,139,-335,37,38,75,-6,66,101,3,-8,-11,-14,-1,12,1,16,3,-6,33,36,-2,14,3,19
4.2400,-54,-81,46,39,57,70,-104,-1,30,-19,50,36,-52,52,-11,6,-46,-91,47,38,-16,29,108,-27,20,63,49,41,126,3,-337,-78,-78,-132,43,39,-63,-6,-17,-41,134,-309,48,35,77,-3,78,117,5,-3,8,-13,-4,19,-2,13,5,-6,50,38,0,11,0,18
4.2600,-65,-86,55,38,69,61,-164,-16,33,-14,57,33,-45,18,-4,17,-53,-103,53,36,-33,12,82,-70,36,73,58,34,186,10,-310,-48,-110,-125,51,40,-74,-19,-26,-46,120,-268,59,36,85,3,87,133,7,-6,20,5,-1,13,1,12,4,-4,60,37,0,12,-3,16
4.2800,-74,-90,60,40,76,54,-216,-25,35,-6,60,36,-24,-6,0,31,-56,-114,59,35,-39,0,41,-107,50,82,60,37,228,9,-251,-6,-124,-105,58,38,-81,-20,-46,-46,100,-214,60,34,80,7,94,142,7,-6,28,22,-2,8,4,14,4,-6,54,39,1,13,7,21
4.3000,-80,-88,52,35,56,25,-248,-33,42,-4,49,28,-1,-22,-2,46,-53,-126,55,32,-55,-13,0,-134,69,83,46,35,242,12,-163,41,-122,-91,56,38,-94,-25,-58,-44,77,-143,46,30,80,13,100,152,8,-5,25,47,-3,16,2,16,8,-6,52,34,1,12,2,19
4.3200,-88,-80,38,32,24,-1,-250,-41,46,-3,28,26,25,-23,6,57,-44,-136,45,27,-56,-23,-53,-147,74,88,31,29,245,13,-48,96,-107,-63,38,32,-94,-24,-75,-39,55,-65,25,26,78,21,104,161,6,-6,10,60,-5,14,3,15,3,-6,33,31,0,17,1,16
4.3400,-93,-75,17,20,-28,-29,-234,-39,43,2,4,23,53,-5,4,70,-28,-136,19,22,-53,-37,-105,-161,80,92,4,24,217,17,81,155,-79,-45,17,27,-102,-26,-83,-15,32,32,6,22,72,25,105,157,8,-7,0,76,1,15,2,14,7,-5,7,22,-1,10,3,21
4.3600,-94,-68,-9,20,-100,-50,-194,-32,45,8,-24,11,77,34,5,84,-8,-136,-6,23,-51,-50,-165,-163,92,88,-24,18,165,8,218,203,-44,-24,-11,17,-96,-25,-97,4,10,123,-22,17,58,33,94,148,7,-1,-26,78,-3,18,4,13,7,-10,-24,20,-1,15,2,14
4.3800,-89,-52,-35,11,-174,-69,-128,-23,50,11,-58,9,85,95,-3,101,22,-126,-41,13,-31,-61,-215,-153,100,81,-57,14,98,14,338,251,-10,0,-38,17,-102,-23,-99,31,-6,222,-54,18,44,38,93,137,7,-5,-46,76,3,13,1,20,2,-9,-58,15,3,15,0,16
4.4000,-89,-40,-69,10,-249,-81,-56,0,38,16,-77,9,88,165,-5,107,48,-107,-66,14,-12,-65,-255,-149,101,69,-77,13,24,10,438,282,5,12,-67,10,-95,-24,-98,56,-25,304,-77,8,32,44,80,111,7,0,-68,72,1,18,2,17,3,-5,-79,13,-1,14,1,12
4.4200,-85,-28,-86,13,-300,-72,21,32,36,19,-97,7,68,224,-14,117,73,-77,-93,13,13,-79,-282,-136,96,49,-99,15,-51,0,497,300,14,32,-87,11,-92,-18,-108,89,-36,381,-90,9,5,40,63,77,5,-5,-91,55,3,16,-3,15,8,-9,-95,11,-1,13,-3,14
4.4400,-76,-6,-98,13,-329,-48,86,61,34,26,-107,6,43,279,-24,119,96,-41,-104,9,48,-92,-290,-126,94,34,-104,12,-114,-8,509,296,17,42,-100,10,-85,-21,-99,112,-48,437,-103,9,-16,46,37,33,9,-4,-96,36,4,19,0,17,6,-5,-105,10,0,11,2,18
4.4600,-68,20,-104,10,-312,-11,136,100,30,27,-107,8,3,311,-34,119,118,6,-109,12,86,-93,-272,-118,92,9,-108,12,-155,-19,464,269,-7,55,-110,9,-75,-15,-95,129,-54,461,-108,10,-39,46,15,-18,6,-4,-99,20,-2,16,-2,15,6,-7,-105,14,0,12,5,15
4.4800,-61,38,-107,12,-272,34,172,134,27,28,-100,6,-45,311,-42,123,129,46,-102,9,120,-93,-229,-104,79,-23,-100,10,-175,-31,376,214,-28,60,-106,12,-65,-13,-83,144,-68,459,-99,14,-59,47,-15,-67,-2,-2,-101,-5,4,18,-1,18,7,-6,-102,12,3,14,-5,19
4.5000,-54,57,-95,13,-193,90,180,169,27,24,-90,5,-99,278,-50,126,128,99,-99,11,155,-94,-165,-87,71,-50,-91,12,-181,-37,244,143,-57,66,-100,12,-52,-7,-75,144,-68,424,-93,10,-74,47,-50,-114,5,-6,-94,-31,-2,20,5,17,4,-5,-96,11,-1,13,0,22
4.5200,-34,71,-91,10,-84,135,181,201,19,30,-88,1,-146,210,-51,123,115,138,-89,10,177,-94,-91,-65,57,-77,-86,8,-174,-37,91,58,-76,65,-92,9,-42,-3,-66,130,-63,360,-82,9,-87,47,-78,-154,2,-6,-80,-52,2,21,-2,18,7,-7,-92,6,2,18,0,17
4.5400,-27,83,-80,5,30,182,164,215,20,26,-74,-7,-182,114,-50,109,91,176,-86,6,194,-84,9,-33,51,-103,-76,4,-150,-33,-62,-38,-94,62,-76,0,-30,-2,-56,100,-62,264,-78,0,-98,51,-109,-192,5,-8,-72,-70,-3,20,4,19,9,-3,-78,-1,1,16,1,16
4.5600,-14,94,-75,-3,139,207,142,213,13,29,-71,-7,-198,2,-40,106,63,200,-77,0,204,-77,105,7,38,-123,-68,-1,-131,-17,-204,-133,-100,54,-69,-4,-17,1,-37,68,-48,156,-71,-3,-105,50,-131,-202,4,-4,-60,-74,1,19,0,16,8,-2,-68,-8,-2,11,1,14
4.5800,0,94,-65,-8,240,217,117,201,12,28,-61,-10,-204,-114,-14,93,12,209,-68,-8,189,-66,201,57,27,-142,-63,-10,-99,1,-312,-223,-99,40,-65,-10,-2,7,-28,25,-30,35,-65,-10,-104,51,-146,-198,2,-6,-47,-71,0,18,-1,20,5,-2,-59,-13,-2,12,2,17
4.6000,7,94,-51,-14,316,204,90,173,7,32,-50,-20,-184,-221,13,76,-33,205,-57,-18,162,-55,282,104,22,-147,-50,-19,-73,29,-390,-291,-86,20,-58,-15,13,11,-16,-29,-13,-86,-50,-16,-97,48,-151,-189,5,-5,-28,-61,0,14,-1,17,6,-4,-51,-19,4,15,-1,15
4.6200,21,85,-43,-19,363,177,59,135,2,32,-42,-22,-148,-317,51,64,-80,183,-50,-22,122,-38,344,150,16,-140,-40,-19,-50,63,-418,-338,-73,-1,-49,-18,21,11,-14,-82,14,-192,-40,-15,-81,44,-151,-154,4,-4,-12,-41,-1,11,-2,17,3,-3,-42,-20,0,15,0,16
4.6400,29,69,-35,-22,392,127,40,85,-4,30,-31,-16,-92,-386,84,53,-129,143,-37,-22,71,-24,378,193,11,-136,-32,-19,-27,97,-410,-359,-54,-30,-37,-18,30,17,1,-131,41,-284,-30,-17,-69,43,-136,-107,3,-7,-1,-20,2,17,0,15,5,-2,-29,-19,-5,17,-3,14
4.6600,38,47,-25,-21,384,64,9,27,-3,22,-16,-17,-27,-419,122,34,-176,97,-30,-18,12,-10,381,228,3,-113,-21,-15,0,136,-368,-346,-26,-56,-23,-20,36,20,2,-174,63,-348,-19,-19,-43,37,-111,-54,6,-1,9,14,-3,12,-2,17,3,1,-18,-18,1,15,1,18
4.6800,40,21,-12,-21,365,1,-11,-33,-3,18,-8,-6,47,-428,147,17,-204,44,-16,-14,-51,7,355,253,6,-83,-8,-17,26,162,-306,-303,1,-82,-10,-17,42,26,-2,-200,88,-394,-3,-13,-12,35,-80,6,6,-2,19,41,0,4,7,22,9,-2,-12,-15,-4,14,1,12
4.7000,52,-3,-7,-21,314,-72,-34,-95,-4,19,0,-9,122,-402,164,8,-220,-6,-8,-10,-113,19,309,262,6,-42,3,-10,47,180,-230,-248,27,-99,-8,-13,48,27,-4,-221,107,-397,-1,-13,13,37,-41,59,5,-4,29,59,-4,9,-4,16,4,-2,1,-15,-4,14,-2,15
4.7200,51,-35,6,-13,252,-143,-58,-147,-4,14,6,-1,183,-345,172,-4,-227,-65,-3,-13,-166,33,232,254,6,-2,8,-14,62,181,-151,-168,59,-110,4,-14,50,28,1,-233,115,-385,0,-10,50,31,4,115,7,-1,31,82,-2,7,0,15,2,-1,6,-12,-2,14,3,18
4.7400,53,-57,9,-14,176,-198,-72,-191,-1,12,9,4,233,-268,163,-16,-217,-109,7,-9,-203,39,141,235,20,46,6,-11,75,172,-75,-82,90,-118,7,-6,49,31,-3,-217,120,-345,9,-4,74,28,46,156,8,-6,33,92,-4,2,0,16,8,3,11,-11,0,13,3,12
4.7600,55,-83,8,-6,91,-244,-78,-215,-9,8,12,10,274,-177,139,-21,-194,-147,8,-4,-231,44,52,211,21,85,3,2,77,150,7,13,110,-114,9,-7,50,28,-12,-191,121,-292,9,0,92,24,99,185,6,-2,30,99,-2,5,4,12,0,-5,11,-2,-6,15,2,14
4.7800,51,-97,9,-2,5,-274,-76,-226,-8,2,12,15,293,-74,100,-16,-157,-177,8,1,-243,49,-47,161,26,123,9,3,68,117,67,100,119,-113,9,2,49,30,-18,-150,108,-215,8,3,107,16,137,212,4,-4,27,90,-2,6,2,17,7,-4,5,-1,-4,13,0,14
4.8000,49,-110,11,4,-79,-277,-67,-220,-5,-1,14,28,292,32,52,-17,-109,-193,8,5,-234,51,-127,103,36,152,16,8,60,72,118,175,118,-98,9,10,46,25,-27,-103,93,-140,13,15,111,13,173,226,7,-2,16,82,-4,3,1,15,2,-5,12,12,2,15,0,13
4.8200,49,-105,16,14,-149,-264,-54,-196,-7,-2,21,32,269,128,3,-8,-54,-202,17,11,-209,45,-192,44,36,176,17,22,50,11,152,230,106,-79,16,12,46,28,-35,-42,68,-62,22,17,107,16,193,225,7,-1,10,72,-4,2,-2,17,1,-2,19,20,-1,19,4,22
4.8400,48,-93,27,18,-198,-238,-42,-161,-2,-8,33,43,224,206,-66,-7,7,-198,27,22,-169,33,-246,-20,40,181,27,26,32,-49,173,276,88,-53,26,29,45,22,-32,22,44,14,30,29,99,12,200,213,2,-2,6,61,-3,6,-2,14,-2,-1,29,27,-2,16,1,15
4.8600,46,-80,39,25,-220,-184,-29,-108,-4,-8,38,46,177,263,-122,5,76,-183,33,32,-125,33,-279,-71,41,170,35,33,23,-109,168,301,71,-23,28,30,42,21,-40,91,11,77,39,32,69,6,190,196,3,-7,6,42,-5,4,4,19,3,-3,37,39,0,11,1,17
4.8800,44,-55,44,30,-229,-128,-25,-57,0,-11,49,52,111,294,-175,5,139,-158,47,43,-72,22,-281,-112,38,155,46,40,19,-161,154,300,47,8,38,37,39,21,-38,159,-25,127,51,40,40,3,171,172,2,-3,1,22,-4,4,4,12,2,-1,51,35,-2,15,4,19
4.9000,45,-24,54,43,-206,-60,-20,3,2,-11,54,50,45,292,-226,10,184,-130,45,45,-12,14,-276,-148,33,122,52,41,18,-214,126,276,34,46,49,42,46,20,-31,212,-60,164,51,42,3,6,134,142,6,-4,5,5,-5,5,-5,12,3,-4,52,42,-2,13,-1,15
4.9200,44,12,57,43,-177,10,-20,62,2,-12,56,52,-19,271,-259,12,234,-107,57,45,44,13,-250,-160,20,84,52,41,21,-244,96,239,17,79,55,39,47,19,-23,261,-92,175,54,47,-34,7,98,104,4,-3,10,-11,-3,8,5,19,4,-5,59,41,-2,19,6,15
4.9400,49,46,57,42,-134,70,-20,114,2,-17,54,42,-77,221,-280,12,269,-64,55,42,96,16,-203,-159,8,38,50,36,15,-264,61,193,26,107,51,41,47,16,-10,287,-120,174,53,42,-72,3,45,64,1,-5,13,-28,-4,11,1,16,6,-4,59,39,-1,17,4,17
4.9600,52,83,49,39,-84,120,-20,158,7,-13,44,40,-128,167,-282,6,288,-35,52,41,139,22,-157,-132,-10,-12,48,32,13,-268,29,139,40,130,49,40,48,12,8,300,-142,162,46,35,-107,-1,-7,32,5,-6,12,-28,4,9,4,17,9,-3,54,35,0,16,0,15
4.9800,59,108,41,33,-43,162,-11,179,8,-19,42,36,-164,119,-264,-8,284,3,43,34,165,27,-94,-105,-36,-54,36,25,11,-251,2,81,49,144,44,35,54,16,29,303,-151,146,42,30,-133,-4,-55,0,8,-4,8,-33,0,15,4,18,3,-3,45,31,-2,11,2,14
5.0000,64,133,36,29,-10,199,-9,198,7,-27,32,24,-188,68,-231,-22,270,27,36,23,182,46,-43,-59,-54,-99,32,22,-4,-217,-9,34,69,152,37,24,60,8,53,292,-150,116,35,26,-156,-7,-99,-29,7,-3,11,-30,3,16,-2,18,6,-1,35,22,-2,16,-3,16
5.0200,71,155,28,27,5,212,11,202,10,-34,22,13,-197,29,-187,-47,250,52,26,22,183,63,5,-15,-82,-130,18,13,-14,-169,-18,-9,89,154,28,23,72,10,80,262,-145,92,22,21,-164,-14,-132,-57,5,-2,12,-20,9,13,4,17,7,-3,22,13,-1,11,6,15
5.0400,85,160,19,21,20,215,17,184,11,-37,5,12,-203,5,-124,-69,213,69,19,11,180,86,44,30,-109,-153,10,5,-30,-107,-22,-43,101,144,15,16,77,10,104,224,-130,65,6,12,-173,-24,-154,-79,6,-4,6,-12,2,13,6,19,9,1,12,9,-2,10,4,16
5.0600,87,157,2,19,25,205,30,159,7,-44,-9,3,-187,-11,-59,-94,172,96,3,11,150,111,78,62,-135,-160,0,4,-33,-48,-24,-65,108,129,0,9,83,3,130,182,-115,46,0,5,-169,-27,-164,-102,2,-6,1,2,7,16,6,19,9,-7,4,11,0,13,3,13
5.0800,101,149,-3,9,26,191,36,126,3,-55,-19,-5,-171,-24,10,-117,121,112,-14,4,119,134,92,92,-150,-159,-17,1,-40,24,-24,-78,105,111,-6,4,89,11,155,138,-97,22,-9,2,-156,-35,-161,-112,8,-9,-3,12,7,21,6,16,5,-3,-21,8,-4,5,1,13
5.1000,101,135,-22,11,24,171,37,94,4,-63,-30,-9,-153,-20,76,-133,78,124,-18,4,84,154,104,112,-168,-144,-25,-2,-38,89,-18,-80,97,92,-23,4,97,8,171,81,-82,5,-23,0,-135,-48,-152,-127,8,-3,-6,24,11,22,-3,19,6,2,-27,1,-5,12,-3,16
5.1200,105,117,-30,12,24,148,34,51,-3,-67,-41,-11,-133,-25,137,-146,29,133,-34,-4,43,171,101,120,-175,-124,-35,-5,-40,148,-12,-75,85,72,-30,-2,100,10,186,35,-61,-10,-34,-5,-109,-61,-128,-132,7,-4,-11,26,7,23,1,16,8,-3,-42,-3,2,12,3,18
5.1400,95,85,-44,1,26,121,33,14,1,-74,-49,-18,-100,-30,187,-152,-8,144,-45,-4,0,182,92,116,-177,-97,-45,-4,-34,196,-17,-71,69,55,-44,-3,100,20,188,-5,-45,-26,-42,-4,-80,-64,-103,-144,4,-6,-19,22,5,20,-2,13,8,-1,-41,-1,-3,11,1,20
5.1600,93,61,-48,2,34,93,23,-22,-4,-81,-58,-11,-73,-28,227,-152,-45,151,-50,-4,-32,182,83,106,-166,-68,-51,-1,-22,235,-19,-57,48,36,-51,-8,95,21,184,-42,-35,-41,-53,-5,-47,-70,-70,-148,5,-6,-25,18,9,17,0,16,2,-5,-56,-8,1,8,0,15
5.1800,87,30,-53,-2,43,67,15,-51,-7,-83,-64,-13,-50,-38,250,-142,-77,151,-55,-9,-58,180,76,93,-149,-45,-58,-1,-10,257,-19,-54,36,24,-57,-6,83,23,167,-67,-21,-57,-57,-6,-11,-65,-41,-144,1,-5,-32,14,11,20,-3,15,9,-3,-61,-2,1,11,2,17
5.2000,76,-5,-59,4,54,43,4,-68,-11,-81,-69,-14,-21,-43,259,-121,-92,150,-57,-6,-81,162,70,77,-134,-17,-58,2,-7,266,-22,-43,27,12,-61,-4,62,30,152,-89,-4,-79,-63,2,19,-73,-9,-139,4,1,-39,10,8,20,-2,12,7,-2,-56,-1,-1,6,-1,15
5.2200,55,-40,-57,3,57,13,0,-73,-18,-79,-59,-10,4,-44,254,-94,-105,146,-61,1,-94,140,60,53,-104,0,-60,7,5,266,-17,-39,15,1,-63,-1,45,33,123,-102,2,-94,-56,2,49,-66,9,-126,5,-2,-44,7,8,25,-2,17,5,-2,-59,3,-4,9,-1,16
5.2400,37,-65,-59,11,69,-9,-2,-80,-24,-70,-60,-3,25,-47,241,-59,-108,128,-64,4,-98,107,57,31,-68,15,-53,9,6,250,-20,-40,6,-4,-60,6,27,35,88,-113,8,-105,-57,4,79,-61,26,-108,10,-1,-47,7,4,23,-5,14,3,-4,-55,0,-1,11,-2,13
5.2600,14,-88,-52,12,73,-28,-8,-77,-27,-64,-57,-2,48,-50,217,-16,-107,114,-58,2,-95,66,55,19,-35,29,-45,10,9,222,-10,-36,-6,-15,-49,9,1,40,54,-106,25,-117,-50,8,104,-53,37,-89,4,0,-46,12,4,23,-5,13,4,-1,-50,6,3,12,-2,16
5.2800,-13,-109,-50,14,76,-49,-6,-64,-28,-53,-50,4,67,-52,184,29,-102,92,-53,2,-83,26,52,4,5,36,-45,23,7,190,-6,-26,-11,-26,-49,9,-20,48,10,-105,27,-125,-48,16,124,-39,46,-63,4,-1,-49,12,3,20,-4,11,4,-8,-43,9,-3,11,-1,18
5.3000,-41,-128,-42,15,67,-67,-10,-52,-37,-41,-42,5,80,-45,143,72,-99,67,-43,5,-71,-20,44,-11,40,38,-48,20,8,155,1,-23,-19,-31,-42,8,-50,54,-29,-100,37,-130,-43,12,136,-29,47,-29,2,-6,-43,23,4,22,-4,18,2,-4,-40,14,-2,10,-2,13
5.3200,-68,-137,-45,11,65,-77,-5,-37,-39,-25,-38,4,95,-38,102,121,-86,38,-43,9,-50,-63,38,-14,74,35,-42,20,6,115,7,-15,-24,-39,-38,7,-78,59,-64,-84,37,-124,-38,12,143,-9,48,-8,4,-4,-43,24,-7,24,-12,13,8,-2,-39,7,1,13,3,16
5.3400,-89,-143,-35,13,46,-88,-3,-19,-42,-15,-28,4,105,-37,62,158,-71,12,-35,8,-31,-110,25,-16,106,29,-32,24,3,69,9,-2,-33,-42,-33,13,-100,64,-90,-67,43,-114,-28,8,149,10,48,21,3,-10,-40,31,5,21,-6,16,5,-4,-34,11,2,16,0,13
5.3600,-108,-142,-36,10,29,-98,5,1,-39,7,-25,5,111,-25,21,194,-63,-18,-33,5,-10,-151,22,-7,128,27,-30,13,-7,36,11,5,-36,-45,-26,9,-120,65,-127,-51,48,-109,-30,12,156,27,41,48,7,-4,-35,27,1,22,-8,12,6,-5,-30,13,0,15,5,18
5.3800,-131,-140,-31,10,20,-96,9,20,-37,19,-19,0,113,-16,-23,221,-47,-38,-26,5,8,-179,9,-3,153,25,-23,19,-9,-4,18,16,-38,-50,-27,13,-143,66,-149,-43,52,-96,-26,6,147,42,35,65,6,-2,-29,39,-1,21,-5,16,4,-7,-28,11,-2,14,2,20
5.4000,-146,-132,-22,7,6,-97,12,34,-38,37,-24,5,103,-8,-58,240,-42,-57,-25,4,20,-201,-7,10,165,24,-22,18,-16,-45,14,30,-46,-52,-27,7,-157,62,-163,-26,53,-79,-24,5,132,57,33,89,4,-6,-27,39,2,24,-6,19,6,-3,-24,5,3,17,3,18
5.4200,-152,-119,-19,3,-6,-85,28,46,-33,51,-15,9,100,-3,-87,253,-26,-73,-18,7,35,-218,-16,20,179,19,-24,19,-24,-78,11,45,-51,-50,-22,12,-168,61,-179,-18,50,-48,-24,6,119,77,27,103,5,-8,-16,43,1,19,-8,15,6,-4,-18,8,4,13,4,15
5.4400,-159,-99,-19,9,-16,-80,27,56,-26,68,-15,10,92,5,-121,249,-18,-83,-18,10,44,-223,-29,30,182,14,-21,19,-28,-103,3,53,-55,-53,-16,10,-167,54,-185,-5,51,-35,-13,6,98,89,22,108,5,-7,-20,44,-1,20,-3,19,1,-2,-16,8,5,14,4,16
5.4600,-159,-74,-22,6,-20,-64,35,63,-22,72,-17,12,77,9,-142,243,-4,-88,-12,12,48,-219,-39,46,171,7,-14,17,-31,-129,-4,60,-48,-51,-15,12,-167,48,-185,2,50,-21,-14,12,72,100,22,120,5,-4,-13,39,0,19,-1,10,3,-5,-13,10,3,13,1,18
5.4800,-147,-57,-18,8,-16,-53,37,64,-11,89,-12,15,63,15,-160,234,-2,-96,-12,11,56,-206,-46,60,166,6,-13,18,-30,-142,-14,72,-47,-51,-9,12,-158,36,-176,5,50,-4,-15,12,47,110,16,117,5,2,-12,37,-1,22,0,12,4,-5,-13,15,2,16,0,23
5.5000,-135,-29,-20,11,-20,-37,39,64,1,87,-14,15,43,16,-171,203,1,-97,-16,16,52,-189,-53,63,149,5,-15,15,-38,-156,-23,74,-40,-44,-12,17,-144,25,-161,17,42,8,-13,15,14,116,15,116,5,1,-19,34,-6,13,-3,17,5,-6,-20,18,0,16,4,17
5.5200,-114,0,-20,7,-7,-18,35,63,9,88,-15,21,31,19,-173,169,11,-88,-14,23,45,-150,-60,73,122,1,-17,19,-34,-158,-38,71,-33,-42,-17,18,-120,8,-134,21,36,20,-15,13,-11,115,11,113,4,-4,-17,31,-2,13,1,22,9,-1,-14,13,1,8,4,17
5.5400,-86,20,-20,5,-1,-7,33,53,26,88,-15,17,15,17,-171,124,9,-91,-17,23,44,-121,-61,81,92,8,-20,16,-34,-156,-45,78,-22,-36,-16,14,-88,0,-105,22,27,33,-20,16,-39,114,11,106,-1,-4,-17,31,-5,11,-1,17,6,-2,-15,15,1,16,0,17
5.5600,-65,46,-23,12,1,11,34,45,38,82,-16,20,-1,15,-167,82,17,-87,-18,23,34,-76,-59,78,57,3,-17,14,-32,-148,-52,75,-6,-29,-18,17,-55,-16,-64,27,25,36,-20,18,-59,107,13,97,5,-11,-23,17,-6,12,-2,20,5,-4,-18,18,0,14,2,21
5.5800,-26,69,-18,9,12,26,29,37,48,75,-11,21,-16,16,-147,42,19,-77,-13,19,27,-36,-55,85,18,4,-17,13,-31,-128,-51,68,12,-23,-21,20,-25,-30,-28,28,15,44,-20,14,-81,103,11,88,-3,-4,-28,21,-8,8,0,19,4,-1,-15,20,1,15,-2,13
5.6000,5,79,-15,9,22,33,24,26,60,67,-12,23,-25,17,-126,-6,21,-65,-15,21,18,20,-54,84,-22,2,-17,14,-26,-112,-58,66,24,-19,-16,17,10,-35,10,28,18,54,-17,10,-96,89,8,80,4,-5,-20,17,-7,12,0,21,6,-4,-16,13,-1,17,-2,14
5.6200,39,86,-12,6,33,47,22,22,69,52,-11,22,-38,11,-103,-47,19,-55,-13,19,7,60,-47,84,-55,-1,-15,9,-22,-89,-63,60,35,-13,-16,18,43,-49,46,37,13,55,-15,14,-92,73,4,63,4,2,-21,7,-5,11,5,19,8,-4,-16,17,2,17,-5,15
5.6400,72,93,-13,8,35,50,15,8,73,37,-13,23,-43,12,-72,-87,28,-43,-12,25,-5,93,-38,77,-88,1,-13,10,-13,-60,-61,52,48,-6,-12,14,72,-58,83,35,7,57,-9,17,-95,56,0,48,2,-3,-22,6,-7,11,2,29,4,0,-9,16,5,20,-1,20
5.6600,88,86,-8,7,40,54,8,1,77,19,-4,18,-45,11,-46,-118,24,-25,-7,20,-16,133,-34,74,-112,2,-10,9,-8,-28,-59,40,57,-8,-5,17,97,-62,113,36,0,64,-12,14,-89,43,1,32,3,-7,-12,6,-7,12,4,26,8,-5,-2,17,-4,16,-2,15
5.6800,113,80,-3,5,41,60,4,-12,74,6,1,17,-46,14,-17,-141,24,-13,-1,13,-26,165,-23,65,-130,-3,-4,3,-3,3,-54,33,55,0,-2,12,117,-61,139,32,-4,61,-1,15,-85,21,-3,17,2,-11,-11,6,-6,12,6,25,7,-2,-2,10,3,16,-2,17
5.7000,124,70,0,3,45,61,-2,-14,67,-15,8,17,-44,17,17,-162,10,5,0,17,-34,185,-18,52,-145,-9,0,0,-4,34,-50,28,62,-1,-4,3,124,-56,149,30,-2,59,2,7,-74,5,-4,6,4,-11,-2,4,-4,12,5,22,6,1,6,6,-2,15,-3,21
5.7200,123,54,5,3,47,56,-8,-20,62,-31,7,12,-49,11,43,-171,15,20,3,19,-37,203,-6,37,-144,-9,5,0,4,62,-44,15,59,6,4,8,128,-52,153,27,-6,58,5,12,-56,-12,-7,-10,1,-3,8,6,-6,12,7,21,5,-9,4,7,-5,17,-4,20
5.7400,131,38,14,-2,40,58,-3,-25,54,-45,10,10,-45,7,70,-173,15,30,10,13,-35,205,3,29,-138,-14,9,1,7,87,-36,1,60,10,8,5,125,-39,152,21,-14,57,9,12,-39,-23,-14,-28,9,-6,13,2,-2,13,2,20,5,-3,7,2,1,17,-4,13
5.7600,122,23,18,2,33,52,-13,-24,44,-52,21,5,-42,-1,89,-168,10,40,13,10,-40,200,10,18,-124,-13,9,-2,7,103,-24,0,48,22,13,3,123,-30,142,18,-22,48,14,7,-23,-34,-17,-39,2,-3,16,1,-4,12,3,21,8,-2,13,4,-3,15,-4,17
5.7800,114,4,20,3,28,56,-8,-25,33,-63,17,10,-39,-1,105,-152,7,52,15,8,-39,186,21,5,-99,-17,14,-1,4,121,-12,-10,50,20,19,5,109,-15,120,16,-22,45,14,7,0,-44,-19,-43,5,-9,23,5,-5,14,8,14,6,-5,22,9,-2,15,-5,16
5.8000,95,-7,19,11,24,55,-15,-20,27,-63,18,2,-38,-13,116,-132,2,55,19,5,-34,176,32,-4,-73,-20,16,-1,4,128,-2,-21,47,19,14,6,92,-8,92,14,-27,29,20,11,17,-46,-22,-51,7,-8,27,2,-1,12,7,21,4,-4,18,9,-2,16,4,15
5.8200,70,-23,21,2,20,52,-9,-15,14,-60,14,9,-36,-15,122,-108,4,59,18,9,-28,157,46,-13,-42,-28,13,0,2,132,14,-28,42,24,19,8,74,-1,65,8,-25,17,23,13,32,-46,-26,-52,4,-6,26,0,0,15,7,20,7,-8,20,7,-2,16,-2,17
5.8400,53,-39,20,11,18,51,-7,-9,6,-66,17,3,-34,-18,117,-77,-4,58,15,7,-22,126,46,-24,-16,-29,14,-4,1,133,22,-34,39,30,20,9,50,10,35,9,-25,3,22,8,44,-47,-25,-51,1,-7,23,4,2,6,4,20,6,-7,15,7,3,12,1,17
5.8600,33,-47,14,14,18,44,-4,-2,-2,-57,10,12,-33,-19,107,-52,-6,59,10,11,-15,93,55,-26,13,-36,13,5,6,125,37,-36,33,25,13,4,29,21,-1,2,-23,-9,12,15,49,-47,-25,-41,3,-9,21,5,0,11,4,17,4,-6,8,9,0,13,1,17
5.8800,13,-57,12,8,14,41,-3,4,-9,-55,12,14,-36,-19,106,-19,-6,55,5,8,-5,71,50,-30,41,-35,7,4,3,116,43,-40,35,27,10,10,6,26,-26,5,-25,-16,4,19,56,-43,-29,-33,4,-8,14,8,3,13,5,18,3,0,8,14,-3,8,3,20
5.9000,-7,-61,4,13,19,42,-8,18,-16,-52,2,14,-24,-17,93,9,-10,45,0,7,0,34,60,-41,63,-30,1,3,3,105,39,-34,31,28,8,15,-19,32,-52,1,-25,-27,3,19,61,-37,-29,-21,3,-11,10,15,2,11,6,16,13,0,1,14,-5,7,3,16
5.9200,-28,-58,0,16,24,33,-6,19,-20,-41,-5,11,-18,-16,75,33,-11,32,-5,9,12,12,57,-40,82,-30,-5,9,9,89,40,-28,27,21,-2,11,-36,36,-76,3,-28,-35,-2,18,56,-29,-25,-8,7,-14,-4,19,2,16,4,17,3,-1,-3,13,-3,19,1,14
5.9400,-42,-54,-2,24,26,25,-12,26,-21,-37,-14,15,-14,-12,60,54,-9,17,-6,12,12,-9,47,-37,94,-23,-7,14,7,73,41,-23,19,16,-2,14,-53,41,-86,2,-20,-40,-9,19,57,-24,-19,4,6,-11,-13,27,3,16,7,12,7,-3,-10,13,-4,13,-1,16
5.9600,-57,-51,-6,16,26,18,-13,37,-16,-25,-13,12,-10,-13,42,75,-13,9,-13,13,18,-30,38,-37,102,-24,-11,14,5,53,38,-10,14,23,-11,13,-69,41,-100,3,-13,-44,-8,20,43,-16,-19,14,4,-5,-15,31,4,8,-1,16,8,0,-12,12,-1,14,6,23
5.9800,-66,-42,-10,19,25,11,-10,40,-20,-19,-17,10,-1,-11,27,90,-12,-8,-13,14,25,-45,28,-29,106,-13,-11,14,14,35,27,-3,10,15,-11,12,-84,42,-106,6,-10,-42,-15,16,31,-1,-6,29,9,-7,-19,36,4,12,3,10,8,-2,-13,15,-1,14,2,14
6.0000,-88,-40,-9,19,21,7,-9,45,-17,-7,-19,12,7,-6,10,102,-8,-14,-9,9,24,-59,16,-27,109,-6,-13,18,4,18,22,11,6,9,-14,21,-95,44,-109,7,-8,-43,-12,16,25,5,-1,39,5,-4,-22,42,2,14,3,12,4,1,-11,10,-4,9,1,16
6.0200,-91,-25,-13,18,16,1,-4,47,-16,3,-15,11,12,-3,-9,105,-2,-25,-21,4,33,-68,-2,-14,107,-2,-11,10,1,4,16,27,2,4,-12,15,-108,35,-115,8,-5,-39,-14,15,11,18,9,43,8,-5,-12,44,0,17,1,16,3,-1,-12,12,-3,15,0,18
6.0400,-96,-13,-9,17,11,-13,-2,48,-15,7,-14,8,15,-2,-17,111,-1,-34,-15,5,29,-79,-12,-8,96,9,-11,12,-1,-8,7,34,-10,2,-17,17,-111,35,-106,11,-2,-41,-13,18,1,31,15,49,9,-5,-15,45,0,15,2,11,5,-4,-13,12,-3,13,2,17
6.0600,-98,-2,-8,14,10,-9,7,52,-14,23,-9,10,25,-3,-32,114,3,-28,-12,4,29,-79,-23,5,96,17,-10,13,-9,-24,-3,49,-14,-1,-11,12,-110,32,-96,13,-3,-41,-12,15,-11,39,29,53,7,-3,-16,50,-3,12,1,15,3,1,-11,13,-3,12,2,19
6.0800,-97,6,-9,10,3,-19,13,46,-6,28,-13,9,22,1,-43,110,8,-37,-12,0,25,-80,-38,16,83,26,-14,8,-17,-27,-6,55,-15,-2,-15,16,-103,26,-88,17,-2,-32,-11,8,-18,49,32,51,5,-7,-10,45,-2,13,2,12,4,-7,-14,9,1,9,2,16
6.1000,-86,13,-8,13,4,-15,20,43,-1,38,-14,2,25,7,-49,100,10,-35,-12,2,25,-79,-42,25,71,26,-12,13,-24,-38,-11,60,-22,5,-12,12,-97,19,-71,28,-3,-26,-13,4,-27,61,40,46,7,-3,-7,42,0,16,4,14,4,-2,-14,9,-3,10,-1,18
6.1200,-71,17,-11,8,-4,-15,24,39,6,47,-14,3,25,11,-53,101,10,-28,-15,3,20,-73,-45,35,61,32,-9,6,-29,-48,-15,70,-20,1,-12,8,-82,15,-60,24,-11,-31,-13,7,-33,67,45,42,10,-1,-7,41,4,13,-4,12,0,-8,-11,9,-3,12,5,21
6.1400,-63,16,-12,9,-1,-15,31,36,9,52,-14,6,25,15,-57,91,22,-23,-12,5,13,-64,-48,43,46,32,-14,9,-33,-48,-22,71,-22,7,-18,13,-68,8,-47,31,-4,-32,-18,2,-35,73,43,37,16,-5,-10,34,0,17,-4,13,7,1,-14,12,-4,18,2,16
6.1600,-48,26,-14,12,-2,-10,37,28,20,53,-19,10,24,19,-62,83,28,-14,-14,-1,11,-56,-50,56,37,39,-14,11,-34,-46,-24,70,-21,12,-13,10,-53,-4,-38,34,-13,-25,-24,8,-30,72,46,22,10,-8,-9,27,-2,14,-4,9,-1,-6,-14,9,0,16,5,18
6.1800,-26,26,-20,8,-3,-12,40,25,30,54,-26,4,18,23,-56,74,30,-3,-17,2,3,-47,-48,62,22,37,-21,13,-41,-49,-22,67,-24,12,-16,16,-33,-10,-24,40,-15,-23,-23,1,-32,72,50,16,8,-1,-11,34,1,10,3,14,7,-1,-19,9,-1,11,2,15
6.2000,-3,26,-20,7,0,-5,42,20,33,49,-27,10,10,24,-56,62,32,3,-23,3,2,-41,-48,69,11,36,-23,15,-40,-43,-20,57,-20,10,-20,12,-9,-13,-13,45,-18,-24,-28,8,-27,70,46,5,14,-6,-20,22,1,16,0,9,5,-3,-26,9,2,14,1,16
6.2200,20,14,-24,6,-4,-1,40,13,41,49,-23,11,5,25,-50,54,40,10,-25,4,3,-28,-39,76,-2,37,-29,7,-38,-40,-22,54,-14,18,-25,14,15,-24,4,46,-21,-17,-29,4,-23,62,43,-4,11,-2,-21,19,0,15,-1,13,8,-1,-29,10,2,14,4,15
6.2400,35,15,-35,9,4,8,41,9,48,39,-36,6,0,25,-47,44,39,21,-34,7,-4,-19,-30,77,-14,27,-33,13,-41,-33,-27,37,-11,24,-31,11,37,-31,17,49,-24,-18,-36,3,-13,61,38,-16,5,-2,-28,16,3,15,-2,12,8,-2,-38,12,-3,12,3,14
6.2600,55,8,-39,13,0,14,36,5,53,28,-44,8,-7,30,-39,34,42,33,-34,9,-9,-9,-21,81,-21,24,-34,16,-37,-30,-29,32,0,21,-32,10,53,-32,32,54,-21,-14,-41,5,-9,44,33,-24,6,0,-36,17,2,10,-1,19,7,-7,-38,10,-2,12,3,12
6.2800,75,0,-39,12,-4,26,36,4,54,14,-47,11,-13,25,-27,20,44,37,-46,6,-13,5,-8,80,-34,24,-38,13,-28,-16,-24,27,-2,21,-41,12,73,-37,40,57,-25,-16,-44,5,-5,37,31,-35,5,1,-41,23,-2,14,-3,14,10,-6,-39,11,1,17,8,17
6.3000,85,0,-47,11,-2,28,33,0,58,5,-48,12,-18,24,-27,4,41,45,-40,9,-9,14,-2,84,-46,14,-42,13,-26,-10,-20,12,4,20,-45,12,88,-42,52,51,-23,-11,-46,4,2,24,22,-43,8,-3,-44,19,0,15,1,14,9,-7,-44,9,1,10,-1,15
6.3200,101,-3,-45,13,-7,32,27,0,52,-7,-45,9,-21,23,-9,2,40,54,-50,16,-12,27,5,85,-54,8,-47,16,-29,-5,-20,6,13,26,-43,14,99,-40,62,47,-26,-15,-40,7,9,7,17,-46,7,-2,-45,19,1,15,2,16,6,0,-44,14,-1,12,3,14
6.3400,103,-12,-45,12,-8,34,23,-2,51,-17,-45,10,-20,16,-5,-14,38,60,-42,10,-20,38,17,82,-60,0,-43,12,-18,8,-14,-1,13,21,-45,9,109,-34,67,46,-19,-14,-52,5,10,-7,7,-50,7,-1,-43,16,2,15,-2,18,4,-4,-44,11,-1,10,7,16
6.3600,109,-13,-46,14,-7,36,19,-3,51,-31,-42,12,-23,8,4,-15,37,59,-44,15,-20,42,24,79,-59,-6,-40,7,-16,22,-8,-15,20,23,-37,8,119,-31,70,42,-19,-13,-39,-2,17,-20,1,-47,9,-4,-40,16,-4,16,1,16,8,0,-40,14,5,14,-3,17
6.3800,117,-15,-39,8,-12,40,14,-4,40,-45,-40,7,-28,3,12,-21,32,64,-36,14,-16,49,30,78,-63,-3,-36,13,-13,31,-9,-17,21,19,-35,12,114,-29,72,35,-20,-14,-32,8,15,-29,-11,-54,8,-2,-36,14,-1,15,4,16,3,-7,-33,11,1,11,4,18
6.4000,114,-19,-37,8,-12,33,10,-2,37,-46,-29,13,-25,-2,25,-27,23,63,-31,13,-12,53,33,73,-67,-18,-28,9,-8,38,-3,-20,28,23,-37,7,112,-17,71,30,-10,-14,-29,2,10,-39,-18,-50,6,2,-33,13,1,11,2,14,3,-6,-32,9,1,17,4,11
6.4200,106,-15,-29,9,-12,43,1,-4,22,-57,-22,3,-26,-2,28,-34,16,65,-26,13,-12,60,34,74,-62,-19,-25,10,-3,45,-4,-23,26,20,-31,8,109,-11,78,27,-20,-13,-24,3,15,-45,-23,-53,3,-2,-23,19,3,17,2,15,9,-9,-30,8,0,10,0,15
6.4400,103,-17,-23,5,-13,35,2,0,15,-62,-20,4,-22,-7,33,-30,10,60,-22,11,-11,65,39,66,-57,-27,-21,4,1,47,-3,-27,31,16,-28,5,97,0,65,17,-15,-19,-21,2,12,-45,-28,-47,5,3,-18,11,5,14,-1,16,10,-5,-21,7,4,15,0,14
6.4600,93,-7,-16,10,-10,37,-7,5,3,-63,-13,4,-16,-7,34,-28,1,56,-17,9,-9,60,42,62,-55,-33,-13,8,9,53,-5,-27,27,12,-16,3,86,12,63,12,-8,-16,-15,4,12,-51,-31,-38,6,1,-13,11,0,17,2,18,9,-1,-19,6,1,15,5,16
6.4800,76,-12,-11,5,-3,31,-13,11,-6,-59,-12,4,-17,-15,38,-32,2,48,-12,9,-2,64,44,56,-51,-31,-14,5,10,52,-5,-29,23,13,-10,7,77,26,61,8,-9,-15,-6,6,8,-43,-34,-37,3,3,-7,9,4,14,-4,19,4,-4,-8,4,6,16,-3,12
6.5000,62,-7,-7,6,-3,28,-15,8,-22,-62,-5,4,-13,-13,39,-25,-9,47,0,11,1,58,46,53,-37,-39,-4,6,9,51,-3,-23,21,13,-6,6,58,41,50,-5,-5,-21,-7,1,3,-41,-37,-31,6,0,-4,-1,-2,15,1,17,4,0,-6,9,1,13,-1,17
6.5200,52,-3,-1,4,8,24,-18,20,-38,-48,-1,5,-9,-14,37,-22,-11,38,-2,10,2,54,44,50,-37,-38,-4,12,16,53,-6,-23,21,8,-7,1,45,53,43,-10,-6,-23,-1,4,3,-34,-44,-24,3,-1,4,0,-4,13,-4,15,9,-2,0,6,1,14,1,16
6.5400,36,0,-4,9,13,17,-12,19,-53,-47,0,7,-9,-11,36,-17,-20,28,4,11,10,54,40,43,-25,-48,1,5,13,47,-9,-29,20,7,-3,2,27,72,35,-9,-1,-21,2,0,-4,-31,-41,-13,10,-3,6,3,0,20,-1,20,8,-4,2,7,1,17,1,17
6.5600,23,1,8,6,21,22,-16,20,-68,-33,5,9,-3,-11,38,-12,-21,25,7,10,9,42,34,38,-18,-46,6,7,10,48,-4,-25,17,3,-4,0,17,79,27,-16,2,-19,7,6,-6,-26,-41,-1,4,3,12,0,1,13,-3,16,6,-2,4,6,0,12,4,14
6.5800,6,6,11,6,22,15,-14,22,-76,-28,10,5,3,-11,33,-3,-23,13,4,9,18,35,30,35,-14,-46,5,5,11,45,-7,-20,18,1,6,2,2,100,18,-18,0,-21,10,9,-11,-11,-41,4,3,1,7,-5,-1,17,0,13,11,0,10,4,0,12,3,17
6.6000,-7,11,11,4,27,11,-13,31,-86,-20,9,6,4,-7,28,4,-24,8,12,9,10,23,31,30,-2,-44,9,6,13,39,-7,-13,17,3,6,4,-14,107,11,-18,-4,-20,9,4,-19,-1,-42,12,4,3,10,-1,3,14,0,15,6,-2,13,8,-1,11,-2,15
6.6200,-20,24,10,4,35,7,-12,31,-93,-10,16,10,9,-11,22,13,-23,-5,15,9,13,21,25,23,2,-43,9,6,3,39,-11,-8,14,2,11,5,-25,116,0,-18,-4,-20,11,10,-25,9,-41,22,6,1,14,-2,-2,15,-2,17,9,0,12,7,-2,16,-1,14
6.6400,-26,23,15,5,38,8,-8,32,-96,5,14,6,13,-11,22,21,-24,-9,10,8,16,12,24,16,8,-41,12,5,-1,34,-19,-6,12,3,14,4,-37,124,-5,-16,0,-24,13,9,-27,14,-32,30,0,-4,14,-2,0,13,-1,21,6,1,8,4,-1,16,-3,18
6.6600,-37,25,11,7,46,3,-3,29,-103,7,13,8,11,-14,15,27,-22,-10,9,8,17,5,15,12,13,-31,14,6,-7,27,-17,2,17,4,10,6,-45,119,-7,-14,2,-22,12,15,-29,28,-35,33,4,-3,12,-1,1,16,-3,19,5,-6,15,8,2,11,0,18
6.6800,-41,24,10,5,52,5,6,25,-100,14,15,4,9,-14,11,34,-22,-19,13,6,17,2,10,15,20,-37,10,4,-6,23,-28,3,23,-3,19,6,-47,123,-10,-13,3,-19,10,10,-29,36,-31,37,3,-2,15,8,1,12,-2,13,5,-3,14,9,0,13,0,17
6.7000,-42,27,13,3,54,2,4,27,-90,19,12,3,11,-14,4,36,-12,-23,15,8,9,0,7,12,21,-27,12,10,-14,21,-32,8,24,-1,12,8,-53,118,-15,-9,-1,-18,11,10,-29,39,-23,46,6,-2,12,8,-5,8,-1,18,4,-3,12,5,-1,16,-2,16
6.7200,-50,25,18,5,56,3,11,29,-86,23,12,7,9,-20,3,30,-15,-24,17,8,10,-7,0,10,25,-23,10,9,-16,12,-30,16,25,2,19,9,-59,111,-16,-11,1,-23,12,9,-33,45,-16,46,5,-2,17,17,-3,17,2,18,1,-7,12,12,1,15,-3,13
6.7400,-42,29,13,7,69,4,13,23,-70,18,13,12,8,-19,7,39,-9,-30,16,12,5,-7,-2,12,19,-19,10,7,-15,17,-43,21,33,-1,13,7,-53,98,-23,-7,-1,-28,10,7,-27,45,-19,45,7,-2,17,14,-4,14,0,17,5,-3,11,10,-1,16,0,20
6.7600,-46,28,11,10,61,3,10,15,-59,25,13,11,7,-21,2,43,-8,-31,12,9,7,-11,-5,11,20,-16,13,12,-21,14,-47,24,38,3,14,12,-48,86,-18,0,-3,-21,13,13,-32,43,-12,50,-2,-4,13,21,-3,12,-1,15,4,-2,13,7,-1,15,1,17
6.7800,-39,24,10,13,67,7,18,10,-48,23,11,13,-2,-27,-4,38,-6,-33,13,13,-4,-8,-14,10,17,-6,15,9,-20,11,-44,30,41,8,11,6,-49,71,-15,2,-6,-30,8,16,-24,39,-5,50,3,-7,12,25,2,15,-1,16,5,-1,10,8,2,16,3,20
6.8000,-39,22,2,6,66,11,23,11,-32,24,2,11,-3,-26,-11,34,-1,-33,7,10,-2,-7,-19,11,17,-5,9,11,-20,8,-50,35,54,9,12,11,-44,55,-15,9,-3,-24,8,13,-20,41,7,54,4,-2,13,28,-6,12,4,17,7,0,7,16,-2,11,5,16
6.8200,-32,13,5,5,66,14,16,9,-11,20,9,12,-3,-29,-6,29,-1,-34,9,12,-7,1,-17,13,18,1,7,11,-21,8,-53,37,62,8,10,10,-43,38,-9,10,-8,-31,11,14,-16,35,5,48,-3,-3,7,29,-4,14,4,21,3,-4,6,10,-4,13,-3,17
6.8400,-26,13,4,12,59,14,17,3,3,12,3,14,-7,-28,-8,29,2,-31,3,9,-5,3,-21,17,6,10,4,10,-20,11,-55,42,62,10,7,14,-34,20,-10,14,-13,-31,3,16,-6,32,16,52,6,1,3,31,0,12,0,17,6,-5,2,14,-1,12,-1,13
6.8600,-19,4,0,11,57,20,16,1,20,11,-1,15,-14,-24,-10,22,4,-34,5,13,-13,3,-25,19,5,12,1,15,-25,8,-53,38,70,13,8,12,-30,0,-5,17,-9,-36,0,13,-2,23,20,52,2,-2,2,33,0,13,0,18,4,-5,-3,14,2,18,0,16
6.8800,-18,-3,-2,15,54,20,23,2,37,4,-1,14,-10,-27,-8,17,8,-33,-4,15,-16,13,-24,20,4,20,1,15,-16,3,-57,43,80,11,-1,12,-25,-19,2,19,-13,-34,-1,14,1,22,28,50,7,3,-4,39,1,15,-1,19,1,-1,3,9,-1,14,-4,15
6.9000,-14,-2,3,16,52,20,17,3,51,-1,-3,15,-10,-23,-7,14,11,-28,-2,10,-22,13,-18,27,3,21,-5,13,-15,3,-61,40,86,11,1,14,-24,-33,0,21,-11,-43,0,13,11,15,29,40,4,-2,-4,35,0,15,-2,18,1,-4,-3,12,-2,12,-1,17
6.9200,-12,-11,1,13,51,21,16,-6,63,-6,-4,17,-19,-24,-2,11,11,-21,-7,17,-21,22,-20,30,6,25,-6,14,-10,4,-56,33,86,10,-2,18,-17,-46,0,23,-14,-41,0,12,13,9,31,33,6,-4,-7,38,-2,14,3,15,3,-6,-5,11,1,13,-2,16
6.9400,-14,-18,-2,14,50,29,8,0,78,-11,-2,14,-14,-25,-3,7,9,-18,-7,13,-18,15,-14,34,4,28,-6,16,-9,9,-61,30,94,16,-4,15,-19,-62,0,22,-14,-45,1,15,17,7,37,32,6,-3,-8,38,1,16,2,15,8,-4,-3,12,-5,12,-3,17
6.9600,-18,-23,-4,12,49,25,7,-2,88,-19,-4,14,-17,-30,-3,8,10,-20,-7,16,-20,18,-13,36,10,30,0,14,-9,7,-63,26,94,12,-6,16,-14,-73,-6,24,-15,-44,-6,13,25,-4,36,23,4,-5,-2,40,0,15,-3,15,4,-3,-6,16,-2,12,0,14
6.9800,-12,-25,-5,11,49,28,8,-5,96,-16,-10,15,-19,-35,-4,11,13,-11,-7,21,-22,23,-6,38,11,31,-9,15,-7,5,-58,19,98,16,-4,10,-17,-80,-6,28,-15,-50,-7,8,27,1,41,28,7,-1,-8,31,-3,12,2,16,3,-3,-8,13,-2,10,1,17
7.0000,-11,-30,-11,16,46,23,5,-4,97,-19,-14,12,-17,-36,3,9,8,-6,-7,17,-15,23,-3,40,17,34,-12,11,-3,8,-59,18,96,10,-9,12,-17,-82,-10,25,-10,-56,-14,12,28,-4,42,20,4,-4,-6,38,3,16,1,16,6,-2,-6,11,-2,14,2,16
7.0200,-13,-33,-16,12,51,24,3,-3,98,-20,-9,13,-15,-36,-4,10,12,1,-12,12,-20,20,0,44,18,36,-12,14,-1,17,-59,14,93,11,-10,14,-15,-88,-13,20,-13,-58,-12,15,34,0,38,15,11,-1,-9,34,-1,15,1,15,5,-7,-8,11,-2,12,0,20
7.0400,-12,-38,-8,14,49,24,-1,0,98,-20,-14,15,-15,-42,3,12,8,1,-11,11,-20,17,2,49,19,35,-10,11,2,17,-55,6,93,11,-10,10,-16,-86,-16,25,-15,-59,-14,10,38,-1,43,11,1,-4,-15,36,-2,11,2,14,6,-5,-13,11,-2,11,5,17
7.0600,-13,-36,-14,11,47,24,-5,-3,96,-21,-19,11,-17,-41,4,14,13,2,-15,12,-17,20,11,58,23,33,-14,9,0,15,-53,14,80,11,-15,9,-15,-86,-20,21,-10,-69,-12,11,40,-3,40,7,4,-4,-11,36,0,9,0,18,1,-7,-13,11,-1,14,1,16
7.0800,-17,-41,-14,16,53,23,-3,4,91,-19,-12,13,-13,-45,5,12,6,6,-15,11,-20,13,10,54,29,36,-14,9,4,14,-49,5,81,14,-11,10,-21,-81,-20,20,-11,-67,-13,8,39,1,42,6,2,0,-11,33,0,14,6,16,2,-2,-15,10,-1,15,3,16
7.1000,-17,-40,-11,10,49,26,-3,1,77,-12,-17,7,-10,-46,9,19,8,11,-19,9,-13,12,11,57,31,29,-18,6,8,18,-51,5,75,2,-12,8,-19,-71,-26,23,-10,-67,-16,8,39,-1,40,4,3,-4,-9,29,1,10,-2,16,3,-7,-17,10,-1,10,-1,12
7.1200,-15,-42,-14,10,49,19,-10,1,78,-7,-14,6,-11,-44,8,19,8,11,-13,13,-12,9,14,61,36,32,-19,2,7,17,-45,6,65,14,-14,4,-17,-61,-28,20,-10,-74,-19,6,41,7,39,-3,2,-2,-6,35,-2,13,-1,16,5,-3,-18,3,-1,13,-3,13
7.1400,-13,-39,-13,12,48,23,-5,1,64,-5,-20,5,-7,-45,2,23,8,15,-16,5,-17,11,14,63,35,32,-18,6,4,23,-44,6,56,8,-16,5,-23,-55,-30,16,-11,-70,-16,6,37,10,38,-5,3,-6,-12,33,0,19,8,17,1,-8,-18,5,-2,10,-2,21
7.1600,-14,-37,-18,13,55,21,-6,5,52,0,-21,3,-6,-42,8,26,6,13,-18,9,-13,4,14,67,38,25,-16,4,9,16,-45,2,57,13,-18,3,-19,-41,-35,14,-12,-70,-22,7,32,20,31,-3,-2,-3,-19,36,-2,14,1,19,5,-5,-19,3,0,13,4,14
7.1800,-15,-37,-13,11,48,17,-11,11,35,0,-18,5,-7,-43,5,28,7,15,-16,11,-12,-1,13,70,31,22,-19,10,6,17,-37,0,47,11,-20,7,-23,-27,-28,11,-11,-75,-16,6,31,20,29,-7,6,-2,-18,37,-1,13,2,21,4,-6,-23,4,2,9,0,18
7.2000,-13,-33,-19,12,49,15,-5,9,28,10,-20,11,-7,-38,7,29,4,18,-18,8,-6,2,9,67,32,20,-19,3,5,16,-31,13,49,7,-20,8,-16,-12,-26,17,-12,-74,-24,9,24,29,26,-3,5,-4,-20,33,-2,14,0,17,4,-6,-17,7,-2,14,3,12
7.2200,-12,-21,-14,8,49,19,-7,6,19,12,-20,5,-4,-29,5,31,2,17,-19,9,-3,-2,8,75,32,16,-20,6,-1,13,-32,10,44,14,-21,5,-21,-7,-24,13,-16,-64,-24,11,13,31,15,-7,4,-7,-14,37,-2,15,0,16,5,-3,-19,9,2,12,0,13
7.2400,-8,-20,-22,8,52,17,-3,14,8,20,-21,8,-7,-30,5,32,4,24,-24,12,-4,-3,8,74,24,11,-19,4,5,17,-29,13,44,12,-18,3,-15,8,-22,11,-14,-67,-19,4,11,36,14,-4,4,1,-9,40,3,13,0,17,8,-7,-15,14,1,13,3,18
7.2600,-7,-9,-17,8,45,19,-3,15,-2,17,-21,9,-5,-28,2,36,4,21,-19,9,-5,0,6,74,21,7,-24,13,-2,12,-26,13,37,14,-19,8,-11,21,-20,14,-12,-61,-21,6,0,34,9,-6,2,-3,-19,40,-2,12,-2,13,5,-5,-19,7,-2,11,1,16
7.2800,-6,-7,-20,10,43,18,3,17,-14,24,-19,4,-9,-18,-1,33,2,18,-21,6,-4,-4,5,77,13,0,-15,8,-1,14,-24,12,33,14,-16,6,-10,27,-15,9,-7,-58,-16,10,-3,41,7,-3,4,2,-14,41,-1,10,-1,16,5,-3,-20,5,1,15,3,14
7.3000,4,0,-17,12,41,22,7,17,-14,25,-16,11,-8,-23,-4,32,3,21,-18,12,3,-3,1,82,11,-2,-14,10,-3,13,-21,18,30,10,-17,5,-3,35,-9,4,-9,-54,-17,10,-4,44,3,-6,4,-2,-15,43,1,13,1,15,3,-7,-17,9,0,15,5,15
7.3200,6,8,-18,11,41,19,7,20,-24,23,-15,9,-4,-16,-3,29,5,25,-22,7,6,3,-2,84,3,-7,-18,10,-8,7,-21,16,33,13,-17,11,0,37,2,8,-11,-54,-19,6,-16,42,-4,-10,2,2,-9,44,-1,16,-1,15,6,-3,-17,8,-1,13,0,14
7.3400,10,15,-15,6,39,21,7,21,-21,23,-17,10,-9,-18,2,27,1,20,-22,12,7,0,-5,82,2,-6,-21,13,-9,11,-22,27,31,9,-20,11,10,43,3,4,-7,-52,-19,10,-18,41,-6,-10,12,-1,-18,47,-2,12,2,13,6,-3,-19,8,-1,15,-2,18
7.3600,15,18,-21,10,37,23,11,24,-28,21,-18,9,-9,-17,1,22,-4,26,-16,9,8,7,-5,82,-6,-15,-17,15,-13,8,-21,18,34,12,-17,11,12,46,16,8,-4,-50,-13,10,-26,41,-5,-14,4,-3,-15,41,0,11,-1,14,3,-2,-21,6,1,16,1,17
7.3800,17,18,-21,11,34,21,12,23,-23,21,-17,11,-7,-12,-2,15,-5,30,-16,7,5,11,-1,83,-17,-10,-18,10,-20,7,-21,26,37,9,-19,13,14,49,11,5,-4,-47,-15,10,-28,40,-14,-12,8,-3,-17,41,2,12,-2,16,5,-5,-13,9,-1,16,-1,17
7.4000,22,21,-21,10,34,23,23,24,-30,17,-20,13,-10,-13,-4,18,-6,29,-14,9,9,15,-8,88,-10,-18,-19,12,-22,7,-19,21,37,5,-19,7,21,50,26,3,-2,-47,-17,9,-27,30,-14,-14,10,-5,-11,44,-2,19,-2,16,5,-4,-11,7,4,14,0,18
7.4200,30,30,-21,10,32,21,18,24,-29,20,-17,9,-11,-23,1,7,-3,32,-17,8,10,15,-9,89,-19,-16,-19,13,-23,7,-25,28,41,2,-16,16,27,46,25,9,5,-43,-20,9,-29,30,-11,-16,8,-1,-13,42,1,15,0,16,2,-7,-18,9,-2,14,2,18
7.4400,32,27,-15,8,31,19,20,27,-23,13,-13,8,-10,-14,-5,7,-4,28,-14,13,12,19,-8,86,-24,-17,-23,10,-20,8,-24,22,44,1,-16,9,33,51,31,7,0,-44,-14,12,-33,29,-16,-13,8,-5,-18,36,0,10,2,13,3,-4,-24,10,2,15,0,14
7.4600,38,28,-15,6,26,22,21,27,-27,8,-13,14,-12,-18,-3,5,0,23,-21,8,12,21,-3,84,-31,-12,-15,12,-21,8,-24,19,40,4,-19,13,34,46,29,7,1,-41,-13,9,-29,21,-21,-14,12,0,-14,35,0,10,-2,13,6,-5,-20,9,-2,16,5,16
7.4800,35,23,-14,7,30,20,24,26,-18,0,-13,9,-13,-18,-4,0,-1,27,-17,6,12,27,-3,84,-26,-17,-15,9,-22,5,-25,17,42,0,-14,12,36,41,36,6,4,-40,-17,8,-27,20,-12,-15,15,1,-14,34,-2,11,2,14,3,-6,-15,16,-3,15,3,14
7.5000,37,23,-18,9,27,21,18,23,-19,0,-15,12,-7,-11,-4,4,-3,25,-14,11,14,28,0,85,-27,-10,-15,12,-18,14,-23,19,38,2,-13,11,38,43,33,10,2,-43,-14,7,-25,17,-11,-12,1,-3,-13,37,-3,17,0,11,7,-2,-16,10,-2,15,-1,11
7.5200,41,26,-18,5,23,22,19,26,-15,-9,-10,14,-5,-12,-2,-1,3,25,-13,10,11,32,-1,73,-26,-14,-11,10,-20,12,-24,12,47,2,-14,12,40,41,34,13,-3,-42,-15,9,-27,15,-8,-10,6,-2,-15,31,1,14,7,14,5,-1,-9,11,-2,14,2,10
7.5400,38,22,-10,13,22,18,20,26,-17,-7,-14,15,-10,-5,0,-2,-1,25,-10,10,10,29,7,70,-30,-8,-10,10,-20,15,-24,12,45,-4,-13,18,40,35,35,12,-3,-36,-12,10,-20,5,-5,-12,3,-1,-11,27,-1,15,3,14,4,0,-12,11,3,13,1,16
7.5600,35,21,-17,7,17,22,23,24,-16,-14,-10,16,-8,-8,2,-3,5,19,-12,14,10,32,12,71,-28,-12,-11,9,-22,15,-21,9,42,4,-11,7,40,36,34,13,0,-36,-8,11,-20,2,-8,-13,8,-5,-11,26,-3,10,-3,12,8,1,-10,15,0,15,1,19
7.5800,39,20,-10,7,14,21,17,18,-11,-23,-9,11,-8,-2,3,-4,0,21,-7,8,5,34,11,62,-27,-7,-10,11,-20,14,-13,11,38,1,-11,14,35,30,27,12,4,-36,-9,14,-18,-1,-4,-3,10,-2,-10,24,1,14,0,16,8,-3,-9,11,-2,16,1,15
7.6000,38,19,-9,10,11,21,12,20,-8,-24,-8,9,-6,1,3,0,-2,19,-9,14,2,36,15,59,-23,-4,-6,10,-14,17,-17,7,38,1,-8,14,37,28,25,14,3,-31,-7,8,-16,-3,-4,2,11,-1,-5,26,-4,12,-2,11,-1,-2,-6,8,0,14,-2,19
7.6200,38,11,-9,11,9,19,15,19,-1,-22,-3,7,-7,-6,7,-3,3,11,-11,11,6,35,18,61,-17,-8,-4,10,-10,18,-7,-2,35,4,-6,13,31,21,24,21,-3,-33,-6,12,-15,-7,-1,-1,4,-2,-6,20,2,15,2,19,7,-3,-7,10,-2,12,-5,14
7.6400,35,8,-5,9,7,23,9,17,-4,-23,-2,7,-9,-3,6,-4,5,13,-6,7,-2,33,15,44,-13,-7,0,10,-9,13,-7,-5,38,1,-5,13,30,23,26,15,5,-34,-4,11,-18,-11,-4,0,6,-6,-1,16,-5,12,2,19,3,-6,2,9,-3,17,-1,19
7.6600,28,8,0,9,11,25,5,13,3,-26,-2,8,-7,-3,9,0,5,8,-6,11,0,32,22,42,-12,-2,-1,7,-11,19,-5,-7,32,-1,-2,9,19,15,17,18,-4,-31,-2,8,-8,-9,3,7,2,-3,-1,18,1,15,1,15,5,-5,-2,6,-2,11,0,17
7.6800,21,6,-2,10,13,23,3,17,3,-28,0,9,-9,0,12,2,8,8,-3,13,-5,27,22,36,-11,-4,-4,6,-3,20,-8,-8,33,4,1,11,13,17,13,17,-4,-29,-1,9,-9,-10,0,11,2,-3,1,19,1,15,1,17,8,-2,-7,12,-3,12,1,20
7.7000,15,4,-3,10,9,21,-2,14,5,-29,2,6,-8,1,17,4,7,4,-2,6,0,21,21,29,1,-10,0,8,-1,25,-6,-9,26,4,1,9,11,15,13,21,-1,-24,4,11,-5,-12,-4,17,7,-3,-2,15,2,12,-1,16,5,-7,1,6,-1,17,1,15
7.7200,11,2,-3,11,19,21,1,11,8,-31,8,10,-5,-1,14,8,8,1,3,7,-1,25,27,24,-1,-6,1,9,0,24,-6,-10,30,2,-1,9,6,12,4,18,4,-20,3,9,-9,-16,-6,18,7,-3,6,12,2,12,-1,17,7,-6,1,9,1,14,-1,15
7.7400,7,0,1,10,18,23,-4,16,9,-27,2,10,-11,3,17,11,14,-5,4,11,-2,26,22,18,2,-5,0,3,4,27,-10,-14,26,0,1,9,2,15,7,16,-2,-15,0,12,-6,-9,0,20,9,-2,7,10,-2,10,-3,20,6,-1,5,8,1,13,-1,16
7.7600,2,2,8,6,24,19,-7,13,7,-22,6,9,-6,5,23,14,8,-5,1,12,-2,19,25,13,3,-5,2,7,2,31,-9,-15,18,1,-2,6,-6,16,0,22,-3,-12,1,6,-5,-7,-4,22,1,-1,7,10,-4,12,5,17,2,-1,5,11,-1,15,3,13
7.7800,-3,0,4,8,25,21,-4,11,4,-24,3,11,-5,4,22,18,14,-10,4,11,-4,14,31,5,5,-11,2,7,2,28,-14,-12,25,5,4,8,-12,16,-3,22,-3,-11,4,9,-7,0,-6,26,5,-3,4,10,3,14,2,18,1,-4,5,6,1,13,-2,16
7.8000,-7,7,-1,8,29,18,-9,14,0,-19,1,11,-10,4,21,21,17,-15,5,12,-5,16,31,9,3,-12,6,9,6,28,-16,-15,19,3,0,5,-16,15,-8,23,-4,-10,2,9,-10,4,-9,31,3,2,-4,11,-1,10,4,20,6,-1,2,8,-1,11,-5,15
7.8200,-6,2,5,10,26,19,-8,11,-4,-15,1,11,-7,7,18,15,12,-11,4,10,-6,16,31,4,13,-10,-1,7,4,33,-20,-11,20,6,1,8,-19,13,-6,24,0,-8,1,12,-5,1,-6,27,5,-2,4,7,4,9,2,16,5,-6,0,9,-3,13,0,15
7.8400,-11,2,-2,9,24,20,-9,13,1,-14,2,9,-6,5,19,17,14,-16,-4,9,-5,13,27,-1,16,-14,-5,8,3,28,-22,-13,19,4,2,5,-16,17,-8,23,-1,-7,-2,7,-11,6,-10,31,2,1,5,6,-1,11,2,15,7,-1,0,6,0,19,2,16
7.8600,-17,5,-3,11,26,20,-8,13,-2,-5,-3,7,-11,2,13,23,12,-20,-1,9,-5,16,28,-5,13,-15,-5,11,5,27,-21,-11,16,4,-3,7,-21,18,-8,23,0,-2,-1,9,-6,11,-10,34,2,-3,9,6,-1,10,-1,15,4,-2,-3,12,1,14,-1,17
7.8800,-17,5,-4,10,22,20,-5,13,3,-3,-3,8,-6,7,18,17,9,-19,-3,9,-4,12,30,-8,17,-13,1,5,3,22,-21,-11,14,0,-6,8,-23,19,-8,22,-2,-1,-2,6,-2,9,-4,35,1,-2,2,6,-5,14,1,17,7,-1,-3,10,0,16,1,11
7.9000,-19,4,-6,5,21,19,-6,17,-4,-1,-4,10,-6,9,12,17,6,-20,-7,7,-6,8,27,-9,17,-15,-6,13,7,21,-20,-8,18,2,-1,12,-23,18,-5,16,3,-1,-2,9,-7,13,-6,41,2,1,-3,9,2,9,1,19,3,-1,-7,7,1,17,-4,17
7.9200,-16,0,-1,14,17,19,-2,9,-4,1,-2,10,-12,12,6,20,6,-18,-3,8,-1,13,28,-10,15,-10,-6,6,5,18,-14,-8,11,2,-5,10,-23,18,-10,13,-2,-5,-8,12,-5,19,-12,36,5,-4,-4,8,1,15,-1,12,2,-6,-2,11,-4,11,-1,17
7.9400,-15,6,-8,8,10,24,-3,14,-6,0,-2,9,-11,6,5,20,-1,-19,-6,12,-1,11,23,-8,17,-8,-4,10,2,20,-17,1,15,4,-10,10,-26,18,-7,11,-1,-5,-6,11,-6,24,-7,33,7,-9,-5,11,3,11,0,12,4,-1,-13,9,2,14,-4,19
7.9600,-15,-1,-5,10,9,16,-3,16,-4,8,-3,7,-8,13,7,16,5,-22,-3,10,1,10,22,-12,15,-10,-7,12,3,15,-12,-5,9,-4,-9,11,-23,22,-5,9,3,-9,-11,9,-6,25,-8,37,4,-8,-7,11,-3,10,2,18,4,-3,-8,8,3,15,3,18
7.9800,-13,2,-7,13,7,22,0,15,0,7,-6,9,-10,5,0,20,3,-19,-8,8,-1,6,18,-4,13,-10,-10,10,0,10,-5,2,4,1,-10,6,-22,20,-10,8,-2,-12,-9,15,-4,23,-2,30,3,-5,-5,13,-3,14,2,17,7,-3,-8,13,-3,12,0,15
8.0000,-10,0,-11,11,1,17,-1,15,-7,9,-8,10,-7,4,-2,21,-3,-20,-7,12,-2,8,13,-8,17,-4,-9,10,-1,12,-6,2,7,0,-8,10,-19,23,-9,8,-2,-18,-12,14,-3,26,0,29,2,-3,-6,9,-1,13,-3,10,6,-4,-4,11,-2,17,4,18
8.0200,-9,0,-14,9,0,14,-3,15,-5,8,-7,9,-2,4,-4,24,3,-19,-7,9,0,5,12,-6,14,1,-8,8,2,6,2,9,10,4,-8,10,-19,24,-6,5,-4,-19,-10,9,-3,22,2,27,8,-7,-7,14,-2,15,0,21,7,-7,-6,9,2,14,-3,17
8.0400,-8,0,-2,12,1,17,1,18,-7,4,-8,11,-4,5,-1,22,-4,-14,-10,7,3,3,13,-2,16,-3,-5,12,4,11,1,9,6,1,-11,10,-16,27,-5,5,-5,-24,-6,12,-3,16,4,29,7,-3,-6,13,1,13,-3,18,10,-5,-11,7,-2,16,0,16
8.0600,-9,-3,-4,11,-2,17,-2,20,-6,5,-4,5,-7,2,-5,25,-5,-12,-6,9,4,4,5,5,10,1,-8,11,4,8,-3,15,7,8,-10,9,-13,25,-2,7,-5,-21,-9,11,0,16,7,23,3,-4,-10,20,-3,16,2,16,4,2,-4,10,0,16,1,12
8.0800,-4,-4,-5,6,-5,20,-7,17,-9,1,-12,8,-2,2,5,23,-5,-11,-6,10,-1,4,7,7,5,4,-10,12,0,14,-3,14,9,2,-7,6,-12,25,-3,10,-8,-22,-7,12,4,21,11,20,8,-2,-6,21,-6,11,2,16,7,-2,-6,13,-2,12,3,13
8.1000,-2,-7,-6,9,2,12,-5,18,-6,-2,-7,10,-3,3,2,22,-8,-10,-7,11,1,6,1,10,-1,4,-3,8,5,12,-4,15,13,2,-9,7,-8,24,-3,5,-8,-24,-11,10,10,17,12,19,7,-2,-5,20,1,18,4,14,3,2,-10,10,-3,11,-1,15
8.1200,-2,-7,-3,10,4,14,-11,7,-5,-1,-6,14,-3,-1,3,21,-4,-8,-10,10,0,8,3,9,3,10,-7,10,9,14,-6,19,18,5,-12,12,-6,24,-2,3,-8,-29,-6,14,13,18,18,21,6,-5,-7,23,-4,18,0,15,4,-3,-9,9,0,14,6,17
8.1400,-1,-11,-10,4,7,11,-9,14,-10,-3,-6,9,-1,-1,-3,25,-3,-8,-3,9,-2,7,-5,15,4,13,-3,11,15,13,-14,19,21,6,-6,12,0,24,-1,0,-5,-29,-7,9,9,16,18,19,12,-1,-6,21,1,12,3,15,8,-3,-10,11,1,13,2,16
8.1600,-2,-14,-9,7,8,13,-15,14,-2,-5,-8,14,-6,-3,7,20,-4,-6,-6,8,-4,8,0,22,7,12,-3,6,17,12,-13,20,29,2,-3,13,-7,23,-2,6,-2,-39,-9,11,8,11,19,20,6,-3,-8,16,1,16,2,19,4,-1,-6,11,-3,16,4,16
8.1800,-4,-18,-8,10,9,16,-20,7,-4,-6,-7,7,-1,-4,9,21,-3,-7,-4,12,-9,9,-7,19,4,10,1,16,18,21,-20,21,30,0,-3,10,-5,17,-2,2,0,-35,-7,11,15,10,20,18,1,0,1,21,-1,13,5,15,4,-3,-6,11,-2,14,-4,15
8.2000,-3,-18,-8,9,14,15,-18,6,1,-10,-5,9,-1,-10,10,19,-5,-5,-7,6,-11,8,-5,24,4,13,-5,10,17,21,-19,25,40,1,-5,12,-6,15,1,7,-1,-41,-7,8,16,10,22,18,5,-6,-8,18,-5,12,3,16,2,-4,-7,10,-1,15,-1,18
8.2200,-3,-19,-3,13,22,18,-19,4,2,-8,-6,10,-5,-8,10,16,-7,-7,-6,11,-14,10,-14,27,8,13,-7,7,18,23,-21,27,39,1,-3,11,-8,15,-2,3,0,-42,-7,11,19,8,24,14,2,-6,0,20,1,13,1,18,7,-4,-6,10,0,12,-2,14
8.2400,2,-23,-7,12,23,13,-23,7,7,-9,-5,10,-1,-11,11,21,-10,-2,-7,10,-16,15,-10,33,8,18,-4,8,21,28,-28,28,35,-5,-7,11,-6,13,-6,4,0,-43,-2,13,20,12,27,20,3,-3,-4,19,-2,15,5,15,7,0,-7,10,-6,12,2,17
8.2600,6,-29,-4,12,25,12,-20,-7,10,-4,-4,11,-7,-13,14,19,-8,-12,-7,10,-16,10,-11,32,5,21,-6,10,13,25,-23,24,39,-8,-5,14,-12,13,1,1,6,-43,-5,15,23,9,21,17,5,-5,-9,18,2,10,3,14,5,1,-4,10,1,15,5,16
8.2800,-3,-28,-8,7,24,11,-25,-5,11,-9,-10,11,-3,-14,13,20,-5,-8,-3,7,-24,11,-12,37,8,15,-7,10,10,28,-25,28,40,-6,-7,13,-14,9,-1,2,7,-42,-3,11,22,11,23,18,6,-6,-4,17,-1,11,3,19,6,-3,-4,12,-3,13,4,17
8.3000,-3,-27,-6,7,26,14,-19,-7,11,-5,-6,10,0,-12,16,21,-7,-6,-7,13,-29,14,-12,43,10,15,-4,11,13,25,-26,33,41,-8,-5,6,-7,7,-7,5,11,-40,-6,12,17,14,30,21,8,-9,-5,19,1,17,4,15,8,0,-5,15,-1,18,4,15
8.3200,-1,-25,-6,12,25,12,-13,-10,16,-5,-9,7,-8,-11,14,16,-7,-9,-3,13,-29,16,-16,49,9,23,0,9,13,24,-24,35,42,-9,-2,10,-7,2,-2,7,12,-45,-6,12,25,17,24,17,7,-8,-4,19,-2,13,3,16,6,-5,-8,12,0,12,-2,13
8.3400,-2,-25,-3,9,24,16,-9,-14,17,-1,-8,8,-3,-4,15,17,-4,-7,-4,11,-33,14,-19,52,5,21,-6,10,12,24,-28,31,40,-10,-4,8,-8,4,0,7,10,-39,-8,14,24,17,29,16,4,-4,-3,16,0,13,0,16,-2,-2,-6,12,-3,13,6,16
8.3600,-4,-24,-6,7,28,18,-11,-10,17,3,-1,10,-1,-4,13,18,-4,-7,-5,7,-31,11,-19,52,10,19,-1,13,9,28,-22,39,35,-15,-5,11,-11,3,4,5,14,-48,-11,12,16,19,25,18,4,0,0,15,4,13,0,16,2,-2,-3,8,-4,17,0,13
8.3800,0,-24,-6,6,31,12,-11,-17,16,-3,-4,11,-3,-5,11,16,-7,-9,-7,12,-29,12,-20,56,8,22,-8,13,7,29,-24,40,40,-15,-8,15,-7,-4,0,5,12,-38,-4,16,16,22,27,23,5,-8,-1,20,-2,13,0,19,1,-5,-6,9,-1,14,-1,19
8.4000,-4,-22,-2,10,28,10,-8,-13,24,4,2,9,0,-1,13,15,-5,-9,-3,14,-33,9,-25,56,4,18,-5,11,6,23,-27,39,37,-16,-5,10,-6,-5,-1,5,12,-41,0,15,14,22,31,21,4,1,0,17,-1,13,2,16,7,-2,-7,11,-3,17,-1,17
8.4200,2,-15,-4,8,30,14,-3,-12,26,10,0,11,-2,1,11,17,-7,-8,1,12,-32,14,-25,60,11,22,-3,8,9,25,-22,39,35,-14,-4,5,-7,-7,4,12,15,-37,-5,16,8,21,27,30,5,-3,-2,22,-4,8,3,12,2,-4,-2,7,0,14,-3,17
8.4400,1,-10,-7,11,30,19,-7,-12,26,8,0,11,0,2,8,16,-7,-11,-3,10,-26,9,-29,57,6,22,-3,9,6,18,-24,44,29,-10,-2,10,-4,-8,0,6,14,-35,-2,9,4,27,27,25,2,-7,-2,20,-2,10,-2,18,7,-3,-1,11,-3,16,0,19
8.4600,6,-10,-2,6,32,16,-14,-10,31,13,-4,8,-1,2,3,19,-3,-13,-3,9,-23,8,-30,59,5,19,1,13,6,12,-21,41,33,-10,-3,10,-1,-12,1,10,12,-33,-6,12,1,33,23,27,5,-6,3,20,2,12,2,17,5,-6,2,12,-1,12,-1,11
8.4800,7,-8,2,9,35,13,-10,-11,24,11,2,13,1,-4,1,18,4,-13,2,11,-25,13,-25,54,3,13,2,8,15,14,-19,38,36,-14,2,10,0,-6,2,12,16,-32,-5,13,1,32,22,27,2,-8,2,23,-3,16,-3,16,1,-10,-6,7,-1,12,4,14
8.5000,10,-9,0,9,29,15,-8,-6,24,16,1,9,-1,-6,1,15,5,-9,1,10,-18,12,-25,55,7,18,7,6,4,12,-20,46,30,-13,4,12,4,-12,2,8,16,-32,3,12,-3,30,18,33,3,-4,7,24,-5,9,3,18,4,-2,3,12,0,16,-4,16
8.5200,11,2,0,9,25,13,-5,-3,29,13,2,9,2,-10,-2,16,5,-14,1,10,-17,11,-25,53,5,9,6,15,8,9,-18,38,34,-14,1,11,2,-7,2,12,17,-37,1,8,-6,31,21,32,-1,0,7,27,0,14,3,14,7,-1,-1,12,0,16,1,15
8.5400,4,0,3,9,24,8,-6,3,29,11,2,10,2,-4,-6,15,-3,-20,1,11,-18,12,-20,49,7,6,2,7,9,10,-16,42,30,-14,2,13,5,-8,1,12,15,-30,3,6,-10,31,11,35,6,-5,4,22,-4,13,0,15,2,-2,1,10,-2,12,2,15
8.5600,10,1,4,12,21,12,-3,2,23,12,1,12,-1,-7,-5,14,3,-16,1,12,-11,12,-17,50,6,2,5,14,6,9,-17,32,30,-11,4,8,6,-5,2,13,9,-35,3,9,-15,32,4,32,7,-2,2,25,3,10,2,16,8,-3,6,10,-1,14,2,21
8.5800,11,7,5,14,17,9,-12,7,26,16,7,9,6,-6,-7,18,4,-18,1,11,-6,12,-13,44,4,0,3,12,5,8,-10,30,35,-13,2,10,6,-8,4,20,12,-31,3,8,-12,31,4,37,4,-2,5,24,1,16,1,15,3,-4,-1,9,-1,15,2,17
8.6000,15,11,0,10,13,10,-8,9,25,15,6,13,7,-9,-3,16,11,-15,-2,10,-3,14,-6,43,7,-2,-2,11,1,6,-7,27,31,-12,0,6,7,-4,0,18,14,-29,-5,11,-16,32,5,33,3,-4,0,23,-2,19,1,19,6,1,-2,13,-2,14,0,16
8.6200,19,9,-2,12,13,12,-7,15,16,11,4,9,2,-8,-8,17,6,-23,4,14,-3,14,-7,42,5,-6,0,12,2,8,-5,21,27,-2,-2,8,3,-2,0,18,12,-31,0,7,-13,31,-6,29,4,-2,0,24,0,13,1,20,5,-6,0,13,-3,12,1,9
8.6400,8,12,5,13,10,10,2,19,13,14,-2,11,6,-7,-2,15,4,-16,-7,10,-1,16,-4,41,4,-6,-1,15,2,12,-2,10,30,-8,5,8,14,0,2,17,12,-27,-1,6,-19,30,-5,29,7,2,-1,29,4,15,2,16,4,-5,1,11,1,13,5,15
8.6600,13,9,-1,12,7,9,-2,20,14,16,-7,9,2,-6,5,17,9,-16,1,7,2,10,5,34,0,-12,-2,15,4,15,1,11,25,-9,-1,12,9,-2,5,20,7,-29,-7,11,-17,30,-6,29,7,0,-4,27,0,14,2,17,5,-1,-2,15,0,10,3,17
8.6800,14,16,1,16,2,8,-1,22,14,10,-6,9,0,-6,4,16,8,-16,0,11,7,16,8,31,2,-15,-2,17,1,15,2,4,22,-10,1,14,5,8,7,21,7,-30,-2,9,-18,25,-7,27,4,-7,-6,24,-4,14,-2,17,6,-5,0,16,-2,13,1,15
8.7000,15,21,0,11,2,10,-5,23,7,12,-5,12,1,-6,2,17,9,-17,0,13,11,18,14,33,-5,-12,-4,13,-4,17,1,-2,20,-7,-1,11,7,9,8,22,6,-33,-7,8,-15,20,-13,28,2,-3,-7,27,-5,14,-5,11,8,-2,-4,11,-9,11,5,11
8.7200,11,17,-4,13,1,12,0,28,8,7,-4,14,-2,-3,7,20,14,-12,-6,13,11,13,19,35,-2,-13,-6,12,5,18,4,-5,26,-3,1,14,9,10,6,22,4,-26,-9,18,-16,22,-11,27,9,-2,-6,24,-2,16,2,15,3,1,-4,14,-1,10,2,13
8.7400,10,11,-6,10,7,11,-7,26,1,6,-8,8,-1,-4,7,21,6,-11,-4,9,11,17,22,30,-4,-17,-2,12,10,22,6,-5,23,-1,-3,9,7,15,7,16,0,-28,-4,13,-18,25,-11,24,8,-5,-2,26,-3,14,-3,17,1,-3,-6,12,-2,13,5,18
8.7600,11,12,-6,16,12,13,-7,24,-4,5,-4,14,-2,-5,8,18,4,-8,-6,13,15,14,29,30,-2,-17,-8,15,10,22,6,-7,19,0,-2,12,2,20,7,15,3,-23,-3,7,-20,21,-8,16,4,-2,-9,26,3,12,-1,16,5,-4,-9,10,0,10,1,12
8.7800,6,16,-5,11,12,18,-10,32,-5,2,-4,14,-2,-6,5,19,6,-6,-7,16,14,12,32,30,-7,-13,-6,9,9,20,4,-9,25,0,-2,11,8,21,15,17,-3,-23,-4,9,-17,16,-5,19,4,3,-9,25,0,10,-1,12,7,-4,-6,9,-6,18,-1,14
8.8000,7,11,-3,13,17,23,-14,30,-8,-2,-7,11,-4,-6,12,17,0,-4,-5,8,15,14,29,26,-9,-7,-5,8,17,27,-1,-17,24,-1,-1,13,0,24,8,17,3,-25,-1,16,-16,14,-11,21,5,-2,-5,25,0,12,-2,10,6,-2,-7,12,0,13,0,18
8.8200,4,14,-5,10,22,20,-23,31,-8,-3,-2,10,-11,0,13,17,3,-4,0,13,15,11,34,31,-6,-4,-3,10,19,26,-4,-16,22,4,-7,14,4,26,7,12,2,-23,-1,8,-16,16,-7,21,5,-2,0,23,-5,10,-3,21,5,-1,-4,8,-5,13,3,14
8.8400,4,12,-3,10,23,20,-21,36,-9,0,-4,14,-14,-1,11,15,1,-3,0,16,11,14,32,33,-5,-4,-7,13,20,27,1,-15,24,4,-5,11,6,32,11,9,3,-27,0,8,-13,17,-4,17,6,-2,-5,26,-2,11,4,17,6,-2,1,13,-2,14,-3,18
8.8600,5,12,-1,14,29,18,-20,31,-10,-4,-3,7,-7,-1,10,21,1,-2,-2,15,14,13,29,30,0,-6,-4,14,21,25,0,-14,27,0,-2,16,8,32,1,11,-1,-23,-3,16,-12,7,1,14,5,0,-3,30,1,16,0,17,5,-3,0,13,-3,12,-5,14
8.8800,5,13,-5,11,30,20,-20,31,-17,-5,0,14,-3,-1,11,16,0,-5,-2,14,18,11,26,29,0,1,-2,10,24,25,-2,-11,23,1,0,12,2,37,4,8,3,-19,-2,10,-9,6,-5,17,7,-3,-2,25,-1,14,2,17,10,-3,-2,13,-2,16,-3,15
8.9000,5,8,-2,11,36,18,-27,34,-17,-6,-2,15,-6,-1,10,15,-1,-3,-2,13,16,15,33,30,5,-1,2,14,20,21,-7,-10,25,1,1,11,-3,34,3,7,6,-20,-5,15,-13,10,0,16,2,-3,1,19,-1,15,-4,16,4,-5,-3,12,-3,13,5,13
8.9200,3,10,0,8,33,14,-20,27,-15,-9,-2,15,-4,-3,14,18,-7,-6,-2,16,12,10,27,29,-2,-4,0,9,17,21,-7,-8,30,0,1,10,1,31,-2,11,5,-16,-1,12,-12,5,-2,21,1,-2,0,18,0,13,1,15,5,2,-2,8,4,13,3,16
8.9400,7,7,-5,9,35,16,-14,32,-20,-12,-2,12,-5,-4,8,14,-4,-7,-1,12,14,14,27,27,3,-6,0,9,14,28,-4,-4,24,-3,2,14,0,39,-3,8,6,-16,-2,9,-8,4,1,20,3,0,1,22,1,13,0,15,3,-2,-1,13,-2,15,4,14
8.9600,9,6,-6,11,33,10,-15,33,-21,-14,-3,13,-2,0,12,13,-4,-6,-2,13,15,16,25,27,9,-2,-3,14,14,23,-5,2,30,-9,-2,13,-4,39,-2,4,3,-21,-5,14,-4,6,0,20,7,-2,0,27,0,17,3,14,4,5,-3,9,0,15,3,19
8.9800,6,6,-5,12,32,10,-12,29,-18,-14,-6,14,-4,-1,7,10,-3,-8,-4,16,10,16,17,26,5,0,-4,8,6,20,-8,3,28,-5,-3,13,-4,40,1,6,9,-17,-5,11,-3,-3,7,21,6,-1,-4,19,-2,11,3,13,5,-4,1,12,2,13,2,20
9.0000,6,7,-3,11,28,9,-3,28,-21,-14,-7,12,-3,4,12,8,-2,-9,-6,11,11,20,14,25,12,-4,-5,7,3,25,-8,5,20,-5,-3,11,2,42,-2,6,10,-19,-3,12,-7,-2,3,22,4,0,-4,17,-1,13,5,17,7,-4,-2,8,-1,18,1,12
9.0200,4,5,-3,13,23,13,-4,27,-18,-16,-6,11,0,8,9,8,-1,-10,-2,13,17,21,16,20,6,-1,-1,12,2,20,-10,5,19,-2,-11,8,-2,40,-3,8,6,-19,-3,11,-4,2,3,25,1,-2,-8,23,-1,11,4,13,7,-5,-2,11,2,14,0,21
9.0400,5,0,-5,8,22,15,2,29,-15,-19,-9,13,5,11,7,7,-4,-9,-6,14,13,27,6,21,8,0,-5,10,-6,25,-11,13,21,-8,-8,14,5,41,-5,12,5,-18,-3,12,-5,-1,6,26,5,-2,-4,18,0,12,1,18,6,-3,-4,7,3,11,-2,12
9.0600,10,3,-6,10,16,11,8,29,-14,-19,-8,13,1,10,9,4,3,-11,-7,10,9,22,6,21,7,1,-4,13,-13,22,-16,17,15,-6,-6,12,4,35,-3,10,6,-22,-9,15,-3,-3,4,23,3,-2,-8,17,2,11,0,14,-2,-1,-5,10,-1,16,2,17
9.0800,4,1,-5,11,13,12,10,26,-13,-17,-7,15,8,10,10,2,2,-12,-5,14,13,29,4,16,7,2,-10,13,-15,14,-23,21,10,-8,-7,12,8,34,-7,12,8,-17,-8,13,-1,-5,5,28,5,-5,-6,18,0,12,-4,17,5,-1,-6,10,3,15,5,14
9.1000,9,2,-10,15,13,9,12,29,-13,-18,-7,12,6,11,4,0,2,-9,-14,12,11,28,-4,20,1,0,-7,13,-13,16,-19,22,12,-3,-10,14,3,32,-2,12,10,-16,-10,12,-4,-7,8,23,4,-2,-12,19,-3,13,2,20,9,-7,-4,9,2,14,0,16
9.1200,7,2,-9,8,11,10,15,26,-10,-20,-8,13,9,13,-2,0,6,-15,-9,12,8,27,0,17,4,-1,-8,11,-17,15,-22,26,11,-5,-6,10,4,31,3,15,4,-15,-5,9,-8,-4,4,25,3,0,-3,14,3,9,5,12,7,-2,-9,9,-3,8,-2,13
9.1400,5,3,-4,11,8,10,21,25,-7,-22,-10,17,5,11,3,0,7,-6,-9,8,5,27,-1,20,4,5,-6,10,-15,11,-22,21,7,-5,-2,12,2,29,1,13,7,-13,-10,7,-3,-3,10,28,3,-3,-6,18,2,12,-6,12,4,-4,-7,11,3,14,3,14
9.1600,8,3,-7,7,8,7,16,24,-5,-20,-12,18,2,10,-2,-2,4,-15,-8,6,4,27,-8,18,1,1,-9,11,-16,10,-18,23,8,-2,-8,6,3,26,4,16,2,-16,-8,13,-2,1,8,28,6,-2,-5,17,2,7,4,15,10,2,-6,13,-4,12,7,15
9.1800,5,5,-6,9,7,11,18,17,-1,-19,-7,18,2,9,-4,-1,8,-15,-3,7,0,28,-5,22,1,3,-7,8,-15,11,-22,25,9,-2,-8,8,3,22,4,12,5,-11,-7,14,-3,-2,12,24,5,-5,-6,13,-3,13,3,19,5,-2,-6,9,-1,16,2,21
9.2000,5,2,-10,7,6,16,16,14,3,-16,-7,13,2,7,-1,-1,4,-8,-7,12,-3,25,-5,18,-1,8,-12,14,-16,10,-29,22,8,-3,-8,12,-2,14,-1,14,7,-6,-5,12,-5,-1,10,25,1,-4,-3,10,-1,7,4,19,6,-4,-7,11,0,14,-2,18
9.2200,6,6,-3,13,8,13,13,7,1,-17,-3,12,-1,4,-5,2,2,-14,-1,11,-5,25,-8,22,-1,6,-7,9,-13,6,-26,25,7,-3,-8,16,-1,17,7,20,3,-6,-8,12,-2,0,11,27,4,-3,-5,8,-2,11,-1,17,4,-1,-4,10,2,15,3,17
9.2400,-2,3,-3,14,10,20,9,9,5,-21,-7,11,-1,2,-4,3,6,-14,-4,11,-8,29,-10,24,-4,8,-3,10,-10,12,-23,27,9,-4,-8,12,-5,14,5,12,7,-4,-10,11,-1,0,11,27,3,2,-3,12,-2,6,3,16,2,-2,-6,14,2,12,2,14
9.2600,2,3,-5,9,11,12,8,0,13,-14,-7,15,-5,-1,-5,3,6,-12,-5,9,-15,20,-8,24,-2,6,-7,12,-8,7,-25,29,14,-7,-9,10,-5,15,5,14,2,-10,-7,13,-5,3,4,22,3,-2,1,13,-3,11,3,12,4,-4,-3,10,-6,12,2,14
9.2800,0,2,-6,12,13,13,7,-2,11,-17,-5,13,-3,-1,-1,4,2,-3,-7,9,-18,22,-8,21,-2,1,-7,13,-3,8,-26,28,14,-10,-4,10,-6,7,6,11,7,-5,-6,13,-7,4,8,20,3,0,0,16,-1,11,2,16,5,-5,-4,12,-1,9,7,17
9.3000,-1,2,-3,9,17,18,4,-2,9,-13,-6,13,-5,-5,-3,12,0,-8,-1,12,-19,19,-10,25,2,-2,-2,11,-1,8,-19,24,14,-4,-3,13,-10,6,6,12,12,-8,-4,11,-1,8,10,20,5,0,-3,11,1,11,0,19,8,-7,-5,11,-1,18,1,16
9.3200,3,-7,-5,13,10,18,7,-6,8,-11,-2,3,-9,-7,0,10,-2,-6,-10,12,-25,19,-10,32,-4,1,-2,10,2,15,-23,27,14,-8,-2,15,-5,6,4,11,10,-8,-6,9,2,4,5,20,3,-5,-1,14,0,12,1,15,5,-6,-4,13,-1,14,1,17
9.3400,-4,-6,-2,12,10,22,0,-16,12,-9,0,6,-3,-10,2,16,-2,-7,-3,16,-28,16,-9,29,1,-1,-4,18,1,12,-22,26,16,-10,-4,15,-9,7,1,11,17,-12,-5,14,5,9,2,16,8,-8,-3,16,0,16,0,18,7,-3,-7,8,-1,14,0,11
9.3600,-2,-6,-4,12,11,21,-5,-13,11,-3,-5,5,-4,-5,7,14,-2,-5,-3,15,-32,11,-13,32,4,1,-1,14,0,16,-20,26,20,-13,-1,11,-10,5,4,9,13,-12,-4,10,5,10,12,17,5,-6,-3,17,3,16,-2,16,6,-5,-1,13,-5,15,-2,18
9.3800,-2,-8,-2,11,16,18,-6,-17,9,-6,-1,11,-5,-4,5,17,-5,-3,-1,10,-31,12,-9,34,0,-5,-5,13,8,20,-15,19,20,-11,-4,11,-10,4,0,5,19,-15,-2,12,10,14,7,14,11,-3,-7,15,-4,19,-1,16,2,-4,-4,11,0,16,7,11
9.4000,-2,-10,-1,17,13,17,-2,-21,12,0,-5,2,-3,-6,6,22,-8,-1,-4,15,-35,9,-10,33,4,-7,-3,13,10,19,-19,26,18,-14,0,9,-7,5,2,2,15,-12,-4,12,9,16,1,17,2,-8,-4,14,0,20,0,15,4,-4,-3,14,3,14,5,12
9.4200,-4,-14,-4,10,16,12,-9,-18,7,-3,-5,3,1,-5,8,20,-5,-3,1,9,-37,12,-11,34,1,-2,-3,14,8,21,-14,28,16,-17,-1,11,-6,5,3,6,16,-11,-11,11,10,16,1,16,10,-5,-4,19,-1,22,-2,18,7,-5,-4,13,-1,15,4,14
9.4400,-1,-15,-4,16,7,16,-8,-18,13,0,-4,1,-3,2,10,26,-5,-1,-4,14,-35,8,-6,35,3,-4,-4,10,11,23,-12,27,18,-18,-2,13,-10,6,0,5,19,-12,-3,15,16,19,0,14,6,-2,-11,20,3,25,-2,19,3,-4,-7,13,0,17,-1,15
9.4600,-2,-17,-2,13,12,13,-12,-17,9,2,-1,-1,0,4,10,20,-5,-6,-2,8,-31,10,-8,30,2,-5,-5,10,11,20,-15,24,16,-20,1,12,-9,7,2,6,16,-11,-7,9,14,19,2,16,4,-2,-8,19,-3,27,1,16,5,-2,-4,13,-1,12,3,13
9.4800,-4,-21,-1,17,11,13,-4,-11,16,6,-4,0,1,10,9,24,-1,-5,4,12,-34,9,-10,24,6,3,-7,17,9,26,-11,23,15,-17,-2,10,-5,7,1,3,19,-12,-3,14,11,24,4,18,4,-3,-9,16,-3,30,0,13,7,-7,-2,11,1,13,4,14
9.5000,2,-16,3,20,8,12,-12,-13,13,3,-2,-1,6,10,10,23,-3,-4,0,12,-31,8,-11,27,-1,-5,-2,13,12,24,-10,25,14,-14,-4,14,-6,2,-1,7,19,-12,-4,16,12,26,2,20,5,-2,-2,19,2,28,3,16,4,-8,1,13,-1,15,1,15
9.5200,3,-17,4,15,12,11,-15,-7,16,7,-3,-2,1,10,10,23,-4,-7,-2,16,-26,7,-10,22,12,-1,-1,12,8,22,-11,33,14,-20,2,12,-3,10,-3,10,18,-9,-2,15,16,30,4,23,8,-2,1,24,3,27,1,14,4,-6,-6,10,-2,11,4,16
9.5400,3,-15,0,11,5,8,-16,-11,7,5,2,2,5,17,5,20,7,-9,1,14,-26,11,-11,17,7,0,2,12,20,27,-10,27,13,-13,-2,16,-5,7,-1,10,17,-11,-3,13,11,28,9,21,1,0,-3,22,1,29,0,14,11,-3,-4,10,0,15,2,13
9.5600,3,-15,-3,14,6,8,-13,0,11,12,1,5,7,17,8,21,2,-15,-3,13,-19,7,-10,17,10,5,0,11,21,19,-3,29,12,-13,3,11,-5,3,-3,11,14,-15,0,17,10,31,6,28,3,-6,-6,17,1,25,1,18,3,-8,-4,12,2,17,3,11
9.5800,4,-9,-8,14,6,2,-18,0,9,14,-2,1,10,18,6,15,5,-17,0,13,-13,11,-16,11,9,3,0,18,19,19,-3,31,7,-14,0,10,-4,8,0,14,12,-13,2,14,5,32,13,26,1,-1,-4,25,5,24,-1,14,3,-1,0,11,-2,15,2,16
9.6000,3,-10,0,12,2,3,-15,5,9,14,-3,6,11,20,7,20,6,-12,-5,11,-9,6,-14,9,5,7,-5,7,16,19,1,32,6,-13,-1,9,1,12,-4,15,13,-8,2,14,4,32,10,30,5,-4,-3,23,2,27,1,18,4,-4,-3,8,-1,12,1,14
9.6200,1,-8,-1,14,1,4,-15,5,7,17,-2,8,9,22,10,23,5,-20,-3,15,-12,10,-16,2,6,10,1,19,14,18,4,30,7,-14,2,11,-2,13,4,16,9,-11,1,12,7,28,14,28,0,-2,-5,26,3,21,1,14,7,-4,-3,11,-3,17,0,15
9.6400,6,-3,2,15,4,1,-22,9,6,15,-1,6,8,26,8,16,6,-24,-3,12,-3,10,-11,2,8,7,2,13,19,15,6,24,9,-11,0,12,-2,8,-2,17,14,-9,1,13,2,29,19,35,6,-3,2,21,-1,17,-2,18,7,-6,-1,11,0,13,1,14
9.6600,1,-3,0,16,4,4,-16,10,4,15,-1,13,12,17,6,20,7,-17,2,12,-3,9,-12,5,7,6,-4,16,20,15,10,29,6,-9,-3,11,0,17,2,19,10,-10,-1,13,3,33,17,33,5,-5,-1,21,4,12,-1,16,2,-3,0,14,-1,11,7,18
9.6800,8,-5,-6,15,2,10,-20,15,2,14,-4,13,8,22,2,23,13,-19,-5,16,1,7,-12,1,4,7,-8,13,22,14,16,33,7,-7,-2,11,5,11,1,20,11,-10,0,12,3,30,14,37,-1,-6,0,19,4,12,-1,18,7,-6,3,10,-1,12,0,18
9.7000,6,-4,-2,12,-2,5,-17,20,1,13,-3,16,9,24,-1,26,10,-20,-5,10,0,12,-10,4,1,12,-5,10,18,13,10,29,7,-9,-3,9,0,17,3,22,6,-10,0,14,-6,30,14,33,3,-2,-4,21,2,8,5,17,4,-3,0,11,2,15,1,14
9.7200,10,0,-4,14,-3,-3,-16,20,3,10,-4,17,13,22,2,20,7,-23,-1,11,-2,3,-11,3,2,4,-6,16,19,11,13,28,8,-9,-3,12,2,12,6,21,12,-12,-2,13,-3,30,17,32,3,-4,0,12,0,6,-3,15,8,-2,-7,13,-3,9,1,16
9.7400,4,4,-5,17,-7,1,-21,25,1,10,-9,23,11,23,-1,26,11,-21,-4,13,3,3,-11,3,-1,6,-7,10,17,10,13,21,6,-3,-4,13,0,15,9,20,7,-10,-6,9,-5,25,16,34,5,-6,-5,15,2,-2,-2,20,1,-4,-4,12,2,13,-1,15
9.7600,8,4,-6,19,-7,5,-18,22,3,13,-4,32,11,18,-3,28,11,-20,-8,12,5,2,-11,6,-3,9,-6,14,20,11,19,26,11,-8,-9,15,4,12,8,23,4,-5,-7,14,-9,31,17,33,2,-5,-3,12,1,-3,-2,19,3,-5,-5,6,-1,13,0,21
9.7800,3,7,-8,12,-5,6,-23,25,3,7,-10,27,5,18,-1,23,7,-17,-5,14,8,1,-10,6,-2,8,-13,17,22,12,18,22,10,-3,-1,10,-4,14,10,16,11,-6,-4,14,-12,24,17,33,5,-2,-4,16,-1,-1,0,14,5,-4,-4,13,2,16,5,17
9.8000,6,6,-6,16,-6,6,-18,22,1,9,-9,31,9,21,1,27,9,-15,-9,12,6,4,-4,11,-1,9,-4,11,18,12,20,19,12,0,-3,11,2,14,8,16,5,-11,-9,14,-10,24,14,31,3,-2,-2,14,0,-5,-3,14,8,0,-6,9,0,13,4,12
9.8200,6,8,-6,17,-8,6,-26,29,3,1,-10,34,12,16,-2,32,4,-22,-12,13,8,1,-4,15,-5,8,-6,15,13,10,17,18,11,-1,-7,11,-1,19,9,20,0,-10,-7,17,-8,19,10,31,1,-6,-10,16,2,-5,-2,15,6,-7,-4,17,-4,9,-1,14
9.8400,11,3,-8,12,-11,6,-21,26,1,8,-9,27,7,16,-4,29,7,-13,-6,7,5,-2,-8,19,-4,9,-8,13,15,16,20,23,14,-4,-7,14,4,10,7,16,6,-7,-10,12,-13,17,9,32,5,3,-5,18,2,-3,2,13,5,-2,-10,14,3,9,4,10
9.8600,12,7,-6,16,-11,2,-22,24,2,4,-10,28,5,10,4,30,9,-17,-11,14,7,-2,-2,21,-2,4,-10,15,21,10,18,17,15,-5,-6,13,3,11,4,17,5,-9,-6,13,-13,14,10,34,3,-6,-6,15,-1,-2,-4,17,5,-4,-9,10,-3,11,-2,16
9.8800,8,9,-11,13,-9,1,-19,23,0,-3,-10,28,10,14,2,22,5,-13,-5,17,15,4,-4,26,-4,8,-5,17,22,13,20,22,11,-5,-7,16,1,15,9,17,5,-6,-6,16,-10,16,14,27,3,-7,-11,14,-1,-7,-1,14,1,-5,-3,16,2,17,1,13
9.9000,9,10,-5,15,-9,1,-24,26,7,-3,-6,30,12,14,1,23,8,-12,-8,12,10,2,-2,25,1,3,-10,11,17,15,19,23,11,-7,-7,12,-1,7,9,13,4,-8,-5,12,-17,13,7,23,13,-2,-9,15,-1,0,-4,15,3,-4,-11,12,-1,15,-2,19
9.9200,7,10,-6,11,-10,3,-20,24,4,-1,-5,27,9,6,5,23,7,-13,-7,15,12,4,-4,31,-1,3,-8,15,14,19,17,15,15,-7,-12,8,5,13,7,11,5,-4,-6,14,-14,11,7,26,2,-3,-10,13,-5,-1,-2,17,6,-4,-7,14,-1,13,-2,11
9.9400,8,10,-6,11,-2,3,-14,25,7,-7,-3,26,13,6,9,21,3,-5,-6,16,12,3,-5,32,-2,-1,-6,13,14,22,7,19,13,-1,-8,12,0,13,7,13,8,-6,-8,15,-16,9,6,25,6,-1,-7,14,-10,0,-3,16,5,-3,-6,15,0,10,1,20
9.9600,9,13,0,10,-5,0,-22,22,6,-2,-8,29,10,7,8,21,5,-5,-7,15,9,10,-3,30,1,0,-1,15,18,23,12,17,11,-3,-5,9,3,13,2,9,10,-7,-7,17,-14,12,4,23,5,-5,-9,15,-3,6,-1,15,7,-2,-11,15,2,13,1,17
9.9800,5,13,-7,8,-3,2,-20,27,8,-6,0,16,13,2,7,19,6,-9,-4,10,8,9,-4,33,5,-1,-6,13,14,22,8,15,14,-5,-4,14,0,11,4,15,10,-12,-10,15,-13,7,0,21,6,-3,-9,16,-2,8,-4,13,1,-5,-3,12,1,12,-2,13
10.0000,2,9,-5,6,7,0,-11,23,2,-6,-3,16,15,7,14,11,2,-6,-10,13,9,14,-2,30,2,-3,-1,18,15,22,3,14,19,-7,-6,6,2,14,1,11,13,-14,-5,11,-14,7,2,15,4,-4,-4,19,-8,14,4,19,9,-2,-4,15,1,14,-3,11
10.0200,9,9,-5,5,5,8,-10,25,8,-8,-4,11,15,1,10,14,4,-4,-2,8,7,20,1,32,2,-8,-4,15,15,28,-1,17,16,-10,-5,13,0,11,3,15,9,-8,-10,10,-13,9,-3,19,6,-4,-5,13,-9,13,0,17,6,2,-4,12,1,14,0,16
10.0400,4,6,-4,3,3,3,-7,24,6,-11,-1,11,7,4,9,8,2,-3,-6,11,6,20,0,32,0,-9,-9,13,8,27,-1,16,17,-8,-8,13,1,17,3,13,13,-16,-6,7,-13,3,-4,21,3,-4,-4,16,-7,14,0,15,4,0,2,13,2,16,4,11
10.0600,11,7,-4,3,8,3,-7,20,0,-9,1,6,15,5,9,5,1,-3,-5,9,4,24,-2,30,2,-11,-4,15,7,23,-1,19,17,-9,-3,13,-2,14,3,12,11,-15,-4,14,-11,11,-8,12,2,-3,-3,17,-11,18,-2,16,8,-2,1,12,-8,15,1,15
10.0800,4,7,-5,3,11,2,-5,26,2,-16,5,5,8,3,14,1,2,-4,-6,13,7,28,-3,34,0,-12,-5,13,5,20,-10,20,19,-10,-3,9,-2,15,3,18,11,-16,-2,15,-7,11,-6,18,1,-2,-7,16,-10,26,3,14,9,-5,-1,13,0,15,-1,16
10.1000,0,6,-4,3,14,7,-1,22,3,-13,-2,-1,9,1,10,0,6,-2,-4,15,6,29,-1,34,3,-12,-3,10,3,24,-9,16,17,-14,0,10,1,18,2,18,14,-13,1,11,-14,8,-10,18,8,-6,-3,20,-12,27,-1,13,9,-6,-4,14,-2,18,0,15
10.1200,-2,6,0,2,16,9,2,21,8,-5,0,-8,13,0,7,-3,10,-4,0,12,2,30,0,26,0,-13,-2,11,4,30,-11,13,17,-11,0,8,-3,18,5,15,16,-18,4,11,-12,10,-7,15,8,-4,0,17,-9,29,-1,17,6,-6,-6,12,0,16,1,18
10.1400,4,3,-2,6,21,10,3,23,3,-11,-4,-1,9,-1,14,-2,10,-5,-1,8,3,31,-2,25,-1,-10,1,16,-1,25,-17,13,22,-13,1,11,-2,20,2,18,14,-16,1,17,-8,11,-9,25,3,-6,-4,17,-10,27,0,14,0,-5,0,12,-1,18,-2,20
10.1600,4,3,0,5,17,6,2,18,0,-8,4,-6,11,0,8,-3,7,-4,3,9,2,32,-1,28,-4,-10,2,12,-5,23,-13,19,22,-10,-5,12,-6,18,4,15,15,-22,-3,12,-10,8,-11,18,4,-2,-3,19,-6,30,-3,18,2,-1,0,7,-4,15,3,13
10.1800,3,4,-2,5,21,4,4,18,-2,-12,0,-4,7,1,9,-4,6,-8,-2,9,6,34,-2,28,-4,-13,-2,12,-3,24,-19,22,21,-9,0,15,-4,18,2,18,13,-17,3,12,-9,12,-8,19,3,-4,-2,18,-4,32,2,17,6,-4,5,15,-3,15,3,17
10.2000,4,0,1,8,28,6,4,14,4,-9,-1,-4,10,3,7,-6,11,-8,3,17,2,38,-3,24,0,-13,-2,14,-6,21,-17,21,22,-11,5,10,-5,20,5,14,13,-16,2,16,-5,11,-4,19,3,-4,0,21,-6,39,-4,14,6,-7,2,8,1,14,-2,13
10.2200,3,4,4,8,30,5,11,19,2,-4,3,-3,4,3,7,-5,5,-5,3,18,0,36,-5,27,-1,-7,-3,8,-11,17,-24,25,23,-6,2,11,-5,23,6,18,13,-12,1,13,-10,12,-5,18,9,-7,-1,17,-1,34,-4,18,7,1,-2,15,-7,21,5,18
10.2400,4,-2,3,11,29,12,10,19,0,-12,1,-7,10,1,5,-5,2,-6,3,14,-1,34,-5,25,-2,-8,1,9,-10,21,-23,18,25,-10,-2,14,-1,19,7,16,13,-21,0,9,-3,14,-3,23,4,-2,5,17,4,38,-1,16,3,-4,5,16,0,16,-3,16
10.2600,0,6,-2,13,32,7,14,19,1,-5,1,-6,7,0,2,-4,6,-5,3,15,1,34,-2,26,-3,-11,3,11,-13,21,-15,21,29,-5,-2,8,-8,19,7,14,11,-16,5,13,-4,12,-2,17,2,-5,1,22,-1,31,3,14,8,-2,7,11,0,14,-2,21
10.2800,1,-3,0,16,34,10,16,15,0,-8,-1,-1,8,1,5,-4,8,-8,0,13,1,32,-5,29,0,-11,3,14,-10,21,-16,22,21,-5,0,8,-4,14,5,18,9,-13,0,17,-1,15,0,23,8,-3,-1,23,3,24,5,17,7,-4,5,10,1,13,0,18
10.3000,1,2,-1,21,28,6,23,18,-1,-3,4,-1,4,4,2,-1,4,-10,6,13,-2,30,-7,27,-1,-7,3,9,-14,21,-20,20,22,-8,0,15,-1,19,10,17,10,-13,1,10,-3,16,-1,21,3,-8,2,21,7,20,6,17,5,-5,2,17,2,15,2,14
10.3200,3,2,-1,16,29,10,17,15,2,-6,2,1,8,-2,3,0,9,-12,9,11,4,30,-4,30,-3,-5,1,8,-17,13,-22,22,25,-9,3,14,2,16,5,17,4,-11,2,13,4,14,3,17,9,-2,1,22,7,26,1,17,6,-3,7,11,2,15,5,17
10.3400,5,0,1,24,28,8,15,18,3,-8,6,4,6,7,5,-3,5,-10,-1,16,0,31,-8,30,0,-6,4,3,-9,10,-21,26,19,-7,-1,17,-2,16,5,17,8,-10,4,12,-3,16,2,18,3,-6,-1,24,10,19,7,23,6,-4,-3,13,0,14,5,14
10.3600,9,-1,1,19,28,6,22,14,4,-10,-6,7,2,0,-1,6,4,-10,2,14,2,23,-7,30,-3,-4,6,8,-18,12,-17,23,23,-9,7,11,-3,15,6,16,9,-7,2,13,-2,12,4,20,3,-4,-3,20,11,20,10,18,7,-4,-3,12,0,18,2,14
10.3800,-1,-2,-3,21,29,10,12,20,3,-9,0,13,1,4,-3,0,7,-4,0,13,4,26,-6,25,4,-2,-1,3,-16,11,-17,22,20,-8,-2,13,2,12,8,12,8,-6,1,19,-3,7,-1,20,3,-10,-3,23,13,13,12,16,6,-3,1,13,-1,12,-1,18
10.4000,-3,1,-1,26,23,10,20,15,8,-5,-2,16,2,2,-10,4,8,-5,-2,16,5,27,-4,35,4,-3,-1,4,-17,8,-15,21,17,-7,-3,14,1,6,2,13,9,-6,3,16,0,14,2,24,-4,-3,2,19,11,8,15,15,9,-3,-2,13,-1,14,0,15
10.4200,5,0,0,26,20,9,17,19,9,-6,-6,17,6,0,-7,5,8,-4,-1,13,3,21,-12,25,3,-2,5,-4,-16,7,-17,22,19,-2,0,10,-4,9,2,19,9,-6,-5,18,1,6,2,20,5,-2,2,18,13,9,11,21,8,-4,-2,11,-3,13,-1,13
10.4400,0,-2,-3,24,20,9,17,11,6,-6,-4,23,1,5,-9,8,9,-1,-5,11,2,20,-2,29,2,-1,1,4,-15,3,-21,22,13,-10,1,17,1,5,5,19,6,-1,-4,18,0,8,6,21,3,-7,-4,25,11,7,10,15,6,-2,0,17,0,13,0,12
10.4600,3,-8,-1,21,20,9,19,15,6,-5,-8,23,3,5,-12,7,6,-3,0,18,0,20,-7,30,4,-3,-4,4,-17,3,-18,23,11,-6,1,11,-3,7,1,20,11,-2,-2,13,2,4,8,22,4,-4,-3,21,13,8,14,16,6,-6,-2,9,-3,11,6,13
10.4800,3,-5,1,22,18,10,17,14,5,-9,-7,21,-7,9,-4,15,9,-8,-9,12,0,16,-5,26,6,-2,0,3,-16,2,-17,22,11,-9,0,11,-4,4,0,15,8,-1,-1,14,3,7,5,16,6,-3,-5,21,12,-1,11,18,8,-1,-3,15,-2,6,1,13
10.5000,0,-1,-1,19,18,12,14,17,8,-12,-12,27,-1,8,-9,10,14,-10,-4,13,2,17,-2,25,6,1,-2,3,-10,2,-15,25,9,-4,-6,15,-4,8,-2,17,9,-4,-6,13,3,3,3,15,7,-4,-5,18,2,0,11,18,0,-7,-2,12,1,9,0,12
10.5200,1,-5,1,21,14,11,16,15,6,-10,-6,24,-4,10,-10,15,9,-3,-2,12,-6,10,0,24,4,0,-8,3,-10,3,-17,22,7,-4,-2,14,-11,11,-1,16,5,2,-3,15,2,5,1,17,3,-4,-5,25,9,-3,11,20,7,-6,-1,11,1,17,2,17
10.5400,0,-3,-5,17,11,12,15,10,6,-11,-8,23,-9,15,-12,13,10,-2,-10,14,-3,11,-4,23,9,3,-5,11,-15,-5,-11,21,10,-6,-8,13,-11,12,-3,20,5,-3,-4,13,3,6,-2,18,3,-5,-10,21,3,-3,7,17,6,-5,-1,12,-4,9,-1,16
10.5600,0,-9,-5,15,6,13,11,9,7,-5,-10,29,-4,9,-15,20,12,-7,-9,16,-7,11,-4,23,2,-6,-7,9,-9,-3,-13,26,7,-9,-8,14,-10,9,-6,22,6,1,-6,11,0,2,4,22,5,-3,-6,22,0,0,3,18,6,-6,-7,10,-6,12,5,15
10.5800,-3,-7,-3,13,6,12,10,11,1,-3,-8,23,-6,5,-9,18,13,-5,-12,10,-7,7,-8,20,6,4,-9,12,-9,0,-7,27,7,-5,-4,13,-6,10,1,22,10,-7,-6,10,2,7,6,13,1,-6,-5,19,2,0,0,18,7,-3,-10,13,-1,10,3,13
10.6000,-3,-10,-2,11,3,12,7,7,3,-6,-10,21,-8,7,-14,20,8,-2,-5,12,-10,7,-11,21,8,-2,-6,19,-7,-6,-9,20,3,-5,-9,9,-8,17,3,20,8,-6,-2,10,1,12,4,22,3,-5,-10,21,0,1,1,16,4,-4,-7,11,0,7,-2,16
10.6200,-2,-7,-5,11,3,12,3,8,1,-1,-10,24,-7,6,-14,20,6,-6,-2,12,-12,8,-8,20,3,-2,-9,14,-7,1,-10,29,0,-7,-7,8,-10,13,-2,26,5,-6,-3,10,1,10,4,18,0,-7,-6,20,-3,1,-2,15,4,-3,-8,13,-4,11,-3,20
10.6400,0,-4,-7,11,1,14,1,9,1,-3,-12,22,-3,7,-15,21,10,-5,-10,12,-10,6,-12,18,4,-4,-9,21,-6,2,-8,27,2,-7,-6,9,-6,13,2,18,10,-5,-10,13,0,13,3,21,3,-1,-8,22,-10,1,-4,16,3,-2,-4,13,-4,15,-2,18
10.6600,2,-4,-4,11,-4,11,4,7,-1,4,-6,19,-6,5,-14,19,10,-6,-8,12,-10,7,-12,24,2,-7,-12,23,-5,-2,-4,26,4,-3,-6,11,-8,15,-7,22,5,-4,-7,10,-1,16,4,13,0,1,-9,21,-8,4,-8,20,2,-3,-9,11,1,11,2,16
10.6800,0,-4,-1,5,2,10,-4,5,3,1,-9,20,-10,5,-9,22,5,-1,-15,13,-11,8,-9,19,0,0,-5,23,-1,-5,-2,27,3,-4,-10,13,-2,18,-1,19,7,-7,-12,13,0,15,-2,20,8,-3,-9,26,-5,6,-7,20,1,-1,-11,15,-4,10,3,15
10.7000,1,-7,-4,3,2,16,-9,9,-4,4,-5,17,-10,0,-11,21,11,1,-11,13,-14,8,-10,16,9,-3,-6,25,4,7,-8,24,4,-5,-1,9,-8,18,-2,21,6,-2,-10,11,-1,24,0,16,1,-5,-1,22,-7,10,-12,17,0,-2,-10,17,-2,13,3,19
10.7200,-2,-4,-7,10,-3,16,-8,11,-4,7,-12,17,-1,7,-12,17,8,-4,-8,15,-15,10,-14,16,12,-1,-6,22,5,6,-3,29,5,-7,-6,8,-6,17,-6,21,8,-5,-12,13,-6,26,6,13,0,-6,-6,22,-9,11,-8,15,4,-2,-9,12,-5,14,-1,16
10.7400,1,-6,-5,7,-2,17,-9,5,0,9,-6,17,-4,4,-10,21,10,-6,-4,14,-8,10,-13,15,5,0,-7,25,8,-1,-2,30,13,-8,-7,10,-7,22,-4,22,6,-6,-8,14,-5,25,1,18,7,1,-4,20,-7,10,-17,15,4,-2,-7,11,-7,13,-1,18
10.7600,0,0,-8,4,-7,11,-17,10,1,6,-3,17,-1,1,-13,19,7,-6,-10,14,-12,12,-17,18,6,-1,-9,25,11,7,0,29,11,-9,-4,11,-3,27,-1,20,13,-11,-13,13,-2,27,1,22,7,-6,-5,23,-13,16,-13,19,2,-4,-7,14,-2,17,-2,19
10.7800,3,-3,-6,13,-4,10,-15,11,4,6,-3,10,-1,4,-10,25,10,-5,-11,13,-2,9,-15,13,1,-4,-4,20,9,9,1,29,9,-2,-8,12,-2,22,-3,18,3,-5,-7,10,-3,29,1,16,5,-1,-7,20,-9,14,-11,19,5,-3,-2,16,-1,17,5,16
10.8000,3,-2,-6,2,-2,14,-18,15,2,12,-2,17,4,2,-3,20,7,-6,-7,13,-7,15,-12,18,4,-4,-6,25,16,5,1,29,12,-9,-2,16,-5,22,1,17,7,-8,-5,16,-3,27,3,20,3,-5,-7,21,-5,18,-12,14,4,-4,-3,14,-2,18,0,12
10.8200,4,0,-6,13,-3,14,-18,13,4,7,-2,14,8,2,-5,26,6,-8,-5,11,-7,13,-13,18,9,-4,-7,25,17,14,7,30,11,-7,-4,14,-6,22,-4,16,9,0,-6,13,-3,27,0,20,4,2,-11,16,-11,19,-9,17,4,-1,-8,10,-8,17,5,19
10.8400,5,1,-1,4,-9,11,-15,19,3,11,1,7,5,0,0,23,7,-8,-8,7,-5,18,-7,12,4,0,-6,20,17,14,8,29,16,-9,-6,10,-7,21,4,14,11,-5,-6,9,-8,26,1,16,4,-3,-2,20,-3,20,-10,16,11,-3,-4,11,-1,17,5,16
10.8600,0,0,-4,7,-12,11,-15,19,6,11,-1,10,7,7,-3,20,5,-5,-6,11,-3,14,-10,15,0,-3,-7,18,18,15,7,28,15,-9,-7,15,1,17,1,18,12,-9,-8,14,-8,20,2,20,5,-3,-7,21,-4,23,-4,14,11,1,-4,10,3,16,2,15
10.8800,6,1,-6,7,-8,14,-16,18,9,5,-3,5,3,4,5,17,8,-8,-8,5,4,15,-7,18,-4,-4,-5,18,21,18,10,23,16,-11,-5,12,-5,21,6,15,12,-2,-5,16,-8,32,0,28,3,-3,-3,21,-6,23,-3,14,3,-2,-7,13,2,17,0,16
10.9000,4,2,-8,8,-7,12,-15,21,8,5,-1,4,3,9,4,25,3,-12,-8,11,6,9,-6,26,1,-4,-1,16,20,14,11,27,17,-5,-1,11,1,13,2,17,10,-6,-10,14,-6,25,-1,22,7,-6,-5,15,-4,22,1,13,6,-5,-2,13,-2,14,2,15
10.9200,7,3,-8,10,-8,7,-20,21,4,4,-2,2,3,6,8,25,7,-10,-10,6,4,9,-12,24,2,-8,-2,14,17,21,11,21,16,-8,-10,10,-1,17,1,17,11,-8,-7,12,0,25,-1,23,6,-1,-3,17,1,22,2,10,6,-3,-7,10,2,15,4,21
10.9400,6,3,-6,8,-12,8,-18,19,12,7,-2,4,10,7,8,25,9,-9,-5,10,5,10,-6,28,3,-9,-4,10,24,17,8,25,16,-11,-3,13,1,11,3,13,9,-8,-7,14,-4,25,-1,22,7,-6,-3,21,-6,24,8,9,7,-7,-5,15,-7,19,1,18
10.9600,7,4,-9,7,-7,6,-14,21,11,5,-4,8,6,10,9,23,6,-6,-8,9,6,9,-4,25,5,-3,-3,8,18,21,10,23,14,-9,-5,14,4,10,3,15,15,-12,-4,11,-8,24,-2,21,8,-4,-3,18,-2,26,6,12,4,-5,-6,14,0,12,4,13
10.9800,7,3,-3,5,-5,2,-12,20,8,1,-6,1,11,5,12,25,4,-7,-7,8,10,9,-5,29,5,-5,-1,6,14,22,7,18,17,-9,-6,12,1,7,7,12,9,-9,-8,12,-8,26,-4,22,6,-2,-4,19,4,23,9,7,5,-1,-5,10,0,17,-1,19
11.0000,8,1,-7,5,-7,0,-13,23,9,1,-10,4,13,10,12,25,2,-10,-8,4,8,6,-3,26,-2,-6,-3,6,14,20,4,22,19,-8,-6,11,3,7,7,13,11,-11,-5,15,-4,17,0,23,3,-4,-3,19,-1,25,11,9,6,0,-5,12,4,18,6,16
11.0200,7,6,-10,9,-6,-3,-9,25,10,2,-3,4,14,9,15,31,5,-8,-1,5,9,6,1,28,2,-3,-3,-2,15,25,7,20,15,-8,1,14,6,11,7,15,10,-12,-3,12,-2,15,-1,23,0,-4,-8,17,0,24,13,7,5,-5,-3,11,0,12,5,14
11.0400,5,4,-9,6,0,1,-9,22,12,1,-5,1,16,10,15,24,4,-7,-4,6,11,5,4,32,4,-7,-1,4,10,24,4,20,15,-9,-2,11,8,7,7,16,13,-6,-7,13,-2,19,-1,19,7,-8,-3,22,-1,18,12,7,8,0,-5,7,-1,10,2,16
11.0600,12,3,-5,8,-2,0,-7,26,5,0,-3,2,12,7,14,26,10,-4,-2,7,9,3,4,26,3,-3,-6,5,10,23,1,23,17,-7,-5,12,5,10,4,10,6,-11,-3,7,-7,15,1,19,4,-8,-3,20,-3,20,11,5,6,-7,-4,9,1,10,1,18
11.0800,12,-2,-8,7,2,-1,-6,27,12,1,-6,2,15,12,18,26,10,-6,-1,7,8,4,4,31,2,-4,-3,6,2,22,-4,18,18,-8,-3,11,3,9,4,18,4,-7,-2,11,-5,11,-4,14,1,-4,-4,21,-2,21,16,14,6,0,-7,12,-2,11,-5,16
11.1000,6,-6,-1,9,5,-4,-1,26,9,-5,-4,7,9,8,18,22,9,-3,-4,8,8,7,0,31,-2,-9,-3,3,6,24,-4,14,18,-11,-1,14,3,3,9,16,8,-15,-4,14,0,16,5,20,3,-5,-4,20,4,17,8,17,2,-3,-5,11,4,12,2,17
11.1200,12,-1,-5,7,8,1,0,26,8,-5,-4,2,21,9,17,19,6,-9,-5,10,7,3,1,29,0,-4,1,0,3,24,-5,14,19,-11,-3,11,7,8,9,23,9,-5,-4,9,-3,14,4,18,2,-5,-2,18,-1,15,13,14,5,-2,0,13,1,7,1,19
11.1400,7,-2,-8,12,10,-1,0,22,7,-4,-5,3,15,8,19,21,12,-7,-4,5,11,4,5,30,5,-10,0,3,4,23,-7,17,15,-7,-1,7,4,6,7,24,10,-8,-5,13,-5,12,1,19,6,-5,-3,21,0,18,10,13,3,-3,-3,9,5,10,3,19
11.1600,9,-4,-3,15,17,3,2,24,7,-11,-5,5,17,11,13,21,10,-1,-3,11,10,12,3,31,4,-3,1,7,-3,24,-10,15,14,-3,-4,12,5,12,8,21,8,-13,-4,13,0,13,0,20,2,-6,-4,19,-1,19,5,12,7,0,-7,5,1,15,1,22
11.1800,1,0,0,17,18,-3,3,22,1,-3,-1,6,17,12,14,22,9,-5,-4,13,3,4,4,30,-1,-6,-4,5,0,20,-12,13,15,-7,-2,14,3,15,5,22,5,-10,-2,9,-5,8,0,15,1,-3,-6,20,6,13,7,18,10,-3,1,10,-1,15,2,18
11.2000,1,-4,3,12,18,-2,0,22,8,-9,-1,5,16,10,11,18,13,-7,0,16,8,10,4,30,-1,-7,-1,8,-4,24,-9,15,17,-2,-2,16,0,15,4,26,6,-9,1,12,4,10,-3,18,5,-2,-1,22,0,10,7,18,6,-2,-2,12,-4,10,1,20
11.2200,3,0,1,13,18,1,4,24,1,-3,-2,13,10,13,11,12,8,-1,-3,18,8,12,7,26,3,-9,2,11,-2,22,-14,11,17,-8,-5,14,-1,18,1,29,6,-13,-3,11,1,8,-4,11,4,2,-2,20,4,13,-3,20,2,-9,-2,13,1,14,-2,18
11.2400,6,1,2,19,19,2,8,24,6,-7,0,13,17,10,12,10,12,5,-5,17,6,17,1,27,5,-7,-2,12,-3,23,-15,13,17,-6,2,13,1,20,0,31,5,-19,0,11,3,14,-5,14,10,-1,0,22,8,17,3,24,6,-6,-3,13,-1,15,-4,17
11.2600,3,-4,0,14,24,1,6,17,0,-1,2,15,15,11,4,7,15,3,2,19,6,21,2,26,0,-7,0,16,-10,24,-12,14,20,-6,3,11,-4,21,5,29,4,-16,1,11,-6,13,-2,16,6,0,-3,25,1,21,-1,22,4,1,1,11,4,14,0,14
11.2800,3,-7,2,19,21,4,3,22,1,-6,2,15,12,10,6,7,17,4,0,20,1,20,2,22,1,-11,-4,17,-4,22,-18,16,16,-7,5,14,-1,18,8,33,10,-19,3,9,-3,14,0,16,6,2,2,18,6,18,-4,25,2,0,1,9,1,16,-1,15
11.3000,5,-1,3,19,22,7,6,19,-3,-7,8,15,12,7,1,7,18,3,0,22,4,26,4,24,1,-8,-1,18,-8,21,-12,18,12,-7,0,18,-4,19,5,29,6,-21,2,10,-3,12,-5,16,6,0,-3,24,6,17,-2,26,6,-3,-5,13,2,16,-1,15
11.3200,-2,-8,6,22,20,4,11,18,0,-4,4,10,7,12,4,5,17,-2,0,18,3,23,3,24,2,-11,2,16,-11,19,-17,16,19,-8,3,10,-5,22,3,31,4,-16,4,5,-3,11,-8,13,8,1,-2,24,2,14,-3,28,2,3,-3,14,-4,15,0,17
11.3400,6,-6,1,16,23,8,4,20,2,-2,5,15,4,6,4,4,12,1,1,17,-4,30,3,24,-3,-11,2,19,-12,20,-17,18,17,-8,2,15,-6,22,1,26,5,-17,0,9,2,12,-6,17,3,-1,0,20,2,17,-10,20,1,-4,3,9,-1,18,2,14
11.3600,1,-6,6,23,27,8,14,22,-1,-6,5,9,4,9,-3,0,16,2,4,22,0,28,-2,24,4,-12,6,21,-13,16,-15,20,12,-4,0,7,-9,21,-2,29,3,-15,4,11,-3,11,-4,17,4,0,-3,22,7,14,-7,24,-1,-1,-3,11,-3,13,-1,15
11.3800,-4,-3,3,21,27,9,7,15,2,-7,3,14,9,11,-4,-1,18,2,-4,20,4,27,-1,24,6,-8,3,20,-10,16,-18,21,18,2,4,12,-3,23,1,25,9,-16,1,9,-2,12,-10,16,5,3,3,22,4,10,-8,24,6,-1,-1,10,-3,13,0,18
11.4000,2,0,4,21,21,4,8,19,-1,-7,2,12,1,5,-7,2,15,-3,4,17,0,26,-3,24,4,-8,1,13,-13,11,-18,17,17,-2,3,15,-10,21,-5,22,10,-16,3,3,-1,12,-8,13,9,2,2,21,7,16,-4,26,4,-6,3,12,-1,14,-3,17
11.4200,3,3,6,20,27,10,5,19,-1,-10,-2,16,6,5,-3,-3,14,-7,3,21,1,25,-5,23,7,-14,0,12,-7,10,-13,14,17,-6,8,13,-7,19,-5,25,1,-19,1,5,-6,7,-1,11,9,1,1,25,4,9,-2,22,5,-3,1,11,0,16,1,13
11.4400,-1,-7,4,18,19,16,7,18,4,-9,9,14,0,5,-8,-5,14,5,0,20,-1,29,-7,24,2,-12,-4,13,-16,10,-12,19,18,-2,4,14,-9,17,0,20,3,-18,0,2,-2,13,-12,16,7,4,-2,27,5,15,-8,17,1,-3,-3,9,-2,14,-5,11
11.4600,-2,-3,5,19,23,15,8,12,0,-6,6,16,-3,2,-10,0,10,1,-1,18,1,29,-10,24,3,-8,-2,15,-14,8,-15,18,15,-6,3,17,-5,18,-3,25,6,-18,-2,8,-2,8,-8,15,2,6,1,22,4,12,-4,14,8,-2,2,13,0,13,-1,16
11.4800,-2,-3,3,17,20,15,13,18,4,-4,0,18,-8,1,-6,-3,10,-3,0,11,1,29,-9,24,6,-13,-3,8,-10,8,-11,22,12,-8,-1,18,-3,16,-1,25,8,-16,-2,5,1,13,-7,17,9,-5,1,20,5,11,2,18,3,-2,2,12,0,12,3,14
11.5000,1,-7,3,19,15,16,10,18,-1,-9,-4,22,-7,-3,-11,-1,5,-6,1,11,-2,24,-7,24,4,-13,-3,8,-13,4,-13,24,14,-10,0,15,-9,17,-10,19,7,-16,-2,11,0,12,-6,14,10,-3,-1,21,3,4,0,16,4,-3,1,17,-1,10,-4,13
11.5200,1,-3,0,13,20,20,9,18,1,-5,-2,23,-6,3,-7,8,9,-4,1,7,-3,18,-3,21,-1,-8,2,2,-11,0,-9,20,14,-5,-4,14,-4,11,0,24,5,-14,-5,11,-5,15,-9,13,8,0,-4,22,1,8,-5,16,7,-5,1,14,-4,10,2,14
11.5400,-2,0,2,17,17,16,3,20,3,-7,-6,23,-6,-1,-9,6,7,-2,0,6,2,21,-4,26,0,-11,-2,10,-8,4,-13,21,13,-5,-1,16,-4,14,5,19,6,-13,-8,14,-2,8,-6,15,9,-3,-3,25,0,10,-1,10,7,-5,-4,12,-1,12,-1,13
11.5600,2,-7,1,13,7,19,1,20,2,-8,-5,23,-9,0,-11,5,9,-4,-1,7,-1,20,-7,28,3,-9,1,7,-4,4,-10,21,17,-6,-2,19,-5,15,2,18,8,-13,-5,14,-1,13,-2,15,6,-4,1,22,1,6,5,12,4,-6,-5,11,-2,14,5,13
11.5800,3,-5,0,15,13,17,4,15,4,-3,-5,25,-10,3,-9,8,9,-6,1,2,-1,17,-4,27,2,-7,0,6,-6,5,-8,22,11,-5,-3,11,-10,16,-6,18,7,-8,-4,16,-1,15,-6,16,2,0,-1,24,2,5,3,8,5,-2,-5,15,-5,11,0,18
11.6000,12,-3,-2,13,9,19,4,20,8,-6,-8,23,-7,-1,-14,11,7,-4,-3,12,0,18,-6,26,0,-9,-4,8,-6,-1,-9,22,13,-7,-2,12,-6,11,3,13,4,-12,-5,11,-1,17,-4,15,4,-8,-6,20,-3,7,7,8,3,-5,-6,13,-4,12,2,17
11.6200,3,-8,-4,11,2,20,6,15,9,-4,-9,23,-11,-2,-13,13,7,-1,-7,10,3,9,-5,27,5,-10,1,6,-5,4,-11,26,13,-6,-3,13,0,9,6,15,5,-8,-5,16,2,15,-5,17,6,-6,-3,16,-4,2,1,10,4,-1,-7,6,2,11,-1,17
11.6400,3,-4,-5,7,9,23,4,20,6,-4,-6,23,-11,1,-9,15,3,2,-7,7,2,11,-13,28,2,-6,-1,5,-2,0,-5,25,17,-6,-6,10,-8,9,2,15,3,-17,-8,12,-1,9,-3,10,8,-3,-4,23,-8,2,5,8,5,-6,-5,13,0,8,6,13
11.6600,5,-3,-5,14,2,20,4,18,5,-2,-12,21,-4,-3,-10,19,10,2,-7,6,2,8,-7,27,2,-8,-4,9,-6,2,-7,24,13,-5,-4,13,0,13,6,18,5,-12,-7,13,-2,13,-3,13,6,-6,-3,20,-11,8,7,10,3,-4,-3,11,-5,12,1,12
11.6800,4,-1,-6,8,6,25,5,18,4,-5,-4,23,-7,-1,-12,18,11,0,-5,10,-2,8,-5,30,4,-9,-8,11,-4,-4,-8,21,14,-6,-3,13,-4,11,0,21,6,-12,-5,15,0,19,0,14,7,-9,-8,19,-6,3,7,10,6,-3,-6,14,3,11,0,15
11.7000,4,-7,-5,4,3,25,4,16,11,-2,-10,17,-9,-1,-16,16,4,3,-7,5,4,7,-2,25,-2,-9,-6,7,1,2,-8,21,8,-9,-10,10,0,5,6,17,7,-11,-3,15,-1,16,0,13,3,-10,-9,17,-6,2,6,11,0,-3,-2,12,1,10,2,16
11.7200,3,-4,-2,-3,1,23,1,17,8,-1,-7,20,-8,-4,-12,20,9,3,-2,7,0,11,-2,27,-1,-6,-4,11,0,-1,-5,22,13,-7,-6,9,-1,8,3,17,4,-8,-8,18,1,14,4,15,1,-4,-7,14,-9,7,1,13,8,-3,-4,7,2,17,-3,15
11.7400,9,-4,-6,-4,2,18,3,19,9,-2,-10,16,-9,1,-10,21,9,0,-4,4,5,6,-1,29,3,-6,-5,8,-1,0,-5,25,14,-5,-5,11,-1,5,2,20,8,-13,-1,18,0,14,-2,13,1,-5,-5,20,-11,5,1,10,4,-4,-4,11,5,13,1,19
11.7600,6,-2,-8,0,2,22,-4,14,9,2,-3,14,-5,-2,-13,25,6,0,-8,12,-1,9,-4,30,6,0,-1,19,2,-3,1,21,14,-5,-4,6,3,7,2,16,6,-13,-6,19,4,18,3,13,1,-10,-5,20,-9,7,-2,13,7,-6,-7,11,0,15,0,18
11.7800,1,-5,-8,0,0,18,0,16,10,0,-11,14,-8,-3,-9,25,8,-1,-4,8,1,8,-1,26,8,-5,-2,16,6,2,-4,19,10,-4,-8,13,3,5,3,17,6,-10,1,21,4,19,5,13,0,-11,-6,14,-9,7,2,17,5,-6,-5,10,0,10,5,14
11.8000,7,-7,-10,2,2,18,1,18,7,3,-8,17,-2,-3,-4,25,8,-4,-5,12,2,8,2,28,6,-4,-3,16,6,3,-5,20,10,-2,-8,10,6,10,3,21,8,-10,-1,14,3,12,0,12,2,-11,-2,18,-10,14,-3,16,5,-3,-2,9,1,14,5,19
11.8200,4,-3,-10,1,5,18,-5,19,12,-1,-7,8,1,2,-7,22,11,0,-8,10,5,9,-1,24,7,-8,-9,13,6,1,-3,17,8,-1,-6,8,4,7,1,24,4,-5,-6,16,1,13,-3,14,0,-3,-3,17,-6,14,-1,21,5,-4,-6,9,0,12,0,20
11.8400,1,-4,-6,4,5,13,-1,18,10,2,-5,8,5,0,-11,21,7,0,-2,16,6,7,-5,28,4,-4,-5,15,5,2,3,25,10,-8,-3,3,-4,10,2,22,6,-6,-1,15,2,17,4,15,-1,-7,-7,11,-10,13,-5,16,5,-1,-4,13,0,11,3,17
11.8600,3,-2,-7,0,4,18,-4,16,7,0,-5,3,4,-2,-4,23,8,-4,1,19,7,4,0,21,9,-2,1,21,6,2,1,19,9,-1,-1,8,0,7,-5,21,4,-7,0,12,4,16,-1,17,-1,-5,-4,14,-8,15,-1,18,6,-5,-2,9,5,14,-1,17
11.8800,0,-3,-4,5,2,11,1,18,5,-6,-4,4,3,-1,-7,19,13,-6,-4,15,8,5,-4,24,6,-9,-2,16,5,1,-5,12,13,-4,-4,6,-2,12,-1,20,2,-5,-6,17,5,16,4,14,0,-5,-3,18,-5,21,-5,19,4,-3,0,9,-3,12,0,16
11.9000,4,-6,-1,7,0,15,4,24,6,3,-3,-3,0,4,-5,22,13,-4,-3,16,6,9,0,25,9,-4,-1,18,3,6,0,17,11,4,-3,7,4,16,-4,25,6,-6,-3,12,4,12,-2,18,-3,-9,-4,19,-9,25,-4,15,3,-5,-3,9,2,15,5,12
11.9200,2,-4,-5,3,5,13,1,19,8,0,-3,-3,1,5,-3,23,15,-1,-2,20,5,9,-4,23,8,-6,4,17,0,12,2,21,12,4,-1,9,1,15,-5,24,5,-6,-2,12,1,20,-5,18,-1,-2,-1,16,-5,29,-6,23,5,-5,-4,11,-2,14,-1,14
11.9400,5,-10,-5,5,4,12,1,23,6,0,0,0,3,8,-4,21,11,0,-4,15,4,10,5,20,5,-8,1,19,4,10,-3,18,8,-4,-6,5,4,12,2,23,7,-6,1,8,3,17,2,16,-6,-3,-6,20,-6,25,-7,18,3,-1,-5,17,0,15,6,13
11.9600,6,-7,-7,11,-2,13,-2,23,7,-1,3,1,3,10,-3,21,8,-2,-4,19,7,13,3,18,9,-11,-2,15,0,9,2,14,6,-3,-7,6,1,15,-1,25,2,-5,-6,11,0,18,-6,14,0,-3,-2,12,1,29,-5,18,1,-2,-3,12,-2,19,2,17
11.9800,2,-5,-3,14,1,16,-5,24,5,-1,3,0,7,8,-1,19,12,-2,-2,20,7,14,-1,19,9,-7,-1,17,0,10,-6,14,7,4,1,6,-1,19,-2,24,9,-7,2,10,0,15,-2,15,7,-6,-1,13,1,31,-4,20,6,0,-4,12,-5,14,6,17
12.0000,5,-5,-1,11,2,13,2,19,4,-4,4,2,4,15,-3,18,14,1,0,18,4,15,1,21,10,-12,1,18,1,14,-3,17,6,-5,-2,10,2,18,5,23,8,-4,0,8,2,21,-7,17,6,-1,-6,12,3,30,-11,21,4,0,-2,13,-1,11,-3,14
12.0200,1,-3,-3,12,-1,15,1,20,6,2,4,1,2,14,-4,17,15,0,1,14,6,18,0,20,6,-5,-2,18,-5,14,1,18,8,2,-3,9,-5,17,-3,24,7,-7,1,9,1,15,-4,19,0,-5,0,17,0,29,-3,25,6,-1,-2,12,-5,19,7,14
12.0400,3,-3,0,16,1,9,0,21,2,-3,3,2,2,16,-2,16,15,-5,-5,14,3,17,1,22,5,-8,1,12,5,11,-3,14,7,-6,-1,11,-8,17,-1,24,4,-7,-1,8,-4,19,1,15,1,-1,-2,13,2,28,-5,25,7,-1,-4,13,-3,19,-1,17
12.0600,1,-6,4,21,-4,10,3,25,5,1,2,2,2,13,-2,21,12,-3,-2,11,7,17,6,23,10,-10,3,16,-5,13,0,19,6,-5,-1,12,-6,18,-5,24,4,-4,3,5,2,19,-3,16,3,-1,-2,13,-1,28,-4,26,4,-6,2,15,-4,13,3,20
12.0800,5,-4,4,16,3,8,1,25,3,1,4,4,3,14,0,15,13,-6,0,15,7,18,-2,23,3,-9,-5,12,0,15,1,21,10,-2,0,14,-4,16,0,24,4,-8,3,8,0,14,-3,13,8,0,-3,17,2,26,1,22,8,-3,3,14,-4,15,2,17
12.1000,3,-8,2,19,-3,17,2,28,4,-1,3,1,6,18,3,19,13,-5,-1,15,2,17,-1,25,4,-7,-4,7,-1,19,-1,16,7,-4,0,14,-4,20,3,20,2,-4,0,9,-1,17,-6,14,6,2,-2,15,5,25,7,21,6,2,1,15,-6,18,1,17
12.1200,2,-8,6,18,0,14,3,26,2,0,5,9,4,20,2,15,9,-7,0,11,3,17,-1,19,10,-7,-2,11,-3,19,-2,15,3,-2,2,15,-4,20,-1,20,5,-7,-3,6,3,17,-6,20,9,1,4,13,4,22,6,17,5,-5,1,13,-6,19,-1,19
12.1400,5,-6,7,22,1,14,3,27,6,4,2,10,10,20,-1,15,12,1,0,12,6,16,5,23,3,-11,0,10,-7,14,0,16,7,-3,-1,15,-2,15,2,23,4,-5,3,2,-5,19,-3,17,9,-1,-1,14,-1,19,7,22,10,0,4,14,-1,15,-1,16
12.1600,3,-4,2,17,3,11,2,29,-1,-6,2,18,1,15,1,16,10,3,-2,8,4,16,5,25,4,-9,1,7,-5,18,-4,18,9,-7,3,17,-4,14,0,23,4,-5,1,9,1,17,-4,17,9,2,-2,12,5,16,3,17,7,0,0,15,-3,15,-2,21
12.1800,9,-4,5,19,6,9,5,24,3,1,6,15,7,13,-2,12,8,-3,-2,10,3,19,1,20,6,-7,4,4,-5,19,-7,14,2,-2,0,19,-3,16,0,24,4,-8,3,8,-2,15,-1,17,8,0,-1,17,4,15,8,17,2,-7,1,13,0,18,-3,20
12.2000,5,-8,-2,19,2,9,4,27,5,1,8,16,2,17,2,13,13,2,2,10,3,15,4,21,2,-7,3,2,-5,17,-1,14,8,4,0,19,-5,15,-2,19,11,-6,5,10,-2,19,-5,20,5,-5,1,12,5,10,8,18,5,1,-1,13,-1,20,0,14
12.2200,2,-3,6,24,4,6,0,25,2,0,4,25,4,17,-3,17,12,-1,3,6,2,19,3,21,0,-13,4,3,-2,19,-7,14,2,-1,3,14,-4,15,-1,15,5,-6,3,7,-1,18,-2,17,8,-3,3,15,9,4,10,17,10,-4,5,8,1,15,-2,16
12.2400,6,-8,7,20,-3,12,0,23,4,-2,4,23,7,14,1,12,9,1,1,5,7,11,1,24,4,-8,-2,3,-4,21,-7,16,6,-4,4,17,-4,14,3,16,11,-5,6,7,2,16,-6,12,8,2,4,14,5,5,8,12,4,-2,2,8,-4,13,-1,13
12.2600,4,-2,6,20,3,8,2,24,4,3,8,22,7,11,6,13,8,-2,1,5,3,17,2,24,3,-6,-4,3,-3,20,-8,13,8,-7,2,16,0,13,1,17,7,-4,2,8,2,15,-7,17,15,-1,5,10,11,2,9,10,4,-3,0,15,-2,12,0,13
12.2800,3,-5,6,18,-2,14,0,24,5,-1,1,26,1,15,4,16,6,-6,3,4,5,14,2,21,3,-4,-2,1,-4,18,-9,18,3,-5,5,15,-1,16,-4,17,6,-6,5,10,-6,17,-4,20,13,-1,7,15,9,-1,7,10,3,-3,4,14,-2,13,-1,14
12.3000,9,-4,3,17,2,2,1,19,5,-6,1,24,4,13,0,9,6,-3,3,4,6,19,-5,22,6,-8,2,0,-4,17,-6,13,5,-4,3,15,-4,13,-2,22,10,-4,2,12,0,15,-3,11,12,0,1,14,10,3,12,10,6,-2,2,9,-3,12,-4,14
12.3200,6,-5,-4,21,5,10,-1,20,4,-3,0,25,6,9,5,15,8,0,1,4,4,10,-3,18,8,-4,0,0,0,12,-10,11,11,-4,2,21,-4,14,-5,16,5,-5,0,10,0,9,-7,14,7,0,2,9,10,1,7,9,5,-7,3,11,-2,8,-3,13
12.3400,2,-8,1,21,7,8,2,22,5,-5,-1,23,1,10,1,18,10,-2,0,9,3,15,5,19,3,-6,3,4,0,14,-6,18,7,-2,1,11,2,17,0,18,5,-10,3,13,1,11,-7,11,9,1,6,14,6,0,5,11,0,-2,2,11,2,16,-1,13
12.3600,9,-7,1,16,3,6,-2,12,2,-4,-5,22,8,9,4,15,6,-5,2,6,5,10,1,19,10,-6,-3,4,1,20,-10,15,10,-6,3,14,-2,13,-3,18,6,-4,-3,13,3,13,-3,10,9,-6,4,14,5,1,6,10,5,-3,0,20,-2,13,3,15
12.3800,7,-4,0,16,4,8,0,16,1,-6,-2,20,4,10,1,14,2,-3,-1,9,-1,11,1,23,6,-8,-1,7,-1,10,-8,12,9,-6,7,18,4,9,1,17,5,-9,2,10,7,8,-5,15,7,-5,5,12,8,0,4,6,4,-4,5,14,-2,11,2,19
12.4000,6,-4,3,16,5,10,2,14,4,-2,-1,22,7,5,-1,18,13,-3,3,10,3,8,5,14,1,-4,-1,8,-2,14,-1,12,11,-4,-4,15,0,6,1,18,9,-8,-3,14,-2,10,-4,15,8,-7,4,15,5,3,5,12,3,-2,-3,11,1,9,-2,18
12.4200,1,-2,-6,15,7,5,0,23,-4,-4,-5,18,0,14,3,20,7,1,5,10,3,7,0,23,3,-8,1,9,-4,13,-2,12,8,-7,-1,14,3,12,2,16,1,-9,-4,15,3,9,-1,13,8,-2,1,12,7,3,-1,17,9,-2,1,12,5,10,-2,16
12.4400,6,-6,-7,14,5,9,2,19,0,-3,-5,16,1,8,1,23,13,-2,1,8,2,6,-2,17,5,-8,-1,10,1,11,-4,18,10,-2,3,13,1,14,-1,20,4,-9,-2,15,5,7,-5,17,3,-6,-3,12,4,4,2,16,7,-1,4,10,1,7,2,19
12.4600,7,-8,0,8,4,8,5,13,3,-2,-6,15,6,3,6,20,9,-5,4,12,4,9,0,16,0,-9,-1,14,-2,9,-1,18,6,-1,0,10,2,12,7,25,4,-7,-1,13,4,7,2,11,0,-7,-3,17,0,6,5,20,4,-3,1,12,3,11,-4,15
12.4800,8,-7,-5,10,8,6,3,11,0,-4,-5,11,4,1,3,20,7,-6,2,12,3,4,-2,21,0,-12,1,12,-1,6,1,12,7,-3,-4,8,2,14,4,13,4,-7,-5,15,4,13,0,17,1,-9,2,13,1,13,0,14,2,-8,0,14,1,10,1,15
12.5000,6,-3,-1,5,7,5,2,10,1,-8,-9,3,7,3,-2,19,5,1,-4,13,3,4,0,24,3,-13,2,14,-1,6,1,19,7,0,1,6,7,11,2,21,4,-7,-1,18,3,9,-3,17,0,-9,-2,17,-4,10,-3,21,3,-1,-7,10,2,11,1,16
12.5200,9,-5,-5,5,5,4,3,15,4,-7,-7,6,14,3,1,18,9,-1,0,12,5,5,5,21,-2,-9,-1,21,0,7,-7,16,11,-1,-1,4,0,10,-1,17,5,-7,-2,15,3,5,-4,15,1,-6,-3,18,-6,17,0,20,-1,-4,-2,9,3,9,1,16
12.5400,4,-10,-9,3,7,3,6,17,-1,-7,-7,4,2,2,-3,18,14,0,-4,13,3,7,-2,18,2,-10,3,17,2,9,2,17,10,4,0,8,1,10,2,22,1,-13,-4,19,0,12,0,13,1,-8,-4,12,-6,14,-1,19,2,-5,-3,12,3,10,6,15
12.5600,7,-11,-1,5,10,6,5,19,-2,-3,-3,5,7,7,-1,16,9,-1,0,19,-1,3,2,16,2,-12,0,22,1,10,1,17,5,-2,-7,10,3,12,1,23,3,-10,-3,14,4,11,-2,14,0,-3,-5,15,-5,17,-4,20,5,-2,-4,10,2,10,2,16
12.5800,8,-10,-7,3,7,10,2,15,2,-7,-4,4,3,7,-2,18,10,-3,-5,21,1,6,2,23,7,-14,0,23,2,8,5,16,5,-3,-2,7,2,12,6,23,3,-8,-6,17,2,13,-1,17,-7,-2,-6,15,-5,19,-9,18,5,-3,-3,11,3,10,2,14
12.6000,0,-7,-4,1,12,11,2,20,4,-2,-6,5,6,4,2,17,11,2,-4,26,6,12,2,19,7,-7,-3,18,6,4,-1,22,6,-6,-3,4,5,16,1,23,4,-10,-6,18,6,12,0,17,6,-6,-3,15,-9,19,-6,20,5,-1,-4,12,2,11,6,14
12.6200,4,-4,-5,1,7,13,0,19,4,-3,-6,5,0,5,0,18,11,-1,-7,21,3,10,1,21,3,-9,-3,23,6,8,-2,11,7,-4,-5,7,-3,10,-2,19,2,-8,-8,11,1,14,-3,14,2,-5,-3,16,-8,18,-2,22,8,-4,-5,10,0,15,8,15
12.6400,0,-9,-1,0,6,14,3,16,0,-6,-4,7,0,5,1,17,8,-4,-4,18,4,10,-2,15,9,-15,-2,22,2,6,0,18,8,-2,0,9,-5,18,0,20,1,-11,-8,11,4,15,2,15,-1,-3,-11,16,-10,23,-7,22,4,-4,-3,11,6,14,3,13
12.6600,6,-2,-5,3,8,18,3,19,6,-6,-3,8,-2,4,-3,18,6,0,-9,18,3,11,5,26,0,-13,-6,26,0,6,-2,17,4,1,-3,13,4,15,7,20,3,-13,-4,14,1,13,3,14,1,-6,-1,14,-8,20,-4,21,5,-5,-3,10,-1,16,-1,18
12.6800,3,-10,-3,1,7,15,6,21,10,-5,0,2,0,2,-3,21,9,-3,-4,22,0,10,3,24,7,-6,-1,23,2,8,-3,19,6,0,-4,7,0,14,3,16,2,-9,-5,13,2,21,0,16,4,-1,-8,16,-13,16,-5,24,4,-9,-9,8,0,15,-3,18
12.7000,3,-5,-4,2,6,20,1,21,4,-5,-1,8,-3,7,1,15,9,-1,-3,15,0,15,3,24,6,-2,0,27,6,12,-2,20,9,-2,-3,7,-4,15,5,20,6,-15,-1,10,3,16,0,15,6,-3,-6,18,-12,21,-6,24,9,-11,-4,8,-2,17,0,23
12.7200,2,-6,-2,3,2,23,5,19,2,-3,2,10,-5,6,-6,17,9,0,-7,19,4,17,-1,23,6,-9,0,24,1,11,-6,18,8,1,-1,11,-3,16,-1,20,5,-8,-6,6,-2,20,-3,21,4,-6,-5,17,-10,17,-6,20,5,-4,-6,8,0,16,3,23
12.7400,2,-6,-5,4,5,20,7,15,4,-2,0,12,-5,12,-5,16,9,0,-5,17,0,14,1,22,4,-6,-4,23,0,11,-3,15,9,-6,-4,8,-8,17,3,18,2,-12,-5,8,-1,19,-1,14,2,-1,-6,14,-6,18,-8,21,7,-9,-5,13,5,16,1,16
12.7600,4,-5,-6,5,5,26,-2,20,7,0,-2,14,-9,11,-2,15,9,-6,-4,12,-1,18,3,22,7,-8,-7,19,0,10,-1,15,10,-3,-5,13,-4,18,-4,21,0,-4,-1,12,4,20,-3,19,3,-2,-6,20,-9,22,-5,20,4,-2,-6,9,2,18,3,17
12.7800,1,-9,-4,7,3,23,-1,20,7,-3,-1,11,-6,11,-5,14,4,-3,1,17,0,19,4,24,2,-5,-1,16,1,13,-7,12,14,2,-3,17,-5,18,3,21,4,-9,-8,8,6,19,-4,16,7,-2,-10,18,-4,18,-8,19,7,1,-6,11,-2,14,0,15
12.8000,5,-1,2,8,1,26,-6,19,7,-2,1,14,-5,13,-9,17,6,-1,-3,13,0,17,3,21,8,-9,0,15,-3,11,-2,15,11,1,-10,11,-1,17,-6,22,6,-16,-10,11,2,19,-4,13,6,1,-1,15,1,15,-2,20,7,-1,0,13,-3,18,1,15
12.8200,4,-5,5,11,-1,25,0,22,7,-1,5,9,-8,11,-7,15,9,0,-7,16,1,16,-2,22,5,-7,-4,19,3,9,-8,18,16,2,-7,15,-2,15,-2,20,9,-9,-3,11,-2,18,-3,12,8,-4,-8,15,0,18,-4,19,5,-5,-2,16,-5,17,2,14
12.8400,6,-12,1,13,0,30,-1,22,3,-3,0,12,-10,15,-2,12,11,-3,-3,14,-3,15,-1,27,6,-5,-12,14,-3,12,-9,14,19,3,-8,16,-2,18,-2,22,5,-14,1,8,0,19,-4,14,8,-4,-2,23,-3,16,-4,18,4,-4,-4,12,-8,20,-5,14
12.8600,8,-1,-3,15,1,21,0,21,3,1,-2,15,-13,17,-7,19,11,1,-3,10,5,21,4,23,6,1,-2,12,-4,11,-5,16,18,-1,-3,16,-4,15,-5,21,4,-13,-2,13,-2,18,-3,19,6,-1,-5,21,-1,14,-4,19,6,-4,-6,10,-5,17,-1,20
12.8800,5,-6,-1,18,2,20,-1,19,12,-4,2,18,-14,15,-6,18,4,-1,-6,9,0,18,3,23,8,-3,-9,7,-3,11,-7,15,11,-4,-2,14,-5,18,-7,19,6,-9,-3,13,-2,17,-1,14,10,-3,-6,19,4,18,0,15,3,-3,-4,8,3,12,1,16
12.9000,6,-7,-3,15,3,24,0,19,7,1,-2,19,-9,11,-4,17,7,0,-2,5,0,19,2,25,6,-4,-10,7,-4,13,-13,10,11,-1,-5,15,-2,16,-7,16,4,-9,-1,11,-3,18,0,15,9,-2,-2,19,4,13,7,13,5,-1,-6,11,-3,16,-3,18
12.9200,9,-1,0,17,1,24,-7,17,4,0,1,13,-6,11,-6,19,6,1,-1,4,-2,18,1,27,4,-2,-7,2,-2,16,-5,15,10,1,-4,14,-2,20,-3,16,2,-13,-1,10,1,17,1,16,11,-6,0,18,6,14,2,14,6,-5,-4,12,-2,20,3,17
12.9400,4,-6,-2,19,6,23,-5,20,11,-2,-4,17,-11,7,-3,21,9,-4,-4,7,6,19,2,24,7,-8,-3,5,0,11,-6,12,16,-1,-9,17,-2,14,-3,19,2,-10,-3,9,0,18,-2,13,8,0,-4,21,8,13,4,10,7,3,-1,15,-2,16,1,16
12.9600,6,-7,2,23,5,26,0,27,3,-1,-4,14,-8,10,1,21,4,-5,0,5,2,15,-1,25,6,-3,-4,0,2,11,-5,15,15,-1,-4,12,1,14,-4,19,5,-13,-2,12,-2,20,-2,16,5,-2,-4,20,4,9,6,13,6,0,0,7,0,16,-2,11
12.9800,6,-5,-2,21,1,18,-1,20,4,-2,-9,17,-8,4,-1,18,6,-4,-8,2,2,13,5,26,7,-5,-5,0,-1,10,-7,11,16,-6,-3,14,-1,14,-5,22,7,-17,-4,13,1,16,-6,15,2,-4,1,15,11,11,8,7,10,4,-4,10,-6,15,0,18
13.0000,5,-3,-4,24,4,19,-3,22,4,-5,-3,11,-5,2,0,18,8,-2,-4,5,5,11,7,25,7,-4,-1,2,-1,10,-7,11,13,-2,-6,12,-2,13,-6,18,5,-12,-5,13,-1,8,-1,12,9,-5,-3,20,6,18,9,8,4,-4,-6,10,-1,12,0,17
13.0200,11,-3,-1,21,5,18,1,22,3,-4,-2,15,-4,7,-6,17,5,-3,-4,2,0,12,2,29,10,-4,-4,-2,-3,12,-7,14,18,0,-6,10,-3,16,-5,17,6,-12,-3,14,-2,13,-5,14,4,-5,-2,18,7,10,8,6,10,-5,-8,9,2,11,-1,17
13.0400,7,-6,-5,21,9,20,-3,23,3,-1,-8,11,1,3,-3,17,14,2,-5,-2,3,11,4,29,8,-9,-1,0,-2,10,-8,12,11,-1,-1,14,0,16,-2,17,4,-9,-8,13,4,13,-5,17,4,-8,0,20,5,10,11,2,9,-2,-5,12,-3,7,-3,20
13.0600,4,-9,-4,20,3,13,-3,24,0,-3,-9,13,0,4,-1,18,9,-3,-3,2,1,12,-1,24,4,-4,-4,1,1,10,-9,8,16,-1,-3,14,0,14,-3,15,1,-15,-7,17,1,14,-1,16,8,-8,-4,22,10,10,9,9,7,-5,-3,10,2,10,-4,17
13.0800,8,-4,-4,20,10,14,-3,24,4,-2,-7,12,-1,-3,-5,20,9,-1,2,-1,6,11,3,23,8,-8,-3,-3,1,8,-7,8,16,-2,-6,19,0,8,-2,20,3,-15,-5,15,3,13,-12,17,7,-9,0,15,5,13,7,8,8,-1,-3,7,3,10,-5,17
13.1000,10,-3,-5,17,2,13,4,24,6,-4,-2,12,-2,-1,-3,17,8,1,-3,1,-1,9,0,31,3,-8,-7,4,3,8,-8,12,14,-2,-2,12,3,13,-6,18,1,-13,-3,14,3,9,-4,15,9,-4,2,18,5,11,6,7,4,-5,-1,11,-1,11,-2,14
13.1200,5,-5,-2,11,4,12,0,23,5,-6,-5,10,-7,-5,-1,16,8,-1,-3,8,8,7,0,27,12,-8,-8,3,3,5,-12,11,14,-2,-5,7,-1,14,-3,21,-1,-11,0,14,0,9,-7,13,11,-4,1,20,7,10,8,11,8,-5,1,9,1,9,-6,17
13.1400,8,-9,-8,16,8,11,0,20,9,-5,-8,11,-2,-2,-4,18,10,-3,-4,6,8,7,2,32,7,-8,-5,2,-1,12,-13,15,12,1,-4,11,-2,9,-4,19,-3,-12,-3,12,6,11,-3,18,11,-9,-5,11,3,10,6,12,4,-6,-2,12,-4,12,-1,13
13.1600,9,-6,-4,12,9,12,1,16,9,-8,-4,13,-2,-5,-4,17,5,-5,-7,11,5,6,0,27,10,-7,-4,6,-1,7,-6,10,16,-4,-3,18,4,12,-4,20,-4,-19,-1,15,2,6,-8,14,6,-9,-3,19,2,9,7,11,1,-1,-1,13,2,7,0,17
13.1800,5,-1,0,14,10,10,3,20,9,-7,-8,15,3,-3,-8,16,10,-1,-1,5,9,9,1,25,11,-7,-1,10,0,12,-9,13,16,-3,0,16,5,13,-3,19,5,-17,-5,14,0,4,-2,13,6,-5,-2,21,1,10,2,14,5,-2,-1,15,4,9,0,21
13.2000,4,-5,-4,5,8,7,2,20,7,-2,-7,17,-2,-7,-6,18,7,0,-3,10,6,9,0,22,9,-8,-5,12,4,8,-12,14,14,-6,1,13,3,9,-6,16,0,-12,0,9,3,9,-5,17,5,-1,-4,20,-3,12,-1,18,3,-9,-2,15,2,13,-3,17
13.2200,8,-8,-2,9,6,11,3,16,4,-4,-8,16,3,-3,-2,15,6,3,-4,13,6,6,3,25,5,-6,-4,16,0,6,-7,14,14,0,-6,13,0,8,-3,17,-2,-18,-2,14,3,11,-2,11,2,4,-2,20,0,7,0,20,6,-8,1,12,8,10,1,12
13.2400,1,-4,-4,5,13,14,3,18,4,-7,-8,16,3,-4,-1,17,11,-1,-1,11,3,14,3,23,6,-8,3,12,-1,7,-9,13,13,0,3,12,1,10,1,18,2,-17,-3,7,4,11,-1,14,6,0,-1,22,2,7,-1,16,4,1,-7,14,5,12,-3,20
13.2600,6,-7,-1,3,10,11,7,21,5,-6,-6,16,-4,-6,0,17,6,-4,2,18,2,8,0,26,4,-10,2,25,-1,12,-6,11,8,1,2,10,-1,11,-2,20,2,-16,-2,6,4,7,-6,12,8,-4,-4,20,-6,8,-5,21,5,-3,2,12,2,12,7,16
13.2800,6,-7,1,3,8,12,9,16,5,-8,-6,14,1,-6,-3,14,8,5,1,22,4,13,5,24,8,-7,4,16,-3,12,-5,15,10,1,-3,16,1,13,1,19,1,-16,-1,8,3,7,-6,12,5,-4,0,19,-6,9,-3,20,0,-6,-3,10,0,12,3,15
13.3000,8,-10,3,5,14,10,10,18,5,-6,0,17,1,-4,5,18,6,1,5,22,6,10,7,27,6,-4,1,19,-6,11,-7,19,15,3,4,11,-2,12,3,19,1,-13,2,11,7,11,0,13,8,-5,-5,20,-3,8,-6,21,6,-4,-2,9,7,13,-1,17
13.3200,5,-7,0,6,10,14,9,19,0,-8,-3,13,-6,-5,2,14,6,-1,-3,21,6,9,5,26,6,-8,1,20,-4,17,-7,17,11,1,2,10,-4,11,1,16,-1,-13,-2,10,8,11,3,14,2,0,-6,22,-4,10,-4,26,5,2,3,13,-2,10,0,20
13.3400,1,-5,5,6,10,14,8,16,6,-5,3,14,1,-1,3,12,5,0,-1,19,2,11,4,25,9,-8,1,24,-5,14,-10,15,9,-3,4,9,-1,12,-1,19,-1,-17,-2,10,4,14,0,8,3,2,-3,21,-8,11,-1,24,1,-5,0,15,-4,11,3,15
13.3600,7,-6,1,8,10,11,11,16,7,-7,-3,10,-5,1,0,13,7,0,-1,21,-1,13,6,28,5,-3,0,16,-4,14,-5,13,16,0,3,9,1,16,3,21,-2,-14,3,11,3,12,-2,16,4,4,-3,22,-4,10,-6,24,9,2,-4,11,-3,14,5,17
13.3800,4,-11,1,6,7,14,12,15,2,-5,-2,13,1,-2,3,16,3,0,1,22,1,13,6,25,5,-10,4,19,-9,16,-1,14,16,-6,-1,7,1,12,0,18,2,-15,-1,11,3,15,4,15,4,1,3,20,-10,12,-7,22,6,-4,1,12,-3,14,2,15
13.4000,3,-7,2,7,8,8,7,17,3,-3,-3,11,1,2,1,14,3,-1,4,23,0,18,4,25,4,-7,1,15,-10,16,-6,14,12,2,2,4,-5,15,0,15,2,-14,-3,11,0,15,3,15,1,-3,6,21,-6,12,-3,22,6,-5,-4,14,-1,15,8,12
13.4200,7,-6,-1,8,9,11,8,15,5,-7,-1,15,4,3,6,13,7,1,-3,15,-2,19,3,24,8,-6,0,18,-6,15,-7,13,14,-2,-3,10,1,13,-1,15,5,-13,-2,11,2,15,-1,11,-3,-6,1,26,-6,12,-6,26,9,-2,3,16,-2,14,2,16
13.4400,6,-6,1,10,8,12,6,17,10,-1,2,9,3,0,1,15,6,1,2,19,-5,17,5,22,7,-7,5,15,-12,12,-9,13,12,2,3,12,-4,16,2,23,7,-15,-1,7,1,15,-2,12,5,0,-2,18,-9,13,-2,19,3,-4,-3,14,-4,15,2,17
13.4600,9,-6,1,9,12,13,11,13,8,-3,0,11,-1,3,0,16,5,-2,0,10,-2,15,3,33,7,-13,0,16,-10,21,-6,18,14,3,5,10,-2,13,-3,17,4,-13,-1,12,0,19,-1,14,2,-2,-2,17,-5,21,-1,18,2,-2,-7,9,-3,16,1,17
13.4800,6,-7,2,14,12,11,8,15,3,-4,1,10,2,4,-1,17,4,4,1,13,-4,17,6,29,7,-7,3,15,-11,16,-5,17,14,1,-1,9,-6,15,-2,21,0,-17,2,12,1,17,0,10,3,-7,-2,20,1,19,-6,20,6,-1,1,13,-3,18,2,16
13.5000,3,-10,2,8,11,13,9,12,0,-2,3,3,0,6,4,17,6,-1,1,14,-5,18,3,26,7,-1,1,13,-6,21,-8,13,13,0,2,6,-2,14,2,17,5,-10,2,7,5,18,-4,14,6,-1,0,20,2,19,-1,16,5,-6,-2,15,-3,21,0,11
13.5200,5,-10,3,12,9,9,3,18,7,-3,4,6,0,6,-2,15,5,-1,0,11,-7,15,2,21,8,-8,-5,11,-6,15,-8,17,13,4,-4,10,2,15,0,16,5,-13,-3,10,3,18,-1,12,2,2,2,20,-7,23,0,17,9,-2,1,13,-2,20,-1,14
13.5400,10,-8,1,14,10,9,4,16,8,-5,6,2,-1,9,0,20,3,1,-2,8,-5,16,2,21,7,-3,-6,9,-2,16,-10,18,10,-2,-1,12,-5,18,-4,21,-1,-16,2,10,4,16,-1,15,4,-4,2,20,-1,26,3,16,7,-4,-2,8,-5,18,2,17
13.5600,6,-12,2,16,12,13,2,17,4,-5,1,8,-4,15,2,19,7,2,-2,13,0,13,-2,24,9,-8,-8,12,-5,15,-11,18,11,0,0,13,-1,16,1,20,1,-16,1,9,8,17,-2,13,10,0,-5,18,-1,21,0,14,4,-2,-4,12,-5,21,-1,18
13.5800,3,-6,1,17,10,14,2,17,6,-1,2,3,-4,8,1,25,10,4,1,8,0,18,1,27,5,-4,-3,10,-3,19,-13,17,14,1,2,13,0,17,-3,14,-2,-17,0,9,3,22,-4,16,6,-1,1,17,2,24,3,12,3,0,-1,9,-2,19,1,15
13.6000,5,-13,6,11,11,18,7,16,6,-4,2,3,0,7,-3,22,2,-3,-8,6,-1,10,6,26,9,-5,-1,6,-6,20,-9,13,17,2,-4,6,-5,20,-2,17,7,-18,-3,13,2,19,1,13,5,-4,0,21,1,23,3,14,6,-7,-6,12,-3,15,-5,16
13.6200,8,-4,4,17,8,14,0,16,2,-1,4,6,-5,13,1,19,4,-5,-1,9,-1,15,3,24,9,-10,-4,8,-7,20,-9,11,12,-4,-3,8,3,19,-2,20,1,-13,-1,11,8,18,-6,13,4,-5,0,22,2,23,5,13,3,-3,1,10,0,17,3,12
13.6400,6,-9,-3,12,11,20,7,20,3,-2,5,8,0,11,2,27,6,3,-2,9,0,16,2,25,9,-2,-4,7,-10,17,-11,13,15,0,-1,12,1,16,-3,13,-1,-18,0,10,3,17,4,14,7,-3,-2,16,2,22,0,14,8,-6,-2,15,2,16,3,19
13.6600,7,-7,3,20,11,18,0,14,10,-2,1,8,-2,14,-7,24,10,-1,-5,7,2,16,5,24,7,-7,1,5,-1,16,-9,10,14,-4,-6,16,-1,17,-2,18,1,-20,-7,5,5,19,-3,15,3,-3,-3,16,5,22,5,11,7,-4,0,12,-5,17,-2,17
13.6800,8,-6,-2,14,8,17,3,17,5,-7,-1,11,-2,12,4,20,7,-1,-2,5,-1,13,-2,27,5,-9,-4,7,-3,15,-9,14,10,1,-1,12,-2,17,-2,20,2,-13,-2,11,2,15,-5,17,5,-2,-2,12,4,18,5,10,8,1,-2,13,3,14,2,14
13.7000,7,-10,-3,15,12,15,1,17,2,-3,0,9,-2,10,-2,19,5,-2,-4,5,2,11,1,29,5,-5,-5,7,4,11,-8,15,14,-3,-5,10,1,15,-7,17,4,-12,-2,11,4,16,-3,16,7,0,-4,14,7,17,8,13,5,-3,-1,10,-5,16,3,16
13.7200,8,-9,-1,15,11,20,3,19,5,-2,1,7,-6,11,-1,23,13,2,-2,9,-1,12,0,27,5,-6,-1,9,-1,17,-10,12,10,-3,-1,13,0,15,-4,17,4,-11,-1,8,3,14,-2,16,6,-1,-6,18,2,15,1,12,4,-5,-3,13,3,13,-1,15
13.7400,7,-7,-5,19,9,15,-2,17,7,-3,-1,15,-2,10,-4,27,3,2,-3,8,1,14,2,23,10,-6,-4,10,-4,12,-6,14,16,5,0,12,-4,18,-7,16,-1,-15,1,11,3,14,-4,16,7,-3,-3,20,1,16,2,11,5,-3,-5,12,-1,15,-4,16
13.7600,7,-5,-6,11,6,17,3,17,2,-2,-4,9,-2,6,2,23,4,1,-1,8,4,7,9,27,6,-4,0,16,1,13,-8,14,12,3,-3,15,2,18,-2,14,1,-15,-3,15,2,17,0,16,8,-2,2,18,0,10,0,19,6,-2,-2,14,3,12,1,18
13.7800,10,-10,-1,16,6,15,1,19,7,-7,-3,14,-3,10,-4,22,5,-1,-1,3,5,9,1,30,9,-2,-2,4,-2,12,-9,19,21,-3,-4,13,-1,19,-3,15,-4,-18,-2,16,8,11,-3,16,10,-2,2,20,6,14,3,15,7,0,-2,14,-1,10,1,15
13.8000,9,-8,-5,13,8,19,-3,20,3,-5,-6,20,-3,9,0,20,7,1,-3,15,3,8,0,28,10,0,-5,10,1,12,-7,14,15,3,-4,16,-2,14,-4,14,6,-13,-4,10,6,13,0,13,1,-3,-2,11,5,7,6,14,6,-2,0,13,5,13,1,17
13.8200,8,-3,-2,13,8,21,-2,21,0,-7,-5,23,-7,3,0,19,5,4,-1,10,2,9,4,27,12,-7,-1,10,-1,8,-10,16,17,0,-5,12,5,16,-2,17,4,-13,-1,11,8,11,4,13,7,2,4,14,0,6,-2,14,3,-2,-3,13,6,7,-3,15
13.8400,2,-7,-3,17,9,15,-2,23,5,-3,-7,20,-5,5,2,28,3,2,1,8,1,0,4,28,11,-5,-3,11,-2,12,-11,12,17,0,-4,10,-3,14,-2,23,4,-14,-2,9,4,16,-1,13,6,-2,3,18,6,5,0,20,8,1,-1,13,0,10,0,20
13.8600,7,-3,-6,7,8,17,0,15,1,-1,-7,21,-4,4,2,23,4,-2,-6,11,1,9,5,34,10,-7,1,14,1,12,-4,12,14,-2,-5,11,1,9,-1,20,5,-15,-6,12,4,11,-1,15,2,-4,-4,16,2,6,1,16,2,-2,3,9,-1,17,1,25
13.8800,7,-10,-3,17,8,18,0,18,2,-2,-6,22,-4,5,-4,21,1,1,-5,10,4,9,1,27,5,-6,-1,16,2,11,-7,11,10,1,-2,13,5,12,-5,16,2,-11,-2,12,7,9,0,20,2,-6,-4,19,-3,5,-4,20,7,3,-4,15,0,6,-1,20
13.9000,4,-5,-3,11,11,20,1,19,1,-3,-5,18,-6,-4,-1,24,7,2,-3,12,4,6,5,28,6,-3,-1,12,3,10,-6,15,13,-3,2,10,5,13,-5,17,2,-13,0,14,6,11,2,16,2,-6,-3,18,0,6,2,23,5,-6,-3,14,2,9,1,19
13.9200,3,-4,-3,10,10,19,-3,18,6,-5,-8,22,-4,1,-2,20,7,2,-6,13,3,6,4,30,8,-7,-4,11,-2,10,-12,18,14,0,-4,12,4,10,-4,16,4,-13,-2,12,3,9,-4,13,1,-2,-1,14,0,1,4,23,3,-3,-3,14,1,9,-1,20
13.9400,4,-5,-2,10,6,17,2,21,3,-3,-8,16,-3,2,0,22,2,-2,-3,11,2,8,4,29,5,-7,-2,14,2,12,-8,13,12,-3,-1,11,6,13,-4,19,2,-15,-2,14,-1,13,-5,15,4,-4,-4,16,-4,3,0,26,6,0,-4,12,-1,13,2,15
13.9600,2,-6,-1,10,9,16,0,25,5,-4,-5,16,-2,-1,-2,21,5,2,-4,15,3,7,-1,29,7,-2,3,13,-1,7,-9,14,16,2,-3,5,2,11,-3,19,1,-10,-1,10,7,11,-5,16,9,1,-2,19,-1,1,3,21,5,-1,-4,11,0,10,-4,19
13.9800,6,-5,-1,11,5,17,-4,20,4,-5,-7,18,-6,0,4,19,4,0,-6,14,2,10,2,34,5,-8,-1,12,-3,10,-12,16,15,-1,2,10,5,11,1,19,0,-9,-2,10,1,6,0,14,-2,2,-4,17,-6,5,0,21,9,-4,1,15,-1,14,0,15
14.0000,3,-9,-3,7,4,18,-1,15,-1,-5,-2,18,-6,-6,1,20,3,0,-2,13,-7,5,3,29,7,-5,-4,12,-2,9,-5,8,10,-3,-1,7,3,11,2,18,1,-8,-3,9,5,8,-4,15,5,-2,-4,22,-4,1,4,19,3,3,1,9,4,13,1,19
14.0200,6,-7,3,11,7,13,-2,17,8,-7,-4,10,-6,-1,3,15,1,4,-1,16,2,11,8,28,10,-6,-1,12,0,7,-6,13,13,2,1,9,-2,9,-5,14,3,-14,-4,11,-1,7,-2,11,8,-4,-4,18,-7,4,2,20,2,-2,0,13,-1,10,2,16
14.0400,9,-5,-5,3,10,13,-1,16,6,-8,-4,8,-8,1,3,20,5,-3,-1,12,-1,10,-1,26,6,-7,-2,16,-5,11,-8,15,13,1,-2,11,-4,12,-4,13,3,-17,-5,7,0,6,-4,11,9,-5,-2,22,-2,9,-1,21,3,-7,2,15,-3,13,-1,17
14.0600,3,-5,3,6,7,21,4,14,7,-5,-2,14,-9,4,-2,16,8,-3,-1,14,-3,12,3,28,8,-4,2,11,-2,14,-6,14,13,-2,1,9,4,13,-2,16,2,-13,-6,11,-1,8,-4,17,4,-5,0,19,-5,13,2,17,6,-5,0,16,1,13,-3,13
14.0800,8,-8,-2,4,6,16,1,12,6,-5,-4,13,-6,4,0,19,10,-3,-2,14,-4,5,2,27,6,-9,1,14,-3,11,-9,14,12,-3,2,12,0,14,-4,14,0,-16,-4,13,6,11,-5,13,5,-2,-6,23,-8,12,-2,19,4,0,-3,11,-2,13,-2,21
14.1000,5,-7,4,9,5,16,1,15,6,-8,-2,14,-3,0,1,13,5,-7,0,8,1,14,1,27,11,-8,-4,14,1,17,-7,16,11,-3,-1,11,2,13,-2,16,0,-15,-3,11,3,13,0,12,8,-2,0,18,-5,16,-1,16,4,-2,-2,11,-3,13,-1,11
14.1200,6,-3,2,6,4,15,3,12,0,-6,1,5,-5,4,0,16,2,-1,-2,10,-1,12,1,21,13,-11,-5,11,-2,14,-7,12,10,-2,1,17,3,12,-4,16,6,-12,-4,13,-2,15,-3,13,0,-1,-3,22,-7,16,5,13,2,-3,0,9,-2,16,-1,15
14.1400,6,-8,-1,4,7,16,-1,15,2,-7,1,6,-4,8,0,19,1,0,4,13,-4,19,0,23,13,-6,-8,14,-4,17,-8,10,11,-1,-2,8,-3,15,1,14,-3,-15,-7,8,2,14,-3,11,4,-2,1,16,-8,17,1,13,-1,-2,0,13,-2,15,-5,14
14.1600,8,-8,3,6,8,20,1,11,9,-7,5,8,-6,10,-2,13,5,-2,2,11,-6,22,6,23,10,-8,-4,13,-5,18,-4,9,12,-3,-1,11,3,12,-6,10,-1,-16,-2,16,1,11,-3,7,8,1,-5,19,-4,18,-1,15,6,-4,2,17,-2,17,2,14
14.1800,9,-7,0,9,8,14,2,14,6,-8,-1,7,-5,8,1,15,2,-5,0,13,-5,17,-1,20,10,-3,-4,15,-2,19,-9,8,12,-4,0,10,0,16,-4,9,-1,-16,-2,15,5,9,-6,16,7,-5,-1,15,-3,20,-1,12,5,-6,1,12,1,15,-3,11
14.2000,10,-5,0,11,9,17,0,13,10,-7,7,7,-5,6,1,14,2,-6,3,7,-3,18,-4,20,10,-5,-4,11,-2,23,-8,12,14,-4,1,11,-1,14,-3,10,-5,-7,1,17,-1,10,2,14,5,-11,0,15,-3,24,0,10,10,-5,-4,10,1,19,0,14
14.2200,5,-8,3,11,8,21,8,14,8,-5,5,5,-2,11,-2,11,2,-2,3,9,-3,18,3,24,9,-5,-1,12,-2,17,-11,13,16,-1,-7,12,2,20,-4,12,5,-16,1,13,1,19,-3,16,4,-10,-5,15,-5,24,-1,14,4,0,-3,13,-3,21,0,14
14.2400,5,-7,3,6,7,19,0,12,4,-11,3,5,-2,11,0,16,4,-7,1,6,-8,18,3,23,9,-6,-2,9,-4,22,-10,7,6,-3,-4,10,-1,18,-6,13,-1,-15,-4,7,1,15,0,15,8,-9,-2,16,0,25,-3,12,9,-1,-4,8,-5,20,2,15
14.2600,11,-3,-4,14,10,14,2,18,7,-12,5,0,-2,8,-1,18,0,-4,5,8,-2,16,1,24,11,-4,-3,11,-4,15,-9,13,13,-3,-4,10,2,16,4,14,4,-18,-1,17,1,14,-2,15,3,-9,-4,16,-2,25,-3,10,1,-3,0,12,-2,22,0,10
14.2800,3,-3,0,10,9,21,4,12,4,-7,6,7,-1,6,2,15,0,-4,5,8,-2,17,-1,24,10,-5,0,12,-5,17,-8,11,12,2,-1,8,-1,17,-3,14,1,-12,-1,15,5,13,-1,16,4,-5,1,15,1,22,-2,15,4,-6,-2,15,3,21,2,18
14.3000,5,-7,-1,13,13,19,1,18,2,-10,6,3,1,8,2,18,2,-2,2,5,-4,14,4,22,5,-10,-6,15,-1,15,-9,16,14,-3,-5,11,0,16,-1,16,2,-19,1,14,-1,11,0,12,1,-8,0,17,0,22,3,9,5,-6,2,11,-7,18,2,20
14.3200,4,-6,1,16,13,21,7,16,5,-5,6,4,-4,9,2,14,3,1,-3,8,-1,18,-1,26,9,-4,-1,10,-2,16,-9,15,19,-1,-5,8,-1,15,-3,11,3,-18,-4,13,2,16,3,11,7,-5,3,16,3,22,-3,12,3,-2,-5,9,-2,15,-1,14
14.3400,3,-8,-6,17,9,16,5,10,2,-2,-1,6,0,5,5,15,1,-4,-2,6,-7,13,1,28,6,-4,-1,13,-4,22,-11,12,18,-4,-5,16,1,15,-1,9,0,-13,-2,12,3,14,1,15,6,-5,-1,16,8,23,2,18,9,-6,-4,14,-3,15,1,15
14.3600,7,-4,-8,23,15,19,4,13,6,-6,-1,12,-2,5,3,20,1,0,-4,8,-3,11,-1,27,8,-3,0,11,-3,22,-10,12,15,1,3,15,0,18,0,13,1,-9,-4,10,5,17,2,16,4,-3,-4,17,8,14,1,16,3,-5,0,8,0,18,5,16
14.3800,1,-8,-1,19,9,21,5,18,4,-2,2,12,-1,1,4,16,3,-2,-5,8,0,19,1,24,8,3,3,11,-2,18,-8,14,15,-3,3,11,3,17,-5,13,1,-12,-3,16,1,17,2,13,8,-7,-2,13,5,22,1,19,6,-3,-5,10,2,15,1,19
14.4000,6,-3,-6,20,10,15,8,17,4,-6,0,18,0,4,0,15,-3,-1,1,12,1,18,6,26,13,3,0,10,1,16,-8,14,12,-2,-1,9,0,16,3,11,-3,-13,-4,9,4,17,8,17,4,-3,1,15,4,19,3,16,3,-3,0,16,2,18,-4,19
14.4200,9,-7,-2,16,14,14,3,17,11,-8,-3,7,-2,6,3,20,1,-5,0,7,-1,12,4,27,7,-6,3,10,2,16,-3,17,13,-3,-2,10,4,16,-4,11,0,-15,-1,12,0,14,2,19,3,-6,4,12,7,15,2,19,3,-1,2,7,1,19,8,18
14.4400,8,-1,-6,16,15,20,0,18,3,-5,-2,14,0,2,7,20,4,-2,-6,6,2,13,3,27,3,-1,-1,6,-3,16,-11,19,20,-4,-3,13,4,11,-1,12,0,-12,-1,9,6,12,1,17,5,-6,-2,20,8,12,3,19,0,-5,1,7,2,14,1,20
14.4600,4,-3,-5,18,12,15,1,20,5,-4,-5,18,2,1,6,22,3,-4,-1,14,-2,13,8,25,10,-5,7,14,-6,12,-10,18,17,-2,0,16,3,14,0,13,-1,-14,0,8,1,11,3,17,1,-1,-1,21,8,12,3,21,7,-6,-2,10,-2,12,2,19
14.4800,3,-6,-5,17,9,10,-1,16,3,-2,-3,15,2,2,3,18,-3,-7,-3,9,-1,9,7,29,5,-1,-2,5,1,14,-8,15,14,1,-4,10,4,16,-2,13,5,-17,0,4,7,11,1,22,3,3,1,17,4,5,1,18,8,-3,-4,11,1,15,3,18
14.5000,5,-6,1,16,12,9,-2,16,3,-6,-6,14,1,2,4,19,1,0,-1,15,4,8,1,27,6,-2,2,7,1,11,-9,15,14,-4,-1,9,4,11,-2,16,1,-13,-3,11,2,11,0,20,0,-1,1,13,1,4,1,24,3,-1,-4,11,4,10,-3,23
14.5200,10,-6,-2,14,10,14,6,16,1,-2,0,17,3,-6,-1,23,0,-3,-8,13,2,8,2,29,7,0,-1,11,3,11,-8,18,12,-5,-2,13,7,11,-7,16,3,-10,-1,11,2,14,5,20,6,-2,-3,14,11,10,5,22,8,-6,-5,9,1,14,2,20
14.5400,3,-8,-2,19,12,14,1,18,3,-3,-8,20,2,-4,1,26,-3,-4,-5,16,0,9,5,28,5,2,1,4,1,11,-8,16,15,-1,3,9,5,12,2,14,2,-17,-1,8,7,5,2,18,6,0,1,15,6,5,5,22,6,-4,0,13,-5,5,0,16
14.5600,9,-4,-5,14,8,9,3,18,4,-1,-7,13,0,-2,1,24,0,1,-3,19,-5,8,3,31,7,1,-1,9,-2,15,-6,21,13,-4,-3,10,9,7,1,15,2,-16,3,5,3,13,-5,19,3,-2,0,13,0,5,3,25,7,-1,-1,9,3,13,0,20
14.5800,6,-3,-3,12,12,13,-2,16,6,-2,-3,15,7,0,2,18,3,-6,-2,16,-5,10,2,33,9,-1,1,11,1,8,-5,14,18,-3,4,16,4,15,-3,17,3,-19,5,7,5,11,4,17,4,-2,3,13,1,8,3,23,6,-5,1,12,-1,11,1,18
14.6000,6,-10,2,17,13,5,5,20,5,-3,-5,18,0,4,2,22,1,-3,1,14,1,8,0,30,14,-5,0,7,0,11,-10,17,18,-5,-1,13,7,10,-6,14,8,-19,5,4,2,12,1,18,6,0,-1,15,1,4,1,19,6,-6,-3,8,-5,11,0,17
14.6200,8,-4,1,11,14,12,7,21,9,-5,-1,15,1,-3,-4,25,0,-2,-3,17,2,7,-1,34,3,-5,-1,9,2,15,-9,22,14,-3,-1,15,6,13,-4,18,6,-15,3,10,4,13,1,16,3,2,-2,16,2,7,4,23,5,-2,-1,10,-1,13,-6,20
14.6400,9,-4,-1,13,13,9,2,18,8,-3,-5,12,7,2,1,24,-1,-1,-8,17,4,12,3,28,9,-4,1,11,1,15,-4,15,18,-5,3,16,8,12,0,18,1,-13,3,11,2,12,-2,22,6,0,2,18,3,8,-2,22,2,-1,-3,13,0,13,2,21
14.6600,11,-3,3,11,10,13,-3,20,6,-1,3,16,2,0,0,22,4,5,-3,11,-4,9,2,32,7,1,1,13,2,13,-10,19,21,-11,-3,18,7,10,-5,17,8,-13,-2,14,1,10,-4,19,7,7,-1,20,0,9,-1,24,5,-4,2,7,-2,13,2,20
14.6800,5,-4,0,10,11,13,-1,18,3,-5,-1,15,-1,3,1,24,3,-2,-2,19,-3,14,-2,32,9,2,1,14,3,14,-9,18,22,-2,-2,13,7,11,2,13,4,-12,-1,6,2,13,0,17,5,1,2,15,-7,10,-4,23,8,-1,1,10,-4,13,0,18
14.7000,10,-5,1,9,5,11,-1,19,8,-6,0,11,1,1,3,20,5,-4,-4,13,-5,11,-2,30,8,0,1,12,-3,16,-2,17,19,-2,-3,12,3,9,-2,16,0,-14,3,9,2,13,-4,15,6,-2,2,19,-4,11,2,21,12,-1,5,9,-3,15,2,23
14.7200,11,-4,-2,3,7,18,2,16,8,-6,-1,8,0,4,3,19,5,-2,0,13,-6,8,2,30,3,-3,0,10,-1,17,-4,17,22,-3,0,15,2,10,-7,17,7,-16,4,14,3,14,0,16,5,-4,1,17,-4,14,-2,25,8,2,-5,7,2,12,1,18
14.7400,11,-4,1,5,7,16,3,20,11,-2,0,12,-5,6,3,20,4,0,3,16,-2,10,1,31,11,2,-1,12,-6,18,-8,19,21,-3,-2,11,0,14,-4,16,3,-14,0,11,-2,16,-1,18,8,-1,1,19,-7,13,-5,17,4,-1,2,10,-2,14,-3,18
14.7600,9,-8,0,5,10,13,3,17,7,-4,0,11,0,5,0,20,3,-1,-4,14,-4,13,1,26,9,-1,-6,15,0,18,-11,16,26,-3,-3,17,2,10,-2,16,8,-14,0,9,-1,13,3,18,7,-1,2,16,-10,14,-5,19,7,-2,0,10,-2,15,1,16
14.7800,6,-6,1,7,6,17,-1,18,6,-2,3,13,-1,8,1,22,2,-1,-3,13,-1,11,4,30,4,-2,-1,13,0,14,-9,17,21,-6,-7,18,-1,13,-4,18,8,-13,-5,13,0,14,5,19,8,0,-1,17,-3,11,5,17,10,-6,1,8,4,15,-1,19
14.8000,9,-5,-1,2,9,17,0,15,10,-4,2,11,-6,8,-1,27,2,-1,-3,7,-5,9,2,27,8,7,1,10,-4,14,-8,18,21,0,-3,17,3,11,-3,17,5,-13,-1,11,0,15,0,18,9,-2,-4,18,-9,20,-2,15,4,1,-4,14,-1,9,-1,14
14.8200,8,-3,2,6,6,17,-2,16,3,0,3,5,-6,7,4,20,6,1,-1,13,-6,13,-1,26,7,-4,1,13,-1,18,-10,18,22,-6,0,13,1,11,-5,15,2,-15,1,9,-3,21,3,16,11,-3,0,16,-11,19,-3,15,7,-7,3,8,-2,17,-4,16
14.8400,6,-4,4,2,6,17,4,15,6,-2,4,12,-7,11,3,18,3,-6,-3,7,-2,11,3,31,8,-1,1,14,-4,16,-4,16,25,-5,-2,14,-1,11,-4,14,5,-11,-1,13,2,14,1,15,9,-1,2,18,-9,23,-3,18,11,-3,-1,9,-4,15,1,16
14.8600,7,-6,3,6,11,15,2,12,9,-3,3,9,-2,13,0,18,0,-1,3,12,-4,11,0,29,10,-4,3,14,0,19,-9,18,21,-3,-2,15,1,19,-2,16,2,-11,2,11,1,16,3,18,4,-6,1,21,-13,21,-2,13,3,-7,3,11,-2,17,-3,16
14.8800,6,-2,1,6,7,16,0,15,6,-5,2,10,-6,7,-1,17,2,-5,4,6,-8,14,2,24,15,-2,-3,17,-2,15,-7,14,23,-4,1,13,0,16,-1,14,4,-14,1,14,-4,19,2,13,5,-4,0,20,-12,18,-3,14,5,-5,4,12,-3,16,4,14
14.9000,7,-2,4,5,5,19,6,15,8,-7,0,4,-6,11,-2,20,2,-3,7,2,-7,15,4,26,7,-7,2,14,-5,16,-10,11,21,-2,2,7,-2,16,-2,14,1,-10,2,11,0,13,4,14,6,-3,1,22,-8,17,-8,13,4,-2,2,9,-1,17,5,15
14.9200,8,-4,5,8,6,19,2,15,3,-7,1,11,-8,8,1,20,0,-2,4,3,-9,12,0,27,5,-6,-1,13,-5,18,-13,12,26,-3,0,8,-2,17,-2,9,8,-10,2,17,-3,12,7,16,7,-12,2,24,-11,17,-3,11,9,-8,0,10,-6,16,-1,12
14.9400,7,-6,5,8,6,16,4,15,8,-3,1,10,-6,10,-1,19,1,-1,5,7,0,9,0,27,7,1,-5,15,-7,15,-8,10,20,-6,3,9,-2,16,-3,16,0,-17,-2,12,-6,15,5,12,4,-5,-1,17,-6,17,-1,12,10,-4,5,8,-1,16,-4,18
14.9600,2,-2,6,5,11,19,2,12,6,-6,3,8,-2,9,-1,19,0,-4,5,7,-7,11,-2,26,2,1,2,12,-7,15,-7,14,20,-3,-1,10,-4,20,-3,16,5,-21,-1,15,-1,13,1,16,3,-8,2,21,-7,18,-4,12,2,3,3,8,-3,17,-4,14
14.9800,4,-4,3,12,8,17,10,14,6,-7,2,13,-5,14,2,18,1,-1,4,8,-8,17,-4,26,6,1,0,17,-4,17,-9,17,17,-3,0,5,0,15,-5,15,2,-18,-4,13,0,17,2,16,3,-5,0,19,-8,21,2,10,2,-4,1,11,-4,16,-2,16
15.0000,3,-7,1,13,12,18,-1,10,2,3,4,10,0,6,3,16,0,-2,3,7,-2,14,3,29,8,-4,-1,13,-3,18,-7,13,18,-6,0,9,-2,16,-5,10,5,-14,2,12,0,15,5,18,3,-9,5,22,-7,22,1,12,7,-1,2,12,-4,16,1,13
15.0200,6,-9,2,7,11,18,3,13,5,-6,0,15,-2,11,4,18,1,-5,3,7,-1,11,2,25,3,-3,-3,16,-4,23,-6,11,20,-2,0,10,1,18,-2,13,0,-12,0,16,0,16,6,12,3,-9,2,16,-2,18,1,16,8,-9,0,14,2,15,1,15
15.0400,3,-7,-1,15,8,17,4,14,4,-4,2,9,-2,13,7,16,-2,-4,4,8,-3,12,4,23,9,-4,5,13,-3,20,-11,14,15,-4,-4,9,0,13,-5,12,2,-19,0,17,0,19,7,11,1,-9,6,18,2,19,6,10,8,-3,1,13,-1,16,0,12
15.0600,3,-6,2,12,7,20,4,16,5,-2,4,8,-3,6,5,17,-1,-5,4,5,-1,17,4,24,2,-2,6,13,-1,21,-10,10,19,-7,-3,9,-1,13,5,15,5,-15,-4,14,2,11,8,17,3,-9,4,20,1,18,4,14,4,-4,1,10,1,15,1,18
15.0800,5,-5,3,13,13,18,-1,8,6,-9,3,11,2,-3,2,20,-2,-1,-3,12,0,13,2,26,12,-3,1,7,-3,18,-10,12,17,-5,6,12,0,13,-1,9,-1,-16,0,11,1,13,6,14,4,-10,2,19,2,16,-1,15,1,-5,-2,16,1,14,4,13
15.1000,7,-10,-2,12,13,16,5,12,1,-3,2,12,0,4,6,15,1,-3,10,13,-1,12,6,24,6,-3,6,9,4,16,-6,13,16,-2,6,7,1,18,1,14,0,-16,0,13,-2,12,4,13,-1,-7,2,25,2,15,3,12,0,-3,3,10,0,14,-2,18
15.1200,5,-6,1,19,13,17,9,15,5,-6,1,11,0,6,7,18,1,-3,7,9,-3,11,6,28,7,0,5,7,0,21,-5,13,16,-5,4,13,-3,13,4,12,6,-18,4,11,4,14,1,13,5,4,4,20,5,13,4,16,-2,-6,1,9,5,14,0,17
15.1400,3,-10,-4,13,18,17,2,10,1,-9,1,10,6,-3,6,12,-2,-2,2,13,-1,9,0,24,0,-3,8,13,1,21,-7,11,15,-12,-1,12,-1,15,0,11,5,-14,-3,11,4,12,6,15,-3,-10,-2,23,8,13,6,13,-2,-6,5,10,6,14,0,15
15.1600,3,-7,-3,14,14,15,4,14,5,-14,3,17,3,-1,7,18,2,-4,5,11,0,14,5,27,8,-1,2,6,-3,14,-11,13,11,-6,4,10,3,16,2,19,7,-15,-1,10,4,11,5,13,0,-7,2,23,8,17,5,17,3,-4,0,10,1,20,1,18
15.1800,5,-4,1,15,16,17,4,14,3,-9,3,13,1,0,3,20,-3,-3,2,11,0,15,3,24,7,-2,4,10,-2,19,-12,20,20,-7,2,14,0,16,4,13,8,-16,-3,12,4,12,3,10,0,-9,4,16,13,15,5,22,1,-1,3,13,7,18,2,16
15.2000,1,-2,-2,18,10,14,3,12,3,-4,5,7,-1,-1,4,19,3,-5,9,8,3,11,0,26,6,-5,7,8,0,21,-8,18,19,-8,3,10,5,14,-3,18,4,-21,-4,15,1,14,4,12,0,-4,0,19,10,18,5,20,-1,-5,4,11,1,15,1,12
15.2200,7,-3,0,18,13,17,-1,17,5,-7,3,9,0,4,3,21,-2,1,5,11,0,19,2,28,8,-2,0,9,4,15,-13,16,11,-4,2,9,4,15,3,14,11,-17,1,11,2,13,6,17,4,-5,-1,21,7,13,7,13,5,-2,0,12,2,17,4,17
15.2400,8,-5,-3,14,13,13,5,10,4,-7,2,11,4,4,1,18,-2,0,1,13,0,13,6,27,3,-6,5,2,1,13,-9,17,11,-6,0,12,3,14,0,16,8,-16,0,12,5,16,6,18,8,-12,6,22,11,14,8,24,0,-4,1,7,3,15,-1,19
15.2600,5,-7,3,13,9,10,4,14,4,-8,7,10,-1,-2,10,20,-3,-3,1,14,-6,19,1,26,10,-5,5,1,1,14,-10,20,14,-6,4,10,0,14,4,15,7,-12,4,15,-1,11,-1,18,8,-5,6,19,6,15,10,24,4,-4,1,11,3,15,2,19
15.2800,1,-3,-4,13,11,16,6,16,4,-8,-2,10,1,6,5,20,1,-5,-2,15,-1,17,-2,28,6,-3,3,6,-3,20,-12,20,10,-5,4,11,4,16,1,19,0,-13,1,10,3,14,4,17,0,-3,-1,18,7,15,9,24,4,-4,2,12,0,15,4,19
15.3000,9,-4,-3,13,17,16,7,19,0,-8,2,9,-3,0,9,19,4,-7,-3,13,-1,10,1,30,7,-7,5,6,-3,17,-9,23,11,-4,4,11,5,16,-1,19,7,-18,0,12,2,14,0,17,4,-2,4,21,2,18,8,24,5,-7,0,12,2,16,4,24
15.3200,3,-2,1,14,16,19,5,18,4,-7,0,10,0,-2,0,18,5,-2,2,14,-3,15,-1,28,5,-3,5,7,-3,19,-8,21,10,-7,2,13,3,15,-3,16,3,-17,6,11,1,13,0,20,2,0,3,18,3,18,2,25,5,-5,3,11,-2,18,5,20
15.3400,4,-2,3,12,11,15,5,22,6,-3,5,13,0,3,3,21,1,-6,1,13,-2,16,1,31,8,0,3,6,-2,17,-11,20,15,1,5,15,4,14,2,17,2,-14,5,7,5,17,3,20,4,-1,3,20,2,17,3,29,4,-4,3,10,1,16,-1,22
15.3600,4,-5,8,12,14,17,2,14,4,-7,6,9,0,6,0,18,3,-2,1,13,-5,18,2,31,6,0,4,7,1,20,-12,17,13,-2,1,11,4,18,0,21,4,-10,7,8,-1,10,1,22,5,-2,8,19,0,10,4,25,6,-4,7,11,-1,22,6,18
15.3800,6,-2,4,16,12,20,2,16,5,-8,4,10,3,7,3,19,3,-9,-6,16,-3,15,1,31,2,-2,3,9,-2,22,-12,18,15,-5,2,12,2,15,1,17,5,-14,4,9,3,14,3,15,5,3,5,22,3,20,0,23,12,-5,5,11,-2,17,-3,16
15.4000,5,-3,1,10,9,18,3,13,3,3,5,12,-2,5,4,18,6,0,-1,16,-12,15,7,34,1,-3,3,8,-1,17,-9,21,16,-5,-2,15,1,14,-3,22,5,-16,7,6,-2,13,2,20,4,-4,5,23,0,16,2,24,6,-3,6,10,0,20,0,19
15.4200,7,-3,11,14,4,18,2,14,4,-5,2,6,-2,7,3,17,3,-5,3,19,-5,15,1,29,3,-1,3,12,1,15,-10,15,12,-4,2,18,3,14,-1,23,5,-11,10,8,-3,9,7,19,4,-4,4,18,-5,11,3,25,10,-2,2,10,-3,16,2,21
15.4400,10,3,11,7,9,15,0,13,4,-4,4,12,-3,7,3,18,-1,3,1,10,-6,14,-2,30,3,3,5,15,-4,18,-8,18,15,-1,2,14,3,17,-1,14,6,-10,6,4,-2,15,2,20,4,4,7,21,-4,18,0,21,5,-4,1,9,-1,17,2,19
15.4600,10,-1,3,9,7,18,2,18,4,-7,4,7,0,6,3,20,3,0,0,16,-8,20,1,30,2,1,5,16,-6,20,-9,16,14,-2,3,11,8,11,-2,13,4,-14,8,11,-3,11,-1,24,9,4,8,18,-8,10,0,26,3,-3,3,9,1,15,-4,20
15.4800,12,-1,6,12,9,17,1,15,9,-5,1,12,-2,6,2,18,2,0,-2,15,-9,14,3,32,9,1,-1,13,-6,14,-9,18,12,-1,0,16,2,14,0,18,1,-14,8,16,-2,15,5,19,8,3,5,13,-7,15,1,24,3,-2,-4,11,0,18,-3,21
15.5000,14,-2,7,9,11,17,6,16,9,-4,1,11,-2,6,6,24,2,2,5,13,-9,14,2,30,2,-4,1,16,-3,16,-11,20,12,0,4,13,0,13,-4,19,0,-14,7,14,-7,17,5,21,6,3,8,16,-4,9,-2,22,6,-4,0,15,-3,15,-3,17
15.5200,7,-2,9,12,5,17,2,11,5,-9,3,13,-8,8,-2,21,1,-3,4,14,-6,15,3,29,3,2,2,13,-5,18,-12,17,11,0,8,13,-4,12,-2,19,2,-15,2,8,1,13,4,22,8,1,4,24,-5,18,-1,22,4,-3,4,14,-3,14,-1,18
15.5400,6,-8,8,6,5,15,-1,18,5,-3,3,11,-5,5,0,22,6,-4,2,12,-8,14,4,30,4,-1,5,18,-5,14,-12,17,15,-3,3,14,-1,13,0,17,0,-9,9,6,2,11,0,19,-1,2,4,19,-4,16,-6,17,4,-5,0,15,-6,17,1,17
15.5600,10,-3,10,6,7,17,2,16,5,-6,1,10,-4,0,4,20,-1,-3,2,14,-5,17,1,28,3,-1,0,18,-2,20,-14,17,18,-3,3,17,-2,13,-2,14,4,-15,8,11,-5,16,5,15,4,-1,2,18,-5,17,-2,15,3,-3,2,8,-4,14,1,20
15.5800,9,-7,11,7,8,21,0,12,11,-6,2,16,-8,10,3,17,-3,-6,2,10,-8,10,2,29,3,4,-1,20,-1,17,-15,14,18,-3,2,9,2,14,-2,16,7,-13,5,12,0,17,5,18,6,-3,4,19,-9,18,-6,19,2,-1,2,9,0,16,2,19
15.6000,11,-5,4,6,7,13,-3,12,7,-3,4,9,-7,7,1,17,-2,-1,0,12,-4,14,4,29,4,-3,2,16,1,16,-14,16,14,-8,4,6,2,19,-3,15,5,-10,5,11,-3,13,3,20,7,0,5,18,-7,13,-5,17,3,-4,3,8,1,12,-1,22
15.6200,7,-4,8,12,4,14,-1,18,1,-6,2,10,-4,7,1,18,4,1,6,8,-9,13,0,26,4,-1,-3,16,-3,20,-12,17,15,-4,-3,15,2,13,-3,14,10,-11,6,9,-5,13,2,20,2,-3,2,20,-9,17,-1,21,6,-1,4,8,-2,17,-4,16
15.6400,11,-7,3,8,7,14,0,13,7,-10,1,15,-1,7,2,14,1,-8,3,6,-7,14,-2,31,5,2,1,14,-2,17,-13,16,15,-4,1,12,0,16,-2,15,8,-11,0,11,2,13,-2,17,7,-4,5,17,-8,13,-2,12,4,1,0,7,-4,10,-2,22
15.6600,10,-5,6,6,8,16,-1,11,2,-8,1,11,0,5,1,20,-1,-7,3,11,-6,18,0,26,2,-2,-1,17,-3,18,-11,16,17,-6,4,9,2,12,-5,14,1,-16,-1,11,1,11,1,18,6,-6,5,20,-2,14,-4,13,6,-1,-1,13,-1,10,1,20
15.6800,8,-3,4,11,5,17,-2,11,0,-1,2,11,1,8,4,19,2,-4,7,8,-5,14,-3,29,7,-3,4,12,-4,18,-11,17,16,-3,0,9,0,14,-6,12,2,-17,-1,13,1,9,3,15,6,-13,7,18,-2,17,-2,16,6,-6,5,16,-4,17,-1,16
15.7000,7,-7,3,7,12,16,0,10,5,-5,3,12,-4,10,4,21,-2,-3,4,8,-3,15,0,28,4,-3,2,15,-3,19,-10,14,13,0,0,12,1,12,-2,9,4,-18,-3,16,-2,13,2,18,2,-9,3,19,-2,19,-6,14,-1,-3,1,10,2,16,-6,18
15.7200,10,-6,0,14,7,18,-1,14,-1,-10,2,11,-2,12,1,20,3,-5,8,8,-4,16,0,29,8,-2,-2,16,1,22,-6,14,12,-7,-1,8,3,16,-1,12,6,-12,1,10,-5,10,-1,18,3,-8,4,21,-4,14,-3,9,3,-4,3,13,-2,19,1,20
15.7400,5,-4,3,7,6,20,-4,12,3,-13,3,12,1,6,6,18,6,-5,11,7,-1,16,0,27,1,-3,3,13,-2,19,-9,16,11,-8,3,8,4,17,-1,15,2,-11,-1,15,-3,12,-2,20,3,-13,6,16,0,15,-6,13,-1,-8,3,14,2,15,-2,18
15.7600,6,-8,2,4,5,18,1,15,3,-9,0,13,-3,8,2,16,3,-8,3,9,-4,19,3,28,2,-4,2,10,2,22,-11,15,13,-9,2,8,4,15,-2,8,3,-14,-3,16,-2,17,5,12,1,-16,0,22,-2,15,6,11,-2,-8,4,9,-2,16,2,21
15.7800,6,-6,3,4,11,14,-1,12,5,-11,5,10,3,11,4,19,0,-3,5,8,-5,18,-2,25,5,-4,1,15,4,17,-11,18,15,-7,1,10,1,20,-3,11,5,-15,0,16,-2,12,3,17,1,-7,2,20,-1,15,2,11,7,-4,2,12,1,14,2,14
15.8000,11,-4,-3,10,5,19,-3,14,6,-5,-1,14,-4,10,0,15,-1,-3,2,7,-4,16,1,27,5,-4,5,9,4,20,-12,16,17,-14,3,9,5,13,1,15,7,-12,-2,15,2,16,0,12,3,-8,6,19,3,18,6,12,6,-8,0,9,1,18,5,13
15.8200,5,-2,4,14,9,20,0,17,2,-9,4,12,0,9,3,19,-2,-7,1,6,-4,12,1,25,7,-7,8,16,-3,18,-9,13,18,-11,-1,11,3,11,-3,13,6,-15,-2,16,-2,16,8,19,1,-12,1,16,2,23,2,11,-2,-8,-3,12,1,16,5,18
15.8400,12,-9,3,16,10,18,-1,12,2,-8,4,10,-5,7,5,18,3,-10,5,8,2,16,1,23,10,-6,2,8,2,19,-12,15,10,-13,2,8,2,15,0,15,7,-11,1,17,1,16,2,18,3,-8,5,14,1,20,1,13,7,-5,-1,12,0,18,-4,13
15.8600,8,-6,0,13,9,17,1,15,2,-7,2,7,1,8,5,17,0,-7,7,11,-3,17,-2,29,6,-6,4,9,4,21,-11,15,14,-10,3,9,2,17,0,10,2,-13,-2,14,5,16,7,18,-2,-11,0,17,0,17,3,13,2,-6,2,8,3,14,2,15
15.8800,7,-4,3,14,10,16,0,12,5,-8,3,13,-1,9,6,19,5,-4,6,7,0,13,4,24,7,-2,6,10,2,15,-11,12,16,-9,5,11,4,17,6,18,5,-13,3,18,0,18,0,18,2,-11,3,18,4,17,2,13,4,-6,8,11,0,15,-2,16
15.9000,7,-2,2,15,7,21,1,14,2,-7,4,11,3,8,6,17,0,-4,3,8,-1,19,1,24,5,0,3,9,2,16,-9,13,14,-9,3,6,3,17,0,12,7,-17,5,14,-2,18,8,16,0,-11,5,23,5,17,6,12,1,-6,-3,8,-3,21,0,13
15.9200,11,-1,-3,16,9,17,-1,15,4,-1,7,10,-3,8,4,22,0,-4,7,10,-2,18,2,26,4,-6,4,5,4,21,-5,14,10,-5,2,11,5,17,0,15,8,-11,2,11,1,16,4,17,-1,-7,6,21,3,18,5,12,4,-3,1,13,-1,16,2,16
15.9400,9,-2,0,18,7,16,3,18,8,-10,4,6,4,8,5,18,-2,-8,2,9,1,16,4,30,5,-4,9,9,3,19,-6,14,17,-8,7,9,3,18,6,12,7,-13,2,11,-2,11,-1,23,0,-4,1,23,6,16,7,15,8,-3,-1,10,2,17,7,17
15.9600,3,-1,4,12,8,15,1,14,5,-3,1,9,0,7,3,18,1,0,0,13,-1,15,-1,26,3,1,9,7,3,22,-6,17,10,-7,6,8,0,19,1,17,7,-12,2,12,-2,16,6,20,1,-3,7,19,-1,18,5,18,5,-8,3,6,3,21,5,13
15.9800,3,0,0,13,13,16,1,17,6,-7,4,12,2,9,9,17,3,-3,4,14,-1,17,5,31,2,-3,5,11,0,25,-6,16,9,-11,9,13,-2,17,5,16,7,-6,7,11,0,14,3,19,2,-4,8,14,2,17,8,17,5,-2,2,11,-3,15,1,17
16.0000,4,-3,3,16,9,15,0,16,6,-8,3,10,-3,9,7,19,-1,-1,4,11,2,17,3,26,2,-4,3,5,3,20,-10,20,13,-6,5,12,0,10,3,15,7,-7,4,8,-2,14,5,24,2,-2,3,20,2,17,5,21,2,-6,3,9,1,16,1,21
16.0200,5,-2,2,9,13,16,6,20,3,-6,2,10,-1,6,4,21,1,-1,2,13,-5,17,2,24,-2,-1,3,10,3,21,-8,19,9,-8,4,8,-1,14,1,19,5,-9,6,10,0,15,4,23,3,-6,0,18,-3,19,11,20,7,-7,-1,10,3,11,-1,16
16.0400,5,-3,1,13,14,15,2,15,5,-7,7,9,-2,5,5,20,1,-5,1,18,-1,14,2,27,6,-1,3,6,1,21,-9,23,10,-2,1,11,1,12,4,19,6,-14,1,15,1,17,5,17,1,-4,3,19,-4,18,7,15,-2,-8,3,10,-5,16,-2,23
16.0600,7,-1,-1,8,10,15,0,21,9,-6,5,14,-1,6,6,22,-3,-8,5,17,-2,16,1,28,-2,2,6,5,4,18,-6,18,9,-5,3,12,5,8,5,15,6,-11,8,12,-3,16,3,19,2,-3,1,15,-4,18,4,24,2,-7,3,10,-4,16,1,24
16.0800,10,-2,3,13,7,14,0,16,7,-4,1,9,0,6,5,21,-2,-4,1,12,-3,17,0,33,8,4,1,10,1,16,-8,22,18,-6,1,16,1,10,0,23,3,-10,7,9,-3,13,6,20,5,3,6,22,-2,22,7,25,6,-4,5,12,4,16,3,22
16.1000,4,0,2,12,10,16,-3,13,7,-3,5,11,5,3,5,24,3,-5,2,12,-5,15,-2,29,6,4,7,11,0,21,-9,19,16,-3,-1,13,2,18,2,17,9,-13,5,10,1,15,11,21,4,0,6,19,-5,16,6,28,5,-3,1,5,-1,12,-1,22
16.1200,7,-6,2,10,10,15,-1,19,5,-10,1,13,0,8,6,21,-2,-7,0,16,-5,16,3,34,7,5,3,13,2,21,-5,18,14,-4,4,13,1,13,1,15,2,-12,4,9,-3,14,4,22,4,0,0,24,0,15,3,25,5,-4,4,12,-1,14,0,23
16.1400,6,-1,1,12,8,15,1,17,5,-10,5,12,-2,8,3,18,1,-3,2,15,-3,16,0,29,-2,6,0,13,-1,20,-10,15,15,-4,3,11,5,14,4,15,7,-12,5,7,-3,11,4,22,7,-2,1,18,3,16,3,19,5,-6,8,9,-1,17,-3,20
16.1600,8,-1,3,12,10,15,-2,19,7,-8,4,13,-5,6,0,24,9,-4,-2,14,-7,16,1,32,7,1,5,12,-1,15,-10,22,11,-8,-1,12,1,14,4,21,7,-14,2,11,1,17,3,21,12,-1,3,21,-2,17,0,23,7,-5,3,16,1,15,0,20
16.1800,2,-4,4,10,7,15,2,16,8,-6,5,18,-5,8,6,23,3,-6,2,15,-7,17,-1,32,6,7,2,12,2,17,-8,20,16,-4,-3,14,0,13,0,18,4,-10,4,7,2,19,2,21,9,0,6,21,0,13,-1,23,6,-5,3,12,-3,16,4,19
16.2000,4,-1,3,11,11,15,-1,16,6,-8,4,12,0,8,5,21,2,-6,-5,15,-4,15,-3,28,2,1,0,9,1,21,-12,20,18,-9,-2,15,-1,15,3,20,2,-13,4,8,0,13,4,21,7,-5,5,16,-1,12,-4,19,4,-7,1,11,0,19,2,23
16.2200,6,-4,3,15,7,18,3,19,8,-4,1,13,-3,10,2,22,6,-4,3,14,-5,14,-3,28,7,1,1,15,3,18,-14,25,18,-2,2,16,2,14,2,17,8,-12,0,4,-3,15,5,20,5,-3,5,22,-1,11,1,25,0,-4,1,9,-2,16,0,21
16.2400,6,-6,4,12,13,16,7,13,3,-3,2,13,-2,7,0,20,5,-9,2,17,-6,16,0,29,0,-1,-2,14,2,19,-10,17,10,-1,1,18,-2,12,0,20,5,-15,-3,12,-5,16,1,15,11,2,5,17,0,12,-4,23,7,-7,3,11,-6,16,2,18
16.2600,9,-8,7,13,12,16,-1,18,8,-10,3,13,-1,6,0,18,3,-6,4,12,-4,18,0,33,5,-1,4,12,-2,11,-9,16,18,-1,4,13,2,14,2,14,8,-13,2,8,-3,13,4,16,14,0,9,16,-4,13,2,22,3,-3,0,11,-1,15,1,24
16.2800,8,-7,2,4,8,17,5,18,4,-7,3,15,-5,10,4,19,1,-6,0,11,-8,14,-2,29,4,-1,4,13,2,16,-7,24,11,-6,1,16,-1,11,5,18,4,-16,3,5,-1,13,0,20,7,-1,3,22,-4,12,-1,23,7,-2,1,9,-1,12,1,18
16.3000,8,-2,4,12,6,17,-1,12,7,-8,-2,11,2,6,2,16,1,-9,1,13,-5,17,3,30,1,2,6,17,-6,16,-4,19,13,-3,0,13,3,12,-1,18,5,-10,1,5,-2,13,4,19,5,-1,4,18,-1,15,-2,23,6,-6,3,13,2,13,0,18
16.3200,6,-4,6,14,9,13,-1,15,5,-4,3,12,5,8,5,19,0,-7,-1,11,-2,19,0,30,4,-4,-2,9,-2,18,-10,20,13,-4,3,13,4,10,3,15,2,-12,4,9,-3,16,6,19,9,-3,7,22,-1,16,-4,20,1,-5,0,10,1,9,-1,22
16.3400,6,0,2,12,8,15,-3,17,4,-7,4,9,2,13,2,17,6,-6,3,13,-1,18,-2,32,0,-2,2,16,-4,16,-6,22,16,-4,3,16,-2,16,2,20,5,-17,1,10,-7,14,0,21,8,-2,2,19,-1,14,-4,18,-1,-4,3,13,-2,16,-1,18
16.3600,1,2,3,13,4,17,3,13,7,-8,4,13,-1,7,2,17,1,-4,4,11,-4,19,6,28,-2,-1,2,14,-3,21,-5,17,16,-8,-2,14,2,15,2,17,8,-10,2,12,-2,16,3,13,9,-7,4,17,-5,15,4,15,6,-3,3,11,2,16,1,18
16.3800,5,-2,4,12,11,19,5,16,8,-4,2,13,-4,8,2,17,1,-5,2,10,-4,17,1,23,3,0,-1,12,0,17,-10,18,13,-5,2,11,2,15,-3,18,4,-8,4,13,-2,13,5,21,7,-4,4,19,4,18,-4,17,2,-5,1,10,0,19,-2,18
16.4000,7,-6,0,13,5,15,0,17,8,-5,4,12,-5,9,1,16,5,-3,2,9,-3,17,-2,29,4,0,1,13,-4,17,-9,21,16,-3,3,14,3,12,1,18,4,-13,1,8,-1,17,4,20,6,2,1,20,-2,17,-5,16,2,-4,5,13,3,16,-1,22
16.4200,6,-3,4,15,8,19,2,12,2,-6,2,10,3,3,4,21,2,-3,5,13,-3,17,-1,29,-1,0,2,14,-2,21,-11,21,16,-3,4,12,2,14,4,17,6,-9,6,15,-1,15,4,21,8,-3,5,20,-3,17,-3,18,-1,-2,2,14,-2,12,-3,19
16.4400,4,-3,9,11,13,18,3,17,8,-4,0,13,-2,6,6,16,2,-6,2,14,-4,18,0,25,3,1,2,10,0,15,-12,20,13,-6,1,11,1,15,1,15,3,-11,4,12,-3,13,4,17,1,-3,0,22,-4,18,1,17,1,-4,4,13,1,14,-1,18
16.4600,2,3,3,17,11,18,1,14,4,-6,5,12,2,4,2,16,1,-4,2,10,-5,16,0,24,-4,2,4,10,2,21,-10,13,12,-5,8,11,-1,14,0,14,6,-13,9,12,-2,17,5,19,5,0,6,19,-1,22,-2,18,7,-4,3,13,-1,16,-4,23
16.4800,6,-2,6,9,4,17,1,15,3,-7,6,14,-3,11,-3,16,4,-8,9,5,-2,21,0,28,5,3,1,10,-2,24,-11,14,13,-1,4,10,7,11,1,20,2,-10,6,10,0,15,8,23,6,-4,4,20,-1,20,2,14,6,-3,8,11,2,16,-3,16
16.5000,3,1,2,13,6,18,1,15,5,-5,5,11,0,8,2,15,2,-3,3,9,-6,18,3,24,2,4,6,12,-2,18,-11,15,13,-6,5,14,4,13,5,18,6,-9,6,15,-3,15,5,18,1,-5,2,18,2,18,0,14,0,-4,7,14,-2,15,0,19
16.5200,6,-3,9,15,7,19,1,14,5,-7,5,10,-3,9,6,15,-1,-8,5,10,-4,23,3,26,-3,0,5,12,1,19,-11,21,15,-6,11,9,-2,9,-2,21,7,-9,6,13,-2,18,6,16,-2,-7,9,16,-3,20,-2,17,7,-3,9,14,-1,17,-1,16
16.5400,8,-4,6,13,3,20,0,16,2,-9,2,10,-6,8,4,17,-1,-1,6,8,-1,21,-1,27,4,-3,6,15,-2,18,-11,19,11,-6,8,10,0,19,-4,17,5,-11,3,14,-1,15,1,21,1,-10,5,22,0,17,2,15,2,-6,5,10,-6,14,3,16
16.5600,6,-2,2,13,7,18,-1,17,5,-6,7,11,-1,8,3,17,-2,-6,9,11,-2,21,-2,22,3,-3,5,16,-5,15,-8,25,9,-5,5,12,-1,22,4,15,8,-10,6,12,2,13,8,20,2,-8,3,19,-3,15,-1,11,5,-5,3,9,-4,19,0,14
16.5800,-2,-9,5,13,7,17,2,13,-2,-9,5,12,-2,10,2,15,3,-2,10,9,-3,19,0,25,1,-5,12,14,-1,20,-5,22,10,-6,9,5,-4,18,2,18,-1,-9,-1,13,-6,13,-1,20,3,-8,6,16,-2,17,2,14,1,-7,4,15,-5,16,0,15
16.6000,2,-5,7,12,9,20,4,18,5,-10,3,11,-1,6,5,17,2,-7,8,12,-3,20,-7,25,0,1,6,14,-4,20,-11,19,9,-9,7,9,-1,17,1,17,3,-13,6,10,-3,16,11,16,0,-8,5,20,-1,16,0,14,4,-7,8,13,-1,22,4,16
16.6200,-1,-3,5,12,8,17,2,15,5,-2,5,11,0,10,4,14,0,-7,8,11,-4,12,2,22,1,-5,9,15,-1,24,-9,19,13,-2,5,7,0,17,0,17,3,-11,6,14,-5,13,7,14,1,-11,6,17,-3,19,-1,11,3,-7,5,13,-2,20,0,16
16.6400,4,-5,5,14,2,20,-1,11,8,-10,7,12,1,6,-1,17,1,-10,6,8,-4,17,7,29,-1,-1,1,15,-3,17,-7,25,8,-7,5,11,-2,18,4,18,4,-15,2,17,-1,11,4,15,1,-7,5,21,0,22,2,13,5,-7,5,10,-3,18,-1,18
16.6600,4,-4,3,11,6,22,0,20,6,-12,5,13,-3,12,3,17,5,-8,6,13,-7,16,-1,21,1,-1,7,12,-3,19,-6,17,8,-7,0,9,-7,14,1,19,7,-12,4,14,0,18,3,21,-3,-9,8,18,1,16,3,16,3,-2,5,11,0,18,-2,14
16.6800,6,-8,1,7,10,17,1,15,5,-9,7,16,0,14,4,16,4,-2,10,13,-2,20,2,25,1,-4,9,15,-2,19,-7,18,12,-9,5,9,-4,19,1,17,9,-16,0,13,0,13,0,21,0,-10,7,16,-5,18,-2,19,1,-9,3,8,2,14,3,17
16.7000,3,-2,6,13,11,21,-3,17,2,-4,4,16,0,10,6,16,2,-5,4,11,-6,17,3,27,6,-5,8,7,-2,23,-8,18,7,-10,3,7,-5,17,5,16,0,-7,2,9,-1,19,1,25,-1,-9,4,19,-1,13,-3,18,4,-3,5,14,-4,18,2,20
16.7200,2,-5,6,12,3,20,-1,18,7,-9,2,8,-3,11,7,16,2,-4,5,13,-5,16,2,22,-1,1,0,12,-6,21,-8,12,7,-7,4,7,-3,18,1,16,4,-8,5,10,-3,15,5,16,1,-10,10,18,3,16,2,24,3,-3,6,10,0,19,2,17
16.7400,1,-5,5,12,9,16,5,16,1,-4,4,10,-1,14,-1,21,2,-10,7,10,-2,21,-2,23,-1,-7,8,12,-2,16,-10,21,7,-7,1,9,-1,17,1,17,1,-11,2,11,-5,12,5,17,-1,-7,4,19,-3,13,2,16,4,-3,6,14,0,15,2,20
16.7600,4,-6,4,10,6,17,2,18,9,-8,3,13,1,11,5,17,2,-9,6,16,-9,21,2,26,2,-4,7,10,-1,17,-5,19,3,-6,4,6,-4,19,-1,20,3,-7,0,13,0,17,2,19,-3,-10,4,17,4,14,2,25,4,-5,2,12,-3,17,1,19
16.7800,7,-2,10,10,10,23,1,16,0,-1,6,14,-5,9,5,14,4,-7,4,12,0,17,-1,24,-3,0,8,12,0,14,-8,22,8,-10,1,9,-4,14,8,18,3,-13,2,13,0,15,3,15,1,-5,4,19,-2,19,3,15,2,-5,6,14,1,17,2,21
16.8000,10,-2,7,13,4,15,0,19,5,-6,5,17,-1,9,6,16,3,-4,6,12,-1,20,5,26,2,-4,5,13,4,20,-8,18,6,-3,2,12,-4,16,6,19,8,-14,9,13,-5,18,1,17,1,-6,5,14,-6,18,3,17,3,-8,2,11,0,16,-3,19
16.8200,6,-5,4,10,9,13,1,19,6,-4,-1,16,0,9,2,16,5,-10,3,13,-1,17,0,28,2,-4,8,14,-4,21,-9,19,10,-7,6,16,3,15,5,16,4,-12,3,11,-2,19,3,18,1,-7,12,18,-2,14,1,16,3,-3,4,11,5,15,0,19
16.8400,4,-4,0,8,11,18,0,24,11,-6,7,14,2,11,3,15,-1,0,4,11,4,20,-4,25,0,-2,6,11,-6,20,-7,20,5,-6,1,10,-1,16,2,21,6,-10,6,11,-4,16,4,19,3,-6,10,22,-1,15,3,20,5,-7,4,8,-4,21,3,18
16.8600,-1,-4,3,12,10,16,5,16,6,-5,7,11,-2,13,7,14,4,-4,4,10,-3,18,-2,25,5,6,5,8,1,20,-7,20,6,-8,0,14,-1,20,3,15,3,-12,5,11,-6,15,1,21,2,-9,8,20,-4,16,4,18,5,-4,3,11,2,18,-2,20
16.8800,7,-2,3,10,10,12,-2,18,7,-9,7,14,-2,12,0,18,1,-5,3,15,-3,19,6,29,1,-2,2,11,5,20,-10,19,10,-8,2,9,0,16,8,15,6,-14,4,15,-1,16,3,18,6,-3,1,20,-1,17,6,16,4,-7,3,14,2,19,0,22
16.9000,5,-3,1,10,11,12,2,23,2,-4,5,13,-1,9,1,18,5,-5,5,9,1,20,3,31,2,-4,3,10,5,19,-7,18,7,-7,0,16,4,16,3,20,6,-7,4,9,-1,22,4,18,-2,-5,2,21,-1,22,-3,22,3,-6,3,13,0,23,-2,22
16.9200,6,-1,1,11,8,17,2,19,6,-3,8,9,-4,7,5,18,4,-7,5,9,0,21,-1,28,2,1,5,13,4,19,-5,17,11,-9,6,9,0,17,4,21,2,-12,6,5,-6,17,2,18,8,-2,6,20,0,16,4,21,4,-5,5,10,-3,15,-1,19
16.9400,7,0,1,15,8,21,5,15,7,-3,6,13,-3,11,3,18,8,-3,3,15,0,19,1,27,2,-2,4,11,9,15,-8,19,10,-7,4,12,1,15,2,20,4,-9,3,12,-1,15,3,23,9,0,0,19,1,15,3,17,3,-4,0,14,-3,20,2,22
16.9600,4,-3,4,10,3,17,1,17,8,-8,5,9,2,14,1,22,6,-8,3,9,-4,19,2,24,0,0,1,14,2,20,-9,21,5,-1,2,11,0,14,7,22,8,-12,7,9,-4,14,6,20,7,-3,3,17,1,18,3,20,1,-5,1,15,-2,15,1,20
16.9800,2,-7,6,12,8,16,2,20,5,-4,6,15,0,13,8,17,3,-6,0,11,0,23,0,29,1,-3,3,5,2,19,-8,20,9,-4,3,16,1,20,0,20,2,-15,5,10,-9,19,4,19,6,0,6,16,3,17,3,20,4,-7,6,12,-1,20,3,24
17.0000,2,-1,8,17,8,18,1,22,5,-7,2,11,-5,10,1,22,6,-3,7,10,-1,18,1,29,1,-1,5,10,-1,20,-4,20,12,-8,6,16,-1,16,7,23,4,-15,4,11,0,16,1,18,4,-2,9,21,-2,18,3,18,3,-6,3,15,0,21,4,25
17.0200,0,2,8,10,10,20,0,20,6,-4,2,14,-2,15,5,21,5,-4,0,15,-4,19,4,26,0,-2,2,8,0,19,-9,17,8,-3,3,15,0,20,2,20,6,-12,2,8,-4,14,0,19,1,-2,3,22,2,21,6,24,2,-4,6,12,-1,24,1,17
17.0400,3,-2,5,13,10,19,5,22,4,-6,2,11,-1,11,1,22,6,-3,-2,18,-5,20,-1,30,2,0,4,10,-1,20,-7,21,4,-7,4,16,-1,14,2,25,3,-9,5,7,0,17,3,23,6,-2,6,24,0,19,4,19,5,-6,6,10,-4,15,-5,23
17.0600,1,-5,9,15,9,24,-1,18,7,-3,2,14,1,13,1,18,-1,-8,-1,14,-6,20,4,28,-1,-7,4,10,0,15,-11,18,11,-4,2,19,0,16,4,16,9,-14,7,13,-2,14,4,17,5,-6,7,22,-2,15,6,21,4,-2,-4,9,0,21,3,22
17.0800,3,-2,1,14,9,14,-1,20,1,-7,5,6,2,11,1,18,4,-1,0,13,-1,20,2,26,1,-3,4,13,0,16,-8,24,10,-7,3,15,-1,18,5,18,2,-8,4,8,-8,15,2,21,4,-6,9,22,-4,19,0,18,4,-7,2,14,-4,16,2,19
17.1000,1,-2,3,15,9,21,-5,25,3,-7,2,10,2,11,1,19,7,-7,4,11,1,18,1,31,0,0,2,8,3,16,-4,20,10,-7,6,16,0,18,6,24,4,-9,5,14,-3,19,2,22,9,-5,6,20,0,17,-1,22,5,-8,1,11,-3,14,2,22
17.1200,5,-4,3,14,6,17,-5,20,5,-5,7,13,5,14,-1,19,1,-5,1,18,-1,21,-1,30,0,0,6,13,2,23,-7,18,8,-3,0,16,0,21,1,19,0,-15,9,12,-2,19,0,22,4,-4,7,18,-1,15,3,24,4,-8,4,10,1,14,3,20
17.1400,1,2,1,17,9,15,1,14,10,-5,3,8,-1,10,3,14,4,-6,2,13,3,15,-2,22,1,-4,1,7,2,17,-10,22,10,-5,0,14,1,21,5,19,4,-12,4,8,-5,15,2,19,6,-4,2,19,-2,18,2,18,2,-5,3,14,3,17,-2,18
17.1600,1,-2,5,17,7,19,1,19,0,-8,6,14,-3,14,2,20,4,-6,2,14,-5,21,-3,31,-1,-4,1,15,3,21,-7,19,9,-6,3,11,-2,12,3,24,6,-13,2,12,-3,19,6,22,6,-5,3,12,1,21,4,18,4,-11,3,14,-1,18,0,17
17.1800,2,-5,2,14,4,16,-1,19,5,-5,5,10,-3,8,4,23,1,-3,4,13,1,22,2,26,-2,-3,3,8,3,20,-4,20,11,-4,4,13,-1,15,6,21,-1,-12,2,9,-4,20,2,21,6,-6,5,20,4,16,1,15,4,-8,2,13,-4,20,0,17
17.2000,0,-4,1,17,8,20,3,21,6,-7,3,12,2,14,2,22,0,-7,6,13,-4,21,-1,26,-1,-5,-1,14,0,16,-8,21,8,-6,7,11,1,18,4,22,2,-14,5,12,-5,14,5,21,3,-3,2,17,-3,17,-2,21,1,-3,3,14,-2,17,0,16
17.2200,6,-2,8,16,-1,20,-4,22,8,-5,5,15,2,11,4,19,1,-8,5,15,0,18,0,27,0,-3,-3,15,0,19,-5,20,9,-2,3,11,0,15,5,23,2,-11,5,14,-3,22,1,17,5,-4,5,16,2,18,-1,22,5,-9,4,13,-1,19,-4,16
17.2400,0,-8,8,15,7,18,-4,20,1,0,1,13,-4,8,0,18,6,-6,8,13,-1,21,2,25,1,-7,3,14,-1,17,-6,19,10,-2,8,12,-1,17,2,19,-2,-11,0,13,-5,19,1,18,7,-2,2,17,-1,17,2,24,3,-2,5,16,-2,16,2,23
17.2600,-1,-3,4,11,7,20,0,19,8,-8,5,17,-3,13,1,19,0,-8,4,11,-2,19,2,26,-2,-5,5,16,-4,15,-7,18,13,-5,6,15,-3,19,3,20,3,-10,1,14,-4,21,4,22,4,-1,4,17,-2,20,-1,22,2,-3,4,13,-2,20,6,18
17.2800,3,-3,6,14,11,17,-1,19,5,-5,5,13,0,15,4,17,6,-3,1,11,-3,19,3,23,-1,-4,0,14,0,18,-5,22,10,-7,4,14,0,16,5,21,4,-11,3,10,-4,16,3,20,6,-1,2,20,0,19,-2,19,3,-5,5,13,4,18,0,16
17.3000,5,-2,5,9,8,16,0,25,5,-5,6,16,0,10,4,17,4,-6,5,14,-2,22,-2,29,-4,-4,2,15,3,17,-9,18,8,-5,4,14,0,18,4,18,5,-12,3,15,-6,20,1,21,3,-6,3,17,0,16,-3,24,1,-1,6,13,-1,21,0,15
17.3200,1,-2,7,9,4,17,3,20,-2,-7,4,13,1,10,6,18,2,-4,3,13,-2,22,2,25,6,-4,5,13,1,9,-6,17,9,-3,4,11,3,13,5,21,3,-12,6,12,-7,17,3,18,0,-3,6,18,-1,20,-1,18,5,-8,3,12,-1,15,1,21
17.3400,0,-2,3,7,8,12,2,14,3,-3,2,17,0,12,1,15,9,-3,8,13,-3,18,5,25,-8,0,4,15,1,16,-6,24,13,-13,3,8,-4,18,4,21,4,-10,4,12,-6,19,3,18,3,2,6,17,-4,18,-3,19,1,-4,2,11,0,19,-2,17
17.3600,-2,2,3,10,6,18,6,22,3,-7,6,15,2,10,-1,14,3,-6,4,12,-3,21,1,25,-3,-4,3,16,1,18,-12,18,9,-5,0,9,-6,15,3,23,5,-12,3,10,-7,21,3,20,1,-9,8,21,-3,18,2,22,4,-1,2,13,0,18,0,20
17.3800,1,-5,2,12,9,18,-3,18,4,-6,1,13,-2,12,-2,17,1,-6,1,12,0,24,2,21,1,-7,3,13,-2,18,-10,17,15,-8,5,8,-4,17,8,20,4,-12,3,12,-4,19,5,18,1,-8,5,18,-1,23,1,18,0,-8,2,15,0,15,1,20
17.4000,2,-1,3,14,5,17,1,15,5,-9,0,12,0,8,2,15,3,-2,5,15,-4,20,2,22,-1,-8,4,13,2,20,-5,19,14,-4,3,11,-4,16,8,22,7,-9,5,13,-2,20,3,20,4,-6,3,19,1,17,-3,20,4,-3,5,10,-3,15,1,19
17.4200,4,0,4,14,3,22,-3,23,3,-10,4,16,1,13,3,21,4,-5,3,12,-1,21,-1,23,0,-5,3,15,-1,20,-6,19,13,-7,2,13,-3,17,5,19,3,-10,2,13,-7,15,0,21,-2,-7,4,21,-4,18,1,21,-2,-7,4,14,-3,18,-2,21
17.4400,5,0,9,12,9,16,1,19,3,-2,-2,14,-4,8,1,16,-2,-7,3,17,-1,20,3,27,1,-1,2,17,2,19,-2,18,8,-3,8,11,-4,20,5,20,3,-16,4,11,-5,20,1,16,2,-8,1,22,-4,16,1,21,1,-7,3,12,-2,21,4,17
17.4600,2,-1,4,11,10,18,2,16,6,-5,1,14,0,9,2,19,2,-4,4,13,-1,21,-1,26,-1,-2,1,14,0,15,-4,19,8,-13,3,10,-5,19,8,20,3,-16,5,18,-5,21,-2,15,4,-5,2,20,-3,17,-1,23,1,-3,2,11,-4,17,4,19
17.4800,0,-6,3,12,7,20,2,19,1,-5,1,15,0,14,0,17,3,-6,2,11,0,18,-1,23,0,-4,8,17,-2,19,-9,23,7,-9,4,13,-1,19,3,23,2,-11,0,17,-4,17,4,18,0,-6,2,19,-2,18,0,21,2,-7,2,14,-1,19,8,17
17.5000,2,-4,3,13,8,19,-1,23,5,-4,7,12,0,12,2,10,6,-9,2,14,-3,24,2,25,4,-4,5,17,-1,14,-11,20,10,-8,1,13,-4,19,5,19,1,-14,4,14,-4,22,4,20,-1,-10,6,18,-1,14,6,19,0,-2,4,10,-6,16,3,18
17.5200,4,-3,2,9,7,23,1,20,6,-5,4,12,-2,7,4,13,6,-5,4,11,-1,20,0,28,-1,-3,3,14,-7,18,-5,20,8,-9,9,11,-2,15,0,19,6,-10,4,10,-8,21,1,17,1,-7,7,22,-2,20,0,20,2,-4,4,9,0,19,2,20
17.5400,3,4,8,13,3,21,-3,15,7,-6,2,12,-6,10,3,18,2,-10,8,11,-3,20,0,27,-2,-1,9,14,4,24,-13,20,11,-8,7,10,0,22,3,19,4,-12,3,17,-2,19,5,22,2,-2,2,19,-1,18,0,23,6,-7,2,17,-7,22,-2,21
17.5600,-2,-3,6,13,8,18,2,16,10,-7,4,16,1,9,0,16,0,-10,7,14,-3,16,-2,24,-3,-10,2,11,-2,20,-7,19,13,-8,4,13,-6,20,8,22,5,-12,4,14,-7,18,3,16,-2,-5,3,22,-1,20,3,16,6,-4,6,12,2,17,3,23
17.5800,0,0,2,13,7,18,6,25,2,-3,8,15,-3,12,-4,16,3,-9,2,14,-4,18,1,29,1,-3,2,8,-4,22,-8,21,8,-7,9,10,-2,21,5,19,7,-15,1,16,-9,21,5,18,-1,-7,4,21,-3,15,0,20,6,-9,6,11,-5,19,1,22
17.6000,2,-3,4,14,6,19,-2,21,2,-8,6,15,-1,15,5,20,5,-10,4,17,-1,21,2,27,0,-6,3,15,0,13,-10,22,7,-10,3,19,-3,22,3,25,0,-15,0,13,-6,21,5,17,-1,-2,4,20,-1,19,2,15,1,-5,6,10,-5,16,0,23
17.6200,2,-2,4,6,6,19,-2,23,3,-9,8,15,2,11,-1,16,7,-5,7,12,-3,23,1,26,1,-5,3,13,1,16,-5,20,8,-5,5,11,-1,15,8,21,5,-14,7,10,-4,19,1,16,2,-7,0,23,-5,21,1,22,6,-8,5,9,1,18,-3,24
17.6400,3,-6,2,13,6,19,2,21,3,-8,8,10,-2,19,-3,18,7,-9,5,12,4,23,-1,29,-1,-1,9,10,1,19,-8,18,4,-9,5,12,-6,15,2,21,2,-14,2,14,-5,19,0,21,1,-9,9,24,-5,21,5,19,3,-7,3,10,-4,21,2,16
17.6600,4,-3,1,11,6,16,-1,19,2,-7,6,11,-3,15,3,17,5,-6,5,13,-5,19,4,23,-1,-7,4,12,-1,18,-9,18,10,-6,8,10,-4,14,5,22,3,-15,4,14,-3,18,1,20,2,-11,8,20,-3,21,0,15,3,-6,5,11,1,19,-2,16
17.6800,2,-5,5,12,4,20,1,22,3,-6,4,15,-3,13,0,17,5,-2,3,10,-3,20,2,29,4,-10,8,13,1,16,-11,18,13,-5,2,17,-5,17,2,21,6,-11,11,15,-3,19,0,23,3,-3,8,21,-2,22,4,21,3,-6,12,13,1,20,3,23
17.7000,-3,2,5,16,4,21,1,16,5,-6,3,18,-3,11,3,12,5,-6,6,14,-3,18,3,25,-2,-5,6,13,5,22,-8,19,13,-4,0,11,-1,22,5,23,3,-19,3,13,-4,19,4,20,1,-8,5,21,1,21,5,13,3,-5,4,9,-1,20,1,18
17.7200,0,-3,6,12,7,21,-6,17,6,-3,4,12,-1,12,-2,17,0,-7,5,11,0,25,0,26,3,-1,3,10,1,18,-8,21,7,-2,7,13,-1,18,5,20,3,-17,8,14,-2,19,0,18,0,-8,6,22,-1,23,-1,20,1,-4,6,10,-4,20,-1,23
17.7400,1,-6,3,18,4,20,1,22,6,-8,5,13,1,10,-2,15,5,-6,8,11,0,20,5,28,-6,-5,10,13,-1,20,-7,21,10,-8,3,16,-4,16,5,23,3,-14,7,17,-1,18,0,20,1,-9,2,20,0,21,0,22,2,-8,7,9,-3,19,1,19
17.7600,0,0,5,14,7,19,-1,18,3,-6,9,10,-1,14,1,20,2,-7,1,9,-1,25,2,27,-2,0,7,14,-1,19,-1,22,14,-8,0,11,2,16,3,24,3,-12,3,11,-6,23,3,23,-1,-6,7,24,0,23,8,19,3,-9,5,12,1,19,4,20
17.7800,-3,0,7,11,4,20,0,18,3,-4,4,13,-1,10,7,17,3,-8,2,17,2,20,5,25,1,-1,3,18,2,18,-6,23,6,-3,6,17,-3,15,2,25,-2,-13,7,10,-3,22,0,19,3,-8,4,26,2,21,2,22,1,-4,4,11,1,19,5,21
17.8000,7,0,7,11,4,18,4,19,7,1,1,11,2,10,0,18,2,-3,6,15,0,24,1,29,6,-7,4,10,0,20,-9,22,2,-5,7,12,-3,22,4,20,5,-14,4,14,-6,24,-1,18,5,-7,2,23,3,23,3,20,0,-5,7,14,-1,20,1,26
17.8200,-4,-2,3,16,9,24,6,17,6,-3,3,12,-4,11,2,16,7,-8,8,14,-1,21,3,29,0,-7,5,16,1,19,-4,24,7,-8,-1,18,-4,16,5,26,2,-13,8,14,-1,21,1,19,7,-4,3,24,-1,19,1,23,2,-3,8,10,0,22,1,22
17.8400,1,-5,7,18,6,22,-1,19,2,-4,7,11,-5,21,1,18,6,-9,7,14,-1,22,-2,27,-1,-9,8,14,2,18,-7,23,8,-8,5,13,-4,18,3,22,4,-9,7,16,-2,22,3,19,7,-4,3,21,-4,19,2,20,3,-2,8,19,4,20,0,19
17.8600,1,-3,1,15,9,21,5,22,3,-2,2,13,-5,13,1,17,8,-8,5,17,5,18,1,23,5,-3,4,13,2,17,-7,25,6,-3,4,13,-3,16,2,20,4,-11,7,14,-6,22,0,23,4,-5,4,22,0,22,2,25,2,-4,7,13,1,20,2,21
17.8800,0,4,3,11,12,22,-6,21,5,-1,4,15,-4,15,5,19,1,-11,5,12,1,18,2,23,1,-1,2,14,0,20,-8,19,7,-9,8,15,-3,14,5,21,4,-18,4,16,-3,19,3,20,8,-3,5,29,0,24,1,22,7,-7,0,14,2,23,-2,20
17.9000,-2,-2,6,16,6,21,4,21,5,-3,8,17,-1,12,-3,14,3,-5,7,14,-5,22,6,30,1,-2,5,13,4,23,-4,20,9,-4,4,13,-3,19,4,17,0,-12,10,10,-2,22,4,21,3,-7,4,22,-2,21,3,23,3,-5,11,15,-3,18,5,19
17.9200,-4,2,3,13,9,21,1,23,7,-5,2,14,-1,11,2,17,0,-10,7,10,-2,21,-1,26,1,-9,4,15,0,19,-7,19,6,-2,7,15,0,15,3,27,3,-15,10,15,-2,21,5,22,4,-3,2,25,3,17,-1,22,1,-9,7,13,1,22,2,17
17.9400,-2,-3,9,15,6,24,1,20,5,0,6,13,2,14,2,20,10,-5,6,11,-3,24,0,27,1,-2,6,12,0,15,-6,25,6,-3,0,10,-5,19,2,25,0,-11,5,13,-5,20,-2,24,7,-7,5,25,-2,23,-1,20,1,-7,8,9,-3,16,-2,21
17.9600,3,-2,7,13,9,18,-4,26,1,-1,5,14,-5,15,4,18,5,-9,3,16,0,21,2,27,2,-5,8,14,2,19,-4,22,8,-4,4,14,0,19,1,23,7,-18,2,16,-3,19,1,23,0,-6,4,26,0,19,5,20,5,-2,8,14,0,24,4,24
17.9800,-2,3,8,17,-1,18,0,19,1,-4,3,12,-1,17,-1,21,1,-9,2,14,-3,19,2,25,-1,-3,5,15,-2,19,-8,17,10,-4,6,8,-5,22,3,24,6,-10,2,17,-6,19,-1,20,2,-3,0,20,3,22,1,21,3,-5,7,16,4,22,5,24
18.0000,0,-3,4,19,5,21,0,22,2,-6,3,15,-3,14,1,16,1,-6,9,16,-2,21,4,27,-4,-1,10,16,1,22,-8,24,8,-4,2,15,-3,20,4,22,-1,-13,6,13,-3,20,2,18,0,-5,2,23,-1,19,-2,21,-2,-7,5,11,0,19,0,19
18.0200,-2,-6,5,12,8,28,-3,17,2,-5,3,16,0,15,4,17,-1,-7,5,14,-2,21,3,33,0,-7,7,16,3,19,-7,22,2,-1,4,14,-4,23,5,23,5,-15,4,15,-3,23,2,21,3,-4,4,20,1,17,3,22,2,-7,7,13,-3,18,6,19
18.0400,-6,-7,4,15,3,22,4,24,0,-7,6,13,-3,16,2,21,7,-6,8,15,-6,21,2,28,-1,-4,8,16,1,16,-2,21,5,-5,5,15,-4,21,6,26,2,-16,7,16,0,20,-1,25,4,-6,7,20,2,21,-2,20,3,-6,4,13,-3,18,1,20
18.0600,-3,-3,8,13,6,23,2,24,3,-5,5,14,-1,15,3,19,5,-7,3,15,-1,20,0,27,-2,-5,7,11,1,17,-6,21,3,-6,3,15,-2,21,6,25,2,-13,5,14,-4,20,5,19,4,-3,2,29,4,18,6,24,4,-6,9,14,-2,20,3,21
18.0800,3,-5,8,13,10,19,0,22,3,-7,-1,10,-4,12,0,18,1,-7,4,16,-2,23,-2,29,3,-13,8,12,-2,22,-3,20,9,-3,5,12,-7,20,4,27,2,-11,4,12,-1,21,0,20,-1,-1,0,23,0,21,4,21,1,-4,9,14,-4,21,-1,24
18.1000,0,-2,7,16,6,22,2,23,2,1,7,12,-3,11,4,17,6,-8,7,15,-1,24,3,29,-3,-2,6,10,2,20,-5,19,3,-6,8,10,-5,21,4,21,6,-12,3,15,0,22,0,22,4,-6,7,19,-1,21,3,22,4,-8,6,9,-1,23,3,16
18.1200,2,-3,6,16,2,21,-2,18,4,-4,9,13,0,10,-3,22,3,-8,3,9,-1,25,1,29,1,-6,9,13,-3,21,-6,19,8,-7,8,11,-4,21,4,23,3,-15,8,11,-6,22,1,20,5,-11,8,22,0,24,3,18,3,-4,6,13,1,19,2,25
18.1400,-2,-4,7,13,5,24,0,25,0,-7,3,11,-2,18,-4,15,0,-8,5,13,-4,17,-3,24,2,-7,6,13,-1,19,-6,17,6,-5,5,12,-2,19,2,22,2,-13,7,13,-7,21,2,23,-4,-6,5,20,-4,19,3,24,3,-3,3,15,-2,20,-3,23
18.1600,1,-4,8,14,7,20,-2,20,0,-3,4,14,-2,13,4,21,3,-5,4,15,-2,21,2,27,0,-4,3,13,2,21,-2,17,2,-8,7,12,-2,20,3,25,-1,-12,8,13,-2,20,-2,23,2,-8,5,21,0,23,2,19,1,-8,9,12,-2,20,3,20
18.1800,3,-7,4,16,3,18,-1,20,-1,-2,4,18,0,13,-1,20,2,-6,6,12,-1,21,3,23,-1,-4,6,14,-2,20,-7,16,1,-2,7,20,-7,20,1,29,2,-11,5,12,-2,21,0,17,4,-8,5,23,-4,19,0,26,0,-5,2,11,-1,21,4,18
18.2000,-1,-6,7,13,5,22,-3,24,1,-2,7,13,-1,12,2,22,4,-3,6,9,-4,23,1,24,-3,-6,7,13,1,19,-5,19,8,-3,3,16,-3,20,3,22,-3,-16,6,13,-3,22,1,21,2,-8,4,15,-4,17,4,22,1,-6,4,16,-3,21,4,18
18.2200,-3,-2,5,13,5,17,3,23,1,0,7,11,1,17,-3,16,2,-1,6,16,-2,23,6,28,-4,-7,6,17,-2,21,-9,20,7,-10,2,15,-1,20,2,20,0,-10,7,18,-5,24,-1,20,0,-9,6,23,-2,23,-1,25,1,-8,4,15,3,22,2,21
18.2400,1,-6,6,11,2,21,-1,18,4,-5,3,13,1,13,0,17,-2,-6,8,17,1,25,2,29,-3,-9,2,14,0,20,-8,23,5,-2,6,11,-3,21,5,23,0,-15,8,12,-5,21,4,23,2,-8,7,23,-7,19,-1,21,1,-10,5,15,3,20,0,18
18.2600,-2,-3,9,14,5,24,2,25,5,-5,6,13,4,16,1,19,-1,-6,5,17,-3,24,2,26,-3,-9,5,15,-1,16,-1,26,6,-1,1,14,-2,21,2,25,1,-12,5,12,-5,17,-1,21,3,-6,4,17,-6,21,-2,23,1,-4,4,10,-5,19,1,24
18.2800,4,-4,6,12,2,18,0,19,2,-7,1,9,-7,13,1,20,5,-5,2,16,-4,24,3,29,-4,-5,4,18,4,21,-5,22,6,-5,6,15,-3,22,7,24,0,-9,4,17,-4,18,1,24,3,-10,5,22,2,23,-2,20,2,-7,1,10,0,20,1,19
18.3000,3,-4,8,12,3,20,1,20,3,-4,3,11,0,16,5,18,4,-8,6,15,2,23,3,29,-3,-6,7,18,-1,15,-2,22,4,-7,5,14,-1,24,3,18,4,-9,8,14,-6,23,-4,24,1,-5,5,19,-1,23,1,23,1,-7,9,13,-5,18,-1,20
18.3200,1,-5,7,13,4,22,3,23,5,-4,0,13,-4,15,0,18,4,-5,10,11,-1,26,2,25,0,-8,2,17,-1,20,-5,19,5,-7,7,10,-2,23,2,29,-1,-15,6,16,1,20,-1,17,4,-11,4,21,-2,20,1,21,0,-2,5,13,-4,21,-2,23
18.3400,0,-5,7,11,8,19,-4,28,3,-3,5,12,-4,14,5,12,0,-5,6,15,-2,19,-1,27,-3,-7,9,15,2,20,-4,21,4,-1,5,14,-4,21,3,25,2,-10,10,20,-4,22,-2,23,3,-7,4,20,-6,21,4,24,-3,-10,7,14,-3,18,1,17
18.3600,-2,-7,10,15,2,22,4,23,0,-3,4,9,-2,16,1,16,4,-5,6,18,-4,27,-2,32,0,-8,5,16,-4,20,-5,21,6,-2,12,12,-3,20,7,23,-1,-9,5,19,-5,22,-6,25,4,-6,4,24,-4,21,5,18,3,-6,7,16,-3,23,1,24
18.3800,-4,-6,2,15,-1,20,-2,24,1,-8,8,14,-2,17,0,19,-1,-8,5,15,4,25,-1,23,2,-6,6,13,-3,19,-4,21,4,-7,4,12,-5,21,2,21,-2,-12,9,12,-4,24,-4,20,2,-9,4,24,-5,21,-1,20,4,-3,6,14,-2,18,2,21
18.4000,0,-4,5,11,2,22,2,21,2,-6,3,15,1,17,-2,17,6,-6,7,9,3,22,4,27,5,-9,5,12,1,17,-3,23,7,-6,6,14,-1,19,5,22,-3,-9,8,16,-7,21,3,23,1,-8,4,20,3,25,2,23,2,-5,5,6,-1,13,0,21
18.4200,1,-5,11,13,1,22,4,23,0,-2,6,12,-1,20,-1,20,0,-4,8,12,-1,19,0,30,-3,-6,12,14,5,16,-2,19,8,-9,9,12,-6,24,-3,21,-1,-6,7,15,-5,26,-2,23,3,-13,8,17,-1,27,-1,23,0,-4,5,13,-6,19,4,18
18.4400,-3,-5,6,16,6,24,-1,21,3,-3,1,14,1,18,3,19,-2,-11,6,18,-1,25,-1,28,4,-5,4,17,0,19,-6,15,3,-8,6,10,-4,19,3,20,1,-17,9,13,-1,22,-1,22,1,-8,4,20,0,21,-1,21,4,-4,8,17,-2,22,-1,21
18.4600,-3,-2,6,11,2,23,1,27,4,-8,10,14,3,21,2,13,1,-7,10,18,2,25,3,24,-1,-12,5,18,-2,24,-6,23,5,-4,6,14,1,22,-2,22,6,-6,6,14,-6,24,-3,24,1,-7,6,25,-1,24,1,20,4,-4,7,14,4,19,4,21
18.4800,1,-4,7,16,0,21,1,24,3,-10,8,14,4,15,1,18,0,-7,8,14,-2,25,3,23,4,-9,5,15,1,22,-4,22,4,-3,4,13,-5,21,2,22,1,-10,9,17,-1,24,3,22,0,-5,6,23,1,23,0,23,0,-8,6,13,-5,25,0,23
18.5000,-5,-2,7,17,2,21,0,23,2,-5,8,13,0,16,6,15,2,-9,5,11,2,24,2,30,-2,-5,10,12,1,24,-1,22,0,-5,11,16,-5,21,4,20,5,-10,7,16,-5,19,-4,19,3,-3,7,22,-6,18,0,21,1,-4,7,13,4,24,3,17
18.5200,-2,-6,5,14,2,20,-2,22,1,-2,5,16,-4,17,-2,20,3,-6,9,12,0,21,-1,23,2,-8,4,20,-1,16,-3,21,0,0,6,14,-3,20,6,26,0,-12,8,14,-1,17,-1,19,1,-8,4,21,-2,25,1,19,1,-9,5,18,5,23,1,21
18.5400,-4,-1,7,17,3,19,2,21,4,-4,6,11,-1,17,0,18,2,-6,7,12,-5,23,5,27,-2,-10,6,19,4,21,-5,26,8,-3,2,11,-4,23,0,25,1,-10,9,15,-3,22,-2,25,0,-7,3,23,-1,23,1,16,0,-9,8,13,-2,21,1,21
18.5600,3,-6,5,13,8,21,0,25,-1,-7,7,13,1,18,0,17,1,-4,6,11,1,27,3,27,0,-11,9,14,-1,20,-6,22,5,-4,5,16,-3,19,1,22,-1,-9,1,13,-3,24,-1,20,4,-6,8,20,-2,20,1,18,-1,-8,5,13,0,19,0,19
18.5800,1,-6,7,17,1,22,0,24,0,-6,11,16,-2,17,-6,19,2,-11,8,14,3,22,0,28,3,-10,5,15,4,21,-3,26,5,-2,6,12,-2,22,2,20,4,-16,7,14,-1,21,3,23,-2,-7,4,26,1,22,1,18,4,-3,9,19,1,23,1,20
18.6000,-2,-6,10,12,5,25,-1,22,3,-5,6,15,3,14,-2,24,3,-6,5,16,3,25,4,30,-5,-10,8,14,4,19,-3,23,4,-5,7,11,-2,21,3,23,3,-14,9,13,-1,24,3,21,-1,-6,7,25,-3,22,6,21,1,-7,5,12,-1,20,4,23
18.6200,-2,-10,8,14,4,21,-3,16,3,-4,6,10,1,19,2,23,4,-9,7,14,3,20,8,22,1,-11,7,16,-1,21,-6,20,-1,-3,8,13,-6,20,1,25,3,-11,10,13,-4,21,1,21,2,-9,4,19,0,24,8,24,6,-6,9,12,0,20,0,17
18.6400,-3,-7,8,12,1,25,-6,22,1,-10,8,22,5,18,1,23,-1,-6,6,12,6,22,1,26,1,-10,9,14,-1,21,-7,20,3,-1,6,16,-7,18,-2,25,7,-12,9,13,-7,22,0,21,0,-3,5,20,2,19,2,21,0,-5,7,17,-2,18,4,22
18.6600,0,-3,6,16,5,21,-2,20,2,-4,9,15,1,17,5,20,0,-7,9,13,-3,25,-1,25,-2,-11,8,20,2,18,-3,19,2,-12,5,12,0,20,-2,26,0,-8,8,17,-4,24,-5,18,0,-7,5,22,0,21,6,21,1,-5,4,17,-3,25,0,21
18.6800,-3,-5,6,16,2,19,-1,26,2,-6,8,15,-1,18,1,19,4,-10,8,13,5,23,0,26,-1,-8,9,18,-1,19,-4,19,3,-5,8,13,-3,21,1,21,1,-11,13,17,0,23,1,20,0,-7,9,27,0,30,4,18,-1,-1,3,10,-1,20,-1,21
18.7000,-2,-4,10,16,3,21,0,22,0,-3,5,14,0,17,1,21,2,-9,9,17,2,24,2,26,-1,-6,9,15,-2,24,-7,21,3,-3,8,15,-3,24,4,26,3,-8,10,13,-6,21,2,22,2,0,5,27,-2,20,2,24,1,-7,10,11,-1,22,3,18
18.7200,2,-3,5,15,3,18,-2,24,7,-3,8,20,-5,18,2,23,8,-9,5,15,-1,23,0,28,-8,-3,7,17,2,20,-4,22,-2,-7,7,12,-2,20,5,22,4,-13,4,16,-3,22,0,21,0,-3,5,22,-2,23,4,22,0,-6,7,14,-2,21,3,21
18.7400,-1,-7,8,18,-1,24,-2,21,0,-5,5,12,-1,17,4,20,0,-11,3,14,-1,22,3,24,-3,-7,11,11,3,23,-2,17,3,-5,7,12,-1,25,2,23,-1,-12,10,10,-4,27,0,24,2,-8,6,26,1,23,4,14,-1,-3,7,15,0,25,-1,21
18.7600,-3,-6,8,16,7,22,-1,20,3,-5,8,15,-3,19,-1,22,1,-4,12,16,3,27,6,24,1,-10,5,15,5,16,-5,23,0,-5,8,12,-3,23,0,24,-1,-7,7,11,-5,27,-1,25,1,-8,7,21,-6,26,0,17,2,-7,6,13,-2,22,1,22
18.7800,1,-6,8,13,3,24,-7,25,-1,-7,7,15,1,19,2,21,4,-6,5,9,-1,25,4,23,-7,-7,4,11,-1,19,-3,24,0,-8,5,10,-1,18,4,23,-2,-12,8,17,-5,27,2,21,2,-8,7,20,-1,20,1,21,0,-6,8,16,-2,19,5,18
18.8000,0,-2,7,16,-1,20,-3,23,-2,-5,9,16,4,19,1,22,0,-6,4,15,0,25,5,23,-2,-9,7,13,2,23,-4,25,2,-7,14,14,-2,21,5,29,8,-13,11,15,-3,25,0,23,-5,-7,9,19,-1,22,0,26,-1,-9,4,17,-3,24,4,23
18.8200,1,-8,8,11,8,25,0,28,2,-5,7,18,-2,18,2,17,4,-4,5,16,3,23,6,23,-2,-8,13,14,3,19,-2,23,-1,-7,11,16,-1,22,0,24,-2,-15,6,16,-1,22,-1,20,1,-8,4,24,-1,22,5,23,-1,-7,9,12,1,20,1,20
18.8400,-1,-2,5,10,5,23,0,26,-2,-6,5,15,0,15,2,19,-1,-6,8,12,-2,26,3,22,-5,-13,6,17,2,18,1,24,-1,-6,2,16,-6,25,-1,23,-1,-9,6,17,-8,23,1,24,2,-10,6,19,-1,17,-1,23,0,-5,8,14,-1,23,-2,23
18.8600,-4,-7,8,13,4,16,-4,23,-3,-5,6,14,2,16,1,15,2,-11,7,16,0,28,4,25,-4,-11,10,13,2,25,-3,21,1,-3,9,19,-6,23,7,19,-1,-12,8,13,-3,22,0,26,4,-8,9,25,-2,25,5,20,2,-2,8,14,1,21,6,24
18.8800,-2,-5,8,14,3,19,-4,24,3,-7,4,18,-1,18,5,20,4,-8,6,19,-1,24,5,27,-3,-8,8,15,5,22,-4,24,1,-6,7,11,-5,23,3,23,3,-13,11,14,-7,29,2,25,3,-7,5,24,-3,21,4,27,0,-7,8,15,-3,23,-1,22
18.9000,-3,-4,4,17,-1,25,-3,23,0,-5,9,17,-2,18,2,19,3,-7,10,11,1,22,3,23,3,-11,6,17,2,19,-6,20,-1,-9,10,17,-5,26,0,24,1,-8,9,16,-7,25,0,24,0,-6,5,26,0,21,2,25,3,-3,5,13,-4,22,2,22
18.9200,-4,-5,9,17,2,24,-2,25,1,-4,5,15,-4,17,-1,19,-3,-8,8,15,3,23,-2,27,-3,-7,6,14,4,19,-2,19,-2,-6,10,15,-4,24,-1,23,1,-9,6,14,-6,23,4,21,2,-10,7,19,-2,21,4,22,4,-4,6,18,-5,23,1,23
18.9400,-4,-8,9,11,3,24,1,25,0,-5,12,16,-3,20,2,20,4,-6,7,15,-1,26,2,30,-1,-6,7,17,-2,24,-1,22,6,-4,4,14,-5,22,5,22,-1,-12,8,15,-6,23,3,25,2,-9,6,21,0,25,5,23,5,-8,9,18,-1,21,1,19
18.9600,0,-3,9,12,4,22,-1,22,-3,-4,10,9,1,17,6,21,-4,-6,8,14,-1,21,3,24,-4,-8,5,14,0,24,-2,24,-1,-9,6,20,-4,29,4,20,0,-12,10,14,0,25,3,26,3,-5,9,24,0,26,2,24,1,-7,11,13,4,20,-1,21
18.9800,-4,-5,9,17,5,25,-1,20,-2,-9,8,10,-3,20,5,22,-4,-9,4,15,2,23,3,28,0,-5,8,17,0,23,1,23,3,-8,6,17,-7,23,8,18,2,-11,11,15,-7,30,2,29,5,-3,6,25,-1,24,3,20,-1,-7,10,11,-1,26,-1,28
19.0000,-6,-8,12,15,2,25,0,25,-1,-5,10,16,-2,21,4,21,-1,-7,7,12,-3,26,0,28,0,-6,8,16,5,25,-6,14,3,-6,8,13,-7,21,5,24,2,-11,7,13,-7,25,-2,23,5,-9,6,21,-3,24,3,21,-2,-6,8,15,-3,23,-2,22
19.0200,-2,-2,11,16,-3,24,-2,28,5,-4,8,15,-7,24,1,20,1,-5,6,14,-2,25,6,27,0,-6,12,16,5,22,1,26,1,-5,10,13,-1,21,0,23,2,-12,9,11,-6,24,5,23,7,-7,6,21,-2,27,5,24,1,-8,6,15,-2,27,3,22
19.0400,-3,-2,10,10,0,18,0,24,-4,-3,14,9,-4,21,3,19,1,-8,9,17,-3,26,1,31,0,-10,10,17,4,21,-5,22,5,-5,9,19,-2,23,5,19,2,-10,12,13,-5,24,-4,24,-1,-10,8,25,-2,24,2,20,-2,-7,6,12,-1,23,2,19
19.0600,0,-3,14,9,0,27,-5,24,-3,-3,13,11,-2,17,1,19,1,-9,7,17,1,25,3,28,-4,-11,10,18,-2,22,7,20,9,-5,8,13,-8,22,1,25,-1,-11,12,14,-5,24,-2,24,1,-10,10,17,-1,20,1,22,3,-7,9,19,-4,23,-1,21
19.0800,-4,-6,10,12,1,26,4,20,-1,-5,4,18,-1,15,3,19,-2,-10,7,13,-2,25,0,26,1,-8,7,16,-6,24,-3,21,2,-7,10,11,-8,22,4,21,-2,-11,9,14,-5,24,-1,27,6,-8,9,19,-1,21,1,26,3,-7,13,11,-3,26,2,24
19.1000,1,-6,8,14,0,27,-2,21,2,-4,5,12,-9,17,3,21,-5,-6,8,14,-3,24,-2,28,-3,-6,9,12,3,21,-9,19,1,-8,7,15,-6,23,7,19,2,-10,10,10,-5,27,3,28,1,-8,5,23,-1,21,-3,21,1,-8,8,16,-2,21,2,23
19.1200,-3,-2,8,15,1,23,-3,23,-3,-5,8,15,-10,18,2,18,0,-6,6,15,-2,29,4,28,-4,-7,10,22,0,26,-6,19,3,-5,11,17,-5,28,7,25,-5,-13,10,13,-1,28,4,23,3,-9,11,23,-3,26,0,25,0,-6,8,15,-1,21,1,25
19.1400,-3,-9,9,15,-1,26,5,23,-1,-3,12,18,-6,24,-1,18,-2,-8,12,14,-3,26,3,31,-1,-4,7,15,-3,21,-3,21,5,-4,10,15,-6,24,6,20,2,-12,11,16,-4,31,3,23,0,-9,8,18,-4,27,0,20,4,-6,10,11,-1,19,4,19
19.1600,-1,-2,12,13,1,23,-1,26,2,-11,11,17,-7,22,3,19,1,-11,9,10,1,26,0,23,-1,-5,7,16,0,23,-1,23,1,-7,9,14,-7,26,7,21,-3,-12,5,13,-4,24,4,27,4,-6,7,16,2,23,0,26,1,-10,6,15,-7,21,0,22
19.1800,1,-8,9,13,4,27,1,23,0,-2,10,16,-4,17,-1,16,-1,-8,8,11,-6,27,0,27,-5,-10,7,20,2,25,-2,25,4,-6,7,15,-8,21,6,23,0,-11,10,13,-3,29,1,23,0,-10,8,20,-4,22,5,21,1,-10,6,12,-3,22,1,25
19.2000,1,-1,11,13,2,26,0,25,3,-3,7,14,-4,20,2,20,0,-12,8,19,3,28,5,27,-3,-10,7,19,5,24,-2,25,5,-7,6,13,-7,26,2,21,-3,-14,13,17,-5,27,4,24,0,-9,6,18,1,19,-3,20,5,-7,7,13,1,20,2,23
19.2200,-4,-6,8,16,-1,25,-1,24,-2,-2,6,11,-2,19,1,21,-1,-10,8,14,0,30,1,27,1,-7,8,20,-3,22,-1,25,5,-6,10,13,-6,28,2,19,3,-11,12,14,-4,31,0,24,-1,-13,8,17,-3,24,1,21,3,-11,12,12,-7,23,2,23
19.2400,-2,-6,9,14,-2,28,0,25,1,-4,10,15,-3,18,3,23,3,-9,12,13,-3,26,3,28,-3,-11,5,14,1,23,-4,27,3,-7,9,16,-5,23,4,23,-2,-11,7,17,-7,30,0,20,1,-6,6,20,1,23,2,25,-2,-11,7,17,1,24,0,24
19.2600,2,-5,12,14,-2,25,4,24,1,-7,13,16,-2,25,0,21,0,-4,4,15,2,29,5,31,-4,-8,7,14,-2,26,-3,24,6,-4,8,16,-7,25,8,23,-3,-8,7,17,-2,28,1,21,-1,-6,8,20,0,23,-2,21,-3,-5,9,17,-1,25,0,25
19.2800,-4,-10,11,18,5,25,5,20,2,-2,5,12,-6,21,1,23,1,-7,12,16,-1,24,7,27,-3,-4,12,17,0,26,-6,20,9,-5,10,13,-3,21,3,25,1,-14,12,15,-2,36,1,21,2,-2,6,21,1,25,2,21,1,-4,5,13,-2,26,4,23
19.3000,-2,-9,5,16,7,24,4,26,-2,-1,10,13,0,21,5,18,-2,-9,9,12,-1,28,1,32,1,-4,11,17,3,25,-2,21,4,-7,7,11,-6,27,-1,21,0,-14,9,15,-6,29,7,26,-2,-7,6,20,1,26,-1,21,-1,-8,8,18,-4,22,-1,27
19.3200,-5,-8,10,15,6,25,5,22,0,-2,11,16,-4,20,3,23,-2,-10,9,16,0,24,-1,28,-4,-2,10,15,5,20,-6,20,-1,-7,11,15,-5,22,4,21,1,-13,9,17,3,29,-1,22,-2,-7,5,23,-2,27,2,20,-1,-7,12,13,-1,23,3,22
19.3400,-5,-11,5,13,4,22,-2,25,-4,-1,11,16,-5,15,-3,23,0,-8,9,13,0,25,2,33,0,-6,10,14,3,24,-2,27,2,-7,13,13,-1,26,1,22,2,-10,9,22,-5,30,1,24,-1,-7,6,20,-2,22,-3,22,1,-9,8,12,-4,22,-2,22
19.3600,-4,-9,10,14,3,29,2,21,2,-4,6,16,1,17,3,23,-3,-11,8,20,0,26,1,33,-2,-8,7,16,2,24,-4,22,5,-5,9,17,-4,26,3,21,4,-13,7,18,1,25,-2,28,-3,-8,10,23,-5,26,3,22,2,-8,11,11,-1,26,4,22
19.3800,1,-8,12,16,3,25,2,28,4,-6,6,15,-5,21,5,23,-4,-11,11,15,1,29,3,33,3,-7,6,17,1,24,-2,25,3,-6,7,12,-7,25,-1,22,-3,-12,10,15,3,31,1,29,-2,-11,11,20,1,27,2,27,3,-6,9,16,-1,24,4,19
19.4000,-4,-3,7,15,5,22,-1,20,1,-6,11,14,0,18,5,23,4,-9,5,15,1,27,3,29,-1,-1,10,17,1,25,-3,22,8,-3,11,15,-4,25,4,20,-1,-15,10,19,-2,29,-2,22,-4,-7,10,21,-5,23,3,24,0,-5,6,12,-1,22,3,20
19.4200,-5,-6,11,16,2,24,5,27,-2,-6,10,15,-2,20,2,23,0,-5,11,16,1,28,3,27,-3,-4,13,15,1,28,-5,24,4,-6,8,10,-5,26,3,22,3,-13,10,15,-5,27,-1,25,-1,-6,7,18,-2,27,5,20,0,-15,8,13,-2,27,4,25
19.4400,-3,-13,12,15,3,22,2,21,-6,-5,13,12,3,15,5,20,1,-10,6,13,-1,28,1,27,1,-7,9,16,-1,20,-6,23,1,-6,6,15,-5,24,-1,23,-3,-12,5,19,1,27,4,24,-2,-5,8,20,-1,25,5,24,-1,-9,12,9,-1,29,-2,21
19.4600,-2,-7,8,14,7,19,-1,23,-2,-4,15,14,0,18,6,22,-4,-11,9,16,-2,24,0,32,0,-8,11,15,0,24,-2,26,3,-5,10,10,-1,27,3,22,3,-13,10,17,2,29,1,18,-4,-10,10,24,0,27,1,21,3,-11,10,14,1,26,2,21
19.4800,-6,-5,14,13,6,23,1,23,2,-1,9,12,-3,17,4,21,2,-8,3,14,2,30,0,28,-2,-11,8,16,2,20,-5,26,3,-6,8,15,-6,29,2,23,-1,-11,10,15,-4,28,3,25,-4,-6,6,20,-5,31,2,18,2,-10,10,11,-2,24,3,23
19.5000,0,-6,8,15,4,28,4,22,-3,-4,11,13,-1,17,-1,23,-1,-7,10,15,-1,25,-1,27,-2,-9,6,17,3,27,-7,28,0,-3,10,10,-7,24,7,23,-4,-13,9,19,-1,24,3,23,-2,-7,4,21,-5,26,2,20,-3,-7,7,14,-5,28,5,24
19.5200,-5,-10,6,13,7,24,1,25,1,-6,9,15,-3,18,2,17,-2,-5,7,17,-1,30,3,34,-4,-7,12,17,2,25,-6,27,-2,-3,10,14,-3,26,7,22,-4,-13,9,18,-1,26,-6,28,-5,-11,6,16,-4,28,9,24,1,-6,13,18,-3,28,6,27
19.5400,-2,-6,9,13,6,25,0,23,-1,-5,7,16,3,17,3,21,0,-7,3,16,-3,27,1,30,3,-7,12,15,0,23,-4,23,3,-4,7,12,-8,27,-2,20,1,-11,10,13,-2,24,-2,25,1,-10,3,26,-7,25,-1,22,1,-7,7,18,-4,26,3,23
19.5600,-2,-3,7,11,3,26,0,26,-4,-4,15,17,0,20,4,22,-2,-6,15,18,-1,29,3,29,-4,-8,12,12,5,27,-6,22,5,-4,11,10,-8,24,5,25,-4,-11,12,14,1,24,-4,22,-6,-12,7,24,-3,25,7,22,-1,-9,11,13,0,26,0,23
19.5800,-3,-12,10,13,5,24,2,24,-1,-3,11,11,-2,14,2,20,2,-10,8,10,-3,25,0,34,-4,-12,8,14,0,22,-3,24,3,-5,8,12,-4,23,5,23,-3,-13,11,17,-3,26,1,24,-1,-5,6,20,-1,27,8,24,0,-5,8,17,0,27,1,22
19.6000,2,-7,7,11,2,26,-1,22,-2,-2,10,15,4,19,2,23,-2,-8,8,12,-4,22,-1,32,-1,-5,9,14,1,26,-4,27,2,-11,8,14,-1,27,4,23,-2,-10,14,10,-2,26,1,23,-1,-8,8,24,-3,30,4,28,-1,-8,9,11,-3,29,5,22
19.6200,-5,-8,8,14,6,23,2,22,4,-7,9,16,5,18,4,25,-4,-6,11,14,0,28,3,28,0,-10,8,17,1,24,-3,25,1,-4,10,13,-4,27,7,25,2,-11,12,13,-1,29,0,18,-3,-6,3,25,-1,26,2,25,0,-10,12,16,0,30,5,24
19.6400,-3,-11,7,15,3,26,3,21,0,-3,12,13,-1,19,5,25,0,-7,11,13,-1,28,0,29,-1,-5,14,15,-3,26,-5,25,7,-4,13,10,-3,24,0,26,-2,-12,12,12,1,26,0,27,-2,-5,7,25,-4,26,2,25,-2,-6,8,15,-2,26,2,21
19.6600,-7,-6,11,10,6,24,0,27,-1,-5,15,13,-1,16,-1,24,-3,-11,10,16,-2,28,1,28,3,-8,13,12,-2,22,-6,27,2,-6,11,16,-7,23,5,21,-1,-14,6,17,-1,28,1,28,-2,-7,10,26,0,24,6,24,-3,-11,10,20,0,26,3,25
19.6800,-6,-8,8,12,4,24,0,22,0,-3,11,17,3,18,3,27,-2,-10,5,16,-4,26,1,32,0,-6,11,14,-2,22,-3,25,-1,-2,6,15,0,26,-2,21,-3,-7,9,13,2,28,-1,25,3,-7,5,23,-1,28,6,21,-4,-6,13,16,0,28,4,22
19.7000,-3,-4,12,12,6,24,1,26,-2,-3,8,15,-2,18,3,25,1,-4,8,16,-3,27,3,32,-2,-9,10,14,-5,24,-6,23,4,-4,11,16,-7,26,-1,21,-6,-13,9,15,-3,28,1,29,1,-4,8,25,-1,27,4,24,2,-2,9,12,-2,28,7,22
19.7200,-2,-10,9,13,3,21,-1,28,-2,-8,6,11,3,14,3,24,-2,-9,12,13,-2,20,-1,33,-1,-8,11,12,-3,21,-3,22,-1,-4,15,16,-5,31,0,22,-2,-13,10,12,-1,29,-2,26,0,-9,8,24,2,28,8,23,-2,-3,16,10,-4,30,5,20
19.7400,-3,-7,9,10,4,27,2,20,0,-2,11,17,2,13,-2,23,2,-5,9,14,1,23,5,34,2,-11,15,17,-2,26,-2,26,6,-2,5,13,-5,24,-1,21,-2,-8,7,10,-4,34,2,26,0,-5,7,26,-5,26,2,25,0,-12,10,19,-3,25,3,19
19.7600,2,-6,14,15,7,21,3,27,-1,-9,13,14,0,17,-2,22,-1,-5,9,18,-2,28,1,35,1,-8,14,11,-3,25,-1,25,3,-6,9,16,-3,30,5,23,0,-11,15,13,-1,30,-3,24,-5,-5,12,25,-3,27,4,20,-2,-7,13,15,-1,27,3,26
19.7800,-3,-6,15,15,3,23,2,22,-2,-6,6,17,-2,14,-3,20,-2,-8,9,15,-5,27,9,32,-2,-7,13,11,-3,25,-7,21,-2,-10,10,18,-6,28,-1,23,-2,-12,7,14,-5,25,3,24,-1,-5,8,24,-7,24,7,24,-2,-3,10,14,-5,22,2,25
19.8000,-1,-6,10,17,1,26,5,30,-6,-3,12,13,-1,15,-1,21,-1,-10,10,14,0,24,1,31,0,-12,9,16,-3,28,-2,22,-1,-2,10,15,-3,25,5,19,0,-11,10,14,-2,27,6,24,-2,-2,7,23,0,28,6,22,0,-5,9,10,-3,28,6,23
19.8200,-3,-5,13,18,6,25,2,22,1,-4,10,12,1,18,1,22,-4,-7,9,14,0,27,0,30,0,-7,12,13,-4,24,-8,21,1,-5,12,14,0,24,1,22,-3,-9,11,10,-4,31,1,24,1,-5,8,26,0,28,4,26,1,-4,7,14,3,25,4,21
19.8400,-2,-8,11,18,-1,23,3,25,1,-4,8,15,3,19,-1,28,-3,-7,13,18,0,28,2,34,-4,-11,11,16,-3,26,-8,23,-1,-4,7,16,-4,30,4,28,-2,-12,12,13,-3,26,-2,25,1,-8,11,20,-4,31,3,27,0,-8,13,13,-6,30,0,23
19.8600,-3,-8,16,16,1,25,3,23,1,-8,8,12,-2,20,-1,26,0,-9,11,15,2,30,-1,30,0,-6,9,16,-1,26,-5,26,0,-4,10,19,-5,32,-5,24,-3,-12,14,12,-1,28,-2,26,-1,-11,8,23,-1,29,4,23,-2,-6,16,17,-1,28,1,28
19.8800,-4,-7,7,14,4,25,-1,24,-2,-2,12,16,-2,24,2,21,1,-10,8,17,-5,26,2,34,2,-10,9,17,-1,24,-8,22,2,-5,13,16,-3,25,2,24,-5,-13,10,12,1,28,0,26,0,-13,10,21,0,26,5,28,-1,-7,12,20,1,27,7,25
19.9000,-2,-8,13,13,4,24,4,22,-2,-4,10,17,-4,16,2,29,-1,-5,12,15,-2,27,-1,31,-2,-1,13,12,-2,25,-6,23,3,-7,11,20,-2,28,-2,24,-3,-12,12,17,0,31,2,27,2,-8,11,23,-3,27,2,21,-3,-5,14,18,-3,29,5,25
19.9200,-5,-9,10,15,3,21,5,25,-1,-4,11,14,-3,22,-4,24,0,-6,11,15,1,25,6,31,-3,-9,15,15,0,23,-5,24,6,-7,12,17,-2,26,2,24,-3,-12,13,14,1,29,-2,25,-2,-6,11,22,-1,30,3,20,-2,-7,14,16,-4,28,2,29
19.9400,0,-10,9,18,7,25,3,24,-2,-7,9,15,-3,23,-1,22,2,-6,11,14,-5,25,3,31,1,-7,10,15,-2,29,-6,28,6,-10,14,15,-4,28,6,19,-1,-11,10,14,-3,27,2,23,0,-6,9,18,-7,22,1,23,-4,-7,7,11,-3,24,7,23
19.9600,-2,-10,11,14,3,21,6,24,-1,-8,9,13,1,21,-2,24,3,-8,12,17,-2,29,1,27,-2,-10,11,18,-1,21,-7,21,4,-3,8,13,-3,29,3,24,-1,-15,9,16,-3,31,0,19,-3,-7,14,20,-4,28,2,27,-4,-10,10,13,0,29,4,23
19.9800,-4,-10,15,14,2,23,-1,27,-3,-8,14,17,1,19,-1,25,-2,-6,11,11,-2,25,4,33,2,-4,11,18,-1,26,-5,27,7,-6,12,19,-5,32,-1,27,-2,-9,13,16,-5,34,1,23,2,-8,10,22,0,25,3,18,-3,-6,10,12,0,27,3,20
20.0000,-1,-7,16,16,6,25,9,29,-1,-10,13,17,5,22,-1,25,-1,-8,13,18,-4,25,4,29,-7,-10,10,19,-5,26,-2,27,2,-9,8,11,-4,29,2,23,0,-15,11,18,-2,29,3,22,1,-2,9,22,0,29,3,25,0,-9,13,15,-2,25,1,23
20.0200,-5,-5,11,13,1,23,4,27,-5,-6,13,15,2,17,2,27,0,-7,15,17,-3,25,2,28,-1,-9,10,17,-6,27,-3,21,3,-4,8,18,-1,28,1,20,-3,-13,6,18,-4,28,2,22,3,-8,11,20,-3,26,-1,25,2,-9,13,15,-4,28,-1,24
20.0400,-3,-10,10,22,3,27,3,26,-7,-4,10,18,1,22,3,26,-2,-9,11,19,-4,29,0,30,1,-10,10,21,-4,23,-2,23,7,-10,10,15,-5,29,-2,19,-4,-11,12,15,-3,29,0,24,-3,-9,12,18,-2,25,0,24,1,-4,15,14,-5,27,2,25
20.0600,0,-7,14,13,3,23,4,23,-1,-6,13,13,-4,17,4,23,-4,-8,15,18,-3,27,4,35,-2,-6,13,13,-1,28,-6,28,3,-10,14,14,-4,30,2,23,3,-6,11,15,-1,34,-1,25,-2,-7,11,22,0,31,3,20,-1,-9,13,13,0,27,1,20
20.0800,-7,-7,15,17,3,25,-1,28,-4,-7,11,19,-2,18,1,22,-5,-6,12,18,-1,30,2,30,-2,-9,13,13,-1,24,-4,26,0,-2,11,9,-4,28,2,20,1,-12,15,15,-1,32,-3,26,2,-9,9,20,-2,27,2,25,0,-10,12,11,-5,23,0,25
20.1000,-2,-4,10,14,5,21,5,27,-5,-6,11,14,-1,23,4,25,-1,-13,14,14,-3,22,0,31,-2,-14,10,16,-2,23,-3,26,3,-4,13,16,-9,28,4,26,0,-12,13,17,2,30,0,24,-4,-11,11,17,-3,26,3,24,-2,-8,12,12,-4,24,-1,26
20.1200,2,-5,10,13,2,26,1,24,0,-6,9,12,3,21,3,26,-1,-8,15,16,-3,29,0,31,-1,-13,12,15,-2,26,-7,27,4,-7,15,17,-7,30,2,25,-1,-10,9,13,-4,28,3,26,2,-11,10,22,-4,28,2,26,-1,-6,12,13,-1,29,-1,25
20.1400,-4,-9,12,15,0,28,3,23,-1,-6,19,12,3,22,1,21,-7,-9,13,19,-3,27,2,31,2,-10,16,16,-4,24,-2,26,2,-6,11,15,-8,26,6,20,-2,-9,7,16,2,28,1,26,0,-9,7,21,1,23,-2,26,-2,-12,12,15,-1,31,1,24
20.1600,-4,-8,13,8,4,25,0,24,-3,-6,13,14,0,22,2,23,-5,-9,9,15,2,26,2,30,0,-4,13,15,-1,25,-5,24,5,-9,12,15,-6,30,-1,22,-3,-8,14,17,-4,32,1,28,0,-10,11,21,1,25,-1,26,-2,-6,13,14,0,27,4,24
20.1800,0,-13,11,20,0,27,2,25,-3,-7,12,14,-1,21,4,22,-4,-10,15,12,-3,27,-1,32,-3,-5,15,21,-4,24,-6,28,0,-5,10,12,-5,27,6,23,2,-13,16,19,2,29,4,22,2,-10,12,21,-3,26,-2,30,3,-10,13,16,-5,27,3,25
20.2000,-4,-10,12,12,-1,26,3,19,-2,-3,12,16,-3,20,6,28,-2,-7,12,17,1,28,0,24,4,-8,15,19,-3,23,-4,22,0,-6,9,14,-3,31,1,21,-4,-10,9,15,-8,32,3,27,0,-11,8,19,0,26,4,27,0,-2,14,14,-2,27,0,26
20.2200,-5,-8,12,19,6,28,0,20,-3,-9,11,11,0,24,5,27,-2,-10,16,17,-2,27,3,28,0,-8,10,18,-4,29,-7,24,-1,-9,13,18,-4,28,4,22,1,-8,16,22,-4,30,-2,29,0,-14,7,20,4,29,2,27,0,-8,15,14,-5,27,2,28
20.2400,-6,-8,10,16,3,26,1,24,-1,-1,14,11,2,20,1,22,-2,-9,12,19,-5,30,2,32,-4,-7,9,17,-9,30,-6,26,2,-6,16,14,-6,31,1,17,2,-11,15,16,-4,29,6,30,-4,-11,14,20,-1,27,-3,24,-3,-9,16,19,-4,27,6,22
20.2600,-4,-12,9,13,1,25,5,24,-5,-8,12,10,1,21,1,21,-1,-7,13,16,-3,24,4,33,2,-7,14,16,-2,28,-6,27,1,-5,14,14,-5,29,0,22,-5,-11,13,17,0,29,6,26,0,-6,12,21,-5,30,-3,27,0,-7,17,15,0,26,6,25
20.2800,-5,-7,17,15,4,30,0,25,1,-5,10,10,-1,21,3,26,-1,-6,16,14,-5,27,4,32,3,-7,13,15,0,26,-5,24,-3,-7,14,10,-3,27,2,27,-4,-9,11,18,1,29,-1,25,-3,-9,12,21,-5,28,5,24,0,-12,11,14,0,25,2,28
20.3000,-8,-12,11,14,3,26,4,26,-4,-2,14,12,3,20,3,28,-6,-13,10,16,-3,27,-1,36,-2,-8,16,17,1,29,-1,27,1,-8,15,13,-7,32,4,17,-3,-8,8,15,-2,31,7,20,-4,-12,12,18,-2,29,4,24,0,-10,15,17,-5,29,3,28
20.3200,-8,-10,14,17,0,30,5,22,-3,-8,10,15,0,19,2,24,0,-10,20,14,-2,29,5,32,-2,-10,10,16,-1,28,-4,23,0,-6,16,16,-5,27,2,23,-6,-6,15,16,-2,30,6,25,-1,-8,9,21,-5,26,4,24,-1,-8,10,16,-3,26,4,23
20.3400,-6,-11,15,18,3,26,4,28,-2,-6,10,12,1,23,3,26,-2,-4,13,17,-3,26,0,32,-2,-11,9,17,-1,32,-3,26,3,-11,14,14,-6,30,4,21,0,-11,13,15,-4,32,3,25,3,-8,9,19,1,29,1,26,-3,-7,9,14,0,21,2,23
20.3600,-3,-4,9,16,6,28,1,23,-1,-8,14,17,0,22,3,24,-4,-6,11,15,-1,29,5,30,0,-13,12,19,2,24,1,24,2,-9,15,12,-6,29,3,26,-3,-9,15,15,-3,27,3,25,-5,-9,13,21,-1,29,3,28,-2,-9,14,19,-2,27,2,24
20.3800,-10,-7,8,19,-1,25,8,25,-3,-6,15,16,-4,22,-1,25,-2,-13,16,15,-2,26,2,32,-1,-5,14,18,-2,28,-2,27,2,-9,14,13,-6,29,1,23,-3,-11,13,18,4,29,1,24,-3,-11,15,23,-2,27,1,27,-4,-7,14,14,-6,27,4,28
20.4000,-6,-4,12,14,3,27,3,25,-4,-7,15,18,3,20,2,30,-6,-8,12,16,-5,23,-1,30,-2,-7,11,13,-5,28,-3,23,2,-12,10,14,-2,31,0,25,0,-13,8,19,3,30,2,29,2,-10,14,22,-4,26,1,26,-3,-11,15,13,-2,28,6,23
20.4200,-7,-8,10,17,3,25,0,19,-2,-8,12,18,2,23,3,23,-8,-7,13,19,-3,28,3,34,-5,-10,16,15,-2,30,-1,28,1,-7,16,15,-5,29,1,23,0,-10,16,20,2,33,1,23,3,-8,14,23,0,24,3,18,2,-9,10,13,-4,33,-2,27
20.4400,-3,-10,14,14,4,26,4,27,-3,-9,10,13,1,24,4,29,-4,-9,11,8,-4,28,-1,33,-8,-7,16,16,-1,28,-5,30,2,-7,12,17,0,36,2,25,3,-10,13,16,4,31,2,24,-3,-8,9,19,0,28,-2,29,-4,-11,15,12,-1,25,2,26
20.4600,-1,-6,9,11,0,28,-1,26,-3,-8,16,15,0,21,2,24,-5,-10,12,12,-4,27,-1,33,0,-10,10,16,-5,26,-1,28,-1,-11,12,16,-5,27,0,25,-2,-14,11,18,4,33,6,28,0,-10,15,25,2,22,1,26,-1,-8,18,12,-1,25,2,26
20.4800,-1,-10,12,14,6,27,4,28,-4,-7,11,16,1,24,-3,25,-3,-10,12,15,-4,28,-3,35,-2,-9,16,11,-5,28,-3,28,-4,-9,14,16,-4,30,-1,28,-3,-11,15,13,-1,35,3,27,-2,-7,11,25,-2,33,7,30,-4,-6,14,19,-2,26,3,24
20.5000,-3,-8,16,18,-2,22,2,27,-5,-10,17,18,-2,19,1,27,-5,-7,11,14,-5,28,0,31,0,-9,16,13,-2,28,1,29,6,-7,10,15,-6,32,5,21,-4,-10,14,14,-5,32,3,25,3,-7,15,21,0,25,6,26,1,-11,13,16,-10,27,4,27
20.5200,-4,-9,16,15,0,27,3,22,-6,-4,13,17,0,22,1,26,-6,-6,14,12,-3,27,-3,29,0,-3,16,13,-5,27,-6,27,2,-5,12,12,-4,30,2,24,1,-12,12,15,0,30,5,25,-6,-10,10,22,1,29,2,23,-1,-6,11,15,-1,27,5,24
20.5400,-5,-11,11,17,4,27,2,25,-6,-3,13,18,-3,24,3,29,-4,-6,11,13,-2,26,0,35,2,-5,19,17,-1,26,-4,30,4,-5,16,11,-1,27,1,27,1,-13,19,16,-1,32,2,25,0,-9,15,23,0,24,3,25,-5,-10,12,17,-1,31,2,27
20.5600,-2,-11,17,13,2,26,3,28,-6,-10,14,13,-3,21,2,24,-7,-11,15,13,-4,29,3,30,-3,-7,15,13,-3,25,-1,33,2,-8,12,15,-3,34,-3,23,-1,-6,15,16,-2,29,-2,26,3,-6,9,19,-4,26,0,28,-5,-8,11,15,-7,26,4,28
20.5800,-8,-9,17,21,4,29,4,22,-2,-6,14,21,2,21,2,29,-3,-8,9,12,-2,29,2,31,1,-4,15,14,-5,30,-1,28,-1,-11,9,14,-5,33,2,22,-2,-10,16,14,-3,34,5,26,-3,-11,13,17,-3,30,6,24,-3,-4,15,14,-2,26,-2,24
20.6000,-3,-10,12,16,5,24,6,25,-3,-5,15,18,2,23,5,24,-3,-3,13,15,-2,28,2,30,-2,-9,11,15,-3,27,-5,28,0,-8,17,13,-6,29,3,24,-1,-14,9,16,-1,35,0,27,-1,-7,10,20,-1,26,2,26,0,-5,13,16,-6,26,2,28
20.6200,-7,-6,12,12,3,28,5,26,-2,-3,15,16,-5,22,-1,28,-1,-5,16,12,1,31,0,30,-1,-10,10,13,-1,29,1,26,8,-12,12,11,-3,33,1,17,1,-12,19,15,-1,34,2,27,0,-9,14,24,-3,27,1,25,1,-8,16,16,-4,28,0,22
20.6400,-1,-6,13,12,4,23,6,25,-2,1,12,17,3,24,3,28,-5,-7,11,14,-5,33,0,32,2,-8,10,13,-4,33,-1,27,4,-8,13,14,-1,30,1,25,1,-11,15,17,-3,32,1,28,1,-6,11,21,-11,29,3,31,0,-6,15,20,0,27,1,31
20.6600,-4,-11,13,18,-2,24,3,26,-4,-4,13,17,1,21,6,28,-3,-11,15,12,-3,33,0,36,0,-11,17,17,-9,30,-2,28,7,-6,12,14,-5,32,3,19,0,-8,17,13,6,32,4,24,0,-7,14,19,-7,26,0,27,0,-5,14,16,-4,28,3,30
20.6800,-6,-11,12,14,-1,25,4,24,-4,-5,13,13,1,22,3,26,-4,-5,14,11,-5,29,1,34,-2,-7,16,17,-4,25,-5,27,1,-7,13,14,-3,35,6,28,-1,-14,16,15,-2,32,3,24,-1,-8,12,17,-5,31,0,28,-4,-10,17,16,-5,33,4,27
20.7000,-4,-10,13,16,5,30,5,30,-3,-7,18,17,-5,21,2,21,-1,-9,10,15,-5,30,-3,30,0,-7,13,9,-4,29,-1,29,3,-4,15,15,-1,31,2,24,3,-7,17,9,-1,30,3,27,-4,-7,12,20,-2,29,4,26,2,-8,18,11,-5,35,4,25
20.7200,-1,-6,12,15,4,30,8,30,-4,-1,16,13,0,21,3,22,-2,-8,15,8,-4,28,0,29,-2,-8,14,13,0,31,-4,28,3,-9,12,11,-7,33,1,24,-3,-12,14,16,-4,26,6,26,5,-10,13,17,0,32,2,22,-1,-7,9,12,-2,32,2,29
20.7400,-4,-11,16,18,2,27,7,25,-4,-3,13,14,4,22,1,22,-2,-4,15,17,-2,28,5,31,-2,-9,13,16,-4,30,-3,25,2,-10,17,13,-7,32,5,23,1,-13,14,16,-3,29,4,30,-4,-8,13,22,-6,31,4,24,2,-10,15,15,-7,29,2,25
20.7600,-3,-6,9,15,-1,25,5,24,-5,-9,15,18,5,26,4,28,-4,-7,14,13,-5,34,2,29,-2,-6,18,21,-2,31,-2,31,0,-12,17,16,-3,34,3,26,2,-14,13,13,-2,30,3,26,-2,-5,12,19,-5,28,2,27,-5,-5,8,18,-1,25,5,25
20.7800,-5,-9,14,14,5,30,1,26,-5,-5,14,15,-1,24,2,25,-3,-9,14,17,0,31,4,30,2,-7,14,17,-3,35,-6,25,1,-11,16,14,-4,32,2,22,-4,-11,15,14,-4,32,3,23,-3,-10,17,20,-3,28,-3,26,-2,-7,16,14,-5,27,4,26
20.8000,0,-10,19,15,1,29,7,28,-1,-8,14,18,1,27,3,25,-4,-5,18,13,-2,31,2,34,-2,-6,12,13,-7,31,-7,27,1,-4,17,13,-3,33,2,25,2,-12,16,13,-4,33,0,26,-2,-6,10,19,1,29,3,29,-4,-10,12,15,-4,31,-2,31
20.8200,-3,-9,16,13,3,31,3,25,-9,-10,16,15,-1,21,6,29,-6,-10,13,14,-4,28,1,30,-1,-4,20,19,-2,28,-2,28,4,-8,14,12,-1,33,1,23,-2,-14,15,9,3,30,3,28,0,-4,13,19,-2,35,1,28,-3,-7,11,13,-2,30,0,27
20.8400,-7,-10,12,14,-1,28,0,25,-7,-4,14,16,1,26,2,25,-2,-8,16,15,0,32,2,34,-2,-5,19,15,-9,28,-5,26,-2,-10,17,11,-7,34,0,27,2,-10,11,11,1,33,3,25,-7,-8,15,23,-3,29,4,24,-3,-9,12,18,-2,28,5,23
20.8600,-2,-10,11,13,-1,27,2,24,-5,-7,13,17,-2,27,2,23,1,-13,14,12,1,29,2,36,3,-5,14,16,-4,30,0,28,1,-10,13,11,-6,37,2,26,0,-8,13,13,1,36,2,29,-6,-10,15,22,-1,25,3,26,-1,-11,21,15,-3,26,0,25
20.8800,-4,-13,20,15,2,29,9,27,-6,-6,18,15,-3,26,-1,27,-5,-9,17,16,-6,29,-1,30,1,-8,18,16,-6,24,1,25,-2,-8,13,12,-1,30,2,25,-4,-12,13,13,-1,33,1,29,-4,-8,13,20,-3,33,3,26,-4,-12,13,15,-3,31,2,25
20.9000,-3,-13,11,14,-2,27,5,26,-5,-7,15,12,-2,24,5,24,-2,-8,16,19,-3,27,5,37,3,-6,16,13,-6,30,-1,27,0,-8,14,14,-3,38,-1,22,-2,-10,19,14,0,34,-1,27,-2,-9,18,22,-5,30,0,23,-7,-7,17,12,-3,29,5,26
20.9200,-1,-9,15,15,-2,30,4,26,-4,-6,17,13,1,20,7,27,-7,-8,17,17,0,28,7,29,-3,-6,14,13,-3,27,-4,25,-4,-11,17,16,-5,29,0,23,-4,-8,16,14,1,29,4,25,-1,-8,12,19,-3,31,3,27,-4,-15,13,13,-3,35,3,19
20.9400,-4,-9,18,14,0,29,9,30,-6,-9,19,17,4,23,6,30,-1,-7,15,17,-4,31,1,36,0,-6,13,17,-5,28,-4,26,2,-10,16,12,-7,31,1,27,-6,-11,18,11,-5,30,5,26,-6,-6,11,18,-3,27,1,25,-3,-7,13,15,-5,34,-1,26
20.9600,-5,-9,14,11,3,28,6,26,-2,-8,15,16,-2,26,8,22,-5,-7,16,17,-8,28,4,35,-3,-10,16,17,-5,31,-2,24,0,-6,18,13,-1,30,3,24,-5,-12,16,19,-3,33,4,26,-6,-9,16,17,-7,31,3,28,-5,-8,17,15,-6,29,6,25
20.9800,-4,-9,17,7,0,31,5,28,-2,-6,14,12,-2,26,1,32,-9,-6,16,14,-5,32,3,34,0,-7,17,12,-3,31,-6,27,1,-12,16,14,-5,33,0,26,-7,-10,16,17,0,31,3,25,3,-5,13,21,-7,30,2,26,-6,-6,16,15,-7,31,4,26
21.0000,1,-7,14,16,1,30,4,26,-3,-8,15,17,1,26,4,23,-3,-6,15,17,-2,30,4,34,-5,-8,20,17,-3,32,-3,26,4,-7,18,12,-8,32,-1,27,-3,-10,16,14,1,34,2,26,-2,-10,11,19,-1,32,5,27,-1,-4,22,17,-3,30,4,25
21.0200,-4,-9,15,13,2,30,11,30,-9,-6,16,16,1,21,-1,26,-5,-8,16,16,-8,31,3,32,0,-6,19,16,-5,30,-6,29,3,-12,17,11,-8,30,2,26,0,-14,15,12,0,32,6,26,-2,-10,13,21,-3,32,2,25,-4,-9,17,15,-4,31,5,29
21.0400,-5,-12,14,17,4,26,4,25,-5,-9,15,13,-1,25,4,29,-4,-7,16,14,-2,29,1,36,-2,-7,19,19,-9,31,-4,27,3,-9,18,16,-1,28,2,24,0,-9,15,21,0,32,5,21,-4,-10,16,22,-7,29,2,24,-4,-9,13,18,-3,33,1,28
21.0600,0,-11,14,13,3,32,9,25,-7,-4,18,14,-1,24,4,22,-5,-10,21,15,-3,29,1,35,-2,-8,18,17,-3,33,-6,24,-1,-7,17,16,-5,32,0,24,-5,-11,14,17,-2,31,5,23,-6,-4,15,23,-3,30,3,26,-4,-7,15,12,-3,31,2,27
21.0800,-5,-9,13,13,6,28,6,27,-8,-4,13,14,-4,26,1,24,-3,-7,16,16,-6,29,5,36,-3,-5,17,17,-4,26,1,29,2,-8,18,15,-9,35,5,26,-4,-15,15,17,-3,36,4,26,-4,-8,16,21,-3,30,2,28,-3,-8,12,18,-5,31,3,22
21.1000,-1,-12,17,10,3,27,8,27,-3,-9,12,11,-6,21,4,28,-3,-7,12,14,-5,31,3,34,-2,-7,21,20,-4,31,-7,25,6,-9,14,14,-5,37,-1,29,-2,-12,17,14,-3,32,3,23,-1,-8,17,20,-4,35,6,25,-4,-8,13,12,-5,34,2,30
21.1200,-3,-8,15,12,3,29,7,26,-3,-11,19,9,-2,21,1,28,-3,-5,14,16,-1,30,5,39,-2,-10,17,15,-5,28,-3,23,4,-8,15,13,-6,33,1,25,-1,-11,14,15,-7,34,2,27,-4,-9,15,21,-4,33,3,26,-3,-4,17,13,-2,32,1,23
21.1400,-5,-11,14,12,2,34,12,26,-9,-5,18,10,0,23,3,24,-6,-7,14,16,-4,32,6,34,-2,-10,17,15,-5,28,-7,29,5,-6,19,16,-1,33,6,27,-7,-10,20,16,-5,34,5,25,-4,-11,12,22,-2,33,6,28,1,-9,17,18,-1,31,2,28
21.1600,0,-13,12,16,3,32,4,26,-5,-12,16,12,-3,18,4,31,-3,-2,18,12,-1,29,2,35,-4,-9,15,21,-4,28,-5,28,1,-6,16,13,-2,34,9,28,-3,-11,14,18,-4,33,4,26,0,-6,17,18,-6,34,6,25,0,-14,15,13,-4,33,5,24
21.1800,-4,-13,18,13,3,33,6,28,-4,-8,16,12,-2,23,4,29,-4,-5,17,11,-1,30,0,32,-4,-11,15,15,-9,32,-4,29,4,-8,18,14,0,35,5,26,-5,-12,16,15,0,34,-1,24,-1,-13,22,20,-3,33,5,26,-3,-11,17,18,-6,34,2,23
21.2000,-3,-11,15,15,7,30,8,24,-4,-7,15,14,-1,23,5,26,-7,-4,16,19,-2,30,2,35,-1,-10,13,14,-8,31,-3,25,6,-8,13,13,-11,36,2,24,-8,-12,14,11,-2,34,2,26,-2,-10,18,18,-8,30,6,24,-5,-7,18,15,-7,31,2,27
21.2200,-5,-15,19,15,5,29,9,26,-4,-4,15,16,1,23,7,26,-6,-7,18,13,-3,29,3,35,-1,-8,18,16,-9,29,-3,21,2,-4,13,14,-4,33,0,26,-6,-10,14,15,-6,36,3,27,-8,-7,19,21,-6,31,1,29,-7,-7,18,15,-5,34,-1,29
21.2400,-7,-10,16,14,8,34,4,30,-7,-10,17,15,-6,22,3,30,-8,-5,13,16,-7,33,2,39,-4,-8,15,15,-6,27,-4,26,3,-9,19,18,-5,31,2,26,0,-12,16,13,-1,32,5,25,-3,-9,12,16,-3,33,0,23,-6,-6,18,16,-2,35,6,29
21.2600,-3,-10,17,14,5,31,9,26,-8,-8,18,17,-2,23,0,30,-9,-7,17,15,-5,32,4,33,-8,-8,14,10,-7,33,-3,28,2,-5,17,15,-4,38,4,24,-1,-15,14,15,0,33,4,26,-6,-5,14,24,-4,32,4,33,-3,-6,19,14,-7,29,2,25
21.2800,-7,-11,17,11,1,29,9,28,-1,-8,19,12,-3,21,3,29,-7,-6,15,14,-4,33,-2,31,-5,-7,16,15,-6,30,-6,29,4,-7,15,13,-9,32,0,25,-6,-10,16,14,0,34,6,25,-5,-3,12,21,-2,30,4,22,-6,-12,17,12,-5,27,2,25
21.3000,-3,-16,16,17,1,30,7,24,1,-8,16,17,-3,21,3,31,-4,-7,19,10,-3,33,6,39,-6,-4,18,14,-5,27,-4,24,7,-9,15,18,-6,33,0,30,-5,-13,18,13,-3,35,-3,24,-3,-12,17,21,0,31,4,28,-1,-8,17,11,-2,32,5,24
21.3200,-7,-9,16,17,-3,35,7,30,-8,-4,19,12,2,26,9,31,-3,-7,15,12,-6,30,4,33,0,-7,16,17,-3,30,-7,29,5,-8,21,17,-6,34,6,24,-4,-7,14,10,-4,35,4,24,-6,-9,16,16,-5,27,1,31,-3,-9,20,8,-6,33,8,21
21.3400,-3,-9,16,13,-1,28,10,25,-9,-8,11,15,-1,24,-3,26,-3,-6,18,13,-6,31,4,34,-4,-9,15,16,-3,31,-5,28,9,-5,16,17,-6,33,-1,27,-8,-14,14,15,0,33,1,23,-5,-5,20,21,-6,30,4,28,-2,-11,13,16,-5,32,6,27
21.3600,-5,-15,15,20,1,28,6,27,-6,-6,15,20,-4,24,2,29,-5,-8,16,14,-5,32,0,32,-2,-8,16,15,-8,28,-4,26,3,-6,16,14,-4,41,0,27,-3,-10,16,13,-3,32,3,25,-3,-9,19,22,2,32,7,25,-2,-10,14,11,-3,35,2,29
21.3800,-3,-10,15,14,4,29,7,28,-5,-9,16,15,-6,23,5,28,-5,-1,15,14,-3,28,4,36,1,-13,16,11,-13,31,-6,29,7,-7,16,16,-5,30,4,32,-4,-16,21,15,2,33,7,26,-2,-12,14,19,-3,31,8,27,-3,-9,19,13,-3,31,6,32
21.4000,-3,-13,16,14,1,30,5,28,-7,-10,17,14,-3,27,3,22,-7,-7,14,13,-4,32,1,37,-2,-9,14,12,-5,33,-9,28,6,-6,13,14,-4,40,4,28,-6,-12,19,17,2,36,3,29,-4,-6,16,22,2,32,3,27,-1,-8,14,13,-6,37,1,25
21.4200,-4,-10,15,14,3,31,9,26,-2,-10,15,14,-5,21,0,27,-7,-11,20,10,-6,33,2,34,4,-7,13,13,-9,35,-6,29,6,-10,15,18,-5,33,-2,26,1,-13,15,12,2,32,6,24,1,-7,17,19,-1,31,9,27,0,-10,15,14,-2,35,1,24
21.4400,-5,-9,16,20,2,29,5,24,-2,-12,21,15,-3,24,1,28,-10,-5,17,7,-7,33,-3,39,-3,-5,19,14,-9,32,-3,28,4,-6,17,15,-2,35,2,25,-3,-17,20,13,-1,33,4,22,-2,-10,19,19,-3,30,2,26,-4,-9,18,14,-6,28,2,28
21.4600,-7,-14,15,18,4,30,8,25,-6,-8,17,16,-2,21,4,30,-3,-5,19,15,-1,32,0,34,0,-11,16,13,-7,34,-6,25,5,-9,17,15,-2,35,1,26,1,-13,19,16,-5,33,5,25,1,-12,18,21,-3,30,5,23,-5,-7,14,14,-5,30,5,28
21.4800,-1,-12,15,15,2,31,11,24,-8,-8,15,18,-2,18,2,27,-5,-6,19,18,-3,34,3,35,-3,-8,18,13,-7,30,-3,29,1,-8,13,12,-4,36,2,23,-4,-13,19,12,-3,33,2,26,-5,-5,13,20,-2,30,4,27,1,-13,17,12,-3,30,5,28
21.5000,-2,-10,17,15,6,33,7,26,-5,-9,19,18,-1,24,3,27,-5,-9,16,16,-4,30,6,39,0,-7,19,15,-6,31,-8,27,3,-8,17,23,-2,40,5,26,-3,-14,21,17,-6,33,3,25,-4,-4,16,22,-2,30,0,25,-1,-12,17,12,-3,32,4,26
21.5200,-4,-14,14,15,5,28,9,23,-6,-11,18,18,-5,23,1,29,-6,-7,18,18,-5,30,2,36,-3,-7,17,12,-4,31,-8,26,6,-9,18,13,-2,37,3,27,-5,-15,15,10,-1,33,3,24,-1,-9,15,24,-2,31,-2,25,-5,-9,15,11,-6,32,2,29
21.5400,0,-11,15,14,8,33,8,29,-3,-11,15,17,0,25,2,28,-8,-9,15,16,-3,29,4,38,-3,-6,15,13,-8,32,-9,29,-1,-5,15,16,-3,31,1,26,-2,-11,20,13,-1,32,2,29,-3,-7,16,21,-2,25,2,24,4,-8,20,15,-1,33,3,26
21.5600,-1,-12,15,19,6,38,8,24,-7,-10,14,12,-2,25,5,26,-5,-8,17,14,-5,33,3,34,1,-7,17,21,-5,29,-5,29,5,-9,14,14,-3,37,1,22,1,-15,17,17,-9,33,3,26,-1,-6,15,19,1,36,3,28,1,-12,21,16,-1,30,1,31
21.5800,-3,-18,22,21,3,33,7,25,-4,-10,17,14,-1,25,4,26,-4,-7,15,16,-1,30,9,36,1,-8,17,17,-8,30,-1,29,3,-13,17,14,-2,34,-3,21,-2,-15,17,14,2,31,4,24,-4,-9,14,19,-4,34,3,32,1,-10,16,15,-3,32,3,32
21.6000,-1,-12,22,20,1,33,10,31,-2,-6,12,15,1,23,5,25,-10,-8,15,13,-2,39,0,37,4,-6,15,17,-8,33,-6,31,8,-13,15,16,-2,33,0,24,-1,-15,17,15,1,36,3,24,1,-7,16,22,-2,35,4,31,-5,-13,15,11,-1,33,3,29
21.6200,-2,-10,18,14,1,35,9,23,-5,-11,16,16,-4,23,3,30,1,-8,16,14,0,33,0,36,2,-13,16,16,-9,32,-10,25,5,-10,17,16,-2,35,4,23,-4,-15,20,11,3,32,2,30,4,-7,21,19,-6,30,3,29,-1,-9,13,15,-5,29,2,28
21.6400,1,-12,18,7,6,32,7,26,-7,-7,16,19,-5,23,4,27,0,-9,17,17,-7,32,7,37,1,-12,17,16,-6,35,-2,26,7,-10,18,13,-2,35,1,25,-3,-16,20,12,-3,34,0,26,-1,-13,16,24,-3,33,1,27,0,-9,23,17,-1,35,0,30
21.6600,-5,-13,20,16,3,33,9,26,-7,-6,16,14,1,27,0,26,-5,-11,20,12,-4,32,5,36,-2,-17,16,19,-8,32,-10,28,5,-10,18,18,1,33,1,27,-2,-15,16,12,-4,30,1,25,0,-9,16,18,-1,33,4,28,-4,-8,15,14,-2,34,6,25
21.6800,0,-10,15,14,6,32,7,28,-2,-10,17,11,-2,28,4,29,-3,-6,16,17,-2,34,9,35,3,-13,18,16,-7,32,-6,25,6,-7,14,13,-4,32,0,29,-1,-12,16,14,-2,32,5,30,1,-11,19,18,-2,31,1,27,-2,-5,20,13,-4,32,4,28
21.7000,-4,-5,20,13,7,32,4,28,-5,-10,17,15,2,20,5,24,-3,-9,18,16,-1,33,2,31,0,-9,16,16,-2,33,-5,28,4,-13,13,14,-2,40,0,25,-3,-14,18,12,0,32,3,27,-5,-9,17,18,0,32,-2,27,-2,-10,19,8,2,35,-2,29
21.7200,5,-11,19,16,8,31,8,27,-8,-10,19,17,4,27,5,32,-6,-8,22,16,-7,33,4,38,1,-7,13,11,-7,32,-7,25,6,-12,16,10,1,32,5,22,-4,-11,18,14,0,34,3,25,-4,-9,16,21,-5,36,1,25,-5,-7,13,21,-7,32,4,26
21.7400,-7,-13,21,12,5,37,9,27,-5,-8,13,14,-5,21,4,29,-2,-7,16,12,-2,32,5,36,1,-9,15,13,-8,29,-11,29,4,-9,19,15,-2,33,1,27,-4,-15,22,15,-3,31,1,25,-3,-12,18,24,1,37,1,27,1,-11,17,17,-4,35,3,28
21.7600,-1,-17,17,16,7,32,7,27,-3,-15,20,18,-2,26,2,30,-7,-7,19,15,-3,27,4,34,-3,-10,17,11,-5,34,-5,26,2,-8,13,16,-3,38,0,26,-1,-14,22,12,3,34,1,24,-5,-9,19,20,-4,33,1,30,-3,-5,16,10,-1,33,-4,29
21.7800,-1,-11,16,14,7,33,8,29,-5,-8,18,14,-1,26,2,32,-1,-6,17,17,-5,33,2,32,0,-6,15,14,-7,35,-4,29,9,-9,15,15,-3,34,4,24,-5,-10,18,17,1,30,3,23,-8,-10,17,18,-5,28,0,27,-3,-8,21,11,-3,34,5,27
21.8000,-2,-11,12,16,6,29,5,31,0,-8,17,13,4,25,2,27,-4,-7,17,16,1,33,6,38,0,-8,18,15,-7,31,-8,29,8,-8,18,17,-3,37,-1,27,-7,-13,19,10,-6,35,3,24,-6,-10,18,24,-3,32,8,29,-2,-11,20,11,-6,34,2,28
21.8200,3,-15,17,13,9,31,7,30,-4,-9,15,17,2,25,6,27,-6,-8,19,14,0,35,5,36,5,-12,20,16,-2,31,0,29,3,-9,20,16,0,30,4,25,-5,-12,16,17,-2,33,6,22,2,-10,19,17,-1,31,3,28,-3,-9,12,12,-1,28,4,29
21.8400,-1,-15,12,17,3,33,9,27,-7,-15,23,11,-6,22,5,28,-4,-7,16,17,1,35,3,35,-3,-8,17,15,-12,37,-9,27,2,-10,17,11,-1,33,-1,28,-3,-15,15,12,2,30,2,22,-3,-11,18,21,-4,34,5,28,-3,-12,16,14,-6,32,6,31
21.8600,-8,-13,17,13,7,33,10,25,-10,-8,20,15,-6,26,5,28,-1,-8,15,16,-3,30,6,38,-3,-11,19,17,-5,36,-11,28,6,-14,18,19,-2,35,1,26,-3,-13,18,17,0,34,2,27,-5,-11,22,26,-2,35,4,30,0,-11,18,13,-3,33,6,26
21.8800,-5,-12,16,13,9,37,7,30,-10,-13,19,15,-5,31,5,29,-5,-7,13,17,-3,35,7,37,-2,-9,19,12,-4,34,-2,29,2,-10,19,13,-5,36,2,27,-6,-16,20,14,-7,33,2,20,-4,-6,21,17,-2,39,1,26,-2,-12,20,16,-1,34,4,23
21.9000,1,-13,17,13,6,35,7,28,-10,-10,15,14,-2,25,1,29,-4,-3,19,14,-4,32,5,33,-6,-10,17,14,-4,36,-5,28,7,-7,18,17,-4,36,5,27,-3,-6,21,16,-1,34,3,26,-3,-16,16,17,-5,35,6,27,-5,-8,14,12,-2,34,4,27
21.9200,-4,-12,24,14,5,36,11,28,-3,-11,13,18,-2,26,0,29,-4,-8,14,15,-7,33,-1,39,-4,-9,16,17,-6,33,-2,25,4,-11,18,19,-3,32,3,25,-3,-15,16,18,0,36,4,23,-6,-7,16,21,-6,34,2,28,-1,-5,19,13,-6,33,0,24
21.9400,-3,-16,19,12,6,32,8,30,-7,-10,19,16,-4,25,0,29,-6,-8,21,18,-5,33,4,39,-5,-13,17,17,-5,35,-6,27,2,-11,21,16,0,33,3,24,-5,-11,16,13,-3,37,3,26,-5,-10,22,21,-3,38,7,22,-5,-15,20,15,-6,31,3,24
21.9600,-4,-11,18,12,7,33,5,30,-9,-15,20,14,-7,22,0,30,-5,-11,18,11,-3,28,3,35,-7,-7,19,13,-8,32,-4,26,4,-13,17,15,-4,32,4,31,0,-16,18,17,-1,35,3,24,-6,-12,21,18,-1,35,2,29,-3,-7,19,14,0,33,1,25
21.9800,-3,-9,18,11,6,33,8,27,-8,-5,18,14,-5,26,0,27,-2,-5,19,13,-4,31,2,38,-1,-10,15,14,-5,33,-8,26,6,-13,22,17,-1,37,2,26,-7,-15,18,18,0,35,2,25,-5,-9,17,19,-4,37,3,29,-3,-7,20,14,-4,33,2,28
22.0000,-6,-11,17,14,2,38,7,28,-5,-11,20,12,-3,22,0,27,-11,-9,15,15,-3,34,3,35,-2,-12,20,17,-4,34,-5,33,7,-11,17,16,0,37,3,29,-4,-16,15,15,-1,33,4,19,-3,-14,21,20,-5,33,4,29,-2,-10,14,10,-3,34,4,26
22.0200,-4,-10,17,15,4,32,9,28,-7,-11,19,18,-1,25,0,28,-8,-8,18,17,-3,34,3,34,-4,-13,18,12,-4,34,-6,29,5,-8,19,15,-6,39,0,25,-5,-10,18,19,-2,35,3,25,-3,-15,17,18,2,34,2,27,-3,-13,15,15,-7,35,4,25
22.0400,-2,-14,19,14,5,33,6,25,-7,-10,18,15,-8,26,-2,27,-3,-8,16,15,-1,32,4,35,-2,-10,13,17,-6,30,-10,22,9,-10,16,9,-3,36,4,27,-5,-16,20,16,-4,32,3,25,-3,-12,19,19,-2,33,5,28,-6,-7,17,13,-4,29,8,24
22.0600,-2,-16,17,11,4,31,8,28,-5,-12,18,13,-7,28,-2,29,-6,-8,19,11,-3,35,0,33,-6,-8,14,16,-5,38,-5,28,6,-8,17,12,-2,30,2,27,-3,-18,17,11,-2,38,4,23,-2,-13,17,21,-5,39,5,28,-5,-10,17,11,-6,35,2,28
22.0800,-5,-9,21,17,-1,35,9,32,-4,-12,18,17,-8,25,2,30,-8,-5,23,16,-2,33,4,36,-2,-7,16,17,-7,38,-4,28,5,-10,16,16,-6,37,5,27,-1,-13,17,13,-5,34,4,29,-5,-10,18,23,-3,36,3,27,-4,-12,16,15,-4,34,4,20
22.1000,-4,-11,16,19,6,34,11,29,-5,-12,16,17,-7,28,1,29,-5,-10,19,13,-9,32,5,36,-2,-12,15,16,-7,37,-6,23,8,-9,21,15,-5,37,2,28,-1,-14,15,16,1,34,4,24,-8,-11,18,21,-3,35,2,27,-5,-10,17,14,-4,30,1,26
22.1200,-3,-10,18,16,7,36,3,32,-6,-13,15,15,-9,27,1,29,-3,-3,18,16,-2,36,2,35,0,-13,19,13,-6,37,-9,29,7,-9,16,14,-7,31,4,31,-4,-15,15,18,-5,32,8,23,-7,-13,21,22,1,32,5,28,-7,-12,18,17,-4,36,2,27
22.1400,-2,-12,16,12,5,33,7,30,-6,-11,20,17,-8,29,3,30,-4,-10,13,11,-7,31,6,38,-5,-6,25,16,-8,34,-7,26,9,-9,15,19,-3,37,0,30,0,-18,21,14,0,31,2,26,-2,-11,20,18,-3,32,-1,30,-3,-11,18,11,-5,34,2,33
22.1600,0,-12,16,13,2,37,10,32,-6,-12,19,13,-9,25,0,30,-6,-9,17,15,0,33,0,34,0,-10,14,16,-5,33,-4,26,6,-12,18,15,-2,37,3,29,-6,-15,17,14,-5,33,7,24,-6,-6,17,22,-5,31,6,31,-1,-12,19,17,-4,35,7,26
22.1800,-4,-16,16,12,5,34,5,28,-7,-10,16,12,-9,25,2,24,-5,-4,17,14,-3,35,5,37,-1,-11,19,14,-3,34,-3,28,9,-7,19,12,0,34,3,28,-6,-21,17,12,-1,37,4,19,-2,-10,18,24,-7,33,3,28,-1,-13,21,11,-1,36,0,26
22.2000,-2,-11,19,16,3,38,7,30,-5,-12,19,15,-7,22,5,29,-4,-8,20,16,-2,29,5,36,-5,-12,20,17,-3,32,-8,30,6,-6,15,17,-10,38,-1,29,-3,-15,18,14,-1,32,5,21,-5,-7,21,26,-8,36,1,25,-1,-8,13,17,-7,36,7,29
22.2200,-9,-15,15,16,3,32,4,30,-7,-14,18,18,-1,26,1,30,-7,-3,17,20,-2,35,4,39,-2,-12,17,11,-6,34,-7,25,4,-15,18,16,-3,39,0,26,-5,-17,18,11,-1,33,-2,21,-5,-12,18,22,0,35,2,30,-6,-10,20,17,-5,34,2,25
22.2400,-1,-7,17,15,6,39,9,27,-8,-11,17,19,-8,29,7,27,-4,-8,18,14,-6,31,5,37,-5,-11,15,18,-8,40,-7,26,6,-11,17,15,-4,34,7,27,-4,-19,20,15,-1,33,0,25,-3,-8,17,21,-5,37,4,28,-2,-11,16,14,-2,35,2,26
22.2600,-2,-15,21,19,9,40,10,27,-5,-11,20,21,-11,26,5,25,-2,-8,18,13,-2,29,5,38,-6,-9,18,13,-5,34,-9,27,7,-11,16,14,-5,35,4,28,-1,-17,21,14,-4,33,0,24,-2,-10,22,21,-2,30,8,24,0,-15,18,15,-2,35,5,28
22.2800,3,-12,19,16,6,35,3,29,-6,-14,18,18,-5,24,6,30,-5,-11,15,20,-4,35,4,38,-1,-12,20,16,-5,31,-7,28,6,-9,19,15,-2,38,2,26,-1,-19,19,16,-5,39,0,24,-4,-9,20,19,-5,33,2,28,-3,-12,18,16,-3,33,2,28
22.3000,0,-8,19,14,8,33,7,30,-3,-14,18,17,-2,24,2,28,-3,-9,25,12,-6,31,0,37,-2,-14,19,13,-7,35,-7,25,8,-11,21,14,-1,38,1,28,1,-13,13,13,2,31,10,21,1,-9,20,25,-7,34,3,26,-3,-8,21,12,0,34,-1,26
22.3200,-2,-9,14,15,6,38,5,29,-5,-13,20,16,-4,26,4,28,-1,-10,19,13,-7,34,11,38,-6,-5,21,15,-7,29,-3,26,5,-10,19,11,-5,36,-3,28,-5,-14,23,14,-1,36,3,28,-3,-10,18,21,-5,34,8,31,-5,-11,19,12,-4,36,-1,25
22.3400,-2,-9,20,14,4,41,9,31,-7,-11,20,15,-9,30,0,31,-8,-7,14,13,-1,37,6,37,-5,-8,18,17,-7,36,-5,24,6,-5,18,11,-3,42,2,29,-5,-19,20,10,0,29,-1,27,-3,-9,19,21,-2,35,3,26,-3,-14,14,16,-1,34,4,30
22.3600,-3,-10,18,18,4,38,5,31,-5,-9,15,16,-7,26,3,30,-3,-6,23,15,-7,37,6,40,-3,-12,23,16,-9,34,-9,27,1,-5,23,13,-2,37,3,32,-5,-16,21,16,-4,32,1,24,-3,-8,19,18,-4,41,5,28,-6,-9,17,16,-4,33,7,27
22.3800,0,-12,19,15,1,37,6,31,-6,-11,18,17,-6,26,2,29,-2,-10,18,16,-4,31,5,38,-1,-6,20,13,-7,34,-7,30,6,-6,17,11,-2,36,4,30,-4,-16,15,9,-2,34,6,24,-3,-13,18,22,-7,37,4,26,-7,-12,21,14,-2,42,-1,28
22.4000,-4,-11,21,18,2,35,4,31,-8,-11,19,12,-10,22,-4,26,-5,-9,18,14,-3,36,5,40,-3,-7,23,13,-6,34,-6,26,5,-12,21,14,2,34,4,27,-2,-16,16,15,-7,31,3,26,-6,-8,18,24,-9,37,6,25,-3,-11,18,15,-4,32,6,27
22.4200,-5,-12,21,15,6,37,10,32,-4,-16,24,13,-7,28,3,24,-3,-9,14,14,-3,36,7,39,-10,-7,19,11,-4,34,-8,25,2,-7,17,21,-3,35,6,26,-2,-15,18,16,-1,36,5,23,-3,-8,23,24,-5,32,0,24,-4,-10,18,18,-5,39,7,26
22.4400,-2,-13,22,16,5,36,10,31,-6,-7,16,15,-6,30,6,29,-5,-9,17,16,-3,32,7,41,-5,-8,19,13,-11,33,-5,26,3,-12,19,16,-3,35,4,30,0,-19,19,15,-2,35,7,20,-3,-7,21,17,-1,37,1,31,-4,-10,16,14,-3,39,3,32
22.4600,-6,-13,21,14,6,39,3,31,-2,-13,19,13,-2,29,2,29,-6,-4,16,13,0,34,4,37,-4,-12,20,16,-5,36,-6,28,6,-8,21,18,-5,36,3,27,-7,-13,19,14,-3,36,5,29,-5,-11,16,17,-3,38,3,23,1,-10,15,15,-6,36,3,27
22.4800,0,-15,22,16,4,37,9,30,-8,-15,19,14,-6,28,-1,26,-4,-4,17,13,-1,35,2,40,-8,-10,16,12,-6,36,-6,25,11,-10,15,13,-4,38,2,29,-3,-16,19,16,0,34,4,22,-6,-10,16,22,-4,35,4,25,-6,-11,21,13,-6,34,3,31
22.5000,0,-11,19,16,5,35,9,25,-5,-13,22,10,-8,26,4,28,-5,-4,20,13,-4,34,8,41,-1,-11,21,16,-6,36,-4,24,3,-14,15,15,1,37,5,32,-5,-16,19,14,-4,38,7,25,-2,-6,22,21,-2,37,8,29,-2,-11,22,12,-2,36,1,26
22.5200,-2,-8,23,15,6,39,9,29,-6,-13,20,13,-11,30,-2,28,-5,-6,20,14,-2,36,5,37,-2,-11,17,15,-2,35,-4,26,3,-13,20,13,-4,38,5,30,-8,-15,18,14,-2,36,4,23,-5,-6,20,27,-4,37,1,27,-2,-9,18,11,-9,34,5,28
22.5400,-5,-8,16,15,7,42,8,31,-5,-12,19,15,-5,24,0,25,-6,-5,19,12,-6,33,5,40,-4,-11,20,14,-3,33,-8,28,4,-11,20,18,0,40,7,29,-8,-18,21,16,-1,34,3,25,-2,-9,19,25,-4,34,6,28,-6,-10,18,11,-7,36,4,29
22.5600,-1,-11,18,13,2,38,7,28,-5,-12,22,12,-7,27,4,29,-2,-9,16,17,-1,34,7,41,-1,-12,22,15,-6,34,-7,29,4,-8,20,10,-1,38,5,25,-2,-19,19,14,-2,32,2,24,-3,-13,23,24,-4,40,1,28,-2,-7,20,10,-2,37,5,27
22.5800,-2,-9,22,12,5,39,8,30,-3,-10,14,14,-8,23,5,32,-1,-9,18,19,-4,35,4,34,-4,-11,20,16,-3,36,-7,22,6,-16,16,14,1,35,3,31,-11,-17,20,14,3,37,4,27,-6,-12,16,22,-2,37,5,31,-5,-10,18,15,-5,38,4,27
22.6000,-2,-13,17,14,3,39,7,27,-4,-9,21,9,-9,31,5,30,-2,-6,20,16,-4,38,8,39,-5,-13,17,12,-5,36,-2,20,4,-12,17,14,-2,39,5,30,-5,-18,20,16,-1,32,1,28,-6,-7,18,22,-3,37,2,26,-3,-14,17,16,-3,34,6,29
22.6200,-2,-11,19,14,9,36,13,30,-7,-13,18,10,-4,29,3,31,-3,-7,18,17,-6,34,10,36,-3,-12,18,16,-6,34,-8,25,3,-12,20,14,-3,35,7,31,-6,-16,16,16,-2,32,3,27,-5,-8,19,21,-3,34,4,26,-6,-11,15,15,-1,37,4,28
22.6400,-5,-13,20,14,3,41,4,32,-2,-12,17,14,-2,25,-3,34,-1,-6,18,14,-2,34,4,39,-8,-7,16,13,-5,31,-5,27,3,-11,23,14,-3,33,7,34,-10,-20,22,15,-4,33,5,24,-4,-8,19,21,-9,40,4,25,-5,-12,20,12,-4,40,4,32
22.6600,-4,-10,17,16,6,34,7,26,-6,-11,23,14,-3,28,3,27,-3,-5,18,15,-6,39,5,36,0,-10,20,14,-5,36,-4,26,1,-6,14,15,-5,37,2,30,-7,-13,17,14,-12,37,6,22,-4,-15,18,20,-2,38,4,26,-2,-9,19,10,-4,39,4,30
22.6800,-1,-8,19,14,5,39,4,26,-4,-14,21,13,-2,26,3,28,-8,-7,17,13,2,32,3,36,-5,-13,24,11,-12,31,-7,24,1,-12,19,14,-6,39,4,24,-7,-22,12,13,-4,35,1,27,-3,-12,22,19,-9,35,3,29,-2,-10,18,14,-4,33,5,29
22.7000,1,-11,16,14,4,37,9,29,-7,-11,21,13,-5,27,3,27,-2,-5,20,13,-7,36,6,36,-7,-13,18,15,-8,34,-4,29,7,-11,21,16,-3,39,6,30,-4,-18,17,12,-6,35,-6,24,-6,-11,22,21,-2,38,5,29,-1,-11,22,16,-3,38,3,29
22.7200,3,-13,18,15,7,39,5,30,-3,-17,18,13,-7,27,3,31,-5,-5,19,14,-5,36,9,38,-4,-10,18,17,-8,36,-5,26,7,-10,18,16,-10,38,3,31,-6,-23,20,15,0,32,2,27,-5,-15,23,21,-6,35,5,30,-5,-11,22,17,-7,39,6,29
22.7400,-2,-12,18,13,7,41,10,35,-9,-14,21,15,-6,26,2,30,-1,-8,20,10,-3,35,10,40,-3,-10,20,13,-9,38,-6,27,4,-10,17,17,-3,38,5,31,-9,-19,17,15,-8,31,5,28,-3,-11,18,18,-10,38,6,29,-5,-12,21,12,-6,35,3,29
22.7600,-4,-15,23,17,6,41,5,31,-4,-9,19,14,-8,26,-2,28,-4,-6,16,14,-4,37,8,42,-2,-8,15,17,-10,37,-8,26,5,-11,21,16,-6,41,5,31,-8,-18,17,12,-2,35,1,26,-3,-13,18,19,-8,35,4,27,-5,-11,24,10,-1,38,5,24
22.7800,-3,-12,16,14,5,41,12,29,-7,-12,22,16,-8,29,5,29,-4,-7,18,15,-6,36,4,35,2,-12,19,18,-5,38,-7,25,5,-10,19,11,0,36,3,31,-5,-15,17,13,1,36,3,28,-6,-9,24,23,-3,38,1,31,-4,-11,19,13,-1,33,2,33
22.8000,-3,-12,22,14,5,40,9,30,-4,-12,19,15,-5,30,3,29,0,-5,18,10,-4,29,6,35,-2,-11,20,10,-6,33,-6,27,3,-9,19,13,-3,34,2,28,-5,-17,24,18,-3,40,2,25,-4,-13,20,26,-6,33,4,28,-7,-13,21,13,-5,38,3,29
22.8200,-3,-12,20,16,7,40,8,27,0,-16,23,14,-6,24,3,30,-5,-8,16,13,-5,32,3,35,0,-7,18,13,-3,36,-7,27,2,-13,17,14,-4,33,4,30,-7,-16,17,18,-5,37,3,28,-6,-9,20,26,-2,39,4,28,-6,-15,18,12,-3,36,4,29
22.8400,-5,-14,19,14,7,42,7,36,-3,-14,21,8,-8,30,0,30,-7,-9,19,19,-3,38,7,41,-7,-10,21,13,-5,38,-3,27,3,-7,24,14,-4,39,6,30,-5,-17,23,17,-7,35,4,30,-5,-9,23,22,-3,35,3,30,-3,-10,23,15,-5,33,2,26
22.8600,0,-10,19,13,5,40,6,28,-3,-12,20,18,-8,26,0,30,-7,-11,20,13,-2,35,6,41,-7,-13,16,19,-6,35,-5,29,9,-11,17,13,-4,35,3,32,-4,-19,20,13,-4,37,3,27,-5,-10,20,22,-6,36,2,31,-5,-12,20,14,-4,39,3,28
22.8800,-4,-13,18,16,5,42,7,29,-3,-11,24,15,-2,25,4,26,-5,-9,22,15,-2,40,4,33,-7,-10,22,12,-4,37,-13,26,6,-12,19,18,-2,37,3,29,-2,-19,16,14,-7,32,4,30,-6,-10,17,21,-4,35,-1,26,-5,-9,17,12,-4,39,1,30
22.9000,-5,-13,20,12,1,38,8,29,-5,-12,21,12,-6,27,2,26,-5,-6,19,14,-2,36,1,35,-3,-9,24,14,-7,36,-10,29,5,-11,19,12,-4,36,5,31,-7,-17,23,16,-2,32,7,25,-6,-9,21,25,-5,38,6,26,-6,-15,19,11,-3,37,3,29
22.9200,-5,-13,21,13,3,42,6,29,-1,-11,20,16,-9,25,5,24,-6,-11,19,14,-1,37,8,39,-6,-8,22,17,-6,37,-8,26,5,-12,16,15,-5,38,4,30,-6,-17,23,13,-4,37,1,27,-6,-10,16,24,-1,38,3,30,-1,-10,20,12,-2,38,5,28
22.9400,-4,-9,20,10,7,45,5,26,-3,-9,16,12,-9,27,2,27,-6,-9,22,18,-3,38,5,36,-8,-8,21,18,-9,34,-7,32,2,-17,22,19,-1,39,2,30,-6,-19,18,14,1,32,3,28,-2,-11,24,23,-8,37,6,28,0,-7,19,17,-7,35,3,29
22.9600,-6,-12,19,14,6,42,5,31,-5,-13,21,11,-10,26,5,30,-6,-9,18,16,-4,39,7,37,-8,-12,19,17,-5,37,-7,29,4,-8,26,15,-2,34,5,31,-5,-24,23,16,-3,38,3,20,-2,-13,19,22,-6,37,2,27,1,-12,24,16,-3,38,0,30
22.9800,-5,-9,23,13,3,41,3,30,-7,-14,20,16,-2,29,2,29,-2,-9,22,13,-5,36,5,34,-6,-11,20,13,-5,38,-11,28,6,-13,21,13,-6,38,3,28,-3,-20,18,12,-6,37,3,28,-3,-10,18,25,-6,35,8,32,-7,-13,19,15,0,36,4,27
23.0000,-2,-10,20,12,2,41,4,31,-7,-15,20,18,-4,25,4,31,-3,-12,24,16,-4,38,4,40,-1,-11,19,16,-5,37,-6,24,5,-12,18,15,-5,42,2,27,-4,-14,21,15,-3,38,5,28,-1,-13,25,25,-6,39,4,30,-5,-13,22,14,-5,35,4,27
23.0200,-7,-8,20,21,8,44,7,31,-2,-15,16,14,-6,32,5,31,-7,-7,22,13,-4,40,5,37,-5,-9,18,12,-11,34,-6,30,2,-13,19,16,-3,40,4,31,-4,-17,17,15,-2,36,7,29,-7,-11,22,24,-3,39,7,29,-6,-11,21,11,-4,43,6,31
23.0400,-5,-11,24,16,2,39,8,32,-3,-13,20,16,-9,33,3,32,0,-10,22,12,-4,37,5,34,-8,-10,22,13,-5,33,-6,26,2,-17,20,14,-3,37,5,31,-6,-20,19,15,-2,36,3,30,-3,-11,21,24,1,38,5,28,-7,-13,17,13,-3,37,4,29
23.0600,-5,-14,23,14,5,38,5,36,-9,-14,19,18,-5,27,4,31,-3,-7,16,14,-3,35,8,35,-9,-11,22,18,-9,37,-10,28,6,-12,21,12,-4,37,3,30,-3,-17,21,13,-6,35,5,26,-3,-11,16,21,-3,37,7,28,-4,-15,18,18,-5,34,3,30
23.0800,-9,-12,23,15,7,37,4,32,-6,-11,20,18,-9,26,7,29,0,-7,22,18,-3,42,3,35,-4,-10,18,14,-2,40,-8,24,8,-15,21,15,0,44,5,30,-5,-16,20,14,0,36,1,31,-8,-10,21,22,-4,40,4,29,-5,-12,19,17,0,38,5,26
23.1000,-6,-10,21,13,6,42,8,29,-3,-12,21,19,-7,32,3,28,-5,-14,24,13,-4,38,9,38,-6,-9,18,18,-10,40,-7,30,2,-13,17,14,2,40,0,30,-4,-19,17,13,-1,33,3,28,-6,-7,19,24,-3,38,4,26,-6,-12,22,10,-4,40,8,28
23.1200,3,-13,20,13,3,40,10,28,-6,-15,20,17,-7,27,0,35,-4,-11,23,18,-2,36,10,38,-6,-13,17,14,-8,37,-6,24,4,-12,16,13,-3,38,4,30,-3,-18,15,12,-1,39,2,28,-5,-10,17,24,-5,37,4,33,-5,-9,20,13,-3,38,2,24
23.1400,-4,-14,17,12,8,40,6,34,-6,-14,18,19,-5,29,2,26,-6,-6,19,19,-3,38,7,34,-7,-8,23,14,-8,39,-8,27,-1,-12,20,14,-4,37,3,35,-2,-18,18,13,-4,36,5,26,-3,-11,21,26,-4,37,6,30,-4,-15,21,13,-5,39,7,27
23.1600,-3,-13,20,16,7,38,1,31,-3,-12,19,14,-6,32,0,32,-4,-11,23,16,-3,37,6,38,-8,-9,19,15,-7,37,-8,27,6,-13,21,14,-5,41,8,31,-4,-16,17,15,-1,28,1,26,-9,-9,19,24,-5,37,5,30,-10,-11,22,13,-5,39,6,31
23.1800,1,-4,20,11,5,37,2,28,-6,-13,22,12,-8,31,2,31,-4,-7,20,15,-5,37,10,38,-7,-16,21,14,-3,35,-7,29,0,-14,21,16,-6,38,2,29,-3,-15,18,10,-3,37,3,25,-1,-10,20,23,-3,38,3,29,-7,-15,19,14,-4,35,1,28
23.2000,-2,-12,28,15,1,42,8,31,-4,-16,22,17,-5,31,5,29,-6,-7,20,17,-1,37,9,34,-2,-13,22,14,-11,39,-6,26,3,-10,20,12,-6,40,3,36,2,-22,18,15,-2,34,0,28,-2,-9,22,23,-6,35,3,25,-6,-9,23,14,0,40,6,32
23.2200,-4,-12,23,15,7,36,4,32,-3,-13,20,17,-10,32,3,34,-5,-10,23,11,-6,38,8,35,-2,-14,19,15,-10,37,-3,27,6,-8,19,19,-3,37,1,30,-3,-16,23,13,-2,34,2,26,-3,-12,20,24,1,38,7,26,-6,-12,19,20,-9,37,4,33
23.2400,-7,-15,19,15,3,42,8,33,-7,-15,19,17,-9,27,6,31,-5,-6,21,14,-2,40,7,35,-8,-12,19,13,-7,36,-7,26,-1,-9,21,18,-6,37,6,30,0,-17,26,11,-8,34,3,24,-6,-11,22,25,-1,36,7,31,-6,-7,19,12,-8,37,4,32
23.2600,-3,-12,21,15,8,42,8,35,-8,-13,18,17,-8,27,-1,25,-4,-8,17,17,-7,42,5,35,-3,-9,21,20,-8,37,-7,26,-2,-14,17,16,-8,42,7,33,-6,-12,20,19,-6,35,-1,26,-7,-11,29,26,-6,39,5,30,-10,-13,16,11,-2,39,8,33
23.2800,-5,-14,20,12,8,43,4,31,-7,-12,23,15,-7,31,6,27,-5,-9,18,16,1,37,10,35,-4,-8,23,14,-7,36,-6,28,2,-14,18,16,-3,42,2,34,-1,-20,17,14,-7,35,2,29,-5,-16,21,29,-11,40,3,31,-6,-15,21,14,-4,41,6,33
23.3000,-5,-13,19,11,4,41,5,34,-6,-14,24,15,-8,32,8,29,-4,-8,24,7,-5,39,8,37,-4,-13,17,13,-1,39,-6,26,1,-14,18,15,1,42,5,30,-4,-19,21,15,-3,37,4,25,-4,-12,19,23,-3,37,1,28,-5,-12,23,13,-5,39,6,27
23.3200,-7,-12,21,9,4,43,4,30,-5,-17,19,16,-9,30,5,31,-6,-9,17,15,-4,40,11,35,-9,-13,23,14,-3,42,-2,29,1,-13,19,15,-6,40,7,32,-5,-18,20,16,1,38,2,25,-6,-9,19,26,-6,32,3,34,-12,-12,16,15,-7,39,5,28
23.3400,-5,-13,19,12,2,43,4,28,-2,-17,27,14,-9,29,3,32,-3,-14,21,15,-2,38,8,41,-9,-9,19,16,-3,40,-5,26,3,-15,20,12,0,35,9,33,-1,-20,21,15,-4,37,4,30,-5,-13,21,25,-6,39,4,31,-9,-14,15,16,-2,40,2,28
23.3600,-1,-12,19,14,4,42,10,28,-4,-14,24,17,-8,32,5,27,-5,-9,22,10,-6,36,8,37,-6,-11,20,17,-7,36,-4,24,3,-7,18,18,-3,41,4,31,-2,-18,21,14,-7,36,5,27,-1,-12,24,28,-7,37,9,29,-9,-13,20,12,-4,39,3,29
23.3800,-5,-15,19,15,4,42,1,30,-10,-13,17,14,-6,32,4,32,-3,-9,21,13,-4,40,9,39,-9,-11,20,16,-1,34,-4,26,2,-13,21,10,-4,40,7,26,-3,-19,20,16,-7,39,3,27,-8,-8,18,25,-7,38,5,29,-6,-13,21,15,-4,37,7,29
23.4000,-3,-11,16,14,1,37,4,28,-10,-14,22,16,-5,31,4,28,-2,-9,21,17,-2,40,9,37,-2,-10,23,16,-4,36,-5,21,1,-16,22,11,-2,36,3,29,-4,-21,21,14,-5,34,4,33,-5,-11,20,26,-2,35,5,29,-10,-13,18,15,-4,42,2,30
23.4200,1,-13,20,14,4,43,4,31,-4,-17,22,16,-8,33,5,31,-7,-12,20,14,-4,34,8,36,-8,-11,21,16,-4,38,-3,30,-2,-19,19,17,-3,43,5,30,-6,-19,26,15,-2,30,3,29,-4,-11,24,24,-1,38,5,34,-3,-12,21,15,-7,37,3,28
23.4400,-3,-16,22,11,3,43,8,30,-1,-13,19,14,-6,35,6,26,-6,-6,24,18,-2,40,6,37,-4,-12,21,15,-1,40,-4,23,1,-13,20,14,-2,36,3,28,-5,-20,27,15,-5,36,1,30,-4,-9,18,22,-5,39,7,28,-7,-13,17,12,-2,40,2,31
23.4600,-5,-12,22,13,2,42,0,32,-4,-15,22,14,-10,33,2,30,-5,-8,21,9,-3,35,5,34,-4,-13,20,15,-4,36,-5,26,0,-12,23,19,-5,41,6,30,-7,-20,21,17,-7,37,1,28,-11,-12,22,27,-5,39,6,31,-3,-15,22,16,-5,39,5,31
23.4800,-5,-18,24,14,9,38,3,34,-7,-13,25,13,-8,27,6,31,-8,-10,20,17,-2,38,7,31,-4,-16,21,16,-3,37,-6,25,6,-10,19,17,-3,41,3,29,-1,-17,25,19,-3,36,0,31,-6,-11,17,26,-6,41,4,31,-7,-9,19,13,-8,43,4,28
23.5000,-6,-10,20,12,4,46,2,28,-6,-13,24,17,-8,28,5,28,-1,-8,24,11,-6,39,4,33,-1,-13,23,16,-1,36,0,26,-6,-12,19,17,-2,38,5,34,-4,-26,21,16,-3,39,4,28,-10,-16,24,26,-4,38,1,28,-10,-9,18,15,-3,44,4,28
23.5200,-5,-10,19,15,3,41,0,32,-8,-13,23,12,-8,28,5,29,-1,-8,21,14,-4,39,7,38,-9,-10,22,12,-3,35,-6,26,0,-12,16,11,-1,39,7,33,-7,-22,24,14,-10,38,7,27,-5,-15,24,24,-6,37,10,31,-5,-11,18,9,-5,42,6,31
23.5400,-5,-12,20,10,4,42,4,31,-6,-12,20,16,-11,30,2,32,-8,-9,22,14,-8,39,10,35,-10,-15,22,15,-2,38,-7,26,-3,-13,22,17,-4,39,7,35,-6,-23,19,17,-5,38,5,28,-6,-15,25,26,-8,41,5,31,-6,-14,21,15,0,40,7,31
23.5600,-4,-11,20,20,3,43,3,27,-1,-15,21,14,-7,31,6,31,-8,-10,19,10,-6,41,6,34,-6,-13,19,16,-3,41,-7,26,-1,-12,20,13,-5,42,3,28,-8,-22,24,14,-4,37,8,27,-5,-15,18,21,-4,44,3,30,-6,-8,24,16,-1,41,3,30
23.5800,-4,-12,20,9,5,45,4,27,-7,-17,21,12,-11,31,2,30,-4,-9,21,13,-10,43,10,34,-9,-12,19,13,-6,41,-4,30,-4,-10,20,14,-4,43,5,28,-2,-22,17,12,-7,38,7,30,-7,-11,17,26,-4,40,12,29,-7,-11,17,13,-7,39,2,25
23.6000,-5,-8,22,14,5,46,3,29,-6,-17,24,11,-8,33,3,26,-5,-14,21,14,-4,40,8,35,-7,-12,22,14,-7,35,-7,23,-1,-11,19,14,1,40,4,31,-2,-19,20,16,-1,36,6,28,-5,-11,27,26,-5,45,6,34,-4,-10,20,16,-8,38,4,28
23.6200,-5,-14,21,14,3,42,0,30,-10,-16,17,11,-2,32,2,27,-5,-8,21,11,-4,40,8,35,-4,-6,22,17,-7,39,-3,28,1,-11,21,15,-2,42,6,32,-7,-18,21,16,-5,36,6,27,-9,-14,25,29,-8,42,4,27,-7,-16,24,12,-12,42,5,29
23.6400,-4,-9,22,14,4,43,1,31,-3,-12,23,14,-9,31,3,28,-4,-9,22,13,-4,40,5,36,-6,-15,18,12,-4,37,-8,29,-3,-17,22,11,-4,38,4,33,-6,-16,21,12,-3,35,4,30,-6,-13,21,25,-1,43,3,28,-6,-11,21,11,-4,41,4,29
23.6600,-2,-13,17,11,1,41,4,29,-7,-11,22,18,-12,35,2,27,-8,-13,23,13,-6,44,8,38,-2,-12,17,15,-7,38,-4,26,1,-13,26,14,-6,42,-3,31,-7,-21,19,16,-5,42,6,27,-7,-14,23,25,-2,39,9,25,-7,-12,20,11,-7,41,6,30
23.6800,-5,-15,21,14,2,44,3,26,-3,-13,24,15,-7,30,6,29,-4,-12,20,17,-4,39,6,37,-9,-14,21,19,-6,41,-1,27,0,-15,21,15,-2,34,1,33,-4,-19,19,16,-2,37,3,27,-11,-10,26,24,-6,38,5,27,-8,-12,18,18,-8,40,5,28
23.7000,-5,-13,21,11,0,38,3,30,-4,-12,24,15,-8,33,6,27,-6,-13,22,14,-6,40,9,37,-9,-12,19,12,-5,41,-8,27,-2,-15,24,17,-6,40,4,31,-7,-17,24,13,-5,36,3,31,-10,-9,21,27,-4,44,2,26,-9,-11,22,16,-3,39,3,32
23.7200,-5,-8,24,15,3,39,2,31,-6,-18,19,15,-6,33,3,33,-3,-11,23,17,-5,43,4,40,-11,-11,22,14,-4,42,-4,30,-2,-12,20,9,-11,35,7,32,-4,-24,19,17,-3,38,6,29,-8,-12,19,22,-8,42,6,25,-3,-15,23,14,-9,39,5,27
23.7400,-4,-13,24,17,8,43,4,27,-7,-12,24,10,-6,33,3,28,-5,-12,16,12,-7,41,12,37,-10,-9,20,12,-6,38,-4,26,0,-8,22,15,-4,36,4,30,-2,-19,18,16,-3,37,5,32,-9,-14,21,29,-6,37,3,26,-6,-15,16,16,-6,37,6,29
23.7600,-8,-12,21,14,6,47,1,30,-2,-16,23,12,-6,33,7,35,-4,-11,20,14,-4,40,7,36,-10,-10,19,16,-6,42,-5,25,0,-14,22,11,-6,38,5,29,-6,-17,21,16,-6,35,8,26,-8,-11,20,24,-6,42,2,32,-2,-15,21,12,-8,39,4,31
23.7800,-2,-12,22,13,0,42,2,29,-1,-17,17,17,-6,30,9,33,-8,-9,26,18,-3,40,12,34,-2,-11,24,15,-3,43,-3,27,-3,-13,23,15,-6,43,8,29,-7,-20,24,15,-3,39,6,31,-5,-12,23,23,-7,38,2,31,-10,-17,15,14,-3,42,3,27
23.8000,-7,-10,16,12,5,47,5,33,-4,-16,16,13,-9,33,3,28,-4,-13,24,16,-6,42,6,36,-10,-11,19,16,-7,37,-2,30,-1,-12,23,10,-5,37,5,32,-3,-22,21,14,-3,41,5,28,-8,-11,22,25,-6,40,7,27,-3,-12,15,10,-7,39,3,25
23.8200,-7,-13,20,11,2,37,3,29,-7,-15,24,12,-8,35,4,34,-5,-12,26,13,-6,38,6,36,-3,-11,18,20,-4,38,-3,27,-1,-11,22,13,-5,35,9,33,-7,-21,18,13,-12,42,2,31,-6,-11,21,28,-3,34,5,30,-7,-15,18,15,-4,39,6,28
23.8400,-4,-12,24,15,0,42,1,32,-5,-18,22,13,-5,35,6,26,-2,-10,22,15,-9,39,6,37,-8,-14,20,17,-4,40,-2,28,1,-18,19,13,-5,39,3,33,-3,-20,20,13,-9,36,3,31,-7,-16,23,31,-5,37,3,32,-7,-11,25,13,-4,41,2,30
23.8600,-9,-12,20,14,0,43,5,28,-6,-15,21,9,-7,33,2,23,-5,-10,22,14,-5,39,8,36,-4,-12,17,15,-7,37,-9,29,2,-16,25,16,-5,45,4,32,-6,-24,19,14,-6,38,5,28,-6,-15,22,26,-6,42,3,28,-4,-15,26,16,-8,42,5,26
23.8800,-5,-15,22,18,3,43,2,31,-7,-15,21,12,-7,30,2,30,-3,-15,22,16,-3,43,9,34,-4,-15,24,14,-5,41,-3,31,4,-12,19,19,-7,38,5,29,-5,-20,18,18,-3,37,3,28,-6,-11,20,28,-5,42,2,27,-7,-12,16,15,-4,38,5,32
23.9000,-4,-13,21,14,4,40,1,28,-3,-14,20,10,-8,34,5,28,-6,-13,26,9,-7,41,7,38,-5,-10,25,13,-8,38,-4,26,-1,-13,21,13,-3,34,5,34,-7,-15,24,11,-4,38,5,30,-7,-13,22,23,-8,45,7,29,-8,-13,20,13,-4,43,8,28
23.9200,-5,-14,18,14,-1,39,8,30,-1,-13,20,11,-7,32,5,31,0,-12,17,16,0,42,6,40,-10,-12,24,16,-8,35,-5,27,3,-8,18,17,-4,36,4,26,-7,-21,25,14,-6,39,8,33,-6,-18,23,26,-6,45,4,32,-4,-14,20,16,-10,39,7,31
23.9400,-5,-17,26,13,7,47,8,29,-4,-9,23,15,-7,30,2,29,-7,-13,19,13,-6,45,8,39,-7,-11,17,13,-6,39,-5,28,2,-12,23,15,-1,37,7,28,-6,-22,23,16,-4,41,1,26,-8,-12,22,27,-8,40,5,29,-8,-10,26,16,-5,40,5,27
23.9600,-2,-13,25,10,1,50,3,33,-5,-13,24,13,-7,31,3,31,-9,-13,19,15,-8,43,9,43,-6,-13,21,16,-7,36,-2,25,2,-15,20,17,-2,40,3,33,-7,-18,25,17,-9,40,6,31,-9,-8,19,23,-4,46,4,33,-4,-9,22,12,-4,42,3,33
23.9800,-5,-16,25,12,8,45,5,30,-3,-13,23,16,-9,28,6,29,-7,-14,19,15,-4,39,8,36,-10,-12,22,15,-8,42,-1,26,3,-13,20,13,-7,39,0,33,-7,-17,21,16,-8,41,5,28,-9,-16,22,23,-7,45,5,30,-4,-10,21,13,-4,35,5,29
24.0000,-4,-16,17,13,7,46,4,32,0,-19,20,16,-9,32,5,24,-3,-13,19,17,-3,44,9,35,-11,-9,23,15,-4,32,-4,26,3,-15,19,14,-4,42,9,34,-9,-19,20,14,-3,39,7,32,-5,-14,24,24,-4,39,3,32,-7,-12,24,15,-3,39,1,32
24.0200,-5,-10,23,10,0,40,7,35,-6,-18,20,13,-7,34,6,25,-11,-16,21,15,-3,40,10,36,-3,-10,24,12,-5,47,-6,27,6,-13,20,15,-2,38,4,27,-6,-21,20,14,-4,37,3,30,-9,-13,19,23,0,42,6,29,-7,-15,22,10,-6,45,4,27
24.0400,-11,-13,20,15,1,41,6,31,-7,-14,18,13,-7,32,2,27,-7,-13,24,13,-4,39,7,32,-5,-14,19,14,-7,46,-3,25,2,-14,22,15,-6,40,6,32,-3,-16,25,17,-5,35,2,27,-9,-16,22,27,-2,44,3,28,-11,-16,19,13,-2,39,0,24
24.0600,-3,-12,25,17,8,45,2,29,-6,-14,25,15,-7,37,4,30,-10,-10,21,14,-4,38,7,37,-9,-15,20,15,-7,40,0,23,-2,-13,23,20,-2,44,5,35,-6,-19,20,10,-6,38,7,28,-6,-9,23,29,-3,39,3,28,-6,-14,22,16,-3,39,1,30
24.0800,-7,-12,18,13,5,46,2,26,-3,-14,17,13,-3,38,2,29,-5,-13,18,14,0,44,6,35,-6,-12,23,14,-5,38,1,26,1,-14,18,16,-4,38,6,31,-7,-17,22,17,-5,40,-1,30,-11,-16,22,23,-7,42,3,24,-6,-14,24,17,-8,45,3,29
24.1000,-6,-9,18,11,3,43,3,27,-7,-16,23,16,-5,32,4,27,-5,-14,22,13,-9,39,1,36,-6,-9,19,13,-2,42,0,33,-3,-11,16,14,-9,42,8,33,-4,-22,21,20,-5,41,3,28,-6,-13,18,26,1,43,6,29,-5,-8,23,17,-5,43,2,29
24.1200,-8,-12,21,13,6,45,-2,31,-5,-17,21,15,-4,32,3,28,-6,-11,25,14,-1,38,5,36,-7,-14,22,14,0,40,-5,27,1,-9,20,17,-2,43,4,32,-4,-21,22,12,-9,37,1,31,-6,-12,24,27,-8,43,2,30,-10,-14,21,16,-6,38,7,32
24.1400,-9,-9,19,13,3,46,1,31,-4,-16,23,14,-7,38,7,28,-8,-14,18,17,-1,41,9,34,-8,-15,21,12,-2,38,-6,24,3,-14,15,15,-1,39,7,31,-5,-18,22,15,-7,43,1,28,-5,-12,19,24,-2,45,1,30,-5,-13,19,13,-2,40,3,27
24.1600,-6,-10,24,17,0,44,1,29,-5,-15,18,17,-1,34,3,25,-5,-10,23,13,-3,40,6,35,-10,-9,23,17,-2,40,-3,26,2,-17,21,16,-3,43,5,32,-6,-17,20,12,-11,43,3,31,-8,-13,22,24,-3,37,2,35,-3,-16,24,18,-1,47,5,27
24.1800,-5,-12,20,15,-1,43,1,30,-10,-16,23,16,-7,32,7,28,-5,-15,24,17,-6,42,8,35,-4,-14,24,14,-2,41,-4,24,2,-13,21,15,-4,38,6,31,-10,-18,20,16,-9,39,4,32,-8,-12,23,25,-2,40,3,28,-8,-9,23,15,-3,42,4,27
24.2000,-7,-13,19,14,2,39,6,28,-5,-15,19,14,-5,39,1,27,-6,-12,23,15,-3,46,8,34,-8,-13,23,17,-2,37,-5,29,1,-13,22,18,-6,41,0,32,-7,-23,19,12,-4,40,3,34,-4,-12,24,26,-2,46,4,28,-7,-14,23,14,-9,42,3,30
24.2200,-8,-10,23,14,2,40,3,29,-10,-14,17,14,-11,35,4,28,-7,-13,25,17,-1,44,10,36,-7,-12,23,15,-5,43,-4,24,-1,-8,24,13,-2,43,6,32,-6,-21,23,17,-5,42,2,29,-8,-9,21,26,-7,40,2,29,-4,-12,20,11,-3,36,4,31
24.2400,-8,-13,27,14,-1,42,5,33,-4,-16,17,14,-7,35,5,28,-11,-10,19,14,-6,42,5,38,-4,-15,23,18,-6,41,-3,26,2,-16,21,13,-5,39,9,30,-3,-24,20,12,-3,38,2,30,-5,-13,18,25,-7,40,7,31,-8,-11,18,14,-3,42,10,31
24.2600,-9,-12,24,15,0,42,3,31,-2,-17,22,16,-8,36,2,31,-8,-12,19,14,-9,39,9,35,-10,-11,25,16,-5,42,-3,26,2,-14,19,14,-3,38,1,26,-5,-18,22,16,-7,41,4,32,-9,-15,23,26,-4,41,9,29,-8,-13,21,19,-3,39,5,29
24.2800,-7,-16,22,15,0,41,4,34,-7,-16,22,15,-6,33,2,28,-10,-11,16,18,-6,38,5,36,-8,-10,22,17,-7,44,-3,25,0,-17,23,12,-4,42,9,32,-1,-21,21,13,-3,42,3,33,-7,-10,16,26,-6,41,1,29,-5,-11,25,15,-5,44,5,32
24.3000,-6,-12,21,18,3,42,8,29,-1,-16,20,16,-3,32,1,28,-8,-15,23,14,-5,43,8,35,-8,-12,19,16,-4,37,-2,27,-2,-19,21,15,-6,41,7,36,-6,-18,23,13,-4,40,6,32,-7,-13,24,25,-6,46,1,31,-6,-10,21,9,-4,43,0,29
24.3200,-6,-12,18,11,2,41,1,31,-4,-15,24,16,-9,32,5,28,-12,-15,17,14,-6,38,4,34,-8,-15,19,13,1,42,-3,27,-4,-17,23,14,-2,35,6,29,-1,-18,21,14,-10,41,3,32,-10,-11,25,27,-4,42,1,31,-15,-15,26,11,-6,42,7,30
24.3400,-9,-17,25,15,3,39,4,37,-11,-19,24,16,-6,36,6,31,-5,-15,25,13,-6,42,3,37,-9,-9,21,16,-4,42,-5,25,0,-15,21,16,-2,40,3,40,-8,-20,22,16,-7,39,5,31,-8,-13,28,27,-4,41,3,27,-6,-12,24,14,-5,41,4,27
24.3600,-11,-11,24,17,5,47,4,27,-7,-13,24,15,-7,34,1,27,-7,-15,24,17,-5,43,9,41,-9,-11,23,17,-6,43,-7,28,2,-20,18,14,-1,35,11,31,-6,-19,22,15,-7,37,4,32,-4,-13,22,25,-4,41,10,30,-4,-10,23,15,-8,40,6,30
24.3800,-6,-13,24,18,-1,41,4,30,-4,-12,21,14,-5,37,7,29,-7,-12,21,15,-6,40,2,37,-11,-12,22,13,-1,43,-1,29,-6,-13,24,14,-7,39,4,27,-7,-17,25,14,-10,40,4,28,-6,-13,26,25,-4,43,8,28,-4,-13,23,12,-5,40,4,30
24.4000,-9,-9,24,15,1,48,6,25,-5,-13,24,15,-11,39,10,29,-8,-12,24,16,-4,43,7,35,-5,-17,27,14,-6,40,0,31,0,-19,23,13,-6,41,6,30,-7,-20,20,20,-4,36,10,32,-5,-18,23,30,-6,39,2,30,-11,-16,23,13,-4,43,6,32
24.4200,-5,-11,23,10,4,40,6,30,-7,-16,19,16,-9,35,4,32,-10,-14,24,13,-6,44,9,31,-11,-13,22,15,-3,42,-2,29,4,-19,24,16,-5,40,4,30,-5,-16,26,15,-8,42,8,29,-8,-14,21,29,-9,44,2,28,-9,-12,24,15,-9,40,8,32
24.4400,-8,-10,19,14,-1,45,1,30,-9,-20,23,16,-3,34,8,30,-5,-11,24,15,-8,44,8,38,-11,-9,21,22,-5,44,-3,28,-4,-11,25,16,-5,42,5,30,-2,-14,24,14,-3,41,10,29,-10,-14,22,30,-6,44,4,31,-7,-11,27,14,-7,37,2,31
24.4600,-7,-11,17,12,1,42,3,30,-4,-17,25,13,-1,38,5,31,-10,-13,19,12,-8,44,3,36,-10,-13,19,15,-3,42,-1,33,0,-11,24,12,-6,38,3,33,-6,-19,27,13,-10,42,4,27,-6,-14,22,29,-6,43,4,29,-8,-14,21,12,-5,42,4,30
24.4800,-7,-15,20,17,0,45,2,33,-6,-10,25,14,-6,31,6,26,-10,-10,24,12,-9,48,4,35,-9,-15,25,16,-6,38,-6,32,-2,-17,22,17,-2,38,8,34,-5,-17,24,15,-7,43,6,29,-7,-15,22,26,-6,41,7,27,-5,-15,21,16,-6,42,6,30
24.5000,-2,-12,21,13,7,44,4,28,-5,-14,23,16,-5,33,4,29,-6,-11,20,13,-10,45,3,36,-8,-9,24,18,0,43,-3,30,-4,-14,22,14,-6,42,8,31,0,-15,21,15,-7,39,1,33,-8,-13,25,31,-8,45,7,35,-6,-12,22,16,-4,42,8,32
24.5200,-6,-9,22,19,2,46,4,28,-6,-16,26,13,-3,36,6,29,-8,-14,23,14,-9,41,5,37,-6,-12,20,15,-5,46,-7,30,-2,-16,24,12,-5,39,8,34,-9,-20,21,14,-5,40,2,29,-10,-11,22,29,-8,39,5,31,-9,-12,26,15,-10,36,5,32
24.5400,-11,-8,22,14,0,42,2,30,-8,-15,24,15,-7,33,9,31,-5,-15,16,17,-5,47,5,35,-7,-12,24,17,-4,37,-2,28,-3,-15,21,18,-5,40,5,31,-6,-23,24,19,-8,41,6,32,-4,-16,20,24,-6,45,9,28,-10,-13,25,18,-7,38,5,31
24.5600,-11,-14,18,15,-2,47,1,29,-3,-20,23,17,-7,35,4,26,-5,-11,23,14,-6,42,7,37,-12,-11,23,15,-1,41,-4,34,-5,-13,20,13,-3,41,8,30,-7,-22,24,15,-5,42,4,30,-9,-10,21,26,-4,43,2,28,-12,-9,23,17,-3,43,4,27
24.5800,-2,-8,20,15,0,41,6,27,-8,-17,23,13,-8,37,3,28,-8,-10,23,17,-5,41,8,35,-8,-13,19,17,-2,41,-3,24,-4,-16,25,13,-5,37,7,26,-2,-19,24,22,-1,38,7,28,-8,-14,25,31,-5,40,7,32,-5,-14,21,14,-7,42,3,27
24.6000,-8,-14,22,17,1,49,3,27,-4,-15,23,15,-5,35,5,26,-8,-16,21,17,-7,49,9,32,-5,-13,21,12,-3,44,-4,35,-4,-14,20,19,-8,38,4,31,-6,-18,22,8,-5,39,10,32,-6,-16,23,28,-5,42,7,29,-11,-18,21,15,-8,39,6,30
24.6200,-5,-12,26,15,2,44,2,29,-4,-16,22,18,-6,36,8,32,-8,-14,23,20,-7,45,6,34,-9,-11,22,14,0,44,-4,29,-3,-17,19,19,-6,40,9,30,-4,-18,19,16,-4,39,8,28,-8,-16,22,28,-6,42,7,33,-12,-11,24,13,-4,39,4,31
24.6400,-13,-9,24,11,0,43,6,28,-3,-16,21,16,-6,34,6,29,-5,-12,23,12,-9,44,6,33,-9,-12,20,12,-1,40,0,25,-2,-15,21,19,-5,43,4,29,-6,-19,22,16,-6,39,4,32,-7,-9,19,25,-7,43,9,30,-7,-15,20,14,-3,45,4,31
24.6600,-8,-16,23,17,4,43,4,26,-7,-13,22,15,-6,37,7,30,-7,-10,22,14,-7,43,5,36,-5,-16,22,16,-3,42,-6,28,-2,-18,22,16,-3,41,7,31,-5,-21,20,20,-4,37,5,33,-9,-14,21,25,-6,43,1,26,-8,-12,21,15,-5,45,3,30
24.6800,-9,-13,24,11,1,40,4,27,-3,-12,20,13,-4,37,8,28,-9,-14,24,14,-9,42,6,39,-8,-9,21,13,-3,41,-2,31,-6,-17,17,14,-5,38,7,28,-8,-22,25,18,-7,39,3,31,-8,-19,17,27,-12,44,2,32,-10,-14,21,14,-9,41,1,31
24.7000,-7,-11,22,10,1,44,0,28,-1,-12,24,15,-5,35,8,30,-6,-16,25,12,-7,46,7,35,-10,-12,23,14,-3,44,-5,34,-9,-15,22,10,-6,38,5,33,0,-19,25,18,-8,43,3,29,-3,-16,20,24,-12,37,5,35,-7,-12,24,16,-3,42,2,32
24.7200,-9,-16,24,16,0,41,-1,27,-5,-10,22,18,-6,38,2,30,-9,-18,25,16,-4,40,3,31,-6,-14,23,22,-3,42,-6,30,-6,-14,22,14,-7,43,7,33,-6,-20,25,16,-5,38,5,29,-6,-15,22,28,-8,43,6,29,-4,-14,19,11,-4,45,7,32
24.7400,-7,-13,25,15,1,38,0,29,-6,-13,20,15,-5,41,5,27,-10,-14,22,15,-9,39,4,34,-5,-10,23,15,-4,44,-5,26,-4,-17,23,12,-3,41,6,33,-3,-20,22,12,0,42,4,29,-8,-10,20,26,-6,41,3,27,-7,-9,24,14,-6,40,7,31
24.7600,-4,-12,24,14,3,42,1,26,-8,-12,19,15,-1,36,6,22,-8,-13,21,15,-5,40,9,35,-8,-11,21,19,-5,45,-4,30,-8,-13,23,15,-5,43,7,32,-9,-22,24,16,-8,37,6,32,-6,-15,23,30,-8,42,3,33,-11,-16,19,14,-7,40,7,31
24.7800,-10,-13,24,12,-1,39,2,30,-7,-15,22,13,-4,36,6,26,-9,-20,22,15,-8,39,5,36,-11,-12,24,14,-2,39,0,31,-5,-18,24,16,-5,39,5,31,-5,-18,20,16,-5,37,0,32,-7,-14,25,25,-1,43,5,27,-9,-11,23,14,-4,38,5,31
24.8000,-6,-14,20,16,1,46,-2,29,-4,-15,20,15,-9,35,10,30,-7,-15,20,18,-8,45,4,33,-9,-10,19,15,-2,41,-4,27,-8,-9,22,17,-2,40,4,33,-3,-19,19,14,-6,37,1,32,-12,-17,23,26,-6,44,5,29,-8,-10,22,14,-3,43,7,27
24.8200,-7,-9,23,19,0,42,-1,31,-7,-17,24,10,-5,35,2,31,-8,-17,17,15,-8,45,4,34,-9,-10,21,18,0,43,4,32,-2,-16,21,16,-10,42,4,30,-6,-17,23,13,-6,40,4,33,-6,-15,26,28,-7,42,2,27,-6,-12,22,15,-3,42,3,30
24.8400,-6,-15,19,19,-4,43,2,32,-5,-12,18,14,-8,38,3,28,-6,-13,22,19,-6,42,7,38,-9,-10,20,14,-3,41,-2,30,-6,-13,21,16,-7,38,9,26,-6,-21,23,20,-4,42,3,32,-13,-14,25,22,-5,43,5,29,-11,-14,25,14,-3,42,6,30
24.8600,-11,-14,22,18,3,43,2,26,-2,-14,20,16,-4,35,2,28,-10,-18,21,17,-11,39,5,32,-12,-8,23,17,-3,41,-2,25,-6,-15,24,13,-7,44,5,32,-14,-19,24,11,-3,41,8,27,-10,-17,23,28,-5,43,3,29,-7,-15,18,16,-2,45,5,31
24.8800,-3,-13,21,17,1,43,4,26,-3,-14,23,16,-6,37,7,30,-5,-18,25,13,-9,44,9,37,-7,-15,23,15,-3,43,-2,33,-10,-13,22,16,-3,39,4,31,-1,-22,25,16,-7,38,10,29,-10,-13,25,25,-6,47,5,26,-5,-16,23,13,-4,42,6,29
24.9000,-9,-11,28,17,-1,47,6,28,-4,-19,24,15,-4,34,8,29,-6,-18,22,7,-4,42,8,35,-6,-9,18,13,1,42,3,28,-5,-9,24,11,-4,39,2,33,-9,-21,21,20,-8,39,6,26,-8,-14,24,22,-7,42,9,29,-8,-13,17,17,-10,43,6,34
24.9200,-6,-13,20,18,1,40,1,28,-5,-15,20,14,-10,35,8,30,-10,-16,20,14,-8,46,10,40,-7,-9,26,13,0,44,-3,27,-6,-15,21,13,-1,40,7,27,-5,-21,24,13,-8,43,9,25,-7,-12,26,22,-7,43,3,28,-8,-15,24,15,-3,48,3,29
24.9400,-12,-16,20,16,2,39,2,31,-9,-13,23,15,-3,37,5,31,-9,-17,23,12,-10,38,6,35,-8,-8,22,14,0,44,-3,32,-3,-8,25,14,-5,37,5,26,-4,-21,26,13,-8,42,8,33,-4,-14,24,24,-3,39,6,28,-9,-11,23,17,-4,40,4,30
24.9600,-10,-15,18,12,-2,45,-2,32,-8,-12,21,15,-6,38,5,30,-6,-17,24,15,-7,44,6,35,-12,-8,24,12,-5,45,1,25,-5,-11,27,16,-6,40,5,30,-4,-14,26,12,-4,39,6,33,-3,-16,24,28,-6,40,3,31,-10,-16,23,14,-4,47,4,30
24.9800,-12,-13,23,14,-1,47,6,30,-7,-15,19,12,-6,35,4,31,-6,-16,22,12,-6,45,5,35,-6,-13,23,16,-2,45,-5,33,-5,-12,19,11,-8,40,4,31,-12,-22,21,15,-11,43,5,35,-13,-12,24,26,-6,40,7,34,-9,-10,18,15,-9,40,3,29
25.0000,-7,-12,24,13,1,41,2,29,-8,-17,22,11,-6,33,7,28,-8,-16,25,13,-10,46,6,37,-8,-13,23,15,-3,44,-2,29,-2,-12,23,14,-4,36,6,28,-9,-17,19,17,-2,40,9,30,-7,-12,19,30,-4,43,4,32,-9,-12,17,18,-11,42,4,32
25.0200,-9,-11,28,12,7,42,0,30,-8,-16,23,13,-3,36,11,26,-9,-14,24,16,-8,46,9,36,-12,-11,23,9,-2,41,-1,28,4,-13,19,11,-7,39,0,27,-5,-17,23,19,-4,41,7,35,-11,-10,22,23,-10,45,6,28,-11,-20,22,15,-4,43,4,28
25.0400,-9,-14,25,15,0,44,4,29,-8,-15,24,16,-6,40,7,26,-4,-16,25,19,-6,45,7,35,-8,-12,22,17,-4,46,-2,29,2,-15,24,17,-9,43,4,29,-8,-18,24,16,-6,41,0,32,-9,-17,25,26,-6,42,4,30,-8,-14,26,15,-8,45,4,30
25.0600,-6,-11,24,14,-1,43,0,25,-11,-11,24,16,-7,41,11,31,-11,-17,21,16,-6,43,7,35,-10,-11,22,14,2,46,1,29,-2,-17,17,16,-8,44,2,28,-6,-19,20,13,-2,42,7,30,-5,-14,22,26,-2,48,4,30,-6,-13,23,12,-5,44,6,32
25.0800,-8,-13,22,13,-4,47,3,30,-7,-13,23,15,-6,39,9,30,-8,-14,25,19,-5,43,4,34,-8,-11,23,18,-1,38,-4,31,-2,-16,21,11,-8,42,6,30,-9,-21,23,15,-8,41,7,33,-8,-11,23,30,-4,43,7,25,-7,-10,20,12,-8,45,2,28
25.1000,-10,-19,25,13,-1,49,1,24,-5,-13,23,15,-2,32,8,29,-9,-14,24,14,-10,41,4,35,-9,-13,27,15,-3,46,2,29,-6,-18,20,15,-6,39,3,28,-8,-17,20,13,-5,41,7,30,-10,-14,24,23,-6,45,6,32,-6,-14,21,14,-5,47,8,32
25.1200,-8,-12,22,15,-2,46,4,27,-8,-15,26,12,-5,39,6,26,-10,-16,25,16,-7,42,9,39,-10,-14,24,15,0,43,0,29,1,-15,23,17,-2,46,5,27,-5,-22,24,10,-9,44,2,30,-9,-12,23,28,-8,45,5,32,-9,-12,21,13,-8,49,7,29
25.1400,-15,-16,23,10,0,46,2,27,-5,-16,22,16,0,38,5,27,-7,-16,25,13,-10,47,6,33,-10,-12,22,16,-6,48,-5,29,-2,-11,24,15,-4,42,6,28,-11,-20,24,18,-5,43,5,32,-4,-13,22,26,-10,42,9,36,-9,-16,22,16,-6,48,7,27
25.1600,-11,-11,21,10,0,45,-1,27,-6,-15,22,13,-4,35,9,29,-7,-18,24,10,-9,43,5,35,-12,-11,20,14,-3,44,-2,26,-1,-16,21,20,-11,44,7,34,-8,-24,22,11,-7,43,6,27,-6,-17,21,27,-7,42,8,28,-5,-15,23,13,-8,47,6,31
25.1800,-9,-12,23,9,-1,41,4,26,-5,-15,22,14,-6,39,7,34,-12,-16,22,12,-9,45,11,35,-6,-20,24,16,-6,47,-5,29,-3,-17,21,11,-7,38,10,31,-8,-21,24,15,-7,46,8,29,-8,-12,22,23,0,43,5,29,-10,-12,23,14,-7,43,11,29
25.2000,-10,-14,21,17,1,42,3,31,-10,-17,20,12,1,37,11,29,-9,-13,19,13,-7,44,7,37,-7,-12,26,14,-3,44,4,31,0,-16,26,17,-1,41,4,29,-9,-22,20,17,-3,42,5,33,-9,-15,22,24,-5,45,4,26,-9,-12,19,13,-6,43,4,28
25.2200,-11,-12,20,13,2,39,9,26,-2,-15,21,10,-6,39,6,28,-10,-14,20,17,-8,44,6,40,-6,-12,26,14,-2,48,-4,30,-2,-14,25,17,-2,42,9,29,-7,-19,21,18,-6,45,7,32,-9,-14,23,26,-5,40,4,25,-8,-14,21,12,-7,42,4,27
25.2400,-11,-12,23,17,1,41,4,28,-4,-14,24,16,-6,40,6,29,-9,-14,20,12,-6,43,7,35,-6,-15,19,15,-3,43,-2,28,-4,-14,26,18,-6,42,3,30,-10,-16,22,18,-3,41,4,32,-6,-15,25,30,-5,39,5,27,-8,-13,20,12,-3,45,5,29
25.2600,-12,-17,24,16,-1,41,5,28,-4,-18,22,13,-3,38,4,29,-9,-15,22,20,-6,44,4,34,-8,-12,23,17,-2,42,-6,30,-3,-16,27,17,-2,41,5,33,-7,-23,22,13,-7,44,8,30,-5,-15,24,24,-6,46,3,32,-7,-15,22,13,-5,41,4,31
25.2800,-10,-16,25,14,0,43,5,30,-9,-15,19,15,-8,40,9,27,-10,-15,24,14,-10,42,7,35,-8,-9,24,17,-4,43,2,27,1,-16,19,16,-4,44,0,31,-7,-18,19,10,-3,42,6,31,-8,-11,21,26,-8,46,6,31,-9,-12,29,17,-5,43,2,30
25.3000,-6,-11,24,15,-1,41,2,31,-5,-14,23,16,-7,40,8,29,-13,-17,26,16,-2,46,8,31,-12,-12,24,17,-3,43,-3,29,-6,-16,20,12,-6,43,4,31,-5,-20,26,15,-7,42,7,31,-8,-14,24,26,-4,45,7,31,-6,-13,24,19,-9,48,5,32
25.3200,-5,-15,24,16,0,47,1,26,-7,-16,23,14,-5,35,9,23,-7,-16,22,17,-5,42,7,29,-9,-13,25,17,0,44,-3,28,-6,-17,21,18,-9,41,8,30,-6,-21,21,14,-4,42,6,29,-8,-15,24,24,-8,48,6,27,-1,-13,24,17,-4,46,6,28
25.3400,-10,-12,23,17,-3,48,2,30,-5,-14,16,13,-4,37,6,26,-9,-19,26,14,-11,42,1,36,-11,-13,22,14,0,43,-5,32,-3,-12,24,14,-2,43,7,28,-5,-18,22,15,-7,42,6,31,-8,-16,21,26,-6,44,7,28,-10,-13,19,16,-4,42,8,27
25.3600,-7,-13,25,11,0,45,2,27,-6,-17,19,16,-4,42,4,25,-11,-17,25,15,-6,48,3,36,-7,-12,24,16,-2,42,-1,28,3,-13,24,16,-10,43,7,29,-8,-19,26,14,-7,44,1,34,-8,-17,23,25,-8,43,1,32,-10,-15,22,14,-7,43,8,27
25.3800,-12,-12,23,13,-2,41,4,28,-6,-11,22,12,-7,38,10,27,-9,-20,17,16,-4,41,5,36,-8,-14,24,15,-3,44,-4,31,-2,-19,26,13,-5,41,6,27,-8,-25,20,16,-7,41,9,35,-8,-14,24,19,-5,42,5,31,-9,-18,20,18,-7,42,4,35
25.4000,-11,-14,20,17,-1,39,-1,32,-6,-15,25,17,-7,40,5,29,-8,-15,23,16,-9,45,2,36,-9,-14,21,17,-6,43,-4,33,-4,-18,21,19,-7,45,5,33,-4,-21,21,13,-11,43,6,37,-9,-11,21,30,-6,44,6,28,-7,-16,23,17,-7,41,1,29
25.4200,-10,-13,23,14,-1,39,7,29,-6,-15,24,13,-8,37,6,34,-8,-15,24,19,-8,44,4,35,-6,-11,22,13,-1,44,0,26,-3,-13,21,14,-7,40,9,30,-5,-19,19,12,-7,43,7,33,-13,-19,24,28,-11,43,2,32,-7,-14,25,14,-7,39,0,29
25.4400,-11,-12,22,11,0,40,4,26,-9,-13,28,12,-5,38,10,27,-15,-21,23,15,-4,45,8,35,-2,-15,22,16,-2,46,1,33,-6,-16,22,14,-4,40,7,28,-6,-19,24,16,-6,46,4,31,-6,-16,26,27,-7,49,7,28,-10,-16,24,12,-6,41,5,28
25.4600,-9,-15,25,15,-5,42,2,30,-5,-17,24,16,-4,34,6,29,-7,-13,23,13,-8,47,8,32,-5,-9,22,20,-1,46,-1,30,-5,-16,25,17,-2,42,5,29,-12,-21,22,12,-1,44,5,31,-6,-16,24,22,-7,41,4,31,-11,-19,23,14,-7,46,10,32
25.4800,-10,-15,24,9,2,46,7,28,-9,-19,23,14,-9,41,2,28,-5,-23,21,15,-7,46,5,36,-7,-9,26,18,-2,43,-3,26,-4,-16,25,15,-5,44,3,29,-10,-16,17,13,-10,45,9,34,-11,-11,27,25,-6,40,1,26,-10,-17,25,11,-8,41,4,32
25.5000,-8,-15,25,14,-3,42,0,30,-6,-21,24,15,-7,37,2,25,-13,-18,20,16,-8,43,2,38,-4,-12,27,13,-1,44,-4,28,-7,-16,23,21,-8,40,4,31,-10,-20,21,17,-10,43,9,30,-8,-13,19,23,-6,42,6,28,-11,-17,23,18,-9,48,7,31
25.5200,-9,-11,26,12,-1,39,7,28,-6,-15,25,18,-1,37,7,24,-9,-18,23,13,-7,49,6,40,-6,-11,24,19,-2,41,0,29,-1,-19,26,14,-6,43,4,29,-7,-21,26,16,-9,45,5,29,-7,-17,24,26,-8,39,9,29,-10,-16,21,15,-9,43,10,29
25.5400,-9,-14,25,12,4,42,3,29,-9,-11,23,18,-4,35,7,25,-6,-16,19,14,-11,45,5,34,-7,-11,19,14,-2,46,1,30,-5,-16,24,17,-2,42,4,23,-7,-17,25,18,-5,41,5,30,-7,-15,24,27,-10,46,8,33,-8,-17,25,14,-4,43,7,27
25.5600,-6,-15,23,13,-1,44,7,29,-5,-16,25,18,-5,37,5,26,-10,-20,20,16,-9,44,6,38,-4,-12,28,14,-2,46,-2,32,-7,-18,20,18,-5,42,4,29,-6,-23,24,19,-5,44,8,32,-5,-14,24,23,-6,42,7,30,-8,-17,23,11,-8,43,5,27
25.5800,-9,-9,25,13,-2,39,2,31,-9,-13,24,19,-5,42,7,27,-10,-15,24,14,-8,47,5,36,-11,-14,25,17,-3,45,1,28,-9,-18,24,13,-6,39,6,29,-4,-22,23,15,-2,40,5,28,-3,-14,22,23,-2,45,5,28,-9,-13,24,16,-6,46,7,28
25.6000,-10,-14,25,14,0,43,2,25,-4,-14,24,16,-6,41,8,29,-8,-16,24,15,-5,41,5,34,-7,-10,22,16,-3,46,-1,29,-3,-12,24,18,-7,38,8,33,-4,-20,24,13,-7,44,6,30,-9,-12,26,26,-8,41,5,26,-11,-13,27,11,-11,45,2,28
25.6200,-10,-14,24,13,1,44,3,24,-10,-13,22,12,-7,42,9,30,-11,-17,21,21,-14,45,0,37,-3,-14,22,16,0,45,3,31,-1,-14,21,16,-7,46,3,27,-6,-22,22,16,-5,43,8,29,-12,-13,22,26,-7,42,0,31,-9,-15,26,11,-10,45,9,28
25.6400,-10,-14,21,14,-2,43,1,29,-11,-14,22,16,-8,38,7,27,-9,-14,23,11,-10,47,-1,33,-10,-6,22,14,-4,45,-5,28,-5,-17,21,15,-6,42,6,27,-9,-20,24,13,-10,48,8,29,-9,-14,21,24,-8,41,3,28,-8,-16,23,14,-4,44,5,28
25.6600,-8,-12,22,15,2,39,4,29,-4,-14,24,15,-9,32,5,30,-8,-15,26,14,-9,44,4,37,-4,-8,27,12,-3,48,-1,33,-3,-17,24,17,-5,38,4,28,-1,-24,25,15,-10,44,8,29,-10,-18,23,26,-10,44,4,29,-12,-19,23,10,-6,44,6,27
25.6800,-10,-17,23,12,3,39,4,27,-11,-11,24,18,-7,33,5,30,-8,-16,24,15,-8,43,6,35,-10,-12,25,17,-6,48,-2,30,-1,-14,22,16,-4,44,6,24,-3,-18,20,14,-9,46,8,29,-13,-16,20,25,-4,47,3,30,-10,-17,21,10,-6,43,7,30
25.7000,-8,-14,26,14,-1,45,2,26,-11,-16,26,17,-2,36,7,26,-10,-14,22,12,-13,45,4,37,-8,-13,23,16,-7,42,-4,30,-1,-16,18,17,-7,46,7,24,-6,-16,22,14,-7,46,9,33,-4,-14,26,23,-6,44,4,31,-9,-16,20,14,-6,44,6,26
25.7200,-10,-13,24,16,0,44,4,30,-5,-13,23,13,-10,35,7,31,-8,-17,21,15,-8,44,-1,33,-12,-13,24,17,-6,46,-5,34,0,-16,23,10,-9,47,9,31,-9,-21,25,10,-10,44,8,30,-7,-17,25,24,-8,41,6,29,-8,-13,23,13,-5,45,11,31
25.7400,-13,-21,21,18,-3,39,-2,24,-7,-16,26,15,-5,39,5,27,-5,-15,23,12,-8,43,1,35,-6,-12,20,12,-3,46,-6,32,-6,-11,23,12,-7,43,5,33,-10,-22,24,16,-7,44,10,29,-6,-13,21,23,-9,44,5,26,-5,-16,20,12,-6,45,8,32
25.7600,-6,-14,23,17,2,45,-1,28,-5,-15,24,12,-4,39,6,28,-10,-14,24,9,-12,44,6,40,-5,-13,26,16,-4,44,-3,31,-2,-14,22,14,-7,48,8,27,-8,-24,20,18,-5,47,8,31,-4,-16,23,19,-9,44,3,27,-6,-18,20,11,-8,42,3,31
25.7800,-11,-14,27,17,-7,44,6,28,-12,-13,23,16,-5,36,12,31,-11,-16,16,14,-5,45,1,33,-9,-15,20,16,-2,41,2,31,-1,-16,24,17,-7,41,7,29,-5,-21,18,15,-10,38,9,31,-8,-11,22,21,-5,41,1,29,-5,-18,24,17,-4,47,4,28
25.8000,-7,-17,22,14,-4,41,4,25,-7,-17,21,14,-9,39,9,30,-12,-17,22,14,-10,44,2,37,-8,-16,21,19,-6,46,-4,28,-2,-16,25,15,-6,43,7,29,-4,-19,25,11,-6,40,9,33,-7,-15,20,24,-6,47,5,28,-10,-13,24,16,-10,41,5,27
25.8200,-11,-17,20,14,2,43,4,30,-6,-14,22,16,-7,41,11,32,-12,-17,24,16,-10,46,4,35,-8,-18,24,16,-7,44,-1,30,-2,-15,22,16,-4,40,9,31,-7,-22,24,14,-6,46,9,26,-9,-17,22,23,-7,41,5,31,-7,-13,22,14,-4,43,12,29
25.8400,-7,-18,23,18,-4,42,6,28,-9,-16,15,17,-2,39,5,29,-16,-18,24,11,-17,46,1,36,-8,-10,24,16,-8,45,-4,29,-1,-19,20,16,-7,42,8,30,-8,-20,25,15,-8,45,7,34,-11,-16,21,28,-9,43,1,28,-6,-16,26,16,-6,42,5,28
25.8600,-5,-11,25,13,-1,48,3,28,-4,-16,25,16,-2,36,12,27,-8,-18,21,12,-7,47,6,37,-8,-13,24,13,-9,46,-3,33,-2,-14,23,17,-5,45,4,28,-7,-18,19,18,-2,46,5,35,-10,-14,21,26,-7,49,7,27,-12,-13,23,12,-7,46,6,27
25.8800,-5,-17,23,16,-3,49,1,25,-6,-16,26,17,-7,32,6,26,-10,-16,23,13,-8,42,3,38,-10,-10,23,17,-5,45,-2,28,-2,-22,22,18,-8,40,8,33,-7,-20,23,11,-11,42,5,31,-6,-12,21,25,-9,46,4,33,-11,-16,25,17,-6,43,6,28
25.9000,-11,-16,24,19,-4,42,-4,28,-7,-10,21,16,-2,34,5,27,-9,-18,19,12,-11,46,0,36,-13,-8,22,14,-5,44,1,29,1,-15,22,12,-3,39,7,30,-8,-21,25,16,-11,48,7,32,-9,-17,20,24,-10,43,8,27,-8,-15,22,13,-7,44,8,28
25.9200,-6,-17,25,12,1,43,5,28,-5,-13,21,14,-4,36,7,31,-9,-19,22,20,-12,42,2,39,-8,-16,21,16,-1,47,-1,30,-4,-14,25,18,-9,46,2,31,-11,-21,21,11,-5,46,9,29,-9,-15,20,20,-5,47,3,31,-12,-18,21,13,-11,46,7,30
25.9400,-11,-16,26,19,-3,44,1,26,-5,-15,24,14,-4,36,3,28,-13,-17,26,12,-7,44,2,39,-9,-13,27,17,-6,46,-4,27,-3,-20,22,17,-6,42,8,29,-6,-20,25,15,-4,45,7,31,-10,-15,22,25,-5,42,7,35,-9,-13,22,15,-4,45,4,28
25.9600,-8,-17,22,13,-1,43,7,26,-6,-16,20,14,-5,38,10,27,-8,-22,24,16,-7,40,2,35,-7,-12,23,11,-3,47,-3,31,-6,-17,22,10,-4,40,7,35,-7,-18,25,12,-1,42,11,28,-5,-12,23,23,-8,42,7,28,-10,-12,24,18,-8,45,7,30
25.9800,-10,-14,25,19,-4,43,2,28,-5,-13,21,20,-4,34,4,26,-11,-15,19,15,-7,42,3,38,-6,-9,22,15,-8,44,-7,32,-2,-15,27,16,-8,42,4,31,-5,-21,21,14,-11,44,6,29,-7,-17,24,24,-6,47,6,30,-8,-18,23,15,-9,40,8,34
26.0000,-10,-17,23,11,-1,41,4,28,-8,-11,21,13,-9,37,11,30,-12,-15,22,17,-9,44,1,37,-6,-13,24,17,-3,50,-3,29,-3,-18,20,17,-6,44,9,27,-12,-19,23,16,-5,43,11,30,-10,-17,21,22,-7,46,5,26,-10,-16,21,14,-10,44,7,31
26.0200,-11,-18,27,15,-4,43,1,24,-10,-15,26,16,-5,37,9,26,-9,-18,21,18,-9,49,1,37,-7,-16,24,14,-2,44,-2,32,-7,-19,22,17,-7,44,8,30,-7,-21,22,15,-5,47,6,25,-11,-16,22,25,-8,44,5,32,-10,-14,24,14,-8,41,9,28
26.0400,-12,-17,23,14,-2,43,2,24,-12,-15,21,12,-5,33,11,25,-10,-18,24,16,-12,46,0,39,-10,-13,25,19,-8,45,-4,32,-5,-18,23,17,-2,38,5,31,-7,-23,20,15,-5,44,7,27,-7,-15,21,26,-8,42,3,31,-12,-15,22,12,-7,42,7,31
26.0600,-12,-15,21,13,-2,42,9,31,-5,-11,23,12,-3,36,7,29,-14,-18,23,15,-8,42,7,36,-10,-16,26,14,-7,47,-4,28,-5,-14,22,14,-5,43,5,27,-6,-22,22,15,-9,44,9,28,-8,-18,16,28,-8,44,4,28,-9,-16,21,11,-5,45,3,28
26.0800,-11,-14,26,15,2,44,1,28,-8,-14,24,17,-1,41,9,26,-10,-19,18,12,-10,46,5,39,-5,-18,21,15,-7,47,-4,31,-3,-15,23,17,-7,41,2,26,-12,-26,23,12,-10,43,9,33,-8,-16,22,24,-7,43,7,29,-11,-14,24,15,-11,46,4,27
26.1000,-10,-14,19,16,-2,41,2,25,-7,-16,20,14,-2,33,6,26,-7,-21,20,14,-10,47,4,38,-9,-15,22,17,-8,49,-4,30,-1,-18,25,14,-5,42,6,30,-10,-18,24,11,-4,46,6,33,-14,-19,21,21,-7,42,7,29,-10,-15,24,20,-11,45,8,25
26.1200,-12,-17,22,14,2,41,5,28,-6,-12,18,13,0,37,7,31,-15,-19,20,12,-10,44,6,37,-7,-17,23,13,-5,49,-4,27,-4,-16,24,8,-10,43,5,28,-10,-21,19,9,-8,46,5,32,-7,-15,21,23,-10,42,6,26,-10,-13,20,15,-6,44,7,32
26.1400,-7,-14,25,9,-2,42,2,27,-9,-13,20,13,-7,35,9,28,-12,-14,22,11,-9,40,4,38,-6,-13,24,14,-3,46,-5,31,0,-14,21,18,-8,41,4,32,-7,-26,21,12,-6,47,1,30,-9,-13,23,23,-7,41,8,29,-9,-15,20,13,-6,42,7,32
26.1600,-14,-13,20,12,-5,44,0,26,-8,-14,20,15,-5,37,5,27,-8,-17,24,16,-12,40,3,37,-7,-12,24,16,-10,48,-5,30,-4,-17,22,12,-11,42,2,27,-10,-25,24,17,-12,44,9,33,-8,-14,22,24,-11,42,6,32,-9,-13,24,15,-10,45,7,28
26.1800,-9,-20,23,13,-3,43,2,29,-10,-16,22,16,-1,32,8,30,-11,-17,20,16,-8,47,3,38,-7,-14,22,13,-4,49,-3,29,-5,-11,25,15,-10,45,8,29,-9,-19,24,14,-8,45,9,31,-11,-13,28,24,-6,45,3,30,-9,-14,23,10,-8,44,6,29
26.2000,-11,-14,23,18,2,46,4,27,-6,-10,23,12,-1,34,7,24,-10,-18,24,13,-9,47,5,37,-6,-16,23,15,-5,49,-1,32,2,-14,24,13,-12,42,3,28,-12,-22,25,15,-6,46,4,26,-12,-15,22,26,-4,44,2,28,-12,-15,26,16,-10,49,7,30
26.2200,-10,-15,22,17,-2,43,4,28,-9,-15,25,16,-4,40,10,22,-13,-19,19,16,-8,42,5,38,-10,-12,20,13,-9,49,-4,33,-5,-15,21,10,-13,46,5,31,-5,-25,21,14,-8,46,11,32,-11,-12,22,22,-6,48,7,32,-8,-14,21,14,-8,43,10,31
26.2400,-13,-13,21,15,1,43,7,26,-9,-11,23,12,-1,37,6,29,-13,-14,26,16,-7,44,8,36,-7,-16,24,13,-5,47,-3,29,-3,-16,20,12,-11,44,6,27,-7,-21,18,17,-8,46,13,30,-14,-17,24,25,-9,43,6,28,-10,-16,24,16,-3,46,10,30
26.2600,-11,-12,28,10,-1,42,5,25,-6,-13,22,10,-6,38,11,29,-9,-19,25,13,-11,47,11,40,-2,-16,20,13,-5,44,-3,31,1,-12,24,11,-10,41,6,27,-8,-22,27,12,-8,41,7,31,-8,-20,18,21,-6,44,6,24,-10,-15,25,15,-8,40,8,28
26.2800,-13,-14,14,17,0,42,5,28,-7,-18,20,15,-6,37,8,28,-10,-17,21,17,-11,43,7,36,-7,-13,20,14,-6,44,-4,29,-1,-13,22,13,-9,44,5,27,-9,-22,22,14,-8,45,7,30,-10,-13,24,23,-8,46,10,27,-13,-14,19,16,-8,41,12,28
26.3000,-11,-14,25,14,-1,39,7,23,-8,-15,20,18,-3,35,6,24,-11,-22,22,16,-8,47,5,39,-11,-14,25,16,-4,39,-3,28,-7,-13,21,17,-10,46,3,27,-10,-25,19,13,-12,45,6,29,-11,-11,25,24,-9,45,12,27,-13,-15,26,11,-3,42,3,27
26.3200,-13,-13,26,13,-1,41,1,26,-5,-14,20,16,-10,35,8,25,-9,-20,23,9,-11,45,4,39,-6,-18,24,15,-9,42,2,25,1,-14,24,18,-7,41,3,27,-10,-21,19,12,-8,40,8,32,-7,-17,27,23,-8,46,9,26,-7,-19,23,11,-7,44,5,25
26.3400,-8,-10,24,14,-2,41,5,26,-9,-12,20,17,-7,35,12,27,-8,-20,21,15,-9,45,4,38,-5,-8,23,16,-5,44,-2,29,-6,-16,24,15,-7,43,8,25,-10,-20,21,13,-5,46,6,31,-5,-17,19,23,-7,45,3,25,-9,-14,26,13,-4,44,6,27
26.3600,-9,-17,25,12,-3,44,1,22,-9,-15,23,15,-6,40,4,31,-12,-14,21,11,-10,43,5,38,-9,-12,21,14,-5,48,-2,31,-6,-14,23,15,-8,42,4,28,-6,-28,22,12,-10,47,7,28,-9,-19,25,20,-7,46,6,25,-10,-14,24,16,-3,44,6,25
26.3800,-11,-17,21,14,-1,45,0,25,-9,-11,27,14,-4,36,6,26,-8,-18,25,11,-7,44,5,35,-7,-15,25,18,-4,46,-1,28,-1,-14,22,11,-9,46,4,31,-8,-21,20,12,-10,47,9,30,-7,-18,18,24,-7,45,4,28,-10,-13,23,12,-8,40,7,24
26.4000,-13,-14,24,15,-1,41,7,25,-9,-13,23,15,-4,38,9,25,-10,-18,24,15,-8,44,2,39,-9,-11,19,16,-3,46,-3,30,-1,-14,20,14,-9,45,6,31,-5,-18,27,15,-3,49,6,25,-11,-22,21,23,-10,44,2,29,-10,-16,25,15,-6,44,9,28
26.4200,-11,-11,28,16,0,42,7,27,-6,-10,21,15,-9,39,9,28,-10,-21,22,19,-9,44,4,36,-6,-11,21,15,-7,43,1,30,-5,-15,22,10,-9,44,2,27,-15,-24,22,14,-10,42,6,29,-9,-19,23,20,-6,43,6,29,-10,-12,24,16,-8,49,11,30
26.4400,-14,-15,20,13,-2,43,6,24,-8,-12,23,17,-5,36,9,30,-10,-20,20,14,-12,42,5,35,-8,-16,21,15,-9,45,0,28,0,-17,23,15,-8,44,5,25,-13,-20,18,10,-10,44,8,27,-9,-12,22,22,-5,42,5,27,-7,-16,24,14,-11,44,5,29
26.4600,-10,-15,23,13,0,45,7,25,-5,-17,21,11,-8,33,8,27,-10,-20,18,10,-8,50,6,38,-7,-15,22,16,-4,44,-1,28,-7,-18,20,16,-7,43,4,25,-5,-24,16,14,-6,45,8,32,-6,-17,21,18,-4,47,6,26,-14,-15,22,12,-8,44,8,30
26.4800,-9,-17,22,14,2,46,6,26,-11,-11,25,14,-2,34,9,30,-11,-21,18,10,-11,46,2,38,-5,-14,26,15,-6,46,0,32,-3,-12,18,11,-7,41,7,28,-8,-23,23,16,-9,44,10,31,-9,-16,19,22,-6,43,7,26,-9,-18,20,11,-9,47,6,24
26.5000,-11,-14,20,11,3,42,3,23,-7,-15,19,15,-3,38,10,26,-12,-18,25,14,-14,42,4,36,-7,-15,20,14,-5,46,2,31,-5,-19,19,14,-7,43,3,29,-9,-17,19,13,-4,43,7,31,-12,-18,22,26,0,42,5,30,-14,-16,21,9,-8,42,5,29
26.5200,-10,-14,23,10,2,42,5,21,-11,-13,21,13,-4,38,6,26,-11,-21,20,15,-14,45,3,33,-7,-13,22,18,-9,45,-1,29,-4,-18,18,15,-10,49,1,29,-6,-20,23,12,-6,44,7,30,-10,-16,17,20,-12,42,4,28,-10,-15,23,13,-9,44,3,29
26.5400,-6,-17,26,10,1,43,7,25,-9,-15,21,17,-3,36,7,31,-13,-17,21,14,-6,43,7,30,-7,-15,23,11,-10,45,-3,28,-6,-15,21,15,-7,40,8,25,-7,-20,22,16,-10,38,7,32,-6,-14,19,24,-8,45,9,31,-9,-18,22,15,-8,48,1,29
26.5600,-6,-11,21,13,-1,39,8,28,-12,-13,25,12,-4,37,0,27,-16,-16,20,14,-9,46,4,32,-4,-12,22,18,-5,40,-7,32,-4,-16,20,18,-5,39,5,28,-9,-21,25,14,-6,44,4,31,-12,-15,20,24,-3,46,5,25,-12,-16,22,13,-2,43,4,29
26.5800,-11,-15,26,21,-4,39,8,24,-11,-15,20,20,-9,38,12,30,-13,-15,24,8,-10,39,4,36,-8,-16,25,15,-9,44,1,28,-9,-21,18,17,-8,47,7,26,-8,-20,23,10,-8,49,4,31,-7,-14,26,21,-7,44,10,29,-11,-14,23,16,-9,43,9,29
26.6000,-11,-13,24,12,2,42,3,25,-9,-15,21,11,-5,39,8,27,-9,-18,21,12,-8,46,2,32,-7,-15,26,17,-6,49,-2,26,-9,-19,19,16,-6,45,9,27,-7,-18,18,15,-7,48,6,29,-9,-16,24,23,-7,48,5,30,-13,-14,21,13,-6,44,6,28
26.6200,-8,-13,18,16,-4,43,6,25,-7,-12,19,16,-2,39,6,28,-11,-17,17,12,-3,47,3,39,-5,-18,24,15,-8,46,0,31,-8,-17,22,15,-9,45,6,24,-5,-21,26,15,-5,42,9,26,-10,-18,19,24,-6,45,7,21,-10,-14,20,19,-6,46,2,29
26.6400,-11,-18,22,13,-2,43,3,26,-9,-16,17,18,-8,33,12,23,-16,-17,19,13,-11,47,4,38,-8,-15,21,17,-10,43,-3,27,-9,-15,23,16,-6,47,1,30,-4,-17,22,14,-12,45,6,30,-11,-13,20,20,-7,47,7,24,-6,-22,23,17,-7,42,4,26
26.6600,-8,-16,22,15,0,44,2,27,-8,-13,22,14,-5,36,6,23,-10,-15,20,14,-8,46,3,32,-11,-15,20,14,-10,44,-2,25,-8,-19,25,13,-9,41,1,25,-5,-28,22,17,-7,48,8,28,-13,-12,22,21,-5,43,6,28,-5,-18,25,14,-6,49,4,26
26.6800,-9,-16,23,14,-2,42,7,28,-11,-12,18,14,-7,38,8,30,-7,-17,20,12,-10,41,2,35,-8,-16,22,16,-8,43,3,32,-7,-11,27,13,-10,43,2,25,-10,-20,20,12,-8,44,7,29,-11,-18,23,22,-8,44,3,27,-8,-15,21,10,-7,44,7,30
26.7000,-11,-11,23,15,-1,42,8,25,-9,-12,22,9,-5,37,8,26,-12,-23,23,10,-8,44,8,39,-9,-15,25,15,-7,45,-3,29,-7,-18,19,18,-10,42,2,29,-11,-20,24,16,-7,43,7,31,-12,-13,18,20,-9,42,5,27,-10,-19,23,11,-8,43,8,28
26.7200,-11,-16,20,15,2,46,2,24,-11,-17,25,15,-8,36,5,25,-14,-17,21,14,-10,44,6,35,-7,-19,22,16,-8,43,-5,32,-4,-16,21,14,-6,44,7,30,-12,-19,23,12,-9,47,11,30,-11,-14,22,25,-3,43,4,24,-5,-17,24,13,-6,45,8,28
26.7400,-11,-19,21,7,2,40,9,25,-9,-16,22,12,-7,31,9,33,-16,-19,23,15,-8,47,8,37,-6,-13,18,12,-6,44,-2,28,-5,-14,20,19,-2,44,2,24,-6,-22,19,19,-7,42,3,28,-11,-18,17,21,-4,42,4,29,-7,-17,25,12,-7,48,6,25
26.7600,-11,-15,21,11,2,45,4,29,-10,-14,20,14,-5,38,8,29,-10,-19,20,14,-5,50,4,37,-10,-16,23,16,-6,45,-4,28,-7,-19,19,13,-6,45,3,28,-8,-19,25,15,-5,44,4,30,-7,-18,20,19,-6,45,7,29,-8,-16,21,11,-11,47,6,27
26.7800,-11,-13,20,16,-1,43,4,26,-6,-15,23,10,-6,40,6,29,-14,-20,23,9,-9,44,7,35,-10,-18,21,15,-4,46,2,30,-5,-16,21,16,-6,42,4,26,-8,-22,22,14,-7,47,6,29,-11,-17,22,19,-6,44,3,26,-10,-16,22,17,-11,43,10,23
26.8000,-12,-15,24,14,0,46,8,31,-8,-14,22,15,-5,37,6,30,-3,-18,22,15,-11,46,3,33,-8,-15,20,16,-10,45,1,31,-2,-13,20,14,-11,42,6,25,-7,-16,20,17,-8,48,8,28,-9,-19,17,13,-7,44,5,27,-11,-20,21,18,-9,40,6,27
26.8200,-13,-14,22,15,-4,43,7,29,-10,-12,23,15,-2,38,11,28,-13,-20,19,12,-6,47,5,37,-11,-17,24,15,-7,46,-4,27,-5,-16,22,16,-10,44,6,27,-7,-20,23,15,-3,44,1,30,-9,-15,19,18,-6,44,2,26,-10,-13,18,17,-10,45,8,23
26.8400,-7,-12,15,15,0,42,8,26,-11,-15,18,14,-7,32,6,29,-15,-21,21,14,-9,42,4,37,-9,-17,24,14,-6,50,-1,30,-6,-18,19,13,-8,46,5,23,-6,-24,24,13,-5,47,8,29,-8,-17,19,23,-10,43,7,24,-11,-17,20,13,-5,44,10,26
26.8600,-4,-16,19,10,-3,45,11,27,-7,-13,22,14,-5,37,9,28,-11,-15,21,17,-9,46,3,35,-10,-18,20,18,-9,47,-1,27,-4,-16,19,17,-8,43,3,25,-6,-17,21,13,-8,47,8,33,-10,-19,14,17,-9,44,5,29,-9,-15,20,11,-9,46,3,27
26.8800,-11,-12,21,15,-1,42,6,19,-10,-16,20,10,0,36,7,25,-9,-20,17,13,-10,43,4,32,-9,-18,24,14,-5,44,-5,28,-4,-18,18,15,-8,45,9,28,-8,-22,22,14,-9,41,7,29,-14,-17,20,21,-8,45,6,30,-5,-18,24,14,-7,48,6,28
26.9000,-14,-14,25,13,-1,43,8,21,-11,-18,18,13,-5,35,8,24,-11,-14,24,15,-13,40,8,36,-11,-17,21,8,-4,47,-3,27,-6,-21,21,13,-8,46,5,30,-12,-20,20,14,-5,44,6,26,-9,-18,24,22,-7,41,6,30,-12,-14,19,17,-4,44,6,29
26.9200,-11,-16,22,13,-1,43,8,27,-9,-16,25,17,-4,36,8,25,-9,-18,16,11,-8,42,3,41,-13,-14,26,12,-5,45,-1,29,-9,-18,21,12,-10,48,4,25,-9,-25,18,12,-6,44,4,27,-8,-18,21,15,-8,45,6,27,-7,-20,20,12,-8,44,8,27
26.9400,-9,-12,23,14,-1,43,5,27,-11,-14,19,14,-8,37,5,26,-13,-15,21,16,-9,41,3,34,-8,-16,16,12,-10,48,-3,31,-4,-13,19,17,-11,42,3,27,-7,-21,21,17,-6,42,8,30,-7,-15,17,21,-11,44,8,26,-12,-15,20,11,-4,41,9,26
26.9600,-10,-16,20,9,-4,43,5,27,-9,-15,19,14,-6,39,4,28,-10,-17,20,17,-10,46,4,37,-7,-17,14,13,-10,47,-2,31,-3,-16,24,14,-7,44,10,28,-10,-23,24,15,-9,43,2,24,-6,-14,19,19,-8,39,7,29,-6,-15,20,16,-5,42,7,26
26.9800,-11,-14,23,10,-1,42,5,26,-10,-9,21,14,-3,34,8,27,-10,-18,23,13,-10,47,3,39,-11,-17,17,16,-8,46,2,28,-4,-18,17,14,-3,42,7,27,-7,-23,21,16,-5,47,5,31,-11,-19,22,20,-8,44,6,31,-6,-17,23,13,-4,47,4,30
27.0000,-9,-20,19,16,-1,41,7,30,-11,-18,22,16,-6,40,5,28,-11,-20,24,12,-11,43,2,35,-7,-22,21,16,-10,47,1,25,-5,-20,22,17,-10,42,10,29,-10,-20,20,10,-5,43,3,27,-6,-14,19,19,-9,47,8,31,-7,-13,19,13,-9,43,5,26
27.0200,-11,-18,22,11,-3,43,6,29,-10,-19,22,9,-3,35,10,24,-11,-19,21,13,-5,41,2,35,-8,-16,21,13,-11,48,-2,26,-6,-16,20,11,-13,41,5,28,-9,-20,19,15,-12,44,9,32,-13,-17,15,17,-6,43,5,26,-12,-16,26,16,-11,45,4,28
27.0400,-10,-17,20,11,-1,43,8,27,-10,-16,19,14,-4,34,8,27,-10,-16,19,13,-6,43,1,29,-8,-10,16,12,-8,48,0,25,-6,-17,21,16,-7,46,6,28,-5,-20,23,15,-13,41,4,30,-10,-17,15,20,-11,45,6,24,-9,-17,25,12,-9,43,4,30
27.0600,-12,-13,21,12,-5,47,8,24,-14,-11,18,12,-5,39,8,22,-13,-18,23,19,-10,46,1,37,-7,-16,21,12,-10,44,-5,28,-9,-13,20,14,-8,43,7,28,-9,-22,21,8,-3,44,9,28,-11,-14,19,19,-7,46,6,26,-9,-18,23,14,-5,41,2,29
27.0800,-10,-17,21,14,-1,43,8,28,-11,-17,14,15,0,34,7,22,-10,-19,21,15,-5,47,5,36,-9,-18,24,15,-6,48,-1,34,-8,-17,19,14,-8,46,2,26,-7,-22,13,11,-6,41,9,25,-11,-19,20,21,-6,45,5,30,-9,-14,17,9,-6,40,8,27
27.1000,-10,-13,23,13,-5,40,5,24,-10,-13,19,13,-7,36,15,29,-8,-20,23,17,-8,45,5,34,-5,-19,22,15,-8,47,1,30,-3,-13,19,12,-8,45,2,29,-9,-19,18,15,-5,46,4,32,-7,-17,21,18,-8,43,4,24,-7,-16,21,15,-13,43,8,27
27.1200,-11,-20,22,12,-3,38,11,25,-10,-14,20,11,-4,40,4,28,-15,-19,24,16,-6,45,9,35,-9,-16,21,14,-6,40,-5,30,-4,-16,24,17,-8,42,6,27,-4,-23,13,10,-5,49,3,29,-11,-18,21,16,-5,44,4,25,-9,-17,17,16,-9,45,6,25
27.1400,-11,-15,22,16,-5,42,4,27,-14,-17,23,14,-5,38,7,27,-10,-15,17,14,-9,45,3,38,-10,-15,22,13,-8,45,-1,30,-7,-15,14,14,-9,40,7,26,-11,-25,19,17,-2,47,7,27,-8,-17,19,21,-9,46,5,28,-11,-16,20,14,-7,46,9,27
27.1600,-13,-16,26,15,0,43,6,25,-10,-15,19,16,-4,37,10,23,-10,-18,17,13,-10,42,1,38,-6,-15,19,15,-8,44,-3,31,-6,-21,14,20,-11,42,3,26,-11,-22,20,13,-12,48,7,28,-7,-16,18,17,-11,44,7,27,-10,-13,22,13,-7,42,5,28
27.1800,-11,-16,18,13,-2,47,7,26,-6,-14,19,15,-4,34,7,24,-10,-18,26,11,-6,44,8,32,-12,-17,16,13,-8,44,1,27,-10,-15,22,13,-10,47,3,30,-12,-20,23,11,-7,43,6,27,-10,-16,18,18,-10,48,5,32,-8,-18,20,13,-8,44,2,29
27.2000,-9,-13,21,15,1,47,3,27,-15,-13,24,10,-7,36,2,29,-5,-22,16,12,-6,44,2,34,-13,-17,13,12,-11,50,-4,28,-7,-14,16,10,-7,45,4,26,-8,-24,20,14,-6,45,3,30,-10,-22,19,16,-11,43,7,27,-7,-16,22,15,-6,42,7,26
27.2200,-8,-16,20,16,5,43,7,29,-11,-12,24,13,-7,38,6,27,-12,-13,18,13,-3,45,7,32,-8,-14,17,17,-10,48,-2,25,-9,-14,15,9,-10,46,8,30,-9,-19,15,10,-10,43,5,28,-13,-13,17,20,-8,44,7,27,-6,-21,18,10,-12,41,8,26
27.2400,-7,-15,21,11,0,42,8,26,-11,-16,21,11,-6,36,7,24,-10,-15,22,14,-5,48,6,34,-9,-15,22,12,-8,42,-4,26,-4,-18,23,13,-12,44,2,26,-8,-20,20,15,-9,47,8,31,-12,-18,16,19,-5,43,4,30,-13,-19,21,15,-3,47,9,31
27.2600,-10,-17,21,13,1,42,9,26,-9,-17,21,13,-6,35,5,28,-10,-15,18,14,-6,46,6,35,-9,-17,21,12,-8,46,2,26,-7,-19,18,18,-12,48,3,22,-8,-20,21,12,-7,44,3,28,-10,-18,19,21,-13,42,7,26,-10,-13,19,12,-5,43,9,29
27.2800,-9,-16,20,14,-4,44,5,28,-8,-14,20,11,-5,35,9,30,-7,-20,18,12,-12,45,4,33,-10,-21,21,15,-10,46,-6,25,-10,-20,15,16,-8,45,2,27,-5,-22,15,16,-9,45,4,29,-7,-16,20,16,-9,43,9,25,-12,-20,18,14,-8,44,2,26
27.3000,-8,-19,25,15,0,42,11,27,-7,-14,16,17,-8,35,10,25,-9,-21,21,15,-6,44,3,31,-8,-20,21,17,-8,42,2,29,-9,-17,20,11,-8,44,3,26,-16,-22,19,14,-9,45,5,24,-10,-18,17,20,-5,42,9,30,-15,-13,20,14,-6,43,5,24
27.3200,-14,-13,16,14,1,41,8,26,-8,-14,15,12,-4,36,4,28,-11,-17,16,18,-12,47,5,35,-9,-19,20,15,-7,40,-5,28,-9,-20,21,11,-10,45,1,29,-12,-20,21,13,-11,44,7,28,-9,-16,19,20,-9,44,6,24,-9,-11,16,17,-5,44,7,25
27.3400,-7,-18,19,13,-2,39,7,31,-9,-13,18,11,-2,33,8,24,-14,-21,26,15,-9,44,7,33,-7,-19,22,12,-10,44,-1,27,-4,-13,16,14,-11,45,5,22,-11,-20,19,13,-10,48,4,30,-6,-20,17,19,-10,42,7,28,-12,-17,18,10,-11,46,6,25
27.3600,-14,-16,18,14,-1,46,6,32,-7,-14,17,17,-6,41,5,27,-11,-17,20,11,-11,44,6,36,-14,-17,18,14,-8,46,-1,31,-5,-14,19,11,-7,48,5,25,-10,-17,24,8,-6,46,5,24,-9,-19,19,21,-6,44,11,20,-9,-18,18,15,-10,45,8,27
27.3800,-8,-19,24,18,0,44,8,28,-7,-15,12,13,-4,36,4,24,-7,-20,19,14,-3,41,4,31,-10,-16,20,14,-12,46,-5,31,-10,-18,15,15,-8,45,3,27,-7,-16,22,11,-11,48,7,26,-11,-16,16,16,-8,48,8,24,-5,-21,21,13,-5,50,7,24
27.4000,-11,-20,20,12,-3,43,6,28,-6,-16,21,9,-9,35,2,28,-9,-23,19,16,-12,43,8,32,-6,-15,18,14,-6,38,-2,25,-3,-15,22,15,-10,46,5,26,-9,-19,21,15,-11,47,5,27,-10,-18,18,15,-8,45,6,27,-9,-19,20,15,-8,46,6,26
27.4200,-12,-17,21,15,-8,44,6,26,-9,-15,25,13,-9,37,5,27,-11,-20,17,15,-11,46,5,39,-9,-17,16,13,-12,46,-1,27,-5,-18,21,12,-11,44,5,23,-10,-22,22,15,-13,45,4,28,-14,-14,21,22,-10,41,7,27,-7,-17,24,11,-12,40,8,26
27.4400,-11,-16,22,15,0,41,8,25,-7,-12,18,11,-9,38,11,26,-9,-16,20,13,-9,46,3,35,-5,-16,17,15,-8,41,1,27,-9,-17,21,14,-9,45,4,23,-10,-23,17,13,-7,45,9,27,-7,-14,18,21,-10,46,8,25,-12,-14,21,13,-10,44,6,26
27.4600,-14,-19,18,16,0,45,9,28,-8,-12,22,11,-5,35,10,24,-10,-17,15,10,-7,42,0,35,-8,-14,16,15,-10,43,-3,27,-6,-15,19,12,-3,46,5,26,-8,-22,12,12,-4,45,7,30,-11,-13,13,19,-5,44,9,28,-4,-15,18,15,-7,42,6,24
27.4800,-11,-17,20,14,-2,42,8,30,-13,-15,24,14,-4,33,9,23,-9,-15,19,12,-7,46,1,33,-7,-20,19,15,-5,41,-6,29,-6,-19,25,8,-2,43,2,26,-8,-22,22,14,-7,43,7,27,-14,-14,15,18,-4,44,7,23,-9,-17,19,13,-10,46,4,21
27.5000,-11,-16,26,10,3,41,5,25,-11,-14,21,13,-4,36,6,24,-11,-17,21,15,-8,42,4,35,-11,-18,20,14,-9,43,-2,29,-9,-16,17,12,-7,43,2,25,-3,-23,17,12,-13,46,6,26,-9,-18,14,21,-8,45,0,27,-10,-19,20,14,-9,43,4,26
27.5200,-9,-19,18,13,-2,44,10,27,-12,-17,17,11,-5,38,6,27,-11,-16,20,13,-6,43,8,34,-8,-19,22,16,-7,47,0,26,-8,-20,21,14,-10,48,-1,26,-9,-24,20,12,-4,40,5,23,-9,-20,19,21,-8,42,8,27,-7,-13,18,12,-11,45,7,28
27.5400,-6,-18,20,9,-1,40,9,24,-11,-15,20,19,-8,39,9,21,-14,-18,17,10,-11,41,5,34,-11,-18,14,12,-6,43,-1,25,-7,-17,21,13,-11,42,4,28,-10,-24,20,13,-9,44,3,26,-9,-15,16,14,-9,47,6,28,-7,-13,19,12,-8,48,6,31
27.5600,-9,-16,20,13,-3,48,8,27,-14,-16,19,15,-7,37,2,22,-13,-16,18,12,-7,45,3,35,-11,-24,20,13,-11,41,-7,27,-6,-15,20,10,-3,40,6,25,-8,-22,21,13,-10,46,5,29,-9,-14,16,16,-11,43,5,28,-7,-16,17,13,-8,46,8,27
27.5800,-12,-17,22,10,-2,42,8,22,-11,-14,19,15,-8,35,10,25,-12,-16,18,12,-7,41,13,32,-7,-18,19,15,-7,44,-6,26,-6,-20,16,13,-7,44,5,20,-9,-22,15,11,-8,48,8,29,-10,-13,17,18,-8,44,7,27,-11,-16,22,12,-9,46,7,27
27.6000,-8,-13,21,15,0,39,5,30,-9,-16,18,12,-4,33,6,22,-12,-20,16,16,-10,45,10,35,-10,-19,20,13,-7,42,-6,27,-10,-19,18,13,-11,45,2,21,-8,-23,20,9,-9,43,7,25,-10,-16,15,19,-8,47,8,28,-8,-18,17,12,-6,39,4,30
27.6200,-12,-18,22,15,0,42,7,28,-11,-16,17,15,-9,38,4,26,-17,-20,16,13,-6,41,7,35,-1,-15,19,11,-7,42,-4,29,-4,-15,16,11,-7,45,3,23,-10,-22,18,19,-9,47,4,27,-11,-20,15,18,-12,44,4,27,-5,-19,18,9,-10,38,7,27
27.6400,-9,-17,22,17,5,44,9,29,-7,-14,20,15,-2,32,9,22,-10,-16,22,12,-12,40,7,30,-6,-16,18,13,-14,41,-2,26,-6,-16,22,16,-11,42,7,26,-10,-17,19,9,-8,47,3,25,-12,-17,19,19,-8,38,2,21,-6,-15,19,11,-9,41,8,24
27.6600,-9,-15,17,16,-2,41,8,29,-9,-14,19,13,-6,37,8,24,-6,-21,19,13,-3,45,9,33,-9,-17,24,15,-8,41,-3,33,-4,-18,19,11,-8,44,4,27,-9,-24,17,13,-6,45,6,29,-11,-17,14,23,-8,45,8,26,-9,-24,18,12,-9,43,6,23
27.6800,-11,-15,21,10,-1,43,14,30,-8,-18,15,13,-3,38,6,23,-13,-17,24,13,-8,44,4,32,-9,-19,19,13,-7,46,-1,26,-5,-19,18,15,-7,47,3,27,-12,-26,18,16,-5,41,4,23,-10,-16,16,15,-9,44,5,27,-7,-15,15,13,-7,45,6,27
27.7000,-9,-17,19,12,-4,43,3,24,-11,-16,22,11,-5,31,6,22,-11,-18,17,16,-10,43,8,31,-12,-17,17,13,-9,43,-3,27,-8,-20,16,9,-8,45,7,25,-7,-21,18,12,-12,44,5,25,-8,-17,15,19,-13,43,9,22,-10,-19,18,13,-13,45,5,25
27.7200,-9,-16,21,17,-2,47,6,23,-7,-15,23,14,-8,36,10,27,-10,-20,18,14,-7,41,5,35,-5,-17,19,14,-13,42,1,29,-3,-19,18,13,-10,42,6,24,-12,-23,14,16,-11,45,6,25,-11,-15,15,23,-8,44,4,23,-6,-15,18,16,-9,42,6,29
27.7400,-10,-14,18,13,-3,45,9,25,-6,-19,22,14,-8,37,5,24,-14,-18,17,18,-6,45,10,32,-9,-21,18,11,-12,43,-6,25,-6,-17,18,12,-7,46,10,24,-6,-23,17,14,-3,46,6,23,-10,-17,16,19,-11,44,8,24,-6,-19,18,14,-8,46,7,23
27.7600,-17,-21,16,12,-2,43,6,28,-11,-17,14,12,-7,39,5,25,-11,-20,17,14,-1,41,1,36,-4,-21,21,9,-12,39,-5,26,-6,-17,13,17,-10,46,3,27,-12,-17,17,14,-9,48,8,21,-10,-19,15,15,-7,46,7,25,-13,-15,18,12,-5,42,7,26
27.7800,-7,-20,16,12,-2,40,3,23,-8,-18,17,13,-9,34,6,29,-15,-18,20,14,-7,43,0,33,-11,-18,19,12,-11,43,-1,23,2,-16,15,13,-9,45,5,25,-12,-17,20,13,-10,46,3,24,-11,-15,17,16,-11,45,8,29,-14,-20,17,10,-6,43,2,25
27.8000,-11,-19,18,15,0,46,11,24,-12,-20,18,11,-10,35,3,24,-8,-17,19,12,-5,44,11,31,-8,-18,19,11,-10,41,-1,26,-7,-19,16,9,-3,45,10,25,-9,-19,19,14,-8,49,4,25,-13,-20,21,15,-10,44,7,23,-9,-18,18,11,-6,44,5,26
27.8200,-11,-16,20,11,4,42,12,25,-13,-18,18,11,-7,34,2,23,-10,-18,22,10,-6,42,8,31,-8,-17,19,12,-13,43,-5,24,-4,-16,14,9,-4,44,3,22,-11,-23,13,13,-10,47,7,24,-13,-16,18,22,-9,44,3,25,-10,-20,16,14,-7,45,6,23
27.8400,-12,-17,16,11,-1,44,13,25,-8,-15,16,14,-12,36,8,26,-15,-13,18,16,-4,43,9,34,-6,-17,20,16,-14,41,0,27,-7,-14,13,11,-7,42,1,28,-9,-23,19,13,-12,44,1,25,-11,-20,17,16,-12,43,7,23,-14,-16,17,15,-8,41,7,27
27.8600,-9,-16,18,13,-4,47,7,22,-14,-14,18,12,-10,36,6,24,-9,-19,16,15,-8,43,7,32,-10,-18,16,17,-8,42,-3,24,-3,-19,14,14,-9,45,8,27,-8,-21,21,14,-8,46,6,28,-13,-25,17,17,-7,46,4,26,-8,-17,13,11,-8,42,7,22
27.8800,-10,-15,19,14,-1,41,5,25,-12,-15,18,14,-9,34,3,23,-11,-21,20,9,-10,44,11,36,-11,-19,19,16,-9,42,-4,27,-4,-16,16,12,-7,46,4,23,-9,-23,19,15,-13,45,7,29,-6,-18,22,13,-3,42,6,25,-10,-20,21,13,-7,41,6,20
27.9000,-10,-20,22,10,-4,42,10,26,-12,-17,20,12,-6,35,3,29,-13,-17,19,10,-8,45,7,36,-11,-16,17,11,-13,39,0,28,-8,-21,19,15,-11,46,10,26,-10,-21,14,8,-9,46,8,24,-8,-17,19,19,-7,43,9,27,-10,-15,18,15,-4,39,3,21
27.9200,-9,-21,18,12,0,41,11,25,-11,-13,17,8,-2,37,6,24,-13,-17,17,16,-7,45,8,33,-9,-15,21,16,-12,42,-1,29,-8,-16,22,9,-5,43,5,24,-10,-22,21,13,-11,45,5,17,-9,-18,17,19,-9,42,7,22,-10,-15,17,11,-6,44,6,23
27.9400,-11,-15,18,12,-4,46,9,27,-12,-15,14,9,-2,37,4,28,-12,-19,17,13,-5,43,8,33,-9,-17,19,12,-14,44,-5,21,-13,-17,17,12,-9,47,6,31,-11,-22,17,14,-10,44,-2,25,-7,-18,18,14,-8,45,9,25,-8,-18,16,9,-10,42,6,24
27.9600,-7,-15,18,12,-4,42,11,29,-8,-20,17,11,-10,38,5,25,-13,-16,18,12,-6,39,9,34,-13,-17,15,12,-9,38,-2,25,-7,-17,17,15,-11,46,11,26,-8,-23,19,13,-11,46,-1,22,-10,-18,17,15,-12,43,7,22,-9,-16,22,11,-10,44,6,26
27.9800,-11,-20,16,14,-2,41,8,25,-9,-17,17,10,-9,39,2,24,-12,-20,20,11,-7,48,8,33,-10,-18,21,13,-10,43,-4,25,-9,-18,21,11,-7,45,7,22,-8,-26,16,13,-9,41,3,22,-9,-15,16,19,-5,45,9,24,-8,-14,17,11,-5,43,13,24
28.0000,-10,-16,20,13,2,45,8,24,-7,-14,16,7,-5,32,4,21,-10,-14,19,12,-10,43,7,34,-6,-19,19,12,-11,41,-7,23,-11,-21,14,17,-6,43,7,25,-11,-25,21,15,-8,44,2,22,-6,-18,21,13,-9,46,7,25,-10,-19,22,14,-8,42,7,24
28.0200,-15,-13,14,9,-6,47,7,24,-12,-15,20,11,-8,40,8,27,-11,-17,18,9,-3,44,5,37,-10,-20,20,14,-11,39,-3,26,-9,-17,16,15,-11,43,7,27,-8,-19,23,16,-13,46,6,22,-10,-17,18,23,-7,42,8,23,-12,-22,19,12,-4,42,7,23
28.0400,-11,-13,17,10,-1,40,8,28,-13,-18,14,11,-4,36,4,23,-11,-18,15,11,-10,43,4,30,-11,-20,19,15,-7,40,-2,27,-8,-19,16,13,-11,41,3,26,-11,-22,16,12,-9,47,3,25,-6,-18,17,19,-7,44,5,23,-10,-21,17,16,-9,45,6,20
28.0600,-7,-18,20,11,1,46,11,27,-8,-16,20,9,-6,34,5,24,-9,-20,18,12,-5,47,6,36,-9,-18,16,15,-8,41,-2,22,-10,-22,13,12,-12,39,8,23,-10,-18,19,13,-12,44,1,24,-8,-17,13,15,-7,41,10,26,-10,-14,17,9,-11,42,8,28
28.0800,-10,-15,16,14,1,46,8,27,-10,-16,18,9,-4,35,8,26,-9,-15,18,12,-9,43,1,33,-11,-22,18,14,-7,42,0,21,-6,-15,18,10,-11,39,6,26,-13,-23,13,11,-9,45,4,22,-10,-20,15,19,-8,46,7,27,-9,-19,18,9,-10,41,8,28
28.1000,-6,-14,19,11,-6,41,8,29,-15,-15,20,12,-9,39,3,20,-8,-17,22,12,-6,45,7,35,-13,-23,15,12,-13,39,-6,24,-8,-17,13,15,-9,46,11,22,-6,-18,15,8,-9,45,2,23,-9,-20,15,21,-10,47,5,23,-8,-19,15,11,-10,42,4,24
28.1200,-6,-17,21,9,-4,43,7,29,-12,-16,18,10,-6,39,3,22,-10,-19,19,11,-5,43,7,33,-10,-19,18,11,-12,40,-1,27,-5,-19,19,12,-8,47,5,24,-9,-20,14,9,-8,46,5,24,-10,-20,15,20,-11,45,8,25,-10,-16,15,12,-7,41,6,27
28.1400,-9,-16,15,14,-5,50,10,24,-11,-15,20,11,-6,37,2,25,-9,-16,14,11,-8,44,3,36,-7,-22,20,13,-12,40,2,23,-12,-19,17,13,-7,45,2,25,-9,-22,16,13,-10,42,-1,23,-11,-22,19,16,-9,46,7,21,-9,-12,17,8,-9,41,7,31
28.1600,-3,-18,15,9,-3,42,11,21,-12,-19,15,15,-15,35,8,24,-11,-19,18,10,-7,42,9,32,-10,-19,19,9,-10,39,0,24,-7,-19,19,15,-3,46,9,29,-10,-23,12,10,-8,46,4,23,-11,-17,15,16,-7,46,7,25,-10,-17,14,9,-7,41,4,21
28.1800,-9,-19,18,15,1,42,9,25,-10,-14,14,10,-7,34,5,23,-7,-21,18,16,-3,46,11,32,-10,-18,15,11,-12,37,-1,16,-10,-16,21,11,-6,43,8,21,-7,-23,16,13,-10,45,6,19,-12,-20,16,17,-12,46,3,25,-7,-18,21,5,-8,42,3,23
28.2000,-6,-17,16,7,0,42,7,27,-8,-19,14,12,-8,36,1,24,-14,-18,16,9,-6,43,10,36,-7,-20,13,13,-14,43,1,20,-5,-18,13,9,-8,41,8,24,-12,-22,15,10,-9,42,3,26,-12,-21,17,15,-9,45,6,23,-11,-12,18,10,-9,38,5,23
28.2200,-9,-19,20,10,-3,38,7,27,-12,-16,10,9,-10,36,6,24,-7,-19,17,10,-10,42,5,32,-14,-24,16,10,-13,40,-4,21,-5,-16,17,13,-10,40,10,29,-8,-23,15,9,-6,43,-1,25,-10,-19,17,17,-12,44,5,25,-11,-15,15,12,-9,42,3,25
28.2400,-14,-16,15,13,3,43,10,28,-10,-14,15,11,-7,31,0,25,-10,-18,21,16,-7,44,9,32,-13,-20,13,13,-9,41,-4,23,-5,-17,14,9,-11,42,9,24,-9,-21,13,14,-2,43,-1,21,-12,-18,16,21,-9,42,2,23,-10,-19,13,13,-2,46,3,26
28.2600,-8,-15,12,14,-1,44,9,26,-13,-18,13,13,-5,30,4,21,-9,-19,15,12,-5,40,10,35,-12,-20,19,9,-9,39,-3,23,-6,-18,14,12,-9,50,8,26,-9,-21,19,14,-4,46,0,23,-10,-18,13,17,-8,44,5,25,-10,-18,14,17,-8,41,10,25
28.2800,-12,-18,13,14,2,46,11,25,-13,-17,22,8,-9,36,4,23,-11,-17,15,11,-8,44,6,37,-12,-18,16,11,-7,41,-3,26,-5,-16,19,13,-3,45,8,21,-9,-25,16,12,-8,45,2,22,-9,-19,15,14,-7,42,5,20,-8,-20,15,10,-8,40,5,27
28.3000,-11,-14,15,7,-1,44,13,25,-10,-15,19,10,-5,36,0,22,-9,-15,18,11,-7,44,9,36,-10,-21,17,11,-11,41,-3,23,-7,-17,16,14,-7,42,8,24,-11,-18,18,14,-7,45,2,21,-10,-22,14,18,-9,46,6,23,-13,-15,13,16,-11,41,4,22
28.3200,-8,-20,17,9,-1,40,8,32,-8,-18,22,5,-5,37,5,26,-10,-19,18,13,-4,44,3,33,-9,-18,16,8,-9,38,-5,27,-9,-19,15,13,-6,41,8,27,-9,-23,19,15,-12,43,1,28,-10,-19,13,21,-8,45,6,27,-8,-20,16,11,-10,47,8,25
28.3400,-9,-19,16,13,0,39,14,27,-11,-21,18,15,-8,34,7,20,-12,-20,19,11,-5,45,5,28,-11,-20,14,9,-10,39,-1,25,-4,-18,17,8,-11,42,9,29,-9,-23,13,13,-9,46,4,19,-7,-17,18,15,-7,39,8,22,-10,-19,14,11,-6,47,6,22
28.3600,-9,-20,12,11,-3,42,10,27,-13,-16,16,9,-7,39,3,20,-12,-16,14,10,-1,41,12,37,-9,-21,13,8,-11,38,-1,22,-9,-15,13,11,-5,43,4,26,-10,-23,13,10,-6,44,2,21,-6,-18,15,17,-10,45,4,24,-8,-18,17,14,-8,44,6,21
28.3800,-15,-19,13,10,0,44,9,26,-13,-18,11,14,-5,35,7,24,-14,-18,14,14,-5,42,6,32,-14,-22,15,11,-11,41,-4,26,-5,-18,13,11,-7,44,6,20,-8,-20,19,10,-9,41,4,21,-10,-17,18,22,-7,42,7,26,-11,-24,18,9,-6,45,5,24
28.4000,-9,-17,18,10,-2,41,8,25,-12,-19,14,15,-9,36,5,26,-10,-16,12,9,-9,48,8,33,-14,-23,13,10,-8,36,-6,23,-9,-18,17,10,-11,44,7,24,-12,-20,15,10,-5,42,3,24,-8,-17,13,16,-6,43,8,19,-14,-23,13,8,-10,42,7,21
28.4200,-7,-22,16,10,-4,43,8,24,-13,-16,14,15,-4,34,0,22,-13,-14,17,18,-11,41,6,33,-8,-20,14,12,-9,39,-4,22,-6,-15,19,10,-10,40,7,28,-10,-20,13,8,-9,45,2,26,-6,-23,13,14,-11,45,7,22,-9,-21,13,9,-10,43,4,24
28.4400,-10,-22,16,13,-1,45,12,24,-10,-19,11,9,-5,35,2,21,-12,-15,11,10,-2,42,10,34,-13,-16,18,10,-10,36,-4,22,-6,-18,16,11,-8,39,9,22,-10,-21,19,12,-8,40,4,23,-9,-17,19,18,-12,43,3,23,-7,-21,16,11,-7,43,6,25
28.4600,-5,-14,15,11,1,44,12,20,-12,-17,14,10,-8,35,1,17,-12,-20,12,12,-3,46,11,33,-10,-18,13,11,-11,41,-1,24,-5,-19,19,8,-5,42,8,25,-5,-21,10,15,-8,37,1,21,-11,-18,20,23,-13,43,4,19,-6,-18,14,10,-9,45,4,20
28.4800,-9,-22,11,11,-1,44,8,28,-10,-19,12,16,-13,36,2,26,-8,-17,17,11,-9,46,9,32,-10,-19,20,15,-9,46,-2,22,-6,-19,16,10,-15,41,7,26,-8,-23,18,12,-11,44,7,20,-13,-16,13,16,-11,43,5,22,-13,-19,18,8,-7,40,7,22
28.5000,-10,-17,16,14,-2,44,14,26,-9,-16,15,12,-6,35,0,26,-5,-17,15,9,-10,43,8,35,-12,-20,14,12,-17,41,-4,22,-3,-14,20,13,-9,42,8,21,-12,-20,19,11,-9,48,6,22,-11,-23,13,16,-10,40,6,23,-11,-14,17,11,-5,44,6,24
28.5200,-9,-19,16,11,-2,47,11,28,-13,-15,14,8,-12,32,4,22,-9,-16,16,9,-4,46,7,38,-4,-18,16,13,-9,39,-2,25,-3,-18,11,11,-9,45,7,24,-9,-26,11,12,-11,46,5,21,-11,-17,21,17,-9,43,8,24,-11,-16,11,11,-11,47,7,25
28.5400,-9,-19,18,12,-2,42,10,29,-15,-19,15,9,-6,34,4,21,-11,-21,16,12,-6,44,9,35,-8,-20,13,12,-9,36,-5,17,-3,-15,15,9,-8,40,4,25,-12,-22,14,12,-8,44,3,17,-11,-15,13,13,-11,44,9,23,-9,-20,15,13,-5,44,9,20
28.5600,-7,-18,12,10,-3,42,9,27,-10,-17,14,10,-12,33,6,23,-10,-21,15,10,-6,45,10,36,-9,-20,15,9,-14,39,-5,21,-6,-16,12,10,-12,46,6,25,-8,-18,16,12,-8,46,5,23,-10,-16,17,15,-7,41,7,24,-9,-16,13,11,-6,46,6,24
28.5800,-11,-18,11,11,-2,43,9,26,-13,-20,11,10,-10,35,4,24,-10,-19,12,12,-6,44,5,30,-10,-17,16,13,-12,39,-4,25,-4,-21,16,11,-7,44,8,18,-9,-25,17,11,-8,44,8,20,-7,-17,12,14,-8,40,9,26,-13,-23,12,8,-3,43,10,20
28.6000,-8,-20,16,10,-4,45,9,23,-11,-22,15,9,-8,32,4,17,-11,-23,12,11,-9,42,11,32,-11,-19,14,6,-14,37,-6,22,-5,-16,10,12,-10,45,5,21,-11,-24,13,13,-9,42,5,21,-10,-24,14,17,-13,43,9,27,-8,-19,13,10,-7,45,7,25
28.6200,-7,-19,15,7,-4,45,8,28,-10,-20,15,7,-10,35,4,23,-9,-19,15,12,-8,42,15,29,-10,-18,12,12,-10,40,-4,25,0,-22,16,15,-9,41,6,23,-10,-23,16,10,-10,42,6,18,-10,-19,13,19,-10,45,6,25,-6,-16,15,9,-7,37,5,23
28.6400,-12,-21,11,11,0,42,11,27,-13,-16,13,6,-8,29,3,28,-12,-18,14,11,-10,43,10,32,-10,-24,14,9,-10,40,-1,23,-2,-18,12,12,-10,44,8,25,-7,-20,16,15,-12,41,4,21,-7,-17,15,15,-8,45,8,21,-11,-19,13,9,-6,44,6,25
28.6600,-13,-19,15,11,-3,44,10,24,-11,-17,16,7,-11,33,1,19,-10,-20,17,10,-8,43,11,30,-10,-20,13,15,-6,35,-2,24,-9,-19,11,9,-8,41,7,19,-9,-22,13,11,-5,44,6,23,-11,-16,14,16,-10,43,5,23,-8,-17,12,11,-7,45,8,20
28.6800,-10,-19,15,11,1,45,10,24,-5,-17,16,10,-8,30,6,26,-10,-11,17,12,-8,45,6,34,-12,-21,18,7,-10,44,-2,24,-10,-20,17,5,-9,43,8,24,-9,-27,11,10,-10,46,7,19,-9,-22,6,20,-9,40,12,23,-9,-19,16,10,-8,44,10,19
28.7000,-9,-15,16,8,-4,44,8,22,-14,-20,14,8,-13,32,3,17,-11,-20,14,7,-8,42,5,34,-11,-17,11,11,-11,37,-4,21,-4,-20,16,13,-9,42,11,26,-6,-17,12,11,-9,41,7,20,-9,-18,15,20,-10,44,7,22,-5,-20,15,10,-8,40,1,25
28.7200,-8,-14,15,9,-3,47,10,28,-11,-22,17,9,-8,35,2,19,-12,-17,10,11,-6,45,6,30,-7,-24,13,8,-15,35,-2,20,-6,-15,15,4,-12,42,5,23,-8,-24,15,10,-11,44,2,21,-11,-13,16,20,-12,43,7,24,-10,-22,12,9,-5,45,10,22
28.7400,-10,-16,13,11,-5,45,16,26,-8,-17,18,9,-12,35,1,19,-13,-13,11,8,-10,42,13,33,-9,-23,12,6,-9,37,-6,21,-7,-17,16,11,-9,43,8,26,-8,-21,11,9,-12,42,2,16,-11,-22,12,17,-7,44,10,26,-7,-21,11,8,-10,42,8,20
28.7600,-4,-20,15,14,0,42,12,24,-13,-19,14,10,-12,35,4,21,-13,-21,13,10,-5,44,8,34,-8,-24,11,9,-9,39,-5,23,-5,-19,15,14,-9,39,5,18,-6,-24,15,13,-10,45,5,16,-11,-18,12,18,-7,43,3,22,-10,-17,14,5,-13,44,6,20
28.7800,-9,-22,17,11,1,45,9,23,-13,-20,10,14,-14,37,3,23,-16,-17,18,12,-5,44,8,28,-9,-24,16,13,-9,37,-1,23,-2,-21,14,7,-8,44,9,23,-9,-21,15,12,-7,46,5,20,-13,-20,17,16,-11,43,5,22,-8,-15,15,9,-11,43,4,21
28.8000,-14,-20,17,6,-1,45,13,27,-13,-18,12,6,-7,34,1,25,-5,-18,15,10,-10,41,9,34,-10,-19,16,11,-10,36,-3,17,-5,-19,13,14,-9,43,7,29,-12,-21,12,11,-11,46,4,18,-16,-18,14,15,-9,42,4,23,-6,-18,14,9,-12,39,6,20
28.8200,-7,-18,14,8,4,44,7,25,-15,-23,17,12,-10,38,2,20,-11,-20,13,9,-5,41,8,28,-9,-18,17,11,-12,37,1,21,-1,-19,13,12,-12,44,5,24,-15,-21,15,13,-8,45,1,17,-10,-20,13,16,-13,41,5,23,-5,-20,16,9,-8,44,2,24
28.8400,-10,-18,14,13,0,41,9,26,-12,-19,13,13,-9,35,-1,16,-9,-18,12,10,-5,41,8,34,-9,-24,12,13,-10,41,-6,18,0,-15,12,15,-6,40,7,20,-10,-21,12,12,-6,48,2,22,-9,-18,10,16,-9,42,7,22,-9,-16,16,10,-13,40,7,21
28.8600,-12,-18,16,12,-1,41,9,26,-9,-22,10,8,-8,35,-1,23,-11,-17,14,12,-2,42,12,32,-13,-20,16,13,-11,37,-3,22,1,-21,13,5,-4,43,8,25,-5,-21,12,11,-11,42,2,24,-9,-18,9,17,-9,46,8,24,-9,-22,12,9,-8,42,4,22
28.8800,-13,-22,10,5,1,44,7,24,-13,-18,15,6,-8,34,0,24,-8,-19,17,8,-8,43,5,33,-9,-18,10,11,-16,36,-2,20,-8,-21,10,11,-10,41,8,22,-6,-22,13,8,-8,40,3,19,-12,-17,17,17,-11,43,3,21,-9,-17,11,9,-6,43,6,20
28.9000,-10,-18,13,12,1,44,9,28,-11,-17,15,8,-10,34,0,18,-10,-15,16,12,-7,45,12,32,-8,-23,13,7,-11,34,0,20,-8,-21,14,12,-11,42,5,22,-10,-18,15,10,-9,42,8,15,-13,-24,16,15,-9,45,7,24,-10,-16,14,6,-5,40,4,22
28.9200,-9,-18,12,10,-1,43,13,21,-11,-16,10,14,-9,33,7,23,-9,-17,12,9,-2,46,9,30,-10,-25,11,13,-13,38,-4,21,-3,-22,12,10,-9,40,10,22,-11,-24,11,9,-6,43,6,17,-13,-20,13,18,-10,42,7,21,-9,-15,15,11,-7,40,7,23
28.9400,-7,-18,12,9,3,42,9,22,-8,-17,13,9,-12,32,3,21,-10,-14,13,9,-2,42,12,31,-10,-19,15,10,-8,40,-3,21,-5,-23,14,9,-9,43,8,26,-6,-20,12,13,-13,45,0,20,-7,-17,13,17,-9,41,5,22,-7,-17,9,11,-8,40,5,21
28.9600,-9,-19,18,11,-3,44,15,25,-11,-19,10,12,-11,34,5,23,-14,-21,14,9,-6,43,7,31,-14,-22,12,12,-11,37,-2,21,-1,-24,17,10,-9,40,7,26,-8,-21,12,10,-11,39,2,17,-6,-15,14,18,-6,41,5,24,-9,-17,10,9,-5,39,6,24
28.9800,-10,-19,16,5,-4,39,11,30,-15,-18,12,9,-10,33,5,24,-11,-14,14,7,-7,40,11,33,-9,-19,10,6,-11,40,-5,24,-5,-21,5,12,-8,47,9,22,-10,-23,10,10,-7,42,1,20,-12,-21,16,16,-10,48,7,22,-9,-19,11,10,-6,41,2,20
29.0000,-10,-16,13,4,0,44,14,22,-13,-19,9,5,-11,33,1,20,-11,-18,12,7,-3,42,14,31,-10,-19,10,7,-7,36,-1,17,-5,-18,15,9,-8,42,6,24,-8,-24,10,11,-7,41,4,18,-10,-18,9,19,-8,43,7,26,-7,-20,15,9,-13,39,5,19
29.0200,-8,-16,13,10,0,44,9,26,-8,-21,12,10,-7,34,7,20,-10,-17,13,12,-5,43,8,35,-9,-19,10,9,-10,39,-4,22,-3,-17,16,10,-5,42,4,22,-10,-22,14,10,-10,46,8,20,-12,-17,15,18,-8,41,1,23,-7,-17,7,10,-8,39,7,18
29.0400,-6,-14,13,9,-2,43,9,26,-7,-20,8,12,-8,33,2,24,-10,-19,14,11,-7,39,7,27,-8,-24,16,7,-7,36,-4,18,-3,-22,13,9,-8,44,6,18,-10,-21,12,10,-8,40,6,15,-6,-15,16,16,-16,40,7,15,-9,-22,9,5,-9,40,10,24
29.0600,-11,-18,11,10,0,47,7,22,-11,-19,16,12,-10,31,2,20,-11,-17,10,12,-2,40,4,27,-8,-21,11,14,-10,38,-6,22,-2,-19,12,10,-6,36,6,23,-11,-19,11,12,-10,41,5,16,-12,-20,10,17,-11,42,8,19,-9,-20,12,10,-9,45,10,24
29.0800,-5,-20,14,13,3,37,10,26,-11,-17,14,11,-12,35,3,19,-8,-14,17,11,-6,41,12,29,-11,-20,12,10,-11,36,-4,21,-1,-18,13,6,-6,41,6,23,-6,-21,14,11,-8,40,5,17,-10,-19,8,17,-5,44,9,20,-11,-17,13,13,-5,43,11,20
29.1000,-4,-21,14,9,-2,44,12,27,-8,-17,12,11,-15,28,6,19,-10,-18,12,9,-6,38,7,28,-9,-27,12,12,-8,36,-3,24,-3,-21,8,6,-5,41,10,22,-10,-25,12,6,-10,39,6,18,-8,-19,12,15,-8,43,7,21,-5,-21,9,7,-10,43,8,18
29.1200,-8,-15,12,10,-6,47,11,29,-12,-18,13,8,-9,33,0,19,-12,-17,11,11,-4,39,10,26,-15,-17,13,10,-8,35,-6,14,-7,-18,12,6,-11,43,6,21,-6,-26,15,6,-6,40,3,17,-9,-19,10,16,-7,43,8,20,-7,-21,14,6,-8,42,5,19
29.1400,-6,-15,14,10,0,44,7,24,-13,-20,14,9,-10,34,1,16,-10,-20,8,12,-4,40,10,33,-12,-19,12,11,-12,38,-4,20,-7,-14,12,8,-8,42,5,22,-9,-25,11,11,-6,42,0,23,-7,-16,12,17,-11,38,7,24,-9,-19,13,7,-5,40,9,24
29.1600,-4,-22,13,9,-4,43,12,24,-10,-23,13,12,-10,37,6,16,-11,-16,10,11,-4,41,9,31,-14,-26,15,10,-16,33,-2,19,-2,-23,10,8,-10,45,10,23,-9,-27,13,11,-5,40,6,20,-9,-18,13,16,-9,38,4,19,-12,-19,15,10,-16,43,8,23
29.1800,-10,-20,10,7,0,44,11,20,-10,-22,9,11,-5,36,5,19,-11,-18,13,8,-5,39,8,29,-13,-22,18,8,-14,38,0,19,-3,-17,15,8,-7,43,7,20,-9,-25,14,9,-8,38,-1,20,-9,-19,9,20,-13,41,8,24,-6,-21,10,10,-14,41,5,22
29.2000,-7,-19,13,11,3,43,11,21,-12,-17,14,13,-7,34,8,18,-12,-13,9,7,-6,42,7,31,-8,-23,13,10,-11,39,-6,19,-6,-20,12,10,-9,46,9,25,-9,-22,9,12,-8,43,3,19,-10,-17,12,17,-9,43,10,19,-8,-22,12,11,-9,42,7,16
29.2200,-11,-20,14,10,-4,42,11,24,-9,-19,11,9,-8,31,-3,18,-7,-19,13,7,-4,41,8,29,-11,-21,12,8,-16,39,0,15,-3,-18,8,8,-8,40,11,22,-6,-24,9,10,-9,40,7,19,-10,-19,14,17,-6,44,9,20,-10,-18,9,11,-10,37,9,19
29.2400,-8,-18,12,9,-2,46,9,26,-9,-24,12,4,-14,31,4,17,-11,-19,14,8,-6,47,9,30,-9,-25,9,11,-12,42,-3,15,-4,-20,12,10,-7,45,8,21,-9,-27,14,9,-8,43,5,21,-4,-18,14,14,-9,39,8,15,-9,-23,9,5,-8,45,6,17
29.2600,-8,-18,12,10,0,43,12,28,-14,-20,8,10,-12,28,3,18,-13,-19,11,3,-7,44,9,27,-6,-23,20,9,-17,35,-3,20,-6,-22,7,9,-9,44,8,21,-5,-25,12,9,-9,42,5,19,-8,-20,10,17,-9,39,10,19,-1,-17,9,9,-7,41,10,21
29.2800,-8,-23,10,8,0,44,7,30,-10,-21,11,9,-8,31,3,20,-5,-16,10,10,-7,44,10,29,-9,-24,10,8,-9,39,-5,17,-3,-22,11,10,-12,44,10,21,-3,-21,7,11,-10,40,3,17,-12,-20,14,19,-11,42,9,21,-9,-22,11,4,-10,42,5,20
29.3000,-8,-20,10,12,-4,39,12,25,-14,-19,13,8,-8,34,0,20,-9,-17,9,8,-3,43,9,30,-11,-21,9,11,-12,37,-6,16,-5,-24,17,8,-8,46,8,22,-6,-18,13,6,-9,43,1,17,-14,-20,12,18,-12,39,6,24,-10,-18,11,7,-12,38,6,17
29.3200,-10,-18,13,6,-1,44,8,24,-7,-17,13,7,-12,32,8,17,-12,-14,9,11,-6,40,8,27,-15,-24,12,11,-7,35,0,20,-6,-21,13,10,-11,41,10,23,-6,-25,11,10,-10,42,2,16,-6,-21,9,21,-11,39,8,20,-3,-19,9,8,-3,39,7,22
29.3400,-12,-20,14,4,3,46,10,23,-5,-20,12,12,-9,31,4,17,-10,-17,9,9,-6,43,9,25,-11,-20,14,8,-9,39,-5,17,-9,-17,13,7,-10,46,8,21,-11,-29,11,11,-10,45,7,22,-5,-24,11,17,-10,41,9,20,-12,-19,13,11,-8,40,8,18
29.3600,-9,-19,8,8,-1,45,13,26,-11,-20,14,7,-10,37,5,16,-8,-18,12,7,-6,46,7,28,-11,-23,12,9,-11,38,-2,15,-3,-19,12,11,-11,42,10,21,-4,-24,12,12,-6,38,2,16,-8,-21,12,17,-7,41,6,23,-5,-23,8,7,-7,37,11,16
29.3800,-9,-23,12,7,0,39,10,22,-11,-21,13,10,-11,35,2,23,-10,-16,10,7,-7,44,9,26,-13,-21,10,9,-13,36,-2,20,-3,-20,9,5,-13,45,12,22,-6,-24,14,11,-12,36,1,17,-11,-21,11,18,-8,40,0,20,-5,-21,11,5,-6,42,9,25
29.4000,-12,-19,11,9,-5,45,11,26,-9,-19,14,12,-9,30,2,21,-15,-16,10,6,-7,45,8,28,-10,-24,8,5,-15,40,-3,15,-4,-18,14,4,-11,39,8,21,-4,-26,13,6,-11,41,3,18,-8,-21,12,16,-12,40,10,16,-12,-18,14,10,-12,39,5,19
29.4200,-7,-18,12,7,2,47,12,27,-9,-16,11,10,-7,36,5,21,-11,-22,11,7,-8,43,10,28,-7,-24,9,11,-10,38,-7,17,-6,-21,11,8,-8,46,8,22,-5,-21,10,6,-6,43,2,21,-9,-16,11,20,-8,41,5,17,-9,-18,15,7,-12,36,4,18
29.4400,-12,-22,10,7,2,46,11,23,-11,-19,17,7,-13,36,-2,14,-10,-19,15,9,-7,41,9,28,-6,-23,12,15,-11,38,-4,16,-6,-19,11,10,-7,41,8,25,-6,-21,12,10,-9,42,1,16,-9,-21,11,16,-8,39,5,15,-7,-16,9,10,-7,38,9,18
29.4600,-10,-21,10,10,-1,42,9,24,-12,-20,7,7,-12,29,4,17,-5,-21,11,9,-5,41,10,30,-13,-24,13,9,-11,41,-2,17,-3,-20,5,7,-12,42,8,22,-9,-24,7,9,-7,43,4,17,-9,-17,13,13,-10,41,3,20,-6,-19,12,10,-8,43,11,24
29.4800,-11,-18,13,11,-4,40,4,25,-13,-21,13,5,-16,30,5,20,-10,-17,8,13,-2,42,9,27,-9,-23,10,8,-15,40,0,18,-4,-24,6,8,-9,45,7,18,-8,-23,12,6,-8,42,2,20,-9,-24,12,15,-3,42,3,16,-8,-18,11,4,-9,44,10,21
29.5000,-11,-21,14,8,1,44,8,25,-11,-18,11,10,-10,32,7,18,-9,-16,17,8,-3,44,10,32,-11,-19,8,11,-13,33,-1,18,-1,-26,8,14,-8,43,3,21,-4,-26,12,5,-8,43,-1,20,-10,-19,10,17,-6,40,7,19,-8,-19,9,7,-7,40,10,24
29.5200,-12,-21,7,7,1,42,8,23,-11,-21,12,10,-10,31,8,21,-10,-18,14,13,-11,45,9,32,-12,-24,6,7,-11,39,-5,20,-5,-18,9,9,-12,43,8,21,-10,-25,10,11,-5,40,6,14,-10,-20,10,18,-9,43,11,22,-6,-23,8,8,-6,45,10,27
29.5400,-13,-18,11,11,-1,45,5,23,-7,-19,9,10,-11,32,2,21,-10,-16,11,4,-9,42,5,27,-15,-23,10,8,-10,37,1,20,-4,-17,12,5,-10,38,6,24,-2,-27,11,6,-8,40,1,17,-11,-20,14,15,-8,42,6,20,-7,-24,12,5,-10,43,7,17
29.5600,-11,-21,11,8,2,45,12,24,-10,-15,14,9,-10,34,3,23,-8,-19,14,7,-6,42,3,29,-9,-24,13,6,-13,33,-6,20,-7,-20,13,7,-9,46,6,21,-6,-26,9,13,-9,44,-3,15,-7,-17,13,17,-5,42,4,17,-9,-19,12,6,-12,43,6,21
29.5800,-7,-22,14,4,2,43,13,21,-12,-23,10,7,-8,31,4,18,-13,-12,9,8,-3,42,12,30,-15,-19,12,7,-11,37,0,20,-6,-21,9,6,-11,37,7,24,-2,-26,6,7,-7,42,2,16,-7,-24,9,14,-6,42,5,20,-10,-22,12,4,-9,41,6,14
29.6000,-7,-19,12,4,-2,38,12,24,-12,-17,9,11,-11,31,4,17,-9,-19,11,6,-4,39,9,25,-11,-20,13,8,-9,36,-3,15,-6,-22,9,8,-5,39,8,25,-10,-27,14,6,-6,40,3,17,-9,-20,8,17,-8,40,10,22,-10,-21,7,10,-6,42,7,20
29.6200,-9,-19,12,5,1,46,11,27,-10,-20,9,8,-11,32,3,19,-10,-19,8,8,-6,43,10,27,-8,-20,11,7,-9,40,-3,21,-7,-21,11,3,-11,41,8,19,0,-26,8,10,-9,39,5,21,-8,-23,11,16,-11,45,6,19,-11,-24,13,9,-10,39,9,19
29.6400,-11,-22,11,8,4,41,11,23,-9,-23,11,10,-10,33,5,24,-2,-16,8,6,-6,40,14,28,-13,-23,9,6,-10,37,-4,18,-3,-18,9,8,-11,44,7,25,-6,-24,6,8,-9,40,2,13,-10,-21,9,22,-12,41,8,18,-9,-21,3,8,-9,40,7,22
29.6600,-10,-23,11,6,5,42,8,18,-15,-19,10,2,-12,30,4,16,-9,-20,5,10,-9,41,11,23,-15,-22,12,6,-12,37,-9,18,-7,-20,13,5,-13,42,10,21,-5,-22,11,13,-5,44,8,12,-13,-23,11,21,-12,39,8,20,-14,-21,4,7,-6,43,6,19
29.6800,-7,-25,8,8,5,44,9,21,-9,-20,10,5,-12,34,2,19,-10,-18,9,7,-5,41,9,27,-11,-22,15,5,-12,36,-3,17,0,-23,7,8,-9,43,13,20,-4,-23,10,7,-6,39,4,14,-4,-24,11,18,-11,41,9,18,-5,-18,14,8,-9,42,5,17
29.7000,-10,-17,8,8,3,39,11,24,-10,-17,7,4,-10,28,5,17,-8,-16,8,8,-6,42,7,31,-12,-24,8,10,-11,36,-1,15,-4,-17,8,4,-5,47,10,20,-6,-21,10,6,-9,41,6,15,-12,-21,11,17,-10,36,4,20,-7,-22,14,6,-11,39,10,18
29.7200,-6,-21,15,6,5,42,10,24,-8,-19,7,8,-13,33,3,16,-8,-17,9,8,-6,38,12,33,-5,-22,13,11,-15,36,-3,21,-5,-19,12,7,-10,40,5,21,-7,-22,8,13,-7,39,5,17,-11,-24,6,19,-13,38,6,19,-7,-24,9,6,-11,39,7,19
29.7400,-8,-24,7,5,-4,40,11,23,-12,-20,11,4,-12,27,1,18,-9,-19,8,7,-7,40,11,27,-12,-22,6,9,-12,39,-4,17,-6,-25,9,9,-8,43,5,23,-11,-23,10,10,-10,38,5,17,-6,-24,12,15,-9,39,9,19,-7,-19,12,10,-6,37,6,19
29.7600,-12,-24,9,9,-4,41,13,21,-10,-17,8,2,-15,33,6,19,-13,-18,6,5,-6,45,13,28,-11,-20,10,12,-14,37,-4,19,-6,-22,8,8,-12,41,9,23,-10,-26,7,8,-9,41,1,21,-6,-20,10,19,-13,41,7,19,-7,-18,16,9,-7,40,8,22
29.7800,-10,-22,13,7,-2,46,5,21,-13,-18,9,6,-11,31,2,22,-12,-17,11,7,-6,41,10,30,-9,-25,9,9,-11,37,0,17,-5,-24,11,7,-12,42,6,17,-11,-20,15,10,-9,40,5,14,-7,-20,12,20,-11,43,7,19,-14,-21,15,4,-10,40,7,20
29.8000,-8,-19,12,7,-3,44,8,23,-11,-20,7,6,-11,36,6,17,-10,-16,9,3,-8,40,10,28,-14,-17,7,9,-9,36,-1,19,1,-18,7,4,-7,43,6,20,-4,-22,13,11,-10,39,5,16,-10,-21,15,20,-8,40,6,21,-5,-20,7,9,-9,41,7,25
29.8200,-16,-21,10,9,-1,45,10,21,-10,-17,9,8,-12,33,3,20,-9,-17,12,6,-8,38,8,27,-11,-21,9,8,-9,39,-7,17,-3,-23,12,9,-11,41,10,21,-3,-22,7,8,-9,44,4,17,-10,-22,7,16,-13,43,8,20,-10,-19,9,9,-14,39,7,18
29.8400,-10,-18,7,7,3,44,8,21,-10,-22,7,5,-9,35,0,16,-11,-16,9,10,-7,42,11,30,-10,-26,7,10,-11,39,-4,19,-6,-19,14,9,-12,40,10,19,-11,-24,9,11,-10,42,4,13,-8,-20,8,15,-5,41,8,16,-6,-20,10,9,-13,40,3,16
29.8600,-10,-25,10,6,-2,44,10,24,-13,-17,10,9,-9,33,7,16,-8,-21,12,6,-10,40,11,26,-6,-20,5,9,-8,37,-2,15,-3,-19,5,8,-13,37,6,20,-6,-22,10,7,-8,45,2,12,-8,-20,12,20,-10,38,6,18,-4,-20,14,6,-13,39,9,20
29.8800,-13,-22,11,3,-3,43,9,26,-12,-18,8,7,-6,30,8,17,-7,-13,9,12,-9,41,10,28,-9,-24,8,7,-10,41,-4,18,-1,-22,10,8,-13,38,7,18,-6,-26,8,3,-8,41,4,17,-5,-21,8,14,-10,40,6,18,-11,-24,9,8,-8,41,9,18
29.9000,-14,-22,9,8,-2,44,7,22,-11,-21,12,8,-8,31,5,22,-4,-21,11,9,-6,41,9,20,-8,-20,9,8,-10,39,-2,16,-6,-20,9,9,-11,36,6,22,-9,-29,10,5,-11,41,5,14,-4,-22,13,19,-9,42,7,16,-9,-22,11,7,-13,39,6,19
29.9200,-12,-27,14,6,1,44,9,18,-11,-19,9,5,-9,31,6,16,-11,-19,6,8,-7,45,8,32,-10,-19,9,6,-11,36,2,13,-2,-24,6,10,-9,41,10,19,-2,-28,9,8,-6,40,0,13,-12,-18,12,18,-6,40,6,16,-11,-20,10,11,-10,43,6,19
29.9400,-8,-23,11,9,-5,38,7,19,-10,-21,4,8,-9,31,5,20,-10,-18,8,9,-7,37,4,28,-11,-22,6,10,-11,35,-5,18,-3,-16,10,10,-8,44,14,17,-5,-33,10,5,-12,40,5,19,-8,-22,8,18,-5,45,7,17,-7,-18,6,7,-13,40,6,16
29.9600,-6,-22,4,8,-3,42,6,19,-10,-19,9,9,-14,39,7,18,-10,-22,9,13,-12,39,7,27,-8,-25,8,4,-11,39,-4,19,-3,-22,5,8,-12,40,7,19,-4,-23,8,8,-7,38,4,17,-2,-24,7,21,-9,41,7,17,-9,-19,10,8,-14,41,8,17
29.9800,-9,-20,9,9,1,41,5,21,-8,-18,8,10,-9,36,4,17,-8,-19,12,6,-5,40,10,30,-12,-28,9,7,-16,34,0,15,-5,-17,3,6,-8,38,9,21,-8,-26,7,6,-10,40,1,16,-7,-19,7,22,-11,38,10,19,-9,-25,9,10,-11,42,6,21
30.0000,-13,-23,4,6,-4,42,12,25,-9,-23,7,6,-12,34,4,18,-10,-14,13,10,-8,37,10,28,-5,-22,6,10,-7,42,-6,18,-2,-21,10,8,-6,40,10,14,-7,-26,10,8,-7,43,4,15,-10,-20,13,22,-11,40,5,17,-7,-21,6,11,-11,42,10,17
30.0200,-11,-26,7,6,0,43,11,21,-9,-20,5,6,-10,31,4,17,-10,-19,9,9,-6,42,12,25,-9,-22,6,11,-9,37,-5,21,-2,-20,7,5,-11,44,9,19,-4,-25,6,4,-7,40,5,17,-6,-18,12,22,-11,39,5,22,-9,-19,9,8,-8,41,4,17
30.0400,-8,-27,5,8,4,43,8,18,-11,-21,8,8,-7,31,3,15,-7,-22,10,11,-6,45,13,31,-8,-23,9,8,-11,36,-4,18,-1,-25,9,10,-11,43,11,23,-5,-26,6,7,-6,35,6,12,-8,-20,7,22,-8,36,7,16,-4,-21,9,8,-10,38,5,18
30.0600,-11,-17,11,8,0,43,6,19,-11,-21,8,9,-10,36,8,17,-4,-18,7,7,-5,41,12,24,-7,-22,7,6,-12,37,1,16,2,-27,9,6,-9,43,6,19,-9,-28,11,9,-10,38,3,18,-8,-19,8,19,-6,39,11,18,-8,-23,10,8,-14,36,10,15
30.0800,-13,-21,9,7,2,45,11,21,-10,-19,7,5,-11,31,2,19,-9,-22,11,8,-8,40,12,26,-9,-26,7,7,-13,37,-5,22,3,-24,11,9,-9,44,6,19,-5,-28,9,6,-4,38,6,15,-7,-20,4,20,-12,42,5,18,-4,-24,9,8,-9,36,5,19
30.1000,-4,-26,9,5,1,44,7,18,-11,-24,10,7,-11,26,6,22,-7,-22,8,5,-6,37,12,28,-4,-23,9,9,-13,38,-4,15,-3,-23,4,9,-7,39,11,17,-6,-29,6,7,-10,43,4,14,-6,-27,9,17,-10,39,6,18,-2,-22,10,6,-8,40,5,17
30.1200,-8,-25,10,7,1,42,4,25,-6,-22,4,9,-9,33,4,18,-10,-17,8,8,-5,40,6,26,-7,-22,8,5,-11,39,-4,19,-2,-21,5,3,-13,42,7,22,-10,-28,11,8,-8,39,6,14,-6,-23,8,23,-11,42,7,18,-11,-24,9,6,-11,41,3,17
30.1400,-11,-24,6,4,-2,42,9,25,-7,-26,11,7,-9,33,2,23,-7,-16,7,10,-8,38,4,29,-16,-22,8,6,-13,33,-7,16,-5,-25,5,6,-9,42,10,19,-3,-26,8,12,-8,40,7,17,-5,-25,12,20,-9,43,7,20,-6,-23,8,7,-9,36,8,19
30.1600,-5,-24,7,14,-2,45,4,18,-10,-24,5,8,-11,31,9,19,-7,-20,6,7,-8,41,7,26,-10,-28,6,9,-12,40,-2,17,-3,-21,7,4,-3,42,5,20,-4,-24,7,5,-4,42,5,16,-7,-22,11,21,-9,39,9,15,-11,-19,9,7,-12,37,5,19
30.1800,-7,-23,7,5,1,41,8,18,-7,-24,12,3,-13,31,5,17,-8,-22,7,7,-9,40,8,31,-10,-21,5,13,-11,39,-3,14,-4,-23,10,5,-7,39,11,18,-9,-25,7,5,0,40,2,12,-8,-20,9,21,-7,36,4,16,-9,-20,8,3,-10,39,4,18
30.2000,-6,-27,8,9,-1,40,9,25,-8,-25,9,6,-9,29,4,17,-8,-17,6,8,-4,42,6,24,-11,-19,8,10,-8,37,0,20,-2,-22,8,7,-13,41,7,20,-8,-28,7,4,-7,36,0,12,-12,-20,8,21,-9,39,8,16,-9,-21,8,10,-10,37,6,21
30.2200,-7,-23,5,9,-4,41,10,20,-10,-22,10,8,-15,29,1,15,-7,-17,6,7,-7,43,12,25,-12,-22,6,5,-8,34,-1,15,-1,-24,8,8,-11,38,10,22,-9,-27,6,8,-9,41,2,16,-10,-23,8,21,-4,40,9,19,-6,-22,9,4,-9,41,8,17
30.2400,-13,-21,6,4,-3,40,10,21,-7,-23,4,6,-11,29,6,18,-11,-18,8,3,-7,35,10,25,-12,-26,6,12,-11,37,-7,12,-2,-23,12,7,-11,41,8,19,-3,-25,10,8,-3,39,5,15,-10,-19,6,19,-9,39,9,16,-8,-24,6,4,-9,38,4,19
30.2600,-9,-23,5,4,1,40,4,17,-10,-20,8,5,-5,32,9,17,-8,-21,7,4,-6,37,10,28,-8,-24,2,7,-8,36,-3,18,-1,-22,11,5,-9,37,7,22,-4,-27,7,9,-6,36,2,15,-9,-20,8,20,-8,39,6,20,-8,-22,10,7,-6,35,8,18
30.2800,-10,-22,6,6,-4,40,13,20,-12,-22,5,5,-11,30,7,19,-7,-18,6,7,-6,34,8,24,-9,-22,10,5,-10,35,-4,13,-4,-22,11,9,-11,38,8,17,-5,-23,4,10,-10,42,2,11,-7,-21,7,16,-9,39,7,12,-8,-22,8,12,-7,35,9,18
30.3000,-7,-24,9,7,0,41,11,19,-10,-20,9,5,-11,26,-1,21,-8,-19,6,6,-4,38,10,25,-10,-24,6,8,-7,33,-1,19,-1,-20,4,8,-9,42,12,17,-4,-27,6,4,-5,37,5,14,-9,-21,10,22,-11,35,9,17,-6,-20,8,5,-10,39,8,15
30.3200,-16,-23,9,13,-2,44,9,21,-10,-24,4,6,-12,28,8,21,-11,-21,6,9,-5,40,12,29,-8,-24,6,7,-9,37,-4,16,1,-19,6,10,-9,40,7,22,-2,-29,4,4,-6,43,5,12,-8,-22,9,18,-7,39,2,19,-5,-21,5,5,-11,38,6,16
30.3400,-9,-25,6,7,0,41,5,21,1,-19,10,9,-12,29,9,20,-9,-19,6,6,-9,42,11,23,-11,-20,8,7,-5,30,-5,14,-1,-27,8,7,-10,34,7,17,-5,-24,6,6,-7,41,4,15,-10,-16,7,20,-9,34,4,13,-8,-18,8,4,-8,37,11,15
30.3600,-7,-24,3,5,0,36,10,20,-9,-19,6,8,-10,29,3,18,-7,-22,8,10,-10,39,10,22,-13,-27,3,10,-9,36,-3,18,-2,-26,7,5,-12,37,11,19,-8,-25,5,5,-8,39,3,16,-10,-20,5,20,-9,38,5,14,-10,-20,6,6,-7,36,7,18
30.3800,-7,-20,12,10,-3,39,6,17,-15,-23,6,4,-14,30,3,19,-4,-14,9,4,-11,38,7,25,-9,-23,5,5,-11,37,-4,15,-7,-24,4,2,-7,37,1,15,-8,-25,10,4,-7,38,10,15,-8,-26,8,21,-5,34,7,16,-3,-21,7,5,-11,36,7,20
30.4000,-11,-24,8,7,-4,41,7,18,-7,-21,1,8,-16,30,4,18,-6,-17,9,5,-11,34,10,22,-14,-20,8,12,-15,36,-3,14,-1,-21,8,6,-10,39,9,20,-10,-27,7,7,-1,37,8,14,-7,-22,5,17,-6,38,8,16,-9,-23,6,8,-9,42,5,17
30.4200,-8,-26,7,2,-1,40,7,17,-7,-24,5,11,-8,31,5,14,-10,-16,8,6,-7,37,12,25,-12,-21,6,9,-11,35,-4,15,-3,-22,11,7,-8,41,9,15,-8,-27,1,8,-5,40,9,18,-8,-17,5,24,-8,35,8,22,-7,-23,3,3,-11,33,7,16
30.4400,-9,-25,9,4,-4,40,12,19,-11,-23,9,8,-9,29,2,15,-11,-17,3,8,-11,37,9,26,-14,-24,2,6,-8,39,-5,18,-3,-20,6,6,-10,34,14,20,-8,-31,3,7,-9,35,4,14,-12,-22,9,24,-13,40,8,17,-11,-21,5,5,-11,40,9,17
30.4600,-13,-24,6,10,1,39,8,16,-4,-22,4,6,-9,31,9,20,-10,-22,6,4,-9,36,15,27,-9,-25,6,9,-13,37,-2,16,-1,-19,8,6,-9,44,7,16,-5,-26,5,6,-5,39,4,18,-7,-22,6,20,-14,39,6,13,-6,-22,4,9,-10,37,4,11
30.4800,-11,-27,4,8,-2,43,10,20,-13,-21,7,6,-10,29,2,14,-7,-18,6,11,-6,37,9,25,-9,-19,10,9,-11,42,-3,15,-5,-16,5,5,-12,36,9,17,-6,-31,0,5,-6,39,5,16,-8,-23,11,22,-5,44,7,19,-6,-22,8,6,-11,40,2,18
30.5000,-11,-23,5,8,-1,42,9,19,-9,-20,8,8,-13,25,5,14,-10,-20,4,4,-7,40,10,27,-12,-24,4,8,-10,35,-5,12,-2,-22,5,6,-10,38,11,19,-8,-27,5,9,-7,35,2,15,-6,-19,6,19,-9,35,6,20,-8,-23,8,9,-9,36,6,20
30.5200,-10,-23,3,8,2,39,6,20,-12,-23,10,6,-9,27,6,13,-11,-20,7,7,-6,39,4,27,-12,-26,3,7,-7,37,0,14,1,-25,9,5,-13,38,12,16,-4,-28,6,8,-7,37,4,15,-8,-22,6,21,-12,39,6,16,-7,-19,7,6,-7,41,7,15
30.5400,-7,-22,7,9,-2,37,11,20,-12,-20,5,6,-8,28,5,17,-9,-23,7,11,-10,42,7,25,-10,-19,4,4,-13,37,-3,16,-8,-20,4,6,-11,40,5,17,-6,-26,7,12,-6,36,6,14,-12,-20,9,16,-6,37,9,16,-9,-19,8,5,-6,38,6,18
30.5600,-9,-27,8,4,-1,43,7,16,-10,-24,8,6,-7,32,12,14,-10,-16,7,10,-5,41,8,25,-7,-20,8,6,-6,38,-2,18,-3,-17,9,7,-8,39,7,15,-5,-26,1,9,-2,38,3,13,-11,-23,9,21,-8,39,4,18,-6,-23,6,6,-10,38,6,16
30.5800,-8,-26,8,7,-1,42,9,21,-6,-21,10,6,-9,28,4,16,-6,-18,8,6,-10,40,10,26,-11,-21,7,7,-9,37,-2,14,1,-24,6,6,-9,39,8,16,-6,-25,4,6,-2,37,10,12,-7,-21,4,19,-9,36,7,19,-7,-21,7,5,-13,40,5,16
30.6000,-9,-23,6,4,-4,43,11,17,-11,-18,8,11,-12,31,7,14,-8,-20,1,5,-5,39,14,25,-12,-22,5,7,-10,38,-3,14,0,-20,0,6,-10,38,9,16,-8,-26,5,6,-10,37,6,13,-7,-20,1,17,-11,37,6,19,-9,-24,4,4,-10,37,8,19
30.6200,-9,-24,5,4,-4,37,10,16,-6,-24,5,6,-12,29,7,16,-8,-21,2,8,-9,33,6,26,-10,-19,5,2,-10,35,-1,15,-1,-22,3,5,-6,39,10,16,-3,-27,7,5,-5,37,10,12,-7,-23,8,24,-7,38,7,18,-6,-25,7,4,-10,35,6,19
30.6400,-7,-23,0,7,-2,38,2,22,-6,-20,6,6,-11,30,9,17,-6,-19,2,5,-10,36,7,25,-7,-21,1,4,-14,39,-3,10,0,-22,9,7,-9,36,10,16,-3,-25,9,9,-4,39,9,10,-8,-28,6,23,-4,42,6,17,-5,-20,8,5,-5,33,7,16
30.6600,-9,-27,8,8,-4,44,10,18,-12,-20,8,11,-8,25,7,16,-10,-23,8,9,-6,35,5,25,-6,-24,4,5,-12,36,-6,16,-4,-21,3,5,-9,41,9,18,-5,-26,5,7,-10,37,4,13,-12,-22,11,19,-10,39,6,18,-6,-22,4,7,-11,34,5,15
30.6800,-8,-24,4,7,0,40,7,19,-8,-21,3,7,-12,34,5,17,-10,-19,7,1,-12,40,13,22,-11,-25,6,6,-12,35,1,16,1,-18,6,10,-12,38,10,19,-7,-25,1,4,-4,37,3,15,-11,-22,10,23,-11,35,7,16,-10,-20,6,5,-6,37,10,20
30.7000,-11,-27,7,0,-3,41,8,14,-9,-24,5,4,-14,33,10,15,-7,-22,5,6,-10,36,10,25,-11,-21,4,9,-9,36,0,14,-6,-21,4,11,-8,39,4,12,-6,-28,4,9,-9,41,1,12,-8,-22,8,19,-11,38,12,13,-7,-23,4,6,-10,39,5,18
30.7200,-9,-25,8,5,-5,38,7,13,-12,-21,3,2,-9,24,5,11,-9,-19,0,7,-11,37,5,20,-5,-22,5,6,-7,34,-4,12,-3,-18,8,8,-17,38,8,14,-5,-26,6,5,-5,37,9,14,-6,-20,9,21,-13,37,6,15,-6,-24,0,5,-11,32,8,15
30.7400,-4,-20,5,2,-1,37,8,13,-10,-22,7,3,-9,29,6,18,-9,-17,5,7,-11,36,7,20,-4,-22,5,6,-10,38,-1,15,-2,-18,4,5,-14,35,10,17,-4,-26,5,6,-7,35,6,12,-12,-17,4,21,-11,38,4,19,-5,-24,4,6,-10,34,5,16
30.7600,-10,-27,4,9,-1,37,7,16,-4,-20,6,3,-13,26,11,22,-13,-19,1,0,-11,38,9,26,-6,-23,3,11,-8,37,-1,16,2,-21,8,5,-8,39,11,17,-7,-28,4,7,-6,38,5,14,-8,-22,5,18,-12,41,4,12,-3,-23,6,2,-11,35,5,13
30.7800,-8,-26,3,7,0,39,8,14,-3,-23,3,0,-13,31,8,22,-10,-23,6,7,-13,36,7,21,-8,-23,6,6,-14,36,-5,15,-4,-24,6,6,-9,36,6,14,-5,-27,5,6,-9,38,10,15,-6,-22,11,19,-13,40,10,19,-3,-25,4,5,-8,40,5,13
30.8000,-10,-26,8,4,-4,38,7,15,-5,-19,2,8,-6,31,9,15,-11,-22,3,8,-8,35,8,21,-5,-22,4,7,-9,34,-3,18,-2,-22,8,7,-12,39,6,15,-13,-27,3,8,-4,39,5,17,-11,-19,6,18,-12,38,7,16,-3,-20,5,4,-11,36,4,15
30.8200,-10,-25,7,4,-1,42,11,17,-7,-23,6,6,-9,27,6,13,-9,-22,3,9,-11,40,10,22,-9,-19,6,4,-10,37,-9,14,0,-22,6,4,-12,37,10,14,-6,-26,3,6,-6,35,7,14,-7,-20,3,19,-10,37,11,15,-8,-20,4,7,-10,35,4,20
30.8400,-10,-25,3,3,-2,38,9,14,-6,-26,7,9,-11,27,11,17,-11,-16,8,6,-12,37,5,27,-8,-22,6,7,-9,37,-5,15,-4,-21,5,6,-10,38,9,17,-5,-24,1,5,-6,34,5,11,-5,-20,5,20,-3,37,7,13,-7,-23,3,5,-8,39,7,16
30.8600,-9,-23,2,3,0,42,1,17,-8,-18,8,7,-13,29,7,20,-7,-20,7,5,-11,37,11,24,-4,-24,4,7,-12,37,-1,11,-4,-22,4,5,-12,36,3,16,-7,-26,2,6,-5,35,5,11,-7,-23,4,18,-6,39,6,15,-6,-21,7,7,-11,39,6,13
30.8800,-10,-23,1,5,1,40,10,19,-8,-22,0,6,-7,27,3,17,-8,-19,5,3,-9,36,8,21,-6,-19,1,7,-12,39,0,16,-1,-24,6,8,-11,39,12,16,-7,-29,4,3,-7,35,12,12,-6,-24,5,19,-9,37,7,17,-4,-20,1,4,-13,38,10,14
30.9000,-8,-25,2,6,2,41,7,20,-4,-24,3,7,-11,26,6,16,-8,-23,5,7,-16,34,7,23,-4,-21,6,2,-8,41,-3,14,3,-18,4,7,-7,40,8,13,-8,-28,4,7,-3,33,6,15,-11,-25,6,21,-5,40,4,19,-6,-24,2,7,-11,35,10,13
30.9200,-6,-27,7,5,-5,39,10,19,-8,-24,5,6,-13,29,6,21,-7,-21,2,8,-12,38,5,26,-11,-21,4,5,-10,39,-5,14,0,-23,6,7,-13,39,8,13,-12,-26,5,3,-11,41,5,15,-9,-22,4,18,-7,33,13,17,-9,-20,7,8,-9,39,6,13
30.9400,-10,-23,-1,1,-1,39,4,14,-8,-22,6,3,-9,28,12,16,-10,-21,5,7,-9,40,11,23,-5,-20,3,6,-12,37,-2,14,0,-20,8,2,-11,37,7,14,-5,-31,7,5,-9,38,10,15,-11,-23,6,23,-10,38,8,13,-9,-21,3,6,-7,40,11,15
30.9600,-12,-21,1,3,-5,37,9,15,-4,-20,2,5,-10,28,8,21,-6,-21,5,7,-8,41,10,20,-8,-19,0,4,-11,36,-1,14,-5,-27,6,6,-12,38,10,15,-2,-25,6,3,-4,40,7,10,-6,-26,1,21,-6,37,7,15,-6,-23,2,9,-10,36,8,12
30.9800,-6,-26,7,7,-3,36,8,17,-5,-19,6,7,-9,29,3,17,-11,-22,3,5,-9,36,5,22,-5,-22,4,5,-8,35,-7,13,0,-20,5,8,-12,37,6,14,-6,-24,7,5,-7,37,6,11,-6,-21,5,18,-10,39,4,15,-9,-21,5,9,-7,40,9,20
31.0000,-9,-29,12,5,-3,38,6,13,-11,-24,2,8,-10,29,5,15,-9,-22,2,5,-10,36,11,20,-7,-18,3,7,-10,38,-3,15,-2,-24,5,8,-14,37,11,11,-5,-30,1,6,-1,38,7,12,-4,-19,6,23,-7,38,9,17,-10,-24,1,4,-9,38,10,14
31.0200,-10,-24,8,4,0,35,10,13,-6,-22,2,7,-7,27,7,15,-8,-20,7,4,-8,34,9,23,-6,-22,2,2,-14,39,-3,13,1,-21,1,7,-10,38,5,17,-5,-26,2,3,-3,36,9,13,-9,-23,2,17,-9,32,8,19,-9,-23,5,5,-8,38,7,15
31.0400,-6,-21,8,1,-4,38,5,17,-7,-25,6,5,-10,34,9,17,-7,-20,5,5,-8,34,9,22,-8,-28,2,6,-8,38,0,12,0,-24,5,7,-11,42,7,15,-8,-23,5,6,-2,35,6,12,-7,-22,10,19,-11,35,8,16,-8,-22,3,5,-11,38,9,16
31.0600,-10,-24,3,0,-1,39,5,15,-3,-25,3,7,-11,27,10,11,-10,-20,4,5,-9,35,11,25,-9,-26,3,6,-6,40,-2,12,-1,-22,0,7,-12,35,8,14,-7,-30,2,7,-6,39,5,13,-8,-22,5,24,-8,37,13,10,-4,-23,4,3,-10,37,8,13
31.0800,-7,-24,-2,5,-2,38,6,17,-3,-25,3,5,-10,29,4,18,-13,-20,5,3,-8,40,10,22,-8,-20,4,4,-9,40,0,18,2,-20,-1,7,-13,39,8,18,-9,-29,0,2,-6,39,6,12,-7,-26,9,18,-10,35,6,15,-4,-22,6,5,-11,39,7,15
31.1000,-10,-25,2,5,1,43,6,17,-5,-23,3,5,-9,26,6,16,-9,-20,5,11,-10,38,9,22,-5,-20,5,2,-5,37,-4,14,2,-21,3,4,-11,37,14,17,-2,-31,5,3,-3,35,12,14,-10,-25,2,23,-6,38,8,12,-8,-26,3,5,-7,39,6,15
31.1200,-9,-23,7,6,4,35,11,16,-9,-19,4,8,-11,31,5,19,-14,-17,1,5,-14,39,9,23,-9,-25,3,8,-8,35,-4,12,-3,-24,4,5,-12,39,10,16,-3,-27,3,5,-6,35,9,12,-9,-25,8,19,-7,35,4,15,-8,-26,3,2,-10,37,8,13
31.1400,-11,-25,2,2,0,36,8,15,-10,-23,4,7,-9,32,6,17,-9,-22,0,9,-10,38,5,20,-6,-19,8,5,-8,37,-5,17,-2,-20,7,6,-9,39,8,18,-4,-28,4,2,-6,35,8,13,-11,-18,3,20,-5,37,8,13,-9,-24,1,6,-11,37,5,11
31.1600,-8,-25,3,4,2,38,7,12,-1,-22,2,4,-6,25,4,14,-7,-25,5,2,-9,38,8,20,-7,-23,8,5,-5,37,-4,10,5,-19,4,2,-11,35,8,18,-4,-27,3,7,-8,37,9,15,-7,-25,4,17,-8,36,9,13,-5,-26,1,3,-11,38,6,16
31.1800,-8,-25,2,9,4,39,8,15,-7,-21,-2,10,-10,29,8,13,-4,-19,3,4,-9,37,8,21,-2,-17,1,7,-8,38,-3,13,1,-21,6,7,-8,35,7,10,-8,-29,5,5,-10,35,8,13,-6,-20,4,24,-8,35,7,17,-7,-25,3,7,-12,41,9,14
31.2000,-5,-28,4,7,-1,33,11,16,-8,-25,3,4,-11,28,11,17,-8,-20,1,2,-8,37,10,19,-7,-18,5,5,-8,34,2,13,1,-21,1,4,-9,37,6,12,-5,-31,-1,5,-11,36,6,12,-10,-24,10,19,-9,38,9,16,-11,-21,3,5,-10,37,7,14
31.2200,-7,-25,0,9,1,39,11,9,-10,-21,3,8,-9,29,8,15,-5,-16,2,6,-14,38,9,27,-8,-22,5,2,-7,40,0,12,-4,-25,3,7,-11,36,5,18,-7,-27,-2,6,-11,37,9,12,-8,-19,6,19,-6,35,7,20,-6,-20,5,6,-7,38,0,13
31.2400,-10,-25,3,2,-3,38,8,16,-6,-24,1,5,-6,27,13,14,-7,-18,3,6,-12,37,7,26,-10,-20,1,3,-9,42,-5,18,2,-25,0,5,-16,35,5,15,-12,-27,-1,4,-2,36,7,11,-8,-22,6,23,-10,32,7,8,-2,-18,2,3,-8,40,4,13
31.2600,-6,-26,4,6,0,36,5,12,-9,-25,4,6,-9,24,8,16,-10,-18,1,6,-12,38,10,20,-7,-21,5,3,-10,34,-3,15,-1,-26,4,5,-13,35,7,14,-11,-32,6,4,-4,41,9,10,-4,-20,1,19,-9,35,6,13,-4,-23,4,2,-8,37,9,15
31.2800,-7,-25,2,4,-3,42,7,17,-8,-28,3,6,-13,28,8,16,-11,-21,3,5,-5,36,8,20,-6,-19,1,6,-8,38,-4,13,0,-22,-1,4,-12,37,8,15,-11,-32,4,6,-6,35,7,9,-9,-25,4,19,-8,39,9,13,-9,-24,5,2,-12,35,7,10
31.3000,-8,-21,-3,7,-6,41,8,8,-7,-24,0,7,-10,31,6,16,-7,-19,3,4,-11,33,12,22,-5,-22,5,2,-6,39,-1,9,1,-21,5,5,-12,35,6,17,-4,-26,4,3,-9,35,6,10,-8,-25,5,16,-10,41,5,16,-13,-20,4,4,-11,37,7,11
31.3200,-9,-25,5,5,-1,40,9,15,-11,-25,1,7,-8,29,8,17,-10,-21,3,7,-8,34,7,25,-6,-22,4,5,-6,39,-1,13,0,-24,4,1,-15,39,10,16,-4,-28,3,9,-6,37,11,9,-7,-27,6,22,-11,39,10,10,-9,-25,1,-3,-10,39,5,12
31.3400,-10,-28,1,8,3,34,13,15,1,-22,5,6,-5,28,8,14,-10,-21,7,4,-8,34,13,20,-6,-20,0,5,-7,38,-2,11,4,-26,-2,10,-13,33,4,16,-6,-30,5,7,-6,31,8,11,-8,-21,0,18,-9,35,5,12,-8,-20,6,2,-10,33,8,17
31.3600,-8,-25,2,1,-1,34,6,15,-5,-23,4,6,-9,29,6,17,-10,-22,3,6,-9,35,8,23,-5,-18,0,6,-7,36,-1,13,8,-20,3,6,-11,39,7,17,-5,-27,2,4,-6,36,9,12,-8,-24,0,18,-6,34,9,18,-7,-24,3,8,-9,36,6,12
31.3800,-7,-24,1,7,-3,36,4,12,-3,-24,1,4,-9,29,10,9,-9,-20,5,8,-12,33,8,18,-10,-17,2,6,-8,37,0,13,1,-28,5,6,-11,35,8,13,-6,-29,4,6,-8,34,5,13,-5,-26,3,21,-8,36,9,18,-9,-24,2,8,-11,37,6,10
31.4000,-4,-24,5,3,0,37,9,16,-6,-24,3,3,-13,30,9,11,-12,-20,3,9,-6,34,7,19,-9,-17,5,3,-10,39,-2,11,-3,-19,1,3,-8,39,7,13,-7,-27,7,6,-10,31,11,11,-7,-22,0,18,-8,37,9,15,-7,-21,5,4,-12,38,13,10
31.4200,-12,-30,3,9,0,35,5,12,-9,-24,3,10,-10,26,13,17,-8,-14,1,3,-10,36,15,20,-10,-21,1,5,-8,39,-1,14,-2,-20,5,1,-6,37,8,16,-7,-33,6,4,-6,34,8,11,-4,-24,4,19,-8,38,9,12,-5,-25,4,0,-10,33,7,21
31.4400,-9,-24,3,5,-4,40,7,15,-12,-21,2,7,-8,28,14,15,-7,-19,-1,3,-12,34,10,16,-4,-21,2,2,-7,38,-3,11,3,-26,3,3,-11,38,9,14,-6,-32,4,3,-6,36,5,11,-7,-22,1,18,-4,36,9,15,-5,-20,0,3,-11,40,5,14
31.4600,-10,-28,1,3,-3,37,9,12,-5,-23,1,7,-9,36,12,10,-7,-22,1,3,-7,36,9,18,-4,-23,2,6,-9,39,1,12,-2,-21,6,7,-9,39,9,14,-7,-25,2,6,-5,39,11,11,-6,-17,10,18,-6,31,11,16,-8,-23,4,6,-9,34,9,12
31.4800,-10,-24,3,5,1,36,8,12,-7,-23,3,3,-9,30,10,14,-4,-18,6,10,-7,33,12,20,-10,-20,-3,6,-6,37,2,15,-1,-20,5,6,-8,35,9,13,-7,-31,-2,7,-7,38,2,6,-11,-22,4,19,-5,37,15,14,-8,-20,2,5,-8,39,8,12
31.5000,-4,-27,1,1,-1,38,8,14,-7,-22,-3,2,-6,27,6,13,-8,-19,-1,6,-13,36,10,20,-7,-24,2,6,-9,35,-1,10,1,-21,4,3,-8,41,10,13,-4,-28,3,9,-12,38,6,13,-8,-25,3,20,-9,37,9,13,-12,-24,6,6,-11,41,9,15
31.5200,-11,-30,3,4,-2,34,6,16,-5,-25,6,7,-7,28,12,17,-7,-19,1,4,-14,34,11,20,-7,-17,0,5,-10,41,0,11,2,-20,5,4,-13,38,4,15,-6,-28,1,4,-10,35,11,10,-6,-24,5,19,-13,39,10,17,-8,-22,5,5,-9,34,5,10
31.5400,-9,-23,3,4,1,38,8,13,-7,-18,3,5,-7,28,14,16,-7,-20,1,4,-11,36,8,19,-7,-18,3,2,-7,36,-7,14,-4,-21,0,4,-9,35,13,14,-5,-30,3,3,-9,38,8,11,-10,-16,2,22,-12,36,8,17,-7,-24,2,4,-10,32,6,17
31.5600,-9,-21,2,3,-2,39,11,12,-8,-24,3,7,-6,25,9,16,-8,-21,1,6,-8,35,6,18,-7,-18,1,5,-7,41,-1,13,-1,-22,1,5,-7,33,10,12,-6,-31,2,5,-8,40,9,11,-8,-26,7,21,-9,37,7,12,-12,-22,2,7,-12,40,9,14
31.5800,-10,-27,4,5,-1,33,7,8,-4,-23,2,8,-9,27,10,13,-6,-21,2,5,-10,33,13,22,-8,-17,3,8,-9,35,3,10,-2,-25,3,3,-7,39,7,12,-4,-27,5,3,-6,38,6,8,-5,-24,0,20,-12,34,10,10,-6,-20,6,10,-9,39,12,16
31.6000,-12,-24,0,3,-4,39,9,10,-3,-21,0,8,-11,32,11,16,-9,-24,4,4,-14,39,6,17,-5,-22,5,8,-6,37,-3,14,2,-21,4,4,-13,37,7,12,-4,-26,4,6,-7,33,6,11,-3,-23,3,20,-9,32,9,11,-7,-25,4,3,-10,39,12,11
31.6200,-9,-25,-1,7,-4,40,6,14,-6,-21,0,4,-6,30,12,15,-10,-23,4,5,-11,35,12,18,-7,-23,5,5,-6,38,-2,11,1,-22,-2,5,-10,36,10,14,0,-29,2,2,-9,28,8,12,-7,-21,4,23,-8,35,7,13,-7,-17,1,6,-8,35,4,14
31.6400,-6,-22,3,1,-5,36,5,12,-10,-26,6,2,-5,29,8,16,-6,-23,6,1,-9,36,8,18,-5,-23,2,9,-7,36,2,14,-1,-21,3,1,-14,38,6,14,-6,-30,-2,10,-10,37,7,15,-6,-23,4,16,-8,38,8,12,-8,-21,3,4,-4,32,8,12
31.6600,-9,-26,2,6,1,39,9,14,-5,-22,1,7,-11,26,10,10,-8,-19,3,1,-16,33,8,16,-4,-19,-5,5,-8,40,2,11,0,-18,2,8,-9,37,6,12,-5,-27,5,3,-4,33,12,8,-7,-25,2,19,-4,39,5,13,-4,-24,2,5,-9,32,7,14
31.6800,-11,-26,1,3,0,38,9,13,-8,-22,2,9,-9,27,9,16,-8,-19,0,8,-12,37,8,22,-5,-21,3,-2,-1,40,4,13,4,-21,1,6,-9,32,9,16,-6,-29,4,5,-9,34,9,12,-5,-18,6,15,-8,37,11,11,-4,-23,0,4,-8,32,5,10
31.7000,-5,-26,1,5,-4,32,5,9,-5,-21,1,7,-14,31,13,12,-6,-20,4,3,-19,33,6,16,-7,-21,-2,1,-8,37,-3,11,-2,-25,0,0,-9,39,8,16,-5,-31,0,9,-6,35,10,10,-6,-26,3,19,-9,37,7,13,-5,-25,-1,2,-11,39,5,11
31.7200,-8,-26,3,5,-3,39,5,10,-4,-23,2,2,-10,26,11,16,-6,-17,0,2,-11,33,12,14,-4,-20,1,5,-5,36,0,13,0,-27,-2,1,-14,38,9,9,-4,-31,3,5,-3,33,11,11,-4,-22,2,12,-7,37,11,13,-12,-20,4,8,-12,38,4,11
31.7400,-10,-24,-2,4,0,39,6,14,-3,-25,-2,8,-11,27,11,13,-9,-22,2,6,-13,35,11,18,-5,-18,3,4,-10,38,-5,14,0,-24,4,4,-12,34,13,16,-5,-26,1,2,-4,35,9,10,-5,-24,4,19,-12,36,5,11,-4,-22,4,1,-15,33,4,8
31.7600,-8,-24,2,7,-3,39,11,9,-2,-23,2,8,-6,28,9,12,-9,-21,2,4,-13,35,10,19,-8,-16,2,7,-8,40,1,9,0,-24,6,6,-13,39,7,16,-6,-32,2,5,-8,35,11,10,-8,-28,3,19,-11,35,6,11,-8,-24,2,4,-8,37,6,11
31.7800,-10,-28,4,6,-3,37,4,7,-6,-23,4,6,-7,24,7,11,-4,-22,0,4,-9,36,7,19,-10,-21,1,6,0,37,-7,11,1,-21,0,5,-14,37,8,15,-3,-30,4,3,-6,35,9,11,-7,-23,1,17,-9,34,6,11,-5,-24,1,3,-9,38,8,15
31.8000,-7,-23,8,5,0,37,8,12,-2,-24,3,3,-7,26,10,15,-7,-25,1,6,-9,40,7,17,-8,-18,3,5,-10,40,2,17,-4,-24,1,4,-6,32,8,12,-9,-26,0,4,-7,37,13,8,-4,-23,2,17,-11,34,10,13,-6,-23,4,3,-10,33,7,10
31.8200,-9,-29,3,3,-2,30,9,14,-5,-27,2,6,-10,32,12,15,-6,-23,-2,5,-11,36,10,22,-6,-20,1,2,-8,39,1,10,0,-25,-1,6,-9,34,6,11,-8,-27,1,3,-8,37,10,11,-2,-23,1,12,-8,34,7,12,-8,-24,0,6,-6,41,7,14
31.8400,-8,-24,2,5,0,35,4,11,-9,-22,0,0,-8,30,9,11,-6,-20,1,1,-10,30,12,21,-7,-20,0,5,-5,39,-1,13,2,-21,3,6,-15,36,10,10,-6,-28,3,3,-9,36,10,13,-5,-25,1,19,-5,34,7,8,-8,-27,1,4,-6,37,7,9
31.8600,-9,-29,2,5,-6,40,10,12,-7,-22,0,2,-6,26,8,8,-7,-24,3,6,-12,32,10,21,-6,-19,-1,2,-8,37,2,16,-1,-24,2,4,-8,38,10,12,-6,-29,0,7,-6,34,9,9,-7,-24,2,15,-4,34,8,12,-4,-24,-1,4,-9,37,6,15
31.8800,-11,-26,4,3,-3,35,8,11,-7,-23,1,5,-9,23,12,9,-11,-24,-1,2,-11,32,7,19,-9,-18,-2,4,-10,32,-1,13,3,-23,0,9,-9,39,9,12,-9,-28,0,5,-10,37,12,11,-6,-24,-1,18,-15,35,6,15,-6,-22,-1,5,-5,38,8,14
31.9000,-10,-25,1,3,-5,35,9,13,-6,-23,6,5,-8,28,10,12,-7,-26,1,10,-13,36,4,15,-7,-20,0,5,-7,39,-1,12,1,-22,2,3,-11,35,7,13,-4,-33,3,2,-6,36,10,14,-4,-29,3,19,-10,32,6,16,-11,-28,-3,2,-15,34,5,8
31.9200,-11,-22,2,3,-1,34,1,11,-10,-24,1,-3,-5,26,9,12,-6,-24,0,3,-10,34,8,16,-1,-18,2,9,-8,37,-1,9,4,-20,-2,1,-14,36,6,11,-4,-31,0,1,-5,36,12,8,-6,-27,3,20,-7,35,10,14,-8,-27,5,3,-11,37,10,9
31.9400,-7,-29,-2,6,-3,36,12,7,-6,-20,-1,6,-10,24,10,13,-9,-23,-1,7,-10,32,8,16,-7,-19,0,4,-6,41,5,10,1,-24,-2,5,-10,37,4,14,-10,-30,-1,-1,-6,32,13,7,-8,-24,1,22,-7,34,9,15,-3,-23,-1,4,-10,36,4,12
31.9600,-11,-26,0,3,-5,36,8,7,-8,-21,-1,1,-3,23,15,18,-8,-24,-1,4,-13,34,9,20,-3,-20,5,6,-11,36,-1,14,1,-24,2,0,-14,32,10,11,-7,-31,-5,-1,-9,33,10,12,-5,-20,3,19,-9,38,5,16,-6,-19,0,4,-6,35,7,14
31.9800,-5,-25,4,2,-1,36,5,3,-7,-20,0,5,-9,26,7,14,-10,-27,3,2,-15,32,5,20,-10,-23,1,4,-6,37,-3,14,2,-20,2,3,-11,32,7,12,-5,-29,0,4,-6,36,10,9,-9,-21,3,17,-7,33,6,10,-6,-22,-1,3,-10,38,6,7
32.0000,-10,-29,3,7,-3,34,8,10,-5,-25,0,7,-10,23,10,13,-8,-22,3,4,-12,38,9,18,-8,-20,-2,5,-7,34,-3,11,-2,-25,-8,6,-15,32,6,15,-4,-27,3,7,-8,34,14,9,-2,-25,0,18,-8,34,4,14,-9,-27,1,7,-8,36,5,11
32.0200,-11,-23,-1,7,2,37,4,13,-9,-23,3,6,-6,21,9,10,-7,-24,-1,6,-13,33,11,18,-6,-18,3,5,-8,36,-2,12,1,-23,5,1,-8,35,7,14,-5,-29,2,6,-13,36,12,12,-9,-20,4,14,-11,36,11,16,-10,-19,-4,3,-8,37,11,10
32.0400,-4,-26,2,0,1,35,4,10,-6,-20,1,2,-6,25,9,11,-10,-25,3,9,-11,34,9,19,-5,-17,-3,2,-7,41,-2,10,-1,-21,1,4,-11,34,9,11,-6,-27,-3,7,-7,36,14,12,-6,-25,-1,23,-8,32,7,18,-7,-22,1,4,-11,38,9,12
32.0600,-10,-25,3,-1,4,33,2,6,-7,-25,-3,6,-7,26,8,12,-6,-20,0,5,-9,36,7,16,-7,-24,-1,6,-9,38,2,10,1,-22,-1,7,-12,33,9,10,-9,-32,-3,4,-8,33,6,12,-4,-24,2,16,-12,36,11,9,-7,-22,6,0,-6,39,10,13
32.0800,-7,-23,0,6,1,36,6,7,-8,-24,-1,5,-2,27,9,14,-8,-23,1,2,-16,34,9,17,-5,-16,1,9,-5,37,0,8,3,-18,3,4,-13,37,6,11,-6,-29,0,4,-6,33,9,10,-8,-24,1,19,-8,37,11,11,-9,-24,2,3,-11,37,6,15
32.1000,-6,-25,2,6,-5,38,7,11,-6,-25,-2,0,-10,30,9,14,-5,-24,-1,4,-13,36,12,17,-5,-15,-2,4,-5,34,-2,8,0,-22,0,8,-7,33,13,10,-8,-30,-1,0,-12,39,10,9,-4,-22,2,15,-8,34,8,9,-8,-25,-3,6,-10,34,5,12
32.1200,-12,-29,-1,0,-3,37,9,7,-8,-24,-4,2,-6,27,14,9,-12,-20,1,3,-16,33,6,16,-7,-20,-2,5,-4,35,-2,9,0,-25,-3,5,-8,36,4,15,-7,-31,5,2,-12,29,12,10,-9,-23,3,19,-11,36,5,13,-9,-22,2,0,-11,34,7,13
32.1400,-10,-21,-4,4,-2,37,7,6,-9,-21,0,2,-6,24,8,14,-11,-17,1,6,-14,33,4,16,-4,-19,-3,5,-4,34,-1,12,2,-20,0,1,-9,37,10,13,-6,-32,0,5,-10,34,10,8,-2,-23,4,16,-9,36,4,9,-6,-20,-3,8,-13,36,5,12
32.1600,-8,-28,-2,8,-4,37,7,11,-4,-25,-1,0,-6,29,7,11,-6,-21,2,3,-11,30,9,18,-5,-17,-2,2,-11,33,1,14,0,-23,1,4,-4,34,8,13,-7,-34,3,5,-10,31,12,7,-4,-23,-1,17,-8,33,7,11,-5,-25,-5,0,-10,38,6,11
32.1800,-13,-24,-2,4,-2,38,5,10,-4,-26,1,5,-8,28,7,11,-4,-19,6,7,-11,34,12,20,-2,-16,1,4,-9,35,2,13,3,-24,-5,4,-13,29,8,11,-10,-28,1,6,-9,34,12,11,-5,-26,-2,15,-10,34,11,14,-12,-24,1,5,-12,34,10,13
32.2000,-8,-24,2,1,0,34,9,5,-7,-25,-1,5,-6,24,7,12,-7,-22,-1,4,-9,36,8,16,-9,-22,-1,9,-5,33,-1,14,2,-27,-1,6,-13,34,7,9,-9,-29,-2,5,-13,37,4,6,-8,-25,2,12,-6,36,7,14,-7,-23,-2,3,-8,37,8,10
32.2200,-8,-21,-1,4,-4,35,8,7,-9,-21,3,1,-7,24,10,14,-3,-22,1,6,-11,33,8,20,-6,-22,0,6,-11,38,-1,11,2,-23,-2,0,-11,37,8,11,-13,-35,-2,5,-6,36,9,12,-5,-25,-4,16,-7,34,9,10,-5,-22,-2,2,-9,36,7,12
32.2400,-9,-22,-1,3,-2,34,9,9,-5,-27,-5,3,-10,26,7,12,-3,-19,1,2,-15,36,10,18,-7,-22,0,4,-10,38,-4,10,2,-25,-1,7,-15,31,2,14,-9,-27,-3,4,-6,33,11,11,-8,-26,-4,20,-10,33,8,10,-9,-24,0,5,-8,34,11,14
32.2600,-6,-26,-3,7,-1,35,5,4,-2,-24,-4,4,-8,31,10,11,-4,-28,-2,2,-10,32,11,16,-6,-21,0,6,-10,37,-5,10,-1,-18,4,7,-10,33,7,9,-8,-34,-1,6,-10,34,8,10,-10,-24,0,16,-12,33,4,13,-8,-25,-6,2,-10,34,9,13
32.2800,-5,-29,-1,1,2,37,7,7,-6,-23,-2,7,-8,23,10,14,-9,-25,0,6,-12,36,10,15,-4,-21,-1,4,-5,38,-4,10,2,-20,-3,3,-11,33,7,6,-7,-27,-2,3,-7,34,9,11,-8,-25,-3,18,-6,36,4,10,-7,-21,-7,7,-9,33,10,11
32.3000,-12,-26,-2,1,-1,36,11,8,-6,-19,-1,2,-7,27,12,9,-5,-28,-1,5,-11,34,8,19,-5,-26,1,6,-8,37,-5,12,1,-21,-1,7,-11,34,5,9,-3,-30,-1,2,-9,30,15,4,-5,-24,-2,17,-9,36,11,15,-3,-25,-1,1,-10,35,11,10
32.3200,-9,-26,-2,11,-5,34,7,8,-8,-23,-3,1,-12,24,9,7,-8,-25,-1,4,-13,28,10,15,-5,-19,-1,4,-4,33,-1,9,3,-23,-7,4,-10,32,9,10,-4,-26,-2,3,-4,35,16,8,-9,-26,0,14,-7,35,5,11,-7,-27,-5,4,-9,36,9,13
32.3400,-8,-29,-1,3,-1,37,6,9,-8,-17,-2,5,-8,25,7,11,-9,-22,1,7,-14,32,6,19,-8,-19,-2,7,-8,34,-1,11,0,-24,-6,3,-10,35,10,14,-4,-28,-3,5,-8,33,11,9,-2,-21,-2,13,-8,35,6,10,-5,-25,-4,-1,-10,39,9,10
32.3600,-7,-25,5,6,0,36,2,7,-8,-22,-6,1,-4,28,11,15,-7,-24,0,7,-9,34,7,16,-4,-21,-3,2,-9,38,0,17,1,-22,3,7,-8,32,7,11,-5,-29,0,1,-13,38,7,11,-9,-21,-3,15,-10,34,12,13,-3,-25,-2,2,-13,33,9,14
32.3800,-6,-24,-1,1,-4,34,9,8,-9,-22,-3,4,-6,24,11,14,-4,-23,0,1,-12,34,7,18,-8,-22,-2,6,-6,40,-5,9,1,-21,-1,5,-8,33,8,10,-8,-26,-3,3,-8,29,12,12,-9,-25,0,16,-10,32,11,8,-6,-27,-1,2,-8,35,5,10
32.4000,-7,-25,0,2,1,36,8,3,-9,-22,-1,1,-3,24,11,12,-8,-24,1,4,-10,32,5,15,-9,-25,-3,8,-6,35,-3,7,2,-19,-3,2,-10,33,9,15,-3,-31,-3,5,-10,35,12,11,-8,-21,1,14,-15,35,9,8,-5,-26,0,2,-14,34,8,13
32.4200,-5,-22,1,1,-8,36,5,5,-9,-24,-2,2,-8,24,7,13,-9,-23,-2,7,-11,32,9,18,-9,-17,0,8,-9,34,1,6,-2,-25,-1,4,-6,35,9,10,-7,-29,-2,2,-11,33,13,10,-2,-21,-2,15,-10,35,11,11,-7,-21,-2,-3,-10,33,9,12
32.4400,-5,-27,0,6,-4,35,5,8,-5,-24,-6,4,-13,30,10,11,-10,-24,1,2,-14,34,5,15,-9,-22,-2,2,-11,37,-4,7,2,-20,-5,9,-8,34,7,15,-8,-31,-1,7,-9,31,7,11,-9,-20,-1,14,-9,35,7,8,-6,-22,-3,3,-9,31,6,14
32.4600,-7,-21,0,4,0,34,10,6,-8,-24,-2,5,-11,20,10,9,-7,-22,0,4,-15,35,5,12,-2,-16,-2,8,-10,34,-1,8,1,-20,-3,2,-11,32,6,13,-4,-33,-1,3,-9,36,12,9,-6,-26,-4,17,-8,35,9,13,-3,-26,1,5,-11,34,12,13
32.4800,-9,-24,0,1,0,35,5,4,-6,-23,2,1,-6,24,9,8,-12,-27,-2,8,-16,33,9,22,-6,-22,-4,4,-8,40,-2,16,-4,-21,-3,3,-10,31,10,9,-9,-25,-2,5,-8,32,16,8,-2,-27,-2,14,-14,35,14,10,-4,-23,0,5,-9,34,8,12
32.5000,-8,-23,-3,2,-2,37,8,4,-4,-24,0,1,-6,27,10,11,-7,-20,1,-1,-13,31,5,16,-6,-19,-2,7,-7,37,-1,8,5,-23,-9,6,-7,37,10,10,-5,-31,-1,9,-10,33,9,8,-6,-24,-3,17,-7,32,7,12,-3,-26,-3,4,-8,39,8,9
32.5200,-4,-25,1,4,-1,35,7,9,-10,-21,1,4,-11,24,11,10,-10,-22,-3,1,-9,33,9,18,-8,-21,-1,3,0,37,-1,7,6,-22,1,2,-9,32,9,11,-7,-29,-2,2,-10,33,11,8,-9,-29,1,12,-11,36,6,8,-10,-23,-1,5,-6,34,11,11
32.5400,-7,-26,0,3,-3,36,8,7,-7,-18,1,5,-4,26,7,8,-10,-23,0,5,-12,35,10,14,-7,-22,-2,2,-9,36,-3,8,-1,-23,-2,2,-8,30,7,13,-7,-32,-4,3,-8,35,9,6,-7,-26,-3,15,-7,33,9,7,-7,-25,-3,0,-13,29,10,11
32.5600,-8,-23,-3,5,-3,31,8,11,-2,-19,-3,5,-8,25,9,10,-9,-19,-4,3,-15,31,8,17,-4,-17,-4,4,-5,38,0,6,-1,-23,-3,2,-11,31,6,11,0,-33,-2,3,-10,28,12,9,-5,-25,-4,14,-9,36,4,11,-5,-27,0,5,-7,33,6,7
32.5800,-7,-21,-3,3,-3,33,6,11,-10,-23,0,1,-3,30,13,11,-6,-20,-4,4,-14,32,14,13,-6,-24,-4,6,-3,38,-1,10,1,-24,-4,3,-12,30,7,9,-5,-30,-3,4,-13,31,13,9,-9,-25,-2,16,-7,34,7,5,-10,-21,-6,3,-8,38,7,9
32.6000,-8,-23,-1,5,-7,32,9,9,-7,-21,-4,3,-6,29,8,11,-5,-22,-3,5,-18,32,11,14,-5,-19,2,4,-12,33,0,8,0,-21,-3,2,-6,31,7,11,-6,-30,2,4,-8,32,12,9,-4,-22,2,14,-7,34,6,12,-4,-22,1,1,-11,36,7,5
32.6200,-9,-24,-4,10,-3,32,8,8,-8,-27,4,6,-6,25,9,8,-8,-24,-2,3,-16,35,7,16,-4,-20,1,7,-8,35,-3,9,1,-23,-1,0,-10,32,9,9,-5,-32,-2,4,-9,32,11,13,-5,-25,-3,15,-12,36,6,9,-9,-26,-8,2,-9,33,9,14
32.6400,-6,-25,-1,4,-4,30,6,7,-3,-22,-1,4,-7,23,13,13,-9,-21,-5,5,-16,30,7,17,-3,-21,-3,4,-9,39,5,9,0,-23,3,-1,-8,30,6,6,-4,-27,-5,7,-13,34,11,8,-7,-27,0,12,-11,33,4,10,-7,-23,-2,2,-11,35,6,7
32.6600,-8,-27,-6,4,-5,34,8,5,-6,-24,-2,1,-4,25,13,9,-5,-29,-1,4,-15,31,5,19,-4,-19,0,3,-10,35,0,5,3,-24,-3,4,-7,34,9,11,-5,-31,-2,7,-10,34,10,11,-8,-21,2,13,-11,32,9,12,-6,-23,-2,3,-4,34,7,9
32.6800,-7,-24,-2,0,-2,34,12,5,-6,-16,-5,2,-9,22,11,11,-5,-28,-4,3,-11,35,8,10,-3,-17,-3,4,-8,36,0,10,-1,-24,0,3,-7,33,14,13,-5,-32,-6,3,-8,35,12,13,-7,-23,-3,18,-10,35,10,7,-10,-23,0,2,-8,36,8,14
32.7000,-6,-24,1,2,-3,34,10,8,-4,-27,0,8,-8,22,11,11,-10,-26,-1,9,-8,31,8,18,-3,-15,-5,2,-9,33,3,12,3,-27,-1,1,-11,32,7,10,-8,-25,-5,2,-12,34,10,12,-11,-26,-5,11,-6,37,4,8,-5,-28,0,1,-12,34,8,10
32.7200,-4,-23,1,4,0,33,4,11,-7,-25,1,2,-6,24,10,9,-5,-26,-6,2,-10,33,13,13,0,-20,1,0,-10,34,-3,7,1,-20,-4,1,-11,30,7,11,-9,-32,-2,2,-9,37,13,11,-3,-23,-1,11,-13,33,6,13,-5,-24,-4,-2,-8,35,7,14
32.7400,-4,-22,-2,3,-3,33,6,7,-7,-23,-3,6,-6,20,10,8,-9,-22,-2,1,-15,30,11,15,-7,-19,0,4,-7,37,1,7,-1,-26,-2,-1,-9,34,6,15,-2,-32,-2,3,-7,32,8,14,-6,-25,-3,13,-9,34,9,12,-9,-27,-1,7,-7,35,5,9
32.7600,-10,-24,-5,3,-5,33,6,7,-10,-23,-2,5,-9,24,11,5,-8,-22,-5,0,-11,35,10,18,-9,-22,1,5,-7,38,-1,11,0,-25,-4,4,-7,36,8,10,-3,-26,-4,5,-10,30,12,11,-5,-24,2,13,-12,30,7,12,-5,-24,-6,0,-11,31,11,8
32.7800,-9,-22,1,-1,-3,29,9,5,-7,-28,-7,2,-8,23,9,12,-5,-21,-4,6,-9,30,11,17,-7,-19,-5,0,-6,38,3,5,3,-23,0,2,-6,30,3,14,-6,-30,-5,3,-9,34,8,7,-8,-21,0,12,-14,34,9,8,-5,-25,2,3,-11,34,9,9
32.8000,-7,-23,-2,3,-6,33,7,6,-9,-24,-3,5,-10,26,13,10,-5,-26,-3,4,-10,32,8,17,-5,-20,-2,3,-12,34,0,8,0,-21,-3,2,-6,32,11,12,-1,-28,-1,3,-11,31,11,10,-2,-22,0,16,-6,35,12,10,-11,-20,-2,0,-14,32,7,11
32.8200,-8,-23,-4,4,-1,30,9,5,-6,-24,-2,5,-7,24,11,10,-11,-25,-2,8,-12,33,11,13,-8,-21,-2,3,-8,38,-3,8,-1,-26,-1,0,-10,33,5,10,-4,-29,-3,1,-11,34,8,14,-7,-23,-3,14,-9,33,9,7,-6,-25,-5,4,-12,31,13,11
32.8400,-5,-25,-1,6,-2,32,9,8,-7,-26,-6,6,-6,24,9,10,-8,-23,-1,7,-10,28,9,13,-6,-21,-5,4,-7,37,-4,12,-2,-28,-9,2,-14,34,7,7,-6,-32,-5,4,-14,36,11,13,-5,-23,-3,11,-6,32,11,10,-6,-24,-5,0,-11,34,10,9
32.8600,-6,-22,-3,2,-3,37,8,4,-9,-28,-6,7,-10,22,10,8,-7,-24,1,2,-12,32,7,17,-2,-17,-3,3,-8,33,1,10,-5,-28,2,4,-9,33,12,10,-6,-30,-5,4,-8,36,15,10,-1,-24,-2,12,-6,36,6,10,-8,-29,-5,3,-7,31,8,12
32.8800,-4,-25,-6,2,2,33,8,8,-9,-24,-6,1,-8,27,8,10,-10,-24,-1,5,-11,29,10,19,-5,-22,-2,4,-6,37,1,9,-3,-20,-5,2,-10,36,11,15,-4,-30,-3,4,-12,27,9,8,-5,-26,-8,15,-9,37,7,9,-6,-25,-2,2,-12,34,6,4
32.9000,-7,-24,-7,3,-1,33,6,8,-3,-23,-4,0,-3,27,8,6,-9,-26,-3,8,-10,32,12,15,-3,-23,-2,5,-10,30,2,11,2,-20,-5,3,-12,36,4,8,-5,-29,-3,4,-12,35,13,9,0,-22,-5,18,-9,35,8,7,-6,-25,-7,5,-7,31,6,7
32.9200,-5,-23,-9,6,2,31,8,7,-7,-25,-7,4,-8,22,12,8,-7,-25,-2,3,-12,32,12,16,-5,-19,-8,4,-9,39,-2,12,1,-25,-3,5,-6,32,8,6,-1,-31,-4,4,-6,30,9,8,-3,-28,-3,13,-7,36,10,8,-10,-28,-3,5,-11,32,10,7
32.9400,-8,-21,-7,3,-6,33,9,9,-4,-27,-5,5,-7,26,12,12,-5,-28,0,5,-15,33,11,17,-2,-19,-1,2,-9,36,0,9,-2,-24,-5,1,-9,32,6,7,-4,-29,-7,5,-8,30,11,8,-1,-24,-5,17,-7,32,9,2,-7,-24,1,3,-9,35,6,10
32.9600,-8,-24,-1,5,-1,33,9,10,-6,-25,-5,-1,-6,24,10,10,-8,-31,-7,7,-11,30,8,17,-5,-21,0,3,-10,34,-4,10,-2,-27,-4,4,-5,35,7,9,-3,-29,-4,10,-14,31,12,13,-8,-28,-7,12,-9,34,7,7,-3,-23,-8,3,-9,30,7,7
32.9800,-7,-28,-2,-3,-2,34,10,7,-4,-24,-7,-1,-6,28,11,10,-8,-27,-3,2,-13,36,8,17,-6,-21,-6,5,-10,35,-3,12,-3,-26,-5,2,-11,31,11,12,-7,-36,-4,6,-12,33,9,9,-4,-24,-4,12,-7,34,9,13,-8,-23,-6,5,-8,31,9,12
33.0000,-8,-18,0,7,0,38,7,8,-6,-21,-8,2,-7,27,11,14,-9,-29,-7,6,-15,31,10,15,-3,-18,-3,5,-8,31,1,7,1,-25,1,2,-9,31,7,12,-2,-31,-8,5,-9,36,11,8,-3,-21,-12,12,-8,37,9,8,-2,-25,-3,3,-11,33,8,8
33.0200,-6,-23,-2,7,-2,29,11,10,-7,-28,-4,3,-11,28,13,12,-3,-27,-4,7,-12,32,7,20,-2,-22,-2,3,-7,30,3,6,-3,-24,-6,2,-8,36,8,10,-1,-31,-4,5,-8,32,12,8,-4,-25,-4,12,-8,36,10,3,-8,-25,-4,4,-14,36,9,6
33.0400,-4,-18,-4,0,-3,31,10,7,-7,-20,1,5,-5,24,10,11,-9,-24,-1,2,-9,32,7,10,-6,-21,-4,4,-7,39,2,6,-2,-23,-9,3,-14,34,10,10,-3,-32,-5,2,-8,28,13,8,-6,-22,-5,15,-10,35,6,8,-7,-25,-4,3,-8,33,9,5
33.0600,-7,-23,-3,4,-4,34,7,7,-5,-28,-2,6,-6,23,11,7,-7,-29,-1,4,-11,33,10,19,-6,-21,-8,3,-5,37,5,10,0,-20,-2,5,-11,30,7,12,-2,-29,-6,3,-12,31,8,7,-3,-26,-7,12,-11,33,6,12,-3,-26,-8,-3,-9,37,6,8
33.0800,-7,-21,-2,1,-5,32,3,6,0,-25,-3,6,-7,24,9,10,-5,-24,-2,5,-14,33,12,19,-5,-22,-6,0,-11,35,-1,10,0,-24,-8,1,-13,36,7,8,-1,-33,-3,7,-11,35,7,8,-4,-21,-4,13,-6,36,14,10,-7,-26,-3,2,-8,31,11,7
33.1000,-7,-20,-2,2,-3,31,7,5,-6,-28,-4,3,-5,23,13,11,-6,-23,-5,1,-14,27,7,14,-2,-22,-7,4,-4,38,2,8,-1,-22,-7,4,-9,36,7,7,-5,-28,-6,3,-13,36,7,8,-2,-25,-7,12,-7,33,6,10,-5,-24,-1,7,-12,33,12,7
33.1200,-6,-22,-3,3,-3,33,9,7,-7,-24,-3,4,-8,27,9,10,-1,-22,-2,-1,-13,33,6,18,-7,-22,-5,3,-8,31,-2,7,-4,-22,-4,2,-12,36,11,10,-2,-32,-8,5,-15,32,10,5,-5,-28,-1,10,-8,36,8,8,-4,-33,-4,6,-10,34,12,9
33.1400,-5,-20,-8,2,-1,35,11,6,-6,-28,-5,1,-5,25,10,10,-4,-25,-7,5,-9,27,4,14,-2,-16,-4,-1,-7,35,-3,9,0,-23,-7,5,-12,32,8,11,-1,-32,-3,3,-11,34,9,10,-7,-22,-5,7,-11,34,9,9,-2,-26,-3,-1,-9,33,12,8
33.1600,-8,-24,-6,5,-4,30,8,4,-2,-27,-4,2,-6,22,9,8,-5,-32,-3,5,-13,34,9,16,1,-22,-4,3,-9,32,0,8,-1,-26,-7,5,-9,31,10,13,0,-33,-6,1,-12,29,7,10,-5,-24,-5,7,-11,32,10,12,-9,-24,-4,2,-7,30,5,12
33.1800,-2,-22,-5,-1,-2,31,5,3,-3,-24,-8,4,-3,22,12,8,-7,-26,-8,0,-13,32,11,16,1,-21,-4,6,-10,39,-4,8,3,-26,-6,2,-11,28,13,6,-2,-30,-7,3,-12,32,7,6,-10,-23,-6,13,-13,31,6,9,-3,-25,1,6,-6,33,8,4
33.2000,-7,-23,-4,3,-5,30,9,8,-5,-24,-6,2,-7,23,9,13,-8,-27,-6,4,-9,32,10,19,-2,-19,-7,5,-6,36,0,11,-1,-27,-3,-1,-9,32,9,9,-5,-28,-3,2,-11,34,8,7,-3,-25,-5,16,-12,36,8,9,-6,-24,-7,1,-15,33,3,2
33.2200,-8,-22,-3,4,-2,32,1,9,-1,-23,-6,-1,-9,25,8,4,-6,-25,-3,4,-11,31,12,15,-2,-25,-8,3,-10,33,-1,7,1,-22,-3,4,-8,30,5,11,-3,-26,-7,3,-9,32,10,9,-6,-25,-5,11,-8,32,9,6,-4,-27,-4,2,-6,28,9,11
33.2400,-8,-26,-3,5,-6,34,5,5,0,-23,-8,2,-7,20,9,10,-7,-23,-5,-2,-12,35,15,18,-1,-17,-5,1,-7,31,6,4,-1,-27,-5,4,-6,32,5,8,-3,-30,-4,4,-4,34,12,3,-4,-24,-4,10,-11,34,9,8,-4,-21,-5,3,-11,31,11,5
33.2600,-5,-25,-5,6,-2,31,7,11,-5,-29,-8,5,-6,26,7,6,-9,-24,-7,5,-12,31,8,18,-5,-26,-5,2,-4,30,-1,10,1,-22,-5,3,-8,34,6,8,-3,-27,-8,5,-10,29,10,10,-7,-25,-6,11,-8,32,7,13,-11,-25,-2,4,-9,32,6,11
33.2800,-4,-19,-7,7,-5,32,7,5,-2,-22,-4,6,-9,22,12,6,-12,-28,-7,-1,-11,31,9,15,-6,-22,-4,6,-11,27,0,8,1,-23,-8,3,-6,29,10,9,1,-26,-6,6,-11,37,13,13,-7,-25,-6,12,-6,37,9,9,-5,-28,-6,0,-11,28,8,6
33.3000,-5,-21,0,1,-4,31,9,9,-6,-22,-5,1,-6,21,12,12,-6,-26,-6,3,-13,31,8,14,-6,-23,-1,4,-4,29,1,6,-2,-25,-5,1,-11,28,6,11,-1,-28,-1,4,-13,31,8,6,-11,-24,-3,11,-3,34,9,10,-8,-24,-8,2,-10,36,13,9
33.3200,-7,-19,-2,0,-2,28,10,6,-2,-23,-7,0,-7,22,10,11,-3,-26,-2,8,-10,33,9,19,1,-23,-4,3,-7,36,-1,5,-2,-20,-3,3,-8,31,7,5,2,-29,-5,6,-12,36,10,7,-4,-27,-4,11,-9,28,7,8,-5,-25,-9,3,-9,29,7,6
33.3400,-6,-21,-5,3,-2,29,12,8,-6,-30,-4,3,-5,25,11,12,-8,-26,-8,2,-12,30,12,18,-5,-18,-4,1,-3,33,-2,6,-3,-24,-3,3,-7,34,8,7,-4,-31,-5,5,-13,33,8,3,-4,-24,-6,9,-9,28,10,7,-1,-23,-7,3,-8,26,9,12
33.3600,-6,-26,-6,3,-4,33,9,4,-2,-26,-6,5,-10,26,12,11,-11,-28,-6,2,-15,29,6,18,-2,-21,-5,5,-8,30,-3,6,4,-24,-8,5,-8,33,9,7,-4,-24,-4,3,-7,32,11,9,-4,-22,-4,14,-10,33,4,8,-8,-28,-2,4,-8,35,11,7
33.3800,-5,-22,-4,4,0,30,10,5,-6,-23,-8,5,-9,20,10,11,-8,-23,-5,4,-13,31,8,18,0,-21,-6,2,-8,38,3,7,-1,-26,-3,0,-9,30,2,8,-5,-28,-2,-1,-8,32,11,13,-3,-21,-8,10,-10,29,4,10,-4,-25,-8,3,-7,26,7,9
33.4000,-3,-25,-4,5,-4,31,7,3,-4,-20,-6,4,-8,21,13,8,-4,-27,-3,0,-10,34,11,15,-6,-20,-3,2,-5,32,3,7,-3,-21,-6,3,-7,33,12,10,-4,-25,-5,2,-18,33,11,12,-5,-22,-11,12,-9,37,9,7,-5,-28,-6,0,-10,36,6,10
33.4200,-5,-26,-8,4,-2,28,10,4,-8,-23,-6,4,-2,21,10,10,-3,-27,-4,4,-14,34,12,16,-5,-20,-3,2,-11,35,3,4,-2,-26,-6,1,-10,29,10,11,-4,-27,-7,6,-13,31,14,9,-5,-24,-2,9,-9,30,6,5,-4,-26,-6,0,-11,33,3,7
33.4400,-5,-24,-2,0,-1,35,10,7,-7,-24,-5,4,-4,26,3,5,-13,-28,-3,7,-11,33,6,15,-5,-24,-6,2,-9,33,1,8,-1,-27,-10,4,-7,35,8,3,0,-30,-5,3,-7,32,7,12,-2,-23,-7,11,-7,35,10,3,-6,-26,-4,3,-12,31,5,9
33.4600,-7,-22,-2,4,-3,31,7,8,-5,-24,-5,2,-2,22,11,8,-5,-26,-7,-1,-14,32,11,14,0,-20,-7,3,-7,33,-3,5,2,-26,-5,2,-9,35,7,13,-1,-24,-9,4,-14,31,11,10,-9,-22,-6,10,-5,31,4,10,-6,-24,-4,5,-7,28,12,9
33.4800,-4,-19,-7,4,-1,31,11,7,-3,-24,-7,2,-9,23,8,7,-9,-29,-8,4,-12,31,14,14,-3,-24,-2,5,-5,34,0,7,2,-23,-4,7,-5,34,10,5,-4,-28,-9,2,-13,31,7,9,-5,-25,-9,11,-4,34,9,7,0,-22,-9,4,-11,34,10,6
33.5000,-4,-23,-3,3,-5,33,5,10,0,-24,-3,-3,-10,26,12,5,-5,-25,-8,5,-10,28,11,15,-2,-18,-6,7,-1,33,-1,5,0,-23,-8,4,-8,34,7,7,-4,-28,-6,5,-12,33,10,10,-6,-24,-6,12,-8,29,11,3,-8,-24,-9,5,-7,32,9,5
33.5200,-3,-20,-6,4,-3,32,9,4,-5,-21,-4,1,-12,27,13,9,-6,-25,-7,4,-12,35,11,15,1,-19,-7,6,-9,31,-4,6,-1,-28,-2,6,-7,31,5,9,-4,-26,-8,4,-8,28,8,7,-8,-29,-9,13,-12,28,9,8,-9,-26,-8,4,-12,32,8,9
33.5400,-4,-21,-7,6,-5,32,6,9,-6,-21,-9,3,-10,25,10,5,-10,-28,-4,3,-12,31,13,19,-9,-26,-4,2,-6,34,-2,8,-3,-25,-3,1,-5,30,9,8,0,-29,-8,4,-10,32,11,13,-3,-21,-7,12,-9,34,8,11,-5,-26,-10,3,-11,31,6,10
33.5600,-6,-22,-7,5,-5,32,13,5,-6,-24,-5,3,-8,24,10,11,-8,-26,-7,3,-10,25,10,15,-3,-26,-5,6,-8,31,1,5,-2,-24,-5,6,-10,31,9,6,-2,-30,-7,3,-12,28,10,7,-4,-24,-8,9,-6,32,7,4,-3,-29,-5,1,-9,38,8,4
33.5800,-3,-21,-6,3,-2,27,9,9,-5,-25,-1,3,-6,24,8,7,-10,-26,-6,3,-9,29,7,17,-6,-22,-3,3,-5,34,-1,8,-2,-31,-4,-2,-2,36,7,6,3,-27,-6,6,-11,29,7,7,-6,-20,-2,7,-10,32,4,6,-1,-25,-4,5,-6,31,7,5
33.6000,-2,-20,-8,6,-2,34,6,7,-5,-24,-7,3,-8,23,7,7,-5,-28,-9,6,-14,32,6,12,-3,-20,-3,7,-8,32,-2,5,0,-27,-7,2,-10,29,11,7,1,-29,-4,7,-10,29,18,8,-7,-23,-6,6,-8,32,8,8,-2,-25,-6,6,-9,31,3,8
33.6200,0,-22,-6,-1,-1,29,9,10,-5,-22,-9,-1,-4,26,11,10,-11,-24,-7,0,-10,30,9,18,-5,-22,-5,6,-13,31,-2,7,-2,-27,-8,7,-8,35,8,7,-6,-26,-8,5,-14,32,7,6,-5,-24,-8,12,-10,30,8,10,-2,-25,-10,7,-9,34,5,8
33.6400,-3,-19,-7,1,-1,33,7,10,-8,-27,-5,3,-8,22,11,5,-5,-28,-3,6,-15,27,5,20,-1,-22,-7,6,-6,32,4,3,-4,-26,-6,3,-11,32,11,10,0,-27,-9,4,-13,31,10,10,-5,-23,-8,13,-8,30,5,3,-5,-22,-5,-1,-11,29,8,6
33.6600,-4,-21,-11,4,-1,28,9,9,-6,-27,-7,3,-4,21,8,7,-4,-27,-6,4,-9,29,8,15,1,-16,-8,2,-6,34,-1,5,3,-26,-8,2,-11,35,5,5,0,-31,-5,1,-13,31,10,10,-8,-25,-9,10,-8,33,11,3,-1,-23,-5,3,-7,28,9,8
33.6800,-3,-22,-6,3,0,32,9,7,-7,-25,-8,4,-9,22,5,13,-7,-24,-8,6,-14,31,13,14,-5,-22,-8,5,-5,33,2,4,-1,-26,-8,2,-7,29,9,8,2,-31,-11,5,-10,32,10,10,-4,-24,-9,15,-11,31,10,11,-5,-30,-7,1,-6,32,11,10
33.7000,-5,-19,-8,1,0,32,8,9,-3,-23,-7,1,-10,18,9,4,-8,-28,-3,6,-6,31,10,18,-3,-23,-6,4,-13,34,0,9,0,-28,-2,1,-8,29,8,4,-1,-30,-9,3,-7,30,9,9,-5,-24,-10,12,-8,32,8,5,-6,-25,-5,0,-3,35,8,6
33.7200,-5,-20,-2,3,-2,33,8,5,-2,-28,-7,0,-6,25,10,6,-9,-28,-5,6,-9,30,9,18,-2,-24,-8,0,-7,33,-2,4,-1,-25,-7,2,-6,30,4,6,-1,-29,-8,2,-14,32,10,7,-2,-25,-9,8,-11,32,11,4,-4,-25,-10,-3,-9,27,11,8
33.7400,-5,-24,-10,5,-3,34,7,15,-4,-23,-11,6,-8,23,10,4,-8,-27,-10,2,-10,31,10,14,-3,-22,-9,2,-11,29,1,7,-4,-27,-9,2,-11,35,7,6,-5,-28,-7,1,-13,27,11,13,-4,-27,-10,12,-6,32,12,6,-4,-26,-7,4,-6,29,9,11
33.7600,-6,-24,-3,5,-4,31,13,9,-4,-22,-7,4,-8,19,9,7,-6,-29,-4,0,-11,31,12,16,-5,-21,-8,6,-4,28,1,3,-5,-24,-10,5,-12,32,8,2,-3,-27,-11,7,-12,30,9,12,-3,-25,-3,8,-8,29,8,8,-11,-27,-3,1,-10,31,10,4
33.7800,0,-23,-8,6,-1,32,13,3,-6,-25,-5,2,-6,24,4,4,-6,-27,-10,10,-9,31,10,21,-6,-20,-6,0,-5,31,-1,9,0,-25,-6,5,-5,33,6,6,1,-32,-5,4,-15,29,11,9,-2,-23,-6,9,-5,33,12,7,-6,-25,-7,3,-5,32,9,5
33.8000,-3,-19,-7,4,0,31,12,10,-6,-22,-11,4,-5,25,6,7,-7,-24,-7,4,-9,29,10,12,-6,-21,-12,1,-9,29,-3,3,-3,-27,-9,4,-5,32,8,5,0,-23,-10,3,-12,31,9,5,-2,-23,-10,11,-12,28,5,10,-5,-25,-9,3,-6,32,5,6
33.8200,-7,-18,-8,-1,-2,29,7,8,-13,-21,-6,1,-3,25,9,13,-7,-29,-3,3,-11,30,12,16,-2,-21,-9,1,-7,31,1,5,-3,-29,-8,3,-10,30,8,5,-2,-31,-10,3,-10,34,9,9,-4,-25,-8,5,-7,32,5,5,-4,-21,-10,0,-9,35,9,9
33.8400,-3,-22,0,3,0,28,13,8,1,-25,-12,6,-8,21,9,8,-7,-31,-8,3,-11,24,6,16,-1,-20,-7,5,-6,32,2,7,-5,-28,-7,2,-6,26,8,4,0,-27,-8,4,-15,31,12,8,-6,-25,-6,10,-11,32,11,7,-2,-28,-12,2,-9,29,9,6
33.8600,-5,-22,-5,4,-5,33,12,6,-6,-21,-9,4,-6,23,8,9,-4,-29,-10,4,-8,29,7,18,-5,-26,-7,5,-10,31,-1,4,1,-28,-6,3,-6,33,8,8,2,-29,-5,3,-11,33,14,9,-6,-26,-12,13,-6,30,14,4,-6,-25,-6,2,-10,31,8,7
33.8800,-3,-24,-5,0,-2,31,9,8,-5,-28,-6,0,-5,24,3,4,-5,-25,-8,2,-11,27,9,17,1,-22,-11,3,-10,29,2,8,-4,-25,-8,-2,-5,33,7,10,-1,-25,-7,2,-9,27,8,7,-3,-25,-8,11,-5,31,11,9,-3,-25,-7,4,-4,32,14,8
33.9000,-6,-24,-8,4,-1,29,8,4,-3,-23,-5,3,-4,26,7,5,-4,-31,-11,6,-11,27,8,14,-3,-19,-9,1,-8,32,-4,6,0,-25,-7,1,-8,32,13,11,-2,-25,-6,0,-11,32,8,11,-6,-26,-8,14,-9,27,7,5,-5,-26,-13,1,-11,29,12,7
33.9200,-1,-27,-6,-1,-4,30,7,8,-8,-28,-8,4,-6,22,13,9,-4,-26,-5,3,-12,30,8,15,-5,-23,-8,5,-7,30,3,5,-1,-29,-7,-2,-6,34,11,5,3,-28,-14,11,-12,26,10,10,-5,-28,-11,10,-7,29,10,8,-5,-24,-6,7,-11,27,7,7
33.9400,-7,-23,-7,4,-6,32,10,8,-7,-23,-7,2,-2,19,11,8,-4,-24,-7,2,-12,34,13,15,0,-22,-5,0,-8,28,1,8,-2,-31,-6,5,-8,31,5,9,4,-23,-13,2,-10,30,8,10,-4,-26,-10,10,-5,31,11,9,-5,-23,-10,1,-10,32,10,6
33.9600,-3,-22,-7,0,-1,25,12,9,-3,-27,-7,3,-4,22,11,7,-9,-25,-5,6,-11,31,11,12,-5,-23,-9,1,-7,27,1,5,-4,-25,-10,1,-5,30,8,7,-2,-27,-7,2,-11,31,10,9,-4,-28,-6,10,-5,32,11,3,-4,-26,-9,1,-10,28,16,8
33.9800,-3,-23,-7,2,-4,28,11,9,-6,-22,-4,0,-9,20,4,13,-5,-25,-9,4,-11,30,8,17,-5,-24,-7,4,-7,29,1,9,-6,-27,-13,3,-5,27,8,6,1,-25,-8,3,-13,29,8,12,-4,-24,-8,8,-6,30,9,5,-4,-26,-13,2,-12,31,9,9
34.0000,-7,-24,-6,3,-5,30,12,3,-5,-22,-12,0,-10,21,12,7,-4,-27,-8,3,-13,28,10,13,-7,-25,-9,2,-10,30,-2,4,-3,-27,-11,3,-5,30,9,5,-2,-26,-8,5,-14,30,11,11,-5,-26,-9,7,-11,31,10,4,-3,-25,-8,4,-9,31,10,5
34.0200,-2,-21,-7,1,-4,29,11,6,-1,-22,-10,3,-5,24,10,6,-5,-30,-10,6,-10,26,10,12,1,-21,-8,1,-7,29,-3,4,-2,-30,-10,0,-7,29,10,11,3,-29,-7,0,-12,27,10,9,-7,-28,-11,8,-11,29,9,7,-4,-25,-10,2,-11,28,7,8
34.0400,-2,-24,-13,2,1,30,10,7,-4,-26,-13,5,-10,20,12,8,-6,-25,-6,5,-7,32,11,17,-2,-23,-6,1,-7,30,0,6,-2,-25,-12,5,-10,29,10,8,1,-30,-5,4,-15,27,10,12,-2,-26,-13,6,-11,32,12,5,0,-25,-7,1,-5,33,7,7
34.0600,-5,-21,-7,5,-4,32,6,9,-5,-29,-11,2,-9,19,8,6,-3,-26,-9,0,-11,32,13,17,2,-23,-4,2,-11,28,4,5,-4,-27,-13,-2,-12,30,7,5,2,-26,-5,2,-9,32,10,6,-7,-25,-8,8,-10,32,5,9,-8,-19,-6,7,-15,30,9,12
34.0800,-6,-21,-9,3,0,29,8,5,0,-26,-5,1,-5,23,7,7,-3,-33,-10,2,-10,32,12,17,1,-21,-10,1,-4,30,0,5,-3,-28,-8,3,-10,30,7,8,-5,-29,-9,4,-9,30,10,7,-4,-23,-12,7,-13,31,10,3,-5,-26,-10,-1,-9,30,12,7
34.1000,-1,-19,-9,3,1,28,12,9,-7,-27,-11,4,-8,18,13,4,-3,-26,-6,4,-8,33,11,18,2,-24,-9,-2,-7,28,-2,5,-1,-27,-13,4,-7,35,10,3,2,-32,-10,6,-13,31,12,6,-3,-28,-4,7,-7,27,11,3,-5,-23,-9,-3,-11,28,8,8
34.1200,-1,-19,-7,1,-2,33,7,4,-4,-25,-13,1,-6,22,12,5,-8,-27,-9,3,-8,28,7,17,-1,-19,-11,2,-8,31,-2,7,-4,-24,-12,3,-5,30,10,5,-3,-25,-8,0,-16,29,9,7,-7,-22,-10,6,-6,32,8,11,-2,-23,-9,1,-10,33,9,3
34.1400,-2,-22,-8,0,-4,29,10,9,0,-25,0,2,-2,24,13,6,-6,-27,-10,0,-12,32,11,18,-3,-23,-11,-1,-10,27,1,6,-5,-27,-11,1,-6,31,9,7,0,-27,-9,7,-12,31,9,6,-6,-25,-12,5,-8,32,10,4,-5,-25,-10,2,-10,32,6,5
34.1600,-2,-20,-10,-3,-2,29,8,8,-5,-25,-9,-2,-8,23,9,1,-7,-25,-5,3,-9,34,13,20,-5,-24,-14,6,-4,31,-3,6,0,-28,-11,6,-3,25,9,12,4,-26,-7,2,-13,32,7,11,-6,-29,-11,6,-4,29,12,8,2,-24,-10,5,-11,32,11,5
34.1800,-2,-20,-8,7,-3,33,16,11,-3,-29,-7,0,-6,20,7,4,-7,-25,-11,-1,-10,31,10,17,-6,-24,-15,5,-11,29,1,6,-5,-29,-6,5,-7,29,9,5,0,-28,-7,1,-9,29,9,7,-4,-31,-12,7,-8,28,11,6,-5,-29,-9,-2,-11,30,7,9
34.2000,-3,-22,-7,5,-1,29,10,2,2,-28,-6,2,-5,21,9,3,-1,-26,-6,1,-6,33,13,19,-2,-18,-9,3,-10,28,0,6,-3,-24,-11,0,-4,32,8,5,-3,-26,-10,9,-10,27,5,7,-1,-25,-11,9,-10,27,9,9,-6,-20,-10,1,-6,33,9,9
34.2200,-3,-23,-7,3,-2,29,11,6,-2,-25,-8,3,-8,23,5,4,-1,-29,-9,0,-8,33,9,17,-4,-24,-11,0,-6,29,-2,6,-1,-28,-10,1,-7,32,7,2,5,-26,-8,5,-10,29,7,9,-4,-27,-14,9,-7,30,13,8,0,-24,-9,4,-5,28,8,6
34.2400,2,-19,-10,3,-4,27,12,13,-5,-26,-10,1,-8,23,7,4,-8,-28,-11,2,-8,29,9,13,-2,-22,-5,3,-7,28,2,11,-4,-23,-8,4,-7,34,7,8,-1,-28,-9,2,-8,28,10,8,-3,-25,-9,7,-8,31,8,7,-1,-27,-8,1,-8,29,6,8
34.2600,-6,-21,-7,5,-2,30,7,8,-3,-24,-6,2,-6,21,9,5,-4,-26,-9,0,-8,30,10,13,-2,-26,-9,6,-4,31,1,6,-1,-31,-4,-1,-7,32,2,6,3,-29,-11,0,-14,28,6,10,-5,-28,-9,9,-5,32,7,5,-2,-27,-11,0,-4,35,4,8
34.2800,-4,-24,-11,0,-4,29,11,6,-2,-28,-7,5,-6,27,9,6,-5,-28,-13,1,-11,32,7,18,-4,-28,-11,4,-6,32,-3,7,-1,-28,-10,-2,-7,28,8,5,3,-28,-9,3,-8,29,5,7,0,-26,-9,6,-9,31,9,6,-2,-24,-10,3,-9,32,9,7
34.3000,-2,-16,-13,4,3,29,10,10,-6,-24,-12,1,-3,22,9,7,-2,-29,-11,2,-10,31,6,16,-1,-27,-10,7,-4,27,7,6,-6,-24,-14,5,-5,28,7,8,3,-23,-10,0,-9,31,10,7,-4,-26,-12,5,-4,33,7,3,-6,-22,-9,0,-7,27,14,6
34.3200,-1,-23,-10,-1,-8,32,10,7,0,-24,-10,6,-3,23,11,7,-6,-30,-9,4,-12,33,9,15,-2,-24,-9,2,-6,26,1,4,-3,-26,-10,7,-3,31,10,11,4,-28,-5,3,-14,31,10,4,-1,-25,-13,8,-6,32,11,8,-7,-27,-12,2,-6,32,9,6
34.3400,0,-19,-8,1,-5,27,10,8,1,-27,-10,7,-7,27,9,6,-6,-28,-12,3,-13,31,13,15,2,-27,-11,0,-10,26,-2,8,3,-30,-9,3,-8,32,10,7,4,-27,-8,4,-12,28,9,9,-3,-26,-8,8,-5,35,11,9,-2,-22,-11,-4,-11,33,6,10
34.3600,-2,-24,-14,0,-2,30,13,2,-6,-28,-7,4,-6,24,8,6,-5,-29,-9,2,-10,34,12,16,-4,-29,-13,2,-8,28,-2,5,-2,-28,-7,3,-8,30,8,4,-4,-26,-10,1,-12,31,12,9,1,-25,-9,7,-6,31,8,7,-1,-22,-13,-3,-9,31,6,8
34.3800,-4,-18,-9,1,-1,33,14,5,-2,-26,-11,6,-7,21,8,4,-5,-27,-12,2,-9,32,12,16,1,-27,-9,-1,-8,29,1,8,-1,-28,-7,1,-7,29,10,6,-7,-24,-10,0,-9,28,8,8,-1,-26,-17,8,-7,31,10,12,0,-28,-11,3,-7,32,6,9
34.4000,-3,-19,-6,4,-3,33,9,6,-5,-26,-11,1,-9,22,7,3,-6,-26,-10,4,-6,32,13,14,-3,-24,-7,3,-5,25,-1,5,-3,-26,-7,3,-5,31,7,6,3,-29,-10,3,-8,33,10,4,-4,-24,-9,4,-4,28,11,4,0,-25,-14,0,-7,25,9,6
34.4200,0,-24,-13,-2,-2,26,12,8,-3,-26,-12,3,-6,19,6,8,-9,-28,-13,2,-10,30,9,15,-2,-26,-11,0,-8,27,4,7,0,-30,-16,4,-13,35,7,2,-2,-26,-12,2,-12,33,11,9,-2,-27,-11,6,-10,33,12,5,-1,-25,-12,6,-9,33,8,0
34.4400,-3,-27,-6,5,-2,33,11,7,-4,-24,-12,5,-5,24,8,3,-3,-33,-11,3,-10,33,11,16,-4,-22,-12,3,-6,27,3,8,-1,-28,-4,2,-10,31,13,9,2,-25,-11,4,-11,28,9,10,-3,-26,-11,11,-10,27,12,5,-3,-24,-12,0,-5,29,11,2
34.4600,-4,-21,-9,1,-1,32,13,7,0,-25,-10,0,-7,18,7,4,-5,-30,-7,-2,-6,29,10,16,-2,-23,-9,1,-7,27,-1,3,-5,-24,-9,2,-4,28,14,7,0,-29,-10,4,-12,29,9,5,-2,-25,-11,10,-9,29,7,8,-3,-25,-9,-2,-15,33,8,9
34.4800,-7,-22,-9,0,1,33,12,5,-1,-24,-9,5,-4,21,9,4,-6,-26,-11,3,-8,31,13,13,2,-22,-12,1,-7,28,-3,4,-3,-29,-12,2,-5,28,12,9,-1,-31,-12,0,-15,24,11,11,-2,-22,-8,9,-6,28,7,3,-1,-29,-11,2,-11,29,9,4
34.5000,-3,-23,-9,0,-1,29,14,8,-2,-24,-10,2,-4,21,9,5,0,-23,-14,2,-7,38,13,18,-2,-23,-9,6,-12,27,-2,4,-5,-27,-10,4,-7,32,10,8,1,-27,-10,0,-8,31,11,9,-1,-24,-7,7,-4,26,7,4,-3,-27,-12,1,-8,29,15,6
34.5200,-1,-18,-8,0,-5,29,13,7,-8,-25,-9,1,-4,21,7,4,-5,-29,-13,5,-11,28,9,16,-1,-27,-10,4,-8,29,2,6,-3,-28,-11,4,-10,30,11,3,1,-24,-11,4,-13,31,8,10,-2,-24,-12,7,-10,26,11,5,3,-30,-11,-2,-5,29,9,9
34.5400,-2,-19,-12,2,2,29,14,8,-6,-26,-10,5,-5,25,8,5,-3,-29,-11,7,-8,36,9,17,-2,-24,-9,4,-6,33,2,5,1,-24,-15,4,-5,30,5,7,3,-28,-11,-1,-14,30,7,9,-2,-26,-11,9,-6,27,6,6,-4,-22,-11,-3,-6,32,9,8
34.5600,-2,-21,-7,0,2,23,9,6,-4,-27,-11,4,-7,23,10,5,-3,-29,-10,3,-8,33,11,16,-6,-26,-10,0,-8,28,-5,8,-6,-31,-15,-1,-8,34,9,6,3,-25,-9,5,-9,31,9,8,-3,-26,-13,12,-10,31,9,5,-1,-30,-12,1,-6,28,11,10
34.5800,-3,-23,-8,2,-1,31,12,9,-2,-23,-11,1,-5,23,6,9,-6,-30,-9,4,-8,32,12,15,-1,-21,-11,1,-4,31,-1,5,-2,-27,-11,2,-9,36,5,6,-6,-29,-10,1,-11,30,12,9,-2,-25,-15,15,-6,30,8,4,-4,-22,-15,-1,-9,30,12,8
34.6000,2,-21,-11,-2,-2,27,8,8,-3,-30,-14,3,-5,23,6,7,-7,-24,-11,2,-6,32,11,16,2,-22,-10,4,-12,32,-5,6,-3,-28,-13,0,-10,23,8,11,-1,-24,-6,0,-7,29,9,7,-4,-27,-8,9,-8,29,10,7,-2,-23,-7,5,-7,30,6,3
34.6200,-6,-23,-9,-1,2,29,12,6,-5,-23,-11,2,-5,22,9,2,-7,-24,-12,5,-8,32,8,19,-3,-26,-14,5,-12,28,-3,6,-5,-28,-12,0,-5,35,5,6,2,-29,-10,4,-11,26,10,12,0,-26,-8,11,-8,29,11,6,0,-25,-9,1,-14,30,11,5
34.6400,-1,-24,-12,2,-3,33,10,8,-4,-22,-10,3,-6,26,10,4,-6,-27,-11,0,-3,30,7,18,1,-24,-10,2,-11,25,2,11,-3,-28,-14,3,-8,29,10,7,-1,-28,-9,-1,-8,31,11,8,-2,-25,-13,9,-9,28,9,9,2,-25,-14,4,-12,27,9,5
34.6600,-2,-24,-12,1,-1,33,10,13,1,-24,-12,-1,-6,21,9,6,-5,-29,-7,-1,-5,31,14,17,0,-25,-9,5,-13,26,-1,9,-1,-29,-14,2,-5,32,6,9,2,-27,-10,1,-8,28,9,5,-6,-21,-11,13,-7,30,10,6,-4,-26,-12,2,-7,31,8,6
34.6800,2,-21,-15,3,2,33,14,7,-4,-25,-9,0,-8,20,6,4,-6,-25,-9,1,-11,32,13,16,-1,-24,-11,1,-6,26,-4,3,-2,-30,-15,7,-10,30,9,5,3,-23,-13,-2,-14,27,8,8,-4,-29,-10,10,-9,33,9,6,0,-32,-10,0,-7,29,8,6
34.7000,0,-23,-10,3,-3,31,12,6,-3,-25,-13,0,-5,23,10,8,-1,-31,-10,2,-6,27,16,16,-1,-24,-8,7,-6,28,-4,4,2,-29,-10,3,-7,28,8,6,-3,-27,-8,1,-13,34,9,7,-5,-26,-13,10,-5,32,10,6,-1,-24,-13,1,-12,28,8,3
34.7200,0,-25,-12,2,1,26,10,6,1,-29,-12,6,-7,23,9,7,-5,-25,-15,0,-11,32,15,17,-3,-24,-10,0,-11,28,4,5,-6,-27,-13,3,-8,28,10,4,-2,-30,-11,2,-12,27,10,8,0,-29,-16,9,-6,30,8,7,-1,-28,-8,1,-9,33,12,6
34.7400,-3,-21,-13,-1,-1,30,12,8,-5,-24,-11,1,-8,21,4,4,-3,-27,-12,4,-9,28,13,16,-2,-23,-13,0,-11,30,1,3,0,-29,-12,6,-2,30,10,6,1,-22,-12,1,-17,34,9,8,-2,-25,-13,8,-8,28,11,10,-2,-25,-10,2,-8,29,8,9
34.7600,3,-20,-16,2,-1,33,7,12,-2,-25,-14,5,-6,23,9,5,-4,-27,-14,2,-6,35,12,19,-4,-27,-14,-1,-8,26,-1,10,-2,-26,-12,2,-6,33,7,7,5,-30,-16,2,-12,29,5,12,2,-21,-11,7,-10,27,9,6,3,-22,-9,5,-7,31,8,7
34.7800,-3,-23,-12,3,0,33,13,4,-3,-23,-9,1,-6,23,11,0,-4,-24,-8,2,-9,33,10,19,-5,-28,-16,-2,-9,26,0,7,1,-24,-12,2,-6,32,7,-1,1,-32,-13,3,-8,27,6,3,-5,-24,-11,7,-6,28,5,2,-4,-27,-10,5,-6,29,9,3
34.8000,1,-22,-11,0,-4,29,10,7,-3,-25,-9,0,-1,22,11,5,-2,-25,-9,4,-9,28,4,16,0,-24,-12,2,-7,26,1,9,-1,-29,-14,0,-5,32,10,3,4,-27,-10,5,-12,31,12,5,5,-28,-12,9,-11,27,12,6,-1,-23,-10,1,-5,26,10,4
34.8200,0,-21,-11,2,1,28,11,3,0,-26,-13,-4,-4,19,8,4,-8,-32,-4,4,-9,29,11,16,-4,-24,-12,0,-7,26,0,9,1,-25,-15,2,-6,35,8,2,3,-27,-11,3,-7,29,8,8,-3,-26,-12,8,-8,29,14,7,-2,-25,-8,1,-8,27,13,5
34.8400,-5,-20,-16,2,-2,30,9,7,-4,-25,-11,0,-6,19,8,6,-5,-29,-13,3,-6,33,9,14,0,-27,-9,1,-9,25,0,11,-2,-23,-9,3,-4,29,12,4,4,-33,-13,2,-7,32,11,11,0,-32,-14,12,-8,33,14,10,-2,-27,-13,2,-6,29,14,5
34.8600,0,-20,-10,-2,-4,27,11,5,-6,-27,-12,-1,-5,23,6,4,-7,-26,-17,2,-6,32,16,15,3,-28,-10,4,-11,24,-1,6,2,-26,-11,4,-6,29,12,1,2,-30,-11,0,-8,32,9,4,0,-23,-16,8,-10,28,10,8,-3,-26,-13,0,-10,29,10,5
34.8800,0,-22,-15,1,2,29,9,7,0,-32,-12,1,-3,19,7,7,-4,-31,-9,-2,-4,29,10,15,1,-29,-11,1,-8,23,-4,7,-4,-24,-10,4,-7,30,8,8,5,-32,-12,2,-10,28,9,8,-2,-25,-15,8,-5,33,10,6,-1,-23,-11,1,-6,27,10,9
34.9000,-3,-27,-11,-1,-2,32,12,8,-4,-23,-12,-2,-8,20,7,3,-6,-27,-13,1,-7,31,5,20,-1,-26,-11,2,-6,28,1,7,0,-26,-12,2,-4,29,9,8,4,-26,-16,3,-15,28,9,8,-1,-31,-14,12,-6,30,10,9,-2,-23,-11,-1,-4,22,6,5
34.9200,1,-22,-13,3,3,27,15,5,-6,-24,-13,1,-9,22,7,0,-2,-19,-16,3,-7,33,9,23,-4,-28,-13,0,-8,30,4,8,0,-28,-14,-3,-9,35,9,5,3,-29,-13,3,-10,33,9,11,-5,-27,-16,9,-7,29,16,8,-4,-27,-14,6,-9,31,13,9
34.9400,3,-21,-11,2,-4,30,9,9,-1,-27,-10,0,-6,19,6,8,-6,-28,-13,6,-6,32,11,17,2,-21,-8,5,-8,27,-1,3,-5,-28,-16,1,-8,34,10,8,1,-28,-12,-2,-14,29,11,9,-3,-21,-13,11,-8,26,8,5,-3,-27,-15,3,-7,29,9,7
34.9600,-2,-21,-16,0,-3,27,14,9,-3,-25,-10,1,-5,20,7,1,-3,-25,-14,3,-6,27,13,20,2,-25,-14,1,-4,30,-1,6,1,-22,-9,0,-6,33,8,4,1,-31,-12,1,-10,31,8,9,-2,-28,-18,11,-5,32,10,10,-3,-24,-10,-1,-7,28,7,2
34.9800,-4,-22,-14,3,0,33,11,8,-6,-28,-15,4,-5,21,7,5,0,-26,-12,2,-6,33,12,20,-5,-29,-11,1,-6,27,1,8,1,-29,-11,-2,-4,32,12,5,1,-30,-15,5,-8,32,10,7,-1,-26,-13,10,-7,29,14,1,2,-23,-16,3,-11,33,12,-1
35.0000,-2,-23,-10,4,-4,29,10,8,-3,-32,-11,-3,-2,18,9,-2,-5,-30,-11,3,-7,30,12,17,2,-29,-18,2,-7,25,2,6,0,-27,-14,5,-8,27,10,6,-4,-30,-12,2,-6,28,7,9,-5,-23,-13,9,-11,30,14,5,2,-24,-14,-5,-8,31,4,5
35.0200,-1,-23,-13,0,-2,27,12,7,-2,-27,-9,2,-9,19,1,2,-1,-29,-14,4,-8,29,14,24,-1,-28,-13,1,-11,28,1,9,-1,-31,-12,4,-5,30,9,4,3,-31,-15,1,-9,28,9,9,-6,-26,-14,10,-5,29,8,6,-3,-25,-13,1,-5,28,10,2
35.0400,3,-19,-13,5,1,27,12,6,0,-27,-12,4,-5,20,7,2,-3,-27,-14,-1,-4,30,9,22,-2,-29,-12,3,-10,29,2,6,-3,-28,-9,0,-8,32,10,5,1,-26,-12,-1,-11,29,6,9,0,-22,-16,7,-8,26,9,5,-2,-24,-10,3,-5,33,8,5
35.0600,2,-17,-10,4,-1,28,11,7,1,-26,-11,1,-6,20,9,3,-3,-26,-15,6,-5,32,13,16,-1,-26,-14,6,-10,29,-4,10,-2,-31,-16,-1,-7,27,11,10,-1,-26,-13,2,-10,28,7,3,-3,-31,-11,11,-3,29,10,4,3,-25,-13,2,-8,33,9,7
35.0800,1,-22,-14,-2,2,28,12,11,-1,-28,-10,-2,-6,20,7,2,-3,-30,-14,4,-8,33,8,18,-5,-27,-16,1,-8,26,-1,9,-1,-32,-12,2,-6,27,12,5,0,-29,-7,3,-7,28,8,9,-2,-27,-17,13,-6,30,13,7,-9,-26,-13,-2,-6,29,15,6
35.1000,-1,-21,-17,1,2,32,14,9,-1,-24,-15,5,-3,23,1,4,1,-29,-12,0,-7,25,10,18,-7,-31,-14,-3,-12,26,-1,6,1,-28,-16,7,-3,32,12,9,7,-29,-12,1,-6,30,9,8,0,-24,-13,4,-4,29,11,9,-2,-24,-13,1,-10,29,12,9
35.1200,0,-23,-11,0,4,31,13,6,0,-23,-13,5,-4,18,10,3,-3,-27,-12,0,-4,34,11,17,-5,-29,-12,0,-10,25,2,9,1,-29,-16,2,-4,25,7,4,2,-29,-13,-1,-9,30,9,6,-7,-29,-13,10,-7,28,8,7,1,-22,-12,0,-4,27,8,8
35.1400,0,-21,-16,0,3,30,10,10,1,-28,-8,1,-5,21,5,3,-6,-26,-15,0,-10,32,13,18,1,-30,-15,5,-6,27,2,7,-1,-29,-13,1,-2,30,11,8,-1,-29,-10,0,-13,28,8,8,-6,-24,-13,12,-8,30,4,8,1,-30,-17,0,-8,29,13,8
35.1600,4,-24,-13,0,0,34,14,6,-1,-25,-16,-1,1,21,8,7,-1,-29,-14,2,-5,29,10,18,2,-27,-11,2,-10,24,-4,3,-4,-33,-17,4,-7,30,12,8,-2,-29,-15,2,-8,26,10,9,-4,-21,-16,7,-6,27,6,9,-4,-23,-16,-1,-7,25,9,1
35.1800,-3,-21,-11,1,2,30,14,4,-3,-22,-12,7,-3,19,8,6,-4,-27,-13,6,-5,33,11,19,1,-28,-14,2,-10,30,1,5,0,-27,-17,5,-1,27,10,5,-1,-30,-16,6,-14,32,8,6,1,-26,-14,7,-8,26,11,6,0,-23,-13,1,-8,29,7,8
35.2000,-2,-23,-16,0,5,28,12,10,3,-30,-16,0,-4,22,7,4,-1,-28,-8,2,-7,33,9,17,-5,-27,-15,3,-12,22,0,3,0,-29,-14,5,-8,26,5,6,0,-30,-13,3,-10,26,7,11,-2,-26,-11,10,-6,25,10,7,-1,-26,-12,0,-7,29,10,6
35.2200,-2,-21,-11,0,4,28,11,12,2,-28,-11,2,-8,20,9,1,-3,-31,-10,0,-3,29,10,16,-2,-28,-14,3,-14,30,-4,1,-4,-25,-12,4,-6,28,11,6,2,-29,-11,2,-11,30,11,4,4,-27,-19,5,-6,27,10,7,2,-24,-16,1,-6,27,10,6
35.2400,-3,-22,-17,4,2,25,17,9,0,-27,-14,4,-3,21,8,5,-4,-31,-14,4,-3,29,13,19,-8,-30,-12,1,-10,25,0,10,0,-29,-13,1,-7,28,9,4,3,-27,-17,1,-11,31,4,5,-1,-24,-13,6,-7,28,11,9,-2,-31,-13,0,-4,30,11,11
35.2600,-4,-22,-10,0,-1,29,13,8,-1,-28,-13,-3,-9,21,5,4,-1,-29,-14,6,-4,31,9,16,-2,-29,-17,1,-6,25,0,6,2,-27,-11,5,-7,26,10,3,4,-28,-21,3,-8,27,9,11,0,-24,-18,15,-7,31,5,9,-3,-22,-15,-1,-8,31,11,8
35.2800,-1,-26,-15,1,-3,24,11,5,-2,-29,-12,0,-2,23,10,3,-6,-29,-12,2,-5,32,6,19,2,-28,-15,3,-5,21,3,5,-1,-28,-18,1,-7,23,13,3,2,-27,-14,4,-7,28,7,7,3,-25,-18,6,-7,33,11,8,0,-26,-17,-2,-4,26,9,9
35.3000,-3,-25,-13,-2,3,31,13,7,-2,-27,-15,1,-7,17,7,5,-4,-36,-13,2,-5,28,9,17,0,-32,-13,4,-12,26,6,4,3,-27,-14,2,-5,33,11,8,3,-25,-15,5,-6,28,10,4,-4,-25,-17,14,-4,26,10,4,-1,-26,-16,2,-3,28,10,7
35.3200,1,-24,-13,2,-2,32,15,8,-3,-23,-12,0,-3,17,5,0,-4,-30,-14,4,-6,31,11,19,-1,-27,-14,3,-7,26,3,4,1,-27,-14,6,-9,28,12,2,4,-27,-12,0,-10,32,7,9,1,-26,-15,6,-9,30,10,9,0,-26,-15,-1,-6,29,8,8
35.3400,-3,-23,-13,-1,0,26,11,5,-1,-25,-11,2,-8,20,14,3,-7,-29,-12,-1,-8,32,9,13,-3,-28,-11,5,-6,24,1,9,1,-27,-17,4,-5,31,10,3,2,-28,-14,3,-8,31,7,10,-1,-27,-17,13,-7,29,9,7,1,-24,-11,3,-4,28,16,5
35.3600,-1,-23,-14,2,7,31,11,6,1,-24,-14,0,-10,23,5,3,-2,-29,-13,2,0,34,12,21,-2,-29,-10,1,-8,27,4,7,0,-29,-18,1,-3,28,10,7,0,-28,-14,3,-9,27,9,11,-2,-27,-14,14,-7,27,12,5,-2,-29,-13,-1,-5,32,10,0
35.3800,-1,-24,-14,3,3,25,12,7,-3,-26,-11,2,-2,18,7,2,-5,-28,-12,0,-8,31,16,21,1,-26,-12,4,-15,24,2,5,3,-27,-13,3,-3,29,12,8,2,-30,-11,2,-5,27,6,7,-2,-24,-14,11,-10,28,8,2,-1,-23,-15,3,-8,29,11,4
35.4000,-2,-22,-11,1,-2,29,17,9,2,-26,-14,1,-6,18,7,3,-1,-27,-18,-1,-6,35,10,14,-1,-25,-16,4,-9,26,-1,1,-2,-24,-14,2,-4,28,10,4,-1,-29,-17,0,-7,30,4,6,1,-26,-11,8,-8,29,13,3,2,-24,-14,2,-5,32,9,5
35.4200,2,-23,-12,2,-1,28,13,8,-4,-24,-11,3,-6,23,3,5,-3,-27,-14,-1,-1,35,13,18,1,-28,-15,-1,-9,23,4,6,-3,-25,-12,-1,-4,27,8,8,6,-28,-12,0,-14,27,10,10,0,-31,-15,8,-7,29,9,5,-3,-27,-17,-1,-4,32,9,7
35.4400,-1,-22,-15,-3,1,26,10,6,2,-27,-16,0,-7,22,7,1,-6,-28,-11,2,-5,27,12,19,-1,-28,-13,-2,-7,28,0,6,-1,-25,-15,1,-5,29,6,6,4,-33,-14,3,-10,32,13,7,3,-26,-18,10,-9,29,11,6,-2,-29,-13,2,-5,30,12,8
35.4600,-6,-19,-12,3,2,29,14,7,-2,-30,-14,1,-8,21,4,3,-5,-31,-14,5,-6,32,10,19,1,-28,-19,2,-2,23,-1,8,-1,-25,-18,-1,-5,25,11,6,2,-30,-15,3,-11,27,8,8,1,-24,-15,13,-5,31,11,3,-8,-23,-17,-2,-5,33,12,10
35.4800,1,-27,-15,1,-1,31,18,7,-2,-26,-14,2,-5,17,8,10,-7,-28,-17,-2,-7,32,15,18,0,-28,-11,1,-9,23,-4,8,-1,-26,-14,-2,-4,30,11,13,3,-29,-15,1,-7,27,9,6,1,-24,-16,13,-5,30,12,3,1,-24,-15,-2,-8,30,10,4
35.5000,-1,-23,-16,6,1,28,10,5,0,-25,-20,3,-4,19,9,1,0,-25,-14,0,-4,33,12,17,0,-28,-12,0,-6,26,0,6,-2,-25,-16,4,-8,31,16,5,3,-27,-15,3,-11,28,6,2,-5,-25,-13,12,-6,27,11,6,1,-22,-12,2,-7,29,10,12
35.5200,0,-18,-12,-2,1,27,13,7,-4,-26,-14,5,-2,16,6,5,-6,-29,-15,0,1,30,9,21,-2,-25,-18,1,-9,23,1,9,2,-26,-11,-2,-5,30,8,3,4,-27,-13,2,-5,28,7,10,4,-28,-16,12,-5,27,10,2,3,-24,-11,-5,-6,29,10,9
35.5400,1,-25,-18,2,5,32,14,8,0,-27,-17,5,-5,20,10,2,0,-24,-12,2,-1,27,10,22,-4,-29,-14,-1,-9,27,-2,9,-1,-24,-15,6,-4,27,12,8,2,-26,-10,2,-5,31,9,7,-1,-28,-14,12,-6,30,8,9,-4,-28,-9,-1,-10,29,13,9
35.5600,-1,-26,-18,3,4,32,9,10,-3,-26,-11,-1,-6,19,7,4,0,-27,-18,2,-5,30,11,19,-1,-31,-14,-1,-6,26,-5,6,2,-30,-12,2,-6,27,9,7,1,-30,-19,0,-10,30,9,11,-3,-24,-16,8,-7,31,7,7,0,-25,-17,0,-8,26,12,6
35.5800,3,-25,-11,1,5,27,15,10,0,-27,-14,1,-4,18,6,5,-4,-23,-11,0,-4,32,11,20,-1,-33,-16,-3,-3,24,-2,7,3,-27,-12,5,-2,29,11,4,2,-29,-12,0,-12,28,5,8,0,-21,-15,12,-5,27,8,7,3,-24,-9,0,-6,30,9,11
35.6000,3,-25,-10,0,1,27,13,10,-1,-28,-12,-2,-6,21,1,0,-2,-29,-15,0,-7,33,8,24,-1,-25,-16,3,-9,27,-8,8,-2,-26,-10,5,-10,30,11,6,-1,-33,-15,3,-8,30,7,14,-1,-26,-11,11,-5,30,10,7,-5,-29,-9,3,-6,28,9,7
35.6200,1,-25,-13,2,1,26,13,9,-1,-24,-13,-2,-4,23,9,4,-5,-25,-15,-2,-1,31,10,23,0,-29,-11,0,-7,27,1,8,-3,-24,-11,6,-5,30,7,7,7,-32,-14,2,-8,29,6,8,-1,-29,-18,10,-6,25,8,9,1,-23,-11,1,-6,27,7,7
35.6400,4,-27,-11,-1,3,27,14,7,-4,-30,-12,4,-2,20,7,-2,-1,-21,-11,-1,-4,28,8,18,0,-27,-12,-1,-6,21,-3,5,3,-25,-17,-3,-5,31,10,7,4,-29,-16,3,-11,32,6,6,2,-29,-15,9,-7,27,11,8,2,-26,-19,-2,-6,25,10,5
35.6600,-3,-27,-14,2,-1,27,14,9,-2,-25,-18,-1,-4,20,8,1,-2,-23,-16,1,-3,33,11,16,-3,-32,-17,2,-6,21,-1,13,-3,-22,-16,3,0,27,7,8,2,-29,-13,3,-11,28,4,9,2,-29,-14,10,-7,30,11,7,1,-26,-19,0,-7,24,13,7
35.6800,3,-24,-14,1,1,28,13,9,1,-22,-15,1,-4,17,7,7,-4,-25,-11,5,-4,25,15,21,-4,-30,-13,0,-7,24,-3,2,3,-28,-14,1,-4,30,10,8,2,-30,-14,1,-10,27,7,7,-2,-28,-22,13,-7,26,9,9,4,-26,-15,1,-8,27,13,2
35.7000,-1,-24,-13,4,5,30,16,5,-2,-25,-12,1,-6,20,8,6,-1,-21,-12,5,0,26,11,14,0,-30,-12,4,-6,26,1,10,2,-25,-13,-2,-6,26,14,8,4,-32,-14,1,-9,28,5,7,3,-24,-19,13,-6,28,10,9,-3,-29,-15,1,-5,31,6,4
35.7200,2,-28,-16,3,7,27,15,6,-1,-23,-15,4,-8,18,8,1,2,-24,-18,0,-7,30,14,15,2,-26,-15,1,-5,25,2,8,-3,-26,-13,0,-1,28,15,5,0,-34,-14,1,-6,27,7,6,6,-22,-19,11,-6,23,11,8,1,-26,-20,-2,-8,27,7,6
35.7400,1,-24,-10,-1,3,28,17,9,3,-25,-17,3,-5,21,10,6,-4,-29,-12,2,-5,29,10,20,-1,-27,-15,-3,-7,25,-1,7,4,-21,-14,2,-2,30,8,5,-1,-29,-13,4,-5,27,9,3,-3,-25,-18,13,-11,29,12,6,1,-29,-16,-1,-3,30,13,6
35.7600,0,-24,-16,0,6,34,13,5,-2,-30,-15,2,-5,18,7,5,0,-29,-14,1,-7,28,17,20,-1,-29,-16,1,-5,26,-3,7,2,-27,-13,1,-3,27,7,9,1,-32,-15,2,-12,27,7,7,0,-27,-16,14,-5,28,12,11,2,-28,-16,-1,-3,29,9,6
35.7800,-4,-20,-19,4,2,29,14,8,-2,-28,-12,-1,-1,19,3,6,0,-26,-13,3,-4,30,10,18,2,-30,-21,-3,-6,24,3,6,3,-30,-16,-3,-3,32,11,6,3,-32,-16,4,-8,28,6,6,-2,-25,-13,11,-3,31,6,10,0,-21,-17,-1,-1,26,8,6
35.8000,-3,-26,-16,-1,0,30,13,8,2,-23,-13,-2,-7,16,6,6,1,-26,-17,1,-1,31,14,20,6,-27,-15,7,-9,24,-2,5,2,-24,-14,3,-5,27,6,8,2,-33,-15,2,-6,29,8,6,1,-22,-14,13,-5,25,10,9,3,-28,-12,3,-4,26,9,5
35.8200,-3,-22,-13,2,5,24,14,13,3,-25,-15,-1,0,24,10,2,4,-23,-16,4,-6,26,14,18,-2,-25,-18,3,-8,25,0,5,-1,-24,-12,1,-6,27,11,5,5,-27,-20,3,-8,29,5,8,3,-28,-17,12,-4,29,13,13,2,-26,-15,2,-3,28,7,10
35.8400,0,-23,-16,0,3,24,12,11,2,-27,-12,-3,0,18,6,5,-5,-25,-16,0,-7,25,9,17,1,-27,-15,-1,-7,24,2,8,2,-26,-13,3,-9,29,11,6,2,-29,-17,5,-7,27,6,15,1,-27,-18,17,0,31,11,7,-1,-26,-15,-4,-6,28,7,8
35.8600,-1,-22,-16,0,4,29,14,9,1,-29,-17,1,-2,16,10,8,-1,-27,-11,5,-3,30,14,19,2,-24,-15,2,-3,20,-5,8,-3,-30,-16,3,-6,29,11,12,1,-32,-15,-3,-6,29,4,4,-1,-24,-16,8,-7,25,16,7,2,-27,-14,-3,-6,29,10,8
35.8800,-1,-22,-19,-2,9,27,16,9,0,-22,-16,1,1,19,7,6,-3,-30,-15,0,-6,33,14,20,2,-24,-19,5,-6,27,-6,8,2,-30,-14,0,-4,27,9,8,2,-29,-11,4,-3,27,7,8,0,-25,-17,16,-7,26,9,3,0,-24,-16,-1,-5,27,10,9
35.9000,3,-25,-15,0,0,27,14,7,0,-23,-15,0,-3,17,8,4,-5,-27,-15,-1,-3,31,14,21,0,-28,-17,-1,-6,27,0,3,2,-25,-19,-1,-2,26,8,9,5,-30,-14,5,-5,25,4,6,-3,-24,-16,12,-8,30,11,8,-2,-26,-15,-1,-9,32,10,9
35.9200,1,-26,-13,-1,5,30,18,15,2,-25,-13,2,-9,17,5,2,-3,-30,-14,0,-6,31,15,18,2,-28,-17,-1,-11,27,-2,8,8,-29,-15,1,-2,30,11,9,2,-31,-14,1,-5,30,3,6,0,-25,-21,19,-4,25,6,7,2,-29,-14,-2,-1,28,11,6
35.9400,0,-27,-18,1,5,26,14,9,-1,-25,-17,-1,-10,18,8,6,-4,-29,-12,1,-4,29,10,19,3,-28,-15,1,-8,25,0,6,1,-26,-16,0,-3,30,9,8,2,-32,-19,1,-6,31,7,4,-1,-27,-18,11,-1,26,9,7,2,-26,-18,2,-1,26,7,7
35.9600,1,-27,-18,0,2,30,10,7,3,-24,-16,-3,-6,23,8,8,0,-28,-15,0,-5,26,16,23,0,-27,-14,0,-5,22,-3,4,3,-30,-17,2,-8,27,13,7,4,-26,-16,1,-2,29,8,6,-1,-25,-17,14,-2,26,11,7,-2,-30,-15,1,3,29,10,9
35.9800,-2,-26,-16,2,3,29,15,8,0,-25,-19,-1,-7,13,8,3,-4,-28,-15,0,-3,30,10,19,2,-27,-15,3,-4,22,-3,5,4,-29,-14,2,-4,30,9,8,9,-30,-15,-1,-6,28,9,10,0,-25,-19,12,-8,25,13,4,0,-29,-13,-2,-6,25,14,10
36.0000,-4,-29,-21,5,3,28,17,7,1,-22,-14,3,-1,19,9,5,-6,-31,-14,3,-3,27,12,20,-2,-30,-16,0,-8,26,-2,1,6,-23,-14,1,-5,30,14,10,1,-31,-12,-2,-3,28,4,7,3,-21,-14,13,-6,29,10,2,-2,-26,-12,-2,-5,24,9,8
36.0200,-1,-27,-14,1,0,31,11,8,2,-24,-16,-1,1,18,6,5,2,-25,-19,1,-4,29,12,22,3,-27,-12,1,-8,26,2,3,5,-22,-12,1,-6,29,13,15,3,-32,-21,2,-8,28,6,3,3,-24,-12,10,-5,27,11,5,5,-28,-18,-2,-4,29,16,6
36.0400,-1,-28,-15,1,2,28,15,11,4,-22,-15,0,-5,18,5,5,6,-25,-20,0,-4,28,12,17,1,-30,-19,6,-8,27,0,7,3,-22,-15,0,-6,25,13,5,5,-29,-14,5,-4,30,7,4,2,-26,-19,12,-3,28,7,5,1,-24,-11,4,-1,26,10,8
36.0600,-1,-26,-16,-1,3,31,16,10,2,-26,-15,2,-2,19,11,2,1,-25,-22,1,-3,33,9,16,-1,-30,-16,1,-9,23,2,9,7,-25,-16,-1,-1,28,15,7,4,-29,-16,8,-7,24,8,2,0,-24,-20,12,-5,26,13,7,5,-27,-17,0,-5,26,11,7
36.0800,-5,-25,-13,-2,6,26,16,8,3,-27,-19,-4,-7,18,5,5,-4,-24,-15,-1,-5,33,9,20,1,-26,-16,3,-9,22,-2,6,7,-28,-16,-1,-2,27,11,5,5,-27,-17,-2,-4,35,7,11,-1,-26,-13,18,-6,24,10,6,3,-22,-17,-1,-5,29,11,5
36.1000,2,-27,-20,0,2,27,14,9,1,-22,-18,2,-6,16,11,6,-1,-26,-14,0,-3,30,9,21,1,-29,-11,1,-6,26,2,10,6,-26,-16,4,-1,31,10,8,4,-31,-10,0,-5,30,5,10,5,-28,-16,14,-2,26,10,4,1,-26,-16,3,-6,22,9,9
36.1200,-5,-29,-17,0,0,34,15,9,-2,-23,-14,4,-8,17,9,7,7,-24,-15,4,-4,28,10,20,0,-24,-16,-1,-8,27,0,5,7,-24,-17,-1,-8,28,11,11,2,-29,-17,4,-4,27,7,0,3,-27,-14,14,-3,28,12,8,-2,-26,-15,4,-6,30,12,9
36.1400,0,-23,-15,1,2,29,14,11,-2,-23,-18,2,-4,20,11,5,1,-26,-16,5,-1,29,10,16,-1,-30,-16,-3,-6,27,0,7,1,-27,-18,0,-6,26,11,2,6,-32,-16,-1,-4,31,6,6,2,-26,-19,13,-5,28,9,4,1,-28,-15,1,-4,27,11,6
36.1600,-1,-24,-13,-1,3,26,16,10,1,-25,-17,-1,0,21,4,5,3,-22,-12,3,-1,32,17,19,1,-29,-16,0,-3,21,1,6,1,-25,-15,2,0,32,10,5,7,-29,-15,-1,-6,31,8,3,4,-25,-21,14,-2,29,13,10,2,-24,-15,-3,-7,26,12,10
36.1800,2,-32,-21,2,6,29,14,9,0,-28,-15,-1,-2,19,8,3,-1,-25,-16,-1,-6,28,13,18,-1,-28,-18,0,-6,24,-1,3,5,-26,-15,-2,-5,29,9,8,5,-31,-16,1,-6,30,6,4,-1,-23,-16,15,-5,30,15,8,-2,-24,-20,-1,-5,31,12,6
36.2000,1,-24,-19,5,4,33,11,8,2,-24,-16,-4,-2,19,6,4,3,-29,-16,3,-3,32,13,17,4,-28,-15,2,-6,23,0,7,6,-23,-16,-1,-6,30,14,8,4,-32,-16,-3,-6,26,4,7,1,-32,-15,12,-5,29,8,6,0,-31,-17,-2,-4,27,10,8
36.2200,2,-31,-14,0,1,33,17,9,-1,-27,-16,-2,-3,19,4,2,-1,-21,-14,-1,-2,27,11,18,-2,-28,-14,0,-6,23,-2,7,4,-25,-16,1,-6,27,10,9,1,-36,-20,3,-6,29,7,5,1,-21,-24,10,-9,30,11,4,2,-29,-16,1,-4,26,8,7
36.2400,-2,-33,-17,2,9,26,15,10,5,-23,-18,-1,-5,18,5,2,4,-29,-12,0,-3,32,16,21,-1,-27,-18,3,-6,26,-1,5,4,-28,-12,1,-1,30,14,8,3,-32,-15,-2,-4,28,4,5,1,-25,-20,13,-8,25,12,7,2,-27,-14,1,-4,28,8,6
36.2600,6,-29,-16,6,-2,25,17,12,2,-18,-16,-1,-2,20,10,7,0,-28,-14,-3,-1,30,12,15,4,-23,-17,-1,-6,26,-2,8,7,-30,-12,-1,-4,27,15,5,7,-32,-19,3,-1,31,6,10,0,-26,-18,11,-3,28,13,3,0,-28,-19,-2,0,28,9,2
36.2800,0,-28,-17,0,5,28,13,8,1,-23,-23,2,-4,20,8,3,-2,-22,-18,0,-2,32,11,19,2,-28,-15,-2,-6,22,1,9,6,-25,-17,3,-5,26,10,11,3,-31,-18,-1,-1,28,5,3,5,-25,-16,14,-2,30,15,8,5,-27,-14,-1,-4,27,10,10
36.3000,1,-27,-17,3,5,31,16,11,-4,-26,-16,1,-8,17,10,5,1,-26,-15,3,-2,29,6,21,0,-31,-15,4,-3,27,-3,7,8,-29,-19,1,-2,29,9,7,3,-30,-19,-2,-2,28,6,6,3,-27,-23,12,-4,30,10,8,6,-24,-17,-2,-2,29,8,10
36.3200,1,-26,-15,-3,4,27,17,9,1,-26,-12,1,-6,18,9,3,-4,-27,-17,2,-4,29,16,18,-1,-25,-14,-1,-10,23,-2,3,9,-27,-15,2,-3,25,11,12,10,-27,-19,0,-3,30,12,5,0,-27,-24,8,-2,29,11,9,6,-26,-19,-5,-5,31,11,8
36.3400,1,-25,-17,2,5,29,18,7,5,-23,-15,-2,-3,20,6,4,1,-31,-14,4,-2,29,15,16,2,-29,-15,1,-7,26,1,9,6,-24,-17,2,-5,29,13,5,2,-29,-19,4,-4,28,9,7,1,-20,-20,13,-6,27,10,10,4,-30,-22,-4,-2,22,7,8
36.3600,-3,-29,-18,0,4,29,13,8,4,-28,-20,0,-3,19,5,5,1,-28,-20,0,-3,27,14,20,1,-29,-18,-2,-4,24,-4,5,6,-22,-17,2,-7,30,14,9,0,-31,-17,1,1,28,6,6,-1,-29,-17,15,-6,28,10,5,2,-24,-18,-5,-2,33,8,5
36.3800,-2,-28,-16,4,1,28,11,8,3,-24,-21,-6,-2,16,10,5,4,-26,-14,-2,1,29,10,21,-1,-28,-16,1,-6,23,-4,9,8,-25,-14,-2,-7,28,11,9,0,-35,-17,-6,-5,25,9,9,3,-24,-17,16,-2,28,15,10,4,-30,-16,-3,-5,23,12,7
36.4000,1,-27,-22,-3,1,30,13,12,2,-26,-19,0,-5,17,9,3,-1,-22,-14,1,-1,27,15,19,3,-30,-11,-1,-8,25,1,5,9,-25,-19,2,-4,29,14,8,5,-33,-15,6,-2,27,7,8,-2,-25,-20,12,-5,30,11,8,0,-24,-16,1,-6,29,12,11
36.4200,2,-26,-19,-4,6,27,18,6,7,-26,-16,5,-7,23,7,3,6,-23,-22,-1,-2,28,8,21,4,-28,-16,-1,-4,26,-4,3,4,-29,-20,2,-6,25,10,10,-1,-29,-16,-2,-8,27,9,8,0,-28,-18,13,-2,27,12,6,-1,-29,-21,-6,-4,27,14,7
36.4400,2,-24,-18,1,3,31,14,10,1,-24,-14,0,-2,18,9,5,-1,-18,-19,5,-3,30,12,19,3,-29,-15,1,-7,28,1,9,6,-29,-15,0,-10,25,10,10,5,-28,-18,-3,-1,28,9,6,1,-26,-19,13,-8,33,14,9,4,-26,-22,-4,-7,26,11,8
36.4600,2,-24,-17,2,2,30,16,11,4,-23,-14,-4,-4,18,8,4,2,-27,-15,-1,-6,29,11,19,-1,-28,-12,-1,-9,22,1,11,8,-26,-16,-1,-4,32,13,9,2,-32,-15,-2,-6,26,8,5,2,-25,-18,17,-2,30,11,7,6,-27,-14,-1,-5,28,8,8
36.4800,1,-25,-15,3,6,30,19,11,-1,-25,-21,2,-4,17,7,9,0,-27,-19,-2,-2,26,9,16,1,-26,-13,0,-3,26,0,7,4,-24,-19,-1,-1,26,9,7,1,-33,-17,-3,-3,24,7,4,5,-26,-14,16,-3,30,11,6,0,-23,-15,1,-4,25,11,7
36.5000,-3,-28,-17,2,2,29,14,6,1,-25,-16,-2,-6,20,10,8,2,-25,-16,-1,-3,30,12,16,3,-34,-17,1,-8,24,1,9,6,-23,-14,-1,-3,30,9,8,7,-32,-13,2,-1,24,8,5,0,-27,-16,16,-3,26,10,7,3,-21,-16,-3,-4,26,14,11
36.5200,0,-30,-18,0,5,30,11,13,5,-25,-18,-6,-4,22,10,7,4,-29,-20,-1,-1,27,13,19,-1,-30,-16,8,-5,20,0,12,6,-27,-17,-2,-8,28,10,10,0,-32,-15,1,1,26,7,4,4,-21,-18,15,-5,27,14,7,3,-25,-16,-3,-3,33,11,7
36.5400,4,-30,-17,-1,5,28,15,11,2,-26,-18,-4,-1,18,9,4,-1,-22,-21,-3,1,30,8,17,1,-27,-16,2,-6,25,1,10,6,-27,-13,3,-7,26,11,11,3,-28,-14,3,-1,29,9,3,3,-19,-18,16,-4,26,11,6,-2,-28,-16,1,-1,25,10,8
36.5600,1,-26,-18,-2,8,31,14,12,1,-25,-13,-1,4,19,12,6,5,-27,-20,-1,-4,31,14,15,1,-33,-18,-1,-8,24,-2,6,11,-25,-16,2,-2,26,10,8,3,-33,-13,1,-1,29,7,5,1,-26,-24,10,-7,24,9,5,2,-28,-16,2,-1,27,11,7
36.5800,0,-25,-16,1,7,29,18,7,0,-25,-20,-2,-6,21,6,7,1,-27,-15,1,-1,30,11,21,6,-27,-15,2,-3,22,3,10,5,-23,-21,3,-2,27,15,7,4,-32,-13,5,4,28,5,5,2,-25,-14,14,-2,26,12,5,3,-29,-17,-2,-3,23,11,5
36.6000,3,-26,-18,5,3,26,14,10,1,-24,-14,2,-2,20,7,7,4,-24,-20,3,1,34,9,19,3,-30,-17,1,-3,26,0,12,9,-23,-19,-1,-3,27,13,12,6,-36,-17,2,-2,25,7,8,6,-26,-21,10,-1,29,11,8,4,-27,-18,0,-7,25,13,9
36.6200,1,-31,-15,0,9,26,8,11,3,-24,-17,-1,1,19,9,7,5,-24,-14,3,2,28,16,20,3,-25,-20,-1,-7,27,3,8,10,-25,-17,-3,-3,26,8,8,2,-32,-19,-2,1,28,11,9,1,-26,-22,16,0,25,12,7,-2,-24,-14,0,1,29,12,7
36.6400,-1,-27,-17,1,7,26,15,12,2,-29,-18,5,-3,17,8,0,8,-21,-18,1,-2,28,14,20,-4,-27,-15,0,-6,24,0,7,10,-25,-15,-2,0,28,11,9,8,-30,-19,0,1,29,6,6,7,-23,-17,18,-2,30,14,8,1,-25,-17,-1,2,27,12,8
36.6600,1,-30,-20,0,3,31,15,11,3,-26,-16,-1,0,18,7,9,-2,-20,-21,1,0,27,16,14,6,-29,-16,-1,-5,23,2,10,9,-25,-17,0,-4,25,14,15,6,-36,-15,2,0,31,10,7,-2,-27,-19,14,-1,29,8,9,0,-26,-18,4,-3,25,9,13
36.6800,1,-27,-12,3,8,27,14,11,3,-24,-18,2,1,18,11,4,-1,-26,-20,2,1,29,13,19,3,-25,-22,2,1,23,0,8,7,-23,-18,1,3,22,8,8,3,-32,-18,2,-1,25,12,7,6,-31,-18,18,-6,28,10,8,1,-26,-16,-4,-3,28,12,4
36.7000,1,-26,-16,1,6,30,17,7,4,-21,-18,0,3,19,9,6,2,-28,-16,6,3,28,17,16,2,-27,-15,3,1,25,2,11,6,-26,-21,7,-2,30,12,8,4,-30,-16,0,-4,31,2,7,3,-24,-20,14,-1,27,11,11,2,-27,-14,-2,-2,26,15,5
36.7200,5,-30,-22,-1,2,30,11,7,3,-25,-18,1,-1,19,5,6,2,-24,-17,1,0,32,12,16,-1,-29,-20,-1,-4,25,-3,3,9,-28,-24,0,-6,27,14,11,8,-33,-20,3,-1,29,9,6,5,-23,-19,19,-1,24,13,5,2,-22,-15,0,-6,32,10,7
36.7400,4,-29,-20,-5,8,27,15,12,1,-22,-22,-1,-5,17,8,1,3,-26,-17,-1,-1,31,11,19,2,-32,-18,-2,-6,27,-2,11,8,-22,-17,3,-6,25,10,9,7,-24,-19,1,5,30,8,3,4,-24,-18,15,-1,26,10,10,0,-32,-18,0,-4,25,13,9
36.7600,-2,-31,-16,2,1,31,13,13,1,-25,-17,3,-2,20,10,0,2,-22,-18,1,-3,30,13,18,5,-28,-19,0,-5,25,-3,10,11,-27,-19,-2,-5,25,15,12,3,-36,-17,1,6,28,7,6,1,-25,-21,18,-4,30,9,7,1,-24,-21,-2,-5,25,16,7
36.7800,3,-28,-19,0,6,29,11,9,4,-22,-17,-3,2,17,8,8,0,-28,-19,1,-2,33,11,20,3,-24,-17,2,-3,25,1,11,8,-24,-20,-3,-3,31,11,6,6,-31,-18,-5,1,26,10,8,0,-27,-19,18,-3,25,9,12,4,-25,-18,1,-6,24,14,9
36.8000,3,-29,-21,3,10,28,17,10,4,-19,-21,2,3,16,11,3,1,-29,-15,1,0,28,10,18,4,-29,-19,0,-8,26,1,12,8,-29,-16,3,-5,24,16,10,7,-33,-21,-2,-2,32,7,6,7,-28,-21,16,-3,28,11,7,6,-26,-20,5,-3,31,15,8
36.8200,-3,-29,-21,2,6,25,16,10,5,-21,-19,5,-1,15,6,5,4,-26,-17,-2,-1,29,13,15,-1,-29,-23,2,-7,27,-3,11,7,-24,-18,-3,-5,26,8,11,1,-31,-20,0,0,25,8,6,2,-30,-20,14,-1,28,12,10,0,-26,-18,-2,-5,30,16,11
36.8400,5,-27,-16,3,8,26,18,12,6,-24,-22,-1,-2,20,12,12,1,-22,-20,0,1,24,8,19,2,-29,-22,0,-8,30,-1,6,6,-25,-14,0,-6,23,10,13,5,-38,-16,0,1,28,8,8,6,-30,-20,19,-4,30,13,2,6,-27,-18,-2,-5,32,7,10
36.8600,5,-27,-20,-1,3,31,17,10,1,-28,-16,-1,-3,16,17,10,-2,-30,-16,-1,1,29,12,16,1,-25,-16,-2,-3,27,4,7,8,-20,-16,-1,-8,28,12,12,6,-32,-18,-2,1,29,10,8,4,-30,-13,20,-2,26,7,5,2,-28,-20,-2,-4,25,10,9
36.8800,-2,-30,-16,4,4,28,15,12,1,-25,-16,-5,-1,16,11,7,8,-26,-18,0,2,27,17,15,2,-27,-20,-1,-4,27,2,4,14,-25,-17,3,-1,30,13,13,-1,-32,-21,3,1,27,8,9,11,-26,-13,18,-4,27,15,8,3,-22,-16,2,-1,28,8,9
36.9000,-2,-33,-14,0,7,27,9,5,9,-26,-18,4,0,16,7,5,6,-28,-19,0,2,22,16,16,2,-32,-18,3,0,26,1,7,11,-28,-14,5,-4,30,10,11,3,-33,-22,1,6,28,8,9,-2,-27,-14,15,-2,27,15,10,2,-26,-15,-4,-5,26,12,8
36.9200,2,-32,-20,3,6,28,15,15,5,-26,-14,0,-6,21,9,5,3,-24,-15,1,-2,24,17,19,-1,-27,-17,-1,-5,26,0,10,12,-25,-17,0,-7,26,10,10,5,-34,-17,4,2,28,9,12,2,-25,-16,16,1,29,12,6,5,-30,-14,4,-2,27,6,9
36.9400,-2,-31,-16,0,5,30,12,14,7,-26,-21,2,1,22,16,2,3,-28,-17,3,1,24,16,18,4,-27,-20,0,-6,27,-1,7,12,-24,-21,3,-5,24,14,10,5,-33,-18,1,3,28,8,5,2,-22,-16,15,-1,27,10,13,3,-26,-16,-1,0,28,11,6
36.9600,-2,-30,-23,3,5,27,13,10,5,-22,-21,1,-3,16,9,5,4,-26,-15,-2,-1,29,13,16,2,-31,-18,-2,-4,23,-2,12,11,-28,-18,-2,-4,29,12,11,8,-37,-18,1,2,33,13,5,3,-25,-19,12,-5,25,11,9,4,-24,-17,-2,2,25,12,9
36.9800,1,-28,-12,-4,2,29,15,10,2,-20,-19,0,0,15,9,4,6,-24,-16,-3,-1,25,16,17,-1,-26,-17,-4,1,23,3,11,9,-26,-14,2,-4,24,14,14,2,-33,-20,2,0,28,10,6,7,-28,-17,12,-2,27,12,10,7,-26,-20,4,-1,25,8,8
37.0000,2,-29,-18,0,5,29,18,13,2,-27,-21,2,-5,18,8,5,4,-25,-19,2,1,32,14,17,4,-30,-18,1,2,24,3,9,7,-23,-19,-2,-8,27,10,14,2,-31,-20,0,-3,26,8,6,0,-27,-18,14,-1,27,12,9,0,-28,-16,2,0,29,9,9
37.0200,3,-29,-18,-1,9,28,11,11,1,-22,-19,-2,-6,15,13,7,1,-24,-17,1,0,28,12,19,4,-28,-17,-2,-4,23,2,7,7,-28,-17,0,-7,22,8,10,3,-32,-20,3,0,28,6,5,4,-23,-17,16,-2,27,12,7,6,-24,-19,-1,-5,30,13,11
37.0400,2,-29,-16,-4,6,26,13,10,6,-23,-15,1,-3,16,8,6,1,-26,-18,0,-3,25,14,18,6,-26,-16,4,-2,25,1,6,6,-26,-17,0,-4,24,12,10,6,-33,-17,1,7,27,4,7,3,-28,-20,16,-2,28,11,11,-1,-29,-17,-4,-1,29,14,9
37.0600,1,-28,-12,3,7,34,13,13,5,-21,-23,0,1,17,11,15,6,-22,-17,-2,4,28,15,19,1,-30,-17,0,0,26,5,8,11,-21,-19,3,-9,23,11,8,3,-33,-24,1,0,32,13,10,3,-22,-23,17,-5,32,13,11,0,-28,-17,-6,-3,26,10,14
37.0800,5,-26,-17,0,7,24,20,13,4,-23,-20,1,-2,15,11,10,7,-26,-18,-1,1,25,13,21,6,-28,-21,2,-3,24,2,13,10,-26,-13,-1,-4,24,10,11,5,-29,-19,-2,3,26,11,7,2,-24,-16,14,-1,28,15,9,-1,-22,-17,-3,-1,26,12,7
37.1000,1,-30,-17,-4,7,28,17,13,4,-29,-21,-5,-3,16,7,8,0,-27,-19,3,0,25,11,21,3,-23,-16,0,-2,25,-4,10,9,-27,-16,-2,-5,29,11,12,7,-35,-17,1,3,27,4,9,5,-23,-13,19,-3,29,15,6,6,-24,-19,-1,-2,29,11,8
37.1200,4,-32,-16,-2,2,30,18,15,1,-26,-20,-1,-5,16,8,11,1,-21,-17,2,2,26,11,19,3,-24,-20,4,-3,23,0,11,13,-28,-18,1,0,30,8,11,2,-32,-22,0,3,27,4,13,5,-26,-18,12,-2,24,12,5,3,-25,-17,0,-3,25,11,9
37.1400,0,-29,-18,3,3,31,12,7,4,-22,-19,-2,1,14,10,9,2,-23,-16,3,1,30,17,18,8,-26,-17,6,-2,22,6,10,7,-26,-18,-2,-3,27,12,10,5,-33,-16,-1,2,30,10,10,2,-27,-16,14,0,29,12,10,6,-26,-17,-1,0,26,10,9
37.1600,6,-32,-17,-3,4,28,11,13,1,-21,-21,0,0,21,9,6,-1,-26,-21,3,-1,29,14,16,6,-29,-18,0,-2,23,3,4,7,-24,-23,2,-3,26,19,15,2,-39,-19,-2,6,33,7,5,5,-29,-18,18,0,31,11,10,4,-29,-15,-3,0,31,12,13
37.1800,0,-32,-18,2,8,27,17,8,3,-21,-20,0,-1,16,9,5,8,-24,-24,0,0,27,10,19,0,-29,-16,0,-4,22,0,14,9,-22,-18,4,-1,29,12,15,4,-31,-20,2,5,30,12,3,4,-22,-19,16,1,25,10,8,5,-23,-17,5,2,29,10,11
37.2000,5,-32,-20,2,10,25,17,11,5,-27,-19,-3,-2,19,11,4,3,-27,-21,1,1,28,10,22,0,-32,-20,-1,0,20,0,9,11,-24,-19,-1,-6,27,11,11,6,-33,-21,-4,0,30,8,7,7,-23,-19,18,2,23,12,10,3,-24,-15,1,-4,23,12,14
37.2200,4,-34,-18,-4,4,31,20,14,6,-25,-16,2,-5,19,8,5,3,-29,-16,1,4,23,10,15,5,-30,-20,-5,-1,24,1,6,11,-27,-18,1,-3,25,14,13,7,-34,-15,-1,2,27,5,8,2,-28,-17,14,0,24,13,9,2,-20,-18,-3,-3,28,13,8
37.2400,3,-33,-21,1,6,25,18,10,1,-27,-22,-6,-5,17,12,7,3,-22,-22,0,-2,24,13,17,3,-31,-21,-1,0,21,-1,12,8,-25,-18,3,-2,28,8,13,3,-35,-19,1,6,31,4,4,4,-28,-17,17,-3,19,8,6,1,-30,-18,-4,0,28,17,4
37.2600,3,-25,-17,1,4,31,13,13,2,-21,-15,0,0,18,8,3,6,-24,-20,1,2,31,13,20,4,-26,-16,2,0,24,2,9,11,-26,-17,0,-1,27,9,12,3,-28,-22,2,4,24,13,6,3,-28,-17,16,0,23,16,9,4,-27,-17,-1,-4,23,8,12
37.2800,4,-31,-21,-1,5,24,11,14,6,-26,-19,0,-3,18,7,4,9,-25,-18,3,2,26,13,19,8,-30,-14,5,0,22,-2,6,12,-24,-22,-1,-3,28,12,8,1,-32,-21,3,-1,31,8,8,3,-31,-18,16,0,26,6,11,1,-25,-19,-4,2,27,10,9
37.3000,9,-32,-15,3,5,31,15,8,7,-24,-19,1,2,20,10,11,6,-27,-20,1,-2,29,13,15,5,-27,-19,1,-3,20,-4,6,10,-23,-15,-2,0,25,13,7,5,-34,-19,-2,3,29,8,6,-1,-28,-15,15,0,30,11,13,3,-29,-20,-4,-3,26,9,7
37.3200,5,-28,-20,0,4,26,12,14,3,-25,-21,0,-1,21,11,9,5,-21,-14,-2,3,27,13,18,4,-26,-18,5,-2,25,0,9,11,-24,-16,0,0,27,11,13,3,-32,-18,5,1,27,11,7,3,-25,-18,16,1,27,14,8,8,-25,-18,-1,-2,31,12,8
37.3400,1,-30,-24,1,4,25,13,12,5,-24,-15,-2,-1,18,11,13,5,-23,-19,5,2,27,15,20,8,-25,-14,2,-3,28,5,10,8,-27,-14,-2,-2,28,9,14,6,-31,-18,-4,4,24,10,7,4,-25,-19,17,-2,27,16,8,0,-25,-18,3,-1,28,12,9
37.3600,5,-33,-16,-2,8,28,14,12,6,-26,-15,-6,4,20,11,9,8,-26,-18,1,3,28,11,20,7,-27,-16,-2,-2,27,3,13,13,-25,-21,1,-3,26,11,16,6,-35,-18,1,5,27,8,10,4,-25,-19,16,0,29,12,10,3,-27,-17,2,-1,26,14,13
37.3800,8,-32,-19,-2,5,29,16,14,7,-26,-15,-3,-1,19,13,9,5,-26,-16,1,0,26,13,16,3,-25,-23,1,4,25,-1,9,13,-25,-17,-1,-5,23,14,10,3,-34,-19,2,3,26,7,9,7,-26,-19,22,4,26,15,13,6,-27,-22,2,0,24,13,9
37.4000,3,-31,-19,-2,9,25,12,10,10,-25,-15,-1,0,19,8,8,5,-30,-21,1,2,23,11,16,8,-29,-22,4,-1,25,5,12,12,-21,-19,-4,-2,25,15,12,5,-34,-21,-2,4,32,7,6,2,-25,-18,16,1,28,10,11,3,-26,-24,-3,0,25,13,7
37.4200,6,-30,-14,2,8,31,11,7,9,-24,-16,2,1,16,13,7,5,-26,-17,0,2,31,10,19,6,-33,-15,1,-3,27,-2,10,8,-26,-17,3,-2,22,10,17,8,-37,-23,-3,5,28,10,8,5,-26,-18,15,0,29,11,8,6,-28,-23,-2,-2,28,11,11
37.4400,4,-28,-17,2,5,31,17,12,6,-21,-20,-1,-2,18,7,10,4,-23,-20,-2,1,26,12,15,3,-31,-16,2,-2,25,4,9,11,-29,-18,1,-2,27,13,10,7,-34,-21,-3,6,26,10,6,4,-24,-18,18,-4,26,14,9,4,-25,-18,-3,-2,33,14,12
37.4600,-1,-31,-16,4,3,25,13,9,7,-25,-19,-3,3,19,14,10,6,-26,-18,3,1,32,10,17,9,-23,-18,-2,2,26,2,11,13,-25,-19,-1,-2,26,10,13,9,-34,-20,-1,5,30,9,7,4,-24,-23,19,-1,27,15,9,4,-27,-17,2,-3,24,10,8
37.4800,2,-32,-15,2,6,28,14,10,6,-26,-17,-5,0,18,10,4,7,-22,-20,-1,5,28,13,19,5,-26,-18,2,-5,24,5,10,16,-25,-16,-4,-4,23,13,14,2,-36,-17,-1,5,29,7,6,4,-25,-19,19,-2,28,12,10,9,-27,-18,0,0,26,10,13
37.5000,1,-33,-16,1,7,32,14,12,4,-29,-17,0,-3,18,14,7,4,-23,-15,-1,2,23,15,22,8,-30,-18,2,1,21,2,7,11,-27,-19,0,-1,26,9,13,6,-33,-21,5,5,31,11,9,5,-29,-24,16,-3,26,15,13,1,-26,-19,0,2,31,13,10
37.5200,1,-33,-18,-2,6,31,15,17,8,-23,-19,-2,-2,21,8,13,2,-22,-20,3,5,27,13,18,8,-27,-15,0,2,26,2,12,11,-24,-17,1,1,24,13,13,1,-35,-23,3,6,26,12,8,0,-25,-15,17,0,30,14,12,0,-22,-20,1,1,29,13,6
37.5400,3,-33,-19,1,7,29,13,11,3,-22,-16,-1,1,17,9,11,3,-27,-21,3,0,25,18,20,3,-29,-12,1,-1,26,2,13,12,-23,-15,0,2,28,11,15,9,-32,-19,0,5,29,9,6,9,-29,-15,18,2,27,11,13,4,-25,-22,-4,-1,24,10,7
37.5600,2,-33,-21,3,9,34,15,14,3,-26,-19,3,4,19,10,9,11,-25,-19,1,5,28,14,15,2,-24,-19,-4,2,21,8,7,10,-24,-16,1,0,27,14,16,4,-28,-18,2,8,29,8,5,3,-23,-16,18,0,27,12,9,2,-25,-18,0,1,28,11,11
37.5800,7,-29,-16,0,11,32,20,12,4,-23,-18,7,3,19,9,7,6,-21,-18,0,-1,28,13,16,4,-29,-17,-2,0,23,6,12,12,-23,-17,1,-3,23,11,13,6,-29,-19,5,9,28,6,9,1,-25,-18,18,0,28,13,10,7,-25,-19,-2,-3,28,13,9
37.6000,3,-30,-19,2,8,29,15,13,1,-23,-17,0,0,23,10,13,6,-26,-17,-4,4,29,13,19,5,-28,-18,2,-2,27,4,10,15,-25,-17,1,1,24,12,11,6,-38,-17,0,6,24,11,6,-1,-23,-20,16,0,29,10,12,4,-26,-22,1,1,25,15,14
37.6200,8,-37,-20,0,8,30,13,12,8,-22,-19,-1,-1,15,8,6,6,-28,-18,3,2,31,14,17,6,-30,-18,-4,2,23,3,7,12,-24,-15,-2,2,27,12,11,4,-32,-21,0,2,28,10,6,3,-26,-22,17,1,27,11,8,3,-27,-18,3,0,24,14,13
37.6400,5,-30,-11,0,8,30,11,13,8,-27,-16,0,1,22,14,13,7,-23,-19,1,4,25,14,17,4,-27,-22,2,2,25,1,9,12,-26,-21,3,-6,26,16,15,9,-37,-17,0,6,28,13,8,8,-30,-18,18,-2,28,17,13,10,-26,-19,1,-3,24,12,11
37.6600,1,-31,-19,0,11,26,16,13,5,-25,-26,1,4,18,14,9,6,-26,-19,0,1,27,16,18,3,-29,-20,-2,1,24,4,9,14,-23,-18,-1,-1,29,16,12,3,-32,-21,1,4,23,6,9,6,-27,-20,17,-2,26,9,10,8,-23,-13,4,-2,25,11,9
37.6800,1,-29,-15,-1,9,30,20,13,7,-20,-15,-2,-5,20,13,8,4,-21,-19,2,0,29,16,21,7,-26,-17,4,-2,24,5,14,15,-24,-21,-2,-2,30,13,10,6,-35,-24,-1,3,29,12,12,6,-26,-19,18,2,26,18,11,6,-29,-14,-1,1,27,15,10
37.7000,4,-26,-20,0,8,32,13,17,6,-27,-19,0,2,15,10,8,9,-23,-22,0,4,26,13,16,4,-28,-18,0,1,23,3,10,13,-25,-22,-2,-2,25,15,12,3,-30,-15,-3,1,30,14,5,3,-27,-17,14,-1,23,14,11,2,-27,-17,-1,-2,30,17,4
37.7200,4,-29,-20,-2,8,31,13,16,7,-25,-22,-2,-1,17,14,14,6,-21,-18,0,0,29,14,17,8,-28,-20,2,5,26,6,8,15,-21,-20,-2,-3,25,12,11,5,-32,-20,-2,6,26,7,9,6,-26,-17,15,4,26,12,9,2,-25,-20,2,-2,26,15,10
37.7400,6,-30,-18,-1,5,27,15,11,4,-21,-23,4,0,18,10,15,7,-22,-21,0,0,21,16,19,4,-29,-15,5,3,27,0,12,13,-23,-17,-1,2,27,7,14,5,-33,-18,-2,6,27,11,9,4,-28,-19,20,2,27,14,14,3,-31,-16,1,4,27,12,10
37.7600,3,-34,-17,2,8,33,18,7,2,-25,-19,1,2,23,15,5,10,-24,-18,2,6,26,16,21,1,-25,-19,-1,1,24,2,13,10,-26,-22,2,-3,26,11,13,5,-33,-20,0,3,30,10,12,5,-25,-15,18,1,29,13,10,7,-26,-22,0,0,24,10,6
37.7800,6,-36,-20,6,11,28,19,9,9,-24,-20,2,2,18,11,9,2,-19,-21,0,4,25,11,19,7,-26,-20,-3,5,28,-1,9,11,-27,-22,-1,-2,27,11,12,6,-31,-20,3,8,28,12,9,3,-26,-17,17,0,28,11,8,5,-28,-22,-1,2,28,11,11
37.8000,3,-29,-19,0,8,33,17,14,9,-21,-20,3,-2,13,10,13,7,-24,-18,2,1,28,17,21,4,-29,-15,-2,1,26,2,8,16,-25,-17,1,-3,20,10,12,9,-35,-17,-1,4,30,10,5,6,-27,-23,18,2,27,8,12,5,-28,-16,-1,0,26,11,9
37.8200,1,-34,-17,6,8,27,12,13,8,-24,-20,3,-2,16,8,12,6,-21,-19,0,2,27,18,17,3,-23,-19,0,2,23,3,13,15,-22,-17,-2,3,25,15,14,3,-31,-18,1,5,31,10,3,1,-28,-20,20,2,25,14,12,5,-25,-19,-3,3,24,9,9
37.8400,2,-34,-16,0,6,27,15,8,6,-23,-16,4,0,16,12,15,9,-24,-16,2,5,26,15,17,7,-27,-14,4,-1,27,4,10,12,-23,-18,-1,0,24,11,17,5,-35,-18,1,2,27,10,7,8,-21,-20,17,1,29,11,9,2,-22,-18,0,-1,28,10,14
37.8600,1,-32,-18,0,8,28,15,18,8,-25,-17,-4,0,18,12,12,6,-25,-23,-1,2,23,12,18,5,-26,-18,0,1,26,2,12,14,-21,-16,-1,0,22,12,14,8,-32,-20,2,3,26,14,8,5,-23,-20,14,5,30,16,13,5,-25,-15,-2,-1,25,10,13
37.8800,7,-30,-17,2,8,32,15,15,6,-21,-20,1,2,20,14,11,2,-22,-15,0,3,22,14,17,8,-23,-20,0,-3,23,3,7,17,-27,-18,2,-4,24,18,14,5,-34,-19,-1,8,28,12,9,3,-25,-19,20,-1,27,15,13,1,-26,-19,1,-1,26,16,11
37.9000,6,-34,-18,-3,10,27,8,14,9,-27,-15,5,-5,17,12,10,6,-23,-18,3,3,23,17,18,3,-27,-20,3,0,29,0,12,11,-25,-17,0,-1,25,11,10,6,-31,-17,0,7,29,11,8,-1,-25,-16,18,-1,24,13,11,5,-24,-18,-4,-3,30,15,9
37.9200,5,-28,-22,-3,4,26,12,15,2,-20,-19,2,4,21,12,8,3,-24,-22,1,4,24,11,21,6,-27,-19,-2,3,27,1,10,11,-25,-20,2,2,33,13,17,7,-27,-18,5,4,27,10,7,5,-24,-18,19,-1,30,9,8,3,-29,-18,3,2,32,10,13
37.9400,4,-33,-21,2,7,31,8,12,6,-22,-14,-2,1,19,10,9,8,-25,-20,0,5,24,15,18,8,-23,-21,1,2,27,5,14,16,-26,-18,2,-2,22,17,15,9,-31,-19,-1,5,28,11,13,6,-23,-17,19,1,27,12,11,9,-27,-21,-1,5,31,12,8
37.9600,4,-29,-21,1,10,28,14,14,9,-24,-21,0,1,16,13,11,11,-27,-21,1,4,24,14,17,8,-28,-25,2,5,28,-1,12,13,-26,-19,2,1,24,14,9,6,-32,-20,2,8,30,10,9,3,-24,-18,22,3,30,13,11,6,-27,-17,1,1,27,12,9
37.9800,4,-32,-19,-2,10,30,14,9,7,-20,-17,0,0,18,14,13,7,-20,-17,-1,2,26,12,19,6,-23,-21,-1,4,27,0,13,17,-25,-19,0,1,26,9,19,9,-33,-21,2,11,32,11,7,6,-22,-15,17,2,29,14,10,8,-21,-20,-1,-3,22,16,16
38.0000,1,-29,-23,1,6,29,13,14,10,-24,-23,-1,1,22,14,16,3,-27,-21,0,2,25,20,17,7,-22,-18,-4,2,27,1,11,15,-21,-16,-1,-2,29,13,16,11,-29,-19,1,8,26,13,8,4,-22,-21,16,3,26,13,10,10,-27,-17,-3,1,27,14,14
38.0200,1,-32,-18,-3,6,30,13,14,8,-30,-18,3,3,19,14,15,6,-25,-20,2,5,26,10,21,3,-25,-18,2,5,24,3,12,15,-24,-17,0,1,25,13,11,9,-30,-21,1,5,33,13,13,8,-26,-20,18,1,25,14,13,8,-26,-18,0,-2,27,18,11
38.0400,3,-34,-15,-1,9,32,11,14,5,-24,-18,0,0,16,15,13,5,-23,-21,2,7,26,15,19,7,-27,-22,-7,3,22,0,14,17,-23,-21,0,1,26,14,15,9,-35,-18,2,6,29,15,7,9,-27,-17,19,1,27,12,16,5,-26,-18,-1,5,26,14,12
38.0600,8,-32,-20,-1,8,29,9,13,9,-24,-14,5,3,13,14,12,4,-23,-22,-3,5,23,14,21,8,-25,-19,2,1,22,2,10,13,-25,-21,3,2,27,10,10,8,-34,-20,-2,9,25,9,4,8,-29,-19,19,1,29,17,10,6,-24,-21,3,2,25,9,11
38.0800,6,-27,-18,-1,6,32,17,17,3,-26,-17,0,2,14,10,13,13,-25,-17,1,0,27,13,15,6,-27,-23,2,3,23,1,12,17,-22,-18,2,-1,25,11,13,9,-30,-24,0,8,26,8,12,7,-24,-20,13,5,24,11,13,2,-27,-19,0,2,29,13,12
38.1000,3,-34,-18,-2,10,28,14,14,6,-24,-20,0,4,19,14,15,7,-23,-21,-1,2,24,15,19,9,-23,-22,4,4,23,3,15,17,-24,-18,5,3,20,15,16,6,-33,-19,5,8,28,7,8,4,-28,-14,19,-2,27,12,9,8,-21,-20,-1,0,28,14,15
38.1200,4,-33,-21,1,8,29,14,14,6,-24,-16,-1,6,20,16,19,10,-27,-23,3,1,26,16,18,7,-30,-19,1,-3,25,2,12,16,-23,-17,1,1,24,11,16,8,-32,-17,3,9,31,12,9,7,-28,-17,16,1,28,15,10,2,-25,-18,2,6,23,17,11
38.1400,3,-31,-18,-1,6,28,13,15,8,-28,-20,2,2,20,10,16,7,-27,-18,-1,4,23,12,19,8,-28,-20,-1,1,27,2,9,12,-26,-19,-3,-3,26,15,14,7,-30,-25,1,6,25,12,10,7,-29,-14,17,5,29,11,17,8,-25,-20,-1,-1,25,16,12
38.1600,6,-32,-17,0,13,29,13,12,7,-28,-15,2,0,18,10,13,5,-24,-15,2,1,27,15,23,8,-25,-16,1,1,26,0,10,13,-21,-23,-1,-3,25,10,14,5,-30,-23,1,7,31,13,8,1,-28,-16,24,3,27,15,15,6,-24,-17,0,2,25,18,13
38.1800,3,-30,-19,-2,12,31,11,8,4,-24,-21,2,-1,19,10,15,9,-21,-16,0,3,25,12,20,6,-26,-21,-1,1,30,2,17,16,-25,-19,0,2,29,13,16,10,-31,-19,0,9,30,11,10,8,-29,-20,18,2,29,13,13,7,-27,-16,2,1,31,15,11
38.2000,3,-28,-16,-2,7,28,14,17,8,-22,-21,-1,1,19,17,14,10,-24,-16,3,4,25,12,24,1,-25,-19,0,2,22,7,10,13,-28,-21,0,-3,27,17,13,8,-29,-19,0,11,29,9,16,7,-29,-18,13,3,31,9,11,6,-32,-16,1,3,27,15,14
38.2200,7,-31,-16,1,9,30,14,13,5,-28,-20,-3,-1,20,11,13,16,-20,-21,1,4,27,15,17,6,-29,-19,-4,5,27,3,12,13,-23,-18,1,6,22,14,16,7,-30,-17,-1,9,32,9,8,4,-28,-18,16,3,28,13,13,7,-27,-20,-2,6,28,12,10
38.2400,11,-33,-20,0,8,27,10,14,9,-22,-20,-2,3,18,15,16,6,-24,-20,1,6,25,13,18,11,-24,-22,3,5,26,3,14,14,-25,-21,-3,1,24,12,18,11,-34,-19,3,10,28,14,8,3,-26,-18,16,2,31,14,12,7,-25,-15,-5,3,24,15,8
38.2600,6,-31,-20,-1,5,25,14,15,9,-24,-19,-2,5,16,13,18,7,-23,-17,1,6,24,14,22,9,-31,-20,2,4,24,-2,14,15,-22,-23,1,1,23,11,15,10,-27,-20,5,4,31,12,8,4,-24,-19,18,2,27,14,10,6,-27,-19,-2,3,28,12,9
38.2800,3,-29,-24,0,9,30,14,17,7,-26,-19,-2,5,15,15,13,8,-23,-18,-4,5,25,17,20,6,-23,-16,4,2,26,0,20,14,-24,-17,5,-1,27,9,20,12,-33,-22,3,9,28,8,10,14,-29,-14,18,1,27,15,12,2,-24,-22,-5,4,29,17,9
38.3000,7,-28,-19,2,8,26,12,13,6,-25,-21,-2,2,16,14,14,8,-28,-17,0,5,24,13,21,6,-27,-19,-1,3,26,4,17,12,-26,-20,5,2,26,10,17,9,-32,-21,2,3,29,12,12,11,-29,-17,18,4,25,12,12,9,-24,-17,2,2,27,13,15
38.3200,2,-32,-18,1,6,29,12,14,7,-29,-16,0,1,20,8,11,4,-26,-23,-2,6,21,16,19,8,-28,-21,-1,6,30,4,16,13,-26,-25,-2,1,28,15,14,8,-32,-23,3,10,28,12,7,2,-27,-19,17,-2,28,11,17,8,-27,-19,-7,2,28,8,11
38.3400,10,-32,-16,2,11,29,12,14,7,-23,-22,2,0,19,17,14,6,-23,-17,2,5,30,14,24,9,-27,-18,3,7,26,-1,15,14,-23,-21,2,0,27,14,14,5,-32,-20,0,7,27,8,11,5,-24,-21,16,1,23,18,14,11,-26,-23,-3,4,28,15,13
38.3600,5,-31,-22,2,5,23,15,17,4,-27,-21,0,5,19,13,14,10,-21,-22,0,4,25,14,25,13,-25,-18,1,2,29,0,11,15,-27,-23,0,1,23,14,17,8,-31,-20,4,10,24,8,7,10,-26,-16,17,0,24,15,15,10,-29,-23,-6,2,30,13,9
38.3800,2,-26,-20,1,13,30,16,12,10,-27,-17,3,4,19,12,16,5,-25,-20,0,6,24,12,19,8,-24,-21,5,1,29,1,10,12,-27,-18,1,3,22,14,17,7,-31,-16,2,10,28,11,10,10,-26,-17,16,1,24,15,15,7,-28,-17,2,3,29,12,16
38.4000,7,-29,-17,4,11,28,16,13,9,-26,-19,3,4,15,10,16,6,-19,-19,1,3,26,13,21,7,-25,-19,1,3,26,1,9,15,-23,-21,0,2,25,14,16,6,-35,-22,3,5,24,14,6,11,-25,-18,21,0,27,10,16,9,-27,-17,0,2,26,14,14
38.4200,3,-31,-22,0,5,26,11,18,6,-25,-17,2,0,19,15,16,7,-21,-14,4,5,21,16,19,6,-27,-19,-1,5,29,-1,10,12,-23,-16,3,2,27,11,17,8,-28,-21,-3,7,29,10,8,5,-24,-21,17,3,27,13,15,7,-25,-20,-3,2,22,10,12
38.4400,9,-28,-21,-2,10,29,9,17,10,-23,-21,0,2,18,12,14,8,-20,-20,0,4,24,14,18,6,-26,-18,1,5,25,1,9,15,-29,-24,1,3,27,16,19,8,-36,-19,1,6,26,13,12,9,-23,-19,17,-4,30,10,12,5,-25,-24,3,0,24,13,11
38.4600,7,-28,-18,-1,10,34,19,13,9,-28,-19,0,6,17,12,19,11,-25,-18,1,4,26,14,22,5,-24,-23,5,5,25,3,12,13,-29,-18,1,3,27,13,17,10,-30,-19,2,9,27,13,7,10,-26,-20,12,5,22,11,15,10,-24,-21,1,5,29,12,11
38.4800,5,-30,-20,3,10,28,10,18,10,-24,-21,1,2,16,16,12,8,-24,-20,1,4,24,18,20,7,-25,-19,0,6,27,1,12,14,-28,-20,0,1,28,12,18,7,-30,-16,1,7,30,11,9,9,-24,-19,12,1,25,11,12,9,-28,-20,0,6,26,13,12
38.5000,8,-30,-18,-1,6,32,15,18,5,-24,-21,4,6,16,13,15,6,-22,-18,-1,4,24,13,25,5,-25,-24,3,4,23,3,17,13,-27,-25,4,3,24,14,16,11,-32,-19,3,8,30,13,9,8,-29,-17,13,3,26,11,11,6,-25,-18,-2,5,24,15,15
38.5200,5,-29,-16,-1,12,33,18,15,7,-25,-17,0,3,11,16,14,5,-26,-17,0,6,24,13,21,10,-25,-26,1,6,25,3,17,17,-25,-17,2,5,25,17,19,15,-32,-20,-1,10,30,14,14,8,-25,-19,13,1,28,14,10,7,-24,-22,-1,2,25,16,10
38.5400,6,-35,-17,1,11,25,13,17,8,-28,-18,3,7,19,13,12,10,-22,-19,0,4,24,14,20,9,-23,-22,1,1,25,5,9,20,-27,-16,1,2,23,15,17,7,-28,-21,4,5,28,14,8,9,-29,-16,15,3,29,16,10,6,-26,-18,2,7,24,17,15
38.5600,2,-33,-20,-3,7,32,16,15,8,-24,-15,2,5,17,15,18,9,-22,-21,-2,3,25,12,20,11,-28,-17,3,5,27,2,17,19,-27,-21,1,-1,24,9,16,6,-31,-19,3,9,31,12,9,9,-24,-19,17,3,28,10,10,10,-27,-16,1,5,30,13,10
38.5800,5,-33,-20,-3,11,27,14,16,12,-21,-19,0,2,20,16,13,7,-25,-18,2,-1,28,13,23,8,-29,-17,1,5,25,1,12,15,-23,-18,2,5,26,13,17,7,-30,-21,1,9,27,13,7,10,-27,-18,19,7,26,15,12,6,-28,-22,-4,4,26,15,15
38.6000,4,-28,-15,0,6,30,15,15,7,-26,-21,-5,9,17,11,16,4,-23,-23,0,6,21,12,22,10,-25,-20,0,9,23,0,14,16,-25,-20,1,3,22,12,18,12,-28,-16,1,9,29,17,11,11,-27,-19,18,5,26,12,18,7,-23,-20,-2,0,29,14,11
38.6200,2,-34,-22,0,12,29,16,16,8,-25,-17,4,7,17,13,16,8,-27,-18,2,4,25,14,18,11,-24,-19,0,3,27,7,15,18,-28,-23,-2,2,22,13,16,6,-28,-15,2,1,30,15,8,4,-28,-19,17,4,30,15,12,6,-27,-21,2,-1,28,9,15
38.6400,5,-28,-21,2,9,30,13,16,4,-23,-19,-5,4,21,18,18,6,-24,-19,2,4,23,19,22,7,-26,-19,3,6,26,1,13,19,-23,-19,-4,3,24,17,18,8,-31,-18,3,8,24,13,8,11,-23,-17,16,5,33,11,13,9,-22,-15,2,4,27,14,11
38.6600,7,-26,-20,2,11,28,15,16,12,-28,-21,2,5,19,19,10,6,-24,-16,0,8,24,16,22,11,-26,-20,3,5,26,4,17,17,-26,-23,0,-2,25,17,18,5,-36,-20,-1,7,26,12,13,7,-25,-20,18,2,30,14,11,8,-25,-19,-2,0,29,16,11
38.6800,12,-32,-17,1,9,29,15,17,7,-26,-18,2,3,13,11,14,7,-25,-22,2,5,23,13,15,7,-25,-22,2,8,27,5,13,17,-28,-17,-1,7,26,14,16,8,-34,-18,-1,9,28,9,8,6,-22,-17,18,7,31,14,14,9,-28,-18,3,1,28,14,15
38.7000,4,-29,-23,1,13,29,13,15,5,-28,-20,1,2,17,16,14,11,-22,-18,2,9,25,19,19,11,-22,-17,0,6,28,2,12,18,-24,-19,0,5,30,16,17,9,-34,-22,2,9,27,11,8,9,-25,-17,14,3,25,10,15,7,-28,-17,-1,4,24,17,16
38.7200,4,-29,-21,3,10,30,13,21,5,-21,-20,-1,2,19,15,12,9,-25,-15,2,11,28,16,23,12,-24,-19,0,8,26,3,16,18,-29,-19,0,6,25,11,15,9,-35,-20,4,8,29,13,11,6,-25,-18,16,3,29,19,17,6,-25,-19,-3,8,27,17,14
38.7400,8,-26,-18,0,13,28,16,19,8,-24,-19,1,1,17,15,16,7,-16,-20,2,3,22,18,23,7,-26,-21,-2,5,27,4,11,15,-23,-19,-2,1,25,12,20,13,-33,-17,3,4,26,11,9,11,-26,-21,17,6,26,10,18,8,-25,-20,-1,4,29,15,13
38.7600,9,-28,-19,2,11,30,9,10,9,-24,-21,0,3,17,15,14,12,-22,-21,0,2,26,12,19,8,-23,-19,0,4,24,0,11,14,-29,-17,1,5,27,14,18,13,-30,-17,1,10,24,14,8,8,-25,-21,16,7,25,16,16,5,-25,-17,0,3,27,14,13
38.7800,7,-27,-16,0,12,31,10,19,6,-20,-19,3,5,14,18,17,6,-23,-16,0,3,24,18,21,8,-24,-21,0,4,23,5,17,11,-24,-20,1,4,25,14,19,15,-28,-22,1,6,27,11,9,9,-25,-18,15,6,24,14,17,6,-31,-20,0,-1,26,16,14
38.8000,7,-29,-20,2,19,28,12,13,9,-22,-21,0,6,15,16,17,6,-21,-18,-3,2,22,16,23,11,-28,-22,3,8,29,1,12,20,-22,-20,2,3,28,12,17,7,-35,-21,4,8,29,10,7,8,-25,-19,14,7,24,15,15,10,-23,-19,-3,4,30,11,13
38.8200,9,-31,-18,2,11,29,14,17,6,-27,-19,5,5,17,12,14,14,-24,-20,4,6,24,13,21,10,-26,-17,3,7,30,0,19,14,-28,-19,-1,6,25,14,14,13,-29,-17,2,6,28,14,9,5,-28,-17,15,4,27,12,12,10,-24,-21,-5,0,29,17,15
38.8400,10,-28,-28,2,11,31,11,17,9,-28,-16,2,-3,15,17,14,10,-22,-19,0,4,23,9,22,10,-20,-18,-1,6,28,6,13,21,-23,-18,2,4,25,17,20,10,-32,-16,5,7,28,12,7,3,-28,-14,18,8,31,16,14,11,-25,-17,-3,7,26,11,15
38.8600,5,-28,-24,-2,12,28,14,13,8,-27,-18,-2,3,20,12,12,9,-26,-18,-1,2,26,12,22,7,-23,-20,4,2,26,4,10,16,-21,-18,1,3,28,17,15,11,-30,-15,0,6,26,14,8,6,-26,-19,14,5,28,14,12,12,-26,-23,0,6,23,14,15
38.8800,8,-26,-21,-1,14,29,12,15,6,-24,-20,4,5,19,17,15,8,-19,-20,1,11,23,14,21,10,-26,-11,2,8,26,3,11,15,-28,-19,3,3,27,14,13,13,-29,-17,1,7,30,15,13,14,-23,-20,12,0,29,13,15,5,-24,-20,-3,3,29,16,13
38.9000,7,-32,-22,5,13,31,16,18,10,-23,-20,-2,11,17,12,18,6,-26,-21,5,8,23,13,22,9,-24,-20,-2,6,31,1,15,14,-27,-16,-2,3,24,12,15,8,-35,-15,1,7,30,9,13,10,-26,-19,17,5,28,17,13,10,-25,-17,-1,6,28,10,13
38.9200,9,-28,-19,3,12,28,15,19,8,-23,-22,1,-1,16,16,15,7,-20,-21,1,7,25,15,25,5,-26,-20,-2,7,27,-3,14,17,-25,-22,2,3,24,15,19,12,-28,-16,3,5,26,16,7,6,-24,-18,16,6,27,12,16,10,-25,-22,-1,6,30,15,19
38.9400,6,-29,-22,1,12,28,15,14,8,-22,-16,0,2,22,19,21,5,-26,-18,-2,3,28,13,26,9,-24,-22,-1,9,28,6,11,16,-26,-19,-5,7,23,16,18,11,-28,-19,2,5,28,12,11,7,-23,-20,16,4,26,15,11,13,-28,-20,0,4,28,13,14
38.9600,6,-30,-17,3,14,28,11,17,9,-28,-18,3,2,14,16,14,9,-25,-19,3,8,27,11,23,7,-24,-20,-2,7,23,0,11,17,-29,-20,-2,6,26,16,16,14,-32,-21,3,9,26,8,12,13,-25,-22,15,4,29,18,9,13,-28,-22,-1,3,29,13,15
38.9800,10,-30,-20,1,12,32,14,15,6,-28,-21,0,6,12,10,13,4,-24,-18,3,9,26,17,27,11,-25,-19,-1,6,26,1,12,15,-29,-21,0,6,24,15,21,11,-32,-21,0,7,25,14,12,8,-24,-19,15,6,27,16,16,9,-30,-19,4,9,24,14,14
39.0000,7,-29,-17,3,14,27,14,13,9,-26,-20,3,7,18,16,14,3,-19,-18,5,5,25,14,22,10,-31,-19,-3,6,25,1,14,18,-29,-23,-1,2,27,11,17,17,-34,-23,3,9,27,8,16,6,-25,-18,14,3,25,11,17,8,-24,-17,-1,8,27,14,10
39.0200,8,-29,-20,4,14,29,12,13,6,-29,-20,3,4,20,15,17,12,-23,-16,2,7,24,20,26,6,-25,-20,1,8,24,2,13,17,-26,-23,1,2,25,14,18,9,-27,-22,1,9,26,16,13,9,-28,-17,12,5,23,11,14,8,-26,-16,1,1,33,12,20
39.0400,7,-29,-19,-4,10,32,15,11,12,-30,-19,2,5,22,13,20,11,-24,-22,-1,5,24,14,21,8,-23,-20,-1,7,28,3,13,15,-26,-21,4,5,24,10,15,11,-29,-19,4,9,26,15,15,6,-21,-14,15,6,30,12,13,8,-25,-21,-2,5,33,19,12
39.0600,11,-27,-21,-2,14,31,15,15,8,-28,-21,3,5,16,14,20,6,-23,-17,-1,5,23,8,27,8,-27,-20,2,12,26,3,12,18,-26,-18,0,8,28,11,18,10,-32,-25,0,10,24,11,11,12,-24,-22,13,8,28,13,18,9,-23,-22,1,7,32,15,11
39.0800,6,-28,-21,-2,11,29,17,18,7,-25,-21,-1,2,20,12,19,3,-26,-20,-2,6,22,19,25,10,-24,-20,1,7,27,6,15,16,-29,-21,0,9,25,16,20,16,-32,-23,4,10,27,9,11,10,-25,-15,14,6,28,11,14,7,-23,-21,4,4,29,14,16
39.1000,10,-27,-19,4,13,28,18,19,8,-29,-21,0,4,20,12,14,7,-26,-22,2,4,21,19,21,10,-28,-21,0,9,28,-2,14,20,-27,-19,-1,3,26,14,18,12,-30,-24,-1,8,25,13,14,10,-29,-18,16,7,23,11,12,11,-25,-21,-2,4,25,16,12
39.1200,10,-28,-19,-3,21,25,17,16,7,-26,-18,3,3,15,16,14,11,-23,-23,-2,10,26,15,21,11,-24,-20,1,5,24,1,12,20,-26,-23,0,4,24,17,17,15,-34,-23,2,7,25,13,13,11,-28,-22,15,6,25,12,19,11,-27,-20,0,9,31,12,13
39.1400,8,-26,-21,-1,11,29,14,16,13,-29,-25,1,4,16,15,16,6,-28,-21,-4,7,27,16,25,17,-25,-21,2,10,27,2,20,19,-29,-21,2,4,24,13,17,14,-31,-24,5,11,23,16,12,14,-25,-17,16,7,26,13,17,11,-25,-24,4,5,27,12,15
39.1600,6,-26,-25,0,13,31,13,18,16,-27,-24,-4,4,13,9,19,13,-30,-22,5,6,23,22,23,11,-27,-22,7,6,28,2,13,15,-28,-23,0,7,23,14,19,11,-30,-21,0,5,26,19,9,10,-22,-21,19,6,31,14,16,8,-25,-19,-1,7,29,15,19
39.1800,11,-27,-23,2,7,31,13,16,9,-30,-22,0,3,21,17,19,9,-25,-24,1,6,24,13,25,8,-25,-17,0,12,29,-2,16,20,-26,-23,1,5,31,13,23,10,-32,-19,3,10,29,8,15,11,-25,-17,16,3,28,13,18,12,-24,-22,0,9,30,14,18
39.2000,8,-28,-25,2,13,32,9,14,8,-27,-20,5,6,19,17,17,4,-24,-22,1,4,24,19,21,8,-24,-21,0,4,28,3,16,16,-23,-20,-1,7,27,14,17,17,-27,-24,3,8,29,15,17,10,-27,-18,19,9,29,13,15,14,-29,-22,-1,5,30,17,16
39.2200,5,-30,-21,1,14,28,17,19,9,-25,-18,3,5,16,13,19,12,-20,-23,-1,6,25,14,25,9,-22,-20,4,6,28,3,17,15,-25,-21,7,6,25,14,17,16,-34,-20,-2,5,27,19,15,12,-26,-24,14,7,28,15,17,10,-32,-25,0,6,31,12,13
39.2400,10,-23,-19,7,15,32,12,17,10,-27,-24,5,5,21,16,10,9,-23,-20,5,7,23,18,19,12,-22,-21,3,7,27,3,18,19,-25,-22,1,6,26,15,18,14,-29,-21,3,7,26,16,15,6,-26,-16,14,5,28,18,18,11,-24,-19,6,6,31,17,17
39.2600,7,-33,-24,3,14,29,13,15,13,-25,-20,-2,2,16,17,17,12,-25,-25,-1,4,21,16,22,13,-24,-18,1,5,30,8,19,21,-27,-19,3,5,28,13,21,10,-31,-20,2,13,24,15,16,13,-31,-16,20,6,28,13,15,9,-27,-19,-2,5,28,14,16
39.2800,6,-35,-21,3,14,27,18,17,7,-30,-19,5,1,17,14,19,10,-24,-19,1,9,24,14,24,9,-19,-16,3,7,27,-1,16,21,-29,-17,1,4,25,15,16,19,-34,-22,2,13,24,11,13,10,-30,-19,16,4,23,13,22,13,-28,-20,1,6,29,17,12
39.3000,15,-24,-15,2,9,25,15,19,12,-28,-19,1,4,12,21,19,10,-24,-17,0,5,26,18,25,11,-22,-22,3,6,27,4,12,22,-30,-20,1,4,28,13,16,14,-30,-23,1,7,24,14,13,13,-28,-21,17,3,25,12,17,10,-26,-18,-1,4,25,14,15
39.3200,14,-30,-23,4,17,28,11,16,12,-28,-22,3,6,14,13,16,5,-28,-22,1,4,23,19,27,15,-24,-19,4,10,29,-1,18,20,-29,-18,0,1,25,13,16,14,-31,-19,3,8,26,14,13,10,-30,-19,16,4,25,17,21,17,-29,-24,2,5,24,15,18
39.3400,16,-30,-19,5,15,32,16,16,10,-23,-21,1,7,15,14,19,8,-25,-20,2,6,26,12,25,6,-21,-18,5,6,29,1,14,18,-26,-19,0,7,24,17,15,12,-30,-18,0,10,25,16,17,10,-24,-16,18,8,28,16,20,12,-26,-21,1,3,25,15,19
39.3600,13,-27,-19,6,17,31,15,23,9,-30,-25,-3,7,16,14,20,9,-25,-21,3,6,21,14,24,12,-23,-18,1,9,28,1,21,21,-28,-21,1,7,27,15,20,15,-27,-18,2,8,26,14,12,10,-27,-19,18,2,24,15,18,9,-27,-26,1,6,21,12,17
39.3800,15,-28,-17,4,15,26,14,19,11,-26,-24,1,7,17,13,14,9,-26,-19,1,6,24,13,27,10,-25,-21,2,9,30,2,15,21,-25,-22,1,5,23,13,21,11,-31,-23,2,10,26,15,15,9,-31,-19,15,6,26,13,17,15,-23,-19,3,8,25,12,21
39.4000,10,-29,-19,3,10,25,14,19,10,-24,-19,-4,10,16,18,14,10,-27,-21,1,7,22,18,25,13,-26,-24,5,8,27,1,18,20,-26,-20,1,5,27,18,19,10,-36,-18,5,12,26,13,12,13,-26,-21,18,4,27,15,17,12,-23,-21,2,11,24,12,19
39.4200,11,-29,-22,5,17,26,16,23,16,-30,-22,4,9,16,15,18,15,-27,-20,1,7,24,13,26,10,-27,-22,3,7,25,-1,16,18,-24,-20,6,6,25,15,22,15,-30,-21,0,7,25,12,16,12,-25,-18,16,6,30,12,16,13,-29,-20,0,3,22,13,17
39.4400,11,-27,-20,2,13,27,12,20,10,-25,-20,-3,7,16,15,21,7,-26,-20,3,8,24,14,28,13,-24,-22,6,9,28,8,15,16,-28,-19,3,5,29,16,20,17,-30,-20,4,11,23,16,18,10,-26,-22,14,9,23,12,15,11,-25,-23,0,9,25,16,15
39.4600,10,-27,-20,0,11,26,14,17,8,-27,-20,0,4,20,15,20,14,-21,-20,4,3,27,15,27,9,-21,-17,-3,11,23,0,12,12,-24,-19,3,10,22,14,14,14,-29,-19,2,10,26,14,17,16,-27,-18,17,10,29,16,15,11,-22,-21,0,6,23,12,17
39.4800,6,-27,-21,1,15,29,11,19,11,-25,-23,3,6,15,17,19,7,-26,-20,0,6,23,16,25,9,-25,-22,3,10,22,4,18,13,-26,-24,3,5,24,17,18,10,-31,-19,-2,8,26,9,13,13,-30,-20,15,7,24,15,20,9,-25,-20,2,3,25,15,18
39.5000,12,-27,-20,-1,14,27,13,20,10,-26,-20,2,6,16,13,19,8,-29,-19,-2,8,25,18,28,10,-21,-19,4,13,27,3,14,15,-24,-20,2,7,30,13,18,13,-33,-21,-1,10,23,14,16,4,-29,-21,17,7,27,14,14,9,-24,-17,-1,2,26,14,20
39.5200,7,-29,-20,4,13,32,18,17,10,-27,-22,1,5,17,17,19,12,-26,-19,4,7,23,20,28,9,-23,-20,7,9,28,0,17,13,-26,-17,0,8,31,12,19,14,-30,-23,-1,11,25,15,16,11,-25,-23,13,12,27,14,13,10,-27,-21,1,10,26,19,19
39.5400,10,-27,-18,-2,17,28,15,18,9,-23,-18,2,5,15,15,23,8,-25,-19,6,6,24,18,24,12,-23,-24,4,12,25,4,17,16,-25,-22,3,7,26,11,16,14,-30,-22,0,6,25,14,19,14,-25,-18,16,4,27,17,20,11,-26,-26,0,7,26,14,15
39.5600,8,-27,-20,2,9,31,13,18,12,-27,-22,6,4,18,13,19,14,-24,-23,2,8,25,11,23,10,-22,-18,5,10,25,3,17,14,-32,-20,5,9,24,14,15,16,-32,-19,0,13,23,10,19,8,-24,-21,16,10,27,12,18,11,-22,-21,3,6,25,8,18
39.5800,10,-25,-20,0,17,28,16,18,13,-29,-19,3,8,17,20,19,10,-22,-19,2,7,26,16,25,13,-25,-22,0,11,27,5,16,17,-25,-23,1,4,32,9,19,14,-29,-22,2,9,24,13,21,13,-27,-17,19,9,26,13,14,12,-26,-19,0,6,24,14,23
39.6000,10,-31,-21,1,17,30,15,19,8,-24,-17,5,2,17,15,20,9,-20,-18,-2,9,27,17,25,11,-23,-21,3,8,25,4,15,15,-25,-18,3,7,27,18,14,19,-29,-19,2,7,25,13,20,8,-22,-18,14,7,24,15,16,12,-28,-20,1,10,28,14,19
39.6200,11,-28,-16,-1,12,33,15,21,13,-28,-21,3,6,15,17,21,7,-26,-20,1,1,24,16,25,9,-23,-16,3,10,24,-1,13,15,-25,-22,2,5,24,13,14,15,-29,-21,6,11,27,11,15,9,-19,-22,12,0,28,18,20,13,-25,-24,0,8,30,12,17
39.6400,7,-26,-18,4,11,29,11,14,10,-25,-21,2,11,18,16,19,9,-26,-22,-1,5,26,14,24,13,-23,-23,3,11,24,0,22,18,-28,-19,2,9,27,14,18,13,-28,-19,-2,5,28,17,19,8,-24,-20,16,10,31,14,18,11,-25,-17,2,10,23,18,19
39.6600,9,-25,-19,4,12,29,15,18,10,-27,-21,0,7,15,17,21,11,-27,-19,1,9,22,18,25,12,-26,-20,4,12,26,2,15,16,-25,-17,1,6,27,16,16,11,-28,-22,1,5,22,11,18,11,-27,-18,12,7,29,15,15,11,-23,-20,-1,6,29,14,14
39.6800,14,-32,-19,2,15,27,11,18,9,-27,-20,1,12,20,17,20,10,-24,-17,0,8,25,16,25,14,-22,-20,8,10,24,5,17,20,-25,-22,-1,9,29,16,20,10,-29,-24,2,5,27,12,15,6,-25,-20,18,2,26,16,18,11,-23,-19,1,6,28,14,19
39.7000,8,-30,-22,-2,14,26,11,21,13,-28,-22,3,8,17,15,19,8,-27,-19,3,5,20,15,26,14,-29,-17,3,8,28,0,17,20,-26,-19,-1,8,23,17,18,13,-26,-20,4,8,27,12,18,6,-23,-21,16,5,29,15,14,12,-27,-21,-2,7,21,14,19
39.7200,10,-24,-24,4,14,29,17,22,7,-26,-17,3,10,18,11,18,11,-26,-20,0,11,24,15,24,15,-25,-14,-1,10,25,2,19,16,-28,-16,0,10,25,13,18,12,-27,-22,-1,8,26,12,20,11,-27,-18,20,7,29,14,15,12,-28,-22,2,4,27,13,20
39.7400,9,-26,-21,5,17,28,13,21,10,-25,-20,3,7,12,18,24,9,-20,-19,0,12,24,16,24,14,-25,-17,2,9,28,7,15,14,-32,-22,2,5,27,11,20,19,-29,-21,0,4,22,16,19,11,-21,-21,12,8,29,11,17,12,-28,-21,-1,9,29,13,20
39.7600,14,-25,-19,-1,13,27,15,19,13,-30,-22,6,13,14,13,19,9,-27,-19,4,11,22,14,22,13,-25,-18,4,13,29,3,16,15,-27,-21,1,5,24,14,16,14,-25,-24,0,8,27,13,15,10,-27,-18,17,5,26,12,17,14,-25,-20,-4,7,28,17,17
39.7800,14,-23,-20,5,16,25,12,18,8,-25,-22,5,11,20,11,16,10,-25,-19,1,7,27,14,27,13,-23,-22,4,6,29,4,22,14,-27,-23,0,10,27,16,20,15,-33,-20,2,6,26,18,17,11,-27,-19,17,6,27,17,19,13,-25,-20,-2,6,24,14,19
39.8000,12,-22,-20,-1,15,29,15,19,12,-28,-22,1,8,18,17,21,9,-27,-24,0,8,24,18,28,9,-21,-21,6,5,25,0,17,15,-26,-19,6,5,29,14,20,17,-35,-23,4,4,26,13,20,14,-25,-19,16,7,23,16,15,12,-25,-19,4,7,27,12,21
39.8200,12,-24,-21,3,11,29,14,21,9,-25,-22,0,5,14,15,19,8,-24,-21,4,9,25,16,27,8,-22,-20,3,18,27,3,20,17,-26,-17,1,11,25,18,17,19,-32,-24,7,6,26,13,19,11,-25,-22,13,6,24,16,18,8,-25,-22,4,5,24,16,18
39.8400,7,-22,-21,1,16,26,13,15,7,-26,-19,4,7,18,13,16,8,-25,-17,-2,8,26,17,26,8,-22,-27,-2,14,28,1,17,19,-28,-19,-2,7,27,14,22,20,-30,-21,6,7,25,18,17,10,-29,-19,19,10,24,11,20,10,-23,-17,0,4,28,16,17
39.8600,14,-24,-20,1,11,29,14,20,8,-29,-21,-1,6,15,15,21,5,-24,-20,-4,9,23,18,27,10,-24,-25,1,12,26,-1,14,19,-26,-18,6,9,28,15,20,15,-25,-16,0,7,25,16,21,12,-24,-22,15,8,26,15,17,10,-24,-19,5,8,25,14,14
39.8800,12,-25,-19,0,9,29,18,21,14,-24,-18,8,11,20,17,22,11,-23,-20,2,10,24,16,31,14,-21,-25,0,10,27,4,17,13,-26,-17,5,6,27,12,19,12,-27,-22,5,8,22,13,19,13,-24,-20,15,10,22,14,20,13,-23,-21,1,6,27,14,17
39.9000,12,-23,-17,3,15,28,15,20,11,-28,-20,5,12,13,13,18,6,-27,-17,3,10,24,16,29,13,-22,-21,2,14,27,-1,19,20,-29,-27,4,9,27,17,19,20,-27,-20,3,8,23,17,15,9,-30,-20,14,12,26,17,20,17,-28,-24,3,8,23,12,22
39.9200,11,-27,-24,0,16,28,15,23,9,-25,-20,4,9,22,16,20,7,-24,-20,5,10,23,14,26,12,-23,-22,2,13,25,3,17,17,-27,-24,-3,11,24,15,14,17,-27,-24,1,8,24,17,20,14,-28,-21,16,11,28,17,20,10,-28,-20,0,8,29,15,16
39.9400,9,-24,-23,0,15,29,15,21,14,-30,-20,3,12,16,14,18,12,-28,-20,6,12,27,17,26,14,-23,-17,1,17,26,-1,20,18,-24,-20,4,9,26,17,16,15,-30,-19,2,9,24,18,18,10,-24,-18,15,6,26,16,21,13,-28,-23,0,10,30,14,13
39.9600,14,-23,-18,-2,11,29,10,17,11,-21,-23,5,10,11,18,24,9,-26,-19,1,7,24,13,22,12,-20,-20,3,12,25,3,21,14,-27,-15,0,5,22,16,19,18,-29,-21,-1,3,22,14,13,15,-25,-22,15,8,27,14,21,13,-25,-23,0,10,26,11,17
39.9800,14,-24,-20,3,14,30,15,21,11,-31,-22,3,8,15,13,20,12,-26,-17,2,5,25,12,31,12,-29,-23,5,6,27,6,16,20,-23,-19,-1,13,25,16,15,14,-26,-20,4,11,25,13,19,14,-24,-22,14,11,24,13,19,10,-26,-18,2,8,33,16,15
40.0000,13,-28,-23,4,16,29,16,21,15,-28,-22,0,12,16,15,21,8,-28,-24,5,9,26,14,27,9,-17,-20,5,14,28,6,18,18,-24,-23,4,6,33,19,20,18,-31,-16,5,8,23,18,17,9,-22,-25,13,9,24,11,23,11,-25,-21,3,5,27,16,16
40.0200,16,-28,-20,3,10,28,12,20,12,-29,-20,4,3,15,13,21,5,-25,-21,-2,6,25,12,29,19,-27,-24,1,13,26,-1,17,18,-26,-19,4,10,26,14,21,15,-29,-24,5,10,21,20,20,7,-22,-20,14,9,26,10,20,13,-25,-20,3,8,29,16,23
40.0400,13,-25,-20,0,10,26,10,18,15,-27,-15,2,10,20,12,24,12,-24,-21,5,7,28,15,30,9,-16,-23,3,11,26,2,23,17,-28,-25,5,7,26,15,19,16,-29,-23,5,7,20,16,15,9,-26,-21,16,10,26,17,15,11,-22,-18,1,11,27,18,18
40.0600,13,-23,-21,3,14,30,16,22,8,-25,-23,3,11,20,19,25,6,-32,-22,5,8,25,15,29,9,-22,-21,1,9,23,1,18,14,-28,-25,-1,11,24,15,21,18,-29,-20,9,5,24,12,22,11,-30,-22,17,12,23,13,19,13,-25,-20,-2,10,26,13,21
40.0800,12,-24,-21,4,13,27,11,24,10,-28,-22,2,10,17,13,19,13,-23,-24,1,5,24,18,29,17,-21,-22,0,10,22,2,21,16,-23,-20,-1,8,28,15,18,15,-24,-22,3,5,20,14,17,15,-26,-16,17,8,27,15,19,12,-28,-23,7,3,29,17,15
40.1000,8,-24,-16,4,15,29,14,19,12,-25,-23,5,5,15,12,21,9,-24,-20,4,6,21,11,27,15,-26,-21,0,9,22,1,17,21,-24,-22,2,7,26,12,21,19,-27,-19,5,9,23,17,20,14,-25,-17,14,5,28,12,20,12,-22,-21,4,9,24,10,19
40.1200,12,-26,-21,-1,18,32,16,22,14,-23,-19,4,9,18,19,20,15,-26,-22,6,9,24,17,29,12,-23,-20,2,8,27,2,16,15,-28,-21,5,10,30,14,16,19,-29,-18,0,7,22,19,18,14,-28,-23,10,7,23,14,18,12,-24,-20,0,11,27,14,17
40.1400,14,-22,-24,1,17,31,13,23,11,-24,-21,3,9,19,16,20,8,-25,-23,0,7,28,18,26,14,-25,-24,3,11,26,3,19,18,-25,-23,2,9,29,14,20,17,-26,-19,1,8,26,17,21,16,-27,-19,15,11,24,12,20,16,-25,-17,2,8,25,14,19
40.1600,12,-23,-22,0,17,25,14,21,11,-28,-22,6,9,15,12,18,10,-26,-27,1,4,26,22,29,9,-23,-18,9,13,29,2,16,18,-28,-21,3,11,27,13,23,16,-23,-21,5,5,22,12,16,11,-26,-18,18,10,26,17,20,15,-25,-23,1,12,24,13,18
40.1800,10,-27,-19,0,16,29,16,22,13,-26,-23,5,11,18,18,20,12,-25,-22,6,6,23,15,31,13,-21,-24,2,10,25,0,20,16,-30,-24,5,14,28,14,19,16,-28,-19,4,10,24,12,18,13,-28,-19,16,11,25,10,17,14,-24,-18,1,6,27,22,17
40.2000,12,-24,-19,1,17,28,15,21,10,-28,-19,3,12,18,19,22,10,-26,-19,2,11,26,17,26,15,-23,-19,4,8,26,1,19,18,-27,-23,4,9,27,17,18,16,-28,-20,5,3,25,14,21,11,-29,-24,12,7,28,14,20,13,-24,-18,2,11,24,17,23
40.2200,12,-25,-20,4,18,27,18,18,7,-29,-23,0,10,19,17,17,12,-22,-19,3,5,29,17,30,13,-25,-22,4,8,26,4,18,20,-29,-20,3,12,28,18,20,20,-26,-21,1,4,23,16,17,12,-25,-20,16,9,25,18,18,11,-25,-22,0,9,26,20,17
40.2400,11,-26,-21,0,19,27,15,20,12,-24,-17,2,12,15,17,15,4,-24,-18,5,10,25,12,28,14,-26,-21,5,10,27,2,22,14,-26,-23,1,14,28,13,17,19,-29,-20,3,11,23,11,18,16,-25,-23,11,11,27,14,21,10,-24,-25,3,11,24,16,19
40.2600,10,-25,-21,3,16,25,18,19,10,-30,-23,3,11,16,19,20,9,-27,-22,7,5,24,17,24,10,-24,-19,11,10,25,4,17,15,-25,-15,-2,12,25,12,19,16,-30,-25,2,12,25,13,18,14,-23,-25,17,8,23,14,21,12,-22,-21,3,10,25,11,17
40.2800,14,-28,-19,5,15,30,10,21,11,-29,-23,5,6,13,20,18,13,-25,-20,1,10,21,15,32,12,-23,-19,8,11,25,5,21,12,-28,-19,1,16,23,19,18,14,-27,-19,2,7,23,13,15,11,-31,-26,13,10,27,17,20,11,-22,-22,4,10,31,14,16
40.3000,15,-27,-18,3,19,27,20,22,14,-32,-23,6,9,16,15,19,3,-24,-21,9,5,25,14,27,10,-19,-21,1,10,25,5,22,21,-24,-21,6,11,26,13,16,16,-25,-20,3,8,23,14,20,15,-23,-20,17,4,25,15,24,17,-28,-20,3,12,28,15,18
40.3200,13,-24,-20,3,20,23,19,22,11,-25,-18,5,11,20,12,21,10,-24,-21,5,10,23,17,27,12,-25,-20,4,13,27,3,20,17,-22,-22,2,13,32,11,22,20,-28,-18,2,11,20,15,21,13,-28,-19,17,9,28,13,15,14,-26,-26,1,5,29,16,21
40.3400,15,-25,-21,3,16,28,12,17,9,-29,-23,9,10,17,15,17,5,-25,-17,6,9,27,18,26,12,-22,-19,2,11,27,1,21,10,-24,-20,6,11,26,15,22,18,-28,-19,5,12,23,14,21,19,-27,-17,15,9,25,15,23,15,-29,-22,1,8,23,15,23
40.3600,14,-25,-23,3,20,28,14,20,10,-29,-21,-2,18,15,12,21,13,-26,-23,3,12,24,21,29,11,-20,-21,5,14,25,2,16,18,-25,-18,2,11,26,20,22,18,-26,-19,7,12,23,11,20,14,-24,-27,17,9,26,14,21,8,-23,-25,5,7,26,13,21
40.3800,18,-23,-22,-2,19,23,12,20,15,-33,-22,3,13,17,16,21,9,-26,-19,1,8,24,16,30,11,-25,-23,3,11,26,3,20,18,-28,-17,7,17,29,14,19,19,-25,-22,7,10,25,15,20,16,-27,-22,15,11,25,16,17,13,-26,-20,3,12,26,13,22
40.4000,15,-22,-22,5,19,29,18,22,12,-28,-20,5,10,17,14,21,7,-25,-18,0,9,26,15,28,9,-23,-21,5,14,29,5,21,13,-26,-18,8,11,31,14,24,23,-25,-23,5,6,29,14,23,14,-25,-21,19,14,25,15,26,9,-29,-24,7,10,26,19,20
40.4200,16,-19,-20,0,14,26,18,22,8,-26,-20,6,13,17,12,22,7,-26,-22,4,12,25,12,27,12,-20,-25,4,9,27,5,21,18,-24,-25,4,10,30,18,18,16,-27,-21,2,9,22,17,22,15,-28,-23,14,11,26,18,18,13,-26,-18,4,13,25,15,18
40.4400,14,-26,-19,3,15,26,14,18,12,-29,-17,4,13,12,14,21,12,-25,-23,4,12,23,13,28,14,-22,-21,4,13,27,3,22,17,-24,-20,5,14,26,13,15,20,-23,-21,6,9,23,18,23,11,-21,-20,15,15,24,15,20,20,-27,-18,4,10,25,15,22
40.4600,10,-23,-16,6,18,26,14,23,14,-29,-20,8,12,21,17,20,8,-23,-20,0,9,28,19,31,14,-22,-22,3,10,25,2,21,19,-24,-20,4,14,29,18,23,19,-24,-20,7,7,27,15,16,14,-23,-19,18,10,26,15,21,17,-27,-22,5,12,26,14,22
40.4800,17,-20,-18,4,18,29,13,20,12,-26,-21,3,11,14,15,17,15,-23,-24,3,9,27,17,28,17,-23,-25,5,12,26,4,22,18,-27,-20,3,13,20,13,18,20,-23,-18,3,9,22,15,23,16,-26,-22,20,12,27,13,24,12,-26,-19,3,9,27,12,21
40.5000,19,-26,-18,3,15,25,17,21,16,-29,-20,2,16,17,14,20,12,-26,-27,4,7,25,17,33,13,-25,-19,-1,16,27,6,20,16,-25,-24,2,14,25,21,19,9,-27,-19,5,10,23,15,19,12,-24,-19,16,12,24,14,21,14,-25,-16,3,11,26,14,21
40.5200,16,-23,-22,3,22,30,19,22,8,-24,-21,3,12,14,14,20,9,-25,-22,3,12,27,16,29,14,-24,-21,7,12,24,2,23,14,-27,-20,3,6,30,16,18,17,-25,-22,6,11,22,21,18,13,-25,-19,16,10,28,16,19,13,-24,-22,5,15,25,19,21
40.5400,15,-24,-18,7,16,25,13,21,11,-26,-25,4,11,18,18,19,6,-26,-21,7,14,27,15,27,12,-22,-26,6,13,22,5,19,18,-25,-20,2,12,30,21,18,18,-23,-24,1,11,25,13,21,13,-24,-18,15,14,27,14,25,14,-25,-18,6,15,29,17,20
40.5600,9,-24,-20,4,17,28,17,24,15,-27,-22,6,9,17,16,22,11,-29,-17,4,9,27,17,32,11,-21,-24,1,11,26,1,18,12,-22,-24,3,9,27,15,22,19,-32,-19,5,8,27,17,21,14,-22,-17,19,10,28,14,21,14,-25,-24,3,12,28,18,18
40.5800,16,-23,-23,3,18,32,14,22,13,-28,-20,5,11,14,13,21,9,-21,-24,3,5,24,21,29,13,-21,-19,4,11,28,4,17,16,-29,-20,5,11,31,16,21,21,-26,-22,4,9,24,17,16,19,-23,-22,13,8,31,13,20,10,-30,-20,2,7,26,17,22
40.6000,12,-19,-20,3,15,26,17,22,12,-26,-21,7,14,18,15,23,11,-19,-21,0,9,27,21,30,17,-23,-21,2,11,27,3,20,20,-24,-22,1,12,34,17,17,19,-25,-22,5,7,24,16,23,15,-22,-20,16,13,28,12,26,16,-24,-20,-3,8,27,14,23
40.6200,13,-23,-22,2,14,25,15,21,14,-29,-23,3,12,18,14,22,11,-25,-19,5,6,23,14,29,17,-23,-22,4,14,23,4,20,16,-26,-19,3,9,28,17,23,21,-28,-25,4,5,24,11,23,16,-25,-22,14,12,25,17,19,15,-22,-18,0,6,29,15,24
40.6400,17,-22,-18,8,19,27,17,20,16,-30,-17,5,12,17,20,25,10,-23,-23,1,9,28,20,33,14,-24,-22,8,10,25,2,19,21,-30,-20,7,13,26,16,19,20,-23,-22,5,4,26,18,20,11,-21,-20,16,12,27,14,16,12,-24,-18,1,11,26,9,15
40.6600,16,-22,-19,4,11,28,14,19,13,-27,-19,5,16,16,17,23,6,-22,-16,7,11,26,19,30,16,-19,-21,7,15,24,3,20,15,-30,-18,3,10,25,15,22,18,-24,-18,7,7,24,18,21,13,-25,-19,19,7,30,15,22,13,-26,-20,2,12,26,21,17
40.6800,16,-23,-19,3,16,28,17,25,11,-26,-28,4,10,14,15,22,11,-25,-21,7,11,25,18,29,13,-21,-18,3,15,26,2,22,15,-30,-20,4,12,28,13,17,19,-28,-18,6,5,27,15,20,16,-24,-21,21,10,25,15,22,14,-23,-18,3,6,27,15,20
40.7000,15,-19,-16,7,20,30,21,19,10,-29,-21,3,14,16,23,20,11,-28,-18,7,12,20,22,33,14,-20,-20,6,14,27,6,20,19,-28,-20,3,10,27,17,16,17,-28,-19,0,12,22,14,20,12,-22,-17,16,10,26,15,18,14,-27,-15,6,14,24,16,23
40.7200,18,-20,-20,2,19,28,13,22,18,-24,-17,8,12,15,13,20,12,-27,-19,4,11,24,16,32,11,-28,-19,7,12,24,5,18,19,-26,-19,6,13,23,17,19,22,-27,-25,3,10,28,21,17,18,-24,-19,13,13,26,15,17,16,-25,-21,4,10,28,15,18
40.7400,18,-22,-21,3,18,28,14,22,14,-26,-18,5,12,16,18,19,9,-24,-21,2,10,23,18,33,15,-25,-20,7,15,24,3,21,20,-27,-17,7,14,24,17,21,22,-24,-19,5,10,24,12,23,16,-28,-24,16,15,25,19,23,16,-21,-21,1,10,25,19,21
40.7600,14,-21,-18,3,16,25,19,17,8,-24,-23,2,14,15,13,21,9,-25,-22,3,13,28,17,32,13,-26,-25,5,12,28,4,23,17,-31,-24,6,11,29,13,18,22,-24,-20,0,6,24,16,22,13,-23,-18,15,10,27,18,23,15,-25,-24,0,11,24,16,19
40.7800,17,-21,-21,1,17,27,16,23,13,-33,-20,3,18,21,11,20,11,-26,-19,1,7,22,16,28,18,-25,-24,2,12,23,5,24,19,-25,-20,1,12,26,16,21,21,-28,-17,3,10,24,17,23,16,-25,-23,20,15,27,10,21,14,-23,-21,5,9,26,16,25
40.8000,14,-22,-24,4,19,29,13,25,13,-27,-20,3,13,16,17,23,11,-23,-19,2,11,24,13,33,15,-24,-20,2,6,27,9,20,14,-29,-25,6,5,31,15,24,21,-23,-22,4,9,26,11,21,14,-21,-21,20,11,23,13,21,14,-22,-18,1,12,28,15,21
40.8200,16,-21,-25,4,17,28,18,17,14,-30,-18,2,16,15,15,19,9,-26,-23,6,6,23,14,32,18,-22,-23,5,7,26,6,18,16,-26,-22,4,13,25,14,19,18,-27,-21,7,11,25,14,25,15,-24,-19,19,13,27,17,20,17,-25,-25,2,7,27,18,22
40.8400,14,-25,-22,0,20,31,16,17,10,-28,-22,6,13,16,16,22,8,-28,-19,5,10,24,17,37,17,-21,-16,4,12,20,7,21,22,-24,-24,7,9,25,16,20,20,-25,-21,5,7,23,14,20,18,-29,-24,15,14,27,15,26,15,-25,-21,4,9,24,16,19
40.8600,13,-23,-18,2,20,26,17,19,12,-25,-24,5,15,16,18,22,11,-24,-25,0,9,27,15,36,21,-25,-19,4,16,26,4,22,15,-24,-16,6,14,25,17,18,25,-27,-21,2,7,24,19,23,18,-28,-21,10,10,25,14,20,14,-26,-19,4,12,27,14,23
40.8800,18,-17,-18,7,20,27,16,21,16,-31,-24,7,14,17,12,19,13,-24,-18,4,14,25,13,35,15,-24,-20,7,13,26,3,22,19,-29,-22,6,16,26,17,20,22,-25,-17,3,10,23,12,25,18,-27,-24,19,13,21,13,22,19,-19,-20,9,12,27,7,24
40.9000,12,-22,-19,4,17,27,17,19,9,-25,-25,3,13,15,13,22,7,-25,-22,4,13,25,15,35,14,-25,-19,2,13,27,3,26,20,-27,-21,4,14,24,14,20,20,-25,-23,4,2,22,17,25,13,-30,-21,16,10,26,14,30,18,-26,-21,4,12,27,16,26
40.9200,19,-21,-20,7,14,28,14,20,13,-27,-21,8,10,17,15,22,7,-26,-24,7,12,27,16,35,13,-26,-20,6,9,23,4,27,16,-25,-19,6,17,28,14,23,17,-26,-18,3,8,26,18,25,12,-27,-22,16,9,30,11,25,14,-23,-22,4,12,25,15,24
40.9400,17,-20,-19,3,18,26,14,18,12,-26,-23,4,12,18,15,24,9,-27,-21,4,8,27,21,36,20,-25,-23,6,15,24,-2,23,19,-23,-23,3,16,28,16,22,23,-24,-21,7,10,23,19,22,16,-26,-23,13,10,26,16,24,14,-26,-19,4,13,22,14,25
40.9600,16,-18,-19,6,20,26,15,25,15,-27,-20,4,16,18,11,23,12,-25,-17,1,9,28,22,32,13,-23,-16,5,8,28,5,24,21,-25,-16,5,15,29,15,19,20,-24,-21,4,10,21,11,27,16,-25,-22,18,11,28,19,23,15,-28,-21,3,12,25,16,24
40.9800,18,-18,-24,7,23,28,14,19,17,-27,-22,7,13,16,14,26,12,-24,-21,5,11,27,16,30,15,-21,-19,7,12,24,4,22,18,-25,-22,4,8,30,13,19,22,-27,-21,6,11,22,15,22,12,-29,-21,17,13,25,16,24,17,-24,-18,3,13,25,17,23
41.0000,13,-21,-18,1,20,27,20,23,17,-26,-17,5,15,20,14,18,12,-25,-19,5,11,28,19,30,18,-27,-19,5,15,31,4,22,16,-28,-18,0,13,29,14,22,18,-24,-21,2,9,24,18,26,11,-26,-16,18,12,26,15,23,14,-24,-22,3,15,27,12,23
41.0200,16,-21,-22,6,21,32,16,22,14,-29,-22,4,12,16,15,20,11,-31,-22,6,9,27,19,32,17,-22,-20,4,14,24,3,22,17,-28,-25,7,12,30,16,17,22,-27,-22,6,6,20,15,23,15,-28,-18,16,11,27,12,24,15,-19,-26,6,11,25,15,22
41.0400,16,-23,-19,-1,20,28,14,22,14,-26,-22,3,12,14,14,19,12,-28,-23,5,10,26,21,28,19,-23,-19,0,17,29,7,23,16,-26,-16,4,16,27,16,20,26,-31,-16,2,9,21,14,21,16,-22,-21,17,6,24,15,21,15,-24,-18,7,14,24,19,19
41.0600,11,-18,-16,-2,22,27,20,18,13,-24,-18,3,19,18,15,23,11,-26,-18,9,12,23,15,29,16,-21,-26,1,16,27,4,21,10,-27,-18,2,12,26,16,19,19,-26,-19,6,12,23,15,26,17,-26,-19,16,12,25,17,25,16,-25,-18,3,14,28,15,24
41.0800,17,-19,-21,3,21,30,19,21,13,-29,-24,2,12,16,15,21,10,-25,-22,7,9,26,17,33,18,-22,-22,2,12,25,10,21,19,-26,-21,8,14,24,14,22,22,-28,-16,3,11,21,15,24,15,-25,-23,17,14,27,16,24,19,-25,-22,4,15,27,17,19
41.1000,16,-21,-19,5,15,29,16,19,13,-26,-21,3,14,15,19,19,15,-25,-25,5,14,26,13,33,19,-18,-19,4,9,25,3,21,16,-28,-22,4,15,28,14,20,23,-28,-19,6,7,22,18,22,12,-29,-23,15,13,31,17,23,14,-25,-21,2,11,26,19,18
41.1200,15,-19,-21,2,20,28,18,22,15,-23,-21,6,16,16,17,24,11,-25,-18,4,11,28,18,34,16,-20,-20,3,13,29,8,26,14,-27,-22,4,13,23,13,17,22,-25,-20,5,11,24,17,27,15,-28,-22,21,10,27,15,25,15,-24,-17,8,13,22,18,21
41.1400,16,-23,-23,2,20,25,17,22,14,-28,-16,9,18,18,18,24,9,-26,-19,4,12,27,19,31,17,-25,-17,5,9,24,4,20,17,-26,-19,7,13,29,18,21,20,-26,-25,6,7,23,19,24,16,-25,-20,15,12,28,17,24,15,-24,-20,5,12,25,16,19
41.1600,17,-26,-23,3,20,26,14,25,16,-28,-20,6,16,18,19,24,6,-28,-20,7,7,24,18,37,17,-24,-18,5,12,29,5,21,22,-28,-19,4,17,29,15,21,23,-32,-20,3,15,26,16,23,16,-28,-17,20,13,26,17,26,15,-22,-21,4,11,29,14,24
41.1800,14,-19,-14,5,21,29,19,18,12,-25,-21,4,16,17,10,23,7,-27,-21,7,12,28,17,32,15,-22,-19,6,17,24,9,24,14,-28,-22,4,12,27,17,24,19,-27,-25,0,9,22,17,29,15,-27,-24,17,13,22,17,20,11,-23,-21,-1,10,25,16,20
41.2000,12,-26,-19,3,21,27,20,21,16,-22,-20,5,15,19,15,19,9,-25,-20,10,9,29,17,33,18,-18,-25,3,12,27,1,23,15,-22,-22,2,12,28,11,20,19,-23,-20,3,9,22,18,22,13,-29,-20,18,12,25,15,19,13,-23,-16,8,11,25,16,26
41.2200,13,-20,-22,6,23,29,17,19,18,-24,-20,5,17,12,17,22,11,-26,-20,5,11,25,16,34,15,-22,-21,6,12,29,7,18,16,-23,-23,2,12,28,14,22,22,-25,-22,6,11,20,18,26,14,-21,-19,18,11,24,22,21,12,-24,-18,1,13,21,10,21
41.2400,17,-21,-19,7,18,24,17,21,16,-23,-19,5,14,17,17,23,13,-26,-22,5,14,34,22,31,16,-21,-20,6,15,25,5,23,17,-27,-24,4,10,27,20,22,21,-27,-18,9,12,23,16,20,19,-24,-24,16,11,28,15,20,9,-25,-21,0,11,26,13,23
41.2600,14,-21,-18,5,22,25,20,26,12,-26,-19,8,15,16,18,26,7,-29,-24,4,11,25,20,33,17,-22,-23,7,13,20,3,23,13,-28,-24,10,15,26,13,21,20,-25,-19,3,7,27,20,22,17,-23,-22,18,18,25,18,25,12,-23,-26,4,12,28,16,22
41.2800,15,-21,-23,4,18,25,18,20,12,-26,-21,9,14,19,14,22,7,-28,-19,4,10,24,16,33,12,-22,-23,6,8,24,7,26,15,-25,-15,3,12,29,13,22,18,-24,-16,9,11,25,17,27,13,-24,-19,19,12,25,15,25,12,-23,-23,4,15,23,14,21
41.3000,23,-28,-18,3,23,24,15,21,15,-26,-24,7,13,13,17,23,11,-28,-16,10,13,27,17,37,20,-21,-16,5,16,25,5,22,12,-25,-28,5,13,32,20,22,16,-24,-20,5,9,25,19,26,18,-25,-22,15,12,28,21,24,16,-28,-20,8,15,29,16,22
41.3200,16,-21,-19,7,23,27,19,24,15,-26,-21,8,18,15,14,21,7,-26,-21,4,14,27,18,35,19,-19,-19,7,13,26,5,27,14,-28,-22,7,15,29,16,20,22,-24,-20,8,12,23,19,25,16,-26,-25,19,15,24,10,24,18,-26,-22,5,16,23,17,27
41.3400,16,-22,-19,2,15,26,12,23,14,-26,-22,7,14,19,12,21,7,-24,-25,6,13,28,21,35,17,-24,-21,6,15,26,3,22,14,-22,-18,4,11,25,16,20,20,-21,-21,5,9,28,17,22,14,-24,-21,18,15,26,19,23,17,-22,-26,1,9,29,12,27
41.3600,18,-19,-18,7,21,25,19,21,16,-32,-22,5,13,21,14,19,10,-28,-19,4,11,26,17,38,22,-20,-20,6,12,19,6,19,16,-27,-20,2,12,25,15,19,19,-27,-22,7,4,24,18,21,16,-23,-20,22,14,25,8,25,15,-28,-19,1,9,27,17,24
41.3800,17,-23,-20,6,22,24,15,24,14,-30,-20,4,14,19,20,20,12,-29,-16,6,12,26,17,34,14,-26,-21,5,13,22,10,28,15,-26,-15,6,12,29,17,23,18,-22,-22,7,14,21,21,24,17,-23,-21,15,12,31,18,25,23,-23,-20,6,13,26,15,22
41.4000,17,-19,-19,3,20,30,17,24,15,-25,-23,5,21,18,19,21,9,-28,-20,9,9,25,20,36,16,-17,-18,7,17,27,5,23,14,-26,-17,8,16,27,15,18,21,-25,-21,6,13,23,13,23,14,-25,-24,17,18,27,17,29,16,-23,-20,4,15,27,17,23
41.4200,16,-21,-20,4,20,31,20,23,16,-29,-17,10,12,14,16,24,11,-24,-19,6,12,30,21,35,16,-27,-17,10,13,24,5,22,13,-29,-16,2,14,26,16,23,23,-22,-24,9,14,23,15,26,15,-19,-18,15,9,29,21,23,18,-22,-20,1,13,31,15,26
41.4400,19,-20,-21,5,23,29,19,19,20,-30,-19,5,17,13,13,23,9,-28,-22,4,12,27,15,38,16,-28,-17,5,11,28,7,23,13,-29,-22,5,13,24,16,24,22,-23,-20,6,9,23,17,25,18,-27,-18,18,13,24,16,26,16,-24,-17,9,15,29,20,22
41.4600,19,-22,-18,6,21,24,17,24,13,-25,-20,9,16,18,16,20,12,-27,-17,4,11,29,20,34,14,-24,-22,6,13,24,8,24,16,-25,-19,7,12,26,19,22,20,-20,-24,7,7,28,14,26,15,-25,-19,18,14,23,20,23,13,-26,-20,1,13,26,19,25
41.4800,22,-21,-20,9,22,21,16,23,17,-29,-20,8,16,15,16,21,14,-26,-21,3,12,29,18,36,18,-20,-21,8,14,20,8,24,20,-27,-20,7,13,27,16,24,25,-25,-19,7,10,24,14,28,16,-24,-24,16,11,24,14,26,14,-24,-20,2,16,26,16,27
41.5000,16,-20,-22,6,22,27,20,30,16,-26,-17,9,12,14,15,25,10,-24,-19,6,10,28,20,35,19,-22,-19,5,13,24,4,25,15,-29,-21,8,14,27,12,17,20,-23,-18,5,9,28,16,22,14,-26,-22,21,15,24,13,23,17,-25,-26,8,13,27,11,27
41.5200,18,-19,-18,3,18,26,16,23,16,-29,-23,10,13,15,18,25,13,-29,-18,4,13,26,19,34,22,-23,-24,7,17,25,1,23,16,-25,-22,6,15,24,16,21,21,-26,-20,3,11,22,14,23,11,-24,-21,14,13,27,17,25,19,-22,-21,2,14,23,13,21
41.5400,19,-19,-20,6,19,23,19,25,16,-23,-17,7,16,17,18,24,10,-25,-20,3,12,28,20,35,17,-23,-19,4,12,29,7,19,17,-27,-26,6,18,25,15,23,25,-25,-23,5,11,25,17,24,15,-19,-23,20,12,28,16,25,15,-25,-20,0,16,28,16,25
41.5600,21,-16,-23,6,25,29,16,19,16,-24,-22,5,16,14,17,23,9,-21,-20,6,10,25,16,35,17,-21,-19,8,12,23,6,23,15,-31,-22,8,15,29,15,23,16,-25,-16,6,8,28,14,28,17,-26,-20,16,16,29,17,26,20,-23,-22,7,11,26,17,22
41.5800,18,-22,-21,7,21,27,18,19,18,-25,-21,5,15,17,12,26,14,-25,-16,6,11,23,21,34,15,-25,-20,4,17,24,6,24,16,-27,-18,9,17,31,17,21,20,-26,-22,6,11,25,14,22,16,-25,-20,19,15,27,17,25,17,-24,-20,3,11,32,18,22
41.6000,18,-19,-21,7,17,27,20,23,9,-24,-23,9,22,19,18,26,13,-27,-19,6,16,27,21,34,21,-25,-19,5,10,27,5,23,16,-28,-17,9,16,25,14,19,21,-25,-23,7,8,22,17,28,13,-28,-20,19,13,29,17,22,18,-23,-20,1,13,21,14,19
41.6200,16,-24,-20,3,20,30,20,24,19,-27,-15,6,22,12,15,24,16,-28,-18,8,13,25,17,37,17,-22,-22,6,13,23,7,20,16,-28,-20,8,16,23,18,22,17,-28,-24,4,8,27,19,21,17,-21,-22,14,10,30,14,23,20,-23,-21,7,15,20,15,24
41.6400,17,-23,-19,3,18,25,19,18,15,-26,-23,8,17,12,15,26,10,-24,-20,9,10,26,19,35,15,-27,-24,7,14,26,7,28,16,-28,-22,7,15,25,13,18,20,-23,-24,7,11,24,20,26,17,-26,-24,20,18,26,12,23,18,-25,-23,2,15,26,19,24
41.6600,17,-19,-22,5,19,29,24,22,14,-25,-17,12,15,14,19,26,10,-29,-21,5,12,24,19,36,16,-22,-21,6,13,27,7,22,13,-31,-21,10,17,26,16,22,26,-26,-18,6,10,26,15,25,17,-22,-21,18,14,26,19,24,17,-23,-24,1,14,22,22,24
41.6800,16,-16,-17,5,21,28,19,27,13,-30,-21,9,9,13,16,26,15,-25,-20,3,13,25,24,35,15,-21,-25,9,13,24,5,22,20,-25,-15,7,16,29,22,23,18,-23,-23,3,12,21,16,25,17,-20,-24,16,14,27,17,24,19,-23,-16,4,9,29,16,26
41.7000,15,-23,-20,3,21,29,21,24,12,-26,-19,1,15,16,20,27,11,-25,-22,2,10,26,17,35,14,-18,-22,6,17,26,4,22,18,-23,-20,7,13,27,14,21,19,-23,-20,6,10,22,16,23,17,-27,-19,15,13,22,15,27,15,-23,-19,3,10,30,18,22
41.7200,16,-20,-20,4,21,28,19,23,14,-28,-22,4,17,16,16,22,10,-25,-18,6,10,25,18,36,13,-21,-17,8,15,27,3,23,15,-21,-22,2,16,28,13,24,20,-24,-23,10,8,24,16,22,18,-24,-19,22,17,29,16,25,16,-18,-20,2,16,30,17,27
41.7400,13,-24,-17,7,21,28,19,23,13,-28,-17,10,18,20,14,28,11,-27,-20,4,8,26,18,40,19,-19,-21,6,14,28,7,23,19,-25,-18,7,12,28,12,27,21,-24,-18,6,14,24,17,25,21,-23,-16,19,18,26,14,26,17,-21,-23,3,15,27,15,26
41.7600,19,-20,-18,4,20,23,22,24,16,-27,-23,10,14,18,16,22,12,-31,-23,4,14,29,23,36,14,-21,-20,5,17,27,4,27,13,-26,-21,1,13,25,19,24,20,-21,-20,4,15,22,18,27,16,-21,-18,20,12,31,20,21,21,-23,-22,8,13,28,14,23
41.7800,16,-20,-22,6,20,26,21,25,16,-22,-20,3,16,18,17,22,13,-24,-20,4,9,29,19,37,15,-21,-22,6,15,25,4,20,19,-23,-22,4,17,27,18,20,23,-26,-20,10,9,22,18,23,19,-26,-19,16,12,24,17,27,17,-25,-22,5,13,23,16,27
41.8000,16,-24,-18,3,26,31,18,27,16,-28,-20,8,14,20,14,26,15,-24,-20,6,10,28,18,36,17,-21,-21,6,15,19,2,26,18,-28,-19,7,14,28,16,24,20,-28,-23,6,10,26,19,28,14,-23,-23,22,13,29,22,25,16,-23,-24,3,10,28,20,28
41.8200,17,-23,-20,6,21,22,20,23,17,-23,-20,9,19,23,15,23,11,-22,-19,6,9,24,18,36,16,-27,-17,8,13,25,5,25,17,-24,-19,6,15,31,17,24,23,-27,-21,7,10,26,17,25,15,-22,-20,18,12,34,15,21,19,-19,-26,1,15,27,17,28
41.8400,15,-21,-24,8,21,24,22,24,15,-27,-21,8,14,17,14,25,15,-28,-19,13,13,30,20,38,21,-25,-22,6,12,27,5,25,14,-23,-21,11,18,24,17,20,20,-23,-19,4,14,24,16,29,20,-23,-23,18,17,27,17,25,12,-23,-23,-1,17,27,17,24
41.8600,20,-19,-20,8,21,28,18,24,19,-28,-22,6,17,20,17,27,7,-24,-22,4,17,24,20,38,15,-20,-21,2,14,27,6,24,16,-24,-21,10,17,28,19,22,23,-27,-19,4,13,22,15,26,16,-24,-20,20,13,23,13,25,14,-23,-23,3,17,25,17,28
41.8800,15,-21,-19,8,21,25,21,23,16,-27,-20,7,16,18,20,22,11,-25,-21,5,12,26,19,40,17,-27,-19,4,16,24,7,27,13,-27,-19,6,17,25,16,27,20,-28,-23,7,9,28,16,27,18,-24,-24,20,16,25,18,21,21,-22,-20,3,16,28,18,28
41.9000,19,-24,-25,8,24,26,20,25,17,-27,-19,8,19,18,17,24,16,-23,-22,7,11,30,17,35,19,-24,-22,6,12,22,4,25,16,-20,-20,10,21,29,17,24,22,-23,-20,7,11,28,15,26,16,-25,-19,19,17,27,18,26,14,-21,-19,3,14,28,20,24
41.9200,17,-20,-22,12,20,25,24,26,15,-26,-16,9,20,15,19,23,14,-25,-20,9,11,30,17,36,22,-25,-16,3,14,23,7,30,16,-25,-17,3,16,24,20,27,23,-25,-17,7,12,26,20,25,20,-27,-22,18,10,26,12,22,19,-24,-21,7,13,27,15,26
41.9400,21,-21,-17,3,23,26,20,22,17,-24,-22,7,19,18,12,23,15,-22,-18,11,7,26,19,36,16,-24,-19,8,15,23,4,27,19,-23,-21,3,16,28,16,24,18,-27,-22,9,14,23,18,27,16,-23,-20,19,18,25,15,25,19,-21,-18,6,14,24,17,23
41.9600,17,-22,-18,8,19,25,22,26,14,-26,-21,6,18,15,15,23,14,-23,-20,4,11,28,18,40,21,-24,-22,9,12,27,8,26,19,-23,-22,8,16,26,15,23,23,-27,-21,8,11,24,14,28,13,-22,-20,15,14,24,17,22,15,-24,-20,6,17,22,19,25
41.9800,15,-18,-19,5,21,24,14,25,18,-24,-19,5,16,17,16,23,8,-23,-20,9,12,30,15,39,18,-22,-20,8,16,28,5,24,19,-25,-23,7,18,25,15,24,21,-25,-20,9,11,25,18,29,12,-27,-18,20,16,22,20,24,15,-25,-21,4,13,27,15,28
42.0000,17,-16,-24,6,21,24,20,24,14,-23,-23,10,17,13,15,20,12,-24,-19,6,6,27,18,41,21,-22,-21,6,19,24,5,23,13,-27,-24,9,15,28,16,25,20,-22,-17,5,12,28,17,27,17,-19,-24,17,15,28,13,24,21,-25,-25,5,12,22,17,27
42.0200,20,-20,-17,5,24,23,16,26,17,-22,-21,10,15,20,21,25,12,-25,-18,4,13,28,17,43,16,-26,-24,8,18,26,5,28,16,-26,-25,8,19,22,14,20,21,-22,-23,5,10,27,15,22,18,-23,-22,20,14,27,18,23,16,-21,-24,13,21,26,16,29
42.0400,15,-20,-24,4,17,28,19,21,18,-21,-20,7,22,14,16,25,14,-24,-19,7,13,26,19,40,21,-23,-21,7,12,23,6,24,16,-24,-20,11,13,28,16,25,19,-27,-19,11,13,28,17,26,21,-20,-24,22,14,25,19,26,21,-21,-21,8,18,28,15,26
42.0600,20,-23,-18,8,22,28,19,25,19,-27,-20,11,17,15,19,24,15,-29,-20,5,12,25,20,37,20,-29,-21,6,15,21,6,22,19,-23,-22,6,14,28,14,22,18,-24,-22,7,12,26,13,26,18,-21,-23,20,15,24,18,29,16,-26,-20,6,19,23,14,27
42.0800,18,-22,-23,9,20,23,18,23,16,-25,-24,7,14,14,11,23,13,-26,-18,8,13,28,17,41,18,-22,-20,7,13,28,6,24,17,-27,-19,9,19,25,16,23,17,-25,-22,7,11,24,16,29,19,-22,-28,17,12,32,22,24,19,-24,-20,4,17,27,15,27
42.1000,19,-23,-17,8,19,28,19,27,17,-26,-21,7,19,17,14,25,12,-21,-21,8,10,28,17,37,19,-23,-16,5,15,25,2,23,18,-24,-19,10,15,28,17,21,21,-24,-22,10,16,27,14,30,19,-24,-21,28,14,29,14,24,18,-21,-21,2,13,28,17,28
42.1200,15,-20,-12,7,25,29,19,29,16,-21,-19,10,17,13,14,26,10,-23,-20,9,18,26,16,41,20,-23,-22,9,13,23,4,23,17,-23,-22,9,17,29,13,23,23,-21,-19,9,13,25,19,29,16,-21,-24,21,16,30,17,22,17,-24,-20,4,18,28,18,25
42.1400,19,-28,-18,2,18,26,23,26,19,-22,-23,8,17,16,17,20,17,-22,-20,7,12,26,22,39,16,-20,-18,8,22,22,3,28,16,-25,-18,4,15,27,12,20,22,-22,-22,6,13,24,17,24,19,-24,-21,22,18,27,13,24,19,-23,-19,6,16,30,16,29
42.1600,20,-22,-22,8,20,28,22,26,24,-22,-20,6,18,15,13,26,14,-24,-16,7,13,24,21,41,20,-21,-19,8,15,25,5,25,17,-29,-21,6,14,26,15,21,17,-18,-14,6,15,22,20,27,17,-26,-25,23,16,23,19,25,17,-26,-20,1,13,26,18,26
42.1800,20,-21,-21,8,20,25,23,25,20,-29,-18,6,17,15,14,25,13,-24,-17,5,15,24,18,40,20,-22,-21,6,14,24,0,22,18,-23,-18,8,17,27,18,26,18,-23,-22,10,11,22,10,22,19,-22,-23,18,20,32,21,26,19,-25,-19,7,13,26,19,28
42.2000,14,-22,-22,4,20,27,22,25,21,-21,-19,7,19,15,13,23,16,-23,-18,6,13,23,20,38,20,-18,-21,8,12,19,5,27,17,-21,-20,5,14,29,20,24,19,-23,-21,3,11,25,15,25,21,-24,-24,20,14,30,19,31,23,-21,-21,7,13,23,17,31
42.2200,20,-25,-20,6,24,27,22,25,20,-22,-15,5,17,18,12,24,10,-27,-19,11,13,24,21,42,18,-22,-16,10,15,26,5,23,19,-25,-22,7,15,26,15,26,20,-24,-18,4,11,28,18,26,13,-23,-22,23,17,28,18,29,16,-26,-22,2,17,31,16,30
42.2400,14,-21,-20,10,24,27,20,22,19,-23,-22,7,18,18,17,22,15,-21,-22,5,12,30,17,44,23,-22,-24,8,17,28,2,23,20,-24,-18,5,14,29,18,25,21,-22,-22,4,11,26,15,25,14,-20,-17,23,14,30,20,27,15,-22,-23,3,14,22,17,31
42.2600,18,-22,-18,6,24,30,15,28,19,-24,-22,6,22,14,17,23,18,-31,-18,8,16,27,16,42,23,-17,-19,9,16,22,6,25,15,-25,-15,11,15,25,13,28,21,-24,-22,8,15,29,20,26,17,-23,-23,23,14,26,15,29,17,-28,-18,7,14,25,24,28
42.2800,18,-22,-20,-1,21,25,17,28,14,-21,-15,2,20,10,13,27,12,-26,-22,8,13,24,21,41,19,-23,-23,8,17,22,5,31,18,-20,-20,6,20,28,11,27,18,-24,-21,8,14,30,21,30,20,-24,-24,24,19,24,16,22,19,-24,-20,6,14,26,19,27
42.3000,18,-21,-17,6,24,26,17,20,15,-29,-24,9,16,15,18,28,10,-26,-17,4,13,27,13,38,21,-16,-22,6,14,23,4,28,20,-23,-18,4,17,25,16,26,20,-25,-19,7,15,25,15,25,17,-21,-20,20,18,25,17,25,17,-23,-21,6,14,26,18,26
42.3200,17,-26,-17,10,21,25,17,26,18,-21,-21,7,19,22,21,25,13,-25,-16,2,15,28,19,36,16,-25,-21,3,19,26,10,25,20,-21,-18,10,15,20,16,28,19,-24,-21,7,14,28,18,24,20,-21,-26,23,13,25,20,24,23,-24,-19,6,19,30,22,29
42.3400,17,-20,-18,5,21,28,22,27,18,-22,-22,8,20,18,16,26,15,-32,-23,8,14,29,22,40,19,-26,-21,4,14,22,8,22,14,-21,-14,8,19,27,10,27,20,-27,-21,7,15,25,20,28,21,-21,-22,24,16,27,17,27,17,-25,-19,4,15,27,18,25
42.3600,15,-21,-20,3,24,24,17,23,16,-26,-25,6,14,16,19,25,14,-23,-18,10,17,29,20,39,23,-22,-17,7,18,25,1,22,22,-26,-22,4,16,27,15,26,23,-26,-22,6,12,24,13,28,23,-24,-23,23,18,26,14,29,17,-24,-21,10,17,24,17,28
42.3800,18,-16,-17,5,21,28,20,28,18,-25,-19,6,21,20,16,29,14,-25,-22,8,14,25,17,40,20,-22,-21,2,17,25,2,27,18,-22,-20,5,15,27,17,25,23,-21,-18,6,14,25,20,28,19,-24,-24,24,18,24,14,25,21,-27,-19,9,17,28,18,27
42.4000,18,-19,-19,10,23,23,21,25,17,-25,-18,7,24,18,15,28,15,-22,-20,7,12,29,24,42,19,-23,-20,3,14,23,6,27,14,-25,-18,7,21,30,16,25,21,-23,-23,8,16,25,18,27,21,-22,-19,24,17,26,17,32,15,-24,-19,6,17,30,19,25
42.4200,16,-23,-21,6,23,27,20,26,20,-19,-21,10,17,15,14,25,15,-27,-18,9,19,29,19,39,16,-22,-22,8,17,28,4,24,19,-23,-21,7,15,25,17,26,21,-23,-22,4,15,26,20,30,20,-24,-23,24,15,27,13,32,22,-23,-20,8,17,28,17,31
42.4400,18,-22,-23,11,25,26,20,29,12,-26,-19,12,20,18,14,29,16,-27,-19,5,15,25,20,37,17,-19,-19,5,15,24,2,23,23,-24,-23,6,15,26,18,21,21,-27,-24,6,15,27,14,31,17,-27,-24,26,15,29,15,27,20,-22,-17,9,17,27,16,24
42.4600,15,-20,-26,8,23,27,22,24,16,-23,-20,8,18,15,14,25,15,-26,-18,9,13,27,18,37,22,-18,-21,8,16,25,3,23,14,-28,-20,7,18,28,14,25,20,-25,-20,4,13,31,15,27,21,-21,-21,22,9,21,13,29,16,-22,-23,7,16,28,17,28
42.4800,12,-23,-18,6,29,29,24,21,17,-24,-18,4,21,18,13,27,16,-26,-21,3,14,26,20,38,22,-23,-18,10,19,27,5,27,17,-22,-20,9,13,26,12,26,23,-24,-19,7,13,25,15,23,15,-22,-21,20,19,25,20,27,16,-22,-20,8,18,27,19,22
42.5000,13,-23,-22,9,19,30,23,30,19,-23,-19,7,18,20,15,27,16,-26,-20,7,17,29,18,38,20,-22,-19,9,18,24,4,27,18,-27,-20,5,11,26,14,27,24,-22,-21,9,15,27,15,26,22,-22,-20,25,13,22,16,23,15,-20,-25,7,20,27,18,27
42.5200,13,-23,-17,9,19,30,23,25,19,-24,-19,8,17,18,13,28,20,-26,-21,7,12,28,18,39,19,-23,-18,10,15,25,6,27,18,-23,-21,5,14,30,16,28,18,-21,-23,10,13,26,21,33,17,-24,-19,23,15,22,14,20,19,-26,-22,8,19,27,15,26
42.5400,17,-23,-22,9,24,28,22,25,14,-22,-22,6,19,16,14,28,14,-23,-21,9,14,26,17,44,26,-21,-22,6,15,22,5,26,21,-22,-17,9,16,27,20,28,20,-27,-21,6,14,26,16,24,15,-23,-23,24,13,27,13,28,15,-27,-19,4,14,28,12,27
42.5600,15,-22,-23,7,20,25,21,27,19,-21,-15,8,19,19,17,27,16,-23,-20,8,13,23,19,37,21,-22,-21,4,12,23,9,29,18,-20,-21,7,16,21,14,31,20,-23,-23,7,13,27,17,27,16,-26,-25,21,14,28,19,31,20,-23,-17,8,15,27,17,24
42.5800,14,-23,-20,6,21,28,24,29,16,-21,-17,4,18,20,17,27,20,-24,-16,9,15,28,20,38,20,-19,-24,10,14,26,8,25,18,-25,-22,9,15,23,15,26,16,-26,-15,10,13,30,15,27,23,-23,-17,22,21,28,19,26,14,-26,-20,10,18,24,14,28
42.6000,16,-20,-18,5,24,26,22,28,21,-21,-18,10,16,13,13,25,16,-26,-19,11,13,26,22,36,22,-20,-20,3,12,23,4,25,18,-20,-20,8,19,24,15,28,24,-24,-20,7,16,27,18,29,15,-24,-23,25,16,31,15,28,22,-23,-20,8,16,29,16,24
42.6200,14,-20,-22,5,27,28,21,27,21,-25,-19,7,20,19,18,22,16,-25,-21,5,19,30,20,39,20,-26,-19,10,15,24,4,28,19,-24,-19,9,20,24,17,29,21,-21,-19,7,13,29,16,28,19,-23,-22,19,23,24,14,33,19,-27,-21,7,22,23,20,26
42.6400,14,-24,-21,7,24,30,23,29,21,-20,-18,9,18,15,14,24,19,-27,-19,8,12,25,17,41,19,-22,-25,1,15,24,7,27,24,-31,-19,8,13,26,18,27,25,-25,-22,11,14,24,15,31,21,-27,-19,24,14,24,20,26,20,-23,-21,10,17,25,19,27
42.6600,18,-20,-23,11,23,30,21,30,22,-19,-18,7,17,20,14,22,19,-24,-21,10,20,26,22,41,17,-24,-20,6,17,24,6,26,18,-23,-23,7,18,24,16,28,22,-25,-20,6,11,26,23,31,19,-22,-24,30,15,25,16,26,22,-26,-20,4,14,27,21,27
42.6800,20,-23,-18,8,23,26,19,31,20,-20,-21,12,18,15,13,23,16,-29,-21,9,16,26,19,41,20,-23,-20,4,17,25,9,27,19,-24,-20,7,15,27,15,31,22,-25,-18,9,10,26,17,29,24,-27,-20,30,18,27,15,24,18,-22,-15,4,19,26,16,24
42.7000,21,-21,-19,5,26,32,18,24,22,-25,-22,6,16,13,16,29,17,-23,-21,12,14,30,21,44,18,-21,-18,3,15,26,7,24,18,-25,-22,8,20,27,19,33,22,-23,-18,7,11,27,18,29,22,-22,-20,21,18,28,17,29,14,-24,-21,9,16,29,16,27
42.7200,23,-17,-22,8,24,26,23,30,15,-20,-19,5,17,16,16,27,18,-21,-18,6,17,25,15,39,24,-20,-19,3,13,23,8,26,17,-21,-21,10,16,26,16,31,20,-23,-20,7,16,24,17,33,18,-23,-21,21,13,20,20,28,21,-22,-25,9,20,29,17,28
42.7400,18,-25,-19,8,24,25,19,30,22,-17,-23,10,14,12,16,25,18,-20,-15,10,16,26,15,41,18,-25,-15,6,16,21,6,31,20,-20,-21,9,20,27,20,27,23,-25,-21,8,14,24,16,31,16,-22,-24,26,20,21,17,31,18,-27,-20,8,19,27,20,29
42.7600,21,-21,-21,8,25,25,22,33,19,-19,-19,6,19,20,16,27,15,-24,-20,9,14,29,17,40,24,-22,-22,12,19,22,5,30,19,-24,-24,14,19,28,13,30,20,-26,-26,9,16,28,14,26,20,-23,-24,26,18,26,17,28,17,-26,-18,7,15,26,10,32
42.7800,18,-21,-16,8,26,24,21,24,17,-19,-21,7,20,21,19,25,18,-23,-21,9,15,27,18,43,20,-20,-18,9,16,25,5,26,15,-22,-20,5,14,26,19,30,23,-28,-20,8,13,25,16,30,22,-21,-25,22,16,30,16,30,14,-25,-22,7,17,22,15,25
42.8000,14,-19,-22,9,22,22,19,31,20,-25,-20,9,16,14,15,29,12,-24,-15,6,17,23,16,44,20,-23,-21,7,11,19,9,27,22,-22,-21,3,18,25,18,29,18,-25,-20,7,11,30,18,25,18,-21,-20,23,13,24,17,27,18,-23,-18,7,17,25,18,31
42.8200,17,-22,-19,8,25,26,23,28,18,-19,-21,5,17,15,18,27,15,-25,-19,4,15,26,24,34,21,-25,-20,10,16,24,7,27,23,-19,-17,7,16,27,15,25,25,-29,-20,6,14,25,16,24,20,-24,-23,27,16,26,16,29,22,-27,-22,7,18,27,13,26
42.8400,22,-27,-17,5,21,26,23,28,19,-22,-17,5,19,14,16,26,17,-26,-22,7,12,32,21,37,17,-24,-23,6,16,25,10,26,21,-24,-22,7,15,23,17,30,25,-27,-22,8,18,30,17,27,19,-22,-21,25,14,28,16,30,19,-31,-15,7,20,26,16,31
42.8600,19,-22,-19,8,25,22,17,29,21,-24,-26,3,19,18,21,28,15,-22,-17,10,15,29,18,41,18,-25,-22,11,13,22,7,29,20,-21,-22,6,13,25,20,28,23,-30,-18,4,19,30,18,29,21,-26,-23,24,15,24,17,29,20,-22,-20,7,19,27,16,31
42.8800,20,-22,-16,6,23,25,21,28,18,-20,-24,8,18,16,18,26,16,-24,-17,11,13,28,21,40,16,-19,-22,8,12,25,5,24,24,-16,-24,7,19,28,21,28,23,-24,-18,10,15,27,16,29,17,-23,-21,30,22,27,18,30,21,-23,-18,3,15,26,19,26
42.9000,19,-23,-16,9,21,25,23,29,19,-22,-22,5,18,20,16,24,19,-27,-20,8,20,30,20,37,18,-19,-24,10,20,22,6,28,17,-24,-20,8,14,21,16,28,21,-28,-21,10,15,25,15,27,18,-26,-19,22,20,28,20,25,20,-23,-23,8,13,28,14,31
42.9200,17,-20,-20,5,25,28,17,27,21,-20,-14,10,17,17,16,27,17,-23,-16,7,16,27,22,41,18,-21,-19,8,13,23,7,28,20,-24,-15,5,19,27,16,30,25,-27,-17,8,12,30,19,30,16,-26,-23,27,15,24,15,25,23,-24,-20,6,20,27,20,33
42.9400,16,-23,-20,11,30,27,24,30,19,-21,-19,11,15,15,14,28,17,-24,-18,10,13,26,23,33,19,-22,-21,10,15,23,7,29,16,-22,-18,10,17,25,11,33,24,-27,-19,12,17,28,14,31,16,-15,-26,23,14,26,19,32,19,-26,-23,9,17,25,19,28
42.9600,17,-21,-18,6,24,28,18,28,20,-22,-18,7,18,16,14,28,15,-24,-21,9,14,26,19,43,17,-23,-20,10,20,24,8,28,19,-24,-21,6,15,22,16,34,21,-29,-21,12,14,27,17,26,21,-25,-24,21,15,28,16,28,19,-24,-25,8,18,23,15,34
42.9800,19,-21,-21,11,25,22,23,29,18,-23,-23,7,21,15,15,24,19,-20,-18,10,16,26,24,39,21,-24,-21,9,15,25,6,26,18,-24,-24,8,18,27,20,32,24,-25,-17,7,11,28,15,28,11,-19,-22,24,18,27,18,30,22,-24,-22,5,18,23,17,33
43.0000,18,-22,-20,11,23,27,24,33,17,-22,-18,8,22,16,10,28,18,-24,-16,7,20,25,14,39,20,-24,-21,8,13,23,7,26,15,-21,-23,7,18,24,14,29,21,-25,-16,12,15,28,15,23,17,-24,-27,26,17,22,18,26,22,-20,-22,8,19,24,18,30
43.0200,21,-19,-16,8,24,25,18,26,20,-23,-15,14,19,20,17,26,17,-23,-27,10,15,30,21,40,21,-23,-19,10,9,27,7,31,19,-22,-21,5,14,29,16,29,21,-27,-24,10,18,29,17,30,20,-22,-19,27,22,29,18,27,20,-26,-18,15,16,26,18,26
43.0400,18,-26,-16,8,30,30,23,29,17,-18,-20,6,18,17,13,27,17,-21,-22,6,20,25,18,41,23,-21,-22,6,18,23,6,29,25,-22,-20,8,13,30,19,32,19,-24,-19,5,15,28,20,30,20,-23,-21,24,15,26,15,28,20,-20,-22,5,14,22,18,28
43.0600,19,-23,-16,10,28,22,20,30,19,-19,-18,12,16,15,15,26,18,-27,-20,6,24,27,23,42,20,-21,-19,8,14,26,4,28,21,-23,-20,5,16,22,18,26,20,-27,-20,6,16,27,14,30,18,-22,-22,27,17,25,16,27,16,-21,-17,6,16,26,21,30
43.0800,20,-21,-22,8,28,24,19,31,20,-21,-19,9,18,18,14,24,19,-19,-17,6,17,28,22,40,19,-26,-20,10,17,21,6,28,24,-24,-21,6,14,26,14,31,23,-24,-15,9,15,30,8,28,18,-23,-22,24,18,27,16,30,17,-26,-18,7,20,27,21,29
43.1000,22,-20,-19,9,29,27,18,28,19,-22,-20,8,24,17,17,25,19,-29,-19,8,14,23,17,40,19,-24,-19,9,18,20,4,27,26,-24,-21,10,20,29,15,34,19,-28,-21,4,15,28,18,29,21,-26,-21,25,13,25,14,30,23,-20,-18,2,20,29,19,28
43.1200,20,-19,-22,9,25,28,17,31,17,-20,-22,14,23,15,12,27,17,-24,-18,6,19,26,19,44,21,-22,-18,12,11,21,8,29,20,-20,-20,9,17,28,13,30,23,-24,-18,9,12,27,19,29,21,-21,-19,24,22,27,17,29,21,-23,-21,6,16,27,21,24
43.1400,19,-22,-21,7,27,29,16,31,19,-19,-18,7,21,13,16,30,14,-25,-19,12,17,29,24,41,20,-23,-19,13,13,20,5,30,20,-22,-21,14,21,27,13,33,20,-29,-21,10,14,29,16,25,20,-23,-17,29,17,24,18,30,22,-23,-20,9,17,29,13,31
43.1600,21,-20,-21,4,22,28,22,28,17,-19,-21,14,16,17,14,28,16,-22,-19,13,17,28,18,40,23,-25,-20,10,18,27,5,29,21,-22,-21,9,16,27,16,32,20,-28,-20,9,19,27,19,27,18,-20,-20,24,16,23,21,27,24,-27,-22,5,17,24,13,27
43.1800,21,-24,-19,11,20,31,19,30,16,-19,-16,9,17,22,10,28,17,-26,-20,9,20,27,18,42,23,-27,-20,14,17,30,0,25,21,-23,-16,6,15,25,13,31,17,-27,-22,9,18,31,19,28,18,-25,-21,26,25,29,15,32,21,-29,-17,10,17,20,13,26
43.2000,16,-24,-20,6,23,26,23,29,16,-22,-19,6,15,16,14,31,18,-24,-21,12,17,28,16,37,25,-22,-22,9,16,24,5,27,18,-20,-20,5,16,25,14,35,25,-28,-18,9,16,30,17,32,21,-22,-20,28,20,27,17,29,22,-25,-18,11,22,26,18,31
43.2200,20,-19,-21,7,25,27,19,28,19,-21,-16,4,19,18,17,23,17,-20,-20,12,18,23,20,42,19,-23,-18,10,18,22,7,30,21,-25,-24,9,21,26,20,31,22,-26,-21,9,16,33,16,28,19,-25,-20,24,21,28,11,30,19,-22,-19,10,19,28,16,28
43.2400,19,-19,-15,7,28,28,19,28,20,-21,-17,5,21,12,14,28,18,-24,-23,9,17,30,20,45,24,-22,-16,11,18,21,4,31,23,-22,-19,8,15,23,14,31,23,-24,-20,10,16,27,16,25,21,-22,-22,26,18,25,18,32,19,-22,-20,8,16,28,15,28
43.2600,15,-26,-20,8,29,28,22,28,23,-22,-19,7,19,20,16,29,22,-24,-22,11,21,25,21,37,22,-22,-19,9,16,24,3,30,18,-23,-20,11,18,23,17,28,21,-23,-17,9,18,29,16,27,23,-29,-20,25,17,25,17,30,20,-27,-22,8,12,23,16,29
43.2800,15,-20,-23,8,21,28,20,31,18,-20,-21,11,19,15,19,28,17,-26,-25,8,20,34,15,40,17,-22,-15,8,18,26,0,30,21,-22,-18,10,15,24,19,36,22,-26,-17,7,17,27,17,30,18,-20,-18,26,13,27,15,32,24,-28,-22,10,21,23,13,30
43.3000,19,-17,-17,9,24,27,20,26,15,-22,-18,10,19,14,14,29,22,-24,-24,11,21,28,19,40,20,-22,-24,11,23,22,6,28,20,-22,-21,11,17,25,17,36,20,-26,-17,7,15,28,13,27,18,-23,-21,24,17,27,18,30,18,-25,-18,5,14,31,16,31
43.3200,20,-23,-19,5,25,26,19,32,19,-19,-18,8,20,18,18,29,18,-26,-19,10,15,29,20,40,22,-25,-19,11,15,23,4,32,21,-23,-17,5,17,24,17,33,19,-26,-20,9,13,34,13,30,24,-23,-24,25,18,31,18,29,16,-22,-18,8,22,30,15,33
43.3400,18,-22,-17,9,22,29,16,35,18,-16,-19,5,19,18,14,31,16,-18,-18,8,20,28,26,43,23,-23,-20,6,16,19,4,30,21,-24,-19,6,17,26,19,30,24,-28,-21,7,14,29,15,32,23,-27,-21,26,19,25,17,31,20,-18,-21,9,19,24,16,27
43.3600,21,-22,-20,10,28,24,25,33,23,-18,-18,6,17,15,16,28,22,-20,-16,9,18,29,20,43,22,-23,-18,10,14,24,3,27,23,-22,-18,8,15,27,19,31,22,-31,-20,12,15,30,16,32,19,-27,-22,27,24,29,16,33,23,-21,-17,5,15,26,13,30
43.3800,21,-24,-21,9,26,28,22,32,21,-18,-16,8,23,20,13,23,21,-24,-23,10,19,28,19,41,25,-24,-21,9,16,24,7,30,25,-23,-15,5,16,25,18,32,22,-25,-17,9,18,27,19,30,21,-25,-18,26,17,30,20,29,17,-21,-21,6,16,25,16,30
43.4000,17,-27,-20,8,26,29,22,28,19,-19,-16,9,17,21,15,25,18,-24,-11,7,18,30,20,38,19,-22,-18,8,15,21,7,30,19,-22,-20,5,16,28,13,33,17,-22,-16,12,22,31,13,30,22,-21,-17,22,18,27,18,32,18,-20,-18,6,19,24,16,32
43.4200,18,-23,-15,12,23,26,21,29,19,-21,-23,8,19,22,14,29,17,-20,-21,6,22,24,19,39,23,-24,-18,5,15,23,9,28,29,-23,-21,6,17,27,18,29,25,-28,-17,12,15,29,14,29,22,-22,-25,30,22,23,20,31,22,-23,-20,7,17,27,15,27
43.4400,20,-21,-19,4,25,25,22,32,20,-18,-19,11,18,19,18,28,20,-24,-17,10,16,31,22,39,24,-27,-18,8,16,23,9,29,19,-23,-19,7,19,28,17,33,21,-29,-20,10,21,32,16,30,21,-24,-19,24,17,29,15,33,19,-26,-18,7,16,25,22,29
43.4600,18,-22,-14,6,28,23,21,32,21,-17,-19,14,15,20,13,30,19,-24,-16,11,20,29,19,41,23,-27,-18,11,20,21,4,30,23,-21,-21,7,15,23,22,33,20,-31,-21,9,15,33,17,31,20,-26,-24,20,15,26,20,31,22,-24,-20,10,20,29,17,31
43.4800,23,-22,-14,8,26,25,18,35,19,-17,-18,9,20,17,13,28,22,-22,-18,5,16,29,20,40,22,-21,-18,11,15,23,9,26,19,-23,-22,7,18,26,15,35,24,-25,-21,9,17,29,17,29,23,-26,-21,27,16,29,20,30,19,-21,-18,12,18,29,14,27
43.5000,20,-25,-14,6,27,28,23,31,21,-18,-15,9,19,17,20,30,16,-24,-17,11,20,27,24,44,22,-25,-19,11,15,22,0,31,21,-20,-19,12,15,16,17,31,26,-25,-19,9,19,30,18,27,23,-26,-21,23,16,25,18,30,21,-25,-20,9,15,24,14,35
43.5200,19,-21,-19,9,24,29,18,28,21,-17,-18,10,19,17,15,30,18,-22,-19,7,19,29,21,42,21,-22,-18,11,18,21,6,25,21,-20,-22,7,19,22,19,31,23,-28,-14,12,19,33,16,29,19,-27,-21,26,19,28,14,27,20,-24,-20,15,15,26,15,33
43.5400,17,-19,-20,8,29,28,20,28,21,-20,-18,7,21,19,15,25,18,-24,-23,10,17,29,20,40,20,-22,-22,10,16,17,7,32,20,-17,-14,5,17,21,17,32,24,-24,-22,15,18,30,14,24,22,-26,-20,24,20,28,17,31,19,-22,-12,11,20,22,21,31
43.5600,16,-21,-18,6,23,25,22,33,17,-24,-22,7,19,15,15,30,19,-19,-16,9,23,32,18,42,20,-24,-22,9,14,28,10,27,16,-20,-17,9,19,25,16,32,24,-26,-18,12,18,30,14,30,20,-24,-23,24,17,24,17,30,17,-21,-23,10,19,27,18,32
43.5800,17,-22,-17,10,29,25,23,30,20,-17,-15,6,20,21,14,29,17,-24,-20,12,20,25,24,41,22,-19,-16,11,13,21,8,27,18,-19,-22,5,16,23,17,35,23,-27,-15,7,16,29,13,34,21,-21,-25,25,21,23,16,34,17,-22,-17,10,17,25,16,30
43.6000,16,-25,-21,11,25,28,23,35,21,-18,-19,12,18,18,11,30,22,-25,-20,10,17,28,18,41,19,-24,-23,12,15,28,2,28,18,-22,-20,12,15,25,15,37,19,-21,-18,9,18,30,17,27,15,-20,-19,26,20,31,16,31,16,-23,-15,7,13,25,17,32
43.6200,20,-21,-19,5,24,30,25,36,22,-18,-15,12,16,14,16,32,20,-23,-18,9,20,24,21,44,22,-24,-19,9,14,23,2,30,21,-19,-16,8,19,27,16,30,20,-25,-24,8,22,29,14,29,17,-24,-24,24,20,27,19,29,20,-23,-17,8,17,24,18,31
43.6400,15,-25,-23,11,24,25,23,35,19,-21,-20,12,17,16,14,25,22,-26,-21,6,13,27,20,39,21,-16,-18,12,16,24,9,28,23,-22,-20,12,20,24,12,32,22,-24,-16,13,15,28,12,34,20,-22,-23,24,13,29,22,33,17,-23,-20,8,19,27,18,29
43.6600,19,-24,-17,8,23,26,17,34,24,-21,-18,9,20,16,11,29,24,-21,-21,11,16,29,20,43,21,-25,-17,7,13,24,6,32,15,-21,-16,12,16,29,18,32,20,-26,-19,11,22,29,18,29,19,-22,-22,24,21,31,16,28,22,-21,-17,9,22,28,19,28
43.6800,18,-19,-22,8,22,27,22,36,21,-15,-23,14,21,18,17,28,18,-24,-22,10,21,27,20,43,26,-23,-21,12,14,20,6,30,21,-25,-19,11,18,28,19,32,23,-29,-20,10,19,31,16,31,19,-20,-20,28,17,24,18,28,19,-24,-17,6,20,21,21,31
43.7000,21,-24,-23,9,28,29,22,34,21,-15,-20,12,20,18,16,27,18,-24,-22,10,20,25,22,39,21,-21,-21,12,16,23,5,28,22,-23,-22,9,18,26,13,33,19,-25,-21,11,19,31,14,28,21,-27,-22,27,17,27,17,30,21,-22,-20,8,18,25,21,32
43.7200,17,-25,-18,8,22,28,19,34,20,-16,-20,11,18,17,13,28,24,-26,-19,10,23,28,20,40,22,-25,-15,10,14,19,3,29,15,-25,-15,6,18,21,12,32,25,-22,-20,8,17,27,11,30,18,-17,-18,29,15,25,15,30,20,-26,-24,11,18,27,18,29
43.7400,14,-23,-20,10,26,28,21,34,23,-20,-14,10,23,17,15,31,18,-22,-17,7,20,30,19,42,21,-25,-21,10,17,26,8,28,22,-22,-19,14,15,24,19,35,22,-29,-16,9,15,28,15,26,17,-21,-20,25,17,27,20,29,20,-22,-16,9,17,27,16,31
43.7600,21,-24,-19,7,25,25,22,31,19,-19,-17,5,20,16,10,31,17,-20,-16,6,21,24,16,43,24,-19,-23,6,20,24,4,28,17,-23,-18,11,16,26,17,37,19,-25,-20,9,20,29,16,25,22,-25,-20,24,19,27,14,32,20,-22,-16,6,19,30,14,34
43.7800,18,-22,-21,11,27,34,21,33,23,-17,-16,8,19,18,18,26,15,-22,-22,5,18,25,15,40,20,-25,-15,7,19,27,6,31,25,-17,-15,11,18,23,19,31,14,-25,-17,7,18,31,14,29,19,-22,-22,28,19,31,24,31,21,-19,-18,10,20,27,18,34
43.8000,19,-22,-18,10,22,29,22,32,21,-20,-20,10,21,16,13,30,17,-21,-22,6,20,25,20,44,24,-26,-24,9,19,22,10,26,20,-20,-21,11,19,26,18,39,14,-27,-25,9,20,26,16,29,20,-22,-17,25,18,26,18,29,20,-23,-21,7,20,28,17,29
43.8200,19,-23,-19,9,20,27,22,34,21,-22,-18,11,17,13,13,30,18,-21,-20,12,19,28,21,39,22,-22,-15,8,17,20,6,31,24,-24,-21,9,18,29,14,34,22,-28,-20,9,17,30,12,30,16,-22,-19,29,19,24,14,32,19,-21,-22,10,15,31,21,28
43.8400,21,-26,-17,10,24,29,25,33,20,-22,-14,4,24,18,11,35,20,-26,-16,9,22,28,22,41,22,-23,-15,13,20,21,8,30,22,-21,-20,8,14,23,20,35,24,-28,-17,9,22,29,15,32,22,-23,-20,26,22,28,14,30,19,-21,-20,5,21,26,17,31
43.8600,22,-24,-22,10,24,28,19,34,18,-18,-20,9,21,19,13,30,20,-23,-20,6,21,27,21,35,24,-19,-21,10,17,23,5,32,20,-24,-18,7,15,21,19,36,24,-26,-15,11,15,29,15,29,20,-20,-19,29,21,28,16,27,18,-23,-18,10,17,25,19,34
43.8800,16,-27,-17,10,24,26,20,32,21,-22,-17,11,24,16,17,26,20,-24,-19,10,21,28,18,39,22,-25,-23,15,15,21,6,31,21,-22,-20,11,16,28,22,35,22,-28,-21,9,17,30,18,27,20,-21,-19,26,15,28,16,29,16,-26,-21,6,17,27,19,30
43.9000,23,-23,-19,8,23,26,24,36,22,-21,-16,9,23,19,17,32,21,-28,-16,14,19,28,23,43,25,-26,-21,12,22,19,6,31,25,-18,-19,12,19,25,15,37,19,-29,-19,9,16,31,16,32,21,-22,-17,26,18,27,19,32,21,-25,-19,9,16,28,16,30
43.9200,16,-25,-16,8,21,28,19,29,17,-18,-18,7,22,19,16,30,19,-22,-19,11,21,28,17,40,21,-21,-20,9,16,22,8,30,21,-27,-16,5,20,26,13,33,24,-29,-20,4,24,31,14,28,25,-20,-16,29,12,28,15,28,20,-23,-14,5,23,26,13,32
43.9400,17,-25,-19,9,25,31,23,35,22,-16,-16,5,21,19,18,32,18,-22,-20,6,19,29,19,43,23,-20,-19,11,22,25,5,30,22,-24,-20,8,13,26,16,34,24,-24,-20,6,19,28,13,31,20,-25,-17,25,17,25,17,34,21,-20,-19,9,19,27,16,30
43.9600,18,-26,-17,9,25,31,17,32,20,-19,-16,8,20,19,19,27,18,-21,-20,7,21,29,21,43,20,-22,-22,13,16,21,4,32,20,-20,-21,6,16,27,16,31,29,-26,-17,13,23,34,15,31,21,-22,-20,27,18,25,16,31,17,-24,-18,5,18,28,17,31
43.9800,18,-25,-18,10,25,30,24,38,25,-14,-17,9,18,16,13,31,25,-20,-20,8,17,28,19,41,20,-26,-20,12,12,23,3,28,23,-24,-18,13,14,24,14,36,22,-26,-18,11,20,31,15,32,20,-20,-20,26,18,30,20,34,14,-25,-20,7,19,27,16,33
44.0000,19,-23,-17,11,20,29,20,35,22,-18,-19,6,17,16,11,33,18,-26,-19,9,18,23,20,39,25,-22,-20,9,21,25,4,30,25,-24,-16,6,18,28,15,37,24,-30,-18,11,23,32,10,29,21,-23,-21,29,17,25,18,33,20,-24,-19,6,16,26,14,31
44.0200,20,-24,-21,10,28,31,18,39,21,-19,-20,12,18,18,16,27,25,-18,-22,9,21,26,23,40,20,-23,-21,15,17,23,5,33,20,-16,-19,8,18,25,16,39,23,-31,-17,14,20,32,14,28,17,-24,-20,26,22,29,17,37,24,-23,-16,5,16,27,19,32
44.0400,20,-22,-15,11,24,29,25,38,20,-19,-23,13,15,18,16,26,19,-22,-21,8,20,28,20,41,24,-22,-16,12,20,24,7,28,20,-20,-17,13,20,27,19,36,20,-28,-17,8,19,30,11,26,21,-22,-17,22,17,26,13,32,24,-24,-20,9,20,27,17,29
44.0600,21,-23,-17,10,23,29,23,35,22,-15,-17,10,24,14,16,29,21,-21,-15,3,23,27,19,43,24,-26,-16,10,15,20,2,30,20,-21,-20,5,15,27,17,36,20,-28,-23,12,19,31,16,31,17,-17,-21,24,19,27,16,32,23,-23,-20,5,20,28,19,32
44.0800,15,-26,-20,11,27,25,25,36,25,-19,-19,13,18,18,17,29,22,-24,-20,7,12,28,16,40,25,-22,-23,13,18,23,10,28,22,-20,-19,6,16,26,15,38,20,-26,-20,9,16,28,17,29,20,-23,-24,30,19,29,16,26,20,-24,-17,7,22,23,17,35
44.1000,19,-26,-18,12,22,29,25,33,25,-20,-22,9,16,14,17,28,20,-17,-20,12,19,28,23,37,23,-23,-21,14,21,21,5,33,21,-22,-21,7,18,27,17,37,24,-27,-17,11,16,27,10,33,24,-20,-19,28,23,26,19,28,21,-23,-20,11,16,27,18,33
44.1200,20,-25,-19,10,23,24,23,33,22,-20,-13,8,21,13,17,33,16,-18,-18,9,21,30,17,41,19,-23,-21,8,13,22,5,30,25,-18,-21,12,19,28,18,32,18,-27,-17,8,18,25,14,31,17,-22,-19,27,17,27,14,28,21,-23,-21,10,16,28,20,32
44.1400,18,-26,-19,9,27,29,22,34,22,-19,-17,9,21,19,17,31,22,-23,-18,7,24,24,20,43,22,-24,-20,12,11,21,4,32,21,-19,-19,12,18,24,17,35,24,-25,-15,7,18,29,12,32,19,-24,-15,30,21,23,15,32,25,-25,-17,10,19,24,14,30
44.1600,22,-23,-15,10,22,26,24,35,26,-20,-20,12,22,14,14,34,21,-24,-16,9,18,24,23,43,19,-25,-22,7,19,24,4,26,20,-22,-20,5,18,31,19,35,21,-31,-20,12,16,29,9,30,18,-24,-21,27,16,21,16,32,20,-25,-16,11,22,28,16,26
44.1800,17,-23,-18,9,24,31,21,34,19,-21,-21,13,16,17,11,34,21,-20,-20,12,21,30,20,38,23,-23,-19,12,18,23,7,27,20,-19,-22,13,17,26,14,35,17,-28,-18,12,23,33,15,30,20,-25,-21,30,18,28,20,32,20,-19,-20,11,20,24,16,32
44.2000,15,-22,-19,11,23,29,23,36,22,-23,-18,10,18,15,13,29,19,-20,-21,12,18,28,17,39,25,-17,-17,13,16,24,5,30,25,-16,-22,6,15,23,16,34,21,-27,-22,10,20,32,15,30,26,-21,-22,27,17,26,17,28,22,-20,-17,9,20,27,17,33
44.2200,19,-23,-23,14,25,26,21,33,20,-16,-21,12,21,19,12,31,23,-22,-11,7,23,28,18,45,22,-19,-18,9,23,21,4,33,20,-20,-16,4,19,22,15,37,20,-26,-21,8,18,30,14,27,25,-19,-17,26,12,26,15,32,20,-24,-22,8,19,29,22,31
44.2400,18,-20,-16,7,27,27,18,36,17,-18,-19,11,19,18,11,35,24,-19,-21,15,22,28,17,42,20,-22,-22,9,21,21,1,26,25,-19,-20,13,14,25,16,38,27,-27,-18,10,20,29,13,28,24,-20,-20,29,18,24,16,36,21,-25,-19,6,20,26,19,29
44.2600,21,-23,-19,9,26,32,12,36,23,-20,-22,7,16,17,15,31,22,-19,-11,10,19,27,20,40,23,-24,-19,13,18,18,7,33,26,-19,-19,10,19,30,16,37,26,-26,-18,12,21,30,12,30,20,-21,-21,25,17,27,21,32,19,-23,-18,11,20,27,19,29
44.2800,18,-24,-21,16,26,25,22,36,22,-20,-19,9,20,17,14,31,22,-18,-19,12,23,30,20,38,22,-19,-17,12,18,20,7,31,26,-20,-20,9,19,24,16,37,22,-28,-20,8,19,28,14,31,22,-20,-18,28,20,25,15,30,20,-21,-21,10,19,29,20,32
44.3000,17,-22,-17,11,24,26,20,33,20,-20,-16,14,20,18,15,32,19,-21,-13,13,19,28,23,41,19,-24,-17,15,19,21,12,31,27,-23,-17,9,19,30,18,37,23,-25,-17,9,18,29,12,33,19,-22,-16,27,20,30,21,32,19,-27,-18,7,17,30,19,34
44.3200,22,-23,-16,9,26,26,21,35,23,-20,-19,10,19,16,12,30,22,-25,-20,11,19,24,20,43,21,-25,-20,10,21,24,8,33,25,-19,-18,10,20,21,16,38,21,-27,-22,13,21,29,17,30,20,-20,-17,27,23,28,17,30,21,-23,-24,13,17,20,18,37
44.3400,17,-26,-17,12,24,26,21,32,19,-18,-15,10,16,15,14,32,21,-26,-17,12,25,26,19,40,24,-23,-24,11,19,28,5,28,22,-20,-16,16,17,24,18,34,26,-27,-19,11,18,28,12,30,17,-21,-20,29,18,29,17,35,23,-23,-23,12,20,25,18,34
44.3600,22,-25,-24,8,27,25,22,34,21,-20,-16,9,19,15,13,35,24,-25,-15,7,21,28,18,44,22,-18,-17,9,22,19,5,35,22,-18,-16,16,17,27,20,38,24,-25,-17,11,22,28,14,27,23,-22,-24,30,19,31,19,33,23,-20,-20,13,20,30,17,34
44.3800,24,-23,-23,10,28,26,24,35,26,-18,-16,9,18,17,16,31,23,-23,-20,13,21,28,17,39,21,-22,-21,14,19,23,7,33,26,-22,-21,12,18,28,19,33,23,-27,-23,14,17,25,12,28,24,-24,-17,25,15,27,20,35,21,-20,-17,9,24,26,17,32
44.4000,19,-28,-19,9,24,28,19,37,21,-17,-19,11,18,19,14,29,22,-23,-17,11,22,28,23,43,21,-24,-19,14,19,18,6,33,25,-15,-21,13,15,26,16,35,20,-28,-14,12,21,31,17,32,24,-23,-18,28,17,27,14,31,19,-27,-18,10,21,25,15,34
44.4200,22,-23,-16,9,28,27,21,37,22,-19,-20,12,19,21,12,31,22,-27,-18,13,22,29,21,42,22,-22,-21,12,19,23,6,33,29,-20,-19,7,18,23,10,33,16,-26,-21,10,17,28,17,28,22,-27,-17,28,16,25,20,33,18,-20,-18,5,24,28,18,31
44.4400,17,-25,-16,8,25,33,21,38,19,-17,-17,11,19,20,17,32,22,-22,-20,13,25,26,16,44,21,-19,-16,7,18,22,5,36,26,-22,-19,12,16,23,17,33,23,-28,-19,11,20,31,17,27,22,-21,-18,26,20,27,16,39,20,-19,-21,5,18,29,18,33
44.4600,24,-21,-22,10,24,28,24,34,21,-17,-21,14,18,17,17,30,18,-23,-19,9,20,24,22,40,25,-21,-19,12,20,22,4,33,24,-19,-20,13,18,23,16,33,21,-21,-17,12,16,28,13,29,20,-24,-17,27,21,29,17,30,20,-23,-18,6,19,25,17,31
44.4800,20,-27,-17,11,22,30,17,34,23,-21,-16,10,19,18,10,30,18,-24,-14,8,21,24,20,43,24,-21,-21,10,14,22,5,30,26,-19,-19,12,21,26,17,37,22,-25,-20,12,22,27,12,27,20,-24,-16,25,22,26,15,34,19,-19,-19,10,22,27,18,33
44.5000,23,-20,-17,9,26,27,23,30,22,-19,-22,8,17,17,16,33,19,-23,-19,8,22,25,21,42,20,-19,-19,10,13,23,7,27,31,-20,-18,12,21,25,17,37,26,-29,-20,8,21,32,15,37,22,-21,-20,23,15,28,19,34,21,-20,-14,9,16,30,15,30
44.5200,22,-24,-18,10,18,28,19,40,21,-17,-20,15,23,9,14,33,17,-23,-24,10,25,29,18,42,23,-21,-20,10,19,24,7,33,27,-18,-19,9,23,27,18,34,22,-24,-17,7,15,28,16,33,23,-24,-22,26,20,25,15,32,24,-25,-20,9,17,26,15,34
44.5400,20,-23,-18,8,22,32,23,35,25,-14,-20,12,21,18,14,29,22,-21,-17,15,16,32,15,44,22,-26,-21,10,16,21,4,28,23,-21,-21,9,17,22,15,39,22,-26,-19,7,20,31,15,32,24,-21,-18,29,23,26,20,36,13,-22,-20,8,14,30,18,30
44.5600,21,-25,-22,9,27,26,18,37,24,-20,-19,9,24,15,16,33,24,-19,-20,10,17,22,15,38,20,-24,-17,10,19,22,5,27,26,-18,-19,11,18,26,18,36,25,-24,-19,13,20,28,13,25,20,-19,-19,29,21,27,15,32,22,-24,-19,7,18,26,19,29
44.5800,20,-23,-18,11,21,29,20,41,19,-18,-18,16,22,15,15,37,26,-21,-16,12,23,26,19,44,20,-22,-18,14,15,20,6,31,25,-19,-18,10,14,25,18,35,24,-27,-15,13,20,34,15,34,26,-22,-19,25,18,24,18,34,19,-20,-17,8,19,26,20,33
44.6000,20,-26,-21,10,24,35,20,31,20,-16,-18,12,15,16,13,30,21,-22,-20,9,21,24,18,39,23,-22,-19,13,19,21,9,27,21,-18,-18,14,17,22,17,34,21,-28,-19,18,17,29,13,29,21,-20,-18,30,19,27,15,31,22,-20,-17,14,20,30,16,30
44.6200,17,-26,-20,13,25,28,19,35,21,-17,-15,8,20,15,15,31,19,-24,-19,12,26,21,20,44,25,-21,-15,14,18,22,5,32,24,-19,-22,13,18,25,18,40,24,-30,-21,13,19,31,13,30,25,-25,-20,27,18,28,19,32,22,-21,-20,7,16,28,17,31
44.6400,25,-26,-18,11,28,31,18,38,20,-19,-15,14,20,19,11,30,19,-19,-19,8,24,27,19,40,21,-21,-19,10,19,22,8,34,30,-22,-21,10,20,28,16,35,27,-26,-16,12,20,30,15,35,23,-25,-21,27,22,26,11,32,22,-22,-19,8,15,23,16,29
44.6600,23,-25,-19,12,26,31,20,37,23,-20,-18,11,20,14,11,32,20,-23,-19,12,23,25,20,36,21,-25,-18,12,18,29,6,34,25,-23,-19,8,18,28,14,41,23,-23,-19,13,19,30,12,31,21,-23,-17,29,19,28,20,29,20,-22,-21,7,22,27,18,34
44.6800,16,-22,-18,9,24,26,24,33,25,-17,-17,11,21,16,16,30,22,-21,-14,9,23,29,17,42,21,-24,-23,8,16,25,9,31,26,-23,-22,10,17,23,17,38,21,-25,-18,13,21,29,14,32,25,-25,-20,25,17,25,16,33,19,-23,-22,11,21,25,18,35
44.7000,18,-21,-19,12,30,26,23,38,22,-17,-21,15,26,14,13,35,21,-24,-16,7,22,29,18,39,20,-22,-20,12,14,20,4,37,22,-22,-18,10,19,24,18,35,24,-31,-15,12,21,28,15,32,21,-16,-15,25,17,26,16,29,15,-21,-20,7,19,29,19,35
44.7200,17,-25,-18,12,30,31,19,37,23,-18,-19,11,25,15,14,33,22,-22,-17,15,20,28,18,41,21,-24,-18,10,20,18,6,35,25,-18,-16,12,15,22,16,39,23,-24,-18,13,19,26,15,31,24,-24,-17,23,18,29,16,32,24,-22,-20,8,17,28,19,29
44.7400,20,-27,-13,11,25,31,18,38,13,-17,-18,13,18,13,11,33,22,-22,-18,11,25,30,15,43,22,-24,-16,12,17,25,5,35,26,-17,-16,9,18,23,20,33,20,-29,-17,11,20,32,21,34,21,-22,-20,27,17,28,15,34,16,-22,-18,8,19,26,21,32
44.7600,19,-23,-16,14,25,29,19,34,22,-20,-16,10,25,16,13,36,18,-22,-21,10,19,26,22,41,25,-21,-16,7,18,23,5,31,23,-23,-15,7,15,24,18,39,22,-28,-17,7,19,29,19,32,21,-25,-20,29,18,25,19,37,21,-25,-21,7,19,30,17,31
44.7800,18,-28,-18,11,26,28,20,36,21,-18,-20,10,22,17,11,28,21,-24,-16,11,18,29,20,44,16,-22,-16,12,20,18,3,27,18,-25,-18,10,20,29,14,36,20,-28,-13,9,20,30,17,27,23,-22,-16,27,22,25,15,37,23,-21,-17,10,22,29,17,30
44.8000,23,-25,-18,11,25,27,18,34,21,-19,-20,11,22,18,15,28,25,-20,-18,11,24,28,18,42,15,-25,-21,12,19,20,3,31,28,-22,-16,9,19,24,19,37,17,-24,-13,11,20,28,14,27,20,-24,-18,31,17,25,16,36,22,-21,-17,12,21,21,20,30
44.8200,19,-25,-17,11,27,31,17,36,24,-19,-20,12,22,14,16,36,22,-18,-20,10,21,28,23,42,18,-29,-15,11,21,26,1,36,26,-18,-21,13,22,27,18,42,22,-30,-19,13,24,27,15,30,23,-23,-19,30,23,28,20,34,21,-21,-18,10,20,22,15,36
44.8400,19,-25,-17,13,22,28,19,35,22,-19,-16,9,21,14,16,31,20,-20,-18,11,22,26,23,44,17,-24,-17,14,18,19,6,33,27,-22,-18,11,21,24,18,38,12,-28,-14,13,24,26,13,32,20,-24,-18,35,20,26,16,36,20,-23,-19,13,19,28,20,33
44.8600,21,-24,-19,6,31,32,21,38,25,-17,-14,14,23,19,13,33,22,-21,-19,10,21,27,18,39,18,-23,-18,15,16,26,1,29,27,-24,-18,11,20,24,20,40,26,-27,-14,10,19,29,12,26,21,-25,-16,29,17,25,14,38,22,-23,-17,12,20,29,16,33
44.8800,20,-23,-20,12,24,29,22,37,18,-24,-16,9,15,15,17,33,23,-20,-17,14,21,28,20,41,24,-24,-22,13,20,23,4,34,25,-22,-15,10,19,22,21,37,28,-27,-17,14,26,24,14,30,25,-25,-17,24,19,24,14,34,22,-22,-22,8,17,26,10,36
44.9000,20,-24,-18,15,24,33,19,34,24,-21,-18,12,17,17,17,32,24,-22,-15,12,23,28,21,38,18,-21,-20,13,20,21,1,36,26,-18,-17,14,21,27,16,39,26,-27,-18,13,23,25,14,30,26,-24,-23,24,17,27,16,36,25,-17,-19,12,20,25,15,32
44.9200,19,-22,-18,10,31,29,20,35,20,-19,-23,11,20,17,18,35,21,-24,-18,12,23,25,22,42,17,-22,-17,18,16,20,4,36,23,-21,-16,13,17,26,16,39,24,-29,-16,13,20,32,16,30,25,-27,-17,26,18,30,16,36,27,-23,-16,5,24,29,15,29
44.9400,17,-30,-23,10,28,30,23,38,22,-18,-17,11,18,14,17,35,20,-21,-20,11,25,29,20,42,26,-20,-15,13,18,25,6,35,24,-19,-17,12,15,26,18,35,23,-31,-20,14,22,29,15,33,24,-23,-17,33,14,26,13,34,20,-24,-17,12,23,28,15,31
44.9600,19,-23,-18,11,23,27,22,36,17,-21,-14,11,19,12,12,29,25,-22,-15,12,19,25,20,43,18,-24,-21,16,19,23,5,31,24,-19,-20,13,20,25,16,40,28,-30,-17,13,24,30,10,28,25,-24,-17,28,18,26,19,33,21,-24,-15,14,17,28,21,30
44.9800,20,-28,-21,12,28,28,21,41,25,-20,-17,12,22,18,12,32,20,-25,-16,9,21,28,18,46,22,-23,-22,11,20,25,7,35,26,-16,-17,15,17,25,18,40,27,-34,-18,13,24,31,15,32,21,-23,-18,30,19,26,19,34,22,-24,-15,9,20,26,15,34
45.0000,21,-27,-14,13,28,31,15,42,16,-20,-17,13,18,19,13,33,20,-24,-20,10,23,29,20,41,21,-23,-16,11,19,24,2,32,25,-19,-19,9,15,27,20,38,26,-31,-23,9,19,27,9,31,23,-20,-20,27,19,24,15,34,19,-20,-18,8,19,26,20,30
45.0200,17,-24,-16,13,27,29,21,34,21,-19,-18,10,23,17,16,31,19,-25,-20,13,24,29,21,38,24,-21,-14,9,20,22,2,35,28,-21,-15,10,22,23,16,40,26,-25,-18,10,23,27,15,33,21,-20,-17,30,18,27,16,36,24,-22,-14,10,21,25,18,34
45.0400,19,-28,-20,11,32,31,20,41,16,-20,-18,16,20,16,15,34,22,-18,-16,14,23,29,19,44,24,-21,-15,14,16,20,5,34,29,-22,-19,11,18,28,14,38,23,-29,-20,14,23,30,14,32,18,-24,-21,32,19,28,14,35,23,-26,-20,10,19,28,14,35
45.0600,23,-23,-16,11,25,27,19,38,20,-19,-25,10,19,17,18,33,21,-21,-19,14,24,23,23,42,23,-24,-19,13,19,19,8,34,26,-25,-15,11,17,27,19,40,22,-30,-17,9,22,27,15,31,19,-24,-14,28,19,26,19,34,25,-19,-17,9,18,25,18,32
45.0800,20,-25,-14,9,23,27,22,35,20,-18,-18,11,20,16,13,32,20,-22,-20,12,24,27,23,38,20,-20,-20,14,22,24,3,34,28,-21,-16,10,16,25,20,35,20,-27,-18,10,23,24,12,27,16,-25,-17,30,19,33,21,35,23,-21,-16,7,17,30,17,33
45.1000,19,-26,-17,6,23,30,20,41,22,-19,-20,8,24,13,16,33,22,-24,-13,14,23,26,22,43,21,-22,-22,14,17,23,5,35,28,-21,-18,13,20,26,14,37,24,-31,-20,11,23,27,12,34,20,-23,-16,27,19,23,17,36,15,-20,-20,11,13,21,13,36
45.1200,21,-22,-16,10,28,26,21,37,26,-17,-16,12,15,13,14,34,22,-18,-16,10,22,29,21,41,19,-25,-17,13,16,26,7,34,29,-22,-20,14,16,24,16,36,25,-24,-16,13,24,33,13,32,24,-22,-17,31,16,26,16,29,25,-22,-18,9,16,24,21,33
45.1400,18,-22,-16,12,24,30,20,37,25,-21,-16,13,15,16,12,34,21,-20,-21,12,22,26,14,43,22,-27,-19,14,20,25,4,35,26,-23,-23,11,18,26,16,37,23,-26,-20,12,23,30,14,31,20,-26,-21,28,18,28,19,29,22,-23,-23,11,22,30,15,34
45.1600,23,-26,-21,8,29,29,17,38,23,-26,-21,13,22,17,18,36,21,-24,-16,13,21,30,17,43,20,-23,-19,11,21,24,4,32,21,-20,-19,14,19,23,17,40,26,-29,-11,10,23,28,15,31,22,-23,-16,31,17,26,16,37,17,-23,-18,9,17,29,16,32
45.1800,20,-21,-17,11,22,28,20,38,23,-19,-15,16,17,14,14,33,20,-20,-17,10,26,24,17,40,18,-23,-22,16,21,18,4,31,23,-18,-17,14,17,28,18,39,27,-27,-17,14,20,28,11,39,18,-23,-19,31,19,29,17,36,26,-21,-17,11,18,30,17,32
45.2000,22,-27,-20,8,27,31,19,39,19,-20,-16,13,19,15,15,33,22,-21,-14,12,21,26,18,40,22,-26,-21,12,19,26,3,33,25,-20,-16,12,16,21,16,32,23,-29,-15,13,21,29,13,30,16,-25,-20,26,18,25,15,35,20,-25,-16,12,16,24,17,32
45.2200,20,-21,-21,12,30,27,18,41,25,-19,-17,12,17,13,13,34,20,-21,-19,13,22,25,18,43,19,-23,-17,14,22,24,3,31,22,-18,-16,14,17,27,21,39,28,-27,-16,12,23,29,14,31,21,-23,-19,34,14,26,17,31,25,-21,-16,10,17,29,16,34
45.2400,25,-24,-18,8,26,34,21,39,20,-22,-22,13,24,14,12,36,20,-19,-17,16,24,28,23,44,19,-22,-19,8,18,24,0,35,21,-22,-19,11,17,28,15,39,25,-25,-16,11,24,25,14,30,18,-26,-12,30,17,28,15,36,24,-21,-21,8,19,27,15,34
45.2600,21,-23,-17,10,29,31,20,38,24,-19,-15,9,20,15,12,34,18,-18,-15,8,22,26,21,40,19,-20,-20,14,17,26,6,32,27,-17,-17,14,21,25,18,35,24,-24,-13,13,25,27,15,29,20,-27,-13,31,16,27,17,31,22,-21,-20,9,17,26,15,36
45.2800,19,-23,-11,10,24,30,16,41,16,-23,-16,10,20,17,17,34,22,-17,-16,13,19,27,18,40,20,-22,-18,10,19,25,1,38,23,-20,-20,13,19,25,19,37,22,-26,-19,15,24,27,8,31,22,-25,-21,25,22,25,17,31,22,-21,-17,6,21,29,16,35
45.3000,20,-23,-15,11,23,29,18,40,23,-22,-17,8,20,17,12,32,22,-18,-15,10,21,28,15,41,21,-27,-16,8,17,22,4,32,27,-23,-18,12,19,25,19,37,25,-28,-15,13,20,28,13,32,22,-23,-16,30,16,31,15,37,28,-21,-20,9,16,21,14,37
45.3200,22,-26,-22,6,30,34,17,39,19,-21,-18,9,20,14,12,33,23,-19,-19,10,21,31,19,45,18,-26,-20,7,21,24,5,32,28,-23,-15,14,25,25,17,37,22,-25,-19,12,26,29,14,32,22,-22,-21,29,18,29,14,34,18,-19,-15,13,17,27,19,32
45.3400,18,-27,-21,10,27,28,16,40,21,-21,-16,13,18,16,11,31,23,-18,-16,14,23,29,18,47,20,-24,-22,6,25,24,3,36,24,-25,-15,10,24,30,20,38,29,-22,-16,18,20,25,12,32,22,-25,-16,30,16,29,19,37,23,-29,-19,10,19,29,14,34
45.3600,21,-28,-18,14,26,32,18,43,21,-17,-20,12,19,18,11,36,25,-15,-20,12,25,24,21,44,20,-22,-17,11,20,25,3,33,24,-22,-21,11,20,29,17,38,24,-29,-20,13,17,33,16,25,24,-25,-16,27,22,22,15,32,21,-24,-18,14,19,25,18,36
45.3800,18,-28,-23,10,26,31,18,40,17,-22,-16,10,20,17,16,38,18,-19,-16,16,19,27,20,44,21,-22,-18,14,17,23,1,31,24,-20,-16,10,19,27,19,38,22,-29,-18,12,19,28,13,32,22,-25,-15,29,21,31,17,37,16,-21,-15,12,19,25,17,36
45.4000,16,-26,-16,9,23,29,17,37,22,-21,-13,9,21,15,12,34,25,-17,-15,16,21,25,21,46,25,-22,-10,15,23,25,7,35,21,-19,-17,12,16,23,18,40,22,-26,-20,15,23,27,14,31,25,-28,-19,28,17,28,16,38,23,-24,-20,11,20,25,16,34
45.4200,19,-25,-21,12,27,30,18,37,22,-17,-18,9,19,15,14,34,20,-26,-22,12,20,26,16,45,21,-23,-17,16,20,25,4,28,27,-21,-17,7,17,32,14,36,29,-26,-16,16,19,26,15,31,20,-20,-15,26,16,30,17,36,23,-19,-18,10,18,24,16,31
45.4400,21,-27,-20,12,28,28,15,39,26,-15,-14,15,20,14,11,35,20,-20,-15,13,21,25,15,44,20,-25,-16,12,21,23,4,34,24,-20,-20,9,21,26,15,34,25,-29,-20,17,24,26,11,33,24,-24,-15,27,19,24,16,36,21,-27,-20,11,18,24,14,31
45.4600,22,-26,-18,12,24,28,16,40,19,-21,-18,12,20,11,17,36,23,-22,-16,14,15,23,18,42,22,-23,-21,18,27,19,4,37,24,-19,-16,14,20,26,17,35,28,-25,-17,11,24,25,12,28,24,-24,-14,31,18,26,11,37,24,-25,-17,11,12,29,14,31
45.4800,15,-22,-18,7,23,28,14,40,24,-22,-17,16,25,14,16,37,23,-23,-15,10,22,25,20,43,17,-26,-16,8,18,26,2,35,26,-19,-20,12,19,25,16,37,21,-28,-18,12,26,25,14,32,22,-23,-14,28,21,27,17,35,24,-26,-17,7,15,27,13,35
45.5000,22,-27,-14,17,24,31,17,40,25,-18,-20,15,17,14,13,31,18,-22,-15,15,21,29,19,45,20,-26,-17,13,15,24,0,35,25,-18,-18,20,18,25,17,40,23,-27,-19,14,26,29,16,32,23,-24,-15,31,18,27,15,40,19,-21,-18,13,19,28,13,38
45.5200,22,-25,-17,12,23,33,16,42,23,-18,-18,12,21,19,16,33,27,-23,-16,10,22,28,17,44,23,-23,-18,15,19,26,0,34,23,-23,-15,10,20,24,17,37,27,-28,-16,12,24,32,12,32,22,-26,-15,33,21,28,14,37,22,-20,-16,12,21,27,12,37
45.5400,22,-25,-17,13,31,30,15,40,19,-17,-18,12,18,15,18,35,16,-23,-17,12,23,27,20,45,20,-22,-22,11,20,20,1,33,26,-20,-18,11,20,25,14,37,24,-27,-21,9,20,27,14,35,24,-20,-18,26,18,25,17,39,21,-20,-16,13,16,25,10,36
45.5600,18,-27,-20,13,27,31,16,39,24,-21,-19,11,22,15,11,32,24,-23,-16,13,21,25,20,40,19,-23,-20,12,17,26,4,31,20,-21,-19,14,17,21,19,39,29,-28,-19,15,22,23,13,30,25,-19,-16,29,20,27,11,34,20,-28,-16,12,20,27,11,29
45.5800,19,-24,-20,16,25,30,13,40,22,-17,-16,12,19,14,17,31,24,-19,-16,9,19,26,21,45,27,-24,-15,11,20,22,5,32,21,-20,-19,13,17,27,20,35,25,-24,-17,10,26,29,13,32,24,-24,-16,33,17,30,17,34,20,-23,-18,9,19,26,17,36
45.6000,18,-26,-16,14,24,32,22,35,25,-18,-15,14,19,12,15,32,21,-20,-15,11,25,29,19,45,21,-19,-13,14,20,20,3,37,27,-23,-21,17,20,27,19,38,20,-26,-17,15,19,29,10,28,25,-27,-17,31,26,25,15,30,20,-18,-19,15,21,23,15,35
45.6200,18,-25,-18,13,26,26,18,37,20,-21,-18,13,17,19,12,32,21,-18,-16,11,21,26,20,43,18,-23,-15,13,22,25,1,34,25,-17,-22,13,17,25,19,41,26,-33,-19,15,20,31,13,30,21,-25,-19,33,20,27,11,33,20,-20,-14,16,21,27,15,34
45.6400,22,-27,-19,12,26,29,19,36,18,-20,-18,11,20,17,9,35,17,-22,-21,15,25,27,17,39,17,-23,-23,14,15,24,1,35,27,-23,-20,13,15,24,16,37,29,-26,-16,12,23,27,13,32,21,-22,-17,30,20,27,17,35,21,-19,-14,11,18,30,18,32
45.6600,22,-24,-16,15,29,30,18,38,21,-25,-18,9,20,11,14,34,18,-21,-17,16,22,28,18,41,23,-25,-18,17,15,26,5,35,22,-17,-19,16,15,28,21,39,25,-25,-18,14,18,28,12,32,19,-22,-13,30,17,28,16,34,22,-19,-15,12,21,26,20,31
45.6800,21,-25,-17,9,26,31,19,35,24,-23,-18,11,14,14,16,30,21,-19,-19,11,25,27,21,41,18,-22,-12,16,20,24,1,32,27,-18,-20,16,17,24,15,34,23,-27,-20,14,20,26,7,31,22,-27,-21,32,19,30,17,33,23,-25,-17,13,15,29,12,36
45.7000,21,-22,-14,11,21,30,14,35,24,-23,-19,16,20,20,17,37,20,-19,-16,11,21,23,18,40,27,-24,-17,12,19,26,7,34,27,-20,-20,15,20,28,19,34,21,-29,-18,9,22,27,10,36,23,-24,-18,31,17,29,15,33,22,-24,-19,12,17,28,15,32
45.7200,18,-29,-16,15,25,25,19,37,25,-23,-15,16,22,13,14,35,22,-22,-17,10,22,30,15,40,22,-23,-20,15,22,25,-1,31,26,-22,-19,13,16,25,14,39,27,-24,-15,16,22,32,11,30,22,-24,-18,29,14,25,15,38,23,-26,-17,9,20,25,18,36
45.7400,22,-29,-20,15,25,29,18,33,19,-21,-14,11,20,14,14,37,20,-19,-13,20,16,29,19,41,21,-24,-13,16,21,27,3,37,29,-17,-19,14,13,30,16,38,27,-27,-19,13,18,26,11,35,22,-24,-19,27,18,27,12,35,16,-20,-19,16,21,24,17,38
45.7600,20,-29,-17,14,21,28,14,36,21,-22,-14,15,20,15,12,34,16,-19,-19,19,19,27,22,44,26,-27,-17,14,16,23,2,33,32,-17,-16,11,19,30,19,36,27,-23,-14,9,21,25,15,32,20,-22,-14,31,19,28,17,34,25,-20,-19,10,21,26,17,32
45.7800,22,-32,-21,14,28,33,16,37,17,-20,-14,15,17,15,14,35,17,-22,-18,16,17,27,15,46,26,-23,-20,12,19,24,5,37,33,-20,-17,15,18,24,17,33,25,-27,-16,12,20,27,12,35,24,-25,-14,28,21,29,12,34,25,-24,-14,9,13,27,15,37
45.8000,21,-26,-20,16,27,32,20,39,23,-23,-15,15,19,16,16,31,19,-23,-18,13,21,25,12,43,21,-20,-17,12,23,23,8,35,41,-20,-19,15,17,29,15,36,25,-21,-16,15,19,28,6,34,22,-20,-20,29,20,28,13,35,23,-23,-20,6,20,28,15,33
45.8200,21,-31,-16,11,28,31,14,38,19,-20,-17,14,23,16,11,40,18,-20,-15,14,21,32,15,45,19,-23,-13,14,19,27,4,35,36,-21,-18,11,25,27,15,33,28,-24,-15,12,19,25,14,33,26,-24,-16,33,20,24,17,31,22,-24,-17,14,15,31,13,35
45.8400,14,-24,-16,9,24,32,18,37,18,-22,-16,12,21,14,15,35,13,-21,-20,15,21,30,16,45,20,-19,-14,13,20,22,1,40,39,-21,-15,11,14,29,19,34,27,-21,-19,16,21,27,16,30,22,-25,-19,34,21,29,12,32,21,-23,-16,4,18,28,19,34
45.8600,21,-29,-17,10,24,31,19,40,17,-21,-16,13,22,17,21,37,21,-18,-18,12,15,26,21,42,21,-25,-16,18,19,25,6,32,37,-23,-19,15,16,28,23,31,31,-23,-16,15,20,27,13,31,22,-23,-17,30,16,30,16,34,21,-21,-14,12,20,28,18,35
45.8800,23,-25,-15,14,23,28,16,39,18,-19,-16,14,20,18,11,38,22,-19,-18,15,19,26,20,44,26,-25,-10,13,14,23,6,38,40,-29,-15,12,15,31,21,33,33,-21,-17,12,22,25,14,27,18,-22,-13,27,19,24,14,36,23,-21,-18,10,20,25,17,39
45.9000,19,-22,-18,11,27,28,20,36,28,-17,-16,15,14,15,15,34,15,-18,-19,11,20,21,20,39,19,-24,-20,12,22,24,7,35,42,-26,-17,15,19,28,18,34,36,-21,-21,12,21,25,13,31,22,-23,-17,33,20,27,16,39,21,-19,-17,11,17,28,18,38
45.9200,16,-24,-14,17,21,31,19,37,19,-21,-16,13,18,17,12,37,18,-20,-14,20,23,28,16,45,20,-21,-17,13,23,25,0,36,36,-33,-19,15,18,23,19,34,36,-20,-16,12,23,24,13,32,24,-23,-22,32,21,26,15,39,21,-19,-18,13,19,27,15,36
45.9400,21,-24,-18,9,23,31,20,35,25,-19,-14,16,20,20,15,36,19,-16,-21,11,26,28,19,45,23,-23,-21,15,18,20,4,36,35,-39,-16,14,17,29,20,35,42,-24,-14,15,23,26,14,28,18,-25,-12,29,19,32,19,38,17,-23,-15,14,18,27,15,29
45.9600,18,-25,-20,9,25,33,17,35,13,-22,-16,13,19,17,11,36,17,-19,-19,14,19,25,17,43,20,-20,-18,14,20,26,3,36,33,-38,-15,15,18,22,18,39,44,-28,-16,16,22,30,14,28,23,-21,-17,34,17,29,16,32,20,-22,-12,11,19,26,21,30
45.9800,21,-29,-21,14,25,28,18,39,20,-19,-14,9,20,18,12,33,24,-15,-18,16,18,26,13,36,16,-22,-20,12,16,25,2,34,27,-38,-16,13,22,22,19,36,41,-29,-16,14,17,29,9,28,24,-22,-17,32,15,29,16,40,18,-18,-18,14,17,27,16,33
46.0000,25,-22,-14,13,23,30,19,38,19,-19,-18,12,21,13,18,38,21,-13,-15,15,19,28,18,41,21,-18,-19,18,21,26,1,36,16,-46,-18,15,20,28,23,38,46,-35,-20,13,18,28,13,25,21,-25,-9,29,17,31,12,33,21,-21,-14,13,14,24,20,39
46.0200,19,-19,-23,12,22,30,19,40,22,-19,-21,11,22,12,14,35,25,-16,-16,16,25,29,16,43,21,-23,-17,15,22,22,8,33,19,-39,-18,14,19,25,20,45,42,-37,-15,11,21,25,14,29,22,-15,-15,31,16,26,18,35,22,-19,-16,7,21,28,16,36
46.0400,19,-25,-16,14,23,32,21,31,22,-20,-16,13,14,13,14,37,31,-18,-16,10,18,26,16,45,16,-18,-21,13,21,25,6,39,5,-36,-16,14,14,25,27,43,42,-35,-15,16,23,31,11,27,27,-24,-15,29,17,31,18,38,24,-27,-19,10,20,28,14,38
46.0600,20,-24,-19,17,22,28,19,36,20,-23,-16,15,20,13,12,35,34,-13,-12,13,23,27,16,41,12,-22,-13,13,23,25,4,32,3,-34,-18,10,13,28,20,48,36,-40,-15,16,21,25,11,33,24,-23,-17,34,16,28,15,35,19,-22,-16,11,19,21,9,35
46.0800,23,-24,-15,19,24,31,14,38,25,-22,-15,7,18,18,15,35,36,-19,-20,10,19,28,17,44,13,-18,-17,15,18,25,4,37,-2,-30,-11,9,13,30,22,46,37,-45,-19,17,23,25,13,29,28,-24,-14,31,19,30,11,41,23,-21,-18,13,19,30,18,35
46.1000,19,-23,-20,14,27,29,16,36,20,-21,-17,12,18,13,15,36,39,-17,-17,15,23,25,18,43,20,-19,-18,15,20,23,3,33,-8,-22,-17,13,16,28,23,51,23,-52,-12,14,22,28,12,31,18,-25,-17,33,18,30,16,33,19,-27,-21,14,16,27,16,31
46.1200,20,-23,-15,13,25,31,17,37,20,-21,-14,13,20,14,9,36,39,-25,-17,16,21,26,20,40,22,-13,-16,20,19,27,2,33,-9,-13,-15,18,17,30,21,55,12,-48,-19,16,18,24,13,37,23,-22,-12,29,18,27,14,36,21,-23,-14,13,16,26,16,36
46.1400,16,-26,-16,16,24,31,15,39,23,-24,-17,12,17,14,14,31,36,-28,-19,12,18,25,18,36,16,-20,-17,17,16,26,1,38,-3,-2,-14,13,14,25,17,54,4,-52,-16,17,17,27,14,41,20,-22,-17,27,18,22,14,40,19,-21,-13,15,20,30,15,34
46.1600,16,-26,-19,15,27,30,15,38,20,-24,-18,18,25,17,13,31,31,-32,-15,12,16,27,18,39,25,-18,-16,13,22,25,2,36,-3,3,-21,16,16,27,15,52,-4,-46,-17,11,21,28,20,38,25,-23,-12,32,21,29,14,35,22,-22,-16,16,17,28,16,36
46.1800,14,-22,-18,11,26,32,17,35,22,-26,-13,18,20,23,15,32,33,-35,-16,16,20,25,20,42,29,-16,-14,14,19,26,3,33,-5,10,-16,16,16,27,10,51,-11,-40,-16,17,17,24,18,47,22,-22,-17,31,20,29,16,39,21,-24,-11,14,19,28,14,31
46.2000,17,-23,-13,13,23,29,13,39,20,-23,-19,16,20,14,11,33,26,-37,-17,17,22,28,16,43,28,-20,-16,17,20,21,9,31,3,13,-18,12,15,28,8,49,-12,-37,-15,17,16,27,18,50,22,-20,-14,30,20,23,12,37,28,-22,-13,9,17,29,13,33
46.2200,19,-21,-15,7,24,32,16,41,20,-25,-14,12,18,12,16,35,27,-39,-13,16,21,25,20,44,33,-16,-12,16,19,27,1,37,12,20,-14,15,16,31,8,42,-19,-27,-13,11,18,27,15,54,27,-22,-14,30,17,25,17,36,22,-20,-14,11,20,28,10,36
46.2400,16,-19,-10,13,21,30,14,34,22,-21,-16,14,18,17,14,33,19,-40,-19,17,21,23,19,41,35,-19,-18,13,19,27,3,33,17,19,-10,13,14,27,6,35,-22,-10,-16,13,19,26,16,51,22,-19,-14,26,20,24,20,30,23,-26,-19,13,15,28,17,33
46.2600,21,-20,-20,14,21,30,17,38,23,-22,-17,13,14,17,18,35,16,-40,-16,12,21,24,23,46,30,-22,-21,16,18,29,3,31,32,18,-18,15,16,31,2,31,-13,-3,-18,13,20,25,13,51,23,-22,-14,34,22,26,10,33,26,-22,-20,9,18,31,14,41
46.2800,22,-20,-14,12,25,29,15,33,17,-20,-17,13,17,18,14,36,5,-36,-17,16,21,25,19,55,37,-27,-16,15,22,22,0,27,40,11,-11,12,18,28,2,21,-10,12,-16,17,15,21,14,52,24,-27,-21,30,20,25,18,35,21,-19,-12,12,21,28,13,38
46.3000,25,-22,-19,12,23,30,20,37,17,-19,-15,13,15,15,11,39,1,-38,-17,16,18,26,23,52,37,-24,-15,18,19,21,3,32,51,9,-16,14,17,29,-4,14,3,20,-17,11,17,28,9,44,19,-23,-13,33,19,26,10,36,21,-23,-18,13,13,27,19,36
46.3200,30,-16,-14,14,24,31,16,37,21,-18,-13,11,21,18,13,35,-4,-28,-12,17,17,27,28,56,40,-27,-13,14,19,24,1,33,59,-3,-14,13,21,28,0,5,11,22,-15,13,16,26,1,43,27,-22,-17,33,19,22,11,36,19,-27,-18,9,20,24,17,40
46.3400,31,-18,-13,14,24,34,18,37,15,-21,-13,16,19,16,19,32,-16,-30,-17,18,16,27,21,58,40,-30,-15,16,19,22,1,32,74,-14,-15,16,29,32,-2,4,29,27,-18,12,14,27,0,39,21,-22,-18,33,17,24,13,36,23,-27,-16,11,19,26,14,39
46.3600,34,-16,-12,14,25,29,21,35,14,-21,-15,13,18,13,15,33,-20,-24,-16,19,18,27,18,58,32,-30,-16,17,22,24,2,33,78,-25,-15,18,34,32,1,-1,35,30,-12,20,17,27,-4,32,20,-21,-14,32,20,31,18,33,22,-26,-16,11,19,27,9,37
46.3800,34,-22,-19,15,25,30,13,33,16,-19,-15,17,14,17,15,34,-20,-15,-12,16,14,29,23,64,30,-36,-16,12,21,22,6,36,94,-38,-19,14,31,34,5,-3,47,28,-16,17,22,25,-6,23,20,-23,-15,32,20,25,13,36,25,-21,-24,11,18,27,16,35
46.4000,39,-22,-15,11,22,29,19,32,13,-20,-15,16,16,17,14,38,-21,-7,-16,15,15,21,13,63,28,-46,-12,13,22,23,7,35,109,-52,-13,14,36,33,8,-5,60,20,-17,15,21,26,-7,10,24,-25,-16,35,17,26,14,34,20,-23,-19,11,18,24,10,38
46.4200,36,-26,-19,15,24,30,14,35,16,-18,-18,11,19,14,17,36,-21,7,-16,14,16,31,13,62,24,-44,-11,14,22,28,6,37,126,-64,-15,15,38,29,11,-10,77,5,-15,15,28,26,-8,-2,25,-29,-18,29,17,29,15,36,20,-20,-19,13,21,29,15,38
46.4400,41,-28,-17,15,24,30,16,35,16,-22,-10,16,18,14,11,35,-18,19,-19,13,19,29,15,58,18,-43,-14,20,19,22,6,38,141,-77,-25,14,42,36,20,-6,85,-4,-18,18,24,27,-12,-8,25,-21,-16,33,19,26,14,37,22,-22,-16,14,18,24,12,31
46.4600,47,-31,-20,13,23,28,16,31,17,-15,-15,15,19,17,14,35,-16,20,-17,12,14,25,10,57,6,-41,-18,15,23,22,7,44,151,-88,-20,12,44,31,29,0,100,-23,-13,19,27,29,-12,-12,26,-29,-12,31,15,24,13,35,24,-26,-16,15,20,27,12,35
46.4800,44,-37,-11,15,20,29,14,34,22,-19,-15,11,22,19,11,35,-1,26,-15,13,16,29,5,48,0,-38,-15,16,20,25,2,45,157,-100,-15,13,37,28,37,12,113,-42,-15,17,34,34,-7,-19,25,-25,-15,32,17,28,15,36,18,-26,-13,15,13,28,16,35
46.5000,38,-44,-14,12,21,28,18,35,27,-16,-12,13,20,15,15,32,6,26,-18,15,17,27,6,52,-12,-35,-19,13,17,27,8,52,153,-112,-17,14,37,28,46,27,132,-57,-12,14,37,33,-4,-20,22,-27,-14,37,14,26,19,34,22,-22,-18,8,20,26,12,37
46.5200,35,-44,-20,16,29,29,18,36,28,-18,-17,14,22,13,13,32,26,31,-19,17,19,27,4,39,-15,-29,-15,11,15,26,9,51,128,-131,-17,15,31,24,50,45,143,-77,-16,19,45,29,1,-15,22,-23,-16,33,16,29,13,39,22,-19,-19,14,19,26,15,39
46.5400,28,-49,-20,17,21,32,18,37,36,-18,-15,16,22,14,12,35,44,25,-15,16,15,28,1,24,-24,-22,-15,17,18,29,3,55,90,-145,-17,17,18,19,63,64,146,-92,-16,15,53,30,9,-17,30,-25,-17,32,15,28,14,37,26,-24,-16,13,16,31,17,33
46.5600,14,-51,-14,14,24,26,17,43,36,-18,-15,18,19,15,13,29,66,19,-13,14,20,31,-2,25,-30,-12,-18,16,13,30,7,52,38,-152,-18,20,17,13,69,89,152,-109,-14,21,49,28,18,-3,27,-24,-17,29,17,29,18,33,20,-22,-15,12,21,29,15,30
46.5800,7,-50,-15,14,25,31,19,40,40,-17,-16,15,17,18,19,28,90,5,-17,12,24,31,-3,14,-39,-1,-15,16,15,25,1,50,-25,-148,-13,18,1,11,79,114,144,-127,-17,19,47,26,36,8,31,-28,-14,36,16,28,14,36,22,-20,-20,12,21,30,13,39
46.6000,-6,-50,-15,17,28,32,22,48,48,-22,-16,15,16,15,16,33,120,-2,-16,17,25,31,-3,0,-35,11,-17,15,14,29,4,53,-98,-132,-12,16,-14,1,79,140,125,-143,-16,16,43,26,41,26,29,-22,-15,31,16,27,18,33,22,-23,-20,12,16,28,15,34
46.6200,-24,-45,-14,16,24,29,20,53,46,-24,-14,11,17,15,17,29,143,-21,-19,19,32,29,3,0,-30,15,-21,16,18,26,-3,48,-169,-106,-16,16,-31,3,77,165,99,-154,-18,17,37,25,52,49,24,-21,-14,36,18,29,10,31,24,-27,-18,13,16,30,14,35
46.6400,-42,-39,-19,13,22,28,16,54,46,-26,-17,18,18,11,14,28,160,-49,-13,17,38,28,0,-9,-22,29,-15,16,12,24,-4,47,-228,-71,-18,15,-45,-2,70,185,55,-157,-17,18,29,19,62,77,24,-22,-11,33,17,29,19,35,21,-24,-14,17,16,28,14,33
46.6600,-51,-28,-15,10,23,24,24,60,48,-34,-17,15,16,15,10,29,174,-73,-15,25,41,31,8,-11,-3,34,-21,10,15,25,-11,44,-271,-15,-15,14,-56,-1,50,196,-4,-151,-17,14,20,12,70,102,24,-23,-15,31,14,25,15,37,23,-24,-14,17,18,25,11,32
46.6800,-58,-18,-15,15,21,31,18,62,43,-34,-17,18,19,20,14,30,170,-99,-16,17,42,31,13,-8,22,39,-15,16,15,28,-8,35,-291,43,-13,19,-69,2,27,192,-66,-136,-18,17,2,9,79,127,24,-20,-18,35,15,27,14,34,27,-23,-16,15,18,29,15,38
46.7000,-60,-8,-15,15,18,30,21,66,40,-50,-14,16,22,11,16,27,157,-127,-16,15,42,32,18,-2,53,41,-12,14,20,29,-20,28,-287,104,-18,16,-71,6,-4,177,-131,-110,-14,15,-12,3,74,152,24,-21,-17,31,18,31,15,36,21,-16,-15,14,15,31,16,34
46.7200,-53,8,-13,12,17,32,20,60,33,-50,-17,17,22,18,18,32,133,-146,-18,17,41,28,33,22,95,29,-17,18,24,28,-13,14,-257,164,-14,16,-65,12,-49,146,-187,-74,-15,19,-31,-3,71,174,22,-19,-16,31,17,24,16,35,19,-24,-17,17,17,27,12,33
46.7400,-40,34,-14,11,14,29,10,63,22,-55,-11,12,17,14,16,35,80,-162,-17,16,43,30,47,40,132,21,-17,20,21,26,-22,7,-201,217,-14,14,-46,24,-86,96,-232,-25,-13,17,-47,-6,57,189,18,-21,-13,34,13,30,14,33,26,-24,-20,11,14,26,10,37
46.7600,-9,43,-14,15,10,29,7,53,9,-54,-16,15,13,16,20,36,28,-171,-12,17,42,27,51,69,167,5,-17,15,27,30,-19,-10,-121,253,-13,14,-20,32,-124,35,-261,29,-17,17,-59,-9,39,191,23,-20,-14,34,14,27,17,34,20,-19,-12,16,18,26,13,33
46.7800,28,55,-12,14,19,28,4,46,-9,-55,-11,12,17,17,24,47,-45,-160,-15,16,32,23,67,100,194,-28,-18,19,28,30,-18,-17,-30,270,-15,18,20,50,-163,-30,-263,93,-16,15,-71,-7,9,175,21,-23,-17,37,17,27,19,39,22,-23,-18,17,21,27,18,37
46.8000,70,59,-18,18,21,32,1,38,-23,-54,-14,13,23,14,19,41,-108,-144,-13,13,20,19,73,135,210,-56,-15,18,33,34,-18,-28,65,260,-20,19,68,65,-177,-101,-247,151,-14,15,-70,-6,-23,152,18,-23,-12,30,23,25,12,37,22,-19,-11,20,15,25,13,38
46.8200,114,54,-15,15,24,32,-5,24,-38,-48,-16,17,18,15,26,50,-174,-113,-17,17,5,11,75,164,203,-87,-12,16,41,30,-10,-29,158,229,-18,15,120,86,-187,-173,-205,202,-12,19,-64,5,-62,108,23,-26,-12,32,19,29,14,33,22,-23,-19,16,17,27,19,34
46.8400,159,46,-17,13,19,31,-8,9,-56,-37,-16,17,19,11,23,53,-229,-68,-17,15,-9,5,84,188,184,-127,-15,16,42,36,-7,-23,244,178,-14,16,162,99,-167,-226,-138,235,-14,16,-46,11,-107,52,24,-21,-15,33,14,30,12,36,23,-22,-16,15,20,27,11,37
46.8600,196,17,-18,18,26,31,-11,-14,-64,-20,-15,16,13,13,23,57,-266,-10,-13,15,-33,1,70,198,146,-163,-11,16,46,32,-1,-13,312,102,-15,15,202,111,-134,-267,-57,247,-19,14,-13,23,-140,-16,22,-22,-17,33,14,26,15,37,22,-20,-18,17,17,29,14,31
46.8800,227,-13,-11,17,31,35,-10,-27,-65,-11,-12,15,10,20,18,62,-283,51,-18,14,-46,0,49,198,94,-183,-16,16,47,35,11,10,359,20,-14,17,226,117,-87,-283,24,247,-12,15,32,42,-164,-79,23,-25,-14,31,16,31,12,36,16,-25,-14,14,18,27,13,38
46.9000,232,-58,-15,17,35,32,-11,-40,-62,5,-16,16,15,19,22,61,-273,110,-12,18,-57,-2,24,177,26,-195,-14,15,45,30,20,45,373,-73,-16,18,238,117,-20,-263,115,220,-12,14,79,58,-174,-142,29,-24,-17,34,18,27,14,39,22,-21,-15,14,21,27,17,39
46.9200,224,-103,-13,15,42,35,-12,-45,-43,28,-11,13,13,14,15,61,-235,166,-12,18,-66,-5,-11,137,-42,-187,-15,18,40,27,39,82,363,-158,-18,14,230,101,54,-226,206,179,-20,13,125,83,-173,-191,24,-26,-16,34,20,26,15,36,24,-22,-16,14,16,28,16,37
46.9400,193,-150,-10,14,45,38,-3,-41,-16,44,-11,16,11,16,13,58,-183,211,-19,15,-63,-1,-49,99,-118,-161,-16,16,33,23,53,119,325,-232,-15,18,196,78,133,-162,270,108,-20,16,174,93,-142,-229,16,-20,-13,37,13,28,17,34,21,-18,-16,11,18,26,16,33
46.9600,144,-190,-18,18,48,33,7,-28,24,50,-16,15,12,18,9,54,-105,236,-17,10,-48,5,-89,38,-188,-125,-13,21,27,19,57,152,268,-292,-15,17,147,42,210,-86,314,35,-16,16,211,104,-97,-246,24,-23,-15,29,17,25,9,36,23,-22,-13,17,20,26,15,34
46.9800,83,-213,-16,13,53,42,18,4,68,51,-15,13,3,17,3,40,-12,245,-13,16,-12,11,-122,-20,-241,-72,-16,18,11,10,62,181,195,-330,-17,18,80,1,269,5,340,-49,-16,15,229,107,-41,-242,27,-26,-12,36,16,24,8,35,23,-27,-14,12,19,28,15,36
47.0000,9,-223,-12,13,55,31,32,42,119,48,-14,13,13,18,-3,29,76,231,-19,18,16,22,-137,-77,-276,-6,-17,16,-6,10,55,190,117,-345,-15,13,4,-50,317,105,344,-124,-13,17,225,105,23,-213,24,-19,-16,33,20,29,9,39,22,-24,-12,16,15,25,12,33
47.0200,-71,-212,-16,16,55,33,52,81,162,36,-8,14,13,21,-6,11,169,190,-17,20,65,37,-140,-120,-291,56,-14,13,-25,1,37,181,37,-327,-14,17,-80,-99,342,194,321,-200,-16,21,207,89,97,-165,21,-25,-11,39,18,30,12,42,24,-22,-16,18,17,28,16,34
47.0400,-146,-182,-18,12,54,32,67,128,194,13,-11,18,16,19,-9,-5,237,140,-18,16,110,57,-121,-157,-285,116,-16,19,-37,-1,12,160,-33,-295,-17,15,-161,-141,344,273,274,-255,-16,17,163,62,162,-98,17,-19,-15,36,20,30,12,32,26,-23,-13,17,17,26,12,35
47.0600,-210,-136,-16,18,40,33,80,168,215,-19,-15,16,23,18,-14,-15,301,71,-13,16,147,73,-93,-183,-251,171,-15,18,-47,2,-23,119,-94,-235,-18,14,-229,-170,322,331,214,-291,-17,12,104,27,219,-19,25,-24,-13,35,14,30,10,34,23,-20,-12,15,16,26,16,34
47.0800,-266,-77,-10,20,25,26,82,197,214,-57,-14,16,27,20,-13,-27,329,-4,-17,18,172,86,-48,-185,-192,208,-19,15,-44,-6,-54,71,-141,-164,-15,19,-281,-176,272,364,141,-312,-12,21,34,-15,262,63,26,-25,-12,38,15,29,11,36,24,-20,-15,15,12,31,9,37
47.1000,-293,-1,-9,18,10,17,80,205,192,-102,-15,17,33,21,-15,-27,329,-88,-16,15,182,87,4,-169,-112,240,-19,15,-30,3,-91,17,-171,-89,-13,18,-321,-165,192,363,64,-305,-15,17,-35,-55,284,146,26,-26,-13,36,14,28,9,33,22,-19,-14,17,13,32,14,33
47.1200,-304,65,-19,17,-9,13,63,196,149,-137,-14,17,33,23,-12,-28,305,-163,-15,14,175,92,63,-141,-17,239,-13,20,-13,6,-113,-37,-188,-19,-15,22,-331,-140,103,331,-5,-273,-14,14,-108,-96,290,216,21,-28,-12,36,15,30,15,38,20,-21,-13,16,15,27,12,33
47.1400,-287,132,-14,15,-31,8,33,159,101,-162,-15,20,42,28,1,-11,259,-226,-14,22,142,80,113,-90,77,226,-13,17,20,10,-127,-84,-188,46,-14,22,-312,-88,-3,280,-66,-227,-17,18,-178,-124,275,276,21,-23,-18,33,18,23,11,35,21,-19,-14,16,19,29,16,35
47.1600,-249,190,-10,20,-46,3,-4,116,35,-181,-13,19,50,28,9,15,192,-268,-14,20,100,64,160,-32,179,192,-15,14,58,16,-127,-124,-182,99,-15,17,-266,-22,-106,206,-110,-166,-12,17,-231,-138,236,309,26,-24,-14,37,18,30,18,35,19,-24,-14,17,14,26,13,34
47.1800,-176,230,-17,15,-47,2,-44,65,-28,-177,-13,15,53,26,18,49,114,-292,-12,18,44,34,188,42,259,135,-17,16,92,26,-98,-148,-173,136,-19,21,-191,50,-204,131,-143,-97,-15,19,-260,-141,179,320,23,-24,-13,31,18,28,13,37,21,-22,-11,19,17,27,11,38
47.2000,-93,254,-17,14,-40,-4,-81,6,-95,-162,-16,20,50,24,33,75,44,-290,-15,22,-17,3,209,117,320,74,-15,19,123,41,-57,-158,-149,163,-13,16,-97,124,-287,50,-164,-32,-14,20,-274,-119,107,309,27,-25,-13,32,19,27,12,40,20,-23,-14,16,14,29,17,35
47.2200,11,254,-13,20,-18,-5,-100,-56,-155,-123,-18,22,48,25,41,104,-29,-260,-14,20,-68,-24,216,186,352,-4,-16,18,137,54,-23,-162,-130,172,-11,19,8,189,-337,-19,-177,34,-16,17,-269,-82,26,264,20,-28,-11,32,19,25,13,34,23,-22,-12,14,15,26,15,37
47.2400,119,234,-10,16,17,5,-110,-97,-203,-79,-14,21,40,21,44,126,-89,-216,-17,20,-116,-53,207,242,360,-83,-17,15,133,52,26,-148,-103,173,-18,15,120,243,-351,-79,-171,87,-14,18,-232,-35,-59,209,25,-25,-17,33,18,26,11,35,22,-27,-10,13,16,27,12,36
47.2600,222,191,-13,14,54,10,-97,-135,-233,-25,-15,20,29,16,44,136,-137,-158,-12,18,-153,-72,184,272,335,-160,-13,18,117,60,72,-115,-74,166,-14,19,227,288,-336,-126,-162,127,-14,16,-184,22,-141,141,21,-24,-13,35,12,29,15,38,25,-20,-14,15,15,32,13,35
47.2800,297,123,-15,17,90,21,-70,-154,-253,25,-16,19,20,11,36,124,-166,-80,-13,19,-171,-72,150,286,284,-228,-14,19,83,53,103,-72,-40,149,-17,19,314,305,-290,-154,-146,150,-13,21,-111,80,-211,64,22,-22,-9,37,13,29,15,38,22,-21,-13,19,13,30,14,36
47.3000,354,45,-13,18,116,34,-32,-159,-247,80,-15,16,10,5,27,108,-183,-14,-17,18,-179,-57,100,281,220,-274,-16,18,38,40,128,-14,1,134,-14,17,367,311,-225,-169,-117,166,-14,17,-24,135,-262,-6,19,-23,-16,37,16,31,17,38,20,-18,-18,19,14,33,13,37
47.3200,375,-33,-15,18,136,41,17,-150,-216,122,-18,18,0,3,19,76,-183,46,-17,20,-177,-35,43,242,139,-297,-11,20,-9,30,141,41,48,102,-13,14,388,293,-141,-168,-92,169,-15,22,71,180,-287,-67,22,-24,-14,36,16,28,12,37,23,-23,-15,16,13,26,11,36
47.3400,367,-127,-18,17,129,47,66,-131,-168,146,-13,20,-2,-3,-3,43,-172,97,-11,20,-155,1,-28,193,56,-297,-12,16,-49,16,140,107,79,77,-13,19,384,249,-59,-150,-54,162,-15,21,161,212,-289,-110,26,-21,-15,34,14,30,12,36,23,-23,-16,16,18,23,11,33
47.3600,332,-204,-16,16,108,49,103,-96,-103,169,-16,13,-6,-15,-15,9,-150,137,-11,21,-129,32,-94,128,-23,-267,-12,17,-84,-1,140,164,121,40,-15,18,340,190,27,-135,-21,149,-15,20,245,235,-262,-144,25,-20,-14,38,12,29,8,35,24,-26,-16,18,15,29,12,36
47.3800,267,-271,-18,14,73,46,128,-49,-21,170,-12,18,9,-18,-18,-22,-118,160,-11,17,-76,67,-144,59,-94,-227,-13,14,-105,-4,113,215,156,0,-13,15,275,111,103,-105,21,121,-14,16,304,231,-209,-164,21,-18,-16,38,15,28,12,33,22,-24,-11,18,19,30,14,37
47.4000,188,-311,-13,20,25,40,151,12,63,158,-13,20,19,-22,-12,-47,-78,167,-14,18,-13,94,-190,-2,-148,-162,-19,17,-115,0,92,247,184,-33,-15,23,191,25,172,-70,56,89,-14,23,338,219,-143,-162,20,-25,-15,42,16,28,14,34,20,-27,-14,17,17,29,15,35
47.4200,98,-329,-14,17,-22,27,152,81,152,130,-8,18,27,-25,-3,-52,-44,163,-12,18,45,115,-209,-60,-196,-95,-13,19,-109,13,55,258,207,-69,-15,20,98,-72,217,-29,95,58,-12,20,342,188,-66,-156,20,-22,-13,35,22,25,10,36,18,-22,-16,15,18,25,13,35
47.4400,13,-318,-15,16,-65,19,148,143,227,89,-14,13,38,-25,21,-63,-4,147,-15,20,116,127,-208,-95,-223,-26,-15,18,-103,35,17,244,212,-108,-16,24,4,-153,260,6,127,19,-13,21,316,146,9,-127,22,-27,-11,40,15,29,14,35,22,-22,-13,17,14,30,12,36
47.4600,-72,-275,-14,18,-93,7,127,201,289,36,-15,16,43,-28,48,-59,34,116,-16,15,181,122,-189,-125,-232,46,-13,18,-79,58,-24,210,214,-137,-14,18,-84,-228,280,49,159,-20,-16,15,265,89,84,-93,22,-22,-9,39,19,26,13,37,20,-21,-13,15,15,26,11,36
47.4800,-150,-221,-11,18,-105,12,96,245,318,-26,-14,17,33,-26,69,-43,69,87,-15,17,224,116,-142,-131,-227,105,-13,16,-51,83,-67,159,205,-161,-18,17,-159,-277,286,88,175,-58,-13,14,188,24,143,-61,24,-20,-16,41,13,27,12,35,24,-27,-14,17,14,30,14,38
47.5000,-202,-148,-14,20,-108,24,71,268,321,-84,-12,17,19,-26,88,-31,95,48,-14,15,252,97,-82,-124,-208,154,-10,21,-25,100,-116,98,190,-176,-14,17,-217,-288,271,116,186,-88,-14,21,100,-39,192,-23,25,-20,-12,42,17,25,8,32,18,-25,-14,19,19,26,9,33
47.5200,-249,-61,-16,15,-92,47,30,272,297,-145,-7,16,-5,-26,100,-4,120,1,-12,19,246,75,-17,-108,-175,187,-14,20,12,109,-150,32,164,-186,-14,21,-263,-281,240,135,190,-119,-13,17,16,-98,231,24,24,-23,-8,34,14,27,14,36,20,-22,-18,15,17,28,7,34
47.5400,-265,18,-13,18,-66,72,-10,242,241,-193,-14,19,-40,-21,95,31,135,-37,-15,18,220,49,51,-81,-128,209,-13,20,60,106,-175,-32,131,-184,-12,22,-282,-237,196,153,192,-139,-12,20,-71,-155,255,66,21,-21,-10,37,17,27,16,34,18,-25,-14,17,18,25,13,33
47.5600,-266,96,-13,20,-39,102,-52,193,172,-225,-17,19,-70,-6,82,56,138,-76,-12,16,177,22,106,-47,-63,211,-15,18,103,98,-180,-79,92,-177,-14,18,-286,-170,137,165,183,-154,-14,18,-141,-191,257,107,27,-26,-14,39,15,29,14,35,21,-24,-14,20,14,23,17,36
47.5800,-256,164,-12,15,-3,127,-95,128,92,-240,-7,22,-89,5,59,86,143,-111,-15,19,113,-15,148,-6,5,200,-15,18,143,67,-167,-119,49,-165,-12,21,-270,-90,73,159,168,-164,-10,20,-198,-204,244,139,26,-23,-13,36,15,25,13,38,25,-19,-16,20,17,27,10,35
47.6000,-215,208,-9,17,30,141,-135,55,8,-231,-15,16,-96,28,25,117,136,-138,-13,19,38,-46,187,38,66,171,-14,17,177,41,-134,-147,14,-151,-15,19,-233,-4,2,154,136,-162,-9,17,-244,-203,223,161,17,-25,-11,39,16,25,10,34,23,-22,-13,14,18,27,12,33
47.6200,-160,243,-13,20,64,141,-163,-18,-75,-204,-15,15,-97,61,-13,144,123,-157,-16,20,-38,-70,207,85,123,131,-15,20,201,7,-91,-160,-18,-118,-13,17,-177,91,-62,143,112,-157,-14,22,-267,-169,178,169,18,-23,-11,37,15,26,11,32,21,-19,-12,19,18,28,17,39
47.6400,-93,252,-11,20,104,128,-173,-86,-140,-155,-13,16,-66,90,-42,159,106,-157,-15,21,-102,-90,213,129,168,79,-9,21,204,-31,-33,-151,-41,-91,-14,16,-108,166,-118,131,78,-152,-16,22,-267,-117,122,176,23,-22,-13,40,16,23,11,38,25,-25,-14,15,16,26,14,38
47.6600,-11,243,-14,16,151,100,-161,-139,-190,-93,-15,18,-31,124,-71,160,99,-158,-14,19,-155,-100,207,170,198,24,-14,21,187,-62,22,-144,-61,-50,-15,20,-28,230,-159,112,47,-132,-10,23,-250,-59,56,168,19,-23,-15,40,16,23,11,38,28,-23,-9,14,11,30,16,31
47.6800,62,219,-15,20,184,59,-134,-175,-227,-30,-9,21,10,160,-92,155,72,-143,-12,20,-197,-96,187,195,218,-42,-13,23,145,-84,86,-120,-67,-28,-15,24,54,274,-185,95,15,-114,-8,21,-215,24,-9,157,21,-23,-11,41,13,30,11,39,22,-25,-15,18,18,28,13,36
47.7000,137,172,-11,21,210,14,-89,-193,-243,40,-14,18,61,186,-112,119,59,-126,-11,21,-216,-77,156,209,220,-104,-16,20,94,-96,130,-87,-61,0,-17,21,136,301,-199,74,-10,-89,-15,18,-164,87,-71,133,22,-22,-11,35,12,26,10,32,21,-17,-14,17,19,28,11,36
47.7200,197,113,-15,19,217,-37,-21,-197,-238,101,-14,20,111,204,-120,80,36,-106,-12,23,-221,-42,112,210,215,-151,-13,20,27,-106,166,-41,-53,24,-16,20,194,301,-197,53,-31,-61,-12,19,-97,147,-128,112,21,-23,-14,40,16,25,17,36,21,-19,-17,16,14,28,15,34
47.7400,241,36,-18,14,207,-79,46,-186,-217,148,-13,20,146,210,-117,29,16,-86,-13,22,-211,2,61,201,188,-194,-13,19,-49,-102,189,18,-44,39,-15,24,239,284,-177,35,-39,-36,-17,16,-14,203,-170,86,22,-21,-12,33,17,27,12,34,23,-21,-14,18,16,24,12,33
47.7600,265,-37,-11,16,171,-120,114,-159,-172,179,-16,19,186,193,-112,-22,-4,-66,-14,17,-184,56,7,183,159,-220,-15,21,-115,-95,204,69,-35,40,-16,19,262,260,-151,17,-41,-7,-15,18,59,239,-197,64,24,-23,-11,39,18,30,15,40,25,-27,-12,16,13,28,10,37
47.7800,264,-115,-11,22,116,-150,172,-119,-124,196,-11,17,201,160,-92,-77,-15,-44,-6,20,-142,115,-53,152,129,-232,-12,17,-166,-80,202,128,-27,41,-12,21,267,204,-117,1,-31,11,-12,19,142,256,-210,47,22,-22,-14,40,15,26,13,36,22,-25,-17,21,13,29,8,40
47.8000,248,-182,-8,21,48,-165,217,-66,-55,196,-14,20,208,103,-69,-122,-25,-22,-11,21,-90,157,-113,110,95,-223,-16,18,-204,-51,189,188,-26,33,-17,25,250,138,-82,-11,-21,28,-14,21,204,258,-206,21,22,-24,-10,38,20,25,10,32,24,-25,-16,18,15,26,11,33
47.8200,216,-235,-15,21,-36,-165,249,-6,12,176,-13,20,212,31,-28,-147,-29,-4,-11,23,-31,192,-159,79,57,-198,-17,24,-223,-14,163,224,-31,19,-11,23,220,73,-48,-18,-13,40,-15,22,256,239,-182,-1,22,-22,-16,37,15,29,9,35,25,-27,-14,20,15,28,13,36
47.8400,176,-270,-11,22,-118,-155,258,61,86,148,-10,17,197,-46,21,-158,-32,12,-12,19,38,212,-194,46,32,-170,-15,18,-225,36,122,255,-35,14,-12,19,182,-8,-10,-11,-7,34,-12,20,289,207,-148,-6,23,-26,-13,37,20,26,9,33,22,-22,-14,22,15,32,13,37
47.8600,135,-278,-9,19,-182,-140,247,133,150,99,-13,23,172,-128,72,-155,-24,28,-14,21,110,223,-211,16,8,-137,-12,22,-209,86,72,260,-42,5,-15,21,132,-75,20,-7,1,30,-16,21,288,156,-114,-23,24,-28,-16,37,14,30,11,37,23,-20,-15,15,18,32,14,37
47.8800,87,-277,-13,19,-243,-101,233,191,209,50,-13,18,125,-201,127,-139,-11,34,-11,19,171,213,-207,-7,-19,-93,-13,20,-181,137,15,246,-53,4,-15,20,86,-145,46,3,-1,17,-13,22,275,105,-73,-26,26,-20,-13,39,13,29,13,39,21,-23,-13,20,16,27,14,38
47.9000,49,-248,-11,17,-272,-50,198,251,250,-11,-11,17,72,-262,183,-109,2,38,-12,21,230,190,-189,-20,-35,-55,-16,21,-144,191,-52,219,-52,9,-16,18,45,-192,68,13,-15,5,-18,21,235,41,-27,-29,22,-25,-14,37,14,31,14,38,18,-25,-14,21,19,33,8,36
47.9200,8,-209,-8,20,-272,10,148,290,267,-81,-8,22,6,-311,217,-73,4,30,-13,20,268,158,-155,-36,-39,-25,-16,15,-96,229,-120,179,-46,20,-16,21,3,-218,79,23,-24,-8,-17,22,189,-31,10,-18,26,-21,-12,36,13,26,12,40,19,-23,-11,19,15,24,9,31
47.9400,-21,-161,-10,15,-256,82,98,307,270,-139,-14,23,-74,-334,242,-29,9,21,-7,21,289,112,-109,-39,-42,9,-9,21,-40,257,-174,132,-43,35,-13,19,-26,-229,83,23,-37,-9,-10,24,137,-97,40,-4,24,-23,-15,43,11,28,13,36,23,-23,-12,21,14,31,5,36
47.9600,-47,-108,-12,19,-214,156,33,301,245,-196,-13,20,-145,-328,250,24,3,8,-11,20,284,67,-63,-40,-33,34,-9,22,29,266,-222,85,-24,45,-13,21,-52,-222,79,22,-47,-11,-12,18,79,-152,69,10,28,-21,-13,45,17,30,11,36,20,-25,-11,14,17,29,13,37
47.9800,-59,-54,-15,19,-166,233,-33,274,204,-241,-14,21,-209,-295,247,79,1,-10,-13,23,257,15,-14,-30,-20,52,-9,20,94,258,-252,40,-6,56,-13,17,-71,-189,64,18,-52,-6,-10,25,30,-195,84,26,26,-22,-13,38,12,27,12,34,22,-25,-14,12,17,28,7,36
48.0000,-66,-7,-9,23,-104,294,-99,233,161,-266,-11,20,-269,-241,220,127,-13,-25,-15,24,218,-42,31,-15,-6,56,-10,21,156,234,-261,0,13,62,-14,21,-74,-151,52,0,-57,7,-13,22,-17,-223,97,40,23,-23,-14,39,17,28,14,35,23,-24,-12,18,17,27,10,37
48.0200,-57,28,-10,16,-39,338,-162,172,116,-271,-15,22,-305,-164,182,176,-33,-29,-12,19,160,-94,64,2,12,58,-11,23,217,197,-257,-35,32,60,-14,23,-73,-89,36,-17,-51,22,-16,20,-56,-230,95,42,18,-21,-11,40,17,28,11,31,21,-24,-13,21,15,22,11,36
48.0400,-46,58,-12,23,33,361,-220,115,64,-258,-20,23,-314,-60,138,224,-46,-36,-14,18,93,-142,99,24,17,51,-13,18,269,150,-234,-59,54,48,-16,18,-57,-43,22,-29,-44,36,-13,18,-79,-221,92,43,21,-22,-13,41,18,23,11,32,21,-20,-9,16,18,27,10,36
48.0600,-32,78,-14,18,101,353,-260,53,11,-232,-15,20,-297,51,81,256,-53,-30,-14,21,34,-179,117,42,21,30,-10,19,294,99,-186,-74,70,35,-16,20,-43,11,17,-43,-24,48,-15,24,-91,-190,74,32,24,-23,-11,42,16,26,17,36,26,-25,-15,18,16,29,10,37
48.0800,-6,81,-14,23,170,319,-276,-5,-24,-190,-17,23,-252,164,25,276,-64,-20,-11,20,-16,-213,131,65,12,17,-8,22,308,44,-131,-76,83,12,-13,22,-21,56,20,-50,-3,58,-15,20,-97,-149,51,21,19,-23,-12,37,13,27,13,37,20,-24,-15,23,18,26,11,36
48.1000,10,78,-10,18,222,267,-272,-45,-54,-134,-11,20,-190,265,-27,286,-62,-6,-12,21,-64,-223,128,76,1,-1,-14,17,297,-13,-76,-72,96,-7,-16,21,2,91,31,-45,22,64,-17,25,-92,-93,31,1,25,-27,-12,40,7,26,11,36,20,-25,-15,18,16,24,9,34
48.1200,25,68,-13,18,279,208,-249,-80,-65,-81,-13,19,-124,360,-84,268,-58,16,-9,19,-102,-221,118,80,-18,-19,-16,24,263,-70,-21,-59,96,-31,-12,21,17,118,47,-36,45,58,-13,24,-71,-36,17,-16,19,-25,-11,40,12,27,9,37,23,-20,-15,21,14,26,11,38
48.1400,31,44,-14,20,317,131,-208,-102,-79,-35,-11,21,-49,420,-136,244,-45,34,-10,23,-117,-199,99,79,-40,-26,-15,22,212,-119,33,-38,101,-54,-12,18,25,131,73,-20,66,48,-9,22,-54,15,2,-27,23,-25,-15,44,17,25,9,38,21,-22,-7,19,13,25,11,36
48.1600,25,24,-12,16,336,54,-151,-105,-77,12,-17,20,29,457,-180,195,-23,47,-14,21,-126,-166,78,68,-67,-26,-15,21,156,-164,68,-11,99,-71,-14,21,21,135,95,-3,87,33,-13,21,-28,65,9,-41,23,-25,-9,38,15,28,11,34,18,-27,-15,25,11,23,13,36
48.1800,15,-4,-13,16,328,-21,-86,-97,-61,46,-12,25,103,468,-217,140,1,53,-13,18,-124,-112,55,50,-82,-22,-13,22,86,-197,94,5,89,-92,-15,25,7,127,112,24,99,13,-16,22,-5,98,16,-45,18,-25,-13,40,19,28,8,35,19,-24,-10,17,19,28,13,33
48.2000,-6,-21,-13,23,307,-87,-22,-81,-45,78,-10,21,164,435,-239,83,25,57,-12,20,-107,-52,28,32,-90,-6,-14,22,26,-221,114,33,79,-98,-13,20,-10,110,131,45,105,-9,-12,18,14,127,30,-44,21,-24,-18,41,16,32,11,30,27,-25,-9,20,14,28,12,35
48.2200,-25,-34,-7,23,261,-143,39,-63,-26,83,-14,24,216,385,-254,25,54,50,-10,26,-88,4,11,10,-87,14,-12,20,-26,-238,118,44,70,-104,-10,22,-34,92,130,68,110,-31,-14,20,31,141,45,-28,22,-25,-11,35,14,29,8,35,19,-22,-10,21,14,26,11,38
48.2400,-48,-41,-11,22,207,-192,87,-35,-2,82,-15,20,256,304,-249,-22,69,32,-18,20,-61,59,-2,-5,-77,33,-9,21,-77,-233,113,54,52,-107,-10,21,-59,67,122,90,110,-57,-11,21,28,144,73,-12,24,-24,-10,36,19,29,12,34,17,-18,-10,17,16,28,11,36
48.2600,-62,-36,-13,21,132,-229,123,-5,11,80,-12,24,282,210,-231,-60,85,16,-14,22,-32,104,-5,-18,-55,51,-10,23,-107,-219,101,51,42,-98,-13,19,-79,48,101,101,108,-75,-8,20,23,135,88,2,21,-21,-16,35,17,23,14,38,21,-25,-13,20,13,27,13,36
48.2800,-78,-24,-14,20,60,-254,147,18,23,66,-13,25,306,108,-199,-87,90,-2,-10,26,-6,135,-3,-21,-30,66,-10,23,-126,-186,79,44,29,-88,-12,18,-93,31,75,108,89,-90,-15,21,4,123,107,29,21,-24,-12,39,17,23,9,36,22,-25,-9,22,14,26,11,36
48.3000,-79,-5,-8,22,-8,-267,153,42,26,39,-13,18,311,8,-155,-104,92,-27,-15,25,13,161,14,-15,0,70,-12,22,-125,-138,62,27,18,-77,-12,21,-92,20,48,113,76,-98,-14,22,-16,94,110,49,22,-25,-14,40,14,28,7,40,22,-23,-9,18,15,21,11,37
48.3200,-75,19,-7,22,-66,-269,150,54,21,18,-16,21,301,-85,-98,-107,94,-51,-14,26,29,169,35,-2,34,75,-10,22,-112,-88,37,7,5,-63,-12,22,-85,18,13,114,58,-108,-11,25,-36,77,109,79,21,-23,-11,39,10,28,12,35,19,-26,-8,23,13,32,13,35
48.3400,-60,42,-9,23,-111,-245,130,58,9,1,-9,26,278,-165,-40,-98,83,-68,-13,20,32,163,58,15,65,60,-14,23,-97,-30,19,-13,-5,-41,-13,18,-70,32,-27,104,41,-101,-11,21,-61,51,98,91,25,-26,-13,37,13,25,9,35,21,-25,-12,19,14,29,12,35
48.3600,-29,53,-9,22,-131,-210,114,51,-6,-16,-7,24,233,-237,14,-78,73,-85,-6,22,30,153,71,37,89,43,-15,23,-73,24,7,-34,-10,-31,-12,22,-35,46,-52,96,23,-92,-11,19,-73,34,77,103,21,-20,-9,40,16,27,13,37,21,-25,-9,20,14,26,7,33
48.3800,-5,66,-7,21,-133,-163,88,39,-27,-29,-7,18,183,-285,57,-55,64,-90,-11,20,12,133,88,60,112,24,-8,20,-47,71,1,-44,-7,-15,-13,18,-9,73,-77,84,12,-81,-9,19,-79,22,50,113,23,-23,-18,40,13,28,14,36,22,-26,-11,22,12,33,17,38
48.4000,24,60,-9,21,-125,-107,66,16,-51,-24,-9,20,129,-318,99,-31,46,-97,-12,25,-5,109,99,80,122,-5,-6,19,-30,112,-2,-49,-8,-1,-11,20,24,91,-94,62,0,-62,-6,24,-72,21,22,110,24,-26,-10,36,12,24,10,30,22,-24,-10,15,19,33,12,35
48.4200,54,57,-13,20,-102,-45,51,-2,-64,-19,-10,20,60,-327,125,-11,26,-99,-13,17,-24,86,95,97,128,-33,-10,19,-13,138,17,-42,-4,3,-10,20,49,108,-101,46,-8,-44,-8,18,-58,26,-6,109,24,-25,-8,38,19,28,13,38,19,-23,-12,18,18,27,7,37
48.4400,73,31,-13,19,-80,13,27,-23,-81,-12,-11,17,2,-324,133,10,14,-94,-12,19,-44,64,79,116,121,-55,-9,20,-1,149,35,-22,-5,10,-11,15,73,128,-98,34,-10,-24,-8,19,-33,38,-34,102,22,-24,-11,36,13,26,13,37,19,-24,-6,16,15,27,12,34
48.4600,96,10,-5,20,-52,70,25,-34,-79,1,-7,17,-45,-302,139,30,1,-76,-11,17,-59,44,62,122,113,-83,-7,21,5,157,52,0,6,16,-7,20,92,133,-94,16,-12,-7,-8,20,-13,54,-59,88,19,-26,-13,40,14,26,12,36,21,-28,-8,21,14,27,9,35
48.4800,100,-17,-12,15,-30,115,24,-37,-70,22,-11,18,-87,-267,134,33,-6,-69,-9,21,-67,28,35,123,101,-94,-7,19,0,155,71,24,11,12,-8,23,104,132,-81,8,-9,10,-10,18,16,70,-72,71,21,-25,-9,40,16,26,13,37,20,-23,-8,21,17,29,12,34
48.5000,108,-42,-12,18,-11,148,27,-30,-50,37,-8,20,-114,-218,121,36,-13,-50,-10,17,-60,26,10,125,86,-111,-9,18,-7,135,84,52,22,7,-12,19,105,116,-65,-1,-9,20,-9,24,44,90,-84,50,13,-20,-12,35,18,28,17,38,23,-25,-9,19,18,25,11,36
48.5200,108,-60,-5,16,4,169,44,-14,-26,46,-8,20,-122,-161,106,33,-23,-29,-9,20,-43,27,-21,118,60,-111,-8,19,-23,118,87,75,29,0,-9,21,107,91,-38,-3,8,30,-10,19,68,102,-88,34,19,-22,-10,39,13,25,13,34,26,-23,-7,21,14,27,7,37
48.5400,98,-79,-9,20,8,171,60,4,1,54,-11,20,-120,-108,87,21,-22,-10,-9,21,-20,34,-41,106,42,-114,-13,22,-39,102,82,100,39,-11,-5,17,95,58,-18,-13,18,34,-9,22,82,103,-88,8,21,-19,-12,41,15,27,8,38,20,-21,-7,17,15,27,9,34
48.5600,86,-93,-10,19,13,160,77,31,34,50,-7,22,-110,-51,76,14,-22,4,-8,21,4,45,-55,91,21,-105,-9,21,-55,89,64,108,45,-17,-9,23,85,23,4,-9,25,31,-10,24,90,103,-84,-6,23,-27,-11,39,11,28,11,33,17,-24,-9,21,10,28,14,37
48.5800,70,-97,-6,19,0,147,88,61,64,45,-11,16,-95,9,58,-5,-20,18,-10,19,36,56,-69,75,4,-87,-11,18,-66,71,46,119,49,-29,-9,19,69,-8,17,-4,35,24,-11,20,93,90,-71,-13,19,-19,-12,43,14,28,10,35,19,-21,-8,22,17,25,13,34
48.6000,51,-95,-7,18,-16,127,101,77,88,27,-11,20,-76,50,51,-12,-19,31,-4,21,58,71,-78,57,-12,-71,-11,23,-63,65,21,124,54,-37,-7,21,56,-37,36,0,44,11,-10,23,92,74,-46,-25,20,-20,-11,41,13,26,8,32,19,-22,-10,17,12,28,15,36
48.6200,35,-94,-12,21,-30,110,95,99,107,-1,-12,25,-53,93,50,-22,-11,33,-8,21,74,82,-82,36,-14,-54,-11,21,-63,63,-9,123,54,-49,-4,19,35,-59,47,6,56,4,-9,26,89,50,-29,-28,17,-17,-10,38,13,28,9,37,13,-20,-5,14,10,28,17,37
48.6400,15,-87,-9,22,-43,92,84,111,123,-24,-12,19,-43,118,48,-24,-4,39,-12,21,91,82,-74,24,-19,-31,-6,24,-44,66,-35,117,47,-56,-11,18,19,-77,51,18,58,-18,-7,21,85,22,-7,-28,15,-15,-9,42,11,27,10,32,17,-23,-10,16,14,21,12,33
48.6600,1,-75,-7,21,-54,78,61,120,127,-51,-13,22,-30,135,50,-13,7,34,-8,19,95,79,-70,3,-18,-10,-12,22,-22,73,-59,106,37,-64,-5,19,2,-89,55,29,65,-32,-14,20,68,-9,17,-24,21,-19,-9,43,15,29,14,32,18,-22,-14,22,14,24,11,31
48.6800,-7,-59,-6,23,-58,70,36,117,127,-71,-7,20,-26,135,60,1,20,24,-10,15,95,74,-47,-8,-21,12,-10,25,5,74,-76,89,24,-66,-4,24,-14,-90,55,37,71,-46,-9,25,53,-30,35,-14,20,-21,-11,38,15,27,14,33,22,-19,-11,22,16,25,10,36
48.7000,-10,-49,-5,23,-56,73,7,115,121,-92,-8,20,-31,142,63,15,30,14,-6,22,91,50,-34,-15,-19,24,-10,20,33,84,-91,73,13,-68,-15,19,-19,-84,58,49,66,-65,-13,24,35,-48,51,-2,21,-23,-6,36,13,29,13,36,20,-19,-9,22,10,27,14,33
48.7200,-22,-29,-10,20,-44,74,-23,104,109,-104,-8,21,-30,131,75,41,38,-2,-11,23,76,34,-15,-13,-10,34,-12,27,63,89,-96,52,-11,-58,-6,22,-25,-74,49,62,64,-74,-4,23,24,-62,64,16,24,-23,-8,40,12,27,15,37,20,-20,-7,15,9,29,14,33
48.7400,-26,-17,-11,18,-23,78,-48,90,87,-117,-13,17,-33,120,77,65,47,-13,-9,20,68,10,3,-15,-1,39,-16,23,80,89,-94,31,-18,-52,-12,21,-31,-54,45,64,50,-88,-4,25,10,-68,72,33,16,-21,-10,43,12,29,15,34,18,-23,-14,21,11,29,13,33
48.7600,-22,0,-3,17,4,88,-65,80,66,-117,-10,28,-41,110,73,88,53,-29,-11,22,60,-13,23,-12,0,40,-6,21,94,87,-93,18,-30,-44,-7,27,-35,-32,35,73,35,-86,-8,24,-17,-72,73,47,18,-23,-13,44,11,27,12,35,22,-17,-12,24,16,27,12,30
48.7800,-23,17,-5,18,36,98,-72,62,41,-110,-9,23,-48,98,60,103,53,-41,-9,23,45,-33,40,5,14,38,-12,24,99,76,-86,-1,-38,-28,-12,22,-33,-8,23,78,19,-81,-12,22,-25,-65,71,63,21,-24,-12,41,16,28,6,36,23,-22,-11,21,10,26,9,31
48.8000,-16,26,-9,23,67,101,-76,50,25,-108,-11,21,-60,94,47,110,57,-58,-5,23,29,-53,53,13,25,31,-8,22,98,63,-78,-17,-44,-8,-9,21,-28,16,13,79,-3,-80,-6,22,-34,-56,69,71,20,-22,-9,42,11,29,11,32,20,-16,-9,22,15,34,14,31
48.8200,-8,30,-10,23,100,98,-69,37,0,-93,-9,20,-56,92,34,123,50,-63,-11,21,16,-62,66,28,33,21,-6,25,96,44,-68,-26,-33,11,-7,19,-23,41,4,68,-14,-64,-6,22,-41,-44,52,89,23,-26,-10,38,12,27,14,33,21,-25,-8,18,11,33,15,38
48.8400,-6,35,-5,19,107,100,-62,20,-14,-78,-10,22,-48,89,9,128,40,-79,-11,20,4,-69,75,38,37,6,-5,20,83,20,-53,-27,-30,25,-9,19,-14,56,-7,60,-26,-49,-7,24,-52,-31,38,93,24,-22,-11,39,15,29,12,35,20,-25,-13,19,13,25,7,33
48.8600,4,36,-10,20,118,83,-54,5,-28,-60,-6,23,-35,91,-12,123,32,-82,-11,20,-10,-65,76,51,45,-4,-11,24,78,-3,-35,-28,-20,32,-9,21,-6,69,-11,50,-42,-30,-4,24,-50,-12,25,93,21,-23,-12,47,13,30,12,29,21,-25,-6,21,8,24,11,32
48.8800,11,33,-8,21,117,72,-44,-5,-33,-40,-9,19,-19,96,-35,117,12,-79,-6,21,-29,-58,74,66,51,-18,-1,23,65,-18,-16,-26,-6,43,-7,22,1,78,-20,31,-39,-9,-7,21,-46,2,14,92,21,-19,-12,44,14,29,8,34,22,-24,-14,23,10,26,13,34
48.9000,21,29,-10,19,109,48,-32,-18,-39,-20,-8,26,5,95,-56,106,-1,-76,-8,21,-38,-47,69,79,54,-33,-10,20,56,-38,4,-19,9,45,-10,20,12,91,-23,13,-37,9,-8,21,-43,31,0,87,21,-23,-7,40,16,27,10,34,21,-23,-8,22,8,28,11,37
48.9200,37,20,-7,20,98,24,-18,-26,-42,-5,-5,23,29,97,-70,93,-23,-65,-12,24,-48,-39,54,97,56,-48,-7,26,47,-47,18,-15,31,42,-7,18,28,93,-26,-1,-38,30,-9,23,-28,52,-19,75,21,-25,-9,44,9,28,11,32,20,-21,-6,16,13,24,11,35
48.9400,47,11,-16,18,83,-3,-8,-26,-40,17,-11,22,58,97,-69,75,-35,-54,-8,21,-49,-27,54,96,53,-54,-7,21,33,-58,31,7,34,33,-3,16,41,90,-24,-16,-27,37,-6,21,-17,68,-33,53,19,-19,-10,43,11,28,12,32,18,-24,-9,21,13,23,11,38
48.9600,59,-1,-8,21,62,-25,7,-30,-35,35,-9,20,77,92,-74,60,-41,-41,-6,21,-48,-6,38,102,42,-66,-9,23,21,-57,44,19,53,24,-7,14,49,90,-18,-28,-14,48,-7,23,-1,82,-39,38,15,-20,-11,42,13,27,15,34,19,-22,-9,17,14,26,11,29
48.9800,66,-20,-7,27,53,-43,13,-22,-21,44,-3,26,89,82,-74,47,-42,-19,-8,25,-48,10,25,103,31,-69,-9,24,6,-52,53,27,60,7,-9,13,58,79,-5,-28,4,56,-11,18,24,92,-48,22,10,-20,-6,40,10,28,12,34,16,-25,-12,21,12,26,9,36
49.0000,65,-34,-6,18,38,-57,29,-17,-15,49,-5,26,102,65,-67,25,-45,-3,-7,20,-46,28,12,97,22,-75,-7,23,-10,-51,51,45,71,-11,-8,7,62,67,5,-22,21,51,-8,23,31,102,-51,3,7,-23,-9,41,14,30,12,33,19,-20,-11,24,11,27,11,36
49.0200,66,-50,-8,19,25,-59,38,-9,-6,48,-8,23,106,42,-59,2,-36,18,-10,23,-36,51,-4,86,5,-69,-7,22,-20,-43,50,57,74,-27,-8,7,64,61,18,-18,29,49,-9,22,51,101,-47,-14,0,-20,-5,40,11,26,12,32,21,-24,-7,25,10,31,16,37
49.0400,59,-68,-8,21,16,-61,47,5,7,49,-10,24,108,23,-52,-5,-28,28,-6,23,-22,64,-12,74,-9,-63,-9,27,-26,-38,47,68,80,-36,-8,-2,59,46,39,-9,44,37,-5,19,66,98,-41,-32,-3,-17,-10,40,13,29,11,35,19,-19,-11,21,9,34,9,31
49.0600,54,-78,-8,22,9,-55,59,17,17,42,-4,24,96,-2,-41,-24,-11,41,-11,17,-8,74,-22,56,-26,-53,-7,20,-37,-29,37,75,80,-49,-8,-5,47,34,47,3,64,27,-7,16,75,98,-26,-35,-7,-15,-8,44,11,27,12,36,16,-19,-6,18,12,26,12,34
49.0800,37,-90,-6,21,0,-47,67,31,29,32,-10,26,86,-20,-40,-30,3,41,-10,22,7,85,-35,45,-29,-34,-9,26,-47,-17,29,83,85,-57,-5,-16,33,19,64,20,67,15,-4,12,82,88,-10,-37,-11,-16,-4,44,9,27,15,31,19,-18,-9,22,10,27,10,33
49.1000,21,-91,-10,22,-4,-36,71,47,42,19,-4,22,75,-41,-24,-39,12,44,-7,22,20,98,-35,25,-41,-24,-10,22,-46,-6,13,83,83,-71,-12,-11,12,12,71,39,76,-3,-8,17,83,70,9,-35,-17,-11,-7,42,7,29,12,29,17,-22,-10,23,11,27,9,32
49.1200,6,-90,-7,17,-14,-22,68,63,52,2,-5,25,58,-58,-12,-36,26,38,-11,16,32,96,-32,11,-37,-3,-6,23,-44,1,8,78,84,-71,-5,-11,4,-6,71,51,81,-19,-7,4,80,57,23,-28,-17,-8,-11,44,10,29,10,29,20,-19,-6,19,5,32,12,30
49.1400,-10,-80,-2,19,-22,-9,66,79,58,-14,-2,22,56,-67,2,-38,40,25,-6,15,55,97,-29,-6,-35,13,-8,22,-42,18,-8,70,84,-81,-8,-11,-18,-15,67,63,86,-36,-12,-2,67,36,40,-13,-16,-1,-8,44,11,29,17,27,20,-21,-7,21,9,29,11,32
49.1600,-21,-69,-10,22,-28,0,62,90,64,-33,-4,25,44,-70,14,-31,46,17,-8,14,71,97,-22,-11,-26,22,-8,21,-29,31,-20,61,81,-88,-4,-1,-31,-18,56,64,87,-46,-8,-2,53,17,53,2,-7,0,-10,41,9,30,11,27,13,-17,-8,22,9,30,10,34
49.1800,-33,-53,-9,21,-38,9,53,97,63,-45,-5,23,37,-71,29,-22,51,2,-9,17,81,83,-8,-14,-13,32,-6,25,-22,46,-32,54,72,-89,-9,21,-40,-22,49,70,91,-55,-2,-8,36,4,65,17,4,0,-13,45,9,26,14,22,17,-25,-7,20,10,30,8,36
49.2000,-39,-33,-7,21,-42,15,43,101,58,-60,-3,19,26,-65,46,-7,59,-9,-10,9,76,73,7,-9,-4,40,-6,18,-9,59,-39,36,66,-95,-9,47,-47,-16,37,77,96,-58,-8,-10,14,-14,71,32,28,10,-11,43,12,28,19,19,16,-22,-15,18,11,30,8,32
49.2200,-40,-13,-7,15,-46,26,28,97,45,-71,-3,26,20,-59,56,9,59,-25,-10,8,76,61,23,-3,14,43,-7,16,3,71,-48,15,47,-95,-7,80,-45,-16,19,78,98,-68,-5,-5,-10,-26,73,42,63,10,-7,45,14,26,14,20,15,-18,-11,23,13,29,13,31
49.2400,-37,6,-7,22,-36,32,18,85,40,-79,-4,20,7,-45,65,27,60,-35,-12,11,64,43,39,4,24,40,-5,19,20,84,-43,3,27,-97,-2,129,-45,3,6,81,93,-76,-5,-6,-19,-35,71,50,105,8,-9,42,10,27,15,17,18,-24,-11,18,8,28,14,30
49.2600,-28,22,-5,23,-29,45,-7,75,23,-79,-6,29,-9,-34,73,41,62,-46,-4,5,56,25,49,22,37,34,-6,17,43,88,-40,-11,0,-90,-4,179,-34,10,-7,90,83,-88,-7,15,-36,-42,65,60,153,3,-9,42,5,26,16,15,15,-21,-10,19,12,30,9,35
49.2800,-18,28,-3,20,-23,56,-19,59,5,-81,-9,24,-15,-29,80,60,64,-50,-1,-1,38,11,61,44,51,22,-10,16,52,89,-39,-23,-28,-84,-9,220,-25,24,-16,91,77,-91,-7,30,-48,-40,55,67,200,-16,-6,44,9,25,19,12,16,-19,-10,20,7,28,13,34
49.3000,-6,37,-9,22,-13,69,-32,39,-2,-78,-5,24,-26,-24,74,72,72,-60,-5,-2,22,-2,61,53,55,12,-8,14,63,90,-25,-22,-54,-72,-2,259,-8,41,-26,92,66,-99,-8,57,-55,-33,40,75,233,-34,-9,44,8,32,19,6,18,-16,-7,17,12,26,9,36
49.3200,14,43,-5,17,8,74,-40,16,-16,-68,-8,21,-41,-17,67,83,76,-62,-3,-2,1,-19,70,67,60,-5,-9,10,69,85,-15,-21,-81,-53,-10,269,1,54,-28,98,48,-99,-4,98,-55,-24,27,82,248,-63,-8,47,8,28,12,2,15,-15,-9,21,18,31,11,35
49.3400,27,38,-6,20,22,85,-44,1,-27,-56,-8,21,-49,-13,60,89,75,-69,-10,1,-18,-28,67,80,67,-11,-7,12,68,76,-1,-13,-100,-28,-8,252,13,69,-33,97,27,-100,-6,140,-49,-11,15,87,246,-98,-10,42,5,30,21,3,19,-18,-6,23,9,26,16,32
49.3600,36,32,0,19,43,92,-43,-12,-28,-35,-9,21,-54,-7,45,89,76,-70,-6,8,-30,-33,61,83,73,-22,-6,13,63,57,13,-7,-121,-1,-6,204,25,75,-34,96,-2,-93,-3,182,-42,9,6,92,210,-141,-4,44,2,35,24,12,19,-20,-4,20,13,30,8,36
49.3800,46,21,-9,18,61,97,-37,-20,-26,-16,-4,25,-59,-3,26,90,70,-76,-6,27,-45,-30,43,88,71,-31,-4,7,51,47,18,1,-125,26,-12,130,34,84,-36,84,-27,-82,-4,220,-27,22,-5,98,149,-176,-9,42,1,34,23,30,28,-17,-9,23,11,26,11,26
49.4000,56,11,-7,13,80,102,-26,-23,-21,-4,-10,20,-55,11,16,83,58,-79,-5,45,-47,-25,39,91,84,-43,-9,12,41,29,36,14,-119,58,-15,31,43,80,-41,74,-56,-69,-5,242,-18,43,-15,100,60,-212,-8,42,4,33,22,48,27,-16,-10,23,15,26,11,31
49.4200,61,-4,-3,15,87,97,-9,-24,-9,11,-4,22,-49,21,-3,68,46,-87,-3,73,-48,-15,25,91,93,-51,-3,14,25,10,39,33,-104,83,-20,-89,45,74,-45,50,-74,-45,-2,244,2,59,-25,101,-47,-222,-8,48,0,30,25,73,30,-20,-7,22,9,25,10,32
49.4400,64,-17,-2,15,96,86,7,-20,-2,21,-5,23,-37,33,-19,53,24,-88,-5,109,-37,-6,12,94,92,-54,-4,13,16,-6,47,40,-83,104,-18,-217,50,63,-54,22,-94,-19,-4,227,9,72,-30,103,-163,-232,-6,40,-3,30,25,109,34,-21,-6,23,12,26,11,29
49.4600,63,-28,-10,17,94,72,21,-12,13,27,-1,18,-24,55,-32,42,-7,-82,2,143,-31,12,0,93,98,-61,-4,13,-5,-15,44,47,-55,117,-19,-324,47,50,-56,-6,-105,9,-4,169,17,80,-34,88,-272,-202,-12,41,5,30,23,142,33,-24,-13,25,5,31,10,32
49.4800,63,-39,-5,17,84,59,36,4,21,31,-3,19,-6,70,-39,17,-36,-81,-7,177,-26,25,-9,97,97,-68,-8,20,-19,-22,40,54,-16,115,-16,-410,51,39,-54,-35,-106,35,-5,90,31,82,-41,80,-367,-142,-8,45,4,31,18,180,28,-26,-8,27,9,28,12,25
49.5000,69,-44,-4,17,64,38,48,14,37,26,-4,22,10,80,-36,6,-61,-68,-1,210,-6,42,-17,97,92,-80,-4,29,-30,-26,30,64,15,109,-18,-459,54,24,-54,-65,-95,61,-14,-11,29,82,-45,62,-430,-66,-8,44,4,36,14,202,27,-30,-7,21,9,23,15,26
49.5200,74,-51,-5,22,50,20,59,28,46,9,-8,17,34,91,-41,-9,-93,-48,1,219,3,58,-22,92,78,-91,-6,42,-35,-20,21,66,52,94,-13,-466,61,6,-45,-87,-87,78,-18,-118,33,74,-52,34,-455,26,-9,42,12,34,1,226,17,-31,-7,25,8,25,12,29
49.5400,72,-61,-6,19,36,-2,62,43,48,-4,-7,24,51,99,-37,-19,-111,-35,0,206,19,64,-28,94,50,-100,-8,55,-41,-15,11,72,78,64,-10,-426,67,-2,-39,-110,-66,96,-23,-229,38,66,-58,10,-439,132,-9,43,7,35,-10,217,16,-38,-4,23,9,29,8,27
49.5600,70,-72,-6,26,12,-17,65,52,54,-16,-6,23,64,101,-23,-21,-129,-13,4,164,31,68,-34,85,23,-102,-5,78,-39,-6,2,77,107,32,-5,-356,73,-11,-18,-111,-42,98,-21,-326,43,50,-61,-25,-385,235,-11,46,11,31,-25,189,8,-42,-5,24,7,25,16,35
49.5800,67,-72,-10,29,-11,-28,64,64,48,-33,-10,21,77,92,-11,-11,-129,17,-3,107,38,74,-35,87,-5,-110,-5,102,-32,3,-7,88,122,-5,4,-247,72,-19,4,-107,-16,92,-27,-394,49,45,-62,-47,-295,321,-9,44,14,33,-45,130,4,-46,-9,23,6,28,9,34
49.6000,59,-80,-8,36,-26,-39,59,74,57,-41,-4,25,80,86,4,-1,-125,43,-9,19,46,78,-38,68,-28,-102,-4,132,-23,15,-15,100,130,-42,2,-124,70,-21,36,-91,24,83,-25,-433,55,33,-52,-71,-174,383,-4,40,21,32,-75,57,6,-40,-10,23,12,27,16,41
49.6200,48,-84,-8,36,-32,-34,53,83,57,-48,-8,26,78,65,21,12,-104,70,-15,-74,47,69,-41,55,-56,-87,-2,153,-14,29,-21,100,137,-75,0,24,59,-21,70,-67,59,69,-21,-426,61,27,-42,-76,-29,412,-10,46,22,28,-98,-35,4,-36,-3,22,12,30,17,46
49.6400,38,-88,-5,49,-38,-33,41,90,61,-46,-12,25,69,47,35,32,-77,91,-19,-178,49,57,-38,35,-74,-61,5,165,-2,42,-32,110,135,-99,-7,178,40,-24,100,-27,93,52,-11,-390,67,9,-21,-83,134,406,-7,40,34,31,-117,-130,8,-31,-5,19,5,28,19,54
49.6600,18,-78,-4,64,-37,-17,30,100,65,-47,-4,27,56,23,44,49,-38,109,-29,-272,46,52,-36,13,-93,-30,6,162,4,48,-32,116,126,-119,-17,332,17,-23,125,14,124,28,-6,-309,69,-2,1,-81,298,362,-10,44,43,27,-121,-224,14,-22,-9,18,5,28,20,59
49.6800,3,-75,-1,78,-35,-4,14,106,76,-43,-5,26,35,1,52,67,6,112,-34,-340,44,35,-35,-14,-99,2,5,146,16,56,-40,120,117,-124,-27,475,-12,-25,147,54,144,0,1,-205,72,-8,32,-71,455,281,-9,43,56,26,-122,-298,27,-8,-2,17,8,29,19,60
49.7000,-14,-62,-4,95,-29,16,7,114,76,-46,-7,28,15,-17,51,75,53,112,-37,-384,49,22,-32,-27,-96,40,2,107,22,59,-46,107,94,-123,-34,605,-41,-20,153,92,163,-24,8,-77,60,-11,59,-49,593,181,-11,45,67,22,-96,-347,34,-11,-1,23,7,28,16,60
49.7200,-39,-49,-1,110,-15,27,-11,106,77,-37,-6,25,-2,-32,50,81,88,92,-34,-387,53,7,-25,-47,-87,68,-2,54,29,62,-58,84,77,-121,-36,696,-74,-18,153,122,158,-48,2,64,48,-10,87,-30,695,47,-9,42,84,23,-58,-365,38,4,-4,23,1,32,14,55
49.7400,-56,-31,4,116,-5,50,-16,107,78,-38,-7,27,-17,-34,38,81,125,67,-27,-354,56,-2,-9,-69,-74,98,-10,-17,32,58,-64,54,48,-111,-35,747,-106,-14,137,150,148,-70,9,213,22,-14,103,-8,751,-92,-4,43,96,24,-2,-345,37,-1,-5,23,-4,30,4,45
49.7600,-81,-12,7,120,9,60,-29,95,66,-45,-4,30,-29,-40,22,72,144,35,-12,-292,56,-12,-2,-80,-55,114,-20,-91,36,51,-78,18,26,-96,-25,739,-121,-11,113,154,133,-96,5,363,-4,-19,112,17,744,-239,-10,43,100,24,64,-303,37,2,-3,25,-1,27,-4,33
49.7800,-93,16,0,109,21,68,-44,76,52,-52,-3,27,-37,-35,6,60,152,-8,2,-201,54,-14,17,-85,-29,120,-24,-172,38,48,-88,-21,-1,-77,-5,661,-136,-3,76,148,101,-109,-10,494,-31,-23,112,34,673,-392,-6,42,95,24,138,-230,31,-6,-11,25,-5,31,-16,17
49.8000,-109,37,1,91,33,73,-52,57,35,-58,-5,35,-35,-24,-11,50,140,-45,15,-93,47,-19,40,-81,-11,119,-38,-236,46,39,-93,-58,-22,-62,19,513,-135,8,33,137,65,-121,-9,606,-57,-19,111,56,532,-521,-7,45,79,20,199,-128,21,-15,-7,23,1,30,-23,4
49.8200,-112,56,-3,54,46,80,-56,27,2,-66,-1,40,-27,-15,-26,49,126,-77,24,30,32,-21,53,-67,18,99,-46,-280,53,31,-95,-100,-47,-39,36,321,-124,24,-10,116,27,-124,-16,680,-82,-21,99,73,336,-625,-5,41,53,18,255,-10,10,-18,-6,21,7,32,-28,-7
49.8400,-105,72,-10,7,54,75,-67,2,-26,-69,-2,48,-16,-1,-37,44,100,-111,27,162,26,-21,78,-38,41,78,-45,-302,69,26,-84,-114,-58,-24,51,78,-94,48,-51,94,-7,-114,-12,713,-100,-17,78,91,99,-690,-7,42,15,13,292,119,-1,-28,-8,21,19,32,-30,-8
49.8600,-88,87,-17,-50,66,67,-71,-20,-56,-70,0,69,4,15,-41,41,62,-135,28,291,10,-22,98,-2,62,53,-37,-293,75,14,-67,-128,-71,-7,65,-170,-64,65,-86,73,-34,-99,-7,686,-100,-6,62,101,-154,-696,-7,45,-35,7,313,251,-8,-34,-5,22,26,32,-22,-7
49.8800,-63,95,-26,-110,71,59,-67,-44,-82,-59,6,83,21,29,-38,48,32,-145,26,416,-9,-23,113,35,74,24,-26,-258,85,11,-31,-125,-79,5,67,-396,-21,91,-107,46,-64,-82,3,599,-95,5,41,115,-391,-648,-4,40,-87,-10,305,391,-16,-33,-7,21,36,35,-11,0
49.9000,-34,88,-36,-159,86,53,-49,-60,-103,-36,3,96,37,39,-30,60,4,-142,12,525,-25,-12,124,70,87,-12,-8,-203,93,2,9,-112,-77,15,60,-583,21,110,-113,26,-73,-61,11,450,-85,25,26,117,-593,-535,-6,42,-132,-26,275,512,-17,-35,-3,18,43,36,5,7
49.9200,-7,86,-46,-205,89,39,-30,-73,-116,-22,4,104,57,55,-18,61,-23,-130,10,602,-45,-9,132,116,91,-40,6,-120,92,-7,47,-85,-76,25,51,-707,70,124,-108,13,-79,-35,21,245,-67,38,7,114,-737,-368,-7,45,-174,-38,219,606,-20,-31,-4,26,49,37,23,17
49.9400,27,65,-48,-224,89,25,-1,-81,-126,2,-1,102,64,52,-8,66,-50,-116,1,639,-61,-2,134,149,86,-70,25,-23,77,-16,89,-51,-63,31,41,-753,106,136,-89,5,-82,-15,23,19,-48,63,-5,104,-807,-160,-5,42,-204,-47,148,657,-24,-31,-8,24,48,30,38,34
49.9600,54,44,-44,-229,88,16,26,-81,-127,22,1,96,63,47,5,64,-70,-88,3,632,-76,5,128,168,83,-96,38,76,59,-21,123,-17,-56,34,24,-738,129,136,-68,3,-82,5,22,-218,-21,82,-17,93,-806,64,-6,47,-219,-44,64,661,-21,-29,-4,21,40,31,55,43
49.9800,82,9,-35,-208,81,4,60,-74,-106,42,-8,68,58,38,11,55,-71,-63,-6,565,-89,17,108,177,71,-111,48,184,23,-29,154,26,-40,36,13,-659,139,130,-39,-6,-68,21,18,-422,2,93,-27,74,-729,290,-8,41,-215,-34,-33,609,-16,-26,-4,22,26,28,69,51
50.0000,100,-16,-10,-165,64,-7,89,-59,-86,64,-20,28,43,27,8,43,-70,-34,-5,443,-98,27,85,178,61,-121,49,286,-18,-40,168,64,-19,29,-3,-546,139,114,-10,-1,-54,28,10,-587,15,101,-39,61,-607,491,-8,44,-191,-16,-140,497,-4,-20,-1,25,11,24,67,57
50.0200,118,-46,2,-109,38,-19,113,-36,-47,78,-24,-14,25,18,14,29,-51,-12,-5,274,-97,38,54,166,52,-116,52,380,-66,-51,165,97,2,31,-23,-400,119,87,20,4,-32,43,3,-696,35,108,-42,41,-446,637,-5,44,-157,14,-246,338,14,-18,-6,23,-9,10,68,63
50.0400,130,-72,26,-33,8,-30,133,-11,-6,85,-28,-66,12,4,5,14,-32,10,-12,72,-101,46,16,151,48,-105,42,458,-103,-55,152,125,35,27,-46,-256,90,59,37,13,1,44,1,-724,38,105,-46,28,-263,724,-7,44,-106,56,-346,134,32,-14,-2,24,-29,1,62,70
50.0600,132,-84,44,48,-27,-42,145,28,47,96,-40,-111,-3,-14,-4,0,-4,34,-23,-137,-91,59,-20,127,53,-86,33,510,-140,-56,121,155,65,24,-70,-111,51,24,52,24,30,50,2,-696,42,93,-48,18,-80,746,-5,44,-33,102,-424,-73,58,-1,-2,18,-49,-6,50,76
50.0800,137,-91,58,133,-57,-50,140,60,106,94,-43,-153,-15,-22,-6,-16,28,53,-26,-338,-71,72,-55,101,56,-57,22,531,-163,-50,86,172,95,24,-98,28,13,-13,58,26,71,61,8,-608,45,78,-41,14,98,706,-11,39,42,142,-474,-283,80,7,-7,26,-59,-11,34,72
50.1000,140,-94,67,218,-89,-54,134,96,151,86,-45,-181,-19,-28,-13,-29,60,62,-36,-498,-45,80,-81,70,68,-31,9,500,-171,-31,38,170,125,22,-128,153,-24,-43,60,36,107,62,13,-495,46,64,-34,9,257,609,-6,46,125,178,-489,-458,104,11,-6,23,-67,-13,19,66
50.1200,133,-88,66,296,-111,-50,112,119,191,64,-34,-191,-16,-25,-10,-49,84,65,-36,-604,-16,92,-99,41,77,-5,-5,430,-162,-7,-5,156,156,14,-146,257,-45,-68,53,30,133,57,10,-353,44,49,-32,1,390,478,-8,42,208,208,-461,-592,122,13,-10,24,-62,-5,-5,55
50.1400,125,-79,62,363,-129,-35,81,133,206,34,-21,-177,-10,-15,-6,-56,103,58,-24,-647,22,105,-116,12,79,13,-16,313,-140,23,-52,130,173,1,-157,354,-63,-78,37,27,150,46,2,-217,39,39,-17,-12,485,328,-7,45,285,226,-386,-667,130,7,-2,23,-50,7,-24,41
50.1600,102,-72,52,410,-125,-12,49,128,212,-7,1,-152,-4,-2,-4,-68,107,48,-9,-629,56,110,-116,-19,74,19,-30,169,-104,61,-94,92,172,-16,-150,433,-67,-74,25,16,155,23,-11,-79,31,29,-28,-26,549,160,-9,45,347,224,-274,-674,121,-2,1,25,-41,24,-40,16
50.1800,80,-68,35,427,-117,15,7,119,195,-48,23,-109,10,16,-3,-76,99,20,12,-563,87,120,-108,-33,61,10,-58,-6,-60,102,-133,48,159,-43,-122,489,-62,-60,3,-1,143,-5,-30,47,30,24,-18,-43,579,-8,-5,44,390,211,-128,-629,103,-21,-3,24,-21,49,-50,1
50.2000,44,-60,9,413,-96,53,-33,98,162,-97,43,-51,18,27,3,-74,73,-6,31,-463,111,122,-97,-59,35,-1,-74,-172,-9,143,-159,-2,135,-75,-81,519,-45,-38,-17,-21,122,-36,-60,168,26,22,-20,-52,567,-158,-5,44,405,183,42,-549,74,-46,-5,21,9,69,-67,-22
50.2200,4,-64,-13,369,-61,87,-69,77,102,-138,64,20,32,43,6,-62,51,-37,46,-348,129,120,-79,-70,2,-25,-89,-326,51,174,-174,-39,93,-106,-20,510,-26,-3,-39,-28,92,-68,-88,271,24,22,-23,-62,512,-297,-7,46,386,139,197,-427,37,-67,-9,24,34,90,-75,-30
50.2400,-37,-61,-35,286,-24,117,-99,51,44,-164,75,90,33,52,14,-37,18,-58,59,-224,137,114,-57,-71,-39,-36,-87,-438,103,191,-175,-62,46,-131,37,467,2,25,-43,-29,54,-99,-101,360,35,16,-18,-61,416,-412,-8,45,328,78,346,-288,-10,-86,-3,29,59,105,-71,-42
50.2600,-73,-60,-56,169,20,152,-121,27,-19,-179,79,162,35,55,27,-1,-20,-80,50,-104,136,98,-31,-55,-71,-49,-81,-510,143,193,-152,-69,-2,-154,110,387,30,58,-38,-17,10,-120,-113,429,46,20,-10,-43,297,-490,-3,44,240,12,459,-143,-52,-100,-3,19,81,110,-59,-30
50.2800,-112,-56,-85,38,67,171,-117,20,-77,-178,68,236,35,44,46,42,-62,-90,40,15,134,71,6,-37,-108,-58,-54,-521,181,178,-119,-62,-61,-161,161,290,55,82,-29,6,-26,-139,-108,482,56,19,4,-26,164,-546,-3,41,132,-64,533,4,-94,-102,-4,22,101,110,-34,-13
50.3000,-137,-47,-106,-97,110,182,-102,19,-129,-162,62,301,39,35,64,85,-78,-91,7,115,124,43,42,-4,-131,-55,-26,-501,209,150,-68,-38,-107,-152,196,186,79,93,-5,37,-57,-134,-77,504,61,13,30,8,31,-555,-3,43,2,-150,565,141,-119,-89,1,21,115,97,-8,16
50.3200,-157,-35,-116,-224,145,166,-70,20,-160,-128,38,350,33,23,76,133,-97,-84,-19,208,104,7,75,30,-144,-39,15,-436,209,116,-8,-9,-147,-137,213,87,91,103,24,76,-83,-128,-42,489,67,11,66,49,-86,-532,-5,47,-127,-224,554,263,-138,-74,-4,20,113,72,29,43
50.3400,-165,-15,-118,-331,170,150,-31,32,-181,-85,13,372,20,12,89,171,-99,-64,-53,297,79,-29,111,67,-141,-17,50,-346,192,65,43,21,-162,-101,210,3,91,89,59,108,-96,-105,1,447,58,2,92,85,-177,-470,-8,45,-242,-287,510,379,-139,-49,-7,22,108,45,71,73
50.3600,-153,9,-104,-400,175,119,8,45,-175,-33,-18,372,3,1,95,188,-93,-50,-86,370,51,-63,140,96,-131,8,78,-251,162,12,94,51,-174,-60,195,-52,78,72,83,143,-98,-83,49,370,49,-9,113,120,-235,-377,-3,46,-347,-328,436,465,-134,-15,-5,24,87,19,92,96
50.3800,-138,37,-78,-431,163,78,45,52,-162,18,-43,337,-18,-9,90,195,-71,-24,-98,426,12,-91,152,121,-106,35,104,-151,108,-36,131,74,-165,-20,158,-76,49,54,106,163,-89,-53,86,276,24,-13,131,144,-249,-260,-7,46,-409,-348,338,526,-109,15,-2,23,55,-13,118,115
50.4000,-110,58,-34,-421,133,38,83,63,-127,69,-74,272,-41,-15,77,182,-52,5,-98,457,-26,-107,151,133,-63,57,108,-55,44,-93,145,90,-143,25,117,-77,17,25,113,168,-72,-16,120,176,-11,-28,128,156,-224,-141,-8,40,-447,-329,235,551,-77,45,0,24,17,-43,117,118
50.4200,-72,78,13,-376,89,-13,101,60,-72,107,-101,178,-59,-21,47,159,-17,21,-82,462,-69,-117,140,131,-15,79,97,35,-24,-128,142,91,-110,70,71,-71,-19,-6,100,162,-48,13,133,87,-53,-31,114,158,-174,-13,-5,43,-448,-280,124,544,-38,70,-4,24,-28,-71,108,111
50.4400,-24,97,62,-311,34,-54,107,59,-24,134,-115,73,-81,-18,15,124,14,33,-60,428,-99,-120,120,125,36,91,68,115,-90,-155,123,84,-66,102,22,-51,-67,-34,76,147,-15,39,146,12,-86,-40,88,147,-111,81,-5,41,-425,-195,14,490,0,87,-4,22,-68,-85,91,95
50.4600,24,110,107,-238,-26,-93,103,50,26,145,-127,-48,-92,-16,-22,74,52,39,-32,370,-127,-106,86,106,80,98,35,190,-140,-172,95,62,-13,125,-26,-30,-96,-58,34,110,11,61,140,-41,-120,-40,55,126,-34,155,-10,44,-377,-91,-96,417,43,100,-2,22,-105,-95,56,73
50.4800,66,107,135,-154,-65,-118,84,34,72,147,-130,-161,-93,-8,-58,26,76,40,-1,295,-148,-90,47,86,134,84,0,255,-178,-168,51,39,35,140,-69,-18,-122,-70,-5,74,44,76,132,-72,-144,-36,14,107,26,199,-5,45,-305,26,-200,309,85,98,1,23,-129,-93,25,44
50.5000,108,105,154,-68,-104,-137,55,11,116,130,-116,-253,-75,6,-82,-22,100,39,35,202,-152,-63,4,66,170,72,-37,312,-190,-145,12,16,84,134,-112,-20,-131,-70,-49,28,72,79,112,-80,-155,-29,-25,64,75,211,-4,43,-227,149,-289,186,119,84,-2,28,-138,-80,-10,21
50.5200,149,84,147,4,-132,-127,26,-7,145,106,-81,-322,-57,24,-99,-61,117,26,56,113,-144,-25,-31,43,194,46,-67,351,-186,-107,-29,-13,116,125,-140,-30,-113,-59,-84,-13,94,74,91,-75,-145,-7,-66,30,104,189,-5,41,-138,258,-354,75,142,65,-3,22,-128,-56,-39,-19
50.5400,177,62,130,74,-143,-109,-2,-29,160,73,-45,-359,-24,42,-108,-89,123,10,80,42,-122,15,-54,20,205,12,-80,371,-154,-51,-63,-37,145,94,-170,-40,-90,-32,-112,-53,114,60,57,-60,-116,24,-96,-1,116,155,-2,40,-42,356,-403,-33,154,35,-7,24,-108,-18,-66,-38
50.5600,193,28,94,142,-127,-68,-19,-44,159,32,8,-367,18,62,-100,-115,113,-10,99,-12,-86,69,-74,5,202,-23,-91,372,-113,9,-80,-53,163,61,-190,-50,-52,2,-125,-89,120,38,19,-44,-77,60,-122,-32,110,103,-3,47,53,426,-421,-111,152,6,-4,22,-74,31,-76,-59
50.5800,197,-14,49,202,-95,-12,-38,-66,153,-10,61,-341,49,91,-83,-127,104,-31,113,-49,-46,114,-85,-15,184,-72,-86,353,-60,80,-87,-58,159,22,-194,-66,0,47,-124,-111,125,14,-7,-42,-29,104,-127,-56,86,53,-4,41,149,468,-413,-162,145,-28,4,24,-32,75,-80,-70
50.6000,183,-49,10,245,-57,47,-44,-69,134,-52,117,-299,77,111,-61,-125,86,-52,120,-62,-2,161,-84,-24,152,-107,-77,308,-14,145,-90,-63,147,-22,-179,-74,46,94,-112,-116,108,-20,-45,-38,22,139,-122,-75,60,4,-8,47,234,480,-374,-188,127,-62,0,23,10,127,-75,-78
50.6200,166,-90,-39,290,-13,104,-47,-65,111,-89,155,-244,106,129,-29,-108,65,-70,115,-58,37,197,-80,-25,120,-141,-59,249,42,195,-79,-47,128,-59,-158,-78,94,140,-87,-116,90,-41,-83,-42,72,172,-110,-87,21,-36,-3,44,312,463,-314,-187,103,-94,0,27,53,164,-62,-69
50.6400,135,-127,-75,314,28,156,-32,-57,80,-118,181,-175,117,131,1,-88,41,-85,106,-57,77,223,-67,-22,71,-164,-35,185,88,228,-55,-34,96,-99,-115,-80,130,161,-58,-101,71,-70,-119,-54,112,190,-91,-80,-10,-58,-1,43,364,420,-229,-163,69,-112,1,25,89,190,-38,-58
50.6600,100,-157,-112,322,65,193,-19,-35,46,-134,181,-107,121,116,36,-50,12,-99,93,-53,106,220,-48,-16,35,-168,-13,121,115,241,-36,-11,66,-127,-66,-79,150,182,-20,-73,49,-94,-149,-62,152,191,-56,-70,-47,-67,-7,45,397,359,-133,-130,40,-131,-3,22,109,199,-10,-34
50.6800,56,-177,-128,314,101,210,2,-7,28,-145,168,-39,113,97,59,-18,-4,-99,67,-49,130,207,-24,-2,-11,-170,16,69,136,234,-11,31,29,-144,-12,-77,160,178,13,-37,23,-106,-171,-70,170,180,-25,-43,-78,-73,0,40,408,281,-43,-89,11,-138,-1,27,129,188,19,-7
50.7000,19,-183,-131,291,120,205,27,27,3,-143,134,39,99,70,87,24,-22,-98,34,-49,142,177,5,18,-44,-154,44,27,139,199,18,60,-1,-146,28,-71,156,152,54,1,5,-109,-174,-67,184,148,8,-14,-95,-65,-2,42,386,180,37,-55,-7,-135,-5,23,137,163,46,24
50.7200,-18,-176,-124,250,128,182,58,66,-2,-134,87,97,77,32,108,68,-35,-83,-10,-61,147,138,28,38,-66,-134,69,-2,125,156,40,94,-27,-138,61,-61,134,115,88,40,-14,-109,-163,-74,172,105,51,17,-100,-50,-4,43,340,75,98,-19,-28,-118,-2,24,125,117,69,58
50.7400,-41,-160,-115,200,115,146,77,102,-9,-110,31,161,49,-9,118,107,-35,-76,-51,-70,135,81,52,59,-78,-105,91,-22,109,100,63,122,-43,-123,86,-39,104,65,117,79,-24,-98,-132,-69,149,55,80,51,-93,-27,-2,49,278,-31,143,5,-41,-103,2,27,106,70,85,85
50.7600,-59,-134,-91,144,102,95,92,137,-10,-92,-27,215,19,-39,122,131,-33,-59,-97,-78,115,27,71,79,-76,-69,106,-28,78,34,68,146,-56,-99,92,-23,66,10,134,112,-32,-81,-92,-67,115,4,106,87,-78,-3,-3,38,196,-132,170,21,-40,-79,-2,28,70,17,105,116
50.7800,-68,-102,-52,98,70,39,99,166,1,-70,-78,260,-17,-74,112,153,-29,-42,-128,-86,91,-28,80,95,-61,-36,106,-31,48,-21,69,152,-48,-72,86,4,22,-46,131,134,-24,-62,-50,-61,67,-49,119,111,-55,15,-2,48,113,-231,175,36,-34,-58,1,27,36,-30,102,133
50.8000,-64,-67,-13,57,40,-8,96,185,7,-50,-126,299,-45,-90,96,163,-16,-33,-156,-81,56,-82,84,111,-47,-5,101,-29,1,-76,60,153,-45,-44,72,25,-20,-92,128,155,-15,-37,-10,-48,17,-101,118,127,-20,35,-2,45,35,-313,167,44,-21,-32,-3,29,4,-71,97,139
50.8200,-63,-30,38,23,2,-52,75,185,21,-33,-158,319,-72,-103,73,160,-5,-14,-167,-75,18,-123,78,112,-26,19,86,-47,-33,-111,44,142,-30,-18,55,46,-69,-128,111,161,-6,-21,24,-42,-34,-130,101,138,19,45,0,47,-34,-372,153,44,-10,-12,1,25,-37,-106,79,144
50.8400,-45,-5,74,-3,-40,-85,54,175,27,-22,-170,321,-94,-100,45,155,9,-2,-158,-69,-17,-143,71,117,-6,38,62,-51,-56,-137,14,123,-15,4,28,73,-103,-144,83,157,1,1,53,-26,-77,-150,83,138,50,48,-4,44,-101,-403,139,41,4,6,-4,25,-66,-126,60,136
50.8600,-33,26,105,-20,-70,-112,28,161,29,-9,-178,302,-105,-92,10,140,16,9,-134,-64,-49,-153,53,109,11,47,25,-62,-77,-142,-10,99,-2,20,5,86,-125,-150,52,137,10,7,72,-8,-115,-152,55,126,72,47,-1,44,-144,-406,116,36,11,17,-7,25,-94,-128,30,117
50.8800,-14,43,125,-30,-88,-110,-4,134,24,0,-164,272,-114,-72,-23,118,24,9,-102,-61,-77,-148,35,98,21,52,-18,-73,-85,-141,-42,77,10,32,-10,85,-139,-133,18,119,18,20,73,10,-144,-142,24,108,88,33,-3,43,-173,-373,89,26,25,24,4,27,-108,-117,0,103
50.9000,0,55,140,-38,-95,-102,-40,99,28,0,-134,229,-107,-44,-56,99,31,13,-70,-45,-94,-132,13,88,31,48,-58,-83,-86,-120,-64,46,18,39,-18,80,-138,-105,-10,93,24,24,69,35,-145,-119,-12,86,88,11,-2,46,-186,-319,71,17,32,24,-2,23,-113,-91,-26,77
50.9200,16,56,138,-51,-97,-77,-65,67,21,5,-90,178,-83,-13,-83,70,34,8,-30,-32,-103,-96,-6,68,43,34,-93,-84,-74,-90,-78,21,24,32,-19,63,-125,-66,-39,69,21,19,58,56,-143,-78,-36,60,75,-4,-6,47,-184,-242,54,6,35,21,-8,23,-103,-59,-51,50
50.9400,24,54,123,-59,-80,-44,-89,35,9,-4,-41,127,-61,23,-105,47,34,4,5,-22,-105,-59,-28,51,39,25,-118,-86,-52,-48,-93,-2,21,29,-12,52,-105,-16,-62,40,22,18,46,65,-120,-30,-55,38,54,-28,0,43,-172,-150,40,2,35,13,2,24,-86,-17,-68,30
50.9600,30,43,92,-68,-49,-4,-105,0,0,6,6,75,-34,58,-114,28,28,-1,30,-3,-84,-13,-43,38,37,7,-128,-76,-26,1,-94,-18,25,19,-9,32,-70,33,-79,18,17,8,29,78,-90,21,-77,20,30,-46,-2,49,-152,-58,26,-4,31,12,-4,30,-57,30,-80,12
50.9800,33,29,56,-78,-14,40,-106,-27,-6,-2,61,35,3,93,-115,7,22,-9,49,12,-67,39,-53,26,25,-1,-128,-65,-1,37,-93,-28,17,13,3,13,-35,80,-84,2,14,0,17,80,-53,74,-86,4,2,-55,-3,45,-127,33,20,4,27,-3,-8,21,-28,74,-84,-4
51.0000,25,11,8,-82,21,73,-100,-43,-14,-2,111,2,31,121,-109,-3,5,-17,58,36,-43,79,-58,15,21,-10,-117,-60,31,75,-87,-31,13,4,7,2,-4,124,-79,-11,6,-4,11,69,-14,122,-82,-11,-24,-61,-4,45,-99,117,11,13,13,-9,-5,24,4,113,-78,-13
51.0200,19,-6,-38,-79,59,107,-87,-50,-22,-4,146,-23,66,149,-99,-15,0,-22,64,57,-7,118,-54,8,3,-22,-98,-53,48,109,-71,-36,1,-1,17,-3,31,157,-69,-22,-2,-10,0,54,27,158,-75,-19,-36,-61,2,48,-67,176,6,25,10,-18,0,23,37,144,-64,-24
51.0400,10,-19,-80,-80,94,131,-66,-55,-30,-7,165,-42,99,157,-85,-27,-6,-26,62,77,20,150,-43,2,-6,-32,-76,-40,76,128,-54,-28,-4,-6,21,2,63,172,-59,-27,-13,-13,1,39,58,180,-57,-20,-41,-49,-5,42,-39,218,9,44,-3,-29,-3,18,69,157,-51,-25
51.0600,-5,-25,-113,-65,120,140,-34,-49,-32,-6,165,-59,117,156,-61,-28,-19,-28,56,92,53,165,-34,4,-19,-33,-46,-29,89,134,-39,-25,-9,-19,34,8,80,184,-41,-27,-17,-15,0,25,89,191,-35,-21,-44,-30,-1,45,-10,247,11,50,-9,-31,-1,27,85,165,-38,-18
51.0800,-14,-35,-134,-59,132,137,-13,-38,-34,-6,156,-71,133,145,-37,-24,-34,-25,50,94,70,173,-16,10,-22,-33,-12,-15,92,129,-16,-14,-14,-22,39,23,97,174,-25,-19,-26,-17,0,13,104,184,-18,-15,-34,-11,-2,46,14,260,15,60,-21,-29,-1,24,101,159,-16,-9
51.1000,-27,-39,-135,-44,135,120,13,-22,-29,-3,126,-81,141,119,-12,-25,-39,-26,42,86,87,162,0,13,-25,-30,5,1,96,119,3,-1,-17,-18,46,37,99,159,-4,-18,-27,-13,1,5,112,163,-2,-7,-20,3,-3,44,29,245,17,63,-25,-30,2,30,104,140,4,-2
51.1200,-27,-35,-127,-37,124,94,39,-3,-25,-2,96,-89,133,84,14,-15,-37,-19,32,82,95,143,18,19,-17,-22,29,15,88,95,19,11,-13,-23,43,60,99,125,12,-5,-23,-8,6,7,110,128,20,3,3,11,0,45,43,231,17,56,-27,-27,5,25,106,114,23,5
51.1400,-27,-30,-115,-26,109,65,56,15,-14,3,48,-95,121,42,36,-8,-35,-11,22,59,90,118,32,34,-13,-11,43,36,71,66,38,25,-11,-17,44,70,88,86,26,8,-16,-7,13,14,99,90,44,9,17,14,-4,44,46,198,14,48,-17,-15,-2,24,89,71,37,23
51.1600,-22,-22,-91,-21,83,29,69,36,-5,6,-2,-91,101,2,55,5,-28,-7,18,37,87,85,48,34,-6,-6,52,52,54,37,46,35,-3,-18,33,86,83,51,40,19,2,5,18,23,79,52,49,20,42,13,-7,46,44,162,14,36,-9,-6,-1,22,74,38,50,31
51.1800,-11,-7,-62,-13,51,-2,82,53,5,7,-50,-95,76,-42,64,15,-22,9,4,21,73,45,58,49,3,7,57,68,34,7,49,38,11,-10,22,87,59,13,49,32,18,8,25,39,51,8,56,24,61,6,-4,48,33,125,6,25,1,-2,-1,28,45,2,60,41
51.2000,5,0,-36,0,25,-37,78,56,18,11,-88,-87,50,-76,70,21,-7,17,2,12,50,12,60,45,18,11,55,81,4,-21,51,48,24,-8,10,83,37,-20,49,36,32,14,35,53,27,-22,59,28,73,1,-4,48,32,90,3,9,14,6,-3,27,26,-28,60,45
51.2200,23,9,-1,16,-9,-55,78,59,30,4,-117,-73,14,-111,68,21,7,28,1,8,28,-22,56,47,28,15,47,79,-13,-41,45,41,33,-3,-11,82,13,-48,56,40,47,9,39,66,0,-52,50,27,82,-19,0,47,14,59,-5,8,26,11,-2,27,0,-55,53,46
51.2400,33,19,25,31,-36,-68,66,59,36,5,-138,-59,-9,-129,69,23,26,26,-1,4,7,-46,50,40,38,14,47,81,-32,-54,35,35,44,-5,-23,66,-7,-66,46,40,60,5,38,79,-23,-72,42,21,80,-24,1,44,6,29,-4,4,31,6,-5,23,-16,-67,47,41
51.2600,42,18,42,49,-54,-69,52,48,43,2,-138,-51,-37,-135,50,21,37,21,-1,13,-16,-56,44,35,34,10,34,70,-44,-56,28,30,47,-9,-33,49,-23,-72,42,40,72,-2,30,78,-44,-78,32,15,72,-41,1,44,0,7,-8,6,42,3,2,25,-32,-73,31,30
51.2800,48,10,57,63,-72,-64,33,37,38,0,-131,-37,-62,-130,38,15,49,16,8,20,-31,-68,29,18,34,8,23,51,-54,-58,8,16,45,-14,-38,36,-38,-74,36,33,68,-13,23,79,-58,-77,17,3,59,-51,-3,46,-4,-5,-8,5,41,-2,-1,25,-48,-72,16,21
51.3000,42,4,65,71,-73,-47,22,29,43,-12,-114,-25,-72,-116,23,10,52,-1,13,37,-40,-70,17,10,30,-4,16,41,-61,-50,1,13,46,-24,-39,19,-51,-64,25,32,65,-27,17,74,-60,-62,6,6,41,-61,-2,46,-5,-14,-4,20,39,-12,1,21,-54,-65,10,13
51.3200,35,-9,70,79,-72,-24,5,16,28,-20,-88,-9,-75,-96,5,7,53,-5,25,51,-46,-59,6,-3,26,-11,1,28,-54,-37,-5,9,40,-30,-27,9,-50,-52,13,25,52,-42,-2,63,-59,-55,0,2,29,-64,-1,46,-4,-22,5,27,36,-20,2,25,-56,-45,-4,6
51.3400,24,-19,63,74,-63,-5,3,14,22,-26,-61,0,-68,-63,-8,5,43,-26,29,59,-46,-44,-4,-5,15,-21,-7,24,-45,-24,-20,4,22,-40,-7,2,-50,-34,6,28,44,-50,-11,50,-52,-26,-2,3,3,-61,-2,44,5,-14,1,35,26,-25,-2,28,-50,-25,-3,1
51.3600,15,-30,56,71,-51,25,-2,11,11,-26,-33,15,-64,-26,-9,11,38,-44,29,66,-35,-21,-4,-5,6,-24,-12,22,-34,-4,-19,3,12,-44,1,4,-46,-12,1,23,30,-59,-20,37,-38,1,-1,12,-9,-57,2,43,5,-3,9,39,12,-32,1,19,-32,-2,-11,5
51.3800,0,-29,40,61,-27,43,-3,11,0,-36,-5,27,-45,16,-8,12,24,-54,27,69,-19,3,-1,-1,4,-25,-3,22,-12,16,-20,3,-2,-42,8,18,-34,9,-3,30,18,-65,-26,19,-28,27,-1,19,-14,-44,2,44,6,5,9,47,11,-36,-2,24,-19,20,-6,10
51.4000,-6,-33,29,44,-7,67,0,15,-3,-35,27,42,-26,50,-6,24,18,-62,25,64,-8,30,1,11,1,-28,-7,35,-2,34,-15,4,-5,-41,12,26,-20,32,-3,36,3,-63,-25,6,-10,52,14,34,-9,-32,1,43,8,11,12,49,-1,-42,-1,25,1,45,-5,12
51.4200,-14,-28,11,33,7,81,4,26,-4,-29,41,59,-4,80,5,26,12,-64,11,55,7,48,15,23,3,-26,9,37,10,51,-3,16,-8,-39,15,45,-10,48,2,42,-4,-54,-17,-5,-4,69,23,49,7,-15,3,45,9,16,9,52,-4,-37,1,25,11,60,13,25
51.4400,-9,-23,-6,29,28,95,18,34,1,-25,59,74,10,103,18,39,9,-59,1,46,17,63,34,42,8,-28,21,48,19,63,5,23,-11,-31,11,59,9,66,6,44,-6,-46,-15,-5,6,83,29,57,16,-4,3,49,12,17,13,56,-1,-40,0,25,16,74,21,36
51.4600,-6,-12,-12,19,37,94,29,44,6,-18,63,82,20,118,27,49,8,-57,-13,36,22,74,45,59,14,-19,22,51,24,75,13,31,-10,-25,12,66,20,78,15,49,1,-33,-7,1,10,91,37,62,37,-1,0,47,11,18,6,51,8,-32,3,24,25,83,29,44
51.4800,4,-8,-17,18,39,94,44,46,16,-9,64,90,24,116,31,55,8,-46,-21,18,20,82,57,73,26,-18,32,57,25,72,23,36,2,-16,1,69,28,79,18,57,6,-21,0,10,13,90,36,70,52,5,0,44,15,20,9,47,8,-21,-2,21,22,82,38,52
51.5000,19,0,-16,23,34,82,45,46,22,-2,61,90,19,116,40,51,14,-37,-29,5,11,78,59,80,43,-15,32,59,19,71,23,38,12,-7,-2,66,26,79,21,56,21,-8,7,31,3,84,34,72,62,1,-1,47,8,16,8,40,21,-16,-3,25,20,77,45,57
51.5200,34,1,-9,28,28,74,42,45,31,-1,43,82,14,97,38,53,21,-30,-27,7,7,70,59,87,52,-16,33,59,16,63,26,39,20,-7,-21,51,24,72,22,52,30,-3,11,47,2,72,29,68,60,-14,-1,51,8,19,3,36,29,-15,-2,26,7,65,40,55
51.5400,51,0,1,31,17,58,35,43,37,1,36,63,2,75,33,47,31,-18,-22,0,-9,59,57,81,56,-18,27,56,1,52,24,38,36,-1,-32,28,19,64,21,46,39,0,8,61,-5,61,19,59,59,-28,4,48,5,13,-1,28,43,-7,4,21,1,54,34,51
51.5600,61,-4,13,37,9,43,31,34,46,2,23,54,-6,50,25,42,38,-14,-23,8,-21,46,42,81,64,-19,25,51,-7,37,21,34,46,-5,-31,3,8,51,15,39,47,-4,5,72,-15,51,5,50,40,-43,-4,49,1,11,3,24,50,-11,-4,28,-8,33,24,42
51.5800,63,-14,24,44,-1,28,24,27,43,-2,3,41,-21,25,16,31,43,-12,-14,20,-28,33,29,74,64,-29,12,38,-19,26,10,30,45,-6,-41,-18,-3,37,8,38,56,-7,2,73,-16,37,-8,35,29,-59,2,48,-2,8,2,26,52,-11,2,26,-23,27,13,40
51.6000,71,-19,27,44,-6,18,14,23,50,-10,-3,28,-19,7,5,21,45,-15,-7,32,-34,25,16,57,63,-41,4,33,-28,17,0,32,42,-13,-40,-42,-7,19,3,31,57,-19,-3,70,-13,25,-22,22,1,-67,4,53,-4,19,-2,32,51,-19,2,22,-28,15,4,31
51.6200,63,-35,35,44,-12,10,3,20,49,-18,-11,18,-20,-8,0,12,41,-18,1,49,-38,21,-1,47,50,-43,-7,21,-32,6,-6,29,45,-20,-36,-56,-15,14,0,26,51,-27,-14,51,-15,19,-27,12,-19,-66,-2,53,-11,23,1,41,51,-30,4,26,-30,9,-7,22
51.6400,58,-47,35,40,-17,9,-2,20,43,-23,-6,13,-17,-17,-14,8,40,-26,4,68,-30,18,-17,36,36,-51,-19,15,-36,8,-11,31,33,-28,-35,-62,-13,10,-7,25,44,-33,-23,23,-10,17,-35,8,-33,-56,1,51,-8,25,2,62,43,-38,4,24,-26,13,-12,19
51.6600,46,-64,32,38,-14,14,-1,21,37,-35,-6,14,-14,-12,-21,7,31,-30,5,80,-25,17,-27,32,28,-54,-25,9,-29,13,-18,27,27,-37,-22,-60,-18,13,-7,19,35,-45,-23,4,3,27,-34,15,-46,-44,-2,48,-7,38,1,69,32,-45,1,25,-20,19,-15,15
51.6800,31,-69,27,35,-10,16,-5,21,26,-40,2,13,-2,-4,-23,5,25,-44,13,85,-9,34,-34,29,12,-56,-25,5,-27,21,-21,34,15,-39,-13,-50,-12,15,-13,24,19,-49,-28,-22,11,36,-37,15,-56,-29,-2,50,-9,38,1,75,18,-59,3,24,-11,27,-22,18
51.7000,17,-73,11,28,-3,30,0,38,14,-53,9,18,11,7,-21,8,12,-52,7,79,6,50,-31,22,1,-59,-28,10,-17,25,-26,40,1,-47,1,-36,-4,24,-8,28,2,-48,-34,-49,13,46,-29,24,-58,-10,-1,46,-7,47,0,77,8,-54,-2,23,0,32,-20,27
51.7200,-1,-67,4,21,3,42,4,46,11,-49,16,26,17,18,-13,15,1,-55,2,60,17,48,-30,33,-11,-51,-28,24,-6,36,-24,44,-8,-43,12,-16,0,26,-7,30,-4,-48,-32,-61,24,46,-17,28,-51,14,-4,54,-2,48,-6,74,-3,-50,-1,23,4,49,-12,31
51.7400,-13,-65,-11,12,3,49,9,58,6,-48,19,26,26,30,-7,26,-6,-50,-5,37,37,63,-19,37,-11,-45,-22,37,8,48,-21,46,-11,-41,25,3,3,32,-2,33,-16,-45,-31,-59,28,52,-7,32,-34,29,1,44,1,52,-8,62,-6,-52,1,22,18,53,-10,36
51.7600,-18,-52,-18,14,6,52,12,67,2,-46,28,34,34,40,-3,33,-23,-44,-11,7,39,69,-15,48,-13,-40,-14,55,15,51,-18,47,-18,-34,29,30,14,40,0,37,-22,-27,-23,-60,33,53,2,44,-17,40,2,42,8,60,-15,41,-16,-39,2,25,27,58,0,45
51.7800,-21,-45,-25,14,12,56,18,70,-3,-34,33,32,34,46,4,44,-21,-38,-17,-14,44,67,3,56,-13,-29,-8,62,15,56,-15,56,-21,-21,29,51,20,41,6,40,-21,-22,-14,-46,31,49,12,50,2,49,4,39,16,52,-23,20,-14,-34,4,25,25,58,13,51
51.8000,-16,-29,-34,17,14,54,19,73,4,-35,21,37,32,45,20,51,-27,-27,-20,-40,42,63,14,60,-3,-14,-2,69,26,50,-12,54,-20,-16,36,66,23,43,7,44,-17,-13,0,-30,26,37,13,58,26,45,-2,44,17,51,-28,-1,-12,-23,1,24,29,54,14,59
51.8200,-10,-14,-32,31,14,50,21,72,7,-27,22,32,27,43,20,56,-20,-16,-24,-59,39,57,21,70,3,-8,8,72,32,51,-12,49,-9,-10,30,75,26,40,11,55,-4,-3,9,-7,19,36,24,56,46,32,-1,35,24,46,-32,-26,-9,-10,-1,23,21,49,16,61
51.8400,0,-3,-22,39,11,44,16,70,11,-19,16,26,19,37,25,57,-13,-1,-31,-70,34,41,34,73,8,2,15,63,29,46,-10,45,-3,-2,22,82,25,41,10,48,6,7,19,20,19,26,16,48,62,20,0,39,30,37,-27,-39,2,1,1,26,18,44,20,55
51.8600,15,5,-17,50,11,40,7,59,14,-6,4,27,5,24,25,58,-9,7,-26,-71,25,32,28,71,15,2,11,45,21,32,-15,35,2,5,15,79,17,30,8,48,17,9,29,46,1,16,12,42,68,1,0,40,37,31,-15,-45,10,1,1,24,6,33,17,52
51.8800,21,11,-12,65,5,37,6,49,15,-3,-3,21,-4,12,19,54,0,13,-23,-58,7,15,25,64,19,4,13,28,21,27,-8,35,15,3,3,71,11,30,14,41,21,12,32,67,-7,5,1,26,61,-17,5,35,40,25,-4,-43,17,9,2,26,5,20,13,45
51.9000,34,8,3,67,6,27,-5,41,16,-2,-13,20,-14,-1,11,41,11,19,-17,-39,-2,6,25,54,18,-1,6,3,14,20,-12,33,23,3,1,53,13,23,7,38,32,5,36,88,-8,6,-4,17,52,-40,-1,42,44,20,13,-39,21,8,1,26,-9,12,2,35
51.9200,36,0,8,72,2,32,-6,26,17,-3,-27,19,-23,-13,-2,37,21,19,-10,-23,-14,-7,10,38,18,-3,-7,-19,4,8,-18,22,22,0,-1,32,-1,16,11,34,31,2,31,97,-12,-1,-12,10,38,-58,-2,45,39,15,29,-30,22,2,4,26,-12,3,-3,26
51.9400,32,-4,13,66,1,24,-12,15,16,-8,-31,25,-25,-14,-13,26,23,11,1,6,-17,-5,-3,27,16,-5,-10,-41,-2,-2,-20,15,23,-4,-3,14,-9,8,3,24,34,-5,27,104,-7,1,-17,0,18,-74,-1,44,33,12,45,-13,24,-4,0,31,-12,3,-11,14
51.9600,34,-16,18,56,8,26,-23,11,10,-11,-30,31,-27,-15,-17,20,23,6,13,32,-16,-10,-9,17,14,-13,-21,-47,-6,-6,-21,15,21,-10,-9,-4,-12,10,0,21,32,-15,19,94,-9,0,-16,0,-8,-80,-1,47,20,6,60,11,25,-11,5,23,-15,4,-12,12
51.9800,22,-28,20,41,14,26,-19,11,13,-15,-30,39,-23,-8,-22,15,22,-2,20,55,-13,-3,-14,7,12,-14,-20,-56,-3,-2,-23,13,13,-21,2,-17,-10,16,-2,19,29,-21,10,81,1,7,-17,-3,-28,-83,0,49,8,3,68,36,23,-18,-1,26,-4,2,-12,9
52.0000,10,-31,20,19,16,28,-16,9,9,-18,-23,42,-14,2,-28,9,20,-11,28,72,-5,7,-17,6,-1,-17,-24,-55,0,2,-21,10,10,-24,5,-15,-8,9,-6,18,23,-33,6,62,4,17,-12,2,-39,-75,1,51,-7,1,73,51,14,-21,2,24,-5,10,-15,5
52.0200,-4,-35,7,-7,19,31,-7,15,7,-22,-11,53,-2,14,-24,12,9,-23,29,85,2,12,-16,2,-9,-21,-22,-41,3,12,-24,10,1,-28,8,0,-7,19,-2,18,13,-41,1,42,14,23,-7,6,-33,-58,3,52,-26,2,64,66,6,-28,1,21,5,19,-15,7
52.0400,-14,-37,2,-25,19,37,1,24,2,-27,-2,63,14,23,-23,7,6,-28,27,96,14,24,-6,6,-4,-16,-18,-26,5,16,-19,15,0,-37,16,16,-7,25,-1,22,7,-40,1,19,14,39,0,15,-27,-38,4,53,-39,0,62,87,-1,-30,2,23,10,31,-5,11
52.0600,-20,-35,-10,-42,28,37,13,25,-4,-30,11,65,24,41,-13,5,-2,-37,25,93,25,41,-2,12,-11,-19,-10,-1,13,26,-13,21,-8,-27,16,35,1,29,5,24,5,-46,-2,3,16,42,3,24,-7,-22,0,54,-43,1,51,92,-2,-29,5,26,19,41,3,17
52.0800,-22,-29,-16,-39,28,37,16,38,2,-29,16,69,33,52,-6,12,-5,-36,23,88,36,48,7,17,-6,-15,-4,20,13,31,-6,21,-11,-27,21,63,5,38,4,22,-6,-38,-2,-13,19,54,17,27,16,0,3,52,-53,5,38,88,0,-27,0,26,25,47,9,28
52.1000,-17,-22,-24,-46,22,38,23,47,-3,-29,27,58,39,57,4,20,-9,-36,16,70,36,58,18,32,-5,-14,4,36,16,38,-6,21,-10,-25,19,87,7,41,11,27,0,-29,-2,-14,13,48,24,39,42,17,7,53,-58,9,17,78,-6,-28,5,17,26,47,17,27
52.1200,-19,-6,-25,-39,23,40,28,43,5,-22,26,48,46,55,7,24,-6,-30,7,51,33,55,27,39,4,-14,14,50,23,38,-1,26,-6,-24,17,106,10,42,10,28,1,-23,5,-9,10,43,27,44,69,22,6,51,-52,18,-3,65,-6,-20,3,16,21,51,22,31
52.1400,-9,0,-25,-28,17,33,28,51,4,-19,29,36,35,44,21,26,-4,-28,8,33,35,50,34,44,7,-10,18,69,15,36,1,25,-4,-13,10,113,13,48,20,34,2,-20,5,7,-4,43,28,45,83,18,4,54,-44,24,-17,48,1,-13,7,20,16,48,26,37
52.1600,-2,5,-25,-16,12,28,26,42,4,-12,18,11,32,34,22,32,-2,-20,6,13,23,42,40,56,19,-7,23,81,18,34,2,26,6,-9,13,110,11,44,17,31,18,-12,11,18,-8,34,26,43,98,6,5,53,-25,35,-30,32,11,-11,-1,24,13,35,22,39
52.1800,18,11,-12,8,4,22,25,36,10,-9,2,-12,26,25,25,39,10,-11,-1,-6,8,37,40,54,26,-3,28,82,16,24,3,23,10,-7,1,102,11,40,15,37,24,-9,17,42,-8,27,16,40,99,-11,14,43,-14,48,-38,14,19,-7,1,21,6,30,27,37
52.2000,26,14,-7,25,-1,16,19,33,13,-5,-5,-34,10,8,20,34,12,-7,2,-12,-3,20,35,58,27,-2,27,72,9,19,3,22,17,-2,-5,82,9,34,18,39,28,-4,15,65,-20,18,14,37,93,-30,13,45,0,57,-39,-1,25,-9,3,19,1,21,23,37
52.2200,34,13,3,42,1,11,19,28,13,-3,-19,-41,1,-6,19,32,23,-4,-2,-5,-14,7,34,53,33,-12,25,62,4,9,5,23,31,-1,-11,55,3,26,15,36,39,-11,17,80,-18,14,6,31,77,-50,7,41,10,67,-41,1,28,-9,3,19,-9,11,18,31
52.2400,38,5,12,58,-4,6,7,12,15,-4,-28,-51,-9,-13,11,29,34,-11,8,4,-23,-3,27,47,33,-17,19,54,-5,6,-1,19,30,-3,-18,29,1,20,15,33,40,-9,15,83,-21,11,2,25,55,-69,4,40,27,72,-34,5,32,-10,-3,19,-14,3,17,30
52.2600,43,-5,19,67,-5,10,0,7,14,0,-30,-48,-23,-22,8,24,33,-9,7,24,-29,-6,17,40,31,-21,13,40,-9,0,5,19,32,-9,-24,2,-3,17,12,27,43,-15,9,89,-15,13,-5,19,28,-80,7,37,33,72,-24,14,32,-12,5,14,-14,1,6,22
52.2800,41,-16,29,73,-5,10,-2,4,21,-3,-32,-40,-24,-25,-2,19,37,-12,12,43,-30,-4,10,33,29,-25,2,27,-9,-4,-6,17,29,-12,-22,-17,-5,17,10,27,36,-18,4,75,-13,15,-10,14,1,-85,6,39,37,74,-7,24,31,-21,2,20,-17,1,2,18
52.3000,36,-27,26,69,2,14,3,4,17,-6,-33,-26,-29,-18,-3,13,33,-24,14,59,-28,-1,1,23,23,-33,-3,13,-12,0,-8,13,32,-21,-16,-43,-8,16,3,20,35,-26,-10,61,-11,26,-15,7,-28,-84,4,37,34,63,1,43,28,-31,4,16,-19,5,-1,18
52.3200,29,-41,27,72,7,25,3,5,15,-11,-27,-10,-23,-13,-5,10,28,-32,17,76,-26,11,0,16,13,-41,-4,12,-17,6,-4,13,26,-27,-13,-51,-16,14,6,21,23,-36,-13,36,-5,32,-17,12,-44,-69,2,37,38,56,15,58,20,-37,-1,21,-14,14,-4,16
52.3400,15,-49,24,63,10,26,11,5,12,-20,-18,9,-17,-4,-18,10,24,-41,18,80,-19,17,-4,21,11,-44,-8,4,-19,12,-12,14,18,-33,-4,-58,-9,21,5,21,18,-41,-21,16,1,41,-13,16,-69,-52,-1,43,30,49,24,75,17,-38,-2,30,-7,22,-6,13
52.3600,9,-55,15,48,10,40,11,16,13,-24,-7,34,-9,8,-11,13,13,-46,17,79,-9,33,1,32,3,-39,-7,11,-21,14,-9,17,16,-38,2,-47,-7,24,2,26,13,-33,-26,1,4,44,-9,22,-76,-36,-5,46,23,40,25,80,14,-41,1,30,-6,31,0,17
52.3800,2,-56,11,40,10,46,17,25,14,-32,10,52,4,22,-12,13,9,-52,13,70,3,44,2,32,5,-39,-4,24,-9,26,-9,25,15,-42,9,-45,-2,26,1,27,4,-39,-33,-17,12,57,-2,27,-67,-15,-5,47,11,25,19,78,7,-44,2,35,-1,39,2,23
52.4000,-1,-54,4,33,9,47,23,32,16,-28,12,69,9,32,-2,17,1,-52,3,66,9,56,8,38,4,-40,-2,36,-2,32,-2,34,3,-43,13,-31,-1,30,7,29,3,-37,-28,-26,11,55,-1,33,-61,8,-6,49,6,13,19,70,0,-47,3,32,6,48,7,32
52.4200,-1,-50,-10,18,8,44,30,49,16,-31,24,77,16,40,5,21,2,-45,-6,45,14,63,16,50,5,-34,4,57,1,40,3,36,1,-41,12,-17,5,33,11,39,10,-33,-22,-35,15,55,13,39,-47,25,-9,52,-5,7,10,61,-1,-39,5,30,14,55,16,39
52.4400,3,-34,-8,18,6,46,35,49,18,-28,33,85,28,46,8,27,0,-39,-5,32,18,69,22,60,7,-30,16,68,3,45,9,40,5,-35,10,0,8,36,16,47,15,-29,-11,-36,16,54,18,46,-28,35,-9,56,-8,-3,-4,44,5,-36,7,33,14,56,15,43
52.4600,6,-30,-7,18,7,48,33,58,17,-27,40,85,26,52,21,38,3,-35,-19,16,17,67,31,65,16,-19,20,78,1,43,9,44,9,-29,4,19,14,34,18,50,22,-23,-2,-29,14,46,18,46,-4,44,-9,59,-7,-3,-13,32,9,-27,-1,35,9,56,21,51
52.4800,15,-18,-8,25,-4,45,29,61,32,-26,34,86,25,51,25,36,10,-25,-21,-6,18,63,31,74,17,-19,23,72,5,49,8,48,10,-31,-3,36,14,36,25,53,32,-15,9,-22,13,40,20,45,18,47,-1,58,-6,-2,-16,17,19,-17,2,36,12,51,25,52
52.5000,28,-17,-7,30,-9,39,33,62,31,-24,31,71,18,36,28,44,21,-15,-18,-19,15,58,31,72,28,-13,24,66,0,47,12,41,22,-17,-8,42,13,40,21,54,41,-11,17,-12,6,30,16,48,38,38,-4,64,-2,-6,-26,5,30,-19,2,32,4,41,24,55
52.5200,32,-13,4,38,-4,32,24,58,32,-23,22,63,7,31,24,45,24,-8,-23,-27,1,45,29,73,36,-12,18,60,1,40,9,48,24,-15,-16,50,1,36,17,55,45,-11,24,-3,0,18,13,44,51,30,1,65,-4,-3,-22,-8,29,-7,10,30,0,33,23,50
52.5400,35,-9,11,41,-16,28,18,49,39,-16,14,52,-4,14,21,40,34,-5,-14,-31,-2,38,19,68,37,-13,14,46,-9,37,-1,42,29,-10,-23,38,3,31,18,54,50,-15,24,11,-6,12,5,37,54,12,4,58,9,3,-14,-18,37,-10,10,23,-7,28,14,42
52.5600,43,-14,17,50,-15,27,11,44,33,-22,5,34,-14,3,17,37,37,-3,-1,-31,-12,25,10,58,34,-6,14,24,-13,25,-7,39,31,-8,-19,35,-13,27,11,46,44,-7,22,22,-9,10,1,34,58,1,5,54,8,9,-2,-17,33,-3,11,19,-9,22,6,40
52.5800,37,-17,28,42,-16,23,3,39,27,-20,-6,17,-21,-9,6,39,39,-6,-3,-26,-14,19,-1,45,34,-14,-1,4,-13,23,-13,34,24,-11,-13,27,-11,20,7,39,44,-11,19,28,-12,4,-8,27,47,-15,10,43,14,17,2,-22,37,-8,7,22,-15,17,-2,31
52.6000,30,-21,22,40,-15,26,-4,32,20,-20,-10,9,-30,-12,-5,31,38,-13,8,-22,-20,7,-9,35,30,-12,-1,-10,-15,14,-13,29,27,-14,-8,13,-21,20,-2,32,31,-23,13,29,-11,4,-14,20,39,-31,18,31,11,22,13,-12,26,-14,7,15,-18,15,-5,24
52.6200,24,-32,28,26,-11,26,-12,30,16,-27,-12,6,-27,-9,-9,28,27,-13,16,-9,-16,5,-16,30,19,-19,-17,-23,-15,14,-26,28,14,-13,1,11,-14,19,-9,31,21,-23,3,27,-8,5,-17,21,20,-38,24,19,8,23,22,-7,26,-18,9,13,-15,13,-14,20
52.6400,16,-29,22,13,-4,32,-12,27,3,-25,-9,0,-24,-2,-12,20,18,-21,13,0,-7,8,-23,23,16,-23,-22,-27,-15,17,-25,27,7,-14,7,1,-18,14,-11,23,11,-29,0,20,-5,14,-20,17,6,-41,25,2,-2,27,34,5,13,-20,6,7,-11,16,-15,16
52.6600,3,-32,8,-1,-1,32,-12,26,1,-30,-8,4,-18,3,-19,16,9,-27,19,8,1,12,-20,17,4,-25,-28,-32,-9,17,-30,25,5,-20,16,9,-17,25,-14,20,3,-31,-10,8,-4,20,-18,16,-4,-44,20,-6,-7,28,34,25,5,-32,6,6,-6,19,-16,14
52.6800,-11,-39,7,-11,12,47,-8,23,-11,-28,-3,6,-11,15,-14,18,-4,-33,15,16,7,24,-18,18,-6,-30,-26,-38,-3,24,-34,26,-8,-23,24,10,-13,31,-15,17,-10,-36,-11,3,4,34,-11,15,-8,-42,27,-7,-13,39,32,29,-9,-35,1,5,0,30,-15,15
52.7000,-17,-38,-6,-20,19,53,-8,34,-17,-29,3,13,-1,27,-15,17,-14,-34,13,18,17,30,-13,25,-8,-28,-27,-28,3,29,-31,19,-12,-20,27,17,-2,33,-20,23,-14,-34,-18,1,3,40,-13,21,-3,-27,18,-14,-16,38,33,36,-15,-33,-1,1,11,40,-9,19
52.7200,-23,-31,-13,-26,18,54,3,35,-20,-24,10,16,7,37,-10,23,-20,-38,9,20,26,39,-7,28,-15,-25,-17,-13,13,38,-26,25,-15,-24,29,27,6,44,-8,22,-21,-28,-14,-3,11,46,-3,23,-7,-28,12,-5,-22,36,29,46,-17,-35,-6,4,15,46,-4,25
52.7400,-25,-33,-24,-25,26,54,8,37,-26,-22,16,22,17,50,-2,27,-25,-32,3,22,26,43,3,32,-13,-26,-19,-3,22,35,-24,25,-17,-22,30,35,9,53,-12,28,-22,-21,-16,4,15,54,-1,28,-10,-18,8,8,-21,40,28,49,-15,-26,-6,12,20,55,1,31
52.7600,-20,-25,-30,-15,22,55,10,38,-20,-18,16,31,21,53,3,27,-26,-27,-6,21,27,52,13,41,-10,-21,-8,16,19,45,-11,26,-15,-21,30,48,22,51,-1,24,-17,-12,-9,18,12,56,6,37,3,-10,-4,29,-21,45,21,46,-15,-20,-5,21,22,52,7,31
52.7800,-10,-10,-30,-4,23,55,13,43,-18,-12,15,33,27,55,12,31,-28,-17,-7,24,28,54,18,47,-7,-13,-2,30,27,41,-5,34,-12,-22,24,58,23,58,10,33,-11,-7,-2,33,15,53,9,35,10,-5,-4,52,-17,44,17,41,-9,-16,-9,29,21,55,16,41
52.8000,-1,-10,-32,7,18,44,19,42,-8,-5,9,32,24,50,15,44,-17,-12,-13,26,18,51,31,54,-1,-11,9,48,29,43,0,34,-5,-16,17,62,24,51,10,37,5,1,7,53,17,56,13,32,19,-7,-20,82,-14,48,9,31,3,-10,-5,39,19,47,22,40
52.8200,15,-5,-25,27,18,35,22,42,3,-2,12,36,21,39,14,44,-7,-4,-14,35,15,43,31,56,11,-12,19,62,20,35,3,35,11,-14,10,67,26,47,16,38,23,2,12,70,8,44,15,34,26,-12,-26,107,-13,48,7,31,10,-8,0,44,11,36,20,42
52.8400,20,-2,-13,40,11,33,18,36,11,-1,6,37,13,36,19,39,-1,6,-13,39,4,32,27,56,19,-6,23,68,14,31,9,35,13,-12,1,69,17,39,22,39,32,4,21,83,3,39,17,33,35,-18,-35,131,-1,51,2,23,18,-5,3,51,5,32,24,43
52.8600,36,1,0,56,9,23,21,38,22,12,-3,31,8,21,19,36,16,13,-6,50,-4,26,29,50,26,0,27,67,7,16,5,34,19,-11,-7,65,14,32,22,36,37,-1,29,85,-2,33,8,26,31,-24,-33,147,-4,48,6,23,26,5,4,62,-2,25,17,35
52.8800,41,-4,9,64,0,15,17,33,25,6,-9,26,0,8,16,33,27,6,2,58,-14,17,24,46,34,-10,25,64,0,12,1,37,26,-9,-9,56,6,26,19,36,46,-7,29,93,-6,21,7,23,33,-30,-36,154,2,47,2,25,34,-4,12,54,-14,15,19,32
52.9000,40,-10,23,67,-6,8,16,30,35,4,-14,25,-7,0,13,29,33,9,2,68,-19,12,17,42,33,-8,21,52,-6,7,-6,27,34,-13,-12,46,-9,15,20,37,49,-9,27,86,-6,14,4,16,28,-36,-29,150,1,41,5,27,34,-3,9,56,-16,9,10,29
52.9200,39,-14,29,69,-3,9,10,22,32,-3,-13,20,-15,-10,0,23,38,2,16,65,-19,10,9,31,26,-16,18,35,-18,3,-11,30,30,-20,-9,34,-10,9,12,32,50,-20,30,73,-11,13,2,14,20,-42,-19,137,4,41,11,32,35,-12,13,51,-21,6,8,24
52.9400,34,-21,34,61,-9,11,6,21,33,-10,-19,15,-20,-10,-7,11,38,-11,24,64,-22,6,1,24,24,-15,9,22,-20,2,-16,22,27,-22,-10,23,-17,7,4,28,46,-29,23,59,-12,5,-8,13,11,-44,-5,114,6,35,9,41,32,-16,12,37,-20,2,-2,19
52.9600,30,-33,35,44,-10,10,6,19,24,-15,-7,1,-19,-10,-10,11,35,-14,28,55,-24,13,-4,16,15,-22,6,8,-26,3,-15,19,26,-30,-3,7,-22,3,4,26,34,-40,13,35,-11,16,-6,9,8,-40,8,78,-2,35,12,39,25,-21,12,20,-17,8,-9,15
52.9800,14,-30,35,26,-7,19,0,19,17,-25,-7,-2,-13,-10,-16,10,25,-22,30,42,-16,19,-10,19,12,-19,1,-6,-23,9,-23,18,16,-25,7,2,-20,2,-2,24,27,-41,6,11,-7,24,-7,19,2,-39,22,42,-2,30,11,40,20,-29,13,10,-19,14,-9,13
53.0000,4,-34,29,5,-6,28,0,20,9,-27,-1,-5,-7,0,-14,7,17,-32,28,33,-8,21,-9,15,5,-24,-9,-19,-18,14,-25,18,5,-32,15,-5,-18,7,-4,29,13,-46,4,-10,-4,25,-9,12,-2,-33,40,2,-10,29,11,41,13,-33,11,-7,-11,21,-12,16
53.0200,-9,-36,20,-17,-9,26,-4,25,8,-32,6,-14,-1,9,-15,10,5,-37,26,9,-2,31,-10,21,2,-25,-11,-19,-12,23,-28,15,-7,-31,18,-12,-16,19,-9,24,12,-44,0,-26,-2,31,-2,20,-6,-30,55,-34,-5,27,6,40,5,-32,11,-20,-6,28,-9,22
53.0400,-14,-32,7,-29,-2,38,6,31,0,-33,13,-13,4,20,-5,15,-1,-37,19,-3,4,44,-2,23,-6,-20,-10,-27,-4,34,-20,21,-6,-32,24,-11,-12,27,-3,30,0,-39,-5,-42,-2,37,-5,28,-1,-18,73,-68,-5,28,2,37,-6,-34,5,-29,2,37,-6,21
53.0600,-22,-29,3,-44,3,46,6,32,-7,-30,19,-17,15,30,0,16,-12,-36,17,-22,12,50,9,27,-5,-21,-7,-23,3,44,-22,20,-15,-31,29,-4,-5,34,0,29,-3,-37,-5,-47,0,39,0,30,8,-13,74,-88,-8,19,-1,36,-14,-28,4,-43,5,46,1,27
53.0800,-17,-22,-9,-46,4,51,3,35,-8,-27,30,-17,17,35,5,17,-17,-33,14,-38,22,56,15,37,-6,-20,-4,-25,10,47,-15,20,-13,-27,30,-1,5,43,1,32,-7,-29,1,-45,7,47,5,33,15,-6,80,-105,-10,26,-3,30,-12,-22,2,-41,10,53,6,28
53.1000,-20,-13,-18,-44,4,51,10,33,-3,-18,27,-9,16,39,10,27,-13,-32,10,-43,20,55,20,39,-5,-14,1,-25,14,52,-16,20,-17,-22,26,8,8,50,4,35,-3,-19,0,-40,6,43,6,31,26,-11,74,-106,-6,30,-5,22,-6,-17,1,-37,12,50,8,26
53.1200,-9,-6,-17,-39,8,59,8,33,-4,-16,27,-7,16,39,16,34,-7,-17,8,-40,15,57,25,38,4,-10,5,-5,19,53,-7,19,-17,-15,25,13,13,53,6,35,-3,-13,7,-25,5,47,7,36,34,-9,65,-86,1,25,-5,17,-3,-16,-2,-29,13,50,11,29
53.1400,2,-2,-21,-15,8,55,12,30,-6,-10,23,1,9,33,23,34,-2,-17,4,-29,10,54,23,47,11,-10,14,6,14,51,2,22,-10,-11,21,21,18,54,7,37,7,-13,13,2,4,43,10,31,39,-15,47,-60,5,32,-2,15,5,-12,-4,-13,6,50,18,28
53.1600,12,-1,-15,5,11,54,13,31,3,-7,23,20,6,31,17,31,5,-9,4,-18,2,42,27,45,14,-12,15,22,19,44,1,18,4,-7,9,25,16,53,13,35,15,-7,11,32,6,43,4,30,38,-18,26,-29,9,35,3,10,9,-6,2,8,5,43,20,27
53.1800,20,-2,-11,32,12,47,11,21,8,-5,12,39,-7,18,18,31,12,-5,4,10,1,33,29,42,17,-8,20,40,16,33,5,19,11,-2,0,37,15,47,19,36,18,2,22,66,0,35,0,25,33,-27,1,22,7,37,6,12,17,-7,6,28,2,37,19,27
53.2000,27,-1,-8,55,8,39,13,17,19,-1,0,55,-12,10,17,26,14,-4,7,42,-11,27,25,42,22,-15,21,57,1,28,10,21,17,1,-4,46,7,36,20,30,28,-5,24,90,-1,30,2,16,28,-33,-36,72,6,32,10,14,27,-4,0,61,-2,28,16,24
53.2200,32,-9,6,81,6,31,16,11,20,-1,-7,72,-14,3,10,28,27,-7,5,74,-12,15,22,36,23,-15,21,83,-1,16,9,23,22,-8,-12,57,-3,31,19,30,24,-5,22,116,-5,22,4,19,12,-44,-58,111,4,32,15,17,25,-7,7,82,-8,22,15,19
53.2400,34,-18,16,99,5,27,17,12,26,-7,-13,93,-20,2,12,18,30,-7,15,101,-19,11,17,36,27,-18,18,98,-13,2,8,21,21,-10,-9,65,-7,27,16,28,29,-15,17,128,-4,18,5,15,10,-46,-86,157,-2,32,22,29,31,-18,2,98,-11,14,13,21
53.2600,25,-30,22,114,2,22,16,9,27,-11,-18,105,-17,-1,7,17,27,-16,15,129,-17,9,13,33,28,-26,18,105,-18,1,4,24,26,-16,-11,74,-9,13,15,24,29,-17,10,126,-3,18,2,15,4,-40,-98,187,-6,28,16,36,29,-19,14,110,-14,13,12,22
53.2800,24,-33,21,114,-2,15,18,17,29,-18,-18,112,-17,3,2,18,24,-25,9,148,-23,9,12,34,27,-30,16,113,-21,2,4,23,33,-22,-10,80,-14,9,13,24,25,-20,2,117,-6,17,4,16,-6,-38,-112,204,-14,27,15,47,30,-26,13,115,-16,14,9,22
53.3000,19,-36,22,111,-1,19,17,20,22,-20,-19,109,-17,7,-4,17,19,-28,8,147,-18,16,9,31,18,-31,16,109,-21,3,4,22,25,-19,-15,82,-15,8,10,24,27,-26,-1,102,-8,24,2,18,-7,-37,-110,203,-17,21,12,55,23,-36,9,105,-14,10,9,22
53.3200,18,-40,22,97,0,20,17,24,26,-26,-18,97,-13,11,0,18,13,-35,7,136,-16,17,8,37,22,-33,6,104,-22,5,-6,26,25,-28,-11,79,-19,10,11,25,16,-28,-8,72,-8,20,2,20,-7,-22,-93,189,-17,22,11,59,23,-36,0,97,-15,17,7,20
53.3400,17,-45,17,72,-7,24,21,32,16,-31,-17,74,-2,24,4,15,14,-30,4,113,-15,26,3,36,15,-38,-3,88,-23,13,-5,31,23,-29,-15,71,-14,20,9,25,20,-27,-25,42,-6,27,7,24,-5,-14,-74,172,-23,22,2,61,15,-34,-4,73,-9,25,12,28
53.3600,9,-45,11,45,-4,28,21,36,15,-39,-15,45,-3,33,3,23,2,-38,-8,79,-8,36,6,45,9,-36,-6,65,-22,19,-8,31,18,-46,-7,58,-10,20,9,30,14,-32,-25,8,-4,32,4,25,7,-10,-45,143,-21,23,-6,56,9,-36,-5,41,-13,34,5,31
53.3800,3,-40,1,20,-6,31,26,38,15,-41,-9,19,5,40,5,25,-1,-37,-11,34,-5,42,13,49,8,-34,-3,49,-17,31,-9,35,17,-35,-7,35,-11,25,4,30,17,-28,-34,-19,-5,34,7,31,14,0,-13,107,-18,29,-15,55,12,-38,-12,18,-8,36,12,37
53.4000,6,-39,-4,-11,-6,31,19,47,13,-40,6,-12,6,43,6,37,-6,-31,-18,-6,-3,47,11,53,8,-33,-6,23,-10,38,-8,40,9,-42,-9,22,-9,32,-1,36,18,-29,-27,-39,-2,35,4,32,17,-1,24,70,-15,36,-21,43,6,-29,-9,-13,-3,44,6,37
53.4200,6,-34,1,-27,-5,35,14,46,8,-41,10,-34,11,41,7,32,0,-24,-17,-42,2,53,14,52,7,-31,-5,11,-10,41,-8,36,13,-37,-2,0,-5,37,1,35,25,-27,-18,-53,-3,36,2,35,32,-5,55,34,-4,40,-29,32,10,-29,-6,-30,-4,48,8,43
53.4400,13,-26,-3,-41,-10,39,17,48,15,-35,23,-54,11,46,11,39,2,-19,-16,-70,-4,54,16,56,13,-23,3,-9,-4,47,-6,43,11,-33,-5,-24,-2,44,7,44,23,-20,-9,-63,1,35,3,32,34,-5,89,6,4,45,-34,21,8,-26,1,-57,-4,52,10,42
53.4600,13,-25,-2,-42,-9,46,19,46,11,-28,25,-62,15,36,15,40,7,-13,-13,-88,0,49,10,56,13,-20,5,-20,-1,54,-7,36,12,-36,4,-37,-2,49,7,41,26,-20,-1,-64,0,43,-1,29,37,-10,113,-20,10,48,-31,14,17,-22,6,-66,0,44,7,40
53.4800,24,-23,8,-38,-12,41,7,47,17,-27,33,-66,9,36,16,36,8,-6,-2,-93,-4,44,10,53,17,-21,17,-36,-1,50,-9,41,12,-22,7,-53,1,52,8,42,32,-23,17,-60,-3,35,0,30,34,-22,129,-37,20,50,-29,9,20,-16,13,-65,-3,50,5,38
53.5000,26,-15,12,-33,-4,39,4,36,19,-19,43,-59,5,28,13,40,20,-5,5,-91,-2,42,1,52,18,-10,21,-48,1,47,-10,38,18,-22,10,-58,0,52,9,38,35,-23,27,-44,2,36,-3,22,26,-29,134,-50,22,46,-22,3,19,-17,21,-60,-3,42,-1,36
53.5200,29,-15,18,-21,2,42,-1,36,21,-20,40,-54,-3,19,7,34,16,-1,17,-78,-5,31,1,42,17,-12,23,-53,2,44,-12,34,23,-19,10,-59,-2,48,7,35,44,-23,35,-26,4,33,-8,22,25,-37,131,-53,32,45,-5,5,21,-16,22,-51,-2,41,-3,30
53.5400,27,-19,27,-9,-3,43,1,37,15,-16,36,-38,-8,15,0,30,26,-8,20,-55,-6,24,-3,35,22,-13,27,-52,-6,39,-16,32,16,-23,12,-62,-5,43,7,38,33,-24,39,-15,3,31,-5,17,14,-33,116,-45,30,40,6,8,24,-12,30,-39,-3,38,1,26
53.5600,24,-23,25,4,1,42,0,27,19,-14,33,-19,-4,4,-2,28,26,-9,29,-32,-2,28,-7,31,18,-15,22,-43,-7,34,-18,29,14,-18,13,-49,-7,38,2,34,33,-27,35,2,3,29,-8,18,3,-38,96,-38,32,36,15,16,22,-15,29,-20,-7,31,-3,23
53.5800,17,-28,25,24,2,38,1,26,15,-15,23,3,-13,2,-3,25,27,-14,29,-7,-2,23,-10,27,19,-18,15,-33,-6,24,-17,24,18,-21,20,-35,-10,33,6,31,26,-27,30,20,2,31,-7,18,-4,-44,71,-21,26,34,33,20,22,-22,26,0,-3,27,-7,20
53.6000,7,-27,24,28,6,40,0,26,10,-15,14,28,-13,1,-3,18,19,-16,26,24,-1,25,-6,18,18,-18,12,-17,-3,25,-20,23,13,-21,21,-24,-11,28,-3,31,20,-28,23,26,1,28,-8,18,-16,-31,39,-1,14,30,39,31,18,-22,22,19,-6,24,-5,22
53.6200,7,-24,21,37,3,37,4,27,5,-19,1,56,-12,1,-8,23,17,-22,23,45,3,19,-5,22,9,-16,5,1,-1,23,-20,26,5,-22,23,-4,-5,26,-5,29,15,-31,10,38,2,29,-6,19,-20,-29,6,24,10,22,40,36,8,-25,14,36,-4,24,0,17
53.6400,1,-25,13,39,2,37,3,28,4,-20,-4,77,-7,5,-12,24,8,-28,22,66,6,24,-3,23,7,-20,-4,20,-4,16,-21,24,8,-22,19,28,-8,32,-7,26,9,-29,2,42,0,29,-1,24,-21,-22,-23,41,-8,13,42,39,6,-25,6,53,-2,29,0,26
53.6600,-4,-27,3,47,7,36,6,33,0,-19,-10,93,-2,8,-8,23,-3,-31,3,72,6,24,-1,27,4,-22,-12,40,1,22,-19,26,-6,-15,15,42,-5,27,-6,27,1,-28,-7,53,0,33,-3,28,-22,-13,-54,60,-13,9,29,41,-1,-24,-1,66,2,28,1,23
53.6800,-7,-25,-13,51,5,35,2,33,-1,-23,-18,107,3,15,-5,22,-7,-29,-6,84,6,32,1,38,5,-22,-16,60,-1,22,-20,21,-7,-20,8,65,2,28,-8,29,-5,-28,-17,56,1,37,2,27,-16,-5,-74,73,-23,6,33,38,-8,-26,-9,77,-4,29,4,26
53.7000,-7,-23,-16,48,8,36,4,38,-5,-21,-19,112,4,28,-4,25,-13,-30,-8,81,5,32,8,43,5,-21,-22,75,2,21,-20,24,-9,-22,4,77,5,29,-7,27,-4,-26,-15,64,5,35,-3,33,-13,-10,-95,84,-27,2,19,41,-5,-23,-13,78,0,32,6,28
53.7200,-6,-19,-30,48,6,33,7,37,-8,-23,-21,112,11,28,-2,30,-22,-27,-21,79,9,34,14,54,2,-19,-20,85,1,29,-22,28,-10,-15,5,88,5,32,-6,24,-2,-19,-16,57,-4,34,1,36,0,-3,-98,90,-32,2,8,34,-7,-19,-17,77,3,42,6,31
53.7400,-1,-18,-30,45,2,33,6,37,-5,-15,-18,102,7,29,1,35,-21,-23,-23,66,7,36,12,59,4,-20,-22,91,7,27,-14,29,-9,-17,4,90,7,38,-6,38,-2,-13,-19,62,-1,33,0,35,6,2,-97,91,-32,6,1,27,-7,-20,-18,72,2,34,8,35
53.7600,0,-11,-26,49,5,35,7,38,-5,-11,-8,93,14,33,5,36,-21,-10,-28,59,0,35,14,52,5,-21,-13,88,5,30,-13,32,-2,-15,-4,89,14,37,-2,32,2,-5,-10,62,2,35,-7,36,12,3,-88,92,-24,9,-6,22,-1,-11,-17,65,-1,36,8,34
53.7800,2,-11,-21,46,0,32,5,38,-5,-12,-2,71,5,34,9,37,-13,-6,-20,45,-2,32,16,58,7,-17,-7,82,1,29,-14,38,-2,-10,7,82,13,36,0,31,4,-5,0,59,-2,30,-5,27,17,-4,-66,86,-20,15,-14,18,-1,-12,-18,60,0,38,5,39
53.8000,10,-13,-15,47,-4,32,5,36,3,-6,2,51,8,28,6,38,-8,-3,-11,36,-6,26,15,53,6,-16,1,68,4,31,-10,33,2,-9,1,67,4,36,-3,34,11,-9,8,59,-1,33,-3,29,19,-10,-49,83,-14,19,-20,11,3,-7,2,47,-2,31,3,35
53.8200,22,-7,-2,41,-1,26,3,29,9,-3,5,34,4,22,3,27,0,-1,-3,33,-7,24,10,49,10,-15,6,59,-4,29,-11,31,10,-10,6,58,5,36,3,26,19,-3,21,63,-1,28,-16,25,22,-15,-25,82,-11,29,-17,10,12,-9,5,45,-7,28,5,31
53.8400,19,-12,12,38,4,26,2,27,12,2,14,25,-3,16,3,29,5,-2,6,30,-10,29,5,45,11,-12,16,46,-3,29,-10,30,13,-11,13,38,1,34,4,33,26,-5,35,54,1,25,-13,20,20,-19,-3,75,-5,38,-14,14,14,-4,17,40,-9,26,1,32
53.8600,16,-10,26,38,3,27,-1,22,15,-1,17,11,-4,9,4,28,10,6,23,30,-13,23,-2,38,11,-13,22,38,0,29,-8,30,22,-13,21,33,0,32,7,27,26,-5,45,50,2,30,-13,15,18,-24,20,71,-1,40,-14,18,17,-5,22,29,-11,22,-3,19
53.8800,19,-17,42,38,3,31,1,19,17,-5,27,8,-12,7,2,20,17,5,40,31,-10,24,-4,30,10,-14,25,23,-6,24,-10,32,19,-11,22,24,-3,28,4,25,24,-10,46,43,10,25,-12,16,17,-28,32,62,2,48,-6,21,19,-12,36,27,-10,26,-4,24
53.9000,24,-18,43,29,1,33,2,17,18,-5,30,-2,-14,2,-4,11,20,-1,45,33,-9,21,-5,24,8,-17,30,11,-11,20,-13,25,24,-11,26,15,-5,24,5,24,32,-15,47,28,5,28,-8,6,15,-19,50,53,3,51,-1,26,21,-14,39,19,-11,25,1,13
53.9200,14,-21,46,20,4,33,5,17,16,-11,33,-4,-8,3,-8,15,21,-8,54,33,-3,23,-10,21,10,-14,34,7,-11,23,-16,20,23,-18,31,11,-11,24,7,19,23,-22,47,17,3,32,-6,6,9,-21,61,45,0,54,13,24,12,-17,42,13,-9,27,-1,13
53.9400,13,-28,42,14,6,37,8,16,17,-22,27,-8,-6,2,-7,15,19,-13,52,33,-5,28,-5,17,12,-20,30,-3,-11,21,-17,21,18,-18,30,12,-11,25,8,18,25,-20,41,10,2,38,-3,0,4,-20,61,38,-2,49,15,34,16,-20,38,8,-3,30,-1,13
53.9600,0,-31,36,4,3,41,9,23,10,-19,26,-9,-6,15,-2,9,14,-21,53,30,3,31,-6,17,1,-20,26,-6,-9,23,-18,19,19,-24,25,11,-15,26,10,19,23,-24,30,-5,-5,34,5,9,11,-20,58,30,-5,46,16,37,15,-26,31,5,-3,28,3,11
53.9800,-3,-30,30,0,6,41,12,21,11,-24,23,-8,-2,13,-2,8,9,-19,45,24,6,34,1,18,1,-19,27,-5,-14,32,-12,14,14,-28,19,16,-8,28,14,21,17,-29,19,-9,3,35,5,14,7,-17,52,18,-9,45,18,32,8,-22,21,1,-3,35,4,11
54.0000,-3,-24,18,-9,5,39,18,21,8,-29,18,1,-1,20,1,12,8,-28,35,15,5,36,9,26,-4,-21,20,-2,-9,33,-12,21,9,-29,17,15,-9,32,14,23,13,-25,3,-10,3,33,9,17,17,-16,45,14,-11,38,16,33,9,-28,20,0,-1,38,11,18
54.0200,-8,-25,9,-16,-1,38,22,30,6,-27,14,-1,6,25,10,14,2,-31,18,5,9,40,14,29,-3,-21,14,4,-2,36,-8,16,14,-35,16,19,-7,32,16,24,14,-28,-5,-14,-1,37,18,23,15,-8,42,11,-12,37,15,29,6,-31,3,2,1,41,13,25
54.0400,-4,-20,-3,-13,-1,39,26,30,-1,-29,7,3,2,25,12,25,1,-27,6,-1,5,43,18,37,-4,-24,14,6,2,36,-7,22,11,-30,9,23,-9,34,18,27,18,-30,-12,-10,-4,36,20,23,28,-11,26,16,-16,37,11,30,3,-25,-2,-1,-3,41,14,29
54.0600,-2,-23,-8,-9,-3,40,22,34,0,-27,0,6,5,29,20,32,4,-24,-4,-7,2,46,29,41,4,-17,2,19,5,37,-1,23,4,-32,5,26,-7,35,19,33,18,-23,-18,-6,-6,36,22,26,27,-13,19,17,-13,33,9,20,4,-28,-8,-1,-4,40,17,27
54.0800,0,-20,-16,1,0,37,19,36,2,-26,-6,12,7,32,19,34,2,-23,-15,-9,3,39,35,49,8,-17,4,16,0,39,-1,25,5,-26,-2,30,-9,42,21,36,21,-22,-19,1,-7,36,24,33,27,-18,9,21,-13,33,10,13,9,-22,-14,9,-2,37,22,37
54.1000,7,-18,-19,11,1,38,18,32,2,-23,-14,12,0,25,24,36,5,-24,-21,-8,-5,36,35,52,11,-17,-2,18,-1,33,3,31,12,-25,-16,31,-5,39,22,45,18,-16,-22,10,-7,30,22,29,34,-23,4,25,-6,29,7,15,6,-17,-18,11,-3,33,21,31
54.1200,9,-19,-22,14,-6,34,17,30,7,-19,-18,10,-4,23,25,37,4,-21,-28,-7,-17,34,27,52,16,-16,-5,16,3,35,0,30,14,-24,-18,26,-6,37,23,40,30,-19,-23,23,-14,28,17,29,34,-27,5,27,-4,27,10,17,13,-16,-15,9,-5,37,19,35
54.1400,18,-19,-17,19,-4,31,16,29,10,-18,-26,15,-10,15,19,37,12,-14,-35,-1,-24,27,28,50,17,-15,-1,16,5,33,2,32,15,-24,-26,27,-10,36,21,43,31,-14,-28,30,-11,22,9,30,28,-30,-4,34,-5,29,9,20,14,-17,-18,8,-13,26,18,38
54.1600,15,-18,-16,31,-1,29,13,30,7,-21,-22,8,-17,11,18,37,20,-14,-32,5,-22,21,20,51,12,-15,-7,12,-9,32,-1,29,20,-19,-22,17,-11,32,13,45,27,-17,-17,38,-12,27,6,27,28,-36,-6,39,2,25,9,21,12,-16,-20,17,-17,19,14,32
54.1800,11,-20,-6,30,-1,25,9,23,13,-16,-22,11,-19,9,10,36,19,-13,-24,13,-29,21,15,50,19,-13,-10,6,-13,26,-7,28,19,-22,-25,13,-18,27,8,40,30,-16,-15,34,-13,24,0,28,18,-36,-4,41,6,28,9,29,18,-20,-11,20,-20,22,3,27
54.2000,15,-24,1,34,-4,28,6,26,12,-19,-25,20,-14,6,-2,30,25,-14,-17,23,-26,20,11,47,21,-13,-11,6,-17,18,-6,28,18,-21,-21,9,-18,31,5,36,29,-20,-9,37,-12,26,-3,22,11,-41,3,50,3,28,10,31,24,-24,-8,13,-19,26,-2,31
54.2200,13,-27,5,29,-4,25,-3,25,7,-14,-16,19,-19,8,-6,28,19,-19,-9,31,-28,22,4,42,19,-14,-10,7,-13,22,-10,25,14,-21,-12,1,-20,28,1,38,27,-24,-6,34,-15,23,-4,23,2,-40,-3,52,-2,21,6,39,14,-21,-6,17,-19,19,-2,24
54.2400,13,-29,14,25,0,26,2,26,11,-17,-9,26,-16,10,-11,21,18,-17,-6,40,-18,24,-2,37,17,-15,-11,7,-20,17,-14,24,19,-27,-10,4,-15,29,-4,31,19,-19,-2,31,-11,25,-5,22,-4,-37,-6,57,-4,23,11,43,15,-23,-1,15,-14,23,-9,23
54.2600,11,-28,13,21,-1,28,-3,28,10,-17,-6,30,-10,11,-17,22,9,-22,4,44,-12,28,-1,38,9,-16,-13,16,-16,22,-18,26,11,-23,-2,4,-21,24,-4,30,19,-19,1,27,-8,30,-5,20,-11,-33,2,62,-11,23,10,45,10,-27,7,21,-13,29,-7,22
54.2800,9,-27,12,18,-3,27,3,29,6,-18,5,30,-7,17,-14,20,5,-20,7,49,-9,28,-7,38,12,-20,-12,17,-17,27,-19,23,7,-23,5,9,-16,27,-12,25,13,-22,3,19,-2,31,-7,20,-13,-28,2,62,-14,24,2,48,6,-23,8,18,-11,27,-7,20
54.3000,4,-23,15,12,-1,34,5,32,1,-20,13,37,2,22,-8,21,-4,-25,15,45,-2,40,-8,35,12,-23,-2,24,-14,29,-15,23,4,-29,16,15,-10,31,-11,28,9,-24,9,12,-5,33,-6,23,-6,-15,2,66,-16,24,-1,47,0,-24,16,25,-5,39,-4,25
54.3200,-1,-28,10,12,4,37,6,28,-1,-24,26,38,3,29,-8,21,-10,-21,17,41,-2,43,-5,37,2,-16,4,30,-7,35,-15,25,0,-29,22,22,-8,41,-8,27,9,-22,11,15,-3,38,-5,22,-10,-15,8,69,-22,29,-6,41,2,-22,21,25,-4,40,-4,27
54.3400,-3,-25,13,8,0,39,5,37,0,-23,34,36,5,37,0,22,-6,-20,19,37,2,52,3,40,-1,-16,5,25,-8,43,-15,21,0,-26,26,27,1,40,-5,28,5,-16,14,9,-2,45,-6,20,-3,-7,10,67,-20,29,-5,41,1,-20,21,25,-1,46,-2,24
54.3600,3,-16,10,11,-3,48,10,34,-3,-24,38,35,12,40,-2,29,-6,-17,21,29,1,50,5,42,1,-15,15,35,-3,46,-15,25,-6,-27,26,31,2,46,-4,25,7,-14,20,7,4,46,-2,25,4,0,9,66,-18,31,-5,35,-4,-13,20,21,-1,51,3,27
54.3800,1,-14,9,10,-5,41,13,34,0,-18,40,30,12,42,9,28,-12,-11,20,26,4,51,9,43,4,-14,17,35,-4,47,-8,31,-7,-20,31,31,4,51,3,26,8,-11,24,11,0,41,3,23,10,4,18,60,-17,40,-10,20,-1,-12,25,18,-2,55,10,26
54.4000,7,-11,14,14,-8,38,12,38,1,-16,42,26,5,40,9,27,-6,-8,17,11,0,48,14,46,6,-13,26,36,0,48,-3,28,-8,-20,32,34,4,50,3,28,9,-9,29,16,1,47,1,20,13,0,25,60,-11,44,-9,21,1,-7,23,18,1,49,9,27
54.4200,5,-7,15,17,-11,47,15,38,1,-14,38,15,6,39,13,30,-8,-9,20,4,2,44,19,48,6,-11,30,32,1,48,-7,30,-4,-14,31,29,4,52,8,28,14,-3,28,22,-8,42,3,20,14,-4,28,54,-10,47,-13,17,-3,-8,21,8,-3,51,11,28
54.4400,9,-13,15,15,-9,46,19,32,4,-13,33,8,-6,32,15,25,-2,-1,20,-2,-2,39,12,47,9,-7,34,31,-6,42,1,27,-2,-7,25,22,4,48,13,26,14,-5,31,23,-5,44,0,20,13,-10,33,46,-5,53,-6,5,7,-2,22,12,-4,41,15,28
54.4600,16,-10,17,20,-7,36,14,27,7,-4,30,-1,-6,28,16,29,5,2,21,-5,-5,38,13,40,13,-8,34,25,-7,36,-4,28,-1,-7,18,13,-2,42,13,27,16,-7,36,25,-5,32,4,17,20,-13,31,40,-5,47,-4,5,10,-2,21,9,-6,39,17,26
54.4800,16,-11,22,22,-6,36,15,26,12,-6,19,-8,-15,22,18,25,3,-3,20,-4,-13,29,7,38,11,-6,33,15,-7,31,-3,23,5,-6,25,7,-7,38,13,30,22,-7,38,31,-8,35,5,16,16,-19,37,34,-4,48,0,9,13,-3,21,10,-8,31,10,25
54.5000,17,-9,29,21,-14,37,13,25,15,-3,9,-3,-21,16,15,25,10,-1,21,2,-11,27,8,35,13,-8,28,14,-12,30,-9,19,8,-6,14,7,-10,30,10,27,25,-9,38,25,-4,28,2,12,8,-23,40,36,1,46,10,8,14,-7,19,9,-15,28,13,22
54.5200,18,-16,28,23,-8,37,7,23,13,-5,8,3,-24,10,8,24,13,-2,22,6,-11,21,5,28,15,-13,24,12,-14,26,-3,22,11,-5,15,3,-14,28,5,26,27,-13,34,27,-10,19,3,12,10,-24,36,32,1,43,8,15,17,-7,18,13,-15,23,7,17
54.5400,18,-18,25,27,-5,34,10,20,18,-10,0,2,-19,9,3,20,14,-11,19,11,-15,20,0,29,18,-11,22,7,-14,17,-7,19,14,-9,6,-2,-15,20,7,23,23,-12,27,22,-5,20,-2,15,8,-24,30,40,0,40,14,21,15,-12,15,13,-12,23,5,18
54.5600,11,-21,26,33,-4,35,9,24,17,-13,1,8,-17,5,-2,21,17,-10,22,20,-11,18,4,27,16,-15,16,4,-15,17,-10,19,19,-14,9,6,-14,20,4,21,21,-19,17,18,-4,23,-1,12,4,-24,29,43,0,32,14,22,16,-18,9,10,-17,23,2,18
54.5800,11,-22,24,25,-9,35,11,23,15,-16,-4,18,-16,10,-2,16,11,-18,24,31,-8,19,1,27,21,-17,9,10,-17,18,-11,21,9,-15,-2,5,-15,17,-1,21,21,-17,18,17,-4,21,-6,12,2,-22,20,49,-4,29,19,25,12,-19,15,16,-13,25,0,16
54.6000,5,-23,18,27,-5,34,8,21,13,-15,4,31,-16,13,-3,15,8,-25,28,37,-4,23,4,26,15,-18,9,14,-14,24,-16,22,9,-21,3,16,-10,21,1,15,17,-23,10,20,-4,26,-4,22,4,-23,15,54,-5,30,15,32,14,-19,14,19,-9,21,-1,16
54.6200,7,-27,20,30,-1,36,12,21,15,-21,3,36,-2,15,-7,19,8,-23,22,40,-3,28,5,26,11,-23,3,19,-9,23,-18,20,7,-23,4,22,-11,20,-2,20,12,-23,9,11,-8,29,4,20,5,-13,2,67,-2,27,16,33,11,-25,10,28,-9,27,-1,18
54.6400,6,-22,13,26,0,38,15,25,15,-27,6,46,-4,22,2,20,4,-29,19,39,-2,32,4,34,14,-24,1,26,-7,30,-14,23,6,-27,7,34,-13,24,2,21,13,-20,8,22,-8,31,0,19,9,-13,-3,69,-9,24,12,34,8,-29,10,32,-9,28,5,22
54.6600,2,-23,9,26,-3,43,12,27,9,-27,12,53,3,29,3,24,0,-25,11,40,-1,34,8,41,9,-28,6,44,-6,34,-18,20,7,-23,6,43,-4,26,-3,26,16,-26,-3,26,-4,36,2,25,13,-9,-5,71,-13,25,7,32,7,-24,7,37,-3,39,5,27
54.6800,1,-25,6,31,-10,45,9,29,6,-29,13,53,0,30,4,33,4,-25,13,44,-3,35,15,45,12,-26,8,46,-1,37,-12,25,8,-29,8,52,-5,33,-3,26,14,-27,-4,21,-4,36,2,27,15,-11,-15,73,-14,25,2,30,4,-25,8,36,-4,40,13,28
54.7000,5,-22,3,29,-5,48,15,28,9,-29,14,51,-2,29,11,29,3,-23,4,42,-3,42,17,46,9,-28,10,56,-3,39,-12,27,3,-26,6,55,-10,40,0,26,14,-18,-5,35,-4,44,-2,22,18,-12,-15,77,-11,30,2,25,8,-24,7,34,0,42,12,30
54.7200,5,-25,-1,28,2,42,15,29,10,-30,19,48,-1,32,13,35,-3,-21,2,33,-3,39,13,49,7,-23,13,53,-2,41,-10,32,3,-27,10,60,-4,42,8,29,14,-19,-3,36,-3,36,6,32,24,-21,-20,67,-16,30,-3,26,5,-27,6,41,0,40,9,36
54.7400,6,-21,0,30,-2,43,16,32,6,-28,18,42,-2,34,14,32,3,-23,-6,29,-13,37,18,49,7,-23,17,53,-9,43,-6,32,3,-21,11,52,-9,40,8,31,15,-18,2,37,-6,37,1,28,22,-23,-14,62,-18,38,-4,25,8,-22,3,36,-9,40,10,34
54.7600,4,-19,4,33,-8,41,12,36,5,-23,19,40,-8,32,16,37,3,-15,-7,27,-16,34,18,51,9,-28,20,42,-7,39,-7,36,10,-20,8,44,-7,44,16,33,15,-23,1,39,-8,41,3,28,22,-20,-13,58,-11,31,-7,25,11,-21,8,32,-10,43,8,32
54.7800,9,-20,9,35,-7,42,11,29,9,-25,15,29,-7,28,12,40,3,-11,-1,20,-18,34,15,51,7,-22,14,34,-8,38,-8,36,11,-20,13,38,-9,43,13,38,19,-12,3,39,-12,34,3,25,15,-29,-3,43,-13,40,-2,21,3,-20,8,31,-17,40,5,30
54.8000,10,-21,10,30,-10,38,16,26,7,-16,13,20,-11,26,14,36,3,-18,0,15,-20,32,14,50,7,-23,13,22,-12,43,-11,33,6,-23,12,27,-14,43,13,36,20,-15,4,37,-11,38,2,26,11,-31,5,36,-9,35,-2,25,15,-24,9,21,-13,41,4,35
54.8200,8,-18,17,23,-8,36,12,28,8,-16,9,14,-20,22,11,39,4,-11,-3,14,-21,28,8,45,10,-25,13,15,-13,38,-9,36,14,-21,16,15,-17,33,9,37,18,-17,12,32,-16,31,-4,27,8,-32,9,35,-4,36,2,25,10,-22,12,18,-15,29,6,32
54.8400,4,-21,21,26,-5,31,9,28,10,-18,8,9,-19,17,8,37,5,-14,3,16,-25,22,5,47,5,-18,18,13,-21,32,-11,30,10,-19,13,10,-17,28,6,34,15,-15,15,32,-14,31,-1,21,3,-35,15,32,-13,36,4,31,9,-14,14,18,-17,31,1,31
54.8600,3,-25,29,24,-14,37,11,27,7,-12,7,12,-18,15,2,33,2,-10,7,20,-16,22,-2,39,8,-14,13,8,-22,28,-16,31,9,-26,17,-1,-24,26,10,29,21,-12,11,29,-13,32,-3,21,-4,-36,22,28,-11,36,5,37,10,-20,17,13,-15,31,3,27
54.8800,-1,-21,29,19,-8,32,6,27,4,-15,10,10,-16,13,3,28,4,-14,12,23,-21,25,0,43,6,-20,12,5,-16,26,-18,30,10,-20,18,1,-25,25,3,27,16,-14,15,23,-12,29,5,14,-5,-33,21,33,-10,31,6,38,7,-20,16,15,-17,30,4,30
54.9000,2,-28,27,18,-5,33,0,28,-1,-17,5,16,-14,19,-3,26,0,-16,12,30,-15,23,0,36,2,-15,7,9,-15,22,-21,26,4,-27,19,1,-25,29,2,28,11,-21,17,17,-10,31,1,22,-10,-31,30,39,-10,30,13,38,6,-22,18,16,-14,28,-1,23
54.9200,4,-25,22,11,-7,31,5,28,1,-21,15,24,-12,17,-11,25,-4,-18,17,32,-11,29,-3,36,6,-13,8,7,-20,24,-28,23,9,-23,22,5,-17,25,-2,27,10,-18,17,15,-10,33,-8,20,-10,-22,24,43,-16,29,7,40,3,-23,11,19,-17,33,-5,28
54.9400,-2,-21,20,12,-1,37,3,26,-3,-17,17,30,-5,22,-11,24,-7,-17,22,32,-9,32,-5,37,-3,-12,1,14,-9,30,-26,26,9,-20,27,16,-17,29,-2,20,10,-13,14,11,-8,32,-6,19,-5,-16,18,49,-10,30,9,39,1,-18,20,21,-9,39,-4,22
54.9600,-12,-18,15,16,-7,38,7,27,-1,-20,17,33,2,25,-10,25,-10,-16,19,36,-4,35,-2,35,-3,-14,4,22,-7,28,-26,24,4,-18,27,25,-8,32,1,22,10,-16,16,15,-8,38,-4,16,-1,-10,20,57,-15,26,6,35,1,-18,17,19,-3,38,2,20
54.9800,-7,-18,14,15,-2,38,6,30,-6,-17,21,39,3,33,-11,24,-10,-17,15,34,-2,33,6,36,-2,-9,4,22,-5,29,-21,19,-3,-18,27,31,-3,39,-1,24,10,-15,15,13,-2,36,-7,21,-1,-5,12,62,-11,33,3,39,5,-19,10,25,-4,45,-3,23
55.0000,-1,-13,2,16,0,40,1,28,-5,-13,21,41,7,34,-9,24,-12,-11,16,28,-1,42,3,35,-2,-10,9,27,0,37,-24,18,3,-19,21,35,0,43,-4,26,9,-8,15,17,-1,40,0,18,5,-2,9,65,-15,35,1,25,0,-15,14,22,-2,45,-3,26
55.0200,0,-15,-5,18,5,40,0,30,0,-16,14,37,6,32,-2,22,-8,-13,15,25,2,40,6,37,-3,-10,7,35,6,35,-22,25,1,-20,16,38,-5,44,3,22,12,-11,16,17,-3,38,-2,19,12,-1,2,70,-14,33,-4,20,-2,-14,11,26,-4,50,1,26
55.0400,-2,-13,-9,22,9,41,1,28,-6,-16,17,33,10,35,-5,26,-5,-12,13,16,-2,41,13,37,-1,-8,1,44,0,34,-17,15,3,-17,15,40,0,40,4,25,11,-8,20,23,1,36,1,15,13,-1,5,67,-10,37,-2,14,4,-11,12,24,-3,43,4,24
55.0600,2,-10,-10,19,0,37,4,25,-3,-8,12,24,5,38,-1,26,-2,-8,5,13,2,40,11,40,2,-6,0,39,6,33,-15,19,1,-14,8,36,5,45,5,26,18,-5,10,27,-1,40,0,19,15,-6,-1,66,-8,39,-6,16,3,-9,1,20,-8,42,5,22
55.0800,9,-8,-13,24,1,40,6,19,4,-10,6,22,4,34,2,28,0,-4,1,9,-7,35,10,38,2,-9,2,33,4,30,-12,20,7,-12,7,34,2,44,6,24,22,-6,9,26,1,35,0,19,16,-8,-3,61,-4,39,-7,8,5,-4,1,22,-5,41,8,22
55.1000,10,-12,-16,23,3,38,1,22,6,-7,0,15,4,30,6,23,2,-6,3,10,-11,33,10,39,7,-4,-1,23,4,29,-8,20,5,-14,-1,22,6,40,5,23,20,-3,4,25,-2,37,4,12,15,-9,3,53,-2,44,0,9,12,-6,-1,17,-10,41,8,24
55.1200,14,-15,-13,24,0,39,9,20,10,-6,-6,8,-7,24,8,26,10,-6,3,5,-8,31,8,37,8,-9,-1,15,-4,29,-5,19,7,-14,-7,18,-6,36,9,27,24,-8,4,28,1,35,4,17,15,-20,7,39,-5,40,1,6,12,-11,-7,11,-9,35,3,21
55.1400,12,-16,-7,20,1,34,12,18,8,-8,-12,3,-5,14,4,19,9,-3,-5,12,-12,29,11,28,10,-4,-2,5,-8,27,-3,16,18,-12,-12,9,-7,32,12,27,21,-4,0,23,-6,28,1,18,16,-22,8,28,-2,40,5,11,14,-12,-6,8,-13,28,7,18
55.1600,12,-21,-3,19,-1,31,6,18,14,-10,-13,-3,-10,12,6,21,14,-13,2,8,-14,24,8,31,8,-10,3,1,-10,21,-6,19,17,-13,-17,6,-12,27,8,27,23,-11,4,17,-6,30,2,14,15,-21,13,22,-1,39,11,14,17,-15,1,4,-14,29,8,22
55.1800,13,-25,2,17,1,30,12,25,12,-10,-11,-4,-20,11,1,18,16,-11,5,8,-21,23,5,29,11,-15,4,-7,-16,18,-3,18,12,-16,-14,1,-16,25,14,25,23,-14,-3,10,-6,32,4,17,9,-19,20,16,-5,38,13,19,15,-18,1,4,-17,23,6,15
55.2000,10,-24,15,8,0,31,15,18,11,-14,-11,-4,-19,3,4,18,11,-13,8,16,-13,26,7,28,14,-17,5,-11,-23,19,-7,20,14,-17,-3,1,-19,27,6,19,20,-18,4,3,-15,27,6,16,4,-21,23,14,-8,35,18,19,15,-17,4,2,-18,24,2,18
55.2200,13,-24,20,6,-7,36,18,24,11,-20,-8,3,-19,5,4,18,10,-18,13,15,-11,21,6,28,10,-15,13,-7,-21,16,-7,19,16,-18,0,1,-23,19,8,19,20,-13,2,4,-15,27,6,16,6,-18,24,8,-15,34,21,30,11,-25,4,2,-18,26,2,19
55.2400,1,-28,21,9,-11,32,24,25,13,-22,-4,3,-14,3,-3,15,6,-24,19,17,-15,24,6,29,16,-15,10,-5,-22,20,-6,16,12,-19,1,4,-23,22,5,23,16,-18,10,0,-11,27,4,16,9,-15,29,10,-12,31,19,30,10,-23,12,1,-17,25,4,16
55.2600,2,-26,24,4,-11,35,21,29,11,-22,7,11,-16,10,3,22,2,-21,16,21,-11,26,7,33,13,-19,16,4,-21,25,-12,20,10,-25,5,7,-19,25,8,25,15,-19,8,4,-16,23,4,20,6,-20,32,14,-22,30,20,32,6,-21,15,10,-16,23,7,24
55.2800,5,-28,25,4,-8,33,16,30,7,-22,12,24,-14,10,2,28,1,-23,23,19,-14,28,7,40,8,-22,18,12,-18,25,-9,23,3,-27,14,16,-13,24,5,24,12,-19,8,4,-15,28,4,19,8,-14,28,25,-23,25,12,33,3,-20,16,13,-11,29,8,24
55.3000,-1,-19,24,3,-13,34,21,29,6,-23,22,24,-8,12,6,20,-4,-15,25,20,-5,29,14,41,7,-20,26,19,-14,34,-12,25,2,-24,18,25,-15,23,6,26,13,-20,20,8,-13,32,6,23,12,-15,24,31,-26,26,10,34,1,-27,23,18,-10,32,11,26
55.3200,1,-24,25,9,-16,40,19,32,4,-26,26,31,-9,23,12,31,-7,-21,26,22,-8,33,15,43,1,-23,27,29,-10,39,-10,28,3,-25,25,32,-12,29,6,28,11,-15,23,13,-14,36,5,28,12,-14,22,32,-26,26,6,31,5,-19,22,18,-14,39,8,29
55.3400,4,-23,27,9,-13,39,14,34,3,-19,34,32,-4,26,15,32,-9,-16,21,24,-9,34,17,46,8,-16,29,32,-5,43,-6,31,0,-26,27,36,-5,39,7,31,14,-16,21,18,-12,36,10,26,14,-9,25,43,-27,28,2,28,0,-16,28,21,-11,40,8,31
55.3600,8,-19,26,18,-12,44,13,31,2,-16,35,35,-3,34,14,37,-5,-16,19,26,-11,37,17,45,8,-16,35,39,-7,43,-6,28,2,-22,32,39,-10,42,5,32,12,-11,22,26,-10,40,8,26,18,-9,14,47,-25,35,4,28,2,-17,27,27,-10,38,8,30
55.3800,4,-15,25,25,-9,46,12,32,2,-14,35,34,-3,34,15,40,-4,-12,20,24,-11,35,11,48,5,-15,30,38,-4,44,-9,34,-4,-19,31,41,-6,47,10,30,14,-10,26,34,-7,41,7,25,18,-12,19,53,-20,33,-6,24,1,-14,26,29,-12,42,13,32
55.4000,4,-17,23,27,-9,50,9,28,4,-19,35,23,-11,31,17,39,-3,-6,20,26,-17,38,16,43,5,-14,31,39,-4,45,-6,32,4,-15,30,36,-6,45,5,33,16,-8,29,35,-9,39,4,22,18,-19,17,54,-13,35,-2,24,6,-14,21,24,-4,39,9,31
55.4200,7,-17,24,29,-11,49,5,26,0,-12,31,22,-14,29,11,34,2,-11,19,21,-13,39,14,48,11,-5,23,37,-5,45,-12,31,8,-17,31,33,-7,44,5,37,17,-11,28,37,-9,40,0,22,13,-22,15,60,-4,41,-4,26,5,-9,20,27,-14,44,8,27
55.4400,7,-12,17,30,-6,50,6,29,2,-8,30,18,-16,31,5,32,1,-8,16,21,-20,35,9,44,8,-8,21,31,-5,40,-12,31,2,-11,24,30,-11,45,9,30,14,-3,27,41,-7,33,2,25,11,-24,12,65,-5,45,-2,25,8,-9,19,21,-16,42,7,27
55.4600,12,-13,19,28,-2,47,4,22,5,-16,21,14,-15,27,9,33,3,-10,14,24,-21,37,1,38,6,-8,18,26,-8,40,-12,30,3,-10,25,25,-13,41,8,32,20,-10,21,39,-9,36,2,22,7,-23,10,66,-13,45,-2,23,9,-10,15,25,-18,37,4,22
55.4800,9,-12,19,33,1,49,5,26,4,-13,21,13,-15,28,7,26,5,-11,18,27,-19,28,1,33,9,-10,13,23,-14,37,-17,24,8,-13,19,18,-14,41,6,31,16,-7,21,39,-12,34,-5,24,0,-27,13,68,-11,43,-3,26,7,-11,11,21,-13,32,0,24
55.5000,2,-13,14,33,-5,49,5,21,3,-12,11,11,-22,24,-2,23,7,-13,11,26,-19,31,1,36,3,-8,8,17,-15,32,-16,21,11,-11,11,15,-14,36,3,27,15,-7,17,36,-12,35,-4,19,-2,-31,4,72,-7,46,4,26,9,-9,14,20,-17,33,-4,19
55.5200,3,-11,20,26,-10,44,1,22,6,-13,9,16,-16,20,-5,19,4,-14,16,28,-15,31,-1,33,9,-12,8,18,-20,29,-15,21,11,-11,14,11,-13,35,-3,22,17,-12,17,34,-17,35,-4,17,0,-22,5,76,-3,47,5,27,3,-13,14,18,-13,35,-1,20
55.5400,0,-17,14,25,-6,44,4,29,5,-14,18,20,-15,24,-4,15,2,-15,15,35,-8,33,-4,34,7,-9,5,22,-14,25,-20,20,8,-12,14,6,-15,30,-3,22,16,-13,12,22,-18,34,-1,15,-11,-21,11,82,-15,37,4,29,5,-17,18,19,-10,34,0,19
55.5600,3,-21,18,22,0,41,5,25,1,-13,9,23,-10,24,-7,18,-5,-14,18,34,-12,35,1,34,5,-9,6,22,-20,24,-21,20,7,-12,17,10,-14,36,-7,20,18,-14,17,22,-12,32,-5,16,-7,-22,5,81,-14,43,-2,32,5,-12,8,19,-11,34,-4,15
55.5800,2,-18,16,20,1,43,7,28,3,-17,15,29,-6,24,-10,17,-3,-19,21,36,-7,38,-1,33,6,-16,5,22,-16,26,-23,18,7,-17,12,13,-15,32,-4,22,16,-12,12,18,-13,38,-5,18,-8,-14,12,76,-17,38,4,31,1,-16,12,23,-12,31,3,14
55.6000,0,-17,13,19,-1,38,5,30,1,-19,18,31,-1,28,-5,17,-3,-13,20,32,-5,35,5,34,2,-11,11,27,-9,27,-21,19,4,-22,13,20,-17,37,-5,22,10,-11,16,16,-12,34,1,16,-7,-10,11,79,-11,33,4,33,6,-21,19,22,-10,36,2,18
55.6200,-4,-16,17,18,2,36,11,26,4,-19,19,32,-4,38,-6,18,-3,-19,20,34,-5,42,8,34,4,-13,11,33,-10,31,-16,22,4,-22,20,24,-11,41,-2,19,10,-10,21,13,-14,38,-4,22,0,-6,11,74,-11,37,2,30,4,-19,15,23,-14,35,1,21
55.6400,-5,-16,14,19,-4,38,12,24,0,-22,22,29,2,36,-1,20,-6,-19,23,27,-7,39,5,43,7,-18,15,33,-6,31,-16,26,2,-24,19,23,-6,43,-1,21,10,-14,17,15,-10,37,3,18,4,-6,15,62,-16,36,-2,25,0,-16,19,28,-8,37,3,19
55.6600,2,-12,14,15,0,36,20,27,1,-11,23,26,-1,38,1,19,-7,-16,22,27,-2,39,14,39,5,-17,14,30,-5,33,-12,21,5,-26,20,31,-7,37,2,21,19,-11,17,9,-10,41,6,19,10,-2,15,56,-10,26,-5,22,2,-10,18,19,-6,41,8,27
55.6800,0,-11,12,16,-3,35,6,28,4,-11,26,26,-1,36,5,22,-5,-10,22,13,-4,41,13,41,4,-14,20,31,-6,35,-4,27,5,-18,14,26,-8,39,2,24,16,-10,17,19,-12,46,6,19,16,-5,13,46,-11,39,-3,20,5,-17,25,20,-7,40,6,25
55.7000,5,-11,6,23,-8,35,7,25,2,-11,20,20,-1,36,6,28,1,-13,16,10,-10,39,14,40,1,-15,24,28,-3,35,-5,25,2,-22,21,28,-13,39,9,25,20,-8,20,14,-5,41,4,21,15,-9,15,38,-14,32,-6,19,9,-18,17,20,-11,36,10,23
55.7200,6,-11,9,16,-5,39,12,22,3,-12,18,17,0,30,10,28,0,-11,16,4,-15,39,12,41,8,-8,25,24,-4,38,-5,24,9,-18,22,26,-10,45,11,26,25,-8,21,13,-13,41,9,23,20,-9,21,25,-11,34,-5,17,5,-11,17,13,-13,42,9,31
55.7400,8,-12,13,20,-5,38,13,22,7,-11,17,12,-5,28,9,27,5,-13,13,1,-17,32,14,41,11,-13,21,20,-10,36,-5,28,11,-18,12,21,-13,37,11,31,24,-10,18,15,-10,43,8,22,19,-12,24,14,-9,38,1,15,11,-9,15,14,-12,37,5,23
55.7600,3,-16,13,17,-1,40,13,23,9,-8,10,14,-7,24,7,29,9,-13,13,1,-20,35,8,40,11,-9,19,13,-11,33,-5,28,8,-19,10,9,-13,34,14,29,23,-8,15,14,-11,40,7,22,12,-20,25,6,-9,38,-1,12,11,-16,14,8,-14,32,10,27
55.7800,11,-14,13,21,-9,39,15,21,13,-8,8,8,-12,24,10,24,10,-9,12,-1,-21,27,7,39,12,-13,14,12,-10,34,-4,24,10,-17,6,6,-19,35,10,28,24,-9,15,15,-13,38,3,18,12,-25,18,-1,-8,37,9,11,12,-15,12,3,-17,35,8,24
55.8000,7,-15,15,18,-8,41,10,22,13,-10,5,6,-11,18,6,27,7,-10,8,0,-26,31,9,34,7,-15,14,6,-19,29,-7,22,8,-22,6,7,-21,28,8,29,24,-11,13,18,-14,37,3,18,8,-22,24,-8,-7,34,7,14,9,-20,13,4,-14,34,8,25
55.8200,4,-21,17,26,-7,36,9,18,9,-10,6,7,-18,17,6,24,6,-17,9,5,-21,25,7,34,8,-9,8,-3,-18,26,-5,30,8,-20,6,2,-21,27,3,23,25,-13,9,14,-14,35,5,21,7,-22,20,-7,-7,32,13,21,16,-20,9,8,-19,28,8,22
55.8400,-1,-18,15,13,-7,35,11,21,14,-11,2,8,-12,16,3,21,2,-15,5,8,-22,30,4,32,6,-13,7,-1,-19,29,-11,27,13,-19,5,2,-25,27,5,27,23,-16,3,14,-17,37,5,17,6,-24,21,-4,-9,35,13,22,11,-22,7,5,-19,26,-4,23
55.8600,4,-21,14,16,-13,39,11,19,7,-15,7,16,-15,13,1,23,3,-24,4,13,-21,29,6,32,2,-12,10,-5,-21,32,-10,25,10,-24,5,1,-21,28,3,26,15,-15,4,11,-16,37,-1,21,4,-23,16,4,-15,36,18,26,7,-20,11,12,-24,33,3,19
55.8800,1,-22,15,18,-12,40,11,20,6,-12,0,18,-17,19,1,23,-3,-21,5,19,-20,29,4,38,1,-15,9,9,-16,27,-15,17,10,-22,12,10,-22,33,1,26,13,-13,6,14,-17,32,4,24,-2,-24,14,13,-13,31,14,35,7,-21,7,16,-19,34,2,24
55.9000,-6,-19,15,22,-8,42,12,26,1,-17,11,27,-16,21,1,20,-5,-24,8,26,-12,33,3,39,-1,-19,7,9,-19,30,-19,20,3,-24,12,20,-23,31,3,22,11,-17,4,14,-17,34,0,19,2,-17,9,27,-18,31,16,29,2,-22,8,18,-17,38,1,23
55.9200,-3,-23,18,21,-15,40,8,30,0,-24,7,34,-17,27,3,21,-9,-23,13,30,-17,36,8,36,3,-17,12,13,-16,33,-19,25,-7,-23,19,23,-18,31,0,24,14,-14,3,21,-17,35,-2,17,9,-15,12,38,-20,29,14,33,2,-27,14,27,-18,41,3,23
55.9400,-1,-18,17,24,-10,42,11,30,-3,-22,18,37,-5,23,2,24,-13,-21,11,32,-12,39,10,44,-1,-12,8,23,-16,38,-21,24,-3,-27,19,34,-13,34,3,20,3,-17,7,25,-15,36,-2,20,7,-10,5,48,-18,30,16,32,-3,-18,15,25,-14,37,6,29
55.9600,-1,-16,16,22,-8,47,7,29,-1,-20,18,39,-6,31,4,26,-10,-14,10,36,-8,41,11,49,1,-11,8,25,-12,37,-19,21,-3,-21,20,47,-8,40,-3,25,6,-15,7,23,-12,38,-1,24,12,-7,2,65,-21,32,10,33,0,-18,15,34,-10,43,4,23
55.9800,-4,-19,15,22,-14,48,9,30,-2,-17,25,37,-13,32,8,27,-4,-18,15,35,-13,41,9,46,-4,-18,12,35,-7,40,-17,19,-6,-18,26,48,-12,41,2,26,9,-10,15,28,-14,40,0,20,16,-8,-1,76,-19,33,10,29,2,-15,20,32,-14,41,5,28
56.0000,0,-13,13,27,-10,41,2,26,1,-23,26,33,-6,29,6,25,-9,-11,15,33,-12,39,13,42,-1,-10,18,37,-10,46,-19,26,-5,-20,23,51,-12,43,4,27,12,-6,19,32,-14,40,-1,17,15,-10,-3,81,-18,38,3,25,-4,-15,22,34,-12,45,2,27
56.0200,-2,-11,10,24,-8,49,6,28,-1,-17,26,32,-10,33,9,30,-11,-7,14,28,-11,41,8,40,-3,-13,16,35,-9,42,-14,24,-5,-15,25,44,-8,45,9,30,9,-4,21,37,-14,38,0,22,19,-10,1,85,-21,39,3,25,-2,-8,18,31,-14,43,8,26
56.0400,8,-6,6,25,-5,48,-1,32,3,-14,24,28,-7,33,5,33,-8,-8,11,30,-11,42,6,42,1,-9,14,32,-11,45,-16,24,-4,-12,20,43,-7,45,5,26,12,-5,24,37,-15,38,3,18,20,-13,-1,84,-19,43,4,20,8,-13,15,28,-11,43,7,27
56.0600,4,-9,10,23,-8,51,5,25,3,-11,19,19,-7,33,6,31,-3,-7,18,21,-11,34,8,40,6,-2,14,29,-11,42,-12,23,-1,-10,21,37,-8,42,4,28,15,-2,23,38,-16,38,1,18,17,-17,4,79,-16,41,4,17,6,-8,13,21,-13,40,7,25
56.0800,5,-6,11,25,-2,47,4,24,3,-11,16,15,-10,31,9,31,0,-8,6,19,-12,36,9,36,10,-3,18,24,-6,41,-8,19,2,-7,11,28,-14,42,4,24,12,1,26,34,-17,37,3,23,10,-15,9,75,-14,43,6,19,0,-5,12,18,-15,44,7,22
56.1000,12,-12,14,20,-14,48,7,26,6,-7,15,4,-21,34,9,27,-3,-12,11,22,-12,33,10,36,10,-1,12,19,-10,38,-7,20,4,-13,14,20,-14,38,5,25,13,-8,22,34,-17,35,6,17,13,-19,17,72,-17,46,4,21,6,-5,11,12,-12,43,8,19
56.1200,9,-17,13,12,-10,48,6,24,10,-6,14,1,-18,30,11,27,2,-6,13,16,-12,37,6,30,15,1,14,11,-12,30,-7,23,0,-4,8,11,-16,36,5,21,13,-1,18,23,-13,34,4,18,7,-23,21,65,-15,44,3,20,9,-7,15,9,-14,34,6,16
56.1400,4,-13,14,11,-8,44,11,24,10,-10,13,1,-11,28,4,21,3,-9,13,22,-8,28,9,30,11,-3,11,8,-12,29,-12,19,1,-8,6,0,-21,38,2,22,20,-7,19,21,-11,33,2,20,3,-23,28,64,-8,44,7,21,6,-8,12,10,-19,39,1,17
56.1600,7,-12,19,7,-6,41,8,26,6,-12,11,-3,-15,28,-1,21,3,-14,19,16,-10,27,2,30,13,-9,15,4,-11,27,-11,24,7,-9,10,-7,-21,33,-2,16,20,-3,20,18,-16,31,0,21,-1,-26,30,52,-12,44,8,24,5,-12,11,4,-18,36,8,22
56.1800,3,-11,17,2,-9,43,8,26,8,-11,12,2,-19,29,1,18,-2,-15,19,18,-13,28,9,27,11,-5,15,2,-16,22,-12,20,4,-10,8,-8,-23,34,-1,17,17,-6,15,7,-15,32,3,18,-3,-18,34,47,-12,43,4,29,6,-15,15,5,-15,35,5,14
56.2000,-2,-16,25,5,-6,42,9,23,4,-15,14,1,-14,28,-2,19,-7,-16,19,14,-8,28,2,27,11,-9,19,5,-19,23,-12,15,6,-13,16,-7,-22,31,-4,18,12,-7,20,1,-16,32,8,13,-7,-17,37,40,-14,42,6,31,4,-17,17,2,-24,36,5,15
56.2200,3,-16,26,0,-11,40,13,26,5,-17,13,4,-10,27,-1,21,-4,-19,25,15,-12,31,4,26,5,-13,17,8,-10,26,-9,20,9,-18,17,-7,-24,34,-1,15,12,-11,16,-2,-18,35,7,17,-9,-9,37,41,-18,36,5,28,5,-15,21,0,-16,38,3,16
56.2400,-3,-21,21,2,-9,34,8,24,0,-22,17,11,-14,30,0,16,-4,-22,32,19,-9,32,5,29,9,-12,24,15,-11,25,-19,17,3,-17,21,-5,-20,36,-5,19,11,-10,19,0,-12,29,3,18,-7,-9,39,40,-16,38,6,31,4,-13,23,7,-11,40,4,18
56.2600,-4,-20,23,3,-8,37,10,24,0,-20,20,11,-10,30,-3,20,-11,-21,30,19,-5,28,9,32,2,-18,22,17,-9,26,-13,23,2,-20,28,1,-17,35,3,17,9,-10,20,-2,-16,28,2,13,-9,-9,41,35,-19,32,2,25,-2,-20,30,8,-15,34,6,14
56.2800,-1,-15,22,5,-10,38,12,23,-1,-17,25,15,-6,32,4,15,-14,-18,26,15,-10,33,12,35,4,-17,27,26,-14,25,-13,21,-5,-18,29,11,-12,37,7,21,8,-7,24,-1,-14,33,1,17,-7,0,38,35,-20,30,2,25,0,-15,23,8,-12,37,7,22
56.3000,-5,-14,23,9,-6,41,6,27,-1,-14,32,16,-5,32,2,23,-8,-19,24,16,-11,35,7,38,2,-19,30,24,-11,29,-13,26,-2,-21,27,10,-15,32,3,20,10,-13,21,1,-13,30,1,20,-7,-4,31,33,-20,37,-1,20,-4,-14,25,10,-13,41,14,19
56.3200,0,-14,23,13,-12,35,11,27,-7,-9,30,18,-5,30,3,25,-8,-14,29,8,-10,33,10,33,0,-16,29,33,-12,31,-13,25,2,-18,32,15,-14,32,7,23,9,-9,26,7,-17,37,2,20,-1,2,30,34,-14,36,-6,19,0,-17,25,13,-12,40,10,29
56.3400,-2,-11,24,19,-9,36,15,27,1,-11,22,25,-2,30,2,27,-10,-15,23,8,-11,37,10,42,2,-12,28,31,-7,31,-9,27,-2,-15,30,22,-8,40,11,27,13,-11,30,12,-12,34,3,19,4,-3,22,30,-12,36,-10,16,-2,-10,24,22,-13,37,9,25
56.3600,1,-8,18,21,-8,41,13,29,-3,-12,24,26,-8,31,5,27,-5,-12,21,9,-15,38,11,41,4,-17,27,30,-7,30,-9,32,-1,-21,24,25,-16,36,12,21,14,-6,27,12,-15,37,3,22,10,-6,17,27,-16,31,-9,10,5,-12,20,17,-13,38,8,31
56.3800,1,-10,24,25,-6,38,10,25,-3,-9,19,23,-9,30,1,30,-2,-3,15,6,-16,35,9,43,2,-15,32,29,-13,32,-7,32,1,-13,24,21,-14,34,12,29,13,-6,26,22,-17,36,1,25,14,-8,20,27,-9,32,-1,14,4,-14,25,17,-15,40,9,29
56.4000,3,-8,23,27,-6,39,11,22,7,-4,16,20,-14,22,3,27,-1,-7,13,7,-14,32,11,36,4,-7,22,28,-13,31,-9,30,3,-12,18,27,-14,35,11,28,15,-8,22,26,-15,34,2,19,7,-10,13,27,-3,35,-3,8,6,-9,18,19,-15,37,5,27
56.4200,5,-9,18,28,-5,43,13,20,3,-5,21,24,-14,21,4,27,4,-6,14,8,-15,31,9,36,6,-8,20,26,-20,34,-5,28,5,-9,12,21,-19,31,13,28,16,-8,20,22,-16,37,2,23,16,-15,7,29,-5,38,5,12,8,-12,16,15,-15,36,3,26
56.4400,3,-7,20,33,-12,42,12,23,3,-12,13,19,-16,20,1,23,3,-9,8,10,-18,32,10,36,5,-7,15,17,-16,30,-11,31,1,-12,12,26,-17,33,5,29,21,-5,17,26,-13,38,-3,24,13,-11,3,29,-11,38,6,9,2,-8,14,21,-22,34,4,24
56.4600,5,-13,16,33,-9,47,13,15,10,-6,11,25,-14,16,2,24,5,-10,10,14,-19,34,8,36,8,-7,11,13,-17,31,-14,29,4,-14,9,23,-19,32,9,27,17,-7,12,31,-18,36,1,17,11,-13,7,28,-10,35,9,20,8,-11,11,18,-21,32,0,21
56.4800,1,-7,15,26,-15,43,14,22,10,-8,9,24,-10,18,2,16,1,-10,11,15,-17,39,2,38,7,-8,13,10,-21,32,-15,22,5,-14,9,20,-15,32,5,26,22,-10,20,30,-15,38,3,18,13,-19,4,30,-12,35,11,16,14,-10,12,21,-20,38,1,26
56.5000,5,-9,16,28,-14,43,5,25,4,-10,11,25,-22,18,1,20,3,-10,14,17,-22,34,2,26,9,-11,7,10,-23,34,-21,22,7,-14,4,23,-15,33,1,27,23,-3,9,30,-21,40,3,18,13,-22,2,37,-14,37,12,19,8,-13,12,20,-23,37,1,27
56.5200,5,-13,18,24,-11,40,10,21,5,-12,12,29,-21,19,1,18,0,-15,12,28,-21,34,11,32,7,-9,6,13,-24,30,-14,22,4,-22,8,25,-18,32,4,24,14,-9,14,28,-27,34,-1,13,10,-25,2,42,-17,31,16,19,8,-16,12,26,-23,40,-3,21
56.5400,1,-10,20,21,-11,39,12,20,3,-14,9,32,-17,22,-1,17,0,-18,19,35,-17,37,9,29,3,-6,9,20,-21,37,-15,17,3,-20,7,31,-18,39,1,19,17,-9,14,28,-22,38,0,20,8,-24,0,52,-22,34,17,23,5,-20,15,26,-20,35,-2,22
56.5600,3,-15,20,20,-15,44,7,23,-1,-12,20,36,-10,19,-1,18,-5,-15,16,35,-15,38,7,31,4,-12,10,18,-15,37,-16,16,4,-22,13,30,-13,36,-2,20,15,-13,13,32,-23,38,3,18,8,-21,4,55,-22,31,13,26,8,-20,18,26,-16,40,2,22
56.5800,4,-18,23,17,-14,47,7,21,-4,-11,23,40,-12,22,1,21,-4,-21,25,35,-14,39,12,30,3,-14,17,25,-17,35,-17,14,-3,-25,18,29,-16,40,0,16,18,-7,19,31,-20,40,4,19,9,-19,2,60,-23,29,11,28,3,-21,18,25,-19,37,2,25
56.6000,4,-14,25,21,-15,42,10,30,4,-17,25,36,-10,23,0,19,-11,-16,24,38,-15,38,13,33,1,-10,16,28,-15,38,-15,16,-2,-26,17,32,-13,38,-2,19,12,-11,18,38,-17,37,-2,21,8,-16,6,60,-24,30,11,35,3,-22,22,26,-16,38,1,21
56.6200,0,-16,22,18,-11,46,6,25,3,-18,27,39,-11,31,2,20,-9,-19,24,33,-13,37,15,36,2,-13,18,33,-10,43,-15,16,-3,-22,21,35,-11,48,7,16,17,-8,19,31,-15,40,6,21,9,-21,2,63,-23,37,9,30,4,-18,21,26,-13,41,4,23
56.6400,5,-11,22,14,-16,44,6,26,1,-15,28,32,-9,30,0,19,-6,-17,20,34,-9,38,21,36,3,-13,23,28,-6,38,-14,15,0,-21,25,35,-10,43,4,19,13,-6,17,32,-13,43,6,19,6,-20,10,65,-22,35,8,30,2,-19,19,26,-14,40,8,24
56.6600,3,-17,19,18,-11,47,3,30,0,-14,33,22,-9,33,3,27,-11,-15,23,29,-16,38,17,35,0,-8,24,26,-8,38,-9,18,-4,-22,26,32,-13,42,7,19,13,-8,16,27,-19,42,7,22,9,-19,15,58,-28,38,-1,27,-1,-21,22,21,-20,48,7,24
56.6800,-1,-15,23,18,-12,44,6,28,-1,-15,27,17,-17,34,8,28,-8,-17,20,27,-15,38,13,30,5,-12,22,29,-2,39,-8,22,-3,-12,28,30,-12,46,10,25,13,-9,20,24,-16,44,10,23,0,-21,14,51,-21,46,0,30,7,-15,24,22,-13,38,4,25
56.7000,1,-13,21,10,-10,49,10,25,1,-16,25,14,-14,31,5,27,-2,-12,21,26,-19,42,17,33,2,-10,26,28,-11,38,-7,20,-1,-16,25,26,-13,48,7,23,13,-10,21,26,-16,38,7,18,10,-22,18,52,-15,41,-3,24,4,-15,22,17,-14,40,5,27
56.7200,5,-15,17,14,-17,43,6,26,2,-13,19,6,-13,32,5,26,-5,-11,14,21,-14,38,14,40,0,-8,23,20,-11,35,-6,22,-3,-10,19,21,-18,45,8,26,9,-5,15,24,-15,40,6,22,7,-21,15,44,-18,47,1,30,3,-11,23,13,-18,38,9,25
56.7400,5,-19,19,14,-12,41,7,26,1,-11,20,7,-16,31,2,21,-6,-13,13,20,-18,36,9,33,2,-7,17,21,-17,34,-10,23,-1,-12,19,16,-19,44,8,24,8,-4,14,17,-18,39,4,26,7,-18,23,38,-16,49,1,26,3,-13,19,14,-19,41,8,24
56.7600,-4,-14,21,19,-12,44,10,29,0,-11,15,0,-19,29,4,22,-11,-14,11,22,-19,33,11,38,5,-5,19,16,-21,33,-12,21,-4,-13,19,8,-25,37,7,26,4,-1,15,17,-20,38,5,24,-1,-13,25,34,-13,48,0,27,0,-13,18,7,-21,41,1,21
56.7800,-3,-10,19,17,-14,44,3,29,2,-12,14,-3,-18,32,2,22,-7,-14,13,19,-19,33,7,30,4,0,14,12,-17,28,-12,21,4,-10,17,4,-22,39,6,21,3,2,17,8,-23,42,2,25,-5,-14,25,25,-16,52,4,26,1,-11,17,6,-22,42,8,21
56.8000,-7,-8,19,16,-16,44,6,27,2,-13,14,-2,-21,32,-1,25,-8,-12,8,10,-18,35,14,32,2,-8,15,13,-18,29,-15,17,1,-8,15,0,-24,38,2,23,8,-3,18,10,-23,37,4,22,-2,-10,28,25,-16,54,-1,24,1,-10,13,5,-23,33,3,24
56.8200,-5,-14,18,14,-11,42,7,27,-2,-8,14,-5,-17,25,-4,23,-9,-13,12,11,-15,33,7,34,1,-6,16,8,-19,27,-15,15,-2,-13,19,-2,-23,37,3,19,4,2,15,8,-20,33,6,21,-5,-11,24,17,-17,48,-2,23,-1,-9,15,4,-23,34,0,22
56.8400,-5,-11,20,16,-11,43,5,26,1,-16,13,2,-17,23,-7,22,-7,-17,15,11,-14,39,11,35,0,-3,13,6,-19,27,-9,17,-2,-8,13,5,-25,35,-4,21,9,-4,12,4,-26,33,-1,17,-6,-8,25,19,-14,49,-3,25,-2,-9,14,7,-22,33,3,20
56.8600,-8,-14,20,11,-12,38,4,26,-6,-13,9,0,-18,30,-2,22,-6,-19,15,11,-17,36,7,34,2,-9,12,11,-23,25,-14,15,-5,-10,18,2,-22,38,0,18,6,3,18,3,-20,32,0,22,-6,-4,25,18,-10,44,0,18,0,-13,16,6,-22,37,1,19
56.8800,-7,-12,22,13,-9,44,7,27,-5,-14,11,8,-12,29,-6,21,-10,-11,19,11,-14,38,10,35,-3,-11,10,15,-16,32,-16,14,-4,-15,23,7,-24,37,1,21,0,1,15,-2,-20,32,-2,20,-9,1,30,22,-15,45,1,19,-1,-6,19,7,-17,39,1,20
56.9000,-7,-11,17,15,-11,43,4,24,-6,-14,14,12,-10,33,-4,19,-12,-15,21,9,-8,42,6,34,-4,-7,12,17,-18,33,-19,20,-6,-9,32,10,-21,41,-6,23,3,4,19,-1,-20,33,0,23,-13,3,26,24,-19,41,2,19,-3,-8,15,10,-23,41,4,16
56.9200,-5,-6,21,17,-7,43,9,25,-6,-7,21,16,-7,30,-5,17,-13,-11,20,7,-12,41,8,36,-3,-11,17,17,-18,33,-14,19,-7,-9,28,14,-17,39,4,22,6,-1,21,4,-17,36,-3,20,1,0,23,28,-11,40,2,16,-3,-4,18,8,-11,42,1,18
56.9400,-9,-6,20,15,-10,45,5,27,-7,-12,21,18,-9,31,-3,17,-12,-12,24,11,-11,36,11,36,2,-10,14,20,-15,32,-13,17,-11,-11,28,22,-17,39,1,18,3,0,23,8,-18,41,0,16,0,3,20,32,-10,38,3,14,-3,-9,21,14,-14,40,3,13
56.9600,-10,-3,18,17,-9,46,8,26,-1,-6,24,17,-8,35,1,17,-11,-10,24,9,-15,40,5,35,5,-4,17,21,-14,38,-12,18,-13,-10,24,28,-13,43,3,25,7,1,28,8,-19,42,-1,19,4,-3,21,40,-9,38,4,11,-4,-9,23,15,-19,39,5,21
56.9800,0,-4,16,20,-11,42,1,22,-4,-8,28,26,-9,37,1,13,-8,-9,25,8,-12,36,9,36,-2,-4,18,16,-11,36,-13,20,-8,-11,24,29,-13,39,4,22,8,6,28,13,-16,45,3,18,11,1,22,39,-14,38,3,11,-2,-5,19,15,-14,39,3,20
57.0000,-4,-3,21,16,-10,41,7,23,-4,-7,25,19,-11,33,1,18,-8,-7,18,5,-13,37,10,34,2,-5,21,15,-15,36,-11,24,-4,-10,24,28,-17,40,2,22,11,-3,26,17,-13,45,-2,16,13,1,20,38,-9,35,4,9,-7,-10,23,13,-14,41,5,19
57.0200,-1,-11,13,18,-5,48,12,14,-1,-12,30,21,-7,32,5,18,-3,-7,23,4,-10,38,12,37,5,-5,24,16,-14,38,-9,27,-2,-12,22,26,-14,41,8,22,14,2,23,23,-11,39,2,16,9,-8,16,42,-10,38,5,15,1,-6,16,13,-16,41,5,17
57.0400,-1,-5,15,18,-6,45,13,17,1,-5,16,23,-14,29,8,17,-8,-4,21,9,-17,36,11,32,5,-7,21,11,-18,35,-9,21,-7,-8,19,22,-17,37,7,18,15,1,23,20,-15,43,2,16,18,-13,15,43,-10,36,5,12,2,-6,17,12,-16,40,3,19
57.0600,3,-2,19,10,-6,41,12,18,10,-5,16,22,-14,29,0,17,0,-5,24,10,-13,39,10,32,9,-6,20,11,-16,33,-11,23,-7,-10,10,16,-14,37,8,21,15,-2,22,23,-11,42,1,18,15,-14,18,42,-15,34,12,7,8,-13,13,18,-13,33,6,17
57.0800,5,-11,12,16,-10,44,12,17,9,-7,19,17,-16,27,6,16,2,-11,17,6,-15,39,10,28,13,-6,20,8,-17,33,-11,21,-1,-10,14,12,-16,35,6,15,17,-3,25,24,-15,41,4,14,13,-17,23,41,-16,32,10,17,6,-8,14,7,-16,37,7,13
57.1000,9,-5,19,10,-10,42,16,17,15,-5,13,11,-19,26,3,15,3,-7,23,10,-16,44,7,27,14,-3,22,1,-20,32,-9,17,4,-12,8,9,-19,34,8,16,23,-5,16,23,-16,41,6,15,8,-20,22,38,-16,31,9,20,9,-6,12,11,-16,40,3,17
57.1200,4,-8,20,10,-10,44,16,19,11,-5,11,17,-14,21,5,21,-2,-7,25,13,-16,35,10,29,11,-9,19,2,-21,36,-13,17,-4,-7,9,5,-21,35,7,16,23,-1,16,22,-17,36,3,16,12,-22,19,42,-13,30,18,20,7,-12,20,8,-17,35,6,14
57.1400,2,-9,18,3,-15,44,18,19,11,-12,10,15,-17,22,5,16,0,-15,21,16,-19,38,10,30,8,-5,22,-2,-25,29,-11,17,5,-17,7,5,-23,35,3,23,22,-10,19,21,-21,35,6,11,7,-25,18,40,-20,33,11,26,10,-8,14,2,-22,37,7,19
57.1600,2,-15,19,5,-13,40,18,19,10,-10,16,14,-21,25,1,13,-3,-18,22,16,-19,35,10,31,6,-8,25,0,-23,33,-12,21,3,-16,6,8,-20,33,5,15,17,-11,20,18,-25,34,5,12,2,-24,22,44,-28,28,15,27,4,-16,17,6,-19,36,8,18
57.1800,4,-8,26,6,-17,46,14,19,11,-17,16,17,-16,23,4,12,-3,-12,18,23,-18,37,8,33,8,-14,24,10,-22,32,-11,16,-2,-14,7,6,-24,34,6,14,16,-9,17,17,-26,35,10,17,0,-22,22,44,-26,32,14,30,5,-18,21,6,-22,35,8,20
57.2000,0,-10,24,6,-16,45,19,22,9,-16,16,17,-15,24,8,20,-3,-18,26,28,-20,39,14,35,4,-14,28,7,-24,33,-14,11,1,-18,15,10,-22,37,2,17,15,-9,18,12,-22,39,8,13,-1,-19,18,48,-26,32,15,36,7,-20,17,9,-19,40,7,19
57.2200,-2,-14,25,3,-17,43,13,21,-1,-14,24,21,-14,31,4,16,-6,-12,25,24,-21,42,12,34,3,-14,31,16,-18,34,-7,17,-1,-21,19,9,-19,37,9,23,17,-13,15,12,-23,38,6,20,-3,-17,24,47,-27,33,12,30,4,-14,23,12,-25,42,9,18
57.2400,-1,-14,34,5,-16,47,14,22,-1,-18,25,20,-20,27,7,22,-6,-18,24,23,-18,39,16,28,4,-16,32,17,-21,34,-14,15,-5,-19,25,13,-21,36,9,20,12,-8,23,10,-27,35,5,18,0,-12,23,47,-27,34,10,34,-3,-18,29,7,-25,42,9,23
57.2600,-1,-9,27,9,-18,46,9,26,1,-17,27,19,-17,31,9,20,-8,-17,26,21,-17,33,16,35,2,-10,31,22,-16,39,-10,16,-10,-18,29,14,-17,41,12,22,10,-13,23,10,-22,44,7,22,2,-12,19,51,-29,41,6,29,0,-21,32,19,-21,43,8,23
57.2800,-1,-10,28,12,-23,49,16,26,-1,-15,29,16,-18,28,6,20,-9,-14,30,22,-19,34,14,33,1,-13,29,25,-17,40,-14,18,-7,-19,31,19,-19,37,7,21,12,-12,24,11,-22,38,4,23,0,-14,21,50,-27,43,2,29,2,-20,25,19,-18,41,9,24
57.3000,0,-11,34,12,-23,45,8,29,-2,-13,37,19,-19,32,0,26,-9,-17,26,16,-20,37,19,32,0,-9,32,31,-19,38,-12,20,-10,-21,26,19,-19,45,6,25,9,-5,24,12,-24,42,2,18,0,-7,19,47,-28,47,2,20,-3,-14,28,13,-17,43,11,26
57.3200,2,-7,29,17,-23,45,5,29,-5,-11,34,20,-21,30,6,29,-10,-13,24,20,-18,38,17,38,2,-15,30,25,-14,38,-15,21,-6,-17,28,15,-18,43,11,23,11,-5,27,15,-21,37,2,25,1,-8,23,42,-23,45,-3,23,-1,-12,31,17,-29,43,7,24
57.3400,1,-12,29,16,-19,50,11,29,-3,-10,27,14,-23,31,4,25,-4,-13,22,15,-16,41,15,35,5,-9,27,28,-20,38,-12,18,-7,-14,37,23,-23,44,9,20,8,-4,24,19,-22,44,8,26,1,-4,21,46,-24,49,-2,20,-2,-9,31,15,-18,46,6,27
57.3600,-5,-11,27,18,-18,47,6,28,1,-9,27,11,-20,31,3,23,-8,-13,15,13,-21,43,16,33,2,-2,29,26,-13,35,-11,20,-8,-11,32,24,-22,41,10,25,5,-2,31,15,-21,47,5,22,4,-5,20,41,-19,50,-6,19,4,-13,26,12,-24,43,8,24
57.3800,-2,-2,25,21,-14,47,9,25,-1,-8,29,13,-20,33,2,25,-8,-13,19,13,-18,39,10,38,0,-2,27,24,-18,36,-11,17,-4,-11,24,17,-20,41,6,28,9,-4,26,15,-24,44,1,23,7,-10,19,36,-19,51,-1,15,2,-9,24,20,-24,42,11,24
57.4000,0,-3,21,25,-11,49,9,27,1,-4,23,12,-18,32,-3,23,-8,-13,17,9,-19,40,11,32,2,-1,23,23,-15,34,-11,18,-3,-10,21,18,-25,41,4,30,9,-6,30,18,-25,49,-2,19,4,-12,15,34,-12,53,-3,13,4,-8,22,12,-23,45,8,21
57.4200,-2,-5,25,26,-13,51,12,26,2,-5,23,9,-18,32,0,20,-7,-10,17,11,-19,41,10,34,4,-2,18,17,-21,35,-11,19,-3,-7,17,15,-24,42,2,24,4,-1,24,13,-20,48,1,23,3,-15,18,37,-18,48,0,20,-1,-9,20,12,-21,40,2,26
57.4400,-2,-4,18,22,-18,56,6,28,1,-5,17,14,-17,31,-3,21,-6,-11,18,11,-17,40,11,32,0,-3,18,21,-22,32,-10,18,-2,-4,24,19,-26,42,0,23,11,0,22,21,-26,40,3,22,9,-13,14,32,-11,48,-2,15,0,-8,19,14,-23,40,5,16
57.4600,-5,-6,18,25,-15,50,6,25,5,-8,25,12,-18,33,-6,17,-8,-15,21,12,-16,41,13,34,0,1,15,13,-22,33,-12,20,-2,-6,13,17,-25,41,-5,24,7,-6,19,16,-20,42,-1,23,3,-14,14,31,-9,46,3,15,-1,-10,16,12,-23,42,4,22
57.4800,-6,-10,21,20,-15,46,4,24,3,-10,17,12,-19,32,-3,18,-15,-17,20,16,-14,40,8,35,2,3,13,7,-18,33,-10,15,-5,-5,17,17,-25,42,0,19,10,1,16,17,-21,43,-5,20,3,-10,13,27,-15,46,9,19,-1,-10,21,11,-24,40,1,19
57.5000,-5,-9,19,23,-14,44,8,24,-1,-10,23,15,-23,32,-7,19,-6,-11,23,14,-18,43,9,36,2,-4,9,13,-19,28,-15,11,-5,-8,11,10,-25,39,-2,18,5,-2,19,19,-18,43,-1,19,-1,-15,18,29,-15,48,5,23,-3,-12,18,14,-26,45,3,19
57.5200,-9,-9,18,19,-17,47,8,24,-2,-8,22,22,-13,35,-7,17,-15,-16,19,24,-16,43,8,34,0,-7,13,12,-21,28,-17,9,-5,-4,18,20,-24,44,-1,18,9,-3,18,23,-23,42,-4,18,0,-16,12,31,-15,46,11,21,0,-15,21,14,-17,44,0,22
57.5400,-4,-10,20,19,-14,46,6,23,-5,-11,20,18,-11,34,-7,19,-7,-17,20,21,-16,43,6,35,-1,-8,14,14,-19,34,-14,16,-7,-7,18,16,-17,39,-3,22,7,-1,21,21,-22,42,-3,22,0,-15,17,34,-17,39,9,25,-2,-9,19,15,-22,44,3,17
57.5600,-2,-8,16,12,-11,47,3,24,-8,-9,25,26,-14,38,-2,20,-13,-14,23,23,-15,41,9,37,-3,-7,18,16,-14,35,-17,13,-7,-9,21,22,-24,40,-3,18,5,0,18,19,-22,38,-2,23,-1,-11,22,37,-25,38,7,25,-2,-10,21,15,-14,46,3,21
57.5800,-4,-5,19,15,-15,43,5,23,-8,-11,25,26,-12,34,0,24,-14,-12,25,18,-22,46,8,34,-2,-5,21,22,-19,36,-15,16,-6,-10,31,18,-22,45,4,21,3,-3,21,20,-19,41,0,22,-3,-10,16,37,-18,35,12,23,-3,-13,23,14,-20,44,-2,19
57.6000,-1,-7,18,11,-8,44,5,21,-6,-9,30,22,-8,29,1,16,-10,-10,22,19,-18,45,11,33,0,-8,26,19,-20,37,-15,13,-3,-14,30,21,-22,45,4,21,6,2,22,23,-21,42,2,21,-1,-7,21,42,-22,37,1,26,-2,-12,24,20,-17,45,6,22
57.6200,-6,-10,24,15,-12,42,7,20,-7,-6,32,21,-8,33,-2,19,-9,-9,28,24,-17,43,8,37,0,-6,24,18,-16,38,-14,20,-4,-7,28,20,-15,46,4,26,5,4,25,15,-19,42,1,18,-1,-10,22,37,-20,38,6,25,-2,-11,23,16,-17,41,9,22
57.6400,-3,-9,16,9,-8,39,1,21,-5,-5,24,22,-7,30,7,14,-12,-6,23,19,-21,44,10,34,1,-4,25,16,-10,39,-15,23,-5,-8,23,16,-15,41,5,22,8,-2,25,16,-13,41,1,13,1,-9,17,38,-19,41,4,25,-2,-6,22,15,-18,40,4,23
57.6600,-1,-9,16,11,-10,45,9,24,1,-6,27,16,-16,29,3,18,-9,-5,22,24,-16,43,12,37,-4,-5,26,18,-17,38,-13,20,-12,-4,30,10,-19,40,8,24,6,-4,26,18,-18,43,6,14,0,-13,22,35,-21,35,6,23,0,-7,20,14,-23,38,4,20
57.6800,0,-8,22,14,-12,44,15,27,2,-4,26,14,-12,27,3,22,-7,-4,25,17,-24,37,7,36,-3,-4,23,13,-19,31,-14,20,-10,-5,21,12,-17,36,9,22,8,0,25,18,-19,36,6,21,1,-10,24,39,-23,41,6,18,5,-8,21,10,-23,37,6,20
57.7000,-13,-9,23,12,-12,43,16,25,-3,-5,19,12,-19,25,1,15,-5,-6,24,16,-18,40,10,34,1,-2,22,13,-19,33,-9,19,-6,-2,24,7,-18,39,15,27,9,0,24,13,-19,41,7,15,-3,-9,21,38,-25,38,1,19,0,-8,15,9,-15,39,8,17
57.7200,-1,-6,22,12,-11,38,14,22,3,-4,19,4,-16,24,3,18,-5,-7,21,13,-19,36,6,32,1,-2,15,13,-21,33,-11,24,-4,-11,20,9,-25,38,13,20,10,-3,22,9,-20,39,4,11,-3,-12,24,33,-26,38,5,25,4,-8,18,7,-24,37,8,15
57.7400,-5,-4,19,8,-13,45,16,23,4,-6,16,0,-18,25,1,11,-6,-10,22,12,-17,37,6,31,3,0,23,10,-20,28,-9,19,-2,-3,14,5,-27,38,6,21,17,1,19,4,-19,38,8,15,-8,-3,21,32,-22,38,7,22,7,-6,20,3,-21,33,6,16
57.7600,0,-7,17,10,-15,39,16,27,5,-5,12,7,-17,24,2,13,-6,-6,19,11,-21,41,12,30,3,-1,22,9,-27,32,-12,24,-1,-11,14,0,-25,32,10,19,14,-1,17,3,-20,38,2,18,-2,-10,23,35,-19,39,5,19,6,-11,16,3,-23,39,4,19
57.7800,-1,-7,22,12,-17,41,12,23,7,-9,15,5,-21,25,3,15,-6,-8,16,8,-22,39,9,30,3,-6,21,11,-24,31,-16,16,-1,-8,12,3,-27,37,8,21,8,-1,20,6,-24,38,7,17,-2,-5,23,28,-18,46,7,20,3,-10,16,8,-25,37,8,15
57.8000,-3,-6,18,13,-20,41,15,26,-1,-13,10,8,-23,22,2,11,-7,-13,17,11,-18,33,5,29,1,-2,19,6,-24,29,-15,16,-4,-3,16,4,-29,38,5,18,9,0,19,2,-26,38,6,17,-3,-5,22,29,-14,40,2,18,2,-8,16,5,-22,36,8,14
57.8200,0,-8,22,7,-15,40,11,26,-1,-13,11,8,-23,22,3,15,-10,-16,19,9,-24,39,13,27,0,-4,22,10,-26,28,-12,13,-2,-11,19,5,-24,36,6,15,13,1,11,2,-27,36,8,11,-1,-11,21,29,-16,42,4,14,1,-10,15,9,-20,37,2,17
57.8400,-2,-7,25,15,-19,45,12,26,0,-15,19,10,-17,22,1,14,-15,-10,21,6,-15,36,14,28,-1,-9,22,13,-19,34,-13,13,-3,-8,17,8,-27,34,7,17,9,0,19,1,-24,38,4,13,-5,-4,26,29,-24,40,4,16,-1,-12,18,9,-19,39,8,18
57.8600,-4,-9,28,14,-21,43,15,28,-2,-12,19,10,-20,31,-1,16,-7,-12,26,11,-16,38,11,32,0,-8,26,15,-24,34,-13,22,-8,-13,22,15,-19,36,6,17,7,-1,20,3,-24,38,1,18,0,-3,24,29,-21,44,5,14,-4,-13,22,8,-23,42,7,19
57.8800,4,-9,26,12,-27,45,14,27,-2,-15,23,13,-18,30,0,15,-10,-13,20,8,-20,41,14,30,3,-9,23,17,-23,32,-13,20,-16,-14,21,16,-22,38,5,17,6,-8,21,10,-23,37,6,16,1,-6,27,29,-22,36,10,14,0,-16,24,11,-26,39,10,19
57.9000,-3,-12,28,16,-22,43,11,25,-6,-14,31,16,-19,32,5,17,-8,-7,34,7,-16,44,14,38,-3,-9,24,15,-20,37,-7,20,-9,-11,31,14,-23,40,6,23,7,0,28,10,-26,40,11,18,6,-5,24,36,-19,37,6,12,-5,-9,25,8,-21,40,12,21
57.9200,-2,-7,29,8,-22,47,11,28,-9,-6,28,18,-20,29,5,20,-10,-9,30,13,-16,46,12,33,-1,-8,32,18,-19,39,-11,22,-9,-15,30,20,-20,44,9,21,7,-4,23,12,-27,40,6,19,-2,-8,23,38,-20,38,4,16,-4,-5,29,8,-28,43,7,16
57.9400,-3,-5,33,14,-25,49,9,31,-12,-11,31,15,-17,32,-1,24,-9,-10,26,4,-17,42,17,34,-2,-8,26,14,-21,41,-12,20,-15,-11,31,20,-19,43,3,23,8,-5,26,12,-24,44,-1,18,2,-13,26,37,-20,38,5,14,0,-10,28,13,-25,44,3,23
57.9600,1,-11,30,12,-21,47,14,27,-7,-6,37,15,-21,31,4,21,-3,-12,27,5,-16,43,11,34,-1,-8,32,11,-21,37,-13,21,-9,-12,32,22,-19,50,3,23,6,-6,25,18,-22,42,2,21,3,-10,22,41,-17,42,8,14,-4,-8,29,11,-22,41,5,25
57.9800,-4,-10,29,11,-19,50,13,28,-4,-6,37,12,-17,34,1,18,-7,-7,28,7,-18,45,13,31,-6,-4,35,12,-20,38,-9,16,-11,-12,29,16,-20,49,4,26,4,-4,28,16,-23,44,-2,20,7,-14,25,36,-26,42,10,15,-5,0,31,9,-25,51,11,23
58.0000,-3,-7,26,10,-17,53,10,26,0,-6,38,10,-25,32,6,20,-3,-4,29,6,-16,45,14,32,-1,-6,28,8,-20,34,-14,20,-10,-7,32,18,-23,50,5,26,9,1,32,15,-22,43,2,21,8,-10,22,37,-23,45,6,13,-4,-7,35,5,-26,47,9,21
58.0200,-3,-4,32,6,-24,54,13,25,-5,-6,27,12,-19,30,1,21,-9,-9,28,7,-17,42,10,30,-3,-2,26,8,-17,40,-12,22,-12,-5,33,20,-20,45,4,24,8,1,31,19,-27,44,2,24,1,-13,30,34,-30,43,10,12,-1,0,26,13,-24,45,7,25
58.0400,-4,-4,33,8,-27,52,12,27,-3,-9,27,12,-17,33,-1,18,-6,-12,22,4,-19,43,11,30,-1,1,29,7,-23,37,-12,17,-6,-4,32,20,-27,44,3,22,10,3,32,18,-21,43,8,26,3,-10,25,30,-27,42,11,18,-2,-7,26,11,-24,48,5,21
58.0600,-2,-7,31,11,-19,55,9,27,-4,-7,29,14,-18,26,-2,21,-8,-7,22,11,-19,39,13,31,-4,-5,23,8,-21,36,-16,19,-4,-3,24,18,-26,43,5,26,9,0,27,20,-24,44,2,20,5,-9,23,32,-25,48,11,16,6,-8,29,9,-24,42,1,21
58.0800,0,-3,23,10,-18,56,8,23,-4,-3,26,9,-17,30,-4,16,-9,-13,24,10,-20,44,16,29,2,1,25,9,-26,37,-11,16,-4,-6,26,16,-22,41,4,24,10,1,29,16,-21,43,2,20,2,-11,24,39,-21,45,8,23,0,-6,20,10,-26,48,0,16
58.1000,-2,1,21,5,-20,49,11,24,0,-9,28,6,-17,31,-1,17,-12,-14,22,13,-20,42,13,28,4,-4,20,3,-25,36,-14,9,3,-2,22,12,-29,36,0,17,6,6,26,17,-24,44,-5,19,1,-16,18,42,-20,42,13,19,-1,-8,24,6,-23,44,1,17
58.1200,-6,-5,23,8,-15,49,8,24,-1,-7,23,11,-18,32,-2,13,-11,-6,21,16,-13,39,15,35,-1,-2,23,6,-23,33,-17,13,-5,-6,23,17,-27,37,1,22,6,3,27,16,-23,45,-1,21,3,-15,22,42,-22,39,9,23,-5,-6,26,10,-23,42,6,13
58.1400,-7,-1,26,1,-16,48,4,20,-3,-5,23,11,-19,35,-2,12,-12,-12,24,17,-16,43,9,32,2,3,16,7,-18,34,-15,12,-1,-5,21,10,-24,44,-5,19,8,7,22,10,-24,43,-2,18,4,-16,20,40,-24,40,5,22,-1,-12,23,6,-24,41,8,17
58.1600,-3,-2,19,4,-22,52,8,23,0,-7,22,12,-18,33,-1,11,-7,-11,27,17,-19,42,13,34,0,-2,18,11,-20,39,-12,9,-4,-7,17,11,-18,41,0,15,3,5,23,18,-24,43,-1,17,1,-9,17,41,-23,39,5,27,-4,-9,22,5,-23,43,5,16
58.1800,-4,-5,18,6,-17,46,9,20,-4,-7,25,8,-14,38,1,13,-11,-11,25,13,-19,40,10,33,0,-3,16,11,-21,43,-15,12,-6,-7,26,15,-18,39,2,14,9,5,26,18,-27,38,2,18,4,-16,19,39,-26,44,8,26,-2,-7,19,7,-23,46,4,15
58.2000,-6,-3,17,9,-18,54,9,19,-9,-6,24,9,-19,33,5,8,-15,-12,22,18,-19,41,18,31,0,-7,21,11,-21,39,-12,11,-7,-6,24,14,-19,42,1,14,5,5,24,14,-22,39,3,16,-2,-14,23,40,-22,44,9,21,-3,-13,27,9,-17,43,8,14
58.2200,-6,-2,21,6,-12,51,9,15,-5,-4,24,12,-18,32,3,15,-15,-12,24,20,-18,42,18,31,-4,-5,18,15,-17,37,-10,12,-3,-6,22,18,-19,41,2,12,4,-1,26,13,-21,43,-1,16,0,-9,22,40,-24,47,2,28,-5,-11,28,7,-20,43,8,17
58.2400,-5,-6,18,9,-19,47,8,18,-4,-11,20,12,-20,35,2,12,-14,-5,27,21,-18,47,17,30,-1,-3,28,18,-17,41,-10,9,-13,-6,24,15,-17,46,3,16,0,0,22,12,-23,42,2,18,1,-8,21,40,-23,45,8,29,-2,-7,28,8,-21,48,6,17
58.2600,-8,-2,23,11,-17,49,7,20,-2,-4,25,8,-15,33,6,13,-10,-13,29,17,-19,44,13,30,-4,-4,25,17,-18,44,-12,10,-9,-9,25,17,-23,41,6,23,7,2,23,14,-23,42,8,14,4,-12,24,37,-21,43,3,25,-6,-8,26,7,-19,49,6,24
58.2800,-7,-8,25,14,-15,54,17,18,-7,-4,27,7,-19,36,2,18,-13,-6,29,17,-19,48,16,31,-1,-4,25,19,-17,38,-13,11,-11,-6,28,12,-18,48,10,18,1,3,25,11,-24,48,8,12,0,-10,24,33,-23,49,4,22,-5,-6,28,9,-25,49,10,19
58.3000,-7,-1,28,15,-19,48,10,17,-7,-3,23,3,-17,31,4,16,-12,-9,32,17,-21,47,17,28,-6,-2,30,20,-17,41,-3,17,-11,-6,29,12,-22,44,8,22,6,1,26,11,-21,49,5,20,1,-9,23,34,-20,53,3,23,-5,-7,26,5,-27,42,9,21
58.3200,-7,-6,28,16,-12,50,15,22,-5,-3,22,6,-23,31,2,11,-10,-6,30,11,-21,44,15,27,0,-1,26,15,-20,35,-10,20,-9,-4,31,12,-18,41,3,24,-1,1,27,11,-22,45,0,18,-4,-6,24,32,-18,48,-3,23,-6,-7,30,2,-20,44,12,19
58.3400,-8,-6,24,13,-18,51,17,21,-7,-1,24,-2,-21,25,4,16,-8,-4,26,16,-22,42,12,29,-6,-5,31,14,-29,37,-5,14,-11,-1,26,5,-28,44,10,16,2,2,28,7,-24,43,9,17,-2,-7,26,28,-19,45,2,18,-3,-9,31,6,-27,42,8,16
58.3600,-6,-6,24,15,-16,50,17,26,-9,-3,22,3,-23,27,4,12,-9,-8,25,8,-24,46,14,27,-2,2,35,13,-28,36,-11,12,-12,0,26,1,-28,41,6,18,5,5,22,6,-26,46,7,18,-2,-13,23,27,-24,45,-1,17,0,-6,26,4,-24,43,9,18
58.3800,-6,-3,26,11,-18,47,16,22,-4,-6,24,1,-21,29,1,14,-10,-3,25,7,-20,45,13,26,-2,0,24,13,-24,34,-4,13,-9,-7,29,1,-26,42,11,23,1,3,27,8,-28,46,9,16,-8,-6,26,23,-16,51,5,18,0,-6,25,7,-25,46,7,22
58.4000,-6,-4,28,18,-16,47,10,22,-5,-2,21,2,-25,24,3,12,-7,-4,28,8,-19,42,16,26,0,-3,28,15,-21,34,-12,13,-11,-2,25,2,-25,44,4,20,1,6,29,4,-26,46,7,13,-13,-6,24,25,-16,46,3,18,-2,-8,24,4,-27,40,7,17
58.4200,-7,-4,28,15,-15,49,9,28,-9,-2,22,3,-18,32,6,12,-11,-4,24,10,-19,45,17,29,-1,-1,30,14,-25,28,-14,15,-8,-5,24,3,-26,40,7,14,6,-1,27,6,-32,40,5,14,-11,-3,28,29,-16,41,5,13,-4,-5,24,3,-26,45,5,13
58.4400,-8,-5,26,13,-19,46,13,24,-5,-3,17,9,-26,26,4,13,-10,-6,25,10,-15,43,15,25,-5,1,22,9,-23,32,-13,13,-11,-6,23,0,-30,38,7,21,2,2,31,4,-26,40,4,15,-10,-4,22,18,-19,43,2,18,-7,-1,28,5,-24,42,9,18
58.4600,-3,-7,28,17,-19,43,11,23,-4,2,21,12,-20,31,3,13,-11,-9,22,8,-17,42,17,30,0,1,22,14,-29,39,-10,6,-11,-5,29,4,-30,41,9,17,5,0,23,3,-27,44,8,16,-13,-4,23,25,-19,46,6,18,-5,-4,25,7,-25,39,9,13
58.4800,-8,-2,22,20,-20,46,14,21,-2,-4,20,11,-15,31,2,12,-12,-8,28,13,-16,50,16,33,-3,-3,26,14,-25,33,-14,9,-15,-4,27,10,-24,42,4,17,6,4,27,6,-28,40,8,10,-8,-2,25,23,-21,43,6,13,-6,-4,25,7,-31,44,9,9
58.5000,-9,-2,27,18,-18,46,13,26,-3,-11,21,14,-17,34,6,11,-20,-5,27,13,-21,45,10,29,-1,1,23,15,-20,33,-9,12,-10,-6,24,10,-24,42,4,14,3,3,21,9,-23,41,7,12,-8,2,20,22,-22,42,6,9,-8,-5,29,8,-24,47,6,12
58.5200,-3,-2,24,13,-20,42,11,24,-7,-4,23,16,-20,32,3,14,-11,-6,26,13,-20,48,19,29,-2,2,27,11,-21,35,-11,9,-13,-1,24,13,-26,43,8,16,6,5,27,9,-27,44,2,15,-4,-2,21,24,-25,41,9,11,-4,-11,24,8,-29,45,5,16
58.5400,-5,-3,29,18,-23,47,14,22,-5,-6,24,18,-18,34,4,9,-13,-2,31,13,-21,45,16,28,-5,-1,25,12,-23,36,-10,8,-11,-4,30,13,-25,42,6,12,6,-1,26,6,-27,45,9,11,-5,0,21,34,-18,39,6,9,-5,-2,30,9,-27,48,9,12
58.5600,-3,2,23,15,-19,49,13,23,-7,-2,33,18,-22,32,4,13,-11,-1,27,11,-23,46,17,33,-1,3,27,14,-17,38,-13,12,-15,-3,23,16,-25,46,4,15,8,4,28,10,-30,47,4,13,0,-2,22,33,-25,45,13,7,-1,-3,23,9,-26,45,9,17
58.5800,-2,-6,29,13,-21,48,10,18,-7,0,35,22,-19,34,6,14,-13,-2,27,10,-21,51,17,32,-6,-6,28,14,-17,40,-12,10,-16,-5,26,19,-24,41,6,20,6,-2,26,12,-25,51,6,13,-1,0,19,38,-28,39,6,8,-6,0,29,11,-23,43,10,16
58.6000,-5,-7,28,15,-21,48,14,24,-7,-3,29,15,-16,38,7,13,-11,-2,28,10,-20,44,15,31,-2,-1,28,14,-15,42,-9,13,-11,-3,30,17,-26,46,8,15,10,1,29,9,-24,49,5,12,2,-2,21,34,-21,43,6,11,-4,-2,27,12,-25,52,10,15
58.6200,-5,-1,23,7,-18,51,13,17,-8,-6,29,14,-17,34,3,19,-11,-2,29,5,-26,44,15,28,-3,2,30,9,-17,40,-8,16,-15,1,28,12,-23,45,7,21,1,3,32,16,-27,50,7,14,-1,-7,27,36,-25,41,5,12,-5,-2,30,10,-29,48,6,11
58.6400,-5,-7,24,12,-24,49,14,19,-2,-6,30,15,-17,33,5,12,-7,-3,28,-1,-19,47,18,29,1,-3,31,11,-22,36,-7,16,-12,-1,24,12,-22,46,9,19,5,-1,33,17,-25,48,8,16,1,-1,22,31,-28,38,8,7,-6,-4,28,7,-29,48,10,17
58.6600,-5,-6,24,7,-20,55,11,22,-4,-1,31,14,-21,30,4,14,-3,-6,25,12,-20,46,16,28,-3,-4,30,8,-21,39,-8,13,-13,-4,29,16,-28,40,8,20,4,-1,28,13,-28,47,11,13,-3,-7,25,35,-30,44,12,10,-7,0,31,5,-24,44,12,13
58.6800,-4,-2,31,7,-19,54,16,25,-3,0,32,11,-24,29,5,15,-7,-5,29,2,-22,48,18,26,-5,-2,29,6,-23,42,-11,13,-12,-3,29,11,-26,44,7,21,6,3,28,9,-27,48,5,15,-1,-7,24,38,-27,44,13,12,-4,1,25,5,-24,47,13,16
58.7000,-3,-1,29,3,-22,56,17,20,-1,-3,28,10,-19,33,5,12,-7,-4,26,8,-24,47,18,28,0,-4,27,1,-22,40,-8,14,-10,-2,27,10,-27,46,5,23,6,3,29,12,-26,50,6,14,-1,-9,28,38,-31,41,10,16,-2,-4,24,6,-27,41,11,17
58.7200,-11,-8,27,2,-20,56,12,16,-1,-4,29,7,-21,30,5,11,-2,-8,25,7,-23,48,17,29,1,0,23,1,-22,42,-9,12,-9,1,23,4,-29,38,11,21,6,0,30,16,-30,44,5,12,-5,-13,22,32,-30,43,18,15,-3,-1,27,0,-29,44,11,19
58.7400,-6,-4,23,1,-23,53,15,20,1,-5,29,7,-26,31,6,13,-8,-8,25,9,-21,41,16,29,3,-4,27,5,-25,39,-13,11,-7,-1,22,4,-31,44,4,18,6,0,20,10,-30,47,5,15,-5,-10,29,36,-30,46,14,20,-3,-4,29,1,-25,46,9,18
58.7600,-8,-3,31,4,-27,56,13,22,-7,0,25,4,-23,31,6,18,-7,-12,31,9,-21,48,16,29,1,-2,23,-5,-24,34,-15,14,-11,-3,26,3,-30,42,6,18,5,5,24,8,-29,43,6,17,-4,-11,28,38,-31,44,17,23,1,-4,21,4,-21,45,2,18
58.7800,-8,0,25,4,-23,54,12,22,-8,-4,23,2,-25,32,0,16,-8,-5,26,7,-21,47,16,28,1,-1,27,-1,-23,39,-13,10,-17,-4,23,0,-29,48,0,17,4,1,19,10,-30,47,3,18,-4,-12,24,37,-30,46,16,23,1,-5,26,0,-22,46,8,14
58.8000,-9,1,22,3,-24,53,12,23,-6,-2,23,8,-21,30,3,8,-10,-14,20,12,-21,47,16,34,0,-6,25,3,-22,37,-13,14,-8,-6,20,6,-26,42,5,20,1,-5,28,8,-32,43,4,14,-4,-10,26,46,-30,43,12,23,-3,-7,23,9,-30,42,8,16
58.8200,-10,-4,25,1,-21,53,10,17,-7,-6,28,6,-26,38,5,13,-12,-7,24,11,-18,47,18,31,3,-6,23,8,-24,35,-18,15,-13,-6,25,6,-27,46,2,21,1,3,24,3,-33,45,4,13,-3,-9,24,41,-24,49,8,24,-2,-8,27,10,-26,46,10,14
58.8400,-9,-1,24,1,-19,54,12,19,-6,0,28,9,-21,37,1,11,-10,-7,21,13,-22,48,16,31,0,-2,23,7,-26,40,-6,13,-15,-3,28,7,-27,45,4,19,0,3,24,4,-33,45,1,9,-3,-6,23,40,-27,47,7,26,-5,-7,23,6,-29,45,7,17
58.8600,-4,-7,25,-2,-15,50,11,19,-10,-7,26,8,-17,37,3,17,-8,-8,28,7,-24,44,13,30,0,-7,26,9,-23,40,-8,13,-11,-1,24,9,-24,43,5,17,2,1,22,6,-27,49,1,8,-3,-5,24,37,-29,43,9,21,-3,-8,21,5,-25,40,15,17
58.8800,-8,-3,27,0,-22,50,12,17,-10,-7,28,7,-26,38,3,13,-13,-6,24,10,-24,46,16,29,-7,-6,26,6,-23,33,-12,14,-16,-6,27,8,-25,49,5,23,-1,-1,25,4,-28,51,1,16,-3,-4,30,36,-34,46,11,19,-3,-7,31,1,-25,46,7,18
58.9000,-5,-5,22,1,-18,51,10,17,-6,-5,30,3,-18,36,4,13,-14,-6,25,6,-24,51,11,31,-6,-7,24,18,-20,43,-11,12,-16,-4,29,6,-25,48,6,21,4,-1,25,8,-27,49,3,15,-1,-5,23,36,-28,50,6,21,-4,-9,24,5,-24,44,15,18
58.9200,-3,-9,28,6,-22,51,8,14,-10,-3,28,-1,-19,34,3,13,-9,-2,29,6,-27,44,13,32,-1,-1,25,10,-19,39,-6,16,-13,-6,26,13,-21,48,8,19,-2,0,26,6,-25,44,0,11,0,-7,21,35,-24,46,5,20,-4,-8,26,5,-26,49,7,17
58.9400,-5,-1,25,4,-22,55,14,17,-5,0,33,7,-20,39,2,22,-14,-1,32,13,-25,50,16,31,-4,0,29,10,-21,35,-5,14,-18,-6,33,10,-26,48,8,20,5,0,33,7,-23,51,3,14,4,0,26,33,-25,49,6,21,0,-9,32,4,-24,50,5,18
58.9600,-6,-4,26,8,-15,51,15,20,-9,0,33,1,-18,40,2,14,-9,-5,28,4,-23,46,15,25,-4,0,31,12,-20,35,-7,16,-11,-5,31,11,-25,44,10,21,6,2,30,15,-22,47,2,11,1,-4,25,43,-25,44,-1,13,-1,-7,29,7,-27,50,7,20
58.9800,-4,-4,22,7,-22,48,15,20,-10,4,31,-3,-22,39,4,14,-12,-1,31,7,-29,48,14,25,-5,0,29,9,-28,40,-6,14,-14,0,31,12,-28,45,9,22,7,-1,28,8,-25,54,4,16,-1,-7,29,30,-24,48,2,18,-1,-2,30,6,-28,50,10,16
59.0000,-9,-2,28,9,-19,50,12,19,-5,2,33,0,-17,35,2,13,-11,-3,30,10,-26,47,16,27,-5,5,27,9,-26,36,-12,14,-12,-3,30,6,-27,52,12,21,4,2,26,5,-25,46,5,13,2,-10,23,31,-24,56,1,13,-5,-5,30,4,-30,45,5,16
59.0200,-10,-7,31,7,-21,51,14,18,-4,1,27,1,-22,31,-1,11,-12,-4,31,15,-24,46,15,30,-7,1,31,11,-26,36,-8,14,-9,-5,29,7,-28,45,6,19,-1,1,31,6,-27,47,6,14,-3,-5,28,29,-24,50,5,15,-5,-3,29,3,-31,49,8,18
59.0400,-5,-4,29,12,-16,55,9,20,-6,2,29,-1,-20,31,5,12,-9,-3,28,9,-20,48,14,25,-5,0,29,9,-30,33,-8,13,-16,-8,31,9,-27,46,10,17,4,3,29,10,-26,48,4,14,-2,-5,28,25,-24,58,8,16,-3,-2,28,3,-30,45,15,19
59.0600,-10,-8,28,7,-22,56,15,21,-4,2,28,2,-21,32,0,11,-14,-1,30,6,-21,49,13,28,-2,-4,31,8,-26,37,-15,13,-10,-6,30,2,-33,46,9,16,-2,0,32,7,-25,47,3,13,-6,-6,31,21,-23,53,4,16,-3,-8,31,9,-27,52,7,14
59.0800,-4,-6,29,7,-22,48,14,21,-5,-4,24,4,-21,32,1,8,-8,-2,30,5,-25,52,14,25,-5,-5,36,9,-26,39,-7,10,-13,-2,25,1,-26,41,11,19,6,-1,29,10,-24,44,6,8,-3,-11,32,23,-30,50,8,16,-6,-2,26,1,-30,47,9,14
59.1000,-7,-5,28,8,-26,48,15,20,0,1,24,6,-23,35,4,10,-11,-8,26,7,-20,50,13,21,-6,1,30,8,-26,37,-8,12,-10,-4,24,2,-34,43,6,13,2,5,25,11,-24,43,0,15,-4,-11,29,26,-25,50,13,14,-5,-2,24,2,-28,47,6,15
59.1200,-11,0,25,11,-26,55,15,23,-8,-5,25,6,-23,35,0,9,-7,-5,22,6,-26,45,16,28,-8,3,26,7,-27,41,-11,10,-14,-3,32,1,-29,47,4,15,5,-1,26,7,-31,46,-2,16,-3,-6,28,18,-25,53,11,11,-9,-3,29,-1,-29,47,11,17
59.1400,-9,-5,26,5,-26,45,16,23,-9,-9,29,7,-20,35,3,9,-12,-4,33,8,-20,50,14,24,-1,-2,27,8,-29,41,-4,12,-15,-3,23,3,-27,47,12,15,4,1,23,6,-28,47,0,13,-9,-4,27,25,-24,48,6,16,-6,-4,35,3,-24,49,12,16
59.1600,-5,-6,27,3,-27,50,14,25,-10,-1,25,8,-18,32,4,7,-10,-4,28,9,-27,48,13,25,-5,-3,26,1,-27,44,-11,11,-15,-2,28,8,-30,51,6,16,1,4,29,4,-30,49,3,12,-6,0,25,26,-26,45,13,16,-6,-1,30,4,-25,44,6,16
59.1800,-7,-4,25,1,-25,48,16,20,-6,-1,25,10,-16,32,3,9,-13,-2,26,8,-24,50,12,27,-5,2,27,5,-27,41,-8,9,-13,-3,28,4,-26,43,15,22,1,2,26,7,-32,49,5,13,-7,-3,23,26,-32,48,10,13,-6,-5,26,5,-26,50,6,15
59.2000,-10,4,29,2,-31,46,12,22,-7,-2,25,10,-22,34,5,8,-12,-8,28,7,-25,49,15,27,-7,1,30,6,-24,43,-7,15,-18,0,31,4,-27,49,9,21,-1,5,27,4,-27,45,-2,11,-5,-5,29,33,-27,45,5,17,-1,-2,27,3,-27,44,8,13
59.2200,-10,-6,29,5,-26,48,17,19,-7,0,27,10,-23,34,4,12,-7,-3,23,5,-21,47,18,25,-10,0,26,5,-24,41,-11,16,-20,2,29,9,-24,48,10,19,3,7,24,2,-26,45,4,15,-9,-6,25,31,-29,42,5,17,-7,-7,28,1,-28,41,9,16
59.2400,-7,-7,30,8,-28,50,14,17,-8,-2,26,8,-18,27,6,17,-9,0,30,6,-26,51,13,24,-5,-1,29,9,-28,41,-10,10,-19,-2,28,5,-29,46,12,20,3,3,28,6,-29,48,4,12,-3,0,27,36,-33,44,11,16,-11,-3,30,0,-24,47,14,17
59.2600,-9,-6,24,4,-27,50,12,23,-9,0,31,10,-28,30,1,13,-14,-3,28,6,-25,48,15,30,-10,-1,29,7,-23,40,-12,12,-17,-2,28,4,-23,50,8,20,1,1,29,7,-26,44,7,11,-8,-1,23,32,-28,43,5,13,-6,-6,25,2,-27,49,6,16
59.2800,-12,-3,30,9,-30,55,9,23,-7,-4,27,6,-21,28,5,13,-14,1,30,7,-27,51,16,29,-10,-1,31,5,-25,40,-10,12,-22,-2,30,6,-30,47,13,19,-3,5,28,9,-31,51,2,15,-8,-3,23,34,-26,43,10,10,-8,-3,31,3,-24,50,8,16
59.3000,-11,-4,26,7,-30,54,10,24,-5,-1,34,5,-22,30,2,14,-13,-5,31,2,-24,48,17,29,-5,1,29,11,-26,46,-13,14,-23,-1,32,5,-30,43,10,18,-3,3,29,5,-25,50,12,8,-7,-2,29,35,-26,48,9,11,-8,-1,28,1,-36,45,10,21
59.3200,-10,-3,26,6,-25,58,14,20,-6,0,31,4,-29,31,6,11,-16,-6,24,4,-22,45,12,26,-6,0,30,8,-27,38,-14,13,-20,1,31,5,-26,43,7,22,-6,4,30,9,-24,49,8,13,-5,-3,28,34,-26,45,8,11,-9,0,29,2,-27,49,10,15
59.3400,-12,-5,27,8,-26,58,11,23,-10,3,30,7,-31,29,3,13,-11,-2,24,4,-21,46,17,25,-5,-2,33,3,-25,40,-10,8,-19,4,28,0,-25,41,8,22,-2,5,33,8,-28,50,8,9,-9,2,26,39,-23,49,4,8,-9,0,26,8,-24,52,6,14
59.3600,-11,-1,26,5,-25,55,19,19,-8,0,30,1,-24,28,3,14,-14,-2,27,1,-32,50,17,27,-3,-2,27,4,-25,44,-17,13,-19,4,31,1,-32,42,5,18,-1,4,35,6,-28,46,8,10,-9,-7,29,40,-27,42,12,9,-8,-1,24,-1,-26,46,10,20
59.3800,-8,-8,30,5,-23,57,13,24,-8,-4,26,-1,-23,32,8,9,-14,-8,26,8,-25,46,18,23,-5,1,27,0,-29,42,-14,9,-18,2,29,5,-28,43,11,16,-3,2,30,3,-29,47,4,13,-8,-4,26,37,-25,48,9,18,-3,-1,26,6,-30,45,5,15
59.4000,-6,-3,30,7,-28,49,10,21,-9,2,29,8,-23,35,6,6,-9,-4,25,5,-27,44,17,28,-6,0,28,3,-29,41,-12,8,-21,3,29,4,-28,43,6,19,-4,5,28,8,-30,44,3,10,-7,-1,29,35,-26,50,6,14,-8,-5,30,3,-28,48,9,14
59.4200,-7,-5,29,5,-25,55,19,19,-8,0,30,4,-22,35,1,10,-12,-6,30,5,-29,48,16,23,-2,6,30,1,-25,38,-10,8,-17,0,30,1,-28,45,5,18,-1,-2,26,4,-27,46,0,11,-10,-1,25,38,-30,49,12,14,-9,-4,30,3,-25,46,9,14
59.4400,-8,2,31,5,-25,55,10,19,-10,-6,25,3,-28,36,-1,6,-13,-1,33,4,-25,54,17,29,-4,3,33,2,-23,43,-13,10,-19,3,31,11,-23,47,5,15,-1,5,25,6,-30,47,6,11,-6,-3,28,40,-24,47,11,12,-11,-1,29,0,-28,48,5,12
59.4600,-6,0,29,1,-24,53,12,17,-7,-5,27,10,-24,33,5,8,-14,0,29,8,-23,50,14,27,-6,-3,24,9,-24,35,-9,15,-13,-2,28,7,-26,49,1,19,-5,-2,28,4,-28,47,1,8,-5,-2,28,41,-28,45,13,12,-6,-6,26,-1,-27,43,12,13
59.4800,-8,3,31,3,-18,55,17,19,-11,-2,38,9,-26,37,0,7,-13,-2,29,5,-26,47,16,24,-6,-2,24,3,-22,41,-12,9,-18,0,26,6,-25,42,5,17,-2,2,32,6,-29,40,2,7,-10,-1,24,39,-33,47,6,16,-8,1,31,1,-25,42,10,16
59.5000,-7,-3,27,4,-22,57,18,17,-10,1,29,9,-27,39,2,11,-12,1,30,8,-28,51,16,27,-5,2,28,3,-28,43,-6,11,-18,4,31,8,-25,48,7,15,0,3,29,5,-27,51,3,5,-10,-1,22,37,-27,47,5,18,-10,1,30,2,-29,50,12,14
59.5200,-6,-2,23,3,-25,54,13,20,-11,-1,24,7,-23,38,1,8,-14,4,31,8,-28,51,17,23,-6,4,29,6,-31,45,-4,7,-15,3,27,14,-24,51,6,20,-2,5,33,7,-28,48,5,9,-9,-4,26,39,-28,46,15,19,-10,1,33,4,-27,49,4,11
59.5400,-13,-2,30,1,-26,50,16,19,-10,7,35,6,-19,41,3,13,-12,2,31,7,-24,46,15,25,-5,6,29,4,-24,44,-2,10,-12,1,31,12,-24,54,5,17,1,4,28,4,-27,46,1,11,-6,-1,23,35,-30,51,9,15,-5,1,37,1,-25,52,14,15
59.5600,-9,-3,27,2,-20,52,18,18,-7,3,29,3,-24,39,3,10,-14,3,35,9,-29,55,12,23,-13,1,32,11,-27,41,-7,10,-16,5,30,13,-24,52,2,17,4,5,28,14,-24,46,7,8,-7,-2,25,38,-29,49,6,13,-7,-2,32,4,-32,48,10,13
59.5800,-9,-2,30,1,-21,52,17,19,-6,2,30,2,-23,41,3,11,-11,-2,31,5,-24,49,12,23,-8,0,34,7,-27,40,-8,11,-16,2,29,14,-26,48,14,17,2,5,33,8,-25,51,4,10,-4,-5,23,38,-31,52,6,14,-6,2,31,6,-25,48,7,16
59.6000,-10,-3,27,7,-20,51,12,16,-10,4,33,2,-24,39,6,7,-11,-4,32,8,-25,47,16,26,-11,3,31,8,-24,37,-3,10,-17,2,31,3,-30,47,13,21,2,5,30,10,-28,48,9,8,-3,-2,27,39,-32,54,7,11,-7,-4,33,2,-23,52,9,10
59.6200,-3,-1,28,1,-24,52,17,19,-9,2,29,-3,-30,35,0,8,-6,0,32,6,-25,47,11,23,-10,3,33,9,-26,38,-6,11,-14,4,27,4,-30,48,13,18,3,8,28,5,-26,50,5,11,-2,-7,28,30,-28,58,11,11,-3,-5,30,1,-31,49,14,16
59.6400,-8,-2,28,3,-24,57,17,20,-8,2,29,-1,-29,36,5,11,-9,-2,32,6,-28,46,11,24,-7,0,32,3,-29,38,-6,9,-14,-1,29,3,-23,48,10,21,-1,9,33,5,-27,55,6,6,-2,-3,32,33,-28,55,6,14,-6,-3,27,-1,-31,50,9,14
59.6600,-8,-2,24,3,-25,49,17,21,-6,6,27,-3,-23,36,-1,8,-11,5,32,3,-28,47,14,28,-9,-1,33,1,-32,36,-8,5,-15,4,33,2,-33,48,12,15,-1,10,31,8,-26,46,8,9,-6,-6,32,26,-30,50,9,16,-4,-3,32,0,-29,50,14,11
59.6800,-10,1,27,6,-24,49,20,18,-7,4,28,-8,-24,39,2,9,-14,2,29,-2,-26,47,16,20,-6,-1,31,0,-33,41,-6,13,-15,0,30,1,-27,43,13,16,0,6,32,4,-31,50,6,10,-7,-4,32,24,-32,51,8,16,-5,4,28,-1,-32,50,11,12
59.7000,-15,-1,28,3,-27,50,17,19,-7,2,25,-6,-22,35,7,12,-12,-1,30,3,-31,45,14,27,-8,2,29,3,-29,42,-8,11,-16,6,28,-3,-31,45,11,14,1,9,27,4,-28,50,11,9,-7,-7,33,25,-31,55,10,13,-7,-2,24,-6,-29,48,11,11
59.7200,-11,-3,29,-4,-31,51,17,18,-7,3,25,1,-27,35,2,11,-11,3,27,0,-26,44,12,23,-10,5,30,1,-34,35,-6,6,-18,3,26,-1,-33,49,12,18,3,3,28,1,-27,49,4,6,-11,-5,35,26,-31,55,12,15,-7,-2,27,-6,-36,45,10,13
59.7400,-7,-1,32,1,-27,51,16,19,-9,2,25,-2,-27,32,7,14,-13,2,28,-3,-28,46,20,26,-8,3,29,-2,-28,39,-11,12,-17,2,24,-3,-36,50,9,19,1,5,26,0,-34,47,7,9,-5,-6,37,26,-32,49,10,14,-9,0,29,-6,-33,49,9,6
59.7600,-11,-1,30,1,-28,52,16,14,-12,0,27,0,-27,36,4,5,-11,1,27,4,-26,51,18,30,-7,4,31,-1,-29,40,-11,7,-14,-6,27,-1,-32,47,10,16,0,1,27,-2,-31,52,7,6,-3,-6,30,26,-34,47,6,18,-9,0,29,-6,-34,49,15,11
59.7800,-9,-5,28,-5,-32,54,16,16,-9,0,30,-3,-26,36,6,8,-9,3,27,4,-28,51,19,27,-5,-4,32,4,-26,44,-9,11,-13,0,25,0,-34,53,9,21,1,2,26,-3,-34,48,6,7,-6,-2,34,28,-33,54,13,15,-6,-7,25,-7,-26,46,14,14
59.8000,-8,0,29,1,-29,50,11,16,-11,1,27,2,-21,33,10,9,-14,-1,24,3,-27,51,19,29,-11,-1,33,0,-29,44,-7,9,-20,2,22,-1,-31,47,12,19,-3,-3,24,3,-29,50,2,7,-11,0,31,31,-27,47,11,17,-14,-2,26,-2,-28,49,8,12
59.8200,-11,-1,34,-3,-28,51,11,18,-14,1,33,2,-27,37,8,11,-16,5,23,4,-27,51,18,34,-12,2,30,3,-27,48,-8,15,-19,-3,31,0,-34,55,14,16,-3,3,29,2,-30,56,3,13,-9,-6,31,33,-26,47,10,14,-6,-2,27,-2,-34,51,8,10
59.8400,-13,4,32,-1,-26,56,13,18,-11,3,30,3,-24,38,7,10,-12,2,33,0,-31,54,20,29,-8,6,31,2,-30,48,-6,4,-15,-4,35,1,-30,52,14,19,0,3,26,1,-33,53,8,7,-7,-1,33,32,-29,51,7,19,-7,-1,30,-2,-32,52,10,16
59.8600,-10,3,31,-2,-27,55,12,17,-9,3,33,3,-25,38,4,13,-13,-1,22,5,-24,49,19,30,-10,5,28,6,-20,47,-9,12,-19,-4,30,1,-30,45,8,16,1,4,28,-3,-30,52,9,10,-6,4,33,33,-28,44,12,13,-12,-3,29,1,-30,52,8,11
59.8800,-9,-2,36,-2,-29,55,14,20,-11,2,36,6,-21,40,4,10,-14,5,29,1,-30,52,20,29,-10,5,30,3,-28,49,-9,12,-23,2,29,7,-30,48,11,18,3,6,30,-2,-31,56,7,10,-8,2,28,34,-31,49,12,11,-7,-3,33,1,-32,49,13,14
59.9000,-8,0,30,-2,-28,55,15,17,-15,4,36,5,-21,36,12,10,-15,6,32,0,-32,48,16,25,-6,3,31,7,-26,42,-7,5,-19,3,32,4,-30,51,6,18,1,4,35,6,-35,54,0,8,-8,0,31,37,-31,47,6,16,-10,3,29,0,-30,49,9,14
59.9200,-8,-2,30,-2,-21,59,16,19,-9,6,31,4,-28,35,10,11,-12,6,29,-3,-32,53,18,24,-4,0,29,6,-30,49,-8,11,-15,4,32,2,-29,55,7,17,-2,4,31,5,-29,48,8,10,-8,0,31,36,-34,49,4,17,-6,0,28,4,-30,48,11,18
59.9400,-8,-1,29,1,-25,56,13,17,-16,0,34,7,-26,35,0,11,-13,4,29,0,-28,55,14,27,-8,6,31,6,-28,47,-6,13,-22,2,36,4,-28,50,9,21,-4,6,34,2,-30,49,2,8,-6,0,28,36,-28,55,7,13,-8,1,32,-1,-27,48,9,17
59.9600,-9,0,31,4,-20,58,15,17,-12,3,33,4,-24,35,7,15,-16,5,29,1,-27,57,16,31,-9,2,27,7,-32,48,-7,11,-19,4,32,1,-30,56,10,18,-5,0,30,0,-32,52,2,10,-7,0,29,32,-28,48,4,12,-3,-4,33,-3,-32,54,10,16
59.9800,-9,3,29,1,-27,56,16,18,-10,6,31,3,-24,35,4,11,-12,3,32,2,-26,54,18,22,-8,1,31,5,-30,45,-5,11,-16,4,32,5,-25,52,6,18,-2,2,27,6,-32,51,2,9,-9,-4,30,34,-27,51,5,11,-9,-1,25,-1,-29,53,9,12
60.0000,-9,6,26,4,-28,55,13,19,-14,4,29,6,-24,34,6,8,-11,3,31,-3,-25,51,16,25,-5,5,29,1,-29,45,-6,7,-12,7,29,1,-27,48,10,12,-1,4,34,1,-29,51,4,9,-3,-1,27,35,-27,49,7,12,-8,4,33,-1,-33,48,6,15
60.0200,-10,1,28,4,-26,52,15,16,-11,4,30,2,-27,33,3,8,-15,-1,31,5,-32,52,13,21,-6,2,25,-1,-29,45,-7,11,-15,7,35,1,-30,51,8,15,-1,9,38,4,-33,50,2,7,-7,-3,26,37,-36,52,5,11,-8,4,36,1,-27,52,9,15
60.0400,-10,1,32,5,-27,53,16,19,-15,5,30,1,-24,35,2,8,-16,7,34,3,-32,51,15,24,-7,6,31,-2,-32,50,-9,12,-14,4,32,2,-31,49,6,19,-2,4,31,6,-34,50,-1,5,-11,1,30,33,-29,47,8,12,-10,-2,30,0,-34,53,8,9
60.0600,-9,-5,32,1,-30,53,15,14,-15,-1,32,1,-23,30,7,9,-16,-2,30,3,-29,49,18,24,-8,6,29,2,-33,39,-4,10,-18,0,32,1,-31,51,6,15,-3,5,30,5,-30,49,0,7,-9,-1,32,37,-26,49,8,17,-13,-2,34,-1,-30,51,7,15
60.0800,-9,2,31,3,-25,53,16,15,-11,1,31,5,-24,34,6,12,-14,1,37,1,-28,48,15,20,-9,-3,29,1,-32,41,-7,11,-16,1,28,2,-26,49,6,20,-3,6,26,6,-26,51,2,5,-5,-1,27,31,-29,50,7,9,-13,0,29,-1,-31,47,9,13
60.1000,-5,-1,30,3,-31,56,16,18,-19,4,32,4,-28,36,6,9,-16,0,27,6,-26,46,18,20,-10,-4,29,0,-30,40,-5,6,-19,5,32,1,-32,47,8,13,1,8,29,2,-31,48,2,6,-8,-1,22,31,-30,52,15,13,-8,0,29,0,-35,46,9,8
60.1200,-8,2,27,7,-30,54,15,16,-11,5,28,-1,-25,39,1,13,-19,3,32,7,-31,46,12,23,-7,2,34,4,-34,40,-5,9,-18,3,34,2,-30,47,6,12,-2,5,33,0,-32,48,5,9,-10,-2,27,30,-29,51,6,16,-8,5,33,-2,-32,54,14,10
60.1400,-11,-4,34,2,-32,56,16,19,-12,2,32,-1,-23,38,7,5,-16,3,33,-1,-30,49,20,20,-11,-1,37,1,-36,42,-6,5,-19,0,34,2,-29,52,12,16,0,7,31,-1,-30,49,7,5,-13,-2,26,30,-26,49,6,19,-10,2,31,0,-27,49,5,6
60.1600,-6,-1,34,3,-30,48,18,14,-11,2,32,1,-22,35,5,8,-16,2,36,2,-35,52,18,21,-13,0,36,6,-28,43,-6,9,-17,4,32,0,-31,49,10,16,3,8,35,4,-27,49,3,5,-7,1,27,32,-29,50,8,15,-14,-2,36,-2,-32,52,10,12
60.1800,-11,-1,32,2,-38,51,13,15,-11,6,29,2,-24,35,0,8,-14,3,36,4,-32,50,17,25,-9,-3,31,6,-27,42,-8,11,-21,4,33,2,-27,46,8,13,2,3,33,0,-34,51,5,10,-13,4,26,35,-31,44,7,13,-9,2,35,-3,-28,51,10,12
60.2000,-4,-3,29,1,-27,54,22,12,-15,8,29,-3,-26,43,6,11,-14,3,33,2,-32,51,15,25,-8,2,30,2,-31,40,-10,11,-26,13,28,-3,-24,49,12,16,0,3,31,-2,-32,52,7,4,-10,3,34,37,-32,51,10,13,-12,-3,31,-5,-34,50,10,9
60.2200,-12,-3,34,8,-30,54,17,13,-12,4,29,1,-25,35,5,13,-15,5,32,-2,-32,48,20,21,-10,2,36,1,-29,42,-8,12,-21,1,33,3,-25,51,14,16,1,6,36,2,-32,53,5,6,-13,2,31,32,-29,50,6,12,-11,3,32,-2,-31,51,11,12
60.2400,-13,-3,34,1,-22,50,17,17,-9,2,33,1,-25,41,7,16,-10,8,30,-3,-28,47,18,26,-11,6,32,-1,-30,42,-5,15,-18,3,30,4,-25,47,10,20,3,5,38,0,-20,50,10,12,-8,3,30,39,-36,48,6,14,-10,1,33,-4,-33,50,5,11
60.2600,-12,-2,35,-1,-30,51,21,16,-8,5,32,0,-25,42,7,10,-7,2,30,2,-27,45,16,23,-11,5,33,5,-29,43,-9,8,-21,4,29,0,-31,47,15,18,1,8,31,-2,-20,52,4,9,-10,2,31,37,-37,53,8,13,-7,3,34,-11,-35,49,15,10
60.2800,-10,0,29,-5,-33,56,19,16,-13,6,34,-4,-34,38,7,9,-9,4,27,1,-29,49,17,26,-14,6,37,2,-27,40,-8,15,-17,6,28,0,-35,50,15,20,3,7,35,2,-26,52,9,6,-5,2,33,32,-33,51,8,11,-9,3,33,-3,-37,52,14,10
60.3000,-11,-1,29,-5,-30,55,23,16,-12,9,32,-3,-27,40,7,7,-10,1,28,-5,-30,48,22,24,-12,8,33,1,-30,43,-10,11,-13,2,36,-6,-30,50,14,24,1,8,34,3,-33,56,0,10,-8,-1,35,30,-33,49,6,6,-11,4,32,-5,-33,52,10,11
60.3200,-5,1,34,-5,-25,54,19,17,-9,7,29,-3,-30,41,9,11,-14,6,26,-2,-30,50,17,25,-15,6,32,-3,-28,44,-13,10,-18,3,29,-2,-33,49,13,19,0,9,38,-4,-29,53,2,4,-6,2,34,35,-34,51,9,14,-14,2,32,-8,-37,51,6,11
60.3400,-10,-2,33,-4,-30,58,22,14,-10,6,28,-1,-23,37,5,10,-16,6,26,-3,-32,50,20,22,-12,6,35,3,-29,45,-10,6,-14,6,29,-5,-35,50,12,18,3,5,34,-5,-31,50,6,8,-7,2,34,36,-32,53,9,14,-5,7,35,-5,-33,51,10,11
60.3600,-11,-1,31,-4,-31,52,17,14,-9,4,33,-3,-26,34,4,5,-17,1,34,-2,-33,51,17,24,-9,6,31,-4,-30,45,-7,10,-19,3,27,0,-29,50,9,22,5,5,27,1,-30,49,5,11,-9,-3,34,36,-27,51,14,16,-6,5,29,-7,-30,51,7,10
60.3800,-13,0,31,-6,-31,54,20,17,-12,8,31,-4,-23,37,5,13,-13,0,28,-1,-30,51,14,28,-12,11,28,-5,-36,48,-5,6,-18,4,23,-1,-33,52,10,22,-2,4,22,-2,-28,54,3,7,-10,-4,33,34,-29,53,11,12,-11,4,30,-9,-30,53,11,12
60.4000,-12,4,31,-2,-33,55,15,13,-13,6,30,-5,-29,36,2,7,-13,2,27,-5,-33,49,13,27,-11,8,34,-5,-27,44,-6,10,-20,2,27,-4,-27,52,9,18,-1,5,34,3,-36,49,4,6,-12,-1,29,32,-25,54,6,17,-10,3,29,-5,-34,48,11,13
60.4200,-10,-2,34,-6,-32,51,14,12,-12,5,31,1,-26,32,8,10,-15,3,26,-1,-32,48,18,23,-12,1,32,-1,-24,47,-10,7,-16,3,31,-1,-31,50,7,16,0,5,33,-2,-31,50,3,8,-10,-4,33,30,-31,56,8,13,-14,-5,28,-10,-33,55,9,14
60.4400,-10,0,30,-3,-28,57,15,15,-10,0,36,-2,-25,35,9,12,-13,3,34,2,-35,50,15,27,-13,4,29,-5,-23,45,-14,10,-16,0,27,-1,-30,56,11,18,2,7,25,2,-36,50,4,2,-9,0,34,33,-35,50,10,13,-9,2,32,-9,-32,55,7,13
60.4600,-12,0,31,-5,-29,57,12,18,-16,4,32,-6,-28,38,5,7,-18,3,31,-7,-31,53,16,31,-8,3,28,-4,-30,45,-8,8,-18,-2,31,-2,-31,51,7,20,2,4,31,-2,-29,51,1,6,-11,-1,27,30,-34,54,10,7,-11,2,30,-8,-31,51,8,10
60.4800,-11,-4,32,-5,-32,58,11,16,-12,2,29,-5,-28,41,6,7,-11,1,33,-2,-35,50,17,28,-7,7,29,-8,-36,50,-9,9,-15,1,27,-3,-33,54,9,19,0,4,27,0,-25,54,5,6,-10,1,36,32,-35,48,15,14,-9,0,28,-7,-30,56,11,12
60.5000,-11,-1,32,0,-30,57,15,19,-15,3,31,3,-28,40,5,9,-20,5,33,5,-30,51,12,28,-15,3,29,-1,-33,47,-6,14,-21,1,28,1,-29,49,12,14,-2,3,28,-3,-29,52,4,3,-5,-3,27,32,-38,50,6,8,-9,1,29,-4,-32,51,11,10
60.5200,-14,-1,29,3,-32,59,15,16,-7,4,35,1,-26,40,6,8,-20,9,29,-2,-36,52,15,24,-7,2,35,1,-28,46,-8,11,-19,-3,32,2,-27,48,9,20,0,4,30,0,-36,54,4,5,-9,-1,31,33,-35,53,9,17,-11,3,29,-5,-34,55,9,11
60.5400,-15,-5,31,-4,-28,54,14,13,-11,3,32,-2,-27,39,7,4,-16,1,33,-4,-34,54,13,27,-7,5,33,0,-30,42,-8,10,-18,-3,29,0,-32,49,10,17,3,5,34,1,-25,51,4,7,-6,-2,29,33,-37,50,10,18,-11,-5,31,-3,-32,51,13,9
60.5600,-14,-1,31,1,-30,60,20,11,-5,0,36,-5,-24,37,6,8,-19,4,36,2,-32,54,14,24,-13,4,32,0,-32,47,-7,10,-19,-1,30,0,-35,52,17,20,-2,-1,28,-6,-31,50,8,5,-8,2,29,29,-32,50,13,13,-10,-1,33,-7,-31,52,13,7
60.5800,-11,-3,36,-1,-31,57,15,17,-11,6,34,-1,-28,39,7,8,-16,6,31,2,-28,50,14,23,-9,4,30,-2,-34,45,-8,10,-19,4,27,2,-32,50,12,19,-2,3,32,4,-27,51,5,9,-6,-2,30,32,-30,52,12,17,-9,1,31,-3,-33,51,8,11
60.6000,-12,-4,36,-3,-30,54,19,16,-10,-2,34,-2,-23,35,5,9,-11,3,32,-3,-30,55,18,21,-12,2,34,-2,-33,44,-7,8,-20,7,30,2,-35,51,15,18,4,5,33,1,-30,58,6,8,-5,2,28,32,-36,54,13,13,-9,-2,31,-6,-31,53,3,12
60.6200,-16,3,36,-3,-29,56,24,16,-10,3,31,-1,-26,39,6,8,-13,4,35,-2,-36,47,13,21,-4,6,33,0,-31,44,-4,6,-19,6,33,-5,-36,46,7,13,-4,5,28,0,-34,51,6,4,-11,-2,33,32,-29,50,12,12,-14,2,32,1,-33,51,13,14
60.6400,-9,2,34,-5,-25,53,19,12,-15,2,36,-5,-30,35,10,12,-20,4,32,-3,-31,50,16,19,-9,2,35,-2,-30,48,-5,7,-12,3,31,-1,-33,48,9,16,1,5,30,-2,-34,50,5,8,-8,4,34,29,-32,50,8,18,-6,2,31,-9,-38,55,9,9
60.6600,-13,2,34,-3,-33,52,19,13,-6,6,32,-6,-27,36,5,7,-17,6,30,-4,-29,46,14,25,-10,1,30,0,-33,46,-4,7,-25,5,35,-4,-35,47,11,14,0,10,31,-2,-33,53,5,12,-9,2,30,29,-33,55,10,10,-2,3,33,-8,-32,50,8,13
60.6800,-14,5,34,-5,-30,57,18,15,-10,4,30,0,-24,40,7,8,-17,3,31,-4,-35,51,16,23,-11,-1,37,-6,-33,44,-5,11,-23,0,32,-2,-31,51,8,17,0,8,32,-2,-34,52,3,8,-14,2,31,30,-32,56,7,12,-14,4,39,-4,-28,52,12,7
60.7000,-7,4,40,-2,-33,54,20,18,-15,6,29,-7,-27,40,4,10,-16,7,32,-1,-26,47,16,24,-8,1,38,0,-39,45,-4,9,-16,2,29,-7,-31,55,12,23,1,3,32,-1,-40,50,3,6,-8,0,31,30,-34,53,13,13,-11,1,33,-6,-35,53,10,10
60.7200,-8,2,29,-5,-33,51,23,17,-15,4,28,-5,-26,37,9,16,-12,7,36,-3,-32,50,23,20,-9,1,35,-2,-36,46,-7,5,-20,5,31,-7,-31,53,12,19,-6,5,34,-5,-32,53,5,5,-14,1,28,27,-33,53,6,13,-8,5,32,-7,-36,53,10,15
60.7400,-7,-1,33,-8,-33,51,18,18,-16,11,32,-7,-27,37,8,11,-19,10,33,1,-30,50,20,26,-13,3,35,-4,-36,44,-4,8,-19,5,34,-9,-28,51,10,15,-3,9,32,-3,-30,50,2,6,-12,1,37,28,-37,52,9,11,-8,2,31,-5,-32,59,9,12
60.7600,-9,-1,30,-5,-39,54,18,12,-14,10,31,-3,-26,38,6,10,-19,6,31,4,-26,52,15,22,-15,2,32,1,-31,43,-6,8,-28,3,35,-7,-31,47,10,15,-4,6,30,-3,-30,55,2,4,-13,-1,28,36,-32,58,6,8,-10,1,29,-4,-34,48,17,9
60.7800,-9,3,31,-4,-34,55,19,19,-16,8,30,-1,-29,37,7,8,-17,5,28,-4,-28,51,19,27,-14,3,30,-1,-35,47,-2,13,-21,4,33,-5,-30,53,11,15,-1,8,32,-3,-37,52,1,2,-14,6,33,32,-33,53,10,12,-11,4,33,-6,-32,52,14,9
60.8000,-8,4,28,-7,-27,55,22,16,-15,8,32,-2,-29,36,3,12,-19,2,30,-2,-30,51,16,29,-14,7,29,1,-33,48,-5,7,-20,5,34,-4,-27,56,19,16,-2,6,37,-4,-31,50,5,9,-17,3,33,32,-34,52,2,13,-11,0,32,-6,-36,47,13,15
60.8200,-6,-2,34,-2,-33,53,18,10,-18,9,30,-4,-30,35,4,10,-15,5,34,-4,-38,53,14,24,-15,8,31,0,-36,53,-7,12,-24,5,35,-2,-29,54,16,17,-6,10,34,-7,-31,57,0,3,-17,4,32,38,-36,53,5,13,-14,0,38,-11,-34,54,11,8
60.8400,-12,0,30,-3,-29,54,24,15,-15,6,30,1,-24,45,7,16,-21,4,29,-6,-29,50,21,26,-18,5,31,-3,-39,45,-5,11,-22,8,36,0,-32,57,17,14,-1,12,38,-5,-29,58,0,5,-14,7,32,38,-35,51,13,13,-15,2,32,-6,-33,53,7,7
60.8600,-13,1,35,-9,-36,55,20,11,-8,9,34,-2,-23,48,10,16,-15,11,40,-5,-36,52,17,28,-16,5,35,-3,-32,46,-11,10,-29,6,35,-8,-27,55,15,18,-2,0,37,-5,-25,54,4,6,-15,8,30,37,-35,53,13,10,-14,6,31,-8,-35,55,11,16
60.8800,-11,3,34,-9,-37,59,26,10,-10,9,35,-6,-23,38,10,10,-18,5,36,1,-33,56,18,24,-16,7,32,0,-41,46,-3,15,-19,11,32,-5,-30,54,12,14,-4,8,36,-6,-32,56,2,5,-17,10,34,36,-34,49,10,15,-14,6,33,-9,-31,58,13,5
60.9000,-13,1,27,-4,-32,56,18,11,-12,8,32,-4,-26,40,3,6,-17,8,33,-7,-36,54,11,27,-16,1,34,-2,-35,43,-10,10,-23,8,31,-3,-34,51,17,17,-1,11,39,-4,-28,56,7,8,-15,3,34,38,-29,56,9,12,-13,6,31,-4,-30,52,11,8
60.9200,-12,1,30,-8,-30,54,16,13,-14,10,35,-7,-25,41,7,2,-17,7,31,-3,-35,51,20,25,-17,2,35,-2,-34,43,-13,11,-24,10,31,0,-26,49,13,14,1,7,31,-3,-32,57,3,7,-14,3,34,39,-38,57,7,4,-13,3,32,-8,-33,53,8,10
60.9400,-11,1,31,-1,-34,59,19,11,-13,10,34,-5,-25,41,6,8,-17,1,30,-5,-35,53,17,25,-4,6,30,-5,-34,47,-9,11,-20,11,31,4,-32,55,11,18,0,11,36,-12,-24,52,8,3,-13,6,30,42,-36,52,13,6,-12,-2,35,-7,-34,54,8,12
60.9600,-17,3,31,-7,-31,61,14,13,-10,7,29,-5,-31,43,11,4,-18,10,36,-4,-33,53,18,26,-14,11,32,-1,-37,49,-9,9,-19,3,34,-4,-34,52,13,11,-4,13,32,-4,-32,51,4,3,-10,6,29,39,-34,49,9,6,-12,5,36,-8,-34,55,12,14
60.9800,-12,0,32,-4,-37,61,18,12,-9,7,31,-6,-33,41,9,1,-18,4,34,-6,-30,54,16,20,-17,12,32,-2,-35,52,-12,10,-21,3,35,-3,-32,50,11,15,-4,13,37,-3,-34,55,5,4,-7,3,33,37,-32,55,13,10,-10,3,32,-5,-26,53,9,10
61.0000,-11,1,35,-5,-38,53,18,13,-14,4,31,-4,-24,38,7,4,-15,5,38,-2,-32,55,21,20,-15,7,35,-7,-33,49,-10,6,-22,5,31,2,-36,47,14,14,-7,4,37,-4,-30,52,3,4,-10,5,37,33,-35,53,9,10,-13,4,32,-8,-32,54,11,7
61.0200,-9,-8,32,-8,-31,59,20,11,-7,7,34,-7,-31,40,14,7,-19,6,36,-7,-29,49,18,25,-8,7,38,-7,-32,48,-11,7,-23,4,36,-5,-29,54,13,17,-2,10,40,-2,-29,50,7,-3,-6,1,34,35,-30,52,15,8,-9,4,33,-9,-27,54,10,10
61.0400,-12,5,29,-6,-31,56,19,17,-14,6,27,-5,-25,40,9,5,-17,10,33,-6,-34,55,20,20,-11,5,33,-6,-27,48,-8,9,-20,1,32,2,-27,52,12,15,4,8,30,1,-26,55,6,2,-10,2,31,30,-31,51,14,6,-11,1,35,-6,-36,54,11,12
61.0600,-9,0,32,-6,-29,51,14,14,-9,2,32,-4,-27,41,9,5,-18,4,35,-5,-35,53,16,24,-8,3,34,-5,-35,50,-5,7,-25,1,34,3,-33,52,8,11,-1,12,32,-6,-31,58,5,-1,-9,1,36,32,-31,54,15,11,-8,1,36,-10,-36,55,10,10
61.0800,-12,5,31,-2,-36,60,15,12,-14,6,35,3,-29,38,5,8,-18,9,35,-2,-32,57,18,24,-6,8,33,-7,-30,51,-9,10,-24,5,35,0,-33,52,13,11,-2,7,33,-4,-31,52,6,0,-11,-5,36,33,-29,53,14,11,-9,5,32,-8,-31,56,12,11
61.1000,-9,-2,30,-10,-31,62,17,11,-14,1,31,-5,-27,42,8,8,-16,9,40,-4,-34,51,15,23,-13,5,34,-6,-34,51,-5,8,-25,4,29,0,-37,53,16,17,0,11,32,-3,-31,52,6,-1,-9,1,34,30,-30,52,17,14,-14,0,35,-8,-31,55,9,8
61.1200,-6,-5,33,-7,-31,62,16,14,-14,0,35,-7,-32,37,9,7,-20,9,33,-1,-35,53,18,25,-10,1,30,-8,-29,52,-4,12,-24,0,34,1,-23,48,8,18,-3,9,25,0,-33,50,2,0,-13,0,34,31,-31,53,17,10,-19,-1,32,-10,-36,56,16,11
61.1400,-14,0,38,-10,-32,60,16,13,-10,2,37,-7,-32,39,11,11,-17,7,33,-4,-37,52,15,25,-7,1,34,-9,-32,49,-2,11,-19,5,33,-6,-29,51,8,15,0,5,35,-3,-35,52,5,6,-9,-3,33,28,-36,52,16,11,-11,4,30,-11,-35,53,13,10
61.1600,-13,0,30,-6,-32,59,16,15,-14,4,35,-5,-34,39,7,7,-22,10,36,-3,-32,56,15,26,-10,4,40,-2,-33,51,-5,3,-23,1,34,-5,-34,53,11,15,0,7,36,0,-33,52,14,3,-11,-2,33,32,-36,54,13,13,-7,-1,31,-7,-35,54,11,10
61.1800,-14,1,34,-7,-30,60,19,15,-10,4,37,-5,-31,34,9,8,-22,4,38,0,-31,50,16,19,-7,5,38,-2,-32,45,-2,6,-22,0,31,-6,-33,50,11,17,-1,6,32,-3,-35,48,2,3,-8,-2,31,30,-39,54,10,9,-11,-1,31,-7,-38,51,15,8
61.2000,-17,-4,31,-8,-31,63,18,12,-12,-2,37,-8,-30,43,5,11,-21,6,35,-7,-39,53,20,23,-11,7,34,-3,-32,45,-3,6,-22,2,32,-10,-35,53,18,14,-3,10,34,-4,-33,53,3,3,-11,0,37,31,-36,57,7,15,-15,1,32,-13,-39,53,13,9
61.2200,-9,-2,33,-8,-32,57,16,18,-15,5,36,-8,-29,46,8,9,-18,7,40,-5,-34,53,12,20,-9,9,37,-1,-36,45,-1,10,-23,4,37,-9,-35,48,14,14,-2,6,35,-4,-34,55,6,4,-12,4,35,31,-37,54,17,16,-12,2,34,-8,-34,54,12,8
61.2400,-12,7,34,-8,-31,61,19,17,-10,8,32,-3,-30,44,3,12,-19,8,37,-3,-35,48,18,24,-13,9,32,-4,-39,43,-5,9,-26,4,38,-8,-39,58,16,18,-2,6,38,-6,-37,52,8,7,-18,1,35,31,-37,57,10,14,-12,4,37,-10,-32,57,15,10
61.2600,-11,-2,37,-7,-35,60,20,12,-11,3,33,-9,-29,47,11,7,-21,7,35,-3,-35,49,19,23,-11,4,35,-6,-34,49,-1,13,-18,10,30,-9,-36,53,11,18,-7,9,31,-2,-38,52,6,4,-17,-1,39,29,-39,61,5,15,-11,2,36,-9,-39,56,12,10
61.2800,-16,0,36,-9,-28,55,19,15,-16,5,33,-11,-27,42,7,8,-13,8,27,-5,-32,52,18,26,-13,8,33,-7,-35,47,-7,12,-22,4,33,-5,-34,56,10,20,-1,10,39,-5,-35,55,4,4,-11,3,36,30,-39,59,12,14,-17,0,30,-8,-35,54,11,13
61.3000,-15,2,38,-3,-34,58,19,16,-12,6,35,-6,-30,45,9,10,-20,4,30,-3,-33,51,17,24,-15,11,32,-5,-36,47,-7,10,-22,7,35,-6,-33,50,14,18,-2,12,38,-6,-31,58,4,3,-8,2,39,34,-37,55,10,11,-10,-1,33,-9,-35,54,13,11
61.3200,-17,7,39,-5,-40,56,19,18,-14,8,35,-8,-29,45,5,13,-20,5,38,-4,-34,51,15,25,-13,4,36,1,-36,46,-2,10,-21,12,35,-6,-33,58,15,16,-3,13,37,-5,-29,59,6,0,-14,2,36,31,-34,59,7,8,-11,6,31,-7,-35,53,12,12
61.3400,-13,0,40,-9,-33,59,21,13,-13,11,34,-8,-27,44,12,10,-24,7,33,-6,-33,51,18,25,-13,8,33,-1,-34,44,-1,9,-22,7,37,-8,-35,54,7,11,-4,11,35,-10,-34,60,1,13,-16,6,38,29,-38,61,8,13,-9,4,31,-8,-37,52,12,11
61.3600,-11,0,35,-5,-30,53,20,15,-15,8,38,-10,-27,50,6,10,-16,5,35,-6,-37,51,16,26,-14,6,36,1,-33,47,-5,10,-24,5,38,-4,-37,53,12,14,-3,9,36,-10,-35,56,2,4,-15,7,36,30,-43,59,8,11,-10,1,33,-7,-32,53,11,13
61.3800,-14,4,39,-8,-30,57,20,18,-20,13,36,-8,-30,42,10,8,-21,4,36,-3,-36,52,14,23,-13,7,34,-7,-36,52,-2,7,-27,7,36,-4,-32,58,10,11,-6,12,34,-5,-34,54,4,1,-15,3,34,30,-34,59,7,12,-6,3,32,-7,-35,54,14,13
61.4000,-8,-2,33,-6,-36,56,20,13,-13,8,34,-10,-25,43,3,15,-21,10,32,-8,-35,54,16,23,-13,9,32,1,-33,48,-4,9,-22,6,37,-3,-37,56,13,13,-2,12,31,-6,-39,61,1,9,-11,5,35,31,-33,55,8,10,-15,0,36,-10,-35,55,12,9
61.4200,-12,-1,31,-6,-31,54,23,9,-15,9,37,-3,-23,46,9,14,-24,7,36,-7,-31,49,15,24,-16,5,35,-2,-35,38,-9,8,-25,5,30,-6,-30,52,12,11,-3,13,35,-7,-33,57,8,4,-14,9,37,33,-35,59,6,12,-10,2,34,-8,-33,56,12,9
61.4400,-12,-1,28,-1,-30,56,20,11,-13,12,36,-6,-24,46,15,9,-20,5,36,-3,-37,55,19,21,-15,2,36,2,-33,48,-7,8,-22,4,35,-6,-32,52,11,15,-3,12,36,-3,-29,56,1,2,-17,1,30,29,-33,56,11,11,-12,3,32,-5,-33,57,14,8
61.4600,-18,-6,31,-1,-32,54,19,9,-16,9,35,-2,-24,41,5,14,-20,7,31,-4,-34,52,20,22,-17,8,34,-5,-32,49,-7,9,-23,1,39,-6,-32,54,12,12,-1,12,32,-6,-30,57,3,2,-14,7,33,30,-40,62,11,8,-15,6,31,-10,-35,53,10,7
61.4800,-13,0,32,-8,-35,55,22,10,-17,12,34,-4,-28,41,7,8,-21,5,34,-3,-31,46,20,20,-19,11,34,-5,-36,48,-11,5,-24,1,36,-1,-35,52,14,12,0,13,36,0,-30,58,5,-1,-14,1,32,33,-35,54,5,7,-12,6,33,-12,-31,50,14,10
61.5000,-11,-2,31,-4,-34,57,20,9,-14,6,36,-7,-25,45,10,4,-21,5,36,-8,-32,59,15,24,-19,3,34,-3,-36,55,-8,9,-22,0,36,1,-33,55,12,14,0,21,36,-5,-29,57,4,3,-15,1,31,33,-38,59,13,10,-12,3,30,-6,-31,55,13,11
61.5200,-14,-4,30,-6,-38,58,17,13,-12,12,38,-3,-24,43,12,7,-17,5,33,-7,-33,49,18,19,-17,5,32,-2,-33,49,-8,8,-21,6,41,4,-37,53,16,13,-2,16,32,1,-30,54,1,2,-10,4,29,31,-30,54,12,9,-19,6,34,-10,-39,53,15,9
61.5400,-14,2,35,-4,-35,60,19,16,-12,10,35,-4,-28,41,13,7,-18,12,39,-3,-36,49,17,25,-15,9,38,-2,-34,49,-8,4,-27,6,37,-3,-41,52,15,11,0,14,32,-1,-34,55,6,5,-10,8,36,36,-38,56,12,5,-13,3,34,-7,-36,57,18,9
61.5600,-14,1,35,-10,-33,57,22,13,-9,9,32,-4,-30,37,9,2,-17,11,34,-4,-36,55,19,22,-14,4,35,-6,-33,51,-4,7,-27,7,35,-6,-36,51,13,14,-2,15,39,-5,-35,55,8,4,-13,3,32,35,-33,54,12,8,-15,10,32,-9,-33,54,10,7
61.5800,-16,-1,31,-7,-39,59,22,12,-14,12,34,-4,-28,40,13,9,-21,10,39,-7,-32,51,14,22,-16,3,27,-7,-32,50,-9,11,-21,10,38,-8,-38,48,6,13,-1,9,38,-5,-31,55,6,1,-8,3,33,35,-34,51,11,14,-11,5,35,-8,-35,56,9,10
61.6000,-10,2,37,-7,-32,58,16,8,-12,6,35,-1,-34,38,7,10,-22,9,35,-8,-36,50,15,19,-11,3,29,-4,-39,52,-3,13,-18,3,35,-3,-34,50,15,13,2,10,35,-5,-36,51,6,-4,-11,4,35,35,-35,51,18,11,-14,5,34,-10,-35,58,12,11
61.6200,-15,3,28,-9,-36,62,21,14,-8,6,32,-3,-32,40,13,9,-21,8,41,-6,-39,51,22,24,-10,0,35,-8,-35,50,-5,12,-25,4,36,-8,-39,49,14,13,1,8,37,-3,-29,55,2,5,-9,0,29,32,-37,50,14,10,-13,5,32,-8,-38,49,16,8
61.6400,-10,0,33,-8,-30,61,18,11,-7,7,35,-3,-33,37,10,6,-18,13,36,-4,-32,52,22,21,-11,9,35,-10,-34,50,0,4,-22,4,32,-4,-34,53,17,12,-3,12,36,-2,-35,57,3,4,-12,-2,33,35,-40,55,16,9,-14,1,29,-9,-35,54,12,2
61.6600,-14,2,37,-10,-34,60,23,15,-10,3,37,-5,-32,38,10,8,-23,6,38,-5,-37,55,20,25,-16,11,32,-10,-33,49,-4,8,-16,4,37,-5,-32,52,10,15,1,9,35,0,-33,52,9,4,-12,5,37,34,-36,50,17,8,-17,5,37,-12,-39,54,12,9
61.6800,-11,3,35,-12,-36,60,21,14,-12,7,28,-8,-28,45,10,5,-18,8,34,2,-34,54,16,27,-10,13,32,-4,-38,47,-2,12,-24,6,36,-6,-32,52,10,14,1,12,39,-8,-29,50,10,4,-10,4,39,36,-33,54,9,4,-11,6,32,-8,-37,55,14,8
61.7000,-15,0,37,-10,-32,58,23,11,-15,5,36,-4,-34,38,6,9,-15,5,33,-1,-34,51,16,26,-10,5,34,-8,-36,51,3,11,-21,4,29,-3,-35,48,9,14,-1,11,37,-5,-32,53,6,4,-14,7,31,32,-37,53,13,13,-13,2,35,-4,-37,52,8,7
61.7200,-9,3,36,-14,-39,60,15,11,-14,5,35,-10,-35,45,7,9,-17,2,39,-7,-39,50,16,24,-10,8,37,-5,-37,54,-5,8,-22,0,36,-8,-31,56,11,12,-1,10,38,-4,-40,52,12,3,-14,0,36,29,-40,55,12,14,-19,4,35,-9,-37,56,14,8
61.7400,-12,5,38,-11,-33,60,19,15,-13,8,35,-4,-31,44,8,4,-17,8,40,-4,-39,51,18,20,-17,10,37,-8,-41,50,-6,11,-19,5,32,-8,-28,59,11,12,2,9,32,-3,-37,48,4,0,-12,1,34,27,-40,53,11,11,-13,0,36,-14,-43,56,14,12
61.7600,-11,2,35,-13,-35,65,25,13,-11,3,36,-8,-30,43,11,6,-16,8,37,-7,-36,52,15,23,-14,6,36,-5,-35,50,0,8,-24,5,35,-3,-35,51,12,14,4,8,36,-6,-34,52,7,6,-14,2,38,33,-40,52,15,13,-16,8,36,-11,-39,51,11,10
61.7800,-18,0,37,-10,-39,63,22,13,-18,3,37,-5,-38,43,5,10,-17,12,36,-1,-35,49,19,20,-13,8,38,-7,-37,55,3,9,-22,1,32,-7,-37,53,12,14,0,12,34,-7,-33,51,12,5,-11,1,35,34,-37,54,10,14,-16,5,32,-9,-39,57,15,6
61.8000,-13,0,39,-12,-40,67,22,15,-16,8,36,-9,-34,46,6,9,-18,9,32,-1,-37,48,21,23,-15,6,37,-5,-42,45,-3,11,-23,6,36,-8,-34,56,12,13,-3,12,32,-5,-37,50,7,5,-17,0,37,32,-37,54,10,12,-15,4,34,-11,-37,56,12,15
61.8200,-17,3,32,-6,-35,57,19,17,-16,2,38,-10,-33,42,8,9,-22,3,30,-5,-36,54,19,21,-17,8,42,-6,-35,50,-5,8,-30,4,37,-4,-32,56,13,13,2,7,34,-4,-30,52,9,3,-15,1,36,26,-40,58,9,10,-23,4,36,-11,-37,54,11,7
61.8400,-14,-4,34,-11,-35,61,19,17,-15,6,37,-13,-32,45,8,12,-20,8,38,-5,-37,52,17,28,-17,7,36,-6,-32,50,-2,18,-23,4,36,-7,-37,54,12,14,-2,13,32,-6,-34,55,9,6,-12,6,36,36,-36,53,9,9,-20,3,37,-11,-36,57,13,9
61.8600,-15,3,40,-15,-32,62,18,12,-17,13,42,-6,-33,48,5,6,-23,9,35,-6,-33,48,17,21,-18,7,35,-6,-37,41,-3,8,-27,2,38,-5,-35,52,9,12,-4,12,35,-2,-37,55,6,-1,-16,0,36,30,-42,53,13,14,-19,1,35,-7,-36,54,14,11
61.8800,-13,0,38,-11,-36,64,16,14,-14,10,35,-8,-34,46,9,7,-16,3,36,-6,-34,52,16,27,-16,5,34,-7,-38,47,-5,8,-26,6,38,-7,-30,58,17,19,-2,11,36,-11,-35,59,8,5,-10,1,37,28,-39,59,10,9,-17,4,34,-9,-34,53,13,9
61.9000,-14,-1,40,-9,-39,64,30,21,-19,12,34,-11,-33,46,13,12,-21,8,35,-4,-38,54,19,25,-15,7,36,-7,-34,48,-2,10,-22,5,33,-9,-34,56,14,15,-5,15,36,-9,-27,57,8,4,-15,4,37,25,-41,62,12,13,-13,-1,33,-10,-37,60,9,18
61.9200,-15,4,34,-7,-33,60,26,19,-15,9,35,-10,-32,50,5,12,-24,8,39,-7,-34,55,17,24,-19,10,34,-10,-37,52,-4,10,-21,11,39,-10,-35,56,14,13,-2,9,39,-10,-32,61,3,5,-14,4,35,24,-34,57,9,11,-13,6,33,-13,-33,61,10,16
61.9400,-17,7,38,-6,-35,62,21,9,-17,11,37,-9,-31,46,4,8,-23,10,37,-8,-35,52,18,24,-13,5,35,-10,-34,50,0,7,-25,12,36,-7,-34,57,7,14,-4,10,34,-14,-36,58,10,6,-14,4,36,27,-34,62,8,6,-13,4,37,-9,-37,55,10,10
61.9600,-19,3,28,-8,-35,60,20,16,-14,8,34,-5,-29,48,5,7,-23,8,36,-5,-37,56,16,24,-14,9,34,-9,-38,49,-2,4,-23,4,38,-6,-40,56,12,14,1,18,37,-7,-38,58,7,6,-17,9,40,26,-38,56,8,11,-15,10,38,-8,-34,54,14,13
61.9800,-17,1,33,-9,-35,66,22,9,-18,8,36,-6,-29,47,6,11,-19,8,33,-8,-37,52,14,24,-11,8,35,-9,-38,51,-3,9,-29,5,36,0,-38,53,13,12,-4,20,32,-6,-40,60,6,3,-20,4,36,30,-37,57,11,11,-13,7,38,-11,-40,56,9,8
62.0000,-16,0,37,-6,-36,62,19,6,-14,14,36,-9,-38,44,8,6,-20,10,37,-7,-28,59,16,22,-14,7,33,-12,-38,50,1,2,-22,11,37,-4,-39,58,13,9,-1,17,43,-8,-34,55,2,1,-16,2,33,30,-36,60,17,10,-15,7,35,-10,-41,60,10,7
62.0200,-16,2,39,-5,-35,58,22,11,-16,7,34,-11,-26,45,7,6,-20,13,32,-1,-33,54,13,23,-17,11,34,-10,-34,51,-5,4,-24,2,38,-6,-34,53,7,8,-5,18,38,-8,-32,59,6,0,-15,4,36,24,-35,62,16,15,-15,8,33,-11,-34,61,15,8
62.0400,-17,1,33,-10,-34,59,24,14,-17,12,40,-2,-29,50,10,6,-22,7,37,-6,-38,56,15,18,-16,6,32,-10,-35,47,-7,12,-25,-1,34,-5,-37,54,13,11,-2,18,41,-8,-31,58,6,1,-13,3,35,27,-35,53,8,6,-18,4,41,-14,-37,57,9,8
62.0600,-21,-1,35,-7,-32,59,20,9,-20,9,33,-10,-31,38,11,7,-22,10,37,-11,-38,58,20,18,-18,7,37,-9,-33,49,-7,7,-25,3,39,-9,-41,56,14,10,-5,14,36,-7,-30,58,-1,4,-14,5,34,30,-36,60,13,12,-13,2,37,-10,-37,57,12,8
62.0800,-14,3,38,-10,-33,58,19,9,-16,6,35,-4,-27,44,10,10,-23,14,44,-7,-37,55,15,21,-12,6,37,-8,-32,53,-4,6,-23,2,37,-9,-32,54,12,13,-2,14,39,-5,-30,59,4,0,-12,4,38,28,-37,59,12,11,-14,2,32,-11,-36,55,13,9
62.1000,-13,0,36,-7,-34,63,20,10,-18,6,33,-6,-28,43,13,6,-22,9,40,-1,-34,58,17,23,-13,7,40,-6,-33,53,-4,8,-23,5,38,-7,-37,57,12,11,-1,18,40,-2,-31,59,1,3,-10,2,33,27,-36,60,14,7,-13,6,36,-14,-37,64,12,8
62.1200,-19,3,33,-11,-34,61,18,9,-20,8,35,-1,-30,46,13,4,-15,9,32,-5,-32,56,18,21,-10,9,38,-5,-33,53,-4,11,-22,7,31,-4,-35,56,12,9,-2,14,38,-7,-26,59,5,3,-12,8,34,30,-37,58,12,10,-13,4,36,-9,-35,56,15,8
62.1400,-17,4,32,-9,-34,57,21,13,-19,8,39,-10,-30,45,12,8,-16,9,33,-5,-37,56,16,25,-19,7,36,-5,-38,52,-2,9,-27,7,33,-8,-38,55,13,14,-2,18,33,-7,-34,54,5,2,-15,10,34,33,-31,60,16,8,-11,4,38,-11,-35,56,16,9
62.1600,-10,-1,35,-10,-32,56,20,12,-13,12,41,-7,-25,47,10,6,-20,6,35,-8,-38,58,21,19,-14,10,41,-10,-36,53,-7,6,-29,4,33,-9,-41,55,14,16,1,15,41,-5,-36,58,4,3,-6,2,40,32,-28,60,14,8,-10,3,36,-11,-39,60,13,9
62.1800,-15,-2,32,-6,-35,57,24,9,-14,11,35,-5,-27,40,9,7,-23,6,33,-8,-36,55,16,21,-13,8,35,-9,-36,52,-3,5,-23,-2,36,-6,-35,54,13,13,-3,12,39,-7,-37,55,6,2,-5,5,35,30,-35,57,12,10,-17,3,32,-10,-39,57,14,9
62.2000,-16,1,34,-9,-38,64,27,15,-10,9,36,-10,-27,44,11,10,-21,8,37,-8,-39,58,19,20,-8,12,34,-8,-35,51,-6,12,-25,2,37,-7,-36,53,11,15,-4,14,36,-6,-31,57,9,1,-9,3,37,30,-40,54,13,10,-13,7,36,-11,-39,55,11,11
62.2200,-19,-1,32,-13,-39,61,19,17,-13,9,33,-11,-32,45,14,4,-22,11,33,-7,-35,54,16,26,-13,7,35,-10,-38,56,-1,7,-28,4,38,-5,-35,55,13,11,-5,18,35,-6,-31,57,6,5,-17,7,30,36,-40,58,10,11,-16,4,33,-11,-34,56,14,12
62.2400,-13,1,35,-9,-32,62,24,11,-13,6,36,-5,-28,46,10,5,-18,11,33,-7,-34,52,18,24,-11,8,38,-12,-31,53,-5,13,-24,6,34,-3,-34,51,10,12,-5,16,33,-7,-37,58,6,-2,-15,6,36,33,-39,56,20,9,-11,5,33,-10,-38,59,12,11
62.2600,-12,-3,38,-7,-38,59,23,12,-14,6,36,-5,-35,49,13,8,-23,8,36,-3,-39,51,15,25,-12,7,34,-4,-36,45,-2,7,-23,1,38,-9,-31,52,14,12,0,14,33,-7,-35,60,11,0,-10,3,39,29,-35,57,14,8,-12,5,36,-12,-36,57,13,8
62.2800,-15,3,35,-13,-34,60,19,14,-12,7,36,-9,-31,48,12,11,-23,5,37,-10,-40,57,17,22,-10,5,36,-7,-45,50,-3,8,-26,6,31,-8,-36,55,13,7,-3,16,34,-10,-31,58,6,6,-11,3,35,30,-37,57,14,13,-17,3,37,-12,-41,59,15,9
62.3000,-13,2,35,-8,-40,60,25,16,-13,8,35,-10,-30,46,10,6,-20,7,36,-8,-38,50,15,23,-18,11,36,-5,-36,51,-3,7,-28,6,35,-5,-37,52,14,9,-3,16,33,-8,-33,60,8,6,-13,1,34,30,-41,57,15,12,-11,8,33,-13,-42,54,17,5
62.3200,-12,4,37,-9,-37,62,19,15,-13,6,32,-10,-31,47,12,9,-19,11,37,-9,-30,53,18,23,-13,10,36,-10,-37,48,-1,10,-25,5,34,-8,-32,50,12,12,-6,15,36,-11,-42,52,11,4,-11,2,34,30,-39,56,10,8,-12,10,37,-14,-40,55,18,7
62.3400,-13,-2,37,-12,-39,62,23,11,-12,8,35,-7,-33,47,8,6,-21,4,36,-11,-32,52,23,23,-15,11,41,-4,-37,44,-8,14,-26,4,31,-5,-34,48,9,16,-2,17,33,-7,-29,57,8,1,-16,5,37,30,-40,54,13,11,-11,5,38,-11,-37,59,8,8
62.3600,-14,3,33,-12,-34,61,23,14,-13,5,40,-7,-37,49,8,8,-24,4,34,-6,-36,52,16,26,-8,9,33,-9,-38,49,-8,9,-31,3,35,-9,-40,56,13,7,-2,14,33,-9,-32,56,4,5,-16,1,40,31,-33,56,13,10,-15,5,38,-10,-41,58,14,8
62.3800,-17,0,35,-8,-37,63,15,16,-11,9,32,-10,-40,50,9,10,-26,7,37,-9,-35,50,18,28,-19,9,38,-10,-38,50,-6,10,-31,2,36,-11,-34,56,12,11,-1,16,31,-11,-37,55,8,5,-14,4,35,32,-37,56,10,10,-15,7,38,-6,-36,57,14,6
62.4000,-10,0,39,-11,-40,63,20,18,-13,10,33,-11,-32,48,8,10,-21,4,35,-7,-30,58,15,20,-16,8,38,-8,-36,52,-2,9,-25,3,35,-13,-30,57,11,9,-2,18,36,-6,-34,60,9,-3,-14,3,34,29,-33,58,14,10,-18,7,38,-7,-39,57,12,9
62.4200,-15,-1,37,-14,-40,70,21,18,-11,7,39,-9,-36,45,5,8,-20,11,31,-5,-38,52,14,26,-16,9,39,-7,-37,48,-3,17,-25,10,44,-11,-40,59,15,10,-3,16,32,-6,-34,56,6,2,-14,6,39,28,-38,64,10,12,-15,11,37,-11,-40,61,19,10
62.4400,-16,-4,35,-6,-38,68,24,13,-12,11,39,-11,-36,50,5,10,-24,6,37,-2,-41,55,19,23,-17,4,41,-9,-31,47,-3,10,-31,4,34,-7,-33,53,12,10,-6,10,39,-9,-30,55,6,-3,-14,2,34,29,-44,61,15,11,-11,4,29,-12,-41,60,11,4
62.4600,-17,1,42,-9,-32,67,19,12,-15,7,41,-7,-35,50,2,8,-26,8,33,-3,-37,56,14,19,-15,11,33,-5,-32,47,-8,10,-24,8,37,-11,-34,55,15,7,0,12,36,-9,-29,60,6,6,-11,4,37,33,-35,61,13,12,-17,5,33,-11,-37,57,16,9
62.4800,-18,0,38,-7,-38,66,20,17,-14,11,43,-6,-34,53,6,11,-26,4,33,-6,-35,53,15,24,-15,10,34,-10,-33,51,-5,3,-28,3,38,-8,-35,58,13,16,-6,15,35,-10,-33,63,4,-3,-17,6,36,26,-33,57,13,11,-20,5,33,-9,-37,63,13,9
62.5000,-14,0,37,-11,-35,62,17,13,-17,10,42,-11,-34,52,5,6,-24,8,34,-5,-36,52,18,20,-16,10,33,-9,-36,51,1,10,-28,8,36,-8,-39,53,13,11,-2,14,35,-7,-32,62,4,2,-16,3,37,33,-41,56,11,11,-18,5,35,-11,-38,58,13,11
62.5200,-18,1,34,-11,-36,62,24,14,-13,6,38,-8,-35,49,9,9,-31,11,36,-6,-34,55,20,20,-14,9,40,-4,-37,49,-3,10,-27,7,36,-5,-37,52,14,6,-1,14,37,-10,-32,60,8,-1,-18,8,37,33,-38,57,7,8,-18,6,34,-9,-41,55,13,7
62.5400,-23,2,38,-15,-32,65,21,15,-15,10,40,-5,-31,54,7,8,-22,11,36,-8,-38,59,19,25,-16,13,39,-5,-35,52,-2,8,-28,8,37,-11,-36,59,14,14,0,12,33,-8,-33,57,8,6,-16,5,39,25,-37,61,9,8,-20,9,36,-8,-37,61,11,11
62.5600,-18,0,33,-11,-34,66,27,9,-14,10,37,-4,-30,53,7,10,-29,5,43,-11,-39,55,24,18,-11,13,36,-8,-37,55,-6,12,-23,11,32,-8,-39,57,13,13,-1,14,37,-11,-32,62,8,-3,-18,5,36,27,-46,61,12,13,-17,5,39,-8,-41,62,14,6
62.5800,-18,0,37,-17,-34,61,23,10,-16,13,40,-4,-30,56,10,13,-24,4,36,-10,-32,51,18,22,-15,12,36,-10,-37,57,-4,7,-28,10,36,-13,-39,51,9,12,-4,20,40,-11,-33,55,6,9,-16,7,37,28,-38,65,13,3,-14,9,38,-13,-34,60,10,6
62.6000,-20,6,38,-8,-34,64,20,13,-23,6,37,-4,-29,46,12,8,-27,4,37,-11,-34,56,21,23,-16,9,36,-12,-32,53,-2,10,-26,2,39,-9,-34,51,12,10,-5,19,38,-5,-31,60,6,5,-16,9,34,25,-32,61,8,6,-15,-1,37,-14,-34,57,14,11
62.6200,-16,3,38,-13,-32,62,20,12,-20,15,37,-12,-30,51,11,10,-24,8,37,-6,-33,53,18,20,-14,11,33,-11,-40,52,-2,8,-28,-1,39,-5,-39,57,10,12,1,20,40,-12,-32,56,10,6,-14,7,37,22,-34,59,8,6,-18,10,39,-12,-37,56,12,4
62.6400,-22,2,35,-10,-38,59,22,11,-12,6,37,-4,-31,51,13,11,-23,8,39,-3,-33,53,20,22,-13,12,35,-10,-34,57,-2,4,-29,6,37,-6,-35,55,11,14,-3,17,35,-6,-32,53,6,1,-16,5,37,24,-34,57,11,5,-15,6,37,-12,-36,57,10,10
62.6600,-15,8,34,-9,-35,61,20,11,-14,8,37,-5,-29,48,15,3,-24,10,40,-11,-31,53,16,19,-16,12,34,-8,-33,51,1,11,-26,8,32,-16,-38,59,12,10,3,18,33,-5,-32,56,5,0,-17,8,40,24,-36,53,12,6,-18,10,40,-12,-32,57,12,9
62.6800,-18,3,37,-12,-34,61,23,12,-17,7,39,-13,-28,44,14,6,-27,6,35,-11,-30,52,15,19,-14,4,39,-9,-32,53,-1,11,-27,8,31,-10,-37,53,14,9,2,24,36,-6,-35,55,1,2,-10,6,35,26,-34,58,8,11,-12,13,36,-12,-37,59,9,5
62.7000,-10,5,34,-9,-37,65,22,12,-12,5,38,-7,-31,48,9,7,-22,13,38,-8,-39,54,14,24,-10,10,42,-7,-37,48,-1,9,-27,8,36,-11,-35,56,10,8,-4,17,40,-4,-35,56,4,4,-13,3,38,31,-36,58,13,8,-13,8,37,-10,-41,57,13,10
62.7200,-15,3,35,-9,-42,62,21,7,-13,9,37,-9,-29,48,13,15,-27,10,40,-7,-38,46,14,21,-11,10,35,-12,-38,54,-3,11,-25,5,32,-8,-39,59,15,11,-7,17,40,-16,-39,64,4,1,-14,10,34,27,-36,58,17,8,-18,6,34,-8,-31,55,11,11
62.7400,-20,1,37,-14,-35,67,23,12,-16,8,35,-13,-33,49,11,7,-26,3,39,-8,-33,54,20,20,-12,8,36,-10,-38,54,-5,6,-24,6,39,-3,-40,52,15,10,-2,22,39,-12,-36,58,5,-1,-11,7,40,29,-44,61,17,11,-14,5,34,-11,-35,62,7,8
62.7600,-19,3,38,-10,-34,62,23,8,-17,5,39,-7,-28,45,10,8,-23,11,42,-7,-43,56,15,22,-16,11,33,-10,-36,53,-3,9,-22,3,36,-9,-37,53,16,6,0,19,37,-8,-37,55,11,2,-13,3,35,29,-37,55,17,7,-13,5,33,-12,-37,60,14,6
62.7800,-19,2,39,-8,-38,58,19,7,-16,11,34,-6,-31,54,12,5,-21,9,40,-13,-41,54,19,23,-15,5,32,-11,-41,55,-1,10,-27,3,34,-6,-41,55,12,14,0,22,31,-8,-34,57,9,2,-13,5,37,29,-37,57,12,4,-15,4,35,-12,-37,59,15,7
62.8000,-10,5,36,-12,-37,64,23,11,-20,11,31,-7,-32,45,11,8,-23,7,35,-11,-42,56,18,23,-13,9,39,-5,-36,54,-1,9,-24,0,41,-9,-40,58,9,13,-1,21,36,-8,-37,54,7,1,-13,11,37,23,-39,58,12,8,-10,5,37,-14,-38,60,13,8
62.8200,-16,1,41,-10,-40,69,28,12,-16,8,42,-9,-35,47,14,7,-27,8,40,-7,-43,54,19,20,-11,5,40,-9,-44,53,2,10,-19,4,37,-11,-36,57,12,6,4,24,36,-8,-36,56,15,5,-13,6,32,27,-39,60,12,12,-12,7,31,-14,-38,59,15,7
62.8400,-18,3,36,-8,-40,66,25,8,-15,9,37,-9,-32,46,16,5,-25,9,35,-5,-36,58,18,21,-18,11,40,-7,-41,53,-5,10,-26,6,37,-7,-35,59,15,7,1,17,33,-5,-38,55,10,6,-15,2,38,31,-43,59,14,6,-16,3,37,-11,-38,59,11,11
62.8600,-18,-1,37,-11,-39,63,29,13,-18,3,34,-7,-34,53,13,9,-23,12,38,-7,-39,54,25,21,-11,13,41,-2,-40,51,-2,7,-26,1,42,-5,-35,60,13,15,-1,21,41,-8,-40,55,9,0,-16,4,33,30,-41,59,12,10,-17,2,39,-10,-41,58,14,8
62.8800,-17,1,36,-13,-32,63,26,13,-14,4,39,-11,-31,51,14,4,-30,9,39,-9,-33,54,19,26,-15,13,42,-13,-42,51,-3,7,-26,9,32,-8,-40,57,17,8,-1,18,47,-8,-42,55,9,5,-14,5,35,33,-39,59,18,11,-16,6,40,-15,-42,62,17,10
62.9000,-21,-3,37,-10,-39,64,22,16,-22,8,38,-11,-35,54,11,7,-29,7,40,-5,-36,62,20,17,-15,8,38,-5,-38,48,-9,9,-24,1,41,-7,-46,57,16,12,1,21,39,-7,-37,57,10,-1,-12,0,38,28,-42,63,14,13,-11,10,33,-14,-38,64,15,16
62.9200,-12,3,37,-11,-40,66,27,15,-17,5,35,-10,-38,53,13,2,-29,8,38,-10,-36,56,24,20,-16,10,31,-8,-39,48,-4,7,-23,0,36,-11,-38,57,11,9,1,20,36,-7,-38,59,8,4,-18,1,43,26,-41,60,11,5,-12,1,30,-15,-42,59,15,17
62.9400,-21,1,38,-11,-39,59,25,10,-17,8,37,-11,-28,50,12,5,-30,9,38,-7,-35,58,19,22,-14,10,39,-14,-40,51,-12,7,-26,5,37,-11,-33,59,17,11,1,14,39,-10,-31,53,11,2,-13,6,34,22,-38,58,11,11,-16,5,35,-15,-42,60,16,6
62.9600,-18,1,36,-9,-32,66,24,15,-15,8,32,-10,-36,52,15,7,-26,6,37,-7,-38,53,20,24,-17,11,40,-6,-42,52,-3,4,-28,3,45,-6,-39,55,13,10,-1,15,40,-8,-37,58,10,4,-15,0,35,25,-39,61,12,13,-17,8,36,-13,-41,58,13,6
62.9800,-11,4,34,-14,-38,68,20,16,-18,7,38,-10,-35,53,11,4,-24,9,36,-11,-33,51,22,29,-18,12,40,-7,-34,48,-3,7,-25,4,36,-10,-43,61,17,2,-1,17,36,-7,-36,60,12,1,-12,2,39,27,-34,58,15,11,-17,7,36,-12,-40,60,15,4
63.0000,-18,-2,37,-9,-41,63,21,16,-15,10,39,-12,-37,49,12,4,-27,6,38,-7,-40,56,16,25,-13,11,33,-6,-38,48,-4,12,-30,2,39,-11,-35,59,17,10,-3,23,31,-8,-36,54,9,4,-14,7,36,24,-38,61,12,13,-14,8,36,-14,-40,60,16,10
63.0200,-23,2,36,-10,-37,63,21,15,-15,12,34,-10,-36,53,15,5,-25,9,42,-7,-35,56,22,19,-12,12,40,-8,-37,43,-8,10,-31,0,34,-8,-34,56,13,7,3,20,34,-9,-40,54,11,-3,-16,4,35,28,-38,64,12,10,-17,1,36,-13,-38,63,13,11
63.0400,-21,0,35,-14,-40,69,21,8,-16,6,36,-8,-34,55,10,9,-27,5,31,-11,-38,58,16,20,-18,10,37,-7,-33,51,-10,9,-23,6,37,-14,-42,60,12,5,-1,20,40,-12,-37,56,8,-1,-12,8,38,23,-39,62,16,7,-22,5,40,-9,-39,61,15,13
63.0600,-20,6,36,-11,-41,65,21,15,-16,5,38,-13,-36,50,9,4,-23,6,37,-5,-33,60,18,18,-13,14,33,-5,-38,51,-2,10,-27,4,37,-8,-39,56,10,12,-2,21,35,-12,-35,61,15,2,-15,7,41,27,-42,58,10,5,-16,8,40,-11,-34,58,13,10
63.0800,-17,2,33,-10,-36,67,15,14,-17,10,37,-9,-34,47,2,14,-25,8,35,-13,-36,57,19,18,-15,11,36,-2,-37,52,-8,11,-28,-1,36,-9,-33,54,14,9,2,14,41,-11,-33,66,11,0,-13,5,37,26,-34,63,15,13,-19,6,40,-14,-38,53,20,8
63.1000,-18,-1,33,-7,-40,61,20,9,-17,2,40,-10,-32,49,11,4,-27,12,35,-11,-37,52,17,20,-15,8,43,-4,-37,54,-4,8,-25,6,31,-8,-36,59,12,13,-2,19,41,-10,-34,58,11,4,-19,5,34,25,-39,63,16,13,-13,7,37,-12,-42,62,14,9
63.1200,-20,-6,37,-8,-38,67,18,17,-14,10,36,-5,-29,51,8,8,-29,8,37,-2,-36,55,17,19,-9,13,33,-8,-38,55,1,10,-31,8,37,-10,-40,57,12,12,0,15,34,-12,-33,61,12,5,-11,1,35,26,-40,64,15,3,-12,3,36,-9,-40,60,19,9
63.1400,-17,0,39,-7,-40,70,19,12,-15,13,39,-8,-34,53,8,9,-25,9,38,-14,-38,59,23,22,-13,16,39,-9,-36,51,-1,9,-29,1,39,-4,-43,57,7,11,4,19,39,-18,-28,57,8,6,-10,5,35,23,-37,61,16,7,-13,6,33,-12,-36,57,9,6
63.1600,-20,-1,43,-11,-45,67,18,14,-13,15,35,-9,-36,48,10,5,-28,8,35,-8,-36,58,17,18,-12,8,34,-8,-37,51,-4,9,-28,5,41,-6,-37,55,10,11,-1,16,36,-14,-36,68,11,7,-10,6,35,24,-41,63,9,6,-20,2,43,-15,-45,56,14,11
63.1800,-16,0,40,-14,-44,73,19,11,-16,12,36,-6,-37,49,7,7,-28,5,35,-11,-39,54,16,16,-14,14,36,-9,-38,52,-1,13,-33,0,35,-4,-40,53,12,12,-3,17,37,-13,-37,58,11,6,-14,5,39,21,-40,66,19,3,-16,6,35,-8,-37,62,17,12
63.2000,-17,4,34,-8,-39,65,23,10,-17,10,41,-10,-37,50,10,9,-24,10,36,-14,-34,53,20,22,-9,12,36,-9,-39,52,0,11,-27,4,41,-3,-37,52,15,2,-2,19,42,-12,-33,61,10,4,-12,9,41,23,-35,61,11,4,-11,4,39,-16,-36,64,15,8
63.2200,-15,7,38,-12,-39,75,18,7,-20,12,41,-9,-32,47,10,7,-30,6,35,-8,-36,55,18,24,-9,9,35,-8,-38,53,-5,5,-28,8,40,-9,-40,54,12,7,-3,19,38,-7,-36,55,6,4,-14,4,37,21,-36,62,14,5,-17,2,41,-14,-34,61,17,3
63.2400,-15,5,33,-12,-31,62,17,12,-14,8,38,-11,-32,48,12,7,-27,6,38,-6,-32,58,21,18,-11,8,39,-10,-39,55,-5,4,-25,5,40,-5,-41,60,15,9,-5,20,34,-11,-31,63,8,4,-10,6,37,16,-36,63,9,7,-18,8,39,-12,-37,65,16,6
63.2600,-19,4,34,-14,-38,71,18,16,-15,6,39,-11,-30,50,11,9,-24,8,35,-13,-41,52,24,24,-10,6,37,-9,-37,56,-4,4,-30,8,41,-9,-43,58,9,9,3,16,36,-8,-32,52,11,6,-14,4,36,18,-41,62,15,6,-18,2,38,-8,-37,61,16,7
63.2800,-23,2,37,-12,-38,63,17,14,-14,5,35,-13,-32,49,16,9,-29,3,37,-11,-37,54,21,21,-8,11,40,-14,-43,51,-3,8,-28,4,36,-12,-40,56,10,11,-6,17,38,-6,-34,62,4,6,-16,5,39,24,-33,58,12,6,-13,-1,37,-18,-35,63,13,9
63.3000,-18,5,38,-13,-40,69,23,9,-18,3,37,-9,-32,50,12,9,-25,6,40,-12,-40,51,21,25,-13,6,40,-12,-40,57,3,4,-27,6,38,-5,-38,54,16,7,1,20,37,-4,-39,56,5,2,-13,1,40,24,-32,56,16,11,-18,7,37,-17,-40,58,17,6
63.3200,-16,3,39,-13,-38,61,20,14,-22,7,37,-9,-37,50,14,11,-23,10,40,-13,-37,52,21,15,-12,10,40,-12,-37,54,0,6,-31,7,43,-6,-30,61,13,5,3,22,40,-3,-38,56,4,2,-13,4,38,23,-44,58,13,7,-15,3,40,-14,-36,55,14,5
63.3400,-18,4,41,-12,-30,64,23,11,-20,7,38,-7,-30,49,8,12,-22,4,34,-7,-36,49,21,23,-14,8,38,-7,-41,53,2,6,-22,9,35,-3,-34,55,10,11,-2,24,38,-10,-40,58,11,1,-16,9,34,20,-38,58,20,7,-21,3,43,-13,-40,59,17,5
63.3600,-14,0,37,-13,-36,68,22,11,-19,5,40,-10,-31,49,11,6,-28,7,38,-10,-39,54,24,26,-18,8,37,-8,-42,51,-1,13,-30,9,34,-14,-37,59,10,10,-1,17,36,-8,-41,63,3,2,-14,5,35,21,-39,58,17,9,-16,9,42,-9,-38,56,16,6
63.3800,-22,6,44,-15,-39,67,30,12,-19,8,36,-8,-36,48,8,13,-25,7,38,-7,-38,52,23,21,-12,4,37,-10,-39,55,-3,7,-26,4,38,-10,-34,58,12,9,0,21,34,-5,-35,58,8,6,-12,5,31,23,-34,59,18,10,-17,5,34,-13,-44,58,14,9
63.4000,-13,2,36,-8,-36,70,20,13,-19,4,39,-9,-35,49,11,9,-24,4,35,-5,-37,53,21,24,-14,12,37,-10,-37,55,-6,7,-23,7,43,-8,-39,58,14,11,1,23,38,-11,-36,55,5,8,-13,7,38,26,-35,57,15,8,-18,2,37,-11,-42,59,18,9
63.4200,-15,2,37,-12,-41,69,24,16,-16,7,37,-9,-34,51,12,2,-28,11,37,-11,-39,50,20,28,-13,8,37,-8,-38,51,-2,12,-28,5,37,-10,-35,57,16,13,-3,24,36,-12,-42,59,4,7,-13,11,35,26,-41,58,14,10,-17,4,38,-13,-42,60,15,4
63.4400,-19,5,37,-13,-38,66,21,17,-19,12,39,-10,-33,52,10,11,-27,9,37,-12,-37,57,21,20,-11,10,38,-5,-42,55,-3,2,-30,3,36,-11,-40,53,14,9,-2,21,38,-9,-40,59,11,10,-16,3,35,25,-41,62,12,11,-11,6,42,-11,-49,61,22,9
63.4600,-21,1,38,-11,-36,69,22,16,-16,0,37,-10,-34,51,11,6,-23,6,40,-13,-34,57,19,26,-18,10,38,-5,-39,54,1,10,-29,7,38,-10,-39,63,15,4,-1,23,35,-11,-36,59,9,5,-14,5,35,24,-44,61,6,11,-20,10,37,-9,-43,59,18,8
63.4800,-15,2,32,-13,-39,66,26,15,-20,7,37,-12,-33,52,9,6,-27,7,37,-9,-42,55,17,21,-8,13,36,-9,-33,48,-8,10,-31,8,35,-10,-35,58,16,10,-2,25,37,-12,-35,58,13,6,-11,5,33,26,-47,62,10,8,-19,5,43,-17,-43,64,14,6
63.5000,-18,5,39,-7,-41,68,22,13,-15,9,38,-13,-43,55,12,7,-23,0,36,-7,-34,56,14,26,-9,10,37,-7,-44,57,-3,10,-27,1,32,-8,-38,66,12,8,0,24,40,-11,-35,60,8,3,-14,5,33,25,-46,65,8,5,-14,3,36,-12,-40,57,12,10
63.5200,-18,2,40,-13,-37,66,21,9,-13,7,38,-11,-32,55,10,6,-29,10,43,-13,-35,57,22,19,-10,15,42,-5,-44,53,-3,9,-27,5,41,-4,-39,61,14,9,-1,22,37,-11,-39,56,11,11,-14,10,38,23,-35,63,14,8,-14,-1,35,-19,-37,57,14,10
63.5400,-24,6,38,-14,-42,64,19,9,-15,9,35,-9,-31,56,8,3,-28,5,41,-11,-40,55,18,22,-10,14,36,-7,-42,56,-2,13,-28,3,42,-7,-42,56,14,5,1,25,40,-12,-34,60,11,3,-16,7,38,22,-35,62,14,6,-11,7,38,-17,-40,62,17,9
63.5600,-20,2,35,-10,-40,66,22,14,-17,14,38,-12,-34,52,14,5,-29,4,37,-15,-37,56,18,24,-8,14,40,-10,-45,46,-5,11,-27,2,34,-6,-41,60,9,6,-2,28,38,-16,-29,58,10,4,-10,9,32,24,-36,59,13,5,-11,8,28,-12,-41,58,17,7
63.5800,-16,3,37,-12,-44,65,25,17,-17,6,34,-13,-36,56,7,6,-31,4,38,-12,-34,58,18,18,-8,17,42,-10,-31,44,-4,7,-28,6,37,-9,-37,59,19,4,2,22,41,-15,-33,55,11,3,-17,5,33,28,-42,59,14,12,-10,8,35,-12,-36,68,12,7
63.6000,-19,0,36,-13,-40,66,20,15,-14,8,34,-15,-37,48,11,4,-28,4,36,-10,-37,57,25,22,-7,9,39,-11,-44,47,-1,5,-29,11,38,-12,-43,59,13,7,2,25,38,-8,-37,53,13,7,-11,10,36,21,-35,67,14,7,-14,5,37,-13,-43,65,14,10
63.6200,-23,-2,35,-8,-40,65,19,9,-18,8,41,-12,-33,54,10,10,-25,8,38,-13,-41,58,22,20,-4,12,37,-4,-41,54,-4,5,-25,-1,38,-12,-41,60,14,6,-2,27,36,-8,-35,57,8,3,-13,8,37,26,-35,59,12,8,-18,10,41,-16,-41,65,18,9
63.6400,-21,2,41,-8,-42,65,20,13,-17,9,40,-8,-38,52,10,8,-29,5,39,-20,-36,58,23,15,-13,14,41,-11,-33,51,-8,2,-22,0,38,-10,-45,56,12,11,-3,26,40,-13,-38,59,8,3,-15,6,40,19,-41,62,19,10,-20,2,38,-14,-41,59,14,7
63.6600,-20,2,38,-10,-42,68,24,15,-15,7,40,-6,-33,51,11,6,-25,8,37,-12,-42,60,21,20,-15,15,39,-9,-38,53,-2,9,-25,4,35,-10,-39,60,10,5,-1,21,39,-12,-36,58,11,3,-14,9,36,25,-36,59,18,10,-12,6,42,-22,-38,58,15,9
63.6800,-23,4,38,-2,-39,69,22,13,-16,9,44,-12,-33,56,12,5,-31,10,40,-8,-30,56,17,22,-14,13,37,-13,-38,53,-2,10,-29,-1,35,-17,-34,55,15,8,-5,23,35,-11,-37,57,9,4,-15,6,39,28,-37,60,16,9,-13,4,37,-14,-34,61,16,8
63.7000,-20,4,36,-4,-35,68,20,17,-20,12,35,-11,-36,53,15,7,-28,5,39,-10,-39,62,17,19,-15,15,41,-9,-34,49,1,7,-23,5,40,-11,-36,63,15,11,-5,20,37,-10,-33,60,13,4,-16,3,36,17,-35,60,13,8,-18,13,41,-15,-41,61,18,7
63.7200,-27,-1,40,-9,-35,69,23,20,-17,6,38,-8,-33,54,10,6,-27,5,41,-16,-33,59,20,23,-13,12,37,-11,-35,53,0,4,-26,-1,40,-10,-36,58,16,9,-1,25,43,-9,-39,59,10,1,-15,9,32,24,-38,55,16,13,-15,2,43,-11,-39,62,8,8
63.7400,-19,3,39,-11,-34,65,22,11,-16,9,39,-11,-34,52,9,6,-28,8,38,-10,-39,59,29,18,-13,13,39,-12,-37,49,-3,8,-25,8,41,-11,-42,57,15,11,-1,23,35,-14,-35,60,11,1,-18,2,40,19,-39,61,19,6,-17,7,39,-14,-42,66,15,12
63.7600,-21,5,37,-6,-43,74,22,13,-15,9,36,-6,-41,50,8,4,-24,12,41,-11,-36,55,22,23,-14,8,45,-13,-35,50,1,3,-25,3,44,-14,-35,61,13,13,1,19,38,-13,-38,53,14,4,-18,11,37,20,-43,61,18,7,-20,2,45,-15,-40,61,17,9
63.7800,-19,3,40,-10,-42,71,27,13,-14,8,40,-9,-31,52,13,6,-25,12,41,-11,-33,60,23,25,-17,13,43,-11,-38,51,1,5,-29,7,44,-10,-39,61,13,13,-1,20,34,-10,-34,62,8,4,-17,6,41,19,-41,55,20,7,-17,7,37,-9,-40,62,20,11
63.8000,-17,3,39,-11,-39,69,27,11,-18,8,40,-4,-35,51,9,5,-28,11,38,-11,-37,57,22,17,-11,9,39,-20,-37,54,1,4,-26,2,36,-14,-39,58,14,14,-5,20,39,-10,-35,56,10,4,-18,9,33,18,-43,58,15,3,-16,3,42,-14,-44,59,15,10
63.8200,-20,5,42,-13,-37,72,25,18,-16,7,43,-12,-36,50,12,14,-25,7,34,-13,-31,59,20,21,-17,15,38,-8,-37,52,-1,11,-29,6,37,-13,-43,59,15,14,-6,22,40,-10,-43,58,7,2,-14,3,36,21,-37,59,16,3,-20,5,39,-15,-39,59,15,9
63.8400,-20,7,40,-13,-40,73,24,11,-20,9,36,-8,-33,51,10,11,-25,11,38,-17,-37,60,23,22,-17,12,38,-12,-35,54,-2,8,-29,1,34,-7,-39,58,10,13,-7,17,40,-12,-45,65,10,-2,-16,6,39,22,-39,61,17,10,-20,10,37,-13,-44,58,13,9
63.8600,-23,8,39,-14,-41,76,22,13,-22,6,36,-10,-39,45,13,7,-29,10,35,-12,-36,54,21,24,-15,12,34,-11,-41,60,-3,-1,-28,5,35,-6,-42,61,12,16,-3,21,38,-13,-39,61,10,2,-13,8,39,21,-42,62,15,9,-17,5,37,-20,-43,64,17,10
63.8800,-16,7,33,-13,-41,72,23,12,-22,5,38,-10,-33,47,11,4,-26,11,38,-11,-35,56,27,15,-11,15,43,-9,-40,57,-7,5,-27,0,38,-6,-40,61,11,13,-3,20,38,-12,-35,62,5,5,-10,7,41,21,-43,59,17,8,-22,6,38,-17,-40,61,14,6
63.9000,-13,6,33,-12,-39,69,25,15,-19,10,37,-8,-37,48,10,8,-28,4,35,-13,-37,59,24,14,-13,11,37,-10,-41,59,1,8,-28,7,37,-9,-44,61,11,12,-3,23,38,-10,-36,61,9,3,-18,10,34,22,-41,60,18,4,-17,8,37,-12,-41,62,18,5
63.9200,-15,6,41,-13,-42,72,21,14,-14,6,35,-10,-36,50,10,6,-26,7,33,-13,-42,56,25,20,-12,10,33,-7,-35,55,-4,11,-31,8,36,-10,-37,59,10,4,6,21,37,-12,-45,57,11,7,-13,3,33,17,-43,63,19,5,-15,9,36,-18,-44,61,13,10
63.9400,-16,9,38,-10,-41,68,27,15,-16,9,44,-7,-38,54,9,1,-23,4,44,-13,-44,59,24,19,-11,10,31,-8,-43,55,1,0,-29,7,31,-6,-37,56,11,4,0,28,40,-10,-38,60,17,5,-13,7,33,24,-38,64,18,1,-17,9,33,-15,-32,64,13,7
63.9600,-17,4,40,-12,-39,70,24,13,-21,9,36,-9,-39,53,16,10,-21,7,35,-17,-35,62,25,19,-8,11,33,-13,-43,58,-4,8,-24,1,39,-9,-43,64,9,6,2,26,39,-7,-41,57,8,-2,-13,3,33,21,-42,62,13,5,-15,5,40,-16,-42,67,16,2
63.9800,-19,5,39,-8,-43,69,21,11,-15,11,36,-10,-39,57,13,8,-27,3,37,-13,-42,57,20,22,-9,10,35,-13,-39,54,-4,6,-29,6,34,-5,-43,62,7,9,0,26,35,-11,-40,62,13,3,-12,6,35,22,-38,63,16,3,-14,2,35,-16,-36,60,10,1
64.0000,-15,4,41,-14,-38,70,16,12,-20,7,38,-9,-31,48,8,8,-28,4,37,-15,-38,55,23,22,-7,11,34,-15,-42,58,-5,6,-31,3,36,-8,-36,67,8,12,3,22,39,-12,-39,57,11,-2,-12,8,34,21,-41,63,15,5,-16,6,33,-17,-45,62,18,11
64.0200,-21,3,42,-10,-42,75,25,12,-15,7,39,-7,-37,60,12,7,-23,4,39,-7,-35,55,24,16,-10,14,33,-9,-40,56,-6,4,-31,0,34,-7,-39,63,9,5,5,31,44,-11,-42,62,7,3,-8,4,35,24,-42,64,21,3,-17,5,38,-15,-37,65,18,6
64.0400,-17,4,38,-9,-36,72,26,11,-17,6,37,-10,-32,55,10,6,-27,7,35,-12,-33,57,18,21,-17,10,42,-10,-43,54,-3,6,-35,5,34,-5,-36,56,12,10,2,25,42,-8,-40,59,11,6,-13,15,35,21,-41,64,17,8,-18,6,39,-15,-43,59,15,9
64.0600,-23,4,37,-10,-38,73,28,15,-19,7,36,-16,-33,55,14,5,-29,6,39,-7,-33,51,20,21,-13,13,40,-8,-45,59,0,6,-35,9,39,-4,-41,62,11,8,1,21,41,-10,-34,62,13,7,-18,9,35,21,-41,59,17,10,-13,-1,36,-20,-43,61,15,9
64.0800,-16,3,38,-12,-37,67,20,17,-21,6,38,-7,-35,52,9,6,-28,-2,40,-10,-34,62,23,21,-14,12,39,-10,-42,56,1,5,-35,1,38,-6,-37,61,11,7,0,28,36,-8,-36,61,10,3,-15,5,37,24,-40,63,21,8,-13,3,33,-19,-35,62,15,6
64.1000,-19,10,40,-11,-37,67,27,18,-15,8,35,-10,-35,55,12,4,-28,10,39,-7,-34,59,18,23,-9,13,37,-13,-34,58,0,3,-34,5,38,-11,-41,62,14,4,-1,20,37,-9,-37,59,7,3,-15,7,37,22,-37,70,17,3,-19,4,37,-13,-39,66,12,8
64.1200,-21,3,33,-12,-37,70,25,16,-17,6,37,-7,-32,56,8,9,-29,2,38,-3,-39,59,24,25,-11,11,39,-8,-43,52,-3,9,-26,3,36,-12,-42,59,11,11,-1,22,39,-8,-39,63,13,6,-17,5,33,21,-37,66,17,9,-15,3,42,-11,-38,58,18,7
64.1400,-17,5,37,-12,-35,68,24,18,-20,4,35,-6,-33,53,8,7,-24,6,37,-9,-34,52,21,24,-8,14,41,-12,-36,52,-3,7,-32,4,37,-11,-43,58,12,3,1,17,34,-9,-35,59,13,3,-18,2,33,20,-39,58,11,10,-17,8,33,-14,-43,62,17,6
64.1600,-20,7,31,-11,-40,66,21,15,-15,8,36,-12,-38,55,14,9,-26,2,37,-8,-33,56,20,22,-13,16,39,-8,-34,50,-9,9,-30,5,42,-7,-44,62,10,11,-6,19,36,-9,-38,58,9,5,-16,8,31,21,-36,61,14,13,-18,14,39,-16,-45,63,17,5
64.1800,-20,7,39,-11,-38,72,26,14,-16,8,36,-13,-33,53,10,6,-25,3,39,-7,-34,57,23,24,-15,14,40,-17,-40,52,-7,3,-30,9,40,-10,-41,60,12,12,-2,23,41,-9,-36,58,8,6,-18,5,36,24,-33,58,15,9,-15,6,41,-17,-49,62,17,9
64.2000,-22,3,44,-8,-44,72,25,15,-19,9,38,-13,-31,55,11,7,-29,10,40,-10,-39,58,26,21,-16,10,37,-11,-38,57,-4,9,-28,3,37,-15,-38,61,10,9,-1,22,33,-14,-39,60,11,8,-15,4,33,16,-45,64,11,12,-18,6,43,-15,-47,64,20,6
64.2200,-25,2,40,-12,-38,67,24,17,-21,8,39,-14,-38,54,13,10,-26,3,38,-9,-34,63,18,18,-10,12,46,-7,-37,52,-7,1,-26,6,36,-11,-47,60,11,10,-2,21,38,-10,-39,63,13,4,-14,6,39,16,-44,60,17,3,-12,6,37,-11,-41,65,18,7
64.2400,-16,6,39,-10,-38,73,22,14,-22,6,41,-14,-31,54,10,7,-31,7,42,-8,-36,64,23,25,-14,13,39,-14,-42,55,-7,11,-23,8,42,-14,-43,59,10,11,-3,22,37,-9,-43,59,5,5,-18,8,40,19,-44,60,16,8,-20,6,39,-18,-37,65,16,8
64.2600,-22,6,39,-13,-40,69,25,15,-16,8,39,-16,-39,54,13,2,-27,2,42,-15,-36,63,27,23,-11,15,42,-11,-40,54,1,7,-26,9,37,-13,-42,60,6,13,-2,15,36,-11,-41,62,13,5,-20,7,36,17,-42,66,19,8,-15,9,40,-15,-40,60,17,2
64.2800,-22,5,40,-9,-43,69,25,19,-23,11,37,-13,-35,53,11,-1,-25,6,41,-13,-37,63,25,21,-11,13,41,-14,-42,54,-3,4,-29,6,40,-15,-45,59,6,13,-5,28,37,-10,-42,62,11,4,-11,8,40,16,-36,61,15,11,-14,6,40,-14,-38,61,12,12
64.3000,-21,4,37,-8,-38,70,19,18,-20,6,38,-10,-35,49,11,8,-29,5,36,-11,-35,61,22,22,-12,13,40,-9,-37,53,0,3,-29,6,37,-15,-43,61,15,8,-2,27,33,-12,-45,61,9,1,-16,6,38,17,-38,63,14,9,-15,4,37,-12,-40,61,17,8
64.3200,-22,7,38,-13,-38,70,22,19,-22,5,41,-13,-33,51,7,6,-25,8,36,-12,-30,62,21,20,-15,14,40,-12,-39,56,-4,4,-29,5,37,-19,-43,60,16,13,1,21,37,-12,-37,58,8,3,-20,6,37,19,-38,61,12,7,-19,2,37,-20,-40,68,18,8
64.3400,-23,3,33,-10,-41,76,20,14,-18,14,39,-8,-32,58,12,3,-28,11,37,-12,-37,59,22,18,-12,12,36,-15,-42,54,-3,7,-34,4,39,-9,-39,68,13,10,-1,25,39,-9,-40,61,10,1,-17,5,36,20,-35,63,15,12,-16,3,40,-15,-35,63,13,9
64.3600,-21,5,34,-9,-44,69,21,19,-17,10,40,-6,-35,59,11,6,-26,9,34,-9,-40,57,27,26,-13,10,39,-12,-42,58,-5,8,-29,3,35,-13,-37,59,14,13,-2,23,39,-13,-41,62,6,7,-18,11,36,19,-36,61,13,14,-17,7,42,-20,-43,65,18,5
64.3800,-17,4,36,-7,-47,76,19,12,-19,4,40,-9,-37,55,7,6,-25,6,38,-8,-42,64,24,20,-17,5,41,-13,-40,57,-4,6,-31,2,34,-12,-41,59,12,11,-4,25,40,-15,-41,56,8,1,-11,8,36,19,-39,65,13,5,-20,8,39,-12,-45,66,18,4
64.4000,-20,7,39,-11,-38,69,24,14,-17,10,38,-9,-36,49,13,-3,-28,7,37,-11,-36,60,25,18,-17,14,38,-11,-38,58,-3,7,-28,1,34,-13,-44,62,17,10,-2,25,36,-9,-37,62,9,4,-23,11,36,21,-39,62,19,9,-14,10,38,-12,-39,63,16,4
64.4200,-21,13,39,-10,-40,69,24,12,-16,14,38,-10,-36,52,11,3,-25,6,40,-9,-39,61,26,22,-14,15,35,-11,-38,54,-13,5,-31,6,38,-6,-43,63,14,10,1,28,36,-10,-36,59,8,5,-18,7,35,23,-41,64,17,1,-11,14,40,-17,-33,59,13,8
64.4400,-24,7,35,-11,-37,70,24,16,-21,10,40,-8,-36,50,13,4,-30,4,40,-16,-32,61,19,21,-12,13,32,-8,-38,55,1,2,-33,6,34,-6,-39,62,18,14,-1,28,41,-12,-35,62,13,5,-16,13,35,21,-44,60,17,4,-18,5,35,-15,-39,65,14,8
64.4600,-25,7,43,-13,-41,72,19,13,-16,7,40,-10,-35,50,8,3,-25,10,35,-6,-35,62,27,19,-10,12,34,-8,-37,53,-11,8,-33,8,39,-6,-42,61,16,7,-2,25,37,-6,-42,60,10,6,-14,9,34,20,-38,62,19,4,-16,7,39,-16,-43,64,10,3
64.4800,-20,10,38,-11,-37,73,28,19,-20,10,45,-5,-41,54,14,6,-23,14,40,-14,-36,57,27,19,-15,14,38,-14,-41,56,-3,2,-31,5,37,-9,-43,66,13,12,-1,23,38,-8,-40,60,8,3,-16,8,33,19,-37,63,18,2,-13,8,39,-13,-43,61,21,8
64.5000,-24,6,45,-9,-40,73,26,14,-18,9,39,-10,-33,51,11,3,-29,11,38,-12,-32,60,20,21,-9,11,40,-12,-39,57,-9,7,-34,6,42,-11,-40,63,15,13,1,26,40,-15,-36,59,11,6,-17,9,35,23,-37,61,20,3,-12,6,34,-16,-41,62,19,12
64.5200,-26,7,39,-14,-39,76,28,9,-18,3,35,-8,-38,54,12,5,-28,11,37,-16,-37,59,27,20,-16,10,38,-7,-38,49,-5,0,-32,4,39,-3,-39,62,10,12,2,24,40,-11,-34,62,10,3,-11,10,34,23,-42,60,16,0,-16,3,42,-20,-40,63,16,8
64.5400,-19,4,39,-9,-38,70,23,11,-20,9,37,-9,-36,51,8,5,-28,12,37,-11,-32,61,27,21,-9,11,39,-10,-37,58,-7,3,-25,1,37,-4,-32,61,10,12,-5,23,39,-11,-39,58,8,6,-16,5,37,21,-46,62,19,5,-18,3,39,-18,-39,63,15,4
64.5600,-20,10,37,-14,-41,71,24,14,-17,6,35,-12,-38,54,11,4,-26,13,39,-15,-36,58,24,18,-17,11,35,-10,-41,53,-7,4,-31,5,39,-10,-45,57,7,9,4,22,42,-12,-39,57,14,4,-12,8,35,19,-41,65,16,3,-20,7,39,-16,-40,62,20,11
64.5800,-19,9,37,-10,-42,73,27,13,-17,10,40,-6,-36,54,7,9,-29,11,37,-9,-35,58,22,17,-16,13,35,-8,-38,58,-2,5,-29,5,43,-9,-44,65,11,9,-4,21,37,-8,-38,60,9,6,-12,4,38,18,-42,62,22,6,-20,3,36,-14,-40,60,16,3
64.6000,-23,3,41,-9,-41,71,30,12,-19,8,34,-11,-36,55,10,6,-25,3,40,-14,-36,57,24,19,-6,10,42,-12,-39,55,-2,6,-28,8,40,-7,-44,60,14,8,-4,20,39,-13,-34,58,10,0,-14,5,35,18,-43,61,17,9,-15,11,38,-18,-37,62,17,5
64.6200,-18,8,37,-7,-37,72,26,13,-22,2,37,-9,-41,54,9,4,-30,8,36,-7,-36,59,25,24,-13,15,33,-8,-40,52,-3,-1,-33,7,34,-10,-38,62,11,12,-7,21,42,-9,-45,60,11,3,-13,8,34,22,-42,64,18,9,-15,14,36,-9,-41,63,18,7
64.6400,-19,5,41,-17,-35,76,21,14,-14,11,38,-10,-41,53,14,4,-28,7,40,-13,-37,59,20,17,-17,7,32,-11,-33,52,-4,2,-29,3,36,-6,-37,58,10,7,-3,19,38,-12,-40,58,14,8,-19,7,37,22,-43,64,20,6,-16,6,38,-15,-53,64,22,5
64.6600,-20,9,39,-16,-47,76,23,14,-16,10,35,-7,-36,51,13,5,-26,0,32,-6,-39,61,26,21,-14,12,40,-12,-36,52,-6,6,-33,7,34,-8,-43,61,6,9,-6,26,33,-12,-41,57,12,5,-17,6,29,26,-44,58,22,7,-17,5,40,-16,-43,67,19,5
64.6800,-17,8,38,-15,-41,72,27,13,-19,7,36,-12,-35,59,17,4,-32,9,39,-12,-36,61,26,19,-20,14,38,-14,-44,51,-5,3,-31,2,41,-15,-50,64,12,15,-5,23,36,-6,-34,63,13,6,-16,7,37,20,-42,65,20,12,-11,3,36,-15,-33,64,16,5
64.7000,-18,8,34,-13,-46,72,22,12,-22,9,38,-13,-36,55,15,6,-30,6,39,-11,-29,60,27,21,-12,14,37,-10,-41,53,-4,6,-29,8,45,-12,-40,60,16,9,-4,25,35,-10,-40,62,14,4,-15,3,30,21,-38,68,19,11,-15,7,40,-12,-36,62,19,11
64.7200,-27,14,41,-17,-46,76,24,16,-19,12,36,-12,-41,54,17,2,-26,5,35,-6,-35,62,23,20,-8,13,37,-10,-34,54,-3,5,-26,8,35,-9,-41,63,14,9,-9,19,33,-12,-40,59,13,5,-16,5,36,22,-40,62,18,7,-16,7,38,-16,-44,64,17,12
64.7400,-20,6,38,-11,-40,70,20,11,-21,9,36,-15,-36,53,11,8,-33,5,38,-9,-40,61,24,23,-13,13,44,-9,-36,59,-4,8,-27,8,39,-10,-43,64,13,14,-2,18,37,-12,-40,61,13,4,-17,5,34,18,-44,66,18,12,-20,10,33,-17,-45,65,13,6
64.7600,-16,10,34,-16,-36,70,26,14,-21,2,41,-12,-40,53,10,9,-26,4,38,-11,-37,60,25,22,-14,10,43,-7,-38,53,3,4,-33,5,36,-9,-46,68,20,7,-5,22,36,-13,-38,61,14,4,-17,6,37,22,-45,65,19,11,-15,12,38,-10,-39,61,20,5
64.7800,-17,7,37,-15,-38,69,25,18,-21,10,44,-17,-36,55,12,6,-25,4,32,-7,-38,66,24,22,-15,16,38,-10,-37,56,-4,0,-33,8,37,-9,-48,62,15,11,-1,23,40,-8,-43,63,13,7,-21,3,34,16,-41,63,21,2,-18,10,37,-16,-42,64,17,11
64.8000,-18,7,36,-14,-37,71,27,15,-16,6,41,-10,-37,52,14,4,-30,8,39,-14,-35,61,24,18,-13,13,34,-10,-41,56,-5,-1,-30,6,41,-16,-45,62,13,14,-4,22,36,-12,-43,60,13,-2,-15,6,39,17,-42,63,17,6,-18,7,40,-18,-42,63,21,5
64.8200,-22,6,38,-11,-41,72,24,15,-21,9,39,-8,-43,58,11,10,-27,4,38,-11,-41,64,26,19,-19,7,39,-14,-44,57,-3,3,-29,8,34,-10,-41,60,18,11,-6,25,36,-12,-40,61,11,2,-12,3,32,18,-43,68,17,6,-17,2,35,-16,-43,70,21,8
64.8400,-15,5,33,-14,-41,73,26,18,-19,12,39,-10,-38,55,11,9,-24,9,41,-10,-34,65,21,20,-15,11,37,-14,-38,53,-5,3,-29,10,38,-11,-44,60,10,13,3,28,34,-7,-41,62,14,7,-16,2,34,21,-42,66,17,12,-15,12,39,-19,-40,68,18,12
64.8600,-17,7,37,-15,-44,75,30,17,-18,9,36,-15,-39,51,11,9,-27,5,42,-14,-33,62,29,26,-15,15,39,-7,-38,53,-2,4,-25,8,36,-8,-45,62,13,13,-4,29,39,-10,-41,64,12,2,-14,5,36,22,-42,63,16,8,-19,11,37,-15,-36,65,18,4
64.8800,-17,3,37,-14,-41,74,26,15,-22,6,40,-10,-36,53,15,6,-25,7,36,-9,-34,62,31,21,-11,14,37,-11,-36,58,-7,3,-29,6,36,-9,-41,62,13,13,1,26,37,-13,-41,64,11,3,-14,13,30,21,-37,63,16,9,-21,6,41,-17,-37,63,21,8
64.9000,-20,11,36,-12,-38,72,21,13,-21,5,39,-10,-33,51,10,0,-26,6,37,-14,-38,61,30,24,-10,16,35,-14,-45,54,0,4,-33,9,33,-5,-40,68,17,11,-5,25,41,-15,-41,62,11,2,-14,7,31,21,-37,63,17,8,-19,10,38,-16,-36,65,17,5
64.9200,-22,14,35,-8,-44,71,21,18,-24,9,39,-11,-35,54,12,4,-25,4,36,-12,-38,61,28,23,-14,9,37,-11,-39,53,-4,4,-31,5,40,-6,-41,63,11,13,-9,24,40,-14,-42,64,9,1,-18,8,32,18,-41,63,15,9,-15,10,34,-13,-42,66,21,6
64.9400,-21,8,37,-9,-35,73,23,21,-20,5,39,-13,-34,56,17,5,-24,8,38,-14,-30,61,28,27,-12,16,39,-17,-43,49,-5,6,-30,9,34,-10,-40,65,10,11,1,23,37,-10,-38,62,10,5,-19,10,29,19,-37,60,15,6,-23,11,39,-15,-42,64,16,9
64.9600,-13,10,40,-14,-39,72,24,17,-19,9,36,-6,-39,54,8,2,-21,7,36,-9,-37,67,29,22,-11,15,32,-11,-38,55,-6,3,-26,3,37,-12,-39,64,11,8,0,20,34,-10,-39,59,10,3,-14,9,37,22,-43,66,17,7,-17,8,36,-16,-39,66,19,4
64.9800,-23,9,37,-11,-36,76,25,15,-19,11,40,-9,-36,59,12,1,-25,12,31,-11,-35,63,26,21,-14,13,35,-8,-42,52,-2,8,-33,6,35,-9,-44,61,14,7,-2,23,38,-14,-38,60,10,1,-13,8,35,20,-39,64,18,5,-16,4,40,-20,-41,65,16,1
65.0000,-17,7,39,-8,-39,75,24,20,-18,5,34,-6,-35,53,7,4,-25,8,38,-7,-34,59,29,21,-11,12,34,-9,-41,55,-4,2,-34,3,38,-10,-40,68,13,10,-1,22,39,-11,-43,59,10,2,-17,10,37,18,-44,61,15,5,-21,10,39,-16,-44,66,16,9
65.0200,-23,4,43,-8,-38,76,23,11,-20,9,37,-10,-38,53,14,-4,-31,4,35,-10,-30,61,23,19,-16,14,28,-9,-36,52,-3,7,-34,5,38,-6,-38,68,16,15,1,30,37,-10,-42,64,13,4,-18,7,38,19,-36,64,19,8,-16,8,37,-11,-36,61,18,8
65.0400,-15,5,39,-11,-39,68,21,18,-24,11,37,-8,-44,59,17,5,-28,10,34,-10,-35,61,21,22,-17,13,35,-13,-38,54,-5,3,-34,4,37,-4,-39,68,6,12,-4,26,38,-12,-42,58,9,3,-12,7,36,22,-40,63,18,10,-18,5,38,-14,-45,68,20,8
65.0600,-21,8,37,-7,-37,75,28,16,-18,11,35,-9,-45,60,9,7,-28,10,38,-8,-39,67,23,22,-15,14,34,-15,-40,52,-5,2,-33,4,40,-9,-46,66,22,17,3,25,42,-14,-42,61,16,2,-13,5,33,21,-34,59,16,7,-15,10,38,-13,-43,63,15,10
65.0800,-15,10,36,-8,-30,74,24,16,-20,8,38,-9,-36,53,11,2,-32,6,39,-10,-33,67,26,20,-13,12,39,-13,-43,49,-3,7,-36,4,38,-8,-44,63,10,10,-6,23,36,-11,-40,56,8,-4,-19,6,34,20,-46,64,14,9,-15,8,34,-18,-38,65,16,10
65.1000,-15,13,39,-10,-36,70,24,12,-12,5,36,-3,-36,49,9,9,-30,9,37,-16,-40,62,25,18,-11,12,40,-10,-38,55,-4,1,-29,4,37,-8,-39,63,9,10,-5,20,42,-14,-43,55,13,1,-21,5,30,23,-40,64,16,6,-18,2,43,-15,-37,62,24,3
65.1200,-19,9,45,-14,-43,73,23,13,-14,7,33,-8,-38,55,12,2,-28,7,34,-13,-38,60,20,21,-13,16,35,-9,-38,52,-4,9,-31,7,28,-11,-38,61,8,10,-3,20,38,-13,-43,62,14,3,-17,5,34,16,-39,61,18,3,-15,5,38,-9,-37,62,20,9
65.1400,-26,5,37,-10,-42,73,23,14,-20,7,42,-10,-36,55,13,4,-24,7,37,-12,-35,60,23,22,-16,15,40,-11,-41,52,-10,8,-29,4,37,-8,-40,58,11,8,-2,26,33,-10,-44,60,8,6,-14,7,34,19,-44,62,14,12,-17,6,35,-10,-41,65,21,7
65.1600,-19,12,38,-7,-42,75,30,22,-22,8,37,-8,-36,57,17,6,-30,5,34,-11,-35,61,28,18,-12,10,37,-10,-33,53,-5,3,-32,4,33,-10,-42,64,15,13,-4,28,33,-13,-34,59,11,7,-21,6,37,20,-46,68,14,5,-18,5,36,-15,-42,71,20,9
65.1800,-20,3,39,-10,-40,68,26,14,-16,4,34,-12,-37,59,18,1,-25,5,34,-14,-37,68,26,19,-15,15,34,-16,-37,55,-9,6,-30,11,36,-5,-38,62,20,8,-4,25,38,-10,-42,59,7,5,-15,8,35,18,-41,67,19,11,-14,7,35,-15,-38,68,18,4
65.2000,-20,4,37,-11,-39,75,28,12,-15,8,36,-12,-33,53,17,5,-33,10,35,-8,-32,57,27,19,-11,14,37,-7,-37,53,-5,4,-37,9,36,-11,-41,64,15,6,-1,23,44,-8,-41,57,8,3,-13,10,32,17,-43,64,20,5,-17,6,40,-13,-44,71,18,9
65.2200,-16,9,33,-14,-41,68,23,14,-17,7,30,-14,-33,46,13,6,-22,5,36,-14,-27,57,22,27,-15,13,34,-11,-37,57,2,7,-35,9,38,-10,-37,67,15,8,-2,25,36,-10,-37,60,10,0,-17,5,34,21,-39,58,19,8,-17,6,36,-17,-44,66,16,6
65.2400,-24,11,36,-14,-39,71,22,17,-18,4,33,-11,-44,51,13,6,-28,5,34,-14,-33,60,27,17,-15,18,41,-10,-36,58,-2,9,-33,7,34,-9,-43,63,15,12,4,19,37,-9,-38,62,6,0,-11,6,36,22,-38,68,16,4,-17,8,39,-13,-42,65,20,0
65.2600,-20,7,40,-14,-40,81,26,13,-21,11,41,-20,-38,56,14,4,-30,5,33,-14,-38,62,24,16,-15,15,33,-10,-33,52,-7,6,-29,10,41,-16,-43,63,13,8,-2,24,37,-11,-38,62,13,3,-15,12,35,20,-42,62,21,4,-13,8,34,-8,-40,63,19,8
65.2800,-18,11,40,-12,-44,75,28,14,-20,12,36,-9,-40,51,16,9,-29,12,37,-9,-32,62,28,19,-15,9,39,-11,-37,54,-7,1,-29,8,40,-13,-37,62,15,11,-5,20,32,-17,-42,59,13,7,-18,12,30,20,-41,61,16,8,-15,7,33,-8,-34,63,13,3
65.3000,-20,7,37,-12,-41,70,27,22,-16,5,39,-8,-36,54,14,4,-21,12,36,-14,-31,65,21,26,-18,13,37,-12,-32,53,-7,4,-32,9,35,-8,-42,63,18,15,-7,27,33,-15,-41,61,14,5,-18,8,36,23,-47,60,20,6,-14,5,38,-11,-35,59,20,8
65.3200,-22,10,34,-14,-39,71,31,16,-15,10,38,-11,-34,51,13,5,-24,5,41,-10,-33,62,22,22,-17,14,37,-9,-38,53,-4,10,-31,10,42,-11,-41,65,13,10,-5,22,34,-6,-38,62,11,6,-14,4,35,25,-36,64,16,8,-20,6,35,-12,-37,68,22,3
65.3400,-21,5,35,-14,-42,77,24,15,-17,9,39,-12,-33,54,11,7,-31,7,37,-16,-39,65,30,25,-19,9,37,-11,-35,54,-3,3,-33,5,40,-14,-42,64,15,15,-2,28,43,-11,-38,66,11,6,-15,10,33,17,-40,63,19,9,-17,3,31,-13,-35,66,19,4
65.3600,-16,2,34,-14,-36,68,29,18,-19,5,39,-6,-40,53,15,0,-30,5,37,-15,-36,62,26,19,-10,7,38,-11,-37,58,-3,6,-29,3,39,-10,-39,64,16,9,-5,25,38,-10,-40,59,9,0,-15,4,38,23,-44,62,17,7,-16,13,38,-12,-41,65,20,4
65.3800,-26,5,37,-13,-42,69,27,17,-22,9,43,-13,-34,51,10,4,-26,12,34,-9,-30,64,28,21,-17,16,37,-12,-37,52,-5,7,-33,7,34,-13,-39,60,13,9,-1,26,37,-12,-46,65,9,2,-15,16,36,20,-39,65,19,6,-19,8,37,-17,-41,67,25,6
65.4000,-23,7,36,-14,-36,77,22,14,-22,8,41,-10,-38,54,23,3,-26,3,33,-10,-35,61,26,19,-15,17,43,-2,-37,62,0,9,-35,1,38,-10,-43,63,20,13,-7,24,41,-12,-41,60,8,3,-20,13,37,23,-45,64,19,7,-17,7,37,-19,-38,63,12,7
65.4200,-18,9,36,-17,-42,74,25,16,-21,11,34,-10,-30,56,16,3,-25,10,38,-14,-31,64,27,16,-14,17,40,-9,-42,58,-2,2,-34,7,37,-13,-40,65,12,13,-3,28,40,-16,-43,62,11,6,-14,7,42,20,-38,66,21,6,-17,3,35,-18,-43,59,15,6
65.4400,-16,12,35,-9,-40,72,23,15,-18,7,36,-13,-29,50,14,1,-26,7,40,-14,-35,66,30,19,-12,9,36,-11,-38,53,-3,4,-34,8,39,-12,-42,64,14,15,-4,25,39,-12,-39,70,10,3,-14,8,38,18,-42,67,18,6,-18,4,38,-14,-41,61,21,8
65.4600,-19,16,35,-13,-43,75,19,16,-22,9,38,-7,-31,52,13,1,-25,7,40,-9,-31,66,32,20,-13,9,40,-13,-34,54,-4,-1,-30,5,34,-9,-41,66,14,10,-6,21,42,-13,-40,63,10,8,-14,9,38,24,-41,61,18,5,-14,9,41,-17,-42,67,17,8
65.4800,-23,9,39,-12,-37,76,29,12,-19,9,35,-9,-33,52,15,1,-25,3,35,-6,-26,61,28,21,-17,12,36,-9,-35,56,0,-2,-31,6,34,-12,-44,63,15,11,-1,22,45,-11,-40,67,10,1,-12,12,33,23,-44,63,11,6,-17,9,38,-16,-46,66,17,5
65.5000,-23,8,38,-10,-43,74,29,12,-18,11,40,-10,-37,58,12,5,-24,4,34,-8,-35,63,32,20,-15,7,30,-17,-35,54,-7,2,-31,7,38,-9,-42,62,14,10,3,22,37,-8,-35,61,9,7,-15,11,34,22,-41,63,18,8,-17,8,39,-13,-41,71,24,9
65.5200,-22,9,39,-14,-40,72,22,13,-21,11,36,-12,-33,57,17,10,-25,6,41,-15,-41,71,30,20,-15,18,36,-10,-43,56,-4,6,-33,7,38,-11,-39,68,13,13,-9,29,38,-10,-44,61,17,5,-14,7,28,21,-38,65,15,9,-16,9,40,-16,-41,66,16,6
65.5400,-21,17,38,-7,-43,72,24,14,-23,9,36,-10,-35,49,17,2,-25,6,34,-10,-36,66,33,26,-10,14,35,-12,-36,56,-6,3,-29,5,39,-8,-40,68,21,13,0,23,37,-11,-44,65,12,2,-15,9,27,21,-36,62,21,7,-19,8,37,-16,-43,64,15,4
65.5600,-24,11,39,-11,-43,75,26,12,-20,5,31,-10,-38,55,14,9,-25,7,40,-13,-39,64,27,22,-12,8,36,-11,-36,58,-6,4,-31,11,40,-11,-46,64,18,15,-5,22,33,-13,-34,65,9,3,-14,4,33,19,-37,63,17,6,-15,7,37,-24,-39,67,17,4
65.5800,-24,5,34,-9,-40,73,25,14,-20,13,35,-9,-43,50,10,0,-24,12,40,-12,-37,68,27,16,-16,14,32,-10,-39,53,-6,-1,-31,6,36,-12,-40,71,17,12,-4,24,33,-11,-34,67,10,2,-16,10,35,13,-41,65,19,5,-16,5,37,-16,-39,65,15,2
65.6000,-24,8,31,-10,-45,76,23,17,-22,5,37,-6,-35,52,9,5,-29,7,36,-13,-40,67,29,17,-14,13,33,-9,-32,57,-7,1,-33,7,35,-9,-41,60,21,18,-5,24,36,-12,-40,64,12,7,-12,2,34,26,-42,65,19,7,-16,2,37,-15,-40,67,20,8
65.6200,-20,9,36,-8,-43,77,22,11,-20,7,33,-11,-36,54,16,-4,-28,9,40,-8,-41,65,24,23,-13,7,34,-5,-37,55,-3,2,-32,6,32,-11,-40,64,15,13,1,27,40,-7,-41,62,7,5,-19,1,33,24,-38,69,17,6,-12,11,32,-18,-43,66,17,7
65.6400,-22,10,41,-11,-41,75,25,10,-17,12,38,-9,-37,57,15,4,-26,12,37,-11,-39,62,30,19,-7,10,30,-10,-36,56,-7,7,-29,6,34,-8,-33,62,12,15,-8,28,44,-9,-42,64,12,-1,-14,5,33,22,-47,67,16,3,-18,5,32,-18,-38,60,27,8
65.6600,-21,10,36,-11,-39,77,31,12,-22,9,33,-9,-40,55,16,5,-25,13,39,-10,-41,68,35,20,-12,14,33,-12,-41,56,-4,7,-34,7,38,-9,-40,65,17,11,-5,25,37,-9,-43,65,13,4,-15,5,37,19,-42,63,20,11,-12,4,40,-16,-36,65,21,9
65.6800,-23,11,35,-8,-36,72,27,14,-11,9,39,-11,-32,49,22,1,-24,9,37,-12,-33,65,31,15,-12,14,38,-12,-37,56,-5,3,-31,3,36,-13,-41,63,17,11,-2,21,36,-8,-42,63,11,0,-13,8,32,17,-43,67,17,4,-19,7,38,-14,-43,60,23,6
65.7000,-25,11,37,-18,-38,73,23,16,-19,10,41,-16,-37,50,14,4,-25,6,34,-13,-37,64,25,22,-14,12,32,-10,-44,65,-4,4,-32,7,34,-14,-40,62,15,9,-5,20,33,-12,-41,62,15,5,-11,2,34,23,-42,62,18,5,-14,6,35,-15,-39,68,19,6
65.7200,-20,14,41,-13,-38,78,25,13,-20,6,41,-12,-34,55,11,2,-31,9,40,-13,-38,66,25,22,-14,17,41,-16,-35,58,-3,0,-33,7,38,-7,-42,66,10,11,8,28,32,-12,-49,65,10,3,-19,6,35,20,-44,65,17,3,-17,9,40,-16,-41,66,16,10
65.7400,-18,9,34,-14,-41,76,31,9,-26,8,33,-12,-32,52,17,-1,-24,11,37,-12,-40,62,29,18,-20,8,36,-12,-33,59,-6,0,-34,6,34,-14,-43,62,17,14,-2,27,34,-12,-41,63,14,1,-17,10,33,23,-43,64,23,4,-20,5,42,-15,-36,66,16,10
65.7600,-24,15,34,-15,-44,76,28,15,-22,10,40,-14,-39,52,12,2,-31,1,33,-14,-29,68,30,18,-11,13,38,-6,-41,55,-6,3,-32,8,39,-15,-41,65,20,8,-1,21,35,-10,-43,58,12,0,-18,8,34,21,-42,67,13,10,-17,10,38,-18,-47,65,23,8
65.7800,-25,11,37,-12,-43,78,25,12,-20,7,40,-10,-37,56,19,1,-35,9,38,-12,-33,65,28,16,-13,12,40,-9,-35,59,-3,3,-32,3,40,-9,-37,65,13,9,0,26,35,-9,-42,65,12,4,-14,6,31,23,-36,62,18,9,-19,4,36,-16,-39,65,18,5
65.8000,-23,10,38,-9,-40,74,23,14,-22,10,36,-10,-34,56,15,3,-28,8,35,-10,-34,65,29,23,-20,11,38,-10,-42,59,-4,5,-29,4,37,-10,-40,61,15,9,-4,26,33,-10,-46,61,14,2,-16,-1,33,19,-38,64,18,8,-20,8,38,-12,-44,65,18,3
65.8200,-22,12,34,-10,-46,73,25,13,-19,11,35,-11,-36,52,14,5,-29,8,34,-11,-36,63,26,20,-16,9,37,-13,-35,55,-3,4,-32,9,34,-9,-42,64,19,13,0,27,33,-11,-41,64,10,4,-17,8,33,25,-40,61,15,7,-15,8,34,-18,-42,62,16,13
65.8400,-19,6,36,-13,-40,72,23,17,-22,7,40,-11,-38,55,14,4,-26,10,37,-12,-32,59,25,20,-17,11,42,-9,-35,54,-2,2,-30,4,38,-9,-41,64,13,15,0,17,39,-9,-43,69,17,5,-18,6,35,23,-39,63,18,7,-19,6,33,-11,-37,63,20,13
65.8600,-17,11,35,-11,-39,75,24,16,-18,13,34,-11,-38,52,12,7,-27,14,42,-15,-36,67,28,16,-17,12,40,-13,-39,56,-4,9,-33,7,40,-8,-46,64,19,12,0,20,36,-12,-40,65,15,3,-8,3,34,21,-43,65,18,5,-20,2,31,-18,-42,68,21,8
65.8800,-26,7,38,-9,-43,75,26,15,-16,15,37,-7,-36,59,12,5,-28,8,37,-11,-30,62,31,20,-14,13,33,-11,-40,57,-3,3,-39,6,40,-11,-42,66,20,11,-1,29,34,-8,-33,64,8,1,-15,4,32,30,-38,66,20,5,-20,7,35,-10,-41,63,20,13
65.9000,-16,5,35,-11,-38,77,25,13,-22,3,40,-16,-36,58,14,10,-29,8,38,-10,-36,65,30,21,-18,14,33,-9,-37,56,3,5,-37,5,34,-10,-41,72,15,13,0,25,42,-11,-42,65,13,1,-19,-2,33,19,-40,66,16,6,-19,11,31,-13,-46,64,17,4
65.9200,-16,7,36,-8,-39,76,28,15,-24,9,33,-12,-31,56,16,10,-26,3,36,-7,-31,69,28,19,-15,7,32,-8,-36,56,-5,4,-30,3,41,-12,-38,68,23,14,2,27,37,-11,-45,64,12,-1,-15,8,33,26,-37,59,19,11,-15,7,28,-15,-41,66,22,9
65.9400,-24,5,32,-6,-43,76,23,17,-22,12,33,-8,-36,52,15,3,-26,5,39,-11,-26,68,27,22,-15,12,35,-8,-31,56,-9,3,-37,4,41,-9,-41,73,22,14,3,24,40,-14,-44,58,11,2,-15,2,36,21,-40,64,18,2,-19,4,34,-11,-44,65,22,5
65.9600,-21,4,37,-12,-37,72,27,16,-21,7,30,-6,-30,53,6,7,-29,4,33,-6,-37,64,21,16,-16,10,36,-8,-39,56,-6,4,-30,9,40,-9,-38,63,17,11,2,27,36,-11,-43,72,9,2,-18,9,35,28,-36,63,17,10,-19,12,34,-14,-38,68,22,11
65.9800,-23,6,40,-12,-44,71,29,17,-19,12,38,-10,-33,52,12,8,-28,5,34,-13,-33,68,27,16,-10,16,34,-8,-39,59,-5,2,-34,6,37,-7,-37,67,16,9,-1,21,39,-12,-40,72,17,-2,-18,8,35,21,-40,65,20,10,-20,6,28,-13,-41,65,19,10
66.0000,-20,2,38,-10,-39,74,27,16,-21,9,39,-16,-33,54,16,3,-28,13,36,-12,-36,67,31,22,-15,13,37,-10,-33,55,-7,5,-33,8,37,-11,-37,64,15,15,-7,25,41,-9,-42,68,10,3,-17,7,33,21,-39,66,15,14,-17,7,35,-16,-41,63,22,9
66.0200,-24,7,32,-8,-43,74,28,18,-21,12,35,-9,-32,56,14,8,-27,5,35,-12,-35,67,27,21,-13,14,39,-10,-42,60,-2,4,-35,5,40,-13,-33,67,14,12,-3,23,42,-11,-44,71,10,3,-18,6,34,28,-39,63,19,11,-17,8,38,-15,-39,68,20,9
66.0400,-21,8,32,-11,-42,71,26,15,-23,7,33,-13,-26,56,6,7,-30,10,30,-14,-35,68,31,16,-14,9,37,-13,-36,53,-4,1,-32,5,32,-5,-43,67,12,13,-4,24,38,-9,-42,69,8,0,-18,3,34,26,-42,64,15,5,-18,4,37,-17,-41,67,19,8
66.0600,-22,9,36,-16,-40,74,27,13,-17,6,33,-9,-30,51,10,0,-29,14,37,-13,-33,65,32,21,-17,11,32,-9,-37,54,-4,3,-29,6,34,-9,-39,69,14,10,-1,23,35,-8,-39,64,13,0,-18,6,37,26,-41,64,17,4,-17,1,41,-20,-40,68,14,8
66.0800,-18,11,34,-6,-40,72,20,19,-17,11,32,-9,-30,51,15,8,-31,8,36,-12,-32,63,33,20,-17,16,35,-8,-35,55,-5,-1,-26,9,44,-10,-41,64,16,12,-3,23,35,-10,-39,62,13,2,-14,5,28,25,-39,63,11,8,-16,5,35,-19,-40,69,23,10
66.1000,-20,8,32,-16,-40,70,23,15,-17,10,32,-8,-33,53,11,-3,-29,10,35,-13,-39,68,34,21,-17,17,38,-11,-29,59,-6,1,-31,5,35,-16,-41,64,16,15,-5,24,39,-11,-36,64,12,6,-16,10,28,25,-35,69,17,8,-16,8,38,-17,-44,65,16,7
66.1200,-20,4,33,-12,-43,75,24,14,-24,8,34,-17,-33,56,18,4,-20,3,33,-5,-38,66,30,15,-17,13,33,-13,-40,59,-4,7,-27,8,41,-14,-47,67,18,13,-3,20,40,-7,-38,63,13,5,-14,7,30,26,-37,65,16,7,-18,7,36,-16,-45,68,20,7
66.1400,-21,5,32,-9,-42,76,24,13,-21,6,34,-15,-28,53,11,2,-29,0,42,-13,-34,62,27,22,-11,14,34,-8,-36,56,3,2,-30,5,35,-11,-42,64,16,13,-8,24,39,-9,-39,64,11,6,-9,9,38,24,-42,56,15,8,-17,10,39,-15,-37,66,19,10
66.1600,-18,13,40,-12,-39,76,25,16,-24,7,39,-13,-36,50,16,5,-27,8,35,-13,-29,64,31,18,-13,9,40,-11,-30,54,-5,9,-33,7,37,-12,-41,63,15,13,0,24,35,-12,-37,60,18,4,-14,6,31,24,-41,66,21,7,-15,9,39,-19,-41,70,20,8
66.1800,-22,11,34,-12,-40,68,28,16,-25,8,32,-16,-29,47,20,1,-28,4,38,-10,-39,63,29,21,-17,12,34,-8,-35,54,-6,3,-33,7,38,-9,-44,69,14,14,-6,23,40,-12,-38,62,15,8,-16,10,35,25,-38,62,20,8,-17,6,34,-11,-47,71,16,5
66.2000,-26,14,37,-11,-38,74,24,19,-19,13,34,-12,-38,54,15,5,-25,5,36,-14,-32,67,29,18,-20,13,34,-13,-41,53,-4,2,-27,3,37,-10,-39,69,18,9,-1,17,36,-12,-43,67,14,4,-17,4,34,24,-39,65,22,7,-18,3,39,-16,-42,72,17,5
66.2200,-19,9,38,-12,-41,71,28,21,-23,12,31,-12,-34,52,12,4,-25,5,39,-8,-36,65,32,15,-12,15,40,-16,-35,59,-2,2,-31,4,38,-9,-43,65,14,13,-1,26,36,-8,-47,66,9,4,-15,7,30,21,-39,64,17,7,-19,5,37,-21,-41,68,15,7
66.2400,-17,13,35,-10,-40,76,23,19,-23,10,32,-11,-37,49,19,2,-24,9,43,-12,-41,71,36,19,-15,10,29,-7,-35,60,-10,4,-29,3,36,-10,-49,62,19,14,-3,21,35,-11,-44,64,9,3,-14,4,37,27,-34,70,14,4,-17,9,38,-17,-41,67,24,5
66.2600,-25,13,32,-6,-44,75,31,15,-19,12,33,-11,-39,57,14,4,-20,10,32,-7,-37,62,30,22,-17,10,32,-9,-35,59,-3,0,-37,3,38,-11,-45,63,14,8,4,21,32,-11,-42,64,7,8,-12,2,31,23,-40,63,15,5,-21,12,38,-15,-39,65,21,7
66.2800,-21,7,29,-12,-36,74,26,14,-20,9,34,-6,-37,50,18,1,-28,9,31,-9,-41,67,33,21,-18,11,37,-13,-40,60,-3,2,-32,6,38,-10,-44,62,21,16,-3,19,34,-8,-44,64,11,1,-19,3,33,23,-45,64,21,9,-15,9,36,-22,-33,70,14,12
66.3000,-22,6,36,-15,-39,72,26,14,-18,9,34,-14,-38,49,12,0,-25,6,36,-7,-40,65,34,23,-19,10,31,-5,-43,59,-4,7,-36,7,31,-15,-45,68,20,10,2,23,39,-8,-45,64,13,6,-15,6,33,22,-46,67,18,8,-16,4,38,-20,-37,61,21,9
66.3200,-23,12,36,-12,-44,73,23,14,-17,12,34,-10,-37,49,17,4,-20,7,35,-8,-39,69,27,19,-21,7,33,-11,-38,63,0,4,-32,8,32,-12,-43,63,17,10,-4,19,32,-5,-39,64,11,3,-14,4,36,31,-43,69,21,7,-19,12,38,-19,-44,66,19,11
66.3400,-20,6,32,-18,-43,77,31,17,-17,12,31,-12,-29,51,17,3,-22,4,32,-7,-40,65,28,23,-14,11,39,-15,-34,62,-4,4,-34,7,38,-11,-46,61,15,12,0,20,30,-8,-37,69,12,6,-18,7,30,24,-41,66,24,9,-18,10,39,-16,-41,66,15,4
66.3600,-21,7,34,-15,-45,73,31,15,-26,9,34,-7,-37,55,10,2,-24,7,36,-8,-37,62,25,15,-15,11,32,-8,-42,61,-6,2,-35,8,37,-12,-45,64,20,12,1,18,31,-8,-41,66,13,2,-14,7,34,28,-41,67,18,10,-17,4,36,-14,-39,64,21,8
66.3800,-24,11,36,-11,-40,77,29,16,-26,10,35,-8,-37,49,13,-2,-23,9,31,-10,-36,63,31,16,-23,18,33,-11,-35,55,-5,3,-35,10,34,-6,-42,68,23,13,-3,19,37,-9,-43,70,11,9,-18,2,34,26,-46,63,19,8,-18,2,34,-13,-43,66,23,9
66.4000,-20,9,31,-13,-41,73,33,10,-21,10,36,-11,-29,49,14,4,-24,8,38,-11,-34,67,29,20,-14,12,32,-6,-37,57,-6,3,-32,8,34,-9,-43,66,16,9,-3,21,36,-12,-40,65,12,1,-13,5,28,29,-34,61,21,10,-14,5,35,-17,-44,66,19,8
66.4200,-22,7,32,-15,-41,77,28,18,-21,11,34,-6,-32,58,12,4,-27,5,31,-10,-29,66,25,24,-13,16,29,-11,-37,58,-2,5,-28,4,30,-7,-36,66,11,13,-3,23,37,-6,-37,70,11,3,-19,5,33,26,-40,64,18,6,-17,3,35,-16,-43,67,20,9
66.4400,-25,6,37,-19,-44,75,29,11,-20,11,33,-7,-32,54,12,0,-21,9,33,-12,-30,64,29,20,-16,13,35,-8,-40,61,-3,5,-31,12,37,-9,-44,66,22,18,0,22,35,-9,-42,66,13,5,-11,5,33,24,-38,65,15,6,-13,5,38,-17,-41,70,21,5
66.4600,-17,6,32,-12,-47,75,29,10,-23,10,37,-9,-34,53,14,4,-24,12,39,-16,-37,65,31,22,-18,12,35,-12,-40,63,-5,0,-35,12,34,-11,-43,75,20,9,-4,23,32,-12,-37,66,14,2,-15,7,38,30,-41,62,20,7,-19,3,35,-21,-41,69,23,11
66.4800,-17,5,34,-12,-38,76,27,12,-21,11,39,-9,-34,57,11,4,-22,8,36,-11,-34,65,29,25,-20,13,35,-9,-36,62,-4,6,-27,5,41,-13,-47,71,18,16,-4,22,35,-6,-39,67,13,6,-12,5,34,29,-37,68,20,9,-12,6,34,-16,-40,71,19,12
66.5000,-19,8,39,-14,-42,80,26,14,-21,10,39,-16,-33,56,16,5,-31,11,37,-13,-37,70,31,23,-22,11,34,-10,-32,59,-5,9,-31,5,40,-10,-43,74,19,13,3,22,32,-13,-40,65,15,2,-14,7,25,28,-34,68,15,7,-13,7,31,-13,-38,70,17,1
66.5200,-22,6,39,-13,-47,77,28,11,-23,4,34,-14,-29,55,13,0,-21,12,40,-13,-32,65,28,21,-19,10,40,-14,-34,61,-5,5,-29,8,35,-12,-39,69,26,15,-4,27,35,-12,-38,65,15,1,-16,4,33,24,-32,66,19,9,-17,7,36,-16,-46,73,15,4
66.5400,-15,7,35,-21,-46,77,25,16,-18,8,35,-11,-33,54,12,0,-22,12,38,-13,-34,67,32,18,-15,13,32,-7,-42,61,-5,0,-30,6,39,-9,-37,70,22,12,9,22,38,-10,-41,62,15,4,-12,5,36,27,-38,65,23,10,-19,4,34,-22,-40,70,19,7
66.5600,-18,6,33,-13,-41,74,28,16,-21,11,39,-7,-30,54,14,6,-25,9,36,-11,-37,71,32,18,-13,9,40,-16,-37,60,1,1,-31,12,32,-13,-39,67,19,11,1,25,33,-11,-45,65,15,1,-13,1,35,30,-40,68,20,12,-14,6,35,-21,-38,69,18,7
66.5800,-25,12,38,-9,-38,75,29,10,-24,9,35,-10,-25,55,10,4,-28,13,37,-18,-43,64,30,19,-12,4,33,-11,-36,58,1,3,-32,11,36,-10,-37,70,20,16,-4,20,37,-11,-39,69,13,-2,-13,2,31,28,-37,64,17,8,-19,5,38,-17,-38,64,22,6
66.6000,-23,8,45,-11,-49,73,30,10,-18,11,31,-10,-32,53,19,7,-27,12,38,-13,-41,69,27,21,-17,9,37,-8,-41,62,1,3,-32,11,38,-10,-47,71,22,14,-2,18,35,-10,-40,64,9,2,-19,6,28,26,-42,68,20,11,-14,13,34,-18,-43,69,26,11
66.6200,-22,10,36,-11,-42,76,30,14,-19,12,33,-14,-34,55,20,3,-29,10,34,-15,-42,67,38,21,-16,12,34,-19,-38,60,0,5,-30,0,38,-13,-40,65,22,16,-2,19,38,-14,-48,70,17,4,-16,3,31,26,-38,65,18,10,-17,9,30,-16,-45,73,20,8
66.6400,-21,9,39,-14,-44,76,28,17,-23,10,34,-11,-35,55,12,1,-29,7,34,-12,-41,64,30,25,-18,13,36,-15,-38,55,2,6,-30,4,36,-14,-33,66,17,9,-2,23,38,-12,-37,71,17,-1,-20,4,28,20,-42,65,21,5,-19,8,32,-17,-39,65,20,7
66.6600,-21,11,31,-12,-48,73,30,16,-26,12,34,-11,-36,52,13,-1,-27,7,34,-12,-34,63,33,17,-18,10,38,-13,-37,60,-1,3,-31,9,38,-14,-34,68,20,15,4,24,37,-14,-46,66,12,2,-9,8,33,28,-39,64,23,9,-21,8,32,-15,-42,61,22,2
66.6800,-22,11,37,-6,-47,74,27,7,-24,11,28,-12,-31,51,18,7,-25,10,35,-17,-36,62,28,18,-19,8,37,-11,-42,59,2,6,-29,13,34,-14,-41,67,20,13,-3,18,40,-15,-43,68,11,2,-12,2,33,28,-39,64,23,7,-17,1,36,-17,-43,70,24,6
66.7000,-24,10,35,-16,-43,77,30,12,-21,13,32,-11,-35,45,19,2,-26,7,33,-13,-38,63,32,20,-15,14,35,-12,-37,59,4,7,-40,7,37,-16,-44,64,26,10,1,22,41,-12,-46,66,15,6,-16,5,33,26,-42,68,25,6,-20,15,32,-18,-39,68,22,8
66.7200,-25,11,36,-9,-41,70,28,10,-20,15,37,-12,-35,53,13,3,-28,15,37,-13,-41,72,29,20,-19,12,38,-14,-38,56,-1,3,-31,6,40,-17,-45,69,27,11,0,22,36,-13,-42,69,17,6,-13,7,32,23,-39,66,20,9,-18,7,34,-18,-35,67,21,2
66.7400,-18,13,36,-9,-38,74,19,14,-19,12,31,-8,-35,52,8,-4,-24,14,39,-13,-38,69,30,22,-21,10,32,-13,-37,59,0,-1,-33,7,36,-16,-36,62,22,15,-4,19,35,-11,-45,72,14,0,-16,3,30,31,-43,67,18,9,-22,5,32,-13,-36,64,17,11
66.7600,-22,10,33,-14,-44,73,32,15,-25,17,34,-6,-37,49,15,-1,-29,14,36,-15,-38,63,33,20,-19,10,36,-16,-33,56,2,8,-30,7,32,-14,-46,64,22,12,-1,22,36,-18,-45,70,14,-1,-16,6,34,24,-40,63,19,9,-19,7,34,-16,-40,72,16,5
66.7800,-20,4,34,-17,-48,74,27,13,-18,7,38,-9,-32,50,12,0,-27,9,32,-10,-34,65,34,26,-20,12,37,-14,-38,58,-4,2,-37,7,32,-9,-42,63,24,12,1,22,35,-13,-42,72,15,4,-15,2,35,26,-41,64,22,8,-15,10,33,-12,-39,69,21,7
66.8000,-22,5,36,-13,-42,76,30,11,-22,12,32,-10,-35,52,12,1,-26,8,31,-10,-37,69,28,26,-15,14,37,-9,-32,57,-1,3,-33,10,31,-10,-39,66,22,10,-5,27,34,-14,-38,67,16,4,-17,5,31,28,-38,63,17,4,-20,7,34,-19,-38,68,24,6
66.8200,-18,6,37,-12,-47,80,31,12,-21,14,34,-11,-28,52,14,2,-29,7,35,-14,-38,69,30,16,-16,13,34,-7,-32,59,-2,3,-36,5,39,-14,-39,69,18,12,2,19,31,-12,-42,71,12,5,-16,5,32,26,-43,67,17,9,-22,10,38,-21,-38,68,19,8
66.8400,-16,6,35,-10,-48,72,25,18,-28,9,38,-9,-26,56,15,8,-26,8,36,-8,-39,70,35,21,-17,9,32,-9,-37,61,-7,4,-31,7,34,-16,-43,67,19,14,3,19,30,-10,-43,66,17,7,-16,5,31,30,-36,64,16,8,-21,5,35,-23,-42,72,23,12
66.8600,-17,5,39,-12,-42,77,30,11,-24,11,32,-16,-25,54,15,5,-23,2,38,-9,-43,68,28,22,-19,8,36,-10,-45,64,-1,2,-30,15,36,-11,-39,69,21,12,-2,25,34,-10,-40,65,12,5,-15,7,31,27,-38,69,19,5,-16,8,32,-15,-40,69,18,6
66.8800,-18,3,34,-12,-42,79,28,14,-17,9,36,-13,-31,57,14,9,-24,5,36,-5,-35,68,25,20,-20,10,41,-7,-35,56,-2,3,-30,11,31,-13,-39,67,15,20,3,14,37,-14,-41,69,16,1,-12,2,30,30,-39,67,20,5,-12,5,34,-17,-41,69,21,11
66.9000,-16,1,33,-12,-35,73,26,17,-14,10,31,-17,-30,51,13,9,-25,10,35,-8,-37,67,31,18,-19,10,31,-8,-34,61,-4,1,-29,9,32,-9,-38,70,21,16,-3,20,34,-10,-38,66,11,0,-17,4,30,32,-38,67,21,10,-19,3,32,-13,-42,68,24,11
66.9200,-20,12,34,-10,-37,81,27,13,-20,7,30,-7,-37,59,13,7,-29,9,31,-8,-43,72,33,18,-17,12,34,-5,-38,54,2,2,-33,5,33,-6,-42,72,23,18,-4,21,33,-15,-39,65,12,0,-11,5,26,34,-33,64,17,14,-20,1,35,-21,-45,71,16,6
66.9400,-23,9,36,-11,-43,72,29,11,-20,10,34,-8,-32,56,19,8,-29,4,35,-8,-31,62,33,23,-15,11,34,-7,-29,59,-5,4,-33,9,39,-15,-39,69,18,11,-4,21,31,-6,-40,67,12,-4,-13,7,25,31,-35,65,19,10,-21,5,37,-17,-43,71,17,12
66.9600,-15,10,33,-13,-42,78,27,11,-20,11,32,-5,-32,51,16,2,-25,6,32,-9,-35,69,32,19,-19,11,29,-9,-36,55,1,5,-34,3,39,-12,-39,71,21,13,-3,16,35,-12,-40,67,11,9,-13,6,32,30,-36,64,19,8,-19,6,36,-22,-52,68,25,7
66.9800,-17,4,37,-11,-38,76,28,15,-19,10,38,-7,-31,57,19,7,-22,9,32,-10,-35,66,35,20,-18,6,28,-7,-30,56,0,6,-28,7,35,-9,-38,68,23,18,2,23,30,-10,-40,67,16,3,-12,6,29,36,-39,70,21,8,-20,6,30,-13,-38,67,14,12
67.0000,-19,3,34,-9,-37,75,29,15,-17,13,31,-7,-36,52,17,2,-28,7,29,-8,-35,69,33,21,-19,12,31,-6,-31,62,-5,4,-35,6,37,-14,-40,69,26,14,1,21,33,-12,-37,68,11,4,-11,10,33,36,-42,67,20,9,-17,1,26,-12,-38,65,18,7
67.0200,-17,4,31,-10,-42,76,29,16,-23,9,34,-9,-32,54,17,7,-27,7,35,-11,-39,68,32,21,-16,7,32,-7,-34,62,-2,4,-27,2,33,-12,-41,66,25,17,0,24,31,-10,-41,72,12,3,-12,5,26,32,-38,64,12,8,-15,7,35,-17,-43,67,19,8
67.0400,-14,7,34,-7,-43,76,28,11,-17,5,36,-12,-28,54,19,7,-28,8,36,-12,-38,70,32,18,-16,10,31,-9,-35,59,-1,8,-31,7,35,-10,-40,72,24,11,3,20,35,-13,-39,63,12,3,-10,9,31,31,-40,66,13,8,-19,9,34,-19,-44,64,23,6
67.0600,-18,10,38,-11,-42,74,30,15,-16,7,36,-14,-33,55,13,6,-23,18,36,-7,-37,65,33,12,-16,14,33,-5,-35,57,-1,5,-32,0,31,-12,-41,73,25,15,2,22,34,-6,-39,71,9,3,-20,9,29,37,-44,71,18,12,-16,5,35,-18,-35,70,21,8
67.0800,-22,9,35,-15,-40,77,32,12,-18,11,31,-10,-34,55,17,-2,-20,13,35,-11,-41,60,33,21,-17,13,35,-10,-38,62,0,6,-28,5,34,-11,-43,66,23,16,5,23,29,-11,-32,70,12,2,-21,12,30,31,-42,69,16,7,-13,2,33,-18,-34,63,24,1
67.1000,-22,10,29,-11,-41,82,26,19,-18,10,34,-12,-36,51,17,1,-22,8,39,-13,-33,62,36,22,-18,13,42,-13,-36,56,-1,7,-29,4,32,-12,-38,68,21,17,2,24,34,-11,-40,69,10,0,-14,6,30,30,-38,69,23,8,-14,2,30,-18,-41,71,21,7
67.1200,-21,6,31,-10,-41,76,29,13,-21,10,35,-11,-32,50,23,-3,-22,11,36,-8,-35,67,27,19,-18,12,31,-12,-39,57,-3,9,-31,7,33,-13,-40,66,21,20,4,23,40,-8,-38,69,14,2,-10,4,32,28,-36,73,16,8,-10,4,39,-19,-44,71,21,11
67.1400,-17,6,38,-15,-40,75,28,12,-21,9,35,-9,-30,54,14,6,-21,14,29,-9,-37,67,35,21,-17,9,37,-7,-36,61,6,2,-28,6,32,-7,-39,68,23,12,-3,23,35,-6,-35,68,8,2,-18,7,36,33,-37,67,21,16,-16,3,35,-15,-33,67,19,6
67.1600,-25,13,35,-9,-46,69,25,14,-26,13,33,-12,-34,55,11,1,-26,7,31,-8,-36,64,29,18,-18,10,38,-10,-39,58,3,3,-31,6,31,-9,-40,64,23,15,0,26,33,-11,-44,71,10,-1,-14,5,30,34,-41,67,23,8,-22,10,34,-18,-40,66,22,10
67.1800,-25,9,34,-10,-44,73,29,16,-21,12,34,-12,-30,49,20,7,-26,10,34,-8,-32,60,28,21,-22,14,34,-9,-40,57,4,5,-33,1,32,-8,-38,63,22,17,5,21,35,-8,-41,69,11,2,-15,3,32,29,-38,67,21,7,-18,7,33,-20,-39,69,16,6
67.2000,-26,3,38,-10,-43,76,28,13,-23,14,28,-10,-32,53,22,4,-25,7,32,-11,-31,64,32,17,-11,10,38,-12,-35,55,1,8,-33,6,41,-13,-39,69,24,11,2,19,39,-12,-41,67,12,0,-18,4,32,31,-36,70,20,8,-18,6,36,-20,-36,64,23,6
67.2200,-22,9,36,-9,-45,79,29,11,-16,11,31,-10,-27,53,16,0,-28,10,35,-8,-36,64,27,23,-19,9,35,-13,-33,58,-5,1,-31,5,33,-7,-42,67,23,15,2,18,34,-13,-40,68,7,2,-15,-1,33,27,-44,67,18,9,-19,5,34,-20,-38,66,23,8
67.2400,-25,9,39,-10,-40,77,29,12,-23,10,34,-16,-36,50,13,-2,-23,9,32,-8,-38,66,30,21,-13,9,37,-11,-33,53,2,1,-34,3,32,-13,-40,69,22,14,0,25,38,-13,-41,69,8,2,-16,-2,33,23,-44,71,20,6,-14,11,35,-18,-42,65,22,8
67.2600,-27,6,34,-14,-40,74,24,14,-23,11,29,-11,-28,53,16,5,-22,11,35,-11,-34,70,34,19,-18,7,34,-14,-38,57,-3,2,-31,7,37,-12,-39,71,22,16,0,22,32,-16,-41,70,9,-1,-18,8,30,29,-42,65,21,11,-15,6,33,-18,-35,70,19,11
67.2800,-18,3,36,-14,-39,79,28,6,-21,14,29,-16,-26,53,15,6,-27,9,33,-12,-41,72,32,23,-18,10,36,-10,-32,60,5,5,-35,6,35,-10,-39,66,19,16,2,22,31,-18,-41,71,11,5,-13,9,34,28,-40,67,19,10,-13,7,33,-21,-36,71,19,8
67.3000,-21,8,33,-12,-42,73,26,14,-14,13,32,-10,-25,57,12,2,-26,8,37,-10,-41,71,28,23,-18,12,39,-16,-40,57,7,1,-32,3,38,-17,-39,70,15,16,-5,21,31,-12,-44,69,15,3,-15,3,31,25,-39,65,20,10,-14,7,35,-17,-33,71,14,8
67.3200,-17,8,31,-13,-36,73,23,6,-21,13,37,-9,-28,50,17,2,-25,6,31,-15,-41,68,34,22,-16,14,34,-12,-38,59,6,8,-35,8,32,-10,-40,65,17,13,-4,19,34,-13,-46,74,6,-1,-17,7,38,30,-38,62,21,7,-15,2,35,-17,-41,72,20,9
67.3400,-18,10,33,-14,-42,72,30,13,-27,13,36,-11,-30,53,10,4,-24,6,34,-11,-35,68,30,17,-17,14,35,-11,-34,60,-2,3,-36,3,28,-15,-40,71,22,14,1,24,32,-15,-36,72,13,-1,-17,5,34,32,-44,66,20,11,-19,2,37,-19,-41,69,20,15
67.3600,-17,-1,31,-18,-36,71,29,18,-19,15,36,-7,-30,48,18,6,-23,7,34,-17,-41,70,29,17,-21,12,35,-13,-39,58,0,4,-32,8,33,-15,-34,73,24,10,-4,28,32,-18,-44,71,14,0,-15,4,34,29,-39,72,22,10,-14,8,41,-19,-44,74,24,16
67.3800,-17,11,30,-14,-41,76,30,15,-17,12,31,-6,-30,53,11,7,-24,6,30,-11,-38,72,30,24,-18,15,32,-7,-43,64,2,9,-34,8,31,-10,-37,72,24,14,1,24,34,-13,-39,71,17,-4,-9,6,37,25,-39,68,22,7,-15,7,34,-17,-43,70,19,12
67.4000,-23,8,39,-15,-44,74,35,13,-18,11,30,-18,-33,51,14,4,-30,8,36,-14,-42,71,34,18,-22,19,34,-9,-38,59,1,2,-31,9,36,-15,-40,77,22,18,1,23,32,-12,-41,68,17,-1,-12,-1,37,26,-36,70,22,8,-11,8,39,-19,-42,68,24,9
67.4200,-19,5,39,-11,-42,69,24,13,-20,14,31,-13,-33,53,17,-1,-26,11,32,-15,-39,70,31,22,-22,16,32,-15,-35,60,-3,3,-34,7,36,-15,-41,69,21,11,-2,20,30,-10,-43,68,13,5,-13,3,34,34,-36,65,19,11,-13,8,33,-20,-39,72,22,7
67.4400,-16,4,33,-14,-44,76,32,13,-20,14,39,-14,-33,58,17,1,-23,15,35,-12,-41,69,31,18,-20,11,33,-9,-33,58,3,1,-37,8,36,-8,-40,67,20,16,-2,21,33,-17,-37,72,9,2,-15,8,31,27,-39,69,16,2,-17,4,32,-23,-39,71,25,5
67.4600,-15,9,36,-13,-44,73,28,15,-24,13,34,-6,-33,52,17,7,-28,12,34,-12,-40,71,32,21,-17,9,28,-12,-37,59,-1,6,-29,2,36,-13,-37,68,26,12,-1,18,34,-22,-41,75,16,0,-15,2,32,33,-41,67,21,7,-15,7,33,-21,-40,76,21,8
67.4800,-25,8,32,-14,-43,77,32,13,-22,13,33,-14,-31,53,20,3,-26,9,32,-14,-42,72,32,19,-20,9,34,-8,-37,62,-2,7,-35,6,33,-10,-41,67,24,13,-1,16,35,-12,-34,71,12,3,-17,8,33,33,-42,71,23,11,-19,6,29,-15,-40,68,21,8
67.5000,-20,2,31,-11,-42,75,25,13,-18,9,28,-11,-30,52,20,3,-25,11,32,-11,-33,68,31,24,-22,11,32,-10,-36,57,1,8,-33,8,32,-14,-38,68,27,11,1,18,31,-14,-34,71,9,-1,-14,4,32,35,-42,67,18,6,-16,1,34,-20,-41,72,23,3
67.5200,-19,7,27,-11,-40,75,25,12,-18,19,36,-12,-30,58,20,3,-24,7,30,-14,-38,67,31,18,-20,10,32,-9,-33,58,0,6,-34,4,29,-12,-37,70,21,13,2,20,34,-5,-38,71,11,5,-11,2,34,31,-37,68,21,11,-18,6,36,-21,-39,72,20,8
67.5400,-16,5,37,-16,-41,71,28,10,-20,10,29,-12,-33,56,16,1,-22,9,33,-13,-33,69,32,18,-21,9,33,-11,-38,61,3,2,-31,4,40,-10,-40,65,22,11,-3,21,30,-7,-40,71,12,4,-9,2,31,32,-36,68,17,8,-18,5,30,-20,-39,71,20,7
67.5600,-19,4,30,-9,-42,72,33,14,-19,16,28,-15,-34,55,18,-2,-29,7,29,-12,-36,68,35,15,-15,13,26,-14,-34,57,-2,-5,-35,7,34,-11,-40,68,24,12,1,26,33,-8,-42,71,12,-6,-14,3,33,38,-37,70,21,9,-16,3,35,-19,-46,66,21,5
67.5800,-16,3,31,-8,-38,75,28,10,-17,13,34,-15,-31,54,19,2,-26,11,28,-8,-35,71,31,17,-21,13,34,-11,-36,63,-1,5,-29,1,34,-11,-35,65,26,15,-2,22,36,-6,-38,70,15,-4,-10,9,31,34,-36,66,22,7,-15,11,30,-22,-42,71,20,8
67.6000,-23,5,33,-10,-34,75,28,13,-22,15,32,-13,-33,56,23,3,-26,7,31,-9,-35,67,34,21,-20,10,30,-9,-37,59,-1,5,-32,2,33,-11,-39,63,29,8,-3,18,38,-9,-39,70,9,3,-16,5,33,36,-33,71,23,6,-16,7,28,-13,-40,68,25,5
67.6200,-23,12,34,-14,-38,73,27,12,-20,14,32,-12,-33,55,15,6,-29,16,33,-6,-37,62,32,17,-17,13,31,-7,-37,57,2,1,-39,2,35,-12,-44,67,30,12,-4,19,40,-7,-36,64,9,2,-9,2,31,35,-33,69,21,9,-9,4,28,-17,-36,67,24,10
67.6400,-22,6,35,-9,-37,75,27,8,-18,16,35,-13,-30,53,19,2,-28,13,32,-10,-37,67,32,16,-18,8,35,-5,-39,63,3,6,-36,6,30,-15,-41,67,26,15,2,18,40,-11,-38,71,15,6,-15,6,28,34,-39,69,20,9,-19,2,29,-13,-38,74,15,3
67.6600,-20,7,33,-10,-38,75,29,15,-20,20,36,-9,-32,54,18,-1,-25,11,31,-6,-41,66,36,21,-20,14,32,-5,-33,63,-1,7,-28,3,31,-6,-40,70,18,11,0,24,35,-16,-30,68,13,-2,-16,9,29,33,-37,70,16,12,-18,8,29,-12,-39,76,21,7
67.6800,-20,6,32,-10,-42,79,34,15,-15,15,28,-13,-27,55,19,2,-20,10,31,-6,-32,66,29,17,-24,11,34,-9,-38,61,1,4,-28,9,31,-12,-37,65,24,18,3,19,31,-5,-34,69,8,4,-10,1,30,33,-36,70,18,11,-19,2,33,-12,-38,68,18,3
67.7000,-19,1,37,-14,-43,79,34,16,-18,9,31,-9,-22,59,18,-2,-26,11,29,-7,-38,71,29,21,-15,16,30,-11,-36,60,6,6,-36,10,35,-13,-36,66,24,16,4,20,32,-9,-37,75,15,4,-10,4,35,28,-40,72,19,7,-13,8,32,-9,-38,70,20,5
67.7200,-25,4,38,-11,-40,79,30,15,-17,15,30,-6,-28,51,15,8,-27,9,32,-8,-34,68,29,19,-20,11,36,-10,-36,56,-1,5,-34,4,33,-11,-39,64,23,15,2,18,35,-7,-33,73,13,3,-13,4,31,32,-38,73,18,6,-12,13,31,-7,-38,66,20,7
67.7400,-24,2,33,-15,-39,76,34,13,-18,4,35,-8,-26,55,17,3,-27,10,38,-9,-38,71,31,25,-20,12,32,-9,-33,58,3,5,-32,8,33,-10,-33,68,22,18,-4,22,29,-13,-35,75,9,6,-15,13,32,34,-35,70,19,10,-15,3,30,-12,-39,69,22,9
67.7600,-25,0,39,-11,-42,79,28,13,-16,7,30,-9,-27,56,11,-2,-26,9,39,-15,-36,66,33,25,-26,16,37,-12,-41,58,4,5,-35,7,31,-10,-39,72,27,23,0,18,36,-8,-35,74,10,4,-15,5,31,33,-39,68,22,9,-16,7,34,-13,-33,69,23,12
67.7800,-14,5,30,-14,-44,75,29,11,-23,16,32,-11,-32,58,13,4,-27,12,36,-4,-38,73,31,25,-21,15,31,-12,-35,63,3,13,-30,9,34,-13,-34,69,28,17,0,22,33,-9,-39,71,10,5,-13,6,36,30,-39,65,21,9,-15,8,27,-7,-38,70,23,7
67.8000,-22,3,32,-12,-40,79,29,12,-17,14,37,-6,-31,57,16,1,-26,10,32,-16,-40,73,30,31,-17,17,34,-6,-36,59,5,6,-31,7,30,-8,-40,71,23,11,2,20,32,-8,-31,71,12,1,-13,-1,31,35,-36,73,21,12,-18,10,36,-16,-42,68,20,7
67.8200,-15,4,30,-15,-39,79,33,12,-17,11,34,-9,-28,55,19,9,-25,9,33,-11,-30,70,29,22,-17,13,37,-9,-35,57,3,5,-32,10,32,-8,-41,68,24,17,3,16,33,-13,-39,64,15,4,-12,3,29,35,-36,63,18,15,-7,5,33,-17,-35,70,18,9
67.8400,-20,10,32,-15,-44,76,30,7,-23,12,41,-12,-34,59,15,3,-18,4,35,-13,-37,67,30,24,-18,10,32,-13,-38,58,0,6,-33,11,34,-12,-39,74,26,16,1,20,31,-18,-39,65,13,3,-16,1,30,34,-32,68,22,8,-15,5,36,-13,-35,72,23,6
67.8600,-21,5,35,-19,-45,78,31,14,-18,13,29,-7,-31,56,14,4,-20,10,37,-11,-37,73,31,23,-17,14,35,-16,-38,57,5,7,-31,4,34,-14,-46,70,21,12,5,22,37,-18,-38,70,19,6,-12,5,31,32,-35,68,19,7,-13,8,33,-17,-34,72,21,10
67.8800,-23,4,38,-12,-39,77,32,18,-22,12,35,-10,-32,60,18,4,-21,4,39,-11,-37,75,40,28,-19,16,35,-7,-35,57,1,9,-37,5,32,-17,-42,71,22,15,3,25,35,-7,-36,68,13,3,-18,6,31,34,-38,66,23,5,-21,8,35,-19,-38,70,21,9
67.9000,-17,7,35,-15,-37,73,33,8,-17,14,34,-12,-30,58,16,3,-19,3,32,-20,-38,67,35,22,-21,11,33,-8,-38,56,3,6,-29,8,29,-14,-38,75,20,16,2,23,29,-12,-38,73,17,4,-18,9,33,30,-37,61,21,7,-13,12,35,-22,-41,72,24,6
67.9200,-19,6,36,-10,-37,80,33,12,-22,11,28,-14,-30,56,21,9,-26,7,33,-16,-39,67,35,23,-16,14,30,-11,-36,60,-1,9,-32,3,36,-15,-40,71,23,13,6,23,35,-7,-33,70,11,-4,-14,7,34,34,-41,67,22,8,-13,-1,37,-24,-26,71,19,10
67.9400,-22,8,36,-14,-39,72,38,12,-20,14,32,-15,-31,54,18,6,-23,5,33,-14,-35,68,35,18,-22,17,37,-15,-35,57,4,11,-35,4,31,-9,-40,70,26,13,-4,21,36,-9,-41,69,14,9,-16,4,31,28,-39,66,21,10,-19,4,33,-28,-33,70,19,5
67.9600,-16,11,34,-14,-38,68,37,10,-17,14,34,-14,-24,54,16,4,-21,8,32,-15,-35,65,29,23,-16,14,36,-13,-33,61,0,1,-34,8,37,-7,-40,70,21,15,-2,20,34,-12,-39,71,14,1,-12,6,32,33,-33,70,23,9,-10,4,37,-26,-36,70,18,4
67.9800,-20,6,33,-12,-35,75,31,13,-20,9,36,-14,-31,52,20,2,-30,10,24,-20,-40,67,33,19,-14,10,35,-12,-35,62,4,5,-34,5,35,-17,-39,74,30,16,-1,23,33,-15,-39,67,12,5,-18,3,34,32,-38,66,21,9,-15,9,36,-22,-36,68,21,10
68.0000,-26,5,29,-17,-43,70,30,10,-21,17,31,-11,-26,54,19,5,-29,8,29,-14,-38,65,33,23,-17,12,37,-16,-33,64,0,3,-34,8,34,-15,-42,69,23,13,-2,23,33,-9,-36,64,13,-4,-17,2,36,31,-39,69,22,10,-17,7,32,-23,-39,72,21,6
68.0200,-22,7,33,-15,-40,72,32,10,-18,14,33,-11,-20,50,13,1,-30,11,24,-13,-33,68,32,22,-21,6,34,-16,-35,59,1,9,-34,1,31,-11,-38,67,26,17,0,16,32,-10,-33,66,10,2,-10,5,38,32,-37,67,22,11,-16,7,34,-21,-36,66,21,13
68.0400,-11,3,31,-14,-34,76,29,9,-18,12,32,-15,-27,48,14,7,-21,13,25,-18,-32,64,25,18,-16,19,36,-9,-40,62,-3,6,-38,2,28,-14,-40,68,23,20,5,26,32,-5,-31,69,14,-1,-11,5,29,34,-33,70,21,9,-16,2,40,-20,-37,71,23,11
68.0600,-21,4,32,-20,-34,72,30,14,-18,16,35,-14,-27,56,17,9,-24,8,25,-16,-38,69,28,19,-19,15,30,-13,-36,62,-2,7,-34,6,32,-17,-35,75,25,23,2,25,38,-10,-37,69,10,5,-16,7,35,32,-36,72,23,9,-15,3,31,-19,-41,70,22,8
68.0800,-20,2,26,-14,-40,73,34,15,-25,12,32,-16,-29,56,20,5,-26,15,36,-10,-38,71,34,18,-19,10,32,-8,-34,57,0,5,-30,2,34,-15,-40,68,24,16,2,21,34,-10,-38,69,11,-1,-16,4,30,27,-34,68,16,11,-18,4,34,-22,-40,69,25,9
68.1000,-22,5,30,-6,-33,71,29,10,-22,9,30,-11,-35,55,18,6,-25,12,31,-7,-36,66,26,17,-20,12,30,-16,-36,62,0,6,-37,1,34,-12,-43,69,29,16,5,21,39,-10,-37,71,11,1,-14,2,32,31,-43,71,19,8,-12,6,31,-23,-38,67,25,14
68.1200,-19,1,29,-14,-36,73,31,14,-22,13,32,-11,-27,55,16,0,-22,16,33,-9,-34,66,35,17,-11,12,35,-13,-42,57,0,2,-36,5,34,-9,-38,69,27,17,4,20,28,-9,-30,71,17,7,-13,1,34,32,-43,66,20,11,-19,10,36,-20,-40,69,21,7
68.1400,-19,5,28,-14,-44,77,27,13,-13,12,31,-11,-18,55,15,2,-27,15,27,-5,-41,68,29,17,-17,12,35,-9,-35,63,0,8,-37,3,29,-16,-34,68,24,13,2,18,26,-9,-39,71,10,4,-13,2,31,31,-42,73,20,13,-15,6,34,-24,-34,68,21,8
68.1600,-17,1,34,-9,-36,77,25,14,-23,16,33,-12,-24,53,15,2,-22,10,30,-11,-39,73,30,19,-13,8,28,-13,-36,64,4,10,-34,2,32,-7,-36,67,26,21,0,24,28,-4,-38,69,17,6,-17,1,25,32,-38,76,21,14,-18,8,33,-18,-33,67,23,7
68.1800,-17,4,32,-12,-41,77,32,11,-22,13,29,-12,-22,58,19,4,-28,8,26,-2,-40,72,29,22,-17,14,32,-12,-35,62,5,9,-34,2,30,-10,-37,68,25,19,2,20,31,-10,-40,73,17,6,-12,4,31,32,-40,79,22,11,-20,3,25,-15,-32,65,22,12
68.2000,-16,6,30,-17,-36,76,25,18,-18,12,26,-8,-29,53,20,5,-28,11,36,-4,-42,73,32,21,-19,12,26,-9,-41,60,3,4,-33,5,34,-8,-34,64,26,16,1,19,33,-14,-44,78,14,5,-12,3,33,35,-31,66,24,11,-16,4,39,-16,-38,65,20,10
68.2200,-16,1,33,-13,-42,76,29,11,-19,16,31,-8,-25,50,15,4,-28,16,34,-5,-39,67,32,19,-19,12,33,-13,-33,60,0,3,-42,5,33,-6,-38,70,21,13,3,17,31,-10,-44,77,20,0,-12,2,34,31,-36,71,23,13,-15,3,30,-15,-32,70,25,10
68.2400,-19,9,24,-14,-44,77,27,14,-24,16,32,-5,-28,52,19,4,-28,11,35,-5,-36,67,33,22,-19,14,35,-4,-42,65,6,4,-41,10,31,-7,-36,71,25,14,5,23,34,-5,-41,74,16,3,-14,4,27,34,-40,72,24,7,-17,2,31,-13,-38,70,24,10
68.2600,-14,-2,25,-11,-45,76,33,11,-18,11,30,-6,-24,51,15,6,-26,13,34,-4,-31,68,28,20,-22,11,31,-5,-38,65,4,0,-42,10,32,-7,-37,74,30,10,-2,19,36,-7,-36,71,11,1,-13,1,29,34,-39,70,25,15,-18,0,36,-14,-36,72,23,10
68.2800,-21,0,34,-16,-37,75,32,14,-19,10,37,-6,-25,57,17,-1,-27,12,35,-5,-36,70,37,25,-18,11,29,-4,-34,63,5,7,-38,2,34,-7,-37,66,22,15,2,18,32,-8,-44,78,14,0,-18,8,36,37,-42,72,21,10,-15,5,28,-18,-40,73,20,10
68.3000,-19,4,31,-17,-41,75,34,11,-15,13,31,-2,-27,55,18,5,-25,8,34,-13,-40,70,29,21,-17,14,31,-9,-37,62,6,1,-39,10,32,-6,-40,73,24,13,1,16,31,-10,-39,71,16,0,-9,6,33,36,-41,72,27,4,-13,7,35,-15,-40,78,20,9
68.3200,-21,6,30,-15,-44,76,33,11,-21,12,31,-10,-26,55,13,5,-29,11,34,-12,-38,71,36,17,-18,13,33,-7,-36,64,4,3,-36,4,32,-9,-31,71,21,11,2,24,30,-10,-35,75,20,1,-8,3,32,35,-39,71,22,8,-15,1,30,-10,-37,77,20,13
68.3400,-20,7,34,-17,-40,80,37,9,-20,13,35,-12,-25,56,16,5,-24,10,37,-13,-37,75,33,20,-16,19,33,-11,-41,61,4,2,-38,11,34,-11,-38,68,20,18,3,23,31,-9,-30,71,12,0,-15,6,31,35,-40,68,24,7,-16,5,29,-13,-38,82,28,10
68.3600,-19,2,32,-17,-50,77,40,10,-19,8,31,-12,-31,62,11,7,-23,5,30,-14,-39,74,34,27,-17,14,34,-1,-32,64,4,1,-41,10,33,-12,-33,69,23,11,1,22,35,-9,-36,78,16,-2,-16,1,25,43,-36,73,21,2,-9,5,29,-12,-41,75,18,6
68.3800,-20,6,30,-9,-47,79,31,9,-25,13,32,-14,-32,64,13,6,-25,12,35,-19,-38,70,35,22,-21,13,34,-5,-37,57,5,8,-36,11,38,-7,-36,73,20,10,-2,21,36,-13,-39,77,17,1,-14,2,33,36,-38,69,23,12,-17,1,29,-16,-42,75,30,5
68.4000,-14,9,32,-17,-43,76,36,13,-24,16,38,-13,-32,64,14,4,-28,8,33,-16,-40,72,34,25,-21,9,31,-7,-29,59,5,9,-39,4,30,-14,-40,75,24,11,-2,16,34,-6,-33,73,10,2,-20,3,32,38,-43,70,26,13,-14,5,31,-15,-47,77,30,7
68.4200,-21,4,31,-14,-41,73,32,9,-22,16,35,-17,-29,58,15,5,-27,8,31,-14,-39,72,32,21,-17,13,36,-5,-35,58,6,6,-39,6,39,-14,-36,65,19,13,-1,26,32,-9,-34,68,11,-3,-20,8,36,31,-35,65,25,6,-12,11,32,-14,-43,75,23,3
68.4400,-25,8,31,-14,-43,72,35,11,-18,11,32,-19,-31,64,16,8,-29,6,33,-15,-42,70,34,20,-16,17,33,-10,-38,59,7,6,-35,9,33,-14,-42,67,27,11,2,20,37,-12,-37,69,13,5,-15,2,29,28,-36,69,22,14,-17,16,32,-19,-40,78,25,5
68.4600,-24,6,34,-16,-40,75,29,8,-26,11,36,-17,-30,58,23,5,-29,9,34,-16,-44,75,30,25,-17,15,36,-12,-35,59,6,-4,-38,9,35,-9,-39,71,27,10,0,25,38,-8,-34,72,16,2,-18,7,33,32,-36,71,23,6,-13,11,27,-14,-42,69,23,6
68.4800,-16,9,37,-14,-41,82,36,12,-21,19,36,-13,-28,59,21,3,-26,12,41,-15,-43,67,36,16,-17,16,33,-15,-33,62,2,7,-41,8,32,-15,-41,71,29,13,2,24,35,-4,-37,66,18,-1,-19,1,38,31,-34,69,20,9,-16,7,32,-21,-41,69,23,4
68.5000,-25,2,34,-16,-46,78,36,12,-17,11,38,-16,-33,61,24,8,-33,14,31,-19,-44,66,34,24,-20,6,36,-13,-37,61,8,6,-44,7,36,-16,-43,68,27,16,-3,23,35,-10,-34,69,15,4,-18,5,38,29,-39,72,23,6,-17,11,35,-18,-37,69,22,1
68.5200,-21,0,31,-13,-37,73,38,11,-20,16,31,-17,-31,57,22,6,-26,12,38,-12,-34,62,32,18,-21,17,35,-6,-36,60,9,5,-40,3,38,-10,-37,72,24,15,-8,24,41,-12,-35,70,15,0,-13,10,35,32,-35,69,24,8,-16,13,35,-18,-39,65,28,4
68.5400,-18,2,35,-9,-45,76,33,4,-16,13,36,-18,-31,63,19,2,-31,12,35,-9,-31,64,37,23,-18,7,35,-14,-39,66,2,8,-40,2,36,-13,-35,72,21,11,-1,23,31,-18,-31,70,13,5,-14,5,31,29,-42,70,26,9,-22,16,33,-18,-42,75,22,1
68.5600,-27,5,35,-11,-43,76,33,11,-17,15,36,-18,-34,58,19,-3,-24,6,30,-11,-33,65,34,20,-23,16,39,-13,-34,64,6,5,-37,6,31,-18,-36,69,26,8,-6,20,36,-9,-33,71,12,2,-21,-1,41,31,-38,69,23,14,-18,8,33,-19,-38,68,23,4
68.5800,-18,1,36,-10,-49,76,30,8,-22,15,33,-15,-26,60,21,0,-31,11,29,-8,-35,60,35,22,-18,17,38,-7,-40,59,1,3,-40,7,35,-14,-39,68,25,14,-4,16,37,-14,-36,73,18,0,-13,5,28,26,-37,63,19,9,-23,11,35,-17,-35,67,21,0
68.6000,-22,7,32,-14,-39,79,32,10,-21,13,32,-15,-25,59,25,5,-31,16,27,-4,-35,60,35,20,-20,12,31,-12,-31,57,5,5,-38,11,29,-11,-35,68,24,14,-3,24,36,-14,-36,65,16,2,-20,9,35,32,-37,70,24,4,-20,5,28,-21,-37,68,22,3
68.6200,-26,5,30,-15,-44,73,33,11,-15,13,30,-13,-22,53,18,5,-33,15,27,-2,-28,66,30,20,-20,14,35,-10,-37,57,1,12,-32,7,28,-13,-37,68,24,13,-4,20,29,-13,-32,69,13,-2,-17,5,31,29,-37,75,18,12,-19,5,35,-20,-31,63,24,7
68.6400,-18,-1,33,-15,-46,76,34,9,-22,10,28,-6,-25,59,15,0,-24,6,33,-4,-31,60,24,22,-17,9,30,-8,-31,62,7,5,-35,4,30,-7,-37,65,28,15,-2,22,31,-10,-35,75,15,1,-16,5,33,30,-37,71,23,12,-24,5,31,-17,-31,65,19,11
68.6600,-18,5,29,-11,-44,73,29,13,-18,15,23,-6,-22,54,19,3,-26,8,27,-5,-30,64,31,22,-17,13,32,-8,-41,57,4,8,-37,5,24,-11,-38,71,24,20,-4,26,28,-13,-34,68,9,-1,-13,3,29,35,-37,70,19,13,-19,7,39,-20,-37,68,21,9
68.6800,-23,3,33,-14,-37,74,35,12,-21,18,30,-9,-29,57,18,4,-29,6,31,-5,-36,64,29,23,-19,12,30,-14,-37,58,0,5,-34,4,27,-10,-38,69,25,15,6,21,34,-18,-35,76,18,-2,-19,3,29,31,-35,75,21,12,-17,6,34,-15,-34,64,19,11
68.7000,-20,6,32,-13,-38,79,33,11,-21,18,33,-7,-33,56,18,0,-30,5,27,-3,-33,71,32,22,-20,16,30,-8,-37,64,6,1,-38,5,32,-8,-43,70,23,14,0,23,26,-17,-38,74,13,0,-17,3,29,33,-39,69,17,7,-17,4,32,-19,-38,68,24,17
68.7200,-17,-1,32,-9,-40,80,32,9,-16,11,30,-7,-28,53,15,7,-28,8,28,-5,-34,70,28,17,-17,14,35,-16,-37,61,-2,7,-31,3,28,-7,-36,71,20,19,0,23,30,-15,-44,71,14,-1,-10,-1,30,37,-41,65,23,14,-14,-1,33,-13,-30,71,17,19
68.7400,-18,-1,28,-10,-39,79,25,17,-13,10,29,-10,-24,58,12,9,-23,6,29,-9,-38,70,26,20,-17,14,28,-9,-38,60,0,13,-35,6,27,-12,-38,70,24,17,5,24,27,-12,-42,71,16,1,-16,3,28,38,-40,68,20,8,-14,1,31,-17,-37,69,20,15
68.7600,-19,0,32,-13,-49,80,28,13,-19,10,29,-6,-23,60,16,8,-27,4,36,-3,-36,81,32,21,-16,11,23,-8,-38,60,0,8,-35,0,32,-2,-30,67,26,19,5,28,30,-14,-37,77,8,-2,-13,2,31,36,-32,74,19,8,-15,-2,33,-16,-32,69,23,14
68.7800,-17,0,31,-10,-38,76,35,14,-16,16,32,-6,-31,65,13,15,-20,12,33,-5,-36,74,27,24,-20,8,34,-9,-35,60,4,12,-38,4,31,-4,-37,67,27,17,2,30,27,-10,-38,77,17,2,-11,5,32,38,-33,67,19,6,-16,1,31,-17,-36,73,20,12
68.8000,-19,4,30,-8,-41,80,31,11,-16,6,36,-5,-24,58,14,7,-24,9,32,-2,-42,76,34,27,-12,9,29,-5,-38,55,8,12,-33,3,30,-6,-35,66,28,17,6,23,29,-11,-37,72,18,1,-11,-3,29,43,-36,66,21,11,-16,-1,37,-17,-37,72,23,14
68.8200,-16,1,31,-10,-41,82,37,14,-18,6,31,-5,-27,61,12,6,-29,14,32,-8,-37,73,34,21,-18,14,32,-9,-35,57,3,12,-32,3,33,-4,-41,73,24,15,1,15,30,-5,-42,71,13,1,-9,1,31,40,-37,71,19,12,-7,-3,26,-16,-36,72,21,10
68.8400,-20,2,32,-15,-37,81,33,14,-21,8,32,-11,-30,64,17,9,-26,5,29,-12,-41,77,33,20,-17,10,35,-12,-36,61,2,10,-34,3,31,-10,-38,71,26,20,-1,24,31,-7,-30,75,8,-1,-10,4,31,42,-42,71,20,11,-6,-2,25,-19,-43,73,24,6
68.8600,-15,2,34,-17,-38,72,35,17,-21,6,39,-8,-26,61,14,0,-27,8,30,-14,-37,70,37,20,-13,11,31,-9,-37,58,8,9,-35,8,33,-7,-41,65,27,17,4,23,29,-11,-37,78,13,-5,-15,6,37,41,-40,75,24,14,-11,-3,32,-18,-41,79,28,11
68.8800,-20,-3,27,-11,-45,77,36,15,-20,18,37,-8,-30,59,17,12,-30,7,33,-9,-40,74,32,21,-19,10,30,-11,-37,60,5,9,-38,8,29,-12,-35,70,30,16,0,22,34,-4,-34,70,7,0,-11,1,33,33,-36,75,25,13,-19,-1,37,-19,-41,74,23,8
68.9000,-22,8,35,-14,-43,75,35,13,-20,13,29,-6,-25,56,16,5,-29,13,36,-10,-45,66,34,18,-21,13,28,-12,-35,57,1,10,-32,1,32,-13,-31,72,30,13,1,28,29,-5,-30,73,14,0,-18,5,33,42,-45,73,19,10,-9,0,31,-17,-40,75,24,7
68.9200,-20,4,40,-9,-42,77,42,12,-16,13,42,-11,-32,62,21,8,-23,9,33,-16,-36,67,34,20,-18,11,33,-12,-38,62,8,7,-41,11,33,-8,-41,68,25,8,-1,31,31,-6,-35,77,14,5,-15,3,35,40,-38,82,24,11,-14,11,35,-18,-41,78,27,8
68.9400,-22,0,33,-12,-42,78,32,16,-21,16,35,-13,-32,63,20,6,-29,12,29,-17,-35,63,34,23,-15,9,30,-9,-35,63,9,12,-35,6,34,-9,-43,71,26,10,-6,30,34,-9,-32,77,13,0,-15,0,36,40,-42,76,19,10,-13,4,31,-18,-38,80,25,8
68.9600,-17,4,32,-21,-36,78,36,13,-19,16,34,-14,-31,57,19,6,-29,15,31,-14,-36,68,32,24,-14,11,33,-7,-33,57,10,6,-40,7,33,-12,-44,73,28,10,-5,23,39,-6,-31,75,15,4,-10,-1,33,29,-42,76,21,7,-11,5,35,-22,-46,75,27,3
68.9800,-28,5,33,-11,-40,75,35,10,-18,16,40,-18,-33,61,20,-2,-28,10,33,-19,-36,63,30,29,-22,12,34,-12,-35,60,10,5,-47,11,27,-12,-40,71,28,11,1,25,33,-9,-33,74,16,7,-12,1,36,33,-38,79,25,8,-14,2,33,-22,-45,79,25,5
69.0000,-19,3,28,-9,-37,78,33,8,-23,19,34,-14,-27,56,18,0,-29,6,30,-17,-38,61,31,25,-14,9,28,-12,-37,59,8,8,-39,15,35,-15,-42,74,29,13,-4,20,38,-14,-37,73,17,0,-17,5,34,33,-40,71,22,9,-14,6,36,-23,-45,74,28,6
69.0200,-18,-1,32,-10,-36,76,31,12,-28,15,36,-11,-26,60,16,-1,-29,12,35,-15,-31,67,36,20,-17,13,33,-15,-41,62,8,0,-43,10,32,-11,-39,72,32,5,-1,23,37,-12,-33,79,14,3,-16,0,37,32,-41,70,25,6,-14,10,27,-22,-43,70,33,3
69.0400,-17,6,29,-13,-40,77,38,14,-23,11,33,-8,-29,55,20,6,-32,14,32,-8,-40,66,31,19,-16,13,30,-9,-37,55,9,9,-37,12,32,-18,-40,69,24,10,-1,32,28,-5,-41,78,21,1,-17,1,36,32,-31,67,23,8,-10,8,35,-17,-44,73,31,7
69.0600,-27,2,36,-13,-48,75,38,12,-24,20,32,-15,-26,61,18,6,-28,10,29,-7,-27,56,27,21,-13,19,33,-14,-39,60,11,5,-40,13,35,-17,-39,75,26,11,1,27,34,-10,-38,74,16,3,-8,1,27,31,-33,63,25,8,-12,5,33,-19,-40,72,27,4
69.0800,-21,1,38,-14,-42,78,31,13,-21,12,29,-19,-24,59,14,10,-26,3,29,-12,-36,73,32,24,-12,17,33,-19,-40,59,5,3,-40,9,34,-9,-35,69,24,10,-3,27,35,-8,-37,76,20,3,-11,-2,34,35,-43,68,28,9,-17,9,32,-17,-43,74,29,5
69.1000,-19,3,34,-13,-43,79,31,12,-24,12,30,-12,-26,56,15,5,-30,6,33,-11,-38,72,34,21,-15,14,31,-14,-34,57,4,5,-43,11,32,-9,-31,73,24,6,0,23,30,-9,-28,79,16,0,-15,3,34,26,-37,76,26,3,-18,3,25,-21,-33,74,25,1
69.1200,-19,3,33,-10,-43,77,35,7,-21,14,31,-14,-31,57,19,4,-27,8,25,-14,-34,75,30,23,-14,14,27,-12,-35,57,5,6,-46,7,34,-8,-28,70,21,11,-2,23,28,-8,-35,74,22,-1,-13,3,32,32,-38,67,30,3,-17,7,36,-24,-33,74,23,8
69.1400,-15,4,29,-9,-40,80,31,12,-25,12,28,-17,-24,61,16,10,-28,8,32,-8,-36,74,30,25,-15,15,32,-11,-30,54,7,5,-42,16,33,-11,-36,71,24,12,-2,29,29,-18,-36,80,15,2,-14,2,36,35,-39,71,32,9,-18,7,31,-21,-35,69,26,8
69.1600,-19,-1,27,-6,-42,80,34,10,-24,19,31,-11,-27,61,5,8,-23,3,31,-9,-38,69,34,21,-13,18,38,-9,-32,58,6,5,-43,13,30,-14,-35,64,24,14,-8,25,30,-12,-39,75,18,-3,-11,5,30,36,-33,75,22,9,-17,7,33,-20,-37,75,23,8
69.1800,-16,6,28,-11,-48,83,32,10,-18,15,32,-13,-24,60,9,9,-21,8,36,-7,-39,72,28,23,-18,15,29,-9,-28,55,-3,2,-44,9,29,-18,-32,69,23,16,1,26,34,-10,-43,77,23,1,-16,1,34,36,-34,77,21,8,-18,7,31,-16,-38,75,24,7
69.2000,-17,1,30,-12,-48,81,38,9,-20,16,32,-15,-24,61,14,12,-29,9,32,-11,-41,72,35,23,-17,17,28,-7,-29,59,8,11,-45,7,28,-8,-38,64,21,10,-3,24,30,-8,-33,73,23,-6,-13,5,27,34,-31,74,19,12,-21,5,29,-16,-36,74,26,12
69.2200,-18,4,29,-11,-39,79,33,9,-19,7,28,-9,-22,58,15,12,-29,8,23,-3,-35,74,34,19,-15,15,33,-12,-36,58,1,5,-43,8,23,-6,-33,65,24,18,1,26,25,-8,-34,73,23,0,-16,6,25,33,-33,69,21,6,-21,6,31,-11,-32,68,24,7
69.2400,-19,2,34,-9,-43,80,33,14,-21,9,35,-12,-29,62,11,8,-22,8,29,-7,-39,75,28,21,-12,16,26,-5,-25,63,5,11,-43,4,33,-12,-32,72,19,15,-2,24,32,-13,-38,71,17,1,-17,0,34,32,-37,69,22,10,-20,8,31,-8,-40,73,24,10
69.2600,-21,-1,31,-9,-39,80,34,13,-17,1,29,-8,-28,63,17,8,-28,8,34,-6,-35,67,32,22,-18,16,28,-14,-36,58,-3,9,-37,4,31,-9,-30,73,22,19,1,24,25,-9,-33,73,17,-1,-13,6,30,35,-27,76,24,13,-16,5,26,-15,-39,72,30,11
69.2800,-15,-2,34,-12,-42,80,31,12,-17,12,35,-12,-30,66,16,4,-26,7,30,-17,-40,76,33,21,-18,19,32,-13,-30,58,2,7,-38,11,28,-15,-41,72,27,14,1,28,32,-12,-35,77,18,-1,-13,3,32,33,-35,74,18,9,-11,7,34,-17,-37,81,28,10
69.3000,-16,-2,32,-12,-33,78,35,11,-16,7,37,-10,-28,61,13,16,-27,2,34,-9,-40,69,33,23,-15,11,35,-6,-34,60,3,9,-36,5,33,-9,-39,74,24,19,4,29,33,-9,-27,73,18,-1,-20,9,28,35,-37,75,19,11,-14,7,25,-14,-35,70,26,8
69.3200,-19,3,28,-12,-41,82,39,12,-12,8,32,-15,-35,68,21,4,-26,9,34,-9,-39,74,33,18,-19,13,35,-9,-47,60,0,14,-36,4,32,-13,-37,72,23,19,4,26,34,-7,-32,70,17,-7,-18,7,31,38,-32,75,15,7,-10,3,22,-9,-40,75,27,7
69.3400,-19,0,35,-15,-43,77,33,16,-12,8,30,-8,-28,67,15,3,-26,10,35,-9,-41,66,36,23,-16,15,33,-7,-36,60,8,11,-41,2,37,-11,-41,71,24,16,2,27,29,-11,-36,70,19,-1,-13,6,26,35,-34,71,21,6,-10,6,25,-11,-40,74,28,10
69.3600,-21,3,30,-11,-42,81,32,12,-18,6,29,-12,-29,65,22,4,-26,9,33,-9,-38,71,38,16,-15,13,37,-9,-37,62,7,7,-39,0,33,-5,-35,67,25,13,2,34,31,-7,-29,74,17,-1,-17,1,34,39,-36,74,20,11,-15,0,33,-13,-37,72,30,8
69.3800,-23,1,27,-17,-39,80,35,15,-16,7,28,-9,-27,65,22,7,-25,11,27,-6,-37,64,38,16,-22,6,31,-8,-36,62,9,9,-36,-2,29,-9,-38,74,27,15,1,26,28,-8,-32,72,16,0,-16,4,29,38,-35,71,25,15,-17,10,26,-9,-39,68,24,7
69.4000,-20,2,29,-10,-46,81,39,16,-16,8,31,-9,-29,59,18,3,-24,10,31,-7,-36,63,37,21,-16,11,30,-8,-37,60,4,6,-32,2,30,-4,-38,68,25,15,6,26,32,-13,-33,73,13,0,-13,10,33,40,-32,75,23,14,-18,6,24,-13,-40,73,23,11
69.4200,-17,6,29,-11,-38,75,35,13,-14,9,32,-10,-28,69,15,0,-25,13,28,-8,-34,63,34,18,-18,6,37,-5,-44,61,8,9,-39,6,32,-10,-38,69,24,10,2,28,31,-9,-37,78,17,-4,-13,-4,28,40,-33,76,22,15,-16,3,29,-10,-33,70,24,4
69.4400,-23,1,34,-10,-35,72,39,13,-15,9,26,-8,-22,64,18,10,-29,16,28,-8,-33,64,32,22,-13,12,35,-10,-42,59,11,10,-39,7,24,-7,-34,64,21,7,2,32,30,-11,-35,73,14,0,-15,2,27,35,-32,77,19,8,-12,4,25,-9,-41,70,21,5
69.4600,-20,0,28,-4,-29,72,40,15,-14,15,29,-9,-26,61,19,9,-34,10,24,-10,-29,63,36,16,-11,10,39,-7,-38,60,9,7,-36,6,26,-8,-38,70,27,6,5,23,30,-3,-34,70,10,5,-17,-1,30,35,-35,74,23,15,-15,7,30,-8,-40,76,26,10
69.4800,-17,1,27,-6,-39,73,35,12,-15,15,27,-8,-27,62,16,9,-29,11,20,-6,-28,63,31,21,-17,4,28,-11,-31,55,14,6,-36,7,30,-6,-35,63,28,9,0,24,37,-10,-29,70,8,1,-14,-1,30,40,-38,77,19,15,-21,13,31,-12,-39,70,20,5
69.5000,-21,0,30,-11,-49,77,42,16,-20,16,33,-10,-22,56,17,5,-30,9,34,-3,-39,70,33,23,-13,9,32,-4,-37,62,13,8,-36,11,30,-12,-32,70,26,11,2,21,28,-4,-26,74,12,3,-8,2,31,37,-42,76,19,10,-13,7,33,-12,-39,68,19,4
69.5200,-18,0,32,-8,-38,81,38,13,-19,14,31,-9,-21,57,15,2,-31,1,31,-5,-30,65,29,19,-20,10,32,-5,-35,62,10,4,-38,12,29,-4,-37,70,30,9,1,27,31,-9,-33,75,11,7,-18,1,27,34,-38,75,22,14,-16,4,30,-5,-39,66,24,6
69.5400,-16,3,33,-9,-34,77,35,11,-22,13,30,-10,-22,56,17,5,-34,9,27,-8,-33,66,31,23,-13,10,30,-2,-35,54,10,5,-37,6,28,-6,-33,70,26,13,-3,23,28,-9,-34,74,12,4,-17,1,35,39,-45,70,21,11,-15,-1,34,-11,-36,64,18,9
69.5600,-15,-5,34,-9,-37,72,34,18,-17,10,29,-5,-21,57,16,8,-30,6,28,-3,-32,66,34,29,-20,8,34,-7,-35,55,6,11,-42,11,31,0,-33,71,20,10,-4,25,31,-5,-35,75,16,6,-14,0,31,40,-35,69,23,17,-10,4,34,-12,-37,67,23,11
69.5800,-22,1,32,-7,-36,79,29,21,-21,13,27,-9,-24,61,14,9,-30,5,31,-6,-31,65,32,29,-12,7,33,-6,-35,58,11,5,-38,10,33,-9,-41,71,28,10,-1,29,28,-12,-35,78,10,4,-9,-2,27,34,-37,70,17,13,-13,7,32,-12,-33,73,24,10
69.6000,-18,1,29,-8,-34,72,28,17,-20,12,29,-11,-23,62,11,9,-29,8,32,-4,-38,65,33,20,-9,10,28,-7,-37,60,8,2,-36,6,29,-10,-36,73,21,15,8,25,32,-9,-37,76,15,3,-8,3,32,34,-41,69,19,10,-12,5,39,-12,-37,75,19,10
69.6200,-27,1,37,-13,-43,81,34,16,-21,10,34,-8,-26,61,14,8,-26,8,33,-5,-43,70,36,24,-12,8,30,-13,-33,57,10,7,-32,11,31,-10,-42,72,23,15,3,23,26,-10,-30,77,21,0,-12,0,29,32,-38,68,26,16,-18,5,34,-12,-36,73,22,10
69.6400,-22,0,29,-14,-42,79,42,13,-20,11,34,-11,-23,62,12,7,-29,7,36,-6,-32,68,31,25,-15,12,32,-12,-37,61,5,5,-41,12,35,-11,-40,75,24,11,0,25,35,-8,-36,74,21,2,-8,2,35,35,-40,75,23,11,-20,6,36,-17,-34,78,24,8
69.6600,-12,-1,33,-10,-33,75,37,16,-21,10,35,-8,-25,64,14,6,-33,6,36,-6,-40,70,31,22,-14,17,28,-12,-38,60,7,8,-45,10,34,-12,-33,73,27,14,1,23,36,-14,-40,75,23,4,-11,-4,27,36,-38,73,24,10,-17,-1,36,-15,-35,79,22,9
69.6800,-15,-3,30,-11,-38,81,40,17,-16,6,35,-12,-27,63,15,6,-30,5,35,-8,-35,72,32,24,-14,17,32,-9,-37,59,6,7,-41,5,30,-8,-43,74,22,14,0,24,30,-13,-41,75,19,4,-6,2,27,33,-39,74,25,10,-21,4,39,-15,-37,72,19,15
69.7000,-24,-3,36,-12,-40,78,35,15,-13,9,37,-7,-22,63,14,3,-29,3,34,-9,-33,70,34,25,-10,10,32,-10,-33,60,0,5,-38,5,33,-12,-41,74,25,17,-2,29,27,-15,-36,76,20,2,-7,2,27,32,-34,76,28,5,-16,2,40,-23,-34,74,21,9
69.7200,-19,-4,34,-15,-45,77,39,14,-16,10,31,-11,-28,62,22,10,-21,2,38,-15,-35,77,36,24,-9,13,33,-10,-40,60,7,5,-34,10,39,-12,-36,67,26,13,-2,27,27,-14,-37,73,16,-1,-14,5,34,31,-37,72,30,9,-8,1,39,-23,-38,70,22,15
69.7400,-20,0,35,-20,-46,81,41,12,-13,6,36,-13,-23,67,18,7,-26,3,34,-15,-37,74,36,23,-14,14,33,-9,-42,63,10,8,-40,3,32,-8,-44,73,27,13,2,25,33,-10,-36,75,21,1,-7,-4,37,34,-37,77,29,8,-15,5,38,-25,-37,77,29,11
69.7600,-24,2,32,-17,-49,80,43,6,-8,9,38,-9,-28,65,20,10,-29,6,35,-15,-34,73,27,17,-9,12,33,-17,-39,59,11,7,-43,6,36,-12,-38,69,26,16,11,31,30,-13,-35,76,21,0,-9,4,32,36,-36,77,22,7,-12,1,41,-28,-39,76,21,11
69.7800,-17,4,33,-19,-39,79,42,11,-11,10,30,-12,-29,62,16,13,-30,8,30,-15,-37,71,33,19,-13,13,33,-10,-40,60,3,11,-45,3,36,-10,-38,69,29,13,-4,25,28,-10,-30,68,15,1,-11,4,35,26,-40,78,22,7,-11,4,38,-30,-40,79,29,8
69.8000,-11,0,33,-19,-36,82,40,17,-16,11,35,-18,-26,66,15,8,-27,9,32,-17,-35,78,39,16,-15,11,33,-12,-34,61,7,8,-44,6,28,-11,-32,63,30,12,6,32,23,-10,-27,75,16,-2,-13,2,35,35,-32,75,26,8,-13,5,35,-35,-31,73,28,5
69.8200,-18,3,31,-12,-45,80,39,11,-14,14,31,-15,-29,64,19,6,-29,8,33,-12,-35,74,37,18,-20,7,30,-8,-34,61,8,6,-41,6,31,-9,-37,70,23,12,3,30,27,-10,-25,74,22,0,-11,5,35,33,-36,75,24,5,-12,2,38,-38,-40,78,30,7
69.8400,-20,3,31,-16,-47,80,36,12,-12,11,25,-18,-26,61,16,4,-27,8,31,-19,-34,72,33,19,-17,13,32,-7,-36,61,8,6,-37,5,30,-12,-42,76,26,10,3,29,31,-5,-28,74,18,1,-4,4,32,33,-36,76,27,12,-13,4,38,-41,-47,76,28,12
69.8600,-18,0,33,-18,-47,77,41,14,-14,13,30,-20,-27,67,21,8,-29,9,32,-13,-31,72,33,20,-16,11,30,-10,-41,67,4,4,-39,7,32,-14,-39,70,28,11,4,30,24,-5,-40,72,24,-3,-12,9,33,40,-33,77,27,10,-11,0,35,-32,-36,78,25,10
69.8800,-16,1,30,-20,-38,78,37,19,-10,13,23,-19,-24,59,12,9,-28,12,30,-14,-30,71,36,20,-17,13,33,-8,-36,60,7,3,-37,0,27,-15,-34,69,33,11,4,32,31,-2,-33,70,16,1,-13,5,32,40,-34,74,26,5,-15,5,33,-28,-40,77,25,7
69.9000,-19,0,31,-17,-48,83,38,10,-18,11,25,-18,-25,68,22,6,-30,13,34,-9,-39,69,33,15,-18,9,31,-11,-31,61,7,5,-39,6,29,-12,-40,72,23,18,1,32,34,-4,-34,65,18,-3,-15,1,34,28,-37,77,27,9,-13,8,29,-24,-38,71,29,7
69.9200,-26,4,30,-12,-43,71,39,15,-23,14,28,-10,-29,63,15,7,-28,11,32,-7,-33,73,35,20,-16,12,27,-5,-33,61,10,10,-36,10,33,-14,-40,70,25,10,1,32,32,-1,-32,73,13,0,-12,3,33,41,-40,72,27,8,-20,11,29,-21,-37,71,25,6
69.9400,-29,-1,28,-9,-39,77,39,13,-13,15,30,-12,-24,62,14,4,-32,9,29,-8,-34,74,37,18,-11,10,27,-4,-31,61,5,8,-47,10,29,-11,-44,70,23,11,4,35,33,-10,-29,77,17,-1,-13,6,26,40,-30,78,21,15,-15,7,29,-19,-35,70,31,9
69.9600,-20,7,31,-12,-40,80,36,18,-19,11,32,-14,-21,66,17,4,-23,8,29,-7,-33,68,32,23,-16,8,34,-6,-33,63,2,10,-43,9,28,-7,-40,76,29,10,2,34,34,-4,-33,74,17,-2,-14,4,31,39,-34,78,22,11,-13,14,24,-17,-37,73,24,6
69.9800,-18,4,35,-16,-41,82,38,10,-15,13,32,-10,-20,64,16,2,-31,7,30,-2,-29,70,32,22,-14,8,31,-8,-41,62,2,11,-43,13,27,-10,-38,73,23,10,2,30,36,-5,-33,76,18,2,-9,3,30,34,-40,81,18,9,-14,12,25,-10,-35,72,25,0
70.0000,-25,2,31,-10,-43,80,43,11,-18,13,32,-6,-27,65,17,1,-34,13,33,4,-34,74,28,22,-14,13,34,-10,-38,62,10,8,-45,15,30,-13,-37,77,20,13,0,32,32,-4,-40,83,21,5,-11,5,30,35,-43,81,24,10,-15,8,26,-5,-34,69,25,5
70.0200,-25,4,29,-10,-46,86,39,18,-18,9,29,-5,-23,60,15,11,-31,7,34,0,-33,70,32,30,-13,11,33,-9,-42,64,9,4,-44,8,30,-8,-37,74,30,11,-2,32,29,-9,-37,82,23,0,-16,2,30,31,-41,82,28,10,-19,9,22,-2,-39,74,25,3
70.0400,-18,1,31,-8,-41,84,36,18,-20,9,34,-4,-22,66,12,14,-35,6,29,1,-35,71,34,24,-13,11,31,-8,-46,65,11,7,-41,6,25,-7,-37,76,23,12,0,33,28,-2,-38,83,16,4,-12,-2,30,39,-45,79,25,5,-16,4,28,-1,-41,69,22,2
70.0600,-20,1,29,-8,-44,81,38,15,-18,8,34,-4,-22,65,11,6,-26,4,32,1,-33,70,35,22,-16,14,31,-3,-39,70,10,4,-40,8,34,-3,-42,78,21,13,-1,31,31,-6,-35,82,22,3,-21,-2,38,38,-42,79,29,8,-14,1,32,7,-38,79,23,5
70.0800,-17,-4,26,-5,-44,89,45,14,-17,12,31,1,-20,70,12,12,-27,8,33,5,-37,68,41,22,-15,10,32,-6,-36,61,11,11,-41,11,29,-4,-36,81,22,14,2,33,27,-6,-33,81,21,3,-16,8,31,36,-35,77,32,13,-18,3,23,4,-42,82,24,5
70.1000,-17,-2,31,-8,-47,85,43,15,-23,17,38,0,-31,72,21,12,-25,8,30,-1,-37,71,36,22,-11,13,29,-7,-41,60,3,8,-46,10,37,-2,-37,80,29,11,-1,32,36,-7,-42,80,27,6,-18,0,28,39,-38,78,30,3,-20,3,32,5,-38,79,24,10
70.1200,-17,4,32,-4,-46,83,43,20,-15,8,36,0,-23,64,20,8,-24,3,37,1,-38,74,38,22,-13,15,36,-3,-43,63,10,4,-49,11,36,0,-39,76,27,13,-4,28,33,-8,-39,79,23,5,-19,5,29,36,-40,77,34,11,-16,7,30,4,-42,83,27,8
70.1400,-21,1,31,-13,-51,84,41,15,-23,11,31,-6,-26,69,17,11,-27,6,38,-6,-38,68,35,15,-15,21,32,-2,-37,65,8,4,-47,9,37,-1,-44,77,31,14,-4,29,32,-8,-40,78,24,-6,-19,6,37,41,-38,76,38,6,-16,0,33,3,-42,84,23,12
70.1600,-19,0,30,-8,-47,83,43,15,-24,10,32,-1,-29,70,18,8,-29,3,39,-11,-36,68,42,26,-10,9,33,-5,-41,60,12,2,-46,5,41,-3,-38,74,26,9,0,31,31,-8,-38,77,20,-5,-15,8,30,36,-35,73,29,7,-13,-1,32,-1,-48,86,29,11
70.1800,-16,-1,31,-10,-42,78,42,12,-22,8,36,-8,-34,67,21,15,-30,5,36,-12,-39,74,37,22,-12,15,34,-6,-35,63,10,-1,-48,8,43,0,-40,77,25,12,1,39,34,-9,-41,74,24,-5,-20,10,33,44,-39,73,26,0,-15,5,36,-5,-41,85,29,9
70.2000,-17,-4,35,-6,-42,81,49,12,-15,9,34,-11,-24,72,17,12,-28,6,36,-21,-29,67,43,19,-15,20,33,-6,-39,63,9,-2,-45,6,37,-7,-38,73,24,10,0,34,31,-10,-36,72,23,0,-19,5,35,37,-28,70,31,7,-11,4,36,-11,-47,82,28,14
70.2200,-22,2,30,-11,-43,84,40,13,-19,11,40,-9,-25,66,21,8,-31,10,38,-24,-41,72,43,21,-19,14,35,-7,-41,59,12,1,-52,4,38,-11,-44,76,23,12,3,31,33,-6,-30,70,16,2,-17,9,36,38,-34,72,28,8,-14,6,32,-12,-37,81,27,6
70.2400,-20,-4,38,-9,-45,81,44,12,-17,15,38,-11,-28,65,21,4,-28,6,36,-23,-40,66,46,13,-8,15,37,-2,-39,57,8,7,-41,3,37,-9,-41,74,28,8,0,41,38,-5,-33,70,20,-3,-18,9,30,37,-30,73,24,10,-21,6,41,-12,-43,85,29,2
70.2600,-16,4,33,-11,-44,82,43,12,-21,6,33,-22,-29,64,18,5,-29,5,37,-17,-40,67,43,17,-15,10,36,-7,-33,60,5,6,-48,2,32,-13,-40,73,24,13,-7,38,34,-9,-29,70,17,-2,-16,8,32,33,-36,79,27,7,-20,3,37,-18,-49,83,33,7
70.2800,-18,4,32,-14,-43,81,43,9,-15,9,32,-20,-30,65,21,6,-29,9,37,-16,-31,65,31,16,-15,19,37,-11,-35,56,3,2,-42,10,28,-15,-33,73,27,12,0,34,34,-8,-31,73,18,-8,-17,6,33,32,-32,70,25,7,-23,-1,36,-18,-46,87,33,2
70.3000,-19,8,39,-10,-48,83,44,12,-15,9,37,-17,-27,62,20,5,-27,9,32,-19,-33,68,39,19,-11,19,33,-12,-31,59,5,11,-48,8,35,-19,-36,77,25,14,0,30,32,-8,-29,72,17,-2,-12,9,33,29,-29,73,23,8,-16,13,40,-27,-46,77,36,-3
70.3200,-18,7,31,-14,-39,82,43,16,-14,10,34,-26,-33,65,15,6,-29,15,28,-18,-37,67,38,19,-14,16,38,-16,-40,58,2,5,-43,1,32,-22,-38,71,32,10,-2,36,37,-11,-26,69,12,-2,-18,11,38,27,-38,77,25,9,-17,16,36,-23,-42,74,32,0
70.3400,-19,-1,32,-10,-43,86,42,16,-15,10,32,-21,-35,70,21,0,-29,11,30,-15,-37,67,36,16,-18,18,34,-16,-35,65,6,6,-38,4,33,-17,-41,72,23,10,0,29,36,-14,-26,72,14,-1,-16,4,39,28,-35,75,20,13,-16,13,39,-30,-46,75,34,-2
70.3600,-20,0,38,-16,-41,79,36,14,-13,11,26,-23,-30,63,24,5,-23,6,32,-15,-28,68,39,14,-10,17,38,-19,-38,67,4,9,-44,8,31,-19,-40,74,28,7,-1,32,32,-13,-20,72,11,-2,-18,1,34,31,-34,80,19,5,-16,6,39,-29,-43,70,34,-3
70.3800,-26,6,32,-18,-43,81,43,14,-17,12,30,-22,-27,66,21,-1,-31,19,34,-12,-27,69,41,13,-11,10,33,-24,-39,60,8,16,-40,6,35,-15,-41,74,26,15,-1,31,37,-15,-24,76,14,-6,-12,5,36,22,-33,84,16,14,-24,14,38,-27,-36,63,34,2
70.4000,-22,4,32,-13,-44,80,38,17,-22,13,29,-21,-38,64,23,-1,-32,16,29,-7,-25,67,36,16,-11,8,33,-18,-36,64,5,10,-41,8,33,-20,-40,71,32,18,4,29,34,-13,-32,74,10,-1,-11,-4,39,24,-34,74,24,15,-17,12,35,-28,-34,61,33,1
70.4200,-18,-2,34,-8,-37,81,39,18,-16,15,30,-12,-30,58,22,1,-35,10,31,-5,-18,68,34,12,-16,11,37,-20,-44,69,11,14,-42,9,28,-16,-37,70,27,14,2,35,30,-17,-26,76,10,-1,-14,-6,38,26,-36,79,23,19,-28,6,37,-27,-27,62,33,-1
70.4400,-24,6,38,-12,-44,85,34,16,-16,15,33,-12,-21,58,25,2,-33,11,25,0,-22,66,36,17,-16,10,31,-17,-46,72,7,11,-41,3,28,-18,-39,69,24,8,1,30,33,-15,-28,77,14,3,-11,-4,33,25,-37,82,24,14,-16,10,30,-28,-31,65,26,6
70.4600,-19,4,33,-12,-43,82,40,14,-13,7,26,-5,-16,54,19,0,-31,12,23,2,-20,61,38,13,-14,7,26,-16,-40,66,9,12,-42,4,27,-11,-42,68,28,11,-1,35,32,-15,-26,74,11,5,-17,1,36,25,-39,77,27,10,-21,17,35,-25,-30,59,24,3
70.4800,-23,2,30,-11,-46,83,41,18,-11,8,28,3,-19,56,22,1,-39,17,31,0,-30,69,27,19,-12,6,23,-15,-34,55,9,12,-38,9,26,-5,-39,66,28,7,0,32,29,-19,-30,77,12,3,-7,-2,32,30,-36,80,20,7,-28,2,29,-22,-22,65,21,6
70.5000,-22,-2,35,-11,-43,81,44,17,-19,11,26,2,-25,62,14,6,-35,14,29,6,-34,72,27,20,-12,5,28,-10,-36,60,11,12,-47,4,24,-4,-37,64,22,10,5,29,35,-15,-33,74,19,6,-15,-3,30,27,-44,79,24,14,-22,2,27,-17,-22,69,22,2
70.5200,-26,1,37,-14,-41,81,38,18,-13,14,31,2,-17,56,16,6,-32,11,32,6,-26,63,25,25,-13,7,25,-4,-40,63,14,12,-46,9,27,-4,-32,60,25,12,10,37,34,-17,-33,73,18,6,-12,-2,31,34,-42,79,28,16,-22,7,29,-19,-29,70,13,10
70.5400,-17,3,35,-13,-44,85,38,20,-16,2,27,3,-13,58,15,10,-39,10,28,7,-16,68,22,22,-14,7,25,-4,-38,61,13,17,-47,5,27,-2,-29,61,22,8,6,27,26,-14,-33,82,18,6,-12,0,25,37,-40,74,26,15,-18,6,29,-22,-23,68,16,15
70.5600,-23,3,29,-11,-40,86,44,18,-16,8,24,4,-13,58,9,13,-28,6,28,-1,-26,73,26,28,-12,8,23,1,-35,58,10,6,-44,12,28,0,-33,62,24,13,7,28,27,-13,-34,75,20,4,-11,-2,25,38,-38,76,26,5,-17,6,28,-14,-28,77,21,16
70.5800,-17,3,35,-5,-45,88,40,17,-19,9,25,7,-16,64,10,13,-32,7,31,-7,-30,81,22,33,-8,14,27,-6,-36,55,11,9,-37,4,24,1,-31,63,16,10,5,29,25,-4,-35,75,21,6,-12,-7,31,38,-39,76,28,13,-12,-3,29,-8,-20,76,14,20
70.6000,-19,-3,34,-9,-42,84,42,22,-19,3,28,3,-19,64,9,11,-33,6,29,-4,-30,85,29,29,-12,13,24,4,-34,62,11,9,-40,5,30,0,-32,72,20,14,1,30,31,-6,-36,82,20,9,-15,-1,26,36,-36,74,29,18,-17,-3,33,-12,-33,81,17,13
70.6200,-21,2,29,-12,-40,85,36,18,-18,5,37,-3,-20,70,15,15,-28,3,33,-8,-26,75,31,29,-11,10,25,0,-36,60,9,10,-43,3,30,8,-31,68,16,13,3,27,31,-7,-34,79,16,-4,-14,-4,20,39,-38,75,29,16,-13,-3,31,-8,-34,87,21,21
70.6400,-18,-1,31,-5,-42,85,37,14,-12,6,36,-1,-21,68,10,11,-23,4,27,-9,-34,80,36,37,-13,14,31,-2,-40,54,11,0,-44,6,32,2,-32,71,16,12,5,32,29,-9,-37,73,23,3,-11,-5,21,42,-38,76,25,11,-14,0,32,-6,-39,83,22,23
70.6600,-19,-5,32,-10,-47,86,40,16,-14,3,35,0,-25,73,14,13,-24,7,32,-6,-40,81,37,28,-12,10,31,1,-34,57,10,5,-41,7,34,1,-30,73,19,14,8,32,25,-5,-35,73,19,4,-7,1,33,46,-41,72,28,11,-8,-6,32,-6,-40,84,23,14
70.6800,-13,-1,30,-5,-42,87,45,22,-14,0,34,-5,-20,79,11,11,-32,1,36,-10,-39,81,37,26,-9,11,29,8,-32,59,7,4,-47,5,35,-1,-34,77,19,14,5,31,24,-2,-34,78,17,2,-13,0,25,47,-40,75,31,11,-10,-5,30,-10,-41,89,26,15
70.7000,-12,-6,31,-7,-44,87,44,15,-16,2,33,-2,-25,75,14,14,-33,2,32,-16,-45,82,40,24,-10,14,38,6,-34,59,11,7,-48,8,35,-2,-30,79,14,11,1,28,26,3,-40,76,24,0,-13,-6,29,40,-37,81,26,0,-7,-9,34,-5,-46,83,24,9
70.7200,-15,-6,33,-9,-46,85,43,20,-10,8,33,-8,-32,78,13,9,-26,5,37,-15,-36,75,45,23,-13,14,34,0,-29,57,7,2,-44,7,36,-3,-30,84,18,14,-5,30,26,5,-33,74,22,0,-12,1,31,45,-39,73,24,10,-1,-1,27,-7,-47,83,32,14
70.7400,-15,2,32,-9,-44,81,45,19,-13,7,38,-13,-38,77,13,5,-26,2,31,-14,-43,77,43,18,-12,12,32,-1,-35,63,9,0,-45,6,34,-4,-32,83,21,16,1,27,30,3,-34,77,25,2,-14,-3,29,45,-36,77,29,2,-1,0,31,-13,-45,82,32,12
70.7600,-21,0,30,-8,-45,85,42,18,-15,7,41,-12,-34,82,24,10,-28,2,32,-15,-44,75,49,21,-7,14,34,-5,-30,66,7,4,-48,7,35,-5,-39,82,25,9,3,32,34,1,-35,70,19,0,-15,8,35,41,-42,75,25,6,-8,3,31,-8,-45,80,35,3
70.7800,-17,0,32,-8,-39,83,38,16,-15,5,37,-14,-39,75,27,9,-31,7,35,-16,-41,66,48,23,-12,13,32,-6,-36,64,6,8,-46,5,38,-12,-39,81,30,11,3,38,34,0,-36,80,22,4,-8,6,32,40,-35,75,28,4,-5,1,31,-11,-47,82,37,7
70.8000,-17,-1,31,-7,-43,79,41,14,-17,12,36,-17,-44,78,25,9,-25,3,28,-15,-42,63,51,12,-17,18,38,-12,-36,68,12,7,-43,7,38,-10,-41,83,24,12,5,36,34,3,-34,75,14,1,-13,5,33,41,-41,81,31,4,-10,6,33,-17,-42,80,36,1
70.8200,-16,4,31,-9,-40,82,45,16,-16,13,33,-20,-41,71,23,6,-29,6,37,-14,-37,66,45,11,-12,13,35,-7,-36,68,11,0,-47,16,32,-16,-43,78,32,12,-3,36,34,1,-38,70,19,-3,-15,6,36,38,-40,77,26,5,-16,16,27,-16,-48,76,33,3
70.8400,-18,4,31,-11,-44,84,44,13,-18,8,37,-20,-41,68,25,5,-33,12,38,-15,-31,65,46,12,-15,19,37,-13,-40,69,8,5,-49,12,39,-22,-44,78,30,8,6,38,33,-3,-33,70,18,-5,-13,5,32,34,-37,78,32,9,-14,8,31,-16,-45,76,33,1
70.8600,-22,4,31,-5,-39,81,47,20,-15,9,37,-20,-30,67,29,1,-32,7,38,-11,-22,59,47,15,-15,14,37,-16,-35,74,10,2,-45,7,33,-14,-46,76,32,13,-4,34,37,-5,-36,70,18,-3,-15,7,32,28,-41,81,30,2,-18,3,33,-15,-49,80,37,2
70.8800,-20,9,33,-12,-43,85,46,15,-17,13,38,-20,-32,63,29,-2,-30,13,31,-8,-24,69,42,14,-12,11,40,-17,-37,68,13,3,-52,14,34,-22,-41,69,30,12,1,38,38,-10,-32,71,22,-4,-13,11,37,33,-40,78,28,4,-13,12,34,-20,-46,76,35,0
70.9000,-18,9,35,-11,-39,85,38,14,-20,10,37,-21,-32,62,30,1,-37,23,31,-8,-25,59,39,15,-12,12,32,-16,-45,63,7,9,-49,21,41,-23,-40,75,34,12,10,33,30,-6,-29,69,19,-1,-16,7,37,33,-40,76,27,5,-22,13,28,-20,-43,78,30,2
70.9200,-24,2,31,-14,-45,81,41,16,-18,14,38,-17,-20,52,20,9,-32,11,36,-7,-23,63,37,13,-13,16,37,-13,-31,62,8,8,-49,13,37,-14,-38,74,31,13,2,33,38,-11,-32,76,15,-3,-20,8,34,24,-36,79,26,4,-20,12,30,-20,-45,77,29,1
70.9400,-24,1,34,-7,-40,87,42,18,-16,10,34,-14,-26,55,21,3,-30,13,32,-5,-17,62,37,18,-16,17,35,-15,-34,63,11,6,-49,7,31,-12,-44,66,27,14,2,35,31,-11,-27,71,16,-1,-19,6,31,29,-32,75,28,9,-23,10,33,-20,-38,71,32,0
70.9600,-18,5,31,-6,-42,85,42,11,-29,12,32,-9,-21,59,17,0,-31,10,33,-9,-23,73,36,23,-20,14,31,-19,-36,63,10,6,-52,6,31,-11,-33,64,33,17,0,33,31,-11,-34,72,21,2,-16,8,39,29,-37,74,23,5,-21,9,31,-18,-34,75,31,4
70.9800,-17,5,33,-5,-38,90,43,21,-21,7,34,-15,-19,60,15,-1,-30,14,30,-3,-22,76,35,20,-17,14,31,-12,-37,61,11,6,-50,16,33,-18,-39,65,31,15,2,30,28,-11,-24,70,16,5,-24,10,32,29,-39,80,25,4,-20,12,29,-13,-32,68,30,6
71.0000,-20,3,36,-8,-38,85,46,22,-16,8,28,-8,-16,61,13,9,-34,13,28,3,-29,75,32,19,-13,11,25,-11,-34,51,10,6,-44,7,27,-7,-34,64,27,14,0,35,33,-9,-30,72,15,0,-20,4,30,35,-38,77,30,5,-26,15,28,-16,-33,69,27,3
71.0200,-20,5,32,-9,-45,81,43,18,-15,7,30,-4,-23,70,14,9,-31,5,32,-1,-29,79,30,24,-18,11,30,-7,-37,63,11,7,-46,8,30,-7,-29,66,24,13,-1,34,28,-9,-32,75,13,3,-15,10,32,28,-42,79,28,7,-16,5,28,-14,-30,74,26,6
71.0400,-19,0,27,-10,-46,87,42,22,-23,7,26,-3,-19,69,11,1,-33,3,27,-1,-30,82,28,23,-18,10,31,-9,-32,59,8,12,-38,3,25,-6,-31,74,23,12,2,27,32,-9,-30,75,22,-4,-14,2,29,35,-35,80,26,8,-17,3,25,-13,-32,78,25,6
71.0600,-18,4,30,-9,-39,92,42,18,-22,4,31,-5,-24,76,18,8,-28,9,25,-2,-30,81,30,26,-12,6,24,-9,-29,59,7,11,-51,4,26,-1,-37,70,17,14,8,39,35,-11,-27,76,16,-1,-17,4,26,30,-31,76,25,12,-23,-1,28,-11,-28,75,21,8
71.0800,-20,0,29,-9,-42,88,46,19,-17,-2,29,0,-19,77,11,7,-28,2,27,-1,-34,76,30,25,-8,9,26,-7,-37,52,1,9,-46,1,26,5,-36,78,14,17,3,39,25,-8,-34,72,16,0,-15,3,28,26,-30,77,26,14,-17,11,30,-3,-27,70,26,14
71.1000,-20,3,37,-6,-43,89,39,19,-15,7,28,4,-23,76,17,11,-31,2,27,-8,-35,82,42,28,-8,8,33,-7,-33,64,7,14,-47,4,31,1,-29,75,16,24,1,34,26,-10,-32,75,12,-2,-13,6,26,34,-35,80,21,9,-23,-1,26,-10,-25,71,21,15
71.1200,-18,2,32,-6,-42,83,40,16,-11,0,30,0,-27,75,13,8,-31,8,30,-10,-45,80,39,24,-16,5,31,-4,-36,58,4,9,-43,-2,34,2,-34,74,12,14,-1,37,30,-2,-27,73,14,-4,-17,5,26,36,-34,80,23,11,-18,10,26,-10,-26,74,23,14
71.1400,-17,2,35,-5,-42,86,42,14,-8,-1,34,1,-24,73,18,6,-26,9,26,-4,-39,72,39,20,-8,4,28,-2,-36,59,0,12,-39,1,27,-1,-34,76,18,15,3,36,27,-9,-24,69,15,6,-13,-1,23,34,-35,81,21,12,-12,-2,22,-8,-33,76,25,14
71.1600,-22,5,31,-10,-45,91,40,16,-8,0,33,-3,-33,69,16,14,-33,6,31,-3,-43,74,40,21,-9,2,27,-8,-33,62,4,19,-38,-5,24,0,-36,78,13,17,-2,34,34,-1,-25,73,9,-1,-18,2,29,39,-40,77,20,13,-12,1,31,-9,-33,78,25,14
71.1800,-18,1,28,-12,-46,87,44,20,-12,5,32,-3,-28,76,24,10,-25,6,33,-9,-35,70,39,19,-9,4,26,0,-38,63,0,15,-40,-2,26,-1,-35,79,18,18,2,35,22,-2,-20,69,5,6,-14,0,31,38,-48,82,29,11,-17,-3,33,-9,-43,82,25,14
71.2000,-19,4,34,-7,-50,87,44,22,-14,9,27,2,-31,71,20,8,-28,5,29,-7,-37,74,47,25,-4,2,31,-1,-29,66,4,11,-42,3,32,-1,-40,77,21,15,-1,37,30,-7,-24,72,10,7,-16,-3,30,37,-48,82,29,15,-14,-2,31,-8,-34,81,25,14
71.2200,-17,-2,32,-13,-41,86,44,20,-18,8,32,-2,-35,72,19,8,-31,6,28,-8,-30,61,38,23,-7,0,24,0,-37,64,9,9,-39,2,32,1,-42,77,22,12,-3,33,31,0,-29,73,12,7,-11,-2,25,41,-34,82,21,12,-13,-3,37,-8,-40,78,23,15
71.2400,-20,-4,35,-10,-41,86,40,19,-18,7,36,-5,-37,67,28,5,-30,10,31,-5,-24,63,40,12,-5,1,27,-6,-35,62,9,12,-28,-1,32,-1,-35,71,24,19,5,33,32,-1,-30,72,12,7,-13,-1,30,37,-49,82,21,15,-10,5,31,-14,-39,79,26,12
71.2600,-18,2,35,-13,-46,80,43,17,-11,12,39,-7,-33,75,23,2,-31,8,27,-7,-22,59,40,17,-1,2,29,-5,-41,63,11,6,-43,-1,30,-6,-38,80,30,10,5,33,30,-4,-28,77,10,6,-12,-5,29,38,-36,77,24,17,-11,0,30,-10,-32,78,23,8
71.2800,-19,0,28,-10,-47,84,39,16,-8,9,28,-8,-31,65,22,6,-29,13,27,-10,-26,65,38,18,-5,6,28,-4,-37,68,10,7,-41,2,27,-6,-39,73,30,13,3,32,29,-5,-32,72,13,7,-7,-5,25,46,-40,77,25,23,-11,-1,28,-15,-37,75,32,14
71.3000,-19,1,30,-8,-41,84,45,21,-18,9,36,-11,-25,68,18,4,-31,8,30,-7,-27,69,39,18,-2,4,30,-4,-39,61,10,5,-42,10,30,-4,-42,76,31,13,2,27,38,-4,-36,78,15,8,-5,-7,20,36,-38,81,30,14,-14,0,30,-19,-37,77,28,10
71.3200,-15,-1,28,-11,-39,81,43,18,-21,11,33,-9,-30,62,24,-1,-34,7,29,-6,-21,60,37,17,-7,8,34,-3,-36,59,20,7,-41,11,26,-3,-41,69,30,7,5,28,39,-2,-42,72,21,4,-5,-3,27,35,-38,77,29,15,-13,0,33,-19,-39,72,33,11
71.3400,-21,-3,40,-16,-42,86,45,22,-20,15,32,-6,-29,58,24,0,-33,11,29,-10,-21,68,42,20,-4,9,30,-6,-30,63,19,3,-43,6,28,-6,-38,67,27,11,1,30,36,0,-35,74,16,10,-6,-7,28,36,-40,73,29,13,-11,3,28,-20,-35,74,26,11
71.3600,-17,4,36,-9,-46,80,40,20,-20,9,35,-10,-24,66,27,4,-34,9,28,-5,-23,68,39,21,-4,12,31,-6,-37,60,9,1,-44,11,30,-3,-31,66,26,8,0,23,30,-7,-42,79,19,4,1,-3,29,39,-37,82,35,8,-14,2,29,-20,-33,69,30,7
71.3800,-20,0,33,-10,-42,84,42,18,-18,11,39,-9,-22,61,19,3,-35,11,28,-2,-27,72,30,17,-8,11,30,-3,-37,59,12,-1,-45,10,23,-5,-34,67,23,5,13,28,36,-7,-39,82,23,5,-2,-5,29,43,-41,82,34,7,-13,5,37,-17,-32,75,27,9
71.4000,-21,-5,30,-8,-38,86,40,26,-21,6,34,-8,-24,58,16,2,-36,8,26,-6,-27,71,36,23,-8,11,30,-10,-39,61,13,1,-51,13,32,-7,-33,61,29,9,2,30,35,-5,-43,79,20,12,-8,-5,27,34,-43,74,38,6,-15,0,32,-20,-32,73,23,5
71.4200,-11,0,36,-8,-46,81,36,21,-19,9,32,-12,-23,65,17,1,-35,3,33,-2,-27,77,34,20,-4,18,30,-8,-34,58,9,-2,-55,8,26,-9,-30,66,27,9,12,32,29,-5,-35,73,21,2,-9,3,30,40,-38,72,34,3,-15,-2,32,-18,-33,77,26,14
71.4400,-20,2,34,-8,-47,86,34,14,-25,7,28,-9,-22,68,16,12,-28,5,31,-12,-23,81,32,23,-14,22,32,-14,-38,63,9,2,-50,12,32,-3,-30,67,16,6,10,31,27,-1,-37,74,29,-2,-2,3,29,36,-32,77,33,7,-16,1,33,-17,-34,78,27,15
71.4600,-12,2,37,-7,-44,81,39,23,-16,9,34,-4,-20,65,13,5,-26,0,33,1,-24,76,31,22,-9,20,33,-7,-38,62,15,-3,-51,14,32,-3,-32,71,23,13,13,29,34,-4,-35,73,25,-5,-10,0,30,37,-37,76,33,5,-11,-5,40,-19,-30,77,27,13
71.4800,-14,3,25,-12,-40,84,39,23,-15,6,28,-10,-21,71,12,8,-29,6,31,-7,-29,80,35,22,-12,17,31,-10,-35,61,6,1,-54,8,34,-12,-33,68,24,14,12,31,31,-7,-34,70,26,-7,-12,6,26,35,-36,81,34,-3,-13,6,34,-20,-34,81,25,8
71.5000,-16,1,28,-9,-39,87,43,21,-19,3,34,-9,-27,74,14,5,-22,6,36,-7,-31,83,35,25,-10,16,34,-4,-30,62,4,-3,-53,9,35,-7,-30,71,25,14,5,32,32,-4,-38,73,23,-4,-10,8,32,33,-39,78,30,-2,-12,3,34,-25,-40,78,24,15
71.5200,-17,-5,31,-11,-42,92,41,22,-16,2,31,-6,-26,75,17,12,-29,7,38,-6,-32,80,38,25,-12,18,33,-8,-32,61,6,0,-49,11,37,-7,-34,74,19,17,5,35,35,-6,-34,72,28,-1,-10,7,29,34,-34,83,31,2,-19,8,31,-23,-34,80,27,12
71.5400,-19,-4,35,-8,-48,86,36,23,-15,4,37,-2,-23,72,16,17,-25,1,27,-10,-31,85,38,26,-16,17,34,-12,-40,66,6,1,-52,7,30,-9,-36,79,22,14,11,34,26,-5,-31,72,25,-9,-17,9,27,42,-40,77,31,-1,-12,6,34,-23,-36,79,25,6
71.5600,-16,-4,35,-11,-40,90,40,19,-19,2,36,-10,-28,75,18,9,-24,-2,31,-12,-32,83,38,18,-15,20,29,-12,-37,64,6,5,-49,6,28,-9,-38,75,19,18,10,36,34,-9,-34,78,19,0,-12,9,24,40,-36,82,24,0,-5,3,40,-25,-42,85,28,8
71.5800,-22,3,32,-9,-42,89,45,17,-18,3,31,-9,-27,74,20,11,-27,6,36,-12,-37,78,41,25,-20,16,33,-8,-28,66,3,4,-53,7,32,-14,-33,79,23,16,2,46,32,-7,-39,76,25,-13,-20,14,28,27,-38,78,25,1,-15,0,39,-25,-42,84,29,6
71.6000,-22,3,33,-11,-43,90,45,16,-12,3,37,-16,-34,74,20,9,-31,1,32,-13,-35,79,46,22,-18,15,35,-6,-32,63,8,5,-50,-4,33,-9,-33,80,21,15,6,45,31,-11,-32,74,22,-8,-21,9,33,32,-33,77,26,1,-16,2,37,-21,-43,84,32,5
71.6200,-11,3,29,-19,-44,89,48,22,-16,3,37,-8,-34,79,17,12,-29,8,35,-18,-39,79,43,18,-20,13,38,-9,-33,64,2,8,-43,-1,30,-4,-35,79,14,15,-2,43,29,-8,-28,74,17,-7,-23,15,25,33,-36,78,27,7,-16,10,37,-22,-40,88,34,2
71.6400,-22,4,26,-12,-45,87,43,19,-11,2,31,-11,-37,76,25,13,-28,10,34,-15,-41,72,41,18,-15,11,32,-10,-36,69,3,12,-47,-2,27,-8,-39,77,18,10,2,43,29,-7,-30,70,19,-8,-22,9,33,36,-35,84,27,5,-14,6,33,-18,-34,84,36,10
71.6600,-16,2,31,-13,-39,90,42,22,-12,3,32,-9,-38,77,22,6,-31,7,36,-18,-41,77,43,18,-12,11,33,-9,-36,67,5,14,-47,4,31,-10,-37,78,25,14,-2,45,35,-4,-27,69,19,-3,-22,13,29,39,-33,81,25,6,-12,7,25,-23,-42,87,29,8
71.6800,-19,4,30,-17,-47,89,44,20,-11,3,36,-19,-34,78,26,5,-27,7,29,-14,-26,75,40,21,-12,12,28,-9,-28,70,7,11,-48,-2,27,-15,-32,75,20,17,1,41,36,-5,-31,73,17,-4,-23,10,25,35,-34,73,20,9,-18,3,29,-19,-33,84,32,7
71.7000,-23,11,31,-11,-47,91,50,18,-16,4,32,-10,-34,69,28,8,-33,8,27,-15,-38,66,45,16,-15,10,30,-3,-32,72,0,5,-43,-1,27,-9,-38,78,16,18,-2,44,33,-3,-24,74,15,-3,-21,8,29,37,-27,78,21,16,-18,7,24,-19,-44,83,34,7
71.7200,-21,7,29,-9,-45,84,39,18,-8,7,32,-13,-33,71,18,5,-26,8,23,-13,-36,70,48,12,-15,7,37,-10,-38,61,3,6,-43,8,26,-9,-32,82,25,17,-3,45,32,-5,-25,73,15,-1,-25,9,36,34,-42,81,27,6,-19,5,22,-16,-46,83,37,8
71.7400,-21,-1,26,-10,-44,89,37,16,-15,7,35,-10,-34,70,23,2,-32,16,26,-10,-30,65,48,20,-15,10,27,-3,-36,64,2,7,-44,4,27,-8,-36,73,25,11,-2,39,27,0,-24,70,16,3,-20,5,35,37,-30,75,27,17,-21,7,23,-18,-42,83,32,5
71.7600,-18,3,29,-9,-48,87,37,20,-14,5,27,-10,-30,69,23,8,-28,10,26,-8,-23,67,43,16,-8,4,28,-7,-37,61,6,11,-47,7,31,-4,-34,75,26,16,-5,39,30,-3,-23,73,14,2,-19,2,27,40,-32,72,25,14,-14,7,24,-12,-41,80,35,4
71.7800,-19,3,29,-6,-43,86,40,18,-17,4,32,-9,-29,65,26,7,-34,14,27,-7,-23,61,41,16,-13,11,30,1,-36,62,5,4,-46,4,31,-2,-38,79,21,12,-8,40,31,-4,-26,71,6,5,-11,-2,28,34,-31,81,25,14,-21,7,15,-7,-37,77,30,2
71.8000,-20,4,35,-9,-54,89,43,17,-18,7,27,-3,-31,66,25,4,-41,10,26,-4,-32,65,41,22,-10,10,31,-8,-29,58,6,6,-48,0,32,-5,-42,76,29,12,-2,39,29,-5,-35,75,20,5,-16,0,26,34,-35,78,30,17,-15,7,18,-4,-36,78,28,-1
71.8200,-19,9,31,-3,-39,89,42,16,-19,7,24,-6,-28,64,16,11,-33,7,26,-5,-25,65,40,20,-14,8,33,2,-35,64,8,5,-50,5,26,-2,-33,71,23,17,-5,42,35,-8,-25,72,16,10,-14,-8,28,41,-29,81,29,16,-16,11,19,4,-27,81,28,8
71.8400,-16,-1,29,1,-40,88,43,20,-16,9,25,-6,-27,65,22,8,-36,11,28,-2,-27,63,41,19,-10,4,26,6,-36,64,3,5,-45,5,30,0,-31,72,24,14,2,34,33,-8,-33,71,14,4,-7,-2,25,41,-30,78,29,15,-21,11,16,9,-36,80,33,9
71.8600,-15,-1,25,2,-46,90,38,21,-16,4,30,-5,-30,69,19,10,-30,8,31,0,-19,66,39,21,-7,7,30,0,-35,66,5,5,-43,9,26,-1,-29,74,23,16,0,36,29,4,-30,71,19,6,-9,1,23,46,-35,78,26,13,-20,3,25,6,-37,75,36,7
71.8800,-14,3,29,-5,-44,84,38,25,-22,3,35,-3,-31,62,26,11,-34,3,34,7,-22,65,39,21,-1,12,30,-4,-30,63,5,8,-54,6,30,3,-29,69,23,13,-3,29,31,-4,-36,75,12,2,-19,0,28,38,-41,77,31,12,-21,11,25,9,-36,74,31,7
71.9000,-16,4,31,3,-51,89,40,19,-19,1,28,-5,-28,60,25,-2,-29,6,27,4,-24,66,35,13,-8,5,26,0,-34,65,4,10,-46,5,33,6,-31,71,21,19,1,32,34,-4,-30,78,19,5,-7,0,29,36,-37,76,32,11,-19,7,20,13,-31,77,36,10
71.9200,-13,-2,32,2,-48,96,39,22,-15,13,36,-3,-28,70,19,2,-29,6,36,5,-23,67,37,21,-6,9,25,3,-32,66,5,10,-40,-3,29,1,-32,71,27,15,10,25,37,-4,-33,75,21,4,-7,1,29,37,-38,76,29,11,-18,6,23,19,-30,73,32,10
71.9400,-18,0,27,-6,-47,96,41,24,-16,5,30,4,-20,65,26,15,-33,3,32,5,-24,73,37,22,-7,12,31,-6,-33,71,11,6,-43,0,32,3,-29,74,25,11,8,30,30,-13,-32,67,15,3,-8,-1,27,39,-37,79,33,7,-16,3,30,16,-26,77,29,7
71.9600,-15,-2,33,-2,-48,92,42,23,-8,4,41,3,-22,73,20,0,-25,4,35,9,-17,72,36,21,-8,7,32,-2,-39,66,8,0,-48,4,29,1,-35,67,21,11,5,33,30,-8,-35,77,18,2,-7,0,27,39,-38,81,33,9,-17,2,32,16,-32,73,33,13
71.9800,-18,-1,32,-5,-52,96,44,23,-15,-2,31,1,-23,69,19,0,-25,-3,33,5,-27,74,36,18,-12,9,37,1,-34,66,7,8,-44,7,33,-2,-31,73,29,7,6,31,33,-8,-38,75,17,5,-16,1,30,37,-39,80,36,9,-16,-2,26,8,-36,76,30,15
72.0000,-18,-1,37,-7,-46,92,41,22,-12,2,34,-1,-23,67,22,8,-22,1,35,0,-28,75,37,20,-3,13,28,-1,-33,62,12,5,-42,9,35,-5,-31,72,25,16,9,32,28,-11,-35,71,24,3,-9,-1,26,37,-38,81,27,5,-11,-3,34,7,-34,78,29,12
72.0200,-23,-1,35,-8,-52,97,43,19,-15,9,37,-9,-21,65,17,9,-29,5,40,-3,-30,77,36,19,-4,12,33,-2,-38,66,12,9,-50,7,37,-3,-32,78,27,10,9,35,25,-9,-38,71,21,3,-10,7,35,40,-41,78,36,10,-18,-1,35,-1,-34,80,35,15
72.0400,-11,-2,36,-8,-41,91,37,18,-21,6,35,1,-25,65,20,8,-21,7,34,-8,-29,83,43,23,-7,8,34,-4,-42,69,12,2,-42,7,43,-5,-30,74,26,13,11,34,28,-11,-36,71,19,2,-13,1,27,35,-37,71,28,2,-13,-2,40,-3,-34,82,26,13
72.0600,-17,-6,38,-10,-50,89,46,20,-16,-2,29,-4,-23,69,14,6,-31,4,32,-6,-29,78,45,27,-12,13,37,-1,-40,64,6,0,-45,0,32,-4,-32,75,29,9,7,31,30,-15,-34,76,19,-4,-8,-5,28,39,-34,73,33,10,-11,-2,42,-16,-37,86,32,11
72.0800,-18,5,35,-7,-46,84,46,21,-12,3,33,-8,-24,68,19,6,-31,5,31,-14,-31,79,38,21,-11,14,36,-3,-30,53,16,0,-43,10,31,-9,-31,71,25,5,7,39,28,-10,-37,71,13,-2,-8,0,36,46,-35,75,29,6,-16,-1,39,-21,-37,84,36,11
72.1000,-15,9,33,-14,-50,88,41,19,-10,4,27,-8,-24,66,24,7,-27,7,37,-9,-24,80,36,22,-10,14,38,-3,-31,58,10,2,-46,2,25,-4,-31,70,32,12,14,32,38,-6,-34,72,15,-1,-7,-1,29,39,-35,71,28,10,-10,0,43,-23,-44,85,29,13
72.1200,-17,2,29,-13,-41,88,43,20,-11,7,28,-11,-27,67,21,1,-27,2,29,-18,-34,80,42,17,-10,11,29,-9,-25,58,6,5,-39,7,31,-10,-34,72,25,12,9,37,29,-4,-28,70,11,2,-11,3,32,39,-30,70,30,7,-11,0,37,-28,-36,81,36,7
72.1400,-15,8,33,-12,-39,85,47,23,-11,5,29,-15,-28,74,21,4,-30,10,28,-14,-28,81,43,19,-10,15,35,-8,-30,58,8,11,-43,2,31,-13,-28,76,22,16,7,38,33,-6,-31,70,17,-2,-10,4,31,38,-35,75,21,15,-11,5,36,-28,-39,80,31,4
72.1600,-20,10,28,-10,-44,85,42,16,-12,6,31,-18,-30,67,23,7,-27,14,33,-20,-34,86,38,13,-8,8,33,-6,-25,58,8,7,-38,7,28,-17,-33,70,22,14,13,35,30,-11,-27,69,12,-1,-14,4,32,34,-39,75,28,14,-9,3,36,-42,-45,76,26,9
72.1800,-20,9,33,-15,-44,85,34,19,-13,3,28,-10,-22,75,21,6,-31,9,34,-17,-29,80,40,21,0,9,34,-10,-35,64,10,9,-44,7,31,-11,-36,72,19,13,4,36,34,-5,-29,67,14,-3,-14,3,33,39,-37,77,26,9,-13,2,36,-40,-38,71,31,5
72.2000,-20,4,29,-12,-44,92,37,21,-16,4,28,-23,-25,71,16,9,-38,3,25,-13,-28,76,43,18,-9,18,33,-19,-23,57,4,5,-41,5,21,-15,-35,72,25,11,2,37,32,-2,-26,69,13,6,-12,0,28,31,-35,76,23,10,-16,7,37,-39,-40,78,32,2
72.2200,-19,0,32,-9,-40,83,42,20,-18,3,28,-12,-27,70,16,11,-31,11,26,-9,-31,72,39,22,-9,9,30,-11,-27,58,3,7,-45,0,26,-14,-31,72,24,15,9,39,31,-4,-29,68,12,5,-12,4,33,26,-33,76,26,12,-16,6,33,-40,-39,75,31,3
72.2400,-19,7,27,-10,-39,84,36,16,-18,2,27,-10,-29,69,20,9,-37,11,26,-5,-30,75,43,18,-15,9,26,-16,-33,63,2,12,-45,-3,32,-14,-31,71,23,12,6,37,28,-6,-30,70,17,3,-14,-2,29,30,-35,74,29,7,-19,9,37,-38,-40,70,32,2
72.2600,-20,6,28,-9,-36,82,36,24,-15,-2,28,-8,-28,76,22,13,-33,12,30,-2,-31,73,36,21,-12,6,28,-15,-33,59,6,11,-45,3,22,-16,-29,71,21,11,1,33,32,-7,-28,67,13,8,-17,-2,29,28,-35,86,23,14,-16,9,29,-32,-28,68,29,-1
72.2800,-13,1,34,-10,-39,85,40,26,-18,10,27,-6,-17,74,24,10,-36,5,27,-3,-28,70,36,21,-8,5,26,-8,-29,66,8,12,-47,4,23,-7,-31,70,17,16,5,31,34,-4,-29,74,15,4,-11,-1,31,25,-34,86,30,15,-18,14,27,-30,-35,71,28,5
72.3000,-15,2,33,-13,-39,81,31,21,-22,-2,25,-4,-25,73,21,6,-33,6,27,1,-28,75,36,20,-7,5,18,-11,-30,67,7,12,-48,2,29,-5,-27,76,16,20,7,36,33,-8,-40,74,17,7,-10,-1,22,28,-37,82,31,18,-18,9,29,-23,-22,63,21,8
72.3200,-22,3,25,-9,-36,86,41,27,-16,-1,28,-1,-21,72,16,14,-30,5,23,3,-24,78,39,23,-19,6,28,-11,-32,59,4,10,-49,-2,26,-4,-35,72,20,21,4,25,31,-1,-35,80,13,8,-10,-4,22,31,-40,83,30,10,-16,10,30,-17,-21,69,17,17
72.3400,-12,6,30,-6,-39,90,41,25,-21,0,26,2,-24,74,16,14,-36,4,25,13,-25,69,31,25,-7,7,24,0,-38,69,3,6,-52,-4,26,0,-30,70,25,22,5,27,21,-5,-38,79,16,10,-7,-7,28,31,-34,85,29,19,-17,0,23,-12,-20,66,16,14
72.3600,-14,0,27,-4,-37,94,40,30,-18,1,32,10,-26,69,17,6,-31,8,22,10,-25,67,38,25,-12,6,27,-3,-34,70,7,3,-52,0,24,6,-25,76,24,16,6,30,22,-5,-38,79,11,8,-5,-7,18,44,-36,82,36,18,-18,4,22,-7,-19,74,23,11
72.3800,-19,2,31,-10,-53,98,36,18,-14,1,28,4,-25,74,16,4,-35,-2,31,7,-23,70,39,27,-10,10,21,0,-35,73,1,8,-45,-1,26,9,-30,77,17,14,10,25,19,-3,-38,82,20,4,-12,2,31,43,-33,83,31,8,-16,-3,17,-1,-18,75,15,22
72.4000,-20,-7,33,-5,-40,97,35,19,-21,4,24,14,-26,68,17,6,-34,-4,28,10,-22,76,30,24,-13,7,25,8,-28,64,1,5,-49,4,28,14,-30,76,19,16,12,30,27,-1,-35,81,13,3,-8,-8,15,42,-39,83,33,6,-12,-12,16,9,-20,71,19,24
72.4200,-15,-1,32,-1,-46,95,41,25,-18,-1,25,8,-24,74,15,12,-32,-2,27,11,-23,69,36,25,-8,6,19,8,-31,65,10,2,-44,6,29,13,-28,77,20,12,13,28,23,0,-30,74,21,6,-9,-6,20,50,-42,87,30,9,-11,-4,24,5,-31,80,23,26
72.4400,-11,-1,29,-6,-40,92,41,26,-16,-3,22,11,-25,69,20,10,-28,2,30,5,-26,74,39,19,-1,-1,22,15,-21,62,0,7,-48,2,27,15,-28,76,18,16,12,29,22,4,-43,81,25,1,-5,-5,23,51,-35,74,38,2,-7,-8,21,7,-32,91,20,23
72.4600,-15,-2,28,-1,-48,92,39,26,-15,-3,34,11,-28,76,22,12,-24,0,36,0,-32,79,37,26,-8,4,25,14,-25,64,4,8,-46,3,28,15,-27,76,20,18,15,30,20,3,-36,76,17,1,-9,-2,19,59,-36,72,33,2,-8,-10,26,10,-38,91,17,32
72.4800,-11,-4,32,-8,-42,95,37,23,-8,3,36,11,-28,77,13,14,-24,-7,36,-1,-26,77,41,26,-6,9,20,13,-22,61,0,9,-46,2,29,5,-28,75,15,19,19,30,25,2,-33,71,25,-2,-13,4,23,49,-34,73,35,6,-9,-13,27,4,-39,97,26,22
72.5000,-11,0,31,-1,-48,98,48,23,-16,-4,39,0,-30,76,17,13,-24,-6,32,-2,-28,80,49,24,-7,8,26,8,-25,73,3,3,-47,1,29,5,-36,79,15,21,12,35,29,3,-39,76,16,-1,-14,1,20,54,-39,74,29,3,-3,-17,28,6,-40,91,24,26
72.5200,-18,6,31,-4,-57,96,47,22,-12,-3,33,-8,-36,77,19,14,-19,-4,32,-10,-34,83,45,23,-9,10,29,11,-27,66,4,7,-49,1,33,0,-33,81,15,20,18,37,25,5,-35,67,19,-1,-5,10,23,59,-31,75,33,7,-2,-7,29,4,-44,93,34,26
72.5400,-15,0,30,-3,-52,97,47,22,-14,-4,35,-2,-35,75,23,13,-20,1,31,-10,-35,84,44,17,-14,14,30,5,-32,70,6,4,-48,0,38,1,-41,81,19,19,11,40,27,5,-32,76,23,-1,-13,7,35,52,-35,77,29,3,2,-14,28,2,-43,89,31,22
72.5600,-15,3,30,-6,-45,94,46,21,-12,-7,35,-11,-30,75,27,17,-27,-4,35,-12,-35,75,49,17,-14,16,30,8,-28,65,0,3,-47,-1,34,-2,-37,79,25,20,5,41,26,7,-38,73,21,-1,-17,10,29,57,-31,79,30,2,-3,-11,31,1,-50,86,35,15
72.5800,-17,-2,32,-3,-48,96,47,16,-12,-2,41,-15,-34,77,28,13,-19,6,31,-15,-34,81,49,17,-15,4,35,4,-27,69,-4,9,-48,-2,35,-6,-37,86,25,25,6,44,28,6,-37,76,19,-8,-12,5,30,50,-30,81,28,4,-4,-2,31,-3,-54,92,37,8
72.6000,-18,-2,32,-7,-50,94,42,20,-12,-8,36,-13,-38,72,28,6,-14,0,35,-23,-33,79,47,12,-12,11,36,0,-34,67,1,8,-41,-2,34,-10,-37,83,24,19,1,40,35,6,-27,72,17,-3,-18,11,30,43,-32,80,22,11,-3,-4,38,-12,-48,91,43,6
72.6200,-17,7,28,-7,-44,96,45,18,-8,1,38,-21,-41,79,34,8,-27,10,30,-18,-38,80,49,14,-17,15,43,-7,-39,75,12,8,-48,0,40,-15,-44,79,26,13,8,43,33,9,-27,59,21,-7,-23,6,34,47,-31,75,25,9,-5,1,37,-5,-53,90,46,2
72.6400,-20,1,33,-10,-50,95,38,13,-6,1,31,-20,-36,73,39,2,-24,8,35,-18,-32,73,52,10,-15,11,33,-9,-30,78,11,12,-47,-1,37,-18,-39,82,31,19,2,45,30,6,-31,69,16,5,-15,4,34,43,-32,80,23,3,-6,4,35,-11,-55,82,48,-1
72.6600,-19,2,29,-6,-44,96,45,13,-19,3,37,-11,-39,76,35,-1,-24,14,30,-14,-36,74,51,5,-14,6,38,-12,-35,72,5,8,-50,-1,42,-22,-41,80,33,16,-2,44,31,-1,-34,68,15,-1,-19,8,34,35,-34,83,23,13,-15,7,36,-21,-45,79,48,-6
72.6800,-16,5,33,-6,-50,94,51,17,-12,14,35,-19,-42,73,39,0,-30,15,32,-10,-35,69,50,8,-13,11,40,-15,-36,73,10,8,-47,1,35,-20,-41,77,35,11,-3,39,38,2,-32,71,18,0,-18,7,31,35,-34,93,28,13,-16,13,32,-18,-49,81,45,-7
72.7000,-22,0,34,-9,-50,92,47,13,-12,7,34,-21,-36,66,34,-5,-39,22,31,-9,-31,70,53,11,-12,9,41,-20,-39,77,4,7,-37,-1,25,-12,-48,76,34,13,-3,43,36,1,-26,76,18,4,-13,5,34,38,-23,86,22,13,-19,14,31,-25,-45,76,48,-6
72.7200,-22,8,30,-6,-49,87,43,11,-10,5,35,-23,-33,67,36,-7,-37,15,33,-3,-21,65,48,7,-8,14,39,-22,-35,68,9,8,-44,4,38,-20,-51,72,39,10,0,46,42,-6,-28,74,18,5,-25,-1,34,29,-32,83,29,17,-20,20,35,-20,-38,75,41,-5
72.7400,-23,6,30,-9,-39,87,41,16,-10,14,33,-18,-30,65,30,-1,-33,19,28,-5,-31,69,48,12,-15,2,39,-18,-40,65,12,7,-50,1,36,-14,-38,72,44,8,-1,43,41,-9,-35,78,11,-5,-19,3,32,24,-39,93,28,14,-26,13,30,-19,-30,73,37,-8
72.7600,-23,4,27,-14,-39,89,41,17,-21,14,35,-20,-24,67,25,-3,-40,15,29,1,-25,62,40,8,-13,10,34,-19,-45,67,13,9,-47,3,30,-13,-37,68,38,9,-1,41,30,-12,-29,83,15,5,-14,5,33,18,-42,85,27,9,-25,16,31,-21,-34,75,30,-3
72.7800,-28,8,33,-11,-44,98,43,16,-21,19,35,-12,-25,59,21,-11,-36,11,28,0,-21,65,42,13,-7,2,29,-20,-38,65,15,8,-45,6,28,-10,-39,69,34,12,0,38,30,-11,-28,79,14,4,-14,-6,33,26,-40,85,26,20,-27,15,29,-20,-33,73,36,-3
72.8000,-27,6,31,-13,-51,96,41,19,-20,14,31,-7,-22,65,25,-7,-39,18,36,0,-16,67,37,19,-7,6,30,-12,-30,61,10,11,-43,3,26,-12,-19,62,34,10,2,32,35,-18,-27,81,9,9,-16,2,27,21,-44,84,30,16,-28,15,25,-16,-28,70,36,-6
72.8200,-19,1,32,-11,-37,100,46,22,-22,15,28,-4,-22,63,16,-6,-43,15,32,-4,-26,75,36,17,-11,7,36,-14,-31,56,7,8,-44,9,26,-10,-25,64,35,3,8,31,34,-17,-32,80,16,6,-14,-5,23,30,-38,78,32,16,-33,15,26,-20,-29,70,32,2
72.8400,-23,6,33,-5,-44,93,43,20,-18,9,28,3,-4,64,14,3,-42,9,26,4,-20,79,28,25,-13,7,29,-9,-36,58,10,0,-55,9,20,-1,-22,66,29,10,5,26,31,-17,-39,79,15,8,-11,-1,30,28,-43,81,30,11,-28,5,29,-20,-23,70,23,9
72.8600,-13,0,19,-2,-29,89,40,19,-22,8,29,1,-20,67,11,0,-39,-1,24,8,-11,84,33,30,-6,6,25,-9,-33,55,10,-1,-43,6,21,4,-18,60,21,14,11,24,34,-14,-36,77,10,8,-9,-4,22,28,-43,80,36,9,-28,16,26,-16,-25,81,23,8
72.8800,-15,5,27,-6,-45,91,39,18,-25,14,22,4,-21,67,10,7,-30,0,32,5,-22,89,31,32,-8,7,27,-6,-28,60,6,6,-50,9,26,5,-20,72,14,14,3,28,28,-13,-40,78,17,4,-3,-1,22,34,-46,81,31,16,-22,4,28,-10,-22,81,18,12
72.9000,-20,-6,30,-3,-41,95,41,27,-21,11,30,7,-16,74,13,14,-41,-1,32,-1,-24,89,40,33,-4,4,31,-2,-25,55,4,2,-49,6,28,7,-20,73,17,13,11,30,31,-17,-43,74,14,5,-7,-7,24,34,-34,78,33,8,-21,1,32,-8,-31,77,17,13
72.9200,-16,-2,32,-9,-49,93,35,24,-24,6,28,7,-14,80,9,13,-30,-5,28,-3,-25,89,33,30,-3,14,27,-1,-21,57,3,5,-52,6,30,9,-20,70,15,10,16,29,30,-11,-37,77,13,10,-6,-1,23,36,-37,75,28,13,-18,-3,28,-8,-24,79,14,16
72.9400,-16,-5,30,-3,-43,98,41,23,-21,2,28,2,-23,81,11,14,-38,-8,29,0,-31,94,38,36,-7,13,28,4,-23,58,5,-1,-48,1,31,7,-22,75,15,18,13,33,25,-4,-40,74,19,4,-4,-6,24,40,-38,75,28,13,-15,1,26,-8,-27,82,19,22
72.9600,-14,-4,27,0,-40,95,40,23,-16,0,34,11,-24,81,9,16,-28,-4,36,0,-36,86,38,31,-8,3,21,5,-19,62,0,1,-46,-2,27,7,-20,77,7,22,16,32,33,-7,-34,72,25,1,-9,1,21,49,-35,73,32,9,-15,-2,27,-1,-29,85,23,17
72.9800,-17,-8,32,-6,-42,96,46,23,-21,-2,23,8,-28,80,10,18,-29,-6,32,3,-41,88,41,27,-6,10,29,5,-14,66,-2,5,-49,9,29,12,-26,82,16,21,15,35,32,-8,-35,71,22,3,-9,-1,27,46,-35,75,32,7,-8,-9,26,-5,-30,85,20,21
73.0000,-17,-3,29,-4,-44,95,43,27,-14,-5,30,5,-27,85,16,18,-29,-6,34,-1,-37,90,45,26,-5,14,24,9,-26,58,-4,7,-46,0,29,5,-28,82,12,17,11,28,29,-4,-35,69,20,3,-9,-9,27,49,-28,76,35,8,-10,-12,30,-9,-29,77,24,18
73.0200,-12,-2,27,-9,-41,93,34,24,-16,-6,31,2,-33,89,15,19,-32,0,33,-7,-46,89,48,19,-11,6,30,6,-24,68,-5,9,-40,-3,30,7,-29,80,15,27,12,31,26,5,-32,70,20,7,-1,-5,26,48,-30,79,26,10,-1,-10,30,-5,-34,81,29,23
73.0400,-13,2,31,-7,-49,90,43,21,-18,-5,26,-1,-40,84,24,16,-23,-9,31,-8,-43,76,48,25,-6,10,30,10,-18,70,-5,8,-39,0,32,7,-35,82,17,32,15,27,33,1,-31,67,20,3,-7,1,25,56,-34,76,27,10,-5,-11,25,-1,-34,82,27,10
73.0600,-15,4,32,-10,-47,101,42,18,-19,-11,32,0,-39,79,24,17,-20,-3,33,-8,-37,85,56,20,-3,12,29,5,-23,76,-6,11,-44,3,31,9,-38,84,22,23,13,29,21,6,-34,68,15,1,-7,-2,25,56,-33,83,34,6,-4,-9,26,-7,-33,80,32,12
73.0800,-12,-3,30,-5,-53,89,40,25,-10,-5,34,-1,-36,75,32,9,-20,2,33,-13,-36,72,51,14,-17,10,35,10,-24,67,-5,10,-50,-10,28,-1,-38,83,22,23,10,31,28,3,-35,76,20,5,-7,-1,32,49,-33,83,33,8,-5,-11,34,-5,-35,79,30,15
73.1000,-12,5,33,-8,-49,95,43,18,-15,-1,28,-11,-40,79,25,13,-16,9,33,-8,-38,69,46,15,-12,7,32,4,-36,75,-2,9,-51,-2,32,2,-40,89,20,27,11,33,32,3,-29,73,18,-4,-10,-3,22,56,-32,84,34,11,-6,-10,32,-11,-37,85,29,16
73.1200,-19,4,31,-11,-49,95,41,22,-17,-8,32,-10,-34,73,32,6,-23,7,31,-10,-34,68,52,12,-4,8,28,2,-30,73,-1,6,-47,1,35,-5,-38,82,23,22,15,26,28,8,-32,77,16,2,-12,2,31,47,-36,85,35,6,-5,-6,28,-15,-36,82,33,11
73.1400,-21,5,31,-6,-50,91,44,19,-21,-1,31,-18,-39,73,34,5,-24,7,27,-10,-22,69,46,11,-16,10,32,2,-32,72,8,12,-47,-5,41,-5,-39,80,36,19,16,32,30,-2,-29,78,22,5,-10,1,29,45,-37,85,29,7,-8,-1,28,-14,-36,79,32,7
73.1600,-22,4,31,-10,-43,98,43,17,-17,-4,37,-13,-32,63,33,3,-17,10,29,-10,-19,65,38,17,-8,13,26,0,-35,73,4,11,-40,1,30,-9,-42,76,30,11,14,29,30,3,-33,76,18,4,-9,0,35,44,-39,84,32,11,-5,2,30,-17,-37,78,34,8
73.1800,-21,2,33,-6,-45,92,44,21,-17,-2,33,-11,-27,64,24,5,-23,10,28,-7,-16,60,42,22,-11,12,27,-7,-35,74,5,5,-50,-2,34,-13,-41,77,31,17,10,33,31,6,-31,76,21,-2,-16,4,30,38,-46,86,35,6,-4,3,33,-13,-36,84,35,5
73.2000,-13,8,34,-11,-47,93,42,20,-12,2,30,-9,-20,64,26,0,-31,14,32,-8,-15,64,45,13,-4,15,30,-10,-35,68,10,12,-49,1,31,-10,-34,78,35,13,5,32,35,4,-33,75,25,-1,-4,6,28,41,-36,86,30,5,-10,4,31,-12,-39,85,30,2
73.2200,-18,5,27,-14,-39,99,40,20,-21,5,38,-12,-26,59,20,5,-31,13,33,-12,-21,65,43,17,-7,14,32,-6,-31,66,8,5,-49,1,31,-9,-35,73,36,6,5,30,28,9,-29,76,18,-4,-4,3,30,45,-36,89,33,9,-14,7,28,-16,-36,78,29,8
73.2400,-15,5,37,-7,-46,96,45,13,-15,1,29,-17,-16,65,23,-1,-38,4,31,0,-20,69,36,16,-13,15,33,-7,-38,69,16,7,-51,-1,33,-5,-28,71,29,7,17,31,29,1,-32,78,20,3,-12,8,31,40,-36,73,31,4,-17,6,31,-15,-35,83,34,5
73.2600,-20,2,35,-5,-40,101,33,25,-16,15,30,-18,-14,65,22,1,-31,8,30,-4,-17,70,36,22,-15,12,38,-12,-41,68,18,4,-52,4,29,-16,-31,69,24,13,15,31,31,-2,-33,76,23,-3,-16,12,32,30,-37,81,35,-1,-14,4,28,-21,-38,77,30,3
73.2800,-18,6,32,-3,-45,93,43,23,-19,4,30,-12,-20,61,24,7,-29,7,30,1,-23,73,38,21,-14,19,35,-10,-31,65,17,6,-40,0,33,-12,-26,71,23,11,8,37,30,-7,-30,76,18,-6,-16,4,31,34,-36,82,33,4,-12,-1,31,-19,-36,83,28,2
73.3000,-23,4,35,-6,-47,88,43,22,-19,10,32,-4,-15,66,16,8,-35,4,32,-4,-19,79,39,26,-15,15,29,-3,-25,63,9,6,-50,10,32,-11,-28,71,22,17,10,39,32,-6,-31,76,26,-7,-17,12,31,34,-37,78,28,0,-18,4,37,-17,-35,86,31,3
73.3200,-19,3,26,-1,-42,97,40,16,-22,9,35,-8,-20,74,18,4,-29,6,36,-4,-23,82,34,22,-15,16,32,-9,-26,57,7,4,-48,7,30,-4,-21,72,18,10,6,38,32,-7,-29,77,23,-7,-16,8,32,36,-33,79,29,5,-15,6,33,-14,-43,82,30,4
73.3400,-22,-3,33,-9,-42,97,35,21,-20,9,37,-9,-24,71,19,10,-29,0,31,-6,-24,81,39,25,-18,15,36,-8,-25,62,2,8,-53,-1,31,-6,-25,81,19,13,5,41,28,-8,-32,78,23,-2,-24,11,22,35,-26,80,26,8,-25,6,34,-18,-33,85,32,9
73.3600,-19,1,29,-2,-47,100,43,18,-21,2,33,-5,-18,70,16,15,-28,0,33,1,-24,87,39,21,-15,14,32,-5,-26,64,0,10,-45,2,33,-5,-25,75,24,23,2,37,31,-8,-35,80,22,-4,-17,14,24,40,-28,77,27,8,-20,5,26,-16,-32,77,34,3
73.3800,-19,1,32,-10,-46,92,41,24,-19,-2,26,2,-20,69,9,19,-30,0,31,-3,-29,80,39,25,-12,12,31,-3,-23,62,1,10,-53,0,32,0,-30,79,19,24,4,41,24,-6,-33,77,19,-8,-23,7,23,43,-29,77,30,6,-15,7,31,-13,-32,78,30,7
73.4000,-16,7,34,-6,-49,95,41,18,-13,-3,28,-3,-29,70,20,16,-26,-2,29,-4,-34,81,45,22,-13,12,30,-10,-23,73,-2,8,-48,-1,24,-3,-28,83,17,24,7,42,28,-12,-36,74,16,-11,-20,9,21,42,-28,79,27,8,-20,5,31,-14,-33,88,36,8
73.4200,-12,2,31,-9,-47,101,44,21,-18,1,20,-4,-33,75,20,11,-23,-3,28,0,-36,80,46,25,-17,10,24,-7,-21,67,-1,5,-46,-2,27,1,-33,74,19,21,3,44,21,-4,-27,73,14,-2,-23,11,25,40,-38,83,29,12,-18,7,28,-8,-32,88,35,12
73.4400,-18,2,26,-5,-47,96,39,25,-14,-8,28,5,-30,76,22,11,-28,-4,26,-7,-33,81,47,16,-15,10,28,-4,-24,73,-3,13,-48,-5,27,0,-36,86,19,25,3,42,27,-6,-31,74,16,-3,-23,6,30,42,-29,78,29,16,-17,9,27,-11,-35,82,31,13
73.4600,-19,3,26,-2,-49,92,42,19,-5,-5,36,-3,-30,78,25,8,-24,-3,23,-3,-31,83,51,16,-16,4,28,-12,-27,72,-2,10,-45,-8,25,-2,-38,86,22,28,5,50,22,-10,-32,71,17,2,-20,-3,29,45,-31,80,21,13,-21,6,33,-5,-33,88,35,10
73.4800,-13,8,27,-6,-43,93,35,23,-20,-8,30,-5,-39,80,28,11,-25,7,29,-4,-35,77,49,16,-16,3,32,-1,-29,69,4,13,-43,-9,30,2,-40,84,29,20,1,41,28,-8,-27,73,11,-3,-24,5,25,44,-32,79,22,19,-17,8,36,-10,-41,85,33,12
73.5000,-19,2,32,-5,-44,94,37,19,-20,5,32,-5,-43,77,30,4,-24,5,23,-1,-35,78,47,14,-10,0,26,-4,-29,75,-2,11,-44,-4,27,-2,-37,89,24,21,2,40,22,-5,-34,79,13,8,-19,1,24,45,-36,84,21,14,-23,7,32,-9,-36,86,30,15
73.5200,-12,1,25,-3,-44,99,42,22,-15,3,33,1,-30,73,25,8,-33,7,22,-4,-34,76,47,12,-7,-4,33,1,-27,72,-6,14,-44,-9,30,-2,-48,86,30,22,-4,36,28,-4,-33,77,7,9,-14,-11,30,48,-39,84,26,17,-18,4,26,-9,-37,90,31,11
73.5400,-12,-4,31,-2,-42,94,38,17,-6,-3,28,3,-25,66,22,10,-33,7,32,-7,-33,78,47,10,-5,-6,24,-6,-29,76,3,12,-34,-10,30,0,-38,81,25,21,4,40,24,-2,-22,76,9,12,-7,-14,21,47,-28,83,27,10,-17,1,26,-3,-39,87,32,8
73.5600,-13,7,28,0,-47,95,43,20,-8,-4,24,-5,-27,69,32,-1,-31,5,25,-11,-23,75,48,10,-4,-5,30,-1,-33,73,9,13,-35,-8,36,-2,-40,84,36,18,4,29,24,-6,-24,78,16,14,-8,-19,21,51,-31,80,16,22,-24,0,28,-4,-37,89,30,16
73.5800,-19,1,31,-6,-45,92,43,16,-14,5,30,-13,-40,74,29,-1,-31,9,28,-6,-26,73,46,12,-2,-1,24,3,-31,72,5,11,-39,-6,29,1,-38,83,33,24,2,26,24,6,-26,76,7,15,-2,-18,29,51,-37,84,25,20,-21,5,27,0,-36,86,33,7
73.6000,-21,2,34,0,-48,96,39,21,-22,9,36,-13,-37,77,35,-5,-37,9,21,-9,-23,75,40,16,-3,-3,31,-2,-37,68,10,11,-39,-3,32,1,-40,75,30,12,2,26,31,0,-30,74,6,12,-2,-14,28,49,-48,87,25,15,-13,1,26,-5,-42,83,33,2
73.6200,-16,-1,29,-9,-49,93,42,16,-15,11,33,-12,-22,69,31,0,-31,10,26,-3,-22,73,42,14,-4,5,39,8,-32,72,12,14,-37,-6,30,-5,-38,78,35,10,10,24,25,2,-27,81,12,17,4,-5,33,50,-37,84,27,17,-16,3,23,-4,-38,80,32,10
73.6400,-14,4,26,3,-43,101,41,16,-13,13,26,-7,-16,64,27,-1,-32,8,29,-5,-23,76,46,14,-4,3,29,5,-35,71,12,11,-41,2,33,-5,-37,73,36,14,12,15,30,-3,-28,77,8,10,-2,-12,28,52,-36,83,28,15,-12,-4,27,-2,-38,79,35,13
73.6600,-10,0,34,-2,-44,96,41,18,-13,16,31,-5,-25,70,30,-1,-29,6,31,-6,-26,75,43,18,1,2,23,7,-35,69,11,3,-45,3,26,-4,-35,69,36,8,10,22,30,4,-35,75,10,15,2,-8,29,49,-41,81,32,12,-13,1,26,-1,-32,78,38,7
73.6800,-15,4,36,-3,-35,94,36,22,-22,8,31,0,-28,67,20,3,-36,13,29,1,-22,75,42,26,-1,6,34,0,-30,64,17,12,-44,2,30,-5,-29,75,33,15,17,24,29,0,-25,77,14,17,1,-12,26,44,-38,78,39,14,-14,2,27,1,-43,81,31,8
73.7000,-18,5,31,-7,-48,94,44,22,-28,13,29,-4,-20,71,17,-3,-28,10,25,0,-29,79,38,26,-8,4,32,1,-28,62,13,7,-44,6,25,-8,-33,74,25,12,22,19,32,5,-31,83,11,15,3,-10,29,48,-41,79,32,16,-8,6,23,-8,-28,76,35,11
73.7200,-20,2,32,-5,-42,95,42,15,-24,15,28,-1,-26,71,23,1,-30,7,28,6,-18,81,41,25,-11,12,30,-4,-31,60,10,4,-44,9,33,2,-21,70,24,6,22,15,25,2,-34,78,16,6,-1,-5,25,44,-38,80,35,9,-16,1,25,1,-35,79,30,7
73.7400,-23,-4,32,-5,-46,96,37,10,-21,9,35,-3,-15,68,16,6,-34,1,31,4,-19,79,38,25,-9,5,31,-2,-32,59,10,-1,-45,9,28,0,-26,75,27,13,15,24,30,6,-29,80,16,7,1,-7,31,51,-37,83,34,12,-13,-1,29,-1,-32,76,21,10
73.7600,-20,0,31,-9,-38,91,37,18,-22,13,33,5,-28,73,22,13,-30,-1,30,-2,-24,78,36,27,-4,16,35,-6,-27,66,16,-2,-53,12,31,-2,-30,73,28,10,19,19,29,0,-35,78,21,11,1,-1,26,41,-40,76,39,3,-17,-1,30,-6,-29,71,30,5
73.7800,-9,5,33,-5,-43,99,36,18,-22,10,27,4,-20,70,13,7,-30,5,30,5,-23,80,37,22,-12,12,35,-4,-23,67,11,0,-48,9,33,-3,-28,76,21,11,21,26,34,-2,-38,74,23,11,-2,-1,29,45,-40,82,41,6,-8,-2,30,-8,-25,74,29,9
73.8000,-18,2,32,-4,-49,97,39,26,-24,8,30,5,-23,68,19,9,-22,4,32,2,-30,79,43,25,-11,14,33,-8,-26,65,9,-7,-54,7,31,2,-22,76,22,15,24,22,24,-3,-40,78,26,2,-6,0,28,45,-35,84,41,10,-9,3,28,-3,-25,75,23,9
73.8200,-17,-2,35,-11,-42,95,36,23,-22,4,30,0,-22,77,15,9,-26,3,30,3,-25,80,41,27,-17,18,34,-1,-27,65,7,0,-47,11,30,0,-32,79,22,11,24,25,27,-6,-33,76,25,3,-5,0,28,44,-40,79,36,3,-10,4,32,-8,-24,72,22,10
73.8400,-19,-2,32,-7,-43,98,40,18,-22,5,34,-4,-24,74,18,13,-29,1,31,2,-31,87,38,24,-22,16,30,5,-29,65,7,0,-51,9,29,-1,-31,81,25,16,25,33,26,-4,-34,81,31,-3,-2,8,22,38,-34,78,40,7,-20,2,36,-7,-23,81,24,15
73.8600,-14,2,33,-3,-44,95,39,18,-21,-1,29,1,-22,83,16,15,-29,3,33,-4,-34,85,36,28,-15,18,28,-8,-20,66,2,7,-51,8,30,1,-34,85,24,27,18,34,29,-4,-35,75,22,-4,-8,7,34,42,-33,75,33,2,-11,0,35,-10,-30,73,19,16
73.8800,-22,7,32,-4,-46,90,38,22,-25,4,32,3,-27,75,19,19,-28,-4,34,1,-33,85,45,24,-15,16,28,-4,-18,67,0,-1,-54,4,38,4,-34,85,22,26,20,31,28,-2,-36,80,26,2,-18,5,27,40,-32,75,38,2,-6,-1,38,-14,-30,80,24,11
73.9000,-15,0,29,-7,-41,96,40,19,-20,4,35,3,-29,82,18,12,-27,-2,26,-2,-36,82,39,23,-18,13,37,0,-25,73,5,4,-57,5,34,-4,-35,86,21,21,16,31,34,-3,-34,74,22,4,-15,5,29,49,-28,77,30,7,-11,-3,38,-16,-26,84,24,12
73.9200,-17,2,27,-9,-50,97,41,24,-24,-1,35,1,-27,80,24,9,-23,-3,30,-6,-31,79,46,24,-12,18,29,-7,-20,67,-5,9,-54,1,32,5,-36,84,27,18,12,37,28,-9,-32,75,18,-2,-18,3,27,42,-37,79,26,9,-13,2,37,-16,-31,80,27,17
73.9400,-12,-1,37,-8,-48,100,39,20,-17,0,30,-2,-24,83,20,10,-24,-1,30,-7,-33,84,48,26,-19,12,39,-3,-27,72,3,3,-45,2,31,1,-34,87,24,25,10,44,30,-3,-35,77,22,1,-14,10,25,38,-29,83,30,8,-14,-1,33,-20,-28,85,25,11
73.9600,-14,-3,29,-7,-52,97,43,24,-13,0,31,-3,-21,77,19,10,-23,-4,25,-6,-31,81,45,29,-9,14,26,-3,-20,64,-3,12,-56,-8,27,-4,-28,81,19,31,7,41,29,-1,-33,75,19,-4,-18,9,33,46,-34,79,30,6,-16,-2,32,-26,-30,86,23,12
73.9800,-11,1,31,-5,-43,103,39,21,-23,1,31,1,-33,85,22,11,-25,3,35,-10,-37,76,48,21,-14,13,31,-5,-24,74,5,8,-52,5,34,1,-30,84,20,24,9,41,23,-4,-33,76,21,-1,-22,4,31,39,-31,76,29,8,-9,-2,33,-20,-32,84,28,13
74.0000,-13,0,30,-4,-40,101,39,15,-16,3,26,3,-32,79,21,19,-29,7,30,-9,-32,78,51,23,-18,4,31,-2,-30,74,-3,14,-49,-8,31,-6,-37,87,23,24,6,42,29,-6,-30,77,20,2,-16,9,24,44,-32,84,29,9,-15,-5,36,-21,-31,81,23,11
74.0200,-14,1,33,-10,-45,96,37,18,-14,-6,28,-3,-29,75,23,11,-26,2,35,-20,-33,75,52,19,-15,3,32,1,-29,70,-2,9,-49,-5,32,-10,-34,85,27,25,8,35,39,0,-28,81,15,1,-16,9,28,42,-32,83,29,8,-14,-2,32,-25,-35,90,29,12
74.0400,-20,0,32,-9,-41,95,40,17,-10,0,33,-2,-25,78,22,14,-20,-2,29,-12,-32,73,48,20,-14,4,31,4,-24,74,-4,12,-43,-8,30,0,-31,82,23,21,3,42,36,-8,-29,77,21,0,-20,11,25,41,-32,85,26,12,-24,-3,32,-25,-38,81,31,7
74.0600,-15,2,30,-10,-46,102,41,21,-12,0,31,-2,-31,77,26,11,-30,6,28,-9,-36,74,49,20,-9,5,23,-3,-22,75,-5,9,-40,-2,36,2,-37,89,35,20,10,42,30,-4,-24,81,16,7,-22,6,24,45,-30,86,23,8,-14,-1,30,-24,-42,89,29,10
74.0800,-17,4,34,-5,-43,93,35,17,-14,7,25,-7,-32,73,25,3,-28,2,31,-12,-31,76,50,19,-18,8,30,1,-24,73,-4,16,-41,-7,34,0,-37,88,27,23,-1,42,29,-4,-27,81,22,-6,-18,-1,24,52,-27,80,19,9,-10,4,27,-20,-43,85,36,8
74.1000,-19,0,27,-7,-43,98,35,13,-15,0,29,-7,-29,71,28,7,-29,1,26,-4,-26,71,45,11,-15,1,33,-4,-28,68,1,11,-48,-2,30,-4,-40,83,29,22,5,46,25,4,-25,81,6,2,-15,-6,24,52,-24,79,27,11,-17,-4,27,-14,-37,80,30,15
74.1200,-19,5,23,-6,-32,95,35,26,-11,3,29,-9,-21,68,23,5,-25,6,31,-3,-23,68,48,15,-14,3,24,-8,-24,73,7,14,-39,-3,28,0,-27,79,28,26,5,39,33,-3,-29,86,15,2,-11,0,29,50,-37,84,28,17,-13,-1,25,-15,-35,88,32,11
74.1400,-9,4,30,-6,-45,99,39,11,-10,0,32,-4,-32,67,32,4,-29,5,30,0,-22,67,42,14,-9,7,29,-2,-23,74,8,13,-37,-8,28,0,-37,84,29,16,5,34,32,-6,-31,82,19,4,-15,-5,30,53,-30,87,23,21,-20,-4,27,-13,-43,81,32,16
74.1600,-18,-3,29,-7,-48,93,37,22,-22,2,29,-6,-28,71,30,3,-32,1,33,5,-31,72,41,13,-6,1,24,-3,-26,73,14,16,-41,-5,31,-4,-32,82,25,18,-1,33,25,2,-33,78,8,8,-18,-2,26,52,-37,87,29,18,-17,0,26,-11,-32,87,31,7
74.1800,-10,0,29,-7,-49,94,36,19,-15,6,30,-3,-31,63,26,7,-28,4,28,-1,-24,69,40,17,-15,2,22,-1,-30,73,9,14,-45,-9,28,0,-36,80,31,24,9,32,24,2,-27,83,9,1,-10,-7,29,53,-37,84,23,15,-9,-3,29,-10,-33,84,37,18
74.2000,-21,-5,24,-1,-41,91,37,18,-23,6,35,-5,-24,64,24,5,-33,8,38,1,-31,78,31,14,-6,-3,31,2,-29,72,8,18,-44,-3,32,-4,-30,83,31,18,8,32,28,4,-35,86,15,12,-11,-9,28,49,-36,80,28,17,-12,3,33,-10,-34,86,34,9
74.2200,-20,3,28,-4,-42,96,39,19,-15,8,32,-2,-26,67,32,0,-31,3,29,5,-19,78,38,15,-9,0,28,-4,-30,73,9,17,-42,-2,30,3,-36,78,31,19,6,32,31,-3,-38,92,11,6,-4,-12,24,55,-39,87,32,24,-14,-4,25,-8,-30,77,32,11
74.2400,-19,3,26,-4,-41,101,32,20,-20,7,36,1,-27,68,27,6,-30,1,36,4,-25,76,34,15,-12,1,29,0,-34,78,12,6,-42,-7,32,-3,-36,77,25,22,11,31,30,0,-36,86,21,4,-10,-4,26,53,-43,87,31,16,-13,-2,25,-3,-31,81,38,18
74.2600,-11,-2,25,-6,-45,97,40,19,-20,3,31,5,-25,68,27,-1,-27,4,37,1,-15,78,40,20,-3,4,32,-3,-32,75,13,14,-47,-1,34,3,-41,83,30,13,12,29,28,-1,-29,84,22,7,-13,-1,30,52,-42,88,29,13,-15,-4,23,3,-38,84,27,9
74.2800,-18,-8,25,-8,-48,99,39,21,-22,11,26,2,-22,68,23,2,-33,10,35,4,-27,81,39,18,-4,3,28,-6,-37,73,9,4,-45,4,29,7,-35,81,32,15,4,26,27,0,-38,77,18,5,-8,-5,32,51,-37,88,38,17,-13,-3,27,3,-31,88,31,16
74.3000,-14,-3,27,-2,-39,95,44,23,-19,6,38,3,-22,70,24,6,-22,-1,29,2,-23,86,36,19,-9,9,33,8,-36,64,12,0,-42,1,33,-1,-33,76,33,16,5,32,29,-4,-36,81,17,7,-12,-10,28,55,-40,88,37,9,-9,-7,27,0,-35,89,29,14
74.3200,-20,3,32,-5,-45,104,38,24,-18,9,36,6,-19,73,20,9,-18,6,33,2,-26,82,33,21,-8,5,28,1,-34,67,9,1,-46,-1,32,9,-37,79,28,17,9,35,28,-1,-44,83,23,2,-9,-5,30,53,-36,85,34,15,-12,-2,35,4,-34,85,30,13
74.3400,-22,-1,36,-3,-48,103,45,12,-23,6,30,6,-23,68,21,5,-25,1,31,-2,-24,91,41,20,-13,8,32,3,-34,70,11,-1,-45,-1,32,1,-38,76,27,13,13,40,31,1,-36,82,21,2,-6,3,26,52,-42,76,36,9,-11,-4,30,-1,-39,89,29,8
74.3600,-15,-3,29,-5,-47,102,39,22,-19,8,32,3,-16,70,17,9,-20,-2,31,5,-23,84,41,27,-9,10,33,-1,-31,64,12,6,-46,1,34,-1,-32,77,32,15,7,28,27,1,-33,83,18,2,-10,-3,22,50,-36,85,37,11,-10,-9,32,-7,-37,92,38,9
74.3800,-13,3,28,-1,-42,96,45,20,-18,6,36,-1,-19,72,23,14,-21,3,31,-5,-31,86,42,29,-9,9,31,-2,-28,65,13,0,-48,4,31,1,-31,84,29,16,13,27,27,-1,-23,75,16,7,-6,3,23,50,-37,78,37,6,-18,-3,38,2,-40,90,33,13
74.4000,-16,6,29,-3,-44,94,49,22,-27,4,35,-4,-21,78,21,7,-23,-3,27,-13,-34,90,37,31,-8,8,34,0,-33,68,14,1,-49,-3,33,-4,-29,77,32,15,7,28,29,0,-32,76,19,-1,-9,-1,27,46,-36,78,38,15,-15,0,34,-5,-40,91,35,6
74.4200,-20,1,32,-9,-47,100,45,17,-16,3,33,-7,-26,81,24,3,-26,5,26,-6,-37,91,42,25,-14,5,35,0,-27,66,11,3,-44,-3,37,-11,-25,90,31,17,11,31,29,4,-25,78,15,2,-10,-1,30,48,-36,84,26,10,-10,-1,28,-8,-37,93,33,13
74.4400,-18,5,26,-4,-52,100,44,15,-18,8,36,-15,-24,80,22,4,-24,0,31,-13,-40,88,45,23,-19,8,28,-2,-26,67,9,3,-43,-1,37,-3,-31,82,29,11,10,27,30,3,-31,75,18,6,-11,5,32,45,-42,81,34,6,-11,3,29,-13,-39,83,35,-5
74.4600,-19,7,38,-10,-49,97,42,10,-16,10,37,-10,-26,77,22,-1,-19,2,27,-9,-39,88,50,20,-11,14,28,-6,-33,65,10,-5,-49,3,37,-5,-34,78,28,17,11,30,33,8,-22,77,14,1,-16,-2,28,41,-25,81,33,8,-12,2,33,-19,-41,91,37,2
74.4800,-20,5,28,-9,-49,98,40,16,-21,12,35,-12,-39,79,23,4,-25,0,26,-6,-37,85,45,19,-15,10,36,-2,-28,65,9,4,-50,0,34,-9,-35,83,29,16,5,31,28,-4,-36,77,11,2,-12,0,28,37,-28,83,28,8,-15,5,34,-16,-39,85,37,2
74.5000,-18,1,32,-3,-50,95,41,14,-21,8,35,-9,-32,82,22,2,-24,5,21,-8,-44,90,42,25,-11,9,41,-11,-27,62,4,8,-51,-2,28,-8,-25,80,26,17,5,36,31,-4,-33,81,17,0,-9,3,32,42,-32,83,25,2,-18,12,29,-15,-34,83,44,-4
74.5200,-18,1,33,-4,-47,96,40,13,-14,13,32,-15,-26,86,19,0,-35,5,32,-2,-38,82,49,21,-15,11,27,-8,-26,73,6,3,-46,3,28,-4,-24,80,29,18,8,32,37,-4,-28,83,19,2,-11,6,37,41,-32,74,35,8,-22,11,26,-18,-30,77,40,6
74.5400,-20,10,30,1,-44,93,46,14,-20,11,33,-7,-30,72,22,8,-27,-1,28,-12,-37,80,49,13,-13,4,37,-9,-30,65,7,6,-44,-1,29,-11,-35,88,30,14,4,30,35,-9,-31,83,15,7,-16,-5,31,43,-33,80,28,17,-23,10,32,-19,-28,78,36,2
74.5600,-13,9,33,-11,-49,99,46,7,-22,2,26,-13,-24,78,26,12,-32,11,33,1,-42,79,48,18,-12,12,30,-4,-28,70,6,9,-46,2,31,-7,-36,90,22,14,6,29,36,-6,-26,82,13,0,-13,-4,29,47,-38,85,34,10,-21,12,25,-18,-37,77,33,2
74.5800,-15,5,27,-11,-50,102,43,17,-22,11,32,-8,-30,80,29,5,-32,5,26,2,-37,77,46,21,-13,7,37,-4,-27,70,3,7,-47,0,28,-9,-31,87,28,16,10,29,31,-6,-29,79,17,2,-8,-4,29,38,-34,83,26,11,-18,14,33,-23,-35,84,30,2
74.6000,-19,-3,34,-3,-51,95,38,13,-25,16,26,0,-35,73,32,9,-36,2,29,-1,-39,76,50,21,-15,9,33,0,-31,75,7,8,-51,-1,26,-1,-29,88,28,12,4,33,39,-9,-31,85,13,8,-11,-2,32,44,-36,85,30,18,-23,13,28,-19,-28,75,32,10
74.6200,-21,4,29,-7,-51,101,39,13,-21,9,24,-4,-32,76,25,5,-35,1,31,-2,-33,69,47,20,-13,9,38,-9,-25,70,-2,3,-50,2,33,-10,-29,86,22,21,11,31,31,-7,-35,82,12,3,-11,-10,30,35,-36,81,29,14,-25,10,30,-16,-27,83,32,7
74.6400,-23,6,30,-8,-46,99,47,12,-22,7,33,-3,-27,73,24,8,-32,5,28,4,-35,78,41,22,-14,11,31,-8,-26,68,1,16,-54,1,29,3,-37,85,23,18,13,29,29,-7,-35,89,13,5,-9,-1,32,41,-38,82,31,15,-27,6,29,-14,-27,78,24,8
74.6600,-19,-2,31,-10,-46,95,38,16,-18,10,28,8,-22,71,30,5,-29,6,35,1,-32,73,43,23,-8,7,32,-3,-28,68,1,7,-52,5,35,-1,-33,84,27,26,15,29,36,-8,-36,85,16,5,-15,2,37,40,-39,83,34,11,-25,3,33,-13,-33,80,31,10
74.6800,-22,3,29,-7,-46,93,34,19,-24,8,26,4,-22,66,26,5,-32,1,28,8,-25,70,34,23,-10,7,21,-1,-23,67,3,2,-53,1,25,3,-29,79,25,27,11,28,36,-6,-35,87,17,11,-11,-5,28,37,-40,79,33,10,-19,5,35,-7,-26,83,29,8
74.7000,-20,-2,32,-3,-49,97,40,19,-26,12,34,1,-30,73,21,13,-31,2,35,5,-25,71,42,18,-19,7,26,-1,-25,75,6,9,-52,1,24,0,-30,77,20,25,16,24,29,-7,-29,82,22,11,-5,-4,26,45,-37,82,32,11,-18,0,39,-8,-16,72,19,19
74.7200,-16,-5,33,-2,-40,97,41,20,-20,10,30,5,-20,75,17,10,-31,2,30,6,-27,74,41,22,-12,8,22,0,-24,70,3,9,-46,6,26,4,-24,73,28,22,13,26,37,-3,-30,84,20,5,-3,-8,20,47,-25,87,28,12,-18,1,33,-11,-24,82,20,12
74.7400,-14,0,27,-2,-42,90,37,22,-25,8,28,3,-19,71,22,14,-30,1,28,4,-31,84,47,24,-12,7,25,1,-23,71,2,8,-48,0,27,11,-27,78,25,30,15,24,33,-9,-34,80,23,7,-1,-7,23,51,-27,82,36,15,-22,-3,31,-7,-26,85,20,18
74.7600,-13,-1,35,-6,-41,100,36,13,-27,9,34,12,-21,72,24,14,-28,0,31,5,-26,81,39,26,-13,16,31,4,-23,68,0,2,-51,-5,25,8,-24,72,24,26,15,25,31,-10,-37,88,21,0,1,-7,17,54,-29,87,29,9,-14,-10,28,-6,-26,88,16,19
74.7800,-23,-3,34,-9,-45,100,41,20,-17,1,32,7,-20,76,16,10,-22,-2,36,-1,-27,84,42,24,-10,16,31,2,-25,70,5,9,-50,5,27,9,-30,75,20,26,20,28,26,0,-33,86,18,4,-3,-2,26,55,-34,80,33,13,-13,-7,29,-7,-28,83,17,23
74.8000,-18,0,29,-8,-50,102,41,23,-18,0,31,6,-18,75,23,8,-26,-2,33,-5,-34,87,41,26,-17,12,31,6,-25,68,1,10,-48,-1,27,9,-27,78,26,29,23,32,31,-7,-35,83,27,-4,-6,1,29,53,-30,84,29,6,-7,-9,24,-3,-29,84,18,20
74.8200,-17,-6,34,-1,-50,100,35,21,-16,1,28,6,-13,73,17,12,-21,3,37,-7,-32,95,37,29,-17,8,31,12,-22,67,5,9,-48,-3,27,7,-37,80,29,33,17,34,28,2,-35,80,19,0,-7,-2,20,55,-29,84,24,14,-9,-13,31,2,-25,93,22,22
74.8400,-14,-3,33,1,-48,99,41,22,-21,1,34,4,-25,78,23,12,-21,5,35,-4,-31,92,34,20,-15,13,32,9,-22,69,0,11,-45,-6,27,6,-28,86,27,25,15,32,29,4,-30,88,21,2,-10,6,29,62,-37,86,27,11,-5,-14,27,1,-32,87,24,19
74.8600,-14,0,27,-2,-46,96,39,20,-18,-1,32,-2,-23,83,18,15,-16,4,31,-4,-31,83,37,21,-14,10,28,13,-29,75,3,13,-48,-7,26,1,-34,82,32,27,18,30,31,5,-32,82,18,-4,-10,0,27,62,-31,83,22,14,-9,-10,29,-5,-33,87,31,25
74.8800,-11,-5,30,-7,-38,100,38,28,-16,1,33,-3,-25,81,26,12,-23,2,34,-6,-39,92,38,24,-23,3,30,12,-21,70,4,12,-47,-7,31,9,-33,82,29,25,9,30,25,6,-33,79,22,-6,-11,-1,28,63,-35,87,27,7,-5,-13,30,-2,-29,88,27,20
74.9000,-12,-3,38,-2,-47,94,41,21,-15,0,36,1,-24,79,23,16,-21,-1,28,-1,-32,85,45,25,-18,3,35,10,-22,71,-2,12,-48,-8,31,-3,-31,89,27,26,13,39,33,6,-29,78,18,2,-12,1,23,60,-27,86,23,12,1,-15,34,2,-37,88,32,14
74.9200,-17,-4,35,-3,-56,97,48,21,-14,-1,29,1,-23,78,26,4,-30,6,41,-10,-26,84,49,25,-22,8,34,6,-30,72,5,15,-40,-6,36,-5,-27,87,30,25,5,34,30,7,-28,86,13,-4,-10,1,31,61,-26,84,20,10,6,-8,33,-6,-42,88,34,13
74.9400,-15,-2,31,-6,-55,97,38,17,-16,3,34,-4,-24,83,20,6,-28,4,34,-13,-44,82,50,19,-21,7,30,0,-35,75,9,13,-42,-5,40,-1,-33,83,29,20,12,38,31,9,-26,78,15,-4,-14,3,30,57,-31,88,18,12,-6,-1,35,-11,-39,90,41,13
74.9600,-21,2,32,-2,-53,91,49,15,-12,1,36,-8,-29,82,29,2,-26,9,33,-11,-32,81,48,14,-21,10,43,-2,-34,79,5,12,-44,-8,35,-2,-33,86,33,25,6,40,34,10,-25,85,14,1,-17,3,31,57,-34,88,19,15,-5,-1,34,-7,-36,85,30,14
74.9800,-19,-4,34,0,-51,101,38,20,-22,6,38,-11,-28,73,28,1,-26,5,41,-6,-34,76,55,10,-17,5,41,-4,-34,80,4,10,-43,-10,33,-3,-36,85,36,20,7,46,33,6,-28,83,11,-3,-13,-4,29,56,-31,88,22,17,-10,-5,38,-11,-42,88,35,12
75.0000,-20,-3,27,0,-51,98,48,15,-16,7,29,-12,-32,73,30,-1,-28,10,25,-6,-34,74,48,16,-17,4,33,0,-27,74,8,15,-39,-6,35,1,-39,85,33,14,-1,39,26,9,-22,81,16,-6,-14,3,33,59,-31,87,31,17,-11,3,33,-13,-40,87,38,6
75.0200,-18,1,25,-6,-38,93,41,21,-15,6,31,-12,-28,71,30,2,-29,8,29,-2,-28,71,42,18,-15,-1,28,-4,-25,69,13,9,-41,-6,32,-6,-38,85,40,23,8,42,32,2,-26,85,10,-4,-23,-6,32,46,-30,87,28,15,-9,-2,32,-11,-44,81,30,7
75.0400,-25,8,35,-4,-61,98,44,14,-13,11,35,-6,-26,71,27,3,-26,11,29,0,-24,69,45,17,-13,-3,29,-3,-27,73,7,13,-40,0,29,-4,-37,82,37,20,3,39,38,4,-34,83,23,2,-18,-5,27,49,-27,89,26,16,-13,5,36,-17,-42,82,36,9
75.0600,-13,5,36,-4,-53,92,52,13,-18,10,35,-12,-23,74,25,-5,-33,5,33,0,-32,73,42,14,-15,3,31,-2,-37,69,4,6,-46,-5,36,-12,-41,84,42,13,5,41,31,3,-30,80,19,4,-19,-3,31,48,-32,90,32,20,-17,3,40,-15,-37,79,34,6
75.0800,-23,-2,36,-8,-48,101,48,14,-13,13,32,-2,-20,73,26,2,-26,6,30,2,-28,79,40,15,-7,3,41,-9,-31,75,14,8,-47,-4,35,-12,-31,83,39,12,-3,39,33,-4,-30,84,16,1,-15,-4,30,39,-38,84,31,17,-14,8,36,-22,-33,85,34,3
75.1000,-13,-1,36,-12,-51,97,43,15,-21,12,35,-9,-17,71,22,-4,-31,5,29,-7,-24,82,39,20,-9,3,33,-11,-37,69,16,3,-45,3,36,-13,-33,84,33,13,2,35,33,-4,-33,88,15,9,-16,-6,32,40,-39,82,33,18,-20,-2,31,-13,-40,84,36,1
75.1200,-22,6,33,-8,-43,96,45,9,-21,18,33,-13,-19,70,20,-2,-32,5,25,0,-17,85,45,22,-17,15,34,-11,-35,65,14,4,-43,1,31,-6,-26,74,37,9,5,38,31,-9,-39,85,13,8,-15,-4,29,44,-36,91,37,16,-23,7,37,-18,-34,86,40,3
75.1400,-18,2,35,-3,-44,95,45,14,-21,21,34,-8,-21,73,21,5,-32,7,36,-2,-27,84,40,21,-13,7,27,-15,-30,63,11,5,-50,1,32,-9,-29,73,32,18,9,35,33,-9,-36,89,13,6,-15,-3,32,44,-41,86,37,14,-19,4,32,-18,-31,81,29,5
75.1600,-18,-5,25,-4,-35,91,47,17,-25,11,30,2,-16,72,10,6,-32,8,30,-4,-21,86,39,23,-9,5,28,-11,-22,65,10,5,-44,4,31,-7,-24,74,24,17,5,32,33,-4,-34,93,15,7,-13,-11,33,44,-32,82,41,12,-14,4,27,-23,-31,83,25,6
75.1800,-17,0,31,-11,-46,95,41,16,-19,10,27,0,-7,76,17,8,-26,1,32,-2,-29,87,33,26,-15,11,32,-5,-26,70,10,1,-45,6,30,-5,-31,79,25,17,5,37,32,-3,-35,87,19,9,-14,-9,28,42,-35,88,39,11,-17,4,33,-17,-34,80,29,8
75.2000,-23,7,36,-5,-53,97,41,11,-20,13,27,-1,-16,76,19,4,-31,3,30,2,-27,91,35,30,-8,8,33,-9,-30,74,14,5,-49,6,35,-5,-33,85,29,16,11,31,31,-11,-27,89,10,7,-14,-9,26,48,-37,81,36,12,-16,1,36,-16,-28,85,32,10
75.2200,-22,3,35,-7,-47,100,42,18,-28,11,24,-5,-18,78,18,4,-27,-1,35,-1,-26,92,34,31,-7,2,40,-4,-29,70,13,4,-51,-4,40,-1,-35,83,23,19,14,26,30,-8,-25,88,13,7,-12,-2,33,42,-24,81,26,13,-18,-2,33,-15,-29,84,32,12
75.2400,-23,-3,27,-7,-46,94,42,19,-20,10,29,-1,-18,75,15,13,-29,-2,25,2,-35,89,38,28,-3,9,31,0,-15,61,9,0,-50,3,29,1,-27,84,22,20,19,22,31,-7,-30,87,17,5,-10,-8,26,46,-29,79,31,14,-16,-7,34,-9,-16,87,29,12
75.2600,-19,-3,26,-6,-43,98,42,16,-20,5,26,2,-13,81,21,6,-22,1,31,-3,-37,93,41,29,-9,15,26,-2,-22,66,6,6,-49,7,26,6,-28,87,30,19,1,31,33,-9,-28,89,19,2,-8,-10,26,49,-32,81,32,12,-14,-9,31,-9,-33,92,25,10
75.2800,-19,-2,31,-1,-41,97,40,15,-22,7,31,3,-21,83,20,11,-28,2,36,4,-35,92,46,29,-12,15,34,-4,-25,70,0,6,-53,1,30,2,-36,98,27,21,16,28,31,-2,-29,86,15,5,-6,-4,30,51,-29,83,23,10,-23,-4,40,-12,-38,91,24,13
75.3000,-17,3,31,-2,-45,95,45,17,-17,7,27,5,-25,86,21,9,-20,-5,29,-3,-35,90,47,31,-12,10,32,-2,-24,68,6,7,-53,4,34,1,-35,92,32,22,20,31,36,-2,-34,86,18,3,-6,-2,31,48,-30,80,26,12,-15,-1,31,-10,-39,83,31,15
75.3200,-18,-3,33,-4,-46,99,42,13,-23,13,34,-2,-25,81,28,6,-27,2,35,3,-40,89,47,24,-18,10,35,2,-24,78,11,5,-49,7,24,1,-36,93,24,24,12,26,29,2,-27,87,19,9,-5,-11,28,48,-28,85,33,7,-16,-2,27,-7,-34,93,26,14
75.3400,-18,-2,34,-12,-58,97,40,13,-24,1,30,2,-25,82,24,7,-26,-2,28,-1,-35,87,42,25,-14,11,35,-1,-21,73,9,6,-54,7,26,6,-35,93,27,23,14,30,28,1,-36,80,23,4,-9,-7,34,54,-26,79,29,4,-17,-1,32,-7,-31,83,29,14
75.3600,-26,-4,35,-3,-48,95,39,20,-21,5,33,4,-32,86,21,7,-29,2,32,0,-34,86,49,15,-19,12,31,-2,-30,81,2,11,-44,-1,27,11,-33,95,29,24,15,26,29,-2,-29,85,14,4,0,-2,27,51,-31,84,19,10,-12,2,38,-9,-29,89,31,13
75.3800,-20,-5,39,-7,-50,99,35,22,-23,11,30,6,-25,82,26,9,-27,6,36,-6,-42,81,52,16,-16,4,32,5,-23,76,10,9,-51,-2,33,6,-35,90,25,22,13,33,29,4,-33,93,22,2,-6,-8,29,45,-39,83,31,6,-11,3,32,-7,-32,80,26,21
75.4000,-16,-3,33,-6,-52,102,39,17,-22,3,30,-1,-33,82,26,7,-31,8,41,-1,-36,83,48,14,-11,1,28,3,-29,80,5,17,-50,-4,29,5,-37,98,27,21,17,28,35,-4,-30,92,23,1,-7,-2,30,53,-35,91,30,12,-12,-2,20,-9,-41,86,28,9
75.4200,-20,-6,32,-4,-48,99,41,14,-15,10,30,5,-32,80,27,4,-23,1,28,-2,-29,81,51,19,-10,0,33,0,-36,80,4,10,-52,-5,31,3,-39,89,34,19,19,20,36,5,-31,93,15,12,2,-1,30,54,-35,94,33,14,-10,-4,30,-5,-29,88,32,17
75.4400,-17,-3,32,-2,-44,95,43,26,-20,0,33,-5,-30,78,24,5,-27,5,27,-5,-31,71,49,14,-14,2,35,1,-34,75,12,9,-53,1,28,1,-41,88,34,22,20,25,36,1,-28,90,13,8,-5,-9,36,56,-34,87,29,15,-11,-7,30,-9,-34,89,32,15
75.4600,-17,-8,32,-2,-44,96,44,14,-21,16,31,-3,-32,76,26,3,-23,3,31,-6,-30,78,44,23,-11,6,31,3,-28,80,9,7,-44,-2,28,-1,-34,91,33,22,17,25,37,3,-31,88,15,2,-1,-4,33,53,-32,90,35,17,-7,-3,31,-3,-34,85,29,10
75.4800,-21,-5,31,-7,-48,100,44,18,-22,13,37,-7,-25,77,24,2,-38,11,33,-3,-29,78,50,17,-13,14,36,-1,-32,78,16,11,-48,5,31,2,-34,87,32,21,15,26,28,2,-32,91,16,4,-8,-4,21,49,-30,87,31,16,-13,1,27,-2,-33,86,31,11
75.5000,-21,-2,32,-8,-44,100,45,15,-24,11,40,-6,-25,77,31,3,-35,-4,33,-7,-25,76,42,24,-17,12,32,3,-37,75,12,13,-49,4,30,-4,-38,83,35,19,22,26,24,3,-33,85,22,4,-3,-3,26,52,-35,86,31,11,-12,-6,28,-11,-36,88,34,7
75.5200,-18,-6,31,1,-48,97,45,16,-16,15,31,-8,-24,76,29,1,-32,3,30,-3,-33,77,39,21,-13,13,34,-6,-34,73,17,9,-49,3,33,-5,-40,84,38,18,20,28,31,4,-35,88,15,2,-4,-4,29,54,-37,90,28,14,-9,-3,30,-7,-35,89,27,6
75.5400,-17,-7,29,-4,-51,96,45,16,-25,12,31,-13,-27,76,22,8,-41,1,33,-4,-31,77,43,23,-15,14,31,-6,-35,69,15,6,-50,3,37,-5,-39,83,31,23,22,24,28,4,-27,91,18,-1,-3,3,29,53,-35,90,35,11,-12,-2,28,-4,-42,90,36,13
75.5600,-19,4,33,-5,-50,98,41,20,-21,10,33,-10,-27,69,26,3,-29,9,27,-2,-33,75,43,20,-20,14,34,-2,-30,71,14,2,-55,6,32,-7,-38,82,25,17,16,29,32,4,-39,92,23,0,-11,2,30,58,-26,89,35,5,-16,2,42,-11,-41,88,29,10
75.5800,-20,-1,35,-1,-52,103,43,23,-26,11,42,-8,-26,73,23,1,-32,9,35,-6,-25,77,39,22,-16,11,33,-6,-18,69,13,6,-59,6,34,-3,-27,83,31,16,11,29,31,0,-35,89,18,-6,-6,-9,32,47,-32,84,37,10,-17,2,33,-12,-39,83,30,3
75.6000,-23,-2,31,-7,-49,99,51,13,-21,14,36,-8,-20,76,22,1,-32,5,37,-3,-28,76,46,23,-20,17,35,-7,-32,70,17,5,-60,0,36,-2,-28,86,34,19,17,29,41,0,-29,88,22,-3,-12,-2,31,46,-35,82,30,11,-13,5,34,-9,-28,80,26,12
75.6200,-24,-4,37,-2,-49,96,46,13,-26,10,35,-2,-22,77,19,-2,-36,6,30,-2,-21,81,41,26,-23,18,36,-5,-22,66,8,5,-53,5,34,-1,-24,79,28,19,17,31,36,0,-24,87,21,2,-12,-1,31,49,-36,78,31,14,-15,-4,32,-12,-33,78,23,6
75.6400,-22,3,34,-12,-55,93,50,18,-29,17,39,-13,-18,77,21,6,-38,4,35,-5,-23,85,41,23,-30,10,33,-1,-22,64,8,4,-56,-2,33,-3,-23,84,33,26,13,30,39,-1,-23,87,17,-5,-15,7,31,39,-26,78,29,5,-14,1,29,-6,-30,83,28,13
75.6600,-22,-4,43,-7,-51,93,45,14,-25,12,37,-2,-21,67,25,3,-34,0,33,0,-31,81,35,27,-29,12,29,-6,-24,68,6,8,-57,-6,38,0,-29,81,33,23,11,36,36,-3,-26,88,15,-6,-13,2,30,53,-26,82,33,11,-16,-1,43,-7,-30,84,27,13
75.6800,-22,-2,42,-9,-46,89,47,17,-24,15,33,-3,-22,74,21,2,-34,-3,41,2,-26,78,43,25,-21,15,38,-2,-21,63,5,6,-63,0,34,-2,-27,83,28,22,4,38,33,-2,-23,86,24,-7,-12,4,31,51,-26,80,28,13,-21,5,27,-10,-31,81,29,13
75.7000,-19,2,39,-9,-47,94,39,19,-27,10,31,-2,-18,74,22,9,-29,1,34,6,-21,81,36,32,-22,16,33,1,-25,60,11,6,-52,-3,29,0,-34,82,23,24,5,44,39,1,-26,76,17,-8,-19,4,30,50,-26,74,26,11,-15,3,26,-7,-25,84,31,11
75.7200,-23,-1,36,-3,-47,94,49,12,-26,9,28,-1,-15,76,19,10,-29,5,36,2,-28,83,41,24,-20,10,37,-2,-23,67,2,15,-56,-2,29,-3,-27,76,26,24,6,43,36,-5,-32,85,20,-3,-24,9,25,44,-26,76,22,7,-21,3,31,-10,-29,85,33,9
75.7400,-16,-10,32,-6,-50,94,40,9,-19,8,28,-2,-14,70,13,7,-32,3,38,7,-26,79,40,27,-22,15,36,-2,-18,67,9,15,-57,-4,24,4,-27,79,33,23,3,40,30,-12,-28,84,15,-3,-25,4,27,49,-22,76,23,17,-21,-2,33,-12,-28,81,22,8
75.7600,-17,-6,29,-5,-44,94,41,11,-21,3,26,1,-19,75,18,4,-27,4,33,1,-33,75,46,23,-26,4,36,-3,-16,67,-1,13,-46,-3,28,9,-30,83,30,23,3,44,38,-3,-29,82,14,1,-19,8,29,50,-29,76,20,16,-24,2,31,-6,-27,79,28,15
75.7800,-13,-10,27,1,-56,98,47,16,-14,1,32,8,-13,77,22,8,-25,-7,33,4,-34,84,41,23,-24,10,31,5,-28,69,-5,12,-49,-9,34,7,-31,91,33,20,0,35,22,0,-13,78,11,1,-18,0,32,52,-27,78,21,15,-18,-1,31,-7,-24,86,24,16
75.8000,-19,-2,35,-1,-55,97,46,19,-12,5,35,1,-24,77,28,5,-25,-4,33,4,-31,87,39,27,-24,8,36,-2,-27,65,2,13,-47,-4,28,5,-32,91,24,26,5,28,27,8,-18,78,10,8,-17,-1,37,54,-26,77,20,9,-19,-2,26,-10,-26,82,29,22
75.8200,-23,-2,33,-2,-52,101,46,15,-16,0,31,1,-33,76,21,13,-19,1,38,6,-33,88,41,30,-14,-2,33,2,-25,71,7,14,-39,-6,30,3,-32,83,33,18,-7,39,29,-5,-35,89,16,-5,-18,-5,30,52,-30,85,17,19,-18,-3,38,-5,-33,88,25,14
75.8400,-22,5,39,-2,-53,101,47,19,-9,-3,32,2,-18,77,25,11,-24,-2,31,3,-41,84,42,25,-22,1,30,2,-25,69,3,10,-47,-10,31,2,-35,86,25,24,-5,38,33,-5,-40,88,21,-3,-20,-6,28,59,-30,81,23,20,-15,-5,37,-12,-29,88,30,16
75.8600,-19,1,35,-7,-53,99,50,18,-17,8,29,2,-27,77,21,7,-26,5,36,0,-30,88,40,23,-14,2,35,3,-26,69,10,15,-52,-7,35,7,-40,87,29,26,1,38,31,1,-23,93,10,-3,-19,-9,25,58,-29,86,19,19,-10,-5,40,-11,-25,89,28,20
75.8800,-21,-3,24,-7,-46,100,48,17,-19,6,29,1,-22,83,21,5,-20,-3,40,0,-28,89,39,26,-9,1,30,5,-34,77,10,12,-43,-10,31,2,-36,89,30,23,4,33,22,4,-20,86,12,10,-21,-12,22,61,-34,81,18,23,-11,-8,30,-9,-24,89,23,16
75.9000,-20,0,26,-5,-57,95,47,20,-16,13,31,-5,-22,81,22,5,-22,4,31,2,-30,84,40,19,-11,0,33,8,-35,74,10,11,-43,-5,36,-3,-34,87,35,17,7,30,28,1,-24,85,11,8,-16,-15,29,54,-30,89,27,24,-3,-15,30,-6,-30,84,30,19
75.9200,-22,-5,37,-2,-52,97,48,17,-14,13,30,6,-14,81,24,4,-24,5,33,2,-32,87,39,23,-6,-4,29,3,-28,73,9,17,-45,-7,36,3,-32,86,36,25,8,35,35,3,-32,89,7,10,-16,-13,24,65,-30,83,24,23,-12,-8,35,-8,-34,84,40,16
75.9400,-15,0,34,-6,-42,103,46,17,-23,6,31,1,-19,77,24,-1,-25,1,35,1,-29,86,39,21,-10,-5,29,7,-31,73,9,14,-46,-2,39,-1,-31,85,34,17,-1,31,36,-3,-35,98,18,5,-5,-17,27,62,-38,88,27,21,-10,-5,36,-11,-34,90,29,9
75.9600,-20,0,36,-2,-54,91,44,12,-20,12,30,-1,-13,82,22,5,-31,0,38,-1,-32,86,42,18,-8,-1,39,1,-35,72,14,9,-51,0,32,3,-33,85,37,13,9,30,35,0,-28,90,15,14,-13,-20,32,55,-30,86,31,16,-13,-5,32,-18,-39,95,36,11
75.9800,-19,1,31,-8,-49,97,39,18,-23,8,34,-4,-14,83,16,5,-30,-1,35,-4,-36,91,43,22,-8,4,37,8,-34,72,16,12,-47,-1,37,-5,-39,90,34,12,14,25,34,0,-18,93,13,17,-4,-14,33,55,-32,87,32,17,-9,-9,38,-16,-32,94,34,12
76.0000,-24,-2,37,-5,-44,101,47,20,-29,11,32,-6,-18,79,19,4,-37,5,36,-7,-34,89,44,20,-7,5,34,-3,-30,75,14,9,-50,4,38,-7,-40,83,39,15,7,32,30,2,-33,91,19,10,-4,-7,35,60,-37,86,30,14,-8,-5,35,-10,-30,92,35,12
76.0200,-18,-2,39,-4,-46,94,47,19,-20,9,35,-7,-24,76,22,-3,-29,5,34,-6,-41,82,39,22,2,6,32,1,-30,71,17,9,-51,4,36,-5,-28,88,33,14,13,23,33,4,-26,88,16,13,-3,-7,39,54,-36,88,30,14,-14,-1,36,-10,-31,87,29,9
76.0400,-19,-1,39,-3,-45,100,45,20,-17,17,35,-4,-14,81,18,5,-33,6,35,-5,-30,81,41,19,-7,11,37,-1,-25,71,16,4,-48,5,37,-1,-31,85,32,14,16,32,33,2,-33,95,20,18,-1,-6,37,59,-41,91,34,15,-9,-4,31,-17,-43,83,34,12
76.0600,-21,-3,33,-4,-45,89,45,18,-20,12,36,0,-19,74,21,9,-32,8,32,-3,-27,86,43,23,-10,8,35,-4,-32,75,5,5,-50,5,33,1,-28,88,31,19,13,25,28,2,-31,93,20,13,-4,-11,36,52,-38,90,37,14,-12,-1,36,-14,-40,88,33,2
76.0800,-16,-3,29,-4,-40,95,45,16,-23,15,39,-5,-13,78,19,4,-37,-2,24,3,-29,83,46,24,-9,6,36,-4,-28,69,8,8,-52,2,37,-1,-31,87,28,16,18,32,34,4,-32,88,15,8,-8,-6,36,57,-33,88,33,9,-18,5,43,-20,-46,92,33,2
76.1000,-27,-5,35,-4,-46,95,46,22,-25,15,35,-5,-13,80,21,7,-31,4,34,-3,-22,86,47,14,-13,20,31,-2,-27,68,14,3,-58,5,35,-12,-38,83,31,18,18,23,30,2,-31,86,15,4,4,-3,31,54,-34,84,34,16,-14,1,32,-12,-32,85,32,9
76.1200,-23,-6,28,-1,-42,100,41,20,-25,9,37,-3,-17,81,19,2,-32,2,34,0,-29,84,44,16,-18,19,41,-9,-33,68,13,1,-56,3,34,-6,-32,88,30,22,11,26,30,-2,-38,89,20,7,-10,-9,31,54,-35,86,27,11,-14,0,37,-16,-38,84,30,2
76.1400,-24,0,41,-6,-52,90,41,20,-20,17,36,-8,-17,84,18,3,-34,9,34,-1,-34,84,47,22,-15,13,32,-10,-34,71,18,7,-59,5,30,-8,-38,89,32,12,24,26,33,-2,-29,92,22,5,-8,-5,34,52,-32,83,38,6,-14,5,35,-21,-41,83,31,2
76.1600,-16,-6,31,-5,-43,90,45,21,-34,14,34,-5,-22,76,23,1,-37,12,31,-6,-38,82,46,19,-16,14,35,-1,-31,73,12,9,-60,9,31,-6,-36,86,30,12,21,30,32,-7,-39,91,22,-1,-2,0,35,51,-29,88,30,2,-14,5,28,-12,-36,88,24,8
76.1800,-22,-2,34,2,-44,95,46,19,-24,13,29,-1,-18,78,23,0,-35,5,38,0,-38,88,50,19,-21,20,33,-4,-33,71,4,1,-60,0,35,-8,-35,83,29,16,18,27,41,9,-35,92,20,1,-13,6,31,52,-31,89,32,10,-16,1,36,-20,-37,89,28,0
76.2000,-22,-5,29,1,-43,99,44,21,-20,9,30,-1,-23,82,20,5,-39,6,35,2,-29,91,43,23,-29,18,36,-5,-27,67,9,8,-63,3,32,0,-37,85,29,19,15,31,36,-3,-31,88,20,-4,-6,2,33,50,-23,86,32,7,-18,3,32,-11,-31,83,32,15
76.2200,-20,-2,33,-5,-48,91,51,18,-22,9,32,-2,-25,79,21,3,-34,3,35,3,-36,84,44,25,-24,13,31,0,-25,67,14,9,-53,5,32,-3,-40,92,32,25,23,34,35,0,-33,88,26,-5,-15,4,36,51,-33,88,31,7,-16,2,27,-6,-28,79,38,8
76.2400,-20,-8,29,-2,-52,102,44,16,-29,18,31,1,-24,77,24,4,-33,2,36,8,-28,88,45,23,-25,10,29,4,-21,69,10,16,-53,0,27,1,-29,84,33,30,19,38,26,-5,-26,87,18,4,-12,5,30,48,-32,86,31,6,-20,3,30,-6,-26,81,23,13
76.2600,-19,-6,33,3,-49,100,49,19,-22,8,26,4,-23,82,31,8,-29,7,32,9,-31,85,45,24,-22,11,27,2,-22,68,4,10,-60,-7,29,2,-38,90,24,25,14,32,42,-1,-20,91,17,-4,-14,0,33,46,-34,89,30,8,-19,-1,32,-6,-31,86,28,9
76.2800,-18,-8,26,3,-52,100,43,17,-15,11,33,8,-23,85,23,6,-28,4,37,4,-33,84,47,20,-20,14,28,-4,-30,76,9,11,-60,-5,36,3,-34,94,32,19,15,41,32,-4,-28,94,14,-8,-18,10,27,48,-28,85,31,9,-15,-2,31,-8,-31,88,27,8
76.3000,-22,-7,39,6,-46,95,48,22,-20,10,32,-4,-24,86,30,1,-30,5,38,6,-38,84,46,22,-28,5,27,0,-32,73,6,17,-55,1,38,7,-38,91,28,24,10,42,38,-7,-30,91,20,-2,-14,11,32,50,-38,90,31,13,-11,-8,21,-4,-29,77,22,15
76.3200,-25,-8,33,1,-51,94,42,16,-25,4,29,3,-27,81,24,10,-27,4,29,0,-27,83,45,19,-23,6,26,-1,-32,79,7,17,-55,-3,36,6,-37,93,25,18,12,41,31,-6,-32,90,17,-9,-20,7,35,54,-29,96,27,8,-19,5,34,-5,-32,86,32,18
76.3400,-23,0,33,0,-50,103,44,17,-17,13,41,0,-23,80,21,8,-34,6,30,8,-29,82,45,19,-17,10,27,7,-30,75,2,15,-54,-6,31,9,-29,80,33,26,15,46,37,-3,-31,90,12,-4,-19,4,35,54,-33,89,23,15,-21,-2,32,-9,-35,85,23,13
76.3600,-22,-2,32,2,-41,107,43,17,-21,6,31,2,-20,81,29,4,-29,0,38,6,-35,79,45,22,-19,10,38,11,-23,71,11,12,-53,0,32,9,-38,92,35,16,12,40,34,-2,-25,89,13,-5,-17,3,32,52,-35,88,33,15,-15,0,32,-6,-30,87,22,11
76.3800,-19,-5,34,-2,-44,101,44,19,-12,9,32,13,-19,82,17,5,-32,5,32,13,-34,80,39,24,-21,1,22,13,-31,61,9,17,-51,-2,31,6,-44,87,34,20,7,42,35,0,-20,89,15,-2,-14,0,32,55,-35,95,25,12,-12,-1,29,1,-33,84,28,16
76.4000,-16,-7,31,-2,-47,100,50,21,-17,9,34,5,-16,79,28,6,-28,-2,33,5,-32,75,45,23,-16,-3,33,12,-31,73,11,8,-54,-3,35,2,-32,84,32,22,9,46,29,-3,-24,90,14,-1,-16,5,33,56,-37,94,34,13,-14,1,39,-3,-31,87,30,17
76.4200,-23,-5,39,0,-46,101,42,16,-19,16,35,2,-23,80,20,3,-36,6,38,2,-32,87,44,19,-15,3,30,4,-27,66,7,9,-48,-3,31,5,-32,89,33,21,6,40,26,8,-26,93,15,2,-15,1,31,55,-37,96,38,13,-20,-3,35,-6,-29,85,26,22
76.4400,-19,-15,30,-9,-51,104,43,23,-18,9,35,7,-22,82,22,7,-31,5,41,-1,-27,86,44,17,-19,0,31,7,-29,70,11,10,-56,0,36,5,-34,88,33,15,5,45,31,0,-32,95,15,2,-18,0,34,53,-23,86,35,13,-20,-8,36,1,-36,87,30,14
76.4600,-22,-8,36,-1,-41,103,42,24,-14,8,37,5,-23,82,23,2,-32,3,31,-3,-31,87,46,25,-6,10,27,9,-27,72,7,10,-57,3,29,3,-39,84,38,23,7,41,27,-2,-30,96,18,1,-14,-8,29,60,-24,93,30,20,-18,0,38,-3,-28,92,30,13
76.4800,-22,-1,38,1,-44,106,48,16,-21,6,32,-3,-22,80,28,2,-37,11,34,-8,-33,82,41,20,-13,6,38,7,-28,71,18,5,-48,0,34,3,-36,88,36,17,4,36,32,3,-35,85,17,8,-10,-7,25,56,-27,83,26,17,-8,-2,37,-5,-30,93,28,10
76.5000,-20,3,34,-3,-50,99,50,20,-19,12,39,0,-18,75,22,1,-35,11,42,-5,-28,81,46,23,-14,4,37,0,-25,65,13,8,-48,-6,36,0,-34,79,36,23,7,45,30,2,-24,92,28,2,-15,-1,35,57,-37,87,29,17,-11,-5,34,-3,-29,92,25,13
76.5200,-20,-8,36,-9,-50,103,55,16,-27,12,33,-4,-16,77,20,6,-36,6,41,-9,-30,88,44,24,-10,3,39,2,-27,72,11,14,-50,-2,37,-3,-34,81,31,14,12,40,30,-2,-30,94,21,-1,-15,-9,28,57,-32,91,27,18,-17,-3,32,-12,-33,89,31,5
76.5400,-20,-3,38,0,-50,99,47,15,-16,8,35,-4,-16,84,23,-1,-29,6,37,-2,-32,82,40,17,-7,4,37,-1,-22,73,13,6,-48,-2,35,0,-30,84,30,20,10,46,33,-2,-38,99,14,2,-18,-7,33,58,-33,93,30,16,-13,-3,33,-7,-24,87,31,13
76.5600,-23,-1,32,-8,-47,102,46,11,-18,12,34,-3,-17,77,18,3,-35,3,36,-5,-20,83,39,16,-12,6,34,6,-24,71,12,9,-59,3,38,-7,-31,83,38,11,8,35,36,4,-34,93,19,2,-16,-3,37,57,-37,87,34,18,-8,-2,34,-11,-31,90,29,12
76.5800,-20,-5,36,-12,-47,95,48,15,-20,11,32,2,-13,80,12,4,-32,3,35,0,-23,89,34,21,-11,11,32,1,-34,67,9,16,-49,3,31,-4,-34,82,35,21,8,37,38,13,-34,99,20,3,-12,-7,40,53,-40,84,32,14,-9,-3,32,-11,-33,87,30,6
76.6000,-27,6,32,-5,-50,97,54,22,-21,13,41,-4,-15,78,15,2,-27,12,28,-7,-28,86,43,20,-17,9,38,-3,-42,67,13,4,-61,8,36,-4,-38,83,34,20,16,37,43,1,-35,83,20,3,-16,-9,33,52,-42,93,33,12,-7,0,35,-12,-32,89,28,7
76.6200,-22,5,37,-9,-50,98,47,18,-16,8,30,-7,-15,75,21,2,-35,7,42,-3,-16,88,37,21,-16,9,37,-1,-35,68,12,8,-54,8,33,-1,-33,81,30,18,6,40,36,0,-33,93,17,0,-12,-9,28,58,-27,87,33,11,-8,-2,38,-15,-31,91,37,4
76.6400,-23,-3,34,-12,-48,100,49,16,-25,9,36,3,-12,72,12,7,-29,6,36,-1,-26,86,34,22,-14,5,38,-1,-25,59,3,7,-58,4,34,-1,-31,76,32,24,11,31,37,3,-33,91,17,3,-9,-10,32,56,-21,82,19,12,-11,-3,31,-15,-30,85,31,13
76.6600,-19,-2,33,-4,-47,99,49,17,-14,11,30,3,-15,76,10,4,-32,3,35,0,-24,84,37,27,-12,8,32,-1,-28,61,10,8,-57,5,37,-3,-29,81,28,19,12,37,31,2,-26,94,18,3,-11,1,35,51,-36,87,27,15,-20,1,39,-17,-31,83,33,7
76.6800,-21,-2,37,-3,-49,101,46,20,-27,9,35,-5,-15,79,16,7,-37,2,28,-6,-28,87,40,21,-17,16,29,-2,-31,68,16,6,-56,5,35,-3,-33,84,31,18,6,36,39,1,-31,93,20,-2,-17,0,32,46,-50,97,35,5,-18,-1,33,-15,-30,83,25,8
76.7000,-21,-4,30,-8,-51,104,42,19,-26,16,36,-7,-10,80,16,12,-39,2,28,0,-28,84,39,25,-27,5,31,-4,-28,64,7,8,-54,6,38,-6,-29,86,27,19,11,37,39,5,-28,97,13,-3,-12,-1,36,53,-35,90,30,11,-9,6,33,-13,-32,89,27,2
76.7200,-25,-4,36,0,-50,92,45,16,-24,14,38,-7,-9,79,11,16,-38,6,31,2,-36,85,40,22,-25,18,34,-5,-33,63,7,4,-57,-2,36,-3,-35,85,25,18,11,32,38,3,-22,87,22,3,-13,-4,33,56,-18,81,31,9,-15,1,37,-15,-33,87,35,8
76.7400,-21,1,33,-7,-53,103,45,18,-25,14,28,-2,-14,83,16,7,-41,0,32,-3,-25,91,42,27,-18,11,36,-3,-31,63,13,5,-58,-3,36,-7,-24,80,31,19,13,37,42,0,-32,91,18,5,-9,-6,24,58,-18,80,27,17,-18,1,36,-6,-29,86,25,17
76.7600,-23,-7,36,4,-47,96,43,16,-26,10,27,2,-21,85,15,12,-25,-2,38,4,-31,90,42,27,-17,12,40,-5,-35,70,9,6,-59,-5,33,-2,-32,85,30,21,16,32,31,-1,-30,89,20,1,-10,2,33,51,-31,85,24,15,-19,-2,36,-13,-32,92,26,5
76.7800,-22,-2,35,-4,-56,104,40,21,-25,13,34,-1,-15,83,15,5,-38,4,45,-5,-45,87,50,23,-12,11,37,-4,-28,64,16,1,-58,-3,33,3,-24,84,27,17,11,36,36,-2,-36,91,9,4,-16,2,35,53,-43,92,26,8,-14,-2,34,-5,-24,83,22,11
76.8000,-27,-4,28,1,-53,100,46,20,-21,4,25,-2,-18,78,14,7,-38,5,34,-2,-29,93,46,27,-19,12,30,4,-26,70,6,8,-55,-3,31,-2,-31,83,26,17,13,39,42,-5,-26,98,18,0,-11,-3,41,52,-26,79,27,10,-14,3,31,-7,-30,87,27,12
76.8200,-22,2,32,-6,-54,98,43,24,-20,3,37,-5,-14,80,16,4,-34,0,35,-5,-30,81,43,36,-25,7,38,-1,-33,73,8,10,-53,-3,27,2,-32,88,24,24,6,48,39,-4,-27,82,13,3,-15,-8,30,59,-25,82,24,16,-15,-2,30,-5,-32,97,31,14
76.8400,-25,-4,28,-4,-51,101,41,20,-18,2,27,-1,-17,91,13,17,-32,1,31,1,-25,84,43,29,-15,6,34,2,-34,68,4,8,-58,-10,34,7,-34,89,25,24,13,36,37,-5,-23,89,10,-6,-17,-1,35,53,-28,86,29,12,-17,-8,37,-9,-36,92,21,9
76.8600,-24,3,37,-6,-54,100,51,20,-16,3,32,0,-20,83,18,11,-33,2,35,1,-28,90,46,23,-14,8,34,2,-26,68,9,11,-60,-7,40,5,-33,90,31,26,16,36,34,-1,-32,93,18,-1,-23,0,29,56,-33,89,23,15,-14,3,26,-8,-30,89,29,14
76.8800,-19,-2,35,1,-50,105,49,23,-13,4,40,-2,-15,88,21,13,-32,-5,35,-1,-38,91,57,22,-12,6,30,1,-34,73,7,7,-56,-11,40,4,-34,90,25,25,5,39,35,-6,-26,90,15,-2,-15,-9,25,61,-26,88,24,16,-14,-9,30,-7,-32,88,34,10
76.9000,-24,-5,35,2,-49,97,49,20,-9,5,33,2,-21,82,22,11,-31,-1,37,0,-32,85,50,17,-16,7,37,3,-29,68,10,3,-54,-7,36,5,-41,93,28,18,10,38,37,-1,-24,93,11,1,-11,-7,31,56,-20,86,19,16,-15,-2,32,-7,-38,89,29,17
76.9200,-22,-4,38,5,-52,103,41,18,-16,3,39,4,-23,89,17,8,-27,-6,33,1,-25,83,47,28,-18,9,32,5,-34,68,11,13,-57,-2,38,2,-43,95,26,19,12,34,31,-1,-21,89,12,4,-9,-10,29,52,-33,84,26,16,-12,-5,36,-9,-37,88,29,9
76.9400,-19,-4,33,2,-50,95,49,28,-13,9,35,-1,-20,87,21,3,-29,2,33,0,-34,81,48,22,-22,8,28,1,-31,64,3,12,-56,-7,38,-2,-31,93,29,15,16,33,40,-6,-25,93,9,4,-9,-7,31,54,-30,88,22,20,-14,-3,29,-10,-36,93,32,14
76.9600,-19,-8,38,5,-47,96,46,20,-15,7,36,-3,-21,87,18,8,-37,-1,31,1,-31,85,44,21,-15,4,35,8,-27,74,8,21,-47,-7,42,1,-33,90,33,18,13,34,33,5,-23,80,12,1,-8,-8,32,65,-34,80,22,22,-18,-4,32,-6,-36,89,30,14
76.9800,-17,-5,34,-4,-44,99,48,18,-14,1,44,1,-16,80,24,6,-30,1,29,-5,-29,82,41,25,-9,4,38,7,-32,70,15,11,-50,-2,32,5,-41,90,28,16,15,35,34,0,-27,90,13,3,-10,-3,34,63,-36,87,27,21,-16,0,33,-10,-34,86,35,17
77.0000,-27,0,33,2,-44,95,43,21,-19,1,32,1,-21,80,23,6,-33,7,34,8,-30,80,42,23,-8,-3,36,5,-28,72,11,9,-58,10,41,-1,-39,88,36,21,7,39,33,-2,-28,89,18,10,-11,-7,39,54,-36,91,27,17,-4,1,39,-8,-29,92,21,14
77.0200,-30,0,38,0,-50,97,48,18,-24,7,43,-6,-26,84,21,1,-24,0,38,3,-23,82,47,18,-9,4,39,3,-39,70,12,12,-45,-3,28,4,-42,91,36,12,11,43,40,0,-40,91,18,-2,-11,-7,33,52,-34,91,23,15,-16,3,27,2,-34,90,27,7
77.0400,-26,-5,36,-1,-50,107,50,19,-16,8,34,2,-29,83,24,7,-33,4,32,2,-37,87,46,20,-8,6,38,1,-28,66,12,5,-48,5,35,7,-40,86,34,18,11,31,39,-1,-30,90,19,5,-9,-3,39,50,-32,82,38,13,-10,-7,31,-6,-34,88,29,14
77.0600,-20,-3,35,-6,-54,99,50,23,-20,6,35,2,-27,82,23,8,-32,9,41,-2,-26,84,44,17,-13,3,34,1,-36,81,16,10,-54,0,39,-1,-38,87,38,17,8,33,36,2,-28,93,14,4,-4,-3,40,57,-28,86,30,19,-14,0,29,-12,-39,84,27,3
77.0800,-25,-1,35,-1,-53,99,56,15,-21,12,36,-1,-26,78,30,6,-32,1,35,2,-27,86,41,16,-9,5,33,11,-35,67,9,11,-52,6,34,2,-37,86,42,12,10,35,38,2,-25,90,19,2,-6,-3,40,58,-30,92,32,16,-10,-6,28,-2,-31,83,33,9
77.1000,-21,-6,33,-6,-50,100,48,18,-18,9,35,1,-19,80,22,-1,-30,2,35,6,-19,79,39,15,-7,10,31,3,-38,80,9,14,-57,0,36,1,-36,82,39,18,13,33,39,5,-30,96,18,7,1,-3,39,56,-37,90,33,18,-12,2,35,-6,-25,83,29,10
77.1200,-22,-6,39,-2,-48,99,47,19,-20,13,37,-1,-16,70,31,4,-33,3,36,8,-17,81,41,24,-6,7,38,5,-33,73,8,6,-55,1,34,-1,-25,88,29,13,12,35,36,2,-29,92,29,6,0,-11,32,53,-24,87,29,13,-19,1,37,-6,-22,97,33,12
77.1400,-27,-1,34,-2,-50,96,45,13,-21,7,28,-1,-20,73,23,4,-33,0,39,1,-22,87,45,20,-14,6,37,4,-35,68,9,10,-57,2,33,-3,-37,86,22,12,15,31,30,6,-22,95,20,1,-4,-9,31,55,-32,91,32,13,-16,-4,34,-11,-33,89,28,9
77.1600,-17,-2,29,-3,-43,98,48,18,-29,5,37,0,-12,84,16,5,-35,8,39,9,-28,90,43,25,-12,5,30,3,-38,69,14,7,-60,3,36,1,-35,75,31,17,19,38,37,9,-30,91,22,3,-9,-2,31,62,-37,91,29,13,-13,-3,31,-10,-30,87,30,13
77.1800,-27,-1,34,1,-52,99,47,23,-15,12,31,1,-11,83,18,4,-37,4,35,8,-27,89,38,25,-15,4,33,7,-31,68,10,9,-60,6,41,0,-40,84,33,15,17,25,32,7,-25,91,24,5,-5,-3,32,59,-35,89,29,10,-11,1,31,-5,-26,82,28,9
77.2000,-22,0,36,0,-56,104,45,18,-23,14,33,2,-11,83,14,1,-41,5,39,5,-24,81,34,33,-18,11,31,3,-33,71,13,7,-63,6,32,4,-28,83,23,18,13,38,32,0,-31,93,19,4,-6,0,35,50,-37,90,29,2,-12,-2,32,-4,-30,87,29,9
77.2200,-20,0,33,0,-52,99,51,14,-29,9,40,1,-18,83,12,4,-36,4,28,6,-26,80,33,18,-12,7,30,-3,-28,65,6,7,-61,-2,37,2,-26,80,23,17,15,31,41,4,-36,99,17,1,-15,-5,34,56,-36,87,31,11,-15,0,27,1,-26,85,34,13
77.2400,-26,-6,35,-1,-54,101,49,23,-26,10,36,4,-14,82,20,3,-37,5,33,6,-29,87,37,27,-17,10,29,5,-31,68,14,7,-61,5,36,2,-31,83,24,21,3,34,39,5,-31,94,22,-1,-9,2,33,59,-31,90,31,4,-14,-3,33,-5,-34,89,21,10
77.2600,-23,2,31,6,-48,102,55,25,-25,10,41,0,-17,85,16,5,-34,0,31,0,-30,86,35,27,-21,5,34,5,-25,64,3,12,-58,-2,36,-3,-36,85,33,21,7,47,39,3,-35,90,24,2,-13,-5,37,61,-32,88,33,11,-17,5,29,-6,-26,87,30,20
77.2800,-20,1,33,-1,-46,102,48,24,-22,7,32,4,-9,84,11,9,-36,5,31,5,-32,90,39,28,-22,11,36,0,-30,66,1,11,-61,4,35,3,-32,82,21,18,9,32,30,8,-30,90,9,-1,-12,-5,35,64,-27,87,32,12,-16,-3,35,-2,-33,92,30,14
77.3000,-17,-4,33,-2,-50,100,53,28,-14,7,34,6,-14,84,13,4,-37,4,32,1,-25,92,36,25,-16,11,38,11,-34,70,5,8,-63,-4,36,1,-32,81,25,18,8,45,43,-2,-36,93,16,2,-19,2,32,55,-27,88,28,15,-16,-7,35,-3,-29,88,27,17
77.3200,-25,-11,31,1,-51,102,40,22,-23,13,37,0,-17,87,14,8,-35,-8,36,12,-32,86,46,22,-23,8,41,3,-28,68,15,8,-61,5,36,5,-36,79,29,20,18,42,35,4,-25,86,23,-6,-12,4,32,65,-24,86,28,13,-16,-4,32,-4,-32,92,27,18
77.3400,-19,-6,29,3,-51,103,44,23,-11,6,29,1,-9,87,11,9,-39,-1,38,4,-37,90,37,19,-14,3,32,5,-22,72,5,5,-60,-5,30,5,-30,85,23,22,12,49,43,2,-35,94,18,5,-19,-5,36,57,-30,84,20,17,-12,-4,37,-3,-28,94,29,13
77.3600,-21,-6,43,-3,-47,100,46,19,-21,6,38,-4,-11,86,13,14,-37,-4,39,3,-27,90,45,24,-21,10,34,2,-31,66,7,8,-53,-6,31,2,-37,82,25,18,8,42,38,1,-31,89,24,-4,-20,-3,33,63,-29,83,19,15,-15,-16,29,-6,-29,91,28,17
77.3800,-24,1,35,3,-43,100,48,24,-15,4,36,1,-10,80,10,11,-34,0,36,1,-28,89,45,27,-22,10,42,6,-31,70,6,9,-59,3,32,2,-38,86,29,16,3,46,47,4,-28,94,17,-1,-14,-6,29,63,-28,92,23,14,-15,-8,30,-5,-30,86,28,11
77.4000,-30,-4,33,0,-45,99,43,17,-22,1,37,0,-19,86,14,8,-36,-3,35,5,-28,96,48,22,-17,1,32,1,-31,70,7,11,-61,-1,29,-2,-36,87,20,19,8,44,41,2,-19,83,13,-6,-17,-7,38,62,-30,97,19,14,-16,2,32,-8,-29,86,28,10
77.4200,-17,-10,31,4,-51,100,47,23,-18,4,33,0,-20,84,22,11,-29,4,33,1,-27,83,43,30,-17,3,32,3,-29,61,7,14,-61,1,38,2,-32,89,30,21,4,43,40,3,-26,94,11,1,-19,1,36,64,-38,85,25,15,-11,-5,30,-10,-33,88,33,13
77.4400,-22,-5,36,1,-53,106,50,25,-21,6,36,4,-27,90,19,1,-30,6,39,-4,-26,82,42,32,-15,-2,29,4,-22,71,0,12,-59,-4,40,-6,-31,86,30,22,8,47,38,3,-31,97,11,2,-20,7,38,61,-31,87,25,14,-18,-6,35,-5,-34,93,24,17
77.4600,-29,-5,37,-1,-52,100,45,19,-16,4,38,-3,-24,88,22,11,-30,-5,32,-2,-31,82,43,26,-13,5,34,3,-34,70,13,5,-57,-3,42,0,-37,89,32,18,-1,45,36,3,-26,91,14,2,-19,1,39,60,-31,95,24,9,-20,-5,36,-11,-32,90,27,16
77.4800,-22,-5,38,5,-51,95,44,23,-12,5,39,-3,-14,87,21,6,-33,5,38,2,-30,89,48,24,-9,8,37,0,-29,75,13,13,-60,3,41,-1,-34,91,32,16,7,45,36,-1,-25,94,11,0,-18,-3,40,54,-30,90,25,17,-15,-2,33,-11,-35,89,33,9
77.5000,-21,1,36,-1,-49,100,47,23,-24,11,32,-4,-28,87,14,0,-27,2,42,-1,-27,88,54,29,-4,10,39,3,-36,72,8,1,-59,4,37,0,-41,89,24,18,5,41,35,3,-28,94,10,1,-20,-8,36,59,-36,87,23,18,-14,3,35,-10,-34,90,26,7
77.5200,-28,-3,33,0,-45,99,48,14,-17,9,36,2,-18,93,18,4,-32,5,37,2,-24,89,46,24,-16,10,30,10,-33,68,8,5,-53,-4,40,-3,-30,91,25,14,9,44,36,5,-30,93,13,1,-18,0,36,58,-32,82,24,19,-14,-2,42,-15,-35,91,31,13
77.5400,-24,-2,51,-2,-63,99,48,22,-12,9,27,3,-18,83,20,0,-32,2,38,-2,-26,84,50,21,-13,10,34,11,-30,70,6,9,-58,0,32,4,-39,92,29,26,5,39,41,-1,-28,98,10,5,-22,-2,39,58,-28,91,28,18,-18,-4,27,-11,-36,97,28,14
77.5600,-23,-1,47,-4,-60,104,48,18,-22,10,37,1,-20,88,18,4,-37,-8,36,4,-32,87,40,21,-20,9,38,9,-32,71,11,10,-50,-7,35,3,-29,90,31,23,10,48,42,4,-33,88,9,8,-11,-5,38,56,-35,88,28,18,-20,0,42,-10,-35,85,33,12
77.5800,-29,-3,39,-3,-50,99,48,20,-22,9,35,0,-26,91,18,6,-36,-2,41,6,-41,87,45,20,-15,9,34,7,-37,65,11,4,-56,-13,30,7,-34,86,34,19,4,42,37,3,-27,85,11,6,-13,-9,52,56,-43,93,27,13,-19,0,39,-7,-33,90,20,6
77.6000,-22,4,36,-6,-44,100,48,26,-28,13,35,3,-24,84,22,2,-33,-1,41,5,-27,85,43,24,-12,9,40,6,-32,75,11,8,-60,-2,36,2,-30,96,27,17,3,34,38,4,-26,91,11,7,-15,-4,30,58,-32,86,37,11,-13,0,42,-14,-37,93,29,10
77.6200,-20,-2,37,-2,-50,100,48,20,-25,13,38,0,-28,87,17,10,-33,2,40,3,-26,81,46,21,-10,5,39,0,-33,67,10,9,-58,-1,39,-1,-35,93,26,13,8,33,39,0,-30,92,8,4,-9,-6,36,56,-23,90,25,13,-17,0,37,-8,-34,92,32,12
77.6400,-29,-5,41,-4,-56,97,45,23,-26,9,34,2,-24,82,13,0,-42,5,39,1,-36,81,43,29,-9,2,42,12,-29,69,15,3,-67,5,30,-3,-43,98,34,19,14,37,42,-3,-27,85,17,1,-11,-4,45,59,-31,89,26,14,-15,-7,39,-6,-34,89,30,10
77.6600,-18,-9,48,4,-55,106,51,15,-18,15,31,6,-20,87,23,7,-36,0,39,1,-25,85,46,30,-12,10,37,5,-33,66,7,8,-56,0,31,-1,-34,89,33,15,15,41,34,-5,-32,92,19,8,-13,-8,36,59,-32,87,27,12,-14,2,34,-7,-25,89,30,12
77.6800,-25,-1,44,-3,-58,97,51,20,-24,8,36,1,-23,90,24,0,-38,2,37,-2,-28,88,43,20,-14,9,35,5,-34,70,9,6,-61,7,41,-2,-36,95,36,13,17,44,37,-2,-30,98,14,10,-12,-4,33,54,-34,93,27,17,-18,-5,38,-9,-27,87,28,20
77.7000,-22,2,39,-5,-57,104,50,20,-22,8,32,3,-26,85,21,7,-35,-2,32,4,-21,84,46,25,-13,7,40,4,-37,76,13,6,-57,1,35,7,-38,98,32,13,12,39,36,4,-25,85,15,9,-8,-13,29,57,-29,90,26,14,-21,-1,38,-11,-28,91,27,12
77.7200,-25,-8,36,5,-56,102,48,22,-19,3,37,4,-20,86,19,4,-37,1,42,-2,-23,86,43,25,-13,9,38,0,-34,78,12,0,-55,-2,38,1,-42,87,33,16,18,35,36,3,-36,93,15,10,-6,-12,34,60,-25,92,28,18,-15,-6,37,-9,-25,87,23,16
77.7400,-26,-6,39,5,-56,102,50,25,-16,8,34,5,-20,84,21,7,-42,4,25,-1,-28,95,46,19,-16,10,40,7,-39,79,10,5,-59,-2,34,2,-44,96,28,20,17,36,36,0,-29,90,16,4,-5,-5,32,62,-32,92,33,11,-6,-9,32,-7,-33,90,27,13
77.7600,-27,-2,37,-2,-50,103,39,26,-24,7,27,3,-21,83,17,8,-42,3,36,0,-27,90,43,26,-17,1,36,8,-35,76,14,18,-62,-7,33,3,-33,88,28,17,17,36,36,1,-27,96,17,10,-9,-5,30,56,-36,87,32,10,-10,-12,33,-6,-25,92,26,15
77.7800,-27,-7,38,-3,-63,108,54,24,-19,6,33,6,-23,79,13,4,-42,5,32,-2,-24,87,46,15,-16,8,34,-1,-27,65,13,6,-65,4,39,6,-35,89,27,19,17,36,30,2,-33,94,8,-1,-8,-6,26,61,-31,99,32,11,-15,-13,34,-13,-31,94,25,14
77.8000,-17,-3,39,1,-49,98,53,19,-17,5,37,7,-19,82,21,8,-37,2,32,5,-29,91,44,20,-20,6,32,2,-36,81,14,9,-62,-2,31,3,-40,95,25,16,16,38,30,2,-30,92,16,4,-6,-9,38,57,-34,95,26,14,-13,-9,44,-6,-30,90,29,13
77.8200,-18,-5,36,2,-52,105,56,16,-21,2,37,2,-19,87,22,10,-40,-1,41,-1,-22,89,42,16,-18,6,37,0,-31,77,16,12,-67,-2,35,-2,-46,92,31,16,21,39,38,2,-29,90,17,3,-7,-2,30,58,-30,101,30,13,-12,-7,43,-9,-39,94,33,19
77.8400,-23,0,44,-5,-49,107,52,23,-25,3,40,1,-13,85,21,11,-42,3,27,1,-20,87,49,18,-16,6,39,-1,-35,73,15,15,-57,-3,48,-1,-42,91,27,14,24,38,36,0,-29,93,20,-3,-11,-6,40,61,-34,96,27,16,-10,-6,37,-7,-38,94,35,12
77.8600,-22,-6,38,1,-60,111,49,18,-20,10,37,-1,-25,84,30,3,-42,4,30,5,-18,91,42,17,-12,8,31,-2,-32,74,13,15,-67,1,37,6,-42,88,33,16,22,41,39,0,-31,99,15,-1,-7,1,29,60,-30,97,33,11,-18,-5,34,-8,-40,95,36,15
77.8800,-17,-8,35,-3,-46,101,44,21,-17,13,40,3,-13,85,24,3,-32,7,37,-8,-25,84,36,18,-16,7,41,8,-37,74,20,13,-61,-2,43,-4,-41,91,32,12,12,51,38,2,-35,98,14,6,-8,-9,27,56,-35,99,31,14,-12,-4,33,-9,-41,99,30,9
77.9000,-20,-8,29,-1,-43,101,48,27,-24,9,39,-3,-19,80,18,2,-38,10,41,-1,-29,94,48,15,-24,6,36,-1,-33,74,13,10,-63,1,36,-1,-43,94,34,15,18,44,35,2,-35,93,20,0,-14,0,42,58,-32,94,27,15,-13,-9,31,-12,-30,94,33,8
77.9200,-28,-9,42,-9,-58,95,51,22,-15,7,37,-3,-18,88,12,2,-36,5,36,4,-13,86,43,21,-20,4,35,6,-44,74,13,9,-64,-6,40,2,-43,90,26,15,5,44,34,3,-36,97,23,3,-14,-6,36,60,-34,101,31,8,-14,-8,35,-10,-43,87,35,13
77.9400,-34,5,43,-6,-67,104,54,19,-26,9,39,3,-21,93,20,-2,-34,2,37,2,-25,81,43,12,-16,5,34,3,-36,77,19,8,-68,0,37,4,-45,97,32,12,14,45,41,2,-33,101,21,-5,-15,-5,33,62,-35,99,23,16,-15,-2,35,-4,-39,97,32,18
77.9600,-26,0,48,-10,-60,115,54,20,-22,9,34,-7,-25,88,20,-1,-40,10,37,4,-21,89,41,22,-18,14,42,1,-38,80,11,5,-59,-12,34,-1,-36,85,30,14,8,51,38,3,-31,101,22,-1,-18,2,44,53,-43,101,35,9,-19,-4,34,-7,-31,90,20,14
77.9800,-19,-3,42,5,-39,103,57,20,-22,12,41,2,-16,84,16,2,-42,4,30,4,-28,95,37,14,-19,9,43,-8,-45,81,12,2,-65,2,43,5,-35,85,27,10,7,42,45,-5,-36,93,20,0,-18,1,44,55,-36,97,30,9,-12,-5,35,-15,-37,97,30,7
78.0000,-20,-7,45,1,-44,102,51,22,-25,10,32,0,-13,83,20,7,-43,9,40,-1,-27,85,47,23,-16,9,48,-2,-37,72,12,9,-63,3,39,5,-30,79,29,19,4,53,45,1,-38,91,21,-6,-17,-3,38,55,-36,91,32,14,-14,-4,40,-3,-35,94,29,11
78.0200,-21,-1,38,0,-45,97,51,15,-26,12,28,-2,-14,85,15,6,-45,8,34,2,-33,88,46,28,-16,7,46,4,-36,71,13,10,-65,0,47,0,-36,88,35,16,2,49,47,-2,-39,91,20,0,-19,1,43,52,-37,101,30,18,-12,-5,33,-4,-37,88,33,12
78.0400,-24,-2,39,-1,-53,100,49,26,-27,10,42,3,-6,80,15,3,-40,7,42,-2,-27,93,42,24,-15,8,45,3,-27,70,6,9,-69,0,45,-3,-34,85,37,12,8,40,37,-2,-27,95,20,-1,-23,-1,36,58,-34,96,34,10,-19,-1,37,-14,-36,91,32,8
78.0600,-21,-2,41,6,-40,103,50,29,-23,12,41,-8,-16,90,11,3,-45,10,45,-3,-27,88,42,20,-16,6,46,2,-29,71,13,12,-66,5,43,-2,-38,89,37,11,5,50,42,4,-27,89,19,1,-17,-1,36,47,-28,96,36,16,-22,1,37,-3,-46,92,31,-1
78.0800,-27,-9,33,5,-47,102,46,27,-28,6,41,-1,-19,84,11,4,-41,10,41,4,-34,88,47,17,-15,12,47,0,-30,67,16,8,-57,5,43,3,-37,82,29,12,6,49,46,8,-28,93,17,5,-19,3,38,63,-36,92,29,15,-24,3,38,-1,-38,91,35,1
78.1000,-18,-5,39,0,-55,103,52,27,-26,10,47,4,-22,86,13,4,-37,6,35,5,-31,85,42,28,-16,14,49,-1,-43,66,12,2,-65,1,37,3,-39,82,26,12,5,46,36,1,-37,87,13,6,-28,0,38,62,-38,94,37,14,-20,5,31,0,-35,93,29,7
78.1200,-25,1,39,6,-55,103,48,22,-21,5,42,3,-19,86,17,4,-35,7,38,6,-29,86,41,23,-19,6,35,6,-27,65,13,2,-70,-2,38,0,-39,91,29,14,4,49,37,-1,-29,85,14,-3,-14,4,34,58,-36,90,33,13,-16,-1,31,-5,-29,92,24,12
78.1400,-27,-5,42,1,-49,105,54,19,-27,10,35,10,-16,97,21,6,-47,1,42,9,-30,89,50,28,-14,16,42,7,-30,70,17,5,-62,3,43,3,-36,94,26,8,0,42,40,4,-38,88,14,-3,-16,1,31,60,-33,91,32,18,-20,4,40,1,-35,90,26,10
78.1600,-20,-2,37,5,-39,99,47,32,-23,1,41,1,-21,92,13,5,-39,0,37,12,-21,84,43,20,-18,10,39,3,-29,67,13,11,-59,-1,40,4,-31,92,32,15,-5,46,37,4,-38,90,17,4,-17,1,29,60,-37,93,31,8,-18,4,42,-3,-32,89,24,5
78.1800,-27,-3,44,0,-49,98,46,20,-31,12,37,4,-26,87,10,2,-42,4,43,5,-31,90,43,23,-16,12,34,0,-40,75,4,1,-67,3,39,1,-36,96,35,18,2,48,40,1,-41,87,11,-5,-11,3,36,56,-32,87,36,8,-13,0,41,0,-28,89,23,9
78.2000,-18,-7,38,6,-50,99,42,21,-26,2,43,5,-21,92,17,0,-30,-4,31,2,-30,92,43,23,-17,10,41,7,-29,69,7,16,-67,3,39,6,-35,94,28,17,8,43,38,0,-28,91,14,0,-20,5,40,62,-39,84,26,12,-22,1,38,-3,-26,88,29,10
78.2200,-27,-4,36,8,-58,107,48,24,-24,2,38,7,-24,88,12,10,-35,1,43,0,-42,89,39,18,-13,8,41,5,-25,66,12,6,-59,0,40,4,-39,96,32,15,7,47,39,6,-41,96,11,-6,-14,8,31,61,-31,90,36,8,-12,-5,35,2,-23,84,25,14
78.2400,-25,-3,39,3,-62,105,49,23,-23,4,32,7,-28,96,10,6,-37,2,40,10,-31,94,43,25,-16,16,32,5,-36,68,11,8,-62,5,41,2,-40,90,26,19,4,47,39,3,-38,93,17,0,-12,-3,36,58,-38,89,36,7,-20,-5,30,-4,-24,91,24,15
78.2600,-24,-1,34,3,-59,106,54,21,-19,8,36,7,-28,81,16,4,-36,-5,35,15,-27,90,47,21,-15,11,37,10,-24,67,9,1,-66,-3,39,1,-32,93,24,19,5,46,43,3,-36,89,23,0,-14,-4,40,62,-39,90,23,5,-21,-2,44,-4,-35,90,23,15
78.2800,-26,-1,42,-3,-57,111,52,25,-23,3,38,2,-22,84,16,15,-35,-4,41,4,-20,88,48,15,-12,7,36,7,-26,69,5,7,-66,-1,34,4,-30,88,25,15,15,43,41,2,-31,91,20,4,-11,-3,36,55,-32,88,31,8,-21,-1,35,-6,-31,93,27,15
78.3000,-29,2,34,-4,-50,106,44,25,-21,1,40,-2,-23,80,9,8,-31,-5,39,6,-26,82,46,16,-20,18,35,6,-21,70,4,9,-71,-1,39,9,-32,82,24,22,21,49,38,1,-32,85,17,-3,-10,1,41,61,-35,89,29,9,-24,-3,42,-9,-29,89,29,14
78.3200,-23,-4,38,1,-51,104,44,24,-22,1,32,3,-19,85,15,18,-31,-5,38,5,-28,85,48,18,-11,8,40,7,-33,69,10,6,-49,-16,30,11,-33,84,21,25,6,43,35,5,-30,85,16,1,-17,-3,34,61,-25,89,24,9,-12,-13,29,-2,-30,90,26,14
78.3400,-30,-2,41,3,-59,103,51,18,-15,1,39,3,-20,82,14,10,-37,-7,37,8,-23,85,32,23,-9,12,31,2,-26,69,6,3,-65,-1,42,-2,-36,85,22,18,13,40,39,9,-29,89,13,2,-15,1,37,62,-28,85,18,9,-17,-3,42,-5,-35,95,29,12
78.3600,-22,-6,43,-3,-52,106,51,22,-16,-8,36,1,-20,92,18,14,-37,-3,36,-1,-23,89,45,24,-22,8,28,7,-18,73,8,12,-63,1,45,5,-41,86,24,17,11,40,28,7,-29,86,14,3,-15,2,40,62,-32,92,15,9,-22,2,40,-4,-36,92,35,13
78.3800,-23,-6,36,8,-48,103,54,24,-17,2,44,4,-21,86,13,14,-35,-4,35,4,-20,85,39,14,-20,3,33,8,-24,66,1,8,-67,0,37,-1,-34,97,31,29,14,43,39,4,-26,89,16,-2,-15,-1,42,59,-33,85,19,9,-18,-1,38,-8,-36,95,27,8
78.4000,-27,-2,41,3,-48,103,45,25,-28,0,38,3,-17,81,15,10,-40,-2,36,-3,-25,83,44,26,-13,7,39,6,-19,67,-6,17,-69,-9,39,7,-33,90,25,19,21,47,35,1,-20,83,13,0,-11,-3,39,62,-30,92,23,0,-15,-7,40,-11,-32,87,35,12
78.4200,-18,-4,35,-2,-56,109,47,23,-23,-3,51,-6,-23,87,16,9,-40,-1,38,3,-21,82,42,24,-18,10,34,7,-24,71,3,10,-65,-4,40,2,-34,82,18,26,14,44,34,3,-27,94,11,0,-13,1,32,56,-32,89,22,9,-12,4,42,-9,-36,90,26,10
78.4400,-23,-3,40,1,-56,103,48,21,-19,-13,32,7,-13,75,5,10,-36,2,38,4,-19,74,42,22,-18,9,35,1,-19,68,5,18,-68,-5,35,-8,-30,85,19,29,14,46,35,4,-29,95,14,3,-14,-10,34,59,-20,90,22,9,-13,-1,47,-10,-35,96,28,16
78.4600,-28,2,41,-3,-52,108,46,21,-16,-4,37,4,-11,78,14,10,-37,-3,44,15,-16,78,32,17,-15,7,42,0,-27,73,0,12,-73,-2,47,1,-33,92,20,26,12,55,46,2,-28,91,14,3,-20,-6,32,62,-13,86,21,17,-11,-2,42,-4,-37,93,29,9
78.4800,-28,-2,39,-6,-55,107,51,24,-7,-2,35,2,-10,71,14,12,-32,5,45,1,-19,88,42,19,-11,2,40,4,-29,68,7,17,-69,-6,42,-3,-30,86,24,27,18,50,41,0,-13,89,12,0,-10,-13,31,59,-11,93,17,21,-21,-2,39,-10,-38,84,34,1
78.5000,-27,2,43,3,-54,106,47,17,-18,-2,34,2,-11,84,17,5,-36,3,32,3,-22,82,42,17,-20,0,41,6,-25,71,6,14,-71,-5,47,1,-43,91,27,19,17,44,35,3,-28,82,18,2,-13,-2,34,65,-27,94,26,19,-17,-3,45,-7,-30,84,31,11
78.5200,-25,-1,40,-3,-51,104,48,23,-18,-3,36,-3,-13,82,13,11,-39,-4,39,4,-19,78,40,23,-14,2,37,-1,-27,73,9,13,-60,-11,40,-7,-32,90,23,22,17,47,47,6,-23,96,10,5,-14,-6,28,59,-20,91,21,20,-15,-4,45,-12,-30,86,29,15
78.5400,-22,-2,36,0,-56,100,48,25,-16,-6,37,1,-14,78,23,5,-34,-1,37,10,-23,81,40,26,-12,4,43,9,-33,77,5,16,-65,-4,37,2,-29,88,25,28,10,48,40,-1,-26,84,10,3,-15,-3,36,60,-23,97,26,19,-20,-3,38,-6,-33,92,29,8
78.5600,-20,-1,36,3,-45,98,45,24,-19,-5,38,2,-9,81,16,2,-30,4,37,2,-17,86,37,19,-15,5,32,3,-34,69,4,14,-62,-2,37,1,-29,89,22,20,18,46,39,-2,-36,93,15,5,-9,-12,35,52,-21,96,20,19,-16,1,40,-9,-30,93,27,8
78.5800,-17,0,39,-9,-53,107,56,22,-16,5,41,6,-8,78,10,8,-26,0,36,3,-27,83,48,19,-11,4,34,6,-27,73,5,12,-64,-4,39,-2,-35,88,27,23,18,44,42,-1,-39,96,6,7,-16,-8,32,60,-30,92,25,21,-16,-7,32,-4,-29,86,29,18
78.6000,-20,-7,44,1,-62,100,48,25,-11,5,37,10,-11,85,15,8,-34,3,37,11,-20,86,41,23,-13,6,35,10,-32,74,12,21,-60,0,43,4,-34,85,27,14,11,47,37,-5,-37,86,11,1,-13,-7,39,56,-37,101,23,17,-9,-11,36,-8,-19,84,28,16
78.6200,-25,-3,43,-1,-60,108,45,23,-10,1,35,8,-9,85,10,7,-32,-1,41,6,-23,90,39,19,-14,2,38,6,-38,74,7,20,-57,-6,36,-2,-34,88,27,19,15,49,47,5,-30,94,6,1,-10,-13,37,60,-26,91,22,16,-19,-9,37,-9,-25,84,27,21
78.6400,-19,-8,39,2,-60,104,45,28,-15,0,39,9,-19,90,17,9,-35,-7,36,10,-16,89,45,24,-10,-4,38,9,-36,71,7,14,-59,-9,36,2,-29,95,23,23,8,45,31,4,-25,96,5,8,-18,-11,34,64,-33,89,16,25,-15,-6,39,-4,-38,88,25,14
78.6600,-25,2,46,6,-61,110,45,16,-12,5,41,10,-15,93,10,10,-34,2,42,11,-31,93,41,19,-5,6,36,14,-37,68,8,8,-62,-1,40,10,-36,92,26,18,11,46,38,3,-32,94,10,-4,-8,-15,34,65,-34,89,15,21,-21,-18,39,-1,-36,91,29,13
78.6800,-28,-6,44,-2,-58,103,49,18,-17,3,41,4,-16,84,17,14,-35,3,44,9,-31,90,44,28,-6,2,38,11,-33,74,9,8,-61,-7,39,6,-37,90,26,16,7,48,40,3,-28,95,15,4,-8,-9,40,62,-37,97,27,13,-14,-4,35,2,-37,90,21,15
78.7000,-21,-3,37,-1,-61,104,51,29,-19,3,34,6,-11,90,13,8,-39,1,42,9,-32,83,47,25,-6,-3,46,8,-37,75,8,13,-63,0,34,0,-27,96,23,18,16,44,36,5,-35,96,9,4,-9,-18,29,63,-26,88,25,21,-19,2,42,-4,-40,100,30,11
78.7200,-18,-7,42,-1,-56,107,50,26,-15,4,43,2,-14,93,15,8,-39,1,34,5,-31,91,44,19,-4,2,35,11,-30,71,13,6,-60,-5,38,4,-38,94,21,16,7,47,34,8,-28,91,7,8,-15,-7,37,58,-36,94,22,12,-11,-10,39,0,-40,99,29,20
78.7400,-22,-7,39,5,-53,106,45,23,-13,2,39,5,-10,89,7,11,-37,3,38,10,-27,95,43,21,-5,3,39,11,-42,70,15,6,-65,5,38,8,-28,94,22,16,7,52,43,0,-31,96,16,0,-12,-11,31,59,-28,95,32,20,-10,-9,42,6,-21,93,21,19
78.7600,-21,-6,45,1,-61,102,48,25,-19,6,41,5,-16,89,16,10,-37,-1,41,13,-39,95,47,22,-11,3,40,9,-36,75,12,16,-75,2,42,12,-31,88,33,9,6,50,31,4,-32,87,15,1,-4,-9,35,62,-27,89,28,10,-6,-11,40,1,-23,90,25,22
78.7800,-17,-9,40,1,-54,108,44,29,-16,11,36,4,-14,89,17,0,-44,6,45,12,-32,99,38,21,-15,10,41,3,-43,73,21,4,-85,6,41,7,-39,91,32,10,2,58,32,0,-32,92,20,-4,-10,-11,33,62,-26,92,25,19,-11,-9,44,-6,-49,101,35,9
78.8000,-23,4,41,4,-48,98,52,18,-28,2,40,2,-22,91,13,13,-55,19,42,4,-31,96,51,13,-19,5,45,12,-39,76,21,0,-95,24,42,1,-44,102,35,-4,-16,54,36,-1,-39,93,21,-7,-11,-13,37,68,-32,91,25,16,-16,7,44,-6,-53,105,34,5
78.8200,-30,-6,43,0,-53,112,50,21,-24,4,49,2,-28,93,21,7,-50,18,39,5,-37,97,55,3,-30,22,37,8,-44,76,25,2,-113,25,44,5,-45,100,39,-5,-27,77,43,10,-41,101,25,-16,-9,-7,37,67,-36,97,29,17,-7,-8,44,-3,-37,94,27,10
78.8400,-35,9,41,-2,-61,114,53,18,-29,14,47,8,-29,99,16,-4,-72,25,38,-6,-46,104,61,-10,-36,24,42,8,-40,78,25,-8,-123,44,42,9,-51,101,49,-15,-36,90,40,9,-48,104,38,-23,-14,-6,35,67,-35,91,30,22,-11,-10,41,6,-26,91,26,13
78.8600,-47,12,41,2,-64,109,61,10,-33,15,45,4,-33,97,27,-1,-88,43,46,1,-45,100,68,-6,-47,34,39,8,-53,90,33,-17,-157,70,46,8,-59,103,60,-36,-69,108,37,13,-48,102,45,-33,-4,-2,38,59,-36,95,29,4,-10,-1,39,-1,-34,88,28,7
78.8800,-59,21,45,1,-73,124,68,0,-41,23,46,3,-39,100,29,-8,-104,54,43,2,-54,108,79,-24,-64,58,35,2,-51,92,44,-36,-188,87,42,2,-72,116,71,-51,-88,130,41,8,-77,112,64,-63,-10,-7,38,64,-34,97,23,1,-22,-8,47,-2,-41,99,27,8
78.9000,-78,45,39,1,-81,126,81,-8,-53,40,38,-1,-51,114,51,-20,-125,78,41,-5,-65,108,92,-39,-87,67,40,9,-75,98,56,-49,-212,128,31,3,-88,123,96,-73,-121,158,37,4,-90,126,93,-89,-18,-1,36,62,-38,91,33,13,-18,-15,28,-2,-29,96,28,8
78.9200,-92,66,44,0,-98,138,95,-26,-72,50,35,2,-52,118,55,-36,-147,100,39,2,-78,119,111,-60,-107,102,42,2,-86,115,76,-75,-244,157,45,-2,-104,137,117,-97,-154,194,44,10,-115,142,113,-112,-15,-6,39,68,-37,97,36,6,-12,-1,44,-5,-34,105,29,9
78.9400,-124,85,44,5,-121,154,116,-50,-99,81,38,1,-78,131,78,-57,-183,135,46,3,-106,139,138,-82,-140,130,38,-4,-101,133,95,-92,-276,194,44,0,-126,156,139,-119,-192,233,36,13,-143,161,146,-144,-10,-6,41,64,-35,96,25,11,-16,3,38,-8,-37,96,35,4
78.9600,-149,114,40,0,-125,171,141,-70,-119,95,44,-3,-99,150,99,-78,-209,166,40,2,-128,159,159,-112,-171,160,50,6,-131,153,126,-121,-307,223,38,0,-155,178,171,-149,-224,273,46,10,-168,186,173,-177,-13,-1,45,60,-39,98,38,7,-16,-5,39,-4,-37,87,33,6
78.9800,-170,139,42,-2,-161,196,169,-105,-147,129,47,3,-126,182,127,-103,-235,189,36,9,-152,181,189,-138,-197,200,42,4,-162,175,154,-143,-334,261,36,6,-200,204,208,-188,-251,299,43,9,-198,221,207,-209,-8,-5,38,60,-24,92,30,10,-18,-8,43,-4,-35,95,29,11
79.0000,-209,180,43,5,-196,220,203,-134,-177,164,39,-1,-151,202,157,-130,-263,222,44,3,-172,201,212,-159,-220,223,37,2,-190,209,171,-170,-362,288,46,1,-231,236,232,-209,-283,346,47,4,-239,261,237,-236,-14,-5,41,53,-36,91,32,7,-20,-4,38,-7,-31,95,30,9
79.0200,-238,215,47,2,-232,254,223,-163,-215,198,37,-1,-191,233,190,-161,-280,244,46,5,-210,239,235,-181,-252,248,35,7,-220,237,202,-188,-378,303,45,2,-259,271,260,-229,-298,371,40,7,-271,298,263,-261,-17,4,47,59,-39,91,32,5,-19,6,37,-11,-28,88,32,3
79.0400,-267,238,40,-1,-261,292,254,-180,-249,234,39,-3,-220,266,218,-194,-293,261,40,6,-228,260,256,-200,-264,271,40,-3,-241,269,220,-206,-384,322,48,-7,-282,301,275,-243,-300,383,47,3,-301,329,286,-278,-18,7,39,52,-39,103,28,8,-17,0,35,-7,-28,92,27,11
79.0600,-286,269,42,-2,-289,318,274,-201,-277,267,53,-3,-252,309,244,-215,-302,273,39,7,-246,293,273,-208,-274,280,43,-1,-266,300,234,-224,-380,329,36,-3,-304,329,282,-246,-300,388,43,-3,-320,361,298,-281,-17,-2,38,58,-39,92,31,7,-24,-3,33,-7,-35,95,42,13
79.0800,-297,283,47,-1,-309,346,282,-221,-292,293,41,3,-276,332,260,-235,-298,276,41,3,-276,319,267,-216,-270,277,46,-7,-273,320,233,-212,-362,312,46,1,-315,358,284,-244,-278,368,52,1,-328,389,296,-277,-19,6,44,51,-37,94,32,6,-22,10,39,-7,-33,94,30,7
79.1000,-298,283,47,-1,-322,374,293,-221,-306,304,46,-7,-292,358,273,-250,-292,259,49,2,-269,339,264,-200,-250,262,52,-8,-274,332,223,-205,-342,281,44,1,-309,383,274,-231,-259,340,55,-6,-325,401,278,-260,-15,7,47,58,-45,95,29,2,-31,4,45,-16,-35,92,26,2
79.1200,-284,274,55,-2,-325,380,287,-209,-308,302,53,-10,-297,374,270,-245,-267,245,51,1,-271,349,246,-193,-234,243,57,-15,-260,327,198,-183,-322,255,52,5,-306,388,246,-209,-227,304,51,-6,-319,403,245,-226,-24,10,48,49,-37,102,30,5,-18,-2,48,-8,-22,95,23,10
79.1400,-264,242,60,-6,-305,374,261,-188,-296,291,54,-11,-286,380,256,-238,-248,207,53,-5,-241,344,221,-162,-196,201,60,-7,-225,310,165,-160,-294,219,55,0,-272,384,224,-184,-200,271,68,-14,-278,387,204,-199,-15,3,58,39,-40,103,34,9,-18,-2,54,-16,-23,95,24,7
79.1600,-225,209,63,-18,-268,363,213,-163,-266,256,63,-24,-256,362,223,-210,-227,189,58,-14,-218,318,198,-145,-178,169,62,-16,-194,276,141,-122,-290,196,63,-18,-240,363,184,-168,-178,227,64,-19,-233,363,169,-162,-18,9,75,29,-39,97,28,5,-30,-2,62,-27,-37,96,29,18
79.1800,-189,167,65,-25,-231,332,184,-116,-231,221,66,-26,-219,323,178,-173,-222,170,67,-21,-182,292,167,-128,-150,140,68,-28,-151,247,110,-106,-305,190,71,-18,-196,326,157,-157,-180,212,83,-25,-181,311,136,-159,-20,10,89,7,-41,98,36,1,-22,-1,68,-42,-38,95,29,7
79.2000,-148,113,80,-29,-164,282,140,-81,-183,164,79,-37,-156,279,124,-131,-246,173,75,-29,-135,252,158,-133,-154,126,76,-29,-106,196,81,-102,-364,215,76,-30,-149,273,149,-179,-238,237,75,-32,-120,257,117,-173,-21,0,99,-7,-33,97,31,8,-25,2,75,-46,-29,99,26,9
79.2200,-121,72,85,-38,-102,217,90,-58,-144,114,79,-53,-98,204,85,-92,-314,210,79,-36,-114,206,154,-163,-179,143,76,-40,-72,143,78,-110,-496,297,80,-38,-115,228,159,-239,-347,315,81,-43,-85,201,128,-240,-21,5,115,-28,-46,105,31,1,-18,-3,69,-44,-23,94,31,19
79.2400,-105,59,77,-45,-51,154,67,-51,-107,85,76,-62,-34,143,45,-64,-430,304,80,-41,-97,173,188,-246,-257,196,75,-45,-56,109,99,-168,-694,454,80,-43,-92,186,205,-360,-547,477,79,-47,-71,155,186,-364,-26,6,127,-45,-38,111,29,8,-30,4,75,-55,-33,104,30,10
79.2600,-125,72,77,-58,-11,101,71,-70,-109,72,78,-73,3,93,42,-74,-618,472,72,-53,-135,171,264,-380,-390,315,68,-46,-73,108,168,-268,-966,697,74,-48,-112,162,307,-558,-813,718,66,-52,-101,145,301,-563,-29,8,125,-61,-43,122,36,8,-21,-1,66,-52,-48,108,31,11
79.2800,-196,137,64,-64,-10,76,103,-143,-141,111,77,-82,16,78,82,-127,-879,720,61,-49,-196,198,411,-601,-575,498,61,-56,-126,144,293,-443,-1279,1009,64,-38,-190,174,486,-836,-1153,1038,61,-50,-191,181,488,-851,-26,7,120,-82,-48,131,37,7,-26,3,58,-62,-50,119,43,1
79.3000,-330,275,63,-68,-37,101,188,-271,-239,219,82,-95,-31,92,166,-251,-1195,1018,60,-53,-326,285,612,-877,-838,745,61,-59,-246,240,460,-674,-1532,1346,57,-46,-350,256,730,-1170,-1445,1377,48,-50,-369,295,748,-1199,-29,9,119,-94,-68,160,41,10,-14,6,47,-58,-48,129,42,8
79.3200,-528,466,68,-82,-117,174,337,-464,-426,404,82,-116,-132,193,325,-437,-1458,1340,56,-51,-506,446,876,-1195,-1115,1030,59,-72,-406,392,672,-953,-1596,1561,53,-50,-560,404,1027,-1465,-1580,1591,49,-54,-597,497,1058,-1492,-30,12,111,-115,-95,181,58,5,-24,5,43,-47,-57,131,44,7
79.3400,-765,699,81,-98,-245,306,514,-696,-664,669,95,-133,-285,368,534,-698,-1578,1541,59,-56,-743,677,1158,-1466,-1324,1268,80,-82,-598,606,897,-1207,-1338,1558,54,-49,-815,630,1314,-1598,-1399,1598,58,-58,-856,774,1324,-1606,-28,17,120,-113,-120,214,73,-13,-22,2,48,-51,-66,147,50,2
79.3600,-975,915,90,-111,-400,488,719,-914,-942,956,113,-161,-486,600,772,-976,-1449,1535,59,-70,-971,956,1369,-1559,-1353,1357,86,-93,-782,853,1083,-1346,-346,1090,64,-46,-1051,933,1465,-1496,-572,1164,60,-55,-1066,1084,1433,-1484,-27,21,116,-115,-122,238,97,-20,-25,6,60,-49,-78,152,63,-5
79.3800,-1061,1008,103,-124,-541,695,849,-1038,-1186,1185,127,-165,-671,867,978,-1215,-750,1083,83,-68,-1100,1232,1394,-1376,-1017,1121,108,-105,-863,1059,1107,-1237,1430,-232,70,-49,-1162,1240,1355,-813,1180,-131,69,-67,-1080,1344,1225,-723,-33,31,126,-97,-163,276,121,-35,-32,2,63,-40,-78,156,67,-13
79.4000,-842,812,114,-133,-581,849,831,-915,-1260,1227,128,-178,-766,1058,1047,-1259,800,-133,74,-79,-987,1388,1060,-578,-84,318,109,-112,-736,1131,821,-658,1939,-1728,62,-39,-989,1438,736,768,1887,-1701,64,-59,-717,1419,427,955,-41,41,117,-94,-196,306,156,-53,-33,22,59,-19,-92,167,80,-19
79.4200,-149,145,114,-149,-405,839,511,-366,-960,859,116,-178,-603,1065,807,-939,1826,-1674,70,-71,-442,1299,127,1074,1462,-1228,101,-123,-222,920,40,604,2035,-2027,57,-46,-304,1390,-641,1834,2020,-2025,52,-51,234,1122,-1177,1869,-51,63,93,-71,-231,335,177,-73,-37,30,44,-10,-106,178,90,-35
79.4400,1226,-1193,89,-151,141,507,-289,790,-63,-140,85,-177,-45,687,72,-21,2018,-2015,52,-64,722,721,-1441,1870,1927,-1911,62,-113,831,232,-1358,1760,2047,-2048,31,-39,1133,853,-1784,2016,2037,-2048,23,-54,1597,150,-1882,2024,-69,84,36,-34,-259,362,213,-104,-44,40,4,13,-117,170,98,-41
79.4600,1868,-1888,48,-142,1205,-336,-1528,1781,1472,-1611,37,-159,1117,-295,-1297,1503,2045,-2048,16,-70,1747,-585,-1924,2016,2031,-2048,20,-113,1746,-1134,-1883,2001,2047,-2048,-11,-28,1846,-462,-2002,2040,2040,-2048,-5,-49,1940,-1491,-2017,2044,-82,109,-36,3,-283,378,236,-138,-54,50,-38,42,-116,175,98,-53
79.4800,2020,-2048,7,-130,1813,-1581,-1919,1999,1930,-1992,-9,-133,1810,-1626,-1878,1941,2047,-2048,-19,-66,1973,-1766,-2027,2034,2044,-2048,-19,-106,1964,-1854,-2009,2040,2047,-2048,-53,-13,1996,-1749,-2034,2043,2040,-2048,-42,-61,2009,-1946,-2034,2047,-110,139,-109,44,-291,379,252,-166,-57,58,-85,45,-111,167,105,-54
79.5000,2042,-2048,-30,-128,1974,-1941,-2025,2038,2032,-2048,-45,-115,1979,-1959,-2016,2032,2047,-2048,-51,-70,2011,-2002,-2039,2035,2046,-2048,-48,-104,2012,-2015,-2026,2044,2047,-2048,-69,-25,2015,-2000,-2037,2042,2039,-2048,-49,-74,2017,-2033,-2036,2046,-135,165,-172,57,-300,359,264,-177,-57,57,-107,62,-105,148,101,-51
79.5200,2046,-2048,-46,-123,2009,-2034,-2040,2041,2046,-2048,-63,-94,2011,-2028,-2034,2043,2047,-2048,-60,-84,2016,-2039,-2041,2035,2045,-2048,-61,-114,2017,-2040,-2028,2043,2047,-2048,-80,-45,2017,-2040,-2037,2042,2039,-2048,-52,-99,2017,-2045,-2035,2046,-149,186,-200,36,-285,323,269,-188,-58,55,-114,54,-88,137,88,-49
79.5400,2046,-2048,-45,-132,2014,-2047,-2041,2042,2046,-2048,-72,-87,2015,-2039,-2036,2044,2047,-2048,-50,-113,2016,-2044,-2042,2035,2045,-2048,-33,-129,2017,-2042,-2027,2043,2047,-2048,-55,-81,2018,-2045,-2038,2041,2039,-2048,-26,-150,2016,-2045,-2034,2044,-164,207,-187,-31,-267,273,252,-198,-42,50,-91,36,-81,115,74,-32
79.5600,2045,-2048,-23,-141,2014,-2047,-2041,2040,2047,-2048,-54,-84,2015,-2039,-2036,2044,2047,-2048,-13,-154,2015,-2045,-2039,2035,2045,-2048,-9,-157,2017,-2042,-2028,2043,1627,-2048,-16,-143,2018,-2046,-2037,2042,1927,-2048,16,-209,2017,-2046,-2034,2045,-170,211,-142,-135,-225,202,221,-188,-26,19,-60,-14,-58,80,45,-17
79.5800,2047,-2048,7,-157,2013,-2048,-2040,2040,2047,-2048,-57,-97,2014,-2039,-2035,2045,1998,-2048,24,-204,2016,-2045,-2041,2035,2044,-2048,21,-177,2016,-2042,-2028,2043,-1775,950,31,-210,2018,-2047,-2038,1997,-1668,976,57,-252,2016,-2046,-2036,1936,-171,195,-72,-287,-166,125,176,-166,-12,4,-18,-60,-19,37,22,14
79.6000,2045,-2048,0,-172,2014,-2048,-2041,2040,2047,-2048,-77,-110,2014,-2038,-2034,2044,-1500,815,55,-241,2017,-2047,-2040,1842,1191,-1804,18,-194,2016,-2043,-2026,1990,-2040,1905,51,-269,2017,-2047,-1995,-1498,-2029,1905,66,-312,2006,-2046,-1770,-1615,-159,184,-2,-478,-91,49,113,-122,18,-30,-10,-103,19,-2,-15,51
79.6200,1648,-1718,-37,-163,2000,-2048,-2013,1925,2046,-2048,-137,-125,2012,-2039,-2034,2042,-1997,1895,28,-249,1909,-2046,-551,-1662,-1807,1689,-24,-173,1816,-2042,-913,-1378,-2048,2045,54,-312,1633,-2047,1428,-1946,-2048,2042,45,-310,-1016,-2045,1723,-1964,-146,153,11,-658,-21,-8,49,-79,41,-68,-31,-123,66,-43,-63,83
79.6400,-1739,1705,-116,-113,468,-1973,721,-1517,297,823,-231,-121,1040,-1961,-751,-503,-2048,2043,-23,-205,-1550,-1917,1838,-1981,-2047,2004,-118,-108,-1603,-940,1817,-1935,-2048,2047,7,-295,-1745,-1981,1974,-2020,-2048,2047,-37,-253,-1930,799,2019,-2018,-133,110,-45,-785,55,-22,-7,-28,50,-81,-104,-78,108,-69,-85,106
79.6600,-2036,2008,-234,-14,-1844,1303,1906,-1957,-1869,1904,-322,-74,-1801,1442,1828,-1858,-2048,2047,-134,-94,-1998,1568,2034,-2031,-2048,2047,-219,27,-2009,1758,2041,-2017,-2048,2047,-86,-205,-2023,1494,2047,-2032,-2048,2047,-140,-94,-2048,1856,2047,-2030,-125,75,-194,-754,103,20,-57,25,61,-99,-210,49,151,-75,-113,128
79.6800,-2048,2047,-361,158,-2044,1910,2044,-2023,-2048,2043,-384,13,-2037,1934,2034,-2003,-2048,2047,-243,122,-2048,1949,2047,-2039,-2048,2047,-340,245,-2048,1982,2047,-2031,-2048,2047,-183,2,-2048,1935,2047,-2033,-2048,2047,-240,167,-2048,1995,2047,-2030,-119,43,-429,-477,110,143,-64,55,45,-100,-291,290,175,-65,-141,135
79.7000,-2048,2047,-433,391,-2048,2004,2047,-2033,-2048,2047,-373,168,-2048,2017,2047,-2027,-2048,2047,-305,423,-2048,2012,2047,-2039,-2048,2047,-366,528,-2048,2020,2047,-2031,-2048,2047,-253,318,-2048,2007,2047,-2032,-2048,2047,-282,542,-2048,2018,2047,-2028,-116,28,-740,179,59,352,-31,61,26,-82,-324,628,172,-26,-132,130
79.7200,-2048,2047,-399,671,-2048,2018,2047,-2033,-2048,2047,-250,358,-2048,2029,2047,-2031,-2048,2047,-292,785,-2048,2021,2047,-2037,-2048,2047,-295,832,-2048,2026,2047,-2032,-2048,2047,-237,743,-2048,2022,2047,-2031,-2048,2047,-217,957,-2048,2023,2047,-2028,-125,41,-1074,1272,-71,622,62,25,-10,-62,-240,1025,148,38,-110,109
79.7400,-2048,2047,-251,925,-2048,2021,2047,-2033,-2048,2047,-29,592,-2048,2031,2047,-2031,-2048,2047,-139,1124,-2048,2024,2047,-2037,-2048,2047,-98,1070,-2048,2027,2047,-2030,-2048,2047,-95,1177,-2048,2023,2047,-2032,-2048,2047,-28,1322,-2048,2023,2047,-2028,-134,84,-1358,1811,-253,898,221,-85,-45,-11,-49,1403,97,113,-77,56
79.7600,-2048,2047,19,1093,-2048,2021,2047,-2033,-2048,2047,244,856,-2048,2030,2047,-2029,-2048,2047,100,1344,-2048,2026,2047,-2038,-2048,2047,168,1152,-2048,2026,2047,-2030,-2048,2047,124,1497,-2048,2024,2047,-2031,-2048,2047,231,1510,-2048,2024,2047,-2029,-158,154,-1520,1968,-502,1097,439,-245,-75,29,233,1602,5,166,-14,3
79.7800,-2048,2047,329,1121,-2048,2021,2047,-2033,-2048,2047,470,1206,-2048,2029,2047,-2029,-2048,2047,387,1342,-2048,2025,2047,-2039,-2048,2047,454,1024,-2048,2028,2047,-2030,1165,1661,404,1608,-2048,2025,2047,-2031,985,1691,499,1470,-2048,2025,2047,-2022,-194,278,-1501,2015,-721,1056,703,-466,-102,73,529,1642,-90,173,68,-81
79.8000,-2048,2047,569,1000,-2048,2022,2047,-2035,-2048,2047,485,1608,-2048,2030,2047,-2031,-130,1811,630,1025,-2048,2026,2047,-2022,-2048,2047,651,654,-2048,2028,2047,-2031,1913,-1733,618,1529,-2048,2026,2047,958,1882,-1732,679,1090,-2048,2025,2047,1247,-254,465,-1247,2022,-869,584,970,-768,-114,117,720,1499,-178,71,164,-155
79.8200,-2048,2039,665,790,-2048,2024,2047,-2021,-2048,2047,250,1824,-2048,2032,2047,-2032,1826,-1699,751,370,-2048,2026,1998,1324,1143,-869,712,125,-2048,2029,2022,-155,2027,-2020,706,1082,-2044,2027,818,1888,2012,-2022,694,327,-1263,2022,-1067,1932,-344,697,-742,2023,-760,-515,1137,-1080,-122,157,775,989,-218,-161,259,-235
79.8400,1122,-1183,555,650,-1829,1999,1665,1023,-1935,1278,-276,1943,-1854,1972,1922,-1036,2010,-2013,714,-539,842,1977,-1450,1928,1908,-1913,602,-380,879,1673,-1256,1831,2047,-2048,630,240,1276,2006,-1788,2023,2034,-2048,580,-745,1719,20,-1901,2030,-481,972,-54,2024,-261,-1705,1099,-1360,-132,196,660,175,-153,-536,305,-287
79.8600,1906,-1944,230,818,1564,-1225,-1659,1900,1595,-1776,-1004,2011,1605,-1492,-1576,1779,2042,-2048,544,-1473,1860,-1468,-1953,2021,2022,-2048,347,-570,1867,-1688,-1919,2012,2047,-2048,434,-875,1909,-1326,-1999,2040,2040,-2048,374,-1661,1972,-1836,-2016,2044,-682,1237,718,2020,832,-1981,648,-1482,-138,221,436,-766,44,-1021,266,-316
79.8800,2023,-2048,-256,1447,1947,-1924,-1983,2020,1969,-2027,-1653,2035,1949,-1950,-1964,2002,2047,-2048,298,-1803,1992,-1951,-2028,2035,2042,-2048,-2,-168,1994,-1985,-2013,2041,2047,-2048,220,-1721,2001,-1932,-2034,2044,2040,-2048,165,-1902,2011,-2011,-2033,2046,-941,1430,1427,1965,1751,-2040,-387,-1361,-168,254,200,-1580,404,-1493,88,-289
79.9000,2044,-2048,-826,1835,2006,-2029,-2034,2039,2034,-2048,-1848,2039,2005,-2026,-2026,2040,2047,-2048,68,-1852,2013,-2029,-2040,2036,2045,-2048,-397,1026,2014,-2033,-2027,2045,2047,-2048,80,-1934,2016,-2028,-2036,2041,2041,-2048,48,-1963,2016,-2040,-2035,2046,-1214,1412,1734,767,1965,-2045,-1654,-746,-212,237,72,-1837,889,-1702,-270,-154
79.9200,2046,-2048,-1361,1977,2014,-2046,-2039,2041,2044,-2048,-1866,2039,2015,-2036,-2035,2044,2047,-2048,-111,-1556,2015,-2042,-2040,2035,2045,-2048,-827,1818,2016,-2040,-2027,2044,2047,-2048,95,-1997,2018,-2043,-2036,2040,2040,-2048,34,-1932,2016,-2044,-2034,2044,-1422,1016,1834,-1721,2014,-2047,-1962,557,-257,168,93,-1905,1388,-1744,-786,119
79.9400,2047,-2048,-1672,2026,2014,-2046,-2041,2041,2046,-2048,-1629,2038,2014,-2038,-2035,2044,2047,-2048,-275,138,2015,-2043,-2039,2035,2046,-2048,-1302,1999,2016,-2041,-2028,2043,2047,-2048,268,-2004,2018,-2045,-2036,2040,2038,-2048,60,-1457,2017,-2046,-2033,2043,-1429,-8,1864,-2048,2018,-2047,-2030,1753,-281,-40,243,-1906,1652,-1633,-1373,545
79.9600,2046,-2048,-1736,2037,2014,-2048,-2041,2040,2047,-2048,-595,2021,2013,-2037,-2036,2044,2047,-2048,-530,1721,2015,-2045,-2041,2034,2044,-2048,-1660,2034,2016,-2043,-2028,2043,2047,-2048,465,-1950,2017,-2044,-2035,2039,2038,-2048,-33,915,2017,-2045,-2034,2043,-1052,-1554,1869,-2048,2019,-2047,-2039,1998,-232,-367,421,-1851,1718,-1037,-1699,1105
79.9800,2044,-2048,-1597,2037,2013,-2047,-2038,2039,2045,-2048,778,1700,2014,-2037,-2035,2042,2047,-2048,-973,1991,2015,-2044,-2040,2034,2044,-2048,-1801,2039,2015,-2040,-2026,2042,2047,-2048,532,-1481,2017,-2045,-2035,2041,2038,-2048,-386,1869,2016,-2045,-2033,2043,-38,-1972,1848,-2048,2019,-2044,-2040,2039,-57,-862,514,-1658,1651,29,-1797,1598
80.0000,2045,-2048,-1037,2032,2013,-2047,-2040,2039,2045,-2048,1675,-1509,2013,-2036,-2034,2042,2047,-2048,-1563,2033,2015,-2043,-2039,2034,2044,-2048,-1808,2038,2015,-2040,-2027,2044,2047,-2048,306,801,2016,-2045,-2038,2040,2035,-2048,-1107,2016,2016,-2046,-2035,2046,1515,-2048,1801,-2048,2019,-1540,-2038,2044,277,-1432,446,-1136,1176,1270,-1795,1787
80.0200,2044,-2048,-123,1937,2013,-2046,-2040,2039,2044,-2048,1868,-2004,2014,-2038,-2034,2043,2045,-2048,-1850,2039,2015,-2044,-2040,2036,2043,-2048,-1582,2037,2015,-2042,-2027,2042,1901,-2031,-292,1846,2018,-2046,-2038,2042,1271,-2003,-1770,2037,2016,-2046,-2036,2046,1938,-2048,1681,-2048,2005,1662,-2038,2045,798,-1753,195,-579,203,1780,-1630,1844
80.0400,2044,-2048,929,-468,2015,-2047,-2040,2040,2045,-2048,1915,-2048,2013,-2038,-2035,2043,670,-1987,-1943,2041,2017,-2045,-2042,2034,2037,-2048,-764,1945,2016,-2041,-2028,2043,-1284,768,-1228,2013,2018,-2046,-2036,1367,-1723,1314,-1965,2042,2018,-2047,-2031,550,2030,-2048,1368,-2048,677,1962,-2037,2044,1408,-1860,-154,-207,-1015,1909,-806,1834
80.0600,2035,-2048,1643,-1902,2000,-2048,-2039,2039,2046,-2048,1899,-2048,2005,-2037,-2036,2045,-1825,1447,-1939,2042,1955,-2046,-1962,-849,907,-1799,391,-959,1875,-2029,-1950,1779,-1966,1899,-1832,2039,1888,-2046,-1525,-1733,-2045,1954,-2023,2042,833,-2034,188,-1795,2043,-2048,893,-2048,-1815,2018,-1844,2045,1727,-1884,-506,-18,-1765,1947,449,1701
80.0800,782,-1328,1828,-2048,-46,-1547,-873,424,2008,-1977,1841,-2048,-459,-1024,-838,1303,-2048,1972,-1792,2033,-1436,-1263,1525,-1881,-1767,1603,1471,-1939,-1510,189,1431,-1646,-2048,2047,-1992,2042,-1590,-1907,1755,-1989,-2048,2047,-2009,2041,-1817,533,1884,-1998,2046,-2048,470,-2048,-2038,2023,1572,2041,1832,-1839,-754,37,-1936,1943,1605,951
80.1000,-1781,1721,1871,-2048,-1880,1620,1804,-1811,-1150,1489,1734,-2048,-1909,1744,1824,-1751,-2048,2047,-816,1052,-1988,1721,1986,-2015,-2047,1996,1796,-2048,-1999,1829,1984,-1970,-2048,2047,-2038,2040,-2005,1521,2025,-2028,-2048,2047,-1878,2037,-2042,1846,2047,-2027,2045,-2048,130,-2048,-2048,2024,1997,1856,1856,-1533,-829,52,-1985,1907,1895,-307
80.1200,-2048,2017,1857,-2048,-2048,1960,2029,-2000,-1958,1979,1575,-2048,-2048,1985,2034,-1986,-2048,2047,660,-1769,-2048,1976,2047,-2038,-2048,2047,1874,-2048,-2048,1997,2047,-2025,-2048,2047,-2025,2041,-2048,1944,2047,-2034,-2048,2047,-752,1078,-2048,1995,2047,-2031,2046,-2048,-133,-1370,-2048,2025,2047,-1578,1808,-439,-754,125,-1983,1808,1976,-1521
80.1400,-2048,2047,1791,-2048,-2048,2015,2047,-2032,-2048,2047,1442,-2048,-2048,2026,2047,-2025,-2048,2047,1650,-2036,-2048,2018,2047,-2041,-2048,2047,1873,-2048,-2048,2024,2047,-2032,-2048,2047,-1921,2040,-2048,2013,2047,-2035,-2048,2047,1048,-1780,-2048,2021,2047,-2032,2039,607,-396,1362,-2048,2023,2047,-1960,1487,965,-581,292,-1937,1429,1988,-1847
80.1600,-2048,2047,1628,-2048,-2048,2023,2047,-2035,-2048,2047,1387,-2048,-2048,2032,2047,-2033,-2048,2047,1863,-2048,-2048,2025,2047,-2040,-2048,2047,1820,-2048,-2048,2028,2047,-2034,-2048,2047,-1060,1956,-2048,2023,2047,-2034,-2048,2047,1778,-2038,-2048,2024,2047,-2032,2023,1895,-751,1906,-2048,2023,2047,-2021,379,1762,-395,550,-1802,660,1962,-1934
80.1800,-2048,2047,1300,-2048,-2048,2023,2047,-2037,-2048,2047,1346,-2045,-2048,2033,2047,-2032,-2048,2047,1907,-2048,-2048,2026,2047,-2041,-2048,2047,1712,-2048,-2048,2030,2047,-2034,-2048,2047,639,-1266,-2048,2026,2047,-2033,-2048,2047,1925,-2048,-2048,2026,2047,-2032,-891,2041,-1227,2006,-2048,2022,2047,-2032,-987,1940,-253,840,-1179,33,1880,-1952
80.2000,-2048,2047,976,-2048,-2048,2024,2047,-2035,-2048,2047,1222,380,-2048,2033,2047,-2034,-2048,2047,1895,-2048,-2048,2027,2047,-2039,-2048,2047,1550,-2048,-2048,2030,2047,-2033,-2048,2047,1683,-1967,-2048,2026,2047,-2033,-2048,2047,1950,-2048,-2048,2026,2047,-2031,-1933,2047,-1676,2021,-2048,1962,2047,-2033,-1778,1989,-149,1091,-321,-359,1579,-1933
80.2200,-2048,2047,800,-2048,-2048,2023,2047,-2036,-2048,2047,996,1837,-2048,2034,2047,-2034,-2048,2047,1854,-2048,-2048,2026,2047,-2041,-2048,2047,1443,-2048,-2048,2029,2047,-2033,-2048,2047,1893,-2048,-2048,2026,2047,-2031,-2048,2039,1932,-2048,-2048,2025,2047,-2029,-2048,2047,-1850,2023,-2048,-995,2047,-2034,-1956,1988,-31,1248,338,-574,785,-1871
80.2400,-2048,2047,757,-1160,-2048,2024,2047,-2036,-2048,2047,659,2008,-2048,2034,2047,-2033,-2048,2047,1816,-2048,-2048,2026,2047,-2040,-2048,2047,1513,-2048,-2042,2029,2047,-2033,-2048,2047,1943,-2048,-2046,2026,2047,-1981,-2048,2007,1898,-2048,-2044,2024,2047,-1974,-2048,2047,-1903,2023,-1944,-1899,2047,-2034,-2004,1954,137,1280,717,-726,127,-1695
80.2600,-2048,2047,788,1584,-1955,2005,2017,-2029,-2048,2047,210,2036,-2028,2024,2047,-2031,-2048,2019,1815,-2048,-2038,2024,2047,-1997,-2048,2047,1616,-994,-1949,1998,2042,-2024,-2048,2047,1941,-2048,-1941,2023,2009,-1893,-2048,1993,1868,-2048,-1972,2013,2037,-1843,-2048,2047,-1886,2023,1152,-2022,2047,-2034,-2000,1861,360,1216,864,-899,-258,-1095
80.2800,-2048,2035,811,1971,-1595,1883,1933,-1981,-2048,2047,-401,2039,-1855,1910,1986,-1992,-2048,1947,1846,-2048,-1954,1973,2027,-1835,-2048,2047,1673,1636,-1825,1874,2017,-1993,-2048,2047,1918,-2048,-1784,1960,1962,-1845,-2048,2001,1865,-2048,-1910,1946,2013,-1662,-2048,2047,-1770,2023,1895,-2043,444,-2031,-1958,1539,613,1102,904,-1133,-424,-469
80.3000,-2048,1997,733,2031,-899,1116,1869,-1912,-2048,2001,-1154,2041,-1124,1097,1878,-1912,-2048,1878,1877,-1944,-1868,1829,1995,-1213,-2048,2035,1645,1977,-1764,1417,2014,-1960,-2048,2047,1886,-2048,-1700,1758,1951,-1877,-2048,2021,1885,-2048,-1903,1845,2008,-1647,-2048,2047,-1378,2024,2001,-2046,-1768,-2012,-1844,845,838,997,945,-1404,-500,-85
80.3200,-2045,1986,450,2039,-694,45,1869,-1876,-1992,1970,-1743,2039,-517,-79,1771,-1855,-2048,1847,1889,1231,-1817,1468,1970,-609,-2048,2025,1409,2031,-1808,823,2022,-1941,-2048,2047,1860,-2048,-1774,1074,1962,-1928,-2048,2036,1900,-1973,-1928,1769,2004,-1733,-2048,2047,-847,2024,2017,-2046,-1995,79,-1431,319,948,952,1028,-1582,-599,101
80.3400,-2036,1995,-89,2041,-922,-310,1899,-1876,-1959,1974,-1925,2039,-441,-422,1719,-1849,-2048,1836,1866,1920,-1808,1213,1938,-269,-2048,2016,743,2039,-1875,817,2026,-1920,-2048,2047,1844,-2048,-1853,779,1968,-1960,-2048,2041,1896,1204,-1948,1789,1987,-1770,-2048,1918,-474,2020,2019,-2045,-2034,1835,-748,28,920,948,1161,-1643,-798,195
80.3600,-2029,2007,-832,2039,-1368,-24,1923,-1880,-1958,1988,-1982,2038,-672,-94,1712,-1854,-2032,1805,1768,2024,-1792,1386,1857,138,-2024,1994,-229,2039,-1917,1246,2016,-1863,-2048,2047,1836,-2048,-1891,1052,1948,-1962,-2048,2033,1856,1917,-1947,1844,1931,-1691,-2048,-1395,-360,1993,2019,-2046,-2038,2011,-260,-94,755,975,1265,-1594,-1073,317
80.3800,-2018,2000,-1561,2039,-1690,584,1922,-1840,-1966,1988,-1983,2038,-1008,513,1673,-1821,-2000,1620,1192,2040,-1706,1627,1406,858,-1973,1928,-1374,2040,-1934,1634,1975,-1560,-2048,2047,1815,-468,-1890,1528,1879,-1928,-2048,2001,1712,2023,-1909,1878,1678,-1083,-1934,-1976,-435,1878,2018,-2046,-2038,2041,19,-192,488,958,1254,-1388,-1352,551
80.4000,-1984,1956,-1841,2038,-1812,1188,1885,-1599,-1950,1954,-1942,2038,-1255,1041,1498,-1602,-1925,831,-61,2043,-1347,1709,80,1655,-1842,1558,-1867,2039,-1923,1753,1854,-110,-2045,2038,1766,1752,-1840,1722,1564,-1792,-2048,1910,950,2039,-1765,1874,362,200,1364,-2048,-621,971,2018,-2045,-2038,2043,138,-358,168,852,1091,-1034,-1499,902
80.4200,-1892,1766,-1915,2038,-1843,1442,1760,-398,-1876,1807,-1847,2037,-1270,1143,1028,-522,-1623,-425,-1463,2041,-561,1602,-1402,1900,-1046,-175,-1999,2038,-1862,1727,1074,1533,-1694,1929,1587,1997,-1649,1746,456,-725,-1892,1293,-356,2042,-990,1793,-1217,1543,1941,-2048,-759,-848,2019,-2045,-2038,2044,228,-658,-170,622,780,-670,-1487,1287
80.4400,-1318,327,-1907,2037,-1803,1290,1167,1256,-1364,586,-1687,1923,-960,657,309,1048,-384,-1619,-1927,2041,463,904,-1855,1989,406,-1673,-2034,2037,-1565,1321,-423,1920,835,837,978,2034,-963,1529,-760,1022,-457,-482,-1635,2042,273,1116,-1809,1893,2028,-2048,-785,-1776,2018,-2023,-2038,2046,344,-1039,-505,264,397,-405,-1311,1559
80.4600,150,-1489,-1844,2038,-1582,592,143,1844,87,-1338,-1608,-569,-274,-383,-608,1808,1137,-1925,-2048,2040,1528,-448,-1978,2021,1622,-1978,-2030,2037,-518,180,-1619,2019,1840,-1378,22,2040,25,548,-1647,1800,1478,-1714,-1973,2040,1506,-571,-1953,1994,2042,-2048,-661,-1968,2015,-1194,-2036,2044,534,-1387,-815,-181,79,-316,-977,1658
80.4800,1539,-1930,-1722,1978,-820,-510,-1019,1986,1540,-1902,-1683,-1881,728,-1575,-1555,1979,1802,-2020,-2048,2039,1851,-1673,-2020,2031,1908,-2048,-1995,2035,907,-1302,-1901,2042,2018,-1921,-1138,2040,1146,-922,-1875,1966,1907,-1969,-2048,2039,1858,-1744,-2005,2026,2045,-2048,-424,-2022,1973,1535,-2038,2045,771,-1582,-1043,-635,-77,-376,-631,1643
80.5000,1889,-2041,-1607,776,326,-1582,-1743,2030,1898,-2038,-1769,-2048,1634,-1895,-1861,2031,1965,-2048,-2048,2039,1959,-1949,-2036,2032,1997,-2048,-1931,1931,1749,-1840,-1991,2046,2047,-2048,-1823,2040,1761,-1780,-1960,2018,2014,-2043,-2048,2039,1966,-1978,-2024,2036,2045,-2048,-73,-2037,1115,1945,-2029,2044,972,-1620,-1159,-1015,13,-521,-413,1523
80.5200,1991,-2048,-1620,-1616,1519,-1878,-1933,2041,2001,-2048,-1771,-2048,1876,-1990,-1970,2044,2020,-2048,-2048,2039,2002,-2027,-2041,2031,2029,-2048,-1833,-108,1941,-1978,-2021,2046,2047,-2048,-1993,2041,1924,-1967,-2003,2034,2040,-2048,-2048,2039,2006,-2037,-2033,2037,2045,-2048,349,-2040,-1466,2014,-1824,2044,1073,-1527,-1090,-1285,297,-638,-379,1297
80.5400,2025,-2048,-1707,-2001,1855,-1967,-2007,2043,2033,-2048,-1578,-2048,1960,-2020,-2016,2046,2036,-2048,-2021,2009,2016,-2044,-2041,2028,2037,-2048,-1728,-1800,2002,-2021,-2030,2045,2047,-2048,-2045,2040,1987,-2025,-2024,2039,2044,-2048,-2048,2039,2016,-2047,-2035,2035,2046,-2048,828,-2041,-1953,2023,907,2038,1057,-1314,-866,-1374,701,-624,-555,1092
80.5600,2035,-2048,-1761,-2048,1959,-1997,-2034,2042,2043,-2048,-938,-2048,1993,-2029,-2032,2046,2042,-2048,-1924,1085,2018,-2048,-2042,2018,2038,-2048,-1646,-2042,2017,-2034,-2031,2043,2047,-2048,-2043,2039,2011,-2039,-2033,2039,2044,-2048,-1985,2033,2020,-2048,-2036,2030,2046,-2048,1299,-2047,-2048,2028,1884,1841,932,-1077,-513,-1299,1068,-421,-838,1009
80.5800,2037,-2048,-1726,-2048,1995,-2001,-2041,2041,2045,-2048,-21,-2048,2004,-2026,-2037,2045,2040,-2047,-1738,-1585,2019,-2048,-2041,2005,2035,-2048,-1532,-2048,2019,-2035,-2032,2043,2047,-2048,-2003,2039,2018,-2042,-2035,2039,2043,-2048,-1801,1833,2020,-2048,-2035,2026,2045,-2046,1578,-2048,-2048,2024,2041,-1151,791,-948,-129,-1078,1280,-47,-1103,1061
80.6000,2035,-2048,-1511,-2048,2007,-1988,-2042,2040,2044,-2048,949,-2048,2004,-2013,-2036,2046,2034,-2034,-1480,-2003,2016,-2045,-2037,1985,2028,-2048,-1279,-2048,2020,-2031,-2030,2039,2047,-2048,-1902,2038,2018,-2038,-2035,2039,2042,-2048,-1373,-1002,2018,-2046,-2032,2015,2042,-1112,1672,-2048,-2048,2022,2047,-1890,716,-979,215,-772,1254,437,-1227,1208
80.6200,2030,-2048,-952,-2048,2007,-1960,-2043,2037,2042,-2048,1632,-2037,1996,-1982,-2035,2044,2027,-2023,-1314,-2048,2010,-2040,-2027,1961,2016,-2048,-792,-2048,2017,-2015,-2029,2025,2047,-2048,-1629,1979,2013,-2026,-2032,2037,2039,-2048,-1147,-1907,2007,-2038,-2019,2001,1997,1559,1649,-2048,-2048,2010,2047,-2012,792,-1154,486,-452,966,936,-1103,1326
80.6400,2021,-2048,-189,-2048,1999,-1914,-2039,2027,2038,-2048,1829,-2015,1973,-1926,-2029,2042,2018,-2007,-1154,-2048,1985,-2020,-1992,1920,2003,-2033,-87,-2048,2005,-1987,-2018,1991,2047,-2048,-1234,580,1997,-1997,-2013,2030,2033,-2044,-1212,-2048,1972,-2005,-1979,1971,814,1981,1505,-2048,-2042,1991,2047,-2032,1010,-1367,681,-190,482,1330,-747,1321
80.6600,2009,-2041,662,-2019,1976,-1845,-2020,1995,2032,-2048,1897,-2017,1930,-1818,-2007,2030,2009,-1987,-819,-2048,1910,-1968,-1898,1845,1987,-1997,755,-2048,1971,-1941,-1979,1914,2046,-2048,-1162,-1685,1954,-1940,-1968,2013,2026,-2022,-1293,-2048,1884,-1931,-1872,1912,-1630,2047,1230,-2036,-2023,1973,2047,-2034,1321,-1495,811,-31,-94,1530,-200,1115
80.6800,1994,-2004,1463,-2004,1932,-1736,-1970,1912,2018,-2042,1922,-2036,1848,-1504,-1946,1975,1996,-1945,-204,-2048,1651,-1851,-1395,1570,1962,-1924,1520,-2040,1886,-1866,-1857,1569,2033,-2048,-1352,-2021,1850,-1836,-1850,1969,2014,-1981,-1132,-2048,1525,-1735,-1236,1736,-2012,2047,981,-1987,-2011,1965,2047,-2035,1576,-1454,915,33,-632,1569,405,682
80.7000,1966,-1923,1772,-2014,1844,-1539,-1839,1516,1992,-1964,1922,-2048,1646,-883,-1784,1771,1973,-1842,645,-2048,443,-1316,63,603,1920,-1667,1787,-2033,1585,-1701,-1036,173,2005,-2018,-1573,-2048,1345,-1504,-1179,1858,1992,-1889,-635,-2048,294,-888,198,803,-2048,2047,813,-1855,-2011,1966,2047,-2033,1677,-1175,956,9,-1059,1485,967,74
80.7200,1909,-1566,1870,-2035,1561,-1238,-1065,34,1937,-1635,1892,-2048,967,-332,-890,298,1926,-1297,1479,-2048,-847,-221,1411,-590,1829,-518,1876,-2043,469,-1133,522,-1301,1934,-1932,-1650,-2048,163,-759,106,1156,1946,-1462,104,-2048,-896,112,1454,-496,-2048,2047,730,-1138,-2019,1967,2041,-2024,1669,-666,921,-38,-1321,1282,1372,-588
80.7400,1758,-234,1898,-2048,724,-889,244,-1417,1788,-83,1813,-2044,200,147,349,-1402,1808,-66,1780,-2048,-1673,830,1838,-1584,1410,887,1903,-2048,-662,-360,1641,-1805,1654,-1499,-1523,-2048,-916,-20,1233,-289,1837,-294,939,-2048,-1672,1006,1839,-1564,-2048,2047,636,95,-2033,1962,2039,-2016,1515,2,783,-90,-1408,1013,1558,-1194
80.7600,939,1236,1888,-2048,-158,-468,1367,-1833,841,1466,1526,-2000,-515,588,1412,-1851,1115,1252,1871,-2048,-1888,1597,1951,-1858,261,1733,1892,-2048,-1551,446,1906,-1934,88,-38,-1113,-2048,-1632,664,1751,-1519,1135,957,1556,-2048,-1879,1606,1945,-1846,-2048,2047,445,1227,-2039,1943,2040,-2011,1049,689,511,-115,-1382,732,1583,-1559
80.7800,-360,1817,1832,-2048,-943,42,1794,-1944,-677,1881,790,-1865,-1175,1037,1808,-1967,-262,1808,1895,-2048,-1959,1826,1990,-1948,-1055,1934,1843,-2048,-1839,1263,1987,-1979,-1574,1428,-481,-2048,-1844,1308,1888,-1843,-404,1706,1765,-2048,-1950,1802,1983,-1934,-2048,2047,134,1711,-2037,1891,2041,-2010,375,1270,160,-96,-1269,496,1491,-1679
80.8000,-1552,1962,1668,-2027,-1567,624,1914,-1984,-1727,1995,70,-888,-1661,1474,1928,-2004,-1560,1954,1885,-2048,-1992,1910,2009,-1985,-1791,2001,1714,-2048,-1933,1711,2017,-1996,-1960,1860,251,-2048,-1917,1684,1940,-1940,-1668,1895,1833,-2048,-1982,1883,1999,-1968,-2048,2047,-214,1835,-2024,1730,2037,-2011,-353,1594,-187,-56,-1100,303,1292,-1684
80.8200,-1895,2012,1176,-1955,-1806,1239,1962,-1996,-1965,2034,-416,710,-1840,1722,1978,-2016,-1912,2005,1849,-2048,-2008,1952,2015,-2001,-1972,2025,1318,-2015,-1976,1853,2029,-2001,-2048,1980,1015,-2048,-1949,1821,1967,-1977,-1956,1955,1857,-2048,-1997,1924,2005,-1981,-2048,2047,-512,1864,-1985,783,2019,-2012,-1020,1688,-434,-11,-904,149,1034,-1605
80.8400,-2002,2030,653,-1672,-1897,1655,1985,-1999,-2042,2047,-647,1688,-1918,1832,2004,-2019,-2015,2021,1776,-2048,-2015,1974,2014,-2008,-2035,2034,786,-1915,-1998,1916,2032,-2000,-2048,2024,1610,-2048,-1966,1884,1980,-1989,-2048,1976,1860,-2048,-2003,1948,2007,-1981,-2048,2047,-680,1849,-1887,-581,1976,-2006,-1496,1670,-516,33,-700,26,778,-1405
80.8600,-2042,2033,311,-404,-1941,1804,1997,-1996,-2048,2047,-657,1898,-1958,1893,2018,-2020,-2048,2023,1637,-2046,-2016,1985,2011,-2005,-2048,2032,424,-1278,-2005,1945,2030,-1993,-2048,2037,1812,-2048,-1970,1919,1987,-1992,-2048,1978,1851,-2048,-2001,1963,2001,-1972,-2048,2047,-657,1807,-1349,-1631,1865,-1989,-1695,1565,-427,49,-504,-71,541,-1113
80.8800,-2048,2028,186,994,-1964,1870,2000,-1987,-2048,2047,-554,1961,-1977,1926,2023,-2015,-2048,2011,1385,-1978,-2008,1989,2001,-1994,-2048,2023,236,250,-2006,1958,2019,-1981,-2048,2040,1888,-2048,-1968,1939,1984,-1985,-2048,1964,1821,-2048,-1991,1968,1988,-1952,-2048,2047,-468,1711,-56,-1882,1191,-1948,-1738,1356,-221,63,-306,-158,324,-817
80.9000,-2048,2015,134,1714,-1971,1900,1993,-1971,-2048,2043,-443,1977,-1983,1945,2019,-2006,-2048,1984,1085,-1692,-1990,1984,1983,-1974,-2048,2004,166,1536,-1996,1963,2002,-1962,-2048,2036,1914,-2048,-1957,1946,1969,-1971,-2048,1940,1757,-2016,-1968,1967,1962,-1913,-2048,2032,-228,1504,1232,-1960,-232,-1835,-1704,1084,11,82,-116,-228,140,-560
80.9200,-2044,1991,86,1882,-1968,1910,1977,-1946,-2048,2028,-384,1973,-1975,1950,2006,-1988,-2048,1937,823,-165,-1959,1973,1953,-1934,-2038,1972,88,1857,-1975,1955,1971,-1929,-2048,2026,1907,-2048,-1931,1942,1942,-1944,-2048,1902,1606,-1829,-1929,1956,1922,-1843,-2048,1976,-36,1172,1754,-1986,-1499,-1088,-1583,837,197,120,56,-276,-33,-344
80.9400,-2020,1954,-42,1934,-1953,1909,1950,-1900,-2048,2002,-372,1955,-1954,1945,1980,-1955,-2025,1855,555,1420,-1905,1950,1900,-1858,-2000,1917,-58,1950,-1937,1936,1923,-1874,-2048,2005,1867,-2008,-1885,1926,1888,-1906,-2048,1848,1245,-368,-1861,1932,1842,-1672,-2041,1804,58,866,1884,-1988,-1848,434,-1327,609,254,168,187,-277,-174,-154
80.9600,-1977,1892,-218,1948,-1921,1891,1898,-1821,-2012,1956,-408,1926,-1915,1923,1933,-1893,-1983,1645,264,1850,-1788,1908,1795,-1611,-1933,1812,-280,1979,-1872,1903,1839,-1759,-2048,1978,1758,-1853,-1801,1892,1777,-1838,-2027,1764,791,1409,-1705,1888,1619,-1120,-1974,647,-2,656,1927,-1975,-1946,1624,-1025,401,208,223,256,-224,-266,7
80.9800,-1904,1766,-405,1942,-1869,1856,1804,-1594,-1943,1867,-432,1882,-1845,1880,1847,-1743,-1913,1077,-42,1964,-1438,1832,1452,-809,-1786,1455,-499,1985,-1740,1845,1626,-1316,-2013,1934,1391,-708,-1610,1832,1447,-1703,-1976,1601,353,1862,-1284,1804,1034,-436,-1744,-989,-142,514,1936,-1946,-1979,1897,-704,212,99,282,275,-158,-318,159
81.0000,-1730,1344,-526,1922,-1766,1791,1548,-931,-1787,1580,-422,1818,-1670,1791,1594,-1087,-1774,433,-353,1997,-855,1610,796,93,-1277,730,-657,1975,-1381,1722,1124,-534,-1926,1863,767,975,-1191,1704,876,-1328,-1892,1309,-31,1976,-766,1566,396,159,-502,-1788,-311,425,1926,-1891,-1987,1978,-419,49,-14,306,225,-55,-321,284
81.0200,-1190,663,-525,1889,-1505,1627,1032,-216,-1204,784,-363,1712,-1224,1474,973,-136,-1360,-107,-601,2004,-291,917,150,874,-560,-2,-669,1955,-878,1312,583,224,-1672,1698,239,1752,-754,1291,361,-802,-1670,944,-350,2010,-291,901,-182,611,975,-1965,-428,350,1901,-1790,-1980,2007,-161,-122,-75,297,140,29,-272,367
81.0400,-503,9,-418,1840,-1022,1190,503,431,-397,-47,-288,1485,-694,759,331,704,-761,-544,-740,1997,190,110,-421,1455,70,-656,-584,1922,-379,660,74,892,-757,1179,-131,1919,-345,681,-64,-318,-1016,558,-581,2015,133,179,-657,909,1730,-2022,-466,271,1851,-1490,-1960,2012,50,-265,-76,269,44,98,-188,416
81.0600,106,-561,-270,1767,-554,619,47,950,281,-738,-216,1124,-181,3,-246,1359,-197,-875,-767,1978,596,-629,-906,1688,591,-1184,-436,1871,65,0,-367,1401,292,460,-381,1968,12,97,-384,110,-245,158,-752,2008,503,-473,-1032,1098,1903,-2039,-416,197,1772,-935,-1924,2006,213,-381,-45,208,-21,113,-110,406
81.0800,627,-1026,-163,1642,-85,46,-343,1331,586,-983,59,533,398,-557,-661,1641,322,-1124,-714,1946,936,-1270,-1301,1762,745,-1297,-10,1686,386,-640,-483,1491,1299,-281,-560,1979,358,-427,-635,490,318,72,-553,1963,652,-867,-1167,909,1958,-2039,-323,138,1593,-427,-1861,1989,128,-209,235,-19,-297,302,113,111
81.1000,1818,-1907,-1798,1957,1689,-1731,-1786,1929,1939,-2002,-1983,1937,1885,-1920,-1941,2007,1767,-1913,-1882,2018,1850,-1926,-1930,1982,1953,-2027,-1999,2015,1901,-1927,-1934,2006,1927,-1789,-1860,2025,1759,-1791,-1814,1792,1913,-1928,-2035,2035,1925,-1959,-1982,1977,2030,-2048,-1805,1683,1926,-1757,-2003,2031,1903,-1940,-1969,1892,1860,-1880,-1893,1915
81.1200,2004,-2045,-2048,2018,1957,-1988,-2000,2020,1109,-927,-345,1199,1130,1024,-1671,802,1999,-2046,-2048,2031,1990,-2023,-2022,2022,1515,-924,-414,1265,1133,-1827,923,154,2028,-2031,-2048,2033,1974,-2000,-1998,1999,1801,1166,-525,1327,1343,-1580,-1611,231,2044,-2048,-2048,1956,1999,-1991,-2030,2039,1200,-1049,-561,1273,1255,-1586,-1235,1043
81.1400,33,-471,650,565,-1731,-337,684,1076,91,122,961,364,566,1781,-1402,132,-758,-327,622,597,333,-703,469,-1624,646,238,981,349,527,-1772,1800,-765,-1716,-747,583,657,371,-1132,167,359,1398,1911,943,365,774,-1313,-1173,-724,219,184,408,1763,421,-1078,-243,153,-49,235,997,217,602,-1305,-441,292
81.1600,-65,-420,953,403,-2017,-140,1009,945,-150,355,1172,157,107,1925,-958,-336,-938,-262,925,442,133,-527,789,-1936,470,451,1172,164,50,-1652,1960,-1267,-2027,-713,897,501,157,-1010,459,153,1247,2040,1124,194,296,-896,-656,-1232,78,339,726,1750,206,-940,15,-85,-236,408,1165,42,108,-870,109,-209
81.1800,-251,-224,1094,240,-2048,-34,1127,824,-27,227,1134,253,159,1938,-1006,-278,-1145,-57,1066,269,7,-427,911,-1989,579,318,1130,263,107,-1678,1976,-1212,-2048,-506,1043,321,34,-903,594,10,1374,2047,1082,291,343,-950,-722,-1169,-121,556,870,1707,83,-828,151,-230,-115,277,1125,145,158,-926,53,-139
81.2000,-338,-132,1162,192,-2048,-9,1151,798,-22,232,1125,192,100,1944,-939,-352,-1232,35,1133,230,-18,-394,930,-1997,587,333,1114,199,54,-1648,1981,-1277,-2048,-420,1101,284,13,-875,607,2,1382,2047,1083,217,286,-879,-647,-1234,-208,630,929,1687,55,-805,159,-245,-111,297,1111,74,92,-846,126,-212
81.2200,-295,-191,1116,244,-2048,-54,1107,848,-62,276,1128,216,118,1943,-969,-309,-1172,-23,1089,271,35,-438,887,-1996,541,373,1128,226,66,-1650,1981,-1236,-2048,-485,1050,322,62,-915,561,49,1331,2047,1081,256,304,-913,-688,-1198,-150,566,887,1699,103,-840,132,-193,-162,335,1120,113,119,-885,80,-175
81.2400,-276,-203,1140,196,-2048,-2,1144,796,-70,278,1121,206,131,1941,-959,-303,-1148,-48,1115,229,-12,-387,925,-2000,522,374,1123,213,76,-1650,1979,-1221,-2048,-492,1078,281,12,-862,613,-4,1314,2047,1084,247,319,-913,-677,-1178,-135,554,918,1683,54,-794,176,-244,-165,339,1113,106,129,-879,87,-172
81.2600,-276,-186,1107,219,-2048,-17,1129,799,-47,255,1118,205,128,1939,-946,-316,-1158,-32,1086,243,-4,-402,912,-1998,556,342,1115,217,66,-1641,1977,-1222,-2048,-475,1057,301,14,-877,596,9,1340,2047,1074,247,301,-891,-666,-1189,-141,568,881,1688,74,-800,155,-232,-131,301,1107,103,118,-870,95,-185
81.2800,-313,-159,1124,216,-2048,-34,1105,811,-29,243,1111,206,108,1938,-935,-325,-1178,3,1105,246,13,-405,899,-1994,559,339,1110,213,59,-1633,1977,-1233,-2048,-441,1080,303,32,-881,580,26,1344,2047,1066,243,291,-886,-655,-1194,-172,592,908,1683,81,-803,148,-213,-123,304,1102,95,109,-856,97,-192
81.3000,-296,-181,1101,213,-2048,-18,1118,796,-54,263,1117,210,121,1937,-949,-299,-1163,-19,1088,242,9,-405,898,-1993,533,360,1109,223,71,-1636,1974,-1206,-2048,-463,1054,301,33,-866,588,11,1316,2047,1070,243,302,-893,-663,-1163,-154,564,882,1676,78,-792,160,-223,-146,326,1104,103,125,-874,86,-172
81.3200,-282,-190,1121,211,-2048,-7,1120,779,-59,265,1101,200,117,1936,-934,-310,-1143,-26,1087,239,-2,-395,902,-1992,523,361,1098,207,69,-1630,1972,-1201,-2048,-472,1064,285,18,-856,591,2,1297,2047,1058,237,305,-887,-653,-1168,-143,548,894,1673,69,-791,165,-233,-151,321,1090,90,124,-859,93,-172
81.3400,-280,-180,1094,216,-2048,-21,1098,790,-45,248,1111,202,120,1933,-924,-310,-1139,-27,1071,247,8,-402,887,-1989,531,343,1097,205,65,-1621,1971,-1209,-2048,-464,1046,295,23,-859,569,25,1307,2047,1056,241,294,-870,-650,-1178,-144,560,872,1675,71,-785,149,-215,-137,305,1091,98,107,-845,97,-183
81.3600,-287,-169,1103,204,-2048,-26,1099,786,-36,246,1089,204,115,1931,-934,-300,-1146,-7,1081,233,12,-395,884,-1989,546,342,1080,216,69,-1616,1967,-1194,-2048,-448,1045,287,37,-856,569,14,1308,2047,1046,242,295,-877,-656,-1154,-162,570,880,1669,80,-785,151,-214,-132,302,1080,97,116,-861,87,-173
81.3800,-291,-172,1092,202,-2048,-17,1098,777,-54,261,1081,199,117,1931,-921,-297,-1136,-19,1066,234,-9,-389,890,-1987,527,346,1084,205,73,-1617,1967,-1189,-2048,-451,1043,286,30,-844,579,4,1284,2047,1046,234,298,-863,-652,-1148,-155,554,866,1664,71,-778,158,-225,-143,310,1084,88,117,-844,86,-169
81.4000,-280,-188,1084,204,-2048,-20,1084,769,-55,244,1078,194,116,1929,-913,-308,-1119,-26,1062,240,1,-396,877,-1987,517,346,1084,195,69,-1604,1966,-1185,-2048,-460,1037,288,25,-845,566,12,1279,2047,1037,233,292,-868,-648,-1153,-146,547,867,1663,65,-773,148,-220,-137,305,1074,93,117,-840,88,-175
81.4200,-282,-174,1081,212,-2048,-22,1079,781,-50,244,1082,197,115,1926,-915,-299,-1117,-23,1055,232,5,-387,872,-1984,514,340,1083,205,59,-1600,1963,-1182,-2048,-448,1027,282,27,-840,564,13,1272,2047,1030,231,286,-853,-640,-1142,-144,554,866,1658,75,-773,151,-209,-135,304,1068,93,107,-835,88,-179
81.4400,-282,-166,1074,200,-2048,-21,1075,764,-37,240,1068,194,117,1924,-914,-285,-1114,-10,1053,221,4,-391,877,-1983,526,336,1072,205,64,-1597,1960,-1166,-2048,-440,1014,282,27,-831,562,16,1282,2047,1026,234,293,-856,-643,-1124,-150,553,866,1650,74,-760,153,-219,-127,298,1059,91,118,-835,86,-171
81.4600,-276,-177,1065,199,-2048,-23,1069,765,-49,242,1071,187,118,1922,-901,-297,-1106,-17,1044,232,9,-385,858,-1980,517,333,1068,195,66,-1588,1959,-1157,-2048,-439,1015,279,27,-832,561,11,1262,2047,1023,221,287,-841,-629,-1123,-143,541,856,1645,72,-760,148,-208,-136,299,1051,83,112,-827,87,-167
81.4800,-267,-172,1065,196,-2048,-20,1057,759,-52,246,1060,186,114,1919,-894,-290,-1086,-31,1040,231,8,-382,857,-1980,508,337,1055,199,64,-1580,1956,-1151,-2048,-438,1010,272,28,-817,556,15,1251,2047,1011,229,288,-845,-626,-1110,-142,535,852,1641,70,-759,147,-210,-139,293,1048,89,116,-824,87,-170
81.5000,-271,-168,1055,195,-2048,-18,1055,747,-49,233,1054,189,115,1917,-887,-287,-1085,-22,1030,220,6,-374,854,-1978,507,331,1052,203,56,-1573,1954,-1146,-2048,-431,1009,269,32,-817,553,8,1246,2047,1008,219,283,-833,-624,-1110,-138,532,844,1631,63,-753,149,-208,-130,291,1038,88,111,-806,89,-169
81.5200,-281,-159,1056,191,-2048,-21,1039,739,-43,232,1045,186,122,1915,-878,-288,-1073,-15,1028,229,5,-372,841,-1976,508,321,1045,193,67,-1565,1951,-1132,-2048,-426,1001,259,23,-810,551,9,1241,2047,990,223,290,-829,-615,-1103,-143,529,837,1628,73,-743,147,-208,-121,283,1030,88,117,-809,90,-162
81.5400,-273,-160,1035,193,-2048,-19,1040,747,-42,231,1034,181,109,1913,-874,-284,-1064,-23,1021,222,6,-372,840,-1974,501,324,1034,192,65,-1552,1950,-1118,-2048,-430,993,275,28,-808,537,8,1223,2047,991,221,280,-819,-614,-1089,-142,521,836,1619,67,-737,146,-202,-127,293,1026,94,117,-800,94,-165
81.5600,-265,-167,1030,190,-2048,-21,1022,734,-44,228,1026,184,115,1910,-870,-277,-1058,-23,1013,218,7,-370,828,-1971,499,319,1020,185,65,-1548,1946,-1110,-2048,-431,985,267,26,-795,538,18,1221,2047,986,227,282,-814,-610,-1075,-134,518,835,1616,73,-738,140,-206,-136,281,1018,87,113,-794,79,-152
81.5800,-261,-168,1022,190,-2048,-20,1016,729,-39,226,1018,183,114,1906,-858,-276,-1047,-22,1000,221,4,-364,827,-1968,495,310,1011,185,63,-1537,1943,-1097,-2048,-429,975,266,24,-789,537,17,1207,2047,974,215,280,-815,-602,-1070,-136,516,815,1606,68,-726,142,-202,-129,278,1004,84,111,-789,84,-162
