time_us,sl0_chA,sl0_chB,sl0_chC,sl0_chD,sl0_chE,sl0_chF,sl0_chG,sl0_chH,sl1_chA,sl1_chB,sl1_chC,sl1_chD,sl1_chE,sl1_chF,sl1_chG,sl1_chH,sl2_chA,sl2_chB,sl2_chC,sl2_chD,sl2_chE,sl2_chF,sl2_chG,sl2_chH,sl3_chA,sl3_chB,sl3_chC,sl3_chD,sl3_chE,sl3_chF,sl3_chG,sl3_chH,sl4_chA,sl4_chB,sl4_chC,sl4_chD,sl4_chE,sl4_chF,sl4_chG,sl4_chH,sl5_chA,sl5_chB,sl5_chC,sl5_chD,sl5_chE,sl5_chF,sl5_chG,sl5_chH,sl6_chA,sl6_chB,sl6_chC,sl6_chD,sl6_chE,sl6_chF,sl6_chG,sl6_chH,sl7_chA,sl7_chB,sl7_chC,sl7_chD,sl7_chE,sl7_chF,sl7_chG,sl7_chH
0.0000,8,-8,5,9,-2,13,-1,15,9,-2,3,8,-2,14,1,15,4,-1,4,13,1,10,2,16,5,-3,3,12,-1,13,1,19,8,-3,8,16,0,10,1,15,8,-8,2,6,3,12,-3,19,8,-1,3,11,0,8,0,18,6,-1,4,8,-1,13,2,18
0.0200,3,-4,6,13,-4,13,2,17,5,-2,4,13,-1,11,2,17,7,-2,-3,11,-4,14,0,16,11,-5,5,16,-1,15,-3,16,8,-6,5,11,-1,11,0,21,6,-4,1,7,-3,9,-2,16,10,2,5,15,-1,9,-1,16,3,-2,3,12,-2,9,2,17
0.0400,3,-3,5,8,-2,14,-1,15,1,-5,4,7,-3,14,-2,19,8,-2,4,10,4,14,2,14,8,-3,7,13,-2,15,-4,17,6,-5,3,9,-4,12,-3,16,7,-3,4,11,2,13,5,17,8,-4,3,12,-3,11,-2,11,10,-5,6,12,-4,14,2,16
0.0600,2,-4,2,9,-5,15,-1,16,6,-4,2,13,0,14,0,17,9,-1,6,9,-2,13,0,18,0,-6,8,14,-7,13,0,17,7,-7,6,12,2,11,2,19,4,-4,3,10,4,11,-1,16,2,-6,3,10,2,13,-4,15,4,-2,9,12,-3,13,2,16
0.0800,6,-3,7,16,-2,10,-1,16,4,-5,3,15,2,17,-4,17,4,-4,1,12,3,13,2,14,1,-6,1,11,-1,15,2,17,3,-3,4,10,-4,12,5,18,5,-7,7,15,0,14,0,16,2,-2,6,12,1,12,0,17,6,-8,3,12,3,16,-1,20
0.1000,3,-6,2,9,-5,10,2,16,3,-2,2,8,2,12,2,17,1,-5,4,13,-3,15,4,14,4,-5,1,11,1,10,3,17,7,-3,4,14,-1,11,1,16,3,-5,2,13,-2,15,2,14,8,-6,5,16,-1,11,0,15,9,-5,3,14,2,13,1,15
0.1200,5,-3,7,8,0,10,-2,14,5,-2,2,10,-1,14,-1,19,2,-4,5,11,1,16,2,17,1,1,5,12,2,13,-4,20,10,-3,0,11,2,14,-2,19,2,-3,3,10,-1,17,-3,18,5,-9,1,12,4,12,0,12,6,-3,12,13,-4,16,0,18
0.1400,5,-3,3,15,-1,11,-3,17,3,-2,-1,9,1,12,-2,19,2,-3,3,11,-2,17,-6,17,9,0,2,11,-1,11,2,16,7,-4,4,11,-3,14,2,18,4,-1,6,8,5,14,-1,14,1,-2,4,12,-2,13,2,16,5,-5,3,13,-1,18,-1,19
0.1600,8,-1,3,12,1,15,1,21,5,-3,5,14,-4,17,-1,16,0,-8,3,11,3,18,1,17,7,2,4,10,0,13,3,19,3,-2,5,14,1,12,0,14,5,-3,4,12,-1,15,2,13,4,-2,3,13,0,13,3,19,8,-4,3,12,0,11,-2,19
0.1800,7,-6,8,9,-1,13,-2,15,9,1,4,10,-1,16,3,15,2,-7,4,13,-2,11,3,15,6,-3,5,11,0,16,1,12,2,-3,7,15,-1,19,0,20,6,-4,3,9,-2,14,2,15,8,-5,3,11,-2,16,-3,15,3,-2,3,9,0,13,2,18
0.2000,4,-6,3,15,2,13,-1,19,5,-7,7,7,-1,12,1,19,7,-7,6,16,-3,15,3,14,6,-2,3,8,0,15,1,15,3,-7,6,14,-3,15,1,15,7,-3,4,13,2,10,-3,24,1,-1,-1,13,-3,10,6,16,3,-2,6,14,-1,13,3,17
0.2200,8,-6,4,13,-3,15,0,15,6,-5,5,12,-2,15,5,15,7,-3,7,13,-1,13,1,14,1,-1,3,8,-2,12,0,19,-1,-1,4,7,1,12,-2,16,2,-4,5,13,-1,11,1,15,2,-3,6,6,-1,13,5,17,12,-6,3,10,0,12,-2,20
0.2400,5,-4,1,11,8,14,1,14,3,1,2,11,-2,17,2,15,1,-2,7,12,1,17,0,18,4,-2,9,14,3,16,-1,12,4,-6,3,11,-1,11,-1,16,6,-8,1,9,-2,14,0,13,4,-3,-2,12,3,14,0,16,7,-2,1,10,0,11,-3,13
0.2600,8,0,5,12,2,11,4,18,6,-3,5,16,2,19,1,16,7,-1,5,10,-3,10,1,18,11,-2,6,14,0,11,2,14,2,0,1,13,1,14,1,15,1,-1,3,13,-3,16,-1,14,1,-5,1,14,2,15,1,20,3,-2,6,14,2,12,-1,13
0.2800,1,2,2,10,-1,12,-1,17,4,-8,4,9,-4,11,1,16,2,-7,3,11,-1,14,0,17,1,-3,5,11,-4,12,2,18,1,-4,-3,14,0,14,-2,13,7,-2,1,10,-2,16,0,15,4,-3,1,15,0,15,0,17,5,-5,0,13,0,12,-1,13
0.3000,7,-2,5,11,1,15,-1,17,9,0,1,11,1,12,2,15,5,-4,5,10,-1,11,1,20,5,-1,7,11,0,13,4,16,8,-3,2,14,-2,14,1,16,2,-8,6,17,-2,16,4,16,3,-5,5,10,5,14,2,16,2,-3,3,9,1,13,3,17
0.3200,1,-5,0,9,-1,16,-1,15,7,-3,4,13,-1,13,4,16,3,-2,6,13,0,15,-1,14,6,0,3,14,-6,16,3,16,6,-3,5,11,3,14,-2,18,5,-6,6,8,-6,12,0,12,4,-5,2,12,1,9,4,18,5,0,4,12,0,16,-4,14
0.3400,9,-4,6,7,-2,11,1,15,7,-4,3,11,-4,13,0,13,2,-6,3,11,-1,9,-5,20,5,-3,6,11,-4,12,2,15,0,0,2,9,-3,15,-1,16,-1,-8,4,9,3,13,-3,17,8,-6,0,13,0,9,3,16,5,-1,0,13,0,14,1,14
0.3600,4,-3,6,14,0,14,4,16,5,2,2,10,2,7,2,19,6,-5,3,14,0,10,3,19,8,-2,7,6,-5,15,-1,13,3,-1,5,8,3,11,0,15,5,-6,4,8,-2,16,-2,13,4,-4,4,9,0,13,-2,14,3,-6,3,9,1,18,0,13
0.3800,2,-2,4,13,-1,15,-4,17,0,-6,4,5,0,11,0,18,6,-7,1,11,1,19,1,17,5,-4,5,8,-1,14,4,22,3,-2,10,9,1,11,-2,15,4,1,3,11,-2,12,2,15,3,3,6,9,3,18,0,17,5,-2,-3,8,-4,12,-1,18
0.4000,2,-2,3,10,-2,13,-1,16,2,-6,3,9,2,14,-2,19,2,-6,4,16,-4,14,1,17,5,-5,-2,12,2,11,2,13,2,-4,6,6,-2,12,-4,17,4,0,3,8,-2,13,2,19,3,-3,-2,7,-3,12,-1,15,6,-1,2,10,1,10,-1,15
0.4200,1,-6,5,10,-2,10,2,15,5,-5,8,12,-4,15,0,16,7,-8,3,11,-3,13,-1,17,1,-2,7,14,-3,9,2,17,7,-2,2,8,4,12,0,18,4,-2,-2,12,1,14,6,18,2,-1,6,11,-3,18,2,16,-1,0,6,15,3,14,3,17
0.4400,9,3,5,11,1,10,3,17,5,-4,1,13,-2,15,-1,17,0,-3,5,14,0,15,0,16,8,-8,2,16,-2,11,-3,17,4,1,4,11,-2,12,-1,13,6,-7,2,12,3,12,-1,16,4,-1,5,12,-1,10,2,16,4,-5,4,12,0,18,-4,13
0.4600,4,-1,4,8,0,14,0,22,9,-5,5,11,-4,14,-2,16,5,-3,1,11,-3,16,1,15,4,-2,9,13,-2,13,-1,15,3,-4,6,11,-5,17,0,15,3,-4,4,12,0,13,-2,17,2,-4,-1,12,1,14,2,17,2,-2,3,10,-1,13,4,19
0.4800,7,0,3,11,3,11,4,18,3,-4,2,9,3,11,-1,16,2,-4,3,11,-1,17,3,16,5,1,8,12,-4,11,-2,21,5,-3,3,12,1,11,-2,12,2,1,3,7,0,10,0,11,5,-3,2,13,-2,14,1,15,2,0,4,10,-2,12,4,15
0.5000,2,0,3,13,0,12,4,17,6,-4,2,11,0,9,-3,13,-1,-3,8,4,4,13,1,18,3,-8,6,13,0,11,3,16,8,-4,5,6,0,14,4,14,5,-1,4,9,1,13,2,16,5,-4,4,18,-3,9,0,17,6,0,4,13,-2,12,-1,17
0.5200,6,-2,6,15,-3,16,3,16,7,-1,3,7,1,8,-2,16,2,-2,5,8,-1,15,-4,19,6,1,1,13,0,11,-4,21,4,-5,2,13,3,10,1,16,7,-4,6,10,-3,10,-2,15,0,-4,4,11,-3,13,-3,18,4,-5,8,8,1,14,0,15
0.5400,8,-3,5,11,-4,12,-1,19,5,0,0,12,-4,14,2,19,8,-6,5,13,-1,11,1,19,7,-2,3,9,0,13,-4,14,2,-4,4,12,0,13,2,12,5,0,4,10,-1,13,4,17,8,-2,8,17,0,14,3,17,4,-6,5,15,-3,13,-1,17
0.5600,5,-4,4,15,-4,8,-1,14,6,-7,6,15,-1,13,3,12,5,-4,5,13,-1,15,3,18,-1,-6,6,8,0,12,1,19,0,0,2,6,-6,14,3,15,3,-4,4,13,2,13,-2,18,8,-2,4,12,0,11,3,18,6,4,3,13,-1,14,0,16
0.5800,8,-5,5,14,0,9,-1,13,3,-8,-1,13,-3,9,0,20,6,-2,10,12,0,14,3,15,5,-2,2,8,-1,16,1,15,6,-2,-3,8,-3,14,2,21,5,-2,3,8,-3,11,-3,13,5,-3,9,11,-2,11,0,16,0,-3,-1,13,-4,11,0,16
0.6000,4,-1,-1,7,2,13,0,20,6,-3,10,7,0,12,2,17,13,-4,3,16,-1,15,5,12,4,-6,4,8,-4,14,-1,14,2,-2,2,11,-6,13,-2,16,3,-3,9,13,-1,15,1,15,4,-8,3,11,0,15,1,17,6,-2,4,13,0,15,0,16
0.6200,2,-2,6,10,-4,13,-4,22,4,0,3,11,0,11,2,12,7,0,2,9,4,15,1,16,7,-5,3,11,-3,11,1,16,2,-9,3,12,-1,11,2,14,8,-2,5,10,0,15,1,17,5,-3,5,11,2,16,1,13,5,3,3,15,0,16,-1,16
0.6400,4,-6,4,8,-5,12,-2,13,5,-2,2,9,-1,15,-1,21,4,-1,2,11,-3,10,-2,17,5,-8,4,15,-1,12,-3,19,6,-3,1,9,0,13,0,12,8,-2,6,9,2,9,-2,16,9,-7,3,11,0,11,1,17,7,-4,4,16,-2,17,1,14
0.6600,6,-2,5,11,-2,9,-4,16,3,-2,3,12,1,13,1,16,1,-2,4,10,0,15,1,18,3,-3,2,15,0,13,0,16,6,-3,5,10,-1,17,0,17,7,-6,3,10,3,12,-4,17,6,-3,8,11,3,13,-3,18,2,-4,2,15,2,12,2,14
0.6800,3,-2,6,10,2,17,1,16,6,-3,4,14,-1,13,4,19,5,2,3,11,-1,10,5,16,4,-1,2,8,7,12,0,15,9,-6,4,11,-1,18,2,20,8,-4,3,9,1,11,-1,13,5,-3,4,10,0,13,-2,17,5,-5,6,9,5,14,6,11
0.7000,0,-4,-65,15,65,2,0,16,-19,27,96,-39,-66,117,59,-42,3,-3,-58,25,-2,8,-10,87,-21,29,92,-44,-17,39,91,-24,106,-17,-67,21,2,15,-5,18,-87,124,144,-103,0,11,3,20,8,-17,-71,87,-4,9,1,17,-23,31,85,-41,3,13,3,18
0.7200,7,-1,-39,14,49,8,2,15,2,-1,-44,16,1,-28,-4,20,-1,3,-40,17,-5,13,-10,65,5,-2,-45,16,-3,16,-56,24,81,-14,-41,12,-1,20,2,16,6,-63,-45,24,-2,13,0,15,1,-3,-53,73,-1,13,2,19,1,0,-46,15,-5,14,1,18
0.7400,3,-4,-12,17,27,9,4,23,-1,-2,-25,19,5,-28,0,21,3,-2,-11,18,2,12,-6,53,1,-4,-23,18,-4,13,-52,26,49,-7,-12,16,-3,12,0,17,17,-61,-29,28,-1,10,-3,18,0,-4,-24,54,-4,11,-3,14,1,-3,-26,18,2,14,2,15
0.7600,-1,-1,7,10,21,9,9,17,4,-5,-5,17,3,-11,2,20,4,-3,1,11,0,15,-2,35,5,-1,-2,15,2,12,-28,22,28,-8,0,14,-4,15,-4,17,6,-26,-1,18,2,11,3,18,3,-7,-2,33,1,14,-1,18,9,-4,0,15,3,7,-4,16
0.7800,2,-4,6,11,3,12,2,20,1,-6,9,17,7,5,-1,18,8,-4,10,10,0,6,-4,19,4,-2,10,16,2,10,-10,21,9,-6,10,15,0,6,-2,17,13,-15,8,19,2,15,2,14,8,-2,12,16,-2,11,-1,19,8,0,8,11,-2,14,0,14
0.8000,4,-2,9,8,-5,12,1,18,4,-5,9,13,9,14,2,14,1,-5,12,7,3,10,-4,11,8,-1,10,12,2,11,-1,17,2,-6,12,11,-6,13,3,22,12,-5,14,9,-3,13,0,15,11,-8,13,9,2,17,-2,16,6,-9,10,13,-4,14,2,16
0.8200,9,-20,221,-117,-200,105,2,15,3,-1,18,9,-4,32,3,9,-2,-3,245,-135,-35,-15,17,-42,5,-1,11,7,-2,17,11,13,-323,210,354,-251,-109,16,6,12,8,0,10,7,5,11,-3,18,-145,121,410,-333,-101,19,4,15,8,-10,12,11,-4,14,3,18
0.8400,-251,322,268,-376,-225,251,169,-165,-217,91,309,-190,-256,159,281,-279,-248,322,269,-376,-141,199,208,-153,-213,85,306,-182,-223,282,321,-319,-363,489,359,-469,-72,127,100,-111,-301,232,450,-266,-184,244,225,-209,-310,381,364,-314,-77,130,108,-116,-199,72,317,-172,-186,240,221,-206
0.8600,-244,253,283,-247,-296,252,165,-129,-211,194,287,-259,-169,238,170,-144,-241,266,281,-256,-123,130,221,-243,-202,193,287,-265,-129,132,274,-156,-480,529,425,-376,-40,68,4,-14,-345,379,410,-402,-92,66,53,12,-367,363,460,-450,-66,82,86,-62,-210,207,289,-254,-125,83,94,-52
0.8800,-167,159,226,-78,-285,244,200,-128,-177,187,258,-176,-151,273,167,-122,-170,212,225,-94,-118,82,222,-236,-166,212,260,-184,-208,149,293,-157,-451,448,375,-216,-43,64,-46,-24,-438,437,409,-287,-57,55,49,-76,-280,214,441,-440,-56,73,57,-39,-180,185,263,-152,-69,65,71,-41
0.9000,-86,94,150,46,-241,203,173,-107,-128,144,190,-31,-88,268,125,-114,-85,122,154,29,-102,28,185,-209,-106,132,194,-36,-113,122,277,-88,-355,301,286,-85,-27,39,-84,-3,-256,395,341,-127,-14,53,4,-3,-182,103,368,-378,-34,49,29,-18,-142,151,191,21,-50,77,55,-46
0.9200,-76,77,81,86,-169,162,120,-112,-78,82,114,74,-73,211,124,-94,-69,65,82,70,-105,35,149,-144,-64,74,122,70,-174,132,209,-78,-237,146,189,-10,-45,64,-54,-20,-168,295,245,-6,-60,68,38,-85,-160,72,269,-274,-45,69,48,-33,-76,61,114,137,-55,73,48,-39
0.9400,-33,32,-52,85,105,6,54,-37,-59,68,59,53,-41,147,105,-85,-40,54,-45,71,-34,-38,36,44,-41,62,60,43,-108,112,140,-38,33,-9,-31,53,-71,73,-15,-50,-41,202,146,-15,-49,64,24,-31,-38,-34,49,-59,-55,69,44,-36,-61,66,57,121,-56,74,51,-43
0.9600,-57,65,40,-82,88,-4,40,-40,72,-86,-208,228,313,-296,-153,209,-52,67,41,-90,-67,-13,-11,126,109,-100,-200,232,78,-99,-338,317,47,-95,-51,-37,-69,77,-7,-36,557,-421,-379,491,-75,82,53,-70,32,-114,-110,168,-52,73,51,-37,116,-129,-219,335,-58,79,56,-44
0.9800,-53,52,29,-188,-18,129,118,-63,-51,54,33,-174,-138,27,94,-85,-51,97,31,-198,-76,48,100,-4,-57,69,34,-184,-142,91,46,-38,-43,194,21,-222,-55,68,21,-44,-70,5,33,-200,-65,81,61,-105,-61,11,16,-17,-45,68,46,-32,-41,47,30,-124,-52,71,52,-44
1.0000,-9,12,17,-137,-27,91,33,-6,-29,32,24,-180,-32,43,42,-42,13,7,14,-147,-15,16,51,-13,-24,17,29,-179,-28,49,39,-4,-43,118,17,-164,-16,38,-6,20,-72,31,26,-214,-21,51,17,-14,-32,-8,18,-22,-26,55,32,-21,-36,42,25,-145,-45,69,50,-33
1.0200,-10,15,5,-7,-22,60,26,-2,-22,20,10,-91,-39,33,38,-26,-5,24,6,-19,-17,9,37,-2,-18,26,5,-89,-66,47,27,-12,-21,75,0,-31,-16,36,-9,13,-110,24,5,-112,-28,45,29,-50,-18,-21,1,-9,-29,50,28,-9,-24,29,10,-63,-38,53,40,-26
1.0400,-12,9,-2,76,-8,30,13,-1,-9,6,-1,31,18,28,15,4,-1,14,-10,71,-15,-4,11,7,5,-5,0,33,22,19,19,47,-3,7,-5,72,-20,37,-12,5,31,8,-7,29,-5,29,0,31,-5,-28,-7,4,-23,37,21,-6,-18,21,3,51,-28,47,32,-16
1.0600,-10,13,-9,132,1,-3,-38,-10,-19,13,-12,109,20,17,23,2,-1,-29,-6,124,-20,-4,-6,17,-7,20,-6,110,-11,35,4,28,7,-91,-17,126,-26,39,-11,2,44,1,-12,113,-36,41,28,-20,-10,-19,-18,21,-29,34,22,-9,-21,19,-14,126,-28,44,30,-12
1.0800,-34,34,-22,144,-135,113,3,-86,74,-63,-153,236,-19,77,32,-47,-31,-20,-20,140,-107,85,76,-20,53,-58,-146,235,58,23,-14,49,-70,-29,-9,46,-50,50,15,-19,161,-35,-111,178,-28,36,19,43,-129,130,137,-80,-32,42,26,-11,55,-47,-131,243,-30,40,23,-11
1.1000,12,-10,-178,217,117,-55,-44,-53,9,-7,-126,233,33,-8,47,-23,9,-63,-176,224,-62,1,-26,114,16,-7,-131,226,34,66,-27,34,239,-307,-213,253,-62,66,37,-41,264,-61,-111,213,-54,51,36,45,67,-81,-216,240,-45,47,35,-24,21,-10,-123,245,-42,42,28,-12
1.1200,26,-15,-186,81,176,-81,-62,-16,26,-26,-192,164,71,-118,20,18,21,-53,-189,90,-32,-10,-59,182,16,0,-197,157,-1,40,-158,64,331,-326,-283,160,-75,69,60,-55,306,-256,-262,218,-82,66,76,-39,116,-109,-317,353,-56,52,45,-20,51,-48,-196,182,-47,51,36,-22
1.1400,13,-7,-150,-117,206,-55,-34,7,34,-30,-176,-11,84,-155,-33,45,5,-11,-157,-109,-7,-5,-46,212,13,-27,-171,-17,75,0,-206,113,345,-204,-279,-21,-65,73,77,-53,305,-293,-308,82,-61,58,54,6,122,-107,-326,370,-52,51,45,-29,51,-44,-179,5,-43,47,39,-18
1.1600,23,-18,-106,-193,185,-34,-57,48,26,-18,-132,-167,45,-161,-38,46,30,-31,-110,-195,32,-3,-53,196,-10,-1,-135,-167,31,-4,-210,82,291,-129,-234,-110,-43,57,68,-21,167,-285,-279,-67,-54,63,58,-46,109,-94,-288,333,-41,50,45,-21,43,-29,-132,-155,-37,53,34,-17
1.1800,16,-8,-64,-203,148,20,10,52,18,-15,-89,-211,18,-136,-45,40,11,33,-63,-205,41,8,-14,157,-6,-10,-86,-217,17,-16,-178,60,207,29,-167,-132,-28,50,64,-20,57,-227,-215,-137,-29,51,43,-28,102,-75,-226,266,-31,51,32,-12,24,-17,-85,-208,-28,51,31,-16
1.2000,20,-15,-24,-140,89,33,9,69,15,-12,-44,-178,-11,-96,-45,34,26,14,-18,-145,54,6,-8,106,-6,-13,-47,-178,-2,-20,-121,38,123,69,-100,-94,-5,37,37,10,-39,-156,-146,-120,-14,40,26,-38,74,-61,-160,182,-17,42,26,-10,8,-13,-38,-175,-25,44,26,-8
1.2200,15,-14,109,-67,-88,41,22,67,12,-9,-6,-112,-32,-42,-37,31,9,22,101,-72,52,10,-4,-156,-5,-9,-12,-111,-33,-12,-66,11,-101,89,56,-38,2,25,28,11,-94,-89,-72,-78,0,33,16,-34,55,-50,-23,83,-13,33,16,-1,11,-5,-10,-121,-16,32,20,-2
1.2400,8,-21,-249,13,1072,38,6,58,6,-12,155,-31,-28,-121,-33,27,12,-1,-225,10,41,14,8,999,-4,-16,148,-29,1,-11,-98,15,623,64,-209,26,10,15,7,21,-67,153,126,-9,8,22,4,4,43,-36,-144,279,-5,29,10,8,0,-2,151,-33,-8,27,17,0
1.2600,15,-18,24,86,1178,29,-10,51,8,-9,-619,40,-20,-1098,-18,26,13,-13,23,83,35,4,1,1177,3,-15,-650,48,-4,-5,-1119,6,1170,17,21,97,7,16,3,20,-48,-1041,-687,56,4,21,1,9,34,-33,4,1135,1,22,2,16,-4,-6,-703,40,-5,21,13,5
1.2800,10,-11,-722,116,-149,13,-12,38,13,-13,-28,107,-9,-901,-21,21,9,-21,-702,113,23,1,-2,36,13,-16,-20,111,17,-8,-584,15,300,-23,-629,131,3,9,3,16,-1,-1193,4,122,5,17,-3,32,30,-24,-720,1191,-1,14,-2,13,2,-9,-9,102,-10,18,2,14
1.3000,13,-13,-1120,87,-255,-3,-30,33,12,-8,-1067,103,6,197,-12,27,9,-32,-1123,83,13,1,-13,-77,15,-8,-1068,104,26,-3,318,21,1135,-53,-1120,105,-3,11,0,13,35,-628,-1063,126,-1,13,3,32,19,-17,-1123,1206,-3,12,0,14,10,-7,-1066,109,-4,14,2,13
1.3200,3,-7,-1158,17,722,-1,-30,25,5,-3,-1146,52,9,-169,-7,32,0,-23,-1161,17,3,4,-5,1075,8,-5,-1144,51,24,6,73,28,1199,-53,-1156,35,-5,13,2,11,41,-1184,-1144,71,-1,15,8,33,12,-8,-1157,-264,-2,12,0,18,8,-4,-1145,53,-4,15,1,14
1.3400,3,-2,-760,-37,1148,10,-33,22,5,4,-1170,-10,7,-1097,-8,28,-1,-31,-779,-35,5,7,-3,1178,10,-2,-1167,-13,35,8,-1078,20,1212,-40,-820,-24,-2,17,6,9,54,-1209,-1168,6,-5,15,4,40,7,-6,-879,-701,-4,13,-1,18,10,-5,-1171,-14,-2,15,4,15
1.3600,2,0,233,-57,1181,25,-19,24,7,1,-101,-51,-12,-1161,-8,21,0,-23,230,-58,2,13,11,1201,4,-3,-112,-57,25,9,-1175,8,1210,-12,204,-48,-3,17,11,4,26,-1212,-147,-40,-1,19,3,38,2,-2,215,-1065,-4,16,0,18,5,-4,-136,-55,0,16,0,14
1.3800,8,0,813,-50,1190,38,-9,23,6,-1,512,-56,-23,-1169,0,19,2,-19,808,-52,1,12,22,1200,-2,5,505,-57,15,14,-1187,1,1206,10,786,-42,-1,13,1,6,3,-1205,483,-47,-4,18,9,35,-4,7,799,-1186,-4,15,2,17,2,1,491,-61,-1,12,-2,10
1.4000,4,3,1242,-28,172,41,-23,19,1,0,1189,-37,-28,-826,-1,17,-3,-33,1240,-31,9,17,24,76,5,4,1183,-39,18,12,-1003,-7,42,5,1250,-23,0,13,4,11,0,-1146,1166,-32,1,13,4,38,-4,9,1248,-1105,-7,17,2,17,-2,4,1169,-36,-1,17,2,10
1.4200,2,-2,1183,-6,-507,44,-33,21,1,-2,1191,-15,-35,328,1,13,-1,-44,1185,-1,4,15,28,-565,0,2,1192,-18,26,15,253,-12,-682,-9,1182,1,0,16,7,13,-3,294,1191,-9,0,14,1,56,-7,5,1182,-1088,0,16,6,13,-3,-3,1199,-17,-5,17,1,16
1.4400,1,4,1204,38,-1078,35,-41,22,0,0,1185,19,-32,851,1,17,0,-50,1205,30,2,15,21,-1144,0,5,1186,17,40,16,767,-14,-1238,-29,1205,36,0,20,3,11,11,848,1184,17,3,17,6,60,-4,9,1208,-1085,4,16,-1,15,-3,3,1192,8,1,13,-1,14
1.4600,-3,1,1266,63,-1218,29,-60,14,5,5,1232,51,-22,1244,-1,18,2,-58,1260,63,-2,15,18,-1186,3,1,1230,53,47,14,1237,-11,-1257,-51,1260,66,-2,15,6,7,34,1269,1237,47,0,14,5,66,-1,5,1260,-1134,0,13,4,16,0,-3,1234,46,1,17,-1,12
1.4800,0,-1,1297,64,-1244,20,-75,12,5,-2,1289,66,-15,1241,0,21,-5,-67,1299,65,-8,13,8,-1218,9,-7,1286,72,62,17,1234,2,-1290,-77,1299,68,-4,7,4,8,62,1275,1288,68,-3,8,6,80,7,7,1300,-1193,-5,10,0,16,5,-3,1290,63,-2,14,6,14
1.5000,4,0,1332,29,-1268,7,-86,10,6,0,1235,50,-3,1274,-2,18,0,-80,1334,34,-7,14,3,-1243,5,0,1232,50,83,18,1266,9,-1332,-94,1332,41,-6,10,7,3,79,1299,1229,52,-3,13,1,83,10,2,1333,-1232,-4,8,5,16,3,-2,1234,47,-1,11,1,14
1.5200,9,-3,1350,5,-1314,-5,-104,16,6,-5,1348,18,4,1306,3,23,-7,-80,1351,5,-6,10,-7,-1297,6,0,1348,19,93,13,1308,17,-1349,-106,1353,11,-2,10,2,4,94,1339,1347,23,-6,14,7,91,11,-4,1355,-1252,-9,8,1,23,11,-6,1351,18,3,9,-6,18
1.5400,11,-3,1329,-9,-141,-9,-134,14,3,-4,1354,-7,14,1324,6,26,-7,-89,1339,-6,0,11,-17,-1293,14,-1,1356,-7,117,7,1322,25,611,-109,1342,-7,1,11,10,4,104,991,1349,-3,-3,9,5,94,12,-4,1338,-1292,1,12,-1,17,12,-5,1351,-6,-2,10,-2,15
1.5600,10,-4,-905,-1,1084,-19,-155,16,8,-1,-75,-8,18,-521,-2,22,-10,-96,-888,1,-3,11,-28,892,4,-1,1,-9,140,14,-783,33,1133,-115,-888,5,-2,9,3,3,107,-1041,31,-1,0,11,3,108,17,-7,-886,-1295,2,8,-2,20,6,-4,-15,-12,0,9,-3,22
1.5800,7,-4,-1132,10,1176,-30,-162,16,9,-2,-1060,4,35,-1089,-2,22,-8,-102,-1135,10,0,14,-36,1157,4,0,-1049,5,154,14,-1139,41,1202,-114,-1128,11,3,11,3,3,116,-1189,-1051,12,1,5,3,113,12,-11,-1133,762,-2,9,-6,21,10,-5,-1053,4,2,8,-3,19
1.6000,6,-10,-1176,17,1186,-40,-164,21,9,-8,-1170,10,43,-1158,-1,27,-11,-109,-1178,18,2,9,-46,1197,7,1,-1166,5,158,13,-1184,47,1210,-113,-1184,19,2,5,3,2,117,-1209,-1166,20,2,9,6,111,18,-5,-1176,1140,2,10,-3,20,12,-9,-1161,10,1,8,-4,18
1.6200,7,-10,-1197,29,1185,-51,-149,23,8,-6,-1194,24,58,-1164,0,23,-14,-97,-1201,27,-2,9,-60,1200,11,-2,-1190,18,150,9,-1190,68,1210,-99,-1203,32,6,9,-1,-1,106,-1204,-1191,26,4,14,4,107,13,-13,-1203,1213,0,10,-6,19,9,-9,-1184,16,6,10,-7,24
1.6400,6,-12,-1208,46,1186,-66,-111,15,6,-9,-1207,35,73,-1169,1,22,-14,-71,-1205,48,-3,7,-72,1193,16,2,-1207,38,133,15,-1187,74,1205,-80,-1209,47,9,8,-1,-5,93,-1210,-1207,42,3,11,3,94,13,-9,-1205,1219,4,5,-2,22,13,-8,-1203,34,4,10,0,17
1.6600,13,-11,-1129,59,1173,-77,-55,11,5,-10,-1156,50,81,-1165,8,24,-16,-30,-1128,58,-5,13,-77,1210,15,3,-1157,53,88,20,-1190,80,1223,-50,-1133,63,7,3,-1,-1,66,-1207,-1166,53,3,4,9,62,13,-11,-1145,1222,8,12,-1,17,17,-14,-1163,52,2,6,-5,25
1.6800,16,-11,-1010,57,110,-88,20,7,12,-10,-1081,62,96,-579,11,23,-12,11,-1013,60,-7,10,-84,218,13,1,-1079,60,21,24,-587,94,234,-15,-1014,59,9,5,-2,-2,32,-1024,-1083,67,9,7,7,28,13,-9,-1033,933,6,9,-4,22,8,-10,-1083,59,5,7,-4,17
1.7000,9,-8,-812,40,-298,-90,98,1,13,-14,-927,50,101,179,17,22,-14,58,-819,43,-17,6,-93,-238,16,10,-927,53,-58,27,173,97,-239,21,-821,42,8,4,-2,3,-3,-72,-930,49,6,7,16,-18,11,-10,-839,-41,4,8,-5,15,5,-8,-932,44,1,10,-4,20
1.7200,8,-7,-545,15,-518,-86,174,-2,12,-11,-686,30,97,432,20,23,-2,99,-549,17,-24,6,-92,-456,11,15,-684,34,-137,36,429,105,-453,53,-544,19,4,5,-6,6,-37,290,-689,28,7,6,21,-65,9,-7,-563,-376,10,5,-4,22,9,-11,-697,27,7,7,-4,20
1.7400,11,-8,-272,1,-1047,-77,249,-7,13,-7,-402,9,100,714,23,21,4,139,-275,-2,-28,6,-88,-831,10,17,-408,9,-207,36,704,104,-714,94,-272,1,7,4,-5,13,-69,507,-405,8,10,9,25,-108,8,-4,-270,-1001,5,7,-2,22,7,-7,-412,4,5,4,-4,21
1.7600,9,-10,-46,-13,-1213,-64,297,-6,20,-5,-162,-8,84,1214,25,28,14,177,-57,-12,-25,9,-82,-1177,13,18,-159,-5,-269,34,1200,104,-1210,129,-54,-10,4,3,-6,32,-105,929,-164,-4,0,7,23,-143,8,-9,-42,-1212,10,9,-7,25,11,-9,-163,-12,9,8,-7,23
1.7800,10,-5,168,-21,-1197,-43,319,-2,16,-10,56,-15,63,1234,19,28,36,196,172,-22,-20,13,-69,-1179,16,18,57,-13,-308,35,1226,88,-1240,148,163,-21,7,4,-6,50,-136,1239,52,-12,2,5,19,-169,11,-3,190,-1241,3,7,-5,23,9,-10,48,-20,9,8,-3,20
1.8000,7,-4,405,-30,-1049,-7,323,5,8,-7,289,-24,41,1214,16,26,56,193,405,-28,-9,6,-50,-1066,11,18,285,-27,-321,29,1117,74,-1149,170,398,-27,7,8,-3,71,-159,1243,283,-28,3,8,11,-176,9,-7,426,-1202,3,7,-7,26,7,-7,281,-27,6,5,-6,26
1.8200,17,-4,598,-21,-1009,27,313,22,10,-9,508,-29,6,1116,2,20,72,203,601,-19,0,10,-20,-1032,9,0,508,-27,-320,19,1028,52,-1135,189,588,-26,7,4,-2,83,-179,1173,502,-26,3,10,5,-178,9,-10,627,-903,9,12,-4,23,9,-9,505,-29,7,10,-8,27
1.8400,6,1,761,-5,-1041,65,280,37,7,-9,678,-14,-31,1100,-9,21,93,189,759,-1,17,9,15,-1071,7,-9,674,-15,-293,3,1031,18,-1130,203,743,-5,3,8,-6,100,-203,1148,664,-13,-1,10,-5,-177,9,-7,766,-475,2,7,-6,24,13,-8,673,-22,4,9,-1,20
1.8600,8,4,920,22,-1142,102,239,57,11,-11,841,10,-70,1149,-28,19,100,181,922,21,33,10,50,-1154,4,-24,837,4,-262,-12,1106,-15,-1198,210,914,17,6,7,-2,108,-209,1152,822,8,-7,10,-19,-164,10,-6,911,-207,2,11,-6,22,9,-6,834,1,3,7,-9,19
1.8800,12,5,1061,36,-1222,141,202,77,14,-8,1003,27,-109,1230,-51,17,103,176,1062,35,60,13,84,-1196,4,-39,1003,25,-220,-33,1211,-51,-1260,212,1060,35,8,5,4,118,-211,1229,984,25,-7,1,-33,-153,9,-8,1040,-129,5,8,-5,22,6,-8,993,27,2,3,-1,25
1.9000,9,8,1136,58,-1223,170,157,94,14,-7,1107,44,-139,1229,-71,19,103,159,1134,50,76,15,124,-1203,4,-57,1109,45,-179,-57,1227,-91,-1255,205,1131,52,5,11,1,114,-218,1258,1101,46,-8,8,-52,-144,11,-5,1093,-199,5,9,0,19,8,-8,1109,45,6,8,-5,24
1.9200,9,12,1097,72,-1226,188,103,119,9,-7,1136,61,-168,1234,-88,18,97,141,1102,67,94,16,151,-1198,3,-74,1138,61,-131,-76,1229,-120,-1253,187,1097,67,2,4,7,104,-200,1262,1127,65,-15,7,-69,-130,4,-5,1049,-371,3,12,-5,17,4,-4,1137,62,6,11,1,23
1.9400,6,15,893,85,-1226,195,52,127,9,-8,1021,80,-183,1230,-107,19,76,108,902,80,102,15,162,-1201,3,-86,1025,81,-77,-91,1233,-142,-1257,150,901,84,-2,11,11,88,-171,1258,1026,78,-19,8,-89,-101,10,-3,841,-595,0,12,-4,20,6,-7,1033,74,0,8,-3,24
1.9600,8,18,524,90,-1214,187,-13,125,9,-9,724,84,-179,1227,-122,15,56,69,522,88,112,15,160,-1186,-5,-98,731,86,-21,-103,1224,-145,-1249,104,534,83,4,10,13,65,-135,1258,735,85,-18,4,-91,-70,6,-1,472,-794,0,7,0,20,8,-5,744,88,4,10,-8,25
1.9800,7,22,56,76,-1194,161,-78,129,10,-6,301,84,-165,1212,-118,12,29,14,64,78,108,20,142,-1165,-9,-103,306,88,44,-107,1207,-140,-1222,38,80,79,1,10,14,38,-75,1250,321,87,-18,10,-96,-26,11,-4,29,-910,5,8,-2,19,11,-9,318,83,8,8,-4,23
2.0000,9,17,-395,63,-950,125,-146,117,12,-5,-171,72,-136,1037,-114,9,6,-44,-390,63,102,22,119,-906,-11,-101,-162,70,112,-99,1152,-116,-991,-16,-373,58,1,11,17,9,-11,1208,-155,71,-16,6,-98,30,9,-4,-403,-904,-1,8,-3,22,5,-7,-150,72,4,9,-3,19
2.0200,10,11,-769,32,-616,82,-195,102,4,-7,-592,47,-97,730,-96,12,-28,-83,-766,36,78,23,82,-578,-8,-94,-581,49,171,-82,827,-83,-698,-72,-751,36,0,12,21,-20,42,920,-569,49,-15,7,-90,81,4,-1,-758,-770,1,12,-2,22,6,-5,-579,51,4,7,-5,24
2.0400,9,3,-1029,4,-261,35,-228,71,11,-6,-913,25,-45,377,-73,3,-60,-122,-1022,9,54,30,37,-236,-13,-77,-908,24,210,-62,468,-46,-392,-117,-1020,12,0,9,17,-49,94,602,-894,25,-8,11,-79,123,6,-3,-989,-545,3,14,-1,27,8,-7,-904,27,4,9,-1,18
2.0600,5,-14,-1132,-24,54,-20,-410,35,7,-6,-1097,-10,10,67,-40,1,-85,-149,-1129,-22,18,31,-14,69,-12,-57,-1092,-6,230,-23,120,-2,-133,-151,-1121,-33,2,10,33,-77,135,291,-1085,-9,3,12,-65,154,3,-3,-1080,-283,3,12,-8,18,5,-5,-1089,-7,3,9,-5,18
2.0800,5,-25,-1089,-139,303,-68,-621,-12,11,-7,-1134,-47,52,-197,35,-2,-116,-158,-1091,-119,-20,33,-147,299,-13,-33,-1128,-51,222,15,-173,46,50,-161,-1088,-117,0,10,54,-141,162,46,-1125,-51,8,11,-78,174,11,-2,-1030,-51,2,10,3,18,11,-11,-1128,-42,6,11,-1,22
2.1000,5,-36,-911,-283,462,-195,-406,-211,7,-1,-1017,-279,104,-380,177,-17,-128,-154,-909,-288,-61,41,-244,441,-6,-7,-1022,-277,194,65,-391,139,165,-172,-914,-287,-5,9,18,-449,172,-128,-1021,-280,25,10,32,313,11,-4,-829,117,1,6,4,18,8,-10,-1025,-242,4,8,1,23
2.1200,-1,-49,-611,-270,530,-470,-293,-301,9,-5,-770,-285,140,-483,302,-48,-144,-141,-611,-272,-102,73,-323,518,1,25,-776,-278,151,293,-519,319,209,-175,-618,-276,-7,14,-4,-403,175,-225,-779,-283,41,18,123,423,6,-5,-524,196,5,17,-4,13,10,-7,-784,-290,2,12,-2,11
2.1400,-4,-65,-277,-274,528,-478,-208,-384,6,-9,-443,-267,164,-498,405,-25,-148,-135,-277,-266,-140,47,-383,517,9,60,-443,-263,102,431,-564,363,205,-185,-278,-263,-10,11,-30,-390,185,-241,-451,-268,54,23,198,337,9,-6,-190,208,2,11,-1,13,5,-7,-454,-269,3,15,4,18
2.1600,2,-83,24,-254,493,-509,-165,-464,6,-1,-116,-263,185,-475,499,-9,-142,-125,25,-255,-165,32,-427,496,26,85,-116,-262,55,490,-557,406,204,-191,16,-255,-10,8,-62,-398,186,-236,-131,-262,66,24,264,312,8,-4,97,187,-2,11,4,13,9,-11,-126,-263,4,11,2,15
2.1800,-3,-91,265,-230,443,-531,-147,-524,8,0,152,-251,199,-436,577,8,-132,-123,263,-230,-237,10,-455,477,36,108,150,-245,28,562,-530,448,215,-199,262,-228,-12,13,-98,-386,200,-235,138,-242,84,25,331,337,8,-3,329,170,5,12,3,13,8,-8,145,-244,1,12,3,16
2.2000,-5,-94,436,-180,416,-530,-148,-560,9,3,363,-207,405,-415,628,24,-109,-130,438,-178,-648,-15,-455,475,49,128,362,-207,38,616,-492,461,259,-205,436,-175,-56,12,-134,-358,207,-251,348,-206,203,37,384,383,8,-2,485,182,-2,13,0,18,3,-3,357,-206,2,12,-1,20
2.2200,-12,-129,534,-105,421,-498,-166,-569,8,0,498,-144,502,-421,648,57,-88,-182,532,-105,-512,-44,-426,505,61,146,500,-142,54,640,-482,448,345,-284,527,-110,-43,12,-173,-301,203,-312,485,-143,258,41,425,410,11,-5,558,251,2,18,-1,18,11,-2,493,-148,1,14,0,17
2.2400,-12,-258,526,-13,468,-444,-194,-545,10,21,540,-61,361,-473,633,94,-50,-375,528,-16,-441,-87,-371,567,72,416,543,-57,86,629,-514,406,471,-551,525,-21,-43,13,-206,-221,200,-423,542,-67,221,46,444,415,7,-5,526,359,0,16,2,14,5,-4,542,-63,5,12,2,17
2.2600,-6,-189,450,79,520,-360,-207,-484,9,31,495,31,289,-537,588,131,-20,-278,451,75,-399,-122,-307,625,80,373,499,29,126,588,-555,351,571,-385,447,70,-40,15,-231,-129,181,-543,493,30,209,52,449,408,5,-5,419,485,0,12,5,13,6,2,499,27,0,13,6,16
2.2800,-5,-149,338,175,574,-264,-212,-409,3,31,397,131,221,-589,514,169,20,-218,335,178,-340,-158,-226,662,85,306,400,123,150,516,-595,274,653,-304,338,165,-35,16,-246,-36,157,-642,396,122,192,57,435,366,8,-4,271,591,3,13,2,9,9,-8,394,123,4,13,0,19
2.3000,-5,-111,224,264,613,-169,-201,-313,4,34,278,228,153,-631,412,208,57,-167,220,266,-266,-187,-137,668,90,290,282,223,151,418,-624,192,706,-240,223,260,-29,11,-243,65,116,-725,280,227,159,61,402,297,8,-6,124,658,0,13,-1,13,7,-7,281,218,4,11,3,21
2.3200,10,-73,130,315,603,-77,-176,-204,2,36,175,298,75,-628,301,232,100,-110,130,315,-170,-217,-60,629,85,256,177,295,142,305,-626,113,696,-169,130,310,-7,16,-236,160,78,-762,176,296,118,59,351,227,10,-6,15,662,-3,10,-3,14,11,-4,178,304,5,16,4,19
2.3400,24,-12,58,312,536,9,-150,-90,6,32,89,323,-7,-567,178,255,330,-38,56,308,-62,-228,11,525,116,210,92,321,117,184,-571,39,625,-75,53,311,10,15,-217,243,46,-722,89,322,57,56,288,146,8,-10,-64,591,2,16,1,13,12,-2,96,326,2,17,3,18
2.3600,47,44,3,263,428,72,-137,10,-1,32,29,291,-80,-452,60,258,379,23,2,259,46,-229,60,382,169,155,29,290,88,66,-472,-16,518,1,5,259,30,16,-181,313,-42,-630,30,294,-8,46,217,67,8,1,-106,480,3,11,2,16,13,-2,34,297,-4,14,3,17
2.3800,72,110,-25,176,275,122,-129,111,2,17,-11,221,-141,-303,-62,245,387,70,-22,181,150,-215,91,219,96,94,-17,216,74,-54,-336,-67,370,82,-25,180,62,18,-138,365,-134,-501,-17,220,-76,34,141,6,8,-5,-106,349,3,13,1,21,4,-2,-13,226,2,9,-2,15
2.4000,99,168,-12,90,111,165,-122,201,-3,3,-22,134,-192,-141,-167,226,429,111,-18,95,239,-185,122,42,58,26,-27,137,71,-160,-166,-96,207,151,-19,95,88,25,-90,407,-191,-333,-21,134,-138,25,73,-34,11,-7,-59,217,-1,16,3,19,3,-6,-24,143,3,14,-2,19
2.4200,125,222,-2,18,-49,195,-128,278,-2,-14,-5,53,-227,33,-259,195,458,128,-8,20,314,-146,145,-117,10,-47,-8,52,81,-251,-2,-121,54,212,-6,21,116,26,-32,436,-240,-159,-10,51,-204,9,3,-64,8,-8,-9,112,2,16,1,20,7,-8,-12,57,-1,13,0,18
2.4400,145,273,-33,-34,-190,216,-133,333,-5,-35,-10,-9,-253,178,-335,145,478,135,-29,-30,373,-94,162,-245,-34,-107,-11,-13,91,-324,155,-134,-75,259,-26,-33,141,28,31,442,-296,0,-11,-11,-253,-13,-67,-73,11,0,-4,39,-1,15,4,20,9,-5,-7,-11,4,13,4,12
2.4600,162,310,-89,-62,-295,236,-122,379,-9,-57,-54,-50,-270,284,-398,95,482,147,-87,-59,411,-39,180,-348,-86,-167,-58,-43,95,-385,354,-149,-173,304,-89,-59,159,37,85,447,-329,133,-55,-47,-294,-44,-127,-76,4,-5,-46,-47,1,9,3,21,9,-6,-56,-49,3,11,-1,13
2.4800,177,330,-157,-68,-363,255,-93,412,-14,-85,-124,-65,-286,365,-447,36,469,152,-155,-68,440,20,197,-946,-136,-214,-123,-69,86,-435,1098,-165,-251,337,-154,-67,173,35,137,439,-374,235,-120,-64,-326,-65,-184,-88,9,-8,-112,-181,3,8,-3,22,6,-9,-118,-65,2,11,1,16
2.5000,187,336,-270,-69,-401,270,-59,428,-15,-101,-194,-71,-292,489,-477,-18,442,155,-264,-76,450,77,207,-1138,-186,-258,-194,-74,54,-463,1052,-180,-295,361,-266,-68,172,41,183,416,-399,313,-193,-69,-345,-88,-227,-106,9,-3,-178,-144,5,8,1,14,12,-9,-188,-72,1,11,2,17
2.5200,182,334,-681,-70,-399,282,-4,436,-21,-123,-475,-69,-292,1163,-496,-82,408,158,-682,-72,447,129,213,-915,-228,-284,-464,-69,17,-481,1041,-192,-314,371,-674,-68,179,42,226,385,-417,356,-521,-70,-346,-114,-270,-113,15,-9,-492,-148,5,13,0,18,8,-6,-361,-71,2,9,0,19
2.5400,176,328,-590,-62,-373,291,42,429,-22,-144,-625,-70,-294,935,-494,-134,363,161,-591,-61,436,180,216,-885,-266,-315,-631,-67,-31,-484,1038,-196,-307,371,-586,-66,166,46,263,350,-428,378,-624,-63,-342,-130,-301,-120,9,-11,-497,-173,5,14,-4,19,9,-7,-659,-68,-1,13,-1,19
2.5600,152,300,-528,-51,-396,290,98,413,-24,-149,-554,-60,-298,832,-491,-175,324,160,-534,-49,417,221,220,-831,-287,-324,-560,-55,-85,-475,1005,-201,-293,364,-535,-43,145,48,276,308,-424,378,-555,-51,-323,-140,-318,-129,11,-8,-425,-216,1,10,-4,17,10,-3,-556,-55,1,9,0,20
2.5800,128,273,-432,-26,-908,280,134,385,-26,-155,-493,-35,-295,817,-474,-208,274,155,-433,-29,396,255,213,-775,-308,-331,-496,-39,-131,-453,952,-196,-272,348,-436,-25,121,46,294,256,-404,372,-498,-38,-298,-143,-334,-130,11,-14,-341,-243,0,10,-1,19,7,-4,-485,-40,3,12,-2,14
2.6000,101,242,-283,-7,-582,275,166,362,-26,-156,-361,-10,-286,757,-440,-236,216,147,-288,-1,367,271,196,-662,-308,-330,-364,-18,-169,-431,865,-184,-229,321,-295,2,90,45,296,202,-380,343,-368,-14,-269,-144,-335,-128,13,-4,-211,-252,0,15,2,15,8,-5,-361,-11,-2,15,5,18
2.6200,70,210,-155,19,-383,261,181,329,-20,-147,-211,7,-273,659,-403,-251,166,137,-154,18,325,285,182,-525,-306,-324,-216,12,-189,-390,733,-172,-191,298,-155,17,58,38,292,155,-347,341,-217,9,-231,-135,-325,-112,12,-6,-96,-246,-2,12,-1,19,7,-9,-212,12,2,13,3,18
2.6400,33,169,-104,33,-302,232,188,286,-12,-131,-116,27,-254,551,-358,-258,120,125,-102,35,286,282,151,-392,-292,-315,-116,23,-201,-342,603,-147,-155,275,-105,34,21,27,284,100,-321,692,-115,28,-197,-119,-315,-99,8,-8,-71,-224,-2,15,-1,14,8,-5,-117,25,-1,13,4,19
2.6600,-7,135,-152,44,-210,205,192,240,-2,-114,-120,45,-226,421,-305,-257,68,119,-150,46,249,274,121,-250,-277,-301,-114,42,-207,-291,472,-120,-124,258,-149,48,-23,17,267,52,-292,447,-117,43,-154,-90,-299,-93,9,-3,-139,-220,2,12,-2,16,9,-7,-117,39,5,14,1,15
2.6800,-42,96,-268,49,-82,165,187,185,15,-85,-210,49,-189,271,-235,-239,28,108,-269,46,189,262,81,-107,-252,-280,-201,43,-209,-227,339,-84,-81,231,-258,50,-56,-2,237,3,-265,299,-197,47,-110,-70,-275,-80,5,-7,-265,-224,-3,11,0,19,10,-3,-191,51,-2,13,-2,17
2.7000,-73,55,-419,26,37,120,175,135,26,-59,-339,43,-151,127,-179,-230,-14,101,-416,30,138,243,44,26,-232,-253,-333,44,-196,-163,202,-42,-43,210,-408,31,-88,-20,208,-37,-247,234,-334,41,-69,-44,-236,-70,3,-7,-409,-237,4,11,5,16,4,-2,-333,43,-1,9,-4,19
2.7200,-103,17,-570,3,174,68,162,77,39,-20,-495,21,-102,-6,-103,-203,-54,90,-570,2,77,220,-4,136,-207,-220,-489,19,-189,-95,85,-5,109,194,-568,3,-117,-37,184,-79,-224,164,-484,24,-27,-7,-201,-61,2,-5,-556,-267,0,15,-1,18,5,-3,-484,19,-2,14,-1,18
2.7400,-123,-27,-688,-28,305,21,142,17,60,3,-636,-7,-51,-133,-25,-175,-97,76,-693,-27,16,190,-46,249,-168,-185,-634,-9,-164,-15,-31,39,223,167,-688,-23,-147,-51,142,-126,-199,60,-630,-9,13,26,-170,-51,4,-6,-660,-272,-1,14,2,18,6,-5,-627,-9,-2,12,4,16
2.7600,-142,-64,-760,-55,427,-27,111,-37,73,39,-734,-40,2,-242,43,-151,-139,52,-760,-56,-42,170,-84,338,-137,-147,-735,-38,-140,54,-148,82,324,141,-759,-56,-166,-70,106,-163,-170,-71,-727,-33,61,61,-123,-30,2,-2,-699,-246,0,13,8,19,5,-5,-727,-39,0,12,-3,16
2.7800,-161,-100,-750,-80,493,-64,75,-93,87,67,-767,-68,43,-319,111,-127,-184,25,-755,-74,-93,142,-109,398,-101,-105,-768,-65,-103,121,-247,111,412,109,-748,-79,-179,-79,64,-201,-144,-184,-764,-64,96,88,-89,-6,0,-9,-663,-195,-2,15,4,18,5,-3,-765,-63,-3,13,2,18
2.8000,-167,-138,-653,-96,518,-100,38,-136,98,94,-713,-90,85,-361,177,-97,-216,3,-651,-99,-140,109,-131,429,-66,-63,-709,-91,-66,184,-299,138,469,72,-654,-96,-182,-91,25,-237,-111,-276,-719,-89,133,114,-41,21,5,-5,-541,-141,3,14,-8,16,4,-3,-716,-85,-2,11,0,16
2.8200,-168,-170,-503,-105,508,-123,0,-179,109,112,-583,-103,114,-377,237,-70,-250,-28,-507,-103,-184,82,-141,432,-28,-24,-582,-106,-29,242,-329,156,506,32,-501,-104,-189,-101,-20,-264,-72,-362,-585,-99,166,136,-2,42,5,-4,-371,-77,4,12,2,20,5,-7,-585,-99,-5,15,-3,13
2.8400,-171,-200,-345,-85,446,-134,-43,-207,117,130,-420,-100,137,-357,286,-42,-282,-60,-352,-88,-220,54,-146,402,19,14,-427,-98,14,292,-329,160,497,-4,-350,-87,-189,-101,-63,-299,-34,-415,-429,-97,200,153,34,75,8,-8,-226,9,0,13,2,14,5,1,-429,-97,-6,14,-1,15
2.8600,-162,-225,-231,-48,348,-139,-72,-240,108,142,-285,-68,145,-298,322,-12,-300,-87,-233,-47,-245,21,-140,328,58,53,-284,-73,49,335,-279,163,443,-47,-231,-48,-188,-98,-109,-318,6,-414,-287,-69,228,166,73,113,8,-3,-128,70,0,17,4,14,5,-6,-294,-68,0,16,1,18
2.8800,-162,-242,-155,-7,231,-150,-107,-255,108,146,-188,-25,151,-220,359,20,-313,-109,-151,-6,-266,-10,-140,246,96,81,-188,-33,82,366,-203,152,362,-90,-155,-10,-178,-88,-151,-326,54,-392,-189,-24,256,171,105,130,3,-8,-95,92,2,15,0,11,5,-4,-190,-29,-2,14,-3,14
2.9000,-150,-260,-102,29,127,-146,-128,-271,98,151,-128,11,156,-128,382,53,-317,-132,-105,28,-282,-45,-130,151,136,112,-127,11,106,391,-121,147,259,-138,-109,26,-165,-79,-181,-337,104,-338,-123,11,270,177,140,152,4,-4,-97,100,-4,10,-5,15,2,-4,-126,15,1,16,5,16
2.9200,-141,-272,-63,46,20,-150,-148,-279,84,154,-84,45,161,-37,393,85,-320,-146,-61,49,-288,-77,-126,61,181,142,-84,39,131,401,-31,146,148,-180,-65,44,-159,-60,-218,-332,150,-267,-87,36,285,176,167,173,7,-4,-95,73,1,11,-1,20,7,-3,-83,41,-4,17,2,18
2.9400,-129,-284,-17,55,-67,-152,-156,-284,69,150,-43,51,164,49,396,119,-312,-154,-19,50,-291,-111,-123,-22,210,161,-44,55,145,406,44,138,41,-226,-27,54,-139,-44,-251,-321,194,-189,-50,54,285,179,186,180,7,-6,-76,24,5,14,0,16,4,-2,-47,57,-2,17,-3,13
2.9600,-109,-280,60,50,-131,-148,-159,-281,49,145,12,50,163,117,398,155,-294,-155,58,48,-291,-141,-121,-91,237,182,12,49,147,401,108,137,-70,-262,52,47,-126,-25,-272,-306,240,-98,14,51,293,170,211,183,5,-4,-15,-35,-2,16,0,16,8,-8,11,55,2,10,2,18
2.9800,-97,-270,183,38,-173,-151,-159,-280,31,138,107,40,167,175,382,189,-272,-154,180,30,-290,-177,-122,-144,257,197,111,43,156,396,152,139,-166,-300,173,30,-101,2,-284,-275,276,-18,108,45,289,166,225,186,7,-6,117,-88,-2,13,-2,15,2,-4,109,45,2,12,2,16
3.0000,-77,-261,355,19,-204,-150,-153,-260,8,133,258,23,163,213,364,213,-245,-146,356,23,-280,-201,-114,-183,273,207,263,23,158,375,177,133,-251,-326,344,17,-79,20,-297,-250,309,51,253,27,276,153,234,178,6,-8,295,-120,-1,14,0,17,7,-6,256,27,-4,13,2,19
3.0200,-52,-237,544,13,-222,-142,-149,-242,-8,120,445,12,166,238,336,236,-210,-139,538,13,-260,-227,-112,-212,270,214,446,17,151,346,189,130,-319,-344,528,13,-57,41,-297,-209,336,113,439,11,265,145,238,170,8,-6,500,-135,0,13,4,12,8,-4,446,16,3,14,-1,18
3.0400,-30,-215,694,14,-226,-137,-132,-224,-27,108,624,12,154,254,299,254,-172,-125,686,14,-241,-239,-103,-225,268,214,624,12,139,312,196,121,-382,-352,683,18,-33,61,-283,-168,348,169,615,13,231,134,231,150,7,-9,655,-121,-1,10,-1,14,5,-1,618,14,-2,18,4,20
3.0600,-5,-186,759,27,-227,-124,-117,-195,-45,93,740,20,150,260,264,269,-134,-101,758,24,-212,-248,-99,-230,262,206,731,17,126,273,191,122,-425,-350,754,29,-11,81,-268,-122,349,199,730,22,206,115,229,136,2,-8,731,-95,-5,12,-1,20,3,2,733,25,-2,13,-1,14
3.0800,20,-152,739,34,-226,-116,-91,-169,-64,85,756,26,137,256,223,277,-90,-76,740,30,-185,-250,-92,-235,241,200,762,31,106,234,189,115,-465,-339,738,34,17,94,-245,-76,343,235,756,32,170,99,212,110,3,-6,708,-75,-3,14,-1,12,4,-3,764,31,-2,13,2,18
3.1000,47,-120,664,42,-231,-103,-62,-141,-78,67,707,40,129,263,176,275,-44,-48,661,38,-159,-242,-82,-242,214,186,709,40,80,192,199,105,-493,-310,662,42,47,101,-212,-32,325,271,706,36,136,83,204,82,4,-7,626,-68,-1,15,0,16,6,-7,708,36,6,12,2,19
3.1200,70,-84,548,40,-235,-87,-26,-114,-85,49,613,41,113,259,141,264,-1,-14,551,37,-123,-225,-83,-234,192,168,609,44,46,151,197,96,-503,-272,550,37,76,113,-178,14,295,291,610,40,95,62,184,45,5,-7,511,-76,0,16,2,19,6,-3,616,45,-1,11,0,18
3.1400,96,-47,423,44,-218,-73,5,-80,-88,24,490,41,94,249,93,241,37,16,427,43,-99,-202,-66,-228,163,154,494,39,11,104,193,89,-487,-232,426,42,102,118,-146,55,250,297,491,42,58,41,164,11,5,-4,383,-87,0,17,-1,18,10,-6,493,43,0,15,-1,16
3.1600,115,-16,317,39,-199,-53,41,-50,-90,2,371,42,77,230,55,221,80,44,318,37,-66,-174,-51,-206,124,137,370,39,-25,67,180,75,-457,-183,319,40,121,123,-103,98,210,290,372,39,16,17,145,-18,-1,-3,281,-100,2,16,-1,15,2,-9,376,38,-2,8,-1,21
3.1800,140,24,243,38,-167,-29,73,-24,-92,-19,276,36,52,203,20,191,110,73,248,38,-36,-146,-33,-181,93,112,278,38,-53,28,164,59,-400,-129,248,33,138,114,-68,131,157,271,276,42,-18,-8,121,-54,8,-8,216,-103,-1,15,-1,18,7,-7,276,42,1,10,-1,14
3.2000,152,56,217,36,-122,-4,92,5,-97,-40,226,32,25,153,-23,158,140,92,221,37,-5,-113,-15,-133,57,90,225,32,-78,-11,135,47,-323,-74,212,34,159,120,-34,161,102,219,230,40,-56,-30,97,-75,9,-10,187,-106,-4,16,1,16,4,-5,228,37,1,16,3,18
3.2200,163,81,194,35,-74,26,108,38,-97,-61,206,36,1,99,-64,123,174,114,194,37,26,-79,4,-88,22,76,207,34,-103,-48,93,27,-238,-20,192,38,168,120,7,187,51,151,206,35,-88,-51,80,-94,6,-8,167,-77,-3,7,4,20,5,-4,208,39,0,16,1,12
3.2400,166,111,143,32,-9,52,124,70,-92,-82,178,34,-26,35,-93,89,196,124,149,36,53,-44,16,-37,-11,53,177,38,-117,-81,40,8,-135,22,146,34,174,112,37,214,-4,80,172,36,-107,-72,56,-104,5,-4,129,-47,-5,12,0,16,9,-5,179,39,0,9,2,16
3.2600,168,121,51,36,56,69,131,88,-86,-108,104,38,-49,-28,-122,56,211,124,59,34,76,-15,27,19,-42,34,102,32,-128,-106,-10,-1,-36,68,56,36,176,106,67,232,-46,-2,107,40,-134,-98,31,-113,9,-5,49,-8,-3,14,-3,19,5,-5,105,36,-3,10,-4,13
3.2800,161,140,-64,35,119,80,131,110,-78,-119,0,36,-68,-91,-141,24,224,126,-62,33,95,21,35,72,-68,12,-3,37,-133,-127,-60,-10,65,100,-55,32,167,103,92,242,-89,-93,1,37,-151,-113,14,-116,4,-7,-69,21,0,12,-1,20,7,-8,2,31,-3,14,2,16
3.3000,158,146,-188,26,180,91,121,136,-75,-131,-126,32,-76,-145,-165,-6,231,114,-190,27,120,46,39,104,-88,-7,-125,30,-128,-147,-112,-18,158,126,-185,29,156,90,114,251,-121,-171,-120,32,-159,-126,-7,-105,5,-8,-187,47,3,13,-4,15,7,-6,-120,29,-4,15,-1,16
3.3200,139,151,-315,9,217,99,109,149,-65,-139,-253,22,-89,-184,-176,-31,237,97,-308,17,132,67,41,140,-107,-18,-255,18,-122,-162,-149,-25,233,144,-302,15,135,86,126,249,-141,-249,-241,23,-168,-133,-23,-93,4,-1,-308,61,-1,12,6,18,6,-4,-244,21,-2,13,1,12
3.3400,118,150,-419,3,257,101,95,154,-59,-148,-370,13,-83,-212,-182,-50,232,80,-412,2,144,85,48,160,-122,-35,-364,6,-99,-170,-177,-26,303,156,-407,5,120,76,136,248,-154,-305,-364,13,-168,-137,-35,-76,7,-5,-400,68,-2,12,2,19,4,-5,-361,12,-1,11,-1,13
3.3600,101,144,-479,-11,276,97,73,163,-56,-148,-453,-3,-89,-237,-189,-66,223,62,-481,-13,151,99,54,174,-129,-46,-452,-7,-83,-174,-193,-28,352,158,-475,-8,103,66,145,239,-163,-352,-453,-5,-161,-139,-52,-57,8,-4,-457,73,-1,11,2,16,8,-3,-452,-2,-1,12,1,14
3.3800,80,139,-484,-24,284,100,47,167,-46,-145,-488,-13,-88,-237,-190,-75,204,36,-487,-20,156,109,53,177,-133,-58,-494,-22,-58,-172,-201,-35,384,156,-483,-25,74,53,149,220,-160,-387,-484,-15,-154,-137,-60,-33,5,-7,-446,75,-1,15,-3,17,10,0,-486,-17,3,14,-3,17
3.4000,53,132,-437,-28,269,94,18,168,-27,-142,-469,-24,-88,-225,-185,-87,187,16,-439,-26,157,114,57,168,-134,-66,-469,-31,-37,-169,-195,-38,400,152,-441,-29,50,37,146,202,-159,-396,-467,-32,-147,-127,-72,-9,9,-2,-397,88,-3,15,-2,21,5,-6,-471,-26,-1,17,-1,13
3.4200,38,120,-357,-16,243,90,-13,166,-15,-123,-400,-22,-85,-202,-179,-90,172,-10,-361,-24,158,122,62,160,-132,-81,-401,-28,-2,-159,-175,-41,408,146,-363,-19,26,24,139,180,-144,-390,-399,-26,-136,-114,-79,11,6,-9,-315,108,0,18,-1,16,2,-4,-403,-25,-1,10,1,16
3.4400,14,111,-266,-9,217,85,-39,165,0,-112,-315,-16,-82,-176,-167,-92,142,-28,-270,-4,155,119,65,141,-128,-87,-312,-16,16,-154,-152,-44,397,123,-269,-5,7,4,134,157,-132,-369,-316,-14,-127,-102,-87,35,3,-5,-241,133,0,15,1,19,9,-7,-317,-17,-1,12,2,18
3.4600,-11,102,-186,13,179,82,-66,164,9,-97,-229,2,-72,-146,-160,-87,120,-47,-187,13,151,120,66,122,-117,-91,-228,3,43,-143,-127,-46,381,105,-191,12,-20,-8,117,132,-117,-347,-226,1,-113,-86,-94,58,4,-3,-177,157,0,12,2,15,6,-8,-231,4,4,13,1,19
3.4800,-26,85,-121,32,140,77,-79,157,30,-82,-150,25,-69,-109,-152,-90,96,-65,-122,33,143,119,71,100,-104,-96,-150,20,68,-135,-90,-46,346,82,-121,34,-36,-27,109,108,-100,-311,-151,20,-106,-68,-95,80,7,-4,-135,169,-4,9,4,20,1,-8,-150,23,-2,11,1,16
3.5000,-39,73,-78,49,105,65,-98,147,45,-64,-94,45,-64,-72,-134,-83,78,-78,-78,53,139,115,64,82,-91,-86,-96,43,82,-124,-64,-52,305,64,-75,47,-49,-41,85,86,-70,-271,-96,43,-85,-48,-91,92,8,-6,-107,178,-3,14,1,16,2,-5,-97,42,-2,18,-2,20
3.5200,-49,64,-54,68,70,59,-100,139,61,-46,-63,56,-49,-37,-122,-82,54,-93,-56,60,124,103,65,60,-75,-91,-61,56,93,-103,-39,-46,253,42,-56,62,-71,-53,65,63,-47,-215,-69,53,-75,-23,-92,108,7,-3,-106,166,-5,12,4,18,1,0,-60,59,2,12,-3,15
3.5400,-68,54,-38,67,37,49,-106,127,72,-25,-48,64,-45,-9,-105,-74,36,-99,-42,63,120,102,57,39,-55,-83,-46,63,103,-98,-3,-43,194,19,-45,68,-78,-63,52,40,-28,-156,-49,63,-67,-7,-86,114,2,0,-108,150,0,13,3,16,6,-6,-45,66,0,15,2,16
3.5600,-67,48,-20,62,2,35,-105,121,82,-12,-31,67,-31,29,-90,-71,15,-109,-18,63,101,89,46,21,-36,-80,-27,66,102,-79,21,-35,125,1,-20,64,-82,-78,36,19,-8,-96,-33,64,-55,11,-75,127,11,-6,-89,113,-2,11,4,15,5,-2,-32,64,0,16,-2,18
3.5800,-74,35,25,50,-34,27,-98,110,91,7,-4,54,-23,64,-81,-58,2,-114,19,53,96,77,46,0,-17,-77,-3,61,99,-66,48,-32,60,-17,17,50,-82,-83,11,5,9,-35,-5,58,-43,26,-74,132,8,-5,-39,73,-2,13,3,16,6,-5,-2,60,1,18,0,19
3.6000,-75,31,68,39,-62,22,-97,99,98,14,42,46,-14,97,-67,-44,-10,-120,70,37,92,71,38,-23,1,-70,44,51,98,-46,74,-27,-12,-27,62,37,-80,-83,-9,-4,23,22,39,44,-37,39,-66,134,13,3,22,35,-1,19,-4,16,5,-5,45,48,2,12,2,8
3.6200,-73,29,104,23,-98,13,-96,88,99,28,86,32,1,128,-49,-35,-20,-117,104,25,75,61,32,-46,18,-57,87,29,95,-39,97,-15,-79,-38,105,21,-82,-82,-20,-15,37,85,87,31,-31,50,-54,139,7,-11,80,-1,0,18,0,15,6,-6,88,28,5,15,2,16
3.6400,-64,27,124,10,-127,5,-90,79,93,34,116,16,7,161,-36,-26,-29,-117,126,10,67,41,23,-62,31,-56,117,16,90,-31,117,-11,-142,-42,124,8,-72,-78,-36,-23,37,134,119,16,-25,67,-57,133,4,-9,116,-31,-2,14,-2,13,5,-9,117,14,0,14,1,14
3.6600,-55,21,115,-3,-151,-8,-84,70,93,47,122,5,15,182,-31,-9,-33,-116,124,-4,59,32,16,-71,41,-53,124,8,85,-18,131,-2,-192,-37,119,2,-63,-74,-44,-27,40,176,128,0,-23,69,-46,135,12,-5,129,-62,4,16,-1,19,4,-3,125,-1,1,10,2,17
3.6800,-44,19,95,-10,-178,-14,-74,61,87,49,113,-9,22,204,-16,9,-35,-103,94,-8,43,22,5,-82,50,-45,111,-4,73,-6,149,7,-234,-43,94,-10,-57,-64,-52,-31,40,219,107,-2,-18,74,-42,132,3,-6,118,-86,1,16,-1,19,3,-1,110,-5,-4,14,0,16
3.7000,-37,15,48,-11,-201,-28,-67,45,74,56,77,-13,33,213,-9,16,-36,-98,44,-13,32,1,-4,-91,54,-45,76,-17,69,6,156,17,-255,-35,50,-17,-43,-55,-59,-39,41,252,73,-12,-12,74,-40,123,6,-7,77,-118,1,14,-3,17,3,-3,74,-7,-2,11,-3,17
3.7200,-20,11,-11,-18,-208,-31,-56,36,62,55,18,-15,43,223,3,32,-41,-83,-13,-21,18,-6,-12,-96,62,-39,18,-17,63,19,164,29,-262,-29,-9,-17,-25,-43,-65,-42,27,274,19,-16,-15,80,-31,112,3,-9,28,-141,-2,12,3,18,3,-6,17,-11,2,11,0,14
3.7400,-13,6,-75,-18,-205,-41,-46,18,53,52,-42,-22,48,223,21,39,-42,-69,-70,-25,8,-15,-21,-93,58,-35,-44,-18,44,27,156,39,-260,-19,-75,-22,-14,-27,-62,-41,22,285,-42,-20,-6,77,-31,96,4,-6,-34,-162,0,11,-1,20,9,-1,-44,-26,4,14,0,16
3.7600,5,6,-99,-28,-189,-39,-31,4,45,54,-90,-25,53,205,27,42,-48,-49,-102,-24,-7,-18,-31,-89,56,-31,-87,-32,32,36,143,46,-234,-6,-103,-30,-1,-12,-54,-39,14,284,-90,-25,-9,75,-24,79,4,-7,-58,-181,-3,6,0,20,9,1,-92,-21,1,14,1,19
3.7800,23,1,-110,-31,-172,-48,-12,-18,30,49,-110,-31,57,184,34,47,-44,-24,-105,-32,-27,-15,-41,-76,51,-32,-109,-33,18,49,118,55,-198,8,-103,-28,11,-4,-47,-38,5,276,-109,-34,1,75,-26,54,9,-6,-57,-186,2,11,0,17,1,2,-113,-27,-3,15,0,17
3.8000,27,-2,-95,-31,-142,-45,5,-30,13,45,-98,-31,52,158,46,43,-42,1,-87,-31,-49,-13,-46,-72,41,-30,-100,-29,5,60,88,62,-151,15,-86,-29,28,10,-38,-39,-11,263,-101,-29,2,66,-22,27,6,-8,-37,-174,-1,9,0,15,4,-3,-103,-29,-3,13,-1,16
3.8200,40,-6,-59,-25,-103,-35,14,-43,2,41,-72,-30,54,130,50,43,-38,24,-54,-29,-62,-13,-54,-63,32,-27,-75,-33,-10,72,55,65,-110,30,-57,-22,35,24,-28,-39,-20,241,-73,-28,3,59,-25,5,4,-7,-11,-152,0,13,2,17,8,-2,-79,-24,0,7,-5,19
3.8400,55,-7,-16,-16,-70,-36,22,-58,-7,30,-39,-22,46,86,67,35,-40,53,-17,-19,-73,-3,-54,-55,16,-25,-40,-24,-20,75,17,70,-59,40,-16,-17,51,35,-10,-33,-36,215,-39,-20,7,57,-18,-28,8,-8,21,-105,-3,18,1,15,4,-8,-43,-22,0,13,-1,14
3.8600,66,-15,15,-12,-24,-25,32,-74,-22,27,0,-11,38,50,70,30,-35,75,16,-10,-89,3,-61,-44,3,-31,0,-11,-28,83,-18,73,-16,51,22,-4,61,43,5,-29,-49,184,-4,-14,16,47,-17,-51,8,-6,45,-51,-2,12,1,14,7,-3,-3,-11,2,18,3,14
3.8800,71,-21,44,-3,16,-20,41,-84,-20,26,33,-2,31,7,78,20,-31,92,45,-3,-95,16,-62,-24,-11,-26,33,-5,-38,88,-46,79,20,65,42,0,65,51,19,-26,-56,158,32,-6,20,37,-14,-75,4,-4,62,-4,-3,14,1,15,3,-6,27,-8,0,11,0,15
3.9000,73,-22,55,3,59,-17,40,-85,-32,14,48,1,27,-38,75,10,-25,104,54,7,-106,20,-72,5,-20,-28,51,5,-40,95,-69,81,61,71,55,7,71,57,27,-21,-72,123,51,5,22,30,-17,-92,6,-3,59,52,2,13,3,14,3,1,55,3,-1,17,3,20
3.9200,83,-24,52,6,101,-13,41,-91,-42,5,56,9,24,-86,84,-3,-15,113,55,5,-103,28,-71,30,-33,-24,55,7,-44,94,-83,82,90,73,56,5,81,62,50,-10,-70,98,58,6,26,22,-20,-101,7,-7,56,89,2,14,0,15,9,-3,53,4,4,16,0,16
3.9400,81,-28,44,0,137,-11,46,-87,-44,-5,45,4,20,-123,80,-11,-8,120,43,1,-104,41,-74,65,-45,-32,43,1,-41,99,-76,87,122,79,41,1,73,65,55,-4,-74,67,46,0,32,16,-21,-107,6,-7,47,113,0,14,-1,20,7,-4,50,7,-3,11,1,15
3.9600,76,-28,30,-7,170,-5,45,-81,-46,-5,34,-5,14,-166,81,-18,-2,113,29,-5,-97,49,-67,115,-52,-27,37,-1,-40,95,-67,90,148,74,28,-4,74,69,64,8,-78,27,31,-2,33,3,-22,-109,13,-8,42,129,-1,20,1,17,4,-5,34,-5,4,11,0,18
3.9800,75,-27,19,-9,192,-5,50,-78,-55,-15,25,-9,13,-193,78,-20,7,112,22,-9,-90,61,-66,158,-66,-31,26,-10,-49,85,-42,82,172,73,22,-8,74,68,72,14,-75,-8,22,-10,32,2,-23,-101,6,-4,35,133,2,16,2,17,3,-5,22,-11,0,13,3,16
4.0000,71,-36,6,-16,196,-4,59,-65,-47,-23,15,-15,13,-220,64,-30,11,104,8,-17,-84,65,-50,203,-67,-29,11,-12,-56,80,-14,79,191,60,9,-16,63,65,74,24,-65,-52,9,-14,35,2,-17,-93,7,-8,28,135,2,16,-1,19,9,-4,13,-11,1,15,1,20
4.0200,65,-33,-8,-9,196,-4,68,-50,-46,-25,-2,-12,13,-226,55,-44,26,92,-7,-15,-64,67,-36,238,-76,-27,-4,-13,-64,70,13,59,200,51,-6,-13,62,66,75,33,-54,-88,-1,-16,36,-6,-19,-83,6,-4,17,126,-1,16,-2,15,1,-1,-1,-10,0,15,0,15
4.0400,56,-36,-22,-2,178,-6,85,-32,-41,-29,-12,-6,16,-216,46,-42,29,79,-16,0,-50,70,-21,264,-70,-29,-15,-4,-75,57,42,44,218,33,-19,-4,53,57,74,34,-40,-131,-20,-8,37,-10,-21,-71,8,-6,-5,121,-2,17,0,17,5,1,-12,-9,-4,12,-4,21
4.0600,46,-38,-30,11,148,4,98,-17,-38,-31,-25,5,16,-192,37,-44,30,63,-25,14,-32,70,4,277,-67,-25,-28,1,-88,51,61,22,217,13,-28,8,40,52,71,39,-28,-165,-26,8,40,-17,-18,-59,8,1,-27,111,-2,16,2,19,3,1,-25,7,-3,12,1,16
4.0800,32,-40,-36,22,117,1,112,-3,-32,-31,-35,11,14,-158,24,-43,30,50,-36,21,-19,67,33,277,-69,-20,-35,19,-103,40,58,0,209,-6,-40,24,31,52,65,43,-2,-211,-33,16,32,-16,-12,-41,8,-2,-45,92,1,13,-2,15,7,-6,-34,17,-5,10,1,17
4.1000,29,-40,-46,29,83,6,126,12,-30,-31,-40,28,6,-116,18,-44,22,35,-45,32,-11,66,58,264,-65,-16,-40,28,-113,28,36,-26,191,-32,-42,28,16,43,62,34,20,-246,-42,28,38,-18,-3,-20,2,-8,-55,71,-3,13,-4,17,1,-6,-41,27,-2,9,0,18
4.1200,11,-48,-39,34,53,22,120,19,-16,-35,-41,34,-1,-58,8,-36,16,16,-42,36,0,61,81,234,-49,-6,-44,37,-119,21,-7,-58,165,-59,-38,35,9,36,53,23,45,-272,-40,35,43,-21,4,-6,4,-8,-62,47,4,14,-1,19,5,-4,-44,30,-2,11,1,19
4.1400,4,-51,-31,38,26,33,105,23,-7,-31,-38,39,-13,-13,0,-33,9,-2,-27,44,10,57,104,195,-50,0,-37,39,-118,12,-60,-74,132,-80,-29,41,-2,24,44,14,69,-302,-36,39,49,-17,11,13,8,-3,-67,23,6,15,2,14,2,-2,-35,40,5,9,1,16
4.1600,-18,-52,-13,44,18,47,84,23,-2,-37,-23,43,-22,36,-7,-25,-8,-22,-13,41,8,56,119,151,-41,16,-23,40,-96,7,-135,-97,88,-104,-16,39,-22,18,34,2,96,-324,-26,41,52,-12,21,35,6,-6,-50,5,0,14,4,15,4,-6,-24,45,-2,16,5,19
4.1800,-32,-62,5,43,18,57,41,20,3,-26,-3,45,-38,62,-6,-21,-20,-38,1,37,1,46,130,105,-19,22,-7,38,-65,4,-201,-106,36,-129,-1,40,-29,11,22,-8,115,-340,-4,42,59,-17,32,54,2,-6,-31,-11,0,11,2,17,8,-2,-7,43,-2,14,1,17
4.2000,-39,-69,20,36,33,70,-13,13,10,-26,8,38,-52,77,-8,-11,-32,-60,22,40,-2,41,128,46,-12,36,11,40,-17,1,-266,-105,-14,-131,20,36,-43,-2,2,-28,131,-348,11,38,71,-8,45,70,5,-9,-16,-20,-1,11,-2,18,10,-3,7,41,-4,9,-1,20
4.2200,-50,-76,35,40,44,73,-74,5,15,-22,29,37,-56,74,-12,-3,-44,-79,38,38,-9,33,117,-4,2,44,28,36,39,-2,-314,-105,-57,-134,35,42,-57,-5,-8,-34,138,-344,23,40,73,-7,58,91,9,-7,1,-15,1,14,-1,20,1,1,29,39,-1,14,1,15
4.2400,-62,-79,47,42,67,62,-129,-9,27,-24,45,37,-62,62,-11,4,-51,-99,49,31,-23,20,95,-47,13,57,47,38,101,5,-336,-89,-100,-131,49,36,-67,-12,-24,-45,133,-324,40,37,79,-9,68,111,6,-2,13,-1,0,11,-1,19,4,-5,44,41,-2,12,-5,17
4.2600,-70,-84,53,37,76,54,-190,-20,27,-16,52,37,-50,33,-14,16,-57,-111,57,36,-38,13,64,-87,35,70,54,37,160,5,-325,-65,-118,-118,56,37,-76,-18,-38,-54,125,-292,56,39,79,1,85,123,2,-6,19,13,0,9,-3,17,3,-6,56,38,0,12,1,22
4.2800,-78,-82,58,33,71,43,-236,-32,39,-12,62,36,-34,14,-6,28,-54,-120,58,33,-39,-7,21,-123,38,83,62,38,211,6,-284,-24,-128,-99,60,38,-82,-21,-56,-49,112,-246,59,35,78,4,92,141,9,-7,28,39,1,21,2,14,9,-7,61,33,-4,13,1,15
4.3000,-84,-82,43,32,51,15,-253,-37,43,-10,57,36,-15,-14,-1,40,-46,-128,48,36,-53,-15,-25,-142,56,87,52,33,244,8,-211,23,-118,-71,50,33,-96,-23,-62,-46,92,-183,55,31,82,12,96,148,10,-8,21,53,-6,12,-2,15,8,-4,53,37,0,13,2,16
4.3200,-88,-78,31,33,2,-17,-250,-39,42,-1,41,28,9,-22,1,56,-36,-138,35,23,-57,-31,-82,-152,71,87,41,29,254,16,-107,69,-92,-53,32,25,-99,-26,-76,-25,66,-104,41,31,79,12,104,157,10,-4,6,67,1,13,0,13,8,-3,41,28,-5,11,4,12
4.3400,-94,-74,4,24,-61,-39,-218,-39,44,2,18,30,37,-14,3,66,-13,-143,5,21,-54,-45,-139,-164,81,91,18,22,230,18,19,124,-61,-36,0,21,-100,-28,-88,-2,45,-20,21,26,73,23,102,158,7,-6,-13,80,1,14,2,14,4,0,19,26,-2,12,1,15
4.3600,-91,-58,-30,15,-139,-63,-167,-27,42,9,-10,19,68,17,5,79,8,-132,-25,21,-41,-55,-193,-158,90,94,-9,20,191,17,151,178,-31,-8,-28,17,-98,-26,-98,16,17,75,-9,22,65,30,104,152,6,-3,-35,78,-5,17,1,16,9,-3,-8,21,2,14,3,17
4.3800,-90,-46,-56,14,-214,-78,-92,-11,44,9,-42,14,81,62,1,89,32,-109,-59,17,-26,-74,-238,-149,98,88,-39,12,131,11,281,228,1,6,-55,11,-95,-27,-102,45,2,174,-42,14,48,31,94,144,6,-4,-59,76,2,17,-3,14,8,-1,-41,18,-1,13,4,20
4.4000,-82,-31,-78,7,-279,-79,-20,14,42,13,-72,9,87,125,-5,105,60,-91,-83,13,3,-79,-270,-140,99,77,-73,12,61,14,399,270,14,22,-81,8,-95,-24,-100,74,-15,262,-69,14,36,34,83,122,5,-6,-76,65,2,14,3,13,3,-3,-68,11,-3,12,4,18
4.4200,-77,-12,-92,11,-319,-61,53,42,39,22,-92,3,79,193,-8,112,88,-59,-96,10,37,-92,-288,-135,97,63,-91,9,-18,6,473,299,14,33,-97,7,-86,-22,-100,104,-27,347,-86,10,17,37,69,93,5,-4,-92,46,-3,16,-1,15,2,-4,-93,13,4,17,-2,16
4.4400,-74,14,-104,10,-325,-30,111,82,36,24,-103,6,56,257,-14,119,112,-22,-109,15,69,-88,-285,-124,97,43,-97,10,-83,5,505,303,6,44,-104,8,-75,-17,-92,125,-44,409,-100,14,-3,45,46,54,9,-5,-99,25,0,17,2,17,5,-4,-103,12,1,13,-3,20
4.4600,-62,30,-105,8,-301,9,160,116,36,26,-106,11,22,298,-27,125,124,27,-103,13,104,-92,-250,-116,90,22,-102,11,-137,-15,495,283,-19,62,-106,13,-69,-13,-90,137,-50,448,-113,14,-26,46,25,7,4,-3,-104,-2,1,17,0,15,2,-4,-110,14,2,16,3,15
4.4800,-53,49,-104,14,-235,63,179,156,27,29,-101,7,-25,315,-43,122,129,73,-99,10,141,-96,-203,-97,85,-9,-103,16,-171,-26,422,245,-40,65,-99,11,-61,-9,-80,144,-60,465,-104,8,-47,47,-9,-44,4,-8,-96,-20,-5,20,-4,19,3,-5,-100,17,-2,14,2,15
4.5000,-44,67,-97,11,-144,113,181,181,23,29,-98,6,-78,302,-49,124,122,120,-94,11,175,-92,-128,-71,72,-41,-96,13,-187,-32,309,186,-63,63,-96,9,-47,-8,-67,135,-65,445,-98,10,-66,50,-36,-92,11,-5,-86,-39,-2,19,4,15,6,-2,-97,13,-3,16,-1,18
4.5200,-21,76,-83,9,-33,161,166,205,20,28,-90,5,-124,250,-51,119,105,161,-89,8,196,-91,-40,-48,71,-66,-96,9,-180,-37,169,104,-79,69,-81,8,-33,-2,-55,114,-68,399,-90,5,-80,44,-64,-138,2,-4,-76,-63,5,20,0,19,8,-2,-89,9,2,15,1,12
4.5400,-16,87,-71,1,86,194,151,213,20,32,-79,-3,-161,166,-49,110,75,192,-78,2,198,-79,57,-11,49,-89,-81,3,-163,-43,2,14,-93,60,-79,0,-17,0,-47,85,-69,315,-75,9,-98,51,-101,-175,7,-3,-67,-70,-1,14,1,22,9,-1,-80,7,-3,12,4,15
4.5600,-4,95,-67,-6,190,212,126,206,19,31,-74,-6,-192,59,-45,108,40,204,-69,-11,199,-72,156,30,46,-115,-72,-2,-143,-28,-142,-90,-96,48,-69,-5,-7,10,-32,49,-58,212,-73,-2,-102,51,-124,-199,4,-1,-52,-72,-1,18,0,15,6,3,-71,-2,-1,15,3,18
4.5800,9,93,-62,-13,276,210,102,185,15,31,-72,-15,-204,-55,-27,97,-7,207,-63,-9,179,-59,245,80,34,-132,-66,-13,-118,-14,-269,-183,-91,28,-66,-12,7,11,-22,-5,-45,88,-67,-8,-105,51,-138,-204,1,-3,-40,-66,-1,20,2,23,6,-4,-67,-11,-2,16,2,19
4.6000,18,89,-52,-18,342,193,72,155,8,30,-59,-23,-195,-170,0,87,-58,193,-51,-18,141,-47,318,129,27,-148,-59,-16,-90,14,-362,-260,-76,8,-54,-18,16,17,-17,-57,-26,-26,-59,-11,-104,44,-152,-195,7,-3,-21,-54,-2,18,-1,16,3,-7,-57,-14,0,18,-1,16
4.6200,27,73,-41,-23,379,153,48,110,4,23,-50,-23,-167,-272,30,71,-110,159,-41,-19,98,-30,365,173,16,-149,-42,-23,-63,46,-406,-324,-68,-17,-46,-14,25,17,-7,-103,0,-143,-48,-23,-92,43,-155,-169,5,-6,-10,-30,0,18,-1,18,7,-4,-45,-18,2,10,1,19
4.6400,35,58,-31,-24,391,97,21,54,6,24,-36,-21,-116,-355,67,56,-159,117,-29,-17,44,-13,376,213,10,-142,-40,-22,-37,84,-420,-355,-40,-41,-32,-17,30,19,-2,-154,25,-244,-38,-20,-77,49,-142,-130,4,-5,4,-4,-1,15,6,20,7,-2,-38,-19,-3,12,0,16
4.6600,41,37,-16,-20,372,31,1,-8,2,21,-25,-18,-58,-414,105,40,-190,71,-19,-15,-19,-1,371,245,7,-120,-27,-16,-11,116,-391,-358,-12,-68,-20,-16,38,23,4,-189,54,-318,-24,-17,-51,45,-126,-79,6,-4,14,31,-4,10,1,17,5,-3,-29,-17,-3,11,-3,19
4.6800,47,11,-3,-20,333,-37,-28,-67,-1,21,-14,-10,10,-427,132,27,-213,17,-10,-12,-77,11,332,258,5,-95,-11,-15,11,148,-338,-329,16,-88,-5,-15,47,25,-3,-210,77,-372,-13,-15,-26,41,-98,-28,6,0,23,59,-3,10,3,13,4,-8,-15,-12,-5,13,3,11
4.7000,48,-17,2,-16,286,-111,-45,-124,-5,21,-4,-8,80,-422,156,13,-228,-42,-1,-11,-139,26,259,257,4,-66,1,-18,31,171,-269,-281,46,-102,5,-12,49,28,-1,-228,97,-401,-5,-13,5,34,-60,29,5,-5,30,75,-4,9,1,17,5,-2,-3,-14,-3,16,-4,14
4.7200,57,-45,4,-9,210,-169,-63,-169,-6,15,0,-2,152,-379,169,1,-226,-87,4,-11,-183,35,186,250,4,-22,5,-11,55,180,-191,-210,73,-110,5,-10,56,27,-2,-226,110,-395,7,-11,31,29,-19,87,9,-5,28,89,-1,8,3,17,2,-3,-1,-14,-3,11,4,20
4.7400,54,-70,6,-9,136,-223,-76,-207,-4,12,8,2,209,-314,172,-10,-214,-134,8,-7,-221,39,94,219,9,18,6,-9,68,180,-107,-125,97,-117,8,-9,49,28,-11,-208,121,-368,9,-9,59,25,30,136,9,-7,31,97,-2,6,4,21,5,-3,0,-8,-1,13,-2,14
4.7600,52,-91,8,-5,57,-259,-84,-223,-6,9,5,4,257,-228,153,-19,-180,-169,4,-3,-237,46,-1,180,19,65,4,-10,72,164,-27,-32,111,-112,7,-3,51,27,-16,-175,122,-311,10,0,85,23,79,171,1,-7,23,97,-4,1,2,16,3,-5,4,-3,1,16,3,15
4.7800,49,-104,9,1,-36,-280,-71,-227,-6,3,10,10,283,-119,125,-20,-132,-188,9,6,-241,50,-92,126,24,106,8,-2,73,138,44,69,118,-104,11,3,47,29,-21,-128,115,-253,7,0,99,16,120,204,4,-8,27,92,-3,-1,4,17,1,-5,9,-2,-3,16,0,15
4.8000,48,-105,16,7,-110,-272,-63,-211,-8,-2,8,17,289,-17,80,-14,-80,-197,12,15,-226,44,-166,66,28,142,15,5,66,93,99,144,113,-89,12,12,48,27,-27,-71,100,-177,9,8,109,14,160,220,6,0,13,79,-1,0,1,16,8,-2,12,8,-3,19,1,19
4.8200,43,-102,21,20,-171,-253,-53,-181,-7,2,15,34,276,86,33,-11,-19,-202,21,24,-192,41,-221,10,37,166,16,17,49,42,137,212,99,-66,27,20,44,24,-34,-6,79,-101,17,15,110,14,181,227,5,-6,7,69,-4,-1,2,14,2,-5,13,19,0,15,3,13
4.8400,44,-89,30,27,-212,-209,-34,-131,-6,-8,25,40,244,173,-31,-4,37,-193,30,29,-149,34,-261,-48,42,178,21,22,42,-16,170,261,78,-42,32,33,44,23,-38,57,58,-20,23,19,100,14,199,226,7,-1,9,50,-4,1,1,15,5,-5,24,24,-1,13,1,17
4.8600,46,-66,39,33,-229,-157,-29,-75,0,-10,39,46,199,242,-92,1,101,-176,40,39,-97,24,-290,-100,41,174,35,29,29,-78,168,294,57,-11,35,42,39,22,-39,126,22,50,30,33,86,11,201,206,9,-5,5,37,-8,5,0,17,4,-2,35,32,-2,14,2,16
4.8800,47,-36,45,37,-223,-94,-22,-19,-6,-9,44,51,142,281,-153,3,161,-139,47,41,-41,16,-285,-136,40,165,42,38,24,-133,159,302,40,26,46,42,42,22,-38,186,-9,105,47,36,50,12,182,186,1,-5,6,16,-6,7,3,16,3,-2,44,39,-2,13,-6,13
4.9000,46,-3,57,39,-195,-28,-19,34,-2,-12,51,54,77,294,-203,12,211,-114,58,41,21,14,-264,-152,37,146,47,42,22,-190,139,285,26,59,55,42,41,15,-31,236,-43,148,49,42,24,11,157,154,3,-4,6,-2,-5,8,1,14,5,-5,52,42,-3,15,2,16
4.9200,48,33,60,40,-155,37,-19,93,3,-12,53,51,9,280,-249,18,249,-85,53,40,73,17,-230,-161,34,102,59,42,15,-230,111,258,22,94,54,39,44,12,-9,278,-76,169,54,46,-20,6,119,120,8,-5,8,-19,-3,8,5,17,6,-5,53,46,-1,15,2,18
4.9400,47,66,54,43,-111,101,-24,133,0,-12,59,54,-47,248,-269,11,279,-51,53,42,116,20,-180,-145,15,57,55,42,18,-259,73,211,25,121,54,40,47,17,-2,294,-104,179,51,42,-49,4,70,83,6,-7,11,-24,1,9,5,13,5,-1,57,41,-5,19,0,17
4.9600,54,96,49,36,-64,144,-18,169,7,-15,50,38,-102,201,-281,8,290,-19,47,35,160,25,-126,-118,-1,9,51,32,18,-267,44,161,41,138,49,38,55,15,17,307,-132,172,49,36,-90,-1,15,46,2,-5,15,-29,-2,13,3,16,7,-5,51,40,3,14,-1,17
4.9800,63,129,42,34,-23,182,-14,191,8,-17,41,36,-147,148,-274,3,283,18,40,28,173,33,-65,-80,-22,-40,46,30,12,-258,13,109,64,149,38,33,58,13,36,302,-144,153,44,35,-117,-1,-34,11,2,-7,9,-32,2,11,2,17,5,-2,44,37,1,19,-6,19
5.0000,65,144,29,32,0,206,-1,196,7,-22,35,26,-176,92,-249,-18,256,44,29,23,182,53,-16,-36,-48,-81,34,19,7,-235,-6,54,80,151,31,24,62,12,64,281,-151,130,35,29,-144,-9,-81,-19,5,-3,18,-25,3,17,-1,14,5,-3,35,31,-3,17,-1,17
5.0200,79,158,19,17,15,212,12,197,8,-30,29,18,-197,51,-208,-34,231,64,21,17,178,76,29,8,-71,-119,28,15,-7,-194,-17,11,96,146,15,19,73,5,93,249,-154,103,25,22,-161,-15,-116,-48,3,-9,10,-14,3,15,0,17,5,-1,22,23,-1,13,-4,13
5.0400,84,161,6,20,24,213,22,174,7,-34,13,18,-199,20,-156,-53,194,84,4,14,158,96,63,46,-96,-148,19,12,-15,-143,-28,-32,107,135,8,13,80,9,119,200,-143,81,15,17,-173,-18,-152,-68,5,-3,4,0,7,13,2,18,4,-2,17,16,3,16,-2,17
5.0600,87,157,-1,16,28,201,32,144,9,-41,3,7,-191,-6,-88,-81,148,99,-1,12,131,121,86,83,-121,-157,4,10,-29,-79,-26,-57,105,115,-3,10,86,13,145,157,-124,51,5,10,-166,-28,-168,-89,0,-9,3,11,10,17,5,15,4,-2,3,8,-3,10,-1,16
5.0800,100,148,-17,12,22,181,36,110,8,-46,-16,3,-180,-17,-23,-108,99,119,-14,6,98,144,99,107,-141,-162,-12,1,-37,-13,-23,-77,99,101,-15,2,95,12,163,105,-111,31,-10,12,-158,-35,-167,-103,5,-6,-7,19,10,16,4,15,3,-4,-11,6,-4,5,-7,19
5.1000,105,126,-29,13,24,158,36,68,7,-58,-28,-6,-162,-19,47,-125,48,132,-27,-1,54,165,104,118,-160,-152,-21,-3,-44,53,-18,-81,87,77,-25,0,100,9,179,55,-88,17,-19,3,-143,-45,-156,-118,10,-5,-14,20,7,18,0,17,5,-4,-20,3,4,9,-6,16
5.1200,102,100,-35,6,23,136,33,32,1,-62,-37,-13,-140,-27,112,-144,13,144,-37,-3,13,172,100,117,-169,-137,-35,-2,-41,120,-23,-75,74,62,-37,-1,95,15,189,15,-73,-1,-31,2,-125,-56,-143,-128,9,-4,-13,30,11,19,1,19,5,-5,-32,-3,-1,12,-1,18
5.1400,102,67,-45,3,23,105,28,-5,3,-73,-49,-20,-113,-28,169,-155,-28,148,-49,-4,-25,180,92,114,-179,-118,-43,-6,-36,172,-16,-69,59,49,-48,-8,89,18,186,-24,-55,-20,-40,-3,-96,-63,-113,-136,6,-4,-25,15,13,21,-6,19,4,-2,-42,-4,-4,6,-1,13
5.1600,93,47,-55,5,34,81,21,-34,2,-78,-56,-13,-85,-29,212,-153,-59,148,-53,-7,-55,182,81,97,-177,-89,-48,-2,-25,219,-17,-65,46,34,-54,-6,86,18,180,-59,-38,-30,-49,-6,-64,-67,-85,-141,7,-3,-30,16,8,17,-4,18,6,0,-49,-7,-4,11,-1,23
5.1800,83,9,-59,3,44,54,16,-55,-3,-80,-61,-11,-59,-34,243,-148,-80,153,-55,-4,-73,171,71,85,-160,-57,-59,-7,-14,245,-23,-54,31,23,-56,-8,71,24,160,-83,-23,-46,-55,-5,-28,-72,-58,-144,5,-3,-33,11,7,19,-3,17,5,-3,-57,-14,0,14,1,20
5.2000,63,-19,-58,8,57,27,0,-75,-13,-78,-62,-17,-31,-38,254,-133,-101,143,-62,-1,-90,152,63,60,-145,-30,-58,4,-9,266,-18,-48,16,10,-62,-1,56,26,137,-99,-8,-64,-59,0,3,-71,-28,-139,3,-8,-40,6,5,21,-2,16,8,-5,-65,-4,-4,9,0,18
5.2200,47,-47,-56,6,64,2,-5,-75,-16,-79,-60,-11,-7,-46,258,-110,-111,135,-63,2,-96,126,57,42,-120,-11,-62,5,-4,265,-23,-44,8,-2,-56,-3,36,35,105,-106,-1,-79,-59,0,36,-70,-5,-124,3,-3,-47,12,-1,22,-4,13,8,-6,-66,-2,-2,9,2,16
5.2400,20,-77,-58,10,76,-22,-12,-78,-19,-78,-60,-5,15,-51,248,-82,-110,121,-53,6,-93,87,52,22,-85,7,-60,9,6,256,-22,-41,2,-11,-59,6,9,42,70,-113,4,-99,-53,2,59,-64,18,-117,8,-4,-47,10,7,20,-4,16,5,2,-56,7,-1,14,0,16
5.2600,-2,-101,-54,11,69,-38,-10,-73,-25,-69,-62,-2,41,-51,227,-38,-106,100,-51,10,-87,42,49,6,-52,25,-50,12,9,233,-14,-36,-7,-19,-53,7,-11,42,33,-107,17,-114,-53,9,90,-57,35,-96,5,0,-51,13,3,19,-5,14,4,-1,-56,5,-1,12,0,17
5.2800,-26,-115,-44,18,77,-54,-9,-59,-36,-59,-52,0,54,-50,193,4,-100,75,-49,9,-72,3,51,-4,-15,28,-49,15,5,210,-14,-30,-17,-30,-47,5,-35,50,-9,-100,25,-122,-51,14,117,-50,44,-74,5,-5,-52,17,5,20,-5,15,4,-7,-50,12,-5,9,1,15
5.3000,-47,-129,-41,14,61,-72,-5,-46,-35,-45,-44,4,76,-51,162,49,-89,44,-41,9,-55,-49,45,-12,25,33,-46,18,8,172,-3,-23,-27,-33,-44,17,-64,51,-44,-91,35,-123,-45,7,130,-33,51,-50,3,-5,-50,17,3,23,-4,15,10,-5,-42,11,-1,11,0,17
5.3200,-79,-140,-34,15,55,-86,-3,-29,-40,-31,-38,0,90,-44,121,92,-82,28,-41,9,-33,-90,31,-14,58,38,-37,21,10,138,2,-16,-31,-42,-39,10,-91,57,-80,-77,37,-127,-38,15,141,-17,48,-18,6,-4,-42,26,3,25,-7,14,9,-6,-40,12,1,9,-1,17
5.3400,-102,-145,-32,11,44,-91,0,-6,-38,-15,-36,2,100,-38,80,136,-70,-4,-31,6,-16,-129,19,-8,89,32,-30,17,3,93,7,-10,-34,-45,-31,6,-113,65,-108,-63,40,-118,-37,13,150,-1,48,10,6,-6,-36,32,3,24,-3,14,3,-1,-36,13,3,11,2,15
5.3600,-127,-143,-26,9,28,-98,4,11,-42,-7,-31,5,102,-33,37,175,-58,-27,-26,7,0,-166,15,-4,115,34,-28,17,-2,52,15,3,-41,-49,-27,8,-137,64,-138,-52,45,-114,-32,10,155,13,46,38,3,-4,-26,34,-3,22,-7,16,4,-1,-29,11,-1,14,3,18
5.3800,-142,-139,-30,7,15,-93,12,26,-44,10,-23,2,107,-24,-5,215,-39,-50,-28,4,18,-196,-3,5,142,28,-27,19,-9,15,13,12,-47,-53,-20,6,-153,62,-157,-36,49,-97,-24,10,150,34,40,65,5,-6,-24,37,-1,19,-5,12,0,-3,-23,11,4,16,1,14
5.4000,-154,-135,-24,7,1,-88,20,41,-40,26,-23,7,106,-17,-39,231,-31,-66,-20,7,28,-215,-12,20,162,27,-22,15,-14,-25,14,26,-54,-53,-20,8,-160,60,-173,-26,51,-84,-22,5,140,53,40,77,3,-4,-21,36,-3,22,-4,12,7,-5,-21,9,1,14,2,16
5.4200,-162,-107,-21,0,-14,-85,22,51,-39,42,-16,7,99,-4,-73,248,-21,-81,-23,0,41,-222,-26,26,176,19,-23,17,-19,-59,11,37,-55,-54,-20,13,-166,57,-187,-16,55,-65,-22,8,126,66,31,101,8,-4,-21,40,-4,21,-6,18,5,-2,-24,11,4,17,-2,14
5.4400,-159,-91,-27,5,-15,-74,28,59,-35,57,-19,8,92,-1,-104,256,-11,-89,-16,16,47,-217,-32,38,179,10,-13,16,-25,-92,5,49,-54,-58,-19,15,-168,48,-187,-1,54,-45,-19,8,109,78,30,101,6,1,-17,42,-1,19,-2,16,3,-5,-18,13,3,18,2,17
5.4600,-152,-62,-21,4,-21,-61,35,60,-20,70,-14,10,78,7,-132,252,-2,-93,-14,12,51,-215,-47,51,180,15,-18,16,-29,-119,-6,60,-54,-51,-25,9,-158,44,-183,1,52,-27,-16,12,81,94,24,115,4,-6,-17,39,0,19,-1,16,8,-4,-11,13,-1,15,1,19
5.4800,-140,-43,-18,8,-18,-45,37,62,-17,80,-14,10,67,11,-148,238,1,-91,-17,16,54,-197,-54,61,175,12,-10,16,-37,-138,-13,64,-49,-48,-17,12,-151,33,-175,10,48,-11,-16,9,55,101,21,117,5,-3,-19,38,-5,18,-2,14,5,1,-16,13,4,11,-1,17
5.5000,-125,-13,-20,9,-14,-31,38,60,-1,84,-9,15,56,15,-161,211,7,-92,-16,16,51,-169,-57,72,155,5,-13,21,-29,-151,-23,69,-39,-44,-18,21,-127,18,-151,19,44,3,-15,9,24,110,18,119,9,0,-18,35,-4,14,-1,16,2,3,-15,15,6,14,-3,17
5.5200,-104,11,-24,5,-9,-15,35,55,7,92,-12,17,37,18,-176,182,9,-89,-12,19,45,-140,-54,74,132,3,-15,15,-38,-154,-30,73,-29,-37,-13,15,-104,7,-121,16,42,12,-19,14,2,119,13,115,6,0,-18,28,-5,12,0,20,6,-6,-16,14,3,14,0,19
5.5400,-69,30,-19,8,1,4,40,48,23,88,-11,19,20,17,-172,150,18,-84,-16,24,41,-99,-56,80,110,3,-18,19,-37,-161,-41,73,-16,-30,-13,17,-77,-7,-91,24,36,23,-14,21,-30,115,11,114,6,-5,-24,23,-7,13,-1,20,8,-5,-10,16,4,14,-2,16
5.5600,-40,51,-21,6,12,16,29,38,34,89,-15,22,9,18,-167,107,18,-80,-17,27,30,-54,-57,87,79,5,-20,15,-33,-152,-50,71,2,-30,-15,17,-45,-25,-56,28,25,32,-20,17,-53,116,10,99,2,-4,-29,21,-4,10,-2,25,8,-7,-18,20,4,13,-3,15
5.5800,-6,70,-21,9,14,30,29,32,42,80,-17,19,-7,16,-156,59,25,-63,-19,25,22,-13,-48,87,46,-4,-21,13,-32,-135,-58,70,17,-22,-18,17,-6,-39,-13,31,27,36,-20,14,-71,108,7,92,7,-3,-24,15,-2,9,1,24,4,-8,-19,18,4,14,-8,21
5.6000,29,83,-20,5,27,37,22,25,58,72,-12,23,-17,10,-134,14,20,-55,-13,21,10,41,-46,84,3,-5,-18,15,-26,-121,-56,65,32,-18,-15,16,23,-46,31,34,18,40,-16,10,-89,93,8,80,5,-4,-26,12,-12,10,3,24,6,-8,-17,17,1,15,-2,16
5.6200,57,92,-15,8,34,49,21,10,67,57,-17,17,-32,13,-116,-26,26,-49,-10,24,-3,83,-42,81,-36,-1,-16,11,-26,-98,-62,62,44,-13,-13,15,57,-56,66,33,8,48,-15,16,-96,81,1,71,7,2,-23,9,-7,11,6,26,4,-2,-11,16,-2,14,-4,18
5.6400,80,87,-10,2,38,55,10,4,71,43,-13,20,-35,13,-87,-69,24,-27,-7,20,-12,119,-35,71,-72,0,-16,10,-18,-70,-64,49,52,-5,-12,7,86,-53,101,34,11,57,-12,17,-99,67,0,51,6,-1,-13,10,-7,12,5,24,9,-1,-14,16,-1,13,0,14
5.6600,103,87,-6,4,43,58,3,-5,74,28,-7,18,-42,11,-60,-109,23,-15,-4,20,-22,151,-28,63,-102,-4,-10,10,-14,-42,-58,45,59,-5,-9,15,107,-60,125,35,4,60,-10,11,-95,47,-1,41,3,-2,-13,8,-9,7,6,20,3,-1,-12,14,-3,17,2,20
5.6800,121,80,-2,7,44,62,5,-15,74,9,3,18,-49,16,-23,-132,21,-2,-2,18,-33,176,-18,58,-123,-3,-6,6,-11,-13,-58,38,57,1,-2,9,121,-57,143,34,-1,63,-4,11,-93,30,-1,25,3,-4,-6,4,-2,7,2,22,3,-7,1,10,-1,15,-1,18
5.7000,131,65,6,4,43,61,-6,-23,74,-2,5,15,-49,13,1,-157,14,13,5,15,-34,191,-9,44,-139,-9,-7,2,-7,21,-54,32,58,4,7,9,127,-57,150,29,-8,62,-1,10,-81,16,-7,9,6,-1,7,5,-5,10,1,23,3,0,0,10,-3,16,-3,17
5.7200,131,50,8,1,39,51,-6,-25,70,-20,7,13,-50,11,31,-166,10,25,5,12,-38,205,-5,32,-142,-11,5,6,-2,49,-45,20,59,12,3,7,131,-50,154,26,-5,61,10,11,-66,-5,-9,-2,4,-7,9,6,-5,9,6,21,7,-4,8,1,0,19,-3,15
5.7400,124,31,10,1,33,55,-3,-28,65,-34,12,13,-48,7,57,-175,14,37,6,13,-34,203,10,19,-143,-6,6,-2,8,77,-40,12,54,15,11,4,123,-39,143,23,-14,60,13,9,-48,-16,-13,-20,-1,-7,13,3,-3,14,4,21,7,-2,10,7,0,16,-6,19
5.7600,112,14,19,1,30,58,-11,-28,49,-47,17,10,-44,10,79,-167,10,52,16,8,-41,199,19,14,-130,-17,12,-2,4,98,-27,4,48,19,12,-1,116,-26,129,18,-17,59,13,6,-31,-30,-21,-31,6,-2,20,5,-7,10,5,21,0,1,10,5,0,17,-2,18
5.7800,96,-3,16,3,32,51,-7,-23,39,-57,19,11,-39,1,99,-161,4,52,15,9,-34,183,28,3,-108,-20,11,-3,3,116,-16,-9,47,25,19,2,97,-19,102,17,-18,44,15,12,-12,-42,-16,-42,4,-10,23,-2,-3,9,5,22,5,-3,15,7,-1,16,-7,18
5.8000,82,-22,22,6,22,50,-10,-19,29,-62,17,13,-36,-14,112,-141,2,58,18,12,-34,167,41,-13,-85,-19,12,0,-1,124,-3,-14,43,21,17,3,81,-1,80,15,-22,34,16,11,6,-46,-20,-46,3,-9,22,3,0,12,4,18,8,-2,18,4,-3,17,1,18
5.8200,61,-31,17,5,22,46,-4,-13,14,-65,17,11,-36,-17,116,-113,-1,61,16,6,-29,134,45,-21,-58,-29,17,2,3,129,4,-23,39,29,19,6,57,12,48,9,-27,27,19,11,22,-48,-23,-47,-1,-7,24,4,2,12,3,15,3,-5,16,7,-1,20,2,17
5.8400,43,-48,17,10,16,45,-9,-8,10,-61,17,9,-34,-17,119,-95,-1,56,12,9,-20,108,51,-23,-31,-29,17,-1,-3,130,26,-31,45,28,13,5,37,15,13,6,-26,13,13,17,38,-52,-26,-41,6,-10,22,3,1,13,2,16,5,-1,15,6,-1,15,-2,15
5.8600,19,-48,14,13,18,40,-3,3,-5,-63,12,11,-33,-22,113,-63,-4,53,11,10,-13,83,56,-31,-1,-32,14,3,1,130,31,-34,32,27,13,6,16,24,-10,6,-27,-1,14,18,44,-49,-26,-42,4,-11,11,2,2,13,4,21,4,0,13,10,-3,11,1,14
5.8800,6,-58,12,14,19,39,-3,9,-12,-57,8,12,-27,-21,111,-26,-9,45,7,8,-1,53,54,-39,25,-34,10,4,2,120,38,-36,32,29,6,9,-6,27,-37,1,-28,-15,11,19,50,-49,-26,-36,2,-14,6,13,-7,13,9,16,10,-2,13,4,-2,12,4,16
5.9000,-17,-60,1,14,24,37,-5,19,-14,-51,2,14,-28,-21,97,-4,-7,34,-3,15,0,23,56,-33,52,-30,6,5,7,114,43,-32,25,27,4,12,-26,34,-68,2,-27,-19,8,18,56,-37,-28,-26,5,-12,4,18,1,12,7,17,6,-4,3,9,-4,13,4,15
5.9200,-36,-56,-2,15,22,28,-13,23,-15,-46,-3,12,-24,-20,82,13,-9,25,-7,11,8,-2,53,-39,73,-26,2,8,7,98,42,-25,22,20,-4,14,-46,35,-81,1,-23,-33,-4,17,55,-31,-28,-15,7,-9,-2,18,6,16,6,14,5,-5,-1,13,-2,14,0,16
5.9400,-53,-54,-5,16,23,26,-11,32,-15,-37,-8,14,-12,-19,65,49,-8,10,-12,9,20,-21,44,-38,90,-25,-7,8,4,76,43,-25,20,14,-10,10,-65,39,-98,0,-21,-39,-7,20,56,-25,-20,-3,11,-12,-15,26,3,14,5,15,7,-4,-4,18,-2,14,4,18
5.9600,-62,-45,-9,18,24,16,-11,38,-18,-33,-11,14,-11,-15,51,66,-6,0,-16,11,24,-43,30,-32,101,-23,-9,10,11,64,36,-19,9,13,-8,15,-80,39,-105,5,-15,-39,-11,19,47,-16,-17,12,5,-10,-19,32,1,14,6,12,4,-3,-13,14,-4,12,4,17
5.9800,-77,-37,-11,20,19,7,-10,51,-22,-22,-17,14,-5,-9,35,81,-8,-11,-15,13,19,-55,19,-28,102,-23,-10,9,9,42,30,-7,-1,13,-11,15,-89,44,-106,4,-11,-45,-15,21,42,-11,-14,26,5,-9,-18,37,2,12,5,16,8,-1,-12,14,-5,10,-2,17
6.0000,-84,-28,-10,21,23,0,-10,42,-20,-15,-15,9,-3,-11,21,92,-6,-23,-18,6,29,-70,8,-18,104,-10,-13,14,7,26,24,10,2,6,-12,20,-104,41,-111,9,-9,-45,-14,16,28,2,-4,34,4,-6,-14,39,-1,13,-5,14,3,-4,-14,16,-7,9,-7,18
6.0200,-94,-18,-10,14,15,-3,-7,48,-19,-3,-16,10,10,-6,-5,100,-1,-28,-20,8,31,-77,1,-17,108,-6,-14,6,4,8,13,16,-13,4,-14,20,-111,38,-109,13,-6,-45,-17,13,14,14,2,43,13,-4,-19,45,3,17,2,15,3,1,-13,8,-1,13,3,17
6.0400,-98,-5,-6,16,12,-10,2,48,-17,9,-15,11,16,-3,-11,109,2,-31,-18,6,31,-76,-19,-1,101,6,-9,13,0,-1,12,34,-10,1,-17,16,-110,36,-98,13,-5,-41,-11,12,5,23,10,51,9,-7,-16,45,0,14,-2,10,7,-4,-15,12,3,14,0,21
6.0600,-97,3,-9,15,7,-19,8,51,-16,16,-17,8,20,-1,-25,109,5,-34,-13,5,28,-81,-28,10,97,11,-8,11,-10,-14,5,44,-19,-3,-8,18,-106,29,-87,20,-7,-40,-10,10,-4,33,19,50,11,-7,-18,48,3,12,-3,10,2,-6,-11,10,-3,12,2,18
6.0800,-94,11,-5,12,5,-21,14,41,-8,20,-14,5,26,0,-38,107,5,-26,-16,7,24,-82,-38,20,83,18,-12,8,-11,-30,-2,53,-26,0,-7,17,-101,25,-81,21,-6,-39,-14,9,-9,43,32,48,8,-3,-9,41,3,14,-4,14,8,-2,-12,5,-3,11,1,16
6.1000,-87,14,-9,11,3,-17,18,38,-2,33,-15,4,27,3,-44,105,14,-29,-11,5,20,-75,-45,30,77,28,-7,9,-18,-36,-6,59,-27,1,-10,12,-90,18,-71,25,-5,-30,-11,4,-23,54,41,50,7,-8,-12,38,-2,13,2,14,6,-2,-13,6,-5,11,4,18
6.1200,-66,18,-16,5,3,-17,33,36,6,48,-17,5,29,8,-50,97,22,-25,-15,5,17,-67,-48,40,67,32,-10,8,-30,-44,-11,66,-28,2,-12,10,-76,8,-57,31,-7,-34,-15,4,-24,64,41,49,8,-4,-10,40,-2,19,-2,14,5,-6,-11,9,-3,11,1,18
6.1400,-51,26,-15,4,-1,-13,40,27,7,53,-17,1,23,12,-57,99,23,-16,-14,2,14,-65,-45,45,54,38,-13,9,-31,-42,-17,66,-28,8,-13,7,-60,3,-43,34,-6,-25,-14,8,-34,68,46,37,14,-6,-8,33,3,17,-2,12,1,-9,-15,9,-2,11,-1,12
6.1600,-34,25,-19,8,-4,-10,41,27,19,58,-15,3,23,18,-59,87,25,-12,-19,1,7,-53,-48,59,43,38,-15,7,-36,-48,-13,68,-29,9,-21,13,-39,-4,-36,39,-9,-26,-15,10,-29,71,46,30,9,-8,-11,27,2,16,-3,10,3,-1,-19,8,-4,12,3,19
6.1800,-15,23,-24,8,-4,-6,37,21,23,57,-20,8,22,17,-61,78,32,-3,-26,-1,6,-47,-41,67,32,39,-13,8,-37,-48,-18,64,-23,9,-19,11,-19,-10,-17,43,-15,-27,-19,4,-27,74,46,23,12,-1,-16,23,-5,13,2,14,2,-6,-19,8,0,9,2,14
6.2000,5,16,-23,7,-1,-2,41,16,29,53,-22,5,13,25,-56,67,41,7,-23,10,0,-36,-37,71,17,38,-20,10,-38,-49,-22,66,-15,17,-25,12,5,-15,-6,50,-14,-22,-22,6,-33,73,51,6,8,-1,-20,21,0,10,-1,16,5,-8,-25,7,-2,11,4,16
6.2200,26,19,-31,9,0,5,41,16,41,49,-34,11,6,31,-53,55,41,17,-29,4,-4,-26,-31,73,7,32,-31,10,-42,-47,-28,53,-13,19,-27,14,20,-24,6,49,-19,-18,-30,7,-24,65,45,-5,7,-1,-28,16,-1,11,-2,12,6,-7,-27,9,0,11,0,14
6.2400,47,9,-35,9,0,10,39,9,45,43,-32,8,3,30,-49,48,43,29,-37,5,-5,-15,-26,76,-5,30,-31,13,-40,-42,-24,52,-9,20,-36,16,40,-25,20,50,-23,-17,-33,7,-22,64,45,-13,5,-2,-34,19,-2,16,1,11,6,-7,-26,8,-6,11,2,18
6.2600,65,3,-39,8,-3,18,39,5,50,35,-30,10,-1,30,-41,37,46,36,-37,7,-12,-6,-14,82,-15,22,-33,14,-37,-32,-27,35,-4,20,-38,17,60,-34,34,50,-23,-18,-37,5,-9,54,38,-22,9,-4,-36,17,-4,15,-3,11,5,-4,-39,8,-2,17,3,11
6.2800,76,-1,-39,11,-2,25,35,-1,56,22,-37,12,-10,27,-28,20,38,41,-45,11,-13,11,-7,84,-30,19,-39,11,-33,-25,-23,29,0,18,-44,13,79,-38,47,52,-24,-13,-42,7,-10,44,34,-28,8,1,-42,15,5,16,2,15,2,-7,-41,12,0,10,1,15
6.3000,95,-6,-52,8,-6,26,32,-4,55,9,-42,13,-15,24,-24,18,43,55,-41,7,-12,19,2,82,-42,12,-38,15,-33,-18,-19,17,6,23,-43,14,93,-41,56,55,-26,-17,-44,5,-5,31,25,-35,7,-4,-45,15,1,13,-3,16,5,-6,-45,12,-4,11,2,18
6.3200,104,-9,-46,7,-7,34,24,-2,56,-4,-45,15,-17,23,-18,7,45,54,-44,11,-17,32,10,85,-49,12,-48,16,-27,-8,-18,5,10,26,-44,13,103,-39,61,55,-23,-13,-46,5,8,15,21,-46,10,-1,-44,17,3,18,5,19,3,-3,-45,19,0,15,4,12
6.3400,109,-21,-45,11,-9,32,13,-6,52,-16,-49,7,-21,15,-5,-6,35,63,-42,13,-12,39,18,81,-55,3,-41,12,-25,3,-19,2,20,20,-42,16,112,-39,69,45,-26,-14,-45,6,8,0,12,-47,8,0,-43,19,3,18,1,14,7,-3,-50,11,-2,13,3,20
6.3600,115,-19,-38,5,-8,38,12,-1,53,-24,-43,13,-23,6,0,-14,34,64,-39,10,-18,47,25,80,-55,-4,-37,12,-18,8,-13,-4,29,24,-39,9,115,-31,70,45,-18,-11,-41,6,14,-10,1,-50,2,4,-40,17,-1,14,-1,20,6,-4,-43,16,-1,18,1,16
6.3800,112,-17,-38,11,-11,32,9,-2,44,-37,-38,11,-23,4,12,-17,28,67,-35,10,-21,52,33,77,-59,-14,-37,11,-13,21,-9,-15,26,19,-40,9,116,-26,74,35,-16,-12,-42,9,18,-22,-2,-52,4,-1,-35,16,1,14,1,14,7,-5,-41,8,-1,13,3,12
6.4000,109,-21,-33,11,-15,35,9,2,37,-49,-33,7,-24,-1,21,-28,18,63,-35,11,-18,57,38,75,-64,-15,-35,8,-10,28,-4,-18,33,22,-31,9,112,-18,74,29,-20,-13,-38,4,15,-34,-8,-50,1,2,-27,15,-1,14,4,19,8,-5,-33,10,2,14,3,13
6.4200,106,-15,-28,8,-16,35,0,-1,29,-54,-22,11,-26,-5,27,-32,18,61,-27,12,-11,58,39,71,-62,-17,-32,11,-5,37,-6,-19,27,18,-21,6,102,-5,67,20,-17,-13,-31,2,17,-40,-16,-45,4,-2,-20,13,-1,15,3,15,10,0,-23,10,-1,11,5,19
6.4400,97,-16,-26,6,-12,29,-8,8,26,-59,-21,11,-23,-10,28,-31,9,58,-19,7,-11,62,42,65,-58,-20,-19,9,-3,44,-3,-26,27,12,-21,5,88,5,69,14,-14,-16,-23,4,16,-43,-21,-49,10,-3,-21,8,-2,16,9,14,7,-4,-22,11,-1,14,0,19
6.4600,87,-16,-15,2,-9,27,-9,9,6,-60,-14,2,-22,-10,36,-32,-5,52,-14,11,-9,64,42,62,-53,-30,-16,8,0,48,-3,-26,25,11,-18,1,82,24,58,5,-13,-18,-16,5,11,-48,-32,-41,4,0,-11,7,-1,15,3,20,2,-1,-17,6,3,14,0,15
6.4800,72,-8,-10,7,-5,26,-11,11,-4,-63,-11,9,-19,-14,36,-36,-6,49,-4,11,-4,59,48,56,-49,-32,-11,9,5,50,-4,-31,27,9,-11,3,71,37,59,-2,-5,-18,-13,4,10,-48,-32,-43,7,-2,-5,6,-1,13,2,16,3,-3,-8,5,-3,17,3,15
6.5000,58,-6,-7,12,1,23,-12,14,-16,-61,-9,4,-19,-16,39,-27,-9,41,-7,7,-1,54,42,53,-41,-41,-5,8,13,53,-4,-29,29,10,-11,5,49,45,48,-3,-5,-20,-9,3,4,-47,-34,-29,4,-5,-5,2,0,15,-2,15,-2,-2,-8,4,-3,16,1,20
6.5200,43,1,-1,5,7,21,-14,15,-29,-52,-2,6,-16,-11,37,-22,-15,32,1,9,5,50,40,47,-34,-42,-6,2,14,53,-3,-27,19,7,-2,3,38,67,40,-8,-4,-15,-4,5,3,-36,-37,-20,-1,-4,2,0,0,15,-5,17,0,-1,0,7,0,13,1,19
6.5400,26,6,2,6,16,25,-14,25,-48,-47,4,3,-9,-14,37,-19,-20,24,5,10,8,40,37,45,-31,-40,5,7,13,49,-5,-27,18,5,-1,5,21,76,34,-13,-2,-24,4,8,0,-32,-41,-12,-1,3,6,2,-2,16,1,15,5,-4,-3,6,-3,14,-4,10
6.5600,12,7,5,4,17,17,-13,25,-56,-38,4,6,-3,-11,34,-10,-27,23,6,11,11,41,35,36,-29,-42,3,8,13,48,-6,-20,14,-1,0,3,8,91,28,-22,3,-18,2,9,-5,-26,-42,-6,6,-5,11,-6,0,11,5,18,4,-1,5,5,-4,16,0,16
6.5800,-3,10,10,5,24,13,-11,26,-73,-30,8,9,1,-13,35,0,-20,12,7,7,12,30,31,33,-14,-43,3,9,11,48,-6,-22,10,-2,10,4,-10,101,15,-19,1,-19,6,8,-11,-15,-41,2,-2,4,14,-3,2,15,3,20,8,-1,7,5,1,19,-3,16
6.6000,-15,19,9,5,30,10,-13,28,-84,-23,7,7,1,-13,31,-2,-22,5,10,9,11,26,29,28,-7,-45,4,6,14,47,-7,-15,15,0,13,1,-20,111,8,-16,1,-20,8,6,-11,-4,-44,13,2,-4,10,-2,-3,14,3,13,7,-8,4,8,1,14,-4,13
6.6200,-21,19,8,4,37,10,-9,29,-90,-16,6,6,6,-13,27,10,-25,-1,13,6,14,21,22,18,-2,-45,9,6,3,43,-8,-9,15,0,8,4,-34,120,-1,-21,7,-25,7,8,-22,3,-37,18,0,-2,18,-4,-1,15,-1,12,5,-2,4,2,-2,17,1,11
6.6400,-31,21,8,5,39,8,-4,27,-100,-7,13,8,8,-17,22,18,-18,-8,18,10,15,12,19,17,5,-40,10,10,1,37,-14,-5,11,1,8,4,-40,129,-7,-16,2,-20,9,11,-27,15,-36,25,-2,-7,14,-2,0,16,3,13,3,-2,9,5,0,14,-4,15
6.6600,-37,28,11,3,48,5,4,25,-99,9,10,12,2,-16,21,22,-18,-15,10,12,13,8,9,17,8,-36,5,8,1,33,-13,2,16,-9,15,6,-47,128,-14,-14,6,-22,12,8,-27,24,-33,30,4,1,16,6,4,9,-1,16,8,-3,10,9,-1,14,-2,12
6.6800,-42,28,15,6,49,5,4,30,-103,8,8,6,7,-17,15,28,-14,-20,14,5,14,-5,8,14,18,-34,10,2,-10,31,-23,8,23,-4,8,6,-54,125,-17,-8,5,-22,14,14,-32,33,-34,33,1,-6,14,10,-3,16,2,18,7,-1,11,6,-4,16,-7,15
6.7000,-44,29,12,9,55,-2,11,25,-99,21,13,10,12,-15,7,33,-11,-23,12,7,11,-5,4,13,16,-29,9,9,-7,26,-24,10,22,-1,15,5,-55,112,-20,-10,2,-18,14,11,-35,37,-31,37,0,-3,14,13,-6,13,3,15,1,1,12,7,-3,13,-2,13
6.7200,-40,29,13,2,63,1,11,22,-88,25,12,16,8,-21,3,37,-12,-26,17,3,10,-7,-1,7,24,-29,13,11,-8,20,-33,11,30,1,12,9,-51,108,-23,-3,3,-19,14,12,-34,44,-23,43,3,-2,13,14,1,15,-3,13,7,3,13,6,0,14,2,12
6.7400,-46,28,14,7,64,3,16,19,-86,22,16,7,5,-22,4,41,-12,-33,17,11,6,-11,-7,10,17,-27,10,6,-16,15,-39,23,30,2,14,9,-49,94,-26,-4,0,-23,14,12,-30,45,-17,43,3,-3,14,21,-3,16,0,19,7,-2,12,11,0,14,-1,16
6.7600,-42,24,11,7,66,12,18,18,-68,27,16,7,4,-26,1,38,-10,-29,9,10,6,-9,-7,11,26,-20,14,9,-14,15,-42,24,48,2,12,12,-54,82,-16,1,-4,-26,13,14,-28,49,-15,49,6,-3,11,24,-6,13,-8,14,6,-1,12,12,-5,14,-2,23
6.7800,-40,21,11,9,64,11,14,13,-55,28,13,10,3,-23,-1,42,2,-33,11,7,-2,-3,-11,14,23,-14,10,11,-17,11,-48,28,46,3,12,12,-50,62,-16,3,-1,-22,13,14,-25,47,-7,52,0,-5,4,22,-4,8,-1,17,9,0,9,12,1,17,5,15
6.8000,-35,17,6,10,66,16,24,11,-34,25,8,6,4,-23,-3,34,2,-31,6,12,-6,-7,-13,14,9,-13,5,9,-21,11,-46,30,59,11,5,11,-43,44,-16,13,-9,-25,9,12,-24,40,-1,50,6,-5,11,30,-3,16,1,18,6,2,8,10,2,12,4,14
6.8200,-32,8,8,9,63,16,24,6,-21,23,5,12,0,-25,-6,35,0,-30,7,11,-7,-6,-17,13,14,-3,2,8,-26,3,-50,36,60,10,4,14,-41,30,-9,9,-6,-30,8,14,-14,41,5,50,3,-5,9,36,-6,14,3,11,4,-4,8,13,-2,14,0,20
6.8400,-28,9,6,15,59,17,20,5,-2,20,0,10,-3,-25,-4,30,8,-31,0,11,-13,5,-21,21,12,1,3,9,-20,5,-56,33,68,16,4,6,-34,14,-5,10,-7,-33,6,15,-12,37,11,51,5,1,-3,36,-7,10,0,16,3,0,3,14,-4,13,1,20
6.8600,-24,1,2,15,56,20,15,4,9,15,-1,15,-9,-29,-9,23,5,-30,-4,14,-14,6,-27,24,8,10,5,11,-18,8,-53,38,80,14,-2,13,-28,-7,-7,17,-11,-34,3,15,-7,28,14,45,5,1,-4,34,-1,15,2,16,6,-1,-3,11,2,15,-3,18
6.8800,-17,-3,-2,8,54,20,16,2,30,5,-3,10,-6,-28,-5,20,9,-26,-2,16,-19,14,-17,23,3,16,0,9,-19,8,-56,36,83,13,2,12,-24,-25,0,16,-13,-32,-1,13,-3,25,22,43,4,-4,-2,31,-5,11,8,15,4,-6,-1,12,-4,12,5,14
6.9000,-16,-10,-3,13,51,23,16,-2,48,1,-5,20,-11,-28,-8,14,9,-26,2,15,-14,19,-23,29,3,16,3,13,-14,5,-59,37,88,12,-2,15,-17,-39,-4,22,-15,-35,-4,13,3,17,29,42,1,-3,-11,37,-3,12,5,16,4,0,-1,17,-5,17,-1,16
6.9200,-16,-12,1,15,45,23,9,-3,60,2,-5,17,-10,-30,-2,10,12,-22,-4,13,-22,18,-14,32,1,28,-3,10,-19,6,-60,37,88,10,-4,15,-17,-57,-3,23,-18,-40,-3,14,14,10,27,39,6,-5,-6,36,-4,14,-1,20,5,-3,2,14,-1,12,0,19
6.9400,-10,-17,-8,13,46,25,7,-2,69,-9,-5,12,-15,-28,-8,10,9,-16,-12,15,-21,18,-11,37,3,35,-2,10,-15,2,-57,33,98,18,-6,15,-11,-65,-3,22,-13,-45,-6,13,16,6,32,35,4,-2,-5,37,-2,13,4,16,1,-7,-4,17,1,16,-1,12
6.9600,-13,-25,-6,20,44,27,10,-3,77,-17,-10,13,-19,-30,-14,6,9,-15,-8,13,-13,23,-10,40,10,30,-10,11,-13,6,-62,34,97,16,-7,8,-15,-71,-7,20,-17,-46,-5,15,26,5,35,26,1,-3,-10,40,0,13,1,17,10,-1,-7,16,-2,8,1,18
6.9800,-15,-25,-5,14,48,27,-3,-3,90,-18,-6,10,-19,-33,-3,4,11,-9,-11,18,-16,28,-9,42,9,31,-4,11,-10,9,-59,26,100,13,-4,10,-17,-80,-6,22,-16,-49,-11,15,24,0,35,26,1,-2,-10,33,1,12,4,19,6,-3,-8,16,-3,13,2,17
7.0000,-13,-29,-12,11,42,30,-3,0,95,-21,-7,15,-15,-37,-1,1,11,-3,-9,15,-15,23,-1,45,10,36,-11,16,-7,6,-63,23,100,14,-6,15,-14,-83,-13,20,-12,-54,-9,14,31,-5,44,22,-3,1,-18,35,-2,12,7,16,6,-3,-6,13,-6,14,0,17
7.0200,-7,-39,-11,14,50,28,-4,-7,99,-14,-14,12,-18,-37,0,10,12,-2,-8,16,-21,23,-5,52,14,32,-6,9,0,13,-61,15,95,14,-10,9,-16,-91,-17,23,-12,-63,-14,11,36,-4,44,17,2,-2,-15,36,1,11,2,16,-1,-7,-13,11,-2,14,3,16
7.0400,-5,-37,-13,14,47,26,-6,-2,97,-20,-18,13,-17,-41,1,13,10,3,-14,13,-17,14,9,50,24,36,-15,8,0,14,-59,10,87,9,-12,12,-20,-89,-19,18,-9,-59,-11,12,33,-8,44,15,9,-6,-12,35,-2,13,-1,14,0,-4,-15,10,1,14,1,19
7.0600,-12,-42,-11,8,45,21,-2,2,95,-18,-18,10,-18,-43,-1,15,7,4,-16,8,-19,10,7,51,24,32,-12,8,5,16,-55,13,87,10,-14,8,-20,-82,-20,16,-14,-60,-14,11,43,-3,47,9,6,-5,-11,33,-6,16,-2,19,6,-6,-12,8,-3,13,0,14
7.0800,-11,-37,-12,10,49,24,-7,2,99,-15,-14,6,-15,-42,3,14,10,8,-12,9,-10,11,10,53,28,34,-15,10,6,12,-53,4,78,12,-12,7,-20,-77,-23,18,-11,-64,-14,3,43,1,40,4,9,0,-13,32,2,13,0,16,5,-4,-11,9,-2,12,1,17
7.1000,-16,-45,-15,9,48,23,-9,-3,87,-14,-15,11,-16,-44,3,19,10,12,-17,6,-15,6,14,55,26,39,-15,9,2,20,-52,8,72,12,-15,4,-19,-64,-26,19,-9,-68,-12,12,43,3,38,4,4,-4,-14,36,3,13,2,18,3,-4,-16,12,-4,12,-2,15
7.1200,-22,-44,-20,9,51,19,-7,7,77,-8,-14,11,-11,-41,4,19,4,12,-12,7,-16,7,12,62,30,30,-17,5,8,17,-50,5,65,6,-15,5,-23,-57,-21,21,-8,-73,-20,9,43,6,39,-1,4,-5,-12,32,-2,16,2,19,3,-6,-17,9,-1,13,1,17
7.1400,-16,-40,-16,11,52,21,-7,2,67,-7,-18,10,-13,-42,5,29,5,13,-18,7,-14,3,15,65,29,25,-15,4,4,16,-44,2,59,8,-15,7,-19,-47,-28,13,-10,-75,-16,7,40,10,39,-2,7,-3,-14,36,-2,13,3,19,7,-1,-17,6,-4,13,2,18
7.1600,-16,-35,-14,9,53,17,-3,5,53,-2,-17,11,-7,-42,12,30,3,17,-22,11,-11,1,10,63,33,27,-16,3,0,18,-39,3,54,9,-20,6,-17,-38,-34,11,-13,-74,-18,6,36,8,35,3,0,-3,-14,36,2,12,-1,20,11,-3,-21,6,-3,13,4,19
7.1800,-16,-34,-24,10,50,20,-7,3,43,-1,-20,11,-8,-39,6,31,2,17,-18,10,-2,-1,14,71,34,22,-13,6,6,15,-42,5,44,9,-22,11,-12,-21,-31,12,-11,-73,-18,6,34,16,33,-9,4,-5,-17,36,-4,14,3,19,4,1,-20,6,-2,17,2,19
7.2000,-13,-25,-17,9,48,15,-5,11,35,7,-22,10,-4,-35,8,31,3,19,-16,6,-3,1,9,71,35,18,-19,4,5,14,-31,6,45,5,-26,6,-19,-6,-24,14,-12,-71,-21,6,27,24,24,-5,3,-6,-18,36,-5,16,0,17,5,-4,-21,7,-2,11,4,14
7.2200,-10,-19,-25,7,51,20,-8,12,19,6,-22,6,-3,-35,6,29,2,15,-19,6,-6,-3,4,66,33,19,-22,7,3,14,-30,10,38,12,-22,5,-12,3,-27,15,-10,-72,-22,9,23,30,21,-6,5,-4,-15,42,1,14,3,17,6,-8,-23,6,1,13,-1,14
7.2400,-10,-15,-16,10,47,18,-4,13,13,16,-20,10,-4,-29,4,33,4,20,-16,6,-6,-8,0,71,28,11,-21,9,4,13,-28,6,36,11,-20,9,-11,15,-20,9,-11,-69,-22,9,14,37,15,-7,1,-1,-12,41,-2,13,6,19,8,-5,-22,9,3,14,3,15
7.2600,-6,-8,-12,11,46,19,-2,12,5,20,-20,8,-7,-27,0,35,2,16,-18,10,2,-2,4,75,17,13,-19,8,-5,16,-28,16,35,19,-19,7,-9,18,-17,12,-13,-63,-13,9,8,35,14,-7,4,-1,-14,42,-8,10,0,19,4,-6,-21,7,-3,13,-1,20
7.2800,-4,-3,-18,10,40,16,4,18,-1,21,-20,7,-5,-24,1,31,-3,23,-19,10,-4,-3,0,80,19,-2,-17,8,-1,12,-29,15,34,10,-17,6,-5,28,-13,15,-12,-54,-22,6,4,36,9,-7,2,-3,-14,42,2,9,1,12,5,-2,-18,12,-4,15,1,18
7.3000,4,5,-13,12,41,21,5,20,-13,25,-17,10,-8,-19,3,31,6,23,-17,8,6,-1,1,82,13,-3,-19,7,-2,14,-21,19,38,10,-18,7,4,41,-7,9,-12,-55,-16,13,-7,42,2,-9,8,-2,-15,46,4,16,1,16,5,-5,-18,10,3,10,-1,15
7.3200,5,9,-15,5,37,21,6,17,-16,26,-18,4,-13,-19,0,28,1,20,-19,9,7,-1,0,84,8,-5,-20,8,-7,14,-17,16,34,11,-18,12,5,41,1,10,-8,-56,-19,12,-11,42,2,-11,4,-3,-15,45,2,14,3,14,2,-5,-20,7,-5,15,0,17
7.3400,14,14,-22,11,38,23,10,23,-23,25,-17,6,-10,-21,0,27,2,30,-17,10,4,1,-1,86,0,-10,-18,7,-7,13,-21,21,38,10,-20,15,9,40,12,9,-9,-53,-20,4,-17,41,-6,-11,8,-4,-14,45,0,15,1,18,1,-4,-18,8,2,12,-1,17
7.3600,18,18,-14,8,40,19,12,24,-31,24,-17,10,-10,-21,-3,18,0,26,-21,9,9,9,-2,86,-3,-10,-20,10,-14,8,-22,21,37,9,-14,14,17,47,14,10,-12,-58,-18,7,-23,45,-9,-12,6,-5,-15,46,-4,5,2,12,3,-4,-20,10,-1,14,5,16
7.3800,23,22,-17,7,34,22,15,26,-26,24,-21,10,-13,-19,-4,23,-4,29,-18,12,9,10,-5,85,-10,-11,-15,8,-19,12,-21,20,36,7,-18,14,25,47,20,10,-8,-47,-21,10,-24,40,-8,-10,6,-2,-16,43,-2,12,-2,12,4,-10,-22,9,-1,13,4,14
7.4000,26,23,-19,10,32,22,18,26,-24,25,-20,7,-12,-18,-5,19,-3,30,-16,11,10,12,-7,87,-13,-14,-19,17,-16,11,-24,24,38,5,-16,11,22,48,29,8,-7,-44,-20,12,-27,42,-15,-8,1,-4,-18,45,-1,15,0,13,5,-8,-21,11,0,10,2,12
7.4200,33,21,-17,16,36,23,24,23,-24,17,-22,11,-12,-15,-6,14,-7,26,-20,10,10,15,-7,95,-23,-21,-14,11,-22,6,-28,24,43,6,-17,13,28,41,30,3,0,-43,-17,11,-28,37,-12,-14,6,-2,-17,39,-1,14,1,21,7,-8,-15,9,-3,12,4,18
7.4400,33,24,-17,10,30,20,24,27,-23,14,-17,13,-6,-18,-5,12,-9,24,-22,4,8,24,-7,88,-22,-17,-24,13,-20,12,-22,23,40,5,-20,17,31,47,32,11,-1,-45,-16,12,-32,31,-15,-16,10,-2,-18,38,-2,11,2,8,6,-1,-15,8,0,15,5,20
7.4600,37,25,-18,7,30,20,25,26,-25,13,-12,11,-12,-14,-6,7,-4,28,-17,7,14,27,-1,88,-24,-18,-15,11,-24,8,-27,16,41,-1,-16,11,36,46,30,7,-4,-44,-22,11,-32,31,-15,-13,8,-3,-15,36,1,11,1,12,3,0,-10,14,0,13,-3,18
7.4800,41,30,-17,10,31,26,23,27,-24,4,-15,9,-14,-16,-8,4,-1,25,-17,7,12,27,-3,85,-29,-16,-18,10,-25,8,-26,17,44,0,-17,14,33,42,36,8,3,-47,-15,11,-30,21,-14,-15,7,1,-14,34,2,13,1,15,2,0,-17,15,1,12,0,19
7.5000,40,23,-13,11,21,23,24,30,-22,2,-11,8,-10,-13,-4,1,3,28,-15,6,10,28,5,78,-33,-14,-14,17,-20,9,-25,14,41,-1,-15,16,40,35,33,10,3,-40,-13,8,-33,20,-12,-13,10,2,-10,33,-2,14,-2,15,1,2,-15,11,2,12,-2,16
7.5200,38,28,-15,7,20,22,19,23,-16,-2,-9,15,-10,-10,-6,-1,0,26,-17,7,10,30,1,75,-27,-10,-15,11,-19,12,-27,16,45,-2,-13,14,35,36,33,10,1,-40,-20,12,-28,11,-13,-12,9,2,-11,27,-1,14,-3,12,4,-2,-18,11,0,14,6,16
7.5400,40,23,-13,9,20,22,18,19,-17,-5,-9,10,-6,-10,-3,-4,0,20,-13,8,6,30,9,70,-29,-12,-12,11,-21,10,-23,13,44,1,-11,11,39,34,32,13,3,-36,-15,10,-27,8,-10,-5,8,0,-15,28,-3,12,-4,13,9,2,-9,9,-1,12,-1,16
7.5600,40,17,-11,12,13,29,17,19,-11,-12,-12,11,-8,-8,-1,-4,5,24,-8,14,8,35,6,64,-27,-15,-17,8,-16,8,-20,11,37,-1,-15,15,32,35,27,13,1,-39,-12,10,-20,3,-10,-7,7,-1,-14,23,-2,11,-2,16,5,-2,-12,8,1,13,5,14
7.5800,36,16,-11,9,12,18,15,18,-11,-15,-4,11,-7,-9,-4,-1,10,21,-9,14,1,36,9,62,-25,-10,-9,11,-21,15,-21,5,38,3,-9,9,34,30,30,13,4,-38,-13,10,-20,-2,-6,-1,6,-2,-12,24,0,15,-3,14,1,-6,-10,8,0,17,0,17
7.6000,32,17,-8,7,13,23,12,22,-11,-19,-8,9,-8,2,0,-4,5,15,-4,12,4,36,13,51,-17,-4,-8,10,-18,14,-13,3,42,0,-5,10,28,21,26,15,-2,-35,-9,7,-20,-1,-4,-4,10,-1,-5,20,-3,14,-1,16,7,0,-10,13,0,15,-1,18
7.6200,29,9,-3,7,8,24,8,20,-5,-24,-5,8,-14,-4,4,-3,6,13,-9,12,2,32,18,48,-18,-6,-5,12,-16,16,-12,-3,37,-3,-7,10,26,21,23,20,0,-34,-7,7,-13,-5,-1,-2,5,-4,0,22,0,16,-1,12,6,0,-9,12,0,15,-1,21
7.6400,30,9,-6,11,9,22,6,18,-7,-24,0,13,-13,2,9,-1,4,17,-3,9,2,29,18,43,-16,-2,-7,12,-11,18,-10,-2,33,-1,-3,15,24,20,20,12,2,-31,-4,11,-9,-9,-2,4,7,-7,-1,19,-3,13,-2,12,6,-3,-4,9,-2,12,1,18
7.6600,22,9,-3,8,11,21,5,13,-1,-26,-7,9,-7,-4,13,1,9,7,-1,9,-2,24,23,33,-14,-4,-3,4,-7,16,-10,-5,26,3,-6,10,18,19,15,16,0,-30,-8,13,-11,-13,1,4,5,-6,-3,20,-1,15,3,18,5,-6,0,8,-3,15,0,19
7.6800,19,5,-2,11,14,18,-2,13,3,-28,-2,12,-10,2,10,3,9,5,-1,9,0,27,23,33,-9,-7,-8,6,0,23,-2,-6,31,3,-3,9,12,19,11,19,0,-28,1,8,-7,-12,4,15,7,-1,-4,13,-3,13,2,17,2,-2,2,9,3,14,6,16
7.7000,17,5,4,6,16,20,-3,13,0,-26,-3,6,-10,0,12,6,8,5,-2,8,0,29,24,24,-9,-9,1,11,-1,22,-5,-9,24,0,1,7,7,15,9,17,1,-25,-2,11,-6,-11,2,11,6,-2,5,11,0,15,-2,14,3,-6,3,9,-5,11,2,16
7.7200,8,5,1,4,15,18,-5,7,4,-27,2,10,-7,4,16,8,7,-4,2,7,-3,25,25,20,-4,-5,5,7,-1,27,0,-9,25,5,-2,7,1,17,4,17,-2,-20,4,9,-8,-16,1,17,6,-1,5,14,3,15,-1,19,5,-2,0,5,0,17,-4,20
7.7400,2,6,-3,16,22,20,-1,13,9,-27,6,8,-10,4,17,12,12,-6,0,12,-1,20,27,13,2,-8,1,9,0,29,-6,-15,23,6,6,9,-3,13,3,20,-8,-18,2,6,-10,-7,-6,21,4,-8,5,13,-4,14,1,9,5,-1,-2,9,2,13,2,14
7.7600,-3,3,3,9,20,19,-2,10,5,-23,6,10,-7,4,15,5,10,-13,2,9,1,19,28,10,4,-11,7,3,1,30,-10,-11,18,5,2,7,-6,17,1,22,-2,-18,3,8,-10,-11,-7,24,5,-3,3,11,-1,18,0,18,6,1,-2,7,1,13,-1,12
7.7800,-10,4,6,8,23,23,-9,17,4,-20,3,10,-8,0,15,12,16,-9,5,10,-3,13,34,7,3,-7,3,9,8,27,-12,-15,19,4,1,8,-12,10,-2,19,-1,-12,1,9,-7,-7,-1,25,5,-5,9,7,-4,9,-1,20,3,-5,5,8,4,14,0,20
7.8000,-9,2,4,9,24,19,-5,16,6,-18,3,11,-4,5,21,16,10,-16,2,10,-9,17,29,6,8,-11,3,13,3,28,-16,-14,19,6,0,5,-15,17,-6,19,-4,-13,5,11,-10,0,-1,31,8,-1,4,11,-1,19,-1,18,6,-2,3,10,0,17,1,12
7.8200,-9,1,1,11,21,16,-7,15,4,-18,4,12,-5,4,18,17,12,-15,5,9,-5,14,31,-2,9,-13,2,9,10,31,-20,-9,17,6,-2,7,-19,18,-11,18,-3,-10,0,10,-9,-3,-8,31,6,-3,3,6,3,17,1,15,6,-2,3,5,-6,14,3,14
7.8400,-15,5,-2,6,27,20,-4,12,7,-23,2,11,-8,1,19,19,10,-18,-1,13,-4,10,31,-5,9,-12,1,8,7,31,-20,-12,16,2,-1,7,-23,10,-12,21,3,-12,-1,9,-10,2,-6,28,5,-8,3,4,2,14,6,14,5,-4,1,8,-3,12,-2,21
7.8600,-15,5,1,11,26,21,-6,12,0,-15,0,12,-6,10,18,21,11,-18,-3,10,-6,8,24,-7,14,-12,-2,11,5,28,-23,-13,18,2,-2,11,-22,18,-14,16,-4,-6,-4,7,-6,9,-8,35,2,-3,-2,7,1,18,2,16,4,-2,-2,10,0,12,3,15
7.8800,-18,5,-2,13,24,20,-9,11,-2,-10,-3,8,-6,12,15,21,11,-17,-1,8,-3,11,26,-5,16,-15,-3,12,1,29,-20,-16,15,0,-4,11,-21,16,-12,20,2,1,-4,10,-7,12,-12,39,7,-2,-3,4,3,15,1,18,-1,-5,-4,8,-2,13,0,18
7.9000,-15,6,1,11,21,21,-1,13,0,-2,-3,11,-7,6,12,20,8,-24,-2,14,-3,12,23,-8,17,-11,-2,9,3,22,-19,-11,14,-1,-6,8,-22,22,-16,17,-2,-2,-4,9,-4,9,-5,34,6,-3,2,6,0,13,4,14,5,0,-1,8,-1,11,2,14
7.9200,-17,2,-4,13,14,18,-10,13,0,-3,-4,10,-8,10,10,18,8,-16,-4,14,0,11,20,-10,15,-14,-5,5,4,24,-20,-14,10,0,-4,6,-25,19,-10,16,-1,-4,-8,8,-10,14,-7,38,4,-1,-2,8,-8,11,1,12,9,-4,-11,11,-4,17,-4,18
7.9400,-15,2,-6,7,12,19,-5,20,-1,0,-7,11,-7,8,12,22,0,-19,-5,10,-1,8,22,-12,11,-14,-9,15,6,18,-19,-3,13,2,-5,13,-19,21,-11,12,2,-6,-6,13,-6,22,-8,35,5,-2,-11,13,-3,18,1,13,1,-2,-11,17,-5,10,-1,12
7.9600,-14,3,-6,9,6,22,-8,15,-4,5,-3,6,-9,7,3,19,2,-18,-9,11,3,8,26,-7,14,-6,-10,3,0,16,-15,-3,8,2,-5,13,-24,22,-12,7,-5,-9,-7,8,-7,18,-9,32,3,-5,-7,4,-4,14,2,13,7,-1,-10,9,-2,15,-2,17
7.9800,-11,5,-7,11,3,21,0,16,-2,8,-7,10,-9,10,2,19,-1,-13,-5,10,3,8,13,-6,9,-4,-8,8,3,9,-10,-2,9,3,-4,4,-18,22,-8,10,5,-7,-11,7,-10,23,-1,36,4,-2,-4,6,1,11,2,13,2,-5,-8,8,0,15,5,12
8.0000,-7,5,-7,9,5,17,0,20,-7,7,-9,11,-10,7,-1,21,-4,-14,-12,8,3,9,11,-7,12,-4,-3,6,6,10,-8,8,3,5,-7,9,-16,26,-8,8,1,-13,-7,12,-2,21,-2,32,3,-8,-8,14,-7,12,0,20,8,-1,-7,11,0,13,1,15
8.0200,-7,0,-6,5,0,16,-4,19,-8,5,-11,10,-10,8,-7,26,0,-21,-9,11,2,4,10,-2,12,5,-9,6,-1,11,-4,7,4,4,-3,12,-16,26,-9,8,-2,-15,-9,9,-6,21,-3,30,8,-3,-5,14,-2,14,-3,15,7,-4,-6,15,1,11,0,11
8.0400,-8,-4,-11,12,-4,13,-1,17,-10,3,-7,10,-11,3,-4,24,-5,-15,-8,14,3,5,7,-3,9,3,-10,8,-3,10,0,6,10,10,-4,9,-12,28,-7,4,-5,-20,-10,11,-5,21,1,30,4,-3,-8,15,-4,17,0,15,1,-2,-9,16,-1,11,3,18
8.0600,-5,-3,-9,8,-2,15,-2,16,-7,5,-10,15,-5,7,-3,24,-2,-10,-10,11,1,11,8,4,7,4,-8,13,4,10,-4,9,10,5,-6,12,-11,25,-5,6,-3,-19,-10,8,-2,19,3,27,5,-4,-6,20,0,10,1,14,1,-6,-12,11,1,10,1,21
8.0800,0,-4,-4,7,-2,15,-3,18,-10,-1,-7,13,-3,3,-5,26,-2,-11,-8,12,-2,6,2,10,9,5,-8,9,6,9,-3,16,13,5,-9,14,-10,24,-5,5,-5,-27,-11,10,-3,18,8,27,11,0,-6,17,2,16,0,19,2,0,-11,13,2,12,2,18
8.1000,-5,-9,-9,8,0,15,-5,13,-11,3,-6,7,-2,6,0,21,-6,-10,-8,11,3,5,-2,8,4,7,-6,12,7,10,-1,15,13,7,-7,15,-10,28,-3,6,-7,-27,-7,12,0,17,14,24,4,-3,-9,22,-1,16,1,15,3,1,-6,11,-3,13,4,16
8.1200,-2,-13,-7,9,4,18,-13,17,-9,1,-7,15,-4,4,2,21,-2,-8,-10,13,1,5,1,14,7,10,-9,13,6,14,-7,18,20,7,-10,8,-8,25,-1,6,-2,-25,-10,13,5,16,16,24,2,-3,-6,28,0,16,1,20,5,-7,-8,13,0,15,2,13
8.1400,-5,-11,-6,8,12,15,-17,17,-5,-6,-4,10,-5,-2,2,21,-5,-7,-7,15,2,7,-4,18,5,10,-1,9,11,14,-7,18,23,4,-8,12,-7,27,-3,1,-3,-30,-9,9,5,17,12,17,8,-3,0,21,0,14,5,13,-1,0,-6,11,-1,13,2,14
8.1600,-3,-13,-6,10,8,16,-21,10,-4,-1,-7,9,-4,-4,3,21,-8,-5,-5,13,-1,5,-3,21,7,13,-2,11,15,14,-15,22,30,0,-4,10,-3,20,1,1,-7,-30,-4,10,13,10,14,20,8,-6,-2,26,1,15,2,18,9,-5,-5,12,-7,17,0,16
8.1800,-1,-16,-6,6,14,16,-21,11,-5,-7,-6,7,-4,-3,3,20,-5,-8,-8,14,-11,9,-8,21,1,11,-7,8,19,14,-13,19,32,2,-1,8,-3,20,-1,4,-1,-36,-8,13,12,12,20,18,3,-4,-3,21,1,17,0,16,4,-3,-6,10,-2,11,2,11
8.2000,3,-19,-4,9,21,14,-21,4,-1,-9,-6,14,-5,-6,12,18,-3,-2,-8,7,-12,6,-9,28,11,17,-7,14,18,24,-14,21,37,-2,-3,9,-5,18,-1,9,-1,-36,-5,11,15,11,22,15,1,-9,-3,22,-2,16,3,13,7,-3,-8,11,-1,14,5,13
8.2200,-4,-19,-5,9,21,14,-24,0,5,-7,-6,8,-3,-7,8,17,-6,-8,-15,12,-15,11,-4,29,7,14,-6,8,20,21,-20,24,36,-2,-4,9,-11,13,-2,6,4,-37,-7,10,16,6,23,18,2,-1,-5,19,-3,13,3,17,3,1,-8,13,-1,17,1,18
8.2400,-4,-24,-3,12,23,12,-17,-1,1,-5,-4,11,-6,-9,10,14,-3,-8,-7,8,-18,14,-8,35,1,15,-8,6,22,17,-21,27,41,-6,-3,12,-5,14,1,2,3,-37,-9,10,20,6,22,17,3,-6,-7,20,0,14,-3,15,3,1,-7,11,-2,15,1,14
8.2600,-6,-22,-12,7,23,13,-17,-7,4,-11,-6,6,-3,-14,13,17,-4,-4,-7,4,-19,9,-9,42,4,18,-8,11,21,23,-26,23,40,-7,-7,6,-10,8,0,5,5,-36,-3,12,19,10,23,23,11,-6,-6,17,-2,14,0,14,3,-4,-8,11,0,15,3,18
8.2800,-7,-27,-3,10,26,15,-14,-6,5,-5,-6,6,-2,-17,11,15,-5,-5,-7,12,-22,9,-10,43,7,18,0,11,15,26,-27,25,38,-6,-2,8,-11,10,-2,1,7,-43,-5,10,23,5,22,18,2,-2,-4,15,3,13,1,18,4,-1,-8,13,-2,16,-1,17
8.3000,-3,-25,-7,8,30,14,-15,-12,8,-7,-10,11,-1,-10,16,21,-8,-8,-7,11,-25,15,-11,41,4,17,-8,9,13,29,-27,31,42,-9,-5,9,-9,9,2,4,11,-42,-4,13,17,13,23,17,8,-5,-5,14,1,15,2,20,-1,-5,-4,10,-5,13,3,19
8.3200,-6,-25,-5,16,29,14,-8,-10,14,-1,-1,12,3,-13,16,18,-5,-4,-5,9,-29,12,-16,47,6,19,-4,13,14,23,-29,30,40,-10,-4,12,-10,2,-1,5,10,-46,-9,10,23,11,25,20,6,-3,-6,18,-1,12,3,18,2,2,-6,12,0,14,1,16
8.3400,-4,-21,-9,9,28,11,-11,-14,16,-3,-7,6,-2,-7,14,16,-3,-9,-4,10,-25,7,-18,50,-2,17,-4,8,12,22,-27,36,39,-10,-5,11,-11,3,1,8,15,-47,-11,8,23,19,25,18,10,-3,-2,20,-5,12,3,18,6,-5,-9,9,3,15,1,17
8.3600,-6,-24,-4,11,28,12,-8,-17,19,0,-4,11,2,-8,15,20,-4,-8,-8,13,-27,13,-21,48,4,21,-5,6,10,28,-23,32,39,-18,-2,13,-7,0,1,13,12,-43,-2,10,21,20,29,22,6,-2,-3,16,-1,16,4,17,6,-4,-4,11,-2,19,-1,13
8.3800,-1,-20,-4,14,32,11,-5,-12,27,4,-3,7,2,-7,16,20,-10,-9,-3,8,-28,11,-14,54,7,19,-6,6,7,21,-20,36,35,-15,-5,10,-8,-1,3,6,12,-45,-6,14,17,19,28,23,7,-6,-6,16,-5,13,3,17,-2,-3,-7,14,-5,9,4,15
8.4000,1,-21,0,8,34,13,-10,-10,21,6,-3,13,0,-2,9,17,-9,-10,-4,11,-33,10,-22,49,5,19,-6,10,11,23,-24,36,33,-15,-2,12,-5,-6,0,6,17,-42,-10,9,14,20,27,18,2,-5,-1,22,-1,12,-1,18,11,-5,-5,6,-6,14,5,17
8.4200,1,-17,-5,5,31,16,-10,-11,24,7,-1,9,0,-3,6,19,1,-10,-6,10,-29,13,-22,57,10,18,-5,10,7,21,-24,40,38,-14,-3,8,-8,-7,-2,7,17,-39,-2,8,14,26,23,25,4,-7,-3,17,0,16,1,19,-2,-4,-6,5,-2,13,2,16
8.4400,9,-13,-6,11,28,15,-8,-10,23,8,-3,13,-5,4,6,17,-1,-12,-2,9,-28,14,-23,56,4,23,-4,7,13,16,-19,43,36,-11,-5,9,0,-10,0,6,13,-39,1,8,9,27,26,25,4,-6,-2,19,-2,16,2,15,7,0,-3,8,1,14,1,17
8.4600,2,-6,1,9,29,10,-9,-7,30,9,-2,13,-4,-1,6,20,2,-15,-6,8,-25,10,-28,54,4,20,-1,8,3,20,-23,40,31,-12,-2,8,-5,-9,0,11,10,-39,-1,13,5,28,26,27,6,-3,3,18,0,13,4,11,7,-4,-6,11,0,9,4,17
8.4800,8,-1,0,10,30,12,-10,-5,30,11,3,6,-1,-1,1,19,-4,-15,-1,7,-20,11,-24,55,5,16,1,11,8,19,-25,43,34,-14,-5,10,1,-8,2,10,17,-35,0,9,1,29,19,29,2,-7,2,22,1,15,1,15,9,-1,0,9,-1,12,-3,15
8.5000,7,-1,-3,11,26,13,-7,-3,30,12,4,9,3,-1,-3,17,-1,-11,5,14,-20,13,-21,55,9,16,3,11,7,14,-17,45,34,-13,0,10,4,-8,-1,18,11,-35,-3,16,-2,30,18,27,4,-1,2,21,0,14,-1,16,6,-3,0,14,4,12,3,19
8.5200,11,0,1,15,24,12,-9,6,28,10,1,8,-3,-5,2,16,6,-14,2,16,-15,12,-17,57,7,8,1,9,9,7,-20,40,30,-13,2,8,5,-10,3,11,15,-34,1,11,-5,32,14,32,2,-7,6,21,-5,12,0,12,5,-3,0,9,2,13,0,16
8.5400,7,0,4,9,22,4,-4,6,25,15,5,10,1,-6,-3,24,2,-17,3,10,-12,9,-19,53,6,7,4,12,4,8,-12,36,37,-11,5,10,3,-7,2,15,14,-33,4,8,-8,30,13,29,9,-3,0,20,1,12,-2,14,5,-7,2,10,1,11,2,12
8.5600,13,4,2,14,17,8,-5,5,27,13,7,10,1,-4,-9,15,7,-17,2,11,-11,16,-15,52,2,5,4,10,8,10,-15,35,32,-15,3,12,6,-8,-1,9,15,-33,4,10,-8,31,9,30,5,1,3,23,0,16,5,12,5,-2,1,12,-5,16,2,15
8.5800,10,11,-2,9,18,10,-2,11,23,18,-4,12,5,-12,1,17,3,-12,3,13,-7,10,-16,48,6,1,0,10,6,9,-11,33,31,-10,2,14,11,-2,2,18,14,-32,0,11,-18,34,4,34,9,-4,4,20,-4,17,0,20,6,-5,4,14,-1,17,2,17
8.6000,13,8,-2,11,15,6,-3,15,23,14,0,12,4,-10,0,18,13,-19,6,17,-8,14,-8,44,6,0,1,11,1,12,-8,29,28,-14,1,8,6,-4,2,21,9,-28,-1,10,-15,34,-1,30,8,-5,1,25,-4,13,1,18,-1,-5,0,13,-4,12,4,17
8.6200,8,14,-2,12,9,9,-2,17,23,15,4,12,0,-9,-5,18,8,-18,-1,8,0,13,-3,47,3,-2,-1,14,4,12,-7,24,26,-14,2,8,3,0,4,17,13,-32,-3,11,-15,32,-1,31,10,-1,-2,24,-4,16,3,20,5,-8,3,17,-4,15,1,16
8.6400,18,14,-7,13,10,11,-3,20,19,11,1,12,5,-14,-4,12,8,-18,-3,16,0,12,-2,38,-2,-4,4,14,-1,7,-8,18,28,-9,-1,12,3,3,2,15,13,-36,3,11,-16,31,-3,28,12,-2,-1,22,2,18,-2,12,4,-3,1,14,0,15,3,11
8.6600,10,15,-6,10,5,9,-1,21,13,12,0,14,0,-7,-2,13,13,-16,4,9,4,11,5,35,2,-9,2,13,0,14,-5,14,27,-7,-7,11,10,4,4,20,6,-30,-2,15,-23,28,-8,29,10,-1,-6,26,-2,12,0,15,8,-3,-2,11,1,13,0,16
8.6800,11,13,-4,5,5,10,-4,23,14,12,-4,11,-1,-11,5,20,9,-12,-1,11,12,18,10,38,-1,-9,-3,12,1,13,4,8,25,-4,-2,12,10,7,7,20,10,-29,-2,10,-20,30,-9,29,1,0,-5,20,3,12,3,11,4,-2,-5,16,-5,14,0,15
8.7000,14,14,-1,12,7,9,1,18,9,12,-5,13,-4,-8,4,15,10,-14,-4,11,9,10,15,35,-1,-11,-1,13,5,14,-3,6,23,-3,-3,12,4,10,10,20,5,-33,-7,13,-22,27,-9,28,4,-1,-5,28,3,12,1,16,3,-7,1,16,2,15,4,16
8.7200,10,15,-2,11,4,11,0,26,4,12,-5,15,-1,-4,9,16,8,-8,-9,13,8,12,19,34,-2,-10,-4,12,1,17,-4,-2,25,-4,-6,12,9,13,11,18,4,-22,-10,6,-21,26,-10,26,7,2,-6,22,-4,14,3,16,0,-5,-4,11,-3,17,-1,14
8.7400,14,15,-3,13,5,13,-4,27,1,10,-2,13,-5,-7,9,15,6,-12,-1,13,13,9,24,35,2,-12,-6,14,5,17,-5,-2,23,1,-3,17,10,18,8,16,2,-27,-1,12,-20,23,-8,23,4,-2,-2,29,2,15,4,18,9,-1,-2,14,-4,12,4,15
8.7600,5,13,-6,10,13,15,-11,30,0,5,-2,12,-8,-5,9,17,8,-4,-7,8,14,10,29,33,-5,-9,-5,8,8,19,3,-5,25,1,-6,13,7,23,14,16,3,-32,-3,12,-19,18,-7,21,6,-5,-5,31,0,14,1,15,6,-5,-7,14,-2,15,3,16
8.7800,11,15,-4,17,16,18,-9,28,3,0,-5,14,-3,2,8,17,1,-4,-5,10,12,11,29,34,1,-10,-6,13,9,18,-2,-9,23,0,-6,12,3,27,9,16,8,-28,-5,12,-19,22,-8,18,-1,-7,-4,28,-2,13,-1,14,9,0,-7,16,4,16,6,11
8.8000,4,11,-1,14,19,16,-18,32,-5,-9,-2,14,-3,-1,10,15,4,-6,-6,12,18,6,30,35,-7,-1,-3,11,12,25,1,-13,23,-2,-5,12,4,26,8,14,1,-24,-9,12,-18,21,-9,16,3,-5,-6,27,-4,13,-2,13,0,-1,-3,12,1,13,2,15
8.8200,5,17,-3,11,23,19,-19,33,-6,-4,-3,13,-7,-1,7,22,3,-4,-1,11,15,13,32,35,-3,-7,-3,10,19,23,-1,-12,27,3,-7,8,2,29,8,13,5,-23,-2,8,-17,15,-7,17,7,-4,-2,26,-2,12,-3,22,3,-1,-2,13,0,15,0,17
8.8400,4,15,-4,13,29,20,-23,34,-11,-2,-5,13,-6,-1,11,17,4,-5,-7,11,18,10,28,32,-4,-8,-3,14,17,23,1,-17,28,-2,-1,13,3,30,6,9,0,-23,-1,12,-16,16,-4,17,6,1,-8,24,-4,11,0,19,5,-1,-4,14,-1,11,1,16
8.8600,6,10,0,8,32,16,-21,30,-10,-5,-4,10,-6,-4,12,16,0,-6,-3,13,17,11,32,29,-1,-6,-7,10,14,20,2,-12,28,-1,0,13,3,37,5,11,5,-22,-4,10,-17,12,-2,17,5,-2,-6,24,3,12,-2,20,5,-3,-2,11,-4,13,-1,19
8.8800,2,10,0,12,32,20,-17,35,-17,-8,-4,13,-7,-4,21,17,-3,-6,-4,14,14,10,29,32,0,-6,-4,10,18,27,-3,-12,28,1,-5,9,0,33,6,8,6,-19,-4,11,-16,13,-4,22,0,1,-4,27,-3,16,0,15,5,-4,-8,13,-6,12,-1,12
8.9000,3,11,0,14,33,27,-21,28,-14,-9,1,13,-8,0,12,18,-3,1,-7,13,15,11,26,28,1,-5,2,10,19,32,0,-14,32,-4,-2,9,2,30,2,4,3,-16,-5,14,-10,7,-1,15,10,-3,-3,21,0,13,-2,18,3,-4,0,11,2,6,2,15
8.9200,-2,9,1,8,33,15,-21,28,-16,-7,-5,12,-6,1,10,18,-4,-4,-1,15,10,6,22,29,-2,-6,-1,8,22,25,-5,-8,29,-3,2,16,-6,34,5,5,4,-19,1,10,-10,4,1,18,2,-1,3,22,1,13,0,18,5,-2,-2,14,-2,12,2,18
8.9400,3,4,-1,13,33,14,-17,30,-20,-15,1,13,0,0,9,18,-3,-6,-4,10,13,15,24,27,2,-1,-4,8,16,22,-8,-7,29,-10,-2,10,0,30,-1,10,12,-17,-2,13,-10,7,3,13,5,-3,-5,19,-2,13,2,17,5,-3,-3,6,2,13,-3,17
8.9600,8,6,-5,8,30,10,-7,32,-18,-13,-6,11,-1,-4,9,11,-4,-11,-4,11,15,15,17,24,6,-2,-3,14,17,23,-4,-6,24,-9,-2,11,2,43,-5,8,13,-21,-4,13,-6,2,1,19,4,-5,-2,18,2,14,0,16,1,-3,-2,11,1,14,-3,15
8.9800,5,6,-10,8,26,17,-8,32,-17,-14,-3,16,-1,0,15,17,-4,-6,-1,12,11,17,13,27,7,-4,-5,13,11,26,-3,1,25,-10,-5,12,-3,38,-1,9,11,-16,4,11,-5,4,1,16,2,-5,-3,22,-2,13,-1,19,2,-2,-2,10,-2,14,-1,16
9.0000,7,9,-8,9,28,12,-1,27,-15,-17,0,15,3,4,15,7,-1,-14,-6,12,14,23,14,24,11,-4,-1,6,4,23,-1,5,22,-3,-8,9,3,39,-5,7,9,-20,-9,11,-3,-1,-1,25,3,-5,-3,17,2,14,0,14,5,0,1,13,-2,13,4,16
9.0200,4,2,-9,13,23,17,-2,28,-16,-15,-7,12,1,9,5,8,-4,-7,-8,12,5,23,9,26,8,-3,-4,10,-4,26,-7,5,18,-9,-8,11,1,37,-3,6,11,-20,-2,9,-9,-1,2,24,1,-4,-2,19,-1,12,2,17,3,0,-6,9,2,15,3,17
9.0400,6,1,-8,13,22,8,3,27,-18,-19,-5,13,-2,6,9,5,2,-7,-4,11,10,24,7,18,7,-3,-7,10,-1,20,-15,8,18,-5,-8,10,0,35,-3,8,8,-14,-4,11,-2,-3,5,24,13,-8,-9,16,2,14,-3,18,1,-9,-8,9,4,8,0,15
9.0600,9,5,-7,8,17,7,8,29,-19,-19,-5,15,0,11,4,4,-2,-14,-5,14,13,26,-2,18,12,-4,-7,8,-6,26,-19,15,16,-3,-5,11,2,35,-6,8,10,-21,-5,11,-6,-4,0,26,5,-6,-5,14,1,13,4,17,5,2,-8,10,-2,18,1,17
9.0800,8,3,-11,9,18,9,12,29,-17,-22,-4,12,1,12,7,4,0,-14,-2,14,9,29,1,21,2,0,-4,10,-15,18,-14,18,17,-4,-4,13,4,32,-1,13,1,-17,-6,6,-3,-5,4,24,9,-2,-6,18,1,12,-2,17,5,-2,-8,11,-3,15,2,18
9.1000,12,1,-13,9,10,11,18,23,-13,-18,-8,12,0,14,5,2,6,-14,-8,14,9,27,0,16,7,3,-7,7,-11,15,-20,19,14,-6,-9,12,6,31,2,10,8,-17,-2,12,-8,-3,9,25,5,-4,-11,14,-1,12,2,18,7,-7,-7,11,-1,8,2,15
9.1200,10,5,-10,10,6,8,17,27,-9,-23,-11,13,4,12,1,5,5,-12,-10,12,9,32,-7,18,4,2,-10,9,-15,12,-19,24,6,-4,-7,11,3,24,1,17,9,-14,-7,13,-3,0,7,27,7,-2,-6,16,-3,8,2,13,4,0,-10,8,1,12,-3,14
9.1400,14,-2,-10,12,8,10,19,21,-8,-22,-13,17,1,11,1,0,4,-9,-8,12,4,26,-10,17,4,4,-11,11,-15,17,-20,24,8,-1,-14,7,0,23,-3,19,5,-13,-5,4,-4,-3,14,31,6,-4,-9,13,-2,13,1,17,6,-2,-5,12,3,16,-1,13
9.1600,8,1,-9,9,9,12,17,21,-6,-17,-8,14,6,9,-3,0,4,-8,-8,8,2,29,-10,22,3,8,-4,7,-17,9,-19,26,7,-2,-11,10,3,21,5,21,4,-9,-5,12,-2,-3,9,26,4,-4,-6,11,-1,9,2,14,5,-5,-7,13,3,17,1,16
9.1800,4,1,-8,15,8,11,8,17,-8,-22,-7,17,4,15,-4,-2,8,-6,-3,11,-4,22,-12,18,7,5,-7,6,-16,14,-27,26,9,-5,-5,13,-1,17,3,13,4,-12,-10,12,-3,-1,10,29,3,-4,-2,15,2,11,0,13,3,-1,-12,10,4,15,1,15
9.2000,6,2,-8,12,6,9,12,12,-1,-26,-7,18,-3,13,-1,1,3,-12,-5,5,-4,24,-12,24,5,7,-3,9,-13,9,-26,22,10,-1,-3,9,1,18,5,14,4,-9,-4,10,-4,2,7,26,7,-2,-2,18,2,9,3,15,1,-1,-11,11,0,14,3,14
9.2200,2,0,-4,13,9,13,12,7,4,-18,-4,14,-2,4,1,1,2,-8,-7,17,-7,25,-7,26,-2,4,-11,10,-14,9,-32,27,10,-7,-6,12,0,13,3,14,3,-8,-4,8,-6,4,9,29,7,-4,-3,13,-1,11,5,17,8,-6,-5,11,-3,14,4,17
9.2400,5,5,-8,8,5,12,10,7,6,-20,-10,15,0,9,-7,4,3,-10,-5,13,-14,26,-11,22,4,5,-10,11,-10,10,-26,27,7,-3,0,14,-2,10,4,13,8,-8,-8,12,-5,0,11,24,9,0,-2,13,1,13,1,14,4,-1,-7,7,4,14,2,18
9.2600,2,3,-2,11,6,12,10,4,10,-17,-7,14,-2,2,-7,9,3,-9,-1,12,-17,26,-11,25,-2,0,-5,8,-9,7,-28,28,13,-5,-5,8,-3,10,8,11,4,-12,-3,9,-7,1,10,22,4,-7,-4,10,-2,12,3,14,5,-2,-5,13,5,11,1,16
9.2800,3,3,-10,15,13,11,6,-6,12,-11,-8,12,-2,-2,-9,10,6,-10,-4,13,-18,19,-12,24,-2,6,-5,11,-7,10,-23,28,13,-9,-5,11,-3,6,-1,9,2,-11,-4,11,-5,5,13,25,4,-4,-4,15,1,9,-3,14,4,1,-6,13,1,13,3,16
9.3000,-2,-3,1,13,12,16,4,-6,11,-17,-3,14,-4,-3,-4,12,2,-6,-3,13,-20,17,-11,30,-3,1,-1,14,-6,12,-22,24,20,-13,-8,17,-5,8,2,14,6,-11,1,13,-5,7,7,21,1,-3,-6,12,-6,13,2,19,0,-5,-4,18,-3,12,0,14
9.3200,-2,-3,-3,14,12,17,2,-9,7,-12,-5,8,-5,-6,-3,14,-3,-5,-6,15,-24,17,-8,32,0,1,-5,9,-4,11,-22,25,17,-15,-3,5,-5,9,6,12,13,-9,-3,13,-1,6,11,16,7,-5,-2,11,2,10,-1,14,4,4,0,9,-4,12,0,18
9.3400,-4,-9,-2,14,17,13,-1,-17,10,-10,-6,7,-1,-10,0,18,-2,-5,-3,11,-28,11,-10,28,-1,5,-3,12,2,14,-25,26,18,-11,-5,12,-5,2,4,7,11,-14,-5,13,6,6,10,18,1,0,-5,17,-3,16,1,12,3,-1,-5,13,1,15,6,18
9.3600,-3,-5,1,14,14,15,-3,-12,11,-8,-2,8,-9,-4,5,11,-4,0,-2,11,-30,13,-10,33,-4,2,-7,11,6,15,-21,27,19,-19,-7,13,-11,9,7,3,17,-9,-7,11,3,8,5,16,5,-3,-4,16,-2,20,2,18,1,-8,-5,11,6,14,1,16
9.3800,-4,-9,-9,14,14,15,-4,-16,15,-9,-4,10,-8,-6,5,14,-6,-4,2,11,-32,11,-8,32,0,0,-6,9,5,17,-16,25,17,-21,-1,14,-11,6,0,0,18,-9,-5,11,9,15,0,15,3,-6,-6,15,1,18,6,20,6,-2,-5,13,-3,12,0,17
9.4000,0,-12,-8,15,7,16,-9,-19,13,1,-7,5,-7,-6,8,20,-3,-1,-3,16,-34,10,-10,34,5,-6,1,13,9,19,-20,27,18,-16,1,14,-10,6,-1,3,20,-7,-10,11,9,15,4,17,4,-1,-6,20,3,23,-4,17,4,0,-6,14,1,9,4,18
9.4200,-2,-15,-3,14,14,15,-9,-14,16,-5,-2,-1,-4,-5,3,19,-4,-6,-3,17,-31,9,-7,33,-1,-8,1,12,11,18,-11,26,20,-19,0,11,-8,0,0,0,15,-12,-4,15,9,16,-1,18,3,-6,-5,20,-1,24,0,16,8,-2,-4,12,-1,17,0,18
9.4400,0,-15,-2,13,11,17,-9,-14,16,1,-4,2,-1,-1,8,20,-9,-2,-7,12,-30,1,-2,25,6,-3,-2,11,15,19,-17,28,21,-22,0,13,-11,5,1,7,22,-16,-7,11,12,19,0,10,1,-3,-5,16,0,28,3,11,7,-7,-4,16,-4,17,2,17
9.4600,-1,-14,0,9,14,13,-12,-15,9,-2,-1,-1,-1,1,13,15,-7,-1,-2,11,-28,2,-9,27,5,-1,-4,10,14,20,-11,25,17,-16,-1,11,-9,8,-4,6,18,-11,-2,14,13,23,2,17,1,-5,-8,23,2,27,-1,15,5,0,-4,10,-4,15,2,12
9.4800,-2,-14,-6,17,9,12,-12,-16,12,6,-4,2,4,1,14,26,-3,-4,-4,13,-29,5,-7,25,8,-4,-6,12,10,22,-15,28,14,-16,2,12,-10,8,-1,1,16,-12,-1,11,13,30,5,17,4,-1,-6,19,5,28,2,16,8,1,-3,13,-6,15,2,16
9.5000,2,-13,-3,13,12,11,-14,-17,10,8,-4,-2,0,8,6,21,-5,-10,-3,13,-24,9,-11,25,6,-1,-1,16,11,24,-10,26,12,-19,-6,18,-6,3,-11,9,20,-12,0,9,16,26,4,16,4,-5,-2,19,2,27,4,13,10,-3,-2,13,-4,12,1,20
9.5200,1,-14,-5,16,15,10,-12,-10,6,10,-2,-1,3,6,9,21,0,-10,-3,11,-26,7,-13,21,6,3,-2,12,16,23,-16,29,11,-14,-1,10,-1,7,-2,8,16,-14,-3,10,6,25,5,21,5,-3,-6,17,1,31,2,16,6,-4,-3,18,-1,16,-3,13
9.5400,2,-13,-2,13,12,7,-13,-8,12,11,-1,0,4,9,11,19,4,-11,1,9,-22,7,-13,16,7,6,-2,13,14,18,-2,32,9,-12,0,15,-4,5,-2,11,12,-12,-1,10,11,27,9,26,3,-9,-4,22,3,29,-1,15,8,3,1,10,3,10,1,16
9.5600,4,-11,-2,16,9,6,-18,0,14,12,1,3,7,15,9,23,2,-13,3,11,-21,7,-13,10,9,2,-7,17,13,20,-5,31,12,-16,-3,12,-5,4,-4,9,13,-8,-2,16,8,32,9,21,7,-4,0,23,-1,23,4,18,5,-1,1,16,0,15,1,20
9.5800,3,-5,2,17,6,5,-19,0,12,13,-1,3,8,15,9,22,3,-11,0,10,-15,3,-18,6,6,1,2,8,11,22,-5,32,2,-17,3,11,-2,10,-4,16,18,-6,2,13,8,24,8,27,6,-7,3,20,1,27,1,17,4,-5,-4,15,-3,16,1,14
9.6000,6,-6,-5,14,2,5,-17,4,12,10,-2,-1,8,19,2,24,4,-18,0,17,-8,6,-17,9,10,5,0,14,17,22,-3,31,8,-13,3,8,-2,11,-2,16,18,-9,1,13,8,31,8,32,8,-6,1,22,0,26,-3,12,0,-5,3,17,-1,13,2,19
9.6200,3,-9,-2,21,5,3,-22,9,7,14,0,5,8,18,7,23,4,-19,-5,10,-9,11,-17,6,8,3,-1,12,18,18,5,31,2,-12,0,13,2,9,-2,16,13,-7,1,12,3,29,11,29,10,-6,-2,22,-1,16,3,14,9,-3,-1,11,-3,15,0,14
9.6400,1,-8,-4,12,1,-2,-17,14,5,14,-5,7,10,22,5,21,8,-21,-4,13,-7,9,-16,6,5,9,0,11,16,19,2,31,7,-6,-2,12,3,11,-2,21,12,-8,-1,10,-4,29,15,33,7,-7,-5,17,2,18,3,14,3,-3,-8,10,-2,16,-2,12
9.6600,5,-3,-5,12,5,2,-19,15,11,11,-1,9,11,22,5,24,9,-23,2,15,-2,6,-14,1,3,5,2,12,16,20,7,29,5,-6,-1,9,3,11,3,18,11,-8,3,12,4,32,16,33,5,0,1,20,1,12,-2,16,6,-3,-4,15,-5,10,7,14
9.6800,6,-3,-7,11,2,2,-19,16,4,12,-5,9,6,20,1,22,10,-20,-1,13,-1,5,-14,-1,2,8,0,14,14,16,9,28,1,-6,-3,11,0,16,3,21,13,-10,-2,11,-7,31,19,39,7,-2,-1,18,2,7,-3,15,4,-5,-4,13,0,16,3,18
9.7000,8,0,-5,11,-2,3,-22,16,0,11,-2,8,9,23,4,24,8,-24,-1,13,4,4,-11,1,0,12,0,13,19,15,10,28,4,-9,-4,7,6,12,4,22,6,-14,-3,12,-2,31,16,36,1,-5,-3,17,0,4,3,16,5,-2,-2,9,2,6,-4,14
9.7200,7,-1,-6,15,-6,6,-15,19,2,11,-7,22,4,21,0,25,7,-23,-1,14,6,6,-9,5,-2,10,-1,12,18,14,13,27,8,-6,-4,10,3,13,7,18,6,-6,1,12,-10,29,17,31,7,-6,-5,12,1,2,-2,12,7,-2,-3,14,0,16,2,14
9.7400,7,0,-5,14,-6,5,-22,21,3,12,-7,19,10,22,-1,22,10,-18,-8,14,8,2,-11,7,2,12,-1,13,15,13,12,26,11,-6,-4,17,5,11,7,19,5,-12,-3,6,-9,30,11,41,5,-6,-3,20,3,0,0,14,6,-7,-2,11,-3,15,2,16
9.7600,7,5,-10,12,-10,2,-21,25,-1,13,-7,26,10,18,0,21,8,-15,-7,14,3,2,-8,10,-3,7,-2,15,19,12,20,25,15,-7,-10,10,-1,18,10,20,9,-4,-4,14,-9,28,13,33,9,-6,-6,14,3,-3,-2,18,1,-3,-4,16,-4,16,6,16
9.7800,11,10,-9,13,-6,7,-20,23,-1,10,-11,25,5,22,-2,28,13,-19,-1,13,8,0,-2,13,2,11,-6,17,20,13,17,28,13,-6,-2,13,1,17,10,20,6,-12,-7,11,-9,23,16,34,3,-2,-6,16,0,-2,-3,16,2,-2,-8,9,3,13,3,17
9.8000,8,6,-6,11,-3,6,-19,25,2,6,-6,29,10,18,1,26,7,-20,-8,12,13,1,-8,12,-3,11,-7,14,23,10,18,23,14,-2,-9,12,6,17,7,17,4,-5,-9,10,-12,23,12,31,5,-3,-8,15,-3,-1,-3,18,3,-4,-5,14,1,11,2,16
9.8200,5,2,-13,15,-9,6,-20,27,1,7,-7,31,6,15,1,26,5,-16,-12,10,10,-1,-5,17,-2,7,-11,17,15,12,21,21,10,-4,-6,15,2,17,8,16,0,-9,-7,12,-10,23,14,30,6,-3,-9,13,3,-5,0,18,5,-5,-7,12,-5,14,1,14
9.8400,8,5,-6,16,-8,4,-15,27,4,6,-14,30,7,15,0,27,1,-15,-9,14,10,3,-7,23,-1,7,-10,16,17,14,23,20,6,1,-10,13,1,11,12,15,8,-6,-12,9,-13,22,10,28,7,-4,-5,15,-2,-9,-2,15,6,-7,-4,12,-1,10,2,13
9.8600,7,5,-11,13,-14,6,-16,24,2,0,-7,33,7,15,3,26,7,-17,-10,14,6,-2,-3,29,-3,10,-8,14,20,17,17,22,8,0,-11,14,4,14,1,16,3,-7,-5,11,-14,16,11,23,7,-5,-11,20,-4,-8,1,16,6,-5,0,10,-2,16,1,16
9.8800,7,9,-6,12,-9,2,-17,29,5,-4,-8,31,10,15,5,24,1,-10,-8,13,7,-2,3,28,-1,6,-11,16,17,15,17,17,10,-4,-11,16,5,17,11,9,2,-8,-6,14,-8,16,7,23,1,-8,-12,17,-1,-6,-2,20,3,-2,-5,13,1,15,-2,18
9.9000,9,9,-7,11,-12,4,-17,27,6,-5,-10,33,13,15,3,27,5,-9,-10,17,7,-1,0,30,-5,2,-13,12,18,13,19,17,11,-8,-6,14,2,12,6,12,9,-5,-6,18,-13,14,9,23,5,-7,-9,20,-3,-3,1,15,6,-2,-5,13,-2,12,2,15
9.9200,5,9,-4,6,-10,1,-20,24,7,3,-6,33,11,15,7,29,5,-9,-5,15,8,2,1,25,1,2,-7,17,20,20,16,20,15,-3,-8,14,6,13,9,18,6,-11,-7,15,-12,13,5,21,7,-4,-7,14,-8,-3,-2,16,6,-2,-8,12,-5,13,4,14
9.9400,6,10,-6,13,-5,3,-19,23,10,-2,-6,27,11,11,2,26,4,-13,-5,16,13,9,1,33,-2,2,-6,15,20,17,15,18,15,-1,-11,12,2,11,7,19,6,-10,-8,11,-12,14,7,21,4,-4,-13,15,-7,2,0,18,0,-6,-4,13,1,13,3,10
9.9600,6,8,-7,8,-4,0,-20,28,4,-9,-8,26,8,5,3,23,2,-2,-4,12,2,7,-4,31,-2,2,-7,16,17,21,9,18,12,-8,-8,13,-1,15,0,13,9,-8,-11,15,-15,14,2,20,7,-10,-9,17,-7,4,-2,14,6,-3,-8,10,0,15,2,13
9.9800,5,8,-6,9,-6,-3,-15,25,6,-6,-5,22,15,4,7,17,1,-4,-6,12,9,11,4,33,2,-5,-6,15,13,23,7,18,11,-13,-7,10,-1,15,-4,18,8,-10,-5,8,-15,13,0,22,3,-7,-4,15,-6,6,-5,17,5,-7,-8,16,-1,15,-3,17
10.0000,5,11,-9,4,-1,1,-13,27,7,-9,2,16,12,1,9,20,3,-4,-8,14,8,11,7,34,0,0,-5,15,14,27,5,13,12,-8,-5,15,-3,14,1,16,6,-5,-9,11,-13,7,0,19,5,-4,-3,18,-9,9,1,12,5,-3,-8,12,0,15,0,16
10.0200,4,3,-9,3,4,-1,-13,25,3,-6,-4,17,11,6,3,16,6,-4,-10,15,5,21,2,35,2,-8,-5,14,10,19,2,15,15,-10,-4,10,-1,15,0,11,17,-13,-8,11,-19,8,-6,19,9,-4,-2,19,-7,13,-2,18,3,-6,-10,13,4,18,0,15
10.0400,4,11,-3,-1,9,-3,-9,24,5,-14,1,10,14,5,13,7,5,-4,-5,9,8,19,3,31,4,-8,-7,10,12,28,-1,16,16,-11,-5,13,-4,16,3,14,14,-15,-8,13,-13,7,0,14,2,-1,-6,17,-11,22,-4,13,3,-7,-6,13,0,13,-1,12
10.0600,7,8,0,5,10,4,-3,23,3,-6,-1,6,15,3,9,8,6,-7,-3,13,10,22,0,30,4,-12,-3,13,9,27,-4,17,15,-12,-1,14,0,16,4,19,17,-13,-4,11,-14,11,-7,16,3,-3,-7,16,-7,26,1,15,4,-5,-4,12,0,14,5,16
10.0800,8,8,-8,5,8,2,-7,26,7,-8,-3,3,14,1,8,9,7,-10,-4,10,11,24,2,30,2,-13,0,16,4,25,-8,16,15,-6,0,11,-6,16,5,16,13,-16,-4,16,-10,5,-4,21,7,-2,-5,19,-11,24,-3,14,10,-3,0,9,-2,17,3,19
10.1000,3,2,-6,6,16,5,0,22,0,-14,1,4,13,0,9,4,6,0,-2,11,5,30,-4,27,3,-13,-3,16,5,28,-13,17,16,-8,-6,16,-3,19,1,17,12,-18,-2,11,-10,7,-4,15,2,-4,-4,17,-9,28,1,18,2,-3,-6,7,-4,22,1,19
10.1200,7,1,-3,1,15,3,6,22,6,-8,1,0,10,-7,8,1,8,-3,-3,20,3,36,2,31,4,-12,-1,19,1,22,-9,20,23,-16,1,15,-5,23,3,19,14,-19,-2,15,-12,9,-8,21,12,-7,-3,23,-10,29,0,14,6,-2,-4,9,-1,16,0,22
10.1400,1,10,-3,1,21,3,6,18,2,-9,3,0,11,1,10,0,7,-3,-1,14,1,34,-1,27,2,-12,2,11,0,24,-12,15,24,-14,-1,7,-3,24,10,16,11,-20,-2,11,-7,7,-6,17,4,-3,-3,17,-9,31,2,9,6,-4,0,15,-3,16,2,16
10.1600,2,5,0,7,22,6,3,19,3,-6,3,-5,12,-1,11,0,3,-4,-3,13,0,34,3,27,3,-10,2,13,-3,21,-12,21,18,-16,-3,9,-2,21,5,18,16,-18,0,17,-7,11,-6,21,5,-4,-3,20,-8,32,-5,17,2,-6,3,12,-1,15,1,10
10.1800,2,0,0,7,20,4,3,21,1,-10,-1,-5,4,3,9,0,11,-5,-5,12,2,32,-2,21,-1,-12,-1,13,-3,22,-13,18,25,-9,1,10,-6,17,6,14,10,-17,3,16,-7,10,-10,17,1,-1,-4,18,-3,35,3,21,6,-3,1,12,3,15,6,18
10.2000,5,2,1,10,28,5,6,21,-1,-7,0,-5,9,-1,9,-6,6,-6,1,12,2,33,-5,22,-4,-13,3,17,-6,18,-19,20,27,-13,1,11,1,20,6,16,11,-14,1,12,-7,7,-7,18,5,-4,2,23,-2,32,-1,18,1,-6,0,13,-3,17,-1,18
10.2200,5,-2,1,13,27,7,9,16,1,-11,1,-8,8,-2,5,-2,5,-7,1,14,5,37,-4,26,-7,-17,1,14,-5,23,-19,16,21,-9,1,17,-2,23,10,18,14,-15,2,13,-5,17,-4,22,3,-6,-1,18,1,30,-1,19,6,-3,1,16,-1,17,-2,18
10.2400,6,0,-5,7,23,11,14,14,-3,-8,3,-5,8,6,5,-7,10,-5,2,14,5,34,1,24,-2,-11,4,16,-9,21,-18,19,24,-8,-1,10,2,26,13,18,9,-17,6,13,-6,8,-9,19,3,-5,-3,16,4,35,1,20,4,-3,3,10,-1,15,1,25
10.2600,4,4,0,15,30,9,15,15,0,-2,3,-7,4,0,2,-8,8,-7,1,16,-3,36,-7,30,-1,-5,5,11,-14,22,-20,20,21,-8,3,12,-1,22,6,16,6,-13,-1,10,-2,10,-5,25,5,-5,1,19,3,30,-2,16,8,-2,4,15,1,15,3,16
10.2800,2,-1,2,13,30,5,13,20,0,-3,3,-7,5,0,7,-2,8,-9,2,13,3,31,-3,27,-4,-7,2,8,-11,20,-16,24,21,-6,2,16,0,19,10,18,9,-19,6,12,-6,12,-4,20,0,-6,1,18,4,31,2,16,8,-3,7,16,-2,11,-1,10
10.3000,1,6,-1,19,30,10,12,18,1,-6,1,1,2,3,2,-3,8,-7,1,13,2,33,-10,31,0,-7,0,7,-14,18,-15,24,22,-6,2,13,0,19,7,14,8,-12,2,15,-4,14,-1,25,5,-4,0,21,6,29,7,16,11,0,0,13,0,11,5,17
10.3200,2,-1,0,21,31,9,16,15,3,-4,0,4,8,1,2,1,9,-7,-5,14,3,29,-4,29,0,-6,-3,10,-16,15,-22,18,22,-10,0,10,3,21,5,14,6,-15,2,13,-5,10,1,23,8,-4,0,22,11,24,9,20,4,-1,5,14,3,12,1,17
10.3400,5,-2,-1,22,29,7,19,16,9,-2,3,7,8,3,3,0,8,-6,-3,11,-2,27,-4,31,-1,-5,-2,7,-16,15,-16,24,18,-4,3,11,5,18,3,16,10,-7,5,14,-5,8,-1,18,12,-2,-5,23,7,17,6,19,4,1,1,17,1,16,-1,19
10.3600,1,-2,-1,29,28,15,21,15,8,-4,1,7,7,1,-3,0,11,-10,2,16,4,29,-6,29,2,-1,3,7,-18,10,-22,25,23,-6,1,12,-2,15,4,17,7,-9,1,13,0,15,4,18,7,2,1,22,16,14,8,19,9,-2,0,13,-1,13,0,16
10.3800,2,0,0,23,29,12,17,11,5,-8,1,13,3,1,-4,0,10,-10,1,17,-2,26,0,30,1,-4,3,7,-15,10,-17,25,23,-10,4,7,-4,11,5,17,6,-7,0,9,2,13,0,20,6,-5,-7,26,6,12,4,21,5,0,1,12,1,13,5,13
10.4000,0,-12,-1,25,23,9,20,20,6,-10,0,17,4,2,-3,1,12,-12,-3,15,2,26,-6,30,1,-3,-2,4,-19,7,-23,24,18,-5,-1,14,-1,10,6,17,9,-8,4,13,-1,7,3,20,3,0,0,21,10,7,8,20,3,1,0,11,0,14,3,17
10.4200,0,-7,-5,23,25,13,17,14,6,-10,-6,21,3,6,-5,2,4,-6,-2,18,-1,22,-3,30,-1,0,2,0,-15,4,-22,22,17,-3,-5,12,-4,11,1,19,10,-6,-2,13,-4,9,4,18,6,-4,3,21,9,7,14,16,1,-5,0,16,2,8,1,16
10.4400,2,0,-1,22,15,8,18,20,8,-7,-4,21,1,1,-4,7,1,-8,0,8,2,18,-12,29,1,1,0,4,-14,8,-19,24,17,-3,-1,8,-5,8,-2,17,7,-1,-6,15,0,3,5,17,2,-4,3,25,4,3,17,17,4,-6,-1,11,-2,12,-1,19
10.4600,4,-7,-3,26,20,16,18,11,10,-10,-8,18,3,6,-4,6,9,-8,-1,15,-3,16,-9,25,4,-3,-5,3,-15,2,-13,23,11,-10,-5,15,-5,8,2,14,6,-6,-1,13,0,5,4,19,6,0,-3,23,11,0,12,18,9,0,4,14,-2,9,2,16
10.4800,1,-5,-8,18,14,14,14,12,8,-10,-3,24,2,12,-7,16,12,1,-4,10,-3,18,-7,24,3,-1,-3,3,-14,1,-21,25,10,-8,0,12,-2,5,-1,17,7,-4,-4,14,2,8,4,18,3,-1,-6,19,9,6,10,19,5,-6,-2,14,-2,11,2,18
10.5000,-3,-4,-6,20,8,9,18,18,17,-15,-10,27,0,5,-10,13,12,-8,-6,14,1,14,-3,27,6,-3,-4,3,-21,1,-16,20,5,-8,-6,12,-4,8,4,20,9,-4,0,14,4,8,4,17,1,-5,-6,20,10,2,9,16,4,-6,-6,12,-5,14,2,16
10.5200,-1,-8,-2,15,12,15,10,9,7,-5,-10,24,-2,8,-12,13,11,-6,-9,16,-3,12,-2,22,7,-3,-4,5,-12,-1,-17,27,1,-6,-4,15,-9,10,2,22,4,-2,-7,14,-2,8,5,16,1,-2,-6,16,4,2,10,18,0,2,-8,13,1,13,-1,18
10.5400,5,-13,-8,14,5,10,12,13,6,-7,-6,24,-2,7,-14,17,8,-7,-1,13,-8,7,-5,26,-3,0,-7,7,-19,-2,-16,19,9,-3,-7,10,-10,8,2,22,6,-2,-3,6,3,3,4,16,8,-3,-9,19,1,-3,4,22,5,-6,-4,13,1,12,1,17
10.5600,-2,-6,-7,15,7,7,11,8,2,-8,-12,28,-7,9,-14,17,16,-5,-8,14,-9,7,-5,21,4,3,-12,9,-10,-4,-10,22,4,-8,-4,16,-14,8,-2,21,3,0,-7,12,6,7,2,19,3,1,-6,14,1,0,6,19,0,-1,-3,12,-3,13,1,16
10.5800,0,-2,-6,11,3,11,7,9,5,-2,-13,25,-4,5,-11,20,4,-3,-12,11,-8,3,-9,23,7,3,-2,14,-6,-2,-14,22,4,-10,-4,8,-10,14,-2,20,5,-5,-6,11,7,6,7,15,5,-1,-7,15,-5,0,3,17,5,-2,-4,11,-1,9,-1,18
10.6000,1,-5,-5,10,0,11,4,8,6,-5,-10,25,-6,8,-14,16,8,-2,-10,13,-7,7,-7,18,3,-1,-7,17,-7,0,-13,20,5,-7,-7,13,-11,13,-5,21,10,-6,-6,11,-1,7,2,21,4,-4,-13,20,0,3,-3,12,8,-10,-6,9,1,11,0,15
10.6200,3,-7,-3,8,2,13,1,6,4,-6,-9,26,-5,10,-17,21,12,-5,-7,12,-9,8,-6,19,1,-2,-9,13,-5,-3,-7,22,9,-8,-4,8,-7,17,0,25,13,-5,-8,15,-2,12,4,15,6,-3,-11,22,-2,-2,-12,17,3,-3,-8,10,-2,14,-1,16
10.6400,-5,-7,-6,11,-1,14,-2,4,-2,-4,-9,15,-6,7,-13,16,7,-3,-7,14,-11,7,-7,20,8,-2,-7,18,-7,-6,-8,23,5,-8,-10,11,-7,14,-6,23,10,-4,-10,8,-4,12,3,17,4,-5,-7,17,-2,5,-7,17,3,0,-10,12,-2,10,0,22
10.6600,-1,-4,-9,6,3,11,-1,7,1,-1,-10,19,-6,6,-11,21,12,-5,-10,13,-13,8,-9,19,7,-1,-8,19,-5,0,-10,27,5,-9,-5,11,-10,20,-3,24,6,-4,-8,12,0,13,-1,19,5,-3,-10,14,-5,9,-7,16,4,-5,-10,14,-3,10,4,16
10.6800,4,-6,-3,7,-1,12,-2,12,-2,-2,-11,16,-4,3,-17,20,11,-10,-8,16,-9,12,-11,20,7,0,-9,17,3,-4,-6,28,3,-6,-4,17,-8,20,-6,19,4,-5,-6,5,-4,17,0,18,3,-1,-8,22,-8,2,-13,19,2,-1,-9,11,-4,14,0,15
10.7000,1,-5,-2,10,2,15,-7,8,-5,0,-11,18,-6,2,-14,21,7,-4,-11,13,-12,12,-9,18,8,-4,-7,24,7,1,-6,28,7,-3,-8,12,-9,18,-3,19,8,-7,-12,9,-2,19,0,18,8,-5,-7,20,-6,8,-14,15,5,0,-7,14,-2,11,2,18
10.7200,0,-4,-10,5,0,12,-7,11,-1,4,-11,20,-3,7,-10,24,12,-5,-5,12,-12,15,-13,17,8,2,-11,25,6,4,-6,29,8,-3,-9,10,-7,20,-5,16,12,-10,-11,13,3,22,-1,16,8,-1,-2,18,-11,9,-15,14,3,-4,-9,15,-4,9,-2,14
10.7400,2,-1,-2,5,-5,16,-13,9,-1,13,-8,18,-7,4,-8,22,8,-6,-6,14,-13,11,-15,18,6,-2,-9,30,8,5,-2,26,11,-6,-7,16,-5,21,1,21,5,-5,-11,10,3,23,5,16,-2,-4,-9,19,-6,11,-15,18,1,-2,-8,13,0,11,0,17
10.7600,4,1,2,5,-5,13,-15,9,0,7,-7,15,0,5,-9,20,6,-4,-5,14,-6,7,-11,14,3,-3,-5,29,11,4,0,29,11,-1,-3,11,-5,16,-2,17,8,-4,-11,10,-7,20,0,22,5,-7,-4,23,-8,15,-12,15,6,-7,-6,13,-7,17,1,17
10.7800,-3,0,-4,6,1,12,-20,7,1,10,-8,14,2,-1,-8,16,3,-4,-3,9,-7,14,-12,15,1,-1,-12,26,7,9,3,28,11,-7,-3,11,-6,19,1,16,11,-5,-5,14,-9,28,-4,23,6,-2,-4,17,-8,13,-8,17,5,-5,-6,16,-3,16,0,13
10.8000,7,2,-8,6,-4,17,-17,13,6,9,-5,16,-1,3,-6,19,8,-2,-9,10,2,13,-12,15,7,-3,-9,26,9,9,1,28,14,-9,-7,9,-4,23,3,19,9,-9,-5,11,-3,27,-5,19,8,0,-6,21,-8,21,-7,16,2,2,-9,16,-2,17,-2,17
10.8200,3,-1,-1,8,-8,11,-19,16,8,7,-6,17,5,4,-7,21,3,-2,-4,14,-3,14,-12,18,2,-4,-5,24,19,11,1,25,14,-7,-9,15,-6,21,0,17,6,-7,-5,15,-1,26,2,17,7,-7,-6,20,-2,20,-10,18,4,-3,-6,16,-4,16,4,16
10.8400,6,0,-6,6,-8,12,-17,17,3,9,-3,7,4,3,-4,19,7,-9,-8,12,3,8,-10,17,3,0,-8,20,19,13,5,28,6,-5,-9,16,-2,23,3,18,9,-5,-9,14,-5,27,2,23,4,-3,-11,21,-8,20,-7,18,4,-1,-8,15,-2,23,1,13
10.8600,3,5,-6,9,-9,9,-16,13,4,12,-1,7,5,6,-2,21,5,-6,-6,9,3,18,-7,17,3,-5,-5,18,13,15,7,29,14,-7,-3,12,-3,14,6,15,8,-11,-4,14,-4,26,0,19,6,1,-7,20,-8,19,-1,13,8,-5,-7,15,-2,16,3,19
10.8800,4,4,-4,8,-10,9,-22,17,4,11,-6,11,8,10,3,23,5,-11,-2,9,1,15,-11,21,3,-4,-5,18,21,16,6,24,18,-7,-7,9,-4,15,2,12,12,-6,-4,9,-6,27,0,22,5,-4,-7,22,-4,20,-2,16,6,-5,-10,13,-2,14,5,17
10.9000,3,-1,-11,6,-12,9,-18,21,3,6,-5,3,3,9,3,20,0,-13,-3,6,4,9,-10,25,4,-5,-5,17,13,17,12,27,12,-12,-4,12,-6,17,1,17,10,-6,-5,16,-7,26,2,22,3,-5,-5,18,-8,26,0,11,3,-1,-8,13,1,13,2,12
10.9200,3,-2,-10,11,-9,7,-18,22,7,9,-3,1,6,3,8,22,3,-4,-4,7,2,9,-9,23,5,-6,-5,15,23,18,11,25,17,-13,-4,13,-1,13,1,15,9,-4,0,13,-5,26,-2,25,4,-1,-10,20,0,21,-1,12,2,-8,-5,8,2,17,5,16
10.9400,5,2,-12,4,-12,10,-14,18,9,6,2,4,11,5,5,21,4,-13,-7,8,5,7,1,22,4,-6,0,10,20,21,9,28,19,-12,-7,13,3,15,8,15,11,-3,-6,16,-5,28,0,25,4,-5,-4,15,-5,27,4,12,6,-2,-6,12,-2,14,1,18
10.9600,5,3,-10,6,-8,3,-15,21,14,-2,-3,6,11,5,7,26,5,-7,-4,7,8,7,-8,28,1,-4,-4,8,18,16,8,25,17,-11,-5,12,1,10,7,15,11,-11,-6,16,-6,27,-4,17,2,-4,-10,16,-7,23,13,7,4,-7,-9,12,3,13,2,14
10.9800,3,-2,-5,6,-6,6,-12,17,10,5,-4,3,12,12,9,26,8,-13,-3,0,7,7,-4,23,-1,-6,-4,4,15,24,6,22,13,-11,-1,13,-1,9,6,11,13,-10,-6,14,-6,24,-1,21,5,-2,-3,23,-7,22,13,8,2,-3,-5,16,7,15,3,13
11.0000,2,-2,-9,7,-12,0,-11,22,8,3,-1,5,15,7,13,23,6,-11,-2,2,14,3,-3,25,1,-8,-4,5,17,20,11,21,12,-9,-6,8,7,8,10,19,14,-9,-6,14,-2,17,1,21,3,-2,-10,16,-3,26,13,8,5,-4,-9,15,1,13,3,15
11.0200,7,-1,-5,6,-6,2,-11,22,9,1,-6,1,12,4,15,26,8,-6,-6,3,10,7,0,26,2,-10,-6,4,11,21,6,19,16,-6,-9,11,8,6,5,18,14,-12,-5,13,-4,22,-2,22,8,-4,-7,18,-5,22,13,12,4,-2,-8,10,2,17,3,15
11.0400,6,-1,-7,5,-3,-2,-10,23,9,5,-6,4,13,4,14,25,7,-8,-7,9,8,0,4,27,2,-5,-7,-3,9,29,2,24,18,-6,-2,13,3,6,7,14,10,-9,-4,13,1,14,-1,22,0,-4,-8,20,-1,19,13,11,5,-2,-7,14,-1,13,3,17
11.0600,12,1,-11,8,-1,-3,-3,19,9,3,-4,-1,14,7,16,28,4,-6,-9,7,11,-1,1,31,-1,-9,-6,2,10,19,4,19,20,-13,-1,15,7,8,2,18,11,-10,-9,10,-3,16,-1,23,1,-10,-4,17,0,18,8,15,1,3,-11,7,5,10,-1,17
11.0800,9,-2,-9,9,2,-2,-4,25,14,2,-2,2,17,11,18,26,8,-6,-5,7,5,1,-1,30,1,-6,-5,2,9,29,2,15,15,-5,-2,9,9,4,2,17,9,-6,-8,15,-2,14,2,17,3,-6,-7,20,-1,19,12,10,6,-4,-7,10,1,8,-4,13
11.1000,6,1,-5,5,6,-6,-8,26,12,-6,-7,3,16,8,14,28,7,-3,-3,9,6,3,3,32,2,-4,-5,1,7,28,-1,16,20,-1,-4,9,3,11,4,19,9,-11,-6,10,2,13,0,19,5,-2,-5,16,1,19,12,10,5,-1,-3,13,-5,14,-2,12
11.1200,7,-1,-9,7,8,-5,1,27,10,1,-6,9,15,8,11,26,12,-4,2,11,8,0,2,32,1,-7,0,4,8,27,-5,15,14,-6,-6,12,-1,10,7,24,10,-9,-2,13,0,10,-3,20,5,-2,-5,17,0,17,10,14,5,-1,-3,10,0,14,-1,19
11.1400,6,-2,-5,9,8,-5,1,23,10,-2,-9,11,19,4,15,25,12,-4,-3,12,9,5,4,28,-1,-5,-1,2,3,28,-10,13,17,-7,1,14,4,6,6,19,12,-9,-5,12,3,13,5,19,8,-2,-4,23,2,21,8,20,7,-3,-2,13,-5,11,2,18
11.1600,9,1,-3,9,9,-6,1,29,10,-3,-5,10,18,10,18,20,11,-1,-1,13,8,7,1,21,3,-7,-4,1,2,25,-4,19,17,-7,-3,7,6,13,5,21,13,-15,-2,11,1,13,-3,14,9,-1,0,19,-1,15,4,17,1,-6,-5,6,0,12,1,17
11.1800,7,0,-2,8,12,-7,1,25,6,-6,-5,8,15,11,19,22,13,-2,-6,10,11,9,7,27,2,-4,-1,7,-2,25,-5,19,17,-3,4,7,5,15,6,28,7,-14,-3,10,-3,15,-4,22,6,-4,-2,22,6,18,6,20,5,0,-2,11,1,10,0,20
11.2000,6,-1,0,17,16,0,1,21,5,-5,-3,12,15,16,12,21,14,-2,-2,14,8,16,0,31,4,-6,0,5,-1,23,-10,12,14,-3,3,10,-1,13,0,27,5,-14,0,14,-2,13,-1,18,4,-3,-7,24,4,16,9,19,4,-3,2,16,2,14,1,17
11.2200,5,-2,3,11,17,-2,4,24,4,-6,0,13,19,5,12,20,15,2,-1,16,4,16,4,29,1,-1,2,13,-5,25,-18,19,15,-5,0,11,2,15,3,27,5,-13,3,13,-1,14,-3,17,7,-4,3,24,2,18,0,20,4,-2,3,13,-3,14,2,17
11.2400,2,-4,2,14,20,2,6,19,-1,-5,-2,14,14,9,13,14,15,-1,-2,19,4,21,3,24,2,-5,0,12,-7,26,-9,15,20,-6,-1,18,0,21,3,27,2,-13,-1,10,1,16,-3,18,4,1,0,26,5,15,1,21,5,-6,0,7,-4,20,2,18
11.2600,4,-3,0,23,18,-1,4,23,1,-5,-2,12,12,10,7,15,13,1,1,15,5,21,-1,25,2,-8,2,13,-9,20,-12,17,17,-3,-3,11,-1,21,6,27,7,-19,-3,10,1,10,-4,15,5,-7,1,19,7,12,-1,29,5,-4,2,7,-1,16,-2,17
11.2800,4,-2,2,16,24,3,9,20,-2,-9,7,14,11,13,7,6,14,0,1,21,1,26,-2,24,2,-7,-5,17,-8,21,-17,17,21,-5,7,13,-4,17,1,30,0,-17,-1,10,-2,10,-5,13,7,1,1,23,6,14,-4,23,2,-4,-3,12,-3,14,2,16
11.3000,3,-5,7,20,20,4,11,26,0,-8,4,9,10,12,8,4,14,0,-1,24,7,25,-3,21,3,-7,2,14,-6,21,-15,19,14,-2,0,9,-3,22,0,29,3,-18,4,9,0,14,-1,16,5,0,-4,23,3,13,-5,27,-1,-3,2,12,-6,13,1,12
11.3200,2,-4,-1,17,23,3,7,21,1,-7,3,12,7,9,6,6,18,2,5,24,5,25,-5,20,1,-10,-3,16,-7,17,-11,17,14,-4,5,15,-2,21,-3,27,8,-19,0,6,0,15,-4,13,6,4,4,20,9,16,-11,27,6,-4,4,11,2,15,2,16
11.3400,-1,-1,4,15,24,8,5,12,-3,-6,6,12,11,8,1,6,13,-1,0,24,-1,31,-1,18,0,-10,2,16,-11,20,-15,15,9,-5,0,14,-8,26,-3,28,7,-19,1,9,1,17,-8,17,8,-4,-1,21,6,14,-5,23,6,-5,4,10,-1,14,-1,17
11.3600,3,-4,5,19,22,7,8,19,1,-6,-2,13,6,7,1,3,10,-4,5,21,2,30,-2,24,9,-10,0,21,-11,15,-14,16,15,-4,-1,14,-4,17,3,30,5,-15,0,6,1,11,-6,9,6,1,2,22,8,16,-10,23,5,-2,0,12,1,14,-5,17
11.3800,4,-5,1,18,30,13,2,21,-4,4,0,10,4,9,-3,2,15,-4,5,19,-2,28,-6,21,5,-7,-3,19,-16,11,-14,19,16,0,1,9,-2,22,-3,26,8,-16,0,9,-3,11,-6,16,11,0,1,23,8,13,-7,23,5,-3,3,11,2,15,-2,20
11.4000,1,-5,3,20,27,10,6,19,-1,-5,0,14,4,5,-4,2,16,-2,8,20,1,34,-9,22,3,-15,-3,16,-12,13,-10,23,15,1,0,14,-10,25,-4,25,5,-17,1,4,-1,13,-7,13,10,5,0,28,0,15,-6,21,3,-3,2,11,4,12,-2,12
11.4200,1,-3,4,16,26,11,8,19,-1,-6,1,13,6,6,-1,-3,20,-3,3,20,2,26,-8,27,6,-11,-1,12,-13,13,-17,19,12,-5,-1,15,-7,18,-1,23,4,-19,2,5,-2,13,-7,20,5,-3,1,21,3,12,-2,22,3,1,1,9,-4,14,1,15
11.4400,-3,-6,1,18,22,14,4,19,-5,-7,-1,18,-3,1,-7,1,11,-4,3,13,-2,28,-11,25,3,-11,-1,18,-13,7,-15,22,15,-1,3,17,-6,21,-4,24,3,-16,0,9,-7,11,-6,16,10,-4,5,21,0,11,-4,17,2,-1,2,12,-7,9,-4,19
11.4600,0,-4,4,17,23,17,10,19,-1,-1,3,17,1,5,-10,1,16,-6,0,17,-3,29,-5,23,3,-10,-1,12,-11,8,-17,20,18,-4,-3,13,-3,17,0,23,6,-19,-1,6,-1,9,-9,16,4,-1,1,21,5,9,-2,19,5,-4,3,5,-2,10,-4,15
11.4800,-3,-2,4,19,20,16,7,20,-1,-7,4,20,-8,5,-12,0,7,-1,0,11,-5,28,-6,27,2,-10,-1,11,-10,11,-15,22,14,-9,1,14,-5,18,-3,21,4,-18,-1,7,-3,9,-8,15,6,0,3,17,-2,7,-1,17,5,-4,3,14,0,12,-2,17
11.5000,3,-3,2,16,17,15,4,17,5,-6,-3,21,-2,6,-3,1,10,-3,-2,13,0,23,-10,29,4,-16,-6,7,-10,8,-13,24,13,-3,0,17,-6,17,-2,21,8,-20,0,10,-3,11,-6,16,4,-1,0,18,0,6,0,16,5,-4,1,10,1,18,-4,16
11.5200,2,-8,-3,16,15,20,9,14,1,-8,-3,18,-5,3,-7,3,10,-2,3,13,1,24,-11,22,5,-7,-3,7,-14,2,-16,23,13,-1,-1,16,-6,16,-4,17,10,-13,-5,9,-8,15,-7,14,2,-2,-4,23,-1,3,0,10,6,1,-2,13,-3,10,1,14
11.5400,2,-9,0,16,11,14,6,18,3,-3,-6,17,-10,0,-12,3,8,-5,-4,6,-2,21,-14,29,2,-12,-3,8,-7,6,-18,22,14,-6,-4,12,-6,18,-1,25,1,-15,-6,9,-4,11,-6,12,3,-4,-3,22,4,1,1,11,3,-9,-1,12,-3,16,-3,13
11.5600,1,-9,3,13,10,18,8,17,-1,-4,-3,24,-9,-1,-9,7,8,-1,-3,10,4,21,-8,28,2,-10,-5,7,-9,-1,-13,23,13,-8,-5,12,1,15,-2,18,8,-16,-6,7,-1,9,-5,12,10,-4,-4,18,0,3,4,11,6,-5,1,11,1,15,6,13
11.5800,4,-8,-1,14,13,15,6,18,2,-5,-5,26,-9,2,-8,9,9,-1,-6,10,0,23,-7,27,-1,-10,-5,9,-4,3,-13,28,15,-6,-3,13,-4,13,0,19,10,-15,-3,11,-2,18,-5,15,8,-8,-3,17,-2,3,6,7,2,-8,-2,8,-4,15,0,14
11.6000,1,-4,-5,6,11,22,8,17,8,1,-6,23,-10,1,-11,9,8,-1,-2,3,4,14,-6,33,2,-13,-5,5,-5,-2,-10,22,13,-9,-3,14,1,14,1,13,9,-14,-4,16,-5,9,-8,12,2,-6,-6,18,-2,4,7,10,3,-2,-2,12,1,12,-2,15
11.6200,0,-3,-5,8,6,21,4,16,5,-1,-8,23,-6,-4,-5,14,10,-4,-7,4,1,15,-3,30,7,-10,-5,7,-1,3,-7,24,11,-10,-8,10,-2,10,5,19,7,-13,-2,12,1,8,-4,15,7,-4,-2,19,-5,-1,5,9,7,-3,-4,8,-1,12,1,16
11.6400,2,-6,-1,9,9,22,4,19,2,-2,-5,23,-10,0,-7,20,9,-3,-7,4,0,18,-5,30,0,-9,-5,13,-6,1,-6,22,18,-6,-3,14,1,10,3,16,5,-15,-7,14,1,12,-5,19,2,-9,-6,20,-8,6,6,7,4,-5,-1,17,-4,14,3,16
11.6600,5,-4,0,4,4,20,4,18,6,-2,-5,22,-9,2,-12,15,8,-4,-4,5,-3,13,-7,28,0,-6,0,14,0,-1,-9,22,15,-3,-4,13,4,10,2,20,3,-10,-1,17,0,15,1,15,6,-11,-12,14,-5,-1,6,9,8,0,-7,10,-4,14,1,16
11.6800,8,-5,-8,8,-2,14,0,18,7,-3,-9,25,-10,0,-9,18,5,-1,-7,6,1,8,-2,34,2,-11,1,10,-2,2,-8,23,14,-4,-5,7,-2,9,3,16,3,-9,-3,14,1,12,4,10,5,-8,-8,12,-4,3,-1,11,4,-4,-7,10,-2,12,2,16
11.7000,4,-8,-7,0,4,17,2,15,9,-1,-2,22,-9,-5,-10,23,6,0,-8,4,-3,6,-4,27,-2,-5,-7,11,-2,2,-6,23,13,-5,-2,14,0,10,5,17,7,-9,-5,12,1,12,4,15,1,-10,-10,14,-3,3,2,14,0,3,-3,14,0,13,1,19
11.7200,8,-4,-8,2,4,17,1,19,4,-1,-9,22,-10,1,-12,22,6,2,-4,7,0,5,-2,29,6,-6,-6,15,1,-3,-5,21,12,-6,-3,10,0,8,6,18,4,-6,-5,16,-2,18,5,17,1,-6,-5,16,-10,8,1,11,5,0,-6,7,-3,12,0,16
11.7400,6,-4,-9,2,4,16,0,15,10,3,-9,15,-4,-1,-9,21,10,-5,-11,4,3,6,-3,25,9,-5,-8,11,0,0,-6,22,9,-1,-7,11,-1,7,1,21,2,-10,-1,17,2,17,0,15,0,-11,-7,15,-14,7,-1,13,5,-3,-7,13,0,10,1,18
11.7600,8,-3,-7,1,1,17,1,16,14,1,-4,17,-9,-6,-7,19,7,0,-11,10,5,4,-2,26,5,-3,-8,13,3,0,0,17,4,-3,-6,7,-1,5,4,22,9,-11,-8,18,6,18,1,17,-1,-9,-7,17,-6,11,-3,15,3,-3,-6,14,1,13,3,18
11.7800,4,-3,-6,1,1,17,-5,15,7,3,-7,17,-8,-2,-9,22,10,2,-4,6,3,9,-3,26,1,-6,-4,18,3,1,-2,20,12,-8,-1,4,3,6,3,23,3,-11,-1,23,0,16,5,14,3,-7,-5,18,-11,9,-1,17,9,-6,-10,10,5,12,2,21
11.8000,1,-6,-8,0,-1,15,-1,22,7,-2,-4,13,-4,-2,-7,19,9,-1,-7,14,2,4,0,26,9,-8,-3,12,9,4,-3,21,8,-3,-4,10,3,11,2,17,6,-8,-6,15,3,18,1,19,-3,-4,-5,12,-13,12,-2,16,7,0,-1,9,1,15,6,14
11.8200,7,-1,-7,-2,2,20,0,20,8,-3,-1,12,1,-3,-8,22,9,-1,-4,16,2,7,-2,23,5,-4,-3,17,5,5,-1,20,9,-2,-5,6,-2,11,0,21,7,-11,-4,19,0,11,1,11,3,-7,-8,14,-10,17,0,20,1,-2,1,8,0,9,-2,18
11.8400,6,-8,-8,4,5,12,1,18,9,-5,-6,7,5,6,-13,23,8,0,-5,12,4,7,3,23,6,-9,-1,16,7,1,-2,19,9,-8,-4,3,4,4,2,24,-2,-5,-5,15,6,16,7,12,-1,-3,-3,16,-5,21,0,16,5,-5,-7,11,0,15,0,14
11.8600,3,-7,-11,5,1,10,-1,22,8,-2,-10,6,2,0,-5,20,12,-1,-5,13,4,8,-2,16,6,-7,-6,22,4,5,-1,17,4,-6,-9,4,1,12,1,18,5,-4,-4,16,3,12,0,10,1,-3,-7,25,-5,20,-5,18,2,-4,-2,14,8,9,8,16
11.8800,6,-3,-8,5,3,14,-2,19,6,-6,-5,6,4,-2,-3,23,11,-5,-2,13,11,8,0,21,8,-1,-1,15,8,6,-2,20,10,-6,-8,11,-2,14,0,26,2,-4,-2,16,6,14,0,11,3,-6,-1,17,-3,24,-2,23,4,-3,-2,14,-1,12,3,15
11.9000,0,-5,-5,5,0,14,2,16,8,0,-6,3,3,2,-2,22,12,-1,-5,15,6,6,1,18,10,-6,4,21,7,9,-5,18,9,-5,1,6,-2,10,-6,24,11,-5,-1,12,1,13,-1,17,0,-4,-1,11,-5,26,-6,18,12,-6,-2,12,0,10,3,14
11.9200,1,-1,-8,8,2,9,1,18,3,1,-2,-2,1,0,-5,20,10,-4,-2,13,3,7,-1,17,6,-5,-1,14,0,6,6,16,5,-6,-2,6,4,11,-2,20,3,-4,-1,11,4,17,-2,14,-2,-1,-4,18,-4,27,-7,16,5,-3,-2,17,2,17,-2,16
11.9400,5,-8,-7,7,-1,13,-1,21,6,-3,3,-2,3,5,-5,25,14,-5,-2,18,4,11,-2,21,8,-9,-3,17,-1,9,-2,21,8,-2,0,6,-2,16,-4,25,2,-6,1,15,-4,15,-3,15,0,-5,-5,18,-4,27,-8,22,8,-6,1,9,2,13,1,19
11.9600,2,-5,-3,9,0,12,-3,18,12,-2,1,-6,7,11,-7,24,10,-2,-3,19,4,10,3,22,5,-6,0,16,0,10,1,17,5,-4,-4,10,-2,13,0,24,7,-5,-2,11,0,17,-2,16,3,2,4,20,2,32,-5,24,4,-5,-2,15,0,17,0,17
11.9800,1,-9,1,10,1,12,-2,28,9,1,0,1,3,9,-2,19,13,-8,-1,22,2,13,2,21,6,-9,-1,22,-2,14,-1,18,7,-3,-5,8,-2,19,-4,28,2,-8,-1,16,3,18,-7,14,-4,-6,3,24,-3,33,-1,22,6,-8,-2,12,0,22,0,15
12.0000,4,-3,-4,11,0,15,-1,22,6,-2,-1,-2,3,11,-6,20,10,-2,-2,19,6,13,1,16,5,-10,-3,16,-3,14,-2,22,1,-4,6,9,0,19,-5,21,4,-9,-2,6,3,21,-3,18,0,0,-3,16,4,32,-8,24,8,-8,-3,11,3,16,-2,17
12.0200,0,-8,1,14,1,13,4,27,1,-5,8,-5,-1,14,-3,20,13,-2,-1,19,5,14,0,19,8,-5,-2,17,-1,14,-3,21,7,0,-2,8,1,17,-1,26,5,-4,4,5,0,21,-5,15,7,1,-3,12,2,32,0,20,8,-4,-4,13,-4,15,0,18
12.0400,5,-4,0,21,-5,11,0,28,4,-4,2,-4,0,13,-8,17,11,2,1,20,5,15,3,21,7,-8,-3,14,-4,14,-1,15,3,2,1,14,-3,18,1,23,6,-6,2,7,-3,21,-4,16,6,1,-3,16,2,26,-3,20,4,-5,0,12,2,14,1,19
12.0600,5,-2,3,16,-2,13,3,27,7,-1,4,-1,1,13,1,17,12,-1,-5,20,6,17,3,21,12,-7,-2,13,-2,19,-1,22,5,-3,-2,14,0,20,3,23,2,-5,1,11,-2,19,-7,15,3,-4,1,18,4,30,-2,22,3,0,0,18,-2,14,-4,21
12.0800,2,-2,1,19,2,7,-2,30,8,3,3,4,3,17,-1,24,13,-3,-3,18,8,15,1,22,6,-7,3,15,0,15,-1,12,9,-2,1,15,-1,17,0,20,4,-9,-2,10,1,18,-1,14,6,-3,-1,14,3,21,3,22,2,-6,-1,17,-4,18,1,13
12.1000,5,-7,-1,19,0,11,-2,25,3,1,4,5,4,16,0,19,8,-5,2,13,6,18,0,25,9,-5,3,14,2,16,-3,14,9,-1,-1,16,-1,18,-5,25,7,-5,3,6,-3,21,-4,17,5,2,0,18,4,25,2,18,7,-1,0,9,-1,18,-2,17
12.1200,6,-3,6,18,3,11,2,28,4,4,6,6,4,17,2,16,10,-1,0,14,11,17,2,23,5,-8,0,8,-3,16,2,20,10,-1,-1,10,-8,18,0,20,4,-1,2,12,0,22,-3,16,11,1,-2,14,8,21,-1,22,6,0,-1,9,-1,16,0,14
12.1400,8,-5,2,20,2,9,1,27,-1,-4,5,12,4,13,-1,13,13,-6,2,5,7,24,2,25,5,-8,3,5,-6,17,-2,14,6,-7,-2,17,-9,17,1,24,3,2,5,9,-4,20,-5,20,5,1,-3,13,6,20,3,23,3,-2,2,14,1,16,2,16
12.1600,7,-9,2,22,0,11,6,21,2,1,6,11,2,14,-3,11,11,-2,1,11,6,21,-3,23,3,-7,-4,7,0,16,0,16,8,0,-1,19,-7,14,5,19,2,-2,4,5,-5,23,-2,20,8,1,-1,13,8,15,5,12,5,-6,1,11,-2,13,2,16
12.1800,0,-1,3,23,0,11,1,24,5,0,4,13,2,15,0,15,11,-4,0,7,7,16,1,22,2,-5,4,9,-2,18,-2,20,6,-2,-2,16,-7,19,3,19,4,-1,8,4,0,19,0,14,16,-2,4,12,7,11,7,14,2,-1,3,13,-5,12,-1,20
12.2000,4,-4,6,16,-1,9,1,23,5,-1,-1,21,2,15,5,13,4,-2,2,9,5,16,-1,27,7,-5,2,5,-3,20,-5,18,5,1,-2,21,-6,19,-1,23,2,-7,2,10,-3,19,-4,15,13,1,3,14,3,11,7,8,6,-4,3,16,-4,14,3,14
12.2200,5,0,1,23,4,14,-5,31,5,3,3,20,2,13,5,13,12,4,5,6,9,16,-1,22,7,-7,0,2,-2,19,-7,14,7,-3,3,15,-9,16,1,16,6,-4,-1,7,-4,13,-2,15,15,-2,0,18,9,7,8,11,7,-2,-2,7,1,17,-5,17
12.2400,5,-1,2,27,6,12,-1,25,5,-7,2,17,-1,13,4,13,11,-1,-2,4,6,19,4,22,3,-2,-1,1,-7,21,-6,13,11,-2,2,16,-6,12,1,18,6,-6,0,11,-1,15,-1,16,11,1,0,14,10,5,8,9,5,-5,5,15,-2,13,-3,17
12.2600,4,-4,1,16,5,10,3,21,2,0,5,23,7,12,6,17,5,1,8,9,6,18,1,20,6,-5,2,-3,-4,19,-9,10,8,-3,0,16,0,15,0,17,7,-5,2,10,-3,16,-8,17,14,-6,6,10,7,4,12,9,5,-3,0,12,-2,12,-2,15
12.2800,9,-3,-1,16,2,8,3,22,3,-1,0,23,6,10,4,15,14,0,0,5,9,15,1,22,6,-4,1,-1,-6,20,-3,17,3,0,2,15,-2,13,-1,19,8,-4,3,7,-3,17,-8,16,15,0,7,11,5,1,9,13,12,0,-1,8,-4,14,3,14
12.3000,2,-4,1,18,2,9,2,23,5,1,-2,31,2,12,7,11,8,-5,1,4,3,14,1,18,5,-8,-3,2,-7,19,-8,7,7,-1,4,13,1,17,-6,22,7,-5,1,11,3,14,-4,13,12,-1,3,12,15,-4,9,11,4,1,3,12,2,13,5,15
12.3200,2,-8,0,21,4,10,-3,19,2,-4,-1,24,5,13,0,14,13,0,6,4,5,12,3,22,9,-8,-2,6,-3,16,-9,13,3,1,2,17,2,15,3,19,6,-5,8,11,-4,13,-8,14,10,0,-1,16,8,3,7,9,3,-4,-2,10,-1,13,2,13
12.3400,1,-5,1,21,4,11,-2,18,3,-2,-2,24,1,11,4,12,11,-3,1,6,2,12,-1,17,5,-3,-3,4,-4,19,-6,18,9,-5,5,16,1,13,-2,19,10,-5,-1,11,1,12,-6,15,6,-4,4,12,9,0,8,9,4,-1,1,7,1,5,-5,14
12.3600,3,-7,4,17,6,6,-2,18,0,-3,-2,25,6,12,1,13,4,-2,1,5,2,6,0,16,6,-8,2,2,-1,15,-10,17,11,-6,5,18,-3,10,-7,20,5,-7,1,15,2,12,-6,17,8,-7,0,13,10,3,3,10,5,-4,4,12,-2,7,0,19
12.3800,4,-6,3,19,5,9,0,16,5,-7,-4,25,3,9,2,19,8,-4,4,14,1,8,4,22,6,-13,1,4,-2,12,-6,15,7,-11,2,15,-2,9,1,16,8,-9,4,17,-1,10,-5,14,8,-5,-1,12,7,-1,6,11,7,2,-1,8,-1,9,3,12
12.4000,4,-3,0,14,5,7,-1,17,3,1,-7,18,7,7,-1,19,9,-2,3,9,3,8,-1,18,0,-8,-7,4,-1,11,-8,14,0,-5,2,3,0,13,-5,21,8,-7,-1,16,-4,11,-4,7,1,-4,-1,14,2,7,5,15,5,1,-4,9,1,13,-1,13
12.4200,3,-2,0,13,7,1,-4,17,1,-5,-8,17,4,7,0,12,10,2,0,13,3,6,3,21,5,-9,-2,8,2,10,-5,19,8,-3,2,12,-1,10,-1,19,5,-10,3,12,-2,9,-3,13,8,-6,2,16,6,9,5,11,6,-3,-4,10,3,8,0,15
12.4400,0,-3,1,12,9,7,-3,17,3,-3,-3,17,2,7,-5,14,3,-4,3,10,4,6,2,19,2,-6,1,9,-1,10,0,16,12,-1,1,8,2,11,-1,18,4,-9,0,14,4,10,-7,13,10,-4,0,15,-1,6,-1,18,0,-4,-3,15,-3,6,-3,17
12.4600,4,-7,-2,13,7,6,1,17,4,-2,-2,14,5,6,2,17,3,-1,-5,13,3,6,1,21,2,-7,0,8,3,10,-3,20,7,-4,-3,9,2,11,1,20,6,-12,0,10,4,7,-5,17,-3,-9,-5,13,-3,9,-2,19,2,-6,-1,15,1,11,3,15
12.4800,5,-8,-4,6,2,3,3,16,1,-5,-8,14,6,5,0,18,11,-7,-3,14,1,9,2,23,1,-11,-2,10,1,7,-7,19,7,-4,0,13,6,10,1,23,4,-10,-6,13,1,11,-2,16,-2,-6,-2,19,-3,13,-5,22,4,-3,-7,13,-1,7,2,19
12.5000,3,-6,0,7,6,8,1,17,1,-8,-8,10,6,7,-3,18,5,-3,-7,16,1,4,4,21,4,-8,-2,13,0,5,-2,16,5,-4,1,10,5,9,0,23,1,-8,-2,15,1,9,-5,13,-2,-9,-5,15,-4,13,-2,20,2,-6,-2,12,-1,6,3,14
12.5200,6,-10,-5,7,5,8,7,17,5,-7,-6,5,4,4,1,16,12,0,-4,13,-3,7,5,24,2,-7,0,19,0,8,2,15,9,-3,1,8,2,11,5,19,0,-5,-5,12,4,9,-5,11,3,-10,-2,17,-5,16,-1,19,5,-2,-3,16,2,10,2,16
12.5400,3,-5,-5,3,9,9,4,18,4,-6,-3,9,6,5,3,21,11,-8,-1,19,-3,9,3,24,-4,-8,-2,12,1,6,-1,15,12,-5,-2,6,2,11,0,21,8,-10,-1,12,5,11,-1,11,-1,-5,-4,17,-9,15,-3,21,5,-8,-3,12,-1,10,3,16
12.5600,3,-9,-8,6,6,7,4,17,-3,-4,-6,7,1,4,-2,17,12,-2,-4,18,1,6,5,19,4,-10,-3,18,-2,7,-4,17,8,-2,-6,10,5,9,2,21,2,-5,-3,14,6,10,0,12,1,-9,-5,17,-6,13,2,20,3,-7,-3,10,2,10,2,15
12.5800,5,-11,-7,0,6,7,2,15,-1,-9,-12,0,5,4,3,18,15,-3,-3,17,1,4,0,19,5,-9,1,17,1,4,-2,18,9,-2,-4,9,6,14,4,23,2,-8,-9,12,2,9,-3,17,0,-6,0,14,-6,15,-4,18,7,-6,-5,15,-1,10,6,19
12.6000,4,-4,-5,4,9,8,8,15,-4,-2,-5,2,2,6,-3,18,9,-1,-7,17,-1,7,5,15,9,-14,-1,24,-1,8,-3,17,12,-2,-2,10,-3,15,5,22,-1,-8,-9,15,2,10,-2,16,-1,1,-7,11,-11,16,-4,26,6,-6,0,11,2,4,1,17
12.6200,6,-8,-8,2,8,17,4,23,2,-5,-6,3,5,4,-2,15,13,-3,-1,18,0,5,5,25,3,-12,-6,26,3,11,2,18,8,3,-4,6,4,15,-3,24,2,-11,-5,11,5,14,-5,14,3,-6,-7,15,-14,20,-8,20,1,-6,-4,14,5,14,3,21
12.6400,7,-2,-9,1,5,19,4,18,5,-2,-4,0,1,4,-2,15,10,-6,-3,21,6,8,2,20,5,-13,-3,19,0,11,-2,14,9,-2,-8,8,3,18,1,24,4,-7,-5,13,8,14,-3,16,4,-7,-7,17,-10,21,-8,24,11,-1,-11,17,3,13,-2,19
12.6600,4,-9,-9,7,7,16,8,19,6,-3,-6,7,-1,9,-3,16,9,-4,-4,20,7,13,3,22,4,-12,-5,19,5,7,-1,15,11,-3,-4,11,-1,15,-2,23,1,-8,-7,11,3,13,3,22,-1,-4,-6,18,-3,22,-8,25,5,-3,-3,10,0,15,2,19
12.6800,5,-9,-1,1,4,16,7,13,6,-6,-2,4,-4,8,-5,16,11,-3,-4,19,5,11,1,21,5,-11,-2,18,7,3,1,20,11,2,-4,10,-2,18,-3,23,-2,-7,-7,11,5,16,-1,16,2,-1,-5,20,-7,22,-9,20,3,-5,-6,16,-2,12,3,16
12.7000,3,-11,-2,3,6,21,4,19,7,-4,-4,11,-3,7,0,21,4,-4,-1,15,-4,15,-2,23,10,-8,0,23,0,10,-1,14,10,1,-8,6,0,11,2,19,1,-9,-7,11,-1,13,1,17,4,-2,-3,13,-6,19,-9,21,1,-2,-6,10,1,17,5,12
12.7200,4,-3,-4,3,6,20,1,15,9,-3,-5,8,-3,11,-6,19,10,-1,-1,22,3,15,0,20,4,-7,-2,22,-2,9,-6,17,10,-4,-8,9,-4,20,-4,18,4,-7,-12,11,3,12,-3,14,4,-6,-3,18,-7,18,-8,17,2,-6,-4,13,0,17,1,19
12.7400,1,-6,-8,9,3,24,6,15,3,1,-6,13,-8,10,-2,18,13,-1,-2,12,2,18,4,19,10,-7,-3,24,1,12,-1,16,14,1,-3,11,-5,19,2,19,3,-8,-4,13,0,20,-3,15,8,-4,-5,22,-5,18,-10,21,2,-2,-2,12,-3,18,-3,17
12.7600,-1,-2,-6,7,3,23,4,17,13,-4,-1,11,-6,13,-2,16,5,1,-11,13,0,20,-2,21,9,-6,-7,25,0,17,-4,17,12,3,-3,13,-2,18,0,21,6,-9,-2,9,1,17,-2,15,4,1,-12,22,-3,19,-4,23,4,-4,0,13,3,15,3,19
12.7800,5,-8,-1,10,0,26,-1,23,6,0,7,7,-8,11,-7,20,6,-3,-6,12,6,17,4,23,6,-11,-1,21,-3,14,-7,19,10,0,-5,16,-4,14,-1,18,4,-9,-3,15,6,16,1,20,7,-1,-9,18,-6,19,-7,15,3,-3,-8,12,1,17,4,22
12.8000,3,-6,-3,11,2,27,-1,19,7,-3,-1,9,-10,8,-5,16,10,-4,-5,14,-1,16,2,21,9,-5,-6,17,0,10,-5,21,16,1,-3,12,-3,22,0,19,3,-9,-10,7,1,20,1,14,5,3,-8,18,-3,18,-6,15,3,-5,-2,11,3,16,-1,15
12.8200,4,-9,0,12,2,24,-2,19,2,1,-1,10,-8,8,-9,13,4,-5,-7,9,1,12,-3,23,7,-3,-3,17,-4,15,-4,16,7,-1,-6,14,-5,17,5,19,-1,-14,-2,11,-2,16,-2,17,4,-1,-7,13,2,17,0,22,5,0,-8,11,-4,17,-2,15
12.8400,5,-10,-1,13,9,19,1,24,4,-3,1,16,-8,17,-9,14,2,0,-2,13,3,15,1,16,6,-6,-3,14,-2,6,-7,14,15,-5,-4,16,-4,18,-3,18,3,-12,-2,9,1,24,0,14,10,2,-1,20,2,15,2,17,5,0,-4,12,-3,21,3,17
12.8600,3,-3,-5,18,-1,27,-3,17,3,0,0,17,-12,8,-7,19,5,-2,-8,12,0,15,1,23,5,-5,-3,12,1,17,-8,18,15,-1,-8,11,-7,17,-1,15,2,-11,-5,16,1,21,-3,16,3,-7,-5,23,5,13,-3,16,3,0,-6,13,-6,17,0,17
12.8800,7,-6,0,21,7,30,-1,16,8,-4,-1,16,-8,10,-8,20,5,-2,-6,8,5,17,-1,21,7,-2,-6,13,2,12,-8,11,14,-1,-3,9,-8,21,-4,20,4,-13,3,9,-5,13,2,19,11,-6,-2,21,-1,14,-1,17,12,-5,-3,13,1,18,-2,17
12.9000,7,-2,0,23,5,20,-1,19,5,-2,-2,12,-11,12,-9,22,7,0,-8,5,1,13,4,15,8,-1,-5,10,-4,11,-10,21,16,4,-2,10,-5,18,-1,15,8,-13,-5,12,1,17,-3,15,10,-7,-2,19,2,13,-1,13,4,-5,-1,14,-1,16,-1,16
12.9200,3,-11,-3,19,0,23,1,17,5,-5,1,18,-11,13,-5,17,5,-7,-3,4,1,16,1,28,8,-5,-5,5,-1,10,-13,17,14,-1,-5,10,-3,15,-3,16,5,-13,-2,11,-1,22,-3,15,13,-2,1,15,0,16,11,12,1,-2,-6,11,-10,16,4,15
12.9400,6,-4,2,18,5,22,-3,16,7,-1,-8,15,-7,13,-2,16,8,-2,-3,2,0,17,4,23,8,-5,-3,5,-4,8,-6,15,14,-2,-3,10,-4,15,-5,14,3,-13,-6,13,2,15,-3,15,10,-2,-7,18,3,14,6,9,12,-7,0,11,-3,17,5,20
12.9600,7,-4,-4,21,3,16,-1,16,8,-2,-7,11,-8,11,-6,16,8,0,-2,3,5,14,-2,26,10,-8,-3,-2,0,12,-8,17,15,0,-7,15,-2,14,-6,18,4,-15,-2,13,2,19,-7,15,7,0,-1,17,4,14,4,10,5,-3,-6,12,-5,19,0,17
12.9800,2,-4,-2,20,6,19,0,22,6,-3,-4,14,-3,7,-10,13,2,-2,-3,7,4,15,-1,30,2,-4,-7,2,-1,11,-8,12,16,-2,-6,15,0,12,-1,20,3,-12,-4,12,-1,14,-7,17,11,-5,-2,19,4,11,7,12,6,-2,-5,9,-2,16,-2,15
13.0000,8,-7,0,19,7,18,-1,24,5,-2,-4,13,-6,5,-2,19,7,0,-2,6,4,17,4,24,6,-3,-9,-1,1,8,-5,9,13,-2,-7,12,-1,12,-1,20,4,-16,-2,16,-2,15,-4,19,8,-4,-5,22,8,12,8,6,7,-4,-4,6,-3,16,-2,17
13.0200,3,-7,-4,17,4,17,-2,23,4,-6,-5,12,-2,5,-7,21,10,-1,0,5,0,12,6,26,14,-6,-2,2,1,10,-7,11,12,-2,-4,11,2,15,-5,14,10,-13,-7,18,-3,14,-4,14,6,-3,-5,12,6,9,5,7,1,-12,0,10,-4,10,-2,15
13.0400,9,-7,-8,17,2,15,-5,21,8,-6,-1,15,-1,7,-4,21,5,-5,-4,5,1,10,1,27,11,-6,-2,-2,3,7,-8,11,13,-2,-5,17,-3,16,-4,21,7,-15,-2,16,2,14,-4,12,12,-4,-4,17,8,9,12,8,8,-5,-4,13,-2,10,-1,13
13.0600,1,-7,-3,20,11,15,5,24,8,0,-7,11,-6,1,1,20,10,0,-5,1,5,12,4,25,6,-7,-3,-5,1,7,-8,15,13,3,-5,11,-1,15,-1,20,2,-12,-4,18,1,12,-8,17,8,-5,-3,16,4,13,8,6,5,-4,-6,14,2,15,3,11
13.0800,6,-8,-5,16,11,14,1,17,-1,-4,-7,13,-1,-1,-6,21,11,-6,-8,2,1,9,2,31,13,-8,-7,1,-3,7,-12,13,10,-2,-7,12,2,11,-3,21,5,-14,-10,14,2,13,-4,15,6,-9,-2,20,3,11,6,9,8,-4,-2,16,-1,12,0,16
13.1000,11,-7,-5,13,7,18,6,20,3,-2,-8,12,0,-2,-6,17,8,5,-4,8,5,5,0,29,4,-6,-1,6,2,8,-6,12,14,-1,-7,15,-1,10,-6,17,7,-12,-2,9,5,9,-5,10,6,-6,-4,15,3,7,10,10,5,-2,0,14,5,10,-5,18
13.1200,7,-8,-6,13,9,16,0,22,5,-6,-8,13,4,-1,-6,19,6,-2,-6,6,8,9,1,30,5,-3,-5,4,1,8,-5,14,17,-7,-5,16,4,14,-1,17,4,-19,-3,16,4,9,-4,15,6,-6,-6,14,4,8,10,14,4,-3,-8,13,3,7,-1,12
13.1400,4,-4,-5,11,10,13,2,21,6,-8,-9,17,-1,-3,-5,18,10,1,-3,8,2,9,1,29,7,-10,-2,5,1,4,-13,14,12,-5,-9,19,2,17,-4,18,4,-16,-7,13,1,9,-6,16,8,-6,-2,21,5,6,4,10,5,-9,-1,11,4,10,0,20
13.1600,7,-6,-8,13,4,10,5,23,4,-1,-6,15,1,-4,-4,18,8,-5,-1,9,10,6,1,27,6,-9,-5,8,2,11,-13,12,18,0,-3,10,8,11,-6,17,0,-14,-3,16,8,13,-11,14,8,-7,-5,18,-2,9,4,16,4,-5,1,11,3,8,0,21
13.1800,-1,-4,-6,10,8,16,-4,21,7,-4,-8,14,-1,-2,-2,21,9,3,-5,15,8,12,7,26,11,-9,-6,11,-3,5,-9,14,15,4,-3,22,3,11,-6,26,-1,-10,-1,14,6,9,-7,14,7,-2,-7,15,3,7,1,20,10,-4,-5,12,0,16,2,11
13.2000,5,-6,-9,11,11,16,2,26,2,-6,-8,17,1,-5,-4,17,7,0,-5,15,4,10,0,30,2,-5,-3,11,-6,7,-10,14,12,1,-1,14,0,14,-9,17,1,-12,-5,12,4,10,-3,13,7,1,-2,24,-3,6,2,20,3,-2,0,7,5,9,2,14
13.2200,2,-8,-3,8,6,13,7,21,4,-4,-10,11,1,-2,-5,17,12,-2,-2,11,4,6,1,18,3,-7,-3,12,1,6,-9,17,14,3,1,17,-3,12,-1,18,0,-10,-3,12,6,4,-3,17,9,-6,0,20,0,4,-5,21,8,-3,-1,12,-3,11,0,17
13.2400,5,-9,-5,6,9,10,3,21,-3,-5,-1,16,-1,-3,0,15,6,0,-2,18,5,11,2,29,12,-7,-4,13,-2,12,-11,18,12,1,-2,18,-1,14,-2,18,0,-12,-1,15,6,10,-2,12,6,-2,-4,20,-8,7,-7,22,2,-4,-4,12,0,9,1,19
13.2600,3,-7,0,7,14,8,11,21,4,-6,-8,14,0,-5,0,16,8,1,-1,17,8,7,2,25,9,-1,-6,14,-3,12,-13,14,15,0,-2,12,-3,11,-1,24,-3,-16,-1,7,5,10,-5,17,8,-2,0,22,-7,6,-1,18,2,-1,0,10,-1,10,-4,22
13.2800,6,-9,2,8,10,9,8,22,3,-6,-7,15,2,-1,0,20,11,1,-3,20,5,4,5,26,2,-2,0,19,-1,11,-7,19,14,-2,-3,13,1,12,-4,22,-3,-15,-3,7,3,11,-3,10,5,-2,-4,17,-8,7,-5,23,1,-1,-6,13,4,14,3,14
13.3000,3,-7,-4,3,11,9,7,23,7,-6,-4,13,-2,-1,1,14,0,-2,0,19,-1,9,2,28,6,-6,5,21,-5,11,-3,16,7,-1,1,11,1,13,0,17,-2,-14,-5,10,5,7,-4,15,2,1,-2,18,-8,12,-6,24,4,-3,1,13,8,12,4,14
13.3200,2,-8,0,6,14,12,5,20,5,-3,-3,12,1,-4,4,16,2,1,0,19,2,12,3,25,5,-9,4,19,-4,12,-11,17,14,-4,-3,16,0,12,1,15,2,-12,1,10,-1,6,4,14,5,1,-3,21,-3,11,-1,24,-1,-3,-1,12,-3,12,1,14
13.3400,0,-8,-3,2,12,13,10,16,5,-8,-2,13,2,-7,7,14,3,-1,1,18,4,9,2,23,7,-8,7,19,-6,13,-7,16,10,-3,1,16,-3,15,-3,22,5,-14,0,6,0,10,3,8,5,-2,2,22,-8,9,-4,25,2,-6,-3,12,-3,12,1,14
13.3600,4,-7,-1,12,9,14,5,16,4,-5,-4,15,5,-2,-2,18,4,-1,3,19,2,17,2,24,7,-4,2,26,-2,15,-8,18,13,0,2,5,1,11,4,15,-3,-15,-1,13,6,10,3,11,-1,0,-3,20,-5,14,-5,25,-2,0,1,10,-3,17,5,13
13.3800,2,-11,1,7,13,14,8,18,7,-6,1,12,-2,-1,3,13,6,3,3,22,0,16,2,22,8,-5,5,19,-7,13,-8,12,14,-1,-1,7,2,16,-3,20,5,-10,-4,11,2,11,2,10,2,1,-2,21,-3,14,-6,26,8,0,4,15,-1,14,2,13
13.4000,4,-5,-1,7,12,9,5,15,8,-8,1,11,-1,-1,0,14,5,1,6,13,-5,16,3,23,6,-6,3,21,-8,14,-6,15,12,2,0,15,-1,14,-5,18,-3,-10,3,9,2,15,3,16,5,-2,0,18,-9,13,-5,21,5,-4,2,16,1,17,5,19
13.4200,4,-6,0,8,10,7,7,18,4,-5,-2,5,2,0,6,14,5,1,2,19,-2,11,2,24,8,-6,7,22,-6,17,-8,14,13,-6,1,9,-3,16,-3,19,2,-13,5,11,1,14,5,13,6,-1,2,21,-6,20,-5,21,3,-1,2,10,-5,16,2,17
13.4400,3,-9,3,7,7,12,13,17,0,-3,2,11,0,6,1,14,4,-1,-1,15,-1,16,5,24,5,-7,1,14,-6,18,-8,18,13,1,2,8,-4,10,-3,16,5,-12,2,11,0,15,0,7,4,-3,2,21,-3,20,-5,23,3,-4,3,10,-5,21,-1,14
13.4600,7,-11,7,10,10,11,3,12,2,-1,4,8,0,2,4,13,4,1,1,16,-4,11,3,25,7,-7,4,17,-5,16,-13,15,16,-3,2,6,-4,19,1,17,3,-15,0,7,8,13,-2,10,4,-3,-1,22,-5,19,0,21,1,-5,-6,11,-4,16,2,15
13.4800,5,-10,0,10,13,13,7,17,0,-5,3,10,0,9,5,13,6,2,1,11,-3,15,1,27,5,0,-1,14,-8,15,-3,19,13,-2,-2,7,-2,16,-6,16,4,-14,0,12,3,15,-2,13,5,-5,-2,20,-1,21,2,21,2,-4,0,14,1,18,4,17
13.5000,5,-8,1,9,9,14,6,17,6,-1,5,7,4,9,3,14,6,2,-2,12,-1,15,1,26,6,-8,-3,15,-8,17,-10,17,11,1,-2,11,0,20,-2,20,2,-15,0,13,1,18,0,9,4,-11,3,21,0,22,-4,18,0,-2,-5,10,-5,20,4,16
13.5200,2,-7,2,8,9,10,1,17,6,1,3,3,3,9,2,18,7,-5,1,9,-4,14,3,21,6,-6,-3,13,-12,19,-7,17,16,-2,1,10,-2,16,-1,16,4,-12,0,14,4,14,-1,13,3,-5,1,20,3,22,0,17,6,-8,0,5,-3,16,1,14
13.5400,2,-10,-1,13,9,13,4,14,5,-1,3,8,0,8,2,20,4,-1,-3,14,2,15,3,28,7,-1,-1,14,-7,19,-5,20,14,-2,2,7,-2,14,-5,16,3,-17,-2,11,0,16,-4,12,-1,-1,-1,17,2,23,1,9,5,-2,1,8,-2,20,2,18
13.5600,10,-9,2,17,12,15,5,15,6,-4,-1,5,3,14,0,20,4,-3,-1,7,3,14,0,21,5,-4,-1,11,-4,15,-12,17,14,0,-2,13,1,22,-8,20,2,-13,4,13,1,17,2,13,5,-2,-4,20,0,21,0,13,6,-1,1,9,-3,21,4,18
13.5800,9,-12,3,13,3,14,3,18,0,-5,1,3,1,6,-1,22,11,2,0,0,1,13,1,26,4,0,-2,9,-8,13,-7,21,16,-4,0,12,-1,18,-1,16,3,-12,1,10,4,16,-2,17,2,0,-6,18,4,20,-1,10,2,-4,0,15,-3,21,0,15
13.6000,8,-8,1,16,14,15,1,20,9,-3,1,6,-2,12,-3,18,1,-5,2,11,1,10,3,28,9,-7,-2,11,-1,18,-7,16,14,-3,-1,13,3,13,-5,14,3,-13,0,11,3,22,-6,15,3,0,-3,18,2,24,1,10,6,-8,0,9,-4,14,3,15
13.6200,5,-8,-4,13,11,21,0,16,5,-6,0,9,1,16,-1,18,5,-3,-4,7,1,14,1,23,10,-5,-6,5,-8,15,-8,15,10,-3,0,15,-2,16,-5,17,1,-10,1,14,5,15,-1,17,6,-2,2,15,-1,21,4,13,1,-8,-1,8,1,18,-4,16
13.6400,5,-12,-4,17,15,16,-1,19,5,-1,3,6,-1,16,-2,17,9,0,-3,7,4,9,-1,24,5,-2,-3,7,-6,14,-7,13,14,-5,-3,15,2,18,-6,18,3,-13,-5,13,7,17,-1,17,1,-5,3,20,0,18,0,8,7,-5,-3,7,2,16,-3,17
13.6600,9,-10,-2,16,7,18,-1,23,4,-3,-2,7,-4,13,-6,24,7,1,-2,6,-1,12,0,27,12,-3,-3,8,-5,15,-8,11,18,-2,3,13,0,19,-2,13,-2,-14,3,12,4,14,1,14,8,0,-1,18,4,19,1,10,8,-8,-1,11,1,21,-1,20
13.6800,4,-6,-2,17,9,11,4,19,3,-1,-2,8,-3,13,-2,23,3,-4,-1,3,2,11,4,31,7,-3,0,3,0,16,-9,15,14,1,-2,11,5,14,-1,18,4,-19,-2,10,4,21,-1,17,7,-5,0,19,6,15,0,11,9,-1,1,9,0,16,-2,14
13.7000,6,-9,-1,16,10,15,0,16,5,-3,-2,11,-4,13,4,24,5,1,-6,11,-1,5,0,27,9,-9,-5,11,-1,17,-8,16,10,0,-3,13,1,17,-7,20,1,-17,-2,10,3,19,-1,20,2,-7,-1,21,2,15,2,15,2,-2,-6,10,3,15,3,19
13.7200,7,-6,-3,15,8,15,1,20,4,-1,0,9,-3,13,0,17,2,-2,-5,9,4,9,2,27,8,-2,-3,10,-5,14,-8,18,12,-1,0,12,0,14,-4,18,3,-11,0,11,5,14,-2,18,5,-4,-2,18,3,16,-1,16,6,-4,0,10,0,15,1,17
13.7400,10,-11,-8,18,7,16,0,20,5,-6,-6,14,-3,8,-3,21,8,4,-4,3,3,7,0,26,14,-4,-1,15,2,14,-6,16,20,-1,0,11,7,16,-1,12,3,-15,-1,16,0,14,0,17,7,-3,-7,13,9,17,0,14,7,-4,-2,10,-3,17,1,15
13.7600,2,-7,-1,21,14,18,-2,20,6,-3,-9,16,0,14,1,22,7,-1,-3,8,4,8,3,30,10,-3,-2,9,5,17,-7,13,15,-1,-5,12,2,19,-4,18,3,-10,-4,12,3,15,2,14,3,-2,1,15,6,12,0,17,5,-7,-5,7,1,18,-1,11
13.7800,6,-6,-6,19,12,19,1,21,1,-3,0,15,-2,10,-1,21,4,-4,-1,11,2,12,-2,29,5,-7,-3,9,3,15,-14,10,10,2,-2,11,4,14,-7,20,3,-8,-2,13,1,16,-1,15,10,-5,1,19,3,4,2,17,2,-5,-3,9,2,13,2,17
13.8000,5,-7,-3,17,3,20,-2,20,5,-5,-7,14,-3,5,1,20,4,-1,-4,8,-1,8,3,26,8,-3,-1,8,3,13,-6,17,14,6,-6,10,3,14,-2,22,2,-13,-1,14,5,12,-1,16,5,-1,-2,18,4,6,2,21,9,1,-9,13,4,10,0,18
13.8200,6,-4,-5,10,10,20,4,16,3,0,-4,19,-7,7,-2,22,5,-1,-7,14,6,4,7,28,6,-7,-1,10,-2,10,-4,13,18,5,-2,9,6,18,-4,20,0,-10,-1,11,7,14,-3,13,5,-2,-3,16,3,3,4,18,6,-4,1,11,3,7,-3,17
13.8400,10,-3,-7,11,10,19,-3,16,7,-4,-3,13,-3,3,-1,27,5,-1,-7,13,2,5,2,26,7,-4,1,11,3,15,-7,12,15,-2,-5,8,0,11,-1,15,5,-14,2,11,3,10,0,17,2,-5,-5,15,3,4,-1,18,6,-5,-1,6,5,10,-1,15
13.8600,7,-5,-3,12,9,20,1,18,0,-1,-1,20,1,5,1,27,2,2,-5,13,7,7,4,30,8,-6,-2,11,5,10,-11,16,12,-2,-2,10,3,14,-3,24,0,-12,-1,15,4,11,0,16,10,-3,-4,17,3,2,1,17,7,-1,-2,14,3,12,2,16
13.8800,6,-5,-8,11,6,15,2,19,4,-2,-8,20,-6,2,0,24,9,0,-8,16,-1,5,7,28,9,-5,-5,8,4,7,-5,17,16,4,-7,13,-3,12,-2,19,-1,-13,-4,14,5,11,-3,14,6,-2,-1,18,1,3,0,18,6,-1,-4,13,2,12,1,17
13.9000,8,-5,-7,10,2,22,3,17,-1,-3,-4,20,-3,3,2,23,6,1,-3,15,5,6,3,28,7,-6,-1,13,2,11,-4,16,14,4,-1,9,0,9,-2,14,-3,-11,1,9,5,11,3,18,8,-6,-1,17,5,2,0,23,8,-2,-2,12,2,8,2,18
13.9200,2,-4,-3,7,6,13,-1,18,1,-9,-7,18,-4,2,1,17,2,1,-6,15,3,8,2,28,5,-3,-6,11,-2,6,-7,12,18,1,1,6,4,11,4,16,0,-17,-4,12,2,8,0,14,2,-2,-1,18,-3,1,2,21,2,-1,0,12,0,12,0,18
13.9400,2,-3,-5,9,5,21,2,17,2,-6,-8,15,-5,3,1,24,1,-1,-6,13,4,4,0,32,8,-4,-2,14,-2,13,-6,14,15,2,0,10,4,13,1,17,0,-10,-1,10,4,5,-5,16,1,-7,-3,18,-3,4,-1,22,4,1,-4,10,1,11,-1,18
13.9600,7,-6,-5,4,1,14,2,20,2,-3,-5,19,-3,-4,2,22,-1,1,-5,15,1,8,5,28,7,1,-4,11,0,2,-2,20,10,1,1,10,4,10,-3,19,1,-13,-2,13,1,10,-2,16,9,-2,0,17,-2,4,2,21,3,0,-4,11,1,10,2,12
13.9800,10,-6,-1,7,8,17,-1,19,4,-4,-7,14,-8,2,-2,17,7,-2,-5,18,-1,6,4,31,4,-4,-1,11,2,12,-13,14,10,-2,-3,11,3,12,-4,18,2,-10,-1,11,3,10,-2,18,5,-3,-2,20,-1,1,-1,23,4,-1,-7,9,4,8,-2,20
14.0000,3,-10,-2,3,9,17,-7,17,4,-4,-5,15,-8,1,-1,14,2,0,-3,18,2,10,7,24,5,-2,-5,12,-4,13,-12,14,12,-1,-3,15,3,11,-3,18,0,-13,-3,16,0,8,-3,17,5,4,-2,21,-4,9,1,19,0,-3,-4,8,1,13,-1,15
14.0200,4,-3,1,2,12,13,-2,16,4,-5,-10,16,-1,5,2,20,3,0,-3,17,0,10,5,28,6,1,-10,14,-3,10,-8,14,12,4,-2,10,0,12,-8,13,-2,-13,-2,8,1,11,0,15,7,-2,-3,15,-4,8,-3,22,4,-3,-2,11,0,13,2,14
14.0400,6,-6,2,5,4,17,4,16,5,-4,-3,12,-9,2,-3,16,5,-4,-2,17,-1,10,2,29,3,-4,-7,12,2,13,-11,19,13,-3,-2,11,-1,9,-4,17,-4,-14,-6,14,-1,11,-4,17,5,-4,-9,15,-4,11,-1,21,4,-6,-2,16,3,9,-2,14
14.0600,8,-12,0,5,7,13,-5,19,6,-6,-3,14,-8,-2,-4,15,4,-2,0,16,-3,15,2,24,9,-9,-3,11,-5,10,-7,17,10,-1,3,8,-1,15,-6,14,-5,-13,-2,10,2,11,-2,15,3,-4,2,15,-9,13,-1,22,4,-2,0,12,-2,14,-2,18
14.0800,9,-2,7,8,6,17,-2,14,7,-6,0,9,-8,2,-4,16,-1,-4,-4,12,-6,15,4,30,7,-9,-1,9,-4,11,-9,16,11,1,0,15,0,12,-4,16,2,-17,-7,9,-1,8,-1,14,7,-3,-1,19,-6,14,1,17,3,0,-4,9,-4,10,2,18
14.1000,6,-6,-5,11,5,19,0,16,11,-5,-5,11,-7,1,-3,15,-3,-5,3,10,-3,14,3,27,6,-4,-1,11,-7,18,-12,17,13,-2,0,10,-1,19,-8,16,-4,-16,-3,11,3,13,-4,12,10,-4,-7,20,-7,13,1,18,4,-6,-3,13,-4,14,2,17
14.1200,11,-8,-1,11,4,19,5,11,6,-8,2,7,-6,7,0,18,3,-2,2,13,-4,10,8,22,5,-8,-6,10,-3,15,-13,10,5,-5,-3,12,-3,14,-9,11,5,-12,-5,16,2,9,-3,13,4,-7,-1,21,-7,24,1,13,3,-10,-2,12,-4,14,-3,17
14.1400,8,-8,-1,6,9,18,1,11,6,-9,0,8,-3,9,1,16,4,-7,4,15,-5,13,-1,24,10,-9,0,12,-7,14,-10,13,11,-7,-2,11,0,18,-6,11,-1,-11,-3,12,2,12,-4,13,5,-7,-2,16,-9,21,-6,11,2,-4,-3,12,1,19,4,12
14.1600,7,-7,1,8,8,20,1,11,6,-1,-1,8,-3,6,-2,17,2,-4,4,8,-4,17,3,27,9,-8,-2,15,-2,12,-11,10,14,-4,-5,10,3,21,-3,11,6,-14,-1,11,3,14,-1,14,8,-5,-1,22,-3,19,2,12,9,-4,-3,12,-1,16,3,10
14.1800,4,-11,-4,8,9,15,2,14,6,-8,-1,4,-10,6,-6,15,4,-8,5,9,-5,17,1,25,9,-5,-2,10,-5,17,-11,11,12,-2,-4,13,3,13,-2,8,2,-14,-5,11,0,14,0,16,6,-5,-2,15,-8,19,-1,13,2,-4,1,13,-5,18,3,12
14.2000,7,-12,-2,12,8,18,0,13,4,-9,-7,3,-4,8,-1,12,-2,-5,0,7,-4,18,5,26,10,-5,-1,17,-3,17,-12,13,17,-5,-4,15,0,11,-2,7,0,-14,-5,17,0,18,-4,10,7,-7,-6,20,0,26,1,13,4,-5,-3,14,-1,17,2,14
14.2200,5,-8,5,11,10,17,3,10,4,-7,4,2,-3,6,-1,17,3,-7,8,7,-4,14,0,23,11,-6,-2,9,-4,21,-8,11,16,-1,-4,8,-1,19,-3,7,-6,-14,2,14,3,13,2,14,9,-8,-5,16,-5,25,4,12,5,-8,-4,12,0,19,-2,10
14.2400,6,-8,-1,11,11,20,4,14,4,-5,2,6,-8,2,3,14,3,-9,2,4,0,22,1,25,11,-1,-4,15,-6,23,-12,12,12,-1,1,12,1,18,-5,13,3,-13,-4,13,1,14,-1,10,8,-11,-1,13,1,30,2,13,4,-4,0,11,-6,17,0,14
14.2600,8,-8,-2,13,8,17,2,13,4,-8,5,4,-4,9,-1,17,6,-2,4,7,-4,16,7,25,10,-5,-8,13,-8,17,-10,16,19,-4,0,14,1,14,-3,13,2,-16,1,12,3,14,2,14,3,-10,-1,19,3,29,-1,9,4,-2,-2,11,0,17,0,14
14.2800,8,-11,0,12,13,16,6,13,0,-8,8,2,-8,10,-2,15,5,-6,-2,4,-4,19,4,28,7,-2,-2,15,-3,19,-5,14,17,-2,-4,13,3,15,-4,14,7,-12,-4,11,5,18,-1,17,9,-8,-3,14,4,23,-2,12,4,-4,-3,14,-2,16,2,13
14.3000,4,-6,-1,11,8,22,1,16,4,-10,3,11,-5,5,3,17,-1,-4,-1,4,1,22,6,27,8,-3,-3,13,-3,21,-6,13,15,-1,-3,13,1,16,-3,13,1,-14,1,10,0,18,1,14,3,-11,-4,13,-1,21,3,12,10,0,-4,12,-1,16,1,19
14.3200,7,-10,-1,8,9,22,9,14,6,-5,5,2,-1,7,2,14,-3,-5,2,6,-5,16,2,24,6,-2,5,12,-2,20,-8,9,9,1,-9,12,2,22,-6,12,3,-16,3,18,-1,12,5,14,2,-5,0,16,9,20,0,12,3,-2,-2,10,1,17,2,10
14.3400,7,-4,-3,16,12,13,3,18,1,-6,1,11,0,10,2,15,6,-7,-5,12,-3,15,3,23,9,0,-1,10,-1,14,-11,10,15,3,-2,8,4,21,-5,13,3,-14,5,16,4,17,8,13,5,-6,6,17,5,24,1,18,2,-5,-7,11,-4,13,1,13
14.3600,9,-6,1,19,6,16,3,16,4,-4,-1,10,1,8,6,13,-3,-2,-2,9,0,17,3,21,3,-2,-1,14,-1,17,-8,15,13,-8,-2,8,-3,18,1,13,1,-14,0,8,6,14,2,19,1,-5,-2,20,4,19,2,11,1,-5,-1,13,-3,16,0,19
14.3800,2,-6,1,18,6,17,8,19,3,-4,-1,10,2,4,6,18,0,-2,-4,11,4,13,3,29,7,-2,-2,11,-1,20,-10,15,16,-2,-1,10,5,16,3,13,6,-11,-1,17,-1,15,4,16,4,-8,-1,11,8,20,3,15,0,-3,-6,6,0,13,-1,22
14.4000,4,-7,-4,13,8,16,6,16,4,-11,-4,14,0,4,4,19,-1,-2,-2,13,-1,16,3,25,8,-1,-3,10,-3,16,-7,17,15,0,-2,10,1,16,-2,15,2,-13,0,12,1,13,7,17,2,0,-1,15,6,13,3,19,7,-2,-4,10,5,15,1,12
14.4200,4,-7,1,18,14,18,3,15,1,-9,-2,11,0,4,6,17,4,-3,-5,8,-1,10,3,24,9,-3,0,8,4,15,-8,14,18,0,-2,9,3,17,-2,13,6,-11,-6,9,6,12,2,20,1,-5,-4,16,12,16,1,15,2,-3,3,13,4,17,0,18
14.4400,10,-7,0,18,9,13,3,16,5,-5,-3,13,-2,1,-3,21,1,-1,-1,15,2,10,8,24,7,-2,5,12,2,19,-5,14,19,-2,-4,9,3,17,1,16,5,-16,-5,5,1,10,3,21,-1,-4,-2,13,11,14,3,19,0,-3,-5,11,3,14,3,15
14.4600,3,-6,-5,16,17,14,-1,19,0,-11,-3,12,4,-3,1,19,-1,-5,-3,12,-2,9,2,28,3,0,1,11,-3,12,-7,17,15,-3,1,11,5,15,-3,14,5,-15,-1,7,0,16,5,15,3,-4,3,14,7,11,11,19,1,-5,-1,7,-1,17,4,12
14.4800,1,-8,-7,14,11,13,4,20,2,-8,0,10,-1,-3,6,16,7,-3,-2,12,-1,8,4,28,7,2,0,8,0,15,-8,19,17,-5,-1,10,2,11,-2,16,-2,-13,2,8,4,13,6,21,2,-1,-3,17,11,8,3,25,5,-5,-4,9,2,18,2,18
14.5000,4,-8,-2,16,9,13,0,22,3,-8,-5,18,3,-3,2,21,3,-6,-5,13,2,7,3,27,6,-2,0,11,2,10,-6,14,19,-3,-2,11,0,11,-3,16,1,-16,-1,11,3,9,3,17,3,1,2,12,6,15,5,19,4,-1,-1,16,-2,10,-5,19
14.5200,6,-3,-3,17,9,17,3,18,0,-3,-5,20,3,0,0,17,4,-7,-3,15,-1,9,0,32,1,-5,0,8,3,14,-6,24,13,-1,-1,9,6,13,1,14,5,-16,0,5,2,6,3,19,6,3,0,16,1,8,-1,26,3,-2,-3,11,1,10,0,20
14.5400,6,-1,-3,15,11,12,5,17,-2,-4,-6,16,-2,-1,3,21,0,-4,-5,12,0,12,2,26,2,-5,2,9,-2,11,-10,16,15,-1,-1,9,7,8,-7,20,4,-15,-1,5,5,7,0,18,5,-2,-3,15,5,8,3,24,3,-2,-2,14,6,11,3,19
14.5600,4,-5,-2,15,8,7,5,18,1,-1,-2,12,2,-4,4,18,1,-3,-5,18,-1,9,3,35,7,-9,2,8,3,14,-7,12,19,-3,-2,8,3,12,-4,18,8,-11,-2,9,-1,8,2,20,6,2,4,13,6,8,6,19,7,2,0,11,1,15,1,17
14.5800,4,-3,-4,16,13,14,6,19,3,-4,-5,14,-1,-2,4,18,1,2,-3,16,2,8,4,30,9,1,-3,10,0,10,-11,19,15,0,-2,6,6,14,-6,20,2,-13,-2,8,2,9,3,20,3,2,1,14,6,11,-1,24,4,-3,-4,11,-1,11,1,17
14.6000,8,-6,-2,13,13,14,-1,16,4,-3,-6,15,3,2,0,23,2,-5,-9,15,0,7,1,30,7,0,-3,9,1,19,-7,20,15,2,-2,11,4,10,-4,21,6,-15,-1,4,-1,12,-2,17,4,0,3,14,3,13,2,23,1,3,1,15,-2,10,3,18
14.6200,11,-4,-7,13,10,16,-1,19,5,-7,-12,9,-1,4,-1,22,-1,2,1,14,1,7,2,28,8,0,-3,7,3,15,-7,14,17,-1,0,13,2,12,-6,21,-2,-10,-3,9,3,9,4,20,4,1,2,15,-4,5,-2,23,3,-1,-1,13,3,14,-4,20
14.6400,8,-5,-2,13,6,13,3,19,7,-7,-3,13,2,1,3,23,0,-4,-5,15,-3,7,0,33,8,-5,0,9,1,13,-5,18,19,-1,-3,9,1,15,-3,18,2,-9,4,8,3,13,0,17,6,-2,0,16,-5,9,0,23,7,-5,-1,14,3,17,3,20
14.6600,10,-6,-3,11,10,9,-4,21,3,0,-3,15,0,3,2,22,2,0,-5,14,-4,6,1,35,11,-3,-2,11,-4,11,-11,19,21,-2,5,10,0,14,-2,14,6,-16,2,7,-1,8,-2,19,7,-4,8,16,-4,10,-2,28,6,1,0,11,2,10,-5,18
14.6800,9,-4,-3,5,12,18,1,16,6,0,-4,14,-4,8,3,23,3,-4,-4,13,-4,7,3,31,10,-5,-4,13,2,14,-9,16,20,-5,-4,12,9,17,-5,17,6,-15,-2,8,2,13,-1,16,4,0,4,16,-8,13,-5,23,7,-2,-1,9,-2,15,0,19
14.7000,10,-5,-1,4,9,13,-1,20,6,-1,-3,17,0,6,2,22,1,-1,-3,14,-4,3,2,34,8,3,0,13,-2,15,-13,17,21,-4,-2,15,2,12,-7,15,7,-16,-5,7,4,15,4,19,5,-5,-1,19,-5,5,-1,19,6,-2,-1,15,-4,15,-1,22
14.7200,8,-7,-3,5,7,15,-1,16,6,-8,-5,10,3,6,-2,27,7,-2,3,17,-4,11,5,29,8,-3,-4,11,-5,16,-6,19,20,-4,-5,12,2,11,-7,19,0,-13,0,11,0,15,1,15,6,-2,0,15,-7,7,-2,18,6,-3,2,5,-2,21,0,17
14.7400,10,-7,-4,6,4,16,-3,20,5,-6,-3,14,-4,9,1,18,4,-1,-2,12,-4,13,2,29,5,0,-1,16,-6,15,-7,18,22,-6,-2,16,2,13,-3,17,4,-15,-1,8,0,7,-1,22,6,-5,0,19,-6,15,-7,22,3,-2,-2,11,-3,15,-3,24
14.7600,9,-8,-2,6,8,17,4,21,11,-5,3,11,-3,5,-1,20,3,-1,-2,9,-4,11,1,34,6,0,-1,13,0,13,-11,18,20,-7,-2,15,0,13,0,16,-1,-14,2,13,-6,11,-2,23,9,-6,0,16,-2,14,-1,22,5,-3,1,14,-1,12,-3,16
14.7800,8,-7,2,4,5,15,4,19,5,-3,4,15,-1,9,0,22,1,0,-3,15,-5,12,2,27,12,0,0,17,1,18,-8,13,28,-5,3,18,-5,17,-3,19,5,-12,-4,11,3,16,-2,21,9,-3,-2,13,-8,14,-4,16,10,-2,-1,12,-5,13,1,16
14.8000,11,-6,7,5,5,13,-2,16,5,-6,2,9,-3,7,5,25,1,-2,2,11,-1,14,-1,32,12,-3,2,16,-4,20,-7,16,22,-3,-2,15,2,17,-1,13,2,-10,-2,14,1,14,-1,17,7,-6,-1,15,-5,19,-2,17,6,-4,-2,11,-5,18,0,14
14.8200,8,-8,1,6,6,14,4,13,3,-7,0,7,0,12,-1,17,5,-3,6,9,1,15,-2,31,7,3,-1,16,-4,17,-5,15,22,-4,-1,11,4,19,-4,15,3,-14,0,15,1,12,1,23,10,-6,-1,19,-11,18,-5,17,7,2,-1,6,1,11,2,17
14.8400,5,-4,6,5,5,16,-3,16,6,-7,2,10,-3,10,1,24,-1,2,0,5,-2,13,2,24,10,1,1,19,-7,18,-7,16,19,-3,-4,12,1,19,-6,19,6,-10,-1,13,3,13,8,18,9,-5,1,18,-9,21,-5,12,4,-2,-1,13,-6,18,6,11
14.8600,6,-7,4,3,8,18,-1,14,6,-5,2,7,-7,10,-2,15,7,-7,2,13,-7,16,2,30,8,3,-1,15,-4,15,-10,18,20,-1,-3,8,0,12,-5,17,7,-11,-1,13,-1,14,2,15,10,-3,1,18,-9,15,-4,12,5,-9,2,10,-5,11,-3,15
14.8800,4,-8,5,7,4,18,0,15,9,-9,4,7,-4,8,-1,18,5,-3,3,12,-4,18,6,30,5,-4,-1,15,-1,14,-15,14,21,-1,-3,16,0,16,-6,15,7,-12,-1,13,0,15,4,18,9,-3,1,22,-7,17,-5,12,5,-4,-1,7,-8,14,1,13
14.9000,6,-6,-2,7,7,19,-3,13,7,-4,1,7,-3,13,-3,19,1,-5,4,7,-7,14,2,25,10,-1,3,14,1,13,-10,14,17,0,3,10,-3,15,-5,18,2,-11,0,17,1,13,2,18,6,-6,-3,17,-7,17,-4,11,4,-2,-3,10,-5,15,4,14
14.9200,9,-5,2,9,12,18,6,12,4,-2,0,9,-4,12,1,18,1,-4,2,7,-7,10,-4,31,9,-2,-3,19,-2,15,-10,12,20,0,-2,13,-3,12,-4,14,4,-14,2,18,-4,11,2,12,1,-6,-2,18,-9,19,-1,7,3,-5,-6,12,3,14,0,11
14.9400,2,-8,3,7,11,14,0,16,7,-5,1,9,1,8,1,21,1,-2,5,10,-6,13,4,24,7,-2,6,16,-3,19,-13,14,21,-6,1,7,-3,15,-1,14,8,-12,0,11,-1,14,2,12,5,-7,-5,19,-10,18,-2,4,6,0,-4,9,-2,14,4,11
14.9600,2,-8,8,6,4,16,0,13,4,-10,-3,8,-4,10,4,19,1,-8,7,4,-7,11,5,26,4,4,2,19,-7,17,-9,16,16,-7,0,7,-1,12,-6,18,4,-12,-1,14,1,17,6,11,5,1,-1,22,-5,17,-3,8,8,-3,1,15,-4,20,-2,18
14.9800,4,-7,-4,11,9,17,-2,15,9,-7,2,9,-8,10,2,16,-2,-8,1,10,0,12,0,27,8,3,1,13,-7,14,-7,17,15,-3,-1,10,-4,18,-1,9,0,-14,1,17,1,16,-1,16,7,-8,3,22,-7,17,2,10,7,-4,0,10,-5,15,0,16
15.0000,3,-5,-2,12,9,17,1,12,9,-6,0,9,-2,2,-3,20,1,-7,6,9,-1,15,0,27,7,1,-1,14,-7,14,-9,16,15,-7,2,12,1,18,-4,13,3,-10,1,15,3,13,2,15,3,-6,-1,21,-2,18,0,7,2,-1,-1,11,-4,11,-5,17
15.0200,3,-6,2,12,14,17,6,14,3,-8,3,9,-1,3,7,15,3,-4,3,7,-1,14,1,26,2,0,1,13,0,14,-11,14,17,-7,-3,13,-4,20,-1,10,3,-16,-1,20,5,14,1,14,-2,-3,-2,16,0,19,5,13,0,-7,8,12,1,13,-1,13
15.0400,1,-10,2,14,12,13,3,12,5,-4,1,9,-9,5,2,18,-2,-7,6,8,1,15,3,27,4,-1,1,11,-5,15,-13,15,16,-2,0,4,1,16,-3,11,3,-15,-2,13,0,17,3,12,0,-5,3,21,0,15,0,12,3,-9,4,9,-2,17,3,14
15.0600,1,-7,-2,9,9,16,2,9,5,-5,-1,11,3,6,-1,16,0,-5,0,8,-1,15,0,28,3,-5,2,10,-1,18,-12,15,13,-7,9,5,-2,15,-3,8,4,-13,2,13,1,12,3,15,-1,-6,4,19,0,17,4,11,7,-1,0,11,1,16,0,14
15.0800,6,-5,-4,23,15,16,4,10,-2,-5,0,8,-7,4,6,19,1,-5,4,8,-2,16,0,27,7,-3,1,8,-5,14,-7,15,20,-7,-3,11,3,15,3,11,5,-14,1,17,2,10,3,15,-3,-12,5,17,6,15,6,13,6,-5,-2,6,0,14,5,17
15.1000,7,-7,3,10,15,19,5,13,2,-7,1,14,-3,4,6,19,4,-5,4,9,3,16,1,24,1,-1,4,9,-5,13,-8,14,18,-12,5,13,-1,12,0,11,3,-15,4,9,3,11,2,16,2,-5,-1,19,4,13,10,10,9,-8,1,11,1,20,2,17
15.1200,-1,-9,1,11,13,17,6,17,1,-10,4,10,-2,7,2,19,1,-4,3,10,-1,13,4,27,-2,-4,4,5,-3,16,-13,14,17,-4,-2,10,-2,15,-4,13,4,-15,1,16,4,18,3,16,1,-3,-3,19,8,15,7,12,3,-8,2,13,2,15,0,17
15.1400,2,-11,-5,16,14,15,4,12,4,-3,-2,7,-4,3,3,21,4,-5,5,10,1,12,-5,28,7,-5,3,7,-2,16,-7,16,19,-5,5,8,2,14,3,14,1,-13,-2,13,-1,13,2,16,0,-7,4,22,5,14,2,16,1,-3,1,9,1,14,3,13
15.1600,4,-7,-4,15,15,19,-1,15,-1,-11,2,11,3,0,4,12,-2,-5,1,10,0,12,2,33,9,-5,3,8,0,19,-11,19,13,-6,8,10,4,17,2,9,4,-17,0,13,2,10,5,13,1,-8,2,19,11,13,3,19,4,-2,-1,10,3,16,6,17
15.1800,2,-8,-4,13,14,18,6,12,8,-2,5,10,-1,-2,1,19,0,-7,5,13,2,18,-3,26,3,-4,6,5,-2,20,-4,20,19,-5,2,9,0,15,0,8,4,-16,1,17,5,9,4,19,2,-1,1,16,6,17,4,20,5,-7,3,12,2,14,0,15
15.2000,10,-9,-5,15,15,16,2,14,1,-6,3,12,0,-1,1,18,-1,-6,1,12,-1,13,6,31,4,-3,6,7,0,18,-4,17,11,-10,0,10,5,19,-5,12,5,-17,2,12,4,5,3,15,2,-4,1,19,4,17,10,22,6,-5,6,9,-1,18,1,16
15.2200,6,-7,-2,17,14,18,-1,16,3,-10,4,9,-1,-1,1,20,-2,-3,5,16,-1,11,8,26,4,-10,0,3,-5,15,-10,19,10,-8,3,12,5,16,-2,16,10,-15,-2,9,5,11,5,14,4,-5,2,17,3,15,10,22,4,-8,2,13,3,14,3,17
15.2400,4,-7,-4,20,15,12,0,14,2,-8,3,12,-3,2,0,22,4,-6,3,15,-2,14,0,30,6,-5,6,-1,-4,12,-7,16,12,-9,0,11,4,15,1,19,7,-14,8,10,0,13,-1,18,9,-4,1,19,4,14,8,18,3,-6,2,12,2,14,-2,19
15.2600,10,-11,-9,16,17,18,3,17,0,-9,4,9,4,-1,5,21,4,-5,2,15,0,16,0,27,7,-1,4,5,2,15,-8,17,19,-10,3,9,6,13,1,17,4,-19,-2,9,0,10,0,14,6,-1,6,19,8,13,7,23,4,-4,-2,13,4,11,0,17
15.2800,4,-9,0,15,17,15,2,12,8,-5,1,8,1,6,2,17,-1,-4,-1,15,-5,15,3,27,7,-2,2,7,-2,20,-11,17,16,-6,3,9,4,18,4,21,6,-16,2,8,-2,12,3,22,7,-3,7,23,4,14,12,27,4,-5,0,11,4,13,6,20
15.3000,4,-12,-4,14,14,16,6,16,6,-2,2,9,1,2,8,23,0,2,1,12,-7,12,0,31,5,-1,2,6,-3,21,-5,22,10,-7,5,16,6,14,-3,18,1,-14,0,9,2,13,0,22,5,-2,0,22,4,15,2,24,3,-3,4,13,-1,15,-1,15
15.3200,3,-4,6,14,15,14,3,16,6,-3,2,13,2,3,1,22,-2,-4,-2,18,-3,14,2,25,7,-5,2,6,-3,18,-10,18,17,-5,0,14,1,12,-1,19,8,-17,0,9,3,16,-1,23,2,0,5,18,3,16,5,24,3,-2,5,14,-6,14,1,20
15.3400,2,-5,4,12,9,15,0,17,7,-5,2,13,-1,3,3,23,-1,-4,3,18,-4,9,3,30,3,-1,5,10,0,19,-10,19,15,-4,4,9,3,16,0,14,7,-13,3,1,-2,11,0,21,6,0,1,14,1,15,-2,28,6,0,1,13,1,14,-2,26
15.3600,9,-4,4,11,10,17,-2,20,5,-11,10,8,2,2,6,23,0,0,-4,21,-6,12,7,29,4,-3,4,10,0,19,-8,17,16,-6,0,18,5,11,1,14,4,-14,0,5,-3,10,4,22,5,2,3,21,0,12,2,25,2,-2,-2,15,0,14,0,20
15.3800,13,-3,7,13,11,16,2,16,3,-8,2,6,-4,5,2,19,1,-6,-4,11,-10,17,2,30,10,2,1,11,-2,15,-7,17,14,-3,4,16,3,10,0,24,5,-13,2,5,-1,10,4,17,3,-1,4,15,0,14,-1,24,7,-1,4,11,-1,17,-1,26
15.4000,4,-8,3,12,12,19,2,22,5,0,9,11,-1,1,8,19,1,2,-3,16,-3,17,-2,31,7,8,7,11,2,14,-9,20,13,-2,3,12,2,12,-1,20,10,-17,4,6,2,13,7,19,3,-3,5,17,-1,15,1,24,4,-6,0,12,1,13,4,19
15.4200,8,1,4,7,8,18,3,17,5,-7,1,8,-5,9,3,19,-3,1,-3,12,-6,12,2,31,5,-2,1,7,-4,17,-14,22,9,-1,0,12,4,14,-3,18,7,-16,4,9,0,8,4,22,9,-1,6,22,-6,14,-3,24,5,1,3,12,0,13,-1,18
15.4400,7,0,9,7,7,15,5,15,4,-1,6,9,-4,7,1,23,-2,-1,3,15,-7,16,4,29,5,0,6,15,-1,17,-10,19,12,-3,0,10,5,13,-2,19,7,-8,4,7,-6,13,4,16,5,4,5,23,-6,17,-2,23,6,-1,7,12,1,14,4,21
15.4600,6,-3,9,9,8,15,6,14,2,-7,3,7,-4,6,5,17,5,-1,0,14,-7,13,2,28,7,4,2,15,-8,17,-9,18,12,-5,7,15,-3,14,-4,19,7,-9,6,7,-5,17,3,21,5,1,1,24,-6,13,-1,24,6,-1,3,12,-2,18,2,22
15.4800,11,-4,3,7,4,14,5,16,7,-5,-2,12,-8,7,4,27,2,-3,1,14,-9,15,3,29,12,0,4,15,-8,19,-7,18,14,0,4,12,2,11,1,13,6,-13,3,7,1,19,3,21,3,1,4,16,-7,14,-2,18,0,-2,-1,13,0,19,-2,23
15.5000,8,-1,9,7,7,12,5,16,7,-3,3,14,-7,4,0,18,1,0,3,15,-6,17,-3,26,2,-1,2,12,-3,17,-13,13,17,1,4,11,1,8,0,17,7,-15,1,12,-1,14,4,19,6,1,6,18,-8,10,-3,21,2,-4,4,15,-5,17,1,19
15.5200,8,-4,5,11,7,18,3,15,2,-1,1,12,-4,4,4,18,0,-1,3,16,-8,12,4,25,4,0,2,12,-3,14,-10,18,16,1,-1,15,-3,16,-2,22,9,-13,5,10,-7,17,8,19,5,2,5,19,-5,11,-5,18,2,-1,3,11,-1,15,-4,19
15.5400,5,-3,7,9,7,14,0,14,12,-3,3,7,-10,6,4,20,1,0,2,14,-6,14,-1,25,4,1,1,16,-6,15,-10,17,12,-3,6,14,2,15,-4,14,10,-14,7,12,-4,12,8,17,4,1,5,20,-5,16,-6,16,2,-4,0,12,-4,16,0,23
15.5600,10,0,9,7,10,16,5,11,2,-8,0,11,-6,9,4,23,5,-6,4,15,-10,14,4,28,6,3,1,15,1,25,-11,15,12,-5,-1,11,-2,18,-1,14,8,-15,3,15,-1,9,3,22,9,0,1,20,-6,9,-6,16,1,0,3,10,-1,12,1,18
15.5800,4,-1,6,6,4,16,-2,15,6,-7,0,13,-4,8,0,17,0,-5,8,11,-5,17,0,28,3,1,-3,20,-6,19,-15,15,15,-2,-2,12,0,16,-3,19,10,-14,6,9,-5,13,5,17,4,-4,6,17,-6,11,-9,17,3,0,2,11,-5,17,2,18
15.6000,11,-5,10,5,8,16,-5,13,3,-5,1,8,-5,4,4,18,2,-6,2,10,-5,11,2,27,4,0,-2,11,-2,15,-14,14,10,-4,0,14,2,13,0,21,4,-13,4,14,-6,16,8,20,7,-4,3,15,-6,13,-8,14,2,-2,4,16,0,15,-1,17
15.6200,7,-8,2,9,3,15,-3,18,4,-5,1,13,-3,7,-1,20,4,-5,0,10,-6,18,-3,24,6,-2,0,16,-6,21,-12,16,16,-3,1,9,-2,14,-6,19,10,-12,11,10,-3,9,4,15,5,-5,7,19,-5,15,-8,11,5,-3,1,15,-6,13,1,18
15.6400,12,-3,2,7,3,18,-1,13,6,-10,3,13,-3,11,0,22,1,-8,3,5,-3,12,2,29,1,0,3,13,-6,19,-9,16,10,-7,4,9,1,14,-4,17,3,-12,2,11,-7,16,4,17,3,-5,1,19,-11,16,-6,12,6,-1,3,16,-3,14,-1,19
15.6600,7,-5,3,11,10,21,-7,17,3,-8,0,14,-1,7,1,18,-2,-5,5,3,-5,17,0,28,2,-5,4,10,-3,16,-12,19,10,-5,3,13,3,14,-3,12,5,-13,5,16,-2,14,1,20,1,-4,4,20,-9,12,-7,11,4,-7,4,7,-2,17,-4,12
15.6800,8,-5,1,6,10,16,4,11,9,-5,2,7,0,5,1,16,1,-5,-1,6,1,17,1,25,2,-1,-2,15,-1,17,-9,16,15,-6,5,8,1,17,-2,17,9,-16,-1,15,-7,12,-2,16,3,-10,5,20,-1,14,-2,11,5,-9,5,10,-1,14,-3,17
15.7000,4,-6,5,7,4,16,0,17,4,-10,4,12,1,8,7,18,1,-12,4,4,-3,14,1,26,6,-3,-2,14,-1,14,-10,16,17,-4,5,6,3,15,0,12,4,-14,5,19,-2,14,4,16,4,-7,4,19,-1,18,-4,14,7,-10,2,13,1,19,0,21
15.7200,7,-8,2,12,6,13,-3,16,4,-2,0,13,0,7,2,17,1,-4,3,9,-6,10,1,24,5,-6,1,16,-5,21,-13,14,20,-6,4,10,4,17,2,14,4,-10,3,18,-2,15,0,17,5,-8,4,15,-3,16,-3,10,8,-7,2,11,-3,13,-3,18
15.7400,6,-9,-3,9,9,17,1,16,3,-10,-1,11,-2,8,3,14,1,-7,3,4,-3,12,-2,26,0,-2,1,9,3,21,-11,16,15,-8,-1,12,1,16,-3,12,4,-10,-3,11,-2,16,3,16,7,-10,7,20,-2,13,-3,12,2,-7,4,12,-4,13,-1,13
15.7600,9,-7,1,14,8,20,-1,14,7,-7,1,17,-3,9,0,19,-3,-8,1,5,-5,14,-2,27,5,-4,5,14,0,17,-14,19,11,-8,-1,9,4,17,0,11,3,-15,0,14,0,10,6,12,3,-11,3,21,0,17,0,10,7,-5,3,12,-2,18,2,14
15.7800,9,-5,1,13,8,18,6,11,7,-8,0,12,-4,6,6,17,1,-10,2,11,0,15,-1,27,8,1,1,11,2,15,-10,16,12,-4,1,12,6,12,1,14,3,-12,-6,15,-1,14,2,18,2,-9,2,17,0,16,2,11,4,-12,-1,9,4,18,1,15
15.8000,7,-6,-3,11,9,15,4,13,6,-9,4,12,-4,12,6,16,-1,-12,0,5,-5,17,6,21,2,0,5,13,3,22,-11,19,14,-8,3,9,2,15,0,14,3,-13,2,12,1,16,0,17,2,-7,4,20,0,18,3,12,3,-2,4,8,2,14,-2,18
15.8200,10,-7,-1,13,11,17,-3,13,-1,-8,3,13,-2,8,4,17,1,-11,7,11,0,18,2,25,8,-5,3,9,0,18,-9,13,12,-8,4,8,4,15,3,17,7,-18,-2,16,3,14,7,18,0,-6,5,19,-1,20,-1,10,0,-8,-2,13,0,14,2,17
15.8400,10,-4,-1,10,5,16,-6,20,9,-15,4,9,-1,10,5,17,3,-9,5,6,-1,20,6,28,0,-4,2,5,-1,23,-7,15,14,-6,4,8,4,17,5,14,7,-17,1,14,3,14,1,14,2,-10,3,19,1,18,0,13,8,-9,3,11,1,11,1,17
15.8600,7,-9,-3,12,12,23,0,18,4,-10,4,9,-1,8,7,18,1,-11,4,7,-3,16,1,26,4,-7,3,13,3,19,-5,18,10,-8,3,10,1,22,5,13,4,-16,-1,16,2,15,7,20,3,-10,5,19,1,18,6,14,1,-8,0,11,2,19,2,16
15.8800,7,-7,3,18,12,14,2,17,7,-13,1,7,-3,7,3,18,0,-7,2,5,-7,14,4,29,5,-3,3,4,0,22,-7,12,14,-2,1,9,10,17,3,13,6,-10,5,15,0,13,2,20,3,-8,2,18,-1,13,4,10,3,-7,0,16,3,16,3,15
15.9000,6,-6,1,14,15,13,5,17,3,-4,-3,10,-1,10,4,16,2,-8,7,9,2,14,10,25,1,-4,5,4,-1,17,-8,16,12,-3,0,10,3,18,0,12,4,-16,2,14,-2,16,10,18,1,-4,5,21,0,19,9,13,2,-10,-3,10,-4,16,3,13
15.9200,8,-5,1,13,13,19,-1,11,2,-9,0,9,-2,12,6,20,-1,-6,4,8,-3,13,1,28,8,-4,10,10,-1,23,-7,18,10,-8,1,12,3,17,2,15,5,-18,2,17,-2,12,6,20,1,-7,7,21,0,18,10,15,4,-5,2,13,-3,14,1,15
15.9400,5,1,2,15,8,20,-3,14,4,-9,1,12,1,14,9,19,-3,-9,2,10,-3,16,5,26,3,1,6,8,4,23,-9,15,12,-2,4,9,2,15,0,13,10,-10,4,16,-2,18,4,19,4,-1,4,16,4,23,6,16,9,-4,6,10,2,15,0,14
15.9600,6,-1,-3,12,10,16,1,13,9,-5,2,13,-4,7,3,18,-2,-7,0,11,-1,19,0,26,3,1,4,10,9,20,-9,16,17,-10,4,9,-2,17,1,14,8,-7,-1,13,-2,12,6,21,3,-3,-1,17,5,18,10,21,2,-3,1,15,-2,18,-4,13
15.9800,4,-1,4,13,10,20,3,18,7,-3,2,8,1,9,5,17,1,-5,3,9,-2,16,0,27,5,1,7,8,2,21,-6,18,12,-9,5,10,4,16,4,15,6,-13,1,11,6,17,4,16,2,-1,6,17,3,17,5,22,1,-7,5,11,-4,18,3,21
16.0000,10,-1,-1,14,14,15,3,15,7,-7,3,7,0,5,8,17,1,-5,-3,13,-2,15,-1,25,4,0,3,9,3,19,-8,21,10,-6,1,12,3,19,1,14,6,-8,6,15,-1,10,7,22,1,-1,3,16,-2,19,7,16,3,-4,1,11,-1,17,8,18
16.0200,6,-2,-1,13,8,20,-1,16,8,-10,4,10,0,3,6,24,-2,-5,1,11,-1,15,8,29,4,-3,0,7,2,20,-9,18,14,-4,0,13,-3,16,0,14,3,-9,3,7,2,14,6,23,6,0,5,19,3,15,5,17,1,-5,-1,10,2,15,1,20
16.0400,5,-4,6,18,8,18,-2,14,5,-3,11,11,0,4,6,20,2,-8,3,14,-7,15,8,32,2,-2,6,7,1,20,-9,20,13,-6,-1,10,5,13,0,17,4,-9,5,9,-3,16,7,19,7,-2,2,20,-4,16,6,22,7,-3,-1,13,0,13,1,19
16.0600,3,-4,5,11,10,17,1,18,5,-5,2,12,2,7,6,19,-3,-5,5,15,1,18,2,28,4,-3,2,8,6,16,-11,15,12,-6,-1,15,2,11,5,20,5,-12,2,6,-1,15,-4,19,5,-6,2,21,5,15,-1,19,3,-1,0,12,2,16,-1,21
16.0800,6,-8,-1,12,12,21,1,18,7,-9,-1,12,1,5,7,21,1,-7,-2,18,-3,16,3,27,1,1,1,8,0,19,-13,19,15,-4,2,13,1,12,5,11,0,-8,3,12,0,14,7,22,5,-1,2,23,-1,18,3,28,7,-2,-3,16,2,16,4,21
16.1000,10,-4,4,12,6,18,0,22,5,-6,3,10,-2,5,3,17,3,-7,-3,10,-6,14,1,29,9,5,4,5,0,20,-4,18,13,-1,5,14,-1,13,1,20,3,-12,4,5,-7,17,4,23,7,2,5,18,0,13,5,23,7,-2,0,11,1,20,1,19
16.1200,4,0,1,9,7,16,-8,18,8,-5,-2,12,4,6,6,22,-2,-4,-2,15,-5,15,1,30,0,5,5,9,-3,18,-7,25,12,0,1,15,-2,16,3,18,4,-13,3,9,1,19,2,26,6,-2,6,18,0,18,2,25,4,-4,2,14,-7,17,-1,21
16.1400,6,-2,3,10,10,15,-1,15,8,-8,3,12,-1,5,2,25,1,-6,1,12,-7,17,2,29,3,-3,3,10,-1,22,-8,20,17,-4,1,15,1,15,2,15,7,-13,-1,8,-3,14,8,25,5,-1,5,17,-2,13,1,20,5,-3,1,13,0,15,1,16
16.1600,7,-3,5,11,15,16,0,18,6,-2,2,12,3,5,5,24,6,-3,-2,23,-3,15,-1,33,1,-1,-3,11,3,14,-13,22,14,-2,2,14,1,14,2,19,3,-9,2,6,-6,15,4,21,10,-1,3,21,-2,15,2,22,3,-1,2,14,-2,16,4,23
16.1800,5,-7,-1,10,10,15,0,16,9,-7,-2,15,-3,8,4,22,3,-9,2,15,-2,16,-1,29,4,-2,3,15,3,19,-8,18,17,-4,2,12,2,12,4,18,5,-13,7,11,-3,16,7,22,6,-2,7,18,-4,18,-2,20,7,-1,0,10,-2,19,-2,21
16.2000,5,-4,4,15,8,11,6,20,9,-4,2,11,1,5,5,20,8,-9,0,15,-2,14,2,34,-2,1,4,10,0,16,-7,24,11,-4,5,13,1,11,-2,18,6,-11,-1,11,0,15,6,21,7,-1,2,22,-1,11,-4,23,4,-5,2,15,-4,13,2,20
16.2200,5,-7,4,8,7,16,-1,19,0,-7,5,12,1,10,7,18,1,-4,-1,16,-4,17,-5,25,7,-5,2,13,0,18,-9,21,11,-5,1,13,2,14,2,19,7,-12,2,7,-4,19,3,18,8,0,2,19,-2,15,-3,22,2,-2,2,10,-2,13,-2,18
16.2400,4,-4,6,8,14,15,4,16,12,-6,2,11,1,7,6,22,4,-4,-1,17,-5,15,-1,30,0,3,5,15,-2,18,-14,20,14,-5,0,15,0,18,-1,17,5,-10,-1,8,0,14,4,16,6,-6,6,17,-2,12,1,22,5,-3,6,3,-1,15,-2,21
16.2600,1,-3,7,15,12,21,0,17,9,-7,6,10,-3,3,-3,22,2,-7,-1,16,-4,12,-3,27,5,-1,1,13,-1,16,-8,17,14,-7,1,15,1,13,0,15,7,-14,5,7,-1,11,4,16,12,-5,1,19,-3,13,-2,18,4,-3,4,12,-1,13,0,20
16.2800,7,-8,1,12,10,15,-1,17,9,-8,2,12,1,3,3,18,6,-5,2,8,-3,13,-2,31,3,-5,1,11,3,16,-13,19,9,-4,4,16,0,13,6,17,8,-9,2,9,1,20,6,19,9,-3,4,15,2,12,-2,19,7,-3,1,12,0,15,0,22
16.3000,10,-5,4,12,11,17,3,11,6,-10,-1,8,3,3,1,15,4,-5,-2,12,-7,16,-6,28,1,-2,2,13,-2,17,-12,24,20,-2,4,11,4,11,1,17,7,-11,-1,9,2,13,6,18,8,-6,1,15,-3,17,-3,20,5,0,5,13,-1,18,5,20
16.3200,8,-6,-4,11,9,14,4,15,9,-6,3,13,-5,7,-1,16,2,-2,5,12,-4,21,-3,28,3,-3,0,9,-2,18,-14,20,17,-5,0,16,1,10,1,13,6,-14,1,7,-1,14,1,17,7,-2,2,18,-6,13,-4,17,5,-2,-1,11,5,19,-4,20
16.3400,1,-6,-2,13,8,18,0,17,7,-11,1,13,-3,8,2,19,1,-4,3,13,-7,18,1,25,-1,0,-2,12,-5,22,-13,18,17,-4,5,15,2,10,4,14,9,-6,4,8,-6,13,4,19,13,-7,6,17,3,19,-2,20,1,-6,4,13,1,20,3,21
16.3600,10,-4,2,13,6,16,-2,16,6,-10,1,14,3,10,0,18,2,-10,0,15,-1,16,1,24,4,0,8,13,-4,19,-11,18,15,-3,1,15,-4,14,1,20,7,-8,1,17,2,13,0,19,6,-2,2,17,-1,16,-3,20,3,-5,4,8,1,12,2,19
16.3800,6,-2,0,9,5,17,1,12,6,-12,-1,12,-3,7,2,21,-1,-4,1,11,-2,18,2,28,3,-4,-2,9,-5,21,-12,18,15,1,6,13,-2,15,3,16,-1,-6,4,14,-2,13,-3,21,3,-6,6,17,0,13,-2,20,5,-3,3,13,4,18,-1,20
16.4000,4,-7,6,11,11,17,1,14,9,-5,5,15,3,5,1,19,1,-2,5,12,-7,16,-3,26,2,-2,3,15,-9,20,-7,18,10,2,7,11,2,14,0,13,5,-9,4,12,-3,15,2,19,10,-4,5,18,4,16,-3,20,1,-7,7,11,-6,14,1,21
16.4200,5,1,8,13,6,15,2,16,5,-2,0,13,-2,10,-1,19,-3,-1,4,10,-1,17,0,31,1,1,3,15,-5,18,-12,20,14,-6,2,8,2,17,0,13,5,-13,2,8,-3,15,2,22,6,-9,6,19,-3,18,-6,15,3,-2,-3,12,-2,15,-2,18
16.4400,3,2,3,14,6,16,2,17,9,-6,2,12,-1,5,3,21,0,-2,8,11,-1,19,3,26,0,1,0,11,-5,17,-7,16,12,-6,7,20,-3,19,4,18,5,-7,6,10,-4,14,1,19,3,-2,6,18,0,16,3,14,5,-1,4,9,-3,19,-3,18
16.4600,3,-5,3,15,5,15,3,16,7,-9,1,13,-1,11,3,18,1,-4,3,11,-2,17,-3,25,1,0,4,12,-5,16,-13,18,10,-3,6,13,2,13,2,17,3,-11,4,15,-6,16,2,20,1,-8,4,19,-1,19,-1,22,-2,-3,4,11,-2,16,-2,18
16.4800,6,-1,4,13,7,15,-3,16,3,-4,1,12,-2,9,0,14,1,-5,4,7,-5,19,-2,27,3,1,0,14,0,19,-11,16,13,-3,4,11,2,11,3,16,5,-12,7,17,-8,12,5,17,2,-8,1,17,-6,21,3,17,3,-6,4,14,2,15,-1,14
16.5000,6,-4,3,12,10,19,1,17,7,-5,0,18,-3,10,-1,16,0,-6,7,8,-4,20,3,25,0,1,1,10,-4,16,-9,13,6,-8,2,10,3,15,3,19,5,-11,7,14,-3,19,5,18,2,-7,6,17,0,21,3,11,1,-3,2,15,-3,16,4,16
16.5200,9,-3,4,15,7,16,4,21,6,-8,2,12,0,10,0,15,0,-4,1,11,-2,21,-3,25,0,5,6,9,-2,17,-14,20,11,-6,6,7,-4,15,5,15,5,-10,3,16,-6,15,3,17,1,-8,2,18,0,16,-1,13,2,-3,0,15,-1,17,1,18
16.5400,-2,1,7,14,9,16,5,16,7,-7,4,13,-2,11,2,14,2,-4,7,11,-4,24,-1,24,4,2,7,12,-6,18,-9,18,9,-10,4,16,-2,18,11,19,8,-11,5,16,-4,14,0,22,4,-9,10,20,-3,19,1,16,0,-1,9,11,0,18,1,18
16.5600,2,-4,5,8,8,17,5,15,8,-5,1,5,4,11,3,18,-1,-4,8,9,0,19,1,21,2,-4,5,10,-3,17,-7,17,8,-7,4,7,0,16,1,20,4,-11,7,11,-3,17,4,17,3,-8,9,21,-3,15,2,16,10,-3,2,8,-1,14,4,19
16.5800,4,1,4,15,6,15,3,13,4,-3,5,13,-2,10,0,19,4,-5,3,11,-3,18,1,20,5,-1,4,10,-6,19,-8,18,11,-6,5,12,3,19,7,15,2,-11,6,19,-5,18,2,19,-4,-8,5,17,2,16,3,16,2,-4,5,11,-4,16,2,17
16.6000,3,-8,6,11,5,16,-1,17,2,-10,3,13,3,7,3,15,6,-2,8,11,-6,16,0,28,3,-1,4,13,-4,18,-10,19,11,-10,7,7,1,16,-3,19,6,-12,0,13,-4,16,3,19,0,-4,5,17,-6,19,2,14,2,-7,5,11,3,18,3,19
16.6200,7,-7,7,10,8,18,-2,16,7,-6,5,16,4,11,2,19,1,-9,-1,11,-6,17,2,22,0,-5,3,10,2,22,-5,18,12,-6,7,9,-1,17,4,17,8,-14,5,14,-1,15,5,20,1,-6,4,20,-3,16,2,12,3,-7,7,9,-4,21,0,21
16.6400,3,-3,6,11,13,18,1,19,3,-5,8,12,1,10,-4,15,-5,-4,8,13,-3,20,3,22,-3,-2,7,8,1,20,-8,16,3,-6,3,4,-5,16,0,24,0,-10,3,15,-3,17,4,17,0,-6,9,17,-3,21,-3,19,5,-12,5,13,-3,15,9,12
16.6600,3,-3,6,14,8,18,1,17,1,-8,10,14,-1,11,-2,15,0,-4,7,15,-4,21,3,28,0,-4,7,8,-2,14,-7,19,7,-3,6,6,1,15,5,19,5,-5,1,10,-2,15,3,14,0,-11,6,18,-1,17,-5,15,2,-3,6,15,-3,18,4,20
16.6800,-2,-7,10,12,9,14,-1,17,4,-1,8,7,-2,6,-2,14,1,-6,5,11,-1,22,4,28,-1,0,11,13,-2,18,-8,19,7,-4,5,10,0,17,0,18,-1,-11,2,14,-5,14,0,20,-3,-9,9,16,1,19,3,16,2,-5,7,7,-3,21,2,17
16.7000,3,-2,8,8,10,21,2,14,4,-10,2,12,-3,10,0,19,3,-9,6,10,0,24,-2,25,1,0,4,14,-2,16,-6,18,12,-7,6,7,-1,16,4,19,3,-10,4,14,-4,15,2,21,-2,-8,8,22,-3,20,2,21,7,-2,5,7,1,16,5,17
16.7200,3,-5,5,11,8,13,4,18,0,-8,3,15,-2,10,6,17,5,-3,8,14,-1,13,-4,22,2,-3,6,11,-1,19,-9,18,7,-8,0,7,2,17,-1,15,1,-15,1,12,-3,19,4,16,1,-12,5,21,-7,19,1,16,-1,-2,4,11,-3,20,6,19
16.7400,0,-7,6,14,7,21,0,15,5,-6,6,11,1,8,4,21,2,-4,8,14,-7,19,1,29,1,-7,5,13,-4,23,-6,20,11,-7,7,8,-1,18,3,20,4,-11,2,16,-2,16,2,20,3,-5,7,18,0,18,-1,21,0,-5,4,14,1,15,3,22
16.7600,4,-5,0,13,4,17,-2,15,3,-5,3,12,-5,11,1,19,9,-3,5,11,-8,20,2,23,0,-6,4,14,-1,19,-8,18,12,-8,1,9,0,15,7,20,3,-12,4,10,-1,16,4,22,-3,-10,3,20,-2,13,-1,13,2,-9,3,12,0,18,5,17
16.7800,2,-4,5,9,11,15,2,16,3,-7,4,16,-5,11,2,18,2,-4,4,13,-5,16,0,27,1,-6,5,16,1,24,-7,22,5,-5,5,9,-2,16,5,18,5,-10,2,17,-3,15,3,20,-3,-7,7,18,-5,13,-2,14,2,-6,2,18,2,17,3,18
16.8000,8,-3,4,7,9,19,5,20,5,-1,3,12,-6,5,0,13,7,-3,5,11,-6,18,5,28,8,-3,6,15,-2,19,-10,19,8,0,1,8,-2,19,4,18,7,-13,9,16,-6,15,6,19,3,-7,4,14,-2,14,3,19,1,-11,1,14,3,21,-2,19
16.8200,6,-2,8,10,5,15,2,20,2,-6,5,11,3,10,5,17,2,-4,4,9,-3,19,2,23,7,-2,6,13,0,16,-8,20,12,-5,3,14,0,17,5,17,10,-15,5,16,-3,13,4,23,0,-6,3,22,-3,17,3,17,4,-9,1,12,-5,17,2,25
16.8400,4,-5,2,13,6,17,1,18,4,-7,2,10,-1,9,5,22,1,-9,1,11,1,21,0,26,3,-1,4,14,3,15,-6,17,8,-6,0,15,-1,16,0,18,6,-11,4,15,-5,15,2,21,1,-1,4,23,-1,20,4,21,1,-10,7,12,-2,16,0,18
16.8600,5,-5,3,13,7,19,5,21,4,-3,4,9,2,11,2,17,6,-2,1,8,1,22,0,26,4,-5,9,8,2,20,-4,20,6,-8,4,11,2,18,3,21,10,-8,5,11,1,17,5,21,5,-6,5,20,3,16,3,22,4,-7,7,15,0,21,4,19
16.8800,3,0,2,12,11,18,1,18,9,-3,1,12,6,10,2,11,5,-1,1,12,1,20,-1,22,1,0,5,7,-1,17,-4,15,7,-3,2,14,0,21,6,19,3,-11,5,13,-6,12,2,22,9,-4,3,20,-2,20,0,22,4,-2,3,15,1,18,4,23
16.9000,-1,3,6,11,7,14,0,21,5,-3,4,15,1,7,0,18,3,-6,-2,16,-3,18,6,25,6,-2,8,12,4,16,-7,21,7,-6,-1,9,3,17,3,19,8,-8,7,10,-7,17,2,19,2,0,4,21,1,14,3,18,3,-6,6,10,-1,18,4,21
16.9200,-4,-2,1,10,10,19,-3,16,4,-9,6,18,-2,12,1,14,3,-5,1,17,-2,21,1,26,-2,2,9,13,0,14,-5,19,8,-4,0,17,3,19,0,15,6,-12,7,13,-3,19,7,21,8,-1,6,19,0,20,4,20,4,-6,3,12,0,19,0,24
16.9400,4,3,3,12,5,15,0,18,8,-3,3,11,0,12,4,21,4,-4,0,11,-3,15,1,27,4,-1,6,16,-1,20,-11,21,7,-6,3,12,1,18,5,22,7,-8,5,8,-5,19,1,18,9,-4,3,19,0,18,5,20,3,-3,4,11,-4,18,1,17
16.9600,3,-2,7,10,11,19,1,19,10,-9,1,12,0,15,2,20,2,-4,0,17,-2,16,3,24,4,-4,8,9,-3,22,-4,22,8,-3,2,17,5,17,0,20,8,-13,3,14,-1,16,3,19,4,-3,4,20,2,19,1,16,4,-8,2,11,-3,21,1,24
16.9800,5,-1,6,16,10,20,1,19,7,-5,2,13,-2,13,3,18,2,1,1,12,-1,20,1,27,0,4,2,11,0,18,-8,21,8,-7,4,17,1,16,5,24,6,-10,3,9,0,18,3,20,11,-3,5,20,-1,15,8,22,6,-9,2,15,-1,21,-6,22
17.0000,5,0,6,11,10,15,-1,22,6,-4,-1,14,-2,12,0,19,4,-3,5,11,-4,19,3,29,4,-3,8,13,3,15,-4,20,8,-4,2,16,-2,15,2,20,7,-13,3,11,-6,16,3,23,6,1,0,19,-2,17,2,23,3,-3,1,12,-4,18,-3,23
17.0200,3,-1,5,13,8,20,-3,15,1,-7,1,11,-2,16,6,21,3,-7,0,13,2,18,-1,26,0,-4,5,14,4,18,-9,16,7,-6,2,14,4,19,3,21,4,-15,6,13,-6,17,-2,18,9,-3,5,17,-1,19,6,21,4,-1,0,15,2,20,1,22
17.0400,2,-4,3,15,6,18,-3,19,4,-8,6,15,2,12,4,22,2,-3,1,10,0,17,3,30,-1,-2,3,12,0,21,-9,24,13,-3,6,18,-2,13,2,19,4,-11,3,13,-4,14,5,20,4,-4,3,18,5,18,2,22,4,-5,0,13,-1,16,3,23
17.0600,4,-4,5,14,6,18,0,15,6,-4,2,10,0,11,2,18,1,-8,1,15,-1,18,1,27,2,1,6,13,2,19,-3,20,10,-3,0,12,-3,21,6,21,3,-14,1,11,-4,19,5,19,5,-3,2,21,2,20,-2,20,5,-4,5,10,-1,18,-3,19
17.0800,6,-1,4,14,7,18,-3,19,10,-6,3,14,1,14,5,19,6,-4,0,11,-4,22,3,26,-2,-1,2,13,3,21,-7,24,9,-7,7,17,-1,13,7,20,2,-12,2,9,-3,14,2,24,3,-1,0,18,2,18,2,19,4,-8,5,17,-2,17,1,18
17.1000,2,-8,-1,12,7,18,0,18,7,-6,5,7,4,14,5,22,0,-10,2,13,-2,16,0,27,2,-4,3,11,5,19,-14,21,9,-6,7,17,-1,18,7,20,1,-7,1,13,-3,16,6,21,4,-1,5,21,-2,19,-1,24,-2,-9,4,13,1,20,1,18
17.1200,8,0,2,20,8,16,-3,23,5,-4,3,7,-3,9,-2,20,4,-4,6,12,1,21,1,24,-2,-2,2,11,1,17,-11,21,4,-7,5,16,0,13,3,20,-1,-7,1,11,-2,18,4,22,5,-3,10,22,1,19,3,21,0,-7,1,10,-5,16,-3,19
17.1400,2,-5,2,14,4,17,-1,19,9,-7,4,11,-2,10,2,19,4,-2,1,14,-1,22,2,30,2,2,2,10,5,20,-6,20,8,-5,4,20,3,16,0,20,4,-9,3,8,-2,17,2,22,5,-1,1,18,0,19,3,21,0,-5,11,20,1,18,0,18
17.1600,1,-4,-1,12,7,15,-3,23,5,-7,4,10,2,9,3,21,1,-9,3,15,-3,22,4,29,0,-7,1,15,0,19,-7,19,14,-2,3,16,-2,14,1,21,0,-10,0,11,0,16,4,19,6,-3,8,18,0,19,-4,18,-1,-2,7,12,0,14,5,18
17.1800,3,2,3,15,8,20,1,18,4,-4,1,12,-3,12,1,19,6,-5,3,9,-2,18,2,29,-2,-2,-1,11,5,15,-14,21,10,-4,4,14,-1,16,1,19,6,-13,3,13,-5,21,2,19,5,-1,3,17,2,20,1,17,3,-3,2,10,-3,20,-1,24
17.2000,0,-3,1,7,5,19,2,20,3,-4,2,11,-5,13,3,14,1,-7,4,18,-4,16,2,29,-1,-5,8,13,1,19,-7,18,13,-5,3,17,0,19,4,16,1,-12,-1,10,-4,20,2,20,-1,-5,1,20,-1,19,3,19,3,-2,3,11,1,19,2,20
17.2200,3,-1,-1,14,5,18,-5,16,4,-8,0,16,1,7,1,19,5,-6,1,13,-5,18,-1,26,1,-1,4,11,2,20,-9,23,9,-7,10,11,3,20,2,15,10,-9,4,8,-2,20,5,20,4,-3,0,19,-2,18,-2,20,1,-6,7,7,2,19,-1,19
17.2400,5,-6,6,13,6,18,-1,19,1,-3,3,13,3,17,0,18,3,-7,2,11,-1,20,6,26,0,-7,3,8,-3,19,-9,16,8,-8,4,14,1,19,4,18,6,-8,5,13,-2,16,-1,20,3,-2,3,15,-1,17,1,22,6,-6,1,7,-2,15,1,23
17.2600,0,-5,3,15,7,18,1,22,-2,-8,3,12,-7,10,1,19,3,-7,1,13,2,20,1,25,-2,-2,2,16,4,16,-3,16,10,-3,3,13,-1,16,7,21,5,-12,1,9,-4,15,-3,19,4,-3,6,18,2,15,-1,17,1,-7,2,14,1,17,3,20
17.2800,1,-4,3,11,8,19,-1,20,5,-8,4,17,-4,11,0,19,4,-10,7,15,-6,23,2,28,2,-4,1,13,0,19,-2,22,8,-11,4,11,5,16,1,20,5,-11,2,13,-5,13,6,21,5,-4,5,19,1,20,-1,23,8,-6,5,14,0,17,0,19
17.3000,4,0,-3,12,5,18,0,20,5,-5,5,13,3,12,4,23,8,-5,6,13,0,23,-1,27,1,-1,6,11,1,22,-5,23,8,-8,4,14,-4,16,7,24,3,-9,0,12,-3,18,2,18,2,-6,6,21,0,16,2,25,4,-8,4,15,0,16,4,19
17.3200,4,1,4,13,7,21,-2,15,4,-3,5,12,3,12,0,16,4,-5,2,12,-3,22,2,26,-2,-4,6,15,2,19,-8,19,9,-6,2,9,-1,13,2,19,6,-6,3,10,-6,15,5,16,4,-6,1,22,-5,20,-4,19,3,-3,5,14,0,22,-2,20
17.3400,3,-3,4,12,12,21,-3,20,5,-4,-1,14,-1,9,2,17,2,-6,6,12,-3,22,3,23,3,-7,-1,15,2,22,-7,19,10,-4,4,11,-4,16,3,24,2,-11,-1,14,-4,14,4,21,1,-6,6,18,0,18,-1,22,-1,-5,3,13,-3,18,0,18
17.3600,2,-3,2,12,9,17,-6,19,5,-6,3,13,-4,6,3,15,-2,-8,3,17,-2,25,-1,26,6,-2,0,13,0,21,-8,17,10,-5,8,14,-4,17,1,21,7,-14,2,18,-4,13,4,23,2,-3,5,18,-2,15,-2,24,3,-5,3,13,-3,22,1,18
17.3800,0,0,3,11,4,15,-1,22,1,-3,8,10,-1,9,3,17,0,-5,4,14,-5,23,2,22,-1,-3,3,12,0,20,-9,22,5,-10,8,12,-1,20,3,23,1,-11,3,12,-6,21,3,22,7,-4,4,20,-1,21,-1,20,5,-5,3,12,-4,20,4,13
17.4000,-1,1,5,12,9,19,-1,22,0,-1,5,11,-1,8,3,17,-3,-7,9,16,-2,20,0,25,-4,-5,5,13,1,23,-9,17,12,-2,9,14,-2,16,6,24,3,-11,3,10,-7,17,4,18,7,-5,5,20,-4,19,-2,21,0,-5,1,15,-1,15,-1,23
17.4200,1,-1,-2,10,11,16,0,18,1,-6,3,15,-4,7,3,19,1,-10,5,16,-1,20,1,27,1,-4,6,15,5,18,-7,19,11,-13,2,12,-4,15,6,21,4,-11,10,15,-8,19,0,15,-1,-9,4,19,-4,18,3,16,3,-7,5,9,-4,18,2,17
17.4400,0,-3,5,9,6,20,2,21,6,-3,7,17,-3,8,5,15,-1,-9,8,9,-2,21,-1,23,-2,-5,4,17,3,21,-9,20,5,-7,8,12,-2,20,2,23,7,-8,2,11,-3,22,1,21,3,-6,0,20,1,19,1,19,0,-6,1,11,1,16,-1,18
17.4600,1,1,2,8,1,16,-5,18,3,-4,-2,17,0,11,1,13,7,-4,3,10,-3,22,5,27,0,-4,5,13,-3,22,-12,19,10,-3,2,12,-3,24,1,18,0,-12,4,13,-9,23,4,17,-3,-5,5,17,0,17,0,20,1,-2,4,11,-2,18,0,21
17.4800,0,-1,4,11,2,18,0,17,2,-9,4,12,-3,11,4,20,2,-7,0,11,-5,22,2,25,-1,-2,4,15,0,21,-8,18,10,-7,3,13,-2,15,5,19,4,-15,4,10,-4,22,4,20,4,-5,4,23,-2,18,2,21,2,-6,-2,11,-5,20,2,19
17.5000,1,-6,3,9,6,21,-1,19,3,-8,1,13,0,9,3,21,6,-6,6,13,-2,23,2,29,1,-4,5,14,1,20,-9,20,6,-4,-2,13,-1,16,1,18,1,-17,5,14,-2,22,4,17,1,-2,-1,16,-2,19,0,22,1,-6,9,12,-1,16,-2,20
17.5200,-3,-4,6,9,2,24,-3,21,3,-5,-3,13,2,10,-1,16,8,-7,1,11,-5,19,0,28,-3,-4,0,10,-4,23,-9,17,8,-6,3,9,2,18,10,18,9,-15,2,10,-3,16,1,17,5,-5,4,22,-3,13,8,20,3,-6,2,13,-2,19,2,16
17.5400,-2,-4,1,15,6,20,-1,20,4,-5,-1,15,5,9,2,17,4,-11,5,12,-3,23,4,29,-2,-2,5,13,0,19,-3,16,12,-5,4,13,-5,20,5,22,4,-13,2,19,-4,18,2,19,6,-11,4,20,-7,15,2,22,1,-8,2,16,-2,22,2,17
17.5600,3,-6,4,16,7,21,-4,20,3,-6,4,13,-1,16,4,15,6,-3,2,12,0,21,0,29,-2,-2,5,16,1,19,-7,19,9,-6,4,15,-2,15,3,21,3,-11,4,13,-5,19,4,21,2,-9,8,21,-4,17,3,20,-1,-4,7,12,-3,20,1,20
17.5800,0,-6,8,13,5,17,3,16,2,-4,5,12,0,11,-2,17,2,-3,2,13,3,20,2,27,0,-4,4,16,-2,16,-11,21,11,-6,2,5,-5,21,3,21,3,-14,2,12,-5,17,6,23,2,-9,3,24,-3,18,4,20,2,-7,4,17,-5,20,-3,24
17.6000,2,-5,4,12,5,20,-2,19,4,-9,4,11,0,12,0,21,4,-5,3,12,0,19,-1,27,-4,-7,4,12,2,18,-10,21,8,-7,5,10,0,18,5,24,5,-14,7,14,-3,21,3,18,1,-5,3,23,-5,21,-3,16,4,-7,8,12,1,22,0,21
17.6200,-1,0,2,14,5,18,0,24,8,-12,5,10,-3,11,1,17,2,-5,6,7,-3,25,-2,27,0,-7,3,11,-3,17,-7,22,10,-11,2,13,-10,18,8,21,5,-11,0,16,-3,22,2,17,2,-5,8,17,-1,18,0,19,4,-4,6,11,-2,20,1,20
17.6400,0,-3,4,11,9,17,1,24,8,-6,7,12,-3,8,2,22,4,-9,4,11,-2,21,2,28,2,-4,5,12,1,11,-4,22,8,-6,3,12,-1,18,10,25,6,-12,1,16,-7,19,4,20,2,-10,6,22,-7,18,5,19,4,-5,2,10,-4,17,3,22
17.6600,3,-4,6,15,7,23,1,22,6,-7,7,14,-4,13,-2,21,4,-6,4,15,-2,20,3,30,-5,-3,7,9,-1,16,-6,21,7,-9,8,8,-1,17,8,22,7,-14,4,11,-3,24,5,21,2,-7,3,25,1,18,6,19,1,-8,2,11,-2,19,0,22
17.6800,6,-2,0,15,4,21,-1,20,5,-2,2,13,1,10,1,18,6,-4,6,9,-7,21,1,25,2,-1,6,16,1,18,-8,18,13,-5,6,12,-4,14,5,26,5,-14,1,17,-5,18,-1,22,6,-7,1,25,2,21,6,21,4,-5,5,14,0,17,-2,19
17.7000,0,-4,2,16,6,14,2,23,4,-4,0,14,-4,12,0,17,3,-7,-1,17,-1,23,1,30,0,-4,5,13,1,18,-9,21,10,-6,6,14,-2,13,8,23,3,-14,9,13,-5,20,0,24,4,-5,2,25,-1,21,6,20,0,-6,7,15,1,20,-4,27
17.7200,-1,-6,9,15,8,20,0,20,5,-4,5,15,-3,12,-1,18,8,-7,8,14,-1,19,4,27,-3,-5,4,13,0,17,-6,22,10,-4,4,16,-7,17,1,25,4,-12,7,14,-4,22,-2,21,5,-7,4,23,-1,16,1,24,3,-8,8,14,-2,20,0,22
17.7400,0,-1,3,15,5,20,-4,22,4,-6,2,14,1,13,-1,19,4,-7,6,15,-3,21,-1,28,-7,-4,6,16,-3,17,-10,22,8,-8,2,10,0,21,2,19,8,-18,7,13,-1,19,-1,21,5,-8,3,21,1,22,0,19,1,-7,2,12,-2,20,3,23
17.7600,0,-3,4,14,5,23,-2,21,2,-3,8,15,1,12,0,16,8,1,1,10,-2,18,3,27,-1,-1,5,15,1,17,-8,21,11,-5,6,13,0,16,6,21,1,-14,5,17,-1,22,-1,21,1,-5,3,21,3,16,1,22,4,-6,6,13,-3,16,2,19
17.7800,0,1,-1,15,4,19,3,21,4,-6,5,16,-1,10,1,18,3,-10,5,15,0,21,4,28,3,-2,3,14,2,18,-13,23,8,-4,-1,16,-4,17,4,20,4,-12,2,10,-4,19,2,24,2,-4,1,28,1,20,0,22,4,-5,4,15,-2,20,1,17
17.8000,0,-1,5,16,4,20,-2,23,2,-9,2,18,-1,13,-2,14,4,-8,4,15,-2,20,1,28,-4,-5,7,17,2,19,-7,21,13,-7,3,13,-2,17,3,26,5,-13,3,17,-4,21,1,23,5,-5,3,28,1,17,3,21,3,-3,7,12,1,20,1,22
17.8200,0,-3,4,17,5,20,-1,22,3,-6,3,14,-2,15,3,19,9,-6,3,15,-1,20,1,29,-3,-5,2,14,-1,25,-7,26,10,-2,7,14,-1,18,10,21,7,-13,7,15,-3,21,0,17,2,-5,5,23,3,24,7,21,2,-3,7,11,-4,24,5,19
17.8400,3,-4,2,15,8,18,-2,26,2,-4,3,13,2,12,1,22,5,-4,4,12,-1,23,-1,28,1,-3,3,12,3,17,-4,19,13,-6,5,13,-2,19,4,28,3,-17,5,14,-2,21,1,23,3,-6,4,22,4,16,4,24,3,1,3,15,0,21,-2,19
17.8600,1,-2,0,14,6,19,3,21,5,0,1,17,-2,15,-2,19,2,-5,6,13,-1,20,1,26,3,-5,9,12,-1,15,-8,22,5,-2,3,10,0,17,3,22,0,-11,10,15,2,17,0,18,4,-6,1,26,6,19,1,22,0,-11,2,14,4,20,1,19
17.8800,0,-2,4,14,8,19,-1,21,2,-1,3,12,-1,16,-1,17,4,-3,7,14,-4,23,1,27,-2,-7,5,14,-2,16,-6,23,7,-7,5,12,-1,15,3,23,3,-13,6,15,-2,21,2,19,4,-3,3,16,-4,19,4,19,2,-7,6,15,0,19,7,20
17.9000,1,3,6,12,6,21,0,22,-1,-3,1,13,-2,16,3,19,9,-3,4,14,-1,17,7,28,4,-2,8,15,-2,16,-9,23,10,-4,5,13,0,21,2,28,0,-6,3,14,-2,17,-1,20,3,-5,3,24,-1,17,-1,16,-1,-6,10,16,2,19,-1,20
17.9200,2,0,7,17,4,20,0,20,7,0,8,16,-4,14,-4,21,1,-8,4,13,-4,22,2,28,3,-2,6,18,-4,16,-5,21,9,-3,6,12,-9,21,5,22,-1,-9,8,18,-4,22,2,21,1,-4,-1,23,-1,25,-1,19,1,-4,8,16,-3,22,7,20
17.9400,0,-2,6,13,5,21,0,20,2,-2,7,10,-4,10,2,18,0,-6,9,17,-4,19,3,28,-4,-6,6,15,1,22,-12,23,7,-2,3,14,-3,14,3,24,2,-14,5,11,-5,22,0,20,8,-3,7,26,3,22,4,18,0,-2,2,12,-3,19,-1,20
17.9600,0,0,9,17,1,20,1,23,2,-5,3,14,-2,15,-1,16,7,-6,1,13,0,24,4,20,-1,-8,6,13,2,19,-5,21,6,-5,2,11,-5,22,3,28,-3,-12,4,14,-6,17,3,20,-2,-5,3,24,4,13,0,24,1,-7,0,20,-1,24,3,21
17.9800,2,-1,2,14,1,20,0,21,6,-6,2,17,-4,17,5,18,4,-4,3,14,2,17,2,26,1,-2,3,13,-4,21,-9,19,12,-1,6,11,0,20,1,23,2,-14,10,11,-8,22,4,22,2,-5,2,23,-1,23,-2,23,4,-4,3,15,-1,21,0,18
18.0000,1,-3,6,15,3,18,3,24,1,-4,5,14,-1,11,3,19,5,-5,6,17,-3,17,2,33,0,-5,7,15,2,23,-4,21,8,-3,7,14,-6,19,1,20,4,-10,7,16,-4,18,0,23,0,-9,5,24,-2,18,2,19,0,2,4,12,-2,22,-2,21
18.0200,0,-2,4,13,9,18,-2,22,1,-4,5,14,0,11,5,21,5,-7,4,16,-1,20,0,28,0,-6,10,14,-1,20,-7,29,4,-5,4,16,-1,21,6,24,-2,-16,8,12,-2,18,-3,24,2,-3,7,23,-6,18,-1,19,5,-4,7,15,0,20,4,21
18.0400,1,-3,-1,15,10,17,2,23,2,-2,0,19,-6,11,1,17,5,-4,2,19,-4,20,-2,29,4,-6,6,12,2,18,-7,21,6,-4,4,13,-8,19,5,23,0,-13,3,17,-3,19,1,29,2,-5,4,21,-3,24,6,25,4,-7,5,13,-4,21,2,23
18.0600,0,-2,6,11,8,23,-3,17,-3,-6,3,15,-6,12,0,18,-2,-3,4,17,1,21,-2,29,0,-6,4,17,-3,21,-7,25,5,-4,3,14,-3,15,3,24,2,-14,5,18,-3,24,2,20,4,-5,3,23,0,21,2,23,4,-6,6,12,1,21,1,22
18.0800,-2,-1,6,15,4,18,-3,24,7,-2,10,16,-3,16,5,20,4,-5,1,16,3,29,6,25,-1,-6,4,11,1,19,-6,23,6,-4,3,15,-1,20,5,21,-2,-13,3,13,-7,18,3,20,1,-6,4,19,-9,21,2,22,4,-9,3,14,-2,19,-1,20
18.1000,0,-4,5,17,9,20,-5,25,4,-5,6,14,-5,14,-1,21,-1,-8,7,13,-4,24,1,29,1,-7,2,12,3,20,-6,19,5,-2,5,12,-4,15,4,23,11,-12,2,15,-8,22,-2,22,2,-4,3,19,-2,18,-1,22,4,-3,8,13,-3,21,-2,21
18.1200,-2,-6,8,11,5,21,-3,22,-1,-5,4,13,3,10,-2,21,5,-10,4,16,0,21,-2,26,-1,-8,9,11,3,18,-6,20,6,-8,8,16,-2,21,6,22,3,-14,4,16,-4,21,-2,22,2,-6,2,25,-2,21,5,20,3,-9,4,17,-3,22,1,25
18.1400,4,-5,7,16,1,23,-5,22,2,-4,3,13,0,17,-2,21,2,-7,5,10,2,24,0,24,-1,-4,4,12,1,23,-5,23,4,-8,6,8,2,20,5,22,3,-14,5,15,-7,24,-4,20,0,-7,6,23,0,20,5,19,6,-7,-1,14,-1,20,1,22
18.1600,0,-2,6,15,3,22,-4,20,0,-4,6,13,-6,14,-3,18,6,-10,6,15,-3,21,5,28,1,-9,1,12,3,21,-3,24,4,-3,4,13,2,16,5,24,4,-11,5,13,-5,18,-3,21,1,-5,7,22,-3,23,3,20,-1,-7,5,15,-6,18,0,18
18.1800,-1,-4,4,12,3,20,-3,20,-2,-7,0,13,-4,15,-4,22,5,-5,3,16,1,27,3,24,1,0,5,11,2,19,-2,17,4,-10,7,16,-6,21,7,18,-2,-17,3,10,-2,22,0,22,2,-9,7,20,1,23,1,22,3,-5,7,19,-6,20,2,23
18.2000,1,-1,7,10,3,17,1,22,-1,-10,6,12,-1,15,-1,20,3,-5,4,15,2,22,2,28,-2,-10,4,13,0,21,-5,19,6,-9,6,14,-4,18,5,20,1,-13,7,17,-7,20,-1,22,9,-8,8,20,-4,21,-2,19,4,-10,6,12,1,23,1,26
18.2200,-1,-1,5,11,5,17,2,20,-5,-2,4,14,-2,15,2,18,2,-4,7,18,0,20,3,30,-1,-4,-1,14,-3,21,-5,19,2,-5,7,10,-5,20,3,24,3,-11,4,12,-6,19,0,19,0,-3,10,21,-1,22,0,20,1,-9,7,13,-2,21,-1,19
18.2400,3,-6,7,6,1,22,-2,24,1,-3,7,10,-1,11,0,18,-1,-8,3,14,-3,24,-1,28,-1,-8,9,17,-5,16,-2,19,6,-3,10,14,-1,20,3,22,-1,-13,9,17,-2,22,4,23,6,-8,1,26,-6,23,0,21,2,-4,3,13,-1,23,7,18
18.2600,1,-2,7,11,6,21,-4,22,0,-7,9,16,-7,13,-3,20,0,-4,4,14,1,20,1,27,-2,-4,6,16,-1,17,-6,21,5,-2,9,14,-1,21,6,23,3,-9,5,11,-3,23,-1,23,5,-5,6,23,-2,16,0,21,7,-5,7,10,-2,21,3,20
18.2800,5,-2,9,13,10,22,-1,24,3,-5,3,10,-4,14,2,20,2,-9,3,14,-2,26,1,23,0,-8,4,12,5,18,-7,18,2,-2,11,18,-2,24,8,21,0,-11,6,16,-2,24,0,20,1,-6,7,21,-5,18,0,25,2,-5,5,14,-3,23,-2,21
18.3000,-4,-6,8,17,4,19,-3,21,4,-4,1,12,3,17,-2,19,-2,-8,3,11,-1,25,2,24,0,-7,5,15,0,16,0,23,6,-7,5,15,-7,17,4,25,1,-10,7,7,-7,22,1,22,2,-6,5,20,-2,18,6,25,4,-4,3,15,1,19,4,22
18.3200,1,-6,2,16,0,18,-3,22,3,-4,0,15,0,15,1,24,1,-6,5,18,-4,28,4,29,2,-10,5,14,1,23,-4,23,6,-4,8,17,-6,24,9,26,-1,-12,3,13,-7,26,1,20,3,-9,6,23,-3,23,3,21,-2,-6,9,12,-6,21,-2,20
18.3400,-2,-4,6,15,5,15,2,22,4,-2,9,17,-5,15,1,20,1,-6,7,16,-3,27,-3,25,3,-9,10,16,1,20,-3,18,5,-4,7,14,-6,21,7,21,3,-13,9,12,-2,22,3,21,0,-12,4,20,-3,14,7,22,0,-6,5,13,-3,24,0,20
18.3600,0,-3,8,13,4,17,-2,22,0,-5,10,13,1,18,-1,23,5,-7,5,17,0,21,2,25,0,-11,7,15,-1,19,-6,23,0,-7,12,16,-1,20,0,22,-3,-11,4,17,-7,22,0,20,-1,-9,5,17,-3,23,1,23,-1,-7,5,13,-1,22,6,23
18.3800,-6,-7,8,16,6,23,-2,21,4,-7,4,18,-4,14,0,21,9,-6,6,15,0,25,2,29,0,-8,2,16,0,18,-4,20,1,-1,8,16,-6,16,3,21,-1,-13,4,15,-8,25,4,22,2,-7,3,21,-2,21,-2,18,1,-12,4,11,-9,21,0,18
18.4000,2,-7,8,14,7,21,3,26,0,-4,7,18,0,16,-1,16,7,-10,3,14,-4,24,3,25,-1,-8,5,15,0,19,1,23,4,-7,4,13,-4,18,4,25,2,-11,4,13,-6,19,-1,23,-1,-9,2,23,2,22,-1,22,-1,-6,8,12,-4,21,-3,26
18.4200,-3,-4,3,13,4,17,2,20,-2,-4,11,17,0,18,-4,18,4,-9,9,16,1,27,3,25,0,-9,6,13,2,22,-3,22,3,-5,10,14,-2,19,4,23,0,-14,3,17,-5,20,-1,23,6,-7,2,20,-3,23,2,23,2,-2,8,15,-2,21,4,21
18.4400,-3,-4,8,15,1,23,0,21,-2,-5,8,13,-1,20,-3,15,2,-3,9,15,0,24,4,24,1,-5,5,14,4,18,-4,23,6,-7,5,13,-3,20,5,24,4,-14,3,15,-11,23,-2,27,3,-10,6,22,1,22,1,24,4,-6,3,15,1,22,0,18
18.4600,-3,-6,6,16,3,25,3,24,4,-7,8,14,-1,16,-2,19,-3,-6,10,15,0,25,3,27,0,-5,4,16,4,23,-1,22,2,-6,7,14,0,20,4,26,3,-12,6,12,-4,24,-1,25,0,-9,4,22,2,19,2,19,3,-9,5,11,-1,18,-2,17
18.4800,1,-7,5,21,7,24,0,21,2,-3,6,18,-1,18,2,22,4,-5,5,20,0,23,4,24,3,-10,9,15,1,23,-7,16,3,-5,5,7,0,22,5,22,3,-16,4,12,-1,27,1,20,1,-6,11,25,-3,20,0,21,-1,-7,2,15,0,22,-2,17
18.5000,-1,-6,6,18,4,21,0,26,4,-6,9,18,-3,15,-3,19,4,-11,4,13,-1,25,1,32,3,-10,9,17,-1,24,-2,18,4,-7,10,12,-5,24,4,22,1,-8,5,16,-4,22,-1,22,-3,-8,5,26,-1,21,-1,24,0,-9,5,16,2,21,-2,24
18.5200,3,-4,8,14,1,24,-2,24,5,-5,12,13,5,20,6,19,4,-5,6,16,-5,26,1,27,0,-10,2,15,-5,23,-4,20,5,-6,7,11,-4,22,6,23,3,-9,8,11,-1,22,0,24,1,-8,3,22,-1,21,6,18,5,-4,5,14,0,18,4,22
18.5400,-1,-8,8,9,2,27,1,25,2,-2,9,18,1,21,-2,19,2,-10,5,17,1,23,1,31,0,-11,6,14,-1,23,-8,23,3,-8,6,14,-3,19,2,20,-2,-12,6,14,-3,25,0,22,4,-4,7,23,0,21,4,20,-1,-10,4,16,-2,24,5,23
18.5600,1,-5,6,16,2,21,-4,22,4,-7,7,18,-3,15,-1,20,4,-4,4,14,1,24,4,33,0,-10,11,16,0,26,0,21,4,-10,6,16,-5,23,1,23,0,-10,11,15,-1,24,-2,22,0,-2,5,19,-2,23,2,26,-3,-8,6,12,-3,22,2,22
18.5800,2,-4,8,19,4,19,-3,22,2,-4,6,15,2,17,1,22,2,-11,3,13,0,27,3,20,2,-6,6,16,0,20,-2,23,2,-7,11,16,-2,24,5,20,-4,-14,13,12,-5,24,1,23,1,-5,3,23,-4,15,3,18,5,-6,11,9,-2,23,-1,21
18.6000,-4,-5,3,15,3,21,-3,21,5,-3,7,12,1,16,-1,24,5,-11,6,14,-2,25,-5,29,-1,-5,9,14,3,25,-2,22,1,-7,9,12,-3,21,4,25,5,-13,1,15,-5,24,1,23,2,-6,6,21,0,20,2,24,0,-7,7,15,-1,23,-3,24
18.6200,-4,-5,8,12,0,18,-4,22,1,-2,9,14,0,17,6,20,2,-7,4,16,1,24,3,27,-1,-11,8,18,5,22,-5,24,0,-8,8,7,-2,19,6,21,5,-11,3,17,-2,23,2,23,0,-8,4,23,-6,22,2,25,7,-6,6,15,0,21,3,23
18.6400,-3,-3,7,15,-1,22,-1,23,1,-4,5,15,1,19,-4,15,2,-3,4,15,5,28,-1,27,2,-12,9,12,0,21,-8,23,1,-5,14,12,-5,18,5,20,3,-8,4,14,-1,23,-2,23,1,-2,7,21,-1,17,1,24,3,-7,7,12,3,25,0,20
18.6600,-1,-3,9,19,5,23,1,21,3,-5,8,17,-5,18,2,18,7,-13,10,13,-1,23,-1,26,2,-7,11,16,4,25,-7,17,5,-2,7,18,-9,21,7,25,0,-12,8,16,-6,24,1,23,-1,-6,0,22,1,22,3,23,1,-7,4,14,-2,19,1,19
18.6800,-2,-3,7,15,1,17,-5,26,2,-9,10,14,-4,16,-1,23,-2,-8,5,18,-3,23,0,27,-1,-5,8,14,4,16,-5,23,4,-9,6,13,-3,25,3,19,2,-14,7,12,-6,25,-2,21,-3,-6,6,22,0,19,-3,22,2,-7,10,14,0,20,3,23
18.7000,2,-7,5,12,-2,23,-3,26,3,-5,6,16,1,19,0,20,1,-12,9,20,0,25,0,20,-2,-10,4,12,-1,21,-4,19,2,-8,7,12,-8,24,2,22,-1,-12,11,12,-2,25,2,20,5,-7,7,22,1,23,3,24,2,-7,6,13,-2,24,5,26
18.7200,0,-2,7,12,3,25,0,21,4,-6,7,13,0,19,1,22,5,-7,3,14,1,20,2,23,-2,-6,11,15,1,18,-2,21,3,-4,7,11,-4,23,3,22,4,-7,5,12,-3,20,-1,20,3,-7,5,24,-2,23,0,23,2,-7,8,15,-6,21,-1,23
18.7400,-2,-2,11,18,3,22,-2,25,1,-2,8,15,3,17,-3,17,3,-7,7,14,-1,23,3,27,-1,-5,4,17,4,21,-8,25,1,-10,10,15,-2,20,5,22,0,-9,8,12,-3,23,2,20,-3,-9,2,21,-3,18,3,22,-1,-6,8,15,5,22,4,23
18.7600,-2,-7,7,16,5,23,-1,20,3,-3,12,15,-2,16,0,16,1,-3,7,10,-3,23,7,27,-3,-5,4,11,0,20,-3,23,1,-8,6,15,-5,22,4,22,6,-10,9,13,-1,24,1,20,6,-6,7,24,-2,21,6,21,0,-4,5,15,-1,24,-2,22
18.7800,-1,-6,6,18,4,24,0,24,-2,-3,7,17,0,18,1,17,2,-5,10,14,-1,29,1,21,3,-8,9,19,6,18,-4,20,4,-6,4,19,-6,23,3,24,0,-11,9,14,-5,22,5,20,0,-7,9,23,2,25,1,18,0,-5,8,17,-2,23,-1,23
18.8000,1,-2,6,21,1,23,-1,23,6,-2,8,14,-3,18,0,15,3,-7,4,15,3,23,3,23,-1,-9,6,17,1,18,-3,25,1,-5,4,15,0,20,-3,21,1,-11,7,13,-1,25,3,27,2,-11,14,24,0,22,3,20,1,-7,9,12,-2,21,-1,22
18.8200,-1,-3,8,16,4,21,3,25,3,-1,6,12,-1,19,0,18,-1,-9,4,17,-2,21,4,23,-1,-6,6,14,1,24,-8,19,-1,-6,8,14,-6,23,1,22,-1,-6,9,14,-5,24,0,25,7,-9,8,26,-1,24,2,22,-3,-9,7,17,-4,22,1,26
18.8400,3,-3,6,15,3,24,3,22,1,-5,6,18,-4,21,5,24,2,-11,8,11,1,27,4,27,2,-9,9,18,0,23,-6,25,4,-4,4,16,-8,24,6,26,-2,-12,8,17,-1,25,0,23,4,-9,11,22,2,20,1,26,2,-9,8,15,-1,23,0,22
18.8600,-1,-2,4,17,1,24,-4,24,3,-6,14,18,-1,21,-2,17,0,-3,7,15,2,25,3,28,-2,-7,11,13,5,22,-5,22,1,-2,8,18,-1,26,2,26,-1,-10,8,17,-3,27,1,21,-2,-6,7,21,-4,21,2,21,-4,-7,7,14,3,22,0,24
18.8800,-2,-4,11,18,0,22,2,18,5,-7,6,14,-1,19,1,20,4,-12,6,14,1,21,1,32,4,-8,8,16,1,22,1,23,-1,-4,2,18,-3,22,6,22,5,-8,9,12,0,26,-6,25,4,-3,3,24,-1,20,-1,18,2,-7,6,16,-2,23,2,22
18.9000,-1,-3,6,15,-2,22,-2,26,-1,-2,5,13,0,20,3,22,-3,-12,8,15,-3,28,3,27,-3,-7,3,16,-1,21,3,23,-2,-9,9,14,-5,19,5,20,3,-8,9,14,-5,26,-5,24,1,-3,5,21,-2,25,3,23,3,-3,11,14,-4,21,1,23
18.9200,-2,-5,6,16,-1,22,-2,28,0,2,12,18,-2,19,-1,17,2,-8,8,16,-4,25,1,28,2,-7,8,18,0,21,-7,28,0,-4,8,15,-3,22,5,24,-1,-8,7,13,-5,28,1,26,1,-8,8,23,-2,18,4,25,-3,-7,10,13,-3,24,4,23
18.9400,-4,-7,10,16,-1,27,3,24,3,-2,4,14,-4,21,2,15,-6,-8,6,13,0,23,4,27,0,-6,9,10,-1,24,-2,24,3,-6,6,13,-11,23,4,22,4,-11,8,16,-4,25,1,20,2,-7,9,24,-3,23,0,23,3,-4,9,13,-7,26,7,28
18.9600,1,-8,11,16,-3,25,-2,27,3,-4,9,13,0,23,6,20,0,-8,6,18,0,23,5,22,-1,-9,4,13,3,25,-5,23,0,-7,7,17,-2,26,6,21,3,-11,7,16,-6,23,3,26,2,-4,8,23,0,21,5,22,5,-8,7,14,-1,22,0,23
18.9800,-5,-5,10,13,1,19,-1,24,-3,-2,9,11,-1,17,2,23,4,-6,5,13,3,26,1,24,-2,-6,6,15,0,26,0,18,4,-3,7,15,-5,26,4,21,3,-12,8,18,-6,30,4,24,3,-9,6,22,1,23,6,18,3,-4,3,18,-4,25,5,23
19.0000,-4,-4,13,13,0,23,2,26,1,-5,10,13,0,20,3,19,4,-12,7,17,-2,25,4,27,-2,-8,11,10,-1,21,-1,20,8,-6,5,15,-8,25,6,22,-1,-10,8,14,-5,29,-2,20,1,-8,7,23,0,22,0,18,-1,-11,11,14,-1,25,3,22
19.0200,-2,0,2,15,0,21,-1,20,-1,-3,5,11,-2,23,-1,18,1,-6,6,13,-5,27,3,23,0,-4,7,17,-1,23,1,17,0,-7,6,20,-6,26,3,22,1,-12,4,12,-4,31,0,26,3,-7,7,21,1,22,-1,22,5,-8,9,15,-5,26,-2,24
19.0400,-1,-6,9,17,3,25,0,27,1,-3,6,13,-6,14,0,16,1,-7,7,15,-3,22,3,25,-4,-6,8,10,0,21,-1,24,2,-3,10,13,-4,23,7,24,2,-14,14,17,-3,28,2,23,1,-6,10,16,-5,24,-3,27,-1,-6,5,15,-5,21,-2,21
19.0600,-2,-8,7,12,-2,26,0,25,2,-2,10,16,-2,21,5,18,0,-10,6,15,-1,25,1,29,-3,-9,6,13,3,20,1,23,0,-3,11,16,0,27,3,24,-2,-13,12,13,-6,30,1,23,1,-4,10,15,-4,24,-2,26,2,-5,6,11,-2,25,0,23
19.0800,-2,-5,8,15,0,26,1,24,0,-8,9,15,-1,22,5,22,1,-11,9,12,-6,21,3,24,0,-5,6,15,1,26,1,20,6,-7,9,14,-2,24,-1,24,-1,-13,9,14,-5,29,0,22,-2,-10,4,17,-2,22,-2,24,5,-4,5,14,-8,25,4,26
19.1000,-2,-4,8,15,5,24,-1,24,-2,-1,4,13,-3,14,1,17,-3,-8,9,10,0,22,0,29,-4,-10,6,19,-2,22,-3,19,4,-4,7,16,-6,30,4,24,-2,-11,5,16,-3,23,1,27,-3,-8,8,21,-1,24,-1,26,0,-7,14,16,-1,23,4,22
19.1200,-4,-4,6,14,5,31,-6,21,-1,-3,10,12,-1,23,3,22,1,-8,7,14,-5,29,1,28,2,-6,9,14,-3,25,-5,24,2,-4,5,16,-3,28,5,20,2,-14,7,13,-8,28,-1,27,1,-10,6,18,1,23,1,21,2,-6,9,14,-4,25,-2,21
19.1400,-6,-7,6,17,-4,26,-2,25,-5,-2,11,18,-1,17,1,18,-1,-12,5,13,-6,30,8,29,-3,-8,6,18,-6,26,-5,24,5,-8,7,17,-9,22,5,23,4,-10,12,12,-7,31,0,25,4,-10,7,20,-5,20,2,20,0,-4,6,12,-5,26,3,21
19.1600,-4,-3,6,18,0,26,1,23,2,-7,8,13,-1,20,4,24,-4,-9,4,14,-6,28,-1,28,2,-9,8,12,-1,23,2,20,1,-4,9,16,-3,29,5,16,0,-10,8,13,-4,29,-2,28,3,-10,10,22,-4,24,-2,21,3,-5,3,12,-3,21,1,22
19.1800,-4,0,8,12,3,27,0,23,-2,-6,8,12,-7,22,1,21,-1,-9,12,15,-3,30,-2,34,-1,-4,7,14,-1,24,0,20,2,-5,3,14,0,26,4,22,-1,-13,9,13,-3,26,2,22,-1,-8,8,18,-2,26,-1,21,-1,-8,7,17,-5,23,6,27
19.2000,-2,-6,9,18,0,28,-1,23,-2,-6,10,14,-3,21,0,21,-1,-7,8,15,-1,24,3,26,-2,-6,6,19,-3,23,-2,22,0,-4,7,15,-1,29,0,22,1,-9,10,16,1,27,3,25,1,-6,9,19,-4,26,0,20,4,-7,8,15,-7,25,5,25
19.2200,-5,-8,9,17,3,26,2,25,0,-1,10,15,-2,20,4,20,-1,-13,11,18,-5,28,2,28,0,-4,10,17,-1,24,-2,24,4,-9,12,12,-4,24,4,22,-2,-12,7,16,-4,30,1,23,-3,-6,8,23,1,28,-2,24,-4,-6,7,13,-4,24,-1,23
19.2400,-3,-4,12,15,3,28,0,22,0,-6,8,17,1,17,1,17,-2,-10,11,11,-4,28,2,27,1,-6,13,17,-1,26,-4,25,2,-6,10,13,-5,22,6,22,-3,-11,8,17,1,29,0,21,-1,-6,3,19,0,25,7,23,1,-5,11,15,2,26,-1,27
19.2600,-1,-7,6,16,2,24,8,24,2,-1,10,15,-1,20,0,22,-3,-8,13,15,-2,28,1,35,-2,-6,6,17,1,28,-5,28,0,-5,8,15,-3,25,1,24,-4,-7,4,16,-7,28,5,24,0,-8,7,19,1,23,0,20,-5,-6,9,16,3,23,2,22
19.2800,0,-3,6,12,-2,25,0,24,1,-6,5,10,0,21,4,19,2,-10,9,18,0,24,2,31,1,-8,4,11,-1,24,-1,22,5,-10,8,16,-5,26,4,23,-3,-9,7,18,1,27,5,22,0,-7,7,17,-2,24,1,23,1,-4,8,15,1,29,0,21
19.3000,0,-4,6,15,-2,25,1,19,3,-5,8,18,-3,21,1,18,-4,-7,8,14,-1,26,-3,32,-2,-8,6,17,-2,26,-2,25,4,-7,7,11,-4,27,2,21,1,-13,9,16,-2,31,-3,26,-2,-8,5,20,1,22,1,23,3,-4,11,15,-3,25,2,21
19.3200,-7,-5,4,12,5,23,-1,21,1,-5,8,13,-2,18,3,21,2,-8,9,16,-3,23,-5,29,-1,-6,4,15,0,24,-1,25,6,-8,11,11,-11,28,2,25,1,-17,8,16,-7,28,0,24,0,-11,10,20,-3,26,5,25,2,-7,13,16,2,27,0,22
19.3400,-4,-5,8,18,4,26,2,21,-2,-1,11,11,-4,20,-2,25,-4,-8,7,17,-5,30,-1,30,-2,-10,10,16,-1,24,-6,23,7,-5,15,15,-4,28,3,24,-1,-11,9,16,0,30,2,19,-4,-7,12,18,3,25,5,23,2,-4,13,15,-2,23,1,21
19.3600,-1,-7,12,14,-1,24,2,22,2,-4,9,18,-6,15,4,22,-4,-9,12,11,2,28,-2,31,3,-9,8,16,1,24,-3,25,3,-7,6,12,-10,28,-1,22,-4,-14,9,20,-1,25,0,27,-4,-5,11,18,-4,25,3,20,-2,-8,7,17,0,22,7,24
19.3800,2,-6,4,9,4,24,-2,25,-4,-5,8,16,-3,20,1,21,-1,-11,7,10,-1,27,-1,32,-5,-8,6,13,0,24,0,24,5,-7,7,16,-6,25,4,26,1,-11,13,15,-4,26,1,25,-2,-9,6,19,-2,25,0,26,3,-8,6,15,-5,23,3,18
19.4000,-6,-6,9,12,4,24,1,26,-5,-5,8,15,0,20,-1,23,0,-7,4,14,-6,24,4,31,1,-3,14,22,1,21,-7,26,2,-8,7,14,-7,23,2,26,-4,-10,11,15,-5,26,-1,23,0,-5,7,26,-2,27,2,24,-1,-8,9,17,-1,27,2,26
19.4200,-5,-7,11,12,6,26,3,24,-6,-8,9,14,-1,22,2,25,0,-6,12,21,-3,26,2,34,0,-9,11,12,-1,24,-7,24,4,-8,9,15,-2,25,5,26,-1,-11,11,17,-5,28,4,21,-4,-6,7,24,-4,27,3,23,3,-9,7,21,-1,27,2,26
19.4400,-1,-7,13,14,5,25,-2,26,-3,-6,9,14,-2,20,2,23,-2,-9,11,21,-2,25,0,34,-2,-7,13,17,3,25,-7,20,3,-2,9,14,-6,27,7,18,0,-17,9,13,-2,31,-2,23,-2,-14,4,18,-3,27,-1,21,2,-7,11,17,-4,28,1,22
19.4600,-2,-13,7,12,4,23,-3,26,-3,-7,14,16,0,20,4,22,-3,-10,10,14,0,26,-1,37,-7,-12,9,14,-3,26,-6,22,0,-8,11,9,-7,26,4,20,-2,-13,10,18,-6,25,1,25,-1,-10,4,18,-4,26,3,21,-2,-5,10,16,-4,25,3,25
19.4800,-9,-6,7,14,9,26,2,23,-1,-8,8,12,-2,16,0,20,-3,-9,8,13,-4,26,2,30,-5,-4,11,16,0,24,-7,24,4,-3,10,10,-5,28,4,22,-7,-14,15,15,0,27,3,23,-5,-12,14,21,-2,28,3,26,-1,-7,7,14,-3,28,3,24
19.5000,-2,-11,10,11,3,22,-1,23,-3,-6,11,13,5,19,4,20,-3,-8,8,12,1,26,2,32,0,-7,9,17,-1,22,-9,26,0,-4,7,18,-4,20,6,21,-2,-15,10,13,-3,29,4,21,0,-11,3,22,1,26,0,20,-3,-7,7,15,-2,24,4,22
19.5200,-8,-8,7,15,5,26,1,26,0,-1,5,14,1,19,5,21,1,-7,9,18,-7,25,1,30,-3,-9,9,12,1,24,-3,21,4,-3,7,14,-3,27,0,22,-2,-15,12,14,-2,26,-3,18,2,-7,9,23,-4,27,4,23,0,-5,7,18,0,26,-1,22
19.5400,-3,-14,14,13,6,22,2,22,-4,-7,12,15,2,16,-1,26,-3,-6,11,17,0,24,1,31,-3,-7,9,10,-1,25,-11,23,3,-8,12,14,-4,25,5,21,-3,-12,7,17,-3,30,0,23,-6,-7,10,20,-2,28,5,24,0,-6,10,13,1,26,2,26
19.5600,1,-5,13,12,3,23,5,23,-4,-11,10,16,3,16,5,26,-3,-7,6,17,-3,29,2,30,1,-8,14,16,-2,21,-5,26,9,-7,9,13,-3,30,6,23,-1,-13,8,16,1,24,-3,26,-1,-6,7,22,-8,28,1,20,-3,-9,9,11,-3,26,4,29
19.5800,-2,-15,10,12,-2,27,0,26,-3,-5,13,17,3,18,2,28,-2,-5,2,10,-1,24,2,30,-2,-13,11,13,-1,24,-1,25,0,-4,11,14,-6,29,8,28,0,-8,9,13,0,25,0,19,-5,-9,4,20,1,28,4,22,1,-8,6,15,-3,27,5,22
19.6000,-2,-8,12,15,7,20,-1,32,-3,-7,11,13,3,20,1,22,1,-4,8,13,-1,26,5,30,0,-9,13,12,-1,24,-6,25,3,-11,13,15,-5,27,3,25,-1,-8,14,10,-1,28,-2,24,-2,-3,10,25,-4,24,7,22,-4,-6,7,14,1,28,3,21
19.6200,-1,-8,14,14,4,23,2,27,0,-4,12,13,4,21,0,24,-1,-9,9,17,-2,22,0,39,-1,-10,14,12,-2,20,-11,28,2,-7,10,14,-3,26,3,20,-1,-11,8,13,-2,28,-2,25,-4,-8,9,19,-3,31,11,25,-2,-7,10,18,-3,31,3,20
19.6400,-4,-9,13,11,2,22,1,28,-2,-1,6,13,3,16,2,23,1,-13,14,14,0,22,0,31,1,-12,11,12,-2,23,-7,26,4,-12,9,10,-6,30,0,23,-4,-14,11,12,-4,30,0,26,-1,-7,9,25,-3,28,1,26,0,-5,11,13,-3,23,6,24
19.6600,-3,-8,8,15,1,22,-1,28,0,-3,12,16,3,18,1,23,-2,-5,9,17,0,24,3,30,0,-6,12,14,-5,20,-5,25,3,-7,11,14,-4,26,2,25,0,-12,9,8,-3,31,5,27,2,-5,6,22,-5,26,9,26,-1,-8,11,16,-8,29,-1,24
19.6800,-5,-9,10,15,5,21,2,25,-2,-2,10,16,-1,15,-4,25,-1,-9,11,13,-1,20,1,36,-3,-6,7,17,2,19,-4,21,2,-5,8,13,-10,31,0,25,1,-17,11,13,-2,32,3,25,-4,-12,10,24,-2,27,4,29,1,-4,11,16,0,31,6,25
19.7000,-5,-9,10,12,6,24,3,21,2,-5,12,12,4,20,0,27,-4,-7,9,15,0,26,3,29,3,-12,16,12,-1,23,-9,27,6,-7,12,16,-6,33,4,26,-7,-16,12,15,-2,25,6,28,1,-7,10,25,-5,27,4,23,3,-7,14,13,-4,28,1,17
19.7200,0,-10,10,15,1,25,4,26,-4,-4,12,16,1,16,-2,25,-3,-7,12,14,-1,28,1,31,0,-7,9,15,-2,23,-3,22,5,-1,13,17,-2,25,2,24,-2,-12,12,13,1,25,-1,22,-1,-5,12,22,-4,28,0,25,-4,-7,10,11,-5,26,1,20
19.7400,-4,-7,12,17,4,23,6,25,0,-4,6,17,2,18,0,26,-1,-7,10,17,3,24,0,29,1,-12,8,13,2,20,-2,26,-2,-2,9,16,-5,30,5,26,-2,-12,12,13,-1,27,3,26,1,-7,10,20,-1,30,3,28,3,-8,11,15,-3,26,2,26
19.7600,-2,-9,16,14,5,25,-2,24,2,-4,8,11,1,20,3,27,-2,-7,8,17,-1,25,3,27,1,-12,12,16,-6,22,-5,22,4,-5,9,15,-1,29,7,22,-6,-17,12,13,-3,27,1,23,3,-7,10,26,2,25,-2,26,-3,-6,16,15,0,25,1,22
19.7800,1,-7,13,14,7,23,1,29,0,-2,10,16,-3,18,-2,21,-4,-7,15,13,-4,27,4,26,3,-9,12,12,2,21,-4,27,2,-4,6,17,-5,29,7,24,-4,-14,8,15,0,29,-1,20,0,-2,6,24,-1,26,6,28,1,-10,11,16,-3,25,2,25
19.8000,-4,-9,10,16,6,26,-2,29,4,-3,10,19,1,19,3,22,0,-6,13,13,4,21,-1,30,2,-8,8,14,-3,25,-5,27,5,-7,15,18,-6,25,3,24,-1,-12,12,13,-2,23,4,26,0,-5,9,22,-3,24,7,22,-2,-6,12,12,-3,25,1,25
19.8200,-3,-7,6,14,2,26,-2,25,0,-6,8,19,1,18,-3,24,-2,-11,11,12,-2,27,2,27,6,-6,11,15,1,23,-5,26,3,-4,12,15,-5,27,0,21,1,-15,12,11,-2,29,2,24,0,-6,7,22,-3,26,5,23,-7,-1,9,13,-5,28,2,21
19.8400,-4,-11,9,15,3,27,2,24,0,-2,11,12,-2,20,-2,26,2,-3,13,15,2,24,2,36,1,-9,11,15,0,25,-6,23,2,-4,8,11,-3,27,4,22,0,-11,12,9,-1,29,2,25,-2,-7,7,25,-3,26,-1,23,0,-6,9,15,-8,26,-2,20
19.8600,-3,-6,10,21,3,27,2,28,0,-2,8,15,2,19,-1,24,-3,-3,9,15,0,26,0,33,0,-8,10,19,-4,25,-6,24,6,-8,12,13,1,26,1,25,1,-18,9,13,-1,27,3,24,-2,-4,13,21,-5,21,0,25,-2,-4,9,18,2,22,2,24
19.8800,-9,-7,9,10,4,23,0,26,0,-7,12,15,2,20,-1,22,-3,-8,16,12,-2,24,4,31,5,-8,11,16,-1,25,-6,24,4,-3,12,16,-6,26,4,23,0,-9,12,12,-2,27,1,25,-3,-3,9,25,-5,24,2,25,-2,-13,11,16,-2,23,3,24
19.9000,-1,-3,15,12,3,26,0,18,-1,-5,13,11,-2,19,-2,22,-3,-8,13,13,3,27,-2,34,-1,-9,9,17,-7,25,-5,23,5,-8,14,15,-1,23,0,25,3,-13,9,13,-3,30,-3,27,1,-2,5,24,-4,26,4,22,-2,-7,13,17,-2,27,10,21
19.9200,-5,-7,12,18,1,25,2,23,-8,-6,12,16,5,19,-5,29,0,-3,9,15,1,28,-1,28,1,-8,15,14,-2,23,-6,23,6,-6,9,17,-2,27,0,24,3,-11,8,19,0,25,-1,24,5,-4,8,21,-2,24,0,21,0,-8,9,12,-8,27,7,28
19.9400,-2,-7,9,16,1,23,4,25,-5,-5,15,16,-1,17,0,23,-3,-6,13,17,0,26,0,33,-4,-4,6,14,2,24,-6,22,0,-5,11,17,-3,25,2,21,-3,-15,7,11,-3,29,2,22,2,-10,10,21,-1,23,0,27,0,-3,12,17,-3,27,3,25
19.9600,-1,-7,15,14,2,21,4,24,-7,-7,12,16,0,19,-2,18,2,-9,9,16,1,26,3,31,-2,-7,8,16,-2,26,-3,22,6,-7,14,16,-3,30,-1,21,-6,-12,13,11,1,29,0,25,-3,-12,12,20,-2,26,2,26,1,-6,10,13,0,29,1,26
19.9800,0,-9,10,12,1,24,1,21,-1,-3,10,16,-2,19,1,23,-1,-8,14,16,-4,29,6,33,1,-6,14,14,-5,24,-6,26,1,-7,11,16,1,30,5,21,-1,-14,10,15,-2,30,4,22,-1,-3,16,17,-2,28,-2,23,2,-7,10,12,-2,29,3,20
20.0000,-3,-6,10,17,4,25,2,24,-6,-3,11,18,2,21,0,24,-1,-5,13,15,-4,29,0,25,-4,-9,11,18,-2,24,-7,27,1,-4,13,15,-3,30,2,23,-3,-11,15,18,2,31,-2,23,1,-7,10,22,2,24,4,28,-4,-9,12,19,-7,27,3,27
20.0200,1,-8,10,16,7,23,4,24,2,-6,12,14,5,19,-2,25,-6,-6,13,17,-2,31,3,26,0,-9,13,15,-3,22,-4,24,5,-2,11,15,-8,26,2,24,-2,-9,9,12,-3,31,2,22,3,-8,12,17,-1,28,3,24,-1,-10,11,15,-2,29,5,23
20.0400,-6,-10,8,18,2,27,1,21,-4,-6,12,15,1,17,2,24,-5,-7,12,15,-1,32,-2,34,-4,-11,7,16,-3,24,-8,23,-1,-3,15,18,-5,25,-1,24,-2,-11,13,16,0,29,3,23,1,-12,11,23,-4,27,2,26,-5,-6,8,13,-3,26,-2,28
20.0600,-6,-11,12,20,2,25,0,29,-6,-3,15,16,-1,19,1,25,-6,-8,10,21,-2,28,-1,34,1,-8,9,16,-1,25,-7,25,2,-7,11,15,-4,27,-2,20,-3,-14,6,17,-3,28,-7,21,4,-10,11,22,-2,24,-5,28,-5,-6,10,16,0,28,0,25
20.0800,-5,-5,14,10,3,23,3,23,-2,-4,10,15,-1,19,-2,23,-6,-9,8,14,-2,28,1,26,-1,-7,7,19,-2,26,-7,27,2,-4,13,12,-4,31,-1,24,-3,-15,13,16,-3,31,3,19,-4,-3,9,20,-1,29,2,24,2,-6,15,14,-7,27,2,21
20.1000,-4,-10,16,15,4,24,0,24,-2,-2,14,14,3,20,4,21,-6,-8,9,16,2,22,4,30,-3,-9,14,17,-2,30,-5,21,4,-5,11,15,-5,30,1,25,-3,-7,10,17,-4,29,2,25,-4,-6,12,18,-7,25,-1,25,-4,-9,10,19,-2,25,3,26
20.1200,-1,-10,11,15,5,27,-1,26,-1,-7,13,17,0,20,0,28,-3,-7,15,14,-2,25,0,29,-3,-9,12,17,-4,28,-1,25,-1,-11,8,12,-4,28,-1,18,3,-12,8,15,-4,34,0,22,0,-8,7,22,-6,31,4,27,-6,-7,10,16,-5,27,3,23
20.1400,-5,-9,14,19,-1,24,1,23,-5,-4,11,17,3,20,-3,24,-6,-9,16,16,-1,27,1,27,4,-9,9,19,-2,23,-4,24,3,-7,10,15,-4,30,3,22,3,-8,10,16,-4,30,3,22,-3,-8,8,20,-4,28,2,25,-3,-10,16,17,-2,31,2,25
20.1600,-5,-11,12,17,3,26,2,26,-7,-6,9,20,-1,19,3,22,-4,-7,12,13,-2,30,3,30,0,-9,13,21,-2,24,-6,26,-1,-10,10,14,-2,28,6,25,0,-10,14,19,-3,28,-4,21,-2,-11,8,19,-4,27,0,26,-8,-12,10,15,-1,28,1,25
20.1800,-4,-11,8,16,2,25,3,25,-4,-3,15,15,0,20,3,26,-4,-10,13,13,-3,32,4,34,-1,-10,13,19,1,27,-4,25,4,-4,9,15,-1,30,1,25,0,-9,13,17,-3,28,-3,26,-6,-7,14,22,-7,27,-2,25,0,-5,9,18,0,26,5,24
20.2000,-6,-8,12,13,-1,26,5,24,-2,-3,11,13,-3,14,4,21,-5,-12,16,17,1,24,5,33,-1,-13,15,18,0,27,-4,25,-3,-8,15,18,-6,29,3,23,-2,-7,10,16,-3,28,0,23,-3,-10,10,16,-3,25,1,25,-4,-5,14,16,0,27,3,21
20.2200,-5,-8,11,16,6,23,2,28,-9,-8,12,21,1,20,1,23,-2,-8,13,16,0,32,4,28,-5,-15,11,16,-6,28,-4,28,-3,-6,11,16,-2,30,2,23,3,-6,12,13,-2,29,2,22,-5,-11,9,22,0,28,1,24,-2,-10,9,14,-3,30,2,29
20.2400,-3,-11,9,14,4,26,7,28,-2,-13,13,16,-1,19,5,25,-3,-8,11,19,-5,30,3,32,-3,-9,14,15,-2,25,0,27,3,-10,14,10,-3,27,0,23,-1,-11,10,18,-2,30,-2,24,-1,-12,11,22,-4,25,2,28,0,-10,11,13,-6,28,6,24
20.2600,-3,-10,8,14,0,27,6,23,-10,-9,14,14,-2,21,2,24,-4,-11,12,17,-4,28,4,29,-2,-7,11,18,1,28,-5,22,0,-9,12,15,-2,31,0,22,-1,-10,12,14,-3,31,5,24,-1,-11,11,21,-4,29,-1,25,-1,-11,13,17,-1,28,1,25
20.2800,-4,-13,7,14,3,26,4,27,0,-8,10,17,-4,19,5,27,0,-7,13,15,-3,26,1,34,2,-11,11,15,-3,28,-5,26,0,-5,13,16,-3,29,3,18,0,-12,17,14,-1,33,4,25,-3,-10,12,22,-3,30,-2,24,-3,-7,15,16,-4,26,5,26
20.3000,-2,-11,12,16,5,28,2,28,-4,-8,12,14,1,23,-1,23,-2,-10,14,15,2,31,-3,31,-2,-8,16,14,-1,27,-4,25,2,-6,21,15,-3,31,1,22,-2,-11,14,18,1,28,3,21,-1,-12,14,18,-6,26,1,22,1,-8,8,7,-3,28,0,24
20.3200,-4,-6,16,14,2,29,2,25,-2,-9,6,15,-1,20,5,28,-6,-10,13,17,-5,30,-3,31,-1,-11,9,16,-3,29,0,27,2,-8,12,15,-5,27,5,23,-1,-11,13,16,-3,32,1,21,-2,-9,13,21,-7,27,0,24,0,-6,15,13,-6,25,3,28
20.3400,-3,-7,13,17,-2,25,2,25,-4,-8,13,13,0,23,2,22,-4,-13,16,14,-4,29,-3,33,-3,-7,14,13,-2,30,-4,23,4,-7,12,17,-1,30,5,25,0,-14,12,20,0,29,1,27,0,-11,13,20,-2,30,2,25,-1,-5,10,15,-4,31,4,27
20.3600,-2,-14,15,14,0,25,-1,22,-5,-6,7,15,-3,21,2,26,-4,-5,10,15,0,29,-2,30,2,-10,15,15,3,27,-3,27,2,-9,15,16,1,28,6,23,-1,-9,13,19,-2,30,2,25,-2,-10,14,22,-4,30,3,26,-1,-9,16,16,-5,32,1,23
20.3800,-6,-15,16,15,2,25,5,21,-2,-7,11,13,-1,20,-1,27,-7,-10,14,14,-2,27,4,31,-1,-9,13,15,1,27,-4,27,4,-6,14,16,0,32,3,28,0,-12,8,12,-2,30,5,24,-2,-9,10,17,-5,27,-1,24,0,-4,15,11,-1,30,-1,25
20.4000,-4,-10,12,14,2,26,3,22,-8,-2,16,15,-3,23,0,28,-3,-11,11,17,-2,31,2,30,0,-6,11,16,0,27,-6,26,2,-11,11,14,-3,32,1,21,0,-12,12,16,0,26,3,19,-1,-4,12,17,-5,29,1,24,-2,-7,14,18,-1,29,2,27
20.4200,-5,-10,10,13,1,34,4,26,-2,-3,11,14,1,22,3,24,-2,-8,16,15,-2,31,2,29,1,-8,11,17,-5,28,-4,28,3,-8,11,17,-6,28,0,23,-1,-8,11,14,0,31,4,28,-1,-12,8,24,-3,28,4,22,-3,-8,11,16,-5,29,5,25
20.4400,-5,-10,14,17,-2,25,1,25,-3,-8,8,12,1,23,4,25,-5,-9,11,16,0,29,2,30,-2,-4,11,14,-6,25,-4,25,0,-9,14,12,-2,26,4,24,-4,-6,12,16,-4,32,2,26,-5,-7,11,23,-3,27,7,24,-3,-7,12,14,-1,28,4,23
20.4600,-6,-10,12,16,1,29,1,25,-7,-8,10,13,0,19,2,27,0,-6,11,18,-3,29,2,33,-4,-3,16,19,-8,28,-4,23,-2,-10,15,14,-4,31,1,26,-2,-6,16,18,-7,32,8,23,1,-10,11,18,-1,27,3,26,1,-5,12,17,-1,32,1,21
20.4800,-6,-14,10,20,2,28,4,22,-6,-4,9,17,-2,22,3,24,0,-9,11,13,-9,26,1,33,2,-4,15,15,-5,27,-2,30,-1,-12,17,19,-4,33,3,25,1,-11,16,17,-6,34,3,28,-1,-9,12,22,-4,29,2,29,-2,-8,16,15,-1,29,-1,23
20.5000,-1,-7,11,16,0,26,2,27,-5,-5,14,12,1,21,4,27,-4,-9,12,15,1,30,1,29,4,-5,13,14,-2,29,-3,29,0,-11,14,17,-4,32,-1,25,-2,-12,14,12,1,29,5,25,2,-8,12,22,-5,28,4,28,-1,-7,13,13,-2,30,6,29
20.5200,-1,-8,14,13,3,26,4,25,-5,-5,12,12,-1,26,1,26,-4,-7,13,15,-7,26,-1,32,-1,-6,16,13,-7,28,0,32,1,-8,11,17,-9,30,0,22,2,-13,15,15,-4,29,3,29,1,-7,12,20,-3,26,4,22,-4,-8,14,15,-4,30,3,23
20.5400,-1,-13,15,16,3,24,0,25,-2,-6,14,14,0,18,3,23,-8,-6,14,14,0,28,8,31,1,-9,15,15,-4,27,-3,33,4,-8,8,19,-5,28,2,23,-2,-9,14,12,2,31,2,27,-3,-11,12,19,-1,24,1,26,1,-7,13,14,-6,30,-1,24
20.5600,-1,-12,17,13,0,29,6,23,-9,-7,13,17,6,24,2,26,-6,-9,14,12,-3,28,0,39,3,-9,13,15,3,29,-6,29,5,-8,13,15,-2,32,-1,20,1,-13,16,16,4,34,1,24,-1,-11,16,21,-6,32,2,25,-3,-7,13,16,0,31,-1,31
20.5800,-3,-9,19,15,4,23,1,25,-5,-5,10,17,0,21,0,25,-6,-9,15,15,-5,28,0,31,-2,-5,14,13,-4,29,-1,26,3,-11,11,16,-2,27,6,26,-2,-13,14,18,-4,36,0,29,-3,-10,13,18,-2,30,2,27,-2,-4,11,15,-5,27,-1,34
20.6000,-2,-11,16,13,4,25,8,26,-6,0,11,19,0,21,-2,24,-3,-8,12,14,-2,30,4,31,-4,-4,14,14,0,25,-6,30,2,-9,10,18,-6,35,4,25,2,-12,15,20,-3,32,3,24,1,-6,12,23,-4,24,7,30,-3,-6,15,17,-1,26,1,29
20.6200,-1,-7,15,15,3,29,3,31,-3,-6,12,17,1,25,1,24,-5,-8,14,15,-2,27,0,31,1,-9,15,12,-5,29,-4,30,-3,-13,14,13,-1,31,0,24,-1,-9,17,16,0,31,0,25,-3,-7,16,21,2,29,4,27,-2,-5,14,20,1,28,7,25
20.6400,0,-9,11,13,3,29,6,25,-2,-6,15,21,-1,24,-2,25,-2,-9,9,16,-8,28,1,36,-1,-9,10,8,-5,30,-7,30,5,-10,15,14,-6,31,-3,26,1,-11,16,15,-3,30,0,27,-1,-5,12,20,-1,29,1,25,2,-12,14,16,-2,30,2,27
20.6600,-6,-9,12,17,-2,25,3,25,-6,-7,13,14,5,24,4,28,-5,-11,12,16,-7,27,4,36,-4,-4,11,12,-8,28,-2,29,1,-12,13,15,-4,32,4,22,1,-13,13,11,3,30,3,26,1,-6,10,20,-1,26,3,25,-1,-10,13,19,-1,29,1,25
20.6800,-2,-10,15,15,3,27,7,24,-5,-4,10,16,3,22,0,27,-4,-7,13,15,-2,31,3,32,5,-7,11,13,-1,27,-5,26,3,-9,13,12,-4,31,0,26,0,-11,15,15,0,38,5,22,0,-8,12,20,-5,30,0,29,-1,-8,15,15,-2,28,5,28
20.7000,-3,-8,13,15,-2,27,10,25,-6,-4,15,15,0,22,3,27,-4,-6,12,20,-4,31,1,35,3,-7,11,13,-4,27,-5,32,2,-9,12,17,-8,34,0,21,-1,-11,16,16,-2,33,5,24,-2,-7,11,20,-3,32,0,25,-3,-9,15,17,1,30,2,26
20.7200,-4,-8,18,14,0,30,4,24,-4,-2,10,18,1,19,3,26,-1,-7,15,15,-2,35,3,33,-4,-8,16,13,-7,33,-5,28,2,-8,15,18,-3,31,6,25,-2,-13,16,16,-5,32,1,22,0,-9,13,20,-1,27,6,25,3,-8,14,14,-4,28,5,26
20.7400,-7,-7,13,12,2,26,4,24,-7,-6,14,17,-2,23,-1,26,-2,-8,14,17,-4,32,1,32,0,-9,8,14,-7,28,-2,27,1,-10,16,17,-5,33,-2,21,1,-15,14,11,-1,30,1,29,-1,-6,11,22,-6,31,5,28,-4,-5,11,12,-2,28,6,27
20.7600,-5,-9,14,14,2,30,2,28,-5,-4,14,15,1,18,7,25,-8,-7,14,17,-1,30,0,30,1,-7,16,13,-7,31,-2,28,0,-9,9,17,-5,28,5,22,-3,-10,14,16,-3,32,1,29,-1,-13,17,19,3,29,-3,28,4,-12,15,17,-2,31,2,28
20.7800,-4,-10,15,16,1,24,1,25,-10,-8,13,16,-1,25,2,25,-2,-3,14,10,-8,28,2,30,-4,-12,16,16,0,33,-7,25,-1,-9,13,16,-8,30,2,21,-3,-11,11,14,-1,33,1,30,-2,-9,18,17,3,28,-1,25,-4,-14,10,16,-4,29,3,25
20.8000,3,-9,13,18,1,32,6,26,-6,-6,12,19,-2,23,4,27,0,-3,20,18,-4,28,1,28,-4,-8,9,15,-7,30,-9,27,-1,-7,11,13,-3,35,6,25,0,-13,13,12,0,30,0,28,0,-10,14,17,-2,29,4,29,1,-8,14,14,1,30,6,26
20.8200,-4,-11,14,16,3,29,3,22,-4,-4,11,18,-1,22,7,24,-1,-8,11,15,-1,26,2,33,-1,-7,13,17,-4,33,-4,25,1,-10,19,15,-1,33,4,24,0,-9,13,19,-4,32,1,21,-6,-7,9,20,-1,29,4,21,-2,-8,17,17,-1,32,5,23
20.8400,-3,-9,20,14,1,26,2,28,-7,-7,16,14,0,23,2,29,-4,-10,14,13,-3,31,6,33,-3,-12,14,14,-2,25,-4,28,-1,-10,14,9,-5,34,2,27,-1,-15,11,10,-3,33,0,22,-3,-6,11,20,-2,29,-1,27,-2,-4,16,18,-6,32,5,22
20.8600,-4,-13,15,12,5,28,5,25,-1,-7,12,15,1,22,1,28,-4,-9,16,15,-3,29,5,33,-2,-9,15,15,-1,31,-6,25,3,-9,17,17,-6,32,-1,24,-3,-11,13,10,1,32,-1,24,-3,-7,13,21,-2,29,0,26,-2,-12,13,13,-7,29,8,25
20.8800,0,-7,17,19,0,29,5,25,-4,-4,12,11,-3,22,4,25,-1,-11,14,11,-6,28,3,32,-3,-8,17,12,-5,32,-4,29,1,-10,13,14,-6,31,4,26,1,-13,15,11,-2,31,5,26,-3,-8,15,17,-1,31,4,23,-1,-11,16,14,-4,32,4,24
20.9000,-4,-13,16,14,1,26,5,26,1,-6,12,18,-2,24,-1,28,-4,-7,16,13,-3,28,5,30,0,-5,13,12,-8,29,-4,23,3,-11,16,17,-8,35,5,23,-7,-14,10,13,0,30,0,24,-4,-8,11,18,-3,27,2,26,-1,-13,14,15,-4,27,2,26
20.9200,-4,-11,13,15,4,27,4,24,-1,-5,12,12,2,22,2,32,-3,-7,18,16,-4,35,2,34,-1,-5,19,14,-4,32,1,28,1,-7,16,16,2,32,2,25,-4,-10,13,16,-4,35,3,24,-7,-8,16,24,1,33,6,26,-1,-6,13,20,-1,30,4,23
20.9400,-5,-9,14,15,0,31,6,25,-6,-7,13,17,-3,22,6,30,-8,-6,19,20,-6,30,2,34,-3,-9,15,13,-4,32,-3,26,1,-11,16,16,-3,36,3,27,-4,-10,15,11,-1,31,-1,29,-3,-10,15,20,-4,34,2,21,-8,-5,17,15,-5,32,4,27
20.9600,-3,-8,13,11,3,28,8,26,-7,-6,15,18,-3,22,5,27,-3,-6,17,11,-5,26,2,33,-1,-5,17,15,-6,32,-7,27,0,-6,16,12,-6,31,1,27,-5,-12,14,15,0,33,2,23,-6,-11,14,20,-2,32,1,26,-6,-11,17,15,-4,37,3,26
20.9800,-5,-8,15,11,0,28,7,26,-5,-4,21,13,1,24,6,25,0,-8,13,14,-7,26,0,33,-3,-7,14,14,-6,33,-7,29,3,-7,15,11,-3,31,3,25,-2,-6,19,17,-3,32,3,20,-3,-11,19,22,2,29,4,24,-5,-9,16,19,-5,33,1,30
21.0000,-1,-9,18,13,3,30,5,26,-5,-4,15,13,0,23,1,24,-4,-7,17,15,-7,29,0,33,-3,-9,15,17,-6,30,0,32,1,-10,16,11,-2,33,1,25,-5,-9,8,14,0,34,4,22,-8,-10,17,23,-5,31,7,27,-4,-7,18,14,-3,27,2,25
21.0200,-2,-7,18,16,3,27,9,29,-4,-6,16,14,0,23,1,26,-7,-7,19,15,-4,31,-1,39,-4,-14,17,16,0,28,-6,27,3,-9,16,14,-4,29,1,22,-1,-13,12,16,0,33,1,24,-4,-7,14,25,-3,34,5,27,-4,-7,19,13,-5,28,0,28
21.0400,-3,-5,12,19,5,30,8,28,-5,-8,14,17,1,22,2,26,0,-13,11,17,-3,32,2,33,-5,-11,17,17,-10,28,-3,26,5,-6,17,12,-3,30,0,26,-3,-10,15,12,0,35,1,23,-1,-12,16,21,-7,29,3,31,-2,-10,17,15,-5,29,0,26
21.0600,-4,-8,19,18,-1,28,2,26,-7,-7,18,12,0,23,0,28,-7,-7,14,16,0,35,2,35,0,-8,14,15,-8,30,-7,26,3,-10,20,13,-3,31,-1,27,-4,-10,16,13,2,32,6,24,2,-9,13,24,-9,27,1,27,-2,-10,15,16,-6,30,6,32
21.0800,-4,-9,14,13,1,34,9,26,-7,-8,20,13,-2,22,2,25,-7,-9,16,14,-1,34,10,33,-2,-9,16,14,-7,30,0,31,1,-11,16,14,-5,31,4,23,3,-11,20,16,1,38,1,26,1,-9,20,23,-9,32,1,29,-4,-8,16,12,-3,26,0,30
21.1000,-6,-9,14,15,5,29,5,28,-7,-4,15,9,-3,18,3,25,-4,-6,16,17,-3,32,4,36,-1,-8,14,11,-8,28,-3,26,3,-12,17,14,-5,32,-2,31,-5,-13,16,18,-1,32,7,24,-1,-11,19,20,-9,29,3,30,-6,-10,18,15,-7,32,2,26
21.1200,-4,-8,16,17,7,29,6,27,-4,-7,19,16,-4,21,0,24,-5,-5,16,15,-2,34,2,33,-7,-9,15,12,-6,33,-6,27,5,-10,21,13,-4,28,1,27,-4,-14,10,16,-3,33,4,24,-6,-11,14,19,-4,32,0,28,-5,-7,14,13,-3,32,4,26
21.1400,-8,-11,17,13,0,30,6,23,-5,-5,15,17,-1,27,4,24,-5,-8,19,13,-6,30,-1,32,0,-11,14,15,-5,30,-3,24,5,-11,17,14,-7,35,2,24,-3,-12,14,13,1,32,4,28,-5,-13,16,27,-4,31,9,27,-6,-8,15,16,-5,29,5,27
21.1600,1,-13,13,12,4,28,6,26,-4,-7,16,12,-2,23,4,27,-6,-8,14,15,-5,26,-3,32,-6,-6,13,14,-5,30,-4,26,5,-9,19,12,-3,32,2,25,-1,-10,15,15,-2,29,2,27,-4,-9,19,22,-5,33,4,25,-7,-8,11,13,-4,33,1,26
21.1800,-3,-7,18,14,5,33,11,28,-8,-3,16,14,-5,30,-1,24,-4,-8,16,14,-3,30,7,35,0,-7,16,11,-6,33,-7,28,5,-7,16,15,1,33,2,21,-6,-13,16,14,2,36,0,25,-4,-8,16,22,-2,34,5,25,-5,-6,9,14,-9,35,9,26
21.2000,-4,-11,16,9,3,28,3,22,-6,-8,17,17,-4,23,3,28,-4,-11,13,16,-2,29,3,37,-1,-7,15,13,-7,31,-3,24,3,-10,17,12,-4,33,5,25,-5,-15,15,19,1,32,6,21,-5,-9,17,19,-4,32,0,24,-6,-7,14,14,-2,32,5,27
21.2200,-6,-12,16,15,4,28,10,27,-4,-12,18,13,0,25,2,27,-5,-4,19,15,-3,28,1,32,-6,-4,17,16,-8,34,-8,26,4,-10,17,16,1,33,0,27,-7,-12,16,14,-6,36,1,24,-3,-5,17,20,-3,30,5,25,-2,-7,15,15,-3,29,4,27
21.2400,-6,-12,15,15,3,30,8,25,-3,-6,15,11,2,27,0,27,-4,-5,15,15,0,33,0,36,-1,-8,13,8,-6,30,-8,30,2,-10,16,14,-2,32,3,30,-6,-15,15,15,1,31,1,23,1,-8,19,21,-7,37,3,26,-4,-9,14,15,-4,34,5,32
21.2600,1,-10,15,13,2,32,10,27,-8,-3,14,20,2,23,3,30,-6,-8,19,17,-9,30,5,37,-2,-6,15,17,-10,29,-5,25,2,-6,16,13,-3,31,3,25,-5,-11,15,17,-2,33,4,28,-4,-4,15,22,1,33,5,29,1,-10,16,14,-1,31,0,26
21.2800,2,-10,21,18,4,32,8,30,-7,-6,15,11,-3,24,6,25,-3,-5,17,19,-5,25,6,34,-5,-7,15,17,-7,34,-6,30,3,-8,18,18,-7,36,2,25,-4,-13,15,15,-4,33,5,21,-2,-9,19,18,-1,33,10,30,-5,-8,21,14,-3,32,3,25
21.3000,-1,-13,14,12,3,33,6,30,-6,-5,15,12,-8,24,3,25,-5,-10,16,16,1,30,1,32,-4,-8,10,17,-7,27,-8,28,7,-9,21,14,0,35,1,27,2,-11,21,12,-4,32,6,27,-1,-9,18,20,-3,32,9,30,-2,-10,16,14,-5,28,3,27
21.3200,-2,-13,14,16,6,29,9,27,-7,-7,15,12,-3,20,0,28,-4,-9,17,18,-2,29,1,33,-3,-10,14,12,-7,28,-1,23,4,-11,14,11,-4,34,2,29,2,-12,16,17,-2,34,1,27,-6,-6,16,15,-6,36,0,29,-5,-9,17,16,-2,36,4,28
21.3400,-3,-7,19,13,2,31,6,28,-6,-6,13,13,0,20,3,27,-5,-5,16,14,-3,31,2,35,2,-5,17,12,-6,30,-4,29,4,-7,15,14,-3,32,0,26,-2,-14,13,18,-1,33,3,22,-3,-8,16,23,-4,32,0,30,-2,-10,15,15,-3,31,6,27
21.3600,-1,-10,13,14,2,31,7,33,-5,-7,14,17,-2,23,1,29,-2,-6,15,16,-2,35,2,39,-1,-9,17,11,-7,34,-3,27,4,-8,16,14,-5,35,0,25,-4,-14,17,12,-4,33,4,27,1,-8,17,20,-2,34,4,25,0,-13,16,13,-7,32,8,24
21.3800,-4,-10,16,14,5,32,5,24,-6,-8,16,16,-3,23,1,32,-5,-4,18,12,-8,32,4,34,-3,-8,15,13,-10,31,-5,24,6,-8,17,13,-3,33,4,31,-2,-12,15,15,-2,32,6,27,1,-9,20,19,-1,33,6,28,-3,-7,14,16,-1,31,1,24
21.4000,-4,-11,15,16,4,33,11,21,-3,-8,16,15,-4,21,4,25,-1,-6,17,17,-3,30,3,34,-4,-7,16,13,-9,31,-4,21,8,-12,18,19,-5,35,1,30,-9,-9,19,13,-2,35,5,28,1,-8,17,18,-2,34,3,26,-9,-9,14,16,1,32,2,28
21.4200,-5,-12,15,15,7,29,6,32,-5,-4,19,12,-6,18,2,29,-5,-6,18,17,-6,31,-2,39,-4,-8,17,12,-8,28,-4,29,5,-7,17,19,-6,34,-2,28,-3,-10,15,13,-4,34,2,24,-3,-9,18,17,-7,33,3,24,-2,-7,20,16,-4,33,3,26
21.4400,-1,-12,14,18,4,30,10,28,-6,-8,13,20,-3,23,0,30,-5,-7,19,11,-3,29,5,37,-4,-11,15,13,-9,27,-6,25,4,-8,20,14,-3,31,1,26,-6,-16,16,19,-5,30,3,22,-5,-11,16,20,-6,37,0,28,-3,-7,16,13,-5,36,0,26
21.4600,0,-10,15,15,4,27,10,27,-7,-9,16,15,-1,22,0,29,-6,-7,17,16,-4,32,-1,36,3,-9,16,13,-11,32,-7,29,8,-11,20,16,-2,36,4,25,-1,-14,15,18,-2,33,1,25,-4,-8,17,22,-2,33,4,27,-8,-10,12,19,-3,30,4,26
21.4800,-6,-14,20,16,3,32,8,28,-8,-4,12,15,-6,26,3,27,-3,-8,21,12,-5,32,3,39,-1,-9,19,8,-7,30,-9,27,6,-8,15,13,-7,36,2,26,0,-15,16,14,0,33,1,22,-7,-6,21,17,-3,29,3,26,-2,-11,15,12,-3,28,1,25
21.5000,-4,-9,17,17,6,31,8,27,-5,-9,15,15,0,24,3,24,-5,-8,15,14,-4,32,6,36,-3,-11,16,11,-7,33,-10,31,3,-9,13,12,-6,32,3,23,2,-10,17,14,1,37,6,26,-4,-4,15,17,-6,34,5,28,-4,-3,17,16,-5,33,1,24
21.5200,-2,-15,18,16,8,33,12,26,-4,-9,17,14,-2,23,1,29,-4,-7,18,13,-3,32,4,34,-3,-8,13,17,-8,27,-3,25,5,-10,16,18,-5,36,2,24,-8,-13,16,11,-1,36,4,27,0,-4,18,16,-6,31,5,27,-4,-6,19,15,0,33,7,27
21.5400,-4,-12,16,16,1,36,8,26,-2,-6,16,17,-3,25,3,28,-6,-10,18,12,-4,31,1,34,1,-7,11,13,-12,33,-7,26,8,-8,16,17,-11,35,-1,28,-3,-14,17,16,-3,35,4,30,-1,-6,17,22,-3,32,-1,21,-1,-8,13,21,-6,33,4,25
21.5600,4,-14,15,16,1,32,9,27,-4,-5,17,18,-7,23,1,29,-5,-5,17,18,-5,31,3,34,1,-6,17,18,-11,33,-8,29,6,-7,17,14,-3,31,3,27,0,-12,12,14,-1,34,4,28,-3,-13,18,23,-5,31,5,26,-1,-12,16,17,-2,34,-1,26
21.5800,1,-14,18,16,2,35,10,26,-3,-10,17,17,-5,24,1,27,-8,-6,18,14,-2,32,4,38,-2,-13,15,12,-8,35,-5,30,8,-8,16,15,0,32,2,27,0,-12,15,14,-3,35,5,29,-3,-9,18,19,-4,32,3,28,-2,-7,17,14,-6,33,2,27
21.6000,-2,-11,17,14,6,36,6,28,-7,-12,19,13,-4,25,1,27,-5,-9,18,13,-5,32,3,32,2,-10,16,13,-10,34,-6,25,3,-9,20,12,-5,34,1,26,-1,-15,21,16,-1,33,0,23,-2,-7,15,18,-4,30,2,23,3,-8,18,10,-7,34,1,27
21.6200,-2,-8,15,11,4,31,11,26,-3,-7,17,15,-1,26,4,27,-6,-7,19,18,-2,32,4,30,1,-11,16,17,-8,36,-5,26,9,-8,19,16,-2,33,3,27,-4,-17,17,14,-3,32,2,26,-2,-9,19,19,0,32,6,27,1,-9,14,14,-6,32,3,27
21.6400,-3,-7,15,15,5,35,7,25,-5,-10,18,13,-3,25,1,30,0,-7,17,16,-1,32,2,37,0,-10,17,14,-8,37,-8,31,8,-6,16,17,-7,35,-1,23,-8,-18,19,14,-1,32,1,23,-2,-10,18,21,-2,30,5,27,-1,-7,12,18,-3,31,3,27
21.6600,-3,-16,17,17,3,34,7,28,-5,-11,19,17,-4,20,-3,27,-5,-7,17,17,-2,33,3,39,-1,-8,16,15,-8,33,-4,27,10,-9,21,15,0,40,-1,27,-3,-17,17,14,-2,30,4,29,0,-7,15,21,-1,34,5,26,-1,-8,19,16,-2,34,3,29
21.6800,-2,-11,13,17,3,31,4,26,-6,-15,18,19,-6,24,3,32,-4,-2,18,13,2,33,-1,37,5,-7,19,19,-9,36,-6,26,6,-6,17,18,1,35,3,28,-7,-12,18,13,0,30,3,26,-4,-10,14,18,-1,31,2,27,0,-10,17,16,-1,33,1,28
21.7000,-1,-9,14,10,10,36,6,25,-4,-6,18,14,-4,26,1,30,-9,-7,13,16,-1,30,4,33,-1,-9,18,14,-6,34,-7,26,6,-5,17,16,-1,32,-3,25,-3,-15,19,16,-4,31,2,24,-2,-10,16,21,-6,37,3,28,0,-11,18,15,-1,28,1,30
21.7200,-3,-13,20,14,6,33,9,26,-6,-14,16,16,3,25,1,26,-8,-5,21,16,-4,29,0,40,2,-10,19,15,-6,31,-9,26,8,-8,17,17,0,33,-1,25,-4,-17,16,13,1,29,0,27,-5,-12,16,22,-2,33,-1,28,-4,-9,18,13,-2,33,0,27
21.7400,-1,-12,16,12,2,30,8,28,-8,-10,15,15,-4,24,1,30,-4,-6,17,13,-1,33,1,34,0,-7,16,13,-9,34,-5,28,5,-11,17,18,-5,38,-1,24,-7,-16,17,11,0,31,2,26,-4,-9,17,19,-3,32,4,28,-2,-13,21,12,-3,32,4,24
21.7600,-1,-13,13,13,4,30,10,23,-6,-10,19,17,-5,21,4,27,0,-6,17,16,0,33,6,34,-2,-7,15,12,-6,32,-6,25,3,-11,17,16,-2,34,6,20,-4,-14,15,14,-5,33,3,24,-2,-12,13,19,2,37,5,30,-1,-9,14,14,-2,32,2,27
21.7800,-4,-13,14,17,4,31,15,30,-2,-8,18,18,-4,24,1,30,-5,-7,20,19,-2,27,2,34,-4,-11,14,17,-8,25,-4,25,6,-6,20,17,-1,37,1,26,-3,-13,14,9,1,32,6,24,-3,-17,16,24,-6,35,3,30,-4,-11,18,15,-1,35,6,29
21.8000,1,-12,18,15,6,33,8,32,-9,-7,17,12,-6,24,-3,31,-7,-7,18,15,-1,31,2,35,-4,-7,18,17,-6,29,-4,27,7,-8,16,15,-2,38,3,30,1,-12,18,9,-2,36,2,24,-5,-11,18,22,-6,36,0,24,-2,-4,15,17,-3,34,0,27
21.8200,1,-14,15,12,5,33,8,27,-5,-13,17,13,-5,25,0,32,-8,-4,20,17,-2,35,2,36,-1,-11,23,15,-8,33,-7,25,3,-12,15,16,-1,33,4,26,-2,-13,18,14,-2,34,1,32,-1,-7,12,20,-2,32,-1,27,-4,-12,16,16,-5,33,5,30
21.8400,-4,-13,11,16,4,35,8,29,-4,-7,18,17,-3,25,0,29,-4,-11,17,14,-1,35,7,38,-5,-7,21,18,-7,32,-5,30,1,-7,21,13,-3,38,2,26,-3,-14,18,19,-3,30,3,27,-4,-10,20,17,-5,34,-1,25,-6,-9,19,13,-3,35,4,29
21.8600,-4,-12,16,14,4,35,7,28,-8,-10,18,15,-2,27,3,28,-3,-11,21,15,-5,33,9,36,-5,-5,13,13,-7,33,-7,31,5,-12,14,14,-5,37,2,29,-2,-11,19,19,-4,34,2,24,-4,-9,12,20,-4,33,4,23,-5,-10,18,14,-2,38,8,28
21.8800,-1,-12,14,14,4,34,7,30,-10,-10,21,11,-6,23,2,29,-4,-5,19,13,1,29,1,35,-3,-7,21,15,-7,36,-6,26,2,-10,16,17,-4,37,2,29,-5,-15,14,17,-2,28,2,26,-2,-7,14,19,-6,34,6,27,-3,-8,17,15,-4,32,5,32
21.9000,1,-13,20,18,9,31,7,31,-6,-11,17,10,0,23,4,34,-3,-12,18,15,-3,35,2,38,-2,-11,19,13,-3,34,-9,29,4,-13,22,17,-4,34,0,27,-5,-12,18,15,0,34,1,27,-3,-12,16,19,-4,30,3,30,-3,-7,19,13,-4,34,4,31
21.9200,-6,-14,14,12,2,35,7,29,-7,-12,20,14,-4,26,0,29,-5,-7,17,16,0,33,2,35,-5,-10,19,13,-6,31,-8,28,5,-9,22,14,-4,30,2,31,-6,-17,14,14,-2,35,1,23,-10,-8,13,21,0,39,0,25,-3,-13,19,17,-5,31,2,31
21.9400,-3,-13,17,9,8,32,6,30,-6,-12,23,13,-4,27,1,31,-4,-9,13,15,-1,30,6,34,-4,-6,17,13,-9,30,-9,29,0,-10,18,14,-3,34,-2,27,-3,-17,17,17,-3,30,-3,27,-10,-11,18,20,-10,32,2,29,-8,-9,16,15,-5,35,3,29
21.9600,-4,-17,19,15,3,34,6,29,-3,-6,17,14,-3,23,4,30,-3,-8,16,19,-2,33,6,35,-4,-8,20,10,-9,33,-7,30,5,-7,19,16,-4,35,2,25,-2,-13,20,15,-2,34,3,24,-8,-9,19,23,-2,35,3,27,-5,-9,13,14,-6,35,5,26
21.9800,-1,-8,18,13,5,33,7,29,-9,-9,19,15,-4,24,6,31,-5,-5,20,19,-1,36,-1,37,1,-9,21,13,-4,34,-4,29,3,-12,20,12,-3,34,-1,29,-7,-12,16,20,-2,33,-3,28,-5,-12,20,23,-2,36,6,29,0,-9,11,11,0,36,7,27
22.0000,-3,-13,18,15,7,34,9,27,-7,-9,17,13,-6,25,5,29,-5,-7,21,18,-2,31,-1,35,-3,-12,17,17,-12,29,-7,27,5,-9,19,16,-3,32,3,28,-5,-17,20,13,-4,35,-1,28,-3,-12,17,20,-4,33,6,30,-2,-9,14,12,-5,34,-2,28
22.0200,0,-12,16,18,4,33,7,27,-1,-10,17,13,2,25,5,34,-8,-10,17,14,-10,31,5,40,-2,-10,20,17,-9,33,-7,26,5,-10,18,15,-2,33,2,29,-7,-15,20,9,2,34,5,24,-3,-11,16,16,-2,36,1,25,-4,-12,16,11,-6,36,1,29
22.0400,0,-12,16,15,7,35,10,27,-1,-7,18,12,-6,26,3,32,-8,-4,18,17,-2,30,5,36,-1,-10,14,14,-8,32,-10,25,5,-10,18,15,-1,34,4,30,-2,-20,19,15,-5,31,1,27,-4,-14,12,16,-2,32,6,26,-6,-5,14,17,-3,32,-1,27
22.0600,-5,-13,18,14,7,37,10,27,-10,-10,19,13,-4,25,4,31,-7,-6,16,14,-3,30,6,36,-5,-7,16,15,-6,32,-4,30,4,-6,21,13,-4,36,-1,28,-5,-14,17,15,-1,31,4,23,-3,-12,21,20,-4,35,4,25,-4,-14,16,12,-6,31,3,30
22.0800,-5,-10,17,13,2,38,12,29,-4,-15,21,15,-4,23,5,30,-1,-6,16,17,-6,33,5,38,-2,-11,17,13,-8,34,-7,26,6,-9,21,19,-2,34,2,29,-6,-12,15,15,-1,35,5,23,-3,-9,18,18,-7,35,0,31,-7,-12,15,16,-2,36,1,28
22.1000,-7,-12,18,15,10,35,7,27,-4,-9,22,15,-7,28,3,28,-3,-9,19,14,-3,30,1,36,-4,-11,12,15,-5,33,-10,29,2,-8,17,16,-3,35,1,30,-3,-17,18,16,0,34,3,24,-7,-13,17,19,-6,33,4,30,-7,-5,15,14,-4,36,4,27
22.1200,-5,-13,16,14,2,35,10,26,-9,-8,16,12,-5,27,-1,30,-5,-3,20,16,-3,34,5,36,-5,-17,17,19,-11,30,-9,26,6,-9,14,11,2,40,2,26,-4,-20,16,12,-2,32,2,28,-7,-10,20,19,-6,34,4,26,-3,-7,17,15,-8,36,2,29
22.1400,-5,-13,17,16,4,37,6,32,-3,-9,19,10,-5,24,-4,30,-4,-9,22,15,-1,29,0,41,-3,-7,17,17,-5,36,-7,27,4,-8,17,16,-2,36,4,33,-3,-15,18,13,-3,35,4,26,-2,-11,18,24,-4,32,5,32,-10,-11,17,13,-7,34,2,25
22.1600,-4,-12,14,13,7,33,8,29,0,-10,15,15,-1,23,-4,27,-7,-9,18,12,-4,31,2,36,-6,-13,18,14,-7,38,-9,29,3,-6,15,14,1,34,2,23,-2,-19,18,16,-3,33,5,22,-3,-11,18,20,-5,34,7,31,-2,-10,16,16,-3,36,1,28
22.1800,-6,-15,19,13,1,38,8,27,-10,-8,19,13,-1,23,-6,33,-4,-6,20,13,-3,33,1,40,-6,-9,15,9,-6,33,-3,30,3,-9,23,17,-2,35,6,32,-3,-19,12,14,-6,27,2,28,-6,-7,22,23,-4,38,4,32,-2,-8,17,17,-2,35,3,26
22.2000,-3,-10,19,9,8,35,8,26,-2,-9,17,15,-9,27,0,33,-5,-12,17,17,-4,35,8,37,-4,-7,16,14,-5,35,-8,24,6,-9,20,14,-2,35,5,29,-3,-15,19,16,-1,34,2,23,-5,-11,21,20,-2,36,5,30,-1,-13,16,13,0,34,3,25
22.2200,-2,-14,21,15,2,37,4,30,-6,-11,14,13,-3,19,4,29,-4,-4,16,16,1,34,7,37,-8,-8,16,14,-10,32,-5,25,6,-14,14,15,-1,39,4,31,-6,-17,20,15,1,35,-2,26,-2,-12,21,21,-8,33,6,28,-10,-9,18,15,-3,34,2,28
22.2400,-6,-10,17,13,6,36,8,28,-5,-10,18,16,-6,24,-1,28,-6,-7,23,15,-3,32,5,39,-3,-6,18,11,-8,31,-10,26,6,-8,18,14,-3,38,2,24,-4,-19,18,17,-4,33,5,20,-1,-9,16,22,-8,38,1,28,-6,-7,18,13,-4,37,8,30
22.2600,-3,-8,16,14,4,38,16,30,-5,-11,16,17,-3,26,3,31,-7,-6,17,14,-3,32,8,35,-3,-8,14,14,-6,32,-6,26,7,-10,17,16,1,36,4,28,-3,-11,19,12,0,34,2,27,-3,-9,19,21,-3,35,5,28,-3,-8,17,10,-7,34,3,25
22.2800,-7,-13,18,16,4,37,5,28,-7,-10,21,16,-7,25,2,32,-5,-4,17,16,-1,34,4,38,-3,-12,19,12,-3,30,-9,30,3,-6,18,14,-3,40,3,32,-6,-13,13,14,-2,32,-2,22,-7,-6,18,21,-3,35,2,27,-9,-9,20,16,-2,35,5,29
22.3000,-4,-12,18,14,2,37,7,27,-6,-9,13,15,-4,24,3,30,-4,-5,15,17,-4,35,1,39,-5,-7,18,15,-8,32,-8,26,7,-7,18,12,0,36,4,28,-2,-16,19,15,-3,36,5,25,-3,-10,16,21,-3,39,5,32,-2,-11,14,14,-2,35,3,27
22.3200,-3,-7,15,14,4,38,5,25,-5,-7,18,14,-6,27,3,33,-4,-8,21,15,1,33,4,36,-4,-10,17,15,-10,32,-8,28,2,-16,13,12,0,32,6,29,-3,-14,17,15,-3,35,3,22,-9,-10,20,24,-5,35,3,28,-3,-4,13,14,-5,32,5,26
22.3400,-2,-15,18,16,3,38,5,28,-7,-13,15,12,-8,24,-1,28,-5,-6,18,18,-3,34,5,32,0,-9,21,12,-9,32,-8,24,-1,-7,18,18,-2,38,5,25,-1,-17,19,13,-10,35,0,27,-3,-5,16,18,-3,32,4,26,-1,-8,20,18,-2,35,4,30
22.3600,-5,-11,22,13,8,33,7,28,-8,-13,17,13,-4,27,0,30,-6,-5,23,16,-5,32,3,34,-5,-13,18,12,-8,38,-8,25,0,-10,19,14,-2,37,3,30,-5,-18,16,13,-4,34,3,27,-3,-13,22,17,-1,37,5,26,-1,-10,20,14,-4,36,3,32
22.3800,-2,-11,20,16,2,39,8,30,-3,-12,17,14,-4,28,1,31,-5,-7,20,18,-1,34,3,37,-3,-9,21,18,-8,32,-5,26,6,-10,22,16,-2,39,2,28,-3,-16,11,13,-5,35,2,24,-3,-9,20,21,1,37,7,27,-9,-10,16,15,-4,34,7,29
22.4000,-2,-12,21,16,5,34,13,28,-4,-11,21,20,-3,26,0,28,-5,-7,23,16,-6,33,4,38,-2,-8,18,17,-7,34,-4,21,6,-8,18,15,-4,35,2,26,-7,-17,19,19,-1,34,1,26,1,-12,18,22,-1,33,4,28,-5,-12,17,16,-4,33,6,27
22.4200,-3,-6,19,15,4,39,8,32,-4,-11,20,15,-5,27,3,34,-8,-4,19,14,-5,33,4,38,-8,-13,16,13,-9,34,-7,26,2,-10,16,19,-2,38,3,27,-4,-17,20,17,-4,32,0,26,-6,-11,16,22,-6,38,3,28,-2,-9,20,14,-3,34,5,28
22.4400,0,-13,20,11,3,37,8,27,-1,-11,17,15,-7,27,1,31,0,-8,15,14,-9,35,9,39,-6,-7,15,15,-11,36,-9,22,4,-9,18,16,0,34,3,31,-5,-16,16,14,-5,38,-1,24,0,-11,20,23,-1,38,5,30,-7,-6,16,17,-1,35,3,28
22.4600,-2,-8,21,11,7,39,9,32,-3,-9,22,18,-7,25,3,30,-7,-6,19,15,-5,35,2,42,-5,-9,18,16,-5,36,-9,27,4,-6,20,12,-3,36,4,31,-4,-18,18,16,-1,30,2,28,-5,-10,21,19,-6,36,4,25,-5,-10,19,17,-1,34,5,26
22.4800,-3,-12,15,18,6,38,6,26,-1,-12,17,18,-6,27,1,33,-6,-9,17,12,-4,30,8,33,-5,-11,17,15,-7,34,-7,26,5,-7,19,15,-3,36,3,30,-7,-13,23,14,-5,36,4,26,-9,-8,19,23,-4,37,1,26,-4,-10,15,14,-6,38,2,31
22.5000,-3,-9,14,14,3,36,8,28,-8,-10,11,14,-8,30,2,30,-4,-8,19,15,-5,31,8,36,-2,-12,19,10,-9,35,-11,22,4,-15,17,14,0,40,5,31,-2,-20,22,14,0,32,6,27,-3,-8,22,19,-7,41,0,31,-5,-5,18,18,-8,34,8,27
22.5200,-2,-10,18,17,7,36,5,25,-12,-10,14,17,-7,25,6,29,-3,-9,18,17,-6,36,2,33,-8,-11,19,14,-10,33,-11,24,6,-10,19,13,-1,36,2,28,-7,-17,20,17,-2,34,0,23,-8,-7,20,19,-5,34,0,23,-10,-10,13,16,-3,36,7,30
22.5400,-4,-11,18,17,6,42,7,30,-3,-13,16,14,-4,23,1,30,-8,-6,18,13,-9,37,6,37,-5,-6,19,16,-8,35,-6,27,8,-7,21,16,-4,41,1,25,-5,-18,18,12,-7,36,5,25,-4,-10,18,24,-8,40,3,32,-2,-7,19,12,-5,36,2,24
22.5600,1,-7,19,15,6,42,6,29,-8,-11,18,13,-8,26,1,31,-1,-10,18,15,0,33,9,34,-2,-8,18,11,-5,33,-5,30,4,-9,18,13,-7,37,3,33,-5,-14,22,17,-3,36,5,28,-4,-10,21,23,-5,37,3,28,-5,-10,19,14,-6,36,1,28
22.5800,0,-9,19,13,6,37,9,31,-6,-13,17,15,-7,24,3,28,-6,-11,16,14,-6,39,4,37,-5,-7,18,15,-7,39,-6,25,0,-4,17,11,-3,36,4,30,-5,-20,20,19,-2,34,5,27,-6,-10,18,21,-1,39,3,27,-4,-15,15,11,-6,36,0,30
22.6000,0,-10,16,12,7,41,5,30,-5,-11,17,16,-4,29,3,31,-5,-4,15,14,-6,31,8,37,-6,-8,18,12,-8,34,-6,27,8,-7,20,13,0,34,2,30,-5,-17,17,15,-1,34,3,24,-9,-10,20,23,-5,37,3,29,-5,-9,16,16,-5,35,2,25
22.6200,-5,-5,19,15,4,39,10,27,-7,-14,20,10,-6,25,0,30,-3,-8,15,14,-2,34,6,39,-6,-12,18,13,-5,35,-9,26,6,-10,18,13,-4,37,5,33,-4,-20,20,20,-6,35,5,24,0,-8,21,22,-5,39,3,26,-2,-11,19,13,0,34,3,27
22.6400,-4,-12,22,12,5,38,10,27,-10,-8,19,18,-6,26,-3,34,-4,-10,22,14,0,38,3,39,-7,-10,18,16,-4,34,-5,27,4,-8,17,11,-3,35,4,33,-4,-18,21,17,-1,34,5,21,-6,-9,19,23,0,39,3,25,-6,-14,21,17,-3,36,3,28
22.6600,-2,-13,19,13,3,39,5,29,-8,-13,12,16,-6,27,3,33,-3,-5,17,16,-1,36,3,34,-5,-10,18,17,-6,39,-1,25,2,-11,13,14,-2,37,7,32,-3,-17,17,13,-2,37,0,25,-4,-11,16,19,-2,40,1,27,-4,-9,16,14,-5,39,5,26
22.6800,-1,-9,20,17,4,36,9,28,-9,-10,19,15,-5,24,4,28,-3,-7,18,15,0,37,7,35,-1,-9,20,14,-3,39,-9,27,8,-8,23,14,-1,37,4,28,-4,-21,19,13,-4,39,4,22,-8,-11,21,19,-1,37,2,26,-4,-10,15,13,-2,35,-1,27
22.7000,-5,-12,17,16,6,43,5,26,-6,-15,20,11,-7,25,6,28,-6,-11,16,17,-7,41,6,37,-8,-11,17,15,-8,37,-7,28,6,-10,17,13,-2,39,-1,32,-4,-19,21,17,-3,35,4,22,-7,-9,27,21,-4,35,3,29,-3,-12,19,16,-5,37,0,31
22.7200,-8,-10,17,12,7,42,5,25,-6,-10,22,13,-5,31,2,32,-3,-5,21,12,-4,38,5,44,-6,-9,13,17,-8,34,-8,26,4,-8,17,13,-4,37,8,29,-7,-20,18,15,-6,34,3,27,-4,-13,21,24,-4,40,3,26,-6,-11,18,13,-3,37,2,30
22.7400,-4,-13,19,14,8,37,8,31,-7,-11,14,14,-6,23,1,30,-9,-7,20,19,-4,34,7,35,-5,-6,23,16,-7,34,-8,27,6,-12,19,14,-1,39,1,32,-5,-21,17,15,-2,34,2,24,-5,-12,18,25,-4,35,5,28,-10,-17,19,14,-6,35,4,27
22.7600,-3,-14,17,19,8,38,8,33,-3,-14,17,13,-6,26,1,30,-6,-12,17,15,-9,35,7,35,-3,-10,17,17,-10,34,-9,24,3,-14,20,11,-1,39,1,27,-5,-19,19,10,-1,37,3,25,-8,-7,22,19,-6,39,3,27,-6,-11,19,13,-5,33,2,28
22.7800,-1,-12,17,14,6,38,8,33,-10,-13,16,16,-10,27,-1,28,-4,-4,23,13,-7,35,6,38,-4,-7,16,18,-8,37,-8,29,6,-10,19,15,-2,38,3,29,-3,-17,22,17,-4,35,2,24,-5,-12,19,20,-7,41,5,30,-2,-15,20,13,-3,39,5,33
22.8000,-7,-13,19,15,5,40,6,33,-3,-9,24,14,-5,28,5,27,-7,-7,20,13,-1,41,7,40,-4,-18,20,11,-7,33,-12,31,7,-10,20,15,-2,42,3,26,-6,-16,15,16,-4,34,0,25,-6,-11,18,24,-5,40,-1,27,-5,-11,17,12,-3,36,6,30
22.8200,-2,-10,19,16,7,42,7,28,-5,-12,19,13,-9,32,3,34,-7,-12,19,14,-7,37,6,40,-7,-13,19,15,-6,34,-9,24,5,-11,16,15,-4,41,3,31,-10,-18,17,15,-6,39,0,24,-5,-11,19,20,-6,38,0,29,-2,-16,18,15,-4,39,6,28
22.8400,-4,-11,18,10,7,38,9,32,-4,-13,16,10,-9,24,3,30,-5,-7,19,16,-2,38,7,37,-4,-9,17,17,-7,39,-10,25,3,-8,24,12,-3,36,4,30,-5,-15,18,16,-4,40,0,25,-3,-13,22,23,-4,34,6,33,-8,-12,21,16,-2,36,3,28
22.8600,-6,-9,16,10,6,41,6,29,-4,-13,20,14,-6,24,2,31,-6,-8,18,13,-5,35,6,40,-7,-8,19,16,-11,33,-5,26,4,-11,16,14,-4,39,5,32,-6,-19,17,16,-3,33,4,22,-10,-12,24,23,-7,34,3,31,-5,-13,21,13,-1,39,1,31
22.8800,-2,-13,16,15,3,36,5,32,-7,-11,19,15,-7,28,3,29,-5,-10,17,13,-7,35,7,36,-5,-14,23,15,-6,37,-7,25,7,-12,21,16,0,40,5,33,-5,-20,13,12,-3,37,0,28,-6,-12,17,26,-5,40,2,28,-2,-11,17,14,-5,39,6,30
22.9000,-7,-8,21,12,4,39,6,31,-8,-18,20,15,-7,25,2,30,-2,-9,17,13,-3,38,6,34,-8,-11,20,15,-8,37,-6,26,3,-9,22,15,-8,39,2,28,-5,-20,18,15,-4,39,4,26,-9,-12,21,26,-7,38,0,27,-6,-12,17,11,-6,34,4,30
22.9200,-6,-12,18,17,8,40,10,29,-3,-14,22,16,-5,26,4,30,-1,-9,18,15,-6,35,6,40,-7,-10,21,9,-7,37,-9,27,5,-14,20,13,-3,37,4,31,-2,-16,24,17,-3,34,4,30,-4,-13,21,24,-1,41,5,30,-9,-15,17,14,-2,41,3,34
22.9400,0,-15,24,13,2,40,6,32,-4,-15,19,11,-7,27,4,33,-2,-8,20,18,-5,39,8,39,-5,-11,17,16,-10,36,-10,27,5,-7,19,14,-4,38,2,27,-5,-17,22,19,-5,36,5,26,-6,-14,17,23,-7,31,3,26,-3,-8,20,11,-3,38,3,30
22.9600,-8,-13,22,16,3,38,10,30,-6,-12,20,16,-2,27,-1,31,-9,-8,24,14,-4,35,8,36,-3,-12,20,15,-8,37,-6,26,6,-12,18,14,-8,36,6,29,-1,-17,22,17,-2,36,1,24,-4,-11,19,23,-3,36,1,30,-8,-7,22,16,-6,35,4,25
22.9800,-7,-12,20,17,6,36,6,34,-10,-13,20,9,-8,24,1,28,-7,-10,15,15,-7,34,5,39,0,-8,19,13,-8,34,-4,22,3,-10,21,18,3,40,2,29,-5,-19,20,15,2,34,0,31,-3,-12,24,23,-5,36,4,28,-8,-11,25,13,-4,40,0,30
23.0000,-3,-13,20,16,12,44,5,33,-9,-14,22,12,-7,26,0,30,-4,-10,21,14,-3,34,4,40,-2,-9,21,14,-8,33,-7,28,3,-14,24,17,-5,37,2,31,-4,-19,22,16,-2,35,3,25,1,-7,20,29,-3,37,4,27,-1,-12,18,12,-3,38,4,26
23.0200,-7,-10,15,13,5,39,3,29,-9,-16,19,9,-7,29,2,31,-2,-11,20,17,0,32,4,34,-7,-4,20,14,-7,38,-4,24,3,-12,19,12,-3,40,4,31,-5,-20,18,16,-2,35,3,25,-6,-12,22,23,-7,37,5,28,-6,-12,22,18,-6,38,1,29
23.0400,-7,-12,18,12,3,44,12,33,-8,-9,15,14,-7,27,2,33,-3,-10,24,13,-6,39,8,37,-5,-15,20,13,-5,34,-8,29,4,-16,16,16,-5,33,-1,33,-6,-17,23,14,-6,34,2,25,-3,-10,18,23,-7,37,7,29,-8,-12,19,14,-5,37,2,29
23.0600,-7,-15,21,15,8,42,7,30,-5,-17,22,17,-1,28,5,31,-6,-12,27,12,-4,37,7,38,-6,-11,17,15,-9,38,-7,31,1,-10,24,18,-3,38,7,31,-7,-18,22,13,-4,34,5,29,-10,-11,23,19,-5,38,3,27,-7,-12,22,12,-6,37,7,27
23.0800,-6,-13,14,16,6,37,10,32,-11,-12,20,17,-6,24,4,27,-3,-10,20,14,-5,37,2,41,0,-8,17,15,-8,35,-8,26,3,-13,16,15,-6,36,5,29,-7,-22,17,16,-5,36,2,26,-7,-8,24,24,-5,35,5,32,-12,-13,23,14,-4,37,4,28
23.1000,-2,-12,22,11,6,38,7,29,-4,-14,19,17,-4,25,1,30,-5,-9,18,12,-6,36,6,40,-6,-14,21,10,-3,38,-9,31,4,-8,19,16,-3,37,5,31,-3,-18,15,11,0,40,2,28,0,-9,22,24,0,41,4,29,-7,-14,17,13,-7,45,2,27
23.1200,-7,-11,17,15,6,37,8,28,-5,-13,20,16,-7,24,1,30,-3,-7,19,11,-6,38,8,37,-5,-7,18,11,-8,38,-9,28,4,-9,19,15,-5,41,5,31,-7,-17,20,15,-5,34,3,30,-7,-10,22,21,-3,39,4,26,-3,-12,23,14,-1,41,6,28
23.1400,-7,-14,17,12,0,45,8,31,-8,-17,13,17,-8,29,4,26,-2,-10,24,12,-3,37,6,35,-5,-12,20,16,-5,35,-8,28,-1,-16,18,15,-3,41,2,28,-4,-18,22,12,-8,36,4,24,-6,-11,24,25,-7,37,10,26,-6,-10,18,15,-10,40,8,28
23.1600,-8,-12,21,18,9,40,10,27,-6,-13,19,18,-7,27,2,35,-10,-12,22,13,-5,35,7,36,-8,-12,20,15,0,36,-6,28,3,-11,19,13,-6,41,7,27,-7,-17,20,10,-5,35,1,22,-3,-16,20,24,-3,39,6,25,-3,-7,22,9,-2,40,4,28
23.1800,-9,-10,20,8,4,44,5,28,-4,-12,19,18,-5,32,3,27,-6,-11,23,18,-2,40,9,39,-4,-11,16,13,-6,37,-3,28,2,-14,23,13,0,35,4,31,-3,-18,18,13,-7,35,2,26,-8,-14,23,22,-3,40,4,30,-6,-9,19,10,-3,39,7,26
23.2000,-7,-5,21,14,2,42,3,32,-5,-14,24,15,-11,31,1,30,-4,-6,16,14,-4,38,4,39,-3,-13,21,18,-8,35,-8,28,2,-12,22,17,-2,34,7,33,-5,-17,22,19,-6,36,6,30,-9,-11,20,25,-6,43,7,33,-5,-6,25,14,-6,40,6,29
23.2200,-3,-13,21,11,1,38,8,31,-7,-12,25,13,-6,29,4,28,-8,-13,18,18,-3,36,7,34,-4,-11,18,14,-6,39,-6,26,0,-13,20,13,1,34,5,32,-5,-15,21,19,-1,35,0,29,-7,-7,20,24,-4,37,6,29,-2,-8,19,18,-3,38,6,27
23.2400,-7,-15,18,15,2,38,7,30,-7,-15,21,15,-9,29,0,25,-4,-8,18,12,-1,34,11,39,-5,-11,25,16,-4,35,-5,28,5,-17,23,17,-2,36,8,32,-2,-20,18,18,-4,36,8,31,-8,-14,22,23,-6,35,2,30,-4,-7,17,17,-8,45,7,30
23.2600,-1,-13,19,14,4,40,8,27,-7,-14,22,12,-11,31,1,31,-2,-8,20,14,-3,41,10,37,-6,-12,19,12,-6,35,-7,27,4,-13,20,17,-2,35,9,33,-5,-13,17,15,-7,34,5,28,-5,-11,22,22,-7,35,4,27,-8,-8,19,15,-2,40,4,28
23.2800,-7,-11,19,11,1,41,6,33,-8,-15,22,15,-5,32,1,30,-2,-14,18,15,-2,42,5,34,-9,-10,21,15,-6,40,-6,25,1,-13,19,11,-2,39,0,31,-6,-19,19,14,-4,35,4,26,-7,-9,23,25,-9,40,2,29,-10,-13,18,15,-3,33,2,28
23.3000,-4,-7,17,18,4,42,9,26,-3,-13,20,15,-8,31,3,31,-1,-12,20,13,-1,41,7,36,-8,-12,17,13,-7,36,-4,27,3,-11,23,15,-2,35,5,33,-4,-19,23,8,-2,36,4,28,-7,-12,18,22,-6,34,8,29,-4,-11,20,12,-8,40,2,30
23.3200,-3,-9,20,11,4,39,4,30,-7,-16,20,14,-5,31,1,29,-7,-6,21,11,-1,42,11,36,-10,-14,22,13,-8,36,-6,31,-1,-15,18,17,-2,37,3,29,-5,-20,17,15,-8,37,6,27,-5,-8,24,26,-4,36,5,27,-7,-6,22,13,-4,41,3,31
23.3400,-7,-13,18,11,5,40,6,32,-9,-14,20,14,-6,30,1,30,-5,-11,20,14,-6,40,8,35,-3,-12,19,14,-3,38,-4,25,0,-10,19,13,-5,38,4,30,-3,-17,23,16,-9,34,5,25,-4,-8,22,24,-7,41,7,29,-2,-10,22,16,-5,38,2,32
23.3600,-6,-7,19,16,2,46,5,33,-10,-13,22,16,-5,31,0,33,-7,-9,20,16,-4,40,6,37,-9,-12,18,18,-7,37,-1,25,-1,-5,21,17,-1,40,9,30,-5,-24,21,13,-7,40,2,32,-6,-10,22,22,-6,38,3,30,-5,-10,20,14,-2,39,4,32
23.3800,-6,-14,19,13,3,42,7,28,-8,-12,19,16,-7,27,6,30,-11,-11,19,17,-4,40,6,38,-9,-11,20,19,-4,40,-2,28,3,-11,23,18,-3,41,2,31,-4,-23,23,16,-6,35,2,24,-10,-15,21,23,-6,39,5,33,-8,-14,22,17,-9,37,2,32
23.4000,-4,-14,22,14,4,42,10,29,-4,-17,21,13,-10,30,2,27,-5,-10,19,16,-4,40,8,40,-9,-12,26,9,-3,41,-8,25,1,-12,27,16,-2,35,2,30,-2,-23,20,16,-6,35,5,27,-4,-13,22,23,-4,39,3,29,-5,-12,19,11,-3,40,4,30
23.4200,-8,-10,23,17,4,43,2,31,-5,-14,21,13,-8,32,2,30,-4,-9,20,13,-4,38,8,35,-8,-13,24,17,-4,36,-2,31,1,-12,20,18,-2,39,7,31,-7,-20,21,14,-5,36,7,30,-4,-8,19,22,-3,41,2,31,-8,-11,18,15,-1,38,3,29
23.4400,-1,-11,20,15,5,45,6,28,-5,-11,21,16,-13,30,6,31,-2,-13,21,12,-4,38,8,34,-7,-13,21,12,-7,37,-2,27,4,-14,21,18,-1,40,4,31,-3,-21,18,13,-2,36,5,28,-5,-11,22,26,-5,37,3,29,-6,-8,20,12,-6,45,1,26
23.4600,-3,-17,26,11,1,46,6,27,-5,-14,20,15,-11,31,6,28,-8,-9,22,17,-3,39,7,39,-7,-13,23,14,-3,37,-2,25,1,-9,23,10,4,41,9,32,-6,-24,21,12,-8,33,7,28,-7,-11,16,27,-5,40,0,33,-4,-5,19,13,0,46,5,27
23.4800,-7,-11,26,15,5,42,4,36,-4,-14,20,15,-5,31,4,33,-7,-9,17,15,-9,42,7,37,-10,-15,23,15,-5,37,-4,27,-1,-13,23,16,-6,40,3,32,-4,-18,21,14,-6,38,5,33,-2,-18,21,23,0,38,3,30,-7,-12,23,14,-5,39,8,30
23.5000,-3,-8,20,17,5,42,3,29,-4,-12,20,13,-3,32,2,30,-5,-7,22,16,-6,41,8,36,-5,-12,22,16,0,34,-6,29,0,-12,19,15,-4,40,1,33,-5,-21,21,11,-4,38,2,28,-4,-17,24,23,-9,42,5,28,-7,-12,23,15,-2,42,4,27
23.5200,-7,-14,16,14,6,45,5,32,-11,-17,21,13,-6,30,2,25,-6,-10,20,16,-7,45,9,34,-9,-11,24,13,-4,42,-7,27,-2,-11,23,16,-6,40,3,34,-6,-20,20,13,-5,38,4,31,-6,-11,20,25,-9,36,4,30,-9,-8,22,14,-7,37,4,28
23.5400,-7,-10,21,11,3,42,4,29,-4,-14,17,11,-2,29,2,29,-8,-11,17,16,-2,43,7,35,-4,-11,20,12,-5,42,-8,25,1,-11,21,20,-5,40,5,29,-5,-18,25,16,-4,38,3,31,-12,-12,23,27,-8,37,4,33,0,-10,21,15,-3,39,4,29
23.5600,-4,-11,15,15,5,40,10,33,-9,-15,24,11,-4,29,3,31,-5,-12,22,13,-7,39,7,34,-9,-14,23,11,-4,37,-7,26,2,-11,20,16,-6,38,1,33,-6,-20,21,16,0,39,4,27,-9,-14,20,24,-7,40,6,26,-3,-10,22,12,-5,44,3,31
23.5800,-5,-11,20,15,9,45,2,31,-10,-14,22,15,-8,30,4,32,-8,-9,21,12,-3,41,8,35,-5,-13,19,16,-5,38,-2,27,5,-12,19,20,-2,37,3,32,-4,-23,22,14,-8,39,3,27,-6,-12,23,26,-5,37,1,32,-7,-16,18,12,0,39,3,30
23.6000,-7,-12,18,14,1,43,4,30,-7,-16,24,19,-9,32,4,28,-5,-12,24,18,-4,44,9,36,-7,-11,18,14,-6,44,-5,26,2,-15,24,13,-2,39,4,30,-7,-20,19,13,-5,37,3,31,-8,-10,18,30,-8,38,2,31,-10,-8,23,14,-9,44,3,23
23.6200,-5,-10,20,14,3,42,4,35,-6,-14,24,15,-6,28,2,31,-9,-12,20,12,-6,38,7,40,-5,-9,22,15,0,41,-4,28,-4,-17,21,11,-3,37,7,28,-8,-20,23,14,-6,37,3,31,-11,-12,21,28,-2,44,5,32,-4,-10,20,13,-5,44,4,29
23.6400,-2,-11,22,14,3,44,3,29,-9,-12,24,14,-9,31,3,29,-8,-11,19,18,-7,38,8,39,-4,-12,21,11,-4,38,-7,31,0,-13,21,15,-4,39,2,32,-8,-20,19,12,-4,37,3,31,-6,-13,24,27,-3,38,10,32,-7,-14,22,11,-5,45,9,31
23.6600,-7,-14,25,15,3,44,4,29,-6,-14,20,14,-8,26,9,31,-10,-7,20,14,-7,43,8,37,-7,-15,20,15,-3,42,-5,33,1,-15,19,17,-1,38,4,30,-3,-18,20,15,0,39,6,30,-3,-13,17,27,-5,41,5,35,-6,-9,19,13,-4,41,5,28
23.6800,-2,-17,21,14,2,43,5,26,-5,-14,21,16,-5,30,0,24,-6,-10,20,18,-5,42,8,39,-4,-10,18,13,-5,42,-8,28,0,-10,15,14,-1,39,8,31,-3,-18,18,14,-4,34,4,31,-4,-11,21,27,-6,44,8,27,-3,-11,23,14,-5,38,6,30
23.7000,-4,-16,21,11,-3,42,5,27,-5,-14,21,19,-8,28,2,31,-9,-12,22,18,-5,41,6,38,-11,-8,17,13,-8,41,-5,29,1,-12,20,14,-8,42,6,29,-2,-20,21,15,-6,39,5,28,-5,-11,18,28,-5,41,4,28,-11,-10,23,16,-3,43,3,31
23.7200,-5,-13,22,11,1,45,8,30,-5,-16,15,12,-10,36,7,33,-6,-11,24,17,-5,40,3,37,-9,-13,24,15,-4,39,-7,29,1,-6,24,13,-7,42,5,30,-6,-21,19,16,-1,36,3,36,-5,-10,18,26,-7,38,7,30,-7,-15,19,12,-8,41,3,27
23.7400,-6,-14,19,14,7,44,0,31,-5,-11,21,12,-5,32,2,33,-3,-8,25,17,-4,37,4,38,-6,-11,17,16,-6,38,-9,28,-1,-14,22,16,-5,42,5,28,-4,-21,22,14,-7,38,6,29,-7,-8,24,24,-4,36,5,30,-7,-15,18,14,-13,40,8,28
23.7600,-2,-9,21,15,2,38,5,26,-5,-10,22,10,-9,33,3,29,-2,-10,20,14,-3,38,5,38,-4,-15,20,13,1,40,-9,29,1,-15,20,15,-5,41,0,31,-3,-19,18,14,-8,42,3,31,-7,-13,20,24,-5,38,4,25,-3,-11,19,11,-5,38,1,29
23.7800,-8,-16,20,14,3,40,2,32,-7,-16,19,16,-8,34,0,28,-2,-13,22,13,-5,39,6,35,-3,-10,23,15,-7,34,-4,26,-3,-16,22,14,-3,40,3,31,-6,-20,22,12,-5,34,3,30,-12,-11,18,23,-8,36,6,33,-7,-11,21,16,-8,40,4,32
23.8000,-2,-16,22,11,2,40,6,33,-5,-15,22,17,-8,33,7,27,-3,-11,19,19,-10,41,7,34,-9,-10,18,10,-8,39,-2,24,0,-12,19,12,-4,36,2,29,-5,-23,25,17,-6,37,3,28,-8,-14,20,22,-7,39,5,29,-8,-14,18,15,-7,39,3,27
23.8200,-7,-11,22,11,5,44,-2,26,-6,-9,22,11,-10,29,3,32,-6,-11,23,14,-3,39,4,37,-13,-14,24,12,-4,37,-1,26,1,-12,23,18,-3,42,4,30,-5,-21,23,20,-4,35,5,28,-7,-10,16,28,-6,45,6,28,-6,-12,24,10,-2,39,3,29
23.8400,-5,-11,25,12,4,39,3,28,-7,-13,26,15,-4,35,7,29,-11,-15,22,14,0,39,7,40,-11,-9,19,18,0,38,-2,25,0,-10,25,18,-6,37,1,31,-9,-21,17,11,-5,38,2,26,-12,-12,25,28,-3,38,5,28,-8,-12,25,13,-4,42,7,30
23.8600,-6,-11,23,17,1,35,4,27,-7,-14,19,13,-10,33,5,29,-4,-12,19,15,-6,40,5,38,-7,-13,18,10,-3,42,-6,28,3,-14,21,14,-6,37,3,30,-5,-24,22,19,-6,32,4,26,-11,-12,21,26,-8,40,1,27,-10,-12,18,14,-7,41,3,30
23.8800,-4,-6,23,16,9,41,3,28,-1,-12,19,13,-5,37,5,28,-5,-12,21,17,-4,40,9,38,-3,-15,27,16,-2,38,-4,26,3,-12,22,14,-5,40,8,30,-6,-22,15,19,-2,36,3,27,-6,-11,18,27,-9,37,3,28,-6,-13,24,13,-8,37,4,33
23.9000,-9,-9,23,11,4,42,4,29,-4,-14,19,19,-9,31,-1,26,-5,-11,23,15,-6,41,3,36,-8,-10,20,12,-10,35,-4,30,1,-12,24,15,-4,37,4,32,-5,-18,24,12,-9,38,6,29,-9,-10,26,25,-6,41,3,30,-6,-13,24,12,-2,40,2,29
23.9200,-10,-12,19,14,0,38,2,28,-6,-17,18,12,-5,32,2,28,-7,-15,20,16,-4,41,5,36,-8,-6,19,14,-2,42,-5,27,4,-9,22,15,-4,40,6,33,-3,-16,22,13,-2,39,6,30,-9,-12,23,23,-8,41,7,30,-9,-10,22,13,-3,37,8,29
23.9400,-6,-9,19,16,4,45,3,26,-4,-11,19,17,-6,32,4,30,-5,-12,18,11,-6,45,5,37,-7,-13,20,16,-6,38,-9,25,3,-9,24,12,-2,43,2,31,-5,-19,24,15,-2,39,6,32,-12,-12,21,24,-4,40,6,31,-2,-9,22,16,-9,41,5,29
23.9600,-8,-15,19,13,2,45,2,30,-7,-17,22,17,-11,34,1,33,-3,-17,25,14,-1,36,10,38,-9,-11,22,17,-3,41,-8,28,-2,-10,21,12,-6,41,7,30,-7,-20,19,17,-4,35,6,30,-7,-8,22,25,-9,40,2,29,-6,-15,20,11,-9,39,5,29
23.9800,-8,-12,20,11,5,39,4,31,-5,-15,20,11,-7,35,4,29,-5,-10,19,17,-7,42,7,38,-8,-15,24,18,-7,41,-6,29,2,-11,18,16,-1,42,3,32,-6,-18,17,12,-4,40,4,30,-10,-11,23,27,-6,39,2,31,-6,-8,24,19,-2,42,7,28
24.0000,-8,-9,18,15,4,43,5,28,-6,-11,22,13,-8,35,1,30,-4,-9,18,11,-9,44,6,39,-11,-9,19,15,-3,41,-4,27,2,-14,18,14,-6,41,9,28,-1,-17,22,11,-8,38,6,29,-11,-12,28,23,-5,39,4,29,-10,-13,24,17,-5,40,7,28
24.0200,-1,-9,20,11,6,41,5,30,-5,-18,21,12,-5,37,6,32,-9,-13,17,16,-9,41,11,39,-5,-8,18,13,3,39,-6,29,0,-13,21,19,-1,37,5,30,-7,-18,20,11,-6,38,1,29,-10,-10,20,24,-4,40,8,31,-4,-12,19,13,-4,38,5,28
24.0400,-7,-12,20,13,4,42,7,31,-7,-14,25,13,-10,35,3,28,-5,-14,21,14,-2,37,6,35,-6,-10,20,15,-4,38,1,27,3,-16,23,19,-6,43,3,30,-5,-18,19,15,-6,39,5,29,-10,-15,17,23,-9,42,8,31,-4,-12,18,13,-7,43,5,27
24.0600,-5,-15,23,13,-1,46,7,30,-8,-12,23,16,-6,32,5,28,-3,-16,20,16,-6,36,9,36,-7,-15,20,15,-2,38,-5,27,0,-11,19,11,-4,39,6,32,-5,-22,24,13,-3,37,0,33,-9,-11,23,28,-5,37,4,27,-9,-15,24,15,-5,38,5,28
24.0800,-5,-12,24,14,4,45,1,30,-9,-13,23,13,-6,35,6,32,-3,-12,18,14,-7,38,3,34,-9,-10,20,14,-4,37,0,29,2,-11,20,15,-4,37,4,28,-2,-21,23,16,-10,39,2,26,-6,-10,22,26,2,41,2,30,-9,-12,18,14,-6,42,4,29
24.1000,-5,-14,23,13,4,46,0,29,-6,-15,20,13,-5,32,5,33,-7,-16,21,14,-3,38,8,38,-11,-12,23,12,-1,37,-2,29,0,-17,20,16,-5,38,4,29,-4,-18,23,13,-5,36,4,33,-9,-11,19,25,-2,40,2,29,-10,-14,23,17,-5,42,4,29
24.1200,-4,-12,21,14,3,44,3,31,-5,-13,19,13,-5,32,4,26,-5,-14,21,16,-5,40,6,34,-9,-14,26,15,-3,40,-6,27,0,-11,21,17,-5,36,6,34,-8,-17,23,15,-5,40,2,34,-5,-11,21,24,-5,39,1,32,-4,-15,19,13,-2,40,4,25
24.1400,0,-13,20,12,2,40,1,31,-3,-17,22,13,-3,33,8,28,-8,-13,22,16,-5,40,4,34,-6,-12,21,17,-2,41,-4,27,0,-16,19,15,-3,37,6,30,-6,-16,21,14,-4,39,4,31,-8,-15,20,23,-2,40,5,29,-1,-12,19,17,-5,38,1,32
24.1600,0,-15,18,17,4,43,-1,31,-6,-13,16,14,-8,28,6,26,-9,-14,20,18,-3,40,10,42,-9,-11,19,13,-5,42,-3,26,2,-17,22,15,-6,37,3,27,-7,-18,21,16,-7,37,1,31,-8,-12,23,25,-6,41,5,30,-6,-16,21,14,-8,42,6,32
24.1800,-7,-16,21,13,-4,43,3,28,-6,-17,24,16,-9,31,10,30,-6,-10,20,13,-5,44,7,37,-6,-15,19,10,-7,39,-1,32,0,-11,18,14,-3,39,6,33,-6,-18,25,15,-6,38,7,32,-6,-15,23,28,-4,40,5,32,-12,-10,20,17,-5,41,6,30
24.2000,-11,-15,21,20,0,43,3,29,-6,-15,19,19,-4,30,3,29,-7,-12,16,14,-5,46,4,35,-2,-12,16,13,-2,40,-2,29,0,-13,18,13,-6,41,9,30,-4,-24,21,17,-5,39,6,30,-8,-13,23,29,-3,37,3,28,-11,-11,23,17,-9,40,5,28
24.2200,-9,-12,23,11,-1,40,6,29,-2,-9,20,13,0,33,3,29,-7,-12,20,13,-4,41,10,39,-6,-12,22,12,2,38,-2,26,-5,-14,27,15,-5,40,8,32,-4,-20,20,16,-8,39,4,28,-6,-14,21,24,-5,42,2,32,-5,-10,24,16,-6,40,8,28
24.2400,-4,-17,22,15,2,43,8,31,-7,-10,16,16,-4,32,6,28,-8,-12,20,12,-3,39,8,38,-8,-13,19,13,0,39,-5,26,3,-13,22,13,-6,42,5,28,-2,-20,21,13,-4,42,3,30,-10,-17,25,25,-11,44,1,32,-8,-10,18,14,-8,42,7,31
24.2600,-8,-11,19,11,-2,42,6,31,-6,-17,21,15,-6,37,6,28,-10,-16,24,9,-10,43,5,38,-7,-13,15,13,-3,41,-4,26,-1,-14,21,16,-3,38,1,30,-4,-20,24,15,-6,40,4,29,-12,-12,18,30,-8,39,5,31,-13,-13,27,16,-4,42,3,29
24.2800,-5,-11,21,12,0,44,0,31,-7,-13,22,15,-1,35,4,26,-9,-15,17,18,-9,45,4,33,-9,-13,20,13,-3,44,-4,29,1,-11,22,17,-2,44,5,34,-4,-21,21,14,-5,39,0,30,-10,-10,26,25,-5,43,3,27,-11,-12,22,12,-2,41,3,29
24.3000,-3,-10,22,17,0,38,4,27,-4,-14,28,12,-9,36,5,26,-12,-12,17,16,-5,41,7,35,-6,-9,21,12,-6,40,-1,27,1,-15,23,17,-1,39,3,31,-4,-14,22,11,-5,38,2,32,-13,-12,20,27,-8,42,3,29,-10,-12,23,15,-9,42,2,29
24.3200,-7,-16,20,12,4,46,2,28,-7,-16,21,15,-3,36,4,30,-7,-16,20,14,-10,41,8,36,-10,-11,20,15,-6,42,-1,26,0,-14,24,15,-3,39,7,32,-7,-21,22,18,0,40,8,33,-12,-13,21,30,-2,44,4,29,-6,-13,22,14,-4,41,1,31
24.3400,-7,-14,17,12,0,43,1,28,-2,-15,20,14,-8,36,5,29,-10,-12,22,17,-9,39,4,37,-12,-14,19,15,-3,41,-2,28,3,-16,21,14,-6,45,9,31,-3,-16,19,13,-6,38,4,31,-7,-13,19,26,-7,44,4,31,-10,-13,22,15,-5,43,4,29
24.3600,-6,-12,23,14,3,46,3,22,-4,-15,27,11,-4,37,10,29,-6,-14,23,14,-4,44,3,36,-11,-10,17,11,-3,43,-3,30,-4,-16,17,16,-4,42,4,34,-5,-25,21,21,-7,39,4,33,-11,-15,25,25,-5,41,7,31,-8,-9,19,16,-4,40,0,28
24.3800,-13,-11,21,18,3,42,1,29,-6,-9,23,16,-7,32,5,29,-5,-15,23,13,-4,38,1,37,-8,-14,21,15,-3,43,-1,33,0,-16,22,12,-5,40,6,30,-6,-19,22,18,-5,43,6,31,-7,-16,23,27,-6,41,4,24,-6,-12,20,16,-5,43,5,27
24.4000,-7,-12,22,15,-1,41,5,30,-8,-12,21,15,-9,31,7,27,-4,-13,25,12,-8,43,6,36,-5,-10,19,15,-9,43,1,29,3,-16,23,13,-1,44,6,29,-1,-22,22,16,-8,40,5,31,-4,-15,21,26,-4,42,5,30,-5,-15,21,16,-2,42,2,33
24.4200,-4,-12,25,12,2,49,1,31,-4,-12,23,13,-12,37,7,30,-5,-12,25,15,-7,44,1,35,-6,-15,19,12,0,43,-6,28,1,-13,24,16,-4,39,2,30,-9,-21,24,13,-7,38,7,24,-9,-14,24,31,-6,42,3,28,-7,-13,20,13,-6,44,5,27
24.4400,-8,-13,21,17,2,46,2,28,-6,-12,25,10,-4,35,6,31,-7,-14,26,13,-9,45,4,33,-6,-14,25,16,-6,43,-5,30,-2,-17,21,11,-2,38,6,36,-3,-23,18,18,-9,43,5,27,-10,-12,20,24,-5,38,6,31,-7,-13,18,13,-2,43,3,30
24.4600,-8,-12,23,12,1,44,1,30,-4,-11,23,14,-5,32,5,28,-2,-10,21,10,-6,47,6,35,-8,-16,21,16,-8,43,-3,25,-2,-15,21,17,-3,39,2,30,-5,-23,19,15,-3,41,3,30,-8,-15,27,24,-6,42,6,30,-12,-12,19,16,-6,40,5,27
24.4800,-3,-15,22,11,-1,42,3,27,-4,-15,19,13,-11,33,7,28,-5,-16,23,16,-8,45,9,35,-7,-16,24,13,-2,43,0,31,1,-16,19,15,-6,41,9,31,-5,-22,15,19,-5,41,7,31,-4,-16,24,21,-4,41,4,32,-6,-16,22,13,-6,43,5,32
24.5000,-11,-12,19,14,1,45,2,29,-5,-12,23,18,-9,33,4,27,-6,-11,21,14,-9,44,5,38,-5,-12,22,15,-4,43,-3,25,0,-15,21,17,-3,38,8,29,-5,-21,27,14,-4,37,7,27,-10,-15,20,23,-2,41,4,30,-5,-15,20,16,-5,42,6,29
24.5200,-5,-13,22,17,-3,43,3,31,-9,-15,26,17,-8,30,9,26,-6,-13,23,17,-4,48,10,37,-9,-14,22,16,-4,43,-2,30,-4,-15,22,14,-6,41,6,32,-8,-21,20,17,-6,46,9,30,-8,-16,21,28,-4,43,2,33,-5,-5,26,8,-4,44,5,29
24.5400,-10,-13,23,15,-1,42,1,32,-5,-11,23,15,-8,34,3,27,-9,-18,20,13,-6,42,5,34,-9,-17,21,15,0,41,-7,31,-3,-12,20,18,-5,36,5,32,-3,-15,19,19,-3,42,7,35,-4,-13,21,23,-2,41,8,30,-8,-13,23,17,-7,41,9,33
24.5600,-12,-9,20,13,1,45,5,26,-10,-14,26,16,-6,34,8,30,-9,-15,24,15,-8,44,9,33,-5,-14,23,14,-5,40,-6,30,0,-12,27,10,-4,37,8,38,-3,-22,21,15,-7,44,5,31,-6,-17,23,25,-8,45,4,28,-7,-16,21,16,-5,42,7,31
24.5800,-6,-13,19,18,-1,41,1,28,-9,-14,21,12,-8,34,8,28,-7,-15,20,14,-7,41,3,31,-11,-10,20,12,-3,42,-5,27,-3,-17,18,17,-5,42,6,31,-1,-22,23,15,-5,43,7,33,-7,-15,23,23,-6,43,4,32,-10,-12,25,14,-7,41,9,31
24.6000,-6,-17,23,13,3,41,2,24,-6,-14,23,16,-4,37,5,28,-5,-15,24,15,-3,46,7,34,-6,-12,27,20,-4,46,-7,28,-6,-15,19,14,-7,40,6,33,-4,-20,22,17,-4,42,7,34,-8,-12,23,24,-5,44,6,30,-6,-17,20,14,-5,43,5,27
24.6200,-8,-14,24,17,0,43,1,27,-8,-17,22,13,-8,35,6,27,-10,-10,21,20,-8,42,5,34,-9,-15,19,13,-2,40,-5,28,1,-17,22,16,-7,46,6,29,-8,-18,21,18,-8,42,5,29,-8,-15,21,27,-7,41,6,33,-7,-10,23,13,-6,43,1,31
24.6400,-8,-16,24,16,-3,44,-1,26,-7,-16,23,16,-4,39,5,28,-4,-13,21,19,-6,43,3,36,-10,-13,22,15,-1,45,-4,27,-5,-16,23,13,-6,41,9,24,-6,-24,25,13,-7,44,3,29,-9,-15,21,27,-3,40,1,31,-7,-15,24,10,-4,41,6,31
24.6600,-10,-13,21,14,-3,45,3,29,-5,-19,17,16,-4,33,8,27,-8,-13,22,20,-9,43,8,36,-11,-11,27,20,-4,46,-2,29,-4,-19,19,14,-9,42,6,29,-4,-20,21,14,-9,38,6,29,-7,-13,21,24,-6,41,2,31,-2,-15,25,14,-10,42,5,32
24.6800,-7,-13,20,16,-3,43,2,26,-7,-15,22,17,-7,35,9,33,-11,-15,24,11,-8,44,6,38,-10,-12,27,14,-3,41,-2,25,-7,-11,23,16,-8,38,9,31,-1,-14,23,16,-3,43,2,36,-8,-15,25,27,-3,39,8,29,-13,-11,18,16,-5,40,2,27
24.7000,-13,-11,21,15,0,42,2,29,-7,-13,22,14,-6,32,8,33,-9,-12,23,16,-11,45,5,33,-11,-12,21,16,-8,46,-3,28,-4,-12,25,18,-7,43,5,31,-6,-22,18,15,-5,44,4,34,-6,-9,23,27,-6,39,10,26,-14,-16,22,14,-7,38,8,30
24.7200,-9,-11,25,17,0,39,3,28,-5,-17,21,19,-5,35,3,31,-2,-14,22,16,-10,44,6,38,-7,-8,18,14,-3,44,-2,26,-6,-12,25,15,-7,44,1,34,-6,-18,24,14,-6,38,7,30,-2,-10,24,32,-8,39,8,31,-4,-12,22,18,-1,43,8,31
24.7400,-11,-13,24,18,-2,43,2,29,-7,-13,22,16,-3,34,7,25,-8,-16,24,12,-8,42,12,32,-7,-15,25,16,-5,45,-4,28,-4,-15,19,17,-7,39,0,30,-3,-20,21,16,-2,42,4,29,-8,-12,25,29,-2,44,3,27,-8,-14,22,15,-9,41,2,27
24.7600,-7,-14,21,15,-1,39,1,30,-7,-17,23,15,-5,37,6,26,-8,-9,22,17,-7,45,7,32,-7,-8,19,12,-1,41,-4,26,-4,-13,23,12,-4,41,5,29,-5,-18,22,12,-7,45,6,30,-12,-11,21,24,-13,42,2,29,-10,-11,22,19,-6,40,3,28
24.7800,-7,-16,26,17,3,39,6,31,-4,-15,22,17,-8,33,10,32,-9,-16,19,15,-10,42,4,35,-8,-14,20,15,-5,39,-4,29,-6,-17,23,18,-3,42,5,32,-2,-23,22,16,-13,42,8,34,-9,-11,21,23,-7,39,4,32,-8,-10,22,15,-6,41,5,31
24.8000,-5,-12,23,18,0,47,1,29,-10,-15,22,13,-5,37,7,28,-4,-15,24,18,-8,41,7,34,-12,-12,25,14,-6,42,-4,29,-7,-15,20,15,-7,34,3,27,-6,-22,19,16,-4,45,2,34,-9,-12,24,28,-7,45,8,33,-8,-9,17,15,-9,41,6,33
24.8200,-9,-13,24,19,-2,41,-2,24,-6,-17,22,18,-5,37,7,28,-9,-18,22,18,-9,44,2,36,-11,-13,23,14,-6,41,-3,31,-2,-16,26,15,-2,41,4,31,-3,-22,24,13,-10,35,6,27,-7,-16,22,25,-8,43,7,28,-8,-13,15,15,-2,40,6,27
24.8400,-6,-8,23,18,-4,38,1,31,-8,-11,26,18,-7,36,11,26,-6,-20,25,15,-6,44,5,37,-9,-12,23,12,-5,46,-3,37,-9,-16,22,13,-4,38,5,37,-6,-22,25,13,-9,40,1,29,-9,-18,24,30,-4,45,2,29,-6,-16,22,13,-4,41,7,26
24.8600,-12,-10,18,14,0,40,1,30,-4,-14,19,13,-7,35,9,28,-6,-18,26,17,-4,43,6,35,-9,-9,26,15,-2,40,1,27,-4,-14,27,15,-8,40,2,33,-4,-24,25,17,-4,37,6,31,-12,-11,21,23,-6,42,4,29,-8,-12,24,13,-6,40,7,33
24.8800,-7,-8,23,14,1,40,0,30,-5,-13,24,17,-7,33,5,27,-9,-14,21,13,-6,41,2,38,-10,-11,20,18,-1,46,-2,25,-9,-13,23,14,-11,41,2,27,-3,-15,22,18,-5,43,4,29,-12,-11,20,26,-8,41,5,28,-9,-12,24,12,-4,40,7,31
24.9000,-7,-15,23,16,1,42,3,28,-6,-8,23,14,-4,37,3,29,-11,-14,28,12,-6,43,4,34,-5,-11,19,18,-2,43,-5,31,-7,-12,25,20,-5,40,4,30,-9,-16,28,15,-8,42,5,33,-9,-9,20,28,-3,46,9,28,-5,-9,19,12,0,42,3,30
24.9200,-6,-16,20,19,0,43,6,28,-5,-14,24,13,-3,39,6,30,-11,-14,20,16,-4,47,2,35,-7,-14,21,15,-1,45,-3,29,-2,-13,22,15,-8,38,3,31,-9,-19,24,10,-4,39,6,33,-11,-15,25,24,-4,46,6,29,-9,-11,23,11,-6,41,5,30
24.9400,-7,-14,19,15,1,41,4,27,-5,-11,24,15,-5,34,9,31,-2,-12,25,12,-9,45,8,34,-11,-10,21,18,-8,46,-1,31,-5,-19,22,13,-7,40,4,30,-8,-21,24,14,-6,42,4,34,-6,-14,20,27,-9,39,3,26,-6,-13,24,14,-8,43,8,30
24.9600,-7,-14,23,13,0,43,-3,27,-8,-14,22,15,-4,37,4,30,-5,-18,25,18,-5,42,4,34,-6,-8,18,13,-6,43,-3,30,-3,-12,25,14,-5,39,5,32,-10,-21,25,13,-6,38,7,35,-13,-11,24,26,-9,43,3,27,-8,-14,24,17,-8,37,3,30
24.9800,-6,-12,26,17,-2,42,2,31,-8,-16,16,14,-8,41,0,27,-10,-14,24,13,-11,41,1,36,-7,-11,28,16,-3,41,-2,29,-2,-15,23,15,-9,39,2,29,-7,-22,19,16,-2,47,6,31,-6,-9,23,29,-5,44,7,32,-11,-14,21,14,-8,40,1,30
25.0000,-7,-15,24,16,-2,43,2,31,-11,-15,21,12,-4,36,5,27,-6,-15,19,18,-7,44,7,37,-11,-14,23,16,-3,40,1,29,-5,-19,22,14,-2,42,7,28,-5,-20,27,17,-5,40,8,30,-10,-14,26,29,-6,42,8,28,-7,-15,22,18,-4,42,3,30
25.0200,-8,-10,22,17,0,43,5,30,-4,-8,18,13,-7,32,10,32,-9,-16,25,14,-11,42,5,39,-8,-17,23,20,-1,42,-2,33,-7,-14,19,11,-6,41,7,33,-6,-17,24,11,-6,44,3,28,-7,-11,23,24,-7,44,12,24,-7,-17,26,13,0,41,8,28
25.0400,-11,-13,20,17,3,41,-2,26,0,-16,20,14,-6,40,5,28,-10,-14,24,21,-8,47,5,37,-12,-13,25,14,-6,46,-2,32,-5,-14,22,17,-7,38,7,27,-7,-22,19,12,-8,42,2,36,-9,-18,20,26,-4,42,7,31,-8,-16,22,11,-7,41,6,29
25.0600,-11,-9,23,16,0,45,1,28,-5,-17,23,14,-2,35,7,27,-10,-16,23,17,-7,46,11,40,-8,-10,22,18,-3,42,-5,27,-3,-14,20,12,-5,42,7,33,-12,-20,22,13,-5,44,5,29,-6,-14,26,26,-9,41,5,32,-10,-16,20,9,-6,44,0,30
25.0800,-15,-15,26,16,0,42,1,26,-7,-13,24,15,-6,35,5,30,-12,-14,27,18,-7,40,4,37,-8,-11,21,12,-1,44,0,26,-2,-16,21,14,-4,41,2,30,-6,-19,23,14,-5,42,2,32,-8,-15,23,25,-7,46,4,31,-7,-15,18,17,-6,44,6,30
25.1000,-4,-13,20,14,-1,41,8,29,-10,-11,25,16,-6,36,6,30,-6,-15,22,19,-7,45,2,35,-10,-13,25,19,-7,43,-1,30,-5,-21,22,16,-5,41,4,30,-5,-22,24,18,-6,42,4,30,-8,-15,24,29,-9,45,9,24,-12,-16,17,14,-9,38,6,32
25.1200,-10,-10,18,17,-3,44,1,28,-1,-11,26,16,-5,39,5,29,-7,-20,26,14,-6,42,6,38,-6,-16,22,16,-2,46,-1,27,-5,-17,21,20,-6,44,6,29,-8,-21,23,18,-9,41,7,32,-4,-10,21,26,-7,47,7,29,-7,-14,22,13,-11,44,7,29
25.1400,-5,-16,24,11,-4,43,7,23,-8,-10,20,17,-7,35,10,33,-11,-15,23,13,-11,44,6,37,-3,-14,25,16,-3,45,-3,29,-2,-12,21,18,-6,41,7,28,-8,-15,23,16,-11,44,7,32,-12,-16,27,23,-4,42,4,31,-5,-13,25,10,-8,46,2,28
25.1600,-9,-12,26,13,-2,46,3,26,-8,-14,21,10,-6,37,9,26,-9,-18,25,15,-3,44,3,38,-9,-16,24,14,-1,44,-5,31,-3,-16,23,15,-7,42,5,30,-7,-19,27,20,-10,40,6,33,-6,-18,23,26,-8,44,11,31,-5,-16,25,17,-8,47,6,27
25.1800,-6,-15,17,13,-4,42,6,28,-6,-17,22,16,-6,39,7,31,-8,-15,23,17,-8,43,5,35,-12,-10,22,14,-6,40,0,30,-1,-15,20,17,-2,37,3,30,-8,-20,24,14,-9,39,5,30,-7,-14,23,24,-8,44,5,31,-4,-15,26,17,-2,43,6,29
25.2000,-6,-16,25,17,-2,45,1,28,-8,-13,23,15,-8,39,4,28,-5,-17,27,18,-9,47,7,37,-9,-14,21,10,-4,45,-2,28,-4,-18,23,15,-7,42,2,32,-4,-19,23,10,-7,40,8,33,-6,-14,20,22,-6,48,4,34,-6,-16,27,17,-8,46,7,25
25.2200,-9,-12,25,14,-4,44,5,28,-10,-15,21,13,-6,39,6,27,-6,-18,23,15,-11,42,5,35,-10,-14,21,11,-7,39,-1,29,-1,-12,21,18,-4,41,5,28,-6,-23,23,12,-8,44,9,30,-7,-16,24,24,-6,49,-1,27,-6,-14,28,12,-8,41,5,30
25.2400,-9,-12,20,14,-3,40,-1,29,-5,-14,22,15,-10,39,6,28,-11,-17,23,14,-8,44,6,33,-4,-12,21,11,-6,47,-1,33,-3,-9,23,18,-7,43,11,24,-8,-21,24,15,-6,45,4,31,-5,-17,23,28,-8,41,5,27,-10,-15,25,14,-9,40,7,29
25.2600,-13,-11,25,12,-3,45,2,32,-6,-14,24,17,-4,38,7,27,-12,-15,25,18,-10,44,5,33,-12,-19,24,12,1,44,-1,28,-2,-13,26,19,-8,38,11,30,-5,-18,23,19,-8,44,4,30,-9,-12,18,26,-5,43,5,27,-7,-14,26,15,-10,43,8,30
25.2800,-10,-15,21,10,-2,43,0,28,-5,-12,21,22,-8,39,9,32,-7,-15,25,18,-5,43,4,36,-11,-16,27,14,-1,43,-4,27,-1,-14,22,15,-4,43,5,29,-6,-23,23,11,-4,43,3,27,-11,-18,24,25,-6,44,6,32,-10,-13,25,19,-5,39,5,33
25.3000,-10,-14,23,15,-2,43,4,27,-7,-17,21,17,-6,36,6,31,-11,-18,23,12,-9,42,5,35,-11,-9,20,18,-2,42,-3,30,-2,-15,22,17,-2,45,3,25,-5,-22,21,15,-4,44,2,30,-13,-13,21,27,-4,38,4,33,-5,-12,24,12,-7,41,7,30
25.3200,-6,-14,22,17,-1,48,6,27,-7,-15,22,15,-12,37,9,27,-14,-13,24,14,-10,44,9,34,-13,-17,24,15,-4,46,-4,30,-3,-18,18,11,-7,44,6,30,-9,-18,17,16,-8,45,2,34,-8,-19,21,27,-8,47,5,33,-7,-11,24,12,-5,45,2,31
25.3400,-10,-16,28,13,0,47,3,28,-7,-10,23,14,-5,40,8,30,-9,-19,23,13,-5,47,6,34,-9,-10,26,18,-4,46,0,25,-3,-17,25,21,-4,44,6,34,-7,-21,21,16,-7,43,4,33,-9,-14,21,27,-6,45,8,27,-10,-13,21,12,-4,45,8,29
25.3600,-8,-13,24,11,0,43,-2,26,-11,-12,22,13,-3,38,8,29,-12,-15,25,15,-4,43,6,39,-10,-14,24,11,-3,37,0,33,-3,-10,18,17,-4,42,2,29,-1,-17,24,15,-6,40,9,30,-6,-18,20,20,-4,40,7,28,-12,-18,23,16,-12,44,6,27
25.3800,-10,-10,22,14,1,39,4,27,-6,-9,21,15,-4,34,10,28,-10,-17,22,15,-2,44,7,33,-5,-15,26,17,-2,45,-4,32,-7,-13,24,15,-6,39,7,34,-8,-21,20,14,-9,41,6,32,-6,-16,22,26,-9,44,7,24,-12,-21,26,13,-3,41,3,27
25.4000,-7,-12,26,15,7,39,0,28,-9,-13,19,15,-7,38,10,25,-10,-20,25,18,-8,46,7,34,-6,-16,22,17,-3,41,-2,29,-3,-14,26,16,-5,41,5,31,-7,-20,22,15,-9,39,8,34,-7,-8,19,27,-6,43,6,27,-8,-14,25,17,-6,44,6,29
25.4200,-13,-13,24,16,-3,45,6,27,-3,-13,25,14,-3,36,5,29,-7,-18,21,15,-3,46,4,38,-8,-16,18,16,-3,46,2,32,-2,-14,21,13,-7,40,7,28,-11,-20,23,16,-4,41,3,35,-5,-19,20,30,-6,42,8,30,-8,-19,23,11,-9,44,7,30
25.4400,-8,-14,18,18,0,45,1,28,-5,-14,23,18,-6,43,6,27,-6,-17,22,17,-3,42,5,37,-10,-16,23,14,-5,41,-5,31,-3,-17,17,13,-6,41,6,30,-2,-21,23,15,-9,42,10,31,-4,-19,21,27,-6,44,8,30,-8,-11,24,13,-7,41,3,31
25.4600,-11,-15,23,15,-2,40,5,25,-5,-13,25,16,-9,35,10,28,-9,-15,23,15,-5,44,5,34,-10,-10,25,12,-5,46,-3,32,-2,-11,22,17,-9,40,7,31,-5,-19,24,15,-3,42,7,33,-12,-13,22,24,-4,46,1,28,-11,-15,23,13,-2,46,5,31
25.4800,-8,-10,28,15,2,45,5,24,-6,-10,28,17,-2,38,6,26,-8,-17,21,20,-11,47,2,40,-4,-14,22,13,-4,46,1,28,-2,-12,23,14,-5,39,3,25,-4,-22,26,12,-6,40,8,35,-12,-10,21,29,-6,44,7,27,-8,-17,20,18,-5,39,10,29
25.5000,-11,-16,22,17,1,42,5,28,-9,-15,22,13,-3,40,6,28,-11,-17,24,14,-6,44,2,37,-10,-13,23,18,-3,46,-5,28,-1,-17,22,12,-5,40,4,28,-6,-20,26,18,-5,47,8,32,-11,-19,18,24,-6,43,8,26,-9,-10,23,18,-5,46,6,29
25.5200,-11,-14,19,15,1,44,5,27,-7,-14,18,15,-6,38,6,24,-13,-17,23,17,-7,49,6,42,-8,-15,22,14,-6,43,-4,30,-3,-14,24,17,-3,39,6,29,0,-16,25,19,-5,39,6,29,-6,-20,25,26,-8,47,4,29,-11,-11,23,18,-10,43,8,26
25.5400,-8,-15,28,16,-4,44,3,30,-7,-12,19,17,-3,42,8,25,-9,-18,22,15,-9,47,4,35,-9,-11,22,16,-6,45,-2,27,-2,-14,20,13,-7,38,6,29,-5,-20,22,14,-8,43,6,34,-8,-14,21,28,-8,45,3,32,-3,-16,22,16,-6,44,7,26
25.5600,-8,-11,19,19,-2,43,0,29,-6,-13,23,14,-5,35,7,33,-13,-18,24,16,-9,42,2,40,-12,-14,23,16,-4,45,-3,36,0,-12,22,12,-10,41,4,30,-6,-19,24,16,-7,43,2,31,-3,-16,24,24,-6,43,6,28,-9,-12,25,16,-8,43,7,28
25.5800,-5,-15,21,16,-4,43,3,25,-10,-13,24,16,-5,39,7,28,-9,-18,21,15,-9,42,3,38,-14,-10,26,13,-6,45,1,26,-4,-17,22,17,-3,40,7,29,-7,-16,24,19,-8,40,2,33,-9,-13,25,28,-6,36,3,26,-9,-16,24,18,-4,46,3,31
25.6000,-9,-14,23,12,-1,38,7,28,-7,-14,25,15,-5,38,7,30,-12,-15,25,14,-9,44,2,37,-7,-13,22,15,-6,46,-1,29,-1,-17,23,12,-6,40,9,27,-8,-23,21,14,-5,44,6,31,-9,-19,21,20,-9,40,7,29,-12,-15,24,14,-8,45,6,27
25.6200,-6,-15,19,14,3,45,5,32,-3,-16,22,14,-7,36,8,23,-11,-18,19,15,-9,44,5,35,-11,-11,23,12,-2,43,-4,32,1,-11,21,18,-10,43,8,30,-7,-21,22,18,-6,45,8,27,-6,-14,21,23,-9,41,9,26,-7,-17,24,19,-5,45,9,33
25.6400,-11,-13,28,18,1,42,2,25,0,-11,19,12,-6,34,9,28,-13,-13,21,16,-12,44,4,38,-5,-17,22,13,-2,46,-4,29,2,-16,21,15,-4,40,2,31,-6,-20,24,16,-4,44,11,30,-12,-16,22,28,-6,45,5,28,-7,-11,24,14,-12,45,7,30
25.6600,-12,-16,24,13,-1,45,5,28,-5,-16,28,18,-7,38,3,28,-13,-17,21,15,-8,44,5,34,-7,-11,18,14,-5,42,-3,32,-3,-17,24,16,-9,43,8,28,-8,-21,27,14,-10,45,8,30,-10,-15,22,27,-9,44,6,28,-11,-12,22,13,-10,42,7,30
25.6800,-11,-16,22,17,-1,44,0,24,-8,-17,22,18,-4,39,13,31,-11,-17,19,22,-8,43,3,39,-1,-10,21,15,0,45,0,34,-2,-15,27,21,-4,40,5,27,-6,-22,22,10,-7,45,6,28,-8,-14,20,29,-6,45,4,30,-7,-14,21,15,-8,45,5,29
25.7000,-10,-13,18,16,-4,39,-1,27,-9,-11,20,18,-3,37,8,26,-10,-19,26,20,-6,45,8,39,-8,-13,26,16,-1,53,-3,30,-3,-14,24,17,-7,42,2,31,-8,-20,22,13,-11,37,6,28,-9,-14,24,25,-5,45,10,25,-5,-16,25,16,-7,39,1,27
25.7200,-10,-13,24,15,1,39,1,29,-11,-18,22,13,-8,36,6,30,-7,-17,24,17,-7,45,6,38,-9,-18,17,17,-10,46,-5,34,-2,-13,22,16,-10,44,6,30,-6,-24,21,17,-9,43,6,29,-10,-9,20,27,-7,42,3,30,-5,-14,24,15,-7,42,9,26
25.7400,-6,-16,24,19,-2,45,5,27,-8,-13,21,8,-6,34,9,28,-10,-17,24,13,-9,42,7,36,-7,-15,27,16,-6,52,0,29,-5,-14,23,16,-6,42,4,28,-6,-21,21,18,-7,42,10,37,-10,-17,19,25,-5,44,4,27,-7,-14,24,12,-6,46,3,28
25.7600,-11,-16,25,18,-1,41,0,25,-4,-15,21,12,-3,36,7,31,-9,-18,25,13,-8,45,0,34,-11,-11,20,17,-1,45,-5,34,-4,-17,24,16,-5,39,7,31,-4,-22,19,14,-6,46,5,28,-7,-17,25,22,-1,41,5,27,-9,-12,23,15,-7,42,5,28
25.7800,-13,-16,24,12,-3,43,0,30,-9,-12,23,16,-1,37,9,27,-10,-18,22,12,-12,43,4,38,-7,-12,25,15,3,42,-3,30,-2,-18,18,19,-4,45,3,26,-4,-22,19,9,-7,43,6,30,-11,-17,19,23,-7,43,9,28,-10,-12,23,14,-4,43,7,28
25.8000,-8,-14,26,14,-2,45,4,27,-6,-15,25,17,-7,38,7,27,-8,-18,21,15,-4,44,2,39,-9,-9,27,15,-2,46,-3,30,-5,-18,25,13,-9,41,8,28,-9,-18,20,16,-9,44,6,32,-8,-15,18,25,-5,41,9,30,-9,-10,22,16,-10,46,7,26
25.8200,-8,-15,25,15,-2,42,7,27,-8,-16,23,13,-4,35,5,27,-11,-14,24,17,-9,45,0,37,-6,-16,23,16,-6,46,2,32,-2,-12,20,15,-7,43,1,29,-7,-22,24,12,-7,40,6,30,-13,-11,21,25,-5,46,8,32,-8,-14,21,14,-4,40,6,30
25.8400,-12,-17,19,14,-3,42,3,31,-8,-14,25,14,-5,41,7,29,-8,-16,23,16,-7,47,3,38,-10,-11,21,17,-2,44,0,29,-5,-18,21,17,-5,39,4,30,-8,-21,25,12,-9,49,8,31,-9,-17,20,25,-5,45,3,33,-11,-14,22,15,-8,39,6,28
25.8600,-16,-15,24,16,0,43,8,30,-4,-14,28,12,-3,32,9,26,-10,-14,20,16,-10,46,8,35,-7,-13,21,14,-4,43,-2,33,-5,-11,22,16,-7,46,3,28,-7,-19,22,14,-7,40,3,34,-8,-17,20,28,-10,45,2,29,-15,-13,19,13,-8,45,4,30
25.8800,-8,-14,22,14,-1,42,6,28,-7,-19,21,15,-5,38,7,34,-10,-17,23,20,-9,44,4,39,-9,-15,25,19,-6,44,-3,32,-5,-15,24,18,-4,41,3,29,-8,-22,25,17,-6,43,7,31,-10,-14,20,23,-10,44,7,26,-8,-15,22,17,-8,47,8,25
25.9000,-13,-14,21,17,-5,47,3,24,-9,-16,26,13,-9,37,10,28,-12,-20,20,14,-7,44,3,40,-9,-13,21,13,-5,48,-1,32,-3,-18,21,16,-10,46,3,21,-7,-16,23,15,-9,45,8,33,-7,-19,23,21,-8,48,4,26,-9,-15,22,17,-8,40,6,31
25.9200,-12,-11,21,12,-2,41,5,28,-9,-14,22,16,-5,33,10,34,-8,-18,25,15,-14,46,1,36,-8,-14,25,15,-3,45,-2,31,-5,-20,23,18,-4,40,2,27,-11,-17,24,14,-10,43,7,32,-12,-13,18,23,-7,45,7,26,-10,-14,21,18,-6,47,6,28
25.9400,-9,-17,22,17,-3,46,6,26,-7,-14,23,16,-4,37,12,30,-7,-15,17,10,-8,41,5,36,-6,-12,24,17,-5,47,-1,30,-6,-19,19,15,-6,42,0,33,-9,-25,24,15,-9,46,7,31,-10,-15,24,23,-10,44,5,29,-10,-13,22,15,-10,46,14,29
25.9600,-11,-15,25,13,0,43,5,24,-9,-14,24,11,-1,35,6,28,-9,-14,26,13,-11,47,8,39,-6,-12,21,17,-7,45,-7,28,2,-14,23,16,-8,43,5,26,-6,-20,23,15,-5,48,4,30,-8,-16,17,22,-4,45,6,30,-6,-14,18,18,-9,42,6,32
25.9800,-7,-16,20,14,1,41,4,31,-9,-17,19,12,-2,35,11,25,-10,-20,21,18,-8,41,0,36,-2,-15,23,18,-2,47,-5,32,-5,-19,24,12,-6,44,0,33,-8,-19,22,16,-7,42,10,28,-13,-12,21,23,-3,49,10,31,-8,-10,21,16,-6,43,5,28
26.0000,-10,-13,21,14,-1,46,6,29,-9,-12,21,14,-2,37,11,31,-11,-19,19,12,-8,43,7,36,-11,-15,23,14,-7,40,-2,30,-3,-15,21,14,-8,43,6,28,-11,-21,23,11,-1,42,10,31,-10,-16,23,25,-8,44,4,31,-9,-13,22,16,-5,40,7,25
26.0200,-7,-14,22,15,-1,44,4,26,-11,-14,23,13,-5,37,9,27,-11,-17,20,14,-5,42,7,37,-12,-13,23,17,-4,46,-2,32,-3,-17,26,18,-3,40,4,27,-7,-19,23,10,-8,42,7,30,-11,-13,21,26,-10,45,5,27,-11,-16,21,18,-9,43,4,26
26.0400,-10,-15,24,16,-4,45,4,27,-8,-16,25,14,-6,37,9,25,-11,-16,25,16,-7,43,5,37,-11,-12,19,13,-4,44,-3,33,-6,-17,23,18,-9,42,3,29,-7,-16,27,17,-4,46,5,34,-10,-9,18,23,-10,45,5,30,-12,-15,22,16,-6,42,10,30
26.0600,-11,-13,18,13,1,38,4,24,-9,-16,20,13,0,32,5,31,-10,-18,22,15,-7,40,2,35,-10,-14,23,10,-2,45,-5,29,-6,-16,24,15,-6,41,8,27,-4,-18,24,16,-9,44,6,31,-10,-14,21,22,-8,43,4,26,-11,-12,20,14,-8,45,8,24
26.0800,-12,-10,22,11,-3,40,5,23,-10,-15,23,15,-1,32,9,28,-9,-18,22,14,-9,47,2,37,-12,-14,22,14,-1,45,-2,28,-5,-18,23,13,-10,46,2,31,-6,-19,20,15,-8,43,4,29,-9,-10,22,20,-11,44,8,30,-12,-14,25,15,-10,41,9,25
26.1000,-14,-15,25,13,0,40,6,30,-10,-12,21,16,-2,35,8,28,-10,-21,21,11,-8,42,1,33,-7,-14,24,15,-2,44,-3,28,-8,-18,20,15,-8,42,5,26,-9,-21,27,15,-10,40,7,30,-9,-16,23,20,-7,47,6,32,-14,-13,26,13,-4,42,5,28
26.1200,-9,-14,26,16,-2,43,5,25,-12,-15,22,9,-2,34,10,28,-11,-18,23,16,-9,46,4,37,-13,-14,24,14,-4,49,-4,27,-6,-15,23,16,-7,40,3,24,-10,-19,21,13,-10,45,7,33,-6,-11,22,27,-12,47,4,28,-10,-18,21,13,-7,43,11,27
26.1400,-7,-17,23,16,-1,43,0,25,-5,-11,18,13,-8,34,4,30,-9,-18,19,15,-8,42,3,37,-11,-13,22,14,-3,44,-7,31,-10,-14,22,15,-8,41,5,30,-7,-23,22,13,-5,43,6,31,-10,-11,21,21,-8,40,3,25,-9,-17,24,12,-10,46,11,33
26.1600,-10,-15,19,12,-2,45,6,29,-10,-16,23,16,-9,33,10,27,-14,-19,25,20,-9,43,5,38,-12,-13,26,19,-6,48,-6,31,-7,-16,19,14,-10,41,6,30,-7,-23,20,15,-8,48,7,30,-8,-14,21,22,-7,46,3,29,-9,-12,26,13,-7,45,8,24
26.1800,-6,-17,16,13,-3,43,5,27,-5,-17,22,13,0,40,9,26,-14,-14,20,12,-8,43,3,37,-8,-12,23,14,-3,44,-1,30,-4,-16,17,19,-12,45,9,29,-6,-24,22,11,-8,44,4,34,-9,-15,24,18,-6,46,5,26,-6,-17,18,15,-5,44,7,28
26.2000,-7,-15,22,13,-2,43,4,26,-11,-13,21,15,-5,37,11,30,-11,-18,21,13,-9,43,6,38,-9,-16,25,12,-9,47,4,31,-5,-17,18,14,-11,41,4,26,-9,-22,21,17,-8,44,8,29,-10,-16,25,28,-7,47,5,26,-9,-15,22,13,-5,41,4,29
26.2200,-12,-15,20,17,1,42,5,24,-9,-15,19,21,-2,39,7,27,-10,-21,26,15,-10,46,5,39,-13,-11,21,13,-2,49,-2,33,-3,-16,21,17,-10,41,5,29,-8,-23,22,13,-8,44,8,29,-10,-18,20,22,-7,43,9,30,-6,-16,17,13,-6,45,5,27
26.2400,-4,-15,20,14,1,44,5,23,-8,-16,21,16,-5,36,8,28,-12,-20,24,17,-7,45,2,36,-5,-10,22,13,-8,46,-9,27,-4,-15,19,11,-8,40,8,32,-12,-22,22,12,-11,46,6,32,-7,-16,20,20,-10,45,4,26,-6,-17,21,14,-7,42,4,24
26.2600,-7,-14,24,16,-3,44,6,25,-8,-11,23,13,-1,37,10,26,-4,-19,21,13,-10,48,3,36,-8,-14,22,15,-12,47,-2,27,-2,-18,17,13,-3,44,8,27,-4,-18,21,13,-6,45,7,31,-10,-13,23,23,-5,44,11,25,-10,-13,20,17,-8,42,9,26
26.2800,-8,-9,25,15,1,42,4,29,-10,-15,21,15,-4,32,9,27,-11,-19,19,12,-10,43,5,33,-9,-10,25,14,-7,45,-2,31,-3,-14,19,19,-3,41,6,31,-9,-24,26,17,-6,43,4,33,-11,-12,24,25,-8,42,10,28,-6,-19,23,17,-8,42,8,27
26.3000,-8,-11,24,14,4,38,9,30,-8,-14,20,15,-6,35,10,26,-9,-16,19,18,-8,46,5,40,-6,-14,18,14,-5,46,-5,29,-4,-12,22,13,-6,44,1,31,-6,-25,20,16,-5,45,9,31,-8,-20,23,21,-11,48,7,30,-11,-14,24,14,-8,40,3,27
26.3200,-8,-14,21,15,-1,42,8,23,-4,-17,21,18,-4,36,6,31,-10,-16,23,14,-8,46,3,38,-11,-18,18,17,-8,45,-4,33,-4,-17,22,16,-11,46,5,26,-11,-22,22,18,-6,46,7,32,-9,-9,18,25,-6,43,5,29,-10,-10,25,13,-8,45,6,26
26.3400,-10,-19,22,14,-4,44,1,22,-6,-16,26,16,-3,33,8,25,-12,-19,22,14,-9,45,2,35,-8,-14,20,15,-6,46,-2,33,-1,-13,20,11,-4,46,2,29,-9,-23,20,12,-8,47,2,27,-12,-16,24,20,-10,42,3,29,-9,-13,21,17,-6,46,5,26
26.3600,-6,-9,20,16,-1,43,5,26,-7,-12,20,17,-7,37,8,28,-15,-22,22,13,-7,42,5,40,-2,-11,19,14,-5,47,-4,32,-4,-12,21,14,-5,44,6,28,-7,-23,20,18,-5,43,0,33,-9,-20,24,21,-9,45,9,29,-6,-17,22,15,-13,45,8,25
26.3800,-12,-16,22,13,4,41,8,25,-10,-12,17,14,-5,34,8,25,-4,-17,19,14,-13,44,4,36,-8,-19,20,14,-7,45,-5,31,-3,-17,21,12,-5,45,2,28,-6,-22,19,16,-8,44,5,33,-8,-16,22,20,-8,48,5,31,-8,-15,23,11,-10,41,4,31
26.4000,-9,-14,20,17,-4,43,3,25,-6,-15,24,17,-4,39,6,28,-10,-20,22,20,-10,46,4,33,-3,-13,29,13,-4,50,-5,27,-3,-17,22,12,-10,42,5,29,-10,-22,21,16,-11,46,1,32,-9,-18,23,21,-6,40,4,26,-10,-11,18,11,-7,46,9,26
26.4200,-10,-17,21,19,2,41,6,24,-9,-17,20,16,-1,34,10,30,-15,-17,24,16,-9,45,5,33,-6,-15,18,16,-9,43,3,34,-6,-17,22,16,-11,42,3,28,-11,-24,23,13,-8,44,7,29,-18,-16,19,22,-9,41,4,27,-5,-12,29,14,-7,42,6,28
26.4400,-10,-12,20,14,-1,44,3,28,-8,-15,25,14,-1,37,10,27,-12,-22,22,17,-13,42,5,33,-10,-16,23,15,-9,44,-2,36,-2,-19,25,15,-6,44,-2,28,-11,-20,20,13,-10,45,10,32,-7,-15,22,21,-7,46,9,28,-5,-17,18,15,-9,46,4,29
26.4600,-10,-12,27,16,2,43,7,25,-9,-13,23,19,-3,35,6,27,-7,-18,22,13,-7,42,0,38,-6,-16,22,17,-5,47,-3,33,0,-15,20,12,-9,40,4,23,-10,-20,21,14,-7,49,7,34,-9,-19,22,23,-5,48,6,28,-14,-15,15,13,-9,45,6,29
26.4800,-9,-14,17,13,1,39,8,27,-10,-20,20,13,-2,36,6,25,-11,-19,21,12,-11,42,2,37,-8,-16,21,12,-8,47,-3,30,-8,-17,25,12,-9,43,-2,29,-10,-23,23,14,-9,49,6,32,-8,-14,21,23,-4,46,7,29,-9,-16,21,14,-6,46,5,28
26.5000,-7,-15,21,12,-1,46,2,29,-4,-10,23,19,-2,39,8,23,-13,-16,22,14,-13,45,7,35,-10,-10,18,13,-5,50,-5,30,-6,-18,28,17,-6,41,3,25,-10,-19,22,13,-8,46,2,31,-9,-16,22,19,-8,42,6,26,-7,-15,18,14,-9,44,6,29
26.5200,-7,-8,20,12,-2,38,7,27,-9,-12,21,12,-3,36,12,25,-12,-17,21,13,-4,43,6,37,-10,-12,20,8,-8,46,-2,32,-6,-18,21,14,-10,39,-1,25,-8,-20,23,12,-9,45,7,31,-9,-16,19,20,-4,45,2,28,-10,-17,22,14,-5,44,2,29
26.5400,-9,-16,23,15,-3,44,4,26,-2,-12,21,17,-3,40,5,25,-12,-16,20,17,-10,45,4,33,-6,-15,23,16,-2,43,-6,27,-10,-17,22,15,-8,41,3,26,-10,-22,24,14,-10,47,7,31,-8,-15,20,23,-5,44,11,31,-10,-14,25,11,-8,44,6,28
26.5600,-9,-13,20,11,-1,37,8,27,-10,-14,23,16,-9,32,7,27,-12,-20,18,15,-12,45,3,37,-8,-18,25,14,-7,40,-5,31,-3,-19,23,18,-11,45,4,23,-9,-21,23,10,-4,48,9,33,-4,-15,20,24,-7,43,5,27,-9,-15,21,15,-12,46,8,25
26.5800,-12,-17,18,14,-1,42,3,24,-7,-18,20,18,-3,39,10,29,-15,-20,21,14,-12,48,6,36,-8,-13,23,17,-6,45,-2,29,-1,-14,20,18,-11,47,1,28,-8,-19,20,18,-9,45,8,29,-11,-20,17,18,-3,41,5,29,-9,-17,20,18,-8,48,5,28
26.6000,-5,-11,22,11,-2,41,5,28,-8,-15,20,15,-5,36,6,26,-12,-16,22,15,-7,47,8,38,-7,-12,19,17,-5,46,-2,28,-4,-16,19,17,-8,42,8,28,-8,-22,20,10,-9,46,5,28,-9,-17,20,23,-11,46,3,27,-8,-13,27,12,-7,46,5,26
26.6200,-9,-15,18,18,-1,46,5,24,-8,-14,19,14,-5,38,7,24,-11,-21,20,16,-10,46,3,36,-5,-19,19,17,-9,42,-3,27,-7,-17,19,17,-7,44,7,25,-8,-20,22,15,-9,43,2,33,-6,-13,20,23,-7,42,5,26,-12,-16,23,12,-8,46,5,29
26.6400,-9,-15,22,14,1,45,8,26,-9,-13,21,11,-2,37,9,28,-15,-18,18,11,-6,47,3,36,-5,-15,22,16,-11,44,-3,32,-7,-14,19,16,-8,44,7,27,-10,-22,21,18,-8,44,6,27,-10,-16,21,20,-12,46,6,29,-9,-15,22,14,-9,38,5,28
26.6600,-11,-14,21,17,-4,42,6,28,-11,-14,24,18,-12,35,7,27,-11,-17,23,13,-9,42,-1,37,-4,-15,22,12,-7,44,-3,29,-5,-16,22,13,-6,42,4,28,-5,-19,22,18,-10,49,2,30,-11,-13,24,20,-8,40,3,28,-11,-13,21,12,-11,43,4,28
26.6800,-11,-14,21,16,0,43,4,28,-15,-16,20,10,-6,36,10,28,-12,-19,20,12,-13,44,4,33,-6,-12,27,15,-7,46,-3,31,-10,-16,21,11,-6,46,5,27,-12,-18,21,15,-11,42,4,32,-9,-16,18,18,-7,45,7,24,-7,-13,18,16,-3,45,9,32
26.7000,-10,-15,20,12,0,47,2,29,-10,-13,23,12,-5,37,12,29,-9,-19,17,14,-7,43,6,37,-5,-14,23,11,-7,45,2,34,-7,-17,18,13,-6,44,1,28,-8,-19,17,13,-9,40,8,29,-9,-18,21,19,-9,45,7,31,-10,-15,21,12,-8,44,8,30
26.7200,-6,-14,23,16,-5,43,5,28,-11,-13,20,17,-2,33,11,24,-10,-16,20,13,-9,43,5,34,-7,-17,25,17,-7,42,-2,32,-8,-16,22,17,-10,45,7,26,-3,-19,21,12,-12,46,6,30,-8,-15,22,25,-3,45,5,31,-8,-16,17,15,-5,44,8,28
26.7400,-10,-18,19,17,0,40,6,23,-7,-18,24,17,-6,36,7,25,-9,-13,20,13,-9,44,2,32,-5,-20,19,17,-4,48,1,30,-5,-15,17,11,-8,41,4,28,-7,-21,24,7,-11,50,10,26,-9,-18,22,22,-13,44,6,26,-9,-17,23,13,-5,41,6,32
26.7600,-9,-13,20,11,-3,41,8,24,-10,-12,22,17,-5,38,10,29,-14,-16,21,13,-5,45,1,36,-12,-13,24,18,-8,44,0,26,-6,-18,16,9,-6,39,7,28,-12,-21,17,13,-10,45,6,30,-12,-12,24,21,-5,46,6,23,-10,-12,22,12,-4,42,2,24
26.7800,-9,-17,23,16,-2,42,6,26,-12,-14,21,17,-6,37,6,29,-12,-16,24,10,-11,47,5,38,-9,-17,24,12,-10,43,-2,26,-5,-21,16,14,-6,39,3,29,-5,-19,20,13,-8,48,6,31,-11,-17,25,20,-8,42,7,26,-6,-13,19,15,-8,42,10,25
26.8000,-12,-13,19,16,-2,41,5,25,-9,-16,23,16,-3,39,8,26,-14,-18,23,13,-9,47,10,39,-7,-11,25,14,-9,49,-5,29,-11,-15,18,12,-8,43,3,28,-10,-24,21,14,-7,44,4,23,-8,-10,23,17,-9,44,9,27,-8,-14,20,13,-9,44,7,26
26.8200,-6,-21,18,17,-5,43,4,28,-10,-13,22,16,-8,37,8,29,-8,-19,22,12,-7,46,5,31,-8,-20,22,15,-8,47,-9,28,-8,-14,22,13,-6,39,5,26,-11,-20,20,16,-8,45,8,29,-7,-14,18,23,-11,43,7,29,-8,-15,21,14,-6,47,7,29
26.8400,-7,-18,21,14,-3,45,8,30,-7,-12,18,13,-3,36,7,25,-14,-21,19,14,-8,40,8,33,-10,-16,15,18,-7,49,-3,30,-7,-14,24,13,-11,43,3,28,-7,-18,22,16,-9,45,3,28,-11,-15,19,16,-10,45,8,24,-11,-14,21,14,-7,45,9,29
26.8600,-12,-15,23,9,-4,42,2,26,-11,-16,24,12,-4,36,7,24,-13,-18,22,10,-10,42,-1,38,-6,-15,23,12,-6,46,-2,28,-6,-15,20,17,-6,48,5,27,-10,-23,21,16,-7,46,5,24,-7,-14,22,19,-11,48,5,28,-8,-19,23,13,-13,47,5,27
26.8800,-11,-16,16,14,-4,45,11,24,-10,-10,19,14,-7,36,8,24,-11,-20,22,12,-9,48,6,38,-7,-16,20,8,-9,45,-3,29,-8,-19,21,14,-6,44,6,25,-11,-20,26,17,-10,42,9,26,-8,-18,15,23,-11,49,5,28,-10,-20,22,17,-7,43,4,28
26.9000,-5,-19,19,15,0,46,10,26,-11,-14,20,17,0,36,7,29,-13,-19,22,12,-12,46,2,36,-5,-9,21,12,-10,39,-4,31,-5,-14,17,12,-10,45,3,23,-8,-21,20,14,-12,46,13,29,-12,-16,24,21,-8,46,3,31,-9,-18,19,14,-8,43,5,27
26.9200,-8,-18,17,12,0,38,6,23,-8,-19,22,14,-5,36,3,25,-13,-17,17,8,-9,44,4,34,-8,-16,24,15,-12,45,-2,29,-4,-21,25,16,-10,42,8,26,-8,-23,21,12,-8,41,5,26,-11,-18,20,17,-8,45,6,25,-9,-13,22,11,-6,42,7,28
26.9400,-10,-20,19,13,-1,43,7,26,-7,-12,19,14,-6,33,9,25,-8,-20,21,13,-10,43,4,34,-9,-15,20,12,-3,42,-7,31,-6,-13,25,15,-7,43,3,30,-4,-22,21,13,-8,49,6,23,-13,-17,23,22,-5,44,5,31,-11,-16,23,12,-7,45,10,28
26.9600,-9,-19,18,15,-4,44,4,20,-5,-14,22,14,-5,36,5,27,-10,-18,22,17,-7,42,5,36,-3,-23,23,18,-8,49,-2,30,-3,-22,25,17,-10,45,4,23,-5,-22,18,11,-9,45,10,29,-5,-15,24,19,-9,45,7,26,-10,-13,21,12,-10,46,7,24
26.9800,-10,-18,22,15,0,42,10,22,-10,-11,18,12,-4,34,10,28,-14,-19,16,16,-8,41,4,34,-7,-18,19,12,-3,46,1,23,-7,-17,21,14,-9,40,0,24,-11,-20,19,18,-12,50,7,28,-12,-11,21,18,-9,46,7,28,-15,-15,20,13,-4,43,6,28
27.0000,-12,-15,18,11,-3,43,4,22,-8,-11,19,11,-5,40,4,27,-11,-19,17,12,-7,46,5,35,-10,-15,22,16,-12,46,-1,24,-5,-11,23,11,-10,44,3,26,-10,-21,20,13,-7,46,6,24,-8,-15,21,23,-7,42,6,26,-13,-18,20,14,-13,43,4,21
27.0200,-14,-13,19,14,-4,44,8,28,-8,-14,23,16,-7,39,5,25,-14,-15,17,13,-6,41,5,39,-8,-17,22,16,-5,44,1,27,-7,-17,22,14,-11,41,5,25,-9,-19,16,15,-11,42,9,25,-9,-18,16,18,-8,42,8,28,-8,-16,20,12,-8,44,6,25
27.0400,-14,-16,22,13,1,38,6,32,-8,-13,19,13,-5,39,7,24,-10,-13,20,15,-4,43,9,34,-8,-19,19,16,-9,44,-2,30,-9,-16,20,16,-10,48,5,27,-8,-20,19,15,-5,46,14,27,-12,-15,16,19,-8,46,8,31,-10,-18,19,13,-7,44,4,30
27.0600,-15,-18,23,14,-1,37,3,28,-12,-16,25,14,-5,39,7,26,-7,-20,24,14,-7,43,2,38,-8,-16,22,15,-6,46,-5,26,-8,-18,19,14,-5,46,2,27,-8,-26,23,13,-10,43,9,34,-9,-17,23,16,-8,44,4,25,-13,-16,19,15,-8,47,8,29
27.0800,-14,-10,20,11,-6,42,5,26,-10,-16,20,12,-4,37,8,27,-13,-15,20,13,-13,47,4,38,-8,-16,22,13,-8,44,1,32,-6,-14,17,13,-4,46,3,28,-3,-21,21,17,-10,47,5,27,-9,-16,21,19,-10,41,13,28,-11,-21,18,16,-8,41,12,26
27.1000,-11,-14,26,15,1,43,7,27,-10,-16,18,17,-4,39,5,28,-10,-19,24,17,-10,39,1,34,-8,-15,17,11,-9,45,1,30,-8,-17,21,15,-8,43,5,27,-5,-20,19,16,-6,46,1,29,-5,-17,17,21,-9,45,10,24,-8,-17,25,12,-11,45,6,26
27.1200,-13,-16,18,11,0,41,12,24,-14,-15,19,15,-2,35,6,21,-12,-14,18,12,-12,47,3,35,-12,-14,21,18,-5,44,2,28,-3,-18,21,19,-4,40,6,28,-9,-23,16,11,-10,45,8,26,-9,-16,16,20,-7,43,6,30,-7,-15,18,15,-10,47,8,28
27.1400,-10,-16,19,16,0,41,11,26,-13,-16,26,13,-1,35,11,27,-10,-19,18,10,-8,44,5,39,-10,-16,22,10,-9,46,-1,25,-4,-15,19,12,-3,43,3,25,-6,-20,14,14,-11,45,6,27,-11,-19,19,20,-7,42,5,24,-14,-18,22,15,-6,46,7,24
27.1600,-13,-15,20,10,-4,44,3,24,-11,-15,20,13,-6,36,5,26,-14,-20,21,11,-11,45,9,38,-9,-15,17,15,-5,43,0,34,-8,-19,21,11,-7,44,7,29,-9,-22,21,15,-13,50,7,28,-10,-17,25,17,-8,50,8,27,-8,-18,23,15,-7,42,9,28
27.1800,-12,-16,21,10,-7,46,10,22,-9,-14,18,15,-2,36,11,25,-11,-19,21,15,-9,40,4,39,-5,-12,20,14,-12,42,0,31,-4,-15,17,12,-7,45,8,26,-11,-21,20,11,-10,44,4,26,-6,-15,16,22,-9,41,9,26,-9,-19,19,17,-7,41,8,26
27.2000,-11,-18,19,13,-3,42,10,25,-10,-15,17,11,-4,35,7,23,-12,-22,18,15,-8,43,4,36,-10,-13,22,15,-7,44,1,31,-8,-12,22,12,-8,49,10,25,-9,-18,16,11,-6,48,2,31,-10,-17,14,18,-10,44,5,24,-8,-13,15,15,-6,45,6,27
27.2200,-11,-20,22,13,-6,39,4,25,-10,-18,20,12,-4,36,6,27,-11,-18,19,10,-5,42,5,35,-9,-15,18,17,-7,43,-2,28,-3,-18,20,14,-7,45,5,28,-11,-24,18,16,-12,48,7,29,-12,-18,20,20,-8,41,7,24,-10,-18,17,11,-9,42,12,24
27.2400,-5,-13,19,11,-1,40,7,29,-15,-12,20,15,1,35,3,26,-17,-18,18,15,-8,43,7,36,-8,-14,18,13,-9,40,-1,27,-7,-19,19,19,-12,45,8,27,-9,-21,21,15,-9,46,6,25,-10,-16,17,24,-7,46,5,29,-8,-14,22,14,-8,46,6,26
27.2600,-10,-14,20,13,-3,42,7,27,-11,-14,13,15,-5,37,6,25,-15,-20,21,13,-9,40,12,36,-6,-16,23,14,-5,43,-2,25,-9,-17,20,13,-10,45,6,28,-11,-24,14,13,-12,50,5,30,-9,-19,14,21,-8,48,5,26,-7,-17,18,14,-6,43,7,29
27.2800,-7,-20,19,14,-7,41,3,27,-11,-12,22,12,-3,36,5,25,-11,-20,19,12,-11,43,7,35,-8,-15,16,13,-7,45,-2,27,-10,-16,23,15,-10,41,6,26,-10,-21,21,10,-6,46,7,29,-6,-19,18,18,-9,45,9,25,-8,-14,22,20,-5,40,2,29
27.3000,-7,-16,19,12,-1,44,9,24,-9,-14,19,13,-4,37,7,25,-10,-21,20,12,-6,44,4,37,-7,-18,19,13,-9,44,-4,29,-4,-12,20,15,-6,46,5,25,-13,-19,20,11,-8,42,5,30,-9,-15,15,18,-10,42,6,29,-8,-16,23,15,-10,44,1,23
27.3200,-10,-14,18,12,-2,43,6,27,-9,-18,20,17,-5,37,3,27,-13,-16,20,16,-8,46,5,34,-8,-14,19,16,-6,40,0,27,-7,-13,21,11,-5,43,3,26,-8,-20,22,16,-12,46,5,30,-14,-20,15,18,-9,46,5,31,-12,-15,21,9,-11,45,7,31
27.3400,-11,-14,21,13,-5,46,12,29,-11,-17,21,15,-7,33,7,24,-10,-17,19,11,-6,44,9,39,-5,-16,17,14,-10,40,-7,30,-11,-20,18,16,-8,44,2,28,-8,-23,20,12,-9,46,5,27,-11,-17,14,18,-12,48,8,28,-9,-13,14,14,-7,45,11,24
27.3600,-11,-16,18,15,-2,42,7,30,-12,-10,20,12,-4,32,7,28,-10,-22,17,14,-8,45,3,32,-9,-15,15,13,-9,42,-3,26,-5,-16,18,13,-7,42,4,27,-8,-23,25,14,-12,47,2,26,-7,-18,9,19,-11,47,8,26,-10,-20,18,15,-8,46,8,24
27.3800,-10,-23,21,15,2,44,8,27,-7,-18,22,13,-8,35,5,20,-7,-19,20,12,-8,43,10,36,-8,-14,22,9,-7,41,0,23,-7,-15,21,10,-9,43,3,23,-7,-21,21,13,-6,47,9,29,-10,-16,16,14,-7,45,6,26,-9,-16,17,14,-5,40,7,24
27.4000,-9,-19,20,13,-1,44,2,22,-10,-12,20,14,-7,40,7,26,-10,-18,18,12,-9,42,8,37,-8,-21,23,11,-6,42,-1,27,-7,-15,14,14,-11,43,1,25,-5,-19,15,19,-13,45,7,29,-13,-13,17,16,-4,44,11,25,-8,-13,20,13,-6,46,7,25
27.4200,-10,-15,18,16,-6,46,5,21,-8,-15,19,14,-9,36,3,27,-13,-19,18,14,-11,42,4,37,-10,-15,16,10,-3,43,-5,24,-3,-15,25,15,-10,42,4,23,-7,-18,17,16,-9,46,4,31,-10,-13,18,18,-7,44,4,28,-5,-15,16,12,-8,41,11,27
27.4400,-12,-18,20,14,-4,45,6,26,-14,-14,21,10,-3,33,4,26,-11,-16,15,9,-11,44,7,34,-13,-15,22,14,-8,42,-3,22,-10,-17,17,11,-11,46,7,24,-10,-21,19,17,-7,47,5,27,-7,-22,11,16,-7,43,5,28,-5,-12,17,12,-5,41,6,28
27.4600,-8,-17,17,13,-2,42,8,29,-10,-13,16,13,-4,37,9,26,-11,-19,17,11,-11,43,6,37,-12,-15,16,14,-11,43,-2,28,-6,-20,17,16,-9,42,3,21,-13,-23,23,15,-14,43,4,28,-8,-19,18,19,-8,45,7,26,-6,-21,19,14,-6,38,5,24
27.4800,-11,-11,21,14,-3,42,7,24,-13,-15,18,14,-6,34,8,27,-10,-20,18,14,-15,40,5,36,-7,-16,20,12,-10,44,-7,25,-8,-15,19,9,-10,44,5,26,-10,-20,22,13,-8,43,3,24,-9,-17,19,18,-11,46,7,26,-9,-14,21,12,-10,41,4,24
27.5000,-15,-14,21,11,1,43,4,28,-10,-15,21,17,-10,33,5,22,-15,-14,21,15,-9,45,10,36,-6,-19,15,11,-9,43,-1,27,-2,-17,14,14,-12,42,6,23,-9,-19,18,16,-7,41,2,31,-12,-17,17,18,-8,46,6,28,-11,-15,16,14,-8,45,7,24
27.5200,-12,-14,13,14,-3,40,10,23,-10,-21,21,9,-10,40,3,25,-12,-20,14,11,-8,42,5,35,-9,-14,16,11,-12,44,-1,26,-9,-17,21,12,-9,44,5,23,-10,-20,18,14,-8,46,3,24,-10,-19,19,20,-9,41,7,22,-7,-19,19,9,-14,46,11,27
27.5400,-11,-21,19,11,-1,38,6,25,-8,-20,18,17,-11,34,3,23,-11,-18,18,17,-2,42,5,36,-8,-18,20,13,-10,38,-2,26,-3,-18,22,12,-9,43,3,26,-12,-22,20,19,-10,45,8,27,-5,-22,12,24,-6,41,9,30,-13,-20,20,12,-5,42,7,26
27.5600,-16,-18,19,13,-4,41,6,26,-8,-17,16,16,-8,36,8,25,-8,-15,19,14,-10,44,4,35,-7,-20,20,12,-6,44,-1,26,-6,-17,24,16,-10,44,7,24,-10,-24,22,13,-6,44,5,22,-8,-17,12,22,-8,40,6,28,-11,-17,21,8,-6,43,7,27
27.5800,-9,-13,20,14,2,38,10,27,-11,-14,18,18,-11,35,8,26,-11,-17,18,13,-8,44,8,37,-11,-20,19,10,-9,41,-2,26,-3,-20,15,11,-6,43,9,23,-12,-19,21,17,-7,45,7,27,-7,-14,17,23,-7,47,6,25,-12,-17,18,10,-9,41,5,28
27.6000,-10,-17,19,15,0,44,10,24,-7,-16,17,10,-3,34,5,26,-10,-18,20,14,-5,41,3,31,-6,-16,23,12,-6,45,-2,28,-6,-14,20,13,-7,41,6,25,-12,-25,18,14,-12,44,3,26,-10,-20,20,17,-9,43,9,25,-10,-21,18,10,-8,47,6,22
27.6200,-7,-16,16,16,1,42,8,28,-11,-15,16,13,-5,35,7,21,-15,-19,22,17,-11,45,8,32,-6,-19,18,11,-9,43,-3,25,-6,-14,24,8,-11,43,6,27,-10,-20,17,10,-10,41,2,27,-6,-17,19,17,-9,42,3,27,-9,-16,20,15,-10,42,5,25
27.6400,-12,-17,16,12,-1,42,6,23,-11,-13,20,12,-6,38,10,26,-6,-19,14,7,-6,45,3,35,-8,-16,21,14,-8,43,-3,28,-4,-16,20,12,-9,45,6,24,-9,-20,15,15,-12,44,9,22,-5,-15,17,16,-8,43,10,27,-5,-18,16,10,-10,36,6,23
27.6600,-9,-18,17,15,-2,45,9,25,-9,-19,17,17,-4,34,2,20,-9,-20,17,13,-11,43,4,42,-10,-22,17,14,-10,40,-3,27,-5,-15,19,11,-9,43,6,24,-11,-22,18,11,-9,43,6,25,-9,-20,16,18,-6,47,9,24,-12,-16,16,17,-7,47,10,29
27.6800,-7,-15,17,15,-3,41,11,28,-8,-16,19,14,-4,35,4,20,-12,-20,14,10,-5,44,5,35,-9,-22,20,14,-8,38,-5,27,-8,-13,24,12,-12,43,5,28,-7,-19,25,13,-13,45,5,29,-11,-19,19,22,-11,39,5,29,-10,-19,24,7,-9,41,5,28
27.7000,-9,-18,17,14,2,44,11,29,-12,-15,20,19,-5,37,3,28,-10,-18,16,14,-6,41,5,31,-11,-22,14,13,-9,41,-2,30,-9,-16,18,13,-8,43,6,23,-9,-17,17,14,-9,40,6,24,-10,-15,14,18,-10,44,6,24,-8,-16,20,14,-8,41,8,23
27.7200,-12,-15,18,15,-1,45,10,25,-6,-16,16,15,-4,35,6,21,-15,-20,20,12,-7,39,3,32,-9,-17,18,14,-10,41,-6,28,-7,-20,16,16,-10,44,5,25,-9,-21,13,13,-11,43,5,27,-5,-16,17,15,-14,47,6,29,-13,-13,18,15,-7,45,7,21
27.7400,-9,-18,16,9,3,38,7,26,-10,-19,18,12,-8,35,3,26,-7,-16,18,16,-11,42,2,34,-10,-14,21,12,-10,40,-8,25,-3,-21,23,10,-10,42,8,23,-8,-27,16,12,-5,46,10,26,-10,-17,15,15,-10,40,9,26,-7,-21,19,13,-9,45,6,22
27.7600,-10,-23,16,9,-5,44,5,25,-9,-14,20,7,-10,34,5,28,-12,-13,15,16,-6,47,6,31,-5,-15,18,15,-8,42,-1,25,-5,-18,20,13,-9,42,7,24,-6,-17,24,11,-13,46,4,26,-9,-18,19,19,-6,42,8,25,-7,-18,20,11,-11,43,4,24
27.7800,-11,-17,21,11,-4,45,8,26,-11,-17,17,14,-4,36,5,25,-10,-19,17,9,-9,46,4,36,-7,-15,17,11,-13,40,-3,29,-4,-16,16,14,-8,44,4,21,-8,-21,22,12,-10,46,3,24,-9,-17,18,16,-9,50,8,20,-8,-17,17,16,-8,44,8,23
27.8000,-13,-14,16,15,-3,45,7,22,-8,-16,19,15,-5,37,5,26,-8,-19,14,17,-7,42,8,34,-6,-19,21,12,-8,42,-4,27,-6,-19,18,12,-4,46,4,24,-7,-21,15,17,-7,45,5,25,-8,-16,18,18,-9,49,6,23,-5,-19,21,14,-9,45,9,29
27.8200,-11,-18,16,13,-3,43,8,29,-13,-16,22,13,-2,37,7,24,-17,-16,13,11,-6,47,4,29,-8,-17,16,17,-9,42,-5,23,-2,-16,18,14,-10,42,4,22,-11,-22,12,14,-7,46,4,25,-9,-20,18,15,-8,44,7,26,-6,-18,16,12,-6,42,6,19
27.8400,-10,-17,16,14,0,43,10,25,-8,-12,14,16,-3,40,6,27,-12,-18,18,10,-11,41,7,33,-11,-16,20,11,-9,40,-5,25,-5,-18,18,12,-6,43,6,24,-7,-17,16,15,-12,47,4,28,-9,-15,17,19,-7,42,5,26,-8,-18,22,8,-8,42,7,24
27.8600,-9,-19,16,18,-4,43,8,26,-11,-16,18,15,-6,32,3,22,-11,-18,21,10,-1,42,9,31,-7,-18,20,13,-7,41,-4,25,-4,-12,14,12,-7,46,7,22,-8,-21,16,13,-9,46,12,25,-6,-16,17,17,-10,47,3,21,-7,-18,18,11,-12,42,4,23
27.8800,-11,-19,19,17,1,42,9,24,-12,-19,18,14,-3,34,1,25,-11,-17,16,16,-11,41,9,34,-8,-20,14,12,-10,40,0,25,-7,-17,21,12,-7,43,7,23,-4,-23,19,18,-8,43,4,25,-8,-18,18,20,-11,45,7,21,-9,-19,16,12,-10,41,5,26
27.9000,-8,-17,18,13,-1,42,10,23,-14,-16,20,14,-10,37,6,26,-11,-18,21,13,-6,42,4,31,-11,-20,20,13,-11,43,-6,24,-8,-17,14,10,-4,41,5,24,-11,-22,18,11,-11,43,5,31,1,-18,19,17,-14,42,9,22,-4,-17,16,10,-7,43,8,25
27.9200,-6,-15,17,10,-3,44,8,27,-10,-16,12,8,-5,36,3,24,-11,-21,15,14,-10,40,6,34,-7,-16,19,12,-9,41,-6,28,-8,-18,16,11,-7,43,8,21,-7,-18,22,15,-7,46,6,25,-13,-14,15,18,-5,42,5,28,-14,-16,15,9,-8,44,9,21
27.9400,-12,-13,15,10,-2,45,10,28,-10,-13,16,13,-6,39,5,26,-13,-16,17,14,-3,44,4,36,-9,-17,20,13,-11,38,-5,22,-10,-18,18,11,-9,42,6,27,-10,-23,14,15,-8,42,3,22,-7,-15,17,20,-7,44,3,23,-10,-16,15,15,-8,43,3,22
27.9600,-8,-19,18,10,-2,42,5,26,-16,-15,19,16,-7,35,8,24,-14,-18,17,16,-7,47,4,33,-10,-23,18,12,-8,44,-2,24,-5,-16,18,11,-10,42,4,25,-8,-21,18,11,-4,41,5,24,-9,-21,17,18,-8,46,9,21,-8,-24,17,13,-5,45,3,28
27.9800,-15,-15,17,15,-3,42,7,24,-11,-18,18,13,-7,35,2,18,-10,-17,16,13,-5,43,10,36,-11,-20,20,15,-9,41,-2,28,-10,-18,20,10,-7,43,6,24,-9,-18,22,12,-10,38,4,26,-10,-19,18,14,-5,42,7,24,-12,-19,13,15,-8,39,11,26
28.0000,-10,-18,16,13,-2,45,10,22,-13,-13,19,13,-6,34,0,22,-11,-15,14,17,-6,39,8,34,-8,-21,17,11,-11,41,-4,24,-9,-19,17,12,-2,41,5,18,-11,-23,14,12,-11,44,3,25,-10,-18,18,16,-9,46,7,24,-10,-16,18,11,-9,42,9,26
28.0200,-10,-16,16,14,-6,44,12,28,-11,-17,19,9,-6,37,9,23,-8,-16,15,11,-7,44,8,33,-10,-20,14,13,-11,40,-4,24,-4,-16,17,10,-4,41,6,24,-9,-20,14,9,-10,43,6,23,-9,-14,17,16,-7,45,5,24,-15,-15,15,13,-8,47,5,22
28.0400,-11,-18,16,12,-5,43,11,24,-7,-20,14,10,-6,35,4,24,-6,-21,16,16,-6,46,9,35,-10,-23,18,15,-10,42,-5,29,-4,-20,21,10,-11,41,3,25,-7,-23,17,14,-9,42,5,22,-7,-14,12,19,-10,46,5,28,-8,-18,15,10,-11,43,5,23
28.0600,-13,-14,11,11,-4,41,11,28,-10,-14,14,9,-9,36,3,26,-15,-20,22,15,-10,43,7,32,-10,-20,16,14,-10,45,-2,25,-8,-17,15,9,-8,42,4,25,-9,-19,15,11,-8,42,5,24,-10,-15,18,20,-7,48,9,26,-14,-17,18,14,-5,47,4,23
28.0800,-7,-11,13,12,-4,44,7,31,-10,-15,17,9,-7,32,2,24,-9,-14,20,9,-7,41,10,33,-10,-18,14,14,-11,38,-4,28,-7,-20,13,13,-12,41,7,20,-4,-19,20,11,-7,43,0,26,-8,-22,12,15,-8,42,9,28,-11,-15,14,12,-8,39,4,23
28.1000,-11,-16,18,14,-3,44,6,26,-15,-14,18,12,-8,38,6,22,-9,-16,15,12,-3,46,11,35,-11,-18,13,14,-12,46,-1,28,-12,-23,18,15,-4,41,8,22,-8,-24,19,10,-13,46,3,22,-9,-19,22,18,-10,44,5,22,-11,-17,16,10,-10,45,7,21
28.1200,-10,-19,15,12,-3,42,14,22,-10,-16,18,10,-6,37,6,21,-11,-17,17,11,-5,47,6,34,-8,-21,18,12,-15,41,-3,26,-13,-17,11,11,-11,46,3,25,-11,-18,13,10,-10,47,6,23,-8,-14,19,14,-9,42,4,24,-9,-16,14,11,-9,41,6,24
28.1400,-9,-16,15,10,-1,47,9,26,-17,-17,15,13,-8,34,0,24,-10,-22,15,11,-11,44,9,33,-8,-20,18,6,-8,40,-1,23,-5,-14,16,14,-5,44,6,23,-4,-20,13,13,-8,48,1,29,-7,-19,14,13,-7,46,5,25,-9,-18,15,13,-8,46,5,21
28.1600,-9,-11,17,11,-1,42,11,31,-11,-17,19,13,-9,35,5,26,-11,-19,14,13,-9,44,4,33,-11,-20,15,12,-11,44,-4,24,-5,-14,15,13,-10,43,9,25,-10,-22,17,16,-9,46,3,26,-9,-16,14,19,-11,43,7,24,-7,-19,12,13,-11,42,6,27
28.1800,-5,-16,16,8,-1,41,8,30,-9,-17,18,10,-8,33,1,21,-8,-18,17,12,-9,45,8,33,-10,-20,17,13,-10,42,-5,26,-10,-19,16,10,-7,43,9,24,-7,-19,15,14,-8,48,7,24,-9,-15,16,16,-8,44,6,28,-9,-14,14,11,-9,39,7,25
28.2000,-11,-18,16,11,0,46,10,24,-10,-21,15,12,-4,37,3,23,-12,-16,14,9,-8,45,8,32,-7,-14,15,11,-10,42,-3,23,-7,-17,14,12,-11,43,11,26,-8,-20,13,14,-10,45,4,26,-9,-18,18,19,-9,41,6,26,-9,-21,17,8,-7,43,8,20
28.2200,-10,-19,16,13,-1,40,10,29,-8,-15,17,10,-12,37,5,22,-8,-18,16,10,-7,43,4,29,-9,-21,12,10,-11,37,-1,25,-6,-17,16,11,-11,42,5,25,-12,-20,16,15,-7,44,4,23,-9,-18,17,13,-9,44,11,26,-9,-18,17,16,-9,43,12,24
28.2400,-8,-14,13,14,-3,46,6,24,-11,-13,15,11,-5,38,2,25,-14,-16,11,13,-5,44,4,32,-9,-20,17,11,-13,35,-2,22,-6,-19,14,12,-12,42,6,25,-11,-21,18,12,-7,44,4,25,-7,-19,16,17,-9,42,13,25,-11,-18,15,10,-8,38,8,28
28.2600,-11,-20,14,7,-1,43,11,31,-13,-15,15,9,-7,34,0,27,-11,-18,16,12,-8,46,9,29,-9,-20,15,11,-8,41,-7,23,-4,-16,13,7,-8,45,8,27,-7,-22,21,10,-12,43,3,24,-7,-20,12,17,-9,43,5,24,-9,-16,15,11,-10,43,4,26
28.2800,-11,-16,14,12,-5,43,9,26,-12,-17,19,13,-6,39,1,25,-15,-15,20,9,-8,43,5,31,-6,-23,15,16,-9,38,-2,29,-6,-15,15,10,-4,48,7,25,-6,-20,18,11,-9,45,4,25,-11,-21,14,16,-10,42,4,20,-10,-19,20,12,-8,42,7,24
28.3000,-10,-15,16,14,-3,43,12,25,-8,-17,10,9,-9,37,3,21,-12,-20,15,12,-10,46,4,31,-7,-22,12,12,-13,37,-3,25,-6,-15,14,8,-6,44,10,23,-11,-24,16,12,-10,44,8,23,-8,-21,15,20,-9,41,6,21,-9,-17,13,15,-9,44,5,21
28.3200,-9,-16,13,16,-3,44,8,29,-10,-24,14,9,-7,38,3,22,-5,-17,14,11,-8,41,5,33,-10,-23,19,12,-9,42,-1,24,-12,-16,16,10,-11,43,8,28,-10,-20,15,10,-9,51,4,24,-13,-20,16,19,-5,42,9,26,-11,-21,16,10,-8,44,3,22
28.3400,-8,-16,18,12,-4,46,10,25,-11,-13,17,11,-6,36,4,25,-8,-16,17,13,-8,41,7,35,-9,-22,20,14,-13,40,-2,26,-9,-18,11,12,-5,43,11,21,-6,-24,20,12,-12,45,-1,25,-9,-17,16,18,-10,40,8,25,-11,-22,15,14,-11,41,9,23
28.3600,-9,-21,13,12,-1,42,8,25,-11,-15,17,11,-9,34,-1,23,-11,-17,17,14,-4,46,10,30,-14,-15,16,13,-12,44,-2,24,-7,-17,16,15,-8,44,5,23,-9,-20,14,14,-10,42,5,23,-12,-22,16,16,-6,41,8,25,-4,-17,15,9,-9,40,5,26
28.3800,-9,-17,14,8,-1,40,7,28,-13,-17,18,6,-8,36,4,23,-9,-20,15,12,-9,42,9,35,-10,-20,16,12,-11,39,-3,25,-3,-15,14,12,-8,41,9,24,-13,-21,15,11,-7,44,2,21,-11,-15,16,16,-9,42,4,23,-7,-19,14,8,-8,45,4,23
28.4000,-9,-19,13,8,-1,44,11,27,-14,-18,16,13,-6,34,0,26,-12,-20,17,10,-7,47,10,32,-12,-21,16,10,-11,42,-1,23,-9,-17,14,11,-7,46,11,19,-9,-24,14,11,-9,44,3,27,-10,-18,18,17,-8,43,10,23,-10,-18,15,7,-8,43,8,24
28.4200,-9,-14,17,12,-1,44,9,27,-11,-21,20,12,-8,34,3,22,-10,-20,18,9,-4,44,7,29,-10,-16,13,9,-14,34,-3,22,-7,-15,13,14,-10,46,10,22,-10,-23,17,12,-7,44,3,25,-7,-15,18,19,-7,40,5,22,-10,-22,19,10,-10,43,8,22
28.4400,-10,-19,13,11,-3,43,10,25,-13,-19,17,9,-7,38,1,22,-8,-16,18,13,-7,43,8,32,-13,-19,17,12,-12,39,-3,23,-9,-20,18,14,-13,46,14,28,-5,-21,13,8,-6,43,2,24,-10,-20,15,15,-7,44,8,24,-10,-22,19,11,-8,43,7,21
28.4600,-5,-19,14,11,-5,42,6,28,-10,-23,19,14,-8,34,4,20,-10,-16,12,10,-6,42,13,34,-9,-19,12,12,-9,45,0,24,-4,-19,14,10,-5,44,10,25,-10,-26,12,11,-7,46,4,22,-12,-22,14,18,-4,40,7,22,-5,-22,17,7,-7,46,9,23
28.4800,-9,-19,10,13,-5,48,8,31,-11,-19,13,17,-8,39,0,24,-15,-17,12,10,-7,45,10,31,-11,-22,17,12,-12,41,-2,20,-2,-17,18,11,-9,45,6,25,-9,-24,16,10,-5,43,4,25,-11,-20,13,20,-8,44,10,18,-8,-18,15,13,-9,39,8,20
28.5000,-9,-17,14,10,-4,42,11,29,-14,-21,14,15,-7,34,6,16,-12,-14,11,11,-5,41,7,32,-14,-18,20,10,-9,37,-3,18,-5,-16,14,13,-5,43,11,23,-7,-23,12,10,-7,47,2,21,-12,-15,13,17,-4,41,6,22,-11,-21,13,10,-7,43,7,24
28.5200,-11,-22,19,11,0,47,12,28,-10,-18,14,12,-8,38,2,20,-7,-17,15,9,-5,45,3,36,-11,-20,18,11,-14,41,-4,21,-5,-19,13,12,-10,47,8,22,-5,-24,16,8,-8,39,2,26,-10,-17,15,18,-12,44,3,21,-11,-19,13,10,-15,44,6,23
28.5400,-9,-16,15,12,-4,45,7,29,-10,-18,17,7,-9,32,7,22,-7,-21,12,12,-7,42,9,37,-13,-26,15,11,-11,38,0,23,-3,-15,13,13,-9,41,6,25,-6,-19,19,9,-7,47,4,21,-10,-21,11,20,-11,42,2,22,-13,-19,14,8,-12,44,3,24
28.5600,-10,-20,12,11,0,44,12,29,-9,-20,13,9,-5,34,5,23,-12,-21,15,7,-4,44,7,33,-6,-22,13,9,-9,40,-4,24,-4,-15,15,12,-8,44,7,24,-7,-20,15,12,-7,40,6,25,-9,-24,16,19,-5,43,6,20,-9,-17,14,9,-10,45,10,20
28.5800,-8,-19,13,7,4,44,12,29,-9,-14,12,10,-11,36,5,22,-10,-14,13,14,-7,43,3,30,-6,-19,16,9,-7,36,0,21,-6,-17,15,12,-11,43,6,21,-10,-24,13,9,-10,45,4,26,-9,-18,15,13,-8,42,11,23,-5,-16,14,7,-10,46,2,20
28.6000,-7,-21,14,10,-3,40,11,28,-10,-21,12,8,-13,37,6,20,-12,-17,13,11,-5,40,9,32,-11,-21,16,8,-8,39,0,23,-8,-17,13,13,-11,41,8,20,-8,-22,13,8,-14,42,7,20,-10,-18,13,17,-7,45,6,19,-10,-21,14,13,-13,39,5,20
28.6200,-9,-21,12,12,-4,42,11,27,-9,-21,13,11,-9,36,5,20,-10,-15,17,12,-6,42,10,34,-8,-19,15,9,-9,41,-2,22,-6,-15,13,10,-11,43,4,22,-10,-25,13,9,-7,39,2,19,-13,-18,15,19,-10,43,11,26,-13,-21,13,17,-14,44,9,25
28.6400,-7,-20,14,12,1,44,6,26,-12,-18,15,12,-12,30,6,23,-12,-17,14,13,-8,41,7,32,-7,-24,13,6,-12,38,-5,21,-1,-17,15,8,-6,41,6,22,-12,-23,12,7,-9,46,9,23,-10,-19,12,16,-9,44,8,28,-14,-16,13,4,-10,45,12,24
28.6600,-12,-18,14,9,0,43,9,27,-9,-19,17,8,-10,36,6,28,-8,-15,12,10,-4,43,9,33,-14,-25,17,12,-8,35,1,22,-8,-22,16,12,-11,42,7,25,-9,-18,14,12,-13,44,5,23,-10,-20,14,16,-7,41,5,26,-16,-16,16,8,-4,40,6,21
28.6800,-12,-17,16,12,-1,44,11,27,-12,-18,15,12,-6,36,0,21,-8,-17,14,13,-3,41,4,30,-12,-21,15,9,-12,39,-2,24,-3,-18,16,11,-10,42,6,22,-7,-22,12,11,-13,41,2,19,-5,-20,15,15,-13,45,7,22,-8,-19,16,8,-9,38,9,21
28.7000,-13,-17,16,10,-1,46,6,25,-9,-17,16,14,-6,34,-2,20,-12,-19,9,9,-6,42,8,33,-12,-22,15,5,-11,42,-6,21,-3,-18,21,9,-8,42,12,24,-10,-21,12,11,-11,41,5,20,-7,-19,14,16,-8,45,8,24,-10,-19,17,11,-9,42,5,21
28.7200,-16,-20,9,8,-2,44,8,26,-10,-15,12,6,-11,33,0,21,-14,-19,11,12,-3,42,8,29,-11,-25,11,11,-8,39,-3,23,0,-13,14,13,-10,41,2,23,-4,-17,13,12,-9,42,5,23,-11,-15,14,19,-10,40,9,22,-10,-20,16,7,-3,46,5,24
28.7400,-7,-19,12,5,-3,44,12,29,-7,-18,8,10,-12,33,4,22,-9,-16,13,7,-5,45,9,34,-11,-17,10,11,-13,37,-2,22,-5,-20,15,8,-8,39,5,21,-10,-21,13,11,-11,41,2,22,-10,-17,14,14,-9,43,8,21,-12,-21,10,11,-9,38,5,19
28.7600,-11,-23,14,11,3,45,9,29,-13,-16,13,8,-10,33,5,22,-11,-20,11,10,-6,45,9,32,-11,-22,8,10,-9,39,-4,24,-3,-21,10,12,-9,39,4,22,-13,-23,15,13,-7,42,6,21,-12,-20,12,18,-10,42,10,22,-10,-21,14,7,-6,45,6,25
28.7800,-9,-20,11,9,-2,43,12,23,-9,-17,16,11,-10,36,3,22,-10,-19,11,12,-9,40,9,30,-12,-22,16,13,-14,35,-4,23,-5,-23,16,6,-8,43,10,24,-12,-22,8,11,-11,39,3,18,-10,-18,15,15,-14,42,2,24,-12,-19,9,8,-8,40,1,21
28.8000,-9,-18,14,11,-1,47,7,26,-13,-20,14,11,-8,34,4,23,-13,-17,13,12,-6,43,7,30,-8,-22,16,9,-13,39,-1,25,-6,-20,19,8,-6,43,9,22,-9,-22,12,8,-12,44,-2,20,-8,-19,12,19,-13,41,5,27,-5,-15,15,11,-8,42,12,17
28.8200,-8,-23,14,9,-3,49,9,24,-12,-15,16,15,-11,35,3,19,-8,-15,12,12,-10,42,7,31,-11,-23,16,10,-8,43,-3,20,-1,-16,15,6,-7,42,8,27,-8,-23,15,13,-8,43,3,18,-7,-18,14,16,-11,38,6,23,-7,-18,12,7,-12,43,10,22
28.8400,-6,-17,12,10,-3,45,7,26,-6,-19,10,11,-12,34,3,22,-5,-17,15,11,-9,40,13,26,-8,-22,13,11,-12,39,-1,16,-3,-22,12,6,-8,42,6,24,-10,-16,11,14,-7,42,2,17,-10,-20,8,14,-11,41,11,26,-8,-18,17,13,-12,35,7,25
28.8600,-11,-22,10,10,-1,44,11,23,-11,-18,14,10,-10,35,-2,25,-9,-18,15,5,-9,43,9,32,-10,-18,11,10,-13,33,-5,21,-4,-19,11,13,-9,43,8,22,-10,-20,14,10,-12,38,2,15,-7,-17,17,20,-10,43,4,30,-6,-21,12,9,-8,41,5,24
28.8800,-6,-18,17,10,-5,45,10,28,-8,-19,17,8,-9,28,2,20,-13,-18,11,11,-4,42,7,25,-11,-19,17,12,-11,40,-1,19,-5,-16,15,6,-12,41,11,26,-9,-23,18,11,-15,44,0,20,-8,-18,14,22,-9,46,7,19,-12,-16,13,7,-7,42,7,19
28.9000,-13,-19,14,12,-1,48,14,29,-15,-18,11,5,-14,37,5,23,-4,-18,12,13,-6,43,9,31,-10,-21,12,13,-8,38,-5,23,-2,-22,17,11,-8,41,7,22,-7,-25,12,11,-5,40,6,24,-9,-17,12,20,-7,43,8,25,-12,-20,11,13,-5,41,5,21
28.9200,-12,-20,10,10,-1,41,6,26,-8,-22,11,7,-8,35,0,18,-9,-21,12,4,-5,41,9,34,-12,-20,17,12,-13,38,-2,17,-4,-17,14,5,-11,45,8,23,-10,-21,13,7,-10,38,2,19,-9,-20,15,15,-9,45,7,29,-11,-18,16,5,-8,38,6,22
28.9400,-10,-18,14,13,-2,45,10,23,-13,-23,15,11,-13,33,2,24,-12,-18,18,8,-7,44,9,31,-7,-22,18,12,-13,34,-3,20,-8,-19,14,11,-5,46,9,23,-8,-22,13,8,-10,40,4,23,-10,-20,12,15,-11,40,2,21,-8,-18,15,13,-12,43,9,21
28.9600,-9,-17,13,9,-3,43,9,24,-9,-18,11,8,-9,37,0,22,-15,-14,15,15,-8,43,9,33,-9,-20,12,10,-13,37,-2,21,-6,-22,11,11,-10,48,11,20,-10,-22,16,11,-4,42,2,23,-9,-15,18,17,-11,43,5,20,-8,-18,9,8,-4,43,6,20
28.9800,-15,-20,12,7,1,45,11,27,-8,-16,16,7,-10,26,3,23,-10,-17,13,13,-7,45,7,31,-9,-22,11,10,-9,39,-5,21,-7,-21,13,8,-8,40,6,23,-10,-23,12,12,-7,46,8,21,-9,-18,11,17,-7,42,10,24,-12,-17,9,12,-9,40,7,21
29.0000,-11,-21,11,4,0,39,9,23,-10,-15,12,7,-12,30,3,15,-11,-23,16,10,-10,44,10,30,-15,-22,12,10,-11,36,0,22,-3,-16,17,11,-10,43,8,24,-7,-24,11,11,-10,39,4,23,-6,-19,12,19,-7,40,2,20,-11,-17,13,8,-10,43,9,22
29.0200,-11,-22,12,11,1,43,10,25,-14,-16,11,6,-14,35,4,18,-11,-18,12,7,-8,40,6,29,-8,-20,12,6,-9,38,-8,24,-5,-18,14,12,-7,42,11,24,-10,-20,14,11,-8,44,6,18,-11,-15,15,17,-11,41,10,20,-10,-19,10,11,-9,46,9,21
29.0400,-8,-18,18,10,6,43,10,25,-11,-16,9,8,-7,35,3,21,-12,-23,9,8,-5,44,6,32,-12,-20,13,9,-9,36,-5,20,2,-14,16,11,-13,45,7,22,-10,-24,9,5,-5,47,2,17,-13,-18,12,14,-11,43,9,17,-12,-18,11,10,-10,39,7,25
29.0600,-9,-20,17,10,-1,45,10,21,-14,-15,9,8,-9,31,-1,20,-14,-20,11,12,-3,43,11,30,-11,-25,15,9,-11,37,-1,18,-3,-22,12,9,-15,43,7,22,-9,-21,17,12,-5,45,5,17,-12,-18,9,21,-13,42,3,22,-9,-23,9,7,-8,41,2,24
29.0800,-6,-17,9,11,0,40,9,25,-9,-18,14,8,-9,35,6,22,-12,-15,10,8,-3,40,8,29,-13,-20,10,9,-9,37,0,25,-8,-22,12,8,-8,43,8,24,-10,-24,10,12,-13,42,3,20,-8,-18,11,18,-10,41,8,20,-11,-19,10,12,-5,36,4,22
29.1000,-8,-21,10,6,1,46,11,23,-12,-20,13,11,-12,33,2,20,-13,-17,16,11,-4,39,10,31,-6,-24,9,7,-13,40,-6,20,-10,-18,11,11,-9,44,5,21,-9,-24,9,7,-12,39,6,13,-13,-18,13,15,-8,42,8,26,-7,-18,8,7,-12,42,7,20
29.1200,-9,-21,12,9,-1,44,16,21,-11,-20,12,7,-11,33,4,22,-9,-20,17,9,-4,40,10,30,-12,-18,12,9,-11,38,-2,23,-4,-20,13,13,-16,43,3,19,-9,-26,10,12,-5,42,3,20,-12,-20,14,18,-7,44,5,22,-9,-22,13,9,-8,45,6,24
29.1400,-7,-18,14,10,-1,45,11,26,-9,-14,13,8,-8,32,0,20,-4,-14,12,8,-7,41,9,30,-14,-20,14,10,-11,37,-2,21,-4,-19,13,12,-12,45,11,21,-9,-25,11,10,-7,43,8,19,-11,-17,12,12,-5,42,8,22,-11,-17,11,16,-8,39,7,21
29.1600,-13,-24,10,8,-4,46,9,28,-8,-18,11,11,-7,32,2,18,-8,-18,12,9,-7,42,8,32,-15,-23,15,12,-15,38,-2,17,-3,-22,10,14,-8,42,7,20,-8,-23,16,14,-8,47,1,20,-16,-20,14,13,-9,43,7,19,-7,-19,12,9,-5,46,8,19
29.1800,-10,-21,11,7,-3,41,17,23,-13,-19,12,8,-10,36,0,13,-9,-13,12,7,-11,38,9,31,-12,-17,11,11,-10,33,0,18,-2,-18,10,11,-4,40,5,17,-6,-21,14,13,-6,41,3,20,-11,-18,11,17,-12,43,12,20,-10,-18,12,10,-11,39,7,23
29.2000,-10,-22,11,7,-1,48,13,25,-9,-18,15,8,-8,38,4,23,-10,-17,11,9,-8,42,6,30,-8,-21,11,7,-12,40,-1,18,-5,-23,11,9,-7,43,6,25,-9,-24,11,8,-9,45,5,17,-6,-21,14,20,-10,43,4,23,-7,-22,13,6,-7,42,3,23
29.2200,-10,-20,14,10,-3,47,12,27,-8,-21,9,15,-13,37,4,21,-4,-15,13,5,-2,40,9,30,-14,-18,10,5,-11,38,-4,19,-2,-21,8,7,-7,41,7,23,-5,-22,12,10,-8,40,5,18,-8,-19,13,21,-10,42,5,19,-6,-17,11,9,-6,41,7,19
29.2400,-9,-18,16,6,-1,44,10,24,-10,-21,12,8,-13,36,5,17,-12,-14,8,9,-8,40,14,28,-16,-20,10,7,-7,38,-5,18,-3,-21,11,10,-14,45,3,19,-10,-22,10,7,-11,42,5,17,-10,-20,15,20,-8,43,10,19,-10,-19,13,12,-5,40,7,21
29.2600,-7,-24,12,10,-3,45,11,24,-11,-18,11,8,-12,30,7,19,-9,-16,10,7,-7,42,11,30,-9,-22,13,6,-7,40,-3,23,-6,-18,11,9,-7,42,8,24,-10,-21,10,8,-7,40,3,19,-10,-23,16,16,-6,44,5,23,-9,-18,10,8,-9,43,7,21
29.2800,-10,-23,4,8,-3,41,8,23,-13,-25,12,8,-5,32,2,19,-8,-21,12,11,-7,43,9,32,-13,-23,12,13,-8,38,-2,17,-6,-19,9,7,-11,46,8,20,-6,-25,15,11,-11,40,8,17,-14,-20,14,18,-5,43,11,20,-8,-22,12,9,-10,41,8,20
29.3000,-7,-21,17,12,1,43,14,23,-10,-22,11,6,-15,35,3,20,-9,-17,10,9,-2,39,5,31,-12,-23,15,8,-11,38,-1,17,-2,-21,7,8,-10,43,11,19,-7,-21,15,10,-8,45,1,16,-10,-20,13,17,-6,44,5,22,-6,-23,13,9,-10,47,4,20
29.3200,-12,-17,8,9,-2,40,11,24,-13,-19,15,9,-9,33,6,17,-6,-16,9,8,-4,42,8,27,-10,-26,15,5,-10,37,-5,17,0,-20,12,11,-9,40,12,23,-9,-21,15,7,-12,44,3,17,-5,-20,16,11,-9,41,7,21,-10,-20,11,7,-14,44,11,21
29.3400,-10,-17,12,12,2,47,9,25,-13,-21,13,11,-9,30,5,21,-10,-15,14,11,-8,42,10,26,-12,-20,10,9,-11,36,-5,19,-5,-20,11,9,-11,45,8,21,-7,-23,13,9,-7,38,4,22,-8,-21,13,18,-7,41,6,19,-9,-19,15,8,-12,38,8,21
29.3600,-12,-17,11,8,2,41,10,24,-14,-16,14,10,-7,33,9,19,-10,-18,12,10,-6,39,8,32,-11,-22,10,10,-8,36,-4,20,-5,-23,13,10,-6,43,5,22,-4,-25,8,9,-10,39,-1,20,-5,-20,11,15,-11,41,6,21,-9,-23,9,9,-10,40,5,22
29.3800,-10,-17,15,10,2,44,6,20,-8,-16,11,13,-9,28,2,22,-8,-16,11,9,-3,39,7,28,-11,-22,15,8,-13,37,-1,17,-4,-19,12,9,-16,43,11,19,-4,-22,15,8,-9,44,5,17,-6,-20,9,19,-7,41,4,21,-7,-21,10,11,-8,42,9,19
29.4000,-10,-20,16,7,-2,43,10,23,-15,-20,13,9,-9,31,1,21,-11,-15,12,4,-9,37,8,28,-12,-21,11,9,-15,38,1,17,-5,-21,13,3,-7,48,8,21,-10,-23,14,7,-9,38,3,21,-7,-21,11,16,-10,46,6,18,-6,-17,10,9,-10,38,5,17
29.4200,-5,-22,8,6,-1,42,12,21,-9,-18,10,8,-10,30,4,24,-9,-19,14,7,-2,48,14,27,-13,-23,14,7,-9,37,-7,17,-6,-22,9,8,-9,45,4,25,-8,-24,10,14,-10,38,2,19,-14,-22,15,21,-12,42,8,15,-7,-16,13,13,-13,40,6,20
29.4400,-7,-23,8,9,2,43,11,26,-12,-19,10,6,-12,32,2,21,-13,-18,8,9,-4,41,10,29,-13,-23,11,8,-6,36,-3,19,-8,-18,9,9,-16,39,7,21,-7,-26,12,10,-6,46,4,18,-10,-17,11,19,-4,40,8,17,-9,-23,7,10,-10,39,4,23
29.4600,-7,-19,10,11,0,48,11,23,-12,-23,12,10,-11,31,2,16,-9,-19,10,7,-5,40,10,31,-8,-23,12,6,-7,36,0,18,-4,-21,11,6,-8,41,6,22,-9,-27,12,7,-7,39,6,18,-10,-21,11,19,-7,46,8,18,-8,-23,11,9,-8,39,3,23
29.4800,-13,-21,8,10,3,47,11,21,-12,-19,12,11,-12,28,4,16,-10,-19,6,6,-8,40,13,26,-11,-20,11,7,-14,36,-4,18,-6,-21,10,6,-6,40,8,21,-8,-23,13,11,-9,42,1,15,-13,-19,7,18,-10,44,9,20,-12,-20,8,11,-9,44,9,25
29.5000,-12,-23,11,8,1,41,12,24,-13,-18,13,8,-8,32,3,21,-7,-23,15,6,-8,41,8,30,-9,-24,12,6,-13,39,-1,20,-3,-18,8,5,-7,41,8,24,-7,-25,14,12,-8,36,2,20,-8,-17,11,20,-6,40,9,22,-13,-23,7,10,-13,39,8,21
29.5200,-7,-22,6,8,-1,45,9,23,-12,-21,10,9,-6,31,2,19,-13,-20,2,11,-8,43,11,29,-8,-21,16,10,-13,36,-4,17,-1,-20,12,8,-11,41,10,21,-8,-27,12,6,-8,36,6,17,-12,-17,10,18,-6,41,5,19,-3,-20,13,7,-9,46,2,18
29.5400,-11,-20,8,9,-1,41,11,25,-12,-18,11,5,-10,34,7,18,-12,-16,8,8,-5,42,7,27,-12,-22,12,3,-13,36,-4,18,-2,-20,14,9,-7,42,14,18,-6,-21,14,8,-8,42,3,13,-9,-20,8,21,-11,36,9,22,-7,-20,8,15,-8,38,5,21
29.5600,-8,-25,7,10,-5,45,9,20,-11,-19,13,10,-9,29,3,16,-11,-21,5,11,-4,42,13,28,-15,-23,9,9,-10,34,-4,17,-3,-18,11,7,-10,41,7,21,-8,-24,12,9,-8,43,1,18,-7,-22,9,14,-12,43,7,21,-12,-18,7,7,-11,41,12,19
29.5800,-10,-22,11,9,0,46,13,21,-10,-23,13,13,-10,33,3,15,-15,-19,12,9,-4,43,8,31,-11,-20,10,9,-10,38,-5,19,-5,-22,13,4,-9,42,9,21,-5,-25,10,11,-5,42,8,18,-9,-17,10,18,-12,41,10,20,-10,-18,13,10,-16,44,6,22
29.6000,-13,-23,10,8,-4,42,7,19,-13,-19,10,11,-14,33,3,18,-13,-18,8,9,-4,41,8,28,-12,-22,8,9,-10,35,-1,20,1,-19,8,12,-10,40,11,24,-8,-21,11,8,-5,44,2,15,-9,-16,12,17,-9,38,11,19,-8,-19,13,7,-9,42,8,18
29.6200,-6,-23,11,8,0,42,10,21,-14,-17,8,7,-7,31,2,19,-5,-16,8,8,-7,37,14,28,-10,-18,10,12,-13,35,-3,16,-7,-21,11,6,-10,41,8,19,-7,-22,11,8,-9,43,6,16,-9,-23,9,22,-7,41,7,22,-8,-23,10,6,-10,43,5,23
29.6400,-10,-22,10,8,-2,41,8,20,-10,-16,11,12,-12,29,4,21,-9,-18,14,9,-8,43,10,26,-8,-19,8,4,-10,37,-3,18,-5,-19,11,6,-6,45,7,21,-7,-21,12,8,-12,40,2,17,-9,-21,11,21,-7,40,9,19,-8,-19,9,15,-6,37,8,23
29.6600,-2,-19,10,12,-1,45,9,21,-8,-16,8,8,-9,37,4,18,-8,-18,16,10,-6,42,10,31,-12,-22,6,10,-11,37,-5,13,-3,-24,12,5,-11,40,6,21,-8,-26,6,9,-5,40,4,13,-9,-22,9,19,-10,44,10,24,-11,-22,12,12,-10,38,5,19
29.6800,-9,-23,7,12,2,43,11,28,-9,-20,9,9,-7,31,1,15,-10,-19,9,9,-8,41,11,29,-10,-23,10,11,-11,35,-2,18,-2,-16,10,8,-8,43,11,20,-5,-19,7,9,-9,41,4,16,-8,-21,10,15,-13,41,5,15,-11,-19,12,10,-10,43,10,19
29.7000,-5,-20,10,8,-4,49,7,24,-13,-19,11,10,-11,30,3,20,-8,-17,9,8,-7,40,9,26,-12,-21,12,10,-13,38,-4,15,-3,-21,8,8,-11,40,11,22,-4,-29,10,10,-10,39,5,18,-5,-23,8,18,-9,42,6,20,-13,-22,8,8,-8,37,5,20
29.7200,-10,-21,11,6,2,44,9,25,-10,-17,13,6,-13,30,8,19,-10,-17,10,6,-3,42,9,27,-7,-22,10,10,-12,39,-5,18,-10,-19,13,7,-4,41,6,19,-11,-26,9,7,-10,39,5,15,-11,-22,15,20,-7,40,6,24,-7,-18,12,2,-10,39,3,19
29.7400,-13,-23,11,6,-1,43,12,25,-9,-22,13,8,-10,28,1,14,-13,-21,11,5,-4,41,11,25,-8,-24,11,14,-14,38,0,20,-3,-20,8,7,-9,41,7,19,-6,-25,9,8,-8,40,0,20,-8,-18,10,16,-12,39,7,22,-10,-18,16,5,-7,34,0,21
29.7600,-7,-18,10,8,-5,42,6,26,-12,-20,7,5,-11,29,6,16,-7,-19,7,9,-5,42,10,25,-9,-23,10,13,-14,34,-6,21,-4,-23,8,5,-10,43,7,19,-5,-24,7,6,-8,42,3,21,-7,-22,9,22,-11,40,9,20,-8,-20,7,9,-12,40,5,15
29.7800,-9,-22,11,6,-2,47,9,20,-10,-18,11,7,-11,32,1,19,-12,-20,10,6,-7,44,7,24,-9,-26,8,6,-12,39,-5,18,0,-16,13,6,-7,42,7,25,-6,-24,8,12,-9,41,4,16,-10,-19,11,17,-9,38,10,19,-8,-19,10,7,-11,42,1,20
29.8000,-8,-20,7,7,-2,42,12,22,-17,-19,9,10,-9,31,1,20,-13,-21,8,7,-6,40,12,29,-9,-24,11,8,-9,35,-6,17,3,-22,9,3,-9,41,10,20,-6,-29,11,6,-12,38,7,18,-15,-21,11,17,-6,42,3,21,-6,-16,9,4,-9,36,8,14
29.8200,-10,-21,6,8,3,42,14,20,-13,-22,6,8,-11,29,4,16,-11,-17,9,11,-4,39,13,30,-8,-22,7,5,-10,38,-1,15,-1,-19,10,10,-9,43,9,23,-8,-23,10,10,-13,42,7,18,-7,-19,11,15,-11,37,9,19,-7,-17,9,5,-5,42,0,19
29.8400,-10,-21,4,6,-1,44,12,22,-10,-18,6,6,-11,28,5,16,-10,-17,9,9,-6,38,6,29,-11,-27,5,11,-11,37,0,16,-2,-20,8,4,-6,38,7,19,-14,-25,6,14,-9,43,5,19,-7,-17,13,18,-11,44,3,19,-10,-19,5,6,-10,40,9,17
29.8600,-11,-21,9,5,3,45,9,26,-15,-21,11,11,-9,33,2,17,-13,-19,10,9,-10,43,7,31,-11,-27,12,10,-14,40,-1,13,3,-25,3,8,-8,44,8,15,-7,-24,10,10,-11,38,7,16,-10,-20,14,15,-10,41,6,18,-12,-16,7,4,-12,35,5,17
29.8800,-9,-18,10,4,1,42,11,21,-9,-21,10,7,-12,28,11,22,-11,-23,10,12,-9,42,7,32,-10,-23,6,5,-11,39,-4,14,-1,-24,9,8,-7,37,8,21,-5,-24,12,6,-8,39,7,17,-8,-20,5,18,-11,39,4,19,-8,-21,14,9,-16,39,6,19
29.9000,-12,-24,8,13,-1,41,8,22,-13,-23,13,11,-9,33,4,13,-10,-21,10,5,-10,35,10,30,-6,-22,11,6,-12,31,-5,22,-2,-19,10,7,-9,40,7,21,-8,-24,7,4,-11,39,2,12,-8,-22,7,16,-11,44,6,18,-9,-19,10,8,-8,37,9,19
29.9200,-9,-22,9,8,0,44,10,24,-9,-21,4,12,-12,34,5,14,-7,-16,8,8,-4,40,8,27,-12,-25,13,2,-7,36,0,18,-4,-23,5,9,-6,42,9,18,-7,-28,6,8,-10,40,7,14,-6,-19,14,18,-9,38,8,20,-8,-19,6,3,-9,36,7,21
29.9400,-10,-21,5,6,0,43,9,20,-11,-19,8,10,-14,32,2,17,-10,-16,10,8,-4,40,6,27,-12,-22,8,8,-15,37,-1,15,-6,-23,6,9,-9,37,12,19,-6,-28,9,7,-9,43,5,16,-9,-24,10,16,-7,40,3,18,-13,-21,5,9,-6,38,3,22
29.9600,-10,-16,9,9,-3,44,8,19,-14,-16,6,5,-11,32,7,17,-6,-23,7,8,-5,38,10,24,-14,-25,3,5,-9,36,-3,12,-4,-24,7,7,-12,42,7,16,-9,-24,10,6,-7,43,6,14,-9,-22,8,18,-10,44,5,21,-4,-20,7,4,-12,41,5,19
29.9800,-10,-19,7,10,-1,44,9,23,-17,-19,6,8,-10,30,3,14,-12,-17,11,11,-8,36,10,31,-9,-25,4,10,-11,37,-3,17,-6,-23,4,9,-10,44,13,18,-9,-24,6,5,-5,39,7,15,-7,-20,11,20,-8,41,5,17,-7,-21,7,5,-8,48,7,16
30.0000,-10,-19,7,5,0,41,9,19,-8,-19,7,7,-10,30,7,19,-10,-18,7,12,-7,41,13,25,-8,-24,6,15,-11,37,1,16,1,-21,10,8,-11,37,7,22,-4,-19,10,5,-9,39,8,15,-10,-22,11,17,-13,39,6,18,-8,-22,5,9,-8,39,8,13
30.0200,-8,-22,11,5,-1,44,8,19,-12,-19,1,3,-12,32,5,23,-9,-22,9,7,-7,41,10,25,-8,-20,10,8,-11,37,-1,15,5,-18,8,8,-9,37,9,19,-6,-25,9,8,-4,40,4,19,-7,-18,7,18,-10,41,6,17,-10,-23,6,9,-10,38,4,18
30.0400,-12,-22,8,7,-4,42,10,16,-14,-23,8,8,-11,33,5,19,-7,-18,8,5,-9,41,11,26,-8,-22,7,8,-13,34,-3,14,-1,-21,4,10,-10,45,9,22,-5,-23,4,13,-7,42,6,13,-10,-21,5,18,-8,46,5,18,-4,-19,7,7,-12,36,5,15
30.0600,-7,-26,9,14,-1,45,5,22,-9,-22,6,7,-9,32,6,20,-8,-19,11,9,-9,41,11,28,-10,-26,6,8,-12,35,-6,15,1,-21,8,11,-8,38,7,16,-8,-29,9,9,-8,40,3,15,-9,-22,5,17,-7,41,5,20,-7,-21,9,8,-13,37,8,16
30.0800,-5,-20,6,7,-3,42,9,19,-13,-21,8,7,-10,31,4,16,-9,-17,4,6,-11,42,6,26,-10,-24,10,12,-7,36,-2,17,-6,-22,4,8,-4,40,5,22,-9,-27,7,9,-6,39,2,15,-5,-24,9,18,-13,41,3,17,-9,-20,8,10,-9,39,8,20
30.1000,-8,-25,9,0,-2,41,11,18,-9,-24,6,5,-13,25,2,16,-11,-22,9,9,-8,38,12,25,-10,-22,7,7,-14,39,-7,18,-1,-22,10,8,-7,39,6,19,-3,-26,5,9,-8,40,2,16,-7,-22,6,16,-9,42,5,15,-6,-17,11,6,-10,39,5,16
30.1200,-9,-21,8,3,-5,41,8,24,-12,-24,9,7,-13,32,1,21,-9,-15,9,9,-11,40,7,26,-10,-22,8,11,-10,37,-4,18,1,-20,8,3,-8,40,8,19,-4,-26,10,7,-4,39,3,17,-7,-22,6,21,-11,38,9,19,-6,-22,7,3,-13,40,3,17
30.1400,-8,-25,8,9,-1,41,9,21,-10,-23,11,9,-8,29,4,16,-10,-19,7,6,-10,40,10,27,-9,-20,14,8,-14,34,-5,16,1,-23,5,8,-8,44,8,20,-2,-28,9,6,-7,35,2,14,-7,-19,10,20,-14,35,6,20,-6,-19,7,7,-10,37,4,21
30.1600,-8,-22,7,7,-7,36,9,21,-11,-19,5,9,-12,29,8,16,-15,-19,11,8,-8,39,11,32,-10,-22,8,8,-10,34,-2,16,-3,-19,5,9,-8,38,6,18,-6,-24,9,4,-7,38,2,18,-6,-22,9,20,-7,39,6,20,-4,-18,3,7,-5,41,7,20
30.1800,-8,-24,8,7,-2,41,8,18,-13,-20,6,13,-9,34,5,16,-8,-17,11,10,-7,40,7,24,-14,-21,6,6,-9,36,-4,15,0,-20,6,5,-7,41,11,19,-4,-27,3,10,-14,40,4,16,-7,-20,6,20,-5,39,1,18,-11,-24,4,10,-7,35,5,16
30.2000,-8,-25,10,8,-2,38,12,21,-6,-22,10,5,-10,32,4,18,-5,-17,2,3,-8,38,4,29,-8,-20,12,6,-12,42,-5,19,-1,-20,6,7,-9,39,8,17,-8,-26,5,8,-6,40,6,17,-10,-22,10,23,-5,42,8,20,-7,-20,9,7,-13,40,7,19
30.2200,-7,-21,6,7,-2,43,6,21,-9,-20,7,8,-12,30,8,18,-5,-16,7,2,-6,36,8,27,-11,-23,9,7,-11,34,-3,16,-6,-20,6,8,-10,35,11,20,-5,-24,7,9,-6,38,2,16,-9,-24,11,19,-9,36,7,17,-11,-18,8,8,-12,37,9,18
30.2400,-11,-23,4,8,-3,39,6,20,-10,-19,12,7,-9,28,5,22,-9,-20,5,5,-7,40,6,28,-6,-24,4,3,-7,38,-3,15,-4,-20,5,7,-10,37,5,18,-6,-29,11,6,-8,36,6,16,-12,-16,9,19,-6,37,4,16,-6,-20,5,6,-8,39,3,17
30.2600,-10,-24,9,9,0,38,8,19,-10,-23,5,9,-17,28,5,19,-7,-14,8,6,-9,38,10,26,-10,-18,8,6,-13,34,-1,12,-3,-23,7,8,-12,39,9,16,-6,-29,12,11,-10,35,7,19,-8,-26,12,18,-11,38,6,12,-10,-27,7,7,-6,36,9,16
30.2800,-11,-26,7,9,1,36,12,24,-11,-21,6,7,-7,32,7,16,-9,-17,9,8,-5,41,12,29,-12,-20,14,3,-12,36,-5,16,-4,-29,5,7,-12,39,10,14,-6,-25,8,9,-9,41,5,16,-9,-20,1,19,-10,41,5,19,-10,-20,8,5,-12,36,5,18
30.3000,-8,-22,6,7,2,41,10,16,-11,-21,11,9,-11,32,6,16,-10,-19,9,5,-6,38,11,26,-10,-24,8,7,-8,34,-4,16,-3,-24,5,8,-8,39,8,19,-10,-25,7,8,-5,38,8,19,-11,-22,9,20,-10,36,5,17,-10,-18,8,7,-11,36,4,16
30.3200,-9,-23,7,4,-3,39,9,17,-5,-25,6,10,-9,28,4,17,-8,-16,9,6,-5,38,12,27,-6,-20,6,3,-8,34,-4,15,-4,-19,9,7,-9,39,11,19,-8,-25,6,6,-3,38,4,16,-9,-23,5,19,-12,34,6,19,-7,-22,8,7,-7,38,7,19
30.3400,-11,-24,8,5,-1,40,8,19,-9,-23,7,4,-11,31,1,18,-10,-20,5,7,-7,35,5,24,-7,-22,8,1,-14,38,-3,17,-3,-23,7,10,-10,37,8,17,-11,-24,6,5,-10,37,7,13,-6,-24,7,23,-8,40,7,17,-5,-14,7,6,-8,40,4,16
30.3600,-10,-25,5,9,1,40,6,17,-13,-18,7,11,-12,32,4,11,-7,-22,6,5,-9,36,13,24,-10,-25,4,3,-13,42,-2,12,-2,-24,6,8,-10,39,9,17,-3,-25,7,6,-11,38,2,10,-6,-23,9,19,-9,39,5,19,-4,-25,5,4,-15,38,4,15
30.3800,-4,-21,2,6,-2,41,8,20,-9,-23,6,10,-10,28,11,15,-11,-16,9,7,-10,40,6,22,-7,-19,7,9,-8,38,-2,19,2,-21,8,7,-10,36,8,16,-9,-27,7,5,-10,37,4,12,-8,-20,8,19,-11,40,9,18,-6,-22,6,-2,-9,37,8,19
30.4000,-9,-23,7,6,3,40,10,20,-9,-20,4,7,-12,34,2,18,-8,-22,6,5,-9,35,9,25,-10,-22,5,7,-13,43,-2,14,-3,-22,5,4,-7,38,8,18,-6,-27,9,8,-10,37,3,12,-7,-24,5,17,-8,38,3,18,-3,-22,10,5,-10,41,8,19
30.4200,-7,-29,6,10,0,42,9,21,-10,-16,9,8,-16,29,1,20,-6,-18,8,8,-6,38,12,23,-12,-23,8,6,-11,39,-5,16,-6,-24,4,7,-9,37,5,19,-6,-24,7,8,-5,38,6,12,-11,-21,9,18,-4,40,9,17,-7,-21,5,11,-10,39,7,18
30.4400,-10,-22,2,4,2,42,9,15,-10,-18,7,5,-13,31,4,18,-4,-21,8,6,-10,36,8,26,-12,-22,3,8,-8,33,-1,17,-7,-23,4,4,-10,37,12,18,-9,-25,9,9,-10,34,6,14,-9,-22,9,23,-11,37,7,19,-11,-16,4,8,-11,35,3,21
30.4600,-9,-21,3,6,-3,37,9,20,-9,-25,6,6,-11,30,7,16,-8,-19,6,7,-7,35,10,27,-7,-21,7,6,-10,38,-5,14,1,-18,4,5,-11,39,11,18,-8,-27,2,3,-7,41,7,13,-8,-22,6,23,-9,38,3,15,-7,-18,4,6,-14,41,9,19
30.4800,-10,-20,7,3,0,39,15,19,-8,-23,3,6,-9,31,8,17,-7,-15,5,4,-7,40,10,24,-8,-23,8,7,-13,38,-3,16,-1,-18,3,9,-11,32,8,16,-7,-28,3,9,-10,36,6,16,-10,-22,12,19,-7,39,6,14,-9,-21,7,11,-8,38,4,19
30.5000,-13,-24,9,4,0,36,7,24,-8,-21,6,1,-9,29,4,14,-9,-23,5,7,-7,36,10,24,-8,-20,5,9,-7,37,-2,20,-4,-21,5,8,-12,40,5,15,-3,-29,5,5,-3,35,2,13,-9,-18,9,23,-11,37,7,19,-9,-20,2,8,-7,39,4,18
30.5200,-11,-27,1,5,3,40,9,20,-9,-23,0,7,-9,30,3,16,-7,-17,7,7,-6,41,7,25,-7,-21,7,6,-8,41,-2,12,-2,-20,7,8,-9,38,11,14,-6,-28,1,4,-6,39,4,16,-9,-23,4,21,-9,39,9,18,-9,-20,1,1,-11,40,7,14
30.5400,-8,-29,5,7,3,42,7,19,-11,-22,4,8,-13,30,5,15,-6,-18,8,10,-15,36,8,28,-7,-23,8,5,-9,41,-6,14,-5,-23,7,7,-11,39,9,19,-7,-30,4,5,-6,41,3,15,-10,-25,8,23,-9,37,5,15,-9,-21,7,4,-9,42,10,15
30.5600,-8,-27,7,7,3,42,2,15,-7,-23,1,6,-14,27,4,16,-12,-21,2,6,-12,39,9,25,-11,-21,7,7,-10,38,-5,15,-4,-23,6,7,-8,42,10,19,-7,-25,6,11,-8,39,7,12,-7,-24,6,26,-13,44,7,14,-5,-22,5,2,-5,40,7,21
30.5800,-12,-26,7,8,1,38,8,20,-8,-21,3,6,-9,28,5,18,-8,-15,3,7,-8,39,11,22,-8,-24,4,4,-10,38,-2,13,0,-22,6,6,-12,36,10,14,-4,-26,10,4,-7,37,5,9,-7,-20,10,25,-7,37,6,17,-7,-22,5,6,-9,39,8,19
30.6000,-9,-26,5,5,-5,43,8,17,-4,-24,5,6,-10,32,6,19,-6,-15,5,12,-5,35,7,26,-8,-20,6,6,-8,38,-1,12,2,-18,10,8,-12,37,11,17,-9,-25,8,6,-7,40,9,14,-10,-23,6,19,-9,37,8,17,-9,-21,4,5,-12,37,3,16
30.6200,-9,-27,6,7,-5,35,4,21,-9,-20,5,6,-7,27,7,21,-9,-20,4,8,-11,36,9,23,-7,-22,9,7,-9,40,-6,15,-4,-18,4,6,-11,40,6,19,-2,-29,2,8,-2,37,7,11,-8,-25,6,20,-5,35,8,17,-9,-21,7,4,-10,37,3,18
30.6400,-9,-25,1,5,-4,39,9,17,-10,-20,3,5,-11,28,7,13,-13,-14,2,9,-5,36,4,26,-10,-19,6,7,-9,35,-4,15,-4,-19,8,7,-12,35,7,14,-10,-22,3,7,-2,32,7,13,-8,-21,6,25,-9,40,8,17,-5,-20,10,4,-9,35,8,17
30.6600,-7,-27,4,7,-2,38,7,17,-4,-26,3,3,-11,33,7,14,-8,-19,9,8,-6,40,10,25,-10,-22,7,5,-7,38,1,15,-2,-24,3,6,-9,40,8,18,-5,-27,5,6,-9,37,6,14,-7,-22,8,22,-4,39,5,17,-7,-25,5,4,-9,38,6,19
30.6800,-10,-27,7,8,-1,39,6,17,-7,-25,6,8,-12,30,5,17,-10,-23,8,7,-7,33,6,24,-8,-23,4,3,-9,35,-4,17,1,-19,7,9,-8,36,9,15,-3,-22,9,9,-8,39,6,12,-11,-24,9,23,-10,37,8,18,-6,-21,7,0,-12,38,9,15
30.7000,-10,-25,4,10,0,39,6,19,-9,-22,9,4,-6,32,2,17,-8,-19,5,9,-14,35,9,23,-10,-21,7,6,-6,33,2,17,-6,-22,6,7,-8,35,9,17,-8,-27,3,10,-10,39,8,14,-7,-23,9,23,-8,36,5,17,-8,-20,5,5,-10,37,7,19
30.7200,-8,-27,6,4,-2,36,12,16,-9,-19,5,5,-6,32,2,21,-10,-15,5,10,-7,37,6,28,-8,-22,6,8,-5,39,-2,12,-3,-22,6,4,-8,34,11,18,-6,-28,5,10,-8,39,10,11,-10,-20,6,21,-10,38,7,17,-9,-23,9,4,-14,36,6,13
30.7400,-12,-25,8,7,-3,40,8,14,-9,-23,8,7,-11,32,13,19,-9,-19,8,7,-8,35,8,25,-10,-19,7,3,-10,39,1,16,4,-21,8,5,-10,39,7,16,-7,-24,7,3,-9,43,4,12,-7,-22,11,20,-9,38,9,14,-9,-20,8,9,-11,36,7,17
30.7600,-9,-26,5,8,0,37,8,18,-6,-22,7,8,-13,29,8,17,-9,-21,7,5,-9,35,11,19,-5,-21,3,6,-8,38,-2,17,-1,-21,6,9,-11,37,10,15,-8,-28,7,7,-8,39,8,9,-8,-21,3,22,-8,34,7,17,-3,-22,6,4,-8,38,7,15
30.7800,-13,-24,3,5,3,36,5,16,-3,-21,4,6,-13,32,11,17,-9,-20,6,6,-9,36,5,21,-7,-23,1,9,-8,38,-3,16,0,-24,3,4,-13,37,10,12,-8,-28,5,4,-6,39,11,9,-7,-23,5,21,-7,35,8,18,-8,-21,3,9,-11,39,10,14
30.8000,-3,-28,3,5,-1,38,6,16,-7,-23,4,6,-10,27,10,16,-9,-12,4,1,-12,35,8,22,-7,-19,2,9,-11,32,1,14,0,-20,3,10,-8,38,6,18,-9,-26,4,2,-4,35,5,12,-9,-21,3,21,-7,37,4,17,-10,-22,1,6,-10,41,10,18
30.8200,-9,-21,4,7,4,37,4,17,-9,-21,1,6,-11,31,6,16,-10,-18,2,7,-10,37,10,23,-9,-22,3,7,-9,34,-6,14,-2,-19,7,8,-10,36,10,21,-5,-26,4,4,-8,34,8,12,-8,-21,8,20,-11,41,6,16,-6,-21,2,6,-11,36,11,17
30.8400,-11,-25,3,8,-4,38,6,17,-6,-25,8,1,-8,29,6,15,-8,-19,1,9,-8,34,9,22,-5,-21,6,5,-4,37,-3,11,-2,-17,5,2,-11,36,10,16,-8,-28,4,6,-3,34,6,12,-8,-23,3,20,-7,36,4,14,-8,-24,4,9,-3,36,7,16
30.8600,-9,-24,5,5,-3,40,10,18,-7,-24,6,8,-10,26,7,15,-9,-25,1,4,-11,37,10,20,-3,-19,-1,1,-11,36,-4,10,0,-22,2,4,-12,38,10,15,-7,-27,7,5,-6,38,6,15,-10,-22,5,22,-10,39,8,22,-9,-19,1,8,-12,35,7,14
30.8800,-10,-25,5,8,0,43,5,16,-7,-23,7,3,-6,26,5,13,-15,-19,5,6,-12,31,8,22,-6,-19,8,8,-6,40,0,17,0,-25,-2,7,-11,36,6,15,-3,-29,2,9,-6,38,9,12,-6,-21,2,25,-12,36,11,19,-10,-22,4,2,-12,42,5,14
30.9000,-9,-22,1,3,2,37,6,18,-4,-23,4,5,-9,33,6,19,-8,-24,6,5,-10,34,6,26,-9,-17,1,4,-8,37,-2,15,-5,-21,6,7,-12,38,7,14,-9,-31,0,6,-4,38,7,10,-3,-21,3,20,-10,37,8,16,-10,-20,3,5,-7,37,9,17
30.9200,-7,-27,6,6,-5,34,8,16,-6,-22,2,7,-9,28,7,16,-7,-24,5,8,-9,36,10,23,-11,-21,4,8,-6,38,-1,13,0,-19,-1,5,-7,34,8,17,-7,-31,3,5,-4,36,6,15,-5,-20,6,24,-10,37,6,10,-10,-23,2,7,-9,40,8,17
30.9400,-9,-22,4,11,2,39,7,18,-9,-24,3,6,-9,31,5,17,-14,-20,0,8,-8,34,9,24,-10,-21,6,8,-7,37,-3,14,1,-21,1,5,-8,37,6,17,-4,-26,6,7,-7,34,6,13,-8,-18,4,18,-5,36,5,16,-8,-23,3,9,-7,40,9,17
30.9600,-11,-23,6,6,0,36,6,16,-7,-22,3,4,-9,30,4,11,-9,-20,5,3,-13,37,9,22,-5,-18,5,6,-6,37,-5,18,-2,-19,5,6,-9,35,9,14,-11,-28,3,6,-9,34,10,10,-8,-21,2,19,-7,35,6,15,-5,-25,6,4,-11,37,9,16
30.9800,-5,-23,7,3,1,38,8,16,-11,-21,6,4,-11,27,7,13,-6,-22,4,11,-9,37,7,22,-8,-17,5,3,-9,35,-5,12,-4,-22,4,6,-9,40,7,17,-6,-27,8,7,-7,36,10,14,-8,-19,7,21,-12,40,8,14,-3,-24,5,0,-8,35,9,16
31.0000,-7,-25,2,7,-5,39,10,18,-9,-19,3,4,-10,29,7,16,-8,-23,-1,5,-8,37,14,23,-12,-23,8,12,-10,38,-4,12,-1,-17,5,6,-11,36,7,15,-5,-25,2,9,-5,35,12,15,-10,-26,7,24,-7,42,10,12,-3,-20,1,4,-8,40,10,16
31.0200,-14,-25,1,4,-2,36,12,11,-7,-25,3,8,-11,26,6,17,-9,-19,5,5,-8,40,9,24,-9,-21,4,5,-11,39,-6,15,-3,-23,8,3,-9,38,2,15,-7,-31,4,6,-6,41,2,12,-7,-24,5,19,-4,37,2,19,-8,-23,2,1,-8,39,8,17
31.0400,-8,-26,4,6,-2,35,3,16,-8,-22,1,3,-7,29,8,15,-9,-23,4,5,-11,36,6,17,-7,-22,2,9,-10,34,-2,15,2,-24,6,7,-14,37,10,16,-6,-29,2,4,-11,37,5,11,-6,-23,7,25,-11,37,9,16,-4,-25,2,6,-11,34,7,13
31.0600,-13,-27,0,6,3,41,6,14,-11,-21,4,4,-10,25,9,17,-6,-17,2,7,-10,39,15,22,-5,-21,6,6,-8,39,-6,13,2,-26,4,4,-14,36,5,10,-8,-30,2,4,-8,36,9,15,-8,-21,9,24,-9,41,5,15,-14,-24,-2,6,-9,36,12,13
31.0800,-11,-23,5,3,-2,39,10,12,-7,-22,5,6,-9,27,8,19,-9,-19,1,5,-10,37,8,23,-5,-23,0,8,-10,37,-2,11,4,-22,0,2,-13,40,8,16,-5,-27,-1,4,-8,38,8,19,-3,-22,3,22,-11,35,7,13,-10,-22,4,7,-8,36,10,16
31.1000,-8,-24,2,7,-6,39,9,11,-7,-22,2,5,-7,26,9,15,-5,-20,3,7,-13,34,7,25,-8,-24,2,3,-9,35,-3,8,0,-22,0,4,-13,36,6,18,-10,-26,2,5,-5,36,8,10,-8,-23,2,22,-10,37,5,16,-8,-21,-1,8,-7,32,6,13
31.1200,-9,-23,5,8,1,40,5,15,-6,-22,1,8,-11,30,7,16,-9,-20,1,5,-9,35,5,20,-3,-18,0,5,-8,39,-1,13,2,-22,2,4,-13,39,12,13,-10,-24,4,11,-6,42,7,11,-5,-24,7,19,-11,38,6,15,-7,-24,-1,4,-8,36,9,14
31.1400,-12,-24,2,8,0,40,11,16,-10,-20,5,4,-9,27,3,14,-5,-20,7,6,-11,38,9,25,-6,-21,3,4,-8,37,-8,15,-2,-21,3,9,-11,39,9,13,-5,-30,1,8,-7,38,7,12,-11,-21,1,21,-15,33,7,15,-8,-20,0,9,-10,35,9,14
31.1600,-7,-25,4,4,-1,35,5,15,-11,-25,2,4,-10,28,7,13,-8,-19,0,1,-9,34,10,21,-6,-26,2,3,-9,36,-5,13,1,-23,3,9,-11,38,7,17,-7,-33,2,3,-8,40,8,13,-5,-22,5,16,-13,39,9,16,-9,-24,2,7,-10,35,5,13
31.1800,-10,-28,6,3,3,39,8,17,-5,-19,4,8,-10,28,9,12,-10,-21,2,-1,-7,36,7,20,-12,-24,10,5,-8,40,-3,12,-1,-24,2,7,-11,38,9,17,-7,-27,3,4,-6,39,8,13,-9,-24,5,22,-9,35,11,19,-7,-23,1,5,-10,37,7,14
31.2000,-9,-26,6,5,0,38,10,15,-7,-22,7,8,-11,25,9,14,-9,-19,4,4,-10,38,6,23,-7,-20,8,6,-12,42,-1,15,-1,-25,-2,7,-10,36,5,18,-6,-28,10,11,-9,33,6,13,-5,-21,7,20,-11,36,9,13,-6,-24,7,6,-8,38,6,15
31.2200,-9,-26,2,5,-2,35,5,18,-3,-21,-1,5,-10,27,8,13,-14,-19,3,3,-9,36,8,21,-7,-21,1,2,-6,38,1,13,1,-24,1,6,-12,34,8,13,-8,-26,3,6,-5,33,10,16,-6,-21,8,20,-7,37,8,10,-7,-21,0,3,-7,41,10,11
31.2400,-12,-23,1,4,-3,36,5,13,-6,-19,5,5,-8,31,10,14,-8,-18,4,4,-6,32,6,19,-5,-18,3,6,-7,39,-1,12,0,-21,6,7,-8,38,9,19,-8,-30,3,6,-10,37,5,13,-8,-24,-1,21,-7,38,2,14,-9,-24,4,3,-7,34,6,16
31.2600,-11,-26,3,4,-2,36,7,18,-6,-19,1,7,-5,28,12,13,-6,-21,2,3,-11,41,12,18,-2,-19,1,4,-8,34,-4,14,1,-22,4,7,-11,32,8,14,-5,-29,3,5,-9,39,7,10,-12,-25,6,20,-3,33,4,12,-7,-24,1,5,-11,38,4,15
31.2800,-11,-25,-1,7,-3,38,6,17,-7,-25,4,3,-10,30,4,21,-11,-19,2,6,-11,34,7,19,-10,-19,4,7,-6,38,-3,10,2,-23,3,7,-13,36,11,18,-5,-26,3,3,-11,37,1,12,-9,-23,7,20,-7,34,8,17,-11,-22,-2,5,-11,37,6,10
31.3000,-11,-26,3,6,4,36,5,14,-9,-21,5,7,-11,23,9,16,-6,-19,3,1,-13,38,5,17,-6,-19,1,8,-7,35,-4,8,3,-22,3,5,-10,33,7,12,-9,-32,2,3,-8,37,7,12,-7,-23,7,24,-9,39,12,13,-6,-21,-2,7,-9,38,10,13
31.3200,-10,-22,-3,7,2,33,8,13,-9,-25,1,9,-10,28,11,15,-9,-22,4,8,-8,34,8,17,-8,-20,4,8,-6,39,-1,16,1,-21,2,3,-10,42,12,15,-9,-34,2,5,-9,35,11,15,-8,-26,3,22,-10,38,9,11,-7,-21,-4,8,-8,35,6,16
31.3400,-7,-28,4,7,-1,35,9,13,-3,-21,-2,2,-8,27,7,12,-8,-19,-1,4,-8,36,7,21,-4,-19,3,10,-7,40,-3,15,-2,-20,0,4,-11,38,12,14,-9,-28,3,1,-8,35,3,10,-9,-18,3,17,-8,39,5,10,-9,-20,-2,4,-11,35,7,12
31.3600,-7,-26,0,6,-3,38,4,13,-5,-24,5,5,-9,29,6,17,-7,-20,1,7,-11,35,11,18,-7,-20,3,-1,-5,39,-2,15,-4,-18,0,4,-10,41,12,12,-4,-29,2,5,-10,34,8,10,-8,-18,-1,19,-13,33,11,15,-8,-19,-1,5,-11,37,8,17
31.3800,-11,-23,4,6,-2,41,13,13,-7,-23,3,3,-10,29,8,15,-7,-19,-1,7,-13,37,7,19,-7,-21,8,9,-6,33,-2,18,0,-21,4,7,-13,37,10,17,-11,-26,-3,5,-10,39,6,10,-10,-23,6,19,-15,42,6,14,-4,-21,3,7,-15,36,6,10
31.4000,-11,-27,5,1,-1,37,6,12,-7,-24,3,6,-11,28,7,15,-9,-20,7,3,-10,36,6,24,-9,-23,1,2,-8,39,-4,14,0,-26,7,2,-11,36,3,17,-4,-27,5,6,-11,36,8,12,-9,-22,5,23,-12,40,3,13,-9,-26,8,4,-6,36,5,13
31.4200,-13,-30,7,5,-6,34,9,12,-7,-29,3,9,-8,30,9,14,-8,-24,-1,8,-10,37,9,18,-12,-21,-1,3,-5,39,-2,10,5,-26,-1,6,-12,38,7,15,-7,-27,6,6,-10,33,6,10,-9,-22,2,21,-10,34,7,13,-5,-25,3,3,-10,37,8,11
31.4400,-9,-29,3,3,3,38,6,12,-6,-23,1,6,-10,30,5,13,-10,-24,5,6,-14,36,8,17,-5,-19,2,5,-11,41,3,15,-4,-23,3,2,-11,37,10,15,-8,-26,5,5,-5,35,10,13,-9,-19,6,21,-10,40,8,14,-7,-21,6,4,-9,36,7,18
31.4600,-4,-25,2,3,-3,34,8,11,-8,-25,3,7,-12,26,11,14,-10,-26,-1,10,-11,36,8,19,-6,-21,5,9,-6,37,-6,13,2,-25,4,3,-12,36,8,14,-7,-26,4,4,-8,35,14,10,-8,-21,3,20,-16,34,3,15,-5,-21,5,1,-11,34,5,15
31.4800,-11,-27,-1,11,-5,36,8,13,-6,-25,2,3,-9,26,5,15,-8,-20,4,8,-7,36,10,21,-7,-18,2,5,-9,37,-3,13,-2,-22,5,4,-8,35,3,17,0,-29,-1,3,-10,33,8,10,-7,-18,6,24,-9,36,4,11,-5,-24,1,2,-13,41,6,14
31.5000,-6,-24,2,1,-6,37,6,9,-10,-25,-3,-1,-12,30,7,13,-6,-24,2,2,-13,30,9,19,-9,-19,-3,5,-10,32,-4,12,2,-22,0,7,-9,33,10,16,-5,-34,0,6,-6,36,3,12,-9,-22,4,20,-10,32,11,16,-6,-23,4,3,-11,37,9,16
31.5200,-10,-25,-2,5,-3,37,6,9,-6,-22,5,6,-9,29,8,15,-8,-22,0,4,-9,33,8,19,-11,-19,-1,3,-8,37,-1,13,0,-20,2,5,-10,36,9,14,-5,-32,0,2,-4,34,7,13,-8,-25,6,18,-8,32,11,12,-6,-18,2,3,-7,35,2,11
31.5400,-12,-27,1,4,-3,36,7,13,-8,-24,4,2,-13,23,6,12,-11,-21,1,5,-10,32,10,16,-11,-24,3,3,-8,41,3,10,-2,-26,0,1,-6,38,12,12,-9,-30,1,4,-8,34,9,10,-8,-24,6,20,-8,33,6,11,-9,-26,2,4,-9,35,8,14
31.5600,-11,-24,4,3,3,33,11,9,-7,-25,3,6,-12,30,11,12,-7,-23,1,4,-14,37,8,18,-9,-17,4,5,-10,39,0,12,-2,-22,3,3,-13,39,9,13,-4,-28,0,8,-8,34,9,8,-4,-19,5,17,-8,36,10,12,-6,-22,4,4,-11,34,9,12
31.5800,-11,-26,4,3,-2,32,5,15,-7,-21,5,6,-11,30,10,16,-9,-19,3,8,-12,36,13,20,-7,-23,3,3,-7,38,-1,12,1,-21,2,4,-12,39,7,15,-6,-26,1,1,-6,36,13,8,-8,-28,2,22,-10,31,6,13,-3,-23,2,2,-10,36,6,12
31.6000,-8,-23,2,4,-3,39,7,10,-5,-21,0,5,-10,23,12,9,-6,-21,1,2,-13,33,7,19,-9,-20,2,8,-6,37,-6,12,3,-18,4,5,-14,33,11,17,-7,-28,0,0,-7,33,10,15,-4,-20,6,17,-11,36,5,14,-4,-20,3,3,-9,36,7,15
31.6200,-3,-21,0,4,1,36,6,9,-7,-23,3,7,-11,27,3,15,-7,-22,-1,8,-14,32,12,12,-7,-23,1,11,-6,36,-3,13,0,-26,1,9,-8,39,6,13,-7,-26,-4,2,-6,32,8,11,-7,-22,0,17,-8,41,7,13,-7,-22,-1,5,-9,37,12,14
31.6400,-8,-23,7,6,1,36,6,9,-12,-22,-2,5,-6,30,10,14,-8,-21,-2,5,-13,34,11,17,-7,-21,1,-4,-7,35,0,18,1,-24,2,2,-8,42,11,13,-9,-31,1,1,-11,37,12,11,-6,-21,6,20,-11,37,9,9,-5,-26,1,2,-3,33,4,15
31.6600,-10,-24,-1,1,-6,38,6,11,-6,-21,1,4,-11,22,7,13,-10,-18,-2,6,-11,33,10,20,-2,-21,2,4,-8,36,-2,16,-1,-24,-3,0,-10,34,10,13,-6,-26,1,7,-7,32,6,14,-7,-20,1,20,-7,37,8,11,-6,-23,0,3,-9,38,2,12
31.6800,-4,-26,3,3,-2,36,6,9,-6,-24,2,6,-12,28,6,13,-10,-19,1,5,-9,34,6,23,-3,-22,4,3,-11,35,-2,14,2,-27,-2,8,-12,37,9,15,-7,-31,1,1,-5,32,10,11,-8,-20,4,18,-10,37,10,15,0,-24,0,5,-11,35,8,16
31.7000,-7,-29,1,7,-3,38,4,10,-8,-23,1,2,-4,25,7,16,-9,-22,0,3,-9,35,4,19,-2,-19,-3,8,-7,40,-5,11,-2,-22,1,5,-11,35,8,15,-3,-30,0,7,-6,34,7,8,-8,-19,1,22,-10,36,10,14,-2,-26,2,2,-9,38,9,15
31.7200,-9,-24,-1,6,0,39,3,11,-10,-24,1,8,-11,32,7,13,-11,-21,1,3,-10,30,12,22,-5,-18,4,7,-5,38,1,14,-1,-22,3,2,-10,35,7,17,-4,-29,-2,4,-6,33,7,11,-8,-21,1,16,-11,37,9,13,-4,-21,2,0,-11,36,6,19
31.7400,-11,-23,4,4,-5,35,7,8,-8,-24,1,6,-9,27,6,15,-9,-22,0,5,-15,32,8,21,-6,-18,-4,6,-7,35,0,13,0,-22,1,5,-9,39,8,17,-8,-32,-1,5,-5,38,8,10,-7,-25,7,19,-11,35,10,13,-7,-24,1,4,-14,38,10,16
31.7600,-8,-21,1,5,-2,35,1,13,-7,-23,1,5,-13,26,12,14,-7,-20,0,4,-11,35,10,20,-9,-20,2,0,-9,36,1,8,0,-23,1,3,-9,32,13,11,-10,-28,4,2,-5,33,13,14,-6,-21,5,19,-9,33,9,15,-3,-23,-2,4,-8,37,6,13
31.7800,-11,-24,0,0,-5,34,7,13,-8,-22,-2,2,-8,26,15,16,-5,-19,3,7,-11,31,11,19,-5,-20,4,3,-4,35,-3,10,0,-20,2,10,-9,31,10,11,-7,-33,3,3,-5,36,10,14,-8,-24,4,16,-8,35,12,15,-9,-24,3,3,-5,38,7,12
31.8000,-7,-23,0,5,-3,37,6,13,-8,-21,0,4,-10,30,12,14,-8,-22,0,7,-10,32,6,21,-5,-19,6,6,-11,38,-4,10,0,-27,1,5,-13,32,6,15,-6,-32,3,3,-9,35,12,12,-5,-23,1,17,-11,37,9,11,-7,-24,5,3,-13,36,8,12
31.8200,-8,-26,-1,5,-1,32,7,12,-9,-30,0,4,-10,26,5,12,-7,-23,-4,1,-19,36,5,17,-4,-19,2,4,-7,36,4,5,-2,-23,-3,7,-11,36,7,14,-5,-28,0,6,-8,31,15,13,-6,-24,0,17,-8,36,7,17,-2,-21,0,6,-12,30,4,14
31.8400,-8,-27,1,8,-1,40,7,13,-7,-23,-2,-1,-7,22,8,18,-10,-19,-1,2,-9,35,9,19,-6,-19,-1,5,-8,37,-2,16,1,-20,-3,7,-9,34,7,13,0,-29,0,8,-8,36,7,11,-3,-25,2,21,-6,29,9,12,-8,-23,-3,6,-7,40,9,13
31.8600,-8,-27,-1,2,-3,37,3,7,-6,-24,3,3,-11,30,4,12,-14,-25,1,3,-15,34,10,19,-10,-20,0,1,-10,38,1,11,2,-22,-2,7,-7,31,5,15,-6,-29,-5,8,-9,36,11,14,-3,-23,6,17,-5,35,9,9,-5,-25,0,7,-9,34,7,10
31.8800,-9,-26,2,5,-3,37,10,9,-7,-21,2,6,-5,26,12,10,-5,-21,3,-1,-12,36,5,20,-7,-19,3,6,-4,36,2,10,2,-21,-2,3,-9,38,5,12,-9,-28,3,3,-8,34,10,6,-7,-22,7,19,-9,37,11,11,-6,-25,1,4,-10,32,9,11
31.9000,-7,-27,2,4,-2,34,6,7,-3,-21,0,5,-7,26,11,14,-9,-25,-4,4,-9,36,13,19,-9,-16,3,4,-8,38,1,12,3,-22,1,5,-10,37,9,7,-7,-28,-2,5,-6,37,12,7,-6,-26,-5,19,-10,36,8,13,-8,-24,-3,6,-10,33,8,14
31.9200,-6,-28,3,7,-1,34,7,12,-3,-20,2,5,-4,22,3,14,-10,-24,2,6,-15,31,7,16,-6,-19,2,3,-6,34,-1,9,0,-21,-2,4,-7,35,13,21,-5,-31,1,7,-10,37,8,15,-4,-25,0,14,-7,35,7,14,-6,-22,-2,3,-10,33,9,11
31.9400,-8,-27,-2,1,2,37,6,5,-10,-23,3,-1,-8,27,6,12,-8,-24,3,7,-13,34,9,18,-5,-23,-1,6,-4,36,-2,9,1,-22,1,5,-9,29,7,13,-9,-31,-1,5,-12,32,7,12,-11,-22,-4,20,-13,33,9,11,-5,-23,0,6,-10,35,7,7
31.9600,-9,-23,-1,3,3,36,7,7,-6,-24,2,6,-7,30,11,16,-11,-22,1,10,-13,34,10,17,-7,-21,4,7,-7,35,0,10,1,-22,-5,4,-13,31,8,12,-11,-28,0,-2,-4,34,5,9,-6,-25,2,20,-11,38,6,16,-7,-23,-3,6,-11,30,5,11
31.9800,-8,-26,3,3,-6,35,4,11,-3,-24,-1,4,-10,26,12,12,-8,-22,0,6,-13,36,11,20,-8,-21,3,5,-5,40,-3,14,1,-20,3,5,-12,39,8,15,-3,-30,-2,2,-9,35,11,13,-4,-26,-1,18,-10,36,7,12,-7,-25,1,4,-10,33,5,13
32.0000,-5,-25,5,7,0,38,8,15,-8,-21,1,-1,-6,28,12,11,-8,-23,-1,4,-9,37,9,20,-5,-17,3,1,-2,38,-2,11,3,-23,-1,5,-13,37,7,13,-7,-29,3,2,-8,37,13,7,-4,-18,-2,17,-9,36,7,9,-8,-22,-3,3,-10,34,9,8
32.0200,-7,-25,-1,3,-1,39,8,10,-7,-26,6,1,-9,24,13,11,-9,-21,-1,-1,-11,36,9,21,-5,-15,1,8,-8,35,-1,11,2,-23,0,5,-12,34,8,12,-7,-27,1,3,-14,33,14,8,-5,-23,-3,16,-13,36,8,11,-4,-23,-1,6,-8,33,4,12
32.0400,-9,-23,-1,1,-3,31,6,11,-5,-23,0,10,-11,23,12,11,-16,-23,1,6,-13,35,5,20,-8,-19,-1,2,-5,37,0,9,-1,-19,-2,4,-10,35,6,14,-9,-29,0,2,-8,38,11,7,-11,-23,2,20,-14,32,6,10,-4,-25,0,2,-13,36,7,11
32.0600,-7,-23,2,7,-1,33,6,10,-3,-26,-3,4,-4,26,10,12,-8,-24,1,3,-17,31,8,21,-4,-17,-3,3,-8,39,-3,15,4,-19,-3,5,-13,33,8,12,-6,-28,1,6,-10,31,11,9,-7,-22,1,20,-10,35,5,11,-7,-21,1,6,-13,35,5,7
32.0800,-11,-24,0,8,-2,35,8,11,-8,-23,-2,5,-10,27,9,12,-8,-22,-1,7,-15,33,5,13,-4,-20,1,5,-11,41,-1,12,0,-22,-2,3,-10,36,11,12,-8,-27,-1,1,-5,36,15,9,-6,-22,2,14,-5,34,8,15,-7,-22,-4,5,-11,34,5,6
32.1000,-7,-27,-3,3,-1,34,5,11,-7,-25,-4,4,-5,22,11,16,-7,-22,1,8,-11,32,7,15,-7,-22,0,2,-11,38,-2,13,0,-22,1,5,-12,36,7,13,-3,-30,0,3,-11,31,13,11,-6,-22,-4,18,-9,35,9,12,-7,-20,0,6,-11,38,8,10
32.1200,-3,-25,0,6,-7,34,7,9,-7,-22,1,-2,-8,23,10,12,-7,-23,0,6,-10,32,5,19,-5,-19,-1,3,-5,38,0,8,4,-21,-1,0,-14,34,0,14,-6,-31,3,2,-7,37,10,12,-10,-25,2,14,-10,32,10,12,-7,-23,0,5,-7,30,8,13
32.1400,-8,-33,2,5,-3,32,8,9,-9,-24,3,5,-6,28,4,14,-6,-24,1,3,-13,35,8,18,-8,-18,-3,5,-3,41,-1,8,-3,-21,2,6,-13,32,10,12,-9,-29,0,3,-9,34,9,7,-7,-25,-1,17,-10,38,6,14,-4,-18,3,4,-10,32,11,13
32.1600,-8,-28,0,1,-1,33,6,6,-8,-26,-3,8,-7,26,9,14,-7,-27,-1,5,-9,37,7,21,-5,-20,-2,0,-10,38,0,11,2,-23,-1,3,-12,35,4,15,-11,-30,2,6,-11,35,4,11,-4,-21,-1,20,-11,34,6,14,-6,-21,1,2,-9,32,6,14
32.1800,-6,-24,0,4,-4,35,10,6,-6,-23,0,1,-9,28,13,10,-3,-23,-2,2,-11,34,3,16,-6,-18,-4,4,-10,38,0,11,2,-22,-1,7,-7,32,7,8,-6,-31,-2,2,-8,34,9,11,-12,-22,0,16,-10,32,9,8,-5,-25,-5,5,-10,33,3,15
32.2000,-8,-27,-1,5,-5,35,9,7,-13,-21,-2,3,-13,27,12,10,-11,-24,0,4,-15,34,9,15,-6,-19,-2,2,-2,37,-2,10,3,-21,-1,6,-12,35,4,8,-9,-30,-1,7,-9,31,6,9,-11,-25,1,16,-13,37,10,11,-10,-22,-1,2,-13,35,12,12
32.2200,-8,-26,1,2,-4,35,6,9,-5,-21,0,0,-11,25,9,10,-5,-24,0,3,-17,35,9,16,-6,-18,-5,4,-8,39,0,11,2,-25,1,4,-12,34,8,8,-3,-30,-2,8,-9,35,6,8,-9,-21,3,17,-7,33,12,7,-4,-20,-1,2,-10,36,8,11
32.2400,-10,-26,0,2,-2,38,8,5,-8,-24,-3,4,-6,27,11,12,-9,-22,1,0,-10,35,8,17,-3,-23,-2,6,-10,38,0,9,0,-22,0,5,-10,36,5,13,-10,-29,-4,1,-6,37,14,9,-9,-21,4,19,-12,32,6,9,-8,-28,-3,3,-10,34,12,12
32.2600,-8,-24,2,5,3,32,7,9,-6,-26,-1,4,-8,25,11,9,-7,-23,-1,6,-14,33,5,16,-3,-18,3,2,-11,36,-3,10,3,-22,-1,6,-11,37,4,12,-8,-32,0,6,-5,37,10,7,-9,-23,2,17,-8,31,9,7,-7,-26,-2,1,-15,36,10,6
32.2800,-7,-23,-1,-2,-4,37,7,9,-5,-23,-8,6,-12,27,6,14,-7,-19,-1,5,-19,30,6,18,1,-22,-2,5,-7,34,0,13,5,-25,-2,2,-11,37,8,11,-5,-30,3,3,-8,34,12,12,-7,-24,1,14,-12,40,10,9,-7,-28,-4,7,-11,36,6,12
32.3000,-9,-24,-2,-1,-4,32,8,6,-5,-22,-2,2,-10,25,9,14,-10,-23,0,-2,-11,32,9,20,-6,-20,-2,5,-1,36,-4,11,3,-20,-6,3,-10,34,8,10,-3,-32,-1,2,-8,32,14,11,-5,-24,-5,16,-7,33,7,13,-9,-26,2,2,-6,37,7,10
32.3200,-8,-20,-3,0,-5,35,10,5,-4,-25,-1,4,-11,25,7,13,-6,-22,2,3,-10,32,10,19,-4,-20,1,4,-10,38,-3,8,3,-22,-1,1,-10,30,6,13,-6,-31,3,1,-7,34,12,15,-5,-25,-2,13,-11,34,7,11,-5,-24,0,6,-10,33,9,11
32.3400,-3,-22,-1,4,-8,35,6,4,-3,-26,0,4,-6,26,9,15,-1,-24,-1,3,-13,32,13,15,-5,-18,2,2,-4,39,1,9,2,-21,-4,6,-11,29,5,11,-8,-27,-2,4,-7,32,12,13,-9,-22,1,20,-10,32,5,15,-6,-26,4,3,-12,36,9,14
32.3600,-12,-21,0,4,-3,33,3,6,-7,-27,1,2,-5,26,7,12,-8,-18,-1,8,-13,38,7,16,-6,-22,-1,2,-8,36,-1,9,-2,-24,-2,1,-13,34,7,7,-9,-33,-3,4,-6,31,13,9,-10,-26,-1,13,-10,34,8,11,-8,-27,-2,6,-7,33,7,11
32.3800,-6,-26,-4,4,0,35,9,10,-6,-24,-2,6,-8,24,8,11,-9,-19,-1,1,-13,37,8,18,-5,-22,-1,4,-9,38,-1,9,1,-24,1,2,-9,33,5,12,-9,-33,-3,5,-11,32,13,7,-8,-24,-1,12,-8,32,6,9,-11,-25,0,0,-10,33,9,13
32.4000,-10,-25,0,7,-4,33,5,3,-7,-22,-3,6,-8,22,4,13,-4,-21,-4,0,-13,32,9,18,-2,-21,0,2,-8,34,1,11,1,-20,-3,7,-17,30,2,9,-4,-27,-3,3,-9,34,10,11,-5,-25,-3,18,-12,36,8,13,-9,-25,-2,3,-11,38,3,8
32.4200,-7,-21,-2,4,-6,35,10,7,-11,-26,-5,4,-8,23,11,13,-7,-24,-1,4,-16,32,10,18,-1,-19,-4,1,-9,36,-1,8,0,-26,-4,3,-13,35,9,11,-2,-35,-2,6,-13,30,9,9,-4,-23,-1,15,-4,35,4,9,-7,-23,-2,4,-8,29,15,16
32.4400,-8,-20,-5,2,-4,35,6,8,-11,-28,4,4,-7,23,12,11,-5,-27,3,2,-10,34,11,15,-4,-15,2,7,-11,33,1,6,2,-22,-5,8,-9,34,8,10,-8,-34,0,2,-9,32,16,6,-4,-23,-3,19,-6,34,7,12,-6,-21,1,6,-10,32,15,11
32.4600,-7,-22,-1,4,-4,32,10,4,-4,-19,-5,8,-3,25,14,11,-5,-22,1,2,-13,32,10,19,-3,-19,-4,5,-8,33,4,7,3,-23,-1,2,-6,31,4,8,-3,-29,-1,5,-11,36,13,9,-8,-24,-7,12,-13,35,12,10,-3,-21,-10,-2,-5,36,9,11
32.4800,-4,-24,-6,5,-3,35,8,8,-10,-27,-2,9,-4,24,5,8,-9,-23,-2,4,-14,33,10,21,-5,-20,0,2,-6,36,-3,9,3,-17,-1,3,-7,34,9,10,-7,-27,-1,2,-10,34,11,9,-11,-27,-4,18,-13,35,8,9,-7,-26,-3,1,-10,32,7,11
32.5000,-9,-29,-5,9,-3,35,7,6,-6,-25,-4,4,-8,19,10,12,-8,-26,4,4,-11,33,7,16,-9,-19,-3,5,-8,33,2,12,0,-19,0,-1,-9,36,8,12,-5,-30,-3,2,-8,34,7,9,-3,-20,-3,15,-9,34,9,7,-9,-25,-2,6,-14,33,9,10
32.5200,-7,-25,2,7,-4,35,4,10,-9,-25,-3,-1,-7,24,7,11,-10,-25,-2,4,-11,31,9,16,-7,-21,-2,2,-7,34,-4,12,0,-23,1,7,-12,32,10,10,-4,-27,-2,2,-9,38,7,11,-9,-26,1,12,-10,32,8,11,-7,-20,1,4,-9,30,9,13
32.5400,-4,-22,-4,2,-4,31,11,7,-10,-23,-5,7,-8,26,10,14,-9,-25,-3,5,-14,37,8,21,-4,-19,-2,2,-11,36,-2,9,1,-19,-9,2,-12,31,8,5,-7,-30,-3,2,-10,37,10,12,-3,-24,1,15,-11,35,11,12,-7,-20,0,6,-12,35,7,11
32.5600,-6,-25,-6,3,-3,38,6,10,-9,-21,0,7,-6,21,9,10,-10,-22,-5,8,-15,31,8,19,-3,-19,-2,3,-7,33,3,7,4,-25,-4,11,-11,36,12,11,-8,-28,-4,1,-7,34,12,12,-6,-25,-2,16,-9,34,7,9,-9,-21,-2,6,-8,33,10,10
32.5800,-8,-22,1,2,0,32,7,-1,-8,-23,-3,3,-8,22,11,14,-9,-23,1,4,-9,30,8,14,-3,-21,-1,-1,-7,36,-1,12,-2,-21,-6,4,-8,35,10,10,-11,-31,-1,7,-10,30,11,8,-6,-26,-2,15,-12,35,7,9,-3,-24,-4,3,-7,30,7,13
32.6000,-5,-23,-1,3,-2,28,6,7,-4,-23,-5,2,-9,22,15,12,-8,-23,1,7,-18,31,4,17,-7,-21,-5,6,-8,36,-3,12,-1,-22,1,7,-13,31,10,9,-8,-30,-5,4,-9,34,9,9,-2,-25,-1,11,-9,38,5,9,-6,-19,4,3,-10,30,8,9
32.6200,-4,-31,-2,1,0,31,6,9,-3,-24,-1,3,-8,24,12,12,-10,-19,-2,3,-9,32,12,20,-7,-24,0,3,-11,36,-3,8,0,-24,-7,6,-7,28,13,11,-4,-29,1,7,-10,28,7,8,-3,-24,-5,14,-11,34,8,11,-7,-22,4,2,-6,35,7,14
32.6400,-7,-21,-5,7,-5,40,7,2,-2,-27,1,3,-12,25,14,9,-9,-20,-2,4,-13,31,10,14,-4,-23,-5,7,-5,29,3,15,2,-25,-2,4,-9,34,10,12,-3,-28,-5,4,-11,34,7,11,-8,-26,-1,16,-10,37,7,14,-8,-23,-7,2,-11,33,12,12
32.6600,-5,-25,-2,0,-3,38,6,8,-8,-26,-3,-1,-10,19,12,14,-8,-25,-2,6,-17,31,6,17,-4,-21,-6,3,-6,37,-2,11,-1,-21,-4,2,-6,34,11,10,-8,-26,-3,5,-11,37,12,12,-7,-25,-3,16,-9,32,9,9,-7,-24,-3,6,-11,32,10,10
32.6800,-8,-25,2,1,-4,35,8,5,-6,-24,-1,7,-7,26,13,10,-7,-24,-2,3,-12,31,8,19,-5,-21,-5,8,-8,35,-4,15,-1,-21,-4,5,-12,32,12,10,-11,-29,-2,1,-8,34,14,11,-7,-22,0,14,-10,33,6,13,-7,-26,-5,-1,-11,29,8,10
32.7000,-6,-25,-6,1,-4,36,9,9,-5,-21,-3,9,-7,26,9,12,-7,-24,-4,3,-14,31,6,14,-7,-20,-2,8,-10,34,2,9,1,-25,-1,2,-9,36,8,8,-6,-27,-5,7,-9,33,9,16,-5,-24,-3,14,-7,34,8,11,-6,-24,-4,1,-11,34,8,12
32.7200,-9,-24,-5,5,-5,33,5,9,-4,-24,-4,4,-7,20,8,11,-13,-28,-7,0,-12,31,6,16,-2,-25,-6,1,-8,37,-6,12,0,-21,-1,5,-13,31,5,7,-1,-31,-3,3,-6,34,10,14,-7,-23,-2,18,-13,29,14,13,-5,-23,-3,9,-12,31,7,8
32.7400,-7,-24,-5,4,-8,35,6,10,-5,-24,-3,2,-11,24,10,8,-6,-20,-6,4,-14,29,8,17,-3,-22,-6,0,-5,39,-3,8,3,-27,-1,2,-9,31,5,10,-5,-27,-1,4,-10,31,10,11,-6,-27,-3,10,-7,35,7,8,-4,-22,-4,4,-10,30,6,8
32.7600,-2,-23,-7,3,0,34,10,8,-5,-28,-3,1,-8,22,12,9,-8,-23,-3,3,-10,33,7,18,-3,-19,-4,7,-3,38,-1,12,1,-22,-5,-2,-10,32,5,12,-4,-26,-1,3,-13,36,1,12,-3,-25,-5,12,-9,33,10,11,-6,-25,1,2,-7,35,5,8
32.7800,-4,-26,-5,4,-1,36,10,9,-4,-31,-5,5,-5,24,12,17,-9,-28,-6,5,-14,33,13,15,-4,-21,-4,4,-7,34,-1,11,-3,-26,-6,4,-13,35,10,9,-3,-26,-1,6,-12,32,7,8,-6,-24,-5,12,-11,32,14,12,-2,-24,0,2,-8,35,6,7
32.8000,-4,-26,-1,4,-6,37,8,11,-8,-22,1,1,-4,23,12,16,-2,-27,-4,6,-13,32,5,15,-7,-14,0,4,-5,34,-3,4,-1,-25,-1,4,-8,34,9,12,-6,-28,-7,1,-10,31,12,14,-5,-25,-1,10,-10,32,11,13,-6,-26,-1,3,-10,29,12,9
32.8200,-8,-23,-2,2,-8,33,9,6,-2,-23,-4,0,-7,22,9,10,-4,-26,-2,0,-15,36,5,19,-6,-19,-4,-1,-8,36,0,9,-1,-26,-7,5,-11,31,6,6,-6,-29,-4,-1,-12,30,10,9,-5,-23,-2,10,-8,36,11,10,-3,-24,-5,2,-7,34,10,12
32.8400,-2,-23,-5,1,0,32,7,7,-6,-21,0,3,-6,21,13,7,-7,-27,-2,3,-11,31,19,15,-7,-16,-4,2,-6,34,0,9,0,-23,-5,5,-11,36,7,13,-10,-27,-8,5,-7,38,13,15,-4,-24,1,14,-11,30,6,7,-5,-22,-5,2,-8,29,10,12
32.8600,-5,-22,-3,4,-4,30,5,5,-4,-23,1,5,-4,24,15,11,-8,-26,-5,5,-12,33,12,15,-11,-20,-5,3,-9,31,-1,9,2,-26,-2,6,-4,36,10,10,-8,-27,-1,2,-8,34,12,10,-7,-23,-7,12,-8,34,9,9,-6,-25,-5,4,-12,32,13,9
32.8800,-9,-19,-6,5,-3,33,9,6,-6,-25,-4,1,-5,22,6,11,-6,-24,-1,3,-16,36,14,14,-3,-23,-8,1,-7,31,-4,11,0,-23,-7,3,-7,38,6,7,-7,-33,-5,7,-11,38,7,10,-6,-21,-2,13,-6,32,9,9,-5,-31,-4,6,-10,36,7,10
32.9000,-8,-20,-2,3,-4,33,7,7,-5,-27,1,3,-10,27,9,12,-6,-24,0,6,-12,30,8,17,-6,-20,-2,4,-7,32,-2,11,2,-23,-3,3,-8,33,8,10,0,-26,-7,3,-10,31,13,8,-5,-27,-1,14,-9,33,13,10,-8,-23,-2,5,-8,34,9,13
32.9200,-5,-23,-3,1,-5,35,11,5,-6,-25,-3,7,-7,26,9,10,-4,-25,-7,3,-12,35,13,12,-3,-22,-5,-1,-7,35,-3,10,-1,-22,-7,7,-8,33,6,11,-2,-28,-5,3,-13,30,13,6,-7,-24,-5,14,-9,34,10,14,-4,-28,-5,4,-9,33,8,15
32.9400,-3,-28,-4,3,-5,27,9,2,-1,-25,-6,1,-3,22,8,11,-9,-29,-2,4,-10,32,7,17,-2,-19,-2,3,-10,36,0,9,-4,-26,-7,3,-13,33,5,9,-5,-27,-5,2,-11,31,12,13,-3,-26,-5,11,-14,29,7,10,-6,-25,-6,4,-9,31,6,9
32.9600,-8,-18,-4,3,-5,33,7,9,-8,-21,-3,5,-11,24,13,13,-12,-29,-2,6,-10,35,10,19,-5,-20,-2,1,-7,34,-2,10,3,-20,-5,-2,-8,35,9,10,-5,-25,-4,6,-12,33,11,11,-4,-22,-2,8,-8,31,11,8,-2,-30,-4,5,-8,33,10,10
32.9800,-7,-25,-5,3,-4,29,10,8,-8,-23,-5,5,-7,22,13,12,-5,-24,0,4,-9,35,10,20,-3,-18,-2,-1,-10,33,-2,10,-2,-29,1,3,-11,31,12,9,-7,-33,-4,9,-12,32,10,8,-4,-24,-5,10,-9,32,8,9,-4,-24,0,5,-10,37,7,8
33.0000,-4,-23,0,2,-3,35,8,8,-4,-26,-1,0,-6,22,14,7,-7,-30,-3,-2,-10,27,5,16,-3,-19,-2,1,-7,32,-3,9,1,-27,-4,4,-9,32,8,10,-4,-27,-5,4,-12,32,10,9,-1,-24,-7,12,-9,34,12,9,-11,-23,-7,4,-9,33,10,10
33.0200,-8,-22,-1,3,-1,31,8,7,-9,-26,0,4,-6,25,8,6,-9,-24,-4,4,-10,32,8,15,-3,-27,-12,2,-6,31,3,9,-2,-28,-7,6,-15,31,7,12,-2,-28,-8,5,-13,34,15,12,-1,-26,-2,10,-10,32,11,7,-7,-24,-2,5,-8,36,11,7
33.0400,-7,-23,-5,2,2,32,10,6,-4,-25,-4,2,-9,19,4,10,-9,-26,-4,0,-14,29,7,18,-7,-21,-5,5,-6,32,1,7,-1,-25,-6,0,-9,37,5,11,-4,-26,-5,6,-12,35,9,4,-4,-24,-8,10,-8,32,10,10,-7,-23,-3,4,-8,35,8,6
33.0600,-6,-25,-4,3,-3,33,5,10,-6,-23,-3,-1,-4,25,13,12,-6,-26,-8,5,-16,31,8,14,-7,-19,-3,4,-10,36,-2,9,-1,-27,-8,2,-8,30,5,11,-8,-33,-5,3,-11,34,12,7,-8,-21,0,13,-11,30,7,12,-2,-20,-5,5,-8,36,9,6
33.0800,-4,-27,-4,4,-3,30,4,4,-4,-26,-3,4,-4,26,9,8,-1,-25,-4,4,-14,27,7,12,-7,-20,-3,3,-8,35,-3,9,4,-23,-6,1,-9,33,10,7,-5,-28,-11,0,-8,33,10,8,-5,-23,-8,11,-12,34,9,12,-6,-20,-5,4,-11,34,8,13
33.1000,-8,-23,-4,5,-1,29,11,8,-3,-25,-7,-2,-6,27,8,11,-3,-27,-3,2,-16,28,9,13,-3,-21,-5,3,-7,35,0,6,-1,-23,-6,-1,-9,31,11,9,1,-27,-7,2,-9,38,10,10,-7,-20,-5,15,-11,38,9,12,-6,-25,-5,4,-7,28,6,10
33.1200,-4,-23,-8,5,-5,31,10,9,-9,-25,-10,7,-7,24,10,7,-5,-22,-4,3,-12,29,10,19,-7,-21,-5,6,-9,33,-2,8,2,-23,-4,1,-12,33,8,10,-6,-30,-8,4,-11,27,9,8,-9,-25,-10,14,-6,38,6,7,-8,-24,-4,2,-11,37,7,9
33.1400,-6,-24,-6,5,-6,29,4,4,-13,-26,-4,4,-9,25,6,11,-9,-26,-5,0,-11,33,11,14,-7,-23,-5,2,-6,33,2,8,-2,-24,-5,9,-9,34,10,5,-3,-25,-13,4,-11,29,11,6,1,-24,-3,11,-7,32,6,9,-6,-25,-4,4,-12,32,9,10
33.1600,-4,-24,-4,3,-10,33,3,5,-8,-26,-3,1,-8,25,12,12,-10,-25,-8,2,-11,30,11,16,-1,-21,-6,4,-7,30,-1,8,-2,-21,-6,6,-13,29,8,8,-4,-29,-6,3,-15,29,11,10,-4,-26,-1,12,-9,28,9,10,-4,-30,-5,0,-13,32,7,10
33.1800,-10,-25,-7,0,-1,30,4,8,-6,-21,-6,2,-6,25,9,7,-8,-25,-6,3,-13,33,10,15,-4,-17,-2,8,-7,36,-3,6,0,-22,-6,3,-7,38,7,4,-3,-28,-5,1,-8,31,14,11,-5,-24,-6,13,-10,29,9,10,-5,-21,-5,-1,-8,35,9,10
33.2000,-4,-21,-5,4,-5,34,7,7,-7,-25,-4,7,-8,26,9,8,-7,-25,-6,0,-9,30,7,15,-3,-22,-6,5,-3,32,2,8,3,-22,-4,-3,-10,32,8,7,-3,-28,-5,1,-10,32,11,12,-4,-26,-5,14,-11,34,12,9,-6,-26,-7,1,-8,32,4,11
33.2200,-4,-24,-5,3,-5,37,8,8,-1,-22,-4,0,-5,22,9,12,-9,-24,-3,5,-13,34,10,20,-4,-24,-6,1,-7,34,-5,8,-2,-28,-6,5,-11,32,7,6,0,-30,-10,1,-11,34,13,6,-5,-26,-5,13,-10,32,5,10,-8,-25,-4,1,-7,33,12,5
33.2400,-3,-26,-9,-1,-5,35,7,10,-7,-27,-5,8,-11,20,10,9,-5,-26,-7,5,-6,34,7,18,2,-20,-3,2,-2,30,3,8,0,-20,-5,8,-10,33,10,8,-4,-31,-4,1,-11,31,14,3,-6,-27,-6,15,-10,32,6,7,-5,-21,-4,3,-10,29,9,6
33.2600,-5,-23,-8,2,-5,31,10,6,-2,-23,-4,2,-6,25,6,6,-8,-23,-3,4,-10,29,7,16,-5,-26,-5,0,-8,33,1,9,-1,-23,-6,4,-11,32,6,10,-3,-27,-6,2,-11,29,11,9,-1,-26,-6,15,-9,34,11,11,-5,-26,-9,6,-11,33,7,7
33.2800,-2,-22,-6,3,0,31,4,11,-7,-27,-8,3,-12,24,7,7,-10,-30,-5,-1,-10,31,12,13,-2,-23,-2,2,-3,33,1,6,1,-26,-7,2,-12,30,11,7,1,-29,-8,-2,-14,34,13,8,-4,-24,-9,11,-10,33,4,14,-4,-22,-6,3,-8,33,7,8
33.3000,-4,-22,-4,1,-5,32,11,8,-6,-27,-8,0,-11,23,10,4,-6,-27,-8,7,-7,31,9,17,-8,-19,-2,5,-6,30,7,5,-2,-23,-4,0,-6,31,7,8,-1,-31,-5,4,-15,34,12,4,-1,-26,-8,12,-10,33,8,12,-3,-25,-4,3,-9,34,14,11
33.3200,-5,-25,-4,3,-5,32,7,8,-6,-26,-9,6,-11,21,9,11,-9,-26,-5,0,-13,33,8,15,-3,-20,-6,2,-6,34,-4,8,1,-27,-8,1,-5,34,8,9,-4,-28,-2,4,-12,30,7,8,-4,-26,-4,11,-13,36,10,8,-3,-24,-7,3,-8,35,11,8
33.3400,-5,-27,-4,4,-1,30,7,7,-4,-27,-6,1,-8,26,8,7,-8,-21,-2,2,-9,31,13,17,-4,-20,-7,-1,-6,31,5,7,3,-26,-9,3,-4,35,7,5,-4,-30,-7,2,-13,28,3,10,-4,-23,-7,13,-9,29,10,11,-6,-21,-6,1,-8,30,6,9
33.3600,-9,-22,-5,5,-2,33,8,12,0,-28,-2,8,-7,21,12,11,-9,-25,-8,3,-13,31,9,13,-1,-19,-7,6,-10,32,0,7,-2,-23,-6,3,-7,27,5,7,-1,-29,-8,4,-11,33,9,11,-5,-19,-6,11,-9,34,9,13,-4,-22,-6,3,-7,32,6,9
33.3800,-7,-21,-10,4,-5,34,10,13,-6,-21,-8,2,-8,20,7,11,-7,-23,-7,2,-11,28,6,17,-4,-16,-2,2,-12,30,0,7,-4,-23,-5,3,-9,34,4,9,2,-29,-8,1,-17,29,16,10,-3,-22,-8,12,-6,31,9,4,-3,-29,-7,6,-10,28,6,12
33.4000,-3,-24,-5,6,2,32,6,9,-6,-22,-7,1,-7,20,7,6,-8,-26,-6,2,-11,30,9,18,-7,-19,-9,6,-8,29,0,10,1,-24,-7,6,-8,29,4,10,0,-31,-3,3,-15,30,13,7,-3,-27,-5,15,-9,32,9,9,-5,-24,-4,7,-16,26,11,9
33.4200,-4,-23,-5,5,-4,27,6,6,-3,-27,-8,3,-5,21,10,8,-6,-27,-6,1,-8,34,11,19,-5,-23,-5,0,-7,34,0,7,0,-26,-5,1,-7,33,6,3,-3,-25,-8,2,-8,35,10,8,-6,-26,-10,14,-10,30,7,9,-5,-27,-5,4,-14,30,9,11
33.4400,-7,-27,-3,4,-8,30,8,6,-6,-24,-8,-2,-13,26,9,5,-6,-26,-6,5,-11,29,7,15,3,-25,-6,5,-6,31,3,11,1,-28,-6,-2,-8,36,6,12,0,-22,-7,2,-9,33,9,10,-3,-22,-8,11,-12,33,10,8,-3,-30,1,0,-10,30,7,7
33.4600,-6,-22,-6,3,-3,33,5,8,-3,-20,-7,2,-7,24,13,12,-4,-27,-10,4,-12,32,13,18,-1,-18,-1,0,-8,30,2,10,1,-23,-8,4,-4,30,6,10,-5,-31,-3,2,-10,29,10,12,-3,-28,-9,14,-11,27,6,10,-5,-24,-5,3,-7,32,12,9
33.4800,-2,-23,-8,3,-6,30,7,7,-3,-23,-4,-1,-9,23,12,7,-7,-30,-7,0,-14,29,7,17,-1,-21,-9,3,-9,31,-3,6,-4,-24,-6,1,-2,27,6,11,-3,-29,-4,5,-10,34,10,3,-6,-21,-7,9,-5,29,9,5,-4,-24,-10,5,-9,31,10,8
33.5000,-5,-21,-11,2,-5,31,7,6,0,-18,-7,4,-5,27,10,4,-3,-25,-4,6,-9,31,8,19,-3,-22,-6,3,-7,31,-3,8,-4,-29,-8,0,-3,35,10,8,-2,-28,-6,3,-9,29,10,10,-6,-22,-8,11,-8,28,9,8,-9,-22,-2,5,-11,32,7,6
33.5200,-5,-21,-3,4,-3,32,8,6,-5,-26,-7,6,-10,27,12,8,-5,-26,-3,2,-13,31,11,12,-5,-22,-3,-2,-8,29,-2,8,0,-24,-7,3,-9,34,6,8,1,-26,-7,2,-11,30,10,7,-3,-26,-9,12,-7,33,8,7,-7,-25,-3,3,-8,31,12,7
33.5400,-2,-20,-7,2,-5,31,11,8,-8,-25,-9,2,-3,21,10,9,-9,-24,-3,4,-10,29,8,13,-3,-27,-8,3,-3,31,0,9,-2,-24,-4,0,-13,33,7,7,3,-26,-2,-1,-13,32,12,10,-3,-26,-9,12,-6,31,5,4,-5,-26,-6,7,-10,32,8,11
33.5600,-3,-21,-6,1,-3,27,7,8,-8,-26,-8,4,-9,22,12,11,-6,-27,-5,7,-13,28,7,17,-2,-23,-8,8,-7,31,2,3,-3,-19,-8,1,-7,32,5,6,0,-30,-10,0,-13,27,10,10,0,-23,-5,9,-8,31,10,4,-1,-23,-10,1,-7,31,8,9
33.5800,-2,-20,-4,5,-2,31,9,8,-7,-24,-7,2,-9,24,11,10,-2,-28,-5,4,-4,31,9,14,-1,-23,-8,0,-10,30,2,6,-3,-27,-7,6,-9,34,5,6,-7,-29,-8,4,-15,34,8,8,-6,-25,-8,14,-9,31,11,7,-3,-21,-5,2,-7,33,6,10
33.6000,-3,-21,-6,3,-1,29,11,3,-5,-29,-4,5,-1,22,9,9,-9,-28,-5,3,-10,31,12,19,-1,-20,-9,6,-8,34,-3,8,-5,-26,-6,2,-7,33,12,8,-1,-26,-5,0,-17,29,11,9,-6,-20,-5,12,-8,33,9,4,-2,-27,-5,5,-10,33,7,5
33.6200,-5,-23,-4,3,-3,33,11,5,-4,-23,-7,0,-4,24,12,8,-5,-26,-8,4,-9,29,13,17,-5,-19,-5,2,-5,32,4,9,0,-23,-7,7,-10,29,4,8,-5,-29,-11,2,-13,34,10,10,-1,-25,-1,16,-6,32,7,9,-6,-24,-6,3,-4,32,8,9
33.6400,-6,-21,-7,2,-4,29,12,11,-5,-22,-4,3,-6,23,12,10,-8,-29,-8,2,-9,31,9,16,-4,-21,-3,2,-5,32,4,6,-5,-25,-13,2,-11,33,11,2,-1,-27,-7,2,-11,30,7,10,-3,-23,-6,7,-5,32,9,5,-4,-28,-9,2,-9,32,5,3
33.6600,-6,-21,-7,0,-2,28,6,4,-4,-24,-6,2,-1,20,7,9,-7,-29,-8,3,-6,29,11,19,-1,-26,-11,-2,-6,31,-5,7,-2,-26,-6,5,-8,30,8,8,2,-25,-7,2,-14,31,9,6,-8,-25,-7,11,-11,29,8,7,-5,-23,-5,5,-8,30,12,12
33.6800,-4,-22,-3,5,-5,33,4,8,-8,-23,-9,7,-8,22,7,8,-10,-25,-10,3,-11,30,7,17,-2,-19,-10,1,-8,30,-2,7,-7,-22,-8,3,-7,29,8,13,0,-27,-9,0,-12,32,7,10,-3,-30,-8,8,-8,30,8,1,-2,-26,-6,5,-9,32,12,8
33.7000,-3,-21,-9,7,-4,31,9,10,-4,-26,-8,5,-4,22,8,8,-7,-29,-12,3,-11,33,9,16,1,-23,-11,1,-6,32,-6,9,1,-28,-7,2,-2,31,8,8,2,-26,-8,5,-10,33,13,11,-2,-24,-7,7,-3,32,12,8,-4,-28,-12,3,-7,28,11,8
33.7200,-6,-22,-2,4,-2,30,9,8,-8,-20,-11,4,-8,22,8,8,-7,-27,-5,4,-8,32,9,11,1,-23,-8,-4,-7,31,0,10,2,-27,-11,1,-10,28,10,8,-2,-25,-11,1,-12,30,11,13,0,-24,-8,12,-7,32,11,10,-7,-22,-7,1,-11,30,12,8
33.7400,2,-19,-11,2,-2,28,7,6,-3,-24,-9,6,-6,22,11,10,-6,-28,-10,2,-9,32,9,22,-2,-23,-6,7,-7,31,0,7,-3,-26,-7,1,-15,31,10,7,-3,-25,-10,0,-9,31,14,9,-1,-23,-9,7,-11,34,11,6,-9,-22,-11,3,-13,30,11,8
33.7600,2,-24,-6,1,-1,29,10,7,-1,-25,-9,2,-3,19,9,7,-6,-25,-8,3,-8,30,16,16,-6,-22,-4,5,-12,29,0,6,0,-24,-10,6,-7,34,8,2,-1,-29,-7,3,-13,31,10,6,-5,-23,-10,10,-10,33,12,6,-5,-20,-5,-1,-10,32,7,7
33.7800,-2,-23,-9,2,-2,30,9,10,-5,-27,-10,0,-4,23,8,8,-9,-24,-7,2,-9,30,12,14,-1,-20,-3,1,-12,34,0,6,-1,-24,-6,2,-13,35,6,2,-4,-28,-6,6,-11,28,7,10,-1,-23,-11,10,-10,31,10,7,-3,-27,-7,6,-8,31,10,5
33.8000,-12,-20,-5,2,-6,32,8,5,-4,-24,-9,0,-7,21,8,6,-9,-27,-6,5,-13,28,9,13,-1,-26,-9,0,-6,36,1,10,-2,-29,-8,4,-4,29,4,4,2,-28,-9,4,-8,29,11,4,-4,-25,-6,11,-7,29,14,8,-4,-24,-8,5,-8,33,10,11
33.8200,-2,-25,-8,1,-1,31,8,9,-2,-29,-7,-1,-5,20,7,7,-4,-28,-4,0,-12,30,6,18,-8,-22,-9,1,-12,30,0,6,-6,-24,-8,4,-8,29,9,0,0,-29,-9,4,-15,29,6,7,-3,-25,-8,10,-9,30,8,4,-9,-25,-8,-1,-14,30,16,8
33.8400,-7,-24,-7,5,-4,32,7,8,-8,-24,-8,4,-9,20,9,8,-9,-28,-6,7,-8,28,6,16,-5,-17,-3,0,-11,33,-3,6,1,-28,-12,-2,-4,31,13,6,-1,-25,-6,2,-11,27,8,9,-1,-27,-10,11,-6,28,10,10,-6,-27,-10,3,-8,31,9,6
33.8600,-3,-26,-7,0,-5,27,10,4,-8,-26,-12,1,-9,23,4,4,-8,-29,-11,-2,-12,33,8,15,-4,-22,-7,-1,-7,29,3,10,-2,-25,-9,5,-8,30,10,7,2,-27,-10,1,-13,33,13,7,-6,-30,-7,8,-7,38,11,6,-2,-29,-8,1,-9,31,7,6
33.8800,0,-21,-5,2,-5,28,11,7,1,-28,-7,0,-6,19,8,7,-4,-25,-8,4,-8,31,9,16,-5,-22,-10,4,-6,30,-5,6,-3,-29,-7,0,-4,33,6,7,-2,-29,-6,0,-13,30,10,12,-6,-24,-8,12,-7,29,10,5,-4,-28,-8,0,-11,28,11,6
33.9000,-3,-24,-11,1,-4,30,7,4,-7,-24,-7,4,-3,23,8,5,-8,-25,-6,3,-13,29,13,15,-8,-25,-7,3,-8,29,-1,7,-3,-25,-8,5,-10,29,7,3,0,-28,-9,-2,-9,29,7,9,-5,-22,-8,8,-8,28,10,10,-3,-20,-6,2,-13,31,14,7
33.9200,-6,-21,-12,2,-3,29,8,9,-4,-25,-6,2,-9,25,7,4,-4,-26,-11,0,-8,33,11,16,-5,-21,-6,2,-8,31,-3,7,1,-26,-8,3,-6,36,10,6,-3,-31,-5,4,-14,29,11,11,-4,-25,-11,9,-8,28,9,5,-3,-24,-11,4,-8,32,5,8
33.9400,-4,-21,-7,3,0,28,9,6,-6,-25,-9,2,-8,25,12,5,-11,-26,-9,0,-8,36,9,19,-3,-23,-7,0,-9,32,-2,7,-10,-22,-5,2,-10,31,8,9,1,-33,-8,0,-12,28,8,13,-5,-20,-13,9,-13,30,8,6,-4,-23,-4,4,-5,34,8,5
33.9600,-5,-21,-10,6,-4,30,7,7,-3,-23,-7,5,-7,22,11,2,-4,-27,-9,0,-9,26,5,18,-3,-24,-6,3,-7,32,-1,6,-4,-24,-12,4,-10,31,7,6,-3,-30,-8,-1,-13,30,10,9,-1,-28,-9,8,-13,30,8,10,-3,-28,-12,6,-9,28,8,7
33.9800,-3,-21,-6,0,-5,32,8,6,-5,-25,-9,0,-5,23,10,5,-8,-24,-9,4,-9,32,8,18,-5,-26,-10,3,-7,33,3,6,-7,-29,-10,3,-7,32,6,4,-1,-27,-9,2,-13,32,12,8,-4,-32,-7,8,-5,32,12,7,0,-26,-8,2,-9,29,7,7
34.0000,-3,-20,-4,3,-5,28,7,3,-7,-24,-9,-3,-7,24,8,6,-7,-29,-9,2,-9,29,12,17,-4,-26,-8,2,-9,32,-4,6,-2,-26,-9,6,-8,31,16,8,-2,-25,-9,6,-15,30,6,6,-4,-24,-11,8,-11,31,12,4,-4,-25,-10,0,-8,28,11,7
34.0200,-3,-19,-8,2,-3,31,11,7,-2,-27,-7,2,-8,23,9,10,-2,-28,-7,4,-11,27,9,15,-3,-23,-10,6,-6,28,1,6,-1,-25,-4,5,-8,34,7,11,-2,-28,-7,2,-11,33,10,6,-5,-22,-14,7,-9,30,2,6,-3,-29,-14,4,-8,30,8,4
34.0400,-5,-19,-5,7,-3,29,11,8,-3,-25,-8,5,-4,22,12,6,-10,-29,-9,3,-10,31,14,16,-3,-24,-5,4,-5,29,2,4,-5,-25,-8,7,-5,33,11,9,4,-31,-10,5,-13,29,12,6,-5,-25,-14,8,-8,27,11,8,-5,-27,-7,2,-5,32,10,8
34.0600,0,-21,-8,5,1,32,8,8,-3,-21,-7,3,-8,21,10,7,-5,-29,-12,-1,-7,32,4,17,-4,-22,-9,6,-4,28,5,9,-1,-26,-6,5,-10,35,6,2,5,-29,-11,2,-11,35,9,6,-2,-30,-11,7,-8,34,6,8,1,-22,-5,0,-12,34,11,5
34.0800,0,-20,-9,3,-4,27,13,4,-1,-28,-9,3,-8,23,11,6,-4,-29,-10,2,-10,30,10,16,1,-22,-9,1,-5,31,1,5,0,-26,-8,4,-6,33,11,5,2,-26,-9,5,-16,31,8,13,-1,-27,-11,8,-9,31,10,8,-3,-25,-14,-1,-6,31,8,8
34.1000,-3,-24,-8,1,1,33,12,4,-7,-24,-5,7,-6,23,13,8,-9,-31,-9,3,-11,31,11,16,-2,-21,-13,0,-6,25,0,7,5,-28,-6,1,-9,31,4,6,-4,-26,-9,-1,-17,26,13,9,-5,-26,-12,8,-9,33,10,10,0,-21,-15,-1,-7,30,12,8
34.1200,-2,-20,-14,4,-3,33,7,6,-5,-28,-10,3,-6,20,7,5,-9,-29,-12,1,-14,35,8,16,-2,-25,-8,4,-8,30,-2,6,2,-27,-13,2,-5,32,4,6,-1,-25,-13,5,-13,31,13,8,-3,-21,-13,6,-10,32,12,1,-3,-26,-11,4,-5,32,9,5
34.1400,-3,-23,-14,5,-3,29,9,7,-5,-27,-7,-1,-6,21,9,7,-6,-27,-13,-1,-9,33,9,17,-1,-30,-7,7,-8,30,-3,6,-7,-28,-4,4,-10,35,7,4,1,-26,-8,2,-15,31,13,8,-3,-24,-10,13,-8,30,7,2,-7,-25,-11,2,-9,29,12,11
34.1600,-2,-17,-9,5,0,32,14,7,-2,-22,-7,4,-7,23,9,7,-8,-25,-9,1,-6,33,11,15,-2,-23,-8,6,-8,25,3,5,-5,-26,-7,-2,-5,33,5,7,-3,-27,-11,-1,-13,32,9,12,-4,-25,-8,7,-8,28,2,5,-2,-28,-9,6,-9,30,11,5
34.1800,-3,-20,-9,0,-3,33,9,9,-3,-27,-8,2,-9,21,9,6,-8,-26,-10,5,-7,33,13,18,-3,-20,-11,4,-10,26,0,7,2,-28,-12,-2,-2,32,13,6,-2,-24,-11,6,-12,30,6,9,0,-24,-11,4,-11,34,7,6,-2,-25,-12,5,-8,31,11,7
34.2000,-1,-22,-9,1,-2,32,10,4,2,-28,-9,2,-5,22,6,8,-8,-27,-7,0,-8,31,13,16,-3,-26,-14,5,-6,30,1,1,-1,-31,-9,5,-8,29,7,2,2,-25,-7,4,-8,28,7,11,-2,-23,-9,13,-12,28,11,5,-1,-27,-14,3,-5,29,5,9
34.2200,-1,-25,-10,6,-3,30,6,8,-4,-25,-10,8,-10,23,6,3,-7,-28,-8,4,-8,34,10,16,0,-25,-13,9,-4,29,-1,4,1,-31,-10,6,-4,33,6,7,1,-30,-9,1,-12,31,9,8,-3,-22,-12,14,-10,33,12,6,-1,-22,-10,1,-6,29,8,10
34.2400,0,-23,-14,4,1,29,10,14,-2,-25,-10,4,-8,23,11,7,-3,-36,-9,3,-9,37,8,19,0,-24,-10,4,-11,32,1,4,-3,-28,-10,1,-3,28,5,4,0,-27,-13,10,-14,31,7,6,-7,-23,-10,7,-8,30,8,10,-1,-26,-12,5,-5,30,11,6
34.2600,-4,-21,-13,7,-6,28,9,7,-3,-25,-13,3,-7,20,16,6,-2,-26,-9,6,-4,31,9,13,0,-22,-13,7,-6,31,-1,10,2,-23,-12,3,-8,30,8,4,1,-24,-9,5,-12,32,8,12,-4,-23,-15,10,-9,26,10,11,-2,-25,-10,-2,-4,27,11,8
34.2800,0,-24,-10,1,2,30,11,8,-6,-27,-10,3,-5,26,8,3,-7,-30,-11,5,-6,31,11,14,-5,-21,-11,2,-9,33,0,6,-2,-26,-10,2,-4,35,5,8,-3,-29,-9,2,-12,31,8,8,-1,-27,-12,5,-10,32,11,5,-4,-26,-10,4,-8,28,8,7
34.3000,-5,-22,-7,3,-4,30,5,12,-7,-27,-8,4,-2,24,4,2,-3,-27,-11,-2,-4,30,11,13,-6,-25,-12,4,-7,25,-2,3,-5,-28,-6,2,-8,29,10,12,-2,-25,-8,3,-7,31,9,4,-2,-24,-16,10,-10,28,10,5,-5,-28,-7,0,-7,28,10,5
34.3200,-3,-27,-3,3,-2,28,10,4,-7,-27,-12,0,-3,20,8,3,-6,-33,-10,3,-10,33,6,20,2,-22,-7,0,-7,28,-3,6,-2,-25,-7,3,-12,29,9,3,-1,-29,-8,-1,-13,29,7,4,-5,-22,-11,12,-6,29,8,7,-2,-29,-10,2,-7,27,9,7
34.3400,-5,-19,-8,6,-4,28,13,8,-4,-24,-9,3,-6,21,11,3,-7,-30,-13,3,-8,25,8,18,-2,-23,-9,5,-10,28,1,0,-2,-29,-12,4,-4,34,8,6,-1,-25,-10,3,-13,33,10,7,-6,-26,-9,12,-7,30,12,9,1,-23,-12,3,-11,34,10,9
34.3600,-1,-21,-8,4,-3,27,11,8,-7,-25,-11,5,-4,22,5,7,-4,-29,-13,6,-9,29,8,17,2,-20,-12,4,-8,27,-2,3,-1,-25,-11,-1,-8,31,8,6,4,-27,-12,3,-9,25,11,11,-9,-22,-12,8,-12,33,13,5,-3,-27,-6,1,-7,30,7,7
34.3800,-1,-25,-8,2,-4,28,14,6,-6,-26,-11,2,-8,20,6,3,-4,-29,-10,2,-9,26,8,19,-1,-25,-8,5,-4,31,-2,7,-5,-27,-11,5,-5,27,8,5,-2,-28,-13,8,-10,31,11,7,1,-23,-12,5,-6,30,6,9,-6,-24,-5,4,-12,30,6,12
34.4000,-1,-22,-10,2,-7,29,5,3,-4,-26,-9,-1,-7,22,8,5,-6,-29,-9,0,-6,35,9,18,-4,-23,-13,0,-9,27,2,6,-1,-31,-11,2,-3,28,10,4,-1,-26,-10,3,-12,33,7,9,-3,-28,-10,10,-4,30,11,3,-5,-24,-13,5,-7,27,8,8
34.4200,2,-24,-11,2,2,30,11,7,-9,-28,-8,3,-8,24,3,10,-6,-29,-7,3,-5,28,14,17,-2,-21,-12,1,-9,28,-4,5,-2,-28,-12,5,-6,34,4,7,0,-28,-10,0,-15,24,8,8,-4,-26,-13,10,-6,29,5,9,-3,-28,-13,-1,-11,32,9,6
34.4400,-3,-20,-15,1,0,31,13,10,-2,-28,-11,0,-9,23,7,7,-6,-30,-7,3,-8,30,13,14,-3,-29,-9,-1,-11,29,4,10,-5,-26,-8,5,-6,28,11,6,-2,-24,-11,4,-11,30,1,5,-3,-30,-15,9,-9,30,11,5,-5,-26,-12,5,-8,25,12,7
34.4600,-2,-21,-12,3,-1,33,11,10,-3,-26,-6,1,-8,20,12,4,-5,-30,-11,0,-10,32,10,11,0,-26,-10,5,-3,31,3,8,-2,-25,-12,4,-5,28,5,4,-1,-30,-12,-1,-4,29,7,10,-3,-30,-11,12,-10,31,10,6,-2,-27,-13,2,-6,30,9,6
34.4800,-4,-21,-13,-2,0,28,10,6,-4,-25,-15,0,-5,20,4,8,-5,-32,-12,2,-7,32,10,18,-3,-23,-9,2,-8,27,-2,7,-1,-25,-13,1,-6,33,6,3,-2,-25,-12,3,-10,34,5,6,-3,-27,-17,6,-11,31,7,7,-1,-25,-9,4,-7,32,12,8
34.5000,-4,-21,-13,-5,3,27,9,7,-3,-24,-12,3,-9,21,4,7,-5,-23,-12,5,-6,29,9,16,0,-27,-7,2,-10,31,-5,-1,0,-28,-13,0,-9,28,10,5,0,-27,-9,1,-9,29,7,7,-4,-27,-13,11,-10,32,6,5,-3,-28,-10,3,-8,31,5,8
34.5200,-2,-19,-8,4,-2,27,15,3,-6,-23,-10,4,-8,20,10,4,-8,-25,-13,3,-10,34,13,12,-1,-25,-12,1,-5,27,2,4,-4,-28,-6,2,-3,30,10,4,-1,-25,-6,-3,-12,28,13,9,-3,-26,-18,6,-9,30,10,6,-3,-26,-9,1,-6,30,10,6
34.5400,-2,-17,-11,2,-5,30,11,8,-7,-24,-9,2,-8,24,8,10,-6,-27,-12,3,-6,28,10,16,-2,-30,-11,4,-8,23,-5,3,0,-29,-10,5,-9,31,10,6,0,-25,-11,2,-13,27,7,10,-4,-32,-13,8,-5,34,11,7,-2,-26,-4,2,-9,32,8,10
34.5600,-4,-21,-17,4,1,34,11,10,-6,-27,-11,6,-7,19,4,6,-2,-26,-9,0,-6,31,11,17,-4,-23,-8,7,-9,28,-1,6,2,-28,-8,1,-4,33,7,2,2,-28,-10,-1,-13,28,10,9,-8,-29,-15,9,-11,31,9,6,-6,-27,-7,3,-9,34,10,7
34.5800,4,-26,-12,1,-4,28,13,6,-7,-27,-10,2,-10,18,4,5,1,-25,-12,-1,-5,29,10,16,1,-23,-10,1,-10,25,0,8,-2,-27,-12,3,-10,29,7,4,1,-29,-9,3,-11,28,6,8,-2,-25,-15,12,-10,31,8,4,-4,-27,-13,3,-8,29,9,7
34.6000,0,-19,-15,4,1,30,10,10,-5,-29,-12,2,-7,20,5,5,-4,-28,-9,1,-4,30,9,18,-1,-27,-13,4,-6,26,1,8,-2,-29,-17,6,-6,27,10,7,-2,-32,-13,6,-13,29,5,5,0,-24,-11,10,-10,30,8,3,-7,-27,-8,2,-9,30,10,13
34.6200,-1,-20,-7,4,-3,34,14,6,2,-25,-15,1,-5,19,10,7,-5,-27,-12,3,-11,35,10,18,0,-24,-11,2,-8,25,1,7,-1,-24,-9,8,-7,30,9,8,0,-29,-9,0,-16,33,6,9,-3,-23,-11,12,-6,28,11,7,-3,-25,-17,0,-4,26,7,4
34.6400,-5,-20,-10,3,-1,31,15,6,-3,-26,-8,1,-5,23,9,7,-4,-25,-9,1,-8,28,8,18,-1,-25,-12,1,-7,32,-1,7,-2,-30,-12,5,-5,34,9,3,1,-27,-12,3,-11,32,10,10,2,-26,-15,11,-5,29,12,8,-1,-26,-7,2,-7,31,12,6
34.6600,-2,-21,-10,-2,0,29,12,6,-1,-30,-16,-2,-5,19,6,3,-4,-30,-12,2,-11,32,11,20,-5,-27,-6,3,-6,28,-4,5,0,-29,-15,4,-5,31,11,5,0,-29,-15,5,-8,33,9,7,-3,-27,-15,10,-12,33,10,4,-4,-29,-14,5,-8,33,13,6
34.6800,-4,-26,-11,0,-4,30,12,7,-4,-26,-15,0,-8,22,6,5,-6,-30,-11,1,-6,32,9,18,3,-28,-10,1,-7,28,6,8,-1,-25,-8,4,-10,30,10,6,2,-27,-14,3,-9,32,10,11,-2,-26,-12,11,-6,28,7,7,-2,-30,-9,0,-10,32,10,2
34.7000,-3,-22,-15,3,0,30,10,11,-6,-29,-12,4,-4,24,2,4,-6,-29,-9,4,-8,30,12,19,0,-31,-13,6,-7,32,1,3,4,-28,-14,1,-8,31,3,6,1,-29,-8,-2,-11,31,5,10,-1,-26,-13,7,-7,33,13,9,-2,-27,-9,3,-10,33,11,8
34.7200,2,-24,-10,1,-1,32,10,11,-4,-25,-13,4,-4,21,10,7,-4,-23,-11,3,-10,30,11,17,-5,-28,-11,2,-9,30,1,0,-4,-23,-9,4,-5,30,8,8,0,-29,-8,4,-10,29,9,4,-4,-24,-14,8,-8,28,7,6,-2,-25,-11,2,-7,30,10,8
34.7400,-2,-23,-12,2,-2,30,13,4,-5,-27,-12,1,-4,27,6,5,-8,-23,-16,3,-10,30,12,18,-1,-26,-14,-6,-10,27,1,6,-1,-28,-11,4,-6,35,3,3,-1,-28,-13,1,-9,32,9,6,-1,-28,-15,8,-7,29,5,5,-2,-27,-12,4,-7,28,9,8
34.7600,-3,-22,-11,-4,1,27,14,9,-8,-28,-15,2,-6,21,6,4,-3,-30,-12,3,-6,34,8,17,0,-29,-11,0,-10,23,1,5,-1,-28,-15,3,-8,32,10,8,3,-25,-14,1,-13,31,9,9,2,-24,-14,8,-11,28,9,5,-2,-25,-13,3,-13,29,8,7
34.7800,1,-23,-15,0,2,28,7,11,3,-21,-13,3,-10,19,5,5,-7,-30,-13,1,-5,32,9,20,-3,-25,-12,1,-7,27,-2,3,-1,-29,-11,4,-11,30,5,13,0,-29,-12,3,-14,26,11,5,-2,-24,-11,10,-5,32,14,3,-5,-24,-14,3,-6,27,7,5
34.8000,4,-23,-13,0,-2,28,11,5,-4,-25,-12,1,-8,22,8,6,-6,-28,-13,2,-13,34,8,24,-2,-27,-11,-3,-7,20,0,4,-7,-25,-14,1,-5,27,6,10,3,-26,-11,-1,-11,30,8,3,-1,-26,-16,8,-7,32,9,7,-3,-24,-11,0,-7,29,8,9
34.8200,1,-25,-11,6,-5,30,9,10,-3,-23,-14,1,-10,22,6,5,-4,-33,-16,-4,-8,31,11,20,-1,-27,-12,4,-8,30,2,5,0,-24,-13,3,-8,28,10,8,-1,-26,-14,-1,-11,26,6,6,-2,-23,-10,9,-6,32,11,9,-1,-27,-7,4,-8,30,10,10
34.8400,0,-28,-13,4,-1,31,13,10,-4,-25,-12,0,-5,20,6,-1,-3,-32,-16,0,-6,29,12,23,-5,-24,-12,4,-8,29,1,7,0,-27,-11,0,-6,27,10,9,1,-30,-13,1,-11,30,10,4,0,-25,-14,11,-10,31,8,7,-2,-27,-14,-2,-9,30,11,0
34.8600,3,-25,-12,0,-1,29,13,11,-4,-24,-14,4,-8,19,6,4,-7,-26,-15,1,-6,32,10,20,-5,-28,-15,3,-2,24,0,7,-2,-30,-11,2,-3,28,8,5,4,-32,-9,-1,-14,27,7,6,-3,-25,-15,10,-7,32,14,10,-3,-26,-17,-2,0,29,8,6
34.8800,-5,-20,-11,2,-5,32,11,3,-2,-23,-14,-1,-8,25,8,6,-4,-25,-12,2,0,28,14,15,-7,-26,-11,0,-8,27,-1,8,-1,-30,-15,4,-4,33,9,6,4,-30,-11,2,-7,30,7,9,-3,-26,-15,9,-5,28,13,5,-3,-26,-13,2,-5,30,12,10
34.9000,-3,-20,-9,3,-1,29,14,7,-4,-26,-16,1,-4,18,9,2,-3,-26,-12,3,-7,30,11,13,-1,-26,-13,0,-6,29,-1,5,0,-27,-11,2,-5,32,10,0,1,-26,-9,3,-9,28,9,7,-1,-28,-14,7,-7,31,11,5,3,-24,-15,1,-11,31,13,6
34.9200,0,-23,-13,4,-1,33,12,10,0,-24,-14,-2,-6,17,9,3,-7,-28,-14,1,-7,29,12,11,-5,-23,-10,0,-9,28,-1,4,-4,-30,-13,2,-8,25,5,9,1,-24,-11,4,-12,28,7,10,0,-22,-13,12,-7,30,8,10,1,-26,-10,5,-10,26,12,9
34.9400,-4,-21,-13,1,0,29,13,9,-1,-26,-10,-3,-3,19,12,4,-1,-26,-15,2,-8,30,10,17,-1,-26,-11,2,-9,27,-3,7,1,-28,-17,0,-7,29,12,3,1,-28,-10,8,-8,29,8,9,-6,-24,-17,6,-9,32,9,5,-4,-28,-14,2,-8,30,11,6
34.9600,0,-21,-13,2,1,25,9,6,-4,-24,-16,3,-3,19,7,2,-3,-25,-7,5,-7,35,16,16,0,-24,-12,4,-5,27,1,2,-1,-30,-12,6,-7,31,10,6,3,-27,-12,-1,-4,29,7,11,-1,-24,-13,9,-8,28,12,5,3,-22,-12,-1,-7,28,11,10
34.9800,-2,-20,-14,5,4,29,12,9,-1,-23,-12,2,-8,21,7,4,-4,-26,-17,3,-5,34,12,14,-4,-25,-11,4,-9,27,-4,6,1,-28,-8,3,-8,29,9,3,-1,-27,-12,2,-11,27,5,5,0,-29,-10,12,-8,27,15,5,-2,-24,-12,0,-6,28,12,3
35.0000,2,-27,-13,-1,1,30,13,9,1,-27,-13,1,-7,29,9,4,-2,-28,-12,2,-8,30,14,18,-3,-26,-8,1,-9,27,0,5,-1,-27,-11,1,-2,28,9,2,2,-35,-9,2,-10,29,10,10,-4,-27,-16,9,-9,29,7,4,-3,-24,-15,5,-7,33,10,4
35.0200,2,-21,-11,-1,-4,28,12,3,-4,-30,-13,0,-5,17,7,6,-5,-30,-11,-1,-10,30,11,18,-3,-26,-14,0,-6,27,-2,3,-6,-25,-14,2,-8,30,9,5,4,-29,-9,5,-9,30,6,7,-2,-26,-13,11,-6,26,8,4,-1,-25,-12,-3,-12,25,16,7
35.0400,5,-17,-15,0,-2,28,12,9,-1,-27,-17,4,-3,24,7,5,-4,-28,-16,2,-9,35,10,17,-2,-34,-17,1,-7,28,-5,7,-2,-25,-19,-4,-6,27,12,3,1,-26,-14,3,-6,27,4,5,1,-26,-15,12,-6,27,9,6,0,-27,-15,4,-7,31,11,6
35.0600,2,-24,-15,0,-1,32,12,9,-3,-22,-13,3,-1,21,7,3,-2,-25,-11,4,-8,35,6,18,-3,-24,-13,3,-8,25,-4,3,-1,-27,-15,4,-2,31,8,4,-1,-26,-14,3,-8,29,7,10,-2,-24,-7,13,-11,29,11,0,1,-25,-9,2,-7,26,13,7
35.0800,1,-25,-9,1,-2,32,14,4,1,-26,-16,1,-5,17,3,4,0,-30,-12,4,-7,33,10,19,-4,-29,-10,-2,-7,26,1,8,-2,-26,-13,5,-6,31,7,2,5,-31,-9,3,-10,29,4,8,-4,-22,-15,10,-8,32,7,6,2,-30,-17,0,-6,29,9,8
35.1000,1,-24,-13,-2,0,31,12,5,-2,-24,-10,0,-7,24,8,4,-1,-27,-16,2,-7,32,10,15,4,-25,-14,5,-6,22,-4,8,0,-28,-14,4,-3,30,7,7,3,-32,-16,3,-8,28,10,7,-6,-21,-17,10,-11,33,13,7,0,-25,-13,2,-9,30,8,8
35.1200,1,-22,-10,3,0,29,16,8,-2,-22,-20,2,-7,16,7,3,3,-25,-13,4,-6,29,13,17,-2,-24,-12,0,-7,26,-3,6,3,-24,-11,4,-1,27,8,8,-1,-31,-13,3,-11,30,10,6,-2,-26,-11,5,-10,31,8,7,1,-29,-17,3,-5,31,15,2
35.1400,2,-24,-11,1,-2,30,12,8,-3,-26,-18,1,-8,17,5,6,-3,-30,-11,4,-9,26,12,19,-3,-28,-9,4,-8,24,-2,6,-3,-24,-14,-1,-4,30,11,0,3,-32,-16,-1,-12,31,9,17,-4,-28,-10,7,-11,31,11,6,2,-25,-13,4,-10,25,8,5
35.1600,3,-25,-15,0,-1,26,15,13,-4,-22,-13,0,-3,18,9,2,-5,-28,-14,3,-5,30,13,19,-1,-26,-15,3,-10,26,-1,9,1,-29,-10,0,-4,31,6,3,3,-27,-15,-1,-12,29,10,9,1,-25,-13,11,-6,26,10,7,-2,-30,-14,2,-5,31,7,6
35.1800,-2,-22,-13,-4,3,31,15,12,2,-27,-13,4,-10,18,6,4,0,-26,-12,1,-3,28,9,15,1,-29,-13,-1,-8,22,-3,7,0,-28,-14,-3,-4,28,13,8,1,-26,-14,-1,-11,26,7,7,-3,-27,-14,10,-5,30,7,9,0,-26,-16,2,-5,27,11,7
35.2000,-1,-22,-11,2,1,31,16,6,-4,-21,-15,0,-7,20,7,4,-6,-29,-14,2,-8,32,13,20,0,-27,-12,3,-11,26,-1,7,2,-27,-16,2,-6,28,9,8,3,-23,-17,6,-8,26,7,9,-2,-24,-19,11,-5,29,11,5,1,-23,-17,3,-6,32,9,6
35.2200,1,-27,-14,1,-2,30,15,12,-1,-27,-16,6,1,19,10,1,-1,-27,-13,2,0,34,9,18,1,-26,-12,-1,-9,26,-1,6,0,-29,-9,8,-5,29,11,4,2,-25,-7,2,-10,31,6,4,-2,-23,-15,12,-7,29,9,8,4,-25,-11,-1,-7,31,7,6
35.2400,-2,-25,-17,3,1,29,9,8,-4,-24,-19,3,-8,14,7,2,-5,-26,-14,5,-8,28,9,18,-3,-26,-11,3,-10,25,-4,4,3,-26,-14,1,-6,32,9,5,-5,-28,-16,1,-11,27,6,7,1,-23,-20,11,-8,30,7,6,0,-25,-14,0,-6,30,12,7
35.2600,-3,-25,-16,1,3,31,16,5,0,-26,-15,1,-5,18,10,1,-7,-28,-16,-4,-4,29,12,22,-2,-30,-14,2,-10,26,-1,5,4,-24,-14,0,-9,27,11,3,1,-34,-13,1,-11,27,6,7,1,-27,-14,14,-9,27,13,4,-6,-27,-15,3,-7,26,12,13
35.2800,-2,-27,-16,1,2,31,14,7,-4,-27,-15,-2,-3,17,9,3,-6,-26,-13,-1,-6,29,11,15,-7,-25,-15,-1,-11,22,2,5,-1,-30,-15,1,-5,26,11,4,6,-27,-16,-1,-13,29,8,6,-2,-24,-16,13,-7,28,10,1,1,-27,-16,-1,-3,28,11,11
35.3000,1,-22,-15,-1,6,30,10,7,1,-23,-6,2,-4,20,5,7,-8,-27,-17,-1,-3,32,8,19,-1,-27,-11,7,-8,28,-4,7,-1,-22,-11,-3,-6,26,8,6,0,-24,-10,2,-10,26,5,6,3,-25,-13,9,-5,30,10,7,2,-25,-14,3,-6,29,11,7
35.3200,-1,-24,-12,2,6,29,11,5,0,-25,-15,-1,-5,22,6,9,-4,-30,-15,-3,-8,34,8,19,3,-28,-12,1,-7,24,-5,9,2,-26,-16,2,-5,29,10,7,5,-28,-16,0,-10,31,11,7,1,-25,-17,12,-3,27,13,8,-1,-24,-13,0,-6,27,10,4
35.3400,-1,-26,-14,-3,3,25,13,11,-5,-26,-11,0,-5,19,9,3,-6,-30,-20,8,-9,30,8,16,-4,-25,-13,2,-9,27,-2,7,0,-22,-14,-3,-4,32,8,3,-1,-26,-11,1,-11,27,10,9,3,-26,-16,9,-6,26,13,8,-1,-25,-16,1,-6,26,12,6
35.3600,-2,-21,-15,-2,4,26,14,7,-4,-28,-14,2,-6,19,7,5,-2,-26,-12,5,-10,34,10,19,-1,-29,-13,2,-6,24,-3,3,1,-27,-12,-2,-2,24,10,6,2,-28,-16,1,-9,28,10,8,-3,-26,-13,13,-9,28,12,10,-5,-25,-16,-1,-7,32,13,7
35.3800,-2,-24,-19,0,3,28,12,8,0,-24,-13,-1,-7,17,4,6,-9,-27,-19,0,-10,30,8,16,-2,-28,-16,4,-9,28,1,8,1,-26,-13,-5,-5,29,6,5,0,-28,-13,-2,-8,30,7,7,1,-26,-12,10,-10,29,7,8,-5,-23,-16,-3,-8,29,11,10
35.4000,-3,-23,-14,-2,3,28,13,13,6,-29,-13,0,-5,22,3,3,0,-30,-16,1,0,33,13,18,0,-27,-17,0,-8,25,2,7,-2,-27,-16,2,-9,31,10,12,3,-29,-14,-1,-13,26,11,8,0,-28,-17,11,-5,24,10,6,-1,-30,-19,-2,-10,26,9,8
35.4200,-2,-26,-13,5,2,29,12,9,1,-28,-12,-4,-6,18,4,3,-1,-27,-16,4,-5,30,6,17,-1,-30,-14,0,-8,24,-2,6,0,-30,-12,-2,-4,29,10,3,2,-26,-14,1,-8,27,9,7,3,-27,-10,8,-4,27,12,8,4,-25,-13,0,-4,31,9,4
35.4400,-3,-26,-19,3,0,31,18,6,-2,-28,-20,-3,-6,16,7,4,-4,-25,-12,-1,-3,33,12,18,-2,-27,-12,0,-9,26,-4,9,-2,-30,-12,2,-3,29,5,5,5,-30,-13,3,-3,31,4,6,-1,-27,-23,9,-6,27,8,9,0,-29,-16,2,-8,24,11,10
35.4600,-2,-24,-15,-1,3,31,13,9,1,-27,-14,-1,-4,16,9,4,1,-30,-13,0,-6,30,13,19,-2,-24,-14,2,-12,26,-3,2,-3,-28,-16,0,-3,31,7,9,0,-31,-16,2,-8,33,5,8,-1,-23,-15,12,-7,27,7,4,1,-23,-16,3,-4,30,13,3
35.4800,-4,-23,-10,1,-1,28,13,10,2,-21,-14,4,-8,19,6,5,2,-29,-13,1,-4,30,13,22,-1,-30,-15,4,-10,24,-1,6,0,-28,-13,4,-6,27,5,7,3,-32,-16,-6,-10,26,9,6,2,-22,-14,8,-4,29,10,2,-4,-23,-15,5,-7,28,10,9
35.5000,-1,-25,-14,-3,1,27,11,3,-2,-23,-16,2,-3,17,7,4,2,-25,-15,1,-3,29,11,20,-3,-29,-13,1,-7,26,-4,8,2,-25,-13,3,-2,25,10,6,-1,-27,-11,0,-3,31,7,8,-3,-26,-21,8,-7,30,8,7,-2,-27,-17,3,-5,29,12,7
35.5200,-4,-25,-16,0,1,24,11,6,-3,-22,-14,-1,-5,20,5,1,1,-24,-14,1,-10,30,11,19,0,-27,-18,1,-7,23,-2,9,5,-31,-17,5,-1,26,8,6,3,-27,-14,5,-7,25,8,6,-1,-30,-17,11,-6,31,7,8,-1,-24,-20,0,-5,24,10,7
35.5400,-1,-23,-18,-1,3,28,7,5,-2,-24,-14,2,-6,18,10,-1,-2,-23,-17,1,-2,29,12,18,0,-26,-16,3,-3,25,-1,8,-1,-23,-14,2,-5,31,15,7,1,-29,-15,0,-10,27,6,6,1,-29,-15,9,-6,28,9,9,-2,-32,-16,2,-5,29,12,9
35.5600,2,-23,-16,-1,4,26,19,8,-2,-19,-12,1,-6,16,6,4,-2,-28,-14,0,-6,28,19,19,2,-24,-16,1,-7,26,0,6,-2,-28,-14,1,-4,30,12,11,3,-29,-13,0,-9,34,10,8,4,-22,-17,12,-4,29,11,8,3,-25,-12,-1,-8,26,13,10
35.5800,4,-25,-13,3,3,25,14,8,0,-23,-12,1,-5,20,6,6,-3,-29,-13,1,-6,30,9,21,3,-26,-17,3,-8,26,-5,6,-4,-25,-18,5,-2,30,5,3,1,-27,-14,3,-7,30,4,5,2,-25,-15,12,-9,27,11,5,2,-27,-11,0,-6,28,10,5
35.6000,3,-28,-12,-2,0,31,16,9,2,-25,-19,2,-3,20,7,2,-2,-24,-18,0,-4,31,10,18,0,-27,-17,1,-6,27,-2,7,2,-25,-15,0,-7,31,8,2,6,-31,-15,0,-9,29,8,6,0,-23,-14,12,-5,28,7,11,3,-26,-12,-2,-5,27,10,7
35.6200,2,-28,-13,2,1,25,15,5,1,-25,-17,3,-7,21,9,-2,-4,-26,-15,-3,-6,30,13,14,-3,-27,-12,0,-9,24,-5,4,3,-24,-12,5,-4,27,10,10,3,-30,-12,3,-10,27,8,8,-1,-26,-15,10,-9,34,9,3,-1,-29,-19,-2,-6,25,11,10
35.6400,-1,-23,-20,6,3,24,15,11,-1,-22,-13,-1,-6,17,11,0,-1,-28,-12,-2,-5,32,13,18,-4,-29,-15,6,-11,26,-1,3,4,-26,-13,0,-9,30,11,6,8,-30,-17,0,-9,30,8,7,-1,-27,-14,10,-7,29,8,3,-2,-25,-14,1,-6,29,16,8
35.6600,2,-25,-18,0,0,28,21,7,-1,-22,-14,2,-2,21,8,5,-5,-23,-12,2,-6,29,11,19,0,-29,-12,-1,-8,23,-1,3,2,-25,-17,3,-4,31,11,8,5,-29,-16,4,-9,29,7,13,-2,-25,-21,15,-4,26,13,6,0,-27,-17,-1,-3,30,16,7
35.6800,2,-24,-15,-1,5,28,14,8,-4,-26,-11,1,-7,18,7,3,-4,-26,-15,3,-1,31,8,22,2,-27,-14,2,-10,24,-1,8,3,-27,-16,0,-8,28,11,4,4,-30,-16,-1,-8,31,5,2,-2,-27,-18,11,-6,28,10,9,0,-28,-14,5,-5,28,11,9
35.7000,-2,-28,-16,0,5,29,16,6,-1,-30,-17,2,-2,15,8,0,-1,-29,-15,-2,-7,28,14,22,2,-28,-14,1,-3,24,2,9,3,-29,-15,3,-4,27,8,7,3,-28,-15,-2,-6,31,7,6,0,-28,-18,11,-8,28,11,5,4,-30,-10,1,-8,27,9,9
35.7200,-5,-25,-15,2,4,25,20,11,1,-26,-16,-2,-5,16,10,1,-2,-29,-15,-1,-6,30,13,23,5,-25,-15,2,-6,26,3,9,1,-29,-13,-1,-7,28,10,4,7,-30,-16,-5,-6,32,5,9,-3,-24,-17,10,-3,31,8,4,3,-30,-13,3,-8,28,6,7
35.7400,3,-20,-17,-3,2,28,14,8,1,-27,-19,1,-5,17,10,7,-2,-26,-15,-2,-3,26,14,21,-1,-29,-15,1,-8,26,2,6,0,-26,-15,0,-5,35,9,8,1,-31,-17,4,-10,31,7,11,2,-24,-16,12,-6,27,7,9,1,-26,-17,3,-5,32,11,7
35.7600,1,-25,-14,1,-1,27,12,11,-3,-28,-14,4,-1,18,6,1,-8,-28,-13,1,-7,29,15,20,-2,-30,-18,-2,-5,23,-2,6,1,-24,-17,1,-8,28,10,6,-1,-29,-17,3,-9,28,6,8,4,-24,-18,11,-9,30,8,6,-2,-26,-12,-2,-6,26,13,5
35.7800,2,-24,-17,0,3,29,13,8,-1,-22,-18,-1,-6,17,8,6,-5,-26,-16,2,-4,29,11,23,5,-24,-13,-1,-13,23,1,4,4,-28,-15,3,-8,28,18,4,5,-30,-18,2,-9,28,9,8,2,-26,-12,16,-6,25,7,9,1,-25,-18,-1,-5,31,13,4
35.8000,3,-26,-16,0,0,30,17,8,-2,-25,-15,3,-5,19,9,6,-5,-27,-14,0,-4,35,12,21,-3,-26,-17,-1,-7,23,-5,7,1,-24,-20,3,-6,27,14,7,6,-29,-17,1,-8,31,6,7,-2,-25,-17,17,-7,29,10,5,1,-23,-18,3,-5,29,11,8
35.8200,0,-25,-15,1,3,29,16,10,2,-27,-17,2,-5,20,9,2,-3,-26,-15,0,-6,31,11,22,-4,-25,-15,-3,-8,29,-1,5,2,-21,-16,-1,-6,28,10,8,0,-30,-16,1,-6,25,7,6,2,-27,-16,9,-7,28,9,9,0,-27,-14,0,-6,25,13,0
35.8400,3,-29,-13,0,1,27,11,15,0,-25,-10,2,-1,18,5,1,-1,-27,-17,-1,-8,29,11,20,0,-22,-16,-1,-6,23,-5,5,2,-29,-13,-2,-3,29,12,0,5,-30,-14,2,-10,30,8,7,0,-27,-9,14,-3,24,13,6,1,-26,-11,1,-8,26,8,9
35.8600,4,-28,-21,2,4,29,15,11,-1,-22,-16,6,-4,23,10,7,-1,-26,-17,1,-4,30,12,17,-1,-26,-16,1,-6,23,2,6,5,-30,-19,1,-1,30,12,8,1,-31,-13,4,-4,26,8,8,0,-24,-13,11,-3,30,11,6,3,-28,-13,0,-3,27,8,8
35.8800,-1,-25,-12,2,3,23,11,5,-4,-21,-15,1,-4,24,8,6,2,-24,-18,1,-5,32,10,16,3,-29,-17,5,-8,25,0,9,4,-27,-20,7,-2,26,11,6,1,-33,-15,3,-7,29,4,7,6,-27,-14,14,-3,31,10,5,-1,-27,-16,-2,-4,33,7,8
35.9000,-2,-27,-13,-2,4,28,12,13,0,-22,-21,0,-3,14,4,6,0,-23,-13,2,-9,32,12,17,-1,-28,-16,3,-6,25,-2,7,3,-27,-18,5,-7,27,10,9,3,-27,-16,5,-6,29,8,10,-1,-29,-18,13,-3,29,9,6,0,-26,-16,0,-8,24,13,9
35.9200,1,-28,-18,2,3,28,13,13,5,-28,-14,2,-2,16,12,3,2,-28,-14,-3,-8,27,12,17,0,-30,-20,-1,-7,26,-2,5,2,-27,-15,0,-4,30,14,9,4,-30,-19,1,-5,27,1,4,-1,-27,-17,10,-8,27,11,5,3,-25,-14,2,-5,30,10,9
35.9400,-4,-26,-12,3,1,27,13,11,1,-27,-18,6,-2,19,7,4,-1,-23,-15,0,-6,31,12,16,1,-29,-14,-1,-8,23,-5,6,2,-23,-14,1,-5,28,12,3,6,-31,-16,-1,-7,29,6,4,3,-27,-18,11,-9,30,11,4,2,-25,-15,4,-3,24,10,8
35.9600,1,-22,-15,0,5,30,16,10,-2,-26,-17,-1,-3,16,13,5,1,-22,-17,2,-1,30,14,22,3,-28,-14,2,-9,25,-1,6,3,-28,-14,-3,-6,29,9,2,-2,-33,-12,-2,-1,31,2,6,0,-26,-14,12,-7,32,15,6,2,-30,-13,-3,-3,31,10,7
35.9800,1,-28,-16,1,0,28,16,6,3,-26,-19,1,-4,19,4,4,-1,-28,-19,1,-4,30,11,17,-2,-28,-17,-1,-5,27,-3,7,1,-30,-11,2,-7,27,14,7,6,-34,-15,4,-6,27,9,9,2,-27,-15,16,-4,26,13,8,1,-26,-17,0,-7,28,13,8
36.0000,0,-28,-17,-1,3,29,16,15,4,-24,-17,1,-3,17,7,4,2,-26,-17,2,-5,33,11,18,-3,-32,-21,4,-12,26,-1,6,6,-26,-21,1,-6,24,11,4,3,-32,-14,2,-7,30,6,7,3,-28,-17,16,-5,27,16,8,3,-26,-19,-1,-7,28,11,10
36.0200,0,-26,-22,5,5,30,12,6,1,-23,-17,1,2,21,7,8,-5,-28,-15,2,-1,29,10,19,-1,-28,-15,3,-7,25,3,8,3,-25,-15,1,0,27,10,7,2,-32,-16,1,-4,24,9,3,-2,-25,-17,13,-9,31,16,5,4,-22,-18,1,-5,26,12,9
36.0400,1,-31,-13,-1,2,31,12,10,0,-23,-21,-2,2,16,9,7,2,-27,-18,0,-4,28,10,17,3,-23,-16,0,-7,25,0,10,3,-26,-17,2,-1,28,10,11,6,-31,-16,2,-2,28,8,6,1,-28,-21,16,-4,26,11,5,-4,-23,-17,-1,-4,26,11,4
36.0600,1,-29,-16,0,0,25,14,7,1,-25,-15,-4,-2,20,5,5,0,-26,-12,6,0,27,8,23,3,-23,-17,1,-7,26,1,7,6,-27,-15,1,-4,27,11,10,3,-31,-14,1,-3,31,7,5,3,-25,-14,13,-7,27,15,6,1,-25,-16,2,-4,32,13,6
36.0800,-1,-27,-15,-1,5,28,12,12,5,-22,-19,1,-2,21,7,6,-4,-29,-15,3,0,32,11,21,3,-30,-15,5,-6,22,2,8,6,-27,-18,3,-8,27,12,8,6,-27,-16,4,-5,28,6,5,-1,-26,-18,16,-7,30,10,7,-2,-24,-21,-5,-2,26,8,3
36.1000,-1,-20,-12,-2,2,32,9,8,-3,-26,-13,-1,-2,20,9,10,1,-26,-15,0,-1,27,13,19,-2,-26,-14,-1,-5,24,0,9,3,-24,-18,0,-3,29,12,11,3,-34,-16,3,-8,28,9,6,-1,-24,-19,12,-1,29,12,10,1,-27,-16,-5,-2,28,12,11
36.1200,0,-27,-16,2,1,33,12,12,0,-25,-19,-1,-5,20,5,6,0,-24,-13,3,0,27,8,18,0,-28,-13,3,-6,23,-4,6,7,-24,-18,1,-4,28,12,9,1,-32,-15,2,-3,30,10,8,0,-25,-19,13,-5,29,12,12,0,-25,-16,0,-7,29,13,10
36.1400,-3,-29,-18,0,4,31,12,11,0,-23,-17,-3,-8,21,7,2,2,-27,-18,4,0,29,13,22,0,-23,-15,3,-7,26,4,10,1,-24,-18,2,-5,26,13,8,-1,-32,-17,-1,-7,31,7,10,1,-25,-20,15,-6,28,9,6,0,-27,-16,1,0,30,9,6
36.1600,2,-29,-17,2,4,33,14,12,-1,-23,-15,2,-2,22,6,-1,-4,-24,-18,-2,-4,23,9,15,2,-28,-12,-3,-11,26,1,5,4,-29,-14,-2,-5,32,11,9,3,-28,-18,0,-5,28,9,4,1,-26,-20,14,-6,29,10,7,-1,-25,-18,0,-1,29,9,5
36.1800,-3,-26,-13,-2,4,29,12,10,3,-26,-16,0,2,18,7,4,-1,-28,-14,2,0,29,12,17,-2,-29,-19,1,-5,27,0,8,5,-28,-17,5,-3,31,11,9,1,-30,-15,3,-5,30,8,8,1,-25,-12,12,-4,27,13,8,1,-27,-14,-2,-7,31,9,7
36.2000,3,-29,-15,5,5,27,17,8,1,-25,-16,1,-8,19,9,2,3,-25,-20,-2,-1,25,11,17,0,-27,-14,2,-7,28,0,9,5,-23,-19,-3,-4,27,10,8,2,-29,-13,2,-4,32,2,4,0,-31,-18,13,2,27,9,12,1,-26,-17,2,-7,30,7,11
36.2200,0,-22,-18,4,4,30,11,7,1,-26,-18,1,-3,16,8,6,-1,-27,-20,3,-1,27,9,22,2,-25,-18,6,-5,23,-6,7,1,-27,-17,1,-1,27,10,10,2,-30,-17,2,-6,27,8,1,1,-27,-23,9,-9,28,10,5,-2,-25,-17,3,-7,27,9,7
36.2400,1,-29,-16,1,9,27,11,12,1,-25,-14,1,-1,17,8,2,-2,-25,-20,1,-2,29,12,17,1,-29,-21,1,-7,24,-5,7,4,-27,-18,-1,-3,27,3,11,1,-32,-18,1,-4,29,10,5,2,-24,-22,14,-4,28,12,5,2,-27,-19,-1,-2,26,12,5
36.2600,-2,-28,-17,-3,5,29,14,11,3,-21,-16,-1,-9,20,9,3,-2,-27,-17,-2,-4,26,9,22,2,-29,-21,2,-5,23,-2,10,4,-30,-19,0,-1,29,10,12,0,-33,-19,4,0,31,9,8,3,-27,-20,12,-4,29,17,7,2,-29,-18,2,-4,28,13,4
36.2800,0,-23,-13,1,5,29,15,10,4,-25,-14,0,-4,19,5,2,-2,-27,-18,4,-3,27,11,19,-1,-29,-15,3,-5,24,0,10,4,-21,-17,0,-5,24,6,11,4,-29,-15,-1,-4,25,9,5,1,-24,-17,10,0,27,10,9,4,-23,-15,0,-5,29,11,11
36.3000,3,-28,-17,-4,6,28,17,11,0,-26,-16,2,-8,14,9,8,1,-22,-19,2,1,33,10,21,0,-27,-23,0,-5,27,0,8,5,-28,-15,0,-4,26,11,9,1,-26,-18,-2,-5,29,11,6,3,-24,-15,9,0,30,14,6,1,-28,-19,-4,-5,25,13,6
36.3200,5,-27,-20,1,2,33,10,9,2,-22,-14,5,-7,23,7,3,3,-28,-15,6,1,30,14,21,-2,-29,-18,2,-8,27,-4,4,4,-25,-19,2,-3,28,12,8,5,-33,-13,4,-3,30,11,9,4,-30,-19,13,-5,25,13,8,3,-28,-16,2,-7,31,12,7
36.3400,4,-30,-15,2,6,30,14,11,2,-24,-16,-2,-1,16,1,8,5,-23,-19,0,-4,32,11,24,3,-25,-17,0,-6,17,-3,7,7,-29,-19,0,-5,31,13,2,3,-33,-12,2,-8,30,12,11,5,-25,-16,12,-4,27,9,9,-3,-26,-18,-2,0,24,10,8
36.3600,0,-26,-16,-2,5,37,19,11,4,-21,-18,0,-4,14,7,5,2,-25,-15,2,1,29,15,19,2,-28,-16,0,-11,24,2,9,7,-22,-15,-3,-5,28,12,7,1,-30,-19,-2,-3,28,9,4,3,-27,-19,17,-4,27,11,5,1,-28,-21,1,-4,25,14,7
36.3800,3,-24,-20,4,2,26,9,14,1,-30,-18,6,-4,18,7,7,1,-25,-16,-2,-3,31,15,15,1,-25,-16,1,-8,24,5,9,8,-28,-18,4,-8,25,11,10,2,-31,-17,1,-2,30,10,6,1,-24,-20,15,-7,29,9,8,-1,-27,-22,-2,-6,28,7,8
36.4000,-1,-25,-21,2,7,30,14,7,0,-30,-19,1,-7,14,11,4,0,-30,-16,1,-1,32,14,21,-1,-28,-17,0,-4,23,-2,11,7,-24,-14,3,-4,22,9,8,4,-36,-16,2,3,27,6,3,4,-26,-17,11,0,30,10,7,-3,-28,-19,1,-6,29,12,6
36.4200,-2,-28,-17,-1,7,27,12,10,0,-19,-13,0,-5,17,8,12,4,-27,-19,-3,-3,30,10,18,0,-29,-16,-3,-11,28,-3,7,3,-24,-18,1,-5,27,10,10,1,-28,-19,3,0,31,7,6,-4,-28,-17,15,-5,30,9,10,0,-26,-19,-3,0,27,11,8
36.4400,-4,-28,-18,0,9,27,16,13,2,-24,-23,-2,-7,19,8,9,2,-26,-20,-1,-4,29,12,18,2,-24,-20,2,-7,26,-3,7,7,-27,-16,0,-3,24,7,6,7,-30,-18,-2,-2,26,8,8,2,-23,-20,7,1,25,13,6,0,-28,-14,0,-8,24,8,6
36.4600,1,-29,-15,-3,0,28,18,13,-1,-22,-21,2,-7,23,7,3,1,-27,-18,2,2,30,15,23,4,-32,-18,2,-5,27,1,12,6,-22,-16,-1,-8,28,10,11,8,-30,-17,-2,-3,30,8,6,2,-29,-16,12,-6,24,11,10,3,-25,-20,-1,-7,26,12,6
36.4800,2,-28,-17,0,5,27,12,7,5,-22,-20,-3,0,23,8,7,0,-28,-23,-3,1,31,8,19,-1,-28,-14,0,-7,26,-2,8,6,-26,-13,-1,-6,29,9,7,3,-30,-13,2,-4,33,3,11,2,-23,-20,11,-6,28,10,7,3,-26,-18,-1,1,26,11,8
36.5000,0,-27,-16,3,4,30,14,13,2,-20,-11,0,-5,16,11,11,0,-23,-17,-3,-2,32,13,21,5,-30,-16,2,-6,26,-1,10,7,-30,-13,0,-5,23,15,7,2,-34,-20,0,1,24,9,9,-2,-25,-16,16,-4,24,12,10,-1,-29,-17,-2,-5,28,14,10
36.5200,0,-27,-14,1,8,26,11,7,4,-23,-14,1,-4,18,9,10,-3,-26,-16,1,-3,28,11,18,6,-26,-19,3,-4,27,0,10,4,-28,-22,-6,-4,24,13,11,5,-34,-15,2,-3,28,8,6,3,-24,-17,12,-2,22,8,8,1,-28,-15,-6,-2,28,12,10
36.5400,0,-28,-17,3,5,26,15,10,8,-18,-19,0,-3,17,10,6,2,-23,-17,3,-3,24,9,21,3,-27,-20,3,-4,23,3,12,7,-26,-18,-2,-5,26,11,7,5,-30,-19,-4,-5,24,11,5,2,-22,-13,13,-4,31,11,7,-1,-24,-18,-2,-5,26,6,5
36.5600,3,-27,-11,-1,7,32,15,12,8,-24,-17,-3,-3,17,4,8,2,-26,-17,-6,-1,28,17,21,4,-27,-18,-3,-1,22,1,7,6,-29,-17,-2,0,27,11,12,4,-33,-15,0,-1,28,10,8,2,-28,-15,13,-1,33,14,0,2,-29,-16,0,-4,26,10,4
36.5800,0,-26,-19,0,8,29,13,9,4,-25,-19,0,-3,19,7,6,1,-25,-23,-4,-1,27,12,17,2,-29,-16,3,-7,27,1,12,11,-26,-19,-4,-5,24,14,8,3,-29,-14,-1,-3,30,5,7,-1,-21,-19,14,-7,26,8,6,3,-26,-17,0,-9,30,8,7
36.6000,0,-30,-17,0,5,29,12,10,-1,-24,-18,1,-6,20,6,6,2,-23,-21,-5,-4,28,13,19,2,-28,-16,0,-6,23,1,8,10,-21,-16,3,-6,25,9,7,4,-30,-21,0,0,31,4,5,4,-26,-21,13,-2,27,12,7,2,-22,-17,0,-3,24,15,7
36.6200,5,-27,-18,-2,4,26,13,9,3,-30,-19,0,-2,21,11,6,5,-27,-21,-1,-6,25,9,18,1,-30,-17,-3,-7,21,2,10,10,-27,-19,0,-1,25,14,14,3,-31,-16,4,0,30,9,6,3,-24,-18,10,-2,24,12,3,1,-26,-14,4,-4,29,12,6
36.6400,1,-32,-16,-3,5,32,13,9,4,-26,-18,-4,0,17,6,7,8,-25,-20,6,0,24,14,18,5,-27,-20,-1,-7,26,0,6,5,-25,-16,0,-4,31,13,10,3,-33,-13,0,-3,25,14,7,2,-29,-20,14,-5,25,10,10,5,-23,-12,1,-4,21,14,7
36.6600,4,-27,-15,-3,2,28,16,9,4,-24,-19,2,-4,20,12,2,0,-20,-23,0,0,29,9,17,1,-24,-20,3,-5,22,2,12,8,-24,-19,-3,-5,26,12,6,5,-31,-18,1,-3,31,8,7,0,-29,-16,18,1,24,13,9,5,-24,-18,1,-3,23,10,8
36.6800,2,-31,-16,-1,8,31,16,12,3,-26,-18,0,2,19,13,8,0,-21,-18,2,1,33,13,19,2,-29,-20,1,-4,26,2,10,9,-27,-16,5,-3,29,8,10,4,-34,-19,0,1,26,9,1,5,-26,-14,13,-6,28,10,9,6,-28,-15,1,-3,31,13,8
36.7000,2,-31,-20,1,4,31,16,11,1,-25,-18,-1,0,19,6,6,3,-26,-19,0,-4,29,9,18,4,-28,-15,4,-4,23,-1,7,7,-25,-13,-4,-1,27,9,12,4,-32,-19,2,0,27,10,7,-1,-23,-15,18,-2,29,10,7,5,-23,-17,1,-4,26,12,10
36.7200,0,-31,-22,1,6,25,15,12,3,-24,-17,2,-4,24,9,6,1,-22,-18,5,3,30,11,13,6,-28,-20,3,-7,24,3,9,7,-30,-16,0,-4,28,8,10,7,-35,-17,1,1,29,9,2,1,-28,-20,9,-7,29,14,8,5,-27,-20,1,-5,33,10,6
36.7400,1,-27,-21,2,6,29,14,13,2,-27,-18,0,0,17,12,9,1,-27,-15,2,1,28,12,17,3,-29,-16,1,-3,22,-3,6,8,-23,-15,2,-3,30,13,12,4,-32,-17,3,1,25,6,8,7,-26,-15,18,-1,26,12,7,6,-21,-20,-1,0,25,10,11
36.7600,0,-31,-18,-3,4,30,15,13,5,-26,-15,1,-2,19,12,8,5,-22,-19,0,-3,29,12,16,5,-26,-15,2,-2,24,3,8,10,-23,-21,2,-5,30,13,12,4,-32,-11,5,5,24,6,7,2,-32,-21,18,0,28,7,11,1,-23,-15,2,-3,24,13,7
36.7800,0,-28,-14,-1,6,33,13,15,3,-26,-17,-1,-4,20,6,12,5,-22,-19,1,0,27,14,18,3,-30,-19,1,-3,27,0,10,7,-26,-20,-1,-4,27,11,13,3,-31,-17,3,0,28,4,8,2,-26,-23,11,-4,24,12,10,-1,-22,-18,0,-7,31,9,13
36.8000,1,-29,-18,1,4,27,15,13,5,-25,-19,-3,0,22,12,5,5,-27,-18,3,0,25,15,17,2,-27,-18,-4,-2,25,-5,10,7,-30,-20,-3,0,28,15,15,5,-29,-10,0,-1,31,5,4,6,-27,-12,13,-4,27,11,6,8,-28,-19,-1,-5,24,13,11
36.8200,6,-23,-16,-2,1,31,16,11,4,-23,-22,2,2,19,7,6,4,-25,-16,-5,0,28,9,17,6,-28,-16,-2,-4,22,-2,12,12,-26,-18,5,-5,29,5,11,5,-35,-19,2,-1,34,9,6,2,-31,-18,17,0,31,15,7,2,-22,-17,-1,-2,28,11,9
36.8400,-4,-30,-17,1,6,30,14,13,0,-29,-18,1,0,23,6,6,2,-23,-17,0,-2,31,14,15,3,-26,-17,-1,0,22,-1,8,9,-25,-17,1,-2,27,13,12,4,-35,-19,3,-3,32,10,7,3,-26,-21,14,-4,30,10,9,6,-27,-16,-3,-2,26,11,6
36.8600,3,-35,-18,-3,6,29,10,11,2,-23,-19,0,1,20,8,7,7,-23,-19,2,-4,22,13,21,5,-25,-22,-1,-4,22,3,6,7,-29,-21,1,-5,24,13,8,3,-33,-17,-1,1,28,9,7,2,-27,-26,16,-5,25,7,8,3,-22,-17,0,2,24,10,8
36.8800,-1,-29,-16,0,5,31,14,9,2,-24,-21,2,1,14,10,12,5,-24,-20,-1,4,31,9,16,4,-30,-19,-2,-4,22,2,12,4,-27,-18,2,-2,24,15,10,3,-36,-20,3,2,29,6,7,1,-25,-17,18,-5,29,9,7,2,-25,-18,-3,-4,29,11,5
36.9000,4,-34,-23,-2,8,28,18,11,2,-27,-19,1,-1,17,11,7,2,-23,-18,1,1,27,12,16,3,-29,-19,2,-7,25,2,9,5,-23,-15,-3,-7,23,11,9,4,-26,-16,0,0,26,8,6,-2,-21,-18,12,-2,24,11,10,2,-27,-21,-1,-3,26,7,9
36.9200,1,-29,-18,-6,6,28,13,13,4,-25,-16,5,-3,15,13,10,3,-27,-16,1,-2,29,14,19,4,-28,-16,3,-5,22,-4,11,11,-29,-17,2,2,29,10,11,0,-30,-18,3,0,27,11,7,8,-30,-20,13,-4,31,14,7,7,-27,-17,0,-1,27,15,5
36.9400,4,-30,-21,-1,5,30,17,14,7,-23,-16,0,2,19,10,4,3,-25,-17,3,-1,27,14,23,2,-25,-13,2,-3,21,2,8,7,-27,-12,-1,-2,25,10,14,4,-34,-20,2,-1,27,9,4,8,-23,-19,18,-3,24,9,9,2,-24,-17,2,-5,28,9,9
36.9600,2,-32,-17,2,8,31,16,9,3,-19,-22,-1,-5,20,9,9,6,-27,-19,1,4,26,11,20,3,-23,-19,-2,-5,24,-1,12,7,-27,-20,-1,-5,24,14,12,6,-34,-18,0,0,28,8,7,7,-23,-17,13,-4,30,9,7,6,-29,-19,-1,-4,25,10,6
36.9800,5,-32,-21,-5,7,27,14,12,4,-23,-18,-1,-3,17,10,7,4,-26,-19,3,-2,25,10,16,7,-29,-17,-4,-2,29,3,8,7,-22,-17,0,-5,27,16,11,3,-29,-19,3,-1,29,4,5,3,-22,-16,14,-3,28,11,7,3,-28,-16,2,-7,30,14,9
37.0000,0,-29,-18,0,8,29,12,11,3,-22,-21,1,-7,21,7,11,6,-23,-16,2,0,27,10,18,4,-26,-20,2,-3,24,0,9,9,-27,-21,0,-1,26,16,9,1,-37,-17,0,2,26,8,11,2,-26,-22,18,-3,31,13,8,2,-26,-17,3,-3,27,11,9
37.0200,-2,-32,-20,-1,10,29,13,10,2,-24,-22,0,-1,19,13,5,8,-26,-15,1,0,29,12,15,2,-25,-21,0,-6,21,2,7,10,-26,-17,2,-5,25,10,12,1,-31,-19,-3,0,28,8,5,-2,-27,-19,15,1,28,11,10,4,-27,-15,1,3,29,12,9
37.0400,3,-29,-19,3,4,29,12,13,1,-25,-20,-5,-2,20,7,6,3,-23,-19,-1,4,28,11,18,5,-26,-17,0,-5,23,-3,13,7,-24,-20,2,-4,22,12,10,3,-31,-20,1,-1,27,6,6,3,-26,-19,13,-2,29,11,10,1,-26,-21,-1,-3,23,14,13
37.0600,2,-30,-20,-1,4,23,16,11,2,-26,-17,2,1,20,8,9,4,-26,-15,-1,1,27,15,20,0,-28,-13,1,-5,21,-3,8,12,-29,-20,-2,-3,27,17,16,7,-35,-17,-2,4,24,10,9,7,-26,-21,17,-2,26,15,14,1,-24,-14,1,-3,26,6,11
37.0800,2,-29,-20,4,5,31,14,13,0,-22,-21,-3,-2,15,5,9,6,-26,-21,-1,-2,26,11,19,0,-24,-18,1,-3,25,2,9,11,-20,-20,1,-6,27,7,10,0,-31,-17,0,-2,28,2,3,4,-22,-20,19,-3,26,13,9,1,-29,-19,1,-5,25,12,11
37.1000,3,-31,-21,-2,7,31,13,10,2,-23,-22,-1,3,15,10,8,5,-19,-18,2,-3,23,11,20,5,-30,-22,0,-5,25,1,10,13,-22,-20,2,-1,29,8,13,6,-32,-20,0,3,28,7,5,0,-28,-19,16,-3,25,11,9,4,-22,-17,-1,-6,27,7,10
37.1200,1,-31,-21,-1,1,28,9,9,3,-27,-19,-2,-4,14,12,7,4,-24,-21,3,0,27,14,22,-1,-25,-20,-1,-5,27,0,10,12,-21,-18,-1,-3,26,15,11,4,-31,-21,3,-5,24,8,8,4,-26,-19,16,-5,24,11,10,1,-29,-20,1,1,30,8,11
37.1400,-1,-31,-22,-1,6,29,19,13,6,-23,-18,-1,-5,16,12,10,9,-25,-21,1,3,31,10,22,8,-24,-15,1,-6,26,-2,4,8,-28,-15,1,-7,23,14,12,8,-30,-21,-2,2,32,11,12,4,-33,-19,16,-6,25,6,10,5,-29,-17,0,-4,26,11,7
37.1600,-3,-32,-23,1,4,29,13,11,6,-25,-24,2,-3,18,11,5,7,-21,-19,0,-3,29,13,20,2,-28,-19,-3,1,26,-3,8,12,-26,-19,1,-3,25,10,14,5,-33,-15,1,1,30,11,9,5,-23,-20,10,-6,29,14,12,3,-26,-20,2,-2,27,16,8
37.1800,6,-31,-17,-4,3,28,16,11,2,-24,-18,1,-5,20,9,7,3,-26,-19,0,1,26,16,16,4,-28,-22,3,-1,21,-2,9,6,-25,-16,4,-7,25,13,10,4,-33,-17,3,0,31,7,3,4,-26,-18,16,-2,27,10,9,7,-23,-16,2,-2,30,13,3
37.2000,4,-28,-18,0,8,26,16,14,8,-26,-16,4,-6,17,9,13,3,-22,-21,-1,0,27,12,20,4,-28,-21,2,-2,20,0,14,6,-27,-13,-4,-3,27,13,14,8,-31,-16,0,-2,26,5,3,4,-26,-21,16,-2,28,9,7,-1,-23,-22,1,-5,26,12,8
37.2200,2,-33,-17,-4,6,28,15,13,6,-19,-21,-2,-2,20,7,11,9,-23,-20,0,0,27,14,20,5,-30,-19,3,-2,25,0,10,9,-27,-18,-1,-2,25,12,12,3,-32,-21,1,3,25,7,9,4,-32,-19,16,-1,27,12,11,3,-29,-18,-2,-3,28,13,10
37.2400,4,-30,-17,3,6,28,10,12,3,-23,-18,0,0,22,7,10,1,-26,-22,2,-4,28,15,17,6,-26,-16,-1,0,26,-1,8,10,-26,-18,0,1,23,11,15,7,-32,-19,-2,0,33,5,8,2,-28,-20,21,-4,26,13,7,1,-30,-18,0,-5,29,13,6
37.2600,3,-32,-18,4,9,26,12,5,5,-23,-16,3,0,20,8,6,3,-24,-19,4,-3,28,15,21,-1,-28,-15,-2,-4,19,-1,8,8,-26,-15,0,-1,26,19,12,3,-30,-20,2,-3,28,4,0,6,-25,-21,13,-1,31,8,7,8,-22,-18,5,2,25,16,7
37.2800,0,-28,-19,2,6,28,11,12,6,-24,-17,0,-3,20,9,6,10,-25,-17,2,-1,24,9,20,4,-32,-18,1,0,23,3,9,10,-27,-17,3,-4,25,17,12,5,-31,-19,0,0,30,8,9,3,-26,-17,19,3,26,15,8,4,-26,-20,1,2,27,10,8
37.3000,2,-26,-17,-3,5,34,15,12,4,-23,-20,1,0,17,11,9,3,-25,-18,0,-1,26,11,18,0,-26,-17,0,-4,24,0,9,9,-23,-18,1,-5,23,10,13,6,-33,-18,-2,4,32,10,6,4,-31,-16,15,1,28,9,9,3,-24,-15,3,0,26,12,11
37.3200,2,-29,-16,1,6,29,15,14,5,-22,-17,2,-1,15,9,6,6,-29,-21,2,5,24,12,19,5,-29,-20,2,1,23,4,17,5,-29,-15,1,1,24,15,9,9,-36,-19,-2,6,33,10,5,1,-29,-19,13,4,28,12,8,1,-23,-18,-1,-3,32,8,16
37.3400,2,-34,-17,0,6,24,10,13,7,-22,-15,2,2,19,13,11,6,-23,-20,3,3,28,10,9,5,-32,-20,1,-4,23,-2,8,12,-29,-16,0,-1,28,10,11,5,-32,-23,0,1,30,7,8,-1,-24,-18,16,-2,25,7,9,3,-29,-19,-1,1,28,9,9
37.3600,3,-32,-22,-1,2,29,17,11,7,-25,-18,-1,-3,19,10,7,6,-23,-20,0,2,26,15,18,4,-26,-15,2,1,24,2,10,12,-28,-19,0,1,27,10,11,7,-34,-22,3,0,25,9,6,9,-23,-17,20,1,31,9,10,-1,-25,-18,-1,-2,30,13,10
37.3800,6,-35,-19,-1,5,27,18,13,4,-24,-22,1,-4,18,14,8,13,-23,-21,-1,-6,26,13,19,3,-29,-19,5,1,25,4,12,10,-22,-17,2,3,23,9,13,6,-30,-24,0,0,31,9,5,5,-24,-18,18,-3,30,12,13,5,-22,-13,2,-3,28,13,11
37.4000,2,-33,-19,-7,8,31,15,12,7,-27,-18,0,-1,20,8,5,6,-23,-19,3,1,27,9,17,5,-27,-17,4,-1,20,-2,13,11,-24,-18,2,-4,24,11,13,9,-32,-17,0,7,27,11,7,5,-22,-17,17,0,26,13,9,2,-31,-16,0,0,28,10,10
37.4200,4,-37,-17,1,7,28,16,12,3,-22,-16,1,0,21,10,13,4,-25,-21,0,3,23,11,18,5,-28,-16,-4,1,27,3,10,8,-21,-16,0,-6,26,8,12,8,-30,-18,0,4,29,10,7,5,-26,-21,18,-3,25,13,10,5,-24,-17,1,1,28,8,14
37.4400,-2,-30,-18,0,8,30,11,14,5,-23,-18,-5,2,17,12,14,6,-21,-21,1,3,25,10,18,4,-29,-18,2,-3,24,0,10,7,-24,-16,1,-3,28,14,9,6,-32,-22,3,5,23,8,11,8,-27,-16,19,3,25,14,12,5,-25,-17,0,-3,25,13,9
37.4600,9,-31,-14,1,2,29,16,13,1,-24,-17,3,0,18,13,7,5,-19,-15,0,5,27,15,16,7,-26,-22,0,-4,27,1,11,11,-24,-17,-1,3,25,13,7,5,-31,-22,-3,2,29,6,9,8,-26,-19,13,0,27,11,11,4,-28,-17,-5,-1,25,11,12
37.4800,1,-31,-20,2,3,31,10,10,2,-23,-20,0,1,15,11,5,6,-22,-17,-2,2,28,16,18,7,-26,-18,4,3,22,-3,15,11,-30,-17,1,-4,26,7,9,4,-34,-17,-3,6,29,8,11,3,-25,-17,20,-1,28,13,10,6,-24,-21,0,-2,31,13,13
37.5000,1,-33,-19,2,8,30,17,10,6,-26,-18,-3,-2,18,8,10,10,-21,-15,-1,0,23,12,17,10,-29,-20,-3,1,21,1,11,7,-26,-16,-2,-1,29,12,7,10,-31,-22,0,8,29,9,11,5,-29,-15,16,-1,27,9,13,9,-28,-20,-2,-4,26,13,10
37.5200,2,-33,-21,-1,6,29,11,15,3,-21,-22,1,-1,16,10,10,6,-26,-18,-5,1,27,13,19,4,-25,-20,4,-3,27,4,10,5,-22,-18,0,-3,26,13,13,1,-32,-19,3,3,28,11,8,4,-20,-17,23,0,29,11,9,5,-29,-17,-5,1,28,12,13
37.5400,1,-26,-19,0,11,25,14,10,5,-23,-16,-1,0,24,10,14,7,-26,-18,2,0,29,16,21,5,-25,-20,0,3,24,-4,10,5,-30,-16,-3,0,28,10,11,4,-32,-17,-3,4,30,10,6,6,-26,-21,22,4,24,13,13,7,-32,-22,-2,-4,31,12,8
37.5600,6,-27,-18,-1,6,29,14,11,8,-25,-20,-1,0,20,12,11,4,-23,-20,-1,4,27,15,16,4,-27,-18,2,-4,23,2,12,10,-26,-19,-2,-4,27,14,15,7,-32,-23,0,4,29,9,6,8,-25,-20,19,-4,25,12,12,6,-26,-17,3,1,29,11,9
37.5800,4,-28,-19,1,8,29,16,11,6,-23,-25,1,-1,19,13,15,5,-24,-18,-2,-2,29,16,19,6,-32,-18,2,-4,25,1,10,12,-21,-17,-2,-4,28,10,14,6,-32,-19,2,7,30,8,9,4,-27,-19,16,-3,28,9,10,3,-27,-20,3,0,21,6,12
37.6000,5,-30,-19,1,3,31,18,9,6,-23,-19,2,1,16,11,11,6,-23,-20,-3,2,26,11,20,9,-23,-17,2,0,28,2,11,9,-21,-22,2,2,25,14,13,6,-34,-18,2,5,29,7,10,5,-27,-19,17,5,30,19,9,8,-23,-22,-2,-1,23,8,10
37.6200,9,-35,-14,-1,8,27,13,13,9,-20,-19,2,0,17,11,8,7,-19,-20,3,6,30,11,16,4,-24,-19,0,0,27,5,17,12,-24,-18,-3,1,27,12,9,5,-32,-19,1,3,30,9,8,4,-28,-17,14,-1,24,16,9,3,-24,-21,-1,-8,23,14,10
37.6400,3,-34,-14,2,8,26,14,14,5,-21,-19,-1,-1,19,17,10,10,-23,-19,-1,4,24,12,21,5,-25,-17,2,2,26,6,9,13,-22,-17,1,-1,26,12,15,4,-34,-15,-3,4,28,8,6,7,-25,-20,20,-2,27,11,11,6,-24,-22,-7,-1,26,10,7
37.6600,2,-31,-17,4,6,31,16,17,4,-24,-19,-2,-1,18,12,8,6,-24,-20,-2,5,25,14,20,6,-26,-21,1,1,23,4,13,11,-24,-21,-1,-3,27,15,14,3,-32,-19,1,6,25,13,8,3,-29,-17,19,-2,26,11,11,5,-26,-21,-1,-1,25,12,12
37.6800,-1,-33,-16,3,6,27,17,14,7,-26,-18,2,-3,17,8,8,5,-21,-20,-2,5,25,14,18,8,-30,-21,4,5,24,-2,7,12,-25,-19,1,4,30,15,13,5,-38,-18,0,5,31,8,6,6,-27,-18,20,5,26,14,12,4,-24,-20,-1,2,25,10,11
37.7000,-1,-27,-19,3,5,32,16,12,9,-21,-18,0,-2,20,5,11,8,-20,-18,2,4,29,15,21,3,-29,-20,3,3,22,1,12,11,-29,-20,6,1,25,13,11,6,-31,-19,1,2,27,11,9,4,-25,-19,13,0,25,10,8,2,-28,-21,1,1,26,11,14
37.7200,7,-33,-20,2,5,31,13,16,5,-27,-15,-4,-1,20,13,13,7,-28,-18,2,2,27,17,19,6,-27,-18,4,0,28,-3,11,12,-25,-23,-1,-3,24,14,16,6,-29,-19,2,9,35,12,8,3,-26,-20,16,-1,23,12,11,4,-32,-19,-2,-2,25,11,11
37.7400,-1,-31,-19,-3,8,27,17,11,5,-24,-15,1,-3,17,12,9,4,-24,-20,-3,5,24,14,21,5,-31,-20,0,2,23,-1,11,11,-26,-19,-2,1,25,13,13,8,-35,-16,-1,5,32,10,8,5,-26,-22,16,3,28,13,10,3,-24,-19,-2,0,24,13,10
37.7600,7,-32,-22,4,6,31,15,15,11,-23,-22,0,-1,20,14,9,5,-25,-19,3,0,29,15,20,4,-26,-22,4,5,25,0,14,10,-25,-22,6,-1,27,8,14,3,-35,-17,0,6,28,12,9,6,-24,-16,13,1,28,15,15,8,-26,-24,-1,3,29,11,12
37.7800,5,-31,-16,-2,9,28,9,12,6,-26,-15,1,-2,15,13,7,7,-21,-12,0,2,27,17,20,0,-28,-20,5,0,23,7,13,12,-25,-20,-5,5,25,14,13,4,-32,-22,0,7,31,10,12,7,-20,-17,16,3,21,17,12,7,-21,-15,2,-3,27,11,11
37.8000,3,-31,-20,-2,10,30,16,13,10,-22,-22,-1,-3,13,9,11,4,-24,-24,0,4,25,15,15,6,-25,-18,-2,0,25,2,11,12,-24,-22,0,-2,21,15,15,5,-30,-22,3,6,29,11,6,6,-27,-19,20,3,25,13,9,4,-24,-20,3,-3,26,13,9
37.8200,8,-35,-17,2,3,27,13,11,9,-24,-20,-3,3,18,8,10,7,-21,-18,3,0,24,16,19,7,-30,-23,4,4,26,2,10,12,-25,-18,0,-1,21,10,12,8,-31,-19,0,5,26,11,11,4,-18,-17,16,0,25,13,11,8,-27,-21,0,1,29,13,12
37.8400,10,-28,-18,-5,6,27,11,13,8,-24,-23,-1,1,19,10,8,6,-23,-18,5,1,26,15,19,3,-30,-15,5,-2,25,1,10,12,-26,-20,1,-6,25,16,11,5,-31,-14,6,7,27,12,9,3,-29,-16,16,2,25,10,14,4,-24,-18,-1,3,27,13,8
37.8600,0,-30,-13,1,10,29,12,14,9,-23,-20,0,7,17,13,10,7,-22,-18,-3,1,26,12,17,7,-28,-17,-1,-2,28,0,9,9,-27,-19,1,-1,25,13,14,8,-35,-15,1,8,29,10,7,4,-27,-23,16,-3,27,12,11,4,-25,-18,5,-1,28,10,12
37.8800,3,-30,-22,1,6,31,14,18,6,-20,-18,1,1,18,8,13,4,-26,-20,-2,5,27,10,19,8,-26,-19,-1,4,25,0,14,13,-25,-17,0,-2,27,14,16,9,-33,-23,5,2,30,7,10,5,-25,-21,19,-1,24,13,11,1,-28,-20,0,0,28,11,11
37.9000,11,-32,-19,2,6,30,14,17,7,-20,-17,0,0,19,13,14,5,-24,-22,6,2,25,16,20,6,-25,-15,1,3,22,-2,15,18,-24,-20,1,0,25,14,13,6,-33,-20,2,4,26,12,11,4,-23,-17,17,2,24,11,13,6,-23,-19,-2,1,28,15,13
37.9200,1,-32,-17,6,7,30,12,15,11,-22,-16,-2,6,17,15,6,7,-24,-17,3,4,27,11,14,6,-28,-19,2,4,28,5,11,11,-25,-17,0,0,24,14,13,9,-33,-15,0,3,29,8,8,6,-26,-15,19,4,28,14,10,5,-24,-17,4,4,26,13,11
37.9400,2,-29,-19,0,9,31,13,16,8,-25,-19,-1,0,20,10,10,6,-26,-19,1,7,23,12,20,4,-30,-22,1,5,22,1,8,11,-22,-19,-2,1,25,10,20,7,-33,-21,0,3,24,8,5,7,-24,-21,21,3,28,12,12,4,-27,-20,-4,1,24,12,9
37.9600,4,-31,-20,1,5,31,12,17,11,-20,-17,0,1,16,9,12,4,-22,-22,-1,0,24,18,17,8,-23,-21,-1,1,24,1,11,13,-22,-19,0,0,21,11,12,5,-29,-20,-1,6,29,13,6,7,-25,-18,15,3,24,13,9,3,-25,-17,0,-2,27,12,11
37.9800,3,-32,-17,1,7,30,14,15,5,-26,-19,-3,-1,14,8,10,4,-23,-21,1,4,24,13,17,4,-24,-16,3,-2,25,5,10,9,-26,-22,-1,0,20,12,14,6,-37,-23,4,0,27,10,9,0,-25,-17,18,1,27,10,11,6,-28,-16,-1,2,28,14,12
38.0000,4,-35,-21,2,4,29,9,16,8,-24,-20,0,-1,17,9,8,4,-23,-19,0,1,23,12,17,4,-25,-21,-1,3,25,5,9,13,-20,-18,5,-3,25,14,15,8,-31,-14,3,5,31,5,7,10,-24,-22,15,0,28,15,8,5,-23,-17,-1,2,24,13,10
38.0200,7,-29,-19,-1,11,30,15,13,6,-28,-18,4,6,19,13,13,6,-24,-18,-1,2,21,13,20,5,-23,-18,-1,5,23,6,13,11,-27,-18,0,4,22,16,18,10,-30,-20,3,7,27,11,12,6,-20,-23,18,2,27,12,14,9,-27,-14,2,3,27,16,10
38.0400,4,-29,-15,-4,6,30,16,14,7,-22,-22,1,0,19,13,13,6,-25,-19,-1,2,31,15,18,2,-28,-16,-1,2,24,2,13,11,-23,-19,2,5,23,16,12,8,-29,-17,2,8,26,8,5,4,-28,-20,14,2,28,11,14,6,-24,-18,-1,1,29,12,14
38.0600,4,-28,-22,2,9,29,17,14,8,-27,-15,1,2,21,11,12,7,-25,-21,2,4,25,12,20,8,-25,-19,-1,4,25,0,15,12,-22,-19,3,2,23,13,14,4,-34,-20,1,9,26,12,13,8,-24,-22,13,3,26,15,11,8,-23,-15,-5,2,29,11,16
38.0800,5,-33,-17,1,8,29,12,12,8,-23,-17,3,4,18,15,15,9,-23,-20,1,7,22,17,18,8,-25,-19,-2,-3,28,2,13,15,-27,-22,0,0,28,9,17,6,-34,-16,-2,8,31,7,12,8,-26,-22,24,2,25,10,15,5,-23,-18,-1,1,30,9,10
38.1000,7,-28,-17,0,8,31,16,14,11,-25,-19,-3,3,16,14,11,11,-22,-18,-5,2,31,18,22,7,-24,-17,-1,-2,31,3,11,16,-28,-22,-1,-2,26,17,17,3,-32,-19,4,3,26,13,11,6,-26,-20,14,-1,28,12,11,10,-32,-15,1,-2,22,15,12
38.1200,5,-30,-20,-1,4,31,11,17,8,-27,-20,-3,0,21,14,13,7,-24,-20,-2,7,24,14,19,6,-27,-19,-1,2,20,8,14,14,-25,-20,0,-1,25,13,13,8,-30,-19,-4,6,26,14,5,7,-27,-18,20,0,27,15,10,8,-25,-18,-4,4,28,9,14
38.1400,4,-33,-21,-2,9,30,14,13,13,-25,-16,3,5,20,12,17,7,-25,-20,2,1,28,13,19,6,-24,-21,0,2,24,5,11,10,-23,-20,-1,-3,25,14,15,8,-33,-16,2,8,24,13,11,6,-22,-17,16,4,29,17,7,4,-25,-16,-4,7,30,16,11
38.1600,3,-29,-18,2,13,29,14,13,7,-24,-21,0,2,18,13,17,5,-22,-16,5,3,27,14,16,9,-23,-18,2,4,26,1,13,16,-24,-17,2,3,27,14,15,10,-33,-15,-2,8,27,13,10,6,-22,-18,21,0,27,11,14,7,-26,-19,0,3,32,11,12
38.1800,5,-35,-21,-1,9,30,13,11,4,-23,-22,0,0,15,14,16,5,-25,-20,1,4,28,16,23,10,-23,-19,-1,5,21,0,15,16,-23,-14,-1,3,27,13,17,4,-35,-20,0,5,28,12,8,6,-28,-20,18,0,25,15,16,5,-25,-18,-1,1,28,14,8
38.2000,3,-34,-19,-1,8,30,17,14,6,-25,-21,2,5,17,16,14,10,-22,-20,0,1,27,17,19,9,-25,-21,-4,3,25,1,16,16,-23,-21,0,0,26,14,17,6,-30,-21,2,4,28,12,15,6,-24,-19,13,-1,26,12,12,6,-30,-22,0,0,26,11,13
38.2200,3,-29,-18,-4,11,27,17,16,6,-25,-20,0,4,23,12,16,5,-27,-16,-1,5,23,14,19,11,-24,-21,-1,3,29,2,13,13,-24,-24,-2,1,23,14,15,8,-32,-18,4,5,28,10,13,4,-28,-16,13,-1,23,13,12,11,-18,-18,-1,1,26,12,9
38.2400,3,-36,-21,1,5,32,10,16,4,-23,-20,3,6,16,11,12,4,-26,-20,-1,2,23,14,20,6,-27,-24,2,4,27,4,11,17,-23,-20,2,1,24,11,18,5,-34,-17,-1,10,28,15,11,6,-28,-18,20,0,27,10,12,9,-31,-17,-1,3,24,19,11
38.2600,5,-30,-18,4,9,28,14,19,5,-25,-20,3,4,17,13,13,8,-25,-20,2,1,25,12,20,12,-30,-21,5,4,22,4,14,12,-25,-18,-2,1,26,11,17,9,-32,-20,6,8,24,8,11,5,-24,-17,17,3,28,13,14,6,-28,-21,3,2,28,10,11
38.2800,9,-33,-19,0,6,31,14,17,7,-23,-25,-2,4,14,14,11,4,-23,-19,1,6,21,13,21,6,-25,-15,3,7,23,1,14,16,-26,-19,1,-2,32,10,17,10,-36,-19,2,5,25,12,10,12,-26,-21,19,3,26,15,15,10,-24,-16,-1,6,25,14,11
38.3000,7,-29,-25,-1,11,28,12,17,2,-27,-17,4,-4,15,15,14,10,-25,-23,-3,5,23,12,21,5,-30,-18,2,3,23,3,16,15,-24,-18,0,5,28,12,19,6,-29,-15,1,6,28,9,8,8,-22,-18,16,2,26,15,15,5,-26,-17,-2,-1,27,14,11
38.3200,3,-32,-19,-2,8,31,14,15,6,-25,-18,-3,5,13,14,12,10,-24,-18,1,3,28,14,21,10,-23,-24,-1,0,26,2,15,16,-24,-20,-1,0,24,11,14,6,-30,-19,0,9,26,12,11,9,-26,-20,18,2,29,12,16,7,-26,-20,1,2,29,14,14
38.3400,2,-30,-22,-3,9,28,17,16,5,-25,-19,1,0,17,11,12,6,-21,-19,1,6,25,13,18,8,-25,-22,-1,1,25,2,13,12,-25,-22,-2,0,23,12,12,10,-32,-18,-2,6,29,11,12,6,-27,-20,15,3,22,13,8,8,-24,-19,3,3,27,15,14
38.3600,4,-33,-13,3,9,27,12,13,7,-25,-19,-6,0,17,14,10,6,-24,-21,-1,7,27,11,18,8,-28,-21,0,7,26,3,15,15,-22,-27,1,-3,23,11,15,7,-31,-15,0,5,28,17,8,4,-24,-18,18,5,26,14,12,6,-26,-17,-3,2,28,13,13
38.3800,3,-34,-23,3,14,30,14,15,11,-23,-17,0,3,17,16,13,9,-22,-24,1,6,21,18,21,7,-28,-22,1,4,28,-1,12,19,-28,-15,3,0,28,15,15,9,-32,-19,-1,4,27,10,11,8,-25,-18,14,0,26,13,14,11,-26,-19,-1,3,26,12,14
38.4000,7,-33,-22,1,7,33,13,10,8,-26,-17,-5,3,21,11,16,8,-24,-16,-5,5,24,11,24,7,-24,-20,3,4,22,-3,10,14,-24,-18,0,1,28,9,14,11,-30,-14,-1,5,27,13,7,5,-27,-20,15,4,33,12,14,8,-25,-24,2,-1,26,14,11
38.4200,4,-29,-21,5,8,30,15,14,4,-21,-21,3,-1,16,11,15,8,-22,-20,2,3,28,15,20,7,-23,-23,-6,2,26,3,12,21,-27,-21,-1,3,29,13,16,10,-34,-17,3,6,26,11,10,10,-25,-18,17,-4,24,13,9,7,-24,-16,-3,-1,28,17,16
38.4400,10,-30,-20,2,8,26,17,16,4,-28,-17,1,3,16,15,15,10,-22,-25,4,-1,27,16,23,11,-26,-16,0,7,24,1,11,15,-30,-22,-2,1,26,14,19,6,-34,-18,4,6,29,11,11,4,-26,-15,18,3,26,15,12,8,-21,-24,2,3,27,12,12
38.4600,9,-33,-18,-1,11,29,15,15,8,-24,-20,1,0,19,14,17,5,-23,-23,2,4,29,22,17,7,-21,-18,-3,5,29,1,16,13,-23,-14,3,4,23,14,14,7,-32,-19,3,4,24,12,11,7,-32,-22,14,2,27,10,14,9,-23,-22,-1,5,26,14,13
38.4800,6,-32,-20,2,13,23,12,16,6,-19,-18,3,8,18,13,14,10,-24,-18,1,3,24,15,18,9,-22,-24,0,5,25,2,11,15,-23,-19,1,0,25,14,15,6,-32,-22,4,7,26,14,18,10,-30,-19,20,3,29,15,7,11,-24,-23,-1,5,30,16,12
38.5000,4,-31,-20,2,11,30,13,16,9,-25,-18,5,7,16,16,12,7,-21,-20,-5,4,24,14,19,7,-25,-23,0,3,22,1,13,17,-24,-20,-1,-1,28,13,17,7,-35,-18,-1,8,29,9,9,5,-26,-17,19,2,27,13,13,11,-28,-21,1,0,28,10,13
38.5200,7,-35,-21,-1,10,27,14,14,6,-25,-20,-1,2,14,14,15,7,-22,-23,2,0,24,17,20,6,-26,-21,4,7,25,5,19,14,-27,-18,0,-2,23,11,20,12,-34,-16,4,11,29,15,10,7,-28,-19,20,5,28,12,15,5,-26,-18,0,0,27,16,18
38.5400,8,-29,-21,4,12,31,12,17,8,-25,-22,-3,5,18,8,19,5,-26,-17,1,5,27,19,24,11,-26,-17,0,7,27,3,10,15,-27,-22,0,4,29,17,15,11,-28,-20,5,5,27,12,11,8,-27,-19,17,3,27,13,13,8,-24,-18,-2,5,29,14,14
38.5600,5,-31,-18,0,9,30,13,15,10,-24,-21,-1,3,17,14,12,8,-22,-19,1,5,27,13,19,9,-28,-19,-1,5,28,3,13,16,-22,-19,2,5,20,14,16,7,-30,-20,3,9,28,13,14,7,-26,-19,18,3,27,11,12,11,-30,-17,-2,0,24,11,11
38.5800,6,-29,-23,1,7,29,9,18,12,-26,-19,-2,1,18,14,12,10,-23,-20,3,1,23,19,18,6,-26,-22,1,3,27,0,10,15,-24,-24,4,-2,26,13,19,10,-34,-13,5,10,29,10,9,8,-26,-23,17,2,27,11,11,7,-28,-20,-1,2,23,10,15
38.6000,10,-33,-19,-2,11,27,12,16,5,-28,-21,2,5,18,13,13,12,-25,-20,-1,3,27,18,24,11,-27,-21,3,8,29,1,9,17,-22,-23,0,-1,28,12,17,5,-32,-21,2,5,29,11,11,4,-26,-16,19,5,30,12,12,14,-27,-17,4,3,28,13,16
38.6200,10,-28,-18,-3,10,30,14,12,8,-30,-17,2,5,21,13,14,7,-24,-19,2,6,24,15,22,9,-27,-19,-1,8,24,5,9,16,-25,-19,5,3,27,12,15,9,-31,-22,-1,6,25,17,11,11,-28,-19,18,9,31,16,12,10,-24,-18,-4,0,28,13,13
38.6400,7,-28,-22,2,12,25,17,20,9,-22,-19,5,9,15,12,14,4,-20,-19,1,4,23,19,19,10,-22,-16,-3,1,24,5,11,16,-26,-17,3,7,27,18,14,12,-35,-16,2,7,30,12,8,10,-25,-18,20,2,25,12,12,6,-27,-22,1,2,25,16,19
38.6600,3,-29,-20,1,11,25,14,14,10,-25,-21,1,5,18,16,18,9,-24,-19,4,7,24,16,22,13,-26,-21,2,2,25,4,17,20,-25,-15,6,5,22,16,16,9,-31,-18,1,2,24,9,13,10,-28,-20,15,2,28,15,14,9,-33,-14,-1,8,26,16,12
38.6800,9,-34,-18,3,11,32,10,19,9,-26,-21,2,3,20,15,20,7,-25,-19,-2,2,23,15,18,7,-23,-21,-4,1,26,5,16,15,-22,-20,2,3,26,17,14,10,-34,-17,3,10,21,12,11,4,-23,-19,21,5,22,11,13,10,-29,-13,0,-1,28,17,16
38.7000,5,-28,-23,5,9,26,6,15,4,-26,-17,0,7,12,9,19,9,-19,-20,-1,3,26,13,20,9,-28,-18,-3,4,29,7,12,17,-24,-16,3,0,24,16,13,10,-29,-18,4,6,27,14,12,4,-21,-18,15,3,24,16,16,6,-24,-20,-2,-1,28,9,14
38.7200,7,-29,-20,1,9,27,13,16,9,-24,-20,-1,7,14,16,15,10,-21,-22,1,3,25,13,24,4,-27,-20,-2,6,26,3,14,17,-21,-19,-2,4,23,15,15,8,-34,-21,1,6,25,11,13,6,-27,-17,20,2,26,14,17,5,-30,-17,-3,5,26,12,16
38.7400,6,-30,-15,1,11,26,12,18,2,-22,-19,0,5,13,16,16,13,-24,-22,1,5,24,17,24,7,-25,-23,2,4,27,0,11,15,-22,-18,-1,0,25,14,17,5,-29,-18,1,7,28,11,9,9,-27,-17,16,4,27,11,13,8,-28,-23,-5,2,22,14,14
38.7600,8,-28,-22,5,13,32,16,16,7,-24,-23,1,4,15,16,10,7,-24,-21,-2,3,24,13,21,7,-24,-21,0,8,24,3,16,14,-27,-22,5,3,24,16,15,8,-33,-20,2,11,27,13,13,10,-28,-17,19,7,23,9,14,10,-25,-19,1,3,29,14,15
38.7800,9,-32,-19,1,7,25,15,17,7,-27,-20,0,5,12,14,15,6,-23,-23,2,4,22,17,22,6,-27,-18,1,6,22,6,11,16,-29,-20,0,-3,26,11,16,8,-32,-22,0,4,29,13,10,4,-21,-19,12,8,27,12,12,10,-28,-19,3,0,28,12,15
38.8000,7,-30,-19,2,7,28,12,12,7,-24,-23,0,5,20,12,14,9,-19,-19,-2,7,23,18,19,6,-25,-19,1,7,25,4,15,15,-29,-22,-2,2,29,14,16,13,-32,-20,4,9,27,11,9,8,-30,-16,16,4,29,13,12,6,-24,-17,1,5,32,14,16
38.8200,6,-31,-28,-2,9,25,13,16,10,-24,-18,-2,5,17,10,15,9,-24,-15,0,7,27,16,20,3,-27,-22,4,5,27,0,14,16,-31,-19,4,1,25,12,15,11,-30,-20,0,6,27,13,7,10,-25,-16,16,4,27,12,16,13,-26,-18,0,3,23,12,17
38.8400,5,-27,-20,3,10,29,16,18,6,-25,-21,2,4,18,13,15,4,-24,-23,2,7,27,14,23,8,-21,-20,-1,6,25,1,19,11,-28,-19,3,2,28,14,16,10,-34,-19,2,6,25,13,11,8,-24,-21,14,5,26,11,13,5,-21,-21,-5,7,23,16,13
38.8600,7,-32,-18,1,11,30,15,14,5,-27,-23,-3,4,16,14,16,5,-24,-20,0,6,23,15,25,11,-26,-17,-1,5,28,3,14,21,-23,-19,3,3,28,13,15,9,-32,-22,3,4,25,15,13,8,-27,-15,16,5,27,11,11,11,-23,-21,-1,5,22,15,16
38.8800,9,-29,-20,1,9,27,12,18,10,-27,-23,0,3,12,15,17,10,-25,-19,3,4,21,18,26,11,-25,-20,3,7,26,3,12,13,-22,-18,3,5,23,14,14,7,-26,-16,2,10,26,16,7,8,-24,-20,14,3,31,13,14,8,-28,-18,0,3,27,18,20
38.9000,8,-30,-23,0,13,28,10,12,10,-25,-21,-1,3,14,15,17,5,-25,-24,3,4,23,16,21,8,-26,-19,-2,9,25,1,9,14,-24,-21,0,4,27,14,18,10,-28,-19,2,9,22,14,10,11,-28,-20,20,2,27,16,17,10,-25,-21,-5,6,29,15,16
38.9200,8,-28,-20,3,10,30,11,16,7,-25,-18,0,3,15,15,17,7,-27,-20,0,8,25,16,24,6,-24,-22,1,12,17,2,13,20,-21,-19,3,3,27,16,18,9,-32,-14,5,5,20,18,13,10,-32,-22,16,2,28,15,17,10,-27,-18,3,8,23,15,15
38.9400,8,-28,-24,1,9,27,14,13,8,-28,-21,0,6,16,16,12,5,-23,-20,6,4,26,17,22,9,-24,-24,1,10,25,1,15,12,-27,-20,0,7,28,19,16,12,-31,-26,-1,5,24,12,11,8,-24,-18,15,2,24,15,16,9,-25,-19,2,4,21,14,16
38.9600,11,-33,-18,-2,16,29,12,14,14,-26,-19,2,8,15,13,19,10,-24,-17,4,4,24,16,20,8,-26,-18,1,9,27,9,13,17,-23,-21,-2,5,27,11,17,13,-31,-17,-3,8,25,14,18,7,-27,-19,15,3,26,11,17,10,-21,-22,-3,4,25,11,15
38.9800,6,-30,-20,1,15,28,14,14,12,-22,-16,3,3,19,15,15,6,-30,-19,0,5,24,15,23,11,-26,-15,4,10,23,1,13,19,-22,-20,4,2,28,13,18,13,-32,-23,3,8,24,12,13,9,-24,-18,14,8,29,14,16,6,-26,-21,-1,3,27,11,18
39.0000,5,-29,-19,5,15,26,12,21,9,-24,-23,2,1,16,19,14,7,-26,-18,2,1,25,13,20,9,-25,-18,6,4,25,2,13,14,-28,-20,0,2,22,15,21,11,-29,-20,1,10,21,15,16,9,-24,-20,18,8,23,13,19,5,-25,-18,-2,7,29,13,14
39.0200,5,-25,-17,5,11,28,14,17,8,-26,-20,-2,5,15,13,18,8,-25,-21,0,6,24,18,19,6,-27,-17,-1,6,25,2,13,20,-25,-19,-3,6,21,15,17,14,-34,-21,2,6,27,14,14,5,-23,-17,15,8,27,14,12,11,-24,-18,2,6,29,17,15
39.0400,8,-27,-23,-1,18,27,11,19,7,-23,-25,-1,0,17,16,19,8,-18,-21,1,3,26,16,19,12,-24,-16,-2,8,26,0,12,17,-27,-21,0,4,25,15,16,11,-32,-20,0,2,26,10,14,8,-28,-21,18,-1,25,18,17,9,-26,-17,5,9,26,13,19
39.0600,6,-30,-20,-2,15,28,17,16,9,-30,-21,1,5,15,14,13,6,-24,-21,6,6,22,14,22,8,-25,-23,4,6,25,1,14,17,-25,-21,5,6,26,16,19,13,-30,-19,5,5,25,10,12,11,-27,-21,14,6,29,14,17,11,-23,-23,-1,4,28,12,17
39.0800,8,-33,-22,5,15,28,10,16,9,-26,-20,-1,5,17,14,18,6,-22,-16,4,8,29,18,27,13,-24,-20,2,9,29,5,14,15,-28,-23,-1,3,27,11,22,10,-33,-21,2,14,23,17,14,12,-29,-18,19,6,27,10,14,11,-26,-21,-1,1,25,15,17
39.1000,7,-27,-23,3,13,28,14,21,9,-23,-20,5,9,17,12,14,6,-27,-20,-2,8,24,20,23,11,-22,-22,1,5,25,2,15,15,-27,-20,2,3,28,16,19,11,-28,-20,1,9,26,13,14,12,-21,-17,15,8,29,18,17,6,-23,-24,4,4,26,17,19
39.1200,11,-28,-21,3,10,31,13,16,6,-25,-21,7,4,17,17,13,9,-23,-22,4,10,24,13,21,9,-24,-22,1,7,27,1,19,14,-25,-18,5,5,32,12,17,14,-29,-23,2,10,24,13,10,12,-26,-20,15,9,23,12,17,8,-29,-22,-2,5,26,11,12
39.1400,10,-24,-19,2,11,29,16,13,14,-25,-19,1,9,14,17,15,11,-20,-19,2,5,22,14,23,11,-22,-21,1,7,26,0,17,21,-23,-20,1,6,27,14,16,16,-26,-25,2,6,30,15,14,7,-24,-17,14,1,29,9,14,8,-28,-23,0,3,26,16,16
39.1600,7,-30,-20,0,10,27,10,17,9,-26,-22,-1,6,12,13,16,9,-20,-23,1,5,22,15,23,11,-28,-20,0,9,30,0,18,17,-24,-21,0,0,22,17,17,13,-32,-18,2,6,22,9,14,12,-31,-21,18,3,30,15,13,11,-25,-22,-5,7,23,10,13
39.1800,10,-27,-21,3,17,31,11,20,8,-26,-18,5,3,17,13,16,11,-23,-19,1,3,28,18,25,6,-24,-25,2,6,26,1,13,15,-27,-22,3,5,22,14,17,14,-30,-24,3,9,27,12,13,11,-29,-19,21,4,29,17,14,12,-25,-25,0,6,26,11,16
39.2000,4,-27,-22,3,14,30,15,17,11,-29,-23,4,9,19,13,19,5,-29,-19,1,6,24,18,23,8,-23,-18,3,7,26,-1,15,17,-26,-19,3,7,25,14,21,14,-29,-20,0,9,21,11,15,10,-29,-20,13,1,25,14,13,9,-25,-18,1,5,26,13,12
39.2200,9,-31,-21,-2,14,29,15,21,11,-26,-20,-1,4,18,14,18,9,-22,-22,2,5,22,17,26,3,-24,-20,4,10,21,4,14,15,-27,-22,2,8,22,11,19,13,-29,-20,3,11,26,16,15,4,-24,-19,17,5,23,13,18,7,-25,-18,1,-1,25,13,12
39.2400,9,-30,-25,-1,13,26,15,15,10,-24,-20,7,4,14,10,19,8,-19,-20,4,7,29,16,24,8,-24,-19,1,12,26,3,16,15,-31,-22,4,4,28,19,18,8,-29,-21,3,5,29,12,15,14,-27,-18,18,9,30,13,16,14,-22,-21,1,4,28,14,16
39.2600,9,-30,-19,5,17,30,15,21,6,-29,-21,4,4,18,14,14,9,-27,-19,4,7,26,13,23,14,-24,-19,0,9,28,3,18,14,-25,-24,1,7,27,13,19,10,-32,-19,1,11,21,10,16,13,-27,-23,10,7,28,15,19,6,-27,-20,0,2,29,15,15
39.2800,12,-24,-20,-2,13,29,16,14,8,-27,-22,4,7,19,15,17,9,-23,-22,0,4,25,17,23,12,-24,-20,1,7,28,-2,14,17,-25,-23,3,5,26,13,17,12,-32,-19,0,11,27,13,14,9,-26,-22,16,9,23,15,13,9,-27,-19,6,4,25,12,15
39.3000,12,-28,-22,4,18,29,18,19,9,-27,-23,1,4,21,13,19,11,-25,-21,2,2,28,15,26,15,-25,-21,3,11,27,1,16,17,-27,-17,2,6,24,16,19,11,-32,-19,0,7,27,10,14,10,-29,-20,11,6,25,9,14,11,-24,-20,-3,9,28,13,16
39.3200,9,-31,-21,3,14,30,16,22,9,-28,-22,1,0,15,17,22,11,-25,-18,4,9,26,16,23,8,-27,-20,2,7,29,7,15,16,-28,-18,4,0,27,17,19,15,-33,-25,0,8,21,12,13,11,-28,-25,17,0,28,12,16,12,-23,-20,0,7,24,16,13
39.3400,12,-27,-23,-3,16,27,18,16,15,-30,-20,2,7,12,12,19,9,-24,-14,3,4,25,13,26,16,-24,-21,0,9,27,7,15,15,-24,-19,5,7,25,12,18,14,-30,-22,5,8,25,12,13,12,-26,-18,14,6,29,11,14,9,-22,-19,1,3,26,13,13
39.3600,15,-31,-20,4,9,27,17,14,12,-26,-17,2,5,17,14,21,11,-28,-20,1,7,24,17,30,10,-26,-21,7,8,29,2,17,16,-27,-19,1,6,23,17,16,11,-33,-21,4,15,22,12,20,12,-25,-18,11,4,26,16,17,10,-29,-25,2,7,28,18,20
39.3800,13,-29,-20,-1,10,22,13,19,10,-23,-21,4,6,15,12,19,13,-25,-19,3,9,27,17,23,14,-27,-19,1,6,27,3,19,21,-26,-17,2,8,27,17,21,13,-28,-22,-2,3,19,8,18,10,-29,-23,16,6,25,12,16,17,-27,-18,2,5,28,19,16
39.4000,8,-26,-22,2,7,26,13,24,11,-28,-20,0,9,11,12,20,7,-27,-20,3,8,22,18,21,16,-25,-24,4,8,27,4,16,14,-25,-21,4,7,29,15,19,9,-27,-23,2,7,26,15,9,11,-26,-20,17,6,25,12,13,10,-25,-23,3,9,24,16,15
39.4200,11,-28,-23,5,12,33,9,21,10,-27,-21,2,5,16,15,19,10,-26,-20,3,10,25,14,23,14,-24,-21,2,6,25,2,18,11,-27,-21,2,9,25,10,18,12,-32,-23,0,7,23,12,17,12,-25,-22,16,4,27,13,17,9,-26,-21,-2,1,27,15,18
39.4400,7,-26,-19,4,11,28,19,19,11,-28,-21,0,7,15,12,15,7,-24,-22,2,11,21,19,22,13,-21,-17,0,10,29,2,17,15,-21,-20,2,8,30,14,21,11,-27,-16,0,7,25,15,16,13,-28,-16,18,5,30,12,16,8,-25,-20,1,7,27,13,21
39.4600,4,-29,-23,4,10,23,15,18,10,-26,-20,0,7,13,17,17,9,-25,-22,4,5,27,16,28,9,-22,-25,3,12,26,3,22,14,-26,-23,0,7,26,11,19,13,-27,-20,0,7,26,11,12,12,-27,-17,14,10,29,16,19,13,-28,-22,0,11,26,17,18
39.4800,10,-25,-25,2,17,30,16,15,9,-30,-24,3,1,12,15,20,8,-25,-25,8,7,29,16,27,15,-22,-24,3,6,27,2,15,17,-28,-22,-1,6,22,14,19,14,-27,-17,0,8,25,12,14,11,-27,-19,13,5,27,16,19,11,-27,-20,3,7,27,15,17
39.5000,13,-29,-21,0,12,27,16,15,9,-25,-20,3,9,17,13,21,11,-29,-20,2,4,23,13,25,13,-24,-20,-1,12,28,4,13,21,-29,-20,3,10,27,14,18,13,-31,-22,4,7,23,9,19,10,-27,-18,16,8,26,15,17,9,-20,-23,-2,7,29,12,17
39.5200,11,-27,-20,1,10,27,9,18,8,-25,-21,1,5,20,15,23,7,-28,-20,5,8,26,14,22,9,-23,-24,5,12,23,0,17,20,-24,-18,-1,5,26,14,17,15,-27,-21,4,5,27,15,13,14,-22,-21,15,4,23,16,19,7,-27,-21,1,6,26,10,18
39.5400,7,-27,-21,1,16,29,15,21,7,-27,-22,1,9,18,17,20,7,-26,-20,6,10,21,19,25,14,-26,-20,-1,10,27,3,18,19,-26,-19,1,7,26,15,21,14,-28,-26,-2,6,27,17,18,14,-25,-20,17,8,23,16,13,9,-25,-20,1,11,24,12,18
39.5600,9,-27,-18,2,14,30,13,19,13,-27,-25,6,2,16,13,20,10,-27,-16,-1,6,27,17,24,9,-23,-22,3,9,22,2,17,15,-28,-27,0,7,22,18,18,16,-25,-17,5,11,28,13,13,11,-24,-18,18,4,27,17,18,9,-24,-20,1,8,26,16,16
39.5800,11,-27,-26,-1,13,29,19,16,12,-29,-20,2,5,19,17,17,9,-25,-21,5,9,26,13,24,12,-24,-21,1,3,28,2,19,17,-30,-24,0,3,26,13,14,10,-29,-23,0,1,27,12,18,9,-25,-19,13,8,27,17,15,10,-24,-21,1,7,29,16,19
39.6000,15,-27,-20,1,11,27,16,20,9,-26,-22,-1,6,14,13,22,12,-26,-23,4,11,28,20,27,10,-24,-19,1,9,26,1,19,14,-26,-17,0,6,23,17,15,16,-31,-16,1,7,25,12,18,13,-25,-18,19,5,25,8,19,12,-28,-25,1,5,26,17,18
39.6200,7,-29,-27,3,14,30,16,18,9,-23,-23,5,9,18,18,19,11,-25,-21,0,8,24,15,26,11,-20,-22,-2,6,31,1,18,15,-24,-20,-1,7,27,16,17,14,-33,-20,6,10,27,13,15,12,-25,-21,12,3,29,17,21,13,-26,-18,-1,2,27,16,15
39.6400,13,-27,-22,1,13,28,13,22,12,-26,-23,4,7,16,18,23,8,-22,-21,3,4,23,16,31,14,-21,-25,4,7,29,3,14,16,-25,-20,4,4,26,16,17,14,-24,-21,1,9,23,15,17,10,-24,-18,15,9,21,15,19,10,-26,-21,-1,7,26,15,15
39.6600,13,-27,-23,2,14,29,13,19,11,-31,-19,11,8,15,15,22,10,-25,-18,3,4,27,18,29,12,-22,-22,4,13,26,2,17,16,-22,-21,-1,7,29,15,16,17,-30,-22,5,6,24,19,16,10,-29,-21,14,8,26,17,21,13,-26,-25,1,6,29,15,17
39.6800,12,-24,-23,0,15,26,11,20,8,-26,-21,1,6,17,18,16,6,-25,-17,3,6,23,14,26,11,-29,-23,5,9,27,3,18,16,-25,-21,0,0,27,16,19,16,-33,-17,3,8,21,13,19,13,-27,-16,14,1,31,13,18,9,-26,-23,0,11,24,13,17
39.7000,12,-25,-22,-1,13,29,13,18,10,-27,-25,1,10,17,14,16,14,-23,-23,2,7,20,16,27,15,-25,-19,0,9,28,4,18,17,-31,-19,4,7,27,18,20,15,-25,-22,1,6,23,11,16,13,-27,-16,14,7,25,14,17,11,-28,-20,1,8,22,17,20
39.7200,17,-24,-22,2,11,29,11,16,10,-28,-19,5,10,14,18,18,7,-27,-20,4,4,27,17,29,16,-19,-23,2,10,27,2,17,14,-25,-20,2,7,30,17,17,12,-28,-22,7,7,26,15,18,17,-24,-24,13,6,28,15,17,9,-27,-19,1,8,24,16,17
39.7400,8,-27,-20,7,14,30,13,18,10,-26,-20,3,9,13,15,18,4,-28,-21,7,11,23,16,23,9,-23,-22,1,10,25,2,18,18,-27,-24,3,8,28,16,18,13,-24,-18,0,11,23,17,21,12,-25,-21,17,6,27,11,16,9,-27,-22,-1,2,23,14,20
39.7600,11,-30,-23,-1,15,31,14,20,8,-29,-16,4,10,15,12,19,9,-21,-18,3,12,24,17,26,15,-26,-18,3,13,21,2,13,19,-22,-22,2,9,26,16,21,15,-26,-21,6,7,26,19,13,11,-22,-20,15,12,25,17,17,13,-25,-17,0,9,25,14,17
39.7800,11,-31,-19,-2,17,27,15,20,8,-29,-19,1,12,13,12,21,9,-24,-19,9,7,24,16,24,13,-22,-19,1,10,27,2,16,17,-26,-19,1,5,28,16,22,17,-26,-18,1,9,23,15,18,10,-26,-22,15,10,25,14,16,14,-25,-20,0,8,31,12,22
39.8000,13,-27,-21,0,12,28,15,17,7,-24,-20,2,5,18,12,22,9,-23,-23,1,6,21,18,27,7,-20,-22,-2,13,27,3,16,17,-23,-18,2,10,29,17,15,13,-28,-23,4,4,24,11,19,10,-26,-22,17,8,27,12,17,11,-27,-27,5,11,27,15,22
39.8200,9,-29,-22,0,11,30,15,14,8,-24,-21,4,10,18,11,18,9,-26,-21,-2,7,30,16,30,10,-30,-22,1,7,27,5,20,18,-26,-28,1,7,25,14,20,15,-30,-22,0,12,25,15,19,11,-25,-21,13,4,28,14,15,12,-27,-20,2,6,26,14,16
39.8400,14,-25,-22,4,17,28,13,21,13,-25,-23,-1,10,16,14,17,11,-24,-24,-1,11,27,17,26,13,-17,-20,0,8,29,2,20,19,-27,-24,1,10,24,17,19,14,-31,-23,4,5,25,16,17,14,-23,-20,15,5,23,15,17,10,-28,-22,2,8,28,16,18
39.8600,15,-31,-24,4,16,27,12,24,10,-29,-18,4,9,15,12,17,12,-26,-24,7,7,24,15,32,14,-25,-19,4,7,29,0,20,18,-28,-21,-3,9,26,13,18,17,-26,-21,4,3,28,18,14,10,-25,-20,16,7,22,19,18,8,-26,-20,2,11,28,11,16
39.8800,12,-28,-22,0,16,29,12,21,10,-27,-26,2,8,19,15,21,10,-25,-22,4,10,26,17,29,12,-19,-21,3,8,27,4,18,18,-27,-19,3,11,25,16,18,17,-30,-22,6,12,20,11,17,16,-28,-20,15,8,27,16,23,11,-28,-17,1,11,29,14,19
39.9000,14,-26,-22,1,16,29,19,18,13,-29,-21,2,12,19,10,19,10,-24,-21,3,4,26,13,26,12,-23,-22,3,9,28,2,16,15,-28,-16,1,8,28,15,18,19,-27,-21,3,3,26,13,18,11,-30,-24,18,8,28,15,19,11,-20,-24,3,11,27,14,19
39.9200,13,-24,-18,2,17,26,12,14,13,-28,-22,3,7,16,18,20,4,-21,-24,-4,9,27,19,32,13,-17,-23,5,12,25,3,15,18,-29,-19,4,10,22,18,17,16,-28,-22,6,7,26,16,17,12,-25,-23,15,8,27,16,20,10,-19,-20,3,10,29,15,19
39.9400,15,-26,-18,2,18,26,13,17,7,-26,-21,3,13,17,11,21,10,-25,-19,4,2,24,20,30,13,-23,-20,0,9,22,1,19,15,-23,-24,5,7,27,12,23,15,-24,-24,3,8,25,12,16,14,-25,-23,10,7,26,15,16,14,-24,-21,4,9,29,17,22
39.9600,12,-23,-23,3,15,30,13,21,11,-26,-18,3,7,16,15,20,11,-27,-22,2,10,22,17,29,11,-25,-17,2,14,26,5,18,15,-24,-21,-1,12,23,15,18,16,-30,-18,1,11,23,11,18,10,-28,-24,16,8,28,16,19,14,-28,-20,0,8,25,15,20
39.9800,9,-22,-24,1,23,28,14,16,11,-29,-21,3,9,18,16,19,11,-26,-20,6,12,24,15,27,10,-20,-19,4,14,27,4,19,14,-29,-20,2,11,27,13,19,16,-33,-20,2,9,24,15,20,13,-25,-23,12,10,29,12,20,11,-23,-18,3,7,32,16,17
40.0000,13,-25,-18,0,18,27,12,20,13,-28,-19,0,10,16,17,19,10,-25,-21,3,11,27,16,30,10,-21,-20,10,10,24,-2,16,12,-26,-22,3,9,28,16,19,16,-25,-21,3,8,25,15,14,13,-30,-21,11,11,29,17,17,13,-26,-27,0,6,26,15,19
40.0200,13,-26,-25,3,18,26,13,17,11,-26,-19,5,9,17,17,20,9,-27,-23,7,12,21,16,31,12,-22,-22,4,11,24,2,15,13,-27,-21,4,11,31,16,19,15,-30,-21,3,9,26,17,18,14,-26,-23,12,9,23,15,16,7,-26,-24,3,6,24,14,24
40.0400,13,-27,-24,1,15,29,13,18,10,-28,-18,0,7,14,12,16,8,-27,-19,6,7,24,12,32,11,-20,-24,3,9,28,2,17,18,-24,-22,2,7,27,15,21,17,-29,-18,4,12,27,17,16,7,-23,-22,12,10,27,15,23,16,-28,-21,5,8,25,18,16
40.0600,11,-28,-24,3,18,29,16,22,10,-28,-20,4,6,14,10,20,9,-25,-22,1,2,26,12,29,11,-20,-24,2,10,22,4,14,17,-26,-23,3,10,29,14,17,19,-26,-20,4,5,25,19,16,16,-23,-24,15,12,24,15,20,14,-25,-24,0,7,30,16,16
40.0800,12,-26,-24,4,18,32,17,23,13,-24,-22,4,9,12,14,20,10,-24,-18,0,7,28,17,28,19,-19,-20,4,9,24,3,18,16,-26,-20,2,12,26,14,23,17,-30,-21,4,8,22,11,17,13,-29,-20,17,10,27,10,20,12,-21,-21,3,9,25,17,22
40.1000,9,-23,-21,4,19,23,14,17,10,-25,-24,4,9,13,14,20,6,-22,-17,2,9,26,18,31,11,-23,-25,7,12,22,0,21,18,-29,-19,6,6,29,16,17,13,-27,-21,4,6,21,17,17,11,-22,-19,15,5,21,17,17,10,-26,-23,-1,10,26,12,20
40.1200,15,-21,-21,0,11,28,14,17,14,-23,-18,4,7,19,19,18,12,-24,-20,5,9,25,17,26,13,-24,-24,2,13,27,4,16,17,-25,-19,6,14,27,15,21,14,-28,-20,6,9,24,18,18,11,-29,-20,13,8,23,14,16,16,-27,-23,1,9,24,15,19
40.1400,9,-23,-21,4,16,30,19,21,14,-27,-21,4,8,16,16,20,9,-23,-22,3,11,25,20,27,10,-24,-22,5,12,25,3,20,14,-29,-22,6,5,26,14,17,17,-28,-21,5,9,24,20,19,11,-28,-19,18,9,25,12,24,12,-24,-25,5,10,25,15,22
40.1600,14,-27,-18,2,20,26,18,20,8,-29,-21,4,12,17,16,21,9,-28,-23,7,9,23,14,26,10,-18,-21,2,11,25,3,20,11,-28,-19,8,9,26,17,19,19,-29,-16,6,6,24,15,20,12,-29,-21,16,8,26,14,21,13,-29,-22,7,8,24,12,20
40.1800,11,-24,-20,4,19,27,15,18,13,-29,-23,1,13,17,13,21,9,-27,-20,3,8,24,19,29,13,-19,-24,1,13,26,3,20,18,-29,-21,1,12,26,14,16,17,-29,-18,9,9,24,13,24,12,-25,-23,15,7,27,14,21,9,-25,-23,1,8,23,16,18
40.2000,10,-28,-20,2,16,25,17,23,15,-28,-24,3,8,19,17,23,13,-25,-21,2,9,25,17,31,12,-21,-24,1,15,27,1,23,15,-33,-22,5,11,25,12,19,20,-26,-21,4,11,28,15,22,14,-24,-19,16,7,27,11,19,14,-31,-21,3,8,29,18,18
40.2200,19,-19,-23,2,16,26,17,20,10,-30,-21,3,12,18,17,21,8,-25,-21,7,6,27,18,27,12,-23,-20,5,11,21,3,20,17,-26,-20,6,15,29,17,19,15,-26,-19,5,7,21,16,19,14,-27,-18,16,11,27,15,20,11,-27,-23,0,13,27,17,22
40.2400,15,-26,-20,3,20,32,17,23,12,-30,-20,3,16,14,14,20,9,-22,-21,-1,8,23,21,27,12,-23,-17,1,15,29,3,24,17,-29,-22,4,9,26,13,18,15,-26,-23,4,6,23,14,23,10,-26,-23,15,12,26,23,20,13,-28,-19,1,9,27,15,22
40.2600,10,-22,-21,6,13,30,14,21,15,-30,-22,7,13,18,16,21,9,-26,-17,5,7,25,20,29,15,-24,-19,0,11,25,2,21,19,-26,-19,1,15,27,17,19,17,-31,-19,3,6,21,17,19,17,-31,-21,13,9,27,14,20,13,-25,-21,6,9,22,15,17
40.2800,15,-24,-24,4,20,28,17,24,10,-28,-20,-2,10,19,15,19,9,-25,-24,4,11,25,18,28,16,-23,-21,4,13,24,8,18,15,-24,-22,1,13,29,14,16,12,-27,-23,1,9,21,16,19,15,-23,-21,16,6,29,19,18,16,-30,-25,3,13,29,18,21
40.3000,11,-22,-19,1,20,26,16,22,13,-24,-25,1,10,16,14,20,6,-31,-20,2,3,28,17,27,16,-25,-24,4,12,25,2,20,16,-26,-21,5,8,29,12,18,12,-27,-24,8,12,25,16,20,13,-26,-20,17,7,25,13,22,15,-26,-22,-1,7,27,16,21
40.3200,9,-24,-20,2,17,28,14,21,11,-28,-22,2,16,12,20,16,10,-23,-19,5,8,27,16,27,12,-22,-24,2,10,24,4,21,15,-24,-24,7,9,29,15,24,17,-32,-27,4,9,19,18,18,16,-30,-24,16,10,26,17,23,14,-26,-19,1,8,25,16,15
40.3400,19,-23,-20,4,18,30,18,20,10,-30,-17,7,9,16,13,21,11,-24,-21,2,8,23,21,28,11,-20,-24,4,12,28,0,19,14,-27,-18,-1,11,30,19,18,21,-26,-21,3,5,21,16,19,14,-26,-19,15,11,27,16,20,13,-29,-19,7,13,26,16,24
40.3600,12,-25,-17,3,14,27,19,22,8,-24,-22,5,9,17,14,22,11,-23,-22,7,10,27,17,25,12,-17,-19,5,12,25,-1,20,17,-26,-21,8,6,26,16,17,19,-26,-21,8,9,24,15,24,15,-24,-21,10,8,22,18,21,15,-26,-17,3,13,24,16,22
40.3800,18,-23,-22,6,18,26,19,19,11,-29,-18,1,11,12,20,23,9,-27,-22,6,10,25,14,31,17,-22,-16,3,8,25,0,23,17,-26,-17,3,8,26,14,18,16,-27,-22,3,4,26,14,16,5,-26,-20,14,11,25,14,22,15,-24,-23,3,10,28,17,17
40.4000,12,-26,-21,12,15,30,11,23,17,-29,-18,3,17,16,20,20,12,-23,-20,5,6,22,16,30,11,-21,-21,-2,10,25,1,23,22,-26,-20,0,13,24,19,17,19,-28,-20,0,6,24,13,19,17,-25,-24,17,9,29,21,21,18,-21,-20,5,11,27,15,15
40.4200,13,-19,-21,6,18,25,14,16,11,-28,-22,7,11,12,13,21,9,-25,-19,1,9,26,18,30,9,-28,-19,2,10,23,1,20,18,-29,-18,3,10,25,16,18,17,-25,-19,3,10,23,16,22,13,-23,-21,18,9,28,16,18,17,-27,-18,3,9,24,16,18
40.4400,15,-23,-20,4,17,26,16,23,12,-25,-18,3,11,15,14,22,7,-28,-19,0,11,23,16,30,16,-20,-20,0,9,23,5,19,17,-28,-21,10,14,23,18,20,17,-28,-24,4,10,27,16,21,16,-25,-21,15,11,25,17,23,16,-22,-24,0,12,28,17,18
40.4600,15,-27,-17,5,19,24,16,14,10,-27,-20,1,13,14,15,19,10,-25,-23,8,10,23,12,27,13,-21,-18,4,14,23,3,20,18,-30,-24,9,12,26,17,20,19,-26,-18,1,9,24,17,20,10,-24,-21,15,8,29,16,18,16,-25,-20,2,12,28,13,21
40.4800,12,-27,-24,5,17,27,17,19,11,-30,-23,6,11,17,19,22,13,-28,-21,5,9,23,18,33,12,-21,-20,4,14,29,5,22,12,-26,-21,1,10,26,18,20,19,-21,-21,2,5,26,13,20,15,-26,-22,16,9,24,15,22,15,-25,-17,5,10,31,17,20
40.5000,13,-24,-21,8,17,29,16,22,13,-29,-18,-1,11,16,16,20,8,-27,-20,7,8,22,15,32,12,-21,-19,3,8,24,0,18,13,-31,-20,8,12,31,13,22,19,-24,-21,2,11,24,16,22,12,-21,-22,15,8,28,19,18,15,-26,-24,4,15,26,16,22
40.5200,16,-25,-23,2,17,31,16,19,13,-33,-20,3,13,18,16,20,13,-25,-24,1,10,26,17,33,14,-22,-23,4,11,22,0,25,12,-30,-22,3,12,28,14,20,20,-26,-19,5,5,23,11,17,10,-24,-19,12,10,26,14,21,19,-26,-27,0,11,30,15,24
40.5400,14,-25,-24,1,18,26,17,19,12,-32,-20,3,11,17,15,20,14,-26,-21,4,7,27,17,34,12,-18,-24,5,13,27,4,19,17,-27,-21,3,13,27,13,17,15,-25,-24,9,8,22,14,22,13,-28,-21,17,14,25,15,18,17,-23,-20,6,13,30,12,21
40.5600,15,-17,-18,3,16,29,14,20,11,-28,-26,7,14,12,18,22,6,-25,-22,3,11,28,17,27,17,-22,-20,6,13,26,4,23,17,-29,-18,5,11,26,14,20,16,-27,-24,5,8,19,16,25,13,-25,-22,14,11,27,16,20,13,-27,-19,2,12,26,18,23
40.5800,15,-21,-20,6,18,26,11,21,12,-32,-19,7,11,19,16,22,10,-23,-21,1,8,26,18,33,14,-22,-18,5,10,28,1,20,15,-28,-23,2,10,29,13,19,21,-26,-28,5,6,23,17,22,16,-25,-18,19,10,27,16,23,12,-22,-20,4,7,26,17,19
40.6000,11,-24,-20,3,16,29,16,24,15,-28,-23,2,16,21,18,20,16,-29,-23,5,6,22,18,28,13,-26,-17,4,11,26,4,20,17,-29,-24,4,9,28,14,22,25,-25,-19,4,9,26,19,11,14,-24,-22,12,12,29,13,18,18,-25,-17,7,13,27,15,22
40.6200,18,-22,-21,5,17,23,17,23,11,-28,-21,7,11,15,17,21,11,-29,-24,4,9,26,18,25,14,-24,-22,2,6,28,2,18,14,-27,-23,4,15,27,14,24,19,-27,-21,3,8,24,17,18,18,-23,-24,15,13,24,20,19,19,-25,-19,4,13,25,15,21
40.6400,18,-22,-19,0,17,23,19,23,14,-31,-18,8,15,14,15,19,10,-31,-22,7,11,28,16,30,15,-24,-24,2,12,26,3,24,18,-29,-21,5,12,29,18,20,18,-22,-23,7,6,24,17,19,14,-28,-22,16,9,26,14,24,14,-25,-23,2,12,29,11,22
40.6600,18,-24,-26,6,19,27,14,20,11,-27,-19,9,15,17,17,20,7,-24,-22,6,8,28,15,27,13,-22,-22,7,14,25,3,22,14,-26,-22,5,11,28,17,22,19,-27,-23,6,9,25,15,18,20,-25,-19,16,19,25,13,19,13,-26,-19,0,9,21,16,22
40.6800,11,-22,-22,6,16,26,13,25,12,-26,-19,6,17,20,17,23,15,-30,-18,7,9,28,16,30,15,-24,-17,5,13,28,4,23,13,-27,-24,4,10,28,14,20,19,-23,-21,1,9,21,16,21,15,-25,-19,15,11,25,17,18,13,-23,-19,6,13,24,19,24
40.7000,18,-23,-20,3,16,25,14,22,16,-24,-21,3,13,20,17,23,11,-28,-22,5,11,24,14,32,16,-21,-18,4,12,27,4,23,16,-25,-22,4,16,28,13,20,14,-22,-17,5,6,21,14,22,13,-25,-25,19,14,25,16,22,13,-24,-21,1,8,26,17,19
40.7200,10,-24,-16,5,20,23,17,22,11,-30,-21,4,11,15,12,22,14,-29,-21,3,13,26,17,32,14,-21,-19,4,14,28,3,21,16,-31,-19,4,13,28,17,22,18,-26,-23,5,7,22,11,20,14,-24,-18,17,14,24,13,22,13,-28,-21,1,10,26,19,19
40.7400,14,-23,-22,4,18,23,18,21,13,-29,-24,3,11,17,20,23,8,-26,-15,5,9,27,18,34,14,-20,-20,-1,11,25,3,20,17,-27,-24,6,13,27,18,18,25,-23,-23,5,10,24,17,20,16,-28,-19,14,9,27,18,19,14,-25,-23,3,14,25,16,24
40.7600,14,-21,-19,1,22,26,14,22,13,-29,-24,4,14,17,17,23,10,-24,-18,3,10,24,17,33,14,-26,-21,1,11,30,6,22,14,-31,-18,5,15,27,15,22,22,-26,-20,2,11,23,19,25,15,-20,-22,14,11,27,13,20,15,-24,-20,-1,12,26,17,25
40.7800,19,-28,-21,5,14,26,16,18,13,-25,-24,5,17,19,16,24,9,-22,-16,2,13,25,23,34,16,-21,-24,7,12,27,1,24,16,-26,-23,4,15,30,15,24,25,-26,-21,2,11,23,11,25,15,-25,-24,17,7,26,17,19,14,-24,-17,5,11,25,16,23
40.8000,16,-24,-22,-1,17,29,13,19,14,-28,-21,4,14,17,12,19,7,-28,-19,3,11,29,19,27,19,-23,-21,4,16,24,7,19,20,-28,-19,5,11,25,18,23,21,-26,-23,1,11,27,16,16,14,-25,-24,18,12,25,11,19,16,-26,-20,6,10,27,11,22
40.8200,20,-21,-19,7,15,33,17,20,17,-30,-20,8,14,14,10,19,11,-23,-20,5,14,27,20,31,16,-21,-19,3,12,25,4,19,19,-26,-21,7,15,26,13,22,23,-28,-24,2,7,25,9,22,15,-27,-20,13,10,24,17,24,13,-25,-20,3,12,28,19,22
40.8400,19,-22,-25,1,21,27,19,23,15,-29,-18,3,13,15,16,21,9,-28,-25,1,9,24,15,33,17,-23,-19,2,13,24,6,20,16,-28,-25,4,11,31,13,24,23,-28,-19,2,2,22,18,22,20,-27,-23,16,10,27,18,21,17,-26,-20,1,14,27,17,23
40.8600,14,-22,-23,0,18,27,15,22,12,-26,-18,4,14,15,17,22,12,-22,-17,1,7,28,20,32,15,-21,-21,3,18,25,7,24,20,-30,-21,5,13,30,15,22,19,-26,-18,1,10,24,16,27,14,-27,-25,17,11,26,14,19,19,-24,-21,0,12,31,15,20
40.8800,16,-23,-18,4,18,28,17,20,16,-27,-21,5,12,18,13,20,10,-24,-22,6,15,22,17,28,20,-24,-22,2,11,29,6,26,16,-24,-20,3,11,28,15,17,22,-26,-20,6,9,26,16,23,14,-25,-21,13,12,23,19,21,13,-20,-22,6,10,25,18,21
40.9000,10,-22,-21,9,18,26,15,20,13,-29,-22,3,10,17,12,21,6,-25,-22,6,10,26,20,33,15,-21,-19,2,13,26,3,25,18,-30,-17,3,14,29,19,22,20,-26,-25,2,6,24,17,24,17,-23,-22,14,11,29,14,22,15,-24,-23,3,11,27,16,25
40.9200,15,-23,-19,3,17,27,15,19,16,-31,-19,7,17,19,13,23,6,-26,-19,7,15,28,18,31,16,-24,-20,4,12,23,5,25,20,-32,-20,6,14,26,15,16,21,-23,-18,1,10,23,14,22,11,-29,-23,20,15,22,14,23,16,-21,-26,3,12,24,17,23
40.9400,17,-19,-26,4,24,23,14,23,11,-29,-20,2,16,17,20,21,9,-28,-19,8,8,26,15,33,14,-19,-21,2,14,26,6,18,17,-27,-25,6,13,27,15,22,20,-25,-19,7,8,24,18,25,14,-30,-24,15,13,26,15,20,14,-22,-21,2,13,27,19,17
40.9600,11,-21,-17,11,19,28,15,20,13,-27,-22,1,14,20,21,24,7,-24,-24,5,11,27,16,37,17,-23,-24,7,10,25,3,21,14,-27,-19,4,8,29,17,21,19,-28,-17,3,8,23,19,23,16,-27,-21,20,15,29,17,23,16,-27,-22,6,12,27,16,21
40.9800,14,-23,-23,5,22,30,16,23,17,-27,-23,5,16,16,17,23,11,-25,-20,6,6,30,16,34,17,-22,-18,2,12,26,2,22,12,-27,-21,4,14,25,12,23,19,-28,-21,3,8,24,20,21,15,-23,-21,17,11,28,18,21,18,-26,-22,4,10,25,18,23
41.0000,18,-23,-20,5,17,29,21,20,13,-29,-19,6,16,17,18,20,11,-25,-23,3,10,24,19,35,14,-27,-19,5,11,27,2,20,16,-27,-20,4,8,25,21,16,21,-29,-20,4,6,26,13,21,19,-27,-22,17,12,28,17,18,19,-27,-24,4,14,24,13,23
41.0200,14,-23,-22,1,22,28,17,24,15,-27,-15,6,16,17,15,21,12,-22,-22,5,11,23,16,33,16,-23,-20,7,11,26,6,20,16,-27,-22,5,17,25,19,23,18,-25,-20,2,7,25,16,24,16,-23,-17,15,13,25,13,25,17,-27,-24,5,13,25,14,25
41.0400,16,-22,-19,2,18,24,21,22,16,-27,-22,6,14,15,17,21,6,-27,-23,5,10,27,18,30,17,-24,-19,7,12,24,3,18,21,-28,-19,7,12,26,9,24,23,-21,-22,4,4,23,18,23,13,-31,-21,16,12,28,18,24,15,-28,-20,3,12,25,21,18
41.0600,13,-19,-19,4,21,26,16,21,15,-28,-21,10,17,16,13,22,9,-27,-21,3,6,24,23,37,15,-26,-24,2,16,26,5,23,15,-25,-21,4,12,27,17,25,17,-27,-21,5,10,21,21,21,14,-28,-20,20,13,30,13,25,17,-22,-22,5,14,26,16,21
41.0800,16,-22,-23,6,15,26,14,18,10,-29,-18,6,16,21,15,23,6,-28,-20,10,12,33,18,35,16,-21,-21,3,12,27,7,20,21,-26,-22,5,13,29,17,19,24,-22,-16,6,9,22,18,23,18,-25,-20,19,13,22,15,21,17,-27,-22,9,10,24,13,22
41.1000,15,-17,-20,5,19,25,17,22,13,-30,-23,2,14,19,18,23,13,-26,-20,2,9,28,19,35,12,-20,-21,1,13,26,5,23,16,-24,-15,6,14,29,16,26,24,-25,-20,3,12,25,18,21,15,-26,-20,13,12,24,18,24,13,-27,-22,1,13,22,17,22
41.1200,17,-18,-25,6,26,30,16,18,14,-27,-23,7,14,17,18,24,9,-31,-20,7,9,26,14,30,19,-26,-22,5,13,26,4,24,10,-28,-20,4,16,25,17,23,22,-26,-23,3,7,24,13,19,12,-27,-24,21,11,26,13,21,15,-23,-22,5,10,27,15,22
41.1400,16,-20,-20,4,21,25,18,19,14,-27,-19,4,14,17,17,22,6,-28,-20,4,9,26,17,34,10,-20,-22,2,15,27,0,18,16,-29,-17,4,14,25,13,20,17,-24,-24,5,12,23,12,22,16,-22,-26,18,10,26,16,21,18,-24,-22,5,11,24,13,19
41.1600,22,-21,-25,1,24,24,17,19,18,-28,-20,0,13,18,17,19,12,-23,-21,5,10,29,20,29,16,-19,-22,6,12,27,7,18,17,-23,-21,4,13,27,14,21,20,-26,-23,5,11,27,16,22,13,-24,-25,16,12,26,18,23,18,-23,-22,6,13,26,17,24
41.1800,15,-20,-19,5,17,25,19,22,18,-26,-20,3,15,17,17,24,10,-28,-22,5,5,25,21,36,16,-22,-22,4,14,27,4,21,17,-27,-21,10,12,28,12,22,17,-25,-22,3,7,21,18,21,17,-25,-20,17,9,25,19,21,16,-29,-23,4,15,24,16,24
41.2000,15,-23,-23,6,19,25,19,18,14,-31,-16,8,20,13,14,24,8,-25,-22,4,7,30,19,34,15,-24,-21,0,13,25,0,21,17,-26,-23,8,14,25,14,23,20,-24,-19,6,7,21,17,24,16,-23,-24,19,13,26,12,21,15,-22,-19,5,19,26,15,27
41.2200,16,-23,-23,6,19,29,15,20,13,-28,-14,4,12,15,14,24,12,-25,-21,4,12,27,17,36,16,-21,-19,8,12,22,4,26,15,-25,-17,8,16,23,16,22,16,-25,-22,7,8,25,18,24,20,-20,-25,16,8,26,16,27,16,-27,-18,8,13,24,18,23
41.2400,20,-20,-23,5,21,23,17,20,15,-26,-20,7,24,13,18,21,11,-31,-21,4,11,24,15,31,18,-23,-21,5,12,22,5,23,16,-23,-22,11,11,28,17,18,21,-27,-20,6,9,24,18,23,15,-22,-19,19,12,27,17,23,19,-24,-20,8,10,25,15,25
41.2600,16,-24,-21,5,19,26,18,21,16,-25,-19,5,12,17,18,23,11,-28,-19,13,11,24,18,35,16,-23,-22,5,14,27,2,25,17,-27,-20,4,12,26,13,22,19,-27,-21,6,8,23,19,24,18,-24,-21,17,18,22,14,24,15,-25,-22,4,13,27,14,21
41.2800,14,-26,-23,1,20,27,19,20,15,-26,-19,6,18,15,17,18,9,-24,-21,7,11,23,18,35,24,-17,-21,4,12,21,-1,23,10,-31,-22,6,8,28,16,24,23,-26,-18,6,11,26,16,21,16,-23,-19,18,11,28,13,23,15,-26,-26,7,14,26,17,19
41.3000,18,-24,-20,5,21,26,19,22,10,-26,-25,7,16,18,14,25,10,-29,-24,8,11,27,14,33,13,-19,-19,4,13,23,5,20,14,-24,-19,7,12,29,17,25,18,-28,-21,6,10,23,17,26,17,-24,-20,17,11,23,14,25,17,-29,-24,3,14,29,17,25
41.3200,20,-21,-19,6,19,26,18,20,13,-26,-23,5,20,16,15,20,8,-28,-23,6,9,30,20,36,17,-23,-14,5,15,27,4,19,18,-27,-25,4,15,27,14,20,23,-25,-25,1,8,24,15,22,18,-27,-22,17,17,22,18,20,14,-23,-26,2,13,24,15,22
41.3400,20,-16,-18,6,22,25,22,21,11,-24,-20,3,15,16,16,25,12,-28,-21,4,10,32,18,35,16,-18,-22,3,16,27,7,22,17,-25,-22,3,12,25,15,22,24,-27,-24,4,11,20,15,26,15,-23,-19,16,13,22,16,23,14,-24,-21,5,13,26,13,24
41.3600,17,-19,-17,8,23,25,18,21,16,-26,-22,4,15,19,16,18,13,-24,-21,6,9,29,16,34,19,-20,-21,4,12,26,5,28,17,-29,-24,7,15,29,16,28,23,-26,-21,6,6,24,15,24,14,-23,-21,16,13,31,18,21,19,-25,-19,3,14,23,17,23
41.3800,15,-25,-22,5,21,26,21,20,19,-24,-20,10,17,14,14,26,9,-26,-20,4,13,32,16,35,21,-22,-19,6,15,26,6,23,14,-25,-23,1,17,30,16,24,22,-25,-25,4,12,25,19,26,14,-25,-24,15,15,27,15,28,19,-21,-18,4,14,26,21,23
41.4000,14,-21,-25,9,20,24,18,22,15,-25,-17,4,17,13,12,25,12,-25,-20,4,10,30,16,38,16,-26,-15,5,13,24,5,23,18,-27,-23,5,12,31,13,16,21,-27,-24,7,9,19,19,21,16,-26,-20,16,10,27,17,24,20,-26,-21,8,9,24,19,25
41.4200,14,-21,-21,9,19,28,22,21,14,-28,-21,3,18,19,13,20,9,-25,-20,6,11,27,12,41,19,-25,-18,4,17,31,2,25,19,-25,-20,4,12,27,11,24,21,-25,-17,5,9,27,15,26,16,-24,-23,19,11,25,15,24,17,-21,-21,6,16,24,17,25
41.4400,18,-25,-14,7,19,24,20,23,18,-26,-21,9,14,14,17,23,11,-25,-21,3,10,25,16,36,16,-18,-20,4,14,27,1,23,15,-25,-17,6,19,23,14,18,24,-24,-22,9,10,28,18,26,18,-25,-20,23,17,28,17,24,15,-24,-22,7,13,22,12,25
41.4600,15,-20,-19,9,17,24,16,21,12,-29,-20,3,10,16,12,22,8,-28,-20,8,7,24,18,33,17,-18,-22,6,11,22,0,24,12,-27,-23,10,16,32,16,23,22,-25,-20,9,10,22,18,25,15,-26,-22,20,12,25,14,26,13,-22,-24,3,15,27,17,24
41.4800,14,-25,-21,5,19,26,16,24,15,-27,-21,8,13,17,18,23,13,-25,-23,5,11,29,21,37,18,-18,-16,7,12,28,5,22,12,-25,-22,10,13,29,14,23,21,-19,-21,11,13,29,14,24,18,-23,-21,21,19,32,16,23,18,-25,-24,5,14,29,14,24
41.5000,16,-22,-22,9,18,29,19,27,15,-25,-23,9,16,19,17,24,12,-29,-20,6,13,24,20,39,13,-23,-19,4,17,24,2,25,14,-25,-21,4,11,26,14,21,21,-24,-20,8,5,26,12,24,17,-23,-22,20,12,29,14,25,17,-26,-21,2,11,27,18,22
41.5200,12,-23,-23,9,17,26,17,25,14,-28,-22,3,15,16,14,20,12,-28,-19,6,11,22,17,36,14,-21,-17,6,13,27,10,23,18,-27,-20,5,15,29,12,26,16,-27,-21,3,6,24,16,25,16,-23,-23,21,16,27,17,23,11,-24,-20,4,17,26,15,26
41.5400,19,-21,-20,7,22,23,15,26,12,-26,-21,4,13,15,16,21,13,-28,-22,4,12,24,18,37,19,-24,-22,5,14,28,5,25,18,-25,-22,5,16,28,15,21,22,-23,-21,2,7,24,14,27,15,-25,-20,17,12,22,19,22,10,-24,-20,7,14,30,14,28
41.5600,18,-22,-19,8,23,25,22,30,13,-25,-20,7,18,15,14,20,14,-22,-27,5,12,31,16,37,20,-21,-24,3,9,27,6,21,14,-30,-19,7,14,28,16,21,16,-21,-19,7,10,26,14,31,18,-28,-23,23,14,25,17,24,14,-23,-20,5,13,30,19,26
41.5800,16,-20,-19,2,20,27,20,23,16,-30,-18,9,14,13,14,23,12,-26,-24,6,11,26,21,32,20,-20,-19,7,13,25,8,25,17,-31,-23,1,16,27,18,24,23,-21,-22,8,10,22,17,26,17,-28,-19,17,12,25,18,25,13,-26,-19,-1,16,22,17,25
41.6000,19,-24,-24,9,22,30,22,24,14,-27,-22,8,15,17,16,22,10,-27,-19,9,11,23,22,38,18,-22,-16,1,15,27,7,24,13,-29,-19,7,18,29,15,23,22,-20,-20,6,9,29,17,24,17,-22,-24,17,12,27,17,22,16,-23,-20,5,14,25,14,22
41.6200,20,-19,-21,9,20,23,19,26,16,-28,-20,10,15,20,22,26,13,-29,-18,4,10,27,18,33,22,-23,-22,7,14,27,2,22,15,-20,-20,5,16,29,18,21,22,-24,-19,2,10,22,15,25,21,-28,-22,22,12,23,15,24,14,-24,-20,4,11,28,19,30
41.6400,17,-24,-24,12,21,27,17,22,17,-24,-19,8,18,17,16,22,7,-27,-19,6,8,24,18,35,20,-27,-17,12,14,24,3,23,19,-25,-20,11,14,29,15,22,18,-23,-23,7,13,23,20,26,20,-25,-22,23,14,25,14,20,15,-22,-20,8,13,25,21,25
41.6600,18,-23,-23,8,20,26,23,23,16,-25,-21,4,18,21,20,24,13,-26,-21,5,16,29,20,38,14,-22,-16,8,13,25,4,25,18,-21,-18,7,14,28,20,20,21,-30,-19,6,9,22,11,27,12,-24,-23,18,12,31,13,23,18,-21,-22,3,14,21,18,28
41.6800,15,-22,-21,10,24,24,21,22,13,-26,-20,8,18,17,15,23,13,-27,-19,12,11,28,23,39,17,-25,-20,5,12,27,3,29,17,-26,-18,10,13,27,19,19,24,-25,-20,5,9,21,18,25,19,-21,-20,16,13,30,21,26,17,-21,-18,6,14,26,21,22
41.7000,21,-26,-17,8,23,28,14,26,10,-24,-19,7,14,17,18,30,11,-27,-20,9,16,25,21,35,22,-20,-20,6,17,28,4,23,16,-22,-21,3,15,25,15,23,20,-27,-20,6,10,20,19,27,15,-28,-18,13,8,27,16,23,19,-26,-23,3,16,27,13,26
41.7200,16,-18,-24,7,21,26,19,25,15,-28,-21,9,14,17,14,31,9,-26,-18,5,13,29,20,39,16,-22,-20,8,15,24,4,25,18,-23,-22,7,12,29,11,23,22,-25,-18,11,15,24,18,32,18,-27,-22,15,14,24,14,20,18,-25,-20,0,14,28,15,24
41.7400,16,-20,-14,9,29,30,19,22,14,-22,-22,6,13,17,21,21,14,-23,-19,8,9,27,20,32,20,-25,-26,3,16,25,4,22,16,-22,-19,10,17,27,15,24,18,-27,-19,9,10,25,20,23,18,-21,-22,19,10,23,14,23,18,-26,-22,5,15,24,19,28
41.7600,17,-20,-20,3,22,21,16,20,14,-23,-21,4,19,16,16,22,14,-23,-20,8,11,26,19,35,18,-22,-21,3,15,27,1,23,13,-29,-18,6,15,25,19,25,18,-24,-22,1,10,19,18,28,17,-26,-22,16,13,26,18,24,19,-25,-23,5,14,25,16,24
41.7800,19,-24,-20,3,22,24,16,25,16,-20,-27,7,17,16,13,21,14,-20,-18,7,8,30,19,38,19,-19,-18,6,13,21,2,27,15,-26,-19,6,14,24,16,25,17,-24,-19,8,10,24,18,27,20,-29,-22,17,17,26,16,26,22,-23,-18,6,17,29,14,26
41.8000,19,-25,-20,4,26,28,20,20,14,-26,-18,7,17,16,19,21,10,-27,-23,10,13,28,16,36,16,-23,-16,3,19,25,2,25,15,-24,-18,11,13,26,16,23,22,-26,-22,10,16,26,14,29,13,-27,-23,14,13,26,14,26,17,-21,-19,6,13,26,14,25
41.8200,15,-23,-25,7,27,24,18,23,17,-27,-21,3,18,12,18,21,10,-24,-22,6,13,28,25,32,14,-21,-18,7,9,26,4,25,16,-26,-20,8,17,23,15,23,22,-19,-20,9,5,24,23,24,18,-26,-25,21,13,29,13,25,15,-23,-24,3,9,29,16,27
41.8400,16,-28,-24,3,22,24,19,28,19,-28,-21,4,16,15,13,24,12,-31,-18,4,15,27,18,40,20,-22,-24,8,12,24,7,25,17,-28,-21,2,18,27,13,22,19,-24,-20,8,7,27,20,25,20,-24,-22,17,14,30,14,25,17,-25,-22,1,17,23,16,25
41.8600,19,-23,-26,9,23,27,19,25,13,-21,-20,8,21,17,19,22,14,-28,-16,8,12,30,20,39,13,-20,-22,6,17,26,5,24,16,-25,-20,8,11,26,17,24,22,-26,-21,5,9,26,14,28,16,-27,-22,20,14,22,20,25,15,-27,-20,6,17,28,20,28
41.8800,20,-22,-19,8,23,26,22,22,14,-24,-22,6,17,14,16,24,12,-23,-23,8,21,26,20,37,16,-21,-21,8,13,26,5,26,17,-22,-19,1,15,23,15,25,24,-20,-17,11,7,25,16,26,16,-24,-22,21,14,32,18,25,15,-23,-17,5,16,24,18,27
41.9000,23,-23,-22,4,20,29,21,26,22,-21,-20,6,19,18,20,21,13,-23,-21,5,10,28,22,35,18,-19,-18,8,12,25,1,22,13,-28,-20,5,18,26,18,27,19,-26,-24,6,11,26,15,27,19,-27,-24,23,21,30,18,24,16,-24,-18,6,13,23,19,27
41.9200,19,-21,-20,8,23,25,18,25,19,-24,-19,5,21,20,16,23,12,-32,-19,10,12,32,18,37,19,-24,-19,5,14,22,3,23,14,-26,-20,5,16,26,18,24,20,-22,-22,5,15,25,18,28,16,-25,-21,24,15,28,19,27,19,-24,-23,5,18,26,17,25
41.9400,17,-20,-21,4,25,26,17,23,18,-27,-22,10,19,16,15,27,12,-24,-19,6,13,26,18,36,20,-21,-19,10,14,26,6,25,17,-24,-24,1,18,25,16,21,20,-22,-24,10,11,28,16,27,16,-23,-23,18,18,22,17,23,16,-23,-19,7,14,29,14,25
41.9600,16,-22,-25,9,18,22,19,28,17,-22,-22,10,20,18,14,30,13,-26,-20,11,12,28,20,40,16,-23,-25,5,16,21,8,25,19,-19,-18,8,14,27,14,25,16,-25,-20,6,12,22,12,24,16,-23,-26,19,16,25,13,23,16,-28,-19,7,16,26,14,26
41.9800,15,-21,-16,3,23,23,22,26,15,-27,-19,8,12,13,12,23,12,-26,-23,10,11,29,23,42,17,-22,-24,8,13,22,3,27,17,-24,-21,6,19,30,21,28,20,-26,-22,7,15,31,13,23,16,-22,-22,21,16,24,16,28,20,-23,-17,2,14,29,16,23
42.0000,20,-23,-19,6,21,24,21,26,23,-22,-21,7,18,18,12,21,14,-28,-25,8,10,27,24,40,20,-19,-17,4,14,25,5,27,17,-27,-19,8,15,23,16,22,21,-23,-19,7,5,28,17,28,17,-19,-20,20,14,28,13,25,19,-25,-21,6,12,28,17,22
42.0200,15,-24,-18,10,22,22,21,26,13,-21,-21,11,18,17,13,24,12,-27,-17,5,15,23,20,40,19,-22,-19,9,14,24,7,24,15,-31,-17,9,18,28,16,25,18,-26,-20,8,12,25,15,25,21,-27,-24,20,14,25,12,25,18,-23,-17,4,12,24,16,26
42.0400,17,-18,-20,10,25,29,18,26,18,-24,-20,9,18,13,14,25,13,-23,-22,6,15,25,17,38,21,-23,-21,3,12,24,7,26,18,-26,-20,6,18,29,15,28,22,-20,-19,7,12,26,14,27,21,-24,-20,19,16,27,13,29,20,-27,-22,5,10,25,17,24
42.0600,19,-20,-20,5,17,27,19,26,15,-20,-22,11,24,14,14,27,9,-20,-23,7,13,23,22,38,18,-22,-20,3,16,25,3,24,16,-22,-20,8,15,28,15,27,21,-22,-21,6,15,26,14,27,17,-24,-23,22,16,28,16,24,17,-24,-20,8,16,30,14,28
42.0800,18,-22,-20,7,23,25,17,26,20,-24,-22,9,15,15,18,23,9,-22,-16,7,9,28,16,39,21,-22,-20,8,13,24,4,22,20,-21,-21,6,13,26,17,25,20,-25,-23,8,10,24,13,24,17,-26,-18,20,16,28,16,25,17,-25,-19,9,16,26,15,23
42.1000,15,-21,-21,9,20,26,18,21,14,-24,-21,12,20,14,14,22,11,-27,-22,4,16,23,18,37,20,-24,-16,8,12,25,3,27,14,-25,-20,2,18,27,15,26,22,-25,-20,5,12,26,20,26,18,-21,-24,19,11,24,16,27,19,-24,-21,5,14,26,16,26
42.1200,12,-22,-22,9,23,25,19,27,23,-21,-18,9,20,14,14,26,13,-25,-23,7,17,23,20,40,14,-21,-18,3,15,32,3,27,16,-25,-23,8,17,26,19,24,19,-22,-23,10,12,25,13,28,14,-21,-23,19,14,26,19,26,21,-23,-17,1,13,27,14,21
42.1400,16,-20,-23,7,22,25,22,25,17,-28,-18,4,17,15,12,25,11,-27,-17,13,13,27,16,39,22,-20,-15,7,12,26,8,28,19,-24,-25,8,16,24,19,27,18,-22,-21,6,14,29,16,28,18,-18,-18,17,15,25,12,30,15,-22,-24,4,17,27,14,24
42.1600,17,-19,-22,7,24,25,17,24,21,-24,-28,6,17,19,17,23,12,-24,-20,3,8,29,21,40,23,-23,-14,7,14,25,5,30,14,-24,-18,5,16,27,14,24,18,-23,-24,9,14,31,13,26,24,-28,-22,21,13,24,15,30,14,-24,-16,6,16,27,19,27
42.1800,22,-20,-22,8,26,22,20,26,14,-26,-19,9,19,12,13,24,16,-30,-25,8,12,29,14,39,19,-24,-14,7,10,25,5,25,17,-25,-18,5,18,28,21,28,22,-22,-18,6,10,27,16,29,17,-25,-26,20,12,26,21,26,17,-21,-21,6,10,24,13,24
42.2000,18,-20,-20,5,25,26,20,27,13,-28,-22,3,13,15,20,23,16,-27,-20,7,14,27,20,41,22,-21,-23,8,11,31,4,26,15,-27,-18,4,16,33,17,24,23,-25,-25,8,15,25,18,31,20,-24,-22,20,13,23,21,26,17,-23,-17,8,16,29,14,26
42.2200,18,-19,-24,7,24,29,18,24,19,-23,-20,5,21,17,15,27,13,-25,-23,6,8,25,18,38,21,-23,-19,4,16,27,3,23,18,-25,-21,10,14,23,18,27,25,-23,-17,5,15,22,15,30,20,-25,-20,19,16,24,15,27,19,-19,-18,5,13,27,17,23
42.2400,16,-19,-21,8,24,27,18,26,17,-24,-20,9,15,19,16,23,15,-27,-17,8,14,25,20,39,19,-24,-17,8,13,26,6,30,14,-24,-18,8,15,27,17,25,22,-22,-16,11,12,23,15,31,19,-21,-25,20,16,24,14,27,18,-23,-23,5,12,24,19,25
42.2600,14,-23,-23,9,22,32,22,26,23,-22,-21,7,21,17,13,27,10,-25,-21,6,14,27,22,40,15,-21,-18,7,15,25,3,25,14,-22,-18,8,16,25,18,22,21,-22,-23,6,12,30,16,30,20,-29,-20,20,9,28,18,25,19,-28,-21,10,13,24,21,26
42.2800,16,-22,-22,9,26,24,18,28,17,-25,-26,6,20,11,20,28,17,-22,-20,5,13,25,13,40,21,-22,-19,6,17,24,1,28,15,-23,-23,7,13,26,13,27,18,-20,-21,7,13,28,16,30,18,-22,-23,27,17,28,15,27,21,-21,-25,6,17,26,18,29
42.3000,16,-21,-18,6,23,33,22,25,17,-23,-23,8,16,15,21,24,14,-23,-20,4,6,26,15,36,17,-23,-16,6,16,27,6,25,18,-21,-18,10,19,20,14,27,19,-23,-21,6,13,24,20,29,17,-25,-26,19,19,29,21,30,21,-24,-19,9,13,21,19,24
42.3200,15,-24,-20,7,23,30,22,30,15,-26,-22,9,16,14,13,27,15,-22,-18,8,15,29,17,37,18,-23,-22,7,12,23,7,20,14,-26,-25,10,18,25,12,27,24,-25,-20,7,10,27,15,29,18,-24,-21,24,14,26,17,25,18,-22,-18,7,14,27,20,28
42.3400,16,-25,-18,2,23,29,22,28,18,-25,-22,12,16,13,16,27,12,-23,-22,7,16,29,21,41,18,-23,-20,6,12,24,6,23,17,-23,-23,11,17,28,15,28,21,-26,-25,10,10,26,14,29,21,-19,-22,22,18,29,19,29,15,-21,-20,5,17,28,15,22
42.3600,23,-26,-23,4,21,26,21,26,21,-24,-22,10,19,22,13,26,13,-24,-21,10,13,30,19,40,20,-22,-19,8,15,27,2,30,19,-26,-21,5,15,25,16,22,18,-28,-21,6,12,24,18,25,16,-21,-24,21,16,26,14,26,19,-21,-21,6,13,28,17,26
42.3800,17,-22,-22,8,24,25,22,27,14,-24,-18,3,15,20,14,24,15,-27,-19,6,14,28,22,40,19,-23,-18,9,15,28,4,25,21,-25,-20,4,13,26,13,24,15,-27,-20,7,15,26,15,29,19,-21,-18,20,14,30,17,30,16,-18,-26,5,16,22,12,25
42.4000,16,-20,-21,6,23,25,19,26,16,-25,-18,7,18,15,16,25,12,-24,-15,8,14,29,20,41,23,-20,-19,8,14,28,10,24,23,-23,-21,8,14,28,20,25,19,-24,-20,8,14,25,16,30,19,-20,-19,19,15,28,18,24,15,-24,-23,10,16,25,22,24
42.4200,23,-20,-17,8,24,27,19,24,18,-24,-21,7,17,18,17,24,11,-25,-21,9,15,29,20,44,17,-24,-28,8,12,22,5,22,17,-25,-20,8,16,25,13,23,23,-25,-19,8,15,23,16,29,16,-26,-22,19,14,25,17,28,22,-24,-22,6,18,22,17,25
42.4400,13,-23,-20,9,21,27,22,24,19,-22,-20,4,15,13,17,23,17,-22,-19,6,15,24,20,35,17,-19,-23,8,12,22,5,23,18,-22,-20,9,15,28,16,20,23,-26,-21,7,14,27,14,26,20,-25,-21,21,17,26,19,24,16,-22,-21,7,19,25,13,28
42.4600,19,-18,-14,9,21,26,19,25,20,-24,-21,8,18,11,15,24,13,-25,-16,6,15,26,20,37,19,-21,-19,8,15,25,6,27,18,-26,-22,7,15,24,18,27,18,-22,-22,9,15,25,17,26,19,-28,-23,19,20,24,15,23,17,-24,-19,7,16,23,14,29
42.4800,14,-15,-22,9,25,25,17,24,18,-19,-20,8,14,18,13,25,15,-29,-21,10,15,30,20,34,18,-21,-25,7,17,26,5,28,21,-27,-21,11,15,27,14,26,18,-25,-19,6,13,24,18,28,18,-23,-24,26,17,26,13,29,19,-22,-22,8,17,26,19,27
42.5000,16,-22,-18,8,20,28,21,29,18,-22,-13,8,17,13,17,25,15,-26,-18,8,14,27,23,37,18,-21,-18,6,18,26,3,28,18,-23,-17,9,21,26,16,30,19,-23,-17,4,19,28,16,26,19,-22,-19,19,15,30,15,31,16,-26,-19,5,11,21,16,29
42.5200,20,-22,-19,5,25,25,19,27,17,-20,-19,12,20,17,14,25,12,-23,-22,5,16,29,20,39,16,-20,-18,6,14,26,7,27,21,-19,-20,4,21,25,17,27,25,-25,-24,9,13,27,19,26,14,-27,-22,26,13,30,15,29,14,-23,-21,11,17,28,16,30
42.5400,18,-19,-24,10,24,26,16,28,18,-24,-18,15,19,19,16,20,18,-20,-15,5,15,27,16,41,18,-22,-18,8,15,26,6,26,16,-22,-16,11,14,27,15,24,22,-22,-21,9,15,31,19,28,20,-23,-20,23,14,22,17,26,17,-23,-15,10,14,26,21,27
42.5600,14,-22,-22,7,19,25,21,30,19,-23,-17,10,19,13,15,26,16,-22,-17,7,9,30,20,36,24,-21,-24,8,14,23,9,26,19,-22,-18,14,18,26,16,29,22,-24,-18,11,16,26,18,29,15,-20,-20,22,17,28,21,28,18,-20,-21,7,20,28,16,27
42.5800,18,-21,-16,8,23,27,18,25,20,-23,-23,11,21,13,17,27,16,-27,-21,4,12,28,19,40,21,-18,-19,9,15,25,7,27,15,-24,-21,3,19,29,15,25,18,-26,-18,7,15,24,14,26,17,-27,-22,23,14,24,16,28,15,-22,-23,6,20,27,16,25
42.6000,13,-18,-23,1,22,27,17,30,23,-23,-19,10,22,18,15,21,18,-28,-15,5,15,25,19,38,17,-23,-19,10,17,28,10,29,16,-23,-16,4,13,28,19,26,23,-21,-20,7,11,27,17,28,22,-20,-23,22,17,25,16,27,19,-19,-19,6,17,25,20,28
42.6200,16,-23,-20,9,26,29,19,27,15,-22,-20,7,22,16,16,27,15,-26,-24,10,16,26,18,38,19,-19,-20,6,19,19,8,27,16,-22,-22,8,19,27,19,31,21,-23,-20,10,12,26,14,25,22,-22,-15,20,16,27,20,28,19,-21,-22,7,14,21,20,28
42.6400,19,-24,-22,6,24,30,21,28,17,-22,-22,7,26,17,13,24,17,-24,-21,8,14,26,18,37,19,-20,-22,13,19,25,5,32,17,-23,-20,7,17,27,16,20,18,-27,-17,10,13,25,15,28,19,-26,-22,19,14,24,20,32,18,-22,-20,10,19,24,14,30
42.6600,16,-18,-23,7,23,25,17,29,17,-22,-20,6,15,16,16,28,20,-26,-23,6,16,29,19,37,20,-19,-21,8,16,22,6,20,19,-20,-20,9,14,26,17,30,21,-27,-24,7,12,27,12,24,23,-26,-20,26,16,26,22,23,20,-23,-23,12,14,30,16,26
42.6800,22,-25,-22,12,23,25,17,30,21,-22,-14,7,17,15,11,26,18,-20,-17,5,17,28,19,37,24,-18,-18,6,16,27,3,28,18,-26,-24,7,17,24,17,31,23,-27,-17,9,11,23,19,28,17,-27,-22,23,18,25,19,28,24,-23,-22,8,15,26,15,27
42.7000,20,-23,-20,5,23,21,24,27,20,-24,-24,12,23,13,18,26,18,-27,-20,3,21,30,22,43,18,-23,-21,6,16,24,3,25,17,-21,-24,10,16,26,17,31,20,-25,-20,8,14,29,19,27,18,-23,-21,22,18,25,16,31,18,-19,-21,5,15,22,19,33
42.7200,18,-23,-18,9,23,23,20,25,15,-21,-18,8,19,15,10,30,15,-24,-21,9,16,25,17,45,20,-28,-19,9,13,23,3,23,21,-24,-15,5,14,24,18,29,20,-23,-23,7,16,26,21,23,15,-22,-20,23,14,29,19,31,15,-21,-21,5,15,26,18,28
42.7400,19,-19,-21,8,30,25,21,23,15,-22,-21,5,20,15,16,27,15,-25,-23,2,18,23,16,38,20,-22,-20,8,16,29,5,28,21,-22,-19,7,12,27,16,29,20,-25,-23,6,10,26,16,24,19,-21,-19,22,15,29,19,28,18,-22,-18,10,13,28,16,29
42.7600,20,-25,-23,10,25,27,22,27,19,-20,-22,10,18,14,13,26,12,-23,-20,12,14,30,21,38,19,-25,-21,11,12,29,6,27,19,-23,-21,9,20,24,15,24,25,-28,-12,9,12,27,20,27,18,-24,-20,24,13,24,16,27,20,-24,-18,7,17,26,18,28
42.7800,21,-26,-18,8,25,24,18,29,21,-26,-21,6,26,19,18,23,8,-20,-22,9,16,24,21,37,20,-19,-19,6,14,27,3,27,21,-24,-24,9,20,26,17,31,23,-22,-24,4,14,31,16,31,20,-23,-17,23,14,27,20,29,17,-24,-22,10,16,28,19,32
42.8000,17,-21,-23,10,24,26,19,30,19,-17,-21,8,19,17,16,23,14,-22,-21,14,16,19,21,37,18,-24,-22,7,14,23,7,30,15,-24,-23,7,20,27,14,29,22,-31,-17,9,15,23,15,31,20,-18,-20,22,18,27,14,23,18,-24,-21,11,15,28,17,28
42.8200,19,-23,-19,9,25,29,22,33,17,-19,-22,10,16,14,15,26,15,-20,-20,8,14,25,17,42,20,-28,-20,9,15,23,4,29,19,-24,-19,11,16,27,21,31,22,-26,-18,7,18,25,15,30,20,-17,-22,20,15,26,22,25,18,-24,-22,7,19,29,16,24
42.8400,15,-25,-18,12,24,27,22,28,23,-20,-16,8,19,15,15,26,17,-26,-25,9,20,25,19,45,19,-23,-22,6,20,22,7,34,18,-22,-21,7,17,27,19,24,24,-27,-17,10,16,29,16,23,17,-19,-25,18,17,23,16,30,19,-26,-17,6,11,28,16,27
42.8600,14,-19,-17,9,20,33,27,31,15,-23,-25,9,22,18,14,30,15,-25,-17,10,18,28,18,40,20,-23,-19,7,14,18,9,25,21,-28,-21,8,19,23,15,32,20,-25,-18,6,15,28,17,31,19,-20,-20,24,19,29,19,28,26,-25,-23,9,11,22,18,25
42.8800,14,-24,-20,11,23,28,24,26,17,-21,-23,11,20,16,14,25,16,-24,-18,8,16,28,20,38,14,-24,-17,6,15,28,3,31,22,-29,-14,9,15,27,14,30,26,-26,-22,8,16,30,14,31,21,-26,-19,29,21,25,14,30,18,-23,-20,7,15,26,16,29
42.9000,16,-23,-19,7,20,28,26,27,19,-20,-16,9,17,17,20,24,19,-21,-18,10,9,25,20,38,18,-23,-18,11,11,22,1,28,20,-23,-17,10,14,25,14,30,19,-28,-21,5,21,25,16,29,22,-22,-21,22,16,26,18,29,17,-18,-24,8,15,28,16,30
42.9200,15,-25,-21,8,24,26,19,33,18,-21,-19,5,18,17,18,32,15,-25,-15,8,12,26,21,37,16,-27,-21,13,13,28,6,30,19,-23,-23,9,17,22,14,36,20,-24,-18,8,15,30,17,24,18,-24,-20,24,12,27,21,33,17,-19,-18,4,17,31,14,27
42.9400,17,-22,-19,8,27,30,22,29,18,-20,-18,7,19,16,16,29,17,-24,-18,9,19,25,22,39,20,-19,-15,11,14,22,9,27,21,-20,-22,6,20,21,17,28,24,-25,-20,8,19,28,18,31,17,-24,-18,24,14,29,20,27,18,-25,-26,2,15,28,18,26
42.9600,19,-21,-21,8,23,30,25,31,21,-22,-18,7,17,13,15,25,13,-26,-21,8,17,27,25,40,19,-21,-17,11,14,21,4,24,17,-18,-18,9,18,25,17,33,27,-25,-22,8,12,25,19,29,17,-21,-23,24,16,26,18,26,15,-25,-17,9,14,23,17,28
42.9800,19,-20,-19,15,26,28,20,29,16,-21,-22,7,17,14,17,25,19,-26,-20,9,17,26,17,43,22,-24,-21,10,14,21,5,31,20,-22,-24,9,19,28,16,33,16,-28,-13,6,17,29,13,24,22,-26,-21,27,17,31,22,32,15,-20,-18,6,17,24,17,26
43.0000,21,-23,-22,7,24,22,25,29,20,-22,-21,10,20,15,16,28,14,-25,-17,10,20,24,21,41,19,-22,-17,7,16,18,3,27,16,-25,-17,8,19,28,21,34,21,-28,-21,8,11,26,13,26,16,-23,-20,22,14,29,19,30,16,-26,-21,6,17,27,18,28
43.0200,18,-18,-19,5,23,29,19,30,16,-21,-20,10,16,20,14,28,21,-24,-19,8,18,26,20,41,17,-22,-18,9,19,23,9,31,22,-21,-26,6,17,29,18,27,23,-23,-20,6,16,28,16,28,20,-25,-24,26,16,25,13,28,15,-28,-17,6,14,22,18,29
43.0400,15,-20,-21,8,25,25,24,22,20,-22,-20,6,18,17,19,27,17,-21,-22,6,17,27,15,39,21,-21,-18,7,13,25,6,28,20,-19,-21,10,16,24,15,31,21,-24,-20,9,13,29,11,28,23,-22,-20,22,19,25,18,25,21,-21,-24,10,16,25,19,29
43.0600,18,-21,-20,10,26,28,21,30,17,-21,-22,10,22,17,14,24,17,-25,-18,8,20,32,20,41,17,-23,-20,12,16,22,0,27,24,-22,-22,9,15,27,15,28,23,-27,-24,8,15,29,12,29,16,-20,-24,25,14,30,17,29,19,-25,-24,9,15,27,17,28
43.0800,20,-22,-18,9,26,32,16,31,22,-19,-22,6,21,16,14,28,20,-25,-22,7,13,30,20,38,22,-24,-20,7,15,23,8,27,18,-23,-20,8,14,24,17,35,20,-30,-20,14,16,32,18,28,20,-20,-20,23,18,26,22,31,18,-22,-21,9,20,28,15,29
43.1000,21,-19,-18,12,22,23,21,30,23,-20,-22,6,15,17,15,27,15,-24,-19,3,17,24,20,39,19,-24,-19,11,15,22,7,31,23,-20,-19,9,18,27,17,31,25,-23,-23,9,21,27,18,27,19,-25,-24,25,17,22,18,29,21,-27,-24,10,14,27,17,30
43.1200,17,-24,-24,8,23,25,22,25,18,-18,-20,11,18,18,15,28,17,-21,-17,9,14,23,18,43,21,-19,-21,5,19,22,12,26,23,-17,-20,11,16,26,16,31,24,-25,-15,7,19,28,13,28,15,-23,-27,24,19,26,17,30,19,-22,-17,10,20,27,11,30
43.1400,20,-18,-25,12,22,29,24,27,21,-20,-23,4,22,15,14,34,17,-21,-20,7,15,30,21,43,16,-19,-19,4,16,26,2,27,20,-27,-18,7,17,29,17,29,20,-30,-21,11,18,27,17,29,15,-23,-22,24,17,26,18,32,16,-20,-21,7,20,29,14,27
43.1600,16,-14,-16,10,23,25,20,32,20,-20,-18,9,15,15,12,28,18,-24,-21,6,16,25,14,40,21,-20,-20,6,15,23,2,24,23,-22,-23,11,20,27,14,35,20,-30,-23,10,16,26,16,29,17,-22,-20,25,12,27,18,34,17,-21,-20,10,13,25,19,28
43.1800,19,-21,-20,14,20,29,21,32,22,-16,-20,8,19,15,16,28,15,-23,-24,10,16,24,19,39,21,-26,-18,8,17,22,3,29,23,-21,-17,8,17,27,16,34,19,-25,-21,7,15,27,13,27,21,-23,-20,22,16,30,17,25,23,-18,-21,11,16,26,21,27
43.2000,17,-23,-21,4,27,25,24,33,20,-23,-17,12,16,17,11,26,18,-21,-20,8,14,27,21,39,23,-21,-15,11,16,21,7,27,18,-23,-14,6,14,27,17,32,17,-23,-17,10,16,24,13,28,17,-23,-20,28,17,28,14,28,21,-24,-17,10,17,27,18,26
43.2200,21,-23,-22,11,23,26,21,26,20,-18,-21,5,19,20,11,25,19,-26,-19,13,16,26,21,39,19,-25,-18,8,15,26,6,30,20,-24,-20,9,16,22,18,34,24,-22,-22,8,16,29,19,29,20,-19,-21,23,14,22,16,29,20,-20,-19,6,15,26,16,27
43.2400,19,-24,-22,10,27,25,17,32,21,-18,-21,10,20,16,19,29,18,-22,-18,11,19,30,21,42,22,-22,-18,8,18,22,8,31,21,-23,-19,6,20,26,17,32,17,-27,-20,10,14,29,16,32,13,-20,-19,24,15,24,12,34,21,-20,-24,10,21,29,13,26
43.2600,19,-24,-19,12,23,28,24,29,23,-19,-23,7,15,17,16,28,18,-24,-19,8,18,22,16,38,21,-27,-20,12,12,19,9,31,24,-19,-21,8,16,28,17,32,21,-29,-22,10,14,29,17,32,21,-19,-18,28,17,23,18,31,18,-28,-16,8,20,25,17,26
43.2800,18,-25,-21,8,20,32,22,31,15,-22,-23,6,19,17,14,26,21,-25,-20,9,14,27,17,41,23,-23,-21,5,17,23,5,30,22,-17,-23,6,16,32,14,31,22,-24,-21,8,17,28,16,30,22,-24,-20,30,17,25,15,30,21,-27,-17,4,22,25,18,30
43.3000,15,-20,-21,7,23,29,19,28,17,-17,-17,12,16,20,15,29,15,-25,-16,6,16,23,22,37,22,-24,-19,10,13,24,8,27,20,-21,-21,10,15,27,14,32,19,-30,-21,9,12,28,15,32,24,-22,-22,25,14,23,18,28,16,-25,-20,7,18,27,16,26
43.3200,20,-21,-21,9,24,28,21,34,19,-18,-23,10,16,18,12,26,22,-22,-16,10,13,27,22,42,23,-21,-14,11,17,21,4,27,23,-25,-19,10,16,27,20,31,21,-26,-20,8,12,27,12,32,22,-20,-19,22,19,26,18,27,20,-23,-21,10,18,26,17,28
43.3400,21,-20,-21,4,26,27,22,31,19,-19,-18,7,21,18,13,34,19,-24,-22,6,14,28,20,42,21,-22,-21,9,15,19,4,30,19,-23,-25,9,19,26,19,34,22,-24,-22,13,17,29,18,28,17,-24,-21,23,18,28,15,26,19,-22,-23,7,19,22,15,31
43.3600,18,-23,-18,11,25,27,21,29,23,-16,-14,7,19,11,9,27,19,-24,-21,10,19,26,20,43,20,-29,-21,14,17,24,12,31,22,-22,-18,5,17,24,11,34,20,-25,-21,12,20,29,18,28,20,-22,-22,27,20,26,19,29,24,-25,-18,10,20,27,18,30
43.3800,19,-25,-21,13,23,28,19,31,23,-22,-24,11,17,15,14,24,24,-23,-19,7,19,28,22,41,19,-22,-21,13,16,25,3,28,21,-19,-18,10,13,23,16,30,21,-26,-17,11,22,28,16,32,17,-22,-22,24,18,27,17,30,19,-23,-19,8,20,23,14,28
43.4000,19,-26,-23,8,22,24,19,30,22,-18,-20,11,21,20,17,26,17,-24,-19,8,16,29,20,40,18,-25,-20,10,15,22,8,29,19,-21,-19,11,18,24,18,34,22,-30,-18,11,18,27,14,31,20,-23,-19,26,16,25,13,32,24,-22,-17,9,18,25,19,29
43.4200,17,-24,-22,9,28,29,22,32,18,-19,-17,14,16,17,15,28,19,-23,-19,8,20,31,20,39,23,-19,-15,8,14,19,6,29,16,-19,-17,10,16,23,21,34,18,-26,-19,12,17,32,13,28,18,-27,-21,25,17,31,22,28,18,-24,-18,7,17,28,20,27
43.4400,18,-28,-20,7,25,30,18,30,22,-21,-19,10,17,17,14,30,16,-21,-20,8,22,28,18,40,19,-22,-19,9,21,24,5,28,19,-22,-21,7,22,28,14,34,21,-25,-20,8,17,26,16,32,21,-22,-22,29,21,28,17,30,16,-23,-19,11,19,26,17,31
43.4600,19,-19,-21,10,23,29,22,35,21,-17,-19,8,21,16,15,25,19,-24,-21,5,18,27,22,40,20,-24,-21,10,16,22,4,31,20,-24,-22,12,21,28,15,32,19,-30,-20,7,19,30,19,29,20,-23,-20,28,18,27,15,29,17,-22,-21,7,15,17,17,28
43.4800,20,-20,-21,10,24,26,18,31,24,-22,-16,11,24,16,9,30,19,-25,-19,4,18,27,21,38,17,-22,-19,14,19,22,6,28,18,-20,-18,9,20,25,18,33,23,-29,-20,10,15,34,18,29,17,-22,-20,25,18,29,13,32,20,-24,-20,5,18,27,21,31
43.5000,21,-23,-17,4,22,26,16,35,22,-17,-19,7,19,11,13,28,19,-26,-19,13,18,26,24,43,19,-23,-20,10,15,26,4,36,21,-23,-13,9,17,26,17,32,19,-26,-17,10,16,28,18,28,19,-19,-24,24,18,27,18,28,19,-23,-20,4,17,25,19,31
43.5200,18,-24,-19,11,22,26,21,32,25,-23,-22,8,24,19,15,27,18,-23,-20,9,20,22,21,41,22,-21,-18,10,16,20,6,29,22,-18,-18,8,19,28,13,30,19,-27,-20,9,18,30,10,33,21,-25,-24,25,18,30,16,31,18,-23,-21,9,18,25,16,27
43.5400,19,-23,-20,3,26,29,25,30,19,-20,-18,9,19,21,15,29,24,-24,-20,6,18,32,17,42,19,-19,-23,10,17,21,9,25,16,-22,-15,10,14,24,15,30,25,-24,-21,9,16,28,14,27,20,-21,-22,25,15,24,15,34,21,-22,-22,5,19,28,19,31
43.5600,22,-17,-24,11,24,30,19,33,23,-21,-18,8,17,13,13,30,21,-26,-21,5,18,27,23,40,21,-25,-20,12,16,23,8,31,23,-19,-21,10,18,27,19,34,24,-24,-19,10,19,26,15,29,22,-22,-24,28,17,25,19,33,17,-23,-19,7,18,26,16,32
43.5800,15,-24,-17,11,20,28,21,33,22,-21,-23,12,21,16,12,26,22,-22,-18,11,20,30,21,39,25,-20,-20,6,16,25,3,30,26,-21,-22,9,20,27,16,30,23,-24,-19,11,18,31,17,27,22,-22,-22,26,16,25,17,33,20,-24,-21,9,16,23,14,30
43.6000,18,-21,-19,8,22,31,23,34,25,-19,-21,8,20,17,12,29,21,-21,-23,8,19,24,19,42,27,-24,-16,11,16,17,6,30,20,-22,-18,9,21,22,20,32,25,-24,-20,6,21,33,12,27,22,-22,-26,26,18,27,17,30,20,-22,-20,13,15,22,15,29
43.6200,16,-25,-22,4,22,25,25,34,29,-18,-17,10,17,16,18,27,18,-28,-21,6,20,27,18,37,21,-21,-17,13,13,19,3,28,17,-25,-19,10,19,23,16,28,18,-25,-21,7,17,31,12,29,21,-25,-23,22,17,21,20,31,18,-24,-22,6,17,22,21,33
43.6400,17,-25,-16,10,28,30,18,31,22,-19,-19,8,21,15,16,24,21,-21,-17,8,17,24,22,39,25,-20,-19,10,17,19,5,25,23,-20,-20,12,20,25,17,35,27,-30,-20,9,18,26,13,32,22,-28,-25,26,17,23,18,31,19,-27,-20,6,20,28,17,32
43.6600,16,-25,-21,7,26,24,25,31,21,-23,-23,9,24,16,14,26,21,-23,-19,8,18,27,17,39,20,-24,-15,9,18,21,4,32,23,-22,-21,10,18,26,18,33,26,-31,-17,9,19,29,16,29,19,-25,-23,29,20,26,13,32,19,-22,-19,9,16,27,18,31
43.6800,18,-25,-20,15,25,31,23,32,20,-21,-19,3,20,21,12,29,20,-22,-20,7,19,28,19,44,23,-22,-13,12,15,19,6,31,19,-17,-19,8,16,21,15,31,18,-25,-16,10,17,27,15,33,23,-24,-19,25,20,29,17,32,21,-24,-23,8,19,29,20,28
43.7000,18,-27,-21,4,27,24,20,33,18,-20,-19,8,22,14,15,25,20,-25,-20,12,19,27,21,39,23,-21,-18,12,19,21,5,30,19,-24,-22,10,22,20,12,30,24,-25,-23,9,15,34,17,30,21,-20,-19,29,18,26,19,30,18,-20,-18,8,18,25,17,33
43.7200,18,-26,-22,8,25,25,21,34,18,-19,-21,11,23,13,12,33,21,-21,-15,10,15,29,21,41,20,-20,-16,11,18,16,7,28,22,-22,-23,8,18,21,19,32,23,-28,-17,8,12,30,16,32,16,-19,-19,27,15,25,14,24,22,-19,-20,6,17,27,17,30
43.7400,21,-24,-17,15,23,27,20,29,20,-13,-22,5,20,18,14,28,22,-23,-18,10,19,28,23,41,17,-23,-16,9,18,21,6,30,21,-18,-20,9,22,28,17,35,22,-28,-21,9,22,28,13,31,20,-17,-25,30,17,30,15,27,21,-24,-18,11,16,27,21,31
43.7600,16,-21,-18,9,26,28,20,29,24,-17,-20,9,18,14,13,31,18,-23,-15,9,21,28,18,39,19,-17,-20,11,20,20,9,28,20,-21,-19,11,17,26,18,30,22,-28,-23,11,18,31,17,30,19,-21,-19,26,18,24,16,29,22,-21,-19,10,18,28,19,33
43.7800,21,-20,-21,5,20,27,18,32,23,-16,-17,13,19,20,11,26,19,-23,-20,11,18,29,20,41,22,-23,-22,13,15,20,3,31,20,-23,-17,12,19,26,16,31,22,-26,-23,10,19,32,19,31,21,-22,-19,29,18,25,20,30,17,-25,-16,5,22,25,16,33
43.8000,18,-23,-18,10,27,27,21,33,23,-14,-18,6,19,17,17,31,28,-22,-22,8,18,23,16,39,23,-23,-17,10,19,23,3,28,22,-22,-21,13,14,22,19,33,20,-29,-21,12,22,30,16,26,24,-23,-19,26,16,27,17,26,21,-26,-20,11,17,25,19,30
43.8200,17,-25,-17,8,22,27,22,34,21,-22,-20,11,17,15,14,29,20,-23,-18,10,20,30,23,40,22,-24,-19,7,17,24,7,27,23,-22,-15,9,16,24,15,36,21,-29,-21,10,17,29,16,33,19,-22,-18,27,19,22,14,35,19,-25,-23,7,19,26,14,30
43.8400,20,-22,-22,9,21,26,20,40,23,-20,-19,11,20,18,15,28,25,-21,-22,7,22,27,19,41,18,-23,-19,8,12,24,9,27,23,-21,-17,10,21,22,11,32,21,-29,-16,10,16,28,19,32,20,-23,-21,28,13,27,20,28,19,-19,-22,13,21,30,17,34
43.8600,18,-24,-19,11,22,25,22,34,23,-17,-19,9,18,18,13,29,17,-25,-19,12,22,25,22,39,24,-24,-18,11,21,21,3,26,24,-22,-17,10,19,25,18,34,20,-19,-17,14,15,28,16,29,23,-22,-21,28,19,25,22,31,20,-22,-22,5,20,30,17,36
43.8800,18,-20,-20,8,21,30,23,32,21,-15,-17,10,23,14,18,30,21,-25,-18,9,21,28,22,44,23,-22,-24,12,15,23,9,29,23,-23,-22,12,22,23,15,35,19,-26,-18,5,22,26,12,29,23,-19,-19,24,17,29,14,32,16,-22,-20,5,22,26,21,33
43.9000,22,-21,-23,10,29,27,25,33,19,-20,-21,10,20,11,15,31,19,-24,-20,9,20,28,23,41,23,-22,-19,10,19,24,6,30,24,-21,-21,8,13,25,15,33,24,-25,-18,12,18,32,15,29,20,-22,-15,26,15,29,19,30,17,-20,-17,10,19,27,16,35
43.9200,20,-26,-20,9,24,27,20,36,21,-16,-22,10,22,12,17,30,25,-23,-17,9,19,30,19,41,20,-21,-18,12,18,21,8,28,22,-22,-20,11,16,25,18,38,21,-31,-21,9,16,27,10,28,25,-26,-21,27,14,27,17,32,21,-22,-15,8,21,31,15,30
43.9400,17,-29,-17,11,25,24,23,34,21,-16,-19,13,19,19,10,32,23,-24,-18,9,19,25,18,43,22,-22,-17,11,10,23,6,30,21,-21,-19,6,18,24,19,38,21,-28,-16,9,22,29,13,29,20,-25,-20,27,19,31,15,31,24,-24,-18,8,18,29,17,34
43.9600,17,-24,-22,6,27,29,18,33,18,-16,-19,10,22,17,13,27,19,-20,-19,9,22,30,22,41,20,-25,-21,8,15,24,4,32,25,-23,-23,10,16,28,17,34,20,-27,-22,11,19,27,16,31,22,-24,-21,27,14,28,17,31,19,-23,-20,7,19,26,17,32
43.9800,25,-27,-21,11,23,26,21,32,18,-16,-14,12,19,17,14,30,22,-26,-22,11,18,27,19,40,22,-24,-19,11,17,24,8,31,26,-20,-20,8,16,21,18,33,22,-28,-16,9,18,31,15,25,22,-21,-19,24,17,28,19,28,16,-22,-18,9,17,23,18,29
44.0000,22,-21,-23,12,26,29,26,32,24,-19,-13,11,18,16,10,33,22,-26,-22,9,16,29,20,39,21,-24,-20,6,18,23,3,28,22,-18,-17,10,16,24,22,40,28,-27,-23,13,21,31,12,30,22,-19,-17,25,18,26,12,26,17,-23,-21,3,18,24,19,34
44.0200,16,-23,-19,12,23,29,25,37,18,-19,-19,7,16,12,13,30,20,-23,-23,11,23,26,18,41,23,-20,-16,7,19,20,6,32,18,-15,-18,8,18,25,17,36,23,-25,-16,6,21,30,15,32,21,-20,-20,29,19,25,17,29,24,-23,-16,12,14,27,14,32
44.0400,20,-22,-19,10,23,31,23,38,21,-21,-19,9,21,14,11,32,20,-16,-19,10,19,27,21,40,21,-21,-17,7,20,18,7,31,23,-19,-19,12,20,29,11,35,18,-26,-22,8,23,28,10,32,22,-23,-21,22,20,23,17,31,18,-23,-21,12,20,24,18,31
44.0600,18,-23,-19,11,25,32,18,36,24,-23,-19,5,23,17,14,33,19,-23,-21,13,24,26,22,38,21,-19,-18,9,20,23,6,30,19,-19,-18,10,18,26,12,38,22,-29,-17,4,20,28,18,30,25,-22,-17,27,16,24,15,35,22,-25,-22,11,20,22,13,33
44.0800,18,-23,-15,10,25,26,23,34,26,-12,-21,9,21,16,13,31,24,-21,-16,12,17,26,16,40,21,-20,-17,12,22,26,4,33,25,-19,-20,8,19,27,17,38,21,-27,-21,9,20,25,12,35,21,-22,-18,27,19,31,17,31,16,-22,-20,8,20,26,21,37
44.1000,20,-25,-17,13,25,32,16,35,22,-17,-20,7,19,14,13,31,20,-24,-22,10,19,26,17,44,19,-26,-18,15,20,19,10,30,25,-17,-20,10,15,30,16,32,19,-25,-20,8,17,27,17,29,20,-23,-19,24,20,25,21,30,20,-16,-17,8,20,27,16,32
44.1200,16,-23,-17,12,27,28,18,36,19,-22,-16,8,22,16,15,32,23,-21,-17,8,23,29,18,41,21,-22,-20,12,17,21,9,34,20,-18,-18,10,14,27,14,34,21,-26,-18,12,16,29,12,26,26,-20,-21,25,18,25,18,35,23,-23,-19,8,16,27,15,31
44.1400,18,-20,-21,14,25,30,19,41,25,-18,-16,9,14,19,11,30,18,-23,-17,13,18,27,20,43,19,-23,-20,14,20,21,6,32,26,-18,-21,14,18,22,17,34,21,-28,-19,9,21,28,15,35,18,-20,-17,28,18,23,16,33,18,-20,-21,10,19,28,11,31
44.1600,21,-25,-21,10,20,30,18,37,21,-20,-18,12,18,16,14,33,23,-22,-19,12,22,27,18,41,21,-25,-14,9,13,23,6,33,22,-20,-20,9,15,22,21,38,22,-28,-19,11,21,30,13,31,21,-20,-16,23,17,26,16,27,20,-23,-19,13,15,25,20,30
44.1800,23,-25,-19,8,26,28,20,35,19,-17,-19,11,21,12,12,33,20,-23,-20,9,24,28,16,43,20,-26,-22,8,13,24,4,33,24,-22,-17,11,15,23,17,36,18,-22,-19,12,19,26,14,29,21,-23,-20,27,19,28,20,32,21,-23,-23,11,22,24,21,32
44.2000,18,-24,-21,8,28,28,24,32,20,-17,-20,12,19,17,18,31,15,-21,-20,10,20,25,11,44,21,-24,-19,9,16,16,4,30,21,-19,-16,10,13,20,17,38,21,-25,-20,9,18,31,13,31,17,-23,-21,24,19,28,15,31,25,-24,-20,10,20,30,17,35
44.2200,19,-23,-18,8,22,29,20,37,25,-15,-18,9,20,19,11,28,16,-19,-20,9,25,31,19,43,21,-20,-19,12,15,26,8,32,26,-26,-16,7,18,26,14,34,20,-28,-20,10,20,32,14,32,19,-22,-21,25,16,26,18,29,29,-21,-19,8,16,28,18,32
44.2400,23,-24,-19,11,24,32,22,36,24,-19,-21,11,20,13,14,32,24,-23,-17,11,19,26,21,43,24,-23,-23,8,19,21,5,31,25,-21,-19,13,16,25,16,38,19,-28,-17,13,21,31,14,30,18,-23,-16,23,16,25,17,29,21,-21,-18,12,18,25,14,35
44.2600,23,-25,-16,6,27,30,23,36,17,-19,-18,13,16,15,14,33,22,-18,-19,8,17,27,20,42,21,-22,-16,10,17,22,3,31,24,-18,-18,14,16,25,15,38,19,-29,-20,11,24,33,13,34,20,-24,-22,23,14,24,15,32,23,-26,-18,6,20,24,20,34
44.2800,19,-22,-18,5,29,28,21,37,24,-18,-21,11,22,17,11,32,23,-21,-19,12,23,28,23,42,21,-24,-20,11,15,21,3,29,23,-20,-18,15,16,23,14,36,22,-27,-24,12,19,33,13,30,22,-18,-22,27,19,26,14,31,19,-19,-20,10,19,27,20,30
44.3000,17,-24,-20,7,25,25,18,35,20,-20,-22,13,22,16,13,29,21,-18,-20,11,20,26,20,41,23,-21,-21,13,19,21,8,31,25,-19,-25,15,15,24,19,39,21,-24,-21,8,21,27,15,30,18,-20,-22,26,22,25,20,35,25,-19,-23,10,16,29,16,28
44.3200,18,-26,-21,10,30,32,23,37,18,-18,-20,15,23,20,12,31,24,-22,-13,12,24,28,15,42,22,-24,-22,11,19,21,1,28,22,-19,-20,14,20,28,17,34,23,-24,-20,12,20,33,14,32,23,-21,-17,27,21,29,19,32,23,-23,-18,9,19,30,17,29
44.3400,17,-24,-20,3,22,26,24,34,12,-17,-19,12,20,16,16,29,22,-23,-19,10,20,24,26,42,18,-19,-14,12,22,23,1,31,21,-21,-18,14,17,24,14,35,21,-24,-18,7,21,30,18,28,25,-23,-19,28,20,27,16,32,18,-22,-18,8,18,20,15,32
44.3600,22,-24,-16,10,27,29,23,34,21,-20,-16,10,12,19,16,35,19,-19,-24,7,24,28,19,42,23,-24,-15,10,18,21,4,32,19,-21,-17,8,17,26,14,35,23,-27,-21,7,18,30,17,30,19,-22,-19,26,18,28,16,30,24,-27,-21,8,20,26,18,36
44.3800,20,-24,-17,9,27,30,16,37,23,-20,-18,12,20,17,11,33,20,-18,-17,10,21,29,18,40,24,-26,-18,10,14,23,7,32,21,-19,-14,11,18,26,13,38,25,-28,-18,7,22,33,13,33,21,-23,-18,22,16,27,12,29,19,-26,-20,9,18,26,15,39
44.4000,23,-24,-18,11,29,28,18,38,17,-18,-16,9,19,17,17,31,19,-17,-21,12,24,24,18,39,21,-24,-21,7,17,23,5,29,25,-21,-18,9,17,25,17,36,17,-27,-18,13,18,30,15,31,19,-23,-16,31,17,26,20,32,23,-20,-24,12,19,24,19,36
44.4200,18,-27,-19,8,30,29,19,37,20,-21,-19,11,20,17,14,33,21,-22,-20,10,21,24,18,43,23,-21,-19,15,17,22,4,30,23,-20,-20,10,16,27,20,39,16,-26,-19,10,24,34,12,34,19,-21,-19,27,19,26,18,32,22,-28,-19,8,15,23,16,31
44.4400,16,-22,-21,9,24,30,23,35,30,-16,-21,11,18,16,14,31,21,-25,-21,12,20,26,18,43,25,-25,-17,13,19,29,7,30,18,-19,-17,5,18,25,19,37,21,-23,-21,12,20,29,11,34,18,-23,-19,28,20,27,22,31,25,-25,-19,10,18,29,14,29
44.4600,20,-22,-20,8,23,29,16,41,22,-17,-18,15,20,15,13,32,21,-22,-18,11,18,24,20,43,26,-23,-20,13,16,23,4,35,22,-17,-17,12,17,27,18,36,18,-24,-21,7,23,29,12,33,24,-26,-25,29,16,23,19,34,22,-20,-18,10,16,27,16,34
44.4800,16,-24,-20,12,25,25,19,35,18,-15,-19,10,21,17,13,29,15,-23,-19,12,22,24,19,43,19,-27,-19,8,21,26,2,33,21,-19,-20,6,20,26,18,34,19,-25,-15,8,20,31,15,28,23,-24,-21,23,16,22,15,36,19,-21,-18,9,16,27,16,30
44.5000,19,-27,-15,9,27,26,22,38,24,-21,-19,15,20,17,12,29,21,-20,-17,11,23,26,18,43,21,-22,-19,12,22,23,6,31,23,-22,-22,13,20,26,15,35,21,-23,-17,13,24,28,13,33,21,-24,-20,26,21,29,12,34,21,-23,-14,13,20,25,24,35
44.5200,14,-27,-18,10,24,25,18,40,23,-19,-23,12,19,16,16,28,21,-21,-20,9,23,25,15,44,22,-23,-17,7,17,22,6,30,23,-19,-22,14,16,26,19,36,21,-29,-18,10,19,30,13,31,19,-19,-16,26,21,27,18,29,19,-26,-17,12,17,29,16,33
44.5400,23,-26,-21,11,25,30,22,36,23,-19,-26,12,22,18,17,34,17,-17,-15,14,18,26,26,43,20,-21,-18,10,19,21,3,32,24,-16,-20,14,15,24,16,39,18,-24,-22,12,19,31,16,31,18,-22,-18,26,23,26,18,35,22,-25,-21,10,19,27,15,29
44.5600,16,-18,-20,12,25,26,20,36,19,-17,-20,16,18,17,10,33,17,-22,-18,12,23,28,22,41,21,-22,-18,7,23,24,9,36,25,-19,-24,10,15,23,18,39,23,-26,-19,11,19,28,12,27,18,-21,-19,23,21,23,16,33,20,-22,-18,12,17,23,20,35
44.5800,20,-25,-16,9,22,31,20,35,22,-17,-21,10,18,14,13,32,23,-19,-22,13,21,26,23,43,23,-24,-17,10,20,21,3,33,30,-20,-20,11,17,26,18,34,22,-27,-22,8,20,30,17,31,20,-22,-21,28,16,27,19,35,24,-26,-19,11,22,28,12,29
44.6000,20,-26,-24,10,24,26,22,33,21,-17,-20,7,19,13,12,29,24,-24,-17,15,25,25,17,42,19,-26,-21,11,19,19,4,34,31,-20,-21,6,20,22,21,33,25,-27,-21,10,21,30,17,28,22,-24,-18,28,16,27,17,31,25,-26,-16,7,19,27,22,30
44.6200,26,-25,-19,9,27,29,21,37,19,-15,-19,10,20,15,13,28,18,-18,-23,13,20,27,19,40,20,-24,-23,11,19,25,6,31,32,-20,-16,14,19,22,17,36,22,-27,-17,11,19,31,14,29,17,-24,-21,29,20,27,15,31,17,-23,-20,6,19,26,21,31
44.6400,19,-26,-21,11,23,28,20,33,20,-20,-19,12,23,14,13,32,19,-25,-17,12,21,29,22,44,19,-27,-20,9,18,27,7,28,29,-25,-21,11,16,25,21,34,23,-29,-16,11,20,31,16,29,19,-26,-23,28,13,22,20,34,21,-24,-22,12,16,25,20,33
44.6600,19,-22,-19,13,26,31,16,38,21,-18,-20,10,21,16,14,31,17,-20,-21,13,22,26,18,38,22,-22,-22,13,19,26,3,33,31,-21,-21,14,16,24,22,38,28,-26,-16,9,22,28,14,29,21,-22,-17,27,23,24,14,34,19,-22,-16,12,22,29,13,29
44.6800,14,-28,-19,9,28,27,22,38,17,-18,-16,11,18,17,13,33,24,-18,-19,11,22,29,16,45,21,-25,-22,6,19,25,7,32,29,-22,-18,10,16,25,20,36,30,-22,-17,12,22,31,14,28,20,-24,-20,28,18,25,17,36,20,-27,-18,10,19,29,23,30
44.7000,18,-27,-22,10,23,30,18,36,26,-20,-17,9,18,15,13,31,25,-20,-19,10,21,26,16,37,22,-17,-13,11,17,23,5,35,28,-26,-20,12,15,22,17,40,26,-29,-22,10,23,30,15,29,18,-25,-20,27,21,23,18,36,22,-21,-16,12,16,23,16,33
44.7200,18,-24,-21,12,29,28,22,40,16,-15,-20,11,21,17,14,29,28,-22,-19,7,21,26,18,39,17,-21,-20,8,19,23,5,32,23,-23,-17,9,20,30,17,35,30,-28,-21,10,23,32,12,28,20,-22,-19,26,20,25,15,32,22,-21,-22,11,21,27,14,37
44.7400,16,-19,-21,11,26,25,21,36,18,-17,-17,9,18,12,17,36,23,-15,-17,14,19,26,17,41,16,-19,-14,6,20,20,8,29,27,-27,-20,13,14,29,19,40,31,-28,-17,9,22,29,15,31,24,-22,-19,28,18,24,14,31,22,-23,-18,15,16,24,20,35
44.7600,21,-23,-19,10,28,28,15,39,23,-15,-17,13,21,19,19,31,29,-22,-18,12,20,28,17,43,18,-22,-23,13,17,24,1,31,25,-26,-19,11,15,25,16,40,30,-33,-19,13,18,32,20,32,24,-24,-17,27,21,28,17,36,21,-20,-17,8,18,26,16,33
44.7800,18,-24,-18,12,23,31,18,38,20,-18,-19,11,16,13,11,34,26,-21,-20,11,18,27,21,41,14,-21,-16,7,22,24,1,31,28,-24,-19,13,14,26,17,40,28,-28,-17,12,22,30,18,33,20,-24,-20,26,18,25,16,37,21,-24,-20,8,17,25,17,32
44.8000,21,-25,-18,12,25,29,20,36,21,-16,-18,14,21,14,15,33,27,-24,-17,11,22,27,20,41,21,-22,-18,16,19,18,5,34,21,-28,-18,11,16,26,22,44,29,-33,-17,11,19,31,13,32,21,-26,-21,26,19,26,15,31,25,-24,-18,8,20,26,17,33
44.8200,18,-23,-20,14,24,26,20,35,20,-18,-17,10,19,14,13,31,28,-23,-19,11,18,30,23,40,22,-27,-17,10,21,19,7,32,22,-20,-21,12,17,27,17,42,29,-35,-19,12,24,28,17,33,25,-28,-21,27,22,32,14,32,28,-18,-22,11,19,25,15,32
44.8400,14,-23,-23,11,29,28,24,38,22,-19,-14,14,20,11,12,28,30,-28,-21,12,24,26,18,44,23,-16,-13,12,19,20,2,31,19,-25,-23,11,19,30,13,40,24,-34,-17,15,19,29,14,34,18,-19,-20,30,16,24,19,32,24,-25,-19,12,24,27,17,35
44.8600,19,-23,-19,8,24,29,19,37,17,-19,-23,12,22,13,12,34,31,-26,-18,9,19,25,20,44,26,-20,-19,9,17,23,4,30,26,-22,-17,11,19,27,10,42,25,-35,-20,10,17,29,15,34,24,-23,-16,29,19,29,17,33,21,-21,-17,9,18,27,15,33
44.8800,21,-23,-18,14,27,28,21,33,19,-17,-21,9,19,17,17,35,24,-25,-20,10,22,25,22,43,26,-21,-17,10,18,25,3,35,20,-17,-20,6,19,31,9,38,21,-32,-18,16,19,34,8,35,22,-21,-19,23,17,26,14,33,20,-21,-21,7,16,29,16,33
44.9000,21,-22,-18,12,27,33,21,37,22,-16,-19,12,19,17,14,28,22,-29,-21,11,19,25,17,43,29,-22,-21,10,14,22,3,32,19,-18,-20,14,18,27,9,36,20,-32,-18,11,17,29,11,40,21,-19,-18,28,20,26,16,33,19,-20,-18,11,16,29,19,34
44.9200,25,-27,-19,10,22,30,20,34,20,-20,-21,11,18,17,13,31,25,-26,-16,15,20,25,18,50,25,-27,-20,13,17,25,10,30,19,-14,-19,14,19,27,17,40,19,-32,-16,10,15,33,12,39,21,-22,-21,24,18,23,17,34,22,-21,-16,13,21,28,18,32
44.9400,23,-25,-16,14,29,32,22,33,23,-19,-15,14,19,15,12,27,21,-22,-15,12,21,25,20,51,28,-25,-24,13,17,20,3,37,23,-11,-18,7,27,27,13,36,24,-27,-19,10,16,33,5,37,25,-24,-17,25,21,22,17,32,22,-20,-18,12,16,25,15,30
44.9600,21,-29,-14,12,22,29,25,35,18,-15,-17,15,23,16,13,29,20,-23,-19,12,24,31,18,48,25,-29,-20,14,14,18,4,34,21,-10,-20,9,23,25,17,38,18,-30,-21,14,19,28,5,34,22,-27,-18,26,18,27,15,33,20,-22,-17,10,18,26,15,31
44.9800,21,-26,-19,10,25,30,21,38,19,-18,-21,10,21,14,15,34,18,-18,-19,9,23,26,15,50,26,-31,-20,13,18,25,8,30,26,-16,-22,11,23,28,11,35,17,-27,-17,10,23,33,7,38,26,-23,-24,28,22,24,15,33,22,-23,-16,13,21,23,23,32
45.0000,24,-24,-20,12,26,28,19,38,24,-19,-15,14,17,13,13,30,20,-27,-13,11,20,30,16,48,23,-29,-18,5,23,21,7,36,26,-8,-19,13,26,26,15,36,14,-23,-16,13,24,33,7,30,23,-21,-15,29,16,26,16,34,23,-19,-21,8,16,32,20,35
45.0200,25,-32,-26,10,25,30,22,36,22,-17,-18,10,19,20,15,31,14,-23,-17,10,18,27,15,47,22,-28,-21,9,18,23,4,38,29,-11,-19,11,26,26,19,31,17,-24,-16,14,25,31,3,33,25,-23,-18,31,16,26,15,31,21,-26,-22,14,15,25,19,35
45.0400,24,-33,-16,13,21,28,25,43,22,-18,-20,12,19,14,15,32,14,-22,-17,10,24,30,16,47,22,-30,-17,11,18,27,0,37,30,-11,-21,13,23,26,12,30,20,-16,-19,12,21,35,4,29,20,-26,-15,27,20,24,17,32,22,-18,-19,7,21,29,17,33
45.0600,26,-35,-19,8,22,27,17,39,27,-12,-14,12,17,15,14,28,14,-17,-19,12,23,30,14,51,20,-27,-15,10,17,28,5,38,30,-16,-17,10,22,22,20,29,16,-12,-18,9,29,28,4,23,21,-28,-18,25,24,23,17,33,19,-23,-20,7,20,28,18,35
45.0800,23,-32,-20,14,20,26,19,43,24,-19,-21,14,22,18,15,31,17,-17,-16,13,26,27,16,42,20,-28,-17,8,19,26,3,39,28,-21,-23,11,24,22,20,33,22,-12,-16,10,34,30,2,22,22,-18,-16,24,19,29,19,33,22,-21,-16,8,16,30,17,34
45.1000,23,-35,-19,11,25,29,20,41,30,-20,-19,10,22,16,18,32,12,-11,-18,11,25,27,9,41,19,-26,-22,13,19,20,3,39,30,-22,-14,11,18,21,22,35,23,-11,-19,13,29,27,8,18,22,-23,-18,33,17,26,17,36,25,-22,-16,12,17,25,16,35
45.1200,24,-30,-24,14,23,31,19,42,29,-18,-21,11,17,16,14,31,18,-15,-16,10,22,29,12,44,19,-22,-15,13,18,27,2,40,30,-24,-18,11,19,20,26,33,33,-16,-19,11,26,24,8,20,19,-19,-18,29,17,29,17,34,25,-20,-19,10,20,25,15,31
45.1400,22,-33,-18,14,24,35,15,42,27,-21,-20,16,18,17,13,35,19,-10,-16,11,27,23,12,39,13,-20,-18,16,20,21,-3,42,25,-28,-14,12,25,16,30,36,36,-20,-16,12,32,28,16,22,18,-20,-18,24,19,29,16,32,22,-21,-20,8,18,30,19,37
45.1600,22,-31,-12,11,29,33,23,45,27,-24,-15,11,22,16,14,34,24,-9,-19,13,30,26,13,34,9,-19,-17,8,22,26,-1,42,28,-34,-17,12,17,17,29,40,32,-22,-17,15,27,25,14,19,23,-25,-18,26,22,26,18,33,26,-22,-22,8,20,24,16,35
45.1800,12,-32,-21,12,25,25,16,45,29,-25,-13,13,19,15,17,34,22,-10,-15,11,29,24,16,29,9,-17,-16,12,20,26,-5,35,29,-30,-18,11,10,17,27,36,36,-27,-17,7,28,25,16,19,19,-23,-16,26,18,25,19,34,24,-24,-20,12,23,27,18,27
45.2000,12,-29,-20,11,27,30,13,45,29,-24,-20,8,20,14,15,33,29,-16,-19,14,29,24,16,33,13,-12,-14,8,24,29,-5,34,22,-28,-16,13,11,17,28,42,39,-27,-21,9,22,18,22,21,24,-25,-24,27,21,27,17,31,26,-20,-17,12,20,33,14,35
45.2200,18,-23,-21,7,28,31,11,44,30,-27,-13,12,17,17,17,32,30,-11,-18,12,31,23,20,34,10,-10,-21,11,26,26,-7,35,22,-34,-18,15,9,18,23,45,39,-37,-18,12,21,20,24,25,24,-26,-17,29,21,25,14,36,22,-21,-18,9,19,27,15,31
45.2400,9,-24,-19,9,24,30,10,44,33,-31,-13,14,14,16,13,38,30,-20,-18,12,28,22,26,31,13,-9,-20,14,24,24,-11,27,22,-27,-16,14,8,22,22,48,36,-39,-18,14,20,20,28,26,21,-22,-16,30,17,25,18,35,23,-22,-16,8,19,29,16,32
45.2600,6,-15,-18,10,28,27,11,39,25,-29,-22,12,15,13,18,41,28,-22,-14,12,27,23,24,37,17,-10,-14,10,27,27,0,28,20,-25,-18,15,8,25,19,48,35,-39,-18,16,18,16,30,32,22,-19,-18,27,16,26,17,35,23,-23,-16,8,16,29,19,32
45.2800,11,-13,-19,9,33,30,6,40,24,-31,-18,17,15,18,16,40,26,-22,-16,15,25,20,26,36,21,-9,-23,11,26,24,-3,23,22,-22,-14,14,0,25,14,47,31,-43,-22,13,14,18,29,33,22,-24,-16,31,23,26,13,36,24,-20,-14,10,19,25,20,30
45.3000,12,-17,-18,15,33,33,13,36,25,-32,-14,11,18,19,16,39,26,-28,-19,13,22,14,29,38,22,-11,-17,12,28,17,0,22,19,-20,-14,12,11,27,8,46,26,-45,-13,13,13,14,23,43,21,-21,-22,31,18,27,16,34,24,-24,-16,10,17,28,19,38
45.3200,10,-10,-17,11,32,29,14,28,18,-30,-22,13,15,16,12,40,26,-35,-15,14,17,18,31,40,27,-11,-21,12,26,18,-1,16,19,-22,-18,15,13,32,8,48,22,-44,-19,12,4,20,20,40,21,-25,-21,32,18,34,13,34,25,-20,-19,13,16,27,19,36
45.3400,14,-9,-16,13,34,33,16,32,14,-25,-21,14,18,16,14,43,25,-40,-14,15,10,18,30,45,31,-17,-19,10,25,18,7,19,19,-12,-21,10,16,33,8,43,19,-41,-15,13,7,22,24,41,22,-24,-20,25,22,28,15,30,22,-23,-21,11,23,23,17,32
45.3600,19,-14,-19,11,38,29,9,27,13,-20,-17,14,16,21,5,43,23,-36,-14,12,9,17,30,46,35,-20,-13,11,27,19,8,25,20,-13,-17,11,19,35,6,40,18,-35,-22,7,8,29,15,44,22,-24,-15,31,21,27,14,34,22,-27,-18,10,19,30,15,36
45.3800,25,-15,-23,7,34,29,18,23,7,-16,-23,14,24,18,7,41,21,-37,-22,11,9,21,28,51,31,-28,-15,13,26,16,11,22,19,-11,-20,13,21,37,1,39,13,-32,-16,11,8,32,8,46,24,-21,-17,38,16,24,17,31,19,-23,-22,10,17,27,17,34
45.4000,25,-13,-20,11,32,28,20,25,6,-12,-18,12,23,18,3,40,16,-35,-20,16,8,22,23,55,35,-32,-16,12,18,16,14,28,20,-6,-20,11,24,40,2,38,13,-29,-16,15,13,35,3,44,27,-26,-20,32,18,26,12,34,19,-21,-15,7,15,31,16,36
45.4200,28,-22,-19,7,29,23,27,28,10,-10,-19,13,22,16,3,40,16,-30,-17,12,8,24,19,55,36,-35,-13,14,17,18,17,26,19,-9,-20,9,25,40,4,28,9,-25,-15,14,14,35,0,49,18,-25,-14,31,22,29,19,30,23,-25,-19,14,17,24,13,40
45.4400,29,-27,-16,13,27,23,27,25,7,-6,-21,14,25,18,5,35,11,-31,-16,13,10,30,16,56,34,-35,-17,13,10,10,22,35,23,-10,-18,13,33,40,6,26,11,-20,-21,11,15,41,-4,39,21,-25,-17,28,22,28,17,37,20,-18,-17,9,17,28,15,37
45.4600,33,-31,-23,14,30,18,28,31,12,-3,-18,14,29,18,7,35,12,-27,-17,15,11,35,10,58,31,-43,-20,16,10,17,17,38,24,-12,-19,14,31,38,13,29,7,-15,-17,11,20,46,-8,37,26,-24,-21,30,20,21,15,34,23,-24,-18,14,19,28,20,32
45.4800,32,-37,-17,12,24,16,31,34,12,-3,-19,13,32,16,4,29,3,-21,-18,12,14,37,7,58,23,-41,-18,10,7,12,15,46,23,-8,-15,13,29,34,15,27,15,-8,-17,12,31,50,-10,32,21,-25,-19,30,16,28,13,32,23,-21,-19,10,16,25,18,39
45.5000,30,-46,-18,11,20,15,32,32,15,2,-18,13,33,13,9,23,9,-15,-16,14,20,34,1,56,20,-43,-18,11,8,15,10,48,26,-11,-21,12,26,30,22,20,17,-8,-21,10,34,48,-7,31,18,-23,-19,26,20,28,17,34,19,-21,-16,15,15,26,15,32
45.5200,26,-41,-17,14,18,17,34,36,12,-3,-15,12,29,11,6,18,4,-5,-20,11,25,37,5,51,14,-36,-22,13,0,20,8,51,28,-20,-16,12,25,26,28,21,11,0,-17,12,38,49,-7,19,18,-21,-17,30,18,28,15,37,26,-23,-18,9,17,27,11,34
45.5400,21,-39,-18,13,18,18,35,46,24,-5,-17,14,28,13,16,19,2,-8,-20,11,26,41,0,43,10,-34,-21,13,4,24,8,53,30,-17,-16,16,21,21,36,23,19,0,-19,16,36,45,-2,16,27,-26,-15,33,23,26,17,32,22,-20,-16,7,18,29,12,39
45.5600,19,-41,-17,11,8,17,27,48,25,-10,-19,10,29,12,14,16,9,3,-18,14,33,45,-1,41,5,-29,-16,10,2,27,-2,52,31,-21,-18,14,23,14,36,24,23,-2,-21,12,43,43,9,13,25,-23,-16,28,23,25,16,36,22,-23,-17,13,20,29,14,35
45.5800,14,-43,-18,13,7,23,23,52,27,-10,-15,12,28,10,19,19,5,6,-20,9,35,45,4,36,2,-18,-20,14,12,28,-8,52,32,-27,-18,12,13,11,41,23,25,-10,-20,13,39,32,13,7,26,-20,-19,31,15,30,12,32,23,-18,-18,9,20,29,18,37
45.6000,7,-37,-16,12,8,27,25,55,33,-19,-19,9,23,8,28,14,15,4,-19,10,39,40,7,26,-6,-9,-15,15,16,35,-17,51,36,-32,-16,12,4,7,46,28,35,-14,-21,14,36,25,23,5,23,-19,-17,28,18,32,16,29,19,-21,-19,14,17,27,13,34
45.6200,5,-33,-15,13,11,29,15,52,33,-29,-22,10,19,4,25,18,19,5,-17,12,41,37,11,20,-4,-3,-17,9,21,35,-18,42,43,-34,-15,9,6,5,44,32,39,-18,-20,13,33,22,32,4,23,-24,-18,29,22,28,18,40,25,-19,-19,9,21,27,16,33
45.6400,3,-28,-22,13,14,34,11,52,42,-31,-17,10,12,1,34,22,22,3,-16,14,37,36,17,15,-7,4,-15,11,21,42,-17,38,42,-40,-19,14,5,2,36,39,49,-26,-19,15,25,15,42,8,23,-23,-20,31,21,28,14,35,18,-24,-18,9,20,27,14,34
45.6600,4,-19,-14,13,16,40,0,49,41,-36,-20,14,10,-5,30,28,30,-4,-19,12,35,24,26,9,-2,7,-14,12,31,43,-17,28,41,-48,-17,9,-4,8,34,47,49,-36,-18,15,14,5,47,13,22,-23,-13,26,17,25,20,30,22,-18,-13,8,22,24,13,34
45.6800,4,-7,-16,12,19,42,5,46,39,-49,-19,10,2,-1,29,36,36,-11,-20,12,25,17,39,16,4,12,-15,16,37,41,-15,20,39,-48,-18,12,3,10,25,48,50,-43,-18,18,12,0,45,16,25,-25,-20,34,21,29,18,33,24,-21,-17,8,20,26,15,36
45.7000,7,-7,-24,13,26,43,3,39,35,-50,-19,11,6,5,30,46,45,-16,-17,11,22,12,45,14,12,12,-21,15,37,40,-8,8,38,-45,-17,9,8,14,17,59,53,-55,-18,11,6,-2,45,26,27,-24,-18,36,19,26,9,38,25,-28,-17,11,22,27,16,35
45.7200,8,-3,-19,17,31,50,-1,33,27,-50,-18,12,2,2,29,47,50,-29,-17,11,18,12,50,16,30,11,-18,16,34,35,1,3,34,-47,-14,19,11,21,2,64,53,-60,-14,11,1,2,40,38,23,-21,-19,31,17,28,13,35,20,-27,-15,9,17,26,16,33
45.7400,18,-1,-16,15,38,45,3,31,21,-49,-17,14,5,7,20,56,53,-38,-11,14,13,2,47,27,37,2,-20,12,36,31,8,-2,27,-37,-14,12,14,27,-7,72,49,-64,-18,12,-2,1,35,50,23,-30,-18,30,18,32,16,32,23,-23,-18,14,18,29,19,35
45.7600,25,-6,-12,11,36,47,7,21,9,-39,-20,10,-5,12,17,57,56,-49,-15,12,3,-1,56,39,47,-13,-16,16,34,22,20,-1,17,-34,-16,16,20,38,-14,70,42,-66,-17,11,1,9,23,62,24,-22,-16,29,17,28,15,32,20,-23,-14,13,19,27,15,39
45.7800,34,-6,-20,15,39,43,17,17,3,-40,-20,20,-5,19,9,61,60,-62,-20,12,-1,0,46,50,53,-26,-21,20,30,22,23,1,15,-26,-17,21,32,51,-21,67,36,-71,-16,11,1,13,14,72,24,-21,-15,31,11,31,14,36,21,-18,-15,12,18,29,18,33
45.8000,43,-17,-17,13,37,38,21,15,-4,-23,-16,12,4,26,4,56,47,-64,-17,13,-2,4,40,62,63,-36,-20,16,18,16,32,10,10,-14,-21,14,34,55,-27,69,24,-59,-18,13,6,25,1,75,24,-24,-14,28,19,23,14,37,21,-23,-20,10,18,25,9,37
45.8200,41,-24,-22,14,36,39,29,16,-9,-14,-18,11,11,33,0,57,45,-70,-19,11,0,11,30,69,63,-53,-16,18,9,5,45,16,9,-6,-17,9,39,58,-31,62,15,-47,-21,15,10,32,-21,78,21,-19,-16,27,18,21,15,29,23,-22,-16,13,15,26,16,32
45.8400,48,-32,-15,17,30,28,39,15,-11,-2,-16,11,20,40,-6,48,32,-66,-19,10,-2,16,18,85,66,-64,-15,15,-2,4,38,32,1,6,-22,12,44,59,-24,57,4,-33,-11,17,20,51,-32,84,24,-25,-14,31,17,26,14,33,22,-24,-16,11,13,31,14,31
45.8600,50,-42,-18,11,26,22,38,23,-13,9,-18,14,23,37,-14,37,21,-60,-20,11,5,29,5,92,61,-74,-18,15,-2,0,40,41,8,14,-19,15,50,60,-24,40,-7,-17,-18,15,29,61,-44,74,24,-22,-13,30,15,26,20,38,23,-21,-19,13,15,29,15,34
45.8800,49,-51,-18,15,16,16,43,27,-11,13,-17,15,33,42,-12,28,9,-53,-17,18,15,40,-12,100,50,-80,-17,15,-7,1,30,55,19,15,-18,16,49,53,-8,21,-7,-2,-17,14,43,66,-46,65,22,-22,-19,32,20,26,15,38,24,-25,-13,13,18,25,15,40
45.9000,51,-56,-16,12,15,9,44,41,2,20,-18,14,34,40,-3,18,-4,-33,-13,16,23,48,-24,99,42,-78,-14,11,-7,5,17,70,26,12,-19,13,45,41,0,7,-10,11,-17,13,53,69,-51,52,18,-22,-16,28,17,27,14,36,22,-19,-16,7,20,27,16,34
45.9200,45,-59,-18,15,21,8,38,49,9,22,-14,6,32,40,5,6,-17,-17,-19,13,28,60,-39,92,29,-75,-9,15,-5,14,6,86,39,3,-19,17,37,34,15,2,-4,21,-17,12,58,67,-45,35,21,-30,-18,29,17,31,15,33,28,-23,-23,15,18,26,16,36
45.9400,36,-64,-14,11,16,9,27,58,33,14,-17,13,37,32,11,-4,-23,2,-17,15,40,70,-44,83,12,-71,-14,10,6,23,-11,98,43,-6,-19,13,37,18,37,-8,6,26,-15,12,62,63,-35,20,19,-25,-16,28,17,26,12,37,22,-26,-17,14,14,23,15,35
45.9600,28,-62,-15,17,18,14,21,70,39,6,-17,15,36,23,22,-7,-20,16,-16,16,55,71,-53,67,-5,-54,-19,12,8,35,-30,101,49,-19,-18,17,26,2,55,-7,15,25,-16,13,63,55,-19,-1,25,-22,-12,35,18,25,17,37,23,-25,-19,10,18,23,13,36
45.9800,14,-57,-16,14,21,18,5,80,55,-12,-18,15,34,13,33,-7,-21,31,-18,15,61,64,-44,50,-24,-33,-17,15,23,39,-48,94,52,-31,-16,14,8,-14,68,-4,28,21,-13,16,61,42,2,-15,25,-24,-12,32,18,27,14,32,26,-20,-18,16,17,25,16,34
46.0000,-1,-47,-16,14,33,27,-9,85,66,-25,-19,15,27,3,39,-4,-13,34,-16,13,71,62,-40,30,-33,-11,-20,13,42,55,-59,95,55,-48,-18,12,-7,-26,84,2,42,7,-17,15,48,26,22,-25,21,-20,-14,32,16,27,17,34,21,-23,-18,11,20,25,13,38
46.0200,-17,-31,-15,15,35,27,-17,85,73,-46,-13,13,23,1,53,5,-3,40,-15,16,66,50,-16,11,-46,17,-18,15,53,59,-65,76,51,-58,-17,14,-18,-31,85,15,54,-14,-15,12,36,3,52,-30,23,-24,-10,31,20,28,13,35,21,-23,-14,13,18,27,20,34
46.0400,-26,-11,-16,16,40,36,-25,83,79,-62,-18,12,16,-6,53,23,9,31,-18,16,67,30,0,-5,-46,34,-17,17,62,67,-73,59,39,-68,-14,15,-30,-33,84,29,65,-29,-18,16,21,-18,74,-23,22,-22,-13,29,17,27,14,37,22,-28,-21,9,16,30,18,35
46.0600,-28,3,-18,14,49,47,-37,69,72,-74,-17,16,6,-12,47,41,20,18,-13,12,56,11,24,-11,-38,47,-18,14,69,61,-71,35,37,-66,-16,18,-34,-22,70,44,68,-52,-16,17,3,-27,87,-12,20,-26,-17,30,20,26,13,37,22,-20,-16,13,16,29,12,33
46.0800,-25,19,-16,14,50,47,-47,55,62,-87,-21,9,6,-15,41,54,38,4,-14,12,41,-11,49,-17,-22,56,-17,14,73,57,-58,14,26,-61,-15,12,-36,-10,48,58,69,-66,-19,12,-20,-36,93,2,25,-21,-13,31,20,28,12,37,25,-24,-20,8,18,30,16,37
46.1000,-18,25,-16,11,55,49,-33,41,51,-88,-15,15,3,-7,30,79,43,-11,-12,16,28,-26,66,-17,-5,55,-17,16,75,40,-43,-11,17,-52,-14,16,-25,8,28,61,63,-76,-17,14,-31,-44,97,19,21,-22,-15,26,17,31,17,36,21,-22,-20,13,16,28,17,36
46.1200,-2,36,-14,7,52,41,-23,24,34,-83,-19,9,-1,4,16,96,50,-27,-14,13,9,-42,88,-5,18,48,-18,13,72,23,-18,-29,4,-38,-19,19,-3,22,2,66,52,-80,-14,16,-39,-33,82,34,22,-22,-16,29,18,27,19,33,20,-19,-19,13,15,31,13,34
46.1400,17,32,-13,13,58,40,-14,8,14,-77,-17,10,6,15,-2,106,48,-38,-17,13,-9,-46,89,2,41,29,-18,13,57,3,11,-40,-9,-23,-18,15,17,42,-20,65,41,-77,-19,16,-41,-20,62,51,21,-17,-16,28,20,28,15,35,23,-24,-16,12,18,23,15,38
46.1600,38,19,-17,11,47,29,5,-9,-3,-61,-16,15,12,25,-22,108,42,-52,-19,14,-25,-48,95,13,64,5,-15,12,46,-14,35,-42,-18,-9,-17,16,35,61,-38,64,24,-75,-19,10,-31,-7,37,60,20,-23,-16,34,18,31,17,34,24,-25,-15,13,20,25,16,34
46.1800,57,4,-21,17,47,19,22,-17,-19,-38,-17,13,22,37,-41,109,38,-57,-17,11,-29,-45,84,25,75,-20,-14,15,23,-34,61,-42,-28,10,-18,13,57,68,-45,49,3,-54,-16,17,-12,14,10,71,25,-19,-13,27,16,27,14,37,25,-23,-15,13,19,25,15,33
46.2000,68,-20,-14,14,34,5,44,-17,-32,-12,-17,15,32,51,-57,104,24,-57,-18,11,-37,-35,75,38,85,-43,-22,17,5,-46,79,-24,-28,24,-16,13,74,82,-44,40,-14,-37,-22,18,-1,34,-13,73,25,-25,-13,30,24,30,16,39,23,-23,-15,16,17,23,15,32
46.2200,80,-42,-15,13,22,-2,63,-18,-32,2,-16,13,43,56,-62,79,15,-52,-20,15,-34,-9,58,45,77,-66,-17,15,-17,-51,95,-16,-23,34,-19,13,81,80,-40,30,-27,-21,-19,15,25,56,-36,66,25,-21,-15,34,24,26,15,37,20,-22,-15,14,14,26,11,34
46.2400,74,-56,-16,10,8,-16,76,-7,-32,22,-18,16,55,60,-68,62,1,-41,-20,13,-24,9,40,57,72,-77,-16,17,-38,-54,98,2,-12,37,-16,16,69,73,-21,13,-36,4,-19,14,50,68,-45,58,26,-19,-14,33,15,27,16,35,22,-23,-18,15,16,26,16,36
46.2600,59,-67,-13,16,-7,-26,89,9,-30,34,-15,11,70,47,-62,37,-5,-35,-16,16,-14,31,22,60,58,-84,-21,16,-52,-46,92,20,3,37,-14,16,63,62,-2,7,-36,17,-17,13,64,81,-51,46,23,-22,-15,33,14,29,19,37,23,-20,-15,12,18,28,14,39
46.2800,47,-72,-15,16,-22,-31,92,13,-15,40,-15,11,78,37,-52,11,-14,-18,-17,14,-5,51,10,61,29,-87,-16,15,-56,-32,81,38,22,34,-18,11,42,62,20,-4,-30,32,-14,14,71,87,-51,36,23,-23,-15,32,17,29,15,34,21,-23,-15,13,23,22,13,39
46.3000,29,-69,-19,16,-29,-28,88,28,-8,40,-17,15,81,21,-34,-5,-17,-11,-18,13,9,74,1,65,12,-72,-14,15,-58,-11,66,54,40,18,-17,14,14,49,45,-3,-25,42,-9,14,68,92,-39,20,24,-23,-19,31,19,27,14,31,20,-26,-21,11,18,29,14,36
46.3200,3,-55,-16,8,-36,-18,78,37,0,39,-16,18,76,-3,-6,-27,-13,-1,-15,14,16,95,-7,62,-9,-59,-20,12,-51,8,44,61,64,-2,-17,16,-9,42,59,0,-6,50,-15,16,59,90,-23,7,26,-26,-12,31,18,23,13,38,20,-24,-19,12,13,24,17,35
46.3400,-21,-48,-15,13,-37,-7,65,45,4,35,-11,15,62,-25,18,-46,-3,7,-15,14,19,113,-10,60,-28,-38,-15,12,-34,34,19,71,83,-28,-18,10,-31,40,80,10,19,34,-16,17,44,88,-4,3,24,-25,-13,33,18,24,12,39,25,-24,-21,17,16,25,18,35
46.3600,-34,-27,-16,15,-29,14,46,44,11,31,-18,15,48,-48,50,-54,6,8,-18,13,20,125,-12,53,-38,-22,-18,15,-23,64,-2,67,98,-48,-12,18,-50,38,87,23,42,24,-21,13,26,80,20,-5,19,-20,-12,29,16,32,16,34,22,-20,-17,16,18,29,16,33
46.3800,-46,-10,-13,17,-23,30,34,43,15,20,-16,16,32,-68,80,-71,23,9,-15,15,19,131,-12,61,-41,-1,-17,18,-9,91,-23,66,110,-76,-16,15,-52,34,82,44,65,4,-19,15,10,72,38,0,24,-29,-18,29,18,25,11,37,20,-19,-17,15,13,29,14,34
46.4000,-45,8,-16,12,-7,56,16,39,18,14,-17,12,3,-86,107,-76,46,0,-13,13,13,131,-8,56,-41,11,-13,14,8,113,-36,61,120,-102,-17,18,-54,33,72,69,84,-25,-16,16,-6,58,52,5,24,-24,-14,30,17,26,15,35,21,-18,-17,17,18,28,13,35
46.4200,-36,22,-17,13,7,78,4,38,20,1,-15,12,-19,-95,125,-71,68,-14,-11,18,12,127,-2,59,-23,31,-10,13,23,140,-52,58,116,-117,-17,14,-39,28,54,85,113,-51,-17,12,-16,43,59,20,21,-25,-10,30,16,29,14,36,25,-26,-20,13,17,28,12,35
46.4400,-25,27,-11,14,16,101,-5,33,18,-12,-15,14,-45,-91,141,-61,86,-35,-14,16,17,115,0,64,-11,32,-15,13,41,149,-59,51,105,-125,-17,12,-22,27,24,107,126,-78,-20,17,-25,36,60,42,26,-22,-16,29,14,27,15,34,24,-20,-17,13,13,27,17,40
46.4600,4,21,-18,12,23,126,-9,32,22,-22,-20,15,-68,-75,147,-44,102,-50,-16,15,22,98,2,70,27,27,-19,11,44,155,-51,47,85,-127,-11,16,6,29,0,120,128,-105,-13,17,-29,20,55,59,26,-20,-13,29,18,25,17,34,25,-22,-18,19,18,30,13,37
46.4800,27,11,-13,19,28,140,-11,37,23,-37,-15,15,-88,-48,147,-24,106,-73,-22,16,22,70,6,80,51,20,-16,14,47,151,-47,40,59,-110,-17,19,31,28,-33,129,123,-119,-11,16,-21,10,46,81,24,-24,-18,35,18,29,15,39,24,-23,-15,12,15,29,13,36
46.5000,58,-10,-17,15,33,147,-7,44,24,-52,-17,14,-99,-15,128,2,101,-91,-17,12,28,42,1,90,80,-8,-14,15,43,141,-36,45,21,-85,-20,16,64,20,-62,124,104,-123,-18,18,-2,0,23,97,27,-24,-16,32,16,28,14,35,24,-20,-15,14,19,30,15,36
46.5200,93,-33,-16,14,26,149,-8,54,29,-60,-19,15,-104,32,109,38,96,-95,-13,18,45,16,-7,101,109,-29,-16,15,47,116,-29,49,-18,-49,-20,21,89,22,-92,107,72,-118,-12,18,18,-9,-5,109,23,-23,-19,35,13,31,18,39,23,-23,-13,13,18,27,13,36
46.5400,118,-52,-18,8,24,141,-5,68,35,-64,-16,15,-100,79,80,67,60,-93,-16,13,54,-15,-15,104,128,-62,-18,12,45,90,-19,58,-69,-7,-19,19,124,7,-101,73,34,-92,-24,18,48,-17,-36,113,17,-23,-16,33,16,29,13,33,22,-23,-15,12,14,26,19,37
46.5600,137,-83,-17,14,23,121,-6,84,46,-65,-14,16,-85,129,46,92,22,-73,-15,17,73,-40,-37,101,128,-86,-16,21,41,54,-18,69,-103,44,-13,13,137,-4,-96,38,-15,-67,-12,13,68,-19,-53,101,27,-21,-17,29,18,30,16,37,24,-23,-13,17,16,30,17,34
46.5800,140,-106,-17,18,22,101,-8,97,59,-74,-15,12,-70,169,10,113,-17,-46,-19,18,87,-62,-41,85,122,-100,-16,17,43,15,-17,85,-143,83,-15,16,144,-25,-75,-13,-59,-16,-15,18,96,-28,-74,71,23,-22,-14,25,14,27,17,32,21,-22,-17,14,19,27,17,35
46.6000,129,-123,-19,16,30,72,-18,110,78,-80,-18,13,-44,208,-25,133,-65,-5,-15,17,98,-75,-44,67,98,-107,-14,11,49,-19,-24,94,-155,120,-15,15,130,-46,-40,-60,-102,30,-17,15,116,-32,-80,37,25,-25,-17,29,17,26,15,37,22,-17,-16,15,17,30,12,35
46.6200,106,-123,-19,12,49,40,-26,125,99,-84,-16,10,-8,233,-55,145,-106,39,-18,16,105,-92,-38,32,53,-88,-17,17,56,-53,-29,95,-157,147,-16,16,105,-61,10,-101,-134,74,-20,15,122,-34,-65,-12,20,-21,-9,33,15,29,17,35,17,-27,-17,15,17,27,16,35
46.6400,67,-111,-19,19,61,5,-35,125,115,-88,-19,12,23,244,-84,156,-139,77,-19,13,107,-93,-29,-9,3,-71,-20,19,68,-75,-29,86,-144,153,-15,13,62,-80,67,-128,-147,108,-14,19,116,-47,-34,-54,23,-21,-14,34,18,25,16,37,19,-21,-17,15,18,24,15,34
46.6600,9,-84,-15,11,85,-22,-51,117,119,-95,-15,16,52,231,-108,157,-155,110,-18,12,92,-97,-4,-48,-46,-35,-16,13,79,-93,-41,67,-106,139,-19,18,6,-76,120,-144,-143,132,-15,20,94,-56,6,-88,24,-26,-15,37,22,27,13,39,17,-23,-20,15,19,23,12,32
46.6800,-42,-45,-15,17,102,-55,-53,94,111,-99,-15,16,82,206,-116,156,-148,121,-18,16,68,-96,30,-73,-95,18,-14,15,85,-112,-37,40,-55,101,-20,15,-50,-68,171,-138,-123,135,-17,16,59,-55,49,-115,24,-25,-13,34,17,29,14,37,21,-21,-12,11,16,28,11,32
46.7000,-92,2,-17,16,115,-78,-53,57,101,-92,-18,13,114,149,-130,148,-128,128,-14,18,35,-89,67,-95,-134,54,-17,16,89,-111,-36,4,11,57,-20,13,-109,-39,194,-113,-86,116,-17,13,10,-56,101,-123,22,-23,-13,31,17,27,15,32,21,-24,-17,18,19,24,18,35
46.7200,-139,50,-15,16,120,-101,-45,21,75,-86,-11,13,138,91,-133,133,-81,104,-14,16,-1,-65,104,-101,-153,91,-19,17,78,-110,-18,-37,82,-5,-19,19,-151,2,202,-66,-26,82,-13,17,-39,-37,132,-113,21,-24,-16,36,13,26,14,38,24,-26,-10,14,21,26,15,35
46.7400,-162,93,-14,16,116,-116,-28,-16,26,-62,-17,12,161,17,-119,111,-30,71,-15,15,-41,-39,135,-87,-153,112,-17,18,64,-101,3,-68,152,-73,-17,16,-173,53,188,-4,38,27,-17,19,-84,-13,159,-80,19,-27,-12,35,17,26,16,39,23,-25,-15,16,17,24,16,38
46.7600,-166,123,-17,18,99,-118,1,-60,-25,-28,-18,18,173,-53,-109,80,31,25,-17,17,-80,-9,151,-58,-130,122,-14,15,44,-86,33,-87,197,-131,-19,18,-180,104,151,52,98,-31,-17,17,-122,20,161,-35,24,-24,-13,33,12,27,14,36,20,-22,-19,14,17,28,10,36
46.7800,-143,131,-15,16,82,-119,25,-92,-71,16,-18,18,179,-120,-85,47,88,-27,-15,12,-112,34,150,-18,-88,107,-19,18,16,-64,53,-96,237,-178,-15,14,-150,153,95,117,156,-89,-17,15,-143,64,150,15,22,-23,-18,34,18,25,16,35,21,-25,-15,16,15,25,11,35
46.8000,-110,120,-16,13,56,-107,60,-108,-111,52,-16,13,172,-174,-58,4,138,-80,-19,19,-125,72,131,33,-34,74,-13,20,-10,-36,76,-92,257,-214,-13,18,-111,186,39,169,202,-135,-16,14,-141,102,113,73,28,-23,-15,32,14,29,13,34,20,-19,-13,15,20,25,10,38
46.8200,-58,100,-15,15,22,-89,85,-107,-139,83,-20,17,157,-215,-18,-40,176,-126,-19,14,-130,113,109,79,20,38,-14,21,-35,-1,87,-71,252,-225,-14,14,-57,201,-21,209,230,-173,-14,17,-127,142,68,126,26,-24,-18,33,17,24,12,37,23,-21,-14,18,20,32,16,35
46.8400,4,59,-17,16,-7,-55,104,-92,-146,107,-19,19,128,-247,14,-75,195,-155,-9,15,-108,145,71,126,76,-7,-17,16,-53,28,92,-33,228,-227,-14,18,7,200,-75,226,237,-198,-18,16,-88,163,15,170,22,-22,-12,35,12,25,14,36,22,-22,-15,14,18,25,13,33
46.8600,58,10,-11,15,-33,-24,115,-64,-138,116,-16,17,90,-249,53,-95,201,-176,-15,14,-88,166,31,154,122,-58,-19,15,-73,65,87,2,188,-205,-17,14,66,180,-114,228,223,-199,-12,21,-41,175,-31,190,22,-22,-9,35,15,27,12,40,23,-20,-14,14,22,24,15,37
46.8800,108,-38,-17,17,-54,12,112,-28,-108,109,-14,18,50,-231,84,-110,193,-177,-19,19,-50,170,-10,177,154,-98,-15,18,-78,96,71,41,142,-171,-16,16,111,137,-138,215,196,-190,-18,20,13,164,-70,198,21,-22,-17,31,23,27,16,34,27,-23,-17,18,18,25,15,36
46.9000,142,-77,-15,19,-71,56,111,6,-71,84,-20,15,9,-200,111,-100,166,-166,-18,12,-12,159,-43,179,174,-126,-15,15,-74,119,60,78,89,-127,-12,20,149,92,-149,186,159,-165,-16,19,60,140,-99,196,27,-20,-12,35,19,32,15,36,23,-23,-12,16,14,25,16,35
46.9200,160,-111,-20,17,-82,84,105,44,-28,54,-13,19,-27,-149,120,-87,136,-145,-14,12,23,134,-65,176,171,-139,-14,18,-71,130,37,105,34,-83,-15,18,162,43,-135,143,112,-131,-15,14,100,105,-116,170,19,-25,-14,30,11,30,18,34,21,-21,-15,17,15,28,15,37
46.9400,161,-130,-13,14,-91,111,91,80,18,17,-17,18,-55,-98,127,-63,95,-117,-15,18,60,106,-82,159,154,-143,-16,15,-62,137,23,124,-9,-36,-18,11,159,-3,-120,110,69,-98,-15,20,126,61,-121,144,19,-21,-13,30,21,29,17,38,23,-21,-17,15,16,27,16,35
46.9600,146,-135,-15,17,-90,130,77,103,57,-17,-18,17,-81,-36,121,-27,53,-90,-19,21,80,74,-84,132,138,-137,-16,19,-49,127,3,132,-54,4,-14,12,149,-41,-91,70,22,-53,-15,15,136,24,-107,111,24,-24,-12,31,14,26,14,37,21,-21,-15,14,15,26,17,39
46.9800,125,-134,-13,14,-86,136,64,115,92,-54,-12,15,-85,17,106,10,15,-51,-17,18,94,45,-74,105,114,-115,-17,21,-31,116,-9,125,-82,43,-19,18,129,-66,-62,26,-17,-15,-16,19,140,-12,-91,75,25,-25,-14,34,17,25,15,36,19,-23,-19,18,16,25,11,35
47.0000,106,-120,-17,17,-83,136,53,120,105,-72,-12,16,-93,64,96,31,-17,-27,-17,18,97,22,-66,80,85,-97,-15,19,-19,104,-20,118,-105,72,-15,17,102,-74,-29,-9,-49,16,-14,13,126,-34,-73,42,20,-20,-14,35,18,30,13,36,22,-22,-16,12,17,24,18,34
47.0200,82,-107,-14,18,-67,139,34,117,116,-87,-13,19,-88,104,73,51,-45,11,-15,19,100,5,-50,52,51,-76,-17,20,-8,92,-28,107,-112,89,-17,16,78,-74,-1,-37,-75,45,-14,13,107,-45,-51,12,14,-20,-12,35,18,29,16,35,19,-24,-18,10,19,28,13,38
47.0400,53,-88,-16,17,-57,131,17,114,109,-94,-17,19,-86,128,67,69,-67,33,-10,20,96,-6,-37,35,24,-58,-19,17,11,78,-31,92,-103,94,-13,12,53,-66,29,-56,-88,67,-14,14,89,-47,-22,-10,20,-21,-18,30,13,23,14,39,23,-22,-16,16,21,26,16,40
47.0600,39,-68,-18,13,-31,128,0,101,106,-91,-15,18,-80,138,58,66,-79,51,-12,16,87,-9,-24,15,-1,-34,-14,16,23,74,-37,82,-93,94,-16,15,35,-51,52,-67,-86,80,-11,17,72,-41,-2,-36,21,-19,-14,31,17,28,10,37,22,-21,-18,13,19,31,16,36
47.0800,16,-49,-16,14,-6,126,-19,90,90,-85,-20,20,-75,145,59,68,-83,58,-13,20,78,-4,-12,1,-19,-15,-19,15,35,73,-48,63,-75,76,-17,18,15,-35,63,-69,-82,79,-10,14,52,-39,14,-47,19,-21,-13,36,14,26,12,38,25,-23,-17,17,20,28,17,36
47.1000,7,-38,-17,13,24,127,-30,79,75,-73,-14,20,-77,146,56,65,-79,61,-12,15,64,0,-2,-11,-31,-1,-15,18,60,68,-57,51,-44,64,-17,17,0,-16,72,-67,-71,75,-18,13,43,-28,34,-59,17,-17,-13,30,11,25,19,31,19,-27,-16,17,17,29,12,34
47.1200,-5,-27,-17,13,52,119,-53,74,61,-69,-13,17,-75,140,52,59,-69,59,-15,16,55,0,10,-16,-36,8,-18,16,70,66,-62,41,-14,41,-13,17,-11,-1,78,-47,-45,62,-12,13,28,-16,47,-54,21,-15,-15,34,16,30,16,33,24,-24,-17,18,15,24,12,35
47.1400,-5,-13,-20,18,87,109,-66,71,56,-56,-14,20,-66,131,53,61,-51,51,-12,13,50,2,16,-15,-38,19,-11,17,95,60,-70,38,11,17,-17,19,-10,3,74,-32,-27,49,-13,10,17,-12,53,-48,25,-19,-17,31,13,26,15,33,22,-20,-15,17,16,26,16,36
47.1600,-8,-8,-15,16,113,94,-80,61,35,-56,-14,17,-54,130,39,62,-31,36,-11,15,39,0,28,-10,-32,28,-14,16,105,50,-68,28,32,-5,-15,21,-17,17,65,-14,-3,26,-15,15,1,-11,58,-34,24,-21,-13,36,14,21,14,32,18,-19,-14,16,15,28,9,37
47.1800,-3,-5,-20,18,130,70,-83,52,28,-48,-14,15,-36,128,20,58,-11,21,-13,13,30,-6,36,0,-18,21,-13,18,116,32,-67,19,44,-25,-19,25,-10,25,52,12,24,6,-12,18,-1,-5,58,-25,28,-22,-18,37,16,25,19,31,26,-18,-14,16,15,23,14,36
47.2000,2,-7,-16,15,145,45,-86,43,18,-45,-14,15,-5,123,0,63,7,5,-13,14,30,-5,36,13,-7,16,-16,13,119,8,-64,15,51,-43,-12,27,-5,33,39,29,39,-12,-14,18,-5,2,52,-8,33,-22,-14,35,17,23,16,33,23,-25,-15,15,15,27,13,36
47.2200,12,-3,-15,17,156,3,-82,39,13,-41,-14,17,24,113,-26,70,23,-10,-9,16,19,-9,35,22,7,8,-9,13,115,-12,-54,12,52,-49,-15,33,3,34,22,40,51,-27,-12,19,-6,2,46,14,34,-25,-14,37,12,28,14,28,19,-20,-10,18,17,30,16,36
47.2400,24,-12,-15,14,155,-27,-76,36,13,-41,-16,16,55,105,-47,71,32,-23,-14,17,18,-16,33,37,23,-4,-14,17,105,-32,-39,13,50,-52,-17,33,8,34,13,52,57,-34,-14,22,-1,6,39,24,33,-27,-11,34,12,27,19,35,21,-19,-13,16,16,28,13,35
47.2600,27,-13,-12,19,146,-58,-55,28,13,-36,-16,17,87,94,-67,71,37,-29,-10,20,12,-19,36,46,30,-14,-16,14,93,-62,-28,16,45,-49,-17,37,22,32,7,53,57,-42,-11,27,0,9,23,37,42,-34,-14,36,13,28,17,35,26,-18,-14,14,17,30,15,38
47.2800,26,-19,-13,17,128,-81,-40,25,18,-36,-17,17,119,67,-85,78,36,-26,-12,22,6,-15,31,54,36,-20,-16,14,80,-69,-17,17,34,-38,-12,40,21,28,4,55,54,-42,-12,27,4,10,20,42,40,-35,-17,34,14,28,18,35,24,-26,-13,17,14,29,16,34
47.3000,27,-20,-14,15,114,-98,-15,26,22,-36,-16,19,134,39,-96,71,35,-31,-16,18,9,-13,28,47,37,-21,-14,16,65,-83,-8,22,20,-34,-19,36,19,28,10,46,43,-42,-16,35,7,14,15,44,42,-40,-13,38,12,31,20,36,20,-26,-12,16,16,26,16,33
47.3200,21,-19,-13,14,86,-108,-5,18,29,-35,-14,17,150,9,-97,76,29,-31,-12,24,1,-11,29,48,25,-27,-15,14,44,-88,8,22,23,-29,-17,34,14,25,17,47,40,-37,-14,36,5,21,12,45,41,-41,-17,38,12,28,20,38,26,-22,-15,19,20,27,12,36
47.3400,16,-10,-12,13,65,-113,18,15,30,-34,-13,16,156,-26,-101,70,19,-27,-14,27,-5,-7,29,46,22,-25,-12,16,28,-85,13,25,28,-23,-19,32,3,20,22,37,31,-29,-16,38,8,23,16,43,37,-45,-15,36,12,28,17,42,20,-25,-14,16,17,25,16,35
47.3600,2,-10,-18,13,35,-107,36,17,30,-29,-15,18,154,-50,-94,68,19,-25,-17,33,-7,-2,37,46,13,-18,-15,18,6,-75,27,17,28,-26,-19,26,-2,27,34,32,26,-28,-13,36,2,26,16,42,37,-47,-15,35,9,31,18,47,26,-26,-14,18,20,27,11,34
47.3800,-6,-5,-12,13,13,-97,47,4,29,-30,-16,16,144,-82,-76,58,20,-24,-18,32,-11,10,38,46,5,-13,-15,20,-12,-64,38,18,33,-30,-14,20,-14,26,35,36,35,-26,-14,41,2,29,27,36,31,-43,-18,37,11,31,10,53,25,-22,-16,16,15,25,13,35
47.4000,-13,1,-14,13,-7,-76,72,7,20,-17,-13,18,129,-103,-56,50,17,-31,-21,40,-17,23,34,45,1,-7,-12,22,-23,-39,46,18,42,-40,-14,16,-20,31,38,40,35,-33,-17,37,-9,36,27,38,25,-41,-16,37,8,32,7,54,23,-25,-17,16,14,26,16,39
47.4200,-20,3,-8,19,-34,-50,77,4,10,-8,-18,10,107,-118,-32,33,22,-31,-18,37,-21,36,33,52,-3,-10,-17,30,-42,-21,49,17,50,-46,-12,13,-25,41,34,45,40,-32,-13,30,-9,41,27,41,12,-36,-10,37,13,30,4,50,19,-26,-11,19,17,26,15,34
47.4400,-15,2,-13,23,-46,-24,85,11,0,-3,-17,14,79,-132,-3,20,26,-37,-14,40,-24,48,28,57,-2,-9,-16,27,-53,8,48,22,55,-59,-11,4,-22,47,31,53,49,-45,-20,26,-12,51,23,49,8,-30,-17,39,15,36,4,54,21,-25,-14,22,14,25,10,36
47.4600,-16,3,-16,30,-63,10,79,10,-8,4,-12,11,51,-131,22,12,30,-43,-20,34,-18,61,24,66,4,-12,-13,31,-49,41,46,26,52,-51,-9,-6,-12,50,27,56,53,-47,-16,17,-9,52,18,51,-6,-23,-12,35,18,33,0,52,18,-25,-13,15,19,25,12,40
47.4800,-1,-5,-14,25,-61,43,74,18,-8,10,-15,9,24,-120,47,1,37,-41,-18,30,-2,66,11,66,10,-14,-11,31,-42,65,30,35,50,-54,-10,-18,-4,55,15,59,54,-51,-16,15,-2,54,13,62,-14,-14,-13,42,22,35,-3,49,14,-19,-6,20,16,29,13,40
47.5000,2,-13,-13,30,-56,72,60,29,-13,9,-16,12,-10,-105,71,-8,37,-42,-17,28,7,73,3,67,16,-17,-16,38,-31,91,18,36,34,-48,-7,-22,5,55,7,60,49,-48,-11,-2,5,58,8,60,-22,-4,-17,35,29,35,-12,45,18,-21,-17,18,16,25,12,39
47.5200,12,-12,-17,33,-43,93,45,37,-8,6,-12,14,-33,-81,87,-5,30,-38,-14,20,17,66,2,67,20,-19,-16,37,-19,102,10,43,28,-38,-9,-25,15,49,9,53,45,-45,-7,-10,15,48,5,60,-21,16,-12,39,35,35,-11,38,15,-19,-13,19,12,27,7,39
47.5400,20,-22,-16,41,-21,116,26,44,-3,-6,-15,17,-57,-48,93,2,24,-30,-13,12,22,59,-1,60,20,-21,-15,35,-8,107,-4,45,14,-26,-13,-26,21,43,2,48,37,-39,-13,-17,19,40,7,54,-26,24,-12,38,36,37,-9,32,19,-19,-17,15,15,29,8,37
47.5600,25,-23,-15,40,-6,123,15,43,4,-11,-12,15,-72,-16,96,9,19,-22,-13,3,24,45,5,50,22,-19,-17,36,11,109,-12,46,-2,-9,-12,-29,25,36,4,36,23,-25,-8,-23,20,30,3,41,-23,27,-13,40,39,27,-5,21,20,-14,-15,17,18,29,6,35
47.5800,27,-19,-18,44,15,126,5,44,13,-29,-10,21,-73,17,86,22,12,-13,-12,-10,28,33,11,38,21,-10,-17,34,28,97,-11,36,-16,3,-15,-18,24,34,10,24,10,-12,-12,-32,21,17,11,29,-20,44,-14,37,46,28,-1,8,21,-15,-11,18,23,28,11,33
47.6000,27,-19,-15,44,33,115,2,32,20,-34,-13,28,-62,50,64,35,4,-3,-11,-11,25,20,21,30,19,-5,-14,30,35,83,-5,22,-18,18,-18,-9,25,29,16,6,2,4,-12,-34,20,11,11,22,-14,37,-17,38,42,25,0,-4,25,-17,-16,20,22,30,7,30
47.6200,29,-12,-21,41,49,97,6,28,23,-37,-13,28,-50,77,49,40,-4,5,-10,-21,22,7,31,28,18,2,-15,21,34,61,5,15,-23,22,-23,-3,20,33,27,-3,-3,14,-13,-36,15,8,25,8,7,36,-12,38,38,20,16,-19,29,-17,-12,21,22,26,10,32
47.6400,25,-11,-16,37,51,67,16,21,27,-36,-17,34,-30,98,32,54,-8,5,-12,-32,6,5,47,14,16,0,-12,5,29,42,17,6,-17,23,-30,17,14,33,29,-9,-7,15,-14,-35,6,12,32,0,26,20,-11,40,32,10,28,-20,33,-22,-15,20,19,25,14,27
47.6600,24,-11,-12,22,42,38,24,10,26,-40,-14,40,-10,101,17,51,-4,4,-7,-35,-5,7,51,6,16,2,-16,-5,18,22,35,-5,-2,19,-32,38,10,42,37,-8,-5,15,-19,-20,6,16,38,-7,47,7,-13,36,25,5,45,-20,34,-26,-11,15,16,23,13,30
47.6800,21,-13,-12,7,31,20,38,2,19,-29,-18,43,18,99,-1,46,-8,-1,-14,-27,-15,15,53,14,9,-6,-12,-18,0,11,44,-6,1,9,-30,60,-1,49,34,-8,2,9,-26,0,-4,26,44,-5,74,-18,-13,33,7,0,60,-13,38,-33,-19,23,16,24,15,28
47.7000,18,-12,-10,-10,13,2,55,1,14,-19,-18,48,35,88,1,40,0,-11,-17,-19,-24,25,55,20,16,-5,-12,-30,-17,3,61,-4,17,-5,-29,92,-4,57,37,3,10,6,-26,21,-9,38,35,-2,98,-50,-13,37,-9,-4,75,-3,40,-34,-14,21,17,24,18,35
47.7200,20,-19,-11,-21,-3,0,70,6,0,-9,-16,43,43,71,3,27,6,-12,-18,1,-27,41,54,32,23,-14,-7,-35,-27,6,62,5,25,-22,-22,116,-4,66,36,12,18,-3,-34,52,-9,53,34,6,126,-84,-8,35,-27,4,79,17,39,-34,-14,18,17,23,20,37
47.7400,13,-30,-5,-29,-21,1,78,8,-6,-2,-18,40,41,48,10,15,7,-21,-23,28,-25,56,41,40,21,-26,-13,-38,-40,18,59,13,44,-35,-15,141,-7,64,35,25,24,-16,-32,85,-6,63,30,13,150,-119,-11,40,-46,6,76,48,34,-40,-14,14,14,23,18,41
47.7600,10,-33,-1,-38,-33,9,77,22,-16,5,-15,32,36,32,27,7,9,-28,-23,56,-19,70,27,54,22,-36,-9,-32,-50,28,58,30,52,-52,-8,163,-10,65,28,40,36,-29,-33,119,-3,71,23,25,157,-142,-15,39,-51,11,69,77,25,-41,-12,19,9,23,19,46
47.7800,7,-33,-4,-37,-44,27,70,34,-19,5,-15,27,16,17,39,-3,13,-30,-31,82,-10,82,13,63,15,-39,-14,-20,-46,51,39,44,58,-63,4,168,-3,63,15,52,42,-34,-28,149,-2,76,15,40,159,-170,-14,36,-56,24,51,108,17,-41,-16,18,6,23,14,51
47.8000,1,-36,-6,-31,-45,44,56,42,-23,17,-11,20,1,5,57,-10,19,-35,-24,107,-3,87,-2,67,18,-41,-15,2,-43,66,21,59,64,-76,13,166,2,54,7,69,48,-47,-20,170,6,74,6,50,146,-178,-15,37,-48,33,22,137,12,-37,-11,20,3,28,15,49
47.8200,-2,-35,-8,-6,-39,66,36,62,-25,16,-9,6,-13,4,67,-7,20,-38,-28,130,8,86,-15,77,17,-43,-16,37,-31,82,-4,72,69,-79,19,145,6,48,-5,80,56,-57,-13,173,13,69,-8,64,119,-174,-14,35,-21,41,-17,165,6,-31,-15,19,6,27,11,52
47.8400,3,-28,-9,20,-24,80,13,65,-17,13,-9,4,-31,11,70,-3,28,-37,-29,140,22,79,-27,83,14,-37,-25,69,-8,93,-34,81,70,-79,23,106,16,37,-22,87,58,-59,-4,170,21,61,-13,67,82,-153,-14,38,8,47,-57,168,-3,-20,-11,20,6,28,5,50
47.8600,10,-26,-17,49,-1,93,-14,71,-7,8,-3,1,-39,20,68,1,31,-39,-20,134,35,66,-35,86,19,-35,-23,97,14,101,-57,84,61,-76,29,54,25,29,-31,95,60,-62,6,144,27,45,-27,72,36,-116,-14,37,39,54,-91,169,-8,-16,-16,21,7,34,3,49
47.8800,16,-29,-22,84,20,104,-41,68,1,-4,-4,5,-41,34,53,15,37,-38,-14,117,47,51,-47,83,29,-28,-35,121,39,97,-75,83,55,-67,22,-4,41,19,-48,93,66,-59,14,108,41,30,-35,79,-18,-64,-16,36,79,52,-119,144,-6,-6,-14,19,13,35,2,45
47.9000,21,-23,-25,105,54,98,-51,68,16,-15,-6,8,-34,52,46,27,46,-42,-5,84,60,36,-48,78,40,-32,-33,137,64,84,-88,71,48,-55,23,-66,59,10,-56,87,67,-59,26,56,47,17,-47,76,-77,-12,-14,37,113,44,-128,104,-4,6,-14,20,22,37,-5,36
47.9200,35,-23,-37,121,74,87,-67,57,25,-27,-6,19,-18,59,21,39,47,-38,2,44,69,15,-46,70,45,-26,-37,133,81,72,-94,67,36,-47,12,-128,72,1,-63,79,58,-50,29,-2,56,1,-56,69,-131,49,-14,43,129,36,-123,60,-2,7,-11,20,31,38,-15,30
47.9400,43,-21,-41,114,90,69,-69,51,38,-27,-7,30,-2,66,3,52,43,-36,14,8,77,-5,-47,69,58,-24,-33,114,97,47,-98,54,28,-27,4,-167,85,-12,-60,61,50,-47,30,-61,70,-11,-55,73,-170,108,-11,38,138,26,-97,12,5,12,-13,19,40,33,-14,24
47.9600,55,-24,-42,98,104,47,-62,42,52,-42,-12,38,18,61,-20,61,45,-29,18,-34,77,-22,-32,58,58,-29,-26,86,110,21,-83,45,18,-10,1,-199,88,-23,-52,45,43,-34,33,-118,79,-24,-48,63,-202,155,-13,37,130,11,-59,-38,7,11,-14,20,41,31,-7,10
47.9800,56,-25,-38,72,103,16,-47,34,63,-46,-21,43,40,58,-31,64,35,-24,25,-69,69,-37,-23,53,61,-27,-17,47,107,-9,-67,39,7,4,-18,-213,90,-25,-39,28,34,-21,28,-159,84,-31,-43,48,-210,191,-11,37,102,5,-9,-83,15,9,-11,20,47,27,4,6
48.0000,68,-34,-31,37,102,-7,-35,31,68,-50,-32,35,59,49,-42,66,32,-18,33,-96,63,-50,-8,43,60,-30,-3,13,100,-39,-49,29,-1,18,-24,-203,85,-34,-19,6,22,-4,19,-187,76,-46,-33,30,-200,215,-14,41,68,4,38,-121,23,4,-13,26,41,18,10,2
48.0200,69,-44,-20,8,80,-31,-10,24,75,-50,-35,18,62,34,-50,63,25,-18,31,-112,48,-55,9,35,61,-34,8,-27,83,-62,-31,21,-4,24,-39,-180,65,-39,11,-12,15,10,9,-198,67,-47,-11,14,-175,208,-15,39,15,7,89,-144,30,-1,-13,19,31,10,24,2
48.0400,73,-51,-4,-26,58,-50,14,23,80,-61,-36,2,66,14,-41,63,26,-12,24,-116,33,-55,21,25,54,-34,21,-54,58,-73,-9,20,1,26,-55,-139,42,-44,34,-25,10,18,-2,-196,53,-48,10,0,-124,192,-15,41,-31,25,134,-153,42,-9,-15,18,23,4,34,3
48.0600,76,-52,11,-45,38,-56,32,27,88,-65,-39,-16,64,0,-35,60,17,-12,17,-122,17,-50,39,20,56,-35,28,-76,34,-78,14,20,15,19,-79,-89,14,-38,61,-36,14,18,-21,-171,33,-49,33,-12,-58,153,-16,41,-64,41,163,-139,57,-22,-9,20,8,4,42,1
48.0800,80,-64,25,-54,16,-56,42,33,104,-74,-37,-38,54,-15,-21,56,23,-13,-3,-103,2,-36,56,17,52,-34,36,-90,12,-77,29,17,26,4,-97,-29,-9,-29,78,-31,27,17,-46,-138,11,-39,57,-21,12,93,-15,44,-88,62,183,-115,68,-40,-12,24,-9,3,53,14
48.1000,78,-75,35,-64,-5,-49,47,40,106,-84,-29,-54,41,-25,-9,55,34,-20,-17,-88,-20,-22,68,17,50,-39,33,-100,-10,-60,36,21,49,-19,-108,32,-41,-19,92,-22,34,1,-68,-91,-13,-28,70,-26,88,22,-15,39,-115,82,185,-84,83,-56,-14,19,-18,5,50,24
48.1200,77,-80,40,-62,-18,-34,46,48,112,-104,-24,-54,36,-39,0,64,44,-35,-39,-56,-33,-8,66,26,56,-45,34,-99,-22,-43,41,28,68,-48,-125,87,-57,5,100,-4,52,-17,-95,-40,-29,-15,87,-16,167,-54,-15,40,-125,90,176,-32,93,-80,-13,23,-27,8,50,43
48.1400,71,-84,37,-60,-25,-18,49,60,109,-110,-12,-50,22,-40,10,73,55,-49,-65,-18,-36,20,69,37,53,-54,22,-94,-31,-16,44,37,80,-69,-130,141,-72,27,96,18,68,-36,-128,21,-45,1,96,-5,224,-139,-15,42,-121,92,157,24,106,-100,-10,20,-32,22,39,63
48.1600,55,-90,31,-56,-20,10,34,76,99,-120,-1,-27,11,-36,16,82,54,-70,-90,19,-38,38,66,56,52,-63,5,-81,-33,10,37,48,83,-100,-113,179,-71,45,80,47,77,-67,-145,75,-62,27,89,23,267,-207,-10,41,-107,82,128,91,99,-116,-11,21,-27,30,36,81
48.1800,36,-85,16,-45,-10,30,28,86,73,-117,10,-5,9,-32,9,93,50,-84,-115,59,-42,51,53,74,40,-63,-19,-62,-30,34,24,60,75,-113,-85,217,-65,70,57,84,82,-87,-141,126,-66,47,75,48,279,-265,-11,39,-86,67,79,154,92,-123,-6,21,-24,39,18,99
48.2000,13,-70,0,-33,0,49,14,88,41,-105,15,21,7,-23,1,103,36,-84,-126,105,-33,66,37,91,26,-60,-42,-30,-24,55,14,73,62,-118,-41,231,-49,88,28,109,69,-104,-138,177,-57,68,55,77,270,-292,-14,42,-58,38,30,203,75,-119,-7,21,-12,50,1,108
48.2200,-16,-48,-12,-8,8,66,-3,94,0,-78,24,55,4,-9,-2,102,15,-78,-130,132,-27,80,22,108,5,-52,-65,5,-16,69,2,84,29,-103,9,230,-28,97,-5,125,49,-102,-113,206,-44,79,30,102,237,-293,-13,43,-22,14,-33,247,42,-105,-10,23,0,55,-21,124
48.2400,-46,-19,-33,20,25,75,-18,81,-46,-45,26,82,13,6,-13,98,-14,-56,-112,156,-12,85,-1,110,-18,-33,-85,47,-4,85,-5,82,-8,-77,68,208,-5,107,-29,134,20,-85,-67,220,-29,92,7,113,177,-269,-19,37,28,-14,-94,265,-4,-72,-10,23,15,61,-36,125
48.2600,-73,12,-51,51,37,82,-24,70,-88,-2,21,100,20,18,-20,82,-42,-33,-86,163,2,95,-20,111,-44,-12,-98,95,7,91,-17,73,-48,-40,115,181,25,111,-61,125,-19,-60,-16,221,-6,95,-23,116,106,-220,-14,41,79,-28,-157,257,-41,-42,-11,21,35,57,-51,112
48.2800,-90,44,-67,92,45,75,-27,49,-124,47,17,113,34,29,-23,56,-71,6,-50,155,26,88,-42,101,-69,18,-106,138,15,92,-30,64,-81,5,158,140,57,100,-80,102,-48,-25,45,203,23,99,-46,106,29,-146,-13,40,130,-48,-201,221,-72,6,-9,21,46,56,-59,94
48.3000,-103,69,-81,126,58,75,-28,21,-148,91,14,119,44,38,-24,22,-92,40,-1,135,49,82,-49,73,-81,47,-101,165,31,87,-38,44,-107,53,181,96,83,86,-83,67,-80,21,106,171,51,94,-62,82,-37,-61,-12,42,173,-57,-222,171,-105,44,-15,20,60,56,-60,63
48.3200,-102,92,-89,147,68,66,-22,-1,-155,127,10,115,51,43,-24,-9,-108,74,47,107,68,73,-49,45,-92,76,-91,187,45,81,-42,21,-129,93,190,56,102,70,-86,25,-103,59,157,130,72,88,-74,54,-102,19,-18,43,210,-62,-228,99,-118,87,-12,21,70,48,-55,24
48.3400,-93,108,-85,156,71,61,-14,-30,-151,150,3,115,55,55,-10,-46,-115,101,92,68,79,60,-53,13,-93,92,-68,178,52,70,-37,0,-134,125,183,9,109,44,-72,-21,-117,101,192,83,91,72,-76,16,-144,91,-11,42,216,-62,-204,21,-122,111,-12,19,80,40,-42,-11
48.3600,-82,106,-82,148,71,49,2,-52,-127,155,-10,104,60,52,3,-76,-110,114,124,26,91,44,-37,-21,-89,100,-42,156,65,59,-24,-27,-124,145,164,-32,107,21,-40,-57,-118,126,206,40,104,52,-59,-24,-176,153,-15,41,211,-60,-148,-56,-123,130,-12,21,78,33,-23,-49
48.3800,-62,102,-71,123,65,31,18,-65,-96,143,-20,87,52,47,27,-92,-101,124,149,-7,85,30,-16,-43,-74,109,-12,121,64,46,-17,-47,-106,153,130,-65,91,-2,-5,-91,-108,144,206,-10,104,31,-33,-65,-188,183,-11,42,175,-47,-79,-118,-102,139,-15,20,72,18,1,-73
48.4000,-36,86,-46,83,61,18,38,-69,-46,125,-32,71,46,41,49,-106,-73,123,161,-34,75,5,13,-71,-63,102,26,80,61,29,0,-61,-68,140,88,-98,66,-20,38,-117,-90,142,188,-42,95,5,1,-89,-186,216,-8,39,123,-34,2,-164,-73,133,-9,19,62,12,25,-93
48.4200,-17,71,-20,30,42,9,60,-69,-9,87,-41,47,33,28,69,-97,-47,104,165,-57,59,-10,45,-82,-34,94,62,29,60,17,21,-71,-34,114,35,-117,34,-35,76,-125,-55,130,165,-79,72,-20,41,-114,-172,224,-8,40,49,-9,90,-198,-40,108,-10,20,42,1,58,-104
48.4400,17,45,13,-18,21,-2,77,-62,43,49,-56,17,17,19,92,-80,-8,80,147,-74,28,-28,75,-87,-6,73,91,-20,39,1,44,-68,19,73,-23,-131,-4,-47,112,-116,-11,100,118,-100,39,-37,73,-120,-130,203,-8,38,-32,19,165,-204,2,81,-15,20,19,-6,83,-98
48.4600,47,16,45,-62,2,-15,91,-55,82,4,-67,-26,-6,1,104,-63,38,38,124,-80,-4,-43,106,-76,28,45,117,-64,18,-15,64,-68,72,21,-83,-129,-42,-49,136,-98,34,64,65,-120,-6,-52,108,-114,-89,167,-8,38,-108,50,227,-195,48,40,-6,22,-6,-13,102,-83
48.4800,79,-18,77,-100,-16,-22,100,-31,117,-47,-71,-59,-26,-11,110,-29,89,-7,91,-88,-42,-51,124,-52,68,8,131,-92,-7,-25,82,-53,127,-38,-145,-121,-76,-45,146,-63,91,4,0,-130,-37,-58,131,-87,-37,119,-8,44,-168,85,268,-165,88,-6,-9,19,-31,-16,121,-59
48.5000,117,-63,102,-116,-36,-25,103,-5,154,-95,-68,-90,-43,-23,113,9,137,-66,37,-78,-68,-49,139,-16,109,-33,133,-113,-32,-30,91,-33,176,-101,-201,-107,-103,-28,146,-9,145,-51,-71,-125,-79,-53,146,-47,27,54,-6,40,-218,121,281,-116,131,-54,-11,23,-57,-17,126,-26
48.5200,146,-108,115,-125,-51,-26,107,31,177,-137,-56,-121,-57,-31,97,51,179,-123,-23,-68,-92,-40,134,29,148,-87,124,-126,-58,-30,91,2,219,-162,-246,-86,-121,-5,133,45,196,-113,-146,-115,-102,-40,145,3,84,-13,-8,41,-240,155,274,-62,173,-111,-10,21,-70,-12,116,18
48.5400,174,-145,119,-124,-58,-13,94,63,193,-178,-41,-141,-65,-27,79,93,215,-183,-86,-50,-110,-18,116,88,182,-137,104,-129,-74,-25,87,47,247,-218,-273,-51,-121,23,101,100,230,-176,-207,-91,-123,-19,128,57,147,-89,-11,42,-239,177,248,15,203,-160,-8,21,-81,-4,104,62
48.5600,185,-178,104,-112,-62,3,66,101,197,-203,-22,-149,-57,-22,53,134,231,-225,-147,-33,-110,1,83,140,205,-179,68,-114,-82,-8,69,95,255,-256,-282,-21,-106,48,63,160,252,-229,-263,-61,-122,11,93,118,184,-156,-10,43,-223,189,199,84,213,-200,-12,21,-80,10,79,109
48.5800,183,-198,82,-94,-59,23,45,143,181,-214,1,-141,-46,-11,22,167,221,-256,-205,-2,-97,33,39,191,210,-217,20,-99,-76,9,36,137,245,-279,-270,20,-74,71,10,209,259,-261,-298,-24,-104,43,45,175,210,-211,-13,36,-181,195,139,159,206,-223,-12,21,-71,28,38,156
48.6000,161,-208,47,-67,-45,38,5,172,147,-205,18,-126,-30,5,-9,193,194,-254,-241,27,-70,52,-5,233,200,-235,-37,-79,-71,26,3,179,209,-276,-228,48,-40,91,-40,237,239,-273,-307,14,-77,69,0,220,214,-245,-10,42,-133,190,67,222,189,-234,-11,18,-49,38,3,192
48.6200,126,-189,1,-43,-29,59,-29,194,106,-185,37,-98,-3,21,-44,206,157,-236,-260,56,-34,80,-60,258,175,-227,-93,-49,-47,54,-36,203,154,-241,-158,80,6,96,-89,256,199,-259,-282,49,-37,87,-57,247,195,-255,-10,41,-65,172,-14,266,146,-217,-11,20,-21,55,-38,216
48.6400,82,-159,-46,-13,3,75,-59,193,60,-152,50,-66,16,33,-75,193,95,-197,-248,90,14,94,-103,258,128,-206,-142,-10,-17,68,-80,220,97,-196,-73,101,45,98,-132,249,138,-223,-238,80,7,103,-104,260,158,-239,-10,39,-5,151,-90,287,91,-185,-9,17,8,68,-76,221
48.6600,31,-114,-86,19,30,88,-88,183,9,-94,53,-33,45,49,-102,177,31,-139,-214,114,50,99,-139,235,75,-160,-180,32,14,81,-116,213,26,-137,16,119,88,94,-159,217,72,-170,-165,103,53,111,-144,241,114,-208,-9,39,68,115,-155,285,35,-135,-9,18,43,75,-101,195
48.6800,-22,-57,-115,64,51,86,-105,153,-40,-42,46,-2,63,58,-118,137,-33,-70,-158,125,92,97,-151,193,8,-106,-196,72,51,87,-142,189,-37,-60,104,130,119,76,-170,167,7,-103,-69,123,97,104,-165,202,63,-150,-14,41,137,77,-207,263,-24,-68,-12,23,71,74,-123,170
48.7000,-70,-1,-139,105,73,90,-109,108,-74,19,41,25,75,61,-112,92,-88,6,-79,132,121,86,-155,133,-42,-38,-197,112,79,84,-155,150,-93,11,174,143,140,56,-158,105,-50,-29,26,135,131,82,-173,148,14,-89,-12,40,201,34,-239,212,-76,-5,-10,20,93,75,-124,118
48.7200,-95,52,-141,143,94,83,-94,55,-105,68,29,64,91,61,-100,42,-127,68,-2,130,135,65,-138,73,-86,25,-179,141,104,79,-152,95,-135,80,227,134,147,29,-132,37,-96,36,115,138,150,62,-155,83,-30,-26,-8,38,240,-3,-248,144,-122,64,-6,16,108,65,-110,64
48.7400,-124,95,-135,175,97,80,-76,10,-121,106,14,93,85,59,-71,-6,-155,118,77,122,140,50,-108,10,-120,81,-139,170,117,66,-132,41,-162,130,252,135,140,11,-96,-25,-134,98,192,134,154,44,-125,17,-55,27,-12,39,268,-47,-229,72,-151,115,-6,18,110,58,-84,6
48.7600,-130,116,-111,193,91,66,-47,-35,-121,127,-4,119,82,51,-29,-53,-163,157,142,105,130,28,-57,-57,-135,123,-79,175,124,58,-107,-19,-161,157,257,121,123,0,-46,-79,-153,147,245,128,146,14,-84,-47,-73,69,-11,34,273,-89,-191,7,-158,149,-14,17,101,45,-48,-52
48.7800,-123,133,-81,200,89,56,-14,-74,-113,133,-15,146,59,40,2,-87,-155,174,191,86,112,10,-10,-93,-138,145,-21,173,109,43,-60,-65,-154,172,231,108,94,-17,2,-120,-147,162,272,120,119,-3,-31,-98,-72,93,-11,40,254,-123,-140,-55,-158,170,-13,20,84,33,-4,-95
48.8000,-105,130,-40,191,71,41,23,-98,-95,120,-22,173,42,33,40,-106,-136,169,221,68,82,-2,43,-126,-120,153,43,162,94,27,-26,-101,-135,171,192,95,65,-23,47,-138,-136,168,268,101,94,-25,27,-127,-68,102,-12,40,214,-147,-69,-99,-136,168,-8,21,62,26,37,-128
48.8200,-74,118,3,170,46,28,60,-107,-65,101,-29,189,19,22,78,-107,-102,148,228,55,42,-20,86,-138,-95,144,91,140,70,15,21,-121,-110,148,140,68,30,-23,88,-145,-110,154,237,88,54,-31,70,-151,-52,95,-9,36,158,-163,-5,-123,-101,153,-8,22,31,19,79,-133
48.8400,-44,87,41,130,29,18,90,-105,-33,74,-35,199,-12,15,100,-98,-67,111,209,37,5,-24,125,-130,-64,116,133,113,43,1,64,-130,-66,113,82,46,-6,-18,120,-136,-77,126,195,69,18,-40,108,-144,-36,78,-13,46,85,-167,52,-130,-69,123,-9,19,1,16,110,-134
48.8600,0,52,77,94,4,5,102,-82,-6,40,-31,199,-29,8,117,-76,-20,71,168,24,-27,-26,143,-107,-25,84,159,79,13,-13,88,-116,-35,80,15,26,-36,-6,138,-116,-40,93,128,55,-20,-37,132,-130,-6,51,-14,39,24,-155,98,-117,-29,83,-9,20,-26,9,133,-113
48.8800,40,8,105,52,-16,-2,109,-52,28,-6,-23,187,-46,6,116,-41,18,26,120,8,-60,-27,153,-69,20,35,168,58,-18,-20,108,-88,1,35,-44,4,-59,5,143,-80,-5,52,65,33,-48,-31,146,-99,16,16,-10,38,-41,-129,135,-90,16,37,-7,23,-58,14,142,-84
48.9000,81,-41,112,20,-31,-4,109,-15,62,-44,-18,162,-57,-3,106,-9,52,-20,59,2,-74,-20,147,-27,56,-12,160,38,-38,-23,112,-56,29,-1,-96,-9,-68,14,138,-38,29,7,-7,13,-65,-15,140,-56,45,-21,-3,44,-88,-100,146,-54,63,-14,-10,19,-71,13,142,-46
48.9200,108,-85,118,-6,-35,-5,91,24,89,-81,-6,131,-58,2,84,32,80,-67,-1,-10,-87,-4,124,18,85,-58,133,15,-54,-18,102,-8,62,-36,-140,-21,-75,26,122,6,55,-29,-71,-3,-75,4,127,-12,72,-60,-9,38,-125,-55,135,-6,91,-63,-9,24,-79,21,124,3
48.9400,131,-127,103,-31,-35,0,66,75,117,-111,0,92,-49,3,57,71,99,-97,-68,-10,-81,13,100,71,112,-97,92,4,-61,-15,81,39,83,-70,-163,-25,-74,38,94,41,75,-64,-126,-10,-75,19,95,25,95,-87,-8,40,-136,-6,119,41,119,-100,-8,25,-80,24,97,53
48.9600,141,-145,76,-42,-22,0,38,112,135,-133,12,58,-27,11,19,110,101,-119,-119,-18,-68,29,57,113,125,-125,45,-9,-56,-10,53,79,93,-88,-179,-26,-63,44,61,78,90,-86,-165,-16,-68,29,69,65,103,-110,-9,42,-127,37,80,77,144,-131,-9,18,-72,31,61,99
48.9800,139,-160,44,-41,-7,6,-1,137,142,-154,18,19,-5,18,-12,141,96,-124,-159,-13,-41,46,21,139,124,-136,-3,-8,-39,-2,15,120,100,-102,-180,-26,-44,51,32,102,92,-95,-189,-26,-48,47,37,96,107,-117,-6,38,-107,76,40,119,147,-153,-9,16,-47,40,22,132
49.0000,121,-156,5,-33,18,11,-36,154,138,-154,26,-16,23,17,-58,157,87,-119,-186,-11,-16,52,-15,154,109,-135,-53,-7,-21,9,-21,136,95,-99,-166,-25,-21,53,3,122,88,-93,-196,-29,-27,53,8,115,98,-125,-11,40,-66,106,-4,142,147,-161,-9,19,-24,51,-20,162
49.0200,91,-133,-37,-24,47,16,-60,161,123,-151,21,-40,52,18,-85,162,69,-98,-193,-9,19,61,-46,157,86,-118,-99,-12,8,22,-52,149,80,-94,-152,-29,0,51,-17,125,74,-85,-188,-23,-2,61,-27,124,77,-111,-6,40,-24,123,-38,150,132,-158,-13,23,16,46,-59,175
49.0400,54,-106,-79,-20,75,14,-86,148,104,-128,16,-53,87,10,-104,156,44,-75,-180,-6,42,58,-65,147,57,-93,-135,-10,40,28,-81,139,67,-81,-117,-29,23,49,-34,119,63,-71,-164,-25,28,58,-38,117,50,-89,-9,36,17,125,-71,142,105,-139,-5,22,45,41,-88,177
49.0600,20,-64,-109,-11,98,5,-96,120,78,-98,-1,-56,107,2,-113,140,24,-41,-157,-13,66,54,-73,127,25,-55,-156,-11,66,36,-91,126,55,-67,-78,-33,35,37,-43,106,49,-48,-130,-29,46,54,-48,105,21,-55,-11,39,57,119,-82,119,85,-115,-13,24,74,36,-101,161
49.0800,-22,-16,-139,-7,107,4,-86,90,43,-69,-23,-54,121,-11,-110,111,4,-16,-119,-14,76,48,-63,90,-13,-12,-164,-13,84,25,-97,88,37,-43,-41,-40,45,31,-40,86,33,-26,-92,-35,58,35,-46,80,-13,-14,-10,39,84,93,-79,94,54,-79,-9,24,95,27,-115,135
49.1000,-52,25,-136,-5,110,-1,-68,51,10,-30,-43,-47,125,-32,-94,77,-15,16,-81,-18,75,29,-47,62,-38,23,-153,-17,86,21,-82,53,22,-26,0,-45,49,23,-31,67,15,-13,-48,-35,50,30,-36,60,-42,23,-8,41,96,73,-62,49,22,-46,-11,22,111,11,-104,106
49.1200,-76,57,-130,0,101,-10,-41,0,-25,2,-61,-40,116,-41,-70,35,-16,27,-29,-27,62,16,-14,30,-60,60,-129,-27,81,13,-52,15,22,-13,29,-42,40,15,-16,47,9,1,-7,-46,45,14,-9,34,-69,55,-8,37,90,42,-34,5,-1,-15,-8,26,110,-6,-89,69
49.1400,-87,88,-113,-5,74,-17,1,-32,-47,36,-86,-34,100,-58,-29,-1,-17,34,12,-33,41,4,13,6,-70,83,-101,-34,65,4,-15,-25,11,-7,57,-44,32,14,-4,31,4,10,29,-50,26,3,10,11,-87,80,-6,40,75,22,6,-32,-17,12,-8,23,98,-20,-61,34
49.1600,-83,101,-79,-7,49,-14,45,-65,-67,63,-92,-19,67,-61,12,-33,-12,29,49,-36,16,-1,40,-11,-63,89,-59,-43,34,4,17,-51,16,-8,68,-34,19,10,11,20,12,10,57,-51,9,2,30,2,-85,99,-9,38,49,7,48,-65,-31,31,-8,23,82,-26,-26,-2
49.1800,-75,96,-42,-17,9,-8,80,-83,-82,79,-91,-22,35,-67,47,-57,2,12,74,-33,-8,-1,65,-8,-48,85,-20,-48,3,8,61,-69,15,-12,72,-23,5,18,24,13,18,4,72,-43,-10,5,49,-5,-80,97,-13,42,15,-5,83,-87,-42,40,-11,19,56,-34,6,-23
49.2000,-55,79,-6,-21,-24,9,105,-84,-87,80,-85,-20,-4,-55,84,-73,15,-3,87,-30,-26,6,78,-8,-31,65,22,-53,-30,15,85,-69,12,-13,66,0,-3,28,28,10,22,-14,79,-37,-26,14,56,3,-63,89,-10,48,-15,2,118,-88,-36,41,-7,21,24,-33,31,-37
49.2200,-26,56,25,-25,-57,29,126,-71,-81,81,-71,-25,-40,-34,109,-77,29,-28,88,-21,-42,18,77,13,0,43,51,-58,-60,24,103,-61,19,-24,57,21,-10,35,30,19,33,-25,73,-17,-35,25,56,8,-36,64,-8,41,-54,20,139,-88,-30,33,-6,22,1,-26,55,-43
49.2400,4,29,46,-34,-79,46,131,-48,-68,70,-49,-27,-65,-5,122,-75,38,-43,79,-13,-50,34,66,35,25,11,68,-54,-83,42,109,-40,21,-33,41,36,-14,50,24,26,41,-43,60,-2,-41,41,48,21,-8,39,-8,43,-84,31,153,-68,-19,26,-6,24,-20,-9,71,-36
49.2600,30,-7,65,-25,-95,77,130,-20,-49,58,-22,-28,-89,28,130,-58,41,-55,64,7,-49,48,45,59,48,-24,74,-47,-92,63,107,-10,21,-37,28,55,-3,56,9,37,38,-52,38,25,-34,57,31,40,20,2,-7,46,-105,57,147,-37,-10,12,-6,20,-40,12,79,-30
49.2800,53,-38,68,-25,-96,93,113,16,-27,35,-5,-32,-99,58,125,-36,44,-66,41,26,-36,53,27,77,67,-52,70,-34,-87,83,75,31,25,-40,13,66,-2,59,0,42,43,-52,22,42,-27,66,18,55,43,-32,-7,42,-100,85,127,-5,0,-6,-8,21,-52,29,78,-9
49.3000,66,-66,70,-19,-85,109,84,47,-4,15,17,-34,-96,90,110,-7,36,-68,22,46,-12,67,-3,91,75,-81,63,-17,-76,92,53,63,24,-34,-1,79,13,57,-16,45,39,-59,9,56,-13,74,-5,64,69,-58,-6,45,-92,99,91,35,11,-17,-8,25,-50,45,65,6
49.3200,75,-83,55,-6,-62,116,52,83,11,-14,34,-33,-93,121,92,19,31,-63,5,56,8,67,-24,100,76,-90,47,1,-58,103,19,87,21,-32,1,78,21,54,-24,46,33,-57,-7,72,8,76,-27,64,81,-82,-6,45,-75,109,55,65,16,-28,-9,24,-44,61,50,23
49.3400,69,-89,37,4,-34,117,19,103,41,-29,51,-23,-78,132,66,43,18,-50,-11,63,36,56,-46,96,75,-98,27,23,-34,100,-20,109,11,-27,-2,79,35,37,-25,45,27,-39,-13,81,31,65,-42,64,83,-89,-8,45,-43,114,15,87,21,-33,-9,15,-32,70,37,38
49.3600,67,-90,24,22,-5,109,-17,116,54,-44,47,-16,-56,135,35,64,4,-33,-17,73,55,49,-61,86,61,-92,6,41,3,90,-54,119,7,-12,-5,77,38,25,-27,33,13,-29,-12,85,48,55,-49,58,80,-96,-4,45,-13,107,-18,103,20,-30,-8,19,-23,74,18,43
49.3800,53,-80,2,35,35,99,-48,115,64,-58,54,-6,-26,132,13,80,-6,-13,-24,78,75,31,-63,67,47,-74,-6,55,41,82,-83,118,2,-3,1,66,43,13,-22,25,8,-13,-8,82,55,37,-51,43,73,-87,-3,51,14,91,-51,111,17,-28,-4,14,-6,74,9,47
49.4000,36,-61,-12,49,63,74,-66,104,68,-69,48,7,-1,121,-11,91,-13,8,-17,79,81,12,-55,51,29,-52,-19,71,70,60,-96,107,3,5,5,56,38,7,-10,13,1,2,1,78,64,18,-43,29,55,-80,-9,67,47,76,-67,108,17,-23,-4,18,10,67,-5,45
49.4200,17,-41,-24,60,89,48,-79,92,72,-70,36,20,27,100,-32,96,-22,19,-9,75,79,-2,-42,19,13,-32,-28,80,87,35,-104,84,3,7,9,46,35,-4,1,5,0,14,4,71,64,2,-27,9,41,-62,-5,85,67,51,-83,100,11,-9,-7,16,24,65,-6,40
49.4400,5,-19,-36,64,107,27,-77,68,66,-64,29,37,52,72,-42,91,-27,32,2,73,69,-19,-17,4,0,-6,-21,82,106,16,-101,58,0,15,11,34,25,-7,20,2,-1,20,14,63,51,-9,-9,-2,30,-47,-11,99,87,21,-76,86,4,-12,-7,22,31,50,-4,33
49.4600,-5,-4,-33,70,110,0,-62,47,59,-60,11,50,70,43,-53,89,-21,35,10,68,57,-28,11,-13,-9,13,-19,86,108,-4,-82,27,4,10,14,25,17,-7,32,-3,4,24,23,56,37,-19,17,-14,8,-28,-9,118,84,5,-62,68,12,-4,-9,19,39,43,1,28
49.4800,-16,20,-26,73,106,-20,-43,19,48,-52,-1,61,79,10,-48,78,-13,35,17,65,28,-34,41,-22,-15,30,-7,88,100,-27,-60,8,11,3,9,19,0,-2,44,-3,9,22,23,49,21,-16,37,-24,-1,-17,-12,128,83,-15,-57,51,7,1,-12,23,32,28,7,21
49.5000,-14,30,-14,73,92,-33,-20,-1,38,-39,-7,75,80,-14,-45,70,-2,27,23,57,1,-30,65,-22,-13,33,3,87,74,-40,-35,-20,19,-3,3,16,-11,7,48,3,14,13,23,47,-3,-22,50,-15,-11,-3,-17,129,69,-29,-31,29,8,-5,-8,30,23,20,20,16
49.5200,-10,29,1,73,63,-44,7,-19,23,-31,-17,84,76,-42,-38,55,12,8,24,47,-21,-19,89,-19,-10,34,23,82,50,-45,2,-31,23,-12,-11,15,-15,21,53,14,22,8,21,32,-19,-8,66,-8,-19,12,-18,121,46,-38,-7,17,15,-7,-9,39,13,17,31,9
49.5400,-5,26,14,77,42,-40,30,-29,9,-20,-17,90,69,-56,-24,43,27,-3,20,42,-50,-4,94,-3,2,22,29,85,24,-51,22,-34,28,-21,-16,18,-28,34,50,25,34,-10,11,32,-37,7,73,0,-19,16,-29,97,25,-33,13,8,18,-12,-5,42,-1,15,35,14
49.5600,11,16,26,71,10,-36,59,-29,6,-5,-15,95,57,-59,-16,35,33,-24,10,41,-61,19,96,12,22,16,37,80,-4,-39,50,-37,32,-32,-30,18,-29,46,47,35,42,-20,0,24,-47,25,65,21,-10,13,-33,62,11,-23,26,1,26,-14,-11,52,-8,17,42,21
49.5800,21,1,34,69,-18,-18,67,-22,4,-3,-10,97,37,-65,-10,19,50,-44,4,33,-74,45,90,34,30,-7,36,71,-35,-21,60,-26,36,-43,-33,21,-34,65,35,42,46,-33,-17,19,-53,46,60,36,-9,9,-40,21,-8,-19,37,-3,29,-32,-8,55,-18,24,39,28
49.6000,34,-14,42,58,-36,-5,75,-9,1,1,6,92,26,-53,0,13,50,-57,-11,22,-72,64,74,51,44,-19,33,58,-55,0,66,-10,40,-45,-42,21,-27,71,23,54,45,-42,-30,17,-50,68,44,48,4,1,-35,-31,-19,1,43,2,42,-37,-1,50,-19,33,38,37
49.6200,44,-36,34,44,-57,24,78,6,10,2,10,84,14,-35,8,6,52,-67,-28,10,-66,88,53,75,48,-41,19,46,-66,22,64,14,42,-50,-43,22,-23,78,8,66,47,-46,-44,13,-40,84,30,62,12,-6,-29,-77,-28,17,41,9,45,-38,-7,49,-22,40,31,42
49.6400,50,-50,27,30,-64,42,71,28,14,-4,20,69,2,-20,17,1,50,-68,-41,-9,-44,99,33,92,57,-56,8,27,-73,46,58,31,42,-55,-53,12,-10,75,0,67,46,-56,-49,4,-29,92,14,69,24,-13,-15,-123,-24,29,43,13,41,-52,-4,43,-16,48,25,58
49.6600,52,-59,18,7,-60,60,60,40,14,-10,24,47,-7,-6,19,8,46,-70,-53,-23,-29,101,10,101,50,-58,-10,5,-64,64,41,51,36,-51,-45,7,3,73,-13,72,46,-52,-59,-6,-10,94,-5,82,32,-22,2,-154,-22,40,38,18,42,-54,-9,23,-14,49,13,59
49.6800,51,-65,-2,-16,-50,76,42,61,23,-16,26,20,-17,15,18,14,40,-60,-62,-40,-3,105,-14,103,52,-64,-35,-20,-52,76,18,72,42,-53,-41,-6,18,62,-21,70,41,-47,-62,-19,5,90,-20,75,40,-28,14,-166,-21,42,25,28,33,-51,-5,11,-2,53,3,62
49.7000,41,-62,-22,-34,-39,92,27,73,25,-24,17,5,-18,25,20,18,29,-55,-66,-51,18,92,-32,105,40,-59,-47,-43,-32,85,-2,78,31,-50,-25,-16,26,41,-22,69,41,-48,-58,-33,27,74,-27,79,35,-35,34,-163,-3,47,21,38,30,-49,-9,-10,10,56,-16,69
49.7200,31,-53,-38,-52,-13,90,7,75,30,-25,11,-16,-22,36,19,21,19,-47,-59,-55,42,73,-47,97,38,-54,-59,-61,-11,78,-26,82,28,-41,-17,-22,37,27,-32,70,34,-40,-43,-40,40,55,-34,70,37,-37,44,-150,11,44,7,40,24,-45,-11,-25,22,47,-22,66
49.7400,18,-42,-45,-57,7,86,-14,79,33,-27,0,-33,-14,40,23,29,9,-33,-46,-50,56,53,-49,91,19,-41,-66,-68,12,82,-40,79,22,-38,0,-23,45,15,-28,61,29,-36,-33,-42,49,42,-41,60,35,-34,50,-113,10,39,1,45,17,-41,-8,-34,34,39,-26,60
49.7600,5,-34,-53,-54,23,82,-23,69,27,-30,-10,-47,-14,49,21,31,5,-20,-33,-44,64,32,-47,77,15,-31,-64,-67,26,70,-51,74,17,-33,12,-14,47,0,-31,53,23,-27,-15,-34,51,22,-37,57,33,-33,51,-65,14,35,-4,45,10,-29,-7,-41,43,28,-26,55
49.7800,5,-25,-53,-46,38,69,-30,63,22,-30,-20,-45,-11,43,15,33,-1,-13,-8,-27,69,15,-43,61,8,-19,-60,-58,43,57,-53,65,14,-24,29,-4,49,-10,-27,46,25,-22,0,-22,58,3,-30,52,31,-27,45,1,21,32,0,45,4,-13,-4,-32,41,14,-26,42
49.8000,-4,-14,-48,-29,49,56,-29,55,19,-22,-33,-42,-12,40,21,32,-3,-6,1,-3,68,-4,-29,47,4,-7,-52,-32,56,43,-54,51,10,-18,38,18,50,-23,-21,41,17,-22,19,-1,56,-15,-26,40,22,-27,29,75,21,27,-7,43,-6,-8,-4,-19,44,8,-24,33
49.8200,-1,-5,-48,-8,55,47,-25,41,13,-21,-38,-24,-3,46,16,31,-1,-7,22,29,67,-16,-23,37,-3,1,-35,-6,62,28,-46,39,-1,-16,37,43,48,-19,-15,34,12,-19,27,21,52,-23,-20,30,19,-24,11,154,25,28,-1,39,-10,2,-6,2,39,2,-9,22
49.8400,1,-1,-36,20,60,35,-16,33,1,-18,-47,-11,-4,39,19,34,-3,-9,25,53,58,-27,-11,29,3,6,-22,14,60,17,-39,30,-3,-11,37,63,45,-20,-12,24,13,-18,35,47,43,-26,-7,24,24,-20,-16,234,24,28,-3,41,-10,6,-4,24,33,-3,0,13
49.8600,5,1,-26,44,55,24,-12,30,8,-14,-52,6,-2,40,16,34,1,-9,33,82,49,-28,5,23,4,4,-7,42,55,1,-25,22,-8,0,29,82,33,-17,-1,20,12,-9,36,72,33,-29,3,20,26,-18,-32,309,15,30,9,35,-11,4,-1,42,32,-3,12,7
49.8800,19,-9,-12,64,51,16,3,25,7,-13,-47,27,2,36,15,37,6,-12,32,101,36,-32,14,22,15,0,7,74,48,-6,-17,12,-6,1,25,96,32,-12,9,14,11,-8,36,93,32,-26,4,16,24,-23,-55,367,14,35,12,35,-3,6,-9,55,13,-2,22,4
49.9000,24,-15,-4,85,44,7,9,26,12,-15,-46,43,8,35,11,37,6,-14,32,117,21,-29,27,23,19,-8,19,88,33,-11,-4,14,-7,3,11,101,21,-6,15,14,5,-14,28,101,23,-19,14,15,19,-28,-69,405,13,32,16,39,-1,6,-10,69,8,1,32,5
49.9200,33,-25,7,103,39,-5,10,32,23,-21,-41,57,10,29,15,41,11,-13,29,122,10,-21,33,27,23,-15,23,101,26,-17,4,17,-5,4,-1,104,16,3,23,11,11,-9,20,109,16,-12,23,18,20,-25,-81,415,8,33,12,39,12,0,-14,85,-2,9,35,7
49.9400,41,-35,21,115,32,-3,9,38,37,-29,-25,74,16,30,7,41,12,-17,25,127,8,-16,30,32,33,-22,37,118,19,-13,8,21,-5,3,-14,102,8,3,31,3,4,-10,13,115,14,-1,19,13,22,-23,-78,395,5,33,9,33,17,-11,-8,97,-10,15,40,15
49.9600,41,-40,31,123,28,0,15,40,44,-36,-12,86,18,23,0,47,11,-19,16,120,4,-6,33,34,35,-34,40,126,11,-14,4,25,-4,0,-17,94,-2,11,37,6,11,-4,8,107,5,4,20,15,26,-29,-73,335,9,29,10,39,26,-20,2,94,-18,25,39,18
49.9800,44,-50,41,124,31,-3,11,47,52,-46,3,98,25,27,-6,55,11,-22,15,104,0,4,34,35,35,-36,42,124,11,-14,9,29,3,-1,-27,82,-10,16,38,7,15,-8,-4,95,4,10,23,15,25,-30,-67,244,18,28,7,44,36,-28,2,92,-18,31,40,31
50.0000,44,-51,49,111,29,-1,3,56,59,-53,18,98,29,19,-14,58,13,-27,6,86,-1,14,30,36,31,-34,37,119,11,-8,3,41,7,-8,-26,62,-12,21,38,11,12,-10,-6,83,-5,22,29,19,22,-30,-50,128,18,19,-4,39,39,-42,11,87,-12,38,33,36
50.0200,39,-47,38,95,28,0,-1,57,64,-54,32,97,39,20,-22,64,12,-20,-5,64,-1,20,21,37,27,-37,32,99,13,-3,-3,43,20,-16,-25,42,-19,29,39,16,17,-13,-15,63,-5,26,29,16,18,-27,-27,-3,20,15,-3,37,43,-41,12,78,-9,40,25,40
50.0400,25,-39,24,67,35,3,-8,54,58,-61,39,82,47,9,-30,69,13,-18,-9,26,1,27,21,44,21,-31,23,73,15,2,-5,43,18,-18,-27,17,-26,34,36,21,23,-11,-21,33,-11,32,26,15,16,-24,-2,-134,30,10,-6,36,46,-47,16,55,-5,44,13,49
50.0600,11,-31,21,29,36,4,-7,53,48,-56,36,64,52,3,-40,71,12,-23,-18,-12,0,33,21,38,16,-23,3,38,15,5,-8,37,25,-22,-26,-16,-26,42,31,25,21,-18,-28,6,-6,31,25,22,15,-23,32,-247,29,11,-2,31,47,-54,14,23,3,44,4,52
50.0800,3,-20,1,-9,40,6,-5,43,40,-56,31,32,52,-6,-40,66,15,-17,-30,-53,0,36,20,38,14,-13,-8,-8,14,12,-10,32,30,-33,-27,-47,-25,47,23,35,29,-24,-26,-30,-11,38,23,24,14,-18,60,-339,23,7,0,32,39,-48,12,-5,13,45,-4,54
50.1000,-11,-4,-15,-52,44,9,-6,30,24,-40,18,-4,57,-13,-38,58,15,-19,-31,-85,-4,36,25,37,7,-7,-28,-50,19,10,-10,26,28,-32,-19,-72,-21,54,22,40,31,-25,-24,-58,-12,41,23,25,12,-17,86,-384,23,10,4,23,33,-43,1,-37,20,38,-12,55
50.1200,-10,10,-31,-84,38,10,3,23,12,-28,10,-33,53,-20,-34,45,16,-17,-35,-102,-5,41,29,32,-1,0,-35,-87,11,14,-6,16,31,-35,-22,-90,-21,62,9,43,28,-28,-25,-88,-22,46,23,29,15,-17,103,-398,18,8,9,19,31,-32,-8,-67,19,36,-15,50
50.1400,-18,16,-46,-104,38,10,9,9,-7,-10,-2,-69,58,-29,-26,36,20,-21,-32,-113,-14,39,28,34,6,2,-45,-110,12,15,-4,13,24,-34,-18,-94,-12,61,9,47,32,-28,-26,-98,-18,48,13,33,13,-13,109,-374,7,13,16,12,22,-30,-16,-85,22,32,-10,48
50.1600,-20,21,-51,-114,20,13,26,-1,-15,2,-19,-79,46,-31,-15,22,19,-25,-33,-107,-14,46,27,36,7,7,-46,-119,5,21,7,6,24,-33,-18,-79,-4,65,-3,52,32,-33,-26,-99,-21,53,13,35,17,-15,97,-320,1,18,29,9,18,-20,-17,-92,27,30,-9,35
50.1800,-11,17,-51,-99,10,11,40,-8,-30,13,-35,-73,44,-28,1,5,24,-29,-26,-77,-17,46,29,36,8,4,-52,-114,-8,25,17,0,21,-37,-20,-54,-1,63,-3,49,29,-40,-23,-78,-20,58,11,42,22,-21,71,-248,-11,24,30,18,11,-16,-31,-82,24,24,-2,31
50.2000,-5,16,-50,-73,-5,16,49,-13,-31,21,-45,-66,25,-27,15,-1,26,-31,-20,-43,-20,48,31,42,19,-4,-43,-87,-11,25,21,3,20,-27,-24,-19,2,60,-7,45,29,-37,-26,-47,-17,59,7,42,25,-26,33,-156,-15,34,42,20,13,-7,-33,-57,21,21,0,28
50.2200,6,2,-46,-34,-16,28,58,-10,-32,33,-53,-41,13,-21,26,-15,30,-43,-23,0,-23,54,24,44,23,-16,-34,-47,-22,32,29,11,20,-33,-20,22,13,58,-3,49,25,-36,-22,-4,-13,64,8,42,36,-38,-17,-72,-23,38,38,27,6,-11,-36,-28,15,16,9,24
50.2400,19,-5,-34,5,-28,35,61,-2,-28,32,-46,-5,2,-11,42,-22,24,-44,-19,49,-19,57,24,56,31,-22,-28,-9,-36,40,30,18,16,-27,-22,59,13,50,-7,44,25,-33,-27,40,0,59,-1,47,35,-43,-55,15,-32,51,41,37,6,-14,-41,7,8,16,16,17
50.2600,29,-22,-24,45,-36,46,65,17,-20,23,-51,24,-14,2,50,-26,23,-42,-18,93,-13,60,14,60,34,-33,-19,43,-37,48,28,25,13,-19,-20,93,22,40,-4,42,19,-28,-26,82,1,59,-6,50,39,-49,-93,103,-32,52,33,48,13,-17,-35,48,1,17,25,18
50.2800,32,-34,-11,77,-41,56,54,30,-7,21,-39,56,-24,18,59,-13,22,-41,-14,129,-7,57,5,62,38,-44,-8,80,-34,51,20,40,14,-20,-14,119,21,29,-4,40,18,-28,-22,112,8,56,-6,45,36,-55,-117,181,-25,58,24,61,9,-21,-30,80,-1,22,25,23
50.3000,38,-43,11,110,-42,63,43,41,6,8,-20,76,-33,27,64,-8,16,-39,-13,145,4,56,2,63,37,-45,0,112,-29,57,14,49,14,-19,-4,129,25,23,3,39,18,-18,-16,138,11,48,-11,46,31,-52,-126,250,-16,60,14,67,12,-21,-15,101,-4,25,25,24
50.3200,41,-46,19,118,-31,73,30,59,20,-9,-5,85,-38,36,55,7,14,-36,-2,151,15,52,-4,64,33,-48,10,134,-23,63,-4,57,14,-15,4,125,19,13,3,36,15,-20,-8,142,19,43,-12,41,21,-49,-120,297,-7,65,-3,71,10,-18,-9,111,-7,31,26,27
50.3400,34,-49,29,128,-21,76,15,68,30,-27,11,85,-42,46,54,22,11,-28,3,151,26,44,-13,64,23,-45,19,143,-12,67,-16,61,13,-18,15,112,19,12,5,36,14,-17,3,133,21,36,-7,37,18,-40,-97,341,10,66,-18,72,14,-22,6,112,-3,32,19,36
50.3600,27,-49,34,122,-13,85,0,71,41,-34,29,90,-36,54,39,37,8,-21,12,129,27,38,-13,57,17,-37,22,143,-1,60,-28,67,14,-10,31,94,15,8,8,40,17,-10,17,117,25,23,-11,38,6,-25,-70,361,23,66,-30,70,13,-20,18,106,-4,40,12,40
50.3800,21,-42,36,112,4,77,-11,71,47,-42,42,78,-32,62,26,47,0,-14,24,99,36,30,-11,51,16,-29,28,132,11,56,-39,56,10,-13,39,65,13,7,8,29,10,-13,28,98,29,14,-7,33,-4,-17,-34,358,31,47,-42,62,14,-22,30,90,6,41,5,43
50.4000,17,-31,36,98,17,71,-25,68,47,-44,52,67,-24,70,19,56,3,-10,36,70,38,22,-16,46,11,-18,26,115,30,48,-43,56,13,-13,42,30,7,6,9,32,15,-6,41,61,23,13,-8,25,-10,-1,1,331,54,42,-45,48,14,-21,35,76,8,39,2,40
50.4200,9,-22,33,76,34,66,-27,60,46,-44,64,57,-12,68,0,61,-1,-4,43,33,40,9,-2,40,6,-12,33,86,43,39,-36,43,11,-18,49,3,10,6,9,25,14,-3,54,25,24,9,-4,23,-18,11,38,290,56,32,-42,31,12,-21,44,51,15,43,1,40
50.4400,7,-9,33,56,41,54,-27,48,39,-46,64,35,-1,63,-9,63,4,-5,53,-1,35,6,0,25,1,-1,34,58,44,28,-40,32,11,-11,56,-18,13,9,7,27,16,-6,55,-3,19,7,6,20,-21,18,71,229,59,21,-33,17,10,-21,42,30,18,41,-2,36
50.4600,-5,-7,31,25,49,39,-21,38,30,-38,56,21,10,54,-15,58,2,2,52,-30,32,0,13,26,0,2,36,29,49,17,-32,21,9,-11,48,-33,6,18,11,24,17,-7,58,-30,17,4,9,15,-22,20,92,163,53,9,-18,5,15,-16,50,4,17,35,-2,28
50.4800,-1,3,24,-1,46,29,-7,26,25,-36,44,8,18,42,-19,58,4,-6,48,-51,17,0,18,23,-6,10,38,-2,41,8,-19,14,10,-13,43,-46,3,21,10,24,19,-13,55,-50,7,3,9,18,-12,19,109,92,48,-4,-5,-5,16,-14,42,-14,23,28,1,31
50.5000,-3,5,11,-22,46,19,2,11,14,-26,30,2,26,32,-24,47,12,-12,41,-67,11,0,28,18,2,7,39,-30,31,-6,-7,6,6,-13,32,-46,3,24,14,23,21,-12,49,-61,5,16,22,17,1,17,109,28,36,-17,12,-13,13,-14,33,-28,20,25,2,29
50.5200,-2,2,4,-37,34,6,15,13,6,-16,11,-11,30,20,-15,38,10,-16,30,-78,-1,2,35,26,10,4,29,-52,24,-8,4,1,8,-15,17,-42,0,29,18,24,25,-13,33,-59,-5,13,24,16,12,2,105,-17,27,-17,31,-12,7,-13,22,-41,14,23,9,21
50.5400,7,-1,-7,-50,21,-3,27,7,4,-14,-8,-15,27,13,-12,28,14,-19,9,-74,-6,10,40,29,14,0,13,-64,11,-17,16,-3,4,-11,0,-31,-3,27,23,20,23,-16,13,-58,-6,19,22,17,20,-11,89,-53,3,-20,43,-13,18,-16,3,-51,13,15,21,20
50.5600,13,-7,-19,-54,12,-4,36,8,-1,-16,-32,-11,25,10,-3,21,19,-22,-13,-60,-14,13,40,32,15,-10,3,-70,2,-10,28,5,10,-14,-25,-19,-8,31,22,28,21,-18,-9,-45,-13,28,28,22,34,-23,62,-68,-17,-16,50,-1,15,-20,-12,-49,3,14,21,24
50.5800,20,-13,-30,-47,0,2,39,12,5,-5,-49,-13,18,1,-2,18,14,-27,-31,-41,-19,22,44,42,22,-12,-12,-62,-10,-8,30,7,9,-13,-46,-7,-1,34,22,29,18,-17,-36,-28,-16,30,26,25,44,-36,34,-69,-27,-10,55,9,13,-23,-31,-40,0,18,29,22
50.6000,29,-25,-39,-38,-3,3,43,23,5,-6,-65,1,13,0,6,16,17,-31,-47,-13,-20,32,39,45,25,-24,-27,-47,-21,-1,32,18,12,-17,-61,14,-6,32,24,30,23,-19,-51,-9,-15,35,24,25,53,-51,-2,-66,-34,-2,55,24,24,-28,-48,-28,-9,18,28,31
50.6200,25,-28,-39,-18,-13,8,40,36,18,-17,-69,16,6,-3,9,19,21,-28,-64,11,-17,36,32,45,27,-30,-37,-23,-25,4,30,26,14,-20,-74,34,-6,36,23,31,23,-24,-71,16,-16,42,21,33,57,-57,-39,-48,-34,7,45,40,26,-31,-59,-8,-5,20,25,31
50.6400,24,-34,-41,2,-17,22,30,42,17,-17,-66,32,1,-2,13,24,17,-33,-79,33,-12,43,20,55,29,-33,-47,-1,-25,16,19,41,21,-24,-76,54,-7,33,21,34,17,-21,-78,42,-18,41,17,36,61,-65,-71,-28,-34,19,28,53,28,-34,-64,6,-9,27,22,37
50.6600,23,-36,-42,30,-10,32,27,49,30,-24,-59,47,1,8,11,27,15,-29,-79,61,-10,48,11,57,23,-32,-54,31,-27,31,9,45,24,-28,-71,74,-9,31,17,43,23,-21,-82,64,-11,40,18,38,57,-67,-96,-14,-25,29,17,67,27,-36,-62,33,-7,27,16,44
50.6800,16,-35,-34,56,-10,44,18,52,30,-25,-44,58,-2,15,13,32,12,-29,-70,81,1,49,3,61,21,-30,-50,52,-20,36,2,53,23,-29,-59,84,-6,37,10,43,22,-26,-71,77,-10,48,5,43,46,-61,-109,-1,-20,41,2,69,22,-40,-54,54,-7,35,4,49
50.7000,17,-27,-33,71,3,45,4,64,24,-26,-26,71,5,18,6,39,14,-25,-61,94,3,48,-5,65,14,-24,-53,80,-6,44,-12,48,23,-32,-40,93,-7,35,6,49,22,-29,-62,92,-6,46,4,42,36,-53,-118,20,-1,44,-16,75,21,-35,-41,69,-4,46,0,51
50.7200,7,-21,-29,85,12,50,-8,57,26,-25,-11,74,3,17,0,46,7,-25,-47,100,16,47,-7,54,17,-19,-49,90,8,48,-21,53,26,-31,-18,89,2,39,-2,53,25,-28,-37,97,-3,42,0,43,24,-39,-117,24,9,50,-25,66,19,-32,-32,85,2,42,-10,53
50.7400,6,-9,-24,91,24,49,-14,49,24,-21,5,82,12,24,-3,49,13,-17,-31,95,17,43,-12,55,6,-9,-43,98,8,51,-28,43,27,-30,2,81,10,34,-8,59,24,-20,-14,95,6,43,-5,44,6,-24,-107,35,13,56,-24,59,16,-22,-16,86,13,41,-11,49
50.7600,2,-3,-16,87,32,50,-16,41,9,-18,16,76,17,26,-6,47,17,-17,-8,84,23,41,-7,52,7,-11,-31,93,19,47,-32,37,24,-28,16,69,14,39,-13,53,29,-26,0,83,9,46,-8,44,-4,-11,-84,45,27,57,-33,50,14,-18,-4,88,17,41,-14,47
50.7800,8,2,-12,83,34,45,-12,35,8,-7,25,62,20,21,-10,43,16,-15,15,69,29,30,-5,43,4,-3,-21,88,25,37,-28,28,26,-23,30,48,22,42,-16,51,23,-23,22,64,14,38,-6,39,-17,9,-61,43,38,52,-29,36,13,-13,11,85,26,36,-20,40
50.8000,3,1,-3,69,40,38,-8,26,8,-2,26,51,23,23,-12,36,24,-20,34,50,21,24,-1,40,12,1,-7,76,30,35,-21,22,26,-22,40,34,25,35,-15,45,33,-24,37,47,15,36,-12,36,-27,19,-23,39,37,51,-21,19,11,-8,25,72,28,35,-12,27
50.8200,12,1,3,56,34,31,3,17,6,2,26,38,20,15,-8,25,21,-21,48,38,22,13,8,32,19,-2,10,60,27,28,-14,16,18,-22,45,17,29,31,-15,44,32,-29,49,27,19,32,-9,40,-29,25,-3,43,32,44,-6,-1,10,-5,30,61,30,29,-8,24
50.8400,17,1,16,41,27,24,16,18,1,4,21,29,20,11,-3,19,27,-26,54,20,14,14,7,34,23,-12,25,43,21,18,-6,7,20,-19,44,2,32,23,-15,40,33,-26,56,11,20,31,-8,33,-30,33,21,39,28,34,14,-9,9,-5,33,51,23,22,-3,22
50.8600,24,-10,28,27,16,18,26,12,0,0,15,15,20,6,-1,13,33,-36,61,1,15,9,12,36,32,-15,37,25,15,11,1,11,19,-21,40,-14,35,16,-7,34,28,-24,55,-2,16,25,-1,33,-30,33,41,34,12,32,30,-10,15,-8,38,40,22,13,11,17
50.8800,33,-21,27,12,8,13,32,10,11,1,10,4,12,6,11,9,29,-42,61,-8,11,8,17,38,37,-27,49,5,5,8,7,16,15,-21,29,-18,25,11,3,32,29,-29,48,-9,14,25,2,34,-21,22,55,35,4,27,39,-18,18,-17,38,26,12,10,18,14
50.9000,36,-33,35,-4,-7,11,35,20,18,-2,7,-5,2,8,19,10,31,-39,52,-15,9,11,22,45,38,-35,51,-7,2,0,15,19,18,-16,20,-20,20,4,4,31,25,-31,42,-18,15,21,3,33,-13,15,54,25,-11,24,51,-14,26,-17,34,18,6,5,25,16
50.9200,44,-38,34,-11,-7,13,42,29,22,-16,-3,-9,1,7,27,14,25,-40,37,-21,4,10,18,43,46,-46,54,-16,-8,4,19,26,11,-17,10,-18,13,5,10,28,30,-32,20,-24,9,18,4,34,-2,4,58,22,-17,26,58,-10,21,-24,24,8,-4,9,29,16
50.9400,47,-45,31,-18,-10,18,39,38,31,-27,-6,-13,-8,7,30,17,25,-45,15,-21,6,17,15,48,43,-50,43,-27,-9,10,13,33,10,-22,-2,-19,11,1,17,26,26,-34,5,-24,8,16,11,35,10,-7,51,14,-27,24,60,4,26,-34,18,2,-4,14,28,23
50.9600,47,-59,24,-24,-11,23,31,48,37,-29,-14,-17,-9,10,30,24,18,-41,3,-21,5,16,14,48,41,-52,32,-34,-14,5,6,45,11,-22,-10,-12,6,-1,21,30,17,-28,-13,-21,9,12,6,33,17,-18,45,23,-29,27,53,20,28,-35,7,-10,-11,13,34,24
50.9800,38,-55,19,-24,-8,27,21,60,46,-38,-17,-20,-12,14,22,32,13,-35,-6,-13,6,21,7,53,37,-52,16,-34,-4,16,2,49,11,-19,-17,-3,-1,5,14,32,18,-29,-21,-13,0,15,5,35,29,-30,36,27,-30,27,45,33,27,-39,-1,-6,-18,19,24,35
51.0000,27,-50,10,-22,-1,33,8,58,47,-47,-14,-16,-12,20,16,39,8,-30,-25,2,12,26,9,50,29,-44,5,-27,-1,21,-10,53,12,-17,-21,1,4,3,19,29,14,-24,-32,-10,2,16,8,32,36,-43,24,37,-26,32,36,46,27,-36,-13,-6,-14,20,22,40
51.0200,25,-42,1,-7,5,37,-6,60,47,-47,-7,-7,-7,26,9,42,4,-27,-32,18,9,29,0,47,23,-37,-11,-14,5,26,-18,57,6,-25,-21,18,-5,14,15,26,14,-20,-29,11,1,12,5,32,38,-47,12,51,-15,38,20,52,23,-36,-14,-7,-13,30,13,43
51.0400,18,-37,-8,1,18,38,-8,57,41,-43,-10,-4,-2,27,-2,44,2,-16,-34,29,15,29,-3,42,13,-27,-23,-4,8,27,-23,50,12,-18,-23,42,0,16,13,30,11,-21,-31,20,8,15,5,29,48,-45,-3,59,-14,42,4,60,18,-32,-17,3,-3,37,3,38
51.0600,7,-24,-20,21,25,37,-15,57,32,-48,-6,7,6,31,-5,48,1,-12,-31,44,13,27,2,40,4,-20,-33,13,9,35,-26,41,7,-12,-19,48,1,26,9,34,9,-13,-28,33,5,20,1,25,42,-49,-12,59,0,43,-7,67,19,-27,-20,15,0,41,3,37
51.0800,1,-15,-25,32,33,34,-14,44,27,-36,-5,25,14,27,-11,53,-1,-7,-29,55,18,29,2,31,1,-11,-32,25,21,27,-33,34,5,-16,-10,61,0,26,6,26,14,-15,-20,52,4,25,1,24,41,-50,-28,59,16,43,-15,70,15,-22,-18,22,7,41,-5,39
51.1000,-5,-4,-26,40,37,38,-12,36,19,-25,-4,31,20,26,-15,48,-6,-4,-24,66,12,32,11,27,0,-3,-40,41,25,31,-25,26,4,-13,-1,70,4,39,8,31,17,-17,-14,62,7,33,2,23,41,-43,-29,49,18,41,-17,67,7,-18,-26,31,14,44,-7,40
51.1200,-7,5,-25,49,29,32,-6,22,6,-16,1,40,25,20,-19,38,-3,-5,-14,71,7,34,16,28,-7,0,-29,51,22,23,-21,24,0,-12,1,71,0,41,9,31,7,-7,-4,71,5,31,9,26,36,-39,-30,47,23,39,-21,58,7,-7,-20,38,12,41,-4,29
51.1400,-9,8,-24,55,26,27,0,18,2,-9,-3,41,31,18,-18,32,0,-6,-6,67,5,31,13,27,-2,4,-29,56,19,24,-11,13,2,-11,5,66,-1,45,7,23,11,-18,2,67,4,39,7,22,31,-36,-28,39,23,38,-15,54,7,-8,-16,35,13,35,3,23
51.1600,-7,3,-17,49,25,21,11,10,-10,-3,-4,39,23,18,-8,22,4,-7,6,53,3,32,26,29,-5,7,-19,54,16,21,-6,9,-5,-3,9,59,2,48,12,22,9,-7,9,64,3,44,7,19,25,-30,-14,26,23,31,-15,47,4,-3,-14,32,14,36,6,21
51.1800,-3,4,-14,41,12,22,19,13,-17,6,1,33,17,10,-4,16,1,-14,11,54,-2,41,26,23,4,1,-8,48,4,23,4,6,-6,1,15,43,5,51,16,21,6,-7,22,54,0,42,10,21,23,-24,-6,18,16,27,-5,39,0,-3,-8,28,7,34,8,23
51.2000,1,-2,-1,32,10,23,33,7,-11,11,0,30,17,10,7,6,6,-16,17,41,-4,37,31,25,8,-3,4,41,-2,14,10,8,-4,0,14,30,2,49,22,20,12,-9,19,45,-1,44,12,18,20,-19,0,21,8,22,-1,36,4,-8,-4,26,2,32,13,14
51.2200,9,-10,7,21,-4,26,38,11,-9,10,3,24,10,8,11,8,0,-19,19,22,-8,37,27,29,10,-7,10,34,-10,20,19,8,-1,-2,6,16,5,44,18,23,11,-13,18,31,-3,39,13,20,18,-20,12,30,12,16,-2,30,8,-10,1,19,-1,30,21,14
51.2400,15,-19,14,21,-13,28,39,21,-2,1,1,18,10,8,18,4,5,-20,16,17,-11,44,28,34,15,-17,22,26,-15,24,14,15,10,-7,3,4,-3,44,23,17,10,-16,12,19,-2,48,16,20,11,-12,16,36,11,18,8,26,11,-11,0,7,-5,26,20,17
51.2600,20,-22,18,11,-14,33,36,31,9,-5,2,18,-5,12,23,9,9,-21,14,6,-10,45,32,42,16,-21,24,24,-15,27,21,21,11,-13,-2,-1,-9,37,23,21,7,-12,9,9,-2,43,14,25,5,-18,22,41,0,18,15,23,13,-22,-2,5,-8,31,27,24
51.2800,22,-34,17,15,-20,38,33,41,12,-8,1,20,-7,18,25,16,9,-26,5,-5,-4,42,25,45,17,-25,22,19,-13,31,15,30,17,-16,-6,-5,-5,33,23,29,13,-15,-1,1,-3,42,17,25,7,-17,21,57,-4,24,11,23,18,-25,9,6,-9,29,26,31
51.3000,20,-39,21,13,-17,43,24,49,18,-20,14,19,-10,20,20,18,11,-27,-5,2,-6,44,20,49,16,-32,23,18,-17,36,5,36,12,-21,-4,-4,-8,28,24,33,16,-16,-10,-5,-2,40,19,30,4,-15,18,64,-7,27,13,27,24,-26,3,7,-8,37,19,31
51.3200,21,-40,15,19,-8,47,19,48,23,-29,10,23,-11,23,19,23,14,-27,-9,2,3,42,20,51,16,-30,16,19,-7,35,3,40,22,-29,-5,-1,-6,26,18,38,19,-21,-11,-6,-1,37,11,35,4,-15,17,71,-7,25,9,23,24,-33,0,13,-10,35,15,38
51.3400,18,-39,14,24,3,51,5,53,25,-32,13,24,-15,28,17,39,16,-27,-16,7,4,41,9,56,15,-29,6,24,1,41,-8,40,21,-26,-7,4,-6,28,16,45,21,-22,-14,5,-1,34,13,33,7,-15,4,77,-5,34,11,26,23,-31,3,14,-9,35,15,43
51.3600,14,-32,1,31,12,52,-2,52,26,-37,11,31,-8,31,5,39,16,-24,-21,8,10,43,8,53,13,-25,4,30,9,39,-18,41,22,-29,-7,15,0,31,8,49,20,-20,-15,5,-4,30,11,39,10,-12,-1,76,0,33,5,25,23,-37,1,23,-3,37,1,50
51.3800,7,-19,-6,33,17,51,-7,50,25,-37,10,37,-6,26,1,45,14,-23,-21,14,10,31,3,50,10,-16,-8,30,15,33,-18,38,25,-31,-3,21,0,29,7,47,22,-21,-17,18,4,28,1,37,5,-12,-4,79,7,30,0,26,20,-29,0,30,7,37,0,50
51.4000,4,-21,-18,35,27,48,-8,46,20,-33,8,38,4,30,-4,45,18,-21,-22,13,15,33,5,45,12,-16,-17,33,15,32,-23,40,24,-28,-4,29,3,31,-1,47,29,-23,-10,21,4,25,-1,35,8,-13,-8,74,9,29,0,16,21,-28,-1,35,8,29,-10,46
51.4200,9,-13,-24,32,35,39,-11,39,18,-25,1,36,11,29,-12,41,12,-23,-17,16,14,28,2,43,14,-14,-26,35,24,27,-17,27,20,-28,-4,33,9,28,-7,47,26,-21,-6,20,6,25,1,36,16,-12,-17,70,9,34,-1,22,16,-21,-3,40,17,34,-9,43
51.4400,10,-3,-26,32,30,33,-7,28,14,-19,0,34,10,21,-12,38,15,-21,-6,28,11,23,7,46,17,-11,-26,31,23,23,-24,24,17,-27,-4,39,15,28,-9,49,22,-22,-6,30,2,28,-1,38,16,-15,-24,56,13,32,0,20,15,-21,-4,39,17,34,-4,32
51.4600,6,-6,-26,32,30,29,1,24,10,-16,-10,31,21,26,-16,32,20,-22,-7,27,15,24,7,39,20,-13,-25,23,19,18,-13,21,12,-23,-6,46,15,30,-9,46,25,-19,-3,31,6,23,-5,33,23,-16,-19,50,13,28,4,18,17,-17,-9,45,18,28,-9,34
51.4800,11,-8,-27,23,30,24,11,24,3,-11,-14,31,21,23,-13,24,20,-22,6,25,6,21,11,41,22,-8,-23,23,21,13,-10,22,15,-22,-9,42,15,26,-5,35,26,-21,-1,40,6,27,-3,29,25,-18,-20,42,16,27,8,19,14,-17,-8,36,16,23,-3,24
51.5000,18,-5,-16,18,19,18,19,16,5,-6,-19,27,19,12,-6,21,22,-20,6,25,5,18,14,38,20,-10,-9,21,13,13,-4,18,10,-17,-5,43,11,23,-4,34,20,-21,2,37,7,27,2,27,30,-25,-15,34,5,23,12,24,14,-16,-10,31,8,19,4,24
51.5200,20,-13,-6,19,11,16,25,16,7,-2,-19,21,14,11,0,22,22,-23,19,24,0,20,11,41,24,-17,-2,17,3,8,4,20,9,-15,1,39,19,24,-3,27,21,-23,9,33,7,28,2,27,28,-30,2,26,2,19,14,26,15,-14,0,23,7,15,10,24
51.5400,22,-13,6,12,-4,14,29,25,8,-5,-13,18,11,12,3,14,15,-23,22,28,-1,25,13,42,22,-20,9,15,-4,10,5,18,12,-14,7,33,11,19,1,28,22,-22,9,33,-2,31,-1,24,31,-35,10,27,1,16,13,32,12,-17,4,18,8,18,13,21
51.5600,23,-20,20,17,-4,16,32,23,15,-10,-7,15,1,11,14,17,14,-28,24,31,-2,23,11,39,25,-24,16,13,-9,8,6,26,8,-13,9,30,3,14,5,25,18,-24,17,34,3,30,-1,28,34,-33,22,36,-4,19,15,41,16,-17,7,12,-2,18,15,24
51.5800,19,-25,28,11,-9,22,26,30,14,-14,-2,18,-6,13,14,14,10,-25,24,32,-2,26,16,39,23,-30,25,15,-19,15,8,29,5,-13,12,18,2,19,7,21,15,-23,17,29,-7,29,-1,27,27,-39,27,42,-7,16,13,46,14,-22,15,12,-6,19,21,19
51.6000,22,-27,27,21,-14,27,29,31,15,-15,3,20,-4,13,16,18,6,-23,19,35,-2,22,11,42,21,-33,27,18,-15,17,3,36,4,-18,16,21,-3,16,6,26,15,-19,16,25,-4,29,6,26,18,-35,28,55,-7,16,13,43,16,-22,11,12,-13,25,20,22
51.6200,22,-28,35,24,-13,28,19,38,20,-16,13,24,-5,17,11,25,9,-18,17,36,3,28,9,40,18,-31,25,21,-15,25,-3,40,12,-18,14,19,-4,17,18,23,21,-23,15,24,-5,27,2,25,14,-33,23,66,-1,10,6,53,14,-24,13,13,-9,28,16,30
51.6400,19,-30,26,35,-9,33,12,45,26,-23,21,31,-10,20,7,26,7,-22,12,39,1,28,7,38,19,-29,20,30,-9,26,-9,40,11,-18,12,18,-5,19,13,25,16,-26,9,29,-9,33,-1,22,17,-29,23,76,0,18,1,50,12,-20,15,14,-13,32,14,31
51.6600,17,-31,18,41,-2,44,8,48,24,-29,19,40,-8,25,5,31,9,-22,6,43,3,34,4,42,12,-31,17,34,-7,29,-15,35,12,-23,-1,25,-4,22,10,27,18,-21,11,29,-6,33,-1,27,14,-25,8,85,4,18,-3,44,19,-25,14,21,-9,37,9,34
51.6800,16,-22,11,55,1,40,-1,43,27,-27,15,50,-4,25,-1,38,6,-17,4,46,7,35,2,38,14,-28,10,40,-1,35,-23,40,16,-24,6,28,-7,31,12,28,23,-22,3,32,-3,28,3,27,9,-25,-7,83,6,23,-4,46,18,-24,12,33,-4,38,9,35
51.7000,12,-22,4,62,11,45,-6,41,25,-33,15,57,2,26,-2,41,12,-19,-5,49,5,36,7,42,10,-24,-6,54,9,30,-23,37,15,-21,-1,42,-3,33,3,31,22,-25,2,41,-4,35,2,27,12,-21,-21,76,16,22,-9,37,15,-22,5,40,-2,39,5,37
51.7200,15,-19,-7,60,21,38,-4,39,21,-30,15,57,6,17,-13,42,12,-23,-7,49,11,33,6,36,13,-18,-3,58,10,29,-20,35,18,-28,-10,45,1,31,9,35,23,-28,-4,40,-1,32,2,32,14,-21,-29,62,19,26,-10,35,13,-25,2,45,3,35,0,35
51.7400,11,-15,-18,65,17,35,-3,32,19,-29,8,55,11,21,-8,37,15,-19,-10,46,10,31,6,37,10,-19,-9,55,14,26,-23,28,17,-32,-13,48,3,37,3,39,25,-30,-7,51,1,33,-3,33,10,-18,-41,40,18,32,-12,34,16,-21,-5,52,9,36,2,34
51.7600,10,-19,-18,57,24,35,-4,29,17,-24,-1,58,16,18,-15,38,17,-24,-9,51,6,29,8,38,12,-17,-20,57,15,29,-20,22,13,-27,-6,49,5,35,3,40,26,-27,-11,49,7,35,-2,33,10,-19,-39,26,16,29,-10,26,15,-21,-3,45,15,35,-5,38
51.7800,12,-20,-23,50,20,31,0,27,15,-22,-2,55,13,11,-14,31,22,-25,-8,47,8,29,7,37,13,-17,-20,53,15,22,-15,19,15,-31,-12,46,9,40,-1,40,26,-29,-6,49,9,28,-1,36,12,-19,-42,11,19,27,-5,27,15,-21,-6,50,12,29,0,32
51.8000,12,-17,-19,37,20,21,7,26,4,-16,-13,38,16,11,-11,29,21,-31,-4,39,8,29,12,38,19,-20,-18,46,13,17,-9,24,11,-24,-10,38,14,37,-5,39,30,-26,-5,43,4,36,-3,36,17,-21,-34,1,19,29,0,25,13,-23,-13,40,13,30,2,38
51.8200,16,-18,-18,30,15,21,11,20,6,-14,-8,29,22,3,-9,19,25,-32,-7,24,7,28,10,41,16,-21,-12,33,6,13,-6,18,10,-27,-11,27,8,32,-1,34,30,-31,-4,31,6,34,-5,35,17,-24,-19,-9,11,32,7,19,14,-24,-8,35,9,23,-1,29
51.8400,23,-29,-15,22,13,22,18,22,10,-14,-13,19,18,-1,0,21,21,-36,2,21,3,25,11,44,21,-25,-4,30,5,12,-4,24,18,-18,-9,16,10,28,1,38,21,-30,-6,25,7,27,1,34,16,-21,-9,-9,5,32,6,23,18,-24,-7,26,8,22,4,27
51.8600,23,-27,-5,11,1,19,21,24,10,-14,-15,8,11,0,1,15,25,-32,0,11,5,25,8,41,27,-31,1,19,-2,15,0,25,12,-20,-9,9,12,25,7,36,21,-28,-4,20,8,32,1,34,15,-21,7,-10,1,31,10,28,19,-24,-6,15,10,24,11,26
51.8800,25,-31,2,6,-1,23,22,29,9,-17,-15,3,9,1,0,21,20,-33,1,2,2,28,10,48,23,-34,8,11,-3,11,3,26,15,-18,-9,0,14,23,9,33,20,-27,-6,12,9,26,-3,37,16,-26,17,3,1,24,12,27,24,-24,-1,11,2,23,11,30
51.9000,28,-36,7,4,-1,22,29,39,16,-18,-6,-2,3,1,13,21,22,-34,4,2,-1,29,14,47,22,-30,15,10,-7,18,4,30,11,-21,-5,-1,6,24,15,37,19,-23,-4,4,4,26,1,36,13,-23,29,7,-7,31,13,29,21,-28,4,9,-1,22,14,31
51.9200,24,-32,16,6,-7,26,23,43,18,-24,-4,-4,2,7,12,26,18,-30,6,1,1,30,8,49,25,-30,16,8,-9,21,5,34,12,-14,2,-2,-1,17,19,36,18,-22,-3,4,5,25,3,29,15,-28,37,22,-5,27,10,28,21,-28,12,2,-2,19,19,30
51.9400,18,-35,18,10,-8,29,21,50,19,-24,-3,2,-5,10,8,27,14,-30,2,2,4,30,8,55,14,-32,21,6,-6,19,-1,41,11,-17,5,5,1,16,11,37,17,-17,-5,4,4,26,5,32,12,-22,37,41,-9,23,13,33,17,-29,9,3,-3,21,12,32
51.9600,11,-35,20,17,-5,32,14,44,22,-28,10,8,-3,16,11,31,8,-26,-2,5,0,31,8,47,13,-28,14,12,-3,29,-10,43,9,-16,9,4,-1,22,13,42,16,-19,1,7,5,24,5,32,12,-24,35,55,-4,31,8,38,10,-23,12,13,-2,22,11,35
51.9800,13,-31,12,19,-6,39,9,48,20,-25,11,17,-6,19,10,31,7,-21,-3,8,8,34,3,52,7,-24,15,9,-8,30,-6,43,10,-19,12,11,-1,22,14,40,10,-20,7,10,-1,26,3,32,4,-20,25,73,-5,26,8,33,11,-24,9,17,-2,27,8,41
52.0000,5,-20,8,21,1,42,4,47,14,-25,10,20,-5,18,3,29,6,-14,-6,19,-1,32,6,46,8,-20,1,15,-3,32,-17,39,7,-17,16,9,-3,28,13,36,11,-12,6,16,0,31,4,33,4,-20,17,84,-8,30,6,31,11,-22,5,16,2,26,5,37
52.0200,5,-21,-2,25,5,41,6,43,7,-19,8,26,-7,24,5,36,6,-13,-6,24,10,34,7,43,-2,-11,-5,18,6,31,-16,39,4,-14,7,23,-3,25,13,39,12,-16,8,21,-6,28,7,32,4,-17,6,89,-2,31,7,26,5,-15,3,19,2,28,-2,38
52.0400,-1,-12,-12,28,12,45,0,40,7,-16,5,28,-2,30,1,28,10,-7,-6,28,9,29,9,40,-2,-1,-13,20,10,27,-19,31,11,-10,8,32,2,32,10,38,12,-13,3,24,0,28,2,25,4,-13,-4,92,7,28,7,32,3,-14,0,24,6,35,1,33
52.0600,1,-8,-18,24,12,41,5,35,5,-14,4,32,-1,30,-3,31,4,-9,-10,29,8,31,8,38,-2,-2,-20,20,8,28,-16,25,8,-12,10,32,1,35,7,35,8,-13,4,30,2,33,6,25,2,-11,-15,86,-6,34,10,19,6,-11,-3,32,4,33,0,30
52.0800,4,-9,-18,24,12,42,0,33,3,-11,-7,36,6,30,-2,30,11,-12,-6,35,11,28,12,37,1,-4,-18,23,8,31,-14,17,5,-16,3,35,5,38,8,32,10,-13,5,30,4,32,6,25,6,-11,-21,81,1,31,9,20,7,-12,-5,32,2,33,3,27
52.1000,6,-10,-24,25,16,39,13,26,4,-13,-6,36,5,27,-1,27,10,-15,-2,34,8,29,10,34,1,-4,-16,26,10,25,-8,16,6,-14,-4,38,5,40,8,31,7,-11,5,33,2,36,5,25,7,-10,-21,75,-1,31,14,21,4,-9,-12,34,3,35,2,27
52.1200,5,-9,-20,19,14,35,14,25,0,-3,-6,30,3,26,3,23,9,-14,5,33,4,30,17,35,7,-2,-18,25,7,26,2,16,5,-15,3,33,5,38,11,31,15,-15,3,28,3,31,9,20,9,-10,-21,63,-4,35,12,21,6,-11,-11,31,5,31,5,21
52.1400,10,-14,-15,18,11,31,15,24,4,-4,-7,30,5,25,3,21,17,-18,5,30,0,26,21,36,7,-10,-9,25,6,24,2,15,4,-12,-2,29,6,36,10,28,12,-15,0,31,3,38,12,21,10,-9,-15,62,-5,34,19,25,8,-13,-13,31,2,35,13,18
52.1600,20,-20,-4,18,5,30,18,23,3,-6,-7,27,6,19,10,19,16,-24,8,28,3,31,20,38,11,-8,1,24,1,21,10,15,6,-16,-2,24,5,31,9,27,16,-17,2,32,3,35,8,28,15,-14,-5,49,-7,32,19,25,9,-16,-10,27,1,29,12,17
52.1800,18,-19,5,16,0,32,24,27,6,-9,-6,20,5,20,12,17,8,-27,13,22,1,28,21,36,15,-18,8,21,-2,19,10,20,2,-19,-1,19,6,34,12,25,17,-23,2,25,1,36,12,23,12,-18,-3,51,-7,33,22,29,15,-18,-3,25,-1,29,18,21
52.2000,25,-28,14,14,-2,28,25,31,15,-12,-1,14,4,22,16,18,11,-30,12,17,-2,35,21,38,16,-19,16,17,-8,25,14,22,7,-12,-3,11,-3,32,13,25,15,-23,4,17,2,37,12,23,15,-19,8,50,-2,33,18,27,16,-18,-3,14,-3,25,13,21
52.2200,19,-40,17,13,-4,29,25,34,14,-16,9,15,-3,20,15,23,11,-22,8,15,2,32,17,38,23,-27,18,18,-10,28,11,21,10,-15,1,11,2,28,17,25,18,-24,-2,13,3,33,15,23,10,-19,10,50,-14,34,19,29,13,-23,7,16,-4,26,14,24
52.2400,24,-36,21,15,-2,29,24,40,15,-22,9,6,-4,20,16,20,10,-24,10,11,4,34,20,45,22,-25,21,17,-12,30,10,30,12,-24,0,4,-2,28,16,27,16,-19,0,6,1,35,12,23,6,-15,23,58,-14,41,17,28,23,-29,6,12,-5,31,17,28
52.2600,22,-36,23,18,-2,37,17,45,22,-21,12,16,-5,20,11,27,12,-24,3,16,1,42,13,40,20,-28,23,21,-7,30,4,30,14,-23,1,6,-7,31,12,25,21,-26,3,4,0,32,8,25,10,-19,21,61,-5,31,7,36,19,-29,12,16,-13,33,17,37
52.2800,21,-38,24,24,2,36,9,51,22,-30,18,17,-6,19,17,28,11,-23,3,16,1,36,9,39,22,-34,16,23,-2,28,-1,38,15,-29,1,15,-5,31,11,34,22,-26,-2,7,-1,35,7,26,13,-23,17,64,-3,32,12,27,19,-26,12,20,-7,37,13,32
52.3000,19,-30,15,28,7,43,3,47,23,-29,20,24,2,26,10,35,14,-20,0,21,6,38,7,39,15,-27,15,24,-2,33,-7,38,21,-30,4,22,-8,28,9,29,17,-19,1,13,0,36,5,30,10,-19,8,53,0,36,2,31,19,-32,8,26,-4,38,7,37
52.3200,16,-27,9,35,17,43,5,48,20,-28,22,29,3,23,7,31,9,-17,-5,30,3,36,11,40,15,-24,9,24,3,34,-12,37,19,-29,1,28,-5,33,9,37,22,-22,1,19,-2,34,0,29,13,-18,4,48,-1,38,3,30,16,-31,11,27,-3,33,6,37
52.3400,11,-24,3,35,14,38,-6,42,22,-25,20,33,7,26,3,38,10,-17,-9,28,2,36,3,36,15,-20,3,38,8,35,-14,33,17,-27,6,36,-7,33,12,40,23,-25,2,24,-3,36,-1,33,13,-15,-6,39,-2,39,-1,32,18,-25,6,33,1,37,3,39
52.3600,9,-17,-7,37,16,41,-3,43,15,-22,14,40,13,25,-2,37,10,-17,-12,36,7,36,4,34,19,-18,-2,42,12,36,-16,36,18,-27,-2,42,2,35,-2,42,28,-21,0,34,1,29,-3,32,16,-17,-9,31,2,41,1,34,12,-26,6,39,1,34,-2,39
52.3800,2,-12,-16,37,20,32,-1,40,15,-23,5,31,11,17,-5,35,15,-21,-12,34,3,36,7,38,14,-21,-10,36,10,31,-18,29,17,-31,-2,49,-3,30,-3,41,28,-23,0,39,1,34,-2,26,17,-21,-19,17,11,39,0,27,16,-24,1,37,8,35,-1,40
52.4000,1,-15,-13,35,17,29,2,29,5,-12,-2,32,12,18,-2,34,12,-19,-8,35,3,32,6,40,12,-16,-11,37,9,29,-17,30,13,-20,8,46,3,37,-4,42,20,-24,7,34,1,34,-6,31,21,-16,-21,12,8,36,5,35,11,-23,-3,39,9,26,-6,34
52.4200,2,-11,-17,31,14,26,7,25,3,-12,-3,27,13,15,-2,31,15,-19,0,39,1,31,8,35,17,-14,-12,35,14,26,-17,25,7,-18,3,44,5,31,-5,37,21,-22,4,47,2,34,-6,31,29,-15,-19,1,8,38,1,30,11,-19,-2,35,9,27,-1,31
52.4400,6,-7,-13,25,14,21,12,20,5,-6,-3,23,16,12,-2,25,13,-20,-1,36,-2,30,7,39,15,-18,-10,29,7,22,-9,20,11,-16,7,40,2,26,-4,33,26,-19,9,37,0,33,-5,33,29,-27,-12,-4,7,34,1,25,8,-18,-9,30,10,29,-1,28
52.4600,10,-8,-10,21,6,19,15,17,0,-9,-12,18,16,15,0,21,13,-15,4,25,-2,28,10,38,19,-16,-6,27,4,22,-9,20,3,-17,5,41,8,31,-3,31,17,-27,9,33,-1,29,-8,29,23,-18,0,1,4,30,3,30,10,-7,-3,20,9,27,2,26
52.4800,12,-15,-4,17,2,24,20,22,7,-4,-14,13,9,8,7,21,8,-16,8,24,1,32,6,41,19,-14,-5,22,0,18,-7,22,3,-15,10,29,9,20,-1,29,16,-20,14,34,2,28,-5,27,27,-32,11,5,2,26,5,34,15,-13,3,20,9,18,7,25
52.5000,14,-11,-2,9,1,22,19,19,9,-8,-10,12,14,14,5,17,11,-22,16,25,-5,26,6,36,21,-24,3,18,-1,14,-5,28,3,-13,6,25,0,18,3,28,18,-17,12,30,4,27,-4,26,25,-25,10,14,4,25,4,35,12,-15,4,11,7,25,5,27
52.5200,13,-25,4,13,-3,20,22,22,15,-11,-9,12,4,13,7,12,14,-22,17,20,-4,28,7,40,21,-18,12,22,-8,16,-9,30,5,-11,2,22,3,20,5,24,12,-21,12,28,7,26,-5,21,21,-29,21,23,6,21,2,35,14,-17,3,14,1,19,12,24
52.5400,15,-26,16,11,-9,28,23,31,15,-17,-6,9,-5,9,11,13,9,-20,16,19,-10,28,12,38,22,-30,17,18,-5,17,-9,30,11,-16,8,19,0,21,11,26,13,-16,10,25,-2,23,-7,22,22,-36,24,42,1,20,4,39,13,-20,3,11,-4,18,12,24
52.5600,15,-32,25,24,-7,27,22,33,15,-16,-5,17,-9,13,9,18,10,-19,15,25,-3,27,10,38,15,-30,20,24,-15,20,-10,31,10,-19,10,20,-5,16,8,25,16,-17,15,24,-2,25,4,21,14,-30,27,60,-2,16,4,37,17,-15,10,10,-2,22,13,26
52.5800,12,-29,26,25,-12,33,17,35,18,-21,5,19,-8,17,8,24,6,-21,11,25,-3,31,11,38,15,-31,20,23,-9,18,-11,32,7,-18,16,26,-8,14,16,28,18,-20,10,29,1,23,0,18,19,-34,27,73,-3,21,8,36,11,-20,10,16,-7,24,9,26
52.6000,14,-30,23,36,-12,38,11,38,20,-23,8,32,-4,17,6,24,8,-20,14,28,2,30,11,33,10,-27,22,26,-10,16,-12,37,10,-18,12,20,-5,21,13,32,22,-21,7,25,2,25,1,23,13,-30,20,79,1,16,-1,35,20,-18,10,17,-10,28,12,31
52.6200,10,-31,17,33,-9,43,9,45,21,-31,12,40,-9,17,6,34,8,-16,6,30,-9,25,8,34,9,-27,16,35,-6,23,-13,33,14,-21,8,24,-7,24,11,28,23,-22,10,28,-4,19,1,19,14,-27,9,99,0,16,0,36,16,-19,7,27,-6,35,12,32
52.6400,12,-26,13,43,-5,40,2,39,22,-30,12,43,-10,23,-1,34,7,-20,5,39,-4,29,7,34,11,-26,11,40,2,24,-16,28,10,-23,5,29,-6,23,11,34,20,-27,4,35,-9,24,4,19,10,-22,3,105,2,22,2,31,16,-25,9,30,-8,33,9,35
52.6600,8,-26,11,46,-2,44,2,37,15,-32,17,50,-7,23,-3,40,8,-19,1,37,3,33,9,38,8,-21,3,40,3,21,-18,29,10,-26,8,35,-11,28,5,34,26,-29,3,30,-5,24,2,23,11,-22,-3,102,0,24,1,29,15,-20,5,37,-4,40,2,33
52.6800,7,-19,5,47,4,42,0,34,15,-30,12,53,-6,22,-7,36,9,-21,0,44,4,35,11,32,8,-14,-5,42,2,26,-19,29,9,-26,3,38,-4,35,4,36,26,-28,4,39,-1,28,5,31,7,-16,-13,94,7,27,-2,26,14,-23,-2,40,-2,35,4,35
52.7000,7,-21,-4,43,9,39,-2,34,12,-23,10,54,-2,27,-9,33,12,-20,-4,40,3,34,13,34,7,-14,-9,43,3,23,-11,24,10,-26,-2,40,-1,37,5,37,22,-30,-2,37,-4,30,3,25,13,-20,-21,83,5,28,0,29,18,-19,-4,44,0,35,-2,33
52.7200,6,-19,-11,42,11,39,3,26,3,-24,7,47,4,21,-11,32,11,-19,-3,39,-1,32,11,32,7,-14,-11,42,8,25,-15,25,6,-23,-4,41,-1,42,0,34,21,-26,-2,37,-1,28,1,26,15,-16,-19,66,3,29,4,24,13,-19,0,43,1,36,4,28
52.7400,12,-15,-13,35,11,38,2,26,1,-19,2,45,5,18,-9,27,16,-22,-1,35,-1,29,13,34,10,-18,-11,36,9,25,-15,18,12,-23,-3,38,2,44,3,38,21,-26,0,39,-2,31,-2,27,10,-18,-19,46,2,34,8,23,12,-24,-4,40,-2,39,4,30
52.7600,10,-17,-16,29,8,31,11,29,4,-12,-6,34,3,16,-8,24,11,-22,-7,26,3,37,11,35,9,-16,-8,29,8,21,-7,23,7,-24,-4,31,4,41,5,32,23,-26,3,30,5,36,0,26,14,-19,-13,31,0,41,6,22,14,-17,-6,34,3,36,3,24
52.7800,15,-19,-10,18,7,29,13,22,-1,-17,-2,27,9,10,-3,22,13,-19,3,19,3,32,14,32,11,-17,-7,24,5,19,-5,18,8,-21,-4,30,2,42,8,33,22,-21,2,27,3,37,5,25,17,-19,-7,18,0,34,9,27,15,-22,-4,30,4,34,9,21
52.8000,17,-21,-4,10,5,31,14,24,2,-11,-10,14,7,11,2,19,14,-19,7,15,-3,35,15,39,15,-19,1,14,-3,20,-3,17,7,-12,-3,12,6,37,3,32,17,-25,2,15,1,37,2,29,17,-16,7,5,1,35,12,26,13,-18,-1,16,4,25,4,21
52.8200,13,-24,-2,2,3,25,20,24,6,-12,-6,5,2,11,1,20,10,-20,9,3,-9,30,16,39,14,-22,8,6,-1,24,1,22,6,-14,4,1,2,32,11,29,17,-17,2,14,1,31,-2,31,17,-25,25,-2,-1,34,13,27,13,-22,0,12,0,23,10,24
52.8400,13,-29,0,0,0,26,19,29,5,-14,-3,1,1,7,7,15,13,-24,7,6,-2,36,8,43,16,-22,8,4,-4,22,4,21,4,-10,3,-1,1,32,8,28,14,-17,3,1,5,31,-6,25,19,-21,30,-6,-2,31,15,26,14,-21,0,3,-1,23,11,25
52.8600,18,-26,14,-1,-1,30,19,28,7,-12,-3,-4,-2,10,9,12,11,-22,14,-2,-4,36,10,41,16,-22,13,1,-8,23,-4,27,8,-14,3,-9,0,30,16,28,15,-20,8,-8,5,32,4,27,10,-20,37,-2,-8,32,9,26,8,-19,5,-2,-7,27,13,24
52.8800,19,-31,17,-1,-3,29,17,35,10,-17,0,-5,-6,12,9,14,14,-22,8,0,-2,34,13,39,13,-22,15,-3,-9,26,0,28,11,-15,8,-9,-2,29,14,30,12,-19,5,-7,-3,29,3,27,13,-24,38,6,-1,30,6,32,14,-22,7,-1,-6,30,14,24
52.9000,20,-30,14,0,-3,33,19,38,12,-19,2,-2,-4,11,9,17,9,-22,1,2,-4,39,13,43,12,-23,14,1,-8,26,-2,33,13,-19,4,-5,-2,30,11,28,17,-16,4,-5,1,33,6,23,13,-17,33,22,-4,30,7,28,16,-18,8,-3,-4,25,6,29
52.9200,16,-32,16,9,-4,37,15,37,17,-21,9,5,-8,18,10,23,15,-23,2,6,-2,37,13,48,12,-22,13,9,-9,30,-5,33,16,-19,6,-1,-4,24,14,29,13,-20,4,-4,0,27,3,26,8,-18,31,31,-8,26,6,27,13,-24,10,7,-6,28,8,33
52.9400,10,-30,12,17,-1,37,11,40,13,-24,4,11,-9,21,12,27,15,-18,2,12,1,35,10,43,13,-21,10,16,-8,28,-9,34,17,-22,2,10,-9,31,11,39,17,-22,5,8,1,27,3,27,7,-19,21,41,-9,30,1,30,13,-22,13,10,-11,32,10,30
52.9600,17,-28,10,18,2,39,4,40,18,-26,10,24,-8,24,6,26,12,-23,-1,24,-1,34,8,40,12,-21,9,24,1,41,-13,31,18,-23,1,18,-7,27,7,39,19,-19,1,14,0,28,-1,30,11,-21,8,51,-6,33,0,29,16,-23,7,19,-3,33,7,31
52.9800,12,-26,8,32,3,38,7,45,17,-27,8,28,-7,25,3,32,16,-25,-7,26,6,34,5,45,13,-19,8,31,-2,37,-10,33,19,-22,-1,29,-4,32,7,38,23,-18,2,21,5,34,2,24,11,-15,-4,50,-13,36,3,28,12,-21,10,26,-3,37,0,35
53.0000,15,-21,-2,33,10,37,8,33,17,-23,9,40,-7,28,0,34,13,-22,-9,35,3,33,2,47,15,-17,-5,37,-1,36,-14,30,22,-28,0,36,-2,33,4,45,22,-21,0,31,0,31,4,23,16,-20,-13,60,-10,35,-1,26,16,-22,4,34,-2,36,5,35
53.0200,9,-25,-8,36,9,38,2,37,10,-23,6,42,-3,26,-2,34,14,-22,-5,41,4,38,2,44,10,-18,-11,39,3,36,-14,30,15,-25,2,44,2,34,1,41,26,-25,-3,39,1,28,1,29,16,-21,-25,68,-5,37,2,29,12,-25,4,40,3,35,-3,33
53.0400,9,-25,-4,39,10,38,3,36,11,-20,7,43,4,30,-5,39,20,-29,-5,46,5,33,2,45,12,-19,-9,40,3,39,-13,26,14,-24,-1,47,6,39,-3,40,22,-25,0,48,3,33,-4,33,15,-24,-26,62,-4,41,0,31,15,-17,1,41,4,36,-1,33
53.0600,14,-22,-12,36,11,38,-2,33,10,-23,3,38,9,23,-4,35,20,-22,-7,45,4,25,-2,44,12,-17,-7,44,5,36,-11,28,10,-19,5,50,1,34,-2,42,21,-29,1,50,2,34,-6,36,17,-24,-23,62,-3,37,-4,31,9,-20,-1,41,-1,35,2,34
53.0800,15,-18,-9,37,11,37,7,34,12,-22,1,38,12,22,-3,28,18,-23,-2,46,7,28,2,43,13,-20,-5,37,4,30,-13,30,12,-20,4,46,6,37,-5,38,23,-20,6,48,6,31,-3,29,14,-27,-21,62,-5,36,3,31,12,-23,-2,47,9,33,-2,35
53.1000,15,-17,-7,33,15,29,6,32,7,-18,0,34,5,26,-5,29,16,-24,2,37,5,27,2,43,19,-21,-6,43,4,26,-9,26,6,-15,2,38,12,35,-4,35,21,-26,5,46,7,30,-9,29,16,-27,-17,58,-2,35,-1,30,10,-22,1,39,6,31,10,28
53.1200,10,-18,-3,25,9,29,9,28,5,-14,0,27,10,20,2,25,16,-22,11,36,5,31,3,48,14,-17,-3,32,-1,25,-14,23,8,-17,4,30,5,34,1,33,19,-18,10,42,6,30,-8,26,15,-25,-7,58,0,33,0,36,8,-18,-1,35,6,29,3,27
53.1400,10,-21,3,28,6,26,9,30,9,-14,-1,22,5,16,4,27,12,-19,12,34,5,29,2,44,14,-24,3,31,10,23,-12,29,7,-16,8,27,9,26,-3,26,16,-19,6,37,13,28,-6,27,20,-25,3,58,4,30,2,37,14,-18,7,22,2,30,3,24
53.1600,20,-21,2,24,6,25,10,31,11,-13,3,18,10,16,0,24,9,-14,15,29,3,25,4,44,12,-20,7,24,4,22,-6,32,2,-14,11,23,8,22,3,28,13,-18,16,31,5,26,-3,29,13,-24,8,62,3,29,0,32,11,-17,10,18,0,25,6,30
53.1800,14,-26,13,24,3,26,12,34,15,-15,2,20,4,13,5,22,7,-17,16,19,4,21,8,40,18,-14,14,24,-3,20,-11,34,6,-5,10,21,1,25,6,27,10,-14,13,26,3,30,0,22,12,-23,18,56,4,24,3,28,11,-16,10,19,-1,24,11,28
53.2000,11,-22,15,20,1,27,10,36,9,-16,3,16,5,14,9,24,7,-14,15,20,6,22,4,36,14,-23,22,20,0,18,-5,33,5,-12,14,15,-2,24,8,21,11,-12,18,22,4,30,2,18,8,-24,27,54,5,20,3,28,7,-22,17,12,-4,23,15,22
53.2200,11,-24,23,21,-2,30,9,34,7,-18,6,23,0,12,8,24,6,-12,13,14,-2,27,7,36,10,-17,23,15,-1,19,-12,32,4,-12,17,14,-4,23,11,22,9,-12,15,13,-4,26,1,16,9,-27,30,62,5,21,3,29,10,-17,14,14,-6,24,11,23
53.2400,12,-25,18,26,0,32,10,36,12,-18,5,20,2,13,9,27,2,-10,14,17,1,27,9,32,9,-12,18,19,0,19,-8,30,6,-13,16,15,-6,27,15,20,7,-13,10,15,-5,25,9,15,10,-21,28,67,1,20,7,30,14,-21,12,17,-9,26,8,31
53.2600,5,-20,17,29,0,31,6,32,11,-20,11,24,-5,15,10,24,-1,-13,12,14,-1,25,10,32,8,-17,18,21,-4,26,-8,33,16,-18,15,13,-11,24,14,25,13,-14,15,10,-5,25,7,17,7,-13,24,65,-2,26,7,27,12,-21,12,17,-7,29,8,31
53.2800,4,-16,14,31,3,30,5,33,8,-25,9,29,-6,22,9,31,3,-8,7,21,-10,29,15,33,2,-15,15,26,4,27,-11,23,9,-17,8,15,-19,27,14,26,15,-13,9,13,-10,26,11,7,7,-14,23,62,3,20,4,22,14,-22,9,16,-8,31,9,27
53.3000,9,-10,7,29,1,37,12,31,11,-22,5,27,-4,15,5,32,3,-9,3,22,-5,31,15,30,2,-14,9,23,-5,28,-13,22,15,-20,7,16,-10,32,14,26,16,-9,5,17,-11,27,10,16,5,-22,16,67,4,30,4,22,11,-18,2,18,-5,33,8,23
53.3200,4,-15,2,33,2,37,5,30,12,-21,6,32,0,24,6,28,5,-15,-1,24,-8,29,11,32,3,-12,4,22,-5,33,-7,24,17,-25,2,24,-13,35,6,30,18,-16,3,23,-14,35,7,20,4,-12,2,54,-4,29,7,24,8,-21,-2,21,-5,35,6,26
53.3400,2,-13,-2,32,-1,37,11,23,7,-20,8,37,1,23,3,26,8,-15,-8,23,-9,33,14,28,6,-16,-3,22,-7,32,-14,25,14,-27,-1,26,-13,38,5,32,22,-20,5,21,-13,37,4,20,6,-13,-2,54,-4,26,8,21,10,-20,2,27,-7,34,6,28
53.3600,9,-15,-1,31,1,38,8,21,3,-14,-3,39,-3,20,-4,25,7,-16,-2,30,-10,36,13,32,10,-14,-4,26,-7,29,-14,25,13,-25,-11,31,-12,43,5,28,27,-23,2,27,-16,38,7,22,10,-13,-12,49,-6,32,7,24,10,-20,-8,28,-5,35,-1,25
53.3800,9,-18,-10,31,-2,39,8,21,1,-16,1,34,-1,26,0,21,6,-12,-8,28,-12,36,12,37,13,-12,-4,24,-4,33,-6,20,9,-27,0,32,-9,46,2,27,25,-22,-1,28,-12,43,1,21,12,-16,-11,36,-4,32,8,25,12,-16,-5,25,0,37,3,27
53.4000,6,-18,-6,24,1,38,11,22,3,-11,4,29,0,22,1,27,11,-23,-6,23,-6,35,12,38,10,-18,-7,23,-6,34,-6,24,6,-23,-4,30,-4,38,2,30,26,-28,-1,30,-10,47,-1,24,7,-18,-12,30,-8,41,7,28,8,-19,-3,31,-8,34,3,31
53.4200,9,-17,-6,20,3,38,16,21,6,-10,5,27,-1,22,5,25,9,-25,-3,26,-10,38,11,39,18,-23,-5,24,-4,32,-9,28,9,-24,0,30,1,42,-1,29,23,-27,-4,28,-2,39,1,30,12,-27,-7,27,-6,37,4,31,14,-22,-3,26,-2,39,6,26
53.4400,17,-19,-2,18,-2,38,16,23,7,-10,6,21,3,21,-1,25,10,-24,-2,26,-7,36,7,43,13,-28,-1,21,-6,36,-10,27,7,-18,0,27,-1,40,1,30,22,-29,4,23,-8,39,-5,27,10,-25,4,28,-15,39,4,27,10,-16,4,23,-3,33,6,24
53.4600,12,-21,1,15,-1,38,14,25,8,-13,0,19,3,20,6,18,7,-23,6,24,-5,37,10,38,11,-23,-1,19,-8,29,-7,27,5,-21,4,22,4,38,3,29,20,-28,-1,21,0,40,-4,28,13,-21,7,23,-9,38,6,35,15,-18,4,17,-1,29,7,24
53.4800,12,-25,0,14,-1,37,17,27,5,-13,1,12,-1,17,3,19,4,-23,8,20,-3,38,8,41,15,-24,6,15,-8,29,-6,27,6,-16,9,18,0,32,3,26,21,-28,6,17,0,32,-6,24,19,-26,13,32,-5,38,2,31,11,-18,4,14,-6,27,4,27
53.5000,12,-26,5,15,-5,38,18,32,4,-17,7,10,-7,19,6,20,8,-16,12,16,1,32,3,37,18,-29,8,15,-10,32,-9,33,1,-20,14,14,4,29,2,25,14,-22,6,16,1,33,-7,25,14,-27,19,40,1,34,-3,29,11,-21,8,18,-1,29,8,32
53.5200,13,-27,13,14,-5,35,13,28,12,-18,8,10,1,21,5,20,3,-20,6,13,0,35,6,39,11,-31,11,16,-2,26,-10,28,7,-13,12,12,2,19,4,23,15,-17,14,20,6,28,-9,25,9,-22,32,47,-10,31,3,30,10,-21,10,15,-7,26,5,29
53.5400,12,-30,8,9,-6,37,15,31,12,-21,7,12,-4,19,6,21,1,-19,13,15,3,30,3,38,14,-27,17,17,-2,26,-12,32,11,-16,16,16,-3,16,3,27,15,-20,13,15,3,28,-2,23,8,-21,29,51,-5,33,5,32,4,-22,16,12,-4,26,8,29
53.5600,9,-28,9,17,-5,38,9,32,10,-17,8,20,-4,20,4,22,1,-22,12,18,3,28,8,38,7,-22,20,18,-1,27,-11,27,8,-17,10,18,-3,24,8,23,16,-19,19,17,6,23,-7,24,11,-17,27,59,-8,29,2,31,9,-20,15,17,0,27,6,28
53.5800,10,-26,11,19,-5,36,6,33,9,-20,9,14,-10,20,8,22,-1,-15,17,23,-2,26,4,34,3,-22,15,23,-4,26,-15,28,7,-22,13,23,-3,22,11,27,12,-16,18,23,0,21,-6,22,9,-20,20,61,-10,30,4,26,11,-19,15,15,-3,24,7,31
53.6000,8,-24,14,20,-1,35,5,29,12,-26,7,20,-9,25,7,22,3,-10,10,25,-1,23,8,35,8,-21,12,27,-1,27,-15,26,11,-19,12,29,-8,21,6,25,15,-20,10,23,6,19,-5,21,10,-18,16,63,-7,28,5,28,5,-15,11,20,-4,29,3,26
53.6200,1,-23,9,19,-6,36,6,26,13,-24,5,29,-3,22,6,27,7,-10,9,30,0,30,11,36,5,-16,9,28,-3,25,-17,27,17,-21,13,31,-3,25,11,30,17,-20,8,31,5,22,2,17,11,-18,7,67,-12,32,3,21,8,-17,10,27,-4,32,3,25
53.6400,7,-22,7,27,0,33,2,27,7,-25,8,30,-8,21,4,29,7,-17,10,35,-2,30,10,31,3,-12,11,32,0,26,-13,23,15,-17,12,41,-2,28,11,29,23,-14,9,31,1,22,2,21,6,-23,0,69,-10,34,8,27,9,-20,10,29,-5,27,7,29
53.6600,3,-21,3,32,-3,39,6,27,13,-19,6,34,-1,25,0,29,8,-11,3,41,-7,28,12,36,6,-11,5,37,-2,26,-14,21,15,-19,5,43,-12,30,11,32,20,-21,6,40,-2,32,2,23,16,-21,-6,65,-12,36,5,27,7,-17,5,31,-4,36,4,27
53.6800,6,-23,2,31,1,35,15,28,5,-22,10,29,-3,21,-1,25,13,-17,7,40,-6,37,14,44,8,-14,4,34,-4,28,-6,14,8,-24,5,48,-10,32,7,33,22,-19,3,45,-2,25,6,24,13,-29,-9,57,-10,34,7,29,9,-20,2,35,-1,34,4,27
53.7000,9,-21,3,29,-1,37,7,28,3,-22,5,32,-1,18,-4,29,9,-16,1,41,-9,30,14,42,10,-13,4,36,-7,32,-3,19,12,-22,-1,44,-9,39,10,33,17,-20,4,44,-4,28,4,22,15,-23,-11,51,-8,36,5,31,9,-21,0,33,0,34,2,28
53.7200,12,-23,5,34,-2,39,12,28,5,-18,3,32,-5,23,1,25,17,-15,3,48,-6,30,15,40,8,-15,1,40,-6,25,-2,25,18,-22,3,42,-4,39,7,36,23,-20,6,48,-6,37,2,26,11,-23,-9,42,-9,44,-2,32,10,-19,-2,35,-10,33,4,30
53.7400,13,-20,6,36,-2,34,15,31,6,-16,2,29,-3,19,1,23,12,-19,1,41,-12,36,10,46,11,-13,6,38,-6,24,-6,23,7,-17,-4,36,-6,40,8,36,22,-21,1,47,-5,36,4,28,21,-25,-7,36,-6,34,2,31,10,-21,4,31,-6,39,6,22
53.7600,13,-29,9,29,-1,35,16,29,3,-14,5,31,4,14,0,25,12,-23,5,35,-8,31,8,45,13,-18,6,35,-9,31,-2,25,9,-19,1,32,-1,47,7,32,18,-21,2,37,-2,39,4,31,17,-24,-9,30,-5,33,3,33,9,-17,4,26,-9,34,5,24
53.7800,11,-28,9,30,-5,31,12,31,0,-20,8,23,-2,18,1,22,15,-22,11,29,-3,38,10,49,14,-17,7,33,-14,31,-2,28,14,-18,8,27,-8,38,3,32,18,-18,6,34,-2,35,0,29,19,-25,0,27,-6,32,0,32,12,-20,3,27,-8,35,9,26
53.8000,15,-30,10,29,-4,34,11,29,8,-18,3,23,-3,21,10,28,7,-20,6,26,-6,39,6,50,13,-24,10,29,-13,34,-2,31,11,-20,7,22,-1,36,5,36,20,-21,7,25,-2,38,1,27,14,-26,4,29,-3,36,3,32,14,-23,5,16,-11,37,5,27
53.8200,11,-25,16,27,-4,39,12,33,6,-18,7,24,-3,14,8,21,8,-22,8,22,0,33,3,49,13,-19,10,26,-14,28,-6,30,5,-17,9,18,-8,37,10,26,14,-20,3,18,1,38,1,25,10,-21,15,28,0,32,0,29,12,-15,6,15,-17,31,10,27
53.8400,14,-25,13,25,-2,32,11,35,6,-19,5,21,-7,19,8,28,6,-14,11,18,-4,37,5,49,6,-19,10,19,-9,36,-4,32,4,-18,5,13,0,36,11,26,13,-17,9,11,-3,34,4,26,6,-16,22,30,0,29,2,30,13,-21,8,15,-11,34,4,30
53.8600,9,-28,14,21,-4,35,10,36,12,-17,13,23,-1,14,10,29,6,-15,9,14,-3,31,11,44,9,-17,11,24,-3,30,-9,31,10,-21,8,6,-1,32,6,31,16,-13,5,9,-4,31,2,20,2,-14,26,36,3,27,1,30,10,-21,11,12,-13,33,5,27
53.8800,15,-22,18,22,-1,33,6,38,10,-22,8,24,-7,19,8,24,2,-13,8,9,0,31,4,41,9,-19,8,17,-6,35,-9,34,10,-20,11,7,-5,30,7,33,14,-10,7,7,-2,32,2,23,6,-15,24,42,3,23,-4,26,14,-24,13,14,-8,35,6,31
53.9000,11,-22,13,21,6,36,6,35,9,-17,10,24,-4,20,5,25,3,-11,8,16,-3,30,2,40,10,-16,12,15,-6,33,-15,32,13,-20,13,7,-5,32,7,28,18,-16,5,7,-4,35,7,18,1,-10,21,46,-1,27,1,23,12,-14,9,14,-4,32,1,30
53.9200,12,-20,10,20,4,34,5,34,13,-21,11,27,0,18,6,30,3,-15,6,8,-2,31,4,35,7,-16,8,17,-6,36,-16,28,21,-22,5,8,-8,27,5,34,21,-17,5,13,0,29,3,24,3,-15,19,48,-1,23,-2,16,10,-22,5,13,-11,33,1,28
53.9400,6,-19,3,18,6,37,1,34,11,-22,9,29,2,20,3,25,8,-15,5,8,-6,31,4,35,5,-16,-1,11,0,29,-18,30,13,-27,3,16,-3,25,3,33,20,-13,5,9,-1,38,5,17,1,-10,16,47,-4,27,7,24,11,-26,8,15,-4,33,1,30
53.9600,7,-21,-2,24,5,36,2,31,10,-20,7,31,-1,19,-1,28,8,-17,6,15,-3,33,6,36,10,-16,4,20,-3,31,-12,28,17,-31,3,15,-3,31,0,31,19,-19,3,8,-6,31,-2,18,2,-12,9,52,-12,26,7,18,10,-22,9,20,-9,31,1,28
53.9800,6,-23,0,21,5,39,4,30,9,-19,4,29,5,21,4,25,8,-15,5,19,-2,33,6,36,12,-14,-4,17,-1,33,-16,26,18,-23,4,19,-3,40,-2,29,24,-16,3,19,-5,32,1,20,2,-17,0,52,-7,26,11,17,15,-18,7,21,-3,34,7,26
54.0000,6,-21,-8,18,4,37,2,25,12,-13,-1,27,3,18,0,26,13,-18,0,21,-2,27,4,35,13,-14,-3,14,-1,30,-13,23,15,-25,-1,26,-6,33,-2,30,23,-23,2,19,-3,31,-3,21,6,-11,-1,54,-11,30,14,16,12,-21,8,21,0,34,0,27
54.0200,9,-18,-6,18,5,35,5,26,5,-19,-2,24,7,20,4,31,11,-14,-3,21,-3,28,2,37,15,-20,-3,15,-3,30,-13,28,13,-27,-2,29,-9,29,-2,31,22,-23,2,25,-1,34,-1,23,15,-16,-6,48,-10,33,10,17,9,-18,1,27,-5,34,0,33
54.0400,7,-19,-10,13,2,32,9,27,9,-19,1,24,0,22,6,26,13,-21,2,20,-6,31,4,40,15,-19,-6,15,-3,32,-9,22,11,-25,-6,29,0,30,-2,31,23,-27,2,23,-1,33,-3,22,12,-19,-2,46,-12,30,13,26,12,-21,3,27,0,31,2,25
54.0600,15,-15,-6,14,-2,34,8,26,6,-16,1,19,0,19,1,25,13,-18,3,22,-7,31,0,44,13,-19,1,11,-5,26,-8,24,8,-26,4,28,-1,32,-3,30,23,-25,1,25,-6,33,-4,20,18,-19,-3,47,-16,37,15,25,8,-25,2,22,-3,28,3,29
54.0800,10,-21,0,14,-1,32,8,28,3,-16,1,14,-1,21,5,28,7,-17,3,26,-3,28,1,43,16,-22,-4,14,-5,31,-8,23,7,-27,5,28,0,28,-6,33,23,-23,7,22,-3,35,-7,25,14,-20,3,45,-15,42,18,28,14,-23,4,17,-2,27,3,25
54.1000,15,-20,2,9,0,31,14,28,8,-16,2,12,-6,15,4,25,5,-20,8,23,-5,33,9,51,15,-25,-3,11,-6,23,-12,27,5,-20,9,21,-3,27,1,35,19,-24,8,18,-3,34,-6,24,17,-27,10,49,-9,40,10,31,7,-16,3,15,-6,26,5,31
54.1200,13,-17,5,15,-5,33,14,27,10,-16,-3,9,-5,21,3,25,4,-22,7,21,-9,29,10,40,16,-20,14,11,-10,27,-14,32,4,-17,12,21,-5,30,0,29,18,-27,7,17,0,34,-8,27,14,-23,10,45,-9,40,6,35,9,-18,10,17,-8,27,3,24
54.1400,15,-25,9,12,-5,36,11,30,7,-13,4,8,-4,19,7,25,9,-16,9,20,-5,28,2,41,14,-20,11,15,-7,29,-10,25,-1,-19,7,20,-1,28,2,24,17,-23,10,19,2,35,-5,20,15,-23,17,50,-7,36,8,35,12,-20,9,15,-6,29,0,31
54.1600,7,-27,16,16,-7,35,10,26,10,-17,4,6,-4,18,5,31,0,-17,12,23,-6,27,5,37,12,-23,11,19,-7,27,-9,34,3,-12,15,21,-2,27,4,29,13,-19,13,18,4,31,-1,26,14,-23,23,48,-7,40,9,30,4,-18,11,18,-5,26,6,28
54.1800,6,-23,10,20,-4,32,8,28,13,-16,5,7,-3,21,6,24,0,-11,11,21,-3,30,3,41,8,-17,12,16,-6,27,-14,29,1,-16,13,20,-5,24,5,24,8,-17,14,22,-4,27,-5,25,13,-23,20,53,-2,36,6,35,9,-16,19,16,-8,26,7,30
54.2000,6,-24,14,19,-5,36,10,30,12,-20,13,12,-5,19,9,27,3,-9,12,21,-9,29,4,36,9,-19,19,19,-6,29,-16,26,3,-18,17,23,-7,24,5,28,16,-18,13,23,1,31,0,19,17,-18,25,55,-3,33,0,37,9,-18,13,13,-10,33,2,24
54.2200,5,-24,15,19,0,36,10,32,6,-20,10,11,-10,19,0,28,-1,-11,12,21,-10,26,6,35,7,-16,18,25,-8,28,-10,25,5,-12,15,24,-6,28,4,26,10,-14,18,23,0,26,-7,21,15,-21,21,54,0,32,2,32,10,-18,11,20,-5,29,4,29
54.2400,-4,-24,16,26,-5,35,7,31,10,-20,9,16,-4,25,4,26,-1,-10,11,22,-11,26,7,34,7,-13,12,25,-7,30,-14,22,7,-13,16,27,-7,31,5,25,16,-16,15,25,2,23,3,16,12,-21,16,61,-3,33,-1,30,1,-16,12,24,-3,32,5,29
54.2600,5,-23,10,30,-4,37,5,26,5,-20,15,21,-8,28,4,28,2,-8,9,27,-9,27,12,36,5,-15,11,26,-4,26,-16,27,9,-18,12,30,-12,33,9,25,14,-18,14,27,-6,31,0,19,12,-21,13,63,-5,34,-6,31,6,-13,10,20,-7,36,4,22
54.2800,4,-16,11,26,1,38,6,26,5,-25,15,29,-3,22,-2,30,0,-11,15,34,-9,30,15,31,2,-11,12,32,-6,29,-14,21,8,-18,14,28,-14,30,11,25,13,-13,16,32,-5,29,0,21,12,-20,10,57,2,32,-1,32,10,-15,9,27,-3,35,2,29
54.3000,3,-20,5,35,2,34,8,18,6,-17,9,30,-5,21,0,27,5,-8,10,31,-7,33,16,33,5,-16,12,34,-5,31,-13,23,10,-18,8,34,-13,40,8,27,17,-18,14,32,-9,31,6,20,13,-25,2,50,-4,33,-1,27,8,-17,6,27,-4,34,6,27
54.3200,1,-14,7,31,1,40,10,23,3,-16,14,31,-8,24,-1,22,4,-12,13,30,-13,37,15,34,7,-12,9,32,-7,29,-10,21,10,-20,6,35,-17,38,8,26,19,-18,16,35,-13,36,4,20,13,-21,4,51,-4,27,-1,28,9,-19,4,27,-6,34,2,24
54.3400,8,-19,3,30,0,34,10,22,3,-17,11,28,-3,23,7,25,4,-15,4,30,-7,29,12,39,6,-13,3,35,-4,25,-9,17,8,-19,7,33,-11,40,9,32,19,-20,6,32,-6,33,4,20,14,-23,-2,48,-11,33,5,24,13,-15,5,27,-4,34,12,21
54.3600,7,-16,3,29,-3,38,13,24,7,-14,11,32,0,22,3,24,8,-15,6,33,-12,29,13,37,15,-10,1,36,-5,28,-7,19,6,-24,-1,31,-10,42,13,34,18,-18,4,41,-8,37,3,26,11,-26,-5,43,-7,30,1,30,9,-19,2,26,-4,33,10,28
54.3800,6,-14,5,25,-6,35,11,24,9,-17,4,26,-2,22,4,23,12,-17,8,30,-15,33,18,41,6,-12,4,31,-14,32,-9,19,7,-18,4,33,-12,39,8,32,17,-23,8,32,-8,38,4,21,15,-22,-3,40,-9,31,1,26,12,-15,0,26,-7,37,10,22
54.4000,8,-16,4,21,-4,37,10,23,-1,-17,8,26,-2,14,2,24,6,-18,9,28,-9,38,15,46,10,-14,9,34,-7,26,-5,22,8,-19,7,26,-4,46,9,32,19,-20,3,26,-7,36,5,26,13,-20,0,29,-4,36,-2,32,9,-19,4,24,-6,31,10,24
54.4200,8,-22,12,22,-8,36,17,28,5,-15,14,24,-3,18,0,22,5,-17,4,23,-6,39,11,40,12,-19,15,28,-13,26,-6,26,10,-24,8,21,-7,37,10,33,18,-21,6,33,-7,35,-1,21,8,-19,7,35,-11,35,6,25,8,-20,8,22,-7,36,11,26
54.4400,5,-23,8,20,-1,37,14,28,4,-18,12,28,-3,15,9,25,8,-13,8,21,-8,36,10,44,11,-20,12,25,-9,34,-7,27,5,-19,8,23,-10,34,3,29,18,-16,10,20,-6,32,1,20,13,-20,17,35,-10,36,6,29,9,-18,11,19,-10,38,9,28
54.4600,5,-27,12,17,-4,36,13,32,8,-19,13,22,-4,19,6,21,0,-20,9,16,-11,36,6,47,9,-19,12,23,-9,34,-5,27,7,-15,15,9,-6,38,6,25,17,-16,13,21,-3,37,1,24,8,-18,17,35,-10,28,4,25,7,-18,16,18,-7,32,10,27
54.4800,8,-25,15,13,-6,39,14,33,3,-19,16,23,-7,20,9,23,3,-11,12,16,-2,37,2,43,5,-17,15,22,-7,38,-12,29,2,-13,10,9,-6,33,5,27,15,-15,15,14,-7,38,0,21,5,-20,20,40,-13,33,3,26,10,-15,13,17,-6,40,8,29
54.5000,8,-18,13,14,-4,40,9,32,6,-19,19,21,-8,19,9,24,2,-10,17,12,-9,36,5,40,7,-19,19,20,-10,35,-12,30,5,-13,16,9,-2,32,3,30,13,-11,19,15,6,34,1,24,-3,-12,23,51,-11,26,4,26,6,-17,18,15,-6,34,3,28
54.5200,11,-22,16,11,-3,38,11,32,8,-22,18,19,-3,17,5,24,-1,-9,17,16,-6,29,8,42,8,-14,19,21,-6,30,-10,31,8,-17,21,11,-5,35,10,30,14,-12,17,7,-2,33,-2,20,-3,-6,26,52,-10,31,6,23,10,-18,16,11,-8,31,6,27
54.5400,7,-19,13,13,-3,37,6,34,2,-14,18,21,-5,19,5,20,-1,-9,16,12,-7,34,3,43,3,-14,16,19,-7,35,-13,27,8,-16,18,11,-5,31,12,28,14,-7,16,11,0,33,2,17,0,-13,24,57,-12,33,7,22,5,-14,16,16,-8,32,5,26
54.5600,2,-23,11,16,1,39,10,29,4,-20,17,21,-14,22,4,26,-2,-8,13,15,1,32,5,35,4,-14,15,16,-4,33,-16,30,3,-20,18,20,-5,32,6,26,13,-15,20,16,-5,35,0,18,-1,-11,20,57,-12,32,3,20,11,-17,15,16,-6,32,4,24
54.5800,6,-17,12,15,0,38,7,31,7,-18,17,26,-8,21,8,23,1,-11,16,19,-7,31,0,36,5,-12,13,16,-5,33,-16,24,6,-18,14,20,-10,35,3,35,18,-17,20,15,0,32,0,15,-5,-9,15,59,-16,30,8,14,5,-15,11,16,-6,32,3,28
54.6000,4,-18,13,19,-6,44,11,26,9,-19,16,30,-7,25,7,28,1,-10,13,19,-3,29,5,29,7,-7,7,20,-7,31,-17,21,9,-21,13,26,-13,32,0,32,20,-19,15,17,-5,30,1,19,5,-9,10,62,-17,34,9,18,7,-18,10,21,-10,37,5,21
54.6200,3,-17,6,22,2,43,5,28,2,-16,11,24,-8,25,4,25,2,-10,12,20,-4,29,7,37,3,-9,10,22,-10,33,-15,21,12,-21,10,26,-10,33,6,25,20,-12,15,25,-7,30,7,17,6,-8,3,62,-15,34,12,17,3,-13,10,26,-7,36,2,27
54.6400,4,-18,3,18,2,35,4,23,5,-15,9,23,-8,24,3,27,4,-13,13,24,-7,30,5,33,5,-13,4,20,-5,28,-14,27,11,-24,7,29,-11,36,1,27,20,-21,17,29,-7,31,2,24,13,-15,3,57,-17,34,6,20,10,-15,8,23,-10,29,2,21
54.6600,7,-17,0,22,3,40,7,21,2,-14,9,25,-5,24,0,23,6,-18,9,25,-11,28,10,36,7,-12,4,21,-1,26,-14,24,12,-22,3,33,-13,38,4,28,19,-21,9,28,-8,32,4,19,9,-16,1,54,-17,37,2,20,8,-16,2,24,-13,33,2,21
54.6800,7,-20,1,23,-2,36,6,24,2,-14,5,21,-4,26,3,22,7,-17,10,31,-9,29,9,41,9,-10,4,24,-7,32,-14,23,9,-19,1,29,-11,38,3,33,21,-19,6,26,-12,33,-1,19,10,-20,-5,50,-16,41,7,21,6,-15,-1,24,-11,40,4,25
54.7000,10,-21,10,22,-6,33,10,16,4,-15,1,19,-12,20,3,23,11,-16,9,24,-11,34,8,38,15,-19,4,29,-11,29,-11,25,10,-23,0,29,-10,34,-2,31,17,-22,1,31,-12,35,-1,20,7,-19,1,46,-19,43,3,23,8,-19,2,22,-6,31,9,25
54.7200,7,-24,9,22,-7,35,12,25,13,-18,5,21,-11,24,4,21,13,-15,8,26,-12,31,10,38,14,-17,3,22,-16,35,-12,19,9,-23,0,25,-10,34,1,31,21,-25,5,27,-6,36,2,23,14,-22,3,42,-14,39,4,24,13,-18,7,22,-11,31,5,25
54.7400,13,-28,12,21,-8,35,18,25,14,-15,6,17,-6,24,5,26,12,-23,8,21,-16,31,5,43,17,-22,7,23,-10,26,-12,23,6,-23,2,20,-6,30,0,27,21,-17,8,27,-4,37,-2,25,14,-28,6,44,-7,35,4,32,11,-20,10,21,-14,30,4,20
54.7600,13,-25,13,22,-8,37,8,29,11,-19,4,15,-3,24,0,27,7,-22,8,23,-13,31,8,43,13,-20,7,23,-14,28,-11,26,3,-25,3,25,-4,33,2,28,22,-21,3,26,-4,34,-1,25,16,-24,7,42,-14,37,6,35,12,-24,10,15,-11,38,5,27
54.7800,16,-27,17,25,-8,36,12,27,10,-19,4,22,-10,22,5,28,7,-20,7,24,-11,28,3,43,16,-25,13,20,-13,29,-10,28,5,-22,6,24,-8,29,-1,26,16,-18,1,25,-7,34,-4,21,12,-25,9,45,-5,35,0,31,6,-23,13,18,-10,30,3,26
54.8000,18,-30,12,23,-10,40,8,30,14,-20,11,19,-11,22,8,27,3,-19,9,22,-10,32,0,41,13,-28,16,19,-10,31,-15,34,11,-18,6,23,-5,34,0,28,20,-16,4,21,-2,29,1,21,12,-27,13,46,-3,34,2,33,12,-20,12,16,-7,35,4,25
54.8200,12,-27,16,24,-8,34,9,33,9,-22,9,19,-10,22,4,26,2,-18,5,22,-11,32,-3,45,14,-18,10,18,-12,33,-14,31,10,-17,9,19,-9,31,-2,30,14,-15,7,19,-4,32,-1,19,16,-26,15,47,-3,26,-1,35,9,-18,14,15,-10,36,5,29
54.8400,10,-27,12,24,-6,36,4,32,14,-24,12,25,-8,23,5,32,0,-14,9,20,-6,29,0,45,14,-16,14,22,-10,32,-23,35,3,-21,13,22,-8,28,5,27,13,-15,9,20,-7,33,-4,25,11,-20,24,55,-7,31,0,32,12,-19,14,15,-8,28,2,30
54.8600,13,-23,12,23,-4,42,5,31,14,-21,13,25,-7,20,5,27,0,-15,11,17,-5,25,6,40,8,-19,9,22,-10,35,-17,31,1,-23,14,18,-9,29,-1,24,14,-18,14,19,-6,30,-2,22,7,-18,23,53,-7,31,-4,27,13,-22,12,17,-7,29,1,32
54.8800,7,-26,17,24,-1,42,3,32,11,-21,11,26,-7,21,1,33,2,-16,6,19,-12,29,3,39,9,-17,9,23,-7,28,-18,32,10,-19,16,21,-7,32,4,31,13,-16,11,20,-4,28,-6,22,12,-22,18,59,1,28,-4,29,6,-21,16,17,-10,32,1,31
54.9000,5,-23,11,23,1,33,6,31,8,-23,8,26,-4,19,3,30,-2,-11,9,24,-7,25,2,36,10,-11,9,21,-4,35,-19,30,4,-18,17,17,-8,29,6,30,15,-13,12,18,-8,31,-1,19,11,-20,14,55,2,24,-9,32,9,-21,12,20,-8,35,4,30
54.9200,5,-16,8,20,-3,32,2,31,3,-19,14,28,-8,19,1,31,2,-15,7,25,-8,30,4,37,4,-8,4,24,-2,27,-21,26,11,-20,16,23,-9,35,2,26,15,-14,11,21,-6,34,1,22,7,-17,9,51,-1,27,0,31,11,-16,17,20,-9,35,4,28
54.9400,-1,-15,2,25,0,33,4,32,6,-20,14,31,-1,20,2,33,4,-11,7,22,-11,29,7,38,1,-9,7,22,-3,32,-13,26,8,-17,11,23,-13,30,9,24,17,-15,13,21,-7,34,6,21,6,-16,10,46,-7,25,5,23,6,-15,8,26,-9,35,2,25
54.9600,1,-16,3,22,5,32,6,25,5,-16,11,32,-2,24,1,30,3,-11,14,26,-8,30,9,37,6,-7,4,19,-1,28,-14,26,5,-21,12,23,-10,36,2,27,13,-17,14,23,-11,34,3,23,11,-14,8,49,-4,35,5,28,4,-17,7,23,-8,36,3,22
54.9800,3,-12,7,24,1,32,6,27,-1,-13,11,23,-3,19,-1,26,5,-20,8,28,-4,27,5,38,5,-9,7,20,-3,27,-17,23,6,-17,12,26,-13,36,2,23,16,-13,11,25,-6,35,3,17,5,-15,0,40,-7,29,6,22,9,-12,10,20,-3,39,1,26
55.0000,5,-15,6,21,2,41,8,20,7,-13,3,27,1,17,3,31,-3,-17,12,25,-9,23,12,37,4,-11,6,18,-7,31,-14,20,3,-17,11,24,-11,33,3,24,14,-10,8,27,-10,37,2,22,5,-17,3,37,-9,31,8,20,7,-19,7,21,-4,32,5,25
55.0200,3,-18,8,24,-2,33,7,24,6,-14,1,24,-1,22,2,28,3,-14,10,23,-7,29,14,38,6,-9,8,25,-7,30,-12,20,2,-15,10,21,-7,35,4,21,19,-17,7,24,-14,39,2,23,5,-15,3,39,-17,36,4,19,2,-17,12,22,-4,35,4,23
55.0400,5,-14,5,21,-5,35,14,22,6,-10,6,22,-4,21,8,25,0,-13,9,22,-13,32,10,41,8,-10,8,18,-8,28,-9,20,0,-14,12,22,-15,41,8,27,17,-15,10,25,-10,35,-3,17,10,-17,8,41,-11,35,9,23,7,-15,10,22,-11,37,6,23
55.0600,1,-15,6,15,-7,39,15,23,2,-6,-1,19,-3,21,13,24,-2,-19,17,22,-12,30,7,38,9,-15,15,21,-17,30,-11,23,9,-16,14,19,-12,35,9,26,16,-14,11,18,-10,40,3,19,7,-19,9,38,-10,34,11,21,5,-18,15,17,-12,38,5,24
55.0800,7,-17,12,13,-8,34,14,21,-3,-12,9,16,-8,24,7,22,0,-16,13,16,-9,36,10,38,3,-21,9,16,-13,30,-8,24,2,-16,13,18,-10,39,8,28,16,-19,10,20,-12,38,-1,22,7,-13,12,38,-13,40,8,26,9,-19,9,23,-12,36,8,26
55.1000,3,-18,18,17,-8,38,13,24,4,-14,9,17,-7,17,8,22,1,-17,13,18,-14,37,6,38,4,-13,13,16,-15,35,-9,21,2,-20,14,14,-13,38,3,21,15,-13,14,21,-15,37,-1,19,1,-21,15,38,-18,40,9,16,7,-17,13,21,-13,32,9,27
55.1200,5,-23,15,15,-10,37,12,29,6,-12,9,9,-8,20,11,23,-5,-12,14,18,-13,38,9,41,5,-16,15,15,-12,32,-12,25,7,-8,14,15,-10,35,8,23,11,-15,12,19,-8,34,1,19,4,-18,17,45,-12,38,12,23,7,-13,13,16,-13,34,6,22
55.1400,4,-24,17,14,-10,40,14,23,3,-10,9,11,-9,23,11,21,-2,-14,16,11,-10,33,11,40,3,-16,19,15,-9,36,-11,25,6,-18,15,17,-12,36,11,26,14,-9,18,16,-9,38,0,17,1,-15,20,48,-11,36,6,22,3,-18,15,12,-16,33,5,27
55.1600,-2,-23,16,17,-12,39,16,28,4,-14,13,16,-16,24,7,22,-10,-14,14,16,-10,33,10,41,0,-13,21,16,-10,35,-14,27,3,-17,20,13,-16,35,7,24,13,-11,18,17,-5,35,1,18,1,-14,23,53,-12,36,5,24,3,-18,12,12,-11,37,6,27
55.1800,1,-23,18,12,-7,45,11,25,4,-15,21,14,-12,26,16,28,-3,-12,16,18,-10,31,10,38,3,-14,19,16,-10,34,-12,23,6,-17,23,16,-12,33,10,24,9,-11,15,15,-10,36,-5,20,8,-14,22,57,-14,40,10,22,9,-12,15,21,-10,38,5,28
55.2000,4,-20,16,17,-6,38,13,27,0,-20,19,12,-15,24,7,26,-4,-12,16,20,-4,33,7,37,2,-12,22,18,-10,40,-13,28,7,-16,20,19,-15,38,11,23,15,-9,18,18,-9,34,1,14,6,-16,20,60,-17,37,4,23,9,-15,16,19,-12,39,2,25
55.2200,3,-17,15,17,-5,42,9,27,4,-13,14,21,-14,28,5,19,-1,-18,22,20,-9,37,12,40,-1,-15,18,16,-9,36,-16,24,8,-19,13,23,-8,38,7,20,18,-13,15,25,-5,35,-1,21,6,-20,13,65,-2,36,5,25,4,-13,20,19,-10,37,7,22
55.2400,5,-17,13,21,-6,46,9,28,-3,-20,17,17,-14,27,2,24,-3,-14,13,15,-8,32,8,38,3,-5,21,20,-7,35,-14,24,7,-18,17,23,-9,35,4,24,19,-15,18,26,-12,33,1,17,5,-14,15,59,-17,37,5,23,4,-16,12,22,-15,35,8,27
55.2600,8,-18,16,17,-4,40,7,28,1,-18,13,23,-12,29,5,24,-1,-8,11,23,-13,32,7,37,2,-9,16,25,-13,34,-10,23,5,-16,11,25,-11,34,7,26,21,-14,16,26,-6,36,0,20,4,-9,16,53,-17,38,8,20,3,-14,13,19,-9,36,8,25
55.2800,2,-16,11,18,-6,42,6,27,7,-14,17,22,-11,27,6,21,2,-12,15,28,-10,36,4,37,2,-11,16,24,-10,30,-13,21,10,-18,14,25,-9,35,5,22,18,-13,16,28,-8,33,0,21,9,-18,9,53,-12,37,1,26,3,-11,17,22,-12,38,3,25
55.3000,5,-15,8,22,-2,43,6,22,4,-17,14,23,-12,30,3,27,5,-13,15,27,-12,30,11,35,7,-9,12,27,-11,33,-13,19,7,-20,12,24,-15,34,6,25,20,-14,18,26,-13,38,0,24,8,-15,7,50,-8,33,3,25,6,-20,14,22,-10,38,3,22
55.3200,7,-18,8,24,-5,37,9,24,2,-16,17,23,-8,26,2,26,0,-17,13,25,-15,36,13,34,9,-10,12,24,-10,35,-12,18,5,-18,14,23,-9,37,2,26,19,-13,15,23,-10,36,2,17,7,-20,7,47,-14,38,2,25,7,-15,11,21,-12,41,6,21
55.3400,4,-16,17,25,-5,39,10,22,3,-11,14,21,-8,31,10,25,3,-15,10,21,-8,31,14,37,6,-10,13,28,-12,32,-11,21,4,-19,12,22,-9,37,4,28,19,-13,15,22,-8,36,2,25,8,-16,7,43,-14,39,3,26,9,-11,12,19,-7,33,3,25
55.3600,7,-18,13,22,-6,37,8,27,3,-12,16,20,-13,30,3,27,2,-17,11,21,-8,31,11,39,7,-12,15,26,-11,36,-8,22,3,-18,11,20,-7,35,5,24,19,-11,9,25,-10,35,1,21,10,-18,8,44,-10,38,4,25,5,-14,12,20,-7,33,4,19
55.3800,12,-21,13,20,-10,35,16,24,8,-18,18,22,-9,24,4,22,6,-17,13,20,-12,31,9,41,10,-12,16,17,-9,37,-6,20,7,-20,15,14,-3,34,4,25,16,-12,13,22,-10,38,1,21,5,-18,12,41,-11,34,-2,24,9,-14,14,17,-13,37,5,24
55.4000,8,-24,14,18,-8,34,7,29,11,-14,19,15,-10,24,1,21,4,-13,11,16,-14,31,7,40,6,-13,19,25,-15,28,-5,20,6,-19,10,16,-10,34,3,25,16,-14,14,23,-11,33,3,22,6,-20,20,36,-14,34,3,25,11,-17,13,13,-7,37,10,23
55.4200,7,-22,19,16,-11,35,8,23,5,-20,19,16,-3,24,4,21,-4,-11,15,12,-17,34,9,41,10,-17,20,16,-15,31,-12,26,5,-20,10,14,-7,32,4,25,22,-12,12,16,-8,35,0,21,1,-20,15,39,-13,34,3,26,9,-17,12,16,-11,32,8,24
55.4400,11,-19,18,19,-6,39,12,25,10,-16,12,17,-8,23,7,26,-2,-16,10,16,-15,32,6,39,13,-17,15,18,-18,34,-12,25,9,-18,8,14,-13,33,2,26,14,-11,12,17,-9,39,5,20,2,-17,14,38,-15,37,7,27,7,-22,13,16,-8,33,6,26
55.4600,4,-21,17,13,-10,37,12,27,12,-16,18,16,-7,25,2,26,0,-17,18,19,-13,31,13,39,6,-12,25,21,-16,32,-11,27,8,-20,6,12,-13,36,6,26,19,-11,14,13,-9,36,1,20,10,-18,19,42,-11,30,8,26,9,-19,17,13,-16,34,4,20
55.4800,7,-22,20,14,-3,37,6,32,8,-16,13,21,-11,23,6,28,1,-14,12,17,-13,29,9,40,15,-17,15,17,-13,34,-14,25,6,-23,12,18,-14,33,5,28,17,-12,13,13,-9,32,9,17,13,-19,19,44,-15,29,6,26,7,-20,10,19,-11,39,7,29
55.5000,1,-20,19,16,-8,40,8,33,12,-19,17,21,-11,22,4,27,-2,-12,15,16,-12,30,7,40,10,-15,13,13,-16,32,-12,31,7,-22,14,17,-16,36,2,31,18,-15,14,15,-10,30,1,17,10,-18,16,46,-19,32,7,23,9,-16,21,13,-11,42,2,30
55.5200,2,-23,18,16,-10,42,4,33,2,-17,12,24,-9,22,-5,27,1,-14,6,14,-13,35,4,36,8,-12,14,18,-12,32,-16,29,10,-23,13,24,-21,38,4,27,21,-13,12,16,-10,35,5,20,10,-22,12,43,-19,29,1,27,8,-15,17,16,-18,40,3,30
55.5400,1,-16,15,18,-11,44,7,27,5,-14,16,27,-10,25,5,28,1,-18,11,19,-13,32,3,38,11,-14,12,22,-10,30,-15,28,12,-23,12,20,-18,33,4,22,20,-9,9,24,-13,38,0,18,10,-19,12,50,-12,37,9,23,10,-15,16,19,-16,40,4,27
55.5600,2,-14,17,23,-11,43,7,29,6,-18,17,31,-12,25,-1,33,1,-17,9,23,-7,35,6,40,5,-12,12,21,-14,37,-15,24,9,-19,16,28,-18,37,-1,26,19,-15,9,24,-13,36,2,17,8,-16,8,45,-18,36,2,24,5,-16,17,22,-11,36,-1,26
55.5800,-3,-12,12,28,-5,41,5,26,4,-17,17,26,-15,24,0,27,2,-18,8,26,-11,32,3,38,6,-16,5,25,-13,36,-17,26,9,-25,13,26,-18,34,-1,31,17,-15,9,23,-14,33,-2,13,10,-20,5,48,-22,38,3,26,7,-16,11,24,-16,36,-3,24
55.6000,2,-16,11,25,-3,40,7,20,7,-16,14,26,-11,24,-1,29,2,-15,11,29,-13,30,4,35,10,-14,6,26,-14,32,-19,25,5,-19,7,37,-19,35,0,21,14,-11,11,31,-14,36,-1,24,10,-19,5,50,-15,38,6,30,7,-17,5,25,-12,37,2,18
55.6200,0,-14,9,24,-7,40,8,26,3,-20,13,27,-7,23,-1,26,1,-10,6,27,-12,33,8,38,8,-13,6,26,-11,33,-13,25,11,-20,14,36,-13,38,1,25,16,-18,10,31,-16,39,3,18,9,-24,3,52,-8,35,7,28,3,-17,12,23,-9,39,-4,26
55.6400,-2,-13,6,29,-10,38,8,18,4,-15,14,27,-8,27,-3,29,3,-19,13,31,-15,35,9,35,8,-14,6,23,-13,31,-14,22,6,-24,11,36,-11,36,-1,28,13,-12,13,31,-14,35,3,26,11,-25,2,43,-10,40,0,26,6,-18,10,26,-15,37,6,26
55.6600,2,-13,10,27,-5,40,12,23,0,-14,6,25,-8,25,3,24,-6,-14,17,27,-11,31,4,36,6,-18,11,28,-15,34,-14,22,3,-20,13,33,-8,38,-5,27,17,-16,10,31,-12,31,-4,20,9,-21,6,45,-15,40,5,27,4,-19,9,25,-8,37,4,28
55.6800,3,-14,10,22,-4,39,12,21,1,-12,8,18,-8,25,0,27,0,-16,15,29,-11,30,7,40,10,-20,10,25,-13,32,-14,22,0,-19,11,29,-8,32,6,28,14,-14,11,29,-15,34,-3,19,12,-20,5,46,-8,38,3,27,6,-18,10,22,-8,35,-2,26
55.7000,6,-16,14,29,-8,39,11,20,6,-11,7,19,-6,24,-4,27,-4,-14,16,24,-15,30,9,36,6,-13,11,27,-13,30,-19,23,-2,-16,16,26,-8,36,3,22,16,-11,12,21,-13,34,-1,22,9,-23,14,41,-4,33,4,30,6,-15,17,20,-13,35,4,22
55.7200,2,-12,9,21,-10,35,13,24,3,-16,13,17,-8,24,-2,24,-4,-15,21,21,-20,29,7,32,7,-13,14,24,-11,32,-14,23,-4,-15,18,21,-9,33,2,25,15,-13,12,23,-15,35,0,21,7,-17,16,42,-5,33,6,27,2,-14,15,18,-15,36,7,22
55.7400,3,-13,16,22,-2,40,13,27,-1,-15,13,18,-9,21,1,19,-3,-12,18,22,-20,29,5,37,8,-18,16,21,-12,29,-14,26,-3,-15,20,21,-10,29,6,21,12,-11,14,18,-12,34,1,15,7,-16,25,43,-7,31,-1,26,4,-15,16,15,-12,38,6,26
55.7600,7,-16,17,22,-7,34,6,24,5,-14,11,21,-13,18,8,23,-7,-15,19,16,-17,29,7,33,7,-14,18,16,-10,31,-8,22,-5,-21,21,17,-9,35,6,19,13,-9,16,15,-14,36,2,22,4,-10,23,47,-12,32,10,18,6,-17,15,11,-13,33,4,26
55.7800,3,-15,19,17,-16,40,14,22,0,-11,15,15,-9,26,2,22,-6,-13,21,15,-13,29,8,33,2,-10,21,16,-11,29,-11,27,-1,-14,20,12,-13,31,6,21,9,-7,20,15,-11,32,4,18,1,-14,25,45,-6,28,2,23,4,-16,20,12,-17,36,7,27
55.8000,5,-20,22,18,-12,38,11,21,3,-13,14,18,-6,24,6,22,-7,-14,18,15,-14,31,9,33,4,-11,20,13,-18,32,-14,21,-2,-13,17,13,-15,28,6,21,9,-11,18,10,-15,38,-3,20,2,-7,25,52,-12,28,10,19,6,-11,15,7,-11,31,8,25
55.8200,-4,-13,20,20,-14,40,11,24,7,-15,12,18,-8,25,5,27,-11,-8,15,11,-12,33,5,33,3,-11,20,17,-10,28,-13,21,0,-18,20,12,-13,34,11,19,13,-8,17,13,-13,37,5,15,0,-11,24,49,-12,32,10,25,8,-12,20,13,-13,35,7,26
55.8400,6,-15,18,17,-8,42,12,26,7,-13,19,24,-16,24,5,20,-4,-10,17,15,-12,33,9,35,3,-13,18,13,-12,33,-9,20,4,-15,19,12,-13,34,7,27,15,-7,23,7,-17,35,6,15,-1,-9,21,57,-13,29,9,18,6,-16,16,12,-14,35,7,24
55.8600,1,-16,16,17,-7,38,8,24,7,-14,17,22,-15,28,3,23,-7,-12,19,12,-14,32,10,35,-2,-7,18,12,-14,33,-15,24,5,-22,21,15,-17,35,11,22,10,-12,19,9,-15,34,4,16,1,-13,20,55,-14,29,9,21,1,-13,14,16,-17,36,8,24
55.8800,0,-14,14,13,-10,41,6,26,6,-17,19,22,-13,26,3,22,-5,-10,14,18,-11,35,11,35,-2,-10,19,18,-10,36,-16,22,-1,-14,16,17,-15,34,2,21,12,-8,15,11,-14,33,1,20,-1,-9,19,57,-20,37,12,18,3,-9,16,13,-13,37,5,24
55.9000,3,-15,17,15,-14,42,12,22,6,-15,15,19,-10,28,2,26,-4,-10,7,20,-17,36,8,38,3,-7,14,14,-11,35,-10,16,3,-13,11,17,-15,37,6,27,18,-7,20,16,-14,34,8,17,-1,-10,11,51,-21,37,11,18,3,-15,12,19,-14,36,6,24
55.9200,-2,-13,12,14,-4,41,5,26,0,-15,16,22,-10,29,1,25,0,-11,18,16,-13,38,9,35,3,-7,10,17,-16,34,-10,22,7,-18,16,20,-14,38,5,25,17,-8,15,14,-12,35,6,19,0,-15,9,51,-20,41,12,16,4,-14,16,18,-12,36,5,21
55.9400,4,-14,13,13,-6,43,11,26,1,-12,12,23,-11,30,0,27,-4,-12,9,19,-13,30,8,34,0,-8,13,19,-12,35,-12,20,6,-16,16,23,-17,36,1,28,14,-9,10,22,-13,38,4,20,4,-15,5,47,-21,42,5,19,3,-15,15,26,-16,34,3,23
55.9600,5,-14,11,15,-5,41,9,21,3,-10,16,18,-11,29,-1,24,1,-13,14,20,-14,37,8,35,2,-12,10,17,-12,32,-11,21,0,-22,11,21,-14,40,5,27,17,-11,13,18,-18,37,-1,20,3,-15,2,45,-13,46,12,18,7,-19,11,20,-14,38,6,23
55.9800,1,-15,11,13,-7,41,9,28,1,-9,7,12,-13,27,-1,23,2,-15,7,22,-12,35,12,41,1,-6,7,21,-11,34,-12,18,2,-16,12,22,-15,38,8,25,13,-11,16,19,-14,40,2,25,9,-10,1,42,-25,45,8,20,6,-16,12,18,-19,38,7,22
56.0000,5,-16,7,13,-1,42,9,24,4,-12,15,11,-11,32,4,30,-3,-21,13,20,-13,33,9,37,9,-5,9,20,-10,32,-9,22,3,-19,16,24,-17,36,5,24,17,-12,11,20,-11,42,0,23,9,-17,5,36,-26,43,10,25,6,-17,12,22,-17,38,11,25
56.0200,3,-15,13,18,-5,37,10,29,4,-13,11,15,-12,27,8,19,1,-16,15,18,-11,38,4,36,8,-8,13,22,-6,30,-10,25,1,-20,8,18,-14,39,7,25,19,-9,10,20,-12,37,4,21,10,-16,13,30,-21,47,8,28,6,-15,8,18,-18,34,9,26
56.0400,-1,-18,18,15,-9,41,8,25,3,-15,13,14,-7,27,6,27,-2,-18,14,22,-13,33,6,40,8,-10,12,20,-10,30,-7,25,5,-19,10,23,-15,41,0,25,13,-11,16,27,-15,33,0,23,13,-17,19,27,-13,45,8,30,2,-15,12,19,-19,35,4,24
56.0600,7,-17,13,16,-7,41,10,23,4,-11,16,12,-8,29,1,25,0,-19,15,17,-13,35,6,43,6,-9,20,21,-14,31,-14,24,1,-17,9,20,-14,41,6,24,15,-12,17,24,-12,46,-1,20,8,-23,10,31,-11,41,6,28,7,-16,13,16,-14,36,6,26
56.0800,6,-20,16,18,-12,41,10,29,0,-14,18,9,-11,26,5,21,-1,-18,13,22,-12,36,11,42,5,-14,21,20,-10,31,-7,25,4,-22,13,18,-18,40,3,23,12,-11,18,16,-10,40,1,19,6,-21,21,32,-15,41,3,30,8,-15,13,13,-15,40,4,21
56.1000,4,-16,21,17,-9,37,13,31,7,-16,15,14,-7,21,6,25,2,-17,17,17,-13,37,11,42,1,-14,21,17,-11,31,-14,28,5,-21,14,20,-15,33,7,27,20,-9,21,17,-12,36,8,18,11,-21,20,36,-4,38,5,26,2,-15,20,18,-13,36,8,25
56.1200,4,-24,18,16,-4,38,14,30,8,-14,20,15,-11,25,1,26,-4,-14,14,18,-15,36,3,38,2,-14,23,14,-18,33,-7,26,-1,-18,14,21,-15,35,4,25,14,-9,20,18,-11,38,3,21,7,-20,23,34,-16,36,4,26,5,-13,21,11,-17,36,7,24
56.1400,3,-16,19,12,-5,40,4,31,3,-14,14,10,-12,21,3,27,-4,-16,20,17,-10,31,4,42,0,-14,23,21,-12,31,-11,21,4,-17,23,15,-10,39,8,24,17,-10,21,19,-11,32,4,23,7,-19,29,38,-13,36,1,29,3,-17,19,14,-17,39,5,22
56.1600,-3,-18,25,20,-3,42,9,26,6,-9,22,14,-9,26,4,27,-1,-16,20,20,-18,31,10,39,8,-12,23,23,-12,34,-10,22,3,-20,15,17,-21,37,0,26,15,-9,19,20,-13,36,3,21,8,-19,33,44,-20,39,2,28,4,-12,21,13,-12,40,10,18
56.1800,-2,-16,22,18,-5,42,7,27,2,-16,22,19,-7,29,3,25,-3,-10,25,16,-11,30,10,34,5,-12,17,20,-15,36,-13,21,2,-18,20,19,-19,42,4,23,12,-10,22,22,-20,40,2,21,10,-20,27,42,-10,37,-2,23,3,-15,26,18,-15,38,2,19
56.2000,1,-18,25,22,-8,45,8,24,2,-17,20,16,-13,25,1,24,-5,-16,15,19,-16,36,7,37,3,-9,21,20,-11,34,-14,23,1,-16,19,17,-20,37,6,21,13,-10,21,20,-17,37,3,22,12,-18,23,47,-10,32,3,24,7,-16,24,17,-18,37,8,22
56.2200,3,-13,22,27,-5,43,7,28,0,-14,19,23,-11,27,1,26,-1,-13,17,20,-16,35,9,37,4,-14,17,18,-12,35,-11,20,4,-18,18,25,-20,45,6,24,10,-14,17,19,-17,36,1,18,10,-18,18,48,-13,35,1,24,2,-15,17,16,-13,38,8,19
56.2400,-3,-16,14,28,-13,41,6,24,3,-8,21,26,-14,24,1,23,-4,-12,17,23,-14,38,14,34,7,-6,14,22,-13,39,-12,24,2,-18,22,23,-16,39,0,27,16,-8,16,20,-17,39,2,28,4,-18,16,48,-14,37,1,28,3,-10,22,19,-15,40,11,21
56.2600,0,-14,20,21,-9,44,7,25,2,-9,16,25,-9,24,7,24,-2,-10,19,22,-12,38,6,33,8,-9,18,25,-11,36,-14,21,1,-16,19,28,-19,43,1,27,14,-10,17,27,-17,38,3,22,10,-17,16,42,-14,34,5,21,2,-15,20,16,-12,39,4,24
56.2800,-2,-10,12,25,-6,45,8,20,-2,-9,15,24,-10,25,2,24,-7,-16,14,25,-19,40,7,36,7,-15,15,26,-13,33,-13,28,3,-14,20,24,-22,42,4,27,17,-7,15,18,-19,37,4,20,3,-15,10,52,-10,37,0,23,-3,-11,20,17,-17,42,4,24
56.3000,2,-13,11,19,-8,41,8,26,-7,-12,20,29,-15,29,5,21,-8,-16,17,19,-18,34,2,40,0,-14,13,20,-15,38,-12,26,4,-17,18,17,-18,41,0,23,15,-7,15,19,-18,41,4,17,8,-13,17,51,-15,30,3,23,3,-9,21,18,-13,36,3,19
56.3200,2,-12,16,25,-9,37,13,21,1,-15,18,27,-9,30,8,22,-3,-15,18,26,-14,33,4,34,3,-11,12,26,-15,36,-18,24,-6,-16,16,25,-15,38,6,26,16,-7,18,23,-16,39,-1,20,6,-11,10,49,-15,32,1,24,4,-14,19,21,-11,43,2,22
56.3400,1,-13,16,24,-6,40,8,23,-1,-11,13,24,-10,31,3,24,-7,-14,13,19,-16,36,5,37,5,-11,16,16,-17,32,-16,23,-3,-14,16,24,-15,34,-1,24,14,-6,20,24,-16,35,0,19,2,-11,12,49,-12,35,5,21,2,-8,12,23,-14,40,4,20
56.3600,1,-13,15,20,-9,39,4,26,4,-9,14,27,-14,22,0,20,-12,-15,18,23,-19,34,9,35,7,-8,15,22,-15,36,-13,21,-1,-15,14,16,-19,36,3,19,10,-7,15,15,-17,42,2,23,4,-13,13,50,-12,29,0,21,2,-14,15,17,-14,38,4,21
56.3800,0,-14,16,16,-14,40,13,24,-3,-7,16,24,-13,26,3,24,-7,-15,15,14,-17,36,9,36,4,-9,21,18,-20,33,-16,21,-2,-14,15,14,-16,34,5,17,17,-4,21,16,-12,36,4,21,1,-14,13,44,-16,33,3,18,3,-13,17,12,-16,39,7,16
56.4000,3,-15,18,18,-15,44,15,27,6,-14,15,23,-16,28,1,19,-6,-16,22,16,-16,31,10,32,3,-9,16,21,-17,33,-12,25,3,-18,17,15,-15,35,4,20,12,-5,19,19,-17,36,0,19,-2,-13,14,58,-13,32,0,18,1,-16,20,18,-15,40,3,22
56.4200,-1,-14,19,19,-14,42,13,28,4,-14,16,25,-14,32,7,19,-5,-14,17,14,-10,38,8,33,5,-8,19,21,-15,38,-17,22,2,-14,21,17,-12,34,6,19,16,-3,16,16,-15,30,0,23,-1,-18,17,56,-15,37,2,22,5,-15,20,15,-18,39,1,22
56.4400,4,-12,18,19,-10,43,14,22,2,-12,16,19,-14,26,0,22,-6,-13,18,16,-15,34,4,36,4,-14,23,16,-17,35,-14,23,0,-16,14,16,-16,38,6,17,15,-6,20,14,-11,35,1,18,-5,-11,17,47,-21,35,15,21,4,-9,22,21,-22,36,8,24
56.4600,3,-9,18,20,-14,44,13,28,8,-12,19,17,-14,26,0,20,-2,-10,20,16,-17,32,8,35,1,-10,21,17,-20,32,-12,19,2,-18,15,15,-19,29,5,18,16,-7,18,14,-13,38,5,18,4,-15,18,49,-20,35,7,18,1,-14,19,17,-12,31,7,22
56.4800,-2,-15,20,16,-13,43,8,27,4,-13,18,15,-15,30,3,22,-7,-10,19,14,-15,33,8,34,5,-12,27,9,-14,33,-16,22,-3,-17,21,21,-19,32,6,23,10,-7,14,12,-17,33,2,21,1,-15,24,49,-22,36,11,18,3,-16,21,16,-18,31,8,23
56.5000,0,-11,22,17,-13,45,11,25,7,-12,15,14,-16,25,7,21,-4,-11,17,16,-15,32,13,34,7,-11,22,16,-20,30,-12,22,-1,-12,19,19,-16,33,6,22,16,-12,20,14,-18,30,11,16,-3,-14,22,44,-25,43,9,20,0,-16,18,14,-20,38,5,21
56.5200,-2,-11,19,18,-14,44,6,24,2,-12,24,15,-18,26,1,27,-5,-9,21,18,-21,35,8,31,1,-12,18,16,-14,30,-17,23,3,-16,21,22,-16,39,9,19,14,-6,20,20,-17,34,2,16,4,-14,12,43,-17,37,5,18,0,-14,19,16,-16,36,9,18
56.5400,3,-9,21,16,-14,43,8,25,1,-16,17,16,-14,27,-2,26,-5,-15,16,20,-17,34,15,30,6,-13,21,15,-17,32,-10,19,3,-13,21,21,-23,39,8,20,15,-7,20,22,-15,38,6,28,7,-14,12,48,-18,43,8,27,0,-14,22,16,-17,40,6,25
56.5600,-1,-13,19,17,-16,45,11,26,-1,-15,19,20,-15,29,0,24,-7,-14,18,19,-17,34,11,34,7,-12,18,19,-13,33,-14,18,1,-16,19,19,-18,34,8,22,16,-6,22,20,-15,35,3,21,8,-15,12,36,-20,47,3,23,2,-15,19,18,-13,39,2,26
56.5800,1,-9,18,14,-10,45,12,24,0,-14,16,16,-16,30,-3,27,-4,-15,14,21,-16,34,9,34,6,-6,21,19,-14,31,-11,21,4,-14,18,25,-18,38,3,28,16,-6,15,18,-16,36,1,20,3,-17,19,36,-21,47,2,24,2,-16,15,19,-17,39,8,24
56.6000,2,-12,16,17,-15,47,7,22,0,-13,20,13,-7,27,0,23,-4,-16,21,23,-17,35,11,35,3,-7,16,19,-17,31,-10,20,0,-12,17,22,-21,39,6,24,18,-7,18,16,-18,37,4,18,3,-16,12,36,-20,51,5,20,2,-16,18,17,-12,36,6,22
56.6200,2,-12,17,20,-10,42,8,28,5,-12,17,10,-12,29,0,26,-3,-15,21,21,-18,34,16,34,7,-7,12,29,-17,32,-15,23,-1,-20,19,18,-18,38,5,27,15,-10,17,23,-15,37,3,22,3,-12,13,27,-25,48,6,23,3,-13,15,16,-14,38,1,25
56.6400,-1,-15,15,15,-12,47,10,28,1,-15,19,11,-14,34,1,28,-6,-15,16,21,-17,32,10,36,10,-11,13,17,-12,33,-15,17,-4,-17,21,17,-20,41,1,27,15,-6,17,17,-21,40,6,24,7,-16,14,30,-11,44,3,26,7,-9,21,16,-16,39,6,25
56.6600,4,-13,18,19,-7,43,9,23,2,-16,17,15,-7,29,-3,26,-7,-17,15,15,-11,40,8,32,-1,-8,13,20,-12,31,-11,21,1,-18,17,17,-23,41,2,26,17,-7,18,18,-20,45,-1,25,6,-11,18,32,-10,44,2,24,4,-11,19,14,-20,37,3,27
56.6800,3,-13,15,17,-10,45,10,24,5,-15,22,9,-16,30,2,25,-9,-12,20,18,-16,37,7,35,10,-9,11,18,-15,27,-13,18,-3,-9,21,18,-18,40,0,24,10,-2,17,18,-17,40,0,22,9,-13,21,31,-12,43,3,23,3,-12,15,7,-13,42,10,27
56.7000,4,-15,14,13,-10,43,11,30,3,-10,16,12,-10,30,-5,24,-8,-8,21,13,-15,41,11,39,3,-15,15,22,-16,34,-9,17,0,-16,18,16,-17,40,5,25,10,-3,18,14,-13,39,1,21,3,-14,23,26,-13,44,2,21,4,-13,15,13,-17,40,7,22
56.7200,4,-14,19,8,-10,45,13,23,-1,-15,21,8,-9,27,1,23,-2,-10,20,13,-19,36,8,38,7,-9,14,20,-11,32,-9,16,-1,-13,19,13,-15,38,0,20,12,-9,19,10,-19,40,1,18,3,-14,19,31,-11,38,-1,21,5,-9,18,13,-17,43,4,24
56.7400,-2,-12,17,15,-10,37,9,29,2,-9,20,13,-13,27,0,19,-7,-14,22,10,-17,41,8,38,4,-5,15,15,-17,36,-16,21,-1,-16,19,15,-16,39,2,23,11,-3,18,12,-15,43,6,22,4,-13,23,39,-16,36,4,22,2,-13,20,14,-19,37,6,20
56.7600,1,-13,14,16,-4,45,9,26,3,-10,19,14,-14,28,1,20,-4,-14,22,14,-18,40,6,38,3,-6,24,15,-12,34,-13,23,1,-12,21,16,-19,33,4,22,13,-3,16,11,-14,40,1,19,4,-12,25,38,-13,39,3,24,-2,-13,17,8,-16,38,2,21
56.7800,-1,-10,20,14,-10,42,17,24,4,-13,19,12,-10,23,3,19,-8,-11,24,13,-12,41,6,35,1,-8,20,14,-16,35,-10,17,0,-15,24,14,-20,34,8,22,13,-1,25,17,-11,35,6,20,4,-12,27,42,-18,35,5,24,4,-12,19,7,-18,37,5,22
56.8000,-4,-11,19,18,-9,40,12,22,0,-10,17,17,-8,23,2,19,-8,-9,23,22,-15,32,2,37,4,-9,29,17,-12,33,-11,21,-1,-12,19,22,-19,39,10,20,9,-4,20,16,-17,38,4,19,6,-14,22,42,-8,33,3,23,2,-14,19,10,-17,39,9,24
56.8200,3,-10,17,15,-17,45,10,24,4,-11,17,23,-13,23,3,19,-9,-9,17,12,-15,32,10,33,3,-11,25,15,-16,26,-7,20,0,-13,17,16,-18,31,6,22,12,-4,19,13,-19,37,8,19,6,-16,23,47,-10,33,8,20,1,-15,23,12,-18,42,9,19
56.8400,-3,-13,19,15,-11,35,12,26,-2,-14,22,22,-9,24,1,20,-4,-10,23,19,-18,38,15,36,7,-5,20,16,-15,37,-13,21,1,-14,23,21,-20,38,5,25,11,-4,17,19,-21,35,5,20,5,-18,24,41,-22,35,12,22,3,-13,21,12,-16,37,3,18
56.8600,-1,-11,17,18,-14,40,9,23,2,-10,20,20,-15,25,7,24,-2,-13,17,23,-14,35,8,35,0,-5,25,15,-19,36,-10,19,3,-11,16,18,-21,41,3,21,10,-6,20,21,-19,41,6,20,4,-13,18,46,-28,40,4,21,5,-13,21,21,-18,39,5,21
56.8800,-3,-14,19,19,-11,42,13,25,-3,-9,18,24,-17,25,0,20,-3,-14,23,18,-20,35,12,36,0,-5,21,18,-16,29,-9,22,-1,-18,24,27,-20,37,4,22,13,-5,21,23,-23,39,5,19,4,-7,16,44,-23,38,11,23,5,-16,20,14,-14,35,2,22
56.9000,-1,-15,16,15,-15,42,12,25,-3,-10,19,23,-17,30,-1,24,-2,-11,17,24,-19,36,8,37,2,-11,17,25,-16,39,-12,22,0,-17,15,25,-21,41,4,23,14,-2,19,22,-17,38,4,22,3,-14,15,46,-16,41,10,25,1,-14,17,17,-17,37,5,20
56.9200,2,-12,16,19,-13,43,11,24,2,-16,22,25,-16,28,8,24,-4,-9,17,18,-22,39,9,38,8,-8,17,24,-12,36,-12,20,-3,-16,18,20,-20,42,4,24,14,-2,13,18,-17,37,1,20,7,-13,15,50,-21,42,4,25,4,-12,17,18,-18,38,13,18
56.9400,-1,-13,20,19,-14,43,11,26,-2,-13,17,22,-16,31,-1,22,-7,-17,17,29,-20,38,10,35,8,-11,14,21,-19,34,-19,22,-1,-13,17,21,-18,37,-1,24,13,-3,17,22,-19,42,1,21,3,-10,14,46,-19,39,5,25,1,-15,19,15,-22,42,5,20
56.9600,3,-11,20,18,-19,43,12,21,2,-13,18,15,-16,29,-5,26,-5,-14,15,22,-16,41,10,37,7,-8,17,19,-20,36,-11,20,-1,-14,19,18,-21,39,3,20,19,-3,20,18,-23,39,1,15,-1,-17,17,41,-17,43,1,28,2,-14,21,19,-22,41,5,22
56.9800,2,-9,19,19,-10,43,8,24,3,-10,24,20,-12,29,-2,21,-4,-14,17,22,-18,39,9,39,5,-9,18,24,-19,34,-9,21,-2,-12,19,18,-19,36,-3,19,9,-4,20,14,-16,46,1,27,2,-10,13,36,-17,43,2,22,3,-12,18,12,-19,39,5,21
57.0000,2,-16,19,16,-18,45,10,29,0,-11,16,15,-14,27,-2,21,-6,-10,18,16,-16,41,5,37,3,-10,23,16,-21,34,-15,22,-5,-13,19,16,-17,43,1,22,10,0,21,18,-20,42,1,18,5,-13,17,36,-15,41,5,23,-3,-11,20,18,-19,40,6,17
57.0200,4,-7,28,17,-17,42,8,27,0,-10,23,19,-17,29,2,24,-4,-18,17,14,-13,41,7,38,6,-10,17,19,-14,33,-17,18,-4,-14,18,17,-17,42,3,20,10,-6,21,17,-17,41,-3,25,5,-12,17,38,-14,39,1,26,4,-10,22,16,-15,40,4,27
57.0400,0,-13,22,20,-16,45,4,25,-2,-9,22,15,-12,25,3,23,-6,-9,21,14,-18,38,10,37,5,-9,20,16,-17,34,-20,24,-2,-14,18,15,-11,42,1,23,2,-4,22,16,-15,41,-1,21,3,-14,18,39,-14,35,5,23,1,-11,22,15,-19,40,2,19
57.0600,2,-12,23,21,-14,43,6,28,2,-8,22,18,-16,27,0,23,-8,-14,17,16,-16,41,6,34,2,-12,21,14,-15,36,-13,25,0,-10,24,16,-15,38,4,19,7,-7,20,13,-11,39,-1,14,3,-17,18,40,-17,39,5,19,2,-8,22,18,-20,43,6,19
57.0800,-3,-10,20,22,-14,47,5,29,3,-12,17,15,-16,22,-4,24,-9,-13,20,11,-15,42,7,33,1,-11,17,13,-16,38,-17,18,-5,-11,24,18,-22,36,3,24,8,-3,23,13,-17,39,3,21,0,-9,23,36,-18,42,6,16,-2,-11,21,16,-17,42,2,19
57.1000,-1,-14,24,19,-10,42,5,27,-2,-12,22,16,-14,25,-3,21,-3,-11,30,13,-15,40,5,37,7,-4,28,10,-20,32,-16,21,-6,-11,23,21,-22,39,6,19,10,-3,22,18,-14,42,0,19,6,-10,25,32,-19,39,7,21,-1,-10,24,15,-17,38,6,22
57.1200,-3,-7,21,17,-14,47,9,30,5,-7,20,19,-16,28,6,16,-4,-11,26,12,-10,35,8,33,4,-8,25,14,-19,37,-13,21,-4,-13,20,14,-19,33,3,20,10,-1,20,19,-15,36,5,25,4,-8,21,42,-14,38,6,21,1,-11,23,16,-18,43,6,21
57.1400,-1,-10,19,13,-12,44,7,26,-3,-12,20,16,-16,27,3,21,-5,-11,22,13,-17,38,13,35,8,-10,21,10,-10,31,-16,20,0,-12,20,13,-14,37,2,19,14,-1,25,16,-20,34,5,18,2,-13,21,42,-16,33,4,17,4,-10,19,11,-16,39,9,21
57.1600,-3,-12,21,14,-13,48,10,23,2,-12,18,21,-18,28,1,19,-5,-14,23,17,-15,37,15,36,6,-2,19,17,-16,37,-10,12,4,-12,21,17,-21,33,4,21,11,1,25,19,-21,32,3,24,1,-14,20,44,-24,35,8,19,2,-7,25,11,-19,45,4,16
57.1800,0,-9,22,16,-11,41,11,24,0,-11,22,12,-16,29,3,19,-6,-16,22,15,-18,34,12,30,6,-6,22,15,-15,31,-11,20,-3,-15,17,19,-22,37,4,21,14,-4,26,16,-23,40,6,19,7,-12,25,40,-19,35,7,21,0,-9,24,15,-22,42,14,21
57.2000,-1,-9,18,14,-8,46,11,25,-2,-8,24,12,-21,27,5,21,0,-12,26,18,-14,34,11,34,8,-6,22,12,-12,33,-14,16,5,-9,21,17,-21,33,5,23,15,-6,22,17,-13,32,5,24,5,-12,25,44,-22,41,10,18,5,-14,26,10,-18,37,9,21
57.2200,1,-9,21,13,-11,43,9,28,1,-12,20,13,-20,29,0,18,-2,-16,26,21,-16,39,14,33,11,-6,19,17,-15,31,-7,16,-3,-13,22,19,-24,40,4,22,18,-5,17,24,-18,38,7,25,8,-10,17,42,-20,39,6,23,2,-10,24,13,-21,40,11,17
57.2400,-5,-11,20,13,-14,42,9,26,1,-5,14,18,-13,33,2,18,-5,-17,19,18,-15,36,11,36,1,-6,23,14,-16,36,-9,15,-5,-12,20,20,-24,33,6,28,14,-9,20,16,-22,38,8,20,7,-17,17,43,-18,39,9,20,1,-11,21,16,-20,38,7,21
57.2600,-3,-12,24,14,-8,46,11,28,-4,-10,21,20,-17,23,3,20,-5,-8,16,22,-15,41,12,37,4,-10,21,21,-14,35,-8,15,-2,-9,18,22,-19,37,8,24,10,-4,22,19,-25,40,1,21,6,-15,16,43,-18,40,3,27,3,-16,17,10,-22,41,9,24
57.2800,0,-15,20,14,-7,41,12,23,1,-10,17,12,-18,25,3,21,-8,-17,15,15,-19,37,13,36,2,-10,18,18,-20,35,-12,16,-4,-15,18,16,-21,42,5,23,10,-6,21,19,-23,39,4,17,4,-19,20,40,-19,40,3,28,2,-15,20,10,-22,37,5,18
57.3000,-4,-6,17,15,-11,45,8,23,-1,-9,23,13,-13,32,0,18,-9,-17,20,14,-14,38,11,35,7,-9,21,17,-20,31,-9,19,-3,-13,21,15,-26,41,0,21,12,-3,20,18,-21,40,10,20,2,-18,17,38,-14,44,0,27,-5,-15,21,11,-23,38,4,20
57.3200,-5,-5,23,11,-11,45,11,28,-1,-15,19,14,-17,32,1,20,-8,-14,15,19,-17,39,11,36,2,-7,24,13,-17,36,-11,26,-6,-11,13,15,-20,39,8,20,12,-5,19,16,-21,38,0,18,4,-12,18,39,-21,46,5,24,-2,-11,21,12,-18,42,10,20
57.3400,0,-9,20,12,-13,47,10,23,3,-10,22,12,-18,29,1,23,-6,-11,20,7,-16,42,13,32,3,-8,24,18,-18,33,-12,18,-7,-11,19,14,-18,42,4,20,10,1,18,15,-20,40,2,18,1,-13,20,35,-18,41,1,23,4,-16,13,10,-18,41,7,25
57.3600,-5,-10,19,14,-15,43,14,24,2,-10,21,8,-14,29,-1,19,-5,-9,22,13,-22,39,10,32,4,-8,17,18,-18,36,-10,18,-6,-13,21,14,-20,38,2,24,7,1,22,11,-17,41,2,15,0,-11,18,30,-23,41,2,22,-2,-10,15,12,-20,37,4,22
57.3800,-5,-5,21,13,-11,45,9,30,-2,-8,21,11,-11,33,2,17,-13,-14,18,9,-20,39,12,35,4,-6,16,18,-19,36,-14,17,-11,-12,22,20,-16,37,3,17,6,-3,16,13,-16,39,1,19,-3,-10,19,35,-18,43,2,21,0,-9,24,11,-16,45,3,23
57.4000,-3,-6,18,11,-13,43,10,25,-3,-11,23,11,-15,27,3,16,-14,-13,17,18,-18,41,12,31,2,-12,22,17,-17,40,-12,19,-11,-12,26,11,-23,36,3,16,5,-1,18,14,-16,37,0,21,-4,-7,20,29,-15,39,5,23,2,-10,21,10,-20,38,5,20
57.4200,-3,-9,17,16,-13,41,10,23,-1,-16,24,17,-11,30,3,20,-9,-13,22,16,-17,40,12,31,2,-4,25,13,-14,36,-17,17,-5,-11,22,10,-23,40,0,17,2,0,21,11,-23,38,0,16,-2,-6,19,34,-15,42,4,16,-2,-7,20,10,-20,39,10,25
57.4400,-8,-10,21,15,-13,47,10,21,-2,-15,27,14,-13,31,4,21,-12,-6,21,14,-15,34,8,32,1,-8,20,14,-19,34,-15,16,-11,-6,25,12,-19,42,6,18,7,0,26,15,-26,39,3,16,-1,-7,22,29,-18,40,2,19,-4,-10,25,15,-19,41,1,20
57.4600,-6,-2,19,10,-18,42,19,22,-3,-10,21,13,-14,26,0,21,-12,-6,23,12,-19,36,9,27,0,-2,22,13,-16,30,-20,17,-8,-10,23,11,-23,38,6,20,5,-6,21,12,-19,37,4,17,2,-9,24,32,-14,45,0,15,-6,-5,24,11,-21,39,5,19
57.4800,-6,-3,20,14,-14,49,13,24,-7,-8,21,16,-20,29,-3,15,-8,-13,17,11,-17,38,9,28,-2,-10,21,16,-21,33,-14,18,-9,-8,25,10,-17,40,5,20,7,0,26,13,-21,36,6,16,5,-9,21,34,-18,42,4,18,-3,-10,22,13,-23,33,5,17
57.5000,-6,-5,18,14,-17,47,12,19,0,-9,23,16,-18,29,0,17,-9,-5,21,14,-19,37,12,27,-2,-6,20,14,-22,33,-14,18,-7,-6,26,15,-20,43,3,17,10,0,24,14,-21,38,3,16,1,-9,22,30,-18,42,4,16,1,-9,22,12,-21,39,3,17
57.5200,-1,-8,22,13,-15,43,13,24,-4,-6,20,17,-18,30,0,19,-10,-14,22,12,-20,40,15,32,-1,-2,22,13,-20,33,-14,17,-5,-7,25,17,-19,40,1,15,8,1,24,10,-27,39,5,14,-2,-12,18,28,-22,40,8,13,0,-5,21,8,-20,38,1,19
57.5400,-5,-6,21,15,-18,49,10,18,-1,-7,22,19,-18,30,-2,20,-9,-13,25,13,-24,39,10,26,0,-6,25,14,-19,33,-17,12,-6,-9,21,19,-20,41,0,17,4,-2,25,14,-24,40,4,16,1,-12,19,28,-21,44,7,14,-2,-7,23,13,-17,42,6,22
57.5600,-1,-7,25,17,-17,43,5,18,-4,-11,24,18,-18,34,0,19,-8,-14,22,17,-22,37,12,31,-3,-7,23,19,-21,33,-14,19,-5,-12,21,15,-23,42,8,20,6,-6,23,14,-18,37,-2,19,1,-16,18,28,-21,39,8,13,-5,-8,17,14,-28,43,6,16
57.5800,-3,-10,24,16,-20,46,8,26,-4,-6,27,18,-23,30,2,15,-7,-13,29,14,-21,40,18,30,0,-3,23,16,-15,36,-12,11,-7,-8,25,13,-23,39,8,20,7,-2,22,19,-22,44,5,20,3,-17,19,32,-19,46,9,16,2,-6,22,18,-20,46,4,21
57.6000,-1,-12,21,14,-22,46,13,22,-7,-7,20,15,-19,32,0,16,-10,-11,22,13,-21,42,15,33,3,2,21,12,-19,31,-13,17,-11,-7,23,18,-21,45,7,19,4,-2,19,14,-23,44,2,20,0,-8,14,29,-25,43,7,19,-3,-8,24,14,-20,43,5,22
57.6200,1,-7,26,15,-21,48,10,24,-2,-11,18,13,-19,31,-3,17,-10,-11,23,18,-22,39,13,35,1,-6,22,17,-18,33,-9,18,-7,-14,22,16,-20,45,1,15,4,-3,21,10,-24,42,7,20,-3,-11,20,31,-21,47,7,22,2,-13,22,14,-22,47,7,18
57.6400,-3,-13,25,13,-19,45,12,22,2,-11,21,15,-18,28,3,20,-6,-11,23,12,-17,43,14,34,6,-8,22,13,-20,36,-5,19,-8,-7,26,23,-18,41,9,14,9,-5,19,12,-20,41,7,24,0,-10,16,31,-20,42,4,15,-5,-12,23,12,-26,42,10,12
57.6600,0,-15,27,15,-21,51,11,22,2,-10,24,16,-17,27,5,17,-12,-13,26,10,-21,45,13,35,0,-9,28,11,-19,34,-9,18,-4,-3,23,15,-17,38,3,17,8,-3,19,16,-19,45,0,20,3,-8,20,32,-23,40,8,20,3,-11,23,12,-25,43,7,18
57.6800,-3,-14,25,17,-19,48,14,17,0,-10,27,15,-22,32,0,18,-9,-14,25,15,-16,48,10,37,1,-9,27,17,-25,36,-10,17,-3,-4,22,15,-20,39,5,21,6,4,23,15,-18,45,5,20,-4,-9,20,34,-22,44,5,19,2,-13,23,9,-23,46,5,16
57.7000,-3,-12,26,19,-17,46,12,24,-7,-9,27,13,-18,29,-6,16,-7,-13,21,13,-16,44,10,33,-1,-5,24,16,-20,41,-15,18,-10,-6,22,14,-20,42,1,27,7,-3,16,14,-20,43,4,19,5,-9,21,37,-11,41,4,23,1,-15,21,10,-19,39,3,19
57.7200,-4,-13,22,11,-21,46,8,23,3,-4,22,16,-14,30,-6,12,-8,-13,22,14,-18,42,14,35,1,-7,26,12,-18,36,-12,21,-7,-10,18,16,-18,45,3,17,7,-3,22,15,-22,43,4,19,-1,-13,25,44,-16,42,5,21,-1,-9,19,9,-20,43,3,22
57.7400,-2,-11,27,13,-13,41,7,26,0,-9,23,15,-16,25,-2,17,-9,-9,21,14,-16,45,11,38,0,-6,26,12,-26,37,-15,18,-7,-9,22,14,-20,42,8,20,6,0,27,16,-21,42,2,16,-3,-9,25,43,-19,43,8,20,1,-5,19,9,-18,44,0,19
57.7600,0,-10,27,14,-12,48,5,28,-1,-9,27,13,-14,28,-1,17,-9,-12,17,13,-18,39,11,37,4,-8,22,15,-18,35,-11,21,-3,-12,24,20,-22,39,1,21,7,-2,23,12,-18,38,1,18,-3,-11,23,38,-22,39,-3,19,0,-14,26,6,-22,43,4,26
57.7800,-8,-6,21,14,-18,50,7,29,-1,-10,24,16,-18,28,1,20,-7,-15,21,17,-20,39,8,34,4,-5,19,16,-18,39,-13,18,-2,-11,25,14,-22,40,3,19,10,-4,22,13,-23,41,7,21,-1,-7,23,44,-23,42,6,18,-2,-10,22,11,-24,44,3,18
57.8000,-7,-3,22,6,-11,47,11,20,0,-8,22,14,-17,29,1,21,-4,-12,19,11,-17,47,7,33,0,-8,22,10,-22,34,-11,17,0,-14,22,16,-25,46,10,25,10,-3,25,14,-17,43,1,18,5,-12,22,46,-19,40,8,22,-2,-14,21,11,-22,40,7,22
57.8200,-6,-3,25,9,-13,40,2,25,-1,-9,21,11,-16,28,3,13,-10,-13,22,18,-20,37,11,32,0,0,23,15,-17,37,-11,18,-5,-9,23,15,-23,42,3,20,13,2,22,12,-20,42,2,19,-2,-13,24,49,-18,39,11,25,-1,-9,24,13,-24,39,7,23
57.8400,-3,-2,22,14,-11,43,9,25,2,-12,22,8,-17,28,-3,14,-7,-11,24,11,-23,43,9,33,5,-3,17,15,-18,38,-15,19,-6,-11,26,16,-25,45,1,23,10,0,22,18,-23,40,5,19,5,-14,22,48,-22,39,1,22,2,-14,22,14,-24,41,9,16
57.8600,-4,-6,24,16,-10,46,14,29,-3,-9,20,13,-11,25,3,18,-6,-10,21,20,-19,37,9,32,-1,-4,21,18,-21,38,-10,20,-4,-9,20,16,-23,44,4,23,7,1,27,16,-22,35,6,19,3,-11,21,41,-21,37,5,25,-4,-8,29,8,-20,42,12,25
57.8800,-1,-7,24,16,-16,46,11,25,0,-4,25,16,-11,25,-1,21,-9,-11,24,21,-20,41,6,31,-1,1,24,19,-21,36,-12,16,-2,-11,22,16,-23,38,5,21,11,3,28,14,-23,40,3,15,4,-13,16,42,-22,41,4,19,-3,-7,26,12,-21,38,6,12
57.9000,-1,-4,22,9,-18,37,8,24,4,-8,20,9,-15,32,-1,20,-7,-12,21,16,-19,38,8,33,1,-7,20,14,-12,33,-12,20,-6,-13,22,17,-25,38,3,22,8,3,21,17,-23,36,3,20,1,-11,21,38,-28,40,5,17,0,-5,24,12,-24,38,4,18
57.9200,-3,0,26,12,-14,42,13,23,-3,-9,27,10,-22,31,1,17,-7,-8,21,16,-20,43,14,33,3,-5,25,14,-23,34,-8,18,-11,-10,22,13,-26,39,2,23,9,-2,22,15,-26,43,1,20,1,-9,18,35,-23,46,7,21,-1,-7,24,10,-21,41,7,23
57.9400,-1,-4,23,12,-15,43,15,25,-6,-9,20,9,-16,25,3,20,-6,-7,21,15,-20,36,10,35,1,-1,27,17,-20,32,-10,15,-6,-8,23,14,-24,43,5,20,12,-1,23,12,-21,41,4,19,3,-10,18,37,-16,41,-2,20,-2,-8,26,11,-17,43,5,21
57.9600,-7,-9,22,15,-19,44,15,23,-2,-2,23,11,-18,32,-2,17,-10,-9,23,15,-19,40,13,36,6,-2,28,13,-22,30,-9,16,-11,-7,22,11,-27,43,3,20,7,0,28,15,-22,39,4,19,-1,-10,17,39,-16,44,5,23,-6,-12,26,11,-26,41,4,18
57.9800,-5,-3,20,14,-19,48,8,21,-5,-3,22,11,-14,28,0,16,-8,-9,22,12,-19,45,10,30,1,-1,21,12,-22,36,-13,13,-8,-6,21,10,-20,46,-1,19,5,4,23,10,-26,40,-1,14,-4,-8,25,35,-23,38,4,17,4,-5,21,10,-25,44,10,16
58.0000,-9,-3,24,14,-23,45,13,19,0,-6,20,9,-19,26,1,15,-8,-9,25,12,-22,39,16,36,-3,-3,19,11,-21,36,-11,14,-6,-6,28,13,-25,42,1,21,0,3,27,12,-24,41,2,17,0,-10,25,32,-19,39,2,18,3,-8,18,7,-21,41,4,21
58.0200,-4,-8,25,12,-20,46,11,25,-3,-4,22,9,-22,28,-1,14,-10,-9,29,7,-18,41,13,28,5,-2,25,15,-23,35,-12,16,-4,-9,26,10,-25,43,1,20,5,3,26,11,-23,46,4,19,-5,-8,23,29,-21,41,0,17,0,-4,27,8,-19,42,5,18
58.0400,-2,-5,21,11,-22,47,11,24,-2,-3,21,13,-24,30,-1,16,-9,-8,25,11,-19,45,11,30,3,-2,27,8,-21,37,-14,16,-5,-10,29,9,-23,39,4,21,7,3,25,12,-26,45,6,19,-5,-7,26,29,-22,47,3,18,-1,-5,27,8,-22,40,3,19
58.0600,-4,-8,25,8,-22,47,13,25,-1,-8,28,14,-17,24,2,14,-9,-6,27,10,-20,44,11,29,-4,0,22,13,-18,33,-14,13,-7,-6,23,12,-23,45,6,17,7,5,25,10,-25,42,4,12,-5,-5,24,24,-31,42,9,12,-3,-7,24,14,-19,43,3,20
58.0800,-1,-6,27,9,-20,50,10,25,-8,-4,28,13,-20,26,7,16,-3,-11,23,13,-22,43,18,31,2,-4,31,10,-27,37,-16,15,-11,-7,25,11,-19,37,5,19,5,-3,25,11,-27,42,7,18,-4,-9,29,26,-23,41,5,17,-1,-10,29,8,-24,38,7,13
58.1000,-8,-4,27,9,-25,51,6,23,-6,-9,26,12,-24,33,4,14,-11,-8,26,12,-22,45,13,27,-2,-5,26,11,-24,34,-14,12,-8,-8,25,9,-22,39,4,19,8,0,24,13,-22,45,5,18,0,-6,20,32,-24,39,3,20,-1,-9,28,11,-26,45,8,15
58.1200,-6,-3,28,10,-19,48,13,25,-6,-11,26,13,-22,32,5,16,-8,-9,25,11,-20,46,10,32,-3,-7,25,7,-24,36,-7,9,-9,-11,28,14,-23,42,4,17,2,0,25,17,-23,41,10,16,-1,-15,21,30,-15,37,5,19,-7,-5,23,7,-22,43,13,20
58.1400,-10,-6,27,11,-22,51,10,25,-6,-6,25,13,-17,32,-1,16,-8,-11,26,14,-22,43,15,29,-3,-2,27,8,-23,37,-9,11,-11,-12,30,14,-22,47,2,18,5,-1,26,12,-26,43,5,15,-7,-11,24,30,-26,40,9,16,-3,-8,23,5,-23,43,11,19
58.1600,-5,1,23,13,-21,47,13,22,-6,-10,29,12,-21,31,2,17,-7,-4,22,14,-20,46,16,28,0,-4,27,15,-24,34,-12,14,-11,-8,25,19,-24,39,3,19,7,-2,23,9,-24,42,4,17,-5,-8,24,25,-22,42,11,18,-5,-11,23,14,-24,43,11,17
58.1800,-5,-4,28,7,-24,48,13,24,-4,-4,28,14,-18,29,3,15,-5,-7,21,13,-22,43,18,28,-2,-3,27,11,-20,35,-12,16,-12,-5,22,13,-22,44,4,22,2,2,26,11,-23,41,4,16,-4,-7,21,34,-26,40,11,18,-7,-5,26,6,-25,44,12,17
58.2000,-4,-2,24,13,-15,49,14,20,-5,-6,23,16,-18,35,2,15,-9,-10,22,18,-16,45,15,30,-3,-4,31,11,-22,36,-10,10,-17,-6,28,14,-25,42,6,23,11,-2,21,12,-24,46,7,18,-4,-7,22,32,-25,44,11,18,2,-8,26,9,-28,44,7,15
58.2200,-8,-4,25,12,-19,50,16,23,-9,-5,21,16,-20,34,4,15,-10,-6,25,17,-22,45,16,32,-2,-2,22,12,-25,36,-10,15,-9,-9,23,14,-18,44,6,18,5,1,27,12,-25,44,5,18,-4,-4,24,28,-30,46,10,15,-3,-8,31,8,-28,43,10,17
58.2400,-8,-6,26,13,-16,49,12,22,-4,-9,26,17,-24,32,5,16,-9,-10,23,9,-22,48,16,31,-2,-4,25,10,-22,36,-13,15,-8,-4,31,11,-25,47,6,23,4,1,22,6,-23,45,4,14,-1,-8,17,34,-22,44,15,21,-4,-5,28,7,-24,49,14,12
58.2600,-4,-8,20,14,-18,49,14,26,-2,-3,26,13,-23,26,6,16,-12,-13,23,14,-21,46,17,29,-1,2,21,16,-21,36,-10,16,-15,-4,25,13,-21,41,5,20,0,-5,18,9,-26,41,8,19,-8,-3,24,27,-31,47,12,18,-5,-9,25,9,-24,41,3,14
58.2800,-5,-6,25,10,-15,51,14,24,-4,-3,27,13,-20,36,4,14,-7,-9,27,12,-20,47,17,29,-1,-3,29,11,-20,35,-12,10,-13,-5,25,7,-19,44,6,15,3,2,25,10,-22,47,2,16,-3,-7,17,28,-26,43,7,17,-3,-5,25,10,-22,45,9,20
58.3000,-8,-4,26,10,-15,48,12,19,-5,-3,30,14,-13,35,1,14,-10,-11,24,10,-19,48,12,25,-3,-1,24,14,-19,38,-10,16,-13,-3,25,14,-24,47,3,15,3,-1,23,5,-18,42,5,20,-2,-6,16,33,-31,42,7,16,-2,-6,24,7,-25,43,6,19
58.3200,-4,-6,28,7,-21,50,14,25,-4,-4,24,12,-16,32,3,11,-15,-5,21,10,-15,46,14,32,-4,-2,27,6,-27,39,-13,13,-10,-1,24,8,-23,42,3,15,7,-2,27,10,-24,44,1,18,-8,-3,23,30,-24,46,8,20,-6,-7,27,8,-22,47,11,17
58.3400,-6,-7,25,8,-17,50,8,27,-8,-5,25,6,-23,33,2,15,-8,-5,20,12,-21,44,14,30,0,4,25,9,-22,36,-14,17,-14,-3,23,10,-26,48,4,19,4,2,25,10,-22,44,-1,24,-3,-8,22,37,-25,46,5,18,0,-6,23,4,-26,45,7,17
58.3600,-6,-5,24,10,-23,43,12,23,-3,-12,30,9,-20,32,0,16,-14,-6,22,9,-18,46,18,29,-2,-3,27,11,-27,37,-12,10,-13,-6,29,7,-19,43,4,17,-1,-2,30,10,-24,50,1,16,-7,-6,23,36,-26,47,6,14,-3,-5,23,5,-22,47,12,15
58.3800,-5,-9,29,8,-18,48,14,21,1,-8,25,4,-16,31,1,12,-13,-7,29,9,-24,46,12,30,-2,1,27,12,-20,34,-10,12,-8,-7,24,12,-22,37,6,15,1,2,26,7,-23,43,4,16,-5,-7,23,32,-29,48,8,20,-3,-9,26,6,-23,44,10,15
58.4000,-2,-4,27,9,-18,47,8,17,-5,-2,25,8,-18,32,-1,16,-15,-2,27,10,-19,47,16,27,-1,-3,26,9,-27,35,-13,12,-11,-8,26,9,-23,44,6,19,-1,3,28,9,-31,39,7,15,-6,-5,25,33,-25,45,13,12,-3,-7,23,4,-23,43,9,14
58.4200,-12,-5,26,6,-19,51,11,20,-3,-8,24,3,-18,30,-1,11,-11,-4,27,12,-24,44,12,30,-5,0,26,6,-21,35,-10,15,-11,-6,21,12,-24,42,8,18,2,1,25,5,-28,44,8,14,-5,-4,27,41,-22,46,6,13,-5,-7,24,4,-19,45,5,14
58.4400,-6,-7,21,9,-20,47,17,20,-2,-7,24,6,-18,22,1,9,-12,-6,29,13,-22,48,12,27,-1,-3,31,10,-25,39,-11,9,-12,-5,27,5,-24,41,11,17,7,-2,28,6,-30,41,8,11,-3,-5,21,38,-21,44,11,16,-4,-4,27,6,-24,42,10,17
58.4600,0,-2,25,6,-20,46,17,21,-5,-7,26,7,-18,31,4,14,-13,-7,24,15,-19,44,17,29,0,-2,26,11,-18,35,-12,17,-14,-7,28,10,-26,46,7,18,6,-1,23,5,-32,38,0,12,-7,-8,24,41,-23,46,7,16,-6,-3,24,6,-22,43,9,16
58.4800,-8,-5,31,12,-18,50,12,19,-3,-4,21,5,-20,28,-3,14,-8,-3,24,10,-23,45,12,25,3,-3,24,10,-23,31,-11,12,-10,-8,21,9,-26,43,6,20,6,0,28,10,-20,40,7,15,-2,-10,24,36,-28,40,9,18,-2,-5,20,10,-23,40,13,15
58.5000,-8,-3,25,7,-17,51,16,23,-4,-7,28,6,-19,28,1,14,-14,-4,24,14,-26,46,15,29,-5,-3,29,6,-17,32,-11,14,-9,-6,23,14,-21,46,4,20,9,0,26,9,-26,45,7,17,-2,-8,20,42,-26,44,5,16,-2,-6,32,4,-26,43,9,12
58.5200,-9,-5,23,13,-21,47,10,19,-6,-6,23,11,-21,33,0,14,-7,-9,23,16,-20,41,22,28,0,-4,23,14,-24,37,-7,19,-11,-8,25,14,-27,44,-1,19,9,1,22,9,-25,45,6,16,-1,-6,27,39,-36,47,8,17,-2,-11,20,9,-24,46,6,13
58.5400,-5,0,24,10,-21,46,15,20,-5,-3,29,13,-20,33,-2,10,-11,-5,25,10,-28,44,14,25,-2,-1,25,11,-22,38,-11,16,-15,-8,24,9,-25,43,7,23,4,4,22,14,-20,43,3,15,-1,-8,20,39,-26,49,9,17,-2,-6,25,8,-30,41,9,17
58.5600,-9,-6,21,9,-20,45,11,20,-4,-5,21,5,-25,30,1,14,-6,-9,24,14,-15,50,16,30,0,-6,34,9,-27,32,-12,13,-11,-4,24,12,-25,44,11,18,6,0,26,13,-27,43,1,19,-2,-10,22,34,-16,42,9,20,-1,-7,22,11,-26,45,7,15
58.5800,-5,-5,28,6,-19,51,11,22,-5,-8,21,11,-23,35,5,15,-8,-14,24,12,-24,47,14,28,0,1,25,10,-31,40,-12,16,-13,-3,18,13,-25,44,10,19,3,2,28,9,-24,41,4,19,-1,-13,23,34,-22,43,10,22,-8,-8,23,4,-25,44,10,14
58.6000,-4,-5,27,9,-22,46,12,20,-7,-2,24,10,-20,32,2,13,-12,-11,25,13,-28,42,12,27,-4,-4,24,10,-25,36,-9,17,-15,-1,23,13,-24,47,9,21,4,1,27,12,-29,43,3,14,-2,-8,25,34,-25,39,6,16,-4,-4,26,6,-25,46,6,16
58.6200,-3,-4,27,11,-23,48,12,17,-5,-1,29,7,-21,29,0,11,-11,-12,21,10,-23,45,12,31,1,-2,26,14,-25,35,-13,16,-14,-6,27,13,-28,47,5,20,3,0,25,11,-29,47,4,18,-2,-13,25,31,-25,43,3,18,-5,-5,28,4,-24,50,9,16
58.6400,-3,-3,28,12,-24,45,9,23,-9,-2,24,11,-24,30,1,17,-8,-7,24,12,-24,51,15,28,-4,-2,20,9,-28,40,-12,14,-15,-3,20,14,-27,44,6,16,2,1,28,12,-28,43,6,16,-2,-4,26,32,-28,50,4,20,-7,-3,27,9,-27,46,7,15
58.6600,-3,-4,31,10,-26,48,14,19,-8,-6,24,13,-18,35,5,12,-8,-3,27,8,-24,48,18,31,-6,-1,26,9,-23,36,-17,12,-10,-6,26,9,-27,48,6,19,0,-1,26,11,-28,45,1,15,-5,-6,28,35,-24,44,5,19,-3,-5,25,9,-23,40,9,21
58.6800,-5,0,26,8,-26,45,13,18,-3,-3,27,10,-23,30,4,15,-14,-6,25,12,-21,46,12,32,0,0,32,9,-25,38,-15,15,-15,-3,25,9,-29,52,9,18,0,4,31,11,-29,48,0,13,-1,-9,28,32,-22,42,5,19,-6,-8,24,6,-24,45,12,18
58.7000,-4,-4,29,12,-26,51,11,21,-5,-2,25,8,-23,32,2,13,-13,-2,26,12,-24,47,9,25,-2,-3,33,8,-22,42,-12,13,-10,-2,27,7,-28,45,7,17,-2,-1,26,10,-24,45,5,12,-4,-9,25,32,-21,46,11,17,-4,-5,26,3,-27,46,5,17
58.7200,-11,-6,27,7,-22,50,15,25,-6,-2,29,8,-22,31,-1,15,-5,-3,21,8,-24,48,10,29,1,-1,31,14,-25,42,-10,14,-8,-6,23,14,-24,42,14,16,4,1,24,9,-30,47,5,11,-3,-7,25,32,-25,44,9,17,-3,-6,28,7,-24,47,8,21
58.7400,-4,-5,28,11,-26,56,12,22,0,-1,29,12,-21,32,2,10,-5,-3,25,8,-23,51,12,30,-5,0,29,10,-23,39,-12,16,-11,-2,30,16,-29,49,7,23,3,5,25,8,-31,45,5,15,-5,-6,29,33,-25,42,5,12,-4,-4,26,6,-20,47,6,20
58.7600,-6,-5,28,14,-25,51,16,22,-4,-2,30,8,-26,35,3,15,-9,-5,28,5,-24,44,18,29,-5,1,26,10,-26,42,-12,17,-14,-9,31,10,-22,47,7,19,0,5,30,9,-28,49,2,9,1,-6,22,32,-27,44,4,20,-4,-6,28,6,-24,47,15,18
58.7800,-7,-7,26,11,-23,55,14,24,-8,-3,28,13,-20,34,7,17,-17,-4,30,10,-23,47,16,28,-8,-2,26,12,-23,41,-9,11,-12,-5,29,6,-28,50,5,19,6,0,28,14,-27,49,1,14,-4,-3,27,31,-33,47,10,14,-6,-6,29,4,-22,47,8,16
58.8000,-6,-4,29,9,-23,56,11,20,-5,-4,24,4,-25,32,7,13,-11,-4,24,9,-23,47,16,25,-4,1,25,14,-23,39,-8,14,-16,-8,25,9,-24,50,5,23,5,-1,24,14,-20,49,7,11,-1,-8,25,36,-24,47,7,17,-3,-3,23,5,-28,47,8,20
58.8200,-1,-1,21,8,-23,52,11,20,-11,-2,26,4,-22,34,4,7,-9,-4,27,11,-24,43,14,27,-3,1,27,7,-26,43,-12,13,-15,-4,28,10,-29,46,8,17,5,7,19,9,-21,49,7,14,2,-5,22,33,-23,46,7,16,-1,-4,26,8,-26,49,7,16
58.8400,-4,-9,24,14,-20,53,15,24,-10,-8,30,7,-24,38,4,11,-13,-1,25,10,-29,47,15,27,-4,1,28,12,-26,41,-7,11,-12,-3,27,8,-20,46,11,18,2,0,27,9,-28,46,1,16,-4,-8,26,33,-24,51,4,14,-4,-7,27,3,-27,46,10,14
58.8600,-5,-6,27,11,-20,51,12,21,-8,0,27,10,-23,38,3,20,-7,-4,20,8,-26,49,21,30,-2,0,31,7,-23,39,-12,9,-14,-3,28,3,-26,47,9,21,3,4,26,8,-30,53,6,13,-2,-4,22,33,-26,45,5,14,-5,-8,23,5,-27,49,10,17
58.8800,-9,-7,24,8,-21,49,12,23,-11,-5,21,6,-17,35,2,16,-11,-7,24,2,-23,48,18,27,-4,-6,23,13,-22,39,-7,8,-17,-6,23,5,-25,45,8,19,5,-1,24,9,-30,45,5,14,-7,1,21,32,-26,50,3,17,-4,-7,24,3,-28,46,9,14
58.9000,-7,-3,21,6,-20,50,14,25,2,-3,30,7,-20,35,2,15,-9,-5,27,7,-26,51,19,25,-5,-2,27,9,-26,44,-11,12,-12,-4,22,7,-27,48,9,23,-4,3,25,9,-29,52,6,15,-7,-5,23,32,-24,49,4,14,-3,-3,25,4,-30,49,11,16
58.9200,-8,-9,28,2,-13,46,13,19,-3,-1,29,11,-19,38,3,15,-4,-8,26,5,-25,47,21,29,-2,2,28,3,-25,43,-9,11,-17,-3,23,5,-26,44,9,21,7,2,25,0,-21,49,6,14,-8,-4,21,27,-27,45,7,14,-6,-4,21,5,-28,42,12,20
58.9400,-9,-7,24,10,-18,53,14,18,-8,-4,29,5,-19,34,0,11,-14,-8,26,10,-21,49,18,26,-2,-2,23,6,-19,36,-10,12,-18,-6,27,3,-23,44,3,21,2,2,26,5,-27,46,11,11,-6,1,24,31,-21,43,12,13,-7,-9,20,4,-28,48,14,14
58.9600,-8,-6,26,5,-22,49,13,21,-7,-7,26,7,-20,34,-5,15,-9,0,28,4,-25,44,19,31,1,-6,22,9,-21,35,-10,16,-19,0,26,5,-26,45,7,20,4,0,28,1,-27,53,3,15,-7,-6,22,31,-27,44,8,14,-4,-9,24,4,-24,48,10,10
58.9800,-4,-6,24,4,-24,47,11,19,-6,-4,28,4,-18,29,-1,17,-13,-5,27,3,-20,51,17,26,-2,-5,25,6,-19,39,-12,16,-16,-5,25,3,-25,42,8,20,3,1,32,3,-21,44,8,12,-7,-5,24,30,-21,45,11,11,-5,-9,24,5,-28,51,2,18
59.0000,-10,-2,28,7,-19,47,9,18,-9,0,28,3,-16,33,-2,14,-8,-5,27,4,-19,44,15,26,0,-2,27,7,-26,38,-8,10,-16,-5,26,4,-24,44,10,19,4,2,30,2,-30,47,5,9,-6,-10,30,31,-25,47,6,11,-5,-4,22,7,-26,46,7,21
59.0200,-5,-1,25,4,-22,50,15,19,-9,-2,26,6,-19,27,5,9,-11,-3,29,9,-21,47,14,28,-3,-2,27,1,-28,37,-5,9,-16,0,30,2,-24,40,8,15,1,2,27,7,-26,49,4,12,-2,1,27,34,-32,50,7,16,-9,-5,26,1,-24,41,11,16
59.0400,-12,-3,31,1,-21,48,17,22,-4,-2,22,6,-19,30,2,14,-13,3,32,5,-21,48,14,23,-5,0,24,1,-23,37,-8,14,-14,-3,30,4,-26,48,7,20,5,3,31,6,-22,44,8,10,-2,-3,28,32,-30,44,9,12,-6,-5,30,2,-26,47,4,17
59.0600,-4,-5,28,2,-22,46,14,19,-4,1,31,4,-16,29,3,7,-15,-7,30,9,-26,42,11,24,-3,-1,24,2,-28,41,-8,13,-11,-2,29,4,-23,46,8,21,-1,3,26,4,-27,44,6,10,-2,-9,28,35,-27,40,7,14,-5,-7,31,1,-28,49,10,18
59.0800,-14,-1,25,1,-22,45,14,18,-7,-3,20,5,-18,34,3,10,-12,0,28,7,-24,47,11,24,-6,2,27,6,-33,40,-9,13,-18,-4,25,9,-26,44,9,17,1,1,28,8,-27,46,2,7,-3,-7,28,37,-26,44,2,14,-3,-8,29,3,-25,48,11,15
59.1000,-16,-2,24,5,-25,49,18,22,-5,-1,30,5,-17,29,2,9,-8,2,26,10,-22,44,14,25,-6,-1,29,5,-25,41,-10,12,-17,-3,29,6,-26,43,7,20,-2,0,29,9,-27,45,6,12,-5,-1,28,37,-32,51,12,12,-6,-2,26,2,-20,46,11,14
59.1200,-12,-4,24,6,-24,50,11,20,-6,-2,27,3,-24,30,2,10,-6,-1,27,3,-30,45,13,23,-3,2,29,1,-29,41,-14,11,-19,0,28,12,-26,44,11,14,2,-3,31,11,-27,44,2,12,-1,-10,25,28,-31,47,8,16,-5,-6,28,2,-27,49,6,18
59.1400,-3,0,24,0,-22,47,19,17,-7,0,30,3,-20,28,3,11,-13,-5,24,15,-27,43,14,28,-9,-6,29,10,-25,42,-9,10,-14,1,24,13,-29,44,7,18,4,-5,32,4,-28,45,0,11,4,-7,27,31,-29,45,6,15,-5,-1,33,3,-27,43,8,12
59.1600,-9,-6,28,8,-23,46,18,18,-3,-4,25,4,-22,35,5,15,-10,-1,21,13,-23,50,14,27,-1,-1,27,9,-22,39,-9,16,-14,2,23,8,-30,45,6,18,1,-1,29,12,-27,44,-1,10,-2,-10,27,31,-27,46,11,12,-5,-7,30,4,-28,46,10,14
59.1800,-11,-2,29,11,-25,51,18,20,-6,1,23,0,-21,29,3,11,-6,1,27,12,-27,51,12,27,-7,0,31,11,-28,39,-8,7,-13,-4,27,7,-35,45,9,16,2,2,26,12,-30,40,1,14,2,-10,26,31,-27,51,6,19,-3,-8,30,6,-24,46,6,16
59.2000,-10,-8,27,8,-19,50,11,17,-4,-3,28,8,-21,30,-1,14,-13,-3,28,9,-26,45,12,29,-4,-2,27,11,-25,35,-10,14,-21,-1,19,11,-28,47,5,18,4,2,31,13,-29,45,5,10,-1,-9,20,34,-26,42,2,21,-7,-6,25,3,-28,45,10,15
59.2200,-9,-4,25,7,-20,44,11,22,-6,-2,27,5,-15,31,4,9,-10,-6,24,9,-28,48,10,27,-4,-3,25,8,-24,41,-13,11,-12,-3,21,7,-34,46,8,19,2,0,30,8,-29,49,2,17,-3,-11,24,35,-23,46,4,21,-8,-7,28,3,-32,50,10,10
59.2400,-7,-6,31,3,-22,51,12,14,-6,-2,27,5,-23,33,3,12,-10,-10,29,7,-27,46,12,26,-2,-1,21,11,-26,38,-14,13,-19,3,31,7,-32,48,9,21,-1,4,26,9,-32,46,-2,12,-2,-5,22,34,-25,52,2,15,-4,1,26,4,-31,48,10,15
59.2600,-9,-2,29,7,-26,51,14,15,-9,1,30,5,-24,34,0,6,-16,-4,26,8,-28,50,15,23,-7,1,25,10,-24,39,-13,12,-15,0,27,11,-29,49,13,23,1,4,28,11,-29,50,2,11,-7,-6,25,33,-26,54,4,13,-3,0,27,1,-30,51,11,11
59.2800,-7,-3,28,7,-25,54,12,19,-6,-3,28,6,-20,29,2,13,-11,-3,30,7,-25,48,9,27,-8,-1,28,12,-24,40,-10,15,-17,-1,24,4,-34,46,6,21,-4,7,28,9,-27,51,5,15,-6,-3,28,30,-25,44,5,20,-8,-4,27,-1,-30,51,11,17
59.3000,-13,-3,26,2,-27,55,14,20,-12,1,30,5,-23,32,8,9,-12,-5,23,8,-23,50,11,25,-5,-1,29,9,-28,45,-12,14,-16,0,25,3,-27,49,10,21,2,4,27,6,-27,49,2,13,-7,-2,25,32,-24,51,8,17,-2,-2,25,6,-30,49,9,14
59.3200,-14,0,30,5,-29,52,16,20,-7,0,26,7,-26,34,4,11,-11,-7,31,4,-27,47,9,30,-3,-5,31,8,-27,38,-10,16,-18,1,30,4,-28,48,5,24,-1,5,30,6,-27,53,3,11,-9,-5,24,35,-22,47,4,15,-8,0,29,0,-30,44,9,14
59.3400,-12,0,30,4,-25,50,18,20,-8,0,26,7,-22,36,9,11,-10,-1,29,0,-22,52,15,30,-9,1,26,11,-30,38,-13,13,-13,3,29,5,-28,48,7,25,-5,4,32,5,-26,48,0,17,-11,-5,33,31,-29,49,3,12,-8,-1,27,3,-23,47,11,14
59.3600,-11,-6,27,8,-25,54,17,20,-8,1,27,2,-20,35,1,7,-10,-4,30,5,-27,48,10,33,-6,-1,26,4,-27,42,-14,15,-17,4,30,3,-24,47,8,21,1,4,32,0,-28,50,1,13,-7,-2,32,35,-29,45,11,12,-5,-2,28,0,-29,46,6,15
59.3800,-6,-1,26,4,-22,49,17,16,-8,0,29,6,-23,37,5,10,-10,-1,30,4,-21,46,17,26,-7,0,27,3,-29,44,-10,11,-16,-4,34,5,-30,50,3,18,0,5,30,9,-27,47,9,11,-7,0,28,39,-30,51,8,13,-6,-4,26,4,-24,46,8,13
59.4000,-10,0,25,3,-26,53,13,17,-8,-2,31,5,-23,38,4,10,-10,0,33,5,-27,48,12,21,-2,-1,28,8,-33,43,-16,13,-16,-4,27,4,-34,47,10,22,1,5,26,2,-31,50,3,10,-10,-3,31,34,-26,45,12,12,-7,0,28,-3,-28,51,4,15
59.4200,-11,-1,28,6,-22,55,13,19,-13,1,33,5,-32,38,4,6,-8,0,24,4,-26,53,20,25,-10,0,25,4,-26,37,-11,15,-16,-1,36,8,-27,48,6,21,2,5,36,12,-25,47,4,11,-11,-4,30,35,-28,51,7,13,-5,3,27,0,-29,52,8,16
59.4400,-6,1,28,5,-29,55,12,19,-12,-4,29,5,-28,36,1,10,-12,4,29,4,-25,45,19,27,-6,5,28,3,-23,37,-12,11,-13,0,32,2,-28,46,9,20,-2,2,29,6,-30,50,8,9,-6,-4,26,34,-30,47,9,15,-10,-4,29,1,-30,45,12,12
59.4600,-5,-2,26,5,-22,54,16,18,-6,1,30,5,-27,39,2,10,-9,1,26,6,-28,47,15,27,-15,2,28,4,-28,39,-9,10,-15,-2,37,3,-29,50,9,20,3,2,25,9,-20,47,4,12,-6,-2,29,37,-32,45,6,14,-12,-2,29,0,-28,45,9,16
59.4800,-6,0,34,5,-26,57,12,23,-9,1,27,0,-27,41,1,14,-11,3,27,7,-22,50,17,25,-9,-1,28,6,-29,35,-8,13,-18,2,31,8,-30,49,8,20,0,1,27,4,-25,50,2,9,-6,-2,25,39,-26,46,8,17,-7,0,30,3,-27,53,11,12
59.5000,-3,-4,27,0,-27,54,11,19,-15,-4,30,1,-25,41,3,11,-11,-6,25,4,-27,52,21,23,-6,2,29,6,-32,43,-10,8,-22,-2,30,2,-27,49,10,18,1,1,27,3,-30,50,4,10,-2,-3,26,37,-30,51,10,15,-6,-3,29,-3,-28,51,12,15
59.5200,-7,-1,31,5,-22,55,14,22,-8,1,30,4,-29,42,5,14,-13,-3,27,8,-25,50,13,21,-5,3,31,9,-29,43,-10,9,-13,-1,27,6,-26,43,4,22,-4,3,28,6,-28,53,6,10,-4,-3,25,40,-33,52,8,14,-3,0,28,-1,-28,50,7,16
59.5400,-7,2,29,3,-25,52,16,23,-10,5,25,5,-24,43,0,8,-14,-6,25,4,-21,46,22,26,-8,5,26,5,-29,39,-6,13,-14,7,29,6,-27,53,6,24,5,2,30,3,-28,54,2,11,-10,-1,23,32,-31,49,11,11,-7,-3,25,2,-29,45,6,17
59.5600,-8,-1,27,5,-26,56,15,16,-3,1,26,6,-27,34,4,13,-9,4,28,9,-24,48,16,27,-5,3,29,8,-29,41,-7,11,-16,-4,28,6,-27,47,9,16,4,-2,28,2,-31,43,3,9,-6,-5,24,36,-28,52,8,20,-5,-1,22,-5,-28,46,2,21
59.5800,-7,-2,26,-2,-31,51,17,16,-5,4,30,1,-21,37,3,13,-15,1,30,7,-27,48,15,27,-4,0,25,3,-28,43,-8,9,-17,4,26,8,-25,45,10,13,0,1,28,3,-28,48,12,11,-5,-6,22,35,-28,48,6,17,-6,-3,26,-2,-31,51,6,15
59.6000,-5,-6,25,1,-22,51,17,17,-11,4,26,5,-19,39,3,8,-12,-1,29,7,-31,51,12,24,-8,1,27,5,-31,41,-8,7,-15,-2,21,5,-26,49,7,19,2,2,28,1,-29,52,7,9,-7,-5,30,33,-34,47,6,12,-7,-2,29,1,-30,48,13,12
59.6200,-6,-2,29,3,-27,50,13,20,-6,2,27,-1,-16,34,2,11,-13,-4,32,2,-25,47,15,30,-4,2,29,6,-24,45,-7,8,-19,0,31,1,-29,46,11,19,-3,3,23,6,-28,50,3,6,0,-6,27,36,-25,50,1,15,-6,-3,29,1,-34,49,13,15
59.6400,-11,-1,27,4,-28,52,15,20,-5,2,27,3,-21,37,3,9,-16,-1,28,3,-31,48,16,27,-11,2,26,4,-22,44,-7,9,-20,0,31,6,-30,50,6,17,1,3,28,2,-31,50,1,11,-8,-2,27,30,-26,51,11,12,-7,-4,27,1,-28,45,7,17
59.6600,-8,0,29,5,-25,48,16,18,-5,0,32,3,-22,35,1,11,-12,2,28,6,-34,48,17,21,-7,1,30,5,-23,43,-3,5,-15,1,28,3,-26,47,7,18,0,1,31,4,-28,43,3,15,-3,-5,25,38,-28,45,6,15,-11,-1,27,-2,-28,47,11,18
59.6800,-12,1,32,1,-29,53,16,19,-9,0,29,0,-22,30,4,9,-12,-5,31,2,-29,51,18,24,-2,-3,25,4,-29,42,-5,10,-13,-3,31,5,-30,46,11,17,4,2,31,3,-30,50,1,11,-1,-5,30,29,-28,46,6,17,-11,-4,29,0,-32,52,10,16
59.7000,-10,-3,29,-3,-21,50,17,14,-13,5,30,0,-21,32,2,11,-16,-5,31,4,-26,47,13,27,-8,-4,24,1,-28,39,0,6,-14,-5,30,2,-26,47,8,17,3,4,26,0,-27,48,7,12,-3,-1,27,33,-28,49,5,14,-6,0,28,-1,-32,46,9,13
59.7200,-12,-1,27,2,-27,49,16,16,-8,1,28,2,-15,26,6,8,-15,1,28,5,-30,46,22,20,-7,6,33,6,-26,42,-6,7,-15,2,28,4,-30,51,11,15,2,5,31,1,-30,47,2,10,-9,-3,28,31,-31,47,9,13,-11,-1,32,-4,-33,52,10,10
59.7400,-11,-2,32,3,-25,53,15,18,-8,1,26,1,-23,25,6,11,-15,-2,32,6,-30,50,20,27,-9,5,32,5,-31,41,-7,5,-17,0,29,1,-27,49,11,15,-2,0,34,5,-27,45,3,17,-9,1,22,31,-31,47,7,13,-3,-1,26,-5,-30,50,14,14
59.7600,-11,0,27,4,-24,52,17,16,-11,-2,32,0,-21,26,7,9,-12,0,30,10,-31,51,15,24,-10,4,30,-2,-28,45,-4,6,-17,-4,30,4,-29,52,9,15,2,1,26,-2,-27,48,5,10,-5,-6,29,35,-26,47,4,15,-6,-1,29,0,-30,47,9,11
59.7800,-10,-8,29,1,-31,50,15,17,-17,4,32,5,-25,33,11,5,-8,2,31,6,-27,50,15,22,-7,1,31,2,-33,45,-5,5,-18,0,30,4,-25,49,11,20,-1,1,28,2,-31,53,2,10,-9,-6,29,31,-29,47,7,15,-8,-5,29,2,-29,47,2,11
59.8000,-12,-6,34,-2,-25,52,16,18,-9,0,30,0,-26,33,6,8,-10,-4,30,1,-26,56,17,26,-7,0,29,4,-32,45,-7,14,-15,5,28,-1,-29,47,12,21,0,4,36,3,-30,52,3,15,-7,-8,29,33,-30,47,9,17,-12,1,30,-1,-37,51,11,13
59.8200,-12,-2,31,6,-28,53,19,16,-9,4,29,1,-22,32,5,7,-11,0,30,8,-31,53,20,26,-10,-1,31,5,-34,44,-8,10,-15,0,36,2,-29,50,15,21,-1,2,34,2,-27,47,2,9,-9,-4,26,32,-32,50,8,13,-6,-1,29,1,-35,50,11,13
59.8400,-9,3,26,7,-29,54,13,15,-10,3,30,4,-22,31,5,8,-11,3,34,4,-32,54,10,27,-8,1,31,2,-28,43,-7,4,-16,2,31,4,-27,50,10,20,-2,5,28,2,-27,51,3,11,-3,-4,24,28,-23,47,7,15,-10,-2,29,0,-35,52,14,14
59.8600,-10,-2,25,0,-30,55,14,17,-14,3,31,-1,-26,35,8,9,-11,1,30,4,-29,50,17,27,-6,3,32,4,-29,45,-8,12,-22,3,33,5,-32,54,11,17,-4,4,31,4,-34,53,6,9,-6,4,24,31,-32,51,11,15,-8,-7,29,1,-31,48,13,11
59.8800,-14,0,27,1,-33,57,17,14,-8,3,29,1,-25,38,5,13,-10,-3,30,0,-29,52,15,26,-7,3,32,-1,-30,43,-7,13,-17,5,34,4,-32,52,13,24,-2,12,29,5,-31,55,1,10,-5,-2,29,30,-32,54,8,16,-7,0,29,-2,-33,51,12,12
59.9000,-12,1,25,0,-30,56,16,15,-14,1,30,2,-28,36,5,11,-13,-1,33,6,-33,51,13,25,-5,-1,32,4,-29,41,-12,10,-21,4,27,1,-33,48,12,20,-4,4,23,2,-29,51,2,11,-8,2,32,28,-30,51,11,12,-12,5,26,-5,-32,53,12,11
59.9200,-14,1,24,1,-30,57,16,14,-12,8,30,1,-27,39,4,8,-16,0,31,0,-31,54,13,26,-9,1,30,2,-31,44,-7,14,-19,4,27,3,-32,52,9,19,0,7,36,3,-28,50,2,9,-11,4,31,31,-41,50,9,10,-11,0,28,2,-34,48,9,13
59.9400,-10,4,23,-1,-33,57,15,9,-9,9,29,3,-23,38,5,10,-12,2,31,0,-26,51,18,25,-8,-2,36,-7,-29,47,-11,8,-17,4,34,-1,-33,58,4,19,-4,7,29,2,-37,51,5,15,-9,-3,25,34,-27,46,9,13,-6,1,28,-1,-29,54,16,10
59.9600,-12,1,23,0,-33,53,15,15,-16,4,29,-2,-25,40,6,6,-15,2,31,0,-31,51,13,26,-12,2,29,4,-27,48,-8,15,-15,5,30,-6,-32,52,10,18,-1,5,28,-1,-33,49,5,10,-6,2,30,28,-26,49,9,8,-6,1,30,-3,-28,51,8,12
59.9800,-12,2,27,2,-28,57,19,19,-14,6,29,5,-29,38,7,8,-16,3,35,2,-32,50,15,22,-10,-3,28,0,-27,46,-9,8,-17,4,35,2,-34,51,13,16,-2,6,30,2,-34,48,1,6,-6,1,32,29,-31,52,11,14,-7,3,26,-3,-30,54,14,13
60.0000,-13,1,30,2,-27,54,18,18,-12,4,31,0,-31,41,2,8,-21,4,37,1,-28,46,15,30,-10,3,34,-3,-33,46,-10,15,-20,5,36,2,-26,50,7,16,-3,5,35,1,-30,49,3,7,-10,6,32,31,-36,53,13,12,-10,1,31,-3,-37,53,9,12
60.0200,-8,0,31,0,-24,53,13,14,-12,6,30,5,-31,40,8,7,-15,-2,29,0,-30,49,14,20,-10,5,30,0,-30,47,-7,11,-20,8,31,1,-29,47,10,16,-6,7,29,-2,-28,54,3,8,-4,-3,33,30,-34,54,10,14,-11,0,30,-3,-34,55,10,8
60.0400,-10,1,28,-8,-33,53,19,17,-13,7,32,1,-27,41,11,11,-16,2,29,2,-34,49,15,24,-11,2,28,3,-33,42,-5,12,-21,4,31,-3,-29,47,8,19,-2,5,30,0,-32,49,6,9,-7,-3,29,36,-30,50,7,12,-12,4,27,0,-27,46,15,11
60.0600,-12,-2,32,1,-31,57,15,13,-10,4,27,4,-29,38,11,10,-14,4,30,4,-27,50,13,27,-12,1,33,0,-33,42,-5,15,-21,3,31,-1,-28,48,13,16,-2,8,36,-5,-33,52,4,6,-6,-3,31,36,-31,50,9,10,-15,1,33,-1,-33,49,13,12
60.0800,-9,-1,32,-1,-32,56,16,18,-11,5,30,-6,-25,37,13,8,-9,4,29,2,-27,51,9,25,-12,4,32,-4,-32,45,-12,11,-17,2,38,0,-26,48,10,17,1,5,33,-1,-35,56,8,6,-10,4,28,32,-30,53,14,16,-8,5,26,0,-31,46,9,13
60.1000,-8,-1,28,-2,-33,54,14,21,-14,-1,29,-3,-26,35,6,13,-11,1,29,1,-33,50,15,26,-9,5,33,3,-32,42,-11,12,-17,1,32,-3,-26,47,11,18,-6,1,32,0,-32,53,6,3,-6,1,30,40,-30,52,13,15,-9,-3,30,-3,-33,51,14,12
60.1200,-6,-2,31,0,-31,51,19,17,-7,3,30,-3,-25,41,4,10,-19,3,26,5,-26,51,22,26,-8,6,30,0,-33,44,-14,8,-15,3,34,3,-31,48,12,21,-6,2,30,3,-37,51,11,5,-5,1,35,37,-35,50,10,12,-4,1,29,-2,-36,52,11,13
60.1400,-14,-4,31,3,-29,51,12,17,-13,0,32,-4,-24,38,5,14,-13,3,29,3,-28,49,16,22,-11,5,28,0,-30,43,-14,8,-21,6,32,0,-30,49,15,18,1,3,36,0,-29,49,3,7,-11,1,34,33,-33,52,16,10,-11,0,33,-4,-34,52,10,14
60.1600,-7,-4,31,0,-30,51,15,19,-11,4,33,-4,-25,41,3,13,-9,-2,30,3,-33,42,11,25,-8,3,32,3,-28,40,-8,10,-17,-5,28,-1,-28,47,17,16,-1,7,31,-3,-36,48,9,8,-13,1,30,34,-31,55,11,15,-6,-3,31,-1,-31,55,11,14
60.1800,-7,-6,30,0,-30,52,14,21,-8,7,32,-1,-23,40,2,16,-13,3,32,1,-32,48,17,25,-11,4,30,1,-30,46,-8,11,-22,1,31,1,-27,50,11,15,1,9,29,4,-31,51,3,9,-8,-1,27,30,-33,55,3,12,-10,3,33,-4,-34,49,15,11
60.2000,-13,-2,29,-1,-30,52,16,18,-11,0,34,-4,-25,36,6,13,-13,-3,38,-4,-31,46,19,23,-10,2,36,4,-29,40,-6,13,-19,0,29,1,-33,54,13,18,0,6,34,-3,-33,49,4,10,-13,3,26,29,-34,53,12,9,-11,3,35,-1,-30,52,10,20
60.2200,-8,-1,28,-1,-29,51,15,14,-6,4,30,-1,-23,37,10,10,-9,0,28,-3,-31,50,16,21,-10,-3,32,-2,-35,45,-6,10,-18,0,26,1,-28,55,10,18,-1,5,31,-3,-31,54,2,7,-8,-1,26,28,-26,48,7,13,-12,1,32,0,-30,50,13,14
60.2400,-9,-2,29,-2,-28,49,13,20,-12,1,33,-3,-22,36,0,8,-17,2,30,-2,-30,51,20,20,-12,1,32,0,-26,44,-4,8,-15,4,35,-7,-28,50,14,15,-1,5,29,-1,-28,54,7,8,-7,-2,27,34,-27,52,5,14,-13,-2,32,-3,-31,51,6,13
60.2600,-8,-5,30,0,-28,53,10,18,-9,-1,27,0,-22,33,3,14,-14,8,30,-4,-31,48,21,22,-10,6,32,-1,-27,44,-7,10,-18,3,30,-5,-29,53,7,17,0,6,27,-5,-26,53,8,4,-8,-1,28,28,-29,56,4,15,-10,0,30,-7,-28,49,10,7
60.2800,-8,4,28,0,-28,55,17,15,-12,5,32,0,-24,33,3,9,-13,6,30,-2,-26,52,18,21,-11,2,31,2,-29,42,-5,12,-17,0,30,-1,-32,48,12,20,-3,3,28,0,-30,53,2,5,-8,1,35,29,-37,55,9,13,-2,8,29,-5,-28,51,11,10
60.3000,-10,1,29,-4,-26,61,16,12,-12,3,34,-6,-27,30,3,13,-15,3,31,-2,-28,47,18,21,-9,1,32,5,-29,40,-7,7,-12,-4,30,-2,-27,47,10,15,-2,1,28,-5,-25,50,1,10,-10,0,31,28,-27,52,11,12,-13,0,33,-5,-31,49,11,12
60.3200,-11,-4,28,-4,-25,54,17,14,-9,8,31,-3,-27,34,6,9,-18,6,32,-2,-27,49,15,24,-11,2,33,1,-30,40,-8,7,-15,-1,28,0,-32,53,7,15,-3,5,33,-1,-28,54,-2,2,-7,6,34,32,-33,46,10,12,-12,2,29,-5,-31,54,12,10
60.3400,-13,1,27,-3,-30,56,15,10,-10,4,28,-3,-20,36,0,14,-13,2,33,-1,-30,50,12,20,-12,2,31,-2,-30,40,-5,8,-21,3,30,3,-30,44,9,20,-3,6,32,0,-28,51,6,4,-10,-2,35,31,-27,45,2,11,-8,3,26,-3,-29,52,6,10
60.3600,-10,3,31,0,-25,54,17,14,-11,4,30,-3,-27,32,0,13,-15,4,32,-2,-34,47,19,23,-10,4,34,-3,-31,47,-9,4,-21,6,36,-1,-32,50,13,17,-2,8,36,1,-28,53,3,4,-12,-1,35,34,-21,50,10,16,-10,-1,28,-5,-33,52,8,14
60.3800,-14,2,28,-1,-23,56,11,11,-14,3,28,-2,-29,36,6,8,-13,4,32,0,-33,49,14,22,-11,7,35,2,-28,41,-9,7,-18,-1,33,1,-35,52,13,21,2,5,27,2,-27,57,4,5,-10,6,31,28,-35,51,11,14,-10,6,36,-4,-37,52,11,9
60.4000,-12,1,35,-1,-29,53,15,9,-13,4,27,-2,-28,32,1,9,-12,0,34,-2,-29,47,16,29,-14,3,37,-1,-31,41,-10,9,-19,3,32,-5,-34,47,11,18,0,5,33,1,-31,53,4,6,-13,-2,29,28,-32,49,11,10,-11,-3,32,-5,-31,50,9,16
60.4200,-11,-1,35,-5,-30,56,17,14,-13,5,29,-4,-27,38,11,7,-14,0,34,-3,-32,49,15,22,-10,2,34,-2,-32,45,-8,10,-15,1,30,3,-32,53,6,16,-2,0,31,1,-30,49,2,10,-9,0,31,33,-37,55,15,19,-11,4,33,-6,-31,52,13,7
60.4400,-11,-7,34,-3,-30,55,13,11,-7,4,26,-5,-23,40,3,9,-12,2,37,-8,-37,54,22,21,-12,0,33,-2,-34,49,-4,7,-17,1,33,-2,-28,50,11,18,-2,6,27,1,-28,49,3,4,-8,3,28,30,-32,49,14,12,-8,4,31,-9,-31,53,15,10
60.4600,-10,0,36,0,-30,53,18,14,-16,9,30,-3,-30,37,7,12,-21,4,32,-5,-33,49,16,24,-11,5,30,0,-27,45,-4,11,-19,6,36,3,-30,49,12,15,-4,4,36,0,-36,55,9,6,-9,1,35,32,-29,52,7,11,-10,2,31,-4,-40,53,9,13
60.4800,-15,-2,32,-2,-28,56,22,12,-8,5,28,-1,-21,36,7,7,-11,2,30,-3,-35,52,18,19,-6,2,29,3,-33,44,-7,10,-25,6,32,-3,-26,49,11,15,1,8,28,0,-29,54,9,6,-7,-7,30,34,-23,52,9,15,-8,1,25,-6,-37,50,13,11
60.5000,-12,1,31,1,-30,57,14,12,-14,4,28,-4,-26,38,12,9,-13,2,36,0,-36,51,16,25,-8,0,31,-5,-28,48,-9,12,-22,4,29,1,-30,53,11,16,0,6,29,1,-32,50,3,7,-4,-5,32,30,-37,48,11,10,-10,3,30,-5,-32,54,9,14
60.5200,-12,-2,30,3,-32,57,22,15,-10,6,33,-7,-30,41,9,7,-16,2,33,-4,-33,55,18,23,-11,0,29,-2,-34,45,-6,10,-21,5,29,-3,-34,53,11,20,-7,9,34,3,-36,53,7,4,-7,-5,31,35,-34,53,8,15,-12,5,34,-4,-31,50,12,16
60.5400,-14,-1,30,-6,-31,58,20,15,-14,4,32,-2,-30,40,10,7,-17,3,29,1,-32,56,15,25,-10,1,29,-4,-37,47,-1,9,-27,2,31,-3,-28,51,16,19,-6,4,31,1,-27,57,3,6,-8,2,30,36,-35,52,13,15,-10,-1,33,-5,-32,54,13,13
60.5600,-14,-1,33,-2,-36,58,16,16,-12,7,33,-2,-29,37,11,10,-15,2,32,-2,-33,57,17,22,-16,3,30,-1,-36,45,-6,12,-18,6,31,-5,-31,51,14,15,-2,8,36,2,-34,54,3,8,-5,-1,29,34,-33,51,11,12,-9,6,26,-9,-36,55,11,14
60.5800,-12,3,27,-3,-32,56,23,13,-20,2,31,3,-32,39,13,6,-16,4,35,-2,-36,52,20,25,-11,3,27,-3,-34,50,-2,14,-19,4,33,3,-34,56,16,18,-2,6,31,4,-32,48,3,4,-10,0,36,29,-40,55,12,14,-8,5,32,-4,-34,54,13,13
60.6000,-10,1,33,1,-25,54,23,16,-8,8,30,-4,-28,41,10,10,-14,5,33,-4,-30,57,11,26,-11,8,33,-3,-37,45,-3,11,-15,2,35,-1,-31,52,11,14,-6,6,36,0,-32,53,0,7,-13,0,29,29,-33,51,8,14,-7,4,34,-4,-36,51,10,10
60.6200,-8,-2,28,-2,-31,58,21,20,-15,7,28,0,-28,43,5,5,-15,8,29,-5,-32,53,14,25,-13,7,31,-4,-33,51,-7,17,-20,4,31,-2,-34,50,15,15,-1,5,28,3,-36,52,4,9,-9,3,30,35,-28,50,6,15,-11,-2,31,-4,-36,54,8,14
60.6400,-8,-2,32,-4,-32,55,21,15,-5,6,33,-2,-26,38,8,8,-14,5,29,-3,-37,54,20,25,-12,-1,35,-3,-30,51,-6,11,-15,7,33,0,-35,50,16,14,-2,10,35,0,-33,55,5,6,-9,3,32,31,-33,54,15,11,-10,-4,29,-4,-31,51,7,13
60.6600,-8,1,29,0,-35,58,18,20,-12,11,28,-4,-33,37,9,8,-17,6,34,1,-40,51,16,23,-12,5,32,-2,-32,47,-4,12,-22,3,29,0,-31,57,15,22,-4,7,37,1,-31,54,8,3,-3,-1,29,31,-29,53,10,14,-7,3,34,-5,-28,54,7,12
60.6800,-10,-1,34,-6,-35,54,14,15,-12,2,33,-3,-29,39,5,7,-13,4,36,-2,-31,49,17,25,-16,3,31,-1,-36,46,-7,8,-17,5,34,-1,-32,52,15,19,1,5,30,-2,-33,48,8,2,-6,1,33,34,-33,53,11,15,-11,-2,35,-2,-31,53,10,17
60.7000,-11,0,31,-3,-33,60,18,15,-9,6,33,0,-27,39,5,9,-15,5,30,6,-30,48,17,24,-13,1,29,-1,-27,49,-9,9,-15,4,32,-1,-35,49,18,19,0,6,32,3,-33,54,9,9,-3,-1,30,37,-34,47,8,16,-16,-2,33,-3,-32,49,13,14
60.7200,-15,-1,35,-7,-34,55,20,15,-15,9,30,-3,-27,42,8,9,-13,2,30,-1,-30,50,19,21,-9,0,34,4,-27,45,-6,12,-16,-1,34,1,-32,51,9,15,-3,10,31,2,-29,48,2,5,-9,-1,32,39,-35,51,11,15,-13,3,32,-5,-37,54,10,13
60.7400,-14,-1,30,-3,-31,58,15,14,-12,6,32,-5,-35,41,8,15,-19,11,34,3,-30,48,18,23,-12,3,31,0,-27,44,-9,14,-18,3,36,-4,-32,55,15,17,-1,5,34,2,-28,55,5,5,-11,0,33,37,-35,49,7,17,-12,1,27,-3,-37,51,11,13
60.7600,-7,-5,30,-3,-38,60,19,16,-9,4,35,-2,-25,38,3,15,-16,4,35,5,-31,49,18,27,-11,-1,35,-3,-34,45,-10,9,-17,3,33,-1,-27,52,18,18,-2,8,32,2,-28,55,8,7,-10,-1,33,36,-37,53,12,17,-10,1,33,-7,-36,54,9,11
60.7800,-9,-2,29,-5,-29,61,15,16,-12,1,35,1,-32,39,4,12,-13,6,33,1,-29,46,15,23,-10,4,30,1,-30,40,-7,7,-19,2,32,-2,-31,52,12,15,-3,8,31,-2,-32,54,2,2,-12,-1,31,34,-35,50,9,15,-12,5,28,-2,-31,52,8,15
60.8000,-11,-2,32,1,-34,57,20,18,-9,3,26,1,-27,39,7,13,-15,6,34,-2,-33,46,18,22,-13,3,34,3,-38,43,-5,10,-16,1,30,-3,-32,50,13,12,-1,8,24,-2,-34,52,4,2,-11,2,33,38,-35,53,7,15,-13,-1,30,-5,-35,53,11,9
60.8200,-8,-2,34,-3,-32,56,15,11,-13,6,34,2,-29,42,8,12,-17,6,34,4,-30,49,18,29,-12,1,31,-4,-32,43,-7,6,-22,8,33,-3,-30,47,12,16,-1,6,29,-3,-30,55,8,4,-16,4,29,27,-37,54,8,14,-14,-3,34,-1,-31,52,10,16
60.8400,-11,-5,31,-4,-28,53,20,18,-14,4,32,-7,-30,39,7,12,-17,5,34,0,-31,52,17,25,-11,6,31,-1,-32,47,-6,9,-22,4,30,-3,-33,53,8,18,-4,3,29,-1,-30,56,2,0,-14,3,32,35,-33,55,6,9,-11,-1,28,-8,-36,53,13,14
60.8600,-11,-2,36,-8,-28,55,15,17,-15,5,33,-6,-30,41,7,11,-17,1,34,-2,-31,56,22,20,-9,1,27,-2,-34,43,-8,14,-21,1,31,-10,-31,52,10,17,1,10,29,-5,-33,52,4,4,-12,5,33,34,-33,55,11,15,-13,0,31,-10,-34,53,10,14
60.8800,-12,-1,30,-8,-23,55,17,14,-13,3,32,-6,-24,41,3,13,-17,7,29,-5,-34,51,18,25,-15,7,36,-3,-35,43,-8,12,-21,6,38,-3,-29,52,10,16,-1,3,32,-6,-29,54,0,4,-9,0,32,38,-31,53,8,10,-12,3,29,-6,-38,55,11,9
60.9000,-16,0,31,-6,-29,57,18,9,-13,3,38,-8,-28,42,7,10,-16,4,31,-4,-31,50,16,23,-14,4,36,-2,-36,48,-5,6,-20,7,32,-4,-33,49,14,12,-1,8,29,-7,-33,52,2,3,-12,2,33,36,-35,53,16,14,-14,3,32,-5,-38,55,13,10
60.9200,-18,0,29,-5,-30,54,19,14,-13,6,29,-4,-24,39,1,7,-15,11,29,-9,-25,55,19,24,-11,6,29,-4,-35,44,-9,4,-17,2,31,-6,-26,52,11,15,-4,7,27,-5,-31,53,5,7,-20,3,27,29,-29,50,10,14,-11,1,29,-6,-34,56,9,10
60.9400,-12,4,33,-5,-32,58,21,14,-14,2,34,-2,-30,42,5,7,-16,4,32,-5,-30,51,17,20,-7,3,27,-3,-31,43,-11,8,-21,2,34,-9,-33,54,15,12,0,11,32,-2,-32,48,3,3,-12,3,30,31,-26,54,3,13,-12,3,29,-5,-34,52,13,9
60.9600,-17,4,30,-4,-26,51,23,16,-17,4,27,-2,-25,36,9,6,-17,6,36,-2,-31,53,19,22,-9,4,33,-4,-33,46,-5,9,-21,3,30,-6,-28,53,13,15,-3,6,33,-8,-30,52,2,1,-14,5,30,29,-31,54,14,8,-17,5,31,-5,-31,55,11,13
60.9800,-14,1,34,-7,-32,51,20,8,-12,3,34,-5,-27,38,9,4,-13,5,30,-4,-32,53,16,23,-13,4,37,-5,-36,52,-6,6,-24,6,40,-2,-29,53,10,15,-3,5,29,-5,-31,56,3,7,-7,5,33,32,-30,49,11,11,-12,6,36,-6,-32,50,9,15
61.0000,-11,-2,37,-5,-32,56,21,9,-13,10,32,-6,-29,36,12,8,-16,3,35,-4,-32,50,16,22,-12,3,29,-7,-29,50,-8,8,-20,2,34,-6,-34,53,11,18,-1,13,40,-4,-27,56,6,9,-15,4,35,30,-33,51,15,8,-11,7,34,-9,-33,53,11,7
61.0200,-13,0,35,-5,-34,55,20,10,-17,4,33,-3,-25,37,6,6,-17,8,36,-4,-32,46,22,21,-13,8,39,-7,-33,49,-4,10,-21,5,38,-5,-31,55,14,19,-3,11,35,-2,-33,51,6,0,-10,-1,35,31,-32,52,10,10,-14,8,37,-3,-33,53,10,4
61.0400,-19,-1,34,-8,-33,57,17,7,-16,6,29,-6,-24,36,3,5,-15,3,34,-7,-34,52,17,18,-17,8,36,-6,-32,45,-5,5,-25,3,36,-6,-30,50,10,16,-2,7,40,-2,-30,53,5,3,-14,6,38,30,-42,60,18,5,-9,4,32,-7,-33,53,8,11
61.0600,-15,-2,36,-8,-32,56,20,10,-13,13,35,-5,-28,38,12,6,-17,8,42,-7,-30,52,18,26,-13,6,34,-7,-35,46,-3,7,-23,8,34,0,-32,52,15,16,-4,2,31,-10,-33,54,4,-1,-9,1,37,29,-34,54,15,17,-10,7,31,-5,-34,53,10,15
61.0800,-13,1,34,-6,-35,52,22,13,-16,7,35,-3,-28,35,10,7,-22,7,35,-5,-34,55,19,23,-15,5,38,-6,-38,49,-8,9,-24,0,33,-3,-36,53,18,13,-4,6,34,-3,-26,50,6,4,-15,1,33,41,-36,55,10,6,-15,3,31,-5,-35,54,14,11
61.1000,-16,2,34,-2,-34,58,17,11,-13,9,34,-5,-26,35,6,6,-17,4,39,-6,-33,56,19,25,-18,7,32,-7,-37,52,-6,7,-24,7,37,-4,-34,50,15,18,-2,4,36,-1,-30,57,5,5,-11,5,35,33,-32,52,14,8,-11,2,39,-7,-36,54,15,12
61.1200,-9,0,38,-6,-33,56,20,13,-8,3,32,-2,-28,38,10,12,-15,6,36,-1,-40,54,19,29,-13,6,33,-2,-36,49,-7,7,-24,1,31,-3,-33,51,17,16,-3,9,35,-6,-40,54,3,4,-11,3,33,31,-40,56,17,6,-14,-1,33,-6,-32,57,9,9
61.1400,-8,2,38,-4,-34,59,19,8,-14,11,33,-3,-29,41,11,4,-20,8,34,-1,-34,54,13,23,-13,7,34,-10,-32,48,-4,13,-23,5,30,-2,-33,54,11,15,-4,7,35,-2,-33,57,5,7,-10,2,32,41,-30,52,13,13,-16,2,34,-9,-38,53,12,11
61.1600,-13,-3,44,1,-31,56,22,11,-14,5,30,-2,-31,40,13,7,-21,8,35,-2,-37,53,16,24,-8,3,34,-5,-38,47,-7,7,-20,3,35,0,-29,53,13,14,-4,7,32,-6,-32,54,5,5,-10,7,36,35,-38,58,15,7,-17,3,34,-8,-36,51,11,13
61.1800,-10,1,34,-2,-33,60,23,12,-17,2,34,-4,-34,49,7,8,-20,10,36,-2,-40,56,16,31,-10,9,35,-4,-37,49,-8,14,-19,-1,29,2,-33,50,10,18,-4,12,34,-5,-26,55,2,7,-9,2,30,35,-31,53,10,14,-11,6,37,-5,-35,55,12,13
61.2000,-14,-3,31,1,-33,59,17,15,-10,7,27,-6,-28,48,9,7,-19,4,41,-3,-37,52,17,23,-14,3,35,-3,-34,49,-5,11,-23,6,32,-3,-33,51,16,20,-3,7,33,-4,-27,57,5,6,-11,-1,32,33,-36,54,7,12,-9,-1,35,-6,-33,58,20,12
61.2200,-14,0,31,-3,-33,65,16,17,-12,6,31,-4,-30,44,8,13,-17,9,36,-2,-35,51,17,27,-11,3,34,-2,-33,45,1,14,-21,4,33,-3,-35,55,13,16,1,13,34,-7,-31,57,6,3,-10,1,36,30,-44,54,15,11,-12,1,27,-6,-38,57,8,9
61.2400,-13,-1,33,-2,-34,64,19,15,-8,6,28,-1,-29,42,15,11,-15,9,33,-7,-36,50,13,23,-12,7,31,-2,-29,49,-8,16,-22,0,39,-3,-35,53,9,14,-7,9,34,-1,-30,60,2,6,-16,2,34,33,-40,55,10,14,-6,4,35,-7,-36,60,17,12
61.2600,-14,-4,33,-8,-32,60,21,12,-10,4,32,-6,-27,45,10,9,-22,5,32,-7,-30,47,13,27,-11,2,34,-4,-34,49,-5,14,-15,4,35,-2,-32,53,10,15,-3,12,33,-4,-33,54,5,3,-11,2,27,38,-31,54,7,13,-13,2,34,-10,-39,55,11,11
61.2800,-11,-3,36,-3,-35,64,17,14,-12,4,34,-8,-30,44,9,12,-17,2,36,-2,-31,50,14,32,-12,3,35,-8,-35,51,-9,9,-19,4,38,-3,-30,53,10,15,0,7,37,-5,-30,58,4,2,-13,5,33,34,-40,56,8,10,-13,1,33,-6,-33,55,12,8
61.3000,-9,0,34,-8,-39,59,15,9,-10,2,35,-6,-28,40,8,10,-13,7,34,-1,-36,53,13,25,-15,6,32,-5,-32,50,-5,12,-23,1,37,-9,-35,52,12,12,-3,11,34,-3,-33,55,7,1,-14,0,30,28,-40,59,16,13,-14,-1,32,-8,-34,54,10,9
61.3200,-11,4,33,-7,-38,60,22,15,-10,3,35,-8,-32,45,12,15,-18,5,32,-4,-33,52,16,24,-16,7,32,-2,-35,53,-3,14,-21,11,31,-3,-32,56,14,14,-1,15,34,-5,-34,56,5,3,-6,-4,31,36,-25,50,7,11,-11,1,29,-9,-30,53,13,13
61.3400,-12,-3,34,-8,-37,58,21,9,-17,2,35,-5,-30,41,4,12,-20,6,32,-4,-37,46,16,18,-16,9,37,-3,-32,50,-10,7,-22,4,35,-4,-30,49,12,10,-1,11,40,0,-33,52,8,4,-11,6,31,33,-38,57,12,11,-10,3,36,-8,-34,54,11,11
61.3600,-12,-3,38,-9,-35,59,20,15,-10,12,37,-7,-28,42,2,10,-22,8,32,-1,-37,46,19,27,-12,7,36,-5,-37,51,-8,7,-22,0,36,-3,-38,56,13,16,-1,15,36,-3,-34,50,8,3,-12,5,36,39,-43,55,11,6,-13,1,32,-8,-35,57,10,15
61.3800,-14,0,30,-10,-29,57,19,19,-14,11,37,-5,-28,43,11,8,-19,15,41,-7,-30,47,17,24,-12,9,33,-4,-35,47,-4,7,-19,4,35,-7,-25,55,13,19,-3,15,34,-4,-29,53,4,5,-14,1,34,34,-30,51,12,10,-11,6,32,-8,-35,55,9,9
61.4000,-14,-3,36,-7,-33,56,17,17,-11,7,31,-7,-31,43,7,13,-16,8,35,-1,-37,50,21,22,-15,3,32,-7,-38,49,-8,10,-27,2,35,-4,-30,51,10,11,-2,6,34,-1,-30,56,3,0,-11,0,34,34,-36,54,7,8,-13,1,32,-9,-31,58,14,9
61.4200,-13,-2,31,-11,-33,57,17,14,-6,5,36,-7,-31,47,13,9,-18,7,34,-5,-32,47,20,21,-11,3,33,-1,-32,48,-7,9,-25,2,33,-8,-30,50,14,13,-3,10,34,-3,-35,52,0,3,-11,3,32,35,-37,52,13,13,-9,1,33,-12,-34,58,11,11
61.4400,-11,-2,34,-6,-34,56,21,15,-10,1,37,-6,-28,45,7,15,-22,5,34,-5,-30,48,16,27,-17,6,30,-5,-30,48,-7,12,-20,1,32,-11,-29,50,13,14,-5,10,32,-6,-32,53,2,-1,-17,3,38,31,-37,58,13,5,-15,10,32,-12,-33,52,14,13
61.4600,-13,-2,33,-6,-39,56,18,15,-18,1,33,-8,-32,42,7,13,-20,5,38,-3,-29,46,18,24,-17,2,39,-5,-33,45,-7,9,-25,8,39,-6,-31,51,16,16,-7,14,34,-5,-29,50,2,5,-13,-1,34,28,-35,56,9,8,-14,5,35,-3,-34,56,12,12
61.4800,-16,-5,30,-6,-35,59,22,10,-13,7,30,-5,-25,42,10,13,-19,5,38,-4,-34,49,18,23,-14,2,35,-1,-33,49,-6,8,-25,1,38,-4,-29,54,16,14,-8,17,32,-1,-27,54,6,3,-11,4,33,34,-37,56,11,9,-14,1,31,-9,-30,58,13,14
61.5000,-12,1,31,-6,-32,55,18,14,-16,1,37,-7,-31,42,7,12,-19,7,31,-8,-31,51,19,25,-14,1,31,-4,-32,48,-8,5,-17,7,39,-5,-31,53,15,13,-4,14,34,-5,-29,52,4,-2,-12,5,32,33,-37,49,13,15,-18,5,33,-11,-30,57,10,6
61.5200,-15,3,32,-6,-32,54,23,12,-20,11,36,-5,-35,43,10,12,-17,9,39,-5,-37,51,18,20,-15,3,28,-3,-37,47,-4,9,-21,5,40,-6,-33,54,9,12,-5,12,33,-4,-35,53,5,0,-14,8,33,26,-39,59,17,7,-13,2,34,-9,-35,51,11,14
61.5400,-19,3,35,-13,-35,56,19,15,-16,4,31,-2,-28,42,9,11,-15,6,35,-2,-31,49,20,23,-13,4,36,-4,-34,45,-10,10,-23,4,34,-9,-30,54,14,10,-3,11,35,-8,-36,54,9,4,-17,1,36,29,-37,53,12,13,-15,5,31,-8,-35,51,9,10
61.5600,-15,-1,30,-7,-31,53,22,15,-16,8,35,-6,-24,44,8,12,-20,10,32,-3,-35,52,24,20,-12,3,37,-4,-39,43,-6,6,-25,10,34,-7,-33,55,12,15,-2,11,36,-7,-33,55,5,6,-11,1,33,32,-34,54,14,8,-13,6,32,-9,-40,53,13,10
61.5800,-13,2,39,-12,-36,60,23,14,-11,10,35,-6,-28,36,8,7,-22,10,35,-7,-35,56,21,25,-15,3,36,-8,-36,46,-4,4,-21,6,37,-5,-34,54,12,11,-5,15,37,-11,-37,59,4,-3,-13,2,37,38,-30,51,14,15,-15,4,36,-8,-38,49,10,7
61.6000,-16,2,38,-9,-32,59,22,10,-17,12,32,-10,-27,39,7,7,-18,8,39,-9,-40,54,19,18,-14,5,32,-9,-37,49,-6,13,-22,3,39,-9,-31,54,18,12,-1,14,34,-6,-33,60,6,6,-12,2,32,31,-37,57,15,10,-12,5,35,-9,-34,58,13,10
61.6200,-14,3,33,-10,-36,57,21,9,-14,10,34,-4,-28,45,11,6,-20,10,35,-10,-41,55,21,13,-17,3,37,-8,-36,51,-4,7,-24,3,32,-9,-31,53,11,12,-2,10,35,-9,-37,59,2,2,-11,2,34,32,-39,56,12,7,-12,5,37,-8,-34,52,15,8
61.6400,-14,0,32,-6,-29,55,21,11,-19,8,36,-9,-29,45,11,8,-26,9,38,-5,-37,57,16,20,-14,6,35,-7,-33,44,-1,9,-23,3,34,-2,-33,52,13,13,4,11,33,-7,-39,57,2,1,-12,2,31,34,-33,54,6,12,-14,10,34,-6,-33,54,15,11
61.6600,-11,5,39,-14,-36,55,23,11,-15,9,37,-9,-31,42,11,10,-19,14,39,-3,-37,58,20,23,-14,9,35,-9,-44,49,-7,9,-24,2,31,-1,-36,53,11,9,0,14,34,-3,-37,60,7,-1,-16,1,34,37,-38,49,11,11,-12,4,33,-11,-37,53,15,5
61.6800,-15,0,33,-7,-37,59,23,14,-11,10,33,-6,-27,42,6,6,-17,7,32,-8,-30,49,13,21,-18,7,32,-6,-37,48,0,5,-24,6,32,-8,-35,51,8,13,-3,13,32,-7,-31,57,5,4,-9,4,37,29,-37,58,13,5,-11,1,36,-5,-34,55,11,8
61.7000,-12,2,33,-12,-34,64,22,12,-11,10,31,-6,-30,43,10,9,-19,10,35,-3,-35,58,13,23,-13,6,34,-7,-38,52,-3,8,-19,4,31,-4,-38,56,12,13,-5,9,35,-7,-35,59,8,-1,-11,5,36,29,-37,61,11,7,-12,4,36,-5,-34,56,14,13
61.7200,-14,2,31,-4,-30,64,23,12,-9,6,34,-4,-29,43,8,6,-18,12,39,-10,-35,57,15,20,-11,7,37,-9,-38,49,-7,9,-25,6,32,-6,-35,56,13,11,1,11,34,-8,-32,56,4,5,-10,0,39,33,-39,59,12,7,-14,4,35,-7,-33,51,11,8
61.7400,-19,6,38,-9,-28,64,19,19,-17,5,36,-3,-31,49,7,5,-19,7,38,-8,-34,51,14,26,-15,8,37,-4,-38,50,-1,10,-28,5,35,-7,-33,55,12,12,-1,11,32,-5,-34,60,5,3,-10,5,32,29,-36,53,11,9,-15,3,37,-8,-31,54,13,12
61.7600,-15,1,37,-7,-34,58,21,12,-12,10,35,-7,-32,46,7,1,-19,6,39,-6,-36,52,18,24,-9,10,28,-1,-36,48,-7,13,-27,5,35,-8,-37,56,11,16,-1,12,33,-3,-32,57,11,3,-5,3,33,31,-32,53,9,9,-12,4,29,-9,-36,55,9,11
61.7800,-16,3,34,-5,-32,64,21,6,-13,8,35,-1,-30,45,13,10,-18,8,32,-7,-38,55,11,24,-18,8,32,-4,-44,53,-9,12,-26,4,34,-5,-36,58,8,15,-1,11,34,-7,-30,57,3,8,-14,0,36,30,-33,54,18,11,-14,6,35,-8,-33,57,12,10
61.8000,-22,3,35,-5,-33,67,18,15,-15,6,34,-2,-32,49,11,6,-21,5,34,-9,-39,55,13,26,-12,5,37,-5,-39,51,-6,11,-23,4,35,-6,-37,50,13,12,0,11,36,-7,-33,59,5,6,-15,-2,35,36,-34,53,12,10,-11,7,35,-10,-41,54,11,10
61.8200,-11,2,32,-9,-34,61,24,13,-13,11,34,-4,-33,46,7,7,-20,6,35,-6,-39,54,13,22,-8,9,37,-3,-41,55,-7,10,-24,2,31,-3,-37,54,6,14,-1,16,32,-7,-34,61,6,4,-10,-2,31,36,-34,54,7,10,-9,6,35,-12,-40,56,12,9
61.8400,-21,3,37,-8,-35,61,23,12,-14,8,42,-3,-33,43,5,10,-23,6,42,-4,-37,55,14,25,-11,6,32,-7,-37,48,-3,11,-22,2,36,-3,-30,51,15,12,-1,15,37,-10,-34,60,6,0,-16,6,35,34,-35,51,11,8,-12,13,29,-5,-38,57,8,12
61.8600,-11,0,33,-7,-35,58,19,7,-14,11,35,-8,-31,47,12,7,-24,7,31,-4,-38,49,16,22,-17,9,38,-5,-34,49,-8,9,-22,5,35,-6,-28,53,14,14,-3,15,34,-4,-30,60,8,6,-13,7,35,26,-44,59,13,9,-10,5,36,-6,-38,56,11,9
61.8800,-16,-2,30,-8,-38,60,19,13,-13,4,34,-12,-29,44,14,6,-24,6,33,-2,-37,49,17,24,-13,11,30,-6,-38,52,-3,13,-23,0,39,-3,-33,50,10,15,0,10,38,-11,-31,57,3,4,-9,4,31,29,-30,54,6,10,-13,9,35,-12,-36,58,13,12
61.9000,-15,-3,41,-15,-37,62,20,14,-15,13,36,-12,-33,46,8,9,-18,3,33,-3,-34,52,16,23,-14,8,38,-9,-36,48,2,16,-26,3,37,-3,-37,52,15,11,-5,14,35,-7,-31,54,4,5,-19,4,38,33,-35,57,13,12,-13,7,37,-13,-33,55,11,10
61.9200,-14,2,38,-9,-34,61,21,12,-16,11,34,-9,-29,40,12,8,-27,7,37,-9,-31,53,13,22,-12,9,32,-8,-35,50,-3,12,-24,2,34,-5,-36,47,13,15,-2,14,37,-5,-28,56,3,2,-14,3,39,33,-38,60,15,8,-14,3,34,-9,-36,57,9,8
61.9400,-13,0,35,-7,-33,62,20,15,-13,8,31,-12,-30,45,6,9,-26,10,38,-8,-36,54,19,18,-14,3,34,-8,-34,50,-5,11,-27,5,32,-4,-32,52,15,13,0,14,39,-7,-31,55,0,2,-15,7,36,25,-42,60,12,5,-12,2,35,-11,-35,59,11,9
61.9600,-13,0,33,-9,-31,61,25,12,-9,7,37,-8,-27,41,8,13,-22,7,36,-6,-32,54,14,24,-13,7,42,-8,-34,53,-5,14,-21,2,35,-6,-32,56,11,14,-6,18,37,-9,-29,57,3,5,-15,7,39,28,-44,57,12,7,-13,2,33,-12,-37,56,14,10
61.9800,-15,-4,35,-9,-26,55,15,16,-17,8,35,-5,-26,42,8,17,-25,5,35,-5,-37,45,11,22,-14,10,36,-5,-34,51,-10,9,-27,4,37,-5,-35,50,12,8,-4,13,35,-7,-36,60,2,6,-12,2,39,32,-39,59,17,8,-12,3,34,-11,-35,57,12,9
62.0000,-17,3,34,-6,-36,67,24,13,-14,5,33,-8,-28,42,11,10,-21,10,35,-5,-32,48,19,22,-18,7,35,-10,-35,53,-2,7,-26,4,35,-4,-32,51,12,13,-7,15,37,-4,-29,57,1,7,-14,2,36,29,-35,58,16,13,-14,6,39,-12,-31,56,10,6
62.0200,-15,4,31,-10,-33,58,22,9,-13,9,36,-11,-29,39,11,13,-21,9,37,-3,-31,46,18,22,-18,9,37,-4,-35,53,-2,7,-22,6,31,-7,-36,52,21,11,-4,11,34,-5,-31,56,9,1,-15,6,40,29,-36,56,10,11,-16,7,33,-13,-36,50,16,7
62.0400,-11,1,36,-6,-38,55,20,13,-12,8,38,-8,-25,41,7,12,-18,5,36,-5,-32,49,18,22,-14,9,36,-2,-33,48,-5,8,-19,1,39,-9,-33,52,16,11,-3,16,33,-12,-30,58,8,1,-13,2,38,29,-36,59,9,20,-16,6,34,-15,-39,55,12,10
62.0600,-16,-3,40,-9,-34,59,23,14,-15,9,39,-9,-34,43,12,13,-20,8,38,-6,-40,50,16,23,-19,8,40,-1,-33,49,-6,9,-26,6,38,-9,-28,53,14,14,-4,16,38,-11,-32,57,7,5,-11,2,39,25,-36,58,12,7,-11,5,37,-10,-41,56,9,11
62.0800,-16,0,35,-8,-36,61,21,11,-21,10,42,-13,-37,46,8,12,-19,8,30,-9,-35,50,21,21,-17,12,34,-4,-29,46,-1,11,-25,3,33,-7,-31,57,12,11,-3,16,37,-11,-33,57,6,5,-13,9,40,28,-42,59,16,10,-12,6,35,-12,-35,55,12,13
62.1000,-13,2,33,-10,-39,61,22,7,-13,5,36,-5,-34,43,9,9,-23,12,36,-3,-38,54,16,23,-18,8,32,-4,-34,47,-8,7,-26,5,38,-6,-31,58,20,15,-7,11,36,-10,-35,60,9,-1,-15,3,36,28,-41,56,17,6,-17,6,33,-15,-38,54,13,8
62.1200,-13,1,38,-8,-38,57,24,20,-14,5,39,-12,-27,44,10,14,-19,10,33,-8,-33,49,19,19,-16,5,37,-9,-32,51,-13,10,-31,2,37,-15,-38,59,15,10,-4,11,31,-8,-32,55,10,1,-15,6,34,30,-38,56,14,15,-18,7,36,-14,-36,57,6,4
62.1400,-14,-2,34,-8,-38,57,22,10,-14,12,34,-7,-29,49,7,9,-16,8,35,-9,-37,49,17,21,-19,10,36,-5,-38,53,-3,5,-29,6,32,-13,-39,59,16,14,-6,17,35,-10,-29,60,5,4,-14,1,30,31,-35,55,11,14,-12,-1,37,-10,-37,57,13,4
62.1600,-15,-1,36,-13,-37,57,24,8,-19,13,31,-13,-28,45,8,10,-24,10,33,-8,-35,57,17,27,-15,7,39,-7,-34,51,0,7,-28,10,31,-11,-33,56,16,9,-4,14,36,-7,-36,56,8,-3,-16,7,32,28,-37,58,16,7,-18,3,35,-11,-41,56,9,8
62.1800,-20,6,31,-8,-41,60,20,13,-14,6,36,-7,-30,46,9,8,-21,15,38,-8,-39,51,22,22,-16,12,35,-11,-40,50,-4,5,-27,8,42,-12,-36,53,19,14,-4,13,35,-15,-35,53,7,1,-17,9,43,26,-46,58,18,8,-10,3,30,-12,-35,56,16,9
62.2000,-14,5,37,-8,-37,59,21,9,-18,2,39,-6,-28,45,8,9,-22,5,37,-11,-37,55,20,25,-13,8,30,-10,-40,52,-5,10,-25,7,38,-6,-38,63,14,11,-1,17,44,-8,-34,61,7,-3,-12,6,35,28,-36,56,14,6,-13,0,30,-12,-33,56,15,5
62.2200,-18,3,33,-8,-39,63,22,15,-17,6,37,-4,-32,48,12,6,-18,6,39,-6,-32,54,18,23,-14,11,42,-8,-39,51,-7,10,-26,2,41,-10,-35,56,12,14,2,19,34,-12,-32,59,4,2,-13,10,33,29,-37,60,16,9,-16,2,34,-9,-35,57,12,11
62.2400,-15,1,37,-10,-39,61,24,9,-13,7,40,-7,-31,47,9,6,-21,8,33,-5,-32,59,21,22,-16,10,40,-11,-44,45,-5,5,-28,3,39,-4,-37,59,6,13,-1,18,36,-10,-34,56,6,0,-15,2,39,29,-36,60,12,15,-17,0,33,-12,-35,53,13,9
62.2600,-12,0,35,-7,-40,63,23,11,-15,13,38,-8,-32,47,9,4,-23,9,37,-8,-33,52,19,23,-16,7,33,-9,-35,49,-6,11,-24,6,41,-8,-37,60,9,12,1,18,36,-12,-31,57,7,4,-16,2,38,29,-38,55,15,10,-16,3,36,-14,-31,58,16,7
62.2800,-12,4,34,-7,-39,64,23,10,-17,7,37,-9,-36,45,11,-2,-22,7,38,-5,-35,52,20,20,-9,12,35,-10,-37,50,-3,7,-25,10,35,-10,-41,55,10,11,0,13,35,-6,-37,59,3,5,-11,0,36,31,-38,63,9,13,-14,8,35,-9,-39,60,11,8
62.3000,-14,4,38,-9,-39,59,20,9,-19,8,33,-8,-29,45,10,11,-28,8,39,-9,-35,58,19,24,-13,9,33,-13,-38,50,-2,8,-26,2,38,-7,-41,57,11,15,-2,16,36,-9,-40,63,5,5,-17,3,41,30,-41,57,14,13,-15,4,37,-14,-42,57,11,7
62.3200,-20,-1,44,-14,-37,59,21,8,-18,10,34,-10,-36,45,9,6,-22,6,38,-8,-38,55,22,17,-10,14,38,-10,-38,54,-5,6,-28,2,37,-6,-35,56,8,14,-5,17,40,-10,-37,60,6,5,-16,2,39,25,-42,56,16,9,-15,8,36,-11,-42,59,11,8
62.3400,-19,-1,36,-12,-45,65,23,13,-16,7,36,-6,-34,45,9,2,-26,8,36,-9,-35,61,20,21,-13,7,37,-10,-34,48,-4,8,-24,6,33,-9,-41,56,15,11,-2,16,38,-2,-32,64,3,5,-15,6,36,38,-38,60,15,8,-20,3,36,-11,-40,58,9,12
62.3600,-15,1,39,-10,-36,63,21,10,-14,6,30,-4,-34,46,8,6,-23,8,36,-8,-34,59,17,25,-12,11,40,-10,-48,52,0,9,-21,2,37,-9,-33,56,12,11,-7,21,40,-2,-39,59,7,0,-19,6,36,27,-37,56,12,9,-15,4,34,-13,-40,58,13,8
62.3800,-14,-1,37,-6,-38,64,22,12,-12,9,36,-12,-38,53,8,7,-26,10,37,-5,-38,55,17,26,-16,9,36,-6,-42,53,-2,9,-23,7,31,-9,-29,53,8,11,0,16,34,-6,-34,63,5,7,-11,7,33,29,-39,53,12,9,-21,6,39,-13,-42,61,10,4
62.4000,-17,6,34,-11,-35,58,20,17,-15,5,32,-9,-32,45,9,5,-25,9,32,-10,-36,54,17,21,-17,12,38,-12,-46,53,-1,11,-24,1,40,-10,-34,55,12,13,0,16,36,-11,-38,56,6,1,-13,2,38,34,-38,64,13,10,-15,4,34,-9,-34,57,9,11
62.4200,-13,0,37,-3,-36,59,26,15,-15,13,35,-4,-35,49,8,6,-26,5,29,-5,-32,61,18,24,-12,7,33,-9,-38,51,-6,12,-27,5,41,-5,-34,55,15,11,1,17,37,-9,-33,58,6,5,-7,4,35,25,-43,59,14,7,-16,6,34,-15,-41,58,13,12
62.4400,-14,4,37,-7,-37,59,20,19,-14,9,28,-9,-30,48,5,11,-23,6,40,-6,-43,58,19,19,-14,8,34,-7,-42,49,-2,10,-25,4,37,-4,-29,60,10,13,-4,15,38,-3,-38,61,7,3,-13,6,33,35,-34,56,13,9,-18,8,34,-11,-41,57,15,9
62.4600,-16,6,39,-9,-34,66,19,11,-15,8,32,-7,-30,50,8,9,-26,9,34,-6,-35,59,12,21,-11,8,34,-10,-36,49,-3,11,-24,2,38,-10,-33,57,11,9,-1,14,36,-9,-40,61,6,6,-12,4,38,27,-42,59,13,3,-12,6,36,-10,-33,61,14,8
62.4800,-17,-1,38,-12,-34,62,20,13,-18,9,35,-12,-28,47,12,6,-25,6,36,-4,-40,56,17,20,-11,7,40,-7,-44,50,-4,9,-24,2,39,-8,-38,55,11,11,4,15,32,-5,-35,55,9,6,-13,4,39,30,-36,61,13,10,-20,2,30,-12,-39,59,12,8
62.5000,-10,-3,35,-9,-37,66,20,10,-20,11,36,-9,-34,47,10,6,-23,7,32,-1,-38,51,18,19,-13,9,30,-5,-39,49,-2,11,-25,3,38,-9,-42,58,14,14,0,20,42,-10,-40,56,9,2,-10,4,31,28,-36,60,15,3,-15,2,35,-15,-38,59,18,11
62.5200,-18,-1,36,-7,-38,65,20,17,-11,8,36,-11,-25,49,15,12,-27,7,36,-6,-40,56,14,22,-12,10,35,-7,-41,52,-2,7,-28,2,40,-6,-30,54,16,12,-4,21,31,-6,-31,58,6,3,-9,1,34,28,-29,59,11,8,-16,7,35,-6,-35,55,12,7
62.5400,-14,-4,35,-10,-35,60,19,17,-11,7,36,-13,-35,49,15,7,-26,9,34,-8,-39,53,17,20,-14,11,36,-11,-41,54,-6,10,-28,1,38,-9,-40,53,15,9,1,18,37,-7,-31,56,3,5,-10,4,28,27,-40,59,14,8,-17,5,37,-13,-41,58,16,7
62.5600,-20,6,32,-11,-34,63,25,11,-14,14,36,-11,-35,48,10,6,-22,8,38,-12,-34,54,18,19,-12,8,38,-5,-41,56,-1,9,-27,4,39,-8,-36,53,13,10,5,17,34,-10,-29,56,3,4,-11,7,35,23,-37,58,13,8,-12,8,37,-12,-44,55,12,10
62.5800,-17,0,35,-14,-37,63,18,12,-16,6,38,-11,-33,47,11,10,-22,10,38,-10,-36,59,20,18,-10,10,37,-9,-38,51,-4,12,-28,3,35,-3,-39,53,16,11,-3,18,36,-12,-34,56,10,1,-9,9,38,26,-52,62,15,4,-20,3,36,-14,-40,60,10,9
62.6000,-18,1,32,-15,-35,65,21,14,-16,10,31,-15,-29,51,15,10,-24,8,36,-9,-36,51,12,21,-15,9,39,-7,-41,54,-5,10,-25,6,34,-4,-34,58,13,15,-6,14,34,-9,-30,55,8,-1,-13,5,38,26,-40,61,16,11,-14,5,34,-11,-38,56,12,7
62.6200,-16,-1,35,-9,-40,67,19,10,-8,12,36,-10,-29,41,10,9,-25,5,37,-8,-39,52,15,18,-20,10,38,-7,-35,48,-7,8,-25,-2,35,-8,-39,56,13,11,-5,17,36,-10,-32,53,10,3,-12,5,37,28,-39,53,9,13,-13,4,30,-15,-35,59,19,8
62.6400,-15,0,39,-7,-36,64,18,8,-19,2,36,-11,-36,46,9,8,-20,8,36,-5,-32,52,16,19,-17,10,35,-7,-38,53,-3,9,-25,7,38,-3,-40,55,10,13,0,17,34,-6,-30,57,7,1,-15,6,33,30,-44,53,13,11,-12,4,30,-9,-38,57,17,7
62.6600,-18,1,34,-10,-38,61,22,16,-18,11,37,-13,-36,52,10,9,-21,5,36,-9,-36,50,15,19,-15,12,36,-11,-35,49,-9,7,-24,4,32,-4,-36,55,15,6,3,16,41,-7,-32,56,8,6,-9,8,32,30,-45,60,13,7,-14,10,36,-15,-39,59,11,6
62.6800,-17,3,33,-8,-39,64,26,11,-16,12,33,-10,-30,51,10,10,-24,8,37,-9,-36,55,20,20,-18,11,36,-10,-36,54,2,13,-27,9,33,-8,-39,55,5,14,1,16,41,-7,-33,59,6,2,-20,3,31,28,-40,56,9,9,-13,5,38,-9,-37,56,15,7
62.7000,-19,-2,36,-11,-42,62,21,12,-14,6,36,-12,-29,46,11,10,-21,9,40,-9,-41,55,20,23,-16,8,40,-14,-36,50,-6,8,-25,6,34,-8,-38,61,13,9,-5,19,40,-14,-35,57,13,2,-15,5,35,29,-39,59,12,3,-16,5,38,-13,-44,61,16,6
62.7200,-16,-2,40,-10,-41,61,18,13,-19,8,36,-6,-29,53,7,14,-14,8,40,-11,-39,52,21,22,-15,2,37,-4,-35,51,-6,11,-27,12,40,-7,-39,56,15,13,-6,19,35,-7,-33,59,11,4,-12,7,34,30,-48,60,17,7,-18,6,36,-13,-45,62,13,4
62.7400,-18,2,35,-8,-40,66,24,14,-20,10,41,-6,-32,51,10,8,-25,9,37,-6,-38,50,18,22,-16,10,36,-8,-39,52,-6,11,-26,5,34,-11,-36,54,7,14,-6,15,35,-14,-37,61,8,3,-18,7,33,28,-39,56,18,8,-15,3,34,-11,-39,58,13,7
62.7600,-20,0,38,-7,-35,64,23,6,-13,4,37,-9,-27,45,10,11,-26,12,37,-13,-39,54,19,23,-7,10,38,-8,-36,51,-6,8,-26,0,37,-13,-41,57,13,13,-5,18,34,-13,-34,59,5,4,-10,4,33,27,-37,57,13,8,-13,3,34,-13,-33,55,14,7
62.7800,-14,6,32,-7,-36,63,18,14,-17,10,35,-5,-35,54,12,8,-25,7,36,-4,-38,55,18,22,-15,9,34,-6,-35,52,-2,6,-24,8,35,-8,-39,58,7,11,-2,11,40,-8,-35,56,7,6,-12,4,39,28,-37,59,7,11,-15,5,42,-7,-34,58,9,9
62.8000,-19,2,35,-7,-36,62,16,8,-17,6,35,-8,-36,49,10,13,-27,7,36,-5,-40,56,17,28,-14,6,37,-9,-42,55,0,7,-24,0,33,-8,-41,57,11,16,2,14,36,-8,-39,59,9,4,-17,8,36,24,-41,62,16,8,-12,7,34,-8,-37,59,14,9
62.8200,-19,2,37,-8,-33,64,19,16,-16,7,42,-6,-35,49,9,9,-23,10,38,-7,-38,50,24,22,-17,14,37,-12,-37,54,-2,3,-29,7,38,-11,-37,55,12,12,-3,18,36,-7,-40,62,4,6,-14,8,40,27,-43,62,14,8,-15,1,37,-10,-36,63,9,9
62.8400,-13,11,36,-7,-37,64,21,7,-16,8,34,-9,-33,51,8,11,-21,6,34,-6,-35,54,21,23,-17,6,32,-9,-40,57,-1,7,-29,7,35,-10,-32,57,13,9,-7,21,37,-9,-35,58,4,2,-11,3,38,29,-36,57,11,12,-17,-1,40,-12,-37,58,16,12
62.8600,-15,1,31,-9,-40,65,24,14,-13,9,36,-10,-34,48,7,6,-25,9,39,-5,-35,53,20,28,-12,10,34,-5,-33,52,-4,6,-27,5,35,-7,-34,54,16,12,2,17,39,-14,-34,59,9,4,-15,10,38,26,-36,56,8,8,-17,5,38,-13,-39,54,13,10
62.8800,-17,2,35,-11,-36,62,18,11,-17,5,36,-11,-33,58,9,3,-26,7,36,-6,-39,56,22,25,-16,11,36,-11,-43,53,-1,3,-25,7,35,-6,-36,55,14,11,0,19,41,-10,-35,57,5,-1,-16,7,37,25,-39,63,11,9,-16,6,39,-17,-35,55,14,9
62.9000,-10,5,34,-4,-38,63,21,10,-16,6,38,-8,-33,49,12,5,-24,7,36,-5,-37,55,20,26,-15,9,41,-8,-37,54,-7,7,-28,6,42,-4,-32,56,15,8,-2,19,34,-12,-43,54,8,-1,-13,8,39,24,-42,56,15,6,-12,5,41,-16,-36,55,12,13
62.9200,-14,0,35,-7,-40,65,28,15,-19,10,38,-7,-33,46,7,8,-27,6,39,-9,-31,53,16,26,-13,12,36,-10,-39,51,-7,7,-33,6,41,-8,-43,57,14,9,-2,19,39,-11,-37,60,7,-1,-12,6,37,23,-43,59,15,2,-18,6,38,-13,-35,58,10,15
62.9400,-18,6,41,-11,-40,62,21,15,-15,10,35,-10,-34,50,5,11,-20,10,42,-12,-36,56,17,25,-7,13,40,-14,-35,50,0,6,-31,4,39,-11,-41,57,17,12,-8,17,37,-10,-34,61,8,1,-15,3,37,31,-34,58,13,7,-17,0,35,-16,-42,61,12,8
62.9600,-17,6,36,-5,-39,64,26,15,-16,9,35,-8,-31,52,10,6,-27,7,38,-10,-31,58,13,20,-14,12,36,-12,-37,55,-4,6,-31,9,39,-11,-37,57,11,12,-4,19,33,-12,-34,56,4,-1,-13,2,36,24,-39,58,11,9,-15,7,34,-13,-44,57,10,7
62.9800,-17,3,37,-10,-40,67,23,16,-16,9,36,-6,-31,48,10,8,-26,9,41,-9,-40,57,17,23,-10,8,36,-11,-39,53,-4,6,-28,2,35,-8,-39,57,10,13,-8,23,41,-12,-35,60,8,3,-16,7,36,26,-41,57,15,9,-18,5,37,-16,-45,61,17,6
63.0000,-18,0,35,-8,-35,64,24,12,-19,6,37,-7,-34,51,12,7,-27,7,38,-9,-40,56,19,18,-14,12,36,-15,-42,52,-5,5,-28,5,28,-12,-41,55,12,8,3,19,37,-11,-38,57,6,3,-14,6,36,24,-45,61,15,6,-22,6,36,-15,-41,60,17,8
63.0200,-13,4,38,-6,-34,66,24,14,-19,8,37,-11,-39,52,7,2,-32,11,38,-10,-35,57,20,20,-19,14,32,-7,-36,51,-4,8,-30,6,32,-8,-40,57,16,5,0,22,38,-7,-35,60,13,-2,-16,3,40,25,-39,56,15,8,-14,6,39,-15,-35,59,11,11
63.0400,-15,5,37,-9,-35,68,16,16,-17,6,33,-9,-33,48,8,6,-30,10,36,-8,-36,55,18,23,-8,9,37,-6,-41,51,-8,8,-25,3,36,-6,-37,59,10,10,1,21,41,-9,-32,52,10,3,-20,6,39,15,-48,61,18,10,-24,3,41,-16,-40,61,14,9
63.0600,-19,2,36,-16,-41,64,23,7,-13,6,41,-9,-35,49,7,8,-23,4,41,-11,-33,55,18,19,-17,14,39,-9,-37,57,-1,7,-25,5,36,-7,-42,57,15,10,-4,23,35,-10,-35,60,6,2,-13,5,32,28,-36,57,8,3,-16,2,35,-13,-41,63,22,8
63.0800,-20,4,38,-12,-41,63,25,11,-21,6,39,-9,-35,50,10,5,-22,10,36,-9,-38,51,19,21,-14,4,36,-6,-36,49,-6,5,-29,3,37,-9,-45,58,12,5,-2,25,38,-11,-33,58,5,6,-17,4,35,22,-43,60,16,8,-17,4,41,-12,-44,60,18,7
63.1000,-21,-2,34,-10,-38,67,24,10,-14,10,37,-11,-32,45,3,2,-21,8,37,-11,-33,55,21,20,-12,10,36,-13,-41,51,-3,7,-28,10,36,-8,-42,56,15,10,1,15,34,-11,-35,58,8,2,-13,5,33,25,-33,56,11,8,-15,5,33,-12,-41,58,16,9
63.1200,-17,0,35,-10,-39,63,22,22,-17,6,34,-11,-30,47,9,7,-28,4,38,-7,-40,58,21,22,-11,6,34,-11,-43,54,-2,7,-30,6,36,-12,-45,60,11,3,-2,22,34,-12,-33,61,10,6,-17,3,37,25,-46,57,10,7,-16,2,36,-13,-41,56,20,7
63.1400,-13,4,34,-8,-36,64,20,13,-21,12,35,-12,-35,49,9,1,-29,4,35,-13,-39,59,17,15,-11,11,35,-11,-38,51,0,8,-29,7,40,-4,-35,58,12,8,-4,17,40,-9,-35,55,16,2,-19,9,39,26,-38,59,12,7,-14,7,38,-10,-38,58,15,8
63.1600,-17,5,30,-9,-37,67,16,21,-21,4,34,-8,-32,44,12,9,-25,8,38,-8,-35,62,21,17,-14,13,37,-9,-35,52,-4,5,-27,0,39,-11,-41,56,13,10,0,23,38,-13,-34,60,12,6,-17,6,37,23,-43,59,15,11,-16,3,37,-16,-42,55,15,5
63.1800,-18,0,38,-15,-33,65,22,13,-21,11,43,-10,-35,51,9,10,-27,9,36,-11,-39,57,21,18,-16,11,41,-10,-39,52,-6,8,-29,7,38,-13,-43,62,10,15,-5,24,36,-8,-33,58,11,6,-14,5,34,23,-40,58,18,7,-14,8,35,-15,-34,54,17,11
63.2000,-18,5,38,-14,-37,65,26,8,-13,6,34,-13,-32,53,11,5,-26,7,37,-10,-35,59,27,15,-16,17,37,-9,-39,57,-2,4,-24,6,37,-9,-38,56,4,9,-3,20,42,-13,-34,60,8,4,-18,8,36,22,-52,60,16,5,-13,6,40,-14,-38,63,13,8
63.2200,-18,3,34,-15,-35,67,22,12,-19,8,35,-5,-33,48,11,8,-26,11,41,-11,-39,56,21,19,-11,8,40,-7,-38,54,-5,6,-26,6,31,-12,-36,60,14,11,-4,21,43,-13,-37,62,7,7,-14,8,40,22,-36,60,12,11,-12,5,35,-14,-41,59,18,7
63.2400,-15,3,40,-9,-40,64,21,12,-20,6,41,-8,-36,48,9,4,-29,4,38,-11,-34,55,23,18,-16,10,37,-6,-39,58,-5,9,-31,3,39,-10,-42,57,13,8,-3,20,43,-11,-38,63,15,4,-13,7,35,27,-30,55,9,11,-14,8,38,-12,-43,58,17,10
63.2600,-20,4,38,-13,-36,62,21,16,-17,14,38,-12,-38,48,12,8,-21,6,36,-10,-38,55,21,21,-11,8,34,-6,-36,50,-2,6,-28,5,45,-7,-47,55,14,2,-1,27,41,-13,-39,57,11,-1,-16,12,35,22,-33,55,16,7,-17,5,35,-11,-38,60,15,7
63.2800,-18,-1,38,-11,-39,62,21,12,-18,9,38,-9,-33,49,11,9,-21,3,35,-8,-38,55,21,21,-15,17,42,-14,-34,55,-1,7,-31,6,39,-11,-40,54,12,12,-6,22,37,-14,-35,58,7,2,-16,7,41,23,-46,61,20,8,-16,7,37,-16,-41,62,18,9
63.3000,-19,2,38,-13,-36,68,20,13,-11,5,38,-9,-33,49,12,11,-23,5,39,-13,-39,55,21,24,-10,9,38,-5,-39,53,-7,9,-32,7,36,-10,-35,58,12,13,-2,14,41,-11,-35,58,10,3,-18,11,40,21,-50,58,16,4,-18,6,43,-14,-42,65,14,6
63.3200,-22,2,41,-11,-36,62,22,10,-18,7,37,-8,-31,55,10,8,-26,8,34,-11,-34,53,24,19,-14,13,39,-11,-36,54,1,6,-29,1,42,-3,-36,58,10,15,-5,16,43,-9,-37,61,7,6,-10,-2,34,27,-36,61,15,13,-17,8,40,-14,-37,63,13,9
63.3400,-23,3,40,-15,-37,70,24,11,-16,6,36,-6,-34,53,12,4,-22,8,39,-12,-33,58,20,21,-17,9,40,-9,-38,50,-5,12,-25,6,37,-8,-36,63,10,11,2,24,37,-12,-37,60,9,2,-17,0,37,29,-33,61,15,9,-12,9,38,-17,-37,57,14,8
63.3600,-17,5,29,-15,-41,64,24,12,-17,8,36,-11,-35,51,9,8,-25,4,32,-7,-35,57,23,24,-15,8,36,-12,-40,49,-1,11,-29,2,40,-12,-46,57,17,7,-3,22,38,-15,-36,59,9,2,-17,7,39,25,-42,61,12,2,-18,6,39,-15,-41,59,12,12
63.3800,-19,4,35,-10,-38,71,25,14,-15,7,38,-12,-39,49,14,5,-27,4,37,-9,-39,56,20,18,-15,8,38,-6,-40,53,-8,8,-28,7,38,-9,-41,60,16,11,-2,22,42,-18,-37,60,12,1,-19,5,34,28,-46,61,14,7,-21,6,38,-12,-44,61,9,8
63.4000,-16,7,36,-6,-44,65,26,12,-15,6,39,-14,-28,48,7,3,-25,5,37,-9,-37,61,19,23,-16,12,36,-9,-44,57,-1,10,-30,9,39,-9,-44,57,14,13,-2,21,35,-7,-37,61,10,-1,-19,4,32,25,-36,57,13,9,-16,7,38,-13,-38,59,18,6
63.4200,-18,0,36,-14,-40,70,27,15,-20,2,34,-12,-32,52,13,9,-29,10,37,-11,-39,59,19,19,-15,13,37,-10,-42,53,-3,12,-28,9,41,-9,-37,57,8,11,0,22,39,-10,-41,60,12,0,-16,7,36,26,-36,63,11,6,-12,2,39,-13,-36,60,13,9
63.4400,-20,1,40,-11,-37,64,24,18,-18,8,35,-9,-32,54,10,10,-22,6,34,-5,-37,60,21,19,-16,9,36,-8,-43,57,-10,8,-27,8,36,-8,-40,63,15,9,-5,22,37,-7,-34,58,7,0,-15,4,40,24,-36,60,16,9,-18,8,41,-13,-36,59,11,8
63.4600,-17,2,37,-12,-42,67,19,15,-15,11,34,-11,-41,49,6,7,-27,9,39,-12,-37,55,17,20,-16,9,41,-14,-44,53,-6,13,-26,7,33,-11,-34,61,11,9,-2,19,38,-8,-39,58,6,7,-16,5,38,27,-47,66,15,7,-16,5,41,-15,-40,61,12,4
63.4800,-19,3,36,-10,-38,72,19,18,-19,5,35,-13,-38,50,13,6,-21,9,36,-8,-37,56,22,23,-10,6,38,-12,-34,56,-3,8,-23,9,39,-12,-46,64,10,15,-8,22,39,-12,-39,61,3,0,-16,-1,32,26,-40,59,14,8,-17,8,33,-15,-40,62,14,9
63.5000,-19,0,37,-14,-42,69,26,10,-21,5,38,-11,-31,53,7,4,-24,8,36,-6,-35,59,16,23,-14,10,34,-10,-37,53,-9,11,-30,6,35,-11,-38,62,11,10,-7,19,37,-13,-43,57,11,2,-14,5,34,28,-38,57,12,8,-13,5,39,-15,-39,60,10,7
63.5200,-18,5,35,-14,-38,68,24,12,-15,7,38,-9,-35,48,17,12,-27,3,41,-11,-34,54,21,24,-13,12,35,-11,-40,50,-2,5,-27,8,35,-11,-40,60,9,17,-4,22,39,-7,-36,61,8,-3,-18,6,38,23,-47,57,18,2,-18,8,37,-15,-42,59,13,6
63.5400,-18,7,36,-11,-41,68,23,14,-18,10,36,-11,-32,54,5,11,-20,7,34,-8,-42,54,20,26,-11,8,36,-6,-38,53,-4,4,-23,5,36,-16,-37,56,14,12,0,23,38,-6,-38,59,8,6,-14,0,42,21,-43,61,17,2,-19,5,36,-13,-39,57,14,9
63.5600,-22,3,37,-13,-40,70,23,14,-16,8,35,-8,-32,49,5,6,-31,7,37,-11,-32,53,23,21,-14,12,34,-14,-42,53,-7,7,-25,7,41,-9,-41,59,16,6,0,22,33,-9,-33,62,11,8,-10,1,33,27,-37,57,11,7,-18,3,38,-12,-41,61,13,5
63.5800,-14,-1,37,-10,-39,67,23,13,-16,10,38,-6,-34,54,5,8,-26,9,35,-8,-35,52,14,24,-14,15,36,-9,-41,52,-9,8,-27,5,38,-4,-39,58,15,13,-5,22,40,-11,-36,57,9,1,-12,2,36,31,-31,55,8,11,-18,5,37,-14,-38,57,12,9
63.6000,-20,3,35,-11,-42,74,24,12,-20,11,37,-11,-43,51,8,3,-27,11,31,-8,-33,60,21,22,-14,13,37,-12,-40,55,-3,6,-30,3,42,-8,-36,62,15,15,-1,23,38,-10,-34,57,8,9,-9,8,30,21,-39,64,11,8,-17,5,36,-14,-40,57,14,7
63.6200,-16,2,37,-9,-43,67,22,17,-15,5,36,-6,-30,52,11,9,-24,10,37,-6,-35,53,21,23,-14,12,36,-6,-38,51,-8,5,-27,2,37,-9,-37,56,11,6,-1,20,37,-8,-34,55,9,2,-17,6,40,20,-53,66,17,6,-13,5,35,-16,-37,60,16,10
63.6400,-20,0,38,-14,-41,72,19,13,-19,5,34,-9,-36,53,9,7,-26,7,39,-11,-33,55,23,21,-11,10,44,-13,-42,54,-3,5,-27,0,36,-9,-39,57,12,10,0,19,39,-11,-37,60,9,0,-21,2,39,25,-40,66,18,8,-18,4,37,-11,-45,59,17,4
63.6600,-17,7,38,-11,-35,68,20,14,-15,7,34,-10,-33,54,13,6,-26,10,38,-6,-36,57,22,19,-11,14,36,-9,-36,52,-2,10,-27,14,36,-11,-39,59,11,10,-2,19,36,-12,-34,56,14,7,-10,3,37,24,-36,61,16,8,-19,5,39,-12,-38,61,14,6
63.6800,-21,5,37,-12,-38,66,20,9,-14,10,39,-8,-36,54,11,4,-27,8,34,-4,-36,57,21,24,-15,11,39,-9,-42,51,-7,4,-29,4,39,-9,-38,59,11,10,-1,21,37,-9,-38,60,8,6,-14,4,35,20,-40,62,19,9,-16,7,36,-15,-42,59,11,8
63.7000,-20,5,35,-13,-39,66,24,13,-21,11,40,-7,-33,53,9,5,-28,5,40,-10,-36,60,19,24,-16,9,39,-10,-38,54,-9,5,-27,6,36,-13,-41,57,16,11,0,22,39,-7,-35,60,7,5,-13,1,38,22,-40,61,13,11,-16,10,34,-15,-42,63,12,7
63.7200,-19,5,35,-8,-39,66,22,14,-19,9,39,-10,-38,53,8,3,-27,9,36,-11,-37,57,23,21,-16,14,38,-11,-42,55,-3,5,-25,0,42,-9,-41,59,11,11,-1,19,33,-8,-33,54,8,2,-19,0,36,27,-42,59,11,7,-20,7,34,-10,-40,60,11,7
63.7400,-25,3,32,-8,-38,68,21,13,-14,3,40,-10,-32,48,12,5,-28,2,38,-14,-38,59,24,22,-11,14,41,-13,-36,58,-4,9,-28,1,38,-8,-40,58,15,9,-6,24,38,-9,-36,61,10,4,-14,9,33,24,-36,58,12,12,-9,7,36,-10,-39,62,12,8
63.7600,-17,9,37,-10,-35,69,21,12,-16,8,33,-6,-30,52,13,10,-26,10,36,-8,-32,59,20,24,-10,8,37,-8,-40,60,0,6,-30,2,35,-9,-42,62,11,6,1,26,37,-15,-37,61,6,2,-14,7,36,18,-47,63,17,11,-18,10,36,-13,-41,57,15,12
63.7800,-18,4,36,-13,-34,65,25,15,-16,7,42,-9,-36,52,11,6,-27,5,39,-7,-32,60,18,19,-18,16,33,-11,-35,52,-7,1,-34,6,37,-8,-41,57,11,9,-4,24,39,-12,-39,61,13,6,-17,6,40,18,-46,70,20,4,-16,3,38,-19,-39,59,17,10
63.8000,-15,4,40,-8,-40,66,24,9,-16,7,38,-10,-36,51,13,5,-25,7,36,-7,-41,60,18,17,-14,15,37,-10,-37,54,-3,4,-29,4,40,-6,-39,59,13,14,-1,22,36,-9,-40,58,10,-1,-15,11,35,21,-43,64,20,4,-22,4,39,-11,-39,64,14,2
63.8200,-22,2,35,-12,-41,69,21,14,-22,8,38,-11,-30,50,9,5,-30,10,34,-15,-33,56,25,20,-13,14,39,-8,-35,56,-2,9,-20,3,40,-11,-37,59,13,7,-3,24,42,-9,-32,58,10,0,-12,8,29,25,-31,57,11,6,-19,9,35,-13,-42,64,19,8
63.8400,-16,8,42,-13,-49,71,26,14,-14,10,35,-6,-32,50,9,7,-30,6,38,-11,-31,54,24,21,-13,15,39,-11,-36,52,-1,8,-27,8,39,-10,-42,58,12,8,2,25,37,-15,-38,61,7,6,-18,10,33,24,-43,61,20,7,-17,8,33,-10,-39,63,13,2
63.8600,-20,8,42,-14,-41,71,28,15,-17,10,37,-10,-33,47,15,5,-28,13,38,-10,-32,57,24,23,-12,11,37,-6,-41,54,-2,7,-32,9,40,-13,-40,56,11,7,-1,26,40,-12,-39,60,12,1,-14,2,30,16,-36,58,18,12,-15,9,29,-14,-40,58,15,5
63.8800,-21,4,35,-8,-36,66,23,15,-17,8,33,-11,-34,52,9,3,-24,11,38,-10,-36,56,23,23,-12,13,36,-13,-38,57,2,6,-31,8,41,-10,-38,56,15,8,1,29,40,-10,-36,58,13,8,-17,12,40,16,-43,63,14,5,-18,6,36,-15,-41,61,14,11
63.9000,-23,5,33,-12,-31,64,19,16,-19,10,36,-11,-34,54,17,8,-28,8,36,-12,-39,59,27,17,-10,15,37,-12,-43,54,-4,9,-32,2,44,-12,-39,57,12,10,-1,18,39,-13,-38,62,9,0,-15,11,36,19,-40,56,13,8,-15,4,35,-14,-42,63,13,2
63.9200,-19,8,34,-14,-42,64,23,13,-16,2,38,-6,-30,50,12,6,-25,6,39,-12,-40,59,23,23,-16,16,35,-16,-39,51,-4,3,-28,-2,42,-11,-42,60,17,6,-4,20,38,-13,-44,57,11,4,-16,11,43,20,-48,65,22,0,-21,5,36,-7,-43,64,19,6
63.9400,-21,8,39,-13,-41,74,24,17,-14,11,36,-9,-43,54,14,5,-22,13,39,-10,-39,61,26,18,-6,12,35,-6,-40,56,-2,6,-32,5,37,-10,-41,62,13,10,0,20,44,-7,-37,61,7,9,-20,7,42,15,-49,62,19,6,-13,4,34,-8,-34,59,14,7
63.9600,-18,3,38,-12,-43,69,29,13,-16,10,39,-8,-36,52,12,6,-24,9,39,-11,-42,60,25,26,-7,15,35,-7,-32,51,-4,7,-30,3,33,-7,-39,59,13,11,1,18,40,-8,-42,58,9,7,-14,9,39,26,-42,61,10,9,-18,1,37,-14,-41,60,18,5
63.9800,-23,6,33,-20,-40,72,22,16,-20,10,29,-17,-35,55,13,8,-27,7,39,-10,-40,56,20,20,-12,14,39,-2,-42,56,-2,8,-29,7,40,-11,-49,62,13,9,-2,22,41,-16,-36,59,12,-2,-12,6,35,21,-37,63,13,8,-16,12,38,-12,-41,64,15,8
64.0000,-17,7,38,-13,-36,71,20,13,-19,8,37,-11,-36,54,17,9,-25,7,40,-14,-40,55,23,19,-15,10,39,-9,-37,53,-6,4,-29,8,38,-12,-44,58,17,8,1,22,39,-11,-42,60,3,3,-16,9,35,21,-48,58,17,6,-18,10,38,-15,-41,61,16,8
64.0200,-20,6,36,-9,-36,67,23,22,-19,9,42,-9,-35,54,12,7,-25,7,41,-5,-39,61,22,15,-13,5,37,-9,-42,53,-6,3,-27,7,37,-11,-44,62,13,11,-2,23,38,-14,-38,59,14,3,-13,8,35,17,-50,67,18,6,-8,7,40,-11,-41,63,12,8
64.0400,-18,5,36,-13,-44,68,23,14,-18,9,38,-15,-37,52,15,4,-24,5,34,-11,-38,60,24,20,-9,17,37,-9,-41,52,-2,9,-30,1,35,-11,-44,61,15,9,1,22,38,-12,-38,60,8,3,-17,6,35,21,-38,63,15,10,-13,4,37,-13,-39,61,16,7
64.0600,-19,6,42,-12,-44,73,24,12,-21,15,41,-13,-34,51,12,1,-28,3,37,-8,-38,58,22,21,-8,9,33,-13,-41,50,-9,6,-30,7,35,-10,-45,61,11,14,-3,22,39,-10,-36,60,9,6,-14,12,41,22,-41,67,18,8,-16,9,41,-12,-43,61,22,9
64.0800,-17,6,40,-15,-39,72,24,11,-23,10,37,-9,-34,48,8,4,-24,2,35,-13,-36,55,24,25,-13,10,37,-11,-40,56,-8,9,-29,9,38,-14,-39,61,15,15,-4,19,40,-10,-42,62,14,0,-14,6,38,15,-36,64,15,4,-13,5,37,-13,-36,55,15,10
64.1000,-21,6,35,-14,-37,68,29,18,-18,11,41,-8,-33,54,9,5,-22,7,36,-8,-39,59,21,21,-9,10,35,-9,-40,50,-7,7,-29,12,41,-10,-39,62,16,13,0,27,45,-10,-45,62,15,2,-18,4,33,18,-40,61,15,2,-17,6,37,-14,-40,64,13,6
64.1200,-21,3,38,-7,-42,70,23,15,-19,4,40,-9,-38,48,12,-1,-24,7,36,-8,-37,60,20,19,-11,9,33,-10,-37,52,-4,4,-35,7,40,-10,-49,64,13,6,-1,22,39,-12,-36,62,9,7,-15,8,32,21,-36,59,12,1,-16,3,35,-14,-36,63,16,10
64.1400,-23,6,35,-12,-44,72,25,13,-22,7,38,-10,-41,50,10,3,-24,6,40,-9,-32,57,19,23,-11,14,33,-14,-39,55,-6,7,-30,2,38,-12,-45,62,8,12,-2,27,40,-12,-44,63,10,6,-12,12,34,21,-38,61,18,6,-15,11,41,-15,-42,62,18,6
64.1600,-17,5,40,-13,-42,74,28,15,-15,3,36,-12,-36,54,13,7,-22,6,37,-9,-29,61,22,17,-13,10,39,-10,-41,52,-3,8,-33,3,37,-12,-47,60,11,9,-1,25,34,-10,-37,59,6,5,-19,6,35,23,-41,60,13,9,-19,9,37,-16,-42,68,16,7
64.1800,-24,9,40,-14,-46,76,27,16,-21,6,42,-11,-34,50,10,3,-24,6,41,-12,-37,59,21,19,-16,10,40,-9,-41,59,-3,7,-25,7,40,-11,-42,63,7,11,0,14,37,-9,-41,61,4,8,-11,7,36,18,-42,65,14,5,-18,4,41,-11,-39,60,15,3
64.2000,-20,5,43,-15,-43,72,25,9,-19,2,37,-8,-36,51,16,3,-31,8,40,-13,-41,59,23,19,-16,6,43,-12,-40,56,-1,9,-31,13,41,-13,-43,60,11,6,-4,22,39,-7,-36,56,9,10,-20,4,36,19,-49,66,19,6,-15,2,37,-12,-44,66,12,5
64.2200,-18,5,31,-9,-37,71,24,12,-17,7,36,-11,-39,50,11,6,-27,8,37,-11,-35,61,19,24,-15,14,38,-11,-43,52,-7,6,-32,5,41,-11,-38,65,14,7,-5,23,38,-5,-38,56,10,8,-15,9,39,19,-43,61,17,6,-21,11,37,-13,-49,65,16,7
64.2400,-14,0,38,-10,-31,67,20,16,-22,7,41,-11,-40,54,12,6,-27,4,37,-10,-35,64,24,20,-12,10,38,-9,-44,51,-8,5,-30,2,38,-12,-48,60,17,8,1,26,37,-10,-36,61,14,7,-19,8,37,19,-45,63,20,6,-20,3,35,-13,-42,59,19,9
64.2600,-19,2,36,-14,-34,70,28,19,-20,8,35,-7,-37,56,9,6,-26,3,39,-12,-33,60,20,18,-14,10,34,-9,-45,53,-3,1,-27,4,37,-11,-39,65,14,9,-7,26,37,-9,-38,59,7,2,-11,7,38,20,-39,57,17,10,-20,3,31,-16,-34,63,21,10
64.2800,-19,12,39,-7,-39,72,22,17,-17,10,38,-11,-33,49,13,5,-26,5,32,-9,-34,56,25,21,-18,9,37,-14,-33,49,-2,5,-31,4,41,-11,-41,61,11,10,-1,23,39,-10,-39,61,7,4,-14,5,32,22,-42,59,16,12,-17,9,41,-20,-41,61,17,9
64.3000,-19,2,41,-14,-37,68,19,14,-21,6,38,-7,-32,47,12,3,-26,4,39,-13,-38,59,21,22,-13,14,37,-9,-35,47,-5,6,-28,7,43,-17,-39,63,12,7,-4,23,37,-10,-38,62,7,3,-13,8,34,22,-40,61,14,12,-17,9,31,-15,-37,57,18,8
64.3200,-19,3,35,-12,-40,71,27,18,-22,9,36,-11,-37,52,8,9,-29,8,39,-14,-38,59,22,18,-15,10,38,-10,-36,52,-5,5,-29,3,34,-11,-38,58,14,11,-2,26,37,-14,-41,58,5,8,-22,7,30,20,-42,64,14,7,-15,10,33,-11,-38,63,14,11
64.3400,-24,5,37,-7,-39,68,25,14,-21,5,34,-8,-38,52,10,4,-26,3,36,-9,-39,59,26,19,-13,8,38,-10,-36,51,-1,8,-29,5,33,-6,-39,52,15,12,-7,24,34,-11,-43,56,10,5,-17,6,36,17,-44,63,14,6,-16,12,38,-10,-45,59,18,7
64.3600,-21,3,36,-13,-38,65,22,16,-20,4,37,-18,-36,52,13,4,-31,5,42,-7,-34,61,22,25,-10,12,46,-9,-45,57,-4,8,-33,7,42,-8,-41,56,14,11,-3,27,36,-7,-42,54,15,7,-15,3,37,24,-38,57,16,5,-18,10,42,-16,-41,62,17,11
64.3800,-20,6,35,-12,-43,69,26,16,-24,7,42,-10,-34,55,10,5,-24,11,36,-8,-36,63,23,20,-16,16,36,-10,-37,52,-6,5,-26,7,39,-8,-46,60,12,6,-6,25,40,-8,-41,57,13,4,-21,5,31,25,-43,63,14,6,-17,6,35,-16,-46,60,15,8
64.4000,-21,3,40,-19,-42,69,25,16,-22,10,39,-10,-39,57,13,3,-25,10,31,-11,-44,56,26,21,-12,12,39,-8,-40,57,-6,5,-28,10,41,-11,-42,62,14,6,0,22,39,-15,-42,57,6,2,-17,6,34,16,-40,59,14,9,-16,9,40,-15,-42,63,13,9
64.4200,-20,10,38,-11,-36,71,26,11,-22,8,36,-14,-36,52,11,5,-30,9,33,-19,-37,60,27,20,-14,15,37,-8,-33,52,-5,4,-32,3,38,-7,-35,58,13,7,-1,21,41,-13,-38,62,11,5,-16,8,32,17,-43,62,20,5,-21,5,34,-15,-44,64,16,7
64.4400,-18,6,43,-11,-40,70,27,10,-17,9,36,-5,-35,51,11,3,-28,8,37,-5,-38,59,25,19,-12,16,44,-8,-37,54,-2,3,-33,5,39,-8,-37,62,8,11,1,21,38,-14,-43,62,9,0,-18,8,32,21,-40,59,15,9,-17,5,31,-8,-39,63,13,12
64.4600,-20,13,40,-6,-47,74,24,11,-21,10,40,-13,-45,53,12,1,-28,1,40,-7,-39,61,20,23,-13,13,35,-10,-46,55,-7,0,-35,3,39,-10,-44,61,11,11,-4,25,45,-11,-44,58,12,4,-14,1,35,19,-41,63,11,8,-21,13,36,-17,-44,62,14,8
64.4800,-22,10,39,-14,-45,73,30,7,-22,7,41,-11,-34,51,8,3,-32,7,40,-13,-40,63,23,21,-13,16,34,-7,-40,57,-4,2,-30,1,40,-12,-37,61,8,10,-2,22,39,-14,-40,57,9,7,-17,8,36,22,-45,59,14,7,-14,8,31,-14,-38,64,13,8
64.5000,-23,7,41,-13,-41,73,29,11,-15,3,34,-14,-36,50,11,6,-26,4,39,-11,-38,61,23,18,-11,11,34,-8,-39,52,-2,3,-27,4,38,-7,-38,63,9,7,-6,21,39,-12,-42,65,9,4,-13,8,38,22,-48,70,12,4,-17,5,42,-14,-39,68,17,4
64.5200,-23,6,39,-10,-40,69,24,15,-21,9,34,-11,-36,53,15,5,-27,9,36,-10,-38,61,23,20,-7,7,34,-5,-42,58,-6,7,-31,1,38,-11,-48,62,9,12,-5,23,40,-9,-41,60,11,3,-18,6,39,17,-50,70,20,1,-21,10,37,-14,-42,66,13,5
64.5400,-23,7,39,-8,-40,69,27,16,-14,9,41,-16,-34,52,13,7,-29,9,39,-13,-37,60,24,20,-12,11,37,-11,-44,57,-8,3,-31,7,40,-10,-44,61,9,10,-6,21,41,-13,-41,60,11,6,-14,6,34,22,-35,61,20,8,-12,8,38,-16,-44,62,14,4
64.5600,-19,7,41,-10,-44,70,25,18,-17,5,41,-8,-35,48,10,5,-30,8,43,-12,-45,59,26,18,-18,10,38,-10,-44,56,-4,5,-31,3,33,-8,-36,61,14,12,-3,26,39,-11,-37,57,13,0,-9,5,35,17,-42,68,21,5,-13,6,35,-14,-40,67,21,6
64.5800,-22,9,39,-10,-44,71,30,11,-17,9,39,-12,-39,50,16,1,-28,9,43,-12,-39,58,22,21,-13,14,39,-14,-38,55,-4,2,-33,1,37,-10,-43,62,13,10,-1,20,36,-11,-47,60,10,8,-11,6,34,16,-40,62,16,4,-16,12,38,-15,-35,63,15,9
64.6000,-24,8,34,-12,-42,71,26,12,-16,7,41,-3,-34,56,7,4,-28,3,40,-10,-43,63,29,22,-17,17,40,-8,-41,61,-11,3,-29,0,38,-10,-41,60,13,13,2,23,37,-11,-44,64,10,1,-15,3,35,19,-37,62,19,9,-14,6,39,-17,-40,69,14,6
64.6200,-25,12,40,-11,-44,71,26,12,-22,8,41,-9,-33,54,18,1,-35,3,38,-13,-33,61,26,17,-18,11,42,-12,-38,59,-7,1,-31,0,34,-8,-38,65,17,9,-1,24,41,-13,-43,62,13,3,-21,1,37,20,-40,63,18,7,-18,3,36,-12,-39,65,16,9
64.6400,-25,6,33,-8,-44,75,24,11,-18,8,37,-14,-37,50,16,3,-30,6,37,-12,-32,64,30,18,-13,15,42,-14,-39,51,-7,2,-31,7,35,-12,-38,67,14,11,1,23,38,-9,-42,62,11,2,-20,11,36,14,-46,66,20,1,-17,6,35,-10,-40,65,19,7
64.6600,-23,10,37,-9,-42,69,27,11,-19,9,37,-9,-40,50,15,5,-25,10,36,-9,-35,60,22,21,-16,15,37,-7,-34,51,-6,8,-35,10,38,-12,-43,64,13,7,-2,23,35,-6,-41,59,7,5,-13,8,36,24,-42,67,21,4,-17,3,40,-19,-42,63,15,9
64.6800,-23,10,32,-6,-47,73,26,12,-18,8,40,-12,-39,51,13,5,-30,4,39,-10,-31,63,30,20,-14,14,36,-11,-42,51,0,7,-35,9,40,-12,-37,62,15,9,2,26,38,-12,-43,62,9,5,-15,6,32,18,-38,65,16,9,-19,8,38,-11,-44,67,20,8
64.7000,-20,8,36,-12,-46,76,24,10,-23,4,35,-10,-34,53,15,2,-30,4,41,-10,-36,63,22,22,-13,15,30,-10,-38,57,-5,9,-32,7,34,-10,-41,67,13,12,-8,26,39,-14,-41,62,11,8,-14,7,35,18,-32,61,12,8,-13,8,40,-15,-44,66,17,8
64.7200,-17,5,32,-17,-41,77,25,18,-17,8,35,-14,-33,54,13,9,-24,8,40,-8,-28,62,25,23,-14,13,39,-8,-34,54,-7,2,-31,5,36,-14,-42,62,18,7,-2,23,36,-12,-46,68,5,3,-19,11,35,22,-46,65,18,8,-16,8,34,-12,-46,63,20,8
64.7400,-23,4,38,-9,-44,77,27,16,-21,4,34,-11,-37,53,15,7,-29,9,38,-14,-32,64,24,25,-6,15,35,-11,-34,51,-1,4,-31,14,38,-15,-43,69,20,5,-4,25,42,-12,-39,65,12,7,-13,12,36,18,-42,69,22,5,-16,4,36,-10,-40,67,11,8
64.7600,-24,10,36,-9,-47,74,24,14,-18,6,40,-8,-38,51,8,5,-25,7,38,-11,-35,59,28,23,-9,8,37,-8,-37,51,-4,7,-33,6,38,-12,-40,65,13,9,-4,22,38,-15,-45,64,12,12,-11,3,34,16,-33,57,18,8,-16,0,41,-15,-36,60,18,8
64.7800,-19,6,37,-21,-40,74,26,18,-20,7,40,-9,-40,57,14,2,-28,8,39,-10,-36,64,26,21,-15,13,36,-9,-35,49,-4,2,-37,5,36,-14,-39,60,19,9,-7,24,41,-9,-39,62,13,1,-13,8,29,19,-37,61,14,7,-18,10,34,-15,-39,61,20,10
64.8000,-20,10,39,-11,-41,74,26,14,-20,9,38,-10,-39,51,6,9,-28,7,36,-14,-35,62,25,19,-12,7,39,-6,-37,57,-2,8,-31,12,41,-6,-40,64,19,15,-1,22,41,-11,-34,58,8,6,-24,13,37,15,-49,65,19,4,-14,4,29,-16,-36,64,13,12
64.8200,-23,8,36,-15,-38,73,25,10,-20,7,42,-7,-35,55,12,0,-26,6,37,-13,-40,63,26,21,-13,13,34,-6,-37,56,-7,7,-33,12,39,-13,-44,63,19,12,-4,25,34,-12,-40,61,13,9,-16,12,36,14,-54,62,17,1,-17,11,39,-17,-37,64,16,4
64.8400,-20,10,35,-13,-35,72,23,14,-21,9,31,-14,-37,52,13,-1,-25,6,31,-13,-41,63,20,19,-13,13,38,-7,-40,54,-6,6,-30,8,38,-11,-43,57,16,13,0,23,36,-14,-39,63,10,6,-16,6,37,18,-46,65,20,9,-20,4,35,-13,-43,65,17,15
64.8600,-23,9,37,-16,-34,69,28,12,-22,11,38,-11,-38,49,13,2,-30,6,33,-10,-35,65,23,20,-14,16,40,-8,-39,57,-3,4,-36,6,38,-14,-42,66,14,11,-2,28,42,-11,-38,64,10,10,-14,6,30,19,-39,63,13,9,-18,4,35,-13,-41,61,18,5
64.8800,-21,6,36,-15,-37,63,21,16,-19,13,36,-11,-39,52,11,7,-31,7,36,-9,-36,63,20,19,-14,12,38,-9,-39,56,1,7,-38,5,38,-7,-41,64,17,9,3,28,41,-13,-37,60,17,2,-14,12,35,19,-41,59,19,9,-18,4,34,-11,-43,63,16,8
64.9000,-23,4,44,-13,-40,69,27,16,-14,8,32,-12,-36,51,13,9,-24,11,36,-8,-36,65,24,21,-12,13,37,-13,-42,53,-6,5,-29,11,42,-10,-43,68,12,9,1,22,38,-10,-39,62,12,6,-15,8,28,13,-40,64,16,6,-20,5,38,-10,-41,65,17,5
64.9200,-16,11,38,-14,-38,72,24,15,-23,9,35,-13,-37,57,11,4,-23,3,34,-11,-36,63,27,19,-15,14,35,-9,-39,54,-4,3,-32,8,37,-13,-40,61,18,11,-4,26,34,-12,-44,65,15,7,-15,8,31,26,-45,60,19,8,-17,4,31,-14,-40,62,18,4
64.9400,-20,6,43,-13,-40,67,26,15,-19,7,35,-10,-33,52,9,2,-28,7,35,-12,-34,59,24,18,-9,9,36,-13,-34,56,-6,7,-28,7,34,-12,-41,66,14,10,-5,22,35,-8,-33,60,7,3,-16,5,34,19,-38,61,17,6,-13,2,37,-17,-39,62,13,6
64.9600,-20,8,40,-13,-41,69,24,14,-17,8,35,-11,-36,52,14,-1,-26,6,38,-13,-35,62,24,21,-14,14,36,-9,-39,59,0,8,-31,6,37,-9,-42,58,13,12,-4,23,45,-10,-43,60,11,7,-19,10,31,22,-42,62,21,5,-22,7,39,-12,-43,61,15,6
64.9800,-21,9,37,-11,-45,74,26,12,-20,6,31,-8,-36,49,14,8,-26,6,43,-16,-37,62,25,18,-10,12,36,-10,-37,59,-9,6,-31,5,38,-8,-41,62,13,5,0,25,39,-13,-40,59,12,2,-20,3,38,23,-42,65,18,4,-11,5,33,-17,-38,63,14,11
65.0000,-17,9,42,-10,-43,68,29,14,-18,12,39,-11,-37,53,13,5,-26,7,41,-16,-32,62,25,24,-11,10,37,-10,-37,53,-4,6,-32,5,42,-11,-39,61,17,5,-6,25,44,-9,-37,57,7,4,-13,6,33,18,-34,62,14,11,-19,6,36,-16,-41,61,19,11
65.0200,-20,7,40,-10,-41,72,24,20,-19,12,38,-10,-31,56,11,7,-29,10,36,-13,-37,65,26,18,-13,10,41,-4,-38,52,-3,4,-32,10,32,-12,-44,61,15,9,-3,24,46,-15,-40,62,12,4,-12,2,32,24,-34,64,16,4,-17,10,36,-15,-43,65,20,4
65.0400,-18,9,35,-10,-45,72,27,13,-22,7,38,-11,-33,52,14,7,-28,0,34,-14,-38,62,25,21,-13,13,34,-14,-36,54,-4,5,-31,10,40,-15,-45,62,14,10,-3,28,39,-16,-44,61,15,2,-17,6,31,19,-50,64,18,2,-13,6,36,-17,-38,65,23,7
65.0600,-24,9,36,-11,-43,72,23,14,-22,13,35,-10,-37,53,10,4,-27,-2,39,-10,-35,65,26,24,-11,13,37,-14,-40,53,-3,3,-31,8,38,-7,-43,59,13,11,0,24,43,-12,-41,59,13,1,-22,10,37,17,-43,60,20,11,-21,4,39,-12,-44,65,15,8
65.0800,-21,5,33,-9,-42,74,30,15,-21,7,37,-12,-37,53,13,6,-30,13,44,-10,-38,63,28,17,-13,13,34,-11,-39,61,0,7,-32,3,41,-8,-40,59,16,10,-5,24,38,-13,-37,63,13,1,-15,5,27,24,-38,61,15,6,-15,10,35,-13,-40,60,21,7
65.1000,-23,9,37,-10,-37,73,28,11,-21,10,37,-7,-34,52,15,7,-26,6,35,-12,-39,64,25,19,-14,16,41,-11,-39,58,-5,4,-32,5,35,-12,-39,62,11,8,-9,23,37,-14,-38,58,15,4,-16,1,34,26,-30,62,18,7,-19,8,35,-15,-38,63,12,8
65.1200,-20,5,35,-11,-43,72,24,13,-18,8,38,-8,-38,48,14,4,-24,2,39,-9,-37,66,26,19,-13,13,40,-12,-41,52,-1,3,-31,0,41,-8,-39,61,15,9,-4,25,38,-11,-35,60,11,2,-23,7,33,19,-45,66,23,4,-14,5,32,-13,-40,59,14,4
65.1400,-17,11,35,-14,-40,76,23,15,-20,6,35,-9,-37,54,12,8,-28,5,33,-8,-35,60,25,19,-11,9,38,-11,-38,55,-6,0,-35,8,34,-14,-34,61,13,9,-4,27,35,-12,-45,59,14,1,-12,4,32,19,-37,61,16,4,-12,9,35,-9,-42,64,20,7
65.1600,-26,11,38,-12,-45,76,25,10,-23,6,38,-10,-33,57,12,4,-24,8,37,-12,-31,63,20,24,-12,8,36,-11,-36,56,-5,0,-27,7,40,-12,-45,59,16,12,-4,26,34,-7,-42,57,11,5,-14,5,33,22,-29,62,21,12,-21,7,35,-15,-39,69,14,10
65.1800,-20,9,35,-8,-43,73,22,19,-19,10,38,-13,-34,53,13,4,-25,5,35,-9,-41,67,31,21,-17,16,37,-14,-41,53,-4,4,-30,4,34,-9,-41,65,16,11,-4,25,35,-12,-38,62,13,6,-13,10,36,18,-38,61,19,3,-12,9,33,-14,-37,66,18,11
65.2000,-20,7,38,-6,-40,77,27,16,-19,9,36,-7,-34,48,15,2,-30,11,35,-9,-35,61,24,18,-17,14,36,-8,-37,55,-3,2,-35,12,35,-14,-42,64,15,13,-2,25,35,-9,-42,63,13,5,-13,13,40,18,-43,68,20,6,-18,9,34,-15,-47,66,20,6
65.2200,-20,9,40,-8,-43,78,30,14,-18,8,39,-9,-33,52,20,6,-27,14,35,-6,-39,63,24,21,-16,13,37,-12,-45,55,-5,2,-32,11,38,-9,-40,62,9,11,-6,23,32,-10,-43,62,12,8,-14,10,35,20,-42,65,18,12,-22,11,37,-12,-39,64,17,12
65.2400,-16,8,35,-11,-41,74,28,15,-20,6,37,-10,-34,53,18,8,-25,9,38,-8,-34,62,22,23,-11,14,34,-14,-41,56,0,1,-27,9,35,-13,-44,64,13,9,0,28,37,-12,-46,65,12,0,-11,2,35,28,-27,59,16,8,-10,13,38,-11,-41,67,21,9
65.2600,-20,9,31,-9,-37,71,24,15,-17,9,39,-12,-40,49,16,5,-28,13,33,-8,-36,64,26,23,-10,13,43,-12,-34,58,-3,6,-29,8,42,-12,-37,62,14,10,4,27,39,-15,-41,65,7,7,-18,11,30,22,-38,68,25,9,-15,6,31,-14,-41,67,22,10
65.2800,-20,4,37,-12,-45,73,32,25,-22,8,35,-13,-32,53,14,6,-31,7,36,-13,-39,62,25,23,-14,14,34,-7,-39,56,-6,5,-33,4,34,-8,-38,60,16,12,-3,23,38,-7,-48,66,10,4,-12,9,37,14,-44,67,23,11,-20,6,40,-17,-39,67,18,11
65.3000,-21,9,36,-11,-40,76,21,17,-15,9,42,-9,-32,53,14,9,-30,6,32,-9,-37,62,30,20,-10,11,33,-14,-34,60,-9,5,-33,6,37,-10,-38,65,12,13,-2,25,38,-16,-43,59,5,4,-16,8,38,19,-41,69,20,8,-17,4,40,-12,-36,61,17,3
65.3200,-18,10,38,-9,-38,69,29,15,-16,6,34,-10,-32,48,7,6,-27,6,34,-12,-34,63,25,21,-19,11,36,-9,-40,55,-6,5,-35,8,38,-11,-37,65,14,12,-6,25,36,-15,-45,65,11,3,-12,2,35,24,-37,62,16,6,-16,9,39,-13,-45,61,15,7
65.3400,-20,3,32,-10,-40,78,24,16,-23,12,35,-10,-34,48,10,5,-23,6,37,-9,-34,66,30,18,-10,12,37,-9,-35,51,-1,6,-36,10,34,-10,-40,63,18,13,-3,23,41,-10,-48,63,15,3,-13,5,33,21,-37,64,18,7,-18,3,39,-19,-41,67,19,5
65.3600,-21,5,35,-11,-44,68,25,13,-19,9,37,-7,-39,55,6,5,-25,8,38,-13,-30,66,26,17,-15,15,34,-12,-37,56,-8,6,-32,5,38,-7,-37,65,15,10,3,27,38,-14,-43,64,9,3,-14,5,33,21,-43,66,12,6,-16,8,37,-16,-39,61,19,6
65.3800,-23,7,32,-7,-41,74,21,12,-20,10,34,-8,-34,50,11,3,-27,6,36,-13,-38,63,26,20,-13,15,39,-12,-36,56,-4,7,-29,7,40,-11,-43,66,17,10,-2,19,34,-8,-43,63,9,5,-14,8,35,21,-46,68,19,4,-13,7,41,-12,-45,67,22,8
65.4000,-15,5,38,-9,-41,76,23,15,-19,5,40,-9,-34,52,7,2,-26,6,36,-15,-30,63,25,21,-12,10,32,-11,-39,56,-2,1,-32,2,37,-5,-41,66,13,12,1,23,38,-9,-39,63,8,5,-17,7,29,24,-42,69,14,6,-18,7,38,-16,-39,64,18,8
65.4200,-21,12,34,-11,-39,74,28,19,-22,12,33,-10,-36,50,11,6,-28,10,37,-15,-35,66,29,21,-9,14,40,-8,-37,54,-7,1,-34,9,36,-6,-42,71,19,16,-3,26,39,-8,-40,64,11,2,-14,6,33,13,-40,62,23,3,-15,12,41,-15,-38,65,23,8
65.4400,-22,7,38,-11,-40,72,25,23,-23,9,38,-6,-37,47,12,5,-24,10,37,-10,-35,62,25,21,-17,8,38,-9,-38,54,-3,4,-32,8,37,-8,-39,67,17,12,0,25,40,-11,-40,65,11,6,-16,6,38,18,-45,68,21,3,-19,3,38,-15,-43,62,19,8
65.4600,-22,3,38,-8,-36,74,27,20,-20,8,38,-10,-31,53,15,7,-26,1,38,-7,-31,60,29,20,-13,14,36,-13,-39,56,-4,4,-37,8,39,-15,-40,70,19,12,-5,27,39,-10,-39,63,10,1,-11,10,28,24,-41,61,14,8,-21,8,34,-18,-37,63,17,11
65.4800,-24,12,38,-13,-39,74,28,15,-16,8,37,-9,-36,54,18,1,-28,2,32,-9,-36,64,28,24,-11,11,36,-5,-37,55,-3,4,-34,9,41,-11,-43,68,14,9,-1,23,40,-10,-41,62,10,5,-10,1,33,24,-36,62,19,5,-19,2,36,-15,-38,64,17,6
65.5000,-19,9,41,-12,-47,72,29,13,-19,10,35,-13,-36,53,16,1,-25,7,42,-12,-38,63,26,18,-15,14,37,-4,-38,60,-11,2,-32,7,36,-10,-43,67,12,12,-4,27,36,-16,-40,61,16,2,-17,3,25,19,-43,64,19,7,-17,9,36,-20,-36,67,22,6
65.5200,-19,5,38,-8,-48,75,30,11,-20,8,35,-5,-37,53,10,0,-28,6,35,-16,-33,63,29,21,-17,10,38,-9,-34,55,-8,-1,-31,3,42,-9,-37,61,20,10,1,25,37,-9,-46,60,14,2,-18,2,36,23,-45,72,15,6,-18,2,38,-16,-39,69,17,7
65.5400,-20,9,35,-10,-36,75,27,14,-25,7,32,-13,-34,57,13,2,-29,7,31,-13,-33,62,31,19,-16,14,35,-11,-38,57,-2,-2,-32,9,36,-9,-36,66,14,9,-2,25,31,-8,-41,65,14,5,-19,6,33,17,-49,67,25,0,-17,4,34,-20,-42,66,18,4
65.5600,-23,8,36,-9,-45,73,27,15,-19,11,34,-8,-31,52,13,1,-32,4,38,-13,-35,63,30,17,-15,13,35,-12,-37,59,-6,5,-35,9,42,-17,-44,61,17,16,-8,19,39,-10,-38,63,15,2,-10,3,32,25,-28,61,19,5,-16,8,37,-16,-40,61,20,5
65.5800,-22,10,37,-10,-43,72,31,13,-23,8,37,-5,-38,54,18,8,-29,14,36,-9,-30,64,24,22,-19,13,32,-10,-38,57,-4,4,-33,1,36,-4,-44,67,14,10,2,23,36,-13,-43,64,18,4,-14,4,30,27,-34,62,24,10,-14,7,36,-15,-43,65,21,8
65.6000,-28,12,39,-17,-49,73,26,11,-22,8,37,-10,-33,56,15,1,-26,10,36,-9,-35,65,29,20,-17,13,37,-17,-35,62,-7,2,-32,8,36,-15,-37,69,15,9,-4,25,40,-10,-41,66,11,2,-12,5,34,20,-34,67,17,9,-16,10,41,-16,-37,67,21,7
65.6200,-27,10,37,-12,-43,76,27,15,-21,7,40,-8,-31,46,11,-2,-31,6,33,-8,-34,63,28,22,-15,12,36,-12,-39,55,-7,2,-28,8,36,-9,-39,65,20,11,-3,22,35,-14,-37,66,12,3,-20,10,32,19,-44,66,17,3,-20,9,38,-14,-47,70,18,11
65.6400,-22,11,41,-10,-42,74,25,17,-23,5,37,-10,-37,55,14,1,-27,6,36,-16,-32,65,30,21,-17,13,40,-8,-31,61,-7,7,-32,7,34,-12,-42,70,15,14,-3,25,38,-10,-45,63,14,3,-18,7,33,22,-33,61,20,8,-22,11,35,-14,-42,63,22,3
65.6600,-19,5,37,-8,-42,76,26,16,-22,7,37,-8,-37,53,13,7,-30,4,30,-13,-32,65,26,20,-13,19,36,-6,-39,54,-1,5,-28,8,31,-11,-40,69,13,11,-2,25,45,-15,-40,60,10,4,-16,14,36,23,-39,60,21,8,-20,6,33,-11,-42,64,23,5
65.6800,-25,7,34,-14,-39,73,28,16,-24,11,35,-10,-40,59,12,4,-28,8,32,-8,-33,65,28,24,-12,16,37,-10,-36,56,-3,6,-31,5,35,-12,-39,64,18,13,-1,28,37,-9,-41,63,13,-2,-11,14,36,22,-42,61,25,8,-14,8,35,-13,-36,67,19,4
65.7000,-22,11,32,-10,-42,77,23,16,-25,17,35,-14,-39,54,14,2,-30,4,35,-11,-33,65,28,20,-16,13,38,-10,-39,56,-5,5,-28,4,36,-14,-42,66,21,12,-2,28,34,-12,-41,67,12,2,-22,10,40,23,-40,58,22,9,-22,7,34,-19,-40,66,18,11
65.7200,-18,12,32,-11,-41,68,25,16,-21,7,40,-10,-37,53,11,4,-28,4,35,-10,-33,66,31,18,-12,13,36,-10,-38,58,-1,11,-30,9,34,-11,-40,63,12,12,5,21,37,-11,-39,65,9,4,-14,5,30,24,-29,56,16,13,-14,11,36,-12,-43,66,22,8
65.7400,-17,5,33,-13,-41,74,28,14,-21,7,38,-13,-34,54,9,1,-32,8,38,-10,-36,71,24,19,-20,6,35,-18,-40,59,-5,3,-33,9,35,-12,-37,66,17,7,1,20,36,-9,-39,61,8,5,-16,4,29,22,-40,59,21,4,-17,4,37,-14,-38,66,17,3
65.7600,-23,10,34,-13,-41,77,23,16,-16,14,34,-7,-30,55,14,3,-25,6,33,-12,-38,65,30,22,-18,13,39,-8,-36,62,-2,4,-32,9,37,-8,-43,64,16,13,1,25,35,-11,-36,62,14,8,-12,7,34,23,-41,63,14,7,-17,4,32,-15,-32,70,19,6
65.7800,-20,9,36,-7,-43,75,25,14,-21,10,40,-11,-35,53,18,4,-29,6,34,-11,-38,68,31,17,-11,16,35,-13,-41,58,-6,3,-32,12,30,-7,-37,65,14,9,3,25,32,-12,-44,63,14,5,-14,4,31,21,-44,66,19,5,-16,6,33,-14,-43,63,19,5
65.8000,-24,14,37,-10,-41,75,27,14,-21,10,30,-10,-34,55,15,-1,-26,10,38,-18,-36,63,28,17,-16,17,34,-14,-38,55,-2,5,-26,6,31,-13,-41,65,15,11,-1,25,38,-9,-44,63,9,5,-15,6,32,23,-41,62,15,11,-16,8,32,-12,-35,62,19,8
65.8200,-19,10,33,-16,-42,73,27,13,-22,10,33,-13,-40,53,13,6,-24,7,31,-13,-34,63,29,15,-16,9,33,-15,-36,54,-3,4,-32,12,36,-13,-43,64,13,10,0,25,37,-8,-40,66,11,-1,-16,7,32,20,-36,64,18,11,-19,4,35,-12,-42,64,15,6
65.8400,-20,14,34,-12,-41,74,28,17,-20,11,38,-11,-31,53,11,5,-24,8,35,-6,-39,62,27,22,-14,12,39,-11,-37,59,-4,7,-34,6,34,-12,-43,65,18,14,-1,24,32,-8,-39,58,11,4,-12,7,30,22,-40,59,16,8,-15,3,34,-13,-39,62,12,8
65.8600,-22,4,37,-15,-46,76,28,12,-25,8,33,-11,-37,54,15,2,-25,8,35,-11,-34,67,22,24,-16,16,33,-13,-43,59,-6,4,-34,7,36,-11,-39,63,18,6,-4,20,37,-10,-41,65,7,2,-15,10,36,27,-40,64,13,8,-16,6,31,-12,-39,65,26,11
65.8800,-23,12,35,-17,-43,75,26,11,-23,7,28,-11,-35,50,15,4,-30,8,34,-9,-30,62,26,19,-16,9,32,-10,-31,58,-5,1,-33,8,33,-11,-43,66,21,10,0,24,31,-11,-43,67,13,2,-25,6,37,18,-48,68,19,8,-17,4,32,-18,-36,63,17,10
65.9000,-18,8,34,-14,-39,75,26,16,-22,12,36,-12,-41,49,17,7,-31,6,39,-11,-34,68,22,18,-12,11,36,-8,-42,56,-4,6,-31,7,40,-10,-38,66,13,8,2,23,36,-8,-37,66,11,6,-14,6,35,25,-32,71,16,11,-15,6,34,-14,-39,66,17,10
65.9200,-20,9,36,-16,-39,74,26,15,-19,12,36,-10,-31,50,14,3,-24,7,33,-14,-40,67,31,20,-15,10,34,-11,-34,63,-4,6,-30,11,40,-13,-42,66,17,9,6,22,36,-15,-45,69,9,2,-15,6,29,23,-43,68,19,9,-18,9,36,-14,-43,69,20,10
65.9400,-16,5,33,-12,-41,67,26,15,-19,10,34,-12,-35,55,17,8,-29,6,37,-9,-39,65,28,22,-17,7,40,-9,-43,57,-8,6,-34,7,35,-14,-38,65,20,13,-3,22,34,-13,-42,65,5,2,-22,8,31,22,-42,70,16,8,-18,3,30,-18,-36,67,20,8
65.9600,-27,7,35,-12,-42,70,24,16,-15,7,31,-6,-34,61,13,5,-23,6,38,-10,-34,65,24,18,-13,8,35,-13,-36,60,-9,4,-31,6,38,-9,-43,65,22,8,-3,29,38,-9,-44,68,12,-2,-17,2,30,27,-41,64,16,7,-15,6,30,-16,-39,63,16,8
65.9800,-22,12,37,-14,-41,74,24,12,-17,10,36,-14,-36,54,17,2,-23,11,31,-14,-34,61,29,20,-17,6,36,-9,-40,57,-4,1,-27,5,38,-12,-45,65,20,9,-9,24,31,-9,-46,70,14,2,-17,4,32,19,-41,64,22,3,-18,7,36,-19,-38,64,16,9
66.0000,-17,9,36,-16,-41,68,25,17,-22,15,34,-6,-34,55,18,3,-29,7,32,-12,-31,66,27,18,-17,12,37,-8,-37,64,-7,4,-33,4,37,-14,-40,61,16,10,-2,23,33,-7,-45,63,9,3,-21,14,33,21,-50,73,23,0,-18,0,37,-15,-42,65,18,8
66.0200,-21,14,28,-13,-43,73,25,14,-21,10,39,-10,-37,57,11,1,-29,12,32,-11,-40,67,30,21,-16,9,34,-10,-37,62,-1,8,-29,5,36,-9,-40,59,23,12,-2,23,34,-6,-34,68,8,0,-14,6,32,23,-39,66,21,9,-18,4,38,-13,-46,63,22,7
66.0400,-20,12,37,-8,-42,72,32,18,-24,7,36,-8,-39,56,15,2,-24,12,32,-6,-27,66,28,22,-23,11,40,-6,-36,56,-6,5,-35,4,39,-14,-43,68,19,10,-4,22,37,-13,-37,65,10,0,-16,3,32,29,-28,63,13,8,-18,9,35,-19,-44,69,18,8
66.0600,-18,12,39,-15,-41,78,26,19,-17,11,41,-11,-34,55,10,3,-26,11,31,-13,-33,65,26,17,-16,11,36,-15,-36,54,-3,1,-33,10,35,-13,-40,68,17,13,-7,18,32,-10,-43,64,9,2,-14,1,28,29,-35,67,18,12,-16,8,36,-15,-42,63,24,9
66.0800,-21,7,35,-13,-41,77,28,16,-11,11,38,-18,-35,54,15,4,-26,1,37,-7,-32,65,25,24,-17,11,34,-8,-33,57,-6,3,-28,10,39,-6,-47,69,23,11,-3,18,34,-8,-43,67,14,1,-15,4,30,22,-41,69,12,14,-14,7,38,-16,-41,65,18,10
66.1000,-20,5,31,-15,-41,73,28,11,-22,10,33,-10,-29,55,15,3,-26,8,34,-11,-37,65,29,16,-18,10,32,-11,-30,56,-1,5,-33,15,40,-11,-40,71,18,12,-6,23,35,-8,-47,70,12,4,-19,5,35,22,-46,72,18,5,-16,5,37,-17,-40,67,16,7
66.1200,-23,11,35,-13,-44,79,29,13,-21,8,36,-12,-31,52,15,6,-24,4,36,-11,-32,68,31,24,-17,10,32,-10,-32,56,-7,0,-31,5,37,-6,-38,63,20,14,-5,23,37,-13,-44,72,11,-2,-10,3,30,26,-30,62,13,15,-14,9,38,-14,-43,72,17,12
66.1400,-20,2,40,-10,-45,79,28,19,-25,7,34,-12,-32,55,14,8,-29,11,35,-11,-40,65,33,19,-15,11,37,-10,-35,55,-4,1,-32,6,36,-12,-41,67,27,13,-1,24,38,-12,-43,69,12,2,-16,9,30,25,-42,63,23,10,-18,11,38,-24,-42,66,18,4
66.1600,-22,12,35,-9,-43,72,25,19,-24,9,37,-12,-34,55,12,5,-26,8,33,-6,-33,67,30,25,-18,10,32,-14,-35,61,-4,3,-30,9,34,-9,-42,68,12,14,-9,24,36,-9,-50,67,8,3,-16,-1,31,29,-35,65,17,9,-17,5,35,-19,-38,64,17,8
66.1800,-20,6,36,-6,-49,77,21,14,-20,11,39,-8,-33,51,14,6,-27,7,37,-8,-31,67,33,22,-16,11,37,-10,-39,59,-2,5,-32,8,36,-8,-45,66,20,13,-3,26,38,-9,-41,72,15,3,-17,6,29,28,-38,63,20,11,-17,6,32,-15,-40,65,17,9
66.2000,-26,7,38,-10,-45,76,25,17,-24,10,37,-11,-29,55,16,3,-28,12,41,-14,-36,64,29,20,-16,17,39,-12,-37,56,-1,5,-31,-1,42,-13,-47,67,19,10,2,22,39,-14,-41,66,19,-1,-11,1,37,21,-36,68,16,8,-23,5,35,-15,-43,66,22,8
66.2200,-20,8,29,-15,-42,74,32,14,-16,12,29,-10,-39,54,20,5,-23,9,38,-6,-31,66,29,16,-17,14,35,-8,-35,59,-1,1,-26,9,36,-9,-41,64,15,14,-3,20,37,-13,-45,67,9,1,-20,6,36,24,-50,73,24,2,-18,9,37,-17,-40,65,20,5
66.2400,-22,12,35,-11,-41,74,26,15,-23,7,32,-9,-37,52,18,0,-25,10,40,-10,-38,73,29,15,-14,14,36,-13,-31,54,-5,0,-34,12,36,-7,-48,64,19,17,-5,25,33,-9,-42,63,15,3,-16,7,42,17,-49,72,23,8,-23,9,30,-19,-39,64,24,6
66.2600,-23,2,38,-14,-38,78,26,20,-30,12,41,-16,-42,56,16,-1,-29,8,36,-12,-40,65,35,18,-14,16,36,-12,-37,58,-3,6,-27,7,35,-11,-37,69,16,11,-2,26,39,-14,-44,64,15,1,-12,8,24,23,-39,70,18,6,-17,6,34,-16,-46,62,17,12
66.2800,-20,7,35,-13,-42,78,29,14,-23,9,37,-16,-37,52,8,4,-26,8,31,-6,-36,62,33,16,-14,13,35,-12,-40,60,-7,0,-32,7,34,-12,-42,69,21,10,4,19,41,-14,-45,64,16,0,-10,6,29,28,-25,61,14,14,-17,4,30,-15,-35,66,17,6
66.3000,-23,7,32,-8,-40,73,25,8,-17,13,41,-9,-35,54,17,2,-26,7,39,-14,-35,64,28,27,-14,14,33,-7,-32,57,-7,-3,-32,6,38,-10,-38,69,20,11,-3,26,36,-9,-39,63,9,-2,-17,1,27,25,-39,61,16,9,-15,6,38,-17,-42,67,23,8
66.3200,-21,10,32,-12,-42,71,24,13,-21,10,40,-7,-34,57,13,3,-26,14,36,-8,-40,66,26,22,-16,14,34,-11,-39,56,0,1,-32,7,38,-13,-40,68,10,14,-3,22,34,-10,-38,64,14,-2,-17,4,33,22,-50,70,27,3,-20,6,39,-14,-41,67,18,6
66.3400,-25,9,31,-10,-41,76,25,15,-21,10,32,-12,-35,53,10,1,-25,8,29,-5,-36,66,28,21,-14,18,32,-9,-42,57,-3,-2,-37,4,38,-12,-39,67,16,15,-1,22,35,-14,-43,68,8,-5,-15,4,30,24,-37,66,16,6,-17,4,31,-13,-38,68,19,7
66.3600,-21,9,35,-10,-39,73,29,12,-28,13,36,-10,-34,54,14,4,-28,8,30,-11,-38,71,35,24,-20,8,35,-12,-39,58,-5,3,-35,5,31,-3,-35,64,14,16,-2,20,39,-11,-43,67,14,2,-16,3,30,25,-41,66,17,8,-19,2,36,-17,-42,66,26,10
66.3800,-21,8,35,-12,-36,74,26,17,-21,10,35,-8,-35,51,16,8,-27,12,33,-9,-34,66,32,23,-18,6,35,-6,-36,61,-1,2,-33,5,42,-11,-40,66,16,19,-2,24,35,-12,-41,66,14,1,-13,11,30,27,-40,63,22,9,-16,4,31,-18,-37,65,15,8
66.4000,-21,9,38,-9,-40,74,31,15,-23,12,35,-10,-35,55,18,5,-26,9,29,-11,-30,62,26,15,-16,6,31,-10,-35,58,-1,5,-33,5,30,-10,-41,71,18,15,-4,28,36,-15,-40,65,12,1,-16,4,29,26,-43,68,20,8,-20,4,34,-14,-44,69,17,8
66.4200,-17,9,29,-9,-42,75,25,15,-22,9,39,-7,-30,50,18,5,-26,6,32,-12,-35,68,31,23,-18,11,37,-12,-40,57,-5,4,-35,3,38,-11,-43,71,17,14,0,22,35,-13,-43,69,12,2,-13,5,30,28,-39,69,18,8,-20,4,38,-17,-44,71,21,5
66.4400,-17,11,37,-6,-44,75,28,13,-21,11,30,-13,-37,53,15,5,-22,9,35,-10,-36,68,30,23,-15,11,32,-9,-36,59,-7,1,-36,6,38,-9,-35,68,18,18,-3,20,42,-8,-37,66,16,8,-19,5,36,27,-35,69,19,5,-16,2,37,-12,-41,70,16,9
66.4600,-17,11,32,-4,-41,76,25,16,-21,6,34,-7,-30,52,11,2,-22,11,37,-11,-35,72,29,19,-18,11,37,-10,-35,55,-2,6,-35,8,31,-14,-38,69,25,13,-6,22,38,-15,-45,69,12,2,-16,5,30,23,-37,70,21,12,-19,5,32,-12,-45,68,25,5
66.4800,-20,4,32,-5,-39,75,26,13,-19,9,35,-8,-30,53,12,5,-25,9,38,-10,-38,62,31,22,-16,12,39,-13,-32,53,-2,5,-29,9,37,-12,-40,68,21,16,-2,23,31,-16,-41,65,11,0,-20,7,35,27,-45,68,27,6,-17,9,37,-11,-40,70,24,9
66.5000,-17,7,35,-12,-40,79,25,14,-21,8,35,-11,-24,51,15,2,-21,9,33,-6,-36,64,30,22,-13,9,43,-9,-37,58,-4,2,-29,8,39,-6,-35,65,16,12,-2,25,38,-11,-45,69,13,2,-18,2,34,28,-45,69,24,10,-17,7,37,-14,-39,66,19,6
66.5200,-19,8,36,-9,-49,79,26,13,-14,11,34,-10,-32,50,14,5,-26,13,37,-9,-43,67,27,25,-13,4,32,-15,-36,58,-1,4,-36,10,34,-13,-39,68,21,13,-1,24,38,-7,-41,71,4,7,-15,1,29,32,-32,64,16,10,-14,9,30,-14,-43,64,16,17
66.5400,-19,11,35,-14,-46,81,26,14,-19,8,34,-12,-33,53,13,4,-28,6,36,-13,-35,67,32,20,-16,7,39,-6,-42,52,2,9,-31,4,37,-12,-42,64,16,14,0,22,31,-10,-46,72,8,2,-18,2,28,32,-37,63,13,7,-16,3,34,-17,-39,63,18,10
66.5600,-23,6,33,-14,-39,74,26,15,-18,10,34,-7,-36,47,11,6,-23,9,35,-11,-33,68,26,22,-14,9,34,-8,-39,60,-3,2,-32,4,33,-10,-39,65,17,15,-1,20,38,-16,-48,69,2,4,-17,5,35,28,-48,68,20,2,-13,7,31,-21,-41,72,14,9
66.5800,-15,6,33,-12,-43,74,27,15,-16,15,33,-11,-36,57,15,2,-26,9,35,-10,-29,65,27,25,-16,12,30,-7,-37,54,-2,2,-30,7,32,-9,-40,68,19,12,0,27,36,-10,-42,66,8,1,-15,10,30,21,-41,67,21,3,-14,8,37,-18,-35,64,18,11
66.6000,-17,6,33,-7,-35,74,25,17,-19,8,34,-8,-30,50,20,-1,-28,13,38,-12,-42,70,32,23,-9,12,36,-10,-34,59,-2,-2,-37,10,33,-8,-34,66,19,16,-1,24,31,-5,-38,68,13,5,-13,9,37,23,-38,67,18,7,-22,8,32,-21,-36,66,19,11
66.6200,-17,9,32,-8,-41,77,28,17,-17,13,32,-14,-33,53,14,2,-24,13,33,-7,-39,70,31,23,-18,15,37,-9,-43,55,5,0,-29,6,37,-8,-44,66,20,13,3,22,40,-10,-39,67,13,10,-16,14,33,18,-47,70,21,5,-14,8,34,-17,-41,64,20,7
66.6400,-22,11,36,-6,-40,80,34,15,-23,16,33,-8,-31,51,14,5,-23,7,34,-14,-38,63,30,26,-17,12,32,-10,-33,56,-2,3,-29,5,36,-8,-39,69,26,14,-2,29,37,-13,-43,64,14,10,-17,6,32,28,-39,70,22,9,-20,6,33,-16,-36,66,17,7
66.6600,-21,11,34,-12,-40,75,24,18,-16,17,32,-9,-31,58,15,-1,-28,10,33,-11,-35,64,26,25,-14,11,32,-11,-38,55,-6,5,-29,4,33,-12,-40,71,18,14,-3,19,39,-14,-39,73,12,2,-13,5,31,27,-39,65,20,8,-19,8,30,-17,-36,60,21,13
66.6800,-21,8,35,-12,-44,74,27,11,-20,8,35,-14,-33,55,15,8,-27,8,35,-7,-37,68,30,21,-14,11,34,-17,-36,59,1,2,-29,4,35,-15,-38,65,21,19,2,25,33,-16,-40,69,11,4,-13,-1,27,28,-31,64,15,9,-21,4,39,-19,-42,65,18,10
66.7000,-19,10,31,-14,-40,76,29,13,-19,9,32,-13,-31,53,19,8,-30,10,40,-14,-43,68,28,24,-22,10,35,-10,-35,58,-4,3,-29,5,37,-10,-42,68,18,13,-5,19,33,-8,-48,66,10,8,-12,-2,29,27,-39,66,12,10,-19,4,34,-14,-44,66,25,12
66.7200,-23,8,37,-16,-40,74,25,16,-19,6,34,-13,-27,52,16,3,-27,10,32,-9,-37,68,29,28,-17,17,37,-14,-35,57,-4,-5,-35,6,36,-16,-42,72,19,14,0,27,38,-11,-47,71,17,-3,-17,7,33,22,-50,75,19,4,-18,12,39,-16,-39,73,20,9
66.7400,-25,6,32,-11,-44,72,27,16,-20,5,32,-14,-34,52,14,6,-19,6,35,-9,-38,67,32,20,-16,13,34,-9,-37,55,-2,0,-27,4,33,-12,-43,68,20,13,-1,24,36,-12,-41,66,14,0,-15,11,32,25,-40,68,15,6,-19,6,35,-15,-32,68,19,8
66.7600,-24,8,35,-14,-46,76,34,11,-23,14,39,-13,-41,54,17,-1,-22,7,31,-13,-34,61,30,23,-19,11,34,-7,-36,60,2,6,-33,6,34,-9,-38,62,20,12,-5,21,39,-10,-39,68,17,-1,-14,7,32,30,-39,65,16,10,-17,8,31,-19,-41,64,19,1
66.7800,-20,5,37,-13,-43,71,30,21,-22,14,41,-9,-34,49,15,-1,-27,6,31,-11,-39,70,27,21,-15,11,33,-11,-37,61,-2,4,-27,7,34,-13,-40,67,22,11,3,15,32,-11,-37,66,20,-2,-13,5,27,31,-33,62,16,6,-18,9,37,-19,-41,67,20,7
66.8000,-19,5,39,-15,-41,76,28,17,-22,9,37,-10,-31,49,18,2,-21,13,33,-13,-39,65,31,21,-23,13,38,-15,-38,62,-2,5,-33,7,38,-16,-44,68,22,15,2,23,31,-10,-42,73,13,3,-13,1,28,28,-47,63,16,7,-17,1,31,-19,-46,67,20,9
66.8200,-19,6,38,-7,-43,77,31,14,-20,10,36,-14,-32,52,14,2,-22,5,34,-11,-37,66,28,23,-14,15,32,-11,-34,59,-4,1,-31,9,36,-10,-44,73,22,11,-2,19,39,-14,-44,68,17,3,-11,9,32,21,-44,72,25,6,-16,2,30,-16,-40,70,18,4
66.8400,-23,4,37,-16,-48,75,32,17,-20,12,38,-12,-32,54,15,5,-26,5,35,-10,-35,68,33,25,-17,11,36,-4,-35,59,-3,8,-30,4,31,-14,-39,68,14,12,-2,20,37,-13,-40,66,15,2,-13,7,36,22,-39,73,26,8,-15,5,32,-15,-37,64,16,5
66.8600,-23,12,33,-16,-42,72,26,15,-22,12,31,-15,-34,54,14,9,-32,7,36,-11,-45,71,31,19,-18,14,30,-10,-41,61,2,4,-31,8,30,-10,-38,74,23,12,1,23,38,-15,-40,70,9,5,-14,11,35,29,-42,67,24,5,-17,4,37,-19,-37,72,16,8
66.8800,-19,4,33,-17,-34,77,26,11,-22,9,33,-8,-31,48,18,2,-28,7,31,-10,-34,65,29,21,-17,14,34,-9,-36,58,-4,1,-41,7,35,-11,-38,71,19,17,2,26,37,-13,-41,71,9,2,-17,12,33,27,-50,68,17,4,-14,3,31,-16,-41,68,17,7
66.9000,-18,6,38,-17,-39,71,25,13,-27,14,33,-10,-31,53,16,2,-29,5,30,-11,-39,68,32,21,-16,12,35,-11,-41,64,0,0,-34,1,33,-12,-39,67,19,17,0,20,34,-11,-42,70,14,4,-17,4,29,32,-33,68,16,11,-19,9,33,-15,-39,68,19,9
66.9200,-18,7,35,-8,-45,75,26,11,-24,13,37,-11,-36,52,16,3,-28,11,37,-14,-41,67,34,25,-15,15,36,-10,-37,53,-2,7,-30,4,32,-17,-39,69,25,12,-2,27,37,-12,-43,70,12,2,-10,0,23,35,-22,57,13,14,-18,5,39,-23,-41,71,15,10
66.9400,-23,4,35,-7,-44,69,35,10,-22,12,31,-12,-30,52,12,0,-23,5,35,-6,-40,62,34,17,-21,13,39,-11,-37,58,-5,2,-35,4,32,-9,-39,67,27,14,-5,24,33,-7,-40,68,14,0,-17,-5,31,33,-45,69,23,8,-15,7,39,-15,-33,69,24,15
66.9600,-19,8,34,-17,-49,76,25,11,-22,17,33,-12,-27,51,20,2,-28,6,34,-6,-42,72,28,24,-17,16,35,-9,-34,62,-3,4,-30,5,39,-9,-44,72,24,10,0,30,28,-9,-42,70,13,1,-12,4,29,29,-39,73,19,8,-17,7,35,-13,-39,68,19,9
66.9800,-19,11,31,-11,-43,74,25,12,-24,16,39,-11,-27,55,12,5,-22,8,30,-8,-33,67,28,25,-19,14,36,-9,-36,62,-4,8,-32,10,36,-13,-40,70,22,9,0,22,32,-10,-38,68,13,1,-14,1,30,32,-42,68,23,9,-20,7,32,-19,-42,62,21,10
67.0000,-23,9,32,-15,-46,78,27,16,-20,10,37,-10,-31,50,14,0,-26,10,38,-15,-37,71,30,21,-24,7,36,-14,-31,62,-2,3,-35,2,36,-7,-42,64,23,15,-3,22,35,-15,-39,71,12,2,-12,4,26,32,-32,64,23,11,-14,7,36,-16,-48,67,17,12
67.0200,-23,7,33,-12,-42,74,28,12,-20,11,34,-15,-33,54,22,5,-26,8,32,-13,-34,68,27,22,-19,9,34,-12,-33,59,-2,3,-29,5,35,-8,-39,68,24,19,-1,28,32,-9,-44,69,12,2,-16,5,35,28,-37,66,19,9,-18,7,37,-15,-40,68,21,11
67.0400,-23,10,33,-12,-40,75,27,13,-16,12,33,-6,-30,57,15,5,-22,8,34,-9,-34,65,34,19,-18,15,38,-11,-33,58,-2,-1,-30,8,35,-16,-43,74,23,13,-1,27,36,-15,-44,74,12,2,-9,5,34,32,-34,72,20,8,-11,8,32,-17,-42,64,19,6
67.0600,-21,6,31,-8,-44,74,32,12,-20,9,37,-7,-28,53,18,2,-25,12,34,-10,-36,70,31,20,-15,14,33,-9,-36,58,0,4,-31,2,37,-14,-36,74,18,14,0,24,41,-10,-39,67,13,8,-18,6,33,29,-42,66,22,6,-16,2,34,-18,-44,72,22,5
67.0800,-16,4,34,-11,-43,80,32,13,-17,12,31,-12,-37,48,18,2,-25,15,35,-11,-33,65,30,19,-17,12,37,-15,-44,64,-1,5,-25,15,30,-12,-31,67,25,17,2,26,33,-11,-41,65,12,3,-11,7,30,29,-38,63,13,11,-17,9,34,-15,-44,72,20,7
67.1000,-18,7,29,-14,-39,78,28,13,-16,10,32,-10,-35,55,15,2,-25,15,39,-10,-37,65,26,22,-18,8,32,-11,-43,60,2,6,-36,10,36,-13,-42,63,26,12,-3,26,33,-12,-40,73,12,-1,-18,8,36,31,-47,74,26,9,-20,7,39,-16,-44,69,23,10
67.1200,-21,7,31,-10,-47,78,27,17,-22,10,30,-12,-34,54,17,8,-25,9,35,-12,-32,69,25,20,-18,13,31,-9,-37,60,2,8,-30,6,34,-9,-36,67,22,10,-2,23,35,-9,-38,70,12,2,-13,6,35,31,-39,62,24,7,-16,4,34,-14,-38,68,23,5
67.1400,-17,5,29,-10,-43,75,32,16,-19,8,37,-12,-30,54,17,6,-33,9,35,-13,-40,71,32,18,-13,11,36,-10,-41,64,-2,4,-34,7,34,-11,-37,71,27,17,0,26,36,-8,-38,68,13,5,-17,14,29,28,-43,69,23,5,-14,10,35,-15,-38,67,25,8
67.1600,-25,7,27,-8,-39,74,32,11,-18,9,34,-17,-35,58,13,5,-30,8,37,-12,-34,69,32,22,-19,12,36,-6,-38,63,-1,5,-35,15,35,-16,-38,68,20,18,-1,24,34,-9,-38,66,17,4,-14,0,26,35,-24,66,16,14,-16,7,32,-20,-41,66,22,8
67.1800,-24,9,29,-13,-37,77,28,7,-23,12,34,-12,-34,57,19,2,-24,4,35,-6,-35,67,32,22,-18,8,32,-11,-38,63,0,5,-33,5,37,-14,-34,71,26,13,4,20,31,-17,-43,74,13,9,-7,2,22,33,-31,66,18,8,-19,11,39,-17,-43,72,19,9
67.2000,-19,2,34,-16,-37,76,23,13,-19,11,31,-8,-30,51,14,7,-29,10,31,-11,-38,67,31,17,-17,11,23,-8,-36,59,-6,6,-31,3,33,-8,-30,67,23,13,0,25,33,-15,-40,75,15,2,-17,7,32,28,-37,74,22,10,-16,8,31,-19,-43,67,21,5
67.2200,-22,10,29,-15,-41,78,32,13,-20,9,35,-13,-31,51,19,7,-26,6,33,-12,-45,70,31,23,-14,12,35,-10,-39,56,0,5,-29,6,34,-11,-36,68,20,14,2,25,37,-13,-40,67,10,1,-16,5,24,29,-41,68,17,10,-14,8,36,-18,-41,72,24,7
67.2400,-21,2,30,-15,-39,70,26,12,-18,14,33,-13,-33,55,15,5,-23,6,30,-14,-44,72,31,23,-19,11,29,-14,-37,57,-1,8,-37,8,32,-10,-36,69,26,16,0,20,33,-16,-35,65,13,-2,-15,5,30,30,-34,64,20,6,-17,8,31,-16,-38,70,19,4
67.2600,-24,9,36,-13,-45,78,28,12,-23,15,37,-12,-30,53,18,3,-31,4,33,-9,-37,71,37,28,-21,5,29,-12,-38,57,-3,1,-33,1,33,-7,-31,66,27,19,4,22,34,-12,-34,64,16,0,-21,5,31,33,-42,72,22,9,-17,5,33,-17,-39,69,22,8
67.2800,-15,1,29,-5,-47,74,26,14,-16,13,35,-11,-28,56,15,2,-26,7,35,-16,-36,69,25,22,-21,10,35,-9,-38,62,-2,1,-30,13,40,-12,-41,70,22,17,0,21,35,-8,-40,72,9,8,-15,3,32,27,-42,69,25,9,-19,8,31,-16,-41,69,22,6
67.3000,-17,6,34,-10,-45,73,33,10,-22,9,35,-12,-36,55,20,-2,-23,10,36,-7,-36,68,31,22,-18,10,31,-13,-35,62,-2,5,-33,3,33,-9,-39,68,24,15,-2,24,38,-4,-48,68,16,2,-14,5,28,32,-34,61,18,7,-15,6,35,-19,-37,65,19,7
67.3200,-13,8,31,-9,-36,74,24,9,-19,16,35,-14,-27,57,16,5,-21,8,31,-7,-37,69,31,19,-17,15,34,-10,-35,59,-2,8,-36,5,32,-11,-37,72,26,18,-1,22,35,-12,-38,75,15,0,-16,7,29,31,-40,66,20,7,-13,8,35,-18,-40,70,18,10
67.3400,-23,7,39,-12,-39,77,29,8,-23,13,36,-13,-31,54,12,4,-22,11,33,-5,-39,68,29,21,-17,15,35,-11,-39,60,-4,3,-36,-2,33,-11,-39,74,19,12,2,28,33,-11,-35,71,15,3,-13,8,34,28,-35,68,23,7,-16,6,33,-19,-40,68,20,6
67.3600,-19,7,34,-9,-42,74,30,8,-23,12,32,-6,-29,54,14,8,-26,13,33,-9,-42,64,37,21,-18,7,35,-12,-37,58,0,5,-33,10,30,-12,-39,68,25,13,3,18,34,-13,-42,70,11,0,-16,5,31,32,-37,69,17,6,-14,8,34,-14,-39,67,18,11
67.3800,-16,2,33,-12,-40,71,25,12,-17,16,35,-9,-29,52,15,6,-25,14,36,-16,-39,71,33,19,-21,9,32,-10,-35,63,-1,4,-32,3,35,-11,-39,71,23,16,0,23,37,-8,-40,68,12,-3,-17,2,31,29,-39,69,19,11,-16,7,30,-19,-37,67,22,8
67.4000,-24,13,25,-11,-44,73,26,14,-24,18,33,-20,-27,48,17,4,-26,10,37,-6,-40,72,31,22,-18,12,31,-11,-34,60,0,1,-30,10,35,-12,-43,65,22,16,1,25,35,-10,-37,65,15,-1,-19,9,36,32,-42,67,20,13,-18,8,31,-14,-39,67,20,2
67.4200,-18,7,29,-15,-41,79,29,15,-25,14,36,-16,-30,53,19,11,-27,6,36,-10,-35,68,34,25,-17,8,33,-10,-36,57,-4,3,-25,8,37,-10,-42,72,23,13,2,25,34,-14,-36,66,14,5,-14,5,31,37,-32,67,13,12,-17,10,33,-14,-40,66,25,15
67.4400,-18,9,33,-14,-39,74,23,22,-21,17,35,-13,-33,51,13,6,-23,11,36,-10,-34,67,32,20,-19,12,35,-11,-39,59,-3,4,-34,10,37,-13,-39,67,22,12,-2,23,32,-12,-39,73,13,3,-13,5,28,33,-41,66,24,11,-15,12,30,-16,-40,68,29,10
67.4600,-20,6,32,-10,-44,78,30,14,-19,11,32,-17,-30,55,18,5,-20,10,35,-14,-33,68,29,19,-14,13,33,-11,-36,62,-7,3,-31,9,30,-15,-46,73,25,11,-2,28,35,-10,-39,71,16,2,-19,6,34,23,-46,71,27,8,-9,11,29,-15,-36,63,26,12
67.4800,-22,4,32,-10,-45,82,27,16,-20,13,34,-13,-30,57,17,0,-25,5,33,-7,-39,67,32,22,-18,15,37,-11,-36,60,2,3,-28,5,33,-16,-42,68,25,10,0,20,32,-10,-41,71,15,5,-16,11,35,32,-43,75,24,8,-17,5,34,-19,-32,71,26,12
67.5000,-24,9,31,-12,-49,75,27,16,-19,15,35,-16,-28,50,13,4,-30,9,31,-12,-38,63,32,19,-17,16,33,-9,-39,60,1,7,-29,7,30,-10,-40,71,26,7,-1,23,38,-4,-40,71,16,4,-17,8,31,31,-38,66,22,9,-17,7,28,-15,-41,67,26,6
67.5200,-18,3,31,-14,-40,77,28,8,-20,9,37,-11,-33,54,14,6,-20,10,32,-8,-39,64,33,20,-18,15,35,-7,-36,60,-2,3,-37,6,32,-10,-43,67,24,14,1,25,27,-14,-37,70,8,0,-13,0,36,36,-33,65,19,11,-16,9,31,-16,-42,68,16,4
67.5400,-19,6,34,-13,-38,82,29,14,-20,8,30,-11,-29,54,16,3,-25,7,27,-7,-38,66,24,20,-18,9,35,-8,-38,58,-2,5,-31,7,32,-7,-36,68,27,17,-3,28,35,-13,-35,65,18,1,-10,0,28,27,-39,69,15,7,-15,6,34,-14,-42,70,23,6
67.5600,-16,4,30,-14,-45,78,28,12,-24,12,35,-8,-25,48,14,3,-28,8,29,-8,-29,64,36,21,-22,12,38,-7,-37,59,-4,9,-36,8,40,-17,-43,73,24,17,4,23,30,-8,-43,73,15,5,-20,13,35,31,-53,71,21,8,-16,11,35,-13,-42,67,24,9
67.5800,-19,8,33,-10,-43,75,31,12,-16,7,33,-11,-34,56,15,6,-22,3,33,-7,-37,65,31,16,-18,11,31,-14,-41,63,-1,10,-32,2,36,-11,-45,72,21,16,-3,20,30,-8,-41,71,16,1,-15,4,40,29,-34,68,24,10,-19,4,30,-16,-37,65,22,8
67.6000,-17,3,32,-8,-42,72,25,11,-21,11,32,-11,-30,51,15,7,-32,9,32,-12,-39,66,32,18,-16,1,31,-7,-39,59,0,8,-36,7,27,-11,-36,71,22,11,4,21,34,-11,-43,74,13,0,-11,5,28,33,-36,71,19,13,-20,6,34,-14,-42,67,24,13
67.6200,-27,10,29,-14,-39,79,29,9,-22,14,31,-6,-29,57,20,5,-22,5,33,-11,-37,69,30,16,-21,15,32,-15,-35,60,-2,3,-32,3,33,-9,-42,70,24,11,0,20,34,-8,-43,70,14,-4,-12,6,32,35,-37,69,17,12,-22,4,31,-13,-45,70,20,6
67.6400,-22,10,35,-13,-38,73,29,10,-19,13,32,-13,-23,52,17,2,-27,12,30,-9,-39,70,28,21,-19,10,31,-11,-32,61,1,4,-35,4,35,-11,-38,67,28,12,5,20,32,-11,-43,75,15,4,-18,6,31,32,-41,69,22,2,-17,3,34,-17,-41,67,18,5
67.6600,-17,5,34,-16,-43,80,27,12,-12,13,30,-9,-28,55,16,4,-25,12,25,-13,-41,66,29,19,-13,12,37,-13,-34,57,-2,6,-31,5,32,-7,-39,72,24,12,0,18,28,-11,-40,70,11,0,-14,2,27,33,-39,69,20,11,-12,5,28,-17,-34,68,22,7
67.6800,-17,4,29,-13,-39,75,31,11,-17,14,29,-8,-27,55,18,3,-24,7,27,-11,-39,67,36,21,-23,14,30,-11,-36,57,-4,3,-32,5,32,-13,-41,72,28,14,1,20,26,-13,-38,70,10,-2,-13,4,32,41,-39,70,15,6,-16,3,32,-14,-39,67,19,14
67.7000,-18,13,30,-15,-45,70,32,10,-18,14,31,-11,-26,56,18,7,-20,5,29,-8,-32,72,34,22,-22,7,34,-14,-34,58,-1,6,-37,3,33,-7,-40,69,26,13,0,20,30,-10,-34,67,15,-3,-13,3,30,27,-36,72,20,0,-18,6,35,-21,-38,72,18,7
67.7200,-19,5,32,-12,-42,71,27,10,-18,14,34,-11,-27,53,22,4,-22,10,32,-16,-42,67,32,21,-18,9,35,-12,-34,61,1,7,-32,6,36,-13,-40,69,26,17,-3,18,31,-12,-39,74,11,0,-12,5,32,36,-47,74,22,7,-17,5,34,-20,-45,70,22,4
67.7400,-20,5,29,-11,-42,73,32,14,-18,13,34,-16,-29,57,9,7,-21,5,30,-11,-35,69,31,21,-22,13,32,-14,-33,58,1,5,-32,5,28,-5,-42,69,25,14,-1,18,35,-12,-37,70,11,0,-10,3,38,29,-44,74,24,4,-14,3,33,-19,-35,69,21,11
67.7600,-18,8,30,-14,-38,66,27,15,-17,12,34,-15,-29,54,14,7,-23,10,34,-11,-39,68,29,26,-17,15,30,-7,-40,62,0,1,-33,4,31,-13,-40,72,28,16,3,18,34,-11,-34,76,14,4,-15,5,33,35,-35,67,20,12,-18,5,34,-20,-41,71,25,11
67.7800,-20,8,31,-12,-40,71,30,16,-23,8,30,-13,-27,55,14,6,-22,9,31,-8,-31,68,32,18,-26,9,33,-14,-41,56,5,10,-31,5,35,-8,-37,68,25,14,2,20,28,-15,-34,71,13,-3,-17,4,27,33,-41,68,23,6,-23,2,33,-19,-35,68,27,8
67.8000,-16,9,33,-18,-46,70,31,12,-21,15,30,-13,-31,55,21,0,-25,7,31,-9,-38,71,32,21,-19,14,29,-11,-40,62,-1,7,-34,6,38,-6,-37,69,26,16,-1,20,33,-11,-35,72,15,8,-12,7,34,30,-48,74,23,4,-18,8,34,-18,-42,67,19,15
67.8200,-21,5,34,-17,-37,78,32,15,-18,11,38,-13,-26,50,13,-1,-26,7,35,-6,-38,71,33,23,-17,10,33,-8,-39,60,0,6,-31,8,31,-9,-40,71,33,14,1,21,32,-10,-32,68,12,-2,-12,7,29,35,-40,67,24,8,-12,1,33,-16,-36,68,21,12
67.8400,-15,5,32,-15,-52,73,33,14,-18,9,34,-16,-27,48,14,2,-24,10,34,-8,-31,66,31,24,-17,13,36,-10,-37,58,1,3,-34,7,31,-15,-39,71,22,17,4,24,31,-9,-31,70,12,5,-16,-1,23,36,-35,67,21,8,-9,12,30,-25,-37,66,16,6
67.8600,-14,10,35,-10,-42,76,25,14,-16,11,32,-14,-26,52,12,5,-24,12,32,-13,-38,70,34,27,-18,10,34,-10,-40,57,-2,4,-28,8,30,-13,-34,69,25,16,-2,20,28,-10,-32,69,15,-1,-17,4,30,37,-46,74,27,10,-18,6,33,-21,-40,72,26,8
67.8800,-22,7,29,-10,-43,77,31,13,-23,13,36,-11,-32,53,14,4,-24,5,34,-8,-40,68,35,21,-12,10,31,-13,-37,65,0,8,-33,5,35,-9,-35,68,24,14,7,21,29,-5,-38,69,15,1,-14,-1,33,37,-38,66,20,10,-17,6,34,-23,-43,68,26,8
67.9000,-17,4,37,-11,-49,77,30,12,-20,13,32,-16,-29,55,15,5,-26,7,31,-8,-40,69,35,23,-20,10,33,-12,-32,60,0,8,-33,8,36,-17,-39,68,23,20,-1,19,31,-11,-41,72,13,1,-21,8,30,35,-46,74,23,9,-14,5,32,-16,-44,63,23,6
67.9200,-20,8,34,-7,-43,77,29,13,-22,13,33,-15,-28,51,13,6,-28,9,32,-11,-40,67,30,24,-18,12,28,-9,-33,60,-4,4,-39,10,37,-14,-44,74,27,13,2,25,29,-12,-38,72,13,4,-13,4,33,35,-37,71,21,11,-18,5,33,-19,-37,66,20,9
67.9400,-25,5,32,-9,-39,80,30,14,-20,16,36,-20,-26,53,14,3,-26,11,32,-12,-34,66,30,19,-19,18,32,-7,-36,55,1,3,-31,5,33,-11,-37,78,24,18,0,22,35,-10,-40,73,9,1,-22,2,33,35,-42,69,19,8,-18,7,31,-20,-41,64,24,12
67.9600,-16,6,26,-14,-42,81,34,11,-21,13,34,-11,-24,50,15,2,-24,13,34,-16,-36,68,32,21,-20,15,32,-10,-39,63,4,6,-35,7,36,-12,-35,72,26,17,0,21,40,-10,-34,71,12,5,-17,2,37,27,-44,75,24,3,-16,0,31,-16,-35,69,21,12
67.9800,-22,9,33,-9,-42,77,31,11,-18,9,32,-12,-24,57,15,0,-25,7,37,-10,-34,63,31,23,-17,11,36,-11,-32,59,-4,11,-38,10,30,-12,-34,69,17,18,3,22,33,-9,-37,73,18,3,-16,6,32,30,-35,66,27,12,-14,5,37,-19,-38,66,20,8
68.0000,-20,5,33,-10,-38,75,30,12,-19,15,33,-12,-28,54,14,6,-21,7,33,-10,-40,71,27,22,-17,15,34,-5,-35,61,-1,7,-36,4,28,-15,-44,75,25,18,-4,21,35,-8,-40,74,15,4,-12,4,34,38,-35,68,20,14,-15,6,27,-16,-46,73,24,17
68.0200,-18,5,31,-12,-41,76,33,14,-24,15,37,-14,-36,59,19,3,-27,9,29,-10,-42,65,34,22,-18,15,28,-10,-33,57,3,9,-41,3,36,-15,-43,75,25,14,2,22,36,-12,-35,67,13,7,-17,7,37,30,-34,72,27,11,-17,5,31,-13,-38,74,24,7
68.0400,-19,6,30,-12,-38,75,35,18,-19,11,28,-11,-36,56,15,7,-28,7,33,-12,-38,69,31,20,-21,13,31,-9,-33,59,1,6,-32,6,36,-13,-40,73,27,18,2,23,35,-12,-32,75,10,5,-21,12,41,27,-43,71,25,9,-16,6,28,-18,-43,70,26,9
68.0600,-20,11,36,-14,-43,74,32,14,-14,14,30,-11,-31,61,14,6,-24,10,35,-12,-36,68,30,23,-17,16,32,-9,-42,58,4,6,-36,3,30,-15,-42,74,26,15,2,23,32,-11,-40,71,13,5,-18,7,32,34,-31,66,19,15,-13,7,35,-19,-36,67,20,4
68.0800,-19,8,32,-13,-39,79,30,9,-23,13,29,-14,-23,56,17,0,-28,11,32,-11,-42,66,32,20,-19,8,34,-10,-38,58,2,5,-37,7,31,-9,-37,70,22,10,0,22,34,-13,-41,72,17,1,-18,2,20,39,-33,64,18,15,-18,8,39,-16,-46,75,26,5
68.1000,-20,8,29,-13,-48,76,30,18,-19,12,34,-10,-22,60,18,7,-22,11,34,-7,-39,67,32,26,-14,14,33,-8,-36,58,3,8,-37,12,31,-12,-45,68,26,11,-4,25,37,-13,-39,73,16,-1,-12,-2,31,33,-28,64,20,15,-17,-1,37,-14,-36,71,24,7
68.1200,-13,2,33,-15,-38,73,33,16,-19,11,34,-14,-28,59,18,6,-21,8,33,-14,-36,65,30,26,-20,12,35,-10,-38,60,7,4,-33,6,35,-16,-41,68,28,19,1,25,34,-21,-43,72,18,1,-15,2,33,34,-46,69,25,10,-18,9,34,-16,-43,70,20,7
68.1400,-20,3,36,-14,-46,82,30,12,-18,10,33,-11,-26,54,17,6,-30,8,34,-13,-38,66,31,24,-16,12,34,-8,-36,59,2,1,-35,8,29,-9,-39,73,19,15,2,23,40,-16,-36,70,18,-1,-16,-1,31,38,-38,64,17,6,-17,3,36,-17,-40,72,23,6
68.1600,-13,-2,31,-18,-42,76,31,9,-23,11,30,-10,-30,58,17,8,-27,12,32,-8,-40,68,29,26,-21,10,34,-13,-32,67,4,8,-36,7,34,-9,-39,70,26,12,3,27,34,-10,-40,71,17,5,-22,4,32,32,-39,68,24,16,-16,8,32,-19,-43,74,21,9
68.1800,-17,10,32,-11,-46,73,32,11,-19,13,38,-12,-29,59,20,4,-27,6,29,-10,-33,65,33,23,-18,14,29,-9,-35,62,3,6,-33,4,25,-11,-40,75,26,19,5,21,31,-9,-32,73,20,-1,-13,4,27,31,-37,69,25,13,-18,7,36,-17,-41,68,23,9
68.2000,-24,4,30,-11,-42,75,30,15,-17,13,33,-12,-29,59,24,8,-25,10,36,-12,-37,71,26,18,-19,8,31,-12,-30,63,1,8,-37,11,36,-13,-41,74,22,14,2,24,33,-18,-36,71,15,-2,-14,7,29,35,-43,70,24,7,-13,7,34,-10,-43,70,23,11
68.2200,-20,7,31,-15,-45,80,32,9,-16,10,32,-13,-25,54,14,7,-25,7,35,-16,-35,67,31,23,-19,13,32,-15,-37,64,1,7,-39,14,31,-9,-40,72,24,9,1,20,32,-10,-36,72,19,0,-17,4,31,33,-42,75,25,13,-14,3,27,-18,-35,71,27,13
68.2400,-17,5,28,-11,-40,77,32,17,-13,13,33,-15,-25,53,15,4,-22,12,30,-11,-41,67,33,23,-17,9,33,-6,-34,65,8,5,-41,8,35,-13,-42,71,31,9,-3,27,32,-13,-38,73,21,2,-8,2,28,37,-31,69,23,11,-11,8,31,-19,-39,68,24,14
68.2600,-19,-1,33,-13,-38,76,35,13,-18,9,34,-9,-32,59,20,2,-23,9,32,-17,-37,69,31,24,-22,12,36,-13,-41,64,4,12,-40,5,31,-10,-35,70,27,17,0,22,38,-9,-36,71,12,0,-12,3,32,31,-33,68,21,15,-12,4,32,-11,-36,68,25,7
68.2800,-17,4,35,-11,-39,73,26,15,-19,16,35,-6,-30,54,20,0,-25,8,36,-10,-41,67,31,17,-18,12,37,-10,-37,65,4,6,-36,5,36,-7,-43,75,28,14,-3,20,34,-12,-34,72,10,3,-16,5,32,35,-43,76,25,11,-19,6,29,-13,-37,67,23,11
68.3000,-14,5,31,-11,-45,76,37,9,-20,12,29,-11,-26,61,20,5,-23,13,33,-11,-39,69,35,15,-19,7,37,-15,-37,65,3,3,-40,8,32,-14,-38,71,27,12,2,26,30,-12,-36,77,19,0,-17,4,32,33,-49,75,27,9,-16,2,31,-19,-41,69,27,4
68.3200,-21,5,32,-13,-39,77,31,12,-22,10,33,-8,-26,59,17,8,-28,7,30,-12,-40,68,31,24,-18,15,26,-10,-38,63,2,7,-38,6,31,-15,-42,71,30,9,4,22,32,-17,-34,76,13,-4,-16,2,30,34,-36,71,21,5,-17,3,32,-14,-35,71,27,7
68.3400,-16,3,31,-13,-43,76,31,15,-23,13,34,-14,-27,57,19,2,-27,9,33,-13,-34,68,33,21,-15,13,26,-8,-36,58,-1,9,-37,9,33,-12,-45,72,29,15,0,16,31,-13,-39,73,12,5,-8,-1,28,36,-38,70,26,7,-20,5,33,-19,-40,69,25,6
68.3600,-16,2,30,-13,-44,82,33,16,-20,17,29,-19,-26,55,16,7,-27,11,30,-14,-44,67,30,18,-18,12,35,-12,-38,64,2,9,-40,2,34,-13,-37,73,24,14,1,19,32,-11,-30,74,11,3,-12,-3,29,38,-29,67,16,11,-14,6,36,-22,-42,71,25,8
68.3800,-19,4,32,-15,-42,80,35,11,-28,14,30,-10,-25,53,14,1,-21,8,30,-16,-31,63,32,16,-21,14,32,-7,-37,61,5,6,-40,4,31,-9,-39,67,26,16,-1,21,30,-11,-33,71,12,4,-4,-1,30,44,-33,63,16,3,-17,4,32,-14,-38,69,20,8
68.4000,-19,5,32,-14,-44,80,31,12,-18,12,30,-11,-22,58,13,1,-26,7,34,-13,-43,66,24,16,-17,14,35,-7,-40,57,2,8,-37,9,28,-15,-38,67,28,12,0,20,33,-9,-30,73,13,-2,-14,-4,28,36,-46,72,17,8,-14,6,29,-17,-42,71,29,12
68.4200,-19,1,36,-11,-42,78,36,11,-18,7,33,-7,-29,55,13,5,-21,8,27,-13,-38,66,33,21,-18,13,31,-16,-40,54,1,2,-37,8,35,-14,-39,75,29,8,2,18,36,-7,-31,74,15,0,-16,9,34,36,-41,76,26,9,-20,6,32,-14,-35,67,18,12
68.4400,-20,4,36,-14,-44,77,35,12,-18,10,39,-11,-23,58,11,7,-24,9,29,-6,-38,65,30,20,-18,13,31,-10,-35,51,-1,6,-35,7,33,-8,-41,73,23,15,4,28,30,-10,-35,74,13,-1,-15,7,36,35,-46,74,24,3,-18,9,35,-16,-39,73,23,9
68.4600,-20,-2,27,-14,-40,75,32,7,-24,16,33,-13,-28,58,17,6,-31,12,32,-10,-39,64,33,18,-14,11,28,-9,-33,52,1,2,-41,14,39,-12,-37,65,23,15,-2,22,31,-11,-33,72,14,-1,-17,7,34,30,-43,76,25,8,-13,3,30,-17,-41,74,24,12
68.4800,-22,6,35,-12,-39,75,35,15,-17,12,27,-15,-26,58,15,3,-26,11,30,-11,-39,72,32,22,-17,11,30,-15,-35,62,7,6,-41,9,34,-15,-38,66,23,14,2,21,35,-10,-35,74,16,1,-16,6,26,32,-33,71,26,10,-14,6,32,-16,-31,71,25,8
68.5000,-22,8,34,-15,-40,71,32,9,-15,14,28,-12,-28,62,11,1,-31,12,30,-7,-37,68,33,19,-19,13,33,-10,-41,58,7,3,-41,3,33,-11,-38,68,24,14,0,22,35,-8,-36,72,15,3,-9,2,26,41,-26,65,14,11,-14,9,26,-15,-41,64,21,5
68.5200,-14,2,33,-14,-34,75,40,8,-18,11,37,-16,-35,66,17,0,-25,6,34,-10,-38,67,31,19,-20,16,34,-15,-41,57,2,0,-39,7,37,-5,-39,71,23,13,-3,19,30,-8,-39,68,11,6,-14,5,33,38,-43,69,22,10,-16,7,31,-17,-38,71,26,6
68.5400,-21,-2,35,-14,-38,78,37,21,-21,11,32,-15,-34,56,13,2,-31,8,33,-6,-38,66,30,19,-18,14,31,-7,-36,63,3,8,-37,7,32,-14,-37,72,27,11,1,18,30,-11,-40,74,15,3,-22,10,33,32,-38,72,19,9,-15,4,34,-12,-36,71,25,6
68.5600,-21,3,33,-11,-45,77,37,10,-20,14,30,-10,-28,51,12,2,-28,7,32,-10,-35,66,30,23,-16,12,33,-11,-34,56,6,4,-37,9,27,-10,-36,71,25,15,1,22,32,-9,-35,75,16,2,-22,5,31,36,-37,67,24,6,-12,7,33,-17,-36,71,27,10
68.5800,-21,6,34,-11,-45,78,32,15,-19,12,40,-12,-23,62,14,3,-28,4,30,-11,-35,68,33,17,-16,14,32,-8,-37,59,1,4,-35,3,30,-12,-38,73,29,19,0,21,33,-14,-33,75,14,0,-14,6,28,34,-40,75,20,15,-14,6,36,-22,-37,72,22,10
68.6000,-22,-3,26,-11,-41,71,35,14,-19,10,27,-13,-28,62,15,8,-24,8,33,-7,-33,70,25,20,-12,8,33,-11,-38,56,1,7,-36,4,34,-10,-40,73,22,14,3,22,39,-8,-36,69,14,0,-18,7,28,31,-44,74,27,8,-15,5,34,-18,-36,71,21,7
68.6200,-20,4,31,-10,-41,74,33,13,-28,8,32,-13,-27,58,12,3,-17,10,31,-9,-42,68,35,14,-18,7,32,-10,-35,58,2,4,-38,6,37,-8,-37,72,22,10,-3,23,32,-13,-39,72,16,-1,-13,4,25,40,-37,67,22,16,-15,4,29,-17,-42,67,27,11
68.6400,-21,6,30,-10,-37,77,34,18,-21,9,35,-13,-28,55,21,4,-26,4,31,-10,-33,68,31,17,-18,10,32,-8,-37,59,1,6,-35,7,31,-16,-40,71,25,15,2,23,32,-9,-33,75,15,1,-7,-2,30,35,-36,68,21,11,-16,7,27,-17,-34,69,21,6
68.6600,-22,4,31,-17,-42,77,37,11,-20,9,27,-8,-29,56,19,3,-26,5,33,-5,-37,69,35,20,-20,12,33,-8,-32,56,9,6,-42,9,35,-11,-42,67,29,12,3,22,27,-13,-35,72,16,-1,-12,-1,33,32,-36,71,16,15,-16,1,32,-13,-38,66,21,7
68.6800,-18,-1,33,-15,-43,76,34,21,-19,12,31,-14,-25,55,17,3,-23,6,27,-11,-39,65,31,24,-25,16,30,-4,-38,62,7,1,-39,7,30,-12,-35,74,25,14,-1,25,30,-11,-33,75,16,4,-12,6,32,30,-44,69,28,8,-16,9,31,-18,-35,68,22,15
68.7000,-16,4,28,-7,-44,77,30,12,-22,8,26,-14,-27,57,18,4,-29,11,27,-7,-36,69,30,20,-14,8,34,-5,-36,54,5,8,-35,7,36,-9,-39,73,26,12,2,23,30,-12,-43,69,18,2,-13,-1,30,36,-42,72,20,10,-15,4,33,-21,-42,68,22,8
68.7200,-26,6,35,-12,-44,78,36,14,-19,7,29,-8,-28,59,14,5,-23,4,32,-6,-35,69,26,21,-17,14,30,-7,-35,58,3,7,-39,11,33,-11,-38,72,24,18,-1,24,33,-14,-44,70,14,-2,-17,4,32,38,-33,70,29,13,-21,4,33,-19,-39,70,21,13
68.7400,-19,9,25,-12,-44,70,29,13,-19,14,34,-9,-34,58,17,8,-30,3,33,-7,-40,68,33,17,-12,11,31,-8,-32,61,8,4,-38,5,33,-11,-41,70,28,15,-3,26,29,-9,-40,76,16,1,-12,0,31,39,-37,68,21,12,-15,6,30,-17,-37,78,23,9
68.7600,-21,5,33,-10,-46,80,36,10,-15,13,31,-7,-24,60,16,6,-28,7,33,-4,-37,67,33,21,-17,10,28,-7,-37,61,8,9,-36,5,36,-11,-40,65,26,15,-2,20,32,-12,-40,77,17,-2,-16,7,28,40,-33,73,24,10,-17,3,32,-17,-44,68,27,13
68.7800,-23,11,33,-16,-49,76,31,11,-18,10,35,-6,-28,53,16,6,-28,3,34,-6,-42,70,26,20,-15,19,30,-6,-36,65,1,13,-40,8,31,-8,-38,71,25,11,0,24,31,-13,-33,75,20,-1,-14,1,31,38,-37,67,20,10,-14,5,31,-16,-35,66,20,12
68.8000,-22,7,38,-13,-50,77,38,13,-15,16,31,-11,-30,60,18,11,-24,13,27,-8,-40,69,27,22,-17,13,29,-10,-44,62,2,5,-35,6,33,-11,-33,71,23,12,2,22,32,-15,-37,76,15,-1,-8,-5,27,42,-21,67,15,12,-11,3,26,-17,-36,72,23,13
68.8200,-14,-3,27,-10,-45,79,31,16,-18,16,36,-11,-27,60,19,11,-21,12,36,-4,-43,72,30,17,-21,17,31,-11,-36,60,3,6,-37,7,33,-12,-41,69,27,14,-3,23,29,-10,-34,74,18,0,-14,-6,23,37,-30,69,22,7,-13,-2,32,-17,-38,71,27,10
68.8400,-22,-3,26,-16,-43,76,32,15,-18,15,36,-14,-31,57,18,13,-22,15,32,-7,-40,69,31,22,-14,15,32,-10,-38,60,5,12,-41,1,30,-9,-43,67,27,12,2,28,36,-10,-39,83,23,-1,-10,8,36,36,-47,74,25,8,-15,9,30,-16,-40,71,29,5
68.8600,-19,-1,32,-9,-37,75,37,16,-18,15,31,-13,-27,59,16,5,-29,13,33,-12,-42,72,31,21,-16,12,31,-9,-35,64,7,5,-38,3,31,-15,-39,67,24,12,-3,29,35,-10,-32,74,13,4,-14,6,34,35,-35,70,25,8,-18,3,29,-14,-39,75,25,8
68.8800,-17,-3,32,-9,-43,79,33,9,-13,16,36,-11,-27,58,17,5,-26,8,33,-10,-40,72,27,19,-21,12,34,-4,-43,62,7,9,-40,0,30,-11,-37,74,28,17,-3,26,30,-9,-35,81,17,3,-12,6,26,41,-33,67,20,15,-8,5,34,-13,-37,71,25,9
68.9000,-19,-1,27,-7,-44,79,37,15,-17,9,35,-12,-23,57,17,12,-24,14,37,-5,-38,70,33,18,-19,10,37,-14,-37,67,5,5,-39,4,35,-12,-35,71,26,17,0,29,32,-10,-31,73,18,1,-12,1,34,33,-36,74,19,12,-20,10,27,-12,-38,75,29,10
68.9200,-19,3,33,-13,-43,77,31,13,-21,13,31,-12,-23,64,16,3,-28,6,30,-10,-39,69,39,22,-19,15,34,-6,-38,62,3,9,-46,9,30,-3,-31,75,25,14,-4,23,35,-9,-29,72,16,-1,-19,9,40,29,-50,79,24,3,-17,2,27,-12,-36,77,24,6
68.9400,-21,3,34,-13,-42,73,33,10,-13,17,35,-7,-26,62,14,10,-22,7,29,-11,-34,66,37,22,-11,9,34,-9,-40,62,7,8,-39,7,32,-13,-40,71,24,14,1,31,30,-8,-31,72,20,1,-10,3,30,34,-32,73,19,13,-15,7,31,-17,-39,72,22,7
68.9600,-16,1,29,-11,-41,70,33,10,-16,15,32,-11,-21,60,16,2,-33,11,28,-9,-43,67,29,21,-17,16,30,-14,-43,64,4,7,-45,4,33,-11,-35,75,25,16,0,28,29,-9,-30,72,16,-4,-12,0,31,40,-32,66,18,13,-15,4,31,-5,-40,75,19,6
68.9800,-20,4,33,-11,-44,75,36,11,-13,13,28,-9,-26,60,13,7,-27,8,25,-10,-39,68,34,19,-17,10,27,-9,-35,57,3,7,-41,7,36,-10,-35,78,20,15,-3,26,27,-14,-34,77,15,-2,-11,2,28,36,-30,69,13,11,-19,3,30,-14,-36,75,21,8
69.0000,-18,0,31,-9,-42,76,37,10,-17,8,25,-6,-22,63,8,11,-24,5,33,-9,-38,73,36,14,-14,11,30,-9,-33,56,6,8,-38,13,27,-9,-33,70,26,13,0,29,32,-8,-35,72,12,-3,-20,2,29,32,-45,81,25,10,-16,5,29,-15,-41,76,23,4
69.0200,-19,2,28,-8,-43,81,30,10,-18,9,32,-10,-25,57,13,6,-26,9,32,-11,-42,70,34,23,-14,17,35,-10,-42,57,9,7,-43,8,33,-7,-37,65,23,14,3,28,33,-10,-36,74,12,-3,-12,-1,27,34,-38,68,19,14,-17,12,28,-15,-42,71,24,7
69.0400,-20,1,30,-15,-38,78,33,10,-20,12,33,-9,-23,60,15,2,-29,13,34,-12,-42,70,37,22,-15,8,31,-9,-34,55,5,9,-38,8,30,-12,-42,75,17,17,-1,29,36,-12,-38,78,18,0,-9,1,35,42,-30,74,24,11,-16,7,31,-13,-42,71,25,10
69.0600,-19,1,28,-18,-43,75,34,16,-23,14,31,-14,-24,59,15,6,-25,10,32,-9,-38,69,34,20,-21,8,32,-10,-35,64,3,11,-36,13,33,-17,-36,74,27,13,-1,33,37,-9,-37,71,7,0,-13,5,33,32,-40,70,20,12,-18,5,33,-16,-40,70,24,8
69.0800,-21,8,29,-10,-42,78,32,13,-22,8,32,-10,-25,58,13,3,-28,9,31,-8,-38,68,41,19,-15,3,30,-9,-38,57,4,5,-34,11,31,-14,-39,74,24,15,0,32,31,-12,-36,77,8,4,-15,1,36,30,-41,72,29,12,-20,12,32,-19,-40,69,31,8
69.1000,-17,8,33,-11,-43,76,30,15,-23,16,25,-13,-33,59,19,5,-26,7,30,-9,-38,72,37,15,-15,7,31,-12,-38,57,8,9,-35,7,23,-11,-35,73,26,13,5,35,37,-9,-38,70,17,4,-13,-1,29,30,-42,76,24,14,-18,5,30,-15,-41,74,29,9
69.1200,-14,0,25,-15,-36,74,37,14,-20,14,28,-17,-27,62,15,4,-28,13,31,-9,-38,66,36,18,-18,12,31,-11,-37,61,4,3,-29,4,28,-7,-35,74,25,17,3,24,34,-12,-39,72,16,1,-10,1,35,28,-36,69,25,12,-18,3,33,-17,-38,73,25,13
69.1400,-17,0,32,-15,-38,78,40,15,-18,18,31,-13,-27,64,17,6,-31,9,32,-11,-37,70,36,18,-18,7,29,-10,-38,58,3,4,-43,9,28,-10,-37,75,21,10,0,29,35,-8,-38,75,14,0,-17,4,33,32,-38,70,25,9,-16,-3,25,-21,-34,74,27,12
69.1600,-19,0,31,-9,-42,81,38,16,-19,15,35,-16,-31,60,9,4,-24,7,28,-6,-31,66,30,21,-15,7,30,-11,-33,62,9,7,-42,12,30,-14,-37,76,26,14,-6,25,32,-10,-38,78,9,1,-16,2,36,31,-48,75,28,9,-15,7,28,-20,-34,71,27,5
69.1800,-16,3,36,-12,-39,76,36,20,-19,12,29,-13,-33,55,18,9,-28,9,31,-10,-37,71,34,24,-14,14,28,-15,-40,61,4,1,-39,9,34,-10,-33,72,26,11,1,26,32,-10,-38,76,7,4,-14,1,36,27,-41,79,26,4,-19,6,29,-13,-36,69,29,9
69.2000,-19,8,29,-18,-39,78,32,11,-16,19,34,-19,-28,59,15,6,-32,10,33,-7,-32,66,30,21,-13,7,27,-10,-40,63,4,9,-42,11,24,-11,-31,69,19,10,2,26,29,-11,-34,73,13,-1,-17,3,31,35,-30,77,19,10,-12,9,30,-24,-37,70,26,8
69.2200,-21,10,30,-13,-44,80,35,15,-16,13,29,-9,-25,61,18,6,-30,11,32,-10,-36,72,35,18,-16,8,29,-9,-34,60,7,9,-41,5,34,-9,-35,73,23,15,1,26,25,-8,-33,77,15,3,-13,3,31,34,-35,73,25,7,-19,8,30,-17,-42,73,22,12
69.2400,-22,3,33,-7,-38,74,31,16,-19,14,33,-11,-25,58,17,9,-24,2,24,0,-30,67,34,23,-14,12,24,-9,-40,58,8,6,-40,6,30,-12,-34,67,27,15,4,26,32,-10,-40,73,15,2,-12,-3,21,42,-30,73,15,13,-13,7,32,-18,-45,74,20,10
69.2600,-18,2,36,-12,-42,77,37,13,-22,17,31,-13,-27,60,18,4,-27,8,33,-11,-38,68,34,21,-14,15,27,-10,-33,60,10,5,-39,6,32,-14,-42,70,25,8,-3,21,34,-12,-38,74,20,3,-16,-2,33,34,-38,74,26,7,-8,11,33,-20,-39,78,28,6
69.2800,-19,2,35,-11,-37,75,34,15,-22,9,32,-14,-25,58,15,9,-30,10,30,-11,-36,74,31,23,-15,8,30,-10,-36,64,8,5,-42,3,30,-9,-37,71,27,17,-5,26,33,-10,-38,73,23,4,-8,1,29,33,-33,75,21,10,-21,5,29,-20,-37,74,27,11
69.3000,-21,5,29,-11,-37,74,37,10,-16,9,36,-14,-26,59,17,3,-26,8,31,-10,-34,68,31,18,-12,8,26,-10,-36,59,8,16,-38,4,32,-7,-37,67,25,8,-6,19,32,-9,-38,74,20,0,-13,-2,23,39,-26,72,22,15,-17,3,33,-16,-40,71,26,9
69.3200,-19,-2,32,-8,-49,80,38,10,-19,16,31,-12,-20,58,14,9,-32,10,25,-6,-35,72,28,17,-17,13,30,-9,-35,62,6,9,-37,4,33,-5,-36,66,21,15,2,29,33,-10,-32,73,19,-2,-8,-4,28,34,-29,72,20,17,-25,6,32,-14,-34,71,25,6
69.3400,-21,1,29,-6,-46,80,36,14,-12,10,34,-10,-27,61,17,5,-34,4,30,-4,-29,72,28,23,-18,17,29,-11,-35,63,2,9,-38,8,30,-11,-36,72,33,9,1,30,34,-4,-38,80,18,-4,-17,8,38,33,-51,81,27,4,-18,5,37,-12,-41,73,26,10
69.3600,-15,2,29,-14,-43,79,36,10,-17,8,31,-7,-22,63,15,6,-36,9,34,-10,-32,72,28,20,-17,7,29,-15,-36,63,2,5,-41,8,29,-11,-38,66,23,11,1,30,34,-9,-38,78,21,-1,-15,5,33,31,-50,82,25,0,-13,6,28,-18,-34,74,22,12
69.3800,-16,-2,28,-11,-41,77,34,15,-16,9,36,-7,-30,65,14,7,-29,8,30,-12,-26,68,29,26,-13,15,34,-6,-39,54,8,12,-41,6,30,-10,-38,67,26,11,-6,25,30,-11,-37,77,16,5,-16,6,31,34,-38,73,23,11,-17,6,31,-15,-32,70,22,7
69.4000,-22,-2,30,-10,-40,81,33,17,-18,14,38,-7,-25,58,21,3,-30,7,33,-10,-39,68,31,22,-14,13,31,-9,-42,62,8,8,-42,8,35,-8,-42,66,27,12,2,29,33,-6,-34,79,18,-1,-7,3,30,37,-29,76,19,14,-15,4,33,-16,-31,74,28,4
69.4200,-22,-1,23,-12,-42,78,38,11,-14,15,32,-3,-24,62,12,3,-26,15,32,-10,-40,70,31,25,-8,8,39,-11,-36,60,3,7,-37,10,30,-10,-41,69,22,13,1,25,36,-10,-33,76,19,-3,-9,2,29,39,-36,67,17,11,-15,4,36,-16,-36,76,25,9
69.4400,-20,-3,30,-11,-40,73,33,16,-13,8,30,-7,-21,60,17,7,-33,9,35,-13,-42,77,28,22,-15,9,35,-9,-33,55,6,10,-45,3,31,-10,-37,69,28,14,1,32,27,-11,-33,73,12,-1,-10,-3,32,40,-38,66,19,14,-17,-1,27,-16,-36,80,25,8
69.4600,-22,4,35,-11,-43,80,39,14,-14,10,25,-3,-24,59,18,6,-27,10,30,-11,-35,68,28,22,-16,15,31,-12,-36,58,9,3,-41,14,35,-9,-37,75,19,13,0,29,31,-8,-25,73,17,-1,-13,5,33,37,-34,70,18,10,-16,8,32,-16,-37,72,25,5
69.4800,-22,-2,31,-7,-41,73,34,14,-18,10,31,-3,-24,62,15,8,-25,3,35,-5,-29,71,27,21,-13,14,32,-7,-35,56,12,8,-40,6,36,-11,-35,68,25,13,0,27,29,-6,-33,76,18,-2,-7,1,30,31,-45,75,26,8,-15,4,28,-17,-33,71,22,11
69.5000,-25,5,28,-14,-39,77,41,18,-21,13,31,-12,-26,65,11,8,-35,8,34,-11,-41,72,28,22,-10,10,29,-6,-34,59,3,9,-34,7,30,-7,-31,70,22,14,6,27,32,-11,-33,80,16,-3,-20,8,41,30,-48,76,29,7,-11,4,34,-17,-37,73,17,14
69.5200,-12,1,28,-14,-41,75,32,17,-22,10,33,-8,-27,63,12,9,-34,13,36,-17,-49,72,35,13,-11,9,31,-9,-35,59,7,6,-35,9,30,-9,-34,69,23,10,7,26,33,-8,-33,74,17,4,-11,1,31,35,-43,76,27,9,-18,2,28,-15,-33,76,26,12
69.5400,-17,0,33,-11,-40,76,39,9,-19,7,32,-13,-22,66,15,9,-28,8,33,-10,-43,72,36,27,-18,7,28,-9,-32,54,5,6,-40,9,36,-6,-41,75,26,11,3,26,31,-10,-29,78,12,-3,-7,2,27,43,-25,72,25,12,-14,5,31,-12,-37,74,25,11
69.5600,-18,-2,30,-14,-41,80,37,6,-14,16,35,-9,-29,64,13,8,-29,11,28,-10,-37,65,31,19,-16,13,32,-6,-36,58,10,5,-38,5,36,-14,-35,73,28,13,-1,26,32,-12,-33,73,14,-1,-8,-7,21,44,-31,68,16,15,-11,-3,33,-18,-33,75,19,8
69.5800,-18,2,36,-12,-43,77,35,13,-19,11,28,-6,-21,62,15,11,-28,8,34,-8,-34,68,33,23,-13,14,29,-14,-37,61,6,10,-38,9,31,-15,-33,71,27,13,1,28,32,-11,-40,71,16,5,-14,4,34,34,-52,76,26,13,-15,3,30,-18,-36,74,21,7
69.6000,-17,0,34,-11,-43,76,39,12,-16,17,30,-10,-24,69,15,11,-33,12,35,-5,-42,66,34,21,-16,8,31,-6,-30,60,12,6,-42,11,31,-12,-31,71,27,6,3,30,35,-13,-32,80,13,0,-16,-1,28,35,-41,76,20,10,-10,4,33,-18,-42,73,29,12
69.6200,-19,2,30,-17,-42,73,38,12,-16,13,32,-10,-30,64,14,9,-29,12,27,-10,-39,69,38,25,-11,10,32,-7,-41,56,4,5,-35,2,37,-12,-38,68,34,12,4,28,27,-11,-37,72,19,0,-10,0,31,37,-40,75,31,9,-17,0,23,-20,-38,73,26,11
69.6400,-19,2,32,-15,-43,84,36,15,-17,12,30,-12,-21,61,17,8,-23,6,35,-11,-40,65,31,22,-14,8,29,-4,-43,62,4,7,-42,4,29,-6,-35,73,23,14,0,28,26,-5,-39,75,16,2,-5,2,30,35,-38,76,31,10,-14,1,28,-11,-38,74,19,11
69.6600,-15,1,30,-7,-42,74,35,20,-18,12,33,-16,-22,65,12,7,-24,9,34,-6,-40,70,32,23,-20,17,28,-11,-43,58,9,4,-40,5,39,-5,-38,64,29,13,1,21,32,-16,-38,77,15,1,-13,5,32,40,-36,69,24,8,-16,4,31,-7,-35,74,26,14
69.6800,-16,-3,36,-12,-38,72,38,15,-14,13,31,-12,-25,59,14,9,-18,10,32,-9,-38,67,37,26,-13,14,35,-14,-38,59,10,5,-40,6,32,-6,-39,67,27,18,-1,31,30,-13,-42,76,8,1,-13,2,31,33,-34,72,20,8,-14,-2,27,-17,-38,74,23,9
69.7000,-13,0,32,-13,-42,73,36,14,-15,12,33,-14,-25,63,18,7,-27,9,31,-7,-40,67,33,24,-13,11,37,-9,-37,66,1,3,-41,11,31,-9,-39,76,28,14,-4,31,30,-12,-35,69,17,1,-9,-2,26,40,-30,70,19,9,-17,-2,38,-16,-42,70,26,10
69.7200,-19,5,35,-12,-41,75,41,17,-19,8,33,-10,-26,65,15,4,-29,8,28,-3,-40,69,34,26,-15,12,28,-8,-35,56,7,10,-37,7,25,-10,-34,71,24,18,2,27,31,-11,-34,72,13,0,-8,-1,31,38,-30,72,18,14,-9,2,34,-19,-39,74,28,5
69.7400,-19,0,28,-10,-45,78,33,17,-20,8,30,-8,-31,60,21,6,-26,11,31,-7,-35,68,35,20,-16,10,25,-6,-34,59,5,5,-46,4,27,-6,-36,71,26,13,-1,27,31,-10,-37,74,15,0,-17,3,28,35,-47,81,28,14,-13,6,38,-15,-34,70,22,8
69.7600,-19,4,33,-11,-44,77,39,14,-26,8,37,-11,-27,59,18,8,-24,11,33,-5,-43,73,37,22,-16,9,31,-12,-42,62,3,7,-43,3,32,-7,-36,75,26,16,3,21,28,-6,-31,75,22,1,-15,6,33,37,-35,72,29,9,-11,6,32,-19,-38,77,26,9
69.7800,-20,3,33,-17,-46,80,40,8,-21,13,32,-7,-25,68,17,9,-29,3,28,-7,-32,68,32,24,-16,10,32,-14,-35,62,5,2,-42,9,24,-6,-40,70,21,9,5,27,29,-10,-28,73,19,-4,-7,6,28,36,-24,68,28,13,-12,6,32,-15,-40,78,24,9
69.8000,-17,3,29,-10,-43,87,41,16,-21,14,26,-7,-24,62,19,7,-27,8,34,-5,-37,70,36,17,-13,15,28,-8,-26,57,8,10,-44,7,32,-12,-44,69,24,14,0,25,39,-13,-24,75,22,-2,-16,2,30,35,-33,71,19,8,-17,2,28,-14,-35,70,23,12
69.8200,-15,-2,37,-9,-38,71,37,20,-17,10,33,-1,-26,61,24,13,-26,5,29,-5,-35,63,37,22,-17,13,30,-6,-38,65,8,11,-41,5,29,-7,-36,70,24,13,0,31,30,-13,-34,76,15,-2,-13,4,29,33,-41,76,23,7,-17,4,28,-16,-32,73,25,9
69.8400,-25,-4,26,-8,-42,79,35,16,-21,1,30,-7,-30,56,19,7,-27,5,33,-12,-28,71,39,24,-17,15,30,-15,-33,64,0,14,-36,3,32,-10,-40,75,23,13,-1,27,33,-11,-41,71,18,0,-18,5,30,32,-35,76,15,7,-16,5,30,-14,-35,71,29,12
69.8600,-18,4,27,-14,-40,83,36,16,-18,8,26,-5,-29,60,17,8,-25,9,32,-9,-34,68,26,19,-13,17,29,-10,-35,61,-1,15,-41,6,25,-6,-40,76,23,14,-1,37,32,-7,-32,70,18,-5,-16,5,30,34,-36,74,25,15,-16,7,33,-12,-32,73,29,2
69.8800,-21,3,27,-10,-39,76,43,21,-14,5,31,-8,-24,65,23,4,-25,14,35,-12,-32,72,30,22,-21,18,35,-15,-38,63,10,11,-38,4,29,-14,-46,73,23,14,-1,32,41,-13,-35,75,17,2,-12,7,30,37,-37,76,27,14,-16,2,33,-13,-38,76,30,11
69.9000,-18,-2,32,-14,-39,83,37,12,-20,9,32,-4,-25,56,16,10,-27,11,34,-2,-29,75,33,27,-18,11,28,-8,-36,69,4,15,-39,5,34,-11,-50,72,25,11,3,33,32,-12,-36,76,16,-3,-20,6,26,37,-32,79,21,11,-14,6,27,-14,-33,72,23,6
69.9200,-16,4,31,-8,-47,85,39,13,-15,9,34,-5,-27,59,18,6,-30,13,28,-8,-30,66,34,19,-19,8,31,-5,-38,65,7,12,-42,2,36,-7,-42,71,25,11,6,31,32,-9,-38,77,21,3,-18,7,27,39,-47,78,23,9,-15,8,33,-16,-37,72,24,7
69.9400,-22,4,30,-10,-45,82,41,12,-19,8,36,-11,-24,58,19,8,-32,12,33,-10,-32,70,31,21,-17,7,30,-9,-33,61,2,15,-41,6,34,-9,-38,68,30,13,1,36,30,-13,-35,75,20,2,-15,4,34,34,-27,78,16,10,-19,1,32,-14,-41,75,29,4
69.9600,-18,-1,27,-14,-43,82,38,10,-17,11,33,-9,-24,59,16,4,-26,8,33,-5,-32,73,30,20,-13,8,34,-2,-36,62,4,12,-40,7,34,-9,-34,70,32,14,3,37,28,-14,-37,79,17,-6,-14,2,31,28,-36,79,30,9,-16,6,31,-15,-34,77,28,10
69.9800,-19,-6,28,-13,-40,82,41,19,-18,8,33,-13,-27,65,21,3,-32,6,29,-10,-33,73,33,15,-15,13,37,-8,-42,65,2,10,-42,3,29,-6,-44,67,27,13,10,31,32,-8,-40,79,23,-1,-22,6,35,26,-38,82,25,8,-16,7,30,-10,-38,82,31,12
70.0000,-22,-3,34,-12,-40,76,37,17,-18,6,29,-7,-26,64,16,6,-34,11,30,-7,-37,68,34,17,-15,9,31,-6,-43,63,11,6,-42,5,33,-11,-40,69,26,10,0,30,31,-11,-36,84,20,-3,-12,6,32,31,-38,78,24,10,-18,2,30,-12,-37,76,29,8
70.0200,-22,0,36,-7,-39,78,39,16,-18,10,28,-13,-23,62,18,3,-32,6,30,-14,-35,72,33,20,-10,10,33,-4,-40,59,6,10,-43,6,28,-6,-37,71,25,13,6,30,35,-13,-36,80,17,-2,-15,0,32,37,-27,75,18,10,-16,1,30,-14,-36,87,31,8
70.0400,-21,-1,26,-7,-40,82,37,10,-20,6,32,-11,-25,69,16,4,-33,9,31,-12,-38,69,39,24,-13,10,28,-9,-38,63,8,6,-42,8,28,-4,-39,65,22,12,1,30,26,-8,-36,83,17,0,-19,8,26,38,-39,81,23,15,-17,6,34,-12,-37,77,22,4
70.0600,-18,-2,28,-8,-42,80,40,15,-22,12,26,-14,-26,66,16,7,-30,14,33,-13,-38,69,37,19,-13,9,29,-10,-39,62,14,5,-40,4,29,-10,-36,69,26,11,3,28,32,-5,-34,75,16,1,-17,2,35,32,-40,84,23,15,-16,5,32,-15,-45,78,28,10
70.0800,-22,-5,31,-14,-49,79,42,14,-15,12,32,-11,-19,65,14,2,-32,6,32,-12,-40,75,31,24,-14,12,35,-9,-41,62,9,10,-40,9,29,-8,-44,72,24,8,5,33,39,-8,-35,78,12,-5,-14,3,36,34,-46,83,26,8,-18,6,31,-17,-40,77,26,9
70.1000,-22,1,28,-9,-43,80,41,17,-16,13,29,-10,-22,67,18,8,-31,7,29,-13,-32,74,32,23,-6,13,31,-9,-37,62,12,2,-46,6,30,-6,-43,69,35,11,2,33,29,-10,-34,79,20,0,-17,9,38,31,-56,88,34,12,-16,5,33,-19,-43,76,20,8
70.1200,-23,4,32,-11,-40,81,48,11,-16,11,32,-13,-22,68,18,2,-37,9,31,-10,-38,67,35,25,-10,5,27,-5,-42,61,13,11,-38,7,31,-16,-40,70,25,10,4,33,29,-11,-35,81,13,0,-14,0,32,38,-41,77,31,14,-17,0,25,-17,-44,78,29,7
70.1400,-17,1,36,-12,-47,82,41,13,-19,14,31,-9,-23,69,16,4,-36,7,27,-9,-32,66,35,24,-8,5,35,-3,-40,62,14,11,-42,6,32,-16,-39,75,28,14,5,28,29,-11,-30,80,18,1,-9,2,28,41,-36,78,29,18,-18,4,29,-17,-44,77,33,9
70.1600,-17,4,37,-15,-45,81,38,15,-21,16,29,-6,-20,72,13,3,-30,10,31,-2,-32,67,43,22,-14,10,34,-4,-39,54,10,2,-43,9,28,-10,-32,78,26,10,-2,39,34,-9,-37,85,17,-1,-6,-6,29,42,-33,73,20,18,-21,5,32,-17,-45,78,30,10
70.1800,-22,4,35,-12,-41,79,39,17,-13,13,31,-11,-22,66,13,7,-30,9,29,-13,-32,65,37,23,-16,14,40,-5,-42,58,9,8,-45,5,34,-13,-39,73,20,7,-1,26,37,-12,-33,82,17,-1,-17,2,28,38,-50,77,34,9,-17,4,33,-17,-36,75,26,11
70.2000,-20,0,34,-15,-40,79,41,11,-15,11,29,-13,-25,67,16,5,-38,4,33,-7,-37,68,37,27,-14,8,33,-11,-42,60,8,9,-42,11,35,-11,-34,73,23,9,-2,34,43,-12,-39,78,24,4,-14,-1,38,25,-50,78,27,8,-14,3,32,-13,-33,72,24,8
70.2200,-21,-1,27,-12,-45,83,37,14,-23,16,28,-13,-25,67,13,0,-30,8,32,-7,-37,73,38,28,-14,13,30,-7,-33,55,5,2,-37,10,33,-14,-35,78,27,8,3,27,37,-7,-38,74,21,1,-13,0,32,35,-39,74,32,8,-15,4,36,-18,-35,74,24,8
70.2400,-20,-4,34,-15,-43,85,39,16,-27,16,31,-12,-29,65,13,1,-32,6,31,-6,-35,69,37,25,-9,5,29,-9,-35,54,9,6,-42,7,33,-8,-35,77,24,10,4,29,34,-8,-36,75,17,4,0,2,33,30,-35,73,22,11,-17,3,32,-17,-34,72,29,5
70.2600,-24,0,34,-16,-37,84,37,19,-21,15,33,-13,-26,67,17,8,-22,12,36,-8,-32,67,40,23,-17,12,33,-6,-33,62,11,6,-44,12,37,-11,-33,77,28,11,1,27,37,-4,-31,70,17,6,-14,4,35,32,-43,74,35,4,-21,8,34,-15,-35,73,30,16
70.2800,-16,9,36,-12,-42,81,39,10,-22,7,29,-13,-27,71,24,2,-28,4,26,-5,-33,68,41,23,-11,10,32,-10,-35,59,11,6,-35,12,38,-11,-31,78,28,12,1,28,36,-8,-30,78,21,3,-11,1,29,29,-38,72,21,7,-17,3,34,-15,-32,74,26,13
70.3000,-20,5,32,-13,-42,82,39,12,-25,10,36,-13,-30,67,19,8,-28,0,31,-8,-29,69,40,23,-19,9,35,-9,-36,63,12,-2,-38,8,33,-9,-35,71,22,14,1,30,32,-9,-36,72,15,2,-19,1,23,34,-29,68,21,10,-16,1,30,-14,-34,75,22,11
70.3200,-16,4,40,-11,-39,80,39,15,-18,11,30,-7,-28,67,25,12,-31,4,34,-3,-36,67,37,27,-15,18,34,-8,-30,61,1,8,-37,9,27,-11,-33,76,23,11,5,38,30,-12,-29,76,11,-3,-20,6,30,29,-41,73,27,12,-8,9,34,-19,-35,77,28,11
70.3400,-21,1,32,-8,-45,84,42,16,-22,14,27,-10,-28,64,25,7,-31,5,34,-8,-28,68,41,22,-14,14,36,-8,-38,61,9,3,-47,7,33,-12,-35,77,21,10,3,29,32,-9,-41,75,25,1,-14,0,34,33,-44,75,26,4,-19,5,31,-14,-36,69,30,7
70.3600,-17,0,32,-17,-47,88,42,10,-19,7,30,-13,-25,61,19,7,-25,5,33,-2,-29,72,30,21,-14,19,32,-13,-34,62,8,3,-52,11,30,-8,-37,75,22,10,4,32,29,-9,-35,71,24,1,-11,2,33,33,-46,78,33,7,-16,6,31,-16,-36,72,30,7
70.3800,-20,4,36,-8,-49,86,43,20,-23,8,28,-11,-26,63,11,10,-21,2,28,-2,-26,65,43,22,-13,14,29,-6,-35,65,5,2,-42,5,30,-9,-41,75,31,15,1,33,30,-5,-35,73,21,6,-15,3,30,35,-29,74,27,5,-18,3,31,-15,-38,71,27,11
70.4000,-16,1,31,-13,-41,83,39,14,-19,7,29,-10,-31,69,11,10,-30,7,28,-6,-27,70,39,19,-17,9,26,-8,-30,66,1,6,-39,4,36,-9,-34,71,21,13,3,35,32,-8,-31,74,19,2,-6,4,30,32,-27,75,25,13,-18,5,29,-16,-36,76,28,6
70.4200,-17,1,26,-11,-29,80,31,22,-18,7,33,-7,-27,61,19,4,-28,8,33,-3,-33,73,33,19,-11,12,30,-8,-32,63,4,10,-48,10,26,-10,-31,71,22,15,1,35,29,-5,-34,73,20,-4,-10,3,27,38,-31,78,24,4,-14,2,37,-16,-40,75,25,4
70.4400,-18,1,31,-10,-47,82,37,14,-15,6,31,-8,-25,63,19,7,-24,2,32,-5,-25,79,35,18,-18,11,32,-9,-27,62,5,6,-50,5,33,-11,-37,69,23,18,-2,31,27,-7,-39,74,18,0,-19,5,28,42,-33,77,30,11,-19,3,31,-14,-39,78,30,10
70.4600,-20,6,32,-9,-45,82,40,16,-20,1,31,-6,-23,63,20,10,-30,6,32,-8,-30,68,36,23,-11,13,23,-4,-33,63,-2,15,-41,1,32,-5,-35,70,24,15,1,33,35,-8,-37,73,22,1,-13,4,27,33,-29,73,24,7,-18,5,30,-14,-38,76,25,9
70.4800,-17,0,38,-9,-43,86,40,11,-19,3,35,-9,-24,64,20,8,-31,9,36,-2,-30,75,34,21,-18,15,29,-4,-26,63,3,7,-47,1,27,-4,-39,71,25,14,0,31,27,-11,-34,72,17,-1,-10,1,23,40,-28,74,25,13,-13,5,28,-16,-40,82,24,7
70.5000,-19,-2,25,-17,-43,79,43,16,-18,1,38,-8,-26,66,19,9,-29,13,36,-9,-32,71,43,18,-12,15,33,-2,-37,57,-2,14,-40,-2,31,-2,-30,68,21,16,3,31,26,-5,-32,79,19,7,-9,1,29,38,-37,76,22,6,-19,4,32,-15,-35,75,24,10
70.5200,-18,2,28,-6,-41,81,37,18,-16,-1,28,-4,-24,57,19,7,-28,8,32,-19,-26,77,31,20,-19,11,31,-6,-35,58,8,14,-44,5,31,-5,-35,67,20,13,1,30,30,-9,-32,78,17,0,-19,7,29,36,-43,79,24,5,-17,8,29,-14,-34,80,24,10
70.5400,-19,2,31,-10,-43,81,36,17,-17,0,33,-10,-26,63,22,12,-26,0,33,-5,-32,74,40,18,-14,12,31,-5,-35,64,2,8,-49,4,28,-4,-39,72,24,14,2,34,30,-5,-32,77,17,-4,-12,9,22,36,-36,82,25,9,-12,4,23,-13,-37,77,31,13
70.5600,-24,-5,35,-11,-48,88,40,17,-20,7,39,-9,-32,73,18,4,-28,7,32,-7,-26,72,35,23,-12,13,29,-9,-42,64,5,8,-38,1,32,-3,-37,70,22,12,11,28,30,-11,-31,76,21,3,-11,0,28,34,-42,80,27,14,-21,9,33,-15,-36,79,26,8
70.5800,-22,4,26,-10,-52,83,41,19,-13,12,32,-7,-28,69,21,5,-23,6,27,-10,-33,74,31,21,-16,12,33,-8,-40,63,12,9,-42,2,26,-5,-35,66,24,9,5,31,34,-7,-31,73,16,-3,-16,9,32,26,-44,88,29,8,-16,9,28,-12,-36,81,23,9
70.6000,-17,3,28,-2,-38,87,42,20,-14,7,30,-8,-28,66,21,3,-31,3,33,-7,-33,68,38,18,-17,10,36,-11,-43,62,8,7,-40,2,29,-7,-35,66,20,12,0,36,28,-10,-32,73,20,-2,-9,7,31,33,-43,82,24,3,-11,1,33,-9,-35,81,28,9
70.6200,-16,1,27,-8,-41,81,37,17,-14,8,33,-9,-24,70,23,3,-30,10,31,-13,-30,74,34,22,-16,8,36,-2,-39,68,14,16,-39,3,28,-10,-39,70,22,11,-2,36,27,-7,-35,73,15,-5,-13,5,27,36,-34,83,25,11,-15,6,31,-14,-36,83,29,10
70.6400,-18,6,34,-16,-41,83,43,18,-15,11,34,-13,-32,68,24,7,-31,4,37,-11,-34,77,40,22,-16,7,35,-7,-42,55,4,12,-38,4,34,-6,-35,72,20,12,7,37,36,-5,-32,78,19,-1,-14,2,27,39,-29,79,25,15,-15,7,32,-13,-39,80,29,11
70.6600,-19,1,32,-13,-50,86,42,13,-17,8,36,-10,-22,70,18,1,-35,8,35,-13,-38,63,34,16,-16,6,34,-4,-35,61,16,11,-42,2,32,-6,-29,73,27,9,-2,36,27,-2,-36,78,15,-2,-16,1,30,34,-41,75,26,11,-13,7,35,-15,-40,81,27,10
70.6800,-19,1,34,-9,-46,81,50,15,-13,7,27,-16,-26,68,19,2,-30,11,27,-12,-36,69,34,24,-22,9,33,-4,-35,58,7,10,-42,5,35,-5,-34,73,26,12,-2,39,28,-7,-32,77,15,0,-11,-3,25,36,-37,75,21,17,-17,-1,32,-14,-37,71,31,8
70.7000,-20,2,30,-13,-43,78,43,15,-14,14,31,-13,-22,65,21,7,-34,8,33,-13,-33,65,38,26,-11,11,27,-5,-38,60,9,13,-43,3,29,-8,-34,74,22,8,1,38,31,-12,-33,77,16,-6,-19,4,26,40,-40,79,24,10,-16,6,35,-17,-44,82,30,7
70.7200,-21,1,35,-8,-42,80,40,15,-13,11,36,-19,-28,68,14,3,-31,8,30,-15,-31,69,43,21,-7,9,35,-11,-38,62,6,8,-44,7,32,-12,-36,76,27,10,4,35,31,-6,-34,78,9,1,-18,3,33,39,-41,74,27,12,-14,7,38,-18,-44,80,35,5
70.7400,-18,2,33,-16,-44,85,43,15,-14,13,34,-14,-31,74,13,6,-30,10,27,-9,-31,68,42,20,-12,9,34,-10,-41,58,10,5,-42,3,27,-11,-42,72,24,5,1,31,31,-7,-43,79,12,-3,-23,4,32,34,-51,76,32,4,-17,5,26,-17,-35,74,26,8
70.7600,-17,3,30,-15,-41,79,42,16,-16,12,30,-18,-29,68,20,6,-34,8,25,-7,-28,69,40,21,-7,11,32,-12,-42,58,7,5,-44,11,28,-7,-38,74,24,13,-1,39,35,-5,-37,79,16,-5,-7,-5,30,41,-30,78,25,15,-22,12,35,-25,-45,79,30,3
70.7800,-29,3,29,-14,-39,82,41,13,-16,17,31,-13,-29,67,14,3,-31,11,32,-8,-28,74,38,17,-7,5,34,-12,-36,58,12,1,-41,9,28,-8,-35,70,27,9,-1,41,29,-7,-31,76,17,3,-16,-1,27,42,-46,74,27,10,-18,9,40,-13,-47,82,30,7
70.8000,-14,2,30,-8,-42,83,42,15,-16,9,32,-11,-25,63,17,4,-30,9,33,-4,-34,66,39,20,-8,4,34,-8,-30,55,6,5,-40,11,34,-4,-34,74,18,16,-2,36,36,1,-38,80,18,2,-16,0,30,35,-38,78,29,7,-17,1,34,-15,-36,73,33,7
70.8200,-20,4,36,-9,-38,83,39,17,-18,12,29,-10,-26,60,17,12,-30,4,34,-9,-35,69,40,19,-8,4,32,-10,-39,62,11,2,-41,9,31,-10,-34,80,20,10,0,32,34,-4,-42,74,18,5,-20,-5,33,32,-40,76,31,7,-15,7,25,-11,-36,76,30,5
70.8400,-14,4,33,-10,-39,85,42,16,-25,8,31,-14,-25,66,21,8,-36,9,24,-3,-27,72,42,18,-8,14,32,-10,-40,59,10,3,-43,9,32,-7,-36,76,23,10,-6,36,34,-10,-39,76,15,2,-13,-3,34,36,-34,73,23,11,-16,7,27,-13,-38,73,31,3
70.8600,-24,2,34,-10,-42,86,39,18,-13,10,27,-18,-23,67,21,10,-27,2,29,-7,-29,72,40,23,-13,16,32,-14,-40,63,9,-1,-44,8,29,-7,-31,74,32,15,-2,32,32,-4,-32,75,18,9,-14,-7,31,38,-34,73,32,7,-16,9,26,-13,-40,77,31,-2
70.8800,-19,2,32,-6,-42,84,41,18,-22,13,28,-10,-31,64,15,9,-33,6,34,-5,-32,71,42,18,-14,10,37,-11,-39,63,10,1,-42,5,26,-10,-39,70,20,15,0,34,38,-4,-34,75,19,3,-16,0,30,28,-42,79,31,9,-15,9,33,-14,-38,74,30,8
70.9000,-20,-1,31,-7,-46,87,43,16,-24,11,32,-12,-28,69,18,3,-37,8,29,-7,-33,73,37,17,-7,10,32,-11,-38,63,4,6,-48,8,28,-7,-42,75,25,9,2,33,29,-7,-33,77,18,4,-9,-3,28,38,-31,73,23,12,-15,5,38,-18,-43,72,33,1
70.9200,-17,0,34,-6,-45,84,40,12,-14,9,32,-5,-25,69,21,9,-31,9,29,-7,-25,70,34,27,-11,23,27,-8,-31,59,5,7,-46,13,29,-9,-37,72,24,13,6,34,27,-6,-29,75,19,4,-9,0,32,36,-33,77,27,6,-14,7,27,-15,-40,70,26,5
70.9400,-19,6,30,-12,-40,83,32,19,-20,3,31,-11,-19,65,18,5,-30,10,35,-2,-28,74,34,23,-4,8,30,-5,-35,59,0,10,-45,11,27,-4,-38,78,22,11,-1,30,34,-5,-28,70,22,1,-10,-2,22,37,-33,81,25,6,-15,7,31,-18,-36,76,29,6
70.9600,-14,3,33,-8,-43,85,36,17,-23,11,37,-6,-27,67,20,10,-25,4,36,0,-31,68,41,20,-13,16,28,-9,-41,68,9,2,-50,4,33,-9,-38,73,27,17,0,34,33,-8,-39,77,25,6,-13,0,30,26,-43,82,32,0,-15,7,34,-14,-38,75,30,5
70.9800,-18,5,33,-12,-47,80,38,20,-20,5,29,-5,-22,64,22,8,-28,12,28,-1,-33,76,37,29,-12,15,29,-12,-38,63,8,1,-48,5,28,-5,-31,72,25,10,2,30,32,-9,-39,75,20,2,-4,0,30,39,-27,77,31,8,-17,10,34,-22,-37,76,25,2
71.0000,-17,4,32,-6,-45,88,43,16,-19,7,32,-4,-24,63,18,7,-30,8,34,-2,-25,75,31,22,-2,13,26,-8,-26,62,9,7,-48,4,29,-6,-35,74,30,15,5,28,34,-7,-32,77,20,4,-9,7,29,35,-44,84,29,7,-21,5,31,-18,-34,79,23,6
71.0200,-21,3,30,-10,-51,83,36,19,-16,4,33,-10,-24,67,19,10,-33,11,27,-4,-28,76,40,22,-7,9,37,-5,-34,58,8,5,-48,5,34,-7,-34,70,27,14,-1,31,35,-10,-26,79,18,2,-5,4,26,36,-38,81,30,7,-19,4,29,-13,-40,77,27,2
71.0400,-17,3,31,-3,-43,82,42,21,-10,4,32,-5,-24,64,15,9,-31,9,29,-2,-31,77,40,22,-12,14,31,-8,-42,67,7,8,-43,7,28,-4,-35,77,20,8,0,29,33,-8,-37,77,22,0,-13,10,30,36,-46,81,30,1,-18,7,25,-17,-29,74,27,3
71.0600,-18,-1,26,-13,-47,83,43,15,-12,2,32,-6,-24,66,21,2,-27,6,31,-10,-23,70,34,25,-9,11,30,-15,-40,64,8,4,-48,3,29,-2,-35,73,26,10,7,30,30,-10,-32,72,20,2,-1,5,34,36,-31,82,29,11,-17,4,28,-11,-34,76,28,6
71.0800,-19,0,32,-8,-42,81,38,18,-18,3,28,-3,-22,68,15,12,-30,7,34,-3,-31,76,37,22,-15,11,29,-11,-39,69,11,8,-45,1,34,-6,-35,72,26,10,6,37,30,-10,-32,74,19,3,-13,8,25,34,-36,76,30,7,-16,3,33,-13,-37,79,27,9
71.1000,-19,3,29,-11,-49,84,42,21,-14,4,33,-6,-28,67,17,3,-29,4,30,-3,-27,73,28,24,-15,13,32,-13,-48,62,11,10,-46,4,32,0,-36,67,27,13,7,35,34,-6,-30,81,16,0,-15,2,28,31,-34,80,24,11,-25,4,33,-11,-35,77,28,8
71.1200,-21,-1,29,-14,-43,85,41,17,-18,9,32,-8,-26,63,16,7,-32,11,36,-5,-33,70,35,21,-15,10,32,-5,-38,59,13,7,-47,0,31,-2,-28,67,26,11,8,39,37,-5,-36,75,15,-2,-16,7,33,32,-46,80,28,8,-10,2,33,-9,-39,77,22,12
71.1400,-16,0,32,-9,-48,84,40,22,-17,4,36,-5,-30,73,19,8,-32,6,27,-5,-35,74,40,29,-11,11,24,-8,-33,63,13,10,-47,1,28,-4,-31,73,28,16,7,34,29,-5,-30,76,14,-5,-13,9,36,34,-43,82,29,9,-12,3,33,-14,-36,83,29,8
71.1600,-20,-1,30,-10,-42,85,36,18,-19,13,37,-10,-23,68,18,0,-33,8,31,-6,-31,74,43,17,-13,6,30,-2,-30,54,10,8,-42,8,33,-8,-31,69,26,14,4,35,30,-5,-37,78,16,-5,-11,5,26,37,-37,73,29,11,-16,3,29,-10,-35,80,27,11
71.1800,-22,-2,26,-10,-43,87,40,17,-17,7,32,-11,-29,68,20,5,-34,9,24,-5,-35,73,32,28,-14,12,31,-9,-39,63,6,10,-40,9,34,-3,-37,70,23,9,7,41,32,-1,-32,73,16,2,-13,4,25,33,-34,73,27,9,-15,2,30,-15,-36,80,31,12
71.2000,-17,1,31,-9,-49,87,47,23,-16,6,29,-5,-27,69,18,3,-36,3,29,-8,-28,74,36,22,-15,12,32,-3,-42,65,13,6,-46,6,33,-9,-35,70,20,8,2,43,30,-12,-38,81,22,0,-19,4,22,36,-38,74,30,11,-13,8,35,-11,-37,76,29,10
71.2200,-20,1,31,-11,-38,84,39,19,-14,7,29,-2,-23,62,15,6,-31,6,30,-8,-31,73,37,23,-12,9,32,-11,-38,65,6,3,-51,6,30,1,-32,76,28,7,10,41,25,-8,-33,77,20,-7,-14,5,31,32,-49,80,36,6,-14,4,31,-15,-41,81,26,13
71.2400,-12,-3,32,-10,-38,84,40,18,-18,5,29,-10,-22,66,13,10,-32,7,33,-7,-35,69,42,22,-10,9,29,-8,-37,64,13,3,-47,7,31,-8,-27,74,23,8,5,41,29,0,-32,68,19,-1,-15,0,24,32,-28,76,27,11,-13,4,31,-12,-39,77,31,11
71.2600,-13,-1,29,-14,-46,84,38,23,-15,7,31,-4,-29,70,11,11,-32,8,32,-7,-33,77,37,24,-15,8,28,-5,-39,63,8,8,-42,3,34,-1,-33,77,20,12,6,41,36,-5,-31,72,18,-1,-17,5,27,32,-47,77,33,5,-11,2,37,-15,-37,72,25,11
71.2800,-16,2,25,-9,-47,90,40,18,-13,9,29,-13,-26,73,17,6,-29,3,29,-8,-26,69,42,22,-5,9,27,-6,-34,62,11,11,-45,-2,37,-7,-30,75,20,9,1,37,25,0,-34,73,16,0,-19,-1,27,28,-39,75,29,9,-13,-2,35,-15,-40,81,28,15
71.3000,-17,-2,31,-11,-48,86,41,20,-17,1,30,-7,-23,72,16,7,-29,6,28,-11,-34,71,42,25,-13,12,37,-5,-33,59,5,5,-49,7,33,-4,-30,70,24,6,3,37,36,-9,-34,71,18,-1,-18,1,26,32,-49,76,34,10,-12,8,32,-10,-39,77,29,7
71.3200,-18,2,29,-6,-36,82,41,16,-15,5,28,-7,-32,69,22,6,-26,-3,26,-9,-34,67,46,20,-12,5,30,-2,-32,59,8,4,-44,6,37,-3,-30,72,18,17,5,39,25,-4,-30,68,16,-3,-14,-2,29,26,-38,76,29,13,-10,2,32,-10,-36,73,30,9
71.3400,-19,4,36,-9,-39,87,43,19,-14,3,33,-11,-28,66,21,14,-29,9,29,-4,-24,67,43,19,-5,8,28,-7,-42,66,9,2,-50,10,26,-8,-37,76,20,8,0,37,32,-14,-35,73,22,1,-14,-1,24,44,-31,71,34,9,-11,2,39,-11,-36,76,26,11
71.3600,-18,-7,31,-5,-41,87,40,17,-20,3,25,-10,-35,67,23,3,-26,1,29,-3,-28,60,39,22,-5,5,28,-3,-29,68,4,5,-43,5,35,-9,-43,72,20,14,1,41,31,-5,-36,75,17,7,-7,-4,27,39,-27,78,22,13,-19,-6,35,-15,-44,80,32,12
71.3800,-16,-1,33,-7,-46,89,42,14,-15,8,35,-8,-33,66,19,6,-22,6,32,-9,-32,64,39,20,-11,10,29,-5,-33,63,7,9,-52,8,31,-10,-37,79,22,16,0,39,33,-7,-36,72,22,6,-17,0,28,37,-38,76,22,9,-13,5,31,-17,-36,75,30,4
71.4000,-17,-7,30,-12,-46,86,42,17,-17,0,29,-9,-24,71,16,12,-30,2,31,-11,-32,71,37,19,-4,12,31,-5,-31,62,8,5,-48,-1,30,-8,-40,84,20,9,1,31,29,-7,-34,75,13,7,-8,6,25,38,-43,79,30,12,-13,0,23,-17,-38,77,28,9
71.4200,-17,-3,35,-12,-47,90,44,18,-15,6,28,-7,-33,68,20,12,-28,5,28,-4,-27,75,42,21,-6,17,31,-8,-38,66,4,2,-46,3,29,-7,-35,76,23,11,3,38,31,-6,-33,73,20,0,-17,2,26,39,-38,83,34,12,-16,2,25,-13,-34,76,30,9
71.4400,-18,-4,31,-7,-44,86,44,22,-20,6,34,-13,-34,66,22,10,-22,0,31,-5,-31,74,36,19,-11,10,30,-10,-37,63,4,1,-46,4,28,-15,-46,71,25,15,-2,36,28,-8,-26,68,15,3,-12,1,25,37,-36,81,33,8,-9,4,32,-12,-34,80,30,10
71.4600,-13,0,24,-7,-43,88,42,21,-16,10,36,-7,-33,71,24,8,-31,4,33,-7,-27,73,41,18,-6,13,29,-12,-39,64,11,4,-47,0,30,-12,-41,70,29,15,5,34,31,-7,-25,70,17,-2,-17,-1,30,35,-44,82,24,12,-14,2,27,-10,-32,78,31,13
71.4800,-25,-4,28,-7,-42,88,40,25,-14,4,27,-9,-34,65,18,12,-27,7,33,-8,-27,78,41,19,-8,12,34,-8,-40,67,1,15,-48,8,35,-11,-53,75,26,8,1,36,33,-9,-25,75,15,3,-10,4,29,42,-39,74,31,14,-20,0,27,-25,-37,78,33,7
71.5000,-15,-3,36,-10,-44,88,44,20,-17,7,30,-10,-31,66,21,7,-30,10,31,-8,-21,70,34,20,-9,12,34,-7,-38,69,3,3,-45,3,35,-8,-38,76,30,13,6,30,28,2,-28,72,14,0,-3,2,31,42,-28,77,19,12,-14,0,27,-19,-38,78,30,8
71.5200,-20,-2,36,-13,-46,93,37,20,-9,3,35,-12,-30,66,21,8,-28,8,29,-6,-29,76,36,21,-6,9,31,-7,-40,70,5,11,-43,6,31,-1,-33,72,25,8,7,30,35,-9,-31,69,17,0,-19,1,30,41,-38,82,26,7,-11,7,28,-14,-39,83,34,7
71.5400,-26,7,34,-15,-49,90,46,14,-11,-1,34,-5,-27,62,30,9,-32,11,25,-6,-29,80,38,20,-12,7,31,-7,-35,70,6,12,-46,-2,32,1,-35,70,26,14,7,35,30,-5,-32,70,21,0,-13,7,34,30,-43,81,27,5,-18,4,27,-23,-36,80,28,8
71.5600,-20,1,35,-9,-47,87,44,18,-10,5,37,-5,-25,66,26,2,-31,5,33,-6,-27,79,34,26,-6,13,32,-5,-33,66,4,6,-47,0,34,-3,-37,69,24,10,5,38,26,-2,-33,73,17,1,-15,7,32,36,-41,82,32,8,-17,8,34,-14,-34,81,29,12
71.5800,-14,7,29,-7,-42,87,42,17,-13,1,32,-5,-20,65,31,6,-29,6,36,-8,-26,81,38,19,-10,13,34,-8,-36,57,10,9,-44,3,35,-8,-38,71,30,11,4,36,29,-7,-26,71,13,-2,-5,-1,24,42,-15,72,20,19,-18,6,33,-20,-36,83,31,3
71.6000,-24,6,30,-12,-45,83,46,12,-22,7,35,-9,-27,62,18,1,-31,4,37,-5,-30,80,42,19,-9,11,29,-9,-45,66,9,12,-41,-2,28,-5,-39,71,23,16,8,36,25,-3,-30,73,24,2,-11,-1,21,46,-29,76,26,18,-12,8,29,-15,-31,83,31,4
71.6200,-18,6,33,-12,-43,87,43,21,-13,5,36,-5,-23,64,22,6,-32,7,28,-13,-31,77,39,18,-9,9,35,-4,-38,59,5,11,-46,1,28,-1,-34,68,29,11,3,33,37,-6,-26,74,14,2,-18,7,27,39,-48,85,25,12,-13,4,26,-19,-36,81,27,6
71.6400,-19,1,36,-7,-45,88,41,18,-12,4,34,-11,-28,65,23,2,-27,6,31,-9,-28,73,37,19,-17,9,36,-7,-45,61,9,0,-46,4,33,-7,-32,73,27,9,12,28,26,-7,-29,77,13,-4,-17,8,31,30,-49,86,33,6,-20,6,27,-10,-30,82,30,7
71.6600,-22,3,35,-7,-42,88,44,22,-14,8,32,-12,-21,68,17,1,-35,15,34,-9,-32,81,36,25,-14,3,31,-4,-30,64,8,12,-42,6,30,-4,-37,63,24,11,6,39,34,-9,-33,74,17,-1,-11,-10,28,41,-19,73,19,11,-20,12,28,-17,-37,84,23,8
71.6800,-21,-2,27,-8,-43,81,35,19,-15,7,36,-11,-20,70,17,3,-30,12,29,-6,-28,84,37,23,-17,11,32,-2,-37,64,8,6,-44,8,29,-3,-40,72,27,13,7,38,34,-5,-32,76,14,2,-15,9,34,36,-34,81,23,17,-9,6,30,-13,-34,81,29,11
71.7000,-20,1,31,-4,-46,81,45,22,-16,8,32,-5,-19,71,22,3,-35,10,30,-2,-37,82,36,19,-10,11,39,-4,-36,61,13,9,-42,4,30,1,-33,73,26,10,3,37,30,-5,-34,79,13,4,-19,7,31,29,-55,88,33,10,-18,0,28,-10,-36,82,26,6
71.7200,-13,0,34,-4,-45,91,41,22,-10,6,33,-4,-21,69,19,6,-38,11,30,-10,-28,82,39,26,-9,8,34,-3,-33,57,5,6,-41,5,35,-2,-34,69,21,11,7,39,28,-7,-29,77,19,4,-17,-1,25,39,-44,79,32,13,-15,5,30,-8,-30,82,24,9
71.7400,-22,3,27,-8,-48,85,44,18,-14,7,32,-5,-26,79,15,2,-33,7,35,-3,-28,79,38,25,-12,5,33,-7,-33,60,9,5,-43,5,33,-3,-32,72,24,8,2,37,32,-4,-28,70,14,0,-12,-7,28,37,-28,67,23,18,-20,7,29,-9,-31,77,30,9
71.7600,-17,-4,24,-9,-38,84,41,18,-20,10,23,-3,-21,73,16,8,-33,10,34,-3,-36,75,39,25,-6,10,31,-8,-40,62,2,5,-49,12,34,-1,-35,76,20,13,4,39,30,-2,-28,78,11,-1,-12,2,31,32,-43,78,33,14,-17,7,28,-9,-33,81,23,11
71.7800,-16,2,32,-6,-43,87,39,20,-19,9,32,-6,-25,75,21,10,-37,8,30,-13,-27,73,38,24,-9,9,35,-6,-37,56,13,8,-48,6,26,1,-31,74,18,10,1,36,26,-9,-33,77,18,1,-15,7,31,32,-57,86,30,7,-22,5,33,-12,-39,77,27,4
71.8000,-19,-1,30,-10,-49,87,37,21,-18,5,33,-1,-19,75,18,6,-40,1,34,-3,-35,75,39,25,-8,9,35,-8,-33,61,7,14,-44,7,28,-4,-32,79,26,11,4,33,33,-7,-35,77,16,-4,-12,-1,23,37,-40,78,26,10,-22,5,29,-9,-35,82,31,8
71.8200,-17,-3,32,-8,-51,84,44,20,-20,11,32,-7,-23,75,16,2,-30,1,25,-7,-33,68,43,23,-2,6,33,-8,-28,61,8,6,-49,3,27,-9,-30,71,18,8,1,32,29,-10,-34,73,21,0,-7,0,18,46,-27,75,38,15,-24,6,27,-8,-38,80,31,9
71.8400,-20,0,34,-2,-50,84,42,13,-18,7,31,-7,-26,77,17,8,-37,0,34,-6,-29,69,48,23,-7,14,32,-6,-30,59,14,4,-48,7,36,-3,-35,71,20,4,1,37,32,-7,-44,82,16,5,-9,-2,24,41,-29,69,24,12,-17,9,35,-9,-38,86,30,11
71.8600,-12,1,31,-6,-41,90,39,21,-17,12,28,-12,-33,74,18,6,-34,4,31,-8,-35,69,43,22,-7,14,36,-6,-31,59,9,1,-46,15,27,-4,-35,78,22,15,4,34,27,-5,-37,79,20,2,-9,-8,25,42,-34,70,31,16,-15,4,30,-8,-39,84,34,6
71.8800,-14,5,30,-5,-47,92,44,18,-25,10,32,-10,-31,73,13,11,-34,4,36,-6,-29,69,45,20,-3,11,30,-11,-30,57,12,3,-50,14,30,-10,-33,71,19,10,6,33,32,-8,-29,74,21,3,-16,-3,30,35,-34,77,35,6,-22,4,35,-16,-35,84,32,8
71.9000,-17,6,33,-5,-48,90,43,20,-19,6,29,-4,-31,69,14,8,-32,-1,32,-2,-32,67,45,20,-11,15,33,-5,-36,63,10,4,-44,15,34,-6,-32,79,24,12,6,31,32,-6,-38,77,16,3,-20,1,28,35,-52,79,45,5,-18,1,31,-11,-43,84,36,8
71.9200,-12,6,31,-5,-48,86,44,20,-24,5,34,-4,-32,76,21,6,-31,-3,27,-11,-29,67,43,18,-9,8,30,-2,-31,58,8,-3,-48,8,31,-4,-29,72,19,12,4,38,34,-8,-37,70,26,4,-11,-3,26,35,-30,70,35,9,-13,4,28,-17,-42,81,26,13
71.9400,-22,3,24,-8,-40,90,37,24,-24,7,29,-13,-32,75,16,16,-25,-6,22,-3,-25,66,44,19,-7,10,28,-4,-32,67,8,2,-51,10,34,-8,-35,76,22,14,11,31,33,-3,-40,75,26,2,-11,8,31,41,-41,82,43,3,-16,1,32,-12,-39,75,33,14
71.9600,-19,1,29,-12,-45,86,38,15,-20,4,33,-6,-32,74,17,6,-31,1,26,-1,-27,70,47,20,-11,11,33,-4,-39,66,6,2,-46,11,31,-8,-25,80,23,17,6,31,27,-14,-34,75,18,12,-11,7,35,40,-39,80,29,3,-9,1,28,-12,-38,74,26,10
71.9800,-17,1,36,-4,-41,86,36,23,-21,3,31,-5,-27,68,21,9,-27,0,27,-1,-26,68,45,19,-13,12,24,-7,-34,65,-2,-3,-55,12,31,-9,-32,75,20,16,4,31,29,-2,-35,72,18,6,-10,-3,16,44,-21,72,33,7,-12,4,32,-15,-41,78,30,11
72.0000,-17,5,28,-8,-42,88,40,28,-17,4,31,-11,-27,66,21,12,-29,-2,30,0,-28,71,40,22,-14,15,28,-4,-36,65,5,1,-48,5,33,-9,-33,71,25,17,10,34,27,-7,-43,66,23,2,-5,-1,23,40,-26,77,29,4,-11,1,31,-15,-31,75,28,11
72.0200,-20,2,25,-6,-39,90,39,25,-12,-6,30,0,-22,61,22,13,-22,6,29,-2,-27,67,41,12,-7,16,30,-9,-30,65,1,-2,-48,2,32,-10,-30,76,23,14,10,35,31,-4,-35,66,27,-1,-9,1,28,38,-35,78,31,9,-9,2,34,-12,-29,77,31,8
72.0400,-12,-4,27,-6,-42,88,44,16,-23,4,35,-8,-27,64,26,13,-26,9,23,-2,-38,68,41,15,-11,18,29,-7,-34,65,4,-3,-50,-2,27,-9,-36,75,18,22,9,36,28,-2,-35,68,25,1,-19,13,29,35,-41,80,31,2,-17,-3,33,-11,-38,77,28,6
72.0600,-16,3,30,-11,-44,86,45,24,-14,0,36,-12,-36,66,25,8,-23,5,28,-2,-26,72,41,16,-15,8,32,-3,-29,68,8,-3,-46,-3,28,-7,-33,77,22,19,14,33,27,-5,-28,70,24,-1,-9,5,24,41,-30,80,29,4,-13,-1,32,-15,-36,76,29,6
72.0800,-19,0,28,-11,-46,93,39,24,-14,-2,36,-10,-31,68,22,9,-21,6,26,-5,-27,78,37,20,-8,15,27,-9,-33,69,0,10,-48,1,27,0,-36,71,23,24,14,38,27,-4,-30,69,21,-5,-10,4,27,37,-32,85,32,3,-13,-4,36,-15,-35,74,31,9
72.1000,-17,-4,34,-13,-49,88,44,23,-12,-5,28,-5,-23,66,18,5,-28,3,31,-1,-26,74,34,16,-9,13,29,-2,-33,69,3,12,-47,3,29,-5,-40,76,28,21,15,39,26,-5,-28,67,20,-3,-11,6,28,38,-31,82,23,5,-13,1,36,-15,-37,79,31,9
72.1200,-14,8,31,-6,-40,85,43,20,-11,-8,28,-7,-22,61,20,13,-26,8,29,-5,-27,78,41,23,-10,12,34,-9,-32,71,1,10,-43,-6,33,-2,-37,74,25,14,7,36,30,-3,-30,70,18,-2,-15,2,29,39,-31,77,26,7,-13,-1,39,-12,-32,79,30,8
72.1400,-16,5,25,-11,-52,90,44,17,-9,-1,30,-6,-31,68,27,12,-27,6,33,-3,-22,72,37,18,-18,9,30,-6,-28,74,-1,10,-50,0,30,-15,-39,73,23,10,8,42,33,-1,-27,68,21,-1,-12,2,31,39,-23,84,17,12,-17,3,35,-15,-40,77,29,11
72.1600,-19,3,35,-9,-49,93,43,20,-12,-3,25,-3,-22,66,23,7,-29,4,29,-4,-18,73,39,16,-8,12,26,-7,-28,68,3,9,-43,-4,31,-1,-37,76,23,13,8,34,31,-3,-26,72,19,-4,-17,7,29,35,-32,85,28,3,-15,-4,31,-9,-28,77,25,8
72.1800,-17,2,30,-8,-45,90,39,23,-14,5,27,-8,-27,67,22,6,-27,11,31,-5,-18,76,33,20,-19,10,36,-9,-38,62,0,13,-47,-1,26,-4,-36,81,22,15,9,39,34,-12,-24,70,18,-3,-15,1,24,39,-36,82,23,5,-10,2,29,-14,-28,80,29,12
72.2000,-16,4,26,-8,-50,92,39,22,-10,-1,30,-3,-24,64,19,3,-30,6,37,-7,-22,75,36,24,-15,8,26,-3,-36,62,3,11,-46,3,31,-7,-39,69,28,18,9,46,34,-6,-28,75,20,-2,-18,10,29,38,-45,83,19,10,-18,6,31,-15,-37,80,25,10
72.2200,-15,-1,31,-7,-46,91,43,15,-11,1,33,-8,-25,65,26,6,-27,10,33,-6,-26,78,35,17,-18,10,38,-8,-38,63,1,14,-41,1,28,-4,-36,67,21,15,5,41,26,-2,-29,78,16,-6,-17,8,28,38,-39,81,23,19,-11,7,28,-13,-28,79,27,9
72.2400,-18,-1,29,-6,-41,92,43,20,-11,-5,25,2,-27,66,20,10,-30,2,28,-11,-27,77,38,18,-9,6,32,-7,-36,62,2,15,-40,-7,28,1,-33,75,25,14,2,47,39,-3,-24,77,9,1,-15,7,29,38,-26,79,24,14,-16,5,26,-9,-33,82,26,8
72.2600,-10,0,29,-12,-44,92,46,16,-11,5,31,-6,-22,64,19,6,-32,9,32,-5,-25,80,39,25,-16,5,26,-6,-35,66,4,16,-42,-3,30,-3,-32,71,26,11,4,38,35,1,-26,66,9,0,-24,9,33,38,-42,82,21,14,-16,4,29,-12,-30,80,26,17
72.2800,-18,1,25,-9,-48,87,51,20,-13,2,30,-5,-25,74,22,5,-29,6,32,-4,-27,83,37,26,-14,4,36,-5,-34,67,4,19,-44,1,21,3,-31,74,24,11,4,43,31,-4,-28,76,12,-6,-24,4,26,35,-44,85,31,17,-18,5,30,-13,-35,83,26,15
72.3000,-23,4,33,-10,-44,89,43,17,-11,3,34,-4,-32,73,16,2,-38,10,33,-11,-30,83,39,24,-16,0,33,-5,-41,65,10,14,-44,-2,36,-3,-36,79,26,7,5,40,29,-5,-27,76,9,0,-18,0,23,40,-34,83,28,12,-17,1,22,-11,-36,80,32,6
72.3200,-18,-1,25,-8,-45,89,42,18,-14,5,31,-4,-31,70,27,2,-35,5,34,-9,-34,77,43,16,-14,3,37,-3,-35,63,7,10,-47,10,34,-4,-30,78,30,14,6,42,32,-5,-27,77,12,-5,-12,-12,22,50,-27,77,21,22,-15,2,25,-15,-36,81,29,14
72.3400,-18,6,32,-8,-44,96,37,21,-12,5,35,-9,-29,77,18,1,-32,6,28,-7,-31,76,42,20,-11,0,23,-2,-30,67,9,8,-46,7,27,0,-31,75,20,8,1,42,29,-5,-35,80,10,6,-15,-7,19,44,-34,70,25,18,-18,9,25,-12,-45,80,26,11
72.3600,-19,0,27,-7,-48,90,37,18,-12,7,27,-10,-23,71,19,-2,-29,2,26,-5,-30,71,42,28,-7,9,32,-1,-31,61,7,8,-42,3,33,-4,-33,75,18,9,1,36,29,-2,-38,79,13,3,-16,0,32,41,-55,83,28,13,-18,6,30,-8,-39,80,31,12
72.3800,-18,5,32,-12,-45,92,36,20,-15,3,27,-3,-20,69,13,7,-32,3,28,-3,-29,76,41,25,-7,4,35,-3,-38,67,12,2,-39,3,27,0,-35,70,20,11,3,41,28,5,-32,80,7,3,-18,-6,28,34,-49,77,39,15,-20,1,31,-8,-39,83,29,11
72.4000,-13,1,34,-6,-46,92,40,20,-10,12,28,-7,-23,76,18,8,-32,4,28,-8,-34,75,39,27,-7,6,34,-1,-38,58,15,7,-40,3,32,0,-25,73,25,12,6,37,28,-2,-32,77,11,3,-12,-7,21,43,-33,81,31,14,-17,8,20,-11,-39,82,33,10
72.4200,-20,-1,26,-6,-40,92,39,19,-19,9,33,-12,-26,86,18,2,-26,3,29,-6,-31,76,43,24,-3,5,32,-1,-31,60,14,5,-39,6,28,-7,-28,75,24,9,2,37,20,-3,-34,74,14,7,-14,-8,26,42,-31,73,35,18,-14,1,30,-9,-46,82,40,7
72.4400,-14,2,34,-6,-40,92,37,17,-17,8,29,-9,-22,72,20,8,-33,0,28,0,-27,78,43,14,-1,-5,27,-2,-33,63,10,6,-39,6,33,-5,-29,78,24,14,2,38,28,-3,-43,72,16,9,-9,-15,28,42,-34,76,30,21,-9,6,24,-5,-28,80,31,10
72.4600,-22,2,33,-4,-42,89,41,27,-13,5,29,-7,-23,75,18,12,-32,-3,26,-4,-32,72,42,13,-2,5,32,-6,-36,63,9,1,-45,10,29,-4,-34,70,22,10,8,33,26,-1,-40,73,11,10,-10,-9,25,36,-43,77,33,10,-10,2,32,-7,-34,77,30,8
72.4800,-11,-3,29,-4,-52,89,38,25,-18,5,27,-3,-31,73,20,7,-34,3,29,-4,-27,78,42,21,-5,6,25,-3,-32,61,10,4,-45,3,30,-5,-30,72,25,12,14,31,30,-3,-38,77,12,8,-18,-5,30,35,-38,78,40,9,-18,-1,34,-2,-48,85,33,9
72.5000,-21,4,32,-5,-38,96,39,19,-24,3,37,-2,-32,70,23,7,-29,2,32,-1,-32,80,45,18,-1,4,29,-3,-34,64,3,-2,-49,6,31,-5,-33,77,25,14,7,34,28,-3,-32,78,20,13,-10,-4,27,44,-33,77,35,10,-16,3,31,-8,-39,81,31,12
72.5200,-14,6,29,-10,-42,90,38,22,-18,7,32,-1,-32,72,21,10,-26,1,32,-2,-27,75,51,16,-5,11,36,-1,-30,63,9,2,-47,10,28,-12,-37,86,23,17,7,36,34,-2,-35,65,15,7,-3,-9,26,47,-31,77,31,11,-13,1,31,-19,-38,83,35,8
72.5400,-13,-3,30,-8,-40,86,42,20,-19,1,27,-9,-34,73,27,8,-30,3,30,-4,-30,74,43,21,1,6,29,1,-32,68,10,3,-46,3,23,-5,-30,71,24,11,8,33,31,-6,-39,71,24,14,-4,-10,29,36,-33,75,31,7,-14,6,27,-15,-34,82,33,4
72.5600,-17,-1,32,-6,-44,85,36,24,-17,5,33,-12,-28,79,25,6,-23,11,34,-7,-29,76,46,19,-3,11,29,-8,-30,68,2,1,-49,9,29,-4,-39,75,20,20,5,28,39,-3,-40,69,18,5,-3,-8,21,43,-33,77,27,10,-13,9,31,-12,-36,80,35,4
72.5800,-15,1,34,-10,-44,93,38,16,-18,0,35,-5,-28,72,26,5,-26,5,31,-2,-26,79,44,13,-6,11,32,1,-31,68,1,4,-51,8,26,-9,-33,75,23,19,7,26,39,-2,-40,71,16,4,-7,-8,22,39,-37,74,27,0,-18,7,34,-13,-37,74,27,6
72.6000,-25,1,30,-8,-46,90,45,20,-19,2,29,-7,-28,76,23,11,-22,9,35,-2,-25,76,42,14,-2,15,36,-7,-29,71,1,2,-53,4,30,-2,-31,76,24,19,6,25,33,-6,-38,68,21,11,-8,-2,27,37,-45,80,31,1,-21,7,32,-14,-32,75,32,6
72.6200,-20,-1,34,-3,-35,89,41,20,-15,5,23,-2,-26,70,22,8,-28,2,28,-6,-27,77,42,14,-4,13,34,-5,-32,71,5,3,-50,2,30,-4,-30,74,25,11,15,26,36,-7,-32,66,21,7,-4,-2,28,34,-46,89,31,-6,-20,4,35,-16,-33,81,28,9
72.6400,-15,-2,29,-3,-42,89,37,22,-21,2,30,-8,-29,76,22,5,-31,9,29,-2,-28,78,34,21,-10,14,32,-6,-30,71,8,4,-55,2,31,-2,-31,73,24,17,11,32,33,-7,-31,73,25,7,-1,8,26,36,-33,83,31,5,-16,0,33,-13,-30,76,32,9
72.6600,-13,-5,31,-9,-43,89,42,23,-16,0,30,-2,-29,74,23,11,-27,8,28,-3,-30,77,39,14,-10,19,34,-9,-29,65,6,5,-50,2,23,-2,-28,81,30,24,15,23,34,-2,-31,73,18,1,-3,-1,24,38,-23,84,32,7,-16,3,34,-17,-33,80,32,8
72.6800,-15,7,29,-5,-44,87,41,24,-18,2,28,-8,-25,73,22,4,-28,9,29,-5,-27,78,43,20,-13,14,30,-9,-25,69,-3,7,-51,-3,28,-1,-37,76,23,16,8,26,28,-2,-29,68,17,-3,-2,0,28,46,-29,77,27,4,-17,4,25,-12,-32,85,37,11
72.7000,-21,1,31,-7,-46,93,35,23,-16,-1,25,-4,-24,75,20,3,-32,10,29,-7,-30,77,43,19,-12,14,24,-10,-35,71,3,6,-47,-5,27,-8,-31,74,29,18,11,27,31,-6,-34,74,20,2,-9,1,28,38,-22,82,26,6,-15,6,29,-16,-33,77,28,6
72.7200,-15,-4,31,-2,-40,91,39,25,-14,1,28,-5,-27,79,23,2,-36,7,28,-9,-27,76,42,14,-15,7,27,-8,-32,72,7,10,-52,-2,30,-5,-32,78,29,14,16,28,32,-3,-33,73,22,-1,-15,12,31,29,-40,97,28,-4,-15,-1,28,-16,-34,76,29,9
72.7400,-19,1,28,-7,-40,93,38,27,-14,2,31,-8,-24,74,21,5,-35,11,22,-3,-31,77,40,22,-20,19,33,-6,-26,70,5,8,-49,0,29,-8,-34,77,30,15,12,35,35,-9,-34,74,21,-3,-11,6,28,34,-27,79,25,4,-14,-1,30,-17,-35,78,26,11
72.7600,-19,4,32,-3,-35,90,41,24,-15,-2,30,-1,-26,77,21,4,-33,12,27,0,-25,74,42,26,-21,9,30,-7,-29,70,-2,11,-47,-1,31,-1,-32,77,30,22,14,28,30,-6,-33,75,17,-2,-17,12,22,43,-36,83,34,6,-15,7,33,-10,-34,78,29,12
72.7800,-13,2,29,-8,-44,96,40,20,-13,-1,29,-6,-23,68,21,3,-32,12,27,-7,-31,79,45,22,-15,9,28,0,-36,66,5,13,-44,-4,27,0,-30,77,26,16,13,38,30,-8,-36,77,18,-3,-17,9,32,38,-25,75,27,12,-16,-1,27,-15,-35,76,25,11
72.8000,-20,-6,29,-8,-39,94,35,30,-18,3,32,-9,-25,68,29,7,-32,8,27,-2,-32,72,43,26,-23,10,28,-11,-29,63,8,8,-47,-2,30,1,-38,77,28,17,14,38,34,-5,-34,78,15,-4,-19,4,21,40,-39,75,29,7,-13,2,24,-13,-32,81,23,10
72.8200,-17,1,27,-8,-44,89,35,18,-13,5,32,-4,-25,70,26,3,-28,5,30,-3,-27,77,47,22,-19,10,32,-3,-31,64,4,8,-41,-3,31,5,-31,74,25,13,18,41,22,-6,-38,79,20,-4,-15,-4,21,41,-28,72,17,16,-15,5,27,-11,-33,79,26,10
72.8400,-16,-6,29,-8,-39,88,41,28,-19,1,33,-3,-24,78,17,2,-34,6,28,-6,-33,76,44,23,-11,6,34,-6,-40,66,9,8,-43,3,29,-5,-33,72,28,18,12,44,26,-7,-32,80,17,-6,-22,8,26,37,-43,84,31,7,-19,-3,26,-12,-39,84,27,15
72.8600,-13,2,26,-9,-44,93,40,20,-14,3,36,-8,-25,74,20,9,-31,6,32,-6,-26,74,48,20,-16,8,30,-5,-32,64,5,11,-48,-5,29,0,-38,82,24,17,9,46,31,-14,-38,77,17,1,-21,3,26,39,-37,80,33,16,-12,0,25,-8,-39,80,24,16
72.8800,-16,-3,28,-9,-48,89,38,21,-14,5,31,-2,-24,76,21,6,-34,8,33,-6,-27,69,42,21,-13,8,27,0,-35,66,6,13,-48,5,30,-4,-43,76,26,11,10,43,25,-2,-34,74,18,-4,-23,6,28,42,-43,85,38,17,-19,-6,35,-17,-36,78,26,15
72.9000,-13,-6,30,-8,-46,92,39,19,-10,-2,33,-5,-31,79,19,10,-25,5,35,-5,-32,71,49,18,-14,3,29,1,-35,68,4,3,-44,2,33,1,-35,81,27,10,9,41,34,1,-36,82,20,-2,-16,1,16,42,-35,80,26,20,-13,5,29,-17,-34,80,29,12
72.9200,-18,-1,35,-10,-49,93,42,27,-20,6,32,-2,-23,73,23,4,-27,-2,28,0,-23,71,46,18,-10,4,29,-2,-37,72,6,9,-37,-4,27,4,-25,71,25,15,6,40,27,-5,-31,79,16,2,-21,-1,17,51,-37,73,35,15,-17,-2,29,-12,-41,82,33,13
72.9400,-15,-3,34,-5,-50,83,44,24,-14,2,28,-1,-26,70,19,6,-29,-1,28,-7,-26,68,41,14,-10,-1,33,-3,-31,72,7,6,-43,-1,30,0,-27,73,24,20,8,44,27,-4,-40,79,11,-1,-24,0,24,41,-36,84,28,10,-19,5,32,-13,-36,82,31,10
72.9600,-18,0,26,-2,-38,93,43,21,-12,3,32,-4,-29,65,21,6,-26,2,23,-2,-31,74,45,25,-12,5,30,1,-27,69,7,6,-37,0,35,-5,-31,78,25,7,6,37,31,-6,-35,75,24,7,-17,-6,23,42,-36,77,29,11,-17,-2,29,-11,-37,83,26,14
72.9800,-12,-2,24,-3,-45,89,38,21,-11,5,30,-10,-24,69,19,10,-26,-5,25,-6,-26,73,44,18,-8,10,34,2,-29,70,3,5,-40,3,32,-8,-46,81,28,13,4,41,23,-4,-42,75,15,3,-18,-6,29,46,-41,77,33,9,-7,-2,33,-10,-36,84,30,12
73.0000,-21,3,29,-5,-54,94,40,20,-15,4,29,0,-24,73,25,8,-23,0,29,-9,-32,69,42,21,-4,3,30,6,-31,76,8,7,-45,2,30,-6,-33,80,28,15,1,40,25,-6,-36,81,16,9,-13,-4,24,41,-32,83,30,13,-11,1,36,-11,-39,87,31,13
73.0200,-12,1,28,-7,-40,95,42,26,-15,7,26,-11,-26,70,20,11,-17,4,30,-5,-26,71,43,21,-3,2,33,3,-35,68,5,3,-35,1,31,-4,-30,73,27,19,7,39,29,-9,-39,77,15,7,-19,0,23,49,-40,83,36,13,-14,-2,29,-13,-43,84,37,10
73.0400,-15,3,31,-11,-45,97,43,20,-17,5,28,-8,-27,72,27,3,-27,-1,36,-8,-24,76,47,14,-4,9,38,-1,-32,70,2,7,-46,0,33,-3,-30,76,28,18,5,42,29,1,-39,77,17,8,-11,-6,25,47,-30,69,25,14,-12,4,31,-17,-34,90,32,15
73.0600,-12,3,25,-6,-47,91,38,22,-18,3,33,-10,-23,70,21,12,-23,5,27,0,-25,74,40,17,-2,5,27,-3,-33,77,7,3,-49,0,30,-3,-38,76,27,18,-1,35,31,-1,-36,73,24,1,-12,-2,20,50,-36,76,31,12,-11,-2,27,-6,-38,81,30,14
73.0800,-11,-2,34,-7,-43,98,34,18,-16,7,26,-5,-27,69,24,8,-26,6,35,-7,-20,77,37,13,-8,6,33,-5,-32,77,9,12,-47,-3,35,-4,-36,78,20,16,-2,34,28,-7,-39,71,16,4,-22,-3,23,50,-29,83,26,12,-10,-3,27,-8,-31,78,31,12
73.1000,-17,4,27,-7,-45,94,39,24,-25,7,28,-1,-27,60,20,1,-23,2,26,-1,-15,72,35,22,-11,11,30,-1,-29,65,0,5,-49,0,32,-8,-30,77,22,12,-5,36,26,4,-37,69,14,3,-12,-2,30,40,-39,86,31,8,-19,2,27,-14,-41,87,33,10
73.1200,-13,-1,30,-4,-48,92,36,17,-18,4,31,-10,-26,66,28,6,-34,-1,28,-3,-27,74,36,14,-10,6,35,-2,-30,73,2,8,-48,5,35,-8,-32,76,30,18,4,26,33,3,-37,74,17,5,-7,1,31,42,-38,83,32,14,-15,4,26,-13,-39,89,36,3
73.1400,-19,1,29,0,-46,91,43,23,-18,-1,35,-9,-25,68,23,9,-30,5,24,-9,-21,74,37,18,-7,11,32,-6,-24,69,4,10,-46,3,26,-9,-31,71,27,17,7,32,28,2,-29,67,21,7,-5,4,31,48,-38,82,39,6,-13,3,32,-11,-41,86,38,3
73.1600,-16,-2,34,-8,-43,97,37,21,-16,2,31,-3,-26,67,28,13,-35,6,36,-4,-28,81,37,18,-8,8,41,-5,-41,71,-1,6,-47,0,30,-8,-37,73,23,14,6,32,33,-1,-30,72,13,2,-1,-8,21,52,-21,76,23,15,-13,1,31,-13,-34,81,36,9
73.1800,-17,1,27,-2,-46,89,35,23,-25,4,30,-1,-24,70,30,4,-34,1,35,-8,-26,82,34,20,-9,12,30,-4,-24,67,3,6,-45,-1,28,-1,-29,67,24,18,12,34,27,0,-31,66,16,6,-9,-4,20,51,-21,73,13,16,-10,0,28,-8,-32,73,29,12
73.2000,-15,0,29,-4,-53,96,36,24,-17,3,26,-11,-23,61,20,11,-31,4,28,-1,-29,81,35,20,-5,10,35,-8,-23,67,5,9,-48,4,25,1,-28,74,27,16,11,31,31,0,-33,68,14,4,-18,-4,31,46,-46,89,26,6,-19,-1,24,-13,-30,78,31,10
73.2200,-15,-1,26,-8,-49,91,38,21,-15,1,31,-4,-27,72,21,9,-29,10,35,-3,-31,78,37,17,-15,5,27,-2,-28,63,8,6,-43,-4,31,-2,-33,73,26,16,12,27,29,-2,-33,69,17,12,-13,0,35,36,-46,89,21,10,-14,5,29,-15,-36,77,32,9
73.2400,-16,3,35,-6,-47,95,43,18,-15,1,26,1,-17,70,23,7,-30,4,26,-4,-30,79,37,16,-15,9,30,-4,-29,62,6,9,-46,1,26,-5,-29,74,23,18,12,30,35,1,-28,76,17,4,-10,5,26,44,-27,86,28,11,-17,9,30,-20,-49,92,37,3
73.2600,-19,7,29,-2,-39,94,41,11,-17,1,30,-7,-24,68,20,5,-31,6,31,-8,-28,81,35,24,-13,6,29,-6,-27,63,6,7,-47,0,30,-2,-31,76,30,17,13,31,31,4,-26,77,16,9,-3,0,27,38,-35,88,32,11,-15,6,30,-13,-34,78,33,6
73.2800,-17,1,37,-8,-51,90,44,18,-6,8,31,-2,-26,70,18,4,-33,5,31,-5,-35,83,38,19,-9,8,34,-8,-24,64,1,13,-45,-4,33,-3,-30,72,24,16,7,25,29,-4,-33,76,6,8,-8,4,33,40,-31,84,27,9,-12,2,29,-7,-30,74,32,7
73.3000,-20,-3,31,-3,-47,92,42,28,-22,7,28,-11,-23,69,22,4,-36,3,26,-5,-28,77,39,21,-13,5,30,-7,-27,65,1,8,-46,8,32,-2,-32,79,25,20,14,27,32,0,-31,70,21,6,-10,1,28,44,-39,81,27,13,-14,5,28,-17,-36,82,26,-2
73.3200,-17,1,29,-4,-42,92,41,20,-22,3,30,-4,-23,70,16,5,-27,5,30,-1,-32,82,38,17,-8,11,32,-9,-26,63,8,4,-44,1,33,-7,-30,75,24,15,15,30,33,-2,-36,80,14,6,-8,-2,24,46,-26,71,23,17,-18,3,26,-3,-35,75,25,16
73.3400,-19,1,27,1,-32,92,42,19,-15,-1,33,-3,-28,77,21,8,-24,8,29,-5,-28,82,39,22,-9,9,31,-9,-27,60,4,9,-47,4,32,-7,-27,80,25,15,12,33,35,-11,-36,78,19,1,-5,-1,25,45,-29,83,25,13,-15,9,30,-10,-35,80,28,7
73.3600,-17,-5,29,-8,-42,92,44,20,-24,6,35,-6,-25,81,19,5,-28,4,29,-8,-34,80,45,22,-19,6,25,-3,-33,64,5,11,-40,6,36,-4,-24,80,19,18,21,25,24,0,-33,77,16,6,-10,3,33,36,-49,87,37,6,-17,6,31,-17,-36,83,28,4
73.3800,-21,-3,28,-7,-44,92,38,24,-15,2,28,0,-31,82,26,8,-32,8,29,-9,-30,85,42,23,-15,5,28,-2,-25,62,6,6,-50,1,25,-1,-26,72,26,13,12,38,36,-14,-44,85,23,2,-6,-2,27,39,-38,81,35,14,-13,5,32,-18,-42,86,30,5
73.4000,-12,1,27,-13,-45,95,42,23,-15,4,27,-2,-23,75,20,4,-26,7,30,-2,-26,74,42,24,-6,7,29,-4,-29,62,10,10,-40,-2,32,-1,-27,76,20,21,16,26,34,1,-22,78,16,1,-12,-5,23,45,-28,74,24,12,-16,8,31,-12,-35,81,32,8
73.4200,-16,3,28,-11,-46,93,44,24,-19,5,33,-2,-31,73,28,2,-33,4,31,-5,-42,88,43,19,-18,9,26,-4,-27,63,8,9,-51,-3,28,-2,-30,78,18,15,8,36,34,-6,-41,79,16,-4,-5,-8,18,44,-26,74,24,13,-13,11,30,-7,-31,78,25,12
73.4400,-22,-2,31,-8,-48,91,45,18,-20,1,33,-7,-36,83,22,8,-29,5,37,-7,-37,83,49,26,-13,4,32,-9,-33,68,1,8,-44,4,25,-5,-28,87,22,16,16,28,32,-9,-31,74,12,4,-18,1,23,38,-39,77,32,12,-13,3,31,-9,-36,84,19,9
73.4600,-14,2,27,-6,-48,90,37,22,-25,7,30,-2,-34,78,23,4,-27,0,30,-5,-31,90,51,22,-13,9,29,-2,-29,70,6,2,-50,-1,31,1,-33,86,21,23,6,27,28,-1,-39,76,19,1,-18,-2,31,34,-49,86,33,14,-21,2,28,-11,-35,82,30,7
73.4800,-21,-2,27,-8,-43,96,38,20,-18,7,26,-2,-25,78,27,1,-28,2,34,-5,-41,79,48,21,-11,7,31,-5,-31,74,5,1,-47,3,26,-2,-29,80,28,16,10,37,32,-5,-33,74,17,1,-11,1,35,32,-40,80,33,11,-19,-1,24,-11,-29,85,27,10
73.5000,-21,-3,27,-4,-48,88,42,22,-20,4,27,-2,-30,73,25,7,-30,2,33,-7,-37,75,49,19,-13,11,29,-5,-30,72,4,5,-46,4,36,-2,-30,84,27,19,12,34,28,-4,-36,79,24,8,-3,-3,22,46,-14,71,28,13,-20,3,29,-12,-35,79,28,13
73.5200,-20,-2,29,-9,-50,99,39,19,-15,3,26,-4,-28,77,23,8,-24,1,27,-5,-29,69,44,21,-10,7,21,-4,-29,72,8,7,-49,7,31,-5,-38,89,30,16,13,35,30,-3,-35,74,14,5,-11,3,25,37,-46,76,38,5,-21,1,26,-11,-30,82,25,15
73.5400,-15,6,38,-10,-52,92,38,20,-21,3,33,-5,-29,78,28,8,-29,0,28,-1,-30,66,46,23,-7,8,28,-4,-24,69,10,3,-47,7,34,-2,-30,75,27,16,8,38,29,-2,-35,77,26,4,-9,-3,25,38,-35,76,28,13,-16,0,30,-8,-35,80,28,16
73.5600,-14,6,37,-7,-52,94,41,17,-25,8,28,-9,-27,80,22,5,-30,-6,26,-1,-32,73,52,15,-11,8,32,1,-21,70,10,4,-53,-3,34,2,-35,88,30,19,14,35,34,-3,-32,78,19,3,-13,0,22,52,-36,73,35,8,-20,1,36,-11,-34,84,32,7
73.5800,-14,-2,32,-6,-43,90,39,26,-23,7,33,-3,-39,71,30,7,-24,4,27,-4,-34,75,45,15,-10,4,31,-3,-25,69,4,2,-49,-1,22,-5,-25,84,24,24,7,35,33,-6,-41,82,19,-1,-6,-3,29,49,-27,73,26,10,-21,6,34,-13,-28,81,33,13
73.6000,-13,-4,26,-5,-43,88,43,24,-18,-1,25,-3,-27,72,25,10,-29,10,36,-3,-24,71,47,19,-10,12,33,-4,-26,74,12,0,-51,-1,33,-4,-40,80,25,22,9,34,26,-7,-41,81,18,5,-8,2,27,42,-30,76,36,4,-16,4,34,-11,-38,84,33,13
73.6200,-3,1,21,1,-43,93,37,22,-24,8,26,-3,-29,72,27,13,-23,-1,29,-7,-26,66,42,23,-15,13,29,2,-22,72,0,3,-51,-1,33,-4,-42,86,33,24,11,31,29,-2,-39,79,24,2,-13,3,30,50,-33,79,35,2,-11,-2,31,-6,-33,77,29,14
73.6400,-19,6,36,-4,-56,96,41,20,-19,-1,31,-7,-29,64,23,9,-30,-1,26,-1,-22,70,44,12,-12,5,24,0,-23,72,3,6,-55,-4,29,-1,-31,80,23,19,6,35,27,-5,-40,73,22,5,-11,0,20,47,-31,82,27,6,-15,1,24,-5,-29,87,34,14
73.6600,-20,1,31,4,-42,90,44,17,-24,7,31,1,-33,68,28,5,-28,6,33,-4,-31,71,40,22,-15,16,32,-9,-30,67,1,-1,-45,-1,24,1,-37,84,32,17,11,30,27,-2,-36,79,21,5,-9,-4,24,53,-20,77,21,11,-21,-3,28,-10,-30,83,30,8
73.6800,-13,-5,33,-6,-51,95,36,23,-21,3,32,-3,-32,69,30,8,-32,-1,28,1,-30,68,44,16,-11,10,26,3,-34,67,4,2,-48,-5,24,1,-43,83,25,24,10,29,29,1,-33,76,17,5,-15,2,25,40,-43,86,27,4,-16,-8,31,-8,-32,83,34,14
73.7000,-16,-2,28,-6,-50,97,44,18,-18,-4,25,-5,-32,62,30,4,-27,7,29,-5,-31,70,47,13,-13,13,30,1,-32,73,2,6,-46,-2,29,-3,-36,80,30,23,13,34,30,2,-42,73,18,-3,-16,4,32,43,-44,90,31,7,-9,-8,26,-6,-30,85,31,13
73.7200,-19,2,28,-8,-55,92,36,20,-22,1,28,-1,-35,61,33,6,-27,9,26,-4,-26,76,45,14,-15,11,29,0,-26,77,3,11,-46,-3,33,-6,-42,78,34,14,10,33,25,0,-34,74,25,2,-12,7,26,49,-34,85,31,8,-11,-8,27,-15,-32,78,33,14
73.7400,-16,5,35,-5,-48,98,42,18,-22,2,31,-2,-29,62,30,7,-20,9,34,-8,-23,74,41,17,-5,11,30,5,-28,76,1,8,-50,-6,35,0,-35,81,37,23,1,32,31,-7,-29,77,21,0,-12,4,22,50,-26,83,26,11,-15,-2,29,-7,-38,81,38,14
73.7600,-18,-2,32,-7,-50,98,41,22,-9,0,35,-1,-36,65,24,8,-20,-2,28,-2,-20,77,38,19,-8,8,24,-1,-31,66,3,9,-48,2,30,-1,-30,74,34,21,5,35,30,3,-31,79,19,1,-9,7,23,50,-32,87,30,16,-13,0,30,-14,-36,82,28,7
73.7800,-14,-4,24,-9,-39,93,45,21,-14,-3,28,-3,-19,64,28,4,-25,8,30,-9,-20,77,38,19,-10,15,24,0,-31,77,4,11,-48,-3,30,6,-38,77,25,17,11,35,26,1,-34,74,20,7,-12,-3,22,39,-33,81,25,8,-9,-1,37,-12,-34,86,28,7
73.8000,-18,2,26,-4,-41,91,37,20,-14,0,25,-4,-22,67,26,6,-24,2,30,-7,-17,76,34,18,-15,4,33,-8,-27,73,5,14,-41,-9,31,-3,-36,67,30,18,6,40,28,-2,-31,78,23,-1,-14,2,23,49,-37,87,25,7,-11,-6,27,-10,-37,81,26,14
73.8200,-21,4,28,-6,-46,91,41,24,-17,-3,28,-4,-27,64,17,6,-27,2,33,-4,-20,81,39,21,-6,6,29,-3,-27,69,0,7,-42,-9,35,0,-35,72,28,24,14,33,29,-1,-31,77,19,0,-8,-3,26,48,-35,78,23,22,-6,-2,32,-14,-32,80,37,12
73.8400,-20,0,27,-5,-50,94,41,21,-13,9,32,-7,-17,65,28,6,-30,4,24,2,-20,83,38,19,-11,11,27,-5,-24,68,13,11,-38,-2,28,-2,-32,73,28,20,11,34,31,3,-28,75,19,2,-19,3,29,47,-41,87,27,10,-9,-3,31,-11,-28,74,26,14
73.8600,-17,-2,27,-5,-48,97,46,18,-16,9,27,-11,-25,65,28,1,-32,5,32,-7,-19,81,31,21,-14,9,24,1,-24,68,8,15,-37,-6,29,1,-22,68,24,15,14,37,36,-3,-34,78,18,3,-15,4,25,50,-42,76,25,14,-14,1,32,-13,-33,80,33,12
73.8800,-17,0,30,3,-50,95,42,25,-10,3,28,-1,-19,70,18,6,-28,3,32,0,-26,79,37,24,-15,2,21,-8,-23,66,4,13,-41,-4,30,-1,-32,75,31,13,13,37,26,5,-34,74,16,2,-8,-9,26,48,-33,82,27,20,-10,7,31,-13,-40,82,28,11
73.9000,-16,-4,27,-2,-46,93,46,16,-16,10,30,-5,-18,74,21,5,-24,6,34,1,-21,87,38,24,-15,4,33,-2,-25,68,6,10,-44,-4,29,4,-24,68,24,13,7,39,40,-1,-35,86,11,0,-16,-6,20,49,-39,81,19,20,-6,5,25,-10,-32,80,26,6
73.9200,-19,1,28,-3,-49,93,40,27,-13,4,27,-5,-15,71,20,0,-29,8,28,-3,-28,86,35,28,-8,-1,30,-2,-20,68,8,12,-41,-3,31,-1,-30,76,27,10,7,41,27,6,-30,79,14,3,-20,-3,28,45,-42,85,24,13,-11,3,31,-12,-31,82,28,5
73.9400,-21,6,24,-7,-45,94,43,19,-20,5,33,-12,-20,73,15,7,-30,6,34,-5,-32,80,40,22,-6,-3,30,1,-32,66,4,11,-37,-2,30,-4,-28,73,24,16,7,37,28,0,-33,82,9,0,-21,0,27,36,-46,89,34,12,-9,3,33,-12,-32,84,29,14
73.9600,-14,-1,39,-7,-51,92,49,20,-26,6,29,-8,-23,80,16,3,-23,-1,26,-2,-29,92,36,22,-9,-1,28,-4,-25,65,9,11,-40,-1,29,-3,-28,70,24,15,5,35,34,-2,-39,84,17,8,-13,0,27,36,-40,81,31,14,-14,1,29,-13,-32,82,26,4
73.9800,-15,6,30,-9,-47,89,42,18,-20,6,32,-6,-18,74,19,1,-28,3,29,-5,-38,81,37,23,-8,-1,28,-3,-33,62,7,5,-36,4,27,-1,-23,82,19,15,3,39,31,-1,-28,86,6,6,-14,-3,30,41,-42,74,31,17,-11,-4,31,-14,-32,85,24,11
74.0000,-14,2,33,-13,-42,92,44,21,-21,10,30,-8,-17,78,12,2,-29,2,28,-10,-35,83,49,20,-11,4,33,4,-30,69,8,6,-41,1,37,-4,-19,76,21,15,8,36,33,0,-32,79,13,3,-13,-7,32,41,-37,81,32,18,-11,-1,24,-16,-30,86,24,6
74.0200,-13,3,35,-6,-38,93,42,22,-17,6,28,-7,-24,77,21,7,-28,-6,29,-11,-38,89,43,27,-7,0,33,0,-26,70,4,8,-45,1,31,3,-26,81,27,20,8,34,27,-2,-33,82,12,3,-6,-10,32,49,-35,74,31,17,-19,8,34,-10,-32,80,24,10
74.0400,-20,-9,28,-5,-45,92,39,17,-23,12,38,-5,-28,83,27,4,-25,-4,34,-2,-33,86,41,22,-5,6,27,3,-28,62,12,11,-47,4,27,-2,-29,88,25,20,13,33,32,-2,-35,83,17,5,-9,-9,29,49,-29,73,29,19,-23,-3,27,-14,-30,81,33,10
74.0600,-20,-4,34,-1,-43,95,41,20,-23,11,35,-5,-24,80,23,9,-29,-2,27,4,-34,85,51,20,-2,3,31,0,-26,65,10,6,-43,6,29,-2,-28,84,25,19,5,33,36,-7,-30,82,13,14,-9,-9,32,50,-39,86,36,15,-21,3,28,-17,-43,81,35,12
74.0800,-21,0,30,-3,-47,91,35,20,-22,13,35,-4,-26,86,20,7,-32,-1,31,-1,-40,88,49,23,-7,10,27,-1,-30,70,7,3,-43,8,33,2,-26,87,27,18,13,37,31,-3,-35,78,18,7,-11,-13,29,38,-42,83,40,8,-23,3,23,-11,-42,85,31,12
74.1000,-17,-3,36,0,-54,94,40,14,-26,0,28,-4,-31,80,23,11,-25,3,29,-2,-36,85,40,19,-11,12,33,2,-20,70,7,7,-47,4,25,-5,-25,91,21,21,4,32,31,-4,-26,80,16,13,-7,-8,28,45,-42,79,36,13,-18,5,26,-8,-38,87,32,13
74.1200,-14,2,29,-7,-47,96,37,14,-17,11,33,-4,-30,80,26,11,-28,-3,35,-5,-34,79,46,24,-12,11,30,0,-25,71,2,1,-50,8,31,1,-31,88,18,16,4,33,37,-6,-39,83,20,6,-7,-5,20,52,-34,78,33,13,-16,3,29,-7,-22,83,34,12
74.1400,-16,-2,28,0,-50,95,38,24,-26,14,38,-2,-26,86,27,6,-27,1,31,-3,-42,88,47,13,-4,12,26,-4,-22,68,6,0,-46,5,31,-6,-32,94,27,21,9,29,29,-4,-36,79,21,7,3,-8,23,49,-21,73,28,14,-15,2,21,-13,-37,88,32,11
74.1600,-18,1,30,-4,-43,93,45,26,-22,2,27,-4,-30,76,15,15,-28,5,33,-8,-38,83,48,22,-11,13,32,2,-25,76,8,4,-47,4,26,2,-38,87,22,22,12,25,37,-4,-35,81,24,8,0,-8,26,51,-33,82,33,4,-19,-3,31,-6,-34,90,27,14
74.1800,-20,-6,31,1,-47,97,37,14,-20,1,26,3,-42,81,27,11,-23,-2,32,-6,-32,81,49,14,-8,14,28,-2,-28,77,4,5,-51,4,24,-1,-31,85,21,24,9,26,31,-7,-36,83,22,4,-11,-4,29,37,-45,88,39,3,-19,-1,34,-9,-41,82,33,11
74.2000,-20,-3,27,1,-51,100,37,17,-27,9,25,2,-31,83,32,12,-19,0,35,-5,-29,75,50,19,-14,14,32,-5,-27,73,1,4,-49,0,35,5,-37,87,23,21,3,30,34,0,-35,75,21,9,-2,-3,27,47,-31,77,36,7,-11,-2,34,-14,-34,83,22,13
74.2200,-15,-1,24,-1,-47,100,39,14,-31,3,30,-3,-37,85,31,5,-31,-5,26,-6,-33,74,49,16,-19,16,35,1,-26,80,9,3,-48,1,32,-1,-42,84,30,17,11,29,33,-4,-33,79,24,9,-1,-2,25,54,-25,80,29,8,-18,-5,30,-9,-32,82,30,11
74.2400,-19,6,24,-1,-44,95,37,18,-27,6,37,-1,-34,82,16,6,-25,6,29,7,-36,78,50,13,-16,14,32,-5,-25,78,7,10,-50,3,32,0,-46,87,23,21,11,24,27,-7,-35,83,24,3,-7,-1,27,48,-27,81,33,6,-14,-1,25,-9,-35,86,29,9
74.2600,-22,3,29,3,-42,97,40,18,-26,8,26,-4,-37,81,26,4,-26,7,25,2,-28,73,49,18,-11,16,28,-3,-21,76,7,-2,-52,4,28,-1,-43,87,30,19,12,15,36,3,-33,79,21,-2,-8,0,24,45,-32,80,32,3,-17,-3,29,-13,-38,84,32,14
74.2800,-17,-4,25,0,-45,86,38,14,-20,3,34,0,-39,83,31,11,-27,3,27,-6,-32,72,53,16,-13,12,29,-6,-24,75,8,7,-53,2,30,1,-39,82,32,23,13,23,41,3,-36,84,26,4,2,-2,30,50,-27,79,25,9,-13,-4,31,-17,-40,84,29,6
74.3000,-18,-1,24,-4,-54,95,42,23,-12,-1,19,-3,-23,75,28,6,-31,10,32,-1,-30,75,44,15,-12,10,27,-1,-30,74,1,11,-49,3,31,-2,-32,85,34,27,18,30,28,2,-35,76,21,2,-2,7,23,44,-36,83,27,3,-13,-3,25,-8,-39,84,28,5
74.3200,-20,-4,28,-6,-47,94,40,24,-21,0,24,0,-35,80,24,6,-30,0,31,-1,-36,79,41,13,-12,21,35,-2,-30,77,6,4,-52,-5,25,4,-33,82,33,25,20,32,30,-6,-36,79,25,-5,-3,10,24,47,-26,82,27,9,-10,7,33,-13,-33,85,32,9
74.3400,-18,2,23,-5,-39,93,32,23,-19,-3,29,-4,-27,80,27,2,-30,3,25,-4,-29,75,45,19,-19,16,29,-4,-28,75,10,3,-45,-4,31,3,-32,84,26,14,17,27,33,2,-32,84,22,-4,-5,9,26,46,-40,88,29,4,-5,-2,32,-7,-32,85,31,9
74.3600,-17,-3,34,-4,-48,94,45,23,-20,-1,35,-2,-30,75,27,3,-24,6,24,-4,-32,74,44,14,-22,13,32,-5,-34,71,12,11,-53,-7,29,-1,-38,82,32,22,22,34,32,2,-27,81,25,-2,-3,2,26,48,-16,85,20,8,-12,1,26,-3,-36,86,32,11
74.3800,-20,-1,33,0,-49,98,39,23,-13,0,40,-1,-28,75,26,5,-32,9,24,-4,-38,80,46,12,-19,9,20,2,-28,75,5,10,-49,-1,26,-2,-34,84,28,20,20,26,26,1,-29,85,22,7,-11,7,24,44,-34,90,22,10,-11,-1,34,-12,-33,82,27,12
74.4000,-19,-3,30,-8,-51,99,42,24,-17,0,36,3,-22,68,28,5,-32,7,30,-6,-24,79,44,12,-21,14,24,-9,-34,77,9,8,-51,-2,33,1,-30,83,29,24,20,31,35,5,-24,79,12,-5,-17,9,23,42,-24,88,22,12,-9,0,34,-8,-33,83,27,6
74.4200,-15,-2,31,-11,-47,90,38,15,-10,3,30,-1,-25,67,29,1,-33,5,28,-4,-27,79,45,13,-22,9,27,-8,-27,72,8,9,-51,-7,35,-1,-43,82,28,12,18,39,30,-4,-36,84,14,-2,-11,2,27,47,-33,85,23,10,-17,-2,35,-11,-39,83,26,15
74.4400,-19,-5,26,-5,-51,101,48,22,-17,0,26,-7,-25,66,30,0,-28,3,28,-6,-30,77,44,17,-18,5,28,-2,-34,68,5,10,-40,-4,33,-2,-36,80,32,21,15,35,30,3,-31,84,13,-6,-21,8,29,44,-42,93,28,14,-16,2,35,-10,-33,88,33,13
74.4600,-17,-2,29,-5,-42,93,38,19,-16,-2,30,-2,-26,69,23,0,-34,4,26,-2,-26,77,43,20,-16,10,27,3,-31,74,7,12,-45,-5,33,-6,-34,81,24,19,20,35,30,0,-29,84,14,-1,-18,9,29,43,-33,87,23,16,-17,0,35,-17,-41,86,29,10
74.4800,-16,0,34,-9,-45,97,39,17,-11,12,29,-6,-22,66,28,6,-39,9,29,0,-24,81,42,20,-14,5,32,-1,-32,73,8,17,-41,-9,33,2,-39,80,23,26,16,40,31,-3,-32,79,12,-3,-17,6,18,54,-23,83,19,16,-16,5,29,-16,-36,84,26,9
74.5000,-23,2,33,-16,-43,93,40,22,-20,8,27,-4,-23,76,29,4,-29,3,28,-5,-28,82,39,20,-18,5,30,-4,-34,70,8,9,-41,-6,25,1,-33,78,27,20,9,37,26,-2,-30,84,11,2,-18,7,24,50,-35,86,19,18,-15,-4,33,-12,-34,85,33,12
74.5200,-16,0,29,-7,-42,96,47,17,-24,3,33,-3,-18,69,24,2,-26,3,32,-1,-26,83,36,23,-21,4,23,0,-28,70,8,14,-46,-6,27,4,-30,84,34,22,10,35,30,-4,-31,86,15,-3,-17,0,24,49,-39,82,29,13,-8,0,29,-12,-32,80,33,18
74.5400,-19,-3,28,-1,-42,96,37,18,-16,3,31,-6,-24,69,23,-3,-34,-3,30,-2,-28,77,43,20,-20,-3,31,0,-28,68,8,8,-44,-8,25,-1,-28,76,31,16,5,42,34,-2,-36,79,13,3,-15,0,25,50,-33,81,31,16,-11,0,29,-13,-29,79,37,15
74.5600,-22,-1,34,-6,-47,96,48,15,-24,10,28,-5,-21,75,29,-2,-33,2,26,-3,-29,77,41,25,-9,-1,27,4,-23,57,9,9,-37,1,27,-1,-23,75,29,18,2,46,33,-2,-31,83,10,4,-20,-2,26,51,-37,82,33,15,-15,4,27,-10,-36,81,27,15
74.5800,-17,1,34,-3,-40,93,42,23,-18,2,33,-7,-21,73,24,0,-30,0,28,-4,-24,78,35,27,-10,2,31,0,-25,67,8,12,-43,-4,30,-2,-28,73,30,18,7,39,25,-1,-27,80,15,4,-14,-3,26,43,-40,81,27,22,-12,4,32,-14,-32,89,33,13
74.6000,-12,-3,28,-8,-50,101,39,22,-13,9,30,-7,-16,74,22,-5,-26,0,35,3,-29,81,36,24,-18,6,31,1,-29,65,11,12,-43,-4,34,3,-33,80,23,16,4,39,31,-6,-27,79,16,6,-12,-5,26,52,-33,79,29,14,-9,4,30,-20,-35,88,33,8
74.6200,-8,-8,27,-3,-41,95,33,16,-25,12,26,-9,-21,71,25,9,-28,3,30,1,-27,78,35,20,-6,5,28,-6,-30,64,8,8,-48,-3,29,-1,-30,82,25,20,4,38,35,-4,-25,77,22,6,-17,-10,40,45,-47,83,31,14,-15,-1,31,-12,-33,83,32,11
74.6400,-16,-2,36,-4,-45,100,41,25,-17,11,35,-4,-22,72,21,7,-25,-2,30,-2,-31,81,42,22,-8,6,30,-5,-25,68,10,7,-46,-1,25,1,-24,80,30,18,-2,46,34,-6,-35,87,15,11,-20,-7,28,47,-44,82,32,22,-15,-3,30,-10,-41,85,32,12
74.6600,-13,2,34,-7,-51,100,38,19,-19,13,34,0,-17,74,24,2,-25,3,35,-1,-34,77,47,22,-11,7,35,8,-18,65,10,8,-44,-5,34,-3,-29,80,28,20,4,31,34,0,-37,85,15,5,-10,-4,26,55,-36,87,37,15,-11,-5,29,-16,-34,82,38,14
74.6800,-24,1,31,-3,-51,96,40,16,-18,4,27,-9,-21,76,14,6,-21,1,28,5,-25,83,39,28,-10,6,21,2,-23,59,5,8,-41,2,36,2,-27,79,30,20,3,28,26,-3,-37,83,20,10,-8,-9,28,55,-27,79,31,14,-18,-1,28,-14,-36,81,32,10
74.7000,-14,1,28,-5,-49,94,41,17,-19,15,23,-3,-17,77,13,9,-21,-4,35,0,-25,84,43,22,-6,6,28,7,-17,69,7,7,-42,3,37,-4,-33,82,24,19,2,31,29,6,-35,79,16,9,-14,-4,33,57,-39,80,31,12,-14,-2,31,-8,-35,85,30,12
74.7200,-16,-2,34,1,-48,92,44,25,-23,10,27,-4,-29,81,22,10,-24,-2,40,7,-22,83,40,33,-8,4,28,1,-25,70,11,1,-46,-2,33,7,-28,76,28,21,8,31,27,3,-33,83,21,9,-7,-9,33,55,-36,87,30,14,-11,2,24,-11,-33,88,29,8
74.7400,-11,-3,34,-2,-53,96,40,17,-17,7,35,-5,-21,80,26,8,-25,0,34,-1,-24,83,49,25,-8,2,31,-2,-19,69,5,8,-42,0,32,2,-29,78,25,24,4,25,23,2,-44,82,17,8,1,-14,28,54,-29,80,30,6,-10,1,30,-11,-34,87,32,8
74.7600,-12,2,26,-3,-38,96,36,16,-25,5,33,-6,-23,77,28,5,-24,0,31,-4,-27,87,38,21,-8,6,37,-11,-24,69,12,4,-43,5,37,-5,-29,85,25,27,3,34,32,1,-41,80,19,2,-4,-6,33,49,-43,82,28,8,-13,-5,28,-9,-37,84,35,9
74.7800,-14,1,29,-6,-51,90,38,14,-20,5,30,-1,-19,75,25,9,-29,4,25,4,-27,85,38,21,-8,9,28,-2,-23,78,10,5,-46,0,38,0,-28,77,25,18,1,29,33,-4,-42,88,20,8,-6,-6,34,53,-30,79,31,10,-10,-5,25,-9,-40,86,35,3
74.8000,-13,0,28,-4,-47,100,39,17,-23,8,28,-6,-19,79,30,7,-23,-4,34,5,-33,84,43,19,-11,13,32,0,-29,72,-1,7,-48,3,30,-5,-29,80,20,23,14,23,31,1,-34,79,21,2,-2,-3,28,54,-27,78,27,14,-9,-1,33,-9,-41,86,34,-1
74.8200,-20,-3,35,-7,-45,101,42,25,-19,2,34,0,-18,73,26,8,-29,0,32,2,-31,82,41,26,-8,12,33,2,-29,71,4,1,-48,0,32,-5,-29,83,29,17,9,27,33,7,-39,86,15,2,-3,-11,28,57,-18,78,21,19,-10,2,23,-7,-37,86,33,4
74.8400,-19,-1,29,-3,-47,102,42,13,-23,7,31,0,-24,83,23,7,-24,1,33,-3,-34,78,44,21,-13,5,37,0,-30,73,4,9,-51,-5,37,-6,-27,82,30,22,14,22,30,2,-33,84,21,5,-11,-7,33,55,-32,85,25,9,-6,2,33,-9,-26,81,32,9
74.8600,-24,2,31,-6,-45,94,44,20,-23,11,36,-5,-28,80,24,4,-27,4,29,-3,-34,88,45,21,-12,10,33,-3,-31,72,6,11,-55,1,31,-6,-30,87,32,20,15,25,38,7,-31,86,16,2,-5,-1,28,46,-32,88,31,5,-13,4,29,-10,-31,78,28,11
74.8800,-22,-1,27,-11,-43,100,43,18,-24,9,32,0,-29,78,31,5,-25,4,38,-6,-27,89,40,20,-13,13,34,-7,-23,70,0,7,-44,8,32,-3,-31,84,36,24,11,23,32,2,-33,82,14,3,-4,2,36,48,-50,88,36,6,-18,1,30,-9,-33,86,25,7
74.9000,-23,5,37,-11,-50,99,38,17,-24,17,36,-7,-27,84,18,2,-25,2,31,-4,-34,83,42,17,-14,7,29,-6,-28,73,11,2,-53,5,29,-3,-32,79,31,19,21,32,30,4,-32,83,18,0,-2,-3,35,53,-24,79,29,16,-23,1,30,-11,-39,91,38,7
74.9200,-17,-1,31,-2,-46,96,41,11,-16,8,36,-2,-26,81,26,6,-31,5,32,-4,-37,83,43,15,-21,15,31,-3,-32,72,13,13,-53,1,35,-4,-36,85,31,23,22,27,31,-4,-21,86,14,3,0,-3,32,50,-25,79,28,12,-19,2,32,-10,-44,89,32,0
74.9400,-19,3,31,-7,-42,90,42,18,-18,11,35,5,-19,82,18,7,-25,0,29,-2,-31,81,39,18,-12,10,38,-1,-32,75,5,2,-55,-2,28,-4,-34,88,29,23,23,27,28,3,-20,75,19,-2,-5,1,31,44,-31,88,29,14,-13,-1,37,-16,-37,94,34,0
74.9600,-22,-6,32,-12,-50,100,43,19,-11,8,36,-10,-24,84,20,6,-31,7,31,-3,-30,82,44,24,-12,0,37,-1,-33,70,6,8,-51,-1,31,-2,-36,87,24,20,21,24,37,0,-25,78,20,5,-12,-5,23,47,-40,79,27,13,-18,4,37,-10,-33,87,33,10
74.9800,-20,0,31,-2,-47,90,46,16,-18,12,34,-3,-30,79,30,5,-31,6,33,-4,-35,87,48,18,-10,6,30,-3,-33,73,9,5,-44,1,34,1,-35,85,31,25,22,31,40,6,-31,80,19,-3,-9,-7,22,51,-21,83,24,16,-15,7,38,-11,-34,87,27,8
75.0000,-18,1,31,-6,-39,94,47,17,-22,8,28,-7,-26,87,22,11,-32,3,27,0,-39,81,48,28,-17,10,28,-2,-29,72,5,6,-47,3,29,-8,-34,87,32,17,12,33,35,-4,-27,84,15,-1,-6,-4,28,46,-41,81,28,10,-12,7,29,-10,-36,84,33,12
75.0200,-22,-6,25,-1,-50,98,42,17,-28,11,28,-3,-24,84,25,2,-26,8,28,-5,-35,81,44,21,-20,8,27,-4,-29,74,11,12,-56,0,32,-5,-36,92,25,22,10,38,40,2,-29,80,13,9,-15,-3,34,40,-41,83,32,8,-22,3,36,-14,-31,85,31,9
75.0400,-27,-1,30,-11,-48,94,48,21,-20,5,29,-2,-25,81,27,8,-33,3,33,-5,-40,83,48,21,-18,7,22,1,-31,70,8,8,-50,1,35,1,-36,88,28,19,18,29,38,0,-30,80,15,7,-8,-5,32,46,-28,79,33,16,-18,1,29,-12,-27,78,26,16
75.0600,-21,-1,33,-1,-48,98,42,19,-24,11,31,-6,-25,84,23,4,-31,0,23,-4,-40,87,50,17,-11,3,29,-2,-25,73,8,6,-48,1,30,0,-33,84,26,20,19,28,36,-7,-26,81,15,3,-12,3,17,49,-25,81,29,17,-15,3,30,-12,-34,74,26,15
75.0800,-22,2,27,-8,-47,93,44,19,-18,9,36,-7,-35,82,25,2,-27,3,30,1,-37,76,47,23,-16,14,35,0,-33,71,12,3,-53,-5,38,2,-32,87,30,21,15,31,32,-3,-33,83,14,2,-9,-8,26,50,-25,84,20,13,-12,-2,26,-10,-19,78,28,12
75.1000,-19,-3,33,-7,-48,94,38,16,-23,9,30,-6,-26,85,26,5,-34,5,35,-3,-36,84,49,17,-14,-3,34,-6,-34,72,7,13,-48,-1,34,-1,-36,89,27,22,12,32,30,-5,-36,88,13,2,-20,0,32,46,-54,97,31,3,-14,4,30,-13,-39,81,29,16
75.1200,-18,-6,29,-14,-49,96,38,16,-30,6,36,4,-32,82,29,0,-31,9,34,-6,-43,77,51,15,-10,4,28,0,-33,72,7,0,-52,1,35,-1,-42,89,31,21,28,28,34,0,-31,89,9,11,-14,1,35,42,-39,89,35,5,-24,3,37,-17,-40,87,33,11
75.1400,-18,-2,29,-9,-50,93,35,18,-20,12,19,-5,-29,82,25,1,-29,6,32,-6,-33,87,51,24,-16,3,27,-3,-27,68,9,10,-45,-7,32,-1,-40,80,30,22,12,32,33,-6,-30,93,13,5,-10,-3,28,48,-34,82,30,16,-20,4,30,-15,-40,92,33,11
75.1600,-17,-9,31,-8,-51,92,47,24,-18,12,33,-1,-26,80,31,5,-33,4,32,-3,-34,77,46,22,-12,8,33,0,-33,74,6,14,-52,-1,33,0,-26,80,36,24,8,34,31,-2,-30,92,16,3,-6,-5,31,52,-25,80,33,14,-14,5,30,-9,-31,85,28,12
75.1800,-15,-1,31,1,-52,94,47,17,-25,10,27,4,-23,81,28,3,-25,-1,27,-2,-28,85,48,18,-8,4,26,-2,-35,74,9,9,-48,2,33,-5,-30,81,30,20,8,27,30,1,-36,88,18,6,-15,-2,29,53,-37,86,28,10,-17,-5,33,-7,-32,80,34,16
75.2000,-15,-3,36,-6,-45,95,43,24,-25,9,36,-1,-25,77,24,5,-28,8,33,6,-32,83,43,15,-13,5,25,0,-24,65,3,11,-44,-3,29,0,-38,90,27,19,11,36,31,0,-34,88,15,0,-17,-3,27,54,-35,96,24,6,-19,-2,27,-13,-35,80,24,12
75.2200,-13,0,29,2,-52,103,37,16,-23,5,29,3,-23,74,26,0,-29,7,30,-5,-36,80,46,15,-11,6,29,6,-25,72,10,8,-49,6,32,3,-31,88,34,23,14,33,26,0,-32,88,22,3,-8,-6,23,57,-29,82,33,9,-17,-2,27,-14,-34,89,32,20
75.2400,-16,-7,29,-5,-50,99,42,18,-21,13,32,2,-22,76,25,1,-31,9,37,7,-33,79,48,20,-23,4,36,4,-33,77,7,9,-47,0,27,0,-30,87,30,23,7,33,26,1,-32,89,11,0,-9,-4,27,52,-36,91,28,11,-16,-5,34,-15,-43,85,31,18
75.2600,-17,-3,26,-2,-46,99,48,22,-17,8,32,0,-21,75,31,11,-34,-1,34,6,-32,81,44,21,-15,6,26,5,-31,72,10,8,-52,2,34,7,-34,83,34,21,10,36,29,-4,-35,88,22,-2,-15,0,34,53,-42,96,30,7,-21,-7,32,-14,-42,85,30,12
75.2800,-20,-3,32,-7,-45,92,48,17,-21,14,26,-1,-29,75,22,7,-27,9,33,-5,-25,81,41,16,-11,8,30,-4,-36,75,15,6,-54,-6,33,-3,-36,85,38,18,13,35,28,-4,-37,85,21,0,-18,-2,24,55,-39,93,31,8,-21,-2,40,-18,-43,84,31,16
75.3000,-9,-6,27,-6,-45,92,44,25,-16,14,31,4,-25,73,32,1,-32,8,33,-7,-38,81,46,19,-11,9,31,-1,-31,75,13,2,-45,-5,34,-4,-33,83,30,23,15,34,28,-1,-22,87,20,2,-7,-9,20,56,-17,82,27,17,-13,-6,33,-13,-30,86,26,13
75.3200,-18,1,38,-10,-51,99,42,20,-18,7,31,1,-27,70,24,2,-31,4,37,-6,-32,82,42,24,-19,13,28,3,-30,78,12,17,-54,2,30,1,-37,84,36,12,11,36,27,-1,-41,92,20,-4,-11,4,22,57,-30,85,28,13,-17,-4,31,-13,-31,91,27,14
75.3400,-18,-6,26,-6,-43,96,38,25,-22,2,38,-1,-20,70,25,2,-20,1,36,0,-26,82,45,25,-14,10,30,2,-29,73,12,6,-53,1,34,-2,-36,85,33,22,12,37,31,0,-39,90,16,-4,-15,-8,28,53,-45,89,31,4,-7,-4,32,-11,-34,81,31,14
75.3600,-11,2,35,-6,-47,99,40,22,-22,7,32,5,-20,78,22,2,-25,3,29,0,-25,85,39,24,-13,6,36,4,-31,76,13,7,-48,-4,32,3,-27,81,34,24,11,33,30,5,-44,85,16,-2,-21,6,33,50,-45,84,33,11,-8,-7,31,-14,-37,88,27,17
75.3800,-15,0,38,-7,-44,98,44,19,-16,7,27,-4,-17,71,24,4,-28,1,35,-2,-31,79,40,19,-20,13,31,8,-37,73,6,6,-45,-8,36,-1,-31,87,31,16,3,39,35,-2,-39,91,23,-2,-12,-3,28,61,-31,79,34,9,-11,-14,31,-12,-38,86,39,9
75.4000,-23,-2,30,-2,-44,93,49,17,-16,4,31,-2,-20,73,18,0,-34,2,30,-6,-26,89,36,18,-16,12,36,0,-31,69,11,0,-50,-5,33,2,-30,79,32,20,5,38,35,1,-30,87,23,-1,-17,-2,28,56,-36,84,33,13,-10,-8,25,-17,-40,90,32,11
75.4200,-16,4,31,0,-44,95,39,16,-16,9,34,-4,-20,66,26,1,-30,2,26,0,-29,84,43,24,-12,14,34,6,-23,66,3,3,-51,-1,35,1,-39,86,34,12,6,37,32,5,-38,86,19,2,-16,-4,29,56,-41,88,34,10,-13,4,30,-9,-32,91,34,15
75.4400,-16,-1,34,-8,-50,93,40,21,-17,10,30,-3,-19,74,27,10,-28,1,35,6,-27,80,41,30,-25,11,33,3,-36,72,6,7,-53,7,38,-9,-32,81,33,17,9,29,28,2,-33,91,22,-3,-10,-2,35,52,-43,82,22,8,-7,1,27,-11,-29,89,30,12
75.4600,-22,1,29,-3,-44,97,45,15,-21,14,34,-5,-19,76,21,4,-27,8,34,-1,-29,82,44,20,-22,11,30,-2,-37,71,16,2,-52,7,31,0,-31,81,30,13,9,38,28,1,-30,88,15,-1,-15,1,32,55,-32,82,30,9,-9,-9,29,-7,-33,87,32,9
75.4800,-21,-1,33,-3,-48,94,42,12,-18,6,30,-3,-24,70,16,4,-31,5,25,-3,-28,81,38,24,-13,13,28,-1,-29,70,10,6,-44,0,35,3,-24,80,27,19,13,42,31,4,-32,89,10,-2,-15,-3,28,55,-33,86,23,11,-15,-2,29,-12,-41,86,36,9
75.5000,-18,-3,35,3,-47,96,50,17,-15,13,32,-8,-10,70,20,5,-30,-1,32,-2,-25,86,41,21,-12,14,30,-4,-29,72,12,6,-50,-1,32,2,-34,82,28,17,9,40,30,9,-31,93,17,2,-13,-4,27,51,-36,76,31,11,-8,-7,30,-3,-37,85,35,16
75.5200,-17,0,33,-1,-48,97,44,12,-20,12,33,1,-19,72,20,4,-29,2,30,-1,-32,82,37,22,-15,6,38,-1,-15,65,7,10,-58,1,38,-1,-28,82,34,19,11,36,31,6,-23,88,19,0,-8,-7,28,49,-29,82,26,15,-14,-1,28,-6,-43,85,28,7
75.5400,-19,-1,36,-3,-49,97,51,17,-21,14,33,-4,-7,74,18,6,-28,-1,31,0,-32,86,38,21,-16,12,35,-1,-28,67,12,0,-50,0,38,-6,-28,81,29,19,6,30,34,0,-28,82,19,3,-14,-1,33,54,-36,83,30,13,-12,-2,25,-5,-39,84,39,8
75.5600,-26,2,29,-3,-54,100,50,10,-20,11,27,-3,-11,74,16,5,-28,4,26,-2,-31,86,42,18,-14,9,37,-5,-27,68,11,8,-56,4,28,-12,-30,81,30,13,14,28,36,2,-30,80,17,-2,-8,-4,31,52,-31,79,17,13,-17,0,28,-12,-46,87,32,3
75.5800,-19,-1,27,-8,-45,98,49,20,-15,8,35,-6,-17,74,20,9,-31,3,34,-7,-34,88,42,23,-15,13,30,-3,-31,71,10,8,-50,-1,35,-2,-34,78,27,20,9,38,29,5,-25,82,21,6,-16,-1,33,48,-33,89,26,12,-8,5,33,-9,-36,85,23,2
75.6000,-17,0,37,-3,-52,98,46,18,-18,6,27,-2,-12,77,17,8,-27,4,32,-2,-37,80,40,19,-10,9,29,-2,-26,65,11,10,-48,-6,30,4,-37,82,27,21,12,39,33,4,-26,81,22,6,-16,-2,31,45,-30,83,32,17,-14,4,34,-9,-35,82,32,4
75.6200,-19,3,34,-3,-48,91,46,23,-21,8,28,0,-17,81,21,11,-31,2,31,-3,-31,82,42,20,-10,16,33,-1,-22,70,12,4,-50,0,36,-5,-32,84,24,25,12,35,36,0,-18,88,18,-1,-15,-4,29,50,-32,80,26,13,-15,4,32,-8,-28,87,32,10
75.6400,-21,4,32,-5,-46,100,46,20,-19,9,37,-5,-16,81,23,7,-30,0,29,1,-32,83,44,23,-12,5,28,-9,-25,66,7,11,-44,-2,33,-4,-32,83,23,17,6,36,40,-1,-32,88,14,-1,-13,-3,26,50,-30,82,29,13,-22,3,32,-9,-29,89,28,7
75.6600,-17,-4,30,-6,-47,91,47,15,-19,11,37,-3,-15,83,22,10,-35,9,33,1,-30,85,43,23,-13,6,43,1,-31,67,9,6,-53,1,38,-1,-27,86,29,16,13,37,35,3,-20,86,16,4,-18,-5,35,41,-27,81,24,16,-17,2,31,-12,-34,84,30,4
75.6800,-19,-7,27,-9,-43,98,48,12,-19,9,35,-7,-22,79,20,7,-32,9,32,1,-35,84,42,29,-12,5,36,-2,-31,69,9,12,-45,-3,28,2,-32,82,28,22,11,25,34,2,-28,86,12,0,-8,-7,37,46,-36,87,20,14,-14,4,27,-14,-37,81,33,7
75.7000,-16,1,32,-6,-51,98,41,17,-20,10,29,-2,-16,88,18,3,-29,4,37,-1,-31,87,45,18,-17,4,32,-5,-25,76,11,3,-48,-1,38,-1,-26,84,27,16,10,31,37,-1,-30,88,13,4,-14,-14,30,36,-38,86,26,10,-14,1,31,-9,-29,82,33,9
75.7200,-28,-2,30,-15,-56,100,43,17,-18,8,31,-2,-22,83,18,9,-32,1,36,3,-35,86,50,27,-6,7,32,-3,-26,68,4,9,-49,2,35,-2,-20,87,28,24,11,32,40,-5,-35,89,15,7,-9,-6,27,49,-20,79,23,22,-17,1,28,-9,-29,87,32,4
75.7400,-25,-4,36,-10,-55,98,44,17,-23,9,34,1,-19,85,29,10,-24,8,36,-1,-33,90,46,22,-16,6,27,-8,-21,70,8,12,-48,2,34,2,-27,88,34,24,13,28,30,1,-26,86,12,8,-9,-6,23,56,-28,80,24,15,-20,12,40,-7,-32,86,34,5
75.7600,-25,2,32,-3,-54,95,47,15,-12,9,29,-2,-22,87,17,2,-26,0,35,-1,-39,84,50,20,-16,6,31,-2,-29,73,10,6,-43,3,36,-6,-33,87,27,23,11,31,34,2,-21,82,9,10,-14,-6,34,48,-36,86,26,14,-24,3,30,-5,-31,80,29,14
75.7800,-21,-5,32,-4,-49,98,43,17,-14,6,34,1,-27,86,25,7,-37,7,30,1,-37,96,44,22,-16,9,34,-4,-31,66,8,10,-50,-2,29,-3,-35,87,29,23,18,30,36,-2,-26,85,11,4,-12,-8,32,49,-44,85,29,12,-14,1,32,-11,-39,88,23,15
75.8000,-28,-1,31,-1,-52,95,43,14,-17,14,35,-1,-24,83,21,4,-32,0,36,3,-29,89,40,24,-16,7,31,0,-25,69,16,4,-55,-3,31,-2,-33,93,33,24,10,30,31,-2,-22,88,12,6,-4,-3,24,46,-27,86,22,17,-14,-2,33,-13,-25,86,23,12
75.8200,-15,-3,33,-9,-45,103,39,17,-17,8,35,3,-21,80,17,4,-30,-2,31,-5,-34,91,45,21,-14,12,35,-4,-34,65,8,8,-52,7,32,-1,-49,90,35,9,10,35,33,-5,-29,90,15,8,-17,-2,36,48,-33,89,30,14,-18,2,36,-11,-37,88,28,8
75.8400,-21,-4,38,0,-48,105,43,15,-18,13,34,-3,-21,86,12,5,-30,0,36,-2,-44,82,48,22,-15,10,27,1,-27,72,3,8,-53,4,33,1,-39,91,32,27,10,28,32,-5,-24,86,18,9,-6,0,38,48,-44,90,32,7,-27,-5,37,-14,-35,89,22,12
75.8600,-25,-8,32,-4,-55,97,44,20,-19,9,32,-4,-24,84,23,6,-34,-4,34,0,-40,83,53,18,-9,9,30,6,-24,78,14,8,-49,-7,21,-6,-35,91,33,24,13,29,32,-6,-28,94,20,1,-8,-1,34,47,-37,88,32,10,-25,5,38,-10,-38,92,32,12
75.8800,-19,-3,33,-14,-51,92,43,17,-21,8,32,-5,-27,84,25,7,-33,9,34,-2,-32,84,39,18,-12,8,31,1,-29,75,5,10,-50,0,33,2,-31,94,31,22,15,29,36,-9,-32,91,14,5,-4,-7,22,61,-27,84,28,13,-11,0,30,-14,-30,84,26,16
75.9000,-27,-6,30,-9,-53,94,50,17,-22,8,37,1,-22,78,25,4,-37,5,34,-4,-37,86,45,20,-13,11,27,2,-33,73,14,11,-50,4,34,2,-36,86,31,25,16,30,35,1,-32,91,16,3,-2,-19,26,57,-20,89,29,14,-15,0,33,-12,-29,88,26,12
75.9200,-17,-6,21,-6,-33,90,40,20,-18,5,25,4,-23,74,23,12,-28,-2,33,-4,-39,81,51,21,-15,8,33,3,-21,67,10,14,-49,-6,34,1,-37,88,31,23,14,29,30,-2,-31,95,16,1,-7,-7,27,51,-36,86,28,8,-12,-2,27,-14,-30,87,24,11
75.9400,-16,-3,23,7,-41,92,39,16,-17,3,28,3,-20,80,35,2,-36,6,25,-3,-29,86,52,18,-9,8,35,5,-26,72,5,8,-55,3,29,-3,-33,88,31,21,15,28,31,-5,-36,93,23,2,-21,-4,32,48,-36,94,37,22,-19,3,30,-14,-26,92,23,19
75.9600,-16,-1,28,-6,-47,101,44,20,-23,14,38,-4,-19,70,24,8,-37,2,34,-7,-36,77,51,19,-16,9,35,1,-27,75,14,8,-50,-4,33,2,-35,90,27,20,11,32,29,-8,-33,89,13,9,-8,-2,34,49,-41,89,27,12,-18,-1,35,-15,-35,88,24,11
75.9800,-21,-3,26,1,-50,93,35,15,-25,11,44,2,-37,83,20,5,-33,3,31,-6,-27,81,42,20,-15,9,34,0,-33,74,14,4,-53,-2,32,10,-33,83,28,21,14,32,30,1,-32,91,17,0,-5,-5,34,48,-29,87,37,15,-18,-3,26,-11,-30,89,26,15
76.0000,-26,-9,28,-10,-48,96,40,21,-27,15,35,-4,-26,77,26,4,-34,6,37,-5,-27,77,45,18,-15,8,28,-2,-39,74,10,8,-50,-4,33,-2,-36,87,28,18,16,35,35,-2,-37,94,21,1,-15,1,32,51,-42,95,32,7,-16,-4,33,-15,-34,88,28,14
76.0200,-22,-3,31,0,-45,99,38,21,-15,17,31,1,-25,67,19,2,-37,7,27,0,-29,81,43,20,-16,8,34,-2,-37,70,7,9,-51,1,31,4,-37,82,31,19,15,26,34,-2,-30,88,18,0,-14,-2,38,57,-27,83,26,14,-12,0,30,-11,-28,86,23,16
76.0400,-21,-1,32,1,-45,98,38,18,-24,12,37,-5,-19,73,23,4,-39,8,29,-4,-34,83,41,20,-18,2,31,0,-29,65,16,8,-51,1,31,-3,-35,83,38,14,12,37,31,-2,-34,91,17,1,-7,7,27,55,-33,80,24,7,-10,-8,30,-8,-33,84,27,18
76.0600,-15,-5,36,0,-50,96,45,16,-18,4,35,-2,-20,71,25,5,-29,9,36,-1,-23,79,42,19,-20,12,31,-2,-30,69,6,10,-53,2,36,-4,-38,88,35,22,15,36,28,7,-35,92,17,-5,-9,-3,28,59,-21,84,19,16,-10,-3,30,-6,-35,91,27,13
76.0800,-14,-1,31,-2,-50,98,38,22,-27,10,34,2,-22,72,27,1,-31,1,28,-1,-28,78,40,19,-16,10,31,6,-34,71,11,11,-45,1,38,-3,-40,88,39,25,16,36,33,8,-30,97,16,-1,-14,2,24,53,-38,86,30,11,-15,-6,32,-5,-35,88,34,16
76.1000,-21,-1,29,-2,-40,96,46,20,-26,9,40,-3,-14,71,22,3,-37,2,29,-2,-19,78,41,18,-16,6,33,-1,-37,74,9,8,-55,6,33,-7,-44,88,36,24,12,37,34,7,-30,90,17,2,-20,3,35,51,-47,91,33,12,-12,-2,31,-12,-31,89,33,19
76.1200,-14,1,35,-3,-48,94,38,20,-25,5,31,-7,-13,71,24,3,-28,11,45,2,-30,80,41,26,-20,12,32,4,-33,69,12,7,-53,-1,39,-5,-29,81,34,21,13,39,34,3,-25,85,20,-6,-15,-3,29,59,-31,83,29,13,-12,-6,28,-8,-35,83,28,11
76.1400,-21,-3,30,-1,-43,97,42,15,-19,7,28,-1,-9,67,14,7,-32,5,35,-2,-16,81,36,25,-9,7,35,3,-24,73,11,8,-61,4,37,-5,-34,86,31,17,6,40,37,3,-34,86,22,-7,-13,-6,32,56,-25,84,29,14,-10,2,28,-4,-35,90,28,11
76.1600,-22,-5,31,-5,-52,90,42,13,-20,4,27,0,-17,69,14,6,-31,7,31,-1,-17,81,38,27,-15,7,26,5,-29,70,17,15,-56,1,34,0,-29,82,38,16,9,42,32,-4,-32,93,19,-4,-5,-5,28,55,-17,75,25,18,-15,-5,38,-5,-35,89,31,14
76.1800,-17,0,33,3,-41,97,40,24,-25,5,29,-1,-14,70,21,3,-35,6,40,-6,-24,80,40,17,-12,15,27,-1,-34,67,11,7,-54,1,32,4,-29,86,35,17,4,49,45,-4,-34,93,23,-8,-18,-3,25,54,-33,90,29,10,-15,0,40,-8,-40,91,34,17
76.2000,-17,-7,28,-3,-46,100,41,23,-24,7,29,-5,-16,76,16,5,-31,-1,36,-7,-28,87,35,28,-17,12,31,3,-32,73,9,10,-48,-1,28,-3,-35,82,28,18,1,33,34,6,-26,93,18,-1,-9,-9,34,67,-26,81,25,18,-6,-4,35,-5,-30,84,33,12
76.2200,-19,-1,31,-2,-49,98,46,23,-18,9,29,3,-7,77,18,4,-34,-3,34,-4,-35,87,36,23,-17,4,30,0,-28,64,8,8,-59,-2,35,-2,-42,83,32,17,12,37,27,3,-21,83,23,2,-17,-2,30,53,-27,82,22,14,-13,-5,34,-4,-27,82,31,9
76.2400,-19,-2,33,0,-46,95,44,21,-22,4,25,2,-18,78,14,7,-28,6,40,0,-24,85,44,27,-18,10,39,-2,-36,67,8,13,-54,1,34,-3,-30,85,26,20,5,32,32,7,-29,85,12,3,-13,1,40,49,-26,89,29,14,-11,-3,30,-2,-36,85,33,10
76.2600,-19,-1,32,-1,-47,97,46,21,-19,9,40,0,-16,72,16,8,-29,2,36,-1,-31,85,38,25,-16,11,36,0,-34,73,13,10,-53,4,35,-3,-34,92,25,17,8,38,32,2,-33,86,14,-3,-21,-1,34,56,-43,84,33,6,-15,0,33,-7,-39,91,33,10
76.2800,-22,-7,30,-8,-45,96,47,15,-20,7,40,2,-13,72,16,7,-24,-2,34,-3,-31,83,39,29,-22,4,39,-5,-38,66,11,10,-50,-1,42,-7,-30,85,28,20,4,39,34,2,-29,85,20,2,-11,-1,30,53,-41,91,33,12,-14,-1,37,-7,-33,80,29,6
76.3000,-22,-7,37,2,-50,101,56,14,-18,2,33,2,-19,75,16,4,-32,2,40,-2,-33,92,35,24,-20,8,38,-5,-32,69,9,1,-51,5,37,-1,-31,88,26,22,9,37,29,-2,-31,85,17,7,-7,-2,37,63,-27,74,24,15,-16,4,35,-7,-34,85,36,15
76.3200,-18,-5,29,2,-44,96,47,21,-22,13,37,-6,-10,78,15,3,-31,-1,37,0,-31,95,39,16,-13,6,35,3,-31,68,13,5,-47,0,40,-5,-36,92,31,23,10,36,30,2,-25,86,23,8,-5,-12,30,62,-17,76,22,16,-16,4,33,-9,-39,88,39,8
76.3400,-23,-4,31,-3,-48,95,55,14,-17,9,38,1,-16,81,19,13,-29,4,40,-4,-40,94,38,21,-22,12,37,-5,-33,65,12,10,-47,-8,32,-1,-35,83,37,18,12,30,34,2,-28,86,17,-1,-11,-6,32,51,-33,82,27,13,-23,0,31,-6,-29,91,40,6
76.3600,-21,-7,32,-2,-52,97,42,25,-20,13,35,-3,-26,81,11,10,-24,4,43,-1,-32,92,41,23,-4,8,35,7,-30,71,9,6,-53,2,29,0,-30,86,30,22,12,40,36,2,-27,89,11,5,-19,-7,35,51,-45,89,22,10,-15,-1,34,-3,-33,86,33,3
76.3800,-21,0,32,0,-41,101,49,21,-21,11,37,-4,-23,82,19,12,-30,0,40,-1,-36,93,43,21,-15,9,32,6,-28,71,10,9,-55,-1,35,-1,-33,85,30,21,12,31,34,-3,-28,85,21,3,-17,-6,37,55,-39,82,31,6,-24,-3,29,-11,-36,87,36,13
76.4000,-25,-7,47,-1,-49,95,45,16,-22,9,38,-2,-15,82,19,11,-31,-1,33,8,-40,93,43,27,-9,3,34,2,-28,70,10,6,-53,3,30,-4,-31,86,20,17,15,43,36,5,-23,86,20,-2,-13,-7,36,58,-33,92,30,9,-14,2,32,-7,-38,94,38,9
76.4200,-21,-1,32,-4,-44,102,41,18,-12,18,39,4,-20,84,15,8,-30,2,34,-8,-41,88,46,18,-17,11,41,-2,-28,67,4,5,-55,0,37,4,-39,88,22,21,10,37,32,2,-23,91,15,0,-9,-3,36,53,-25,89,26,18,-20,0,30,-13,-42,91,31,0
76.4400,-24,-10,30,-3,-54,91,54,21,-17,8,44,-1,-13,85,16,4,-30,2,36,-1,-38,85,52,22,-15,7,37,2,-32,66,7,5,-50,-8,28,-6,-31,92,29,20,11,37,38,5,-34,84,19,-2,-13,-6,31,52,-28,85,30,16,-13,1,41,-8,-37,90,35,8
76.4600,-24,-6,27,-6,-48,95,47,21,-22,11,34,-4,-18,80,18,6,-34,5,40,-6,-45,86,47,27,-15,14,35,-6,-23,70,6,6,-52,-4,39,4,-35,92,27,23,17,34,34,-1,-27,91,19,4,-8,-5,33,47,-38,86,30,9,-18,4,29,-11,-39,89,34,2
76.4800,-27,-5,38,2,-54,98,53,17,-18,16,31,-6,-17,87,24,12,-25,3,34,-2,-28,83,41,20,-13,10,40,-4,-37,68,9,5,-52,1,30,0,-23,90,34,19,11,30,31,3,-14,80,8,6,-16,-3,34,58,-24,85,26,9,-15,4,35,-16,-35,94,36,10
76.5000,-23,-4,25,-4,-49,97,48,17,-16,8,34,-4,-19,81,20,7,-33,-3,38,3,-28,83,47,28,-12,12,38,7,-31,70,10,6,-52,1,38,5,-35,91,23,22,17,30,29,-1,-20,83,16,8,-9,-4,41,48,-39,94,32,-1,-15,5,34,-14,-39,93,32,13
76.5200,-19,-1,32,-4,-49,96,49,18,-21,7,39,-7,-23,87,20,4,-30,3,31,-6,-36,83,44,21,-14,11,35,-5,-30,72,13,2,-51,-4,31,2,-34,92,29,20,8,35,34,-2,-28,93,18,0,-8,1,37,43,-30,96,28,11,-13,6,31,-9,-30,85,32,7
76.5400,-22,2,31,1,-50,101,43,21,-24,10,36,-5,-24,83,22,0,-37,-1,38,-5,-36,88,49,20,-16,3,41,-2,-26,76,9,7,-56,3,34,-6,-35,86,30,23,10,31,38,-9,-30,95,19,2,-5,-6,34,61,-25,89,32,10,-22,-2,48,-14,-44,91,33,2
76.5600,-23,-2,31,5,-48,92,43,18,-20,12,32,3,-28,89,22,6,-34,5,33,-1,-29,84,55,19,-18,10,37,0,-29,68,8,11,-51,-2,35,-1,-33,89,27,21,17,33,33,-1,-38,93,18,6,-9,-5,29,53,-26,89,26,16,-16,3,29,-17,-33,90,26,9
76.5800,-22,-1,27,-1,-48,96,45,17,-22,10,29,-1,-33,85,22,1,-41,7,37,0,-34,86,50,21,-15,9,40,-4,-34,74,12,4,-53,-1,24,1,-40,91,26,19,17,34,38,4,-30,95,13,5,-16,-3,37,57,-36,90,33,13,-20,6,36,-8,-32,88,30,9
76.6000,-26,-1,32,-1,-47,97,40,20,-21,13,39,1,-38,86,23,1,-36,1,39,-5,-34,84,45,23,-12,5,33,0,-29,76,14,10,-57,2,28,3,-39,87,31,24,11,31,32,-4,-35,89,13,7,-15,-1,37,46,-38,90,32,15,-14,9,29,-13,-29,84,26,8
76.6200,-28,-2,34,-2,-55,94,48,19,-19,9,34,4,-33,87,17,0,-34,5,42,-6,-27,82,46,25,-26,12,30,-4,-30,77,1,10,-62,-4,35,5,-35,91,30,17,13,30,38,3,-27,97,22,-5,-8,-6,36,57,-35,94,23,16,-18,1,33,-9,-29,84,26,15
76.6400,-21,2,36,-6,-50,97,43,19,-25,13,32,3,-27,82,20,1,-36,2,37,1,-33,79,42,24,-18,11,36,-4,-31,70,4,15,-58,-1,33,0,-36,92,35,23,15,38,35,2,-30,98,18,-6,-4,0,33,52,-28,85,31,15,-15,1,36,-13,-25,84,21,15
76.6600,-30,-5,28,-1,-49,95,45,21,-21,16,33,-5,-29,84,30,6,-37,6,29,4,-25,77,44,22,-20,9,34,-8,-30,72,13,14,-55,1,36,1,-53,94,32,19,5,38,34,-2,-33,94,22,1,-16,5,39,49,-38,95,34,15,-19,3,39,-7,-30,85,26,11
76.6800,-23,-3,34,-4,-52,98,41,19,-23,12,38,5,-29,83,26,4,-34,6,27,2,-26,84,47,20,-20,10,27,10,-15,67,8,11,-61,-1,33,-10,-30,86,26,21,19,30,32,0,-34,91,19,-1,-16,-7,40,52,-39,91,36,12,-14,2,32,-14,-26,85,25,11
76.7000,-27,-8,29,-2,-47,98,39,24,-20,14,31,6,-23,84,26,-1,-39,6,33,1,-29,79,44,14,-21,14,31,3,-29,77,13,8,-57,0,31,1,-29,83,27,23,16,39,39,-5,-34,95,16,6,-8,-7,30,59,-32,88,25,17,-8,-8,27,-3,-25,86,25,12
76.7200,-22,-6,40,-3,-54,98,51,18,-16,8,29,-7,-20,82,25,2,-35,9,31,-1,-28,81,49,20,-16,8,23,7,-35,77,12,12,-56,4,34,3,-38,86,32,17,18,35,40,3,-35,97,16,8,-22,1,34,51,-40,97,33,7,-22,3,35,-7,-32,88,24,19
76.7400,-23,-2,31,-1,-52,94,48,23,-26,4,33,0,-21,74,19,3,-38,7,35,6,-32,78,45,24,-19,8,33,-1,-40,71,18,2,-60,9,39,2,-40,94,38,19,16,31,39,-2,-30,91,21,6,-12,-4,35,44,-28,96,33,5,-16,1,43,-9,-30,88,25,18
76.7600,-25,-1,29,-5,-41,94,47,22,-19,7,31,2,-21,78,18,9,-37,9,34,1,-26,79,44,22,-21,9,36,4,-33,74,10,10,-58,6,41,0,-36,83,45,18,14,36,37,-4,-33,88,12,5,-9,-10,29,59,-35,91,32,11,-16,-7,33,-9,-35,87,27,14
76.7800,-23,-8,29,-3,-44,92,44,26,-23,6,36,0,-23,84,22,3,-36,11,34,-1,-36,88,50,18,-21,-1,35,6,-40,73,15,3,-61,-2,33,1,-41,86,36,11,12,36,32,-3,-31,99,24,-3,-14,-2,30,58,-26,90,28,17,-12,0,39,-12,-27,87,23,16
76.8000,-29,-1,31,-3,-42,96,45,24,-22,15,31,-2,-19,83,28,7,-33,5,26,4,-30,87,46,17,-14,6,29,7,-41,68,14,8,-59,-2,33,8,-41,86,38,14,13,35,39,-1,-34,95,16,-1,-11,-5,28,57,-28,90,29,8,-14,-12,34,-8,-40,81,24,17
76.8200,-30,0,29,-7,-44,96,43,23,-21,11,37,-1,-19,79,22,1,-30,13,28,2,-30,88,43,25,-12,12,32,1,-41,79,11,3,-63,9,37,1,-44,90,36,17,21,33,39,0,-32,98,19,5,-5,-6,23,63,-25,85,24,18,-10,-9,30,-7,-29,88,25,18
76.8400,-23,-4,32,-8,-41,97,46,20,-23,14,34,0,-26,77,22,4,-37,10,35,2,-35,88,38,20,-16,8,36,4,-39,86,8,2,-62,2,38,1,-40,88,33,13,13,39,42,3,-33,94,13,-3,-14,0,31,60,-43,89,22,11,-16,-8,34,-11,-32,84,30,16
76.8600,-20,-3,30,-3,-46,97,45,29,-21,10,41,2,-28,85,24,-1,-34,-1,40,2,-28,86,43,19,-13,8,30,4,-39,75,15,6,-61,4,36,1,-41,81,41,14,6,44,38,-5,-41,94,21,-6,-15,-1,33,60,-37,90,28,8,-15,-10,32,-6,-26,83,33,17
76.8800,-18,-6,37,3,-53,93,51,21,-30,9,37,-5,-18,79,17,2,-31,6,39,-4,-29,87,43,22,-17,12,36,5,-35,71,10,2,-58,4,28,7,-32,90,37,12,13,34,37,-4,-35,94,19,5,-7,-4,38,62,-28,86,35,14,-7,-4,33,-12,-28,87,30,17
76.9000,-25,-1,30,0,-51,104,50,27,-18,11,35,3,-10,81,18,7,-37,6,40,0,-26,85,33,27,-21,10,32,11,-31,76,15,8,-57,-4,33,0,-31,82,35,14,15,32,32,3,-27,91,25,-2,-14,2,23,56,-47,95,38,7,-17,-8,39,-10,-40,92,34,15
76.9200,-25,-5,35,4,-46,98,45,17,-20,7,34,-2,-16,84,25,7,-39,2,32,-1,-30,84,35,20,-21,11,32,5,-35,72,13,6,-54,2,29,0,-32,89,31,14,10,47,31,12,-19,90,14,4,-14,-7,30,56,-25,89,30,13,-12,-4,34,-8,-37,95,31,16
76.9400,-22,-3,38,-5,-49,100,49,22,-19,10,39,2,-11,79,14,8,-29,0,36,-2,-26,94,36,28,-9,11,39,1,-33,74,9,8,-54,4,35,-4,-30,86,36,17,11,37,26,0,-25,88,17,-3,-13,0,26,67,-23,84,36,12,-7,-5,32,-10,-28,88,22,20
76.9600,-22,-12,34,-4,-46,104,50,18,-20,16,35,2,-10,78,12,9,-33,1,37,-4,-23,81,38,20,-18,4,38,-1,-34,68,6,9,-58,1,34,-3,-29,82,30,18,9,37,35,-2,-35,91,21,-7,-8,-8,23,65,-13,79,24,14,-11,-10,37,-8,-28,88,23,18
76.9800,-23,-6,35,-2,-43,99,49,20,-19,11,34,-6,-11,82,13,3,-35,-1,45,0,-28,88,42,24,-18,9,38,0,-31,66,13,10,-54,2,38,2,-34,89,28,18,7,39,28,4,-31,100,25,-2,-16,-4,29,59,-30,84,30,9,-19,1,33,-1,-36,88,33,15
77.0000,-22,-1,35,-7,-50,98,50,25,-19,11,37,8,-15,81,12,9,-28,1,38,9,-27,87,42,23,-20,13,36,3,-35,74,15,8,-61,-3,34,-2,-38,91,30,14,4,51,31,3,-35,94,29,-2,-21,-1,36,52,-36,82,25,12,-11,-2,43,-11,-37,96,30,13
77.0200,-12,-6,39,2,-53,108,44,17,-24,13,38,0,-22,84,15,9,-34,8,39,-1,-26,91,40,30,-20,9,36,2,-33,71,13,9,-54,-3,40,0,-37,91,27,20,16,45,39,5,-20,89,18,-5,-18,4,38,57,-42,91,32,12,-18,-9,25,-5,-34,98,35,3
77.0400,-19,-9,34,-4,-44,95,46,29,-19,15,41,5,-14,79,13,10,-31,-1,39,-3,-24,90,47,20,-21,8,39,4,-25,70,10,9,-58,-7,36,3,-23,92,30,31,12,47,30,4,-29,86,21,2,-17,2,37,56,-34,91,32,9,-7,-10,27,-3,-36,95,34,10
77.0600,-18,-3,33,6,-47,98,54,23,-21,8,37,1,-21,81,18,9,-27,-1,42,-1,-30,82,38,29,-13,10,36,2,-30,71,7,11,-61,-1,38,0,-36,87,24,20,4,41,33,3,-33,88,22,-3,-17,-2,32,58,-25,81,28,14,-14,2,34,-9,-42,90,30,12
77.0800,-25,-3,33,-9,-61,106,47,20,-17,5,36,-2,-8,79,4,8,-36,4,41,-3,-29,82,41,25,-18,11,32,7,-30,60,13,12,-56,4,40,3,-29,86,16,22,9,42,34,-2,-42,91,17,-7,-15,-4,36,62,-35,84,26,9,-6,-3,34,-14,-36,95,29,12
77.1000,-16,-4,29,-4,-53,102,50,17,-25,13,37,-7,-19,83,20,9,-34,7,36,4,-29,89,38,28,-17,8,36,1,-32,66,3,6,-58,-1,37,-1,-23,79,26,16,7,38,34,5,-29,94,14,-6,-17,1,35,58,-33,88,29,15,-15,-2,36,-7,-38,94,29,13
77.1200,-24,1,27,3,-52,107,56,22,-21,7,41,0,-17,85,15,7,-32,4,41,1,-31,88,43,23,-20,8,31,-4,-34,72,13,9,-54,-2,30,-2,-31,87,23,23,3,41,39,1,-31,86,21,-1,-7,5,41,55,-29,80,35,10,-12,-8,32,-8,-39,89,36,10
77.1400,-14,1,30,2,-52,100,49,18,-27,1,33,-5,-16,78,17,9,-30,0,43,3,-33,90,45,30,-22,8,36,-2,-29,78,11,10,-63,3,38,-6,-35,87,29,17,5,46,27,2,-29,89,18,-2,-21,-1,40,55,-28,84,26,15,-16,-3,38,-9,-46,97,31,2
77.1600,-27,0,33,-9,-57,101,47,19,-19,6,38,-1,-17,86,18,5,-27,-1,45,1,-37,92,48,24,-24,14,29,2,-35,75,9,7,-65,-1,36,-6,-38,99,29,21,7,43,32,4,-29,83,15,4,-21,3,43,54,-31,88,27,17,-11,2,29,-5,-35,91,31,9
77.1800,-23,-1,38,2,-51,97,55,17,-18,9,41,1,-18,86,19,11,-30,1,29,-2,-30,87,50,28,-15,12,35,0,-31,70,6,9,-55,3,36,-7,-31,83,22,22,6,40,30,6,-31,97,8,0,-20,-3,41,46,-32,81,32,4,-10,-1,41,-8,-36,91,38,6
77.2000,-28,1,39,0,-57,99,51,14,-24,1,36,8,-18,80,13,13,-36,0,35,-4,-35,90,41,17,-20,7,35,-4,-34,74,7,16,-62,-3,33,3,-30,90,24,18,6,44,37,3,-36,90,16,0,-20,-9,41,57,-22,79,19,15,-17,0,33,-7,-43,91,31,2
77.2200,-27,-1,40,-3,-56,101,52,13,-21,-1,32,2,-20,81,15,8,-34,-6,35,0,-22,83,43,25,-14,9,32,-5,-28,70,13,10,-56,-3,42,-3,-34,87,20,23,8,44,38,1,-35,86,16,-2,-15,-7,39,50,-28,78,20,16,-24,3,38,-10,-31,91,35,7
77.2400,-23,0,40,-5,-55,101,45,20,-15,5,32,4,-21,83,15,8,-31,0,34,1,-29,80,38,18,-11,9,40,3,-33,64,11,2,-64,-3,33,-1,-38,91,28,16,13,39,34,1,-21,90,21,-3,-17,-6,31,50,-30,81,29,15,-16,11,33,-5,-41,95,35,5
77.2600,-27,5,34,0,-50,107,54,24,-21,6,40,-5,-27,92,17,8,-33,1,38,0,-32,85,44,23,-19,6,42,6,-31,70,4,14,-64,0,43,-2,-37,94,27,20,10,42,38,2,-26,86,13,5,-15,-14,36,50,-28,77,21,20,-20,11,36,-8,-36,91,29,6
77.2800,-18,-3,40,0,-47,97,52,17,-19,6,40,-10,-20,89,19,11,-34,-1,38,-2,-31,91,47,27,-11,11,36,-2,-28,71,6,14,-61,-1,41,0,-40,93,24,23,8,44,39,1,-32,85,7,12,-15,-12,34,55,-33,88,26,17,-19,1,41,-6,-36,89,32,8
77.3000,-24,0,33,-2,-54,97,48,21,-17,8,43,1,-22,86,15,10,-34,5,37,0,-32,83,44,26,-22,11,34,-4,-27,70,0,15,-63,3,45,-3,-45,89,30,16,11,38,44,-6,-31,89,12,7,-8,-7,44,47,-34,91,20,21,-21,8,34,-8,-22,83,26,16
77.3200,-25,0,39,-6,-51,97,49,18,-17,6,28,4,-16,83,25,6,-36,-1,37,0,-23,85,43,23,-13,6,37,5,-29,75,10,8,-58,-6,45,2,-42,92,32,23,3,36,41,-4,-24,91,14,0,-12,-8,37,50,-39,95,27,14,-21,5,35,-10,-29,90,29,10
77.3400,-26,-8,37,-1,-43,104,48,27,-17,0,37,-3,-18,86,18,8,-31,-1,30,3,-23,86,39,19,-12,7,40,-3,-24,69,-1,6,-59,-4,35,1,-36,90,30,26,16,39,39,-7,-19,91,12,6,-13,-7,44,45,-42,97,28,11,-25,9,41,-13,-41,89,33,0
77.3600,-26,-7,27,-2,-41,102,43,26,-33,0,34,-2,-20,84,19,13,-30,8,45,6,-35,82,44,21,-13,7,42,-2,-31,63,9,15,-57,-6,39,0,-37,88,33,26,11,38,37,-2,-22,92,15,4,-14,-4,40,50,-40,104,26,13,-27,0,38,-8,-32,87,30,12
77.3800,-25,-6,29,0,-46,98,45,21,-17,4,38,0,-18,91,21,1,-38,8,33,5,-37,83,46,20,-16,5,34,2,-35,75,5,13,-60,-7,36,-1,-33,89,31,21,5,38,47,-1,-25,88,13,1,2,-14,29,60,-14,80,12,20,-20,1,38,-18,-32,93,37,13
77.4000,-24,1,38,1,-47,100,49,26,-14,11,36,4,-20,81,27,3,-30,6,33,1,-32,91,46,23,-16,-2,40,5,-35,73,6,9,-52,-3,30,-2,-35,91,31,19,19,36,37,0,-21,91,9,5,-3,-17,22,63,-23,90,19,19,-28,5,37,-10,-29,89,31,12
77.4200,-18,-5,36,-1,-47,99,44,22,-20,-1,34,-1,-29,85,21,2,-38,1,36,0,-33,90,39,14,-13,8,36,2,-33,78,9,16,-53,-4,34,4,-43,82,33,15,16,34,43,-5,-25,93,12,4,-11,-1,31,52,-41,102,20,16,-26,1,40,-12,-28,91,35,13
77.4400,-29,-2,34,6,-52,104,46,20,-28,4,36,6,-22,83,24,7,-38,-2,31,3,-22,86,43,17,-10,8,41,4,-34,70,13,8,-57,-2,38,-2,-36,96,33,16,13,28,41,-11,-28,94,16,4,-17,-5,31,50,-56,104,38,13,-22,4,38,-6,-25,86,29,10
77.4600,-23,-5,39,-3,-48,101,48,22,-19,9,31,8,-21,82,24,7,-39,11,40,12,-30,91,43,25,-16,4,36,0,-43,76,5,10,-60,1,31,-2,-27,89,32,19,19,34,35,1,-30,96,13,4,-5,-9,30,57,-32,91,25,12,-20,0,36,-5,-21,86,24,13
77.4800,-23,0,38,2,-57,96,48,18,-16,3,37,-1,-26,81,22,4,-38,2,41,3,-27,85,43,22,-14,11,35,3,-43,73,6,16,-57,-7,36,-1,-28,90,33,24,18,42,37,-7,-32,90,13,1,-10,-8,36,57,-30,100,37,16,-25,-13,33,-7,-20,90,34,14
77.5000,-24,-5,37,3,-46,100,44,26,-14,4,38,-2,-34,89,18,2,-37,9,41,-3,-29,90,49,19,-14,13,39,6,-36,72,10,10,-58,1,32,-1,-37,95,29,21,21,38,37,-11,-27,93,16,7,3,-6,32,54,-33,95,30,21,-13,-4,34,-11,-28,83,25,14
77.5200,-27,-7,36,-8,-58,96,49,15,-14,11,43,-2,-21,87,22,1,-41,5,33,0,-33,88,45,22,-9,9,34,3,-33,76,13,13,-58,1,39,-1,-30,101,31,17,22,41,37,2,-30,96,23,5,-14,-7,34,61,-40,93,30,11,-18,-10,34,-9,-34,91,26,14
77.5400,-25,-2,39,-4,-52,103,45,20,-24,15,29,6,-16,85,20,3,-42,9,24,-3,-25,92,43,16,-11,1,32,3,-43,68,13,11,-57,-6,41,5,-30,91,31,11,17,35,36,1,-26,98,9,8,-11,-11,31,59,-34,94,28,16,-14,-2,31,-6,-28,88,22,13
77.5600,-21,-9,33,-5,-47,103,53,24,-27,15,31,5,-18,88,24,3,-35,6,34,2,-31,90,39,25,-17,6,27,9,-32,66,15,13,-56,3,39,-4,-30,88,28,16,20,37,41,-4,-31,102,7,8,-9,-12,31,62,-36,95,34,17,-12,-6,36,-1,-33,90,20,15
77.5800,-24,-6,36,1,-48,98,48,22,-24,11,33,6,-19,85,20,-1,-39,2,37,2,-30,88,43,21,-19,-1,28,6,-32,75,13,4,-54,3,33,6,-35,88,29,19,21,37,33,-5,-31,98,11,1,-6,-1,36,59,-40,97,36,14,-14,-3,33,-9,-30,93,25,7
77.6000,-20,-6,36,0,-49,102,57,21,-23,8,43,1,-21,86,18,1,-42,3,36,-1,-31,92,42,21,-13,4,42,8,-34,76,20,3,-65,10,39,4,-39,93,27,11,13,35,35,-2,-34,94,19,6,-16,3,43,57,-57,103,46,10,-6,-5,34,-9,-29,91,29,12
77.6200,-21,-4,43,-2,-52,97,52,23,-19,11,30,7,-16,87,16,-2,-37,7,42,-1,-34,96,46,15,-16,4,37,4,-39,81,19,6,-62,9,32,-1,-30,88,27,18,14,40,35,7,-40,90,18,2,-16,-7,41,62,-35,91,33,16,-11,-3,43,-12,-32,89,29,9
77.6400,-25,-6,28,-3,-56,102,51,26,-25,9,36,3,-15,86,18,5,-38,-3,44,3,-24,81,41,21,-10,4,43,5,-31,69,16,0,-63,8,34,2,-34,85,29,8,12,41,36,5,-40,100,27,3,-9,-5,28,68,-17,87,29,11,-14,-2,37,-7,-33,88,27,11
77.6600,-19,-2,37,-7,-48,103,50,21,-22,14,38,-2,-16,83,21,1,-41,4,43,2,-27,88,49,14,-10,5,35,-2,-37,73,25,1,-67,1,37,-2,-35,89,29,15,19,41,30,4,-41,97,15,0,-9,-7,28,65,-19,87,27,15,-14,-8,29,-10,-37,87,28,16
77.6800,-19,-7,39,0,-50,97,52,22,-27,5,41,1,-23,84,19,4,-39,2,41,5,-27,90,47,21,-15,16,35,5,-37,74,13,4,-69,6,36,1,-33,92,30,14,21,32,34,5,-35,98,15,1,-14,-8,40,63,-48,88,34,4,-15,-10,33,-8,-26,91,25,11
77.7000,-24,-6,35,1,-52,101,48,21,-25,8,41,-4,-22,90,18,7,-38,-1,35,-3,-30,89,48,18,-19,10,42,2,-38,69,13,7,-67,8,33,-1,-31,90,28,17,10,36,33,10,-40,100,17,1,-9,-5,37,58,-44,85,36,10,-13,-15,29,-7,-25,87,22,15
77.7200,-23,-4,36,2,-52,99,51,22,-28,10,35,4,-16,85,19,12,-36,5,34,0,-32,88,41,18,-16,9,34,7,-31,75,17,7,-68,2,34,-1,-31,86,30,16,13,41,38,8,-36,98,21,5,-19,-4,28,65,-41,89,40,9,-10,-6,30,-15,-23,91,25,14
77.7400,-25,-7,35,0,-50,99,48,24,-27,11,36,1,-16,84,15,12,-41,-3,39,4,-31,81,44,26,-14,13,35,7,-32,63,12,7,-62,8,35,-3,-36,83,30,17,10,43,35,0,-34,94,22,-4,-16,0,29,62,-33,93,34,11,-12,-4,38,-8,-28,88,28,14
77.7600,-26,-4,33,1,-62,97,51,26,-23,14,46,3,-25,86,19,8,-38,9,37,-3,-25,93,39,19,-15,8,39,9,-31,67,7,5,-63,-1,37,1,-37,87,33,16,11,41,34,13,-31,91,12,-2,-17,-1,41,66,-42,91,30,10,-8,-9,42,-8,-29,96,27,8
77.7800,-21,1,38,-7,-56,97,46,21,-26,11,46,-3,-17,85,15,11,-43,2,39,1,-25,86,47,24,-19,13,35,5,-31,70,8,8,-62,5,38,0,-33,90,24,18,14,47,43,6,-32,87,20,6,-12,-1,34,58,-32,82,21,3,-12,-7,38,-8,-31,90,31,17
77.8000,-31,-6,41,-1,-54,93,46,24,-22,7,36,-3,-16,83,5,6,-36,1,38,-2,-24,85,43,19,-17,13,33,3,-30,69,0,8,-74,3,37,5,-35,88,23,16,9,45,39,5,-34,87,28,-3,-13,1,28,67,-14,82,21,10,-10,-5,47,-6,-26,90,31,22
77.8200,-24,-2,42,5,-50,97,51,30,-15,-1,28,4,-8,77,11,12,-37,-4,32,-2,-28,87,42,20,-18,9,32,7,-36,70,9,7,-63,2,38,-1,-42,86,34,24,11,45,35,9,-28,90,23,-5,-19,7,35,54,-35,85,25,5,-13,-6,42,-11,-31,95,30,13
77.8400,-25,-2,38,-2,-62,104,48,24,-28,4,34,-2,-16,85,13,7,-33,-5,32,-4,-25,92,43,26,-20,7,33,4,-33,67,3,13,-67,-2,38,3,-32,84,24,21,-1,45,40,6,-30,86,21,-3,-13,-2,36,60,-32,90,26,8,-15,-5,40,-7,-27,85,26,13
77.8600,-18,-9,33,3,-54,103,50,22,-23,6,31,9,-22,84,11,6,-31,-2,36,4,-27,93,42,30,-18,15,38,4,-28,69,6,5,-67,-2,33,1,-28,83,32,22,13,46,35,7,-28,88,16,-4,-19,-1,31,62,-27,83,23,3,-12,4,34,-10,-35,93,31,15
77.8800,-26,-2,38,-1,-54,103,51,21,-15,-4,38,5,-11,76,19,14,-27,-1,34,4,-26,90,38,22,-17,12,33,7,-27,65,9,5,-68,-7,37,3,-32,85,25,24,4,46,36,4,-32,88,16,-5,-20,-3,39,62,-18,87,18,17,-11,-8,35,-11,-32,92,27,11
77.9000,-22,-1,33,1,-46,100,54,23,-18,-6,34,2,-8,79,15,12,-28,-10,34,0,-25,85,36,17,-22,13,31,4,-27,64,2,11,-66,-1,36,1,-38,86,27,24,3,43,31,7,-24,84,15,-2,-23,6,36,61,-24,90,25,10,-18,-8,41,-15,-39,96,30,12
77.9200,-23,-9,35,0,-47,103,43,20,-11,-2,33,8,-11,84,13,12,-27,-6,36,5,-26,84,39,18,-21,17,36,0,-33,71,6,13,-65,0,41,0,-36,86,26,23,7,49,38,0,-28,89,14,-9,-16,-6,33,55,-14,85,15,17,-12,-8,31,-6,-32,98,31,14
77.9400,-25,-3,37,1,-48,100,47,22,-18,3,37,8,-13,83,15,9,-34,6,30,2,-29,89,41,22,-20,12,34,1,-24,77,9,14,-68,-7,35,3,-28,86,25,18,2,48,35,0,-29,85,17,-1,-20,0,36,55,-32,95,20,9,-18,2,37,-6,-38,93,31,7
77.9600,-22,1,41,-1,-51,102,50,29,-15,-2,37,0,-5,86,8,9,-38,6,37,1,-30,85,45,19,-15,14,42,1,-28,70,6,13,-63,-8,38,3,-39,91,30,22,6,41,35,3,-28,86,11,0,-21,-3,44,50,-36,99,26,11,-8,3,36,-2,-39,93,27,6
77.9800,-26,-2,30,1,-51,102,60,20,-15,7,39,-2,-9,83,13,7,-27,-2,35,4,-25,88,51,22,-16,11,40,4,-25,71,4,5,-57,-10,33,8,-33,85,26,25,6,40,37,10,-14,83,12,-2,-20,-4,31,65,-17,89,14,13,-20,6,41,-5,-36,93,41,6
78.0000,-25,-3,42,1,-45,96,45,22,-18,-6,38,-1,-15,78,17,5,-26,2,40,1,-34,87,43,21,-22,3,42,6,-24,66,1,8,-52,-7,34,2,-42,86,25,23,4,49,42,2,-23,85,16,-4,-15,0,36,61,-19,91,16,19,-24,2,33,-8,-36,90,31,7
78.0200,-19,-7,36,5,-51,96,52,28,-18,-3,33,1,-17,86,22,6,-30,-4,38,6,-22,85,46,21,-16,11,36,4,-31,74,3,9,-58,-8,36,-1,-35,88,31,20,8,48,38,1,-15,88,9,-2,-20,5,34,54,-28,88,12,15,-18,-8,39,-10,-42,98,32,7
78.0400,-21,-3,36,-2,-51,102,48,22,-13,-2,40,1,-7,87,22,7,-33,-6,42,2,-31,89,43,15,-17,3,38,8,-35,74,-1,12,-54,-3,41,3,-35,86,26,23,5,44,37,-6,-30,93,12,-7,-14,-18,34,61,-30,88,12,21,-19,-3,33,-5,-34,92,28,8
78.0600,-25,-9,42,-5,-55,102,51,23,-13,5,40,-1,-13,82,16,6,-33,3,35,4,-30,84,45,22,-10,0,31,7,-27,68,4,15,-59,1,43,-1,-39,94,29,16,3,44,39,0,-31,93,9,5,-15,-9,43,53,-37,93,20,16,-20,4,42,-6,-40,90,34,6
78.0800,-17,-5,32,3,-48,102,50,27,-15,7,38,-1,-13,90,14,10,-39,1,32,3,-28,90,45,13,-7,5,37,5,-32,66,7,9,-61,3,38,3,-32,85,23,12,9,49,42,-2,-28,99,11,3,-13,-8,42,51,-39,95,23,19,-22,2,35,-1,-39,91,35,1
78.1000,-22,-8,37,4,-56,101,48,22,-21,14,41,-1,-15,88,19,4,-38,-3,36,2,-27,95,49,20,-6,3,35,0,-33,66,13,9,-57,9,38,0,-39,93,31,15,13,50,43,-7,-29,96,6,2,-16,-8,39,52,-40,99,29,13,-18,7,38,0,-39,88,29,12
78.1200,-28,-6,40,-3,-52,101,49,26,-9,3,39,4,-12,87,16,2,-38,3,42,-2,-32,91,46,11,-12,4,42,4,-37,69,10,8,-57,3,36,1,-34,92,35,16,2,46,36,-5,-27,93,7,4,-8,-10,28,56,-36,90,24,16,-18,8,38,-6,-35,92,30,8
78.1400,-29,-13,41,-3,-52,100,51,23,-16,3,37,0,-16,80,19,4,-42,5,40,-2,-25,89,45,23,-16,-2,41,-7,-36,81,10,12,-59,-3,40,-3,-42,95,31,12,6,46,36,3,-24,96,9,5,-4,-14,33,59,-24,90,28,24,-26,3,33,-5,-38,93,34,10
78.1600,-19,-5,35,3,-54,100,46,27,-15,8,34,0,-21,89,21,-1,-41,1,41,9,-25,87,51,16,-16,10,38,3,-31,72,11,12,-56,5,36,-2,-35,90,29,9,11,44,40,2,-26,98,9,8,-11,-11,25,64,-19,85,19,21,-22,10,42,-2,-36,93,34,8
78.1800,-19,-9,39,1,-54,95,44,19,-27,5,35,3,-26,88,17,5,-38,13,34,6,-28,85,47,18,-5,0,38,4,-34,70,15,3,-62,-1,43,1,-35,88,37,18,11,48,42,-8,-34,93,13,15,-9,-7,37,51,-44,104,25,16,-24,-1,34,-3,-36,89,28,12
78.2000,-20,0,33,4,-50,98,46,22,-29,8,42,-3,-24,92,21,3,-45,12,36,3,-34,95,54,12,-8,5,44,5,-38,69,11,7,-61,0,32,-2,-37,90,38,11,13,41,42,-3,-33,96,19,5,-11,-14,38,60,-50,100,39,5,-20,-1,37,-5,-41,95,29,18
78.2200,-27,3,38,-1,-53,102,53,22,-27,15,43,-1,-19,91,21,4,-43,14,41,-2,-37,91,41,16,-8,5,38,6,-33,78,7,4,-67,7,43,1,-44,90,32,14,11,37,44,-6,-42,94,14,8,-16,-5,35,56,-28,96,31,7,-26,3,40,-5,-40,88,28,9
78.2400,-27,1,37,4,-51,101,42,21,-25,14,42,-2,-27,89,16,14,-45,2,32,6,-23,87,49,13,-23,2,32,4,-31,79,14,2,-64,7,45,3,-35,90,31,15,12,42,45,-2,-38,95,14,6,-10,-1,33,66,-34,90,36,9,-26,3,38,-3,-41,92,25,15
78.2600,-19,-10,44,-3,-56,106,45,26,-31,6,34,5,-15,95,19,3,-36,5,37,-5,-29,96,45,20,-10,2,38,9,-24,68,12,5,-64,7,37,-4,-37,91,32,17,20,44,46,-5,-35,101,19,6,1,-15,36,65,-26,91,32,19,-28,-1,37,-8,-32,90,32,11
78.2800,-24,-6,39,-2,-54,101,45,22,-23,12,38,-2,-23,89,23,8,-43,6,48,-4,-26,85,43,11,-6,5,39,12,-30,70,8,3,-68,-3,39,5,-28,88,24,11,14,46,53,-7,-40,98,15,4,-4,-13,28,70,-36,89,28,12,-14,-2,32,-9,-27,89,29,10
78.3000,-23,0,39,1,-67,112,57,9,-23,13,38,7,-19,90,22,7,-42,2,42,6,-30,88,44,19,-20,12,35,3,-34,74,14,-1,-65,6,37,4,-38,89,27,16,15,40,42,-7,-48,103,23,-3,-11,-9,40,63,-41,88,30,10,-19,-1,40,-15,-28,92,31,11
78.3200,-22,-6,36,4,-49,103,47,20,-30,11,36,7,-25,94,24,5,-41,7,42,2,-23,91,48,15,-14,17,38,6,-39,75,12,7,-68,7,30,-2,-38,87,32,22,21,40,41,-5,-39,99,19,6,-4,-3,36,63,-40,92,33,11,-20,-1,37,-12,-35,92,27,13
78.3400,-24,-3,42,4,-53,104,51,18,-26,9,31,6,-19,93,15,10,-42,3,40,4,-28,84,48,11,-18,15,44,0,-49,77,15,4,-68,2,39,-4,-40,96,31,19,13,46,39,-6,-32,94,16,1,-8,-4,40,58,-41,87,30,8,-22,-1,43,-10,-30,97,22,19
78.3600,-20,-5,41,0,-51,104,39,21,-22,14,29,8,-19,85,16,10,-42,-1,38,3,-19,91,47,20,-10,8,43,5,-38,74,12,-1,-76,6,36,-2,-35,92,29,18,21,38,46,4,-32,88,22,0,-9,6,45,57,-41,99,38,8,-19,-2,39,-6,-31,98,24,14
78.3800,-19,-10,44,-1,-52,99,47,28,-20,11,32,3,-17,86,16,9,-39,6,49,1,-28,87,48,16,-17,13,46,0,-37,74,11,7,-72,2,34,-1,-40,91,29,16,13,42,44,8,-39,89,19,1,-25,1,32,53,-38,98,27,12,-10,-7,36,-9,-32,89,21,19
78.4000,-23,-4,36,5,-57,105,46,23,-25,10,25,4,-21,80,12,2,-36,7,40,2,-22,92,47,18,-19,17,39,13,-28,71,10,2,-78,7,41,6,-45,95,31,19,20,42,35,7,-33,88,15,6,-11,-9,30,69,-14,83,22,20,-20,-4,49,-14,-33,96,27,12
78.4200,-23,-1,40,0,-59,104,47,31,-30,1,36,0,-23,88,25,11,-39,6,38,4,-26,86,44,22,-9,12,35,13,-24,69,3,-2,-70,-1,39,5,-37,88,17,21,23,42,28,11,-35,95,20,-2,-17,8,30,60,-33,92,36,10,-18,-6,48,-14,-26,90,27,17
78.4400,-23,-3,38,-3,-50,109,48,29,-22,6,28,8,-5,81,17,3,-43,4,44,5,-26,90,41,19,-19,10,34,9,-35,66,10,3,-70,0,40,-3,-40,102,22,16,13,43,35,0,-36,92,18,7,-13,-8,36,61,-30,99,23,11,-18,-4,43,-13,-37,88,26,11
78.4600,-18,-12,37,-1,-52,99,49,30,-26,3,32,14,-13,86,11,15,-38,0,42,4,-26,89,36,13,-20,13,39,2,-44,80,18,-1,-72,2,44,5,-33,88,29,14,9,53,44,4,-29,90,24,-6,-10,4,27,69,-33,92,32,7,-10,-10,40,-6,-27,97,24,15
78.4800,-22,-7,35,0,-50,107,49,29,-24,9,32,4,-13,79,14,13,-37,4,44,6,-24,81,38,24,-22,13,36,8,-35,70,18,3,-68,3,39,1,-30,94,27,20,8,52,41,2,-33,89,22,-7,-12,-2,27,61,-23,86,25,6,-13,-5,39,-8,-26,90,26,20
78.5000,-23,-1,41,5,-53,103,54,25,-33,4,32,6,-10,83,13,13,-40,2,38,11,-27,89,40,15,-18,7,42,12,-26,71,0,16,-69,-2,37,8,-31,92,33,16,14,51,46,4,-34,92,15,-8,-23,5,36,64,-30,86,26,4,-14,-10,37,-10,-32,92,28,13
78.5200,-23,1,40,-5,-56,103,51,24,-27,7,39,2,-14,83,15,6,-36,-4,46,5,-24,87,39,19,-25,9,31,14,-26,63,7,10,-68,-3,41,3,-29,89,19,19,12,55,45,3,-36,88,17,-12,-16,2,30,68,-29,94,23,9,-15,-10,39,-8,-32,94,25,14
78.5400,-19,-3,45,3,-44,99,48,26,-24,-1,42,2,-14,80,14,11,-37,-2,38,3,-28,87,43,22,-22,15,40,9,-45,76,7,7,-71,0,38,4,-29,80,26,22,15,47,41,10,-27,86,21,-3,-23,1,31,57,-40,98,34,-1,-11,-5,34,-9,-34,91,33,14
78.5600,-21,-12,39,3,-48,103,47,25,-23,4,38,10,-16,91,17,12,-32,2,39,6,-22,88,47,24,-26,18,47,5,-44,82,13,7,-73,-6,41,-3,-34,88,24,22,19,55,40,6,-28,91,21,-1,-27,0,33,55,-31,94,25,5,-14,-4,41,-13,-33,90,25,16
78.5800,-29,-8,34,1,-47,104,46,30,-21,3,41,7,-14,81,13,12,-33,2,49,0,-26,94,37,16,-13,11,40,4,-33,77,9,7,-69,0,36,1,-34,92,23,19,5,54,36,10,-32,95,17,-3,-21,-4,35,60,-22,88,26,16,-15,-3,39,-14,-31,87,25,18
78.6000,-31,-6,38,1,-57,105,40,30,-18,1,42,1,-18,87,20,10,-34,-2,48,8,-28,90,39,23,-22,13,38,11,-38,76,12,-1,-65,2,39,2,-32,89,27,20,13,52,41,5,-24,92,18,1,-14,-1,25,67,-25,85,23,14,-12,4,40,-9,-30,93,22,8
78.6200,-24,-8,36,-1,-60,113,53,23,-21,-2,37,4,-19,86,14,8,-33,-2,38,2,-29,90,49,17,-19,14,39,13,-34,76,6,6,-71,-5,39,-5,-37,88,32,22,3,49,47,1,-28,91,20,-3,-22,5,27,68,-38,100,25,10,-11,-2,38,-5,-33,93,33,9
78.6400,-20,-4,42,0,-52,100,50,25,-17,-2,32,7,-13,88,15,18,-37,-2,40,2,-32,85,39,19,-12,4,42,7,-26,68,10,11,-66,-1,48,-4,-35,85,25,17,3,58,38,4,-26,87,18,-4,-23,-2,38,59,-34,101,22,4,-15,-5,39,-7,-31,88,30,13
78.6600,-23,-4,38,7,-53,105,46,20,-17,2,47,-2,-10,89,10,11,-31,-7,41,4,-28,93,49,15,-13,7,35,9,-31,70,1,12,-68,-1,39,4,-32,92,25,17,6,54,38,5,-26,93,16,-3,-19,-5,31,54,-36,85,16,10,-15,-7,36,-1,-37,93,31,10
78.6800,-19,-4,40,0,-53,103,47,25,-15,-1,36,-1,-16,89,8,10,-27,-1,40,-1,-23,87,40,33,-14,6,43,6,-32,65,6,8,-68,-3,34,2,-24,88,21,24,5,50,35,2,-30,92,16,-5,-23,4,38,62,-32,98,27,12,-10,-5,34,-3,-32,96,23,7
78.7000,-16,5,42,6,-60,105,50,26,-19,-2,38,1,-19,85,11,8,-38,-1,39,5,-33,88,42,21,-18,6,42,2,-29,73,9,10,-65,-5,39,2,-30,92,17,18,3,50,39,9,-28,84,17,-8,-19,0,36,63,-26,86,26,20,-11,0,37,-5,-39,96,28,6
78.7200,-20,-10,33,5,-56,107,49,21,-18,-4,41,-2,-19,88,8,7,-33,-7,43,1,-35,89,46,18,-8,9,36,7,-33,71,8,12,-67,-7,39,-3,-34,94,16,22,1,58,38,3,-34,87,10,-3,-24,-2,27,57,-25,91,22,13,-14,-6,37,-6,-39,99,27,13
78.7400,-20,-4,40,-4,-50,104,53,31,-18,0,36,2,-13,86,13,10,-35,1,33,0,-31,86,38,12,-11,5,35,14,-27,66,9,12,-67,-3,44,6,-40,86,25,18,-2,57,33,9,-24,92,15,3,-18,-6,27,70,-16,91,17,19,-18,2,35,-4,-36,95,29,10
78.7600,-26,-4,37,2,-53,105,47,23,-22,1,42,1,-12,90,6,14,-33,2,37,-1,-30,81,44,22,-18,3,40,6,-34,68,14,12,-61,-3,44,4,-35,92,20,23,2,50,37,6,-25,92,15,-2,-17,-13,29,67,-29,78,22,13,-12,-4,39,1,-38,95,34,5
78.7800,-18,-4,38,5,-51,104,48,25,-19,5,44,0,-17,87,13,8,-34,2,40,4,-30,91,46,25,-16,6,44,2,-35,76,9,15,-66,-8,52,-1,-35,93,21,20,1,53,43,7,-33,86,2,0,-31,0,41,54,-59,100,27,9,-12,-2,36,0,-43,91,38,1
78.8000,-20,0,44,4,-49,102,51,22,-21,6,50,6,-21,91,9,14,-40,1,40,-1,-26,89,50,16,-11,5,32,0,-30,72,6,18,-69,-3,41,9,-31,91,21,18,5,51,42,5,-29,88,9,5,-15,3,43,62,-31,85,20,20,-20,1,41,-5,-36,94,29,8
78.8200,-25,-4,30,-1,-50,101,46,27,-23,0,49,-3,-17,86,15,13,-39,3,42,3,-33,88,49,12,-10,4,38,4,-32,64,4,16,-76,-2,36,6,-37,89,19,18,-1,54,44,-1,-33,89,10,4,-19,-8,37,63,-28,90,25,18,-16,-3,41,0,-39,97,41,7
78.8400,-21,1,42,3,-56,108,55,22,-25,3,44,2,-23,87,22,2,-40,7,45,2,-35,89,47,14,-11,4,45,1,-31,71,12,11,-74,2,44,-2,-34,90,23,9,1,51,39,-1,-31,94,11,7,-8,-10,34,61,-26,82,15,19,-14,-7,35,-5,-33,96,33,12
78.8600,-27,-2,39,11,-51,106,46,16,-13,4,50,3,-21,88,21,4,-45,9,45,0,-24,90,50,15,-20,8,45,5,-42,71,8,14,-80,9,45,-2,-40,91,24,11,-1,49,42,-2,-42,90,14,-5,-16,-11,43,61,-42,94,24,16,-23,-2,33,-1,-35,94,26,8
78.8800,-26,-2,44,3,-64,111,49,15,-23,11,49,2,-18,90,18,-1,-48,15,48,-5,-32,97,53,5,-20,10,43,1,-32,74,11,8,-88,13,40,-5,-38,87,27,7,-4,52,35,2,-33,89,14,-2,-10,-21,40,58,-33,85,19,23,-12,-1,38,-3,-34,90,33,11
78.9000,-37,0,42,-1,-63,111,58,16,-29,6,50,2,-28,90,24,1,-53,15,47,-7,-33,100,51,8,-17,6,45,2,-33,78,18,3,-98,24,46,-8,-38,96,44,3,-4,56,45,-3,-34,92,14,-9,-11,-9,42,59,-37,94,24,10,-16,3,45,-6,-31,90,31,8
78.9200,-46,11,50,3,-70,121,65,10,-27,12,42,-4,-32,96,29,3,-72,23,50,-4,-43,99,64,4,-28,20,49,-6,-45,83,24,-2,-119,44,56,2,-44,103,42,-2,-23,64,43,-6,-39,97,25,-6,-12,-8,53,51,-31,90,23,22,-13,-4,41,-10,-34,93,33,5
78.9400,-56,26,52,-5,-80,127,75,-1,-36,23,50,-1,-43,106,35,-7,-79,40,55,-6,-50,103,71,-16,-38,32,55,-7,-48,92,26,-12,-151,56,60,-6,-71,111,63,-20,-34,82,49,-8,-51,101,34,-21,-15,-10,56,48,-33,95,28,11,-23,4,45,-7,-34,90,31,4
78.9600,-63,36,58,-15,-93,133,94,-7,-40,16,50,-10,-45,111,42,-15,-105,55,67,-17,-62,115,98,-29,-58,49,61,-10,-56,102,43,-24,-182,83,64,-10,-74,120,76,-49,-55,104,56,-12,-55,109,50,-42,-12,-8,81,32,-34,96,27,15,-19,-3,60,-20,-39,90,26,11
78.9800,-81,62,71,-18,-119,155,106,-30,-53,32,61,-17,-68,123,59,-26,-121,80,69,-21,-80,128,104,-48,-65,56,69,-18,-71,111,49,-36,-216,117,68,-18,-97,132,102,-70,-88,129,68,-15,-73,128,70,-59,-7,-19,85,16,-25,90,21,18,-21,-3,63,-22,-42,94,35,5
79.0000,-111,82,72,-25,-134,171,125,-48,-69,50,73,-31,-80,144,74,-40,-153,105,81,-20,-95,148,128,-73,-98,90,78,-23,-100,136,75,-59,-251,163,79,-30,-117,154,124,-100,-120,159,72,-23,-98,143,95,-96,-3,-20,96,14,-22,91,17,22,-23,-1,73,-27,-42,95,32,10
79.0200,-132,108,79,-34,-156,205,148,-73,-91,71,78,-35,-108,171,102,-68,-197,141,78,-37,-120,167,155,-98,-122,115,80,-33,-121,155,100,-84,-301,208,84,-39,-153,176,158,-136,-161,201,76,-28,-131,160,122,-115,-9,-11,118,-18,-43,97,28,7,-17,5,85,-42,-36,86,24,9
79.0400,-172,142,84,-42,-189,225,180,-102,-118,98,73,-36,-132,188,125,-89,-233,177,84,-41,-148,196,175,-131,-153,144,90,-39,-142,178,133,-112,-353,255,78,-40,-188,203,198,-187,-209,250,76,-45,-157,189,161,-154,-11,-7,128,-46,-30,95,30,11,-18,-6,80,-48,-33,84,22,14
79.0600,-205,174,71,-40,-224,264,219,-136,-144,134,74,-53,-161,224,163,-115,-281,220,76,-45,-179,223,207,-163,-196,190,73,-49,-179,211,159,-143,-390,312,77,-49,-232,236,239,-227,-268,302,76,-47,-200,225,202,-196,-13,-9,126,-48,-36,99,36,8,-23,-3,74,-55,-28,83,32,17
79.0800,-249,218,60,-59,-258,291,239,-162,-175,171,61,-39,-189,254,184,-145,-315,259,66,-41,-216,256,240,-195,-230,224,70,-48,-209,242,191,-166,-435,365,65,-53,-268,279,280,-266,-320,359,74,-56,-242,263,233,-245,-15,-3,126,-68,-46,106,28,17,-15,4,67,-56,-30,90,32,17
79.1000,-281,251,52,-50,-287,329,274,-199,-217,206,57,-50,-231,297,222,-187,-358,306,49,-44,-249,291,276,-231,-275,259,55,-47,-238,273,228,-202,-467,408,58,-49,-315,320,327,-317,-369,417,65,-50,-287,300,279,-281,-5,-3,118,-87,-47,107,31,7,-20,3,53,-61,-33,95,24,14
79.1200,-326,300,55,-51,-315,360,303,-230,-254,256,49,-51,-263,337,244,-217,-398,352,48,-43,-282,325,297,-261,-316,299,51,-51,-280,307,252,-236,-489,455,50,-49,-348,361,360,-355,-419,473,58,-50,-333,347,321,-336,-13,-7,115,-100,-37,106,29,11,-17,-2,51,-57,-33,101,26,15
79.1400,-367,333,46,-49,-335,387,320,-248,-300,301,51,-57,-295,369,277,-248,-432,385,52,-43,-296,354,315,-288,-350,336,53,-44,-298,338,264,-254,-485,469,51,-41,-386,401,394,-392,-440,519,44,-50,-362,388,356,-376,-15,-2,114,-103,-41,110,27,11,-25,4,46,-62,-27,98,24,8
79.1600,-401,361,56,-50,-346,401,321,-258,-342,331,56,-53,-308,383,291,-269,-447,417,61,-39,-326,378,329,-306,-371,362,46,-46,-315,359,275,-277,-450,470,57,-44,-412,439,413,-398,-461,554,45,-48,-399,434,384,-410,-7,0,114,-106,-36,121,35,11,-17,-7,56,-58,-29,99,26,12
79.1800,-404,366,60,-47,-337,404,310,-265,-370,351,64,-50,-309,397,294,-286,-440,421,52,-34,-320,394,333,-321,-380,377,53,-40,-309,362,266,-277,-384,447,55,-39,-419,473,413,-401,-440,567,55,-48,-413,462,397,-430,-12,1,115,-110,-49,127,41,-4,-19,1,58,-52,-27,101,27,11
79.2000,-410,372,57,-39,-310,393,287,-256,-394,365,69,-51,-304,396,278,-278,-418,420,57,-29,-313,390,328,-322,-385,377,56,-29,-298,355,252,-274,-279,377,56,-26,-428,488,401,-377,-400,553,59,-36,-421,490,400,-439,-19,-4,103,-96,-64,151,41,8,-16,-8,57,-44,-37,108,26,15
79.2200,-382,348,45,-32,-278,358,248,-235,-391,362,69,-52,-279,375,248,-269,-372,394,35,-8,-296,372,306,-313,-366,358,44,-16,-264,334,224,-263,-150,270,34,-11,-412,493,381,-314,-311,499,51,-25,-419,480,384,-416,-21,-2,62,-64,-68,159,41,7,-22,-7,55,-31,-42,118,32,6
79.2400,-336,308,13,-22,-220,312,204,-198,-381,343,48,-47,-232,332,213,-242,-287,348,4,13,-266,354,287,-293,-319,336,23,-5,-225,296,189,-235,34,118,-9,20,-369,474,325,-227,-182,419,22,0,-385,468,355,-378,-26,3,6,-29,-82,195,53,-5,-21,-4,24,-16,-49,129,35,11
79.2600,-266,251,-26,-4,-152,253,144,-153,-348,296,13,-35,-170,269,154,-193,-165,272,-42,35,-226,309,264,-260,-269,291,-18,13,-170,254,158,-215,243,-80,-42,42,-308,442,239,-112,-8,293,-23,22,-337,434,308,-312,-17,12,-68,18,-95,211,62,-4,-22,0,-20,8,-52,133,40,9
79.2800,-167,176,-68,7,-79,176,90,-106,-299,249,-19,-32,-94,201,91,-143,-4,169,-90,56,-198,274,230,-214,-176,242,-58,28,-122,195,125,-183,496,-325,-92,62,-213,383,125,59,199,126,-74,49,-290,389,262,-229,-23,10,-158,70,-127,247,79,-8,-19,-6,-73,48,-44,146,42,12
79.3000,-50,104,-91,-1,-16,103,52,-73,-226,187,-52,-33,-25,136,38,-104,182,45,-123,60,-163,239,217,-172,-57,173,-95,31,-80,144,100,-169,781,-618,-126,81,-91,309,-10,253,471,-92,-110,67,-215,328,198,-110,-22,23,-216,96,-150,277,100,-22,-21,6,-111,60,-72,157,49,4
79.3200,92,25,-90,-14,48,53,30,-48,-148,128,-64,-43,36,82,3,-69,411,-121,-124,55,-152,212,214,-121,87,95,-106,36,-46,104,101,-156,1095,-953,-137,86,50,214,-172,490,797,-366,-137,77,-131,265,110,44,-34,23,-247,103,-188,310,135,-41,-25,4,-126,69,-93,174,64,1
79.3400,268,-50,-60,-50,64,35,54,-67,-43,84,-53,-73,68,49,3,-64,685,-316,-101,38,-158,224,233,-62,257,10,-95,12,-35,98,118,-158,1397,-1314,-115,63,234,117,-360,778,1148,-699,-135,65,-51,214,30,227,-34,27,-228,74,-202,331,152,-48,-18,4,-140,66,-81,174,73,-4
79.3600,459,-134,-3,-96,29,63,110,-103,56,54,-25,-118,53,83,40,-101,981,-542,-51,-10,-185,287,266,20,461,-86,-54,-30,-75,131,181,-183,1599,-1600,-79,27,430,7,-569,1072,1483,-1063,-83,33,23,192,-76,448,-41,46,-170,-7,-230,349,189,-70,-23,11,-99,50,-95,176,82,-13
79.3800,653,-212,43,-163,-43,153,212,-166,146,69,40,-168,-7,172,140,-199,1273,-808,17,-76,-250,397,303,114,671,-188,3,-92,-155,227,279,-221,1694,-1741,-21,-25,634,-93,-796,1364,1675,-1426,-30,-24,110,192,-180,700,-54,71,-94,-130,-262,356,211,-98,-26,18,-55,14,-99,175,87,-27
79.4000,854,-288,94,-226,-184,306,369,-239,230,120,84,-225,-132,337,302,-359,1513,-1118,47,-143,-327,573,316,286,900,-321,54,-159,-278,380,408,-248,1717,-1806,25,-83,828,-174,-1016,1578,1763,-1683,24,-80,199,237,-322,999,-75,97,-10,-291,-306,363,243,-129,-22,26,-11,-34,-112,169,97,-34
79.4200,1048,-409,90,-284,-342,509,528,-287,303,203,99,-262,-329,562,532,-563,1647,-1455,61,-207,-343,768,230,566,1104,-499,82,-224,-438,594,528,-235,1663,-1824,36,-140,1027,-260,-1234,1691,1797,-1804,54,-146,294,306,-509,1335,-90,124,25,-475,-299,345,256,-153,-29,31,15,-80,-105,161,95,-31
79.4400,1234,-622,43,-306,-481,699,610,-205,374,274,70,-279,-533,815,767,-763,1714,-1709,21,-239,-262,930,2,991,1317,-754,69,-272,-560,817,580,-94,1436,-1801,-7,-165,1224,-333,-1442,1746,1800,-1862,47,-200,466,361,-792,1633,-110,160,1,-645,-291,306,270,-178,-39,45,-8,-106,-105,152,98,-46
79.4600,1428,-991,-54,-251,-482,765,509,97,458,274,-25,-249,-681,967,926,-890,1752,-1848,-53,-219,63,931,-509,1576,1502,-1155,-5,-265,-573,960,478,229,928,-1733,-79,-157,1426,-455,-1611,1775,1764,-1898,-24,-215,762,348,-1210,1791,-128,180,-109,-750,-262,246,260,-194,-38,57,-72,-99,-96,135,99,-49
79.4800,1612,-1559,-155,-119,-202,567,60,782,616,73,-149,-128,-645,904,880,-762,1780,-1937,-153,-119,760,586,-1391,1843,1650,-1640,-104,-191,-329,907,44,901,281,-1555,-164,-69,1623,-707,-1739,1801,1665,-1924,-106,-169,1274,139,-1667,1888,-165,209,-276,-709,-249,180,255,-218,-57,64,-176,-34,-88,107,98,-52
79.5000,1760,-1861,-226,131,539,-95,-916,1663,919,-478,-261,90,-251,419,428,-213,1817,-2000,-209,89,1647,-279,-1847,1964,1764,-1877,-192,-19,355,463,-864,1688,-306,-1294,-218,121,1765,-1172,-1834,1837,1458,-1947,-176,-34,1728,-448,-1867,1955,-196,243,-495,-426,-204,108,233,-219,-63,66,-257,134,-75,79,86,-52
79.5200,1865,-1997,-219,494,1602,-1362,-1774,1938,1466,-1490,-317,402,710,-695,-629,996,1865,-2046,-170,406,1915,-1590,-1997,2022,1853,-1994,-221,262,1496,-593,-1742,1936,-674,-1129,-167,415,1867,-1707,-1911,1877,1225,-1972,-189,213,1904,-1490,-1971,2004,-219,252,-743,229,-139,29,187,-214,-70,61,-283,401,-57,42,73,-52
79.5400,1947,-2048,-98,910,1914,-1891,-1988,2026,1809,-1916,-258,792,1713,-1758,-1734,1828,1909,-2048,-22,793,2003,-1954,-2037,2034,1927,-2048,-144,653,1888,-1723,-1966,2025,-696,-1141,-15,761,1941,-1917,-1969,1920,1133,-1997,-101,545,1989,-1902,-2023,2033,-239,260,-971,1275,-71,-24,142,-194,-77,62,-191,755,-28,19,46,-50
79.5600,2001,-2048,134,1326,2002,-2025,-2035,2040,1957,-2048,-85,1184,1955,-1991,-1984,2013,1945,-2048,228,1184,2016,-2035,-2041,2035,1980,-2048,47,1076,1999,-1985,-2023,2042,-281,-1319,239,1127,1990,-2013,-2007,1953,1230,-2013,100,927,2014,-2025,-2034,2042,-254,251,-1144,1805,8,-40,77,-166,-74,67,23,1140,3,-12,34,-33
79.5800,2029,-2048,388,1563,2014,-2046,-2040,2042,2027,-2048,188,1468,2008,-2033,-2030,2040,1960,-2048,507,1463,2016,-2044,-2040,2035,2014,-2048,309,1430,2017,-2035,-2027,2042,491,-1520,538,1382,2009,-2041,-2024,1969,1422,-2013,383,1262,2017,-2044,-2035,2042,-269,244,-1212,1960,68,15,28,-135,-72,57,301,1456,40,-19,10,-14
79.6000,2037,-2048,594,1613,2015,-2047,-2041,2040,2043,-2048,451,1548,2014,-2038,-2036,2044,1944,-2048,745,1544,2015,-2045,-2040,2034,2026,-2048,569,1587,2017,-2042,-2028,2042,1408,-1580,796,1449,2013,-2044,-2028,1955,1551,-1981,664,1455,2015,-2046,-2034,2041,-264,211,-1131,2012,98,125,-25,-83,-70,34,585,1592,66,-10,-19,3
79.6200,2037,-2048,672,1449,2015,-2048,-2039,2038,2045,-2048,638,1390,2013,-2038,-2036,2044,1854,-2006,824,1401,2016,-2045,-2040,2033,2024,-2048,728,1558,2016,-2043,-2028,2042,1775,-1369,897,1277,2013,-2045,-2017,1874,1493,-1806,842,1432,2016,-2046,-2033,2028,-248,159,-877,2022,104,314,-61,-25,-59,19,784,1564,95,8,-39,29
79.6400,2017,-2048,562,898,2015,-2048,-2041,2039,2043,-2048,671,857,2014,-2038,-2035,2043,849,-530,727,942,2014,-2045,-2040,1929,1993,-2048,726,1238,2016,-2042,-2027,2041,1867,-621,817,803,2000,-2045,-1944,923,1004,27,848,1142,2014,-2044,-2032,1832,-210,101,-456,2023,56,569,-53,33,-56,-13,808,1272,113,35,-63,55
79.6600,1854,-1943,319,6,2014,-2048,-2041,2030,2044,-2048,534,-32,2014,-2038,-2036,2043,-1457,1779,482,174,2005,-2045,-1856,-1349,1788,-1903,537,550,2017,-2043,-2027,2030,1851,731,575,74,1850,-2045,-642,-1427,-78,1764,685,541,2005,-2045,-1862,-1319,-171,44,133,2022,-74,855,2,67,-40,-36,653,639,127,83,-100,90
79.6800,-1027,1416,41,-1082,1975,-2045,-1903,-680,2042,-2048,297,-1090,2013,-2037,-2036,2044,-1990,2029,175,-761,-743,-2038,1630,-1940,-984,1429,250,-405,2014,-2043,-1965,-370,1553,1774,285,-781,-1138,-2024,1733,-1944,-1543,2029,392,-285,337,-2041,1519,-1931,-112,-10,796,2018,-247,1074,102,74,-12,-74,388,-224,128,119,-118,129
79.7000,-1952,1975,-159,-1752,-1232,-529,1600,-1867,1888,-1762,33,-1749,1948,-1919,-1998,1936,-2048,2047,-51,-1597,-1911,798,2001,-2026,-1945,1976,-29,-1431,-204,-1995,1439,-1853,-45,2004,37,-1556,-1951,180,2028,-2024,-1966,2047,105,-1185,-1859,-1621,1994,-2016,-50,-47,1440,1958,-455,1107,260,24,11,-97,113,-1140,121,129,-143,154
79.7200,-2048,2047,-188,-1921,-1964,1784,1995,-2007,-1490,1708,-154,-1903,-1426,1528,1401,-1594,-2048,2047,-123,-1859,-2048,1857,2047,-2040,-2048,2047,-184,-1835,-1890,1366,1985,-2004,-1686,2047,-58,-1818,-2048,1833,2047,-2036,-2048,2047,-75,-1728,-2048,1703,2047,-2032,5,-32,1730,887,-671,778,484,-94,39,-129,-34,-1710,78,68,-128,164
79.7400,-2048,2047,-58,-1966,-2048,1983,2047,-2032,-2004,2009,-246,-1916,-1982,1947,1969,-1957,-2048,2047,-33,-1941,-2048,1997,2047,-2042,-2048,2047,-154,-1949,-2048,1922,2047,-2030,-2017,2047,8,-1891,-2048,1995,2047,-2038,-2048,2047,-92,-1878,-2048,1970,2047,-2033,58,28,1829,-1663,-783,-104,737,-303,73,-128,-19,-1865,29,-87,-96,149
79.7600,-2048,2047,134,-1947,-2048,2015,2047,-2033,-2048,2047,-300,-1718,-2048,2018,2047,-2021,-2048,2047,172,-1963,-2048,2019,2047,-2042,-2048,2047,42,-1981,-2048,2010,2047,-2033,-2048,2047,158,-1894,-2048,2022,2047,-2037,-2048,2047,54,-1922,-2048,2016,2047,-2033,50,181,1853,-2040,-647,-1512,960,-592,94,-128,138,-1899,-3,-371,-26,109
79.7800,-2048,2047,227,-1806,-2048,2021,2047,-2034,-2048,2047,-468,-94,-2048,2029,2047,-2029,-2048,2047,345,-1953,-2048,2024,2047,-2041,-2048,2047,272,-1970,-2048,2023,2047,-2031,-2048,2047,279,-1846,-2048,2025,2047,-2036,-2048,2047,214,-1921,-2048,2023,2047,-2031,27,399,1842,-2048,-44,-1929,993,-908,97,-99,313,-1873,19,-781,53,35
79.8000,-2048,2047,84,-601,-2048,2021,2047,-2035,-2048,2047,-849,1662,-2048,2031,2047,-2031,-2048,2047,389,-1913,-2048,2026,2047,-2040,-2048,2047,401,-1898,-2048,2026,2047,-2031,-2048,2047,263,-1719,-2048,2027,2047,-2037,-2048,2047,308,-1890,-2048,2025,2047,-2032,-101,705,1786,-2048,1090,-2031,699,-1220,99,-42,401,-1763,129,-1263,121,-54
79.8200,-2048,2047,-385,1389,-2048,2022,2047,-2035,-2048,2047,-1441,1978,-2048,2029,2047,-2030,-2048,2047,229,-1815,-2048,2025,2047,-2041,-2048,2047,308,-1431,-2048,2027,2047,-2031,-2048,2047,80,-1438,-2048,2026,2047,-2036,-2048,2047,238,-1828,-2048,2025,2047,-2032,-304,1048,1642,-2048,1800,-2046,-144,-1370,66,40,323,-1404,360,-1606,115,-151
79.8400,-2048,2047,-1131,1908,-2048,2022,2047,-2034,-2048,2047,-1802,2030,-2048,2029,2047,-2030,-2013,228,-107,-1394,-2048,2026,2047,-1299,-2048,2047,-82,177,-2048,2028,2047,-2032,-2048,2047,-221,-1185,-2048,2028,2047,-1946,-2048,1736,4,-1726,-2048,2026,2047,-1788,-602,1319,1271,-2048,1976,-2048,-1510,-1214,8,125,52,-841,700,-1735,-28,-225
79.8600,-2040,1626,-1745,2022,-2048,2023,2047,-1981,-2048,2047,-1909,2039,-2048,2030,2047,-2031,-677,-1829,-542,-373,-1962,2028,-715,1743,-2043,1604,-723,1653,-2048,2028,2047,-1977,-2048,1986,-526,-1122,-1810,2028,849,-86,-2048,-1136,-327,-1535,-2027,2026,647,1582,-957,1395,823,-2048,2014,-2047,-1923,-489,-79,211,-298,-407,1134,-1736,-348,-216
79.8800,886,-1732,-1919,2039,-2048,2025,1215,1575,-2048,2047,-1900,2040,-2048,2031,2047,-2032,1568,-2038,-985,1107,1636,2021,-1867,1989,31,-1714,-1494,1961,-2048,2031,1541,1559,-2048,1710,-703,-1215,1576,2006,-1735,1747,-1923,-1898,-633,-1171,1513,2025,-1798,1976,-1298,1104,508,-2048,2018,-2047,-2023,966,-178,258,-625,-160,1473,-1520,-794,-75
79.9000,1878,-2018,-1955,2041,1448,1958,-1778,1967,-2007,513,-1623,2040,-2048,2033,2047,-1135,1952,-2048,-1393,1835,1952,-1415,-2014,2028,1787,-2019,-1848,2030,1386,2023,-1742,1965,-2021,50,-689,-1292,1951,-1152,-1990,1995,-1008,-2046,-837,-485,1940,-972,-1997,2033,-1495,178,338,-2048,2020,-2046,-2037,1841,-283,193,-774,-79,1613,-756,-1332,240
79.9200,2016,-2048,-1888,2043,1924,-1471,-2000,2029,1463,-1837,-404,2027,930,1571,-1425,1786,2031,-2048,-1683,2007,2004,-1941,-2037,2034,2004,-2048,-1953,2039,1917,-1182,-1984,2031,-1396,-1608,-524,-1116,2005,-1911,-2028,2033,695,-2048,-949,753,2006,-1887,-2029,2041,-1413,-1434,277,-2048,2019,-1945,-2038,2015,-374,-2,-747,-80,1573,392,-1648,718
79.9400,2040,-2048,-1296,2041,2000,-1955,-2035,2039,1949,-2037,1120,1181,1864,-1686,-1938,2002,2045,-2048,-1834,2037,2013,-2027,-2039,2034,2037,-2048,-1971,2041,2001,-1910,-2022,2040,1207,-1971,-317,-393,2013,-2022,-2034,2038,1728,-2048,-1061,1774,2015,-2020,-2034,2042,-778,-1946,221,-1626,2016,1319,-2039,2040,-365,-372,-546,-54,1196,1522,-1743,1299
79.9600,2044,-2048,119,1995,2012,-2033,-2039,2039,2028,-2048,1772,-1723,1990,-1982,-2021,2037,2047,-2048,-1905,2039,2014,-2042,-2039,2032,2041,-2048,-1912,2040,2014,-2021,-2027,2042,1895,-2048,-274,1099,2014,-2041,-2035,2039,1957,-2048,-1301,1997,2016,-2041,-2033,2043,609,-2048,32,1230,1981,1919,-2037,2044,-202,-914,-284,69,383,1838,-1703,1677
79.9800,2045,-2048,1475,597,2014,-2045,-2039,2039,2041,-2048,1906,-2030,2010,-2029,-2034,2043,2046,-2048,-1927,2041,2015,-2044,-2039,2032,2043,-2048,-1492,2040,2016,-2038,-2026,2039,2027,-2048,-475,1856,2015,-2043,-2034,2038,2024,-2048,-1668,2035,2015,-2044,-2033,2041,1766,-2048,-376,1880,-118,2005,-2038,2044,117,-1498,-61,303,-678,1928,-1339,1800
80.0000,2043,-2048,1834,-1776,2013,-2047,-2040,2037,2043,-2048,1932,-2048,2012,-2036,-2036,2043,2045,-2048,-1887,2041,2014,-2044,-2039,2033,2041,-2048,-194,2026,2015,-2041,-2026,2040,2045,-2048,-986,2015,2015,-2044,-2033,2038,2035,-2048,-1870,2042,2016,-2045,-2033,2040,2000,-2048,-986,2002,-1883,2024,-1937,2045,638,-1774,70,618,-1629,1950,-387,1819
80.0200,2042,-2048,1919,-2041,2013,-2047,-2038,2037,2044,-2048,1906,-2048,2012,-2038,-2035,2042,2045,-2048,-1557,2040,2015,-2044,-2039,2033,2040,-2048,1268,1462,2016,-2042,-2026,2041,2047,-2048,-1614,2038,2015,-2043,-2034,2039,2037,-2048,-1948,2041,2015,-2045,-2032,2041,2037,-2048,-1594,2021,-2048,2024,1335,2043,1275,-1860,101,944,-1888,1939,836,1739
80.0400,2040,-2048,1930,-2048,2012,-2048,-2040,2038,2042,-2048,1852,-2048,2013,-2037,-2034,2041,2044,-2048,-365,2036,2014,-2043,-2040,2034,2041,-2048,1792,-1637,2016,-2042,-2026,2039,2047,-2048,-1867,2042,2013,-2042,-2034,2038,2037,-2048,-1953,2042,2014,-2046,-2034,2042,2043,-2048,-1831,2023,-2048,2024,1968,2038,1686,-1866,110,1195,-1962,1886,1711,1196
80.0600,2040,-2048,1904,-2048,2013,-2047,-2041,2040,2041,-2048,1787,-2048,2013,-2038,-2034,2041,2043,-2048,1178,1309,2014,-2044,-2039,2013,2040,-2048,1914,-2018,2017,-2042,-2028,2041,2047,-2048,-1932,2043,2013,-2042,-2030,2037,2038,-2048,-1822,2042,2014,-2045,-2032,2039,2044,-2048,-1888,2024,-2048,2024,2047,709,1817,-1769,172,1330,-1972,1751,1914,42
80.0800,2042,-2048,1856,-2048,2014,-2048,-2042,2013,2042,-2048,1749,-2048,2013,-2037,-2034,2041,2045,-1939,1800,-1731,1985,-2045,-1507,-503,2040,-2048,1944,-2048,2017,-2042,-2028,2035,2047,-2048,-1895,2042,2000,-2043,-1971,2009,2038,-2048,-745,2041,2001,-2045,-1940,1928,2045,-2048,-1856,2023,-2048,2023,2047,-1781,1853,-1161,328,1341,-1939,1184,1969,-1256
80.1000,2030,-217,1788,-2048,2014,-2048,-1906,-1253,2041,-2048,1761,-2048,2014,-2038,-2035,2042,2035,1067,1938,-2032,-869,-2041,1702,-1871,2040,-1788,1935,-2048,2014,-2043,-1932,-386,2047,-2048,-1489,2042,1904,-2041,-1554,1654,2038,-2030,1039,1915,1588,-2045,332,-775,2040,-20,-1704,2023,-2048,2023,2047,-1991,1818,65,539,1269,-1833,406,1971,-1784
80.1200,1706,1846,1702,-2048,1073,-2047,1568,-1921,2043,-2039,1777,-2048,2015,-2040,-2037,1948,1891,1931,1971,-2048,-1930,-1733,2015,-2015,1984,1551,1905,-2048,1285,-2041,1446,-1854,2047,-2000,-168,2041,678,-2035,732,-1111,2038,-1432,1797,-1474,-1500,-2038,1867,-1872,2046,1863,-1302,2022,-2048,2018,2047,-2028,1583,1386,728,1184,-1353,-157,1926,-1911
80.1400,-1507,2041,1588,-2048,-1806,-1695,1994,-2018,1936,1417,1755,-1830,2005,-2040,-1438,-1605,-481,2047,1962,-2048,-2048,1691,2047,-2039,486,1993,1855,-2048,-1775,-1950,1990,-2006,2014,-820,1311,1863,-1598,-903,1834,-1870,2017,1310,1951,-1993,-1996,445,2047,-2012,1880,2041,-927,2022,-2048,1272,2047,-2034,601,1836,814,1115,-501,-469,1801,-1942
80.1600,-2013,2047,1388,-2048,-2043,1688,2047,-2034,-1502,1968,1622,1397,-1213,-1779,1781,-1966,-1870,2047,1915,-2048,-2048,1970,2047,-2042,-1768,2047,1788,-2048,-2034,1571,2047,-2031,767,1544,1803,-1546,-2006,1730,2029,-2011,1665,1919,1984,-2048,-2048,1842,2047,-2034,-1580,2047,-778,2019,-2048,-1660,2047,-2034,-716,1954,748,1084,155,-608,1281,-1929
80.1800,-2048,2047,1051,-1649,-2048,1967,2047,-2036,-2006,2047,1083,1945,-1961,1669,2029,-2023,-2048,2047,1834,-2048,-2048,2018,2047,-2043,-2048,2047,1693,-2048,-2048,1952,2047,-2035,-1726,1968,1914,-2002,-2048,1980,2047,-2035,-1318,2041,1966,-2048,-2048,1998,2047,-2035,-2016,2047,-853,2000,-1954,-1989,2047,-2034,-1695,1981,535,1094,536,-692,543,-1870
80.2000,-2048,2047,615,1421,-2048,2013,2047,-2037,-2048,2047,189,2026,-2048,1971,2047,-2033,-2048,2047,1703,-2048,-2048,2025,2047,-2042,-2048,2047,1534,-2048,-2048,2017,2047,-2035,-2042,2047,1932,-2048,-2048,2022,2047,-2038,-1972,2047,1911,-2048,-2048,2023,2047,-2036,-2048,2047,-1047,1909,1039,-2036,2047,-2034,-1930,1966,219,1081,691,-816,15,-1707
80.2200,-2048,2047,98,1943,-2048,2021,2047,-2036,-2048,2047,-901,2038,-2048,2022,2047,-2033,-2048,2047,1539,-2048,-2048,2027,2047,-2044,-2048,2047,1237,-1878,-2048,2026,2047,-2035,-2048,2047,1900,-2048,-2048,2028,2047,-2036,-2048,2047,1806,-2048,-2048,2028,2047,-2035,-2048,2047,-1179,1243,1879,-2046,1597,-2034,-1996,1912,-124,1001,729,-1037,-267,-1125
80.2400,-2048,2047,-487,2027,-2048,2023,2047,-2036,-2048,2047,-1752,2040,-2048,2029,2047,-2034,-2048,2047,1424,-2048,-2048,2028,2047,-2039,-2048,2047,829,1229,-2048,2030,2047,-2034,-2048,2047,1824,-2048,-2048,2030,2047,-2032,-2048,2046,1642,-2048,-2048,2027,2047,-2021,-2048,2047,-1161,-642,1998,-2047,-1562,-2032,-2007,1785,-434,788,746,-1279,-372,-506
80.2600,-2048,2047,-1167,2040,-2048,2024,2047,-2036,-2048,2047,-1978,2040,-2048,2032,2047,-2032,-2048,1957,1359,-1953,-2048,2028,2047,-1902,-2048,2047,329,1911,-2048,2029,2047,-2034,-2048,2047,1666,-2048,-2048,2029,2047,-2023,-2048,2027,1514,-2048,-2048,2028,2047,-1949,-2048,2047,-949,-1754,2016,-2047,-1971,-1974,-1983,1406,-687,440,805,-1471,-431,-162
80.2800,-2048,1939,-1718,2043,-2048,2023,2047,-2004,-2048,2047,-2048,2041,-2048,2033,2047,-2032,-2048,1799,1224,674,-2013,2028,1677,-235,-2048,1949,-274,2022,-2048,2031,2047,-1991,-2048,2047,1405,-2048,-2008,2028,1992,-2013,-2048,2020,1547,-2048,-2014,2030,1868,-1804,-2048,2047,-568,-1975,2019,-2046,-2025,499,-1927,937,-864,-20,923,-1536,-524,-69
80.3000,-2044,408,-1912,2042,-2048,2025,2032,-434,-2048,2047,-2048,2041,-2048,2032,2047,-2033,-2048,1702,932,1839,522,2024,-1340,1409,-2048,1119,-992,2038,-2048,2029,2025,-735,-2048,2047,1256,-2048,-1787,2026,1899,-2001,-2048,2029,1611,-2048,-674,2026,265,-1612,-2048,2047,-73,-2034,2018,-2046,-2039,1859,-1803,658,-960,-503,1070,-1475,-723,-116
80.3200,-1914,-1271,-1977,2042,-1964,2024,386,1699,-2048,2038,-2048,2040,-2048,2033,2047,-2028,-2048,1815,443,2012,1809,1877,-1897,1718,-2036,88,-1649,2042,-1840,2030,67,1546,-2048,2047,1252,-2048,-907,1963,1769,-1986,-2048,2047,1618,-1934,1471,1968,-1109,-1654,-2048,1065,462,-2048,2019,-2046,-2037,2016,-1405,536,-964,-950,1154,-1276,-974,-130
80.3400,-1600,-1652,-1987,2042,235,2018,-1702,1979,-2026,1303,-2025,2041,-2048,2033,2047,-1285,-2042,1918,-248,2038,1977,-1113,-1988,1571,-1986,58,-1894,2042,1143,2020,-1724,1905,-2048,2047,1329,-2048,-485,1646,1705,-1962,-2048,2047,1474,865,1823,704,-1315,-1797,-2048,-1704,1005,-2048,2019,-2046,-2038,2039,-831,434,-850,-1292,1065,-967,-1174,8
80.3600,-1272,-1346,-1940,2042,1708,1942,-1973,2024,-1554,-1128,-1926,2039,-2048,2031,1773,1592,-2009,1970,-1133,2043,1998,-1877,-1960,721,-1954,793,-1975,2041,1837,1827,-1958,1956,-2005,2027,1380,-1948,-777,427,1775,-1919,-2048,2047,1023,1869,1815,-1431,-454,-1881,-1950,-2021,1477,-2045,2017,-2042,-2037,2043,-340,171,-612,-1457,834,-696,-1271,348
80.3800,-1301,-363,-1755,2042,1921,1173,-2013,2016,-196,-1799,-1612,1981,-1903,2031,-764,1970,-1961,1981,-1779,2043,1956,-2009,-1746,-279,-1945,1630,-1997,2042,1956,-250,-1980,1901,-1892,1961,1331,1277,-1488,-261,1863,-1827,-2043,2047,270,2017,1019,-1818,1081,-1917,1418,-2048,1687,-2045,2018,-1935,-2038,2045,82,-268,-290,-1446,504,-527,-1217,840
80.4000,-1487,727,-1120,2038,1952,-806,-1990,1959,481,-1900,-1021,706,-659,2017,-1761,2033,-1863,1953,-1963,2042,1740,-2027,-135,-995,-1937,1863,-1976,2041,1954,-1664,-1920,1582,-1549,1779,1136,1929,-1816,-313,1914,-1474,-1976,2028,-718,2039,-926,-1834,1833,-1917,1947,-2048,1754,-2048,2015,399,-2038,2044,487,-891,42,-1280,204,-503,-1039,1372
80.4200,-1575,1514,-526,1967,1933,-1732,-1903,1758,541,-1843,-696,-1656,942,1954,-1922,2041,-1460,1837,-2026,2041,261,-2011,1439,-1192,-1909,1921,-1904,2040,1883,-1904,-1564,368,-830,853,772,2025,-1901,13,1919,-584,-1828,1955,-1663,2043,-1818,-1509,1986,-1869,2030,-2048,1741,-2048,1959,1803,-2038,2046,869,-1501,342,-987,48,-600,-828,1660
80.4400,-1468,1721,-330,999,1888,-1918,-1586,711,275,-1488,-570,-2016,1711,1670,-1953,2029,-504,1085,-2033,2041,-1050,-1954,1797,-845,-1812,1905,-1699,2038,1655,-1957,-140,-630,-194,-270,249,2040,-1885,437,1858,321,-1196,1685,-1936,2043,-1978,-397,2015,-1680,2042,-2048,1642,-2048,953,1991,-2034,2045,1194,-1758,563,-641,141,-730,-710,1756
80.4600,-1077,1671,-521,-1454,1838,-1970,-854,-210,9,-674,-477,-2048,1894,-39,-1960,1989,491,-278,-1998,2039,-1426,-1841,1753,-2,-1360,1783,-1273,2000,980,-1961,813,-1039,306,-1116,-383,2042,-1666,722,1431,1142,-252,393,-2013,2043,-1991,646,1983,-722,2044,-2048,1396,-2048,-1489,2022,-1940,2044,1419,-1828,701,-333,477,-801,-757,1764
80.4800,-418,1143,-911,-1953,1817,-1991,-689,-389,-89,-109,-229,-2048,1964,-1583,-1967,1915,1354,-1487,-1880,2040,-876,-1569,786,1175,-416,1029,-990,1589,693,-1949,842,-710,649,-1579,-998,2043,-549,757,71,1663,587,-928,-2018,2041,-1902,1225,1791,611,2044,-2048,1068,-2035,-1954,2025,-519,2042,1461,-1811,806,-113,952,-717,-963,1712
80.5000,407,92,-1240,-2048,1833,-1996,-1180,184,111,-43,227,-2048,1996,-1913,-1985,1841,1722,-1851,-1381,2039,389,-1252,-1034,1780,621,-298,-938,-995,1002,-1937,-20,274,890,-1739,-1434,2043,939,454,-1431,1835,1243,-1689,-1964,2043,-1005,1194,129,1650,2046,-2048,815,-1994,-2048,2026,1591,2042,1357,-1706,857,9,1394,-453,-1267,1582
80.5200,1276,-1230,-1311,-2048,1867,-1998,-1733,1336,652,-590,821,-2048,2008,-2004,-2005,1846,1836,-1962,-667,1974,1591,-1372,-1817,1938,1504,-1556,-978,-1875,1604,-1932,-1410,1530,1085,-1803,-1617,2042,1726,-152,-1852,1910,1603,-1883,-1748,2041,964,562,-1594,1901,2045,-2048,643,-1886,-2048,2025,1963,1980,1066,-1362,885,29,1595,-29,-1495,1363
80.5400,1737,-1834,-1038,-2048,1896,-1999,-1903,1832,1429,-1566,1393,-2048,2012,-2031,-2021,1914,1885,-2008,-358,986,1872,-1696,-1978,1995,1800,-1902,-935,-2037,1830,-1943,-1851,1890,1309,-1857,-1618,2042,1893,-989,-1962,1953,1746,-1954,-1012,2042,1782,-549,-1928,1986,2045,-2048,497,-1296,-2048,2020,2043,708,705,-928,832,6,1596,454,-1557,1168
80.5600,1884,-1992,-495,-2048,1911,-2001,-1968,1969,1802,-1911,1676,-2048,2012,-2038,-2027,1980,1914,-2033,-473,-1445,1948,-1860,-2019,2016,1904,-2011,-683,-2048,1913,-1960,-1970,1995,1571,-1912,-1579,2042,1938,-1672,-1992,1976,1817,-1993,-509,2039,1943,-1627,-2008,2018,2045,-2024,303,-76,-2048,2007,2047,-1570,401,-653,668,-44,1317,936,-1377,1037
80.5800,1953,-2048,217,-2025,1915,-2004,-1992,2014,1937,-2028,1774,-2021,2010,-2039,-2028,2018,1940,-2048,-832,-1934,1969,-1941,-2025,2021,1956,-2048,-250,-2048,1950,-1982,-2003,2026,1769,-1959,-1643,2040,1943,-1872,-1992,1987,1872,-2021,-613,1927,1982,-1903,-2023,2030,2044,-677,33,1089,-2044,1980,2047,-1939,270,-633,392,-75,684,1299,-885,972
80.6000,1991,-2048,963,-1976,1910,-2008,-1997,2027,2001,-2048,1803,-2007,2004,-2039,-2027,2033,1965,-2048,-1135,-2039,1965,-1985,-2018,2020,1987,-2048,307,-2043,1959,-1999,-2011,2036,1879,-1995,-1812,2006,1922,-1948,-1974,1987,1918,-2039,-1265,-422,1990,-1992,-2025,2033,1995,1637,-275,1682,-2026,1957,2047,-2015,376,-805,60,-80,-137,1513,-149,853
80.6200,2014,-2048,1555,-1937,1895,-2010,-1986,2027,2028,-2048,1806,-2009,1993,-2039,-2023,2037,1986,-2048,-1201,-2048,1945,-2003,-1996,2008,2008,-2048,895,-2002,1955,-2010,-2004,2035,1948,-2016,-1940,314,1882,-1981,-1933,1975,1958,-2048,-1784,-1843,1979,-2022,-2014,2028,365,1989,-541,1827,-2016,1942,2047,-2028,725,-1057,-245,-53,-953,1583,647,650
80.6400,2025,-2048,1776,-1936,1872,-2008,-1962,2016,2039,-2048,1792,-2020,1977,-2038,-2015,2035,2002,-2048,-901,-2048,1905,-2007,-1952,1978,2020,-2048,1409,-1954,1938,-2015,-1989,2028,1989,-2022,-2017,-1793,1820,-1994,-1872,1944,1986,-2048,-1927,-2047,1955,-2031,-1987,2012,-1765,2047,-648,1861,-2015,1939,2040,-2029,1218,-1226,-466,-10,-1562,1574,1358,316
80.6600,2028,-2048,1858,-1962,1834,-1999,-1921,1984,2040,-2048,1763,-2022,1952,-2036,-1999,2032,2009,-2030,-271,-2044,1840,-2000,-1878,1911,2026,-2048,1684,-1932,1910,-2015,-1956,2008,2013,-2012,-2048,-2042,1718,-1991,-1766,1881,2003,-2045,-1946,-2048,1915,-2032,-1939,1973,-2047,2047,-583,1854,-2022,1938,2032,-2027,1615,-1215,-496,24,-1770,1503,1701,-137
80.6800,2024,-2033,1889,-1992,1778,-1979,-1856,1913,2041,-2048,1714,-2008,1921,-2031,-1972,2014,2007,-1986,513,-2043,1724,-1976,-1732,1745,2025,-2048,1794,-1957,1864,-2004,-1906,1956,2020,-1983,-2048,-2048,1542,-1978,-1535,1731,2010,-2020,-1870,-2048,1856,-2024,-1866,1897,-2048,2047,-396,1814,-2026,1926,2028,-2024,1760,-978,-377,59,-1818,1376,1787,-633
80.7000,2012,-1973,1882,-2009,1666,-1939,-1733,1719,2038,-2048,1615,-1957,1877,-2020,-1928,1963,1992,-1892,1272,-2048,1419,-1932,-1298,1007,2019,-2007,1839,-2000,1791,-1977,-1819,1833,2016,-1929,-2036,-2048,1270,-1948,-1173,1218,2008,-1969,-1400,-2048,1749,-2003,-1729,1678,-2048,2047,-156,1738,-2029,1886,2030,-2023,1807,-567,-140,83,-1794,1191,1782,-1057
80.7200,1982,-1832,1833,-2007,1402,-1870,-1389,928,2030,-2017,1383,-1787,1806,-1990,-1851,1840,1961,-1566,1656,-2048,923,-1834,-712,102,1997,-1910,1841,-2035,1631,-1927,-1621,1291,1998,-1811,-1964,-2048,1005,-1894,-865,582,1994,-1870,-392,-2048,1506,-1958,-1362,909,-2048,2047,41,1573,-2020,1762,2032,-2025,1790,-69,99,121,-1687,967,1690,-1322
80.7400,1918,-1198,1672,-1979,984,-1694,-856,93,2001,-1903,995,-732,1640,-1930,-1659,1253,1888,-680,1758,-2048,452,-1480,-205,-578,1951,-1558,1794,-2048,1202,-1821,-1102,338,1952,-1407,-1682,-2048,750,-1787,-607,110,1960,-1529,600,-2048,1044,-1870,-860,148,-2048,2047,88,1299,-1996,1004,2033,-2028,1697,368,255,158,-1388,709,1412,-1394
80.7600,1723,-235,1052,-1898,524,-1055,-336,-526,1923,-1338,534,792,1110,-1791,-981,175,1651,147,1747,-2048,45,-625,242,-1024,1844,-567,1595,-2048,671,-1400,-495,-442,1839,-698,-600,-2048,493,-1454,-383,-174,1887,-755,1354,-2048,589,-1592,-404,-378,-2048,2047,-11,1031,-1933,-360,2023,-2030,1327,683,292,217,-945,420,958,-1252
80.7800,679,594,251,-1507,76,-217,164,-968,1615,-106,-3,1709,389,-1095,-131,-747,589,832,1615,-2048,-364,224,661,-1329,1263,356,932,-2045,142,-483,79,-1007,1132,-9,644,-2048,228,-792,-145,-398,1609,-19,1681,-2048,142,-753,18,-724,-2048,2047,-190,833,-1722,-1561,1997,-2028,637,824,216,275,-475,110,461,-939
80.8000,-688,1293,-467,-362,-331,597,632,-1335,176,992,-520,1908,-339,68,693,-1445,-726,1397,1255,-2048,-744,1009,1076,-1535,-66,1139,122,-2007,-375,467,636,-1429,-311,657,1596,-2048,-61,-116,131,-624,418,617,1778,-2048,-242,112,385,-961,-2048,2047,-377,654,-736,-1869,1932,-2028,-132,841,74,316,-41,-187,2,-552
80.8200,-1695,1710,-1003,790,-708,1341,1076,-1616,-1383,1689,-988,1965,-1058,1215,1440,-1745,-1702,1730,812,-2048,-1110,1588,1458,-1693,-1400,1651,-564,-1904,-828,1326,1163,-1673,-1581,1327,1857,-2048,-370,557,440,-945,-993,1223,1810,-2048,-617,887,759,-1222,-2048,2047,-491,511,504,-1958,1705,-2022,-891,813,-48,336,358,-449,-405,-196
80.8400,-1943,1868,-1334,1570,-1066,1720,1492,-1776,-1889,1891,-1321,1976,-1600,1757,1782,-1863,-1945,1869,503,-2048,-1459,1796,1707,-1804,-1869,1843,-1005,-1335,-1270,1735,1604,-1798,-1915,1743,1945,-2048,-699,1212,806,-1384,-1794,1687,1819,-2048,-966,1517,1124,-1522,-2048,2047,-513,367,1518,-1986,583,-2004,-1524,819,-111,312,689,-636,-719,39
80.8600,-2030,1947,-1472,1786,-1396,1846,1734,-1867,-2025,1974,-1481,1964,-1819,1907,1905,-1927,-2030,1945,413,-1991,-1700,1882,1826,-1881,-2003,1929,-1180,-5,-1591,1866,1797,-1874,-2016,1892,1980,-2048,-1041,1660,1217,-1715,-1983,1865,1817,-2048,-1297,1765,1500,-1739,-2048,2047,-442,256,1808,-1988,-767,-1949,-1793,899,-122,260,948,-761,-925,110
80.8800,-2048,1993,-1462,1840,-1673,1903,1853,-1927,-2048,2019,-1501,1931,-1909,1968,1962,-1969,-2048,1991,517,-1564,-1826,1930,1894,-1934,-2048,1981,-1155,1214,-1779,1925,1893,-1928,-2048,1958,1991,-2048,-1402,1819,1603,-1849,-2048,1950,1816,-2048,-1597,1865,1738,-1855,-2048,2041,-327,134,1887,-1974,-1648,-1783,-1885,1081,-80,184,1081,-803,-994,11
80.9000,-2048,2021,-1337,1837,-1824,1937,1922,-1965,-2048,2046,-1419,1869,-1960,1997,2000,-1998,-2048,2020,736,265,-1898,1959,1942,-1969,-2048,2013,-1006,1732,-1870,1956,1948,-1963,-2048,1992,1987,-2046,-1680,1890,1798,-1913,-2048,1996,1809,-1987,-1777,1916,1856,-1920,-2048,1969,-218,29,1908,-1940,-1857,-672,-1919,1299,-47,99,1080,-774,-906,-221
80.9200,-2048,2036,-1097,1802,-1908,1955,1968,-1989,-2048,2047,-1271,1751,-1994,2011,2025,-2014,-2048,2030,951,1618,-1943,1975,1973,-1989,-2048,2030,-763,1866,-1928,1974,1985,-1986,-2048,2005,1964,-1951,-1820,1927,1885,-1945,-2048,2020,1796,-1301,-1872,1947,1923,-1957,-2046,1671,-156,-35,1897,-1880,-1917,876,-1921,1480,-52,16,941,-682,-658,-525
80.9400,-2048,2038,-760,1738,-1960,1967,1997,-1998,-2048,2047,-1105,1443,-2018,2018,2041,-2024,-2048,2029,1079,1900,-1974,1986,1992,-1993,-2048,2036,-469,1904,-1967,1984,2009,-1996,-2044,2000,1918,-1280,-1888,1947,1928,-1954,-2048,2027,1766,855,-1929,1967,1963,-1973,-1942,64,-148,-92,1862,-1755,-1932,1727,-1897,1557,-105,-45,659,-557,-309,-789
80.9600,-2048,2028,-339,1641,-1993,1969,2013,-1996,-2048,2047,-938,991,-2035,2017,2047,-2025,-2042,2014,1087,1979,-1992,1985,1998,-1984,-2048,2033,-137,1914,-1995,1988,2024,-1997,-2009,1975,1824,579,-1924,1953,1949,-1943,-2048,2017,1694,1783,-1963,1977,1985,-1974,-1213,-1518,-130,-168,1785,-1361,-1919,1916,-1834,1530,-189,-91,267,-408,104,-981
80.9800,-2013,2001,126,1507,-2009,1962,2013,-1978,-2048,2047,-734,614,-2041,2012,2047,-2022,-1989,1972,1007,2002,-1992,1976,1990,-1954,-2037,2013,244,1906,-2007,1983,2026,-1984,-1944,1920,1547,1710,-1935,1948,1951,-1911,-2011,1988,1479,1967,-1980,1977,1991,-1957,589,-1906,-84,-249,1595,-756,-1889,1978,-1667,1356,-248,-126,-150,-246,507,-1057
81.0000,-1933,1945,589,1375,-2009,1945,2002,-1938,-2048,2039,-477,343,-2041,2001,2047,-2009,-1870,1878,879,2003,-1974,1952,1961,-1881,-1979,1971,622,1888,-2007,1970,2015,-1951,-1789,1799,883,1938,-1923,1926,1929,-1834,-1925,1929,1067,2015,-1977,1966,1981,-1916,1708,-2016,17,-331,1184,-222,-1840,1999,-1219,1050,-235,-139,-543,-74,828,-1000
81.0200,-1676,1812,964,1288,-1989,1913,1967,-1846,-1995,1995,-150,154,-2028,1977,2030,-1974,-1327,1511,744,1998,-1923,1904,1893,-1643,-1846,1880,950,1860,-1990,1943,1984,-1881,-1206,1329,220,2003,-1880,1883,1874,-1610,-1644,1784,600,2028,-1954,1942,1947,-1819,1937,-2048,186,-410,746,231,-1765,2005,-649,652,-125,-134,-831,97,1009,-840
81.0400,-754,1194,1210,1194,-1937,1852,1887,-1450,-1852,1900,200,-5,-1995,1932,1989,-1897,-324,551,604,1983,-1772,1789,1671,-722,-1234,1556,1170,1822,-1943,1888,1914,-1665,-412,563,-338,2024,-1745,1792,1720,-925,-787,1183,156,2029,-1895,1891,1869,-1431,2007,-2048,361,-448,453,566,-1642,2000,-73,238,42,-127,-967,233,1049,-613
81.0600,243,202,1252,1097,-1790,1695,1559,-406,-1084,1496,534,-122,-1922,1840,1892,-1596,576,-379,422,1964,-1083,1252,822,310,-237,642,1212,1767,-1816,1764,1678,-773,292,-120,-820,2030,-1260,1464,1151,-184,86,341,-208,2025,-1708,1765,1600,-543,2029,-2048,496,-443,277,810,-1446,1987,419,-125,224,-100,-941,345,923,-361
81.0800,934,-563,1069,882,-965,355,423,951,84,336,768,-220,-1664,1485,1386,-395,1030,-878,328,1944,218,-166,-142,946,640,-270,1051,1673,-1207,1206,766,265,400,-404,-915,2018,-399,474,506,369,782,-379,-534,2016,-987,1218,787,299,2023,-2034,800,-519,128,917,-1035,1966,808,-425,354,-54,-769,404,679,-96
81.1000,1949,-1954,-1901,1953,1774,-1813,-1844,1916,1751,-1713,-1660,1667,1492,-1519,-1554,1702,1965,-1987,-1965,2025,1848,-1858,-1893,1943,1826,-1794,-1617,1965,1551,-1568,-1615,1780,1931,-1954,-2048,2035,1821,-1829,-1852,1905,1835,-1780,-1867,2031,1573,-1556,-1615,1777,2042,-2048,-1929,1834,1884,-1833,-1984,2034,1830,-1791,-1699,1676,1577,-1645,-1605,1697
81.1200,851,-1171,-210,1149,-1272,-899,-163,1507,1986,-2009,-2044,1963,1913,-1936,-1946,1974,239,-1111,-321,1210,976,-1164,-423,-1085,2000,-2027,-2038,2018,1926,-1947,-1952,1990,-1227,-1416,-403,1283,1048,-1508,-688,1036,2000,-2025,-2048,2036,1932,-1951,-1959,1993,1119,-781,-605,1829,1146,-1498,-1098,924,2003,-2025,-2048,1970,1935,-1967,-1958,1976
81.1400,-88,-382,914,429,-1947,-492,681,1238,258,-66,690,554,462,1596,-1245,56,-976,-214,895,409,413,-804,420,-1847,811,-22,644,578,385,-1721,1595,-805,-1946,-555,892,451,469,-1280,90,453,1481,1713,600,605,607,-1149,-992,-737,-28,453,730,1744,539,-1233,-349,230,204,-48,617,468,449,-1136,-288,191
81.1600,-389,-116,1174,184,-2048,-80,1189,826,193,12,970,420,287,1889,-1117,-161,-1269,34,1130,191,-36,-403,931,-1981,796,74,933,430,206,-1683,1920,-1102,-2048,-355,1109,247,2,-878,613,3,1510,2010,917,454,436,-1025,-823,-1033,-250,675,916,1684,56,-804,178,-250,109,60,930,292,261,-1002,-57,-32
81.1800,-271,-225,1142,260,-2048,-131,1131,887,-12,220,1134,222,174,1937,-1011,-281,-1158,-87,1096,280,14,-435,875,-1995,611,267,1079,249,83,-1658,1977,-1244,-2048,-477,1071,339,62,-922,556,56,1360,2047,1056,274,313,-923,-714,-1182,-128,545,871,1712,105,-860,121,-188,-92,274,1075,116,125,-896,78,-162
81.2000,-255,-230,1123,210,-2048,-65,1199,807,-83,294,1168,201,148,1945,-982,-307,-1140,-81,1089,223,-35,-382,940,-2000,517,354,1139,214,59,-1630,1985,-1260,-2048,-466,1059,277,0,-850,627,-9,1274,2047,1121,237,296,-895,-691,-1189,-122,548,866,1692,54,-790,191,-256,-188,361,1133,80,99,-865,98,-181
81.2200,-295,-176,1135,231,-2048,-89,1156,829,-47,233,1126,246,202,1942,-1025,-249,-1179,-37,1095,250,-25,-403,905,-2001,557,298,1092,251,111,-1656,1982,-1206,-2048,-422,1060,307,22,-877,580,20,1319,2047,1071,283,338,-940,-720,-1137,-169,601,876,1697,72,-816,150,-227,-117,295,1086,127,155,-899,53,-133
81.2400,-316,-168,1122,232,-2048,-101,1147,840,-22,214,1160,206,163,1944,-968,-305,-1188,-32,1080,251,-9,-410,900,-1998,574,284,1116,215,60,-1627,1985,-1241,-2048,-408,1058,300,32,-891,577,31,1336,2047,1102,243,293,-882,-672,-1173,-172,597,867,1693,90,-824,146,-217,-110,282,1113,87,105,-849,110,-189
81.2600,-287,-210,1124,230,-2048,-91,1155,820,-18,227,1123,220,160,1942,-974,-295,-1156,-62,1078,242,-22,-399,908,-1997,567,289,1088,228,67,-1630,1983,-1227,-2048,-449,1053,298,20,-871,588,15,1319,2047,1074,254,296,-897,-692,-1167,-141,560,868,1689,73,-802,159,-225,-116,304,1087,104,109,-862,87,-173
81.2800,-270,-214,1103,214,-2048,-78,1148,807,-52,254,1144,223,179,1938,-985,-272,-1140,-65,1074,237,-36,-387,912,-1995,536,319,1114,230,84,-1635,1980,-1207,-2048,-446,1047,291,9,-861,592,9,1286,2047,1096,254,310,-899,-691,-1144,-132,560,858,1684,62,-793,164,-238,-144,325,1104,103,127,-867,79,-159
81.3000,-289,-186,1116,237,-2048,-98,1127,821,-43,233,1117,219,168,1937,-968,-279,-1163,-33,1071,243,-19,-407,886,-1994,540,302,1091,230,86,-1624,1979,-1212,-2048,-422,1050,300,27,-869,574,29,1289,2047,1071,250,298,-887,-669,-1145,-157,582,865,1686,81,-804,154,-208,-137,304,1084,89,117,-856,92,-162
81.3200,-294,-180,1094,220,-2048,-91,1124,813,-27,221,1128,212,160,1938,-957,-290,-1159,-43,1060,234,-12,-399,889,-1992,553,276,1094,219,69,-1615,1978,-1211,-2048,-420,1038,291,30,-860,582,22,1305,2047,1078,242,290,-876,-667,-1153,-156,570,852,1678,79,-788,153,-217,-112,284,1089,95,115,-852,100,-170
81.3400,-287,-200,1099,216,-2048,-85,1136,800,-27,229,1111,220,165,1933,-963,-278,-1144,-45,1060,232,-30,-380,887,-1991,549,296,1077,224,74,-1613,1973,-1188,-2048,-428,1041,284,23,-847,575,9,1296,2047,1065,249,296,-882,-674,-1134,-154,558,851,1674,71,-783,159,-224,-118,296,1080,100,114,-855,80,-168
81.3600,-263,-191,1085,221,-2048,-87,1114,802,-40,238,1110,211,164,1932,-957,-284,-1130,-56,1045,241,-24,-390,875,-1988,535,300,1076,211,86,-1613,1974,-1187,-2048,-429,1027,298,25,-852,575,22,1279,2047,1068,239,296,-872,-672,-1123,-145,550,838,1673,70,-782,152,-223,-127,312,1075,89,116,-839,84,-155
81.3800,-278,-185,1094,224,-2048,-89,1113,803,-40,237,1107,203,160,1931,-946,-281,-1129,-50,1053,233,-17,-386,876,-1987,524,294,1069,218,67,-1601,1972,-1193,-2048,-417,1028,289,26,-848,562,22,1265,2047,1059,237,291,-862,-657,-1128,-155,561,844,1668,75,-784,152,-215,-128,294,1068,89,115,-835,90,-159
81.4000,-279,-181,1085,209,-2048,-87,1103,790,-25,217,1099,206,168,1929,-946,-282,-1123,-47,1044,228,-10,-386,877,-1986,535,282,1066,208,67,-1598,1969,-1183,-2048,-409,1027,283,16,-835,562,16,1275,2047,1050,240,287,-859,-660,-1121,-153,559,838,1662,83,-778,155,-220,-117,286,1070,94,118,-840,87,-160
81.4200,-279,-197,1079,216,-2048,-81,1112,793,-27,224,1098,212,165,1926,-943,-271,-1118,-57,1037,224,-20,-381,873,-1984,536,293,1067,219,70,-1590,1969,-1166,-2048,-407,1014,284,11,-829,555,18,1263,2047,1045,241,289,-857,-658,-1106,-146,545,827,1661,67,-768,148,-217,-114,291,1063,89,118,-830,83,-155
81.4400,-274,-197,1067,210,-2048,-85,1091,785,-30,232,1083,203,161,1924,-931,-272,-1098,-62,1035,221,-17,-384,860,-1983,526,287,1051,210,60,-1584,1966,-1163,-2048,-419,1016,279,17,-827,555,28,1249,2047,1044,236,290,-859,-649,-1102,-140,537,830,1653,71,-776,148,-209,-124,285,1055,87,115,-818,87,-157
81.4600,-273,-177,1072,208,-2048,-80,1089,781,-38,222,1086,200,160,1924,-925,-274,-1104,-47,1038,217,-23,-376,859,-1981,523,290,1050,213,67,-1579,1965,-1158,-2048,-400,1005,274,22,-815,555,17,1245,2047,1031,232,286,-845,-645,-1097,-148,550,827,1647,71,-758,156,-215,-123,281,1043,93,111,-824,82,-152
81.4800,-268,-180,1056,206,-2048,-89,1079,772,-29,221,1078,197,158,1921,-915,-267,-1091,-55,1025,220,-19,-378,851,-1979,521,282,1042,207,70,-1568,1963,-1147,-2048,-403,1000,274,17,-815,546,22,1233,2047,1032,230,279,-839,-646,-1081,-145,539,816,1643,70,-758,146,-213,-113,282,1038,88,121,-812,80,-155
81.5000,-267,-185,1056,213,-2048,-80,1075,763,-25,220,1065,195,158,1918,-916,-263,-1085,-47,1019,217,-22,-368,844,-1977,528,279,1033,211,63,-1561,1959,-1139,-2048,-406,995,281,8,-806,546,22,1230,2047,1023,229,280,-840,-638,-1083,-145,533,810,1635,63,-759,150,-212,-114,278,1041,84,112,-802,73,-152
81.5200,-264,-184,1045,202,-2048,-86,1058,764,-30,219,1065,199,158,1916,-906,-257,-1068,-56,1007,218,-18,-367,837,-1975,516,274,1033,199,65,-1549,1957,-1134,-2048,-400,985,277,17,-801,538,24,1216,2047,1020,229,277,-825,-639,-1072,-135,531,805,1626,68,-744,143,-203,-117,280,1030,83,111,-798,80,-151
81.5400,-266,-175,1038,202,-2048,-81,1053,749,-30,222,1056,196,153,1913,-893,-260,-1066,-49,998,213,-19,-366,829,-1972,515,271,1021,199,65,-1545,1954,-1119,-2048,-401,978,266,22,-793,536,20,1208,2047,1007,231,271,-823,-630,-1057,-136,527,801,1621,67,-744,141,-212,-113,283,1018,84,107,-802,79,-147
81.5600,-255,-177,1025,207,-2048,-80,1041,749,-31,211,1043,193,160,1912,-892,-258,-1058,-45,990,211,-16,-362,823,-1970,502,269,1017,201,71,-1530,1951,-1108,-2048,-394,963,266,24,-791,530,20,1209,2047,1003,226,275,-815,-624,-1051,-136,524,797,1617,65,-740,141,-201,-112,272,1016,77,111,-783,88,-147
81.5800,-253,-179,1013,200,-2048,-79,1036,740,-26,214,1034,188,151,1909,-881,-250,-1046,-51,982,209,-22,-357,813,-1968,499,266,1007,204,60,-1528,1947,-1102,-2048,-391,952,262,24,-785,529,18,1194,2047,988,221,271,-809,-620,-1042,-133,510,786,1606,74,-732,147,-196,-107,270,1001,84,107,-779,79,-150
